RHip_x,RHip_y,RHip_z,RKnee_x,RKnee_y,RKnee_z,RAnkle_x,RAnkle_y,RAnkle_z,RBigToe_x,RBigToe_y,RBigToe_z,RSmallToe_x,RSmallToe_y,RSmallToe_z,RHeel_x,RHeel_y,RHeel_z,LHip_x,LHip_y,LHip_z,LKnee_x,LKnee_y,LKnee_z,LAnkle_x,LAnkle_y,LAnkle_z,LBigToe_x,LBigToe_y,LBigToe_z,LSmallToe_x,LSmallToe_y,LSmallToe_z,LHeel_x,LHeel_y,LHeel_z,Neck_x,Neck_y,Neck_z,Head_x,Head_y,Head_z,Nose_x,Nose_y,Nose_z,RShoulder_x,RShoulder_y,RShoulder_z,RElbow_x,RElbow_y,RElbow_z,RWrist_x,RWrist_y,RWrist_z,RThumb_x,RThumb_y,RThumb_z,RIndex_x,RIndex_y,RIndex_z,RPinky_x,RPinky_y,RPinky_z,LShoulder_x,LShoulder_y,LShoulder_z,LElbow_x,LElbow_y,LElbow_z,LWrist_x,LWrist_y,LWrist_z,LThumb_x,LThumb_y,LThumb_z,LIndex_x,LIndex_y,LIndex_z,LPinky_x,LPinky_y,LPinky_z,Time
0.39324272760067763,0.6505652161053697,0.926654882648353,0.3988019551396685,0.1875025716059735,0.9990094268446794,0.363608218668264,-0.2354349506444024,1.0219058832854284,0.3126165083815984,-0.2549091174149729,0.836685296093772,0.3806919537016816,-0.26027803900588825,0.8511207190202978,0.3517240357922965,-0.30643474652460495,1.1208561696179977,0.1633535508385146,0.6396931919180142,0.9865825289402848,0.17061806466789461,0.18320061407958704,1.0312089856276212,0.18109843396416142,-0.21116428692926942,1.0346404795842081,0.17191389032292975,-0.24791783930773106,0.8654948701533064,0.12238092254306135,-0.25262862194246477,0.9028224002042178,0.20617046475953438,-0.3103479929963095,1.1138482749955367,0.28394468292790975,1.2824793392678264,0.9279746138445306,0.28048264928135513,1.5543370152518883,0.9068584700607929,0.25828281022335126,1.404966321842534,0.8082018914162132,0.4641022460640643,1.1810111058535042,0.9437363952054981,0.5100358587965693,0.883512207466333,0.9000167996263051,0.4770688827189986,0.6002174762876096,0.8690895316353255,0.4068083343798678,0.48796678219665557,0.8623472552083173,0.41523128466570164,0.4356258005797129,0.8767170126771867,0.46231619593370854,0.4312912288301003,0.9073952831469919,0.10627782130957854,1.1891094275478167,0.9695010163831399,0.057625591729133036,0.8844649920811193,1.033847415297688,0.058642555695752906,0.6270805247682052,0.9573063986933144,0.10133319062002204,0.5248061019938799,0.9194380108951022,0.07212885855167837,0.4710287378146785,0.9128772203559903,0.05122928700756552,0.4566255712473727,0.9846720754753695,0.0
0.39372319812937945,0.6496022717437963,0.9270889506264479,0.39887224154941203,0.18692598972801538,0.9992706369424768,0.3628993298916001,-0.23617609466222927,1.0240500884968606,0.3123758434628445,-0.25500606515053353,0.8363230322509709,0.38081678338826935,-0.2579050041605808,0.8474627035970912,0.3508625910843492,-0.3066958018661765,1.1178765223338658,0.1643697814162033,0.6397738653729743,0.9873128480122733,0.17273375643419087,0.1838159766221953,1.0285159768179453,0.1816657324619352,-0.21113156102775615,1.034807661675068,0.17269320175616526,-0.24911498554343356,0.8675594269045871,0.12190421967253973,-0.2497204376519524,0.9020680809723809,0.20637498163951917,-0.3097963874756527,1.1139770770759094,0.2839327026217197,1.2824844092753616,0.9279333854255317,0.2805187551570823,1.5542422024038498,0.9067756489972187,0.2583853301579523,1.4049199028915416,0.8075525110661017,0.464527312481542,1.1814535958532004,0.9446960276242169,0.5102844924548572,0.8800574437404969,0.8996482348293809,0.47742019988283596,0.601677589179995,0.8658973187147319,0.40491869381659046,0.4902475959982936,0.8572280924754558,0.4154526094579868,0.43648298742151515,0.8769540498433311,0.46247867939891824,0.4346617284783292,0.9055102241705403,0.10619487069168008,1.187492543409261,0.9691150420866468,0.057597110722730736,0.8848195885185854,1.0334486258592022,0.05881333098720822,0.6271475225731556,0.9571346623045796,0.10284304828749148,0.5219877923897476,0.9201643070563292,0.07223664286198497,0.4708263054404077,0.912604252029729,0.04746864885222798,0.45931816082624144,0.976383427034084,0.0166666666666666
0.3941341980007534,0.6487755229052647,0.9274560687745151,0.3989198712618142,0.1863829710810174,0.9994904388301006,0.3623200568810621,-0.23686232929500378,1.0257703389823432,0.31238784539576653,-0.25519887396667273,0.8363194956270424,0.3806885190999648,-0.2572711571346609,0.8464926333450754,0.3501169857493017,-0.3069736947733261,1.1152831329403192,0.16516432179061316,0.6398938353744783,0.9879020841156201,0.174370277854822,0.18446383237080433,1.0261600956940164,0.18210336005472322,-0.21104981184400662,1.0349043131835074,0.173019619202247,-0.24954138390849512,0.8683325861816678,0.12159686599931625,-0.24788535416149482,0.90161640501027,0.2065390760941698,-0.30930501686927536,1.1140641506433524,0.2839260061653276,1.2824842054395995,0.9279230521047964,0.2805261907375209,1.5545301231561477,0.906647396185376,0.25840384449272674,1.4048874522281993,0.8074503898230625,0.4647494109568673,1.1815192391688156,0.9451848449562996,0.5104890622634463,0.8781998326741333,0.8995963796075943,0.4775713083180877,0.6021096336348891,0.8648474799482574,0.4036687957722749,0.49098648283667956,0.8540049277167236,0.41563562322113584,0.43636605795140826,0.8772403465829585,0.46242867103808416,0.4354260172846467,0.9045618600134416,0.10614874523869731,1.1864603289641473,0.9688780621167947,0.05761382076773198,0.8851947157982363,1.033189354354882,0.05884313051673411,0.6271855280503311,0.9570432460703541,0.10417862660358745,0.5211602684082337,0.9206253240134383,0.07374337146235029,0.47086059301334615,0.9125771369646924,0.045809810632437144,0.46112487742397135,0.9727869607583026,0.0333333333333333
0.39447976972991305,0.6480752852176855,0.9277611673171884,0.3989470547383876,0.18587386396946473,0.9996722804256789,0.36186296690165975,-0.23749635246068979,1.0271043581769834,0.31251397282870674,-0.2553769263311493,0.8364676976305617,0.38036444250117357,-0.2579857083373121,0.8476027968659039,0.34947944797080405,-0.3072645105744126,1.1130509029229876,0.1657582542824409,0.6400452017496486,0.9883623952952827,0.17557187466789254,0.18513754716275954,1.0241201576760408,0.18242348913625261,-0.21092097595371206,1.0349372001352373,0.17299840894130006,-0.24938302353859587,0.8681206180707298,0.12142663522477878,-0.24691651807338313,0.901405590668272,0.20666558289774492,-0.30886967365063633,1.1141128552189519,0.283923111953071,1.2824806972656486,0.9279346631280974,0.2805121207410694,1.555092228594952,0.9064912862699308,0.25835926222433403,1.4048663770610264,0.807752019749779,0.4647622347372322,1.1813205056043439,0.9451913870539446,0.5106523333684237,0.8775567220969575,0.8997705170323838,0.4775697338012324,0.6017720653553412,0.8654010253611787,0.4029428479204026,0.49055421854536513,0.8523127399558396,0.4157767668048705,0.4355438687401588,0.8775567423042552,0.4622255536586654,0.43422374277969344,0.9043399234077601,0.10613196792250039,1.1859004954882373,0.9687608892275648,0.05765769561866056,0.8855511881809952,1.033050494039158,0.05878163895980204,0.6272023098537092,0.9570106488406375,0.10533364080621793,0.5218285274833598,0.9209136776451442,0.07629310759355337,0.4710503122687184,0.912744338742874,0.04577477655098746,0.46221918261547495,0.972837048439046,0.05
0.39476395583197205,0.6474918743089695,0.9280091764791023,0.3989560024406448,0.18539901669784234,0.9998196096473402,0.3615206272184027,-0.23808086207725218,1.0280898695158887,0.3126156844100075,-0.255429604711722,0.8365606496701046,0.3799018352563014,-0.2596578681777175,0.8501854827612307,0.34894220593250624,-0.307564334597795,1.1111547337674998,0.16617266121238317,0.6402200643256082,0.9887059395962197,0.1763827926115069,0.18583048683540626,1.0223749781842242,0.18263829210025062,-0.2107469899325638,1.0349130885559696,0.17273483725344937,-0.24882589356941517,0.8672297926579552,0.12136130105031517,-0.24660707598990877,0.9013738562967738,0.20675733682450323,-0.30848615029319404,1.1141265503237952,0.2839225383792876,1.2824758542586177,0.927959267741208,0.2804837098861264,1.5558199698064328,0.9063248938955495,0.25827249234943367,1.4048540845985438,0.8083138929089351,0.464559477069829,1.1809698649637783,0.9447041937693508,0.5107770709158765,0.8777454598386871,0.9000799301751878,0.4774630021087487,0.6009233400444007,0.8670189649787717,0.40262505793445513,0.48932157895790207,0.8517865082165216,0.41587248105891245,0.43428527635853315,0.8778840764154074,0.461928710068121,0.43169455249411026,0.9046341470855597,0.10613706171495943,1.185700754257293,0.968734336172937,0.057710709030040316,0.8858498199277846,1.0330129381664606,0.058678540991883486,0.6272056366372682,0.9570153694654295,0.1063018061332909,0.5234975670491471,0.921121983830161,0.07952991449637328,0.4713141749417495,0.9130543209462667,0.04688555081067338,0.4627745379756645,0.975488061867334,0.0666666666666666
0.39499079882204385,0.6470156058070267,0.9282050264848911,0.3989489248300983,0.18495877757063528,0.9999358744132123,0.3612856050963008,-0.23861855606265536,1.0287645964341663,0.31255443878801187,-0.2552462915761529,0.8363913631542473,0.37935797902975477,-0.2618968470650649,0.853632979632711,0.34849748781805834,-0.30786925217183203,1.109569526959485,0.16642862490113666,0.6404105229294794,0.9889448750633885,0.17684727742376954,0.18653601722608992,1.0209033726387724,0.18275994134044443,-0.21052979035625327,1.0348387444714173,0.17233417041882038,-0.2480559831366366,0.8659663800295262,0.12136863717731355,-0.24675017451336642,0.9014594202461633,0.20681717264870342,-0.3081502392704075,1.114108595478969,0.28392280383831553,1.282471645923615,0.9279879151899022,0.28044812289109106,1.5566047978767608,0.9061657937068998,0.2581644438646856,1.4048479820492719,0.8089925013632152,0.4641348312018506,1.180579787051113,0.9437118049547181,0.510866040051893,0.878383393729037,0.9004339021074461,0.4772986390171161,0.5998219134051157,0.8691623088263141,0.4025996334879153,0.48765933990784005,0.8520612115224889,0.4159192068329842,0.4328591373772961,0.8782031883246029,0.4615975230739108,0.42847809395853564,0.9052342637789058,0.10615654958794479,1.185748816547076,0.9687692157068932,0.05775483475639519,0.8860514252995264,1.0330575799912207,0.05858352128845004,0.627203277054984,0.9570359067947315,0.10707683782271457,0.5256723845396152,0.9213428584472046,0.08309785541158929,0.47157089276766206,0.9134555471568648,0.04866413761428946,0.46296440507945025,0.9796943728341891,0.0833333333333333
0.3951643412152421,0.6466367953397678,0.9283536475591889,0.3989280323682608,0.18455349489232867,1.0000245226414235,0.3611504678003637,-0.2391121323348636,1.0291662623669227,0.3118385283489101,-0.2544581783196319,0.83531597290069,0.3788239601828172,-0.2639700628688898,0.8567908000819942,0.34813752181111035,-0.30817534862488255,1.1082701839845719,0.16654722766939808,0.6406086773883848,0.9890913597417472,0.1770095748427849,0.18724750417215597,1.0196841564598913,0.18280060925056127,-0.21027131380047165,1.0347209339072907,0.17193617421672722,-0.24733451555972286,0.8647535915002156,0.12140585232036519,-0.24706360534637678,0.9015687850351799,0.20684792514460412,-0.30785773305573527,1.11406235020556,0.28392086510358905,1.2824752928212722,0.9279997484710267,0.28041913956727144,1.5572243096378948,0.9060569613670875,0.25804465650341013,1.4048176788356106,0.8097142110130284,0.4633599293651164,1.180402350473533,0.9417771933396017,0.5109157268050002,0.8786833873876683,0.9006278073943417,0.47711782785831447,0.598763895539127,0.8714407476377446,0.40264543164654687,0.4861374137544961,0.852664273297478,0.4159067988310706,0.4317945129632595,0.8785107383249187,0.46134497855288803,0.4257792499603782,0.9057481462550776,0.1061819676118366,1.1858870977524474,0.9688309164297673,0.05774735682267563,0.8860332945380149,1.0331681326140858,0.05851291727832052,0.6272192493174304,0.9570153332414681,0.1076881490962634,0.5273975499072256,0.9220441673843266,0.08640867569258609,0.47159566013318716,0.913880082685664,0.05037681859357397,0.463186083047879,0.9838704628223288,0.1
0.39528862552668026,0.6463457585351033,0.9284599699266298,0.3988955355166448,0.1841835169674076,1.0000890022501019,0.3611077825956012,-0.23956428881184139,1.0293325907492656,0.3106463546846461,-0.2531400528657637,0.8334862386580383,0.3783024050469398,-0.2658972368071488,0.8597070205731225,0.3478545360953123,-0.3084787092853049,1.1072316063283894,0.16654955183786405,0.6408066275294473,0.9891575516762539,0.17691393060665747,0.18795831351094966,1.0186961450677874,0.18277246822432827,-0.20997349684091093,1.034566422889303,0.1716755450149442,-0.2468894029049513,0.8639698012460989,0.12144012806999595,-0.2473166519662184,0.9016407242298577,0.20685242908646406,-0.3076044241226358,1.1139911740246549,0.28391719845066754,1.282484200297464,0.9280010645289359,0.28039720689522074,1.5576967190470052,0.9059865431106218,0.2579772515757305,1.404776006940087,0.8100863608914626,0.4623659968092927,1.180480653280265,0.93916806700728,0.5109397786040941,0.8786235076684479,0.9006856369799137,0.47701762435819006,0.5982437341028788,0.8726500445414224,0.4026712470054506,0.48516818754877344,0.8531532528361567,0.4158268122725087,0.4311621544604735,0.8787309849035846,0.46121227695624534,0.4236079625390283,0.9061074420013229,0.10620639512169044,1.1859981278892342,0.9688899720198103,0.057608438275397925,0.8858070191894335,1.0334397514089826,0.058600565989413086,0.6272560083086829,0.9569303712998117,0.10799009414167494,0.528690362350843,0.9228534631282385,0.08943470438831806,0.4714593843338516,0.9142791452801822,0.05160173118979542,0.46338394736326594,0.9874036443922019,0.1166666666666666
0.395367694271472,0.6461328110209439,0.9285289238118482,0.39885364473676294,0.18384919210035694,1.0001327611573756,0.36115011674702296,-0.23997772341155316,1.029301305016302,0.3092428000192593,-0.25148931771416727,0.8311591084325705,0.3778750185458487,-0.26738092985181944,0.8619364462792448,0.3476407588543143,-0.3087754194814584,1.1064286954765667,0.1664566797272313,0.6409964731797893,0.9891556089118663,0.17660459045349167,0.1886618110798166,1.0179181538826663,0.18268769065547272,-0.2096382760532618,1.0343819774431653,0.17160482012475553,-0.24678886135147884,0.863741484760367,0.12144522780671305,-0.24741218927915834,0.9016566191992241,0.20683351924854193,-0.3073861049445681,1.1138984264573408,0.2839105076815936,1.282496730706378,0.9279875338158916,0.2803860406642323,1.5579589673749552,0.9059614053257723,0.2579323080817325,1.404728033035521,0.8102059834879156,0.46123694309362284,1.1807910155491002,0.9363776569004234,0.5109355834496176,0.8780598053985396,0.9005780032650383,0.47703051443695443,0.5982625939499235,0.8723013372441304,0.4027782044720015,0.48480470457354424,0.8532655420174691,0.41569086825240964,0.43090189204503226,0.8788248497333192,0.4611763146303813,0.4224002345219239,0.9062495934740349,0.10622379912553143,1.1860300520779248,0.9689249441651611,0.057339880135285855,0.8853974601765536,1.0338670813920303,0.05897004772654103,0.6272924417600283,0.9568327809960244,0.10806452300863312,0.5291956867558331,0.9235045915217754,0.09190829472140621,0.47117799284889056,0.914614797606493,0.052156207466386134,0.4636238344221483,0.9895091278023154,0.1333333333333333
0.3954055899647309,0.6459882684252,0.9285654394394784,0.39880457049012774,0.18355086859566194,1.000159247281373,0.3612700375196388,-0.24035513405196343,1.029110128603139,0.3078957985735645,-0.24977844192627774,0.82868581544633,0.37761524359338117,-0.26821206388384705,0.8631725334337671,0.3474884182717662,-0.3090615645417018,1.1058363529147333,0.16628969365819649,0.6411703141665333,0.9890976894935425,0.17612580012139198,0.1893513627161022,1.0173289983247336,0.18255844893772177,-0.20926758801321615,1.0341743635945897,0.17164669927700457,-0.24687034284682527,0.8638219684392213,0.12141935685018662,-0.24741563577778888,0.9016503754952785,0.20679403040509636,-0.30719856799499096,1.1137874670247043,0.28390102361440805,1.2825007292822634,0.9279570084699191,0.2803856228459653,1.5580091906441238,0.9059781492929913,0.2578959991396648,1.4047365287894797,0.8101125875855473,0.46006678354529607,1.1812164107593812,0.9342099352938105,0.5108849397540048,0.8771749045761297,0.9003533025612375,0.4771273362052135,0.5985203442275059,0.8706253037945291,0.4031386607883832,0.48478893944284407,0.8530610897931321,0.41551326285314827,0.43090527163425574,0.8788496829203841,0.4611821501412978,0.4223062316670995,0.9062206085235511,0.106220136918817,1.186022021248539,0.9688991600169268,0.057122114850214185,0.8849550100567602,1.0341998549512885,0.05965120753990233,0.6272975794559861,0.9568094974259095,0.1080626442600014,0.5286578113453166,0.9238651666025175,0.09359600052852304,0.47081279729191194,0.9148556627047745,0.05223016089003475,0.4638184422863083,0.9900115286354099,0.15
0.3954063551215704,0.6459024463757818,0.9285744470341543,0.3987505232382518,0.18328889475780757,1.000171908540222,0.36146011217845836,-0.24069921865103686,1.0287967849448838,0.3068003698610417,-0.24825835175464725,0.8264082253212607,0.3775440429051454,-0.2683755428556033,0.8634107471033694,0.3473897425313181,-0.30933322979439387,1.1054294801285172,0.1660696759514563,0.6413202503168021,0.9889959514662404,0.17552180534846284,0.1900203342571517,1.0169074938141958,0.18239691546480263,-0.2088633692964651,1.033950347369288,0.1717042402861536,-0.2469548157444569,0.8639288016173834,0.12137149985169127,-0.24740360874902656,0.9016554059022552,0.20673679733038608,-0.3070376057473628,1.1136616552478322,0.28389133950959744,1.2824716261781144,0.9279130596899141,0.28039181638715643,1.5579340106242274,0.9060150039491118,0.2579241211610176,1.4049138617051278,0.8095300710487917,0.4590658049500106,1.1816136572401497,0.933555589532178,0.5107995234349815,0.8763971707639365,0.9001407807463443,0.47727269374590553,0.598797380655073,0.8680787007911263,0.40379823784528146,0.4848867968491862,0.8528267429792449,0.41531960180265254,0.4312003933947983,0.8789238173821932,0.46121012444624343,0.42307113452759737,0.9060786338573541,0.10616778195698312,1.186026192596437,0.9687360087203482,0.05725432079815443,0.8847351278811708,1.0339990112645356,0.06059048396028295,0.6272565689586501,0.9569076164729119,0.10806776597432105,0.5271100344196827,0.9239140922286947,0.09435301787840492,0.4704742994661092,0.9149649762945153,0.05209353118536798,0.4637432458037543,0.9890870421756162,0.1666666666666666
0.3953740322571042,0.6458656605006001,0.9285608768205103,0.3986937134426477,0.18306361889127915,1.000174192852051,0.3617129079884915,-0.2410126751267374,1.0283989974766434,0.30610454422259764,-0.24712206168155776,0.8246415907729634,0.3776133837367168,-0.2681207813315397,0.8630470478646918,0.34733695981662005,-0.30958650056789333,1.105182978603548,0.1658177089277074,0.6414383814577181,0.9888625528749182,0.17483685187280873,0.19066209154031072,1.0166324557712583,0.1822152626304425,-0.20842755647870015,1.0337166947929721,0.1717452372206516,-0.24699513137813445,0.8639817960521183,0.1213143838057916,-0.2474075553881349,0.9016799547323552,0.20666465479866974,-0.3068990106751424,1.1135243506478114,0.28388383276503104,1.282401196866502,0.9278653804597219,0.2803987315054535,1.5578516031179008,0.9060438582395784,0.2580778675779682,1.4053324127929274,0.8081922740954322,0.45853191284924666,1.1818383849073473,0.9350426460281449,0.5107730991411698,0.8761491763264131,0.900065151497935,0.47745595654053596,0.5991022921237996,0.8650378286887227,0.4046703209011391,0.48501286583778247,0.85298126750737,0.4151539836424742,0.43185445245005005,0.879110192208499,0.4612705228043185,0.4242206877167639,0.9058890802497702,0.10606144051290221,1.1860616552442955,0.9684194509846151,0.05793015708140514,0.8849133131877875,1.0329580761635064,0.06166496801444095,0.6271753550809807,0.9571160383864565,0.1080644135848965,0.5249603800895625,0.9236825721098404,0.0941183972997966,0.4702706112205486,0.9149389422861621,0.05192803881293351,0.4632008959313797,0.9868145368004584,0.1833333333333333
0.3953126638864453,0.6458682264275666,0.9285296590231797,0.39863635156482713,0.1828753893005633,1.0001695481349868,0.3620209922147472,-0.2412982013970269,1.0279544896335242,0.305900616090153,-0.24648204228803006,0.8236227038314319,0.3777421558991614,-0.267800602698655,0.8626159901497951,0.34732229831132133,-0.3098174621905554,1.1050717498254534,0.16555487490764625,0.6415168074164054,0.9887096517645317,0.1741151854325338,0.19127000040292652,1.0164826996161263,0.18202566282836824,-0.20796208613560951,1.0334801718913527,0.17178104313162754,-0.24701646234270683,0.8640177374421772,0.12126229367348274,-0.2474319712447176,0.9017198981571748,0.2065804375842056,-0.3067785752517854,1.1133789127457274,0.2838775412694112,1.2823451341613519,0.9278286176225765,0.28040277936149827,1.557825355443288,0.9060475893930328,0.2583644110703279,1.4059685948265346,0.8061246359846991,0.4586285098132816,1.1817583604475768,0.938694516632289,0.5109449889481995,0.8766364676631749,0.90015645381361,0.47767432297155904,0.5995696645872933,0.8618520181732362,0.40561910648946764,0.48506336472667044,0.8538595785491856,0.4150621019278822,0.43277390696941864,0.8793760891129837,0.4613492641243706,0.42539516035694236,0.90574797739059,0.10597954594379962,1.1860977397687165,0.9681778856697312,0.059121655450260956,0.8854419830261515,1.031089729886251,0.0626538922285387,0.6270697262065037,0.9573823348921231,0.10799530925456881,0.5226992573702285,0.9232195348344613,0.0928381191268863,0.4702406849460074,0.914831599953972,0.05179611485738145,0.4621678144949303,0.983192764528823,0.2
0.3952010589897603,0.6458548783784679,0.9285178921464173,0.39861515592739194,0.18269487348218805,1.000189820031714,0.36260355086386575,-0.24141333298606532,1.0276144272971166,0.3061309513290831,-0.24630268463426386,0.8233624354482403,0.3778707194015408,-0.26760458073015225,0.8623817664312199,0.3473298489905658,-0.31015959856919173,1.1049851076753634,0.16568604411638155,0.6413648770892348,0.9886935183747498,0.17354746849868685,0.19167572309980452,1.016562022987415,0.18179443805768664,-0.20769964185259027,1.0331298505316053,0.17182361600903137,-0.24703443201077138,0.864059903084174,0.12122752516248853,-0.24747321402908082,0.9017682135000042,0.20653390351691567,-0.3066795653303067,1.1132766885877625,0.28386896768150016,1.2824118897199421,0.9278199010955976,0.28040387150940194,1.5578525464105077,0.9060238363736965,0.25874527164201927,1.4067303597765932,0.803591381501976,0.4592419205508461,1.181306770506681,0.9438369255510346,0.5113774756806634,0.8777544825479789,0.9003373921992613,0.47791001818224527,0.6002853184161833,0.8589286168953988,0.40651983316112617,0.48482461067390603,0.8554794922968075,0.415061390403957,0.43371285123462866,0.8796551541287833,0.461387993497381,0.42644852752730633,0.9057190178500812,0.10606979468419381,1.1860719838126266,0.9684434382540896,0.060664495324597514,0.8861292734584783,1.0286485349874328,0.06327195924926574,0.6269468162706192,0.9576422039199989,0.10783135559427273,0.520545345498764,0.922612937907229,0.09051924137287976,0.4703214396028069,0.9147168419890339,0.05169098569519992,0.4607759273346773,0.9786555335934675,0.2166666666666666
0.39512347841099377,0.6458620303974623,0.9284906345475608,0.3985913536077185,0.18261376584330835,1.000228617907283,0.3631562093469143,-0.24171710534141572,1.0275594351567092,0.30651550771187164,-0.24636118302260407,0.8235621119260949,0.3779749028869834,-0.2675169303629271,0.8622913197235582,0.34732696614008113,-0.3103417212258786,1.1049317151333302,0.1657503602847977,0.6411563194105339,0.9886675430075839,0.17315626143731228,0.1920802611878159,1.0166304046106658,0.1816191934154628,-0.20720436855104046,1.0328975601955166,0.17186933141866712,-0.2470428120401663,0.8640949092289082,0.12121663497195706,-0.24751664106091364,0.9018052381003359,0.20646984809106647,-0.3066242716520303,1.113165210824681,0.2838557452126904,1.282678711957009,0.9278520068536129,0.2804033384736703,1.5579081423349355,0.9059796268356508,0.2591643575126917,1.4075042272858915,0.8009517534759392,0.4601146474602974,1.1805701130001753,0.9493816771252479,0.5120083464810969,0.8791671859630482,0.9004910607343097,0.47812947763841307,0.6011911516866114,0.8567020341991234,0.40727728915407757,0.48420003647189613,0.8575134400019528,0.4151355394215646,0.4344164690200182,0.8798832487687835,0.46133414812108914,0.42725522660616344,0.9057631113465854,0.1064383387734813,1.1859384731070173,0.9695244812148947,0.06236371240943553,0.8868018958851976,1.0260007542061365,0.06331238967710248,0.6267968492780055,0.9578445039759009,0.10761668926587817,0.5184843016795628,0.9220938067758145,0.08744992103547956,0.47037477246296255,0.9146399047079584,0.05160659298872309,0.45924251943471256,0.974252833133047,0.2333333333333333
0.3950676220086226,0.6459051854202807,0.9284522757506141,0.39856864773013123,0.18264567408139915,1.0002761333498844,0.36363376750529747,-0.24207203491221463,1.027577072468153,0.30672104358210334,-0.2464030561250936,0.8238049696019579,0.3780463673939958,-0.2674744594292934,0.8622375198247857,0.3473345116809058,-0.31038181089447114,1.1049658281521915,0.16574640563172216,0.6409335001365991,0.9886279352784278,0.17293582450308906,0.19248172914283512,1.0166783876904442,0.181550006929908,-0.20648255168864502,1.0327994099100137,0.1719038774489946,-0.24703449300232674,0.8641172409713108,0.12122643588890171,-0.24753966406822023,0.9018131129297512,0.20637697548152764,-0.3065818074240743,1.1130374054346737,0.2838384367344604,1.2831392591893491,0.9279251011609657,0.28040191558511884,1.5579709050922421,0.9059264380981309,0.259560945173039,1.40818025676223,0.7985784360450574,0.46105944594120274,1.1798002754151562,0.9542138079008297,0.5127349739107855,0.8805440477916064,0.90055158309483,0.47830040605873536,0.6021013305663461,0.8554817913152626,0.4077979816969578,0.48336072745004843,0.8595227558979892,0.4152564879126258,0.4346634568774669,0.879978232001111,0.4612078492118319,0.42754719204488556,0.9057574370634147,0.1070740619250028,1.1856971415233615,0.9713948120468159,0.06400197310911537,0.887361977988782,1.0235241958231431,0.06276941236063327,0.6266352392040115,0.9579421073020704,0.10744012951302212,0.5166267116910379,0.921948505112793,0.08433457260266447,0.4703005846190091,0.9146037876103661,0.05155834235932116,0.45787965857093227,0.9712141644286001,0.25
0.3949943311469493,0.645968653592587,0.9284141456709758,0.3985475698656599,0.1827670186568689,1.0003112232245246,0.364034741764212,-0.24230804512514809,1.0274123362946264,0.3067032834300015,-0.24638625049993207,0.8238573739344214,0.37807918753518027,-0.26748553577833245,0.8622449447911816,0.34738203232032955,-0.3103450551810094,1.105152772596724,0.1656977032288889,0.6407138524159294,0.9885803624212225,0.1728665492713186,0.1928827596857397,1.0166879888451734,0.1816235635320023,-0.20564763825051927,1.032795245712508,0.17191416440278356,-0.24702571876593002,0.8641840909544679,0.12123820181545589,-0.24753998101330058,0.9018302325531183,0.20624839170981912,-0.3064999602953512,1.1128825294773312,0.2838190348792533,1.2837280835641602,0.9280246923455808,0.28039982036357075,1.5580263289417933,0.9058764900082122,0.25987540560187206,1.4086675176817494,0.7968064345189145,0.4619874960990296,1.1792636725771173,0.9574643794442039,0.5134890065337648,0.8817020188183947,0.900522915908343,0.4784140983501891,0.6028065466931425,0.8552015601621712,0.4079624220405041,0.48255526362287443,0.8611280837954521,0.41539535598293903,0.4342387742947437,0.8798492534078037,0.461103444220052,0.42701328658336524,0.9055722936280128,0.10786990178186806,1.1853828927362868,0.9737827233886753,0.06529277460053162,0.8877594381950713,1.0215221187718826,0.06183111092388613,0.6265676951790143,0.9578818834007061,0.10736723800717417,0.5154475069214913,0.9221893914723094,0.08208132503536604,0.4701527303778088,0.9145768754446753,0.05156167773639858,0.4571229501513018,0.9703435870744492,0.2666666666666666
0.39487581805033406,0.6460091557856154,0.9283867238921852,0.3985211424469402,0.18293072879220323,1.0003214788043506,0.364366061589436,-0.24238316212921796,1.0270134164803177,0.3067515693148851,-0.24647533875180366,0.8237379711952761,0.3780690106042388,-0.26762979408181253,0.8624515631843107,0.3474505109796701,-0.3102714995761363,1.1054167228047993,0.16562755657664904,0.6404860410757783,0.9885358614875628,0.1729466822418329,0.19327852521533234,1.0166520311258607,0.18184807347311957,-0.20483222895368441,1.0328279711250368,0.1718936542741692,-0.24706118937384766,0.8644147574224009,0.12122053819141157,-0.24755608512601013,0.9019728437462036,0.2060935123536384,-0.30634770616398377,1.1127008980216648,0.2837990327613269,1.2843605623174743,0.9281283580461261,0.28039786552403545,1.5580661875585187,0.9058403646646733,0.26006216321991926,1.4089169422977208,0.7958511954886783,0.46280923133437213,1.1790771717709392,0.9586712916719822,0.5141978932240578,0.8825234365318176,0.9004211687145856,0.47848421798042007,0.6031905378230513,0.8553308053008362,0.4077040433599811,0.4818949857556937,0.8619392788070549,0.4155162028365994,0.43300985260545655,0.8794559212182795,0.4611140512940553,0.4255260844958064,0.9051802678412174,0.10867741147445488,1.1850437562573692,0.9763312014978491,0.06591507384250939,0.8879754388707992,1.0201595544106317,0.06076096045898385,0.6267551576723832,0.9576463718261756,0.10741717513572957,0.5155865917220189,0.9225056923592212,0.08134026864276546,0.4701064562167462,0.9145272746054863,0.05161784171472421,0.4574058805682435,0.9717213679873394,0.2833333333333333
0.39470938620250545,0.6460100955665895,0.928368958591407,0.39848222836724756,0.18308016497822704,1.0003118557333177,0.3646325484980811,-0.2423619578540296,1.0265554413303197,0.30714661388028647,-0.24683036628576394,0.8236422883543395,0.3780258288786993,-0.2679353222978857,0.8629074047784155,0.34749451255967584,-0.31018635427215774,1.1056038930733547,0.16557439790786022,0.6402159428352637,0.9885053674052359,0.17315539265206215,0.19363813522254286,1.0166135207051372,0.18217613940262561,-0.20411198513298687,1.032857381852012,0.17185084251938298,-0.24716587377142485,0.8648485524190404,0.12115953617165012,-0.2476163954675049,0.9022958254453435,0.20593668485684066,-0.3061308920697021,1.1125132441220515,0.28377961782936545,1.2849491178857781,0.9282153074205124,0.2803971615119165,1.5580889845878805,0.9058242166889444,0.2601156441869887,1.4089510178050753,0.7956809318282531,0.4634093990532204,1.1791980994893099,0.9579124609972742,0.5147050507648361,0.8829092544281381,0.9002485175447636,0.4785099668347785,0.6032241338833462,0.8552700938099244,0.4071186585893084,0.4813649426151455,0.861616796100793,0.4155814747432993,0.4311118743907426,0.878861728737205,0.4612979346096933,0.42326555487149353,0.9047588083299616,0.10936945514338135,1.1847290837695663,0.9786801384534745,0.06568905505039926,0.8880301227441963,1.0194486054860041,0.059772494004873444,0.6272838197183647,0.9572850577617688,0.10757389187835076,0.5173739959981423,0.9226067832859587,0.08219699551625903,0.47032705098890315,0.9144816958824906,0.0517139235541118,0.45885993564621674,0.9748501021548202,0.3
0.39450136181763357,0.6459871235386476,0.9283514132094517,0.39843538625213903,0.18314416791052957,1.000303572456537,0.3648337551127231,-0.24231055380621494,1.0262479017010921,0.3079198701661568,-0.247507416885538,0.8238716786216769,0.37799488327259523,-0.26821195249776564,0.8633239538013788,0.3475076518130278,-0.3101477622330208,1.1056735441919001,0.16560166739418195,0.6398519832599966,0.9884952141326218,0.1734389600298908,0.19392609564341506,1.0166211917597088,0.18252398856271823,-0.20350590238797317,1.0328781757638619,0.17182897431823163,-0.24726160448759632,0.8652275697483705,0.12110290398289664,-0.24763708692875128,0.9025435573723499,0.20580419525378552,-0.3058898962623587,1.112360389103948,0.28376281564689443,1.2854105384651406,0.928272281955702,0.28039791942572134,1.558099640580432,0.9058255821575856,0.2600861071670473,1.408869474630713,0.7959670378073889,0.46373964858553957,1.1794944949938404,0.9558813562585826,0.5148059751596218,0.8828696513170494,0.900025358172383,0.4784596974559259,0.6028397608223036,0.855027319364148,0.406402437664089,0.480932431547224,0.8601565180708135,0.41557746387756256,0.42899900641635347,0.8782236454331381,0.46175121995232615,0.42059407968984336,0.9047056529558707,0.1099089768189872,1.1844840014911893,0.9805083034635752,0.06472392397222702,0.8879663202696255,1.0193385681172427,0.058998587001294886,0.6281100034007705,0.9568724482192228,0.10779214700411627,0.5206345921778194,0.9224071162422717,0.08423949359488864,0.47091762546456944,0.9145394427155039,0.051816193893169174,0.4611618643861984,0.9789771142290434,0.3166666666666666
0.3942675752453427,0.6459551481443853,0.9283324358776696,0.3984012099429454,0.18308029299503653,1.0003217007026162,0.36496140945147937,-0.2422444112160726,1.0261842104872527,0.3089185358091582,-0.24843898402103917,0.8245974045386428,0.3780451409464415,-0.2680865561643978,0.8631328064278941,0.34751715165176095,-0.31020111462614985,1.1056977038112537,0.16576614521971644,0.6393686545106794,0.988515310656243,0.17374969134794874,0.19412011388782752,1.0166933989497533,0.18282382200873537,-0.2030141937755872,1.0329135172464192,0.17190218852302075,-0.24716478726668076,0.8650369083453707,0.12116011884977464,-0.24741111469616817,0.9021478042862409,0.20571543394915626,-0.3056943988113795,1.1122846018449886,0.28375083518942623,1.2856897124714926,0.92829549399993,0.28039945772913166,1.5581055668733972,0.905834740189184,0.26004504515671356,1.4087901630970328,0.7962865898303094,0.4639057132343827,1.1798177250307307,0.9536072538966401,0.5144114716583832,0.8825253569929694,0.8997950922673135,0.4783141596838796,0.6018903734442874,0.855424145913935,0.40570414479411904,0.4806089143256459,0.8580516979574263,0.4155291151275866,0.4272179953678221,0.8777063281268772,0.46261296338664193,0.4177955904031777,0.905504110204825,0.11035548207812478,1.1843402786809452,0.981597294076767,0.06332784637550755,0.8877936027137994,1.0198521496052457,0.05851594146145246,0.6291156734117962,0.9564636942356494,0.10801111174195512,0.5248865787677036,0.9219279541041161,0.08681796599488464,0.4719210793271217,0.9147409548648782,0.051872309015453075,0.46378481278810585,0.9831818516599465,0.3333333333333333
0.39405228300963585,0.6459132721723986,0.9283274152526901,0.39840044023282595,0.18294230354909086,1.0003723855812423,0.36500026658953744,-0.24214835714223626,1.0263579675703218,0.30995157801368595,-0.24939171408298683,0.8256185223946506,0.37822089664329755,-0.2672786422925833,0.8619034084885898,0.3475368570014201,-0.3103044578221566,1.1057346618446096,0.16607923121105173,0.6388097195701505,0.9885832099023955,0.1740789337301673,0.19421756134922902,1.0168054458864513,0.1830500320240844,-0.202628366115718,1.0329810887678061,0.17213012075677325,-0.24670100043469098,0.8638552279581997,0.1214361741737223,-0.24674483413853965,0.900607020399735,0.2056794171699412,-0.3056215676612264,1.1122956582902839,0.2837437181272549,1.2858004806197993,0.9282924072967393,0.28040098417923826,1.5581115521572628,0.9058423085851957,0.2600289349184079,1.4087689075461594,0.7964196962685932,0.46406584309341553,1.180084201705097,0.9518551706136755,0.5136368463146522,0.8820021687184563,0.8995763722663164,0.4780985734569505,0.600380161627417,0.857264267638257,0.40509682553729454,0.48045827732593227,0.8561069491498356,0.4154798703076892,0.42611018106153836,0.8773930026620791,0.46392865958799145,0.4150925414613815,0.90739443331665,0.1108062687643119,1.1842980124550482,0.981955830579208,0.06177811733106553,0.8874647727887968,1.0210761138135134,0.05832226766829211,0.6301632700805126,0.9561025528761824,0.10817246633333216,0.5295086409550084,0.9212253893504372,0.08923774021789124,0.47329976822894404,0.9148663127571302,0.051843061384472464,0.4662974164227385,0.9864275939040934,0.35
0.3939235164857457,0.6458527375896221,0.9283546474288727,0.3984319223567109,0.18285707138064589,1.0004334969902169,0.36492627887143114,-0.24200580260624824,1.0267168813846954,0.3108685316481271,-0.25004453631833545,0.8265021547065412,0.3785143981480734,-0.2657825105735488,0.8596193794950001,0.3475532384009869,-0.31034757018228964,1.1057779003480985,0.16651362283191318,0.6382583885915157,0.9887024118768293,0.17444060506331163,0.19424550723272183,1.016871330614505,0.1832064872454029,-0.20232068767361783,1.0330664714417144,0.172506741558608,-0.24582948162975138,0.861589602720923,0.12194255848075516,-0.24563865355805561,0.8979085448650929,0.20569504821448673,-0.3057146404793813,1.1123689056689618,0.283738898863784,1.2858221717673013,0.9282799630582853,0.28040197015434515,1.55811956386671,0.9058435622909036,0.2600313649431094,1.4087922953908842,0.7963919848582027,0.46420982548935324,1.1803126954781151,0.9507346643099209,0.5126986097430283,0.8813912629697497,0.8993253318219466,0.4778328606122131,0.5987362172090185,0.8601670387447964,0.4046623666895266,0.4804785640782743,0.8549732864413164,0.41545591996281145,0.4256815015691441,0.8772809152179146,0.4655798445023012,0.41284003759101195,0.9100236915163595,0.11135715381059946,1.1843148063462576,0.9818922450006833,0.060242059062677,0.8869469838487766,1.0230201542466593,0.05830072842038493,0.6311048639495049,0.9558579100409502,0.10822998728476887,0.5337434628403329,0.9203856152810959,0.09089282918577371,0.4749424387314469,0.9144916420322504,0.05173351480640922,0.46832583131486316,0.9880546425808748,0.3666666666666666
0.3939163001960639,0.6457752817880891,0.9284065607922268,0.3984740344002668,0.1828992532735872,1.000477744628355,0.3647182945655875,-0.2417973022694188,1.027154096049375,0.311573152139728,-0.2502007207111729,0.8269756662243211,0.3788817989659918,-0.2638007742433255,0.8565808095222958,0.34754446775480474,-0.31025435052022937,1.1057864615472104,0.16703131377136812,0.6377832404377484,0.9888462916386999,0.1748160409729076,0.1942565255716761,1.0167736747706035,0.18330630600397055,-0.20206411508906202,1.0331407634766874,0.1729357035883556,-0.24472249192524648,0.8584953544911366,0.12255030130789342,-0.2443872476445448,0.8946702363478397,0.2057542754428404,-0.3059499910501362,1.1124876378577837,0.2837349459132841,1.2858051214325017,0.9282696522006599,0.2804022488449052,1.5581317889369741,0.9058372347652415,0.2600340052612857,1.4088274770722335,0.7963043814926614,0.46413783089801114,1.1805414206916502,0.9499169384161978,0.5117713655543875,0.8807351462429794,0.8989625233121697,0.4774529555957347,0.597627100894252,0.8626336974745556,0.40455054541565194,0.48042967991066454,0.8548648247578382,0.4154467316592512,0.4256565274862323,0.8773477082835273,0.4673517907705911,0.4113536100701587,0.912537418847349,0.11206421607641323,1.1843328870501373,0.9818162342884256,0.05885940284542466,0.886313908163918,1.0255678428903445,0.05828729733599955,0.6317852989662112,0.9558431149316772,0.10816614455391019,0.5368144026824702,0.9195149092065134,0.09143593234044955,0.4766700507307837,0.9133303951657042,0.051587727684369686,0.4695261716479814,0.9882137544509756,0.3833333333333333
0.39398313734671425,0.6457154681702092,0.9284451218665931,0.39850566690837674,0.1830202125558636,1.0004985541884832,0.36439208097640097,-0.2414951341038676,1.0275068431207526,0.31199817437410915,-0.24996309807127182,0.8271778691279266,0.37927141378401186,-0.2616224452776103,0.8532260864248429,0.34750351726389606,-0.31004602697805184,1.1057366590159228,0.16758190491440758,0.6374298169450299,0.9889774482546331,0.17511131981514794,0.19429928014419517,1.0164782110222805,0.18336675935347765,-0.20188233428675073,1.0331974642100303,0.17326511854795743,-0.2437561527042366,0.8552191442619517,0.12304685879541771,-0.24347103221646302,0.89186598249482,0.2058387601181106,-0.30623977361226684,1.1126558948556613,0.2837348208021737,1.285700946571029,0.9282534258129704,0.2804020995917256,1.5581500232030756,0.9058246900510503,0.260026637351189,1.4088502446913302,0.7962205105251314,0.4636691244469199,1.1807017125109802,0.9491403900472337,0.5109606873435435,0.8799803905505642,0.898514143249839,0.476796105375213,0.5974218675413377,0.8633508462846469,0.4048876032525912,0.4798774974417445,0.8557217469477287,0.4154179559808078,0.42560490404665513,0.8775758082441868,0.4690197628470536,0.4105558404238938,0.9141565575124067,0.11288692731011085,1.184324370538453,0.9819213367645013,0.05778013813303687,0.885731730403388,1.0285257356660824,0.05820894940211244,0.6321021979644694,0.9561025491742832,0.10800390517110237,0.538263936562471,0.9187318139813246,0.09092479899987803,0.47823858580697215,0.9114244542112038,0.05145797734710318,0.469789807388068,0.9876104297490561,0.4
0.3940301770412562,0.6457362818601433,0.9284346364565019,0.3985201455033887,0.18312363925749603,1.0005061550500502,0.36401035099210494,-0.24109033937856006,1.0276441192188972,0.3120874371675335,-0.24967595398475384,0.8274885057985837,0.3796363347752065,-0.259573573765827,0.8500623355930862,0.3474439016810378,-0.3097990158501547,1.1056476519104361,0.16809324299680473,0.6372279377137716,0.9890761837070362,0.17520408523832523,0.19439338723738614,1.0161110827225748,0.1834069883417298,-0.201849463820459,1.033259036771872,0.17337375877313108,-0.2433437487309262,0.8526914700488695,0.12325854195463523,-0.24328159512355918,0.8903170842866576,0.20592126305059547,-0.30647881091346285,1.1128674348529368,0.28374292608957113,1.2854284310757755,0.9282117619112555,0.28040223042431134,1.5581707340939688,0.9058110414295747,0.2600091981474389,1.4088409840868403,0.796160854405918,0.462792396269571,1.180649202553849,0.9483546936348797,0.5103358809322303,0.8789974355232361,0.8982904635183682,0.47570633057818523,0.5979305405869092,0.8620983124750704,0.405613723802158,0.47842334318573315,0.8574145664537043,0.4153661050624417,0.42511934069889223,0.8778452070849172,0.47042219897433535,0.4100232658082791,0.9145922962061548,0.113694367234763,1.184304280764164,0.9821430218547158,0.05711274156053729,0.8853723374671996,1.0315451989009226,0.058136797548556746,0.6321236963674294,0.9563839094540758,0.10778689309151465,0.5381988349614993,0.9181289218606328,0.089806269510806,0.4794398756799537,0.909031780156074,0.05137445027862766,0.4692874134319692,0.9869042888101321,0.4166666666666667
0.39399370652033905,0.6458637614624477,0.9283708165852438,0.39852295057703285,0.1831649180236517,1.0005108260214832,0.3636399287422162,-0.24061645043658725,1.0275504014085524,0.3118345451263252,-0.2496092887500805,0.8280368421351119,0.3799283321827565,-0.25798467905565853,0.847607814227892,0.3473861968513682,-0.3095733697919149,1.1055591075477622,0.16850083570232838,0.6371762412368875,0.9891411672872034,0.17505425236582298,0.19450895216040703,1.0158905334278914,0.18343827565430917,-0.20200543053790077,1.0333511522637837,0.17322126569729096,-0.24372766167783036,0.8517117974928763,0.12311427886102357,-0.243956032396353,0.8904153299263569,0.20598536007225168,-0.3066107524610295,1.1131019107179656,0.28375997863647023,1.2849628450513482,0.9281302751312533,0.28040375727321437,1.5581848212379,0.9058040013396909,0.25998757078669377,1.4087796569766953,0.7961256251230386,0.4616360764958071,1.180316686505078,0.9475805543872096,0.5099367173328494,0.8776510915067388,0.8987838240954622,0.47421509195781164,0.5986747052057501,0.8594950613185782,0.406473290050767,0.47587356485466165,0.8596604715694525,0.4153876932871199,0.4240755666198719,0.8777973531194171,0.47149140320846783,0.409358356334912,0.9139602157375917,0.11433236458060804,1.1843074618419256,0.982345996058237,0.05688051647162779,0.885386109410976,1.033950826734053,0.058203823685405005,0.6321146729466398,0.9561544179362353,0.10755362556786509,0.5371455021777098,0.917736862778264,0.08864173906151324,0.48021502021400775,0.9064693648964922,0.051336918490054485,0.4682833122634373,0.9863440566249699,0.4333333333333333
0.393874379259324,0.6460304567672559,0.9282766141151941,0.3985213515791899,0.18315870322121003,1.0005149166810878,0.3633104492010194,-0.2401319366995419,1.0273019146335163,0.31130764507686004,-0.24973713762120153,0.828552320499011,0.38010011037756186,-0.25710159410056327,0.8462412971996442,0.3473419720277008,-0.3093861495192461,1.105491404392165,0.16878394878107664,0.6372339483811983,0.9891708426157594,0.1747337932605483,0.19453774403094665,1.0160210187299528,0.18345940960730886,-0.2022909270335912,1.033476147158638,0.17283440531856126,-0.24490679350541417,0.8525945977484904,0.12263200161070625,-0.24540666502820008,0.8921488751993795,0.20603830843941978,-0.3066514200257675,1.113338423665839,0.2837830248046056,1.2843390415640912,0.9280068759520521,0.28040780500046114,1.5581886147204693,0.9058085199349709,0.25996802137343933,1.4086692035097648,0.7961117651069265,0.4603820712493276,1.1797655368624702,0.9468177479031415,0.5097479335334995,0.8758512156059909,0.9002727700179307,0.47257757833385017,0.5992793314087042,0.8563075526433204,0.40721323687326627,0.47228766388501475,0.8619562228244637,0.4156535731657672,0.4227464220237962,0.8769544239303826,0.4721811769103622,0.4084531613038474,0.9124543216040437,0.11468851802267842,1.1843527141321908,0.982448829037812,0.05702580203427068,0.8858956908491096,1.034909855348483,0.05849132339511194,0.6323637283134524,0.954975897966689,0.10733584590620365,0.5356485523804737,0.9175691619504337,0.08775942925893201,0.4806193960258783,0.904054517506375,0.051338813808322434,0.46701202240145523,0.9858537117027647,0.45
0.39372407809227083,0.6461285433722707,0.9281802069935916,0.39851725500325635,0.18313652413666626,1.0005127731394408,0.36302068115418246,-0.23971178187381548,1.0270277258794844,0.3105818368820916,-0.24986859656808205,0.8287757835340429,0.3801389189471935,-0.2569410610232522,0.8459831531309764,0.34730478544599147,-0.30921654562839446,1.105420143779068,0.16895274920382244,0.6373491610269277,0.9891575883123191,0.17434033434961854,0.19434413804738243,1.0166208199458864,0.18346188947086384,-0.20260180654485466,1.0336075286857223,0.1722913044278443,-0.24666532254128876,0.8550772977327842,0.12190495002413017,-0.2473772038677202,0.8951046357479908,0.20609686418521958,-0.306651134925742,1.1135450465395182,0.2838084633785583,1.2836361145262833,0.9278562513695201,0.28041428883398656,1.5581967627088735,0.9058198422706292,0.2599529317689292,1.4085800068432357,0.7961195161503204,0.4592140227155126,1.179105205105566,0.946102346735084,0.509676368560293,0.8736260975756786,0.9026260032201173,0.4710952774952678,0.5995716301275672,0.8532172392870032,0.4077615209293074,0.46796589224432406,0.8638215313276933,0.4162687988529468,0.4215735210014552,0.8750870274444642,0.47243599664563235,0.40751214327608754,0.9101311451645852,0.11475622385446939,1.184437993667647,0.9824552179615595,0.05743163070148178,0.8869100523825555,1.0340259983711477,0.0590006304502511,0.6329912421527845,0.9527877468740147,0.10715840626405737,0.5340018581302313,0.9176477127791834,0.08717013980365107,0.48073978462005873,0.9020695211664076,0.051399277267454815,0.46565672686211135,0.985327688583672,0.4666666666666667
0.39360928929953454,0.6461105616664252,0.9280997864461864,0.39850790061314123,0.18311948771669673,1.0004963826993596,0.36277127095502615,-0.23945532759800042,1.0268995798293337,0.30968805932628374,-0.24987359235185813,0.8287254462453129,0.38009283136716243,-0.25722776922103596,0.8464121140229383,0.34724673989142774,-0.30901558626285414,1.1052704339487582,0.16901374965255586,0.6374900871534136,0.9890989057770307,0.1739148655912599,0.19390710119127263,1.0176315544842243,0.18343424759373733,-0.2029006765893916,1.0337126779239265,0.1717170062739066,-0.2486258537562644,0.8584016627669223,0.12110003766807592,-0.24947061821768235,0.898450856882942,0.2061670326406668,-0.3066525416581292,1.1136889476687224,0.28383189259451985,1.282997131625288,0.9277124171854487,0.2804213558331802,1.5582394750083808,0.9058229332732357,0.25994092554023446,1.4086380915970333,0.7961490541858689,0.45828917313851963,1.178414665459901,0.9456589384349046,0.5096004680929813,0.8711625496970166,0.9054669193449263,0.46997471887881814,0.5994600742342596,0.8510698968205337,0.40816346210715415,0.4634038270290862,0.8650531305424507,0.4172025505969321,0.420864465859057,0.8724103244250564,0.47233562594390355,0.40687373471461374,0.9070165646129511,0.11466692757086419,1.1845728995947087,0.982464734663758,0.05799112618603526,0.8882374190490598,1.031684416230041,0.059697033773165195,0.633937889797177,0.9498553286254552,0.10702841756561243,0.5323214665610305,0.9179294647510359,0.08673457223031156,0.48070118900733994,0.900682157118948,0.051563093199979246,0.46437152959670047,0.9847770364190271,0.4833333333333333
0.3935807488789877,0.6460097317901823,0.9280420509739271,0.39849052943062824,0.18311037639455296,1.000462925132796,0.3625922337378736,-0.2394457986503374,1.0270561061387762,0.30867944450095336,-0.24969079105859687,0.8284531483513801,0.3800355916247725,-0.2575837185695569,0.8469548486631248,0.34713554370224625,-0.30873760940877576,1.1049650576171965,0.16896355694920273,0.6376527691641729,0.9890081771776377,0.17345012273259391,0.1933431722877051,1.0188227322530907,0.18336462290678,-0.20324321891522432,1.03377856469127,0.1712475000116415,-0.25037158612800625,0.8616384242035562,0.12041985704089239,-0.2512279133112772,0.9012117559281855,0.20624335309071237,-0.30668543601241366,1.1137729410348167,0.28384652959306833,1.282612025218374,0.9276157238474808,0.2804272056186595,1.5583255998938998,0.9058080223455282,0.25993238417687137,1.4089361113726677,0.7961976811518982,0.45771626901521734,1.1777577482526373,0.945756197981027,0.5094591447626612,0.8687419029699199,0.908375602701762,0.4693402131779752,0.5988898657742714,0.8508102404239011,0.4084212726535552,0.4591976918559724,0.8657141291532334,0.41836795125883297,0.4207067487495051,0.8694310950320402,0.47215802936052775,0.40682234366972986,0.9031076970988428,0.11460795881924182,1.184760072903297,0.9826270878869356,0.05871347198821973,0.8895252574153865,1.028692475319516,0.0605133359993789,0.6350204845534653,0.9466555646710801,0.10693853595456612,0.5307357102804622,0.9182859027034274,0.0863191678365727,0.48063463502486525,0.8999154027369034,0.05184262682965926,0.46333543862307003,0.9843057852570568,0.5
0.3936696795140926,0.6458832130649159,0.9280058138317535,0.39846699713691563,0.18309083141491195,1.0004175625087193,0.3625437796942469,-0.23970148220412602,1.0275223942262877,0.30773078647967134,-0.24925222217589543,0.8278433161576935,0.3800090646294461,-0.2578099456819233,0.8473067694135734,0.34697830494728976,-0.3084026130520053,1.1045320229049391,0.16880793379026596,0.637853627097187,0.9889065878161453,0.17295552700520156,0.1927564963731344,1.0199690244483213,0.18324713011910135,-0.20370918779106212,1.0338076014941397,0.170970158492717,-0.2516032660773607,0.8640954885489573,0.12002686296125753,-0.2522651918102431,0.9027693410928468,0.20632285675204715,-0.30677786540497276,1.1138335457236253,0.28384559179252933,1.2826221986212443,0.9275915210217408,0.2804324861786913,1.558388847024909,0.9057904556813019,0.2599336947379143,1.40947275154225,0.7962659424346529,0.4575103824049922,1.177237749991208,0.9463406000894884,0.5092673512512329,0.866658943288384,0.9109616323532574,0.4692491015899882,0.5980091719693028,0.8526345509664761,0.40847915601591245,0.4559174818086947,0.8659607986014324,0.41970039986337526,0.42105165131600003,0.8666203184021567,0.4721807785921842,0.4076453194424145,0.8980292427679206,0.11466672354559718,1.1849492934734323,0.9829808181766279,0.05968259462205522,0.8904259617234647,1.0257070141502613,0.061294343257336174,0.635912300598217,0.943881247713615,0.10688383258433767,0.5294138413503685,0.9185998995578382,0.0858291766087356,0.480533899495013,0.8997788841679425,0.0521636397764039,0.46273288688924075,0.9840333954035203,0.5166666666666667
0.39388667174143466,0.6457650987036417,0.9279847136729473,0.39844563617801265,0.18302093222256688,1.0003718181928833,0.3626790800591308,-0.2401955028819321,1.0282498898189385,0.3071169980648647,-0.24854942745228525,0.8268105168919182,0.3800126492977487,-0.2579185147979421,0.847478005166777,0.34683709838103294,-0.30811267310235596,1.1041354440148408,0.16858464788909103,0.6380995075466367,0.9888061554222008,0.17248541324588706,0.1921458749824217,1.0209835398097593,0.1830824959391831,-0.2043534241405326,1.033801428644,0.17089019004141567,-0.2522006501011471,0.8654551981313751,0.11996813544508528,-0.25243660867777773,0.9031648171939064,0.20641247168256308,-0.30695582369147456,1.1139059121346038,0.2838272662920276,1.2830292825531602,0.927640738144119,0.28043998494801153,1.558301705598564,0.9058043516922726,0.2599532386887998,1.410175094718811,0.7963579498055183,0.4575604948582813,1.1769756189681344,0.9469889766000166,0.5090760798790829,0.8651468971572087,0.9128795088681403,0.4696249855149318,0.5972809896798621,0.8553932440620808,0.4083284123039823,0.4539350938272879,0.865879508942685,0.4211465604731085,0.42182377914891417,0.8641234369045335,0.472491493154107,0.4096068086400685,0.8913292962264772,0.11475737620640165,1.1850824850449215,0.9832763417597383,0.06085316506009861,0.8907672693769382,1.0230904015598066,0.061809624148553455,0.636194755448708,0.9423432855475883,0.10686071747456073,0.5284738542138381,0.9188323323481185,0.08521021253787528,0.4802174051239555,0.9003903390711663,0.052408266017044375,0.46266274152151077,0.984033405387328,0.5333333333333333
0.3942052588334924,0.6456636508459109,0.9279723325475138,0.3984361340120289,0.1828640865285941,1.0003391617267572,0.36300635025569616,-0.24089271003434456,1.0291927644489924,0.3070582050876757,-0.24774746398291791,0.8255603328774528,0.38002664651733536,-0.257966861204619,0.8475444337274233,0.34678206524672744,-0.3079777941990425,1.103954023992879,0.16836347308380714,0.638358396497115,0.9887139450840103,0.1720905663607616,0.19146528014782027,1.0218757933174352,0.18286441948210674,-0.2052071367548452,1.0337551975119774,0.17093988116401812,-0.252193380708692,0.8657637567985691,0.12015328199391606,-0.2519234360913478,0.9029496314643898,0.20652143048828311,-0.30723294626526715,1.114004558694235,0.28379677639988593,1.28369320040267,0.9277412940997611,0.280452481145763,1.5579733092465533,0.9058731911579581,0.2599943853719114,1.4109437193196934,0.7964705832295949,0.45770846158134626,1.176999400420331,0.947277213722107,0.5089424080163953,0.8642984155629414,0.9138906587850022,0.4702112125539844,0.5971753818798444,0.8574377097961051,0.4080594129600209,0.45319499199812785,0.865531710105373,0.42262348604108024,0.4229441357075504,0.8617830158999965,0.4730265184682366,0.41251574558205023,0.8835533578138406,0.11470154601712068,1.1851595234954788,0.9830575409853564,0.06195811443215837,0.8905908822557166,1.0211076551635272,0.0618810198119311,0.6356062506516302,0.9425979891537247,0.1068515556289545,0.5279389887696578,0.9189970549416645,0.08447304493750288,0.47952707801224653,0.9018579159560678,0.05249988113766642,0.4631385054687518,0.9843253002532527,0.55
0.394564136394412,0.6455760640698132,0.9279687443672044,0.3984396086224099,0.1826406749818381,1.0003282478586126,0.3634947468920952,-0.24173677487000642,1.0303004794398976,0.3075851225648519,-0.24717050199552326,0.8245809633566774,0.3800331084082208,-0.25797048427178704,0.8475202299490986,0.3468447832750074,-0.3080464808518764,1.1040662552423826,0.16820290909424995,0.6385796610741269,0.9886445504958036,0.17176325064937387,0.19071736287189223,1.0226606473576876,0.18256841579361363,-0.20626576358641968,1.0336543889096985,0.1710269911368283,-0.25173550079983376,0.8654392075947874,0.12043431602519863,-0.25107881445881897,0.9026927837520671,0.20664741251326152,-0.30759440074990907,1.114123324163012,0.28376288157571006,1.2844226587995986,0.9278574881266435,0.28047175115017614,1.5574106259233713,0.9059948091634695,0.26005484991695266,1.4116736963743077,0.7965937421346863,0.4578599537709332,1.1771806600161203,0.9471398489600714,0.5088957527698971,0.8640665419398084,0.9140198082909576,0.47068424040324097,0.5977212813430175,0.8580417472479855,0.4077780466803699,0.45318902330119304,0.8650691275716844,0.42401887681251943,0.42427433284144533,0.8594207055166537,0.4737456697690631,0.4155260519289109,0.87653014449273,0.11437627710294501,1.1852179699610956,0.9820059340991022,0.06265142384389069,0.8900489332624343,1.0200022269876088,0.061499590803854844,0.634268218376911,0.9445796765654767,0.10683839688820099,0.5278142772612635,0.9191408509843253,0.0836964377274994,0.478530633595716,0.9040985029603987,0.05242588403341955,0.4641303813774068,0.9848801509807975,0.5666666666666667
0.39490415113630634,0.6454982391627009,0.9279795099005433,0.3984486953566763,0.18243546102391034,1.0003408972909653,0.36409810992619207,-0.2426254064698272,1.0314568728406845,0.3085285692753666,-0.24707061736038122,0.8242783330124304,0.3800187567321724,-0.2579269545738011,0.8474009739710489,0.347020383382732,-0.30831052071775233,1.1044594786687327,0.16810879593476244,0.6387469954444632,0.988610145406982,0.17146078211715768,0.18997430614115557,1.0233239326286,0.18218118508455583,-0.207457066287067,1.0334916461151047,0.17109194274060394,-0.25107829511258806,0.8650241857903856,0.12071316237527036,-0.2501585061475882,0.9026030186133119,0.20677404065810012,-0.30799431836212865,1.114245034911472,0.2837320086439817,1.2850731357770102,0.927956959331325,0.2804984932602241,1.556686041396607,0.9061497838765871,0.2601286699231052,1.4122608868409567,0.7967285018837846,0.4579788314973438,1.1773481815496314,0.9467896150802063,0.5089107153668763,0.8643234311719157,0.9136469663240141,0.4709124895233144,0.5984826031486088,0.8577941700676497,0.40752222478021627,0.453303022575837,0.8646270844303449,0.42526581420330634,0.42563940694575375,0.8569139645663353,0.4747122962334257,0.41766157528537695,0.8723201848013251,0.11378360522620977,1.1852883238752538,0.9801475958496897,0.06276420758256968,0.8893062419843935,1.0198024894263207,0.06082379142051108,0.632623784539062,0.9476060750074325,0.1068325105764521,0.5281319488309765,0.9193366932539541,0.08304712781861143,0.4774527512193251,0.9068362392514413,0.052209679097370884,0.46548978132356,0.9856037758675145,0.5833333333333334
0.39519657789027757,0.645429899457758,0.9280074107210409,0.39845904292110995,0.18232744408112284,1.0003743670048397,0.3647581507816112,-0.24344092135302256,1.0324708168568129,0.309610760854393,-0.2473650923319007,0.8245712170886137,0.37995651167580036,-0.2578448074107237,0.8472109835456801,0.347290471711302,-0.30874057915184716,1.1050895017941365,0.1680518315298717,0.6389045257079883,0.9886026120284305,0.1711758334897191,0.18932334228617298,1.023837000296808,0.18175878472000004,-0.20863340498883792,1.0333031396831347,0.17112067527883099,-0.2504839700259585,0.8647855613577377,0.12095961899258634,-0.24925289781263749,0.9025917498376985,0.20688374321628772,-0.30838223439570933,1.114355432744484,0.28370687398183136,1.2855623777608105,0.9280200308276836,0.28053192985020425,1.5558891246367519,0.9063123766277013,0.26020242946327277,1.4126202223231128,0.7969084908457368,0.4580403242682707,1.1774394761147922,0.946415629902272,0.5089331476976109,0.8648542635697029,0.913299366702743,0.4710881840738366,0.598935122573625,0.8578144946056824,0.4072963285882277,0.4531772084269554,0.8642086282848525,0.42639528036554586,0.42691252794286133,0.8541381034107342,0.47596872996209316,0.4184159879617492,0.8720520178965434,0.11301147928243535,1.1853784618609238,0.9777568797010534,0.06245701016626155,0.888540803115141,1.0201580642067085,0.06006391320872225,0.6311565473340972,0.9507868738531683,0.10686096512854668,0.528823748789627,0.9196205179207985,0.08279715223903561,0.47647470572010087,0.909694776915081,0.05189236673459306,0.46690605370468485,0.9863370029274501,0.6
0.39543803926263554,0.64537930504557,0.9280481785723463,0.39847151035709616,0.18232970294770812,1.0004176675879521,0.36540556552505676,-0.24411792611098734,1.033170821923555,0.31054133789721894,-0.24772362308553184,0.8250103162263829,0.379809070218557,-0.25774408126997367,0.8469991595621166,0.347637143627526,-0.30930911446249165,1.105915466113746,0.168008640143881,0.639119740835741,0.9885998734983206,0.1709571705494277,0.18881393415556297,1.0241800036754702,0.18142022842782785,-0.20961989766463524,1.033158923264196,0.17111781204208196,-0.2501068447060917,0.8646887595672333,0.12116747142980473,-0.248402215613287,0.9025261131132672,0.2069685950946916,-0.30872141725957625,1.1144457514188484,0.2836894805066341,1.2858422579487387,0.9280389518682087,0.28056891201944756,1.5551293884002195,0.906453830583118,0.2602532642561478,1.412730495823033,0.7972009819833816,0.4580719795547039,1.1774875332190653,0.9460950692262206,0.5089336715784372,0.8653358428424982,0.9133163997325283,0.47151704007823814,0.5988080685125293,0.8587820258170344,0.40712775916262056,0.45279619004702776,0.8637799749128143,0.42741600165674903,0.42796720285096645,0.8512393026879802,0.47737345530021413,0.41780950835110253,0.8755416658134574,0.11217461957403715,1.185466560303018,0.9751871851571278,0.06207166110435951,0.8879378674854976,1.0205601046045931,0.05936909831950749,0.630178476211566,0.953469745551501,0.1069312488592768,0.5296402342541229,0.9199497289553628,0.0831864625321751,0.47569454422295754,0.9122577223925898,0.05154015350244989,0.46807716481276346,0.9869170749753802,0.6166666666666667
0.3956347692684925,0.6453653859662153,0.928094631021479,0.398484762131039,0.1823948816549213,1.0004476355218934,0.36598758559425143,-0.2446600013968019,1.033501087717264,0.3110683269229071,-0.24789409837424978,0.8252467973261102,0.3795804233269716,-0.2576457944650327,0.8468141706504875,0.34804673333853975,-0.30999716584021136,1.1069069935109566,0.167972225370528,0.6394042107269892,0.9885916138702157,0.17087256440932588,0.1884538520714113,1.024352386067503,0.18126905202631924,-0.21030629207644236,1.0331087482501191,0.1710900478770424,-0.24993119995643764,0.8646598846075798,0.12132572804409167,-0.2476842223840958,0.9023504349679456,0.20702960003958973,-0.3089854846116557,1.1145073952090252,0.2836813448226015,1.2859129796441433,0.9280195674889604,0.28060346416049187,1.5545514295880374,0.906543747415297,0.260267751873884,1.4126684862040477,0.797612556799127,0.4582174771328526,1.177524489663385,0.9458784104674559,0.5089292032642114,0.8654669311369524,0.9137016626008542,0.47232423143326363,0.598148363313586,0.8606692558135225,0.4070568943528967,0.45243153872704056,0.863403657280414,0.4281655782801542,0.4286028520823098,0.8488867792513292,0.47861548014944355,0.4161599227602304,0.881599590418986,0.1113890972190323,1.1855219954699479,0.9727957091229127,0.06185612569950731,0.8876134395255482,1.0207389212983968,0.058825687422226755,0.6298174462172266,0.9553403746596432,0.10702958504763652,0.5302960899334905,0.9202536119769962,0.08422131155304277,0.4752037833926773,0.9141157830485745,0.05125205642190212,0.4688830634037937,0.9872478281335102,0.6333333333333333
0.3957930174311275,0.64540651127988,0.9281429079360802,0.3984950667688011,0.1824634593258087,1.0004419886139952,0.3664952745523083,-0.2450987593534733,1.0335176114444102,0.31104001361488065,-0.24783001438327887,0.8252158007680903,0.37934068919105335,-0.2575646816304517,0.8466892457628874,0.3485090033034145,-0.3107917513075811,1.1080393844433463,0.1679437937301948,0.6396788318449311,0.9885893196138723,0.17097746999445257,0.18823001846889414,1.0243694685398852,0.1813524095619834,-0.21070134554109804,1.0331614169138037,0.17105318655779472,-0.24982894953002405,0.8646831930660442,0.1214180109260829,-0.2471979760467895,0.9020778871435396,0.20707091306343087,-0.3091636929889832,1.1145342770834346,0.283680559030633,1.2858528035546593,0.9279810496387164,0.2806289060984604,1.5542843264863115,0.9065596970363549,0.2602748567080294,1.4125649708689096,0.7979194966408516,0.45865343873484177,1.177556229335907,0.9457831437501876,0.508970532270582,0.8651691870241682,0.9141070744900277,0.47341232224539065,0.5971904388016583,0.8630930879831278,0.4070982788293741,0.45253953455611096,0.8632319687160889,0.42840980430382575,0.4286841655300532,0.8479464976927195,0.4794298416286057,0.41397078952903354,0.8886534100083439,0.11076644679636588,1.1855531923016327,0.9709287500101658,0.0619204769384962,0.8875554007044435,1.020739404058433,0.058497854924445175,0.6300670333565107,0.9563046609368402,0.10713774949659849,0.5306225171207093,0.9204805435637644,0.08568047173380397,0.4750864097444911,0.9149780072639409,0.05112743268844841,0.46936673895584863,0.9873139524833394,0.65
0.39591379024686263,0.6454959521030152,0.9281935523045045,0.39849983181791254,0.18250869939287528,1.0003992632665872,0.36694924304184434,-0.24547200425903754,1.0333594640258998,0.3104695360680253,-0.247599793293539,0.8250059306384011,0.37917417620564675,-0.2575099756943371,0.8466420280981892,0.3490150912772428,-0.3116811196410514,1.1092884068453084,0.16792794562097232,0.6398370769218613,0.9886118260885906,0.17129571138587102,0.188128207166339,1.0242481153486607,0.1816599746377009,-0.2108900352426787,1.033297474498682,0.1710349830103832,-0.24969172362558886,0.864739083224778,0.12144020396107597,-0.24698109658001463,0.9017590900876209,0.2070965274217005,-0.30926683949587436,1.1145286814421005,0.2836817424053584,1.285781398801975,0.9279452678114664,0.28064094406846396,1.554366786416593,0.9065003221939283,0.2603428350425586,1.4125125910488434,0.7977041878749715,0.4593824676026841,1.1775989167734715,0.9456433554482493,0.5091121563723436,0.8645953860309911,0.9139833874502084,0.4745783874341065,0.5961845875515212,0.8656509517489689,0.40722624173566635,0.4535836519402042,0.8633628095865118,0.42805342803287316,0.42832699400645635,0.8489354371919213,0.47974804675927296,0.41197601586264915,0.8951310856643863,0.11039483480401163,1.1856139366463472,0.9698588103419841,0.06235754293331326,0.8876433194298364,1.0207009343886284,0.05839770138564508,0.6307648577241161,0.9564766458465264,0.10723978009900409,0.53056109126054,0.9205937866119864,0.08729579477411017,0.4753125675727028,0.9148812834932981,0.05118372044618007,0.469652370091033,0.9871712357142159,0.6666666666666666
0.39599127771290504,0.6455966075433061,0.9282486571321585,0.3984972566207136,0.1825366727292395,1.0003365087652152,0.3673646879460393,-0.24582422716040886,1.0332217221551445,0.3095231897288324,-0.24729415482928194,0.8247217576910123,0.37912247306423147,-0.2574884309334555,0.8466765184133522,0.34955589044386653,-0.31265203916108525,1.110628941061942,0.16792899502841035,0.6398255847832125,0.9886693064970287,0.1717830283046829,0.18814557378432217,1.0239895499481362,0.18210415362291543,-0.21093411841756565,1.0334761668790093,0.17106094076542205,-0.24948808716099652,0.8647869797916958,0.12141574002456887,-0.24695972296290175,0.9014737190353861,0.20711018496060551,-0.3093195039584376,1.1145013179923953,0.28367982308600614,1.285780410979967,0.9279276058181705,0.2806384656366789,1.554737836421879,0.9063864547660113,0.26052667622894043,1.41253180609068,0.796670356639694,0.46018676917270623,1.177694025180132,0.9451098657823238,0.5093750484300631,0.8639458838181421,0.9129525755609151,0.4755926484375259,0.5953034012611831,0.8680158073561007,0.40738585245403447,0.45582178500436893,0.8637250706218421,0.42715041831062306,0.42789051877839646,0.8517016249944063,0.47954521809661466,0.4110120329768123,0.899664339376873,0.11029248160344093,1.185777775138075,0.9696232673052008,0.0632159792713423,0.887739810099115,1.0206935186716153,0.058439946504569934,0.6315752728847364,0.9562134482050904,0.10732601561381476,0.5301234981479201,0.9205713034710953,0.0888589645811039,0.47565718382293476,0.9142784962554011,0.05132768234390003,0.46985950032279467,0.9869267363286637,0.6833333333333333
0.396016766145066,0.6456664433835824,0.9283102875792412,0.39848629241540573,0.18255826267683045,1.000270892192207,0.3677359505340031,-0.24618258702368517,1.0332426906256562,0.3084455295980411,-0.24699193993746113,0.8244379029965316,0.3791838017969834,-0.2575001520950995,0.846776801275131,0.3501209227535807,-0.31368579311248357,1.1120345016026956,0.1679472035651897,0.6396508728683382,0.9887543178626759,0.17232112651897535,0.1882929920089162,1.0235725189438307,0.1825439845502806,-0.21081951028226417,1.033653843570271,0.17114487477824264,-0.24919289353368593,0.864798786666356,0.1213821054488956,-0.24700937038169307,0.901306441375429,0.20711364368146717,-0.3093516469531714,1.1144647441799624,0.2836735324459023,1.285851876202837,0.9279335806051938,0.28062331304315946,1.555287556117631,0.9062475712391704,0.260829814366678,1.4126045173190813,0.7948485304394558,0.46082381453785476,1.1778776095081809,0.9439067854512376,0.5097335582115543,0.8633365634442745,0.9110250432109547,0.4762757912561385,0.5946878873189818,0.8699020550427787,0.40751607452283856,0.4592163125955615,0.8641297156687282,0.42579610049661626,0.4278631165762971,0.8553987762255658,0.4786472320378587,0.4115023539798357,0.9017267834164581,0.11038344316335075,1.1861242954090574,0.96993070959705,0.06433956421335009,0.8877804302761114,1.02071452427201,0.05849740826847763,0.6321392829151776,0.9559370759221506,0.1073957410604032,0.5294264403642905,0.9204271641930553,0.09020306237431973,0.47582551240699256,0.9137255822463206,0.051448542892571045,0.47001698505979383,0.9866854824708586,0.7
0.39598583674246185,0.645668016238615,0.9283775840915793,0.39846799781203235,0.18257619379616846,1.0002112602828104,0.36804172126613005,-0.24653580758021204,1.0333996307177977,0.30751297482690493,-0.2467661153577773,0.8242242633670257,0.3793420085606668,-0.25753122325044564,0.8469042028369301,0.3506959544101445,-0.31474672828338557,1.1134728638939309,0.1679781458909598,0.6393547820381088,0.9888465346678856,0.17278821778413825,0.18858782309572142,1.0229629396082662,0.1828773198984462,-0.21050363592031218,1.033811888454221,0.17128954054352433,-0.2487314814040276,0.8647757136939034,0.121361863895313,-0.24704891496393966,0.9012734154599222,0.2071047037303231,-0.30937912453383065,1.114426291664426,0.28366593439706356,1.2859188302057856,0.9279510520989604,0.2806001720111514,1.5559190671325347,0.9061052560092206,0.2612142741328737,1.412710199062756,0.7925074890902926,0.4611817248092184,1.1781531399847573,0.9420138432122526,0.5101354355077339,0.8628246496346401,0.9084789587985642,0.4766357686240511,0.5944951149276694,0.8710410953698258,0.4075802198104683,0.4634918931110821,0.8643972585864721,0.4241067988775249,0.42869140504699454,0.8589523873019631,0.4768492313441419,0.4131092103278954,0.902044536720567,0.11056012794284609,1.186686274463158,0.9703618575476965,0.06534626705716609,0.8877730560851413,1.0207536847823468,0.05850492347930811,0.6323170524219963,0.9558470353542619,0.10745441708206306,0.5287322520384801,0.9202221586324548,0.09117011411686805,0.4757308828623308,0.9134644549410449,0.05150500891051872,0.47009573404157223,0.9865176911024776,0.7166666666666667
0.3959032029493934,0.6455595413675783,0.9284424010337524,0.3984448448600778,0.1825887106632717,1.0001606788219561,0.3682531692388852,-0.24684831555988557,1.033573697446319,0.3070058384525818,-0.24668982950016521,0.8241689516645208,0.37958034630497,-0.25755925764208615,0.8470165172154595,0.35125938106866655,-0.3157726727109811,1.1148973086564038,0.16801492802183177,0.6390025275976087,0.9889387972983602,0.17312545877104304,0.18904492927670352,1.0221303826358517,0.18308847863303687,-0.20997551424532224,1.033948637290797,0.17147944721130637,-0.24807702334120968,0.8647342612789796,0.121355023492383,-0.24705660849718467,0.9013038853876636,0.20708026394795165,-0.3093743758826575,1.114386030506321,0.28366151260969963,1.285866070314732,0.9279513931240093,0.2805751773274831,1.5565671060722623,0.9059689225383538,0.2616254428460457,1.4128422519479582,0.7899953780286255,0.4612386753567942,1.1784912833226606,0.9396413826045396,0.510527400094517,0.8625068295999908,0.9056804540178265,0.47693137201174307,0.5948095951149454,0.8713145118526431,0.4075731631985785,0.46820324334764396,0.8644267018426129,0.4222354328875523,0.4305501263304127,0.8617762833742982,0.47419762619539246,0.415109436788227,0.9018679244439964,0.11074890857355477,1.1873703291382576,0.9706733131012635,0.06584219919842212,0.8877460307847032,1.0208259992007964,0.05847736284757088,0.6322359372440909,0.9558967783703568,0.10751600480183522,0.5283823824963676,0.9200512148023933,0.09165016214493728,0.4755490365490332,0.9134191038165171,0.05150657474276842,0.47009019749199726,0.9864953274100938,0.7333333333333333
0.3957775649640553,0.6453274003174445,0.9284922292279087,0.3984180407456352,0.18259397587455428,1.0001188246950117,0.36833989836908937,-0.24707073599554832,1.0336829558134226,0.30711772715562746,-0.24680712564797538,0.8243412118436663,0.37986499280588437,-0.25757157553996407,0.8470983146582989,0.3517834599021293,-0.3167009998152392,1.1162438606269147,0.16805233709569015,0.6386442717991418,0.9890431259654012,0.17333083452844716,0.18967037659617292,1.0210631050215828,0.18320774933968173,-0.20923502842211494,1.0340503252894853,0.171677262301068,-0.24737665508187381,0.8646734987165055,0.1213506628044907,-0.24703977413969652,0.9013309809250749,0.2070412195571172,-0.3092785147802445,1.114338317432068,0.2836627382280782,1.2856176095920437,0.9279102491678328,0.2805537874660144,1.557171237388258,0.9058434024755846,0.26200526175390065,1.4130065812586088,0.7876644581116536,0.4609808089614096,1.1788408353003716,0.9371370061738102,0.5108670818057222,0.862536401575557,0.9030220698696082,0.4775291896680247,0.5955411204245694,0.8709549774163827,0.4074807117932814,0.47281714292482413,0.8642054450598444,0.42036068534743387,0.43320821086277866,0.8639466752581463,0.4710591054447342,0.4170244579005252,0.9019270607816942,0.11086739211022016,1.1879789889348336,0.9708249800513045,0.06568882209758713,0.8877253797564538,1.0209402651887252,0.05845131564415677,0.6320996837193168,0.9559906809954983,0.10760140538381827,0.52860193126421,0.9199963716986862,0.0916788385164613,0.47545951135747466,0.9134458370117319,0.05146167080623586,0.47000636407759977,0.9867163642107811,0.75
0.3956080993654037,0.6450284487770873,0.9285150188634483,0.39838642352740894,0.18259234388683826,1.0000822490269534,0.36828726731872496,-0.2471468460616238,1.033714511817611,0.30785425671877165,-0.24710585793200274,0.8247462199682084,0.38012906658402,-0.25757446397591505,0.8471688194158552,0.35224608085968834,-0.3175282227339402,1.1174521880755302,0.168089831161382,0.6382934035952583,0.9891556296962148,0.17343127674645537,0.19045093245223182,1.0197926581321273,0.18325985415901885,-0.20826055052857495,1.0340905960582571,0.17183989910323824,-0.2468714481136729,0.8645722686277058,0.1213375870102553,-0.24701370215743063,0.901346319577225,0.20698970624688054,-0.30904450888595,1.1142739014352563,0.2836701182870648,1.2851776764623952,0.9278227403812903,0.28053964309555807,1.557668400421178,0.9057348410000872,0.26229838063645144,1.413188657777441,0.7858427506568235,0.460430712604256,1.1791485354024822,0.9348679903355541,0.5111189364592387,0.8629598019334901,0.9009105805071131,0.47862297608118853,0.5964662969482287,0.8704616276425543,0.40725860533438724,0.47684538649004926,0.8638007277901378,0.41866918619232996,0.43603445239859606,0.8658152605941012,0.4679163318839057,0.41873887101306595,0.9022118407808446,0.1107891248287692,1.188331179951649,0.9708264338151464,0.06505269765885267,0.8877290981400314,1.0210591409607628,0.0584403866276709,0.6320143560532208,0.9560827909069531,0.10771814601441959,0.5293224160484182,0.920055906545207,0.09144976419452483,0.47547591377055,0.9134526779210485,0.05138215928216529,0.4698588527330823,0.9871783552407158,0.7666666666666667
0.39537874448386223,0.6447611094249426,0.9284973578328111,0.39834906370401024,0.18258823111963612,1.0000461404976166,0.368125461460109,-0.24705825977761633,1.0336875537448313,0.30901873358829746,-0.24752194194111538,0.8253089545346748,0.3803035388108009,-0.25758123538351735,0.8472496035623385,0.352643731190587,-0.3183042230983094,1.1185001582998197,0.1681281085521907,0.637984731312499,0.9892507881877001,0.17345904110285987,0.19133276027729618,1.018439498411024,0.18325614078163693,-0.2070649599419631,1.0340506201421764,0.17193757600168555,-0.246682000812841,0.8644419351971513,0.12131227602064092,-0.2469923438571342,0.9013644097373726,0.20691978327481503,-0.30865175685737795,1.1141836984141704,0.28368378615254874,1.284606786655834,0.9276987117412947,0.28053364381344514,1.5580240668213494,0.905648957644917,0.2624643835347845,1.4133091437608818,0.7847693659308301,0.4597353454063643,1.1793761146440986,0.9331344583330101,0.5112496838723892,0.8635969890118766,0.8996869762839568,0.4800404934679188,0.597376197501476,0.8701914553775969,0.4069104332845136,0.4799587136518832,0.8633439821118812,0.41730221623662433,0.43817117299337904,0.8677265874685443,0.46513981759185125,0.4202319857411091,0.9024469485598459,0.11042149023133507,1.1883375405265717,0.970678176467841,0.06419352722428086,0.8877582637024303,1.0211127587685707,0.05843649112416294,0.631982484247942,0.9561534928981763,0.10785065441825138,0.5302551617411216,0.9201508542578308,0.09118664270134563,0.4755322234982595,0.913407498434976,0.05132862423601042,0.46974290234664945,0.9875654443381892,0.7833333333333333
0.39507118429625454,0.6446001273219509,0.9284300968670405,0.39830801349532147,0.18258994954185975,1.0000054434529781,0.3679319943575265,-0.24685516245379374,1.033631408423125,0.31027158022950657,-0.2479382264942481,0.8258578123429633,0.3803711293326474,-0.25759324321107685,0.847324765587904,0.35298844058013945,-0.31902373702765147,1.1194081208768918,0.16816249139425596,0.6378078714509523,0.9893260650597537,0.17342655278154326,0.19221585844578293,1.0172222444041497,0.18321424095558717,-0.2057599849867222,1.0339419101608658,0.17196607362122374,-0.24672672387493785,0.8643402764563944,0.12128047318485422,-0.2469896619412993,0.9013946083225937,0.20682114574567492,-0.3081136125126093,1.1140676428653289,0.28370343439312073,1.283986300700609,0.9275532731850028,0.28053334563922694,1.5582459137773101,0.9055877260401659,0.26250219528412394,1.4132493196741858,0.7844534233644589,0.4591553801012742,1.1795030990459359,0.9321372567417298,0.5112440640099649,0.8642614468383923,0.8994271701168417,0.4813553517313312,0.5981967685748466,0.8700314494348538,0.40655308825481895,0.48206509147140103,0.8629991365089266,0.41631138837805937,0.4389556703498709,0.8699028101785977,0.4629100601887881,0.421444874304608,0.9025088055837959,0.1097727125881103,1.1879978434572847,0.9703913686928318,0.06327776241852306,0.8878011774340138,1.0210526020062791,0.058432782609654024,0.6319751556334431,0.9561890856394782,0.10797786755010962,0.5311336606313558,0.9202188803495394,0.09104717500128359,0.47558463061685663,0.9133306379158903,0.05140192482132202,0.46982940537325074,0.9873098276605559,0.8
0.39468854959200517,0.6445516273496338,0.9283230176354601,0.3982665772958601,0.18260547425927964,0.9999538620088771,0.36777755897917375,-0.2465995477096937,1.0335687551327806,0.3112060009412247,-0.24818300010847552,0.8261392181013003,0.3803655636818094,-0.2575974133670114,0.8473502668870344,0.35328688049891677,-0.31957627719631293,1.1201953351275684,0.16818323663876517,0.6378299242261087,0.9894105723530704,0.17334664869215402,0.19299826809894177,1.0163534683035644,0.18316307051037117,-0.2045002127385854,1.0338144803863216,0.1719504094008455,-0.2468362763214155,0.8643009531212247,0.1212504278121968,-0.24701809779228415,0.9014420457345935,0.20669731728922328,-0.30749303899807223,1.1139377500030312,0.2837273087647555,1.2834029841565449,0.9274046081861315,0.2805346645794623,1.5583518288768576,0.9055506854182841,0.262462543884891,1.4129453483685126,0.7845955057728418,0.458888215863573,1.1795349680552476,0.9318794228720853,0.5111176787366655,0.8650427440120672,0.8998028207315931,0.4821882044081068,0.598972250334496,0.8695159709728226,0.4063371876314196,0.48331351872983697,0.8628909180507283,0.41569780360757774,0.43828943175240065,0.8723185970997898,0.4612959696251041,0.42231152769231284,0.9024636933653574,0.10892889340414702,1.1873997520564412,0.9699988891771076,0.062394103746536964,0.8878458633339391,1.0208821867266578,0.0584335158806235,0.6319722734283852,0.9561834679524511,0.10808530137244798,0.5317926444883487,0.9202511823577181,0.09113211816681699,0.47561421280745836,0.9132678641950485,0.05166710748479994,0.4702385400096992,0.9859978944004886,0.8166666666666667
0.39427224871338146,0.6445383980797054,0.9282074829587748,0.3982274454789685,0.18263552796074328,0.9998898940308809,0.3676708245990634,-0.24628802950371625,1.0334952667280402,0.31149986769427074,-0.24813118923157432,0.8259861638611967,0.38031972560231014,-0.25758176448604636,0.8473020551303323,0.3535227377967608,-0.31984554613190785,1.1208331464022459,0.16818342451651702,0.6380004947479524,0.9895179159692268,0.17328024857637786,0.1936216744316696,1.0159245187717199,0.18312602713054782,-0.20337612455238097,1.0337274164235375,0.1719267963954014,-0.24690429133620193,0.8642977888838063,0.1212280118009991,-0.2470792868705506,0.9015053020598233,0.2065676640882494,-0.30688742849343703,1.1138030572848248,0.2837516863182777,1.2829419174814551,0.92727527764244,0.28053382514488223,1.5583620940733465,0.905533226343663,0.2624130955025622,1.4124245267216995,0.7847876984546807,0.45889964062481514,1.1795131417718605,0.9320773634682906,0.5109095570794365,0.866195598257759,0.9003018224324374,0.48235670019942867,0.5997410186176325,0.8682894066268487,0.40633751265733387,0.4839510612095636,0.8630349256447036,0.4154424280256616,0.4365836816939865,0.8747280468153092,0.46034846095763104,0.422868582855632,0.9024256388057403,0.10801041284596966,1.1867203449079864,0.9695573487209643,0.06163083634198063,0.8878839398531517,1.0206418038930565,0.058445693351060264,0.6319711441780804,0.9561395109214745,0.10816270300414205,0.5320922352014029,0.9202500544044956,0.09148916520781453,0.47560540802940376,0.913266961744661,0.05211504552950812,0.4709665764530221,0.9836274838049243,0.8333333333333334
0.3938945903437634,0.6444587858391828,0.9281195819057235,0.3981998698338984,0.18266716481324075,0.9998356061832472,0.36757536311373307,-0.24587086666560157,1.0333896104778526,0.31116769742573247,-0.24789219197605852,0.8255860234176029,0.38023424529485017,-0.25755093695620784,0.84720092276076,0.3536647723787957,-0.3198063215385816,1.121255082247594,0.16816342304301188,0.6381686282806897,0.9896254166033053,0.17331975121289342,0.19406553678785504,1.0159106255540538,0.18311062067458914,-0.2023984315357064,1.0337127569559714,0.17191589931581003,-0.2469230463315641,0.864296024810869,0.12121748617803006,-0.2471617645605262,0.9015730358741447,0.20644830242198806,-0.30638859232523397,1.1136530352530452,0.2837721709733106,1.282667215359949,0.9271868715523448,0.28052796713326233,1.5583221402580807,0.9055238350929178,0.26238744871507313,1.4117505360242455,0.7848212817634674,0.4590013548618694,1.1794909420000776,0.9323369776285877,0.5106990130695734,0.8678102299225777,0.9006257084406482,0.4818466126094389,0.6004857225893254,0.8663881243831364,0.4065408750305553,0.48415885377697876,0.863348371295498,0.41545910246661677,0.43444980289094104,0.8768248430450312,0.4600425529497702,0.4233252770966625,0.9024621231639872,0.1071500342866595,1.186163091707586,0.969139406839846,0.061077622851740475,0.8879083778401385,1.0203805948936469,0.058462564520387256,0.6319907435279568,0.9560661853462071,0.10820706397025895,0.5319780509278244,0.9202201217142569,0.09210315514790471,0.47554012610102414,0.913384512578642,0.052701491904363684,0.47193799307859596,0.9804874091243644,0.85
0.39362153090184626,0.6442899763278106,0.9280767786755937,0.3982106278654016,0.18267077167277762,0.9998541508025935,0.3674637257861119,-0.24534062121494093,1.0332460574815192,0.31062997059682845,-0.24781606384431945,0.8254705039318861,0.38009187226844365,-0.25752522007729794,0.8470947939929122,0.35369007969713406,-0.31950236880207833,1.1214117065528573,0.16812777053468178,0.638211670930581,0.9897085312088587,0.17351114202338985,0.1943478752562075,1.0161910809707562,0.18310940790213204,-0.20156246315256895,1.033771342767878,0.17191708912104225,-0.2469272319735999,0.8643011762675372,0.12122209392680486,-0.24724985257893375,0.9016313647366808,0.2063426172858669,-0.3060479213829958,1.1134708900789618,0.2837864326155476,1.2825844815437073,0.9271468310741418,0.2805164750723421,1.5582795895441846,0.9055121070051337,0.2623824614441485,1.4109797542754732,0.7847137604509752,0.45906195846206865,1.17949285816332,0.9324523938285747,0.5106231306351348,0.8697094925379512,0.9007703797055886,0.48081253682353803,0.6012019436397766,0.8641000145115838,0.40688851756649713,0.4840640782381834,0.8637182319780774,0.4155968606021213,0.43247969561074906,0.87837193870595,0.46018874851492625,0.42389238276107444,0.9025839170747489,0.10647774534632452,1.1858550716334775,0.9688133455556861,0.06075837088661301,0.8879139569722853,1.0201406198593665,0.05844572703044977,0.6320624957664495,0.9559842525878238,0.1082264064353912,0.5316214796453848,0.9201969148002368,0.0929161443459931,0.475411058676986,0.9136873498116294,0.053385366756232205,0.4730620757294087,0.9769624502323875,0.8666666666666667
0.39347643254633957,0.6441044413747689,0.9280717517840771,0.3982911798768536,0.1826148702857982,1.0000194154532114,0.36733679880750814,-0.24476415503583537,1.0330840903230765,0.310432586915828,-0.24823360487612456,0.8261264500971782,0.3799028980112312,-0.25752274145356785,0.8470286424528717,0.3535993726382186,-0.3189819988785883,1.12131124925894,0.16808335816109535,0.638131154041787,0.9897798846342312,0.17380708764185937,0.19453173847003935,1.0165490811966444,0.1831006670097042,-0.20090164637258687,1.033887534618924,0.17191953704820176,-0.2469499734457053,0.8643622062520434,0.12124208990990656,-0.24733112122613374,0.90167477071715,0.20625082553175436,-0.30587558543219173,1.113274999555479,0.2837954144099925,1.282622013346162,0.9271423737933983,0.2805015456099052,1.5582529675231207,0.90549495140726,0.26239043542783624,1.4101949046816507,0.7845158949576858,0.45907039889465373,1.1795108548904307,0.932444586672164,0.5108115351179221,0.8715946417014349,0.9008275787255872,0.47960058013228213,0.6019187186494561,0.861714569845113,0.4073141629024908,0.4838285234551498,0.8640534625128858,0.41573467851277307,0.43115000295030814,0.8792807375172854,0.4605087749845058,0.42461273422044676,0.9027670384400864,0.10608928430296169,1.1857952717373164,0.96861978568933,0.06058802956578782,0.8879022194735984,1.0199501383595406,0.058332536846711296,0.6321756541043626,0.9559562477806458,0.10823250201611953,0.531282245431793,0.9202212086147762,0.09382307323643768,0.475260477681672,0.914158335167303,0.05410107012494966,0.47420649777604806,0.9735377666639046,0.8833333333333333
0.3934395133690823,0.643984283817845,0.9280883696266714,0.39843501887082644,0.18250401779764203,1.0003240423852628,0.3672096925710838,-0.24422666769292573,1.0329289808797504,0.3108842077705638,-0.24923487228309066,0.82767262708384,0.37972768534764706,-0.2575509159946282,0.8470333891999104,0.3534282553433162,-0.3182938795072867,1.1210475583930664,0.16803939888887867,0.6380071177905896,0.9898933810852464,0.1741060180968597,0.1946513978712604,1.0167969861258164,0.18305832655608625,-0.20048809141898127,1.0340403158532736,0.171911161264233,-0.24701363290408207,0.864540064079015,0.12127350889310243,-0.24739483226124503,0.9017051953690548,0.20617891032923805,-0.3058739678959162,1.1131258739667176,0.28380120881312115,1.2826809950068512,0.9271533746557377,0.28048618526571706,1.5582413349051234,0.9054727096991397,0.26241393602497287,1.4095794917735074,0.7842199106398473,0.4590620899035211,1.179531632038205,0.9323821250245617,0.5112981152481957,0.8732154406566044,0.9008533144346796,0.47862209094532565,0.6026270481384671,0.859460622311668,0.40775047552945326,0.48361043023397043,0.864301802043311,0.41583789414974004,0.4307709054847819,0.879574264248022,0.4607939305391214,0.4254458528748887,0.9029701991782582,0.10598964565352703,1.1858781758864472,0.968551869972359,0.06045989202551494,0.8878852881813142,1.0198232700021923,0.058118244271095604,0.6322130641272676,0.9560910671197329,0.10823278443027176,0.5310219492810989,0.9202868419449838,0.09463095812449951,0.4751921726421515,0.9145491642890624,0.05470295303739445,0.4751298019563278,0.9709596284161586,0.9
0.3934632015729898,0.6439541098082334,0.9281155257683931,0.3985810530103383,0.18239173830469252,1.0006396215356417,0.3671021593658024,-0.24377610220620854,1.0327964132794778,0.31190873017907333,-0.25067974218704875,0.8298780578784356,0.3796323546186498,-0.2576154199194905,0.8471285627354943,0.3532461408957339,-0.31752303730692555,1.1207936655696333,0.1679958528300947,0.6378721407693764,0.9901190633568225,0.17432513725550422,0.19465223812994964,1.0169153642010256,0.182968281005235,-0.2003935612684287,1.0342102342787098,0.17189389327761587,-0.2471121686496698,0.8648059902914113,0.12130906608566737,-0.24743108333358835,0.9017221896638337,0.20613574211740113,-0.3060406526972885,1.1130703018628563,0.28380411686877566,1.2827109484672985,0.927169499509426,0.28047253901755487,1.5582369306991801,0.9054478499977341,0.2624493873896178,1.4093912186548756,0.7838662126578562,0.45906389466656816,1.179553742543224,0.9322611059707389,0.5120212097921354,0.874448399452773,0.9008516970119378,0.47812929434364476,0.6032525978258103,0.8575650177523273,0.4081076906522644,0.4834874301317466,0.8644426898544293,0.4159347155489284,0.431420805809386,0.8792337666582211,0.4609829264575831,0.42638106399549147,0.90313905940209,0.10606674573451627,1.1859765006302632,0.9685574589771497,0.060391623117356394,0.8878776726176892,1.0197659650215147,0.057968355603282916,0.6320151318542558,0.9564096773779075,0.10822842913602891,0.5307259856417869,0.9203489684401671,0.09509195958004615,0.4752789382210737,0.9144439053487579,0.05499666152039262,0.47552776468721636,0.970116400471533,0.9166666666666666
0.3934839416388865,0.6439943633565248,0.928145669527637,0.39865203187968246,0.18234060785676132,1.000797976216078,0.36704301710915566,-0.24342150805727286,1.032695190102997,0.3131814444773142,-0.2523307444652621,0.8323574693764171,0.37963971248263184,-0.2577185582541795,0.8473133652118913,0.3531165890479341,-0.31677816487929583,1.1206907326718307,0.16792902520848405,0.6376775501947748,0.9905000389262734,0.17441878412264905,0.19446554436597857,1.0169917735188871,0.18282657185764986,-0.20065517416850903,1.0343861449653808,0.1719090943444934,-0.2471933925879836,0.864967699239609,0.12134080355793873,-0.24743114374474587,0.9017125740008913,0.20612822201016193,-0.30634661350232034,1.1131038407485045,0.2838025527506429,1.2827183692631425,0.9271904541542042,0.2804623732455509,1.5582291678531748,0.9054268660729601,0.2624594040731761,1.409756289873541,0.7836973143257526,0.4590866269268483,1.1795846338443097,0.9320190140339362,0.5128736492829093,0.8752692271026656,0.900774979945575,0.47810821960990724,0.6037176500364925,0.8562220855776506,0.40829923839149984,0.4834739362044935,0.864480703451007,0.41607636824420713,0.4328577924097949,0.8781559008601085,0.46111794296176123,0.4274004078504361,0.903214671753868,0.10616974151718842,1.1860263655985757,0.9685800895350019,0.06051655981380044,0.8878790258302953,1.0197792108907815,0.05817311283708175,0.631553981990878,0.9566601074513003,0.10820971854739019,0.530332797182219,0.9203594058947182,0.09503620188763257,0.475472186048998,0.9135472497875519,0.05487273051595967,0.4752442209351613,0.9714277748862813,0.9333333333333332
0.3934556628090378,0.6440845030808351,0.9281727784461957,0.39859018182656386,0.18239076986177605,1.0006716553999686,0.36706130260402703,-0.24315608652347953,1.032632600496003,0.3143652867551611,-0.2539521683130492,0.8347317574290573,0.3797333977058849,-0.2578466479892022,0.8475531323400025,0.3530595963663333,-0.31613985129767164,1.1207423785150428,0.16780895262235593,0.637411100670832,0.9909879424715935,0.17436390718616215,0.1940968138879262,1.0170854933288949,0.18262389814101238,-0.20126642655764446,1.0345675500789377,0.17201806963554767,-0.24719180113113426,0.8648056130355961,0.12136173212346395,-0.24738844534230858,0.9016551776805904,0.20615746302250823,-0.3067531186618503,1.1131968739734956,0.28379588141450907,1.2827228754034496,0.9272156920405034,0.2804573009630118,1.5582101719243253,0.9054181810375865,0.2623793060926942,1.410517549057212,0.7840893345747224,0.4591227651885652,1.1796204329604474,0.9316835682750828,0.5137224494059461,0.875712488148931,0.9005438047356225,0.47834120483442455,0.6040082641899404,0.8554775496692739,0.40833031997361446,0.4835447578837788,0.8644435374542907,0.4163081492980534,0.4346011137932363,0.8763008635798173,0.46124042413945016,0.4283923308062861,0.9031668716833411,0.10622188998087365,1.1860348297177066,0.9685992490405662,0.06093368465383836,0.8878726587262011,1.019859063066459,0.05892967082769417,0.6309761363630627,0.9564014915167578,0.10815549077886574,0.5299080305568739,0.9202866412211937,0.09447461526935536,0.47566642629894174,0.9118443849381872,0.05439228224318836,0.47439135979657504,0.9744188238171467,0.95
0.3933907285966267,0.6442237356337728,0.9281989958651159,0.39836807769310734,0.18257503323707702,1.0001965140890614,0.3671515209367518,-0.2429729000475268,1.0326107893080376,0.3151893787176673,-0.2553005434768192,0.8366802471355851,0.37988436847324814,-0.2579727474696376,0.8477911654827666,0.35307237937587704,-0.3156553238080622,1.1208798898962433,0.1676376301709151,0.6371697420962301,0.9914272896524843,0.1741810849304336,0.19360818507958266,1.0172026614615528,0.18234963000805657,-0.20217532422946305,1.034755831607218,0.17223203434164744,-0.24703433070865385,0.8641935394651613,0.12136171380238867,-0.24731519655180892,0.9015599948812757,0.20621266973898664,-0.3072205038019123,1.113322770458943,0.28378683418349787,1.282730571619446,0.9272424625604452,0.2804573315770121,1.5581765035312065,0.9054278737889682,0.26216601177984983,1.4113701712413305,0.7852705858764641,0.4591385677266196,1.1796224080004962,0.9315501815520935,0.5144123249612064,0.8758845135398396,0.9001691613338209,0.4785773486807364,0.6041689255409918,0.855237568065956,0.4083018812728332,0.4836047990313571,0.8643602012263025,0.4166452943133322,0.43620776463971495,0.8738172889232876,0.4613296048908101,0.42909896861692276,0.9030205689918911,0.10623113427336238,1.1860321255705502,0.9686218452907278,0.06162688696235012,0.8878446156946953,1.0199999245432017,0.06021425754130308,0.6304639448497336,0.955343872417574,0.10804685629536664,0.5295537834629911,0.9201302672236309,0.0935910126435,0.4757978638090907,0.9095524553193988,0.053722575929376445,0.4732086380362057,0.9781009860742017,0.9666666666666668
0.3933493095727442,0.6444327564004915,0.9282363920803349,0.3980083818046585,0.18293107348964568,0.9994061598108022,0.3672582465544156,-0.24287065231128097,1.0326154032799122,0.31540527207487024,-0.25607539671148694,0.8379141910328403,0.3800666564134273,-0.2580738779603509,0.8479838898086239,0.3531574751642189,-0.3153649412109588,1.12109005011321,0.16745571234014905,0.6370565855508938,0.991644123772256,0.17395264246311892,0.19305567905905435,1.0173338606708784,0.18202681638473375,-0.20327365206018577,1.034943311349523,0.17250036253054138,-0.24660120912053554,0.8630182157393548,0.1213252720991514,-0.24725926839007775,0.9015130981178757,0.206277025086936,-0.3076868369855376,1.113458592065578,0.2837797846425244,1.2827363868772677,0.92727134275378,0.28046041711840297,1.5581289920717623,0.9054562361049673,0.2618288792346728,1.4120700505382364,0.7871721165935753,0.4590935617670698,1.1795393601090036,0.9320169794774198,0.5147986430765137,0.8759054305075737,0.8999168521789493,0.47867980910746444,0.6041890088550742,0.8555107949279515,0.4082872423822385,0.4835090559987977,0.8642383015459437,0.4170507597395087,0.43742313870339455,0.8710117788946345,0.4613337700537262,0.42915851066666477,0.9028386761828548,0.10622599961489995,1.186038140869769,0.9686503280094205,0.062498122980427964,0.8877960654092971,1.0201906201421638,0.06184737087187042,0.6301272914097148,0.953526407343114,0.10788410130728368,0.5292823186288315,0.9199211211874994,0.09263344600347978,0.4758367104248876,0.9070380480778782,0.05301372268978135,0.4718969918623785,0.9816420832210514,0.9833333333333332
0.3933857748812198,0.6447406035624924,0.9282973831188566,0.3975834464866108,0.1834652574019557,0.9984373432133816,0.3673125427775026,-0.24285804899134217,1.0326114004223752,0.3148654296653317,-0.25602118239222793,0.8381905071287327,0.38025359284193216,-0.25814140646619305,0.8481165957189346,0.3532978783479928,-0.3152860055909867,1.1214079320348345,0.1673241521308398,0.6370807818420514,0.991531007162661,0.1737723910133126,0.19247316391859687,1.0174702190328733,0.18173095024670624,-0.20439289654474518,1.0351199921693925,0.17276475237989383,-0.2458162744213045,0.8612092048578661,0.12125046291150074,-0.24727970598645405,0.9016569337373407,0.20634172409241858,-0.30808214575120024,1.1135851844742124,0.28377725555326916,1.2827336879309714,0.9273048243481083,0.2804641901674257,1.5580751613891304,0.9054960495281178,0.2614148703913301,1.4124604444140851,0.7895196364241117,0.45898121656713253,1.1793642165354523,0.9331622266761169,0.514819706792491,0.875772949267857,0.9002422447596614,0.47861006521505267,0.6038721501080582,0.8566431214527648,0.4082629874871637,0.48316208501584756,0.8640777513561153,0.41743664903467004,0.43813706285305914,0.8682621626957627,0.4612413301960654,0.42833812999961474,0.9027044338863771,0.10622069128737582,1.1860553513069885,0.9686752080001837,0.06342270836086406,0.8877377024348095,1.0204073056045164,0.0635973980943905,0.6300139705543417,0.9512042176362064,0.1076971255986485,0.5289611109172986,0.919717000430469,0.09178161407717622,0.4757552171064572,0.9047134229921989,0.05236083048802234,0.4705956668651933,0.9845721977900928,1.0
0.39351743632125125,0.6451477445491952,0.9283787096203042,0.3971684069996716,0.18410649281021604,0.9974518308078054,0.3672782949209692,-0.24295042380009646,1.0325710239109722,0.31370136588008973,-0.25515124709332404,0.8374569636865022,0.3804011070139198,-0.2581753878331605,0.8481822016514915,0.3534371599800014,-0.31537499700870986,1.1218061761755211,0.16732099743200196,0.6371910549341815,0.991043521875171,0.17368221306769463,0.19189795305877178,1.017603980536601,0.18154352676263893,-0.20536918081109135,1.0352828125110884,0.1729889184642659,-0.24477446490890448,0.8588829859943723,0.12118182532277408,-0.24737182066938748,0.9020225314879767,0.2064053388457432,-0.30836295393538365,1.1136951252875995,0.28377984187432354,1.2827191390792656,0.9273408548847315,0.28046699378893913,1.5580277838352905,0.9055358893849375,0.2609835744629717,1.4124343299995348,0.7919705909286555,0.45882252400426093,1.1791255288745162,0.9347894874814022,0.5145560351469727,0.875376285887212,0.9014922196769597,0.4783458753298328,0.6028970480529513,0.8591614368512079,0.408166467717946,0.4825670960236529,0.8639058332609009,0.4177080192347573,0.43833272693434144,0.865982475709537,0.4611094384049268,0.4267482521120196,0.9027041883425817,0.10621833696693855,1.1860761280105727,0.9686872161720272,0.06428795043310956,0.8876772273331767,1.020620840361762,0.0652204817522367,0.630140474237219,0.9486982608953733,0.10753718873788087,0.5284463614918016,0.9195963668948512,0.09110654875878663,0.4755431009668826,0.9029111859313818,0.051838210379612656,0.4693753475433689,0.9866811711093879,1.0166666666666666
0.39373459129668914,0.6456038669376769,0.928439015213217,0.39680568499855406,0.18472837186623567,0.9965611631270809,0.36716256673770425,-0.24314565707462196,1.0325096078283356,0.3122836888295301,-0.253751907222935,0.8359189641775605,0.3804554984009292,-0.2581718315060611,0.8481609970958528,0.35351446929739144,-0.315531310718985,1.1221615836710244,0.16753907809364693,0.6373364371098462,0.9901562736137091,0.17368576954413925,0.19137574813845903,1.017729364258124,0.18149368640572863,-0.20614991141208855,1.035426298191773,0.17316228045342735,-0.24367302884611358,0.8563095218495685,0.12120547056397535,-0.24740331498466162,0.9022853595516068,0.2064665453594571,-0.3085215642923895,1.113798246711653,0.2837874868276752,1.2826933410133092,0.9273741559690039,0.2804673862533059,1.5579970173877817,0.9055669607929079,0.2605955247477524,1.4119581316616818,0.7941811559452892,0.45862433217396315,1.1788309641530417,0.9368367350241417,0.514183357501938,0.8746304271435189,0.9037245805619101,0.47788806856367194,0.6010620360056367,0.863326561261534,0.40796551904252903,0.4817828299500073,0.8637756486197258,0.41781213514975307,0.43805156655249533,0.864541477285396,0.4610292193148228,0.4247336252580174,0.9028728861622806,0.10621877335654006,1.186089978204615,0.9686836083417468,0.06501173728649429,0.8876088696455723,1.0208041952650333,0.0664659398503478,0.6304658832853209,0.9463646715129705,0.10744118529064077,0.5277472757352414,0.9196208391544325,0.09062980333105912,0.475234622408124,0.9017977256089867,0.051486398054553364,0.46823985273137136,0.9879838977531296,1.0333333333333334
0.39402261712607545,0.6460426475571528,0.9283895615176105,0.39650988341273613,0.18522329115211514,0.9958190040132493,0.366992499858678,-0.24340611313860566,1.0324671543638753,0.3109462775902623,-0.25213181442003285,0.8338628582119102,0.38039983742124395,-0.258120649999996,0.848032901816981,0.35349784108054516,-0.31564107278964126,1.1223355042488272,0.16804541976754117,0.6374844473875864,0.9888714565181567,0.17379363746469767,0.1909553061210948,1.0178220404959668,0.1815591623233135,-0.20679429575088631,1.035539173910265,0.1732925775997331,-0.24267329031907314,0.8537781384032227,0.12139378141706977,-0.24716522838814706,0.9018233928420455,0.20652872939524017,-0.30858218802421117,1.1139102949445319,0.28379883322703736,1.2826584055984982,0.9274011718616211,0.28046430480361173,1.5579846593477604,0.905586090692987,0.2603061242883036,1.411122522639875,0.7958370117072495,0.4583870235646018,1.178483803977986,0.9392834952015343,0.5138416288867165,0.8734817809251769,0.9066717526598129,0.4773237077705761,0.598470702798482,0.8688494119336958,0.407687946416761,0.4808818240248147,0.8637248243335385,0.41775952434061614,0.43741455836145926,0.8640180015622894,0.46104624635676383,0.4226442040534306,0.9031794271270115,0.10622068803818793,1.1860802814578342,0.9686651323619444,0.06552899746345608,0.8875153156648086,1.0209248925739787,0.0671218988719243,0.6308343424444169,0.9446142356141523,0.10739381439299539,0.5269339544376975,0.919797565443752,0.09039553748026147,0.4749018712985027,0.901357110706308,0.05126409601065761,0.4671971569727402,0.9886632365789628,1.05
0.394371739726092,0.6464051471410541,0.9281529197659875,0.3962820285836477,0.18553638427909588,0.9952432164761047,0.36678914586523675,-0.2436818972149013,1.0324602967081558,0.3098121648713387,-0.2504797231363923,0.8315071379083024,0.38027364450135753,-0.2580226305307479,0.8478084055823503,0.35337877461812073,-0.31562946859301755,1.122238965458254,0.16882384075354842,0.6376191860442135,0.9873115200071519,0.17400995440916708,0.1906957851433232,1.017814277922707,0.18168970695085931,-0.2073759134041051,1.0356119829618748,0.1733929643121071,-0.24188698095745026,0.8515855259853436,0.12176419896791348,-0.24653634729659593,0.9002362648786094,0.20661263649469808,-0.3086033965268131,1.114032278571739,0.28381063177330945,1.2826110558740889,0.9274186779659029,0.280457897891393,1.5579841349884274,0.9055945968492829,0.26015268678355924,1.4101664121436288,0.7967242255314222,0.4581491583319265,1.1781490672494832,0.9416848154449284,0.5135749673928867,0.8719162919924714,0.9096873232172692,0.47685162389873037,0.5955450732637416,0.8748973988753533,0.40745612268934367,0.47995493375538834,0.8637908604496947,0.4176297272418034,0.43671371255134184,0.864050732329797,0.4611219776304145,0.420795317523036,0.9035862861134869,0.10622098400678925,1.1860223671616237,0.9686295913638884,0.06576289749945795,0.8874004548270629,1.0209503558711401,0.06715146262639082,0.6310208444963585,0.9438164950019118,0.10732030808155472,0.5260067342807435,0.9201232233117191,0.09048406016672172,0.47459885700743376,0.9015000282399386,0.05111222033237827,0.46633632928537083,0.9888646477265834,1.0666666666666669
0.3947720016208996,0.6466003184980202,0.9277805510784652,0.39611863496483585,0.18564163390068278,0.9948307231521893,0.3665611943231021,-0.24394800576542455,1.0324772431301428,0.30883015753199955,-0.2489154333518883,0.8290306867213456,0.38013009232552797,-0.25789817598988685,0.8475334274803523,0.35315953278485807,-0.31549145406914136,1.1218355376143483,0.1697782053241749,0.6377221472634705,0.9857374324308388,0.17430448161103138,0.19063076174550664,1.017643572390076,0.1818176131132924,-0.20791674199858293,1.0356326106907123,0.1734829814723565,-0.24143021024603697,0.8501112868631849,0.1222718527933121,-0.24560195826364417,0.8978031246251357,0.20674897175147805,-0.30865969173140345,1.1141474475486755,0.28381882515809814,1.282539431668571,0.9274208907961996,0.2804498690989995,1.5579848983343454,0.9055967145399194,0.26013147507331386,1.4093912972312304,0.7968672385501342,0.45798797829631954,1.1779432552186235,0.9432020870342737,0.5133799434468845,0.8701613927825166,0.9118913372595316,0.47667022139987414,0.5928822525423934,0.8803067416452328,0.40748431969461074,0.4791352545565183,0.8640602515581577,0.41755532540580953,0.43632214569158057,0.8641535804322322,0.4612263042587378,0.41949097304474203,0.9040892573231171,0.10621685923187368,1.1859112030010508,0.968572864695787,0.06563372019493673,0.8873318506667515,1.0208804654895856,0.06681427155896864,0.6309693734362496,0.9439772271837401,0.10716120515225416,0.5249776646535271,0.9206943999970969,0.09096200341806811,0.47430822020921026,0.9022517261708918,0.05110809678765768,0.46584376511876757,0.9884657283057987,1.0833333333333333
0.3952056106133394,0.6465154666056079,0.9274678010218478,0.3960161667898028,0.1855192299478448,0.9945728793784675,0.366305333694244,-0.2442060645452392,1.0325000322760962,0.3079001425312772,-0.247548784008878,0.82662316623427,0.37999934488068376,-0.2577716991629311,0.8472598618567838,0.352848625854025,-0.3152703147780959,1.1211286277410322,0.17080381469908218,0.6377611460530582,0.9843896103693934,0.17463607836207656,0.19069199384267937,1.0173587410958387,0.1818883791654403,-0.20838099868022797,1.0355849842246339,0.17357724869424954,-0.24142732284575327,0.8497645046538137,0.1228053051211038,-0.24459949840170703,0.8953274730643316,0.20693549094438182,-0.3087709281012921,1.1142302642113922,0.2838199622302643,1.2824457566074399,0.9274048893588352,0.2804433754800227,1.5579801670177353,0.9055960837418295,0.2601868943745118,1.4089936559060883,0.7965856260908601,0.457967410645425,1.1779375233416818,0.9432585723586211,0.5132448124960276,0.8687822323815303,0.9125808354863448,0.4767348621910139,0.5910757795992053,0.8838677555522881,0.4079091109279007,0.47857476574361235,0.8646178933529172,0.4176863452923078,0.4363602456871961,0.8643014388618284,0.4614335404487162,0.4189353167877316,0.9047073369913488,0.10621045761645273,1.1858118940713,0.9685046926505229,0.06509484925008355,0.8874166985624059,1.0207502041199437,0.06654513690638016,0.6309607866724118,0.9444692519775096,0.10704020245128472,0.5239496821168131,0.921672284439916,0.09184434235337671,0.4739789209681456,0.9037712618359782,0.05147334911910877,0.46593492001359277,0.9870530115799383,1.1
0.39564890652117946,0.6461158003773297,0.9274018140372786,0.39597422785210123,0.18517410914387386,0.9944717724843251,0.3659994002892055,-0.24445230679056607,1.0325100148817488,0.3069837727336864,-0.24648095792710323,0.824499509526341,0.37989571692293733,-0.25766515401152784,0.8470317046787775,0.3524570868518251,-0.314999234331853,1.1201529155217502,0.171851913171884,0.6377088307088727,0.9833570024528828,0.17497459924864012,0.1907217790055103,1.017129826682567,0.1818946592894933,-0.20871310571413398,1.0354587570276703,0.17364720545658086,-0.24194098262306526,0.8507768051266434,0.12321038068725695,-0.24377466414572357,0.8935856954898764,0.20711076465400188,-0.3088540587291109,1.114250364418536,0.2838112938154632,1.2823876178909508,0.9273815010759372,0.2804417580633356,1.5579724208426233,0.9055917606896597,0.26024536522529207,1.4090054345694976,0.796285331257573,0.4580923008065385,1.178090027468271,0.942073368518812,0.5131588009630547,0.8684319461730845,0.9115328432374414,0.4766769073580174,0.5906771421678183,0.884531119822596,0.4085195416878802,0.4784008471965793,0.8653726216028914,0.4181273968558457,0.4365412062964287,0.8650892850361823,0.461835872099558,0.4191658104150572,0.9054294912404406,0.1062075871694898,1.185854087532167,0.9684564762787253,0.06413234995836577,0.8877336793489827,1.0205796162201288,0.06666474739608919,0.6313891244156424,0.9443756578766436,0.1073294762712082,0.5232223716616342,0.922893390580644,0.0931229683591435,0.4736297118955753,0.9061079151656547,0.05244587830809251,0.46677044123371625,0.9840756821503305,1.1166666666666667
0.3960829370601336,0.6454882141517886,0.92764319362892,0.3960006237482774,0.18466821298921834,0.9945388443895049,0.36561535785249166,-0.24464980712796872,1.032491137972944,0.3061596520769411,-0.24578383415238547,0.8229146825324637,0.379831098981005,-0.2576034929455166,0.846890408852953,0.35199599653403274,-0.3146729222936753,1.1189650553704569,0.1729316084692755,0.6375570025466523,0.9826304622517799,0.17529265370989192,0.19060486950576594,1.0171207228731185,0.18186249378933256,-0.20887500165331185,1.0352463703545836,0.17361829441810772,-0.2428726067226526,0.8530021801577533,0.12335836357072205,-0.24334759989651644,0.8930025626816426,0.20718682466905228,-0.3087816243104607,1.1141744049139517,0.2837904261260351,1.2824683077230232,0.9273755275536035,0.28044603292878073,1.5579716272916713,0.9055790922039884,0.26026731651499857,1.4093721079257142,0.7961710347017847,0.45831167992577704,1.1783031206859427,0.9404033088749313,0.5131604561777237,0.8694785399382152,0.9090613062680799,0.47604557256031566,0.5921595032843636,0.8816528046469705,0.40866595801996153,0.4788335200847652,0.8657411900412662,0.4187456907056971,0.4365494491167419,0.8670184198387726,0.46233973921178173,0.42017065633903605,0.9060994954757962,0.10621109131278905,1.1861405303349501,0.9684612657090561,0.06274539142101106,0.8883284241755681,1.0203462742219667,0.06730656169377092,0.6323908335411272,0.9432445171852608,0.1084567138251937,0.5234573806841898,0.9234242764901763,0.09479772029073352,0.4733649706967388,0.9090227417791011,0.05422117900716508,0.4683939879293809,0.9790324772161472,1.1333333333333333
0.3965001573949324,0.6447784050848178,0.9281608913070551,0.39610832781122335,0.1841066862201719,0.9947870947943963,0.3651538003406176,-0.2447344435239491,1.0324387947135572,0.30566026471047797,-0.24550704457278813,0.822138606433807,0.3798085390683533,-0.25760699323029895,0.846865322609317,0.35147725705500327,-0.31426766149956376,1.1176287146464843,0.17404321085144048,0.6373185655598347,0.9822140807050297,0.17558584602495916,0.1903541539784478,1.017383423909144,0.18181390369783385,-0.20884237290658705,1.0349354609800192,0.17343707632903538,-0.24397506560831506,0.855933878984287,0.12320304186446529,-0.24356893517618033,0.8936822090300494,0.20709391258525212,-0.3084832468428187,1.113965946885653,0.2837562869973087,1.2827597493227578,0.9274084379921256,0.28045438536750894,1.5579904159121685,0.9055535416874936,0.26025722475194385,1.4099980332378623,0.7962178398712257,0.4585665545686926,1.1785512659257737,0.93876751815629,0.5133595595087453,0.8718092691022824,0.9059095680860445,0.47455494557181127,0.5956473516684201,0.8753446639559359,0.4074963854473238,0.4803480868509037,0.8644953051593233,0.4189573778799408,0.4365979364172396,0.8694863646741833,0.46257324751376655,0.42200204050049106,0.9064069252992735,0.10621917610052004,1.1866742177237786,0.9685295690500613,0.06098395467664977,0.8892261502077097,1.020012917009734,0.0685813026564984,0.6338018720152213,0.941285546437429,0.11065441478198457,0.5254642897824082,0.9217349757383662,0.09682454133443766,0.4732638567506465,0.9120821169612434,0.056883644999808816,0.47064760696224184,0.9718018960195716,1.15
0.39689786996646215,0.6441053803435415,0.928903129257376,0.3963014567792876,0.1835758231925554,0.9952225195670463,0.3646497931737563,-0.244654192349716,1.032353451686944,0.30582313355980223,-0.24572852160602107,0.8223580799277551,0.3797987148741105,-0.2576824835808351,0.846959823838423,0.3509149374644244,-0.3137472243975438,1.116204661941637,0.17512804353974437,0.637047633695817,0.9821384826454265,0.17590225126861042,0.190063255954116,1.0178707625182826,0.1817557155569807,-0.20861805479445072,1.0345193047896082,0.17311841496484148,-0.24503913113070935,0.8589986281023169,0.12279691872932277,-0.2446159093542579,0.8954798458691452,0.20680218694684743,-0.30798163358181463,1.1135951701808309,0.28371073072932396,1.2832525192867696,0.9274809285173552,0.28046480057008505,1.5580396934834315,0.9055132071700323,0.26023788499560374,1.4107428182671988,0.7963323656203003,0.4588241887115301,1.178893808625587,0.9371724561071684,0.5138548448421199,0.8749234532048875,0.9029351950791338,0.4721209641784285,0.6006524824468987,0.8665984688934556,0.40436617419101395,0.483508449143062,0.860346403730271,0.41789332490029285,0.4374708857054622,0.8707603208646237,0.46201413305161787,0.4246650183696571,0.9061003349263812,0.1062286452965906,1.1873769254690862,0.9686480124133727,0.05902101894997854,0.8903810209000161,1.0195684384900399,0.0706145402659427,0.6354302956240542,0.9388387101766293,0.11390758374047788,0.5296336438301813,0.9165406656438558,0.09908819699149576,0.4733810073491759,0.9145706587234652,0.060288383171405696,0.473136427947057,0.9629229584386987,1.1666666666666667
0.3972618959335449,0.6435090081243541,0.9298087885989866,0.396568931586878,0.18310557131723934,0.9958139291752409,0.3641576172199981,-0.24440353982761603,1.032234757768633,0.3068967749044038,-0.2466053657238705,0.8236807374486653,0.3797287976758341,-0.2578199807083852,0.8471463766808991,0.3503244766700938,-0.31304061895155644,1.1147483613817395,0.1761116469185917,0.6368492900161979,0.9823766565080311,0.17631074086776868,0.1898277170935166,1.0185103461378333,0.1816931763544627,-0.2082693099970786,1.0340253399585049,0.1727250581712072,-0.24599089188110776,0.8617666819294363,0.12227367442886966,-0.24636665540828215,0.8979439687125041,0.2063386523082158,-0.3073639065475497,1.1130713787124893,0.28365898047381416,1.2838776855391678,0.9275751932605751,0.2804767314802784,1.5581210127550276,0.9054612640957488,0.2602288137268631,1.4114603007200537,0.7964552658905919,0.45905441243220624,1.1793338751229654,0.9356287125180762,0.5146533751402376,0.87818043699795,0.9007672587325817,0.46881585180429486,0.606240564585089,0.8569039572502817,0.3990151583932632,0.4885614281582443,0.8528834254720766,0.4148637052758152,0.44001424114704824,0.8690665814677405,0.4602098195769334,0.4279750335576124,0.9051361026834575,0.10623619272476822,1.1881427893596865,0.9687918400008173,0.057106146703405886,0.8916603532340569,1.019067039668891,0.07337082001200619,0.6372124234809389,0.9359968179439588,0.11807329498789884,0.5356261388020414,0.9075663527992334,0.1015575158031062,0.47397435259468923,0.9150683029862555,0.06411252711938348,0.47534361396513947,0.9534090741007495,1.1833333333333331
0.39756049412668965,0.6429602790509614,0.9307929845988682,0.39689780092016785,0.18269393371199052,0.9964816894559594,0.363740421144679,-0.24401229241147498,1.0320901579279647,0.3088858266563329,-0.24831529469889604,0.8262188948521562,0.37954168313760256,-0.2579914584084194,0.8473744410374436,0.34971989645537827,-0.31206759178003474,1.1133016849503259,0.17695708320291925,0.6368174973672468,0.9827980386827723,0.17683720639685613,0.18970447481149344,1.0192620120232696,0.18163957581389134,-0.2078882336127863,1.033530446838275,0.17233950145539167,-0.24677772884757804,0.8638964543629495,0.12178817067988382,-0.2483928673930848,0.9002897989720628,0.20578344240750446,-0.30674377150347304,1.1124580752675677,0.2836079387981786,1.284546472292823,0.9276705080864942,0.28048989123945434,1.5582206158717344,0.9054078648504056,0.26023863392864877,1.4120373281983993,0.7965687797560161,0.4592089708781876,1.179754761746479,0.9344691233574183,0.5156800458277637,0.8809622520171149,0.8996958624225256,0.46477088629009844,0.6114911145047826,0.8476595263554361,0.39138085352852325,0.4952035503022752,0.8428450031821078,0.40951521700500293,0.4446504585865673,0.8635559705715629,0.4568993389248732,0.43157902422400274,0.9035674608224872,0.10623772883250916,1.188864010867566,0.9689334875463051,0.055379621859411976,0.8929250557723412,1.0186593859716266,0.07655715799686566,0.6390372931018168,0.9327770049228552,0.1229499810571234,0.542529725655359,0.895674566959004,0.10445379703278641,0.4755632359516075,0.9116400740372754,0.06806440020106566,0.47682934689144674,0.944269347986571,1.2
0.39775989146438756,0.6424115513101663,0.9317936791392323,0.39728760609070757,0.18233210519056345,0.9971565116882833,0.3634309500107078,-0.24350726107610632,1.0319298873890475,0.3115694074297606,-0.25087331686800995,0.829959907100494,0.37933394093576034,-0.25817150744222317,0.8476073239973921,0.3491090646609505,-0.3108226571998648,1.1118835175232569,0.17764827672350283,0.6369551385077853,0.9832190768021265,0.17744100343921632,0.1896907803682878,1.0201217386851806,0.1816083970160725,-0.20750403093609673,1.0331210272106635,0.17203937449435933,-0.24730468541106093,0.865117444997226,0.12144850842436497,-0.2502123829640324,0.9017131593005487,0.20522327109238594,-0.30622266147447297,1.1118362031925226,0.28356310623438225,1.285169089770932,0.9277517312217505,0.28050278693669317,1.5583167242118137,0.9053674344232367,0.2602679168080344,1.412410282821417,0.7966754855708713,0.4592602865239539,1.1800416613519575,0.9339113253246057,0.5168253491848576,0.8827326128833064,0.8996529434197069,0.46008180271568005,0.6157716918427943,0.8398731499242014,0.38161454828758135,0.502644726211429,0.8317014417850938,0.40167975331359324,0.4513352829113366,0.8544524269553124,0.45191614819403625,0.4351969208701504,0.9011813663813872,0.10622849913551291,1.189436203226479,0.9690441885309122,0.05378798612997572,0.8940993821493679,1.0185475097734344,0.07977937437517033,0.6405813984253739,0.9293347878499199,0.12820979536428154,0.5492334115788924,0.8824810897732308,0.10813138385127517,0.4785654250993781,0.9030284364460871,0.07203705593178156,0.47735499722738817,0.9362010299081441,1.2166666666666666
0.3978410060307617,0.6418219618322867,0.9328556515236224,0.39774750728506003,0.1819888748273487,0.9978376488530607,0.36320120784166876,-0.2429034235543211,1.0317546366906194,0.31460089575490535,-0.2540321288372912,0.8345771963486641,0.37941419022575046,-0.25836543605470186,0.8478591147135498,0.3484891643298412,-0.3093975814602332,1.110485980055158,0.1781558093123929,0.6371883659351553,0.9834517798030036,0.17804614197817978,0.18972278308081164,1.0210913472271617,0.18160224158154892,-0.20707862175918698,1.0328315539643433,0.17187060878249388,-0.24752518714422397,0.8654081642095514,0.12129529563708963,-0.25152931072224166,0.9019276405504428,0.2047076854278417,-0.30584902355784827,1.111266122114678,0.2835267927792593,1.285660726923287,0.9278073392968107,0.28051312019744457,1.558399837234326,0.9053511990045933,0.2603155332681138,1.4126059256129455,0.7967847994689712,0.45923623860184515,1.1801876627047154,0.9336699456132986,0.5179772828354443,0.8831885294140521,0.9002282217654604,0.4548304243875482,0.6187021554211413,0.8342722317464966,0.37048903013968004,0.509852405468152,0.8211814218465613,0.3914560032733646,0.45977843493652226,0.8427347776918956,0.44500372967287405,0.43898090954321156,0.8971207371543248,0.10620425090039512,1.1897782126802205,0.9690954034657836,0.05221007339945165,0.8951903414665598,1.0187948697668736,0.0827651501032053,0.6414680287925257,0.9259647008587386,0.13339577956229776,0.5547862239770942,0.8698337693023888,0.11271768511541312,0.48293701910612485,0.8896541838088274,0.07613127933424092,0.4768836322310028,0.9296567062765325,1.2333333333333334
0.39780359814059446,0.641175549297457,0.9340715345848658,0.3982855052052292,0.1815943733206711,0.9985681133634837,0.3630042468530783,-0.24223683677647143,1.0315661167174122,0.31757913807937593,-0.2573649117865385,0.8394757834272143,0.3801100360287957,-0.25859787129442263,0.8481736043636351,0.34784790434497403,-0.3078867463805421,1.1090762248987818,0.1784491758889725,0.6374559301374514,0.9833582853412837,0.1785852444596359,0.18969808373435693,1.0221540146801475,0.1816132768762497,-0.20657289483137925,1.0326352833075239,0.1718318501000991,-0.24751790975081353,0.8651200048247668,0.12130600718617973,-0.25229064101022436,0.9013267344731412,0.20424868067913288,-0.30559950717366796,1.110785945664889,0.2834996064479035,1.2859574865611267,0.9278284875261211,0.28052001038108165,1.55848671762438,0.9053600795382384,0.2603774971294115,1.4127504121293706,0.796901946824871,0.45919191042097873,1.1802457999638478,0.9332804491758989,0.5190070094947093,0.8824600431301163,0.9009347809330241,0.4490723729868118,0.6200188678872246,0.8315710643269152,0.3593580502771796,0.5158555259130151,0.8127927777549033,0.3795118555593782,0.4694253302296858,0.8298613085530444,0.4359546373651809,0.4434559944028183,0.89023875232989,0.10616483395509321,1.1898782105056653,0.9690736199293393,0.05059331205164624,0.8962830943295659,1.0191329036559806,0.08543595036230096,0.6415531881635202,0.9229689169973997,0.1381234328318741,0.5585719083476023,0.859376715809453,0.11786212426528395,0.4881915040233945,0.8734000487915174,0.08053208046316718,0.4755520593039355,0.9249896380479873,1.25
0.3976605228223294,0.6405065255480156,0.9354220547402156,0.3988947327793396,0.18107615951441092,0.9993634301674599,0.3628260509291098,-0.2415833474694258,1.0313815581120165,0.3200849309875334,-0.2603978385778785,0.8439623470631938,0.38150669092399225,-0.2588811585981689,0.8485732063548188,0.34717891978900633,-0.30631323631127894,1.1076302023361189,0.1785349635558567,0.6377519467315964,0.9829745413789839,0.17900238601986648,0.18951448113003327,1.0232673394754013,0.1816277989074078,-0.20598609059965964,1.0324880324024361,0.17187270968075774,-0.2474325802594223,0.8647475692739535,0.12140118454318423,-0.25258807164547203,0.9005559461270082,0.20383931800363428,-0.30539200068383066,1.1104128757882863,0.2834827805826728,1.2860533829251364,0.9278166130950192,0.280526960056419,1.5585908447252625,0.9053875777648164,0.26043569794110233,1.4129939061238754,0.7969989432084442,0.45916142131627496,1.1802335300442672,0.9326551227365631,0.5197305158549419,0.8810691140290154,0.9015292246044089,0.4427298878064969,0.6197081117102221,0.8322020577131601,0.3492919961940123,0.5200506233690558,0.8072152995107853,0.3670346759197235,0.4793008732719072,0.8175127360847774,0.42499064317907476,0.44899023608487587,0.88006569612224,0.1061180956503051,1.1898219917869475,0.9689988298421679,0.04900504515865478,0.8974230401396193,1.0190856854380055,0.0878503868809721,0.6410542426701222,0.9203377619158832,0.14229022151885154,0.5602886799337439,0.8523027833306084,0.12285138242751331,0.49362774637772694,0.856602207705438,0.08531634837491772,0.47373557431102553,0.9220839849363106,1.2666666666666666
0.39742217289046006,0.6398732533068556,0.9367879429397525,0.39953022707472996,0.1804549130989886,1.0001529862063152,0.36268340499199986,-0.24101673928294146,1.031224222787052,0.3217549644448936,-0.26272147395373313,0.8474153827546674,0.38343088884347826,-0.25921036497579786,0.8490448974448664,0.34651230040740444,-0.30468985395966725,1.106208526679334,0.17845136562332903,0.6380777692938213,0.9825447487200052,0.1792321344166953,0.1891349216258857,1.0243866265343415,0.18162955305301592,-0.2053461399544213,1.0323751023858263,0.17192764359858445,-0.24737196053342503,0.8645562738042488,0.12148845609135979,-0.2525515764838301,0.9000115293816133,0.20346819225456572,-0.30512887407182127,1.1101380069160127,0.2834775179439092,1.2860214479742824,0.9277904195212423,0.28054323464611186,1.5586585795947168,0.9054351793691857,0.2604533398410901,1.4134173789780269,0.7969974635062829,0.4591480281355069,1.1801269537696997,0.932106268723464,0.5199813310848457,0.8796544668290859,0.9020234436288119,0.4356171660277328,0.6184239141178652,0.8354287900068535,0.34026943719857794,0.5224699556846981,0.8039953012091633,0.35509057477886763,0.4883209293231279,0.8068910773901334,0.4127485554324916,0.4555473582521362,0.8671208758479504,0.10607711278123456,1.1897372807938849,0.9689143837227574,0.047670751822007945,0.8984529379069699,1.018375430578434,0.09014846451875218,0.6404844009418404,0.9175145322475846,0.14602165445027807,0.5600105163462379,0.849062831187004,0.1270093769490953,0.4985261711072066,0.8412907513159442,0.09040633845387494,0.47210956742971777,0.9197660202300899,1.2833333333333334
0.39709052204675904,0.6393031827494593,0.9380940347934551,0.40010282229177035,0.17989228248492617,1.000776930857156,0.3625987702932265,-0.24055812526261755,1.031106109730766,0.32244813558485586,-0.26411364983435137,0.8494888044522402,0.3855489960758067,-0.2595589000619319,0.849534666000608,0.34592292048825185,-0.30310755764449054,1.1049785120560789,0.1782241294286259,0.6383824174093963,0.9823479661900043,0.17921888949279421,0.1886247115487945,1.025502510098394,0.1816087100875122,-0.2046815835947257,1.0323212894351514,0.17196369873266035,-0.24735180818409444,0.8645281170960737,0.12152372692224889,-0.2523283524049964,0.8997545506128611,0.2031319378618711,-0.304745459070385,1.1099302452796447,0.2834830773775313,1.2859644197556013,0.9277750737778514,0.2805784193445646,1.5585697093357107,0.9055180339853215,0.2604085456278453,1.413993664721877,0.796860753823453,0.45914387944143975,1.179933985227366,0.931867695477673,0.519778002390295,0.8787056645870494,0.9025050885235655,0.42762252687567665,0.617428063095643,0.8392711038718661,0.3313006205891468,0.5238336395214505,0.8017710816158858,0.34397296795240384,0.495990344425444,0.7978071051465823,0.3998248995422242,0.4629045461584448,0.8523926039595873,0.10605348680094526,1.189697439057924,0.9688571567225621,0.04694596337373949,0.8990702850029071,1.017065200912417,0.09259809144374062,0.6404660125931355,0.9135368220300351,0.14948105979529364,0.5583921501911993,0.848741582580082,0.1301284656269887,0.5023504550225232,0.8288471740349677,0.09567450002496136,0.4714735089973488,0.9160089556200605,1.3
0.3966764672818918,0.6387863543068426,0.9393512821817613,0.400524492526375,0.17959775039101228,1.0010749750932404,0.36258867559937985,-0.24018734840177913,1.0310278826390222,0.32239211822563696,-0.2646371617391116,0.8502704906738011,0.3873702268117634,-0.2598588942552383,0.8499195954979737,0.345490894632246,-0.3017203986693691,1.1041148937248075,0.17785396868895934,0.6385840903843827,0.9824962491536766,0.17895501789333537,0.18808486018446113,1.0266311462145936,0.18156924065357757,-0.20399836902029073,1.0323648108312455,0.17198351784862892,-0.24734783578295907,0.8645607235463235,0.12151761409942005,-0.2520501714170439,0.8997028656353304,0.20284001785394612,-0.3042181460171269,1.1097500574718284,0.2834970088600034,1.2859386184669472,0.9277816001155192,0.2806274075596109,1.5582306114587379,0.9056405154115406,0.26035113232329365,1.4146107431522785,0.7967705384929606,0.4591435804434121,1.1797244000513458,0.9318427266965726,0.5192794477238224,0.8784456039097898,0.9029623385082014,0.418841909801983,0.6178208308625149,0.8417691873487897,0.32129982859705397,0.5251590937124607,0.7988989099438067,0.33326420261413287,0.5026347787297742,0.7887527814604347,0.38655486408563944,0.4707738676492358,0.8369795170839643,0.10605443507163151,1.1897026065178575,0.9688454542728031,0.047205234966011256,0.8990721677189388,1.0151970092485825,0.09563489286090573,0.641519202443203,0.9073777297197503,0.15291467297477473,0.5566845840031841,0.8487763140635582,0.1327553264630062,0.504961915911512,0.8195889021604602,0.10107003851615524,0.4724061061247685,0.9090626810877162,1.3166666666666669
0.3962194138288075,0.6383146754028011,0.9405859780879291,0.4007627719301715,0.17972287734990317,1.0009817739537084,0.3626567330540029,-0.23988548137557747,1.0309869768313973,0.32206218432531697,-0.2646024669575561,0.8502079903133932,0.3883649970676835,-0.26001905008787823,0.8500305650398222,0.3452654727723654,-0.3006750098317514,1.1037101469463675,0.17735539766973313,0.6386578238211731,0.9828920704854822,0.1784813036444091,0.18756339521282267,1.0277650933279752,0.18152206854714245,-0.20328570308535054,1.0325287504061198,0.17199625930986978,-0.24734002660470966,0.8645918609178682,0.12149509158151314,-0.2517311235430881,0.899779257057723,0.20260957059822582,-0.3035548304978878,1.1095767639486023,0.2835165678834968,1.28594473985194,0.9278020100641452,0.2806532399468801,1.557640683892736,0.9057595446554986,0.26039236452964654,1.4151276462202875,0.7971099422829532,0.459145464371729,1.1795745162668458,0.9318414880126156,0.5185122493023533,0.8788805511385193,0.9031437685945913,0.4095986971761435,0.6199938533343916,0.8419088017917111,0.3098247751316543,0.5271498170519034,0.7943556570135668,0.32250386650770735,0.5088533775285795,0.7782586145675643,0.37322284658606286,0.47876080918589614,0.8220525163824,0.10608185331471601,1.1897314690861847,0.9688829651057141,0.04870912569718596,0.8985029003174232,1.0124244927728672,0.09962286629144537,0.6439357389627606,0.8983456586672461,0.15680774038299736,0.556361825440549,0.8459723834170115,0.13612634621353853,0.5066588417892115,0.8125504422352914,0.10680074427564284,0.47497474219008806,0.8986147419862013,1.3333333333333333
0.3957856361755178,0.6379165441464099,0.9417736834598365,0.40084514601606386,0.1803648890775802,1.0005311323565704,0.36277658952243275,-0.23965103686968683,1.030976278284774,0.32183123784120926,-0.2643994312650285,0.8498337272733634,0.3882645968365621,-0.25999429977259636,0.8498079516150201,0.3452728066470284,-0.30006758593332855,1.103810943131126,0.17680372969836528,0.6386595731550351,0.9833532907625908,0.17786931551646074,0.18706357467260054,1.0288580914253145,0.1814736157521365,-0.2025562248432498,1.0328057755973166,0.1720027595898278,-0.24732196471542245,0.8646027672783956,0.12146617916497358,-0.2512685586342642,0.8999546571189566,0.20245332789614243,-0.30279374066110215,1.1094330759974123,0.2835395147334347,1.2859679451760457,0.9278220847777965,0.2805912448842364,1.556874540813851,0.905783324927653,0.2606375313642705,1.415445088282154,0.7981602160005242,0.4591512670894349,1.179525683763659,0.9318181770718176,0.5173114272890492,0.8798934079739607,0.9026509790615915,0.4003446047402882,0.6237784919910625,0.8393438103189842,0.2970655500436175,0.5299285854486329,0.7882678562376519,0.3115664038850327,0.514895462419852,0.7661275006262656,0.3601273423777084,0.4864907162404471,0.8085967956075862,0.10613087413417778,1.189772404927822,0.968960366232998,0.05142447104970792,0.8976005851314431,1.0081714294394823,0.10451450597704576,0.6476984084736732,0.886452286727744,0.16174008524031575,0.5585231485503018,0.8382541083481936,0.1416169708476031,0.5080246068985205,0.8060048352733623,0.11349289066244964,0.47859650257210656,0.8861028124960559,1.35
0.3954385739881887,0.6376555345271073,0.9428448272387425,0.40084492346155837,0.1815674000022583,0.9998504044271036,0.3628871882398922,-0.2394924015028617,1.0309790491362125,0.32178169738389706,-0.26428669856527626,0.8495000876336206,0.3872204516091178,-0.25984576832874545,0.8494922947263974,0.3455319413880661,-0.29993517176224377,1.104490485624399,0.17632025536446147,0.6386467451347054,0.9837782088705027,0.17720184711816006,0.1866112699466157,1.029847045903483,0.18142388009744465,-0.2018528145474619,1.033152328443519,0.17199819312642078,-0.2472949331080929,0.8645957494099317,0.12142528693279833,-0.25059282096717894,0.9002279795480984,0.20237099078239693,-0.30196025309218133,1.1093698423880713,0.2835637780917098,1.285995806840348,0.9278325636859652,0.2804246270677416,1.5560600230902506,0.9056746885962429,0.2611807217391404,1.4155747797794784,0.7998686139351114,0.45916479895020085,1.179596342934078,0.9318588703041935,0.5155515568559801,0.8812920025453846,0.9012653352953696,0.3914641722274873,0.6287783641429788,0.8340585231849239,0.2834625006927405,0.5332747378420316,0.7816575219961468,0.30033935441545223,0.5205275492841689,0.7535499632209165,0.3473609597422596,0.49372378006407325,0.7971383498195612,0.10618840877598826,1.1898201314476033,0.9690586242825494,0.05500280309307219,0.8966684234882644,1.0021408351293808,0.10988794306478783,0.6524009409953799,0.8725176392970257,0.16803419031177402,0.5634549440266439,0.825673318082812,0.15000367493733446,0.5097383167065012,0.7984519585642582,0.12200506819468984,0.48215879151678764,0.8740603121746409,1.3666666666666667
0.3952079834090975,0.6375847815467728,0.9437353124094463,0.40086953283122356,0.18324390938793003,0.9991762977016649,0.3629294442637328,-0.23941752555910764,1.0309714044045957,0.3218133173188185,-0.2642431734703117,0.8492790594075079,0.38569424448811446,-0.2597150815800323,0.8495463192861066,0.3460304720192459,-0.3002541123956497,1.1057992450479666,0.17598743878027184,0.6386156714816047,0.9841734989675743,0.1765298330417756,0.18628205480038312,1.0306673965772877,0.1813711762075817,-0.2011909105905335,1.0335020303916211,0.17197833742405227,-0.24726343391842381,0.8645862904901114,0.12136577748830912,-0.24974887287505965,0.9005841000592044,0.2023615547255148,-0.3010290985730221,1.10941909919635,0.2835862447379482,1.2860076193508108,0.9278291268960117,0.28030357246377585,1.555375133525053,0.9056165129304411,0.26211013347187323,1.4156458590341259,0.8019296709470644,0.4591861495151417,1.1797871303104155,0.9320913127636106,0.513276664977855,0.8828394707399565,0.8990968593668398,0.38320153256356276,0.634505647414847,0.8265344068368427,0.2697772666030632,0.5370015626520082,0.7759870954016982,0.2885810902736927,0.5252586624289916,0.7425410718310108,0.3348068993473198,0.5003587019343472,0.7878075134888896,0.10622882574649115,1.189870935353741,0.9691539877694322,0.059074350991389815,0.8959777192608124,0.9946118225359439,0.11527999769407413,0.6573830689414457,0.8579145535973483,0.17561933003182856,0.5706031783513736,0.8101516222087293,0.1610678263750971,0.5123305482673731,0.789399185016074,0.13285765672801125,0.48455375822057767,0.8647585736521141,1.3833333333333333
0.3950921536457402,0.637671603121837,0.9444122466126179,0.40099848891216056,0.18516348121086892,0.9987484117635533,0.3628904233519954,-0.2394257069750247,1.0309378354410674,0.32181128675234616,-0.2640451618391828,0.8490814085012265,0.3842470542827694,-0.259726075181101,0.8503054930983436,0.3466808001226786,-0.30092530186408617,1.107595117094076,0.17579936901652132,0.6385288431111259,0.9845595780961762,0.1758476263044297,0.18613908438823867,1.0312731966891642,0.18131501732426322,-0.20053631876668435,1.033803727976464,0.17194434493148164,-0.24723501606164788,0.864600207968424,0.12129109163520718,-0.24884890704840817,0.9009797348465263,0.20243356683300942,-0.29998606315960824,1.1095723023913842,0.28360292186880787,1.28597076741439,0.9278101329800731,0.28051668454966594,1.5549819367852122,0.9059807550472978,0.2634506429297348,1.4158207208738665,0.8039954486833882,0.4592062978867181,1.1801039501502202,0.9325421358042123,0.5106109631440268,0.8842601289642396,0.8964262879780649,0.37574832515841294,0.6403993863037802,0.8178409400008805,0.25733427872236114,0.5410479245660932,0.77278231957735,0.276483537367245,0.5285507132698406,0.7353238016001203,0.32245989358942734,0.5065239518761686,0.7804092866247013,0.10621502294394956,1.1899216879092713,0.9692208946194782,0.06341118963816379,0.8957091893037938,0.9862979354642347,0.12037327486508789,0.6620654155777767,0.8441619463282437,0.18416485052693754,0.5788990259363749,0.7943515392554871,0.17372207794022163,0.5159265258311586,0.7794321011547247,0.14581358538574482,0.4854545329404407,0.8587405862738041,1.4
0.39507687834968047,0.6377736361517194,0.9448538087395724,0.4012064073101162,0.18707748738050764,0.9986104173366289,0.3628002830951325,-0.23949659054675243,1.0308927005475106,0.3217206376193338,-0.2635133244884343,0.8488348370077446,0.383349941625281,-0.2599289886740537,0.8517886887346382,0.3473466831573118,-0.30178586821729825,1.1095097068263833,0.1757097505124696,0.638376597444724,0.9849266093442891,0.17514506310797626,0.18614459296835162,1.031677535286061,0.18125702858730222,-0.1998749024742575,1.0340453213324863,0.1719034839233742,-0.2472178891501445,0.8646604001540235,0.12121351593740484,-0.24801894483211814,0.9013558478388369,0.20259330776739856,-0.29889635549062915,1.1097979246323573,0.2836120628699482,1.2858850721635573,0.927788707534867,0.281275048990338,1.5549266438717846,0.907041741631275,0.2651568290958237,1.4161859938524,0.8057715754158661,0.4592088021505917,1.180618879284402,0.9329558449376048,0.5076667485691041,0.8852814891342385,0.8935322623251258,0.36928456396513887,0.6459110787109195,0.809412818997808,0.2475135917729674,0.5453898634531423,0.7728876559811987,0.26502861388242793,0.5299403923224328,0.7336858526390134,0.3107366265678726,0.5125032162306037,0.7744849570616681,0.10613612754537535,1.1899642847590175,0.9692490670382075,0.06773357247657656,0.8959497222521065,0.977894840075425,0.12492400748987784,0.6661332412840302,0.832570026013157,0.19308466890689807,0.587222375594226,0.7803893266736093,0.18639563146538105,0.5202748914916612,0.7696264044847931,0.1599815323397733,0.48563672670819813,0.8545641821724463,1.4166666666666667
0.3951444548397964,0.6377452448687231,0.9450263947687456,0.4013885778939255,0.18884436856148523,0.99856926055643,0.36269411163567167,-0.23958468461640045,1.0308697502724828,0.32154669909786565,-0.2626463689330933,0.8485385144768662,0.3832669634249476,-0.260321862274352,0.8538016868685933,0.34793182779682896,-0.30266925026655656,1.1111843807227777,0.1756943364156747,0.6381722663474828,0.9852894724320688,0.17446454180713875,0.18618707727976186,1.0319610411470679,0.1812024114449197,-0.19926226961776006,1.034237540373726,0.17186699393264399,-0.24721432160092735,0.8647714838900431,0.12114838635145547,-0.24737345859261778,0.9016472569725651,0.20284019250412563,-0.2978721848522209,1.1100574417610771,0.2836172395610359,1.285840947712094,0.9278097177555191,0.28257199682089307,1.5551213152064798,0.908784957171721,0.26715192910216207,1.4167032790949508,0.8070079965199951,0.45918451172847763,1.1814310726816861,0.9328451061902066,0.5045868604471458,0.8857497490676058,0.8906916934790912,0.3639276172924769,0.6507809978525116,0.8024901587283577,0.240762821084684,0.5502465899595577,0.7755783859031045,0.25535538593523116,0.5294711901785661,0.7380203950652626,0.3003642722233701,0.5183844910409232,0.7697538398444239,0.10606922588509152,1.1899778371559822,0.9692673990605746,0.0716296211452449,0.896684848012747,0.9697505533391861,0.1286786207035881,0.6695718855824677,0.823816274678523,0.2013591438957068,0.594736049997491,0.7692849948799481,0.19744932255549413,0.5251393403305705,0.7610175370801908,0.17419881794705394,0.4865841253376303,0.8500271891096469,1.4333333333333331
0.39527644318524424,0.6375555152285811,0.9449161185703074,0.40146117089595307,0.19042848206674423,0.9983607834169852,0.36258363809506783,-0.23964136255089277,1.0308761495889587,0.3213277592962632,-0.26156928885253594,0.8482331265322984,0.38402650582555453,-0.2608701851495259,0.8560658398763942,0.34841113063349055,-0.3034634670742544,1.112474531128721,0.17574346300116991,0.6378734846526806,0.9857695234593776,0.17386475519718972,0.18619746843375512,1.032200743681289,0.1811582336457436,-0.1987704495889558,1.0343957929780592,0.17184663057276311,-0.24721877893761146,0.8649189692963297,0.1211104263036199,-0.2469883824024081,0.9017997242095187,0.2031753709088681,-0.29701313466611456,1.1103095068477966,0.283624949086465,1.2859814142125905,0.9279234360187422,0.2842406507860782,1.5553998126569475,0.910986777381213,0.26931053520271714,1.4172713260851102,0.8075448905779716,0.4591551566497055,1.1825113286465214,0.9318188551909434,0.5016564104428013,0.885673241868697,0.8882687491707792,0.3595930361111293,0.6552313221927061,0.7974215843697562,0.2362065909529236,0.5563464982171603,0.7785737819627774,0.24767670282366988,0.5283526669679487,0.746459799705446,0.29172328072425024,0.5239445782094017,0.7665876901536871,0.1061635789830438,1.189935270355105,0.9693299070492997,0.07476542717509957,0.8977366724010816,0.9620780170554013,0.13150543438837722,0.6726824040438485,0.8176563274054953,0.20769931877095354,0.6009889249202628,0.7611987869948579,0.20561808651018312,0.5306934320357692,0.7544634521543916,0.18734103358003662,0.48999498928780105,0.8434101944764596,1.45
0.39545400072685616,0.6372408524931847,0.9446061137896735,0.4014018336484764,0.1918204234032608,0.9978311783955126,0.3624578220924418,-0.23964860437520108,1.0308807590239595,0.32110845103232855,-0.26044153233237405,0.8479716389677814,0.3853976263334988,-0.2614915008947577,0.8582495460791495,0.3487932752802177,-0.3041343654242147,1.1134024209720579,0.17582797553145457,0.6373595763749096,0.9865894166259714,0.1733624734206163,0.18618120363483082,1.0323823733527724,0.18112798775750366,-0.19842086421931882,1.0345340521702397,0.1718481093881652,-0.24722276512184627,0.8650783703380933,0.12110937835355248,-0.24685730192274918,0.9018041151583344,0.2035948224240676,-0.2963797672778516,1.1105198280784134,0.28363292097518855,1.2864095526412018,0.9281187589779094,0.28605287071169055,1.555606916158546,0.9133611895416336,0.2714288865692634,1.4178521598100438,0.8074447239253951,0.4591741944650126,1.183654044720476,0.9297946160398065,0.49928986109508033,0.885138578414283,0.886661764147888,0.3558914089595211,0.6596768876861371,0.7936619653823537,0.23221527208772447,0.5645302305855919,0.779155396829366,0.24101513373042316,0.528871208970587,0.7553155615891595,0.28438198641877505,0.5289659834773727,0.7657712255200373,0.10652748487249669,1.1898485030180206,0.9694803438904807,0.07702208254979995,0.8988209437062772,0.9552988478928943,0.1336620971111489,0.6758634320136606,0.8133644365306267,0.21118812623450606,0.6059173503222053,0.7555714152201609,0.21040198799809773,0.5375221449831116,0.7502412907577416,0.19844241955370645,0.49743908478710874,0.8338047612658204,1.4666666666666666
0.39565693507274324,0.6368015907964346,0.9442902347828032,0.4012281989185676,0.19297737572539264,0.9970250848460199,0.3622999710376424,-0.23961973431645298,1.0308525384326606,0.3209257573118274,-0.25941534190733,0.8478021481607716,0.38693629881877367,-0.2620555338246281,0.8599958222335701,0.3490901643476541,-0.30469950898675635,1.114033446732921,0.17592013795224307,0.6365200734203112,0.9879173051399839,0.17295362627623379,0.18614448481546297,1.0324310681069016,0.18110950383382285,-0.19817858178212727,1.0346503170565782,0.1718660789930483,-0.24721963679781148,0.8652226312273562,0.12114401883191847,-0.246866969660827,0.9017072719539302,0.2040569668756859,-0.29594780867215237,1.1106711745202056,0.28361404522560074,1.2871658811191244,0.9282944810926317,0.28775116545203394,1.555678930446023,0.9156285591567778,0.2732212351259339,1.418512771250604,0.807024203448287,0.4592914544402096,1.1846091156030754,0.9269372056688208,0.4977473375284972,0.8842871314387353,0.8859761855045263,0.35228318330603003,0.664321833245185,0.7905015945744227,0.22737862521537805,0.5748811683712862,0.7755576611939461,0.23415808389506548,0.5331620134840139,0.7610477629809027,0.27750175710078945,0.5335238673896469,0.7677014328833645,0.10715378836750114,1.1898191392387902,0.9697604169830258,0.07842565190319364,0.8997838626373852,0.9498763276032727,0.13588266100064733,0.6792080338799611,0.8105480758916102,0.21181419297853288,0.6098282897818837,0.7510847140177782,0.21220551377261365,0.546152513644202,0.7474814403891193,0.20683258698201953,0.5097154866423305,0.8211926148686197,1.4833333333333334
0.39586858726139834,0.6362399854291956,0.9441433181676555,0.40098575515078905,0.19383629295536056,0.9961495161881646,0.36210008627793755,-0.23957284448231495,1.0307872839432533,0.32080573504575083,-0.25862909059625644,0.8477491016206775,0.38825844589455405,-0.26244905895347087,0.8610553380358955,0.34930814967497,-0.3051652951487947,1.1144255110584147,0.17603776142166674,0.6353307159941384,0.9897312209657378,0.17264700679288705,0.1860492264395736,1.0323242645761177,0.1810989920059608,-0.19798871241859395,1.0347233878217688,0.17188949424509176,-0.24720759191732322,0.8653303109247933,0.12119951853854968,-0.2468698569014462,0.9015760165813351,0.20446696271677456,-0.29558829476606274,1.1107571450826106,0.28352048770576177,1.288229038359643,0.9283068361207696,0.28905571795056245,1.555624335929613,0.9175427806335854,0.2743598312688973,1.4193524129424135,0.8066215819521021,0.45951301503484226,1.1852355012904676,0.9236223309447148,0.4968236337349035,0.8834149978423778,0.8857525250884913,0.3483204973268088,0.6691632315984062,0.7874008850005959,0.22117735954539103,0.5863910141406383,0.767739177046402,0.22670196301155662,0.541985253971901,0.7620396889607067,0.2704922105132826,0.5379432358423286,0.7718372230320161,0.10794415925705894,1.1899766405359484,0.9702258373744144,0.07904804522463763,0.9007064880059573,0.9459125876252299,0.13906066330003136,0.6824059824430057,0.8093148100952376,0.210422650942376,0.6132500245359693,0.7462175149287065,0.21205635571423437,0.5564517038791384,0.744716664362987,0.21240580734161463,0.5260875760229089,0.8069066416954184,1.5
0.3960820976094299,0.6356314143710347,0.9441842990548972,0.40073772523860796,0.19436626530454496,0.9954228572283672,0.3618684393717681,-0.23952145363653154,1.030715687448136,0.32076138299716417,-0.25818331567894537,0.8477931585609072,0.38928396129094917,-0.26266247487566313,0.8614896988951692,0.34944749531748565,-0.30549685280854516,1.1146228370863749,0.17623681434681238,0.6338375844336829,0.9918878176305775,0.17244412592367941,0.18587898742292097,1.0320898004195218,0.18109558649016005,-0.19782679945308673,1.0347328800167954,0.17191164420504162,-0.24718940757283472,0.8653914795473017,0.12125330763534142,-0.24679925653787466,0.9014510430234098,0.20472954059282758,-0.29519025136068106,1.1107618320204995,0.28334110671452495,1.2894876355169218,0.928103451169972,0.2897417133280469,1.5554397040864854,0.9189177410228142,0.2746625620984929,1.4204425206543592,0.8063193636560005,0.4597821812340741,1.1855521685956862,0.9205475215977439,0.4959954856500294,0.8829288908922854,0.885274248723267,0.34374617941562424,0.6741361332171654,0.7837828953700695,0.21400365218282735,0.597564951100366,0.757038167975013,0.21901646079345216,0.554618735780944,0.7586459624478981,0.26311818568729156,0.5425236691183426,0.7768796191145636,0.10875708875825715,1.190311693886088,0.9708866681528189,0.07900220025667465,0.9016931458794466,0.9431963722833694,0.1437978130093462,0.6850479628260189,0.8098188497065137,0.2082142570090238,0.616612805276685,0.7402076503578582,0.21099720226832844,0.5674993019911119,0.7411010105646203,0.21567216370366155,0.5442951645221061,0.7936233002698494,1.5166666666666666
0.3962965907759638,0.6350637312391229,0.9443219220896635,0.4005424331905136,0.1945837240200184,0.9949529704690063,0.3616573323439239,-0.23948878680022778,1.030716532180147,0.32078616226106366,-0.2580792706828565,0.847877205995864,0.3900999474528524,-0.2627779295781248,0.8616411171684377,0.3495068214154869,-0.3056548550912203,1.114652874656133,0.17654930036140928,0.6321185332196675,0.9942679831855434,0.1723346317243342,0.1857106231732158,1.0317139147351142,0.1811009023631715,-0.19771284785663504,1.0346722114107725,0.17193145503183616,-0.24716866456544143,0.8654057563283335,0.12128777507190977,-0.24668253606434873,0.90133225766732,0.20482027107956507,-0.2948016115305408,1.1106588752506743,0.2831779329566604,1.2907394944808666,0.9278845429453151,0.2898190029827651,1.5551103083297062,0.9196144432961237,0.2743256732168114,1.4217990338213136,0.8060065864107855,0.4599974949635883,1.185657148301334,0.9186540905999994,0.4948853132351383,0.8830966576240025,0.8841621760594802,0.3385746629038367,0.6790731392186456,0.7792913539934785,0.20668627118574315,0.6073149445465551,0.7452638639960331,0.21151815776521354,0.56943223679059,0.7522799951588698,0.2554156079130655,0.5471872287998193,0.7816504336327587,0.10945375928282186,1.1906518908895674,0.9715841380728698,0.07856015152940501,0.9026814177531958,0.9415583486377421,0.15023005253969596,0.6869016043997456,0.812018171262155,0.206179857404797,0.6199956075017069,0.7334304293681291,0.20963376186890356,0.5780951243806413,0.7366383955055569,0.21739892954815326,0.5614918887814055,0.7841213603755721,1.5333333333333334
0.3965042811694191,0.6345514448573266,0.9445072687797438,0.40042178388403027,0.1945340787370674,0.9947372797131111,0.36154434971450194,-0.23950518099671017,1.0308797554461622,0.32084886235537047,-0.2581864998083097,0.8479476208559509,0.3906616951995928,-0.26283443839557313,0.8616998774943256,0.3494866837258823,-0.3056374813949908,1.1145203659655354,0.17692114017303287,0.630266019317107,0.996797206823414,0.1723277725452853,0.18565843866086268,1.0311400431205682,0.18111537777753192,-0.19767984795940152,1.0345483000789104,0.17194790432544077,-0.24714767903607932,0.8653791053077282,0.12129834178786739,-0.24657304497674354,0.9012050669454069,0.2047939395905562,-0.29458790904815696,1.110450740977851,0.28321853030965105,1.291758420627489,0.9280517057120009,0.289643553927023,1.5546728245030765,0.9194670694065461,0.2738371360354309,1.4233393866488895,0.8056923620682015,0.46006561625287534,1.185621667837734,0.9186809433153154,0.49341754662641246,0.8839112206028256,0.8824776889770918,0.3331672238305249,0.683637554920542,0.7743978548196918,0.2000313118823616,0.6152347863202114,0.734305717989335,0.20449977445766604,0.5842963781535957,0.7450157276279668,0.24788931754672838,0.551370646036821,0.7858543082923688,0.10996192838882057,1.1908752472579474,0.9719175137696935,0.07815225323710423,0.9035425589501587,0.9409075053322029,0.15804832484490527,0.6879641234167997,0.8157080449424674,0.20484850408697497,0.6230672692686585,0.7270788934171393,0.20821820321945578,0.5872003532758062,0.7318131490421605,0.21821625224641128,0.5754111767195316,0.779575006480372,1.55
0.3966811687167856,0.6340554806840357,0.944759912608764,0.4003314608426994,0.194282020762196,0.9947054998760242,0.36155801020713796,-0.2395709802275899,1.031186176134315,0.320906909428742,-0.25832474497325536,0.8479836253589386,0.39079168176835777,-0.26275453156438033,0.8614236133460956,0.3493888793110704,-0.3054702303705259,1.1142134935313084,0.17724202574414527,0.6283749714949354,0.9993466892004004,0.1724491785379914,0.18577401031716773,1.0303391648600202,0.18113710828416874,-0.19774665403076253,1.0343854564237565,0.17195794448764662,-0.24712806119693118,0.8653227966754586,0.12128939871886993,-0.24650700493941624,0.9010784032450039,0.2047539363867294,-0.2946995849230908,1.1102080571123396,0.28359549420506025,1.2924076501433908,0.9289109505017571,0.28974465103649755,1.5541861966673847,0.9183828302823274,0.2736198128726737,1.4249140016383022,0.8056348239082167,0.45994929637437176,1.1855253045147292,0.9206536754131742,0.4916503149034895,0.8851592651330638,0.8804181201423962,0.32809774306803824,0.6874246316583406,0.7702285084108631,0.19468689213704793,0.6211294918612256,0.7262414271584066,0.19855890156363454,0.5968804589607205,0.7395265296471669,0.2415483758980333,0.5544034978591856,0.7897028648421097,0.1102974328071163,1.1910627341704583,0.9713921437037811,0.07806842166465315,0.9042247033361495,0.9410568018581293,0.16653530866520477,0.6884392268265044,0.8203191357310615,0.20452888057532315,0.6251831352241719,0.7226536742514056,0.2070658658939664,0.5939135223853266,0.7276142466003649,0.2185651474015724,0.5850768753263035,0.7788863539101784,1.5666666666666669
0.3967963602376828,0.6335604437842394,0.9450337302012594,0.40019585807719427,0.1938926803386406,0.9947563333533379,0.3616372639323151,-0.23963395092223042,1.0314399745429117,0.3209382487822616,-0.25839382544371214,0.8479944227561551,0.3904294603059957,-0.26245179884276254,0.8604675018610455,0.3492137662962095,-0.3051741117801556,1.1137190363900675,0.1774419999953904,0.6265454986117001,1.0016704218871502,0.1727023010817729,0.1860306004080326,1.029337583292747,0.1811635700738101,-0.19790442656524598,1.0342203128591296,0.17195953561487431,-0.24710911693802065,0.865250641546515,0.12126669996118293,-0.2464935410272786,0.9009836535478699,0.20480258290024048,-0.2951972375253265,1.1100510617877273,0.2843024215028046,1.2927108709413508,0.9304876397052348,0.2904980220261506,1.553666443781623,0.9167236911979216,0.2738720100107501,1.4264293551587013,0.8061745069163073,0.4596844208725903,1.1855460573957253,0.9237000290000554,0.48969779818393444,0.8865235934262815,0.8781670449145744,0.32389023515537013,0.6901713482813322,0.7677512027161475,0.1911731364503871,0.6246820706181726,0.7229490121291815,0.1946414823569363,0.6052332820356964,0.7383613799971378,0.23741729200347345,0.5560321697226145,0.793012437015088,0.11052237378178689,1.1913636172799058,0.969792455209964,0.0783002561855555,0.9047578559151461,0.9416031036561858,0.1747142046463782,0.6886534396625354,0.8247720026691512,0.20558693417606422,0.6257016913138074,0.7214032269455076,0.206764481577267,0.5975299191758818,0.7254706925684815,0.2188253472658363,0.5906663619529621,0.7799286339745621,1.5833333333333333
0.3968364156540699,0.6331154636551728,0.9451636218461265,0.3999912372012015,0.19338064471056451,0.9948172282131074,0.36167616887570575,-0.239623844369958,1.0313920038162605,0.320962083687631,-0.2584037383624868,0.8480258485801906,0.3897064297852159,-0.2619393016395614,0.8587842861402454,0.34895851907114245,-0.30475420190726393,1.113026716131215,0.17750936260778455,0.6248908793149679,1.0035027573895239,0.17304591144626713,0.18636087737273205,1.028187489412138,0.1811919263278819,-0.19811583284400583,1.0340751342776215,0.1719544034820297,-0.2470867193868861,0.8651751127655871,0.12123684779003208,-0.24651814221495463,0.9009410674842934,0.20495169631882862,-0.2960113759720564,1.110047508771842,0.28523427573959753,1.2928212198943594,0.9325993106186059,0.29196803484868894,1.5531194519470195,0.9153656548898794,0.27466060621351324,1.4279204928808773,0.8075838060159087,0.4593663397654492,1.1858590557704285,0.926488193597074,0.48778400878988465,0.8876525365061195,0.8759636324848227,0.32086145948409683,0.6918841833243443,0.7673515156996475,0.18979382327066358,0.6257673393172479,0.7251557469512027,0.19345830694567312,0.6085245853198411,0.7427375301089,0.235958996222134,0.5564917567916816,0.7953877844853043,0.11073932529768454,1.1917883187740794,0.9674520283625896,0.0787330804370292,0.9052149686190073,0.9418893775887818,0.18166222331333487,0.6889083985670978,0.8278912887162692,0.2083079580958584,0.624403449014181,0.7238642744830242,0.2079732047719401,0.5979375323874,0.7267467192898706,0.21932395617276995,0.592950474726562,0.7813711413407005,1.6
0.39681568990235777,0.6327987470628061,0.9450187452892834,0.3997561908992781,0.19268792792251352,0.9948846676434622,0.36159451601283077,-0.2395107199292981,1.0309515850958506,0.3210264333229338,-0.25841002876471175,0.8481619654073087,0.38879337112999246,-0.2612954755792483,0.8565995953452791,0.348616798400863,-0.30420282676957455,1.112123305915069,0.17743852251634867,0.623515284533532,1.0047181751365724,0.17340791645317294,0.18669076694467868,1.0269252201719783,0.18121809955467483,-0.19834311830310578,1.033943692598511,0.17194664198903942,-0.2470583089091521,0.8651058492323013,0.12120973483878145,-0.24656232863514876,0.9009497198046161,0.20509370397195484,-0.2969510730057036,1.1101236335348692,0.28625352978024854,1.2929511075838012,0.9349696359708506,0.2939862633035318,1.5525901620730904,0.9151277589184041,0.2759808724494377,1.4295344012843663,0.8099864384131543,0.45911128494144976,1.1864383706573602,0.9280082404376322,0.48621549956378385,0.8882333992303286,0.8741317135643826,0.31905324439401644,0.6927758268223951,0.7688614393450895,0.19046941117921398,0.6247113013450898,0.7320815958917989,0.19489356400839558,0.6073754544624372,0.7519399758858659,0.23687002686140857,0.5561787631117812,0.7971138214603651,0.1111069053123513,1.1922231483417896,0.9651017644576965,0.07927742152606855,0.9056502538925856,0.9413319406550218,0.18682437939598318,0.6893854338404709,0.8290437455493634,0.21264986458243434,0.6216289084761165,0.72980669347635,0.21104427026431427,0.5958488308245643,0.7321014084038107,0.22027241993889168,0.5930453987639717,0.7830510165362925,1.6166666666666667
0.39676109200256743,0.6326604288995004,0.944606110735927,0.39953298686095995,0.19175842971030005,0.9949879204951906,0.36138520780252725,-0.23932115905166992,1.030244581862916,0.32115267290984945,-0.2584462038541419,0.8484308285326123,0.3878133039880051,-0.2605974002580836,0.8542262665828492,0.3481820926528616,-0.3035080158745266,1.110995840104753,0.1772193631448464,0.6224679876309663,1.0053827751527389,0.17373043845841674,0.18697219832542844,1.0255635731110284,0.18123633945395493,-0.19856982110888066,1.0338060324330016,0.17193883408683247,-0.2470269081506107,0.8650485380109579,0.12119570809727939,-0.24661931803138165,0.9010033644363566,0.2051116293233796,-0.2977969422250749,1.1101547394904956,0.2872163344624941,1.2933327570364228,0.9372703709182285,0.2963120996534252,1.5521421849411312,0.9163057412105902,0.2776803111522471,1.4314488452975596,0.8130605126938407,0.45901018147965117,1.1870635028436545,0.9278963494816634,0.4852251797551034,0.8881107813507418,0.8729230155471037,0.31826888578469165,0.6930903795273413,0.7717207277383288,0.19275949568772732,0.6219995705232567,0.7421414159524413,0.19806927736577756,0.603338336734472,0.7639323230492103,0.23927158500534487,0.5554980501159755,0.7990040015792907,0.11176959783906998,1.1926068630035778,0.9634512513107504,0.07984473662894279,0.9060591145645963,0.9398923279777373,0.19014301532653738,0.6900961073619752,0.8284854042478366,0.21821246662933752,0.6179821879816891,0.7385143165892215,0.21573498954260856,0.5924611110234593,0.7410103656222818,0.2217007558956795,0.592214736827664,0.7851914993885057,1.6333333333333333
0.3966956252053486,0.6327220174527759,0.9439509255826466,0.39933850402485344,0.1906160825759123,0.9951415552742693,0.3611049523798539,-0.23909609570018836,1.0294637194704108,0.32126792651865954,-0.2584840393247159,0.8486477614618005,0.386882049202805,-0.25991902669844213,0.8519856751216073,0.34766101206984856,-0.30267621880347495,1.10966402074441,0.17687332326883062,0.6217213321362771,1.0057020206505054,0.17400277491878186,0.18720366779369146,1.0241182184723339,0.18123814639148678,-0.19877533246429258,1.0336426529787215,0.17193138262351537,-0.2469981361437774,0.8650050853449182,0.12120036979312668,-0.24668548533762702,0.9010944744590795,0.204974746833979,-0.2983802302993015,1.110109473209109,0.28797813957157264,1.2941483581467979,0.9391556012779705,0.29871081516913695,1.5518133212106553,0.9187513991978004,0.2793797917455265,1.4337420716682183,0.8158710288795532,0.45909487725365594,1.1874769668304834,0.9262360682139783,0.48480564591101627,0.8873761843108017,0.8722974810548645,0.3182705700345809,0.6929579319953549,0.7753033253496555,0.19610369977791975,0.6179391239109643,0.7539080871565906,0.20205541481198938,0.597890968027587,0.776664003867724,0.24210583746307604,0.554877054367528,0.8014952110512306,0.11275821032465196,1.1929934640900204,0.9629466681391888,0.0803608905275066,0.9064215643445996,0.938075469679513,0.19198918127590314,0.6908848260702145,0.8270662117620154,0.22441231200308623,0.613939725417493,0.7490932573483473,0.22133766173558272,0.5887807790536504,0.7519661204677879,0.22342118355684631,0.5913408232173565,0.7878657793477168,1.65
0.39663311128340795,0.6329941013152249,0.9430126460768709,0.3991743719103391,0.18935884934235006,0.9953500623087987,0.36081647785515936,-0.2388497064814593,1.028724198396476,0.3212249899393499,-0.25845092149337173,0.8484466613868624,0.3861370307622785,-0.25934866873344325,0.8501868239678635,0.34709553210428046,-0.301769226361646,1.1082366735180573,0.17646978234508076,0.6212128334545848,1.0058902911244467,0.17424066955895068,0.18742214108905086,1.022627159261335,0.18121519443878198,-0.1989116964694979,1.033450327804549,0.1719262107502595,-0.2469768441808827,0.8649774472194988,0.12122140684506011,-0.24675032702884994,0.9012086037782223,0.20471081150979223,-0.29861420797574684,1.1100014044190283,0.2884249014140064,1.2954079806209746,0.9403470701930605,0.30094350755787497,1.551594332282446,0.9221096389148142,0.2806192291401858,1.4363270173153133,0.8173574072017127,0.4593266874696177,1.1875108415619802,0.9234397039784172,0.48472307640495593,0.8862814770935523,0.8719795540828554,0.3188979775658919,0.6923368597001407,0.7790936225745742,0.2000629050056096,0.6127436267695934,0.7664158164945235,0.20636843306036312,0.5919859672068749,0.7887881346334814,0.2445218016825222,0.5545846629944691,0.8045036890964912,0.11397470619151698,1.1934119158845053,0.9637700409198184,0.08080446191296956,0.9067265694253213,0.9365339159635472,0.19294483755952638,0.6915607808496839,0.825494067654042,0.23076609384863195,0.6097910570566257,0.7605833743063255,0.2271836885350415,0.5852446864987333,0.7632902079242158,0.2251381102090243,0.5906474538613644,0.7909346822462185,1.6666666666666667
0.39657653368331347,0.6334621148843799,0.941788889983451,0.39903843614411677,0.18813563530138974,0.995622612971799,0.3605542542596061,-0.23858649757581818,1.0280704612074254,0.3209189778047954,-0.25830381761099164,0.8475581252859019,0.3856998478080037,-0.25896984246847427,0.849073275503217,0.3465658182732191,-0.30090929478024614,1.1069171796786048,0.17608656428548086,0.6209208089217675,1.0060067182446004,0.17444439276691182,0.18767957615237846,1.02114516492783,0.1811696275112035,-0.19894005461146255,1.0332632468639462,0.17192787942459564,-0.2469660399633335,0.8649654651077321,0.12124861972197024,-0.24680578877956322,0.9013249380511336,0.20435972051515477,-0.29853234472262,1.1097893268756063,0.28854413756013486,1.2969356238523053,0.9407901107609027,0.30281787826331297,1.5514711989359422,0.9258836631567215,0.2811985640727985,1.4390212324539533,0.8170222878843793,0.4596146929849152,1.1871761739794073,0.9202859502632994,0.484785853625486,0.8850074213476486,0.8718608586374391,0.31998626179722567,0.6910874661113908,0.782550073063932,0.2043262796209498,0.6068639733960071,0.778706409735036,0.2107477024516625,0.586351761607877,0.7993480253071862,0.24614774300294268,0.5545198454514538,0.8079291998289491,0.11522990212038856,1.1937426924859544,0.9657609373572142,0.08119817330793137,0.9069405841890159,0.9357108144514749,0.19354076805895284,0.6920433990251945,0.8240464299111396,0.23692164708342045,0.6058487612772341,0.771839769075971,0.2328366190230996,0.581897543141841,0.7736124626027775,0.22664044559408567,0.5899982976117406,0.7941036161649069,1.6833333333333331
0.39652271547581214,0.63409263505533,0.9403689582971353,0.39893050628490695,0.18710918479611344,0.9959662427533671,0.36033060539617023,-0.23834296447428416,1.0275460133386334,0.32035425921743543,-0.2580494662010901,0.8459951312097446,0.3856014802689426,-0.2588127419988314,0.8486977757418812,0.34614661601824026,-0.30020946361320017,1.1058908514840187,0.17576570900107655,0.6208884813363028,1.0059331475740534,0.17459633533337357,0.18801347715743283,1.0197218925324163,0.18111839478480923,-0.19888025318411412,1.0331380503084655,0.1719380363572247,-0.24696602826791794,0.864958859961409,0.1212692479470822,-0.24685404795886254,0.901418792098314,0.2039672706067067,-0.29826955777734404,1.1094183675936187,0.2884612870858081,1.2985103126483675,0.9407529233084286,0.304288728096538,1.5515090425093674,0.9293595081505811,0.2813533975806695,1.4416563972788359,0.815195051156796,0.4598727133921056,1.1866529598051925,0.9177146254793973,0.4850408663618939,0.8835571397192458,0.8721907414351229,0.3213615095545528,0.689097592488756,0.7852787574902726,0.20848531617191307,0.6011273370807804,0.7894743201723691,0.21477411665167523,0.5816590149721862,0.8074773849115238,0.2471396201195633,0.5543251303330263,0.8118524481993163,0.11628577183464711,1.1938433675501376,0.9682244355650854,0.08153876301229579,0.9070554336065009,0.9355585221469075,0.19409124287126395,0.6923406755865706,0.8228955422565003,0.2422892635618089,0.602555971454286,0.7814825470974965,0.23779186930599225,0.5788175172567525,0.7818662591450638,0.22791668789070912,0.5892690985802298,0.797039132105308,1.7
0.3964706115608006,0.6348731655384988,0.9388483366114326,0.39885760639575085,0.18639672006940247,0.9963765526180519,0.3601462868351765,-0.2381881626870665,1.027227495879859,0.319597248708819,-0.2576637918592912,0.8439683723294992,0.385734199102844,-0.2588211556679501,0.8488176273405134,0.34586261215908004,-0.2997025644053238,1.1052141809537068,0.17552006414053953,0.621178421013068,1.0055219608428716,0.17470181098112536,0.18843258471070473,1.018385303341313,0.18108311190296505,-0.19880780200267661,1.0331101589684155,0.1719498359866073,-0.24697500724776358,0.864939980663106,0.12127385967255419,-0.24690359843948406,0.9014759442225393,0.20357464639821693,-0.2979629132622323,1.1088879945601584,0.2883513023684952,1.2999929094041538,0.9406439920047622,0.30547798858382375,1.5518461747005143,0.9317359208418435,0.281518786667373,1.4441228317302777,0.8127924606979441,0.4600761181321932,1.1861543258059053,0.9163824429031138,0.4856233197102716,0.8819057711860148,0.8732499592130452,0.3229555501820126,0.6862951425178363,0.7874794139216421,0.21194279684980213,0.5964997887980213,0.7974978735321467,0.21792325944030644,0.5783249305998828,0.8127857120972148,0.24787672739824693,0.5537193704905174,0.8162823501881321,0.11694103218645888,1.1937711723116275,0.9700600624277311,0.08170368125503188,0.9071600113522655,0.9354437434274581,0.19462316553594206,0.6924327118943713,0.822299129718967,0.2459339733698661,0.6003312244267858,0.7882749597953386,0.24138223570333303,0.5763627147900708,0.7874535532661753,0.2291512912062612,0.5884889059879199,0.7995519349257275,1.7166666666666666
0.3964249429336992,0.6358191356768033,0.9372676293813149,0.3988357603862206,0.1860670993396931,0.9968416097683206,0.3600063984338686,-0.23818568423541894,1.0271893789310842,0.31871901736867303,-0.25705377061284734,0.8417427697344905,0.38590954600061617,-0.25888662001021734,0.8490312009674608,0.3457026567168577,-0.2993636436021874,1.1048557195730944,0.1753582223535175,0.6218108439459538,1.00473886782243,0.17481059952258338,0.18894379788535248,1.0171527500349504,0.18107955033032372,-0.19882173899282912,1.033177224752757,0.17195156190295408,-0.24698989877708658,0.8648991554944584,0.12125776499973412,-0.24696502464684858,0.9015113926639915,0.20320285179475564,-0.29769130014690565,1.1082463528678062,0.2883066045045962,1.3013297754309672,0.9406888517449417,0.30662637037880724,1.5525699137762206,0.932759042873853,0.2819372554476506,1.4463622256594793,0.8107785222588415,0.46023609845175995,1.1858269810238227,0.9163119642572337,0.48654640332898946,0.8801406598429486,0.8750340622669832,0.32476248776515204,0.6826498216316335,0.7897226056696892,0.21419402736167825,0.593679558664239,0.8023671695462066,0.2198573216369634,0.5764548258209641,0.8157212075753134,0.2485776439030093,0.5527021862567945,0.8209000143860102,0.11711021563752222,1.1937517724329758,0.9703914273800984,0.08146298778263626,0.9073386541557951,0.9345967830378625,0.19493828320135254,0.692270502048833,0.8223505772592443,0.2471844790716275,0.5993092488210527,0.7917381563507356,0.24319933720557432,0.5750423714436173,0.7904504805906757,0.2305697784992028,0.5878318506974809,0.8016576090687868,1.7333333333333334
0.3963984772520823,0.6369294469071383,0.9356313737776987,0.3988838420369945,0.18614387818398556,0.9973586341815843,0.35993830527839676,-0.23834407847398026,1.0273949198456593,0.3178006911388032,-0.2561395797171982,0.8395997353581165,0.3859842994020225,-0.2589275631957244,0.8490778138416268,0.3456578309110872,-0.29917308163276873,1.1047933729332338,0.17528099169606387,0.6227410172420179,1.0036853201903106,0.17498160310969318,0.18956907872769685,1.0160535883701225,0.18111386570388674,-0.19901120856470955,1.0333145590035206,0.1719371604717071,-0.24700629061746507,0.8648455726570605,0.12122071524816011,-0.24704609422039023,0.9015584321187314,0.2028554691344112,-0.2974860814566609,1.1075581304593876,0.2883205579486988,1.3024810555255923,0.9408596055397344,0.3079824427653842,1.5536267330010787,0.9331949845050576,0.28256729463541375,1.4483573798230616,0.8097750950895419,0.46030475850237196,1.1857817257029624,0.9168233402233388,0.4876975314239492,0.8784141741383555,0.8772932838603685,0.3266967056500861,0.6783131192383041,0.7922214903567174,0.2151628657592024,0.5928352153555736,0.8045809996406392,0.22055293855254948,0.5759450251605578,0.8172876556498341,0.24925100496324737,0.5515411157452917,0.8251504963997586,0.11681281458301143,1.193927611660648,0.9691243563840843,0.08065943547888552,0.9075528244187716,0.932724843077354,0.1948995399678366,0.6918784841173651,0.8228166459260328,0.2462171369803894,0.5992721554288852,0.7923451037393627,0.24341735134651368,0.5752040913841759,0.79135454951791,0.23220629023007064,0.587525532386365,0.8033841176950877,1.75
0.39641037142735686,0.638143358596381,0.9339547952339287,0.39901061555779443,0.18653987937788571,0.9979432681651232,0.35997136355752957,-0.23859243001629557,1.0276446047297538,0.3169541273960943,-0.2549404058986807,0.837837860274216,0.3859184266393648,-0.2589219605229517,0.8489472831493597,0.34572271517133546,-0.2991303990701716,1.1050130169951076,0.17525066220915422,0.6239052883389321,1.0024878469379486,0.1752431185184871,0.19029714915001728,1.0151311154322022,0.18117909981139538,-0.19939978688816476,1.033491993122859,0.17191019487736497,-0.24702043506657936,0.8647990592567193,0.12116745648154648,-0.24714781942469827,0.9016408840185999,0.20253435631766162,-0.29733870858395556,1.1068716310255584,0.2883595280867373,1.3033973522995117,0.9410459020371296,0.3096360406151496,1.5548503660623014,0.9342202979497116,0.28328753739228685,1.4501338529935166,0.810063281107178,0.4601538566156439,1.1861123690427242,0.9169551638223501,0.4889135052415063,0.8768706147562313,0.8797013661433808,0.3285966109096997,0.6737294964757231,0.7946426107844504,0.21518337253541653,0.5935931060235342,0.8050373009532592,0.22022059936702365,0.5765710784426866,0.8183369362818678,0.24989937828234549,0.5505774606572085,0.8285778585509925,0.11613468356419973,1.1942474759681616,0.9668271388608325,0.07934705796838515,0.9077342368644798,0.9300952385072114,0.19465685284309406,0.6913785973333411,0.823386164720214,0.24390653598268064,0.5998411141960917,0.7910895839629368,0.24259319748084854,0.5768631956535339,0.7906608497572364,0.23386971686331665,0.587732230610239,0.8046004970948507,1.7666666666666666
0.39647395421772325,0.6393370573665723,0.932287211772054,0.3991973744904547,0.1870448172630326,0.9986041327127513,0.36009810161322175,-0.23883217589434774,1.0277090067099761,0.3163016162177173,-0.25361954586176483,0.8367033365867949,0.38574801330781283,-0.2588810065191665,0.8487556135886498,0.3458653871642058,-0.29922360578718854,1.105425610920711,0.17517522531242735,0.6252489366840134,1.0011807759019848,0.17559459703422117,0.19102996156549568,1.0144346354226235,0.1812575232667232,-0.19991999643327824,1.0336787679519404,0.1718773189705505,-0.24703156466175114,0.8647698260052059,0.12110778175974163,-0.24726379657163608,0.9017608716576081,0.20224558058023814,-0.2972126484350412,1.1061803300190645,0.2884057331617874,1.3040864272187824,0.9411877979995473,0.3114537198249041,1.5560510580718003,0.9363564894159133,0.28404343817009714,1.451748518211544,0.8116051143278175,0.45967776705347607,1.1868129344603306,0.9161490295710981,0.49001859965180916,0.8756087817871556,0.881963920126592,0.3303136631234874,0.6695268164388435,0.7965102854251378,0.2147190762204147,0.595211240024814,0.8046539425792603,0.21916784702250175,0.5780752729377178,0.8190287605589296,0.2506173034676846,0.5499587644908774,0.831041975861394,0.11519780742791541,1.1946055448627522,0.9640960585325711,0.07771880943892163,0.907900869399531,0.9272128515470478,0.19447599539027283,0.6909156310951687,0.8238912676019037,0.24126915974256613,0.6007086370089973,0.7888673266006806,0.24129596005496745,0.5797303621742511,0.7887651361947747,0.23535837554230452,0.5884406549067005,0.8051803618347204,1.7833333333333334
0.39658336060007693,0.6403531189187271,0.9306873984352161,0.3993851634626824,0.18745489331327483,0.999279866422878,0.3602814220931374,-0.23901619023559034,1.0275169133184059,0.31591595758507707,-0.2524926429119958,0.8362472786666578,0.38554441375956605,-0.25882804438992296,0.8486102960129213,0.34601704601497646,-0.29940497505267494,1.105840984364945,0.17496490478639912,0.6266621192536054,0.9997412206241649,0.17601934608941347,0.1916047398737285,1.0140225265702199,0.18133345756435967,-0.2004777083272017,1.0338434863594526,0.1718422264684924,-0.24703980712016435,0.8647491134013781,0.12105316117102621,-0.2473800146735777,0.9019000580755597,0.2019855634666964,-0.29709411073498676,1.105429562997353,0.28845543428684056,1.3046319632176728,0.9412856992776324,0.31316036735295066,1.5570902094492125,0.9391754884363986,0.2847937025018494,1.4532150082758248,0.8138661366011315,0.45888256115333714,1.1877296808325253,0.9144584130894002,0.4908543963405293,0.8746082382330995,0.8838556900376355,0.33177328476124734,0.6662308966006029,0.7976149145575742,0.21414476554850442,0.5969118542164918,0.8042364936977696,0.21773791347645793,0.5801312512900278,0.8190276801003508,0.2514446020086212,0.5495980116151197,0.832636471874621,0.11411534555531078,1.1949733762794887,0.9611630488702511,0.07599450277966947,0.9081103383420235,0.9245464837173821,0.19445859070823826,0.6905980703951058,0.8242562472009888,0.239021722536981,0.601706562897781,0.7861976711886777,0.23995513245555394,0.5832447430388519,0.786189443932933,0.23661370477952015,0.5894073574764216,0.8052567390732879,1.8
0.3967144297526743,0.6410744468934889,0.929187456851138,0.3994943780889152,0.18771469665687882,0.9998033281021161,0.3604894733599999,-0.2391592782020607,1.0271824174941857,0.3157718257361309,-0.2518823122665301,0.836257196082523,0.3853768927237071,-0.2587942681936437,0.848560243586355,0.3461150082896571,-0.2996048472093502,1.1060916650994095,0.17463553477455696,0.6279657766028977,0.998190514971268,0.17647903869278206,0.1918940205554327,1.0139500217856683,0.18140261004946312,-0.20100801143894037,1.0339635858374068,0.1718072552137102,-0.2470442522099585,0.8647222069069792,0.12101170823030413,-0.24747718373580516,0.9020269620826303,0.2017366612499042,-0.29699641311876596,1.1045799081664778,0.288507483616444,1.3050915696520804,0.9413544345265857,0.31445098052357845,1.5578768304210269,0.9417861506576363,0.2854258351122992,1.4544607900132394,0.8159586344633657,0.45787005996210783,1.188623504831275,0.9122323154222218,0.4913320390079242,0.8737251632139859,0.8851847764670371,0.33302044124321395,0.6639924785155966,0.7981476261602232,0.21367458299755338,0.5982407726846115,0.8042099829746483,0.21630050913065443,0.5822788317006582,0.8181000387032166,0.2522330072045335,0.5493712385913768,0.8334749170831631,0.11298231853390397,1.1953629642397217,0.9581089096285511,0.07439240099773896,0.9083767934992323,0.922450502905324,0.19454600464684085,0.6904827707357513,0.8244238473360651,0.2375065007185751,0.6027047512688355,0.783463529142717,0.23894460960380132,0.5865762860903638,0.7837813745665937,0.23767937570864417,0.5902476253107425,0.8051574448981268,1.8166666666666669
0.3968403325415811,0.6415118551802717,0.9277962967242732,0.3994861650298161,0.18790967307476297,0.9999921613733393,0.36070750642138005,-0.23929256733512783,1.0268698198901898,0.31578450661576307,-0.2519173031526812,0.8364256062923501,0.38528501531688625,-0.2588054584418273,0.848607910703233,0.34614941893291445,-0.29976551977985805,1.1061645567048304,0.174329977047992,0.6290126847144895,0.9966035263993527,0.17691133985735338,0.1919031219062433,1.014217875057227,0.18146695712696317,-0.20143691423050808,1.0340410918714011,0.17178102692858715,-0.2470518540553938,0.8646966170836551,0.12098512977443623,-0.2475376401889582,0.9021119133519021,0.20148328742487565,-0.2968823797978388,1.1036466620866405,0.2885571473336186,1.3054283771758082,0.9413929075449294,0.31510532794456403,1.558352733932206,0.9434223265741182,0.2858072314287209,1.455438449442957,0.8172481350890158,0.456780576445387,1.1892996139934284,0.9098438287862437,0.49149258090523285,0.8728369637242693,0.8857561847755664,0.3341638900190992,0.6625785606338941,0.7984719027017236,0.2133929285835691,0.5991719585861373,0.8043512509314368,0.21518609297864272,0.5841340979853933,0.8162688390196122,0.2527981127172194,0.5492485585620905,0.8335891109502356,0.11189810340709452,1.19575605812348,0.9551473009153377,0.07310337175762271,0.9086726049906546,0.9211657453155391,0.19466649153663024,0.6905750123408094,0.8243653956924201,0.2368764593085802,0.6035338219722516,0.7811572968029721,0.23863621267776944,0.5888108013945508,0.7824798675224235,0.23863574120545022,0.5906379215456683,0.8051465516050642,1.8333333333333333
0.3969479660082034,0.6417801938533987,0.926532748674321,0.39939558600492153,0.18811387550613573,0.9998092186372187,0.36093194527429234,-0.23943199189097478,1.0266770556307838,0.315906157577568,-0.25253410878295085,0.8366027556097649,0.38528593876746614,-0.25887222019178985,0.8487519603254746,0.3461492091262987,-0.29986403837391395,1.106154739844473,0.17421550341646855,0.629742525075474,0.9950576278842282,0.1772559224408948,0.1917542884130205,1.0147157786715177,0.181521839617963,-0.20165876589414128,1.0340976446597854,0.17178670907831983,-0.2470963262032597,0.8647278322357056,0.12096824237318665,-0.24755554465963875,0.902142867294419,0.20121876512639836,-0.2966438114468448,1.1026823307645313,0.28859604779495884,1.3055798463526085,0.9413944245274002,0.31507565277156563,1.558597883000453,0.9437159561369788,0.2859030922293525,1.4562396211922548,0.8176957510534533,0.45576275894592155,1.1897187534395854,0.9076395475713406,0.4914990292878526,0.8719355020805497,0.8854643564952052,0.3352184118391884,0.661691800213752,0.7987593985730457,0.2133253106223172,0.5998996003563708,0.8039954581939159,0.21462074454723043,0.5855955173576887,0.8136347529379013,0.2531450425432577,0.5492706924636208,0.8329394633839775,0.11093686981031475,1.1961185679319368,0.9525011040274303,0.07225637634823534,0.9089867583644704,0.9207253189384548,0.19478499867762586,0.6908452411111229,0.8241210018235794,0.23711486716348085,0.60405297307175,0.7796717008497273,0.23919287083515822,0.5893095004579575,0.7827723394854217,0.23958535110286105,0.5904415320220261,0.8053315447853633,1.85
0.3970426144044829,0.6419659851103762,0.9254438586410415,0.3992869811358679,0.18826978515092355,0.9994113493575718,0.36116445831605354,-0.2395799433253159,1.0266317305185602,0.316147487234218,-0.25357503041711466,0.8368188753652912,0.3854021159954958,-0.258986494274946,0.848989756093999,0.3461406283788351,-0.29991400501535387,1.1061399053428609,0.17437339449774802,0.6301422635583283,0.9936111906075182,0.17749398573290315,0.19158032432832878,1.015239168596047,0.18155129494971953,-0.2016307994358393,1.0341468800768783,0.17185696923912847,-0.2472380217403265,0.8649079849942459,0.12095248125530005,-0.24754110991831502,0.9021280368681481,0.20094386290901642,-0.296201412439623,1.1017417056277994,0.2886165772173463,1.3055506318825525,0.9413674563788906,0.3144660678920029,1.5588811239491305,0.9426778006802295,0.28581441084385545,1.4570334352884862,0.8176568752964037,0.45496418880290457,1.1899666572643637,0.9059418692548419,0.4914936685604183,0.8710951766296879,0.8843826070560024,0.3360791303071756,0.6612593180980308,0.7989383524746141,0.2134590638644779,0.600566427164523,0.8026141879295804,0.21473462186299197,0.5866572277282875,0.8103792792194728,0.2534405910629944,0.5494718423390733,0.8314877010669453,0.11009778494043107,1.1964403169151618,0.9501763765484182,0.07192246640037707,0.9093501424341506,0.9208562906148117,0.194866187803593,0.6912488823635985,0.823821648703188,0.2378858605907681,0.6042385114862068,0.7790160685545904,0.24031682823918932,0.5879821844475401,0.7844824212631518,0.24060691856389804,0.5897150277918439,0.8057230672874582,1.8666666666666667
0.39714026975244354,0.6420555346619061,0.924597251575712,0.3992105578790482,0.18823523783413904,0.9990451715005838,0.3614087366309064,-0.2397360430724693,1.0267356409578745,0.31651232647985766,-0.2547955833328426,0.8371182977340984,0.3856570866141889,-0.2590967731071604,0.8492392848457565,0.3461338148365781,-0.29994376996068817,1.1061424026167257,0.1747721953360453,0.6302038333609936,0.9923235977555813,0.17765774400340034,0.1914495506400189,1.0156183941416608,0.18154337893043684,-0.20145218292472078,1.0341865127854772,0.17199061191971257,-0.24748532349379018,0.8652461674530539,0.12093264855206415,-0.24750896905365427,0.9020830999229613,0.20067476776669516,-0.295598786621784,1.1008645658071337,0.28861751167811045,1.3054213279707463,0.941333071590233,0.313470707053369,1.5594543089479584,0.9406477694810051,0.285692129672085,1.4579059099147023,0.8175040216644425,0.4544989065116338,1.1901193164827268,0.9049931965355662,0.49143998080372375,0.8704774024338402,0.8826776118724025,0.33664382271879834,0.6613530336098851,0.7989195491045523,0.21375798164328882,0.6011587774182146,0.800216644058471,0.2155534018333342,0.587160113218248,0.8069187483381886,0.2538475954724063,0.5498325570891869,0.8293052666407429,0.10935123499160698,1.1967261237666316,0.9480822317237352,0.0721178040135953,0.9097648210850481,0.9211336569176707,0.19484128010062896,0.6917302660224208,0.8235962623366746,0.23858042169913024,0.6041898825897207,0.7788848306359917,0.24130668846455738,0.5853452289594947,0.7869998557461608,0.24166391687511193,0.5886555395872164,0.8062678792485077,1.8833333333333333
0.3972533457073319,0.6419866117641326,0.9240568405271627,0.3992021000471728,0.18791098046667656,0.9988835154568235,0.36166964126161044,-0.23990207184472512,1.0269919973112454,0.31693234811445914,-0.25588699353116295,0.8374608499558873,0.3860150821058267,-0.2590921326749683,0.8492974035226037,0.3461304974748588,-0.2999727187425554,1.106158417057888,0.175316001902971,0.6299197217300315,0.9912783187707992,0.17779209122686818,0.19136324963188234,1.0158314920760405,0.18151049643460831,-0.20127152601809944,1.0342167318305875,0.17209051994176444,-0.24766542552602372,0.8654822164092096,0.12091057751312023,-0.2474632515230127,0.9020189176282972,0.20044579272435398,-0.29499013215530223,1.100062192014134,0.2886050578632508,1.3053170367071711,0.9413094859747768,0.3123639690068851,1.5603450426934176,0.9382571579662695,0.2856197692409761,1.4588090692426352,0.8173960358770622,0.45437367252263117,1.190180582838608,0.904838396146347,0.49116397501584813,0.8703203254972235,0.8805214954024578,0.33687397427894716,0.6619560100831081,0.79871854440452,0.21423640259772686,0.6015191902568607,0.7973680166533056,0.21695057239953952,0.5868313454994935,0.8039621849308917,0.25449047569162747,0.5502897656033835,0.8266199212444643,0.10873565053358024,1.196960875863945,0.9463237582137527,0.0727632990338942,0.9101303051905902,0.9212800094614162,0.19466235942657845,0.692230610227791,0.8233863265627883,0.23861965159613246,0.6040651547531702,0.7789600576062194,0.24146861525897156,0.5822803754561499,0.789528875972623,0.24254984140620683,0.5874901684560563,0.8068536108600226,1.9
0.397376162494352,0.6417394779984917,0.9238509167207254,0.3992745006495063,0.1872986788327852,0.9989351278584303,0.36195057909543377,-0.24007990245533917,1.0274031494546996,0.317241846909497,-0.25657589689490745,0.8377447698595261,0.38631257519303336,-0.25890179162132637,0.8490227288788352,0.3461304446292264,-0.3000090986139121,1.106181793152952,0.17591888817801637,0.6293268563245293,0.9905472638469326,0.1779140057703471,0.19130206184612814,1.0159566319028672,0.18148306999037467,-0.20115242542815132,1.03424546467023,0.17198111787001563,-0.24744407850851413,0.865119002891505,0.1208906282652088,-0.24740093111870665,0.9019432414860158,0.2002922179651656,-0.29455834501881295,1.099294118431203,0.2885888849784584,1.3053739185123039,0.941309332106332,0.31145301290095095,1.5613962744138046,0.9362157574594501,0.28559411448843863,1.4596983163089443,0.8173311208037914,0.45444920029947156,1.1901435285813604,0.9052662224794619,0.49054547288021166,0.8708124884362446,0.8781216832044155,0.33679995675702123,0.6629218871404949,0.7984003097270795,0.21496831169726272,0.6013828857483493,0.7948955494839978,0.21865119191706986,0.5854862937738718,0.8022545440719249,0.255425074615489,0.5507571650565195,0.8237644128360402,0.10834893637240867,1.1971107991682899,0.9451858062622237,0.07368798178262166,0.9103216679186295,0.9212689191617989,0.19442661502372488,0.6926771553187466,0.8229465190268732,0.23777944104033533,0.6039533108895373,0.7791541667494505,0.2405667761825817,0.5795343727769903,0.7913087685554976,0.24294397237500084,0.5863867673067432,0.8073293782973516,1.9166666666666667
0.39748399606042445,0.6413731712713068,0.9239649857557365,0.3994057623632021,0.18647686246093298,0.9991136327257495,0.3622430231503609,-0.24026158658786156,1.0279416424244836,0.3172349249024077,-0.2567259989137545,0.8378645941583086,0.3862939265858173,-0.25869046660128225,0.8486555992056977,0.3461325446815479,-0.3000521532845314,1.1062078929199963,0.17653575833925866,0.6285475588753835,0.9900948468738922,0.1780130840992357,0.19126371702722056,1.0160564955413118,0.18148081412934636,-0.20108854498511056,1.0342790865946687,0.1715255975164954,-0.2465525521774223,0.8637572169758342,0.12087290463406368,-0.24732297019026514,0.9018666434846127,0.2002274831307969,-0.29442714555655497,1.0985164432582923,0.2885777069586321,1.3056785390880663,0.941341834310622,0.310948621249424,1.562418099481866,0.9349830984276031,0.2855846303132824,1.460632726079308,0.8173002359803656,0.45454206947233977,1.1900510471813837,0.9059001901358097,0.4896150340271316,0.8719627504342038,0.8757579925285723,0.33654003284618605,0.6640307381211299,0.7980173944267304,0.2159710399017494,0.6005319864175058,0.7934635434958446,0.2203124856585234,0.5832421267054617,0.8020168527705871,0.2564892736857571,0.5511106788508237,0.8210838549169738,0.1082367091118462,1.1971632152275749,0.9448033955557346,0.07471486270722692,0.9103308699419788,0.9212136204153094,0.19436055283556924,0.6929325748521642,0.822081263516181,0.2363009347808222,0.6037765467128927,0.7796055882362475,0.2389051838082823,0.5773749954871289,0.7919290869178417,0.24261419130829426,0.5854387001914381,0.8075639494353086,1.933333333333333
0.3975515868190167,0.6409867801891078,0.9243521700992038,0.39954225373826163,0.18555847088682995,0.9993670074983236,0.3625107878075619,-0.24041670262797993,1.0285128629259708,0.31679018224720507,-0.25642868868220486,0.8377535635847032,0.38576907364801766,-0.2588587988283107,0.8487952477784229,0.3461337613941459,-0.30008137710566923,1.106231889326663,0.1771409450587189,0.6277363024941687,0.9897624074061668,0.17807053336087433,0.19124631676717024,1.0161444787100506,0.18149996982140268,-0.20108884350726902,1.034322491278255,0.17073241867955236,-0.24500332970860603,0.8614160199018797,0.12085281517439875,-0.24723254810501166,0.9017986076244365,0.200246424507041,-0.29461284224839773,1.0978088341588463,0.28857593577989776,1.3062231958086554,0.9414075012278799,0.31085327357396836,1.563287404322693,0.934594926138323,0.285573374998219,1.4616656218711208,0.8173101635354845,0.45458190286439193,1.1899776583529973,0.9062940078181332,0.4885046398380296,0.8735323063696877,0.8737685303392586,0.33625838915963624,0.6649828540299738,0.7976123413308659,0.21713307986662203,0.5989764640911722,0.7933643610736357,0.22165058749763356,0.5805602855164516,0.8027158028451078,0.2573250098985721,0.5511704587740919,0.8188928796743253,0.10832588137153613,1.1971513815454093,0.9449491184332908,0.07571354543940245,0.9102544493842682,0.9212261169862572,0.19463551222318698,0.692841168625133,0.8207162451637712,0.23471652936765638,0.6033599253615305,0.7804824584807599,0.2370522764427228,0.5756861194101908,0.7915211511470068,0.2416341529954975,0.5846191017978036,0.8075383562895792,1.95
0.39757245632464544,0.6406871891900168,0.924896644814243,0.39961860018859446,0.18464073441587575,0.9997312355209518,0.3626957232818178,-0.24049956203954248,1.0289748744564298,0.31592601955213484,-0.2559850831341394,0.8374049962184332,0.3847272983532938,-0.2597240997999484,0.8499238520070618,0.3461295923253053,-0.3000522545176666,1.1062536469742337,0.17772494974799855,0.6269937411559644,0.989400431130381,0.17806710849447455,0.1912251580384361,1.0162200850154877,0.18152797065091403,-0.2011890284799087,1.03438631985131,0.1697824890006554,-0.24314436794261945,0.8586197529349602,0.12082542044292748,-0.24713209327766034,0.901740017253405,0.20035679212081783,-0.29504444159454246,1.0973808821622144,0.2885823152284207,1.30692732896464,0.9414953752034247,0.3109400217209806,1.563959506656096,0.9347295448360249,0.28555707589543405,1.4627247965571235,0.8173460745887592,0.4546244338192469,1.189990220811437,0.9060041934679122,0.4873723218401058,0.8750672135840297,0.872467000998252,0.3360701675074725,0.6654553996192493,0.7972339469971779,0.21827874238572875,0.5969167152413981,0.7945611160511233,0.22254458711352626,0.5779806940889534,0.8035882388769809,0.2576274774611371,0.550737239283707,0.8174468305842928,0.10849188677397445,1.1971290884423313,0.9452192095700349,0.07658115426072254,0.9101722894001394,0.9213355949102828,0.19529262806301836,0.6924013954965937,0.8187142612410689,0.23350780106511593,0.6026006449760986,0.7818216438118567,0.23553711183043183,0.574223046368236,0.7906285267526667,0.24035622707267773,0.5837570459705578,0.8073670338541694,1.9666666666666663
0.39755974216785145,0.6405957792932504,0.9253971986101139,0.39960955412810173,0.18375769992394908,1.0002712857214928,0.36276025874517054,-0.24048534302983895,1.0292425422140572,0.3147654077594139,-0.2556349682483899,0.836886371002976,0.38330073484077537,-0.2612344855872197,0.8520682427178656,0.3461192615463196,-0.29993482261808185,1.1062820561211613,0.17830346174938067,0.626371121484583,0.9889857308022008,0.17798351203909357,0.19116734483102132,1.0162981208571962,0.18155782453263514,-0.2014143566674476,1.034483520754393,0.16895688199635756,-0.24151607372514708,0.8561863433598312,0.12079065606895918,-0.24703081604302787,0.9016843580104992,0.20056843734120006,-0.29561461601395406,1.0973884717224462,0.2885923494144517,1.307684494495251,0.9415882583562162,0.3108931346095254,1.5644035950411572,0.9349666840918378,0.285538239780866,1.463673899616531,0.8173857081336948,0.45474016481360846,1.1901234647339864,0.9047780846213742,0.48636463642209776,0.8761414833273077,0.8719671338364801,0.3360087201236385,0.6652455266733215,0.7969269960624816,0.21927738041192257,0.5945741041284712,0.7966994957161042,0.22303688573038527,0.5758421544222243,0.8042346874091153,0.257313829322249,0.5496887325739295,0.816786266611902,0.10864939350250152,1.197126807486422,0.9453695975592673,0.07721965278490915,0.9101039638480818,0.921491952451464,0.19627945162288093,0.6918020666965892,0.8158827292793649,0.2328741296625215,0.6015211852004018,0.7835180222314406,0.23467866246549904,0.572744167548114,0.7898379796954127,0.23919017505715134,0.5826747318494633,0.8072136415056679,1.9833333333333327
0.3975281587278937,0.6407927408041749,0.9257046575249687,0.3995549869074759,0.18290134837168193,1.0009387179771894,0.3627188083172188,-0.24039169862271514,1.029353066655148,0.31353247411308555,-0.2553058233054232,0.8363469241092261,0.38167537551357816,-0.26302186206893496,0.8549027747096256,0.3461109910709637,-0.2997750031614142,1.1063257213298376,0.17887288823891795,0.625909365897886,0.9885867399143077,0.17781246855276997,0.19104568176468262,1.0164091663693964,0.18158324813964377,-0.20175425873796834,1.0346088642694922,0.1684965718657896,-0.240582833551987,0.8548169428538308,0.12075588766530884,-0.2469477207455423,0.901626949416418,0.20083047892175945,-0.2962134339328335,1.097780257548303,0.2886016834731132,1.3083880820251037,0.9416676735887426,0.31053405935115597,1.5645803274310073,0.9350600999281562,0.2855190566859431,1.4644374046858233,0.8174256096894226,0.4549445448538655,1.1903717060348469,0.9026847141309373,0.4855984847606799,0.876638080972842,0.8720531840753156,0.33606152335946327,0.6643444802108088,0.796716495715679,0.22009454038777276,0.5921548124285901,0.7991216805512292,0.22325155349062037,0.574278765383847,0.8046277370114452,0.25650168313381183,0.5480820087533862,0.8166078777952412,0.10872395341969841,1.197144807338758,0.945368202207256,0.07755007634462874,0.9100458105621876,0.9216235660152619,0.19739790116027123,0.6912496157123247,0.812281652593529,0.23276270252252362,0.6001837164714161,0.7853507696088411,0.2345421855120723,0.5711141779242608,0.7894414203827047,0.23844408702574277,0.5813514295924653,0.807207018539916,2.0
0.39747573054876345,0.6412095563686283,0.9258739428332795,0.39951012828281773,0.18209584937150486,1.00152302164302,0.36261641319145144,-0.24025613495108092,1.029408588061993,0.3125519923422255,-0.2547824926013141,0.8359883333757813,0.3800722902677266,-0.2646489978500273,0.8579827954344241,0.34611403976484434,-0.2996752997867142,1.1063777392033114,0.17936927252082416,0.6256157342006372,0.9882445738400365,0.17759271320282155,0.1908256360797766,1.0165827230561528,0.18159038907849873,-0.2021602948218972,1.0347259869190575,0.1685213633240692,-0.24058074897031556,0.8548613306586814,0.12073180041408874,-0.24690038643244966,0.9015706696797056,0.20105095942499612,-0.2967598955733994,1.0983718966183296,0.2886069738880396,1.308940255709055,0.9417139715891841,0.30988684565035945,1.5645337488018518,0.9349769436141718,0.28549986491462415,1.464999273263041,0.8174624542843008,0.4552083625442734,1.190702575561274,0.9000186924856801,0.4851370270280342,0.8767156870255346,0.8723288610053135,0.3361955647100381,0.6629237375758861,0.7966148982649915,0.22074575752671208,0.589891526552162,0.8011262957067393,0.22332163807925764,0.573299413005095,0.8048510752343567,0.25539072171096194,0.5461253843048601,0.8164725684791416,0.10860819724435451,1.1971751274870976,0.9452346351429601,0.07757233101976976,0.9099967054398237,0.9216854069024749,0.19830395714156884,0.690831401314645,0.8083707143133757,0.23298292473368618,0.5986526762194166,0.786977626966007,0.23498819467029194,0.5693833921911806,0.7893951397896921,0.23826030055241554,0.5799328600626892,0.8073974164361313,2.0166666666666666
0.39739081152756967,0.6416556322734164,0.9260838112601817,0.39950156352077393,0.18140045914327396,1.001812144405753,0.3624812751418171,-0.24009891322719062,1.0294692163923052,0.31214348621201937,-0.2540426270718334,0.836003868916672,0.3787768740174944,-0.26576303553964264,0.860857726472059,0.3461241563632665,-0.2996922713993026,1.1064138780386523,0.1797166987930454,0.6254526047677031,0.9879201174414681,0.17740624010351033,0.1904480756982917,1.0168393984436943,0.18156354024903873,-0.20257527232765854,1.0347839193185295,0.16903950433479847,-0.2415347144859771,0.8563486739409736,0.12072512894754703,-0.24689203033482726,0.9015218274016074,0.201198267971501,-0.29723340228795514,1.0990569086037394,0.2886054376704824,1.3092700698187807,0.9417102125560951,0.30907220782094114,1.564411583502093,0.9347770735622463,0.28547991065371175,1.4653168517036335,0.8174623911273122,0.4554885459725276,1.1910723427336032,0.8971510867507198,0.48495918237848445,0.8765721648241027,0.8725246330881444,0.33635606183404376,0.6612881620480526,0.7966509490168068,0.2212201499916751,0.5879475097227915,0.802308389713352,0.22335659876155525,0.5727551197037527,0.8049916114355297,0.2541754025397712,0.5440392980353722,0.816156515176821,0.10822887387942444,1.1972122307092732,0.9449830288985288,0.0774089488805193,0.9099587938296387,0.9216704375200755,0.19868605519063431,0.6905225789514327,0.8047913358301624,0.23329823527492277,0.5970455957160928,0.7880499821014675,0.23575070212299915,0.5677328851306601,0.7895306792653289,0.23859627152320384,0.5786297656992466,0.8077336214037603,2.033333333333333
0.39728089883770956,0.6419990691640298,0.9264098348483298,0.3995361390918992,0.1808264195041313,1.001748040460865,0.36229638098749756,-0.23990611377669596,1.0294884610744195,0.31247579624203303,-0.2532798771341637,0.8365220489783075,0.3780732497877177,-0.2661447765781352,0.8631023261183087,0.3461271067888012,-0.299794377523725,1.1064094136481717,0.17988684907902144,0.6253979890976702,0.9875235185733945,0.17729008457062498,0.18985739378433347,1.0171916206844442,0.18149688277161333,-0.20298072188235536,1.0347465612300235,0.16994048658595517,-0.24324060360468908,0.8589652671406122,0.12073569617643433,-0.24690886012864335,0.901482618717554,0.20130927475612398,-0.2976593458243053,1.0998499694167507,0.28859589911960126,1.3093717842938288,0.9416634542328184,0.30821835894797706,1.5643300320554812,0.9345397149074568,0.2854592450461466,1.465329717730618,0.8173832612315027,0.45574325635442897,1.1914301280426463,0.8944694361197622,0.4849536137919411,0.8763492046259748,0.8725925192999149,0.33647741383373375,0.6597747301491537,0.7968838188813716,0.22150226590369096,0.5862809578425777,0.8026808123706379,0.22342745054439472,0.5723470556422394,0.805147855481864,0.2530691171867251,0.5420433929528053,0.8157112967962548,0.10761839051170852,1.1972489718025447,0.9446752444897946,0.07723582710566182,0.9099356508523373,0.9215953645285877,0.19841252748352672,0.6902797469862056,0.8020451467171558,0.2335463104498605,0.5955330352475768,0.7884564678684307,0.2365283012473995,0.5664003741223871,0.7897259008726356,0.2392617513969341,0.5776108272708518,0.8080908452355233,2.05
0.39718529687174187,0.6422659878680193,0.9267530740752215,0.39961499219308855,0.18032181272994885,1.0013860434733524,0.3620148860936402,-0.23964745924971975,1.0293494916122041,0.3134656742873798,-0.2526865666859165,0.8374944772545322,0.378052980311616,-0.26580250818649276,0.8644014106594924,0.3461175841801961,-0.2999228282950693,1.1063615351814002,0.17988812924323339,0.6254782032963812,0.9869224330658758,0.17717426907827213,0.1890897562707472,1.0175699699388303,0.1814002449892905,-0.20341957670924787,1.034616546016664,0.1709516859799875,-0.24517939006848163,0.861920583170729,0.12075945851161833,-0.2469298000551572,0.9014502567345601,0.20141533596103173,-0.29808241155020193,1.1007423620621768,0.2885844316234086,1.3093250354646022,0.9416353211056339,0.30744369939374483,1.564298988332006,0.9343408908258397,0.2854408538095041,1.4650771863690208,0.8172338938166491,0.45593493330472107,1.1917201906554695,0.892360193061859,0.4849855069209337,0.8761398437239447,0.8725742575727874,0.33652474409755095,0.6586493675305768,0.7972995192645664,0.22166368480932794,0.584682473864987,0.8026121246990588,0.22356785048756195,0.571778791660466,0.8054155457109112,0.2523344229390482,0.5404160161773581,0.8153108925907062,0.10689212137966872,1.1972747308852132,0.9444357848397312,0.07716100091386593,0.9099299772845336,0.9214871117429917,0.19755313173540595,0.6901286362492841,0.8002630039917421,0.23373231610767892,0.5942452250098357,0.7884315677613835,0.23712932178099003,0.5655811339244667,0.7899020776391543,0.23999868302738975,0.5769360967201687,0.808372070147569,2.066666666666667
0.39715597692758936,0.6425293050442457,0.9269855897562657,0.39973358342167276,0.17986574357755747,1.0007776926882979,0.3616052781579298,-0.23931719554733993,1.0289834794711397,0.31474839997037285,-0.2523005337568586,0.8385400851790012,0.3785093018034264,-0.26505596790419467,0.8647406143902455,0.3461069770203341,-0.3000655361039963,1.1062914377149933,0.17973951408262517,0.6257355014961135,0.9859465894971491,0.17695496358300591,0.1882974929006756,1.0177543128595357,0.18129483840144636,-0.2039604258050085,1.0344391174081267,0.1716996119048716,-0.24663252919392611,0.8641194686002247,0.1207935187930575,-0.24694231377306308,0.901421859434044,0.2015199533951966,-0.298557894875339,1.1016665377720019,0.2885935854038878,1.309241186115674,0.9417327216981664,0.30685891995803444,1.564282983432923,0.9342331667674271,0.28542972325055804,1.4647516455541938,0.8170877257224496,0.4560375277446418,1.191894231234438,0.8911312983811652,0.484989428493105,0.8759609356805057,0.8724965694713176,0.3365345371705889,0.658082036279094,0.7976184350045648,0.22183786844625064,0.5830116679157006,0.8025807105689226,0.22378200303510104,0.5709228935526427,0.8058355373078119,0.2521727193664017,0.5394021375166939,0.8151514796907569,0.10616477064404882,1.197286870682267,0.9443373508177146,0.07719971166776943,0.9099390328914452,0.9213807670697827,0.19636945963205427,0.6901056269841132,0.7991570287535816,0.23400187639893644,0.5931793577536247,0.7883809359838017,0.23756125553085466,0.5652092059040705,0.7899792473092917,0.24057268868213458,0.5765685542183296,0.8085839254528546,2.083333333333333
0.39722580284378844,0.6427757079875982,0.9270613540223818,0.3998841887552861,0.17951033287037543,0.9999369882399075,0.36109027142393496,-0.23896208303296057,1.0284666678984569,0.3158280637641362,-0.2520191470438119,0.8390460774258844,0.3790845305188294,-0.2644445633799552,0.8645086318031663,0.3461132872300488,-0.30027479704421456,1.1062236536821286,0.1794635696771386,0.6262014185845476,0.9844569354723971,0.1766083229090575,0.18764866380210582,1.0175021127316148,0.18119930441225715,-0.20463003484405728,1.0342679540945237,0.17193491137653405,-0.2471137140894269,0.8648256745617767,0.12083825141101712,-0.246943851243132,0.901394036868548,0.2016143728189515,-0.29910413457078733,1.1025764309549595,0.28865970650788775,1.3091847592341148,0.9419899207766761,0.3065452124929659,1.564261744234977,0.934233273197975,0.2854289065068233,1.4645621904845183,0.8170187873187965,0.4560522235901906,1.1919405540779522,0.8908251570650727,0.48497610451679796,0.8757794287708381,0.8723729713630726,0.33659847557145495,0.658117714567578,0.7973489271720252,0.2220820741558025,0.5814379394636117,0.8028343202753296,0.22403729443242976,0.5698715913270105,0.8063490785419606,0.2525660230369802,0.5390827891407195,0.8153750171398726,0.10547080722864823,1.19730866173457,0.9442202586607058,0.07731036870685536,0.9099561545460008,0.9213074635128213,0.19524588600519904,0.6901464626143045,0.7982335054221162,0.23451365188850004,0.5922213803512617,0.7886028893783552,0.23791582396227148,0.5649121776022746,0.7898960867681585,0.2408693490677874,0.5764245361209911,0.8087947549478682,2.1
0.397381477253254,0.6429389292199981,0.9269591601925878,0.4000656758513073,0.17930412349528185,0.9988765286665935,0.36054986203200784,-0.23866763261169405,1.027976217761969,0.3163419972543019,-0.251705537935933,0.8385777549524489,0.3795135799903852,-0.26443678389907105,0.8642367529880249,0.346150198568002,-0.30062851171281424,1.1061745605281696,0.17907956444887813,0.6268875047829523,0.9824106267164381,0.1762045621665102,0.18723175494537675,1.0167229756903948,0.18111863318756868,-0.20539576634660617,1.0341234337050444,0.17170947289819075,-0.24671453032901358,0.8641894547975498,0.12089293414134006,-0.24692931492767056,0.9013599938792859,0.20167876212474106,-0.2996836643672226,1.1034517528594887,0.28878739590296104,1.3091700335496959,0.9422044038685697,0.30650203868225107,1.5642356120581336,0.9343271863774109,0.2854376915770563,1.464554450014494,0.8170342137709556,0.4560141718958606,1.1919036814669492,0.891102306689074,0.484970638907597,0.8756338135273138,0.8722306753953176,0.33679162008089736,0.6586339606499247,0.7961584079823476,0.22233192113262545,0.5803618594113288,0.8033191868347584,0.22426653971127802,0.5688569255492627,0.8068084250962014,0.25327597769208055,0.5393860320602547,0.8159311249107466,0.10477330243351513,1.1973832069055936,0.9437228446429033,0.07738873395313073,0.9099796692140381,0.9212668196323248,0.19454513341611743,0.6901719265516443,0.7970516391630698,0.23533489296906493,0.5913183488011191,0.7891310723530117,0.23820500307707376,0.5643307530394448,0.7896470033387587,0.24094891392628798,0.5763950668249883,0.8090498453598529,2.1166666666666667
0.3975680863025855,0.6429857348190292,0.9266194635308802,0.4002922096537098,0.17920151511782098,0.99764064305618,0.36008214807573896,-0.23850117618154212,1.027602490217283,0.31617360180831533,-0.2512613926100367,0.8371232567886798,0.3797076590443239,-0.26514290125344964,0.8641940733021343,0.34622316095911154,-0.30117587830994114,1.1061535779353553,0.1786011945389178,0.6277658207323951,0.9798544002667537,0.17582174085515714,0.18702567039537127,1.0154715570247521,0.18104571262674343,-0.20621222674352188,1.033995219910178,0.17130523646822024,-0.24598272944431165,0.863034064953844,0.12094947556333004,-0.2468919076604045,0.9013144465757639,0.20168255148961114,-0.30027931313329365,1.104259295403976,0.2888820542917926,1.3092022013428806,0.9419855682466727,0.306622451675258,1.564209094440408,0.9344863716773298,0.28545345938125166,1.4646288226944268,0.8170873640652728,0.455968908674403,1.1918528575942646,0.8914677466811645,0.4849763547746192,0.8756999599105963,0.872101449222286,0.33711621953394755,0.65942247854237,0.7940947934517882,0.22246220628145966,0.5800422742492511,0.8038085937936245,0.22440233278162153,0.5681226481361932,0.807046642048951,0.25399743155686516,0.5401538307572806,0.8164635342185455,0.10405042287749608,1.1975395237476933,0.9425757392901141,0.07728666782538116,0.9100166933507907,0.9212198312206028,0.1944592106629086,0.690243198287243,0.7953040515274988,0.23637438849049,0.5906441195946894,0.7896872399949595,0.2383546727311373,0.5633916639860934,0.7892776197400857,0.24095798675505614,0.5763985331190198,0.8093304713308155,2.1333333333333333
0.3977291687458236,0.6429107004324859,0.9259738967614282,0.40058764362743876,0.17904453952832988,0.9963174756130566,0.35974962379947334,-0.2384574325469746,1.027242094151382,0.31540528411005236,-0.2506124235174738,0.8349679382198826,0.37967447036576185,-0.2662992613607633,0.8643242434036041,0.34632576028655465,-0.3018962174003177,1.106155938800294,0.1780395561588866,0.6287535742834559,0.9768884017260281,0.17547150117817356,0.18693826045760525,1.0138425329059415,0.1809674362626419,-0.20703515275335577,1.0338687069582868,0.1710044868133298,-0.2454987622299125,0.8621722049656364,0.1209961237513561,-0.24683517822337628,0.9012593333052417,0.2016014429893267,-0.3009146587831488,1.1049686389886737,0.28877265646817135,1.3092853371985107,0.9410501246330532,0.3067631148982208,1.5641816336344656,0.9346741089840411,0.2854736511572006,1.4646905866767168,0.8171372907827552,0.45593835415006856,1.191827674391987,0.8916445159332653,0.48498198195251574,0.8761859998286541,0.8719979487513945,0.33750731370486775,0.6603262155152583,0.7914573514417552,0.2223466963329478,0.5803840224234412,0.8039235365466045,0.22441106705247238,0.5678274447842265,0.8069385863889947,0.25450616950579596,0.5411557491345205,0.8164427952715873,0.10331571626725515,1.1977732367823308,0.9407866734916541,0.07690659687347501,0.910077850902307,0.9211141066507234,0.19485883203309498,0.6904967652325804,0.7929109916205848,0.23730772060268085,0.5905088523184638,0.789777975419282,0.23828895531712027,0.5622245539673131,0.7888447418106241,0.24097975086842732,0.5764472350996492,0.8095774348958349,2.15
0.3978344222961655,0.6427083963591109,0.9249848023428606,0.4009559315580673,0.17866381196034323,0.9950067002637042,0.3595484627229435,-0.23848670653845766,1.026742800665995,0.3142681189481291,-0.24966711994249818,0.8324933960501578,0.37944433419510815,-0.26750316891119197,0.8644620306170544,0.34643986328194093,-0.30270218294725193,1.1061590489401312,0.17740153623242344,0.6297336954384685,0.9736511585872825,0.17511077074423406,0.18691630771235135,1.0119004622156098,0.18087187675488492,-0.20777624625087532,1.0337293926395583,0.17091029717031275,-0.2455075899602012,0.8618832911018904,0.12102811787323849,-0.24677124684492996,0.9012010874157574,0.20144438143555082,-0.3015494461229439,1.105589143086178,0.28834064728366987,1.3094131042687123,0.9394105482374346,0.3068472440282639,1.5641527847205592,0.9348435440447103,0.28549567099093487,1.4647124607504067,0.8171698738813087,0.45591825712060785,1.1918273203707634,0.8916415718326949,0.4849795785590739,0.8771719723277756,0.8719099682290432,0.33789635515240085,0.6612565259871923,0.7886170523745543,0.22195703245463583,0.5811168607944925,0.8032326505082233,0.22430344229965268,0.5679761029211174,0.8064317377839196,0.25470534057396865,0.5421297700244117,0.8155227669536175,0.10256115084961454,1.198058305012787,0.9385531832471568,0.07626043555282173,0.9101658667986249,0.9209216890937746,0.19529189425296722,0.6909598017361804,0.7901626081467007,0.23766455140413573,0.5910806362887616,0.7889885966482251,0.23798261922572828,0.5609801502861806,0.7883932835584849,0.24101508476957956,0.5765707373612506,0.8097562986820006,2.1666666666666665
0.3978755489337131,0.6423817471731511,0.9236585250698659,0.4013493525621875,0.17804490299573053,0.9937357695415497,0.35943263941075176,-0.23858644753962885,1.026117482999653,0.31306545514175715,-0.24836265560741283,0.8300933588085783,0.37908345148076417,-0.2684336767499461,0.8644920569378266,0.346546191302943,-0.3034993485849699,1.106138891638062,0.17669475942915186,0.630588086391421,0.9703310896833971,0.17468955468068406,0.18701023966301217,1.009670691291159,0.1807578478815684,-0.20831038907089847,1.0335622716105022,0.17095026606553526,-0.24579536705775507,0.8619623683309269,0.12104731405871225,-0.2467066630014862,0.9011451085262746,0.2012547617095627,-0.3020376494889344,1.1061561034935181,0.2875995226458975,1.3095729864423666,0.9372989536893408,0.3068787307955616,1.5641278108168784,0.9349509846366557,0.2855161711343323,1.4647025805501441,0.8171794901394636,0.4559030922078078,1.1918372128076684,0.8915715469643383,0.4849700117986335,0.8785704024862676,0.871812229128839,0.3382868360049104,0.6621291194931105,0.7859685190720309,0.22144684397821088,0.5820528561408964,0.801535884220424,0.22413044573784258,0.5683920452081369,0.8055837057105107,0.2545887414355954,0.542888218030133,0.8137343159653951,0.10177165273911859,1.1983626366993188,0.9361389712560877,0.075439009506731,0.9102625400506303,0.9206731252779268,0.19530309301570176,0.6914870989683276,0.7876290357464423,0.23713324850781403,0.5922546647854727,0.7872283993530492,0.23749002986922402,0.559753239409109,0.7879601175536112,0.241058800087965,0.5766542577102741,0.8098750142619692,2.183333333333333
0.39785235827819887,0.6419439189536015,0.9220577467383806,0.4016880472337264,0.17735656704183222,0.9924238573304992,0.3593686222217829,-0.2388135282683218,1.0255483574014486,0.3120522542138126,-0.2467559055141836,0.8281560284753688,0.3787212267405595,-0.2689312028548299,0.864398630236588,0.34663518682069727,-0.3042390364771078,1.1060882394513227,0.1759576757875683,0.6312249255788849,0.9671477803664794,0.17417474199403096,0.18731052339649312,1.0071787077467165,0.1806356299166401,-0.20854684487301672,1.0333670746571284,0.17104117476164477,-0.2459009450271822,0.8622528147553192,0.12105210163046087,-0.24663941497733377,0.9010966719650596,0.20107679340819382,-0.30224339869730926,1.1066881055706572,0.28665800161011373,1.3097525273118895,0.9350259015161941,0.30688566111165017,1.5641149445869216,0.9349816583264672,0.2855309204762067,1.4646815362145462,0.8171587150852666,0.4559072741059126,1.1918465013513622,0.8915431676712361,0.48495707119068254,0.8801920515105933,0.8716797758024932,0.33874774771729255,0.6628419768826443,0.7839176294446546,0.2210559700361856,0.5831169040627366,0.7989933191115979,0.22396094358816943,0.5688205842523202,0.8045666362724215,0.25419548136415815,0.5433786023204104,0.8113660644848346,0.10100457057556542,1.1986516832520775,0.9338487699408102,0.07456268241720988,0.9103339000030324,0.920453250165054,0.19475589787886788,0.6918347485007068,0.7859164191942188,0.23577166730170207,0.5937346054799169,0.7847253651700989,0.2369752866283249,0.5585575729972552,0.7875658097855767,0.2411148359568229,0.5764586017924569,0.8099138456165146,2.2
0.39776177528923884,0.6414142449721014,0.9203058074123533,0.40192152603529896,0.1768032178986825,0.9909553259170236,0.3593514611024106,-0.23919511172974717,1.0252062014560652,0.31136536759723166,-0.24501948573435336,0.8269979651080287,0.3784852694995072,-0.2690213122502102,0.8642596766216266,0.34670686356396374,-0.3049143446640459,1.106015932772549,0.17527903629951247,0.6316456641523716,0.9642283934630289,0.1735576047916997,0.18782774712216926,1.0044853737629447,0.180515439721587,-0.20844298339077355,1.0331647027628474,0.17117580371356872,-0.24551756255678225,0.8628544831632902,0.12104101710033446,-0.24657005720240482,0.9010642659301232,0.2009312817163749,-0.3021331111095591,1.107179931732802,0.28565628280070177,1.30993948889315,0.9329150114838176,0.3068827090668708,1.5641256552610967,0.9349620811602688,0.28553539208622886,1.4646951824836525,0.817120595728147,0.4559652267233936,1.1918479481388204,0.8916544542500697,0.48494347766087464,0.881819260153692,0.8715065813498074,0.33932479183357556,0.6633128130837633,0.782779610141699,0.2209464062261895,0.5842304901904757,0.7960179819554956,0.22385398458626787,0.5691070588221283,0.803612269028304,0.25360544513121297,0.5436630065604869,0.8087723954151533,0.10038968786348981,1.1988875760967048,0.932019598195963,0.07375534438342918,0.9103508521715071,0.9203503913669107,0.1937574161232808,0.6918318693298976,0.7854201239232764,0.2339146566265521,0.5951727604494079,0.7818699785307514,0.23665717686517385,0.5573681158409912,0.7872048442333093,0.24114675414009207,0.5758173971141851,0.8098077677326986,2.216666666666667
0.39759850391712076,0.6408290145321265,0.9185359193303553,0.4020531940574852,0.17646855661580205,0.9892726085911067,0.35938612668850095,-0.2396828070513086,1.025130788305566,0.31100825761417855,-0.24339052176399303,0.8266668686776987,0.3783982766738938,-0.26890659450373944,0.864189226948806,0.3467621280529507,-0.30552542584832504,1.1059291196597814,0.1747454447781857,0.6319674723149098,0.9614899173876187,0.17285220881365493,0.18845001034063386,1.0016801293951967,0.1803981381496212,-0.20797585361472493,1.0329818879780621,0.17128993689638994,-0.24461626538096964,0.8635985029877196,0.12102672729675568,-0.2465068143730866,0.9010558895307766,0.20081795291023474,-0.3017385027623132,1.1076161968743035,0.2847365059792588,1.3101240655824042,0.9312802886561137,0.30686790207992604,1.564179968311623,0.9349421828891966,0.2855262755786721,1.4648002577308883,0.8171255782973763,0.45608378249237225,1.1918426131294182,0.8919192822972268,0.48493282594025,0.8832678158099496,0.8713110884941985,0.3400039536424624,0.663521966933846,0.7825747035105886,0.2211723067602079,0.5852026361200806,0.793109209876276,0.22385569757461832,0.5692125570364283,0.802947194592396,0.25296349411419944,0.5438416281999676,0.8062881358176517,0.10004120260277338,1.1990370627342237,0.9309325267513271,0.07313415270486745,0.9102923149073714,0.9204136815775923,0.19239357430406395,0.6915775684935493,0.7859307757813679,0.2319120022080486,0.5962914123708892,0.7790916802025232,0.23661538198545884,0.5561660336146195,0.7868759161571858,0.24108258215607442,0.5747257836308483,0.8095748878930422,2.2333333333333334
0.3973709495682682,0.6402435990762023,0.916781682070119,0.4021063702354988,0.1762687371001152,0.9874004597764958,0.3594755190343807,-0.2402007129192027,1.025269903314504,0.31086418695985585,-0.2421356500807847,0.8268020489843807,0.37838723808797614,-0.26882975798606823,0.8642572558500146,0.3467919564650836,-0.30605079998557,1.1058073093397731,0.17437193570577225,0.6322978263092038,0.9587335448432943,0.172075237143747,0.1890229932446934,0.9988585643740283,0.18027816583406156,-0.20718284191253383,1.0328310825722828,0.17119371242663595,-0.24326194668730264,0.8638112329265455,0.12102714129138295,-0.24646192846882084,0.9010745955106041,0.2007296867481086,-0.30112140098586937,1.1079715659313634,0.2840321483881187,1.3103027595606263,0.9303616604371154,0.3068350129229676,1.564284285579483,0.934955043185397,0.28550280609404677,1.4649738980180238,0.817247086565775,0.4561653885046578,1.1918570824190762,0.892120100326151,0.48493495533060593,0.884402896962312,0.871143459279963,0.34075610251737,0.663505430809663,0.7829246176432043,0.22170077750507594,0.5858086214316889,0.7906362251905468,0.22397383146325497,0.5690907389074077,0.8026757343666683,0.25245223863782223,0.5439572305376743,0.8042278681997278,0.09997039244100189,1.1990928675965935,0.9306352466475059,0.07279074266592366,0.9101445143856306,0.920637823276121,0.19070856085502502,0.6914371658922834,0.7864200107305132,0.22997448575234164,0.5969209047511197,0.7768302594216319,0.2366724434251724,0.5548853366064831,0.7866265394838509,0.24087351851240646,0.5733392580705641,0.8092530602543572,2.25
0.3971112056284151,0.6397125571430767,0.9149508211003289,0.40208344152466896,0.17609119864939904,0.9854149923328418,0.3596155051130621,-0.24069320754239293,1.0255603218026266,0.31079806960364137,-0.24144602940391668,0.826896347935442,0.37837873069602584,-0.2688979825624927,0.8644493828678973,0.3467706977681949,-0.30643742909064325,1.105584408279339,0.17411138771280382,0.6326474639966475,0.9558560854410839,0.1712343632774829,0.18946070186463837,0.9961082084930727,0.18015782503605626,-0.20621070325650137,1.032707469924926,0.17076688408613563,-0.24161117137753835,0.8629938466897944,0.12104062470463371,-0.24644811472507744,0.9011212061311031,0.200672410394463,-0.30039782061082265,1.1082134933256125,0.28364047662045916,1.3104636819937205,0.9301788785607545,0.30679520114607645,1.564367635284115,0.9349843070966244,0.28546848783478374,1.465061907705547,0.8174983784795569,0.45602615026107396,1.1919394672749588,0.8918541509271882,0.4849708972718797,0.8850873347639914,0.8710970077516654,0.34155134218561267,0.6633040529980053,0.7833112005852085,0.22239187279590072,0.5860646960586501,0.7886991576247357,0.2241028269258156,0.568685784205582,0.8026029756698152,0.25214910094684995,0.5439780954578702,0.8028450638264756,0.10006407568039491,1.1990861891101565,0.930849037007993,0.07273883094979319,0.9099303217278258,0.9209476258838862,0.18884436366961277,0.6917740000083652,0.7856375782313201,0.22823843246036196,0.5969870029344363,0.7754575868183013,0.2365466472648653,0.5534335217450278,0.786531936626701,0.24047301663691278,0.5720403584352922,0.8085296046692427,2.2666666666666666
0.3968609520456715,0.6392780409566525,0.9129497149809309,0.40196377060246885,0.17596060616083892,0.9834047021555266,0.359796442805363,-0.24112379174267556,1.025964058739418,0.3107784944659155,-0.24132524119137694,0.8267390085040004,0.3783474213050318,-0.26907228002063,0.8647005951528572,0.34667135154465956,-0.30662849662510083,1.105189151470733,0.17390121939819655,0.633014910971192,0.9528993842520398,0.17034545066448786,0.18980074039129405,0.993489608882108,0.18006106981955447,-0.20523039477077215,1.0326060414846825,0.17010103116693243,-0.24000778770709522,0.8613312824470497,0.12104552692164987,-0.2464730812730875,0.9011964796575795,0.2006693779583832,-0.2997170479904855,1.1083156108105652,0.28356382593029306,1.310553691578157,0.9304435061312586,0.3067919951202547,1.5642675047648267,0.9349620277429174,0.2854340957721523,1.4648767335058026,0.8178201683736603,0.4555343774206255,1.1921215784745518,0.8908351953535449,0.48504557084978506,0.8852156062488399,0.8712288423555072,0.3423283270768559,0.6629365772438545,0.7834907749611264,0.22304885520518697,0.5862527073140046,0.7872921084577568,0.22404901467416577,0.5680291948144611,0.8022832852545587,0.251921973169916,0.5438878738479527,0.8021745399657007,0.1001691467396118,1.1990629062514282,0.9311686429335333,0.07287426872188561,0.9097346126160276,0.9212055046129559,0.1870008685997593,0.6927050293977972,0.7830366303194864,0.22683859124289954,0.5965915821033781,0.7749794406188724,0.2360817851502634,0.5519083786688235,0.7865549825196447,0.23977405538636035,0.5713703515669862,0.8067498654130927,2.283333333333333
0.3966523488041599,0.638981637755504,0.9107880478981325,0.4017330712821406,0.17596383023302598,0.9814463304892643,0.36001283849780186,-0.24146092702040467,1.0264699683462992,0.3108193655425586,-0.24164660242941802,0.8264501889977179,0.37830449479910055,-0.2692772374033807,0.8649536671608211,0.34650577420372114,-0.3066284000566335,1.1046520568420561,0.17368791500945752,0.6334739659421081,0.9499300995737664,0.16943942569378673,0.19017109470928578,0.9910211897917558,0.1800224791328773,-0.20429945037990588,1.0325305885960254,0.1693801250876585,-0.2388304707027208,0.8593358469732637,0.12102307908462079,-0.24653446887503175,0.9012968247203637,0.20073497373134422,-0.2991682636319605,1.108263109481734,0.2836781050701639,1.3104865722170367,0.9307433020339537,0.3068724506673462,1.5638627419914883,0.934804901068247,0.28541568008492824,1.464333480969293,0.8181264076901211,0.45470108873641574,1.1923936164501971,0.8890858681209481,0.48508683381842943,0.8848577502042749,0.8713934605601801,0.34299288129361805,0.6624180422014673,0.7835806722391224,0.22349741436414133,0.5865980777047125,0.7864099954660669,0.22372879552720787,0.5672648353934896,0.8013806332842283,0.25155238989099216,0.5437832772962057,0.8019423058928234,0.10020507466904688,1.1990472138080428,0.9313645655733367,0.07303363676999881,0.9096611931023519,0.9212697926974616,0.18528436844520585,0.6941201272413,0.7789032844867247,0.22582248810862254,0.5960964377443561,0.7748070769269877,0.2353155423767763,0.5507236832383301,0.7863874677030316,0.23866967317617677,0.5717480257786185,0.8035025193745343,2.3
0.39649778617514847,0.6388669112836504,0.9085403227437977,0.40139960563521504,0.17609061445748558,0.9796026776953107,0.3602716213864975,-0.24169351898740196,1.027077313521817,0.3108049819879669,-0.2422745431247236,0.8261687457975817,0.37827342408499753,-0.26946809636017155,0.8651792993725158,0.34633662908835244,-0.3065215728790363,1.1041385088742646,0.17344412455886654,0.6341506042384575,0.9469337646770946,0.16854250951662716,0.19068020014808232,0.988704278239931,0.18005283463753943,-0.2033839658928034,1.0324871898387649,0.1687287349641471,-0.23828579134462463,0.8573503794209528,0.1209741691296875,-0.2466205053216864,0.9014087691266051,0.2008558016491346,-0.29873657164746215,1.1080723788868965,0.28381249283238197,1.3102135762798512,0.9308481180624204,0.3070082521124357,1.5632117427147612,0.934522710065756,0.2854259832177197,1.463468614237717,0.8183296510472717,0.45364492729367933,1.192714269190331,0.8868543109729226,0.4849554304927654,0.8842400625183202,0.871259968293719,0.3434362794795526,0.6617749360881885,0.783779523154197,0.22360613282967898,0.5870604232986575,0.7858451052941944,0.22330239152049494,0.5665999067129702,0.7998856768205211,0.2509334003211727,0.5438591756405418,0.8017808818869996,0.10017623736197817,1.1990374743687928,0.9314245387190503,0.0731080188998281,0.9097210650520555,0.9210673893626067,0.18367044881775763,0.6958591862918321,0.7737528563806046,0.22509306498781928,0.5959332562104952,0.7741946697797492,0.23442092129561115,0.5503771356769351,0.7855764112795958,0.23718508916376785,0.5732239056672502,0.7990024740766187,2.316666666666667
0.39637695216582264,0.6389624691528827,0.9062417850393315,0.4009819624275896,0.1762433128114843,0.9779428380911074,0.36059216920369996,-0.2418544965386969,1.0277723715925342,0.310517202934061,-0.24304848309684127,0.825890226441908,0.3782701376288369,-0.26962972645196304,0.8653632758711122,0.3462313379386082,-0.30639859332963,1.1038297396010588,0.17316613887265705,0.635136695680242,0.9438139156645093,0.16765887916803424,0.1913232869202434,0.9865781981983821,0.1801265362812387,-0.20248947246199933,1.032486357024258,0.1681802753001818,-0.2383121833400892,0.8554487968663718,0.12091648862799653,-0.2467099226339652,0.9015062994766726,0.2010143737685814,-0.2983789563242415,1.1078490373375451,0.28387447926547266,1.3097623552767854,0.9307694843544401,0.3070629555591696,1.5624343817545645,0.9343474265443652,0.2854709806656686,1.4623587776706208,0.8183367156335374,0.452523104880921,1.19303242270094,0.8844657365708193,0.4845302374233544,0.8835709388339054,0.8705252840978408,0.3435595774649922,0.6610568463017619,0.7839985564390373,0.22340504623399066,0.5873539345184603,0.7853421833186391,0.2230372392218667,0.5662076577264226,0.7979478627230874,0.25010908144581967,0.5442702544019309,0.8015414360290742,0.10011426932046821,1.1990259646178292,0.9314026526962921,0.07308494820385174,0.9097766922204835,0.9206504496543656,0.18213173368072863,0.6977918764394883,0.7679836173697595,0.22460821169673545,0.5962519962410622,0.7730112900092014,0.2336365833960144,0.5510584094971933,0.7839470291178312,0.23551205375517725,0.5753855296238986,0.7939174442383318,2.333333333333333
0.3962387496838231,0.6392762462301673,0.9038587261861584,0.4004931103586088,0.17631726595919073,0.9765621951765695,0.36098603155937176,-0.24197623010659572,1.0285103400705498,0.309853987134021,-0.24371737276191294,0.8255508861559457,0.3782900587198572,-0.26975714318317007,0.8654972322079499,0.34621965642647545,-0.30629273080929953,1.103810573894826,0.17285638254870425,0.6364211743720143,0.9405093788425376,0.16677003545734553,0.1919861156389907,0.9847428115942103,0.1802092835759977,-0.20167799914240708,1.032550184980567,0.16772777661363197,-0.23857362969538867,0.8536516434155333,0.12086739072758099,-0.24677209514162715,0.901556921786298,0.20122818748343618,-0.2981019638009052,1.1077851223836042,0.2838701929045838,1.3091916615021597,0.9306000705900412,0.3068702768971139,1.5614688241491725,0.9346763589747593,0.28555329148469244,1.46106966050294,0.8180674843183913,0.45149397472268993,1.1933020588541066,0.8822562772385361,0.4837253123839532,0.8829973455794944,0.8689760333031598,0.34334773382925565,0.6603747469695691,0.78371306534697,0.22316712347104395,0.5871086529488314,0.7850398733648543,0.22306224822613707,0.5661451731913449,0.7956393436770408,0.24919223482427366,0.5450340073866846,0.8013348765681017,0.10004583129675343,1.1990101665092008,0.9313349536701009,0.07300867156368122,0.9096268488235201,0.9202071453031906,0.18083206162405072,0.6997399569906887,0.7620935738443603,0.22460208214858524,0.5968088864167159,0.7718303636532167,0.233224475638164,0.5524741385163219,0.7818173691595032,0.23392698151161023,0.5774853226954119,0.7890137350703555,2.35
0.39603488259571695,0.6397983956477106,0.9013659285634783,0.39993821721943257,0.1762271912569288,0.975567950251007,0.3614160433805261,-0.24204981151909186,1.0292415672515796,0.30889460329829527,-0.244000345227843,0.8251213224474396,0.3783010984288979,-0.26984972451442085,0.8655857553145359,0.3462996421758144,-0.3062066786834046,1.104077244665727,0.17253605586404713,0.637902699329977,0.9371265358069251,0.1658675674729966,0.19253197426198185,0.9833201795320643,0.18028460960460846,-0.20098357972054653,1.0327059299265056,0.1674112566986879,-0.23869180256543454,0.8522186922781538,0.12083273487009902,-0.24678151953761648,0.9015415184195276,0.2015583827582813,-0.2979318512257673,1.1080010016167972,0.28383642227935635,1.3085362087841896,0.930397027635326,0.3063133857613025,1.560128474777348,0.9358351136062323,0.2856632534633377,1.4596282875790563,0.8175547584393914,0.4507044218797438,1.193486141045415,0.8805517740876277,0.48248047483702206,0.8826596549968488,0.8664729698552925,0.3429077267949565,0.6598972310673739,0.7822755873296127,0.22314998610775238,0.5862134033278398,0.7852371535241485,0.22331101645166695,0.5664083705234374,0.7929905429094308,0.24830128650813357,0.5460561088829157,0.8013537706450777,0.09998850063347489,1.1989911037917513,0.9312431427845087,0.0729267891980658,0.9090929050047261,0.9199704333753891,0.18010866273973009,0.7014371843168022,0.7568459057231418,0.22539870361465963,0.597183140163632,0.7712814201560785,0.23337929894371712,0.5540541010533757,0.779727960242382,0.2326573408803044,0.5788437137650413,0.7849062502366868,2.3666666666666667
0.3957485333776573,0.6404825253212327,0.8988188380698527,0.39932465537247264,0.17593843032737305,0.974983197192561,0.36178507099106927,-0.24209022272926614,1.0299625923716127,0.30777703916267246,-0.24374922686895706,0.8245946218325224,0.37826096615842764,-0.26991486041121526,0.8656506347287926,0.3464620105030519,-0.3061747065457943,1.104588726511896,0.1722561485605198,0.6394461732570326,0.9339224840314587,0.16501955891901204,0.1928977224110288,0.9823931266277806,0.18034927983545895,-0.20038749151107801,1.0329628917538287,0.16730279528074538,-0.23857514626984463,0.8515046418712767,0.12081548778798354,-0.24673478335864907,0.9014673054193748,0.20205471200757244,-0.2978505456034959,1.108392088911531,0.28379518702137485,1.3077673843503588,0.9301675856831373,0.30535535190217866,1.5583995458693891,0.9378600984402823,0.28575789609511393,1.4579370300538006,0.8170865732138164,0.45026466893830325,1.1935615537809665,0.8795866891937749,0.4808370213865537,0.8826622140800299,0.8631024932271019,0.34238066023457786,0.6597703353806188,0.7794207992687903,0.22330824843065908,0.5850368563430892,0.7857744849605016,0.22366346301160994,0.5670391457648555,0.7901945078165983,0.24757937944071184,0.5471539897005688,0.8016373550193907,0.0999480790817164,1.1989690457462552,0.9311489486016784,0.07286317540974455,0.9080508318677223,0.9200293522193886,0.18017903404485958,0.7026592106168237,0.752941329154521,0.2269204420874732,0.5971811375519,0.7713261348335418,0.23402708709606676,0.5554041238139092,0.7779365625669445,0.23178457224184118,0.5792275952581247,0.7819850866662413,2.3833333333333333
0.395391369759342,0.6412222844187018,0.8963396992451245,0.39867551102662274,0.17552787076402293,0.9746182582354239,0.36200139648468727,-0.24216484555569462,1.0306819357766719,0.3066481782492839,-0.24310036367442345,0.8240002184944593,0.3781615734771787,-0.26996231445476965,0.8657169980156006,0.34669862872613105,-0.30626515401522014,1.105292738222538,0.17206668981630402,0.640903556028608,0.9311662590860221,0.16439035150607026,0.19311825228639687,0.9819600384198439,0.18039737477130469,-0.19986721455644288,1.0332839827175069,0.16737549957129838,-0.23838783994383494,0.8514576897817616,0.1208223089364628,-0.24664649172673625,0.9013563931715702,0.2026646411767523,-0.29778838397606755,1.1087271555392197,0.28375143074182074,1.3067635005959717,0.9298894036507679,0.304050123547483,1.556519197269416,0.9403022946990154,0.2857703199372725,1.4557047437488622,0.8171273220786456,0.45018296918718587,1.1935422066148265,0.8793203729888919,0.47898437125079374,0.8829959567797314,0.8592601553483089,0.34185653405683203,0.660070593207984,0.7754375590558071,0.22333151037353388,0.5842362353838739,0.7858767558236791,0.22402374209505044,0.5681053928674594,0.7875416858963868,0.24720171518184758,0.5481000837099312,0.8018768348956787,0.0999195972360998,1.198943171012978,0.9310715794905251,0.0728277628152874,0.9065144586512199,0.9201805445414122,0.18092947980617444,0.703403677052519,0.7504830184790702,0.22843476438662014,0.597160589722929,0.7709956773958517,0.23469812895750902,0.5566337688506322,0.7760619069059504,0.2312779621988275,0.5788677336396351,0.7804503604683571,2.4
0.3949901364976666,0.6418808068135128,0.894042335693486,0.39803168801823147,0.17517321384926662,0.974144626630902,0.3620570457974341,-0.24231967097215593,1.0313613605281513,0.30573629941699115,-0.24249083743891361,0.8235305830185887,0.3780476427287849,-0.26999946042570927,0.8658016933731958,0.3469953413613189,-0.3065021347121308,1.1061368753076914,0.17199163870962036,0.6421295132352693,0.9290095535731672,0.16415171942407925,0.19326427473809552,0.9819090782206448,0.1804193357362601,-0.19943300324907534,1.0335893244987142,0.16749740502725405,-0.2382619067948188,0.8516440809749505,0.12084617537610665,-0.24653685939485015,0.9012318359252156,0.20324389521136732,-0.2976807227466075,1.1089267322249,0.2837032521003905,1.3053778319522662,0.9295405822476632,0.30246151984380765,1.5547674134499927,0.9422060348811345,0.2856575041068864,1.4525286245825897,0.8179572092285451,0.4503266542176826,1.1934905634737933,0.8793547752886457,0.4771913030210555,0.8835019172696011,0.8555013145776154,0.3413800732087263,0.6608151981999983,0.7709710265156607,0.2228057045177905,0.5844973780637017,0.7844055971964163,0.22422852866637452,0.5696333291640269,0.7850533079115974,0.24723015669194667,0.5487326895046946,0.8015377141262052,0.09989465909988651,1.198914701740461,0.9310191829613812,0.07283164881690526,0.9046830904560016,0.9200286045770556,0.1820156582465056,0.7039016053869066,0.7488704461862397,0.22888428584054188,0.5978939617707316,0.7689048461512662,0.23472075946668935,0.5582518199883726,0.7732681931319503,0.23108317418983718,0.5782559269811638,0.7801930842025789,2.4166666666666665
0.39458545809971973,0.6423793044954026,0.8919434405224047,0.39743908814458034,0.1750783494183585,0.9733696867744488,0.36201577361624976,-0.24254811446861851,1.0319552440458473,0.3053431328387742,-0.24238997150167027,0.8235574515342741,0.37797975560138686,-0.27003707617798695,0.8659131730943019,0.34733294041376594,-0.30682531642174926,1.107082709206875,0.1720091007688833,0.643059684529482,0.9274001788615918,0.16434537177304687,0.1933788617114035,0.9820633571862225,0.180410963140652,-0.19912014594378408,1.033802254952664,0.16756892398593853,-0.23821176091084006,0.8517584809952584,0.12085731192958071,-0.2464261825266294,0.9011146147428957,0.2036867432194398,-0.29754460755976186,1.1091434886521847,0.2836516344580372,1.3035541794788286,0.9291246528271797,0.3005990040643117,1.5532786925269895,0.9425418192927704,0.2854295810983942,1.4481879084206706,0.8194879577033363,0.4505110833444711,1.1934618486618864,0.8792603609640443,0.47570749305813687,0.8839099581134156,0.8523483878553261,0.3409817968613098,0.6619544712580828,0.7667175246509556,0.22139900614347402,0.5863541723005253,0.7804985407005222,0.2240102235815034,0.5716065177698382,0.7823928199276082,0.24747147505906159,0.5490034843226548,0.8002755048008302,0.09986852976551364,1.1988901356340718,0.930995598638906,0.07287747831872304,0.9028884874832386,0.9192306635143551,0.183062253213794,0.7044049333915965,0.7473725865299092,0.22755810533023058,0.6000328143929194,0.7641265769028398,0.23363433364798525,0.5607112800965427,0.7689869436225228,0.2311219285913884,0.5779486977319745,0.7806610930541394,2.433333333333333
0.3942313546603142,0.6427514178456029,0.8899382021615803,0.39693729406506095,0.17543699873085877,0.9723344600461981,0.3619380851068069,-0.24282072599865062,1.032450801081963,0.3056658430660271,-0.24295410183571906,0.8243861337914098,0.37798958774571045,-0.27009282913767646,0.8660437864162582,0.3477029729735687,-0.3071661167189379,1.108117088333018,0.17202013585141887,0.6437721609628765,0.9260727580881192,0.16481915587074378,0.1934952900249797,0.9822994717776352,0.1803746297425388,-0.1989637452081371,1.0338870506347972,0.1675816965817264,-0.2382294982487896,0.8517990110111608,0.12082993202221701,-0.24632970826810097,0.9010208718227902,0.20398112118604408,-0.29747846227936076,1.109513540866563,0.28360551208602514,1.3013305529528947,0.928664377378983,0.2985215555176659,1.5520705006492908,0.9407733220102084,0.28513361130621645,1.4429289439530213,0.8214386259190152,0.4506290776223688,1.1934348653317701,0.8790731831095174,0.4746787699358073,0.884007251267923,0.8501266390781546,0.3407034963966369,0.6633776469661398,0.7631760620266023,0.21913405034947292,0.5898223898744198,0.774463448495901,0.22319134384147418,0.573968021563954,0.779325426081646,0.2476008518573949,0.5490171140801876,0.7981669539071523,0.09984195060101765,1.1988844541077677,0.9310079071563998,0.07294573659385317,0.9015434521156562,0.917535189450116,0.18374603286075647,0.7049961180578397,0.745709252831513,0.2245258847036506,0.6037112526449019,0.7566237886628314,0.23148937075728335,0.5640949328087829,0.7632900574003906,0.23125979316741577,0.57833283819263,0.7811459384438366,2.45
0.3939737620510621,0.6430738153251331,0.8879035123484595,0.39655804447444837,0.17634573361764555,0.9711477559164146,0.3618494691887256,-0.24311167950683735,1.0328628543422458,0.3066198363885668,-0.2440183723382627,0.8260248362356751,0.3780716193051931,-0.27018561312547407,0.866154119574972,0.34811304058909875,-0.30752980362562987,1.1092462111854584,0.1718887980209046,0.6444331530224927,0.9246547805591862,0.16533179116463081,0.19367603817076942,0.982566425155514,0.18031318126090676,-0.19897439060783084,1.0338562243604963,0.16757666361226417,-0.23833292880446358,0.851866642626526,0.12077092224362733,-0.24626081917020204,0.9009686015200365,0.20414081786854302,-0.2975690770402191,1.1099641290719764,0.2835756208030007,1.2988224073751007,0.9281829946079034,0.2963990567524255,1.5512110622099233,0.9370460630736875,0.2848200902606306,1.4373918293639065,0.8235207875815022,0.4506549222715119,1.1933533976983641,0.8792840126329938,0.4740989807585462,0.8838043766941431,0.8488564148076083,0.3406203317586375,0.66498358526673,0.7605671830041364,0.21641505798110822,0.5942433451871089,0.7677287566543298,0.22187445567353078,0.5766054398079964,0.7761010448187646,0.2473916557933867,0.549114389601356,0.7955999816475856,0.09981676648275903,1.1989181085720297,0.9310561663835222,0.07300234637714761,0.9010039788777395,0.9147261819363344,0.18384669593869318,0.7056464807568479,0.7439101767352269,0.22054423635402393,0.6085328259750846,0.7472084454573814,0.22882363520161758,0.568206869830634,0.7564601235405688,0.23133331025562717,0.579435440546475,0.7811780521227436,2.466666666666667
0.39382509816973377,0.6433569302974962,0.8858303550149872,0.3963255364466132,0.17765684827087402,0.9698547291917852,0.3617731810707804,-0.24342806621715168,1.0332688109011685,0.3078666355758409,-0.2453016634239693,0.8282226772893794,0.37819405353787217,-0.27030382678430503,0.8661768599261471,0.3485713623738234,-0.30798715968706564,1.1104706454695765,0.17152313355138316,0.6452089557390752,0.9227928275967443,0.16573594577299008,0.1939619654742775,0.9828315757901929,0.1802264491859863,-0.19912223671943907,1.0337638141712653,0.16759744955771005,-0.23852499668730937,0.8520102017585528,0.12072275911025235,-0.24624980925900913,0.901003599990176,0.20415915760562633,-0.29780696059868866,1.1103286994958979,0.2835623833197965,1.296272097123008,0.9277062423933671,0.2943983225937986,1.550852369600351,0.9320708471250255,0.2845270026750903,1.4322503170867118,0.825491406590507,0.45058301452298877,1.1932050971986112,0.8803301393993761,0.47386722676051896,0.8834677375593813,0.8483466849534298,0.34083193226878106,0.6667431614873793,0.7588007368689536,0.21369927546986295,0.5987238019551087,0.7615930683287483,0.2203237037987063,0.5793027997113845,0.7732073752928895,0.2467518396742076,0.5497026527219749,0.7930644654158798,0.09979200310917886,1.198988103613582,0.931123755962555,0.0730239653670382,0.9013296955643622,0.9107789209044818,0.18326189488016384,0.7063761085275229,0.741852155888114,0.21663122949768177,0.6137552449811174,0.7373593153835847,0.22634588531203376,0.5726758793859414,0.7487981085183978,0.23116490096478381,0.5809574382825786,0.7805609718592191,2.4833333333333334
0.39375581760258205,0.6435726365164819,0.8838204113239493,0.39624844771905543,0.17901847768645845,0.9684592057722723,0.36175981806714747,-0.24383033112429214,1.0338227085481333,0.30906116781270804,-0.2465156891549662,0.8306482796488699,0.3783089108623755,-0.2703586091979185,0.866068351590126,0.3490726872397502,-0.3086059533433411,1.1117671921524757,0.17088760285924814,0.6462013266777318,0.92029227199585,0.1660221894839787,0.19430515131665005,0.9831218090638275,0.1801134272240819,-0.19935691000508454,1.0336730912203336,0.16766171117671128,-0.23871391637286762,0.8522122576407006,0.12074420473985747,-0.24634573481467487,0.9012032796868541,0.2040220161334365,-0.2980931362647948,1.1105145998217196,0.2835556849639873,1.2939906934496064,0.9272728086024548,0.2926117957027169,1.5510188923120136,0.926914598085728,0.28429623600247084,1.4279083118419458,0.8271864899052546,0.4504225530842372,1.1929694298970583,0.8822725295302942,0.4738688236750462,0.8831900483736024,0.8483471858809699,0.34141549571122065,0.6686833305789563,0.75726458754138,0.21127487174312143,0.6026420780115646,0.7563497218142334,0.21869918705532426,0.5816258142540591,0.7708602082871221,0.2456561343847572,0.5508282914672259,0.7909850584562396,0.0997652659383639,1.1990283876695764,0.9311764440084156,0.07300393335430685,0.9022829438329782,0.9061072699765684,0.18192225792289152,0.707250037884495,0.7393295400817992,0.21369077846018614,0.6185549314058538,0.7287479903763003,0.22459969887264458,0.5769022894019475,0.7410858811254065,0.23055574898795855,0.5825084014793596,0.7792867223205222,2.5
0.3936968975276212,0.6437661237454659,0.8819627189781168,0.3963095813409367,0.18010736051515241,0.9669826867711239,0.3618613243584753,-0.2444005414951253,1.0346469617163303,0.3100465845014271,-0.24741973222061048,0.8329880380000252,0.3783612797709255,-0.2702061824529712,0.865856981250265,0.34960004053363347,-0.3093900083959652,1.113097048816234,0.17000934963517633,0.6473823413255176,0.9172792878604462,0.16621819208042454,0.19460850916820985,0.9835343797412643,0.17997652459011235,-0.19965110423928106,1.033615457701146,0.16776104910477824,-0.2387195566345136,0.8524217750306626,0.12085538072885897,-0.24654297234998845,0.9015662079150004,0.20372551372871092,-0.2983349959670223,1.1105203998690185,0.2835485906848772,1.2921745085995908,0.9269305642324828,0.2911355907237402,1.551472160974784,0.9225963240602298,0.28419469541029574,1.4244456660011913,0.8284891003886038,0.4502112126977626,1.1925301953714165,0.8848795457574603,0.4739655596112293,0.8832335644902503,0.8485565835643921,0.3424037355102165,0.6708540074765657,0.7547462415605946,0.2092986766583184,0.6058755528504237,0.7512795705648557,0.21703454889504087,0.582940914663994,0.7687599312427396,0.24419277635305497,0.5520803307871772,0.789657525594567,0.09973348285765832,1.1989306474814803,0.931166328990036,0.07291108141029426,0.903579801824844,0.9016234365747728,0.17977757281514178,0.7082412222126953,0.7365624358940012,0.21233062115088278,0.6222941503984627,0.722585441217818,0.22388219403489334,0.5802113088674179,0.734564013267951,0.22939280141885354,0.5838517654754426,0.7775105753734924,2.5166666666666666
0.393568820752376,0.6440363654511797,0.8802661439519724,0.39646916807706717,0.1808087679798272,0.9654789899866607,0.36208663936769553,-0.2451779880384418,1.0357245226256644,0.31077699031688083,-0.24785822276785274,0.8349291767525269,0.3782959502097895,-0.26974586810542955,0.8656052607933479,0.35013059055770335,-0.3102676999109709,1.1144161474390433,0.16900103925159538,0.648607818217195,0.9141504442580284,0.16631649946066523,0.19481305728514228,0.9841489924875227,0.17982203404963146,-0.20000444905958875,1.0335938721444535,0.16787395836289856,-0.23840129957402623,0.8525953556141338,0.12096710416618321,-0.2466655974964488,0.901829788481709,0.20328260794046663,-0.2985054835185027,1.1103933682719103,0.2835480654797947,1.2908233134765255,0.9267160587401473,0.2901326150097667,1.551903554009157,0.9196029276055104,0.2842771481998489,1.421725560017176,0.8291813345545493,0.45000643905619353,1.1917345400062131,0.8878183011170664,0.4740162899459529,0.8839054377439198,0.8487056108437891,0.34379470148572794,0.6732798044072433,0.7500416886332368,0.20799241457331408,0.6086939652363426,0.7449791130152266,0.21552448357543869,0.5827091234129138,0.7662210228758769,0.24272834603298976,0.5529300003265609,0.789286573049978,0.09969213407100277,1.1986259622367568,0.931053361943385,0.07267162210320391,0.9049910015996827,0.8984083334398478,0.1768999991789319,0.7091729286728436,0.7343497801210727,0.21280958676065967,0.6246638378647178,0.7192527875762222,0.22435109782273233,0.582230432540041,0.7300117992601647,0.22779325110524873,0.5848348387894985,0.7754565849337314,2.533333333333333
0.3933313674901574,0.6444376069149612,0.8787237798289982,0.39666878386487003,0.18123882143854544,0.963991818019836,0.3624046903135686,-0.2461443472639741,1.036946776795275,0.3111738810364268,-0.2477514101010892,0.8361443202770549,0.37807510605387984,-0.26897804443778206,0.8653418038956819,0.35063732292966554,-0.3111259228769019,1.115674262313177,0.16801279202779032,0.6497302927756684,0.9113269559841679,0.16629542003047093,0.19495056963934335,0.9849807514444112,0.179657741549387,-0.2003998739633645,1.0336140339816409,0.16796739729566312,-0.23775142219942189,0.8527344543936036,0.12089788349230474,-0.24639347366563558,0.9015101570643592,0.20273020306482695,-0.298586838337338,1.110212030157568,0.28357566232834885,1.289799993369703,0.9266329314280046,0.28974788279735675,1.5521505975568433,0.9177361101206878,0.28449194350712875,1.4194635354256206,0.8289001803052327,0.4498717489299493,1.190530252562714,0.8907458536656423,0.4739766545324362,0.8853200851702198,0.8487431817762205,0.3455655583186704,0.6758390360900125,0.7428397419784456,0.20790371457639223,0.611134089707843,0.7362710837254822,0.21476737735238485,0.5807401355707392,0.762454276145118,0.24203376937808335,0.5529940770630654,0.7896968570880147,0.09963798299558105,1.1981281561849513,0.9308315465937862,0.07223808348426261,0.9063154737576467,0.8971177476797421,0.17352206698756453,0.7097748651899857,0.733657951105198,0.21506159111648027,0.6257782263110413,0.7181260376476077,0.22601539411240357,0.5831076373102,0.7269229873668527,0.22603068379643987,0.5850331620049862,0.7732629202566562,2.55
0.39300024033513636,0.6449772337583959,0.8773906215125773,0.39682374064910547,0.18164299253820484,0.9624814601752906,0.3627798863321622,-0.24727004202002797,1.0382219640534585,0.31116569762593455,-0.24712721075507163,0.8364193150531546,0.3777064247874844,-0.26798314119233624,0.8650599595115004,0.351095157228185,-0.31187122579201304,1.1168234401076549,0.16715923186744852,0.6507127884594279,0.9090629595914795,0.1661675302711845,0.19511971321747273,0.9859925686089918,0.17949208939595807,-0.2007804651434592,1.033690659200761,0.16800660987740873,-0.236870525305968,0.8528749815056034,0.12049915816912635,-0.24546931479279963,0.900218161540602,0.20213352100367946,-0.29852932533404614,1.1100697542195255,0.2836599737530211,1.2889166093552638,0.9266547044833484,0.2899069482713756,1.5521774355023878,0.916339559916323,0.2846732046549489,1.4172970621305327,0.8273222711656305,0.44983532177595253,1.189038959903859,0.8932591887403238,0.4739153094762466,0.8872680659380957,0.8488127458416634,0.3477262735118827,0.6782119617384648,0.7338879110597198,0.20971308484608442,0.6126368163318225,0.7250203992061653,0.21553259960561666,0.5772473198155416,0.756615369245401,0.2430592590907234,0.5522457787262577,0.7895864352307012,0.09957285001535038,1.1975070030211008,0.9305289381700026,0.07165460853840755,0.907433197327139,0.8977022778265575,0.16995169478984695,0.7097624607078832,0.7349983882633817,0.21869282095691234,0.6262499987242962,0.7175006841096903,0.22864599048719145,0.5833337446756727,0.7236679187790908,0.22436865815767465,0.5836604388867637,0.7709402843003054,2.566666666666667
0.3926148123973443,0.6456379861865993,0.8763644057384747,0.3968533843495747,0.18224449258775632,0.9608369759778426,0.36318953006011245,-0.24853221394882988,1.039505223691632,0.31085317539767615,-0.24622684050878557,0.8359455628479084,0.37727294340751316,-0.26688546920046613,0.86475595541326,0.3514896552220565,-0.31247471909011204,1.1178317099587503,0.1664946910693868,0.6516675784053414,0.9073403367197783,0.16598367801176514,0.19537646073054218,0.9871266206412482,0.1793335403068823,-0.2010874267122603,1.0338287998545814,0.16797366332415428,-0.23590245119759415,0.853044699843897,0.11976751085975706,-0.24387496068933265,0.8978729778874921,0.20156190731361623,-0.29832036899880143,1.1100247060185078,0.28380207705632654,1.2880493782775169,0.9267432614288749,0.2902188216409283,1.5520181347480473,0.9147041369989837,0.28467803701382416,1.4149736960738082,0.8243860300407762,0.44982349045908177,1.1875406126982126,0.8948321898717617,0.4739253433366537,0.8893564155946684,0.8490549275696403,0.35031416654822783,0.6799973621999404,0.7244497617091128,0.2135905246134712,0.6126414657411681,0.711835630338653,0.2182392066237132,0.5728495696755123,0.7478560431223686,0.24631335110534805,0.5511991535242287,0.7865693005311178,0.09950679745531088,1.1968464152720666,0.9301896337111769,0.07102637267121627,0.9082607758019898,0.8996930165732768,0.1664562832758646,0.7088662408280153,0.7379851907066232,0.22302487773249519,0.6269164828845423,0.7151232707963634,0.23190771813558053,0.5832301387379565,0.7186425907225009,0.22313187761326078,0.5798938152534352,0.7686158652053929,2.583333333333333
0.3921938535388247,0.6463487519446471,0.8757044970043376,0.39677181131486383,0.18310008267035277,0.9590208580716845,0.3636215128266847,-0.24986570847574,1.0407723404006621,0.3105801729415423,-0.24551481629310376,0.8354739515882122,0.3769586785563793,-0.26583840316818286,0.8644594821442102,0.3518151491501723,-0.3129540347389587,1.1186786300450544,0.1660132528755161,0.6527664221235141,0.9058680266147845,0.16578603314550405,0.19565501763048002,0.988340470315689,0.17919011105276383,-0.20130292061927335,1.034006631800901,0.1678697583614968,-0.23498952036749954,0.8532358629779004,0.11887034778855662,-0.24188001269543286,0.8947309295481137,0.20104753023129085,-0.2980387559904265,1.110051262018207,0.283923029564212,1.2872149995371038,0.9268448308957706,0.29021564375553105,1.5517735725134223,0.9124963005459975,0.2844923980681435,1.4125406845919661,0.82040335708725,0.44967467870241995,1.1863576048715867,0.89503117958788,0.47401822956467354,0.8912226350212609,0.8494328367679301,0.35327366585329323,0.6808383425370954,0.7157428010312401,0.21907750225909634,0.6109879007048011,0.6977995540703481,0.22283038477750433,0.5683234693967812,0.7360196349520439,0.25147992250284834,0.5506012791553446,0.7787637395322364,0.09946286769463822,1.1962195097791488,0.9298612567912934,0.07043191067568252,0.9086437192169222,0.9025222070506009,0.16317268176212754,0.7067762534372473,0.7416172641353289,0.22731359633770043,0.6281857141590099,0.7094630045542617,0.2355021932074125,0.5825106376989646,0.71151320545356,0.22269275916419473,0.5732785448489307,0.7666627986850114,2.6
0.391733994281416,0.6469904424088118,0.8753969260796911,0.3967232556097538,0.1840640493646608,0.9571525460847827,0.364071492776294,-0.2511364576845191,1.0419942454466187,0.3107593440304162,-0.24546034615087875,0.8359470481088097,0.3769895598351345,-0.26502777273146205,0.8642940512275848,0.35206441743581757,-0.31332333268806645,1.1193377126901551,0.1656678184145066,0.6540739774560681,0.9042122982797315,0.16556402885271357,0.1958048339105259,0.9896204170385953,0.17906989906015136,-0.20143858643306745,1.0341812432744861,0.1677049703112955,-0.23424324450152592,0.8533901020872154,0.11807374737183537,-0.23998007038694197,0.8914335368497851,0.20057831583728947,-0.29778487697161066,1.110063520089267,0.28387985000044,1.2865015817380283,0.9268818938592486,0.2896917385490756,1.5515555240135148,0.9099155320176222,0.2841948818721483,1.4103148055317054,0.8159877546161431,0.4492529903148885,1.1857055703924593,0.8938927998361526,0.47404451663576663,0.8926645723549265,0.849632777317741,0.35642498103866715,0.6804801950678485,0.7086422930120478,0.225682258675853,0.6074851770451302,0.6848878066446484,0.22907317325706678,0.564194358982923,0.7223300217095939,0.25776629088951225,0.550809974601556,0.7664003460326132,0.09947118965735147,1.1956820116888363,0.9295874720853174,0.0698640561687018,0.9084941110498777,0.9055006266336958,0.16005273125390787,0.7031820683103783,0.7452487474202116,0.23084572959828464,0.6296387664566636,0.7008480398713531,0.23888282206481184,0.5804817127780595,0.7033203467521684,0.22283788156035986,0.5641257798130774,0.7650902992334845,2.6166666666666667
0.3912460521721521,0.6474802441994614,0.8753594452038952,0.3968663717331431,0.18493726611858397,0.9554097697352357,0.3645359698200802,-0.2522026910084663,1.043126072367577,0.31160448017916886,-0.24627084295142415,0.8378770540888966,0.3774873234251952,-0.2646320434400379,0.8644709084311498,0.35222231614126065,-0.31356901878107496,1.119766941603057,0.16539650586512544,0.6554739928086148,0.9020180508310387,0.16525448238273044,0.1956963353037041,0.9909812714463133,0.17898128799813487,-0.20150543032169793,1.0343158581277,0.16749187688569372,-0.23371724801143096,0.8534057763289937,0.11760810884456918,-0.23870020733486313,0.8888895327949149,0.20012902109781688,-0.29758962793626587,1.1099895453652282,0.283566373774949,1.2859847320538362,0.9267857531785855,0.2887355905469932,1.5514217720571912,0.9074805006398639,0.28384876975072176,1.4086405374601134,0.8117820718498608,0.4485242945514055,1.185663572739506,0.8918992079878468,0.47376485516980815,0.8936292276701829,0.8492284861879693,0.3596094252777777,0.6788563071938399,0.7036159692297732,0.2332537240634744,0.6018108598800321,0.675503207465065,0.23670161041232443,0.5606741721469686,0.7088347287488703,0.2646496499505972,0.5514458229218767,0.75187200727879,0.09952550395562663,1.1952894113015784,0.9293979015276418,0.06926705376109221,0.90799236877203,0.9078532506809,0.15687811975593177,0.6980321362421728,0.7491012301339013,0.2327936962540244,0.6302563854283192,0.6914345455602584,0.24084360012856726,0.5767438832004445,0.6954580034901922,0.22219012605872962,0.5537412733922054,0.7628781401735193,2.6333333333333333
0.39074813546122744,0.6478515279673003,0.8754087966462993,0.3972241328001103,0.18562554465682965,0.9539269732631233,0.36500084153814427,-0.2529863342710168,1.0441209564568457,0.313052988290218,-0.24782382595283808,0.841154472150403,0.3784170946194822,-0.26467297626135866,0.8650363699340168,0.35226971005548785,-0.3136608665003339,1.119918107499955,0.16512651551215757,0.656786773924212,0.8992075179091185,0.16477933378112072,0.19530173434877815,0.9924712555121533,0.17893758285331504,-0.20150819167689826,1.034399093451696,0.16726350599022802,-0.2334175108161744,0.8532550181970435,0.11758818925182712,-0.23838366377993433,0.8878696967380044,0.19969162275669441,-0.297421161953116,1.1098086727216243,0.28297857367837875,1.2857237064568323,0.9265370011240198,0.2875458623544868,1.5513833996937232,0.9057371901619785,0.283421222238709,1.4076742214268585,0.8081945846269467,0.4475511596544916,1.1861989230863257,0.8895862530163514,0.4730989716680147,0.8940953318508016,0.8480977877995218,0.3628191923409795,0.6761975948763321,0.7006959974814081,0.24170626289728916,0.594118348591025,0.6709276411611214,0.2452767926439724,0.5578113972507475,0.6970076025625027,0.2723582007026919,0.5514631312917294,0.7383499944872631,0.09952839950925607,1.1951147968166287,0.9292950361770609,0.06861401998381936,0.907505789215849,0.909049554809694,0.15335379828907308,0.6917041856583338,0.7537044039049867,0.23228290558024767,0.6290086773127562,0.6838693127138646,0.23969865182419597,0.5715641112949199,0.6888891169725408,0.21877668913958753,0.5440347764565455,0.7586978991637021,2.65
0.3902206063171865,0.648220179118155,0.8752964447462809,0.3976762397735904,0.1861400103390325,0.9528038224017767,0.365452709880069,-0.2534830416204861,1.0449744147631514,0.31488267027113637,-0.24980959625922466,0.845333011188967,0.3796706502352063,-0.26493155674223257,0.8657081946185072,0.35220013599787786,-0.31358572034258747,1.1197739795940957,0.1647865401690376,0.6579667737259984,0.8959575987052537,0.1641016684165866,0.19470444440999995,0.9941268397076031,0.17896390711081295,-0.2014514712835209,1.034442301961763,0.16711889792263263,-0.23338848762984812,0.8531723770995161,0.11801564730472881,-0.23911246587712412,0.8886840648256159,0.19928194741564337,-0.2972444335617128,1.1095349831989034,0.28219250330583656,1.2857296468511157,0.9261685208954534,0.28631451962721444,1.551458714756059,0.9050207178241134,0.28282338806054375,1.4073188194700081,0.805368603780398,0.44647132171441595,1.1871148058482703,0.8873608527227861,0.4722762372638029,0.8940508772353688,0.8466000942896666,0.36610374254137457,0.6730366511327308,0.6993579379286059,0.2506346034162613,0.5854159204549118,0.6705215351155602,0.2541919528518502,0.555507124785234,0.6868359456322994,0.2816976475516446,0.549651215366385,0.7279882238408492,0.09933853745308421,1.1952145438324602,0.9292478007601301,0.06788117475792754,0.9073397272337114,0.9090709293148951,0.14924589171312844,0.6848901586717241,0.7591677134229528,0.22874723585368723,0.6254394150520356,0.6797491560172213,0.23412022368108304,0.5656918850170967,0.6841414179869914,0.2112822726741,0.5365958536023071,0.7526534825093552,2.6666666666666665
0.38960552342309923,0.6486831743408218,0.874841719763523,0.3980817912068867,0.18650246967861486,0.9521172179298725,0.3658979636404469,-0.2537371352652566,1.0457283508719046,0.31683208696318377,-0.25191943287168217,0.8498871197445772,0.38112409723949353,-0.2651226445019198,0.8661434001699894,0.35204607111117525,-0.3133907577236606,1.1194141294669857,0.16432556862108494,0.659138323582578,0.8924905698011837,0.16325944469904694,0.19406807359094674,0.9958554665586545,0.17908345359398173,-0.20134011484151149,1.0344659358989132,0.16721278957683477,-0.23376237156786775,0.8536036847294369,0.11877680519279114,-0.24068687230241104,0.8910956665387151,0.1989218667514374,-0.2970443807321835,1.1091906732012722,0.2813224598557289,1.2859118025329939,0.925747485540378,0.2852154062813542,1.5516973105355336,0.9051982976828691,0.2820394974479131,1.4073133724132512,0.803277157689033,0.4454676250953815,1.1880642365348013,0.8855579691014055,0.4716873183988217,0.8935771900735655,0.8453531076994274,0.36939172606787274,0.6700530200713402,0.6986249746142017,0.259392869773054,0.5772223548329725,0.6723577751324755,0.26304292854939787,0.5534707053519585,0.6771724489799724,0.2934340389710978,0.5453298243129244,0.7211361699573415,0.09892212449357135,1.1955756114182998,0.9292136283844696,0.06697560324802823,0.9075612151131285,0.9083648449326995,0.14445040927868996,0.6784358355382927,0.7650028574277283,0.22210276290328496,0.6198977804566175,0.6791803278921201,0.2239492041559954,0.5600519725819156,0.6814518829639277,0.19969284589549297,0.5320010115037744,0.746779919830058,2.683333333333333
0.3888541086110321,0.6492752585085484,0.873971574122416,0.39837370084079005,0.186660543839391,0.9518990507418359,0.36633415127717056,-0.2537981429658984,1.046369432655518,0.3186427032496888,-0.2538811247141396,0.8541964007054295,0.38261897994101246,-0.2651040937066767,0.8661961945302777,0.3518879621704288,-0.3131973063424387,1.119041431925604,0.16369997553492632,0.6604152638491085,0.8889487065711323,0.1623374405860715,0.19356497395908404,0.9974021738164923,0.1792802164550683,-0.20117120452795234,1.0344843233572223,0.1676434362403468,-0.23465458118046845,0.8548721059179509,0.11963965546385757,-0.24263772642006753,0.8943763208251927,0.1986181517866699,-0.2968096933366742,1.1087975536766845,0.2805014674008982,1.286121685024976,0.9253599351171653,0.28441223735686705,1.5521064642435234,0.9055955475782849,0.28115917820852543,1.4074160527340607,0.801729163525843,0.4447210572627158,1.188748764817466,0.8843789564173212,0.4716350240031126,0.8928074585562288,0.8449908208616721,0.3726152972442849,0.6677629957363971,0.6977854769480145,0.26761121528600473,0.5707379002882575,0.6744841351525731,0.272063520189791,0.5512266616438277,0.6672192109744477,0.3077878222836632,0.5386497172371301,0.7170987434442262,0.09840686221746708,1.1961248542450762,0.929183680743473,0.06577238993532047,0.9080244249941063,0.9075179446405508,0.13887292274618918,0.6732232832337942,0.7702458938016017,0.21270443605251338,0.6132755863614939,0.6814877975627323,0.21025048307441987,0.5554266712004083,0.6808781092179403,0.18491068013561404,0.5298738138998375,0.7433287611740254,2.7
0.38796362329680406,0.649981626039751,0.8726561575549746,0.3985499600856607,0.18651325715898945,0.9521490956678034,0.36671315900287377,-0.25367774868486614,1.0467580359109836,0.3200760826912681,-0.255393769246259,0.857514474381738,0.38395401818180186,-0.26487695152865753,0.8658610183761536,0.3518159133034688,-0.3131417706719935,1.1188838850150913,0.16286746056366042,0.6617540720748875,0.8854282059217926,0.16141556717746144,0.19328757087372345,0.9984886639245281,0.179490192773219,-0.2009225245626961,1.0344997148671986,0.16837509568206932,-0.23603050592974342,0.8569655549974748,0.12033913363339704,-0.24441456162508363,0.897616855830671,0.19836624528251712,-0.2965359588373538,1.1083843506707378,0.2798741056144728,1.2862516218914382,0.9251077096373115,0.28399735623668615,1.5525627338431587,0.9053439883281854,0.28027657186738564,1.4075131926587388,0.8004436892746074,0.4443567321040507,1.1891187339725775,0.8837033405256931,0.47230791590612103,0.8918040785769212,0.8460717083328535,0.37610656062706316,0.6661482983402114,0.6971928526211213,0.27555675318515366,0.5661542183498847,0.6759423780349237,0.282159989889349,0.54824005996982,0.657691035529571,0.3242441881982383,0.5304460610208591,0.7148665910552878,0.09796927660241493,1.1967688123333262,0.9292066367885088,0.06419170891739358,0.9085883922207729,0.9068922847545655,0.1322749496614611,0.6699762834063129,0.773714164419535,0.20134918525367348,0.6065104283476526,0.6861994605367603,0.19461427847288681,0.5520556477090117,0.6826713206141539,0.16793213653019728,0.5294782728795256,0.7427537999621044,2.716666666666667
0.3869593877870646,0.650755329956034,0.8708754661954152,0.39862387059925725,0.1860156484921152,0.9528774578588173,0.36696380399789985,-0.2533436281491337,1.0467233050201517,0.32097167619804745,-0.2562126620613756,0.8592936439910518,0.3849414185333717,-0.2644972161288486,0.865174923244018,0.35186928878853996,-0.31328271904600463,1.119038552742033,0.16181586357893288,0.6630160843241477,0.8820160031902446,0.16054645428199316,0.19323150945715362,0.9989728079450353,0.1796457536516699,-0.20055749891177732,1.0345113799222434,0.16928595160918464,-0.23770241425181465,0.8596047971587891,0.12071314840411637,-0.24565693770467936,0.9001411591090164,0.19817164317994174,-0.2962506311600248,1.1079824182652003,0.2795691559855658,1.2862618773431986,0.9250970184870904,0.2839061457697644,1.5529348864927457,0.9038499748666085,0.2794378974609072,1.4076234462996264,0.7992193082511942,0.4443787528786465,1.1893709565871227,0.8830617390538127,0.4739631268118174,0.8905392158211741,0.8489644367619334,0.38072360942977845,0.6645956304236923,0.6981071320755086,0.28385008114759036,0.5628285221080066,0.676999205577125,0.29427346688178607,0.5441882290068127,0.650301274880206,0.3415988056412158,0.522053538290323,0.7127902008641636,0.09773602145131718,1.1974059306032239,0.9293748509988293,0.062214199922175945,0.9092670448674537,0.9064760151493017,0.12435279607512079,0.6690304693876007,0.7744457638474075,0.18914969991918074,0.600259904489519,0.6933280249588242,0.1785018167234773,0.5494971972201037,0.6873649710108749,0.14954496755702407,0.5302002781682326,0.7437858954645215,2.7333333333333334
0.38585666303036287,0.651522555689986,0.8686861838273426,0.39859766615261366,0.18520412783588297,0.9541068480816013,0.36702740134192735,-0.252748664935961,1.0462062409456032,0.32132510452980095,-0.25636364850431426,0.8595956087700583,0.3855113093765826,-0.26403826278074377,0.8642186231345217,0.3520090331945158,-0.3135587467423391,1.119404141102976,0.1605931915421599,0.6640952707360166,0.8787658992760276,0.15975846049286585,0.19333636379969768,0.9989092379039273,0.17971119564154364,-0.2000681742828867,1.034526165502041,0.17024224722534337,-0.23943963180895916,0.8624044204865429,0.12076687802612297,-0.24629606473914234,0.9016434605179031,0.1980553840912235,-0.29599342042985116,1.1075974968570121,0.27960455368759735,1.2861739905565703,0.9253290570051131,0.28399658290798535,1.5533480716847698,0.9009158352618384,0.2786941049906107,1.407862060770929,0.797851397062407,0.4446421504942079,1.1897741260435937,0.881885859629656,0.4769467786427216,0.8889463273400121,0.8536224680290313,0.3874082633623851,0.6623496775699474,0.7017566318561406,0.29294332967377323,0.5600460428268768,0.6786973832152203,0.3085334001514073,0.5391043372272024,0.6464401363449881,0.35835416469608233,0.5149432596697742,0.7089154235947165,0.09778744353768276,1.1979476450568847,0.929779870257651,0.05988578859521586,0.9101121322490913,0.9059615410321646,0.11497232494913512,0.670128247766423,0.7723224221969233,0.1771908778946316,0.5948011589142456,0.7027775293640649,0.16310251059907976,0.5470274932249515,0.6950402936743292,0.1307001210762857,0.5314303993830001,0.7454471743845661,2.75
0.3846737211652559,0.6521810818835775,0.8663094701558814,0.39846166427658125,0.18417541702274381,0.955806785099187,0.36687044113972167,-0.2519047129197513,1.0453170364719124,0.32128373713638625,-0.2561950241581536,0.8589719440850239,0.38576608112547595,-0.26359378694498825,0.8631657512768367,0.35214523947638027,-0.3138298833735754,1.1197537433578708,0.1593089263378278,0.6649514738521713,0.8757103831378917,0.1590835643580152,0.19353647284088066,0.998485989028019,0.17966793464692543,-0.19951319940699436,1.0345546270113986,0.17111897860231037,-0.24107973240776254,0.8649770577482323,0.12064008624975914,-0.24650177990796432,0.9021642983977656,0.19804008157210287,-0.29577515246641417,1.1071973866684242,0.2797861117487698,1.2860991035132012,0.925536062852238,0.28423648463924495,1.554155081217855,0.8965911894417584,0.2781110371599005,1.408343079835482,0.795970178812492,0.44494449474779674,1.190480473721496,0.8798513407696456,0.48141837280460187,0.8870687229204486,0.8594070612337477,0.39654121320408287,0.6590576095270977,0.7086544943472208,0.30299633900076617,0.5573521121747687,0.6822270519813902,0.3240776774113717,0.5331871132184594,0.64676570950789,0.3734434560872484,0.5100049467624991,0.7029083415625573,0.09815231080238443,1.1983832695958119,0.9303923999499779,0.05731413431559311,0.9110490676663504,0.9050766264469023,0.10426277590888976,0.672359022822796,0.7686864801050335,0.16624308661631276,0.5899329205473772,0.7140095718683648,0.14921513790059812,0.5441912865786707,0.7047266204234246,0.11254108009431943,0.5323280482873999,0.7482631940963196,2.7666666666666666
0.38346763809572615,0.6526216011669529,0.8640705803642034,0.39820277388007486,0.1831295421601156,0.9577821500679224,0.36651499855661523,-0.2509277321806669,1.0442752210888486,0.321011877395337,-0.25610787083561376,0.8579293794654712,0.38587392230087136,-0.26328318441637544,0.8623213267183815,0.35219894974566895,-0.3139704806122207,1.1198886759114326,0.15808777787746628,0.6655731694355966,0.8729585652432643,0.15858499927195,0.1938185430493965,0.9978667354049243,0.17949953083086365,-0.19899877525669218,1.0345914948655843,0.17179720640894341,-0.24252314838850086,0.866953826054428,0.12050235552600787,-0.2465541800929604,0.9020826544215578,0.19812392495678044,-0.29559226943716255,1.106758720288625,0.2797940162658581,1.2862090421990586,0.9252606697645759,0.284718008081174,1.5555792465917726,0.8911379894196388,0.2776668354625823,1.4090699914906544,0.7931690077738679,0.4451627213737924,1.1914481499531382,0.8770617342179213,0.4871313765979437,0.8852851071370916,0.8651938777063339,0.4076584985502498,0.6549312285535225,0.7184364337296105,0.31402938003134767,0.5544552405405927,0.6882318409657752,0.3395683398292711,0.5267922711544519,0.6513911999051335,0.3867209728785985,0.5071397542701004,0.6971849655012363,0.0987154424864175,1.1988136789767303,0.9309116867928204,0.05463226727969406,0.9120372644688839,0.903979897392547,0.09254650419580641,0.6745100399260864,0.7661927366273018,0.15656548354819844,0.5850268059428928,0.7264839409973545,0.13685560709722494,0.541008208058356,0.7148417647083383,0.0957275481481293,0.5322967077952342,0.753007643829942,2.783333333333333
0.38233473636550874,0.6527559867686419,0.862263541328065,0.3978274041346899,0.18237663529500617,0.9596556312166357,0.36605806819794723,-0.2499397677614446,1.04324384188201,0.3205667820089557,-0.2562311728171956,0.8566313077842345,0.38591319706578836,-0.26319994179822837,0.8619797381115909,0.3521415004601559,-0.3139300128577543,1.1197349012314868,0.15699282888560784,0.6659361469947767,0.8707356881830571,0.1583142628992454,0.19421180716673425,0.9971001882038191,0.17922296488769648,-0.19864900234696695,1.0346054464787593,0.17218657675862098,-0.24366487958733377,0.8680253508290431,0.12044263964785237,-0.24665369027903364,0.9018901616023977,0.19825699686594841,-0.2954762851303797,1.1063484813304514,0.27942437270661696,1.2866144701210196,0.9242020038859697,0.28548489939165,1.5575142948012828,0.8850700576990027,0.2771573505675257,1.409915791525369,0.7891898985435528,0.4452755013528154,1.1925143809268726,0.873983578770813,0.4935777993448169,0.8842854435912701,0.8698985778896102,0.4197245819043265,0.6505601331658993,0.7299862868481273,0.3259011906167395,0.5512448116498173,0.696313670391428,0.35373210058667326,0.5207521628236058,0.6596521403655919,0.3988150948644926,0.5056334684408298,0.6954071877355076,0.09914944868076539,1.1993754716147842,0.9308441858070221,0.051975766877496235,0.9133356293909689,0.9031993401208956,0.08031034952774399,0.6757156728835133,0.7674208157695653,0.1478159017109864,0.5793870672742734,0.7401023590727565,0.1251481386236417,0.5377183312697357,0.7243392254949319,0.08020307638904295,0.5315471274058559,0.7592173895760996,2.8
0.3813818704720647,0.6525252349605309,0.8610910930824147,0.3973899558269798,0.18217964855125698,0.9611242149156405,0.36560807209353896,-0.2489633400896138,1.0422291720244183,0.3199315388994799,-0.25645156699027516,0.8550558583920242,0.38587926312879905,-0.26331468867971025,0.8621184675393652,0.35198182561241537,-0.3137159236138871,1.1193119727809644,0.1559728386579974,0.6660190273655916,0.869195720630306,0.15823883947996462,0.1947002742278411,0.996185915218688,0.17891062875047917,-0.1985710480421053,1.0345591890098809,0.17228290323208603,-0.24447640100052503,0.8681221443540458,0.12045400604092343,-0.24683100735409977,0.9018445755923576,0.19837719824649094,-0.2955152296403622,1.106123771203703,0.2786915402468945,1.2872942846889202,0.9224070842998122,0.2864017750507583,1.5596579160732722,0.8789110779246219,0.27627520151975876,1.4107016435087951,0.7839908035003408,0.44529908227418213,1.1935291415853593,0.8712530571491914,0.5003155346653747,0.8846819179278277,0.87311031738395,0.43161194093731203,0.6466479539472141,0.741783204676069,0.33808126470275623,0.547825619660926,0.7054030403896999,0.36553325819283383,0.5162303565915466,0.6698931930335166,0.41060252171916645,0.5047733151483597,0.6999278362355161,0.09904354673735413,1.2001185193218775,0.9298480685771853,0.04945776436629759,0.9153326780781799,0.9031031027703234,0.0682575247227818,0.6758121330389202,0.7733310484157131,0.13925144555715596,0.5726042438871509,0.7552806716606673,0.11288009227197215,0.5344026350035247,0.7334583167345411,0.06590204012155662,0.5306063379739823,0.7661159509708643,2.816666666666667
0.38068914355095523,0.6519138619599167,0.8606293988235377,0.39697768285010515,0.18256003598060477,0.9622693896405446,0.3652023430580073,-0.24796331657965812,1.0411651652157443,0.31911488535197974,-0.2566580526774678,0.853263343150229,0.385781126647777,-0.26348898588715053,0.8623962017131473,0.3517310999483664,-0.3133408810584244,1.1186464126644706,0.15487619016547097,0.6658703743668919,0.8681944832629739,0.15824900916042042,0.19519624461290544,0.9951987513694353,0.17864092838185308,-0.1987920006619262,1.0344349447358072,0.17219850894141164,-0.24514768630832434,0.8675720338683146,0.12049247480773206,-0.2470280975024353,0.901929151562045,0.19847582476992315,-0.2958097176333661,1.1061657166916885,0.2777302511833691,1.2881395332898686,0.920163099139674,0.28719946849936034,1.5617193284161655,0.8728711993245342,0.27483777530994746,1.4113113024703408,0.7778500136783435,0.4452616861726617,1.1944186270431656,0.8694035430486073,0.5070432906866731,0.8866330425726268,0.875146214792282,0.4423142185225383,0.6438203045194836,0.7523424782067885,0.34962438305965204,0.5445196145215137,0.7145699795598118,0.37418466947328854,0.514081170052155,0.6798100291162531,0.42267602514213654,0.5041529095776219,0.7105700048159678,0.09818068945706204,1.2009552817252875,0.9279463282604721,0.047133475640089295,0.9180824805810797,0.903605995499269,0.057289600112597296,0.6751387843573365,0.7830660220097792,0.13008248751229745,0.5647977030371889,0.7724389841115389,0.09941155435906829,0.5310133196053411,0.7429870292594295,0.05328049896740688,0.5293259046073912,0.7745348025881884,2.833333333333333
0.38029347594097174,0.6509702426171917,0.8608122260948523,0.3966538480720899,0.18325407321006026,0.9634637445724906,0.3648152146712528,-0.24692457800474465,1.0400229480017478,0.3181892452600642,-0.25680204661363143,0.851447777816752,0.3856509573482698,-0.2636107487894824,0.8625338795364134,0.35137933365749463,-0.31278802650076054,1.1177141022972976,0.15355563739101713,0.6655982429824462,0.867419622110238,0.1582297037502825,0.19560424446144964,0.9943271691598969,0.17844080869849271,-0.19925826724646412,1.034241059670186,0.17208719562364083,-0.24593872203135744,0.866905877454447,0.12052053550354985,-0.24718628429808198,0.9020422433862829,0.19858068314722147,-0.29638605058667994,1.1063412611849757,0.2766862292180173,1.2890211777536467,0.9178517707330553,0.2876278053515602,1.563502158677376,0.8669595174807236,0.2729280108394663,1.411732326347417,0.7714394914117668,0.4452158162883798,1.1951837101025222,0.8685044306261995,0.5134173436085296,0.8897894078015505,0.8765969824925266,0.4509783526249318,0.6424686656131137,0.7606815494707775,0.3594836927157472,0.5418564588150099,0.7232519174167819,0.3794270266773302,0.514400461796802,0.6875057445907089,0.43498100241891824,0.503695025558884,0.7252369701996377,0.0966803910812018,1.2017183331870152,0.9254118916089082,0.04501850593669439,0.9211201076947905,0.9045623286743787,0.04819238425828341,0.6741603626937124,0.7949055516706502,0.11972673001557782,0.5568323472543174,0.7908322363072604,0.08527180308142931,0.5276546106843117,0.7529743912674487,0.04297203132054843,0.5268153272617214,0.7866735452757065,2.85
0.380205618353731,0.6497861275219724,0.8615217285068296,0.3964293242183251,0.1838049965398155,0.9649913016935883,0.3644175637460601,-0.24586281167894197,1.038819963217123,0.31728124511560285,-0.2568417694571052,0.8497869614084769,0.3855059621206851,-0.26364748823825834,0.8624893205977404,0.3509075204994813,-0.31203222795893326,1.1164717579681527,0.15199324108321144,0.6652529816599884,0.866765380323065,0.15812715026414395,0.19587252837585967,0.9937491257803599,0.17829268645154597,-0.1999047149315496,1.0340098658182453,0.1720302291559743,-0.24689354473329586,0.8664491034488806,0.12051969370864452,-0.2472593544627651,0.9021032298425914,0.1986973036121325,-0.29715924237294866,1.106440118764884,0.27568586671701095,1.2898199560998067,0.9158830824631721,0.2875778142358236,1.564857122226023,0.8613044460322756,0.2708259047934121,1.4120022635247302,0.7656838993385924,0.4452156066924441,1.1959066993272782,0.8680126954120453,0.5190272495261786,0.8934822421806213,0.8780929350755258,0.45710259504617223,0.6425502577591489,0.7667664876910829,0.3668938471250499,0.5402711323430625,0.7312034897500099,0.381977793771752,0.5164495893726142,0.6930139238747245,0.44669688032994675,0.5035806719100142,0.7412742288232336,0.09486380032731735,1.2022575337505688,0.9225778311878956,0.043083159411118316,0.9237295904831814,0.906391576637359,0.04112836393278885,0.673253099909183,0.8072277977733717,0.10800686396503086,0.5501350961869503,0.8081973135572214,0.07179018646207483,0.5244947248174143,0.7629284402580269,0.03510225721719715,0.5224226096675421,0.8037321710968967,2.8666666666666667
0.3804239424927804,0.6484351274843603,0.8627560322613022,0.3962766697273577,0.18378307765182392,0.9668785596390947,0.3640027723844934,-0.24480757418000285,1.0375903681094574,0.31653850931865973,-0.2567691275480585,0.8483613169632775,0.38534725678846177,-0.26359033019683675,0.8623052843771466,0.35033356278144373,-0.3111109272434272,1.1149713062673494,0.15029790549945016,0.6647727488197407,0.8664086974333765,0.15796137545810132,0.19600634648066986,0.9934775245762537,0.17817206012346554,-0.20069160613600737,1.0337864092782576,0.17202208417810438,-0.24784906562433534,0.8661913707143777,0.12049219103923421,-0.24721773722110726,0.9020714423936965,0.19880439009503642,-0.297985179599078,1.1063915671055522,0.2748599392730147,1.2904361571064182,0.9145687170135992,0.28710966257954884,1.56564450000397,0.8561844683511116,0.26886128534402387,1.4121732068059871,0.7614471352929444,0.4452693244433149,1.1967161974308678,0.8671091828154007,0.5236129936352389,0.8969786655271083,0.8802601190810003,0.46083400371180894,0.6434597880218008,0.7715793405641219,0.3717314206642717,0.539666904599862,0.7387746527511545,0.3834941398309193,0.5188987954473018,0.6988063349919111,0.4564216355506244,0.5040985475522303,0.756453985924054,0.09306513944176949,1.2024719812104372,0.9198315105954288,0.041169079025759184,0.9253514046642962,0.9100948897396648,0.03554978631340773,0.6726533313018923,0.8190432340863494,0.0952922627991713,0.5459548523541964,0.8222408897562151,0.0600004888829532,0.5213557219183689,0.7732619591160345,0.028953514974778417,0.5165937831699772,0.8243975266617584,2.8833333333333333
0.3809179898829899,0.6469478980891961,0.8646759028072354,0.39614752960302807,0.18309745360556295,0.9690017126235391,0.3635798354734139,-0.24379239491200144,1.036369777140055,0.31608562616656294,-0.2566592540660641,0.8473234123098571,0.38518073001163067,-0.26342989721306426,0.862009035910438,0.34973020954020384,-0.31014453630334,1.1134001824083526,0.1486124031780318,0.6640764348882222,0.8665677074760603,0.15777185513319006,0.19605880418692112,0.9933723915447045,0.17806973468419446,-0.20159305191390303,1.0336000345310197,0.17203473136755026,-0.24861159130839885,0.8659870309114776,0.1204620781986846,-0.24709462089075304,0.9019644957062971,0.19887078218451731,-0.2987491634770589,1.1062522191950865,0.2743587066822287,1.290804063885899,0.9138844731138376,0.28639094492465006,1.5658448334897672,0.851862534631179,0.2673166303039018,1.412316398483044,0.75916126906195,0.44536231597863574,1.1976389347702683,0.8653052989417725,0.5271968939311901,0.899665406433148,0.88344268822739,0.4630487600995843,0.6442081099771786,0.7766623937065938,0.37473440349116416,0.5392925316139126,0.747217232692611,0.3857522833030874,0.5202962692093261,0.7082979139371419,0.46282034005901007,0.5053727089998572,0.7693693763989222,0.09160790788867695,1.202290866394476,0.9177354327649709,0.03905964691940481,0.9257691867931489,0.9164637460564702,0.030650061359131175,0.672387192283251,0.8302198643355808,0.08234009203637012,0.544641023926569,0.8323047365171246,0.049930178513991126,0.5176141659581898,0.7857657492550236,0.023279912093109638,0.5107135502896261,0.8458450154909715,2.9
0.38161422918613996,0.6453460961105404,0.8674417477353877,0.395990534713507,0.18208996874643302,0.9712272779748625,0.3631621291203518,-0.24285106168346193,1.0351905427451757,0.3160033867556693,-0.25666494080498703,0.8469900872378825,0.38503212744634474,-0.26317857386232624,0.8616372565317544,0.3491794193622371,-0.30925842234430945,1.1119636969595899,0.1470807207613425,0.6631806225896487,0.8673422498247394,0.15757541922598453,0.19608682900269964,0.9932942084572242,0.17799343328935902,-0.202568034903249,1.0334481930722625,0.1720566961816743,-0.2490482892920046,0.8657529174401138,0.12047382332815461,-0.2470369343717734,0.9018663492093374,0.19886916407056793,-0.29941430737371566,1.1060867871966351,0.27427954074757455,1.2909257713860132,0.9133832872565391,0.2856105878396534,1.5656815252348066,0.8485064548354102,0.26637371806252297,1.4124813108838432,0.7586028683286669,0.445549951739135,1.1984931775021386,0.8628279653394982,0.529968026570049,0.9011398970377743,0.8874378141988489,0.4649890954032728,0.6439184639795243,0.7834213651910786,0.3772697124547386,0.5380509136625875,0.758348922862391,0.3897314780821257,0.519546566780352,0.7235636937802273,0.4656037530778705,0.5070997223438098,0.7797048880873909,0.09079856947510972,1.2017293639696724,0.9169225912212854,0.03673098456386309,0.9249964363401991,0.9252753686695945,0.025743096880631706,0.6721104138109848,0.8414728047023989,0.06986580834466126,0.5453774214479223,0.8395988660576508,0.04085261904429922,0.5126950002137612,0.8020305554100062,0.016973539061354705,0.5061281584302295,0.8658610806501237,2.9166666666666665
0.3824257964268021,0.6436608187907686,0.8710813843576876,0.3957760672788774,0.1812590099073324,0.9734705228205535,0.36276150941365903,-0.24201635002860797,1.0340809443690833,0.31631403685534304,-0.25694428755296217,0.8475821691537541,0.3849414740829091,-0.26287385455038237,0.8612537809308307,0.34872556556859546,-0.30851392445123754,1.1107708752041414,0.14584861774050115,0.6622073708236059,0.8687277211590854,0.1573925512572119,0.19609024130806013,0.9932470514985343,0.17795530449619584,-0.2035491210969294,1.0333178151847389,0.17209090767664004,-0.24914129814652727,0.8654913745055317,0.12056556381152331,-0.24723841870664717,0.9018835225083518,0.19881110309406597,-0.30000048620086167,1.105952487160798,0.2745620629814396,1.2909062892913632,0.9124580824644936,0.28493694987861495,1.5654949929219064,0.8462343065418987,0.26604607907836775,1.4126672702260805,0.7590596691545026,0.44596428621543643,1.1990008369233942,0.8604191864825179,0.532097523816933,0.9013420983330926,0.891589464136126,0.46756341670594237,0.6422981691874976,0.7924369057622065,0.38068861792911,0.5351530025325546,0.7732286192850824,0.39545787963949164,0.5162983115194455,0.7441144404111062,0.46598299804147003,0.5085504668208021,0.7884387570275723,0.09077515608140097,1.2009654826934224,0.9176595381440731,0.03443981344855349,0.9230965414739859,0.9353887454242289,0.02036584445111087,0.6711580108838181,0.8538323992635533,0.058307008880639555,0.5465014868165181,0.8462420764640574,0.03194615979516517,0.5066721086107226,0.8215932008131284,0.009515947498367573,0.503443098121382,0.8836699383831077,2.933333333333333
0.3832978991466787,0.6419407333955152,0.8754956706925245,0.39550824728807543,0.18089414171870905,0.975683019241497,0.3623875847684336,-0.24131769909727052,1.0330664493704018,0.31697467896900094,-0.25755678850772035,0.849041656851047,0.38493952996935343,-0.2625610820894154,0.8609333447730579,0.34837585004772265,-0.30791787708039314,1.1098405118310843,0.1450289658218006,0.6612763402929136,0.8707267643513241,0.1572713341147991,0.1960001505208111,0.993376912365824,0.1779606918396942,-0.20446945996677485,1.0332096305406504,0.17213655142150996,-0.24896995672443195,0.8652275067746995,0.12072483668449774,-0.24777959289288118,0.902055864073574,0.1987645313740117,-0.30056108083684,1.105914172329263,0.27502867965986244,1.2908875714968668,0.9107438100947737,0.28450957057091875,1.5654766801060718,0.845129904720728,0.2661031393366726,1.4128742270531554,0.7596875334152728,0.44669046146817726,1.19898371199379,0.8587920940756588,0.5336785010812393,0.9006593538714867,0.8951031226468316,0.47091416584169254,0.6396975212615617,0.8031603673860371,0.3857346627902011,0.5306532018671185,0.7909105064372279,0.4024744340765823,0.5112000171178341,0.7672372654399191,0.46589566691163364,0.5089676362984024,0.7972703261193742,0.09137729896552035,1.200233574616024,0.9195760373768315,0.032574554054656896,0.9202179825893911,0.945652868122705,0.014311811295943392,0.6689745862304763,0.8676368748842902,0.04788152057544559,0.5464438747752637,0.8538965791177439,0.022662355010633684,0.5003801368528644,0.8421148810285357,0.0011000556137394134,0.5027454556976398,0.898948925581446,2.95
0.38420822134753463,0.6402819755659246,0.8804053800503968,0.3952270240222952,0.18093678951052075,0.9778437556999013,0.3620494709090124,-0.24077112337074474,1.03217041528347,0.3179107992880625,-0.2584412364947484,0.8511803901712668,0.38503916738263755,-0.2622953162086318,0.860762194273603,0.348121861943149,-0.30745545140265657,1.1091555597245653,0.1446689575967672,0.6604028661907594,0.87340170545397,0.15725847177674146,0.19574324844959284,0.9938062710259024,0.17800868154512414,-0.20528186888725547,1.0331265243826362,0.1721704048393695,-0.2486293834033893,0.8649967470364414,0.12088613593115229,-0.24859307900618352,0.9023230547916521,0.19881225420303386,-0.30117829742366053,1.1060077529377472,0.2755392251280282,1.2908948063701866,0.9083152309437936,0.2844214517854818,1.5655935216061214,0.8450487748914686,0.26614480875312,1.4130943525756001,0.7597856590794662,0.4476840208137356,1.1984428657882362,0.8583449602512802,0.5347708129018481,0.8997583989052773,0.8974685986613503,0.4746773655611571,0.6367676049855528,0.8143345245731411,0.3923180938045069,0.5252802129994942,0.8089206070449851,0.410199835048773,0.5056813175255696,0.7894379544243713,0.4667032493111944,0.5080366229174984,0.807264698764186,0.09226412570084631,1.1996172665146574,0.9219690756530976,0.03147606662941235,0.9167067920200789,0.9554921644746025,0.007629883261581753,0.6655392528840087,0.8820071494293262,0.038548033978135006,0.5445863740041003,0.8631696863592482,0.012746695442627767,0.4949215972492683,0.8613676352782315,-0.0075570146263943035,0.5039749853785354,0.9110583020073164,2.966666666666667
0.3851287484858891,0.6387913184951274,0.8853542433881062,0.39501686424250537,0.1811374456434961,0.9799942413384951,0.36175829805281956,-0.24036061694936742,1.0314118827630707,0.31901814569919473,-0.25947049370034847,0.8537464001007896,0.3852450646079276,-0.2621533290752591,0.8608400525825732,0.347954093405651,-0.30710704523868254,1.1086964426539327,0.1447384888960329,0.6595064250828103,0.876757718826909,0.15736531511901347,0.1953113544654664,0.9944996214804505,0.1780977126441415,-0.20594095765888287,1.0330466641888327,0.17215380440013023,-0.24822253857549903,0.8648620671338513,0.12097863960603888,-0.2495655201043738,0.9025836064538201,0.1989950054869479,-0.3019131672859771,1.1062117700655716,0.2760475565993779,1.290798370468277,0.9055711146194884,0.28467520274689884,1.5657027483716297,0.8453709144648778,0.2658661901397086,1.41322433800429,0.7590244770076107,0.44881493444667137,1.1975313335131532,0.8591862208366832,0.5354356671907633,0.8991712082395971,0.8988540460985875,0.4784862666546531,0.6340813534013285,0.8247438461995162,0.39965929800837174,0.5198192476865251,0.8250260976093035,0.41793040438989437,0.5011796740064086,0.8080102340242097,0.46870967672842445,0.5059978020584183,0.8179959656103623,0.09319681683269503,1.1990199497735823,0.9243104029212919,0.0313142813205171,0.9129873452349531,0.9644764140003201,0.0006189572852630392,0.661392413749822,0.8953083557761917,0.029960742096617372,0.5411818182969372,0.8743471778133778,0.002208200398677537,0.4909768580810088,0.8786550318578108,-0.015763240066027896,0.5066960788898237,0.9199405191036103,2.9833333333333334
0.3860283529462045,0.6374868884929231,0.8899979170837864,0.3949937322866656,0.18128729622135223,0.9822350896373858,0.3615283333511485,-0.2400361963269037,1.0308022427080994,0.3201082866727022,-0.26042752301881383,0.8562998256033498,0.38552629892617346,-0.2621921293323282,0.8611667610474183,0.34786876030080305,-0.30687032080065535,1.1084550943981448,0.1451440246170052,0.6584969271907661,0.8806446281631026,0.15756672276961572,0.19476403967705577,0.9953497221541588,0.17823029226400686,-0.20640234418236064,1.0329313576958228,0.1720708222453943,-0.24786427994200247,0.8648794364050991,0.12096358611881464,-0.25057193064003996,0.9027574154098682,0.19929730852895097,-0.30275425703296777,1.106463816193461,0.27653887069227817,1.2904414274173006,0.9029992063917025,0.28513301536432656,1.5656326236235907,0.8451415338074761,0.2652256112459518,1.41304714137936,0.7574846664005057,0.449944725828378,1.1964858573197374,0.861096793845201,0.5357144660551192,0.8990050875079069,0.8999593821444887,0.4820980995344008,0.63203732748589,0.8335543465841584,0.4066966269704746,0.5148554649519306,0.8381441253242188,0.4248343978181809,0.49859720995055873,0.8214583732634155,0.47160309833664393,0.5034979672949199,0.8279199616845476,0.09414955082444576,1.1983266382725715,0.926365525081622,0.03205174623421972,0.9093568454018586,0.9718127139086044,-0.006201604202739379,0.6573078308586037,0.9060257486745003,0.02181574148342949,0.5368014187508701,0.8877962717764861,-0.00849927153077315,0.48867383471338566,0.8940902389810951,-0.023319118658864674,0.5098324602061306,0.9272265812784626,3.0
0.3869297613090726,0.6363265018465868,0.8943182433280602,0.3952369825973337,0.18129259528293581,0.984629251452684,0.3613720221507045,-0.23975268631699057,1.0303445244294156,0.32093508899494627,-0.2609998232645131,0.8582734865075573,0.38575155441235676,-0.26234333184776276,0.8614585343389066,0.34787008043637063,-0.30677920048735813,1.1084384875811628,0.14578515039559792,0.65737270440197,0.8848035382057733,0.1578298223111078,0.19415808906764045,0.9963989121223813,0.17841749864696488,-0.2066678963943428,1.0327679172421322,0.1719489336834576,-0.2476093165854592,0.8650491317492467,0.12083864591386427,-0.25141562322371447,0.9028092012463144,0.19968082855829455,-0.3036432349313664,1.1067154896295381,0.2769745269795747,1.2897587509928357,0.9010286878554992,0.2855224545248394,1.5651978309389245,0.8435750930532397,0.2643572849479144,1.4122967125241126,0.7554407514983017,0.4509537895997997,1.195549836302145,0.8634503959839095,0.535638872943591,0.8990557249563726,0.9014051869483461,0.48518136714510585,0.6309791020119715,0.840160343102274,0.412423991367158,0.5109346633392997,0.8477348363189667,0.4301140345661002,0.4983983137676906,0.8288508641649182,0.47486565979777223,0.5014490025533302,0.8351687627750307,0.09515178310078115,1.1975366164894248,0.927978860070541,0.03348715624686237,0.9059816489174278,0.976781689280086,-0.01228890692155784,0.6539094741834327,0.9134398812899643,0.014300500630615876,0.5322032213581303,0.9028837191670406,-0.01835633494610161,0.4880864240603444,0.9072362348003817,-0.030353744974915477,0.5120562901572934,0.9355386093792533,3.0166666666666666
0.38788994236903274,0.6353438870047177,0.8983978318050739,0.3957087550343343,0.18114062857114413,0.9871341568905931,0.3612909390539834,-0.2395116710618681,1.0300440099586927,0.3212946175709487,-0.260938925733739,0.8591779948707831,0.38571090654145646,-0.26236185922461613,0.8612142799976287,0.347963189702069,-0.30686978879766347,1.1086546879342265,0.14660032886756408,0.6562357155637988,0.8890326129856443,0.15813682196836581,0.1934624348481959,0.9978987033164738,0.178678875689587,-0.20680528924749286,1.0325883494018728,0.1718332032893234,-0.2474401279920384,0.8653055629186784,0.12063568172903519,-0.25183337199157324,0.9027341105446423,0.20012334836845133,-0.30452244084206365,1.1069835956100833,0.27729639116198457,1.2887695520415665,0.8999398329478339,0.2855332638568541,1.5642674721867382,0.8403628193400594,0.26342223498562023,1.4107701429669661,0.7531783659827498,0.4517184372025486,1.1949087766626678,0.8654286465491328,0.5353011917798901,0.8991354727561629,0.9034341168220286,0.4871599292410267,0.6312004879879334,0.8439681464566551,0.41591428870662894,0.508611544758169,0.853079654706039,0.4331096573681963,0.500795677266608,0.8294359023869149,0.4778068281551027,0.5008120878046518,0.8381556191628093,0.09614888575049799,1.1967390250882408,0.9289748549394365,0.03528666077596973,0.9030057901068409,0.9796353753159535,-0.017281366779173423,0.6515072151616523,0.9178723186183121,0.008091095044498993,0.5283707821544988,0.9173636086748205,-0.026267564030508377,0.48942631818003723,0.9172604058788593,-0.03685569604685851,0.5124853279160554,0.9466176312856274,3.033333333333333
0.38888264472211154,0.6346153233655147,0.9021513022365504,0.39626082005169294,0.18084907306814205,0.989659960620399,0.36127846585808127,-0.23935638745794538,1.029927832339987,0.32103659849507904,-0.2601265899207775,0.858623679568857,0.385259585462523,-0.26194825668332067,0.8600768989311137,0.34814742637344837,-0.30714386986408254,1.1090997401526996,0.14755784697313257,0.6551096244290184,0.8933966117963805,0.15847288830316064,0.19256802995472952,1.000073879020813,0.17903347172951084,-0.20690039868588328,1.0324422837048715,0.17175458913374775,-0.24734439520943594,0.8655401675358764,0.1204156460802703,-0.25162904491079624,0.9025271249321221,0.20062313309685434,-0.30534395827755045,1.1073244901485728,0.27747343925759327,1.28751852357524,0.8997290838491337,0.2849362725708928,1.5628633026082999,0.8355239129288627,0.26255986528049713,1.408417301108197,0.7509732164980124,0.45211109774688507,1.1946296808600927,0.8664535920896055,0.5348546990414754,0.8992516167789162,0.9060296214505118,0.4874017670372103,0.6328076616504841,0.8444393786882513,0.41637179815770453,0.508380888286168,0.8533806741525025,0.4332865083747093,0.5056734104607763,0.8230800201728441,0.47965542871841654,0.5021683169420122,0.8363697023043966,0.09705613296986113,1.196027767358513,0.9293143867466035,0.037023929028715916,0.9005762991376183,0.9818662379163534,-0.020916972208257577,0.6501725793513948,0.9204365341823695,0.0039408786164306115,0.5262153162410116,0.9287418785598792,-0.03181897365611645,0.4925153839429377,0.924264088678523,-0.042623775281148066,0.5110480410108672,0.9603486914904402,3.05
0.3897830095175071,0.6340869794198869,0.9054433559348887,0.3967460663149163,0.1804293405819999,0.9921380271269151,0.36133234960036315,-0.23933449283842384,1.0300308225473374,0.32007432499613697,-0.25850462770353705,0.856394197816855,0.38441859241668686,-0.2609493036081725,0.858068642014429,0.3484267638124803,-0.30761283948383356,1.1097770992783045,0.14863602195737904,0.6537239098120154,0.8982638245635685,0.15883027324331564,0.19141429598660664,1.0028213208827725,0.17948493395962686,-0.20701108680463864,1.0323674710353044,0.17172507542308402,-0.24731089651204652,0.8656597863298061,0.12024895333339954,-0.25082845355725275,0.9022082047055405,0.20117775924322734,-0.30606672398033224,1.107758620390263,0.2775344087828356,1.2860765478008154,0.9000344174250756,0.28366168276683235,1.561147852573217,0.8291496580031072,0.261901463893025,1.4053171641685445,0.7491045529813107,0.45210999443146427,1.1946275376959528,0.8664903047381101,0.5344628577523922,0.8995338576510915,0.9090834414380938,0.4856821113466911,0.6356683897722823,0.841469519619678,0.4135496699341525,0.5106266513696178,0.8484830313144972,0.4303718368504059,0.5124946749713757,0.8108656077533191,0.4798047451086763,0.5053907331233611,0.8309646685589066,0.09785457378939899,1.1954964254129994,0.9292447365210086,0.03833637018379474,0.8987950840339217,0.9852951968950749,-0.022920560238411554,0.6498422542898274,0.9223759162795573,0.0022526320915284663,0.5260230612655524,0.9363010743271089,-0.03540087897612558,0.49642016095267305,0.929931094625998,-0.047566682557097416,0.5084396020544522,0.9751033694660256,3.066666666666667
0.3904893126846258,0.6335861682308457,0.9082731349127713,0.3971105353888064,0.17989218834401824,0.9945117174652589,0.36144278949198394,-0.2394567124591886,1.0303222294502168,0.31850875476609014,-0.2561480949532877,0.8527632034211415,0.3833342468470302,-0.2594304888182076,0.8555038543782291,0.34882189564806526,-0.3083316998746407,1.1107282346204728,0.14979892321524615,0.6516417671209435,0.9040291075322303,0.1592449169399382,0.1900833764098911,1.0056930759674334,0.18000284717226434,-0.2071513689150821,1.0323761518616896,0.1717448789685615,-0.2472850548905873,0.8656321716088425,0.12018863228460099,-0.2497007458864428,0.9018734434481079,0.20177072359508522,-0.30666834219530276,1.1082530102688388,0.2775290523765896,1.284580920258836,0.9003390420827642,0.28182777111442114,1.5593096896760406,0.8214756388892038,0.2615531704147375,1.4016604702710413,0.7478016636765863,0.4519275221794459,1.1947236580321894,0.8660973129060905,0.5342910188953068,0.9001093463659665,0.9124772848030998,0.48236858386768544,0.6395365419800343,0.8357004788463901,0.4080452722920823,0.5154471842155026,0.8394153865913597,0.4246657001964168,0.5204170784656393,0.795001750397641,0.4778227244411924,0.5098163678858014,0.8241971598098841,0.09855985060060415,1.1952702752948563,0.9291472259444002,0.039099337160908076,0.8976991169833798,0.9905922448025499,-0.023173929715301512,0.6503011091111311,0.9244381004789888,0.0028860723207850556,0.5270339308979296,0.9419102959441592,-0.03764740755474112,0.4999857663792465,0.9362472953544297,-0.051750050312578594,0.5057848987180865,0.9885010309311657,3.083333333333333
0.3909924906821865,0.6330134820079917,0.910688988197613,0.39737687933158816,0.17925828193749904,0.9967165340614944,0.36156606583042344,-0.23966672141512527,1.0306629670954197,0.31665127507204077,-0.25335499684963925,0.8485124415818854,0.38218485634637755,-0.2576171292534711,0.8527863800395458,0.3493649224014087,-0.3093439514658722,1.112033953048945,0.15096092200701552,0.6486979387227372,0.9107258564887046,0.15978394511628008,0.1887500769931021,1.008223519651468,0.18051744479331652,-0.20727173226853024,1.0324454364759978,0.17180528630593908,-0.24721533022464343,0.8654682192792851,0.12024201047497005,-0.24858226393305907,0.9016497343804355,0.20237956581008687,-0.30716066687715626,1.1087737859076408,0.27746616747647573,1.2832001129916784,0.9003047366555849,0.2796991559708474,1.55749916476411,0.8131247417642402,0.26152140163668064,1.3978248537511833,0.7471184570397738,0.45191592534659963,1.1947748408887673,0.8660846355494843,0.5344732090391766,0.9010747861179473,0.9160134554894026,0.47803413065554357,0.6442696792910374,0.8283179557935633,0.40073100783145477,0.522615296876922,0.8277082783343047,0.416947199102168,0.5286114854832471,0.7779285105256984,0.4731897207234068,0.5147873348159812,0.8179440033443838,0.09912809703703927,1.195442395674617,0.9292256328197059,0.03944201368803057,0.8973262246363648,0.9967867920773288,-0.021822073292338685,0.6511071040791913,0.9268728109908251,0.005305437219197634,0.527786882923935,0.9487028055633684,-0.03891699411170229,0.5026096510725788,0.9436223392699157,-0.05499567095875109,0.5041012881000339,0.9982885964276619,3.1
0.39133934891083666,0.6324323893905005,0.912720078991738,0.3975785725591491,0.17858566451602154,0.9986801138348324,0.3616481029701142,-0.239863354471541,1.03089776343229,0.3148600910094665,-0.2505896475256501,0.84449287410912,0.3811282444227671,-0.25584429336515235,0.850284446089819,0.3500695743561129,-0.31060964457283985,1.1137436480888414,0.1520060122675266,0.6452339987169399,0.9179267583957043,0.16047669585054006,0.18757497978331206,1.01023501236143,0.180953497148693,-0.2072764192613918,1.0325301007935384,0.17188524286568907,-0.24710399552789633,0.8652099584203936,0.12036220561883104,-0.24767831260621173,0.9015801528255102,0.20299297150012469,-0.3075854958085459,1.1093226894496369,0.2773447512237096,1.2819909180035611,0.8999128731823449,0.2776176284091555,1.555852439120137,0.8050063107228161,0.26166590354213526,1.3943197171607327,0.7468742819048708,0.45230120646375305,1.1947288273834245,0.8669391434645232,0.5350633727069111,0.9024493989082718,0.9193847615673012,0.473025212475481,0.6499724399793114,0.8205823048826083,0.39177142399423376,0.5319576581919301,0.8140297087854468,0.4076936911684127,0.5367916484078203,0.7611949803144397,0.4652770114570042,0.5200850926301892,0.8126664460938169,0.09946504083788668,1.1959669828244242,0.9294398496881409,0.03963136145845937,0.8977526948705115,1.0023774686859055,-0.019091409504807377,0.6516393356305543,0.9300101351879135,0.00890752582858768,0.5272016710517125,0.9585752400783836,-0.039119770875493426,0.5043373683390222,0.9508659431970046,-0.056445865747146357,0.503820538047712,1.0033809289488334,3.1166666666666667
0.3915727186529003,0.6319769299626785,0.9144942183447182,0.3977246615248268,0.17799724560966512,1.0003163056891324,0.3616762367381144,-0.23997592286881086,1.030981924302929,0.31339757154514525,-0.24838794953027188,0.8412672755788027,0.38029625349973084,-0.2545051615608108,0.8483174902581786,0.35087560068256696,-0.3119705196959673,1.115720589552881,0.15287822668517065,0.6418550283146379,0.9250214689654803,0.16127983821733688,0.1866423344478778,1.011841693747326,0.18127206113328198,-0.20711419391789837,1.032598573888941,0.17194923196869916,-0.2469931583361975,0.8649499917916805,0.12048668262717802,-0.2470579953898792,0.9016003781890523,0.2036103757856206,-0.3079877108366373,1.10992108810039,0.2772530816257652,1.2808333448272011,0.8994582423133928,0.2759442066580299,1.5544947305985157,0.7979238405555135,0.2617881240741534,1.3914903275311117,0.7468192091468935,0.45308083077642525,1.194549642642368,0.8686351897569805,0.536045838958948,0.9040929933852035,0.922403889266096,0.46739269642573134,0.6570095112692417,0.8134510543703253,0.3805642087094717,0.5436845753067407,0.7980870032870293,0.39657356197256677,0.5455755894382817,0.7451138674820543,0.453872856763178,0.5260103241835955,0.8078245080027535,0.09953646251715692,1.196682199358499,0.9296837765426997,0.039919564174575164,0.8989706020725454,1.0065795405136255,-0.015142736407494316,0.6513246250413913,0.9345877052297336,0.013192513662925811,0.5252463666176148,0.9709542526740029,-0.03772247283798841,0.5053289340214038,0.9567453833602435,-0.05481323673423738,0.5045959346680067,1.0045082461079695,3.1333333333333333
0.39171740695548124,0.6317133039230802,0.9163098239724469,0.3978034829046626,0.17762649472156283,1.0015240979680533,0.3616758103107176,-0.2400066314813429,1.0309717164312047,0.31235437247028985,-0.2471392353645432,0.8389701805544361,0.3797852444916773,-0.2539191206745921,0.8471422804095302,0.3516361346570525,-0.3131930642425939,1.1175949082879812,0.15363572077106658,0.6390136538978008,0.9315890115609848,0.1621083826471982,0.1859466311944406,1.013279272511231,0.1814684020063083,-0.20684788297720347,1.0326471174897023,0.17196639126255447,-0.2469248927298825,0.8647867496709171,0.12058293317721364,-0.2467421812572301,0.9016242337011812,0.2042226118930695,-0.3083934841996545,1.1105791318914673,0.27736228772939886,1.2795687291319406,0.8994215819492482,0.27494243251979844,1.5534861310209327,0.7923602215452659,0.2618077485551407,1.3892953112866209,0.7468011395339238,0.4541284221336283,1.194164153205669,0.8708861704564244,0.5373269315495662,0.9057542142312498,0.9251400058858581,0.4609304930471655,0.6659464574062878,0.8072474770610233,0.36672050930468403,0.5582477343215768,0.7799715621041242,0.38311122680264154,0.5562013665674034,0.7296821324946562,0.43965133160705117,0.5334446304546904,0.802775191453196,0.09943334024675396,1.1974281750161408,0.9299151973644659,0.04041275185677862,0.9007494516388694,1.0092568118532286,-0.010125999297899025,0.6498989339730638,0.9412121813681753,0.017748849050193978,0.5224583810106092,0.9839585805154208,-0.03398644041589613,0.505323065308438,0.9612086755006347,-0.04931126574915795,0.5054448221744272,1.003912091222913,3.15
0.3918043089471186,0.631586833225977,0.9185309853282451,0.39780171375870443,0.1775619189453349,1.0022097763217614,0.3616703381242252,-0.23999623122952835,1.0309305048183108,0.3116300863561066,-0.24683312724242507,0.8373134293607923,0.3795975584847402,-0.25417951334264044,0.8468007341452326,0.35220696811034813,-0.31410245132822256,1.118988422148045,0.15439352669885173,0.6368208269408236,0.9376651532176066,0.16288995171267387,0.18543978599000183,1.0147201154504744,0.18155187597027583,-0.2066009059951906,1.0326836313353132,0.1719407646535548,-0.2469067790784947,0.8647367414358871,0.12065005658478725,-0.2467037701147673,0.9016151154253654,0.20480533389895927,-0.3087911313249214,1.1112732593013837,0.2777856642287792,1.2781657214973055,0.9001588171262056,0.2746306282564606,1.552775264854018,0.7884910748788676,0.26185419531111986,1.3874236578578898,0.7466522844002226,0.45528958611340586,1.1935215538898456,0.8733627018672872,0.5386533092168687,0.9072275690081237,0.927576178817594,0.4532015327801161,0.6773796644221483,0.801467298458322,0.3507783965599748,0.5760356574322179,0.760927067055094,0.3676204309334964,0.569973773732401,0.715605159127802,0.4237739960392038,0.5439576943927944,0.7968370813294636,0.0993018255550437,1.198096414716938,0.9301417709826816,0.04104019782341214,0.9027101864406747,1.0102247342502246,-0.00430399321823061,0.6475298118402124,0.9495805673262672,0.022224584848127706,0.5191367265064127,0.9961535671911524,-0.027541588845326856,0.5038335907601269,0.9652224228132791,-0.040215331917235114,0.5052585325220171,1.0042196456988157,3.1666666666666665
0.3918538760440151,0.6314800449889798,0.9213452894288819,0.39772305130617985,0.17785025817802808,1.0023290025978204,0.36166707766293926,-0.23997567860337432,1.0308868124267454,0.31108073171022466,-0.24717441564589296,0.8359430943505053,0.3795998548190415,-0.2550892815627187,0.846979029696212,0.3525356667864561,-0.31466565761694965,1.1197540090234361,0.15523136148332653,0.6350867072132564,0.9437303895751357,0.1635960463108457,0.18510195678232388,1.016168770684599,0.18155434877400936,-0.20644594904903224,1.0327169460406962,0.171905455901594,-0.2469152395155809,0.8647404845622947,0.12069936090572427,-0.24683832195835853,0.9015950510271606,0.205335462061396,-0.30910212204384063,1.1119403548443987,0.2784877233415472,1.2767279962902436,0.9016898965549354,0.27478365902960783,1.5522341779552886,0.7862459093843555,0.2621666745501541,1.3855922763154638,0.7460940482720448,0.4564025949683323,1.192663284018984,0.8757302466068481,0.5396036080049416,0.9084484935970234,0.9292802317496717,0.44377809259414625,0.691710628469212,0.7950396106568096,0.3339413809508527,0.5972693728998794,0.7426115533726384,0.3510502551191462,0.5879151742155421,0.704046029936975,0.40698201069468143,0.559364112899119,0.7889201405291923,0.09922367327206028,1.1986062600688794,0.9303575374218113,0.04165130096538441,0.9045601835094295,1.009202373843282,0.001889777903004989,0.6446659574135531,0.9585661884098088,0.026339397848528526,0.5153806375412282,1.0066110281389529,-0.018868111368998117,0.500858159518572,0.9696618435450054,-0.02853514667498016,0.5034715161793941,1.0070969151740283,3.183333333333333
0.3918578442498411,0.6312975535005476,0.9245719234769403,0.3976030998438069,0.1784692937471718,1.0019550056020292,0.3616647278421618,-0.23995442171042808,1.0308461232614654,0.3106726577331777,-0.24788345714699042,0.8348025165528818,0.3796150965565495,-0.2562539442181326,0.8472070288515446,0.35264376379358287,-0.3149178131979462,1.1199493154947684,0.1561555985266331,0.6334870033373081,0.9502018042267243,0.16423196484903968,0.18495085594206162,1.0175170430634504,0.18154092685262258,-0.20637791710001696,1.0327620508519442,0.1718852248407038,-0.2469257527485036,0.8647427626318921,0.12074697259018895,-0.24701350563630578,0.901603293780021,0.20580583595995142,-0.30920641908137053,1.1125148783946432,0.2793523561987717,1.275384363667051,0.9037772022964841,0.2750977045923481,1.5517802480224956,0.7853857458899987,0.26289080970904966,1.38373206733191,0.7449171832792449,0.457304212529243,1.191714949667981,0.8776451590855843,0.5397464624748043,0.909488087476343,0.9296373468036634,0.4326123392886758,0.7091072868687289,0.7869839126018252,0.3174125423771234,0.6220779241617603,0.7261784153287891,0.3341605551510631,0.6106042151495734,0.6955327350952779,0.3894084119797901,0.5807551449948614,0.7778358270170135,0.09919469424619692,1.1988990707245415,0.9305280645500666,0.042154676925620777,0.9061966198084591,1.0064048009163713,0.007964048496600958,0.6417238497466083,0.9671239822238515,0.029968871479332672,0.511755065408459,1.0139461589098535,-0.00915613357780684,0.4969080896903194,0.9748750787910813,-0.015482948367141761,0.5002960191728719,1.0125939169046407,3.2
0.3918331350262963,0.631017572103321,0.9277196461159756,0.3975020364352997,0.17928367628076697,1.0013355356099,0.3616608990462752,-0.23993056820410336,1.0308069649420324,0.3104018825825819,-0.2487165826626263,0.8339634125952784,0.37957484518389695,-0.2573047549629071,0.8472538967266834,0.3525603702196561,-0.31485883348447846,1.1196728749748976,0.15712623105836793,0.6318357508260366,0.9568269356203558,0.16481195360507,0.18501521739046362,1.0186417824729073,0.18156968323548087,-0.20634847548275487,1.0328339054086828,0.17188059810077005,-0.24692815723359726,0.8647264548491643,0.12080579583396583,-0.2471499359551187,0.9016455346613558,0.20622234912251194,-0.30903439981033015,1.1129757397983593,0.2803103187498417,1.2742212502097492,0.906092718252046,0.27532596121430397,1.5514480867206264,0.7854779946234158,0.26398058233669053,1.3819499997366966,0.7431229954769348,0.45786845066907694,1.1908333315498438,0.8788273329783609,0.5388100788860343,0.9105227317711078,0.9282665337668321,0.4201673766918352,0.7295318727443628,0.7769438047170485,0.30210970825525274,0.6504330432688246,0.7124200072350642,0.3172730392116238,0.6380788630153068,0.6895238649651713,0.3713754913378903,0.6078257017625822,0.7635071486246872,0.09918967838406095,1.1989738135892278,0.9306330455848283,0.0425724785284714,0.907541338768154,1.0029991524907507,0.0135986425434202,0.6389326641487487,0.9749475029183714,0.033321264893938767,0.5094658494621045,1.0163453227749828,0.00031676074129902143,0.4924998249923896,0.9809065059164331,-0.0023540089913751078,0.496393654816725,1.0194619308148791,3.216666666666667
0.3918450377741559,0.6307221038160058,0.9302688916037626,0.39746063766502876,0.18009467047133187,1.000808196747499,0.36165466482421654,-0.23990026482959065,1.0307665421725827,0.3101928514548862,-0.24939487101124502,0.8333835385767278,0.37953665909628054,-0.2580559203867203,0.8472158788908526,0.3522948004044219,-0.31445322093295963,1.1189764602002439,0.15811288610349233,0.6302236892032793,0.9628253480544327,0.16535011582265163,0.18532592477274673,1.0194214391233762,0.18163650979989476,-0.20628766575446927,1.0329281050095183,0.17188109828868475,-0.24692620444162788,0.8646971407876799,0.12087118506334059,-0.24724150298847228,0.9017045617766309,0.20659276013618558,-0.30861259651952305,1.113335573122667,0.2813588624439709,1.2733132796324445,0.9082985853912788,0.2753258150533404,1.5513069200218368,0.7858674235231509,0.2652627722615504,1.3803966471838804,0.7408563810443353,0.4580770854655164,1.1901974683469665,0.8792217462508263,0.5367513910760944,0.9117884252254479,0.9252451556322566,0.4072881094514696,0.752477753469555,0.7653084216844366,0.28876277165221187,0.6819478819834209,0.7022499048903003,0.3006916954077409,0.6697444928330978,0.6850104351549723,0.3538689649942307,0.6390710124419309,0.7475862384355176,0.09920718754957335,1.1989102199379578,0.9307038197561829,0.04295850951006243,0.908320314977293,1.0007290472809767,0.018693661141312046,0.6364095192746362,0.9822242503801986,0.03703712917944506,0.5096923804849771,1.0125753522030392,0.008835580182144368,0.48816346144070955,0.9869943262027447,0.009460447661293447,0.4925423881807779,1.0257114519395172,3.2333333333333334
0.3919425575148152,0.6305788959727885,0.931988222535011,0.39747103644562204,0.18077454989052605,1.000578095034827,0.3616461237666072,-0.23986143461319348,1.0307214190062406,0.3099994249412752,-0.24971026258471476,0.8330376574063993,0.3795679008856102,-0.258475589238155,0.847269144759246,0.35185397515249933,-0.31369144359524953,1.117891421422409,0.1591125503217361,0.6288765331761474,0.9676586131178695,0.16585560303315394,0.18589214425642964,1.0197612154621387,0.18169098717181192,-0.20614873443769885,1.0330264886753684,0.17187911716301496,-0.2469313830939235,0.8646680154897293,0.12092286072641313,-0.2473218125002792,0.9017838439771206,0.20691918671834086,-0.308021794409483,1.1136042900341396,0.28246540030557044,1.2727492940714589,0.9100571356331881,0.275102847390779,1.5513307295498102,0.7859935344078588,0.2665536448629041,1.3792170501780299,0.7383766588652929,0.4580416699963223,1.190026524742722,0.8790872420555904,0.5337712081764033,0.9134848324357457,0.9211336069002722,0.394982236679193,0.7768561336918025,0.7530883769378584,0.2776894778044734,0.7161131941280505,0.6959220100591719,0.28495811321154596,0.7046263088072591,0.681015051516648,0.3377537155630921,0.6726933134408208,0.732220253759701,0.09926298381054366,1.1988173805004227,0.9308066029448154,0.04332546279047819,0.9081400373381268,1.0008308408560491,0.023204131941201123,0.6342607477310471,0.9889301420057467,0.041930624438750064,0.5128117247681895,1.0027429121403804,0.016495096600101594,0.48473680442562006,0.9909919456696582,0.018787217795959328,0.48949985306433896,1.0293128001532965,3.25
0.39211317627035397,0.6307414115667076,0.9330369404885808,0.3975037643489727,0.18134085038917752,1.0006085048376525,0.36163575914793866,-0.23981514814293564,1.0306702009416011,0.30992915808154187,-0.24966392967707746,0.8330374583957174,0.37965810822668955,-0.25861192638030484,0.8474646247767145,0.35127633811460124,-0.3126396940996903,1.1165141839225525,0.16012016465574155,0.6279816622827665,0.9713691950274899,0.16631069920473987,0.18666873967062536,1.0196778596301554,0.18169730775334234,-0.2059430047141132,1.0331208468391817,0.1718753815851397,-0.24695077360478224,0.864650880644809,0.12094453181846698,-0.2474220882728858,0.9019020836178426,0.2071896028350803,-0.30733230888755364,1.1137772141013675,0.28352857506426066,1.2725783772358654,0.9110662822745125,0.2748482277893835,1.5513815657942722,0.7858124926816554,0.2677480234983792,1.3785253724330238,0.7361546125351952,0.4579084547347265,1.1905214650757199,0.8788059118733684,0.5302736858467347,0.9155994352244725,0.9167322226123649,0.3841583696088215,0.8016465473272965,0.7415991617847029,0.2682870933579962,0.7527854955306044,0.691760420840787,0.2705195110609082,0.7420176660629437,0.6764350040819826,0.3227401167439734,0.7075161009503173,0.7181162789492369,0.09936004288830219,1.1987552329812434,0.9309835031940632,0.043716790128424034,0.9068882869649973,1.0032680102662566,0.0271271870278087,0.6325826981828699,0.9945684240601889,0.048539197310154,0.5183015829975344,0.9882888326799839,0.023879091272357995,0.483208712239271,0.9902629734352612,0.025156427403201745,0.4878155645850289,1.0292950076798595,3.2666666666666666
0.39230216395469547,0.6312505859602029,0.9337671137125881,0.39753968484391783,0.1819147045065716,1.0007345557190537,0.36162471432614396,-0.23976629610077463,1.030617171608408,0.3101942308692243,-0.2495228768079893,0.8335165983639976,0.37973203200970584,-0.25857917856271573,0.84772672197381,0.35064134878350617,-0.3114361157599675,1.1150370153166038,0.16110677713154972,0.6276560163227998,0.9741909843734381,0.16665966059747353,0.1875764655548448,1.0193076219641888,0.18165613140766007,-0.20570066428112715,1.033212932272113,0.17187861650580116,-0.24698056064550117,0.8646557337510046,0.1209375068738417,-0.24754183759541024,0.9020500836084345,0.20737063040201908,-0.3065675870753366,1.1138320433980649,0.28446919974058904,1.2727568850975177,0.9112091470106755,0.2748831465014641,1.5513151523246718,0.7857784538065912,0.2688231943185956,1.378305119098341,0.7348157755691245,0.4577527036949913,1.1917273071904524,0.8785580604556662,0.5267396090378087,0.9177496464430168,0.9126601770421379,0.37543689842409866,0.8265299429519989,0.7319167042922313,0.25924475908018046,0.7920783429851018,0.686853087031009,0.25729882517656444,0.7817805802307863,0.6699670386002614,0.30767303859472783,0.7431925240491597,0.7041672824910248,0.09946806567092321,1.1987281656994622,0.9312000430153428,0.0442427801311422,0.9049762804680045,1.006933836910965,0.030701649585820306,0.6314682618000362,0.9984957063682888,0.05693933664544971,0.5252391610656271,0.9713572188700291,0.031626023507686646,0.48412629794779205,0.9834852547095452,0.02902353969982381,0.4876525142340428,1.026326478137186,3.283333333333333
0.392446547780425,0.6320489367925817,0.9344350817472092,0.3975680443320296,0.18265176714932324,1.000815654011549,0.36161509074189496,-0.23972139807831136,1.030570777467948,0.31092792388745016,-0.24970270052030027,0.8344584131907026,0.3797423925814831,-0.25852073966916267,0.8479720391423422,0.35002475488936324,-0.3102076828404643,1.1136412979285009,0.16203670970158268,0.627969028203355,0.9761637607070499,0.16684541481255877,0.18854661183754917,1.01880705966254,0.18158651082070704,-0.205412413124393,1.03329911160071,0.17189731109947026,-0.2470115727054802,0.864693265626094,0.1209154381649086,-0.24765636813892494,0.9021794771847814,0.2074296276217101,-0.30571008312379766,1.1137415993701087,0.2852960034658626,1.2731766864562695,0.9107504620418617,0.2755120609136693,1.5510801136293642,0.786481472423795,0.26977361948548045,1.3783662261001115,0.7347936253266236,0.45759435235111123,1.1933849814726971,0.8783178325457408,0.5235493811435485,0.9193206958983939,0.9090339453321903,0.3690011875402688,0.8515206300131366,0.7244044039881803,0.24958117875569868,0.8336657187035822,0.6793942110967377,0.24489061200494605,0.823853183073119,0.6606942431293681,0.2919582640742878,0.7796665650902532,0.6892197895922403,0.09953625171340796,1.1987298181616615,0.9313377733517452,0.04495447396676433,0.9031003225215464,1.0104674819437118,0.03440556717665584,0.6310971011263945,1.000113478281285,0.06675531472261623,0.5327142091004669,0.9540598555716615,0.04017937198909348,0.48708768162792243,0.9714788914916708,0.03147690999513447,0.48880932386191145,1.0219909917981447,3.3
0.39250178641913275,0.6330606488574486,0.9350694448123874,0.39757784563085813,0.18366659044356087,1.0007926666796945,0.361609249901691,-0.23968393856368247,1.0305366690516005,0.31205325106483406,-0.25044103422753966,0.8356145378652972,0.37977202312530023,-0.25853608167451086,0.8482074280495933,0.34944904522273396,-0.30898675168214745,1.1123787412550985,0.16290970993598086,0.6289141631090798,0.9772186534069047,0.16686068638356383,0.18951759632273546,1.0183090814783868,0.18150512592610357,-0.20502450262574262,1.0333704023509256,0.17193071616337086,-0.24703702495060453,0.8647678068581517,0.12088786300669296,-0.2477525408769196,0.9022431850690438,0.20737330792194103,-0.30473617986767243,1.113512539823344,0.2860142226072208,1.2737060624978453,0.9103108477231586,0.2768894813204613,1.550719019665412,0.7883255831789492,0.27061042983571393,1.3784657682599755,0.7360054801203196,0.4574574389504974,1.1949315102028688,0.8781858541808961,0.5208159431928149,0.9198812192462505,0.9055174364418839,0.3643973465872301,0.8763034615577191,0.7185770330727168,0.2393859271330146,0.8763607783308381,0.6698027192494886,0.23329923039377987,0.8675134781009031,0.6490214031092714,0.27626288063741133,0.8167291658455059,0.6736682182335358,0.09955184434905312,1.1987560264072419,0.931288735028618,0.045764891316835796,0.9018084178961389,1.0129694236132691,0.038636813624446195,0.6317662352258254,0.9986658465124547,0.0771322665429345,0.539810407451703,0.9383413153321076,0.049525581157411694,0.4908943898231012,0.9565468938766644,0.033586579736001376,0.4908435310199959,1.0175864035980902,3.316666666666667
0.39245707292933774,0.6342315552572799,0.9355216441145342,0.39756057910931486,0.18493875455532127,1.0006735120442252,0.3616071028570234,-0.23965211633066288,1.0305133975393657,0.3133409371109219,-0.2516186735516457,0.8366251779380804,0.3800049307154377,-0.2586540382270597,0.8484948901199801,0.3488951066163936,-0.30772870231501426,1.1112046669195452,0.16376465343281474,0.6303653604013759,0.9774622402855043,0.16675425391767182,0.19041218719474834,1.0179466960261048,0.18141623276344968,-0.2044900849227214,1.0334228498898566,0.1719710507685842,-0.24705661329519746,0.8648728888330294,0.12085619491072605,-0.24782730563663952,0.9022349485873258,0.20724204046752243,-0.3036539054326225,1.1131909881270912,0.2865153281047973,1.2742063033217872,0.9105169406855751,0.27896230347603435,1.5502981801319433,0.7913505393291518,0.27140655973385974,1.37846484117314,0.7379379145590265,0.4573665224487793,1.1958010741907035,0.8785078284278742,0.5183144277282529,0.9194103853096606,0.9017082414641524,0.3606039853256454,0.9003260039032313,0.7134609565703824,0.22961874242137925,0.91849190898182,0.6596124251577575,0.22322370337456365,0.9112860851991751,0.6369270638638016,0.2616649403300905,0.8541916791480189,0.6588879485718186,0.09960380609589589,1.1987787149741964,0.9311317489479702,0.04653291408315904,0.9013003651404475,1.0141556246435375,0.0435015655624444,0.6337436469213305,0.9932834662631957,0.08687864699637063,0.5455584271633748,0.9260537917543711,0.05897061060364894,0.4943686975237645,0.9412235992249193,0.035936803472960965,0.49324155966081895,1.013616374118376,3.333333333333333
0.3923278589233937,0.6355519850618515,0.9355523367214204,0.39751717532668246,0.18629977064780423,1.000496664450516,0.36159965634304275,-0.23962093236985924,1.030494376776829,0.31458510799213923,-0.2529632629767346,0.8373043734282344,0.38056759088599496,-0.2588535641431864,0.8488426315170626,0.3483446443828485,-0.3063924388879035,1.1100810521745212,0.16462287174836174,0.6321253398415012,0.9772398876587772,0.16658651841903788,0.19116670657981388,1.0178013880121002,0.18131420972063086,-0.2038107886670171,1.0334590202066478,0.17201085283903333,-0.24707615031394162,0.864995737878906,0.1208322049638681,-0.24783377416950084,0.9021881781377127,0.20705660283622582,-0.3025100439256387,1.1128024697060301,0.2866384393944487,1.274569384784148,0.9116500273152113,0.2814940985757199,1.5498398937429005,0.7952318430915801,0.2722178678675109,1.3783565142537901,0.7401347798307023,0.45731350172986673,1.1958207153662066,0.8795919014879132,0.5156299930783648,0.9181096298233682,0.8975750208047194,0.3565790560864477,0.9232995517848732,0.7085426752499807,0.22143175934992004,0.9585566123435628,0.6502848341064392,0.21547567358479758,0.9534744738893209,0.6270154073363081,0.24869490037214564,0.8919608203712923,0.6459496156041841,0.09982738338861877,1.1987348940091507,0.9311824149090797,0.04717494331054055,0.9015305546181562,1.014058110255485,0.04885942548537266,0.6369965756802943,0.9836723561531184,0.09488471344574455,0.5492746975552363,0.9183353253086768,0.06735346836798524,0.496916189567888,0.9275504149354538,0.03860752334479129,0.4956307874718854,1.0099939597308796,3.35
0.39214133213681424,0.6370875276981092,0.9349257375638347,0.39746095259912545,0.18755009214165652,1.0003082572209605,0.3615628922314188,-0.23958488555781549,1.0304713181797902,0.31567847968491225,-0.2542764498436075,0.837737138228117,0.3814424090520432,-0.2590980066962456,0.8491954096313068,0.3477979624622028,-0.3049981932488686,1.1090076342363206,0.16545033958293445,0.6340369974371189,0.9769131536492106,0.1663918226616771,0.19177823366894298,1.0178351724389731,0.18119224489551092,-0.2030205909961921,1.0334820232863788,0.17204435283999842,-0.24710112375102655,0.8651201311511714,0.12084698471710456,-0.2476678494130688,0.9021527295493693,0.20679501053028884,-0.301352447676575,1.1123213086063024,0.2863285437783991,1.2747492609344406,0.9136055160368478,0.2841398582069085,1.5493243887362804,0.7994317565197839,0.27295904685533334,1.3781844338065705,0.7425086283615064,0.4572573701601377,1.1952737575334371,0.8814488292896581,0.5123899090773438,0.916200306993635,0.8934847590132003,0.3517567488978054,0.9453028285707911,0.704442992242174,0.21562644190251606,0.9954421065452644,0.6432994868162356,0.21038732206738775,0.9926127832721975,0.6212020404633299,0.2375610735118465,0.9295576653423313,0.6357123911826078,0.10023416198444934,1.1985719502142347,0.9318348696527222,0.04769522917811296,0.902347389608458,1.0127875166453484,0.05437033082108103,0.6410288440770749,0.970821505942387,0.10051372511112965,0.5509385275673737,0.9149236389287263,0.07365058922404707,0.4982318151537263,0.9172659690109806,0.04134744520606923,0.49778318524081955,1.0064155301452322,3.3666666666666667
0.39194393724101817,0.6389219994154083,0.9336126251254755,0.3974107540281308,0.18859167064362936,1.0001524286796728,0.361471079420026,-0.23954089726160996,1.030439065416204,0.3165245906367377,-0.2554066932698681,0.8380325795713801,0.3825198683624288,-0.2593653409348291,0.8495254560811675,0.3472698668458161,-0.30363322119149705,1.1080005656081398,0.16618213421426692,0.6360605209112228,0.9765937846441924,0.16618524458309006,0.19228601000371975,1.017976128165746,0.1810498822828673,-0.20216033567628922,1.0334944459246826,0.17206680840812408,-0.24713089235162078,0.8652272965727543,0.12092933178737683,-0.24723692208134548,0.9021653818423464,0.20644120509144945,-0.30019815677538586,1.111738287786287,0.28570570135686646,1.2747459550045939,0.9160696878740573,0.2865113395918812,1.548752008907727,0.8033464075420508,0.2734448974341017,1.3779832315544516,0.7450955025827758,0.4571557734789546,1.1946088092062719,0.8837937142960245,0.5082428757055747,0.914086124183395,0.8894421989679852,0.3459638667016239,0.9663975929428216,0.7023742653945665,0.2124198894457977,1.028301407168925,0.640186488727892,0.20778081140286617,1.027772310279596,0.6200371461395067,0.2288439737744895,0.9659871691791807,0.6294968020238747,0.10068178959682862,1.1983142358554737,0.9334106897065144,0.048133463542303245,0.9034832671570499,1.0106568460562264,0.05952718702504025,0.6450378791094625,0.9568882466219963,0.10373476443187833,0.5510731579077173,0.9144073437875262,0.07743480937803524,0.49792586651070153,0.9116050466068795,0.043702881086825365,0.49939560605817235,1.0025948853048359,3.3833333333333333
0.39182317081975754,0.6410431554003089,0.9319101713737445,0.39738021798513873,0.18943985789466647,1.0000527714797245,0.3613337407943357,-0.2394934193069401,1.0304026961993975,0.31698933618538694,-0.256173162272031,0.8381363108402857,0.38366387535995805,-0.25964247505397214,0.849854009432104,0.3467825988332199,-0.30241753586662956,1.1070784177077415,0.16676118643714224,0.6382697773182667,0.9760804731033728,0.16597418108168288,0.19269910306457066,1.018286531355437,0.18089988794349168,-0.20129249408701638,1.0335048287936284,0.17207729240044928,-0.2471610398347749,0.8652997942005616,0.12108134353935239,-0.24653954180876156,0.902216504263407,0.20603063403410515,-0.29905644884316496,1.1111157574856927,0.28498391456445726,1.2745729696491668,0.9186736968676608,0.28824660573170946,1.5481717693409207,0.8064082909923584,0.273537758321236,1.3777763064595396,0.74775498489398,0.4569752008627753,1.194201481204596,0.8861957005883339,0.502771693899134,0.9125431886814488,0.8844227922135938,0.33905880679691736,0.9863108744093689,0.7030738592638055,0.21142114783813604,1.0569083986434327,0.6415150479239968,0.20715237421882654,1.0590519005590928,0.6227136597792202,0.22338113530532305,1.0003427682600918,0.6284649679682079,0.10108293872014407,1.198044232624357,0.9362006546401036,0.048489524405798706,0.9044941495694998,1.0083730319201991,0.06378697097496752,0.6482554771413077,0.9443165155883849,0.10502024501436838,0.5502321578662729,0.9150645168067137,0.07903477526421973,0.4957822665052536,0.9102349619416465,0.04518394683730393,0.5000396587483839,0.9983869320572218,3.4
0.3918827407869143,0.6433473832236996,0.930197543118236,0.3973735479643946,0.19012526571516314,0.9999924858256288,0.3612073937275675,-0.23945494139623133,1.0303768467948133,0.3170287240362083,-0.25646183143206286,0.8379882924862381,0.3847250580497623,-0.25989400582436695,0.8501701072487358,0.3463586305673146,-0.3014576521778017,1.1062578410419512,0.16715577674584586,0.6407259041885878,0.9750829477770728,0.16575102977858752,0.19294538871846356,1.0189762727969986,0.18076832569504575,-0.20051385327049587,1.0335304955196942,0.17208019996677887,-0.24718657188953194,0.8653262348605653,0.12127194061447003,-0.24570900397802917,0.9022530558902253,0.20562750451644585,-0.2979734438517849,1.1105420430298574,0.2843394371366952,1.274256654075339,0.9210539458078708,0.2891505940237912,1.5476512542518392,0.8082338873382069,0.27324499567651406,1.3775811707136787,0.7502734578200385,0.4566775649395428,1.194298094789208,0.8883794544461214,0.4957725439604366,0.9124536758222258,0.8770045027040145,0.330869072323086,1.0048034107685018,0.7062925766452826,0.211787060527391,1.0824403925872896,0.645884216565972,0.20782888006678812,1.0877816627324541,0.6273512169522539,0.22137148293329037,1.0321654042799302,0.6322904743442794,0.10156001705339504,1.1977988251224077,0.9405395616268165,0.04873713268529625,0.9048904511850563,1.0067706661043632,0.06675300112618103,0.6502322172239015,0.9348438280051291,0.10506153574531141,0.5486586241149893,0.9156309574633127,0.07936118694651775,0.49226938041705914,0.911166029496091,0.04548490233426057,0.4994094750870232,0.9940431613090703,3.4166666666666665
0.39214368553016754,0.6456993308478289,0.928641532042775,0.397384787646538,0.1906273206114188,0.9999300582629144,0.3611539417889402,-0.23943756840326036,1.0303745929087962,0.31684196595385083,-0.2564205647525113,0.8377892240478341,0.38554878827495287,-0.2600636091269128,0.8504019824212768,0.3460131752041439,-0.30080247015884876,1.1055507449999542,0.16735979702399673,0.6432749825088546,0.9735671927520435,0.16549098645061835,0.19289837786054448,1.0201954489342788,0.18067941422129036,-0.19991351844840552,1.0335866856970766,0.17208206024636885,-0.2472015314919274,0.8653057218094685,0.12144909539831936,-0.24497938674122685,0.9022352424144305,0.2052752558535312,-0.29704210304592643,1.110068302633874,0.28386799725338635,1.2738743701935649,0.9228767275412434,0.2893360661807218,1.547257720286308,0.8087922154314955,0.2727270512406922,1.3774074486533463,0.7525786696851722,0.456273171669681,1.1949657844020163,0.8904983852990027,0.48756665143380057,0.9143144919331341,0.8665693883917108,0.3215123090805946,1.0223247457776257,0.7109439069501771,0.21277931706024986,1.1070127790605475,0.6508135800663745,0.20928140207965307,1.1156285821271172,0.6318363054926044,0.22186650394150376,1.0612465374012436,0.6389467500358159,0.10231564288857005,1.1975406022746773,0.9465807773729804,0.04889735268837323,0.9044774189986351,1.0061696885114766,0.0682985178050351,0.6509646865158023,0.9289500808864235,0.10450221616822636,0.5464446849604023,0.915699445205194,0.079360921194872,0.4886111600081096,0.9122144344939483,0.044565004383811405,0.4976044969784438,0.9902073241418854,3.433333333333333
0.3924908272212642,0.6479141388341405,0.9272707556219025,0.39740081960042517,0.19089822424803327,0.9998433610543533,0.3612008154248448,-0.23944549525264372,1.0303996523582144,0.31679119771416314,-0.25645804690635693,0.8379756196339507,0.3860228941609716,-0.2601160375413193,0.8504916231822577,0.34575654900899594,-0.30044041934423044,1.1049806033685003,0.16737675568648672,0.6454866874497247,0.9718722183560187,0.1651712017535413,0.19248118256940683,1.0218370916655888,0.18064006727965906,-0.1995225615563566,1.0336746846512201,0.17208807424387718,-0.24720289054202776,0.8652530708982787,0.12156576807852758,-0.24456551948908029,0.9021740687720683,0.20497647922563725,-0.29636055626357094,1.109700877181934,0.2836133412337562,1.2735622208798851,0.9239012721211858,0.2891832146632235,1.54705629893665,0.8084598879850897,0.2722009161855882,1.3772625261456541,0.7546682708889971,0.45593691741445463,1.1960635546250442,0.8928327454859595,0.4788396172232596,0.9180217139375625,0.8535687290124431,0.3116861510946143,1.0397345847466997,0.7156583700875101,0.21439824371954508,1.1318170983798808,0.6552761290738074,0.21151092071064476,1.1432016093957698,0.6353703214926955,0.22335125334721018,1.0875755156006337,0.6458387837661672,0.10341330562977957,1.1972398771758581,0.953939941980229,0.04898552663468317,0.9035497047689093,1.0060867438675656,0.06856266085647554,0.6508261824515159,0.9259709429230303,0.10387109707707107,0.5439043716372907,0.9154637845775104,0.0796159181448315,0.48607857924043085,0.9122583475606627,0.042659383405234855,0.49517711521793895,0.987297833372923,3.45
0.3927675633648665,0.6498139023108801,0.9261451538130216,0.3974106894051463,0.19090153848034525,0.9997432809892567,0.36134361992553404,-0.2394755982959434,1.0304481325257149,0.31712903652858093,-0.25694474859051597,0.838880809811025,0.3861496253339638,-0.26006709119949567,0.850451573612595,0.3456031715662172,-0.300342162310187,1.1046035687169806,0.16719631926060594,0.6469189114435678,0.9704602577004369,0.1648036589043139,0.19174774720192078,1.0235935141159218,0.18064195021165685,-0.19931809851273938,1.0337846383531335,0.17210098290505105,-0.24719572687027397,0.865194594029788,0.12159567675485637,-0.24457412125019032,0.9021046823304105,0.20471318799006333,-0.2959637450789409,1.1094244648815133,0.28356951511695394,1.2734233869878349,0.9241189364741886,0.28914706775349436,1.547069479083722,0.807926631791739,0.2718117902018335,1.377157171082602,0.7563881451879244,0.4559615183744268,1.197278332487282,0.8952270597694312,0.4703055387503946,0.9229888272703812,0.8390238632423388,0.30246411545932766,1.0572464506938497,0.7193678465632759,0.21724433584419303,1.1561376776178325,0.6607241663811932,0.2149458768766565,1.1696360161545813,0.6392475881348563,0.2246622852401211,1.1114308484130255,0.6511836185849174,0.10475268397121072,1.1969288226085906,0.961736491641602,0.04889560101136005,0.9026869012358112,1.0057732501822645,0.0678482855565926,0.6503762357340808,0.9246556645177253,0.10353873983812718,0.5416887870785361,0.915065927469328,0.0803300817234823,0.48513407057093366,0.9112051799041766,0.04036298635524981,0.4928168995230606,0.9851701981235437,3.466666666666667
0.39288485074386603,0.6513899050490413,0.9252960301224824,0.397411616918589,0.1906322854732665,0.9996490910005374,0.3615659236421387,-0.23952202888402235,1.030513502452927,0.317866810390518,-0.2579612774319623,0.8405126050249287,0.3860692730595305,-0.25997178779769387,0.8503433842322355,0.3455655753927336,-0.3004659015661477,1.1044848040427555,0.16679649191140122,0.6475416084763219,0.9695327888376494,0.16443944460072482,0.19085155957482175,1.0252007536558023,0.18067014139405135,-0.19924674161156392,1.0339017169500473,0.17212128614373243,-0.24718966952070584,0.8651520372069064,0.12153137317181996,-0.2450032943071277,0.9020498673347728,0.2044763566707833,-0.2958000379379,1.1092222963457359,0.28366732775625614,1.2734292347559824,0.9238404481745066,0.289572188725277,1.5472338466267563,0.8078989068912301,0.2715993935865534,1.3770912466691363,0.757451707311114,0.4564553308703677,1.1982140703985495,0.8972273846903782,0.46258424838292295,0.928436108427181,0.8242736298720045,0.29477768560222917,1.0741729022541664,0.7215616833852027,0.22176695695922347,1.1782670670872786,0.6693437408491911,0.21982727277582856,1.1933619346217632,0.6456589485910693,0.22527098001932722,1.1331415539660912,0.6545664657444816,0.10621368466055946,1.1966660350082736,0.9690351127964538,0.04844714857675113,0.9023499537681593,1.0050879728452708,0.06652310044829392,0.6501744757916852,0.9237680214051239,0.10360845985772295,0.5405568899681172,0.9143236748540996,0.08138089429833147,0.48552555526200947,0.9093602838798989,0.03856099129854498,0.49096320563798895,0.9834814113608559,3.4833333333333334
0.3928261460359722,0.6528209216571493,0.9246807411978041,0.39740614838590854,0.19014790145617333,0.9995641396629088,0.3618512126997505,-0.23957993909506814,1.0305903256541278,0.3188648558217414,-0.25934608796567205,0.8426372290992494,0.3859637076478786,-0.2598883507932314,0.8502291399939782,0.3456375262050134,-0.30073174065382163,1.1046413725986401,0.16617793516739954,0.6478331306904564,0.9688944119027479,0.1641252530895248,0.1899595671852633,1.026589224316007,0.18070702477521483,-0.19923668715471338,1.0340059448573482,0.1721473191208612,-0.24719212081709235,0.8651336403225325,0.1213869821766756,-0.24575393150831445,0.9020212149775456,0.20427335666856025,-0.29578674931879606,1.1090849502876843,0.2838077983050442,1.2734615442961843,0.9235110784015195,0.2905715000896505,1.5474184166953109,0.8086918994458978,0.27152813793947456,1.377032792710479,0.7577087436477455,0.4571412845806476,1.1985850316723146,0.89879529374885,0.45615911554870536,0.9336767853910888,0.810906500639791,0.2891460886534015,1.0897275581357095,0.7223357490340123,0.22782116508011557,1.1970021369341846,0.682209673832544,0.2258148436842807,1.213174273293554,0.6558128298739134,0.22515616501608998,1.1528302156060635,0.6564821115621282,0.10772313569519838,1.1964646790433642,0.9751618670921252,0.04754155698453848,0.902687960090931,1.0046299938965602,0.06498442446234189,0.6506010783022399,0.9224871921248771,0.10394851129184396,0.5410306650343596,0.9129413096551816,0.08241853697089478,0.48711214288142324,0.9070239311511802,0.03808052944247479,0.48992229561929346,0.9817482289108097,3.5
0.3926289665911773,0.6542991000675292,0.9243286430910865,0.39739549413676944,0.18957543136167423,0.9994698234426688,0.36218670818387505,-0.23964688064481454,1.0306760534932564,0.3199448842375028,-0.26086149678226916,0.8449334563295583,0.3859178983602545,-0.25985031671006936,0.8501434998936342,0.34578192620644954,-0.30103821244561724,1.1049907062314535,0.16539300800834864,0.6483534672104306,0.9682346139270792,0.16386698489312215,0.18919621584714902,1.0278073605725908,0.18073839379733922,-0.1992332896003342,1.0340774508224475,0.17217296248285005,-0.24720741170887311,0.8651380110799702,0.12120551838690277,-0.24663540926685515,0.9020389127560788,0.20412113624373446,-0.2958739676019398,1.1090133929626855,0.2839221983705575,1.2734344124299692,0.9233911476178749,0.29203330633335484,1.5474927069741626,0.8101382173469607,0.27150838568354596,1.376939739905435,0.7573287256292076,0.4575694457206282,1.198378117248569,0.90069528698441,0.45129075661078133,0.9382146662354351,0.8004182777307928,0.2857229128975386,1.1035333537321232,0.7223764158487735,0.23474724611163947,1.2122329293940177,0.6992384612542062,0.23217147739015714,1.228785186173617,0.6692606036707237,0.2247281364849155,1.1704349913643286,0.6577379299117609,0.10912143440172203,1.1962637618380458,0.9796107751418792,0.04623494255342724,0.903640509160664,1.0050208231131212,0.06359588085071555,0.6517028316342934,0.920568333742076,0.10437624825619865,0.5431964403910124,0.91066112038133,0.08309210654097862,0.49014018614111077,0.9044276153410261,0.03932559459082904,0.4903005425338175,0.9789292370576872,3.5166666666666666
0.3923662947028201,0.6558657733240651,0.9243994173232771,0.39737743843555623,0.1890389169494626,0.99934438476045,0.3625624886589975,-0.23972189223546644,1.0307696551486705,0.3209353403640921,-0.2622772777317225,0.8470658557623391,0.3859035729991326,-0.25986256499105814,0.8500926988648344,0.3459339454623754,-0.3013072350848186,1.105350195826484,0.16453865602275863,0.6492724206658966,0.9674969735554777,0.16364424768725525,0.18861184340146303,1.0288919470431281,0.1807600988575621,-0.1992365985890958,1.034106081707163,0.17218647742382248,-0.24723638431570233,0.8651575298620137,0.12104268195060136,-0.24742429116220024,0.9021306108129963,0.2040381817899173,-0.2960566385959777,1.1090168251452424,0.2839903194800296,1.2733385212702721,0.9234839396682479,0.29372324197402394,1.547415425265773,0.8119314700952622,0.2714641620147356,1.3768405885347972,0.7567180987647999,0.4574818548219549,1.1977916096105297,0.9039304051442806,0.4479569139344265,0.9417456600836926,0.7936648961527596,0.28436172115293384,1.1153335589694553,0.722578783499096,0.2416303915904327,1.2244287000454483,0.7196748550939902,0.2381795607022552,1.2406074789529276,0.6844623955564537,0.22458028791654394,1.185794452274202,0.6592395285493372,0.11006573528352129,1.1959948298503293,0.981930976764251,0.044687983568532014,0.9050619820600572,1.006377852850824,0.06254645295713843,0.6532292450295454,0.9182630043160515,0.10477413646775391,0.5467410566634715,0.9073118036444908,0.08322068328546818,0.4946568210486661,0.9018246073075815,0.042125168405209246,0.492832143885936,0.9737354602770413,3.533333333333333
0.3920908929465903,0.657386742303376,0.9250181906525778,0.3973505706282915,0.18858685663427327,0.9991904595844578,0.3629674825265876,-0.23980297459091426,1.0308667170687997,0.3216859547805612,-0.26338421629634035,0.8487160055985579,0.38587018233581766,-0.25990873188724867,0.8500643885124086,0.34603755992948154,-0.3015168520131853,1.1055502428401276,0.1637123409429479,0.6503549393258732,0.9669360045924587,0.16344032574612294,0.18817533316091806,1.0298576364407452,0.1807760038731713,-0.19927957202523117,1.0340928696437184,0.1721763115846547,-0.24727286333202972,0.86517668053544,0.12093398373086263,-0.24795702410929923,0.9022973599213739,0.20403468260303806,-0.29634134193466233,1.1090944908897644,0.2840156068021014,1.273207569306696,0.923683315559916,0.2953429090813892,1.547262735403835,0.8139768394049992,0.2714390834861256,1.3768773098590792,0.7563469924438411,0.45690000780957474,1.1970514359279465,0.9087214914325029,0.4458372638134911,0.9442645925896997,0.7903310596556772,0.2845893062424587,1.1247468874872752,0.7234804530548244,0.24756645433904317,1.234016929211444,0.7420754808257258,0.24338837085340365,1.2494881950217527,0.6995763593663311,0.22505674345876012,1.198843508764951,0.6616365050058319,0.11023938958777514,1.1956704139805576,0.9819667360446522,0.04308664305064066,0.9067555475163309,1.0084681938737878,0.06180833874372473,0.6548529859011203,0.9160327474339847,0.10507682214016857,0.5510820594544827,0.9029885462319481,0.08283559951978242,0.500039216628218,0.8995219143136746,0.045842422247347296,0.4976416074383506,0.9656785558527158,3.55
0.3917938676750768,0.6586607882824566,0.9261006657371913,0.39731729975755753,0.18821958945655573,0.9990357970846657,0.3633871224924553,-0.23988509050778883,1.0309564093902015,0.32209165309093235,-0.264022865011593,0.8496455024013595,0.3858139574930244,-0.25995972149846047,0.8500368824781647,0.3460827270924545,-0.3016854059874112,1.1055595786858545,0.16297748886132563,0.6512543734766655,0.9668865313328828,0.16324576951442174,0.187811695272321,1.0307458133566807,0.1807909456130941,-0.19937090864409146,1.0340494196880563,0.172139497267112,-0.24730509169168688,0.865175454213879,0.12088163758220265,-0.2481872340361361,0.902483005125997,0.20410605414204974,-0.29668938331070793,1.1092116268946732,0.28399954653989085,1.2730882248524065,0.9238570189654567,0.29656886130069476,1.5471521970265716,0.8163458585650258,0.27158531562621413,1.377213221298483,0.7566282109746639,0.455964072087501,1.1963024336826917,0.9143684311025386,0.44441839553706763,0.946118881974344,0.7889650432276127,0.285653239894675,1.1315767280958882,0.7252441478783171,0.25188802310280367,1.24150217453429,0.764321863700153,0.24761645058076726,1.256763179580462,0.7129151798607183,0.22610412407244207,1.2096958466413676,0.6648679276515117,0.10965373032293686,1.195351468497207,0.9801483863837652,0.041612871320004866,0.9084793137914848,1.011043260387488,0.06127665373411785,0.6563266015894614,0.9142683798759015,0.10523602008078507,0.5554727012267999,0.8981518751544502,0.0821498899133844,0.5053421135568741,0.8977628151336245,0.04969201276363385,0.5040041217523381,0.9555404190401479,3.566666666666667
0.3914360333525046,0.6595722912819301,0.92731547338568,0.39728276863787165,0.1879396827358635,0.998907705181703,0.36381103023725564,-0.2399632120436368,1.031030499626234,0.3221496251570274,-0.2641703212724234,0.8498292846225913,0.3857826263844332,-0.2599881051822904,0.8499906461747612,0.34609007382927487,-0.3018064639267954,1.1054584221147228,0.16237170424108308,0.6517399234766442,0.9674307783994802,0.16305600452336103,0.18746616615867945,1.0315991736953425,0.18080627106328276,-0.19947518544866183,1.0339991642856645,0.17208296182738508,-0.24732298202187306,0.8651424993435974,0.12086467435477041,-0.2481968888951897,0.9026087596599132,0.2042393361189515,-0.29700248874811697,1.109315996644951,0.2839335365310456,1.2730285203288583,0.9238596235176134,0.29715584182939236,1.5471832457313974,0.8189617021539742,0.27201947048521763,1.377898416305547,0.7577669259242146,0.45483837917447634,1.1956077893440122,0.9200040990480125,0.44327314423020425,0.9477934002676116,0.7879681258871944,0.2868048443876803,1.136221193234036,0.7279758796883586,0.25429325470387787,1.247781407658004,0.7840207820043765,0.2508063847575374,1.2638082350947346,0.7231346004809627,0.2274836872275851,1.2182934606554363,0.6682909926275515,0.10864478867226003,1.1950467245632879,0.9773850810407076,0.040452248658243976,0.9099707817413316,1.013827301613638,0.060903854115983674,0.6574946270518296,0.9131629728415872,0.10521855169235225,0.5591646810892664,0.8934639822025076,0.08142821760025348,0.5099261466414857,0.8966244794404316,0.05303248381970532,0.5107924036043227,0.9450248153030405,3.583333333333333
0.39103362921820184,0.6601668634940121,0.9282310418814705,0.397252732732477,0.18774793398631592,0.9988164676598529,0.3642494712427513,-0.2400384037252952,1.0310975240094462,0.3219948772271215,-0.2639987234282533,0.8495366321308533,0.38581580447647557,-0.25997914055138166,0.8499185449185004,0.3460768549537023,-0.3018275781838973,1.105335568204721,0.16192035941745522,0.651810866806031,0.968198774172612,0.16288813245209632,0.18716094999201305,1.0323500476614784,0.18081991776734171,-0.19954893067747234,1.0339666967271708,0.17201817537852837,-0.24732381124507274,0.8650835399130953,0.1208601670227152,-0.24813879762317118,0.9026494416148957,0.20442259025871123,-0.29719555555297356,1.1093914261272233,0.28382875989972,1.273048329600146,0.923640626012132,0.29706836416105276,1.5474382349844253,0.8215667802528341,0.2727231922754324,1.3788460970251177,0.7596474220012459,0.45376727804696404,1.1949960116540175,0.925078925570971,0.4422375458049169,0.9496096632746304,0.7866053401301765,0.2876369150294769,1.1396099075453963,0.7316905671264797,0.25490704539498754,1.2537099124271462,0.7993745367669658,0.25292807472970696,1.2711282678545868,0.7295682487572144,0.22898272080551235,1.2242971627594366,0.6712761542233063,0.10759301822077116,1.1947223113798688,0.9745705254588779,0.039775829856545646,0.911048529365884,1.01622369579834,0.060694320992404044,0.6582681482300675,0.9127054786621643,0.10503146257355135,0.5616912686757906,0.8895138194053411,0.0808354380764609,0.5135284107971678,0.896081728144154,0.0554529574013847,0.5169112539409135,0.9361515239719791,3.6
0.39068589813776783,0.6606117157491168,0.9285948300544778,0.3972314864032168,0.18763608144035865,0.9987621600490096,0.3647379817282665,-0.24011734279935457,1.0311782638582836,0.3218207288992282,-0.2637706555259109,0.8491699155147173,0.38585283299882633,-0.25992799922907495,0.849825743111472,0.34605513026262336,-0.30172422037927704,1.1052497951599916,0.1616399581401963,0.6516947356115628,0.9686269366967997,0.1627868778648544,0.1869890772986616,1.0327939063990426,0.18083007058155662,-0.19957961636869292,1.0339588406607374,0.1719567672490941,-0.24731411365525396,0.8650159248610577,0.12086242639691858,-0.2481242416463986,0.9026458055019663,0.204644526809751,-0.29726936164630674,1.109465621056409,0.2837734108023293,1.2730866205087605,0.9234143582129297,0.29654894938293147,1.5479355786967914,0.824089851007017,0.2735681710087303,1.3799213564780914,0.7618756599240527,0.4530759300410608,1.1945107307852223,0.929201938905631,0.441315798034808,0.9515901366721569,0.7850223892952446,0.288130497285602,1.1426569247260714,0.7361331499288779,0.25427547472182965,1.2593775426293263,0.8101080092083975,0.2541030857133055,1.278207284336285,0.7327028872556094,0.23041569714490412,1.2277029657596412,0.6736933513393426,0.10671491452914128,1.194386265754938,0.9722015604414358,0.03965515591859131,0.9117194744136348,1.0173423744145818,0.06066159265719211,0.6586048647673617,0.9127994605689513,0.104751719482395,0.5630523139076384,0.8865935862267941,0.08044915779933579,0.5159158527927263,0.8960516373809868,0.056793679412912156,0.5214751720207963,0.930578625899234,3.616666666666666
0.3904776976052124,0.6610985569012928,0.9284991912101024,0.3972202459669989,0.18759822865761788,0.9987452020006284,0.3653001564013552,-0.24020730853215103,1.0312887699818853,0.3217534517571475,-0.2636658690165783,0.8490039804837517,0.38573171583086385,-0.2598357255678903,0.8497198703184958,0.34604273222556464,-0.30155877114497104,1.1052403521426792,0.16153574219961703,0.6516528379955582,0.9685263077757703,0.16279300931505222,0.18702607054123344,1.032751186696917,0.18083778501957695,-0.19958217730722771,1.033963653580527,0.17190854380788834,-0.24730740080281632,0.8649584720428798,0.12087943193051032,-0.2481783539346129,0.9026610932948694,0.20489771672135582,-0.29731946808382453,1.1095726347601735,0.28391653007127154,1.272998732430931,0.9236122224242093,0.2960265237074745,1.5485609995236282,0.8268124503498121,0.2744064245091812,1.3810331625535393,0.7639606327112956,0.4529553356250136,1.194224640927938,0.9318864474945596,0.440573268637746,0.953501274557999,0.7836909352398487,0.28842308295073027,1.1457884423592004,0.7408549218959691,0.25317119539660343,1.2641709887212922,0.8173156223440212,0.2546867185405406,1.284240162152592,0.7340286020713769,0.23151721633824776,1.2292656421169728,0.6759452502586101,0.10607907228953206,1.194102635501212,0.9704382204906612,0.03998248762689683,0.9121507045385935,1.0165901398613886,0.060840050629437495,0.6585092614305325,0.9134339927236045,0.10450148002885679,0.5635722966223784,0.884716043380549,0.08033164311833571,0.5168173599909089,0.8963610551418162,0.057213742185418456,0.5238845365523989,0.9291361222152348,3.633333333333333
0.3903934246548058,0.6617422342842065,0.9282685464591929,0.39721713200821,0.1876284057111822,0.9987653222385344,0.3658879644387832,-0.2403131484503462,1.0314343617767883,0.32182853093969743,-0.2637440082308065,0.849130105081394,0.3853177532906348,-0.259710991202065,0.849603266325158,0.3460575179601499,-0.30142968567223577,1.1053312172050758,0.1615860647197395,0.6517812644639058,0.9682408733249588,0.1629063308054842,0.1872557427902527,1.0322383543772102,0.1808454570024687,-0.19957642504932746,1.0339707370742466,0.17187992353138914,-0.2473160567602847,0.8649239484383392,0.12091501182711768,-0.24828742995276576,0.902758757913063,0.20518177078126226,-0.2974926337351483,1.109740900491732,0.28435666276518906,1.2726570373515822,0.9245691725563686,0.29587241250214286,1.5491166419741107,0.8299901319758651,0.27515352167272733,1.382127012581831,0.7656297845991062,0.45324914963915647,1.1941777845728885,0.9328270275873736,0.4401170184544999,0.9550369191322938,0.7829906963886148,0.28863463735860206,1.1490049685806545,0.745454783538172,0.2522502832056424,1.2675039275446347,0.8223941568220591,0.25502081106149893,1.288749224700225,0.7351168575170672,0.23202786610955706,1.2299860833019918,0.6785460921213344,0.10569264368787912,1.1939343151113937,0.9693063223567473,0.04051206810274258,0.912543460141898,1.014142250665105,0.06127708629098735,0.6580599605523917,0.9146922732012128,0.10435381924410711,0.5635715942954647,0.8839055244401863,0.08047379325001516,0.5162600210336609,0.8968232625221515,0.05715640734757273,0.5239488828077796,0.9316829138320184,3.65
0.3903643124249941,0.6625159427435484,0.9281762735072876,0.39721856755779805,0.18770290491009545,0.9988131147752616,0.3663947600244076,-0.24043070304206499,1.0316133824245817,0.3220098951383171,-0.2639680576405535,0.8494878419341138,0.38460056560622685,-0.25956721598722415,0.8494734338486516,0.34610319059714895,-0.3013894238283283,1.105515449021227,0.16175298650063286,0.6520097488058088,0.9681949157036511,0.16308428125612043,0.1875964127187561,1.0314485316484752,0.18085403066736924,-0.1995758983823684,1.033984286218721,0.1718717893965072,-0.24734336050889114,0.8649165434094342,0.12096132460461456,-0.24843376373553774,0.9029683326099196,0.20548370660984672,-0.2978579559253787,1.1099813763469153,0.28507666830085393,1.2720643282566086,0.9263084879848886,0.29621843834318673,1.5494557849743904,0.8334473535803331,0.27580097252739555,1.3831078448511376,0.7671043312950514,0.45360568348713726,1.1942778824560976,0.93260253997437,0.44000962351224304,0.9560264431789416,0.7829865427496314,0.2888583524650699,1.1522161490239378,0.7496900337745579,0.2518204451859945,1.2693566338038127,0.8264758393952725,0.25518885035233263,1.2916972244609979,0.7369153022565571,0.23198750042690103,1.2304593622563296,0.6816799762353208,0.1055341930706711,1.1938766250936248,0.9687695793085314,0.04103587815524657,0.9130307874369618,1.0107518907934099,0.06197577793793403,0.6573946103365189,0.9165846568284908,0.1042861457958017,0.563202985353179,0.884283322393254,0.08074470832849265,0.5147776134920141,0.8973056312821289,0.057089751594722446,0.5221043739649838,0.9370663398884208,3.6666666666666665
0.39035180950512854,0.6632812418792529,0.9282626733861703,0.39722113889030325,0.18777720808364626,0.9988662156254084,0.3667425036033864,-0.24054090687620872,1.0318267016833573,0.32215712549176656,-0.2641555903752403,0.8497877453515177,0.3836632785253854,-0.2594136407442042,0.8493245613133318,0.34616692909536323,-0.30142523394874304,1.1057455851213873,0.16202333773594765,0.6521993238721433,0.968503005807366,0.1632762162888607,0.18798229078007622,1.0305710896067917,0.18086225440269885,-0.19958421583687685,1.034012547234071,0.17187691512667455,-0.24738392575588122,0.864934992231142,0.12100444711499177,-0.24858935986216546,0.9032420659077967,0.20576429140326497,-0.2983096548719807,1.11026107908766,0.28598428211139093,1.271348440146372,0.928604286850416,0.29698955973978286,1.5495629365683146,0.836679357322528,0.2763936472377774,1.3838424503639792,0.7690170179474791,0.453852393013316,1.1942957032226285,0.9327850554553916,0.4401615963480979,0.9564887947641156,0.7834084457811741,0.2891457960466499,1.1553680746132904,0.7533061683076296,0.25189025546986066,1.2702430920740164,0.8303765810997921,0.25510368525154237,1.293372542930602,0.7397029989811293,0.23176685946038603,1.2309082566220306,0.6851046329249674,0.105576883252281,1.1938465658037458,0.9687901877332064,0.041569952408392036,0.913622416939735,1.0073344558861845,0.0628740655086511,0.6566457957479352,0.9189228596769369,0.10424662038957486,0.5625292666093528,0.8858083506381623,0.0809507604362547,0.513130508624693,0.8976767738954536,0.05719513032563375,0.5193832383566722,0.94346859859933,3.683333333333333
0.3903600179278097,0.6638963321168856,0.9284096924018658,0.3972228902661527,0.18781369070463394,0.9989018926320168,0.3669175474366928,-0.24063141124350473,1.0320958597574168,0.3220576059760387,-0.26401656757222897,0.8495752964028118,0.38261601228356823,-0.2592522728354191,0.8491507270718143,0.34623004615885106,-0.3014895412452379,1.1059580513836524,0.1624105645576565,0.6522241404583002,0.9690427745312984,0.1634549284208459,0.18840187307102335,1.0296561601702943,0.1808680048590967,-0.1995966133113411,1.0340535207223056,0.17188271594106413,-0.24742713186163026,0.8649740784349818,0.1210322494328154,-0.2487123675947968,0.9034831249035854,0.20598215696681146,-0.29868967151170295,1.1105268381496265,0.28696549882869515,1.270676114078523,0.9311336224121884,0.29801798406339736,1.5495377829016022,0.8392556834636171,0.2770372503271924,1.3842569475360573,0.7720119022878271,0.45409373367737993,1.1940241064989827,0.934837068448052,0.4403596529376391,0.9565612264566122,0.7839052670804583,0.28945702745767,1.1583568119345327,0.7558998913854931,0.25235934103931246,1.2707684707862927,0.8343962141201191,0.254709466187434,1.2942209752525486,0.7432206180053577,0.2317371264427212,1.2314891337113434,0.6883558513150727,0.10582330180429186,1.1937787572749647,0.9694095167082295,0.0423210359934857,0.9142047067785302,1.0047621950713361,0.06387558727104072,0.655918941274183,0.921349906240948,0.10421702729143552,0.5615666239366869,0.8883051930164262,0.08091938402933503,0.5118748694743048,0.897793099536121,0.05732450533465288,0.5168492755403595,0.9493029046003398,3.7
0.39040570141535974,0.6642958372598189,0.9285132009461623,0.3972230778501038,0.1878081716280942,0.998914517426889,0.36693672552896334,-0.24072753955082565,1.032452761293092,0.3215742052210905,-0.2633541165444119,0.8485489446440758,0.38156964027150375,-0.2590846475309741,0.8489525897523259,0.34627668257760036,-0.301535078479813,1.106107845086862,0.16290798522511526,0.6520316003512252,0.969686017505408,0.1636213914395723,0.18887057559997772,1.0286574035973064,0.18086998495788353,-0.19960842915107507,1.0340978501656455,0.17188116851818774,-0.24745602662577537,0.8650221408093216,0.12103836089374029,-0.2487526163620861,0.9036052557553776,0.20611073567851054,-0.2989469513485214,1.110741116007677,0.28789466186290846,1.2702220980926586,0.9335607420037916,0.29909648044639836,1.5495051513481668,0.8410436130609782,0.27786859225020843,1.384391627433854,0.7763964291495662,0.45448687632371787,1.1934493990110535,0.9389749639141032,0.44038552941944903,0.9564608184276091,0.7842816396640808,0.2896724012309731,1.161034845500321,0.757165554066462,0.25309454503301143,1.2712451521804016,0.8383001042192285,0.25408557410715676,1.2946791707837824,0.7468822496160039,0.2320258343769878,1.2322988475429641,0.6910916563675453,0.10629449754776132,1.1937147473168939,0.9706953512842578,0.043434545474266506,0.9146191325577365,1.0036965034016652,0.0648509360217681,0.6552930572306728,0.9235186522219834,0.10420260962670408,0.5602524907841738,0.8917289565755849,0.08057793500322658,0.5111824847592974,0.8976350157246591,0.05722896223393753,0.5150009521671534,0.9539091201653096,3.716666666666667
0.39049691260198094,0.6644986337271229,0.9285478244608066,0.3972214175671646,0.1877802916630944,0.9989142613203649,0.3668157599940601,-0.2408594221120727,1.0328652645151095,0.3207355071535902,-0.26219376144435086,0.8467585795281081,0.3806345790062703,-0.25891995402930207,0.8487409425752792,0.3462972905275203,-0.30153693722905534,1.10618395727295,0.1634613399878469,0.6516652275827359,0.9704062081427849,0.1637950288200462,0.18939452006075252,1.0275413040284709,0.18086786747680803,-0.1996194744209296,1.0341377768679818,0.1718745417542259,-0.2474509512185188,0.8650652508942641,0.12102324161830194,-0.24866400206953915,0.9035548740931661,0.20613093868148535,-0.299101793453391,1.1108612897801597,0.28863550881970895,1.270165471804231,0.9355571623355772,0.30000280546311026,1.549524242337999,0.8421285481322915,0.2789488270130916,1.3843743837046087,0.7820118990183311,0.45507225713999233,1.192751205792869,0.9443297302715015,0.440066605657665,0.9564709078334568,0.7844019683642066,0.2896810434860902,1.1634023261892694,0.7572790310564388,0.25392328391585073,1.2717455817375847,0.8415977266556924,0.2534791481623687,1.2950270885811694,0.7502124964613477,0.23253566989495172,1.233265835557772,0.6933098590592511,0.10697676217169472,1.1937495937367937,0.9725918985516665,0.04485196930527228,0.9147386780083016,1.0043924657842473,0.06560251507072541,0.6547794282602603,0.9253322551975451,0.10421173160561874,0.5585466805620055,0.8960408726819122,0.07998782964870388,0.5108533488904056,0.8974993749741833,0.05674590193766667,0.5137251755547655,0.9575705768324076,3.733333333333333
0.39062997772587127,0.6645905612033953,0.9285326989627174,0.39721849993368463,0.18774804014911098,0.9989133317497494,0.3665585765427151,-0.2410036507480933,1.0332037776838545,0.3196910942949004,-0.2607322417627627,0.8445150221078166,0.37992966628152924,-0.2587768687963631,0.8485344591663915,0.34629439118549676,-0.3015082287259134,1.1062113883022309,0.16399979748184784,0.6512217201706154,0.9712695963999629,0.16399291177251907,0.1899651589080132,1.0263191182375282,0.18086168243270961,-0.19962964174328995,1.034168523043031,0.1718692266202324,-0.2474025170613805,0.8650959002477346,0.12099227131828176,-0.24843626170536035,0.9033225188266696,0.20604397651627296,-0.2991739258358269,1.1108475288707143,0.289076068183178,1.270612476721701,0.9368565340406736,0.3005401765626419,1.5495825519573416,0.8427228092696919,0.28018813270260934,1.3843570635583602,0.7882599936521992,0.4557978351943175,1.1921925204957273,0.9497384557527142,0.4392829030832251,0.9568351874785632,0.7840525673293792,0.2894813997665958,1.1657026905472332,0.7568574091558375,0.25468094565974275,1.272394864409541,0.8438218598698963,0.2531806319883263,1.295335927069362,0.7531558434360204,0.23305370268440267,1.2342824141695048,0.6951485248986506,0.10779116790750368,1.1939342698013475,0.9748537558041375,0.04641182560628977,0.9144877599714302,1.0065754025629148,0.0659062272197335,0.6543084691049051,0.926987879340363,0.10425579841940194,0.5565514796059154,0.9009098701763809,0.07929128428439512,0.5104620989694288,0.8979268764412818,0.05580487516030136,0.5125708697720651,0.9612307838217669,3.75
0.3907986620174776,0.6646946803030354,0.9284841045223713,0.3972163037857305,0.18771834140511554,0.9989179419660484,0.366169474112602,-0.24110645300195915,1.0333375809724652,0.31863108128253725,-0.259234871090317,0.842225106338122,0.3795781094828553,-0.25867636619007983,0.8483508052533131,0.3462838362173908,-0.30150560085278605,1.1062340475777068,0.16447955499694256,0.650769138815163,0.9723623474468295,0.1642200049557501,0.19056964601765136,1.0250209631805498,0.1808527858073809,-0.19963612053772123,1.0341874704982343,0.17186806913747082,-0.24731810638513665,0.865111352899671,0.12095276111573583,-0.24811611168143125,0.9029512026873385,0.20588569025416859,-0.2991949192562565,1.1107304811405778,0.28919867756205403,1.2715009595104019,0.9374100396073985,0.300607248115545,1.5496444894364214,0.8432108558273714,0.2813874548594385,1.3844443543938696,0.7942624067906321,0.4565735754671082,1.1920232596257,0.9542506135011667,0.4380241823181793,0.9576251416196756,0.7830778452434621,0.2891745802300613,1.1682370732476077,0.7564542926483695,0.2552626104656216,1.2734268793115335,0.8448761646151275,0.25328056226338813,1.2955788003675917,0.7559413899142476,0.23335427366490302,1.2353861434424902,0.6965924576029043,0.10860794802239895,1.194260777659287,0.977105864536931,0.04799185312323925,0.913877797768705,1.0094565490544607,0.06566186197429877,0.6537861358774196,0.9287755995627123,0.10434721903819467,0.5544632913543613,0.9057236481949402,0.0786383277490936,0.5096358304913015,0.8993170364365984,0.05439132348979643,0.5110043825522377,0.9660021314421194,3.7666666666666666
0.39100547955144693,0.6649092206027147,0.9283999313924067,0.3972169496455964,0.1876919221900367,0.9989267003207927,0.3656820288801669,-0.24114350501078366,1.0332273394976594,0.3177135349603194,-0.2579309297605737,0.8402363160385188,0.3796471884978554,-0.258630720760735,0.8481997836476933,0.3462839698650313,-0.3016073855176693,1.1062747673344568,0.16488739146610365,0.6503326568964787,0.9736539327407084,0.16448828298028445,0.1911938983954281,1.0236793461489133,0.1808451212347903,-0.1996355834432416,1.0341939583712396,0.1718715537930069,-0.24721570134431464,0.8651080668365632,0.12091290712615152,-0.24778176317848646,0.9025218197831559,0.20570528811460115,-0.29921038272512085,1.1106099024577456,0.2891167250964142,1.272594904260898,0.9374790335436003,0.3002645007335107,1.549683608473104,0.8440761217703937,0.2823456044513357,1.3846848379649659,0.7991101894592987,0.45726108995927106,1.1923665519185451,0.9574601286711386,0.43641708611817487,0.958746896684336,0.7815217499522544,0.2888483075162589,1.1710857412535787,0.7562021064763778,0.2556481423130149,1.274936855894597,0.8452427046298822,0.25364938332264236,1.2957394013892405,0.7586987876111689,0.23332953586986177,1.2366694581140258,0.6976030073976649,0.10930488910153158,1.1946836676142203,0.9790116756868095,0.04950859259430605,0.9130310044222426,1.0120652767560698,0.06498840843146172,0.6531483727746127,0.9309006232007073,0.10449003845910235,0.5524714340579755,0.9098559914995644,0.07813961587119843,0.5082463610254839,0.9016822068927517,0.05258467258047714,0.5087123564985144,0.9723624976872102,3.783333333333333
0.3912587985956464,0.6652499146286617,0.9282737187939728,0.39722094581242945,0.18766916892633603,0.9989327815266839,0.36516385750751396,-0.24112464551857343,1.0329004565156903,0.3169908604585402,-0.2568955228040639,0.8386623157495853,0.3800975064613763,-0.2586375223797576,0.8480851821768407,0.3463047085717094,-0.3018744902940108,1.1063161455706256,0.1652333002909753,0.6499631265130305,0.9748701559342654,0.16482002070537927,0.19182083956278512,1.0223286046689775,0.18084439680099082,-0.19962641144456214,1.0341883665046938,0.17188075643750755,-0.2471156251247864,0.8650850726236374,0.12088036454202569,-0.24750075345492248,0.9021340447724214,0.20554061096140355,-0.2992746389214668,1.1105647124739646,0.2889945980365466,1.273593940582175,0.9374411459289085,0.2996987153915198,1.5496904544334407,0.8456240758413798,0.28295024036493266,1.3851162956172343,0.8021652874621266,0.45768320930514206,1.1931323226744064,0.9595219322772843,0.43465558914746866,0.9600474016196929,0.779556009335838,0.28851585701901294,1.1740159154445409,0.7559432640548635,0.25591509984616534,1.2767124761492508,0.8456032878187613,0.25416990894078473,1.2958362133084906,0.7612679670090243,0.23307453755136465,1.2380763402723804,0.6983396027282374,0.10984707808530267,1.1951189747488364,0.9804848117199083,0.050809090714729194,0.9120997030540284,1.0137824057201958,0.06413366301622536,0.6524011256425928,0.9333630573362013,0.10465483219620034,0.5507093874907567,0.912949705912353,0.0778218824037481,0.506406791709783,0.9047468457756624,0.050596797360419436,0.5058121424324054,0.9797145137764595,3.8
0.3915504773236031,0.6656549350583432,0.9281045383893872,0.39722727694485066,0.18765216992963968,0.9989297376686707,0.3646690261415293,-0.24105854040615976,1.0323724457685335,0.31639948237840865,-0.2560274696260425,0.837350765594909,0.3808294227290593,-0.25867953713071823,0.8480045675288048,0.34634687835161454,-0.3023228085798166,1.1063272952396963,0.16555546440717198,0.6497525227283668,0.9755810096939026,0.165225810944507,0.1924327496306199,1.021002675438358,0.18085482236218817,-0.1996101660282089,1.0341723113893848,0.17189500551257075,-0.24703446878480198,0.8650467711950731,0.12085937356681425,-0.24731056450566785,0.9018795007868105,0.20541725925313337,-0.29946408075345016,1.1106048871072023,0.28892303890633364,1.2742867435062033,0.9374932987460307,0.2991191793029241,1.5496696234322005,0.8477938580833666,0.2832092547680605,1.385747601059364,0.8033667923704833,0.45773921683779595,1.1941065130174602,0.9607599009605465,0.4329189979377038,0.961359078233525,0.7773662535552356,0.28817879693004267,1.176647686624315,0.7555766525287589,0.2561807213750263,1.2783706769452063,0.8462409760488394,0.2548362787665858,1.2959106968448357,0.7634193258046571,0.2327605321592411,1.2393736311624948,0.6989302108255404,0.11030039115143589,1.195450042087578,0.9817164180658586,0.05164211117468949,0.9111556896704492,1.0146326226320985,0.06331515601845472,0.6516225045834163,0.935937261992428,0.10473993779281196,0.5492501182061397,0.9149987353493041,0.07761515946255533,0.5044124026787563,0.9081146107702348,0.04871407707237295,0.5027198579540384,0.9868227086602793,3.816666666666667
0.39183487547438517,0.6660473809379107,0.9278969741535026,0.39723456928537204,0.18764441471407253,0.9989161573650456,0.36418912568117867,-0.24092460892638734,1.031601762835472,0.3158209382431233,-0.25514664355804967,0.8360304887105892,0.3817459636336012,-0.2587315842725638,0.8479508268920204,0.3464065238098834,-0.30291599579254586,1.1062977877472742,0.16590244312790478,0.6497533733314118,0.9755057091449773,0.16569738398542525,0.19301413700551318,1.0197323877324898,0.1808755713098501,-0.19959196325786693,1.0341486628146872,0.17190991943848405,-0.24698161777402525,0.8649999224710616,0.12084949417735288,-0.24721376717786506,0.9017853963173591,0.2053502313196656,-0.2998350120232246,1.1107120651794604,0.2889029057940616,1.2746334821377117,0.9376174391495407,0.29869973537843253,1.5496332362706167,0.8502478468630685,0.2832051058592562,1.3864936276528448,0.8032722245512043,0.45753344998168616,1.195130050531738,0.961271475146292,0.4313705214747882,0.9624635107412362,0.7751478738817583,0.2879247107479661,1.1786586316856014,0.7552756508021274,0.2564745494043144,1.2796047821262924,0.8469638220188996,0.2556200486003303,1.295977970893447,0.7651415469441609,0.23247812870171025,1.240303197786672,0.6992107096063834,0.11076899642877927,1.195567761760561,0.9830059728249325,0.051823932174264634,0.9101739457149203,1.015161127914729,0.06267534726878855,0.6508825322125403,0.9384060039173803,0.10459165367576902,0.5481530355686346,0.9161505272530197,0.07738695576152042,0.5027051408171259,0.9113043337775549,0.04717125971195488,0.49984828138925963,0.9926071239397004,3.8333333333333335
0.39204318507514496,0.6663949532507933,0.9276699139624673,0.3972416603930322,0.18764956375648295,0.9988943824750064,0.3636803782202041,-0.2406809785427619,1.0305354812119405,0.31513071575168505,-0.2540754304490871,0.8344321048856453,0.3827561490808215,-0.2587751568333794,0.8479281290022024,0.34647811169367176,-0.3035807356358676,1.1062434821160279,0.16629263530872043,0.6499187751216208,0.9747353513476007,0.16621698802269444,0.19355206916672135,1.0185458844815898,0.18090120213317631,-0.19957795249067128,1.0341215144749023,0.17191938537895607,-0.2469606245766919,0.8649546494879637,0.12084827568558627,-0.24718625972409397,0.9017972905917047,0.2053413101540168,-0.3003204290348635,1.110877040422266,0.28891304303978216,1.2747403911416366,0.9377403623179137,0.2985534163769067,1.5495959555461487,0.8525713838007984,0.28303746085514647,1.3871887556782807,0.8026579292194649,0.45732477222889556,1.1961448959686005,0.9607955897549292,0.4302228210237419,0.9630993275579299,0.7731994338827277,0.28793616410277223,1.179828763169125,0.7553958091797535,0.2566868908008675,1.2803008658639643,0.8474716526002016,0.25637739193407527,1.2960443791501604,0.766525025781266,0.23234889534438155,1.2406943627972606,0.6991130586496117,0.11134891542476666,1.1954277114054466,0.9846373556759962,0.0514337095853974,0.9091225174053423,1.016068903632498,0.06230893063485076,0.6501977934458848,0.9407117305002011,0.10410756639078275,0.5474712357513041,0.9165476913770618,0.07698907458372332,0.5017689915326639,0.9137813448722916,0.04606568679652685,0.497462153426937,0.996594402488966,3.85
0.39212752766170794,0.6667134657730149,0.9274691896340379,0.39724794784900685,0.18766911035790204,0.9988668452383466,0.3631389314686015,-0.24031315397612163,1.0292235686130486,0.31426038822857666,-0.25272700513725294,0.8324198378697346,0.38376222929671805,-0.25880700711430216,0.8479582372279939,0.3465567085242509,-0.30424991877724694,1.1061879480786647,0.16669859220136166,0.6501426856825906,0.9736608944596945,0.1667657614192029,0.19403617200841727,1.0174687165212228,0.1809256363772617,-0.1995727312708061,1.0340983164287163,0.17191870730556022,-0.2469707060146548,0.8649252182875427,0.1208544295804489,-0.2471988833797342,0.9018429147049183,0.20538613683004855,-0.30071821422040035,1.1110795933210316,0.2889458061140913,1.2747824100413379,0.9378259199763975,0.29871949052445346,1.5495715462488961,0.8543853194925142,0.28281788821948745,1.387676703406434,0.8020654705194248,0.45732187036508964,1.1971219551594638,0.9589572321971112,0.4297419359590883,0.9630801276902003,0.7719812091909244,0.2883783590735248,1.1800160044968244,0.7561771630812744,0.25668566775114215,1.280493866314696,0.8476222301772989,0.2569014984516892,1.2961888982872878,0.7674693468173133,0.2326177313082405,1.2404205426319914,0.6991685088852762,0.11208939584566459,1.1950874401851315,0.9867545181098654,0.05074812347256181,0.9080843562875326,1.0178201272418945,0.06220679735322163,0.6495624456670259,0.9428704597322404,0.1033103855305786,0.547159396967286,0.916432574885466,0.07634123471885347,0.501908629022131,0.9151410874501811,0.04538864511261177,0.49574201592021305,0.9988413444793136,3.866666666666666
0.39208545126407013,0.6670281020045099,0.9273473436704547,0.3972533892536624,0.18770114172942876,0.9988353863546631,0.36262102192171,-0.23987800626882477,1.0278538153145216,0.3132819547476152,-0.25122067375590845,0.8301678362465748,0.384656801940121,-0.2588302626477082,0.8480499307629995,0.34663965300716204,-0.3048988623598239,1.1061423585137447,0.16707002711048327,0.6503512422962279,0.9726715132261295,0.16732689142306692,0.19445767805490782,1.0165246162690167,0.18094533009304803,-0.1995786948161822,1.0340885356114622,0.17190702609295924,-0.24700390611604867,0.8649204401018313,0.12086817494215317,-0.24722420084342972,0.9018790753136918,0.20547724987896315,-0.30085372623853296,1.1112726686382357,0.28899833531919406,1.2749281720320096,0.9378795829755507,0.29917483709999465,1.549568676671878,0.8554232815856353,0.28268594297974864,1.3878986283370571,0.801779672458383,0.45757658227633646,1.1980400827636164,0.9556009397444714,0.4301074869557974,0.9624206027469346,0.7719117494240609,0.28925614917388853,1.1792003549007266,0.7575989905033444,0.2564497153720783,1.2802882987723758,0.8474250029027398,0.25703440700654007,1.29649769612364,0.7677759438326974,0.23339232805406124,1.2393981923020874,0.7001922558594078,0.11294352053899298,1.194667444914837,0.9892047890669853,0.04999113832163237,0.907271232423443,1.0204076897593266,0.062171167704841844,0.6489095490417263,0.9450827387719591,0.1023249872711654,0.5470629941664293,0.916148000264152,0.07551401955721315,0.5030499789962484,0.9153673225550131,0.045096928540452566,0.4948400655937495,0.9996574622923604,3.883333333333333
0.39195944404820066,0.667353331316477,0.9273092146197083,0.39725802562334356,0.18774263784416528,0.9988012229764618,0.3621921656743059,-0.23948988431574603,1.0266612581212817,0.3123912953510204,-0.24985591832532034,0.8281230075689648,0.3853131967257106,-0.2588407996716279,0.8481700926909556,0.34672644554435866,-0.3055330884457728,1.1061033666989037,0.16736346442841776,0.6505422808639584,0.9719172917227294,0.16788492694888063,0.19480664232329986,1.0157386081212014,0.1809603200956022,-0.1995948402665019,1.0340954224678451,0.171886106397761,-0.2470464301566624,0.8649324583431616,0.12088977537836113,-0.24724391164133988,0.9018910818155214,0.2055999225633496,-0.30072386273268437,1.1114160739244627,0.28906204427327997,1.275273383180243,0.937927960254098,0.2998331247544217,1.5495869175227062,0.855671433356767,0.2827932333847579,1.3879181887795433,0.8020442047318039,0.4580470187358312,1.198938062865008,0.950764105808511,0.4312620344407011,0.9613261320202108,0.7730178091858226,0.2903373704201757,1.1775448191742728,0.7594849258642271,0.25606232674658336,1.2798487030323664,0.8469513397859079,0.256769214171573,1.2969103369708401,0.7674364559817628,0.23442611507251768,1.237743332933049,0.7025558060379862,0.1137778966635637,1.1942689989372004,0.9915862473070065,0.049236752965325974,0.9068729235195548,1.0234189737916108,0.06189310437182283,0.6480651297430062,0.9478580369061592,0.10131382780291451,0.5470451204427179,0.9159121028681159,0.07468114712997993,0.5047470682920691,0.9148964842606024,0.045116269597467146,0.49480100649198094,0.9994930065744738,3.9
0.39182036870712583,0.6676980902945062,0.9273002215491589,0.39726211802128747,0.18778990346807786,0.9987649270859476,0.3618849762971322,-0.23926221941316322,1.0258232825492417,0.3117691794720858,-0.24891020516526965,0.8267009996348473,0.38559214590121293,-0.2588283772032509,0.8482627679577714,0.34681681655532415,-0.3061553999437915,1.106063507555847,0.16755584202824106,0.650750563940885,0.9713507683363443,0.16842401547537567,0.19506908711562226,1.0151414116953008,0.18097338160817764,-0.19961661441882123,1.0341105266160358,0.17185569556352098,-0.2470864330399374,0.8649384860564294,0.12091594383491094,-0.2472723828793735,0.9018974082421297,0.20573915356268624,-0.3004440680199971,1.1115105301363661,0.2891249713880702,1.2758026218176672,0.9379893267767423,0.3005382296380681,1.5496185709445796,0.8554376322555426,0.2832432186586789,1.3878199492466665,0.8030601990390792,0.458669914830075,1.199921537216602,0.9445473218524332,0.43294700411884446,0.9600498431934262,0.7749368574594377,0.29123255429448003,1.1753330786646548,0.7616136144778445,0.255646486070434,1.2793379300527814,0.8463306852544246,0.25623668957558887,1.297239863909613,0.7666094227517458,0.23532463238110707,1.2358322671642301,0.7059920479337931,0.11442752767973488,1.1939730326577154,0.9934577010598974,0.0485171048059697,0.9069145335883034,1.026294801188052,0.06116443298988623,0.6468725105025261,0.9516194183279032,0.10042358103964324,0.5470529772225596,0.9157534984772727,0.07396927355103196,0.5064568691286044,0.9143135494626936,0.045320533557844836,0.49549136948683203,0.9989200251282294,3.9166666666666665
0.39172760487494174,0.6680659566256539,0.9272319760248627,0.39726600495544684,0.18783383801837827,0.9987279264984961,0.3617041539487278,-0.23925663552740967,1.0253749396863558,0.3114341564168172,-0.24841543882244257,0.8259512078228547,0.3854128735923479,-0.25878971172537685,0.8482876748683686,0.3469083895054588,-0.30675368930915914,1.106018139318169,0.16764454960353023,0.6510044237410918,0.9709085573454559,0.16892693604508488,0.19522552922865372,1.0147739140591847,0.18098775487907273,-0.19963842075261518,1.034119614551844,0.17181351491109667,-0.24711637381814694,0.8649151419380232,0.12093793616347549,-0.24734797652582252,0.9019384307417765,0.2058846558729083,-0.30011944675242985,1.1115811890914074,0.28917845027530975,1.2764212863697624,0.9380588913271071,0.30111121500824617,1.549657542103294,0.8551361175227638,0.2840458169308797,1.3875887447388473,0.8048510662656516,0.4593870348975023,1.2010597734163282,0.9372785117966544,0.4348704221515346,0.9587822356091004,0.7772535056209283,0.29160699202235507,1.1728102475866584,0.7637106154812954,0.25533206125519725,1.2787330165117312,0.8457635415837308,0.2555846362841044,1.2972877270452585,0.7654350489031818,0.23585868214691819,1.2340712505987719,0.7099183519896077,0.11474966403893327,1.1938872297165282,0.9945122495842067,0.04795813914599817,0.9072798312102323,1.0285608715494463,0.059995062323008455,0.6453732596003776,0.9562150858176786,0.0997606453849976,0.5471006176333385,0.9156429991367447,0.07338552363458363,0.50783378526389,0.9139685959330943,0.04557096433509277,0.4966587171450173,0.9984600570313628,3.933333333333333
0.39170443853563813,0.6684556887849727,0.9270008523308683,0.39726889170092233,0.18786125995052658,0.9986915830398375,0.3616618431663027,-0.23946042539157658,1.0251792660626928,0.31121047273170466,-0.24809253952336682,0.8254571688609212,0.3848131516576252,-0.2587325722932521,0.8482348515503442,0.34699550240357796,-0.30730405416014767,1.1059653806987186,0.16764515202193028,0.651304458154046,0.9706158563537297,0.16937623232771037,0.19525498894648302,1.0146809133105346,0.18100542765856467,-0.1996553102376537,1.03411172178639,0.17176222125023777,-0.2471318089276999,0.8648546406520962,0.12094646866358977,-0.24748832632368076,0.9020366260810244,0.20602102689634635,-0.2997981280851185,1.1116371754143304,0.2892186986684774,1.2770202157648938,0.9381179014360905,0.3014351146131231,1.549704187741249,0.854972780828769,0.28510603480741425,1.3871571465783628,0.8072012014171692,0.4601760609191339,1.202227223272101,0.9297840544963927,0.43678473693170317,0.9576609274019704,0.7796577217879104,0.291341984274535,1.1700992829818564,0.7654942666120621,0.255230183952433,1.2778123328862045,0.8454591109020037,0.25490980633537963,1.296907111999471,0.7640090972998608,0.23601098286494598,1.2326397551478894,0.7137180264808873,0.1147198758068396,1.1941038479307544,0.9947387155615408,0.04778054541104608,0.9078114957035215,1.029980298092949,0.05855432109896516,0.6438353422806917,0.9609869898126997,0.09939212685996238,0.5472383083492945,0.9155528677805108,0.07286700856329746,0.508728442518297,0.9139290988003368,0.04578640843910214,0.49805308809609794,0.9983490778491769,3.95
0.39174865572758216,0.6688772031657438,0.9265432347244594,0.3972690555248944,0.18787064879001308,0.9986564434489626,0.3618140515941031,-0.23978444369806068,1.0250059974179009,0.31084827835405276,-0.2475211043225257,0.8245882911137427,0.3839013948607889,-0.2586627697113074,0.8481127378672176,0.34707117411348426,-0.30777786302296134,1.1059047099284218,0.16759145859950347,0.6516216315274406,0.9705482448782773,0.16976074463798035,0.19515234215042032,1.014874615432188,0.1810267701196432,-0.1996629722604714,1.034078718855873,0.17171433382182583,-0.2471381516385475,0.8647774422058386,0.12093896127693282,-0.2476664550050699,0.9021737657917444,0.20612281109370595,-0.29948588646342955,1.1116569885494725,0.28924354464470875,1.2775053728876262,0.9381498866259391,0.30150725905005915,1.5497593645679912,0.8549118696054083,0.28620662507991057,1.3865288557475801,0.809618034013131,0.46103879485386473,1.203085823933998,0.9233824885562151,0.43845106999595346,0.956806905263118,0.7818644914175037,0.2905695912086828,1.167249318011204,0.7668847067588291,0.2553814991456835,1.2764161355902295,0.8455193648465185,0.2542814265564692,1.29611014049432,0.762453659174849,0.2358299195446228,1.231535305233524,0.7167762606895047,0.11452678493265908,1.1946068943206247,0.9945114847802692,0.04813106030220553,0.9083643841674425,1.0306485582775244,0.05706438310342252,0.6426132557894977,0.9652003642776668,0.09932297848686136,0.5474819257608918,0.9154220568930672,0.07233366775255971,0.5090631505631216,0.914150317890542,0.0459542713836685,0.49948302783610565,0.9985430971619543,3.966666666666667
0.3918501193534861,0.6693576999711686,0.9258829245204274,0.3972661066762406,0.18789506662557864,0.9986301742952465,0.36223194057336316,-0.24009684233124967,1.0246472684363523,0.31019700508174425,-0.24644716547691248,0.822966218279356,0.3827937667278022,-0.2585744846496064,0.8479319548266896,0.3471323981988169,-0.30815956118378796,1.1058411161686754,0.16752863761224848,0.6519322544887975,0.9706980745331821,0.17008810846164343,0.19495674835976234,1.015272475174364,0.18105047669146196,-0.19965927361487595,1.0340151746844635,0.17169036476089214,-0.2471609177599805,0.8647376921146975,0.12092151324834824,-0.24783145488008718,0.9023082186739143,0.2061662196110459,-0.29917080178891975,1.1116107447673234,0.2892503548001723,1.2778057522287845,0.9381520291570637,0.30142942909550835,1.5498185648954674,0.854858833841505,0.2870439715393093,1.3857948065971308,0.8114156104063839,0.46194587606163245,1.203335685258742,0.919329372354981,0.4396371879643126,0.9563021130695434,0.7835747470209348,0.28961582503218064,1.1643326781691548,0.7681218832044387,0.25567974927474946,1.2746231122488727,0.8458424007513645,0.25377308892065414,1.295123337179092,0.7609520504325744,0.23532892981452966,1.230753658170831,0.7185048832455152,0.11448268478452346,1.195273055366481,0.9943681166600193,0.04894171699447576,0.9088384027810569,1.0309541455996063,0.05574623293062374,0.6419496958710619,0.9683984355889224,0.09944076524352344,0.5477964950022528,0.9152329508259386,0.07171272305910378,0.5088957909922888,0.9145467715516353,0.046081901165017064,0.5007839855582982,0.9989156900077223,3.983333333333333
0.39199344750146153,0.6698948669481042,0.9251407482589853,0.3972617421192069,0.1879912248066227,0.9986302453821299,0.36290477537119853,-0.2403053762962582,1.0240361297898282,0.3092873345150154,-0.24500349524505702,0.8208034267288375,0.3816212765079529,-0.25846269443407105,0.8477127980766804,0.3471858164431826,-0.3084775129065522,1.1057916614337011,0.16749675890049256,0.6522499468949469,0.9709167540456201,0.1703872527139815,0.19475532071066304,1.0156890824289193,0.1810736948654661,-0.19964591027689393,1.0339273600483976,0.17170718394110257,-0.24723166679212083,0.8647922958160581,0.120903982653262,-0.24794540751269148,0.902407577950015,0.20614720793857821,-0.2988547510485409,1.1114935639727672,0.2892394362062047,1.2779041311852894,0.9381363334295392,0.30132905419446765,1.5498744989897602,0.8547809623942125,0.287350184012939,1.3850720918693495,0.8119912181350863,0.4628483985695736,1.2029629109526194,0.9179982957996908,0.4402140432926341,0.9561438639443743,0.7845482056828337,0.288866301726748,1.161478579831865,0.7695662450545541,0.25586319375948535,1.272681217043813,0.846168371542011,0.2534503019410619,1.294238409090127,0.7597040418319649,0.23456897571759433,1.2302948396932614,0.7186703749077732,0.1147853677981999,1.1959686561972973,0.9946037751563513,0.04999132846469431,0.9092161267829078,1.03130573953315,0.054792238500049134,0.641875839997476,0.9705081705096934,0.09953266036104289,0.5481636107764322,0.9152077986026086,0.0709794879746318,0.5085290312333306,0.9149898440270481,0.04616552098902115,0.5018058176578903,0.9993715014756899,4.0
0.3921532603031015,0.6704197330536356,0.9245053420417821,0.3972577387035308,0.18816747677448697,0.9986616722606798,0.3637147114233011,-0.24042176468011267,1.0233521912352115,0.3082648301246723,-0.24361540800532994,0.8187568465256133,0.38054327108601793,-0.2583432172976397,0.8475060369987699,0.3472470072250571,-0.3088130280952819,1.105781321985149,0.1675162206625519,0.6525910737409044,0.9710246587370521,0.17068398576254973,0.19462828539453336,1.0159560336920361,0.18109190554392085,-0.19962064441213936,1.0338319803848182,0.17174099538005733,-0.24731086689528664,0.8648829393551697,0.12089333800214384,-0.2479974304914474,0.902459307798336,0.20609349813978084,-0.298583920135194,1.1113448627075984,0.28921896856851637,1.27786612513251,0.9381188206940712,0.3012648318743041,1.5499209404933012,0.8547286967860852,0.28699918597816126,1.3844644191582947,0.8110689368819322,0.46372035513396437,1.202186354549632,0.9187501474769064,0.44026153507072724,0.956233889626805,0.7847309523093376,0.2886129574755338,1.1588009236097119,0.7713763275547916,0.2556435658812182,1.2708724198497592,0.8462442654987723,0.25331390673165194,1.2935990711257228,0.7588479201724869,0.23378861958322666,1.2300186459547422,0.7178544002736214,0.1154162568165459,1.1966226288242254,0.9951573625193431,0.05105809870262076,0.909562777608193,1.0318404175988256,0.054302193299331405,0.642288561055994,0.9716400659914636,0.09941221630276448,0.5485833168845791,0.915774035625978,0.07018708130180876,0.5083766740752582,0.9153625352886179,0.04620115856503273,0.5024686273197942,0.9998416852666236,4.016666666666667
0.39230865709247237,0.6708515815643212,0.9240851049172814,0.3972540757832141,0.1883489743584151,0.9986998840710225,0.3645134458330563,-0.2405309599209941,1.0229442529312687,0.30727994889884686,-0.24269291688602007,0.8174492462781963,0.37972148156718255,-0.25825408911264297,0.8473806370971239,0.3473279796175083,-0.30924035027021995,1.1058233444988532,0.16758341653223618,0.6529307588093413,0.9709317656220335,0.1709746305714498,0.19459055572747153,1.016046403409721,0.18109777148341794,-0.19956354182491864,1.0337406391733097,0.17170468297233057,-0.24723589605647286,0.8647631279434186,0.12089121691940488,-0.2479922194431876,0.9024609764204097,0.20606281232809417,-0.29844472017362456,1.1112605056464413,0.2892025711485625,1.2777979153498389,0.9381069156538969,0.3012138533015635,1.5499524993182987,0.8548070137462193,0.28607632634239766,1.3840523073417395,0.8088576593707958,0.46452621433662444,1.2012465524975369,0.9207405037821448,0.4400297521245453,0.956384798971786,0.7843708570821848,0.28897494761522147,1.1562962335914913,0.7734272459470428,0.25485203167201687,1.2693938257577146,0.8459051755024405,0.25326911793519996,1.2931236142689142,0.7584848813116964,0.23328283980382966,1.2295806878095237,0.7173072326798122,0.11623185371138083,1.1972120920435527,0.9958138594946968,0.05197808980429179,0.9099830545608601,1.0324384107290805,0.05420371028252917,0.6430539804478279,0.971890887997182,0.09902568968405423,0.549021737223478,0.9172165804944248,0.06945360143481119,0.5086909361578917,0.9156048780685426,0.04620322951741662,0.5028082169157253,1.00025669916943,4.033333333333333
0.39246098060853957,0.6711551225279409,0.9237956492721345,0.397249264851698,0.18843850512476745,0.9987083453231069,0.36517469030144234,-0.2406837652437616,1.0230052756237367,0.30647512193327153,-0.2424595891323771,0.8172031219481762,0.3792673007723337,-0.25823064602147106,0.847373576177738,0.34742315689627795,-0.3097435603423758,1.1058981092734173,0.16767538843862403,0.6532222716498017,0.9706406523645983,0.17123269764390567,0.19460510233006978,1.016039611619191,0.1810833702062683,-0.19944756505374722,1.033654606511131,0.17152650344262807,-0.24687247715620614,0.8642292311232788,0.12089600893019883,-0.2479384751000316,0.9024146334738687,0.20611405973464425,-0.29847116971016635,1.1113540304500953,0.2892004839144312,1.2777636401757375,0.9380976554467202,0.30113636316032055,1.5499670446062033,0.855053053973027,0.28491937346012014,1.3838729744162737,0.8061415483059164,0.4651737854683867,1.2002855799181116,0.9235879280893968,0.4397760661363985,0.9563555823438621,0.7839753587086585,0.2899011958600535,1.1538111657600143,0.77554135785634,0.2535094812137084,1.2682441419692119,0.8451566030403684,0.25321283808549533,1.2926216203282015,0.7586720220347345,0.23316833699019487,1.2286564932279018,0.7180716254550406,0.117066513446452,1.1976878892918918,0.9963612823514317,0.052616585454856035,0.9105554325303474,1.0329136173979083,0.054287217155990025,0.6439743799127544,0.9715136340960681,0.09844147802665529,0.549410001727033,0.9194547664828794,0.06891473521765802,0.5094784968464857,0.9156629599623508,0.04619813012046836,0.5029330901916391,1.0005420956558186,4.05
0.3926236347021881,0.6713235843568929,0.9234609700193988,0.397242391625809,0.18836954131356728,0.9986622436552461,0.3656198380469465,-0.24082313693799112,1.0233370714487295,0.30602899608604245,-0.24297236807119751,0.8180754555971392,0.37917458823304384,-0.2582745442456011,0.847457579409467,0.34751123040253085,-0.31021906552672573,1.1059545286731711,0.1677598879731769,0.6534356204506838,0.9701914481893523,0.17143176474745114,0.19463351019534675,1.0160098695462512,0.18104972963312632,-0.19928065995812244,1.0335746718943715,0.171247047604823,-0.24630709015473218,0.8634059743033347,0.1209056413363202,-0.24785035613705766,0.9023305633062129,0.2062557251566817,-0.2985419829629669,1.111628139186219,0.2892163478621478,1.277764271903755,0.9380843522813214,0.30104092563658863,1.549972782585837,0.8552636987698858,0.28399363764001145,1.3838853788143628,0.8039909204888336,0.4655458188570967,1.1993505333058132,0.9271348169611876,0.43968144543078813,0.9559655626629415,0.7840484125538775,0.29118519694954614,1.1511532256809962,0.7776666579670227,0.2519302059252439,1.2672052175297206,0.8444366864911852,0.25317624276528206,1.2919489581233614,0.7592460832333295,0.23339228488026345,1.2272162674711407,0.7204515235954372,0.11779171439569017,1.1979408514961867,0.9966857442910984,0.05288854343490107,0.9112758155630776,1.03313233036683,0.0543753243439082,0.6447191782692049,0.9710933250906474,0.09777232076711238,0.5496810747529122,0.9221582902242716,0.06865017174405366,0.5106127779932479,0.9154414994618616,0.04619988363234416,0.502937803442044,1.0006529552740187,4.066666666666666
0.392803905600413,0.6713556389973867,0.9229632199760727,0.39723440107706154,0.1881296944294855,0.9985606198619924,0.36582393696767623,-0.24084296888014212,1.0235472749006715,0.3060889645759617,-0.24411344732876863,0.8198595353723985,0.3792917298910562,-0.25835003776412213,0.8475617601040872,0.34757089761263565,-0.3105593885047759,1.1059453279768443,0.1678152670100883,0.6535641037794642,0.9696249088216592,0.17155584422389275,0.19465735843303594,1.0159851727975664,0.18101286977250813,-0.19912431601021244,1.03351144150725,0.170977328376011,-0.24576562030790963,0.8626230788514329,0.12091824969895001,-0.24775216403929595,0.9022315753162828,0.20642977720795178,-0.2984922365701291,1.1119248667743258,0.2892515294633099,1.2777758268407784,0.9380616126464913,0.3010069560659775,1.5499886418460953,0.8550364329695515,0.2836357350252444,1.3839677037701419,0.8031694527955375,0.4655767941323291,1.1984489770045779,0.930980518275786,0.43986642876323134,0.9551931499863159,0.7848290800428712,0.29254991513165246,1.1482630055670788,0.7798118820899789,0.2507467638488701,1.2659403082550194,0.8445299003674976,0.2532997332922677,1.2909972629971316,0.7599371561879769,0.23385604699821558,1.2254067361116148,0.7243470579575821,0.11836725490846192,1.1978992169672595,0.9969214871798376,0.052871980272193225,0.9120495287331407,1.0331024764280234,0.0544289193865968,0.6449114192245337,0.971277293193062,0.09711788154167178,0.5498157557907046,0.9249558122096742,0.06861497230228072,0.5119071880757567,0.9149374245068901,0.04620284595085182,0.502876598194804,1.000611191653755,4.083333333333333
0.3930003977643898,0.6712549141041785,0.9222813945246017,0.3972266983570655,0.18777807602721439,0.9984281322080755,0.36577241025868473,-0.24071708210838855,1.0234264166192646,0.30662587246258627,-0.24554762508922157,0.8220359147186092,0.37941803121642537,-0.25841238355825574,0.8476201321206389,0.34759262681802516,-0.3107129941870456,1.105867451170833,0.16785383644632634,0.6536113990816219,0.968975098814305,0.17160276640199693,0.19467256711479436,1.0159665468127392,0.1809939153590251,-0.19905752120284237,1.0334911865361764,0.1707972915267033,-0.24540990208367403,0.8621162254332003,0.12093053875452939,-0.24767327715476625,0.9021489367300881,0.20656057439340664,-0.29833963362522153,1.1120669106246335,0.28930645135640864,1.2777816764210894,0.9380283138813721,0.30116518633631845,1.5500218010436884,0.854066306808642,0.2839314193885206,1.3839873198780126,0.8038512342708309,0.465309169681703,1.1975748433529285,0.9345842687391555,0.4403646348789187,0.9541577849699291,0.7862494909541369,0.2938393008743537,1.1452251626348906,0.7820275377815433,0.25059301139292156,1.2640824093410818,0.8459030344019249,0.2536198016171315,1.2895590592855533,0.7607395585341696,0.23442111288114154,1.223291038210467,0.7296024254178265,0.11884141319910743,1.1976306414280473,0.997420654826423,0.05284390608722202,0.9127235563328953,1.0330201372443835,0.054490514519252145,0.6443784415365186,0.9723952047496669,0.09655860348586404,0.5498674907819969,0.9275194061032245,0.06864645141788647,0.5130910817193791,0.9144943395450822,0.04620001986922678,0.5027960343622158,1.0004909078771163,4.1
0.3932071752618177,0.6710266663846589,0.9214548751787759,0.39721915950589554,0.18740401205661467,0.9982959911375388,0.36547633314875333,-0.24051169555918808,1.0230359789901915,0.30745489897877276,-0.24684653945024226,0.8239627114661161,0.37945521695449036,-0.25843586543160474,0.8476086879665685,0.34757875270766975,-0.310674830890912,1.1057662972937221,0.16791727673763118,0.6535803674756199,0.9682766645154943,0.17158954773986548,0.1946817022425411,1.0159488934110543,0.18100024337874798,-0.19913015425773675,1.03354269693184,0.17073393625446887,-0.24529250525374713,0.8619615097110146,0.12093663230917842,-0.24763586906966223,0.902109790383307,0.2066027725983194,-0.29824828070620224,1.1119786044492805,0.28937427771936974,1.2777808122487788,0.9379902611076674,0.3016407463522761,1.5500301880333105,0.8523390196875783,0.2847549879140898,1.3838873437364352,0.8057266693440986,0.4648892556478689,1.1966869591644105,0.9376662763263637,0.44110784835224603,0.9530480906742194,0.788041461141566,0.29510214021017594,1.1421252049327901,0.784490823761834,0.2517170855476984,1.2613086843184798,0.8484736826516864,0.25397670779112025,1.2873017937119438,0.7617892643871147,0.23489985998637875,1.2208982870883238,0.7359259776526512,0.11930222643071954,1.1972735646307557,0.9984717890582285,0.05308788354316665,0.9131369913952648,1.03313781027409,0.05457605069418327,0.6433268591104178,0.9744125152372569,0.09616738527288285,0.5498947989813388,0.9295461469308554,0.06856496889204702,0.5138276534639517,0.914767393505394,0.046199749898949274,0.5027649628274147,1.0003714374573032,4.116666666666666
0.39341657940370145,0.6706754856212305,0.9205365475266315,0.3972109291907576,0.18706496457387886,0.9981809671483363,0.3650391108512079,-0.24025773408650447,1.022530865415796,0.3084038326448558,-0.24772827577566076,0.825227941742594,0.3794325588616481,-0.2584160889323724,0.8475441784180809,0.3475402578845459,-0.3104519380274793,1.1057118335280505,0.16804030892807484,0.6534671652160358,0.9675767650792506,0.1715446865609655,0.1946897784932879,1.0159280522459206,0.18101603334850044,-0.19934351543859385,1.0336635856465017,0.17079145766430376,-0.24541760942661484,0.8621636016084797,0.12093218951736198,-0.2476431410214032,0.9021223198320066,0.2065401476891526,-0.29831966686139444,1.1116632442892518,0.2894308181711707,1.2777804475213121,0.9379587570384758,0.30247718616499086,1.5499288741831685,0.850064932897525,0.2858285681142615,1.3836933741754907,0.8081740540103584,0.4644687274461391,1.1957276817182079,0.9403252427323493,0.4420431254767293,0.9520354358950127,0.7899131698473294,0.29648485124742263,1.1389796667299084,0.7874288372601168,0.2539274416211679,1.25744909833507,0.8520428806728482,0.25418028192608944,1.2839246785836782,0.7630496711647006,0.23513801086747776,1.2183727186808342,0.7428426691138867,0.11984888441430344,1.1969080088022677,1.0001277461452043,0.05367067717822924,0.91318490608307,1.0335499039300964,0.054627227023471336,0.6421945713847296,0.9770890404857413,0.0959939389044097,0.549879117250353,0.9307894471953504,0.06826730842815001,0.5138585266876259,0.9162684494820637,0.04621977683334401,0.5028668031006411,1.0003071720817347,4.133333333333334
0.39362181458062134,0.6702072157411689,0.9195689716729949,0.39720256459503234,0.18677602470799506,0.9980862224083391,0.36461298894316,-0.23992449160831314,1.0220426292078133,0.30937480257800315,-0.24816719573038817,0.8258095206038479,0.3794131473640536,-0.25835892896540785,0.8474553372288536,0.34749402709439214,-0.3100609593327837,1.1057680781550396,0.16822476747418388,0.6532593526120708,0.9669469420961856,0.17148722780839734,0.19470080713833565,1.0159007949276364,0.18102004628539428,-0.19966483682954703,1.0338174770394923,0.1709669654974128,-0.24577481295395423,0.8627046452343673,0.12091940014058805,-0.24768137415876093,0.9021736557290367,0.20637044888954903,-0.2985551359318195,1.1111734921793197,0.28943569363422555,1.2777849263168684,0.9379449699347493,0.30360618605058604,1.549657829501279,0.8475498990088426,0.28682099564333463,1.383471315839201,0.8105081784500777,0.4641004182285814,1.1947089000763869,0.9427267899568221,0.4432537847041568,0.9511714331492276,0.791759191839863,0.2980950973738028,1.1358409911598848,0.7908713286512682,0.2567814079367852,1.252528848485202,0.8563967463048894,0.2541736137798427,1.2792803597558247,0.7644875544394154,0.23508993442720857,1.2158944280642963,0.749942779212917,0.1205473796270631,1.1965474299836176,1.0022482814847629,0.05446740627346053,0.9128653316635045,1.0341764057424965,0.054579018192463344,0.6413388241242314,0.9800820430109717,0.09602498695472193,0.5497850932931881,0.9312251182880197,0.06775058669735508,0.5131834037700719,0.9189546784134593,0.04627352350893296,0.5031555055327505,1.0003138637666342,4.15
0.3938179474379416,0.6696291631483502,0.9185838070308946,0.3971955086745407,0.1865308581271208,0.9980109011734758,0.36427543227225184,-0.2395577595035418,1.0217161855487822,0.31028100121341495,-0.24832957739903658,0.8259790783643347,0.3794272514372797,-0.25827626880291527,0.8473661826269024,0.3474550871647328,-0.3095605604211551,1.1059503365805121,0.1684479114478389,0.652942905142598,0.9664656668305729,0.1714292201452776,0.1947148766438841,1.0158672491777487,0.18101456635284635,-0.20006445547942536,1.0339691198137881,0.17123301593248896,-0.24630949331904434,0.8634981942332499,0.12090356662877842,-0.24773641127301252,0.9022453439600168,0.20610659602468098,-0.29892118451295024,1.1105973675449596,0.2893740724744695,1.2777937095885958,0.9379499743569906,0.30487974871748824,1.5492270612479473,0.8451319329626709,0.28750136578314045,1.3833137953401327,0.8122584152528582,0.46375801718468823,1.1937508577177798,0.9447403326898607,0.44487863770495334,0.9503779734650057,0.7936748099485038,0.2999137972106021,1.132881717752224,0.7944974734772673,0.25978937642864897,1.2467334206553418,0.8610472582386565,0.25398886417328537,1.2733633899566499,0.7663405367309731,0.2347763451636904,1.213472798536194,0.757188047777914,0.12135694453925175,1.1962170820577278,1.004549226077723,0.055351073350020756,0.9122542913455381,1.0349429776180552,0.054455175276364454,0.6409138966145782,0.98298278043604,0.096174386623732,0.5496468645337728,0.931161578066116,0.06711762705242975,0.5121157336752883,0.9221981544447888,0.04636630866162354,0.5036236635663404,1.0003787460009193,4.166666666666667
0.3940006960447896,0.6689490940193844,0.9176069614553622,0.3971898693947228,0.18632091145033783,0.9979535817120209,0.3639875929558466,-0.2393116674920565,1.0217014375885993,0.3110128571875316,-0.24841395272437633,0.8260552781886347,0.3794713683265163,-0.2581897847537696,0.8472978305514415,0.3474289696398755,-0.30905554187218387,1.1062043526865524,0.16869639680959722,0.6525292955931308,0.9661161038658762,0.17138967731642932,0.1947285070017904,1.015834419238161,0.1810219933263062,-0.2005401256093416,1.0340993059748473,0.1715062167917039,-0.24686136211451723,0.864298478162775,0.12088748057684222,-0.24779918867084433,0.9023226980450276,0.2057854350081683,-0.2993649725018231,1.1099978284157341,0.28932003373489157,1.2778070164906696,0.9379557064135421,0.30610714568692665,1.5486953584328214,0.8431550333254199,0.28784352131831037,1.383318614511862,0.8132472090346321,0.46344177964142536,1.1930166421632333,0.9460211369622125,0.4469126956761764,0.949547235072213,0.7957316830628547,0.3017824872343885,1.130239126365233,0.7977682044011171,0.26251886172166355,1.2403658786881961,0.8652562546023371,0.2536182541635986,1.2663190450024027,0.7690247702400603,0.23419662021417345,1.2108456647640404,0.7648140334963256,0.12213112374125837,1.1959959186529516,1.0066416602589279,0.056266499267867816,0.9114493808145544,1.035780967910282,0.05434079740336568,0.640949791359258,0.9853593874905551,0.09634111011429367,0.5495182125166185,0.9310355518830796,0.06655553471830897,0.5110888033409169,0.9251049087084864,0.046493597279228735,0.5042071980871922,1.0004945718946563,4.183333333333334
0.39416523768034073,0.6681759856165488,0.916661157683602,0.39718427409672524,0.18614627595783073,0.9979119632875569,0.3636616153758671,-0.23928418666653595,1.0219789717850913,0.3114781262574692,-0.24851397235663464,0.8261825245322088,0.3795287198442364,-0.25813405148922597,0.84727073094355,0.34741369905185526,-0.3086360642238695,1.1064513325840073,0.16899640227344612,0.6520829590529554,0.965671351825116,0.17137938152060336,0.19473777069883136,1.015811368820147,0.18106681851771517,-0.2011048292297948,1.0342025198443379,0.1716732911056491,-0.2472093846258862,0.8647729513265094,0.12087319101418481,-0.24786336646712706,0.902395008739297,0.20547060559331234,-0.29983285422593103,1.1093754720167284,0.2894206582452923,1.2778284766448134,0.9379333629545696,0.3070862290291256,1.5481338438821224,0.8418997188154864,0.2880213780673627,1.3835368991762436,0.8135468388307785,0.4632604010391516,1.1926133465619957,0.9464222259899724,0.4491556635386492,0.9485971058894661,0.7978808685851719,0.3034991997680535,1.1278413477292193,0.8002453282522852,0.2645996931090002,1.2337791610559818,0.8683180373349515,0.2530216375686957,1.258546402658288,0.772795125561976,0.23335937497625953,1.2076018343135408,0.7728520626781046,0.12270187167564486,1.195969563388318,1.0081362694774993,0.057165308912089936,0.9105817738553863,1.036369218888134,0.054295168458824976,0.6414170404057308,0.9868612560454894,0.09647867156678555,0.5494047589627314,0.9310849020780125,0.06625440736570877,0.510354922623427,0.9269356264128055,0.046640122101725454,0.5048157159279592,1.0006611006450628,4.2
0.3943068007537871,0.6673266713685088,0.9157689488004652,0.3971775122919476,0.18601594123363036,0.997882565806187,0.36324772543441364,-0.23936911141225375,1.0222590888720926,0.3116498280508467,-0.2486226296765112,0.8263345607368373,0.3795829111553907,-0.25814032071706733,0.8472954258360165,0.3474060117432351,-0.30832448547674624,1.1066476738591964,0.16939249290850605,0.6516884972370414,0.9648089401045952,0.17138785216100588,0.1947354386023823,1.015802403703864,0.18117093139319126,-0.2017509339702768,1.0343010880727885,0.1716955846869742,-0.2472744702964741,0.8648081129458057,0.1208662309991167,-0.24792955298977004,0.9024579659660514,0.20521709052573395,-0.3002853785428216,1.1086900212253377,0.28978425508142397,1.2778646926893167,0.9378652454410923,0.3076814108731357,1.5476128732545975,0.8414272786133773,0.28831324292901145,1.3839564308848966,0.8134377895197356,0.4634020460985413,1.192527804702596,0.9461883837507001,0.45135872532438404,0.9474767375661769,0.8000869806902857,0.3049279231024922,1.1255195171345427,0.8018184725630293,0.2658153675509416,1.227338100507243,0.8699309147702257,0.25228829643419454,1.25077372818548,0.7773548046323095,0.23243680638965616,1.2035464547171069,0.7807896365593593,0.12298424698051802,1.1961248908466353,1.0088426498453154,0.0580091175517234,0.9098256804532667,1.0361426139540588,0.05433607001978556,0.64219126832948,0.9874103322263604,0.09659606324010023,0.5492839134765124,0.9312947879702833,0.06633245382671428,0.5099324402443737,0.9272644567312476,0.046785864811923164,0.5053666662748888,1.0008528070736438,4.216666666666667
0.3944217511122232,0.6664382133578475,0.9149605099659603,0.3971695769817963,0.18593943774402533,0.9978618566207046,0.36276870944033196,-0.2393323827020804,1.022229965567754,0.31154802842122975,-0.24870415412100066,0.8264322669221927,0.37961858253911074,-0.2582066824386227,0.8473542597687331,0.34740363536991836,-0.30809599191226295,1.1067913128573577,0.1698956780567292,0.6513778523915575,0.963421945944741,0.17139734197800438,0.19470352681539294,1.0158058674178159,0.18133475500350651,-0.20243286616157338,1.034442314179117,0.1716468185839093,-0.24719703351187014,0.8646230188240679,0.12087578161794534,-0.24800138253271636,0.9025092274914682,0.2050209776351498,-0.30067499681579096,1.1078933011465075,0.29040848336563857,1.2779280788826803,0.93775345487633,0.30792733445895715,1.5472015480274361,0.8414868410885374,0.28894620465616616,1.3845275759412472,0.8132412229871793,0.46400004871515277,1.192637784259741,0.9457073559689627,0.4533664464562336,0.9462177602532948,0.8023492265130666,0.3060017652917402,1.1232557021015448,0.802657741726672,0.26629781801249713,1.2214826113611101,0.8704848097847018,0.251747362408944,1.2439151213553556,0.7817412076580611,0.23182714545858454,1.1990523652843683,0.787587677386262,0.12307283795261752,1.1963025426401273,1.0090408731070064,0.05884832437614086,0.9093329949090182,1.0347378821357205,0.0544686308996791,0.6430073306247552,0.9873033007834876,0.09671355381095612,0.5491468877094874,0.9315615968506614,0.06680603159208852,0.5097942689980774,0.9259358483347634,0.04691322927633837,0.5057940811291549,1.0010176599182483,4.233333333333333
0.3945073550149069,0.6655686967829514,0.9142755426186198,0.39716175516351215,0.18591936088014238,0.9978479077683277,0.3622942356655437,-0.23905813377741603,1.0219011177830548,0.31120370214677473,-0.24872811763276548,0.8264054519980873,0.37961892059812424,-0.2582997607717558,0.8474103952964642,0.3474049941777318,-0.3079253614603625,1.106893954772325,0.1704801596899197,0.6511310841351925,0.9617242440541588,0.17139686570271895,0.19462353031049645,1.0158128150660088,0.1815314743411722,-0.20308960011984817,1.0346551404819138,0.171614193702194,-0.2471435296426217,0.8644762120909478,0.12090921787715558,-0.24807634503563156,0.9025441102599727,0.2048453532067285,-0.3009479788838522,1.1069801690581893,0.29121020773802075,1.2780369587703098,0.9376082087619665,0.30803099736425804,1.5469535655492026,0.8416994823607253,0.28996578606317286,1.3851832717333232,0.8130970892164471,0.46504091668281056,1.1928044620529277,0.9451878691400529,0.45508992117578173,0.9449596807545707,0.8045554223160578,0.306694069856825,1.1212658293740536,0.802982994346999,0.2664567500538591,1.216779832237039,0.870786793064467,0.25181902727538086,1.2387743198534122,0.7847319101096808,0.23199264817450413,1.1950034689142828,0.7918944138436209,0.12320334447148362,1.1963147977214073,1.009412364288661,0.059798178475889766,0.9092288761477085,1.0322891916800705,0.0546926475436514,0.6435594146379244,0.9869903210746732,0.09683558285383154,0.5490065448235275,0.9318088221589664,0.06757532525439124,0.5099803995117875,0.9232281732408616,0.0470141345077021,0.5060576505492286,1.0010990481933355,4.25
0.39456265837587273,0.6647750339677239,0.9137345441197254,0.39715633641967474,0.18595172676272148,0.9978393773513878,0.3618974540713753,-0.23866019230342095,1.0215789650518168,0.31068976048259755,-0.248694479852112,0.826255569308786,0.3795761282343656,-0.25839015143644034,0.8474535440481791,0.34740931935689745,-0.30780367258687,1.1069646559044224,0.17112365535211632,0.6509495635182919,0.9600214335385746,0.1713874455891807,0.19450587699313782,1.015811797088237,0.18174272252834323,-0.2036747569438131,1.0349241626034942,0.1716218926697287,-0.247155416972985,0.864437327276418,0.12096390649882338,-0.2481464621504596,0.9025609904078609,0.20467969775660483,-0.3011060514404437,1.1060327929226328,0.29208113555972504,1.2781886480342963,0.9374331881694898,0.3082628339872639,1.5468662260423611,0.8418459835734808,0.2912382892902896,1.3858446715045591,0.8129492744885775,0.46638856419642527,1.1929552175499067,0.9446820122656108,0.4564074764780099,0.9438887283165294,0.8064495135331726,0.3070548434212098,1.1198560474346144,0.8028714109519424,0.2665901247079583,1.213798509031812,0.8713942507477017,0.2527026579619292,1.2358478946767755,0.7853892321235308,0.23324025210047647,1.1923594292882926,0.7923598383661645,0.12353515585728575,1.1961195363773791,1.0103969032315527,0.060897326875581574,0.9096736698770405,1.0292574516779145,0.054981172246124324,0.6437238681625246,0.9867550083041607,0.09694901501069257,0.5488800960422315,0.9320114613832327,0.06844445753807167,0.510506493242357,0.9201141724998727,0.04709942235684363,0.5061882345990536,1.0010299531219062,4.266666666666667
0.3945937735939926,0.6640990121274261,0.9132912666165738,0.3971559218573348,0.1860311621661144,0.9978337345550436,0.36161944641088506,-0.23834779396186523,1.0215488038291416,0.31009932581224703,-0.2486134940188102,0.8260383860979532,0.3795069491820333,-0.2584680230391798,0.8475109406951808,0.3474171976222878,-0.3077338029264665,1.1070109210240722,0.17182565962154106,0.6508810234217912,0.9584659478233658,0.17138053889851346,0.19439724971368405,1.0158005499798721,0.18197484009127277,-0.20416421161994097,1.035211563806034,0.17165333232402064,-0.24719687028726023,0.8644565998904026,0.12102686477053931,-0.24820288351449232,0.9025629046538459,0.20453417246967712,-0.30124344241651224,1.1051841197245156,0.2929120940810286,1.2783128273789042,0.9372268920025084,0.30885496098158677,1.5468537977400239,0.8419045180081886,0.29253958769183774,1.3864296265164677,0.8126893371597976,0.4678500157353887,1.1930764988934373,0.9442739329949041,0.45719696353808204,0.9431693208784095,0.807748301941563,0.30721539722864766,1.1192079471092202,0.8022193183540862,0.2667138535347208,1.2128825317076106,0.8723792545595109,0.2542842158914174,1.2352610296182716,0.7832585977065797,0.23563781715046958,1.1917327227864751,0.7881403067040202,0.12401882032953979,1.195830989074473,1.0117644724248578,0.06201078219329732,0.9107948104891366,1.0261084503294602,0.0552489280872832,0.6436265964509567,0.986695208944776,0.09703315899756254,0.5487791659529033,0.93217523562621,0.06920347576177734,0.5112552824038943,0.9179594043825945,0.04719621639605879,0.5063075125928068,1.0007255195532982,4.283333333333333
0.3946151809843478,0.6635744226463127,0.912850667634836,0.3971617802384056,0.1861527573215587,0.9978333479240185,0.36145195937919106,-0.2382486005444168,1.0218585168285632,0.3094386546466399,-0.2484055784691662,0.8256776452135076,0.3794461404276269,-0.2585293235268086,0.8476026112245468,0.3474303535419036,-0.30772293590910843,1.1070409357120663,0.17259492390894343,0.6509753661827038,0.9570355968314416,0.1713867591333571,0.19435155534471937,1.0157864242876333,0.18223891275356766,-0.20454721586052116,1.0354836056604528,0.1716884108954868,-0.24723032225502856,0.8644778320777469,0.1210844390698748,-0.24823692556958657,0.9025509382381255,0.20441324893615884,-0.3014745180638938,1.1045359099957932,0.2935884914906256,1.2782857776083358,0.9370020530319279,0.3099419192129718,1.5468126321140696,0.841914720690738,0.29362063192775034,1.3868744098348935,0.8122539087591576,0.4692259620325689,1.1931743167894076,0.944026537761695,0.45746629428851016,0.9428827115709216,0.808282641469734,0.3073439480667978,1.1193202845605232,0.8008913401050066,0.26679111664157623,1.2140563688098633,0.8734469843470115,0.25634277553015933,1.2367668752764964,0.7784260540046346,0.23905427547272995,1.193227261250922,0.7794335605515046,0.1245073817612898,1.1955865725397512,1.0129599457355487,0.06292591556465302,0.9125175901827474,1.0231938289691096,0.05537039293851426,0.6434549775268477,0.9868705173270549,0.09707332128118379,0.548718107788982,0.9322975346304199,0.06971853018651084,0.5120476960047234,0.9176851135304565,0.04731068474092487,0.5065243220406259,1.000187839901955,4.3
0.3946416833344363,0.6632222918339938,0.9123578438470792,0.397170734943695,0.186304166868897,0.9978660211265085,0.36135578646221245,-0.23834875720100707,1.022314268107341,0.3086557623191793,-0.24789585924060623,0.8249253669886248,0.37942372727249574,-0.2585688505619222,0.8477207757098197,0.3474486805812576,-0.30777531488631416,1.1070561025634014,0.17343431064236794,0.6512494534870448,0.9556493032217549,0.17140293840676527,0.19440646258131777,1.0157773418398852,0.18253791204777112,-0.20481784652166518,1.0357186515535202,0.17171560465555155,-0.24723885203967946,0.8644725262017673,0.12112825469595305,-0.24824068908066704,0.9025217043847258,0.20432034040361113,-0.30183865187515163,1.104126486849087,0.2939948788636108,1.2780224193849512,0.9367936255437879,0.31154737537889193,1.5467369446978476,0.8419165308562879,0.29430504838820937,1.3871504778550126,0.8116995061641619,0.4703470531343129,1.193272194472487,0.9437371348159111,0.4573588637544953,0.9429873011492306,0.8080609889616117,0.30764515965610184,1.1201672225199515,0.7989435768173483,0.2669144466901962,1.2171041141207604,0.873964377785929,0.25869412247668133,1.2398724939621693,0.7716614634687313,0.2431992161957563,1.1965330149404483,0.767586736310126,0.12494177519456338,1.1954582825850775,1.0135780009420736,0.06357912123199369,0.9145377604952629,1.0208702132512206,0.055301125513699916,0.6433042647505581,0.9872567565385941,0.09706893732050584,0.5487168229270156,0.9323517134279156,0.06997256174454455,0.5127440263965081,0.9192698477412683,0.04738233913698211,0.5067841299442394,0.9996986258271245,4.316666666666666
0.39468341747968094,0.663043504350062,0.9118168089872046,0.39717255113106426,0.18645583461096407,0.9980054192331554,0.3613076361538851,-0.23854196019444138,1.0226064054607036,0.3077509513215704,-0.24696561332808456,0.8236026076157494,0.379451894116445,-0.25858239547930223,0.8478456012667465,0.3474629830070532,-0.30788606764747045,1.1070329485011576,0.17432610770746368,0.6516751570974015,0.9542885933589056,0.1714080156174506,0.1945766124630161,1.0157793176608223,0.18286748491410834,-0.20497372161135924,1.0359079403243865,0.17173072020601887,-0.2472246859611886,0.8644372844664537,0.12115228734204643,-0.24821181806251072,0.9024746974334273,0.20426427951539136,-0.30230419441088746,1.103955082218976,0.29407477114009584,1.277533206791347,0.9366333698255763,0.31359664287427547,1.5467257261471679,0.8419537251982383,0.2946613115523718,1.3872385677491235,0.8113017034418211,0.47110408066836906,1.1934098330460075,0.9429554539461971,0.4570132884396111,0.9434215598494484,0.8071988407062419,0.3083265050018808,1.1217851094988465,0.7966999662777573,0.26721005214458454,1.2217003231200907,0.8732870096361224,0.2611069129354496,1.244167179140663,0.764243659932679,0.24761842359367964,1.201113460934219,0.7545906872396089,0.12540291449401128,1.1954557206445513,1.013443796050734,0.06413233118432732,0.9164790266187125,1.0195326351377636,0.05517144883016266,0.6432385502638612,0.9875573677887806,0.09703178977286675,0.5487844682548182,0.9323132475303465,0.07005370344199004,0.513226214053108,0.9219524010059765,0.047304682782014294,0.5068858509338254,0.999774160175939,4.333333333333333
0.39473958008091126,0.6630241291601624,0.9112575989899362,0.39715536247450106,0.18658085449746123,0.9983317419483043,0.36134685594220056,-0.2387155795321546,1.0225352908884613,0.30677319210443377,-0.24565394698375256,0.8217660921499454,0.379524086945622,-0.2585675536413934,0.8479506580341222,0.34744877755463854,-0.3080375583739432,1.106906864276124,0.1752178539660694,0.6521717790276839,0.95308047854228,0.17137928450444706,0.19484093845937045,1.0157965439204764,0.18321760452783908,-0.20501674605316098,1.0360498976420123,0.17173384814498174,-0.24719934898807652,0.8643836885633458,0.12115213968129282,-0.24815673050106749,0.9024175364923692,0.2042540806451685,-0.302825206130204,1.1040119851339254,0.29392320731662186,1.2768956626683623,0.9365270578264114,0.3159023019551738,1.5468711820742853,0.8420640033492564,0.2950226764224053,1.3870970661768398,0.8114716516077589,0.47149090417003914,1.1936116206762182,0.9413577448949135,0.45647010254029463,0.9442335603392181,0.8058360621177609,0.3094818867515342,1.1241132567860463,0.7946141224442946,0.2677144117958869,1.2274696800816303,0.871335496814174,0.26323322725981546,1.2495740181036055,0.7573951532731663,0.2517666439486545,1.2062819544284107,0.7423384475364654,0.1259900433838761,1.1955495665278846,1.012525985409199,0.06478576780982573,0.9180605424218837,1.019323293418538,0.05518970566480255,0.643366014725085,0.9872616206247126,0.0969800517997762,0.5489038184506958,0.9321928569477983,0.07008459536449707,0.5133777519261565,0.9248164723459074,0.04700756023867769,0.5066603232826177,1.000795129299724,4.35
0.3947902364670006,0.663125548230557,0.9107562459613219,0.3971211317256125,0.18670819204498104,0.9988190568226099,0.36155795077473674,-0.23880232790149603,1.0221553631972164,0.30578524326301243,-0.24412562031177903,0.8196495603595603,0.3796211891948517,-0.2585289870105434,0.8480090385668978,0.34737961225264957,-0.308207824178529,1.106605942824646,0.17604594128483564,0.6526547626318433,0.9522087299027977,0.17132601342475076,0.1951465299459349,1.0158249823901941,0.1835741240742502,-0.20494941340381334,1.0361431066986733,0.17172880458716183,-0.24717366546091943,0.8643294933239328,0.12113072658653254,-0.24808945589760012,0.9023629004398311,0.2042932953771622,-0.30336176572504286,1.1042842616978323,0.2937771082746667,1.2762057351350622,0.9364682952790312,0.31817516043384153,1.5471849260616086,0.8422618697475684,0.29574130067544163,1.3867092330733948,0.8124593539178698,0.47163955025371795,1.1938717313110372,0.9389913684265738,0.4556618126794977,0.9455073925078571,0.804085031503206,0.31102696373120864,1.126942195750315,0.7929719330142353,0.2684115915899018,1.2339709183445617,0.8686834093115801,0.2647593618540096,1.2561195809987074,0.7519371709624707,0.2551966394887039,1.2112358267162922,0.732189646027216,0.12671091748960378,1.1957008262287907,1.0109444874976876,0.06560434428887571,0.9191503542321777,1.0198826813083053,0.055475366710192146,0.6437761192098139,0.9860142752273764,0.09693340119083366,0.549038313153903,0.932034140503074,0.07013178908408427,0.5130988095566316,0.9272652850511971,0.046499201441006804,0.5060772213422091,1.0027584329787393,4.366666666666666
0.39481109647753504,0.6632615272846708,0.9104202776754322,0.3970914923783528,0.18692748462358155,0.9992973921018222,0.3619707404768782,-0.23879579630896647,1.0216899900983432,0.3048371663172322,-0.24258489988832585,0.8175273799691746,0.37972009069762047,-0.25847524512232384,0.848004818007726,0.34726387457994407,-0.3083974571393352,1.106151316379479,0.17679540631893903,0.6531263613487874,0.9516700819954693,0.17129582278301975,0.1954442098938034,1.0158514378363996,0.18392206313659476,-0.2047709463820519,1.036192473459349,0.17172034704509684,-0.2471531381386576,0.8642869340249685,0.12110138261351235,-0.24803077926832467,0.9023251932834367,0.20438255543666095,-0.30387623516556794,1.1047511109304509,0.29384602944239,1.2755580473129293,0.9364577739397837,0.32012570382097183,1.5476186087347732,0.8425283408368907,0.29698132806539235,1.3861493817188357,0.8142162071005062,0.4717485170112202,1.194171295207917,0.9361811601221843,0.45443060017674886,0.9472280924620349,0.8019362206187528,0.31275522953889157,1.1301580723152622,0.7916540067771459,0.26931818690529824,1.2406984233878295,0.866159021590811,0.2656453117004994,1.263495616774922,0.7483405431535437,0.2577069162763303,1.2153038737813677,0.7248484859422413,0.12753116111560972,1.1959160052623088,1.009072901774498,0.06656156371747604,0.9197206289825799,1.0206239685384562,0.05601661614713445,0.6444635678897889,0.9838449339665736,0.09690747433245647,0.549155570240188,0.9318811603488275,0.07018358261848795,0.5123767369195905,0.9290302431459869,0.045833116879151106,0.5051952029359706,1.0053999331362917,4.383333333333334
0.39479570724973856,0.6633243517258323,0.9103355138406983,0.3970910017714613,0.18729324757174848,0.9995691619347403,0.36250833243191866,-0.2387566395477731,1.021408066318509,0.30392230966888245,-0.24119936397262068,0.8156080704971241,0.3797991647974668,-0.25840584137257233,0.8479327994781917,0.34716207355028544,-0.3086461001274433,1.1057069119557152,0.1775056995718383,0.6536614147310319,0.9512411178129188,0.17133555645299436,0.1957119843810462,1.015866411517988,0.18424906208520397,-0.2044786560137753,1.0362135747206578,0.17171065980867212,-0.24713896609918015,0.8642564958605268,0.12108175955055178,-0.2480009152168055,0.9023152637895057,0.204531789422861,-0.304341124391555,1.1053993967554239,0.2941986900915985,1.2750470482817644,0.9364956108619881,0.3215969478441719,1.548108480525668,0.8428159034902227,0.29871572245409783,1.3855478861697137,0.8165247723062153,0.47192934121486296,1.1944853376703886,0.9333734735099013,0.45264184554355025,0.9492644936557337,0.7992872575684893,0.3144381976720269,1.1338783344199197,0.7903108061287918,0.27049228106604556,1.2471143289439683,0.8645193977260982,0.2661619243410447,1.2709988335604616,0.7467188970665061,0.2593518803793549,1.2182954338538838,0.7202994321059205,0.12844773569252027,1.1962744332553656,1.007505332149174,0.06760255616556565,0.9198297770504715,1.0212159560322998,0.05672829732715276,0.6453388190339567,0.981060632498746,0.0969074886845261,0.5492425873054936,0.9317568196157646,0.07019304549685532,0.5114436167905989,0.9299962929867784,0.04506941259901147,0.5040886871260829,1.0084077620898517,4.4
0.39475926480775203,0.6632900865803357,0.9105148802357719,0.39713015836850807,0.18774846929392702,0.999520388969076,0.3630592271320017,-0.2387680669016805,1.021530563109876,0.3030314081864629,-0.2400904460487939,0.8140418513555753,0.37984222202417717,-0.2583162209458697,0.8478047209125921,0.3471550133036366,-0.3090048167020972,1.1054955360140064,0.17820478867374145,0.6542960454847053,0.9507268822851189,0.17146030634627057,0.1959464132484588,1.0158721408373899,0.18454622107483226,-0.20406970266885588,1.0362172617886833,0.1716998137260646,-0.24713032382659297,0.8642334671948373,0.12108221867992436,-0.24800476379899805,0.902332047251341,0.2047590677053277,-0.3047432855706609,1.1062377285898994,0.29484819455473876,1.2747520336459912,0.9365644373173716,0.32261711142238925,1.5485910153758304,0.8430772616069833,0.300776168201334,1.385028466845353,0.8190683602747761,0.4721614703579231,1.1947826837426023,0.930982928556822,0.4503482038390685,0.9513924096532922,0.7961769889100212,0.3158907171559117,1.1382797975860603,0.7886767732571975,0.2719645009654905,1.2527329741385718,0.864366832522315,0.2666625991923075,1.2778698197963576,0.7467014427658873,0.2603375454187171,1.2205339212955744,0.7178942419991975,0.12942545473123562,1.1968792087787552,1.006680386018263,0.06860038934915609,0.9196797589612706,1.0216497028740537,0.05750064240322657,0.6462648213509623,0.9780769007904891,0.09692647450920483,0.5493025651533066,0.9316665805083266,0.07012634554555075,0.5107567573717671,0.9302440625779064,0.04429546948940148,0.5028963014059828,1.0113981776967946,4.416666666666667
0.3947316178439197,0.6632569407438365,0.9108345317512725,0.3972067261362513,0.18819364475893613,0.9991296245425614,0.36353982417199243,-0.23884559185763443,1.0220522456200096,0.30224455565397346,-0.23934934456467466,0.8129764731086763,0.3798429215243806,-0.25821400239295983,0.8476573517645511,0.34729178711902187,-0.30947902557783485,1.1056616047293681,0.1788733869488804,0.6549995249955931,0.9501032953328675,0.1716605533711105,0.1961454738536455,1.0158766853809,0.18480817767966506,-0.20354996603863568,1.0362009270812966,0.17168748583186252,-0.24712468434858906,0.8642145182724843,0.12110041281088854,-0.2480295210608161,0.9023630935125113,0.20506739092485504,-0.3050716796939084,1.1072703048438426,0.2958458420853446,1.2746878689404963,0.9366280866290216,0.32333926421660664,1.5489953428061938,0.84329165687008,0.30293269625418484,1.3847120309283898,0.8213326450156017,0.4723882502897908,1.1950492523539145,0.9291644826832722,0.44781243251332703,0.953331454577216,0.7929084791725151,0.3169897411565571,1.1434120203701934,0.7865133529374311,0.27366848183454356,1.2572752945043137,0.8659185128920133,0.2673312995100714,1.2836393569220652,0.7476479051244406,0.2608696307007943,1.2224825003512976,0.7167323379385094,0.1303103207078901,1.197794072527528,1.0065200460666885,0.06937575846839156,0.919587802721968,1.0219931697750018,0.05820865003985348,0.6470747316825263,0.975362719639425,0.09695254691019212,0.5493460846594249,0.931605974089619,0.06998991892948937,0.5106714133608361,0.9301234332799336,0.043681158549881804,0.5019565584921981,1.0137238501512806,4.433333333333334
0.39473652331737996,0.6633200933903773,0.9111064308245835,0.3973145562030816,0.18859171577266176,0.9984355704387897,0.3638687901774214,-0.23890762438984992,1.0226651894008987,0.3016652441183387,-0.23896849528673683,0.8124421049271431,0.3798078235614075,-0.2581154135780582,0.8475262737955845,0.3475533866484776,-0.3099972858095833,1.1061713117595238,0.17947299812114292,0.6557358973593869,0.9494385595047061,0.1719197550254063,0.1962962717148733,1.0158873636650974,0.18503601891577542,-0.20295966079098693,1.0361640894000992,0.1716729471931953,-0.24711807336386998,0.8641965306489081,0.12112679804561102,-0.24806100346836335,0.9023965857805002,0.20542585288815024,-0.3053082038300137,1.1084385954686247,0.2972332186651958,1.274773069132362,0.9366511206176795,0.32393582407370725,1.549250603372893,0.8434580438303407,0.3050009379458268,1.3847076679352261,0.8226602166689045,0.472596507275977,1.1953036248790976,0.9277441428297049,0.44536783110899714,0.9548531689463559,0.7898867457399877,0.31768210064225455,1.1491463092311935,0.7836240333737683,0.2755017912216326,1.260778094349249,0.8684765237132135,0.26814111622566644,1.2881716022306084,0.7490828204822474,0.2610805424867966,1.2243762784828556,0.7161451049759289,0.1309057663610945,1.199007650946893,1.0066161782006833,0.06982922177811103,0.919804362369359,1.0222558191343687,0.05871817501244117,0.6476166840741338,0.9734133131633786,0.09697879655953442,0.5493866311953556,0.9315626195457086,0.06981950486555874,0.5112316318684411,0.9300554309987421,0.04344704492969088,0.5017573093430997,1.0145873563120391,4.45
0.3947725927551383,0.6634801166783082,0.9112498257626431,0.3974475610737406,0.1889713314856356,0.9974999402565353,0.36396040536341706,-0.23885996763300868,1.023040494437509,0.30134819693438314,-0.23880954418959524,0.8122475555099956,0.37975625733187074,-0.2580304387400316,0.8474178915882783,0.34786523735261393,-0.31045582368825125,1.1068394042171208,0.17998265917958806,0.6564900753465295,0.9488005456132724,0.17222201531549186,0.19637430682537538,1.0159079000795108,0.18523833890860222,-0.20238189312276564,1.0361219946480587,0.17165588964523215,-0.24710691362244613,0.8641765873216991,0.12115165043898596,-0.24809220449357045,0.9024266225752074,0.20577030424507298,-0.3054435275338823,1.109594457792762,0.29893791313941687,1.2748860643912097,0.9366260400052868,0.32452160786435297,1.549329444090903,0.8435740388263686,0.3068660306448162,1.3850567826833904,0.8225883896624893,0.4728126570041664,1.1955795424384028,0.926379275137976,0.44326178017116924,0.9559075222919345,0.7873711410796829,0.31799947034065323,1.1552191131798628,0.7801874648469984,0.2774391215501335,1.2635380164022738,0.8704159075789857,0.2689846184010363,1.2914682678613962,0.7507780693235133,0.2610672509228469,1.2262166610323075,0.7159268908224377,0.13112827855546252,1.2004134979330063,1.0066809060994915,0.07003801316352504,0.9203694963356657,1.0224259337764434,0.05894320051313265,0.6478673354815004,0.9725550770074338,0.09700097825809127,0.5494360493138712,0.931520700712822,0.0696480025695284,0.512292438070594,0.9302488784870733,0.0437126950734483,0.5025843694266902,1.013590650679177,4.466666666666667
0.3948230353447299,0.6636971369030789,0.9113068323165584,0.3975984110030394,0.1893967535526506,0.9963798168202952,0.36378871696306675,-0.23870150270866647,1.023196192937321,0.30136841462770664,-0.2387905420520182,0.8122559927903062,0.37971661332172857,-0.2579617063725704,0.8473293685487115,0.3481561303636782,-0.3107959619154535,1.1074880797162205,0.18041538573532329,0.657250560601858,0.9482337824259032,0.17255439636105585,0.19636529377729778,1.015936586306363,0.18542213104691452,-0.20189849229007373,1.0360988826429298,0.17163913486208326,-0.24709046738080603,0.8641587961059265,0.12116774564637903,-0.24811099140041146,0.9024427526131734,0.20603131486815962,-0.30551068764966793,1.1105825919914376,0.30074966524149327,1.2749585077101704,0.9365766051515024,0.32513406198699163,1.549283172919203,0.8436215482649436,0.3084757259034419,1.385689713936303,0.821144144868766,0.47307171948713955,1.1959077384795453,0.9246914804393702,0.441600787808647,0.9566432699418315,0.7853809152668735,0.31803970695654354,1.1613110668708044,0.7768404409248605,0.279452597576984,1.2659059138548363,0.8702538729518037,0.2697621506303543,1.2936008303409217,0.7525559356238715,0.26092524575196374,1.2279939217168847,0.7161279355830228,0.13107298684757182,1.2018322305450966,1.0066621396966924,0.07022234284637038,0.921142627707886,1.022557761077743,0.05894666943764766,0.6480288215831648,0.9725715576667946,0.09700047745653312,0.5494944450204875,0.9314733030471274,0.06949334561951792,0.5136186133637328,0.9306851094672868,0.04439955780801237,0.504264799168157,1.0110858678142165,4.483333333333333
0.3948750128428055,0.663949217396053,0.9113374313763948,0.3977578127661507,0.1899410011254827,0.9951213065560491,0.3634608899254342,-0.23852214662915464,1.0234271802418244,0.30178758087287716,-0.2390318202567373,0.8126436214749212,0.37971505878246437,-0.2579128207345869,0.847273878925677,0.3483962426057122,-0.3110165898125888,1.1080518208187284,0.1808073079100587,0.6580006226534657,0.9477678784245516,0.1729107214008739,0.19629996365504243,1.0159674017703653,0.1855796056719898,-0.20153701255340295,1.0361142896393756,0.1716287333674833,-0.24707101740659673,0.8641549439773901,0.1211712254908799,-0.24809673266709473,0.9024271550349579,0.20617699798684144,-0.30557239983842627,1.1113529201509165,0.3024141624051323,1.2749897445855665,0.9365327041517119,0.32574492602636285,1.549203622753738,0.8435592846190405,0.3098745524870164,1.3864300840753168,0.8188300674325728,0.47339100066819934,1.1963001445114796,0.922426343976909,0.44041627531376926,0.9573020063874041,0.7838515725986692,0.3179037007053024,1.1670154118785594,0.774479300939109,0.28134894732120336,1.2681112725516483,0.8677590392673933,0.2703622837571117,1.2948650130234025,0.7541127942365271,0.2607370219037384,1.2298184066470874,0.7166626220165118,0.13093779732823535,1.2030644064195573,1.0065964203876576,0.07059045032932199,0.9219233219609934,1.0227778333005293,0.05894827680747537,0.648447468788622,0.9726528581060349,0.09693765296191001,0.5495441474684251,0.9314338071646523,0.0693631796699894,0.5148833967992938,0.9312836020856267,0.04530743127908908,0.5063362497368576,1.007864496427107,4.5
0.39492472147406305,0.6642304734884432,0.9113679794392462,0.39791954466383317,0.19062199999476215,0.9937664161824921,0.3631993325439114,-0.23841566035346826,1.0239455202119174,0.3025265247352187,-0.23969646899876457,0.8136659535811833,0.3797598034176819,-0.25789325034547367,0.8472702976340035,0.348586073839794,-0.31113257938074934,1.108541890727454,0.18118072463129317,0.6587228672215575,0.947431287366004,0.17329087396194967,0.1962485266862073,1.015994425076364,0.1856881354203407,-0.20127141940561138,1.0361714474375916,0.1716292615205439,-0.24705017859157838,0.8641718030728126,0.12116149641805585,-0.24803677155198986,0.9023693444809818,0.20622483103337255,-0.3056602993401472,1.1119543452381646,0.3037641727350032,1.274998077186246,0.9365125407734813,0.3262952757893428,1.5491478786461643,0.8433892627509503,0.31114635385868994,1.3870835193458946,0.8163108126195119,0.4737520531613305,1.196729800997858,0.919677595688106,0.4397223860818129,0.9580453996148164,0.7828312563886506,0.3176485640152162,1.171803164050459,0.7739275579826401,0.2828431009034406,1.2702299565122748,0.8638770137784478,0.2706690420680248,1.2957604141799193,0.7550379637066107,0.26055850390397395,1.2318251407016667,0.7172369068142586,0.13086162366433784,1.2039372978158676,1.0065135539405359,0.07118541278347991,0.9225410010785094,1.0232031650345141,0.05915766858305552,0.6493516260160437,0.9720056151810096,0.09679424324255276,0.5495607815696606,0.9314344435603884,0.06927165814520679,0.5158091067235692,0.931933976737516,0.04623933418636231,0.5083622479537224,1.0046390329784538,4.516666666666667
0.3949734383476319,0.6645419084372274,0.9114007169205982,0.3980856057846046,0.19137307953905866,0.9923594997256593,0.36317870403592223,-0.23842563095867658,1.0247630890082444,0.30343438407994505,-0.24080499934825123,0.8153537214299598,0.37983770383190374,-0.2579182212055328,0.8473288063604165,0.3487339109373712,-0.31115674154011796,1.108978925401868,0.18151871746290216,0.6594042784654086,0.9472620724901075,0.17369249606848325,0.19625373480087188,1.0160170196746738,0.18573263536684467,-0.20107030737944942,1.0362478264619137,0.17163974003802285,-0.24702713250352917,0.864204797866165,0.12114036892651042,-0.2479353068845012,0.9022750125214102,0.20621612907501705,-0.305762199953162,1.1124571854325724,0.3047583996420494,1.2749938595116324,0.9365226709731787,0.3267754540980905,1.5491205191703672,0.843296425407758,0.312294346442543,1.3875584401927847,0.8140726465652757,0.47410695875284964,1.197137514122422,0.9168747579358345,0.4394529910308918,0.9588246319860793,0.7823891050072249,0.31729771506714305,1.175219285088075,0.775395705988055,0.2837925821106364,1.272218563582294,0.8598618854186373,0.2706776194213671,1.296646739815851,0.7551995718614465,0.26041434972727157,1.2339691432007105,0.7176083320475639,0.13084926180748885,1.2043700642224193,1.006407314062586,0.0718851105390038,0.92288760738489,1.0238918071308063,0.05961173895144049,0.6506527950968648,0.9704487157211642,0.09664874761914996,0.5495249912285552,0.9315377391214756,0.06928142312261731,0.5163318427695569,0.9323543237020561,0.04704058546070204,0.5100423959309781,1.001904304626715,4.533333333333333
0.3950236756198724,0.6648935246045977,0.9114316191827228,0.39826253178820825,0.19209584455564915,0.9909422959098569,0.36338054437601797,-0.23857424932861337,1.0257875405109849,0.3044579488860282,-0.2422543983895185,0.8175279321862393,0.3799268262750063,-0.2580028319992657,0.8474527843802127,0.3488459299625052,-0.3111157852045249,1.1093609460237948,0.18178090097207222,0.6600321389173371,0.9473004773292246,0.17410786031108474,0.196289195036146,1.016039974990788,0.1857370151487576,-0.2009392235675,1.0363074705683952,0.17165607333706484,-0.24700309872348383,0.864247585071902,0.12111152559625038,-0.24781023081912426,0.9021629904779996,0.2061925044727221,-0.30585535585537904,1.1129065450439455,0.3053966889497602,1.2749850633075912,0.936555956701066,0.32726250195310425,1.549108219093716,0.8436195390708299,0.3132538691153274,1.3878806021033452,0.8123595650288419,0.474400567327656,1.1974603320682806,0.9145477099265266,0.4394196757189661,0.9594445061671205,0.7823883445870311,0.31688057762808297,1.177107817996453,0.7782677150017351,0.28430973547813154,1.2739544737196746,0.8566465891244779,0.2705960543965725,1.2975295788565353,0.755076839912869,0.26031149807228166,1.2359601683711074,0.7177158470220335,0.13083558910107818,1.2044450161781264,1.0062219979202367,0.07253569135768434,0.9229534075454755,1.0247733376751365,0.06021085223615957,0.6520427269508074,0.9682568428710638,0.09668108305632375,0.5494214646275436,0.9318444936749709,0.06951052897839177,0.5166190812047143,0.932097710382637,0.047606696130155744,0.5112123182095222,0.999988591351167,4.55
0.39507707380414425,0.6652978828874387,0.9114587199104174,0.3984529806036673,0.19272218168468128,0.9895467982233641,0.3636555009581571,-0.23889840250961017,1.0268766592459395,0.3056310315594984,-0.2438911098538872,0.81992669230174,0.380008211598702,-0.25814942693201054,0.8476374169294343,0.34892606476359206,-0.311057636767889,1.1096623325086077,0.18193709184383813,0.6605825908721172,0.947546211489708,0.1745280042376207,0.19629848451979848,1.0160679210748496,0.18576167849933306,-0.20089841778130574,1.0363327913351366,0.17167580598993237,-0.2469837752449484,0.8642995666386454,0.12107922381918107,-0.2476881303885034,0.9020588354682838,0.2061852658716733,-0.3059169668630359,1.113301730712749,0.3056809627136774,1.2749833397046628,0.9365892268487808,0.32786073717452446,1.5491026413797822,0.8446016857484495,0.31395265907196784,1.388102644950024,0.8112636964248499,0.4745886929424294,1.1976497767414231,0.9131145113280285,0.43943434816509597,0.9597418147556331,0.7825464555384412,0.31642752158347015,1.1775950510794684,0.7816345607131889,0.28465214434282254,1.275286743247683,0.8547339386442505,0.2707167557982225,1.2982184225333187,0.7554004783488084,0.2602650095472402,1.2374412748135153,0.7175881214093767,0.13078196311951687,1.204371062027169,1.0059337882731891,0.07307498740794582,0.9228709097641645,1.0255039424243257,0.06087051147680703,0.6532690423542451,0.9656121892038929,0.09706971751218735,0.5492617843898832,0.9323752558311441,0.07004830681180105,0.5170128494079488,0.9308729668678306,0.04793389853752758,0.5118976292863714,0.9988980570844894,4.566666666666666
0.3951317569224023,0.665748844789748,0.9114804430163709,0.3986529917670345,0.1932287775400441,0.9881979424117702,0.36390836487104194,-0.23938137891337405,1.0278324348100367,0.3069202825351033,-0.24552726567810046,0.8222627861338327,0.3800662329693366,-0.258338284666855,0.8478594537050429,0.34897750264455646,-0.3110221651471146,1.109855577103698,0.1819906706723126,0.661033525368939,0.9478977990480771,0.1749470531081489,0.19624542527917765,1.0161022009233847,0.18585488306417308,-0.20093901849140783,1.0363380101428645,0.17169743603737986,-0.24697400133899647,0.8643606617390022,0.12104627586887608,-0.24759280516349275,0.9019831981269452,0.20620397068536153,-0.30592197636216895,1.1135950554783072,0.30568838225505435,1.2749954778968522,0.9365944652464329,0.32864240613264706,1.549099527104711,0.8462601093237392,0.3143090242109557,1.3882244281556708,0.8107560839135353,0.474656067337075,1.1976868808958963,0.9127046063637445,0.43943886416255806,0.9596585832075527,0.782697373637079,0.31592731596124646,1.1769663814151174,0.7848514070397947,0.2849378157439467,1.2761071368998944,0.8543345639005429,0.2711336126263281,1.2985673434402436,0.756423719734576,0.2602937298871997,1.2382063674031596,0.7173194103049806,0.13073942443520492,1.2043209597843527,1.0057234859965127,0.07354458983632693,0.9228588670221592,1.0255302274722393,0.061595919736783286,0.654246593317657,0.9624719251768954,0.09788696768426629,0.5491329827900118,0.9328718264099558,0.0708539678694323,0.5178373531043341,0.9287713524402458,0.04814747291936211,0.5123463180825741,0.9981783871705077,4.583333333333333
0.3951808947222406,0.6662181558898578,0.9114907369173507,0.3988579004754575,0.19361809609014935,0.9869219027431559,0.3641787238109252,-0.2398645624175787,1.0283989425649847,0.30817194938641923,-0.24694496842578073,0.8242380078323823,0.3800869298795997,-0.25853755143688995,0.8480833678675009,0.34900178986908603,-0.3110102147388476,1.109932857507086,0.1819804509347728,0.6613992287572625,0.9481583545774142,0.17536872321635197,0.19612069021355355,1.0161413712566676,0.1860133820367959,-0.20104457148472338,1.0363611197758402,0.17171758328692907,-0.24697399945128873,0.8644240754657405,0.12101493611778857,-0.24753676758623033,0.9019452206373427,0.20623199566546735,-0.3058538643131959,1.1137237760927687,0.3055803587717254,1.2750107758424134,0.9365590151988734,0.32961309138914074,1.549093606075822,0.8484723257212774,0.31428812544664847,1.388179166699079,0.8107548162157792,0.47462858725505364,1.1975982058726795,0.913072347542907,0.4394677466823272,0.9592251826402798,0.7828464359198992,0.3153719047406402,1.175595214040835,0.7875187067222671,0.2850033603128995,1.2764207356945065,0.8553466084551904,0.2716789015623223,1.2985642389579226,0.7577668238145387,0.2603804883072999,1.2382072911347894,0.717164260163738,0.13082326717528717,1.2043283472557467,1.0059620621139005,0.07401958595270294,0.9230766544017873,1.0244533291825653,0.06244599549589119,0.6549521889008032,0.9589106373839799,0.09907216744085183,0.5491827213760546,0.9328472469124847,0.071728143339765,0.5191593466201331,0.9261096098396985,0.04843669896991305,0.5129437843172816,0.9971453754332389,4.6
0.3952173821838981,0.6666753438377497,0.9114803038906083,0.3990712198187333,0.19389582765990218,0.9857532115377076,0.3645313036348347,-0.24012330220862,1.0283831238597807,0.30923877327972565,-0.24794654695016008,0.825588436578919,0.38006443560441194,-0.2587217088775402,0.848280901927628,0.3489975349752938,-0.310997768325354,1.109904215280736,0.18195569028286884,0.6617177551992647,0.9481679910408614,0.17580051627948362,0.19592806372427035,1.0161807583014615,0.18618023882259516,-0.20120931274920728,1.03644410420053,0.17173224549979693,-0.2469828052657288,0.864478218647579,0.12098911107396537,-0.24752769807246383,0.9019504783087313,0.20623963646717916,-0.3057192045336514,1.1136592113565262,0.30550334003172264,1.275005091518557,0.9365031564137836,0.330690335059139,1.5490800343763569,0.8509837810668834,0.31397794159912185,1.3879102441316338,0.8112733112354469,0.4745602432635152,1.1974491591190437,0.9137343255750602,0.4395296703466956,0.9585512554821597,0.7830008349255739,0.31485924695221895,1.173825826536906,0.7893853243752622,0.2846530004735027,1.2763621441760657,0.8571709451158007,0.272136461974983,1.2982884437103137,0.7589245636168558,0.260441822702677,1.2374368594534677,0.7174843379394402,0.13113064277580905,1.2043282722419528,1.0069315904021978,0.07456425448031265,0.9235465235028555,1.0222856934809268,0.06346505286697585,0.6553709419902614,0.9553019840536408,0.10046963217457283,0.5495196519805899,0.9319345004241488,0.07238988041270675,0.5208257269206154,0.9232114723740403,0.048933463709950935,0.5139960638552061,0.9953411115747627,4.616666666666666
0.39524079237127147,0.6670866116332339,0.911442560050792,0.3993047465508922,0.19406284582800187,0.9847301807223717,0.3649098981491655,-0.24006080003652058,1.0278251289503852,0.3101117664092495,-0.24846713216770805,0.8262306935010598,0.38000687927921595,-0.2588706985421476,0.848429158226654,0.34896130497207384,-0.31096877872180445,1.1097824908316254,0.18195180559179816,0.66199680609637,0.9479240155862583,0.17622478859967539,0.19568055271765594,1.016212813532857,0.18627231664940322,-0.20142056806953323,1.0365857642581835,0.17173930447520064,-0.24699966515539554,0.8645128315455289,0.12097267055970509,-0.24757198088509438,0.9020040851806901,0.20621422187520252,-0.30555035097593275,1.1134457274087768,0.305513147633521,1.2749803108081434,0.9364804982434314,0.33174357744368277,1.5490595521914563,0.8532752731372452,0.31352423674304775,1.3874770402951744,0.8124502760782537,0.4745051851261702,1.1973209254684958,0.914157481545707,0.43956125735820073,0.9577945353583498,0.7830613597756126,0.3145651157087649,1.1718410888200579,0.7904236405836265,0.28391302189981343,1.2761279838153043,0.8589376793972237,0.27240803382463485,1.297817681113859,0.7596645956938352,0.2603409820250883,1.2359087169619145,0.7184915339989308,0.13173079430113632,1.204210259164177,1.008654964421078,0.07521766017125703,0.9241770817996046,1.0193976282069157,0.06464665928220417,0.6555813285871508,0.9520444281265978,0.10188379737631897,0.5501435354440087,0.9301206742422279,0.07262174560476167,0.5226537096100438,0.9204008596190761,0.04963550662506878,0.5155048244314557,0.9927967249277487,4.633333333333334
0.39525619390103345,0.6674030576797693,0.9113774192648297,0.399561662184408,0.19412316517453412,0.9838763482897218,0.36513982062980194,-0.23976646268045265,1.0269129502185512,0.31087281306167974,-0.24864229673145322,0.8263693410543322,0.3799304689102498,-0.2589591529814652,0.848497067076708,0.3488901183961302,-0.3109223781708912,1.1095751878252933,0.18198942244673907,0.6622074736763416,0.947527736043956,0.1765893061491493,0.19541147218571964,1.0162320827206208,0.18623742829876805,-0.20168846622869518,1.0367118382696159,0.1717382063683106,-0.24701950881029378,0.8645201709614672,0.12096673167990099,-0.2476642306993308,0.9020989231522907,0.20618299912558122,-0.30539070473176283,1.1131988303197564,0.3055884611934194,1.274984395766338,0.9365467397916218,0.3326516639537155,1.5490403079272854,0.8546301241012102,0.3130211945798825,1.3870290126664981,0.8143917677496602,0.4744978272524892,1.1972873957284476,0.913869964008996,0.4395012199064324,0.957076991853685,0.7829378973836207,0.31458076674912905,1.1696602357061225,0.790807845348209,0.2829305015268341,1.2758725463705771,0.8601276659526573,0.2724699318676669,1.2971898080806907,0.7599292820511181,0.25995068331204685,1.2337318335016694,0.720111499785733,0.13268280495185492,1.203855713691172,1.0109697515350793,0.07596219927206017,0.924823365862602,1.0163267203180961,0.06595451483420112,0.6557749463678277,0.9492535124240395,0.10311761426235039,0.5509649598105546,0.9276710463853619,0.07235656875906554,0.5244617788588822,0.9180453502120436,0.05043638619107038,0.5171843972018618,0.989902619484478,4.65
0.3952661373026408,0.6675759791258986,0.9112976026863995,0.39981710397886816,0.19408428545096498,0.983185827214315,0.36506392307430896,-0.23936415645902828,1.0257489958934876,0.3115164010027625,-0.2486829079993928,0.8263178035163955,0.37984857063294275,-0.2589666724239556,0.8484581523446008,0.3487831748420689,-0.31086229183734737,1.1092848609877948,0.18207350919247187,0.6623215649092007,0.9470591456121296,0.17684153150759557,0.19517702989476304,1.0162419348542504,0.18608716631772446,-0.20205404241231983,1.0367347795515651,0.17172883543485826,-0.24703366056413822,0.864495460532198,0.12096972585018392,-0.24778494430897408,0.9022135837549226,0.20618378379353355,-0.3052728568691535,1.1130358450767408,0.30569328805937546,1.2750220311819982,0.9367126684913685,0.33332597460209296,1.5490335873710486,0.854517768446667,0.31253115923374303,1.3866683194640748,0.8169710488019042,0.4745640599813672,1.197386255830843,0.9126283435511713,0.4394289138093844,0.9564099879804511,0.7827740948432075,0.3148095939035395,1.1671575253588795,0.7908456891869768,0.28176228970361045,1.275623210065354,0.8607354558178639,0.2722543599041282,1.2964334272963218,0.7595518232011058,0.2592307832335704,1.2311731010812288,0.7220875988573567,0.13397630591298343,1.2032138041372706,1.0136158212343953,0.07670922393785679,0.9253561340917751,1.0135848220431427,0.06735379326166455,0.6561083313429937,0.9468791520292609,0.10401533193899053,0.5518516184949247,0.9249654720180146,0.07166052485094354,0.5259953798714656,0.9164751613054483,0.051198401126423605,0.5186888482125328,0.987141623623663,4.666666666666667
0.39526899492083395,0.6675731292693177,0.91123217151542,0.4000283891949206,0.19394564295398595,0.9826155417348141,0.36467241365510517,-0.23889946876306023,1.0243617940235388,0.3118741293612421,-0.24869142420602633,0.8262360234413076,0.37976952541529746,-0.2588994202859773,0.848318805966831,0.3486414361611669,-0.31079038761716876,1.1089115443363433,0.18218951188204127,0.6623258685521511,0.9465349013664672,0.17695560830279627,0.1950277795449034,1.0162522447662736,0.1858646773112052,-0.20251534224985784,1.036636057895252,0.17171448315598348,-0.24704415706806368,0.8644494008544547,0.12097753905346817,-0.24791348796705,0.9023279398301106,0.20622005738086635,-0.30520517599596886,1.1129932830825462,0.3058133758957598,1.2749785441547945,0.9369303620758013,0.33375369658432363,1.5490456742815666,0.852936777278235,0.31215764631444637,1.3863774367857764,0.8196942757898416,0.47476799158296973,1.1976038337036274,0.9105240555334355,0.43959957636590913,0.9556977337333753,0.7829461264513111,0.31506691866418596,1.1640870383302087,0.7908532401087768,0.2803564736924079,1.2752139510109597,0.8608363997404119,0.27166233690862257,1.2955473477747508,0.7582745212558961,0.25825182108455563,1.2286248068306826,0.7241137581009687,0.13548180624698858,1.2023446308581314,1.0162602494646056,0.07732880373272777,0.925696483511965,1.0115469400825372,0.06879417211802744,0.6565517688784249,0.9450326502396917,0.10453087842042845,0.5526497121665472,0.9224177881078868,0.07070143615521103,0.5269250666104315,0.9158029831779945,0.051791743090257025,0.5197682938599737,0.9849572854783152,4.683333333333334
0.39526599027791487,0.6673730994276037,0.9112099619915517,0.40016947202437875,0.1936995498756025,0.9821143621390993,0.36410520966949844,-0.23839560932498594,1.0228416624319692,0.3117694018723445,-0.24867605547199068,0.8261584143071593,0.3797009008193235,-0.258790096681498,0.8481211677862079,0.3484650829646579,-0.31070602400404307,1.1084518855635788,0.1823146565168018,0.6622116677919319,0.9459413501317309,0.1769237985423429,0.19497854070467235,1.0162678701252366,0.1856029780098089,-0.20299970218713326,1.0364609944041059,0.17171158859126062,-0.2470847582011222,0.8644375675951275,0.1209844374328341,-0.24803244675184727,0.902429582367616,0.2062709792288085,-0.30517568313092114,1.1130284144526708,0.3059460905559008,1.274719855231516,0.9371300640516571,0.3340397526610249,1.5490734696885535,0.8504089515151505,0.31200758289530306,1.3860946896989805,0.8217750739980805,0.47520905669080105,1.1978935707101215,0.9078714546292967,0.44026957607364803,0.9548163099864129,0.7837704587921747,0.31525987908585257,1.160265205717576,0.790961113430073,0.2786894928215161,1.2743396241354086,0.8602926931828292,0.27071908293420416,1.2944673773916,0.7561090781285382,0.25715372585702406,1.22644134268753,0.7258897504870037,0.13698897294724158,1.2013810249207162,1.0185308968822406,0.07770806816058241,0.9258098067863021,1.0104220300405766,0.07013921376699343,0.6569161445548279,0.9439760383460466,0.10474589615081531,0.5532061296246507,0.9204296569160445,0.06973104870206931,0.5270350148709925,0.9157920649470976,0.05212654122461754,0.5203133821590606,0.9836722167393338,4.7
0.39526353580997126,0.6669653636210156,0.9112369331097709,0.40023957459034065,0.19333031349828428,0.981723731805122,0.36354238473360395,-0.2379161563715249,1.0213300541440538,0.3112184468503848,-0.2486410515718193,0.8261012354805581,0.37964794690125525,-0.2586762327169985,0.8479160492947774,0.3482506899116655,-0.3106058565412095,1.1078952619768128,0.18242754695862556,0.6619604230681124,0.9452961789299682,0.17674437001196866,0.19501155068263087,1.0162844333563372,0.18532634654555621,-0.20342763570419192,1.0362634048282648,0.17175377712001705,-0.24722018279104607,0.8645675209061877,0.1209869537556631,-0.2481217365593341,0.902505782956429,0.20632300592779623,-0.3051659271926758,1.1130871816911119,0.30608042586162976,1.2742223279256673,0.9372571844505659,0.3343341518368661,1.5491068154779457,0.8476393330543454,0.3120748237541685,1.3858526568109377,0.8224718508813229,0.4759290756070004,1.1982029302930668,0.9050461466298225,0.4414816646063522,0.9537256899222551,0.7852849525329566,0.31536416969391845,1.1557644212220535,0.7910990729132283,0.2768704608043961,1.2727568093975143,0.8589775071260239,0.26963901337155616,1.2931470025939331,0.7535063487494269,0.256088177431211,1.2247789781908385,0.7271538631591892,0.13828526499070998,1.2004678028862794,1.0201063876131409,0.07782069412969486,0.9257260689112725,1.0101609354665324,0.07113816484375203,0.6570495083215971,0.9437602996385362,0.10476218965521022,0.5534446091003126,0.9192738690673493,0.06900946028363832,0.5264915622628049,0.9160037639684031,0.0522053895052166,0.520398765879815,0.983314641380511,4.716666666666667
0.39526458337204956,0.6663706225019218,0.911294149913241,0.40024234489885613,0.19281471707792247,0.9816028019583449,0.3631195727717309,-0.23754919249088513,1.01999218439144,0.3103952714169446,-0.2485198120053737,0.8259438537594284,0.37960751167248347,-0.25857849214539863,0.8477331122461856,0.3479932351252145,-0.3104848575268336,1.1072286614693314,0.18250152778174983,0.6615320050645661,0.944709932593854,0.17642626901834532,0.19508927052006375,1.0162944254796646,0.18506209487754105,-0.20375820525343652,1.036072471632438,0.1718535826662039,-0.24746601027109635,0.8648795048574929,0.12098561200900432,-0.24816340570184095,0.9025428132529543,0.2063709570711297,-0.30515527235070816,1.1131416454524956,0.30619009699873834,1.2735642777638247,0.9372764969368363,0.3346873519216901,1.5491292278575464,0.8451585886217323,0.31218596869067033,1.3857722139689368,0.821480319766243,0.4768482128801436,1.1984828271551642,0.9024230125926959,0.44306870948670424,0.952544815167794,0.7872967006641619,0.3152793923676558,1.1508918007660176,0.7911481120906301,0.2751108353283755,1.2704019069519075,0.8571593394163355,0.26866566356738114,1.2916454429400823,0.751011685014347,0.2551803007318928,1.2235760616000053,0.7277430831307963,0.13923612050487577,1.1997173535305412,1.020881292376874,0.07775661771479642,0.925562285248292,1.0103738857450333,0.07156605935857327,0.6570026406266314,0.943993715281244,0.10459438944948363,0.5534636276853194,0.9189254852558046,0.06868143704774068,0.5258092234588614,0.9161503375705651,0.05214204936668057,0.520263757194055,0.9835016162600173,4.733333333333333
0.39526242388652244,0.6656445457630129,0.9113536946035818,0.400181984598777,0.1921680175881106,0.9818558375098818,0.36290724442518335,-0.23737817857288246,1.0190395679432929,0.30943600065982985,-0.24812551422713203,0.8253797294173633,0.37956840555965377,-0.25849764759905763,0.8475765298184399,0.3476984603756066,-0.3103436290425421,1.1064671936144654,0.18250900685291138,0.6608868079441557,0.9443627401489463,0.17600361573088066,0.19516215927008068,1.0162899068038183,0.18481753838975706,-0.20396623857284696,1.0358805519827279,0.17193371080587777,-0.2476611777626039,0.865141737071985,0.12098252222682507,-0.2481517874512698,0.9025336779784345,0.2064036493677985,-0.30511280603024976,1.1131740115528943,0.30623699657038767,1.2728521379884108,0.9371633442696823,0.3350121445864964,1.5491174055251904,0.8432719396928077,0.3120796417819568,1.3858854359549977,0.8192003858721715,0.4778046550509684,1.1986873981256656,0.9003667166390996,0.4448738870370381,0.9515151660895096,0.7895256037987566,0.3149148746222642,1.1460127935016766,0.7910597018130975,0.2736322613403154,1.2673520478505313,0.8555798380112638,0.267884608018003,1.2900450545303577,0.7488479007559536,0.2545308658945962,1.2226082923871227,0.7276956577794209,0.1398256191819012,1.1991857097894736,1.0210652024111968,0.07765288645089097,0.9254578893443488,1.0105556560003213,0.07140373429180928,0.6569620336395142,0.9440897444552223,0.10420386488280506,0.553514992280359,0.9190308351983575,0.06871414353009273,0.5254712280087741,0.9162148538541076,0.05208532084466484,0.5201436425539945,0.983677869053958,4.75
0.39524765159601544,0.6648450502431781,0.9113960742971422,0.40007469568493864,0.19147793071339497,0.9823936936351632,0.36290203870435006,-0.23746562415416064,1.0186624865544565,0.3083853272618017,-0.2473095945104722,0.8241756003957286,0.3795199715204883,-0.25843377404747236,0.8474497383949929,0.3474025166055254,-0.3102024606015816,1.1057078548168635,0.1824574341568742,0.6600510899667541,0.9443387870306756,0.17553715553814314,0.19519342450011573,1.0162618860154946,0.18456556055115222,-0.2040241283649629,1.035658992564791,0.17183648058360385,-0.24749421157707938,0.8648815727264331,0.12098042154678718,-0.24809284764403575,0.9024809675117655,0.20640324755781436,-0.3050061024541188,1.1131566207862433,0.3062055341842331,1.272179314450275,0.9369011722205857,0.33519512812335195,1.5490642323210024,0.8421672507062706,0.31157529817963125,1.3860683962593936,0.8166466856644761,0.4786546132233622,1.1987836047710931,0.899166387436101,0.4469027496707452,0.9508451693355007,0.7916694536637006,0.3144439996208409,1.1414137929272827,0.7908865629452704,0.2726171843499215,1.263737965137652,0.8551356871628404,0.2672556019002151,1.2882746015378566,0.7469798778512,0.25423904854633683,1.2215783940222986,0.7273007821707226,0.14010918259148517,1.1988756919629984,1.021007066226204,0.07758754775323211,0.9254773477789212,1.0104661975422657,0.07081117822415776,0.6570340476374079,0.9437945971939936,0.10358701360996644,0.5538310819190662,0.919142447127052,0.06893734175959368,0.5256645616719066,0.9162479091764099,0.052099920321418317,0.520088344337857,0.9835964738306594,4.766666666666667
0.3952186668112182,0.6640165650923637,0.9114194247770477,0.3999406055383597,0.19084364584451086,0.9830504453984416,0.36303719597201944,-0.2378244025084602,1.018894018888852,0.3073049532397326,-0.24611129433312637,0.8223897792644337,0.3794605697023753,-0.2583955314166672,0.8473673601761732,0.3471744761666017,-0.3101058183821599,1.105139779524253,0.18240348521788674,0.6591385257303797,0.9445028267757898,0.17508488919174583,0.1951792952852316,1.0162089497937872,0.18427565388695732,-0.20394155233019925,1.0353999356226011,0.17143422883058915,-0.24671717680893787,0.8637150970361194,0.12098376995913268,-0.24799956494187725,0.9023959703926772,0.20636250284329558,-0.30484531049931796,1.1130704582039936,0.3061671249888509,1.2716204041348624,0.9365055188818778,0.3352198361616263,1.549021847085772,0.841861993796939,0.3106483139163513,1.3862130632596263,0.8148889735535875,0.4793676696520601,1.1987739298967168,0.8988654510444656,0.4492020374504193,0.9505171818012091,0.7933929859762738,0.314334948640395,1.1372924398419109,0.7907419965242894,0.2721426214884481,1.2597251374372602,0.8561805241357995,0.2667675918041037,1.2861286761614248,0.7454402256517553,0.2543620880387423,1.2202775371036054,0.7269167576631161,0.14015730677485647,1.1987555701411843,1.0209255802438841,0.07756181637293673,0.9255936585103924,1.0102031437551022,0.06993333796580406,0.6571350936920005,0.9434372776734488,0.10281064271563717,0.5544864017996203,0.9189969537006549,0.06915898760576134,0.5263492362598264,0.9162138567849769,0.05211816874883732,0.5199701351908985,0.9835383293536646,4.783333333333333
0.39518335328041443,0.6632242866189212,0.9114366459035361,0.39978659121513804,0.1903014775831341,0.9837628332968043,0.363213373198148,-0.23838115661379558,1.019549949149713,0.3063749339242442,-0.24471662962660212,0.8202980399629399,0.37939767575527894,-0.25838330469009185,0.8473349381494202,0.3470781541145297,-0.3100977486165838,1.1049383958748376,0.1823929624184888,0.658280562815277,0.9446362618226664,0.17467636972676542,0.1951328657439041,1.0161461623021208,0.18395085888653886,-0.203799504683249,1.0351351622338612,0.1707061265750504,-0.24528940670452823,0.8615728831531015,0.12099699694317001,-0.247889821998841,0.9022963283314029,0.2062970440690205,-0.3047117206547141,1.1129440471017222,0.3062648060467325,1.2712386191219895,0.9360476190267955,0.3351702868111839,1.5490951889205398,0.8420882120455464,0.30937222844420176,1.386354822113769,0.814538676121427,0.48002228061223995,1.198706987361049,0.8991513325041314,0.4516583909649431,0.9502324867734647,0.7943731558356641,0.3150820283174814,1.1338234656528334,0.7907136984499628,0.2720826024341315,1.255631772733727,0.8579541070686101,0.2664614813979551,1.2835249257275891,0.7443650074348682,0.2548191906239382,1.2186890527782581,0.7266909827233221,0.14007378226569453,1.1987831743614117,1.0208912848427756,0.07755415222377253,0.9257362484617203,1.0099901383536132,0.06880369748845377,0.6570802964316267,0.9436338399666169,0.10199426260963629,0.5554140554892764,0.9185450654536758,0.06927820132974263,0.527414507007107,0.9160570881583936,0.05200017395319739,0.5196762050089834,0.9840360301072688,4.8
0.3951510547843968,0.6625728195786105,0.9114595642988659,0.39960834900939596,0.18983932746250332,0.9845667562710203,0.36332099610846486,-0.23899654354108973,1.0203397812985784,0.3058717911484764,-0.24333969083942422,0.8182080544935632,0.3793395966593884,-0.2583829677923658,0.8473374742171628,0.3471239611826122,-0.31018637905704677,1.1051284367722465,0.18240525344119335,0.6575634941639432,0.9446510014672915,0.17431754362655533,0.19506148284733693,1.0160941051560117,0.18363783273754797,-0.20371367472599433,1.034917780513174,0.16974341746038726,-0.2433865582777026,0.858716474415042,0.1210204185608369,-0.24778126253722893,0.902199880826465,0.2062342791493563,-0.3047140421135792,1.112845692408139,0.3065808667217924,1.271068122939845,0.9356125797127863,0.33512988417555895,1.5493722276272597,0.8424211686190778,0.30791868888204565,1.3865638450110258,0.8157111880262182,0.4806932179149044,1.198644972412834,0.8995659119068495,0.4540413147057968,0.9495938277398794,0.7944745524688607,0.316912728768998,1.1311516672204267,0.7907816384752077,0.27218014218335485,1.2519689464867299,0.858954161004617,0.26632273153212266,1.280653611116733,0.7437528269218232,0.25541665426979815,1.2169238682182575,0.7265424044496429,0.1399825090389939,1.198936598325007,1.0209330908621006,0.07755079185907762,0.9258432798301243,1.009978304723722,0.06746227100141425,0.6567549436219748,0.9447511724784728,0.10125207272066239,0.5564624485253075,0.9178928726994509,0.06929513960694933,0.5287150536482115,0.9157948295646552,0.05164578830584794,0.519260449401847,0.9854008692200877,4.816666666666666
0.39512434248875883,0.6621456757478952,0.9114837948552432,0.3994029695005527,0.18944701268439806,0.9854957801170185,0.36326905485330824,-0.23956228152088063,1.021106686596633,0.30594147612188605,-0.24214411681880293,0.8163543178529414,0.3792897054534456,-0.2583828860752161,0.8473548543811316,0.34725768927251893,-0.3103320059348315,1.1055532774156798,0.18238516058105167,0.657034577877518,0.9445987341713469,0.17398985317026175,0.19496502870113014,1.0160600464558214,0.18340140568640795,-0.2037574088548997,1.0347926075076357,0.16875227828037528,-0.24141061466864167,0.8557569252475322,0.12104950632061669,-0.24768741560408675,0.9021203257856408,0.20619426536337132,-0.3049112225247695,1.1128249217218593,0.3070583323717535,1.271073892154387,0.935229777775648,0.3351027548863562,1.5498782793269548,0.8425591095017236,0.30659891238509557,1.3868072587558913,0.8180832387291088,0.48139541442529676,1.1986158213087876,0.8998624430197525,0.45624682237090186,0.9483867347156012,0.7938841783676943,0.31968694999474057,1.1292384755838563,0.790821025652785,0.27231373117346563,1.2491663908433777,0.8579820781495598,0.26625502797598455,1.2777907097356633,0.7433929354348243,0.25604388677951395,1.2151284050133133,0.7263599103628613,0.13994195186646335,1.1992240502489055,1.0210278578130643,0.07754169803560094,0.9258951791902715,1.0101642308102152,0.06609747575580567,0.6561918304535493,0.9466755135272154,0.10063174670212076,0.5573980303511827,0.9173755881224078,0.0692471747434899,0.5300138611607421,0.9155024480296198,0.05105788032602629,0.5188825386520637,0.9875355069949141,4.833333333333333
0.3951007943573077,0.6619325581430873,0.9114967350431885,0.3991725647350043,0.1891274349413685,0.9865431023060834,0.3630280521173028,-0.2400634445312236,1.0219376531935946,0.306368083339405,-0.24122937559615837,0.8149098798567849,0.3792505229187484,-0.2583835456462676,0.8473782682435789,0.34738741324801287,-0.3104639462231466,1.1059533740290972,0.18229866335961314,0.6567229127269469,0.9445541285416538,0.1736469606091521,0.19484357992390372,1.0160354088092836,0.18328842855976799,-0.20390228543029704,1.0347745732137827,0.16801116815865863,-0.23990906004501852,0.8535312723002884,0.12107806687252065,-0.2476173143168839,0.9020653680353069,0.20618105187560307,-0.30527330331692554,1.112875928005044,0.30760484097423063,1.2712100318628736,0.9348851446446202,0.3350547142105843,1.5505712610132854,0.8424454014090985,0.3057736107081485,1.3869712333882538,0.8207953525217493,0.48213778478565006,1.1986103399288852,0.9000621970187724,0.45837263451293675,0.9467562775992335,0.7929829559604562,0.32301595085143797,1.1278385122801657,0.790709647053033,0.27265311860596647,1.2472677639089047,0.8547826369488668,0.2662172364366834,1.2750115025753803,0.7431627369720546,0.2568098074790013,1.2134616860194796,0.7261108047792827,0.13992143822638373,1.1996718523297645,1.0210848993997328,0.07751774197733596,0.9259050296935174,1.0104354776395348,0.06497747834060447,0.6554933034380988,0.9490763867094897,0.10010949276215489,0.5579454372537446,0.917495698288031,0.0691605871942177,0.5309824033517258,0.915253681220258,0.05032027161892039,0.5186616357861675,0.9901003292926858,4.85
0.39507849198365896,0.6618470648251775,0.9114956228005582,0.3989210664901161,0.18888228471237578,0.9876772503282107,0.3626592414767063,-0.24053967289947603,1.0230036769974473,0.306711239868093,-0.2406563919316277,0.8140190560557332,0.3792272748236636,-0.25839227920087926,0.8474117928114393,0.3474328239597467,-0.31051435603084454,1.1061063680448167,0.18214181144705122,0.6566358100428249,0.9445501421187796,0.1732451236813586,0.19470925860750288,1.0160066868068651,0.1833110567943568,-0.2040364282234768,1.0348473932205409,0.1677486236629253,-0.23933443262542897,0.8527281883758737,0.12110152773395119,-0.24757300158005194,0.9020343405168286,0.20618499223948367,-0.30570668387501765,1.1129538973734543,0.3082681535627363,1.2715549245041204,0.9346135428481144,0.3350250749799639,1.5513267941067599,0.8422572473668721,0.3056595911981026,1.3869936418135824,0.822688113031854,0.48292979067459585,1.1986138787951552,0.9002524880055847,0.46048164385496937,0.9451660762211758,0.7920847147081316,0.3264382061176323,1.126816858826662,0.790424852561338,0.27351714138535993,1.2460295496906404,0.8499117851534106,0.26631262576054726,1.2722135019344476,0.7432520475663678,0.25793882664131357,1.2120729502121068,0.7258171037146208,0.13986425506584915,1.2003247375103834,1.0210334998111497,0.07747729736752931,0.9258894826270074,1.0106793790706994,0.06420554365181591,0.6547067674594146,0.9518096870268452,0.09962654427097403,0.5579228679353521,0.9185741529687181,0.0690352901087539,0.5313989929489037,0.9150814130546756,0.04954998265727696,0.5186314096396414,0.9927168842123069,4.866666666666666
0.3950540423110186,0.6618106713158487,0.9114844812537795,0.39865195622315097,0.18870711380477107,0.9888604857030114,0.36230831537389036,-0.24101512709940132,1.0243272083378714,0.3066583751621152,-0.24041435595940774,0.8136929483998382,0.37922119840699997,-0.2584136783088544,0.8474583223439678,0.3473674301745425,-0.31044533589556916,1.1059461030832065,0.18192639281434325,0.6567521485416152,0.9445706977937416,0.17277540742927808,0.1945997211607271,1.0159647166035366,0.1834403348217304,-0.2040641547187386,1.034975870409443,0.1680466173009871,-0.23985417004366053,0.8535940759795265,0.12111839181597236,-0.24755153644720107,0.9020245433698257,0.2061943820968369,-0.30612161117429,1.1130159136674314,0.3092286511951322,1.2722853503650913,0.9345233356182954,0.33516648641297075,1.5519393976101827,0.8423647623781615,0.30620676807982605,1.3869512923187348,0.822955760110393,0.48371323299291114,1.1986222349518472,0.9004594777426314,0.4624015923249828,0.9441597689905001,0.7913457313213379,0.3294957928167014,1.1263765076865169,0.7900383256638188,0.2751163484649894,1.2452400077459678,0.8444166185611995,0.26667265774628024,1.2693956717736619,0.7439232497898989,0.25954346359896907,1.2110439625304041,0.7255190484285107,0.1397635009153656,1.2012207372265817,1.0209113375221839,0.07742851398848251,0.9258685189780996,1.0108394432612198,0.06360742545763792,0.6538094311186862,0.9549372639288262,0.09910983591897934,0.5573569213780588,0.9205292396929707,0.06885754477469572,0.531382330148382,0.9149732103158105,0.048866930115524024,0.5187783753482961,0.99503931244008,4.883333333333334
0.39502028516078397,0.6618017466389565,0.9114619643933551,0.3983687799918409,0.1885948323311026,0.9900628903737003,0.36213978102022926,-0.24147289255096138,1.0257188969250124,0.30612880612050875,-0.240329481133722,0.8136563640946517,0.3792239553398158,-0.2584375915158776,0.8474998345590757,0.34722605559959846,-0.3102637431604079,1.105577891455126,0.18167374571427714,0.6570326896486391,0.9445558710854013,0.17225983324019054,0.1945681072113284,1.015907627263804,0.18361908902987614,-0.2039749376930339,1.035120976356951,0.16881661542635779,-0.24130430568695607,0.8558652517290798,0.1211294615720705,-0.24755154567127682,0.9020403072133363,0.20620908016174283,-0.306478528021159,1.1130548453281062,0.3105879142157296,1.2734880065186018,0.9346848753287635,0.33566758262181773,1.5521761585564198,0.8432154343122287,0.3071483581947816,1.3869808942616715,0.8215557494569672,0.48435931682989725,1.1986365963976744,0.9006576433961235,0.463871419059223,0.9440938129605956,0.7908328626577266,0.33183540320078764,1.126807272476883,0.789667085406464,0.27746845414571425,1.24484758740667,0.8396354050361778,0.2673223059742467,1.2667619319375063,0.7452041867097037,0.2615227586933656,1.2103368498745684,0.7252604341352477,0.13970207164415815,1.2023211003383474,1.0208359999549792,0.07738102667816583,0.9258696088301616,1.0109028825786783,0.06291317124692766,0.6528038294064729,0.958370553158232,0.09850364001419791,0.5564584701907012,0.92302512912961,0.06863179996122645,0.5313021118274487,0.9149164333441642,0.04835056297311083,0.5190706732039079,0.996766069640165,4.9
0.3949734502153579,0.6618185615795775,0.9114274735194041,0.3980786479054945,0.18852607755322928,0.9912703748416798,0.36222066772385314,-0.24188597724215485,1.0269607962650573,0.30514537263209435,-0.2401190876398532,0.8134677041137952,0.3792233990379684,-0.2584391818093063,0.8474988217143267,0.34708340526473636,-0.31003570216889936,1.1052061070186179,0.18140624173848158,0.6574333834673284,0.9444369399494507,0.17172747200001298,0.1946330450036881,1.0158404384844557,0.18380368438982908,-0.20381817710728767,1.0352538823497208,0.1698228790855455,-0.24323481336993086,0.8588408044297653,0.12113658843131038,-0.24757015362353366,0.902081849777436,0.20624123251928292,-0.3067829851803424,1.1131035302124177,0.31226666621026367,1.2750542307784385,0.9350248328547579,0.33664038092254256,1.5518652151963284,0.8451418306930921,0.30817201730257915,1.3871340248681747,0.8190828314293546,0.48475111984055397,1.1986591686801369,0.90081544471902,0.46481563519364083,0.9449855140595455,0.7905518512078916,0.3333738802973766,1.1281300404284023,0.7894402726277862,0.2804840298390119,1.2449016541307931,0.8369130919000676,0.268184556480928,1.2645562291798849,0.7469125040935053,0.2636653410841078,1.2098579067779622,0.7250773491801609,0.13981106441862212,1.2034823870311329,1.0208702030938737,0.07733764647526566,0.9259062199436673,1.0108795477167383,0.061980916533380975,0.6517630537455484,0.9617368830522204,0.09782259916215857,0.5554843193030492,0.9256969813503017,0.06839813162638345,0.5314488830021976,0.9149394484574664,0.047977267351206256,0.519444184843447,0.99770465579386,4.916666666666667
0.3949222094145197,0.6618226190786938,0.91139452796201,0.39779622594641484,0.18846484046769169,0.9924840416859894,0.36247399769026734,-0.24224315433520635,1.0280196441238936,0.30378967589341377,-0.2396421744043929,0.812908525623807,0.3792110712633533,-0.2583974113170076,0.8474240340926333,0.34701326339765337,-0.30986587325138515,1.1050183733621473,0.18112767894688625,0.6578999959146021,0.9442233213229189,0.17119951067648956,0.19474526551849286,1.0157714647698155,0.18398816446490024,-0.2036488557706846,1.0353589836648265,0.17078095398129045,-0.2450994502262005,0.8616783728071101,0.1211424493780594,-0.2475940449929894,0.9021281263549169,0.20630166407349795,-0.30705178985566356,1.1132009470927455,0.31412919210040685,1.2767369210520316,0.9353611126958574,0.3380571506632954,1.5509907596631165,0.8481742855239864,0.3090752217030854,1.387353599921631,0.8163265710626906,0.48486847027603186,1.19869668193446,0.900922689656755,0.46535892878427576,0.9464989442141665,0.7903995337277976,0.3342986791598762,1.1300643730998454,0.7894474832178139,0.2839368284278858,1.245440111335956,0.8370262852349328,0.2691376791207106,1.262912287393255,0.7488252027664245,0.2657861807580278,1.2096197961594461,0.7249991032255666,0.1401541810597525,1.2045061267605595,1.0209448874195761,0.07729426764289105,0.9259597401271837,1.010794562089635,0.06081845604905792,0.6507779076874095,0.9647003940441206,0.0971574657785397,0.5546218312742548,0.9282031116741791,0.06821010611159538,0.5318907831239522,0.9150597925122242,0.047638802666309765,0.5197782450460907,0.9979086561682766,4.933333333333334
0.3948861770765088,0.6617548084036755,0.9113849267559884,0.3975440072796289,0.1883866925420537,0.9937109842560317,0.3627949448829779,-0.2425473879432399,1.0290220764362952,0.3023247875795719,-0.2391135464637333,0.8122858536109958,0.3791862695973114,-0.2583084273072918,0.8472739633802697,0.3470530283575845,-0.30983436890027877,1.1051011645994535,0.18082077675780941,0.6583550516281242,0.944038115583303,0.17069190722516384,0.19483452839214255,1.0157057367357045,0.1841837417687577,-0.20349493952597333,1.0354378032703548,0.17148471657855463,-0.24649849049372316,0.8637724495600098,0.12114994729483027,-0.2476006263285789,0.9021462071566924,0.20638882068730896,-0.307279007545195,1.1133494474911756,0.31610545966527165,1.2782602058471781,0.935522518735642,0.33976384722183967,1.5497239521030757,0.8520065193027642,0.30979542454539205,1.3875518630110981,0.8138647016990861,0.48481269364573376,1.1987627124705578,0.9009821631922512,0.46562190821280897,0.948066077965317,0.7902152729898382,0.3348985508375534,1.1321761287918135,0.7896813702768445,0.2873297502249859,1.2464188910048082,0.8394047871687859,0.27004236323506303,1.2618899246370372,0.7507370826829314,0.2677205665102653,1.20977188313508,0.7250583962802697,0.1406127796400513,1.2052356165296834,1.020947852016735,0.07724380096000409,0.9259874728859968,1.0106831147113025,0.05948742000544477,0.6499223007232224,0.9672519735642355,0.09662807012779824,0.5539818833141669,0.9301983528226518,0.06809971644046237,0.5325708951119719,0.9152271128160577,0.047249311039120986,0.5199437886075483,0.9977163266042517,4.95
0.3948830425658347,0.661563556170148,0.9114057387505952,0.3973482157705946,0.1882903187904419,0.9949472207474908,0.36317541773409695,-0.2428188652568233,1.0300777343830276,0.3012744654521801,-0.23903535036757748,0.8123266003217967,0.37915883315689547,-0.2581852865614952,0.8470834153033003,0.3472028461793549,-0.309962778011654,1.105449235183455,0.18047153079048003,0.6587140740146848,0.944022190345794,0.17022066542061212,0.19487557053003868,1.0156428297148326,0.18438559959228576,-0.20335774025560624,1.0355146553069017,0.1718515152867705,-0.24726348635399995,0.8648832975666882,0.12115950276956389,-0.24757132862533918,0.902116718581025,0.20649047847427557,-0.30743529479800585,1.1135122573054177,0.31814168780594226,1.2793951567268205,0.9354068570340237,0.3415544425061409,1.5483374825885798,0.8561251850426788,0.31035845646190047,1.3876792985747757,0.8120093352772331,0.4847322145648265,1.1988586882640653,0.900962618538012,0.4656878018105981,0.9490786018772728,0.7900756791261321,0.33542200362090235,1.1339916489732809,0.7900343891777657,0.2900225016237674,1.2477324241500023,0.8421326775583681,0.2707519247139959,1.261553649873574,0.7524167588233095,0.26925137222737094,1.2104287756841552,0.7252657975176586,0.14094741660169396,1.2056485123460623,1.0208485533595308,0.07718236335103942,0.9259614129488396,1.0105958153394057,0.05807428736088845,0.6492774052867504,0.9695275631276762,0.09632362681586001,0.5536255919947211,0.9313976445555212,0.0680683441397621,0.5334002293462167,0.9153747040691969,0.046781307548962175,0.5199341682158596,0.9974912574265136,4.966666666666667
0.39491532102547,0.6611899645164593,0.9114408669465872,0.3972301448297757,0.18816631485957944,0.9961660149424137,0.36366673107744063,-0.2430696018636695,1.0311514712999845,0.3012017135357285,-0.23981188269210232,0.8136091377908423,0.37914449449855125,-0.2580555429346589,0.8469086751026063,0.3474459288598248,-0.3102361106728866,1.1060204704536438,0.18008118061606482,0.6589286349281848,0.9442394649315237,0.169800532134103,0.19488706732405142,1.015580652411452,0.18455800363830424,-0.20326022708597433,1.0356112270372186,0.17191358219745562,-0.24744586725096498,0.8651062000094959,0.12116663444581195,-0.24750928589839366,0.9020484772074551,0.20659280095427704,-0.30750867446957925,1.1136505370010428,0.3200472235368842,1.2799928848926647,0.9350131084755315,0.3432687718480647,1.5470859841618045,0.8599496400807074,0.31084953901144485,1.387761057848935,0.810946050836666,0.48471503301780383,1.1989388915226404,0.9007688033311989,0.4657665438129482,0.9490478510712727,0.790473605392821,0.33600739542632774,1.1350901308139045,0.7903354108247055,0.2916256246643906,1.2491751719378597,0.843136235270951,0.2711496645349353,1.2618255102224682,0.7536078184538795,0.2701670440438102,1.211502795047131,0.7255302277605102,0.14105542587538553,1.2058333759991688,1.0207021085919201,0.07711198561851623,0.92592994729005,1.010590228256712,0.05672763917535202,0.6489369815700772,0.9714427035275542,0.09624599265321501,0.553540451054695,0.9317550808578874,0.06809873604500935,0.5342763431697386,0.9154750695690861,0.0462293693478832,0.5198970576258307,0.9973083070640875,4.983333333333333
0.3949704289475709,0.660619562983529,0.9114822398161166,0.3971961806669161,0.18799785508193637,0.9973219734562856,0.3642608752338558,-0.24326353242112597,1.0320613913890295,0.30229678475255145,-0.2414241945595834,0.8160843795057467,0.3791571997147082,-0.257955145490858,0.8468023943117018,0.3477638171409843,-0.3106394365611075,1.106771626641225,0.17965418329660132,0.6590022770891458,0.9446859717705144,0.16943906373451312,0.1948942240722661,1.0155177383176852,0.1846455078335061,-0.20326301247558526,1.0357065496456421,0.17180576384388752,-0.2472993863131491,0.8648334973468831,0.12116530916938884,-0.2474457632234658,0.9019739739389822,0.20668940463429641,-0.307534439684006,1.113749138582596,0.32144835768835667,1.2799998526127294,0.9345688074188327,0.3448302766137806,1.5461497927639656,0.8629483613741379,0.31138220464780597,1.3878832735385653,0.810696936873999,0.48475811389655654,1.1989176630984455,0.900360386864296,0.4662063857226688,0.9477604566959874,0.7919839156769024,0.3366842200448642,1.135173808456888,0.7903854472747582,0.29223611318002174,1.2502610949045665,0.8412973251493268,0.27122786701747803,1.2621978797363642,0.754123318378196,0.27043443943241574,1.2127157998314273,0.7255760411679086,0.14105843289205497,1.2058809336020566,1.0205624923645762,0.07703020625658985,0.9260321702914648,1.0106691298212738,0.055627839609521085,0.6489744113308612,0.9727311521936706,0.09629606199013724,0.5536208456091716,0.9315693378244472,0.068166040605758,0.5350913446103409,0.9155108609249711,0.04562342855519256,0.5199608777135816,0.9970652837254466,5.0
0.3950374843805717,0.6599374482250677,0.9115738825309139,0.3972361811222531,0.18780084838073638,0.9983594743572443,0.3648425174154957,-0.24331951342147276,1.0325930913173855,0.30424399339059593,-0.24352036996302526,0.8192232805620533,0.3792094829544157,-0.2579152822960544,0.8468009035543431,0.34814239785567,-0.31117832905715664,1.1076694648223082,0.17919138340022084,0.6589532742134578,0.9453296622978773,0.16912159345441896,0.19490970159601712,1.0154541342239463,0.18460456878222878,-0.20339546251755397,1.035735545670124,0.17168966278591735,-0.24712957266797578,0.8645284963581135,0.12115380255697503,-0.2474210416201886,0.9019280641075083,0.2067841509854218,-0.30756095935426125,1.1138122863238962,0.32199632739649586,1.279508872118118,0.9345600775638735,0.34618932132358016,1.5456116754854283,0.8648019490411367,0.31204632540939936,1.3881252530522896,0.8110110214788867,0.4847998424013629,1.1987284929295792,0.8999766855558884,0.46736386309162914,0.9453765347243669,0.7949098344382834,0.3374410542305152,1.1341246181264895,0.7899970745921977,0.29227615170705573,1.2501759528109984,0.8366434581562027,0.27112405138952334,1.261792067124749,0.7538830956943698,0.27026071282668346,1.2136039803456249,0.72504941174297,0.14110723883137952,1.2058701926824056,1.0204418385067378,0.07692416045444063,0.9264210157145765,1.0107296168993842,0.05488236816679515,0.6494177129965899,0.9733429398504135,0.09634529391284241,0.553735657319159,0.9312746630194813,0.068240986014971,0.5357491124026869,0.9154494389111716,0.045032642679236116,0.5200658721282113,0.9968841981061983,5.016666666666667
0.39512492311850655,0.6592091814897021,0.9118102209084447,0.39732752139826577,0.1876219675025845,0.9992148016097002,0.3652696286306819,-0.2431435226972314,1.0326174571071822,0.30651862246180034,-0.24569760457862017,0.8224373923226573,0.3793133192121046,-0.25795095396369727,0.8469209156984903,0.34857385628305343,-0.3118668781494149,1.1086947750151395,0.1786984139856422,0.6587776752872809,0.9461156161333995,0.1688054870094364,0.19493270017215708,1.0153932507295307,0.18443422637927387,-0.20364911982814127,1.035636541556993,0.17164674833357585,-0.2470831702025136,0.8644135475963791,0.12113395650985093,-0.24745810213784578,0.9019303511985012,0.2068850914880538,-0.30759310800293066,1.113849949154457,0.3216389363633758,1.2787878025778838,0.935482829907051,0.3472691748021945,1.5454323474253249,0.865547740910416,0.3128637482488449,1.3885066481150137,0.8115102726450871,0.48476652936729286,1.1983443235273612,0.9001109702417855,0.4695335259947905,0.9422563114884508,0.7993520537143568,0.33822102714070823,1.1320099929852347,0.7891042652265225,0.29213026795352975,1.2481416774571126,0.829911255498742,0.2710230769934874,1.2598577925678955,0.7527497646202727,0.269944091862203,1.2132898186746848,0.7239391956994229,0.14124918058141794,1.2059248766067447,1.0203643569468963,0.07678173083464473,0.9271756453703155,1.010596973203904,0.05448273726352276,0.6502385380120408,0.9735760876572409,0.0963313160870197,0.5538215833303063,0.9311013689161431,0.06829348129040573,0.5361860180850002,0.9152814710968906,0.0444910942269517,0.5200103131917497,0.9971888977886143,5.033333333333333
0.39525562438438633,0.6583685640631445,0.9122620307126486,0.3974364726162477,0.18749771068469331,0.9998204341753705,0.36549960012594396,-0.24267588867011863,1.0321309903848015,0.30870324660236315,-0.24763190750231073,0.825258731364605,0.3794708924253662,-0.258053723136354,0.8471478296501105,0.34905323453732445,-0.3126844628430704,1.1098401124215942,0.17819642366345478,0.6584688373282384,0.9469519450097565,0.16845205219187287,0.1949557779291241,1.0153397604222525,0.18417335943870403,-0.20402029418567075,1.0354085809335656,0.17166637740441423,-0.24713021346430472,0.8644471275201984,0.1211063685946776,-0.24755556226733008,0.9019848070923476,0.206993448962108,-0.3075922197935651,1.113864938603349,0.32058935188630694,1.278110971049899,0.937525556697601,0.34799513111623304,1.545478055461991,0.8655358949588714,0.3137348774768872,1.3889903966042254,0.8119631058942045,0.48462303491415026,1.1977154755523047,0.901148477620246,0.47294115029816697,0.9386218637828636,0.8053352202168451,0.33884512484114915,1.1288746123086475,0.7879378286171109,0.2918663590377204,1.2440040185358359,0.8218338395565172,0.2710258155143865,1.256190272633985,0.7504344386568107,0.26968523601328903,1.210506379761067,0.7228197340590347,0.14149403136935965,1.2061558317907357,1.020414210585192,0.0765820298024939,0.9282560994893525,1.0101046322731437,0.054374751960392695,0.6513799794785812,0.9736284657405387,0.09627079506230796,0.5538907142023005,0.9310239170007638,0.06830593090783418,0.5364057805462725,0.9150537339197573,0.043948631413591746,0.5196259099739384,0.9983688991008738,5.05
0.39543522844480583,0.6573325710400417,0.9128675171775559,0.3975285857932982,0.18743162594572976,1.0001220515093345,0.365624868306743,-0.2419348821003897,1.0312536513537391,0.31052278158255786,-0.24906152570544884,0.8273140231449706,0.3796632725561614,-0.25818824317776634,0.8474246081412065,0.34956878527219937,-0.3135552021945887,1.1110886704805065,0.1777160237694013,0.6580491764029265,0.9477418128184534,0.16806240361379676,0.1949731751408888,1.015294698744999,0.18386867200486962,-0.20445031011454262,1.0351205583060747,0.17170980954702536,-0.247193121746222,0.8645190348418095,0.1210710862947694,-0.24769035351604252,0.9020767281121047,0.20709753934626884,-0.3075165406328529,1.1138472733439742,0.3191147436756761,1.27754778653822,0.9403716270110065,0.3483593747755177,1.5456028890521647,0.8652167541381064,0.3143982423734992,1.3895113226358804,0.8123097503509025,0.48438950338283066,1.196728610091886,0.903104139933014,0.47775128286607194,0.9344488604448374,0.8128330447343779,0.33911507439221367,1.1244362910330132,0.7870570462475521,0.2911967886573804,1.238464040895756,0.8126564160182517,0.27111916315566714,1.251130270070095,0.746827093939027,0.2695319881106256,1.20434871681167,0.7224658718367913,0.14189079628443946,1.2065068478550913,1.0206757643468911,0.07627288499873763,0.9294705669535632,1.009215800274874,0.05451910536545759,0.6527969066281638,0.9732186291184366,0.09620254280891291,0.5539794151078832,0.9309508510187166,0.06828734317731326,0.5364976963600788,0.9148439101885713,0.04330300427679951,0.5188767382209062,1.0005165033497845,5.066666666666666
0.395630278074103,0.6561503129436992,0.9133951294471766,0.397592667795233,0.18740356434307628,1.000104964620476,0.36580808570614143,-0.24101992307088105,1.0301898007300634,0.31176981463120873,-0.2497878343935266,0.8283283562021453,0.379852647915352,-0.2583062327855803,0.8476711184166411,0.35009830136288134,-0.3143888655435687,1.1123962734406738,0.17727063122032047,0.6575481155007898,0.9484820418986708,0.16766771034452085,0.19498307409486904,1.015255604087548,0.18355363071199526,-0.20481104937556838,1.0348532820020842,0.17175011068172574,-0.24722499507162668,0.8645638230537209,0.12103185164383512,-0.2478220028185943,0.9021677595656108,0.20717984911683773,-0.30734630167877863,1.113783064809683,0.31754213277170745,1.2770243562958423,0.9432770959118573,0.3484072854925918,1.5457151204585469,0.864928647007343,0.3144692732561628,1.3900115289187334,0.8124504376863485,0.4841125315743767,1.1952946654890637,0.9056935836085531,0.48392556386901364,0.9296764995304946,0.821713652737005,0.33905713150341027,1.11811756545207,0.7871492606175869,0.2897240030213161,1.2325134840965357,0.8023821366391972,0.2712039596232225,1.245205839293336,0.7423779755722502,0.26944234912925136,1.1950372909658655,0.7232818385435948,0.14248138238667735,1.206719714471872,1.0211157657368686,0.07582909149854902,0.9305016015788344,1.008181764051429,0.05487643924890393,0.654421768353039,0.971917458353957,0.09614666271457584,0.5541172397279461,0.9308448829601458,0.06826284962548344,0.5365806892499952,0.9147096459207742,0.04247795083078939,0.5178571443339087,1.0033867333626678,5.083333333333333
0.3957968582950775,0.6549530248995648,0.9135604050957267,0.3976453759113907,0.1873896206934638,0.9998397268166908,0.3661722233185498,-0.24006199159603953,1.0291094990575946,0.3123456339334397,-0.249790501046457,0.8282827610646467,0.38000017380852646,-0.2583785459479738,0.8478326436847406,0.35061834675395054,-0.31513032838385435,1.1137065738650975,0.17684475451843065,0.6569604389780522,0.9492972141780684,0.16729789340074244,0.19498546558915825,1.0152199925374459,0.18324585486813938,-0.20502770944586218,1.0346358195763694,0.1717747845158946,-0.24721553645131122,0.8645652822789032,0.12099489102719024,-0.24791136628468474,0.9022174785355268,0.20722917740409796,-0.3070853331401407,1.1136680599941795,0.3163152579628675,1.276529975175983,0.9455092302804036,0.3481594031000987,1.5457910354868611,0.8647929732775155,0.31364966692530266,1.3904753118009388,0.8121494127829625,0.4838366737250075,1.1934802282522494,0.9085245704887119,0.4909892032875609,0.9244577523257664,0.8315130099317675,0.33895729496278537,1.1094649775670444,0.7887363340460669,0.28723305695466594,1.2264650747597208,0.791204360004012,0.2711375744972346,1.2385945936174687,0.7379007730082017,0.2693927243065028,1.1837149277775094,0.725019451006343,0.14319102855433524,1.206499036529037,1.0215766799702584,0.07535589223400346,0.9310221515166303,1.0075828161448668,0.05539825590476506,0.6561367125616633,0.9696491813340667,0.09610155130490919,0.5543028417310819,0.9307099244889245,0.06823842839594842,0.5367078643250108,0.9146511275838958,0.04154437734600612,0.5167738769624971,1.00637044194773,5.1
0.39591937933578325,0.6538096849934942,0.9132380022563111,0.3977012343952004,0.18736299668781076,0.999505603316097,0.36672306803543264,-0.23915024474180727,1.028057077320803,0.31236800871400416,-0.24935567523071878,0.8275976538594279,0.3800867199131748,-0.2584186984694068,0.8479186644283423,0.3511130942708852,-0.3157640582248149,1.1149753825326825,0.17642171451552408,0.6562414114700426,0.9503313112316558,0.1669703272791473,0.19498090419664477,1.0151859327547643,0.18295217165780123,-0.20513460957295807,1.0344473171666428,0.17178082126778235,-0.24717932461007752,0.8645421244372119,0.12096319022665608,-0.24794157306723014,0.9022143881217385,0.2072437214986182,-0.3067462758969487,1.113509015297838,0.3158043758665896,1.276209792636185,0.9465675687481296,0.34761943461132033,1.5458439973888267,0.8647775739758393,0.31201260704137534,1.3909205334291523,0.8113295107658485,0.4835999894406736,1.1915176942740502,0.9112017852693867,0.49814040895067463,0.9191721295862101,0.8414536602475129,0.33914461141105,1.098513883471758,0.7919054338695772,0.2837540129734995,1.2196855673476386,0.7794605993560428,0.2707634609453703,1.2308751383026861,0.7339867902232673,0.2694212082988766,1.171407385625539,0.727098651781231,0.1438036648117612,1.2057176899129178,1.0219129493112908,0.07505106682082469,0.9307734926427476,1.0081895312577593,0.05603435683383451,0.6578183022422388,0.96672226335435,0.09605310363585155,0.5544655327853084,0.9305485439740673,0.06818964940285477,0.5368156758380778,0.9146235990089759,0.040747929031061295,0.5158899388337808,1.008612694294681,5.116666666666666
0.3960009440551763,0.6526858065637102,0.9125793940960892,0.3977535634353624,0.18729849800341883,0.9992871202035513,0.3673748804655284,-0.23830189345101208,1.0270111867824183,0.31213247819801027,-0.24894323687958453,0.8269489855167534,0.38011899362604884,-0.25847031230348094,0.8479900888329013,0.35157322287615167,-0.31629190561021275,1.1161740090351258,0.1760180139271407,0.6553373427585449,0.9516431373993665,0.16669478872670696,0.1949707256675512,1.0151503794354266,0.18266755702031345,-0.2051934025601338,1.0342556067307256,0.1717713916608561,-0.2471410934208736,0.8645306725914973,0.12093371767849068,-0.24791962122992395,0.9021777060356763,0.20722510975895908,-0.3063346470882527,1.1133122211198765,0.3161104205489158,1.2763012300655714,0.9459589116953966,0.34688507485578146,1.5458824610169624,0.8648521980125161,0.3099839250029204,1.391359380301523,0.810390573832078,0.4834410756797718,1.1896871217054596,0.9133398880782481,0.5047226809095966,0.9141952590222575,0.8509462569246917,0.3397743246477201,1.0858686262334936,0.7962392504446931,0.2794566226393734,1.2113801184341855,0.7674948839815308,0.26986661577003296,1.2213769958385587,0.730852406265134,0.26953564774992284,1.1582110778041181,0.7295635008455226,0.1441383578290397,1.2044809286036808,1.022094410752803,0.07502792120042112,0.9295703497245502,1.0106674331815428,0.056720233100918824,0.6593399982513174,0.9635938961500818,0.09598634211961883,0.5544747291608744,0.930362654059557,0.06809175235641772,0.5367595149816133,0.9145864549571936,0.040319104964185976,0.51543593727623,1.0093952497802388,5.133333333333334
0.39604103130058477,0.6514983479440215,0.9118954454105447,0.3977906043844722,0.18719916201986253,0.999231864529089,0.3680251511844359,-0.2374937808962733,1.0259766746424068,0.3118937299521713,-0.2488151369771643,0.8267232317862296,0.3801154094078764,-0.25856710793695126,0.8481003950842739,0.35199089433223935,-0.3167138465955769,1.117280809042978,0.17567815794283037,0.654232678265621,0.9532092143660632,0.16647923521904662,0.19495903105007345,1.0151089148478207,0.18236872657656866,-0.20521619089488452,1.0340357176662955,0.171752783721805,-0.24712129111149758,0.8645563423199581,0.12090133690298116,-0.247868907528672,0.902139591278251,0.207175768670728,-0.3058590814906191,1.1130815698021541,0.3170815226672459,1.276947019335273,0.9433374040518467,0.3462012100200195,1.5458898475326013,0.8650596570832958,0.30799187756994023,1.391798399561001,0.8099070107633362,0.4833999499056516,1.1881731003378098,0.9146097665634376,0.5104619382064375,0.9097822101467874,0.8597540396818987,0.3407832281908607,1.0725107624405519,0.8010203138697094,0.2745586669650878,1.2012214627110196,0.7557934418966594,0.26813940293138955,1.2095288203436871,0.7287794678262935,0.26963639162942465,1.143608925181434,0.7333290594872899,0.14424164837471143,1.2030212400075784,1.022186973860429,0.07522749468252436,0.9273795011318684,1.015180727733918,0.05736863242593971,0.6605420070396689,0.9606998128308121,0.0959019745452656,0.5542152154605735,0.9301926320977609,0.06794278346252669,0.5364174161111692,0.9145242249200097,0.0403160097867496,0.515551236623511,1.0084533899790604,5.15
0.396039964892845,0.6501840854319221,0.9114325772150841,0.39780966781401544,0.1870951944346091,0.9992666907925583,0.3686006774918368,-0.23669913577509683,1.024959367283269,0.3117284020935694,-0.24890057851381073,0.8268143174271806,0.3800912959227589,-0.25871108218651523,0.848258702298778,0.35235617973245503,-0.31701569958058673,1.118273095702399,0.17541950368572498,0.6529814496954924,0.9549565308029409,0.16633256361730936,0.19495739575784227,1.0150586834052837,0.18203955497214652,-0.2051988385466833,1.0337875218407386,0.17173156405483295,-0.2471290063096739,0.864614800017515,0.12086594855514843,-0.24782051855019352,0.9021289203279563,0.2071055986973513,-0.3053637730565354,1.1128356562201553,0.31838054214408906,1.2780612247332317,0.9390694263698038,0.3458147609042309,1.5458483254948714,0.8654192676209586,0.3062319118089993,1.3922391212393894,0.8100827628111764,0.48349507954254173,1.187001861593899,0.9149134486632993,0.5152514062800261,0.9062241783508915,0.8675194291007474,0.34201672204220124,1.0592605141317901,0.8055067213475724,0.26931374520662194,1.188890036062736,0.7451716307862218,0.2653049992330009,1.1947578270214287,0.7282428920004138,0.2695881250812445,1.1274003999179385,0.7389402685567832,0.14426609158725398,1.2015605699543563,1.0222763332998792,0.0755040748381591,0.9244486774356941,1.0212222170616518,0.05788264889882987,0.6613020358254482,0.9583859989843134,0.09582355683351745,0.5536400962362984,0.9301304283362101,0.067758802695855,0.5357695593257704,0.9144414392993452,0.04068335113017889,0.5162189343566992,1.0060539010829626,5.166666666666667
0.39600512988448033,0.6487605961278523,0.9112811376124086,0.3978115086413745,0.18701776762858743,0.9993096767750536,0.3690643637539651,-0.2358803733133819,1.0238436436646379,0.3116292334271081,-0.2490317119277838,0.8269711757960826,0.3800580053663858,-0.25888174211218423,0.8484422581369117,0.3526555344632828,-0.3171647274203905,1.1191204291356034,0.17518400362514505,0.6516967510265385,0.9567645450362006,0.16626517542217514,0.19498718093943246,1.0150039813562937,0.18170587236207678,-0.20518925156304063,1.0335505783784282,0.1717132218564926,-0.24716256073444637,0.864683688953078,0.12083380889583978,-0.24779623770456058,0.9021552665795203,0.20703652875798773,-0.30493971293476113,1.1126196249955884,0.3195452515713322,1.2794155426656633,0.9343304181480252,0.34573085096220824,1.545797325827251,0.865753993079058,0.3047353683907701,1.3926417122696322,0.8107459077180375,0.4836733413471216,1.1860988255781029,0.9145292631085873,0.5190236984063394,0.9038652505615459,0.8737160823666764,0.343374750018882,1.046291129607554,0.8090771565829938,0.26405713624021415,1.1736125402821878,0.7366666707329594,0.26133578733655777,1.1766506404486754,0.7292422781858816,0.26935701819864266,1.1098145033060056,0.7456920530725553,0.1442363305424071,1.2002708347006592,1.0223949396920966,0.07573727384165685,0.9212773486001226,1.027848223194247,0.058193589632365414,0.6616529637175627,0.956861160474908,0.0957679440873705,0.55280261742752,0.9302217284146842,0.06756711686961846,0.5349088158687714,0.9143601061472229,0.04131914931755979,0.5172273192954046,1.0029119995083038,5.183333333333334
0.3959420225628616,0.6473360612294229,0.9114300796245028,0.3977935975083022,0.18699649497060414,0.9993176571911814,0.3693941344614349,-0.23497840414303234,1.02239754690214,0.3116280245405028,-0.24913627946075528,0.8270658984858893,0.3800256281647008,-0.2590512328270037,0.8486217302122202,0.3528749874798168,-0.31712865040974325,1.1197859990267724,0.1748768757066903,0.6505062872136219,0.9584970041539289,0.1662843027866183,0.1950593300052993,1.014962695464436,0.18142860392917634,-0.20526117803722713,1.0333792038165344,0.17170302854500685,-0.2472130239098636,0.8647483750146127,0.12081122543756999,-0.24779849836342957,0.9022039496812391,0.20699355706229725,-0.30468694960151216,1.1124901109972718,0.32014546328651716,1.280786169024686,0.9305129294516286,0.34568910190986596,1.545842706331116,0.8656993753038937,0.3035174859375507,1.3929457203798403,0.8116665106623806,0.48378746650741,1.1853497079436317,0.9139400202731911,0.5219182171269959,0.9027945903028346,0.8783250404671092,0.34481333582524776,1.0332824825597438,0.8112203930240279,0.2591874221300382,1.154930751944739,0.731019299314922,0.25652276885476943,1.155585840908712,0.7308009763552621,0.26903663156383306,1.090786821648797,0.7523545764493161,0.1440525338080207,1.1992910262173158,1.0224988315167067,0.07586205803312557,0.9184246042314048,1.0340345647653897,0.05831501334566161,0.6617717677296633,0.9561560913134268,0.09569212230512292,0.5519203553164792,0.9302954335056113,0.06740700254158935,0.5340391251893952,0.9143044760589442,0.042053429982836024,0.5182750986128286,0.9998889881953313,5.2
0.3958464333498948,0.6460347903895659,0.911838482470797,0.3977523345898319,0.1870572346243281,0.9992771997187347,0.3695698351045243,-0.23397895942206726,1.0205739846942177,0.31175140052418837,-0.24921649357619494,0.8270498960363037,0.3800012378241786,-0.2591958107581826,0.8487810581011288,0.35300728648476504,-0.31691475747088504,1.120239036586373,0.17445359877584973,0.6494905519985484,0.9601048269382197,0.166375884414967,0.19513356363136652,1.0149598326934541,0.1812663000654509,-0.2054299153716052,1.033302129970156,0.17170617157596152,-0.24726683524299542,0.8648088253180986,0.12080007451718361,-0.24781762072927122,0.9022501549216057,0.20698794463954864,-0.30465414685257536,1.1124748949029957,0.31995157915191724,1.2819505458537817,0.928521459065287,0.34542582554249573,1.5460818093097806,0.8649507042457903,0.3025882177222918,1.3931543125660677,0.8126810288570099,0.4836715777092565,1.1845841909310941,0.9134823707507265,0.5244122160524701,0.9026032606310834,0.8823857193053771,0.3462655870239224,1.01989027495194,0.8115546977770205,0.2549978535138109,1.1337911824805262,0.7281441775493737,0.251339503330027,1.13289126144064,0.7315437013957582,0.26869799896758845,1.06989707347508,0.7579367237810741,0.14359748726552876,1.1987026348584378,1.0225321087107084,0.07583883097151188,0.916324255605698,1.0389042834119129,0.058336079725641435,0.6618378570371494,0.9561758807084594,0.09549720818966002,0.5513504874612943,0.9299840281041538,0.06732180048666687,0.5334532966755051,0.914264935203316,0.04268229488291304,0.5191377608641985,0.9976205405896068,5.216666666666667
0.3957155354517869,0.6448907354368791,0.9124708436212188,0.3976904300527073,0.18718953595720422,0.9991962621075975,0.36958318757526515,-0.23297568935765084,1.0186597692550992,0.3119356043655319,-0.24926848200978877,0.8269021188502844,0.3799884676497528,-0.25929497471409213,0.8489182399148378,0.35305218942712063,-0.31657550861338196,1.120460065043794,0.17393353273793108,0.6486465116930333,0.9616709180468188,0.1664926942657433,0.19512699289042368,1.0150002965211407,0.18123689940216278,-0.2056213552103727,1.0333051117799543,0.17172471673906825,-0.24730802670077331,0.8648652668149587,0.12080021756066107,-0.2478381240019744,0.9022724866704674,0.20700672695660996,-0.3047993592115508,1.1125380667252758,0.31898558419705403,1.282678558096422,0.9284860754915667,0.34486420343733737,1.5465201202661218,0.8634656998733894,0.3018631898755513,1.3933477717148193,0.813630419643645,0.4832543782554713,1.1836160911654876,0.9132315353158242,0.5272828349094182,0.9025414263184326,0.8878637694085236,0.34771091776298263,1.0059940910958807,0.8099825366414075,0.25159902823881686,1.1123196604389678,0.7270969538481988,0.24630037978570923,1.1102369940659058,0.7305928789346879,0.2683088652229959,1.0472477417827342,0.7614946559554159,0.14279729483832065,1.198490779240854,1.0225018785076498,0.07565537977048403,0.9151436364027161,1.0419088674474049,0.0583113407414936,0.6618843724659262,0.956830760154819,0.09511002154899344,0.5514015908281023,0.9290056753092634,0.06734705774079287,0.5334258534674468,0.9141668353466824,0.04306889333919099,0.5197202080986892,0.9964004697155603,5.233333333333333
0.39556234819657665,0.6438085802534024,0.9132857481351115,0.39761866713646,0.18733422625891605,0.999096331591235,0.3694466071110254,-0.2321074761190476,1.0169139427750833,0.31207767147100046,-0.24922695836106779,0.826660441083013,0.3799933287883102,-0.25930986993150745,0.8490028044929961,0.3530087861796082,-0.3161625890523669,1.120433793900525,0.17334343743841643,0.6479122506111645,0.9633063097705018,0.16658558098026363,0.19499492672827312,1.0150605297689743,0.18131007991377465,-0.2057228257799425,1.0333388973594992,0.17175573599397043,-0.24732403229732902,0.8649094963225064,0.12081191470778964,-0.24784410550177188,0.9022612992314006,0.20702249406467985,-0.3050068613349634,1.1126072723299452,0.3174988589915679,1.2828548875070853,0.9300174329461122,0.3440180907388525,1.5470479760918978,0.861460818251556,0.3011644648245501,1.3936132977202003,0.814292100336544,0.48258203091001095,1.1823847313503122,0.9131319990415061,0.5313066522107499,0.9020052973597535,0.8965554103899362,0.3493393461340156,0.9918388772772051,0.8066022042076217,0.24909837174267502,1.0922825512885836,0.7266064053178676,0.2419603559965475,1.0888040476317673,0.727801169909864,0.2679116253290571,1.023795390538202,0.7620010186964776,0.14167913436293317,1.1985752293983223,1.0224420462442279,0.07540819275146975,0.9147339300273232,1.0430339093233434,0.058194780871400884,0.6617263710738109,0.9580797952177649,0.09453830432790712,0.5521672072391146,0.9273595422788693,0.06751006280359617,0.5340267806859292,0.9139094868680541,0.04320085679132042,0.5200251286300714,0.996198036476915,5.25
0.3954048177133214,0.6426830395924096,0.9141839694463489,0.3975477484296872,0.18742795701368561,0.9989945971981253,0.3691965633606744,-0.23144961782130202,1.0153096584665506,0.3121379241147158,-0.24898855950565735,0.8264310240803131,0.3800262255610901,-0.2591766210773628,0.8489311764717008,0.3528787229409431,-0.3156984394738565,1.12016304522004,0.17269105481719269,0.6472144958151254,0.9650381871553209,0.16664384819729583,0.19477367186888367,1.0151190092936768,0.18142884646997126,-0.2056798723912835,1.0333406474654683,0.171793140196805,-0.2473130851748229,0.864933102667142,0.12083363445787862,-0.24783419019671835,0.9022286943406304,0.20701987003748956,-0.30516502711562193,1.1126472385615267,0.3158450058910681,1.282554210443786,0.9326447002251129,0.342857609686847,1.5475149830157966,0.8592894910889415,0.3004024129019673,1.3940126810036377,0.8144863918845362,0.48176145643208246,1.1810181594507414,0.9131318810497923,0.5368020834196905,0.900894475824983,0.9087002834229372,0.35148111988584346,0.9780775097180399,0.8012037535526526,0.24771541719099227,1.0739107625694573,0.7257632367026607,0.2389905816587081,1.0686834535099574,0.7235819619745615,0.26776634514203246,1.0005711079492352,0.7586830203742398,0.14039142043724884,1.1988915084438065,1.0223375501093905,0.07529628109482965,0.9147457980517761,1.0428690468020518,0.05792461568965717,0.6610462925229488,0.9599148228050338,0.09384335069059171,0.5535052545360968,0.9252454692126272,0.06780654803326372,0.5349467488851634,0.9135330384005251,0.0431712408976533,0.5201102904980335,0.9966207997085572,5.266666666666667
0.3952427398775188,0.6415774381722459,0.9150273652007864,0.3974819368703039,0.18744596269378533,0.9988942753357909,0.36888889710741946,-0.23097355369447378,1.0137953053662512,0.3121539372750733,-0.24850785687800575,0.8263458242410165,0.38008331677167334,-0.2588751688172385,0.848575647679913,0.35268778721682265,-0.31520655846079365,1.1197186872351568,0.1719828158360714,0.6464982096309293,0.9668101376204323,0.1666849293775506,0.19452992909701727,1.0151761401217039,0.1815323397975083,-0.20553927700726407,1.0332579017661292,0.17183024586243312,-0.2472862563305366,0.864939598858974,0.12086053327605939,-0.24782606829081474,0.9022037075112721,0.20700504251476887,-0.30522686662524456,1.1126746419967055,0.3142447754653739,1.2819930039136276,0.9358367210242391,0.3413655517346893,1.547849410461267,0.8573144918869299,0.29970804436316384,1.3945978809709385,0.8143255137529226,0.4809125912254766,1.1797451891963648,0.9132215184802303,0.5435143993739393,0.8994888733103644,0.9230022815876769,0.35434368988289927,0.9653659950939886,0.7933686023390262,0.24767763342836902,1.0563324841204507,0.7242906724807939,0.23805566098922143,1.0489978174395285,0.7186599078218494,0.2681712609361521,0.9778487815158375,0.7515729828402491,0.13913245900915946,1.1994228128565245,1.022141838121609,0.0754093755685564,0.9147661707386258,1.0424528741752084,0.05749949169827992,0.6595971382423885,0.9624275967494987,0.09309300970113475,0.5551006258966715,0.9229204351614657,0.06814852756927867,0.5355541089488546,0.9133682194631664,0.043100326906346575,0.5200276145189702,0.9970878121203144,5.283333333333333
0.3950540389202745,0.6406774629109515,0.9157979286011237,0.39742302989334555,0.1873932367708995,0.9987996395683414,0.3685724560206834,-0.2306267477931218,1.012546965033566,0.31214094066020603,-0.2478167950761631,0.8264397914810405,0.3801203061836753,-0.25854268800445346,0.8479557146316129,0.3524964039521567,-0.31475289806082274,1.1192582562891003,0.17123323738483498,0.6457357354884201,0.9685522648766722,0.16672178525027456,0.19430328590045454,1.015243493159684,0.1815833220022546,-0.20537157427909575,1.0330774804433285,0.17186022303453435,-0.24725858694166786,0.8649398611731741,0.12088655208034918,-0.24783807121862328,0.9022097395928207,0.206987250518525,-0.30519227592546283,1.1127066628969198,0.3127321233190595,1.2814274975564084,0.9388237547173546,0.3396511578769861,1.548091344782849,0.8558416171908205,0.29924104645939775,1.3953984118024234,0.8141075854670714,0.4801551180771948,1.1787713942573264,0.913388738315998,0.5508816593112967,0.8981603305130785,0.9379533031115281,0.35796304321383127,0.9536986091205615,0.7837576562585222,0.249095312210858,1.0386823047722404,0.7223394286168622,0.23945690230331199,1.0286739654840036,0.713892852020515,0.2692071300555817,0.9550953684286465,0.7421160958747843,0.13802509743021596,1.200149881992605,1.0218343823219733,0.07558726507867065,0.9144057362240164,1.0428416963872555,0.056933117399455176,0.6573520121646871,0.9657390902019334,0.09237518619913693,0.5565663321728641,0.9207178108107777,0.06837755237894177,0.5352725134915962,0.9138819214090455,0.04306061435382398,0.5198159267528824,0.9972768438912836,5.3
0.3948156857526305,0.6400276946538227,0.9167046905954752,0.3973798595366634,0.18727187226403083,0.9987406220249576,0.36825504522473207,-0.23047360260568459,1.011852489681225,0.311955047356547,-0.24693173177077804,0.826489882970355,0.3800660469437045,-0.25847533647468196,0.8474113531284971,0.352366265715403,-0.314432390647655,1.1189358440416604,0.17045076508856752,0.6449194212611807,0.9702609468625149,0.1667566728551865,0.19410342609979075,1.0153254110859917,0.18158476420208045,-0.20518658511847865,1.0328431824249913,0.17187483404410242,-0.24723611868473905,0.8649321064597677,0.12090692017140092,-0.24787425693144546,0.9022514477923823,0.20696528777896114,-0.3050723709628991,1.1127380548606587,0.31131066097463844,1.281031707119455,0.940848998771396,0.33793690360242845,1.5483291497921607,0.8550882186980406,0.2989366660829026,1.3963892576863504,0.8138324041543763,0.4796080140143093,1.178202334849792,0.9135553870955639,0.5582498804956854,0.8973184842568266,0.9524234521013706,0.3623644054559354,0.9422163741904823,0.7747710924607694,0.2518752729265077,1.020342064396328,0.720356406934463,0.24294208710851678,1.0069224676358146,0.7103929583317807,0.27073680259788746,0.9317048987547861,0.7327653954241014,0.13703810350382942,1.2009950577014787,1.0214410319733498,0.0755884340573745,0.9134092557544164,1.0445537534126903,0.056217714951779116,0.6545322232660681,0.9696918762333238,0.09185500373706135,0.5575444458384671,0.919165519340126,0.06836705355319832,0.5339190615112505,0.9153273783918491,0.04308815879637096,0.5194996261252228,0.997404064993836,5.316666666666666
0.39453304497658914,0.639435148766584,0.9180340366490506,0.39737085396263083,0.1870644885594021,0.9987679843919073,0.36790179198954354,-0.23067099853835146,1.0118913714017441,0.3113288627677943,-0.2458213408467371,0.8260761129825326,0.379875491894072,-0.25895403069710915,0.8475074955972285,0.35231498955915386,-0.31430569156325966,1.118789090908574,0.16962899144518445,0.6440533088779706,0.9720257395114117,0.16679364207485714,0.19393949373563651,1.0153936921741358,0.18155674366597666,-0.20495469646376757,1.0326297953595098,0.17186543958032313,-0.247214997421144,0.8648983981123488,0.12091887302370387,-0.247927391401338,0.9023187041359688,0.2069318552555813,-0.30488238126727424,1.112758347747838,0.309965334748487,1.280854376482666,0.9415162576484892,0.3364325451766119,1.5486516496240184,0.8550906794600327,0.29857208195889395,1.3974813881790429,0.813159165072103,0.47936365155363136,1.1780202574071457,0.9135797120148405,0.5649589863725203,0.8973738592414864,0.9652139002393845,0.3675881792868142,0.9297381779232242,0.7691778198212225,0.2556966160851341,1.000586209513394,0.7191033247156904,0.24787159400541325,0.9832976863843896,0.7092759625891482,0.272610313805396,0.9077937509284015,0.7254237759040865,0.1360256836234704,1.2018219083590573,1.0210325946546275,0.07530614834677259,0.9117336207383383,1.0473705415965173,0.055362345699778645,0.6515153741919892,0.973805185739958,0.09174011588625891,0.5577863286709673,0.9188673417409418,0.06809331767271093,0.5316892469655367,0.9176206782299818,0.043227539582908404,0.5190139904261116,0.9980163705061305,5.333333333333333
0.3942478704337311,0.6386735118349132,0.9198806603719659,0.3974107273725417,0.18674309943345463,0.998900642819949,0.3674762401863533,-0.23128774646601538,1.012653329272169,0.31011521002279663,-0.2444885807476115,0.8248906243131858,0.37955680061000896,-0.26006523872495685,0.8486453481297547,0.35232128893218606,-0.31437401533488574,1.1187590218170507,0.16876623739615063,0.6431612011287193,0.9739377467452053,0.16684786452051412,0.1938433828991304,1.0153668537530927,0.18150789875201767,-0.2046706173912556,1.0324909323715679,0.1718283086632243,-0.24719116694584192,0.8648276420726535,0.12092161200188865,-0.24798386452352925,0.9023910250011684,0.20687742435138556,-0.3046415560908257,1.1127609080441292,0.3085775447740762,1.280869099466392,0.9408447352361982,0.33522248376587716,1.5491501911259002,0.8556290518885048,0.2979903219204604,1.3985469636472112,0.8119006934324153,0.47941425842560026,1.1781074672521687,0.9134084752866695,0.5704506315021448,0.8985087741421269,0.9750618533738946,0.37361467439773294,0.915579573406658,0.7684107316617358,0.2600979323464763,0.9788411867969767,0.7193359212342563,0.2535266301956663,0.958086044852235,0.7107405922868062,0.274903541645497,0.8841783446594779,0.7206261087080501,0.13485893354009204,1.2024461818256027,1.0207033019706802,0.07474737049340438,0.9095526595321541,1.0505410170897727,0.054397619898626265,0.648663487626091,0.9776913423499127,0.09212341070947666,0.5572636266412837,0.9200747033887262,0.06761315557129775,0.5289636411045863,0.9204693001681977,0.04349236348449001,0.518229874270711,0.9994973429727656,5.35
0.3940067609780605,0.6376862995625686,0.9220713172575608,0.39749459928659414,0.18628980148221572,0.9990889925605884,0.3669645939286083,-0.23225128606845974,1.0139487258637205,0.3084365499489542,-0.24301914227419047,0.8229015544026973,0.3791539320792048,-0.2616844133152452,0.8508172679108735,0.3523696983526119,-0.314629063468626,1.1188051712246254,0.16788461117021303,0.6422908751467109,0.9759719958531565,0.1669359932239045,0.19385139748684294,1.0151604176435889,0.1814370700004975,-0.20437187991789185,1.0324287301974189,0.17176951039174282,-0.24716504209939036,0.8647314959607073,0.12091714549596336,-0.24802795590626317,0.9024442537066972,0.20678798544351776,-0.30437834758602283,1.1127392936769258,0.307046461072803,1.2810227001084136,0.939156778724241,0.3342764553047076,1.5498718229111663,0.8563610103036721,0.2971775611413507,1.3994775118355487,0.8102631351976177,0.4796045570061457,1.1783200192805343,0.9132959684280338,0.5744058217359959,0.9005132465979381,0.9814373924360047,0.38038334315375444,0.9000712202231544,0.7723143481272337,0.26456305072919856,0.9555628603171131,0.7213461355739057,0.2592715050868597,0.9326880606465501,0.7138218811821063,0.27791719016865646,0.8618050482843537,0.7180456130094421,0.13352962683369857,1.202656797652798,1.0205489100695049,0.0739329537730468,0.9072017067158364,1.0531386703380858,0.05334091441363696,0.646211143318053,0.9813805620772968,0.09289119364225072,0.5562368961322246,0.9224361566471792,0.06701570750267084,0.526168428249487,0.9234976023977932,0.04378374695624625,0.517069544428433,1.0018046861746142,5.366666666666666
0.3938171593887783,0.6366114109448499,0.9243417343847116,0.3975980313743851,0.18572457360218403,0.9992585900077853,0.36636563409863054,-0.23343701921142246,1.0154671292559578,0.30659114454745284,-0.2415619833324557,0.8202679152231425,0.3787257238255102,-0.2635760215557867,0.8537200793927454,0.35247466062725835,-0.31508978876237015,1.118966727372877,0.16701806426721597,0.6414816361276695,0.9780016293421891,0.1670466402201852,0.19394298096460072,1.0148232358574252,0.18134638411889872,-0.20408912805002544,1.0324069923056483,0.17170305259651247,-0.24713848307901531,0.8646314089621279,0.12091015432351648,-0.24804969407304575,0.9024655791998436,0.20665318184447118,-0.3041363344867056,1.1126879265840486,0.30544441313576604,1.2812619650357353,0.9368529793942981,0.3335264171746814,1.5507156652213616,0.8570004107621132,0.29618459405327613,1.400217406646599,0.8086025585792114,0.47972121330927364,1.1786009068189016,0.9137384711123802,0.5769052024278211,0.9028657735998117,0.9851741052286085,0.3877837655789618,0.8844431694651547,0.7798768335475144,0.2685578736859534,0.9326525450165982,0.7248012742205723,0.26452095131920395,0.9092276556964615,0.7172134558300831,0.2818071482049262,0.8415666323910271,0.717085151139945,0.13213067676706558,1.202308013674562,1.0206743487655818,0.07288985026407847,0.9050662340841227,1.0544488375466212,0.05219752146913398,0.644268935077676,0.9851437395947434,0.09381965315779597,0.5551158502456145,0.925269511881877,0.06640264681778495,0.523692372345731,0.9263000055111322,0.04391888251248764,0.5155539248978246,1.0046165458603171,5.383333333333334
0.39364003610597775,0.6357067618747434,0.9265220904907512,0.3976913859498892,0.18512562938332455,0.9993730836939172,0.36571470689330393,-0.23472131261555965,1.0169438405159954,0.30491110190562226,-0.24032796094046976,0.8173279195255226,0.3783397251957081,-0.26548036819687154,0.856949874725384,0.352656985874428,-0.31575770511516965,1.119306059453239,0.16619624557767834,0.6407315231671373,0.97989551885441,0.1671276157692937,0.19401453037199434,1.0145942628970448,0.18124684348354425,-0.20376537661915248,1.0323897676475915,0.17164464446365657,-0.24711322270300845,0.8645422881953364,0.12090458972051894,-0.2480474442095972,0.9024594077334271,0.20648657506834847,-0.30394737247817305,1.1126113632039065,0.30392726345994125,1.2815443863543232,0.9342618847734483,0.3328499655353102,1.551429022911532,0.8572685873486345,0.295018347167764,1.4007343233349892,0.8070530619742673,0.4796444007524642,1.1790197159629194,0.9150752766473441,0.5784902628789825,0.9049937534712094,0.9880329257970993,0.3955065904038827,0.8703203292957631,0.7898392006613877,0.2716452025463216,0.9127975433972897,0.7286968627427943,0.26879075527510743,0.8897980131909422,0.7198487644976272,0.286405943333527,0.8245956854260433,0.717184257429403,0.13077685580624035,1.2014099555071633,1.0211138925846153,0.07164726593225917,0.9034656190593142,1.0541565221499425,0.05098165883303603,0.6428429497878942,0.989049474706341,0.09472545516221603,0.554192181141746,0.9280011651827033,0.06588233232656353,0.5218097265330328,0.9284869080052974,0.04375784799460182,0.5138227204022883,1.0075718370748628,5.4
0.3934354204398619,0.6351724394780185,0.928550387354733,0.39775702167048754,0.18459252046637087,0.9994392330526698,0.3651169345490055,-0.23600234457658312,1.018325613880599,0.3036944798363049,-0.23956901309253836,0.8146961782263751,0.37806287019930424,-0.26713594956226466,0.8600548716664839,0.35289886718675795,-0.31655794653122826,1.1197919498043898,0.16544287473455696,0.6400084407135067,0.981574492774067,0.16712129623463962,0.1939500879893054,1.0147376407984625,0.18115536935343038,-0.20328360378882604,1.0323661058228295,0.17160686257543506,-0.2470919667012339,0.8644734165618005,0.1209007434578697,-0.24802572326317113,0.9024379642906157,0.20632511717618815,-0.3037879478174215,1.1125280844303718,0.302568789922036,1.281832815201679,0.9316678299520345,0.33202964841841753,1.5517578486919346,0.8568583142587289,0.2936091760967456,1.401025341619985,0.8054008418570998,0.4793833828712115,1.1796620008538117,0.9172477779906805,0.579873756644991,0.9065777191080027,0.9913309731297637,0.40293925897737326,0.8592369993712532,0.8007941555358598,0.27362798620318324,0.8982765171648596,0.7316554386499128,0.271899217598675,0.8760292703474928,0.7210024702492752,0.2914799167715557,0.8123803698551526,0.7181469084714402,0.1295502843871773,1.2001411253770042,1.0216328214938624,0.0702205550031548,0.9026088896610598,1.0523225935486662,0.04975156306168785,0.6418286856991036,0.9927714345187731,0.09550077556534697,0.5535141737175009,0.9302908130278918,0.06554733189270708,0.5205825588926115,0.9297960912289552,0.043268929227631966,0.5121019467742431,1.010348631199247,5.416666666666667
0.3932156268799488,0.6349851096384479,0.9303688448196256,0.39779477562832394,0.18417579265134595,0.9994787130895734,0.36468245037807717,-0.2372262328109587,1.0197291863805384,0.30315679760750824,-0.23948853715534923,0.8131306262827893,0.3779348092962445,-0.2682983784789258,0.862535985381496,0.3531364400396728,-0.3173507368287624,1.1202750616827195,0.16476656493819616,0.6392790097644376,0.9830312992681056,0.16701539132583756,0.19372129408249877,1.0153103401253485,0.18108805045085333,-0.2026202833608235,1.0323527919869708,0.1715962373123368,-0.24707749011200125,0.8644315280222181,0.12089700631231044,-0.24799519394131683,0.9024137385778573,0.20619993850251261,-0.30359078130006506,1.1124554918957323,0.3013469639020294,1.2820963275043817,0.9293412809525974,0.3308785462093799,1.5516152440886852,0.8556314845394906,0.29189990850670233,1.4011746627177781,0.8033455634435196,0.47900594052133527,1.1805120459290557,0.9199300483483993,0.5814256503133861,0.9076880695756678,0.9950484307013652,0.40928335658894555,0.8522828401239533,0.8111040251297744,0.2745890991924519,0.8902291128871959,0.7328409888935824,0.2740186686287208,0.8688983849427246,0.720513521176077,0.2967520908141352,0.8063165442592605,0.7200539155880716,0.1284820416344249,1.1987872889966034,1.0217448031620364,0.06862363673418531,0.902634214647367,1.0493590780091178,0.04863502978056174,0.6410598816746576,0.9958907296423254,0.0960633830746477,0.5529842053727425,0.9319078854264315,0.06541988418150643,0.519815283893772,0.9302635024692638,0.04250327796062314,0.5105546903708229,1.0126094495061824,5.433333333333334
0.39303797530013357,0.6350127981070312,0.931829785713429,0.39781196991463735,0.18386630795089703,0.9995092143595392,0.3644124048249119,-0.23838176604167957,1.0212557655863757,0.30337691502346864,-0.24015483397107834,0.8131353422964044,0.37793818346870217,-0.26885120189288275,0.8639989019314169,0.3533014344619137,-0.3179932414599459,1.1205941373461683,0.16414512729918268,0.6385363849553024,0.9843324121255141,0.1668491647274064,0.1934016813973407,1.01613333359881,0.18105421295657367,-0.20188997816667184,1.0323878956179622,0.17161334277582913,-0.2470717213090199,0.8644193309842647,0.12089352968952922,-0.24796860154199804,0.9023959660424978,0.20611541313737572,-0.30330031228680066,1.1123914277869003,0.3002244651307845,1.2823257189762016,0.9275026334547972,0.32942119370372547,1.5511049834567532,0.85375098394603,0.2899222985573315,1.4013052457902426,0.8007137837065477,0.4785798397817794,1.1814612534374067,0.9227308182601788,0.5829517297054684,0.9086692151111565,0.998360925551931,0.41386803213091095,0.8499810201097373,0.8191304529378008,0.27488079657326814,0.888713824478335,0.7324394441151674,0.2754633615913886,0.8685891217544124,0.7187838727070641,0.30164179594138674,0.8069660279029696,0.72265165878361,0.1275616328055192,1.197593188610557,1.0210549806421838,0.06688280547660072,0.9035729362333786,1.04597436448452,0.04776846434172431,0.6404170855620195,0.998269465765584,0.09634392305866468,0.5525096151434451,0.9326913410255556,0.06541485071465601,0.5192234380274501,0.9302540348961519,0.041558024954616274,0.5091787364746173,1.0140214977681807,5.45
0.3929490512873097,0.6352472353086538,0.932714160448961,0.3978139025826065,0.18364007936030963,0.9995388611611521,0.36420913184351905,-0.2394802512214026,1.0228924028507544,0.3042295736513918,-0.24145539231680524,0.814658355975378,0.37799818531698925,-0.2689440797401173,0.8644496868138257,0.3533557154647598,-0.31839868838090724,1.1206600699606786,0.16353555525063368,0.6378135104382129,0.9855797131939765,0.16667108720876553,0.19308994824427006,1.0169755950771375,0.18105478804214958,-0.20124185902671504,1.032508381871424,0.17165483813459356,-0.24707464423861417,0.8644336911977972,0.12089292844369982,-0.24794885257688515,0.9023834405024929,0.20605568647640585,-0.30288982099236383,1.1123146512813749,0.2992108057870687,1.2825468919170444,0.9262639766644465,0.327873723273129,1.5503909957996869,0.8515611648492946,0.28774200858499643,1.4014290297478142,0.7973095408206186,0.47815949041359185,1.1823838760656586,0.9252697463268522,0.5839571919254607,0.9098739172703073,1.0006724403983034,0.41647397942800163,0.852362342260933,0.8238768533823002,0.2749908206953583,0.8930539324445602,0.7309893463123649,0.2764684271662123,0.8745281601563606,0.7164165249418444,0.30536916574402095,0.8135902041690375,0.7252168001013315,0.12673970375698335,1.1966270615804793,1.0194950954257798,0.06508944229158595,0.9051658292305108,1.0429298750754739,0.04720528578334922,0.6398975606646968,0.9999527996425042,0.09634062455978908,0.5520466005940967,0.9326763377360976,0.06540561194510061,0.5187099670708288,0.9301883580557518,0.040556642713397,0.5078776054000559,1.014482396918052,5.466666666666667
0.39296006749950596,0.635773488290062,0.9328865257919279,0.39780374111147315,0.18348865492086391,0.9995675684563623,0.36399760995870856,-0.24052876916601207,1.0245567910570512,0.3053598197715674,-0.24310392421048466,0.8171239481792331,0.37803092308345293,-0.268936624515581,0.8644016457296733,0.35329118643252705,-0.31855741861579867,1.1204481461305194,0.1629179539002104,0.6371577388432271,0.9868380327969617,0.16649948893584043,0.19284328283741176,1.0177082327709557,0.18108735498280684,-0.2007975751491558,1.032721021881906,0.17171386549640102,-0.24708186782427932,0.8644639180442731,0.12089806034308605,-0.24792289697842929,0.9023619805586212,0.20600702749636507,-0.30235479827083706,1.112206580495772,0.2983363479590419,1.282789173078001,0.9256090797590355,0.32643253389986515,1.5495862262890048,0.8493609832511599,0.28542895486314807,1.4013769059670809,0.7929190041867817,0.477795427804052,1.1831915592355366,0.9271958337269143,0.584066756205641,0.9113619183329613,1.0018546538946278,0.41739904813182094,0.8590766953295265,0.825366712143714,0.2752480474495782,0.9020690497075928,0.7287790832214984,0.27715601046687927,0.8855102692985771,0.7140604768044704,0.3072869094004184,0.8244606605322108,0.7270918862130297,0.12594370701120922,1.1957834531981681,1.0172502747700363,0.06346527186081988,0.9068158659750503,1.0407106343630048,0.04691867857850267,0.6395952838345458,1.0008861640678446,0.09615928817164301,0.5515712976253418,0.9321807452597182,0.06533526895229977,0.5183651108096903,0.9302399435301555,0.03964468739632581,0.5065419879719347,1.0142983891074042,5.483333333333333
0.39305859809484567,0.6365593646838916,0.932459543904437,0.3977846243398224,0.1834192349888463,0.9995901845344233,0.3637776710754405,-0.24149622868687545,1.0261722941116822,0.3063363428413131,-0.24474418286214616,0.8197823952622073,0.378007700627283,-0.26908528862761083,0.8644400236364068,0.3531123915310775,-0.31849969729741273,1.1199581335901594,0.16234123070235776,0.6366038977396025,0.9880333228069982,0.16631703688853702,0.19267559184741717,1.0183029145357338,0.181145885906078,-0.2006134851881627,1.0329995640170426,0.17178021506025942,-0.24708793220671732,0.8644971171841337,0.12091015918023307,-0.24787533675672177,0.9023174449386382,0.20597871606734694,-0.30173057055606484,1.1120785557742288,0.29755734098333464,1.282987657395359,0.925491670862707,0.3251120866232511,1.548767326437272,0.8472182612428338,0.28308912972153477,1.4008827635635492,0.7876992812023595,0.4775420913685754,1.1838277874952878,0.9282615295342932,0.5832442099554207,0.912788801360606,1.0018765306598452,0.4172125024666904,0.8695423468690526,0.8241484274896917,0.275700173784627,0.9143154273700416,0.72614672100797,0.27758578629948694,0.8998815318613359,0.7123064385549295,0.3070514918221016,0.8378954585052825,0.7279758360551538,0.1251318150252245,1.1948986569348121,1.0146346779002597,0.06229297415011685,0.9079206114970075,1.0393698829397795,0.046853760936498,0.6395885960884714,1.0010487316718584,0.0959463386939979,0.551087728034759,0.9316224786789293,0.06522452800198797,0.518176116405115,0.9303527035898611,0.03896374081412782,0.5050796296087241,1.013965905308972,5.5
0.3932084047348178,0.637401569060569,0.9318056205285432,0.397758690298778,0.183442812668306,0.9995999452558662,0.3635773952592452,-0.24232226714578467,1.02769776608162,0.3068979247252379,-0.24608171112978475,0.8220813005128709,0.37797368594387054,-0.2692567073666459,0.8645608322834022,0.3528167223372377,-0.31824258916521714,1.1191747700588341,0.16192566399071695,0.6361717737199954,0.9889272346517543,0.16609635776276727,0.19258380026694127,1.0187679363843927,0.1812160905868873,-0.20063635384889641,1.0333084479724657,0.17184126290332785,-0.24709373925550568,0.864526006180011,0.12092856253512463,-0.24781249872582262,0.9022562030794136,0.2059996861834617,-0.301093364585508,1.1119715853389764,0.29677797237834214,1.2829300249740025,0.9259764659990011,0.32379094430556377,1.5480193670846025,0.8450102541541469,0.280788010332594,1.3997530292458622,0.7823395751904547,0.47745247096695076,1.184228137859009,0.9284817465007686,0.5817371069223676,0.9136461207032871,1.000708119576084,0.41645461996402955,0.8829597773206957,0.8207057185119198,0.2762750012663736,0.9284407898874298,0.7237223926690879,0.27781263684630586,0.9159458895360179,0.7113887142409354,0.30479967065874836,0.8529782519369167,0.7278154410616986,0.12433657002295524,1.1938701352152985,1.0120480456960037,0.061714459417806955,0.908267094174356,1.0385991437903577,0.046930009574229645,0.6398072013775812,1.0007674998510048,0.09578176393254947,0.5506468068723707,0.9312228970899389,0.06509218981696134,0.5178877541434993,0.9304547241265533,0.03856930023680859,0.5034916237148814,1.0137684539202998,5.516666666666667
0.3933569458713608,0.6380869896745223,0.9313426140841634,0.3977251570844597,0.18356445350416542,0.9995915316494005,0.36340140377978153,-0.24295368735110587,1.0291085358672385,0.30704847003892,-0.2469350099702501,0.8237279712643254,0.37800537916614163,-0.2690256169848847,0.8641614309008615,0.35239699460335766,-0.3177826561534765,1.1180801871265704,0.16180327861391428,0.6358682419616979,0.9892842145481191,0.1658435682195384,0.1925644044442566,1.0191137192487596,0.18128305240280201,-0.20074358249651575,1.033619413960097,0.17188420156838047,-0.24710582552637755,0.864546949771948,0.1209506378514269,-0.24776597312455237,0.9022076067815022,0.20608563577631595,-0.3005247499718115,1.1119223190731644,0.2959978543097823,1.2823762558645484,0.9272048171249359,0.32236574484033387,1.5474074520204293,0.8426626112342533,0.2784639890147802,1.3980029237798275,0.7776795349115389,0.47756136424136814,1.1843552646083109,0.9282041824715854,0.5799212946493266,0.913582558704278,0.9985555267083367,0.4155038720075268,0.898130022442906,0.8154989049467145,0.27691094965282925,0.9434956818757495,0.7221014986959723,0.27792541354985434,0.9323449340617854,0.7112212798418369,0.30127305258032394,0.8691287664287247,0.7269162687830772,0.12366079208299191,1.1926979430755336,1.0099083397584439,0.061571427330353506,0.9079756134584004,1.0379828611734228,0.047048607355404004,0.6400078722678434,1.0005829985449202,0.09566823134572264,0.5502952943774382,0.9309589964819603,0.0649232974469096,0.5171816465239412,0.9305808759537788,0.03838511575934478,0.5018825513987686,1.013711954996742,5.533333333333333
0.3934763482945571,0.638565388855314,0.9312151118393562,0.39768042803406095,0.1837836630011852,0.9995612844777274,0.3632234404957328,-0.24336124039895576,1.0303642667080137,0.30697568010674325,-0.2472586550671205,0.8245868034221607,0.3781526537975751,-0.2680779119706906,0.8627195154040398,0.351877421954592,-0.3171367028605776,1.11674735212515,0.16203677106260586,0.6357038618108222,0.9890443618968329,0.16561672110891462,0.19261594172145208,1.0193517022917578,0.18134126069213047,-0.20083155193380242,1.0339112865796463,0.1719016445846802,-0.24712970877045928,0.8645567146077408,0.12097084957313965,-0.24776859315364252,0.902205056655632,0.20621852255270698,-0.30009067580711335,1.1119462094637529,0.2953421631896329,1.281241554620563,0.9292074871398097,0.3208278598269051,1.5469280685772335,0.8402131959614055,0.2759793082435739,1.3958618782575,0.7741318462103766,0.4778260696875894,1.1842848642985404,0.9278674787884783,0.5781657430666953,0.9125451396417974,0.995914928140242,0.41452741265476467,0.9134456076467141,0.8091370359122498,0.27749613098241965,0.9589861163517901,0.7214811415383217,0.27798454253549315,0.9482148919031924,0.7117375831212642,0.29768197877572383,0.8853700173050967,0.726378488308165,0.12321041659493837,1.1914618419764955,1.008496479632058,0.061434905107162055,0.9071734768109462,1.037281768809221,0.04713312467785631,0.6398972139970893,1.0007714607711693,0.09558982673490056,0.5500143959507475,0.9307391030416561,0.0647246651375372,0.515924792579483,0.9307691821383224,0.0382905575158807,0.5003647747639728,1.0137697196243292,5.55
0.3935852414914845,0.6389609651073718,0.931219885076002,0.3976202688462747,0.1841025603609645,0.9995055126535549,0.36303191981168215,-0.24355395010810038,1.031411046556203,0.30688631118230647,-0.24718267703184685,0.8247159366170964,0.37841803434113186,-0.26644869145589956,0.8602451584414267,0.35133167032643153,-0.3163774783449159,1.115379489583471,0.1625886150717765,0.6357144655154741,0.9882766188885624,0.16549515819341737,0.192732814848122,1.0195011297606058,0.18139265310654495,-0.20086720732120017,1.0341730578607908,0.17189589839211705,-0.24716750103054252,0.8645567154673195,0.12098056972745666,-0.24783325442468773,0.9022693872602654,0.20636717243549357,-0.29984704380516647,1.1120557783052316,0.2949320359956807,1.2796358094087807,0.9318160265057889,0.3192372205872184,1.546546995726945,0.837666991270019,0.2732103841039352,1.3936759333938817,0.7714476063472153,0.47803398028888383,1.184164217143901,0.9276705356433784,0.5766633786846185,0.9107474344280896,0.9932850720517505,0.4133862637144208,0.9271974857633537,0.8023207915706991,0.2777477209492308,0.9745171829955122,0.7216260173762027,0.2779479456540622,0.9632153098581834,0.7129168768585895,0.29542865405881,0.9005536515417129,0.7279570884714271,0.12299621747192262,1.1902860461721851,1.007789047537019,0.06085280199726856,0.9059524804282185,1.0364819808844872,0.047129054953592035,0.63932363563057,1.0010985378694324,0.09553863302461621,0.5497234700374373,0.9305398474912377,0.06458092060550316,0.5142787965697577,0.9308111011968956,0.038230889735161144,0.49900486751046425,1.0140156600186123,5.566666666666666
0.39371724405023006,0.639445581148022,0.9310664943791712,0.3975427187398918,0.18452900964223484,0.999420198423558,0.3628683880597059,-0.2435791735776178,1.032197560503824,0.3068288771347054,-0.246953714854755,0.8244268271586819,0.3787686807347541,-0.26441056221019443,0.8571306350571035,0.35083790909760154,-0.31560858012957865,1.114179653764201,0.1633720843644026,0.6359580321909164,0.9870133448387921,0.16553448267840942,0.19289383576078928,1.0195871820036102,0.18143928323356356,-0.20087727922984389,1.0344064971463314,0.17187591668933128,-0.2472167831942814,0.8645543487955675,0.12097178556259712,-0.24795045818338057,0.9023989362605518,0.20651392256264958,-0.29983866348318683,1.1122533694808667,0.2947646214113489,1.2777710680723335,0.9347339159093948,0.3176845129963753,1.5462808768897462,0.8350307142859464,0.270138670098961,1.391837506724275,0.7690957301223121,0.47784238755129105,1.1840774147056143,0.9275831404790243,0.5752992423069221,0.9084765793337758,0.990816040299388,0.4116977989222895,0.9380201219688319,0.79576547897578,0.277258894589259,0.9894033281177633,0.7221196753796734,0.27768353267074086,0.9774111261723955,0.7144256578575845,0.29567706941737987,0.9141714309590983,0.7330109068635495,0.12292379349762765,1.1893328258114342,1.007507792887778,0.05964021829193128,0.9045389494349592,1.03567225512449,0.047000629906971056,0.6383915775862619,1.0009674635792483,0.09549954731827046,0.5493206325163191,0.9304159007235728,0.06461530882763021,0.512618348677683,0.9302325840402004,0.03820182581447355,0.49783927330708944,1.0144669692204258,5.583333333333333
0.39388240011957903,0.640127905453994,0.9306042076011013,0.3974511522195491,0.18506026665942785,0.9993053493989716,0.36280151201354877,-0.24349079995251038,1.032716430174057,0.3066814999510307,-0.24677240727112532,0.8241093747329996,0.3791486235005177,-0.26226857153935246,0.8538329735777292,0.3504191437810396,-0.3149021276111783,1.113190076677633,0.16433453690682107,0.6364823911278477,0.9852240912111627,0.1657347531571818,0.19305085633650848,1.0196285997615322,0.1814792830090434,-0.20089771453406652,1.0346137175558077,0.17185136632385087,-0.24726870461133796,0.8645558764344019,0.12094460260012888,-0.24809665309200857,0.9025663584810566,0.20665499022783335,-0.30007762505107,1.112489717085732,0.2947079786179104,1.2758861590251647,0.9376178651753928,0.31627583393647085,1.546192823014321,0.8325135224616489,0.2669551771926466,1.3907128947020615,0.7668105631319336,0.4769940407949309,1.1840099006595677,0.9275779072892243,0.5737151833962691,0.9059693284527095,0.9881931576498718,0.4091709287990682,0.9453991893749796,0.7899822251421358,0.2759591164409689,1.0030253579495982,0.7223740907993685,0.27709731256295195,0.991113580310312,0.715294147924969,0.2987633211649153,0.9264902366501787,0.7417298917905812,0.12292872705635662,1.1887588035625216,1.0074993390667,0.05793939952430972,0.9032904854153949,1.0349454234121789,0.04678510431749582,0.6374055020434769,0.9997102347122183,0.09545791338742432,0.5487686212609264,0.9303709789119304,0.0648902282986835,0.511343099151805,0.9286398260191555,0.03815554919461996,0.49690139980525994,1.014819031590909,5.6
0.394067880998053,0.6410301302337715,0.9298079509685744,0.39735769369400514,0.18565008685885476,0.9991738236294925,0.3628739927189951,-0.243329027386691,1.0330422853177659,0.306388125783367,-0.24671360484976593,0.8239777435518552,0.3794913623521762,-0.2602877611394551,0.8507608048531562,0.35005342840965464,-0.31427911284402127,1.112331091847827,0.16547550989243212,0.6372851139486314,0.9829461477299755,0.16603917472351146,0.19314320168477078,1.0196208528424646,0.18150873474907694,-0.20094306056393302,1.034786718829197,0.17183089137089125,-0.24731127061512667,0.8645617400121206,0.12091111955829256,-0.24824321097684016,0.9027306326336048,0.20678612356521048,-0.3005127660619091,1.1126764808351788,0.2945792464690098,1.2742526432679873,0.9400477711062541,0.3151111302018774,1.5462942944730085,0.8305094632658705,0.26404246286052446,1.3904766508763196,0.7646220708886984,0.47546869128472524,1.1839222442866344,0.927683985720025,0.5715236514895532,0.9035321651941917,0.9848288300034373,0.4058832240376431,0.9500340824889627,0.7848513369044734,0.27476797718398244,1.0157907450207717,0.7213773539382113,0.27646979875199273,1.0049174468239894,0.7142611369198117,0.30400807381265915,0.9379944331571173,0.753083465327623,0.12308092087679176,1.188577932750955,1.0079875720700755,0.056056250833821486,0.9024557755239027,1.0343538364885267,0.046618434000311806,0.6367009579797144,0.9968813771279217,0.09544935940158858,0.548188542896857,0.9301706171530592,0.06536653023677098,0.5107504264661836,0.9260059729187302,0.037953028929797405,0.4962343499781454,1.0145061194908467,5.616666666666666
0.39426823733797617,0.6421159033396273,0.9286759259077048,0.3972828865786128,0.18619853525043625,0.9990534767861243,0.36306407240159494,-0.243113716234887,1.0332082105118976,0.30612935929648505,-0.2467789642675161,0.8240467330202889,0.37973903648185614,-0.25872036943594356,0.8483141212255438,0.34973525066950134,-0.31372638723725643,1.1115838485796183,0.16678564085313924,0.6383206754202665,0.9803102993225941,0.16637599471790848,0.1931558655493491,1.0195331315900416,0.1815257126607465,-0.20100860866569173,1.0349135087840262,0.17182243173384293,-0.24733554588151643,0.8645707664344017,0.12088869820155931,-0.24835938976068797,0.9028514223721092,0.20689869469803168,-0.3010267101801057,1.1127607808563553,0.29419787562379096,1.2731753347066106,0.9414795349427549,0.31423976397351283,1.546467510485787,0.8293402851073441,0.26177817805473663,1.391012919330495,0.7624810574257117,0.4734526042402145,1.1838237652944608,0.9278375284420489,0.5684428298231526,0.9016008444285335,0.9801484531957465,0.4022389273729063,0.9535158345085994,0.7800836671455011,0.2755476541456179,1.0292575832806494,0.7180870150116192,0.2767881216572188,1.019734017704239,0.7108381589178709,0.3103212543321901,0.9491155964345422,0.7649182817555595,0.12350296890151416,1.1886037023935248,1.0093047791906575,0.054314027941034154,0.9019420514575348,1.0339281343511786,0.04667652861949525,0.6364861569070774,0.9925313702574572,0.09556109107334171,0.5478095713278505,0.9294019990671224,0.06594516760356206,0.5109890668458091,0.9226297424289656,0.037411303303849786,0.49589691889442616,1.0131329304630634,5.633333333333334
0.39450284100420097,0.6433540703179035,0.9271818388019426,0.3972437569231571,0.18661154486117493,0.9989696027326961,0.3632893891338706,-0.24283510590054264,1.0331062511702145,0.3061637767925943,-0.2469499919247459,0.8242589213724951,0.37986022086153853,-0.25777799821787284,0.8468339184028059,0.3494800994478638,-0.3131959285221862,1.1110097887390409,0.16819992243489745,0.6395473193857539,0.9774231606573399,0.1667020055768792,0.1931534702988888,1.019335285800572,0.18153097130583284,-0.20107692834160876,1.0349889928141063,0.1718307899414216,-0.2473385969228754,0.8645843336621313,0.12088967768200264,-0.24841602516622718,0.9028967245072299,0.20699574572114365,-0.3014895569753931,1.1127647972047472,0.29340508260877013,1.2728586950541028,0.9414720832934342,0.31359593553372855,1.5465265297310937,0.8290175171252875,0.26032357108115883,1.3919849464798377,0.7602311892685418,0.4712446380786731,1.1837816139009818,0.9277935462204059,0.5642783363050228,0.9005432492545727,0.9737824174265022,0.39874115178984004,0.9574126475552278,0.7765787323423117,0.28007752245049217,1.0447827586414686,0.7125197171111759,0.27956221037241674,1.0363116899005194,0.7058866059019675,0.3168825887857604,0.9605818107978181,0.7744143172912479,0.12424263149094032,1.1885654974618016,1.0115279784205593,0.05300881756694886,0.9014959630741495,1.0336936820760414,0.047092723551105706,0.6367965820652801,0.9872509083539163,0.09585519510918114,0.5478055407668097,0.9278214050151332,0.06653967862134022,0.5119704420558735,0.9189552243952996,0.03645065446377668,0.4959082536385766,1.0107365372031263,5.65
0.394788147244963,0.6447840003914223,0.9253256251959923,0.397237663352264,0.18688941984971588,0.9989212599483495,0.36347257959841794,-0.2424636332258894,1.0327014932351808,0.3066009652622009,-0.2471946351019142,0.824551998669206,0.3798603207179958,-0.25748640350365437,0.8463709218621194,0.34927822966516964,-0.3126182709959899,1.1106087134102218,0.1696192857988404,0.6409341588190015,0.9743191407637782,0.16700452331939267,0.1932205824640541,1.0190233534135755,0.18152541297865166,-0.2011250750272553,1.0350176390635963,0.17185450863621432,-0.2473243008614289,0.8646048262930094,0.12091809725184532,-0.24839976736804018,0.9028586698318808,0.2070935650025918,-0.3018363694370804,1.112748580078583,0.2921105558743904,1.2732365260603373,0.9400473547877357,0.31300441010968766,1.5463536491535985,0.8292042138883905,0.2595262025535681,1.392953708425938,0.758095952341916,0.4691709159207972,1.1838362660564679,0.9273648703984163,0.5589633843655872,0.9004344776590276,0.9657389030478951,0.39579816684039504,0.9626757168104415,0.7763990793553178,0.28904108917164656,1.0624605050658757,0.7062221197899943,0.2860378794159059,1.0547619481241939,0.7009930587850474,0.32321808228551374,0.9739442469722746,0.7790381994961266,0.12522477420733807,1.1883110329978837,1.014389492857254,0.052361929065509016,0.9011780621106277,1.0336200975484051,0.04791778086019229,0.637566289927591,0.9818437414473673,0.09632486275430499,0.5482152151609797,0.9255405628599722,0.06713606688472179,0.5132759113363904,0.9154595849547233,0.03527067941346766,0.49613924143494786,1.007709322533302,5.666666666666667
0.3950813868248023,0.6464713081672098,0.9232526565286134,0.39724301391145644,0.1871297401753407,0.9988835537443718,0.3635983760760348,-0.24198829976764785,1.0322103224639751,0.30738523264769885,-0.2474750091981962,0.8248734172219797,0.37977131897881994,-0.2575924360842722,0.8465375514011665,0.34909669322064313,-0.3119486278247553,1.1103032897161738,0.170965524209537,0.6424324939389052,0.9709957525716014,0.16728226177408315,0.1933870851416329,1.0186083274509985,0.18150799116926702,-0.20113938341550539,1.0350086391210427,0.17188582720365853,-0.24730223880238705,0.8646322197352457,0.12097115361493649,-0.24832265325087058,0.9027723274914569,0.2071818716591109,-0.30209842711667595,1.1127381924798914,0.2903482068098984,1.274003136664129,0.9376010339645762,0.3123275031147748,1.5459215082485454,0.8294623141579363,0.25896816621984037,1.39352884978294,0.7569838007596956,0.4674943839907133,1.1838734464247005,0.9269213435263337,0.5526875940451593,0.9010573024561775,0.956448812202902,0.3936327630055079,0.9696396560566961,0.780953040346934,0.3018319027481384,1.0818392880786925,0.7013058414553114,0.29644255842721673,1.07496487605687,0.6976261352970325,0.32907418931851395,0.991311653522409,0.7774736805506184,0.1262409531344758,1.1879610424991176,1.0172967709364475,0.05236507261589592,0.9013754845298438,1.033596757478376,0.04914486824234475,0.6386944464316159,0.9768801351003955,0.09691989104687768,0.548958427062896,0.9228758037382481,0.06777721526133608,0.5142984822386811,0.9126348689226045,0.03433730865948837,0.49633126910565345,1.0046420918627808,5.683333333333334
0.3952795297304247,0.6483511443928496,0.9212772291789912,0.39723826016598784,0.18742905267889914,0.9988355614394597,0.3636892856986888,-0.2414769356260956,1.0318947313439113,0.30839409113812,-0.24776427099907333,0.825193719400064,0.37961985336781034,-0.2577456219272948,0.8467851501236282,0.34891472997186146,-0.3111825471512801,1.1100375276937766,0.17221722652750107,0.6439922424862492,0.9674355956048653,0.1675373646801273,0.1936341455398572,1.0180943177765382,0.18147635020592423,-0.20112242471624836,1.0349714029688257,0.1719141602989795,-0.24728175600026586,0.8646617301315047,0.12104020988128944,-0.24820376395483235,0.9027005458565949,0.20720328705682817,-0.3023537925539643,1.1126999060679417,0.2883370888924928,1.2748255523139487,0.9345381198464771,0.3115949941688979,1.5452327877077334,0.8295687661046276,0.2581738509368593,1.3935395425923534,0.7580174690909443,0.4663338926020766,1.1836397228211368,0.9274861809799062,0.5458796057801629,0.9021078882342158,0.9465734394155386,0.3922883341115294,0.9782321639376929,0.789694241707908,0.31693604751164295,1.1029339784021606,0.6991854148217844,0.30988299447158413,1.0970195079037204,0.6968684151662601,0.33444052931500157,1.0138977090215557,0.7701458818776552,0.12701115039631164,1.187799248200312,1.0194935264742442,0.05263791892796936,0.9022900741898001,1.033483244618116,0.050721913498554344,0.640007599793899,0.9725662575699761,0.09757164434500987,0.5498550829910059,0.9201657776056767,0.0684861133243162,0.5145938943687975,0.9109183453631697,0.034108643826807956,0.49631215026497283,1.0020188513359447,5.7
0.39530452473459904,0.6501802880180356,0.9196875596604959,0.39721771171948617,0.18779401041023502,0.9987781325463343,0.36374777819403936,-0.24106089900806388,1.0318051252015754,0.30949405322851553,-0.24804529966198452,0.8255020799324894,0.37943551943848497,-0.2577893587944162,0.8468574150819834,0.34872617436659187,-0.3103227541597694,1.1097984627213675,0.1733985549849907,0.6456084362885757,0.9636519935599741,0.1677759839446639,0.19394014101083307,1.0174723154991776,0.1814290994222945,-0.20108822238111565,1.0349102136506105,0.17193105605698358,-0.24726624883013493,0.8646850124663763,0.1211128119630088,-0.248062037588135,0.9026776853432903,0.2070942423794339,-0.3026393866651308,1.1125821301023122,0.28652133761202847,1.2754903726611353,0.9313464511158498,0.3109585940713078,1.5443218746183187,0.8295530080036061,0.25685482487966027,1.3930560038969892,0.7616113304861756,0.4656106398244888,1.1829629462886009,0.9301218842516009,0.5390465804462977,0.9034020905755872,0.9367745346333449,0.39166123804680775,0.988289370992832,0.800518573041136,0.3323542744407848,1.1257132253138002,0.7006300887555087,0.3247731267223848,1.1207852910505574,0.6993784603358569,0.3395483726154991,1.041030082966122,0.7590293538800487,0.12732643248590786,1.187967511502744,1.0204152140613654,0.052627158974800886,0.9037091819592222,1.0331761723077335,0.052495666021199996,0.6412402931842529,0.9689509832870209,0.09820313302324282,0.5506803626532835,0.9177326407103037,0.06925432497246761,0.5140900950645375,0.9104451286188909,0.03480673774831446,0.4962067757348727,0.9998489620543735,5.716666666666667
0.395160563012339,0.651717647327076,0.9185118602267568,0.3971882230300488,0.18815138061926026,0.9987190885212474,0.36374485626800634,-0.24079354370984035,1.0318133915609158,0.31052210290533167,-0.24828593295677265,0.8257702606738043,0.3793209698031124,-0.2577944931748343,0.8468524813599233,0.34852135921060373,-0.309356135657577,1.1095662007228242,0.17452677613228418,0.6472976241615156,0.9597772494161286,0.1680046935500994,0.19429697885742958,1.0167293988129242,0.1813668102674976,-0.20105812757770125,1.034818874914866,0.17193354542716838,-0.24725345812939678,0.86469482828995,0.1211769465361077,-0.24795882816037632,0.9026630231156461,0.2068209078273693,-0.30291907486541475,1.112353131557667,0.2854251563039608,1.2758750014406104,0.9288893603089533,0.31055445388208924,1.5432828300255241,0.8295177440606638,0.25502607406273625,1.3922343929568646,0.7670678306671329,0.4650522497159628,1.1819124884212255,0.9353644294935421,0.5326720082496739,0.9048728810888005,0.9275796984312188,0.39151733811643374,0.9998377146313415,0.8109180014414039,0.34598438389627106,1.148943616399186,0.7064305492527507,0.3393486173767538,1.1452546428834336,0.7051714129621431,0.34470878127586024,1.0708121354727766,0.7466626870386099,0.12711464985763726,1.1883887561929583,1.0198578591223173,0.05206138384202849,0.9053044803001218,1.0326563529726451,0.05420711819435424,0.6422025712648729,0.966043503212928,0.09874321501779712,0.5512618567927746,0.9158922207509455,0.07008796497481462,0.5130257343264492,0.9108731432092321,0.036445544869166166,0.4963313286802412,0.9978205735275018,5.733333333333333
0.3948923743314759,0.6529185894305433,0.9175307060193232,0.3971547062712509,0.18843203232762754,0.9986498030389748,0.3636534383289703,-0.24059680655646318,1.0317882063839376,0.3112533632495005,-0.2484220768829581,0.8259159443153279,0.37944917542135076,-0.25787642800544225,0.8469472229485502,0.3482937506384988,-0.3082945704379712,1.1093127161258745,0.17556625564894504,0.6490286495355372,0.9560599040746967,0.16822003327555035,0.19469009502246765,1.0158880983846528,0.18129098091010837,-0.20104832868329858,1.03468784313862,0.171923863388941,-0.24723807173800563,0.8646882650708533,0.12122363024432559,-0.24800590565487662,0.9025663926209839,0.20638028022680174,-0.3031276650746697,1.1120074755556708,0.2853323076677251,1.275875458371386,0.9282415002322373,0.31040721618017564,1.5422546962678594,0.8295165059968946,0.25300567736748336,1.3911993015045379,0.7729650476214254,0.46434988433762914,1.1807233281515876,0.9431625321121648,0.5272213206218737,0.9063804449465053,0.9194116023794814,0.39163117670424796,1.0130307594218029,0.8188449860092359,0.35619546778376465,1.1703303591647736,0.7167628942588518,0.35205699038420646,1.1686467467700947,0.713343830564866,0.34993849275007904,1.1011059632960327,0.7350637562949318,0.1263895323772261,1.1889765105432248,1.017850191321136,0.051088356372539154,0.906900524131695,1.0319894996640038,0.05562752456004005,0.6429787784621688,0.9636896758895275,0.09913904135347179,0.5515282097705573,0.9148938217853833,0.07097435796871411,0.5117569223519984,0.9116431749021016,0.03889481434817395,0.4968894219957451,0.9957130901369293,5.75
0.39452168461163417,0.6539212423007561,0.9165167954844994,0.39711593144002283,0.18862932819585915,0.9985565622874985,0.3634796466238703,-0.24039531008502255,1.0316788455703012,0.31148790667903337,-0.2483844034614936,0.8258281895834794,0.37993669216280745,-0.25807306487158654,0.8472086009188996,0.3480733719003144,-0.30723374973619333,1.109084994464691,0.17643381664441007,0.6507129777140306,0.9527219685859414,0.16839480886485098,0.195064574508784,1.0150724398643072,0.18120365139931496,-0.20104754402196381,1.0345161716879774,0.17190584212651433,-0.2472145049097758,0.8646639242791792,0.12124633056434611,-0.24828858377692525,0.9023325846896172,0.20581141490054072,-0.30320174900361113,1.1115696321372817,0.286118897821229,1.2754344203884396,0.9301514904711667,0.31042292594108295,1.5413769052796038,0.8295439684610493,0.2513404670957058,1.3900320581378969,0.7777521402906318,0.46338180452813793,1.1796437363646672,0.9529336302679718,0.5231437298260784,0.9077005808200117,0.9127268816772575,0.392040119245603,1.027823822716053,0.8232231279231724,0.36246220034075255,1.1880071179005165,0.7301099767519027,0.3618239453760448,1.1892873253247065,0.722209043203526,0.3546660313251583,1.1298660961737825,0.7254440677881097,0.1252343297554462,1.1897261204673455,1.0146253251650181,0.049999873286189614,0.9084321345934238,1.0312914533887514,0.056712130149315296,0.6438749960783543,0.9614471804409599,0.09937869059544738,0.5515205395942484,0.9147427138327812,0.07181451675348871,0.5105659580027622,0.9124265359822945,0.04182637088051604,0.49796506361763776,0.9932603674071526,5.766666666666667
0.39403515012741186,0.6548889808387144,0.9154157806731766,0.39707198949598776,0.18878420121214037,0.9984504553992183,0.3632753139170511,-0.24019584936662686,1.0314996888350982,0.3112731774590543,-0.2481876044677517,0.8255094924003128,0.3807635946768209,-0.2583509018262728,0.8475980541084134,0.3479237622275998,-0.30631039420919964,1.109018508199666,0.17703328598374163,0.6522467270824069,0.9498559811143273,0.16847886973226447,0.1953212900409534,1.0145102031463697,0.18111009870890835,-0.201007972783203,1.0343116903524074,0.17188230545893446,-0.24718162742630673,0.8646195799087045,0.12124205620033278,-0.24880620648619728,0.9019806676375083,0.20520130658153155,-0.30307743453122704,1.11108892404019,0.28740253986726827,1.274649604211588,0.9345499079084103,0.3104753011588638,1.5407291530098615,0.8295639141937183,0.2505873987731112,1.3887695334367507,0.7802884261792917,0.4622548764662786,1.1788635880501448,0.9635888598175948,0.5207174147434344,0.9087651064984321,0.9079618690704475,0.393071642371866,1.0437611158593805,0.8242563652911995,0.36547133441355834,1.20164152555858,0.7442649240681232,0.3683087511193049,1.2067028613565447,0.7300859379323115,0.35800577623731533,1.1553696106750602,0.7183660630993034,0.12382668948295134,1.1905693952373522,1.0106939255656495,0.04900795738065743,0.9098176436182596,1.0307284976830071,0.05758748831072925,0.6451177895201377,0.9587955677592916,0.09951002276904625,0.5514015191858501,0.9150767342452655,0.0724789677821901,0.5096189365867438,0.9131374868683927,0.044732156007238344,0.49975893494749546,0.9899821090873815,5.783333333333333
0.39342208647957566,0.6558846356628714,0.914313680539173,0.3970272148212267,0.18893513352609165,0.9983597662512773,0.36312654433399144,-0.24002593418405183,1.0312991105875937,0.3109666549552228,-0.24801981196068984,0.825233641821144,0.38181804683565446,-0.2586565923369296,0.848043280094051,0.34787761589244803,-0.3055837241598851,1.10918438870991,0.17728116292391838,0.6535457064386887,0.9474883508931966,0.16843245555439118,0.19538274238866365,1.0143792244269352,0.1810210628920333,-0.20088021684787516,1.034084106395703,0.1718561344312559,-0.24714703318342887,0.8645604618400659,0.12121370582180102,-0.24949016603659432,0.9015669707367727,0.20464370289760853,-0.3027179797257293,1.1106147321273283,0.2887827409756009,1.2737924119597337,0.9404607234541134,0.3105010883316445,1.5402970975195456,0.8295370691206789,0.25100233200068967,1.387451196210157,0.780187075340815,0.46117862736076587,1.1785286870637006,0.9736971536080206,0.5197557718521884,0.9097641445098484,0.9051146986040975,0.39497080420957165,1.0600166906454913,0.823373958377402,0.36644202420930255,1.2119933250543615,0.758368419900046,0.3720675870954798,1.2218196455791743,0.7362599289115689,0.3594308706336401,1.1764673466778175,0.713555602063157,0.1223942811716518,1.1913057728215861,1.0067087289026893,0.04824440778884232,0.9109425535898659,1.0304862538571355,0.05839369380689978,0.6466219847747927,0.9556202715489643,0.09960152393365268,0.5513801575951591,0.9153891538172574,0.07294433626675328,0.5090834319759325,0.9135365966805582,0.0471286327113377,0.5025429144841249,0.9855969830480364,5.8
0.39272005173397034,0.6568504760767433,0.9133219558105256,0.3969862477880247,0.18908773113741467,0.9982982429749521,0.3630953442073857,-0.23989514572536264,1.0311366654048708,0.31096389603888136,-0.2481733621166183,0.8254452701065934,0.3829574188791311,-0.25894603049163484,0.8484780526987601,0.3479006417392607,-0.30501585257707853,1.109485896065029,0.17712247766217043,0.6545560277726464,0.9457154859432717,0.16826604156347483,0.19527413909694474,1.014622887675787,0.18094859244858158,-0.2006980809736698,1.0338365777842873,0.17183145169312736,-0.24712626959471176,0.8645066089944338,0.12116952810166037,-0.2502491866174008,0.9011536007497232,0.2041861842913085,-0.30214399937584596,1.1101712600360312,0.2899622840203265,1.2731175846640137,0.9465246046302085,0.31050266021266526,1.5400307696003785,0.8294469299911978,0.25239789980628313,1.3861752194674386,0.7777838967096496,0.46034387623903206,1.178750707071439,0.9818489969498487,0.5195846247726861,0.9109320837557006,0.9034635850926098,0.39749355163279787,1.0756160112301674,0.8225647589160178,0.3662568001556674,1.2197424694321206,0.7729172136263076,0.37421676309373314,1.2358758618486223,0.7410727764624052,0.3591160416945202,1.1927227179023814,0.7100894034948284,0.12113209311256778,1.1917401505011802,1.0032210812133835,0.04780253293472519,0.9118035001179998,1.0304894948893968,0.05917402114070269,0.6480859269337765,0.952315433459942,0.09968627008078823,0.5515540425144947,0.9154255767526014,0.07333834405770658,0.5090881623407538,0.913118054216717,0.048801276608885155,0.5061839570524003,0.9804219452007578,5.816666666666666
0.3920160537580489,0.6576897291960812,0.9125219893987324,0.39695121820490475,0.1892240600917794,0.9982608202159491,0.3631440074958335,-0.23980206778099394,1.0310449968339406,0.3114229060183756,-0.24883579612428647,0.8264302371165281,0.3840251135422451,-0.259185130229738,0.8488452839860912,0.3479398820471635,-0.30456566758412856,1.1097755820717465,0.1765378417514693,0.6552598210927901,0.9447237075715107,0.16803527888031197,0.19511241600987217,1.0149770310301327,0.18089935793733136,-0.20061193834721308,1.0335696336242537,0.17181323424177827,-0.24713508873598333,0.8644834995964067,0.12112172194194445,-0.25099531503603995,0.9008059352497065,0.20382188504563087,-0.3014055492792926,1.1097565950755992,0.2907642607421667,1.272668268677341,0.9516153002686931,0.3104961661097634,1.5399323109294774,0.8293152556296203,0.25428561527229787,1.3850411977631008,0.774018263474817,0.45984205024784885,1.1795007110421771,0.9871998022762662,0.5194940087111928,0.9122690973274588,0.9019255383337067,0.3999404492860156,1.0896701025920288,0.8232176486713226,0.36519439029821454,1.22519820208774,0.7882064821836547,0.375613691891872,1.249412901844704,0.7451062517235088,0.3577583172694656,1.2046217448106527,0.7074846826832342,0.12014031352984254,1.1918389526952888,1.0005048164129862,0.04770849029466421,0.9125906248005677,1.0301737867624978,0.059897980336902946,0.6492552147508823,0.9493188725965183,0.0997771184199443,0.5517976690136557,0.9152814752277492,0.07384875169648984,0.5093736564121257,0.9115704376259173,0.049867843575413115,0.5097237650316763,0.9753916261875746,5.833333333333333
0.39139216153717526,0.6583634047973216,0.9119606333326425,0.39692282431979187,0.18932610726579835,0.9982398831418224,0.3631505485450894,-0.23973963991005334,1.031001340297711,0.31226923876815216,-0.24999017159030917,0.8281654631920061,0.3848619210333989,-0.2593576423353862,0.8491124905262295,0.3479792952047072,-0.3042417527497001,1.1100048610855406,0.17555170240552012,0.6556967644569294,0.9446302189711316,0.16779094702137834,0.1950048649508247,1.015200940998729,0.1808737720609993,-0.20076864077735404,1.033305193106986,0.17180532610501476,-0.2471781011754376,0.8645029220800466,0.12108393413315964,-0.2516466797227843,0.9005743366942466,0.20352514277186845,-0.3005433270184286,1.1093677526414443,0.2911221700101908,1.2723073585609066,0.9549945468667114,0.3104870851710325,1.5400365863498717,0.8291890567489186,0.2561302379505456,1.3840823736584247,0.7702760454916975,0.4596292854636592,1.1804938805535867,0.9898872614185192,0.5191234516721397,0.913548931296909,0.899618659257209,0.4015525889350865,1.1014998676678194,0.8251919178522509,0.3632818878045835,1.2289755312317985,0.8034902997246703,0.3763779617534631,1.2624340086098926,0.7486444602977099,0.3562984175154112,1.2134070449595147,0.7064317401040199,0.11940588571534305,1.191736985372692,0.9985099420859451,0.04785582732052354,0.913412367599642,1.028993027753819,0.06054118310481141,0.650048715243577,0.9467252096746448,0.09990803223440092,0.5517878243776932,0.9152070545809609,0.07459927133196637,0.5091384760191,0.9092497371221565,0.05056329016097439,0.5116555682431274,0.971758544390851,5.85
0.39087081115277017,0.6588835435724778,0.9116657943753533,0.39690259189086846,0.18938667584508967,0.9982315832301113,0.3630305031445114,-0.23970766827112844,1.030953008879521,0.31334440996780455,-0.25148869043637334,0.8304431880535329,0.3853546124555852,-0.25948393746196785,0.8493006036971495,0.34803245907001856,-0.304071334824834,1.1102076015611717,0.17424758890397055,0.6559494781369548,0.9453474047866391,0.16754182793209219,0.19497587890471935,1.0152425674515264,0.1808686620800276,-0.2011695858912807,1.0330856878294647,0.17180396955853372,-0.24723799163773552,0.864545500025392,0.12106561508823921,-0.25213705895317023,0.900465901444675,0.203288559494411,-0.2996065697099674,1.1090256707571857,0.29111320874790325,1.271862871068996,0.9563274676367022,0.3104732918770307,1.5403411134234366,0.8291087268316006,0.2575427689353352,1.383286009761684,0.7678320381516694,0.45958049904754095,1.1813213066619577,0.9907948558284421,0.5184253578658382,0.9145674190163584,0.8961748688595759,0.4018189431090039,1.1107914005483093,0.8268476068030861,0.3606425545065346,1.232224286386439,0.8173060544488463,0.3762021859549762,1.2747452865832336,0.751714746788211,0.35558336823503867,1.2203338307263654,0.7080665387801999,0.1188810659395198,1.1915735037850481,0.9970912829468452,0.048018217508942765,0.9140452852169414,1.0271209206487038,0.06110152142111215,0.6504829014269355,0.9444417226913844,0.10010532718439458,0.5512060671369927,0.9153753750732755,0.07559340746495638,0.5075089259686181,0.9070203186334805,0.05097012809540965,0.5108185230584082,0.9704733849599048,5.866666666666666
0.39040661719923225,0.6592398387596977,0.911675717579183,0.39689253852230494,0.1894081940097811,0.9982334045762754,0.36280169101488696,-0.23969839196431408,1.0308659061367762,0.3144972998806525,-0.25313194269379585,0.8329878267822683,0.38551620665030156,-0.2596152446943439,0.8494757254658756,0.348108382649764,-0.304064229433559,1.1104076861581489,0.17275532137483895,0.6560648031131686,0.9466625903719589,0.16726770740182392,0.1949904885237021,1.0151830268386348,0.1808767973931058,-0.20168430047888392,1.0329336473378308,0.17178975726623688,-0.24726723685852392,0.8645486800131449,0.12106901089678879,-0.252442804950165,0.9004467843969539,0.20313112190745655,-0.2986913954805311,1.1087737564282791,0.29097738691694985,1.2712359977886984,0.9558693860181495,0.310450310863289,1.5408054536494886,0.829092528470649,0.2583594584227858,1.3826309197709568,0.7671448492671982,0.45960049088830024,1.1817429023662256,0.9908681272828326,0.5175181947877524,0.9152888846587948,0.8917569036373858,0.40051691946239754,1.1177490278243496,0.8261167954984479,0.3575164251086075,1.2358675102237506,0.8284292717958337,0.3748868315638274,1.285716246205234,0.754190306682696,0.3559925449340102,1.2262713395667637,0.7126543659423774,0.11857702005976029,1.191345103983528,0.9962759739857413,0.04800575439788548,0.9141879673253435,1.025240283770577,0.06155171319229083,0.6505634567882235,0.9425511871672693,0.10031178471781074,0.5499966529606904,0.9156869586554085,0.07667597854730801,0.5041943826491337,0.9056260238441105,0.05102515084581685,0.5070913134333018,0.9717509435186907,5.883333333333334
0.38991715035371,0.65938044155247,0.9120606762088967,0.3968929200070772,0.18939546605318125,0.9982435537762295,0.3625177335378286,-0.23968198817788236,1.0307439808700165,0.3155882098799665,-0.25468883054322017,0.8354632882931959,0.3855172436819796,-0.25979837578452564,0.8497028926612549,0.3482021907268996,-0.30421330598169705,1.1105940489215325,0.1712017791666684,0.6560075506524204,0.9484219345889208,0.16695795725353516,0.19501253171595395,1.0151033600633932,0.18088643993260478,-0.20215812541401265,1.032834502761032,0.17173446891945926,-0.2472045646641103,0.8644288002511011,0.1210911386479968,-0.2525735370893233,0.9004780760217423,0.2030803709242341,-0.29792624124831,1.1086524934521529,0.29096391337251937,1.270486637866646,0.9544631649665669,0.31041592633628406,1.5413720551934253,0.8291410771543839,0.25863684641174856,1.382122400549773,0.7677311371857926,0.4596721842760466,1.1817568905448501,0.9907738524365137,0.5166166530942178,0.9157933100506471,0.8868239884223816,0.3976397108099886,1.1229495632554631,0.8217725327001865,0.3542317564329013,1.239960707289103,0.836430645336722,0.3725636768240633,1.2942509919092535,0.7558767499082965,0.35745534598240325,1.2317617762985282,0.7193911036029663,0.11851394917164577,1.1910060483249971,0.9961190856279079,0.04781479694529872,0.9138062617458975,1.0238874466338967,0.061840723108734966,0.6503202484149053,0.9412949739675114,0.10037577937131481,0.5484069701286705,0.915770335751405,0.07749206119967406,0.4996666854198649,0.9053218169760955,0.050708465622503654,0.5012765420986649,0.975311681509631,5.9
0.389342463386515,0.6592668513741065,0.9128702868271558,0.39690138264763863,0.18934798299099306,0.998262238525807,0.36220281670719856,-0.23963944313314453,1.030613635964318,0.3164728305271262,-0.2559203173572435,0.8374876999570264,0.38555601673859996,-0.26003942910492883,0.8500046692095964,0.34831166628660626,-0.30451680635026085,1.1107652447797571,0.16967674943607586,0.655707864742426,0.9505986009356479,0.1666405420980979,0.1950256781042956,1.0150382180662352,0.1808881299287046,-0.2024956224672052,1.0327638151827672,0.17164901707157557,-0.2470686057104232,0.8642177945154853,0.12112435379594547,-0.2525176391577202,0.9005582399436375,0.20314379388567017,-0.29741323075752885,1.1086765140358015,0.29113184687508153,1.2698626779024953,0.9531166296208262,0.3103761370138197,1.541962186569312,0.8292375310807796,0.25864859155857695,1.3818295977297566,0.768664490923612,0.45979322984676085,1.1814591345695722,0.9908528961471267,0.5159497620836802,0.9161954477483356,0.8819838483595517,0.3934257265847345,1.1269646309075634,0.813948693771188,0.35124370595689497,1.244010237719143,0.8411114985522156,0.36962555500540784,1.2993757056666893,0.7566842868268717,0.35967710906995065,1.236890387105582,0.7271403429635991,0.11861487114090821,1.1906523305808832,0.9964013480423508,0.047609366481069386,0.9130793224697066,1.0232936076615802,0.061940264582000124,0.6499124539700161,0.9407215831570969,0.10014478437250535,0.5467817136732129,0.9152619545869144,0.07763335394957784,0.4948104008455987,0.9060179095234815,0.05005705953985655,0.4945157506770704,0.9806945084502217,5.916666666666667
0.38869996740576435,0.658954120937274,0.913981632487044,0.39691454833661816,0.1892598457752322,0.9982913759837388,0.3618628475504276,-0.23957910420388973,1.0304947804787978,0.317029320900281,-0.2566471088190637,0.8387425050275187,0.3856481553493887,-0.2602887292513679,0.8503397599475245,0.3484613566910152,-0.3049991885930683,1.1109927512350892,0.16824136410840385,0.6551508983086416,0.9531756708605329,0.16638165843422528,0.19502530709916466,1.0149972195632753,0.1808823550589172,-0.20268727380070467,1.0327127748943794,0.1716436268141236,-0.24707373472315125,0.8642413060958473,0.12115678236661087,-0.2522325654764314,0.9007271131392214,0.20329464085889526,-0.2971918520768105,1.1088333115451428,0.2913537187847085,1.2696906288885492,0.9524445299465103,0.3103462203197688,1.5424958460829192,0.8293493519048032,0.2588159738160894,1.3818337985655664,0.76917531830123,0.4598802419771711,1.1810043140449935,0.990986455536272,0.5156622693067341,0.9166280292516601,0.8779461818002499,0.38847844168886586,1.1301220022638288,0.8039236001300551,0.3489238558603175,1.2476380689768973,0.8421817058206487,0.36650926636861314,1.3009324782916767,0.7567750562286022,0.3621987239325833,1.241356988794673,0.7348220578837403,0.11874928322836106,1.1904493912311742,0.9967569976868725,0.047597565827923585,0.9121769394396098,1.0235652698659286,0.06185351606345399,0.6495684921298059,0.9405673960847969,0.0995673968674067,0.545386919080419,0.9140518112147787,0.076922238124689,0.49045298538121473,0.9075221445325176,0.04906177176062019,0.48800758489889173,0.987060244867591,5.933333333333334
0.3880735730896324,0.6585981970414208,0.9150547459868166,0.39693048624036475,0.18912824411254464,0.9983314980003273,0.3615279238805617,-0.23951833154520685,1.0303989603551973,0.31723606654969155,-0.2568541091891656,0.8391648318764108,0.385609066222724,-0.2604643424286354,0.8506140133027712,0.3487052862068042,-0.30570935645374464,1.111426560685149,0.16695053633355914,0.6544324672247773,0.9559795360455401,0.16624536834542014,0.19501040962136018,1.0149846398202689,0.18087663131375792,-0.20277244396516092,1.0326868519340398,0.17187182439903084,-0.24751910807921004,0.8649538388541169,0.12117874345348607,-0.2517019824632224,0.9010130764891227,0.20349499262971854,-0.2972512213235044,1.1091005111967422,0.29144206485999646,1.2702267746934615,0.9523153389456771,0.3103413796623986,1.5429407496296936,0.8294498796480969,0.2594489427805472,1.3821244330771136,0.769050795158266,0.45976791233820113,1.1806136928277637,0.9907066359126444,0.5157357954347345,0.9171960056696179,0.8752748483714633,0.38365170287361705,1.132551763089868,0.7934955226078028,0.34721049090169487,1.2508298574489265,0.8401100035009292,0.3635440215302973,1.2998557428649078,0.7564896770114695,0.3645036880099097,1.2449440927006887,0.7414210823662319,0.11886276316087033,1.1904209130045944,0.997041233714099,0.047923075011453944,0.9112043674223761,1.0247492808153011,0.061614267371122286,0.6493658618454302,0.9406299582631981,0.09871427695981588,0.5444283582395295,0.9122566553824685,0.07551356505108474,0.48717613582030866,0.9095062581688826,0.04772486470207786,0.48297942338632804,0.9931621676674631,5.95
0.38754831425583114,0.6583376001840289,0.9157613711278834,0.39694969499262966,0.18895941751460993,0.9983791428722861,0.3612706734051797,-0.23947604217378046,1.0303482253743768,0.3172165593515106,-0.2567361534878266,0.8390379873916197,0.3852536706548626,-0.2605021147438515,0.8507314220381121,0.34908354312121237,-0.30667810537422824,1.1121777386823528,0.16585186836915017,0.653722000882895,0.9586837855989369,0.16625043333322007,0.1949813579918961,1.0150023780428605,0.18087652957108843,-0.20278574862194215,1.0326941250286357,0.17235543272608483,-0.24844959503781708,0.8664197468628939,0.12118832521787302,-0.2509755107188301,0.9013958547995723,0.20372906010786426,-0.29755868533190843,1.10945711561327,0.2912428556212924,1.2715719384257431,0.9520520060748219,0.3103619999864926,1.5433265867937207,0.8295394352771204,0.2605234974322845,1.3826355021154475,0.7686022413261195,0.459317036538319,1.1804956293175706,0.9896268354787484,0.5159801896133767,0.9179004213596813,0.8740904256211648,0.3796277506435377,1.1343375823747048,0.7842259805437715,0.34566998345904376,1.2537869339319156,0.8363670330977437,0.3610001695309061,1.2977509604838058,0.7561521480939202,0.36616051724218657,1.247647001673598,0.7460039999119532,0.11896882242467519,1.1904551633234812,0.9973042511681256,0.048626524916720024,0.9102789489714361,1.026707485101271,0.06130197736082914,0.6491678169932814,0.9410929679932957,0.09773159083302742,0.544130186651975,0.910082923371678,0.07377112783683037,0.48538452547099536,0.9113516475401691,0.0461799977982979,0.4803947835556823,0.9978655633441337,5.966666666666667
0.3871643413143554,0.6582147441659123,0.9160034677523581,0.3969741631324726,0.18876262004987374,0.9984291859733336,0.3611604361484499,-0.23946564203628506,1.0303566281529681,0.3171470687459061,-0.2565595386229865,0.8387696004117079,0.38454438788989986,-0.2603859583578994,0.8506465500704846,0.34957176760336095,-0.30785776910432294,1.1131864031815326,0.16495942668535302,0.6531542024402296,0.9610062380534796,0.1663696920041538,0.19494079810048603,1.015045794719295,0.1808817434122144,-0.20273808016876946,1.032738278809009,0.1729311107651133,-0.24955150140973453,0.8681537454443563,0.12118808487868193,-0.2501560341969838,0.9018289363084168,0.20400368501111288,-0.298069977804615,1.1098644167396796,0.29069704830002363,1.2735879504652319,0.95111184991752,0.31038934168202786,1.5437115032842597,0.8296404245007115,0.26176866865498555,1.3833534914872878,0.7682308637401751,0.45849459374573104,1.180777640691928,0.9876816292922327,0.5161736465558384,0.9186511155554158,0.8740404168759193,0.37664856478568814,1.1355840340287606,0.7770580317718707,0.3439424851541018,1.256623157707957,0.8322944867911157,0.35911622929080683,1.295991082573218,0.7559645007379423,0.36687919467339125,1.249508797670358,0.7479960187526589,0.11902138276396995,1.19048204222493,0.997437730911129,0.049642188311248364,0.9095814953366572,1.0289347241710947,0.06097527122081357,0.648813137290994,0.9422774592166614,0.0967637443523001,0.5446481145040669,0.9077795511717583,0.07207487962789577,0.4852177118764891,0.9123590996545184,0.044659236198540786,0.480510027821064,1.0006016554520274,5.983333333333333
0.3869232565179951,0.6582599735050579,0.9158334164490531,0.3970060470495287,0.18853918663119543,0.9984802405540889,0.36120226836202984,-0.2394833704172722,1.0304039158801817,0.31711442655477246,-0.25646230374789564,0.8385760456011871,0.38357510215737556,-0.2601417235227284,0.8503794006196631,0.35009539615218327,-0.30911965505054145,1.1142672392588988,0.16424730333328633,0.6527455537594671,0.9628858018011657,0.16655044498949992,0.19489588672793884,1.015100212202326,0.18088896137393923,-0.20262153400010155,1.0328158310515994,0.1733987656908109,-0.2504357510430906,0.8695573475671586,0.12117999138722493,-0.24936724197958035,0.9022592963526517,0.20432748586371144,-0.29872441790954224,1.1102559935757454,0.2898580477011484,1.2758909487521695,0.9494866016578736,0.31040020201264096,1.544147623542501,0.8297765936444174,0.26290787313438013,1.3842897469648452,0.7681219176466654,0.4573899351853327,1.1814603613669925,0.985095903861895,0.5162359249717806,0.9193629200125142,0.8745212669425815,0.3746812432716021,1.136384339759194,0.772418136112077,0.34204453954763364,1.2591398743925073,0.8284360803578039,0.3579828358000362,1.2951455872300346,0.7559784873686981,0.36667122271069674,1.2506320601722822,0.7477773630933009,0.11888851549101224,1.1905328713206658,0.9971120892774679,0.050754128480476654,0.9092711086778805,1.0306873905024059,0.060562069180067346,0.6482641493138632,0.9442472482795383,0.09587778986201279,0.5458597454876741,0.9056585925004894,0.07068347108542189,0.4862767548089665,0.9122908416838856,0.043351731729624296,0.4827161044417102,1.0014561655108263,6.0
0.38682076553634154,0.6585463826486176,0.9152601787341947,0.39704623555289054,0.18828288836614188,0.998535407348606,0.3613356366756609,-0.2395134891974949,1.0304566260926105,0.31710451816905993,-0.2564393296707268,0.8384619497762635,0.3824988899482149,-0.2598270768033453,0.8500078773519211,0.3506007328910961,-0.31033131820316817,1.1153020919145475,0.16367924393041547,0.6523991807634126,0.9644483032817514,0.1667294197810681,0.19485769544827164,1.015143207773039,0.18089620043986232,-0.20241975565783454,1.032919735894974,0.17364949933951573,-0.2508862516056812,0.8702998721223202,0.12116505617543483,-0.24872434627031054,0.9026180335054269,0.20469890910791047,-0.29945038918996325,1.1105875831199203,0.2888471916392801,1.2780191797288238,0.9475324302477204,0.31038604213674736,1.5446445411340401,0.829946949065113,0.263789837978598,1.385392612259883,0.7682651728135972,0.45623534926809056,1.1823604741838107,0.9823820550691988,0.5162123400670025,0.9200152305503368,0.8749614435663879,0.37369935712609237,1.1368112914062205,0.7703340068823752,0.34030649819410375,1.2609064688452365,0.8249595392345217,0.3574999278668981,1.2951957124898,0.7561449600089004,0.36594911596240476,1.251099254151217,0.7466572536762828,0.11846842875556668,1.1906605537700696,0.9960818057830776,0.05159328888117812,0.9093010401638691,1.0315426066857731,0.059910829456639045,0.6475793285266096,0.9467774635022288,0.09505887587974729,0.5473637441092221,0.904042772725866,0.06973613071722733,0.48769052803376267,0.9115742607650806,0.04232558482532143,0.48585497098242847,1.0009995165845456,6.016666666666667
0.38686560788552554,0.659069463590877,0.9142285692832193,0.39709170310785846,0.18799726445018244,0.9985952119946919,0.3614752829750992,-0.2395406449243232,1.030494355185593,0.3170884434234293,-0.2564635283919094,0.8383937930023476,0.3814821921317547,-0.2595263618916352,0.8496489464845457,0.3510834191901575,-0.31141572455729977,1.1163099671373904,0.16322442866171002,0.6519798508736081,0.9658214904778032,0.16685269311838416,0.19483646438604907,1.0151523928114379,0.18090326412579932,-0.2021203039754584,1.0330464444264758,0.17365533153652338,-0.25084729653805565,0.8702968109962773,0.1211436113988445,-0.24831073044675525,0.9028345215399022,0.20510500488444997,-0.3001847502785958,1.110875223448973,0.2877915210462082,1.2796274295396461,0.9456006388056241,0.31036207565257845,1.5451561387339503,0.8301004251297912,0.2643823998504581,1.38653451937452,0.7685372845066256,0.4553626628027948,1.1831327027903942,0.9803398975000638,0.51613413330301,0.9206015967960597,0.8750188629280857,0.3736765372726676,1.1369643801168738,0.770401948949546,0.3390925776707321,1.2614821114468775,0.8220427987017517,0.3574528972854303,1.295878728537022,0.7563953549863094,0.3652248723749659,1.250779207807916,0.7457463904948479,0.1177715989754054,1.1908828816180579,0.9943344111751419,0.05179144648459301,0.9094280806460666,1.0315883954387528,0.05896043783222908,0.6468480730238364,0.9495185608860877,0.09426994434424674,0.5487719673562483,0.9030889911662696,0.06929919625776633,0.48865821118258446,0.9108668425520915,0.04157104146477589,0.4888242365701787,0.9999753453655085,6.033333333333333
0.3870653849830692,0.6596305399066178,0.912777860896443,0.3971322980127702,0.18771933977646782,0.9986493314881068,0.36156034410194976,-0.23955599420589702,1.0305102979355294,0.3170675578090622,-0.2565452326265951,0.8383722657773883,0.38068334237956136,-0.2593210725076004,0.8494107034270192,0.35153480113623536,-0.3123318152004216,1.1172922975048982,0.16284893193598604,0.6513961679260193,0.967023372273213,0.16689194016236622,0.19483570509223108,1.0151185889492897,0.18090948450421712,-0.20172875805211934,1.0331962386921785,0.17341857923743745,-0.2503289180083832,0.869559785302847,0.12111493594963221,-0.24814561197095755,0.9028874557450837,0.20552253697536413,-0.30089453594221094,1.111154604949124,0.28678967143347,1.2805938925093296,0.943751860715446,0.3103620009967689,1.5456414873149127,0.8301487472434832,0.2647143198493479,1.3875736866901733,0.7687580893981094,0.4550477007756291,1.183410376084821,0.979875346519913,0.5159928246568973,0.9210321967070525,0.8747052484785744,0.374375155671984,1.1368248628168214,0.7719807778992891,0.3385607750500298,1.2604495295751081,0.8199291288227565,0.357589013137918,1.2966059641162582,0.7566845816236851,0.3647075048048654,1.2494770095672338,0.7450398434348773,0.11689248136726171,1.1911972149255718,0.9919046511412297,0.05117838913222686,0.909472930309712,1.0309449282892738,0.05779724004138386,0.6461623571882656,0.952092623454817,0.09347846518939634,0.5499416543479988,0.9026545047326502,0.0692993425067079,0.48890876285191476,0.9105072489002674,0.041072427844791565,0.49102754839506413,0.9989991574644277,6.05
0.38739137241747384,0.659923678001663,0.9111399288624762,0.3971526395345715,0.1875200511650897,0.9986794977160078,0.3615850274869685,-0.23955925720952523,1.0305076244389422,0.3170557013871189,-0.2566852148981599,0.8384000919523263,0.38022589531263806,-0.25924862664270193,0.8493459375519761,0.3519112961164767,-0.3130492433550437,1.1181424552190946,0.16253215357615786,0.6506423215026801,0.9679799218848488,0.16683240446784964,0.19484842079011755,1.0150593612617014,0.18091359048078243,-0.20128373764542618,1.033365618810939,0.1729711948342948,-0.24940261864815472,0.868185335048523,0.12107861326594146,-0.24815306461180456,0.9028264707032301,0.20591139916477716,-0.301590614800248,1.111432731398588,0.2859189250720817,1.2810529883758524,0.9418010885552792,0.31039523517609036,1.5461077331804998,0.8300801021449016,0.2648441100373104,1.3885054050505832,0.7688076700582815,0.4553760000472503,1.1829878960913018,0.9815648298364379,0.5158607713844499,0.9211149464165451,0.8745012886079899,0.3753520513387012,1.1360032043686992,0.7744911668806944,0.33865175786389456,1.2574549370623584,0.8189967919797551,0.35769471644344963,1.2964005287391185,0.7570436983721641,0.364260161259105,1.2472180323662299,0.743798012382711,0.11595589545971398,1.1915945643493029,0.9888126226852818,0.0498551606699156,0.9094559814439607,1.0295575390603178,0.056573075191421636,0.6456123242771915,0.9541138388920423,0.09266289024328621,0.55090061795205,0.9024310587409284,0.06948608475793183,0.4886783813961034,0.9104326903450572,0.04081360773698062,0.4924161375347147,0.9983647960745581,6.066666666666666
0.3877584583774804,0.6597804618476728,0.9096067432729689,0.39714339574725,0.1874588490465958,0.998678284653365,0.36157920758453704,-0.23955635294917577,1.0304964801919734,0.31704721181691764,-0.2567968051522904,0.8384517035593035,0.38013968851882396,-0.25928918959758485,0.849440730792752,0.35217656797090635,-0.3135518080494671,1.118762878327944,0.1622937982194452,0.6498052927253566,0.968562913097363,0.1666538088883823,0.19486162254698108,1.0150091207025107,0.18091553347002737,-0.20085136088105787,1.0335397806395972,0.1724237014867157,-0.2482922897270053,0.8665000773825514,0.12103698165278656,-0.24820333473264125,0.9027285908424993,0.20621018232654942,-0.3023027586514787,1.111683052616432,0.28525089552331356,1.2812940565298474,0.9396382001356298,0.3103836685634459,1.546564959391738,0.830118125236682,0.2648605093399192,1.38960023328009,0.7687768516696982,0.45621249157533383,1.1819993088086271,0.9849547725563994,0.5159658931869882,0.9206624487748438,0.8751570471946458,0.37621905700551583,1.1337483528935601,0.7773632732449893,0.3392216754491513,1.2525388018600747,0.8196007620796797,0.35768615896182177,1.2942440374055022,0.757440014087555,0.36355919998101877,1.2440349220336566,0.7415028139740085,0.11509375112544654,1.1920238106674155,0.9854309219959707,0.04813346560722623,0.9094635414633906,1.027472953544195,0.05541809909613509,0.6452832110519346,0.9552407808464493,0.0918515123028817,0.5516544539053677,0.9022342500584849,0.06962482792908077,0.4883958112968584,0.9104527083831898,0.040729095668643855,0.49323695084935143,0.9980486452558118,6.083333333333333
0.38805485975112697,0.659324655879251,0.9083305303469422,0.39711106984343575,0.1875373351515742,0.9986639184674794,0.3615690624899053,-0.2395537605531951,1.0304875653600094,0.31701145790858987,-0.2567177326396407,0.8384773354972351,0.3803119928685701,-0.25938959481747065,0.8496249360761228,0.3523247038629115,-0.3138277527864262,1.119137133948023,0.16217417792987393,0.6490477021893601,0.968666367175838,0.16635411573418774,0.19486709326934293,1.0149885452541536,0.1809170553479702,-0.20048356432679276,1.0336961220953107,0.17197381036664128,-0.24738682067527576,0.8650947471368865,0.12099710831857402,-0.24821368436403354,0.9026448857401963,0.20636756091967576,-0.3030132933090218,1.1118646303337678,0.2848125399005367,1.281546524547337,0.9373136039778631,0.3101920977084821,1.5470046086613238,0.8306573090339388,0.2648282875996435,1.391250334961886,0.7689832158843266,0.4572878017903052,1.1809581567756045,0.9881389757784711,0.5165650746352815,0.919611650778198,0.8771285630846748,0.3768058850563518,1.1291399317632806,0.7800249557534455,0.3401270155938606,1.2463393252588357,0.8215446106088373,0.35769091193565417,1.2895708917494841,0.7574882183002133,0.36228353023339044,1.2394279981203802,0.7383505830020178,0.1144341534225014,1.1923717087901684,0.9826820673975496,0.046388756437329676,0.9094566452103594,1.02496472989627,0.05444829961661214,0.645218484131954,0.9553528890445324,0.0911347401484415,0.55215082445162,0.9020843071855643,0.06966332937458691,0.4884049485469396,0.9104435685204835,0.040709865844020615,0.49376515999435056,0.9978928411763921,6.1
0.38819633975382356,0.6588213640115934,0.9072999879414707,0.39707146381250424,0.18770870642895013,0.9986647172582828,0.36156364896414006,-0.23955391018015124,1.0304856303797754,0.3169184360926937,-0.2563279822374177,0.838432786304943,0.38055329893339285,-0.2595018209171464,0.8497997233449696,0.35235866554622736,-0.31386306310561224,1.1192710548629368,0.16218613241035856,0.6484890153801037,0.9683881186459952,0.16598294635686905,0.1948648319293903,1.0149933004738159,0.18092016142769535,-0.20018550858016704,1.0338178598704013,0.1717789445211642,-0.2469905487569764,0.8644491336217961,0.12096904556798745,-0.24818315699279772,0.9025885946894636,0.20638351677573832,-0.3036285227021578,1.1119498768857656,0.2845279569600181,1.2818775175093944,0.9348371145919415,0.30974237891596934,1.5474350584128171,0.831917617998278,0.26469025943773616,1.3936406673428923,0.7697643278561788,0.4583925640916341,1.1804878307000388,0.9883554459919356,0.517715664708616,0.9180311672207666,0.8803191243240698,0.3771287596536723,1.1214669319952755,0.7821874891674904,0.34132988721047147,1.2396491880944067,0.8238348641494675,0.3580154353545296,1.2823513242985192,0.756586131298734,0.36033803688052,1.232346795383589,0.7350999300579553,0.11407558662074911,1.1925250594958114,0.9815134240986595,0.044916721659349915,0.9092212249206051,1.0224265343071708,0.05382409647814684,0.6453508206457843,0.9547735306845522,0.09061897076984629,0.5523717441219291,0.9020490549008142,0.06962308606652534,0.4888660655073306,0.9103614344681275,0.04068502770326009,0.49414840068845045,0.997792466214515,6.116666666666666
0.38816257940700416,0.6583663848999225,0.9064796053428317,0.39703320394962166,0.1879100854129494,0.9986832815722596,0.36156205134608416,-0.23955479702234078,1.0304890757415528,0.3167636654053258,-0.2556289602810148,0.838305158061976,0.3807301613084273,-0.2595817810352813,0.8498742005553963,0.352285302687692,-0.31367667579438474,1.1191675956000144,0.16228915815713518,0.6480390822946424,0.9680964366528579,0.16561375051266486,0.19485690783670134,1.0150078890921048,0.1809253179564051,-0.19993412343002778,1.0339030436527403,0.171811194264331,-0.24704284158515194,0.8644978737479264,0.12095875363318875,-0.2481425658166068,0.9025530228615479,0.20629897014945198,-0.30403513318446646,1.1119372992329883,0.28427238068036537,1.282260104772632,0.9321883445733234,0.3090191169907962,1.5478621734670872,0.8337170154686546,0.26426568664417005,1.3967160042055096,0.7712584183428467,0.4594596671718122,1.1809854975292977,0.9832285292898173,0.5191879310662549,0.9160671683660124,0.8842976829066445,0.3772765394643505,1.1106906584724388,0.7837884361538662,0.3429181988708607,1.2326931190516133,0.8247262724499155,0.3586909908112821,1.2726182599960298,0.7541210396576528,0.35777782478189746,1.221727238968876,0.7324281656038631,0.11404103403420852,1.1924425070346938,0.9822618420396019,0.04390244494339285,0.908530069092931,1.0202638409687865,0.05365726962744892,0.6454886965461852,0.9542374004284324,0.09037358485177227,0.55235905866138,0.9021337008297869,0.06947437044220027,0.4897643588156728,0.9102337378726238,0.040657469178937984,0.49436211539086244,0.9977579333609248,6.133333333333334
0.3880315225780589,0.6577960592162375,0.9059242979586959,0.39699388912984745,0.1880767751980566,0.9986917578798877,0.361561799351449,-0.23955405575085414,1.030496766750343,0.3165692714566195,-0.2547154128406849,0.8381134638639722,0.3807958968725719,-0.2595716396914545,0.8498080151485873,0.35213883727180945,-0.3133659497375696,1.1188854652932354,0.162410343919612,0.6474587679716766,0.9681536723938161,0.16529282615987897,0.19484265719836374,1.0150192583445883,0.1809314102741713,-0.19970940721111452,1.0339631124673796,0.17191452734454224,-0.2472309680764965,0.8647915116534929,0.12096265186561067,-0.24811145431273318,0.9025312626420399,0.2061605645390508,-0.3041553780040746,1.1118405807279903,0.2840024922344706,1.2826359048005676,0.9295617356931113,0.30796826833694574,1.5482437580706827,0.8356675238828524,0.26337202522572345,1.4003258524590123,0.773444783436642,0.4604382963122667,1.182513690819157,0.9718145030559309,0.5206583959568809,0.9138821903920087,0.8885449472377502,0.3773004286794181,1.0973436719051062,0.7843927988411903,0.3446184705501537,1.2250256689654844,0.8214668115288175,0.35875707044961314,1.2600943244034188,0.7490785445741013,0.3544713647376504,1.2068573133931462,0.7302498921760194,0.11425818257577502,1.1921549591509493,0.9846127098303521,0.04344887960793673,0.9073517966593425,1.0188185527515214,0.05380634939774198,0.6454271272450622,0.9544734491824673,0.09038529526251679,0.5521557443423452,0.9023057682310557,0.06920502427593843,0.4908939802904675,0.9101610415916515,0.04065816215871711,0.4942831308808783,0.9978395699015781,6.15
0.3879729945339354,0.656888378246561,0.905762590018095,0.3969545937405707,0.18816224854209146,0.9986727497136519,0.3615625068747835,-0.23955330475771142,1.0305113178375083,0.3163679348361999,-0.2537189258040956,0.8378927196993149,0.3807294071120559,-0.25943935839964954,0.8496375664338824,0.351987794012988,-0.31308204111808907,1.1185748128586173,0.1625035690044729,0.6466101476925128,0.9686032333525924,0.16503064237035375,0.19482019617388519,1.0150224206129161,0.18093663043711206,-0.199499531045845,1.034016298164599,0.17198032009012687,-0.2473359166526174,0.8650091937531074,0.12097098408320861,-0.24809576303697822,0.9025256596675671,0.2060097887863919,-0.30395451659479195,1.1116775150270908,0.2837795619812236,1.2829446915834377,0.927407213410777,0.3064831494307318,1.5485470431929464,0.8376324504032134,0.2619566214569848,1.4042109082893026,0.7763138201080684,0.46124787319233623,1.1847915153047295,0.9551736485079665,0.5220259622564689,0.9115488171212747,0.8926195732293793,0.3772320495618175,1.0819868875281444,0.7828983863315357,0.34528748478157056,1.216033423709153,0.8107145078039716,0.356385714972009,1.244297353170197,0.740016342880194,0.3500202210555961,1.1874281683358183,0.7275244843737521,0.11460396025335036,1.1917265459531057,0.9879536775715746,0.04355413084549849,0.9058471335898713,1.0182730783776037,0.053917592846058196,0.645086672463832,0.9557843626870147,0.09052912522433867,0.5517758814332143,0.9025297037920308,0.06889943384976252,0.49189020726655497,0.9102353830130107,0.04070306530586308,0.4937715336380537,0.9980252134045864,6.166666666666667
0.38814064211051,0.6555680269523052,0.9060835047621922,0.39692660769357907,0.1881602122287672,0.9986321228537071,0.36156540707201407,-0.23955820255639657,1.030534322530517,0.31618926742064146,-0.252778764068014,0.8376768853291938,0.38051471841329854,-0.2591874679512967,0.8494347736075277,0.351892824804882,-0.3129264324325118,1.1183859119021644,0.16258757097412604,0.6455585167544282,0.9692327098308613,0.16482147369572486,0.1947906922124238,1.0150207563163154,0.1809393002654778,-0.19930338319115032,1.0340771937494344,0.17199986906982812,-0.24734203612739664,0.8651169356019109,0.1209764454371105,-0.24809655222324498,0.9025407523759003,0.20587348952041604,-0.303480035045608,1.1114726222366265,0.2836735481497926,1.2832025551491386,0.9261689206016525,0.3045074855778633,1.548829412193192,0.8399298079644156,0.26017664906782056,1.4080343922746736,0.7798261905449853,0.46187847661259274,1.18722238389295,0.9361878354617539,0.5234346095762973,0.9090353309070041,0.8964157273499729,0.37716950264846166,1.0650915288586618,0.7782701630316324,0.3433961548071931,1.2050499013447558,0.7904515503507166,0.35012888816874776,1.2247797400541776,0.7260517080192553,0.3440137529517719,1.1633789626679634,0.7226798109452928,0.1149294348502506,1.191245190497253,0.9915346114550981,0.04412918597663015,0.9041862606465492,1.0185371626981743,0.053711974739054646,0.6445157889713945,0.9580211952921521,0.09063147926837686,0.5511901087615629,0.9027749784727451,0.06868217916941327,0.49238530329006447,0.9104495753687538,0.04079255532539018,0.49271759068422827,0.9982473308745097,6.183333333333334
0.3885495797898519,0.6539304340977272,0.9068027847823334,0.39691903911084236,0.18809460906547343,0.9985662140183398,0.36157187051906303,-0.23957347530551273,1.0305631343441832,0.31606234037787423,-0.25202928536664254,0.837490307020159,0.38016697092776564,-0.2587900439231834,0.8492427478836171,0.35186244292480096,-0.31289073842604553,1.118348303950378,0.1627176576511233,0.6444658742361881,0.9698681684666608,0.1646594747987725,0.1947625152426759,1.0150227607195834,0.18093917966703166,-0.1991471043146863,1.0341426034581878,0.1720009706312676,-0.24731366904490135,0.8651860342994996,0.12097829046224874,-0.24810863317405943,0.9025692735599746,0.20575012125407002,-0.30289438680333486,1.1112607440962072,0.2836846924849137,1.2835670110908048,0.9259519319190126,0.30213811247261596,1.5492107001235071,0.8429542936487628,0.2583917585111179,1.4115152370852269,0.7837050868660421,0.4623809995322572,1.1890838959051562,0.9185575279663973,0.5249521194901103,0.9064851998626449,0.9003884289955825,0.37723426715739844,1.0472557931503426,0.7705633101914958,0.33809949658064503,1.190817745969893,0.7617446161694357,0.33990543905549564,1.2011116550437095,0.7076338011006242,0.3364120896738244,1.1346526504397898,0.7144662118561717,0.1150284102984107,1.1908414458896521,0.9943383561158787,0.04510758628698795,0.9024696197760618,1.0192397824171913,0.05313881312627328,0.6437582596940494,0.960845323513672,0.090600894512994,0.5502918314471412,0.9030429400948731,0.06863942335983142,0.49211498503141504,0.9107523107919298,0.04092071279446387,0.4911294831475962,0.9984550733819787,6.2
0.3890594908229901,0.6521579062035179,0.9076182986578266,0.3969334283995982,0.18797967401438131,0.9984708217347287,0.3615828375158925,-0.23959874373377255,1.0305937581534157,0.3160228862926334,-0.2515756926617449,0.8373511403105209,0.37974025252801247,-0.25820061586390114,0.8490639941781966,0.35186734226398636,-0.3129107747935567,1.1183917077749088,0.16290456555808533,0.6434297416454349,0.9705203235844215,0.1645432184659516,0.1947538624018979,1.0150384683304967,0.1809380044287885,-0.1990779720961332,1.034187807862192,0.1720007152974684,-0.24729380263535355,0.8652512165720975,0.12097876024810086,-0.24811664479185075,0.9025938595571541,0.20562514811357754,-0.30238349026587225,1.1110769311766242,0.2837486292050329,1.2842478420870123,0.926388386422379,0.2996301647152676,1.5498169720220059,0.8466909966066609,0.2570220087851792,1.4144670580112269,0.7873509977018587,0.46274128533422565,1.1898439042240185,0.9055439085573099,0.5264173808400086,0.9044630759574299,0.9052774377870318,0.3775275799894485,1.028903826457451,0.761038242198543,0.32970872320722955,1.1711901450081406,0.7286468748074921,0.32691988915484727,1.172531637640871,0.6865183570974287,0.3277917539325613,1.1013411791635217,0.7025460082956474,0.11466941948828896,1.1906709298750633,0.9951690725591744,0.04645765106389013,0.9008146095899771,1.0199413207660104,0.052296933634996295,0.6427610783272155,0.9639412784153614,0.0904680617656623,0.5489299766630382,0.903366872781936,0.06880788154853046,0.49092181931400525,0.9111402607465218,0.04106993823673789,0.48917558022862195,0.9986236051928862,6.216666666666667
0.3894733818461299,0.6504261087652834,0.9081569045401907,0.396968037594486,0.18778289994385092,0.9983728168159323,0.36159730128022427,-0.2396299677597743,1.03062326804561,0.31607672195660474,-0.2514293647703834,0.8372626203689156,0.37931589452910963,-0.2574227724681012,0.8488838325070676,0.351880893216868,-0.3129411890764265,1.118447602444468,0.16308008286565043,0.642413098041275,0.971313636420818,0.16447288474738928,0.19478301592302516,1.015075931509065,0.18093796054158567,-0.19911802287080388,1.034185673548326,0.17200109455505624,-0.247288969641046,0.8652987123156207,0.12097883102203436,-0.2481006749044885,0.9025983497854643,0.20549953293105877,-0.30203463462233604,1.1109436249678477,0.2837977334297995,1.2853091915123185,0.9269173172117436,0.2972705094433831,1.550717374880596,0.8508203926070957,0.2563532417882406,1.4168021065965921,0.7900347571980029,0.46284746230474344,1.1894398220734033,0.8989673957278108,0.5276801461959936,0.9036557225520154,0.9114579049378241,0.37821426544894265,1.0097290480792882,0.751339750935756,0.3193696328257861,1.143816629800671,0.6965802469382991,0.31302698848231725,1.1378280199353374,0.6653233455313996,0.3191329673849952,1.0639828097417312,0.6873667760301811,0.1136915374382193,1.1908442867637783,0.9931771328200858,0.048103903730715936,0.8993541108832361,1.0204067199657927,0.051344993763643085,0.6414188070478919,0.9670410776681727,0.09032889076896343,0.5469871250406835,0.9037483334419281,0.0691886517802936,0.4888009658170782,0.9116274548105061,0.04121751532319078,0.48706934853660855,0.9987469554520534,6.233333333333333
0.389681172337264,0.6488249704554585,0.908243999174263,0.3970152738728003,0.18744055430774378,0.9983059399227493,0.36160632823920563,-0.23966169705649776,1.0306472081232456,0.3161252648360689,-0.25145362796997234,0.8371839878768129,0.37897933604729284,-0.2565281496336611,0.8486897249917851,0.3518928887639025,-0.31297009728259223,1.1184895325378377,0.1631961345268859,0.6413210687634863,0.9723971998362626,0.16444797930077965,0.19484248400332266,1.0151356034875552,0.1809399457585271,-0.1992334506080214,1.0341275133163532,0.17199890970094547,-0.24729010243680177,0.8653082118071534,0.1209782065362739,-0.2480502919934685,0.9025726170864359,0.20539253758906914,-0.30183632672245214,1.110875711559648,0.28380928004853967,1.2865946514529731,0.9272281833282376,0.29523618423048137,1.5518097701333864,0.8551929411860351,0.2564719126471937,1.4185259979955944,0.7913085175452041,0.46259965408347614,1.1883068782412796,0.8987110582528457,0.5288203575738524,0.9043528364666278,0.9185636511594,0.37946890016325197,0.9887386902122567,0.7426024418027325,0.3084405111488659,1.10728014936431,0.670455195646671,0.3001157727833006,1.0960438905739152,0.6465325909874355,0.3113984875323532,1.0232293735094602,0.6700239809581651,0.1120667609934548,1.19136096838208,0.9884297721117672,0.04993816888737408,0.8980717024488221,1.0206534259733049,0.050513894849861574,0.6397061860592873,0.9697832060338858,0.09031505236935225,0.544415121746272,0.9041355299688143,0.06974164052273732,0.48598287652299754,0.9121650444659255,0.04136447976651095,0.4849156311280082,0.9988902301591365,6.25
0.38973193120449984,0.647331891752702,0.908049924309876,0.3970637996470522,0.18691406501338792,0.9982798207084231,0.36158639349333577,-0.23968658356645728,1.0306559670968813,0.31598079164991233,-0.25144147147665785,0.8370375310609541,0.3787869851106348,-0.2556268156276758,0.8484736418461812,0.35190245637666817,-0.31300073608572404,1.1185173661634098,0.1633144718667414,0.6401022000088462,0.9738859499194252,0.16446839855426723,0.19489160855473503,1.0152064534743892,0.18094332107592176,-0.1993614985120401,1.0340200823175532,0.171994551638229,-0.24729134286365664,0.8652860899972759,0.1209764229639527,-0.24797259319550022,0.9025165264748809,0.20532132401659176,-0.30175272093831124,1.11089049550797,0.28379626133164665,1.287837543821589,0.9273497166168956,0.2936063344214044,1.552837527190174,0.8598804898400269,0.25736539492254334,1.4196947361056234,0.7912256414395127,0.4620586215954967,1.1870663545476476,0.9029895278837414,0.5299909152506621,0.9063752955589667,0.9255191198375416,0.38128695083949493,0.9647351431537996,0.7353475215889781,0.29810020792180403,1.0615611011267998,0.6531155310809593,0.2898066130585693,1.0473860211619355,0.6315389440795467,0.30554902103667597,0.9792840475677307,0.6525643033249492,0.10992552290570874,1.1921208561463446,0.9818962739852319,0.05184504499171531,0.8967799029210193,1.0208011682217457,0.05008819018882714,0.6378093585417945,0.9715680524665059,0.0905541347667173,0.5413455003137231,0.904473588966054,0.07035300246187298,0.4829235737242018,0.9126104306804927,0.04153508528109688,0.4827407112712917,0.9991804121050858,6.266666666666667
0.3897639506189516,0.645874690407988,0.9079352113021686,0.39710891098387413,0.18620231540316642,0.9982897378540467,0.36151189221067465,-0.2396973081054907,1.030638228457408,0.3154977221969424,-0.2512683668071216,0.8367596431353578,0.3787497604382083,-0.25482292008610663,0.8482217971341275,0.3519108028226342,-0.31303740472533903,1.118538168238368,0.16353781582795573,0.6387909858244004,0.9757051134101902,0.1645355290417693,0.19488765640941863,1.015271537031393,0.18094623490380932,-0.1994537287448656,1.03387366025049,0.17199318302738842,-0.24729232278566088,0.865262500960782,0.12097261533851394,-0.24788273076278158,0.9024411458115383,0.2052845345856962,-0.301764999472371,1.1109939885009261,0.28377066758342717,1.2888244827106656,0.927407768711795,0.2924169512808692,1.5535893255762825,0.8648227099042106,0.258970253235123,1.4204649040165747,0.7901144812940915,0.46146983668518804,1.1861720483051885,0.9092780844347983,0.5310631571482103,0.90932571803538,0.9309031837084749,0.3835562205506497,0.936940619121686,0.7300175578245044,0.2895019395807037,1.0077965142135694,0.6443686825723767,0.2833618652575475,0.9930613071476337,0.6206362864771673,0.302814369672423,0.9319560126151282,0.6378847122853153,0.1075368256995799,1.1930026108465173,0.9747981673308597,0.05362627210295892,0.8953871297260197,1.0208818252230796,0.050236640624323946,0.636110515416516,0.9717944254223638,0.09106702911706197,0.5382414479437484,0.9046929103554552,0.07083491099937025,0.48014243332433526,0.9128025850074893,0.04173264025745502,0.4806402881102737,0.9996577111982674,6.283333333333333
0.3898718535667388,0.6444293365533228,0.9081299498773541,0.3971566379629765,0.18528775565619268,0.9983361937325169,0.3613912405195039,-0.239694346560071,1.0305959433899483,0.3146580314687812,-0.2509219458993802,0.8363161222149486,0.378835669659069,-0.25417207530394825,0.8479196899750882,0.35191838517354157,-0.313079822313037,1.1185563599120025,0.16391104800552328,0.6375111892378759,0.9775024992509198,0.16465157089400487,0.1948130454132121,1.0153196278308152,0.1809471997858919,-0.1995079898796732,1.0337062641941335,0.1719956758236959,-0.24728579973183507,0.8652534355426139,0.1209669435022244,-0.24779028817686216,0.9023597280214943,0.205267334622453,-0.3018807751434872,1.1111703273937887,0.2837295551775054,1.2894993159410335,0.9274503662112101,0.2915651822611808,1.5540119976505558,0.8697563920839098,0.2610799268427025,1.4211265198068113,0.7883256719296988,0.4610539106932702,1.1858508663292446,0.9151682380137999,0.5315305649497368,0.9126600398923146,0.933440661507127,0.38640006943491223,0.905324344244844,0.7272516871414774,0.2839496409049517,0.9479823425954589,0.6413187616777027,0.28142703699705973,0.9343295820335078,0.6134195733002055,0.3044087834995516,0.881074959577412,0.6286801260344561,0.10523708874514197,1.1938855620272724,0.9681348847588259,0.0549557736898671,0.894113024586782,1.0206826916710008,0.05084190282002525,0.6349831888152219,0.9704140187663104,0.09176115833612833,0.5357052858881305,0.9047219229825105,0.07103571058563068,0.4779910464041134,0.9127125009444654,0.04192338407100385,0.47876058378199476,1.000211293812883,6.3
0.3900572976054208,0.6430535301728062,0.9085548047172152,0.39721870189823716,0.18411587516810463,0.9984298111377127,0.3612818138708424,-0.23969122555642858,1.030555943119795,0.31356986393205455,-0.250427151297898,0.8356850902137044,0.378979508632755,-0.2536977652364632,0.847597457781633,0.3519249893794233,-0.3131225849900764,1.1185714978567796,0.16442489068285074,0.6364341163325045,0.9788118011295537,0.16481893936831704,0.19467027570298434,1.0153490707896502,0.18094861803317364,-0.19961261399660193,1.0335501772908091,0.17198553353502877,-0.24724003321009447,0.8652097499387611,0.12096587792015287,-0.24769833482073034,0.902278003944794,0.20525554287008463,-0.3021389224348638,1.1114096167119003,0.28366975147856105,1.2899385920614148,0.9274637999375248,0.29074590776848824,1.554160944054243,0.8745615429530957,0.2633614011911922,1.4218744067295535,0.7863284315256573,0.4607833332082978,1.1862007361717624,0.9188038682836076,0.5309039363684308,0.9155777838995078,0.9323733869364648,0.39032415703212797,0.8700793332740141,0.7275146986731851,0.28247909479586797,0.8847511410417166,0.6401023559795427,0.2837979178026166,0.8723286458186652,0.6091680038462162,0.3108908734782093,0.8269728634675638,0.6262439461342105,0.1033475712258512,1.1946009374558355,0.9626770944681126,0.05553027887193303,0.8933473680491332,1.0198356974063656,0.05158677211489039,0.634567520360556,0.9680232523401412,0.09256582817252304,0.5339969578781294,0.9046852026865277,0.07097899242445195,0.47651881713549665,0.912481198904785,0.042078849648978824,0.4771279909237892,1.0007612083146329,6.316666666666666
0.3902807126442466,0.6418367792340667,0.9089090665042032,0.3973003475750279,0.18269320422075921,0.998570027002149,0.3612603088535715,-0.23970726453496388,1.0305547670238273,0.31246664273904473,-0.2498535648858471,0.8349288084065465,0.37911195309031653,-0.2534477267246349,0.8473563588979317,0.35193068299481345,-0.3131587173279656,1.1185811387471516,0.16504456996007422,0.6357175518608192,0.9792489925817017,0.16504026199569372,0.1944681148555708,1.0153612742378346,0.18095696548729634,-0.19992655989729619,1.0334342960712708,0.1719306636140514,-0.2471024122428541,0.8650171849490322,0.12098257446778345,-0.24761278666951303,0.9021961600030695,0.2052396277501746,-0.30256779222744634,1.111714738101677,0.28359881838944273,1.2902543136854574,0.9274440611972112,0.28962727784071013,1.5541581550316974,0.8795046895329799,0.26553759495964363,1.4226476459691946,0.7848024248955103,0.46045426997149774,1.1871477516896736,0.9192601548309867,0.5292092453016894,0.9170517448672387,0.9278193617414162,0.3959007185686868,0.831411134892799,0.7304951190267504,0.28543942334148176,0.8211137922282817,0.6380817397014638,0.289865796531474,0.8085958111944799,0.6075664527041075,0.3220935069839097,0.770883708785148,0.6302997186143553,0.10207950994812184,1.1949601039751108,0.9589195040053404,0.055282499230134535,0.8933241747003471,1.0181397840081778,0.05223470099379439,0.6347215390332195,0.9652801439135397,0.09348715064906755,0.5328625513519754,0.9049825363235345,0.0708361800527604,0.47557252872708455,0.9122898111067892,0.042205866462615496,0.4756407238790321,1.0013698337505055,6.333333333333333
0.3905134756176465,0.6408367394129588,0.9089174743629758,0.3973915605772533,0.18116994725167732,0.9987235824240459,0.3613798560266682,-0.2397537934864723,1.030609468524269,0.31165976907981785,-0.24940700024688875,0.8343340598283667,0.37920015756328407,-0.2534553504481995,0.8473029982331161,0.3519360363181674,-0.31318406199583043,1.1185842042955054,0.16569548924460797,0.6354606598951122,0.9786128353604703,0.16531705669649044,0.19421698416812272,1.0153554633874677,0.18097757406707615,-0.2005140369034407,1.0333616544027335,0.1718265079139632,-0.2468765285688791,0.8646512823184087,0.1210248840926487,-0.24754892924261734,0.902116018418403,0.20521291905682587,-0.30310892158413677,1.1120560352453461,0.2835267586582307,1.2905633702914925,0.9274064319874307,0.28808155643391176,1.5541568288738001,0.8849351260553909,0.26746960065059555,1.423331032367927,0.7843423516259593,0.45992426378313767,1.188351737147093,0.9167590676050741,0.5269221829493916,0.9161685131104217,0.9209875647019852,0.4033248288991546,0.7905200793125895,0.7351555796923023,0.29282019451874,0.7598447268001952,0.6352618939494655,0.29956969213015733,0.745063504480335,0.6093100112507723,0.3375638870495079,0.7145103267116849,0.640024120828153,0.10144330456896394,1.1948784489267448,0.9568747686533029,0.05442663420663865,0.8939699355247668,1.0157150682550364,0.052769050267127034,0.6351781133721444,0.9624006863137977,0.09452264490459839,0.5317945886913398,0.9060323927560713,0.07076069275746014,0.47502972328227816,0.9122505304876187,0.04232014939138002,0.47432729450061806,1.002019921889491,6.35
0.39074644215705084,0.6400876815117207,0.908507167211248,0.39747415649815143,0.17974990760111043,0.9988426723548715,0.3616346605787014,-0.2398264885270481,1.0307073490902874,0.3114027519958749,-0.24939418195530177,0.8343510841368379,0.379253139421574,-0.2536566904694831,0.8474600715249461,0.351941355003091,-0.3131985069345785,1.1185810814649475,0.1662708443332831,0.635664638444305,0.9769710446941811,0.16564333823693997,0.193929222549172,1.015327893264226,0.1810119760712886,-0.20122570262493145,1.0333173434189953,0.17175471586328425,-0.24673050120945697,0.864420523734539,0.12108376610839648,-0.24752279000064406,0.9020437325874536,0.205173656688312,-0.3036330787382248,1.1123632429703725,0.2834634788750141,1.2909857460040448,0.9273506815348073,0.2862435167866608,1.5542511632534026,0.8907147480853048,0.2690744992369737,1.4238932372326167,0.7851526501528863,0.4592037559377391,1.1893186088925922,0.9123009577129177,0.524476565805245,0.9125954950515616,0.9137762763913373,0.41237769728907864,0.7500385120733928,0.7406728210429518,0.30490029828284615,0.7024883174282899,0.6341906752435568,0.313757465982974,0.6836415155901044,0.6159425100801551,0.35683950323437297,0.6592309209687128,0.6550369397185307,0.10126561604796441,1.1944265300738128,0.9560938353374964,0.05332438905767983,0.8950326576223506,1.0128900425093799,0.053289357052749384,0.6356916346899889,0.9592930254610401,0.095618424241694,0.5303118241394312,0.9080290474900959,0.07080808438429027,0.4748327291228027,0.9124237961710155,0.04241522797104755,0.4735155090468376,1.0023729459045605,6.366666666666666
0.3909805143250992,0.6396610839013139,0.9077587084791784,0.39753420420046093,0.17855802621198785,0.9988952032233243,0.3619601625339714,-0.23990912890498417,1.03081897921299,0.3117847958175939,-0.25001529470919387,0.8352828021952144,0.37929175020623007,-0.2539214542877799,0.8477434160274679,0.3519461826970301,-0.31320397868465083,1.1185716861498707,0.16668430564190045,0.6362124717478503,0.9746617329224369,0.16599170566422192,0.1936202558868132,1.0152700233479486,0.18105908131676623,-0.20182714849822136,1.0332887011750973,0.17184989838270398,-0.24696957846494463,0.864918640624527,0.12113442786076223,-0.2475419450960796,0.9020073604569718,0.205127134562282,-0.30405512466909285,1.1125794548856707,0.2834313926276163,1.291549663446374,0.9272574003588354,0.28439278544453667,1.55443969344083,0.8961775799928853,0.2702720928548555,1.424285653577916,0.7871871526259739,0.4583846580734419,1.1896880632763511,0.9069729775880713,0.522100650588848,0.9066693523248122,0.9077650885743921,0.4228776990313381,0.712788319674195,0.7474116668015525,0.32224920920699807,0.6492649040842322,0.6384887424261261,0.3332525295780563,0.6261544230429092,0.6289003628213062,0.3794738286788406,0.6062566966777911,0.6754269672896485,0.10132305590532345,1.1937547089965042,0.9559925124161377,0.05228234485750963,0.8962811709384996,1.01006447758858,0.05386132404247347,0.6360454743216913,0.956043387871696,0.09670660961353801,0.5281061210275231,0.9108973822135837,0.07097258328879055,0.47485433313157527,0.9128159489081165,0.042472596348833616,0.47359785090247725,1.0018360622599984,6.383333333333334
0.39121349108955367,0.6396513010991585,0.9067575087516794,0.39756696617912507,0.17762244741994926,0.9988732215412192,0.3622838716071997,-0.23998573067099466,1.030919149228887,0.31270925658735277,-0.251226035687261,0.8370831095756911,0.37933423735906724,-0.2541255167251941,0.8479981114906873,0.35194972287638254,-0.3132022926058557,1.1185552511487038,0.1669042732186046,0.6369187130211322,0.9720972127729822,0.16630713333746125,0.19330825319299272,1.0151689833163613,0.1811129586986464,-0.20221339228356283,1.0332658253852869,0.17217900805702469,-0.24783127263409885,0.8665251805606767,0.12114826384047743,-0.24761700724049107,0.9020882707348569,0.20508012944337528,-0.3043857541690956,1.1126966676992305,0.28344579678325166,1.2921358990765652,0.9271276682469285,0.2827739280456365,1.5546635100285993,0.900754667401024,0.2709980300465494,1.4244388648166335,0.7904209008327582,0.4575639748571532,1.1894168093931745,0.9015614610385193,0.520068951877332,0.8990113396739998,0.9035608574481175,0.43500875522155474,0.6804789648859941,0.7568751149669007,0.3447634743643031,0.6004138170805505,0.6507744354076375,0.3574599633725071,0.5745532359701853,0.6482825727670835,0.40494335279611654,0.557360259986833,0.7010777888131055,0.10144249136248637,1.1930142630905762,0.9561057828874021,0.051466755414698355,0.8975416600756371,1.0076427945791901,0.05448607483841297,0.6360835481778508,0.9530628389337398,0.09772048433552212,0.525208104153736,0.9142516655484534,0.07121804913867957,0.47495055466578046,0.91332756734778,0.04249174930319023,0.4746546149282893,0.9999011320451316,6.4
0.391431903830073,0.6400562274016285,0.9055514107417598,0.39757809578198133,0.1769226250631813,0.9987953258129634,0.36256718689651996,-0.24004878117755088,1.0309981050888277,0.3139203539014739,-0.252795916227243,0.8394367279527591,0.3793945679484048,-0.25418271018880406,0.8480783167624868,0.35195137868075843,-0.313194799719132,1.1185319948115477,0.16694541134527363,0.6376366657058617,0.9695135738911014,0.16653522759316938,0.1930070236199669,1.0150169042049217,0.18116176124235153,-0.20245633103513633,1.0332350624158604,0.17271754620910013,-0.24924122803986862,0.8689539189353449,0.1211206766063358,-0.24776096611076046,0.9023944772680218,0.20503452711153186,-0.3046664846368325,1.1127414315335444,0.2834547925779033,1.2926265693993395,0.9270119727043437,0.2815008566442053,1.5548404120558401,0.9044171410651558,0.271173916934754,1.4243941654264747,0.7947882553428155,0.4568361717049674,1.1886778201159642,0.8966557486891242,0.5188056687102115,0.8902903059150614,0.9010873168506999,0.4489972836162158,0.6536698719686106,0.7704399185293599,0.3707748356944014,0.5571682718740009,0.671344270345158,0.3842111132765025,0.5308294184581848,0.6726614128153139,0.43235663296275095,0.5149866916236027,0.7309206475928236,0.10152346798491685,1.1923337434181305,0.9561600405086288,0.05097182912735641,0.8986379516696026,1.0059579380938724,0.05515561366233848,0.6358441024305994,0.9506483219227337,0.09857115329577096,0.5221356818050483,0.9173720907460389,0.0714773061865456,0.47514605244067176,0.9137990382601598,0.04249684732217145,0.476395360167584,0.9964977156057307,6.416666666666667
0.3916155760078228,0.6406926497629413,0.9042311405955682,0.39758120595517354,0.17643113577530317,0.9987018144000764,0.3627953564231708,-0.24009623212008965,1.031055093808542,0.315103420707883,-0.2544414581193705,0.8419390710338964,0.37947263061339886,-0.25409783989045553,0.8479709562224632,0.35195098386968837,-0.3131828027182869,1.1185035937798549,0.16683387136046646,0.6383263136679063,0.9669346854414946,0.1666659826076581,0.19271394438840767,1.0148229082270914,0.1811940938512201,-0.202694499678497,1.033183549568496,0.1734551629686314,-0.2507694571238353,0.8713982460092108,0.12110215224547626,-0.24793018351032486,0.9028956319917162,0.2049909127501915,-0.3049101839880519,1.112748459653918,0.28334076223697896,1.2930570219396822,0.9269762841515574,0.28058833122639937,1.5549298948191086,0.9074438756259412,0.2706906822616025,1.4243869711683042,0.7999732977226355,0.4563090640684481,1.1876581113511102,0.8928535754179965,0.5186032962209736,0.8814181137876023,0.9000130307850966,0.4645249970805745,0.6323701290259657,0.7880742390968541,0.3975391144973969,0.5211800109164236,0.6982677413367875,0.41102473753099866,0.4964225606738567,0.7001444246334048,0.4602357919980181,0.4813374269071973,0.762912802107494,0.10154302715098358,1.1918123200280135,0.9561073887530309,0.05084270891376404,0.8994658126251297,1.0051510680570237,0.05585060466615159,0.63566039797444,0.9484880751616849,0.09912370288580563,0.5197941398911472,0.9194121497799932,0.07165947947780156,0.4756159767712948,0.914095571056553,0.04250435684565856,0.47844744883353957,0.9919857435547599,6.433333333333334
0.3917444932822534,0.6412965811991348,0.9029915342543386,0.3975892337622262,0.1761359167672405,0.9986311027086859,0.36294951004673803,-0.24012534043059208,1.0310878390281153,0.31601340107802495,-0.2559085631316642,0.8442098286071312,0.37955307889713025,-0.2540069238327464,0.84786960050465,0.35194893726645765,-0.3131673968681168,1.118471905822065,0.16657306017050905,0.6390412031168636,0.9643209427933667,0.16673343471989843,0.19240517588819928,1.014614435808796,0.18120415691433192,-0.20303544635144313,1.0331053680258797,0.1744329803429576,-0.25190658420768813,0.8730893638280831,0.12117377098970619,-0.24796514557299554,0.9032136093265204,0.20495472179167867,-0.305126315762569,1.1127498564614078,0.28301407177506815,1.2935510881496084,0.9270350753123697,0.2799868444901202,1.5550054050044326,0.9100696168826778,0.26946947595402554,1.4248077033965163,0.8054352044857362,0.45606761466178936,1.1865368461272507,0.8906761461300008,0.5193380795673194,0.8736464595931079,0.8998443439294088,0.48058945155254496,0.6164674521872955,0.8082830831572225,0.4227334555423563,0.49352485255802797,0.7283115895194738,0.4362753141045067,0.47159475316413724,0.7290352518169909,0.4867735923387554,0.45709773650186825,0.7947698818726632,0.10152855421218754,1.19150916137963,0.956045251744577,0.05097600997932143,0.9001207716884227,1.0050704110773458,0.05648923326802191,0.6360604977661413,0.9458675585747137,0.09922015771278991,0.5190938336844069,0.9197483737067145,0.07168758326736138,0.4764675277507239,0.9141245815198774,0.04249227607392155,0.48061422369167534,0.9868478571961925,6.45
0.39179888266812185,0.6417506721769699,0.9020371942076336,0.3976073455233396,0.17604491927820248,0.9986013391508288,0.3630083562538797,-0.2401334804005504,1.0310939858552028,0.31651489144418504,-0.25698794983040735,0.8459211816759244,0.3796068826903831,-0.25411904601443447,0.848085037581726,0.3519459594462396,-0.31314792134627206,1.11843813669645,0.16614867580840947,0.639867775012183,0.961670866769337,0.16677320664939277,0.19205380261355404,1.014423068602228,0.18119128982385077,-0.20352016179412585,1.0330013543648873,0.17563218438428466,-0.2523494344568616,0.8736315678298818,0.12137996603768936,-0.24765155960759405,0.9027018414339388,0.2049326740288007,-0.30534713135711056,1.1127656844478555,0.282475117333863,1.29418454366427,0.927137867075804,0.27957156977007847,1.5552230407300545,0.9124554937825294,0.2675414833129729,1.426008684513372,0.8106454971856615,0.4560872361887439,1.1855719376075031,0.8901948565059372,0.5205783313084574,0.8681908234813817,0.9000506394384616,0.4959735958176343,0.6056282646870123,0.8290984165258909,0.4453432147711993,0.47438138428010584,0.7582584223326819,0.4593972981128342,0.45549476847994186,0.7576662726518639,0.5102470045047608,0.44131730966900184,0.8243716766231682,0.10150845066695745,1.1914187286532505,0.9560480498672856,0.05108080330315043,0.9008050592477637,1.0053025711905692,0.056959435549751775,0.637432850315347,0.9424220147260214,0.09878590900613214,0.5205055273233383,0.9182386747139716,0.07154657831788445,0.4776328213402937,0.9138479117051181,0.04242631118965089,0.48285930272653543,0.9816045915503462,6.466666666666667
0.3917548081239022,0.642178657499788,0.9014345332939778,0.39763264415250066,0.1761815045226643,0.9986110960420913,0.3629832441870301,-0.24012441670371165,1.0310807935850834,0.31658146651791086,-0.25753931205509606,0.8468421754576867,0.37959456485351467,-0.2546101731326525,0.8488760364581658,0.35194202391960366,-0.31312023586840915,1.1184023147728064,0.1655716027139124,0.6408504893658509,0.9590392263461989,0.16680963216535358,0.19166645715044633,1.0142647855277833,0.18115862463470617,-0.2041000702630028,1.0328812181352662,0.1768634721608993,-0.2520173077754784,0.8729342841936355,0.12171427055403565,-0.24688720608395104,0.9009396574917788,0.2049221638784895,-0.30557861288074295,1.1127886673555534,0.2817908306656094,1.294943997157406,0.9272217318103795,0.2791925931847693,1.5557063898583745,0.9147361424542364,0.26512105567953925,1.428088973797342,0.815276106324936,0.456202393850479,1.1850589194246255,0.8907981195174441,0.5219512055693508,0.8657748382195964,0.9002935510979246,0.5098255456228423,0.5989273434814311,0.8489893905641154,0.4653142742795833,0.4631698175916494,0.7860142021564138,0.4803626549600753,0.4467890990450175,0.7845322065542369,0.5292649199434285,0.4326639672339914,0.8496711803162432,0.10149450509992172,1.1914571795329423,0.9561044703368042,0.05087545221957358,0.9016074963576652,1.0054311151619997,0.05720679339954475,0.6397079226739805,0.9384791971163837,0.09792895590348655,0.5238345174701171,0.9153230877255553,0.07128984638244387,0.47898233173495686,0.9133318687425389,0.04231103062500395,0.4851597682727876,0.9769550827985464,6.483333333333333
0.39158955925599226,0.6427706398333191,0.9011201240144966,0.3976572510145497,0.1765719689670031,0.9986457652676628,0.36293030295220624,-0.2401083125880213,1.031064798088922,0.31634288811830097,-0.25758623387830915,0.8469863270387253,0.37950267437107355,-0.2555003750091833,0.8502617314421639,0.3519354261033274,-0.3130786094332902,1.1183621563738766,0.16490061545718407,0.6419289034103862,0.9565841075834473,0.16688428594164048,0.1912924791113792,1.0141364037946201,0.18111024406954987,-0.20465981860035393,1.0327676306469065,0.17781448023843122,-0.25097309322607536,0.8711055761412501,0.12213085769589338,-0.24580022780083036,0.8981987410469351,0.20491140215848969,-0.3057634386713812,1.1127897664124367,0.281055398140112,1.2957415453586605,0.9272571318447653,0.27878608266473354,1.5564650097458925,0.9169144610345314,0.2625492842125644,1.4308465777176231,0.8190575214470489,0.45623924973414864,1.1851467835034284,0.8916077072832761,0.523427380214137,0.8665077159823839,0.9007667174827392,0.5218090254752115,0.5951327967043523,0.8670106545838723,0.48279794329118153,0.45874581515706164,0.810807250839441,0.499039180349225,0.4439124856293567,0.8087443209297093,0.5431345284094571,0.43011587777878524,0.8691463421915371,0.1014899874939379,1.1915227345205346,0.9561695809615762,0.050314674230413935,0.9024472442654174,1.0053126946068047,0.0572732320830323,0.6423893325945447,0.9347958281892437,0.09688912365017922,0.5283831884158325,0.9118297264292418,0.07098914588641109,0.4804637630533624,0.912756383854411,0.042176425007430095,0.4875113324589429,0.9736029184216777,6.5
0.39131547086803403,0.6435309251374207,0.9010296725453424,0.3976730408160289,0.17721815298463683,0.9986836983300517,0.36290930280479505,-0.24009331777578463,1.0310587290880193,0.3160852101730928,-0.2573781594952861,0.8467074113462244,0.3793746095943823,-0.25657091055938236,0.8519003807967771,0.35192552381957404,-0.3130227561529288,1.1183186762989425,0.16420985849720374,0.6429105298552891,0.9546092324835832,0.16704906480595344,0.19098512555915287,1.014031255379063,0.18105072257413682,-0.2050914238127129,1.0326872620908893,0.1782281368319446,-0.24944835332480206,0.8685515565219721,0.1225291423500158,-0.24469691957015086,0.8953332998557008,0.2048916887071003,-0.30582500127612394,1.112743774339255,0.2803738098611813,1.2964442758764232,0.9272470395744474,0.2784071983341051,1.5574027427083443,0.9187500668583894,0.26004994947256854,1.433843315628028,0.8214072678786573,0.4562171687313341,1.1857109075691645,0.892148696709347,0.5253699822356779,0.86994318399882,0.9024536835420273,0.531949365867049,0.5934225038330052,0.882645683807424,0.4978423430130421,0.4594304712190915,0.8326837492078649,0.5152243103574453,0.4448579646107478,0.8302129103548977,0.5521647690599031,0.4322867002524018,0.8827398817630892,0.10149643659360136,1.1915811972643195,0.9562225158327007,0.049570957018354275,0.9031679712307625,1.0050577170019803,0.05727262409408689,0.6448886003098497,0.9322211615869247,0.09589677299125383,0.5333427140732804,0.908554944633188,0.0706894783590272,0.4821096834055175,0.912319500525263,0.04202039246617235,0.4900766423422298,0.9718013591248542,6.516666666666667
0.39101949905466177,0.644255108588221,0.9011696046046357,0.3976780418492635,0.17806611619910623,0.9987038284124367,0.3629448844028892,-0.24008263093248172,1.0310648075362863,0.3161125278442941,-0.25724425585389565,0.8464854744489215,0.37927312944040886,-0.25747903368092184,0.8532698805825696,0.351921590994939,-0.3129698265237324,1.1182971414573923,0.1635372475502111,0.643558470159344,0.9534141679518018,0.16731746955884844,0.1907707100299728,1.013950150360591,0.18099035075663983,-0.20534063355155038,1.0326528703697875,0.17803495507996828,-0.24787117457109184,0.866054401832665,0.12278457630604482,-0.24387963983976885,0.8932016128461865,0.20486017803304862,-0.30571450767192665,1.1126376725506877,0.27984975286764646,1.2969172027477134,0.9272053673421939,0.27814938593609556,1.558378493017639,0.9199065966767981,0.2576383303349146,1.4365072086690431,0.8215614688194861,0.4563553771043161,1.186461097554102,0.8924123429618361,0.5283065093828452,0.8751360321617416,0.9066697983165626,0.5405599866101761,0.5934075665556815,0.8960121177461229,0.5106158046732318,0.46297321211427933,0.8520438768080959,0.5291462763708161,0.44747603826890714,0.8495102418399227,0.5574586928760445,0.43707640804346287,0.8919726826543118,0.10151589859258796,1.1916460059939598,0.9562727382436316,0.0488407179089503,0.9036121785745752,1.0048371118680672,0.05731203024998622,0.6467808338932961,0.9314944281004222,0.0951056844488022,0.5380493074535635,0.9060089138945151,0.07043275225317554,0.48392525472301107,0.9121230664712865,0.041824504143759905,0.49309850555720924,0.9712279848410101,6.533333333333333
0.39083934689259964,0.6447613244019686,0.9015713756864204,0.3976812870210637,0.17901480707042416,0.9986988535713941,0.3630320142315596,-0.24008207992053401,1.0310795131575474,0.3165854435415537,-0.25734843159007137,0.846569173564171,0.37922919600046406,-0.25795844049544414,0.8539748550360723,0.3519509493571564,-0.3129647811314975,1.1183669696886056,0.16288404652229266,0.6437932550674791,0.9530197494410725,0.1676572763092986,0.1906658199370984,1.013900515621673,0.18094255410802407,-0.20540858387304578,1.0326609805902662,0.17731785540461925,-0.24671771823299263,0.8644464132778629,0.12281868945276272,-0.24352127550828406,0.8922841003743506,0.20481401869561375,-0.3054131675878091,1.1124628227406228,0.2795523099282298,1.2970714522274873,0.9271441652168199,0.278044638803001,1.5592643775495423,0.920305508662417,0.25534731972493857,1.4383448001302543,0.8193375954942475,0.45686236672853286,1.1871623493350931,0.8924871416416732,0.5326114612487339,0.8808556170575863,0.9141019140569746,0.5482376229168094,0.5946507012926086,0.908114333789337,0.5215180163778969,0.467129824017698,0.8695474386070554,0.5412434947999892,0.4503126300724921,0.8672131596449933,0.5605476846270091,0.4424186753427714,0.8991796497482842,0.10155070686699794,1.191678773216077,0.9563308733089724,0.04817751027526372,0.9036744870890001,1.0047711941024198,0.057413383943648394,0.6478525121654768,0.9330847425355799,0.09461266846713702,0.5420559936709778,0.9043927486497493,0.07031362494302316,0.48581472110133317,0.9121528956407127,0.04165214656235196,0.4965261586507014,0.9712915377396301,6.55
0.3908542635102856,0.6450820382929572,0.9021893864861648,0.39769890785691275,0.17997347303437544,0.9986823405905025,0.3631634929182449,-0.24010553644425142,1.0310975564747837,0.3174628063691127,-0.25763807002432854,0.8469007024555538,0.3792452011730243,-0.257889594230468,0.8538457647679566,0.3520442062070616,-0.3130573875034203,1.1186036042331498,0.16227449633364394,0.6437709582542772,0.9531301303322879,0.16802820946463087,0.19070950661060282,1.0138940326541732,0.18090841956488227,-0.205334660195655,1.0327038952379268,0.17620350007129815,-0.2462471090808442,0.864031841936256,0.12262527564320981,-0.24367287672746568,0.8927317976003196,0.20475504949387752,-0.3049372951032773,1.1122232869060162,0.27946314188758076,1.2969315560552022,0.92707270646009,0.2780317823108163,1.5599670357848074,0.9202839371333293,0.25336247253197053,1.439199903854901,0.8154308859233441,0.45777682359037075,1.1877093239237138,0.8923958582407917,0.5383554545032916,0.8860435426549638,0.9244212080990476,0.5556837176909778,0.596507721811582,0.9203579396723853,0.5307402377023945,0.47064973654524445,0.8857787318425562,0.5514897648241021,0.45290150481555447,0.8832429482850037,0.5631229072856117,0.4469977620101573,0.9067237288071078,0.10159995592677912,1.1915701837301556,0.9563898615263748,0.04753692558003785,0.9033694320670473,1.0048941374356601,0.057536125972824925,0.6480943069832649,0.9369490554370918,0.0945076783482886,0.5451969582528424,0.9036674452658292,0.07046265362494031,0.4876572020472236,0.9123509723100592,0.04168892386330061,0.4998678790835579,0.9714923020004538,6.566666666666666
0.3909928253863704,0.6454097231353224,0.9028218684459433,0.39773941777837474,0.18089371301954404,0.998666481562995,0.3633525069148158,-0.2401622601816421,1.0311134548582475,0.3185241355266091,-0.2579786783682701,0.847305085702274,0.37931907091703176,-0.2572964282040496,0.8529223342044105,0.3521933073266826,-0.3132378420330893,1.1189829538008793,0.16176819719217733,0.643734542866005,0.9533828842380405,0.16840658332923866,0.19094933482349508,1.0139427562225076,0.18086957667980408,-0.20517723248707853,1.032770000369863,0.17485704797379037,-0.24634087712274078,0.8644111744086426,0.12226607476938009,-0.24428632022856078,0.8944582259549557,0.20470042186646453,-0.3043577085917505,1.1119503997053557,0.27948136581540667,1.2966770962035832,0.9270023910824721,0.2780254005464432,1.5604031963589426,0.9202579631645822,0.2518578611506703,1.4392850409406457,0.8108396128310102,0.45898882649058637,1.1880683435374508,0.8921292303480743,0.5452601753418115,0.8901514200685625,0.9367588875762423,0.5633227421207405,0.5983630203863317,0.9334619569851212,0.5379984649174543,0.4734325218817916,0.9006821697364764,0.5595705550894798,0.45526638295063426,0.8972808186388724,0.5664764336562746,0.45035344484996964,0.9161680882956903,0.10165476143098426,1.1912270578444877,0.9564302656253225,0.04698517011693322,0.9028215758243688,1.005151125567334,0.05768053169634201,0.6476695708469897,0.9422638618879181,0.094909881524948,0.5475166271463077,0.9037351321671505,0.0709562082795126,0.48933971160280776,0.9126825117018544,0.04215022186566917,0.502484109618546,0.9716051951935767,6.583333333333333
0.39106519859260763,0.6459103717442658,0.9031276648658224,0.3977968293499965,0.181740360558842,0.9986490871217965,0.36362942088649197,-0.24021928793298386,1.0311267435515168,0.3194558413531103,-0.25827106739084765,0.8476575447956285,0.37944584417905475,-0.2563557826329786,0.8514682679190942,0.35233681637135833,-0.31341552317678506,1.1193469805255285,0.16139014918858358,0.6438248490581215,0.9535668506095559,0.16878596895186115,0.19137188508454472,1.0140525663183957,0.18080566107688623,-0.20499897660148564,1.032839978564103,0.17353391242732213,-0.2466324720462153,0.8649366232057983,0.12185685771298377,-0.2451874759532261,0.8970428569830191,0.20468182088666168,-0.3037825354256324,1.1116906626141716,0.27954287153181595,1.296529500950979,0.9269481403483346,0.2780184426229653,1.5604961935857404,0.9202195083508677,0.2508383003651067,1.4389213325618044,0.806296344113181,0.4603298215832008,1.188255728686058,0.8916599266831584,0.5526899389112732,0.8930725859164851,0.9503031212271797,0.5709807131179566,0.5999526172348506,0.9468220437054001,0.5430364714622653,0.4757131710163728,0.9138122697831981,0.5656082400000451,0.4574577833143504,0.9094756844588657,0.570929583905972,0.45253096557271294,0.9277579428539512,0.10169806212561663,1.1906382121826273,0.9564309408752311,0.04674171483470039,0.9021744384749389,1.0054480171461675,0.05792440890960879,0.6468547744621264,0.9475362661979071,0.09592859343338732,0.5490077741561399,0.9046070729389097,0.07176712055988879,0.49063354752484245,0.9131160077493022,0.04315285513715709,0.5039196758919959,0.9716083067217229,6.6
0.3908864527693968,0.646615243643774,0.9028179989746926,0.39786181730857656,0.18245689950571087,0.9986413242796003,0.3639916126286535,-0.2401890046722885,1.0311422086831887,0.3199825692729138,-0.25848174731669643,0.8479345920826381,0.37960449986553557,-0.2553549599466163,0.8499206438013643,0.35240498352522676,-0.3134881978712783,1.1195188112564636,0.161119540095365,0.643995197675129,0.9536528374416757,0.16916397215166956,0.1918730162144538,1.0142172887653291,0.18071676928166958,-0.20483773388407595,1.0328984925052211,0.17251255590635578,-0.24683977929218806,0.8652461575134003,0.1215121864202863,-0.24609004185047362,0.89968204670289,0.2047343673353536,-0.3033005443608692,1.1114841419133048,0.27970558125588735,1.2965279423305143,0.926917880165442,0.2780865874297901,1.5602634333873773,0.9197549633483358,0.2502017419754346,1.4383539132220264,0.8021503313861889,0.4616235728701624,1.1883540471035736,0.8909533433722276,0.5598127321441796,0.8949479486249201,0.9642539960544028,0.5778796342332777,0.6014394267652932,0.9588306086223456,0.5461927932496892,0.47741014938920956,0.9250513623048108,0.5703103488903637,0.45949502437432455,0.9201481394883537,0.5759619842912103,0.45357449590961385,0.9407325772912034,0.10171537737332156,1.1898784197655026,0.9563789791393797,0.04697200457991519,0.9015284272842421,1.005691279699848,0.05834879503756805,0.6459673032528426,0.9512694284902647,0.09756512185897054,0.5495264398502091,0.9063249598321025,0.07278921187114665,0.49118373674580706,0.9135666258335295,0.04465283868318615,0.5040024380011251,0.9715140953330889,6.616666666666666
0.390407953925108,0.6474274236860732,0.9019417657861908,0.39792655558423673,0.1829726285367513,0.9986639398416977,0.36435294760307474,-0.24002220676880354,1.0311564419525747,0.31994465567461294,-0.25858223501487526,0.8481277784862514,0.3797497219108086,-0.2545673687846488,0.8487097554692031,0.35236485790661576,-0.31340651764803246,1.119413813629267,0.1609942232800776,0.6440945899376544,0.9537184552025709,0.16952528238431258,0.19232132593868828,1.0144158259361828,0.18062143665515398,-0.20467766114881386,1.03293813957779,0.17193917983039825,-0.24691334054691358,0.8653345826287817,0.12128834655718285,-0.2467237324885868,0.901516061368783,0.20487702718749679,-0.302947508053256,1.1113711518384715,0.28006366275085043,1.2964940104162537,0.9269066412366561,0.27829656919258705,1.5598821128322964,0.9185296862634066,0.24991320949613466,1.4378063744630505,0.7985286946684276,0.4626905033326005,1.1884557741911093,0.8900811259254799,0.5658740993842217,0.8960509992852119,0.9772931517634919,0.5830389661058072,0.60310204276623,0.9677407787226315,0.5482559965012015,0.478320115971256,0.9345843377946077,0.5745272920729566,0.46133037354689566,0.9292889841846874,0.5807626395608441,0.4534693540036817,0.9537882653491114,0.101709818562187,1.189104361060717,0.9562807286675452,0.04763665849189912,0.9008997370946785,1.0057722827106192,0.05896742479493993,0.645234516298198,0.952633158891845,0.09965701927801138,0.5489534342126203,0.9087592830639494,0.0738789131408234,0.4907239054417183,0.9139144194417468,0.046484432525048525,0.5028200148105055,0.9713350012915226,6.633333333333334
0.3897885190941949,0.6481809091336833,0.9009454222288764,0.3979792632240952,0.1832452403882639,0.9987060530107364,0.3645900802647683,-0.23981665563861884,1.031158509906755,0.31932140167266676,-0.25845225548263395,0.8480864413921758,0.3798293731435949,-0.2541346662756121,0.8480817528595116,0.3522187074303001,-0.3131688092727242,1.1190347416964792,0.16117180292833927,0.6440454332340444,0.953829151664892,0.16984733097374188,0.1926250142543181,1.0146181967693382,0.18053932382016175,-0.20446629833169971,1.0329547267813433,0.17176089666053698,-0.24691403483232244,0.8653107630691613,0.12118975978849503,-0.24698844460142272,0.9021826673332352,0.2050820483576948,-0.30271821778150754,1.1114029635787177,0.2806332860181657,1.2962455377116564,0.9269094910063418,0.2786491219846794,1.5595895272713793,0.9165590758558988,0.25006136807583484,1.437449739057841,0.7955427472346525,0.4633612398512867,1.1885605590129646,0.8893943948584933,0.570340009242827,0.8966465538735338,0.9876013998978774,0.5859103008705475,0.6049606105408518,0.9726216185161036,0.5498885580988448,0.47853096991887445,0.9424006260729891,0.578718377951223,0.46272343903102,0.9367632384769681,0.5846041701189212,0.4524716917827166,0.9653278446484009,0.10170130408480166,1.1885207093189674,0.9561589336085196,0.048567399981090775,0.9001985152039735,1.005570774192249,0.05971793492857767,0.6446871780834996,0.9516707589872508,0.10190046728079849,0.547219297675482,0.911588970593512,0.07488548324290875,0.4892216358477969,0.9140922839633281,0.048451378431574696,0.5006688711461349,0.9711107326200676,6.65
0.3893052854313591,0.6487284722043479,0.9003520191330646,0.3980108348812484,0.18327744935420656,0.9987326741122746,0.3646454267140307,-0.23974888262883454,1.0311564760994802,0.3182978859326325,-0.25793240234604325,0.8475390874355045,0.37982917208641775,-0.2539933166359566,0.8479827481636069,0.35198216855415254,-0.31279203817880896,1.118420476925407,0.16181578466938634,0.6439021515517621,0.9538850629234069,0.1701317775677876,0.19274563517391152,1.0148030530665961,0.18048399810143062,-0.20417324804431336,1.0329587603963584,0.17180486974510253,-0.24689753519986796,0.8652461191843862,0.12118456754742099,-0.24698771358204216,0.9020160861526352,0.20527160635983882,-0.30259572438089344,1.1116034956115295,0.2813501499178219,1.2957478780261438,0.9269299446224485,0.2790971610627453,1.5595332348578628,0.9141024654536152,0.2507281502887893,1.4372180726816632,0.79319416818512,0.4635567426889317,1.188576613861854,0.8894457767823509,0.5729986318363048,0.8968960305100812,0.9939072912672141,0.5867757789081874,0.6066837631255193,0.9739701154308331,0.5513098918757975,0.47835725236009724,0.9481402943172453,0.5826218801916118,0.4633540531618985,0.9425154876609618,0.5871046391332307,0.4511296090842165,0.9739033979317538,0.10170910555962513,1.188295159844321,0.9560392270011482,0.049608327215844544,0.899293013862456,1.0050758713797125,0.060479958440692635,0.644182605698814,0.9491988986007751,0.10389390832076445,0.5442057260321003,0.9144371106021169,0.07566790351730332,0.4868150258520523,0.9141206704743542,0.05034900042669828,0.4980049409838103,0.9708943052745742,6.666666666666667
0.38914262212434575,0.649003737284425,0.9003732952514178,0.39802508824595806,0.18307595045859457,0.9987285990749404,0.36455329633521577,-0.23989925107269053,1.03118172340955,0.3172883005802291,-0.25702986148527174,0.8463271949249045,0.3797859810703872,-0.2539419103917835,0.8481077209406864,0.35167125429867335,-0.31229716901302657,1.1176129458618331,0.16294543741267783,0.643772976521747,0.9535726771583856,0.17040994325516312,0.19268481207974275,1.0149686894466519,0.18046360610682954,-0.20385138888258594,1.0329770116184855,0.17189869817765746,-0.24690861264226588,0.8651906299869135,0.12120515217693714,-0.2469163550077891,0.9016541026432512,0.205369893186881,-0.30257490425542677,1.1119058903713044,0.2821175036290789,1.295074929119994,0.9269708920069444,0.279578518054183,1.5597297026761048,0.9114933904135158,0.2518672460733862,1.4368175252816398,0.7911594037750171,0.4633737029092798,1.188429505221289,0.8905930595268872,0.5741181219982303,0.8968447144028202,0.9964174538944821,0.5865994155402436,0.6077133220003685,0.9734607277329502,0.5523543550979004,0.47818427842488953,0.951127033326763,0.5854358959630667,0.46317366208710675,0.9463448310643313,0.5884063231044361,0.4499020525027247,0.9788230282530542,0.10173720483354966,1.188490547047341,0.9559529097551804,0.05067536356235018,0.8980815155985844,1.0045728123340147,0.06110871873571967,0.6435100375428223,0.9464023035128419,0.10521170422039451,0.5398803578876797,0.9169542540433675,0.07611461713493982,0.48375470442844115,0.9140552548363844,0.05193247867040917,0.49535455367841724,0.9707469927387871,6.683333333333334
0.3892949390982397,0.6489986849183744,0.9008495852102227,0.3980371573926048,0.18262733583607738,0.998715148917802,0.3643985468046825,-0.24020576340669472,1.031258322837232,0.3167003790989142,-0.255969215265273,0.8445380726490322,0.37974769588520385,-0.25389938602221895,0.8482042657688349,0.35129935202226675,-0.31170843404792703,1.1166428046091907,0.16445282071364434,0.6437391658787053,0.952581908472182,0.1707010414221032,0.1924568046055607,1.0151203810135327,0.18048172981307906,-0.20364561822949173,1.0330353458191204,0.1719345747254366,-0.24700426161967184,0.8652293327821391,0.12118911796116731,-0.24692669627356834,0.9015299193648106,0.20534955313031777,-0.3026598109324675,1.1121619980235946,0.2828320605265028,1.294331821965856,0.9270245889828681,0.2800290486646386,1.5600906281212075,0.9090642650153773,0.2533311742019653,1.4359944791834136,0.7890556843833971,0.4630269804302333,1.188128353591201,0.8927476077247876,0.5742657342284169,0.8963831333776606,0.9962331359285203,0.586427543122782,0.6075053971539903,0.9728623718357374,0.5527015467475165,0.4784203310858647,0.9506042907335334,0.5864661961369512,0.4624579436375805,0.947903457519347,0.5890198413642299,0.44882072377097104,0.980424179687828,0.10177074659537555,1.1890401951471299,0.9559566839347383,0.05171013344022025,0.896508919919377,1.0046154611321785,0.061490020470696495,0.6425359174465504,0.9440900357915661,0.10554423097596972,0.5345421462198596,0.9188183447972201,0.07620202125053173,0.48042384095902924,0.9139450595087141,0.05297071949926427,0.4930904090815946,0.9707225713172262,6.7
0.38966648243397084,0.6487041451219493,0.9014928450741906,0.3980660399140907,0.18195924458806037,0.9987260180850372,0.36428133598086465,-0.24055804666167485,1.031380941239866,0.3166061576540673,-0.2550071440441241,0.8424161133857742,0.37974597433283086,-0.25401228517818614,0.848259610588099,0.3508776284022006,-0.31106002490213724,1.1155279264518247,0.16620650298131526,0.6438309890482612,0.9508724931233419,0.17099121295793818,0.19207338331939267,1.0152552019302012,0.18054056907090263,-0.20369423674958514,1.0331501461822663,0.17188400106771531,-0.24722535794835124,0.8654755996095753,0.12112236594939295,-0.2470861961787317,0.9017558437185227,0.20521984270868057,-0.30282579994902536,1.112233577544415,0.28339213564260135,1.2936271702592033,0.9270718244106952,0.28038548924714796,1.5604648165060298,0.9071267814293136,0.25495477202615785,1.434743890412117,0.786940614619027,0.4626857197379762,1.18773620255643,0.8955200460351068,0.5738018589629506,0.8953589575191011,0.9940146086542909,0.5866730927938171,0.605906805336824,0.9728746891954003,0.5521527327251814,0.47916294719688357,0.9464986711447723,0.5856125095291833,0.4613855012447601,0.9470185561334157,0.589422792104924,0.4475773169650413,0.9796108595872793,0.10178241569380267,1.189758427006303,0.9561294325265015,0.05261725360918988,0.8946137173802547,1.005735533798837,0.06160222825230254,0.6412991116403265,0.9423083697282699,0.10485932512397349,0.5287819129547912,0.9197983415413886,0.07605232767936017,0.4772642970423771,0.9138287969372841,0.05341356328278987,0.49121217854993604,0.9708183630917697,6.716666666666667
0.3901889937865585,0.6481034754497426,0.9021293532107288,0.3981240098761945,0.18121007777967799,0.9987665872436953,0.3642719717039419,-0.24087853626605085,1.0315173532314188,0.3167287190550088,-0.2542831124989534,0.8402272625109677,0.37979575793910747,-0.2544544570136324,0.8483641976236858,0.3504160674373693,-0.310391031618538,1.1142853405216844,0.16808849722395508,0.6440458431800243,0.9486702398092157,0.17127027999619104,0.19156177252079004,1.0153726154746296,0.18064110732975283,-0.20397087232475522,1.0333181478823152,0.1717956470798544,-0.24749198203531522,0.8659179995250804,0.12104507223549527,-0.24735004436463348,0.9022101303722254,0.20499407512222975,-0.3029759011301341,1.1120460453747054,0.28371907710254907,1.2930684478138612,0.9270918386287095,0.2805979886899346,1.5606896019673786,0.9059162514845708,0.25660656648937863,1.4332944444572973,0.7852554752649455,0.4624037239633857,1.1873192243238633,0.8984705388526055,0.5726813074415953,0.8938666416401848,0.9897038717175525,0.5868398090934046,0.6033880755823633,0.9727671486401779,0.5506755619332171,0.479982251544317,0.9397212324729017,0.5832114916426226,0.4599215002211433,0.9436626673241314,0.589665663932343,0.44601395893791096,0.976946654304134,0.1017609911815737,1.1904288237750744,0.9564655146168235,0.05333888912800272,0.8925771162627091,1.0081983474882013,0.061535751528145895,0.6399361575600083,0.9406946597513997,0.10350895556727291,0.5231589485369901,0.9199863478618737,0.07587505016804301,0.47459032300231163,0.9137198572238189,0.0534723154002736,0.489347947627048,0.9710005106000446,6.733333333333333
0.390840977156924,0.6472573487563907,0.9027523173176142,0.3982102034532114,0.18055947093615718,0.9988088623424396,0.36435569789491984,-0.24113840647042617,1.0316310951028378,0.31669590168564143,-0.25382187290578073,0.8381839941384348,0.3798871356896766,-0.25524917613443676,0.8485528073875783,0.3499245946785402,-0.3097168165251055,1.1129497512661555,0.17003901036334151,0.6443671015752068,0.946241939955529,0.17155923881071602,0.19097232554931287,1.015491539037515,0.18077488860186583,-0.20425298271067982,1.033510241934211,0.17177801726668368,-0.24754814368988579,0.8662222080982416,0.12104570741701198,-0.24750397329231838,0.9025196658955522,0.2046764092747677,-0.30296421173909016,1.1115764506187678,0.28380625441063,1.292739802847308,0.9270786967208723,0.2806615031495739,1.5606289099493147,0.9054470715012877,0.25821214739599474,1.4319621834760696,0.7842783257046383,0.4621773299534002,1.1869295075801167,0.9011969060036985,0.5706476758368759,0.8922739094953005,0.9832507865503607,0.5859897291617456,0.6007931707302677,0.9710659845353969,0.5482354718332935,0.480320246942908,0.9314793700120374,0.579575070082952,0.4582552983290222,0.9377868576323296,0.5891886527440068,0.44452818559320184,0.9720610310792059,0.10175249851137502,1.1909275702237272,0.9567018226592374,0.05395108498844821,0.8907238369640538,1.011743407007397,0.06145461437232134,0.6385544554945071,0.9389357335285252,0.10211506266392131,0.5179565783413933,0.9199495217599232,0.07584037689864279,0.47247533092067384,0.9136071362337315,0.053442562036859445,0.48694541121514967,0.9713161098283313,6.75
0.3916250080022024,0.6463789717849115,0.9033961594112445,0.39831994563257045,0.18008153828876655,0.9988255445456697,0.36445161389452274,-0.24135422560715536,1.0317270106576772,0.3162506076645828,-0.2535952255545281,0.8364453595265462,0.3799876695236155,-0.2562811755586953,0.8487834311267509,0.34941307950029626,-0.30901443633575304,1.111575800339568,0.17212350962901551,0.6447861028970178,0.9437207902038589,0.17188611666131598,0.19034575892178862,1.015641654675116,0.18091601066284532,-0.20433216739730697,1.0336935135698624,0.17194327742146687,-0.24710188445899628,0.8658441260485514,0.12122743545245811,-0.24725670828542048,0.902150127818715,0.20426400989436488,-0.30271373269041457,1.1108410464003862,0.2837456725158946,1.2926501505977315,0.9270462062635787,0.28063339394608344,1.560233639294411,0.9054353802069951,0.25972071374628514,1.4309777193820767,0.783773769667429,0.46200770434890437,1.1866059723206075,0.9033243147786751,0.5674025218919627,0.8908649703127195,0.9750806868025279,0.5834295142319947,0.5987915590111075,0.9665560067989111,0.5448139438283128,0.479911300413719,0.9227623026432766,0.5748105002771773,0.4568551704765523,0.9296078843040883,0.5871876256791664,0.4438363942890854,0.9640011182245778,0.10184884205075155,1.1912519614334456,0.956371513255695,0.05456520841161898,0.8895178037532375,1.0152056714409783,0.061574577267446945,0.6372669325220071,0.9368854509637552,0.1012091482680834,0.5132792530208242,0.9204141630196678,0.07607440872544376,0.4708012695470759,0.9135552726866045,0.0534670268219395,0.48355706759106043,0.9718721584794725,6.766666666666667
0.39254200619770857,0.6457046688158999,0.9040594332436356,0.3984521247187253,0.17972149255195102,0.998813613849675,0.3645004276753173,-0.24158569897278948,1.0318886018148545,0.31535329352297237,-0.253595666681878,0.8351955682724095,0.3800687759478455,-0.25737838329362867,0.8489850241662213,0.3488909782769262,-0.3082525568748597,1.1102178388986712,0.17443891124616778,0.6453063971218201,0.94119458714705,0.1722667962079587,0.18968341540935557,1.0158387564334723,0.1810317319411169,-0.20424050717989628,1.0338506597693984,0.17233609740266634,-0.24603266562828205,0.8644381442158869,0.12164975000585829,-0.24643912814809482,0.9006915398661461,0.20376100137921582,-0.30230080690723776,1.1098671612699065,0.2836629817428355,1.2927014210439338,0.9270118221870627,0.2805937123941223,1.5596043394737673,0.9055061428978621,0.26104452322801236,1.430412614477782,0.7831549006818581,0.4619099993455208,1.1863688532254024,0.9045678219435408,0.5627049574424218,0.8895778190000007,0.9658225164906933,0.5789907813985589,0.5975506952214527,0.9587794883677845,0.5405096778508338,0.4787818365776354,0.9141145776034784,0.5689361950664653,0.45589400319631157,0.919934193365362,0.583306773210044,0.4442248120205793,0.9523994671696621,0.10211532902452151,1.1914650245933742,0.9551512710394394,0.05517699217349143,0.8894204692445189,1.016754237856327,0.06216414921132907,0.636312578350708,0.9344852998389679,0.10100202662159341,0.5092674583318029,0.9217010126728166,0.07677071683934494,0.4693532273373643,0.9138677424904947,0.05352132928478592,0.4791106568656551,0.9726193634545619,6.783333333333333
0.39355699461345933,0.645262205501144,0.9048207671994232,0.39859887075874495,0.17936977422151829,0.9988109980242842,0.3644885520168075,-0.24189470262551077,1.0322200360089773,0.31421033569349494,-0.2538728429444919,0.8346893794273621,0.3801268727216322,-0.25837031354440687,0.8491085927427418,0.3483686335357922,-0.3074262992567616,1.1089149088558745,0.17691542002653682,0.64590365570129,0.9388792362777808,0.17273146535561207,0.18897009872452308,1.0160620655753314,0.18111552365421824,-0.20419305233256732,1.0339710251182057,0.1729214708301085,-0.24442661973031768,0.8620441099025552,0.12229682520837143,-0.24501846318716158,0.8980531297502747,0.20320573920931922,-0.3018953275877098,1.1086703216519853,0.283620017218338,1.2927487869973984,0.9269806524385387,0.2805855477552832,1.5589388327758302,0.9054886124667134,0.2620853940532206,1.430224234681555,0.7819428374528186,0.4618870760949322,1.1862237702814937,0.9049069839922406,0.5565730715200564,0.8881851003167883,0.9557561333239513,0.5729649666842097,0.5968374828493985,0.9480539702491454,0.5353831385390123,0.47718661804562873,0.9052168616522298,0.5620232282409542,0.4548901569640851,0.90996589734403,0.5778497257879426,0.4452106746499331,0.9382196833694468,0.10254804468730633,1.1916509111723752,0.95308749586477,0.055676927427641076,0.8905891618077978,1.0149977500210061,0.06345332997364032,0.6359843851946541,0.931745436181268,0.10150987453532515,0.5061258131117401,0.923377880084286,0.07822905790669882,0.4678846225161595,0.9150156230797413,0.05363212715604478,0.474013090125944,0.9731494331969983,6.8
0.394597637841297,0.6448603893361944,0.9059044778479213,0.3987417390956674,0.1789183308048331,0.9989161588462995,0.3644041314030654,-0.24225947159463157,1.0326933706922734,0.3131975917172178,-0.254468707792732,0.8351128956910844,0.38017961321517335,-0.25911654548643964,0.8491506931052241,0.34785862569801024,-0.30655831156340735,1.1076953230873605,0.1793142891280204,0.6465228132416747,0.9370448300554812,0.17334703478587055,0.1882361418659192,1.0162383995553828,0.18120396894500446,-0.20435694585584063,1.0340455279512668,0.17361051425136076,-0.24247699010377233,0.8589486597106571,0.1230764187610476,-0.24308088771004513,0.8945477997283998,0.20268053528967736,-0.3016570401732436,1.1073122278311625,0.28360532082504536,1.2927219499236298,0.9269511942590669,0.2806078153138074,1.5584075878884731,0.9054348997029396,0.26280947242863684,1.4302841704522757,0.780060777111538,0.4619057885337056,1.1861930958823828,0.9046760966116043,0.5494629381695741,0.8865745021143199,0.9448526101076452,0.5659273268040961,0.5963143373160229,0.9353565103477574,0.5292832184727643,0.4755931604878214,0.8950293114353037,0.554138825678113,0.45311090853153835,0.9004446660379276,0.5714070358494447,0.44595997303620194,0.9233293114270498,0.10309320000795819,1.1918724053204681,0.9504916783915076,0.05595630023723558,0.8927561878809702,1.0097655576756863,0.06547286478855992,0.6363949411783543,0.9288764825528386,0.10276268667707628,0.5042315573133792,0.9239892425719014,0.08077279833454282,0.4663318466957485,0.9169512863511318,0.05403922637720482,0.4691895105235907,0.9725452982278616,6.816666666666666
0.3955968942438496,0.6442609435879326,0.9075640345319608,0.39886963007469745,0.17831342273035555,0.9992566977415545,0.3642304041063901,-0.24255528502605006,1.0331064753351815,0.312698354587826,-0.2553631639829225,0.83641539783117,0.38024188460305725,-0.25952635469191054,0.8491438769903105,0.34737430740599057,-0.30567996674653075,1.1065845248197563,0.18143067682368358,0.6471227860599347,0.9358405064222488,0.1741696247223829,0.1875741866135477,1.0162796743456166,0.18134573477403726,-0.20474880710326504,1.0340814187529188,0.17425929775725676,-0.24044689854831422,0.855603015179903,0.12382854290969803,-0.2410333740560176,0.8909628482595366,0.20227157822685143,-0.3016904222467958,1.105960764426933,0.2835894932159211,1.2926867857743494,0.9269291096423724,0.2806431827602477,1.55809857395996,0.905443383811626,0.26327335099936905,1.4304247895470237,0.7777526689058547,0.4619132566432807,1.1863330699932955,0.9043317318180657,0.5422133406254622,0.8847299809318759,0.9334873656606268,0.5584958888481739,0.5957648035931282,0.9221532721998323,0.5219596002130558,0.47449949556929805,0.8827961719287719,0.5451020894705301,0.45039913360841993,0.8907518739919681,0.5645031729649646,0.4457384508444281,0.9095674067073327,0.10367486484859387,1.1921450334692358,0.9477493972499834,0.05598404965409948,0.8954313239008276,1.0019589988328044,0.06802731857706454,0.6374103961042483,0.9262514552102064,0.10483871392073468,0.5043788028845585,0.9211597992608512,0.08468285808556153,0.4651969113097759,0.9182315990524073,0.055010830819758376,0.4659593353497954,0.9695275755959056,6.833333333333333
0.3965202810163421,0.6432995002355779,0.909951769939897,0.39899619304143713,0.1775992923891579,0.9998757767576689,0.36397220063720137,-0.24265358011361704,1.0332451673418972,0.31293040678707756,-0.2565292572454389,0.8383623757053509,0.38029718350580277,-0.25958649938716777,0.8491174290024491,0.34692719723700643,-0.30481767218533,1.1056055274877254,0.18321244329382244,0.6476883194386609,0.9352913708207482,0.17515757273036353,0.18707247388771325,1.0161887109741483,0.18156204050043817,-0.2052945822378406,1.0341078316731878,0.1746864888188932,-0.23867490562865115,0.852629473585612,0.12436699031926611,-0.23962907651071846,0.8883529795417989,0.20201804346099766,-0.30201707667698996,1.1048409423261611,0.2835569779053377,1.2927843461036885,0.9269254519196002,0.28066427544380745,1.5580151809764886,0.9055432032306968,0.2635998058163507,1.4305683684606958,0.7753832334018887,0.46187669642278883,1.1866952416267778,0.9041058630634706,0.5357648630289926,0.8826095658512607,0.9227698422159202,0.5510874437416259,0.5951314141589457,0.9099761787704376,0.5132428251994199,0.4741291572669394,0.8690518938561894,0.5345443250645613,0.447496778008457,0.879338927685566,0.5574604294638796,0.444035198649979,0.89806833011004,0.10420564929711733,1.1924848890915727,0.9452375861702192,0.05582406733302615,0.8982032677894745,0.9930864460287114,0.07086974762610312,0.6388003795923884,0.9240696717986394,0.10783695557873416,0.5074324727213164,0.9129538548279656,0.09011839629260657,0.46555412602069013,0.9163021632711155,0.05664298563805613,0.46537619612692316,0.9632741538791132,6.85
0.3973559949347581,0.6419451364509717,0.9130452745021527,0.39915256033572305,0.1768997250036044,1.0006428862644106,0.36367118963420797,-0.24250740735949702,1.033022874520709,0.3138009271616883,-0.2579375065849071,0.8406795233759701,0.38029078871265015,-0.25937316823928064,0.8490508666239812,0.3465267039615168,-0.30399192277866705,1.10477844503635,0.18469181233733473,0.6482178503597913,0.9353995697038288,0.17616250322023333,0.18676161188650242,1.0160958089814474,0.18184548432999112,-0.205890979843752,1.0341617259595353,0.1747526571803418,-0.2375047946528871,0.8506645958367783,0.12455527696146781,-0.23955393910099762,0.8875264843734767,0.20190005050895363,-0.3025533426433828,1.1041100555913559,0.28350622156600125,1.2931108275304113,0.9269441724539422,0.280623499218734,1.5580825063228398,0.9056668440781377,0.26388215850120333,1.430764352021558,0.7733197287362776,0.46179639238003245,1.18727537107485,0.9039694193720174,0.5307567599721436,0.8801779668138106,0.9140622640836311,0.5436752966612424,0.5945024348436442,0.8995376323400796,0.5030263097729697,0.4742379416785118,0.8556562933004457,0.522380432139234,0.4453872235086258,0.865416016371349,0.5502467584204711,0.44076018666404365,0.8888931330703425,0.104595610337574,1.1929416200393348,0.9433078600724258,0.055580318434325676,0.900902278062089,0.9847879631052647,0.07390842886473953,0.6403466450622219,0.9221863764446038,0.11200123451214486,0.5134188145182491,0.8996833926078373,0.0968924374951992,0.46840107335488956,0.9090784916970025,0.059078919062253855,0.4675049963987091,0.9541456694852436,6.866666666666666
0.3980922452955931,0.6403433048228843,0.9166352046188712,0.39935545204467393,0.17633912186326373,1.0013620908964178,0.3634000117081925,-0.24213093044050013,1.0324402550143814,0.3149253421850454,-0.2594683365501838,0.8430913080716363,0.38018306455642104,-0.25901444452174777,0.8488711211563992,0.3461826198077329,-0.30322379156052826,1.104125506788033,0.18589880610211093,0.6487087182226792,0.9362177811454693,0.1770265459759479,0.18662441907979538,1.0161579003190648,0.18218135756751436,-0.20642617096960952,1.0342725516910223,0.17443309191222336,-0.23726000769431155,0.8501694425018498,0.12436205647030218,-0.24102858045354247,0.8887228899949248,0.2018598902544713,-0.3031302219642434,1.1037528949208697,0.28344293604385185,1.2936607927785528,0.9269777549498841,0.2804816901159586,1.558208398811759,0.9056832993242585,0.26408296743702103,1.4310978185972147,0.7718170585598361,0.46168990443435354,1.1880071016489453,0.9038331436354826,0.5271914918251135,0.8776173348100664,0.9083087994518013,0.5356535449694043,0.5942978900655288,0.889974629280828,0.49106743462342484,0.47437611938904456,0.8444684703107546,0.5089409458745142,0.4445598419127095,0.8496085553745896,0.5424423050876964,0.4365370322032644,0.8809387116039631,0.10477667019053158,1.1935441363319723,0.942221565505891,0.05528670812229006,0.9035017385964242,0.9783927515458767,0.0772607279773736,0.6418527855773762,0.9202421614112672,0.11787413862171259,0.5211303980752742,0.8842338120166666,0.10435365279885551,0.4739426808270062,0.8961922392563594,0.0627254886801048,0.471416910133911,0.94338534067604,6.883333333333334
0.3987006375377679,0.6387908334077734,0.9203704674870105,0.3995852535030088,0.17599373832073206,1.001948653953581,0.3632230910608911,-0.24153121248990286,1.0314769077695365,0.31592996496743453,-0.2609079164804445,0.8452976323744662,0.38006208448949175,-0.25867957920291,0.8485759114195002,0.3459085653289703,-0.3025411724522482,1.1036774922637107,0.18684360576542264,0.6491281260506437,0.9378263591240055,0.17767518798446258,0.18660288584504786,1.0164803251749968,0.18255957751083254,-0.20682537734533607,1.034450846753575,0.1738305517475453,-0.23825050554006344,0.851314259214949,0.12387059273148318,-0.24377274249884284,0.8916185832755267,0.20184620506078185,-0.30356717394964194,1.1036067595940724,0.28337526503063915,1.2943606634081477,0.9270151540053975,0.2803013567765497,1.5583515339057996,0.9055337015214088,0.2640906625142489,1.431657788591733,0.7709301133278585,0.46157633090741,1.1887903394343242,0.9036632550617902,0.5244736695452181,0.8754978820050978,0.9055322635764482,0.5261730081725278,0.5953063381331172,0.8794021911613128,0.4769284501913705,0.4745467238064428,0.8359857266313466,0.4945444776175056,0.4452435003870546,0.8327145657056517,0.5335318198490056,0.4326832539841593,0.8723325578349401,0.10474455266195665,1.1942662103974002,0.9419917428948188,0.05485146243798638,0.9058896907092547,0.9746529590269906,0.0811258769298803,0.643232152186668,0.9176053996079384,0.12609820621984089,0.5287109777811957,0.8706411378417596,0.11174112868460348,0.4814103169424729,0.8791165216688684,0.06798067219773027,0.4758145872100014,0.9322988126036682,6.9
0.3991495927882266,0.6376020975329515,0.9238325010016433,0.39980662043937787,0.1759124923938188,1.0024040244959347,0.36315962085240827,-0.24067863712223664,1.0300877911139192,0.31673743628448775,-0.26203541136265573,0.8469722219834782,0.38018963822392243,-0.2586207816657429,0.8484198004821607,0.3457232333965126,-0.3019795102195964,1.1034733444197151,0.18750396404937175,0.6494201401107428,0.9401824125590453,0.17811965871802868,0.1866034745984525,1.0171436916552468,0.18297574598674363,-0.20708670935891182,1.0346819553747924,0.17312891280574977,-0.24057080729762653,0.8538073128412617,0.1232471135615849,-0.24721869823608944,0.8954246232522834,0.20184508190065256,-0.3037670203386662,1.1035039121113124,0.283311637941748,1.2951145533922717,0.9270519828006714,0.2803009134371285,1.5585039179401519,0.9054085117136679,0.2639148423772685,1.432551480701915,0.7705827691448973,0.46147053484041756,1.1895167309770052,0.9034737355096103,0.5218208182367823,0.8745549356448912,0.9046776801876575,0.5148671005491963,0.5981200504843474,0.8665714707112742,0.46042614859811726,0.4753557374165582,0.8297498264205814,0.47927135898554274,0.4478409876498024,0.8148979761306261,0.5231568899654799,0.4306730148731044,0.8613776853490291,0.10457941912754733,1.1950605848169769,0.9422936864819911,0.05413873090332395,0.9078678902326889,0.9734845445894478,0.08563967099246042,0.6446951546721327,0.9131650827705083,0.1368421394131264,0.534737896089814,0.8621618721745385,0.11878398177942011,0.4894549124306812,0.8607137382698915,0.07476526601893019,0.47983590681233856,0.9216180967009313,6.916666666666667
0.3994453304442051,0.6369564214703696,0.9266483277112489,0.4000049344288113,0.1761148425796794,1.0027178288402796,0.36319514437005385,-0.23955706857339049,1.0283351684483313,0.31746395428133495,-0.2627023742781985,0.8478363838463745,0.3808567964153994,-0.2591112753533349,0.8488526143134045,0.3456447836660181,-0.3015703062405662,1.1035473351668528,0.1878217951528687,0.6495915799533369,0.942990134586289,0.17840085565016026,0.18655458594522029,1.0182036968553327,0.18342638619207058,-0.20725703888200672,1.0349373068595018,0.17250202910337314,-0.24386732062297228,0.8569649830369872,0.12266860845705782,-0.25077783365348283,0.8991333773578961,0.20186156895813945,-0.3037384381554503,1.1033619813332207,0.28325915787248784,1.29581889398734,0.9270934053585878,0.28074049952814617,1.5586320733477437,0.9057109760575196,0.26379089121831195,1.433821837881797,0.7707293023837747,0.46138460831146116,1.1900824053324937,0.9032975955632025,0.5186883958777202,0.8751495579607912,0.904239006316077,0.5022089331892141,0.6025865827796586,0.8517807967320913,0.4420382168180621,0.4774671730898996,0.8252393816426027,0.46312764257355726,0.45256581874200946,0.7966656338918167,0.5110084636876058,0.4313012732116244,0.8476772742581073,0.10439524427963998,1.1958753387264993,0.9426799759158093,0.0531136337224417,0.9093713296794141,0.9739085863813601,0.09088769364493726,0.6468328026335335,0.9056303147098503,0.14943016383718744,0.5389568914581515,0.8598882299967247,0.125863624763459,0.4967845928387496,0.8442654565243911,0.08240271033297906,0.48359096641313526,0.9112039073486531,6.933333333333334
0.39963930247747603,0.6368556826429594,0.9286059352511332,0.4001959713519344,0.17659641186588954,1.002840604985491,0.3633160623379294,-0.23824828670730647,1.0264618703718127,0.31818677163868747,-0.262921835857261,0.8478809750010773,0.382178059517745,-0.2602808519520727,0.8501782528543076,0.345674782971458,-0.3013075316457136,1.103897646611984,0.18775103408259955,0.6497702838394448,0.9457820563559527,0.1785561833384925,0.18648375779660276,1.0195957762181829,0.18389788470087542,-0.20738914122910884,1.0351973817369848,0.1720496612784712,-0.24741531626857655,0.8601061941721346,0.12225459772783967,-0.25395649428938216,0.9019015188832139,0.2018979814055037,-0.3035341837956374,1.1031719375417735,0.2832226370584531,1.2963659895257893,0.9271495669312827,0.2817364410172649,1.5586317369242757,0.9067556678151201,0.2640553848911258,1.4353289787303587,0.7714616642396182,0.4613288319592328,1.190410245805318,0.903169639119975,0.5149842977439115,0.8769817753552539,0.9032445576944588,0.48919745504993994,0.6080144460219753,0.8363360904255223,0.4224670585133636,0.4814118461803538,0.8209893983036108,0.4459591005710747,0.4591684147886206,0.7794976718787034,0.49662793989823784,0.4344579586371084,0.8324406953487956,0.10426290534407306,1.1966322706549408,0.9429205453608801,0.05192613047001882,0.9104817090412085,0.9747879798097383,0.09693178711126064,0.6503705607914428,0.8943439136000227,0.16267089997123818,0.5421205022462164,0.8624039836576426,0.13363147043086537,0.5026194614339844,0.8320914551083775,0.09011383551158061,0.4878353400591025,0.9005837567972853,6.95
0.3997751344301405,0.6371708060987814,0.9297151568568154,0.40040653773806467,0.17739187501271747,1.002646781489509,0.36353338847760575,-0.23693965929312347,1.0247841528104027,0.31898814228825495,-0.2629392184539089,0.8475983099542219,0.3840486104546005,-0.26203037031336673,0.8523602112530425,0.3457774247541387,-0.30110395803371703,1.1044428461681228,0.18731503754267242,0.6500989657962444,0.9481589499682073,0.17861963828042618,0.18650997630512667,1.021101863325223,0.18436291650311706,-0.20750975362561547,1.0354590424096435,0.17180720573125924,-0.2504323123281003,0.8627649833635914,0.1220493073440578,-0.2562904247123552,0.9033200729430402,0.2019604778557239,-0.3032078455036286,1.102967192661001,0.2832058045681175,1.296667312346444,0.9272258542190748,0.2832049816188033,1.5583394792232257,0.9085517433370934,0.26494879454063647,1.436753137398815,0.7730117178259178,0.4613066051940095,1.1904967587624031,0.9031095518537051,0.5110543865980424,0.8794058625376923,0.9014813535268846,0.4768211572575447,0.6137144625919897,0.821700952321168,0.40202955078902136,0.4878352025547673,0.8137601633022528,0.42721666014955995,0.4674350657558685,0.7645363064857206,0.47952209154037073,0.43986034771806287,0.8176353929440098,0.10419778869165258,1.1972280406833988,0.9430542810973767,0.050880040032818805,0.9112155510965997,0.9756056545745324,0.10363231785924734,0.6556222262770501,0.8798640740700578,0.17552771874513207,0.5453465216839274,0.8664991188538058,0.14267997723153128,0.5067765146365474,0.8248860787525982,0.09792163560091374,0.4929454264661368,0.8900776430964282,6.966666666666667
0.3998479757353059,0.6377028818628079,0.9301655310979551,0.4006457606389201,0.17853494119790336,1.0019920527501915,0.3638713647111863,-0.23580851494084928,1.0235358207647907,0.320029189406709,-0.26310655562737695,0.8477841123500435,0.38624448790375987,-0.2640589339943319,0.8551292909905782,0.3458862535074184,-0.300820381316594,1.1050306104075416,0.18661102422316334,0.6505628556647698,0.9499796819394611,0.1786173218013425,0.18671513616833002,1.0224825233968788,0.18479687994302374,-0.20760889508679553,1.035723999041536,0.17176053468743613,-0.252369197013406,0.8646646280443068,0.12202910944427893,-0.2574335461651184,0.9035127851703925,0.2020620651424208,-0.30282433408315035,1.1028002715391716,0.2832120188653293,1.2967094875335272,0.9273132187582016,0.2849330270301187,1.557637137256608,0.9108646770540126,0.2665292776769504,1.43774708932116,0.775587865690474,0.4613102688132268,1.1904361253441995,0.903107530631453,0.5075071767995323,0.8818730365880977,0.8990660536876696,0.46560370673794693,0.6192479238454173,0.8090427645707906,0.38088403949543925,0.49727724666638484,0.8004791551156512,0.40629654727180464,0.4774650461515779,0.7512378317052224,0.45950993631196363,0.44753100142478447,0.8049923729740975,0.104191217001038,1.1975770586608605,0.9431924776640246,0.050331521701191775,0.9114504550669342,0.9761108095994135,0.11053103193402629,0.6621473103583836,0.8637738464462897,0.18745937654372313,0.5497871340706068,0.8683075766783905,0.15354164367532852,0.5097264671973254,0.8218542981718361,0.10707686201336691,0.49862559641497756,0.880526091004438,6.983333333333333
0.3998267043640705,0.6382597500449576,0.9301884224657966,0.4008946461825451,0.17991928321143308,1.0008939728704598,0.36429632079596974,-0.2348974324304196,1.0227578634029268,0.32138557615191876,-0.26361334231658495,0.8489596508818994,0.38849891007175674,-0.26595302831272705,0.8581158105923656,0.34595895494825063,-0.30041105402069807,1.1055465706989172,0.18577662813306112,0.6509739586728667,0.9513567739001728,0.17856403466351406,0.18703158248813773,1.0236112949798775,0.18519799879986154,-0.2076545276261025,1.0359922049411463,0.17183618059840208,-0.25302630339293614,0.8657370078732829,0.12211138614602315,-0.25740780983474076,0.9030293366123131,0.202212681038124,-0.30246142897513245,1.102719409949109,0.28323792133268844,1.296603313598914,0.927386634656399,0.286656074378514,1.5565327538511884,0.9133694933339072,0.2686704386585567,1.43814648355896,0.7791241666917738,0.4613266508206799,1.1903571590800905,0.9031307921796383,0.5049595262015596,0.8839943787944083,0.8961992938918117,0.45539259698044376,0.6244649630803193,0.7989994258594414,0.3596168622544673,0.5095875675325309,0.7811154526738302,0.3832893680024411,0.4891570436872262,0.7382211900929377,0.43698421422834954,0.4572834241358429,0.795497458054957,0.10421513942331659,1.1976713823434917,0.9433704554853002,0.05056663484992463,0.9110731693644787,0.975692154499003,0.11716115236564006,0.6690218320870391,0.8479861867956799,0.1984538240800564,0.5565502694524629,0.864320177367836,0.1668082283044873,0.5128281057736406,0.8205720534176552,0.1192207310542989,0.5046424757201795,0.8716797897868409,7.0
0.39969926975742326,0.6387257760729589,0.9299692914110416,0.4011226447418199,0.18130311532352938,0.9995709349145461,0.3646590880084324,-0.23414415176742137,1.0222743986921918,0.3229201938773492,-0.26439686210397495,0.8511027253436134,0.3904957092272459,-0.2673084642299511,0.8608825048648157,0.3460066953815022,-0.2999936739402418,1.1059719519073978,0.18495866359853522,0.6511141743400097,0.9524854757804715,0.17846736085449857,0.18730232187666335,1.0244727280680055,0.18558291053506248,-0.20761406668663357,1.0362608598960894,0.17193565524074308,-0.2524835218198465,0.8660987650176434,0.1221916733677765,-0.2565307963589659,0.9024465623176611,0.20240680056457014,-0.3021652345077247,1.1027543043813004,0.28325983936688304,1.2965302226371316,0.927400429177409,0.2881236687440862,1.5551505215742656,0.9157303309467253,0.2710959386108558,1.4380661328338697,0.7832109259989408,0.46134596028740804,1.190328801765792,0.903146834025355,0.503781434852158,0.885517625859834,0.8931922715035545,0.4455559597128195,0.6295722949307572,0.7914003334892291,0.33920590779057647,0.5238151682480809,0.7590366534683973,0.3592908853545727,0.5017364932316192,0.7253346109412833,0.4129176919046779,0.4683290210410783,0.7891825468717496,0.10421097426624606,1.197606804181315,0.9435169481565671,0.05168682488378339,0.9101422919986764,0.9735808461605222,0.12354030559245154,0.6753812339134656,0.8341425057887479,0.2090247356348348,0.5662557096838191,0.85239698900191,0.1829643770943866,0.5179677711453126,0.817264521873973,0.135180992469201,0.5110726250809046,0.8622021409932228,7.016666666666667
0.39951157936076265,0.6390693941816501,0.9296576259340372,0.40130432777360997,0.18248799327169823,0.9982628126836391,0.3647579763172127,-0.2335152862406675,1.0217978927900813,0.32435255509648286,-0.2652649398138069,0.8538135807592095,0.391861071250605,-0.2678390134433977,0.8629906192421272,0.3460439832035998,-0.2997147149594653,1.106279694675648,0.18426006479283333,0.6508633666044388,0.9534811294070136,0.1783307891783233,0.18742918493710176,1.0250937351191984,0.18595900216774425,-0.20748597043586525,1.0365197986836037,0.17200296121730846,-0.2510052664896546,0.86591399691946,0.12220034555833806,-0.25508238259962956,0.9020021517850112,0.20261072936467614,-0.301921415160879,1.1029107040820678,0.2832323404082625,1.2965861467852324,0.9272845954255443,0.28918462042703286,1.5537305438928344,0.9176250613091772,0.27345226896887276,1.4377628550620236,0.7872485047874012,0.46136390360039325,1.1903457535396904,0.9031407083337002,0.5039493725093985,0.8864617711315286,0.8905684938008414,0.43535947347297327,0.6351275266329657,0.7850341958238911,0.3204811964845171,0.5387738677887579,0.7386050751043403,0.33593724354895715,0.5140141084096624,0.7143240155473977,0.38849498239247027,0.4798555935304981,0.7852046681404266,0.10412699174310823,1.1975175292779743,0.9435072005963384,0.05356809174161449,0.9088721656556802,0.9693630804441038,0.13022177803209037,0.6806703032389481,0.8232385283408259,0.21998236259757634,0.5784368089661319,0.8326766406164575,0.20170560476885793,0.5264014597626808,0.8085464413827697,0.1547461134530354,0.5179011381596537,0.8513244184239828,7.033333333333333
0.3993743495065717,0.6392997520569719,0.9293459074779371,0.4014217126960103,0.18343966197007197,0.9970826601245879,0.36447683923526164,-0.23302566598136346,1.0210895249900425,0.32538835255563386,-0.266010979383292,0.8564797989516596,0.392282656163431,-0.2674826065397802,0.8641707263613563,0.3460569320239474,-0.2996381722273939,1.1063896358724477,0.18368897749349694,0.6502162006172617,0.9543495771539054,0.178168636923597,0.18740758613122266,1.0255025480207234,0.18631002126783244,-0.2073311086954067,1.0367594077646505,0.17203969864255697,-0.24910190292890189,0.8654101247652365,0.12212203856964625,-0.2532149252593754,0.9016709316048079,0.20276623561841162,-0.30169364404261584,1.1031582281452603,0.28313779862296207,1.2967199753382885,0.9270317076980423,0.2898561850297175,1.5526249656506235,0.9187983751013926,0.27539841456941966,1.437444390760432,0.7906405887700805,0.4613795437938226,1.19037821280215,0.9031159298824045,0.505049603731842,0.8871424125677594,0.8889469313173994,0.4242934341141929,0.6417199580531506,0.7781822723241245,0.30378726281916757,0.5537446204784606,0.7225114882849895,0.31461779693088854,0.5251395406263839,0.7073148066652954,0.3647827505069172,0.49158934697347056,0.7824776823660923,0.10401937367590146,1.1974688380403873,0.9433252525656082,0.055906233202610345,0.9075097386318685,0.9632159853239532,0.13776446882750226,0.6846276981719304,0.8154386376835596,0.23177652407148314,0.5915510460221736,0.8078608288001886,0.22146121651855596,0.5381227762242798,0.7933143968974727,0.17689285379343855,0.5250573523617097,0.8395534240088788,7.05
0.39939456885350244,0.6394211709130735,0.9290216857669538,0.4014708318435847,0.18420301597718933,0.9960523739319628,0.3638548589117481,-0.2326599983984998,1.0201031277110428,0.3258872174442815,-0.266488300058212,0.8584448850144574,0.3917279834594296,-0.2665026729549467,0.8645116207794766,0.3460355193658908,-0.2997698261238321,1.1062676853043483,0.18320821712438018,0.6492220165849512,0.9550519521245,0.17801697565047034,0.18725905611620897,1.0257206666157763,0.1866148151487986,-0.2072383611832153,1.0369797420851545,0.17207570109767886,-0.24750771384357942,0.8649638080941598,0.12197367818411217,-0.25111900363702144,0.9014260458949902,0.20282686401667901,-0.30145741215897387,1.1034080831674369,0.2830665455337516,1.2968595383429653,0.9268627381944248,0.29032093851798274,1.5521686836581063,0.9192031705625452,0.27671125795454315,1.4372485737010199,0.792965565680703,0.46139306495037713,1.1904062465390703,0.9030831921231424,0.506454645262102,0.8879630797495086,0.8885046490790067,0.4124389060403586,0.6494497953707637,0.7699335607198186,0.2890823588444108,0.5685510460742601,0.7114267158259773,0.2960168898748601,0.5352277315812883,0.7049655009186027,0.3428463391396626,0.5035947487748466,0.7803751722613662,0.10410052841131012,1.19742945702609,0.9432416483666586,0.05835000234299352,0.9063227387494477,0.9558022081751669,0.14622192589822214,0.6873641469641751,0.8101021635895646,0.24375328486734493,0.6036901995537324,0.7825090771413143,0.23991875380345368,0.5522742084415254,0.7731975617841134,0.1997216287454105,0.5328547305870515,0.8279532845932284,7.066666666666666
0.39975627405780023,0.6397744946431105,0.9274088518853495,0.4015719249755319,0.18544794287611074,0.9944519739770481,0.36341043987467225,-0.23267916534431243,1.0198598189165327,0.32596559696741867,-0.2666741475205949,0.8592893564706128,0.39050199609892666,-0.26540446237578,0.8644013217938202,0.34605719422326775,-0.2999019785838691,1.1062226200390937,0.1828730814955289,0.6480909568864666,0.9548585875451028,0.1777370332776719,0.18688213221613986,1.0260123987808316,0.18689769733438297,-0.20715153670998165,1.0371866119874595,0.1721466700707534,-0.2467816023058267,0.8649092951684636,0.12178337835680236,-0.24910682980368665,0.9012713489704335,0.20266009590331482,-0.30098348355613547,1.1032141065433412,0.28319860885552584,1.2970157620232985,0.9271891422428093,0.29081225786303083,1.5525027366433206,0.9191077657949772,0.27737907305897347,1.4372904268031594,0.7940977636968363,0.46140393813152253,1.190423893139703,0.9030498267984143,0.5076504041164853,0.8891658643437037,0.8887209424749294,0.4006328929981526,0.6577304792479869,0.760940536463722,0.27625670468656305,0.5828491034162253,0.7057353294620947,0.2802386012509833,0.5451390836176433,0.7065066795301819,0.32374914481682804,0.5158087181648806,0.7787590480380733,0.10461644017740188,1.1973385417769506,0.9437221979436734,0.06067077601278726,0.9056879390708261,0.9479221856913345,0.1551488805209468,0.6894446972465471,0.8061415337423012,0.25407615235072417,0.6134749367993011,0.7612730374171334,0.2549762330339937,0.5676093078682398,0.7516812660232752,0.2206449447604838,0.5421222723440884,0.8171123721685216,7.083333333333333
0.40016502699800394,0.6400163266024175,0.9257941658780051,0.4016489061923167,0.18645432143460416,0.993033068291909,0.36292992841546134,-0.23287155574240542,1.0197855143241672,0.32578213364843,-0.2666090836314179,0.8589035657730167,0.3889952870194666,-0.2645860123216557,0.8640914270035122,0.3460793530777396,-0.30012417181980217,1.106120325176519,0.1826494901919369,0.6468086740954029,0.9545912568992044,0.1775133148007099,0.18647334480878042,1.026120818166086,0.18713795518407675,-0.20707597760733654,1.0373679913867064,0.1722563581790319,-0.24689761445210437,0.8652473545970646,0.12158170433574013,-0.24750384132273243,0.9011669786349323,0.20246917896604893,-0.3005468807144469,1.1029566023867818,0.2836625534919964,1.2972312424831336,0.9283031399567672,0.2914166444677954,1.5535315957233509,0.9189260429585691,0.2775732717918597,1.437616767128645,0.794220811193132,0.46141130825533366,1.1904322044044224,0.9030205148694995,0.5084550744198029,0.8907062610198395,0.888941350409163,0.3900094888704084,0.6656336993403305,0.7529441239156212,0.26520911926139007,0.595695597991249,0.7062375599506064,0.2671618941349749,0.5555004930891154,0.7112563861622483,0.3080131387094256,0.527785482426907,0.7777178641642856,0.10566504668681659,1.1971758059216655,0.9450786994021254,0.06281532023522735,0.9060103342318361,0.9403436918259287,0.163945752840427,0.6916068553595105,0.8028235535449497,0.260597719676309,0.6205074397508181,0.746909826227595,0.2651517949365658,0.5826078658242683,0.7326565732643894,0.23713495487467276,0.5536419907244883,0.8069393481975128,7.1
0.40060855834677933,0.6401095477556595,0.9242919227498699,0.40169884513403264,0.18714318408416986,0.9918843161681253,0.3624277262531151,-0.23323637222563448,1.0198805670084725,0.32524214129396933,-0.2662366483364535,0.8573027240504303,0.38741303834306773,-0.26408828912613913,0.8634173144118277,0.3461006772650671,-0.30043641383711944,1.1059590554442116,0.1825554942801388,0.6453937289299341,0.954316585034232,0.17737203127846268,0.18604905712458125,1.0260273246109548,0.1873308306030631,-0.20701793171065996,1.037519915565187,0.17231982454831254,-0.24729403923472185,0.8655774739899436,0.12139454398741939,-0.24650649927614784,0.9010728049256964,0.20226616606615816,-0.300174267799767,1.1026399017087876,0.28444571412979663,1.2975055352222638,0.9301758347630691,0.2919974652045725,1.5549947239233266,0.9188838614016808,0.27749460816974436,1.4381267083887133,0.7938350773887263,0.46141611828033025,1.1904337064657022,0.9030037487068536,0.5089041160993808,0.8922802453511125,0.8889620976427177,0.3812781927544824,0.6723443844843457,0.7478240297603709,0.2556123881113177,0.6061364286874756,0.7127964079394498,0.2564516340129186,0.5662926002273347,0.7191286545478661,0.2952222462727915,0.5389856733703826,0.7774599613469972,0.10715282358257598,1.1969527324435532,0.9472741466401264,0.06485070010001989,0.9074117402029982,0.9338714267625335,0.17211942796273788,0.6942324564533013,0.8003027213187845,0.2619843198325787,0.6251022508151499,0.7396723118817868,0.2696474027757188,0.5957306379734391,0.7190932928246055,0.2476837374260761,0.5671585819193506,0.7977230647754333,7.116666666666666
0.40107459877679164,0.6400170390675035,0.9230164175058921,0.40171881144077265,0.1874355632563096,0.9910943768972762,0.3619182351066323,-0.2337728174268534,1.0201453300439733,0.3241184495854583,-0.2654103900548367,0.8546102554078838,0.38581465277866905,-0.2637197104470564,0.8621000875372239,0.3461198481210104,-0.30083871264130585,1.105737065569757,0.18260914482666882,0.643864682108235,0.9541011967976121,0.1773393937698082,0.18562563239399477,1.025713317954853,0.18747156549652477,-0.20698364685532922,1.0376384198051927,0.1721843314499989,-0.24731728504737918,0.8653304288373675,0.12123914595864613,-0.2461263222054177,0.9010223765380754,0.20206311006491898,-0.29989230897795205,1.1022683355203857,0.2854359018715148,1.2977987919373002,0.9325395077631109,0.2923484661454713,1.5565560411710755,0.9189069487057381,0.27727457645022746,1.438613305333198,0.7936932247527131,0.46142179573356545,1.190431266598058,0.9030112847217722,0.5090224314918064,0.8935034065887348,0.8889371126374594,0.3744618283696408,0.677339910018292,0.746827617377442,0.24696708068104267,0.6137993040107136,0.7235337585522065,0.24744301490062084,0.5773308279236478,0.7295380153780566,0.28445836025216065,0.5492969014850734,0.7782447184708304,0.10887754037193353,1.1966439031145615,0.9500186142058953,0.06689088125785754,0.9096252692363488,0.9291022794818762,0.1792864544159925,0.697125527349298,0.799147429736053,0.2582525861890529,0.6277042536801591,0.7384284793285871,0.2686180391873609,0.6057616595320787,0.7126791514011698,0.2525201041138914,0.5809315999453,0.7909433847734872,7.133333333333334
0.4015508789607059,0.6397016815026157,0.92208194515102,0.40170587475262953,0.18725249138252534,0.9907519097709407,0.3614158566950118,-0.2344800939789156,1.020580156505195,0.32238065971876406,-0.2640770010722413,0.8511870314297993,0.38429625243324317,-0.2632808818413418,0.8601145858030341,0.3461355469813297,-0.3013310762378467,1.1054526102807407,0.18282849289806122,0.6422400943484807,0.9540117170367706,0.1774416133336245,0.1852194338474737,1.0251601980371954,0.18755540176964458,-0.20697937087672136,1.0377195393890142,0.17174552064795012,-0.2466434479490606,0.8641593503121393,0.12112616643557705,-0.24620923338970566,0.9010749619159931,0.20187206382360787,-0.2997276684148576,1.1018462348326037,0.28649320398467,1.298075086923497,0.9350441399746676,0.2923650047548202,1.5578670391263474,0.9187691832553289,0.2769881143323025,1.4389451702029505,0.7944290601444925,0.4614323251337401,1.1904279630716228,0.9030482511822084,0.5088225585326303,0.8941431953211721,0.8890229351175346,0.3691243656344173,0.6804432608898925,0.7501184117655317,0.23903031898141597,0.6187284189842778,0.7359284979349683,0.23953634367528504,0.5883092290422955,0.7409767610649467,0.2750719387686097,0.5589098016552239,0.7802471693749282,0.110603643768585,1.1961778905129379,0.9529197812986108,0.06900980588614802,0.9122735457770649,0.9259642992315587,0.18515605855337564,0.6998179425886217,0.7994809131640664,0.25063654993537116,0.6286232782935108,0.7418648297042213,0.2633502899859318,0.6120366615256382,0.7140416461581187,0.25342288501137955,0.5926242348065728,0.7880267554072066,7.15
0.4020251295711873,0.639126356025663,0.9216028006902022,0.4016571047096962,0.18651500089431872,0.990945574080698,0.3609349927372526,-0.2353574045146744,1.021185399466662,0.3202381210307321,-0.26234568866196345,0.8475349750160713,0.38301425602037387,-0.26265737844308984,0.857665834678524,0.3461464551817853,-0.301913512632227,1.1051039443047483,0.18323158956085026,0.6405385263688461,0.9541147705991341,0.17770490102878952,0.1848468247154706,1.0243493646973967,0.1875775813276053,-0.20701135161021356,1.0377593095989421,0.17101861591732742,-0.24533499177477686,0.8621105088237052,0.12105656162185569,-0.24651174671746276,0.9012204319770443,0.20170508020350128,-0.2997070102763398,1.1013779306564686,0.287477281965652,1.298333925134472,0.9373413502863255,0.2920586693426272,1.5586024168656027,0.9183272696960623,0.2766691778333799,1.4391716486623742,0.7961806678895946,0.4614495458564911,1.1904262190917274,0.9031051351789512,0.5083984481299291,0.8941861365213972,0.8892274290355218,0.3647264767999532,0.6819027681666272,0.7567610499240554,0.23198702181717956,0.6211702531004704,0.7481565269870941,0.2327179208824116,0.5982312784083126,0.7521227590095207,0.26702272902784774,0.5676341935094101,0.7833945545025538,0.11209117880544434,1.1955186006182035,0.9555574035903858,0.0711733388319636,0.915008778539732,0.9238485845773527,0.18969412501202662,0.7019777510216272,0.8007806592426149,0.24121934366766135,0.6282468219886033,0.7484364893306992,0.25596777256288455,0.6147170318666872,0.7222622410437947,0.2525125526050933,0.6007726526775832,0.7884688628703725,7.166666666666667
0.40248508128090094,0.6382539436013119,0.9216932791283868,0.4015695709520654,0.1851441242231918,0.9917640291181271,0.3604900449523535,-0.23640395166698353,1.0219614120028992,0.3179737258818491,-0.260410748714761,0.8440908230937232,0.38207164183321607,-0.2618447969937262,0.8550352741908077,0.34615125405813735,-0.3025860298299316,1.1046893223693652,0.18383648588157017,0.6387785388875065,0.9544769823321287,0.1781554679141813,0.18452416822843787,1.0232622177748718,0.18753334607558975,-0.2070858368911833,1.0377537657172682,0.17010430625559841,-0.24363981112872643,0.8594841225407603,0.12101442995438433,-0.24682075372376214,0.9013904890609398,0.20157421206587572,-0.29985699872825483,1.100867754003008,0.2882482351509772,1.2985899267046197,0.9391150677006752,0.2914871056135074,1.5585652803073615,0.9178012383005754,0.2763212918502845,1.4393936152686952,0.7986364395498168,0.4614723179708863,1.1904261204893194,0.9031628303709206,0.507832325167894,0.8937080759979991,0.8894366734112857,0.36091241421956743,0.6822779089976682,0.7651129686978619,0.22624737643085463,0.62162108534263,0.7593139188670059,0.2274312574407931,0.6055295348662464,0.7624930765128228,0.26075243278835736,0.57463657781836,0.7874542508435649,0.11313050011855245,1.1947185408825187,0.957534499085853,0.07322991165011791,0.9173156985614438,0.9222361421461528,0.19311557687661607,0.7034690839347537,0.8023992322916778,0.23247155521800905,0.62728912952894,0.7559645352975308,0.24874653933463,0.6147100025290488,0.7344715955323402,0.2511888510998727,0.6052778445438853,0.79019175996165,7.183333333333334
0.4029184647625119,0.637047325194229,0.922467675470522,0.4014403431198301,0.18306089380064638,0.9932959341748071,0.36009541505931336,-0.2376189380686966,1.0229085471884318,0.3155901050529492,-0.25824902149741885,0.8408939275136016,0.3814114503837865,-0.26074103285068323,0.8521415001392136,0.3461486249461461,-0.30334863583644583,1.1042069992021775,0.18466123292675524,0.6369786926226368,0.9551649770831807,0.1788195250486778,0.1842678276168283,1.0218801571090352,0.1874179379187807,-0.20720907455500784,1.0376989430262824,0.16899206683145857,-0.24157138343678844,0.8562506868979596,0.12097472257127888,-0.24705679237291206,0.9015509088978353,0.20149151227200768,-0.30020429793645864,1.1003200358832492,0.28865674433532085,1.2988263560670714,0.9400455370844858,0.2905913645622118,1.5578493528371775,0.9176399769096577,0.27589415670631845,1.439554380426196,0.8016936206078626,0.4614991206626389,1.1904259449573475,0.9032080690135307,0.5070206105828337,0.8926590534013401,0.8895353034697964,0.35728709842560913,0.681985511930547,0.7743303786824679,0.2219306988958914,0.6203980664120886,0.7697266522946633,0.2239103999764715,0.6089918112512684,0.7719708341899371,0.2567121949310282,0.5791568819285686,0.7925619457213375,0.11352856045322259,1.1938732323398469,0.9584818558868025,0.07510922049866545,0.9185232039544629,0.9208569779753897,0.1958268306027309,0.704082340342891,0.8044316363001893,0.22602509977873228,0.6265526562888873,0.7623539357214502,0.24294319882763799,0.6123864224629114,0.7486111907599321,0.25006722458098185,0.606492216656182,0.7913439241188663,7.2
0.40331301068868536,0.635469381769081,0.9240402847215562,0.40126649085308314,0.18018634205818415,0.9956299485423171,0.35976550477713115,-0.239001566352667,1.0240271580977844,0.31353572329576174,-0.2563564184769494,0.8382470039881375,0.38094968755819314,-0.2597904966883562,0.8498065751695085,0.34613724918157174,-0.3042013386572544,1.1036552295307707,0.1857238817629397,0.635157548292412,0.9562453796997165,0.17972328349115702,0.18409416611109441,1.0201845825393019,0.18722659876236092,-0.20738731243706435,1.0375908768082764,0.16799655331379096,-0.23972556702187092,0.8533485769371293,0.12093824888421795,-0.24726389814383812,0.9016872689332678,0.2014690336831736,-0.30077557206680744,1.0997391073082194,0.2888467371066408,1.298977613926772,0.9404853415593335,0.2896595644971934,1.5566792269995373,0.9184417450411444,0.2755108914789364,1.4396196707015902,0.8044460863008105,0.4615274154961765,1.1904215574822523,0.9032428229802516,0.5060022179329908,0.8913826295994586,0.8894851678165497,0.354462507730085,0.6812544851434988,0.7824353935167666,0.219450668757987,0.6185610135294479,0.7784007970393305,0.2220858068963304,0.6095237745686849,0.780737988688334,0.25447498865454127,0.5814001123064703,0.797861657949774,0.1136488859833616,1.1930529879720828,0.9588492381051035,0.07654564627930742,0.9186134895780861,0.9201923285702225,0.19728135901438631,0.7040908224211568,0.8062590578513333,0.22216095520153256,0.6260674392820113,0.7678493202759846,0.23857423146242848,0.6096674593874283,0.7609655551326943,0.24894941585524644,0.6062402560433785,0.7924379504714408,7.216666666666667
0.40365644973208636,0.6334829942905345,0.9265254018864377,0.4010450837919173,0.17644150142730708,0.9988547315122362,0.35951471582480565,-0.2405510391517483,1.0253175978054818,0.3120797240921722,-0.2550016945564558,0.8364134536435684,0.3806624491391658,-0.2591709062638086,0.8484481108553742,0.3461158081001745,-0.3051441462978429,1.1030322680827302,0.18704248345665778,0.6333336666150072,0.9577848150291621,0.18089295430049696,0.18401954694168882,1.0181568939050865,0.18695457051151324,-0.20762679837272996,1.037425602345541,0.16727831883504687,-0.2384127951192929,0.8512538503655092,0.12089872063505876,-0.24740201645681298,0.9017774725597766,0.20151882916065,-0.3015974852851571,1.0991292992889459,0.2888239890576464,1.2990098150477214,0.9404617032640654,0.28881287505596254,1.5551269257032638,0.9206370934137162,0.2752293463069606,1.4395596483124964,0.8064249148871603,0.46155574260998705,1.1904107559634785,0.9032624957783835,0.5047822047670403,0.8900241497736395,0.889225987924589,0.35256780499990437,0.6803505187687096,0.7880362408485058,0.21907450846394017,0.6167498379255095,0.7846383042466317,0.22199264036412614,0.6070187899799803,0.7886390603025414,0.2539667691325247,0.5811699742231667,0.8029119700190623,0.11357351541578048,1.1923204569648267,0.9586840186453446,0.0773789455896736,0.9173174439168907,0.9203173526273805,0.19729691379221087,0.7035235810250391,0.807530993166292,0.22184026559610515,0.62614942113914,0.7717144330064145,0.2363678744073186,0.6076471629175502,0.7689130614213665,0.24822176412346297,0.6053052209382821,0.7930587578867291,7.233333333333333
0.4039365125653801,0.6310510437232559,0.930037321970115,0.40077319157642544,0.17174740433951707,1.0030589423761436,0.3593574499213358,-0.24226655909879402,1.0267802193860491,0.31149125092406693,-0.2544536046390449,0.8356566776061335,0.38052583090943537,-0.2590599793341084,0.8484837187704934,0.3460829830377146,-0.30617706676369605,1.1023363695856416,0.1886350890744438,0.6315256083085976,0.9598499079189438,0.1823547485355756,0.18406033333906396,1.015778491045804,0.18659709507142044,-0.20793378019738198,1.037199154920367,0.16699791652767795,-0.23794350096437697,0.8504425648903394,0.12084984956565883,-0.2474310927321135,0.901799423169902,0.20165295156571336,-0.30269670175736363,1.0984949428364559,0.2885942757810474,1.298889074193919,0.9400018443375291,0.28817246587603046,1.5532644718571815,0.9246565727460552,0.27510737132921387,1.4393444754765332,0.8071611846254132,0.4615826421425596,1.1903913383004685,0.9032624909152283,0.503365628633658,0.8887289591051664,0.8886974852669577,0.35173215310197736,0.6795393029383638,0.7897411483254337,0.2210694404605501,0.6156044508310742,0.7877411250621917,0.22366606254361568,0.6013702226466371,0.7955185693270891,0.2551134915386076,0.5782701729497578,0.8072714644193907,0.11338448745729045,1.1917382885036778,0.958033570412115,0.07744887502739393,0.9143659554554535,0.9213072088435948,0.19569124661683365,0.7024096670100238,0.8078969384662482,0.22602417507214576,0.6271145444911002,0.7732130179580209,0.23705236483062594,0.6074195826682273,0.7698320823966887,0.2482706085864287,0.604470369573698,0.7927912652320874,7.25
0.40414092986123173,0.6281364110319121,0.9346903399775361,0.4004478838467005,0.1660250832263157,1.008331240425618,0.35930810878572045,-0.24414732882665746,1.0284153759140109,0.3120394472733323,-0.25498090362782283,0.8362400770020711,0.38051592865173256,-0.2596354336563232,0.8503310104885492,0.3460374553299523,-0.30730010806029884,1.1015657887670909,0.19051974968283195,0.6297519340913581,0.962507283216488,0.18413487725527095,0.18423288853367248,1.013030773800869,0.1861494143472653,-0.20831450574639787,1.0369075698150452,0.1673158995241359,-0.23862811779244597,0.8513907782188609,0.12078534741787565,-0.2473110723900165,0.9017310241561848,0.20188345375964012,-0.30409988564928286,1.0978403689617773,0.2881633728695538,1.2985815061293646,0.9391329869185724,0.28785950659490817,1.551163888370114,0.9309307337568431,0.27520281668451907,1.4389443144113199,0.8061859737740705,0.4616066542323833,1.190361102392666,0.9032382118980873,0.5017575470815199,0.8876424027753229,0.8878393813166999,0.35208471490321414,0.6790865277846458,0.7861583435952985,0.22570268719461611,0.615764763476942,0.7870112106316353,0.22714123559855587,0.5924714377301381,0.8012210360565061,0.2578411110464188,0.572504413757344,0.8104987236409478,0.11316384081470275,1.1913691317742354,0.9569452663100049,0.07659519119009833,0.9094899126783511,0.9232370559155961,0.1922821091688836,0.7007781312315969,0.8070063899723848,0.23567382773935014,0.6292787519687186,0.7716088191760855,0.24135593990066825,0.6100787682544089,0.7611009908294013,0.2494822884449408,0.6045189601824318,0.7912203913748725,7.266666666666667
