Coordinates
version=1
nRows=197
nColumns=63
inDegrees=yes

Units are S.I. units (second, meters, Newtons, ...)
If the header above contains a line with 'inDegrees', this indicates whether rotational values are in degrees (yes) or radians (no).

endheader
time	pelvis_tilt	pelvis_list	pelvis_rotation	pelvis_tx	pelvis_ty	pelvis_tz	hip_flexion_r	hip_adduction_r	hip_rotation_r	knee_angle_r	knee_angle_r_beta	ankle_angle_r	subtalar_angle_r	mtp_angle_r	hip_flexion_l	hip_adduction_l	hip_rotation_l	knee_angle_l	knee_angle_l_beta	ankle_angle_l	subtalar_angle_l	mtp_angle_l	L5_S1_Flex_Ext	L5_S1_Lat_Bending	L5_S1_axial_rotation	L4_L5_Flex_Ext	L4_L5_Lat_Bending	L4_L5_axial_rotation	L3_L4_Flex_Ext	L3_L4_Lat_Bending	L3_L4_axial_rotation	L2_L3_Flex_Ext	L2_L3_Lat_Bending	L2_L3_axial_rotation	L1_L2_Flex_Ext	L1_L2_Lat_Bending	L1_L2_axial_rotation	L1_T12_Flex_Ext	L1_T12_Lat_Bending	L1_T12_axial_rotation	Abs_r3	Abs_r2	Abs_r1	Abs_t1	Abs_t2	neck_flexion	neck_bending	neck_rotation	arm_flex_r	arm_add_r	arm_rot_r	elbow_flex_r	pro_sup_r	wrist_flex_r	wrist_dev_r	arm_flex_l	arm_add_l	arm_rot_l	elbow_flex_l	pro_sup_l	wrist_flex_l	wrist_dev_l
0.000000	-0.576162	-5.783272	101.048183	0.116511	0.968649	0.411430	-4.150098	0.978344	-1.737517	0.365533	0.006380	19.331960	-3.210667	0.000000	-2.720757	-1.199171	-0.469149	1.438859	0.025113	22.910834	-2.622813	0.000000	-0.024309	-0.067140	1.006934	-0.045144	-0.089296	1.069868	-0.039937	-0.163245	1.069868	-0.027783	-0.163245	0.881068	-0.022573	-0.136912	0.818134	-0.013890	-0.104000	0.755201	-0.173636	-0.759503	5.600267	0.000000	0.000000	24.707077	-3.742078	-7.386750	14.078545	-9.395507	52.559210	56.126582	44.905297	5.843545	9.342806	19.313142	-6.142651	75.361687	43.048327	71.220259	13.437940	1.354938
0.020833	-0.563755	-5.510212	100.605246	0.117210	0.969569	0.410271	-4.304494	1.010999	-0.453049	0.334783	0.005843	19.218920	-4.166374	0.000000	-3.245097	-1.242661	-1.914561	1.113816	0.019440	23.462138	-1.286225	0.000000	-0.025599	-0.070000	0.997250	-0.047539	-0.093100	1.059578	-0.042056	-0.170199	1.059578	-0.029257	-0.170199	0.872594	-0.023771	-0.142745	0.810266	-0.014627	-0.108431	0.747938	-0.182849	-0.791858	5.546407	0.000000	0.000000	24.134854	-3.317817	-7.354859	17.112900	-9.928216	59.773539	55.900465	59.587645	7.883070	4.996815	19.002781	-6.043751	75.581793	42.542935	70.534564	14.867180	1.954113
0.041667	-0.559468	-5.257527	100.225885	0.117864	0.970420	0.409066	-4.466312	1.044291	0.643668	0.308301	0.005381	19.114449	-5.037680	0.000000	-3.689409	-1.284358	-3.228685	0.912599	0.015928	23.899433	-0.099387	0.000000	-0.027135	-0.073466	0.992897	-0.050393	-0.097710	1.054953	-0.044580	-0.178625	1.054953	-0.031013	-0.178625	0.868785	-0.025198	-0.149812	0.806728	-0.015505	-0.113799	0.744672	-0.193824	-0.831060	5.522193	0.000000	0.000000	23.617435	-2.998983	-7.395801	19.502079	-10.320425	65.559772	55.656854	71.356955	10.001412	1.735487	18.711583	-5.978076	75.811905	42.158764	70.065664	15.966422	2.409362
0.062500	-0.562065	-5.024553	99.904802	0.118475	0.971205	0.407833	-4.633233	1.078289	1.569005	0.285815	0.004988	19.018889	-5.829092	0.000000	-4.058064	-1.324810	-4.416306	0.825981	0.014416	24.233694	0.942038	0.000000	-0.028880	-0.077393	0.993018	-0.053633	-0.102932	1.055082	-0.047447	-0.188173	1.055082	-0.033007	-0.188173	0.868891	-0.026818	-0.157819	0.806827	-0.016502	-0.119881	0.744764	-0.206288	-0.875481	5.522870	0.000000	0.000000	23.151574	-2.773712	-7.498559	21.308812	-10.585966	70.052770	55.397811	80.485635	12.170961	-0.559059	18.439412	-5.942414	76.048417	41.884245	69.791312	16.766809	2.734729
0.083333	-0.570313	-4.810628	99.636701	0.119048	0.971924	0.406588	-4.802940	1.113058	2.339329	0.267050	0.004661	18.932581	-6.545118	0.000000	-4.355437	-1.364566	-5.482209	0.844734	0.014743	24.475897	1.842389	0.000000	-0.030795	-0.081637	0.996761	-0.057189	-0.108577	1.059058	-0.050593	-0.198492	1.059058	-0.035195	-0.198492	0.872166	-0.028596	-0.166474	0.809868	-0.017596	-0.126456	0.747571	-0.219964	-0.923494	5.543685	0.000000	0.000000	22.734025	-2.630144	-7.652113	22.595832	-10.738674	73.387395	55.125396	87.246099	14.364109	-2.004705	18.186130	-5.933551	76.287726	41.707808	69.689258	17.299481	2.944258
0.104167	-0.582977	-4.615090	99.416285	0.119585	0.972578	0.405349	-4.973112	1.148666	2.971010	0.251731	0.004394	18.855868	-7.190267	0.000000	-4.585900	-1.404174	-6.431178	0.959630	0.016749	24.637018	2.606005	0.000000	-0.032841	-0.086055	1.003269	-0.060989	-0.114453	1.065973	-0.053954	-0.209234	1.065973	-0.037534	-0.209234	0.877860	-0.030496	-0.175483	0.815156	-0.018765	-0.133299	0.752452	-0.234580	-0.973470	5.579881	0.000000	0.000000	22.361543	-2.556418	-7.845443	23.425869	-10.792381	75.698507	54.841669	91.910755	16.553244	-2.719332	17.951601	-5.948277	76.526226	41.617885	69.737253	17.595578	3.051992
0.125000	-0.598824	-4.437275	99.238256	0.120090	0.973170	0.404131	-5.141432	1.185178	3.480417	0.239586	0.004182	18.789089	-7.769046	0.000000	-4.753825	-1.444181	-7.267999	1.161442	0.020271	24.728034	3.237224	0.000000	-0.034980	-0.090503	1.011688	-0.064962	-0.120368	1.074918	-0.057469	-0.220048	1.074918	-0.039979	-0.220048	0.885227	-0.032483	-0.184553	0.821996	-0.019988	-0.140189	0.758766	-0.249860	-1.023784	5.626704	0.000000	0.000000	22.030880	-2.540672	-8.067531	23.861654	-10.760919	77.120967	54.548692	94.752015	18.710758	-2.820824	17.735687	-5.983377	76.760314	41.602906	69.913048	17.686243	3.071974
0.145833	-0.616618	-4.276522	99.097317	0.120567	0.973699	0.402952	-5.305580	1.222662	3.883918	0.230339	0.004020	18.732587	-8.285965	0.000000	-4.863586	-1.485136	-7.997456	1.440944	0.025149	24.759920	3.740386	0.000000	-0.037174	-0.094836	1.021162	-0.069036	-0.126132	1.084985	-0.061073	-0.230585	1.084985	-0.042486	-0.230585	0.893517	-0.034520	-0.193390	0.829695	-0.021241	-0.146901	0.765872	-0.265529	-1.072806	5.679399	0.000000	0.000000	21.738793	-2.571045	-8.307357	23.965917	-10.658123	77.789637	54.248523	96.042289	20.809040	-2.427060	17.538253	-6.035638	76.986384	41.651302	70.194396	17.602616	3.018248
0.166667	-0.635126	-4.132167	98.988170	0.121019	0.974168	0.401829	-5.463238	1.261185	4.197882	0.223718	0.003905	18.686703	-8.745531	0.000000	-4.919555	-1.527586	-8.624334	1.788906	0.031222	24.743652	4.119827	0.000000	-0.039384	-0.098912	1.030838	-0.073139	-0.131553	1.095266	-0.064703	-0.240494	1.095266	-0.045012	-0.240494	0.901983	-0.036572	-0.201701	0.837556	-0.022504	-0.153214	0.773129	-0.281313	-1.118910	5.733212	0.000000	0.000000	21.482034	-2.635674	-8.553901	23.801389	-10.497823	77.839378	53.943226	96.053989	22.820481	-1.655924	17.359162	-6.101850	77.200831	41.751504	70.559046	17.375838	2.904857
0.187500	-0.653114	-4.003549	98.905520	0.121449	0.974577	0.400778	-5.612087	1.300813	4.438677	0.219449	0.003830	18.651779	-9.152252	0.000000	-4.926104	-1.572080	-9.153417	2.196102	0.038329	24.690208	4.379888	0.000000	-0.041571	-0.102586	1.039860	-0.077202	-0.136439	1.104851	-0.068297	-0.249426	1.104851	-0.047512	-0.249426	0.909877	-0.038603	-0.209192	0.844886	-0.023754	-0.158905	0.779895	-0.296938	-1.160468	5.783388	0.000000	0.000000	21.257357	-2.722700	-8.796145	23.430801	-10.293855	77.405050	53.634858	95.059524	24.717471	-0.625296	17.198276	-6.178797	77.400052	41.891942	70.984749	17.037050	2.745845
0.208333	-0.669346	-3.890003	98.844068	0.121861	0.974927	0.399817	-5.749809	1.341613	4.622674	0.217257	0.003792	18.628155	-9.510636	0.000000	-4.887608	-1.619166	-9.589491	2.653305	0.046309	24.610561	4.524907	0.000000	-0.043698	-0.105714	1.047373	-0.081151	-0.140599	1.112833	-0.071791	-0.257032	1.112833	-0.049942	-0.257032	0.916451	-0.040578	-0.215571	0.850990	-0.024969	-0.163750	0.785529	-0.312129	-1.195853	5.825172	0.000000	0.000000	21.061518	-2.820260	-9.023069	22.916885	-10.060049	76.621515	53.325482	93.331306	26.472401	0.546941	17.055458	-6.263269	77.580442	42.061048	71.449258	16.617393	2.555256
0.229167	-0.686327	-3.805734	98.814850	0.122254	0.975227	0.398977	-5.857757	1.377832	4.632900	0.220168	0.003843	18.635949	-9.673065	0.000000	-4.783827	-1.667393	-10.057152	3.156071	0.055084	24.621654	4.737904	0.000000	-0.043392	-0.109935	1.055720	-0.080583	-0.146214	1.121702	-0.071289	-0.267296	1.121702	-0.049593	-0.267296	0.923755	-0.040294	-0.224180	0.857772	-0.024794	-0.170290	0.791790	-0.309944	-1.243609	5.871597	0.000000	0.000000	20.887689	-2.872213	-9.274894	22.387586	-9.866725	76.002893	53.230158	88.834076	26.553817	1.768707	16.962946	-6.343611	77.853671	42.221730	71.759843	16.220692	2.348496
0.250000	-0.680054	-3.737373	98.773752	0.122616	0.975430	0.398277	-5.940753	1.429913	4.814595	0.221388	0.003864	18.658971	-9.996894	0.000000	-4.640482	-1.733653	-10.312607	3.702458	0.064620	24.564738	4.626866	0.000000	-0.043197	-0.110218	1.059950	-0.080221	-0.146590	1.126197	-0.070968	-0.267983	1.126197	-0.049369	-0.267983	0.927456	-0.040112	-0.224756	0.861209	-0.024683	-0.170727	0.794962	-0.308550	-1.246805	5.895123	0.000000	0.000000	20.768251	-2.911277	-9.448441	21.798205	-9.613826	74.724366	52.790496	88.539338	28.688646	2.303892	16.875588	-6.401095	78.037163	42.363859	72.226954	15.828001	2.148353
0.270833	-0.662374	-3.665974	98.722738	0.122979	0.975593	0.397772	-6.014996	1.488629	4.990642	0.222567	0.003885	18.702884	-10.232113	0.000000	-4.480968	-1.811150	-10.452611	4.275699	0.074625	24.490858	4.357822	0.000000	-0.044768	-0.107867	1.049424	-0.083139	-0.143463	1.115013	-0.073550	-0.262267	1.115013	-0.051166	-0.262267	0.918246	-0.041572	-0.219961	0.852657	-0.025581	-0.167085	0.787068	-0.319776	-1.220208	5.836583	0.000000	0.000000	20.647573	-2.908822	-9.491330	21.436303	-9.449165	73.976863	52.437150	88.410288	30.367556	2.589830	16.790666	-6.471644	78.133280	42.508944	72.657992	15.405029	1.989161
0.291667	-0.639409	-3.596751	98.663760	0.123362	0.975712	0.397454	-6.077117	1.549976	5.276520	0.223596	0.003902	18.758134	-10.552070	0.000000	-4.308566	-1.892847	-10.477762	4.852990	0.084701	24.382442	3.918054	0.000000	-0.046835	-0.104231	1.023694	-0.086977	-0.138627	1.087675	-0.076945	-0.253427	1.087675	-0.053527	-0.253427	0.895732	-0.043491	-0.212548	0.831752	-0.026761	-0.161454	0.767771	-0.334535	-1.179082	5.693480	0.000000	0.000000	20.527546	-2.853072	-9.407868	21.309790	-9.295432	73.797162	52.097609	88.324149	31.424888	2.480859	16.687183	-6.553749	78.077074	42.637241	73.089057	15.029793	1.877354
0.312500	-0.621711	-3.528977	98.584259	0.123776	0.975784	0.397329	-6.128502	1.600473	5.507588	0.225326	0.003933	18.817423	-10.717651	0.000000	-4.133513	-1.965836	-10.413198	5.415806	0.094524	24.292244	3.362984	0.000000	-0.049687	-0.100316	0.995090	-0.092274	-0.133420	1.057284	-0.081631	-0.243908	1.057284	-0.056787	-0.243908	0.870704	-0.046139	-0.204564	0.808511	-0.028391	-0.155389	0.746318	-0.354909	-1.134791	5.534394	0.000000	0.000000	20.400612	-2.783133	-9.239416	21.358727	-9.144289	74.002123	51.799765	88.273706	32.083413	2.212410	16.606032	-6.641473	77.984830	42.750073	73.359015	14.730815	1.792665
0.333333	-0.609829	-3.460829	98.528650	0.124166	0.975833	0.397375	-6.178107	1.644307	5.730522	0.226653	0.003956	18.855781	-10.854132	0.000000	-3.952952	-2.028632	-10.258210	5.960190	0.104025	24.222178	2.731554	0.000000	-0.052943	-0.095688	0.946804	-0.098321	-0.127266	1.005979	-0.086981	-0.232657	1.005979	-0.060509	-0.232657	0.828454	-0.049163	-0.195128	0.769278	-0.030252	-0.148221	0.710103	-0.378170	-1.082446	5.265840	0.000000	0.000000	20.261901	-2.663446	-8.872770	21.654649	-8.959848	74.820253	51.464271	88.264304	32.086173	1.420213	16.446086	-6.747190	77.605458	42.856776	73.584049	14.535941	1.797184
0.354167	-0.602677	-3.397299	98.441501	0.124594	0.975834	0.397551	-6.224563	1.676955	6.204556	0.214289	0.003740	18.744103	-11.293308	0.000000	-3.786531	-2.084109	-10.207063	6.449960	0.112573	24.229793	2.235746	0.000000	-0.057208	-0.091727	0.916875	-0.106241	-0.121996	0.974180	-0.093987	-0.223024	0.974180	-0.065383	-0.223024	0.802266	-0.053123	-0.187049	0.744961	-0.032689	-0.142085	0.687656	-0.408631	-1.037630	5.099384	0.000000	0.000000	20.142598	-2.558120	-8.557878	21.930938	-8.812488	75.536962	51.193370	88.353813	32.006239	0.679376	16.344841	-6.823837	77.286415	42.930812	73.708594	14.451074	1.793950
0.375000	-0.603644	-3.331428	98.355670	0.125032	0.975830	0.397847	-6.263087	1.698709	6.537759	0.223053	0.003893	18.640339	-11.490767	0.000000	-3.632246	-2.133200	-10.153793	6.896926	0.120374	24.294444	1.768630	0.000000	-0.063875	-0.088782	0.899761	-0.118622	-0.118080	0.955996	-0.104940	-0.215864	0.955996	-0.073003	-0.215864	0.787291	-0.059314	-0.181044	0.731056	-0.036498	-0.137523	0.674821	-0.456252	-1.004319	5.004199	0.000000	0.000000	20.009832	-2.464411	-8.293019	22.224573	-8.709167	76.279423	50.982126	88.355140	31.611420	-0.067444	16.317557	-6.882251	77.097233	42.992616	73.562761	14.405269	1.825270
0.395833	-0.609984	-3.291696	98.254554	0.125470	0.975757	0.398217	-6.273876	1.706817	6.843769	0.231056	0.004033	18.520280	-11.628659	0.000000	-3.478105	-2.165283	-10.199017	7.271277	0.126908	24.465049	1.445849	0.000000	-0.069368	-0.087003	0.905575	-0.128823	-0.115713	0.962174	-0.113965	-0.211538	0.962174	-0.079281	-0.211538	0.792378	-0.064415	-0.177416	0.735780	-0.039637	-0.134767	0.679181	-0.495488	-0.984191	5.036538	0.000000	0.000000	19.903210	-2.402612	-8.137282	22.464997	-8.677563	76.839574	50.915770	88.349802	31.243157	-0.533729	16.404629	-6.911669	77.164362	43.036741	73.210660	14.403181	1.779011
0.416667	-0.627846	-3.276263	98.147669	0.125904	0.975630	0.398603	-6.263872	1.697581	7.173635	0.238256	0.004158	18.374295	-11.804857	0.000000	-3.343372	-2.178516	-10.368483	7.547575	0.131730	24.712241	1.337719	0.000000	-0.074192	-0.086788	0.926543	-0.137782	-0.115428	0.984452	-0.121890	-0.211016	0.984452	-0.084794	-0.211016	0.810725	-0.068895	-0.176978	0.752816	-0.042393	-0.134434	0.694907	-0.529946	-0.981762	5.153152	0.000000	0.000000	19.813271	-2.359601	-8.037074	22.643694	-8.688833	77.207932	50.954689	88.367528	30.959326	-0.785109	16.521298	-6.928668	77.261626	43.080924	72.899351	14.477062	1.697497
0.437500	-0.646015	-3.266011	98.041405	0.126371	0.975491	0.399034	-6.249303	1.688068	7.443070	0.244226	0.004263	18.207518	-11.909083	0.000000	-3.233572	-2.193599	-10.598280	7.751035	0.135281	25.010221	1.375339	0.000000	-0.082489	-0.087366	0.960621	-0.153190	-0.116197	1.020660	-0.135521	-0.212422	1.020660	-0.094277	-0.212422	0.840543	-0.076599	-0.178157	0.780505	-0.047134	-0.135330	0.720466	-0.589211	-0.988304	5.342686	0.000000	0.000000	19.748862	-2.328828	-8.035092	22.790239	-8.749506	77.451470	51.101294	88.401527	30.676859	-0.879889	16.728175	-6.940048	77.511360	43.129784	72.551793	14.599738	1.590968
0.458333	-0.683572	-3.268440	97.948411	0.126789	0.975339	0.399422	-6.232261	1.655195	7.625448	0.249293	0.004351	18.081711	-11.944363	0.000000	-3.159476	-2.181019	-10.891863	7.854717	0.137091	25.316408	1.561089	0.000000	-0.091623	-0.089581	0.997687	-0.170154	-0.119142	1.060042	-0.150528	-0.217807	1.060042	-0.104716	-0.217807	0.872976	-0.085081	-0.182673	0.810620	-0.052354	-0.138761	0.748265	-0.654456	-1.013356	5.548834	0.000000	0.000000	19.680452	-2.323933	-8.049753	22.878315	-8.822866	77.556182	51.287682	88.449286	30.542207	-0.840775	16.919687	-6.961620	77.736445	43.198309	72.154900	14.686583	1.464150
0.479167	-0.733187	-3.297399	97.864693	0.127208	0.975156	0.399759	-6.195702	1.608478	7.918847	0.252206	0.004402	17.900300	-12.223249	0.000000	-3.100977	-2.148654	-11.193428	7.867668	0.137317	25.612816	1.822496	0.000000	-0.099200	-0.093624	1.038860	-0.184223	-0.124520	1.103789	-0.162975	-0.227637	1.103789	-0.113375	-0.227637	0.909002	-0.092117	-0.190918	0.844074	-0.056683	-0.145023	0.779145	-0.708572	-1.059091	5.777827	0.000000	0.000000	19.619446	-2.319566	-8.080130	22.867951	-8.897645	77.458265	51.510514	88.502646	30.594988	-0.565265	17.114668	-7.001067	77.968708	43.269052	71.834675	14.830274	1.241577
0.500000	-0.794367	-3.341065	97.782662	0.127611	0.974962	0.400028	-6.151620	1.546330	8.179648	0.253595	0.004426	17.764534	-12.502577	0.000000	-3.066477	-2.097604	-11.519141	7.806307	0.136246	25.889331	2.151275	0.000000	-0.106392	-0.098657	1.078160	-0.197581	-0.131214	1.145545	-0.174792	-0.239876	1.145545	-0.121596	-0.239876	0.943390	-0.098796	-0.201182	0.876005	-0.060793	-0.152820	0.808620	-0.759949	-1.116032	5.996404	0.000000	0.000000	19.563669	-2.356117	-8.115367	22.832433	-8.962992	77.344244	51.736414	88.561897	30.760257	-0.207743	17.232128	-7.058486	78.039414	43.366444	71.544245	14.933389	1.082084
0.520833	-0.864645	-3.397772	97.709734	0.127996	0.974762	0.400216	-6.100766	1.473129	8.373569	0.253284	0.004421	17.693907	-12.743384	0.000000	-3.050922	-2.033189	-11.837504	7.686845	0.134161	26.131602	2.522310	0.000000	-0.112571	-0.104780	1.116028	-0.209056	-0.139358	1.185779	-0.184943	-0.254763	1.185779	-0.128658	-0.254763	0.976524	-0.104534	-0.213668	0.906773	-0.064323	-0.162305	0.837021	-0.804086	-1.185296	6.207011	0.000000	0.000000	19.520307	-2.416856	-8.161977	22.753481	-9.012992	77.180222	51.938397	88.618333	31.054423	0.198545	17.286379	-7.126752	77.999013	43.478098	71.306051	14.996787	0.984755
0.541667	-0.939157	-3.457086	97.652584	0.128346	0.974581	0.400311	-6.053397	1.394979	8.511135	0.250886	0.004379	17.685981	-12.944820	0.000000	-3.055343	-1.962052	-12.121855	7.531786	0.131454	26.330711	2.899942	0.000000	-0.118504	-0.111174	1.152398	-0.220073	-0.147862	1.224423	-0.194690	-0.270309	1.224423	-0.135438	-0.270309	1.008348	-0.110043	-0.226706	0.936323	-0.067713	-0.172209	0.864298	-0.846460	-1.257624	6.409290	0.000000	0.000000	19.477318	-2.512191	-8.231097	22.600172	-9.044726	76.894217	52.086758	88.643055	31.473442	0.631040	17.271946	-7.188288	77.824445	43.586369	71.225275	15.046708	0.961110
0.562500	-1.012599	-3.523036	97.607910	0.128637	0.974404	0.400345	-6.001406	1.314296	8.679969	0.246831	0.004308	17.732141	-13.223740	0.000000	-3.066485	-1.892366	-12.455698	7.358502	0.128430	26.530863	3.388125	0.000000	-0.123557	-0.117170	1.187470	-0.229457	-0.155837	1.261687	-0.202991	-0.284888	1.261687	-0.141213	-0.284888	1.039036	-0.114735	-0.238934	0.964819	-0.070600	-0.181497	0.890602	-0.882553	-1.325454	6.604351	0.000000	0.000000	19.462299	-2.613899	-8.314214	22.409504	-9.076800	76.540431	52.213535	88.649443	31.935250	1.087884	17.224411	-7.231814	77.637727	43.669953	71.212619	15.014572	0.929542
0.583333	-1.081613	-3.593794	97.588491	0.128875	0.974238	0.400308	-5.948540	1.237052	8.738348	0.241180	0.004209	17.866913	-13.390156	0.000000	-3.078835	-1.826609	-12.753680	7.181086	0.125334	26.701966	3.871883	0.000000	-0.127091	-0.123283	1.222062	-0.236020	-0.163967	1.298441	-0.208797	-0.299751	1.298441	-0.145252	-0.299751	1.069305	-0.118016	-0.251400	0.992926	-0.072620	-0.190966	0.916547	-0.907796	-1.394607	6.796744	0.000000	0.000000	19.457345	-2.735287	-8.484792	22.148358	-9.101697	76.025864	52.289783	88.659690	32.467442	1.477103	17.141635	-7.254149	77.406172	43.736179	71.338627	14.983749	0.971830
0.604167	-1.148998	-3.695956	97.592856	0.129050	0.974045	0.400227	-5.859065	1.153636	8.597817	0.253035	0.004416	18.116990	-13.298979	0.000000	-3.037149	-1.760730	-13.015228	7.060425	0.123228	26.838786	4.307424	0.000000	-0.123794	-0.129916	1.250912	-0.229898	-0.172788	1.329094	-0.203381	-0.315878	1.329094	-0.141484	-0.315878	1.094548	-0.114955	-0.264925	1.016366	-0.070736	-0.201240	0.938184	-0.884249	-1.469636	6.957195	0.000000	0.000000	19.432499	-2.873664	-8.699820	21.834730	-9.127096	75.403399	52.360826	88.540238	32.994646	1.925800	17.017174	-7.274170	77.150525	43.809098	71.442395	14.914958	1.128712
0.625000	-1.201246	-3.767284	97.589503	0.129186	0.973886	0.400108	-5.811292	1.084994	8.516052	0.252123	0.004400	18.344741	-13.292237	0.000000	-3.034794	-1.712966	-13.275743	6.941144	0.121146	26.935203	4.757325	0.000000	-0.123036	-0.133384	1.273260	-0.228490	-0.177401	1.352838	-0.202135	-0.324310	1.352838	-0.140618	-0.324310	1.114102	-0.114251	-0.271997	1.034523	-0.070303	-0.206612	0.954945	-0.878832	-1.508867	7.081488	0.000000	0.000000	19.407116	-3.013975	-8.862161	21.575017	-9.156404	74.841847	52.421778	88.489324	33.496791	2.189358	16.843525	-7.277331	76.772606	43.852599	71.723099	14.897368	1.270719
0.645833	-1.254276	-3.830393	97.597313	0.129263	0.973741	0.399962	-5.780870	1.011930	8.372453	0.250750	0.004376	18.564406	-13.224079	0.000000	-3.034886	-1.662368	-13.479518	6.843437	0.119441	26.966203	5.135583	0.000000	-0.120835	-0.136798	1.288362	-0.224403	-0.181941	1.368885	-0.198520	-0.332611	1.368885	-0.138102	-0.332611	1.127317	-0.112207	-0.278959	1.046794	-0.069045	-0.211900	0.966272	-0.863112	-1.547487	7.165485	0.000000	0.000000	19.356930	-3.151383	-9.029195	21.288050	-9.170902	74.190160	52.430417	88.452786	34.037232	2.273231	16.633017	-7.284243	76.312719	43.904870	72.116957	14.890731	1.462867
0.666667	-1.297878	-3.873031	97.592383	0.129300	0.973617	0.399827	-5.775275	0.944599	8.163202	0.249060	0.004347	18.774362	-13.055961	0.000000	-3.048287	-1.619784	-13.658180	6.764520	0.118063	26.950523	5.454301	0.000000	-0.118689	-0.137637	1.292082	-0.220417	-0.183058	1.372837	-0.194994	-0.334652	1.372837	-0.135650	-0.334652	1.130572	-0.110215	-0.280670	1.049817	-0.067819	-0.213200	0.969062	-0.847783	-1.556983	7.186174	0.000000	0.000000	19.287655	-3.281445	-9.089220	21.082132	-9.163453	73.686930	52.412792	88.337802	34.484351	2.312036	16.372053	-7.304517	75.742111	43.974001	72.392158	14.876144	1.737569
0.687500	-1.337878	-3.896297	97.589590	0.129300	0.973529	0.399707	-5.792918	0.879393	7.807481	0.247150	0.004314	18.963083	-12.683308	0.000000	-3.071487	-1.580454	-13.780790	6.700400	0.116944	26.896503	5.721785	0.000000	-0.116315	-0.137447	1.287963	-0.216009	-0.182805	1.368461	-0.191094	-0.334189	1.368461	-0.132936	-0.334189	1.126968	-0.108010	-0.280282	1.046470	-0.066462	-0.212906	0.965972	-0.830827	-1.554831	7.163263	0.000000	0.000000	19.185486	-3.411729	-9.101004	20.906575	-9.122943	73.228575	52.312319	88.230135	34.877285	2.172742	16.092722	-7.336759	75.118693	44.060723	72.587087	14.856945	2.074419
0.708333	-1.370195	-3.905035	97.596982	0.129253	0.973465	0.399613	-5.826789	0.822844	7.418649	0.244918	0.004275	19.119895	-12.267746	0.000000	-3.093660	-1.542655	-13.728654	6.653958	0.116133	26.767359	5.778587	0.000000	-0.113229	-0.135894	1.272691	-0.210277	-0.180739	1.352234	-0.186023	-0.330413	1.352234	-0.129409	-0.330413	1.113605	-0.105144	-0.277116	1.034061	-0.064699	-0.210500	0.954518	-0.808781	-1.537263	7.078326	0.000000	0.000000	19.066254	-3.528063	-9.037586	20.778167	-9.050085	72.866631	52.128834	88.117557	35.169663	1.849725	15.779621	-7.376051	74.378922	44.164219	72.778153	14.862656	2.485545
0.729167	-1.403074	-3.894559	97.597092	0.129183	0.973438	0.399562	-5.878795	0.765136	7.037807	0.241894	0.004222	19.213662	-11.813163	0.000000	-3.121165	-1.496209	-13.496655	6.627194	0.115666	26.593665	5.610717	0.000000	-0.110541	-0.133969	1.254521	-0.205286	-0.178179	1.332929	-0.181608	-0.325733	1.332929	-0.126337	-0.325733	1.097706	-0.102648	-0.273190	1.019298	-0.063163	-0.207518	0.940891	-0.789584	-1.515487	6.977270	0.000000	0.000000	18.911815	-3.635790	-8.926684	20.733441	-8.962285	72.679715	51.897244	88.019577	35.312646	1.420930	15.477765	-7.412500	73.621983	44.269074	72.974214	14.871989	2.923086
0.750000	-1.430002	-3.869928	97.600926	0.129133	0.973452	0.399564	-5.939367	0.718294	6.661357	0.237300	0.004142	19.256056	-11.326208	0.000000	-3.141948	-1.452234	-13.087178	6.627016	0.115663	26.367915	5.217392	0.000000	-0.108812	-0.131288	1.228890	-0.202074	-0.174613	1.305696	-0.178767	-0.319213	1.305696	-0.124361	-0.319213	1.075279	-0.101042	-0.267722	0.998473	-0.062175	-0.203365	0.921667	-0.777231	-1.485155	6.834717	0.000000	0.000000	18.761605	-3.723598	-8.716523	20.749695	-8.833425	72.633087	51.566171	87.896750	35.317664	0.823731	15.159722	-7.466910	72.789547	44.397458	73.129661	14.907950	3.376446
0.770833	-1.455024	-3.840384	97.569853	0.129140	0.973487	0.399604	-5.994387	0.673708	6.501728	0.231592	0.004042	19.205675	-11.073793	0.000000	-3.163115	-1.409724	-12.666893	6.635434	0.115810	26.134696	4.792782	0.000000	-0.107023	-0.130013	1.222823	-0.198753	-0.172918	1.299249	-0.175829	-0.316114	1.299249	-0.122317	-0.316114	1.069970	-0.099382	-0.265123	0.993543	-0.061153	-0.201391	0.917117	-0.764457	-1.470736	6.800972	0.000000	0.000000	18.595841	-3.807187	-8.627832	20.696149	-8.718855	72.378888	51.234970	87.800047	35.482008	0.441756	14.947964	-7.488071	72.193168	44.499906	73.199417	14.972876	3.814489
0.791667	-1.469080	-3.800602	97.543563	0.129153	0.973564	0.399700	-6.038650	0.644811	6.250272	0.246415	0.004301	19.206564	-10.645510	0.000000	-3.181130	-1.370574	-12.034518	6.653903	0.116133	25.863534	4.077408	0.000000	-0.106118	-0.128212	1.220682	-0.197072	-0.170521	1.296975	-0.174342	-0.311734	1.296975	-0.121282	-0.311734	1.068097	-0.098541	-0.261449	0.991804	-0.060636	-0.198600	0.915512	-0.757991	-1.450355	6.789068	0.000000	0.000000	18.404522	-3.885596	-8.579021	20.697071	-8.635843	72.242880	50.952943	87.612454	35.463568	0.136038	14.814880	-7.492490	71.791227	44.590651	73.188315	14.991640	4.236389
0.812500	-1.472974	-3.763708	97.516002	0.129179	0.973646	0.399828	-6.075239	0.629575	6.028670	0.247733	0.004324	19.211389	-10.247147	0.000000	-3.201966	-1.337309	-11.403241	6.649093	0.116049	25.618268	3.340533	0.000000	-0.104577	-0.126499	1.227305	-0.194211	-0.168243	1.304011	-0.171810	-0.307569	1.304011	-0.119521	-0.307569	1.073892	-0.097111	-0.257956	0.997185	-0.059755	-0.195946	0.920479	-0.746986	-1.430978	6.825901	0.000000	0.000000	18.222113	-3.947195	-8.603931	20.727212	-8.599878	72.139544	50.780642	87.515572	35.332791	-0.076013	14.777068	-7.474005	71.660030	44.645967	73.147098	14.954377	4.538952
0.833333	-1.477391	-3.733853	97.481768	0.129247	0.973747	0.399968	-6.097507	0.616846	5.924319	0.248578	0.004339	19.186025	-9.996280	0.000000	-3.221050	-1.308635	-10.899593	6.630932	0.115732	25.398430	2.743470	0.000000	-0.102069	-0.126388	1.242374	-0.189552	-0.168097	1.320023	-0.167689	-0.307301	1.320023	-0.116655	-0.307301	1.087077	-0.094781	-0.257731	1.009429	-0.058322	-0.195776	0.931781	-0.729069	-1.429731	6.909713	0.000000	0.000000	18.028936	-3.989570	-8.695233	20.745271	-8.588476	71.979483	50.682313	87.491805	35.160606	-0.223892	14.780688	-7.435044	71.654063	44.654048	73.289453	14.904627	4.740984
0.854167	-1.483012	-3.675104	97.455851	0.129337	0.973912	0.400139	-6.149804	0.611581	5.861097	0.237727	0.004149	19.137753	-9.810307	0.000000	-3.289918	-1.283099	-10.468538	6.558209	0.114462	25.189268	2.237936	0.000000	-0.105441	-0.127558	1.266547	-0.195815	-0.169652	1.345706	-0.173229	-0.310144	1.345706	-0.120509	-0.310144	1.108228	-0.097913	-0.260116	1.029069	-0.060249	-0.197587	0.949910	-0.753156	-1.442960	7.044152	0.000000	0.000000	17.836832	-4.013444	-8.911935	20.764546	-8.620123	71.756233	50.674011	87.592640	34.947950	-0.372363	14.897236	-7.363382	71.930477	44.592326	73.505925	14.858337	4.808704
0.875000	-1.489248	-3.653753	97.429978	0.129401	0.974054	0.400287	-6.151828	0.600418	5.746053	0.244019	0.004259	19.156626	-9.562825	0.000000	-3.304208	-1.254872	-10.137276	6.514648	0.113702	25.030942	1.765441	0.000000	-0.102059	-0.129675	1.291492	-0.189534	-0.172468	1.372210	-0.167673	-0.315292	1.372210	-0.116643	-0.315292	1.130055	-0.094772	-0.264434	1.049337	-0.058316	-0.200867	0.968619	-0.728996	-1.466912	7.182888	0.000000	0.000000	17.631205	-4.008594	-9.116414	20.799723	-8.707896	71.605403	50.817948	87.654217	34.511482	-0.351073	15.016797	-7.288212	72.374019	44.505787	73.521921	14.643509	4.823487
0.895833	-1.512648	-3.627452	97.421271	0.129464	0.974227	0.400444	-6.158085	0.577452	5.611307	0.248683	0.004340	19.180160	-9.340366	0.000000	-3.331382	-1.213245	-9.892193	6.444773	0.112483	24.900769	1.391897	0.000000	-0.100936	-0.134791	1.318706	-0.187449	-0.179272	1.401125	-0.165828	-0.327731	1.401125	-0.115360	-0.327731	1.153867	-0.093729	-0.274866	1.071448	-0.057675	-0.208791	0.989029	-0.720978	-1.524784	7.334245	0.000000	0.000000	17.443535	-3.985355	-9.380712	20.830890	-8.819271	71.401067	51.024724	87.736654	34.086370	-0.357952	15.218208	-7.201404	73.045646	44.356173	73.495686	14.464541	4.721821
0.916667	-1.540181	-3.593934	97.409791	0.129526	0.974426	0.400569	-6.169885	0.550521	5.391339	0.252765	0.004412	19.312016	-8.941789	0.000000	-3.364940	-1.169713	-9.714696	6.379439	0.111342	24.801416	1.040886	0.000000	-0.100840	-0.140924	1.348654	-0.187270	-0.187429	1.432945	-0.165670	-0.342644	1.432945	-0.115250	-0.342644	1.180073	-0.093640	-0.287373	1.095782	-0.057620	-0.218292	1.011491	-0.720289	-1.594165	7.500812	0.000000	0.000000	17.257350	-3.975288	-9.709178	20.827333	-8.941809	71.105494	51.268739	87.933832	33.704958	-0.418146	15.436427	-7.098688	73.816714	44.172342	73.322657	14.224818	4.645897
0.937500	-1.582089	-3.547298	97.415542	0.129554	0.974652	0.400656	-6.208122	0.514499	5.323047	0.232883	0.004065	19.431052	-8.762855	0.000000	-3.422777	-1.121192	-9.685009	6.301158	0.109976	24.735785	0.900566	0.000000	-0.102954	-0.148930	1.374276	-0.191197	-0.198077	1.460169	-0.169144	-0.362109	1.460169	-0.117667	-0.362109	1.202492	-0.095603	-0.303699	1.116600	-0.058828	-0.230693	1.030707	-0.735393	-1.684730	7.643314	0.000000	0.000000	17.098008	-3.956704	-10.056004	20.805610	-9.044442	70.777696	51.470969	88.246514	33.468198	-0.619136	15.641914	-6.984525	74.517147	43.941029	73.449970	14.106542	4.472679
0.958333	-1.624107	-3.499906	97.431936	0.129566	0.974892	0.400753	-6.228350	0.477280	5.122206	0.247269	0.004316	19.672219	-8.353424	0.000000	-3.447851	-1.085886	-9.745956	6.302125	0.109993	24.716313	0.843245	0.000000	-0.104191	-0.157198	1.395316	-0.193493	-0.209073	1.482523	-0.171175	-0.382211	1.482523	-0.119080	-0.382211	1.220902	-0.096752	-0.320558	1.133694	-0.059535	-0.243499	1.046487	-0.744226	-1.778253	7.760329	0.000000	0.000000	16.915568	-3.935277	-10.420784	20.764947	-9.143097	70.539712	51.632078	87.980007	33.244265	-0.622034	15.853993	-6.865196	75.244691	43.683846	73.462648	14.046682	4.332209
0.979167	-1.667500	-3.445851	97.470491	0.129506	0.975136	0.400840	-6.259108	0.440853	5.018533	0.259624	0.004531	19.915628	-8.108182	0.000000	-3.467294	-1.062202	-9.959210	6.342895	0.110704	24.760767	0.990143	0.000000	-0.105247	-0.164928	1.405307	-0.195454	-0.219354	1.493139	-0.172910	-0.401006	1.493139	-0.120287	-0.401006	1.229644	-0.097732	-0.336321	1.141812	-0.060138	-0.255473	1.053980	-0.751769	-1.865698	7.815896	0.000000	0.000000	16.737005	-3.911251	-10.763521	20.730082	-9.218095	70.382897	51.740489	87.670824	33.093101	-0.669169	16.047188	-6.742361	75.933987	43.403055	73.576377	14.029895	4.116398
1.000000	-1.712743	-3.367673	97.536067	0.129377	0.975409	0.400865	-6.325750	0.408295	4.904266	0.269509	0.004704	20.146958	-7.900703	0.000000	-3.513555	-1.046468	-10.246058	6.397974	0.111666	24.816181	1.246408	0.000000	-0.107683	-0.172265	1.405790	-0.199979	-0.229112	1.493652	-0.176913	-0.418845	1.493652	-0.123071	-0.418845	1.230066	-0.099995	-0.351282	1.142204	-0.061530	-0.266838	1.054342	-0.769171	-1.948693	7.818582	0.000000	0.000000	16.523017	-3.918104	-11.150600	20.665381	-9.253047	70.205120	51.769132	87.299831	33.111313	-0.713407	16.202379	-6.619107	76.510358	43.122428	73.840373	14.133310	3.939104
1.020833	-1.757270	-3.273425	97.630249	0.129150	0.975694	0.400843	-6.421277	0.379080	4.720927	0.277523	0.004844	20.351269	-7.664580	0.000000	-3.565245	-1.041696	-10.601143	6.493210	0.113328	24.899957	1.620918	0.000000	-0.110218	-0.178003	1.394752	-0.204687	-0.236744	1.481924	-0.181078	-0.432796	1.481924	-0.125969	-0.432796	1.220408	-0.102349	-0.362983	1.133236	-0.062979	-0.275726	1.046064	-0.787279	-2.013604	7.757193	0.000000	0.000000	16.275911	-3.952981	-11.514030	20.585002	-9.270184	70.008164	51.794451	86.958812	33.226435	-0.643271	16.324847	-6.503783	77.032198	42.853777	74.152019	14.229780	3.705586
1.041667	-1.798035	-3.163746	97.752247	0.128847	0.975999	0.400766	-6.545296	0.358945	4.548678	0.283621	0.004950	20.458622	-7.562472	0.000000	-3.621287	-1.054376	-11.051195	6.625768	0.115641	25.023049	2.152239	0.000000	-0.112693	-0.182013	1.371863	-0.209282	-0.242077	1.457605	-0.185144	-0.442546	1.457605	-0.128797	-0.442546	1.200380	-0.104647	-0.371161	1.114639	-0.064393	-0.281938	1.028898	-0.804956	-2.058968	7.629893	0.000000	0.000000	15.989132	-4.010663	-11.839240	20.531247	-9.268490	69.896114	51.787558	86.647962	33.288601	-0.658744	16.409073	-6.405817	77.485791	42.612472	74.484746	14.288944	3.414750
1.062500	-1.838364	-3.040627	97.907773	0.128451	0.976323	0.400632	-6.696521	0.343277	4.299992	0.288192	0.005030	20.500810	-7.459450	0.000000	-3.683965	-1.073190	-11.495109	6.779183	0.118319	25.156830	2.727369	0.000000	-0.115509	-0.184544	1.335846	-0.214511	-0.245444	1.419337	-0.189769	-0.448700	1.419337	-0.132015	-0.448700	1.168865	-0.107261	-0.376322	1.085375	-0.066002	-0.285859	1.001885	-0.825067	-2.087599	7.429576	0.000000	0.000000	15.671191	-4.079443	-12.115038	20.506512	-9.241504	69.836973	51.745741	86.397030	33.335038	-0.739443	16.454773	-6.337847	77.874716	42.429971	74.700268	14.251112	3.130919
1.083333	-1.874826	-2.911369	98.103155	0.127973	0.976655	0.400447	-6.865419	0.336038	3.916542	0.290815	0.005076	20.500221	-7.260306	0.000000	-3.739396	-1.102286	-11.905073	6.960093	0.121477	25.306801	3.338561	0.000000	-0.118435	-0.185802	1.287008	-0.219945	-0.247116	1.367446	-0.194577	-0.451758	1.367446	-0.135359	-0.451758	1.126132	-0.109979	-0.378887	1.045694	-0.067674	-0.287807	0.965256	-0.845968	-2.101825	7.157955	0.000000	0.000000	15.328288	-4.149064	-12.351741	20.515010	-9.210937	69.843538	51.714238	86.167513	33.267294	-0.858216	16.488208	-6.309308	78.248014	42.313502	74.693793	14.138766	2.849192
1.104167	-1.914418	-2.787448	98.310230	0.127475	0.976985	0.400210	-7.035325	0.328347	3.569914	0.291456	0.005087	20.408595	-7.173881	0.000000	-3.776400	-1.132432	-12.270254	7.174104	0.125212	25.461932	3.946650	0.000000	-0.120426	-0.187043	1.227735	-0.223644	-0.248767	1.304468	-0.197849	-0.454777	1.304468	-0.137635	-0.454777	1.074268	-0.111828	-0.381418	0.997534	-0.068812	-0.289730	0.920801	-0.860194	-2.115870	6.828292	0.000000	0.000000	14.974015	-4.208439	-12.518582	20.579382	-9.152609	69.969085	51.634373	86.053807	33.051123	-1.226090	16.460802	-6.322912	78.422368	42.259042	74.694479	14.063223	2.585396
1.125000	-1.955618	-2.675717	98.531074	0.126967	0.977302	0.399929	-7.196085	0.322748	3.339320	0.289493	0.005053	20.222848	-7.305948	0.000000	-3.788898	-1.159247	-12.490716	7.415615	0.129427	25.597560	4.423533	0.000000	-0.121191	-0.188549	1.159859	-0.225063	-0.250771	1.232350	-0.199104	-0.458439	1.232350	-0.138509	-0.458439	1.014876	-0.112538	-0.384490	0.942385	-0.069248	-0.292063	0.869894	-0.865653	-2.132908	6.450786	0.000000	0.000000	14.624511	-4.250692	-12.622905	20.677549	-9.075304	70.185746	51.514707	85.999546	32.687472	-1.758998	16.376980	-6.373307	78.393464	42.266074	74.729354	14.031500	2.368782
1.145833	-1.989272	-2.575782	98.741021	0.126498	0.977601	0.399630	-7.339701	0.326102	3.164585	0.285425	0.004982	19.992441	-7.511891	0.000000	-3.779307	-1.193428	-12.637564	7.681463	0.134067	25.730235	4.821087	0.000000	-0.121064	-0.189588	1.091131	-0.224828	-0.252152	1.159326	-0.198896	-0.460964	1.159326	-0.138364	-0.460964	0.954739	-0.112420	-0.386608	0.886544	-0.069176	-0.293672	0.818348	-0.864747	-2.144658	6.068541	0.000000	0.000000	14.296476	-4.266531	-12.675213	20.787863	-8.977108	70.439294	51.335917	86.002229	32.263525	-2.419339	16.264617	-6.443297	78.233428	42.302030	74.749496	14.032167	2.178111
1.166667	-2.024742	-2.491622	98.967860	0.126055	0.977872	0.399319	-7.464811	0.333245	2.930826	0.278563	0.004862	19.745226	-7.696972	0.000000	-3.748391	-1.224173	-12.649782	7.955253	0.138845	25.844260	5.118995	0.000000	-0.120223	-0.191644	1.021630	-0.223266	-0.254886	1.085482	-0.197515	-0.465962	1.085482	-0.137403	-0.465962	0.893927	-0.111639	-0.390800	0.830075	-0.068696	-0.296856	0.766223	-0.858742	-2.167911	5.682002	0.000000	0.000000	14.008256	-4.271445	-12.707231	20.834677	-8.858595	70.555169	51.103642	86.046001	31.875643	-3.141320	16.135426	-6.544725	78.004511	42.384698	74.673209	14.063417	2.011129
1.187500	-2.047331	-2.419592	99.176553	0.125663	0.978118	0.399033	-7.567124	0.353561	2.802674	0.269719	0.004707	19.465248	-8.023054	0.000000	-3.705608	-1.264283	-12.596831	8.225445	0.143561	25.932368	5.329628	0.000000	-0.118101	-0.192789	0.952852	-0.219325	-0.256410	1.012405	-0.194028	-0.468748	1.012405	-0.134978	-0.468748	0.833745	-0.109669	-0.393136	0.774192	-0.067483	-0.298631	0.714639	-0.843584	-2.180872	5.299476	0.000000	0.000000	13.733596	-4.242326	-12.698844	20.935232	-8.736438	70.772489	50.865694	86.185355	31.428091	-3.944806	15.970659	-6.636069	77.640202	42.457699	74.665052	14.118955	1.938500
1.208333	-2.053117	-2.357922	99.337706	0.125385	0.978329	0.398828	-7.642919	0.389779	2.777625	0.259082	0.004522	19.146037	-8.451764	0.000000	-3.651902	-1.316740	-12.516290	8.491769	0.148209	26.012582	5.438977	0.000000	-0.116466	-0.193109	0.897396	-0.216289	-0.256835	0.953483	-0.191342	-0.469526	0.953483	-0.133109	-0.469526	0.785221	-0.108150	-0.393788	0.729134	-0.066549	-0.299126	0.673047	-0.831904	-2.184489	4.991046	0.000000	0.000000	13.503950	-4.219364	-12.735732	21.052365	-8.655287	70.976995	50.696627	86.401852	30.908616	-4.738302	15.830188	-6.711143	77.290014	42.509616	74.756897	14.152361	1.861367
1.229167	-2.044846	-2.310280	99.445866	0.125247	0.978497	0.398715	-7.689658	0.437086	2.823960	0.247025	0.004311	18.821371	-8.895880	0.000000	-3.586402	-1.386896	-12.578866	8.751269	0.152738	26.119214	5.673067	0.000000	-0.114541	-0.192783	0.853459	-0.212714	-0.256402	0.906800	-0.188180	-0.468733	0.906800	-0.130909	-0.468733	0.746776	-0.106363	-0.393123	0.693435	-0.065449	-0.298621	0.640094	-0.818155	-2.180801	4.746681	0.000000	0.000000	13.313746	-4.179188	-12.755671	21.193365	-8.599974	71.181772	50.581943	86.703875	30.313057	-5.571971	15.699993	-6.774705	76.954551	42.538251	74.864537	14.127748	1.761019
1.250000	-2.020653	-2.271269	99.493293	0.125242	0.978623	0.398711	-7.711681	0.495956	2.935428	0.233791	0.004080	18.499103	-9.332222	0.000000	-3.521001	-1.467537	-12.679991	8.985676	0.156830	26.227971	5.871822	0.000000	-0.113341	-0.191183	0.818759	-0.210485	-0.254273	0.869932	-0.186208	-0.464842	0.869932	-0.129537	-0.464842	0.716414	-0.105248	-0.389860	0.665242	-0.064763	-0.296142	0.614069	-0.809582	-2.162697	4.553693	0.000000	0.000000	13.160375	-4.133801	-12.750870	21.427129	-8.569182	71.522957	50.546702	87.100336	29.603453	-6.416735	15.578000	-6.830576	76.610171	42.559840	74.981087	14.070457	1.700991
1.270833	-1.991723	-2.235181	99.487718	0.125348	0.978721	0.398830	-7.718102	0.554575	3.196714	0.218579	0.003815	18.148707	-9.889044	0.000000	-3.467517	-1.547379	-12.839593	9.180835	0.160236	26.326702	6.077392	0.000000	-0.114795	-0.189706	0.795815	-0.213186	-0.252308	0.845554	-0.188597	-0.461250	0.845554	-0.131200	-0.461250	0.696338	-0.106599	-0.386847	0.646600	-0.065594	-0.293854	0.596861	-0.819971	-2.145987	4.426086	0.000000	0.000000	13.055002	-4.077333	-12.756529	21.680838	-8.563977	71.848994	50.549936	87.560014	28.925075	-7.360826	15.487168	-6.869053	76.275014	42.556276	75.206986	14.036876	1.643102
1.291667	-1.943593	-2.241575	99.411290	0.125594	0.978736	0.399081	-7.653071	0.620890	3.446227	0.220409	0.003847	17.855024	-10.311983	0.000000	-3.348982	-1.637325	-13.015087	9.410885	0.164251	26.442998	6.163134	0.000000	-0.111528	-0.186757	0.780029	-0.207119	-0.248387	0.828780	-0.183229	-0.454081	0.828780	-0.127465	-0.454081	0.682525	-0.103565	-0.380835	0.633773	-0.063727	-0.289287	0.585022	-0.796633	-2.112633	4.338286	0.000000	0.000000	12.986325	-4.015375	-12.680204	22.006645	-8.572280	72.337951	50.637182	87.957240	28.109746	-8.161718	15.405307	-6.915941	75.957432	42.568441	75.279693	13.951286	1.664415
1.312500	-1.897571	-2.218391	99.299891	0.125914	0.978754	0.399419	-7.623418	0.685046	3.744612	0.196345	0.003427	17.575687	-10.730647	0.000000	-3.309781	-1.713071	-13.185034	9.529175	0.166315	26.528202	6.245789	0.000000	-0.116181	-0.183731	0.769245	-0.215760	-0.244363	0.817323	-0.190874	-0.446724	0.817323	-0.132784	-0.446724	0.673089	-0.107886	-0.374665	0.625012	-0.066386	-0.284600	0.576934	-0.829871	-2.078404	4.278310	0.000000	0.000000	12.970079	-3.956309	-12.595186	22.360478	-8.544749	72.827384	50.659432	88.457093	27.487974	-9.089960	15.357300	-6.948457	75.591669	42.552853	75.473277	14.035217	1.707716
1.333333	-1.824848	-2.212331	99.143071	0.126324	0.978707	0.399853	-7.552644	0.765515	3.820220	0.194053	0.003387	17.465822	-10.687144	0.000000	-3.247442	-1.804611	-13.295033	9.647866	0.168387	26.616990	6.179218	0.000000	-0.119158	-0.177950	0.764290	-0.221288	-0.236673	0.812058	-0.195764	-0.432667	0.812058	-0.136185	-0.432667	0.668754	-0.110650	-0.362875	0.620986	-0.068087	-0.275644	0.573217	-0.851132	-2.013002	4.250751	0.000000	0.000000	12.964832	-3.879904	-12.467037	22.728405	-8.511169	73.389761	50.691897	88.829800	26.864151	-9.802890	15.359052	-6.991920	75.347044	42.560854	75.414999	14.062667	1.792347
1.354167	-1.739979	-2.209949	98.960087	0.126746	0.978609	0.400336	-7.473929	0.851560	4.009309	0.189691	0.003311	17.365266	-10.756323	0.000000	-3.195326	-1.901908	-13.453016	9.737179	0.169946	26.717544	6.161928	0.000000	-0.122738	-0.169991	0.755962	-0.227937	-0.226088	0.803210	-0.201647	-0.413316	0.803210	-0.140277	-0.413316	0.661467	-0.113975	-0.346646	0.614219	-0.070133	-0.263316	0.566972	-0.876706	-1.922973	4.204434	0.000000	0.000000	12.989729	-3.803097	-12.260363	23.140820	-8.449735	74.104220	50.668148	88.961638	26.372471	-10.366877	15.286168	-7.032758	74.825386	42.588124	75.571466	14.248318	1.975664
1.375000	-1.634105	-2.216427	98.746258	0.127192	0.978472	0.400907	-7.360360	0.949250	4.072946	0.220361	0.003846	17.378141	-10.589800	0.000000	-3.122138	-2.012816	-13.577038	9.844642	0.171821	26.826708	6.048352	0.000000	-0.125108	-0.159047	0.747993	-0.232337	-0.211533	0.794742	-0.205539	-0.386708	0.794742	-0.142985	-0.386708	0.654494	-0.116175	-0.324329	0.607744	-0.071486	-0.246364	0.560995	-0.893631	-1.799176	4.160112	0.000000	0.000000	12.992394	-3.721129	-12.003652	23.581060	-8.384845	74.962620	50.641479	88.618618	25.889427	-10.574137	15.210025	-7.071353	74.292574	42.634998	75.466060	14.437048	2.298889
1.395833	-1.524523	-2.216502	98.513096	0.127630	0.978327	0.401440	-7.267471	1.047771	4.310299	0.227360	0.003968	17.345216	-10.657062	0.000000	-3.089244	-2.118619	-13.748282	9.892505	0.172657	26.926429	5.972593	0.000000	-0.127278	-0.146940	0.743397	-0.236368	-0.195430	0.789860	-0.209105	-0.357270	0.789860	-0.145466	-0.357270	0.650473	-0.118190	-0.299641	0.604010	-0.072727	-0.227610	0.557548	-0.909134	-1.662217	4.134553	0.000000	0.000000	12.975061	-3.629834	-11.724975	24.001342	-8.299290	75.772481	50.590619	88.563631	25.563987	-10.772619	15.106308	-7.100873	73.697865	42.683340	75.562274	14.621149	2.586839
1.416667	-1.407272	-2.197399	98.298651	0.127982	0.978185	0.401963	-7.200159	1.153059	4.531434	0.233432	0.004074	17.341640	-10.693051	0.000000	-3.094472	-2.224418	-13.870190	9.897211	0.172739	27.017297	5.869055	0.000000	-0.131714	-0.132164	0.731767	-0.244607	-0.175778	0.777503	-0.216393	-0.321343	0.777503	-0.150536	-0.321343	0.640296	-0.122310	-0.269509	0.594561	-0.075262	-0.204722	0.548825	-0.940822	-1.495064	4.069869	0.000000	0.000000	12.952688	-3.577192	-11.425274	24.470870	-8.212501	76.674632	50.591134	88.511522	25.290736	-10.699082	14.977550	-7.121472	73.067583	42.738565	75.548201	14.785058	2.918960
1.437500	-1.282513	-2.178976	98.102398	0.128251	0.978027	0.402421	-7.141265	1.263385	4.697467	0.238647	0.004165	17.359837	-10.655212	0.000000	-3.102952	-2.332015	-13.951114	9.897496	0.172744	27.109813	5.719818	0.000000	-0.134398	-0.115378	0.718915	-0.249591	-0.153452	0.763847	-0.220803	-0.280529	0.763847	-0.153604	-0.280529	0.629050	-0.124802	-0.235278	0.584118	-0.076795	-0.178720	0.539186	-0.959994	-1.305176	3.998388	0.000000	0.000000	12.924018	-3.544304	-11.104335	24.931596	-8.148903	77.572325	50.656332	88.534394	25.034075	-10.459852	14.821873	-7.137286	72.445810	42.809661	75.381448	14.878430	3.241294
1.458333	-1.162523	-2.148107	97.941653	0.128418	0.977880	0.402801	-7.109870	1.369460	4.932301	0.242634	0.004235	17.374145	-10.711172	0.000000	-3.135796	-2.433538	-14.006569	9.878185	0.172407	27.205162	5.594749	0.000000	-0.137607	-0.097976	0.700737	-0.255549	-0.130308	0.744533	-0.226074	-0.238218	0.744533	-0.157271	-0.238218	0.613145	-0.127781	-0.199792	0.569349	-0.078628	-0.151764	0.525553	-0.982910	-1.108320	3.897288	0.000000	0.000000	12.900333	-3.552056	-10.787539	25.434561	-8.100785	78.589013	50.757886	88.589404	24.711846	-10.195706	14.647736	-7.151702	71.828494	42.893025	75.037814	14.920577	3.581489
1.479167	-1.053108	-2.100350	97.839121	0.128439	0.977753	0.403077	-7.114704	1.468872	5.121310	0.245364	0.004282	17.396240	-10.739549	0.000000	-3.196103	-2.522838	-13.996647	9.841680	0.171770	27.289859	5.458680	0.000000	-0.141910	-0.080525	0.675301	-0.263541	-0.107098	0.717507	-0.233144	-0.195788	0.717507	-0.162189	-0.195788	0.590888	-0.131778	-0.164206	0.548682	-0.081087	-0.124733	0.506476	-1.013650	-0.910914	3.755821	0.000000	0.000000	12.890254	-3.594055	-10.469402	25.947353	-8.074581	79.641761	50.933654	88.668055	24.372344	-9.763101	14.463706	-7.173130	71.231115	43.004144	74.502753	14.917191	3.934449
1.500000	-0.960589	-2.046932	97.805627	0.128333	0.977646	0.403225	-7.147075	1.556941	5.291069	0.246696	0.004306	17.408272	-10.795043	0.000000	-3.264827	-2.598712	-13.929056	9.804921	0.171128	27.364212	5.334493	0.000000	-0.144944	-0.064868	0.642328	-0.269175	-0.086275	0.682474	-0.238128	-0.157720	0.682474	-0.165656	-0.157720	0.562037	-0.134595	-0.132279	0.521892	-0.082821	-0.100481	0.481746	-1.035318	-0.733801	3.572438	0.000000	0.000000	12.890338	-3.656566	-10.159582	26.448613	-8.049658	80.724828	51.128849	88.766585	23.949791	-9.342737	14.280605	-7.205966	70.677604	43.145040	73.682442	14.929717	4.430132
1.520833	-0.887152	-1.980737	97.836758	0.128103	0.977578	0.403236	-7.213543	1.632795	5.465875	0.246442	0.004301	17.385205	-10.932934	0.000000	-3.350647	-2.662267	-13.843889	9.768274	0.170489	27.433553	5.271128	0.000000	-0.148085	-0.051263	0.603937	-0.275008	-0.068179	0.641683	-0.243288	-0.124640	0.641683	-0.169246	-0.124640	0.528445	-0.137511	-0.104535	0.490699	-0.084616	-0.079406	0.452953	-1.057754	-0.579893	3.358915	0.000000	0.000000	12.915049	-3.743495	-9.882870	26.924886	-8.034561	81.821140	51.333273	88.865864	23.383333	-8.964397	14.093348	-7.237620	70.123009	43.279772	72.978845	14.984797	4.883519
1.541667	-0.833186	-1.911415	97.943290	0.127746	0.977538	0.403091	-7.305792	1.696597	5.533994	0.244805	0.004273	17.367870	-11.012582	0.000000	-3.439109	-2.711570	-13.703960	9.738883	0.169976	27.491515	5.221479	0.000000	-0.149511	-0.040510	0.562052	-0.277657	-0.053878	0.597180	-0.245632	-0.098495	0.597180	-0.170876	-0.098495	0.491795	-0.138836	-0.082607	0.456667	-0.085431	-0.062750	0.421539	-1.067944	-0.458254	3.125963	0.000000	0.000000	12.957767	-3.846664	-9.673552	27.304270	-8.018079	82.783997	51.510180	88.951556	22.795676	-8.603454	13.929834	-7.259025	69.646919	43.394042	72.514525	15.095358	5.249962
1.562500	-0.795378	-1.831177	98.112208	0.127272	0.977536	0.402818	-7.428137	1.751328	5.463709	0.241920	0.004222	17.381876	-10.983140	0.000000	-3.533900	-2.751214	-13.510091	9.725359	0.169740	27.542512	5.181362	0.000000	-0.150649	-0.032015	0.521400	-0.279771	-0.042581	0.553988	-0.247502	-0.077842	0.553988	-0.172177	-0.077842	0.456225	-0.139893	-0.065286	0.423638	-0.086081	-0.049592	0.391050	-1.076072	-0.362165	2.899871	0.000000	0.000000	13.013794	-3.958136	-9.537202	27.547835	-8.007871	83.487476	51.661522	89.014146	22.317563	-8.138689	13.829235	-7.244521	69.356833	43.441366	72.340601	15.253524	5.452458
1.583333	-0.784665	-1.747951	98.350864	0.126696	0.977560	0.402421	-7.575226	1.787304	5.255819	0.237548	0.004146	17.429920	-10.874556	0.000000	-3.630303	-2.770003	-13.259090	9.720814	0.169660	27.579232	5.161502	0.000000	-0.150194	-0.027626	0.479787	-0.278925	-0.036743	0.509774	-0.246753	-0.067170	0.509774	-0.171657	-0.067170	0.419814	-0.139470	-0.056335	0.389827	-0.085821	-0.042793	0.359840	-1.072819	-0.312512	2.668433	0.000000	0.000000	13.070510	-4.063479	-9.470445	27.642486	-7.998588	83.905426	51.792822	89.062024	21.943810	-7.591102	13.800334	-7.209165	69.311941	43.438748	72.491095	15.429424	5.500531
1.604167	-0.783521	-1.665693	98.591890	0.126115	0.977602	0.401962	-7.729913	1.814146	5.117264	0.232332	0.004055	17.453621	-10.878357	0.000000	-3.721009	-2.785889	-13.050586	9.738031	0.169961	27.618764	5.189621	0.000000	-0.147948	-0.024855	0.440301	-0.274754	-0.033057	0.467820	-0.243063	-0.060432	0.467820	-0.169089	-0.060432	0.385263	-0.137384	-0.050684	0.357745	-0.084537	-0.038500	0.330226	-1.056776	-0.281163	2.448822	0.000000	0.000000	13.136692	-4.154900	-9.406306	27.668783	-7.970277	84.194374	51.858653	89.093323	21.681493	-7.089540	13.793546	-7.144059	69.397377	43.374140	73.049077	15.582719	5.412175
1.625000	-0.794637	-1.596043	98.823077	0.125556	0.977636	0.401488	-7.877237	1.825072	4.986264	0.226618	0.003955	17.501580	-10.881511	0.000000	-3.789342	-2.792289	-12.862339	9.784377	0.170770	27.660413	5.226928	0.000000	-0.143556	-0.024421	0.409225	-0.266598	-0.032480	0.434802	-0.235848	-0.059377	0.434802	-0.164070	-0.059377	0.358072	-0.133306	-0.049799	0.332495	-0.082028	-0.037828	0.306919	-1.025405	-0.276255	2.275988	0.000000	0.000000	13.218101	-4.248488	-9.393386	27.580108	-7.931379	84.234351	51.881125	89.126913	21.616459	-6.557493	13.856073	-7.045363	69.764327	43.235941	73.928611	15.613200	5.113980
1.645833	-0.812017	-1.517746	99.047786	0.125019	0.977687	0.401048	-8.036428	1.829650	4.897774	0.220111	0.003842	17.565250	-10.931074	0.000000	-3.871553	-2.793816	-12.686471	9.818266	0.171361	27.695824	5.279620	0.000000	-0.141663	-0.024662	0.379783	-0.263082	-0.032801	0.403519	-0.232737	-0.059964	0.403519	-0.161906	-0.059964	0.332310	-0.131548	-0.050291	0.308573	-0.080946	-0.038202	0.284837	-1.011882	-0.278984	2.112237	0.000000	0.000000	13.322720	-4.345820	-9.388135	27.441629	-7.874859	84.179376	51.853925	89.112575	21.623898	-6.059405	13.965093	-6.919232	70.316871	43.040866	75.091062	15.498656	4.635028
1.666667	-0.833293	-1.452146	99.231724	0.124566	0.977721	0.400661	-8.179517	1.823148	4.811363	0.213386	0.003724	17.680736	-10.918755	0.000000	-3.940374	-2.788856	-12.538637	9.855880	0.172018	27.725817	5.321387	0.000000	-0.139391	-0.026149	0.360341	-0.258862	-0.034778	0.382863	-0.229005	-0.063578	0.382863	-0.159309	-0.063578	0.315299	-0.129438	-0.053322	0.292777	-0.079648	-0.040504	0.270256	-0.995653	-0.295797	2.004111	0.000000	0.000000	13.442253	-4.443632	-9.430440	27.238649	-7.799864	83.993235	51.763609	89.054079	21.783210	-5.582818	14.128759	-6.772838	71.069063	42.793387	76.503725	15.151473	3.928914
1.687500	-0.864435	-1.404967	99.391263	0.124188	0.977728	0.400352	-8.300795	1.800735	4.697004	0.206546	0.003605	17.844896	-10.841602	0.000000	-3.987370	-2.771878	-12.408352	9.895091	0.172702	27.746006	5.359918	0.000000	-0.136817	-0.030311	0.350734	-0.254082	-0.040314	0.372655	-0.224776	-0.073698	0.372655	-0.156368	-0.073698	0.306892	-0.127048	-0.061810	0.284971	-0.078177	-0.046952	0.263050	-0.977267	-0.342885	1.950677	0.000000	0.000000	13.576486	-4.533199	-9.561512	26.922198	-7.714132	83.564642	51.582461	88.963594	22.138585	-5.214481	14.348079	-6.609994	71.955063	42.500264	78.137395	14.631830	3.027367
1.708333	-0.895379	-1.368897	99.511339	0.123932	0.977704	0.400122	-8.404191	1.773021	4.354971	0.200627	0.003502	18.133051	-10.379562	0.000000	-4.027448	-2.747622	-12.231636	9.917048	0.173085	27.751521	5.292606	0.000000	-0.134552	-0.035295	0.346143	-0.249876	-0.046943	0.367777	-0.221055	-0.085817	0.367777	-0.153779	-0.085817	0.302875	-0.124945	-0.071974	0.281241	-0.076883	-0.054672	0.259607	-0.961090	-0.399266	1.925143	0.000000	0.000000	13.713904	-4.607039	-9.690001	26.614730	-7.604763	83.138522	51.354573	88.863635	22.532593	-4.783658	14.606775	-6.459256	72.935133	42.209172	79.770584	13.832384	2.025718
1.729167	-0.928349	-1.344390	99.578431	0.123805	0.977642	0.399967	-8.489088	1.735399	4.066568	0.194345	0.003392	18.449919	-9.923980	0.000000	-4.065774	-2.717138	-12.092548	9.917236	0.173088	27.754955	5.223892	0.000000	-0.132792	-0.041795	0.354639	-0.246607	-0.055588	0.376804	-0.218163	-0.101621	0.376804	-0.151767	-0.101621	0.310309	-0.123310	-0.085229	0.288144	-0.075877	-0.064741	0.265979	-0.948516	-0.472797	1.972396	0.000000	0.000000	13.842526	-4.651270	-9.869515	26.281805	-7.499010	82.638125	51.091448	88.765394	23.010169	-4.279704	14.931041	-6.302984	74.047025	41.905297	81.404305	12.763243	0.942575
1.750000	-0.959685	-1.351627	99.600166	0.123817	0.977518	0.399914	-8.520263	1.690618	3.583899	0.211059	0.003684	18.879742	-9.136046	0.000000	-4.062202	-2.683249	-11.928701	9.927886	0.173274	27.754324	5.070353	0.000000	-0.127970	-0.049865	0.374892	-0.237652	-0.066321	0.398322	-0.210241	-0.121242	0.398322	-0.146256	-0.121242	0.328030	-0.118833	-0.101685	0.304599	-0.073122	-0.077241	0.281169	-0.914074	-0.564084	2.085034	0.000000	0.000000	13.942686	-4.648080	-10.073099	25.956859	-7.401283	82.162549	50.819467	88.582478	23.509075	-3.606169	15.342731	-6.146434	75.369701	41.599530	82.850082	11.400893	-0.179515
1.770833	-0.994880	-1.363799	99.536994	0.123987	0.977369	0.399927	-8.541075	1.633768	3.348251	0.214387	0.003742	19.251312	-8.637210	0.000000	-4.085314	-2.635193	-11.857936	9.878803	0.172418	27.734512	4.939071	0.000000	-0.124000	-0.059177	0.411305	-0.230281	-0.078706	0.437012	-0.203720	-0.143884	0.437012	-0.141720	-0.143884	0.359892	-0.115147	-0.120675	0.334186	-0.070854	-0.091666	0.308479	-0.885722	-0.669427	2.287558	0.000000	0.000000	14.017052	-4.576753	-10.243999	25.661499	-7.306681	81.735847	50.529681	88.471533	24.087060	-2.889577	15.785085	-5.964493	76.681488	41.273022	84.355221	9.983345	-1.253850
1.791667	-1.027376	-1.395994	99.402200	0.124333	0.977192	0.400034	-8.525813	1.572423	3.187733	0.218121	0.003807	19.608669	-8.171419	0.000000	-4.102339	-2.582967	-11.835976	9.796490	0.170981	27.711164	4.801953	0.000000	-0.118339	-0.069837	0.462928	-0.219767	-0.092884	0.491861	-0.194419	-0.169802	0.491861	-0.135249	-0.169802	0.405062	-0.109889	-0.142412	0.376129	-0.067619	-0.108178	0.347196	-0.845283	-0.790013	2.574669	0.000000	0.000000	14.071631	-4.443665	-10.399196	25.399968	-7.207662	81.371413	50.211872	88.382603	24.701408	-2.094421	16.271542	-5.770583	78.066892	40.934397	85.766667	8.478340	-2.271786
1.812500	-1.064641	-1.450149	99.202393	0.124842	0.976989	0.400199	-8.476397	1.500428	3.155665	0.221584	0.003867	19.915048	-7.823474	0.000000	-4.112520	-2.519048	-11.884725	9.682690	0.168995	27.668191	4.660194	0.000000	-0.109907	-0.082213	0.527866	-0.204108	-0.109344	0.560857	-0.180566	-0.199894	0.560857	-0.125613	-0.199894	0.461882	-0.102060	-0.167650	0.428891	-0.062801	-0.127349	0.395899	-0.785055	-0.930014	2.935831	0.000000	0.000000	14.110703	-4.238435	-10.476025	25.163346	-7.111136	81.039602	49.882387	88.320847	25.376818	-1.211715	16.790574	-5.580374	79.519208	40.615925	87.031435	6.982486	-3.185153
1.833333	-1.099460	-1.503304	98.966126	0.125394	0.976781	0.400476	-8.414232	1.424209	3.119186	0.225575	0.003937	20.220894	-7.400153	0.000000	-4.138998	-2.444403	-11.893988	9.518388	0.166127	27.596879	4.449015	0.000000	-0.103708	-0.093353	0.594497	-0.192596	-0.124159	0.631653	-0.170382	-0.226978	0.631653	-0.118528	-0.226978	0.520185	-0.096303	-0.190365	0.483028	-0.059259	-0.144603	0.445872	-0.740775	-1.056025	3.306412	0.000000	0.000000	14.174795	-4.001671	-10.428100	25.026383	-7.037550	80.845207	49.606512	88.285579	26.046390	-0.161018	17.329618	-5.379578	80.996920	40.314550	87.959007	5.564859	-3.933797
1.854167	-1.134110	-1.559301	98.663215	0.126058	0.976579	0.400802	-8.336693	1.341642	3.236401	0.229709	0.004009	20.461273	-7.106174	0.000000	-4.184165	-2.362632	-12.007558	9.311686	0.162520	27.511469	4.286293	0.000000	-0.097424	-0.104076	0.668349	-0.180926	-0.138422	0.710120	-0.160058	-0.253052	0.710120	-0.111346	-0.253052	0.584805	-0.090468	-0.212233	0.543033	-0.055668	-0.161214	0.501261	-0.695890	-1.177334	3.717155	0.000000	0.000000	14.239741	-3.703897	-10.231008	24.964082	-6.977561	80.781936	49.350390	88.278881	26.614215	0.893214	17.852655	-5.194803	82.409455	40.056819	88.584905	4.290719	-4.506021
1.875000	-1.177935	-1.610732	98.314421	0.126792	0.976412	0.401212	-8.251154	1.245454	3.505665	0.234079	0.004085	20.636625	-6.943090	0.000000	-4.253028	-2.265692	-12.212799	9.060226	0.158131	27.407079	4.197814	0.000000	-0.092576	-0.114642	0.737225	-0.171924	-0.152474	0.783301	-0.152094	-0.278740	0.783301	-0.105806	-0.278740	0.645072	-0.085966	-0.233778	0.598995	-0.052898	-0.177580	0.552919	-0.661264	-1.296852	4.100223	0.000000	0.000000	14.315532	-3.376897	-9.848525	25.048109	-6.901892	80.996817	49.107614	88.300772	26.949482	1.898448	18.330169	-5.049739	83.657810	39.849848	88.890109	3.176991	-4.906685
1.895833	-1.226020	-1.651721	97.940140	0.127567	0.976295	0.401700	-8.163651	1.145876	3.849206	0.238285	0.004159	20.729825	-6.866834	0.000000	-4.342265	-2.162050	-12.474295	8.778709	0.153217	27.286815	4.151807	0.000000	-0.089230	-0.124437	0.796668	-0.165708	-0.165501	0.846459	-0.146595	-0.302556	0.846459	-0.101981	-0.302556	0.697084	-0.082859	-0.253752	0.647292	-0.050986	-0.192753	0.597501	-0.637359	-1.407656	4.430827	0.000000	0.000000	14.388561	-3.007031	-9.277741	25.288204	-6.810791	81.509585	48.897190	88.352462	26.992007	2.862443	18.758908	-4.956376	84.723417	39.717523	88.898670	2.251321	-5.103071
1.916667	-1.279733	-1.674790	97.562094	0.128336	0.976241	0.402261	-8.082696	1.041002	3.998971	0.243820	0.004255	20.832834	-6.506219	0.000000	-4.454241	-2.046181	-12.663898	8.469593	0.147822	27.134872	4.005673	0.000000	-0.088341	-0.133223	0.841832	-0.164059	-0.177186	0.894447	-0.145136	-0.323918	0.894447	-0.100965	-0.323918	0.736603	-0.082034	-0.271668	0.683989	-0.050478	-0.206362	0.631374	-0.631013	-1.507042	4.682018	0.000000	0.000000	14.456114	-2.624985	-8.544183	25.682522	-6.692785	82.306022	48.724821	88.435596	26.774524	3.796491	19.133081	-4.907382	85.583346	39.645256	88.673429	1.533161	-5.072738
1.937500	-1.342250	-1.690168	97.166786	0.129112	0.976239	0.402864	-7.997772	0.927978	4.292907	0.248776	0.004342	20.841772	-6.348554	0.000000	-4.575593	-1.921236	-12.947133	8.150501	0.142253	26.989833	3.959244	0.000000	-0.087837	-0.142079	0.878601	-0.163123	-0.188965	0.933513	-0.144308	-0.345451	0.933513	-0.100389	-0.345451	0.768776	-0.081566	-0.289727	0.713863	-0.050190	-0.220080	0.658951	-0.627413	-1.607225	4.886513	0.000000	0.000000	14.506176	-2.250598	-7.754258	26.214103	-6.553133	83.406446	48.612923	88.548214	26.198594	4.605538	19.446427	-4.893858	86.233021	39.589261	88.593840	1.023759	-5.064897
1.958333	-1.410718	-1.681417	96.774778	0.129851	0.976311	0.403444	-7.939874	0.812520	4.633852	0.238019	0.004154	20.790893	-6.285157	0.000000	-4.740493	-1.787294	-13.293704	7.786881	0.135907	26.840177	4.021139	0.000000	-0.089475	-0.150698	0.907066	-0.166164	-0.200429	0.963758	-0.146998	-0.366408	0.963758	-0.102261	-0.366408	0.793683	-0.083086	-0.307304	0.736991	-0.051126	-0.233432	0.680300	-0.639110	-1.704732	5.044830	0.000000	0.000000	14.528454	-1.915259	-6.984664	26.854734	-6.388477	84.749948	48.556828	88.717222	25.363672	5.298852	19.706353	-4.890949	86.714007	39.527975	88.694138	0.733112	-5.025150
1.979167	-1.483745	-1.678114	96.392891	0.130552	0.976418	0.404025	-7.860281	0.695091	4.944639	0.249949	0.004362	20.750981	-6.205804	0.000000	-4.876657	-1.654942	-13.659305	7.466400	0.130313	26.714411	4.115874	0.000000	-0.088966	-0.159190	0.928930	-0.165220	-0.211723	0.986988	-0.146163	-0.387055	0.986988	-0.101680	-0.387055	0.812814	-0.082614	-0.324620	0.754755	-0.050835	-0.246585	0.696697	-0.635479	-1.800790	5.166429	0.000000	0.000000	14.515298	-1.609507	-6.235547	27.554454	-6.198218	86.232066	48.554386	88.853156	24.349810	5.960562	19.934178	-4.897999	87.148427	39.464022	88.726180	0.616294	-4.909421
2.000000	-1.565296	-1.681140	96.031603	0.131213	0.976560	0.404583	-7.773552	0.573580	5.184126	0.261255	0.004560	20.700473	-6.089326	0.000000	-4.995133	-1.516216	-14.034357	7.161378	0.124990	26.598650	4.240483	0.000000	-0.087318	-0.168134	0.940422	-0.162158	-0.223618	0.999198	-0.143454	-0.408801	0.999198	-0.099796	-0.408801	0.822869	-0.081083	-0.342858	0.764093	-0.049893	-0.260439	0.705316	-0.623703	-1.901963	5.230345	0.000000	0.000000	14.494186	-1.336159	-5.505195	28.314050	-5.959298	87.872683	48.568551	88.996508	23.140139	6.432541	20.085346	-4.938097	87.402346	39.438683	88.792127	0.691988	-4.643278
2.020833	-1.642672	-1.690142	95.690086	0.131802	0.976735	0.405104	-7.683173	0.457846	5.442360	0.271705	0.004742	20.602922	-6.046783	0.000000	-5.093139	-1.383111	-14.426981	6.879143	0.120064	26.501731	4.395540	0.000000	-0.085501	-0.176372	0.952679	-0.158784	-0.234575	1.012221	-0.140469	-0.428832	1.012221	-0.097719	-0.428832	0.833594	-0.079396	-0.359658	0.774051	-0.048855	-0.273201	0.714509	-0.610724	-1.995159	5.298513	0.000000	0.000000	14.471722	-1.163669	-4.972374	29.034144	-5.726335	89.434226	48.612295	89.127788	21.904509	6.764033	20.208048	-4.950284	87.682754	39.367979	88.841794	0.777373	-4.409968
2.041667	-1.719911	-1.709780	95.373867	0.132322	0.976923	0.405599	-7.585945	0.344640	5.669887	0.281122	0.004907	20.481340	-6.030120	0.000000	-5.162888	-1.251793	-14.808001	6.627455	0.115671	26.417876	4.560831	0.000000	-0.084303	-0.184587	0.967669	-0.156559	-0.245501	1.028149	-0.138501	-0.448806	1.028149	-0.096350	-0.448806	0.846711	-0.078284	-0.376411	0.786231	-0.048171	-0.285926	0.725752	-0.602166	-2.088090	5.381887	0.000000	0.000000	14.457285	-1.089793	-4.654357	29.691412	-5.507284	90.884710	48.690534	89.227021	20.664171	6.941960	20.308657	-4.937810	87.968633	39.264146	88.865521	0.854251	-4.217843
2.062500	-1.801348	-1.726321	95.086537	0.132809	0.977135	0.406048	-7.499083	0.234223	5.773527	0.289481	0.005052	20.362453	-5.898419	0.000000	-5.228824	-1.125702	-15.241666	6.395807	0.111628	26.319634	4.827857	0.000000	-0.086335	-0.193605	0.984258	-0.160333	-0.257495	1.045774	-0.141840	-0.470731	1.045774	-0.098672	-0.470731	0.861226	-0.080171	-0.394799	0.799710	-0.049332	-0.299894	0.738194	-0.616683	-2.190097	5.474149	0.000000	0.000000	14.454747	-1.098841	-4.562043	30.338423	-5.302978	92.386143	48.812780	89.267139	19.215254	6.820668	20.385842	-4.937316	88.179666	39.188203	88.849056	0.968210	-4.022865
2.083333	-1.863516	-1.763273	94.826634	0.133230	0.977312	0.406438	-7.397260	0.144695	5.814788	0.296746	0.005179	20.229330	-5.728870	0.000000	-5.250619	-1.024834	-15.669674	6.224287	0.108634	26.232053	5.097769	0.000000	-0.087251	-0.200468	1.005564	-0.162034	-0.266623	1.068412	-0.143345	-0.487418	1.068412	-0.099720	-0.487418	0.879869	-0.081022	-0.408795	0.817021	-0.049855	-0.310525	0.754173	-0.623228	-2.267735	5.592646	0.000000	0.000000	14.464084	-1.207188	-4.678321	30.874393	-5.144769	93.667967	48.957210	89.284159	17.929149	6.558915	20.417416	-4.928471	88.304640	39.110521	88.821623	0.931579	-3.959171
2.104167	-1.906774	-1.805468	94.624525	0.133537	0.977451	0.406778	-7.299122	0.081331	5.865335	0.302447	0.005279	20.041994	-5.676597	0.000000	-5.246555	-0.948506	-16.002356	6.103015	0.106518	26.133607	5.293674	0.000000	-0.089766	-0.204836	1.026998	-0.166704	-0.272432	1.091186	-0.147476	-0.498038	1.091186	-0.102593	-0.498038	0.898623	-0.083356	-0.417701	0.834436	-0.051292	-0.317291	0.770249	-0.641187	-2.317145	5.711856	0.000000	0.000000	14.494980	-1.416894	-4.994423	31.291460	-5.041022	94.675798	49.119332	89.295219	16.937357	6.253171	20.414833	-4.913366	88.304913	39.046321	88.787798	0.821533	-3.971803
2.125000	-1.925636	-1.857043	94.468133	0.133757	0.977531	0.407036	-7.199923	0.047793	5.944467	0.306329	0.005346	19.809259	-5.728119	0.000000	-5.213369	-0.901988	-16.211814	6.040250	0.105422	26.037156	5.380582	0.000000	-0.092031	-0.206098	1.052903	-0.170911	-0.274110	1.118709	-0.151198	-0.501106	1.118709	-0.105183	-0.501106	0.921290	-0.085460	-0.420274	0.855484	-0.052587	-0.319245	0.789677	-0.657370	-2.331418	5.855931	0.000000	0.000000	14.543307	-1.710164	-5.467930	31.573332	-4.997345	95.404494	49.291171	89.302255	16.278752	5.933185	20.392832	-4.895295	88.258606	39.002565	88.755995	0.505696	-4.108048
2.145833	-1.913730	-1.904488	94.377358	0.133840	0.977565	0.407207	-7.112844	0.052231	6.023283	0.308339	0.005382	19.546836	-5.869867	0.000000	-5.172504	-0.891433	-16.286395	6.014291	0.104969	25.926751	5.365291	0.000000	-0.094964	-0.203274	1.079913	-0.176358	-0.270355	1.147408	-0.156016	-0.494241	1.147408	-0.108534	-0.494241	0.944924	-0.088184	-0.414517	0.877430	-0.054262	-0.314872	0.809935	-0.678318	-2.299481	6.006154	0.000000	0.000000	14.592201	-2.066294	-6.073706	31.742153	-5.020585	95.928767	49.490017	89.312511	15.916682	5.623302	20.383673	-4.852338	88.249228	38.957057	88.727875	0.040663	-4.337722
2.166667	-1.865810	-1.939761	94.359971	0.133777	0.977564	0.407296	-7.045384	0.102096	6.061923	0.308447	0.005383	19.277127	-6.057432	0.000000	-5.128183	-0.924563	-16.223113	6.030874	0.105259	25.809778	5.247854	0.000000	-0.098691	-0.195319	1.104979	-0.183279	-0.259774	1.174040	-0.162139	-0.474899	1.174040	-0.112794	-0.474899	0.966857	-0.091644	-0.398295	0.897795	-0.056392	-0.302549	0.828734	-0.704939	-2.209488	6.145562	0.000000	0.000000	14.637044	-2.467773	-6.736852	31.794910	-5.096116	96.209176	49.685256	89.320914	15.963538	5.417522	20.399534	-4.779365	88.322374	38.904798	88.705368	-0.528641	-4.665668
2.187500	-1.781404	-1.973409	94.400229	0.133588	0.977521	0.407291	-6.985625	0.195118	6.183668	0.306135	0.005343	18.975020	-6.446231	0.000000	-5.077080	-0.999801	-16.091388	6.074792	0.106025	25.692084	5.076794	0.000000	-0.100327	-0.182465	1.128739	-0.186318	-0.242678	1.199286	-0.164828	-0.443645	1.199286	-0.114664	-0.443645	0.987647	-0.093164	-0.372082	0.917101	-0.057327	-0.282638	0.846555	-0.716628	-2.064078	6.277710	0.000000	0.000000	14.663927	-2.883897	-7.415100	31.710829	-5.227707	96.185306	49.866454	89.329167	16.340701	5.309984	20.422145	-4.679712	88.464801	38.849706	88.687123	-1.118974	-5.061873
2.208333	-1.657965	-1.993494	94.517342	0.133271	0.977464	0.407209	-6.947285	0.339072	6.290241	0.301357	0.005260	18.667641	-6.907822	0.000000	-5.028586	-1.123371	-15.840550	6.136801	0.107107	25.583381	4.836858	0.000000	-0.102181	-0.164248	1.144244	-0.189760	-0.218449	1.215759	-0.167873	-0.399352	1.215759	-0.116782	-0.399352	1.001213	-0.094885	-0.334934	0.929698	-0.058386	-0.254420	0.858183	-0.729866	-1.858002	6.363939	0.000000	0.000000	14.691813	-3.323879	-8.074144	31.506495	-5.410046	95.838202	50.022029	89.329344	16.967857	5.281260	20.444821	-4.565276	88.670179	38.811819	88.684971	-1.726636	-5.484376
2.229167	-1.512223	-2.004105	94.691208	0.132869	0.977398	0.407064	-6.925907	0.514779	6.405624	0.294481	0.005140	18.356509	-7.463765	0.000000	-4.986112	-1.274463	-15.509009	6.196147	0.108143	25.473185	4.544124	0.000000	-0.103908	-0.142989	1.155488	-0.192967	-0.190175	1.227706	-0.170710	-0.347663	1.227706	-0.118756	-0.347663	1.011052	-0.096489	-0.291583	0.938834	-0.059373	-0.221490	0.866616	-0.742202	-1.617518	6.426475	0.000000	0.000000	14.708129	-3.737775	-8.678813	31.152967	-5.657585	95.067227	50.168897	89.317880	17.826330	5.273448	20.495288	-4.442268	89.006739	38.805717	88.692613	-2.282620	-5.915703
2.250000	-1.350960	-1.999636	94.908836	0.132403	0.977351	0.406877	-6.924907	0.712264	6.336217	0.286479	0.005000	18.120216	-7.798977	0.000000	-4.965540	-1.439625	-15.041877	6.223876	0.108627	25.348900	4.144794	0.000000	-0.107120	-0.119396	1.164662	-0.198932	-0.158797	1.237454	-0.175987	-0.290299	1.237454	-0.122427	-0.290299	1.019080	-0.099471	-0.243472	0.946288	-0.061208	-0.184944	0.873497	-0.765144	-1.350630	6.477502	0.000000	0.000000	14.728506	-4.125913	-9.219541	30.666701	-5.976619	93.903698	50.320861	89.279381	18.818136	5.232142	20.582882	-4.296354	89.519272	38.794051	88.700777	-2.837873	-6.434657
2.270833	-1.182724	-1.988904	95.142910	0.131972	0.977312	0.406639	-6.935344	0.923827	6.356061	0.276887	0.004833	17.885426	-8.268212	0.000000	-4.952700	-1.622336	-14.635066	6.243336	0.108967	25.267978	3.852936	0.000000	-0.109920	-0.095266	1.169003	-0.204132	-0.126703	1.242066	-0.180587	-0.231629	1.242066	-0.125627	-0.231629	1.022878	-0.102071	-0.194265	0.949815	-0.062808	-0.147566	0.876753	-0.785146	-1.077663	6.501646	0.000000	0.000000	14.747868	-4.459867	-9.629872	30.077934	-6.315405	92.435807	50.424121	89.224371	19.931822	5.031133	20.639331	-4.186967	89.970739	38.833263	88.730331	-3.248112	-6.937507
2.291667	-1.017651	-1.980080	95.391051	0.131589	0.977278	0.406392	-6.945093	1.137792	6.322519	0.266406	0.004650	17.690843	-8.679026	0.000000	-4.937494	-1.805601	-14.197453	6.247952	0.109047	25.220168	3.561269	0.000000	-0.112021	-0.072828	1.172171	-0.208034	-0.096861	1.245431	-0.184039	-0.177074	1.245431	-0.128029	-0.177074	1.025649	-0.104023	-0.148511	0.952389	-0.064009	-0.112811	0.879128	-0.800154	-0.823846	6.519262	0.000000	0.000000	14.774680	-4.722878	-9.969750	29.393056	-6.685179	90.699190	50.516810	89.154717	21.100371	4.703745	20.699100	-4.113810	90.448193	38.918282	88.762870	-3.618924	-7.459215
2.312500	-0.867468	-1.967610	95.648672	0.131275	0.977249	0.406124	-6.962288	1.340560	6.195269	0.255179	0.004454	17.568288	-8.938422	0.000000	-4.926037	-1.976855	-13.702897	6.240141	0.108911	25.217067	3.244621	0.000000	-0.114292	-0.053410	1.174359	-0.212251	-0.071036	1.247756	-0.187770	-0.129861	1.247756	-0.130624	-0.129861	1.027564	-0.106131	-0.108914	0.954167	-0.065306	-0.082732	0.880769	-0.816373	-0.604186	6.531432	0.000000	0.000000	14.812984	-4.911982	-10.213278	28.636256	-7.049709	88.774205	50.577321	89.074182	22.417175	4.328772	20.757264	-4.082046	90.892944	39.046863	88.784183	-3.871694	-7.945614
2.333333	-0.735230	-1.953214	95.887318	0.131081	0.977230	0.405838	-6.981815	1.525913	5.988529	0.244242	0.004263	17.509953	-9.032298	0.000000	-4.915420	-2.134443	-13.235321	6.229317	0.108722	25.265260	2.949906	0.000000	-0.116199	-0.037423	1.172453	-0.215792	-0.049773	1.245731	-0.190903	-0.090990	1.245731	-0.132803	-0.090990	1.025896	-0.107902	-0.076313	0.952618	-0.066396	-0.057968	0.879340	-0.829995	-0.423337	6.520832	0.000000	0.000000	14.866188	-4.995394	-10.291305	27.904855	-7.354126	86.943658	50.595563	88.988050	23.813831	3.903659	20.742067	-4.112579	91.086475	39.217994	88.793595	-3.920168	-8.340309
2.354167	-0.628022	-1.945886	96.105075	0.130998	0.977212	0.405532	-6.994723	1.686987	5.979675	0.231017	0.004032	17.403177	-9.393272	0.000000	-4.909639	-2.270739	-12.889614	6.188963	0.108018	25.388970	2.849043	0.000000	-0.115949	-0.026753	1.176535	-0.215329	-0.035581	1.250069	-0.190492	-0.065047	1.250069	-0.132518	-0.065047	1.029469	-0.107670	-0.054555	0.955935	-0.066253	-0.041440	0.882402	-0.828211	-0.302635	6.543537	0.000000	0.000000	14.919030	-5.010062	-10.331694	27.170316	-7.628941	85.212778	50.605266	88.907362	25.176524	3.373379	20.738074	-4.170267	91.267455	39.393808	88.814437	-3.882629	-8.692261
2.375000	-0.542802	-1.937615	96.283906	0.131067	0.977210	0.405228	-7.007319	1.825445	5.946687	0.217903	0.003803	17.336232	-9.658896	0.000000	-4.910469	-2.390758	-12.667293	6.139984	0.107163	25.558761	2.855507	0.000000	-0.115035	-0.020651	1.178849	-0.213631	-0.027466	1.252527	-0.188991	-0.050211	1.252527	-0.131473	-0.050211	1.031493	-0.106821	-0.042112	0.957815	-0.065731	-0.031989	0.884137	-0.821682	-0.233610	6.556405	0.000000	0.000000	14.971003	-4.916438	-10.238618	26.533539	-7.822283	83.802765	50.586860	88.850414	26.423184	2.800783	20.670993	-4.274335	91.192558	39.587429	88.822310	-3.617162	-8.888164
2.395833	-0.480268	-1.953616	96.415806	0.131306	0.977203	0.404968	-6.979773	1.938279	5.898278	0.229018	0.003997	17.313559	-9.827493	0.000000	-4.860796	-2.500244	-12.582778	6.150226	0.107342	25.772998	2.917425	0.000000	-0.110026	-0.019206	1.178117	-0.204329	-0.025544	1.251750	-0.180762	-0.046697	1.251750	-0.125749	-0.046697	1.030853	-0.102170	-0.039165	0.957220	-0.062869	-0.029750	0.883588	-0.785904	-0.217261	6.552335	0.000000	0.000000	15.017226	-4.701687	-9.975458	26.014912	-7.916260	82.759281	50.521855	88.777530	27.482214	2.229855	20.537307	-4.430401	90.854659	39.808867	88.716398	-3.128961	-8.882987
2.416667	-0.437429	-1.968607	96.500785	0.131703	0.977233	0.404749	-6.956558	2.030257	5.871208	0.228227	0.003983	17.292210	-9.952473	0.000000	-4.814780	-2.596169	-12.651302	6.158789	0.107491	25.994813	3.084824	0.000000	-0.106276	-0.021833	1.176044	-0.197364	-0.029038	1.249547	-0.174600	-0.053085	1.249547	-0.121462	-0.053085	1.029038	-0.098687	-0.044522	0.955536	-0.060726	-0.033820	0.882033	-0.759116	-0.246981	6.540804	0.000000	0.000000	15.082008	-4.402037	-9.617358	25.620024	-7.921244	82.051356	50.404973	88.766391	28.314100	1.639084	20.348370	-4.615500	90.248218	40.024398	88.637985	-2.450555	-8.738484
2.437500	-0.412850	-1.986543	96.536094	0.132227	0.977293	0.404546	-6.931702	2.097524	6.031845	0.227796	0.003976	17.237872	-10.217793	0.000000	-4.760960	-2.684071	-12.926257	6.193574	0.108098	26.254114	3.434019	0.000000	-0.102617	-0.028196	1.177251	-0.190570	-0.037501	1.250829	-0.168590	-0.068555	1.250829	-0.117281	-0.068555	1.030094	-0.095290	-0.057497	0.956516	-0.058635	-0.043675	0.882938	-0.732984	-0.318958	6.547515	0.000000	0.000000	15.145719	-4.060569	-9.244313	25.332046	-7.877524	81.648552	50.244193	88.726862	28.894167	0.956757	20.131276	-4.796194	89.528321	40.189640	88.520201	-1.711074	-8.572653
2.458333	-0.415953	-2.016253	96.502026	0.132902	0.977367	0.404365	-6.896642	2.127865	6.284909	0.220751	0.003853	17.196185	-10.482318	0.000000	-4.695189	-2.747756	-13.351754	6.252870	0.109133	26.504756	3.877580	0.000000	-0.098463	-0.039378	1.186339	-0.182856	-0.052373	1.260486	-0.161765	-0.095744	1.260486	-0.112533	-0.095744	1.038047	-0.091433	-0.080300	0.963901	-0.056262	-0.060996	0.889755	-0.703312	-0.445451	6.598064	0.000000	0.000000	15.213272	-3.666116	-8.867861	25.106891	-7.762941	81.399203	50.029816	88.762693	29.341214	0.284506	19.881847	-4.995160	88.635357	40.351075	88.435568	-0.839311	-8.316409
2.479167	-0.441668	-2.048826	96.404691	0.133714	0.977463	0.404230	-6.848818	2.126276	6.471424	0.228846	0.003994	17.239227	-10.507735	0.000000	-4.619604	-2.792807	-13.894634	6.351587	0.110856	26.729544	4.377735	0.000000	-0.095500	-0.053836	1.199610	-0.177354	-0.071602	1.274586	-0.156898	-0.130897	1.274586	-0.109147	-0.130897	1.049659	-0.088682	-0.109783	0.974684	-0.054569	-0.083392	0.899708	-0.682150	-0.609006	6.671874	0.000000	0.000000	15.284435	-3.255298	-8.481764	24.980426	-7.590757	81.397625	49.776730	88.625112	29.573436	-0.273858	19.614894	-5.224857	87.634778	40.529944	88.241586	0.098490	-7.969436
2.500000	-0.466356	-2.087202	96.264157	0.134547	0.977560	0.404171	-6.788709	2.113976	6.742662	0.238385	0.004161	17.300751	-10.547225	0.000000	-4.519283	-2.832604	-14.395648	6.500567	0.113456	26.945819	4.756148	0.000000	-0.093280	-0.067581	1.216581	-0.173230	-0.089883	1.292617	-0.153249	-0.164316	1.292617	-0.106609	-0.164316	1.064508	-0.086620	-0.137811	0.988472	-0.053300	-0.104683	0.912435	-0.666287	-0.764488	6.766256	0.000000	0.000000	15.358453	-2.889441	-8.146824	24.858236	-7.394666	81.344332	49.475752	88.443824	29.994793	-0.567272	19.326732	-5.435666	86.564918	40.663884	88.037167	0.982355	-7.656619
2.520833	-0.495403	-2.126784	96.088669	0.135387	0.977655	0.404156	-6.723457	2.085243	7.069036	0.249884	0.004361	17.392820	-10.559525	0.000000	-4.404365	-2.859566	-14.808438	6.688969	0.116745	27.137968	4.990661	0.000000	-0.091844	-0.080867	1.235230	-0.170564	-0.107554	1.312432	-0.150891	-0.196621	1.312432	-0.104969	-0.196621	1.080826	-0.085286	-0.164905	1.003624	-0.052480	-0.125264	0.926423	-0.656033	-0.914788	6.869979	0.000000	0.000000	15.431623	-2.571275	-7.856361	24.763686	-7.175284	81.321477	49.138221	88.249726	30.483480	-0.707216	19.019859	-5.645632	85.433029	40.791704	87.824404	1.849618	-7.340206
2.541667	-0.519782	-2.167557	95.893792	0.136192	0.977742	0.404166	-6.653121	2.049837	7.349740	0.263939	0.004607	17.529789	-10.428183	0.000000	-4.274969	-2.885296	-15.146266	6.912693	0.120649	27.330554	5.138328	0.000000	-0.089928	-0.092306	1.252008	-0.167005	-0.122767	1.330259	-0.147742	-0.224434	1.330259	-0.102778	-0.224434	1.095507	-0.083507	-0.188231	1.017257	-0.051385	-0.142983	0.939006	-0.642345	-1.044188	6.963295	0.000000	0.000000	15.495697	-2.306880	-7.602759	24.700366	-6.946613	81.354594	48.763194	88.081548	30.972656	-0.871426	18.682153	-5.850890	84.238938	40.917466	87.629529	2.668816	-7.007688
2.562500	-0.544982	-2.195779	95.704604	0.136907	0.977846	0.404198	-6.595648	2.005312	7.578532	0.280243	0.004891	17.704383	-10.194790	0.000000	-4.151400	-2.900660	-15.364806	7.149398	0.124781	27.488395	5.153390	0.000000	-0.089387	-0.102335	1.267078	-0.166000	-0.136106	1.346270	-0.146854	-0.248818	1.346270	-0.102160	-0.248818	1.108693	-0.083005	-0.208682	1.029501	-0.051076	-0.158517	0.950308	-0.638482	-1.157637	7.047108	0.000000	0.000000	15.539187	-2.109456	-7.439763	24.645983	-6.717407	81.369824	48.353792	87.797756	31.474113	-0.956641	18.384749	-6.021367	83.191716	41.006368	87.445172	3.386883	-6.722830
2.583333	-0.567540	-2.219112	95.523550	0.137514	0.977946	0.404229	-6.546141	1.955909	7.925284	0.297436	0.005191	17.845745	-10.124756	0.000000	-4.022307	-2.912812	-15.521507	7.409770	0.129325	27.636537	5.110421	0.000000	-0.088762	-0.110530	1.282454	-0.164839	-0.147004	1.362607	-0.145826	-0.268742	1.362607	-0.101446	-0.268742	1.122147	-0.082424	-0.225392	1.041994	-0.050718	-0.171210	0.961840	-0.634015	-1.250333	7.132624	0.000000	0.000000	15.559377	-1.990243	-7.381039	24.552332	-6.509046	81.225123	47.917158	87.397522	32.043343	-0.930225	18.130968	-6.151309	82.323633	41.061334	87.277577	3.989322	-6.507102
2.604167	-0.590605	-2.251099	95.368013	0.137998	0.978025	0.404213	-6.497020	1.900745	8.302237	0.314545	0.005490	17.964548	-10.131895	0.000000	-3.881576	-2.916677	-15.590685	7.672481	0.133910	27.766564	4.998308	0.000000	-0.085670	-0.117908	1.297610	-0.159097	-0.156817	1.378711	-0.140747	-0.286681	1.378711	-0.097912	-0.286681	1.135409	-0.079553	-0.240437	1.054309	-0.048952	-0.182639	0.973208	-0.611930	-1.333795	7.216920	0.000000	0.000000	15.555244	-1.937232	-7.443182	24.400675	-6.334342	80.908791	47.448692	86.839186	32.554320	-0.951769	17.903458	-6.254710	81.599560	41.119339	87.138473	4.508584	-6.278982
2.625000	-0.622636	-2.271111	95.247971	0.138344	0.978108	0.404174	-6.470781	1.834043	8.583161	0.332657	0.005806	18.086933	-10.062461	0.000000	-3.761247	-2.900922	-15.529750	7.904068	0.137952	27.865068	4.789852	0.000000	-0.085361	-0.125135	1.315703	-0.158524	-0.166429	1.397934	-0.140239	-0.304253	1.397934	-0.097559	-0.304253	1.151240	-0.079266	-0.255175	1.069008	-0.048775	-0.193834	0.986777	-0.609725	-1.415550	7.317543	0.000000	0.000000	15.555305	-1.957864	-7.646178	24.196775	-6.224557	80.422389	47.011922	85.963339	32.961714	-0.908809	17.763416	-6.309654	81.164567	41.154344	87.033836	4.868725	-6.126495
2.645833	-0.665717	-2.303055	95.160324	0.138576	0.978170	0.404103	-6.440656	1.751930	8.722270	0.353067	0.006162	18.202052	-9.851250	0.000000	-3.631238	-2.863967	-15.358885	8.115112	0.141635	27.945953	4.513382	0.000000	-0.084496	-0.133430	1.342300	-0.156917	-0.177462	1.426194	-0.138818	-0.324422	1.426194	-0.096570	-0.324422	1.174513	-0.078463	-0.272091	1.090619	-0.048281	-0.206683	1.006725	-0.603546	-1.509389	7.465471	0.000000	0.000000	15.575405	-2.044493	-8.007049	23.890868	-6.194487	79.657952	46.647315	85.111801	33.327920	-0.957494	17.712091	-6.312384	81.046611	41.151941	86.981637	5.056926	-6.129934
2.666667	-0.718807	-2.348704	95.104802	0.138702	0.978209	0.404010	-6.402540	1.656458	8.704838	0.373549	0.006520	18.311830	-9.478585	0.000000	-3.494656	-2.804084	-15.056952	8.293003	0.144740	27.998227	4.140111	0.000000	-0.083214	-0.142842	1.379094	-0.154536	-0.189980	1.465287	-0.136712	-0.347307	1.465287	-0.095105	-0.347307	1.206707	-0.077272	-0.291284	1.120514	-0.047548	-0.221263	1.034320	-0.594387	-1.615861	7.670106	0.000000	0.000000	15.625656	-2.193570	-8.522748	23.481085	-6.241926	78.615214	46.402559	84.390391	33.748469	-0.962379	17.771039	-6.264041	81.290060	41.115970	86.971795	5.070859	-6.287368
2.687500	-0.774759	-2.405105	95.077787	0.138749	0.978222	0.403897	-6.357666	1.558693	8.690637	0.392651	0.006853	18.372172	-9.171943	0.000000	-3.349697	-2.738392	-14.729561	8.454962	0.147567	28.062747	3.808082	0.000000	-0.081502	-0.152604	1.419666	-0.151357	-0.202964	1.508395	-0.133899	-0.371042	1.508395	-0.093149	-0.371042	1.242208	-0.075683	-0.311190	1.153479	-0.046570	-0.236384	1.064750	-0.582160	-1.726289	7.895757	0.000000	0.000000	15.702415	-2.358392	-9.104930	23.066100	-6.345350	77.566835	46.288769	83.839635	34.158942	-1.039014	17.888959	-6.205542	81.714645	41.095102	87.014165	5.014690	-6.491101
2.708333	-0.832451	-2.469571	95.081692	0.138730	0.978214	0.403791	-6.305203	1.460723	8.548723	0.409744	0.007151	18.413489	-8.758751	0.000000	-3.200511	-2.666866	-14.342632	8.594773	0.150007	28.127720	3.463484	0.000000	-0.080124	-0.162609	1.463906	-0.148799	-0.216271	1.555400	-0.131636	-0.395369	1.555400	-0.091574	-0.395369	1.280917	-0.074403	-0.331593	1.189423	-0.045783	-0.251882	1.097929	-0.572319	-1.839470	8.141804	0.000000	0.000000	15.814926	-2.519165	-9.712062	22.675983	-6.508514	76.632830	46.351933	83.473060	34.492607	-1.131810	18.085706	-6.132964	82.373931	41.074277	87.086533	4.820656	-6.810189
2.729167	-0.890119	-2.533405	95.106046	0.138646	0.978189	0.403677	-6.253857	1.363890	8.283679	0.424871	0.007415	18.463758	-8.233220	0.000000	-3.057587	-2.592410	-13.931326	8.719549	0.152185	28.188417	3.124342	0.000000	-0.079104	-0.171990	1.509592	-0.146904	-0.228747	1.603941	-0.129960	-0.418177	1.603941	-0.090408	-0.418177	1.320893	-0.073456	-0.350722	1.226543	-0.045200	-0.266413	1.132194	-0.565031	-1.945586	8.395895	0.000000	0.000000	15.947893	-2.673648	-10.270783	22.346813	-6.709701	75.932390	46.590854	83.290950	34.798500	-1.177533	18.326074	-6.052325	83.150021	41.045332	87.175993	4.578500	-7.226105
2.750000	-0.943640	-2.595995	95.152006	0.138510	0.978148	0.403565	-6.203017	1.275987	7.963726	0.436549	0.007619	18.485454	-7.729912	0.000000	-2.924493	-2.523773	-13.566355	8.825515	0.154034	28.253248	2.855910	0.000000	-0.077575	-0.180199	1.548283	-0.144064	-0.239665	1.645051	-0.127448	-0.438137	1.645051	-0.088660	-0.438137	1.354748	-0.072036	-0.367463	1.257980	-0.044326	-0.279129	1.161213	-0.554108	-2.038453	8.611088	0.000000	0.000000	16.082609	-2.768013	-10.686933	22.124982	-6.910657	75.596028	46.962309	83.313213	35.080296	-1.251031	18.542580	-5.992521	83.829782	41.040826	87.288502	4.380873	-7.636682
2.770833	-0.986453	-2.650982	95.232253	0.138306	0.978097	0.403481	-6.158724	1.206421	7.624387	0.444358	0.007756	18.485686	-7.314196	0.000000	-2.811610	-2.467873	-13.209335	8.901361	0.155358	28.314013	2.648512	0.000000	-0.076665	-0.186800	1.584037	-0.142375	-0.248444	1.683039	-0.125953	-0.454185	1.683039	-0.087621	-0.454185	1.386032	-0.071191	-0.380922	1.287030	-0.043806	-0.289353	1.188028	-0.547611	-2.113116	8.809939	0.000000	0.000000	16.218350	-2.846803	-11.036072	21.972091	-7.142155	75.527517	47.462882	83.512189	35.279299	-1.361369	18.792888	-5.927987	84.551592	41.041265	87.416948	4.148113	-8.076527
2.791667	-1.023169	-2.695933	95.292780	0.138150	0.978050	0.403431	-6.121111	1.147835	7.301997	0.449887	0.007852	18.503138	-6.930582	0.000000	-2.717920	-2.426410	-13.009535	8.975535	0.156653	28.353240	2.543937	0.000000	-0.077055	-0.191884	1.610937	-0.143100	-0.255206	1.711621	-0.126594	-0.466546	1.711621	-0.088067	-0.466546	1.409570	-0.071554	-0.391290	1.308886	-0.044029	-0.297228	1.208203	-0.550399	-2.170628	8.959549	0.000000	0.000000	16.356658	-2.827035	-11.139033	21.967414	-7.313652	75.865037	47.964779	83.863726	35.353911	-1.561236	18.960314	-5.899967	84.968344	41.058807	87.515299	4.012335	-8.504254
2.812500	-1.053193	-2.734366	95.361220	0.138002	0.978007	0.403427	-6.091026	1.101795	6.847054	0.456777	0.007972	18.583080	-6.384535	0.000000	-2.636089	-2.398248	-12.889095	9.043829	0.157845	28.368519	2.503778	0.000000	-0.078939	-0.195882	1.628695	-0.146597	-0.260523	1.730488	-0.129689	-0.476267	1.730488	-0.090219	-0.476267	1.425108	-0.073303	-0.399442	1.323315	-0.045106	-0.303421	1.221521	-0.563853	-2.215852	9.058312	0.000000	0.000000	16.502268	-2.717314	-11.033161	22.052744	-7.441465	76.409637	48.417033	84.344797	35.348205	-1.888745	19.076260	-5.898483	85.168530	41.093069	87.581303	3.876456	-8.933317
2.833333	-1.079224	-2.770409	95.408156	0.137906	0.977957	0.403465	-6.068195	1.064517	6.531857	0.463134	0.008083	18.626777	-6.022333	0.000000	-2.564070	-2.378844	-12.864221	9.106181	0.158933	28.378720	2.533577	0.000000	-0.082074	-0.199368	1.641269	-0.152420	-0.265160	1.743848	-0.134839	-0.484744	1.743848	-0.093802	-0.484744	1.436110	-0.076214	-0.406552	1.333531	-0.046897	-0.308822	1.230952	-0.586247	-2.255295	9.128244	0.000000	0.000000	16.659326	-2.517207	-10.711375	22.198728	-7.524708	77.045293	48.800248	84.907215	35.293321	-2.283862	19.124901	-5.933233	85.127118	41.153557	87.627450	3.739839	-9.337570
2.854167	-1.109858	-2.802068	95.444086	0.137846	0.977896	0.403528	-6.062367	1.027672	6.343988	0.467031	0.008151	18.611588	-5.838347	0.000000	-2.499995	-2.360860	-12.925981	9.170632	0.160058	28.402474	2.652337	0.000000	-0.086301	-0.203436	1.644526	-0.160269	-0.270570	1.747309	-0.141783	-0.494634	1.747309	-0.098633	-0.494634	1.438961	-0.080139	-0.414847	1.336178	-0.049312	-0.315122	1.233395	-0.616436	-2.301308	9.146362	0.000000	0.000000	16.819082	-2.222259	-10.166946	22.431731	-7.573277	77.815794	49.121285	85.518713	35.151928	-2.838767	19.119698	-6.017221	84.929926	41.262977	87.681097	3.610051	-9.674899
2.875000	-1.142635	-2.833312	95.458428	0.137844	0.977817	0.403608	-6.065507	0.993771	6.196673	0.472254	0.008242	18.577426	-5.694503	0.000000	-2.441064	-2.339231	-12.997801	9.230764	0.161107	28.411140	2.730442	0.000000	-0.091121	-0.208822	1.646422	-0.169221	-0.277733	1.749323	-0.149703	-0.507730	1.749323	-0.104143	-0.507730	1.440619	-0.084615	-0.425830	1.337718	-0.052067	-0.323465	1.234816	-0.650871	-2.362238	9.156905	0.000000	0.000000	16.982421	-1.851654	-9.521382	22.643680	-7.602418	78.394161	49.455896	86.209457	35.163898	-3.103864	19.126130	-6.118499	84.798690	41.400022	87.754793	3.514874	-9.912827
2.895833	-1.172258	-2.852090	95.475863	0.137851	0.977735	0.403716	-6.082794	0.969942	6.043427	0.491791	0.008583	18.555962	-5.524591	0.000000	-2.388512	-2.323046	-13.053212	9.301792	0.162347	28.431489	2.791673	0.000000	-0.098105	-0.213892	1.638329	-0.182190	-0.284476	1.740724	-0.161176	-0.520057	1.740724	-0.112124	-0.520057	1.433538	-0.091100	-0.436168	1.331142	-0.056057	-0.331319	1.228746	-0.700752	-2.419589	9.111892	0.000000	0.000000	17.143558	-1.442787	-8.745336	22.916241	-7.633762	78.991675	49.836558	86.794209	35.151463	-3.117411	19.171547	-6.214343	84.881168	41.550245	87.757312	3.317235	-10.067832
2.916667	-1.192386	-2.862505	95.497224	0.137880	0.977629	0.403829	-6.116580	0.963425	6.018446	0.503717	0.008792	18.502594	-5.514545	0.000000	-2.339767	-2.319617	-13.099268	9.377280	0.163664	28.474321	2.849169	0.000000	-0.106396	-0.218765	1.625639	-0.197589	-0.290958	1.727241	-0.174799	-0.531906	1.727241	-0.121600	-0.531906	1.422434	-0.098800	-0.446107	1.320831	-0.060795	-0.338868	1.219229	-0.759979	-2.474719	9.041314	0.000000	0.000000	17.302199	-1.015820	-7.951240	23.194081	-7.669738	79.438875	50.253495	87.510066	35.243391	-2.953595	19.268195	-6.286604	85.147194	41.710611	87.851920	3.161475	-10.066800
2.937500	-1.205593	-2.873442	95.527498	0.137934	0.977478	0.403904	-6.152342	0.970990	6.101435	0.516049	0.009007	18.448177	-5.630666	0.000000	-2.291768	-2.325673	-13.136220	9.443206	0.164815	28.554547	2.931349	0.000000	-0.114447	-0.223783	1.612522	-0.212540	-0.297631	1.713305	-0.188025	-0.544105	1.713305	-0.130802	-0.544105	1.410957	-0.106276	-0.456337	1.310174	-0.065395	-0.346639	1.209392	-0.817484	-2.531473	8.968365	0.000000	0.000000	17.468180	-0.600645	-7.181147	23.433934	-7.704553	79.698432	50.650546	88.286020	35.466001	-2.736761	19.404360	-6.358933	85.514910	41.903368	88.043319	3.166016	-9.893659
2.958333	-1.207686	-2.894842	95.570450	0.138000	0.977271	0.403916	-6.176717	0.995910	6.273590	0.527828	0.009212	18.402549	-5.867053	0.000000	-2.235291	-2.344245	-13.165180	9.495406	0.165726	28.677312	3.044408	0.000000	-0.120758	-0.228448	1.604889	-0.224259	-0.303836	1.705194	-0.198393	-0.555448	1.705194	-0.138014	-0.555448	1.404277	-0.112136	-0.465851	1.303972	-0.069001	-0.353866	1.203666	-0.862561	-2.584248	8.925909	0.000000	0.000000	17.650553	-0.232704	-6.503105	23.562810	-7.734687	79.712995	50.953185	89.003183	35.864430	-2.610131	19.527234	-6.446744	85.750206	42.132863	88.383130	3.631412	-9.529304
2.979167	-1.206601	-2.929326	95.623651	0.138056	0.977018	0.403870	-6.185783	1.026793	6.567176	0.537118	0.009374	18.367434	-6.282101	0.000000	-2.167352	-2.363059	-13.159664	9.538096	0.166471	28.832762	3.147605	0.000000	-0.126321	-0.233361	1.610640	-0.234591	-0.310371	1.711305	-0.207533	-0.567395	1.711305	-0.144373	-0.567395	1.409310	-0.117302	-0.475870	1.308645	-0.072180	-0.361477	1.207980	-0.902301	-2.639830	8.957899	0.000000	0.000000	17.880730	0.049902	-5.998651	23.542707	-7.749406	79.480751	51.042121	89.422956	36.536165	-2.678710	19.646655	-6.583087	85.887935	42.440171	88.785493	4.429952	-9.192599
3.000000	-1.190508	-2.984944	95.681753	0.138089	0.976715	0.403755	-6.168957	1.072695	6.925451	0.543256	0.009482	18.339330	-6.811847	0.000000	-2.087967	-2.393800	-13.159934	9.562409	0.166896	29.010858	3.288485	0.000000	-0.129627	-0.236287	1.624825	-0.240730	-0.314261	1.726377	-0.212964	-0.574507	1.726377	-0.148150	-0.574507	1.421722	-0.120371	-0.481836	1.320171	-0.074069	-0.366008	1.218619	-0.925911	-2.672921	9.036791	0.000000	0.000000	18.168775	0.227543	-5.606613	23.370970	-7.782888	79.050298	50.945920	89.592993	37.353426	-2.978249	19.662275	-6.770325	85.663128	42.823472	89.004582	5.792358	-8.906548
3.020833	-1.161716	-3.069765	95.739915	0.138097	0.976369	0.403584	-6.115651	1.129517	7.321525	0.546344	0.009535	18.309175	-7.446900	0.000000	-1.992866	-2.428256	-13.137032	9.564065	0.166924	29.177205	3.401796	0.000000	-0.129751	-0.237784	1.649428	-0.240960	-0.316253	1.752517	-0.213168	-0.578148	1.752517	-0.148292	-0.578148	1.443249	-0.120487	-0.484889	1.340160	-0.074140	-0.368328	1.237071	-0.926797	-2.689862	9.173621	0.000000	0.000000	18.513814	0.292868	-5.375725	22.947787	-7.836789	78.174191	50.698370	89.498402	38.313341	-3.412441	19.565909	-7.003959	85.061199	43.275841	88.961200	7.652624	-8.789471
3.041667	-1.122527	-3.177425	95.808571	0.138069	0.976023	0.403384	-6.029258	1.195112	7.596260	0.547658	0.009558	18.294915	-7.990267	0.000000	-1.891186	-2.463119	-13.068005	9.536818	0.166449	29.288956	3.460710	0.000000	-0.128215	-0.237842	1.681083	-0.238109	-0.316330	1.786150	-0.210645	-0.578290	1.786150	-0.146537	-0.578290	1.470947	-0.119061	-0.485008	1.365880	-0.073262	-0.368418	1.260812	-0.915829	-2.690519	9.349677	0.000000	0.000000	18.902924	0.230156	-5.323139	22.198673	-7.925970	76.683156	50.422002	89.145599	39.144403	-3.969618	19.362652	-7.283458	84.140002	43.756135	88.669879	9.836194	-9.031345
3.062500	-1.057709	-3.314470	95.884355	0.137989	0.975691	0.403158	-5.897790	1.282287	7.753353	0.546073	0.009531	18.270185	-8.436348	0.000000	-1.770007	-2.514546	-12.968622	9.497745	0.165767	29.338485	3.466101	0.000000	-0.122907	-0.233449	1.716399	-0.228251	-0.310488	1.823674	-0.201924	-0.567609	1.823674	-0.140471	-0.567609	1.501849	-0.114132	-0.476050	1.394574	-0.070229	-0.361613	1.287299	-0.877914	-2.640826	9.546094	0.000000	0.000000	19.302154	0.016079	-5.394639	21.068020	-8.013604	74.362926	50.254131	88.628446	39.644462	-4.679467	19.000260	-7.615222	82.774556	44.211697	88.217087	12.297593	-9.638986
3.083333	-0.967628	-3.472774	95.968856	0.137852	0.975402	0.402930	-5.726000	1.391750	7.873575	0.538694	0.009402	18.204190	-8.899007	0.000000	-1.643349	-2.581105	-12.835598	9.432870	0.164635	29.298500	3.404221	0.000000	-0.114780	-0.223895	1.754352	-0.213157	-0.297780	1.863999	-0.188572	-0.544377	1.863999	-0.131182	-0.544377	1.535058	-0.106584	-0.456566	1.425411	-0.065585	-0.346813	1.315764	-0.819860	-2.532740	9.757177	0.000000	0.000000	19.673808	-0.335839	-5.567999	19.588039	-8.057042	71.089148	50.272324	87.652463	39.627058	-5.382670	18.492636	-7.989843	80.988155	44.558467	87.572499	14.876319	-10.577390
3.104167	-0.828983	-3.634559	96.051614	0.137603	0.975181	0.402739	-5.524744	1.543958	7.915985	0.525836	0.009178	18.112756	-9.276282	0.000000	-1.524326	-2.687118	-12.699741	9.349183	0.163174	29.181430	3.293321	0.000000	-0.105542	-0.203840	1.790130	-0.196003	-0.271107	1.902014	-0.173395	-0.495617	1.902014	-0.120624	-0.495617	1.566364	-0.098007	-0.415671	1.454481	-0.060307	-0.315748	1.342598	-0.753878	-2.305881	9.956169	0.000000	0.000000	19.981683	-0.849957	-5.724590	17.914762	-8.103535	66.996297	50.519190	86.126216	38.792535	-6.077375	17.820455	-8.332071	78.576735	44.660117	86.608654	17.369740	-11.788260
3.125000	-0.649683	-3.794312	96.128841	0.137240	0.975007	0.402590	-5.299219	1.729219	7.892828	0.507786	0.008863	18.016611	-9.554220	0.000000	-1.419461	-2.822951	-12.559773	9.240237	0.161273	28.992346	3.111283	0.000000	-0.096078	-0.173851	1.826560	-0.178426	-0.231222	1.940720	-0.157846	-0.422702	1.940720	-0.109807	-0.422702	1.598240	-0.089218	-0.354517	1.484080	-0.054899	-0.269295	1.369920	-0.686273	-1.966638	10.158777	0.000000	0.000000	20.211757	-1.475627	-5.811308	16.113217	-8.202716	61.950462	50.948958	84.241106	37.130922	-6.590560	17.044914	-8.621565	75.573608	44.488389	85.190760	19.272408	-13.098831
3.145833	-0.438297	-3.949426	96.198531	0.136774	0.974855	0.402464	-5.056159	1.940489	7.862340	0.485100	0.008467	17.921469	-9.807227	0.000000	-1.332722	-2.982130	-12.441321	9.102839	0.158875	28.758317	2.910328	0.000000	-0.086338	-0.135373	1.865920	-0.160339	-0.180046	1.982540	-0.141845	-0.329145	1.982540	-0.098676	-0.329145	1.632680	-0.080174	-0.276052	1.516060	-0.049334	-0.209692	1.399440	-0.616707	-1.531363	10.377688	0.000000	0.000000	20.347003	-2.163444	-5.791368	14.256984	-8.426487	55.980733	51.472618	82.138648	34.620658	-6.855116	16.246986	-8.867202	72.007938	43.975842	83.312599	20.290708	-14.361315
3.166667	-0.210665	-4.096637	96.267149	0.136237	0.974723	0.402362	-4.806290	2.164501	7.870762	0.457762	0.007989	17.812550	-10.097979	0.000000	-1.267995	-3.150457	-12.325861	8.930121	0.155860	28.500217	2.680942	0.000000	-0.077029	-0.090997	1.904288	-0.143050	-0.121026	2.023306	-0.126551	-0.221249	2.023306	-0.088036	-0.221249	1.666252	-0.071529	-0.185561	1.547234	-0.044014	-0.140954	1.428216	-0.550210	-1.029373	10.591080	0.000000	0.000000	20.401844	-2.824918	-5.561476	12.400064	-8.789977	49.163581	51.935070	79.945621	31.358538	-6.869465	15.493727	-9.134570	67.917209	43.050747	80.875496	20.463259	-15.466027
3.187500	0.025903	-4.226719	96.324400	0.135672	0.974636	0.402303	-4.563253	2.395462	7.882675	0.428868	0.007485	17.711742	-10.359344	0.000000	-1.231017	-3.326992	-12.263258	8.732548	0.152412	28.242807	2.506793	0.000000	-0.069669	-0.043412	1.944923	-0.129382	-0.057738	2.066481	-0.114459	-0.105552	2.066481	-0.079624	-0.105552	1.701808	-0.064694	-0.088526	1.580250	-0.039809	-0.067245	1.458692	-0.497637	-0.491086	10.817080	0.000000	0.000000	20.387794	-3.409234	-5.143799	10.578493	-9.353957	41.655679	52.247805	77.627435	27.329107	-6.582860	14.851891	-9.437228	63.284491	41.716831	78.068662	19.691143	-16.331456
3.208333	0.255483	-4.333492	96.369140	0.135086	0.974640	0.402316	-4.339090	2.616488	7.772623	0.400937	0.006998	17.644915	-10.416014	0.000000	-1.226938	-3.493501	-12.251927	8.508621	0.148503	27.971134	2.360641	0.000000	-0.064945	0.004309	1.981960	-0.120610	0.005732	2.105832	-0.106699	0.010478	2.105832	-0.074226	0.010478	1.734215	-0.060308	0.008788	1.610342	-0.037110	0.006675	1.486470	-0.463898	0.048749	11.023066	0.000000	0.000000	20.294544	-3.838048	-4.497925	8.848578	-10.123702	33.650890	52.295277	75.083927	22.797976	-6.051356	14.335304	-9.802786	58.101868	40.020900	74.973873	18.005087	-16.923509
3.229167	0.463792	-4.416822	96.404057	0.134493	0.974768	0.402417	-4.141714	2.813877	7.608261	0.376140	0.006565	17.575886	-10.371806	0.000000	-1.249324	-3.638077	-12.278194	8.271106	0.144358	27.666093	2.251609	0.000000	-0.062923	0.049040	2.012998	-0.116854	0.065223	2.138810	-0.103376	0.119235	2.138810	-0.071914	0.119235	1.761373	-0.058430	0.100002	1.635561	-0.035954	0.075963	1.509749	-0.449450	0.554748	11.195692	0.000000	0.000000	20.104511	-4.094977	-3.693662	7.274791	-11.077070	25.301192	52.032349	72.356867	17.991213	-5.378641	13.961715	-10.254109	52.478851	38.042674	71.652781	15.521188	-17.208140
3.250000	0.638680	-4.477383	96.416846	0.133934	0.975043	0.402591	-3.978942	2.976727	7.557395	0.351781	0.006140	17.424076	-10.474118	0.000000	-1.297619	-3.747767	-12.328367	8.022584	0.140020	27.314437	2.141828	0.000000	-0.063555	0.088477	2.039304	-0.118029	0.117674	2.166761	-0.104415	0.215122	2.166761	-0.072638	0.215122	1.784391	-0.059018	0.180422	1.656935	-0.036316	0.137050	1.529478	-0.453970	1.000866	11.341998	0.000000	0.000000	19.810108	-4.189325	-2.798239	5.918247	-12.179786	16.646232	51.393350	69.741166	13.297092	-4.547899	13.763226	-10.811987	46.670178	35.849776	68.333835	12.390798	-17.210781
3.270833	0.779213	-4.518000	96.423705	0.133413	0.975467	0.402817	-3.853364	3.106596	7.514350	0.330828	0.005774	17.224215	-10.585966	0.000000	-1.364295	-3.827705	-12.436975	7.771141	0.135632	26.930944	2.105287	0.000000	-0.066808	0.121654	2.053230	-0.124070	0.161800	2.181557	-0.109759	0.295789	2.181557	-0.076355	0.295789	1.796576	-0.062038	0.248077	1.668249	-0.038174	0.188442	1.539922	-0.477205	1.376173	11.419448	0.000000	0.000000	19.429898	-4.133592	-1.855826	4.868122	-13.545351	8.596344	50.307608	67.072104	8.657134	-3.874132	13.738179	-11.542122	41.129011	33.593543	65.070769	8.668038	-16.983226
3.291667	0.878690	-4.546659	96.417607	0.132968	0.976022	0.403062	-3.759167	3.196804	7.504616	0.314638	0.005491	16.992111	-10.714284	0.000000	-1.439725	-3.871390	-12.601151	7.525186	0.131339	26.529758	2.124022	0.000000	-0.072106	0.146621	2.056567	-0.133908	0.195006	2.185103	-0.118463	0.356494	2.185103	-0.082410	0.356494	1.799496	-0.066958	0.298989	1.670961	-0.041201	0.227116	1.542425	-0.515046	1.658606	11.438010	0.000000	0.000000	18.995864	-3.960248	-0.969387	4.102927	-15.186615	1.450450	48.800170	64.631143	4.315450	-3.231362	13.874934	-12.478334	36.149537	31.408298	62.130825	4.433769	-16.484339
3.312500	0.933275	-4.572821	96.413077	0.132592	0.976664	0.403275	-3.692414	3.243865	7.526415	0.302401	0.005278	16.751195	-10.860215	0.000000	-1.512441	-3.878235	-12.830735	7.292926	0.127286	26.148997	2.254037	0.000000	-0.078231	0.162397	2.046081	-0.145283	0.215988	2.173961	-0.128526	0.394852	2.173961	-0.089410	0.394852	1.790321	-0.072645	0.331160	1.662441	-0.044701	0.251553	1.534561	-0.558797	1.837067	11.379691	0.000000	0.000000	18.557028	-3.718640	-0.195894	3.578284	-17.087313	-4.401743	47.009228	62.475836	0.247696	-2.809587	14.003833	-13.584820	30.920466	29.492522	60.790983	-0.192313	-15.401148
3.333333	0.939730	-4.605718	96.408250	0.132328	0.977347	0.403409	-3.648092	3.245903	7.594942	0.293726	0.005126	16.511629	-11.043492	0.000000	-1.576681	-3.847344	-13.132593	7.072343	0.123436	25.805257	2.511718	0.000000	-0.083618	0.168222	2.033194	-0.155287	0.223735	2.160269	-0.137376	0.409015	2.160269	-0.095567	0.409015	1.779045	-0.077648	0.343038	1.651970	-0.047779	0.260576	1.524896	-0.597275	1.902961	11.308016	0.000000	0.000000	18.155492	-3.470105	0.361955	3.123215	-19.145390	-9.077665	45.119369	60.811354	-3.279355	-2.501266	14.282041	-14.951954	26.294602	27.842077	60.314886	-4.931077	-13.929570
3.354167	0.902418	-4.659716	96.410255	0.132150	0.978035	0.403421	-3.614565	3.204812	7.683390	0.291061	0.005080	16.271586	-11.241158	0.000000	-1.620984	-3.775726	-13.406344	6.856601	0.119670	25.490596	2.789555	0.000000	-0.085642	0.165206	2.025279	-0.159045	0.219724	2.151859	-0.140701	0.401681	2.151859	-0.097880	0.401681	1.772119	-0.079527	0.336888	1.645540	-0.048936	0.255904	1.518960	-0.611729	1.868840	11.263996	0.000000	0.000000	17.834063	-3.301585	0.649509	2.639777	-21.280414	-12.528430	43.235897	59.577425	-6.127909	-2.334261	14.890086	-16.558258	23.559502	26.387450	59.438091	-9.353917	-12.426114
3.375000	0.832943	-4.741852	96.428766	0.132036	0.978713	0.403303	-3.583456	3.131978	7.745758	0.297112	0.005186	16.008978	-11.438733	0.000000	-1.632758	-3.675392	-13.651673	6.659020	0.116222	25.213994	3.101076	0.000000	-0.083515	0.155144	2.015105	-0.155096	0.206342	2.141049	-0.137207	0.377218	2.141049	-0.095450	0.377218	1.763217	-0.077552	0.316370	1.637272	-0.047721	0.240319	1.511328	-0.596542	1.755024	11.207407	0.000000	0.000000	17.645931	-3.225212	0.714991	2.159536	-23.415146	-14.647754	41.378953	58.649556	-8.162969	-2.260594	15.701664	-18.343537	22.455821	25.119421	58.053183	-12.971789	-10.952564
3.395833	0.746950	-4.849589	96.439156	0.132013	0.979369	0.403078	-3.549758	3.041682	7.748647	0.312831	0.005460	15.724885	-11.554552	0.000000	-1.615047	-3.566190	-13.931994	6.491250	0.113294	24.989680	3.505622	0.000000	-0.078053	0.140331	1.994872	-0.144952	0.186640	2.119551	-0.128233	0.341201	2.119551	-0.089207	0.341201	1.745513	-0.072480	0.286163	1.620833	-0.044600	0.217373	1.496154	-0.557525	1.587451	11.094879	0.000000	0.000000	17.631971	-3.223682	0.642075	1.769604	-25.484858	-15.306097	39.561743	57.836636	-9.347107	-2.233585	16.489534	-20.244122	21.924167	24.052529	56.877610	-15.767061	-9.547679
3.416667	0.646331	-4.985578	96.459882	0.132111	0.979958	0.402732	-3.509873	2.941524	7.701372	0.335306	0.005852	15.391077	-11.655115	0.000000	-1.566670	-3.446479	-14.124688	6.349874	0.110826	24.763371	3.836583	0.000000	-0.068070	0.120890	1.953479	-0.126413	0.160784	2.075571	-0.111832	0.293932	2.075571	-0.077797	0.293932	1.709294	-0.063210	0.246519	1.587201	-0.038895	0.187259	1.465109	-0.486218	1.367532	10.864662	0.000000	0.000000	17.777063	-3.276329	0.510117	1.415098	-27.347403	-14.877260	37.949424	57.325048	-9.712668	-2.038919	17.339180	-22.201978	23.211144	23.248837	54.464783	-17.458724	-8.420315
3.437500	0.537202	-5.154266	96.488599	0.132300	0.980431	0.402321	-3.449921	2.832802	7.597320	0.364177	0.006356	15.045266	-11.678832	0.000000	-1.470571	-3.320311	-14.212666	6.256721	0.109200	24.523742	4.054485	0.000000	-0.053676	0.098903	1.882325	-0.099681	0.131540	1.999971	-0.088184	0.240472	1.999971	-0.061346	0.240472	1.647035	-0.049843	0.201682	1.529389	-0.030670	0.153200	1.411744	-0.383400	1.118805	10.468929	0.000000	0.000000	18.057079	-3.336447	0.451003	1.089100	-28.937011	-13.458373	36.643447	56.804949	-9.238298	-1.581517	18.160607	-24.122751	26.152122	22.700783	51.205877	-18.305422	-7.631887
3.458333	0.423509	-5.349599	96.535114	0.132591	0.980728	0.401823	-3.373675	2.723770	7.482854	0.394741	0.006890	14.654154	-11.719031	0.000000	-1.332956	-3.197805	-14.215927	6.214437	0.108462	24.272294	4.186495	0.000000	-0.036043	0.074746	1.786754	-0.066936	0.099413	1.898426	-0.059215	0.181738	1.898426	-0.041194	0.181738	1.563409	-0.033470	0.152423	1.451737	-0.020595	0.115782	1.340065	-0.257453	0.845545	9.937388	0.000000	0.000000	18.450377	-3.407417	0.437368	0.705922	-30.078935	-11.509992	35.743563	56.850885	-8.245961	-1.094594	18.923996	-25.948530	29.754868	22.444419	48.676810	-18.450998	-7.046372
3.479167	0.330983	-5.559733	96.593780	0.132929	0.980798	0.401276	-3.281000	2.637587	7.412978	0.423931	0.007399	14.213633	-11.815996	0.000000	-1.158732	-3.101379	-14.109159	6.228601	0.108710	24.032270	4.169944	0.000000	-0.017508	0.053200	1.671906	-0.032515	0.070756	1.776400	-0.028765	0.129350	1.776400	-0.020010	0.129350	1.462918	-0.016258	0.108485	1.358423	-0.010004	0.082407	1.253929	-0.125061	0.601808	9.298638	0.000000	0.000000	18.930888	-3.490524	0.524694	0.342824	-30.724123	-9.093661	35.292110	57.423057	-7.094248	-0.613758	19.613028	-27.372945	35.678289	22.096339	45.650235	-17.864853	-6.689560
3.500000	0.273631	-5.776578	96.657239	0.133298	0.980585	0.400728	-3.167407	2.587464	7.470690	0.449634	0.007848	13.735156	-12.051643	0.000000	-0.949352	-3.045453	-13.895954	6.304615	0.110036	23.839438	4.000815	0.000000	-0.000327	0.036237	1.545930	-0.000608	0.048196	1.642550	-0.000538	0.088107	1.642550	-0.000374	0.088107	1.352688	-0.000304	0.073895	1.256068	-0.000187	0.056132	1.159447	-0.002337	0.409923	8.597996	0.000000	0.000000	19.485868	-3.557681	0.719100	0.138221	-30.860768	-6.200417	35.253217	58.541570	-6.133549	-0.194779	20.144314	-28.216542	43.744681	21.433573	42.285496	-16.797624	-6.461042
3.520833	0.263542	-5.988360	96.731254	0.133690	0.980056	0.400195	-3.036921	2.587118	7.598789	0.469938	0.008202	13.288257	-12.327115	0.000000	-0.710142	-3.045346	-13.581383	6.448799	0.112553	23.732379	3.693696	0.000000	0.013700	0.025256	1.416227	0.025442	0.033591	1.504741	0.022507	0.061409	1.504741	0.015657	0.061409	1.239199	0.012721	0.051503	1.150685	0.007828	0.039122	1.062170	0.097855	0.285706	7.876630	0.000000	0.000000	20.092765	-3.618305	0.988668	0.171054	-30.505304	-2.907441	35.568461	60.298249	-5.556300	0.185389	20.497409	-28.337960	53.485936	20.362912	38.638784	-15.504112	-6.285916
3.541667	0.275547	-6.192798	96.831319	0.134123	0.979227	0.399681	-2.891823	2.614111	7.818566	0.484285	0.008452	12.906360	-12.700691	0.000000	-0.446428	-3.078155	-13.194877	6.647379	0.116019	23.716723	3.310104	0.000000	0.023147	0.016026	1.294361	0.042986	0.021315	1.375258	0.038028	0.038966	1.375258	0.026454	0.038966	1.132566	0.021494	0.032681	1.051668	0.013226	0.024825	0.970770	0.165334	0.181292	7.198846	0.000000	0.000000	20.726784	-3.612947	1.274893	0.410928	-29.636748	0.515791	36.164505	62.703244	-5.305955	0.567557	20.730782	-27.740020	64.421325	18.966913	34.711346	-14.257108	-6.122083
3.562500	0.322851	-6.393918	96.958205	0.134610	0.978155	0.399195	-2.723597	2.683647	8.079081	0.493118	0.008607	12.598758	-13.140947	0.000000	-0.157528	-3.157328	-12.744011	6.881225	0.120100	23.802922	2.885897	0.000000	0.029886	0.009433	1.193765	0.055501	0.012546	1.268376	0.049099	0.022935	1.268376	0.034156	0.022935	1.044545	0.027752	0.019235	0.969934	0.017077	0.014611	0.895324	0.213471	0.106705	6.639365	0.000000	0.000000	21.339976	-3.554786	1.515133	0.742962	-28.287656	3.849913	37.010089	65.526909	-5.355120	1.019511	20.949373	-26.464933	75.983529	17.354742	30.550379	-12.900507	-6.042314
3.583333	0.379271	-6.580034	97.100706	0.135163	0.976978	0.398775	-2.545135	2.769621	8.366587	0.495655	0.008651	12.371242	-13.647782	0.000000	0.143111	-3.247459	-12.129580	7.143161	0.124672	23.929530	2.253495	0.000000	0.032317	0.001494	1.122260	0.060017	0.001987	1.192401	0.053094	0.003633	1.192401	0.036936	0.003633	0.981977	0.030010	0.003047	0.911836	0.018466	0.002315	0.841695	0.230841	0.016903	6.241672	0.000000	0.000000	21.881327	-3.432251	1.588810	1.069911	-26.491111	6.961194	38.050968	68.476886	-5.557282	1.563725	21.263693	-24.573320	87.971322	15.742313	25.424056	-11.178192	-6.189562
3.604167	0.431684	-6.746086	97.248457	0.135804	0.975815	0.398441	-2.360844	2.859072	8.555164	0.493462	0.008613	12.290807	-14.054724	0.000000	0.438884	-3.352332	-11.644997	7.419004	0.129486	24.119052	1.790616	0.000000	0.030629	-0.010139	1.075263	0.056880	-0.013485	1.142466	0.050320	-0.024652	1.142466	0.035005	-0.024652	0.940855	0.028442	-0.020676	0.873651	0.017501	-0.015706	0.806447	0.218777	-0.114697	5.980288	0.000000	0.000000	22.306816	-3.209540	1.476188	1.385526	-24.326005	9.959488	39.208435	71.394453	-5.788825	1.987114	21.700008	-22.137737	99.845109	14.382969	19.766081	-9.210478	-6.681334
3.625000	0.462926	-6.887816	97.400425	0.136529	0.974773	0.398215	-2.177560	2.933701	8.621038	0.486399	0.008489	12.356768	-14.340122	0.000000	0.721271	-3.448332	-11.238369	7.695713	0.134316	24.315635	1.415069	0.000000	0.024701	-0.027406	1.044277	0.045873	-0.036450	1.109544	0.040582	-0.066636	1.109544	0.028231	-0.066636	0.913742	0.022938	-0.055887	0.848475	0.014114	-0.042452	0.783208	0.176440	-0.310026	5.807955	0.000000	0.000000	22.582121	-2.874363	1.178317	1.751710	-21.874556	13.013726	40.421417	74.212025	-5.911452	2.043157	22.272208	-19.272323	111.151502	13.381910	14.614196	-7.158027	-7.613984
3.645833	0.466607	-7.006530	97.544694	0.137329	0.973930	0.398083	-1.999307	2.984025	8.564231	0.475170	0.008293	12.564451	-14.489266	0.000000	0.983859	-3.527575	-10.939459	7.960102	0.138930	24.490118	1.159870	0.000000	0.015244	-0.049984	1.028065	0.028309	-0.066478	1.092319	0.025044	-0.121531	1.092319	0.017422	-0.121531	0.899557	0.014155	-0.101927	0.835303	0.008710	-0.077425	0.771049	0.108884	-0.565427	5.717791	0.000000	0.000000	22.676444	-2.454145	0.698370	2.216616	-19.244222	16.248313	41.646101	76.989462	-5.821657	1.584888	22.937272	-16.126996	121.376727	12.810884	11.192576	-5.135436	-8.915121
3.666667	0.446881	-7.108764	97.660646	0.138180	0.973330	0.398028	-1.824044	3.010793	8.402803	0.460480	0.008037	12.858948	-14.517354	0.000000	1.225297	-3.588284	-10.771920	8.198769	0.143096	24.657345	1.014119	0.000000	0.003810	-0.075516	1.023235	0.007076	-0.100436	1.087188	0.006260	-0.183609	1.087188	0.004355	-0.183609	0.895331	0.003538	-0.153992	0.831379	0.002177	-0.116974	0.767427	0.027216	-0.854251	5.690929	0.000000	0.000000	22.592929	-1.987628	0.129811	2.811427	-16.597713	19.884498	42.836034	79.753429	-5.405162	0.706097	23.544211	-12.948993	129.824348	12.755577	10.307772	-3.186450	-10.326414
3.687500	0.404407	-7.197772	97.745585	0.139050	0.972986	0.398019	-1.656068	3.012110	8.207717	0.442716	0.007727	13.182030	-14.515002	0.000000	1.444405	-3.630873	-10.803456	8.409115	0.146767	24.839645	1.063137	0.000000	-0.008542	-0.103130	1.026602	-0.015864	-0.137163	1.090765	-0.014034	-0.250750	1.090765	-0.009763	-0.250750	0.898277	-0.007932	-0.210302	0.834114	-0.004881	-0.159748	0.769951	-0.061016	-1.166625	5.709652	0.000000	0.000000	22.354876	-1.502431	-0.487195	3.496082	-14.138284	24.356877	44.030991	82.212510	-4.769069	-0.436544	24.004353	-9.959719	136.278609	13.277638	11.617212	-1.536454	-11.619902
3.708333	0.322386	-7.278967	97.790306	0.139953	0.972883	0.398016	-1.498214	2.970977	7.980052	0.422363	0.007372	13.524396	-14.468184	0.000000	1.637453	-3.633638	-10.979875	8.585949	0.149853	25.033537	1.228497	0.000000	-0.020511	-0.134872	1.035176	-0.038090	-0.179379	1.099874	-0.033697	-0.327927	1.099874	-0.023442	-0.327927	0.905779	-0.019046	-0.275030	0.841080	-0.011720	-0.208916	0.776382	-0.146505	-1.525696	5.757336	0.000000	0.000000	22.007702	-1.018326	-1.129283	4.216627	-11.868517	29.323109	45.303040	84.584987	-3.755370	-1.507550	24.159118	-7.336452	139.868090	14.389778	15.590650	-0.242650	-12.486725
3.729167	0.191865	-7.356332	97.793071	0.140876	0.972989	0.397969	-1.354709	2.876492	7.720677	0.401514	0.007008	13.892314	-14.346542	0.000000	1.793783	-3.582654	-11.276327	8.713833	0.152085	25.214151	1.492744	0.000000	-0.030405	-0.171854	1.054403	-0.056466	-0.228565	1.120303	-0.049953	-0.417845	1.120303	-0.034750	-0.417845	0.922603	-0.028234	-0.350444	0.856702	-0.017374	-0.266201	0.790802	-0.217182	-1.944043	5.864273	0.000000	0.000000	21.600960	-0.564086	-1.813952	4.853356	-9.819760	34.479505	46.750036	86.518760	-2.391634	-2.230908	24.025905	-5.157320	140.372156	16.031545	21.963281	0.577948	-12.758018
3.750000	0.021763	-7.422246	97.765556	0.141794	0.973309	0.397874	-1.237396	2.739552	7.389229	0.382613	0.006678	14.252579	-14.107343	0.000000	1.909233	-3.487513	-11.646796	8.801574	0.153616	25.354587	1.817864	0.000000	-0.038586	-0.212945	1.095779	-0.071657	-0.283216	1.164265	-0.063392	-0.517754	1.164265	-0.044099	-0.517754	0.958807	-0.035831	-0.434237	0.890320	-0.022048	-0.329851	0.821834	-0.275613	-2.408873	6.094394	0.000000	0.000000	21.177618	-0.186597	-2.621414	5.299702	-8.009278	39.311039	48.338934	87.699720	-0.572023	-2.359051	23.910647	-3.533982	139.280490	17.942116	28.785909	0.847556	-12.896337
3.770833	-0.179312	-7.484855	97.704448	0.142668	0.973817	0.397713	-1.139697	2.564952	6.995167	0.369374	0.006447	14.567309	-13.733404	0.000000	1.986970	-3.349288	-12.033450	8.842527	0.154331	25.412659	2.126112	0.000000	-0.042982	-0.257252	1.161099	-0.079823	-0.342145	1.233668	-0.070616	-0.625482	1.233668	-0.049125	-0.625482	1.015962	-0.039913	-0.524588	0.943393	-0.024560	-0.398483	0.870824	-0.307019	-2.910083	6.457686	0.000000	0.000000	20.784105	0.110760	-3.548743	5.582231	-6.492052	43.597631	49.977064	88.263538	1.749453	-1.871585	23.819304	-2.427772	136.727887	20.037654	35.490209	0.869492	-12.768774
3.791667	-0.390348	-7.538634	97.611203	0.143456	0.974492	0.397507	-1.063481	2.372590	6.569448	0.362479	0.006326	14.812082	-13.241260	0.000000	2.026647	-3.190423	-12.474097	8.847862	0.154424	25.393869	2.475413	0.000000	-0.043395	-0.301208	1.233269	-0.080588	-0.400607	1.310348	-0.071293	-0.732358	1.310348	-0.049596	-0.732358	1.079110	-0.040296	-0.614224	1.002031	-0.024796	-0.466572	0.924952	-0.309963	-3.407330	6.859072	0.000000	0.000000	20.448899	0.352989	-4.456102	5.923427	-5.311172	47.495526	51.558139	88.292164	4.458200	-0.713654	23.535824	-1.840209	131.775512	22.311980	42.511327	0.710856	-12.120337
3.812500	-0.592641	-7.571257	97.469780	0.144136	0.975299	0.397279	-1.018535	2.178926	6.186835	0.360021	0.006284	14.972286	-12.668645	0.000000	2.016124	-3.026170	-12.932497	8.819396	0.153928	25.280603	2.797109	0.000000	-0.040603	-0.340145	1.300369	-0.075404	-0.452392	1.381642	-0.066707	-0.827028	1.381642	-0.046405	-0.827028	1.137823	-0.037704	-0.693623	1.056550	-0.023201	-0.526884	0.975277	-0.290023	-3.847784	7.232264	0.000000	0.000000	20.167290	0.552020	-5.155828	6.588040	-4.483360	51.405803	53.011181	87.869346	7.033114	0.844287	23.032836	-1.772989	124.671134	24.744746	49.764649	0.358396	-10.925989
3.833333	-0.780805	-7.582902	97.308042	0.144642	0.976170	0.397048	-1.007577	1.988946	5.921163	0.359368	0.006272	15.027954	-12.143239	0.000000	1.966932	-2.855897	-13.279883	8.769094	0.153050	25.042209	2.952161	0.000000	-0.034434	-0.371732	1.349508	-0.063946	-0.494404	1.433852	-0.056571	-0.903830	1.433852	-0.039354	-0.903830	1.180820	-0.031975	-0.758037	1.096475	-0.019675	-0.575813	1.012131	-0.245955	-4.205110	7.505560	0.000000	0.000000	19.937006	0.706815	-5.519992	7.733519	-4.009476	55.537546	54.285853	87.383711	9.015771	2.381642	22.477505	-2.194236	117.198706	27.308262	56.096368	-0.008175	-9.368433
3.854167	-0.924942	-7.599346	97.119088	0.144889	0.976978	0.396802	-1.002553	1.822274	5.831042	0.360431	0.006291	14.988401	-11.686532	0.000000	1.914072	-2.703832	-13.540806	8.714387	0.152095	24.711292	2.968875	0.000000	-0.022774	-0.391412	1.393259	-0.042294	-0.520579	1.480338	-0.037416	-0.951680	1.480338	-0.026029	-0.951680	1.219102	-0.021148	-0.798168	1.132023	-0.013013	-0.606298	1.044944	-0.162673	-4.427735	7.748890	0.000000	0.000000	19.797367	0.804501	-5.494542	9.091008	-3.839682	59.027477	55.277969	89.715907	12.020770	3.787304	21.797720	-2.920940	109.122724	29.805676	62.595695	-0.350073	-7.424017
3.875000	-1.023915	-7.631384	96.927951	0.144883	0.977648	0.396481	-0.999564	1.682952	5.928884	0.360386	0.006290	14.826249	-11.377190	0.000000	1.866955	-2.571832	-13.687128	8.653531	0.151033	24.293601	2.846267	0.000000	-0.005311	-0.401134	1.447320	-0.009864	-0.533508	1.537777	-0.008726	-0.975317	1.537777	-0.006070	-0.975317	1.266405	-0.004932	-0.817993	1.175947	-0.003035	-0.621357	1.085490	-0.037938	-4.537709	8.049559	0.000000	0.000000	19.759654	0.816602	-5.225319	10.425621	-3.864543	61.619963	56.021644	91.652257	14.860118	5.445990	21.095518	-3.805894	101.254534	32.085635	69.250409	-0.391070	-5.133584
3.895833	-1.093722	-7.639113	96.746552	0.144744	0.978098	0.396230	-1.020234	1.567318	6.160847	0.358790	0.006262	14.663903	-11.132591	0.000000	1.812442	-2.461141	-13.709195	8.629469	0.150613	23.905524	2.595046	0.000000	0.009735	-0.407637	1.505536	0.018079	-0.542158	1.599632	0.015994	-0.991129	1.599632	0.011126	-0.991129	1.317344	0.009040	-0.831254	1.223248	0.005563	-0.631430	1.129152	0.069537	-4.611274	8.373338	0.000000	0.000000	19.829542	0.872582	-4.874660	12.033547	-4.154104	63.956370	56.354702	93.075276	16.629414	7.268133	19.972390	-4.805217	93.974172	33.531749	74.412102	-0.763198	-1.927272
3.916667	-1.129179	-7.655233	96.608186	0.144416	0.978458	0.396043	-1.038866	1.475787	6.428214	0.359246	0.006270	14.469924	-10.934475	0.000000	1.787546	-2.375437	-13.659414	8.630891	0.150637	23.511346	2.315150	0.000000	0.026402	-0.408648	1.575836	0.049031	-0.543502	1.674325	0.043375	-0.993586	1.674325	0.030174	-0.993586	1.378856	0.024517	-0.833315	1.280367	0.015086	-0.632996	1.181877	0.188584	-4.622707	8.764326	0.000000	0.000000	19.890616	0.889043	-4.457502	13.502731	-4.580588	65.641696	56.596665	93.657322	17.656799	9.111334	18.930627	-5.774147	87.402942	34.813854	78.428446	-0.856327	1.248397
3.937500	-1.127255	-7.684657	96.529277	0.143894	0.978720	0.395941	-1.049893	1.411699	6.707451	0.362227	0.006322	14.252839	-10.783247	0.000000	1.805358	-2.319742	-13.539352	8.665748	0.151246	23.125465	2.029037	0.000000	0.044464	-0.404255	1.660711	0.082574	-0.537660	1.764505	0.073050	-0.982907	1.764505	0.050818	-0.982907	1.453122	0.041289	-0.824358	1.349328	0.025407	-0.626192	1.245533	0.317603	-4.573018	9.236375	0.000000	0.000000	19.918270	0.864456	-4.003023	14.739052	-5.107530	66.592053	56.792828	93.111346	17.784989	10.938718	18.048505	-6.628622	81.854831	35.950665	81.076500	-0.568667	4.233760
3.958333	-1.084919	-7.732296	96.526248	0.143169	0.978873	0.395947	-1.047748	1.378392	6.975020	0.368206	0.006426	14.021176	-10.679312	0.000000	1.878968	-2.299075	-13.350577	8.741995	0.152577	22.762282	1.759162	0.000000	0.063699	-0.394549	1.762652	0.118295	-0.524750	1.872818	0.104651	-0.959307	1.872818	0.072801	-0.959307	1.542321	0.059151	-0.804565	1.432155	0.036397	-0.611157	1.321989	0.454994	-4.463219	9.803342	0.000000	0.000000	19.887894	0.797290	-3.540402	15.648394	-5.698469	66.723552	56.988484	91.150297	16.856700	12.713416	17.404300	-7.284577	77.643822	36.960898	82.133319	0.201571	6.869155
3.979167	-0.999140	-7.803062	96.615523	0.142236	0.978909	0.396079	-1.026863	1.379207	7.207386	0.377655	0.006591	13.783461	-10.623073	0.000000	2.021466	-2.318457	-13.094655	8.867583	0.154769	22.436197	1.527981	0.000000	0.083881	-0.379618	1.884151	0.155776	-0.504892	2.001910	0.137808	-0.923004	2.001910	0.095868	-0.923004	1.648632	0.077892	-0.774118	1.530873	0.047930	-0.588029	1.413113	0.599155	-4.294319	10.479082	0.000000	0.000000	19.774880	0.686017	-3.098818	16.136637	-6.316941	65.952304	57.228930	87.487127	14.714648	14.398554	17.076291	-7.657949	75.083901	37.863267	81.375961	1.556177	8.994921
4.000000	-0.866889	-7.901865	96.813523	0.141088	0.978818	0.396360	-0.981672	1.417482	7.381012	0.391049	0.006825	13.548221	-10.614935	0.000000	2.245943	-2.382908	-12.773155	9.050466	0.157960	22.161609	1.357951	0.000000	0.104788	-0.359553	2.027698	0.194601	-0.478205	2.154429	0.172156	-0.874216	2.154429	0.119762	-0.874216	1.774236	0.097306	-0.733199	1.647505	0.059876	-0.556947	1.520774	0.748488	-4.067330	11.277449	0.000000	0.000000	19.554618	0.529107	-2.707447	16.109663	-6.926483	64.194420	57.559458	81.834786	11.201550	15.957262	17.142754	-7.664673	74.489053	38.676487	78.581483	3.596940	10.451395
4.020833	-0.685134	-8.033618	97.136674	0.139718	0.978592	0.396811	-0.906607	1.496559	7.472361	0.408859	0.007136	13.323983	-10.655303	0.000000	2.565489	-2.497449	-12.387643	9.298597	0.162291	21.952918	1.271527	0.000000	0.126194	-0.334441	2.195785	0.234355	-0.444806	2.333022	0.207324	-0.813159	2.333022	0.144227	-0.813159	1.921312	0.117184	-0.681992	1.784075	0.072107	-0.518049	1.646839	0.901391	-3.783262	12.212298	0.000000	0.000000	19.202501	0.325030	-2.395470	15.473353	-7.490633	61.366012	58.025365	73.906224	6.160121	17.352666	17.681966	-7.220686	76.173263	39.419274	73.526942	6.425651	11.078917
4.041667	-0.450845	-8.203233	97.601398	0.138120	0.978221	0.397451	-0.796101	1.619776	7.457899	0.431559	0.007532	13.119275	-10.744581	0.000000	2.993193	-2.667099	-11.939687	9.619928	0.167899	21.824524	1.291165	0.000000	0.147876	-0.304373	2.390903	0.274621	-0.404816	2.540334	0.242946	-0.740052	2.540334	0.169008	-0.740052	2.092040	0.137318	-0.620677	1.942609	0.084497	-0.471473	1.793177	1.056265	-3.443125	13.297485	0.000000	0.000000	18.693920	0.072257	-2.192064	14.133589	-7.972927	57.383190	58.671943	63.414392	-0.566923	18.547896	18.772205	-6.241923	80.450516	40.110342	65.989394	10.144099	10.717822
4.062500	-0.160990	-8.415620	98.224118	0.136285	0.977695	0.398302	-0.644588	1.790473	7.314087	0.459622	0.008022	12.942623	-10.883173	0.000000	3.542147	-2.896880	-11.430854	10.022413	0.174924	21.790827	1.439322	0.000000	0.169610	-0.269438	2.615543	0.314983	-0.358352	2.779014	0.278653	-0.655110	2.779014	0.193848	-0.655110	2.288600	0.157500	-0.549437	2.125129	0.096915	-0.417359	1.961657	1.211510	-3.047931	14.546865	0.000000	0.000000	18.004267	-0.230742	-2.126407	11.996252	-8.336903	52.162066	59.544489	50.072240	-9.136865	19.506078	20.491747	-4.644321	87.634797	40.768407	55.745897	14.854073	9.208451
4.083333	0.187460	-8.675691	99.021257	0.134209	0.977006	0.399384	-0.446499	2.011989	7.017391	0.493520	0.008614	12.802554	-11.071484	0.000000	4.225441	-3.191811	-10.862711	10.514006	0.183504	21.866227	1.738454	0.000000	0.191172	-0.229725	2.872196	0.355026	-0.305534	3.051708	0.314077	-0.558552	3.051708	0.218491	-0.558552	2.513171	0.177523	-0.468454	2.333659	0.109236	-0.355843	2.154147	1.365524	-2.598690	15.974292	0.000000	0.000000	17.108932	-0.585496	-2.227678	8.967225	-8.546098	45.618751	60.688296	33.592718	-19.706989	20.190342	22.918869	-2.343816	98.040090	41.412184	42.573508	20.657364	6.391140
