Inverse Dynamics Generalized Forces
version=1
nRows=218
nColumns=63
inDegrees=no
endheader
time	pelvis_tilt_moment	pelvis_list_moment	pelvis_rotation_moment	pelvis_tx_force	pelvis_ty_force	pelvis_tz_force	hip_flexion_r_moment	hip_adduction_r_moment	hip_rotation_r_moment	hip_flexion_l_moment	hip_adduction_l_moment	hip_rotation_l_moment	knee_angle_r_moment	knee_angle_r_beta_force	knee_angle_l_moment	knee_angle_l_beta_force	L5_S1_Flex_Ext_moment	L5_S1_Lat_Bending_moment	L5_S1_axial_rotation_moment	Abs_r3_moment	Abs_r2_moment	Abs_r1_moment	Abs_t1_force	Abs_t2_force	ankle_angle_r_moment	ankle_angle_l_moment	L4_L5_Flex_Ext_moment	L4_L5_Lat_Bending_moment	L4_L5_axial_rotation_moment	subtalar_angle_r_moment	subtalar_angle_l_moment	L3_L4_Flex_Ext_moment	L3_L4_Lat_Bending_moment	L3_L4_axial_rotation_moment	mtp_angle_r_moment	mtp_angle_l_moment	L2_L3_Flex_Ext_moment	L2_L3_Lat_Bending_moment	L2_L3_axial_rotation_moment	L1_L2_Flex_Ext_moment	L1_L2_Lat_Bending_moment	L1_L2_axial_rotation_moment	L1_T12_Flex_Ext_moment	L1_T12_Lat_Bending_moment	L1_T12_axial_rotation_moment	neck_flexion_moment	neck_bending_moment	neck_rotation_moment	arm_flex_r_moment	arm_add_r_moment	arm_rot_r_moment	arm_flex_l_moment	arm_add_l_moment	arm_rot_l_moment	elbow_flex_r_moment	elbow_flex_l_moment	pro_sup_r_moment	pro_sup_l_moment	wrist_flex_r_moment	wrist_dev_r_moment	wrist_flex_l_moment	wrist_dev_l_moment
     -0.00007300	      5.22611151	    -32.10053179	      2.93862067	     -3.34017990	    638.72922145	     -3.03608740	     -1.93900518	     -4.13148933	      0.10377316	     -2.10084640	      3.41423636	     -0.04065879	      0.81377201	     -0.03295206	      0.65661196	     -0.03357762	     17.42444778	      1.25526785	     -1.36777844	      0.00077765	      0.00002773	     -0.00002918	     -0.00055137	      0.00750450	      0.85697353	      0.83051167	     14.07054128	      0.48031830	     -0.98631803	     -0.13354428	     -0.22137780	     13.58743822	     -0.31299520	     -0.79245988	     -0.03135862	     -0.02988536	     14.73785970	     -0.90760568	     -0.69182120	     16.10136000	     -1.31440343	     -0.59196586	     18.00766227	     -1.62792647	     -0.52330800	      7.41607443	     -3.20984609	     -0.13936968	      1.65471006	     -0.55559453	     -0.48749563	      2.07987620	     -1.10716916	     -0.65642851	      1.15373941	      0.82225470	     -0.02647990	     -0.05755122	     -0.03067021	     -0.11213249	      0.00905015	     -0.14926218
      0.01659300	      5.80112318	    -31.21993667	      2.94963290	     -3.34815261	    644.48697423	     -5.92647445	     -1.74391630	     -4.12285707	     -0.01823114	     -1.19921289	      3.39142506	      0.01974233	      0.79382722	     -0.03334018	      0.48319735	     -0.03441507	     17.27282794	      0.82896299	     -0.98386965	      0.00078717	     -0.00000804	     -0.00000640	     -0.00054673	      0.00761774	      0.84989152	      0.83267200	     13.78914234	      0.07562740	     -0.59226831	     -0.13909025	     -0.21836544	     13.20308540	     -0.69596727	     -0.40006477	     -0.02982179	     -0.02920550	     14.28005710	     -1.25175881	     -0.31051540	     15.58698444	     -1.60746526	     -0.22995679	     17.44506026	     -1.85610032	     -0.19000086	      6.08618419	     -3.24956687	     -0.14546763	      1.68882584	     -0.66405135	     -0.52820524	      1.94544813	     -1.01676620	     -0.47452979	      1.07622200	      0.85900686	     -0.03146100	     -0.03111060	     -0.03272814	     -0.09909255	      0.03498410	     -0.12298252
      0.03325900	      6.53787122	    -30.35861203	      2.92555668	     -2.59191113	    649.34134053	     -8.29553872	     -1.55558743	     -4.20464642	     -0.12409899	     -0.36886667	      3.44246957	      0.07157140	      0.76488731	     -0.03370106	      0.31874985	     -0.03516630	     17.11217302	      0.39376138	     -0.71614856	      0.00079547	     -0.00004090	      0.00001360	     -0.00053842	      0.00772391	      0.84350432	      0.83339457	     13.50788163	     -0.34784106	     -0.31130339	     -0.14625471	     -0.21355144	     12.82149023	     -1.11160273	     -0.12080777	     -0.02834930	     -0.02855408	     13.82437712	     -1.64513773	     -0.04421395	     15.07277894	     -1.96710768	      0.01550203	     16.87840119	     -2.17133227	      0.02493465	      4.84305922	     -3.21346124	     -0.14725269	      1.68427844	     -0.63895730	     -0.54170199	      1.78062680	     -0.54696202	     -0.22659227	      1.05011473	      1.02294923	     -0.03616429	     -0.00589125	     -0.03125942	     -0.09260191	      0.07613834	     -0.10436800
      0.04992500	      7.33251772	    -29.58551757	      2.84849757	     -1.31152061	    652.95548151	    -10.18161367	     -1.40219880	     -4.34872372	     -0.20369605	      0.30314276	      3.54570874	      0.10924267	      0.73443197	     -0.03399330	      0.18109001	     -0.03575674	     17.00566663	      0.01126707	     -0.59052127	      0.00080188	     -0.00006791	      0.00002838	     -0.00052998	      0.00781155	      0.83845664	      0.83329133	     13.30308621	     -0.72276040	     -0.17121339	     -0.15404046	     -0.20772694	     12.53267420	     -1.48588581	      0.01904767	     -0.02709844	     -0.02803696	     13.47297692	     -2.00840515	      0.08447403	     14.67130995	     -2.31042797	      0.12646096	     16.43088330	     -2.48762932	      0.10958613	      3.85526255	     -3.13411399	     -0.14608701	      1.64722205	     -0.51013764	     -0.53039070	      1.65427649	      0.11031446	      0.03237887	      1.06718171	      1.24826611	     -0.03929682	      0.01238122	     -0.02743662	     -0.09250619	      0.12128081	     -0.09462855
      0.06659100	      8.07539800	    -28.96156166	      2.71387358	      0.13950802	    655.20869494	    -11.66187856	     -1.30566807	     -4.51751368	     -0.25160405	      0.75888524	      3.67205483	      0.12976728	      0.71002148	     -0.03418867	      0.08331952	     -0.03614067	     16.99867814	     -0.26734923	     -0.60223897	      0.00080608	     -0.00008712	      0.00003652	     -0.00052475	      0.00787256	      0.83517296	      0.83310305	     13.22797820	     -0.99070013	     -0.16971340	     -0.16136859	     -0.20183185	     12.39880084	     -1.75138301	      0.02279075	     -0.02618784	     -0.02773871	     13.29595171	     -2.26576844	      0.08201886	     14.45944677	     -2.55468621	      0.11335954	     16.18646362	     -2.71510640	      0.07963471	      3.24389062	     -3.05451032	     -0.14403170	      1.59277048	     -0.32819665	     -0.50028885	      1.59463362	      0.72131042	      0.23842757	      1.10969044	      1.45981186	     -0.04010634	      0.02045020	     -0.02274073	     -0.09731204	      0.15824416	     -0.09308027
      0.08325700	      8.67936338	    -28.53135311	      2.52694311	      1.43454182	    656.15740679	    -12.82566660	     -1.27797612	     -4.67535914	     -0.26709102	      0.97602836	      3.79425986	      0.13287215	      0.69749237	     -0.03427565	      0.03180337	     -0.03630430	     17.10779889	     -0.41288672	     -0.72800344	      0.00080801	     -0.00009782	      0.00003767	     -0.00052446	      0.00790337	      0.83379541	      0.83343696	     13.30170312	     -1.11680314	     -0.28565472	     -0.16735165	     -0.19665779	     12.44270281	     -1.86589006	     -0.08824474	     -0.02567720	     -0.02770489	     13.31937660	     -2.36771416	     -0.02855782	     14.46602220	     -2.64383089	      0.00131055	     16.17703884	     -2.79068196	     -0.03691261	      3.06556160	     -3.00985288	     -0.14298208	      1.53903844	     -0.13987306	     -0.45874443	      1.59265964	      1.10663511	      0.34334889	      1.15974237	      1.60189264	     -0.03854587	      0.01798937	     -0.01851852	     -0.10511365	      0.17851257	     -0.09767897
      0.09992300	      9.09646165	    -28.31812542	      2.29788477	      2.36763291	    655.96806898	    -13.77398036	     -1.32008284	     -4.79661295	     -0.25318811	      0.96566607	      3.89316055	      0.12063279	      0.69988744	     -0.03425882	      0.02588392	     -0.03626195	     17.32024702	     -0.42257270	     -0.93853725	      0.00080783	     -0.00010038	      0.00003253	     -0.00052860	      0.00790495	      0.83419732	      0.83460247	     13.51046753	     -1.09614360	     -0.49098876	     -0.17145326	     -0.19265975	     12.65054286	     -1.82127171	     -0.28662321	     -0.02556399	     -0.02793631	     13.52944893	     -2.30252058	     -0.21997574	     14.67736787	     -2.56258743	     -0.18259150	     16.38940115	     -2.69505342	     -0.21299703	      3.31240045	     -3.01657472	     -0.14410185	      1.50167589	      0.02651083	     -0.41342810	      1.62539440	      1.19345945	      0.33064302	      1.20547002	      1.65168915	     -0.03515789	      0.00683024	     -0.01580422	     -0.11430110	      0.17937223	     -0.10583404
      0.11658900	      9.32070130	    -28.32263870	      2.03865394	      2.87833781	    654.85906420	    -14.61421199	     -1.42297541	     -4.86874347	     -0.21545056	      0.76472603	      3.95948953	      0.09684701	      0.71718348	     -0.03415572	      0.05891447	     -0.03604846	     17.60029882	     -0.31811454	     -1.20600682	      0.00080581	     -0.00009611	      0.00002251	     -0.00053485	      0.00788185	      0.83604895	      0.83658119	     13.81564835	     -0.95196954	     -0.75804050	     -0.17351347	     -0.18991831	     12.98156109	     -1.64208154	     -0.54586058	     -0.02579372	     -0.02839431	     13.88380455	     -2.09543473	     -0.46750936	     15.05005384	     -2.33629010	     -0.41579025	     16.77943698	     -2.45333208	     -0.42871097	      3.92360278	     -3.07179415	     -0.14771586	      1.49120140	      0.16154224	     -0.37196158	      1.67499937	      1.01581285	      0.21685759	      1.24198470	      1.61782615	     -0.03081432	     -0.01024886	     -0.01529116	     -0.12380271	      0.16350679	     -0.11530563
      0.13325500	      9.37978696	    -28.52521205	      1.76231920	      3.02223258	    653.07069051	    -15.43294556	     -1.57013112	     -4.89122126	     -0.16076836	      0.42609128	      3.99210417	      0.06629601	      0.74664064	     -0.03399238	      0.12006611	     -0.03571076	     17.89959228	     -0.13909414	     -1.50580486	      0.00080230	     -0.00008691	      0.00000949	     -0.00053999	      0.00784082	      0.83890568	      0.83910273	     14.16471874	     -0.72799171	     -1.06151461	     -0.17367605	     -0.18822332	     13.37965045	     -1.37661980	     -0.84213661	     -0.02627768	     -0.02901292	     14.32368550	     -1.79864654	     -0.75011640	     15.52354161	     -2.01999834	     -0.68069891	     17.28524519	     -2.12331145	     -0.67085992	      4.80227514	     -3.16087572	     -0.15356163	      1.51290191	      0.26593472	     -0.34144053	      1.73258053	      0.68004583	      0.04082100	      1.26850788	      1.53034388	     -0.02643568	     -0.03052066	     -0.01732276	     -0.13293942	      0.13705966	     -0.12487042
      0.14992100	      9.32114910	    -28.88957265	      1.48363784	      2.91403004	    650.85674202	    -16.25590395	     -1.74071426	     -4.87213773	     -0.09639416	      0.00877780	      3.99459996	      0.03397742	      0.78354638	     -0.03379865	      0.19642435	     -0.03530031	     18.16848216	      0.06638682	     -1.81501978	      0.00079771	     -0.00007495	     -0.00000450	     -0.00054125	      0.00778939	      0.84229057	      0.84176887	     14.50233152	     -0.47732279	     -1.37739585	     -0.17227418	     -0.18721612	     13.78419502	     -1.08386007	     -1.15290293	     -0.02691195	     -0.02971264	     14.78447499	     -1.47630622	     -1.04833253	     16.03035120	     -1.68187132	     -0.96174094	     17.83686155	     -1.77711531	     -0.92889947	      5.83241871	     -3.26792347	     -0.16117291	      1.56749331	      0.34078341	     -0.32752702	      1.79141290	      0.31704660	     -0.15217907	      1.28475230	      1.42767286	     -0.02276776	     -0.05180904	     -0.02185853	     -0.14114159	      0.10724629	     -0.13445865
      0.16658700	      9.19736677	    -29.36761681	      1.21922120	      2.66847113	    648.47893728	    -17.01770734	     -1.91301816	     -4.82440781	     -0.02921475	     -0.43049109	      3.97222721	      0.00435731	      0.82218297	     -0.03360385	      0.27505357	     -0.03486707	     18.36613012	      0.25201492	     -2.11045435	      0.00079255	     -0.00006235	     -0.00001757	     -0.00053732	      0.00773467	      0.84575342	      0.84417181	     14.78002369	     -0.25051571	     -1.68143529	     -0.16972273	     -0.18652955	     14.13938327	     -0.81945557	     -1.45510947	     -0.02759361	     -0.03041241	     15.20451819	     -1.18853962	     -1.34179749	     16.50431623	     -1.38541616	     -1.24202704	     18.36385511	     -1.48153649	     -1.19049555	      6.89330712	     -3.38394958	     -0.17017147	      1.65104249	      0.38333497	     -0.33316393	      1.84012224	      0.03800689	     -0.32426712	      1.28911655	      1.34415544	     -0.02025254	     -0.07252230	     -0.02843996	     -0.14777865	      0.08027002	     -0.14469766
      0.18325300	      9.05422603	    -29.90494207	      0.98666480	      2.35708750	    646.18943509	    -17.56493111	     -2.06763519	     -4.76247948	      0.03480467	     -0.84375525	      3.93021598	     -0.01930430	      0.85686445	     -0.03343288	      0.34484489	     -0.03445511	     18.46750403	      0.38271573	     -2.36800942	      0.00078734	     -0.00005091	     -0.00002822	     -0.00052888	      0.00768257	      0.84891005	      0.84597686	     14.96352685	     -0.08499138	     -1.94888946	     -0.16644114	     -0.18588470	     14.40181355	     -0.62369929	     -1.72473810	     -0.02823317	     -0.03103844	     15.53284530	     -0.97792139	     -1.60822073	     16.88828638	     -1.17460829	     -1.50161301	     18.80294935	     -1.28165400	     -1.43884331	      7.87193029	     -3.50881819	     -0.18032360	      1.75421210	      0.38957474	     -0.35737830	      1.86280331	     -0.09490580	     -0.45274982	      1.27942169	      1.30076403	     -0.01900282	     -0.09144027	     -0.03620407	     -0.15221631	      0.06000847	     -0.15611972
      0.19991900	      8.92307705	    -30.44740076	      0.80326440	      1.98963757	    644.19816395	    -17.70453082	     -2.18961956	     -4.69962866	      0.09108025	     -1.19607336	      3.87362137	     -0.03543646	      0.88282628	     -0.03330325	      0.39796944	     -0.03409884	     18.46569953	      0.44114428	     -2.56366158	      0.00078264	     -0.00004186	     -0.00003551	     -0.00051826	      0.00763725	      0.85148310	      0.84696592	     15.03651300	      0.00181388	     -2.15564744	     -0.16280677	     -0.18512630	     14.54568051	     -0.51410415	     -1.93782013	     -0.02876489	     -0.03153135	     15.73554341	     -0.86145076	     -1.82408975	     17.14146190	     -1.06531223	     -1.71779573	     19.10632656	     -1.19161673	     -1.65240848	      8.67595319	     -3.64565053	     -0.19134290	      1.86219637	      0.35981954	     -0.39501133	      1.84562084	     -0.07677989	     -0.53106589	      1.25502716	      1.30123843	     -0.01886862	     -0.10751132	     -0.04398267	     -0.15402823	      0.04768419	     -0.16848596
      0.21658500	      8.81859018	    -30.94802000	      0.68481198	      1.52277008	    642.63591638	    -17.27956555	     -2.26924537	     -4.64601445	      0.13672042	     -1.46742674	      3.80814454	     -0.04430793	      0.89677685	     -0.03322321	      0.43069915	     -0.03382013	     18.36935910	      0.42930186	     -2.67574755	      0.00077888	     -0.00003581	     -0.00003911	     -0.00050846	      0.00760086	      0.85334779	      0.84705219	     15.00010798	      0.01366375	     -2.28042573	     -0.15913090	     -0.18420176	     14.56443941	     -0.48459778	     -2.07265268	     -0.02915470	     -0.03185286	     15.79931035	     -0.83014735	     -1.96692923	     17.24459251	     -1.04526654	     -1.86738080	     19.24854294	     -1.19506004	     -1.80719148	      9.24623334	     -3.79112423	     -0.20258565	      1.95657439	      0.30215768	     -0.43792577	      1.78425457	      0.05216402	     -0.56474779	      1.21849306	      1.33443261	     -0.01955256	     -0.11980457	     -0.05049305	     -0.15318992	      0.04241540	     -0.18059682
      0.23325100	      8.74194089	    -31.37253168	      0.64405732	      0.89317453	    641.53315245	    -16.22840539	     -2.30182466	     -4.60805832	      0.17053774	     -1.65250914	      3.74110412	     -0.04779326	      0.89710253	     -0.03319172	      0.44344910	     -0.03362688	     18.19730980	      0.36490259	     -2.68849729	      0.00077627	     -0.00003275	     -0.00003926	     -0.00050211	      0.00757363	      0.85455340	      0.84627785	     14.86914415	     -0.02910448	     -2.30800301	     -0.15565325	     -0.18310972	     14.46873917	     -0.51134797	     -2.11316955	     -0.02940235	     -0.03199058	     15.73093161	     -0.85609263	     -2.01904279	     17.20085683	     -1.08227577	     -1.93084366	     19.22890450	     -1.25459634	     -1.88142647	      9.56358742	     -3.92916194	     -0.21289981	      2.01901003	      0.23145820	     -0.47731008	      1.68667764	      0.23053261	     -0.56537298	      1.17570470	      1.38112801	     -0.02071290	     -0.12759913	     -0.05459342	     -0.15013630	      0.04223314	     -0.19064052
      0.24991700	      8.68722013	    -31.70232865	      0.68857050	      0.06200133	    640.82753585	    -14.59684824	     -2.28733756	     -4.58918595	      0.19273922	     -1.75903336	      3.68167458	     -0.04879945	      0.88386027	     -0.03320010	      0.44014893	     -0.03351388	     17.97322961	      0.27422526	     -2.59609063	      0.00077485	     -0.00003225	     -0.00003661	     -0.00050089	      0.00755434	      0.85529516	      0.84479937	     14.66713539	     -0.09793914	     -2.23288773	     -0.15255041	     -0.18185369	     14.28176204	     -0.56263017	     -2.05279834	     -0.02953560	     -0.03195899	     15.55304540	     -0.90382178	     -1.97190845	     17.03208698	     -1.13702170	     -1.89737020	     19.06822869	     -1.32622426	     -1.86146208	      9.64630786	     -4.03336617	     -0.22079860	      2.03560348	      0.16519305	     -0.50607569	      1.56981171	      0.39957910	     -0.54518554	      1.13451115	      1.42179421	     -0.02202558	     -0.13050502	     -0.05555149	     -0.14567219	      0.04505778	     -0.19682035
      0.26658300	      8.64752031	    -31.93507007	      0.81861259	     -0.95069901	    640.39660155	    -12.50857972	     -2.23018072	     -4.59103595	      0.20448087	     -1.80516287	      3.63983112	     -0.05044907	      0.85867944	     -0.03323499	      0.42722529	     -0.03346567	     17.72174717	      0.18423639	     -2.40552601	      0.00077448	     -0.00003355	     -0.00003202	     -0.00050554	      0.00754094	      0.85584389	      0.84285634	     14.42148633	     -0.16490000	     -2.06187600	     -0.14994854	     -0.18042699	     14.03359734	     -0.60886304	     -1.89719844	     -0.02959837	     -0.03179483	     15.29789095	     -0.94158072	     -1.82941162	     16.77206234	     -1.17544242	     -1.76870239	     18.80172902	     -1.37296945	     -1.74640764	      9.53996657	     -4.07641015	     -0.22487374	      2.00046309	      0.11864505	     -0.52049398	      1.45271540	      0.51860937	     -0.51379435	      1.10259120	      1.44233074	     -0.02322971	     -0.12853714	     -0.05325819	     -0.14078639	      0.04931351	     -0.19793343
      0.28324900	      8.61800117	    -32.08356968	      1.02601457	     -2.05800336	    640.10112945	    -10.11901018	     -2.13889679	     -4.61410609	      0.20748884	     -1.81640509	      3.62415340	     -0.05518334	      0.82461016	     -0.03328157	      0.41245912	     -0.03346078	     17.46599430	      0.11639825	     -2.13664367	      0.00077498	     -0.00003583	     -0.00002644	     -0.00051603	      0.00753125	      0.85646013	      0.84071900	     14.15960065	     -0.20920532	     -1.81396686	     -0.14793197	     -0.17883152	     13.75595751	     -0.62965279	     -1.66430874	     -0.02963714	     -0.03154714	     15.00088045	     -0.94888884	     -1.60819765	     16.45915150	     -1.17676697	     -1.55988423	     18.47073862	     -1.37345867	     -1.54939222	      9.30306149	     -4.03983473	     -0.22419160	      1.91744510	      0.10154847	     -0.52072719	      1.35041076	      0.57034686	     -0.47707089	      1.08542020	      1.43674497	     -0.02419265	     -0.12213058	     -0.04831846	     -0.13643398	      0.05412678	     -0.19371199
      0.29991500	      8.59530812	    -32.17292758	      1.29490480	     -3.12761124	    639.82389862	     -7.57555433	     -2.02550702	     -4.65749003	      0.20379336	     -1.82205345	      3.63931094	     -0.06401748	      0.78586403	     -0.03332641	      0.40386788	     -0.03347621	     17.22623249	      0.08350846	     -1.81859452	      0.00077612	     -0.00003829	     -0.00002071	     -0.00053180	      0.00752350	      0.85732308	      0.83861754	     13.90612803	     -0.22011916	     -1.51695595	     -0.14654321	     -0.17711078	     13.47807204	     -0.61640757	     -1.38102002	     -0.02968976	     -0.03126392	     14.69532946	     -0.91891369	     -1.33442288	     16.13005597	     -1.13566803	     -1.29613610	     18.11544742	     -1.32384079	     -1.29459544	      8.99182602	     -3.91860908	     -0.21845746	      1.79959183	      0.11706108	     -0.51035191	      1.27124217	      0.55876073	     -0.43771504	      1.08505594	      1.40713879	     -0.02499720	     -0.11211912	     -0.04197803	     -0.13334659	      0.05920942	     -0.18489270
      0.31658100	      8.57466682	    -32.23538554	      1.60428559	     -4.02321860	    639.49349670	     -4.99701727	     -1.90412896	     -4.71806787	      0.19552512	     -1.85112094	      3.68429384	     -0.07617802	      0.74736349	     -0.03335927	      0.40866465	     -0.03349163	     17.01925933	      0.08971028	     -1.48358216	      0.00077775	     -0.00004027	     -0.00001553	     -0.00055189	      0.00751667	      0.85850025	      0.83666798	     13.68141487	     -0.19623238	     -1.20147771	     -0.14577554	     -0.17537016	     13.22416500	     -0.57079491	     -1.07725222	     -0.02977986	     -0.03097880	     14.40904717	     -0.85613938	     -1.03773046	     15.81561446	     -1.05920441	     -1.00673294	     17.76987803	     -1.23393096	     -1.01098840	      8.64743346	     -3.71880344	     -0.20789848	      1.66644380	      0.16284649	     -0.49522292	      1.21822307	      0.50270772	     -0.39679072	      1.10008517	      1.36185318	     -0.02601128	     -0.09969635	     -0.03589239	     -0.13191585	      0.06456690	     -0.17306263
      0.33324700	      8.54691239	    -32.30320151	      1.93129881	     -4.64887768	    639.08984231	     -2.47287151	     -1.78903215	     -4.78974485	      0.18477171	     -1.92794058	      3.75216421	     -0.08922336	      0.71409798	     -0.03337389	      0.43231594	     -0.03349258	     16.85833353	      0.13276532	     -1.16023817	      0.00077972	     -0.00004132	     -0.00001136	     -0.00057494	      0.00751061	      0.85996727	      0.83481962	     13.50099184	     -0.14233868	     -0.89473770	     -0.14556387	     -0.17376974	     13.01244646	     -0.50060047	     -0.77968798	     -0.02991761	     -0.03070183	     14.16282364	     -0.77123597	     -0.74478572	     15.53881354	     -0.96077869	     -0.71831589	     17.45936882	     -1.12015658	     -0.72534019	      8.28850162	     -3.45079563	     -0.19297951	      1.54002536	      0.23321521	     -0.48206486	      1.19261959	      0.42808931	     -0.35551336	      1.12657718	      1.31263998	     -0.02788275	     -0.08636260	     -0.03178820	     -0.13216967	      0.07016607	     -0.16035675
      0.34991300	      8.49732529	    -32.40115859	      2.25390592	     -4.97846496	    638.63426115	     -0.07425184	     -1.69265407	     -4.86326218	      0.17353365	     -2.06809433	      3.83142953	     -0.09955648	      0.69038129	     -0.03336776	      0.47773682	     -0.03347215	     16.75329070	      0.20712771	     -0.86913043	      0.00078197	     -0.00004119	     -0.00000844	     -0.00059925	      0.00750590	      0.86166162	      0.83285116	     13.37569478	     -0.06568610	     -0.61630293	     -0.14578257	     -0.17249381	     12.85516081	     -0.41515798	     -0.50754342	     -0.03010502	     -0.03041775	     13.97034324	     -0.67567717	     -0.47484935	     15.31454436	     -0.85399752	     -0.45022841	     17.20013110	     -0.99856882	     -0.45723126	      7.91064651	     -3.12255541	     -0.17414279	      1.44065594	      0.32093573	     -0.47706762	      1.19712886	      0.36025619	     -0.31661693	      1.15948058	      1.27156865	     -0.03141866	     -0.07383677	     -0.03108475	     -0.13383102	      0.07567628	     -0.14907233
      0.36657900	      8.40707124	    -32.54060904	      2.55275750	     -5.05874737	    638.17063076	      2.13410699	     -1.62398675	     -4.92704735	      0.16373752	     -2.27547419	      3.90840306	     -0.10319141	      0.67913524	     -0.03334119	      0.54468486	     -0.03343106	     16.71054821	      0.30642816	     -0.62139342	      0.00078440	     -0.00003979	     -0.00000685	     -0.00062289	      0.00750359	      0.86353704	      0.83043042	     13.31196814	      0.02676338	     -0.37685319	     -0.14625728	     -0.17171019	     12.75912005	     -0.32226780	     -0.27129778	     -0.03034191	     -0.03009312	     13.83887420	     -0.57828822	     -0.23839159	     15.15040721	     -0.74884416	     -0.21297824	     17.00014753	     -0.88057371	     -0.21730540	      7.49307422	     -2.73641705	     -0.15170616	      1.38357733	      0.41768582	     -0.48462904	      1.23668268	      0.31779903	     -0.28479615	      1.19379750	      1.24821994	     -0.03735408	     -0.06389702	     -0.03453557	     -0.13642215	      0.08036913	     -0.14125218
      0.38324500	      8.25713510	    -32.71638489	      2.81270889	     -4.98632270	    637.74440698	      4.08787643	     -1.58749734	     -4.96933001	      0.15716993	     -2.54108894	      3.96961237	     -0.09665594	      0.68134141	     -0.03329602	      0.62944353	     -0.03337626	     16.73285584	      0.42444522	     -0.41983124	      0.00078697	     -0.00003714	     -0.00000652	     -0.00064401	      0.00750477	      0.86558733	      0.82722854	     13.31205389	      0.12911335	     -0.17923509	     -0.14679299	     -0.17153109	     12.72629473	     -0.22759467	     -0.07373876	     -0.03062909	     -0.02969033	     13.77020660	     -0.48475175	     -0.03813759	     15.04795963	     -0.65122360	     -0.00926186	     16.86073759	     -0.77247922	     -0.00826001	      7.01041822	     -2.28998571	     -0.12593528	      1.37683519	      0.51310392	     -0.50637184	      1.31648585	      0.30886177	     -0.26601698	      1.22512858	      1.24770886	     -0.04606774	     -0.05813169	     -0.04194620	     -0.13936743	      0.08322247	     -0.13830123
      0.39991100	      8.03400302	    -32.90731327	      3.02397843	     -4.86883832	    637.38508486	      5.72268448	     -1.58271801	     -4.98111863	      0.15523752	     -2.84396945	      4.00371564	     -0.07779380	      0.69582413	     -0.03323435	      0.72491488	     -0.03331847	     16.81891055	      0.55435158	     -0.26140566	      0.00078959	     -0.00003334	     -0.00000733	     -0.00066110	      0.00751018	      0.86782590	      0.82305709	     13.37408110	      0.23531804	     -0.02078678	     -0.14721455	     -0.17198365	     12.75439187	     -0.13639122	      0.08770159	     -0.03096707	     -0.02918474	     13.76169499	     -0.39976353	      0.12849806	     15.00419890	     -0.56545616	      0.16350115	     16.77851554	     -0.67832637	      0.17249034	      6.44683962	     -1.78038805	     -0.09724404	      1.42044163	      0.59348161	     -0.54068181	      1.43840411	      0.33092734	     -0.26587137	      1.24959910	      1.27000550	     -0.05733617	     -0.05763410	     -0.05204812	     -0.14206008	      0.08320966	     -0.14072269
      0.41657700	      7.73543712	    -33.08037481	      3.18239299	     -4.78396402	    637.09770886	      6.97457894	     -1.60474680	     -4.95902467	      0.15860920	     -3.15403556	      4.00296828	     -0.04621032	      0.71949861	     -0.03315764	      0.82121961	     -0.03326936	     16.96323051	      0.68704236	     -0.14040744	      0.00079217	     -0.00002852	     -0.00000910	     -0.00067312	      0.00751985	      0.87022881	      0.81798541	     13.49238757	      0.33699976	      0.10369275	     -0.14740887	     -0.17299403	     12.83769509	     -0.05628026	      0.21795321	     -0.03135080	     -0.02857985	     13.80762348	     -0.33036703	      0.26627155	     15.01343611	     -0.49809040	      0.30986547	     16.74782725	     -0.60422020	      0.32929457	      5.80867298	     -1.21056403	     -0.06645060	      1.50691819	      0.64147196	     -0.58309070	      1.59751383	      0.37388792	     -0.28753498	      1.26343909	      1.31060415	     -0.07021627	     -0.06272700	     -0.06264324	     -0.14388192	      0.07967403	     -0.14804462
      0.43324300	      7.37370363	    -33.19784264	      3.28842354	     -4.74743117	    636.86851286	      7.78117429	     -1.64588233	     -4.90676924	      0.16692911	     -3.43636243	      3.96439904	     -0.00333243	      0.74810605	     -0.03306658	      0.90682557	     -0.03323944	     17.15666279	      0.81025751	     -0.05182074	      0.00079457	     -0.00002289	     -0.00001162	     -0.00067950	      0.00753304	      0.87266655	      0.81239966	     13.65833104	      0.42214996	      0.19875969	     -0.14735401	     -0.17438498	     12.96828981	      0.00092716	      0.32110562	     -0.03176323	     -0.02791544	     13.90087882	     -0.28828013	      0.37878109	     15.06940817	     -0.46070815	      0.43288829	     16.76335442	     -0.56167324	      0.46460144	      5.13135255	     -0.59541540	     -0.03497110	      1.62332919	      0.63753905	     -0.62757351	      1.78039391	      0.42458549	     -0.33010614	      1.26256171	      1.36199468	     -0.08312119	     -0.07280963	     -0.07109383	     -0.14418972	      0.07263648	     -0.15893943
      0.44990900	      6.97403415	    -33.22628340	      3.34515179	     -4.69970175	    636.68338849	      8.08930790	     -1.69823300	     -4.83454557	      0.17879490	     -3.65626391	      3.89062122	      0.04780766	      0.77728146	     -0.03296152	      0.97012005	     -0.03323711	     17.38732834	      0.91004120	      0.00573056	      0.00079661	     -0.00001662	     -0.00001469	     -0.00068013	      0.00754836	      0.87485771	      0.80697583	     13.86124606	      0.47638995	      0.26548540	     -0.14712119	     -0.17588933	     13.13712236	      0.02021982	      0.39757176	     -0.03217089	     -0.02726503	     14.03415899	     -0.28921233	      0.46558147	     15.16664019	     -0.46957522	      0.53119221	     16.82165632	     -0.56765117	      0.57595297	      4.47732024	      0.03433505	     -0.00484730	      1.75407169	      0.56318475	     -0.66824348	      1.96589408	      0.47031267	     -0.38799135	      1.24267173	      1.41511790	     -0.09410678	     -0.08637311	     -0.07505957	     -0.14233406	      0.06290633	     -0.17146696
      0.46657500	      6.56857601	    -33.14553272	      3.35547221	     -4.51975311	    636.54768445	      7.86997421	     -1.75642931	     -4.75625165	      0.19203890	     -3.78443891	      3.79003723	      0.10297075	      0.80363220	     -0.03284350	      1.00119019	     -0.03326844	     17.64116548	      0.97458970	      0.02825097	      0.00079816	     -0.00000987	     -0.00001813	     -0.00067529	      0.00756421	      0.87637725	      0.80255984	     14.08871991	      0.48705695	      0.29969703	     -0.14684543	     -0.17718258	     13.33399925	     -0.01232043	      0.44235572	     -0.03252489	     -0.02672252	     14.19971525	     -0.34846758	      0.52051310	     15.29993810	     -0.54125852	      0.59737038	     16.92038490	     -0.64026608	      0.65449305	      3.92506769	      0.63180521	      0.02141401	      1.88291979	      0.40572516	     -0.70057420	      2.12800215	      0.49983370	     -0.45158001	      1.20047828	      1.46026184	     -0.10129170	     -0.10116855	     -0.07319799	     -0.13781914	      0.05195311	     -0.18334473
      0.48324100	      6.18869559	    -32.95494928	      3.31920027	     -4.06686907	    636.49299608	      7.13158251	     -1.81918552	     -4.68561559	      0.20416149	     -3.80107267	      3.67621123	      0.15716921	      0.82546235	     -0.03271542	      0.99343747	     -0.03333695	     17.90148134	      0.99876973	      0.00656394	      0.00079908	     -0.00000275	     -0.00002186	     -0.00066562	      0.00757909	      0.87673425	      0.79998378	     14.32580196	      0.44849445	      0.29198390	     -0.14667484	     -0.17793250	     13.54631425	     -0.10343868	      0.44510011	     -0.03276856	     -0.02638213	     14.38754664	     -0.47425515	      0.53191690	     15.46204032	     -0.68554047	      0.61839475	     17.05531153	     -0.79135819	      0.68563620	      3.55297686	      1.13797276	      0.04115883	      1.99387468	      0.16347053	     -0.72168446	      2.23972437	      0.50257337	     -0.50895075	      1.13567613	      1.48744200	     -0.10324857	     -0.11447998	     -0.06555876	     -0.13058536	      0.04158917	     -0.19217410
      0.49990700	      5.85889790	    -32.67484260	      3.23122614	     -3.23605173	    636.56477681	      5.92189022	     -1.88894097	     -4.63260574	      0.21277146	     -3.69803647	      3.56629048	      0.20506486	      0.84291186	     -0.03258300	      0.94465565	     -0.03344319	     18.14790244	      0.98684154	     -0.07161322	      0.00079934	      0.00000470	     -0.00002586	     -0.00065192	      0.00759187	      0.87550023	      0.79987777	     14.55375866	      0.36580162	      0.22951049	     -0.14671860	     -0.17785842	     13.75739233	     -0.24787934	      0.39194430	     -0.03284982	     -0.02631808	     14.58321838	     -0.66198091	      0.48470450	     15.64087436	     -0.89906618	      0.57792187	     17.21692231	     -1.01955017	      0.65168566	      3.42296324	      1.48995798	      0.05200364	      2.07209008	     -0.15130528	     -0.73000230	      2.27708872	      0.46811268	     -0.54802641	      1.05209389	      1.48684781	     -0.09922295	     -0.12346629	     -0.05359161	     -0.12115104	      0.03355980	     -0.19561619
      0.51657300	      5.59417664	    -32.34303521	      3.08174707	     -2.00160554	    636.79527747	      4.31510515	     -1.96972895	     -4.60122390	      0.21603048	     -3.47912433	      3.47847592	      0.24131905	      0.85749543	     -0.03245501	      0.85734939	     -0.03358398	     18.35556667	      0.95163801	     -0.21868598	      0.00079892	      0.00001245	     -0.00003013	     -0.00063500	      0.00760187	      0.87244136	      0.80253206	     14.74934178	      0.25476192	      0.09881672	     -0.14701462	     -0.17679458	     13.94563922	     -0.42765372	      0.26837205	     -0.03273387	     -0.02656962	     14.76675432	     -0.89282711	      0.36337101	     15.81813567	     -1.16338321	      0.45947653	     17.38861307	     -1.30776482	      0.53523144	      3.56876953	      1.63137884	      0.05224637	      2.10559813	     -0.51396781	     -0.72479088	      2.22288061	      0.38790987	     -0.55857694	      0.95655580	      1.45005767	     -0.08913142	     -0.12556751	     -0.03982142	     -0.11033467	      0.02914237	     -0.19158852
      0.53323900	      5.40088156	    -32.00831609	      2.85901214	     -0.42961041	    637.17444307	      2.39018327	     -2.06415631	     -4.58943477	      0.21307669	     -3.15886073	      3.42870772	      0.26102278	      0.87120040	     -0.03234273	      0.73827203	     -0.03375163	     18.49522971	      0.91028712	     -0.44407798	      0.00079784	      0.00002043	     -0.00003464	     -0.00061553	      0.00760872	      0.86760661	      0.80783461	     14.88514355	      0.13765449	     -0.11106060	     -0.14753029	     -0.17475303	     14.08504575	     -0.61609850	      0.06239529	     -0.03241188	     -0.02713335	     14.91318160	     -1.13763988	      0.15524962	     15.96981846	     -1.44863113	      0.24975841	     17.54719104	     -1.62667633	      0.32249438	      3.99204596	      1.52167062	      0.04114990	      2.08624072	     -0.89314626	     -0.70540615	      2.06988143	      0.25939462	     -0.53371641	      0.85587350	      1.37222596	     -0.07338787	     -0.11896888	     -0.02723900	     -0.09861832	      0.02885138	     -0.17857744
      0.54990500	      5.27954006	    -31.72255693	      2.55442692	      1.33959572	    637.63515903	      0.21470531	     -2.17069249	     -4.59142844	      0.20424150	     -2.76053972	      3.42702722	      0.26028259	      0.88541507	     -0.03225853	      0.59735357	     -0.03393362	     18.53525251	      0.87869385	     -0.75058606	      0.00079616	      0.00002846	     -0.00003926	     -0.00059404	      0.00761228	      0.86134620	      0.81528246	     14.93164480	      0.03716898	     -0.40473412	     -0.14819580	     -0.17197328	     14.14733811	     -0.78446741	     -0.23149152	     -0.03190331	     -0.02796216	     14.99477236	     -1.36380740	     -0.14551595	     16.06854212	     -1.72048723	     -0.05740406	     17.66533236	     -1.94159317	      0.00720217	      4.66579338	      1.14287411	      0.01905587	      2.00814258	     -1.25652284	     -0.66998899	      1.82336165	      0.09042181	     -0.47087305	      0.75434051	      1.25460866	     -0.05270148	     -0.10306166	     -0.01846049	     -0.08560531	      0.03234209	     -0.15608723
      0.56657100	      5.22725631	    -31.53191090	      2.16900287	      3.12263529	    638.06368188	     -2.15645929	     -2.28221481	     -4.60134495	      0.19089480	     -2.31399480	      3.47453912	      0.23689462	      0.90002871	     -0.03221414	      0.44632751	     -0.03411331	     18.44704960	      0.86782414	     -1.12975403	      0.00079392	      0.00003627	     -0.00004376	     -0.00057104	      0.00761246	      0.85425966	      0.82405743	     14.86228637	     -0.02823358	     -0.77554919	     -0.14895155	     -0.16893494	     14.10687053	     -0.90736871	     -0.60723842	     -0.03125192	     -0.02896999	     14.98588638	     -1.54113480	     -0.53284224	     16.08840999	     -1.94612205	     -0.45590464	     17.71655462	     -2.21826060	     -0.40430618	      5.54170719	      0.50420002	     -0.01262518	      1.86587972	     -1.57295547	     -0.61450758	      1.50242549	     -0.09916334	     -0.37244284	      0.65418156	      1.10617029	     -0.02803604	     -0.07877877	     -0.01485521	     -0.07011104	      0.03856219	     -0.12510849
      0.58323700	      5.23872893	    -31.46693888	      1.71883902	      4.72377577	    638.33233079	     -4.67161194	     -2.38620960	     -4.61669019	      0.17497383	     -1.85328555	      3.56230155	      0.19095784	      0.91302897	     -0.03221874	      0.29738136	     -0.03427151	     18.21468257	      0.88308646	     -1.55770133	      0.00079121	      0.00004342	     -0.00004777	     -0.00054723	      0.00760920	      0.84709242	      0.83315373	     14.66240490	     -0.04592006	     -1.20114535	     -0.14978253	     -0.16630659	     13.94921006	     -0.96516866	     -1.04261051	     -0.03051769	     -0.03004302	     14.87144184	     -1.64464693	     -0.98394945	     16.01347444	     -2.09700348	     -0.92249496	     17.68379239	     -2.42537992	     -0.88814944	      6.55743864	     -0.35554441	     -0.05149712	      1.65732530	     -1.81206337	     -0.53425245	      1.13943550	     -0.28149485	     -0.24631798	      0.55885161	      0.94302293	     -0.00082239	     -0.04866456	     -0.01601482	     -0.05107233	      0.04609799	     -0.08838372
      0.59990300	      5.30737552	    -31.53323165	      1.23690269	      5.96099532	    638.33923954	     -7.26655124	     -2.46660709	     -4.63976995	      0.15841044	     -1.41414733	      3.67332452	      0.12526084	      0.92076641	     -0.03227752	      0.16202711	     -0.03438867	     17.84579662	      0.92525828	     -1.99419041	      0.00078814	      0.00004939	     -0.00005083	     -0.00052363	      0.00760240	      0.84061110	      0.84153545	     14.33949076	     -0.00909071	     -1.64232640	     -0.15072217	     -0.16481681	     13.68099127	     -0.94478325	     -1.49792373	     -0.02976727	     -0.03105731	     14.65663183	     -1.65583104	     -1.45800156	     15.84742405	     -2.15025213	     -1.41532483	     17.56913112	     -2.53584028	     -1.40135876	      7.64099136	     -1.36855011	     -0.09432437	      1.39188765	     -1.94740231	     -0.42852444	      0.77657597	     -0.43017597	     -0.10613069	      0.47587119	      0.78523633	      0.02671865	     -0.01657723	     -0.01987003	     -0.02883453	      0.05355439	     -0.05025900
      0.61656900	      5.42830195	    -31.70669549	      0.77000046	      6.68687747	    638.03772115	     -9.83961407	     -2.50682641	     -4.67657666	      0.14265975	     -1.03103101	      3.78775781	      0.04526527	      0.91879478	     -0.03239082	      0.05022142	     -0.03444740	     17.37752067	      0.99072276	     -2.38636306	      0.00078485	      0.00005363	     -0.00005242	     -0.00050169	      0.00759197	      0.83549259	      0.84829272	     13.92842774	      0.08261522	     -2.04670008	     -0.15182633	     -0.16506314	     13.33456648	     -0.84108172	     -1.91972637	     -0.02906567	     -0.03190080	     14.37119230	     -1.56465145	     -1.89987435	     15.61756694	     -2.09106027	     -1.87776525	     17.39748491	     -2.52943812	     -1.88574299	      8.71167662	     -2.44235766	     -0.13724659	      1.09663506	     -1.96596768	     -0.30558461	      0.45921646	     -0.53135794	      0.02949334	      0.41591486	      0.65192435	      0.05148820	      0.01298877	     -0.02340713	     -0.00594235	      0.05979254	     -0.01604373
      0.63323500	      5.60227816	    -31.93775367	      0.37231351	      6.79987465	    637.44518477	    -12.21978443	     -2.49322387	     -4.73393041	      0.12844799	     -0.73400567	      3.88959871	     -0.04144325	      0.90298436	     -0.03255415	     -0.03029405	     -0.03443505	     16.87184426	      1.07088642	     -2.67571495	      0.00078153	      0.00005565	     -0.00005211	     -0.00048323	      0.00757787	      0.83225613	      0.85276682	     13.48629834	      0.22197204	     -2.35569292	     -0.15313386	     -0.16731540	     12.96204840	     -0.65865305	     -2.24805564	     -0.02847119	     -0.03249473	     14.06276289	     -1.37191762	     -2.24769279	     15.36758169	     -1.91562363	     -2.24616481	     17.20861538	     -2.39641111	     -2.27581669	      9.68014125	     -3.46767502	     -0.17606423	      0.81175191	     -1.87665265	     -0.18294389	      0.22722236	     -0.58980455	      0.13958216	      0.38878237	      0.55667553	      0.06996449	      0.03586143	     -0.02359123	      0.01326017	      0.06396233	      0.00902245
      0.64990100	      5.83755055	    -32.16493624	      0.09775789	      6.24300762	    636.63034150	    -14.14798060	     -2.41811893	     -4.81633199	      0.11578108	     -0.54621428	      3.97206539	     -0.12619975	      0.87058114	     -0.03275858	     -0.07440774	     -0.03434594	     16.40077841	      1.15247933	     -2.80586903	      0.00077839	      0.00005509	     -0.00004956	     -0.00047039	      0.00756031	      0.83124450	      0.85461795	     13.07747957	      0.39436889	     -2.51247434	     -0.15463469	     -0.17139438	     12.62002077	     -0.41181288	     -2.42467618	     -0.02803379	     -0.03280774	     13.78113020	     -1.08962971	     -2.44138613	     15.14129250	     -1.63194937	     -2.45864215	     17.04028822	     -2.13884968	     -2.50775680	     10.45184448	     -4.32871196	     -0.20659112	      0.57602669	     -1.70722972	     -0.08090554	      0.10677582	     -0.62505438	      0.20557509	      0.39994663	      0.50530005	      0.07918626	      0.04921515	     -0.01809805	      0.02419677	      0.06543250	      0.02096822
      0.66656700	      6.14716014	    -32.33343441	     -0.00763930	      4.99913290	    635.68248804	    -15.29626369	     -2.28179568	     -4.92371276	      0.10417429	     -0.48238601	      4.03924999	     -0.20055509	      0.82098260	     -0.03299125	     -0.07976800	     -0.03418232	     16.02709323	      1.21957196	     -2.73044515	      0.00077569	      0.00005190	     -0.00004470	     -0.00046533	      0.00753975	      0.83263021	      0.85382083	     12.75532025	      0.58004607	     -2.46994983	     -0.15626055	     -0.17668509	     12.35191026	     -0.12230649	     -2.40128928	     -0.02779484	     -0.03285676	     13.56105184	     -0.73884363	     -2.43110573	     14.96582458	     -1.25810164	     -2.46365302	     16.91167933	     -1.76953118	     -2.52806903	     10.93700720	     -4.91549942	     -0.22507744	      0.41180746	     -1.48975631	     -0.01279458	      0.10515264	     -0.65893964	      0.21697236	      0.44973385	      0.49634059	      0.07784953	      0.05233799	     -0.00575295	      0.02404380	      0.06378952	      0.01816436
      0.68323300	      6.54254776	    -32.41160179	      0.08694895	      3.09957616	    634.67102238	    -15.33114318	     -2.09303583	     -5.05074419	      0.09297482	     -0.54824043	      4.10344582	     -0.25750910	      0.75607718	     -0.03323574	     -0.04668718	     -0.03395407	     15.78780263	      1.25613882	     -2.42170607	      0.00077367	      0.00004632	     -0.00003775	     -0.00046997	      0.00751696	      0.83641269	      0.85059990	     12.54759998	      0.75675485	     -2.19934302	     -0.15790058	     -0.18228391	     12.17536214	      0.18321840	     -2.14816023	     -0.02778509	     -0.03269420	     13.41119148	     -0.34751418	     -2.18596337	     14.84186367	     -0.82062275	     -2.22884061	     16.81499584	     -1.31116748	     -2.30258377	     11.06650016	     -5.13807489	     -0.22870705	      0.31810151	     -1.24636528	      0.02156237	      0.20937646	     -0.70195945	      0.17539867	      0.53353886	      0.52310758	      0.06691385	      0.04678828	      0.01319339	      0.01312527	      0.05897591	      0.00194303
      0.69989900	      7.02632974	    -32.39884434	      0.39099606	      0.65126059	    633.61051315	    -14.00224545	     -1.86803587	     -5.18792597	      0.08162238	     -0.74021237	      4.17936232	     -0.29248220	      0.68008415	     -0.03347303	      0.02204470	     -0.03367732	     15.68631002	      1.24770391	     -1.87928567	      0.00077254	      0.00003896	     -0.00002927	     -0.00048557	      0.00749290	      0.84239169	      0.84534126	     12.45106656	      0.90112682	     -1.69865398	     -0.15943364	     -0.18722398	     12.07931403	      0.47402705	     -1.66250191	     -0.02801983	     -0.03238702	     13.31336043	      0.04957677	     -1.70251671	     14.74478733	     -0.35533104	     -1.74969701	     16.71863514	     -0.79832300	     -1.82542183	     10.80937750	     -4.94131802	     -0.21612191	      0.27435088	     -0.98725420	      0.03436111	      0.38850580	     -0.74715360	      0.09461260	      0.64108540	      0.57567228	      0.04929342	      0.03574586	      0.03689164	     -0.00502011	      0.05146622	     -0.02355112
      0.71656500	      7.58710614	    -32.32161743	      0.88949949	     -2.13465965	    632.45240157	    -11.22362489	     -1.62812256	     -5.32403216	      0.06977779	     -1.04535292	      4.27762509	     -0.30388715	      0.59899524	     -0.03368101	      0.12138829	     -0.03337251	     15.69680747	      1.18202945	     -1.13569467	      0.00077242	      0.00003068	     -0.00002009	     -0.00051241	      0.00746855	      0.85013033	      0.83851808	     12.43769733	      0.98904627	     -0.99787931	     -0.16076528	     -0.19070337	     12.03246103	      0.71510604	     -0.97361391	     -0.02849240	     -0.03199633	     13.23296576	      0.40991211	     -1.01003775	     14.63688029	      0.09097384	     -1.05507716	     16.58136058	     -0.28012985	     -1.12491692	     10.18554127	     -4.31754639	     -0.18785450	      0.25276822	     -0.72074274	      0.04105481	      0.59924541	     -0.77470789	     -0.00409376	      0.75599687	      0.64238757	      0.02872340	      0.02276219	      0.06198525	     -0.02501411	      0.04230568	     -0.05239468
      0.73323100	      8.19804308	    -32.21996750	      1.54476065	     -4.94012041	    631.11695580	     -7.11562637	     -1.39710103	     -5.44891324	      0.05736225	     -1.44205361	      4.40020785	     -0.29312067	      0.51983761	     -0.03383630	      0.24441843	     -0.03306231	     15.77975283	      1.05005008	     -0.25456333	      0.00077331	      0.00002252	     -0.00001119	     -0.00054960	      0.00744479	      0.85894214	      0.83064826	     12.47074063	      0.99697837	     -0.15724071	     -0.16185729	     -0.19225028	     12.00034744	      0.86875144	     -0.14112043	     -0.02916893	     -0.03156522	     13.13721122	      0.68488314	     -0.16885237	     14.48658033	      0.46204941	     -0.20574312	     16.37277844	      0.18098078	     -0.26246778	      9.26785827	     -3.31327525	     -0.14651580	      0.23377114	     -0.46374162	      0.05047471	      0.79438167	     -0.76285402	     -0.09890042	      0.85901633	      0.71165034	      0.00844673	      0.01052218	      0.08423944	     -0.04183496	      0.03293363	     -0.07854484
      0.74989700	      8.81890832	    -32.13242166	      2.30305992	     -7.38076091	    629.55417700	     -1.98912757	     -1.19893571	     -5.55537777	      0.04457736	     -1.90229189	      4.53929410	     -0.26393838	      0.44995588	     -0.03391761	      0.38293057	     -0.03276936	     15.90054301	      0.84820928	      0.67965592	      0.00077511	      0.00001553	     -0.00000353	     -0.00059496	      0.00742229	      0.86793452	      0.82228079	     12.52245503	      0.90593956	      0.74269194	     -0.16273475	     -0.19179073	     11.96260642	      0.90018771	      0.75480061	     -0.02998794	     -0.03111775	     13.01215827	      0.82672342	      0.73946410	     14.28546938	      0.70011796	      0.71542863	     16.09035389	      0.51803516	      0.67726328	      8.17162340	     -2.02675321	     -0.09659931	      0.21596504	     -0.24110800	      0.06112310	      0.93214754	     -0.69725891	     -0.17334005	      0.93542422	      0.77437998	     -0.00949337	      0.00026096	      0.09979631	     -0.05275862	      0.02487773	     -0.09752809
      0.76656300	      9.39976439	    -32.08766079	      3.10330825	     -9.08315661	    627.79939544	      3.72215297	     -1.05596398	     -5.63930882	      0.03194784	     -2.39522818	      4.67924715	     -0.22143483	      0.39637377	     -0.03390962	      0.52826237	     -0.03251415	     16.04063136	      0.58203013	      1.57693045	      0.00077756	      0.00001059	      0.00000203	     -0.00064522	      0.00740162	      0.87611939	      0.81399004	     12.58326077	      0.70770454	      1.61549759	     -0.16346296	     -0.18962091	     11.92025399	      0.78653697	      1.62779801	     -0.03086661	     -0.03066588	     12.86856024	      0.79979848	      1.62670463	     14.05287232	      0.75898326	      1.61832021	     15.76270305	      0.67436692	      1.60161017	      7.03359361	     -0.59470106	     -0.04384942	      0.21380393	     -0.07392770	      0.06588562	      0.98337235	     -0.57416360	     -0.21870274	      0.98209212	      0.82642378	     -0.02404267	     -0.00796070	      0.10665581	     -0.05813953	      0.01947511	     -0.10750873
      0.78322900	      9.88486483	    -32.10558323	      3.88362430	     -9.77036682	    625.99255884	      9.55014769	     -0.98727600	     -5.69798703	      0.02038060	     -2.89101809	      4.80029355	     -0.17094263	      0.36516008	     -0.03380653	      0.67211673	     -0.03231320	     16.19595708	      0.26920919	      2.35540133	      0.00078033	      0.00000839	      0.00000488	     -0.00069614	      0.00738327	      0.88257326	      0.80635559	     12.65809454	      0.41062554	      2.38189986	     -0.16409940	     -0.18631122	     11.88965017	      0.52551221	      2.39830355	     -0.03171346	     -0.03021820	     12.73369277	      0.59173593	      2.41136692	     13.82578561	      0.61709869	      2.41934038	     15.43739669	      0.61855458	      2.42426783	      5.98626899	      0.82934943	      0.00568393	      0.24518869	      0.03232981	      0.06021964	      0.93445855	     -0.39823093	     -0.23314987	      1.00852356	      0.86940497	     -0.03440935	     -0.01448288	      0.10553711	     -0.06082676	      0.01769941	     -0.10938376
      0.79989500	     10.21659812	    -32.20269014	      4.58424689	     -9.32438133	    624.35641686	     15.05963827	     -1.00668804	     -5.72771453	      0.01117172	     -3.36327340	      4.88236786	     -0.11718279	      0.36068244	     -0.03361456	      0.80706338	     -0.03217797	     16.36713886	     -0.05959988	      2.94943496	      0.00078305	      0.00000930	      0.00000469	     -0.00074293	      0.00736789	      0.88660550	      0.79992921	     12.75531235	      0.04228529	      2.97732682	     -0.16464281	     -0.18257585	     11.88957048	      0.14004187	      3.00113521	     -0.03244377	     -0.02978656	     12.63663873	      0.21973015	      3.02661906	     13.64251307	      0.28521670	      3.04980413	     15.16269172	      0.35338346	      3.07421082	      5.13467574	      2.09930921	      0.04664429	      0.31993432	      0.08978595	      0.04655461	      0.78729370	     -0.17918895	     -0.21951017	      1.03117059	      0.90922187	     -0.03955774	     -0.01938008	      0.09945119	     -0.06473579	      0.02003521	     -0.10600972
      0.81656100	     10.34004566	    -32.39446187	      5.14877954	     -7.80983329	    623.15088137	     19.86877417	     -1.12013680	     -5.72239418	      0.00587272	     -3.78908842	      4.90813352	     -0.06391965	      0.38474576	     -0.03335254	      0.92648910	     -0.03211499	     16.55002547	     -0.36278802	      3.31267008	      0.00078534	      0.00001337	      0.00000142	     -0.00078065	      0.00735639	      0.88788341	      0.79521433	     12.87705542	     -0.35191580	      3.35481639	     -0.16501088	     -0.17913689	     11.93095233	     -0.32248714	      3.38847739	     -0.03299262	     -0.02939007	     12.59730970	     -0.26960372	      3.42349609	     13.53098697	     -0.19321475	      3.45938316	     14.97500472	     -0.08317132	      3.49945775	      4.54198369	      3.09730683	      0.07516029	      0.43785598	      0.12021661	      0.03223662	      0.55893863	      0.06969552	     -0.18363664	      1.06561098	      0.95275162	     -0.03836492	     -0.02230303	      0.09216862	     -0.07333209	      0.02629119	     -0.10098953
      0.83322700	     10.20893634	    -32.69210917	      5.52626791	     -5.45854958	    622.62276926	     23.63147866	     -1.32308205	     -5.67418196	      0.00599409	     -4.14694936	      4.86528519	     -0.01404741	      0.43581449	     -0.03305040	      1.02407775	     -0.03212671	     16.73139342	     -0.59192023	      3.41869339	      0.00078690	      0.00002035	     -0.00000470	     -0.00080485	      0.00735004	      0.88647337	      0.79267444	     13.01550008	     -0.71351224	      3.48584459	     -0.16506640	     -0.17659918	     12.01351928	     -0.79552008	      3.53077659	     -0.03332144	     -0.02905823	     12.62329604	     -0.80581982	      3.57183826	     13.50580862	     -0.74771994	      3.61710822	     14.89615545	     -0.62352814	      3.66814140	      4.22717123	      3.74642586	      0.08924394	      0.59454219	      0.14418600	      0.02426542	      0.28236888	      0.33100842	     -0.13383345	      1.12110220	      1.00410657	     -0.03029433	     -0.02281280	      0.08651580	     -0.08850873	      0.03532979	     -0.09748587
      0.84989300	      9.79345342	    -33.09690697	      5.67419587	     -2.61747827	    622.96187775	     26.01500183	     -1.59906896	     -5.57631532	      0.01261176	     -4.41422985	      4.74874788	      0.03020738	      0.50866082	     -0.03274540	      1.09324794	     -0.03221249	     16.88901956	     -0.69734686	      3.25984922	      0.00078757	      0.00002970	     -0.00001320	     -0.00081204	      0.00735048	      0.88278776	      0.79275014	     13.15349305	     -0.97822900	      3.35952294	     -0.16468407	     -0.17534688	     12.12695473	     -1.20210189	      3.41599429	     -0.03341715	     -0.02883276	     12.71144658	     -1.30441010	      3.45943545	     13.57021764	     -1.29107212	      3.51041014	     14.93583705	     -1.18099270	      3.56740388	      4.17372387	      4.01261433	      0.08869869	      0.78595861	      0.17341122	      0.02554044	      0.00609478	      0.58199459	     -0.08058920	      1.19836181	      1.06181921	     -0.01604587	     -0.02087785	      0.08341268	     -0.10999487	      0.04486075	     -0.09738396
      0.86655900	      9.08915907	    -33.59679694	      5.56138067	      0.33205590	    624.26947871	     26.70647387	     -1.92061142	     -5.42719787	      0.02598126	     -4.56636387	      4.56273368	      0.06714880	      0.59475226	     -0.03247647	      1.12712704	     -0.03236912	     16.99370380	     -0.63521156	      2.84371678	      0.00078731	      0.00004064	     -0.00002340	     -0.00080017	      0.00735955	      0.87746347	      0.79584369	     13.26647667	     -1.08540859	      2.97964462	     -0.16382651	     -0.17547911	     12.25266956	     -1.46654795	      3.04670495	     -0.03328667	     -0.02876528	     12.84938885	     -1.67999373	      3.08890330	     13.71742923	     -1.73329420	      3.14176365	     15.09287996	     -1.66417613	      3.19973082	      4.34443681	      3.89674613	      0.07460713	      1.00611473	      0.20844542	      0.03461296	     -0.21131937	      0.79493652	     -0.03556125	      1.28931350	      1.11814112	      0.00231177	     -0.01714526	      0.08195209	     -0.13532347	      0.05158420	     -0.10096860
      0.88322500	      8.12484723	    -34.16714783	      5.17097389	      3.06174549	    626.54303902	     25.46071656	     -2.25282528	     -5.23387494	      0.04527085	     -4.57909549	      4.32177225	      0.09550355	      0.68345181	     -0.03227802	      1.11946235	     -0.03259064	     17.01272164	     -0.37590527	      2.18887691	      0.00078627	      0.00005223	     -0.00003452	     -0.00076891	      0.00737899	      0.87122163	      0.80224623	     13.32493714	     -0.98918529	      2.36109721	     -0.16258884	     -0.17680554	     12.36505829	     -1.52813785	      2.43657232	     -0.03295066	     -0.02890804	     13.01555957	     -1.86171982	      2.47390097	     13.92959920	     -1.99797805	      2.52462240	     15.35319836	     -1.99379709	      2.57851227	      4.69561310	      3.42232857	      0.04866126	      1.24041850	      0.24053982	      0.04766342	     -0.31362342	      0.94067127	     -0.00945748	      1.37818640	      1.16118407	      0.02182329	     -0.01278739	      0.08017949	     -0.16040523	      0.05190900	     -0.10713770
      0.89989100	      6.96651729	    -34.77394379	      4.50419588	      5.36343064	    629.67724645	     22.17246986	     -2.55902801	     -5.01293982	      0.06851191	     -4.43380184	      4.04980477	      0.11431165	      0.76375662	     -0.03217461	      1.06639107	     -0.03286759	     16.91601869	      0.08688365	      1.32251433	      0.00078469	      0.00006341	     -0.00004567	     -0.00071974	      0.00740998	      0.86475789	      0.81201832	     13.29906383	     -0.66993192	      1.52805955	     -0.16118170	     -0.17890882	     12.43436104	     -1.35477771	      1.60865333	     -0.03244031	     -0.02929924	     13.18027843	     -1.80844309	      1.63725501	     14.17730785	     -2.03828351	      1.68132981	     15.68766854	     -2.11913379	      1.72565607	      5.18535885	      2.62485316	      0.01262870	      1.46252070	      0.25469213	      0.06019536	     -0.26301026	      0.99503899	     -0.00947440	      1.44433842	      1.17947030	      0.03943300	     -0.00903737	      0.07596124	     -0.18067446	      0.04313597	     -0.11401429
      0.91655700	      5.71497686	    -35.37660560	      3.58433531	      7.17662155	    633.47834940	     16.94109471	     -2.80679918	     -4.78804482	      0.09283216	     -4.12437415	      3.77710073	      0.12289969	      0.82611220	     -0.03217779	      0.96847839	     -0.03318604	     16.68569535	      0.72906752	      0.28101897	      0.00078288	      0.00007309	     -0.00005595	     -0.00065593	      0.00745266	      0.85868811	      0.82486322	     13.16692359	     -0.14286933	      0.51501852	     -0.15985361	     -0.18125605	     12.43333142	     -0.95301304	      0.59658671	     -0.03179736	     -0.02994744	     13.31093532	     -1.51973891	      0.61215682	     14.42340502	     -1.84854820	      0.64429934	     16.05458682	     -2.03002494	      0.67269858	      5.77408836	      1.54644861	     -0.03185412	      1.64009888	      0.23109829	      0.06710747	     -0.05300244	      0.94594120	     -0.03746351	      1.46678462	      1.16694307	      0.05263639	     -0.00673257	      0.06750603	     -0.19251555	      0.02459493	     -0.11968985
      0.93322300	      4.49530613	    -35.92976951	      2.45963793	      8.56691514	    637.68781297	     10.10197656	     -2.97322090	     -4.58477688	      0.11499338	     -3.66328375	      3.53546277	      0.12098234	      0.86392982	     -0.03228588	      0.83222197	     -0.03352687	     16.32635825	      1.49486631	     -0.88674545	      0.00078118	      0.00008023	     -0.00006447	     -0.00058233	      0.00750574	      0.85354274	      0.84004625	     12.92438472	      0.54040185	     -0.62986818	     -0.15879139	     -0.18332394	     12.34673649	     -0.36978471	     -0.55184471	     -0.03107557	     -0.03082099	     13.38110701	     -1.03788031	     -0.55403381	     14.63174559	     -1.46646146	     -0.53992737	     16.40798308	     -1.75923867	     -0.53486602	      6.41901087	      0.23718252	     -0.08310595	      1.74781042	      0.14553301	      0.06196091	      0.28853914	      0.79748456	     -0.08966973	      1.42934269	      1.12575677	      0.05974716	     -0.00612820	      0.05352562	     -0.19438868	     -0.00189208	     -0.12280657
      0.94988900	      3.43853149	    -36.38620980	      1.20303642	      9.66032470	    642.01034074	      2.21429448	     -3.04855863	     -4.42495725	      0.13213418	     -3.08463070	      3.35275509	      0.10880816	      0.87461975	     -0.03248582	      0.67041280	     -0.03386634	     15.87126457	      2.30435325	     -2.11555844	      0.00077984	      0.00008395	     -0.00007043	     -0.00050510	      0.00756628	      0.84978097	      0.85640737	     12.59202085	      1.30052221	     -1.84120674	     -0.15805406	     -0.18469903	     12.17926572	      0.31723458	     -1.77102145	     -0.03034047	     -0.03184724	     13.37953542	     -0.43748292	     -1.79569651	     14.77707943	     -0.96235244	     -1.80610947	     16.70839441	     -1.37155589	     -1.83241931	      7.06759151	     -1.23903407	     -0.13898190	      1.77959698	     -0.02655034	      0.03748589	      0.70795266	      0.56884646	     -0.15800619	      1.32497194	      1.06528262	      0.05986612	     -0.00699418	      0.03335903	     -0.18706997	     -0.03251530	     -0.12280264
      0.96655500	      2.65976094	    -36.70345069	     -0.09361316	     10.55884269	    646.14078450	     -5.99209379	     -3.03792388	     -4.32274968	      0.14243018	     -2.44291527	      3.24821933	      0.08730571	      0.86003514	     -0.03275607	      0.50115485	     -0.03417791	     15.37966602	      3.06904468	     -3.32319700	      0.00077906	      0.00008363	     -0.00007325	     -0.00043113	      0.00762995	      0.84779305	      0.87247748	     12.21429941	      2.04790565	     -3.03636783	     -0.15757713	     -0.18512806	     11.95697633	      1.01906540	     -2.97752692	     -0.02966518	     -0.03292232	     13.31390596	      0.19526792	     -3.02861370	     14.85087472	     -0.41762273	     -3.06945320	     16.93070522	     -0.94163583	     -3.13464717	      7.65621198	     -2.79880594	     -0.19649295	      1.75204992	     -0.29807480	     -0.01152080	      1.14134924	      0.28899982	     -0.23208099	      1.15839149	      0.99830583	      0.05283582	     -0.00881186	      0.00735060	     -0.17289329	     -0.06266111	     -0.11985795
      0.98322100	      2.23950123	    -36.85315546	     -1.33163231	     11.27696858	    649.78776762	    -13.70152328	     -2.96042020	     -4.28371232	      0.14538145	     -1.80717059	      3.22979344	      0.05826448	      0.82619459	     -0.03306964	      0.34565115	     -0.03443506	     14.92499564	      3.70999157	     -4.41681133	      0.00077892	      0.00007905	     -0.00007268	     -0.00036727	      0.00769144	      0.84786814	      0.88666709	     11.85020293	      2.70268073	     -4.12252742	     -0.15724179	     -0.18451943	     11.72080864	      1.65711374	     -4.07740145	     -0.02912174	     -0.03392845	     13.20731294	      0.78552294	     -4.15708388	     14.86039050	      0.09881514	     -4.23243558	     17.06579595	     -0.53005517	     -4.34187730	      8.11764559	     -4.33875372	     -0.25171150	      1.69578180	     -0.65473476	     -0.08426691	      1.53013699	     -0.00906170	     -0.30110546	      0.94640822	      0.93706726	      0.03933045	     -0.01090594	     -0.02265975	     -0.15454902	     -0.08813665	     -0.11472021
      0.99988700	      2.21321357	    -36.82821094	     -2.42157572	     11.73342837	    652.69698510	    -20.11979597	     -2.84527391	     -4.30607691	      0.14169737	     -1.25072590	      3.29368978	      0.02444922	      0.78213991	     -0.03339685	      0.22498561	     -0.03461474	     14.57850151	      4.17115249	     -5.30715182	      0.00077937	      0.00007047	     -0.00006885	     -0.00031943	      0.00774527	      0.85012388	      0.89748088	     11.55923714	      3.20872631	     -5.01117032	     -0.15696689	     -0.18291428	     11.51539702	      2.17764377	     -4.98094160	     -0.02876873	     -0.03475264	     13.08987399	      1.28431825	     -5.08895747	     14.82278162	      0.54480493	     -5.20000525	     17.11713740	     -0.16960211	     -5.35538305	      8.39581090	     -5.74332770	     -0.30008255	      1.63914301	     -1.04829016	     -0.17211723	      1.83170353	     -0.29218603	     -0.35529085	      0.71528859	      0.89109027	      0.02093615	     -0.01249243	     -0.05328147	     -0.13424495	     -0.10595549	     -0.10855311
      1.01655300	      2.56983485	    -36.64251760	     -3.29797607	     11.80259550	    654.67595741	    -24.59290228	     -2.72509883	     -4.38275509	      0.13294618	     -0.83811774	      3.42568937	     -0.01054993	      0.73796257	     -0.03370793	      0.15636467	     -0.03470089	     14.39469093	      4.42415694	     -5.92663456	      0.00078031	      0.00005864	     -0.00006234	     -0.00029188	      0.00778658	      0.85442273	      0.90371854	     11.38871930	      3.53744856	     -5.63583834	     -0.15677046	     -0.18044893	     11.37857440	      2.55420020	     -5.62070308	     -0.02863842	     -0.03530183	     12.99036880	      1.66952408	     -5.75422126	     14.75864501	      0.90435215	     -5.89881266	     17.09631837	      0.13229078	     -6.09740801	      8.46190315	     -6.90074226	     -0.33709480	      1.59369973	     -1.40851859	     -0.26081872	      2.02418701	     -0.52962851	     -0.38684355	      0.49499244	      0.86678776	     -0.00001226	     -0.01272330	     -0.08035233	     -0.11359208	     -0.11461023	     -0.10280219
      1.03321900	      3.25623143	    -36.32337794	     -3.92730600	     11.39245483	    655.61505270	    -26.71673790	     -2.62774817	     -4.50294926	      0.12112876	     -0.61245210	      3.60346766	     -0.04277131	      0.70241017	     -0.03397576	      0.14969142	     -0.03468731	     14.40267505	      4.46623055	     -6.24371171	      0.00078156	      0.00004469	     -0.00005404	     -0.00028675	      0.00781192	      0.86032111	      0.90462635	     11.36620371	      3.68373754	     -5.96579064	     -0.15676511	     -0.17732852	     11.33517090	      2.78119542	     -5.96529871	     -0.02872817	     -0.03551138	     12.93125942	      1.93712326	     -6.11949218	     14.68815021	      1.17673294	     -6.29257946	     17.02044596	      0.38022265	     -6.52770971	      8.32459564	     -7.72242653	     -0.35909507	      1.55016072	     -1.66977611	     -0.33565822	      2.10612952	     -0.69638252	     -0.39082257	      0.31164282	      0.86757154	     -0.02087407	     -0.01080430	     -0.10028929	     -0.09390516	     -0.11401307	     -0.09896632
      1.04988500	      4.18407998	    -35.90183209	     -4.30662585	     10.50026919	    655.49760373	    -26.40596624	     -2.56939372	     -4.65297923	      0.10829028	     -0.58731901	      3.79953305	     -0.06851251	      0.68083615	     -0.03417867	      0.20553764	     -0.03457899	     14.60366788	      4.31597224	     -6.26697399	      0.00078301	      0.00002998	     -0.00004502	     -0.00030402	      0.00781972	      0.86708896	      0.89997322	     11.49712903	      3.66017923	     -6.00947049	     -0.15708925	     -0.17382122	     11.39496826	      2.86629828	     -6.02287847	     -0.02899961	     -0.03534664	     12.92680012	      2.09187359	     -6.19199433	     14.62933264	      1.36558914	     -6.38678232	     16.91082000	      0.57818867	     -6.64924163	      8.02923080	     -8.15895304	     -0.36395137	      1.48666001	     -1.79646957	     -0.38635387	      2.09195866	     -0.77816075	     -0.36592841	      0.18103880	      0.89331239	     -0.03923520	     -0.00619673	     -0.11123593	     -0.07638301	     -0.10530260	     -0.09819776
      1.06655100	      5.23845463	    -35.40762781	     -4.45453852	      9.21628842	    654.39683006	    -23.89364772	     -2.55154074	     -4.81663671	      0.09625277	     -0.74610441	      3.98463143	     -0.08496415	      0.67428065	     -0.03430275	      0.31523267	     -0.03439142	     14.97252335	      4.00982143	     -6.03735297	      0.00078453	      0.00001589	     -0.00003636	     -0.00034170	      0.00781039	      0.87380922	      0.89004922	     11.76546627	      3.49345933	     -5.80652236	     -0.15781257	     -0.17026266	     11.55241328	      2.82675970	     -5.83306507	     -0.02938654	     -0.03480047	     12.98174351	      2.14355671	     -6.01157946	     14.59596556	      1.47511779	     -6.22091248	     16.79011835	      0.72567931	     -6.50079931	      7.64584584	     -8.20631779	     -0.35132711	      1.38329327	     -1.79317920	     -0.40923015	      2.00437517	     -0.77629958	     -0.31498692	      0.10583005	      0.93916461	     -0.05331544	      0.00115833	     -0.11338678	     -0.06196846	     -0.09059821	     -0.10082551
      1.08321700	      6.28986281	    -34.87130931	     -4.39891828	      7.68136250	    652.46143246	    -19.65905288	     -2.56314370	     -4.97581363	      0.08648579	     -1.04858132	      4.13157201	     -0.09067348	      0.68003257	     -0.03434315	      0.46298798	     -0.03414779	     15.46139713	      3.59857605	     -5.61222143	      0.00078608	      0.00000365	     -0.00002896	     -0.00039619	      0.00778596	      0.87953325	      0.87560778	     12.13562145	      3.22242454	     -5.41221130	     -0.15886866	     -0.16704568	     11.78647442	      2.68921161	     -5.45123477	     -0.02980893	     -0.03389131	     13.08918003	      2.10837918	     -5.63468100	     14.59365597	      1.51291606	     -5.85216152	     16.67676920	      0.82204751	     -6.14040856	      7.25072131	     -7.90000991	     -0.32248570	      1.23376660	     -1.69664721	     -0.40649441	      1.86569041	     -0.70929041	     -0.24476426	      0.07717042	      0.99489376	     -0.06216119	      0.01069585	     -0.10848447	     -0.05110020	     -0.07267822	     -0.10605325
      1.09988300	      7.21083091	    -34.32995515	     -4.16624622	      6.02973806	    649.89347350	    -14.31225401	     -2.58667014	     -5.11214370	      0.08005110	     -1.44177271	      4.21933663	     -0.08572257	      0.69335235	     -0.03430375	      0.62921017	     -0.03387511	     16.00520796	      3.14202305	     -5.04814412	      0.00078759	     -0.00000578	     -0.00002345	     -0.00046264	      0.00774958	      0.88344494	      0.85777985	     12.55575996	      2.89508173	     -4.88076890	     -0.16005355	     -0.16457375	     12.06135817	      2.48931239	     -4.93171570	     -0.03018882	     -0.03266420	     13.22874093	      2.01105521	     -5.11696988	     14.61581877	      1.49425342	     -5.33750802	     16.57857818	      0.87310193	     -5.62669883	      6.90825139	     -7.29938868	     -0.27974601	      1.04857464	     -1.55738916	     -0.38399064	      1.69124914	     -0.60886053	     -0.16492172	      0.07957104	      1.04594313	     -0.06564416	      0.02126022	     -0.09896377	     -0.04364037	     -0.05454877	     -0.11205909
      1.11654900	      7.89523038	    -33.83073094	     -3.77582145	      4.35064429	    646.92341510	     -8.47786912	     -2.60545331	     -5.20990208	      0.07753035	     -1.87109929	      4.23697044	     -0.07161646	      0.70958142	     -0.03419533	      0.79391723	     -0.03360025	     16.52951208	      2.70100581	     -4.38862625	      0.00078896	     -0.00001178	     -0.00002021	     -0.00053541	      0.00770486	      0.88498383	      0.83798145	     12.96376990	      2.56283300	     -4.25369742	     -0.16109431	     -0.16317659	     12.33005381	      2.26838250	     -4.31599021	     -0.03046283	     -0.03119432	     13.36783191	      1.88366507	     -4.50106809	     14.64281060	      1.44293993	     -4.72086859	     16.48956971	      0.89411093	     -5.00532641	      6.65885391	     -6.46910489	     -0.22585419	      0.85035578	     -1.42161269	     -0.34889648	      1.48771215	     -0.51154502	     -0.08625804	      0.09652246	      1.07654646	     -0.06432379	      0.03134527	     -0.08724351	     -0.03904474	     -0.03893253	     -0.11652156
      1.13321500	      8.27570352	    -33.42869563	     -3.23975640	      2.68400823	    643.78679757	     -2.71123538	     -2.60967820	     -5.25949887	      0.07890670	     -2.28885214	      4.18622078	     -0.05097598	      0.72586762	     -0.03403301	      0.93948764	     -0.03334690	     16.96074286	      2.32825712	     -3.66013546	      0.00079003	     -0.00001406	     -0.00001931	     -0.00060842	      0.00765546	      0.88389788	      0.81782176	     13.29623047	      2.27259877	     -3.55609350	     -0.16175480	     -0.16301340	     12.54164249	      2.06693605	     -3.62899899	     -0.03058846	     -0.02958989	     13.46736724	      1.76052302	     -3.81260797	     14.64618695	      1.38742913	     -4.02883175	     16.39259102	      0.90722452	     -4.30426653	      6.51559574	     -5.46498207	     -0.16353220	      0.66586228	     -1.32031630	     -0.30809299	      1.25661807	     -0.44899136	     -0.01867525	      0.11473334	      1.07399100	     -0.05923158	      0.03945990	     -0.07537327	     -0.03663815	     -0.02777786	     -0.11735967
      1.14988100	      8.33359133	    -33.17908258	     -2.56741562	      1.04234658	    640.70488202	      2.54139736	     -2.59929070	     -5.26006448	      0.08345589	     -2.65883563	      4.08163196	     -0.02716823	      0.74204160	     -0.03383366	      1.05246043	     -0.03313359	     17.23732445	      2.06047558	     -2.87576767	      0.00079061	     -0.00001269	     -0.00002062	     -0.00067574	      0.00760480	      0.88022939	      0.79900471	     13.49894935	      2.05915621	     -2.80032562	     -0.16192649	     -0.16400674	     12.65106412	      1.91728730	     -2.88287801	     -0.03054464	     -0.02799006	     13.49081705	      1.67109525	     -3.06400151	     14.59703248	      1.35406781	     -3.27439833	     16.26682434	      0.93509122	     -3.53748100	      6.46881159	     -4.32883772	     -0.09532661	      0.51872056	     -1.26663236	     -0.26723885	      1.00071766	     -0.44038869	      0.03059426	      0.12609288	      1.03241574	     -0.05162787	      0.04446640	     -0.06494551	     -0.03583485	     -0.02192703	     -0.11336427
      1.16654700	      8.09748645	    -33.12658316	     -1.77184463	     -0.56023160	    637.86957623	      6.94676583	     -2.58321916	     -5.21960109	      0.08972574	     -2.95751608	      3.94730849	     -0.00391611	      0.76050848	     -0.03361388	      1.12443206	     -0.03297290	     17.31932458	      1.91397233	     -2.04350613	      0.00079051	     -0.00000799	     -0.00002383	     -0.00073197	      0.00755605	      0.87426310	      0.78320487	     13.53651501	      1.94021273	     -1.99410661	     -0.16165772	     -0.16584801	     12.62854052	      1.83798394	     -2.08513487	     -0.03032970	     -0.02655415	     13.41352453	      1.63391725	     -2.26283504	     14.47512851	      1.36060810	     -2.46556090	     16.09678127	      0.99396702	     -2.71369820	      6.49563416	     -3.09280085	     -0.02373108	      0.42484032	     -1.25875676	     -0.23032928	      0.72913145	     -0.48900653	      0.05803976	      0.12768571	      0.95463267	     -0.04277378	      0.04576806	     -0.05708893	     -0.03623553	     -0.02106186	     -0.10447425
      1.18321300	      7.63067082	    -33.29444083	     -0.87585122	     -2.08778122	    635.43223060	     10.26990213	     -2.57531993	     -5.15219186	      0.09566749	     -3.17279381	      3.81092150	      0.01519346	      0.78525626	     -0.03338866	      1.15221982	     -0.03287138	     17.19468114	      1.88504081	     -1.17552924	      0.00078959	     -0.00000055	     -0.00002852	     -0.00077271	      0.00751204	      0.86646928	      0.77189543	     13.39862620	      1.91570015	     -1.14954763	     -0.16110367	     -0.16808472	     12.46605981	      1.83193381	     -1.24780389	     -0.02995967	     -0.02544047	     13.22934840	      1.65370664	     -1.42129135	     14.27570958	      1.41246581	     -1.61498095	     15.87919214	      1.08910920	     -1.84638991	      6.57060382	     -1.79017711	      0.04855140	      0.39033610	     -1.28513292	     -0.19958698	      0.45838366	     -0.58316500	      0.06395679	      0.12070633	      0.85129850	     -0.03375495	      0.04332308	     -0.05242963	     -0.03761444	     -0.02396442	     -0.09165042
      1.19987900	      7.01238647	    -33.67560387	      0.08447495	     -3.48044786	    633.49584275	     12.35748132	     -2.58841166	     -5.07313732	      0.09897506	     -3.30168127	      3.69689407	      0.02730651	      0.82025769	     -0.03317085	      1.13747503	     -0.03282989	     16.88113088	      1.95432894	     -0.29490772	      0.00078780	      0.00000886	     -0.00003416	     -0.00079479	      0.00747528	      0.85746142	      0.76613123	     13.10215589	      1.97100055	     -0.28965662	     -0.16042080	     -0.17025812	     12.17963803	      1.88841868	     -0.39400055	     -0.02946807	     -0.02477782	     12.95312125	      1.72229996	     -0.56288687	     14.01210118	      1.50273841	     -0.74690587	     15.62584665	      1.21387627	     -0.96090627	      6.67409210	     -0.46645344	      0.11842825	      0.41113632	     -1.32965300	     -0.17562845	      0.20904276	     -0.70061507	      0.05165613	      0.10898564	      0.73793600	     -0.02538336	      0.03754729	     -0.05101636	     -0.03983885	     -0.02899415	     -0.07648981
      1.21654500	      6.32002466	    -34.22781165	      1.06066263	     -4.67349517	    632.11031364	     13.12913795	     -2.62834869	     -4.99383757	      0.09763280	     -3.34786123	      3.62088880	      0.03080351	      0.86766637	     -0.03297119	      1.08587698	     -0.03284407	     16.42388282	      2.09296211	      0.56333830	      0.00078517	      0.00001941	     -0.00004020	     -0.00079649	      0.00744790	      0.84797077	      0.76633907	     12.68896728	      2.08226592	      0.55066736	     -0.15966150	     -0.17203695	     11.80733748	      1.98761819	      0.44109743	     -0.02890612	     -0.02463747	     12.61889065	      1.82246744	      0.27653458	     13.71420155	      1.61542604	      0.10182926	     15.36233381	      1.35238708	     -0.09548758	      6.79660297	      0.81680671	      0.18252667	      0.47396646	     -1.37604765	     -0.15787486	      0.00011137	     -0.81460067	      0.02621066	      0.09743402	      0.63110476	     -0.01818483	      0.02918686	     -0.05228849	     -0.04276373	     -0.03458272	     -0.06079418
      1.23321100	      5.61753591	    -34.87437005	      1.99745049	     -5.62958997	    631.27124828	     12.57816224	     -2.69006083	     -4.91847229	      0.09053928	     -3.31955940	      3.58687562	      0.02547770	      0.92628907	     -0.03279872	      1.00597935	     -0.03290493	     15.88949577	      2.26831096	      1.35731696	      0.00078186	      0.00003017	     -0.00004607	     -0.00077772	      0.00743142	      0.83882303	      0.77219630	     12.22002850	      2.22187159	      1.32963997	     -0.15872493	     -0.17330130	     11.40370738	      2.10584293	      1.21533396	     -0.02834107	     -0.02501534	     12.27474282	      1.93297552	      1.05404301	     13.42373491	      1.73039022	      0.88721566	     15.12375292	      1.48445032	      0.70436600	      6.93855392	      1.98854051	      0.23763367	      0.55918864	     -1.41154204	     -0.14516451	     -0.15601958	     -0.90010933	     -0.00679275	      0.09042071	      0.54495846	     -0.01245507	      0.01920528	     -0.05519773	     -0.04614121	     -0.03958137	     -0.04624213
      1.24987700	      4.95152157	    -35.51222079	      2.84146251	     -6.36690875	    630.92341971	     10.77730045	     -2.75700555	     -4.84387648	      0.07799480	     -3.22788529	      3.58723769	      0.01235981	      0.99086706	     -0.03266105	      0.90783483	     -0.03299973	     15.35653147	      2.44869876	      2.04715632	      0.00077811	      0.00004030	     -0.00005127	     -0.00074023	      0.00742655	      0.83089354	      0.78265965	     11.76651646	      2.36310625	      2.00735532	     -0.15739141	     -0.17415343	     11.03148252	      2.22036523	      1.88845428	     -0.02785060	     -0.02583130	     11.97517625	      2.03361978	      1.72875316	     13.18735357	      1.82864354	      1.56748319	     14.94860223	      1.59123058	      1.39566603	      7.10641846	      2.98315919	      0.28132175	      0.64569707	     -1.42981419	     -0.13644275	     -0.25614690	     -0.93934445	     -0.04222530	      0.09023583	      0.48884979	     -0.00834192	      0.00867922	     -0.05852987	     -0.04958149	     -0.04340699	     -0.03419636
      1.26654300	      4.35321233	    -36.02800469	      3.55010716	     -6.96524299	    630.96924606	      7.88481877	     -2.80463139	     -4.76265526	      0.06187372	     -3.08588727	      3.60583579	     -0.00664994	      1.05260947	     -0.03256400	      0.80167389	     -0.03311334	     14.90373352	      2.60732674	      2.60381344	      0.00077427	      0.00004908	     -0.00005538	     -0.00068756	      0.00743304	      0.82502243	      0.79615016	     11.39871647	      2.48402724	      2.55451678	     -0.15542808	     -0.17485795	     10.75138471	      2.31337518	      2.43095003	     -0.02751243	     -0.02694625	     11.77186404	      2.10940324	      2.27089834	     13.04839303	      1.89683973	      2.11244170	     14.87161032	      1.66019925	      1.94762325	      7.30693693	      3.75729118	      0.31248742	      0.71646864	     -1.43245330	     -0.13126577	     -0.30587365	     -0.92541532	     -0.07601934	      0.09619507	      0.46622466	     -0.00589977	     -0.00132004	     -0.06131398	     -0.05259245	     -0.04600618	     -0.02560698
      1.28320900	      3.84333360	    -36.32042904	      4.09737265	     -7.54126974	    631.28221968	      4.14838227	     -2.80728721	     -4.66830137	      0.04535773	     -2.90850341	      3.62339991	     -0.02915444	      1.10106330	     -0.03251066	      0.69695131	     -0.03322993	     14.59718937	      2.72555501	      3.01377930	      0.00077067	      0.00005606	     -0.00005823	     -0.00062486	      0.00744954	      0.82189062	      0.81084212	     11.17410199	      2.57035025	      2.95719523	     -0.15271968	     -0.17573346	     10.61128764	      2.37459672	      2.82889169	     -0.02739052	     -0.02819179	     11.70390050	      2.15306633	      2.66675901	     13.03818789	      1.92985909	      2.50853360	     14.91620371	      1.68791380	      2.34686100	      7.54138951	      4.29967805	      0.33150675	      0.76229406	     -1.42776239	     -0.12982401	     -0.31691761	     -0.86313240	     -0.10539672	      0.10498638	      0.47487150	     -0.00508103	     -0.00986327	     -0.06310146	     -0.05469244	     -0.04769037	     -0.02097267
      1.29987500	      3.43730405	    -36.32399724	      4.47435030	     -8.19892027	    631.72532684	     -0.09522722	     -2.74677996	     -4.56032881	      0.03222492	     -2.71306332	      3.62399532	     -0.05254463	      1.12686483	     -0.03250001	      0.60186520	     -0.03333484	     14.47894420	      2.79504352	      3.27761607	      0.00076766	      0.00006105	     -0.00005988	     -0.00055835	      0.00747367	      0.82188292	      0.82497392	     11.12688699	      2.61686879	      3.21556514	     -0.14936524	     -0.17702910	     10.63682366	      2.40200260	      3.08268224	     -0.02752130	     -0.02940359	     11.78938686	      2.16530207	      2.91733696	     13.16857509	      1.93068866	      2.75742808	     15.08798178	      1.67964230	      2.59589792	      7.80161382	      4.62892952	      0.33988457	      0.78222751	     -1.42690004	     -0.13241779	     -0.30332565	     -0.76657021	     -0.12881821	      0.11220227	      0.50834565	     -0.00567686	     -0.01629270	     -0.06397147	     -0.05554875	     -0.04892253	     -0.02034652
      1.31654100	      3.14871826	    -36.02671648	      4.68498896	     -8.97510208	    632.17263681	     -4.42986682	     -2.61978911	     -4.44722020	      0.02592808	     -2.51935892	      3.60062509	     -0.07423159	      1.12445013	     -0.03252611	      0.52312517	     -0.03341631	     14.55992497	      2.81808330	      3.40362879	      0.00076550	      0.00006416	     -0.00006064	     -0.00049470	      0.00750219	      0.82497971	      0.83710736	     11.26172925	      2.62700048	      3.33784612	     -0.14569796	     -0.17882306	     10.82592186	      2.40048750	      3.20096442	     -0.02790368	     -0.03044986	     12.02067736	      2.15269474	      3.03204854	     13.42774308	      1.90775014	      2.86946453	     15.37117936	      1.64606752	      2.70624901	      8.06879615	      4.78033527	      0.33953866	      0.78129337	     -1.43902205	     -0.13870478	     -0.27787350	     -0.65447223	     -0.14582089	      0.11428593	      0.55801304	     -0.00726415	     -0.02030761	     -0.06429794	     -0.05508251	     -0.05014121	     -0.02337903
      1.33320700	      2.98960161	    -35.47472721	      4.73982555	     -9.80690263	    632.52912367	     -8.38684715	     -2.44116393	     -4.34563389	      0.02880071	     -2.34820960	      3.55781449	     -0.09190781	      1.09367630	     -0.03257841	      0.46560208	     -0.03346708	     14.81919798	      2.80598287	      3.40049281	      0.00076435	      0.00006569	     -0.00006098	     -0.00044036	      0.00753129	      0.83071794	      0.84629406	     11.55349935	      2.61074044	      3.33312734	     -0.14221755	     -0.18097714	     11.14908492	      2.37923142	      3.19336710	     -0.02849654	     -0.03124887	     12.36501414	      2.12448183	      3.02121394	     13.78108607	      1.87106733	      2.85582261	     15.72970238	      1.59874764	      2.69015935	      8.31538815	      4.78808554	      0.33203454	      0.76707179	     -1.46757400	     -0.14723830	     -0.24967576	     -0.54548221	     -0.15684822	      0.11001655	      0.61494535	     -0.00921927	     -0.02197874	     -0.06443367	     -0.05350760	     -0.05167088	     -0.02937928
      1.34987300	      2.96722774	    -34.76111208	      4.65072708	    -10.53812956	    632.74307568	    -11.49221974	     -2.24140170	     -4.27583512	      0.04157314	     -2.21824777	      3.50996263	     -0.10385935	      1.03969026	     -0.03264340	      0.43169792	     -0.03348537	     15.20966111	      2.77607369	      3.27270486	      0.00076428	      0.00006603	     -0.00006140	     -0.00040108	      0.00755716	      0.83824684	      0.85213773	     11.95318247	      2.58191204	      3.20680874	     -0.13945569	     -0.18316481	     11.55544752	      2.34902926	      3.06583605	     -0.02922501	     -0.03177336	     12.77059784	      2.08976438	      2.89118837	     14.17712973	      1.82920596	      2.72338818	     16.11283111	      1.54659956	      2.55511411	      8.50971216	      4.67089078	      0.31809320	      0.74664411	     -1.50896075	     -0.15559653	     -0.22351976	     -0.45487087	     -0.16304724	      0.10106362	      0.67112397	     -0.01081550	     -0.02168361	     -0.06446941	     -0.05130053	     -0.05370976	     -0.03737826
      1.36653900	      3.07853949	    -34.00263170	      4.42839581	    -10.96350069	    632.80812103	    -13.32911598	     -2.05897169	     -4.25484586	      0.06324358	     -2.14185035	      3.47587353	     -0.10929757	      0.97114558	     -0.03270732	      0.42066167	     -0.03347506	     15.66815997	      2.74819833	      3.02053570	      0.00076527	      0.00006550	     -0.00006228	     -0.00038136	      0.00757644	      0.84647606	      0.85476378	     12.39793183	      2.55555162	      2.96031950	     -0.13781619	     -0.18496691	     11.98268777	      2.32045227	      2.82023487	     -0.02999484	     -0.03204300	     13.17624464	      2.05611449	      2.64388314	     14.55678315	      1.78805390	      2.47415090	     16.46397338	      1.49464933	      2.30308356	      8.62199079	      4.42643082	      0.29753159	      0.72476131	     -1.55361228	     -0.16099607	     -0.20079300	     -0.39322467	     -0.16594601	      0.09156369	      0.71993378	     -0.01137308	     -0.01997647	     -0.06415747	     -0.04910891	     -0.05634676	     -0.04620183
      1.38320500	      3.30403975	    -33.31270782	      4.08277628	    -10.89095788	    632.75489995	    -13.60205552	     -1.93019409	     -4.28965793	      0.09129064	     -2.12194081	      3.47131584	     -0.10857362	      0.89758148	     -0.03275862	      0.42833485	     -0.03344505	     16.12699089	      2.74135180	      2.64362488	      0.00076728	      0.00006429	     -0.00006378	     -0.00038415	      0.00758678	      0.85428156	      0.85471744	     12.82232407	      2.54571661	      2.59436183	     -0.13743857	     -0.18600882	     12.36795362	      2.30277677	      2.45749267	     -0.03071165	     -0.03210878	     13.52191574	      2.02928247	      2.27994804	     14.86335069	      1.75101183	      2.10841360	     16.73007593	      1.44454966	      1.93379382	      8.63016817	      4.03553131	      0.26959214	      0.70350898	     -1.58892999	     -0.16109509	     -0.18135730	     -0.36638428	     -0.16699156	      0.08687363	      0.75634317	     -0.01041646	     -0.01743057	     -0.06301658	     -0.04760822	     -0.05955923	     -0.05457914
      1.39987100	      3.60387503	    -32.77920278	      3.62537480	    -10.19761249	    632.63462488	    -12.18766498	     -1.88004823	     -4.37291918	      0.12212569	     -2.15125004	      3.50225454	     -0.10303059	      0.82703306	     -0.03278949	      0.44773282	     -0.03340739	     16.52424691	      2.77075516	      2.14608370	      0.00077023	      0.00006241	     -0.00006583	     -0.00041042	      0.00758709	      0.86071557	      0.85281367	     13.16837260	      2.56356269	      2.11368444	     -0.13812575	     -0.18609911	     12.65747233	      2.30308490	      1.98231597	     -0.03130011	     -0.03203466	     13.75789687	      2.01307516	      1.80358099	     15.05120677	      1.71942899	      1.62972634	     16.86974021	      1.39549583	      1.44986131	      8.52417505	      3.47350841	      0.23349960	      0.68322342	     -1.60353176	     -0.15476765	     -0.16543749	     -0.37553986	     -0.16707426	      0.09176553	      0.77720308	     -0.00780622	     -0.01450837	     -0.06058204	     -0.04733090	     -0.06317514	     -0.06130405
      1.41653700	      3.91898110	    -32.45232818	      3.07228292	     -8.86240259	    632.50034471	     -9.15936134	     -1.91669180	     -4.48279158	      0.15169050	     -2.21447833	      3.56122767	     -0.09448463	      0.76465767	     -0.03279615	      0.47048645	     -0.03337475	     16.81166558	      2.84550308	      1.54115630	      0.00077399	      0.00005977	     -0.00006819	     -0.00045899	      0.00757765	      0.86516754	      0.84996590	     13.39298692	      2.61562279	      1.53152536	     -0.13936219	     -0.18532118	     12.81357875	      2.32523765	      1.40760902	     -0.03171804	     -0.03188147	     13.85141580	      2.00891734	      1.22706124	     15.09198781	      1.69264544	      1.04958197	     16.85897351	      1.34474936	      0.86173979	      8.30792642	      2.72450225	      0.18905661	      0.66396902	     -1.59181364	     -0.14268536	     -0.15459274	     -0.41707386	     -0.16626030	      0.10855497	      0.78174046	     -0.00381853	     -0.01150544	     -0.05670961	     -0.04851765	     -0.06682996	     -0.06543348
      1.43320300	      4.17888835	    -32.34379302	      2.44706092	     -6.97079096	    632.39436026	     -4.78003561	     -2.03111972	     -4.58741943	      0.17619489	     -2.29252556	      3.62832243	     -0.08472105	      0.71259739	     -0.03277838	      0.48876904	     -0.03335772	     16.95962056	      2.96719732	      0.85430044	      0.00077841	      0.00005625	     -0.00007050	     -0.00052637	      0.00755996	      0.86744227	      0.84702277	     13.47246417	      2.70275675	      0.87260464	     -0.14043120	     -0.18403449	     12.81872047	      2.36922788	      0.75748685	     -0.03196161	     -0.03169610	     13.79024672	      2.01562589	      0.57387821	     14.97785320	      1.66817677	      0.39071615	     16.69413504	      1.28829118	      0.19127479	      7.99896953	      1.79446169	      0.13711506	      0.64667549	     -1.55702272	     -0.12745598	     -0.15127894	     -0.48278890	     -0.16389858	      0.13592612	      0.77187935	      0.00086620	     -0.00857385	     -0.05178711	     -0.05105270	     -0.06997483	     -0.06646665
      1.44986900	      4.31578368	    -32.43475669	      1.78251555	     -4.69509080	    632.34673102	      0.53488372	     -2.20151547	     -4.65319926	      0.19292125	     -2.36748889	      3.67684857	     -0.07531653	      0.67077112	     -0.03273906	      0.49716907	     -0.03336273	     16.95933642	      3.13017641	      0.12381444	      0.00078324	      0.00005175	     -0.00007242	     -0.00060705	      0.00753648	      0.86775229	      0.84463496	     13.40407683	      2.82051947	      0.17376841	     -0.14061447	     -0.18276934	     12.67648301	      2.43178354	      0.06798031	     -0.03206118	     -0.03150692	     13.58331663	      2.03034621	     -0.12044503	     14.72179515	      1.64303211	     -0.31190081	     16.39200906	      1.22261149	     -0.52707011	      7.62616466	      0.71878655	      0.07979431	      0.63327407	     -1.51086393	     -0.11306674	     -0.15732698	     -0.56128632	     -0.15907309	      0.16916406	      0.75197594	      0.00530297	     -0.00578856	     -0.04670932	     -0.05451997	     -0.07196522	     -0.06444082
      1.46653500	      4.28203405	    -32.68788439	      1.12004945	     -2.25682069	    632.38255591	      6.27381832	     -2.40013010	     -4.65492903	      0.20082320	     -2.42713565	      3.68229356	     -0.06765703	      0.63800733	     -0.03268409	      0.49399341	     -0.03339109	     16.82249717	      3.32359468	     -0.60186406	      0.00078820	      0.00004631	     -0.00007369	     -0.00069397	      0.00751026	      0.86664722	      0.84316654	     13.20504289	      2.96120931	     -0.51860610	     -0.13942411	     -0.18204310	     12.40998169	      2.50846806	     -0.61547028	     -0.03207018	     -0.03132486	     13.25866836	      2.05084827	     -0.81075547	     14.35532574	      1.61629091	     -1.01333140	     15.98727595	      1.14766395	     -1.24830693	      7.22606413	     -0.43832286	      0.02036378	      0.62587144	     -1.46911452	     -0.10366031	     -0.17234062	     -0.64035973	     -0.15117499	      0.20188032	      0.72792299	      0.00854096	     -0.00320835	     -0.04258179	     -0.05835918	     -0.07220273	     -0.05990802
      1.48320100	      4.06571732	    -33.05844408	      0.50611113	      0.11896278	    632.53200992	     11.89239939	     -2.60007273	     -4.58473460	      0.20063260	     -2.46753996	      3.63163368	     -0.06286569	      0.61298416	     -0.03262249	      0.48158766	     -0.03343926	     16.57857939	      3.53481153	     -1.26990422	      0.00079297	      0.00004015	     -0.00007417	     -0.00077924	      0.00748461	      0.86490189	      0.84266276	     12.90933474	      3.11697526	     -1.15416524	     -0.13679168	     -0.18216275	     12.05815367	      2.59654848	     -1.24347262	     -0.03205076	     -0.03114840	     12.85934568	      2.07832047	     -1.44767427	     13.92410681	      1.59193499	     -1.66401272	     15.52792409	      1.06981736	     -1.92220697	      6.83870772	     -1.59274581	     -0.03718166	      0.62568186	     -1.44517167	     -0.10209518	     -0.19305297	     -0.70960741	     -0.14031620	      0.22843789	      0.70588060	      0.00991506	     -0.00090149	     -0.04028730	     -0.06204775	     -0.07027599	     -0.05379252
      1.49986700	      3.69779050	    -33.50139693	     -0.01323304	      2.24399380	    632.83774935	     16.87472815	     -2.78026650	     -4.45630258	      0.19444140	     -2.49299592	      3.52946225	     -0.06155340	      0.59475928	     -0.03256628	      0.46551208	     -0.03350042	     16.27041179	      3.75283183	     -1.83004672	      0.00079722	      0.00003362	     -0.00007388	     -0.00085507	      0.00746275	      0.86337281	      0.84288042	     12.56284895	      3.28270039	     -1.68528718	     -0.13314155	     -0.18308983	     11.67049407	      2.69730602	     -1.76930735	     -0.03205910	     -0.03097016	     12.43777098	      2.11926197	     -1.98424339	     13.48211243	      1.58044782	     -2.21644493	     15.06921191	      1.00320811	     -2.50008201	      6.50336412	     -2.65416509	     -0.08870715	      0.63250999	     -1.44497561	     -0.10897002	     -0.21411658	     -0.76243156	     -0.12739056	      0.24583311	      0.69097374	      0.00923970	      0.00106696	     -0.04014804	     -0.06522516	     -0.06605561	     -0.04716285
      1.51653300	      3.24692469	    -33.97445469	     -0.39815660	      3.99148722	    633.35529237	     20.78674927	     -2.92787209	     -4.30239963	      0.18496402	     -2.51336976	      3.39837255	     -0.06350305	      0.58296932	     -0.03252941	      0.45282796	     -0.03356651	     15.94832828	      3.97049166	     -2.24092715	      0.00080069	      0.00002717	     -0.00007296	     -0.00091469	      0.00744754	      0.86283219	      0.84337468	     12.21731245	      3.45739408	     -2.07311762	     -0.12931445	     -0.18442328	     11.30064535	      2.81655372	     -2.15491073	     -0.03213254	     -0.03078255	     12.04907429	      2.18524575	     -2.38200939	     13.08483034	      1.59794994	     -2.63142126	     14.66674766	      0.96825097	     -2.94125167	      6.25450946	     -3.54031710	     -0.13051633	      0.64501780	     -1.46589312	     -0.12258723	     -0.23001215	     -0.79666369	     -0.11373158	      0.25416700	      0.68635151	      0.00681891	      0.00266680	     -0.04185667	     -0.06771918	     -0.05971471	     -0.04099035
      1.53319900	      2.80236942	    -34.43884976	     -0.62033183	      5.30200278	    634.14339051	     23.31620824	     -3.03810351	     -4.16623937	      0.17475255	     -2.53996892	      3.27309441	     -0.06753052	      0.57785362	     -0.03252563	      0.45008433	     -0.03363015	     15.66319214	      4.18489429	     -2.47489790	      0.00080319	      0.00002128	     -0.00007158	     -0.00095320	      0.00744122	      0.86380411	      0.84362468	     11.92328089	      3.64367347	     -2.29211263	     -0.12635946	     -0.18551097	     10.99929018	      2.96304096	     -2.37539322	     -0.03228108	     -0.03058137	     11.74391253	      2.29033676	     -2.61569054	     12.78211425	      1.66276427	     -2.88289801	     14.36937996	      0.98733304	     -3.21822391	      6.11830600	     -4.18834952	     -0.15980324	      0.66137542	     -1.49950298	     -0.13978205	     -0.23711564	     -0.81354039	     -0.10051707	      0.25574061	      0.69291589	      0.00329037	      0.00392615	     -0.04467422	     -0.06949133	     -0.05167454	     -0.03597701
      1.54986500	      2.44946264	    -34.85953458	     -0.66691763	      6.17289738	    635.24519125	     24.29403741	     -3.11188888	     -4.08945698	      0.16558619	     -2.58131486	      3.19016150	     -0.07174561	      0.58016270	     -0.03256549	      0.46163368	     -0.03368577	     15.45897879	      4.39657047	     -2.52111920	      0.00080470	      0.00001644	     -0.00006997	     -0.00096803	      0.00744521	      0.86643910	      0.84317149	     11.72298029	      3.84596366	     -2.33290293	     -0.12525304	     -0.18565209	     10.80717765	      3.14558373	     -2.42188598	     -0.03248510	     -0.03036703	     11.56167139	      2.44723472	     -2.67615092	     12.61162226	      1.79071982	     -2.96114067	     14.21288189	      1.07927931	     -3.32010449	      6.10998524	     -4.56126292	     -0.17491858	      0.67973309	     -1.53600988	     -0.15707869	     -0.23486831	     -0.81577225	     -0.08825483	      0.25353507	      0.70969374	     -0.00060049	      0.00492926	     -0.04774433	     -0.07055374	     -0.04251559	     -0.03249718
      1.56653100	      2.24520185	    -35.20578119	     -0.54282107	      6.63716718	    636.66565948	     23.69574133	     -3.15241767	     -4.10033357	      0.15815910	     -2.64008068	      3.17658493	     -0.07414884	      0.59092748	     -0.03265334	      0.48868338	     -0.03372994	     15.36611906	      4.60811695	     -2.38680002	      0.00080526	      0.00001305	     -0.00006838	     -0.00095909	      0.00745995	      0.87046115	      0.84173565	     11.64415211	      4.06839624	     -2.20339161	     -0.12662200	     -0.18432069	     10.74941652	      3.37017033	     -2.30260055	     -0.03269997	     -0.03014407	     11.52515181	      2.66366926	     -2.57150329	     12.59390225	      1.99098207	     -2.87389515	     14.21544956	      1.25466137	     -3.25388999	      6.23249232	     -4.64931132	     -0.17546073	      0.69828211	     -1.56780647	     -0.17161686	     -0.22558041	     -0.80601485	     -0.07666856	      0.24993139	      0.73451627	     -0.00419674	      0.00578922	     -0.05035638	     -0.07090717	     -0.03290940	     -0.03063907
      1.58319700	      2.20160805	    -35.45260374	     -0.27088110	      6.73958902	    638.35309335	     21.62671989	     -3.16195532	     -4.20549439	      0.15209021	     -2.71209585	      3.24138580	     -0.07321008	      0.61108397	     -0.03278535	      0.52918488	     -0.03376101	     15.39682271	      4.82266274	     -2.09649921	      0.00080502	      0.00001148	     -0.00006708	     -0.00092856	      0.00748484	      0.87520574	      0.83928399	     11.69599041	      4.31295672	     -1.92800329	     -0.13054415	     -0.18133567	     10.83199693	      3.63780011	     -2.04201086	     -0.03286641	     -0.02991973	     11.63758187	      2.93998908	     -2.32623374	     12.72984948	      2.26349565	     -2.64546730	     14.37561983	      1.51316080	     -3.04351998	      6.47642312	     -4.46805277	     -0.16226054	      0.71507365	     -1.59101767	     -0.18161356	     -0.21320971	     -0.78657878	     -0.06507418	      0.24612249	      0.76463505	     -0.00704582	      0.00660782	     -0.05207407	     -0.07052378	     -0.02359414	     -0.03029357
      1.59986300	      2.28228721	    -35.58302667	      0.11032548	      6.51892191	    640.19173837	     18.29855081	     -3.14011856	     -4.38721815	      0.14619213	     -2.78771015	      3.37273214	     -0.06810484	      0.64101337	     -0.03294932	      0.57842816	     -0.03377838	     15.54320310	      5.04211634	     -1.68955833	      0.00080415	      0.00001199	     -0.00006637	     -0.00088034	      0.00751822	      0.87974680	      0.83603092	     11.86783260	      4.57791123	     -1.54514262	     -0.13648296	     -0.17692455	     11.04103723	      3.94313324	     -1.67823185	     -0.03292428	     -0.02970285	     11.88230356	      3.26804026	     -1.97845969	     13.00075318	      2.59811045	     -2.31387200	     14.67268334	      1.84299322	     -2.72691661	      6.82099480	     -4.05529168	     -0.13733176	      0.72791473	     -1.60524809	     -0.18643223	     -0.20188523	     -0.76021370	     -0.05306256	      0.24219364	      0.79709635	     -0.00893420	      0.00743661	     -0.05274238	     -0.06937114	     -0.01536748	     -0.03123768
      1.61652900	      2.41320653	    -35.59077954	      0.55117989	      6.00293531	    642.00996215	     14.00319186	     -3.08425442	     -4.60705777	      0.13891854	     -2.85495053	      3.54131831	     -0.05860973	      0.68012982	     -0.03312661	      0.63008960	     -0.03378184	     15.77858803	      5.26524455	     -1.21586284	      0.00080282	      0.00001474	     -0.00006652	     -0.00081943	      0.00755744	      0.88308826	      0.83238192	     12.13083939	      4.85647975	     -1.10303014	     -0.14338279	     -0.17166651	     11.34484169	      4.27379863	     -1.25879189	     -0.03282648	     -0.02950335	     12.22510145	      3.63104671	     -1.57558043	     13.37080105	      2.97495671	     -1.92638054	     15.06935885	      2.22177585	     -2.35142750	      7.23570433	     -3.46811960	     -0.10379962	      0.73458394	     -1.61238798	     -0.18642437	     -0.19482338	     -0.73100131	     -0.04110033	      0.23758222	      0.82893751	     -0.00986429	      0.00825664	     -0.05242986	     -0.06745711	     -0.00904214	     -0.03319067
      1.63319500	      2.50413573	    -35.48274310	      0.99793082	      5.21684249	    643.60461457	      9.08910411	     -2.99187399	     -4.81491138	      0.12893377	     -2.90322754	      3.70852422	     -0.04491882	      0.72670506	     -0.03329553	      0.67746877	     -0.03377128	     16.06195829	      5.48604170	     -0.73005718	      0.00080112	      0.00001969	     -0.00006768	     -0.00075116	      0.00759906	      0.88437556	      0.82884161	     12.44251626	      5.13605624	     -0.65402257	     -0.14991103	     -0.16633977	     11.69854378	      4.61048167	     -0.83493473	     -0.03254978	     -0.02933224	     12.61890722	      4.00444142	     -1.16850556	     13.79175305	      3.36585448	     -1.53369838	     15.51641734	      2.61845153	     -1.96795457	      7.68251010	     -2.77933522	     -0.06573588	      0.73338805	     -1.61526513	     -0.18265862	     -0.19386957	     -0.70428613	     -0.03064156	      0.23160709	      0.85739833	     -0.00999836	      0.00899214	     -0.05135437	     -0.06487126	     -0.00532361	     -0.03585383
      1.64986100	      2.47465370	    -35.28029714	      1.40077815	      4.19834897	    644.77679850	      3.93774957	     -2.86414255	     -4.96151172	      0.11566027	     -2.92630568	      3.83675637	     -0.02754777	      0.77804701	     -0.03343551	      0.71470499	     -0.03374674	     16.34487023	      5.69315477	     -0.28445354	      0.00079906	      0.00002655	     -0.00006986	     -0.00068072	      0.00763916	      0.88307610	      0.82590594	     12.75347953	      5.39862772	     -0.24768416	     -0.15479326	     -0.16172325	     12.05079500	      4.92833564	     -0.45474461	     -0.03209967	     -0.02920087	     13.01041320	      4.35809189	     -0.80477288	     14.20939445	      3.73711738	     -1.18308803	     15.95894393	      2.99655697	     -1.62406926	      8.11882270	     -2.07116916	     -0.02778796	      0.72381150	     -1.61657129	     -0.17660991	     -0.19956046	     -0.68527719	     -0.02361269	      0.22387330	      0.88026562	     -0.00958805	      0.00955154	     -0.04981291	     -0.06180428	     -0.00462532	     -0.03895006
      1.66652700	      2.27790285	    -35.01852895	      1.72130685	      3.01002807	    645.36979547	     -1.06480441	     -2.70861361	     -5.01148602	      0.09955463	     -2.92362152	      3.89915098	     -0.00730676	      0.83095158	     -0.03353096	      0.73779913	     -0.03370872	     16.57951839	      5.87106765	      0.07838479	      0.00079660	      0.00003481	     -0.00007286	     -0.00061256	      0.00767375	      0.87908831	      0.82395381	     13.01529592	      5.62299083	      0.07637070	     -0.15715439	     -0.15840829	     12.35149583	      5.20022894	     -0.15612809	     -0.03150835	     -0.02911898	     13.34774414	      4.66036333	     -0.52157976	     14.57106027	      4.05415767	     -0.91143302	     16.34367611	      3.31923480	     -1.35705906	      8.50176385	     -1.42505105	      0.00544429	      0.70690742	     -1.61816593	     -0.16985965	     -0.21146253	     -0.67695309	     -0.02153404	      0.21449024	      0.89628269	     -0.00890223	      0.00986551	     -0.04811779	     -0.05853822	     -0.00689964	     -0.04226099
      1.68319300	      1.91574910	    -34.74271728	      1.93731289	      1.74313014	    645.29914690	     -5.56386637	     -2.53964404	     -4.95354687	      0.08200012	     -2.89956783	      3.88615043	      0.01464481	      0.88221356	     -0.03357394	      0.74526904	     -0.03365847	     16.72602860	      6.00309001	      0.33157540	      0.00079367	      0.00004376	     -0.00007631	     -0.00055023	      0.00769929	      0.87276041	      0.82315733	     13.18765982	      5.78861513	      0.29407676	     -0.15676709	     -0.15666553	     12.55898980	      5.40149880	      0.03858760	     -0.03082706	     -0.02909139	     13.58773588	      4.88355666	     -0.34046095	     14.83290287	      4.28735936	     -0.73994428	     16.62622340	      3.55542759	     -1.18856951	      8.79345508	     -0.90886660	      0.03017657	      0.68521911	     -1.62070365	     -0.16381317	     -0.22848756	     -0.67843293	     -0.02475718	      0.20411573	      0.90546089	     -0.00816371	      0.00989637	     -0.04653696	     -0.05541090	     -0.01158033	     -0.04565059
      1.69985900	      1.44136053	    -34.50259773	      2.04380230	      0.51093891	    644.56750853	     -9.27594817	     -2.37611570	     -4.80467524	      0.06492482	     -2.86122490	      3.80743440	      0.03667876	      0.92897664	     -0.03356510	      0.73833524	     -0.03359825	     16.75721357	      6.07520852	      0.46668344	      0.00079018	      0.00005259	     -0.00007977	     -0.00049609	      0.00771318	      0.86482511	      0.82343016	     13.24319734	      5.88000254	      0.39936067	     -0.15412989	     -0.15639489	     12.64504682	      5.51485942	      0.12490189	     -0.03011595	     -0.02911411	     13.70116054	      5.00922235	     -0.26511385	     14.96527031	      4.41764203	     -0.67198549	     16.77657889	      3.68563527	     -1.12231564	      8.96611383	     -0.56511160	      0.04413638	      0.66225439	     -1.62356881	     -0.15944381	     -0.24893974	     -0.68476548	     -0.03221888	      0.19384956	      0.90916297	     -0.00750578	      0.00962080	     -0.04524257	     -0.05276401	     -0.01768611	     -0.04906827
      1.71652500	      0.94857984	    -34.34551753	      2.05023341	     -0.56853028	    643.26178137	    -12.02360551	     -2.23718991	     -4.60660897	      0.05028509	     -2.81583400	      3.68891104	      0.05674558	      0.96877443	     -0.03351289	      0.72065189	     -0.03353147	     16.66014376	      6.07937563	      0.49278020	      0.00078614	      0.00006055	     -0.00008279	     -0.00045135	      0.00771421	      0.85627691	      0.82442339	     13.16917902	      5.89004391	      0.40294917	     -0.15034381	     -0.15717285	     12.59682090	      5.53388244	      0.11480202	     -0.02943504	     -0.02917099	     13.67497442	      5.03171323	     -0.28278163	     14.95518495	      4.44005501	     -0.69442601	     16.78183370	      3.70556245	     -1.14529705	      9.00550597	     -0.40315383	      0.04698743	      0.64170860	     -1.62518978	     -0.15714150	     -0.27028318	     -0.68839737	     -0.04183678	      0.18499442	      0.90988794	     -0.00695792	      0.00901052	     -0.04428524	     -0.05088706	     -0.02405927	     -0.05253008
      1.73319100	      0.55007301	    -34.30932332	      1.97543446	     -1.39913464	    641.53649732	    -13.75512733	     -2.13750911	     -4.41496570	      0.03954053	     -2.76909544	      3.56534143	      0.07271994	      0.99927232	     -0.03343150	      0.69761853	     -0.03346268	     16.43527354	      6.01519047	      0.43252156	      0.00078160	      0.00006701	     -0.00008505	     -0.00041605	      0.00770273	      0.84822321	      0.82557754	     12.96673700	      5.82139072	      0.32829134	     -0.14681125	     -0.15839383	     12.41621024	      5.46410694	      0.03258811	     -0.02883878	     -0.02923234	     13.51184472	      4.95906308	     -0.36846047	     14.80602402	      4.36449949	     -0.78181993	     16.64603586	      3.62674178	     -1.23187232	      8.91189515	     -0.39762328	      0.04036998	      0.62669281	     -1.62372942	     -0.15674823	     -0.28884359	     -0.68173287	     -0.05131866	      0.17872408	      0.91078153	     -0.00646509	      0.00803845	     -0.04360968	     -0.04996912	     -0.02965099	     -0.05608521
      1.74985700	      0.34849103	    -34.41556712	      1.84237583	     -1.93725891	    639.59180105	    -14.54192514	     -2.08361845	     -4.28354154	      0.03333067	     -2.72425668	      3.47003329	      0.08271177	      1.01792594	     -0.03333834	      0.67525403	     -0.03339761	     16.09453027	      5.88979952	      0.31671810	      0.00077672	      0.00007162	     -0.00008642	     -0.00038928	      0.00768075	      0.84173105	      0.82624615	     12.64883716	      5.68577156	      0.20608180	     -0.14483744	     -0.15946913	     12.11771060	      5.32178414	     -0.09066526	     -0.02837383	     -0.02925797	     13.22790063	      4.81124673	     -0.49049037	     14.53521379	      4.21364710	     -0.90201630	     16.38786126	      3.47417908	     -1.34936164	      8.69853551	     -0.49347307	      0.02755148	      0.61917808	     -1.61793027	     -0.15774982	     -0.29971846	     -0.65966494	     -0.05894255	      0.17574636	      0.91500934	     -0.00593538	      0.00671612	     -0.04310594	     -0.05006707	     -0.03374541	     -0.05978148
      1.76652300	      0.40764195	    -34.66432921	      1.67429669	     -2.21531339	    637.65229522	    -14.55285558	     -2.07301680	     -4.24838733	      0.03151580	     -2.68152061	      3.42432797	      0.08499562	      1.02190981	     -0.03325153	      0.65875763	     -0.03334357	     15.65941287	      5.71662223	      0.17867451	      0.00077177	      0.00007424	     -0.00008694	     -0.00036954	      0.00765165	      0.83768457	      0.82588650	     12.23799558	      5.50191357	      0.06868874	     -0.14525426	     -0.16001746	     11.72570365	      5.13096319	     -0.22270942	     -0.02807818	     -0.02920621	     12.84961660	      4.61656412	     -0.61624600	     14.17080782	      4.01880615	     -1.02194144	     16.03692041	      3.28176031	     -1.46395276	      8.38850099	     -0.61706010	      0.01276251	      0.61975416	     -1.60777869	     -0.15950720	     -0.29714609	     -0.62115304	     -0.06397483	      0.17607289	      0.92514327	     -0.00529901	      0.00513686	     -0.04267152	     -0.05109590	     -0.03605079	     -0.06363690
      1.78318900	      0.73280793	    -35.03314311	      1.49182711	     -2.34324440	    635.94675000	    -14.01178175	     -2.09614323	     -4.31723456	      0.03346034	     -2.63800742	      3.43057250	      0.07784642	      1.00863576	     -0.03318744	      0.65123378	     -0.03330938	     15.15920807	      5.51364683	      0.04859501	      0.00076707	      0.00007500	     -0.00008680	     -0.00035523	      0.00761976	      0.83666821	      0.82426216	     11.76401021	      5.29283495	     -0.05519988	     -0.14818948	     -0.15998377	     11.27159846	      4.91971420	     -0.33546314	     -0.02797983	     -0.02904748	     12.41036274	      4.40697376	     -0.71760348	     13.74756671	      3.81457827	     -1.11322543	     15.62938476	      3.08627700	     -1.54657577	      8.01086204	     -0.69228795	      0.00031778	      0.62767832	     -1.59473891	     -0.16144183	     -0.27549863	     -0.56951404	     -0.06667842	      0.17897460	      0.94264707	     -0.00455248	      0.00348733	     -0.04225879	     -0.05284501	     -0.03665551	     -0.06761246
      1.79985500	      1.26790716	    -35.48189477	      1.31003487	     -2.47971982	    634.68550167	    -13.14899156	     -2.14059565	     -4.46831220	      0.03828397	     -2.58872746	      3.47157361	      0.05983849	      0.97691831	     -0.03315833	      0.65313601	     -0.03330446	     14.62890596	      5.30155955	     -0.05179693	      0.00076301	      0.00007419	     -0.00008627	     -0.00034494	      0.00758973	      0.83888686	      0.82157373	     11.26155120	      5.08289217	     -0.14559174	     -0.15305900	     -0.15964690	     10.79091135	      4.71601496	     -0.40996420	     -0.02809355	     -0.02877766	     11.94690765	      4.21302871	     -0.77601913	     13.30297862	      3.63306410	     -1.15746758	     15.20351167	      2.92093801	     -1.57848182	      7.59700946	     -0.65938183	     -0.00632965	      0.64111381	     -1.58147024	     -0.16314869	     -0.23078637	     -0.51149814	     -0.06804116	      0.18313608	      0.96754170	     -0.00376771	      0.00200816	     -0.04189176	     -0.05501844	     -0.03589603	     -0.07158626
      1.81652100	      1.91092157	    -35.96233433	      1.13592647	     -2.78069886	    634.03496723	    -12.15729574	     -2.19626236	     -4.65844549	      0.04498217	     -2.52818877	      3.51698476	      0.03060942	      0.92839879	     -0.03317025	      0.66254668	     -0.03333680	     14.10676522	      5.10153234	     -0.11306159	      0.00075994	      0.00007216	     -0.00008560	     -0.00033773	      0.00756579	      0.84412407	      0.81845936	     10.76765105	      4.89470296	     -0.19460205	     -0.15877280	     -0.15950733	     10.32045384	      4.54375418	     -0.43966654	     -0.02841559	     -0.02842587	     11.49619777	      4.05915420	     -0.78589763	     12.87368912	      3.49859903	     -1.14974285	     14.79569005	      2.80959702	     -1.55501508	      7.17764350	     -0.49077675	     -0.00535196	      0.65745452	     -1.57112298	     -0.16443392	     -0.16215179	     -0.45546356	     -0.06937208	      0.18695715	      0.99837010	     -0.00306940	      0.00091762	     -0.04165040	     -0.05728585	     -0.03419781	     -0.07534405
      1.83318700	      2.54195892	    -36.42789833	      0.96814713	     -3.34455593	    634.09249955	    -11.16246846	     -2.25943943	     -4.83650950	      0.05248839	     -2.45177556	      3.53436070	     -0.00841602	      0.86845901	     -0.03322161	      0.67592817	     -0.03341065	     13.63181021	      4.93257451	     -0.13867906	      0.00075817	      0.00006926	     -0.00008498	     -0.00033309	      0.00755109	      0.85174214	      0.81586006	     10.31931483	      4.74615779	     -0.20680519	     -0.16406502	     -0.16008194	      9.89586680	      4.41940063	     -0.43065016	     -0.02891793	     -0.02805359	     11.09273476	      3.96010123	     -0.75477152	     12.49276001	      3.42409120	     -1.09880381	     14.43754972	      2.76300976	     -1.48592192	      6.78072323	     -0.19821963	      0.00311577	      0.67368247	     -1.56647734	     -0.16529036	     -0.07270381	     -0.40923885	     -0.07189735	      0.18890351	      1.03251233	     -0.00260012	      0.00033530	     -0.04163540	     -0.05932784	     -0.03194669	     -0.07860175
      1.84985300	      3.05500879	    -36.83979575	      0.79959820	     -4.17233661	    634.86630378	    -10.21589266	     -2.33391340	     -4.95745887	      0.05973778	     -2.35645535	      3.50117725	     -0.05376324	      0.80587542	     -0.03330310	      0.68890706	     -0.03352462	     13.24111553	      4.80873354	     -0.14248540	      0.00075783	      0.00006578	     -0.00008449	     -0.00033092	      0.00754720	      0.86074294	      0.81478855	      9.95110454	      4.64791593	     -0.19657848	     -0.16783401	     -0.16166729	      9.54940242	      4.34985189	     -0.39882255	     -0.02954585	     -0.02774480	     10.76652209	      3.91917877	     -0.70035764	     12.18779604	      3.40963315	     -1.02401443	     14.15425608	      2.77786027	     -1.39217746	      6.43042230	      0.17120347	      0.01714709	      0.68677425	     -1.56923264	     -0.16584239	      0.03064871	     -0.37839021	     -0.07648544	      0.18780489	      1.06674233	     -0.00248781	      0.00024065	     -0.04193457	     -0.06086984	     -0.02943450	     -0.08105667
      1.86651900	      3.38432788	    -37.16820201	      0.62215486	     -5.15585660	    636.26552974	     -9.31128785	     -2.42822854	     -4.99326524	      0.06576882	     -2.24097190	      3.41377842	     -0.10025057	      0.75099127	     -0.03339935	      0.69689287	     -0.03367083	     12.96635844	      4.73670915	     -0.14403755	      0.00075892	      0.00006197	     -0.00008412	     -0.00033128	      0.00755398	      0.86990519	      0.81606661	      9.69221753	      4.60184803	     -0.18356585	     -0.16940090	     -0.16415711	      9.30752343	      4.33180991	     -0.36524554	     -0.03022236	     -0.02758947	     10.54117977	      3.92849918	     -0.64563387	     11.97955362	      3.44351854	     -0.95016681	     13.96361687	      2.83858203	     -1.30049030	      6.14681410	      0.54854074	      0.03362263	      0.69420464	     -1.57965301	     -0.16629059	      0.13827400	     -0.36539737	     -0.08356974	      0.18303675	      1.09783473	     -0.00282179	      0.00047897	     -0.04260759	     -0.06170881	     -0.02688626	     -0.08245068
      1.88318500	      3.51796258	    -37.39052445	      0.43204370	     -6.09938730	    638.10528770	     -8.41764422	     -2.55032558	     -4.93840942	      0.06989294	     -2.10602374	      3.28986672	     -0.14187225	      0.71294310	     -0.03349185	      0.69561610	     -0.03383550	     12.82955964	      4.71449463	     -0.16294557	      0.00076126	      0.00005804	     -0.00008382	     -0.00033420	      0.00756961	      0.87798618	      0.82010521	      9.56290453	      4.60080871	     -0.18723771	     -0.16862905	     -0.16699665	      9.18808254	      4.35281050	     -0.35056175	     -0.03085997	     -0.02766377	     10.43189644	      3.97113086	     -0.61294725	     11.88060833	      3.50535292	     -0.90124163	     13.87547885	      2.92145188	     -1.23662130	      5.94581890	      0.86210842	      0.04908050	      0.69450368	     -1.59661853	     -0.16687429	      0.23941311	     -0.36979964	     -0.09321129	      0.17457213	      1.12307016	     -0.00364040	      0.00080848	     -0.04369104	     -0.06173621	     -0.02452885	     -0.08263120
      1.89985100	      3.49489185	    -37.49023540	      0.23427841	     -6.77106510	    640.12898201	     -7.51296995	     -2.70205860	     -4.80899583	      0.07190248	     -1.95498111	      3.16334507	     -0.17292323	      0.69701793	     -0.03356273	      0.68180854	     -0.03400057	     12.83882566	      4.73149528	     -0.21304786	      0.00076451	      0.00005424	     -0.00008355	     -0.00033945	      0.00759105	      0.88394409	      0.82678753	      9.57083143	      4.62991649	     -0.22134046	     -0.16588576	     -0.16931104	      9.19745686	      4.39377193	     -0.36933150	     -0.03137732	     -0.02801174	     10.44336986	      4.02473587	     -0.61803808	     11.89403056	      3.57058027	     -0.89409036	     13.89115506	      3.00000707	     -1.21862623	      5.83904849	      1.05702986	      0.06059478	      0.68764828	     -1.61797623	     -0.16785022	      0.32379968	     -0.38897047	     -0.10515928	      0.16292773	      1.14057483	     -0.00492951	      0.00097558	     -0.04520891	     -0.06095286	     -0.02263714	     -0.08160443
      1.91651700	      3.38804359	    -37.45906286	      0.04442501	     -6.96861658	    642.04638406	     -6.60357587	     -2.87609761	     -4.63632736	      0.07221862	     -1.79537356	      3.07344773	     -0.18892962	      0.70322222	     -0.03359818	      0.65413467	     -0.03414597	     12.98549583	      4.77027582	     -0.29787069	      0.00076824	      0.00005081	     -0.00008332	     -0.00034643	      0.00761454	      0.88712139	      0.83548301	      9.70854897	      4.66922984	     -0.28959629	     -0.16187483	     -0.17017029	      9.32852872	      4.43263779	     -0.42567471	     -0.03171549	     -0.02863329	     10.56835718	      4.06597552	     -0.66547282	     12.01245050	      3.61544412	     -0.93364494	     14.00302162	      3.05051609	     -1.25177769	      5.83338092	      1.10918194	      0.06643593	      0.67503885	     -1.64100973	     -0.16946507	      0.38294832	     -0.41903974	     -0.11880908	      0.14904214	      1.14949595	     -0.00662762	      0.00080558	     -0.04716987	     -0.05946711	     -0.02151434	     -0.07957725
      1.93318300	      3.27974401	    -37.30276082	     -0.11346362	     -6.57675527	    643.58139463	     -5.72226890	     -3.05657266	     -4.45733494	      0.07189372	     -1.64064390	      3.05217090	     -0.18717045	      0.72661469	     -0.03359086	      0.61417094	     -0.03425176	     13.24393934	      4.80977287	     -0.40921717	      0.00077195	      0.00004801	     -0.00008313	     -0.00035418	      0.00763625	      0.88733924	      0.84518303	      9.95318607	      4.69741689	     -0.38441784	     -0.15740798	     -0.16889555	      9.56045830	      4.44843818	     -0.51200751	     -0.03184895	     -0.02948199	     10.78759992	      4.07477034	     -0.74735348	     12.21811760	      3.62127081	     -1.01160759	     14.19473311	      3.05618322	     -1.32722629	      5.93037338	      1.02879490	      0.06631815	      0.65902304	     -1.66288960	     -0.17189417	      0.41105962	     -0.45566804	     -0.13311333	      0.13411462	      1.15003317	     -0.00863190	      0.00028603	     -0.04954665	     -0.05747246	     -0.02141696	     -0.07697178
      1.94984900	      3.23704383	    -37.04763086	     -0.21218737	     -5.59785360	    644.51928021	     -4.91009633	     -3.22314734	     -4.30476561	      0.07247368	     -1.51092925	      3.11407838	     -0.16694769	      0.75919550	     -0.03354070	      0.56695452	     -0.03430038	     13.57449111	      4.82948308	     -0.52956184	      0.00077517	      0.00004603	     -0.00008297	     -0.00036152	      0.00765283	      0.88487909	      0.85471527	     10.26890242	      4.69579170	     -0.48926023	     -0.15319440	     -0.16529941	      9.86079533	      4.42502118	     -0.61148668	     -0.03178767	     -0.03047288	     11.07166585	      4.03760257	     -0.84592793	     12.48449476	      3.57724858	     -1.10925189	     14.44259637	      3.00927560	     -1.42504009	      6.12598265	      0.85314994	      0.06119973	      0.64217906	     -1.68105851	     -0.17514206	      0.40571280	     -0.49469395	     -0.14663746	      0.11942157	      1.14332852	     -0.01080207	     -0.00039835	     -0.05224924	     -0.05521017	     -0.02247691	     -0.07438047
      1.96651500	      3.29352329	    -36.74336165	     -0.22802203	     -4.14978055	    644.74130618	     -4.19222192	     -3.35678922	     -4.19969428	      0.07573812	     -1.43166396	      3.25161140	     -0.12975374	      0.79252850	     -0.03345393	      0.52062292	     -0.03427908	     13.92908430	      4.81381343	     -0.63707515	      0.00077753	      0.00004498	     -0.00008278	     -0.00036730	      0.00766180	      0.88036178	      0.86297093	     10.61180844	      4.65198989	     -0.58344816	     -0.14970520	     -0.15977694	     10.18975824	      4.35387218	     -0.70296096	     -0.03157028	     -0.03149711	     11.38464578	      3.94946502	     -0.93883074	     12.77942547	      3.48151621	     -1.20298330	     14.71823486	      2.91124585	     -1.52016534	      6.41093334	      0.63247923	      0.05278669	      0.62662534	     -1.69354740	     -0.17894559	      0.36841015	     -0.53278440	     -0.15790234	      0.10613450	      1.13119687	     -0.01296394	     -0.00091667	     -0.05510837	     -0.05292631	     -0.02467243	     -0.07244176
      1.98318100	      3.44269682	    -36.45890608	     -0.14673266	     -2.43455197	    644.23804808	     -3.55868285	     -3.44492635	     -4.14831579	      0.08326534	     -1.42970116	      3.43761172	     -0.07919986	      0.82005520	     -0.03334086	      0.48499045	     -0.03418200	     14.25824562	      4.75564590	     -0.71154341	      0.00077877	      0.00004482	     -0.00008244	     -0.00037077	      0.00766182	      0.87456725	      0.86907992	     10.93619537	      4.56260811	     -0.64781335	     -0.14713449	     -0.15320954	     10.50568174	      4.23567607	     -0.76671730	     -0.03125095	     -0.03244006	     11.68885440	      3.81443205	     -1.00513294	     13.06915293	      3.34083822	     -1.27071400	     14.99194010	      2.77145737	     -1.58920676	      6.77149180	      0.41472847	      0.04295699	      0.61354562	     -1.69919537	     -0.18273939	      0.30469557	     -0.56800318	     -0.16591045	      0.09517290	      1.11570780	     -0.01491748	     -0.00092015	     -0.05788167	     -0.05083201	     -0.02785872	     -0.07166575
      1.99984700	      3.64457224	    -36.27147279	      0.03225498	     -0.68702922	    643.10044007	     -2.95878215	     -3.48421087	     -4.14370658	      0.09585216	     -1.52774006	      3.63438020	     -0.02054132	      0.83833539	     -0.03321350	      0.46939906	     -0.03401170	     14.51762158	      4.65831141	     -0.73985762	      0.00077882	      0.00004541	     -0.00008180	     -0.00037183	      0.00765266	      0.86825434	      0.87249724	     11.20044923	      4.43428108	     -0.66989751	     -0.14544771	     -0.14670996	     10.77021967	      4.08040883	     -0.78974451	     -0.03088461	     -0.03319891	     11.94931947	      3.64491383	     -1.03083203	     13.32214202	      3.16916361	     -1.29758319	     15.23581530	      2.60505001	     -1.61643173	      7.19025756	      0.23359054	      0.03327861	      0.60306124	     -1.69773066	     -0.18571675	      0.22345060	     -0.59995689	     -0.17052669	      0.08711686	      1.09872605	     -0.01645403	     -0.00018163	     -0.06028761	     -0.04907598	     -0.03182380	     -0.07228429
      2.01651300	      3.84207471	    -36.25205893	      0.29439843	      0.88108998	    641.49475883	     -2.31305975	     -3.48043235	     -4.17136951	      0.11302150	     -1.73864458	      3.80594807	      0.04014523	      0.84706213	     -0.03308344	      0.48057558	     -0.03377929	     14.67263759	      4.53544004	     -0.71981716	      0.00077776	      0.00004655	     -0.00008071	     -0.00037111	      0.00763512	      0.86203160	      0.87300234	     11.37141062	      4.28288755	     -0.64754944	     -0.14448564	     -0.14130042	     10.95226319	      3.90589067	     -0.76933941	     -0.03051491	     -0.03369639	     12.13721281	      3.45972134	     -1.01256140	     13.51202194	      2.98535283	     -1.27975321	     15.42619033	      2.43038106	     -1.59766549	      7.64682112	      0.10263099	      0.02473344	      0.59446730	     -1.68970451	     -0.18698490	      0.13531154	     -0.62924528	     -0.17242762	      0.08218712	      1.08160203	     -0.01738370	      0.00132934	     -0.06206049	     -0.04773551	     -0.03631881	     -0.07419566
      2.03317900	      3.98075821	    -36.45214198	      0.61166520	      2.12365309	    639.63082210	     -1.53878855	     -3.44632127	     -4.21606815	      0.13287445	     -2.06145324	      3.92889381	      0.09690377	      0.84823472	     -0.03296074	      0.52125527	     -0.03350305	     14.70105812	      4.40855040	     -0.66107854	      0.00077584	      0.00004803	     -0.00007909	     -0.00036977	      0.00761084	      0.85630450	      0.87063978	     11.42693633	      4.13092297	     -0.58982231	     -0.14408053	     -0.13764274	     11.03037042	      3.73501291	     -0.71398585	     -0.03016828	     -0.03388803	     12.23208229	      3.28128366	     -0.95844747	     13.61957192	      2.81050539	     -1.22521122	     15.54530384	      2.26655036	     -1.54100488	      8.11816918	      0.01658370	      0.01769160	      0.58668489	     -1.67631439	     -0.18578333	      0.05068304	     -0.65638063	     -0.17263394	      0.08028725	      1.06517182	     -0.01756842	      0.00346143	     -0.06300894	     -0.04682572	     -0.04104521	     -0.07702376
      2.04984500	      4.02450722	    -36.89471778	      0.94687129	      2.97643169	    637.73179282	     -0.57842480	     -3.39834830	     -4.26729597	      0.15237254	     -2.48020354	      3.99766299	      0.14467449	      0.84504443	     -0.03285342	      0.58991190	     -0.03320596	     14.59415008	      4.30285054	     -0.58291286	      0.00077337	      0.00004968	     -0.00007697	     -0.00036902	      0.00758219	      0.85129462	      0.86564523	     11.35720785	      4.00352778	     -0.51486101	     -0.14414194	     -0.13591411	     10.99413409	      3.59212387	     -0.64123348	     -0.02985445	     -0.03376279	     12.22322828	      3.13247440	     -0.88588468	     13.63403951	      2.66529895	     -1.15139803	     15.58250777	      2.13135678	     -1.46423436	      8.57874995	     -0.04175976	      0.01208280	      0.57873689	     -1.65916537	     -0.18169941	     -0.02189962	     -0.68079557	     -0.17193688	      0.08109025	      1.05007282	     -0.01695085	      0.00595308	     -0.06305901	     -0.04632107	     -0.04563599	     -0.08025645
      2.06651100	      3.96191956	    -37.57027151	      1.25982304	      3.44712014	    636.01030889	      0.57977898	     -3.35332035	     -4.32151826	      0.16796306	     -2.96548421	      4.02272863	      0.17969711	      0.84088528	     -0.03276764	      0.68134711	     -0.03291273	     14.35724643	      4.24229657	     -0.50954327	      0.00077071	      0.00005145	     -0.00007451	     -0.00036975	      0.00755201	      0.84710269	      0.85840146	     11.16543099	      3.92402010	     -0.44550417	     -0.14468333	     -0.13585624	     10.84498536	      3.49918936	     -0.57333100	     -0.02957199	     -0.03333953	     12.11059711	      3.03344130	     -0.81705578	     13.55407372	      2.56752824	     -1.08057556	     15.53520496	      2.03965477	     -1.38996401	      9.00050096	     -0.09276514	      0.00763637	      0.57012086	     -1.64000873	     -0.17480454	     -0.07651568	     -0.70057662	     -0.17057712	      0.08414168	      1.03721305	     -0.01556917	      0.00851045	     -0.06227005	     -0.04617952	     -0.04968345	     -0.08340158
      2.08317700	      3.80237493	    -38.43660109	      1.51406419	      3.58911953	    634.65102038	      1.89474235	     -3.32522826	     -4.38078879	      0.17637124	     -3.47782025	      4.02302748	      0.19952350	      0.83865295	     -0.03270779	      0.78758853	     -0.03264749	     14.00994432	      4.24510932	     -0.46451266	      0.00076821	      0.00005334	     -0.00007193	     -0.00037221	      0.00752341	      0.84377926	      0.84944659	     10.86810984	      3.90983763	     -0.40395080	     -0.14578483	     -0.13695355	     10.59654815	      3.47230055	     -0.53196646	     -0.02931592	     -0.03266312	     11.90523440	      2.99871134	     -0.77361070	     13.38826574	      2.52984851	     -1.03441848	     15.40947173	      2.00183805	     -1.34007379	      9.35361479	     -0.15299501	      0.00406556	      0.56100788	     -1.62049994	     -0.16565826	     -0.10970416	     -0.71308229	     -0.16832808	      0.08894986	      1.02816093	     -0.01355357	      0.01086420	     -0.06082021	     -0.04636074	     -0.05282080	     -0.08610700
      2.09984300	      3.56539755	    -39.42177965	      1.68279678	      3.47359605	    633.79646425	      3.28014393	     -3.32273400	     -4.44895232	      0.17535304	     -3.97214961	      4.01631435	      0.20286824	      0.84030784	     -0.03267661	      0.89873420	     -0.03243207	     13.58543164	      4.32063292	     -0.46565728	      0.00076616	      0.00005538	     -0.00006947	     -0.00037604	      0.00749948	      0.84137674	      0.83951216	     10.49444994	      3.96955995	     -0.40695986	     -0.14751562	     -0.13865824	     10.27413080	      3.51895918	     -0.53355362	     -0.02908472	     -0.03180156	     11.62889277	      3.03478122	     -0.77196046	     13.15489861	      2.55773068	     -1.02931182	     15.21997225	      2.02224300	     -1.33099125	      9.60870351	     -0.23226125	      0.00112810	      0.55223112	     -1.60202268	     -0.15517694	     -0.11986749	     -0.71604716	     -0.16485282	      0.09504247	      1.02527039	     -0.01110473	      0.01280525	     -0.05896723	     -0.04683453	     -0.05480957	     -0.08822149
      2.11650900	      3.26950546	    -40.43075898	      1.75260721	      3.17092723	    633.53316666	      4.62515228	     -3.34771694	     -4.52766364	      0.16419706	     -4.40317297	      4.01144375	      0.18965741	      0.84661827	     -0.03267486	      1.00379871	     -0.03228459	     13.12807265	      4.46786413	     -0.52185840	      0.00076480	      0.00005759	     -0.00006734	     -0.00038054	      0.00748289	      0.83997410	      0.82953163	     10.08414438	      4.10134432	     -0.46269894	     -0.14985800	     -0.14058521	      9.91270043	      3.63646161	     -0.58614046	     -0.02888520	     -0.03084214	     11.31219822	      3.13848937	     -0.82023436	     12.88034875	      2.64787954	     -1.07337549	     14.98863069	      2.09765806	     -1.37079885	      9.74027611	     -0.33463485	     -0.00142550	      0.54506959	     -1.58560349	     -0.14442226	     -0.10681504	     -0.70854063	     -0.16005347	      0.10198169	      1.03145980	     -0.00845863	      0.01420820	     -0.05699807	     -0.04758080	     -0.05557714	     -0.08980260
      2.13317500	      2.92612060	    -41.35602028	      1.72443414	      2.74467246	    633.87771159	      5.82339234	     -3.39519171	     -4.61423912	      0.14384396	     -4.73116916	      4.00540336	      0.16135064	      0.85703864	     -0.03270079	      1.09177764	     -0.03221784	     12.68878018	      4.67552394	     -0.63194109	      0.00076429	      0.00005993	     -0.00006565	     -0.00038508	      0.00747543	      0.83967689	      0.82056739	      9.68315945	      4.29284448	     -0.56963100	     -0.15267093	     -0.14261802	      9.55303850	      3.81165162	     -0.68830177	     -0.02873426	     -0.02988400	     10.99113567	      3.29660348	     -0.91720836	     12.59593749	      2.78766962	     -1.16545991	     14.74188181	      2.21659914	     -1.45833392	      9.73084294	     -0.46105209	     -0.00392576	      0.54087257	     -1.57191904	     -0.13440072	     -0.07179432	     -0.69134430	     -0.15421281	      0.10934348	      1.04966195	     -0.00584807	      0.01504196	     -0.05518420	     -0.04858404	     -0.05518704	     -0.09108613
      2.14984100	      2.54079248	    -42.09123335	      1.61230857	      2.25432489	    634.76667553	      6.80129029	     -3.45456730	     -4.70207076	      0.11664825	     -4.92723578	      3.98592432	      0.12118666	      0.86973715	     -0.03274964	      1.15295788	     -0.03223734	     12.31858502	      4.92341803	     -0.78537501	      0.00076470	      0.00006230	     -0.00006436	     -0.00038939	      0.00747763	      0.84059676	      0.81365364	      9.33791649	      4.52257098	     -0.71715802	     -0.15570517	     -0.14489094	      9.23648941	      4.02223164	     -0.82973216	     -0.02865740	     -0.02902652	     10.70229142	      3.48701870	     -1.05287799	     12.33367854	      2.95616926	     -1.29572798	     14.50694896	      2.36009877	     -1.58381333	      9.57474340	     -0.61048241	     -0.00677499	      0.54060972	     -1.56138651	     -0.12594755	     -0.01792830	     -0.66676370	     -0.14793116	      0.11667799	      1.08204715	     -0.00347506	      0.01536330	     -0.05375380	     -0.04982331	     -0.05377203	     -0.09242536
      2.16650700	      2.12000779	    -42.54562835	      1.44090564	      1.75971247	    636.05743509	      7.53711505	     -3.51181582	     -4.78295493	      0.08592134	     -4.97682795	      3.93828934	      0.07395314	      0.88180374	     -0.03281353	      1.18025123	     -0.03233997	     12.06159435	      5.18486334	     -0.96408030	      0.00076598	      0.00006451	     -0.00006339	     -0.00039385	      0.00748854	      0.84281689	      0.80960335	      9.08893499	      4.76255200	     -0.88738483	     -0.15865654	     -0.14765594	      8.99928561	      4.23959278	     -0.99292483	     -0.02868416	     -0.02835630	     10.47778478	      3.68162925	     -1.21005686	     12.12179901	      3.12691756	     -1.44719104	     14.30797421	      2.50428968	     -1.73032142	      9.28054375	     -0.77831580	     -0.01032011	      0.54448809	     -1.55430329	     -0.11970480	      0.04936434	     -0.63821174	     -0.14199046	      0.12347642	      1.12920566	     -0.00150023	      0.01529765	     -0.05288217	     -0.05126157	     -0.05148299	     -0.09420466
      2.18317300	      1.67910564	    -42.65648712	      1.24263571	      1.32051428	    637.54550485	      8.06577625	     -3.55199814	     -4.84992193	      0.05542603	     -4.88099534	      3.85322415	      0.02517803	      0.88965792	     -0.03288211	      1.17023711	     -0.03251365	     11.94883503	      5.42993670	     -1.14468875	      0.00076802	      0.00006641	     -0.00006255	     -0.00039944	      0.00750586	      0.84635291	      0.80884479	      8.96524216	      4.98198684	     -1.05737354	     -0.16123100	     -0.15109784	      8.86759522	      4.43280179	     -1.15533601	     -0.02884138	     -0.02793558	     10.34090960	      3.85047680	     -1.36643080	     11.98093663	      3.27204765	     -1.59765962	     14.16278962	      2.62438112	     -1.87565468	      8.87089555	     -0.95302379	     -0.01466197	      0.55177616	     -1.55095004	     -0.11614246	      0.12240188	     -0.60985955	     -0.13726260	      0.12918186	      1.18954521	     -0.00004390	      0.01501497	     -0.05269068	     -0.05284103	     -0.04848833	     -0.09673796
      2.19983900	      1.24636483	    -42.39779461	      1.05418438	      0.99019286	    638.99741807	      8.46683838	     -3.56169316	     -4.89921058	      0.02892977	     -4.65542936	      3.73235223	     -0.01998277	      0.88964755	     -0.03294401	      1.12368985	     -0.03273877	     11.99413179	      5.62931127	     -1.30120967	      0.00077063	      0.00006782	     -0.00006169	     -0.00040744	      0.00752635	      0.85111958	      0.81133530	      8.98057131	      5.15148970	     -1.20180632	     -0.16319687	     -0.15519019	      8.85418716	      4.57316874	     -1.29197466	     -0.02914608	     -0.02779424	     10.30326546	      3.96645735	     -1.49705665	     11.92168553	      3.36693652	     -1.72215306	     14.08089679	      2.69911720	     -1.99463661	      8.37969630	     -1.11375971	     -0.01950649	      0.56083455	     -1.55154373	     -0.11556778	      0.19189394	     -0.58640204	     -0.13469003	      0.13328035	      1.25916875	      0.00080920	      0.01470231	     -0.05323985	     -0.05448869	     -0.04501895	     -0.10017549
      2.21650500	      0.86056904	    -41.78411312	      0.91209346	      0.80931376	    640.19169983	      8.83634942	     -3.53100434	     -4.93076682	      0.00981171	     -4.32786087	      3.58907202	     -0.05771030	      0.87877716	     -0.03298883	      1.04550763	     -0.03299079	     12.19247965	      5.75837112	     -1.40843779	      0.00077354	      0.00006868	     -0.00006066	     -0.00041902	      0.00754648	      0.85691126	      0.81657153	      9.13180643	      5.24742611	     -1.29634682	     -0.16441161	     -0.15965930	      8.95713872	      4.63869967	     -1.37872592	     -0.02959937	     -0.02792634	     10.36375707	      4.00972691	     -1.57766401	     11.94382746	      3.39440180	     -1.79618330	     14.06294815	      2.71462679	     -2.06239061	      7.84758557	     -1.23156206	     -0.02415390	      0.56922879	     -1.55597797	     -0.11810095	      0.24815814	     -0.57276133	     -0.13528632	      0.13547322	      1.33241367	      0.00100782	      0.01453334	     -0.05450811	     -0.05613004	     -0.04142240	     -0.10446185
      2.23317100	      0.56298648	    -40.86956762	      0.84758449	      0.80218163	    640.95865513	      9.25045355	     -3.45500667	     -4.94746540	      0.00068472	     -3.93434767	      3.44508888	     -0.08602219	      0.85544924	     -0.03300917	      0.94404243	     -0.03324363	     12.52086383	      5.80098649	     -1.44593654	      0.00077648	      0.00006900	     -0.00005942	     -0.00043458	      0.00756308	      0.86340066	      0.82369382	      9.39966165	      5.25562435	     -1.32152484	     -0.16482613	     -0.16405793	      9.16056508	      4.61762216	     -1.39624691	     -0.03018286	     -0.02829254	     10.50942106	      3.97092992	     -1.58862339	     12.03720028	      3.34753681	     -1.79980298	     14.10167270	      2.66674041	     -2.05849344	      7.31709775	     -1.27495910	     -0.02765904	      0.57386574	     -1.56340754	     -0.12361437	      0.28281955	     -0.57345051	     -0.14007471	      0.13587978	      1.40307535	      0.00053918	      0.01464466	     -0.05636207	     -0.05770435	     -0.03817989	     -0.10939202
      2.24983700	      0.38727566	    -39.74230651	      0.88146487	      0.97803581	    641.21028370	      9.73347268	     -3.33460860	     -4.95372290	      0.00304863	     -3.51487032	      3.32462388	     -0.10475594	      0.82006134	     -0.03300219	      0.82990055	     -0.03347316	     12.94117963	      5.75212807	     -1.40198169	      0.00077912	      0.00006888	     -0.00005798	     -0.00045337	      0.00757387	      0.87015462	      0.83166088	      9.75127830	      5.17364346	     -1.26655259	     -0.16447693	     -0.16789698	      9.43703709	      4.51019387	     -1.33384263	     -0.03085788	     -0.02882843	     10.71772546	      3.85251301	     -1.51897253	     12.18385035	      3.23051619	     -1.72179105	     14.18389185	      2.56120147	     -1.97135706	      6.82838008	     -1.21852177	     -0.02911892	      0.57124805	     -1.57188203	     -0.13165565	      0.29089304	     -0.59142101	     -0.14991362	      0.13518155	      1.46612681	     -0.00055815	      0.01513398	     -0.05853776	     -0.05917541	     -0.03584828	     -0.11477290
      2.26650300	      0.35101121	    -38.51497711	      1.02029569	      1.33721664	    640.95308112	     10.23984572	     -3.17671760	     -4.95420329	      0.01703915	     -3.10860844	      3.24855281	     -0.11523955	      0.77528683	     -0.03297022	      0.71439266	     -0.03366015	     13.40470759	      5.61863444	     -1.27668468	      0.00078117	      0.00006849	     -0.00005642	     -0.00047338	      0.00757773	      0.87666356	      0.83944745	     10.14426477	      5.01098109	     -1.13231517	     -0.16347483	     -0.17077440	      9.75123953	      4.32827962	     -1.19253847	     -0.03156797	     -0.02945683	     10.95990959	      3.66773129	     -1.36966677	     12.36106217	      3.05710927	     -1.56308541	     14.29323860	      2.41166836	     -1.80187922	      6.41609009	     -1.05132051	     -0.02798277	      0.55802449	     -1.57836134	     -0.14140998	      0.27291341	     -0.62653224	     -0.16522846	      0.13459971	      1.51951202	     -0.00218018	      0.01608280	     -0.06065971	     -0.06053567	     -0.03491870	     -0.12062726
      2.28316900	      0.45129330	    -37.31197538	      1.25502818	      1.87934602	    640.28081118	     10.65471249	     -2.99355881	     -4.95300104	      0.04131545	     -2.74949487	      3.23000150	     -0.11984850	      0.72591693	     -0.03292008	      0.60795723	     -0.03379218	     13.85773084	      5.41779890	     -1.08308293	      0.00078233	      0.00006807	     -0.00005484	     -0.00049164	      0.00757468	      0.88238208	      0.84620494	     10.53180147	      4.78705621	     -0.93235003	     -0.16199348	     -0.17246220	     10.06450448	      4.09273049	     -0.98612401	     -0.03224449	     -0.03009967	     11.20500174	      3.43757085	     -1.15475679	     12.54490609	      2.84729726	     -1.33809102	     14.41321804	      2.23609166	     -1.56490243	      6.10756747	     -0.78181219	     -0.02425738	      0.53198612	     -1.57943820	     -0.15177210	      0.23641959	     -0.67421373	     -0.18575280	      0.13561293	      1.56541152	     -0.00415543	      0.01758426	     -0.06232035	     -0.06180247	     -0.03563226	     -0.12733223
      2.29983500	      0.66555155	    -36.25467786	      1.56244645	      2.60742252	    639.35043767	     10.81523075	     -2.80112277	     -4.95328267	      0.07308196	     -2.46294844	      3.27234661	     -0.12139644	      0.67825194	     -0.03286150	      0.51894274	     -0.03386429	     14.24812403	      5.17404112	     -0.84531812	      0.00078238	      0.00006782	     -0.00005337	     -0.00050484	      0.00756569	      0.88677771	      0.85133688	     10.86857003	      4.52747908	     -0.69097132	     -0.16025391	     -0.17293556	     10.33990971	      3.82932957	     -0.73928956	     -0.03281446	     -0.03068583	     11.42413723	      3.18655275	     -0.89955183	     12.71385971	      2.62310471	     -1.07285967	     14.53009219	      2.05270339	     -1.28740748	      5.92155819	     -0.43732134	     -0.01853394	      0.49339671	     -1.57277089	     -0.16156206	      0.19590100	     -0.72510643	     -0.21040334	      0.13942490	      1.61040456	     -0.00626865	      0.01974630	     -0.06321666	     -0.06300519	     -0.03783458	     -0.13561167
      2.31650100	      0.95679380	    -35.44631261	      1.90859442	      3.52329081	    638.34792898	     10.54834877	     -2.61692373	     -4.95708522	      0.10827473	     -2.26436943	      3.36981264	     -0.12236903	      0.63915865	     -0.03280515	      0.45298650	     -0.03387811	     14.53248351	      4.91464432	     -0.59442328	      0.00078121	      0.00006794	     -0.00005212	     -0.00051007	      0.00755232	      0.88938235	      0.85448560	     11.11706542	      4.25974726	     -0.43907772	     -0.15849629	     -0.17234760	     10.54750392	      3.56458423	     -0.48338016	     -0.03320943	     -0.03115466	     11.59472752	      2.93878453	     -0.63626870	     12.85202593	      2.40504509	     -0.80061974	     14.63507949	      1.87701755	     -1.00389613	      5.86702122	     -0.05872380	     -0.01184751	      0.44600478	     -1.55858062	     -0.16983702	      0.17060131	     -0.76621541	     -0.23735305	      0.14639558	      1.66427970	     -0.00831194	      0.02265410	     -0.06329054	     -0.06416676	     -0.04094558	     -0.14637700
      2.33316700	      1.28085200	    -34.95850893	      2.25324257	      4.61301502	    637.45144561	      9.71412445	     -2.45755454	     -4.96503125	      0.14200714	     -2.15929060	      3.50970451	     -0.12434649	      0.61502619	     -0.03276068	      0.41299247	     -0.03384009	     14.68284097	      4.66580124	     -0.36295283	      0.00077882	      0.00006855	     -0.00005116	     -0.00050547	      0.00753644	      0.88983926	      0.85547134	     11.25346134	      4.00961154	     -0.20887943	     -0.15693739	     -0.17097483	     10.66899352	      3.32259238	     -0.25101631	     -0.03337399	     -0.03145690	     11.70395853	      2.71544824	     -0.39843648	     12.95153737	      2.21031334	     -0.55594866	     14.72557321	      1.72089866	     -0.75028083	      5.94243026	      0.30779911	     -0.00542737	      0.39677260	     -1.54012126	     -0.17616723	      0.18041245	     -0.78369571	     -0.26436992	      0.15581697	      1.73773159	     -0.01014133	      0.02630367	     -0.06277965	     -0.06529075	     -0.04408075	     -0.16047466
      2.34983300	      1.59354088	    -34.82170123	      2.55504363	      5.82487833	    636.80011915	      8.24409056	     -2.33665575	     -4.97614442	      0.16928668	     -2.14477432	      3.67502424	     -0.12788441	      0.61086875	     -0.03273515	      0.39955963	     -0.03375924	     14.69183365	      4.44979228	     -0.17930297	      0.00077538	      0.00006969	     -0.00005051	     -0.00049070	      0.00751997	      0.88794018	      0.85423162	     11.27200763	      3.79883977	     -0.02838705	     -0.15572857	     -0.16916126	     10.70105361	      3.12359448	     -0.07046469	     -0.03327259	     -0.03155494	     11.75098216	      2.53421895	     -0.21499852	     13.01370362	      2.05310772	     -0.36858704	     14.80515189	      1.59395353	     -0.55734398	      6.13572255	      0.61989788	     -0.00040214	      0.35395642	     -1.52250921	     -0.18072445	      0.24098749	     -0.76700279	     -0.28955493	      0.16629034	      1.83956443	     -0.01170360	      0.03054375	     -0.06212062	     -0.06636411	     -0.04631853	     -0.17842478
      2.36649900	      1.85703466	    -35.02106333	      2.77730332	      7.04968955	    636.47594538	      6.16704320	     -2.26357339	     -4.98814299	      0.18584184	     -2.21152742	      3.84692299	     -0.13273897	      0.62969681	     -0.03273230	      0.41161305	     -0.03364521	     14.57524323	      4.28339162	     -0.06231586	      0.00077121	      0.00007130	     -0.00005012	     -0.00046697	      0.00750481	      0.88365020	      0.85078848	     11.18695284	      3.64425841	      0.08378606	     -0.15493265	     -0.16727280	     10.65643712	      2.98384184	      0.03964446	     -0.03289323	     -0.03142406	     11.74720092	      2.41001097	     -0.10479105	     13.04853547	      1.94627094	     -0.25765602	     14.88228991	      1.50621426	     -0.44462181	      6.42446358	      0.84721294	      0.00248009	      0.32437700	     -1.51047745	     -0.18412212	      0.35955124	     -0.71349353	     -0.31251008	      0.17655271	      1.97417488	     -0.01301596	      0.03507092	     -0.06174599	     -0.06737615	     -0.04706101	     -0.20023248
      2.38316500	      2.04498706	    -35.49881203	      2.89396058	      8.11706576	    636.50209245	      3.61539373	     -2.24256101	     -4.99818861	      0.18884340	     -2.34602122	      4.00694256	     -0.13818847	      0.67214156	     -0.03275268	      0.44694022	     -0.03350716	     14.37083925	      4.17705994	     -0.01709434	      0.00076677	      0.00007327	     -0.00004989	     -0.00043692	      0.00749272	      0.87712233	      0.84525298	     11.03113575	      3.55728341	      0.12247331	     -0.15452460	     -0.16565777	     10.56229892	      2.91560566	      0.07439186	     -0.03224861	     -0.03105518	     11.71435130	      2.35552958	     -0.07234585	     13.07263440	      1.90243119	     -0.22731396	     14.96806535	      1.46998533	     -0.41586126	      6.77633948	      0.97675605	      0.00304785	      0.31137175	     -1.50634612	     -0.18710829	      0.53259772	     -0.63180429	     -0.33563313	      0.18628441	      2.14001790	     -0.01411419	      0.03949900	     -0.06188891	     -0.06834677	     -0.04637349	     -0.22532661
      2.39983100	      2.14551676	    -36.16301801	      2.89461001	      8.81632172	    636.85532192	      0.80669135	     -2.27233544	     -5.00361216	      0.17738819	     -2.53201264	      4.13904778	     -0.14330306	      0.73629695	     -0.03279429	      0.50242638	     -0.03335379	     14.13281235	      4.13439076	     -0.03338687	      0.00076257	      0.00007540	     -0.00004969	     -0.00040412	      0.00748534	      0.86870437	      0.83786333	     10.85083052	      3.54312143	      0.09758396	     -0.15440929	     -0.16460547	     10.45562141	      2.92618350	      0.04415946	     -0.03137547	     -0.03045916	     11.68053953	      2.38018879	     -0.10634831	     13.10583550	      1.93294195	     -0.26524782	     15.07348667	      1.49887936	     -0.45753436	      7.15106873	      1.01396417	      0.00174496	      0.31446455	     -1.50924127	     -0.19029828	      0.74600819	     -0.54213815	     -0.36489846	      0.19647067	      2.32948705	     -0.01500149	      0.04347570	     -0.06249422	     -0.06935422	     -0.04514818	     -0.25263675
      2.41649700	      2.16166936	    -36.90212573	      2.78683981	      8.93862848	    637.48645357	     -1.99945001	     -2.34599259	     -5.00222766	      0.15270564	     -2.75130028	      4.23143395	     -0.14710773	      0.81778727	     -0.03285357	      0.57399095	     -0.03319418	     13.92210547	      4.15153629	     -0.08767177	      0.00075917	      0.00007752	     -0.00004939	     -0.00037240	      0.00748407	      0.85893752	      0.82903777	     10.69730814	      3.59940752	      0.03219504	     -0.15444858	     -0.16429865	     10.37630184	      3.01568129	     -0.02736086	     -0.03033304	     -0.02967146	     11.67483481	      2.48715068	     -0.18183749	     13.16722179	      2.04431923	     -0.34508348	     15.20704152	      1.60365205	     -0.54150387	      7.50480560	      0.97900450	     -0.00051978	      0.33071573	     -1.51579548	     -0.19406369	      0.97737338	     -0.47244238	     -0.40940927	      0.20918141	      2.53019924	     -0.01562354	      0.04677996	     -0.06326208	     -0.07055007	     -0.04497106	     -0.28076845
      2.43316300	      2.10998268	    -37.60290000	      2.59436850	      8.32637735	    638.34091384	     -4.55808049	     -2.45147858	     -4.99234714	      0.11806862	     -2.98401169	      4.27804762	     -0.14860650	      0.91008396	     -0.03292643	      0.65640669	     -0.03303885	     13.79440532	      4.21677544	     -0.14905794	      0.00075699	      0.00007948	     -0.00004891	     -0.00034504	      0.00748999	      0.84854379	      0.81941307	     10.61666844	      3.71482235	     -0.04307722	     -0.15449631	     -0.16476492	     10.35915150	      3.17448797	     -0.10888737	     -0.02920019	     -0.02875518	     11.72133835	      2.66968934	     -0.26621615	     13.27110072	      2.23357249	     -0.43270983	     15.37269165	      1.78638717	     -0.63175169	      7.79679549	      0.89956696	     -0.00266493	      0.35677093	     -1.52180169	     -0.19856046	      1.19964285	     -0.45099740	     -0.47925501	      0.22694273	      2.72719047	     -0.01587678	      0.04933548	     -0.06377627	     -0.07215018	     -0.04766636	     -0.30819594
      2.44982900	      2.01783667	    -38.16799818	      2.35088127	      6.91357429	    639.37175570	     -6.68976236	     -2.57280545	     -4.97291706	      0.07837080	     -3.20890348	      4.27954517	     -0.14667394	      1.00507936	     -0.03300935	      0.74322177	     -0.03290005	     13.78872367	      4.31088490	     -0.18767103	      0.00075635	      0.00008116	     -0.00004823	     -0.00032421	      0.00750375	      0.83839538	      0.80984191	     10.64033280	      3.86876553	     -0.09819274	     -0.15444064	     -0.16584262	     10.42655325	      3.38197076	     -0.16972875	     -0.02807059	     -0.02780031	     11.83384928	      2.90879824	     -0.32770437	     13.42348757	      2.48466671	     -0.49505013	     15.56824743	      2.03558623	     -0.69357887	      7.99650710	      0.80268619	     -0.00375972	      0.39039207	     -1.52392424	     -0.20381065	      1.38489131	     -0.49745055	     -0.58173284	      0.25202718	      2.90518855	     -0.01564068	      0.05112212	     -0.06363931	     -0.07439716	     -0.05461200	     -0.33337792
      2.46649500	      1.91937149	    -38.52879534	      2.09171065	      4.74758379	    640.54147092	     -8.30868966	     -2.69195570	     -4.94400618	      0.03937204	     -3.40398256	      4.24318532	     -0.13994216	      1.09390318	     -0.03310018	      0.82692888	     -0.03279135	     13.91975862	      4.40918471	     -0.18285722	      0.00075731	      0.00008254	     -0.00004740	     -0.00031063	      0.00752548	      0.82945363	      0.80133691	     10.77878862	      4.03313476	     -0.11170229	     -0.15424655	     -0.16718192	     10.58370452	      3.60769430	     -0.18783028	     -0.02704489	     -0.02691736	     12.01244305	      3.17362388	     -0.34358114	     13.61986254	      2.76799264	     -0.50855482	     15.78432424	      2.32439163	     -0.70245205	      8.08879643	      0.70842977	     -0.00325379	      0.43084648	     -1.52074627	     -0.20977402	      1.50733299	     -0.61523549	     -0.71671140	      0.28592872	      3.05016410	     -0.01482010	      0.05203513	     -0.06255972	     -0.07750194	     -0.06602510	     -0.35473900
      2.48316100	      1.84928789	    -38.65045253	      1.84641355	      1.99082345	    641.81405773	     -9.42282636	     -2.79115675	     -4.90740088	      0.00674586	     -3.54758915	      4.18129195	     -0.12686688	      1.16791706	     -0.03319826	      0.89943043	     -0.03272643	     14.17624576	      4.48572679	     -0.12867356	      0.00075979	      0.00008366	     -0.00004652	     -0.00030370	      0.00755475	      0.82266795	      0.79496812	     11.02044076	      4.17661866	     -0.07617610	     -0.15398346	     -0.16829568	     10.81794880	      3.81559377	     -0.15522208	     -0.02621958	     -0.02622524	     12.24317114	      3.42526769	     -0.30574144	     13.84515815	      3.04357857	     -0.46491909	     16.00459319	      2.61295836	     -0.64995137	      8.07519861	      0.62715590	     -0.00104551	      0.47835244	     -1.51294849	     -0.21639684	      1.54577753	     -0.78815211	     -0.87262416	      0.32910844	      3.14989218	     -0.01338676	      0.05179239	     -0.06038429	     -0.08158116	     -0.08046335	     -0.37055357
      2.49982700	      1.83442220	    -38.52924624	      1.63407433	     -1.09544457	    643.14223760	    -10.11245246	     -2.85507377	     -4.86675691	     -0.01483445	     -3.62008206	      4.10844340	     -0.10605673	      1.21973109	     -0.03330376	      0.95278039	     -0.03271767	     14.52544559	      4.51935672	     -0.03568610	      0.00076353	      0.00008459	     -0.00004572	     -0.00030198	      0.00759057	      0.81884429	      0.79173633	     11.33574386	      4.27112322	     -0.00008795	     -0.15382024	     -0.16865823	     11.10246103	      3.97067340	     -0.07993568	     -0.02567442	     -0.02583538	     12.50128000	      3.62356314	     -0.22264314	     14.07651380	      3.26776689	     -0.37308926	     16.20803025	      2.85488784	     -0.54585367	      7.97092168	      0.56046727	      0.00259997	      0.53316875	     -1.50284086	     -0.22365132	      1.48669072	     -0.98283430	     -1.02508715	      0.38096417	      3.19395398	     -0.01141316	      0.04998182	     -0.05709823	     -0.08660802	     -0.09477076	     -0.37886662
      2.51649300	      1.88443693	    -38.18518004	      1.46163676	     -4.18340437	    644.45599357	    -10.50062638	     -2.87241223	     -4.82696397	     -0.02237853	     -3.60614783	      4.03813021	     -0.07679029	      1.24401209	     -0.03341633	      0.98013064	     -0.03277427	     14.92157163	      4.50064124	      0.07075607	      0.00076819	      0.00008542	     -0.00004510	     -0.00030372	      0.00763146	      0.81851442	      0.79244451	     11.68475196	      4.29934048	      0.09366752	     -0.15398036	     -0.16783044	     11.40284711	      4.04727997	      0.01543262	     -0.02546144	     -0.02583545	     12.75694546	      3.73594604	     -0.11780690	     14.28820764	      3.40256641	     -0.25769168	     16.37302292	      3.00705686	     -0.41644125	      7.79888881	      0.50496516	      0.00723209	      0.59480431	     -1.49353445	     -0.23157257	      1.32859987	     -1.15733949	     -1.14010166	      0.43996888	      3.17389328	     -0.00909244	      0.04626017	     -0.05280919	     -0.09238908	     -0.10462477	     -0.37760187
      2.53315900	      1.98473604	    -37.65425194	      1.32501635	     -6.92460940	    645.65812755	    -10.72883061	     -2.83653625	     -4.79287832	     -0.01494637	     -3.49741319	      3.97992703	     -0.03951376	      1.23788660	     -0.03353363	      0.97674210	     -0.03290030	     15.31457890	      4.43760882	      0.15543637	      0.00077339	      0.00008626	     -0.00004476	     -0.00030738	      0.00767539	      0.82184505	      0.79757680	     12.02490342	      4.26150630	      0.17230628	     -0.15466669	     -0.16557608	     11.68394356	      4.03707756	      0.09821877	     -0.02559904	     -0.02627526	     12.98126248	      3.74659256	     -0.02513559	     14.45692899	      3.42587188	     -0.15412261	     16.48194083	      3.04102467	     -0.29924741	      7.58345882	      0.45692578	      0.01241778	      0.66158052	     -1.48803344	     -0.24030258	      1.08647721	     -1.27396127	     -1.18254101	      0.50392539	      3.08392818	     -0.00673588	      0.04060169	     -0.04772123	     -0.09857408	     -0.10567722	     -0.36491148
      2.54982500	      2.09538360	    -36.98363332	      1.21302050	     -9.00536584	    646.63108383	    -10.94068367	     -2.74514904	     -4.76778771	      0.00632683	     -3.29470469	      3.93795500	      0.00389384	      1.20090856	     -0.03365018	      0.94084643	     -0.03309288	     15.65638386	      4.35716042	      0.18128514	      0.00077873	      0.00008723	     -0.00004478	     -0.00031193	      0.00771978	      0.82861625	      0.80718910	     12.31629289	      4.17817938	      0.20070196	     -0.15597894	     -0.16193488	     11.91425344	      3.95347148	      0.13323885	     -0.02607267	     -0.02715616	     13.15008352	      3.66244456	      0.01892829	     14.56513001	      3.33900358	     -0.10033976	     16.52404589	      2.95224711	     -0.23432755	      7.34628681	      0.41570891	      0.01787605	      0.73062698	     -1.48864834	     -0.25015189	      0.79265109	     -1.31184107	     -1.12797321	      0.57023002	      2.92207424	     -0.00474111	      0.03343555	     -0.04211329	     -0.10470186	     -0.09501986	     -0.33967826
      2.56649100	      2.15811895	    -36.22998682	      1.11398877	    -10.20392107	    647.25545021	    -11.26383750	     -2.59963004	     -4.75188708	      0.03853999	     -3.00931686	      3.91074495	      0.05020085	      1.13477716	     -0.03375717	      0.87415435	     -0.03334114	     15.90406347	      4.29957949	      0.11990824	      0.00078384	      0.00008843	     -0.00004521	     -0.00031686	      0.00776152	      0.83827274	      0.82082453	     12.52387443	      4.08618857	      0.15146189	     -0.15784835	     -0.15723394	     12.06728280	      3.82926600	      0.09289600	     -0.02684133	     -0.02842491	     13.24475164	      3.51253005	     -0.01415836	     14.60129512	      3.16759389	     -0.12601630	     16.49533755	      2.76268402	     -0.25285277	      7.10519062	      0.38493779	      0.02350271	      0.79819793	     -1.49690354	     -0.26163155	      0.49120180	     -1.27377065	     -0.97313256	      0.63608247	      2.69129438	     -0.00352859	      0.02556431	     -0.03632665	     -0.11027550	     -0.07245476	     -0.30198989
      2.58315700	      2.11003433	    -35.45831931	      1.02344509	    -10.43397896	    647.43375136	    -11.77971233	     -2.40482174	     -4.74114113	      0.07759088	     -2.66306983	      3.89210482	      0.09526248	      1.04309901	     -0.03384309	      0.78194263	     -0.03362646	     16.02206925	      4.30669800	     -0.03813021	      0.00078831	      0.00008997	     -0.00004607	     -0.00032215	      0.00779709	      0.85002191	      0.83747912	     12.61851404	      4.02780604	      0.01490698	     -0.16001027	     -0.15204112	     12.12145995	      3.70702355	     -0.03281109	     -0.02784698	     -0.02997346	     13.25110538	      3.33947433	     -0.13479216	     14.55819787	      2.95418253	     -0.24199794	     16.39605287	      2.51457734	     -0.36616726	      6.87530844	      0.37156081	      0.02930038	      0.86000745	     -1.51353221	     -0.27533475	      0.22628712	     -1.18351301	     -0.73963501	      0.69872323	      2.40044493	     -0.00345190	      0.01789162	     -0.03073267	     -0.11485076	     -0.04097829	     -0.25341513
      2.59982300	      1.89909895	    -34.73829209	      0.94920087	     -9.75522389	    647.10856322	    -12.48335582	     -2.16970605	     -4.72716593	      0.11883966	     -2.28732923	      3.87252142	      0.13473358	      0.93138819	     -0.03389514	      0.67277734	     -0.03392375	     15.98590907	      4.40818309	     -0.27806414	      0.00079180	      0.00009192	     -0.00004735	     -0.00032817	      0.00782279	      0.86294047	      0.85564600	     12.57950252	      4.03710901	     -0.19570217	     -0.16202902	     -0.14707714	     12.06131983	      3.62551170	     -0.23106796	     -0.02902298	     -0.03164668	     13.15941486	      3.18604512	     -0.32998501	     14.43173780	      2.74487429	     -0.43502689	     16.22832495	      2.25723338	     -0.56046051	      6.67107787	      0.38288938	      0.03523759	      0.91136432	     -1.53801022	     -0.29157221	      0.02904668	     -1.07464972	     -0.46807735	      0.75580083	      2.06487236	     -0.00470080	      0.01110685	     -0.02565025	     -0.11811608	     -0.00611422	     -0.19698889
      2.61648900	      1.49581416	    -34.13716198	      0.91059429	     -8.34346965	    646.26589544	    -13.24911387	     -1.90873224	     -4.69870129	      0.15770532	     -1.92115548	      3.84089162	      0.16486953	      0.80724549	     -0.03390082	      0.55793496	     -0.03420353	     15.78756697	      4.61211790	     -0.56436329	      0.00079399	      0.00009431	     -0.00004900	     -0.00033557	      0.00783511	      0.87606013	      0.87345449	     12.39920840	      4.12956747	     -0.44729415	     -0.16338047	     -0.14310351	     11.88104677	      3.60812879	     -0.46940814	     -0.03029927	     -0.03325903	     12.96669398	      3.08248898	     -0.56675257	     14.22208802	      2.57570009	     -0.67138210	     15.99603059	      2.03233360	     -0.80074753	      6.50742538	      0.42206707	      0.04106763	      0.94714616	     -1.56759324	     -0.30981232	     -0.09078333	     -0.97657433	     -0.20455352	      0.80582297	      1.70623427	     -0.00722974	      0.00549510	     -0.02122309	     -0.11994080	      0.02577156	     -0.13688874
      2.63315500	      0.89799538	    -33.71146102	      0.93138577	     -6.43439123	    644.92124522	    -13.82332257	     -1.64292536	     -4.64473369	      0.19012809	     -1.60837646	      3.78671352	      0.18315709	      0.68042103	     -0.03384969	      0.45049714	     -0.03443452	     15.43997660	      4.90385400	     -0.85217653	      0.00079464	      0.00009714	     -0.00005089	     -0.00034523	      0.00783110	      0.88842386	      0.88889860	     12.08758232	      4.29926825	     -0.69790399	     -0.16358100	     -0.14079936	     11.58859207	      3.65822666	     -0.70664302	     -0.03160384	     -0.03461955	     12.68013447	      3.04005576	     -0.80337843	     13.93638532	      2.46450387	     -0.90854550	     15.70659091	      1.86405730	     -1.04309342	      6.39930662	      0.48366829	      0.04617750	      0.96180893	     -1.59652951	     -0.32820087	     -0.14502151	     -0.90451739	      0.01412839	      0.84847170	      1.35088303	     -0.01074823	      0.00095275	     -0.01731809	     -0.12037253	      0.04951433	     -0.07784280
      2.64982100	      0.12996632	    -33.50038406	      1.02954803	     -4.26644528	    643.09381649	    -13.85900674	     -1.39955678	     -4.55861147	      0.21294753	     -1.39309300	      3.70280809	      0.18851549	      0.56237057	     -0.03373486	      0.36402614	     -0.03458637	     14.97699243	      5.25223488	     -1.10175535	      0.00079363	      0.00010033	     -0.00005284	     -0.00035812	      0.00780878	      0.89912417	      0.90012565	     11.67306568	      4.52358815	     -0.91055624	     -0.16233127	     -0.14064011	     11.20719272	      3.76198204	     -0.90668155	     -0.03286239	     -0.03556169	     12.31886765	      3.05216096	     -1.00348090	     13.59055472	      2.41052838	     -1.10959807	     15.37275866	      1.75697327	     -1.24949874	      6.36002923	      0.55174335	      0.04955800	      0.94972309	     -1.61654031	     -0.34361538	     -0.16005457	     -0.85747221	      0.16974320	      0.88452893	      1.02650657	     -0.01479017	     -0.00283347	     -0.01353523	     -0.11958823	      0.06267379	     -0.02437486
      2.66648700	     -0.76032276	    -33.52238441	      1.20902450	     -2.04316666	    640.78202775	    -12.98951927	     -1.20938312	     -4.44192045	      0.22422634	     -1.31361556	      3.58810060	      0.18103430	      0.46505150	     -0.03355418	      0.31082650	     -0.03463255	     14.44748251	      5.61852971	     -1.28952187	      0.00079097	      0.00010376	     -0.00005465	     -0.00037515	      0.00776739	      0.90734380	      0.90573174	     11.19819769	      4.77118127	     -1.06396177	     -0.15963064	     -0.14279721	     10.77239792	      3.89531103	     -1.04908949	     -0.03399872	     -0.03597226	     11.91211495	      3.10029452	     -1.14661604	     13.20834591	      2.39938426	     -1.25393180	     15.01252394	      1.70001975	     -1.39882369	      6.39908627	      0.60164310	      0.04994715	      0.90616202	     -1.61910416	     -0.35253184	     -0.16690287	     -0.82304120	      0.26337970	      0.91540209	      0.75757694	     -0.01883501	     -0.00615503	     -0.00937424	     -0.11783403	      0.06593392	      0.01994240
      2.68315300	     -1.70405715	    -33.77478644	      1.45710178	      0.07894829	    637.95497173	    -10.92012706	     -1.10137627	     -4.30674161	      0.22344168	     -1.39591821	      3.44959750	      0.16156134	      0.39905949	     -0.03331123	      0.30005608	     -0.03455324	     13.90531388	      5.96363669	     -1.41173986	      0.00078678	      0.00010726	     -0.00005606	     -0.00039698	      0.00770759	      0.91241326	      0.90499230	     10.71109782	      5.00896906	     -1.15607285	     -0.15582249	     -0.14708572	     10.32524334	      4.03067812	     -1.13249166	     -0.03493750	     -0.03581180	     11.49393871	      3.16070199	     -1.23153979	     12.81745018	      2.40961515	     -1.34039538	     14.64667385	      1.67299905	     -1.48983533	      6.51980245	      0.60551755	      0.04613561	      0.82894125	     -1.59853920	     -0.35236717	     -0.19247318	     -0.78512467	      0.30946111	      0.94259922	      0.56087189	     -0.02242074	     -0.00910795	     -0.00448161	     -0.11539050	      0.06235990	      0.05303942
      2.69981900	     -2.61519336	    -34.23554255	      1.74790784	      1.98418122	    634.56679926	     -7.51175454	     -1.09607801	     -4.17518842	      0.21146841	     -1.64822828	      3.30276703	      0.13147442	      0.37158990	     -0.03301593	      0.33610124	     -0.03433812	     13.39861559	      6.25214521	     -1.48075460	      0.00078131	      0.00011067	     -0.00005687	     -0.00042381	      0.00763158	      0.91388369	      0.89796703	     10.25576465	      5.20646241	     -1.20042146	     -0.15155048	     -0.15297867	      9.90401646	      4.14183795	     -1.17080937	     -0.03560990	     -0.03512043	     11.09655587	      3.20962444	     -1.27223225	     12.44423619	      2.41845006	     -1.38308227	     14.29509792	      1.65298070	     -1.53670177	      6.71739817	      0.54033078	      0.03736476	      0.72015051	     -1.55407092	     -0.34255362	     -0.25410790	     -0.73049223	      0.32749682	      0.96752366	      0.44242536	     -0.02520669	     -0.01154108	      0.00116844	     -0.11257087	      0.05599463	      0.07457399
      2.71648500	     -3.39779890	    -34.86650220	      2.04979085	      3.58738364	    630.59038116	     -2.83628808	     -1.19967567	     -4.07582533	      0.19038740	     -2.05801718	      3.16988294	      0.09265446	      0.38489306	     -0.03268435	      0.41756069	     -0.03398894	     12.96137471	      6.45441952	     -1.51711900	      0.00077490	      0.00011386	     -0.00005691	     -0.00045524	      0.00754297	      0.91159745	      0.88545773	      9.86412774	      5.33809581	     -1.21841790	     -0.14763414	     -0.15968289	      9.53729928	      4.20663781	     -1.18554183	     -0.03596160	     -0.03400769	     10.74458489	      3.22672316	     -1.29001972	     12.10917103	      2.40594180	     -1.40323818	     13.97356090	      1.61936154	     -1.56059444	      6.97851498	      0.39616654	      0.02369165	      0.58719928	     -1.49006103	     -0.32488439	     -0.35754138	     -0.65235567	      0.33534372	      0.99157927	      0.39677539	     -0.02698894	     -0.01312903	      0.00723969	     -0.10973259	      0.05044208	      0.08579108
      2.73315100	     -3.95844927	    -35.61821450	      2.33291879	      4.83069996	    626.05952305	      2.81023829	     -1.40113747	     -4.03764912	      0.16319859	     -2.59214895	      3.07648915	      0.04749943	      0.43580155	     -0.03233733	      0.53706364	     -0.03352124	     12.60914882	      6.54833654	     -1.54199393	      0.00076796	      0.00011674	     -0.00005616	     -0.00049013	      0.00744659	      0.90572955	      0.86884049	      9.55169007	      5.38484828	     -1.23185519	     -0.14489771	     -0.16625266	      9.24002844	      4.20872336	     -1.19832012	     -0.03596121	     -0.03262962	     10.45178535	      3.19710834	     -1.30609229	     11.82429661	      2.35751445	     -1.42167897	     13.69207829	      1.55716386	     -1.58192818	      7.28268206	      0.18202234	      0.00617641	      0.44259774	     -1.41485342	     -0.30315305	     -0.49740120	     -0.55108190	      0.34550303	      1.01629129	      0.40863683	     -0.02769250	     -0.01352217	      0.01313049	     -0.10727643	      0.04792003	      0.08907947
      2.74981700	     -4.22180625	    -36.43644513	      2.57411879	      5.68651651	    621.10533418	      8.94222474	     -1.67395648	     -4.08316283	      0.13346097	     -3.20052023	      3.04673771	     -0.00110725	      0.51660133	     -0.03199806	      0.68206361	     -0.03296490	     12.33928887	      6.52126651	     -1.57249162	      0.00076091	      0.00011935	     -0.00005476	     -0.00052655	      0.00734816	      0.89677616	      0.84982487	      9.31724322	      5.33578777	     -1.25823955	     -0.14399628	     -0.17171792	      9.01300617	      4.13877289	     -1.22631442	     -0.03560637	     -0.03115970	     10.22060764	      3.11251167	     -1.33698687	     11.59294802	      2.26530839	     -1.45430389	     13.45490811	      1.45873618	     -1.61586882	      7.60508705	     -0.07340509	     -0.01320810	      0.30220535	     -1.33881536	     -0.28225740	     -0.65931538	     -0.43309829	      0.36412248	      1.04322959	      0.45643611	     -0.02735754	     -0.01250704	      0.01815549	     -0.10561263	      0.04895853	      0.08735657
      2.76648300	     -4.14562215	    -37.26982226	      2.75828294	      6.15794641	    615.97209470	     14.96167006	     -1.98241112	     -4.22221347	      0.10482204	     -3.82287574	      3.09848550	     -0.04988442	      0.61708433	     -0.03168935	      0.83659167	     -0.03236256	     12.13487557	      6.37176901	     -1.61979092	      0.00075416	      0.00012180	     -0.00005299	     -0.00056186	      0.00725377	      0.88548281	      0.83021034	      9.14599148	      5.18935047	     -1.30882227	     -0.14527595	     -0.17521484	      8.84523237	      3.99537589	     -1.28034357	     -0.03492505	     -0.02976191	     10.04389902	      2.97190345	     -1.39284114	     11.41100764	      2.12868728	     -1.51048950	     13.26136778	      1.32420976	     -1.67088654	      7.91946174	     -0.32750633	     -0.03196641	      0.18205252	     -1.27170575	     -0.26688603	     -0.82299057	     -0.30898917	      0.39171671	      1.07373878	      0.51672285	     -0.02612279	     -0.01012122	      0.02177093	     -0.10508083	      0.05266435	      0.08344120
      2.78314900	     -3.73170998	    -38.07684774	      2.87764772	      6.27209535	    611.00404771	     20.26096516	     -2.29042230	     -4.44802488	      0.08042431	     -4.39766232	      3.23886584	     -0.09531861	      0.72715874	     -0.03143110	      0.98370598	     -0.03176588	     11.97090333	      6.11025038	     -1.68851354	      0.00074805	      0.00012419	     -0.00005117	     -0.00059310	      0.00716945	      0.87272670	      0.81169889	      9.01480425	      4.95383879	     -1.38788208	     -0.14869482	     -0.17611478	      8.71794218	      3.78528272	     -1.36422778	     -0.03397144	     -0.02857155	      9.90777478	      2.78146476	     -1.47691964	     11.26878894	      1.95393640	     -1.59283306	     13.10664602	      1.16083817	     -1.74878597	      8.20018510	     -0.53527976	     -0.04768018	      0.09440287	     -1.21961044	     -0.25994697	     -0.96589580	     -0.19136992	      0.42482671	      1.10857029	      0.56844162	     -0.02420393	     -0.00668843	      0.02379755	     -0.10582335	      0.05735041	      0.07955995
      2.79981500	     -3.03058830	    -38.82984082	      2.93064544	      6.07060059	    606.60507663	     24.32633583	     -2.56992730	     -4.73646084	      0.06228339	     -4.87117549	      3.46098565	     -0.13394490	      0.83910952	     -0.03123845	      1.10815327	     -0.03123026	     11.82123317	      5.75830224	     -1.77650736	      0.00074290	      0.00012654	     -0.00004958	     -0.00061746	      0.00710074	      0.85938642	      0.79578461	      8.89832019	      4.64683009	     -1.49242807	     -0.15381840	     -0.17414733	      8.60935689	      3.52273262	     -1.47454598	     -0.03281753	     -0.02768536	      9.79494269	      2.55368054	     -1.58553533	     11.15307646	      1.75301189	     -1.69730957	     12.98239980	      0.98122431	     -1.84519049	      8.42340759	     -0.66259052	     -0.05862130	      0.04425350	     -1.18229404	     -0.26105302	     -1.06719352	     -0.09274813	      0.45822824	      1.14747959	      0.59637020	     -0.02187058	     -0.00275743	      0.02458849	     -0.10763385	      0.06131876	      0.07707733
      2.81648100	     -2.13848744	    -39.51373575	      2.92124501	      5.60398783	    603.18130004	     26.81605782	     -2.80574446	     -5.04883657	      0.05083721	     -5.20504034	      3.74243042	     -0.16273898	      0.94867090	     -0.03112090	      1.19864396	     -0.03080871	     11.66522246	      5.34685471	     -1.87518725	      0.00073901	      0.00012867	     -0.00004831	     -0.00063287	      0.00705236	      0.84624076	      0.78370423	      8.77502649	      4.29353853	     -1.61248726	     -0.15988512	     -0.16950150	      8.49963728	      3.22786200	     -1.60095144	     -0.03154370	     -0.02715852	      9.68836153	      2.30558511	     -1.70847535	     11.04955921	      1.54146904	     -1.81387247	     12.87777565	      0.80073071	     -1.95039304	      8.56785496	     -0.69609589	     -0.06417303	      0.02755720	     -1.15208554	     -0.26551629	     -1.11134599	     -0.02336306	      0.48739543	      1.18884471	      0.59347310	     -0.01943363	      0.00104288	      0.02508956	     -0.10983314	      0.06361135	      0.07645529
      2.83314700	     -1.18616941	    -40.11877282	      2.85905402	      4.93025718	    601.08032146	     27.59478248	     -2.99509995	     -5.33774030	      0.04487605	     -5.38024944	      4.04620575	     -0.17954467	      1.05447932	     -0.03108234	      1.24917884	     -0.03054597	     11.49355575	      4.91337653	     -1.97047549	      0.00073665	      0.00013025	     -0.00004728	     -0.00063837	      0.00702792	      0.83392665	      0.77641301	      8.63299605	      3.92441355	     -1.73206055	     -0.16592418	     -0.16287352	      8.37604481	      2.92456163	     -1.72712159	     -0.03023114	     -0.02700607	      9.57561001	      2.05664117	     -1.82995932	     10.94638740	      1.33618794	     -1.92745088	     12.78199284	      0.63487062	     -2.05041859	      8.61634724	     -0.64606357	     -0.06492339	      0.03208004	     -1.11505537	     -0.26435545	     -1.09064443	      0.01089871	      0.51069177	      1.22944335	      0.56218081	     -0.01725355	      0.00417197	      0.02675590	     -0.11124803	      0.06454574	      0.07736173
      2.84981300	     -0.32020823	    -40.62802690	      2.76014055	      4.11264156	    600.54196226	     26.71885537	     -3.14194781	     -5.55466616	      0.04195036	     -5.39668884	      4.32445917	     -0.18342617	      1.15607929	     -0.03112214	      1.25909356	     -0.03047331	     11.31324714	      4.49831315	     -2.04377222	      0.00073609	      0.00013077	     -0.00004624	     -0.00063429	      0.00702970	      0.82295907	      0.77454726	      8.47522551	      3.57229631	     -1.83022651	     -0.17090484	     -0.15542471	      8.23836745	      2.63826004	     -1.83181723	     -0.02895765	     -0.02720590	      9.45421013	      1.82688145	     -1.92956787	     10.83930352	      1.15366704	     -2.01873452	     12.68919771	      0.49760685	     -2.12762748	      8.55845162	     -0.54078068	     -0.06238948	      0.04114055	     -1.05455139	     -0.24574076	     -1.00600306	      0.01001595	      0.53051859	      1.26462014	      0.51457336	     -0.01576304	      0.00628043	      0.03131492	     -0.11036726	      0.06585154	      0.07880450
      2.86647900	      0.32110914	    -41.00374268	      2.64772015	      3.21234092	    601.67287023	     24.38226029	     -3.24841044	     -5.65804977	      0.03918572	     -5.26842393	      4.52493502	     -0.17482038	      1.25128030	     -0.03123675	      1.23189831	     -0.03060503	     11.15141438	      4.14077852	     -2.07277893	      0.00073754	      0.00012974	     -0.00004488	     -0.00062203	      0.00705854	      0.81379018	      0.77834910	      8.32398615	      3.26918114	     -1.88222398	     -0.17390050	     -0.14862765	      8.10391337	      2.39372997	     -1.88988270	     -0.02779621	     -0.02770150	      9.33717442	      1.63547330	     -1.98297516	     10.73762956	      1.00910297	     -2.06458911	     12.60491751	      0.40084113	     -2.16071867	      8.39376591	     -0.41467266	     -0.05846478	      0.03949050	     -0.95632172	     -0.19795378	     -0.86577662	     -0.01995658	      0.55272513	      1.28908636	      0.47128069	     -0.01546875	      0.00719186	      0.04039460	     -0.10570566	      0.07027922	      0.07919571
      2.88314500	      0.63443092	    -41.17921700	      2.55120938	      2.27741190	    604.45070681	     20.84460897	     -3.30720922	     -5.62080944	      0.03426913	     -5.01659127	      4.59998985	     -0.15537467	      1.33407410	     -0.03142131	      1.17346384	     -0.03093673	     11.05656623	      3.87337848	     -2.03292333	      0.00074114	      0.00012669	     -0.00004294	     -0.00060370	      0.00711378	      0.80687219	      0.78755962	      8.22272281	      3.04234550	     -1.86122642	     -0.17425586	     -0.14400196	      8.01037877	      2.21257174	     -1.87392596	     -0.02681459	     -0.02840509	      9.25688799	      1.49928844	     -1.96328733	     10.66907083	      0.91578438	     -2.03898229	     12.55191826	      0.35456783	     -2.12511525	      8.13472912	     -0.29494880	     -0.05479016	      0.01952962	     -0.81367659	     -0.11332252	     -0.68289327	     -0.06845986	      0.58402593	      1.29848904	      0.45889974	     -0.01688711	      0.00679666	      0.05507298	     -0.09632691	      0.08069627	      0.07634047
      2.89981100	      0.57702919	    -41.06276187	      2.50268059	      1.33346576	    608.75381847	     16.36824331	     -3.29897579	     -5.43696378	      0.02627016	     -4.66274693	      4.51761490	     -0.12748040	      1.39426621	     -0.03167043	      1.09037871	     -0.03144521	     11.09580697	      3.71635740	     -1.90023899	      0.00074689	      0.00012132	     -0.00004030	     -0.00058171	      0.00719328	      0.80268692	      0.80132196	      8.23378525	      2.90981605	     -1.74160581	     -0.17174134	     -0.14277095	      8.01461807	      2.11009821	     -1.75753232	     -0.02607355	     -0.02920405	      9.26506452	      1.43100982	     -1.84395725	     10.68080783	      0.88417227	     -1.91552444	     12.57261970	      0.36689972	     -1.99500112	      7.80760405	     -0.19169429	     -0.05225089	     -0.01441631	     -0.63102125	      0.00793052	     -0.47097146	     -0.12369828	      0.62782676	      1.29160089	      0.50598283	     -0.02039780	      0.00495565	      0.07543396	     -0.08238685	      0.09888512	      0.06745645
      2.91647700	      0.18535092	    -40.55612520	      2.53078815	      0.38180352	    614.40185142	     11.18639531	     -3.19662587	     -5.12608748	      0.01603679	     -4.22534222	      4.27233970	     -0.09370798	      1.41935392	     -0.03197789	      0.98915010	     -0.03208983	     11.34679025	      3.67210892	     -1.65593368	      0.00075466	      0.00011357	     -0.00003700	     -0.00055850	      0.00729351	      0.80171432	      0.81816056	      8.43085461	      2.87585662	     -1.50382572	     -0.16665719	     -0.14551854	      8.18599012	      2.09191227	     -1.52020764	     -0.02562198	     -0.02997340	      9.42716326	      1.43672272	     -1.60360620	     10.83496567	      0.92032664	     -1.67210923	     12.72577609	      0.44333147	     -1.74768399	      7.45053367	     -0.09471670	     -0.05074188	     -0.04546215	     -0.42489565	      0.15509695	     -0.24025785	     -0.17692970	      0.67956647	      1.27245470	      0.63799475	     -0.02605374	      0.00148554	      0.10021547	     -0.06549554	      0.12442586	      0.04940280
      2.93314300	     -0.42191055	    -39.58337189	      2.65323557	     -0.59256884	    621.18635509	      5.50848178	     -2.97604127	     -4.73326533	      0.00609066	     -3.72053954	      3.89216590	     -0.05640886	      1.39819925	     -0.03233528	      0.87638584	     -0.03281545	     11.88428604	      3.72210290	     -1.29200030	      0.00076418	      0.00010358	     -0.00003326	     -0.00053659	      0.00740952	      0.80433728	      0.83609414	      8.88610192	      2.92809782	     -1.14019632	     -0.15983621	     -0.15196073	      8.59425987	      2.15131052	     -1.15330600	     -0.02548964	     -0.03059439	      9.81105784	      1.51367590	     -1.23210909	     11.19802181	      1.02398592	     -1.29713074	     13.07667067	      0.58516286	     -1.36991961	      7.10835487	      0.02170839	     -0.04926731	     -0.04752172	     -0.22267935	      0.30654367	      0.00566884	     -0.22661491	      0.72330083	      1.25121849	      0.87187629	     -0.03343569	     -0.00380112	      0.12664333	     -0.04869027	      0.15410040	      0.01926503
      2.94980900	     -1.06202764	    -38.12064065	      2.86992030	     -1.60441181	    628.87360766	     -0.45066497	     -2.62924664	     -4.32276670	      0.00005938	     -3.16637814	      3.43774919	     -0.01761594	      1.32518158	     -0.03273033	      0.75949355	     -0.03355718	     12.76300573	      3.82875978	     -0.81622977	      0.00077503	      0.00009170	     -0.00002943	     -0.00051870	      0.00753509	      0.81071184	      0.85289601	      9.65388237	      3.03854161	     -0.65977518	     -0.15251509	     -0.16092786	      9.29388847	      2.26940805	     -0.66520326	     -0.02567998	     -0.03097539	     10.47172794	      1.64976368	     -0.73621466	     11.82582090	      1.18755117	     -0.79556773	     13.68234996	      0.78802715	     -0.86452327	      6.82492187	      0.18815629	     -0.04631979	      0.00872910	     -0.05962803	      0.43173765	      0.27144949	     -0.28092113	      0.73161757	      1.24265353	      1.21106841	     -0.04165004	     -0.01110516	      0.15056509	     -0.03591528	      0.18216229	     -0.02472410
      2.96647500	     -1.52656562	    -36.21568299	      3.15931142	     -2.64810804	    637.17695240	     -6.44317041	     -2.17463294	     -3.96580184	      0.00175835	     -2.58760746	      2.99224336	      0.02081068	      1.20323863	     -0.03314580	      0.64715990	     -0.03424704	     14.00050892	      3.94369558	     -0.25467150	      0.00078671	      0.00007837	     -0.00002582	     -0.00050773	      0.00766285	      0.82065080	      0.86645952	     10.75471373	      3.16988552	     -0.09048045	     -0.14609012	     -0.17059023	     10.30846275	      2.41945612	     -0.08370926	     -0.02616630	     -0.03106996	     11.43575489	      1.82618048	     -0.14257447	     12.74801072	      1.39740419	     -0.19268001	     14.57578431	      1.04193348	     -0.25486546	      6.63478071	      0.42828435	     -0.04036160	      0.15005796	      0.02525528	      0.49535183	      0.56900623	     -0.35697880	      0.67066984	      1.26199795	      1.64213720	     -0.04951561	     -0.02076641	      0.16696958	     -0.03112911	      0.20158092	     -0.08219485
      2.98314100	     -1.63052864	    -33.99012277	      3.47979211	     -3.68172238	    645.71676168	    -12.18429689	     -1.65962943	     -3.72505734	      0.01413866	     -2.01841552	      2.64356452	      0.05696766	      1.04464299	     -0.03355980	      0.54910577	     -0.03482178	     15.56532676	      4.02067190	      0.34957452	      0.00079857	      0.00006412	     -0.00002272	     -0.00050637	      0.00778459	      0.83356324	      0.87518103	     12.16427536	      3.28587548	      0.52259404	     -0.14181586	     -0.17887854	     11.61987575	      2.57450391	      0.54540478	     -0.02689307	     -0.03088668	     12.69026622	      2.02279021	      0.50316699	     13.95663162	      1.63745389	      0.46627899	     15.75388045	      1.33309891	      0.41464306	      6.55660489	      0.75080587	     -0.03022282	      0.39757651	     -0.00524060	      0.46284887	      0.91385390	     -0.47564802	      0.51052382	      1.31966219	      2.13428976	     -0.05589608	     -0.03342617	      0.17088854	     -0.03738320	      0.20601118	     -0.15004273
      2.99980700	     -1.25775644	    -31.62410843	      3.77625340	     -4.62610874	    653.99911491	    -17.37675633	     -1.15410293	     -3.64013128	      0.03837069	     -1.50146090	      2.46373442	      0.08880973	      0.86923763	     -0.03394747	      0.47509474	     -0.03523054	     17.37468608	      4.02835393	      0.94140821	      0.00080987	      0.00004947	     -0.00002032	     -0.00051640	      0.00789173	      0.84847313	      0.87825443	     13.81119485	      3.36148667	      1.12267729	     -0.14052432	     -0.18398432	     13.16573781	      2.71500674	      1.16388996	     -0.02778263	     -0.03048726	     14.17973572	      2.22357333	      1.14159701	     15.40227409	      1.89295810	      1.12098493	     17.17287397	      1.64634827	      1.08306620	      6.59035735	      1.14765218	     -0.01531593	      0.76638063	     -0.17867143	      0.30734012	      1.31889994	     -0.65175796	      0.23821611	      1.41709974	      2.64273554	     -0.06007333	     -0.05001991	      0.15858753	     -0.05623140	      0.19188400	     -0.22264590
      3.01647300	     -0.38868990	    -29.32810516	      3.99079851	     -5.38897896	    661.43916582	    -21.74754412	     -0.73610486	     -3.71797911	      0.07330666	     -1.08296050	      2.49111413	      0.11425933	      0.70069962	     -0.03428348	      0.43350080	     -0.03544106	     19.30329884	      3.95742782	      1.46227499	      0.00081976	      0.00003499	     -0.00001872	     -0.00053792	      0.00797619	      0.86411717	      0.87579168	     15.58453297	      3.38834011	      1.65012719	     -0.14243479	     -0.18480220	     14.84558832	      2.83271952	      1.71006509	     -0.02874586	     -0.02997227	     15.81103766	      2.41936295	      1.70879156	     16.99809354	      2.15258156	      1.70549908	     18.75132495	      1.96680885	      1.68258322	      6.71884962	      1.59825817	      0.00435173	      1.26481332	     -0.50240711	      0.01768560	      1.78643574	     -0.88206432	     -0.13165928	      1.54588467	      3.11584876	     -0.06205580	     -0.07143859	      0.12888546	     -0.08757633	      0.15986220	     -0.29297761
      3.03313900	      0.89695147	    -27.30862406	      4.07497725	     -5.91075918	    667.43499992	    -25.07338857	     -0.47401170	     -3.93120435	      0.11548236	     -0.80464207	      2.72058710	      0.13150095	      0.56186811	     -0.03454473	      0.42977963	     -0.03544336	     21.20085752	      3.81955471	      1.86071413	      0.00082738	      0.00002128	     -0.00001801	     -0.00056908	      0.00803131	      0.87910300	      0.86873940	     17.34851610	      3.37342035	      2.05298260	     -0.14710284	     -0.18119438	     16.53336784	      2.92949985	      2.12982476	     -0.02969413	     -0.02945737	     17.46415780	      2.60697519	      2.14798230	     18.62902482	      2.40814933	      2.16060951	     20.37796310	      2.28065755	      2.15157986	      6.91286212	      2.07743540	      0.02830385	      1.88925818	     -0.95244239	     -0.39322755	      2.29978962	     -1.13591205	     -0.55446610	      1.69065325	      3.50465925	     -0.06273251	     -0.09790807	      0.08432893	     -0.12971340	      0.11506904	     -0.35420807
      3.04980500	      2.44112476	    -25.73465300	      4.00000556	     -6.20832199	    671.47437196	    -27.18031834	     -0.41008993	     -4.22493261	      0.15968117	     -0.69425389	      3.10455179	      0.13935631	      0.47023886	     -0.03471297	      0.46507944	     -0.03525053	     22.91340249	      3.64008580	      2.10173023	      0.00083201	      0.00000896	     -0.00001826	     -0.00060631	      0.00805288	      0.89209394	      0.85862649	     18.96031842	      3.33293478	      2.29616047	     -0.15352404	     -0.17400757	     18.09240367	      3.01263249	      2.38637556	     -0.03055016	     -0.02904660	     19.00512985	      2.78606087	      2.42015536	     20.16300002	      2.65307696	      2.44531434	     21.92134296	      2.57543816	      2.44712920	      7.13794002	      2.56248081	      0.05572891	      2.61318725	     -1.46687085	     -0.88310370	      2.81757740	     -1.35499793	     -0.96410445	      1.83473854	      3.77213596	     -0.06374430	     -0.12834747	      0.03172687	     -0.17919654	      0.06591975	     -0.40110048
      3.06647100	      4.04345162	    -24.71052179	      3.76200138	     -6.38397842	    673.23949819	    -27.92397031	     -0.55014573	     -4.53059262	      0.19993320	     -0.75709313	      3.56454341	      0.13756471	      0.43459752	     -0.03477679	      0.53520687	     -0.03489692	     24.30400368	      3.44932581	      2.17152106	      0.00083318	     -0.00000134	     -0.00001959	     -0.00064522	      0.00803989	      0.90198132	      0.84722433	     20.28757641	      3.28542173	      2.36600279	     -0.16036861	     -0.16484196	     19.39056530	      3.08992451	      2.46521741	     -0.03125515	     -0.02880980	     20.29957388	      2.95606276	      2.50973013	     21.46313723	      2.88102150	      2.54319972	     23.24081105	      2.84052203	      2.55213674	      7.36080841	      3.03554877	      0.08550108	      3.37441136	     -1.95095190	     -1.38187574	      3.27509431	     -1.46651327	     -1.29074553	      1.96553034	      3.89977274	     -0.06687221	     -0.16003838	     -0.01860362	     -0.23040986	      0.02188678	     -0.43066733
      3.08313700	      5.50082274	    -24.26001267	      3.38134293	     -6.58475368	    672.66974258	    -27.17389360	     -0.86236392	     -4.78276214	      0.23070588	     -0.97150070	      4.01012659	      0.12678675	      0.45357882	     -0.03473312	      0.63032077	     -0.03443386	     25.26991117	      3.27668613	      2.07624311	      0.00083085	     -0.00000911	     -0.00002214	     -0.00068182	      0.00799481	      0.90801177	      0.83621703	     21.22414508	      3.24772762	      2.26896951	     -0.16628562	     -0.15564647	     20.31520319	      3.16737896	      2.37299182	     -0.03177132	     -0.02877028	     21.22727095	      3.11530554	      2.42363083	     22.40203432	      3.08605809	      2.46170119	     24.20060380	      3.06821913	      2.47476392	      7.55405347	      3.47990217	      0.11605703	      4.06816257	     -2.29706487	     -1.80215874	      3.59688615	     -1.40792280	     -1.48144692	      2.07588302	      3.88990654	     -0.07285144	     -0.18886685	     -0.05520319	     -0.27525181	     -0.00911757	     -0.44206253
      3.09980300	      6.64074096	    -24.32613659	      2.89719577	     -6.92927488	    669.95481464	    -24.82221461	     -1.28591136	     -4.93420914	      0.24798503	     -1.29090846	      4.35948251	      0.10827840	      0.51660884	     -0.03458814	      0.73585862	     -0.03392368	     25.75398545	      3.14929954	      1.83627061	      0.00082543	     -0.00001404	     -0.00002598	     -0.00071343	      0.00792341	      0.90985428	      0.82695850	     21.70267511	      3.23509458	      2.02590182	     -0.17019686	     -0.14826562	     20.78705714	      3.25042157	      2.13153755	     -0.03208068	     -0.02890522	     21.69737577	      3.26298295	      2.18500643	     22.87812701	      3.26499416	      2.22543378	     24.68740023	      3.25603212	      2.24127071	      7.69871831	      3.87226423	      0.14521667	      4.55216032	     -2.41417396	     -2.05514524	      3.71980106	     -1.15438894	     -1.51590580	      2.15963180	      3.76317988	     -0.07997681	     -0.21023797	     -0.06884156	     -0.30361327	     -0.02294454	     -0.43611933
      3.11646900	      7.34317824	    -24.78973917	      2.35890259	     -7.43623422	    665.46157940	    -20.81732491	     -1.74693731	     -4.96521790	      0.24999422	     -1.65318002	      4.55613951	      0.08336022	      0.60706587	     -0.03435726	      0.83496104	     -0.03343240	     25.74743943	      3.09374920	      1.47828491	      0.00081775	     -0.00001615	     -0.00003104	     -0.00073907	      0.00783407	      0.90761309	      0.82034419	     21.70070074	      3.26392481	      1.66410655	     -0.17151224	     -0.14406274	     20.76948860	      3.34731646	      1.76947062	     -0.03218223	     -0.02915651	     21.66030987	      3.40283099	      1.82407711	     22.82989351	      3.42084498	      1.86626601	     24.62686405	      3.40944180	      1.88522477	      7.78499159	      4.17599604	      0.17009862	      4.66417225	     -2.25438513	     -2.06515970	      3.61845987	     -0.73575982	     -1.41148058	      2.20328363	      3.55156455	     -0.08337231	     -0.22049089	     -0.05538501	     -0.30495919	     -0.02027770	     -0.41497402
      3.13313500	      7.55078655	    -25.50614645	      1.81646469	     -7.97966005	    659.62971720	    -15.20741500	     -2.17725027	     -4.88562374	      0.23743602	     -1.99511694	      4.57843480	      0.05291160	      0.70676403	     -0.03406391	      0.91202985	     -0.03302217	     25.28112481	      3.13793665	      1.02739634	      0.00080890	     -0.00001580	     -0.00003709	     -0.00075922	      0.00773679	      0.90180458	      0.81677924	     21.23619182	      3.35412906	      1.20946035	     -0.17023042	     -0.14369676	     20.26792812	      3.47167033	      1.31368962	     -0.03209018	     -0.02944700	     21.11042241	      3.54544889	      1.36880350	     22.24133029	      3.56459354	      1.41314768	     23.99197355	      3.54264319	      1.43644507	      7.81121282	      4.33945679	      0.18724566	      4.24819567	     -1.82547231	     -1.77828400	      3.32059271	     -0.23279686	     -1.21588764	      2.17971748	      3.28890059	     -0.07574247	     -0.21827875	     -0.01660671	     -0.27063109	     -0.00613431	     -0.38189318
      3.14980100	      7.26990506	    -26.35189305	      1.31344404	     -8.28235319	    652.88605367	     -8.17860983	     -2.53014559	     -4.72995847	      0.21326816	     -2.26771001	      4.44075094	      0.01712307	      0.80044545	     -0.03373685	      0.95643826	     -0.03274395	     24.40672871	      3.30982296	      0.50220178	      0.00080007	     -0.00001364	     -0.00004373	     -0.00077513	      0.00764210	      0.89330662	      0.81621364	     20.35244621	      3.52779027	      0.68149810	     -0.16691359	     -0.14707319	     19.31827851	      3.64075844	      0.78401374	     -0.03183389	     -0.02969760	     20.07738612	      3.70599502	      0.83887910	     21.13604981	      3.71198818	      0.88546908	     22.79993690	      3.67406240	      0.91371782	      7.78152885	      4.30165011	      0.19300622	      3.18549096	     -1.18715169	     -1.16638070	      2.90268109	      0.24781517	     -0.99091578	      2.05026358	      3.00240807	     -0.04967847	     -0.20517701	      0.04166797	     -0.19620012	      0.01206663	     -0.34106719
      3.16646700	      6.56536354	    -27.26470538	      0.88424457	     -7.94990088	    645.62049420	     -0.07774408	     -2.78878547	     -4.54712383	      0.18209446	     -2.44715764	      4.18713842	     -0.02434370	      0.87899001	     -0.03340656	      0.96516211	     -0.03263115	     23.17729212	      3.62984025	     -0.08558086	      0.00079236	     -0.00001047	     -0.00005045	     -0.00078795	      0.00755981	      0.88327295	      0.81822600	     19.10058859	      3.80122322	      0.09317888	     -0.16254020	     -0.15345137	     17.97170734	      3.86698298	      0.19281811	     -0.03145790	     -0.02984276	     18.61323396	      3.89472775	      0.24510408	     19.56648399	      3.87294309	      0.29217309	     21.10380745	      3.81427886	      0.32362387	      7.70293620	      4.00513722	      0.18417681	      1.42847922	     -0.43993213	     -0.23236412	      2.46591993	      0.60859618	     -0.79367445	      1.77754171	      2.70854473	     -0.00078106	     -0.18506566	      0.11323574	     -0.08344521	      0.02710159	     -0.29707197
      3.18313300	      5.55243203	    -28.25420135	      0.55169790	     -6.53321436	    638.24443746	      8.58750902	     -2.96476791	     -4.38676494	      0.14927203	     -2.53786035	      3.87896047	     -0.07177156	      0.94039647	     -0.03310138	      0.94329537	     -0.03269454	     21.64361627	      4.09445668	     -0.73157073	      0.00078656	     -0.00000721	     -0.00005670	     -0.00079796	      0.00749788	      0.87300246	      0.82214356	     17.53566503	      4.16818155	     -0.54925419	     -0.15826064	     -0.16166642	     16.29135287	      4.14042406	     -0.45485002	     -0.03101991	     -0.02984312	     16.79022727	      4.09853424	     -0.41034104	     17.61308380	      4.03179176	     -0.36785358	     18.99338278	      3.94465127	     -0.33903916	      7.58299753	      3.41418718	      0.15884604	     -0.96354109	      0.27672105	      0.97681819	      2.10270588	      0.79037236	     -0.66182299	      1.34444829	      2.41440062	      0.06940880	     -0.16254715	      0.19471969	      0.05829154	      0.03416465	     -0.25400848
      3.19979900	      4.38774434	    -29.36668291	      0.31645907	     -3.59123750	    631.31463850	     17.17204528	     -3.08754287	     -4.28556354	      0.11986594	     -2.56610279	      3.57928567	     -0.12453422	      0.98821968	     -0.03284438	      0.90202046	     -0.03291929	     19.88047005	      4.65321722	     -1.44882494	      0.00078305	     -0.00000475	     -0.00006183	     -0.00080415	      0.00746127	      0.86376905	      0.82718189	     15.74049421	      4.57648745	     -1.25576553	     -0.15511160	     -0.17040548	     14.37513963	      4.40472017	     -1.17012238	     -0.03058483	     -0.02969379	     14.72365963	      4.25575793	     -1.14223199	     15.40746640	      4.12081368	     -1.11369798	     16.61909678	      3.98919787	     -1.09894036	      7.42954384	      2.53330237	      0.11724249	     -3.78798160	      0.76467751	      2.34778965	      1.86841038	      0.78392841	     -0.60672605	      0.76836612	      2.12295549	      0.15169471	     -0.14128232	      0.28532558	      0.21214722	      0.03195675	     -0.21471913
      3.21646500	      3.25562445	    -30.61317439	      0.14094031	      1.26504462	    625.64701162	     24.92568301	     -3.18856243	     -4.25771014	      0.09767666	     -2.56652401	      3.33798221	     -0.18038612	      1.02804587	     -0.03265180	      0.85453244	     -0.03326623	     18.03487652	      5.19226261	     -2.28479076	      0.00078174	     -0.00000395	     -0.00006513	     -0.00080438	      0.00745120	      0.85663771	      0.83258742	     13.87102195	      4.91119093	     -2.06881842	     -0.15376956	     -0.17846940	     12.39921906	      4.53975592	     -1.99567347	     -0.03021504	     -0.02942580	     12.61432735	      4.23842981	     -1.99676473	     13.17425430	      4.00195281	     -1.99608540	     14.23345592	      3.79572557	     -2.01325962	      7.25239839	      1.41898643	      0.06225740	     -6.66899664	      0.74168263	      3.68126021	      1.76976443	      0.62298288	     -0.61537122	      0.09768882	      1.83883288	      0.23026812	     -0.12312805	      0.38146846	      0.35703777	      0.02246432	     -0.18055009
      3.23313100	      2.34473023	    -31.90672985	     -0.04124267	      8.30833391	    622.29764404	     30.97627287	     -3.28664885	     -4.29324744	      0.08465920	     -2.56690517	      3.18197471	     -0.23544772	      1.06357514	     -0.03253300	      0.81143829	     -0.03368003	     16.35799107	      5.54225797	     -3.30973233	      0.00078220	     -0.00000551	     -0.00006595	     -0.00079619	      0.00746527	      0.85230471	      0.83776186	     12.18784432	      5.00360449	     -3.05209088	     -0.15442172	     -0.18496057	     10.64888816	      4.37251433	     -2.99354903	     -0.02995857	     -0.02909754	     10.77865562	      3.86544076	     -3.03791506	     11.26030574	      3.48256505	     -3.08220032	     12.21920292	      3.15480924	     -3.15478608	      7.06545515	      0.17885893	     -0.00065006	     -9.04406853	     -0.13550891	      4.70028645	      1.77222609	      0.36558175	     -0.65917823	     -0.61494140	      1.57142702	      0.28780520	     -0.10835086	      0.46796892	      0.47509544	      0.00973615	     -0.15177598
      3.24979700	      1.82084706	    -33.06148182	     -0.25174904	     17.48754543	    622.32657422	     34.18034241	     -3.38122498	     -4.36454540	      0.08093630	     -2.57815101	      3.11334805	     -0.28503882	      1.09433856	     -0.03249087	      0.77766889	     -0.03410238	     15.18149790	      5.51507888	     -4.52757140	      0.00078380	     -0.00000985	     -0.00006385	     -0.00077801	      0.00749846	      0.85100011	      0.84233338	     11.03794520	      4.67385488	     -4.20407015	     -0.15679188	     -0.18936468	      9.50371794	      3.72758247	     -4.15845944	     -0.02983927	     -0.02877737	      9.63493782	      2.96165153	     -4.25852695	     10.12107841	      2.38331842	     -4.36410840	     11.07522097	      1.87808422	     -4.51665917	      6.88717952	     -1.04331963	     -0.06423665	    -10.16606629	     -2.13461597	      5.09859973	      1.81987601	      0.07357378	     -0.70587967	     -1.34978975	      1.33411044	      0.31236433	     -0.09648876	      0.51063870	      0.55907205	     -0.00179165	     -0.12834255
      3.26646300	      1.80417063	    -33.85181903	     -0.34932273	     27.94808283	    626.37520242	     32.94680564	     -3.45607805	     -4.43720308	      0.08525633	     -2.59354763	      3.11445685	     -0.32484614	      1.11620892	     -0.03252192	      0.75221949	     -0.03448365	     14.84394228	      4.96395683	     -5.71809663	      0.00078596	     -0.00001695	     -0.00005878	     -0.00074990	      0.00754435	      0.85247940	      0.84614563	     10.78880157	      3.80460202	     -5.30644565	     -0.16029579	     -0.19152938	      9.37563443	      2.51783301	     -5.26691444	     -0.02985272	     -0.02852511	      9.64130330	      1.46553114	     -5.42663968	     10.25700609	      0.66207982	     -5.60136549	     11.35022961	     -0.05945162	     -5.84923440	      6.73884100	     -2.09350074	     -0.12076736	     -9.14797647	     -5.16996250	      4.61786879	      1.85764546	     -0.20249124	     -0.73007551	     -2.13774972	      1.14054437	      0.30011582	     -0.08716387	      0.45628122	      0.61183305	     -0.00882660	     -0.11042529
      3.28312900	      2.32626095	    -34.07153468	      0.01865786	     37.38182615	    634.18410390	     25.52343767	     -3.49030194	     -4.48072087	      0.09553743	     -2.59603155	      3.15688013	     -0.35175664	      1.12406786	     -0.03261584	      0.73039457	     -0.03478816	     15.60401443	      3.88400937	     -6.33353341	      0.00078815	     -0.00002640	     -0.00005112	     -0.00071342	      0.00759596	      0.85610957	      0.84918326	     11.73801611	      2.45898482	     -5.82890267	     -0.16425094	     -0.19157510	     10.60824537	      0.88315791	     -5.78399401	     -0.02997012	     -0.02838080	     11.18106128	     -0.41240153	     -5.99015023	     12.08479081	     -1.40969632	     -6.22253651	     13.49769332	     -2.32328287	     -6.55605196	      6.64114230	     -2.83717383	     -0.16346120	     -5.18250855	     -8.45021607	      3.14220211	      1.84769476	     -0.43013812	     -0.71929429	     -3.02967058	      1.00045865	      0.25098899	     -0.08039985	      0.24648006	      0.63435140	     -0.01012499	     -0.09852458
      3.29979500	      3.22329226	    -33.56959247	      1.25457897	     41.81342184	    644.27745703	     11.26325676	     -3.46978029	     -4.47595281	      0.10927913	     -2.56856979	      3.21099836	     -0.36405483	      1.11481564	     -0.03275545	      0.70703841	     -0.03499362	     17.53704087	      2.56640450	     -5.63986779	      0.00078991	     -0.00003742	     -0.00004161	     -0.00067099	      0.00764633	      0.86102489	      0.85148722	     13.98017375	      1.03822004	     -5.07472033	     -0.16806060	     -0.18978559	     13.30454955	     -0.64836185	     -5.01212543	     -0.03014853	     -0.02836291	     14.35166946	     -2.02609209	     -5.22787597	     15.69131838	     -3.08210100	     -5.47821099	     17.59070280	     -4.05310126	     -5.84796395	      6.61068255	     -3.18459938	     -0.18769482	      1.89481775	    -10.30665251	      0.79987197	      1.77658750	     -0.59439346	     -0.67475188	     -4.01203131	      0.91703459	      0.16357049	     -0.07645258	     -0.15089152	      0.60883103	     -0.00656091	     -0.09317389
      3.31646100	      4.02916291	    -32.34712421	      3.43775030	     36.79244915	    654.15914382	     -7.49478997	     -3.39385265	     -4.41826628	      0.12383013	     -2.50267427	      3.25369418	     -0.36108722	      1.08911771	     -0.03291789	      0.67920832	     -0.03508831	     20.35830583	      1.68699484	     -3.18416365	      0.00079081	     -0.00004902	     -0.00003119	     -0.00062512	      0.00768889	      0.86630556	      0.85309696	     17.18281894	      0.33318654	     -2.63848713	     -0.17132251	     -0.18651411	     17.04885519	     -1.15302023	     -2.55210754	     -0.03034299	     -0.02847281	     18.63968410	     -2.32986870	     -2.72148886	     20.46870301	     -3.20253376	     -2.92526582	     22.91375325	     -3.98169697	     -3.24323669	      6.65754303	     -3.10516011	     -0.19169287	     10.80911077	     -8.64889414	     -1.97018003	      1.65412096	     -0.69269336	     -0.60805339	     -4.91249866	      0.88680141	      0.04114556	     -0.07545179	     -0.70030100	      0.49327012	     -0.00048520	     -0.09454903
      3.33312700	      4.11222110	    -30.75636838	      6.00742043	     20.29726857	    661.21951719	    -24.68062072	     -3.27547389	     -4.31671770	      0.13657733	     -2.40222856	      3.27243870	     -0.34276957	      1.05132023	     -0.03307741	      0.64747315	     -0.03506836	     23.23457001	      2.04688403	      0.65365692	      0.00079043	     -0.00006006	     -0.00002097	     -0.00057780	      0.00771810	      0.87112982	      0.85402430	     20.37806599	      1.18296754	      1.07048627	     -0.17385458	     -0.18212230	     20.68526715	      0.25103844	      1.17362546	     -0.03051611	     -0.02870053	     22.69700641	     -0.40719374	      1.10437688	     24.89291514	     -0.82617054	      1.01273710	     27.74593464	     -1.13332096	      0.84304201	      6.78431869	     -2.62911129	     -0.17663335	     18.52002181	     -2.30100094	     -4.46955832	      1.50658806	     -0.72839699	     -0.53595940	     -5.39060467	      0.90158430	     -0.08958416	     -0.07714621	     -1.27579912	      0.24386701	      0.00526682	     -0.10223553
      3.34979300	      3.18487442	    -29.54330113	      7.90045558	     -4.30629409	    663.94074717	    -32.81617869	     -3.13643617	     -4.19033435	      0.14515401	     -2.28245651	      3.26528242	     -0.30929623	      1.00798502	     -0.03320915	      0.61581383	     -0.03493608	     24.92763345	      3.89096657	      4.55761850	      0.00078843	     -0.00006942	     -0.00001204	     -0.00053011	      0.00773003	      0.87486795	      0.85424879	     22.16418496	      3.71923460	      4.75791835	     -0.17565967	     -0.17695572	     22.60205437	      3.56290515	      4.85814832	     -0.03064249	     -0.02902855	     24.71323788	      3.61037186	      4.91065769	     26.97833478	      3.79705650	      4.96176360	     29.90789213	      4.11645723	      4.99369425	      6.98625986	     -1.83866415	     -0.14624763	     21.33228579	      7.44561295	     -5.97040235	      1.36735607	     -0.70560887	     -0.47516656	     -5.08753945	      0.95118781	     -0.17000588	     -0.08087122	     -1.69400001	     -0.13877428	      0.00832726	     -0.11523704
      3.36645900	      1.74556061	    -29.40286266	      8.22033000	    -28.36203773	    662.46500510	    -27.88814892	     -3.00070992	     -4.06291399	      0.14773443	     -2.16577401	      3.23798777	     -0.26106364	      0.96596852	     -0.03329259	      0.59056402	     -0.03469906	     24.52993955	      6.40221137	      6.94798815	      0.00078455	     -0.00007610	     -0.00000540	     -0.00048214	      0.00772278	      0.87711292	      0.85372311	     21.56098205	      6.88075992	      6.92197371	     -0.17686278	     -0.17134677	     21.73574103	      7.43913649	      6.99815951	     -0.03070837	     -0.02943325	     23.56037759	      8.11293128	      7.14503786	     25.54705766	      8.82114961	      7.31121766	     28.16828467	      9.67051876	      7.51590344	      7.25222485	     -0.85197741	     -0.10606686	     17.35882454	     16.67847206	     -6.06142997	      1.26719563	     -0.62683695	     -0.43833677	     -3.86989614	      1.02555404	     -0.13973945	     -0.08569291	     -1.80626176	     -0.57672653	      0.00742941	     -0.13215690
      3.38312500	      0.77761280	    -30.34105879	      6.90344211	    -42.40105056	    658.01847472	    -12.89972922	     -2.88869039	     -3.95784583	      0.14334298	     -2.07663523	      3.20042240	     -0.19862042	      0.93084196	     -0.03331409	      0.57889573	     -0.03436962	     22.26906927	      8.16129034	      7.00015860	      0.00077868	     -0.00007931	     -0.00000184	     -0.00043305	      0.00769660	      0.87766382	      0.85237826	     18.89246329	      9.00813345	      6.83068492	     -0.17764812	     -0.16562421	     18.54010709	      9.94692516	      6.87329093	     -0.03070850	     -0.02988540	     19.83224593	     10.91850199	      7.04932251	     21.32587044	     11.84786072	      7.25457197	     23.40208886	     12.90140069	      7.52845270	      7.56626155	      0.19655081	     -0.06246772	      8.34875655	     21.03482309	     -4.89159706	      1.22651723	     -0.49363654	     -0.43191483	     -1.96701080	      1.11575492	      0.00848141	     -0.09060979	     -1.58863904	     -0.93751762	      0.00258954	     -0.15141535
      3.39979100	      0.87784835	    -31.64587864	      4.71381109	    -41.95049362	    651.81630849	      3.62655189	     -2.81382624	     -3.89406509	      0.13202634	     -2.03669249	      3.16359600	     -0.12267336	      0.90602111	     -0.03326804	      0.58721114	     -0.03396437	     19.40990768	      8.30218951	      5.09936080	      0.00077086	     -0.00007860	     -0.00000187	     -0.00038139	      0.00765369	      0.87648878	      0.85012851	     15.63736622	      9.14658077	      4.91671454	     -0.17820852	     -0.16011077	     14.76280120	     10.03678488	      4.93005417	     -0.03064245	     -0.03035054	     15.53897136	     10.90298641	      5.06359723	     16.56245573	     11.69495401	      5.22104020	     18.11875422	     12.56780692	      5.43851891	      7.90971980	      1.17708643	     -0.02164688	     -1.24363465	     18.67359058	     -3.09347924	      1.25151551	     -0.30966231	     -0.45591213	      0.13432780	      1.21373107	      0.20819856	     -0.09471633	     -1.14969276	     -1.10668923	     -0.00516617	     -0.17135661
      3.41645700	      1.82239217	    -32.57885444	      2.58647830	    -29.71455425	    644.50778837	     13.23982411	     -2.78168282	     -3.88341655	      0.11478167	     -2.06081818	      3.13752177	     -0.03434253	      0.89258246	     -0.03315691	      0.61965872	     -0.03350404	     17.23538951	      7.10888779	      2.36174170	      0.00076127	     -0.00007387	     -0.00000563	     -0.00032546	      0.00759779	      0.87369228	      0.84689024	     13.26890601	      7.67420218	      2.27363038	     -0.17870538	     -0.15510386	     12.11041226	      8.20398354	      2.26743400	     -0.03051259	     -0.03079047	     12.60452002	      8.68486606	      2.31033912	     13.37277867	      9.09797372	      2.36084358	     14.64433237	      9.53449368	      2.43401824	      8.26379587	      1.98392749	      0.01134969	     -7.33259429	     11.29378253	     -1.41313542	      1.33537844	     -0.08494507	     -0.50546673	      1.94716509	      1.31112500	      0.36326357	     -0.09732025	     -0.65033893	     -1.05051266	     -0.01438614	     -0.19017707
      3.43312300	      2.97863332	    -32.95141044	      1.01409625	    -12.64365685	    636.42395478	     12.34151075	     -2.79069854	     -3.92900452	      0.09323628	     -2.15431785	      3.12957069	      0.06432762	      0.88955833	     -0.03299058	      0.67693598	     -0.03301321	     16.20810064	      5.51153818	     -0.20135856	      0.00075025	     -0.00006543	     -0.00001288	     -0.00026406	      0.00753357	      0.86949991	      0.84263305	     12.31231335	      5.70358689	     -0.15150285	     -0.17923236	     -0.15084619	     11.18416019	      5.77700149	     -0.16996816	     -0.03032450	     -0.03116764	     11.69418090	      5.80088745	     -0.22980842	     12.47510798	      5.78271069	     -0.30056909	     13.75412130	      5.73312638	     -0.39377981	      8.61191517	      2.55084810	      0.03338474	     -8.52133740	      2.46324661	     -0.33165326	      1.46386390	      0.16068366	     -0.57339992	      3.18474149	      1.39803006	      0.41291926	     -0.09807514	     -0.21311102	     -0.82012285	     -0.02381366	     -0.20577950
      3.44978900	      3.90439432	    -33.03985525	     -0.02889423	      2.84217876	    628.02739415	      2.73269054	     -2.83387443	     -4.02400755	      0.06923983	     -2.31161809	      3.14307499	      0.16978860	      0.89450822	     -0.03278529	      0.75554227	     -0.03252006	     16.02280034	      4.25643630	     -2.13000648	      0.00073832	     -0.00005400	     -0.00002303	     -0.00019720	      0.00746619	      0.86425864	      0.83746725	     12.39973258	      4.13212408	     -1.95756561	     -0.17978502	     -0.14749807	     11.54286495	      3.82804070	     -1.98461566	     -0.03008918	     -0.03145290	     12.29273232	      3.48510486	     -2.12962537	     13.28509693	      3.12689565	     -2.29921958	     14.78772795	      2.69694907	     -2.52671279	      8.94066131	      2.85808023	      0.04357515	     -5.98543848	     -4.81380113	      0.06569764	      1.62276552	      0.39706844	     -0.65264513	      3.79856657	      1.46263909	      0.35815197	     -0.09714265	      0.11158675	     -0.50767023	     -0.03276700	     -0.21580492
      3.46645500	      4.51491715	    -33.17330735	     -0.78283491	     13.58636554	    620.03725635	    -11.07843647	     -2.90093349	     -4.15109728	      0.04459861	     -2.51652514	      3.17635541	      0.27652941	      0.90421345	     -0.03256227	      0.84763186	     -0.03205579	     16.15628029	      3.57345365	     -3.42902391	      0.00072619	     -0.00004063	     -0.00003510	     -0.00012695	      0.00740087	      0.85843913	      0.83174481	     12.89125660	      3.25352986	     -3.17684588	     -0.18024882	     -0.14511876	     12.41126725	      2.72135970	     -3.20995972	     -0.02982564	     -0.03163506	     13.49751503	      2.16212721	     -3.40903238	     14.78574045	      1.60609412	     -3.63904225	     16.60377986	      0.95561620	     -3.94603636	      9.23831859	      2.92821377	      0.04310807	     -1.87449707	     -9.28862080	     -0.02788514	      1.80408688	      0.58654477	     -0.73766684	      3.90081174	      1.49227338	      0.24138870	     -0.09524900	      0.32532913	     -0.19836884	     -0.04117167	     -0.21804570
      3.48312100	      4.89957259	    -33.48898614	     -1.42143034	     19.47154803	    613.26508312	    -24.76065434	     -2.98064045	     -4.28344805	      0.02101575	     -2.74405994	      3.22271961	      0.37690653	      0.91535896	     -0.03234611	      0.94158781	     -0.03165401	     16.26493693	      3.34338648	     -4.27433119	      0.00071482	     -0.00002666	     -0.00004788	     -0.00005788	      0.00734269	      0.85262391	      0.82612331	     13.33940250	      2.93995259	     -3.98453759	     -0.18041684	     -0.14366031	     13.22328475	      2.31496988	     -4.02088593	     -0.02956170	     -0.03172743	     14.63408794	      1.67127772	     -4.24416291	     16.20695003	      1.03985761	     -4.49864148	     18.32897955	      0.30572300	     -4.83495390	      9.49186438	      2.81335208	      0.03464696	      2.05054014	    -11.18314968	     -0.33554943	      2.00784758	      0.68897319	     -0.82448598	      3.66150936	      1.47554804	      0.11230599	     -0.09343069	      0.44824167	      0.05329214	     -0.04933986	     -0.21117944
      3.49978700	      5.13049311	    -33.94357730	     -1.96932630	     21.77324868	    608.43185758	    -35.47222728	     -3.06304900	     -4.38830119	      0.00014173	     -2.96408378	      3.27170078	      0.46142523	      0.92510340	     -0.03216272	      1.02343054	     -0.03134968	     16.25097521	      3.36760913	     -4.80470032	      0.00070532	     -0.00001358	     -0.00005996	      0.00000314	      0.00729654	      0.84747109	      0.82153131	     13.58240086	      2.95423383	     -4.50645120	     -0.18004159	     -0.14298186	     13.74567326	      2.32390139	     -4.54319355	     -0.02933208	     -0.03176593	     15.40580734	      1.67938467	     -4.76940936	     17.19701428	      1.04972951	     -5.02356594	     19.55271263	      0.31835379	     -5.35570629	      9.68447268	      2.57953710	      0.02160261	      4.85989307	    -11.32881634	     -0.63094232	      2.23738126	      0.66813387	     -0.90938467	      3.23403403	      1.40521365	      0.00656844	     -0.09243395	      0.49881454	      0.22358359	     -0.05766684	     -0.19547119
      3.51645300	      5.20516598	    -34.42340478	     -2.35564200	     21.73591968	    606.07974056	    -41.79366321	     -3.14163655	     -4.43315714	     -0.01635574	     -3.14701071	      3.31111485	      0.51956091	      0.93152512	     -0.03203687	      1.07913152	     -0.03117682	     16.15962312	      3.51189513	     -5.06313497	      0.00069894	     -0.00000285	     -0.00006993	      0.00004771	      0.00726712	      0.84365314	      0.81899547	     13.63717477	      3.12720941	     -4.77349973	     -0.17891873	     -0.14289741	     13.96475527	      2.53671437	     -4.80860847	     -0.02917356	     -0.03179578	     15.77303986	      1.93388063	     -5.02536188	     17.69427341	      1.34512471	     -5.26546570	     20.19000541	      0.66075540	     -5.57583783	      9.79490503	      2.29329740	      0.00748077	      6.27963999	    -10.49550428	     -0.78471293	      2.48867371	      0.49996986	     -0.98689160	      2.72191155	      1.28139047	     -0.05878352	     -0.09206154	      0.48883017	      0.30911668	     -0.06635123	     -0.17302664
      3.53311900	      5.07706946	    -34.83221286	     -2.49161712	     19.97316497	    606.52557251	    -43.20928032	     -3.21530591	     -4.39371534	     -0.02676635	     -3.27121530	      3.32927294	      0.54110642	      0.93397788	     -0.03198914	      1.09765584	     -0.03116395	     16.07109066	      3.72796555	     -5.02453981	      0.00069691	      0.00000420	     -0.00007655	      0.00006731	      0.00725871	      0.84177582	      0.81934467	     13.57809274	      3.39253579	     -4.75462196	     -0.17699014	     -0.14325954	     13.94891367	      2.86546723	     -4.78730017	     -0.02911806	     -0.03184898	     15.79976673	      2.32622897	     -4.98775821	     17.75926457	      1.79852678	     -5.20686585	     20.29777039	      1.18431955	     -5.48725414	      9.79909829	      2.01204979	     -0.00462159	      6.38928955	     -9.11937086	     -0.75922975	      2.73806064	      0.18357396	     -1.04801198	      2.17864592	      1.11483544	     -0.08141996	     -0.09093665	      0.42551075	      0.31697719	     -0.07513394	     -0.14741212
      3.54978500	      4.70155347	    -35.12894609	     -2.31568108	     16.53973831	    609.80139019	    -39.76427209	     -3.28981622	     -4.26181037	     -0.02943772	     -3.33029493	      3.31694892	      0.51795036	      0.93332540	     -0.03203257	      1.07407141	     -0.03132754	     16.04494796	      4.02399826	     -4.64286496	      0.00070016	      0.00000664	     -0.00007888	      0.00005510	      0.00727469	      0.84228256	      0.82287730	     13.47296843	      3.75520548	     -4.40316941	     -0.17443517	     -0.14405527	     13.77432993	      3.31156666	     -4.43376255	     -0.02918517	     -0.03192056	     15.56959083	      2.85473278	     -4.61319991	     17.48208001	      2.40535240	     -4.80684342	     19.97279094	      1.88118687	     -5.05212874	      9.67404888	      1.77820173	     -0.01237694	      5.44090290	     -7.31980188	     -0.58750363	      2.93518640	     -0.24601131	     -1.07937538	      1.62451585	      0.92925588	     -0.06857485	     -0.08694931	      0.31495711	      0.25986272	     -0.08298930	     -0.12279575
      3.56645100	      4.06574820	    -35.32713132	     -1.80246004	     11.35148130	    615.59959108	    -32.01188752	     -3.37766484	     -4.05072030	     -0.02307226	     -3.33703477	      3.26897173	      0.44607873	      0.93190804	     -0.03216931	      1.01160294	     -0.03166511	     16.11144729	      4.42635513	     -3.88980329	      0.00070917	      0.00000403	     -0.00007652	      0.00000776	      0.00731676	      0.84535513	      0.82913245	     13.37256455	      4.24364514	     -3.69188744	     -0.17170443	     -0.14546464	     13.51232121	      3.90642385	     -3.72158166	     -0.02937604	     -0.03195556	     15.17126324	      3.55422016	     -3.87585276	     16.96645210	      3.20370752	     -4.04010470	     19.33436063	      2.79314010	     -4.24546015	      9.40395589	      1.61623698	     -0.01446840	      3.81140124	     -5.05986184	     -0.34939259	      3.00822243	     -0.70838158	     -1.06349145	      1.06632449	      0.76069643	     -0.03323060	     -0.07822110	      0.16511230	      0.15583959	     -0.08779813	     -0.10296892
      3.58311700	      3.20485662	    -35.47143244	     -0.95727908	      4.68230158	    623.27822301	    -21.05857069	     -3.49531730	     -3.79495730	     -0.00721453	     -3.32102803	      3.18545021	      0.32743470	      0.93303699	     -0.03238820	      0.92149107	     -0.03215056	     16.28561585	      4.94098165	     -2.78551857	      0.00072367	     -0.00000339	     -0.00006969	     -0.00007290	      0.00738394	      0.85083037	      0.83690521	     13.32444897	      4.85982536	     -2.63932507	     -0.16945152	     -0.14782624	     13.24352704	      4.64820915	     -2.66987481	     -0.02967080	     -0.03185849	     14.71376551	      4.42013298	     -2.79647697	     16.34589489	      4.18704223	     -2.92910674	     18.54177546	      3.91172190	     -3.09155683	      8.98785682	      1.53205846	     -0.01072533	      1.99064850	     -2.35315052	     -0.14167797	      2.88514417	     -1.08165507	     -0.98068157	      0.51264283	      0.65160509	      0.00916056	     -0.06412995	     -0.01156183	      0.02965408	     -0.08630637	     -0.09060520
      3.59978300	      2.21319122	    -35.60904488	      0.17953928	     -2.52401421	    631.95661355	     -8.45909938	     -3.65745731	     -3.54281450	      0.01721478	     -3.31920134	      3.07262709	      0.17108252	      0.93992378	     -0.03266455	      0.82019913	     -0.03273420	     16.57657933	      5.51837165	     -1.42536351	      0.00074250	     -0.00001461	     -0.00005934	     -0.00017931	      0.00747180	      0.85816363	      0.84456521	     13.37801577	      5.53702289	     -1.33382598	     -0.16835041	     -0.15148496	     13.05909215	      5.45092728	     -1.36732339	     -0.03003105	     -0.03152933	     14.32474675	      5.34919935	     -1.46812955	     15.77997415	      5.23711411	     -1.57176071	     17.78849944	      5.10264253	     -1.69459279	      8.44667371	      1.51415953	     -0.00214037	      0.50198688	      0.57220001	     -0.03880426	      2.52699967	     -1.22952941	     -0.81420500	     -0.01782221	      0.63885118	      0.04480769	     -0.04591253	     -0.19596523	     -0.08858455	     -0.07487516	     -0.08695699
      3.61644900	      1.24135982	    -35.77482880	      1.51324395	     -8.77832555	    640.67473319	      4.12879896	     -3.86973473	     -3.34277092	      0.04763024	     -3.36232760	      2.94302180	     -0.00707295	      0.95428536	     -0.03296310	      0.72471988	     -0.03334956	     16.97443977	      6.04400892	      0.01062951	      0.00076374	     -0.00002796	     -0.00004703	     -0.00029894	      0.00757226	      0.86647531	      0.85059084	     13.56155528	      6.13273274	      0.05600927	     -0.16884829	     -0.15656636	     13.02751184	      6.13983498	      0.01745469	     -0.03040750	     -0.03091491	     14.10850632	      6.13678863	     -0.06586343	     15.40454414	      6.12279328	     -0.15039245	     17.24416883	      6.10594729	     -0.24666416	      7.82601855	      1.53665497	      0.00928056	     -0.26930204	      3.25858673	     -0.05648927	      1.95791463	     -1.05092268	     -0.55932024	     -0.49594299	      0.73917518	      0.06592944	     -0.02647911	     -0.36286092	     -0.17017119	     -0.05119384	     -0.09194168
