Inverse Dynamics Generalized Forces
version=1
nRows=324
nColumns=63
inDegrees=no
endheader
time	pelvis_tilt_moment	pelvis_list_moment	pelvis_rotation_moment	pelvis_tx_force	pelvis_ty_force	pelvis_tz_force	hip_flexion_r_moment	hip_adduction_r_moment	hip_rotation_r_moment	hip_flexion_l_moment	hip_adduction_l_moment	hip_rotation_l_moment	knee_angle_r_moment	knee_angle_r_beta_force	knee_angle_l_moment	knee_angle_l_beta_force	L5_S1_Flex_Ext_moment	L5_S1_Lat_Bending_moment	L5_S1_axial_rotation_moment	Abs_r3_moment	Abs_r2_moment	Abs_r1_moment	Abs_t1_force	Abs_t2_force	ankle_angle_r_moment	ankle_angle_l_moment	L4_L5_Flex_Ext_moment	L4_L5_Lat_Bending_moment	L4_L5_axial_rotation_moment	subtalar_angle_r_moment	subtalar_angle_l_moment	L3_L4_Flex_Ext_moment	L3_L4_Lat_Bending_moment	L3_L4_axial_rotation_moment	mtp_angle_r_moment	mtp_angle_l_moment	L2_L3_Flex_Ext_moment	L2_L3_Lat_Bending_moment	L2_L3_axial_rotation_moment	L1_L2_Flex_Ext_moment	L1_L2_Lat_Bending_moment	L1_L2_axial_rotation_moment	L1_T12_Flex_Ext_moment	L1_T12_Lat_Bending_moment	L1_T12_axial_rotation_moment	neck_flexion_moment	neck_bending_moment	neck_rotation_moment	arm_flex_r_moment	arm_add_r_moment	arm_rot_r_moment	arm_flex_l_moment	arm_add_l_moment	arm_rot_l_moment	elbow_flex_r_moment	elbow_flex_l_moment	pro_sup_r_moment	pro_sup_l_moment	wrist_flex_r_moment	wrist_dev_r_moment	wrist_flex_l_moment	wrist_dev_l_moment
     -0.00010800	      5.73336934	    -21.00770536	      1.24094066	      4.94395881	    535.36691126	     -5.28502469	      0.38414117	     -1.16983294	      0.05582315	      1.91366847	      0.01268582	     -0.05262789	      0.30590148	     -0.03059651	      0.81271189	     -0.02974059	     14.92942937	      0.20613073	     -0.26855705	      0.00062447	      0.00002084	     -0.00000321	     -0.00028442	      0.00629740	      1.05056610	      0.95010103	     12.15775358	     -0.04559073	     -0.16901925	     -0.23780958	     -0.04593881	     11.94268653	     -0.27873644	     -0.10256987	     -0.03846976	     -0.03156019	     13.15761963	     -0.45089731	     -0.05074089	     14.55023444	     -0.56450402	      0.00288687	     16.44010053	     -0.63820009	      0.05138771	      7.28916140	     -0.54275713	     -0.00347685	      2.11101275	      0.36781288	     -0.49143471	      2.10640542	      0.25303603	     -0.50655715	      1.29993732	      1.41258859	     -0.01391716	     -0.02547245	     -0.11448959	     -0.14919694	      0.03084814	     -0.10705231
      0.01655800	      6.31402251	    -19.89244220	      1.32003413	      4.69589332	    539.10389122	     -4.55087699	      0.34660880	     -1.08476609	      0.34646759	      3.01445667	     -0.08324609	     -0.10314457	      0.11950161	     -0.03068987	      0.46973034	     -0.03033648	     15.12191577	     -0.60765708	     -0.13945590	      0.00063107	      0.00001977	     -0.00001055	     -0.00034498	      0.00629537	      1.04727666	      0.97522855	     12.42270232	     -0.83693470	     -0.00483740	     -0.22828962	     -0.04649644	     12.30068105	     -1.03127675	      0.10565937	     -0.03849089	     -0.03290392	     13.60841332	     -1.13778775	      0.20654292	     15.08749914	     -1.16458109	      0.31257578	     17.06986685	     -1.12534440	      0.41762466	      7.24748520	      0.90221453	      0.03171655	      2.90911926	      0.09647971	     -0.72805936	      2.60771681	      0.30438839	     -0.69169298	      1.32959002	      1.57411800	      0.00231546	     -0.03572874	     -0.15245479	     -0.17754768	      0.02082753	     -0.14392583
      0.03322400	      6.15536073	    -19.41109937	      1.38385353	      3.95944374	    541.59477637	     -2.61313892	      0.02025168	     -0.78071542	      0.59315346	      3.92663202	     -0.61081814	     -0.11943415	      0.07965031	     -0.03066083	      0.17971035	     -0.03082140	     15.22493155	     -1.32681438	     -0.01835641	      0.00063808	      0.00001774	     -0.00001668	     -0.00040873	      0.00629555	      1.02900450	      0.99786059	     12.58463699	     -1.54336248	      0.15036750	     -0.21590941	     -0.06036884	     12.53117123	     -1.71165853	      0.30028658	     -0.03725142	     -0.03395602	     13.90345421	     -1.76651786	      0.44374051	     15.44059928	     -1.72156322	      0.59510710	     17.48266301	     -1.58713233	      0.74847074	      7.19909042	      2.16474424	      0.06221997	      3.48108825	     -0.16559583	     -0.86469148	      2.94542923	      0.43293904	     -0.80068233	      1.30236935	      1.70596499	      0.01513609	     -0.04516544	     -0.16130292	     -0.19803165	      0.01363840	     -0.17271629
      0.04989000	      5.45388150	    -19.53409588	      1.44889788	      2.87749396	    542.68487655	      0.12890368	     -0.49116591	     -0.31590182	      0.77353175	      4.55813708	     -1.41154273	     -0.10895004	      0.16518705	     -0.03052488	     -0.02528073	     -0.03114692	     15.22270378	     -1.88395030	      0.11361009	      0.00064423	      0.00001391	     -0.00002042	     -0.00046492	      0.00629557	      1.00216812	      1.01516648	     12.62319023	     -2.09254375	      0.31143721	     -0.20111680	     -0.08315410	     12.61015613	     -2.24360964	      0.49277022	     -0.03531785	     -0.03460686	     14.01628125	     -2.25956459	      0.66924270	     15.58157520	     -2.15901499	      0.85549866	     17.64982719	     -1.95007661	      1.04549082	      7.15516037	      3.09824945	      0.08450261	      3.77904830	     -0.33386374	     -0.90017607	      3.10341034	      0.59008881	     -0.83919553	      1.26378439	      1.79293863	      0.02579312	     -0.05228596	     -0.14239943	     -0.20820891	      0.00938225	     -0.19133014
      0.06655600	      4.50092109	    -20.09017138	      1.53350244	      1.67087052	    542.46723268	      3.01457410	     -1.04178896	      0.21559763	      0.87603776	      4.86949111	     -2.27868900	     -0.08204150	      0.32583226	     -0.03032473	     -0.13267541	     -0.03129696	     15.13063413	     -2.24807250	      0.26411516	      0.00064842	      0.00000781	     -0.00002105	     -0.00050442	      0.00629330	      0.97439089	      1.02525921	     12.55487487	     -2.44929048	      0.48353027	     -0.18462734	     -0.10885388	     12.55822079	     -2.58812060	      0.68655906	     -0.03333287	     -0.03482264	     13.97287251	     -2.57585292	      0.88513843	     15.54228755	     -2.43525980	      1.09428438	     17.61066027	     -2.17293759	      1.30764269	      7.12749077	      3.61762559	      0.09658940	      3.83349873	     -0.37077531	     -0.86151382	      3.11153666	      0.72268446	     -0.82666118	      1.24401009	      1.82802844	      0.03518290	     -0.05620129	     -0.10478437	     -0.20838645	      0.00709854	     -0.19991251
      0.08322200	      3.58715509	    -20.86392934	      1.65512220	      0.60220249	    541.16330048	      5.40608928	     -1.50325259	      0.71138867	      0.89976833	      4.86803668	     -3.02638148	     -0.04797684	      0.50590310	     -0.03011097	     -0.14704856	     -0.03128331	     14.97331458	     -2.42516157	      0.42939862	      0.00065001	     -0.00000057	     -0.00001833	     -0.00052152	      0.00628741	      0.95184901	      1.02742785	     12.40845192	     -2.61790826	      0.66232572	     -0.16756457	     -0.13194968	     12.41146529	     -2.74775395	      0.87717202	     -0.03179070	     -0.03463114	     13.81769941	     -2.71677213	      1.08690453	     15.37570509	     -2.55088828	      1.30680927	     17.42817675	     -2.25575933	      1.53009651	      7.12076005	      3.70423982	      0.09814148	      3.70989438	     -0.29322623	     -0.78222976	      3.01940141	      0.79354529	     -0.78445083	      1.24685473	      1.81213054	      0.04318611	     -0.05672927	     -0.06020927	     -0.20082982	      0.00553742	     -0.19990103
      0.09988800	      2.92409781	    -21.68217828	      1.82582830	     -0.09258397	    539.03542487	      6.91471080	     -1.80483551	      1.08905994	      0.85284370	      4.59543859	     -3.53655667	     -0.01301453	      0.66393356	     -0.02992470	     -0.08394377	     -0.03113606	     14.76833047	     -2.44352278	      0.59975299	      0.00064883	     -0.00001082	     -0.00001252	     -0.00051472	      0.00627769	      0.93785396	      1.02210167	     12.20564320	     -2.62750142	      0.83902269	     -0.15141571	     -0.14883018	     12.19798497	     -2.75201272	      1.05668535	     -0.03092969	     -0.03409904	     13.58586603	     -2.71177833	      1.26742487	     15.12391775	     -2.53477220	      1.48680750	     17.15248093	     -2.22642922	      1.70744237	      7.12920061	      3.39679828	      0.09019984	      3.46984904	     -0.14759692	     -0.68737034	      2.87023933	      0.79100812	     -0.72785544	      1.25876843	      1.75255767	      0.04899390	     -0.05422659	     -0.01841461	     -0.18824067	      0.00394923	     -0.19309927
      0.11655400	      2.60723181	    -22.45236863	      2.04724012	     -0.26643096	    536.35054091	      7.47112349	     -1.94145487	      1.30348076	      0.74985645	      4.11485646	     -3.77261407	      0.01961757	      0.78095696	     -0.02978887	      0.03612945	     -0.03089442	     14.52371770	     -2.33693039	      0.76411606	      0.00064524	     -0.00002224	     -0.00000428	     -0.00048640	      0.00626508	      0.93280425	      1.01063720	     11.95698380	     -2.51410926	      1.00418982	     -0.13777162	     -0.15823023	     11.93190933	     -2.63852300	      1.21712451	     -0.03074173	     -0.03331338	     13.29541612	     -2.59897107	      1.42010612	     14.80882992	     -2.42437727	      1.62925867	     16.80972686	     -2.12089237	      1.83638069	      7.13930091	      2.77518713	      0.07477543	      3.15657152	      0.02048419	     -0.58976530	      2.68827407	      0.72729029	     -0.66382371	      1.26378496	      1.66096199	      0.05182377	     -0.04934370	      0.01518077	     -0.17257639	      0.00243954	     -0.18117225
      0.13322000	      2.62267202	    -23.15275120	      2.30724507	      0.11382733	    533.38239346	      7.25442728	     -1.95528495	      1.34935854	      0.60884785	      3.50046509	     -3.76520333	      0.04874036	      0.85780763	     -0.02970905	      0.19150254	     -0.03060047	     14.24489004	     -2.13527932	      0.91061163	      0.00063994	     -0.00003389	      0.00000542	     -0.00044186	      0.00625152	      0.93501003	      0.99502308	     11.66880067	     -2.31035347	      1.14779112	     -0.12794889	     -0.16084516	     11.62088320	     -2.44173555	      1.35024923	     -0.03105138	     -0.03237138	     12.95548353	     -2.41316743	      1.53855487	     14.44097525	     -2.25352247	      1.72993759	     16.41176701	     -1.97076953	      1.91516707	      7.13681387	      1.94254104	      0.05441172	      2.79872418	      0.18173455	     -0.49335466	      2.48105535	      0.62999271	     -0.59300488	      1.25261462	      1.55104850	      0.05136925	     -0.04285397	      0.03930931	     -0.15477289	      0.00180058	     -0.16555314
      0.14988600	      2.88172311	    -23.79663188	      2.57973658	      0.98033480	    530.42674882	      6.55642484	     -1.90616701	      1.25283418	      0.44835450	      2.82943339	     -3.58383709	      0.07408596	      0.90632990	     -0.02967991	      0.36103310	     -0.03029566	     13.94301471	     -1.86341969	      1.02421049	      0.00063386	     -0.00004474	      0.00001544	     -0.00038810	      0.00623957	      0.94179330	      0.97756998	     11.35245321	     -2.04361568	      1.25661911	     -0.12264183	     -0.15852517	     11.27682466	     -2.19052847	      1.44488436	     -0.03161403	     -0.03137633	     12.57875010	     -2.18315495	      1.61383953	     14.03362255	     -2.04950572	      1.78256049	     15.97218124	     -1.80052285	      1.94059604	      7.11436313	      1.00853148	      0.03178562	      2.41909832	      0.32285450	     -0.39826430	      2.25001599	      0.53125448	     -0.51363006	      1.22384174	      1.43638600	      0.04782406	     -0.03557821	      0.05533764	     -0.13519867	      0.00301866	     -0.14756118
      0.16655200	      3.26295293	    -24.39630996	      2.82735400	      2.19653167	    527.80295672	      5.65743116	     -1.84545905	      1.05863020	      0.28503890	      2.17534325	     -3.30796252	      0.09547646	      0.94003496	     -0.02969270	      0.52484295	     -0.03001838	     13.63920782	     -1.54349099	      1.08469274	      0.00062801	     -0.00005376	      0.00002461	     -0.00033250	      0.00623198	      0.95044933	      0.96061640	     11.02935372	     -1.73794735	      1.31214827	     -0.12172996	     -0.15344730	     10.92222257	     -1.90978793	      1.48467261	     -0.03220000	     -0.03043445	     12.18914028	     -1.93311446	      1.63211734	     13.61184052	     -1.83453052	      1.77623136	     15.51693701	     -1.62904051	      1.90519710	      7.07591829	      0.07521700	      0.00937217	      2.03965871	      0.43923559	     -0.30459035	      2.00066538	      0.45784889	     -0.42516874	      1.18106605	      1.32857535	      0.04169586	     -0.02833641	      0.06558961	     -0.11427909	      0.00674876	     -0.12852886
      0.18321800	      3.64741891	    -24.94339586	      3.00749017	      3.59046308	    525.82707226	      4.75367878	     -1.80177529	      0.81784647	      0.13222866	      1.60187377	     -3.00620272	      0.11244633	      0.96792860	     -0.02974017	      0.66532153	     -0.02980107	     13.36274645	     -1.19668517	      1.06812541	      0.00062324	     -0.00006005	      0.00003182	     -0.00028158	      0.00623111	      0.95887089	      0.94625591	     10.72962251	     -1.41547895	      1.29187636	     -0.12431046	     -0.14751205	     10.58928772	     -1.62155769	      1.44923902	     -0.03264807	     -0.02964819	     11.82144928	     -1.68367267	      1.57558370	     13.21261756	     -1.62679668	      1.69612188	     15.08510289	     -1.47090139	      1.79758278	      7.03615474	     -0.77346083	     -0.01080573	      1.68171041	      0.52889864	     -0.21408374	      1.74722100	      0.42457562	     -0.33054050	      1.12992008	      1.23603280	      0.03363843	     -0.02186834	      0.07218283	     -0.09285364	      0.01297865	     -0.10983065
      0.19988400	      3.94181261	    -25.40952317	      3.08192932	      4.98014888	    524.76288429	      3.93690417	     -1.77973101	      0.57874651	     -0.00054411	      1.15640935	     -2.72641900	      0.12424254	      0.99263260	     -0.02981799	      0.76889501	     -0.02966684	     13.14468773	     -0.84359288	      0.95334466	      0.00062018	     -0.00006294	      0.00003625	     -0.00024002	      0.00623852	      0.96579928	      0.93609133	     10.48590296	     -1.09647564	      1.17562673	     -0.12894965	     -0.14203470	     10.31367427	     -1.34488323	      1.32025460	     -0.03288471	     -0.02910430	     11.51479450	     -1.45168476	      1.42825901	     12.87806991	     -1.44032172	      1.52892734	     14.72180509	     -1.33633929	      1.60752116	      7.01525406	     -1.47694355	     -0.02730190	      1.36418965	      0.59025733	     -0.13036712	      1.51142884	      0.43244300	     -0.23651846	      1.07652483	      1.16367436	      0.02438041	     -0.01673316	      0.07649274	     -0.07222203	      0.02097458	     -0.09282350
      0.21655000	      4.09003462	    -25.76027344	      3.02782227	      6.19231691	    524.77092490	      3.20778322	     -1.76743795	      0.38061630	     -0.10724563	      0.86488050	     -2.49470246	      0.13007668	      1.01178277	     -0.02992350	      0.82800687	     -0.02962652	     13.01021361	     -0.50393420	      0.73104087	      0.00061908	     -0.00006213	      0.00003748	     -0.00020997	      0.00625462	      0.97077619	      0.93104549	     10.32580031	     -0.79895863	      0.95449313	     -0.13406547	     -0.13768360	     10.12658837	     -1.09539043	      1.09015659	     -0.03291472	     -0.02885971	     11.30414637	     -1.24987572	      1.18443654	     12.64641665	     -1.28468974	      1.27099325	     14.46858560	     -1.23116534	      1.33369319	      7.03154221	     -1.99787167	     -0.03923367	      1.10314757	      0.62227512	     -0.05869648	      1.31799922	      0.47165590	     -0.15252900	      1.02702562	      1.11351879	      0.01471053	     -0.01324264	      0.07904310	     -0.05404663	      0.02948662	     -0.07875338
      0.23321600	      4.07512681	    -25.97068438	      2.84482174	      7.08036150	    525.87233008	      2.50720607	     -1.74681887	      0.24981012	     -0.18478840	      0.73004314	     -2.31963889	      0.12946866	      1.02082447	     -0.03005339	      0.84217373	     -0.02967746	     12.97276074	     -0.19587485	      0.40992050	      0.00061985	     -0.00005777	      0.00003556	     -0.00019094	      0.00627864	      0.97392372	      0.93127483	     10.26587311	     -0.53820265	      0.63698318	     -0.13830824	     -0.13458114	     10.04827184	     -0.88503921	      0.76814891	     -0.03279454	     -0.02893087	     11.21313027	     -1.08689718	      0.85447213	     12.54414376	     -1.16540253	      0.93386580	     14.35486279	     -1.15745716	      0.98896696	      7.09486064	     -2.31911161	     -0.04619452	      0.91238625	      0.62492526	     -0.00554127	      1.18896339	      0.52755872	     -0.08836930	      0.98719583	      1.08569034	      0.00543568	     -0.01146193	      0.07961910	     -0.04015510	      0.03710969	     -0.06864438
      0.24988200	      3.91364085	    -26.03465813	      2.55467216	      7.54291799	    527.93538696	      1.75468879	     -1.70238125	      0.19759284	     -0.23259350	      0.73425661	     -2.19856074	      0.12250542	      1.01569721	     -0.03020192	      0.81743310	     -0.02980444	     13.03107691	      0.06539382	      0.01604476	      0.00062205	     -0.00005034	      0.00003094	     -0.00018040	      0.00630862	      0.97566977	      0.93621146	     10.30819409	     -0.32576592	      0.24846754	     -0.14082862	     -0.13248629	     10.08385163	     -0.72168439	      0.37961005	     -0.03260021	     -0.02929146	     11.24915515	     -0.96740510	      0.46407382	     12.58050022	     -1.08442717	      0.54346771	     14.39174468	     -1.11460219	      0.59944807	      7.20307417	     -2.44105144	     -0.04817556	      0.80287678	      0.59910022	      0.02250383	      1.13861294	      0.58665616	     -0.05166127	      0.96147790	      1.07914492	     -0.00273417	     -0.01126501	      0.07753848	     -0.03216660	      0.04264956	     -0.06316912
      0.26654800	      3.64519040	    -25.96699665	      2.19398883	      7.53755986	    530.68779047	      0.88404277	     -1.62655960	      0.22025316	     -0.25226357	      0.84581229	     -2.12346974	      0.10993130	      0.99465716	     -0.03036006	      0.76440603	     -0.02998268	     13.16891030	      0.26955193	     -0.41393291	      0.00062505	     -0.00004064	      0.00002436	     -0.00017467	      0.00634158	      0.97649797	      0.94471537	     10.43934194	     -0.16815626	     -0.17539677	     -0.14138076	     -0.13099149	     10.22160639	     -0.60834612	     -0.04042999	     -0.03239946	     -0.02987863	     11.40109592	     -0.89184905	      0.04777392	     12.74470112	     -1.04042344	      0.13360307	     14.56872153	     -1.09994758	      0.19803885	      7.34272554	     -2.37994204	     -0.04552511	      0.77972446	      0.54642200	      0.02071690	      1.17031014	      0.64043003	     -0.04593796	      0.95170571	      1.09186376	     -0.00932989	     -0.01240905	      0.07207460	     -0.03099131	      0.04536963	     -0.06252880
      0.28321400	      3.32042280	    -25.80007066	      1.80389784	      7.08430558	    533.75382414	     -0.13104744	     -1.52144798	      0.30185731	     -0.24718800	      1.02668231	     -2.08524798	      0.09312760	      0.95902208	     -0.03051582	      0.69572940	     -0.03018208	     13.35693125	      0.41264275	     -0.84201083	      0.00062815	     -0.00002955	      0.00001666	     -0.00017006	      0.00637393	      0.97676727	      0.95529055	     10.63170570	     -0.06585511	     -0.59770368	     -0.14026622	     -0.12968854	     10.43380638	     -0.54270538	     -0.45618894	     -0.03223365	     -0.03060457	     11.63988807	     -0.85627700	     -0.35985103	     13.00634987	     -1.02874251	     -0.26264834	     14.85390440	     -1.10891042	     -0.18394545	      7.49287756	     -2.16650976	     -0.03893664	      0.83818046	      0.46966688	     -0.01146469	      1.27576472	      0.68622982	     -0.06988750	      0.95629724	      1.12072906	     -0.01419669	     -0.01459723	      0.06294741	     -0.03642424	      0.04507831	     -0.06638631
      0.29988000	      2.99016537	    -25.57761665	      1.42055174	      6.25912501	    536.71028623	     -1.26441846	     -1.39769104	      0.41905304	     -0.22201431	      1.23944646	     -2.07580717	      0.07407044	      0.91294694	     -0.03065552	      0.62366891	     -0.03037205	     13.55682491	      0.49739480	     -1.23689089	      0.00063070	     -0.00001797	      0.00000860	     -0.00016370	      0.00640190	      0.97662102	      0.96631548	     10.84721146	     -0.01340315	     -0.98814892	     -0.13816449	     -0.12828165	     10.68036825	     -0.51746756	     -0.83877744	     -0.03211171	     -0.03137009	     11.92234041	     -0.85275627	     -0.73160260	     13.31942595	     -1.04175906	     -0.62007811	     15.19820041	     -1.13507562	     -0.52359595	      7.62994707	     -1.84393886	     -0.02944331	      0.96154827	      0.37363503	     -0.06905555	      1.43660589	      0.72581419	     -0.11776962	      0.97047306	      1.16143589	     -0.01743431	     -0.01751783	      0.05068564	     -0.04704739	      0.04208514	     -0.07388348
      0.31654600	      2.69746429	    -25.34774366	      1.06948116	      5.17999019	    539.15051593	     -2.43796309	     -1.27170972	      0.54652652	     -0.18209981	      1.45184955	     -2.08875909	      0.05525036	      0.86254958	     -0.03076558	      0.55849414	     -0.03052572	     13.72734999	      0.53212357	     -1.57832678	      0.00063220	     -0.00000669	      0.00000086	     -0.00015402	      0.00642208	      0.97598466	      0.97624986	     11.04330661	     -0.00077526	     -1.32720804	     -0.13591364	     -0.12664099	     10.91513970	     -0.52183619	     -1.17013452	     -0.03201471	     -0.03207708	     12.19791178	     -0.87071548	     -1.05131051	     13.62951580	     -1.06992563	     -0.92467871	     15.54303899	     -1.17078748	     -0.80937912	      7.73170172	     -1.46415969	     -0.01837344	      1.12291498	      0.26551372	     -0.14195662	      1.62768371	      0.76263272	     -0.18073672	      0.98745412	      1.20864770	     -0.01923099	     -0.02086386	      0.03666858	     -0.06049410	      0.03707027	     -0.08374956
      0.33321200	      2.47332281	    -25.15652332	      0.76511788	      3.98671868	    540.74407338	     -3.53408909	     -1.16232874	      0.66166343	     -0.13310364	      1.63860519	     -2.11946369	      0.03945093	      0.81476549	     -0.03083431	      0.50781185	     -0.03062296	     13.83145089	      0.52842367	     -1.85665877	      0.00063237	      0.00000360	     -0.00000607	     -0.00014091	      0.00643189	      0.97463174	      0.98379432	     11.18028629	     -0.01576214	     -1.60557804	     -0.13429967	     -0.12480024	     11.09381749	     -0.54379014	     -1.44223521	     -0.03190699	     -0.03263864	     12.41733257	     -0.89894088	     -1.31273674	     13.88305568	     -1.10336197	     -1.17222840	     15.83029995	     -1.20816971	     -1.03937658	      7.77990890	     -1.08149626	     -0.00721388	      1.29049814	      0.15418119	     -0.21717323	      1.82142905	      0.79896458	     -0.24871041	      1.00021823	      1.25640513	     -0.01968783	     -0.02434419	      0.02281904	     -0.07397156	      0.03090519	     -0.09448404
      0.34987800	      2.33582494	    -25.04271265	      0.51484598	      2.81674463	    541.28069557	     -4.41760439	     -1.08749738	      0.74764192	     -0.08072982	      1.78117564	     -2.16492002	      0.02934796	      0.77621032	     -0.03085353	      0.47666614	     -0.03065194	     13.84292775	      0.49833314	     -2.06821392	      0.00063115	      0.00001238	     -0.00001183	     -0.00012542	      0.00642995	      0.97228672	      0.98799778	     11.22843325	     -0.04664318	     -1.81959265	     -0.13389532	     -0.12291083	     11.18185854	     -0.57245797	     -1.65232851	     -0.03174930	     -0.03298648	     12.54129744	     -0.92757750	     -1.51454562	     14.03669499	     -1.13341965	     -1.36299180	     16.01241919	     -1.24014220	     -1.21570064	      7.76209774	     -0.74428571	      0.00262054	      1.43472846	      0.04883005	     -0.28192177	      1.99255521	      0.83394351	     -0.31240130	      1.00331740	      1.29872909	     -0.01872894	     -0.02769326	      0.01110256	     -0.08487927	      0.02446194	     -0.10458167
      0.36654400	      2.29126562	    -25.03352144	      0.32494355	      1.78181034	    540.69128768	     -4.96301091	     -1.06141968	      0.79493000	     -0.03045753	      1.86683737	     -2.22352707	      0.02704029	      0.75218503	     -0.03081957	      0.46797063	     -0.03060921	     13.75119142	      0.45194952	     -2.20915443	      0.00062869	      0.00001923	     -0.00001613	     -0.00010936	      0.00641617	      0.96873106	      0.98831877	     11.17341273	     -0.08426833	     -1.96516490	     -0.13496978	     -0.12117540	     11.16068754	     -0.59983480	     -1.79678728	     -0.03151073	     -0.03307627	     12.54740637	     -0.94951257	     -1.65397356	     14.06485252	     -1.15373857	     -1.49521641	     16.06061893	     -1.26111264	     -1.33781125	      7.67299221	     -0.48685995	      0.01004582	      1.53481794	     -0.04237445	     -0.32655234	      2.12228525	      0.86321507	     -0.36499646	      0.99428958	      1.33037291	     -0.01613305	     -0.03068230	      0.00305571	     -0.09137713	      0.01844915	     -0.11276270
      0.38321000	      2.33584190	    -25.14131571	      0.20495430	      0.95140437	    539.04497581	     -5.08170550	     -1.09220749	      0.80145015	      0.01289386	      1.88811867	     -2.29465951	      0.03368233	      0.74589802	     -0.03073367	      0.48284186	     -0.03049883	     13.56312787	      0.39620054	     -2.27114275	      0.00062528	      0.00002381	     -0.00001875	     -0.00009479	      0.00639170	      0.96388030	      0.98465066	     11.01883639	     -0.12300774	     -2.03355489	     -0.13747402	     -0.11978893	     11.03098449	     -0.62146837	     -1.86686026	     -0.03117631	     -0.03289146	     12.43404208	     -0.96090282	     -1.72251129	     13.96407615	     -1.16067405	     -1.56075365	     15.96977390	     -1.26733700	     -1.39807833	      7.51581933	     -0.32442379	      0.01451035	      1.58313384	     -0.11317701	     -0.34653100	      2.20125045	      0.88035023	     -0.40311772	      0.97432793	      1.34764584	     -0.01165789	     -0.03313788	     -0.00049001	     -0.09278856	      0.01330611	     -0.11816900
      0.39987600	      2.45703150	    -25.36166787	      0.16813816	      0.34701185	    536.52662190	     -4.74318843	     -1.18027028	      0.77176764	      0.04572882	      1.84297662	     -2.37819519	      0.04929077	      0.75800736	     -0.03060168	      0.52063252	     -0.03033080	     13.30179508	      0.33481652	     -2.24117786	      0.00062132	      0.00002590	     -0.00001951	     -0.00008363	      0.00635870	      0.95780991	      0.97731888	     10.78558721	     -0.16064642	     -2.01125694	     -0.14108785	     -0.11890899	     10.81252708	     -0.63629884	     -1.84859943	     -0.03074918	     -0.03244575	     12.22058302	     -0.96108711	     -1.70586718	     13.75354534	     -1.15336221	     -1.54506220	     15.75918062	     -1.25722236	     -1.38183233	      7.30330206	     -0.25235192	      0.01607263	      1.58649079	     -0.15959793	     -0.34314847	      2.23041287	      0.87944963	     -0.42690859	      0.94808542	      1.34915491	     -0.00519508	     -0.03496997	      0.00056004	     -0.08975406	      0.00917159	     -0.12049121
      0.41654200	      2.63446731	    -25.67348819	      0.22772527	     -0.05278981	    533.40148666	     -3.98535172	     -1.31779986	      0.71566658	      0.06609890	      1.73540610	     -2.47423286	      0.07270606	      0.78658072	     -0.03043307	      0.57875488	     -0.03011938	     13.00231189	      0.26906883	     -2.10581900	      0.00061722	      0.00002541	     -0.00001830	     -0.00007729	      0.00632000	      0.95073274	      0.96705250	     10.50810536	     -0.19768844	     -1.88421740	     -0.14529961	     -0.11865850	     10.54066313	     -0.64611260	     -1.72716205	     -0.03024798	     -0.03178365	     11.94394085	     -0.95229601	     -1.58839451	     13.47163740	     -1.13375996	     -1.43175566	     15.46908826	     -1.23180135	     -1.27203823	      7.05782190	     -0.25004672	      0.01532651	      1.56406059	     -0.17980826	     -0.32291331	      2.21979673	      0.85800966	     -0.43937551	      0.92269782	      1.33628276	      0.00310334	     -0.03619885	      0.00572806	     -0.08408017	      0.00592642	     -0.12000659
      0.43320800	      2.84077402	    -26.04164621	      0.39051165	     -0.30019471	    529.97338591	     -2.91097470	     -1.48950005	      0.64636444	      0.07367543	      1.57579885	     -2.58300580	      0.10171349	      0.82746744	     -0.03023941	      0.65255707	     -0.02988125	     12.70572030	      0.19881664	     -1.85802138	      0.00061335	      0.00002241	     -0.00001513	     -0.00007652	      0.00627869	      0.94295506	      0.95492221	     10.22828232	     -0.23644636	     -1.64465725	     -0.14948965	     -0.11914267	     10.25996560	     -0.65486643	     -1.49376057	     -0.02970252	     -0.03097810	     11.65190234	     -0.93927644	     -1.36022714	     13.16897919	     -1.10662773	     -1.20990891	     15.15337117	     -1.19516843	     -1.05676799	      6.81019265	     -0.28802471	      0.01320037	      1.54207388	     -0.17340465	     -0.29574260	      2.18531217	      0.81911255	     -0.44524653	      0.90628044	      1.31325167	      0.01275593	     -0.03696391	      0.01422843	     -0.07827237	      0.00329543	     -0.11752429
      0.44987400	      3.04303232	    -26.42172701	      0.65050799	     -0.46282657	    526.54198625	     -1.67067405	     -1.67432147	      0.57864021	      0.06930356	      1.38043845	     -2.70467659	      0.13333821	      0.87495633	     -0.03003267	      0.73549095	     -0.02963386	     12.45192495	      0.12363023	     -1.50380568	      0.00061002	      0.00001720	     -0.00001021	     -0.00008121	      0.00623778	      0.93483693	      0.94223457	      9.98803731	     -0.28000292	     -1.29777405	     -0.15300387	     -0.12045517	     10.01615100	     -0.66780290	     -1.15252630	     -0.02915010	     -0.03012385	     11.39436447	     -0.92859809	     -1.02435184	     12.89908089	     -1.07907568	     -0.88131780	     14.86946766	     -1.15433971	     -0.73663038	      6.59679144	     -0.33618241	      0.01069580	      1.54619311	     -0.14002880	     -0.27227375	      2.14443346	      0.77212867	     -0.44963767	      0.90629254	      1.28667111	      0.02293736	     -0.03750718	      0.02521606	     -0.07482571	      0.00097999	     -0.11424418
      0.46654000	      3.20535647	    -26.76583584	      0.98548802	     -0.60772596	    523.36598897	     -0.43609885	     -1.84776437	      0.52711052	      0.05451069	      1.16989566	     -2.83875207	      0.16425680	      0.92253679	     -0.02982387	      0.81967913	     -0.02939381	     12.27321241	      0.04381023	     -1.06607668	      0.00060741	      0.00001030	     -0.00000391	     -0.00009054	      0.00619982	      0.92676842	      0.93038305	      9.82217084	     -0.33109908	     -0.86565194	     -0.15522101	     -0.12266061	      9.84799332	     -0.69028611	     -0.72458879	     -0.02863289	     -0.02932660	     11.21432168	     -0.92747656	     -0.60087891	     12.70851870	     -1.05943005	     -0.46494516	     14.66768173	     -1.11821878	     -0.32937117	      6.45515870	     -0.37130198	      0.00863524	      1.59344968	     -0.07769901	     -0.26098833	      2.11183485	      0.73142791	     -0.45681209	      0.92823657	      1.26454060	      0.03250601	     -0.03813381	      0.03791399	     -0.07547657	     -0.00122103	     -0.11154705
      0.48320600	      3.29292914	    -27.02807066	      1.35802304	     -0.78731991	    520.64054769	      0.63030338	     -1.98434509	      0.50449873	      0.03122971	      0.96635696	     -2.98322256	      0.19123253	      0.96358391	     -0.02962252	      0.89687846	     -0.02917567	     12.19014377	     -0.03900024	     -0.58403265	      0.00060559	      0.00000245	      0.00000318	     -0.00010310	      0.00616682	      0.91917076	      0.92067231	      9.75345370	     -0.39122078	     -0.38680082	     -0.15562232	     -0.12575724	      9.78141890	     -0.72661086	     -0.24775568	     -0.02819654	     -0.02868888	     11.14101065	     -0.94237010	     -0.12686026	     12.62926275	     -1.05568677	      0.00312103	     14.58265377	     -1.09595379	      0.13003910	      6.41838319	     -0.38223798	      0.00747125	      1.68650976	      0.01824998	     -0.26614912	      2.09613773	      0.71320542	     -0.46929937	      0.97507621	      1.25482053	      0.04008131	     -0.03915400	      0.05158163	     -0.08072289	     -0.00334362	     -0.11075044
      0.49987200	      3.27759692	    -27.16864739	      1.72069880	     -1.02905086	    518.49559704	      1.40203468	     -2.06003229	      0.51950682	      0.00169810	      0.79007995	     -3.13369059	      0.21152632	      0.99185403	     -0.02943724	      0.95974190	     -0.02899117	     12.21123751	     -0.12186426	     -0.10833209	      0.00060455	     -0.00000549	      0.00001037	     -0.00011727	      0.00614021	      0.91253159	      0.91414682	      9.79154482	     -0.46022332	      0.08855032	     -0.15386710	     -0.12963336	      9.82761656	     -0.77922374	      0.22811164	     -0.02788988	     -0.02829494	     11.18729069	     -0.97788752	      0.34826672	     12.67544339	     -1.07418222	      0.47413169	     14.62952714	     -1.09541279	      0.59376621	      6.50871156	     -0.37193889	      0.00718640	      1.81301438	      0.15440193	     -0.28743716	      2.09870965	      0.73106562	     -0.48757771	      1.04738616	      1.26380134	      0.04419564	     -0.04081244	      0.06536120	     -0.08988575	     -0.00527135	     -0.11287058
      0.51653800	      3.14443613	    -27.15664313	      2.02398769	     -1.32914101	    517.01548128	      1.80525143	     -2.05474027	      0.57425483	     -0.03158551	      0.65549253	     -3.28266690	      0.22325820	      1.00181481	     -0.02927709	      1.00315468	     -0.02884924	     12.33651989	     -0.20114164	      0.30655335	      0.00060427	     -0.00001262	      0.00001696	     -0.00013149	      0.00612109	      0.90746381	      0.91146042	      9.93600038	     -0.53650644	      0.50602003	     -0.14987161	     -0.13403255	      9.98564694	     -0.84851122	      0.64864978	     -0.02776495	     -0.02819798	     11.35196106	     -1.03628846	      0.77022737	     12.84545343	     -1.11887761	      0.89417993	     14.80591389	     -1.12229301	      1.00853804	      6.73136472	     -0.35614265	      0.00730263	      1.95133462	      0.33578841	     -0.32155037	      2.11495109	      0.79121890	     -0.51039676	      1.14378698	      1.29452072	      0.04352205	     -0.04321760	      0.07806907	     -0.10176406	     -0.00683481	     -0.11842147
      0.53320400	      2.89773455	    -26.97244123	      2.22493013	     -1.65309472	    516.27175303	      1.81988856	     -1.95504998	      0.66189403	     -0.06589178	      0.56784769	     -3.41928652	      0.22565072	      0.98898347	     -0.02915320	      1.02531045	     -0.02875640	     12.56317452	     -0.27309969	      0.61104622	      0.00060472	     -0.00001807	      0.00002231	     -0.00014451	      0.00611046	      0.90474921	      0.91281271	     10.18182715	     -0.61728898	      0.81575112	     -0.14388109	     -0.13854277	     10.24819984	     -0.93277190	      0.96370576	     -0.02787523	     -0.02841288	     11.62582672	     -1.11724357	      1.08866613	     13.12834048	     -1.19097131	      1.21295852	     15.09874904	     -1.17962416	      1.32436277	      7.07065646	     -0.35882853	      0.00702288	      2.08151139	      0.56030045	     -0.36517537	      2.13762693	      0.88831710	     -0.53565956	      1.26122126	      1.34549378	      0.03712404	     -0.04628876	      0.08800396	     -0.11561619	     -0.00798191	     -0.12727379
      0.54987000	      2.56417279	    -26.61126570	      2.29477286	     -1.94721322	    516.35451124	      1.46443376	     -1.75707618	      0.76543937	     -0.09830840	      0.52158084	     -3.53000216	      0.21905532	      0.95049344	     -0.02907948	      1.02816965	     -0.02871731	     12.89017943	     -0.33407170	      0.76861897	      0.00060590	     -0.00002117	      0.00002591	     -0.00015540	      0.00610947	      0.90531852	      0.91796172	     10.52461180	     -0.69851470	      0.98054909	     -0.13651339	     -0.14262702	     10.60757754	     -1.02788838	      1.13552444	     -0.02826963	     -0.02891580	     11.99858173	     -1.21733498	      1.26540295	     13.51154087	     -1.28828052	      1.39205942	     15.49303268	     -1.26705552	      1.50284601	      7.49074202	     -0.40513586	      0.00549350	      2.19730090	      0.81338864	     -0.41802937	      2.16093190	      1.00314478	     -0.56162543	      1.39510854	      1.41008785	      0.02463537	     -0.04973702	      0.09286322	     -0.13194145	     -0.00897659	     -0.13859951
      0.56653600	      2.19101261	    -26.08808182	      2.22378284	     -2.16019119	    517.38673224	      0.77208394	     -1.46890648	      0.85891246	     -0.12589120	      0.50137763	     -3.60086837	      0.20472734	      0.88596576	     -0.02907195	      1.01704755	     -0.02873516	     13.31892809	     -0.38026767	      0.76185485	      0.00060782	     -0.00002138	      0.00002747	     -0.00016337	      0.00611933	      0.91013696	      0.92630730	     10.96209018	     -0.77455870	      0.98191974	     -0.12874155	     -0.14571054	     11.05848357	     -1.12691265	      1.14480939	     -0.02898231	     -0.02965049	     12.46276839	     -1.32952291	      1.28054809	     13.98591180	     -1.40460324	      1.41114039	     15.97805998	     -1.38009963	      1.52340798	      7.94152344	     -0.51369247	      0.00210662	      2.31348464	      1.06556162	     -0.48449939	      2.18369273	      1.10330803	     -0.58808249	      1.53957744	      1.47691824	      0.00630163	     -0.05308675	      0.08986157	     -0.15249156	     -0.01055626	     -0.15093385
      0.58320200	      1.83809285	    -25.44222565	      2.02168635	     -2.26446010	    519.51174472	     -0.22835281	     -1.11159843	      0.91158389	     -0.14597659	      0.48617865	     -3.62137074	      0.18446220	      0.79848488	     -0.02914593	      0.99931094	     -0.02881180	     13.84873631	     -0.40799997	      0.59468726	      0.00061046	     -0.00001843	      0.00002687	     -0.00016766	      0.00614111	      0.91999296	      0.93702460	     11.49065009	     -0.83868473	      0.82232723	     -0.12178143	     -0.14732030	     11.59555651	     -1.22070480	      0.99296593	     -0.03001994	     -0.03053900	     13.01220420	     -1.44386742	      1.13473223	     14.54495069	     -1.53045336	      1.27015452	     16.54746670	     -1.51081274	      1.38551893	      8.36781141	     -0.69082784	     -0.00326881	      2.46359521	      1.27290808	     -0.57310265	      2.21047021	      1.14757756	     -0.61711257	      1.68742184	      1.53155764	     -0.01707444	     -0.05573638	      0.07609763	     -0.17924027	     -0.01396219	     -0.16238124
      0.59986800	      1.56435828	    -24.73858278	      1.71295059	     -2.26369408	    522.85398625	     -1.51560867	     -0.71774432	      0.89532295	     -0.15658602	      0.45516731	     -3.58868819	      0.16028721	      0.69525351	     -0.02931202	      0.98244553	     -0.02894773	     14.46913904	     -0.41514725	      0.28938077	      0.00061375	     -0.00001226	      0.00002419	     -0.00016744	      0.00617542	      0.93521917	      0.94921217	     12.09823418	     -0.88520038	      0.52232297	     -0.11686976	     -0.14723951	     12.20661002	     -1.30072527	      0.69920889	     -0.03134963	     -0.03149399	     13.63537300	     -1.55074823	      0.84612114	     15.17827307	     -1.65653554	      0.98627685	     17.19270245	     -1.65141421	      1.10552186	      8.71873399	     -0.92851787	     -0.01021104	      2.68741801	      1.37882650	     -0.69425266	      2.25012787	      1.09364416	     -0.65316489	      1.82908844	      1.55955458	     -0.04411959	     -0.05705863	      0.04914286	     -0.21263476	     -0.02077637	     -0.17096529
      0.61653400	      1.41172860	    -24.06215474	      1.32780452	     -2.18215098	    527.46329396	     -3.06027542	     -0.32728298	      0.79363444	     -0.15677555	      0.39395781	     -3.51057954	      0.13431236	      0.58747382	     -0.02957161	      0.97198341	     -0.02914180	     15.15312163	     -0.40344431	     -0.12142362	      0.00061754	     -0.00000304	      0.00001969	     -0.00016222	      0.00622210	      0.95541473	      0.96201533	     12.75756127	     -0.91268672	      0.11289172	     -0.11496247	     -0.14561350	     12.86532323	     -1.36316667	      0.29295025	     -0.03289112	     -0.03242982	     14.30739599	     -1.64562695	      0.44270238	     15.86284807	     -1.77891049	      0.58607395	     17.89332557	     -1.79973387	      0.70863334	      8.95494896	     -1.20669072	     -0.01785429	      3.01254563	      1.31695061	     -0.85763767	      2.31243840	      0.90795612	     -0.70234073	      1.95116212	      1.55029186	     -0.07268470	     -0.05653939	      0.00778612	     -0.25005190	     -0.03255926	     -0.17507653
      0.63320000	      1.39057934	    -23.50517329	      0.89191181	     -2.04702893	    533.26027281	     -4.79638887	      0.01875980	      0.60939791	     -0.14681612	      0.29912083	     -3.40517353	      0.10869787	      0.48919207	     -0.02991398	      0.96986612	     -0.02939048	     15.85511733	     -0.37918952	     -0.60461743	      0.00062168	      0.00000883	      0.00001377	     -0.00015224	      0.00628001	      0.97927174	      0.97469470	     13.42355774	     -0.92533268	     -0.37411674	     -0.11643957	     -0.14294872	     13.52749072	     -1.41086533	     -0.19560356	     -0.03451704	     -0.03327110	     14.98494292	     -1.73128624	     -0.04707346	     16.55658515	     -1.90137752	      0.09615989	     18.60900119	     -1.96162139	      0.21955730	      9.05272805	     -1.49893742	     -0.02514338	      3.43629664	      1.02006865	     -1.07004174	      2.40408743	      0.57552621	     -0.77096330	      2.03685702	      1.50079105	     -0.09961017	     -0.05394346	     -0.04715838	     -0.28555307	     -0.05035804	     -0.17392367
      0.64986600	      1.47173473	    -23.14927072	      0.41890456	     -1.88247316	    540.00269629	     -6.59131525	      0.28514342	      0.36777570	     -0.12816936	      0.17976370	     -3.29692350	      0.08561966	      0.41515811	     -0.03031593	      0.97372156	     -0.02968676	     16.51514923	     -0.34970509	     -1.13375943	      0.00062601	      0.00002279	      0.00000693	     -0.00013894	      0.00634694	      1.00460612	      0.98662859	     14.03666446	     -0.92915230	     -0.91294268	     -0.12093323	     -0.13998534	     14.13299657	     -1.44914553	     -0.74210938	     -0.03606392	     -0.03395757	     15.60677653	     -1.81314289	     -0.60062415	     17.19746448	     -2.03019269	     -0.46281959	     19.27697727	     -2.14493783	     -0.34321478	      9.00531068	     -1.77922936	     -0.03113269	      3.91336654	      0.44118955	     -1.33297256	      2.52567614	      0.10742762	     -0.86360240	      2.07107623	      1.41838738	     -0.12092797	     -0.04946888	     -0.11215602	     -0.31149604	     -0.07420591	     -0.16786757
      0.66653200	      1.58918780	    -23.04685244	     -0.09005979	     -1.72614388	    547.28807413	     -8.22795007	      0.44823986	      0.11209870	     -0.10327339	      0.05588759	     -3.20965157	      0.06709309	      0.37807624	     -0.03074475	      0.97726943	     -0.03001935	     17.06842916	     -0.31599136	     -1.68911210	      0.00063045	      0.00003808	     -0.00000023	     -0.00012511	      0.00641964	      1.02863553	      0.99726753	     14.53175919	     -0.92343550	     -1.48407259	     -0.12736774	     -0.13747541	     14.61389065	     -1.47582422	     -1.32788176	     -0.03735343	     -0.03444583	     16.10099281	     -1.88775882	     -1.20042373	     17.70993725	     -2.16114582	     -1.07473260	     19.81752630	     -2.34503029	     -0.96520783	      8.82230639	     -2.02685654	     -0.03521237	      4.35425698	     -0.41408667	     -1.63848815	      2.67099026	     -0.45595620	     -0.98079347	      2.04915211	      1.32133513	     -0.13286027	     -0.04381865	     -0.18065178	     -0.32150860	     -0.10274839	     -0.15853176
      0.68319800	      1.65496063	    -23.20497375	     -0.63755934	     -1.66218987	    554.59547082	     -9.41759037	      0.49958146	     -0.10654702	     -0.07516000	     -0.04572631	     -3.15914647	      0.05459019	      0.38588105	     -0.03116351	      0.97172662	     -0.03037222	     17.45940943	     -0.26628969	     -2.24909830	      0.00063497	      0.00005386	     -0.00000710	     -0.00011457	      0.00649405	      1.04845261	      1.00608143	     14.85217538	     -0.89275000	     -2.06606246	     -0.13421568	     -0.13594124	     14.90867897	     -1.47137182	     -1.93141035	     -0.03822008	     -0.03470943	     16.39973925	     -1.93120503	     -1.82483380	     18.02003856	     -2.26623124	     -1.71802709	     20.14953986	     -2.52953142	     -1.62509239	      8.52755908	     -2.22766992	     -0.03717991	      4.64084555	     -1.45695352	     -1.96267310	      2.82897776	     -1.04723357	     -1.11681670	      1.98415117	      1.23679726	     -0.13334777	     -0.03811149	     -0.24343395	     -0.31339086	     -0.13311837	     -0.14863370
      0.69986400	      1.58365819	    -23.57433658	     -1.21420383	     -1.84687359	    561.35450075	     -9.85894068	      0.44661405	     -0.24263249	     -0.04695189	     -0.09689453	     -3.14813155	      0.04859391	      0.43979376	     -0.03153710	      0.94782964	     -0.03072512	     17.65863581	     -0.17681504	     -2.77663637	      0.00063958	      0.00006923	     -0.00001307	     -0.00011156	      0.00656546	      1.06156313	      1.01253717	     14.96750683	     -0.80687453	     -2.62222671	     -0.13988520	     -0.13550512	     14.98182886	     -1.39790713	     -2.51492747	     -0.03853907	     -0.03473858	     16.46069165	     -1.89721913	     -2.43425532	     18.07876222	     -2.29099701	     -2.35138473	     20.21609980	     -2.63479974	     -2.27969474	      8.15542575	     -2.37133400	     -0.03713941	      4.66290518	     -2.50839664	     -2.25955672	      2.98767487	     -1.58043134	     -1.25810686	      1.90682806	      1.19617237	     -0.12319225	     -0.03360349	     -0.28979803	     -0.29032618	     -0.16114850	     -0.14153489
      0.71653000	      1.32147776	    -24.04826272	     -1.78330710	     -2.49372083	    567.01793114	     -9.33705389	      0.31052321	     -0.26822676	     -0.02134707	     -0.07376744	     -3.16533709	      0.04837998	      0.53385928	     -0.03183712	      0.89807142	     -0.03105504	     17.67710082	     -0.02306299	     -3.20887656	      0.00064424	      0.00008330	     -0.00001759	     -0.00011988	      0.00662887	      1.06634179	      1.01612180	     14.88970405	     -0.63309609	     -3.09038022	     -0.14311793	     -0.13585732	     14.84251598	     -1.21267080	     -3.01430481	     -0.03824804	     -0.03453941	     16.28870633	     -1.73196590	     -2.96123176	     17.88650664	     -2.17045550	     -2.90400018	     20.01210529	     -2.58305570	     -2.85444833	      7.74535623	     -2.44618186	     -0.03528516	      4.36728114	     -3.33442301	     -2.46189350	      3.13805735	     -1.96537106	     -1.38309214	      1.85600168	      1.22816779	     -0.10590534	     -0.03128116	     -0.30951451	     -0.25954698	     -0.18196070	     -0.14053842
      0.73319600	      0.87175839	    -24.47934877	     -2.27553698	     -3.79686629	    571.11495574	     -7.82215039	      0.12114178	     -0.18032964	     -0.00021192	      0.03757969	     -3.18885776	      0.05221138	      0.65634606	     -0.03204452	      0.81883230	     -0.03133841	     17.56842052	      0.20129656	     -3.46012467	      0.00064888	      0.00009529	     -0.00002026	     -0.00014218	      0.00667929	      1.06229627	      1.01640550	     14.67682952	     -0.35803646	     -3.38522697	     -0.14328832	     -0.13637587	     14.55058066	     -0.89332214	     -3.34186038	     -0.03735805	     -0.03413202	     15.94405637	     -1.40285596	     -3.31419368	     17.50348626	     -1.86112401	     -3.28031717	     19.59712418	     -2.31791973	     -3.24931705	      7.33522073	     -2.43474912	     -0.03168586	      3.79506570	     -3.72245901	     -2.49520477	      3.27512776	     -2.12655368	     -1.46432215	      1.86269047	      1.35056625	     -0.08616867	     -0.03146602	     -0.29542684	     -0.22899571	     -0.19089335	     -0.14799349
      0.74986200	      0.30603624	    -24.71781331	     -2.59959637	     -5.80898576	    573.27897211	     -5.50796019	     -0.09029881	     -0.00146624	      0.01564001	      0.23628367	     -3.19269219	      0.05789119	      0.79273203	     -0.03214959	      0.71204327	     -0.03155389	     17.41122405	      0.46802721	     -3.44196315	      0.00065331	      0.00010458	     -0.00002087	     -0.00017940	      0.00671219	      1.05009029	      1.01312631	     14.41558574	     -0.00778836	     -3.41753997	     -0.14052264	     -0.13635314	     14.19921892	     -0.46248096	     -3.40603709	     -0.03595235	     -0.03354739	     15.52513963	     -0.92741252	     -3.39845637	     17.03243556	     -1.37387917	     -3.38246456	     19.07807368	     -1.84162430	     -3.36300305	      6.95478196	     -2.31282073	     -0.02617392	      3.07849760	     -3.56851153	     -2.30485041	      3.39437442	     -2.02270561	     -1.47334303	      1.93536187	      1.56250268	     -0.06783086	     -0.03361079	     -0.24611760	     -0.20378637	     -0.18459909	     -0.16434946
      0.76652800	     -0.24907972	    -24.66207783	     -2.66594807	     -8.33397290	    573.26489830	     -2.74939334	     -0.29848033	      0.22632248	      0.02647514	      0.50356521	     -3.15433344	      0.06344275	      0.92925482	     -0.03215018	      0.58592750	     -0.03168516	     17.27611827	      0.71280761	     -3.09318918	      0.00065724	      0.00011077	     -0.00001941	     -0.00023054	      0.00672396	      1.03134397	      1.00627349	     14.18636388	      0.34797472	     -3.12325475	     -0.13560980	     -0.13524447	     13.87763912	      0.00517272	     -3.14080986	     -0.03417352	     -0.03282365	     15.12852619	     -0.38315543	     -3.14662255	     16.57616826	     -0.78645203	     -3.14177192	     18.56402030	     -1.23039243	     -3.12587047	      6.62122200	     -2.05260322	     -0.01836058	      2.39033657	     -2.92694666	     -1.88508174	      3.48449069	     -1.66074410	     -1.38784967	      2.05402565	      1.83995563	     -0.05271324	     -0.03643473	     -0.16757344	     -0.18453079	     -0.16202713	     -0.18744431
      0.78319400	     -0.64894248	    -24.29779033	     -2.41185280	    -10.90821161	    570.97552877	      0.08072547	     -0.48862681	      0.45185747	      0.03350690	      0.80268156	     -3.06093705	      0.06763846	      1.05570229	     -0.03204936	      0.45442383	     -0.03172322	     17.19551060	      0.85365302	     -2.40327149	      0.00066036	      0.00011372	     -0.00001609	     -0.00029279	      0.00671255	      1.00828795	      0.99614428	     14.02982640	      0.61456881	     -2.48682785	     -0.12974597	     -0.13285209	     13.63390734	      0.40174060	     -2.52907129	     -0.03220245	     -0.03200275	     14.80805068	      0.11167448	     -2.54208903	     16.19316790	     -0.22387907	     -2.54243341	     18.11796974	     -0.61466524	     -2.52382883	      6.33804257	     -1.62887272	     -0.00774374	      1.87218946	     -1.98977172	     -1.29266712	      3.52072531	     -1.09791479	     -1.19944837	      2.17712953	      2.13721071	     -0.04081132	     -0.03841267	     -0.07266820	     -0.16844363	     -0.12498458	     -0.21241768
      0.79986000	     -0.77740804	    -23.70184623	     -1.81552360	    -12.90632589	    566.49799294	      2.73843949	     -0.65671506	      0.62643663	      0.03860827	      1.08311901	     -2.91241888	      0.07019424	      1.16650524	     -0.03185381	      0.33515835	     -0.03166760	     17.15612738	      0.82079271	     -1.41563241	      0.00066236	      0.00011352	     -0.00001128	     -0.00036189	      0.00667794	      0.98337675	      0.98335187	     13.93658623	      0.70518333	     -1.54550461	     -0.12420038	     -0.12938975	     13.46174509	      0.62253067	     -1.60682206	     -0.03023358	     -0.03112808	     14.55906147	      0.43792794	     -1.62254550	     15.87956740	      0.18415719	     -1.62423652	     17.73648684	     -0.13349477	     -1.60004786	      6.09728632	     -1.02717427	      0.00610156	      1.58471238	     -1.00550180	     -0.63368789	      3.46465315	     -0.42928465	     -0.91929821	      2.25864320	      2.39559431	     -0.03136731	     -0.03843552	      0.02193797	     -0.15224391	     -0.07806365	     -0.23255435
      0.81652600	     -0.58160901	    -23.00716255	     -0.89587736	    -13.73677578	    560.12812890	      5.17603311	     -0.80555581	      0.71386370	      0.04384917	      1.28922463	     -2.72122569	      0.07163735	      1.25999433	     -0.03157344	      0.24621562	     -0.03152607	     17.11870858	      0.58119851	     -0.21054274	      0.00066304	      0.00011047	     -0.00000541	     -0.00043284	      0.00662251	      0.95895988	      0.96877235	     13.86595170	      0.56989460	     -0.37396804	     -0.11999633	     -0.12541935	     13.31881489	      0.60010245	     -0.44789374	     -0.02845218	     -0.03024288	     14.33679024	      0.51400602	     -0.46376833	     15.58777557	      0.34538918	     -0.46527325	     17.36875433	      0.11115832	     -0.43614834	      5.88383883	     -0.25313230	      0.02326289	      1.50492806	     -0.18489797	     -0.02791569	      3.27352886	      0.23645195	     -0.57865728	      2.26698894	      2.55793517	     -0.02380132	     -0.03631521	      0.10049175	     -0.13471699	     -0.02786624	     -0.24101929
      0.83319200	     -0.08139976	    -22.34737239	      0.29562018	    -13.04018960	    552.35578833	      7.49974630	     -0.93864877	      0.69709030	      0.05091298	      1.37189170	     -2.50950164	      0.07298944	      1.33643532	     -0.03122198	      0.20235502	     -0.03131301	     17.05000227	      0.14580894	      1.11922365	      0.00066239	      0.00010502	      0.00000113	     -0.00050055	      0.00655098	      0.93706672	      0.95344149	     13.77912250	      0.20695291	      0.93830771	     -0.11767810	     -0.12169169	     13.16179259	      0.31982532	      0.85844290	     -0.02701782	     -0.02938944	     14.09373115	      0.31477113	      0.84339111	     15.26615682	      0.22638389	      0.84183560	     16.95885261	      0.07818426	      0.87274413	      5.68021899	      0.65967508	      0.04323951	      1.56097466	      0.35840304	      0.43157793	      2.91702744	      0.80468819	     -0.22266057	      2.19659568	      2.58437459	     -0.01797528	     -0.03283719	      0.15247003	     -0.11734845	      0.01839081	     -0.23298567
      0.84985800	      0.64422882	    -21.80992090	      1.68099453	    -10.80557539	    543.80170076	      9.85406756	     -1.05444882	      0.58066702	      0.06055962	      1.30036637	     -2.30468122	      0.07539471	      1.39587414	     -0.03081763	      0.21159679	     -0.03104706	     16.94564825	     -0.43938972	      2.48377889	      0.00066053	      0.00009773	      0.00000800	     -0.00056045	      0.00646990	      0.91930349	      0.93843295	     13.66459051	     -0.34384627	      2.30159040	     -0.11720761	     -0.11894787	     12.97467389	     -0.18465457	      2.22179748	     -0.02605462	     -0.02860922	     13.81090638	     -0.13170932	      2.20749295	     14.89308744	     -0.15004377	      2.20465462	     16.48282476	     -0.21492170	      2.23312706	      5.47077386	      1.64667102	      0.06480940	      1.67396166	      0.61472385	      0.70472139	      2.39476701	      1.21634242	      0.10163230	      2.06737768	      2.46412566	     -0.01399557	     -0.02929159	      0.17478348	     -0.10305906	      0.05464114	     -0.20736894
      0.86652400	      1.48077808	    -21.41711328	      3.15480644	     -7.36766787	    535.12068309	     12.30072563	     -1.14354079	      0.38872954	      0.07233506	      1.07064829	     -2.13444939	      0.07976112	      1.43679512	     -0.03038304	      0.27312750	     -0.03074871	     16.83184814	     -1.10768876	      3.79522438	      0.00065775	      0.00008922	      0.00001496	     -0.00060885	      0.00638659	      0.90682000	      0.92475494	     13.54252415	     -1.01530466	      3.62524873	     -0.11801273	     -0.11773947	     12.77571648	     -0.84578239	      3.55006398	     -0.02564544	     -0.02794401	     13.50700595	     -0.75911777	      3.53579945	     14.48803985	     -0.72055678	      3.53007171	     15.96171482	     -0.70886253	      3.55202534	      5.24496522	      2.61580923	      0.08606160	      1.78259600	      0.64697000	      0.80750033	      1.74728541	      1.45589678	      0.35899486	      1.91393225	      2.21924668	     -0.01194984	     -0.02672328	      0.17130398	     -0.09425433	      0.07766810	     -0.16746479
      0.88319000	      2.29967393	    -21.13818063	      4.58145847	     -3.30532318	    526.90056233	     14.74546952	     -1.19012997	      0.15884345	      0.08466600	      0.70767074	     -2.02187958	      0.08647498	      1.45616489	     -0.02994423	      0.37719385	     -0.03043846	     16.74803893	     -1.78139385	      4.95749050	      0.00065432	      0.00008020	      0.00002179	     -0.00064293	      0.00630791	      0.90029626	      0.91328865	     13.44958256	     -1.72396749	      4.80864935	     -0.11917990	     -0.11831320	     12.60377038	     -1.57500123	      4.74063048	     -0.02582700	     -0.02743730	     13.22564535	     -1.47733317	      4.72531262	     14.09951845	     -1.39700035	      4.71506679	     15.44999840	     -1.31959500	      4.72724138	      4.99988598	      3.45694849	      0.10456265	      1.84606196	      0.54823363	      0.79564573	      1.05586608	      1.54442898	      0.53630938	      1.77048522	      1.89953513	     -0.01170886	     -0.02532483	      0.15050433	     -0.09135253	      0.08817908	     -0.12021584
      0.89985600	      2.97338217	    -20.92292906	      5.80269788	      0.70578554	    519.58606361	     16.92588174	     -1.17745386	     -0.06682705	      0.09534292	      0.26037045	     -1.98157882	      0.09524334	      1.45077503	     -0.02952819	      0.50707704	     -0.03013561	     16.72122810	     -2.37531916	      5.86287033	      0.00065042	      0.00007145	      0.00002824	     -0.00066068	      0.00623907	      0.89991380	      0.90477051	     13.41452808	     -2.37573925	      5.73898130	     -0.11973681	     -0.12058353	     12.49438523	     -2.27058733	      5.67862841	     -0.02658464	     -0.02713469	     13.01140027	     -2.18179910	      5.66091374	     13.78084507	     -2.07664582	      5.64465151	     15.01086698	     -1.94923534	      5.64482845	      4.74259227	      4.05532986	      0.11761389	      1.83585428	      0.40891756	      0.74083176	      0.43030856	      1.52202485	      0.64524922	      1.65786896	      1.57054922	     -0.01274533	     -0.02430935	      0.12263973	     -0.09217679	      0.09078126	     -0.07436802
      0.91652200	      3.38767782	    -20.74150939	      6.66313196	      4.03343904	    513.44648383	     18.44153726	     -1.09484173	     -0.25054769	      0.10222285	     -0.20860493	     -2.01758047	      0.10507496	      1.41914722	     -0.02915952	      0.64249761	     -0.02985759	     16.74363952	     -2.80021274	      6.40682420	      0.00064608	      0.00006380	      0.00003395	     -0.00066060	      0.00618297	      0.90530584	      0.89979927	     13.43624606	     -2.87139839	      6.30714272	     -0.11893095	     -0.12418639	     12.45760401	     -2.82508108	      6.25319358	     -0.02784856	     -0.02708199	     12.88699757	     -2.76197536	      6.23158886	     13.56667545	     -2.65082502	      6.20800992	     14.69189760	     -2.49441382	      6.19496167	      4.49324796	      4.30726353	      0.12258301	      1.73024425	      0.29940545	      0.71047218	     -0.01340623	      1.42812708	      0.71647071	      1.57677381	      1.29831740	     -0.01401894	     -0.02229501	      0.09758537	     -0.09211068	      0.09272155	     -0.03815283
      0.93318800	      3.45639833	    -20.61357378	      7.04833580	      6.19355113	    508.59286804	     18.80324949	     -0.94324581	     -0.36586086	      0.10389871	     -0.63493080	     -2.12325041	      0.11438489	      1.36296829	     -0.02885691	      0.76332026	     -0.02961930	     16.76296128	     -2.97340543	      6.51760488	      0.00064115	      0.00005812	      0.00003842	     -0.00064158	      0.00614032	      0.91552033	      0.89883473	     13.47337227	     -3.11901012	      6.43809992	     -0.11641271	     -0.12857894	     12.46675622	     -3.13916514	      6.38807619	     -0.02949477	     -0.02732071	     12.84115071	     -3.11584376	      6.36102417	     13.45992677	     -3.01926272	      6.32905667	     14.51106283	     -2.85990051	      6.30235689	      4.28905953	      4.13542675	      0.11728589	      1.51900820	      0.26364392	      0.75585606	     -0.18103025	      1.28893668	      0.78795399	      1.50927503	      1.13456077	     -0.01412887	     -0.01793275	      0.08365721	     -0.08502642	      0.10172065	     -0.01721722
      0.94985400	      3.13945837	    -20.61381232	      6.91761807	      6.91704877	    505.03735609	     17.49618837	     -0.73686703	     -0.40104725	      0.10015336	     -0.96290886	     -2.28280136	      0.12121111	      1.28729818	     -0.02863067	      0.85255536	     -0.02943219	     16.69076563	     -2.83774282	      6.18296666	      0.00063537	      0.00005531	      0.00004099	     -0.00060289	      0.00611027	      0.92906040	      0.90215848	     13.45088176	     -3.05438791	      6.11805247	     -0.11228229	     -0.13314205	     12.46334813	     -3.14340509	      6.06894122	     -0.03135504	     -0.02788064	     12.83189129	     -3.17230529	      6.03485532	     13.43374200	     -3.11250991	      5.99360450	     14.45744019	     -2.98064058	      5.95328423	      4.18623046	      3.50112037	      0.10037254	      1.21637165	      0.31653734	      0.90707753	     -0.02602790	      1.11706611	      0.89219567	      1.42799772	      1.10587654	     -0.01186600	     -0.01041241	      0.08708873	     -0.06507370	      0.12360329	     -0.01336957
      0.96652000	      2.45714269	    -20.85010334	      6.31174407	      6.18726041	    502.77126527	     14.07087110	     -0.50049128	     -0.35939953	      0.09214039	     -1.15226909	     -2.47361744	      0.12353037	      1.19944500	     -0.02848220	      0.89821133	     -0.02930370	     16.42844735	     -2.38033232	      5.45394072	      0.00062851	      0.00005619	      0.00004091	     -0.00054433	      0.00609137	      0.94406148	      0.90979024	     13.28287814	     -2.66117913	      5.39844322	     -0.10702150	     -0.13725852	     12.37687613	     -2.81953274	      5.34741641	     -0.03323791	     -0.02876943	     12.80376538	     -2.91327563	      5.30462122	     13.44641128	     -2.91445204	      5.25317255	     14.50393702	     -2.84439991	      5.19916419	      4.25515603	      2.41230904	      0.07167354	      0.87118779	      0.44192685	      1.17031033	      0.43538614	      0.92153724	      1.04675029	      1.30869467	      1.20945397	     -0.00695833	      0.00037368	      0.11160059	     -0.02892365	      0.16051172	     -0.02443326
      0.98318600	      1.48935970	    -21.42282302	      5.32882781	      4.24648209	    501.82137691	      8.27381677	     -0.26401841	     -0.25732253	      0.08230186	     -1.18150378	     -2.66887234	      0.11963401	      1.10701876	     -0.02840591	      0.89409541	     -0.02923757	     15.90148224	     -1.63751571	      4.41949170	      0.00062046	      0.00006142	      0.00003743	     -0.00046660	      0.00608249	      0.95861244	      0.92138826	     12.90279762	     -1.97658028	      4.37052010	     -0.10136746	     -0.14036749	     12.15074908	     -2.20677736	      4.31558049	     -0.03495863	     -0.02996100	     12.70989499	     -2.38043752	      4.26218657	     13.46002232	     -2.46929970	      4.19930725	     14.62239898	     -2.49881669	      4.13077642	      4.56550523	      0.92767700	      0.03245925	      0.56090752	      0.59434828	      1.52453096	      1.12631189	      0.71994939	      1.25055581	      1.13954831	      1.41617689	     -0.00052523	      0.01398035	      0.15766377	      0.02260253	      0.21024826	     -0.04517537
      0.99985200	      0.35493726	    -22.38316363	      4.08307136	      1.55287437	    502.24304482	      0.19808394	     -0.05635396	     -0.12110452	      0.07403996	     -1.04866290	     -2.84060038	      0.10848302	      1.01597472	     -0.02839301	      0.83989369	     -0.02923536	     15.08670725	     -0.67963105	      3.16846745	      0.00061137	      0.00007140	      0.00002995	     -0.00037165	      0.00608333	      0.97114707	      0.93618709	     12.28690106	     -1.07544233	      3.12664099	     -0.09617762	     -0.14201336	     11.76112256	     -1.38502690	      3.06706633	     -0.03637096	     -0.03138686	     12.52639853	     -1.65742568	      3.00095407	     13.45090493	     -1.86284940	      2.92494554	     14.78970477	     -2.03155268	      2.83992105	      5.16260987	     -0.84364001	     -0.01448011	      0.36498631	      0.71184019	      1.92026617	      1.92759582	      0.54355078	      1.48579879	      0.92249526	      1.67959061	      0.00506939	      0.02966769	      0.22153113	      0.08453731	      0.26684802	     -0.06896583
      1.01651800	     -0.81776892	    -23.70780197	      2.67451277	     -1.32946407	    504.04395149	     -9.60637156	      0.09961771	      0.01752509	      0.07112448	     -0.77046876	     -2.96354016	      0.08996079	      0.92939454	     -0.02843571	      0.74079368	     -0.02929816	     14.02056680	      0.41309703	      1.76808567	      0.00060160	      0.00008614	      0.00001820	     -0.00026310	      0.00609440	      0.98077023	      0.95301738	     11.46049900	     -0.04360713	      1.73750130	     -0.09229993	     -0.14190416	     11.21991031	     -0.44508649	      1.67400562	     -0.03739093	     -0.03293525	     12.25214386	     -0.83715894	      1.59321192	     13.40641032	     -1.18721172	      1.50231766	     14.98116220	     -1.53219026	      1.39822639	      6.04203418	     -2.74940754	     -0.06507668	      0.33045039	      0.74241617	      2.28789912	      2.70526821	      0.43084758	      1.72319893	      0.66844054	      1.94736616	      0.00688426	      0.04655813	      0.29479194	      0.14941216	      0.32205573	     -0.08962324
      1.03318400	     -1.90738373	    -25.29589957	      1.18831209	     -3.88582266	    507.09103289	    -20.13066420	      0.19003933	      0.12711225	      0.07682777	     -0.38008120	     -3.01938117	      0.06498398	      0.84744653	     -0.02853019	      0.60676406	     -0.02942742	     12.78942360	      1.56080250	      0.27534437	      0.00059180	      0.00010516	      0.00000233	     -0.00014655	      0.00611638	      0.98739130	      0.97041714	     10.48874711	      1.03598880	      0.26205672	     -0.09043902	     -0.13997431	     10.56540889	      0.52945302	      0.19669429	     -0.03800460	     -0.03446053	     11.89906257	      0.00018599	      0.10038803	     13.31499181	     -0.51542342	     -0.00600812	     15.16026120	     -1.06331946	     -0.13058392	      7.13218233	     -4.61169378	     -0.11463204	      0.45254767	      0.67256915	      2.55956701	      3.33778280	      0.41259324	      1.92822089	      0.39387476	      2.17180653	      0.00257872	      0.06361192	      0.36561789	      0.20936808	      0.36716161	     -0.10290863
      1.04985000	     -2.79487078	    -26.98144807	     -0.28531181	     -5.78206859	    511.07992576	    -30.03777696	      0.21084361	      0.18287484	      0.09294306	      0.07667641	     -3.00024158	      0.03545756	      0.76850091	     -0.02867695	      0.45149154	     -0.02962432	     11.51481042	      2.67103051	     -1.23319046	      0.00058277	      0.00012743	     -0.00001692	     -0.00002982	      0.00614928	      0.99161362	      0.98681003	      9.46430598	      2.07292595	     -1.22365353	     -0.09101901	     -0.13642756	      9.85299630	      1.45464300	     -1.28775565	     -0.03825775	     -0.03580159	     11.48596809	      0.78196578	     -1.39794794	     13.16304518	      0.09517790	     -1.51765946	     15.27895117	     -0.66217004	     -1.66051400	      8.29352190	     -6.25242060	     -0.15872668	      0.68341382	      0.53640249	      2.69567873	      3.73703905	      0.49575182	      2.06649222	      0.12388023	      2.31748399	     -0.00769734	      0.07949274	      0.42215184	      0.25733837	      0.39468514	     -0.10733034
      1.06651600	     -3.35784528	    -28.55185768	     -1.63729165	     -6.90112432	    515.59967800	    -37.88759077	      0.16681895	      0.17252672	      0.11901039	      0.54686493	     -2.91015342	      0.00406037	      0.69085783	     -0.02887891	      0.29088919	     -0.02988779	     10.34388564	      3.62313516	     -2.64549498	      0.00057541	      0.00015136	     -0.00003819	      0.00007703	      0.00619164	      0.99442624	      1.00071203	      8.50121595	      2.95318420	     -2.61048664	     -0.09406198	     -0.13173140	      9.15423613	      2.22911275	     -2.66953721	     -0.03823190	     -0.03680551	     11.04317844	      1.42457668	     -2.78856175	     12.94473328	      0.58270818	     -2.91537554	     15.29337970	     -0.36311341	     -3.06880064	      9.33811970	     -7.51955269	     -0.19402109	      0.95876288	      0.39561269	      2.69825470	      3.86136998	      0.65444120	      2.10780573	     -0.10323812	      2.36576357	     -0.01941419	      0.09247441	      0.45663404	      0.28703582	      0.39957373	     -0.10417756
      1.08318200	     -3.49170255	    -29.77246557	     -2.74809160	     -7.27471688	    520.24584048	    -42.38854840	      0.06993752	      0.10003103	      0.15204316	      0.97736171	     -2.76405733	     -0.02612582	      0.61427975	     -0.02913803	      0.14115225	     -0.03021200	      9.44149807	      4.28091313	     -3.82877282	      0.00057068	      0.00017490	     -0.00005955	      0.00016206	      0.00624035	      0.99681415	      1.01092672	      7.73141948	      3.54835042	     -3.76973983	     -0.09911253	     -0.12654915	      8.55993669	      2.73866467	     -3.81986432	     -0.03801560	     -0.03735181	     10.62219073	      1.83289503	     -3.93937344	     12.67755356	      0.87486476	     -4.06319309	     15.18588550	     -0.20977438	     -4.21398915	     10.06664323	     -8.30520527	     -0.21856103	      1.22119163	      0.30501987	      2.60163050	      3.72019056	      0.83297939	      2.02900449	     -0.23949180	      2.31640108	     -0.02385737	      0.10051780	      0.46765982	      0.29279586	      0.37978059	     -0.09685904
      1.09984800	     -3.15770098	    -30.42328754	     -3.51038639	     -6.96755528	    524.70665452	    -42.62634442	     -0.06256875	     -0.01410155	      0.18690448	      1.32213676	     -2.58469212	     -0.05207421	      0.54074137	     -0.02945169	      0.01658602	     -0.03058426	      8.97173046	      4.53864791	     -4.66226025	      0.00056953	      0.00019568	     -0.00007868	      0.00021255	      0.00629106	      0.99942221	      1.01669300	      7.29226731	      3.75767135	     -4.58441039	     -0.10525026	     -0.12162138	      8.17510485	      2.89269311	     -4.62236347	     -0.03768072	     -0.03737212	     10.29760737	      1.93036032	     -4.73219561	     12.41003527	      0.91241647	     -4.84086345	     14.97851049	     -0.23932384	     -4.97269502	     10.31352964	     -8.55052284	     -0.23145341	      1.42920489	      0.28722249	      2.44811826	      3.36912802	      0.96136552	      1.81657640	     -0.24171833	      2.18585077	     -0.01171673	      0.10156262	      0.45903392	      0.27036957	      0.33625048	     -0.08969193
      1.11651400	     -2.42575371	    -30.35081841	     -3.84917057	     -5.99068285	    528.78613343	    -38.24806965	     -0.21071241	     -0.13672020	      0.21728822	      1.54860471	     -2.39837154	     -0.07124473	      0.47430155	     -0.02981016	     -0.07234915	     -0.03098429	      9.06150296	      4.37289403	     -5.06523755	      0.00057278	      0.00021130	     -0.00009322	      0.00021692	      0.00633924	      1.00237800	      1.01775672	      7.29694408	      3.55796460	     -4.97591626	     -0.11123031	     -0.11762982	      8.09688571	      2.67063283	     -4.99973784	     -0.03727061	     -0.03686109	     10.15170818	      1.70108119	     -5.09032124	     12.21156084	      0.68636796	     -5.17263484	     14.72774859	     -0.45146038	     -5.27013103	      9.98734794	     -8.23887175	     -0.23216337	      1.55692452	      0.32606267	      2.26338684	      2.89443048	      0.97789274	      1.46957750	     -0.08979799	      2.00186457	      0.02138311	      0.09398575	      0.43596300	      0.21866965	      0.27246064	     -0.08639802
      1.13318000	     -1.47472704	    -29.52640975	     -3.73144272	     -4.29819232	    532.37728981	    -29.58374387	     -0.35531068	     -0.22981287	      0.23699630	      1.64173198	     -2.23082946	     -0.08188018	      0.42036247	     -0.03019598	     -0.12028677	     -0.03138488	      9.75153823	      3.86435661	     -5.00814714	      0.00058099	      0.00021966	     -0.00010107	      0.00016727	      0.00638143	      1.00531953	      1.01435357	      7.79093324	      3.02705183	     -4.91464656	     -0.11575713	     -0.11508015	      8.37671017	      2.14595996	     -4.92403021	     -0.03680183	     -0.03587644	     10.24150741	      1.21351632	     -4.98885963	     12.14336999	      0.26038081	     -5.03775834	     14.49921275	     -0.78817279	     -5.09101435	      9.09475807	     -7.38514123	     -0.21993442	      1.59386331	      0.37285613	      2.04068593	      2.38870788	      0.84938930	      1.00243418	      0.20080141	      1.79533217	      0.07050253	      0.07710655	      0.40058938	      0.14151942	      0.19372112	     -0.08876202
      1.14984600	     -0.53411398	    -28.08684931	     -3.16858760	     -1.88374818	    535.42060416	    -17.66619031	     -0.48240162	     -0.26069244	      0.24108729	      1.60480040	     -2.10395824	     -0.08311360	      0.38467853	     -0.03058566	     -0.12712921	     -0.03175374	     10.95586614	      3.17014172	     -4.50849426	      0.00059427	      0.00021921	     -0.00010075	      0.00006202	      0.00641605	      1.00760012	      1.00711724	      8.71291662	      2.32026153	     -4.41630786	     -0.11784493	     -0.11422803	      8.98251206	      1.46705807	     -4.41258012	     -0.03627607	     -0.03452952	     10.56211878	      0.60518216	     -4.44983133	     12.22311191	     -0.24158229	     -4.46454738	     14.33346999	     -1.14341201	     -4.47234251	      7.74170333	     -6.03002350	     -0.19376998	      1.54979010	      0.35688142	      1.73600761	      1.92544625	      0.58007061	      0.44597185	      0.57744731	      1.59224710	      0.12071380	      0.05157911	      0.34885311	      0.04823746	      0.10642465	     -0.09602694
      1.16651200	      0.21610017	    -26.31996761	     -2.21799660	      1.05655808	    537.88256150	     -4.09030535	     -0.58740651	     -0.21209864	      0.22660306	      1.45647945	     -2.03363543	     -0.07492109	      0.37240100	     -0.03095333	     -0.09707061	     -0.03205647	     12.46420903	      2.45247620	     -3.62006798	      0.00061208	      0.00020923	     -0.00009167	     -0.00009242	      0.00644350	      1.00857322	      0.99694954	      9.89248017	      1.60349925	     -3.53258291	     -0.11717219	     -0.11505479	      9.79133487	      0.79607318	     -3.51836772	     -0.03569426	     -0.03296911	     11.03488132	      0.02759144	     -3.53092094	     12.40973166	     -0.68443049	     -3.51706636	     14.22813734	     -1.40555012	     -3.48723783	      6.11173695	     -4.24354973	     -0.15309660	      1.46547581	      0.19893230	      1.27542264	      1.54268894	      0.20612075	     -0.15513730	      0.96202004	      1.40927835	      0.15139998	      0.01952084	      0.27050880	     -0.04782791	      0.01735616	     -0.10540912
      1.18317800	      0.73586355	    -24.56946006	     -0.98590438	      3.99000202	    539.77102406	      9.32590485	     -0.67737793	     -0.08898381	      0.19276395	      1.22493701	     -2.02850817	     -0.05800802	      0.38730900	     -0.03127513	     -0.03677827	     -0.03226052	     14.01425143	      1.79914887	     -2.42381659	      0.00063317	      0.00018995	     -0.00007423	     -0.00028146	      0.00646538	      1.00783432	      0.98489161	     11.11201899	      0.97491635	     -2.34381263	     -0.11430407	     -0.11728844	     10.63975869	      0.23419773	     -2.32249310	     -0.03506527	     -0.03136196	     11.54746632	     -0.42350206	     -2.31611866	     12.63527510	     -0.98567102	     -2.28329553	     14.16170281	     -1.51313197	     -2.22954049	      4.42710733	     -2.13551795	     -0.09884589	      1.42522642	     -0.16462347	      0.57852263	      1.24282248	     -0.21887483	     -0.74890438	      1.27677322	      1.25462917	      0.14504046	     -0.01570099	      0.15369646	     -0.13310925	     -0.06692215	     -0.11358054
      1.19984400	      1.13933204	    -23.08465875	      0.37662783	      6.07300725	    541.16406652	     21.02225790	     -0.76974696	      0.08103366	      0.14070433	      0.94080550	     -2.08961836	     -0.03369496	      0.43122827	     -0.03153278	      0.04662682	     -0.03233967	     15.41617484	      1.19000212	     -1.02200027	      0.00065556	      0.00016265	     -0.00004984	     -0.00048423	      0.00648302	      1.00532866	      0.97202064	     12.21883938	      0.42792294	     -0.95413770	     -0.11065927	     -0.12046186	     11.42146683	     -0.21650643	     -0.92915117	     -0.03440565	     -0.02987297	     12.03797144	     -0.74536464	     -0.90939956	     12.87735711	     -1.14958527	     -0.86702444	     14.15392024	     -1.48360058	     -0.80304945	      2.90264301	      0.13487958	     -0.03442028	      1.55548253	     -0.73970103	     -0.40001322	      1.00686197	     -0.63864605	     -1.28477765	      1.47957033	      1.13273380	      0.09691516	     -0.04999373	     -0.00662303	     -0.19917842	     -0.14062262	     -0.11840115
      1.21651000	      1.60395090	    -21.90562392	      1.69747506	      6.41506096	    542.19108731	     30.12791387	     -0.88676938	      0.25495138	      0.07303651	      0.63146401	     -2.21077344	     -0.00381523	      0.50350290	     -0.03171553	      0.14701535	     -0.03227822	     16.65069392	      0.54408678	      0.46977650	      0.00067685	      0.00012959	     -0.00002079	     -0.00067717	      0.00649627	      1.00130268	      0.95937705	     13.21426795	     -0.10835723	      0.51733237	     -0.10816060	     -0.12399922	     12.16455542	     -0.61839298	      0.54326191	     -0.03373288	     -0.02864757	     12.56065938	     -0.99721355	      0.57397955	     13.21411132	     -1.23753103	      0.62068395	     14.30863095	     -1.38343785	      0.68688468	      1.70468458	      2.35988123	      0.03401659	      1.98391226	     -1.42768164	     -1.62165580	      0.81420474	     -1.00282906	     -1.72155937	      1.59139883	      1.04921545	      0.01934390	     -0.07924875	     -0.20056417	     -0.24716611	     -0.19918708	     -0.12001917
      1.23317600	      2.22943379	    -20.87941300	      2.82514000	      4.49952435	    542.92606598	     36.59365585	     -1.04649319	      0.38808756	     -0.00637463	      0.31863636	     -2.37954734	      0.02938985	      0.60038904	     -0.03182037	      0.25954456	     -0.03207412	     17.85122310	     -0.18214581	      1.93369871	      0.00069460	      0.00009387	      0.00001004	     -0.00083840	      0.00650301	      0.99614623	      0.94791144	     14.23466096	     -0.67748531	      1.95026398	     -0.10862323	     -0.12731974	     13.00881697	     -1.01411318	      1.97558305	     -0.03305858	     -0.02779773	     13.25861130	     -1.22234562	      2.01881344	     13.79173576	     -1.29505558	      2.07023251	     14.77476774	     -1.26044401	      2.13856258	      0.92610469	      4.30175546	      0.09824204	      2.75434033	     -2.02087877	     -2.93735092	      0.65762388	     -1.26922580	     -2.03191110	      1.69179624	      1.01286142	     -0.06386550	     -0.10007432	     -0.40137487	     -0.28758186	     -0.23958112	     -0.12083315
      1.24984200	      2.95421522	    -19.81080351	      3.66072172	      0.52222630	    543.24823479	     40.90878800	     -1.25313851	      0.45007132	     -0.09223983	      0.01962466	     -2.57881014	      0.06339750	      0.71449366	     -0.03185258	      0.37979519	     -0.03174005	     19.16427304	     -0.92655006	      3.25209317	      0.00070680	      0.00005900	      0.00003949	     -0.00095150	      0.00649995	      0.99021506	      0.93843632	     15.41858964	     -1.23131032	      3.22833543	     -0.11306246	     -0.12994208	     14.07910010	     -1.36816307	      3.25241781	     -0.03238756	     -0.02739277	     14.24182207	     -1.39563884	      3.31143188	     14.70613634	     -1.30541446	      3.37121118	     15.63122521	     -1.10480909	      3.44651702	      0.58299811	      5.72943870	      0.14956556	      3.74948330	     -2.28371877	     -4.11438422	      0.54789890	     -1.40372239	     -2.20272429	      1.87310419	      1.03362453	     -0.12943130	     -0.11040873	     -0.57244617	     -0.33365493	     -0.26039365	     -0.12443891
      1.26650800	      3.58718644	    -18.63524998	      4.15166326	     -4.58370245	    542.80620604	     43.56558049	     -1.49108892	      0.43705934	     -0.17749971	     -0.24946216	     -2.78865687	      0.09558761	      0.83467747	     -0.03181824	      0.50239764	     -0.03130248	     20.59432950	     -1.53621955	      4.29177235	      0.00071223	      0.00002855	      0.00006451	     -0.00100774	      0.00648408	      0.98372125	      0.93157334	     16.76225666	     -1.64496232	      4.22487030	     -0.12119027	     -0.13156694	     15.35363334	     -1.58364797	      4.24724717	     -0.03172473	     -0.02745457	     15.46767592	     -1.44307500	      4.32292631	     15.89440933	     -1.21270225	      4.39322912	     16.79061946	     -0.87737999	      4.47900880	      0.63029907	      6.46382590	      0.18078224	      4.70228746	     -2.09071254	     -4.91805282	      0.50871461	     -1.38176109	     -2.23256937	      2.17843682	      1.11809465	     -0.16428159	     -0.10990162	     -0.68033025	     -0.39149239	     -0.26175661	     -0.13414319
      1.28317400	      3.91089688	    -17.48579058	      4.25696134	     -9.47068544	    541.17293540	     44.62745163	     -1.72586019	      0.37419887	     -0.25337368	     -0.47109518	     -2.98844862	      0.12351272	      0.94683404	     -0.03172515	      0.62008206	     -0.03079908	     21.95733432	     -1.84027940	      4.88843472	      0.00071069	      0.00000558	      0.00008253	     -0.00100629	      0.00645437	      0.97673878	      0.92769742	     18.08093246	     -1.78504597	      4.78599908	     -0.13135716	     -0.13211387	     16.63789669	     -1.56610631	      4.80582314	     -0.03108562	     -0.02795636	     16.72795049	     -1.30256481	      4.89337177	     17.13437793	     -0.98076530	      4.97085765	     18.01342585	     -0.56709304	      5.06371794	      0.98676463	      6.41679751	      0.18780098	      5.31538140	     -1.51804256	     -5.20648914	      0.56639853	     -1.19233806	     -2.12835516	      2.56779236	      1.26502028	     -0.16754885	     -0.09998224	     -0.70719245	     -0.45429275	     -0.24513983	     -0.15168915
      1.29984000	      3.77248885	    -16.62183253	      3.92742290	    -12.86230642	    538.12011774	     43.67543896	     -1.91227290	      0.30610084	     -0.31034090	     -0.62639283	     -3.15862104	      0.14522607	      1.03563255	     -0.03158248	      0.72382754	     -0.03027524	     22.96909339	     -1.71793860	      4.86604505	      0.00070287	     -0.00000773	      0.00009175	     -0.00095277	      0.00641266	      0.96930589	      0.92689271	     19.09817172	     -1.56842255	      4.74680109	     -0.14101995	     -0.13170129	     17.65867996	     -1.27181485	      4.76312505	     -0.03050303	     -0.02882474	     17.74942600	     -0.96311996	      4.85175450	     18.15185605	     -0.62449306	      4.92676555	     19.02338324	     -0.21379772	      5.01494267	      1.55864095	      5.61138889	      0.17045167	      5.40904286	     -0.80918928	     -4.98355208	      0.73945387	     -0.84275521	     -1.90297194	      2.93750967	      1.46297077	     -0.14686921	     -0.08357733	     -0.65679695	     -0.50545652	     -0.21311441	     -0.17659333
      1.31650600	      3.12303563	    -16.28974148	      3.12936550	    -13.95003646	    533.82938100	     40.12474902	     -2.00703193	      0.27812250	     -0.34007076	     -0.69825312	     -3.28229370	      0.15958103	      1.08687786	     -0.03140024	      0.80418551	     -0.02977984	     23.38994797	     -1.12930123	      4.10070246	      0.00069017	     -0.00001037	      0.00009135	     -0.00085695	      0.00636351	      0.96155364	      0.92894002	     19.58452942	     -0.98183354	      3.99146916	     -0.14760324	     -0.13058312	     18.19813626	     -0.71461782	      4.00413330	     -0.03002311	     -0.02994647	     18.32482006	     -0.46005983	      4.07978278	     18.74911056	     -0.19481983	      4.13893496	     19.63356948	      0.11769007	      4.20531645	      2.25575479	      4.17707684	      0.13231236	      4.99484563	     -0.24014695	     -4.38395076	      1.03096498	     -0.36149270	     -1.57454034	      3.17813206	      1.69089870	     -0.11345703	     -0.06448760	     -0.55168797	     -0.52846019	     -0.16917135	     -0.20617359
      1.33317200	      2.01696062	    -16.60878543	      1.89431553	    -12.55126534	    528.90156371	     33.66688147	     -1.98114354	      0.31650616	     -0.33770063	     -0.67614612	     -3.34723061	      0.16640160	      1.08995343	     -0.03118912	      0.85327616	     -0.02936031	     23.12809253	     -0.11656960	      2.59478391	      0.00067428	     -0.00000259	      0.00008157	     -0.00073047	      0.00631301	      0.95377428	      0.93334440	     19.45289425	     -0.07497718	      2.52488583	     -0.14941142	     -0.12907525	     18.17940203	      0.05005891	      2.53528845	     -0.02969075	     -0.03118065	     18.38922695	      0.14916314	      2.58472791	     18.87291667	      0.25241505	      2.61519072	     19.80500208	      0.37590694	      2.64278547	      2.99983388	      2.32104879	      0.07968422	      4.24260798	      0.01756501	     -3.60703625	      1.42494325	      0.20275176	     -1.16667041	      3.23165778	      1.92126071	     -0.07802656	     -0.04648684	     -0.42339783	     -0.51649418	     -0.11757217	     -0.23613376
      1.34983800	      0.59380083	    -17.53403716	      0.35230758	     -9.03352414	    524.16764199	     24.56303630	     -1.82814311	      0.41633216	     -0.30357169	     -0.56040290	     -3.34847810	      0.16646827	      1.03984337	     -0.03096020	      0.86671966	     -0.02905689	     22.25712117	      1.20821269	      0.51240450	      0.00065690	      0.00001426	      0.00006368	     -0.00058517	      0.00626704	      0.94638532	      0.93939719	     18.77117447	      1.05314615	      0.50752129	     -0.14621113	     -0.12750462	     17.67125971	      0.94012400	      0.51871639	     -0.02953113	     -0.03237593	     18.01622333	      0.80075174	      0.53309266	     18.60264218	      0.67257926	      0.52645184	     19.62536657	      0.53878509	      0.50360463	      3.72881975	      0.28303819	      0.02005225	      3.38627883	     -0.04366910	     -2.83844203	      1.88673653	      0.78656898	     -0.70847938	      3.11571989	      2.12493082	     -0.04787377	     -0.03232349	     -0.30057081	     -0.47579572	     -0.06306145	     -0.26149737
      1.36650400	     -0.94864670	    -18.89390894	     -1.27896726	     -4.10851637	    520.41554603	     13.65491749	     -1.56595993	      0.54289807	     -0.24363180	     -0.36436461	     -3.29076953	      0.16132502	      0.93838962	     -0.03072450	      0.84492294	     -0.02889669	     20.96327854	      2.68302828	     -1.84762711	      0.00063948	      0.00003793	      0.00003974	     -0.00043219	      0.00622971	      0.93981377	      0.94626339	     17.70996745	      2.26897916	     -1.77028777	     -0.13924569	     -0.12618803	     16.83356378	      1.85550712	     -1.75419266	     -0.02953778	     -0.03339082	     17.35988504	      1.42735781	     -1.77750752	     18.08891093	      1.02942150	     -1.82313163	     19.24351589	      0.60451351	     -1.89963977	      4.40092426	     -1.71278312	     -0.03949708	      2.63402206	     -0.29888099	     -2.19544345	      2.36739466	      1.32118137	     -0.23329108	      2.90680909	      2.27699375	     -0.02575993	     -0.02296584	     -0.20050968	     -0.42153120	     -0.01028056	     -0.27768686
      1.38317000	     -2.38908538	    -20.46791895	     -2.74542012	      1.39147490	    518.16189860	      2.13516801	     -1.23247347	      0.64618691	     -0.16812266	     -0.11391188	     -3.18872240	      0.15294007	      0.79460308	     -0.03049226	      0.79345912	     -0.02888869	     19.46525037	      4.12338759	     -4.12826858	      0.00062308	      0.00006561	      0.00001243	     -0.00028153	      0.00620246	      0.93437307	      0.95308596	     16.46680489	      3.42353482	     -3.96238955	     -0.13069443	     -0.12541488	     15.84478114	      2.68769663	     -3.93719066	     -0.02967427	     -0.03411438	     16.58433269	      1.95859344	     -3.99462488	     17.48476158	      1.28736627	     -4.07451618	     18.80218001	      0.57493330	     -4.19907827	      4.99862899	     -3.49407664	     -0.09344471	      2.11866525	     -0.57469099	     -1.71309355	      2.81171196	      1.74355652	      0.22427597	      2.69792713	      2.36218733	     -0.01105793	     -0.01747503	     -0.12737096	     -0.36986378	      0.03703523	     -0.28156702
      1.39983600	     -3.52161304	    -22.06457486	     -3.82324392	      6.68936288	    517.54346670	     -8.77616683	     -0.87690398	      0.68130340	     -0.08897189	      0.15524574	     -3.06343737	      0.14325765	      0.62393484	     -0.03027248	      0.72247691	     -0.02902128	     17.94532284	      5.35501178	     -6.00584682	      0.00060841	      0.00009430	     -0.00001532	     -0.00014199	      0.00618423	      0.93020783	      0.95909511	     15.20294345	      4.37714403	     -5.75589382	     -0.12285373	     -0.12539953	     14.84463984	      3.33547897	     -5.71823360	     -0.02988855	     -0.03448320	     15.81123017	      2.32842351	     -5.80149589	     16.89735705	      1.41145799	     -5.90595527	     18.39428273	      0.44751686	     -6.06607720	      5.52938138	     -4.95595658	     -0.13833411	      1.88834102	     -0.73472412	     -1.36604693	      3.16931124	      2.00645854	      0.63222218	      2.55620220	      2.37851671	     -0.00207667	     -0.01365674	     -0.07631260	     -0.33133753	      0.07672943	     -0.27228156
      1.41650200	     -4.18900492	    -23.56928944	     -4.37213627	     11.17137888	    518.33892220	    -18.09991201	     -0.55014616	      0.62436993	     -0.01700990	      0.40219137	     -2.93602276	      0.13371868	      0.44643452	     -0.03007274	      0.64512236	     -0.02926365	     16.51353696	      6.24424365	     -7.26122411	      0.00059588	      0.00012112	     -0.00004068	     -0.00002110	      0.00617235	      0.92734105	      0.96370601	     14.01174174	      5.02463616	     -6.94045835	     -0.11743617	     -0.12619791	     13.90769299	      3.72422450	     -6.88853990	     -0.03013198	     -0.03449057	     15.09809380	      2.48908921	     -6.98687977	     16.37040713	      1.37660326	     -7.10375730	     18.04989929	      0.21966849	     -7.28333745	      6.01990916	     -6.05614064	     -0.17260619	      1.92057713	     -0.72730923	     -1.10576471	      3.40666730	      2.08484256	      0.96502790	      2.50111074	      2.33781773	      0.00235407	     -0.00921204	     -0.03983410	     -0.30862636	      0.10840964	     -0.25168308
      1.43316800	     -4.30093505	    -24.94923372	     -4.35569922	     14.42821177	    520.09008633	    -25.22788987	     -0.29646336	      0.47705626	      0.03999717	      0.58738996	     -2.82034654	      0.12489315	      0.28384640	     -0.02989982	      0.57504888	     -0.02957144	     15.20887223	      6.71685449	     -7.80777539	      0.00058576	      0.00014371	     -0.00006128	      0.00007515	      0.00616376	      0.92579655	      0.96658834	     12.92133631	      5.31207698	     -7.43539480	     -0.11525861	     -0.12762586	     13.04860564	      3.82045420	     -7.36936936	     -0.03037453	     -0.03418474	     14.44641840	      2.42387115	     -7.47185571	     15.89471936	      1.17895036	     -7.58909477	     17.74942936	     -0.10118584	     -7.77179007	      6.50426095	     -6.79619727	     -0.19600070	      2.14651296	     -0.58250240	     -0.89117175	      3.51545446	      1.97742007	      1.20662674	      2.50928243	      2.26274568	      0.00284351	     -0.00279259	     -0.01231331	     -0.29834720	      0.13305413	     -0.22411989
      1.44983400	     -3.83550767	    -26.22233199	     -3.82768367	     16.24304290	    522.26997909	    -29.91648624	     -0.14745209	      0.26043190	      0.07814723	      0.68080563	     -2.71820460	      0.11638043	      0.15600934	     -0.02976053	      0.52339646	     -0.02989559	     14.02661746	      6.76052015	     -7.67560663	      0.00057820	      0.00016045	     -0.00007553	      0.00014269	      0.00615611	      0.92572695	      0.96769461	     11.92097382	      5.23939585	     -7.27389053	     -0.11632869	     -0.12924143	     12.24837710	      3.63503449	     -7.19584788	     -0.03061193	     -0.03365620	     13.82850241	      2.15114966	     -7.29301480	     15.43550318	      0.84109537	     -7.40044306	     17.45135434	     -0.49078960	     -7.57207416	      7.00950589	     -7.19843644	     -0.20884936	      2.47889129	     -0.37388433	     -0.70131151	      3.51226176	      1.70437930	      1.35205311	      2.53666982	      2.18060411	      0.00015653	      0.00558169	      0.00889678	     -0.29460187	      0.15227580	     -0.19544145
      1.46650000	     -2.83093110	    -27.41305766	     -2.89917462	     16.55460576	    524.43761538	    -32.20207259	     -0.11810191	      0.00403743	      0.09714889	      0.66974126	     -2.61962478	      0.10705626	      0.07729013	     -0.02966247	      0.49602195	     -0.03019222	     12.95237780	      6.41420309	     -6.97151608	      0.00057331	      0.00017061	     -0.00008269	      0.00017957	      0.00614840	      0.92747149	      0.96724258	     10.99278922	      4.85065870	     -6.56337860	     -0.12014085	     -0.13043783	     11.48442661	      3.21501408	     -6.47691272	     -0.03086451	     -0.03301704	     13.21660979	      1.71812463	     -6.56148221	     14.96068911	      0.40794762	     -6.65153951	     17.11957022	     -0.90938327	     -6.80113573	      7.54507916	     -7.28770840	     -0.21155063	      2.83765082	     -0.17518541	     -0.53203714	      3.42883442	      1.30362378	      1.40752606	      2.54223700	      2.11553661	     -0.00441965	      0.01488886	      0.02475758	     -0.29198509	      0.16763359	     -0.17139469
      1.48316600	     -1.37590445	    -28.51884551	     -1.70585051	     15.42400853	    526.33281744	    -32.30243465	     -0.20491523	     -0.26341390	      0.09937476	      0.56356188	     -2.50880046	      0.09560086	      0.05402444	     -0.02961399	      0.49196002	     -0.03043064	     11.98567212	      5.75203318	     -5.83897757	      0.00057117	      0.00017427	     -0.00008292	      0.00018605	      0.00614114	      0.93149409	      0.96565729	     10.13350588	      4.21857254	     -5.44591677	     -0.12596160	     -0.13063877	     10.75043776	      2.62937168	     -5.35535198	     -0.03116874	     -0.03237762	     12.60138716	      1.18816015	     -5.42217874	     14.45805528	     -0.06405442	     -5.48978220	     16.73904798	     -1.30998125	     -5.60954720	      8.09978847	     -7.08323564	     -0.20436992	      3.16562148	     -0.03430499	     -0.38619713	      3.29787222	      0.82713133	      1.38890019	      2.50169887	      2.08156838	     -0.00935916	      0.02393178	      0.03617453	     -0.28704719	      0.18027624	     -0.15595287
      1.49983200	      0.39830685	    -29.49929593	     -0.38631139	     13.01768140	    527.89434183	    -30.53813183	     -0.38695810	     -0.51832763	      0.08868716	      0.39275704	     -2.37310914	      0.08109819	      0.08385664	     -0.02962272	      0.50383962	     -0.03059773	     11.14710322	      4.86759637	     -4.43208631	      0.00057178	      0.00017222	     -0.00007706	      0.00016433	      0.00613603	      0.93820450	      0.96348599	      9.36085474	      3.42904281	     -4.07240366	     -0.13298821	     -0.12952370	     10.06163868	      1.95424709	     -3.98188356	     -0.03156323	     -0.03182627	     11.99597399	      0.62701172	     -4.02751253	     13.93827400	     -0.51948989	     -4.06951468	     16.31766647	     -1.64923741	     -4.15429716	      8.64573320	     -6.60040945	     -0.18756451	      3.43094560	      0.03122151	     -0.26579992	      3.14206559	      0.33667683	      1.31860146	      2.40930542	      2.07912793	     -0.01342055	      0.03206097	      0.04467814	     -0.27837442	      0.19093273	     -0.15025551
      1.51649800	      2.32772355	    -30.28643646	      0.92857807	      9.60154947	    529.21457182	    -27.27631116	     -0.63082362	     -0.74203924	      0.06941588	      0.20167948	     -2.21089606	      0.06345351	      0.15730884	     -0.02969264	      0.52027349	     -0.03069774	     10.47311975	      3.86036505	     -2.90357301	      0.00057507	      0.00016576	     -0.00006649	      0.00011826	      0.00613540	      0.94772768	      0.96130335	      8.70862856	      2.56799865	     -2.59086029	     -0.14039441	     -0.12718232	      9.44955486	      1.26036693	     -2.50353118	     -0.03207300	     -0.03141660	     11.43011879	      0.09105291	     -2.52572818	     13.42847959	     -0.91482222	     -2.54035993	     15.87916006	     -1.89716655	     -2.58709766	      9.14470972	     -5.85933920	     -0.16174845	      3.61985110	      0.02600554	     -0.16942135	      2.97126547	     -0.10335993	      1.22130946	      2.27244273	      2.09650256	     -0.01596150	      0.03935954	      0.05208242	     -0.26597236	      0.20003194	     -0.15259275
      1.53316400	      4.23234881	    -30.80634588	      2.12138334	      5.53492257	    530.46194319	    -22.88601143	     -0.89911202	     -0.91895493	      0.04568846	      0.03700649	     -2.03434852	      0.04347111	      0.26107335	     -0.02982141	      0.52942768	     -0.03074828	     10.00563434	      2.82376502	     -1.39943325	      0.00058083	      0.00015646	     -0.00005289	      0.00005292	      0.00614149	      0.95972238	      0.95962857	      8.21700184	      1.71046436	     -1.14147265	     -0.14734318	     -0.12412696	      8.95248753	      0.60321737	     -1.05892913	     -0.03269710	     -0.03116450	     10.94042378	     -0.38143924	     -1.05636172	     12.96239905	     -1.22607683	     -1.04283578	     15.45317487	     -2.04373032	     -1.05015389	      9.55214053	     -4.89511445	     -0.12832546	      3.72695586	     -0.03405916	     -0.09370976	      2.78708465	     -0.43700818	      1.11900031	      2.10492505	      2.11556703	     -0.01692216	      0.04625856	      0.05970197	     -0.25058989	      0.20771482	     -0.15938186
      1.54983000	      5.94026765	    -31.00144715	      3.09410595	      1.25452142	    531.80510675	    -17.69759681	     -1.16013268	     -1.03582037	      0.02115025	     -0.06410451	     -1.86623416	      0.02260029	      0.38184231	     -0.02999849	      0.52251116	     -0.03077446	      9.78192263	      1.83512527	     -0.05318846	      0.00058875	      0.00014598	     -0.00003807	     -0.00002583	      0.00615591	      0.97333512	      0.95887074	      7.92295284	      0.91231260	      0.14854646	     -0.15303918	     -0.12115448	      8.60614622	      0.01664602	      0.22648756	     -0.03340417	     -0.03105410	     10.56092567	     -0.77505291	      0.25441154	     12.57104562	     -1.45226837	      0.29613861	     15.06621330	     -2.10102205	      0.32820609	      9.81645642	     -3.76394977	     -0.08974100	      3.74873959	     -0.12995367	     -0.03622222	      2.59039673	     -0.62889767	      1.02659409	      1.92233096	      2.11926387	     -0.01659963	      0.05295058	      0.06771508	     -0.23330175	      0.21371036	     -0.16666344
      1.56649600	      7.31358583	    -30.84575247	      3.77549398	     -2.75577962	    533.36223428	    -11.97104268	     -1.39546107	     -1.08325084	     -0.00104327	     -0.08216496	     -1.73212054	      0.00249602	      0.50931433	     -0.03020493	      0.49600562	     -0.03080266	      9.82734964	      0.94937553	      1.02254767	      0.00059837	      0.00013588	     -0.00002377	     -0.00011184	      0.00617939	      0.98731695	      0.95930106	      7.85317426	      0.20639344	      1.17269252	     -0.15683870	     -0.11911092	      8.43674075	     -0.48860381	      1.24791465	     -0.03413723	     -0.03104914	     10.31630748	     -1.09676605	      1.30111999	     12.27621419	     -1.61348398	      1.37048914	     14.73560100	     -2.10016371	      1.44073076	      9.87675515	     -2.54135484	     -0.04935162	      3.68205640	     -0.24414374	      0.00270812	      2.38707435	     -0.67238017	      0.94974306	      1.73985750	      2.09772880	     -0.01538394	      0.05908679	      0.07499209	     -0.21535418	      0.21727125	     -0.17149393
      1.58316200	      8.26787671	    -30.34970173	      4.12740064	     -6.00849313	    535.18151835	     -5.88602434	     -1.60266457	     -1.05886590	     -0.01818334	     -0.01746867	     -1.65153334	     -0.01540407	      0.63744139	     -0.03041609	      0.45200740	     -0.03085552	     10.15134280	      0.19833509	      1.74554996	      0.00060920	      0.00012744	     -0.00001150	     -0.00019928	      0.00621175	      1.00026239	      0.96103671	      8.02011913	     -0.39556466	      1.85400702	     -0.15838669	     -0.11864500	      8.45738906	     -0.92052917	      1.92978892	     -0.03482555	     -0.03110521	     10.21877881	     -1.36979190	      2.00757404	     12.08792860	     -1.74359743	      2.10350012	     14.46768581	     -2.08329903	      2.20972064	      9.66456414	     -1.31290456	     -0.01090130	      3.52654960	     -0.36270042	      0.02007077	      2.18952047	     -0.58926940	      0.88564098	      1.57163027	      2.05081522	     -0.01357962	      0.06398380	      0.07944205	     -0.19812341	      0.21736028	     -0.17273118
      1.59982800	      8.77949771	    -29.55561144	      4.14780429	     -8.06691962	    537.24413576	      0.43735606	     -1.79252905	     -0.97021045	     -0.02810171	      0.11375952	     -1.63150717	     -0.03012354	      0.76379665	     -0.03060592	      0.39681150	     -0.03094841	     10.74555852	     -0.40480467	      2.07205611	      0.00062070	      0.00012157	     -0.00000235	     -0.00028301	      0.00625205	      1.01088700	      0.96402305	      8.42042456	     -0.89611592	      2.15265952	     -0.15772622	     -0.12002957	      8.66729244	     -1.29695371	      2.23321692	     -0.03539929	     -0.03117922	     10.26820446	     -1.62337659	      2.33427412	     12.00551719	     -1.87950516	      2.45514460	     14.26001783	     -2.09279248	      2.59426827	      9.11409022	     -0.16166722	      0.02220637	      3.28859729	     -0.47596035	      0.01193675	      2.01406418	     -0.42097428	      0.82638674	      1.43028146	      1.98653691	     -0.01137628	      0.06713330	      0.07873922	     -0.18305017	      0.21305183	     -0.17100515
      1.61649400	      8.88099216	    -28.52811765	      3.86974927	     -8.60851785	    539.47539848	      6.89149753	     -1.98228714	     -0.83561042	     -0.02942522	      0.28693444	     -1.66447469	     -0.04116585	      0.88769977	     -0.03075153	      0.33848518	     -0.03108756	     11.58246756	     -0.85873715	      2.00204256	      0.00063240	      0.00011865	      0.00000308	     -0.00035902	      0.00629880	      1.01825649	      0.96801774	      9.03405269	     -1.30344406	      2.07086985	     -0.15532909	     -0.12309602	      9.05201087	     -1.63531135	      2.16078808	     -0.03580219	     -0.03123493	     10.45372371	     -1.88179455	      2.28319914	     12.02049351	     -2.05003000	      2.42679491	     14.10563257	     -2.16058882	      2.59486152	      8.18069189	      0.84363498	      0.04758790	      2.98450207	     -0.57814589	     -0.02411141	      1.87606488	     -0.21505406	      0.76331035	      1.32625627	      1.91675151	     -0.00895548	      0.06857738	      0.07117420	     -0.17150607	      0.20392137	     -0.16801666
      1.63316000	      8.64863900	    -27.34498288	      3.35639903	     -7.48945807	    541.75460385	     13.32438464	     -2.18756480	     -0.68195339	     -0.02188513	      0.47712476	     -1.73063528	     -0.04838805	      1.00810155	     -0.03083678	      0.28441700	     -0.03126937	     12.61327576	     -1.16845809	      1.58047444	      0.00064387	      0.00011862	      0.00000474	     -0.00042443	      0.00635000	      1.02190689	      0.97259585	      9.82289578	     -1.62444457	      1.65391674	     -0.15201491	     -0.12729018	      9.58328574	     -1.94469265	      1.75750298	     -0.03599946	     -0.03124559	     10.75495032	     -2.15596749	      1.89872563	     12.11903708	     -2.26765859	      2.06212062	     13.99694938	     -2.30051376	      2.25425618	      6.86220716	      1.65699552	      0.06429914	      2.64119810	     -0.66607675	     -0.08675337	      1.78528430	     -0.01279032	      0.69051718	      1.26696147	      1.85238988	     -0.00663634	      0.06887236	      0.05634258	     -0.16461954	      0.19022889	     -0.16557200
      1.64982600	      8.18603353	    -26.09178197	      2.69223344	     -4.79187063	    543.92399243	     19.49418826	     -2.41576533	     -0.53954415	     -0.00656681	      0.66474530	     -1.80375872	     -0.05185679	      1.12215985	     -0.03085417	      0.23967426	     -0.03148100	     13.76599143	     -1.34259097	      0.89249820	      0.00065470	      0.00012097	      0.00000304	     -0.00047737	      0.00640317	      1.02184136	      0.97719437	     10.72922462	     -1.86165418	      0.98526384	     -0.14875726	     -0.13182893	     10.21823062	     -2.22252969	      1.10586194	     -0.03598006	     -0.03119530	     11.14200794	     -2.44016386	      1.26272426	     12.28282824	     -2.52549150	      1.44223840	     13.92752090	     -2.50568774	      1.65271484	      5.21484860	      2.25737137	      0.07282996	      2.29356255	     -0.73737192	     -0.16935705	      1.74359813	      0.15824531	      0.60672047	      1.25602395	      1.80025724	     -0.00492172	      0.06872693	      0.03546050	     -0.16308689	      0.17289173	     -0.16480724
      1.66649200	      7.60606740	    -24.86077336	      1.97075253	     -0.83275613	    545.80255295	     25.05262657	     -2.66264285	     -0.43518264	      0.01399802	      0.83762871	     -1.85869272	     -0.05176464	      1.22502912	     -0.03080484	      0.20658618	     -0.03170224	     14.94581237	     -1.39320155	      0.05109490	      0.00066450	      0.00012493	     -0.00000132	     -0.00051650	      0.00645533	      1.01843436	      0.98119731	     11.67569606	     -2.01403069	      0.17443138	     -0.14641272	     -0.13591103	     10.89905480	     -2.45630041	      0.31376824	     -0.03575506	     -0.03107923	     11.57504390	     -2.71440854	      0.48245575	     12.48839785	     -2.80015277	      0.67368334	     13.89126441	     -2.75184164	      0.89610246	      3.35652339	      2.64304236	      0.07462374	      1.97870350	     -0.78895142	     -0.25924670	      1.74563780	      0.28579268	      0.51548626	      1.29265061	      1.76221763	     -0.00435220	      0.06861396	      0.01127464	     -0.16694798	      0.15337697	     -0.16586169
      1.68315800	      7.01338397	    -23.75179964	      1.28062729	      3.87502014	    547.20658814	     29.56308381	     -2.91241278	     -0.38522897	      0.03604475	      0.98973113	     -1.87836885	     -0.04839801	      1.31080695	     -0.03069721	      0.18545205	     -0.03190837	     16.03948898	     -1.33635539	     -0.82145024	      0.00067277	      0.00012966	     -0.00000754	     -0.00054061	      0.00650311	      1.01229981	      0.98404432	     12.56843205	     -2.07983094	     -0.66099859	     -0.14544717	     -0.13891883	     11.55464818	     -2.62851951	     -0.50334750	     -0.03535478	     -0.03090338	     12.00439798	     -2.95091751	     -0.32734906	     12.70600645	     -3.05902720	     -0.12948003	     13.87998037	     -3.00497978	      0.09804940	      1.45519057	      2.82004118	      0.07129464	      1.72892688	     -0.81663463	     -0.33791850	      1.78144130	      0.37039061	      0.42458356	      1.37085088	      1.73630372	     -0.00518156	      0.06858638	     -0.01228576	     -0.17529326	      0.13361154	     -0.16798376
      1.69982400	      6.48985400	    -22.87228139	      0.69389038	      8.70226315	    547.97259006	     32.54618971	     -3.14067942	     -0.39072990	      0.05527520	      1.11788290	     -1.85818420	     -0.04210193	      1.37408808	     -0.03054484	      0.17585238	     -0.03207325	     16.92370729	     -1.19148147	     -1.61359219	      0.00067899	      0.00013440	     -0.00001487	     -0.00054820	      0.00654285	      1.00417772	      0.98533607	     13.30348262	     -2.05910539	     -1.41466007	     -0.14576100	     -0.14055085	     12.10464598	     -2.72206339	     -1.24159094	     -0.03482607	     -0.03068476	     12.37235277	     -3.12132043	     -1.06361455	     12.89923738	     -3.26846347	     -0.86482240	     13.88058749	     -3.23001519	     -0.63928962	     -0.29457311	      2.79013887	      0.06388763	      1.56565686	     -0.81611983	     -0.38228761	      1.83963628	      0.42126678	      0.34507950	      1.47844228	      1.71866824	     -0.00699663	      0.06833217	     -0.03053325	     -0.18594069	      0.11588868	     -0.16988954
      1.71649000	      6.08552836	    -22.33382001	      0.25960760	     13.00553955	    547.97750965	     33.53608162	     -3.31899973	     -0.43675140	      0.06799459	      1.21849703	     -1.80648641	     -0.03322159	      1.41135246	     -0.03036416	      0.17787709	     -0.03217215	     17.47642596	     -0.97823170	     -2.24034258	      0.00068256	      0.00013851	     -0.00002269	     -0.00053758	      0.00657095	      0.99487097	      0.98490563	     13.77610808	     -1.95377442	     -2.00636362	     -0.14670130	     -0.14084832	     12.46602583	     -2.72315774	     -1.82325448	     -0.03423021	     -0.03045138	     12.61711102	     -3.20160500	     -1.64959916	     13.02648048	     -3.39970758	     -1.45631575	     13.87382025	     -3.39711488	     -1.24019599	     -1.70004728	      2.54384488	      0.05249339	      1.49628310	     -0.78505814	     -0.36710923	      1.91015136	      0.45242937	      0.29041412	      1.59625333	      1.70539396	     -0.00849223	      0.06737449	     -0.03847821	     -0.19524251	      0.10269655	     -0.17019223
      1.73315600	      5.81622843	    -22.24355016	      0.00404057	     16.23184863	    547.15627265	     32.13053531	     -3.41966834	     -0.49714055	      0.07219813	      1.28591276	     -1.74115875	     -0.02206196	      1.42150948	     -0.03017257	      0.19268987	     -0.03218419	     17.59012928	     -0.71079450	     -2.65117180	      0.00068298	      0.00014153	     -0.00003051	     -0.00050714	      0.00658434	      0.98522972	      0.98283272	     13.89227805	     -1.76467488	     -2.38918952	     -0.14727089	     -0.14011267	     12.56222875	     -2.62091111	     -2.20351472	     -0.03363978	     -0.03024074	     12.67956112	     -3.17335047	     -2.04152975	     13.04539963	     -3.43101043	     -1.86103650	     13.83608622	     -3.48418547	     -1.66231961	     -2.59695606	      2.06148395	      0.03635935	      1.51502402	     -0.72564899	     -0.26875900	      1.98625404	      0.47954589	      0.27528058	      1.69840633	      1.69369573	     -0.00766054	      0.06530400	     -0.03141321	     -0.19825039	      0.09647239	     -0.16779047
      1.74982200	      5.66682457	    -22.68882505	     -0.06486582	     18.00728846	    545.51901087	     28.03123470	     -3.41943188	     -0.54346287	      0.06804434	      1.31319333	     -1.68355878	     -0.00890571	      1.40537493	     -0.02998715	      0.22216327	     -0.03209485	     17.18678378	     -0.39166825	     -2.83001340	      0.00067986	      0.00014305	     -0.00003784	     -0.00045583	      0.00658102	      0.97614790	      0.97940097	     13.58222934	     -1.48722289	     -2.54886790	     -0.14644814	     -0.13875041	     12.33482468	     -2.40467942	     -2.36937235	     -0.03313277	     -0.03009531	     12.51304076	     -3.02225688	     -2.22734024	     12.92080980	     -3.34674204	     -2.06785855	     13.74519048	     -3.47619327	     -1.89548465	     -2.87032773	      1.32276510	      0.01444764	      1.60747226	     -0.64701655	     -0.07027466	      2.06599746	      0.51733996	      0.31404208	      1.75461814	      1.68254694	     -0.00258899	      0.06196699	     -0.00568913	     -0.18939951	      0.09936218	     -0.16215762
      1.76648800	      5.59806825	    -23.71513885	      0.04711057	     18.19363296	    543.16639680	     21.08877181	     -3.30177042	     -0.55445306	      0.05761416	      1.29500345	     -1.65191713	      0.00592462	      1.36451308	     -0.02982381	      0.26774980	     -0.03189857	     16.23463650	     -0.00884146	     -2.79059054	      0.00067311	      0.00014271	     -0.00004415	     -0.00038369	      0.00656064	      0.96852362	      0.97502106	     12.81584141	     -1.10939317	     -2.49882330	     -0.14349382	     -0.13710989	     11.75713227	     -2.06265360	     -2.33430872	     -0.03278287	     -0.03005521	     12.09521605	     -2.73704499	     -2.22098891	     12.63487820	     -3.13629788	     -2.09153299	     13.58867345	     -3.36378682	     -1.95560121	     -2.46958023	      0.32198373	     -0.01379074	      1.75677881	     -0.56624731	      0.23318016	      2.15282470	      0.57702556	      0.41861249	      1.73495263	      1.67294380	      0.00722243	      0.05757472	      0.04046261	     -0.16367565	      0.11301687	     -0.15349791
      1.78315400	      5.55591397	    -25.30051765	      0.32165656	     16.89939406	    540.29357530	     11.37100387	     -3.05847766	     -0.52216911	      0.04422461	      1.23115903	     -1.65639000	      0.02200818	      1.30027939	     -0.02969657	      0.32911494	     -0.03160109	     14.76523579	      0.45962756	     -2.57057621	      0.00066295	      0.00014019	     -0.00004887	     -0.00029224	      0.00652466	      0.96315601	      0.97014994	     11.61788446	     -0.61573616	     -2.27457085	     -0.13814884	     -0.13537287	     10.84747820	     -1.58506946	     -2.13250300	     -0.03264639	     -0.03014960	     11.43943396	     -2.31179615	     -2.05627526	     12.19676098	     -2.79555779	     -1.96607850	     13.37163420	     -3.14365796	     -1.87753021	     -1.41873734	     -0.91736036	     -0.04777773	      1.94836377	     -0.50649751	      0.63007706	      2.25486991	      0.66362953	      0.59586679	      1.61658707	      1.66793948	      0.01958706	      0.05272914	      0.10640534	     -0.11801882	      0.13836376	     -0.14275624
      1.79982000	      5.48422938	    -27.33412031	      0.72610245	     14.43575597	    537.16978359	     -0.74623272	     -2.69153615	     -0.45293661	      0.03156370	      1.12903512	     -1.69721545	      0.03881180	      1.21377501	     -0.02961644	      0.40318695	     -0.03122046	     12.88560576	      1.03216588	     -2.22484704	      0.00064999	      0.00013521	     -0.00005142	     -0.00018480	      0.00647633	      0.96059174	      0.96522822	     10.07841669	      0.00137856	     -1.92784113	     -0.13068125	     -0.13353254	      9.67766780	     -0.97298683	     -1.81314413	     -0.03274856	     -0.03038964	     10.60136786	     -1.75249560	     -1.78082681	     11.64771789	     -2.33153929	     -1.73825643	     13.12030530	     -2.82121577	     -1.70775412	      0.17963794	     -2.33512006	     -0.08560863	      2.17070521	     -0.49085467	      1.09139924	      2.38261060	      0.77372391	      0.84470764	      1.39128418	      1.67241511	      0.02935734	      0.04837701	      0.18916692	     -0.05263524	      0.17528150	     -0.13149192
      1.81648600	      5.34164748	    -29.60974552	      1.21322901	     11.22218483	    534.08985447	    -14.49867832	     -2.21566214	     -0.36345364	      0.02285753	      1.00336935	     -1.76618580	      0.05572917	      1.10690997	     -0.02959015	      0.48413226	     -0.03078593	     10.77835938	      1.70412377	     -1.81515059	      0.00063513	      0.00012761	     -0.00005132	     -0.00006675	      0.00642015	      0.96096829	      0.96064447	      8.35216755	      0.72584882	     -1.51762590	     -0.12179585	     -0.13145404	      8.37157138	     -0.25040476	     -1.43205983	     -0.03307296	     -0.03076542	      9.67680723	     -1.08591633	     -1.44761491	     11.05835067	     -1.76876683	     -1.45866497	     12.87882325	     -2.41457415	     -1.49463473	      2.15046737	     -3.83745751	     -0.12438198	      2.41230846	     -0.53263712	      1.57394201	      2.54461311	      0.89473879	      1.15323758	      1.07158063	      1.69238436	      0.02999370	      0.04570517	      0.28403592	      0.02807431	      0.22218063	     -0.12162848
      1.83315200	      5.11993844	    -31.84345680	      1.72800623	      7.67104066	    531.31189971	    -28.71738389	     -1.66077062	     -0.27408977	      0.02025610	      0.87302234	     -1.85045891	      0.07214512	      0.98411340	     -0.02961880	      0.56438200	     -0.03033449	      8.68413646	      2.42918213	     -1.39461794	      0.00061954	      0.00011737	     -0.00004827	      0.00005453	      0.00636127	      0.96391695	      0.95672186	      6.64248507	      1.50322498	     -1.09608372	     -0.11245673	     -0.12898569	      7.09070018	      0.52497840	     -1.03841694	     -0.03355880	     -0.03124729	      8.78866535	     -0.36733471	     -1.10183207	     10.51703241	     -1.15487386	     -1.16847407	     12.69925084	     -1.95844175	     -1.27463547	      4.26527453	     -5.30830816	     -0.16088619	      2.65769697	     -0.62586148	      2.02822444	      2.74156754	      1.00704619	      1.49706490	      0.69321398	      1.73360660	      0.01691560	      0.04598037	      0.38521475	      0.11529085	      0.27562728	     -0.11509155
      1.84981800	      4.85669595	    -33.71699776	      2.22225702	      4.09319900	    529.00524564	    -41.92044374	     -1.07248777	     -0.20213001	      0.02452800	      0.75578022	     -1.93707200	      0.08747884	      0.85369945	     -0.02969684	      0.63633703	     -0.02990642	      6.86617038	      3.11144711	     -0.98999469	      0.00060455	      0.00010470	     -0.00004227	      0.00017002	      0.00630491	      0.96857539	      0.95371752	      5.17024391	      2.23549763	     -0.69152655	     -0.10368095	     -0.12607505	      6.00786759	      1.25876346	     -0.65837054	     -0.03410875	     -0.03179038	      8.06499404	      0.31784320	     -0.76497632	     10.11186980	     -0.56171691	     -0.88376341	     12.62771557	     -1.50535188	     -1.05677969	      6.27413922	     -6.62314998	     -0.19226182	      2.88546943	     -0.74089507	      2.40977980	      2.96016658	      1.08887997	      1.84003031	      0.31132773	      1.79959007	     -0.00887441	      0.05033519	      0.48605811	      0.19673596	      0.33026874	     -0.11338748
      1.86648400	      4.63342276	    -34.93677689	      2.67079451	      0.65608232	    527.22340297	    -52.51347676	     -0.50864640	     -0.15745368	      0.03506667	      0.66356521	     -2.01650647	      0.10117955	      0.72783804	     -0.02981215	      0.69402122	     -0.02954059	      5.56447318	      3.61642891	     -0.58960638	      0.00059149	      0.00009006	     -0.00003366	      0.00026982	      0.00625589	      0.97372524	      0.95182273	      4.13461160	      2.79238723	     -0.29607571	     -0.09635451	     -0.12284479	      5.27521180	      1.83064646	     -0.28293885	     -0.03460667	     -0.03234076	      7.61373462	      0.86371005	     -0.42329292	      9.91141204	     -0.07748713	     -0.58460543	     12.69129955	     -1.12027691	     -0.81259734	      7.94540558	     -7.65979038	     -0.21629402	      3.06876691	     -0.82832661	      2.69071566	      3.16976920	      1.12225732	      2.13802185	     -0.01056371	      1.88953331	     -0.03939968	      0.05950650	      0.57888373	      0.25921059	      0.37928228	     -0.11724458
      1.88315000	      4.55413033	    -35.28936956	      3.07773193	     -2.59513058	    525.89896217	    -59.05024893	     -0.03112743	     -0.14193208	      0.05019075	      0.60024564	     -2.08417798	      0.11269770	      0.62066592	     -0.02994749	      0.73400998	     -0.02927000	      4.95310269	      3.80231202	     -0.14711112	      0.00058165	      0.00007419	     -0.00002316	      0.00034437	      0.00621839	      0.97802633	      0.95114822	      3.67736522	      3.04048225	      0.13193202	     -0.09111102	     -0.11959743	      4.99629992	      2.12044109	      0.12988767	     -0.03494041	     -0.03284218	      7.50205627	      1.16632027	     -0.03047392	      9.95031008	      0.21197862	     -0.21870760	     12.89017697	     -0.86651404	     -0.48126701	      9.10419951	     -8.30719273	     -0.23131818	      3.17595892	     -0.83084565	      2.86661008	      3.32449532	      1.09695047	      2.34529237	     -0.21648659	      1.99686340	     -0.06229487	      0.07352137	      0.65485811	      0.29231959	      0.41534580	     -0.12643544
      1.89981600	      4.70741641	    -34.67766983	      3.46543913	     -5.66085736	    524.84972812	    -60.48443296	      0.30526949	     -0.15195907	      0.06768212	      0.56259014	     -2.13970871	      0.12148417	      0.54503252	     -0.03008357	      0.75540884	     -0.02911739	      5.11233032	      3.56446276	      0.39414776	      0.00057601	      0.00005798	     -0.00001174	      0.00038581	      0.00619546	      0.98028421	      0.95168458	      3.86051571	      2.88389704	      0.64553153	     -0.08828926	     -0.11674476	      5.20979240	      2.04391817	      0.63330275	     -0.03502312	     -0.03324230	      7.74558575	      1.15451064	      0.46987040	     10.22334966	      0.24910412	      0.27496681	     13.19654041	     -0.78542311	      0.00487884	      9.66010088	     -8.47725414	     -0.23603042	      3.16977863	     -0.70076989	      2.95402638	      3.37120312	      1.01056380	      2.42177021	     -0.27301561	      2.10864081	     -0.06644166	      0.09132451	      0.70457771	      0.29180988	      0.43188177	     -0.13978704
      1.91648200	      5.12298620	    -33.13645027	      3.85027280	     -8.48082713	    523.79760571	    -56.36478465	      0.46365121	     -0.18199394	      0.08541891	      0.54331632	     -2.18485896	      0.12704764	      0.50911586	     -0.03020271	      0.75914198	     -0.02909181	      6.01751163	      2.88065059	      1.06333399	      0.00057516	      0.00004242	     -0.00000048	      0.00038930	      0.00618864	      0.97967604	      0.95325090	      4.65790958	      2.30499951	      1.27319865	     -0.08795363	     -0.11469147	      5.88422925	      1.58827956	      1.25617926	     -0.03480766	     -0.03349756	      8.30612170	      0.82017004	      1.10795955	     10.68568138	      0.02998378	      0.92870367	     13.55745974	     -0.87641336	      0.68093242	      9.61700944	     -8.12089767	     -0.22949325	      3.00661610	     -0.41995443	      2.97762224	      3.26149142	      0.86526456	      2.33980269	     -0.17749315	      2.20584079	     -0.04728659	      0.11042912	      0.71955281	      0.26064308	      0.42422538	     -0.15529071
      1.93314800	      5.74054757	    -30.83794430	      4.21984625	    -10.84407374	    522.42497202	    -46.96258865	      0.43222280	     -0.22686684	      0.10190405	      0.53464068	     -2.22141323	      0.12905211	      0.51424615	     -0.03029209	      0.74704424	     -0.02918709	      7.53778851	      1.84135209	      1.82905661	      0.00057912	      0.00002842	      0.00000960	      0.00035411	      0.00619744	      0.97587893	      0.95546754	      5.95415104	      1.39085687	      1.98693703	     -0.08994061	     -0.11372203	      6.91786886	      0.83436298	      1.97111283	     -0.03429152	     -0.03357642	      9.09257296	      0.23647514	      1.85505742	     11.25482341	     -0.38088913	      1.71214557	     13.89823917	     -1.08594612	      1.51400350	      9.06326009	     -7.24322227	     -0.21138469	      2.64238230	     -0.01806072	      2.95120560	      2.96495903	      0.66371499	      2.08916310	      0.04296443	      2.26493663	     -0.00873065	      0.12682857	      0.69415302	      0.20714474	      0.39044693	     -0.17026887
      1.94981400	      6.41232670	    -28.09164810	      4.52659380	    -12.37420193	    520.49898918	    -33.32737500	      0.22575821	     -0.28192090	      0.11648619	      0.53091543	     -2.24997849	      0.12740494	      0.55473795	     -0.03034580	      0.72120859	     -0.02938286	      9.44201182	      0.64691670	      2.59021088	      0.00058733	      0.00001674	      0.00001772	      0.00028383	      0.00621916	      0.96908179	      0.95778810	      7.54895305	      0.32870559	      2.69297807	     -0.09389856	     -0.11393072	      8.14281728	     -0.04940631	      2.68457305	     -0.03351275	     -0.03346224	      9.96569559	     -0.44927414	      2.61303594	     11.81627694	     -0.85849198	      2.52133027	     14.12947138	     -1.31589529	      2.39178385	      8.14573094	     -5.91042651	     -0.18233962	      2.05325563	      0.41732161	      2.86063044	      2.48113649	      0.40711805	      1.67941654	      0.34065091	      2.26181943	      0.03894503	      0.13546379	      0.62715943	      0.14130462	      0.33171231	     -0.18168753
      1.96648000	      6.95201590	    -25.32056215	      4.70157892	    -12.63785999	    518.05175689	    -17.22986284	     -0.11875962	     -0.34176702	      0.12914614	      0.52952875	     -2.26996317	      0.12228938	      0.61966082	     -0.03036493	      0.68380292	     -0.02964802	     11.42394957	     -0.44251443	      3.19940411	      0.00059867	      0.00000793	      0.00002339	      0.00018593	      0.00624926	      0.95989918	      0.95960000	      9.17898846	     -0.64204254	      3.25345624	     -0.09931270	     -0.11520999	      9.34528999	     -0.85198534	      3.25784704	     -0.03254011	     -0.03315644	     10.75815677	     -1.05720864	      3.23558253	     12.24392400	     -1.25524488	      3.20058492	     14.16843974	     -1.45717355	      3.14574131	      7.03569635	     -4.24523548	     -0.14420994	      1.27284324	      0.74989330	      2.65678214	      1.84755239	      0.09730657	      1.13897714	      0.66236373	      2.17870692	      0.08334268	      0.13136760	      0.52214503	      0.07109290	      0.25216604	     -0.18675472
      1.98314600	      7.21671291	    -22.98590778	      4.68064868	    -11.37031749	    515.52171569	     -0.91733791	     -0.55052965	     -0.39922579	      0.13995266	      0.53022840	     -2.28038994	      0.11412853	      0.69572596	     -0.03035613	      0.63725391	     -0.02994573	     13.16358213	     -1.19691542	      3.51273307	      0.00061172	      0.00000224	      0.00002645	      0.00007051	      0.00628205	      0.94922959	      0.96036862	     10.57320963	     -1.31307636	      3.53308250	     -0.10553440	     -0.11728965	     10.31583237	     -1.39463320	      3.55339253	     -0.03146089	     -0.03268149	     11.32101045	     -1.44121911	      3.57624158	     12.44355397	     -1.45897050	      3.59290561	     13.97997935	     -1.43804219	      3.60492100	      5.89526998	     -2.41204701	     -0.10011843	      0.42959942	      0.83489569	      2.26488722	      1.14077518	     -0.25699171	      0.51082750	      0.96690071	      2.01276475	      0.11400751	      0.11124452	      0.38639708	      0.00030914	      0.15835322	     -0.18380014
      1.99981200	      7.17666899	    -21.46101495	      4.43021009	     -8.71610718	    513.71302232	     13.34652027	     -1.01460537	     -0.44548781	      0.14854652	      0.53375192	     -2.28090700	      0.10350874	      0.77020646	     -0.03032907	      0.58450848	     -0.03023909	     14.41832290	     -1.50506334	      3.44644407	      0.00062495	     -0.00000037	      0.00002705	     -0.00005128	      0.00631188	      0.93810301	      0.95977678	     11.53520577	     -1.58657502	      3.45252452	     -0.11183803	     -0.11980755	     10.92104781	     -1.59893225	      3.48879448	     -0.03036933	     -0.03208184	     11.58520090	     -1.54557393	      3.54530735	     12.40515739	     -1.43862169	      3.60036493	     13.61888152	     -1.25749278	      3.66101107	      4.85233717	     -0.59464443	     -0.05421519	     -0.24991290	      0.58690761	      1.61170304	      0.46701311	     -0.63211218	     -0.15407799	      1.23839514	      1.78271840	      0.12457143	      0.07490450	      0.22882783	     -0.07128595	      0.05823627	     -0.17316186
      2.01647800	      6.92234744	    -20.90738662	      3.96164079	     -5.31002464	    513.50305504	     23.84685996	     -1.46034266	     -0.47139097	      0.15399370	      0.54054881	     -2.27248561	      0.09110387	      0.83306142	     -0.03029399	      0.52913526	     -0.03049597	     15.10172802	     -1.40682470	      3.01343055	      0.00063696	     -0.00000027	      0.00002567	     -0.00016875	      0.00633425	      0.92754968	      0.95781241	     12.01197817	     -1.50056664	      3.02321737	     -0.11750698	     -0.12238987	     11.15747758	     -1.50372997	      3.07285398	     -0.02935721	     -0.03142118	     11.59948776	     -1.41343263	      3.14866577	     12.22593018	     -1.24472625	      3.22589039	     13.23622325	     -0.97658176	      3.31366007	      3.98895706	      1.03014316	     -0.01111497	     -0.50167232	      0.04175220	      0.66377551	     -0.05911537	     -0.98474183	     -0.80387151	      1.48774740	      1.52888394	      0.11272311	      0.02588566	      0.05810389	     -0.14572706	     -0.04004313	     -0.15763616
      2.03314400	      6.59769144	    -21.22660898	      3.32878870	     -2.07608571	    515.41296568	     29.85055825	     -1.84707619	     -0.46915398	      0.15504628	      0.54994034	     -2.25756837	      0.07762228	      0.87791166	     -0.03025989	      0.47519992	     -0.03069256	     15.29924274	     -1.04568033	      2.31809897	      0.00064673	      0.00000192	      0.00002298	     -0.00027273	      0.00634651	      0.91850837	      0.95478048	     12.10238956	     -1.18211338	      2.34331047	     -0.12192713	     -0.12471917	     11.14647137	     -1.21892558	      2.40257612	     -0.02850724	     -0.03077577	     11.50972626	     -1.14094318	      2.48538563	     12.07467986	     -0.96346491	      2.57114864	     13.02676071	     -0.67233197	      2.66833645	      3.34314969	      2.31786811	      0.02486273	     -0.13727788	     -0.63736479	     -0.53915013	     -0.34393242	     -1.25634822	     -1.39147250	      1.74025606	      1.30433489	      0.07933091	     -0.02912697	     -0.11752237	     -0.22381392	     -0.12937009	     -0.14215337
      2.04981000	      6.30483770	    -22.12033875	      2.61181936	      0.18773425	    519.30096337	     31.68776377	     -2.14664298	     -0.43402745	      0.15058766	      0.55979012	     -2.23962118	      0.06377783	      0.90195714	     -0.03023375	      0.42696978	     -0.03081536	     15.20861015	     -0.57556680	      1.51144072	      0.00065359	      0.00000535	      0.00001980	     -0.00035616	      0.00634813	      0.91177841	      0.95124263	     11.99634987	     -0.76299911	      1.55609126	     -0.12466175	     -0.12657454	     11.06807122	     -0.85139956	      1.62156011	     -0.02788932	     -0.03022462	     11.48578891	     -0.81272765	      1.70387176	     12.11186931	     -0.66060625	      1.78989167	     13.14074162	     -0.39080560	      1.88583196	      2.91935951	      3.17466288	      0.05040173	      0.85257612	     -1.23017143	     -1.87392231	     -0.34248383	     -1.38871373	     -1.87791713	      2.01727529	      1.15966079	      0.02826703	     -0.08194711	     -0.28831788	     -0.30326043	     -0.20443673	     -0.13266826
      2.06647600	      6.04722840	    -23.22285417	      1.89818920	      1.18676074	    524.38466409	     30.44875663	     -2.34344003	     -0.36538051	      0.14002618	      0.56657317	     -2.22228705	      0.05027835	      0.90523912	     -0.03022079	      0.38853133	     -0.03086169	     15.04190951	     -0.08631706	      0.73472179	      0.00065726	      0.00000915	      0.00001697	     -0.00041416	      0.00634042	      0.90800178	      0.94790550	     11.88237441	     -0.31662547	      0.79727119	     -0.12549337	     -0.12783982	     11.07479607	     -0.45524945	      0.86631984	     -0.02755863	     -0.02983833	     11.64132447	     -0.46466895	      0.94467683	     12.41473042	     -0.35555902	      1.02683237	     13.61462250	     -0.13340289	      1.11613966	      2.70096599	      3.56451159	      0.06365350	      2.27280010	     -1.56633097	     -3.15668258	     -0.07283263	     -1.34496411	     -2.23326683	      2.32313746	      1.12780324	     -0.03319490	     -0.12495024	     -0.44094092	     -0.37907925	     -0.26178077	     -0.13456193
      2.08314200	      5.74535988	    -24.23441351	      1.26815920	      1.22158771	    529.57178229	     27.47942337	     -2.43327602	     -0.26683883	      0.12351934	      0.56573064	     -2.20852849	      0.03781166	      0.88974674	     -0.03022455	      0.36336208	     -0.03083922	     14.94246643	      0.41123388	      0.08301638	      0.00065776	      0.00001256	      0.00001516	     -0.00044396	      0.00632592	      0.90765333	      0.94548725	     11.87400771	      0.15032790	      0.16025427	     -0.12443530	     -0.12848777	     11.23263400	     -0.03116337	      0.23058631	     -0.02755405	     -0.02966845	     11.99047347	     -0.09062105	      0.30258572	     12.94865166	     -0.03480554	      0.37748734	     14.35882158	      0.12233574	      0.45563690	      2.65916247	      3.50687256	      0.06443818	      3.79369079	     -1.59757269	     -4.19239242	      0.39039361	     -1.12485043	     -2.43590754	      2.64234527	      1.21552215	     -0.09497726	     -0.15277191	     -0.55896815	     -0.44538656	     -0.29912782	     -0.15098138
      2.09980800	      5.30367350	    -24.99783881	      0.78148025	      0.95545889	    533.88159142	     23.93483821	     -2.42205403	     -0.14571145	      0.10197602	      0.55247597	     -2.20000345	      0.02700744	      0.85870827	     -0.03024723	      0.35383493	     -0.03076426	     14.94946988	      0.94932213	     -0.40384199	      0.00065537	      0.00001513	      0.00001475	     -0.00044491	      0.00630779	      0.91102604	      0.94459091	     11.98364095	      0.66361512	     -0.31366179	     -0.12172564	     -0.12855373	     11.51049123	      0.44098160	     -0.24469611	     -0.02789616	     -0.02973962	     12.45464372	      0.32634357	     -0.18301567	     13.59026953	      0.31775314	     -0.12075438	     15.19930057	      0.39318397	     -0.06078218	      2.75617365	      3.06740844	      0.05420388	      5.07153486	     -1.39386894	     -4.83125804	      0.94123370	     -0.76517750	     -2.47188263	      2.94454546	      1.40408155	     -0.14655427	     -0.16318965	     -0.62712722	     -0.49698934	     -0.31456696	     -0.18156071
      2.11647400	      4.67689684	    -25.50257355	      0.46099491	      1.03719226	    536.73405769	     20.55150354	     -2.32465764	     -0.01239191	      0.07680930	      0.52322330	     -2.19675697	      0.01838431	      0.81616866	     -0.03028981	      0.36067086	     -0.03065869	     15.01218792	      1.55567346	     -0.73546418	      0.00065054	      0.00001688	      0.00001568	     -0.00041872	      0.00628920	      0.91820920	      0.94560547	     12.14241150	      1.24086872	     -0.63164479	     -0.11781413	     -0.12811253	     11.81048782	      0.96937543	     -0.56718542	     -0.02858462	     -0.03004679	     12.90451457	      0.78810821	     -0.52180015	     14.18058698	      0.70072752	     -0.47973668	     15.94344681	      0.67609744	     -0.44752628	      2.94519210	      2.34338681	      0.03570644	      5.85666472	     -1.08112273	     -5.00847269	      1.47659051	     -0.32550459	     -2.33622272	      3.19335260	      1.65710029	     -0.18000125	     -0.15719551	     -0.63704187	     -0.53006073	     -0.30633261	     -0.22200562
      2.13314000	      3.89787349	    -25.83665326	      0.27991627	      1.81131357	    538.02613801	     17.64140861	     -2.16387467	      0.11991266	      0.04951811	      0.47725905	     -2.19736230	      0.01231048	      0.76679892	     -0.03035170	      0.38250657	     -0.03054593	     15.03535537	      2.22577529	     -0.96087462	      0.00064395	      0.00001833	      0.00001739	     -0.00036973	      0.00627297	      0.92905738	      0.94864873	     12.24687223	      1.87080204	     -0.84123613	     -0.11334173	     -0.12726890	     12.01756472	      1.53712643	     -0.78433001	     -0.02959500	     -0.03055761	     13.21309762	      1.27505981	     -0.76156281	     14.58140965	      1.09434486	     -0.74726630	     16.44055011	      0.95299681	     -0.75215308	      3.17141259	      1.44576311	      0.01240958	      6.04938053	     -0.77007720	     -4.75293217	      1.92669339	      0.13164393	     -2.03704093	      3.35698960	      1.93139786	     -0.19211095	     -0.13844127	     -0.59090613	     -0.54243463	     -0.27367507	     -0.26497494
      2.14980600	      3.06313212	    -26.11955131	      0.16493805	      3.23841364	    538.04783747	     15.21928581	     -1.96879322	      0.23545319	      0.02132109	      0.41780761	     -2.19959918	      0.00898131	      0.71579135	     -0.03043017	      0.41582411	     -0.03044706	     14.93226381	      2.92066560	     -1.15461536	      0.00063643	      0.00002042	      0.00001894	     -0.00030481	      0.00626139	      0.94314911	      0.95355960	     12.20984180	      2.51408271	     -1.01723132	     -0.10910150	     -0.12616406	     12.04712923	      2.10642595	     -0.96989852	     -0.03087564	     -0.03121839	     13.29999524	      1.75299201	     -0.97393184	     14.71652899	      1.46954067	     -0.99205657	     16.61968422	      1.20198524	     -1.03944881	      3.37727771	      0.48146484	     -0.01226259	      5.69888764	     -0.51630656	     -4.16668878	      2.27071628	      0.55480655	     -1.60045225	      3.41856573	      2.18722227	     -0.18476191	     -0.11214389	     -0.50106966	     -0.53411001	     -0.21848420	     -0.30225276
      2.16647200	      2.29542245	    -26.44316553	      0.01934665	      5.00343557	    537.32655658	     13.16846026	     -1.77197886	      0.31690435	     -0.00693044	      0.35180838	     -2.20151824	      0.00839180	      0.66865845	     -0.03051990	      0.45538930	     -0.03037850	     14.66607164	      3.57932544	     -1.39660983	      0.00062891	      0.00002426	      0.00001922	     -0.00023253	      0.00625629	      0.95974735	      0.95993787	     11.99766930	      3.11463629	     -1.24121472	     -0.10596265	     -0.12499117	     11.87584255	      2.62850483	     -1.20370754	     -0.03234582	     -0.03196106	     13.15511925	      2.18169353	     -1.23470661	     14.58885422	      1.79530027	     -1.28489321	     16.49946277	      1.40327718	     -1.37370036	      3.51221421	     -0.45969760	     -0.03556739	      4.96259625	     -0.32083016	     -3.38909858	      2.53145028	      0.90661316	     -1.07216471	      3.38222123	      2.39553459	     -0.16366010	     -0.08356991	     -0.38618375	     -0.50779157	     -0.14647006	     -0.32738945
      2.18313800	      1.70521940	    -26.83826674	     -0.24164300	      6.70498369	    536.45801079	     11.37806990	     -1.60525950	      0.34752999	     -0.03453214	      0.28834793	     -2.20253783	      0.01030184	      0.63082763	     -0.03061297	      0.49515774	     -0.03035149	     14.26614516	      4.13444547	     -1.74759451	      0.00062230	      0.00003092	      0.00001719	     -0.00016157	      0.00625894	      0.97778985	      0.96721676	     11.64272730	      3.61211888	     -1.57616712	     -0.10474661	     -0.12400458	     11.54743383	      3.05234961	     -1.54680169	     -0.03389771	     -0.03271010	     12.83704450	      2.52021097	     -1.60043132	     14.27172726	      2.04094673	     -1.67685062	     16.17130304	      1.53833165	     -1.79897575	      3.54466542	     -1.31037962	     -0.05573777	      4.04896615	     -0.15600353	     -2.56142460	      2.75126183	      1.15942676	     -0.51242940	      3.27211167	      2.54095122	     -0.13611004	     -0.05654546	     -0.26608932	     -0.46886323	     -0.06665723	     -0.33746122
      2.19980400	      1.36508394	    -27.27450266	     -0.65782351	      8.01806542	    535.95128114	      9.80942702	     -1.49492063	      0.31446239	     -0.06058128	      0.23620442	     -2.20413654	      0.01422861	      0.60708642	     -0.03069962	      0.52946119	     -0.03037201	     13.81420540	      4.52651623	     -2.22721640	      0.00061724	      0.00004113	      0.00001213	     -0.00009880	      0.00626991	      0.99594105	      0.97474448	     11.22763742	      3.95277566	     -2.04379262	     -0.10606660	     -0.12350393	     11.15255744	      3.33185879	     -2.01942000	     -0.03540447	     -0.03338973	     12.44765359	      2.73059209	     -2.08777211	     13.87853057	      2.17689268	     -2.18028317	     15.76305678	      1.58741750	     -2.32211152	      3.47283613	     -2.02478822	     -0.07189550	      3.16235616	      0.00590271	     -1.80135994	      2.96117543	      1.29181418	      0.01502958	      3.12440162	      2.62017526	     -0.10870957	     -0.03267616	     -0.15748288	     -0.42444220	      0.01091470	     -0.33308261
      2.21647000	      1.30095631	    -27.69048967	     -1.20682131	      8.77315951	    536.11011136	      8.47829367	     -1.45766404	      0.21233232	     -0.08371719	      0.20115149	     -2.20966739	      0.01949670	      0.60102544	     -0.03076964	      0.55419675	     -0.03044022	     13.40648015	      4.71528800	     -2.80386701	      0.00061397	      0.00005513	      0.00000380	     -0.00004759	      0.00628871	      1.01272065	      0.98185425	     10.84810505	      4.09911335	     -2.61386154	     -0.11017060	     -0.12377930	     10.79077617	      3.43332683	     -2.59076535	     -0.03673485	     -0.03393210	     12.09249629	      2.78323366	     -2.66420768	     13.52128585	      2.17796120	     -2.76057705	     15.39521266	      1.53066249	     -2.90578944	      3.33013400	     -2.57598054	     -0.08375389	      2.46061696	      0.17609089	     -1.18944030	      3.15980075	      1.29105341	      0.45576606	      2.97537545	      2.63768160	     -0.08578490	     -0.01164963	     -0.07141624	     -0.38169528	      0.07801040	     -0.31706094
      2.23313600	      1.49696916	    -28.03695984	     -1.80930800	      8.95010825	    536.97624135	      7.38006159	     -1.49828558	      0.04590329	     -0.10207037	      0.18387774	     -2.22287853	      0.02532968	      0.61453785	     -0.03081402	      0.56765736	     -0.03054952	     13.10976698	      4.68826005	     -3.40153260	      0.00061220	      0.00007253	     -0.00000742	     -0.00000728	      0.00631352	      1.02669758	      0.98791647	     10.57141990	      4.03841492	     -3.21087262	     -0.11684394	     -0.12501806	     10.53111574	      3.34371392	     -3.18575105	     -0.03777234	     -0.03428573	     11.84289876	      2.66472104	     -3.25502614	     13.27397380	      2.03058353	     -3.34346676	     15.14521345	      1.35435532	     -3.47629018	      3.18189885	     -2.95393470	     -0.09130679	      2.03060028	      0.34728618	     -0.76515483	      3.31361598	      1.15968488	      0.77429959	      2.85024409	      2.60163231	     -0.06896088	      0.00768871	     -0.01271601	     -0.34604982	      0.13000646	     -0.29291628
      2.24980200	      1.90741102	    -28.30863310	     -2.35344831	      8.61920531	    538.35029102	      6.41705597	     -1.60921613	     -0.16968243	     -0.11347508	      0.17957447	     -2.24518952	      0.03093847	      0.64733131	     -0.03082668	      0.57064657	     -0.03068627	     12.93305795	      4.46447883	     -3.92118763	      0.00061125	      0.00009234	     -0.00002060	      0.00002591	      0.00634128	      1.03671148	      0.99237972	     10.41033307	      3.78803176	     -3.73554568	     -0.12541604	     -0.12719678	     10.38883736	      3.07738373	     -3.70628135	     -0.03843422	     -0.03442224	     11.71561280	      2.38574836	     -3.76424939	     13.15474270	      1.74153701	     -3.83558444	     15.03240073	      1.06036040	     -3.94361788	      3.11193884	     -3.16405636	     -0.09463199	      1.88357509	      0.50172407	     -0.52977615	      3.37701876	      0.91964878	      0.95827242	      2.75704806	      2.52200159	     -0.05770439	      0.02622161	      0.01921497	     -0.32005242	      0.16610107	     -0.26413957
      2.26646800	      2.47081281	    -28.54704436	     -2.72784846	      7.86982945	    539.87859539	      5.38576265	     -1.77158433	     -0.41156134	     -0.11597499	      0.17983378	     -2.27274864	      0.03558594	      0.69649126	     -0.03080560	      0.56574133	     -0.03083114	     12.82768967	      4.09087441	     -4.26750552	      0.00061027	      0.00011314	     -0.00003445	      0.00005696	      0.00636821	      1.04206377	      0.99480980	     10.32345589	      3.39387624	     -4.09187985	     -0.13487653	     -0.13000251	     10.32731344	      2.67699715	     -4.05794405	     -0.03868514	     -0.03433982	     11.67670025	      1.98426536	     -4.10057042	     13.13174188	      1.34305522	     -4.14952509	     15.02620806	      0.67328189	     -4.22547983	      3.20066674	     -3.22459917	     -0.09384313	      1.96921448	      0.62212380	     -0.45377915	      3.31878528	      0.60941547	      1.01697187	      2.68780478	      2.41048357	     -0.05031927	      0.04400409	      0.02892244	     -0.30330201	      0.18836397	     -0.23407005
      2.28313400	      3.12309191	    -28.81399933	     -2.85034834	      6.75903313	    541.16895660	      4.04271510	     -1.95746749	     -0.65369362	     -0.10857669	      0.17637804	     -2.29516075	      0.03865207	      0.75634373	     -0.03075373	      0.55595234	     -0.03096202	     12.71340615	      3.63005655	     -4.37054974	      0.00060856	      0.00013329	     -0.00004752	      0.00008966	      0.00639064	      1.04261666	      0.99493042	     10.23900181	      2.91991783	     -4.20929221	     -0.14405879	     -0.13283364	     10.28069243	      2.20522860	     -4.17176935	     -0.03854049	     -0.03406249	     11.66403964	      1.51953522	     -4.19823218	     13.14575278	      0.88921940	     -4.22366028	     15.06936697	      0.23955238	     -4.26571960	      3.50047511	     -3.16219087	     -0.08915727	      2.20230383	      0.69955761	     -0.48760467	      3.13928455	      0.27511676	      0.97557406	      2.62550890	      2.28027632	     -0.04487744	      0.06036943	      0.02325841	     -0.29333297	      0.20038565	     -0.20572643
      2.29980000	      3.80658664	    -29.15212047	     -2.68427955	      5.29706055	    541.89348783	      2.21608648	     -2.13327417	     -0.87092243	     -0.09199189	      0.16509471	     -2.29759790	      0.03974267	      0.81899163	     -0.03067826	      0.54334710	     -0.03105778	     12.51562450	      3.14290655	     -4.19694330	      0.00060577	      0.00015115	     -0.00005840	      0.00012481	      0.00640567	      1.03875811	      0.99266092	     10.08816318	      2.43098333	     -4.05408141	     -0.15182169	     -0.13491131	     10.18419661	      1.72843264	     -4.01538158	     -0.03805821	     -0.03363534	     11.61548749	      1.05712110	     -4.02745255	     13.13671759	      0.44264700	     -4.03164632	     15.10314086	     -0.18360569	     -4.04260571	      4.01622829	     -3.00649338	     -0.08103460	      2.49262007	      0.73516420	     -0.57443051	      2.87054088	     -0.03931638	      0.86747616	      2.55298079	      2.14458882	     -0.03981779	      0.07435409	      0.00980666	     -0.28692694	      0.20606163	     -0.18125869
      2.31646600	      4.47201140	    -29.55484192	     -2.24062146	      3.46717798	    541.85273378	     -0.09907914	     -2.26434326	     -1.04047637	     -0.06893714	      0.14862336	     -2.26644067	      0.03885233	      0.87572577	     -0.03058893	      0.52823599	     -0.03110208	     12.19646525	      2.67315506	     -3.75104918	      0.00060205	      0.00016531	     -0.00006591	      0.00015964	      0.00641171	      1.03123883	      0.98814245	      9.83269094	      1.97578092	     -3.63055874	     -0.15717514	     -0.13549225	      9.99845803	      1.29869712	     -3.59391848	     -0.03732135	     -0.03311618	     11.49053997	      0.65065477	     -3.59495585	     13.06318042	      0.05666514	     -3.58243388	     15.08469735	     -0.54498687	     -3.56813230	      4.69774549	     -2.78539165	     -0.07031611	      2.76835808	      0.73659229	     -0.66268040	      2.56247294	     -0.29856301	      0.72742916	      2.45945779	      2.01468387	     -0.03419582	      0.08504059	     -0.00450012	     -0.28127545	      0.20875027	     -0.16139677
      2.33313200	      5.07409379	    -29.96169024	     -1.56936323	      1.26208817	    540.99705812	     -2.71435286	     -2.32058676	     -1.14123685	     -0.04369444	      0.13618374	     -2.19641500	      0.03652507	      0.91905186	     -0.03049583	      0.50928372	     -0.03108666	     11.76746052	      2.24063512	     -3.06966180	      0.00059792	      0.00017472	     -0.00006919	      0.00018876	      0.00640851	      1.02094303	      0.98174196	      9.47650576	      1.57761725	     -2.97537766	     -0.15934944	     -0.13412253	      9.71976610	      0.94233465	     -2.94425709	     -0.03641732	     -0.03256481	     11.27918574	      0.32876460	     -2.93817754	     12.90988286	     -0.23860447	     -2.91439627	     14.99342128	     -0.81370209	     -2.88203298	      5.44764405	     -2.52120359	     -0.05824635	      2.98736595	      0.71259048	     -0.71539069	      2.26532069	     -0.47809803	      0.58712888	      2.34285594	      1.89907879	     -0.02769213	      0.09175538	     -0.01442948	     -0.27463279	      0.21084413	     -0.14553006
      2.34979800	      5.56710255	    -30.28134064	     -0.74506737	     -1.28367979	    539.41514344	     -5.30375459	     -2.28250053	     -1.15342392	     -0.02099792	      0.14017104	     -2.09580201	      0.03389961	      0.94467612	     -0.03040756	      0.48454909	     -0.03101329	     11.28082212	      1.84458691	     -2.21356915	      0.00059412	      0.00017879	     -0.00006778	      0.00020613	      0.00639704	      1.00868526	      0.97402435	      9.05895864	      1.23555145	     -2.14865146	     -0.15785831	     -0.13083428	      9.37487470	      0.65882999	     -2.12613460	     -0.03542024	     -0.03203231	     10.99768463	      0.09215927	     -2.11662009	     12.68423745	     -0.44060829	     -2.08693012	     14.82794909	     -0.98484292	     -2.04369989	      6.14304574	     -2.22838577	     -0.04631046	      3.13591628	      0.66903348	     -0.71428668	      2.01701811	     -0.56436143	      0.47297525	      2.20814382	      1.80412348	     -0.02049351	      0.09431402	     -0.01702081	     -0.26639968	      0.21365377	     -0.13253610
      2.36646400	      5.90820817	    -30.43121205	      0.14861571	     -4.07859631	    537.30236497	     -7.51317086	     -2.14624790	     -1.06133667	     -0.00462705	      0.17048365	     -1.98664883	      0.03254015	      0.95271525	     -0.03033024	      0.45306549	     -0.03089386	     10.80517922	      1.47231449	     -1.25814866	      0.00059130	      0.00017744	     -0.00006173	      0.00020745	      0.00637920	      0.99511198	      0.96569138	      8.63476646	      0.93242337	     -1.22429228	     -0.15260047	     -0.12619389	      9.00478363	      0.42786888	     -1.21258342	     -0.03438142	     -0.03155318	     10.67537168	     -0.08049188	     -1.20260957	     12.40559617	     -0.56972580	     -1.17157894	     14.59774815	     -1.07630857	     -1.12379144	      6.66482120	     -1.91379849	     -0.03593179	      3.21908472	      0.60782786	     -0.65833830	      1.83834996	     -0.55502317	      0.40455714	      2.06383526	      1.73442873	     -0.01311953	      0.09328634	     -0.01161377	     -0.25680271	      0.21745746	     -0.12173588
      2.38313000	      6.07119954	    -30.37417516	      1.03198429	     -6.97877953	    534.91961166	     -9.07311517	     -1.92600772	     -0.85932963	      0.00378237	      0.22908404	     -1.89899732	      0.03405465	      0.94762458	     -0.03026760	      0.41626043	     -0.03074810	     10.39802631	      1.10691901	     -0.28411799	      0.00058984	      0.00017109	     -0.00005159	      0.00019192	      0.00635755	      0.98073491	      0.95749588	      8.25092995	      0.64372665	     -0.28084137	     -0.14398562	     -0.12116607	      8.64600794	      0.21883147	     -0.28092148	     -0.03333005	     -0.03114299	     10.33957782	     -0.22303915	     -0.27255289	     12.09325399	     -0.66029896	     -0.24361359	     14.31410046	     -1.12087676	     -0.19623737	      6.92581635	     -1.58025625	     -0.02817419	      3.24863892	      0.52831847	     -0.55847511	      1.73405569	     -0.45937300	      0.39293192	      1.91875084	      1.69197849	     -0.00623277	      0.08992927	      0.00061050	     -0.24641838	      0.22166394	     -0.11322699
      2.39979600	      6.06364437	    -30.13504396	      1.83808280	     -9.80713719	    532.55101358	     -9.87081938	     -1.65213450	     -0.55816532	      0.00525887	      0.30756766	     -1.86104152	      0.03961607	      0.93678895	     -0.03022183	      0.37849574	     -0.03059941	     10.08768232	      0.73169426	      0.63095174	      0.00058979	      0.00016060	     -0.00003839	      0.00016277	      0.00633496	      0.96605727	      0.95014540	      7.93161636	      0.34417115	      0.60664340	     -0.13300561	     -0.11683760	      8.31849240	     -0.00095196	      0.59517033	     -0.03228295	     -0.03080197	     10.00626035	     -0.37270225	      0.60082947	     11.75945093	     -0.75137881	      0.62552709	     13.98545006	     -1.15742910	      0.66905548	      6.89062046	     -1.23245761	     -0.02358520	      3.23365164	      0.42987525	     -0.43101428	      1.69712973	     -0.29745773	      0.43912352	      1.78027649	      1.67474052	     -0.00046031	      0.08562298	      0.01740497	     -0.23575673	      0.22512662	     -0.10747226
      2.41646200	      5.93570752	    -29.79064314	      2.51663551	    -12.37690463	    530.46625083	     -9.96242051	     -1.36514564	     -0.18788222	      0.00310418	      0.38910945	     -1.88914202	      0.04955740	      0.92823167	     -0.03019431	      0.34636809	     -0.03046971	      9.87137724	      0.33329409	      1.41932855	      0.00059086	      0.00014715	     -0.00002347	      0.00012635	      0.00631434	      0.95170989	      0.94421122	      7.67682515	      0.01286375	      1.37280519	     -0.12116471	     -0.11410187	      8.02507231	     -0.25930826	      1.35168055	     -0.03125845	     -0.03052253	      9.68036788	     -0.56216847	      1.35446340	     11.41059760	     -0.87849222	      1.37408068	     13.61951463	     -1.22286894	      1.41191237	      6.58235723	     -0.88332784	     -0.02224596	      3.17669090	      0.31418631	     -0.29206490	      1.71449393	     -0.09698140	      0.53405847	      1.65411664	      1.67660387	      0.00374624	      0.08118832	      0.03630260	     -0.22502787	      0.22660241	     -0.10468711
      2.43312800	      5.77326706	    -29.44013979	      3.03345690	    -14.50890465	    528.88860455	     -9.53360137	     -1.10725709	      0.20487290	      0.00167396	      0.45405234	     -1.98156179	      0.06318336	      0.92821506	     -0.03018597	      0.32695649	     -0.03037486	      9.72688901	     -0.09376068	      2.02678399	      0.00059265	      0.00013212	     -0.00000837	      0.00009016	      0.00629825	      0.93851847	      0.94005945	      7.47259159	     -0.36115950	      1.96530332	     -0.11024703	     -0.11341431	      7.76039831	     -0.57276973	      1.93743231	     -0.03028846	     -0.03029729	      9.36386278	     -0.81261405	      1.93803183	     11.05458553	     -1.06648219	      1.95298023	     13.22990923	     -1.34505211	      1.98480641	      6.07541391	     -0.55869483	     -0.02400685	      3.07557546	      0.18614183	     -0.15420763	      1.77257693	      0.11173062	      0.66073924	      1.54472343	      1.68942125	      0.00619344	      0.07664369	      0.05527855	     -0.21412060	      0.22522842	     -0.10461861
      2.44979400	      5.67690045	    -29.17034862	      3.36762689	    -16.03830632	    527.96755291	     -8.83259744	     -0.91417163	      0.56458153	      0.00478423	      0.48665969	     -2.11800743	      0.07884581	      0.93952506	     -0.03019692	      0.32570261	     -0.03032193	      9.62890402	     -0.54163130	      2.41376123	      0.00059472	      0.00011697	      0.00000541	      0.00006066	      0.00628850	      0.92746219	      0.93781850	      7.30482364	     -0.77353650	      2.34586766	     -0.10198162	     -0.11468973	      7.52220626	     -0.94116613	      2.31504052	     -0.02942356	     -0.03012469	      9.06484051	     -1.12829302	      2.31485520	     10.70806490	     -1.32406646	      2.32662015	     12.84157326	     -1.53734507	      2.35348230	      5.47624718	     -0.29708275	     -0.02874447	      2.92837422	      0.05290201	     -0.02565946	      1.86100594	      0.30147537	      0.79826754	      1.45552206	      1.70609933	      0.00697348	      0.07154726	      0.07305928	     -0.20274586	      0.22081478	     -0.10681688
      2.46646000	      5.73471577	    -29.03078630	      3.50997871	    -16.81587871	    527.75768382	     -8.10092529	     -0.80944110	      0.83760440	      0.01438557	      0.48004339	     -2.26482125	      0.09423982	      0.96093854	     -0.03022558	      0.34478917	     -0.03030914	      9.56111766	     -0.98574431	      2.55650216	      0.00059679	      0.00010305	      0.00001654	      0.00004161	      0.00628578	      0.91952851	      0.93739206	      7.16871936	     -1.20182555	      2.49149865	     -0.09770603	     -0.11735747	      7.31778646	     -1.34532783	      2.46206514	     -0.02872900	     -0.03001022	      8.80134015	     -1.49437671	      2.46295314	     10.39793288	     -1.64151286	      2.47378620	     12.48989762	     -1.79594855	      2.49771062	      4.89735237	     -0.14163486	     -0.03640447	      2.73832201	     -0.07835021	      0.08876022	      1.97297384	      0.45317484	      0.92633987	      1.38857201	      1.72279725	      0.00645010	      0.06555720	      0.08906332	     -0.19064131	      0.21379188	     -0.11102197
      2.48312600	      5.99849448	    -29.02594540	      3.46455637	    -16.71416537	    528.21007948	     -7.52114650	     -0.80204887	      0.98308354	      0.02999800	      0.43757566	     -2.38398006	      0.10683932	      0.98783141	     -0.03026774	      0.38253896	     -0.03032834	      9.51968213	     -1.38628143	      2.44977411	      0.00059875	      0.00009146	      0.00002403	      0.00003353	      0.00628961	      0.91550855	      0.93851364	      7.07003451	     -1.60761429	      2.39731480	     -0.09811609	     -0.12054700	      7.16271216	     -1.74952353	      2.37384915	     -0.02827264	     -0.02996353	      8.59765445	     -1.87925112	      2.37781693	     10.15553217	     -1.99240969	      2.39032497	     12.21278443	     -2.10082924	      2.41381494	      4.43182312	     -0.12593526	     -0.04675966	      2.51594884	     -0.20272617	      0.18605767	      2.10257446	      0.55880237	      1.02869756	      1.34391522	      1.73896155	      0.00520309	      0.05874962	      0.10311379	     -0.17770731	      0.20483954	     -0.11723633
      2.49979200	      6.47002203	    -29.12283818	      3.25130976	    -15.64801876	    529.18218454	     -7.18979956	     -0.88637044	      0.98124937	      0.04902748	      0.37118533	     -2.44322969	      0.11437966	      1.01346036	     -0.03031646	      0.43380011	     -0.03036876	      9.50927312	     -1.69517234	      2.11033628	      0.00060067	      0.00008293	      0.00002730	      0.00003414	      0.00629853	      0.91580238	      0.94082300	      7.01977750	     -1.94358120	      2.08004856	     -0.10314295	     -0.12334849	      7.07391696	     -2.10830020	      2.06702501	     -0.02810901	     -0.02999298	      8.47580626	     -2.24074657	      2.07591851	     10.00677292	     -2.33900633	      2.09263053	     12.03944541	     -2.41986803	      2.11812644	      4.13549161	     -0.26055851	     -0.05906576	      2.27755987	     -0.31873153	      0.26404040	      2.24135522	      0.62120221	      1.09476478	      1.31913439	      1.75548760	      0.00391326	      0.05156323	      0.11513793	     -0.16398041	      0.19446715	     -0.12540314
      2.51645800	      7.10019534	    -29.26641258	      2.90675483	    -13.60999679	    530.46625008	     -7.11085921	     -1.04361213	      0.83750466	      0.06771725	      0.29805662	     -2.42460083	      0.11529940	      1.03043806	     -0.03036311	      0.49101088	     -0.03042023	      9.53642204	     -1.86681905	      1.57874698	      0.00060270	      0.00007776	      0.00002630	      0.00003948	      0.00631059	      0.92030224	      0.94394066	      7.02693809	     -2.16362422	      1.57972339	     -0.11195301	     -0.12507625	      7.06182591	     -2.37579290	      1.58120368	     -0.02826567	     -0.03010030	      8.44708886	     -2.53446089	      1.59648241	      9.96325278	     -2.63947091	      1.61949412	     11.98120623	     -2.71485054	      1.64894364	      4.01963985	     -0.52713067	     -0.07188982	      2.04116889	     -0.42764807	      0.32140324	      2.37669939	      0.65063032	      1.11979868	      1.30952071	      1.77251338	      0.00318583	      0.04457046	      0.12503172	     -0.14945513	      0.18288117	     -0.13499899
      2.53312400	      7.80027404	    -29.39601264	      2.48036335	    -10.70774184	    531.82876753	     -7.20042858	     -1.24477958	      0.58164047	      0.08232615	      0.23690976	     -2.32914249	      0.10906087	      1.03219023	     -0.03039906	      0.54571179	     -0.03047495	      9.60435220	     -1.86959811	      0.91719578	      0.00060505	      0.00007570	      0.00002147	      0.00004505	      0.00632385	      0.92839573	      0.94752838	      7.09331744	     -2.23340819	      0.95724822	     -0.12305919	     -0.12546192	      7.12543109	     -2.51519582	      0.97657975	     -0.02873675	     -0.03027826	      8.50743172	     -2.72220203	      0.99922853	     10.01799376	     -2.85538601	      1.03000181	     12.02776183	     -2.94793728	      1.06464909	      4.05328792	     -0.88222959	     -0.08326621	      1.82206236	     -0.53173228	      0.35867028	      2.49311438	      0.65925346	      1.10450340	      1.30894110	      1.78833776	      0.00336786	      0.03829331	      0.13274464	     -0.13388089	      0.17026070	     -0.14491478
      2.54979000	      8.46328281	    -29.46000324	      2.02688595	     -7.18231777	    533.04988659	     -7.29998710	     -1.45595630	      0.26191399	      0.09020399	      0.20413864	     -2.17671661	      0.09626388	      1.01438981	     -0.03041749	      0.59038868	     -0.03052717	      9.71067718	     -1.69518275	      0.20236490	      0.00060790	      0.00007607	      0.00001375	      0.00004680	      0.00633680	      0.93909287	      0.95133169	      7.21177343	     -2.13892338	      0.28708721	     -0.13455739	     -0.12472021	      7.25147840	     -2.50654822	      0.32663064	     -0.02948569	     -0.03051266	      8.63758894	     -2.77915267	      0.35721963	     10.14659944	     -2.95841532	      0.39656846	     12.14944061	     -3.08784500	      0.43699853	      4.17298878	     -1.26862743	     -0.09113345	      1.62999581	     -0.63231760	      0.37916880	      2.57558796	      0.65588846	      1.05478767	      1.31116040	      1.79992444	      0.00446202	      0.03310546	      0.13849324	     -0.11669605	      0.15724341	     -0.15373165
      2.56645600	      8.99247140	    -29.42786712	      1.59707409	     -3.39080837	    533.95440059	     -7.20416189	     -1.64600192	     -0.06551522	      0.09054501	      0.20988319	     -2.00066752	      0.07848980	      0.97624246	     -0.03041456	      0.62038199	     -0.03057173	      9.84692922	     -1.36356080	     -0.48571200	      0.00061136	      0.00007780	      0.00000440	      0.00004193	      0.00634846	      0.95124083	      0.95519518	      7.36692425	     -1.89147304	     -0.35386700	     -0.14449472	     -0.12345517	      7.41675367	     -2.35177698	     -0.29293839	     -0.03045472	     -0.03078733	      8.80702145	     -2.69907102	     -0.25407855	     10.31256305	     -2.93569174	     -0.20583105	     12.30402138	     -3.11546273	     -0.15942767	      4.29831366	     -1.62908125	     -0.09388089	      1.46894542	     -0.72869560	      0.38925032	      2.61339294	      0.64302498	      0.98153703	      1.31108961	      1.80441371	      0.00621341	      0.02917122	      0.14292878	     -0.09717551	      0.14527312	     -0.16020469
      2.58312200	      9.33090702	    -29.29799764	      1.23009311	      0.24804265	    534.43037318	     -6.71002841	     -1.79478191	     -0.34974630	      0.08460087	      0.25489647	     -1.83834848	      0.05789981	      0.92116144	     -0.03038976	      0.63523662	     -0.03060282	      9.99841540	     -0.92239581	     -1.07609608	      0.00061540	      0.00007968	     -0.00000516	      0.00002935	      0.00635829	      0.96375887	      0.95903994	      7.53681407	     -1.52801442	     -0.89845274	     -0.15130981	     -0.12242110	      7.59186700	     -2.07615270	     -0.81623809	     -0.03157656	     -0.03108853	      8.97970941	     -2.49680180	     -0.76878794	     10.47479963	     -2.79322988	     -0.71152866	     12.44598751	     -3.02816817	     -0.65894721	      4.35092993	     -1.91792936	     -0.09080180	      1.33907330	     -0.81798470	      0.39755212	      2.60317078	      0.61683841	      0.89975118	      1.30532836	      1.80075853	      0.00835129	      0.02641828	      0.14712951	     -0.07472418	      0.13655861	     -0.16368622
      2.59978800	      9.48235421	    -29.09853412	      0.95022645	      3.32950405	    534.43444525	     -5.68700741	     -1.89850206	     -0.55730270	      0.07520914	      0.32978137	     -1.72024671	      0.03672679	      0.85629672	     -0.03034544	      0.63874027	     -0.03061423	     10.14375312	     -0.43978541	     -1.51720913	      0.00061979	      0.00008062	     -0.00001367	      0.00001011	      0.00636586	      0.97581613	      0.96280857	      7.69466614	     -1.10581419	     -1.29898799	     -0.15421233	     -0.12222363	      7.74535949	     -1.72498084	     -1.19680628	     -0.03278380	     -0.03140583	      9.12040330	     -2.20675438	     -1.14025043	     10.59563802	     -2.55585905	     -1.07374173	     12.53617889	     -2.84115210	     -1.01430653	      4.27433905	     -2.10708728	     -0.08226973	      1.23971391	     -0.89566057	      0.41367497	      2.55077209	      0.56956273	      0.82659044	      1.29162541	      1.79086986	      0.01087433	      0.02458938	      0.15241897	     -0.04916013	      0.13362055	     -0.16432746
      2.61645400	      9.51287409	    -28.88015203	      0.76866455	      5.53743039	    533.98567415	     -4.15337685	     -1.96931044	     -0.67910931	      0.06582065	      0.41783588	     -1.66164482	      0.01685749	      0.79083579	     -0.03028589	      0.63732154	     -0.03060134	     10.25487748	      0.00923469	     -1.78223172	      0.00062411	      0.00007988	     -0.00002028	     -0.00001274	      0.00637067	      0.98689052	      0.96640345	      7.81093870	     -0.69140408	     -1.53200834	     -0.15335669	     -0.12309348	      7.84774757	     -1.35512938	     -1.41221354	     -0.03401267	     -0.03172874	      9.20038079	     -1.87662779	     -1.34574031	     10.64789354	     -2.26272065	     -1.26933840	     12.55003921	     -2.58458424	     -1.20153771	      4.05030666	     -2.18601387	     -0.06957662	      1.17197664	     -0.95635674	      0.44670894	      2.47135721	      0.49307015	      0.77849504	      1.26752897	      1.77994392	      0.01423331	      0.02338479	      0.16009606	     -0.02086440	      0.13860187	     -0.16303141
      2.63312000	      9.52879667	    -28.70259396	      0.68865581	      6.70079146	    533.15350873	     -2.33246831	     -2.02895013	     -0.72936901	      0.05951773	      0.50122372	     -1.65981699	     -0.00035063	      0.73368475	     -0.03021605	      0.63728462	     -0.03056405	     10.29946171	      0.35949413	     -1.86926227	      0.00062778	      0.00007724	     -0.00002472	     -0.00003453	      0.00637207	      0.99669193	      0.96964977	      7.85679358	     -0.34623944	     -1.59772571	     -0.14973226	     -0.12483320	      7.87581551	     -1.02326257	     -1.46341559	     -0.03520113	     -0.03204113	      9.20234069	     -1.55784698	     -1.38601116	     10.62011780	     -1.95952239	     -1.29858123	     12.48306015	     -2.29761098	     -1.21998595	      3.70778855	     -2.15871973	     -0.05456333	      1.13991061	     -0.99477631	      0.50362225	      2.38696790	      0.38265225	      0.76806115	      1.22921991	      1.77576352	      0.01927456	      0.02263236	      0.17112845	      0.00921594	      0.15259766	     -0.16119434
      2.64978600	      9.63783248	    -28.61913694	      0.71045864	      6.82434813	    532.04689293	     -0.65657385	     -2.09923077	     -0.73667635	      0.05841279	      0.56811804	     -1.69724099	     -0.01399945	      0.69151175	     -0.03014021	      0.64207141	     -0.03050909	     10.24726813	      0.57053557	     -1.79801809	      0.00063019	      0.00007301	     -0.00002730	     -0.00004982	      0.00636947	      1.00499818	      0.97230089	      7.80981957	     -0.11359809	     -1.51614384	     -0.14480419	     -0.12694488	      7.81739404	     -0.77461698	     -1.37080279	     -0.03628447	     -0.03231657	      9.12420114	     -1.29601260	     -1.28158782	     10.51944713	     -1.69047724	     -1.18173773	     12.35253929	     -2.02181918	     -1.08937545	      3.32163917	     -2.04184753	     -0.03927017	      1.14984010	     -1.00666869	      0.58728442	      2.32105755	      0.24025736	      0.80149082	      1.17171878	      1.78686940	      0.02686031	      0.02238070	      0.18579858	      0.03964009	      0.17521452	     -0.16027750
      2.66645200	      9.90932515	    -28.66400721	      0.83306404	      6.09046194	    530.80804788	      0.30207648	     -2.19362109	     -0.73122009	      0.06344838	      0.61723929	     -1.74901365	     -0.02343258	      0.66789010	     -0.03006107	      0.65087993	     -0.03045032	     10.07963291	      0.63394466	     -1.60511945	      0.00063079	      0.00006794	     -0.00002878	     -0.00005352	      0.00636257	      1.01150326	      0.97408302	      7.66116274	     -0.01151241	     -1.32208988	     -0.14004476	     -0.12885812	      7.67580092	     -0.63634689	     -1.16922205	     -0.03719362	     -0.03251797	      8.98105663	     -1.12477621	     -1.06798649	     10.37140750	     -1.49286049	     -0.95463345	     12.19513929	     -1.79666777	     -0.84584521	      3.00090532	     -1.86568322	     -0.02576934	      1.20812320	     -0.98966952	      0.69438146	      2.29072013	      0.07649412	      0.87719466	      1.09097876	      1.81975976	      0.03725301	      0.02284875	      0.20334991	      0.06854414	      0.20445599	     -0.16127121
      2.68311800	     10.35115950	    -28.84647016	      1.05245780	      4.82986692	    529.60850371	     -0.03293870	     -2.31358022	     -0.73345288	      0.07441843	      0.65710896	     -1.79147586	     -0.02804865	      0.66363640	     -0.02997971	      0.65934988	     -0.03040633	      9.79850256	      0.56986744	     -1.33846853	      0.00062927	      0.00006290	     -0.00003005	     -0.00004193	      0.00635169	      1.01577537	      0.97476149	      7.42120343	     -0.03456075	     -1.05986907	     -0.13654019	     -0.13014204	      7.47185285	     -0.61775841	     -0.90269147	     -0.03786031	     -0.03260302	      8.80389681	     -1.06500735	     -0.79047663	     10.21586475	     -1.39564155	     -0.66360717	     12.06002513	     -1.65790851	     -0.53719624	      2.86869681	     -1.67683690	     -0.01619559	      1.31800214	     -0.94365698	      0.81441045	      2.29901440	     -0.08940125	      0.98570649	      0.98717749	      1.87579213	      0.04963403	      0.02425972	      0.22185479	      0.09369534	      0.23692428	     -0.16419832
      2.69978400	     10.91311359	    -29.15220135	      1.35903231	      3.46211300	    528.64046540	     -2.07564821	     -2.45068759	     -0.74840391	      0.09006428	      0.70016703	     -1.80906358	     -0.02729344	      0.67784137	     -0.02989644	      0.66196113	     -0.03039591	      9.43046818	      0.41370441	     -1.04972650	      0.00062561	      0.00005856	     -0.00003184	     -0.00001358	      0.00633790	      1.01736223	      0.97421007	      7.12040927	     -0.16370795	     -0.77657836	     -0.13480857	     -0.13061554	      7.24127582	     -0.71673343	     -0.61783667	     -0.03822917	     -0.03253487	      8.63393488	     -1.12856650	     -0.49734892	     10.09879347	     -1.42141553	     -0.35871328	     11.99806579	     -1.63803410	     -0.21601725	      3.03705577	     -1.53912767	     -0.01285444	      1.47636590	     -0.87046468	      0.93118807	      2.33062671	     -0.23240113	      1.11069368	      0.86763063	      1.94902183	      0.06223789	      0.02666725	      0.23859444	      0.11260664	      0.26826682	     -0.16789370
      2.71645000	     11.51262483	    -29.54906695	      1.73695375	      2.41436615	    528.09632668	     -5.93217433	     -2.59252313	     -0.76680916	      0.10819328	      0.75489455	     -1.79750057	     -0.02084564	      0.70883982	     -0.02981233	      0.65489204	     -0.03043297	      9.02347300	      0.19889705	     -0.78455194	      0.00062011	      0.00005518	     -0.00003439	      0.00003040	      0.00632305	      1.01599582	      0.97247034	      6.80410965	     -0.37919658	     -0.51353185	     -0.13484661	     -0.13034114	      7.02732076	     -0.92821024	     -0.35546137	     -0.03827250	     -0.03229506	      8.51323416	     -1.32318667	     -0.23112436	     10.06125121	     -1.58854250	     -0.08459265	     12.04916326	     -1.76594026	      0.06991875	      3.58136048	     -1.52878353	     -0.01821131	      1.67118260	     -0.77324058	      1.02699721	      2.35339462	     -0.32751882	      1.23069760	      0.74773897	      2.02628475	      0.07319140	      0.02987815	      0.25098471	      0.12282599	      0.29376806	     -0.17027377
      2.73311600	     12.06656569	    -29.99291799	      2.16542983	      2.03773066	    528.13358048	    -11.32172555	     -2.72849554	     -0.77117032	      0.12586030	      0.82026836	     -1.76307129	     -0.00888176	      0.75453653	     -0.02973080	      0.63786658	     -0.03052261	      8.63802156	     -0.05505619	     -0.57331462	      0.00061338	      0.00005246	     -0.00003737	      0.00008622	      0.00630955	      1.01178761	      0.96978716	      6.52350626	     -0.66872494	     -0.29810933	     -0.13631377	     -0.12954505	      6.87137747	     -1.24834399	     -0.14250257	     -0.03800111	     -0.03189430	      8.47482414	     -1.65321134	     -0.02006722	     10.12905525	     -1.90909781	      0.12851259	     12.23149229	     -2.06217565	      0.28735481	      4.51931452	     -1.72194454	     -0.03459685	      1.88024542	     -0.65605946	      1.08728453	      2.32631850	     -0.35760752	      1.32135658	      0.64908136	      2.09012565	      0.08146395	      0.03348800	      0.25755915	      0.12239921	      0.30897739	     -0.16912974
      2.74978200	     12.51062019	    -30.43091710	      2.61931799	      2.54663544	    528.83045971	    -17.58863603	     -2.85250440	     -0.74346879	      0.13970705	      0.88547893	     -1.71894752	      0.00772980	      0.81196666	     -0.02965840	      0.61409871	     -0.03065969	      8.33708368	     -0.34159312	     -0.42715934	      0.00060626	      0.00004956	     -0.00003990	      0.00014786	      0.00630003	      1.00530519	      0.96660191	      6.32697144	     -1.02443887	     -0.14048752	     -0.13873217	     -0.12851939	      6.80552719	     -1.66925287	      0.01121017	     -0.03746554	     -0.03137646	      8.53618546	     -2.11228861	      0.12541085	     10.30699639	     -2.37972786	      0.26881967	     12.53643328	     -2.52786483	      0.42229034	      5.79864011	     -2.17593516	     -0.06360016	      2.07194360	     -0.52437239	      1.10273312	      2.21255701	     -0.32061023	      1.35807115	      0.59464852	      2.12400116	      0.08711336	      0.03694523	      0.25818725	      0.11029285	      0.31028437	     -0.16320880
      2.76644800	     12.79933899	    -30.80419343	      3.06784368	      3.99788440	    530.14717854	    -23.80816139	     -2.96187162	     -0.67185931	      0.14650273	      0.93480513	     -1.68003678	      0.02740331	      0.87647748	     -0.02960416	      0.58849375	     -0.03082989	      8.17709589	     -0.65278675	     -0.34176915	      0.00059971	      0.00004541	     -0.00004083	      0.00020759	      0.00629683	      0.99748172	      0.96348821	      6.25362364	     -1.42903076	     -0.03741927	     -0.14162971	     -0.12753915	      6.84871392	     -2.16534075	      0.10919954	     -0.03674608	     -0.03081328	      8.69760313	     -2.66967018	      0.20912202	     10.57897996	     -2.96766913	      0.33963965	     12.93050781	     -3.13022454	      0.47702793	      7.29587929	     -2.90844799	     -0.10526822	      2.20906341	     -0.38663832	      1.06704698	      1.99412149	     -0.23280978	      1.31913851	      0.60218316	      2.11812253	      0.09063380	      0.03954336	      0.25308213	      0.08652042	      0.29540629	     -0.15312802
      2.78311400	     12.89709276	    -31.05389777	      3.47358838	      6.30042913	    531.91316757	    -28.96641316	     -3.05452795	     -0.55490682	      0.14379043	      0.95472793	     -1.65791536	      0.04800390	      0.94123081	     -0.02957766	      0.56519134	     -0.03101259	      8.19925749	     -0.96222470	     -0.30548852	      0.00059469	      0.00003899	     -0.00003907	      0.00025697	      0.00630128	      0.98939093	      0.96103304	      6.32796513	     -1.84094748	      0.02009553	     -0.14462133	     -0.12680009	      7.00506171	     -2.68074225	      0.16066903	     -0.03593428	     -0.03029078	      8.94378338	     -3.25931728	      0.24131842	     10.91243932	     -3.60091161	      0.35164138	     13.36267463	     -3.79348518	      0.46257301	      8.82762643	     -3.87964880	     -0.15732340	      2.25675306	     -0.25682553	      0.97220023	      1.68364499	     -0.12520257	      1.18923783	      0.67785264	      2.07370742	      0.09204803	      0.04034986	      0.24118741	      0.05198463	      0.26377866	     -0.14163256
      2.79978000	     12.77815820	    -31.13077686	      3.79446609	      9.22792384	    533.85463266	    -32.16654574	     -3.12713820	     -0.40273864	      0.13043168	      0.93937242	     -1.65733738	      0.06718465	      0.99763771	     -0.02958612	      0.54579110	     -0.03118430	      8.42110652	     -1.22150159	     -0.30575264	      0.00059192	      0.00002968	     -0.00003399	      0.00028800	      0.00631308	      0.98197602	      0.95968948	      6.55497851	     -2.19384949	      0.04090188	     -0.14745367	     -0.12637487	      7.26319999	     -3.13165732	      0.17454557	     -0.03511239	     -0.02989138	      9.24715425	     -3.78440172	      0.23255575	     11.26510199	     -4.17414415	      0.31671678	     13.77476069	     -4.40592504	      0.39257985	     10.17462111	     -4.98289652	     -0.21469248	      2.19472969	     -0.15577491	      0.80569670	      1.32796963	     -0.03272961	      0.96284108	      0.81352594	      2.00351017	      0.09054201	      0.03822251	      0.21938085	      0.00833296	      0.21679057	     -0.13291589
      2.81644600	     12.44377036	    -31.00127746	      3.98836556	     12.41871240	    535.65645154	    -32.78993664	     -3.17551298	     -0.23496122	      0.10684830	      0.89176507	     -1.67541746	      0.08282509	      1.03684514	     -0.02963168	      0.52906233	     -0.03132165	      8.83316587	     -1.37938286	     -0.33073944	      0.00059182	      0.00001746	     -0.00002559	      0.00029425	      0.00632992	      0.97583427	      0.95964247	      6.91943936	     -2.41815227	      0.03238631	     -0.15002553	     -0.12619310	      7.59909180	     -3.43009566	      0.15818254	     -0.03433779	     -0.02967643	      9.57413799	     -4.14259769	      0.19237913	     11.59433530	     -4.57496169	      0.24680348	     14.11411780	     -4.84660803	      0.28238676	     11.11665036	     -6.05076906	     -0.26970591	      2.03042923	     -0.10738816	      0.55409560	      0.99945828	      0.01990291	      0.64677521	      0.99034787	      1.92758768	      0.08486193	      0.03207702	      0.18365823	     -0.04198963	      0.15773452	     -0.13112336
      2.83311200	     11.94291100	    -30.64366432	      4.01817193	     15.38401410	    537.02749088	    -30.55128013	     -3.19679328	     -0.07572007	      0.07488464	      0.82113982	     -1.70373830	      0.09346358	      1.05181546	     -0.02970985	      0.51203165	     -0.03140370	      9.40591221	     -1.41358618	     -0.36768416	      0.00059440	      0.00000296	     -0.00001455	      0.00027179	      0.00634777	      0.97113067	      0.96073150	      7.39359095	     -2.47430264	      0.00246464	     -0.15237339	     -0.12606023	      7.98490238	     -3.51844953	      0.11951731	     -0.03363754	     -0.02967384	      9.89530779	     -4.26145590	      0.13162843	     11.86850456	     -4.71959046	      0.15637036	     14.34628819	     -5.02114142	      0.15166369	     11.47186271	     -6.88106629	     -0.31322026	      1.80505465	     -0.12655732	      0.21308918	      0.77502791	      0.02887552	      0.26094191	      1.18796446	      1.86532262	      0.07408261	      0.02138460	      0.13198801	     -0.09572039	      0.09134515	     -0.13861150
      2.84977800	     11.37338143	    -30.03990421	      3.85677569	     17.56450946	    537.73215839	    -25.44446628	     -3.19189341	      0.05307626	      0.03737233	      0.73850126	     -1.73256478	      0.09860814	      1.03925714	     -0.02980961	      0.49170512	     -0.03141388	     10.10298106	     -1.35059307	     -0.40070377	      0.00059931	     -0.00001277	     -0.00000201	      0.00021960	      0.00636171	      0.96765746	      0.96246543	      7.94887275	     -2.37393772	     -0.03769842	     -0.15460888	     -0.12572568	      8.39898039	     -3.39198029	      0.07000887	     -0.03301417	     -0.02987343	     10.19378332	     -4.12189769	      0.06532393	     12.07401769	     -4.57708046	      0.06510689	     14.46056683	     -4.88645894	      0.02669060	     11.13082421	     -7.27943569	     -0.33651878	      1.58342769	     -0.20274810	     -0.20118465	      0.70925093	      0.01183793	     -0.16360718	      1.39404046	      1.82694808	      0.05822658	      0.00662986	      0.06693829	     -0.14915867	      0.02295990	     -0.15477764
      2.86644400	     10.85326298	    -29.17930825	      3.49315626	     18.44921262	    537.58094485	    -17.64874534	     -3.16675581	      0.13874192	     -0.00242173	      0.65281873	     -1.75561401	      0.09882731	      1.00075960	     -0.02991554	      0.46658124	     -0.03134204	     10.88732267	     -1.25591406	     -0.41032373	      0.00060599	     -0.00002852	      0.00001075	      0.00013955	      0.00636718	      0.96499453	      0.96414025	      8.55956274	     -2.17233713	     -0.07231726	     -0.15681243	     -0.12499009	      8.82617182	     -3.09378007	      0.02599992	     -0.03245870	     -0.03023096	     10.46237503	     -3.75548062	      0.01336868	     12.20972882	     -4.16859088	     -0.00230212	     14.46141828	     -4.45229356	     -0.06120016	     10.07725326	     -7.10599283	     -0.33339844	      1.42693823	     -0.29236954	     -0.64800717	      0.81306832	     -0.00301021	     -0.58919315	      1.60707764	      1.80876572	      0.03845422	     -0.01060062	     -0.00401798	     -0.19891617	     -0.04240347	     -0.17607671
      2.88311000	     10.47729708	    -28.08179944	      2.93751163	     17.71843063	    536.41839535	     -7.48732788	     -3.13177137	      0.18312065	     -0.04127314	      0.56922977	     -1.77380067	      0.09555609	      0.94280744	     -0.03001089	      0.43739614	     -0.03118680	     11.71268547	     -1.20120242	     -0.37716971	      0.00061378	     -0.00004310	      0.00002254	      0.00003620	      0.00636124	      0.96269226	      0.96503561	      9.19240989	     -1.93875802	     -0.08357460	     -0.15891073	     -0.12381931	      9.24509385	     -2.68892460	      0.00583756	     -0.03196456	     -0.03067949	     10.68874414	     -3.22219116	     -0.00350097	     12.27038357	     -3.54848128	     -0.02167602	     14.35014058	     -3.76590003	     -0.08304979	      8.39296631	     -6.31096126	     -0.30174879	      1.36372186	     -0.33290872	     -1.07063097	      1.04903349	      0.00647275	     -0.97742794	      1.82997822	      1.79484895	      0.01679569	     -0.02799825	     -0.07101344	     -0.24253923	     -0.10062400	     -0.19724204
      2.89977600	     10.28361545	    -26.82744413	      2.22026964	     15.34422058	    534.15765891	      4.52667784	     -3.09967849	      0.20452226	     -0.07628296	      0.48941942	     -1.79672114	      0.09063436	      0.87572415	     -0.03008074	      0.40696153	     -0.03095760	     12.50990695	     -1.23152121	     -0.29143798	      0.00062203	     -0.00005559	      0.00003246	     -0.00008361	      0.00634333	      0.96040710	      0.96463644	      9.79252542	     -1.72680041	     -0.06011908	     -0.16058364	     -0.12242382	      9.61418689	     -2.23851903	      0.02111873	     -0.03153667	     -0.03114509	     10.84209416	     -2.58801372	      0.02652255	     12.23415597	     -2.78508192	      0.01967858	     14.11354671	     -2.89632169	     -0.02487090	      6.24913476	     -4.94914947	     -0.24417206	      1.37705910	     -0.27634122	     -1.41504834	      1.34599594	      0.04394933	     -1.29480762	      2.05904746	      1.76463771	     -0.00445226	     -0.04317219	     -0.12557566	     -0.27854387	     -0.14849571	     -0.21309562
      2.91644200	     10.24608846	    -25.56692496	      1.38361752	     11.60224055	    530.86471000	     17.61034914	     -3.08265665	      0.23501511	     -0.10497181	      0.41355147	     -1.84104327	      0.08570930	      0.81179709	     -0.03011446	      0.37925239	     -0.03067538	     13.18600918	     -1.35120904	     -0.16447954	      0.00063016	     -0.00006535	      0.00003995	     -0.00021120	      0.00631540	      0.95795812	      0.96281163	     10.28279326	     -1.56130867	     -0.00823636	     -0.16125160	     -0.12126884	      9.87291936	     -1.78790456	      0.06559293	     -0.03119270	     -0.03156298	     10.87682747	     -1.91444154	      0.09502103	     12.06876756	     -1.95145350	      0.11135146	     13.73307686	     -1.92653763	      0.10024002	      3.88681081	     -3.16996614	     -0.16751383	      1.42112847	     -0.12105275	     -1.64928178	      1.62555654	      0.09349032	     -1.51684315	      2.27653468	      1.70249658	     -0.02339979	     -0.05424879	     -0.16345678	     -0.30591071	     -0.18342405	     -0.22010533
      2.93310800	     10.29055807	    -24.49771168	      0.47198755	      6.99682818	    526.83442194	     30.69016043	     -3.08922568	      0.31256600	     -0.12526608	      0.34291317	     -1.92565614	      0.08169839	      0.76283545	     -0.03010740	      0.35799430	     -0.03037121	     13.64349170	     -1.53005604	     -0.03321092	      0.00063766	     -0.00007200	      0.00004474	     -0.00033677	      0.00628137	      0.95531380	      0.95988738	     10.58277852	     -1.44221714	      0.04323028	     -0.16018408	     -0.12099686	      9.96164991	     -1.36802992	      0.11054457	     -0.03095634	     -0.03188966	     10.75387069	     -1.25771718	      0.16937599	     11.75421800	     -1.12294132	      0.21648767	     13.20931990	     -0.94935379	      0.24951301	      1.58832336	     -1.18661808	     -0.08146407	      1.45192750	      0.08021299	     -1.77291689	      1.82716728	      0.12924870	     -1.63062739	      2.45166906	      1.60436014	     -0.03897652	     -0.06026318	     -0.18525185	     -0.32351223	     -0.20331917	     -0.21712886
      2.94977400	     10.32466132	    -23.81279302	     -0.47037726	      2.13776868	    522.58721422	     42.49822411	     -3.12165003	      0.46892224	     -0.13547061	      0.28238612	     -2.06440290	      0.07848323	      0.73747898	     -0.03006193	      0.34509191	     -0.03008279	     13.80948208	     -1.72034890	      0.04976309	      0.00064409	     -0.00007536	      0.00004673	     -0.00045046	      0.00624615	      0.95254731	      0.95658207	     10.63603227	     -1.35618516	      0.05127292	     -0.15673929	     -0.12226340	      9.84717658	     -1.00125280	      0.11335362	     -0.03084593	     -0.03210799	     10.46450325	     -0.66956651	      0.20234280	     11.30489923	     -0.37380419	      0.28248666	     12.58233123	     -0.05996243	      0.36272650	     -0.35934942	      0.76569135	      0.00335460	      1.45101091	      0.24173432	     -1.81286184	      1.92167814	      0.12886602	     -1.63621219	      2.54906593	      1.47866829	     -0.05089618	     -0.06129970	     -0.19509492	     -0.32991659	     -0.20703099	     -0.20528581
      2.96644000	     10.27159413	    -23.64427065	     -1.39388448	     -2.38551447	    518.76314375	     51.77235677	     -3.17496821	      0.71587489	     -0.13435475	      0.24164607	     -2.25815644	      0.07493121	      0.73885393	     -0.02998791	      0.33943675	     -0.02984916	     13.65755757	     -1.87488852	      0.03744576	      0.00064910	     -0.00007537	      0.00004598	     -0.00054351	      0.00621457	      0.94980843	      0.95381139	     10.42902693	     -1.28775470	     -0.02206378	     -0.15069729	     -0.12550806	      9.53734455	     -0.70517165	      0.03655009	     -0.03086337	     -0.03222436	     10.04016545	     -0.19477980	      0.15203218	     10.77472508	      0.23020385	      0.26212530	     11.93149925	      0.65633728	      0.38502618	     -1.70583781	      2.47006596	      0.07726080	      1.42858156	      0.28160576	     -1.80904865	      1.91093444	      0.08263037	     -1.54683296	      2.53952834	      1.34221790	     -0.05926901	     -0.05834893	     -0.19855971	     -0.32365757	     -0.19516900	     -0.18725243
      2.98310600	     10.10028884	    -24.02472773	     -2.23707252	     -6.10064493	    515.95600178	     57.49370841	     -3.23883569	      1.03410702	     -0.12143918	      0.23382783	     -2.48874372	      0.06925820	      0.76344517	     -0.02990258	      0.33675881	     -0.02970430	     13.21268266	     -1.96058678	     -0.09001828	      0.00065245	     -0.00007210	      0.00004266	     -0.00060943	      0.00619060	      0.94734116	      0.95241774	      9.99328381	     -1.22666820	     -0.19016275	     -0.14259376	     -0.13070990	      9.07805483	     -0.49334101	     -0.13301487	     -0.03098818	     -0.03226019	      9.54363364	      0.13356792	      0.00176627	     10.24266753	      0.64092259	      0.13434818	     11.35461404	      1.13730872	      0.28917827	     -2.27609971	      3.75699252	      0.13288309	      1.40909796	      0.15387301	     -1.79755553	      1.81774841	     -0.00545149	     -1.38753755	      2.40844015	      1.21384024	     -0.06414252	     -0.05288444	     -0.20072714	     -0.30374888	     -0.17073671	     -0.16634992
      2.99977200	      9.84430560	    -24.87923360	     -2.92685988	     -8.70735638	    514.56118750	     59.08607349	     -3.30232734	      1.36947806	     -0.09739333	      0.27098103	     -2.71743621	      0.05964439	      0.80193837	     -0.02982894	      0.33096176	     -0.02967071	     12.54155478	     -1.96596310	     -0.31424950	      0.00065404	     -0.00006580	      0.00003711	     -0.00064461	      0.00617678	      0.94553479	      0.95291287	      9.39398474	     -1.17125629	     -0.43207829	     -0.13391891	     -0.13720631	      8.53802135	     -0.37442769	     -0.37467328	     -0.03117989	     -0.03224236	      9.04930135	      0.29836841	     -0.22996282	      9.78874974	      0.83464702	     -0.08511383	     10.93886340	      1.35302124	      0.08719200	     -1.99780465	      4.51874709	      0.16580891	      1.41212629	     -0.13676634	     -1.79737693	      1.67301761	     -0.12327520	     -1.19190061	      2.15952643	      1.10883020	     -0.06522879	     -0.04631747	     -0.20475978	     -0.27017252	     -0.13902646	     -0.14570838
      3.01643800	      9.60116369	    -26.04798405	     -3.38795280	    -10.09506423	    514.69356532	     56.52483058	     -3.35982006	      1.64061009	     -0.06429300	      0.35746251	     -2.89006663	      0.04491796	      0.84214675	     -0.02979195	      0.31672003	     -0.02975418	     11.73657526	     -1.90233326	     -0.58141166	      0.00065389	     -0.00005693	      0.00002988	     -0.00064852	      0.00617410	      0.94495522	      0.95532594	      8.71373943	     -1.12843922	     -0.69567400	     -0.12703421	     -0.14367061	      7.99119331	     -0.35106251	     -0.63710562	     -0.03138841	     -0.03219668	      8.62392983	      0.30046024	     -0.49241956	      9.47323640	      0.81470541	     -0.34634465	     10.73813048	      1.30890195	     -0.17186592	     -0.91104819	      4.71135397	      0.17457580	      1.43953376	     -0.53888644	     -1.80359768	      1.50545427	     -0.25865742	     -0.99718681	      1.81432872	      1.03562752	     -0.06194834	     -0.03961654	     -0.21090989	     -0.22420583	     -0.10665161	     -0.12767746
      3.03310400	      9.50650361	    -27.32974209	     -3.55801004	    -10.33930339	    516.18845394	     50.33705353	     -3.41451580	      1.75878608	     -0.02549760	      0.48439742	     -2.94927075	      0.02508296	      0.87327859	     -0.02981263	      0.29236804	     -0.02994112	     10.89999897	     -1.79899514	     -0.81494648	      0.00065214	     -0.00004625	      0.00002177	     -0.00062326	      0.00618206	      0.94628823	      0.95921193	      8.03804330	     -1.11055440	     -0.90978720	     -0.12470520	     -0.14832637	      7.50357136	     -0.41842134	     -0.85032930	     -0.03156937	     -0.03214649	      8.31479601	      0.15853897	     -0.71463647	      9.32610338	      0.61019301	     -0.57730600	     10.76387752	      1.04333399	     -0.41411743	      0.84108672	      4.34923546	      0.16025883	      1.47277310	     -0.97013723	     -1.78698851	      1.33636580	     -0.40547608	     -0.83878612	      1.40877741	      0.99488909	     -0.05380656	     -0.03328714	     -0.21592673	     -0.16854843	     -0.08007723	     -0.11356411
      3.04977000	      9.68585444	    -28.53086246	     -3.40243609	     -9.69345356	    518.66114373	     41.50194507	     -3.47664332	      1.65636051	      0.01489047	      0.62875151	     -2.85172957	      0.00153120	      0.89007917	     -0.02990111	      0.26173913	     -0.03019935	     10.13029976	     -1.69373536	     -0.93152599	      0.00064897	     -0.00003471	      0.00001381	     -0.00057298	      0.00619884	      0.95015679	      0.96381283	      7.44415244	     -1.12963725	     -0.99895900	     -0.12928706	     -0.14940287	      7.12553831	     -0.56238359	     -0.94015827	     -0.03169845	     -0.03211486	      8.14562657	     -0.09216165	     -0.82015062	      9.34642628	      0.27226372	     -0.69895170	     10.98837976	      0.62177284	     -0.55662395	      3.03802448	      3.49754739	      0.12594760	      1.47746511	     -1.33618704	     -1.69860178	      1.17898571	     -0.56526211	     -0.74448700	      0.98773369	      0.98054734	     -0.04098719	     -0.02763186	     -0.21305657	     -0.10717734	     -0.06417780	     -0.10367681
      3.06643600	     10.19765367	    -29.50363130	     -2.92317455	     -8.57549008	    521.58616452	     31.27802396	     -3.55594600	      1.31475048	      0.05275566	      0.75891589	     -2.58532978	     -0.02311062	      0.89507697	     -0.03005095	      0.23381976	     -0.03048238	      9.51024722	     -1.62110318	     -0.85533448	      0.00064460	     -0.00002339	      0.00000711	     -0.00050306	      0.00622161	      0.95684287	      0.96830300	      6.99232310	     -1.19068250	     -0.89617668	     -0.14179172	     -0.14572145	      6.88757638	     -0.75783950	     -0.84068061	     -0.03177919	     -0.03212704	      8.11696642	     -0.40220568	     -0.73994633	      9.50713428	     -0.13120768	     -0.63875139	     11.35435593	      0.12875132	     -0.52178088	      5.41717678	      2.26410039	      0.07627070	      1.40980605	     -1.54611119	     -1.47719240	      1.04003706	     -0.74342773	     -0.72855877	      0.59775672	      0.98239849	     -0.02484633	     -0.02300230	     -0.19285836	     -0.04483909	     -0.06116121	     -0.09753852
      3.08310200	     10.98766005	    -30.16308375	     -2.15887312	     -7.52760836	    524.36944830	     20.99007252	     -3.65140509	      0.78079249	      0.08452906	      0.84559019	     -2.17968550	     -0.04545198	      0.89763144	     -0.03023746	      0.21991677	     -0.03073680	      9.09630833	     -1.60043866	     -0.52991699	      0.00063921	     -0.00001328	      0.00000265	     -0.00041944	      0.00624675	      0.96601642	      0.97201851	      6.71837848	     -1.28508019	     -0.55311327	     -0.16119756	     -0.13720770	      6.79722636	     -0.96758024	     -0.50430055	     -0.03184070	     -0.03220944	      8.20763759	     -0.71117423	     -0.42308533	      9.76063985	     -0.52206638	     -0.34200314	     11.78519825	     -0.34139838	     -0.24958684	      7.71234141	      0.78974181	      0.01696448	      1.22078576	     -1.52134827	     -1.05790634	      0.92097780	     -0.94085037	     -0.78543940	      0.27901712	      0.98956320	     -0.00788329	     -0.01978598	     -0.14485180	      0.01374710	     -0.06990111	     -0.09406645
      3.09976800	     11.87340942	    -30.48285891	     -1.17911282	     -7.11540668	    526.41098479	     11.80655366	     -3.74347869	      0.16256364	      0.10730902	      0.87352473	     -1.70465212	     -0.06199215	      0.90977264	     -0.03042150	      0.22925963	     -0.03091145	      8.90991183	     -1.62401693	      0.06835088	      0.00063296	     -0.00000511	      0.00000109	     -0.00032790	      0.00627022	      0.97661509	      0.97458527	      6.62767026	     -1.38412379	      0.04797478	     -0.18435132	     -0.12510557	      6.83669431	     -1.14130031	      0.08645900	     -0.03192670	     -0.03238372	      8.37601496	     -0.95110291	      0.15078177	     10.04344182	     -0.81870228	      0.21486997	     12.19320553	     -0.69445530	      0.28799768	      9.68870807	     -0.76395196	     -0.04556436	      0.85818219	     -1.20079949	     -0.38400627	      0.81767486	     -1.14267992	     -0.88353435	      0.05877271	      0.99376754	      0.00700822	     -0.01808257	     -0.05992717	      0.06464641	     -0.08557502	     -0.09159110
      3.11643400	     12.56821692	    -30.48087337	     -0.08182868	     -7.74131007	    527.17307904	      4.53564719	     -3.79392087	     -0.39729749	      0.11856466	      0.84838527	     -1.25541908	     -0.06976539	      0.94048200	     -0.03055837	      0.26496802	     -0.03096629	      8.93232851	     -1.64642362	      0.90701775	      0.00062591	      0.00000079	      0.00000256	     -0.00023332	      0.00628795	      0.98698471	      0.97590966	      6.69200415	     -1.43359539	      0.87256223	     -0.20662737	     -0.11175805	      6.96255697	     -1.21574431	      0.89724231	     -0.03208091	     -0.03265795	      8.56249327	     -1.05133485	      0.94879683	     10.28103122	     -0.94471397	      1.00069809	     12.48712521	     -0.84870224	      1.06207785	     11.16982605	     -2.22987363	     -0.10473817	      0.26990530	     -0.55179030	      0.57202153	      0.71931257	     -1.30708297	     -0.96104050	     -0.05095082	      0.99129875	      0.01773296	     -0.01723518	      0.06630463	      0.10510124	     -0.09959057	     -0.08778489
      3.13310000	     12.74305276	    -30.20700403	      0.99474785	     -9.38047136	    526.27039259	     -0.53143516	     -3.75520326	     -0.76357271	      0.11579193	      0.79474664	     -0.92810050	     -0.06682204	      0.99116871	     -0.03060893	      0.32244087	     -0.03087871	      9.10650113	     -1.58237476	      1.85771901	      0.00061806	      0.00000460	      0.00000665	     -0.00013900	      0.00629629	      0.99527845	      0.97605343	      6.85284431	     -1.35655557	      1.79561189	     -0.22320703	     -0.09999066	      7.11104655	     -1.12313268	      1.80348589	     -0.03233379	     -0.03301862	      8.69685971	     -0.95203796	      1.84538620	     10.39706480	     -0.84684599	      1.88875571	     12.58327980	     -0.75751149	      1.94423876	     12.05358418	     -3.45361042	     -0.15444562	     -0.58574578	      0.39781655	      1.77084389	      0.60888903	     -1.35730606	     -0.92708863	     -0.05165171	      0.98302770	      0.02404248	     -0.01549964	      0.22877852	      0.13371179	     -0.09997965	     -0.07977331
      3.14976600	     12.12030784	    -29.73704586	      1.84654801	    -11.31787099	    523.58133329	     -3.70775777	     -3.58695680	     -0.85190545	      0.09661566	      0.74536611	     -0.79372070	     -0.05248265	      1.05471721	     -0.03054920	      0.39119289	     -0.03064594	      9.34883399	     -1.32953396	      2.64956283	      0.00060928	      0.00000689	      0.00001241	     -0.00004629	      0.00629252	      0.99998818	      0.97506323	      7.03397568	     -1.07982972	      2.55632475	     -0.23056493	     -0.09230766	      7.21240619	     -0.82215302	      2.54504196	     -0.03269357	     -0.03342706	      8.71442015	     -0.63959832	      2.57581689	     10.33101989	     -0.53447921	      2.60902732	     12.42491789	     -0.45341572	      2.65699946	     12.31590343	     -4.31415792	     -0.18984547	     -1.71568691	      1.49613086	      3.05588689	      0.46738644	     -1.18132487	     -0.67231063	      0.04183949	      0.97298329	      0.02785884	     -0.01014213	      0.40711539	      0.15114674	     -0.07262387	     -0.06477436
      3.16643200	     10.59411614	    -29.16730907	      2.19932371	    -12.07509832	    519.34762652	     -5.91670951	     -3.27293273	     -0.65866881	      0.05959740	      0.72622505	     -0.87917043	     -0.02738549	      1.11862414	     -0.03037567	      0.45945438	     -0.03028386	      9.56998581	     -0.83419706	      2.86513673	      0.00059943	      0.00000850	      0.00001856	      0.00004509	      0.00627528	      1.00041726	      0.97284989	      7.16311998	     -0.59845354	      2.75413676	     -0.22763185	     -0.09019616	      7.21421721	     -0.36154713	      2.72224076	     -0.03314262	     -0.03382230	      8.58118172	     -0.20994598	      2.73221917	     10.06506430	     -0.14313787	      2.74406898	     12.01100801	     -0.11221429	      2.76934775	     12.00302967	     -4.74405105	     -0.20820869	     -3.04520414	      2.39338903	      4.12325126	      0.28063534	     -0.64502476	     -0.09313224	      0.19161282	      0.96708585	      0.03233549	      0.00185322	      0.56170370	      0.16175306	     -0.00384697	     -0.04145031
      3.18309800	      8.35241311	    -28.59823703	      1.79163451	     -9.78384308	    514.20288692	     -8.59191397	     -2.83097989	     -0.26622797	      0.00553616	      0.74376290	     -1.16110606	      0.00661879	      1.17050556	     -0.03010518	      0.51944819	     -0.02982451	      9.70381963	     -0.18894119	      2.06275401	      0.00058846	      0.00001033	      0.00002372	      0.00013621	      0.00624505	      0.99692239	      0.96919312	      7.20169728	     -0.06130157	      1.96749812	     -0.21619325	     -0.09378571	      7.11264456	      0.04738376	      1.91503296	     -0.03363963	     -0.03412960	      8.32685144	      0.07038674	      1.88515655	      9.65887232	      0.01410368	      1.85328620	     11.43321937	     -0.09455503	      1.82460659	     11.21580689	     -4.74277242	     -0.20951120	     -4.34267524	      2.53573595	      4.57197095	      0.04211637	      0.37310401	      0.86712677	      0.31860940	      0.97347927	      0.03923342	      0.02250826	      0.63780636	      0.17401896	      0.11496590	     -0.01162819
      3.19976400	      5.92013511	    -28.09055454	      0.57581404	     -3.11265283	    509.09416255	    -13.37694985	     -2.31100781	      0.17955143	     -0.06144391	      0.77977542	     -1.57421323	      0.04669829	      1.20290824	     -0.02977163	      0.57084879	     -0.02931337	      9.75586256	      0.31214596	      0.06170373	      0.00057652	      0.00001325	      0.00002661	      0.00022761	      0.00620448	      0.99084108	      0.96388099	      7.19152391	      0.19924438	      0.03075529	     -0.20034432	     -0.10195236	      6.99731643	      0.02991180	     -0.03964573	     -0.03412789	     -0.03427332	      8.08858663	     -0.21060202	     -0.13343494	      9.29296038	     -0.50562059	     -0.23764793	     10.91921786	     -0.87440240	     -0.36129118	     10.09050291	     -4.37735533	     -0.19650165	     -5.13279943	      1.33780644	      4.06599770	     -0.26005519	      1.91776891	      2.16257035	      0.30297975	      1.00282008	      0.04533897	      0.05135645	      0.58170838	      0.19529557	      0.28036245	      0.01888561
      3.21643000	      4.01094943	    -27.59472012	     -1.06102648	      7.56790822	    505.12121271	    -21.45075364	     -1.78057185	      0.51301928	     -0.13386253	      0.79682382	     -2.03032009	      0.08938970	      1.21468464	     -0.02942113	      0.62060605	     -0.02880619	      9.87040501	      0.27523399	     -2.73170565	      0.00056413	      0.00001784	      0.00002632	      0.00031788	      0.00615846	      0.98413359	      0.95691575	      7.31157578	     -0.19942646	     -2.65117995	     -0.18516045	     -0.11276938	      7.09602930	     -0.78262929	     -2.73292110	     -0.03454926	     -0.03419173	      8.14496973	     -1.40759251	     -2.90807941	      9.29379075	     -2.04278823	     -3.10607921	     10.84881934	     -2.77549177	     -3.35723884	      8.77984346	     -3.76813667	     -0.17415385	     -4.69349547	     -1.42169547	      2.54667101	     -0.67822242	      3.86287620	      3.59114085	      0.03959920	      1.06143294	      0.04107059	      0.08437239	      0.36560927	      0.21939698	      0.46873407	      0.04246122
      3.23309600	      3.17148427	    -26.93292000	     -2.28089780	     19.53796932	    503.32982946	    -32.48247890	     -1.30279169	      0.59974471	     -0.20225085	      0.75316715	     -2.44125425	      0.13101131	      1.20825080	     -0.02910563	      0.67891849	     -0.02836444	     10.33012299	     -0.49863985	     -5.24243187	      0.00055231	      0.00002429	      0.00002249	      0.00040238	      0.00611384	      0.97884793	      0.94868015	      7.85608290	     -1.37677974	     -5.02889635	     -0.17501906	     -0.12408807	      7.72684212	     -2.41701228	     -5.11018460	     -0.03485986	     -0.03385053	      8.84326882	     -3.46058956	     -5.36135896	     10.03888033	     -4.45874907	     -5.64840017	     11.63559876	     -5.57341835	     -6.02510687	      7.43607151	     -3.06219463	     -0.14859784	     -2.31880876	     -5.14601176	      0.35535177	     -1.33929965	      5.81162355	      4.78501898	     -0.46052421	      1.12888126	      0.01532930	      0.11401274	      0.01167757	      0.21640841	      0.63211209	      0.05581526
      3.24976200	      3.42128954	    -25.95768135	     -2.16501834	     28.37236508	    504.45266232	    -43.84693300	     -0.91519838	      0.37859979	     -0.25738691	      0.62170388	     -2.73780868	      0.16802909	      1.18476569	     -0.02887698	      0.75313501	     -0.02804875	     11.35761984	     -1.70386440	     -6.14089799	      0.00054253	      0.00003234	      0.00001549	      0.00047258	      0.00607877	      0.97654831	      0.93997565	      9.01560819	     -2.89358334	     -5.81852800	     -0.17213619	     -0.13403033	      9.05225562	     -4.27777278	     -5.88235303	     -0.03504046	     -0.03325158	     10.32584320	     -5.62722590	     -6.16920090	     11.65694705	     -6.87888869	     -6.49982401	     13.39802270	     -8.25005184	     -6.94517077	      6.19627601	     -2.40071872	     -0.12576233	      2.08855644	     -8.33114618	     -1.85568127	     -2.40446046	      7.05067655	      5.29665402	     -1.00743512	      1.12585514	     -0.03391682	      0.13056241	     -0.39778802	      0.14133927	      0.70522389	      0.06652349
      3.26642800	      4.20736337	    -24.82424533	     -0.36071197	     29.92343948	    508.63150918	    -51.23042688	     -0.61876609	     -0.11798614	     -0.29233267	      0.40439281	     -2.87998218	      0.19729270	      1.14087572	     -0.02877991	      0.84267930	     -0.02791066	     12.80198576	     -2.53401842	     -4.66314909	      0.00053664	      0.00004125	      0.00000633	      0.00051660	      0.00606164	      0.97785568	      0.93190112	     10.56924184	     -3.80852423	     -4.30337215	     -0.17581320	     -0.14127223	     10.77325029	     -5.26505031	     -4.33084439	     -0.03509625	     -0.03243390	     12.22234605	     -6.65689504	     -4.58168900	     13.71603903	     -7.91719180	     -4.87328489	     15.64099783	     -9.27273481	     -5.27867366	      5.16941623	     -1.88970024	     -0.11009629	      7.46835493	     -9.22894135	     -3.41495874	     -3.86618479	      6.64608957	      4.78325455	     -1.29677946	      0.90704765	     -0.09213977	      0.12432039	     -0.73794272	     -0.03303159	      0.62622474	      0.09070979
      3.28309400	      4.76191603	    -24.02881391	      2.44882600	     22.61292354	    515.29967908	    -51.06270785	     -0.38280792	     -0.77158771	     -0.30344431	      0.13470325	     -2.85823372	      0.21617546	      1.06993983	     -0.02884338	      0.93776452	     -0.02798392	     14.10618595	     -2.13295097	     -1.30565217	      0.00053650	      0.00005004	     -0.00000359	      0.00052117	      0.00606961	      0.98224005	      0.92561201	     11.89584573	     -3.20202656	     -1.00386471	     -0.18265692	     -0.14512627	     12.18870805	     -4.38458413	     -0.98145596	     -0.03504674	     -0.03146671	     13.75324569	     -5.48301935	     -1.11759997	     15.36501258	     -6.44310951	     -1.27778488	     17.43560527	     -7.44256228	     -1.51784155	      4.42504600	     -1.58304146	     -0.10375397	     11.78231457	     -7.02432732	     -3.95598329	     -5.21454150	      3.78248204	      3.20546232	     -1.08260753	      0.32201275	     -0.13419859	      0.08852585	     -0.89031622	     -0.28085047	      0.36364577	      0.13602913
      3.29976000	      4.57411583	    -23.98774298	      4.72947635	      8.63634786	    523.41702198	    -43.32777761	     -0.16468204	     -1.41111828	     -0.29025132	     -0.13397091	     -2.68920674	      0.22277573	      0.96783123	     -0.02907201	      1.02275260	     -0.02827724	     14.79145858	     -0.20318296	      2.21792459	      0.00054362	      0.00005763	     -0.00001275	      0.00047461	      0.00610695	      0.98815642	      0.92205037	     12.51237850	     -0.83881302	      2.38358041	     -0.18772881	     -0.14550855	     12.79878895	     -1.47505096	      2.45834932	     -0.03491056	     -0.03043658	     14.39753826	     -2.01449784	      2.48928846	     16.05979730	     -2.43125883	      2.52378256	     18.20750993	     -2.80729532	      2.53872666	      3.98565504	     -1.48125766	     -0.10641640	     13.12279711	     -2.55791598	     -3.55900057	     -5.26875179	     -1.61176288	      0.91481498	     -0.32829816	     -0.66175351	     -0.14171395	      0.02361608	     -0.80175658	     -0.52096438	     -0.06178599	      0.17965639
      3.31642600	      3.65376302	    -24.51872901	      4.97239097	     -6.58008090	    531.98407711	    -32.08550376	      0.06365294	     -1.86284786	     -0.25464939	     -0.34921296	     -2.41006348	      0.21631713	      0.84013274	     -0.02944165	      1.08266437	     -0.02877073	     15.01421381	      2.66770171	      3.89012740	      0.00055866	      0.00006313	     -0.00001988	      0.00037005	      0.00617363	      0.99352382	      0.92174260	     12.63769928	      2.51014384	      3.90076390	     -0.18629152	     -0.14287411	     12.88313900	      2.47548648	      4.02305014	     -0.03469206	     -0.02943226	     14.48894375	      2.55168379	      4.22633153	     16.17847606	      2.73004980	      4.46294870	     18.37482677	      3.03540668	      4.74625099	      3.82603799	     -1.54152093	     -0.11563744	     10.94405232	      2.17382953	     -2.63011699	     -2.63558347	     -8.21115028	     -1.44920605	      0.77626496	     -1.85715198	     -0.11594157	     -0.05846095	     -0.51403876	     -0.65929030	     -0.56864477	      0.16509502
      3.33309200	      2.53126437	    -24.87680568	      2.70782589	    -16.43059613	    540.45931407	    -22.47797423	      0.29402820	     -2.00281522	     -0.19991207	     -0.48061679	     -2.07352860	      0.19768187	      0.70592945	     -0.02990281	      1.10986068	     -0.02941736	     15.45817379	      5.17779169	      2.62175816	      0.00058116	      0.00006596	     -0.00002416	      0.00020820	      0.00626478	      0.99642822	      0.92472637	     13.01989560	      5.31768844	      2.53773371	     -0.17560465	     -0.13814929	     13.25825816	      5.67411784	      2.70631079	     -0.03437661	     -0.02853107	     14.90798210	      6.16664094	      3.04290313	     16.65720505	      6.75894675	      3.43322664	     18.92858076	      7.54968076	      3.91579997	      3.88206704	     -1.69239952	     -0.12749732	      6.34058644	      5.34636877	     -1.63399251	      3.11028683	    -13.32558097	     -3.22453541	      1.92231079	     -2.88258868	     -0.07409379	     -0.13465129	     -0.14063025	     -0.64527718	     -1.02694083	      0.03443379
      3.34975800	      2.01190740	    -24.44575386	     -1.11226524	    -16.09170132	    548.74207914	    -16.43288629	      0.47605954	     -1.79525473	     -0.12976770	     -0.53155643	     -1.74299093	      0.16976889	      0.59472712	     -0.03039235	      1.10783728	     -0.03014977	     16.54990506	      5.95865979	     -1.05166015	      0.00060941	      0.00006598	     -0.00002527	     -0.00000140	      0.00637128	      0.99581772	      0.93061113	     14.07223547	      6.07187209	     -1.11232122	     -0.15613492	     -0.13263593	     14.32139004	      6.43947042	     -0.89100231	     -0.03393956	     -0.02778961	     16.03526216	      6.98603665	     -0.48554944	     17.86240377	      7.66297255	     -0.02368365	     20.22137900	      8.58068840	      0.53680964	      4.06799441	     -1.84956870	     -0.13742030	      1.22255085	      6.30662803	     -0.87510652	     10.36931004	    -14.22539653	     -4.01578892	      2.82139275	     -3.33585113	     -0.03487487	     -0.17964794	      0.19285251	     -0.49876596	     -1.29801283	     -0.21900705
      3.36642400	      2.68288439	    -23.37307118	     -4.70045260	     -5.29837373	    556.78409028	    -11.13124053	      0.53129700	     -1.30386126	     -0.04761606	     -0.53621295	     -1.48543075	      0.13730102	      0.53683019	     -0.03084979	      1.09026383	     -0.03089137	     17.90500014	      4.42679111	     -5.31006842	      0.00064069	      0.00006352	     -0.00002337	     -0.00024089	      0.00648141	      0.99190996	      0.93872251	     15.31656197	      4.21872515	     -5.23231041	     -0.13168119	     -0.12784369	     15.48707419	      4.24962759	     -4.95436347	     -0.03336635	     -0.02723961	     17.17825977	      4.51682851	     -4.54705670	     19.00677427	      4.97350566	     -4.09788999	     21.37073864	      5.68278219	     -3.58126129	      4.29826453	     -1.93120605	     -0.14105067	     -2.78336636	      5.58160784	     -0.43688279	     15.92547148	    -10.15076928	     -3.83694992	      3.29690013	     -3.01048883	     -0.00786093	     -0.17928855	      0.40364586	     -0.29192297	     -1.29518659	     -0.52269114
      3.38309000	      4.46120613	    -22.43972659	     -6.54665667	     10.95292712	    564.24442671	     -1.92562378	      0.38329901	     -0.67149652	      0.04390830	     -0.54297797	     -1.36078775	      0.10593073	      0.55155860	     -0.03123137	      1.07542007	     -0.03156914	     18.69926931	      1.21714741	     -8.16889190	      0.00067172	      0.00005924	     -0.00001890	     -0.00048662	      0.00658311	      0.98611248	      0.94825820	     15.84396891	      0.58117945	     -7.90451602	     -0.10829017	     -0.12523993	     15.74846672	      0.14262948	     -7.58099100	     -0.03267351	     -0.02688852	     17.22922781	     -0.00257709	     -7.21951176	     18.89175344	      0.10633207	     -6.83870182	     21.08719218	      0.45918694	     -6.43787133	      4.50807211	     -1.87173830	     -0.13504487	     -4.90283485	      4.20235927	     -0.25116259	     17.01352273	     -3.17957408	     -3.03095344	      3.30648756	     -2.00245789	      0.00672085	     -0.13848393	      0.47259439	     -0.10668811	     -1.03185489	     -0.75607036
      3.39975600	      6.63977289	    -22.35000166	     -6.19917824	     24.99629087	    570.51228564	     13.09613993	     -0.00759279	     -0.07489604	      0.14267533	     -0.59148607	     -1.40884571	      0.08084987	      0.63913387	     -0.03151570	      1.07819719	     -0.03212504	     18.49651089	     -2.26327316	     -8.55910548	      0.00069921	      0.00005403	     -0.00001247	     -0.00071299	      0.00666613	      0.98046278	      0.95839648	     15.23447186	     -3.20693594	     -8.14856865	     -0.09230551	     -0.12594923	     14.70339397	     -3.98785036	     -7.80417226	     -0.03191855	     -0.02672374	     15.79697252	     -4.43795397	     -7.50150113	     17.13393497	     -4.59154231	     -7.19827934	     18.99774659	     -4.51641856	     -6.91221816	      4.66686828	     -1.63300451	     -0.11765655	     -5.14079852	      3.01708556	     -0.20466070	     13.31134183	      3.14473342	     -2.04433351	      2.91486281	     -0.64427692	      0.01248293	     -0.07751211	      0.42986817	      0.00162587	     -0.61782157	     -0.82279646
      3.41642200	      8.41384877	    -23.23015176	     -4.22403235	     30.90592413	    575.00000395	     31.23969165	     -0.61837301	      0.33012893	      0.24595323	     -0.69316773	     -1.63679112	      0.06534762	      0.77998756	     -0.03169947	      1.10295748	     -0.03252329	     17.56851156	     -4.78388380	     -6.66426075	      0.00072040	      0.00004885	     -0.00000475	     -0.00089695	      0.00672364	      0.97683264	      0.96833498	     13.87865384	     -5.78385047	     -6.20422111	     -0.08825395	     -0.13045154	     12.87906212	     -6.62968789	     -5.86453852	     -0.03119310	     -0.02671915	     13.53807914	     -7.13938422	     -5.60043768	     14.50365104	     -7.34869093	     -5.34381831	     15.99177163	     -7.34191182	     -5.11588020	      4.78099870	     -1.21216764	     -0.08904306	     -3.93410804	      2.37452086	     -0.21063794	      6.97534997	      6.24079122	     -1.21629987	      2.24787167	      0.66542262	      0.01261083	     -0.02032223	      0.32498576	      0.01837465	     -0.20085225	     -0.70582728
      3.43308800	      9.36222801	    -24.71455931	     -1.59653489	     27.39622302	    577.37588952	     47.27586401	     -1.35782582	      0.45364527	      0.34880302	     -0.82377140	     -2.01166038	      0.05981724	      0.94135197	     -0.03178723	      1.14044270	     -0.03275203	     16.50195211	     -5.89788942	     -3.48017621	      0.00073354	      0.00004457	      0.00000356	     -0.00102187	      0.00675283	      0.97626851	      0.97728564	     12.50252776	     -6.71828889	     -3.06789050	     -0.09737640	     -0.13834168	     11.16189517	     -7.36889789	     -2.74969109	     -0.03060245	     -0.02684292	     11.49558383	     -7.71008979	     -2.49068164	     12.18312436	     -7.78379996	     -2.23660918	     13.39536316	     -7.65054048	     -1.99851632	      4.88517727	     -0.64459088	     -0.05124484	     -1.87015611	      2.17053463	     -0.22706687	      0.88783221	      5.79988957	     -0.69025566	      1.45158993	      1.62103874	      0.00915459	      0.01654266	      0.20180301	     -0.03657029	      0.10492194	     -0.46613218
      3.44975400	      9.52232222	    -26.32097305	      0.87542224	     17.36318534	    577.58661522	     56.91589515	     -2.08587052	      0.29166516	      0.44279531	     -0.93130871	     -2.46157240	      0.06158851	      1.08777886	     -0.03178198	      1.17043427	     -0.03281965	     15.67563070	     -5.86449005	     -0.11791857	      0.00073804	      0.00004183	      0.00001178	     -0.00107978	      0.00675466	      0.97874583	      0.98448065	     11.56211532	     -6.38238310	      0.18726439	     -0.11734337	     -0.14823517	     10.09560673	     -6.70586866	      0.47559242	     -0.03024062	     -0.02706553	     10.30144403	     -6.76896334	      0.75219715	     10.88304760	     -6.62011698	      1.03228995	     11.99864370	     -6.27464542	      1.32132465	      5.02622103	      0.00006830	     -0.00785034	      0.44598264	      2.08784724	     -0.23993673	     -3.09678012	      3.23786474	     -0.44538866	      0.66488007	      2.08645843	      0.00402702	      0.02861622	      0.08812516	     -0.12489514	      0.25718460	     -0.19745418
      3.46642000	      9.16816578	    -27.70975485	      2.76042520	      5.23394614	    575.76857049	     58.70628809	     -2.65230690	     -0.08222033	      0.51600158	     -0.95607058	     -2.88762240	      0.06569988	      1.19136013	     -0.03168159	      1.16933778	     -0.03274759	     15.09716932	     -5.21155079	      2.64818050	      0.00073439	      0.00004107	      0.00001924	     -0.00107172	      0.00673294	      0.98335722	      0.98923117	     11.05874924	     -5.42727404	      2.83107142	     -0.14315144	     -0.15791132	      9.67187350	     -5.43111795	      3.08415224	     -0.03016919	     -0.02736609	      9.94080170	     -5.23353029	      3.37874733	     10.58233976	     -4.88596461	      3.68600777	     11.77063723	     -4.35845629	      4.02671099	      5.24488424	      0.62872730	      0.03657289	      2.46868488	      1.85775219	     -0.24084486	     -4.65041744	      0.31684360	     -0.38070020	      0.00107365	      2.08399480	     -0.00051186	      0.02137775	     -0.00243274	     -0.20712733	      0.27745481	      0.02247979
      3.48308600	      8.56965949	    -28.72250053	      3.92659102	     -5.47489500	    572.16518323	     53.65521592	     -2.94141131	     -0.54595907	      0.55484313	     -0.85419908	     -3.18538786	      0.06641442	      1.23873608	     -0.03148122	      1.11959092	     -0.03256276	     14.57637465	     -4.37514421	      4.47090893	      0.00072394	      0.00004249	      0.00002532	     -0.00100622	      0.00669313	      0.98873383	      0.99104418	     10.74549322	     -4.36525737	      4.54561911	     -0.16872810	     -0.16475257	      9.57629488	     -4.14173033	      4.75796143	     -0.03040374	     -0.02773451	     10.03520183	     -3.77587280	      5.05318670	     10.84442731	     -3.31711734	      5.36786712	     12.21118625	     -2.70334718	      5.73270725	      5.56178951	      1.14144497	      0.07719164	      3.81553952	      1.41154621	     -0.21855180	     -4.41372722	     -1.81645109	     -0.38953680	     -0.46749628	      1.73237595	     -0.00230529	      0.00453914	     -0.06444007	     -0.25615737	      0.21734134	      0.15591539
      3.49975200	      7.88187354	    -29.31483323	      4.40554467	    -13.07410070	    567.07797202	     43.82554987	     -2.90653503	     -0.96644293	      0.54757550	     -0.61527423	     -3.27177867	      0.05901206	      1.23374012	     -0.03117885	      1.01697149	     -0.03229219	     13.95985428	     -3.57974551	      5.32174026	      0.00070851	      0.00004610	      0.00002947	     -0.00089677	      0.00664124	      0.99345271	      0.98976712	     10.40594689	     -3.44198814	      5.31357535	     -0.18861840	     -0.16644741	      9.51946672	     -3.10475383	      5.48031745	     -0.03090822	     -0.02816815	     10.22467092	     -2.67870833	      5.75313143	     11.24542152	     -2.20678711	      6.04887366	     12.82829302	     -1.61137215	      6.40203434	      5.97158185	      1.45090704	      0.10967010	      4.36476424	      0.86218026	     -0.16549099	     -3.23507907	     -2.81233542	     -0.39885383	     -0.72039677	      1.17977242	      0.00010156	     -0.01323419	     -0.09690001	     -0.26374585	      0.12667758	      0.20242281
      3.51641800	      7.15440382	    -29.50569052	      4.31263443	    -17.34227844	    560.85305355	     31.24561728	     -2.58227591	     -1.23414532	      0.48823764	     -0.26746354	     -3.10987507	      0.04128463	      1.19546247	     -0.03078038	      0.87280271	     -0.03196123	     13.23361965	     -2.88847752	      5.35373280	      0.00069007	      0.00005174	      0.00003126	     -0.00075899	      0.00658295	      0.99629896	      0.98569946	      9.98056980	     -2.70780933	      5.28772596	     -0.19925165	     -0.16177483	      9.39107100	     -2.35318133	      5.40663269	     -0.03159725	     -0.02866406	     10.34968584	     -1.95513946	      5.63817283	     11.58169902	     -1.54700261	      5.89320646	     13.37279616	     -1.04988798	      6.20509654	      6.44611449	      1.50061835	      0.13086247	      4.25302139	      0.37221288	     -0.08623102	     -1.74748635	     -2.84854076	     -0.37607755	     -0.78690352	      0.56175670	      0.00723290	     -0.02675920	     -0.10269487	     -0.23832592	      0.03815085	      0.18340868
      3.53308400	      6.38455242	    -29.37203656	      3.81052197	    -18.77430415	    553.89679032	     17.57047050	     -2.06927015	     -1.28776057	      0.37937711	      0.13124029	     -2.72326624	      0.01428540	      1.15195656	     -0.03030272	      0.71017579	     -0.03159418	     12.48246452	     -2.29461138	      4.79954328	      0.00067045	      0.00005911	      0.00003051	     -0.00060834	      0.00652314	      0.99640852	      0.97960071	      9.52627523	     -2.13245144	      4.69620863	     -0.19952792	     -0.15117004	      9.21952315	     -1.82756107	      4.76845501	     -0.03234868	     -0.02921024	     10.41190087	     -1.51572015	      4.94780559	     11.83200029	     -1.21876577	      5.14918333	     13.80149623	     -0.86655179	      5.40165809	      6.94371788	      1.27728761	      0.13931318	      3.75438454	      0.03633276	      0.00340643	     -0.31053874	     -2.30264194	     -0.31807853	     -0.72714560	     -0.01306639	      0.01868029	     -0.03404353	     -0.08846519	     -0.19631073	     -0.03272817	      0.12689997
      3.54975000	      5.55500941	    -29.04518478	      3.07976034	    -18.04511124	    546.68199577	      4.16466592	     -1.49668686	     -1.12484087	      0.23232294	      0.51246042	     -2.19381144	     -0.01786460	      1.13083634	     -0.02977451	      0.55572778	     -0.03121524	     11.80114250	     -1.77879062	      3.90528319	      0.00065122	      0.00006773	      0.00002738	     -0.00045869	      0.00646554	      0.99337751	      0.97255766	      9.11828355	     -1.67487692	      3.78036706	     -0.19070417	     -0.13679525	      9.06260272	     -1.46040755	      3.80983788	     -0.03302707	     -0.02978054	     10.45450202	     -1.26642443	      3.93325212	     12.02855134	     -1.10244243	      4.07604709	     14.13786792	     -0.91317361	      4.26135381	      7.41981225	      0.81413746	      0.13546738	      3.12941304	     -0.14351487	      0.08528974	      0.88940101	     -1.53505715	     -0.23631800	     -0.60578569	     -0.46544681	      0.03313065	     -0.03493435	     -0.06297694	     -0.15273228	     -0.08103884	      0.05792510
      3.56641600	      4.64671173	    -28.67049247	      2.28763439	    -15.79608340	    539.70673295	     -7.83234286	     -0.97733885	     -0.79712147	      0.06503522	      0.82032396	     -1.64189105	     -0.04905577	      1.14971255	     -0.02923446	      0.43044800	     -0.03084835	     11.24216359	     -1.32513408	      2.88949421	      0.00063361	      0.00007696	      0.00002231	     -0.00032176	      0.00641276	      0.98735822	      0.96573754	      8.79198695	     -1.30261969	      2.75503325	     -0.17575378	     -0.12201557	      8.94172193	     -1.19931526	      2.74716136	     -0.03351297	     -0.03033535	     10.48893872	     -1.13521167	      2.81577731	     12.17661047	     -1.10766086	      2.90056387	     14.38338872	     -1.07935814	      3.01815744	      7.83546928	      0.18415573	      0.12153265	      2.53847922	     -0.21643958	      0.14722971	      1.75410008	     -0.78983032	     -0.14600659	     -0.47258999	     -0.75008706	      0.04848683	     -0.03018174	     -0.03474768	     -0.11610191	     -0.10682162	     -0.00586365
      3.58308200	      3.64565979	    -28.34507540	      1.56157408	    -12.60428820	    533.41227609	    -17.58651800	     -0.57416134	     -0.39247152	     -0.10138981	      1.02843810	     -1.19416772	     -0.07285712	      1.21028802	     -0.02872704	      0.34356321	     -0.03051528	     10.81722726	     -0.91834511	      1.91921831	      0.00061856	      0.00008606	      0.00001606	     -0.00020694	      0.00636634	      0.97907303	      0.96010616	      8.54487584	     -0.98795540	      1.78457367	     -0.15846983	     -0.11042294	      8.84343748	     -1.00217486	      1.74549121	     -0.03372763	     -0.03082834	     10.49521427	     -1.06644014	      1.76341128	     12.25303585	     -1.16710774	      1.79405521	     14.51383274	     -1.28572352	      1.84770657	      8.16276821	     -0.51551155	      0.10098391	      2.03660822	     -0.23845736	      0.18517410	      2.25078712	     -0.18267367	     -0.06061441	     -0.35655767	     -0.86172426	      0.06216381	     -0.02119930	     -0.01047322	     -0.08822466	     -0.11284569	     -0.05494986
      3.59974800	      2.55460269	    -28.07903283	      0.97620345	     -8.99343046	    528.10322248	    -24.66308359	     -0.29116523	     -0.00859228	     -0.24641352	      1.14337249	     -0.94872204	     -0.08429127	      1.29875010	     -0.02829535	      0.29217238	     -0.03023221	     10.52226248	     -0.53943549	      1.10150226	      0.00060670	      0.00009425	      0.00000948	     -0.00012101	      0.00632689	      0.96967040	      0.95620607	      8.36443393	     -0.70191574	      0.97385520	     -0.14254914	     -0.10474917	      8.74973565	     -0.82927430	      0.90991320	     -0.03364534	     -0.03121714	     10.45354240	     -1.01125486	      0.88305390	     12.23863618	     -1.22521281	      0.86533194	     14.51213072	     -1.47065336	      0.86124428	      8.38681517	     -1.18489477	      0.07778104	      1.61341138	     -0.25536840	      0.20045506	      2.41161079	      0.25702496	      0.01013056	     -0.27010381	     -0.83223251	      0.07154309	     -0.00996440	      0.00540670	     -0.06682801	     -0.10411586	     -0.08631106
      3.61641400	      1.40397858	    -27.80825931	      0.55861336	     -5.41870254	    523.91207177	    -29.00579352	     -0.09009624	      0.27434282	     -0.35335105	      1.19309015	     -0.94907045	     -0.08117931	      1.39236866	     -0.02797283	      0.26642512	     -0.03000603	     10.35630690	     -0.16738787	      0.48977541	      0.00059834	      0.00010088	      0.00000340	     -0.00006797	      0.00629415	      0.96042505	      0.95406873	      8.24818971	     -0.41499792	      0.37412596	     -0.13080748	     -0.10606415	      8.65893213	     -0.64273114	      0.29152883	     -0.03329169	     -0.03147423	     10.36544530	     -0.92562994	      0.22691840	     12.13918862	     -1.23448796	      0.16770704	     14.38929750	     -1.58450675	      0.11343467	      8.50470270	     -1.74273977	      0.05549014	      1.23974180	     -0.30299594	      0.19603175	      2.31488441	      0.53372993	      0.06066511	     -0.21605282	     -0.71488613	      0.07455077	      0.00135457	      0.01064872	     -0.04860868	     -0.08699166	     -0.10079465
      3.63308000	      0.25244213	    -27.44764438	      0.30385151	     -2.23052605	    520.82209105	    -30.81085498	      0.07786990	      0.41434286	     -0.41194164	      1.20667737	     -1.17565316	     -0.06461501	      1.46935325	     -0.02777666	      0.25709748	     -0.02983272	     10.32631538	      0.21371888	      0.09744970	      0.00059348	      0.00010544	     -0.00000153	     -0.00004899	      0.00626708	      0.95238295	      0.95328190	      8.20741347	     -0.10433307	     -0.00355407	     -0.12464496	     -0.11353617	      8.58807660	     -0.41334258	     -0.09915921	     -0.03273046	     -0.03159376	     10.25471607	     -0.77647219	     -0.19400231	     11.98511846	     -1.16039187	     -0.28734277	     14.18289977	     -1.59277820	     -0.38360570	      8.52244105	     -2.14129314	      0.03659770	      0.89917457	     -0.40642741	      0.17457564	      2.05234671	      0.65740974	      0.08940557	     -0.19225778	     -0.56412001	      0.07026479	      0.01090107	      0.00521740	     -0.03128290	     -0.06763105	     -0.10102948
      3.64974600	     -0.82518295	    -26.94943708	      0.18742718	      0.34461135	    518.73138487	    -30.37886833	      0.24221959	      0.41534506	     -0.41966666	      1.19648599	     -1.55677952	     -0.03839373	      1.51752043	     -0.02770562	      0.26129209	     -0.02969907	     10.44264528	      0.60747966	     -0.09078849	      0.00059188	      0.00010768	     -0.00000490	     -0.00006267	      0.00624433	      0.94610565	      0.95317303	      8.26049237	      0.23875238	     -0.17695387	     -0.12388933	     -0.12480225	      8.56425316	     -0.12815535	     -0.28091877	     -0.03204417	     -0.03159164	     10.15683911	     -0.54872074	     -0.39862673	     11.81939121	     -0.98756673	     -0.51881451	     13.94353603	     -1.48111064	     -0.64879349	      8.45153419	     -2.36969108	      0.02224311	      0.59599329	     -0.57248724	      0.13874723	      1.70511082	      0.64203068	      0.09820720	     -0.19247741	     -0.42117821	      0.05930246	      0.01745552	     -0.00862005	     -0.01425749	     -0.05064458	     -0.09043599
      3.66641200	     -1.75547955	    -26.33566003	      0.17032788	      2.19201390	    517.52729058	    -28.01095483	      0.39887628	      0.31983760	     -0.38127911	      1.15166814	     -1.99386983	     -0.00761536	      1.53808876	     -0.02774339	      0.28351959	     -0.02958799	     10.71036091	      1.00214089	     -0.11258708	      0.00059315	      0.00010758	     -0.00000655	     -0.00010555	      0.00622492	      0.94163566	      0.95303820	      8.42215186	      0.60564364	     -0.18611044	     -0.12709474	     -0.13677275	      8.61190545	      0.20661447	     -0.29513371	     -0.03131493	     -0.03149882	     10.10475503	     -0.24776728	     -0.42904081	     11.68206078	     -0.72161576	     -0.56932196	     13.71828377	     -1.25622899	     -0.72506810	      8.30662934	     -2.44695836	      0.01237546	      0.34253833	     -0.78383342	      0.09226961	      1.33576903	      0.51288049	      0.09141785	     -0.20529004	     -0.30924747	      0.04368860	      0.02049689	     -0.02648444	      0.00177894	     -0.03855130	     -0.07286502
      3.68307800	     -2.48039230	    -25.69297122	      0.20152440	      3.28541272	    517.14311875	    -23.97611553	      0.51577578	      0.18963033	     -0.30665094	      1.04505879	     -2.39148245	      0.02295888	      1.54345964	     -0.02786539	      0.33231325	     -0.02948522	     11.12085049	      1.37206846	     -0.02302717	      0.00059686	      0.00010541	     -0.00000657	     -0.00017260	      0.00620888	      0.93869229	      0.95235250	      8.69352707	      0.97189681	     -0.08813438	     -0.13221297	     -0.14656517	      8.74158086	      0.56713743	     -0.20036956	     -0.03061151	     -0.03135137	     10.11659404	      0.10232841	     -0.34486024	     11.59722879	     -0.38714289	     -0.49928468	     13.53696083	     -0.94376451	     -0.67343540	      8.10462654	     -2.41000040	      0.00615320	      0.13940777	     -1.00558922	      0.04023128	      0.98960119	      0.30827999	      0.07459560	     -0.21421705	     -0.23574293	      0.02613338	      0.02009884	     -0.04271450	      0.01575329	     -0.03198164	     -0.05226911
      3.69974400	     -2.96464499	    -25.13709883	      0.22425042	      3.67044973	    517.57910460	    -18.54531653	      0.55227736	      0.08291299	     -0.20793671	      0.84863760	     -2.68245833	      0.05013309	      1.55058716	     -0.02804652	      0.41469974	     -0.02938501	     11.64893059	      1.68258892	      0.11298653	      0.00060263	      0.00010166	     -0.00000524	     -0.00025775	      0.00619762	      0.93698237	      0.95091954	      9.05862249	      1.30182638	      0.05078721	     -0.13736558	     -0.15226374	      8.94594716	      0.91624391	     -0.06407401	     -0.02998601	     -0.03118221	     10.19146695	      0.46275908	     -0.21471777	     11.56870710	     -0.02431456	     -0.37827081	     13.40770330	     -0.58538997	     -0.56425424	      7.86458145	     -2.30154885	      0.00239630	     -0.03369016	     -1.20465657	     -0.01188783	      0.69732060	      0.07329839	      0.05320820	     -0.20136739	     -0.19771446	      0.00903446	      0.01676742	     -0.05185077	      0.02701588	     -0.03028031	     -0.03223204
      3.71641000	     -3.20020582	    -24.76587562	      0.18739975	      3.44977912	    518.88266365	    -12.05953818	      0.48140791	      0.03666218	     -0.09729509	      0.54957203	     -2.84154021	      0.07270669	      1.57313078	     -0.02826667	      0.53135631	     -0.02929234	     12.25772731	      1.89832907	      0.23236040	      0.00061011	      0.00009705	     -0.00000304	     -0.00035425	      0.00619366	      0.93646206	      0.94893253	      9.48957430	      1.55655955	      0.16729516	     -0.14139453	     -0.15330515	      9.20561642	      1.21105816	      0.04954264	     -0.02947905	     -0.03101737	     10.31598161	      0.78703031	     -0.10399857	     11.58721168	      0.31748639	     -0.27265225	     13.32488123	     -0.23332621	     -0.46489253	      7.60734317	     -2.16047092	     -0.00002240	     -0.20713136	     -1.36829820	     -0.05972950	      0.47687741	     -0.14991396	      0.03168089	     -0.15419633	     -0.18723244	     -0.00626192	      0.01127235	     -0.05034702	      0.03569608	     -0.03217086	     -0.01550145
      3.73307600	     -3.21035069	    -24.62300231	      0.05752981	      2.75769408	    521.09853870	     -4.98189818	      0.30497533	      0.05948514	      0.01423963	      0.15978853	     -2.88502284	      0.09113807	      1.61560009	     -0.02851246	      0.67442814	     -0.02922137	     12.90746268	      1.99482973	      0.28642009	      0.00061897	      0.00009239	     -0.00000054	     -0.00045514	      0.00619990	      0.93743559	      0.94693249	      9.95640376	      1.70586281	      0.21340041	     -0.14401539	     -0.15042906	      9.49998188	      1.41498770	      0.09207790	     -0.02912923	     -0.03087697	     10.47626612	      1.03292888	     -0.06219197	     11.64353338	      0.59146484	     -0.23290211	     13.28346939	      0.06121153	     -0.42696880	      7.35423796	     -2.01563057	     -0.00191598	     -0.39856154	     -1.50657093	     -0.10093993	      0.33506540	     -0.33002558	      0.01297208	     -0.07204509	     -0.19526129	     -0.01955568	      0.00449473	     -0.03781433	      0.04255269	     -0.03627049	     -0.00371438
      3.74974200	     -3.05057810	    -24.68661445	     -0.17464140	      1.72578085	    524.21067854	      2.10731470	      0.05649730	      0.13507244	      0.11698310	     -0.28383948	     -2.85832176	      0.10673836	      1.67149952	     -0.02877551	      0.82846847	     -0.02919083	     13.56165695	      1.96974282	      0.24929649	      0.00062884	      0.00008855	      0.00000162	     -0.00055358	      0.00621856	      0.94046099	      0.94567383	     10.43379322	      1.74032755	      0.16445948	     -0.14560182	     -0.14526661	      9.81454826	      1.51100492	      0.03878470	     -0.02897949	     -0.03077846	     10.66598641	      1.17674807	     -0.11497674	     11.73729427	      0.76842420	     -0.28558995	     13.28857966	      0.26381048	     -0.47816234	      7.12485952	     -1.88330709	     -0.00366605	     -0.59692922	     -1.63644584	     -0.13484494	      0.26990763	     -0.45009277	     -0.00137959	      0.03165411	     -0.21387131	     -0.03127827	     -0.00269023	     -0.01721831	      0.04852212	     -0.04138921	      0.00260551
      3.76640800	     -2.80154424	    -24.88245781	     -0.49578188	      0.45497019	    528.09846252	      8.58212813	     -0.20758448	      0.23315139	      0.20257392	     -0.72730162	     -2.81696873	      0.12075798	      1.72576752	     -0.02904868	      0.97369150	     -0.02921802	     14.18806793	      1.84730654	      0.11900389	      0.00063924	      0.00008627	      0.00000286	     -0.00064329	      0.00625030	      0.94610206	      0.94592850	     10.90135757	      1.67734888	      0.01972830	     -0.14677084	     -0.13974270	     10.14036943	      1.50930822	     -0.11102543	     -0.02907382	     -0.03073938	     10.88514447	      1.22250636	     -0.26371278	     11.87531365	      0.84736674	     -0.43272642	     13.35339964	      0.36887121	     -0.62128716	      6.93456035	     -1.76675921	     -0.00519782	     -0.76606345	     -1.76135589	     -0.16133015	      0.27366533	     -0.50702002	     -0.01091111	      0.13332573	     -0.23725069	     -0.04177777	     -0.00948849	      0.00608499	      0.05425406	     -0.04665250	      0.00383130
      3.78307400	     -2.55183025	    -25.11130869	     -0.87727833	     -0.99039143	    532.52106966	     13.88315353	     -0.42409231	      0.32243507	      0.26417909	     -1.11188175	     -2.80779944	      0.13369127	      1.76022587	     -0.02932262	      1.09029181	     -0.02931324	     14.75692884	      1.67220812	     -0.08764165	      0.00064959	      0.00008610	      0.00000270	     -0.00071903	      0.00629376	      0.95461914	      0.94826851	     11.34003843	      1.55639093	     -0.20305005	     -0.14798960	     -0.13549656	     10.46837375	      1.44409017	     -0.33944267	     -0.02944269	     -0.03077674	     11.13256852	      1.20009056	     -0.49077117	     12.06257929	      0.85484394	     -0.65694032	     13.48862660	      0.40013868	     -0.83925413	      6.79236524	     -1.65681872	     -0.00599890	     -0.86393819	     -1.86283017	     -0.17987645	      0.33547137	     -0.50857796	     -0.01579897	      0.20753459	     -0.26195561	     -0.05086420	     -0.01523093	      0.02606885	      0.05984710	     -0.05151336	      0.00092112
      3.79974000	     -2.37473839	    -25.27812166	     -1.28376466	     -2.56544323	    537.13172157	     17.62535632	     -0.54066562	      0.38004930	      0.29694933	     -1.38744226	     -2.85586888	      0.14503889	      1.75978715	     -0.02958389	      1.16267492	     -0.02947565	     15.24055465	      1.49519639	     -0.34225923	      0.00065924	      0.00008831	      0.00000083	     -0.00077693	      0.00634550	      0.96571615	      0.95287447	     11.72965658	      1.42535533	     -0.47487984	     -0.14936423	     -0.13348323	     10.78470199	      1.36061583	     -0.61713242	     -0.03008287	     -0.03090213	     11.39923500	      1.15292245	     -0.76663116	     12.29383881	      0.83309965	     -0.92851547	     13.69230738	      0.39922337	     -1.10208810	      6.70000620	     -1.53378767	     -0.00518727	     -0.86301877	     -1.90930990	     -0.18942886	      0.44271939	     -0.46961277	     -0.01652075	      0.23554059	     -0.28659359	     -0.05781530	     -0.01940035	      0.03782657	      0.06484525	     -0.05569211	     -0.00486929
      3.81640600	     -2.30940629	    -25.31391731	     -1.67914142	     -4.22026141	    541.51518914	     19.66126244	     -0.52905934	      0.39535108	      0.29849668	     -1.52287475	     -2.96017518	      0.15357572	      1.71719770	     -0.02981502	      1.18258994	     -0.02969193	     15.61592777	      1.35760911	     -0.61076102	      0.00066755	      0.00009281	     -0.00000280	     -0.00081486	      0.00640047	      0.97843299	      0.95942376	     12.05027033	      1.32505880	     -0.76114929	     -0.15063891	     -0.13384403	     11.07082684	      1.29950839	     -0.90890942	     -0.03094191	     -0.03111427	     11.66723807	      1.12198299	     -1.05551500	     12.55154260	      0.82381551	     -1.21112658	     13.94674604	      0.40895309	     -1.37287104	      6.65261176	     -1.37145236	     -0.00166599	     -0.75999136	     -1.87364633	     -0.18904452	      0.58109170	     -0.40845460	     -0.01369744	      0.21050815	     -0.31103960	     -0.06172436	     -0.02165221	      0.03881130	      0.06843221	     -0.05906298	     -0.01218381
      3.83307200	     -2.35497425	    -25.18724387	     -2.02916472	     -5.88516711	    545.23968120	     20.08247470	     -0.39088409	      0.36928311	      0.26925418	     -1.51107513	     -3.09804516	      0.15793672	      1.63500827	     -0.02999629	      1.15045641	     -0.02993800	     15.86843674	      1.28159654	     -0.85698451	      0.00067393	      0.00009915	     -0.00000795	     -0.00083249	      0.00645258	      0.99121878	      0.96709566	     12.28592822	      1.27882544	     -1.02503673	     -0.15134152	     -0.13604032	     11.30747224	      1.28556602	     -1.17717596	     -0.03191589	     -0.03139214	     11.91383075	      1.13386487	     -1.31902651	     12.80993061	      0.85547042	     -1.46571349	     14.22264751	      0.45997174	     -1.61195369	      6.64113316	     -1.14332050	      0.00562277	     -0.57349376	     -1.74672073	     -0.17872053	      0.73384925	     -0.34400609	     -0.00806487	      0.13807999	     -0.33538245	     -0.06191738	     -0.02183314	      0.02921892	      0.06971411	     -0.06151998	     -0.01966815
      3.84973800	     -2.47792053	    -24.90618340	     -2.30204641	     -7.47034570	    547.91477828	     19.16563149	     -0.15515766	      0.31079236	      0.21262690	     -1.36785573	     -3.23497643	      0.15723621	      1.52455192	     -0.03010858	      1.07471735	     -0.03018329	     15.99370908	      1.26849376	     -1.04533907	      0.00067795	      0.00010653	     -0.00001412	     -0.00083098	      0.00649560	      1.00218810	      0.97469678	     12.42754587	      1.28999525	     -1.23004778	     -0.15099746	     -0.13915446	     11.47881206	      1.32431711	     -1.38458385	     -0.03286408	     -0.03169266	     12.11679390	      1.19644913	     -1.51907413	     13.04134495	      0.93825692	     -1.65367952	     14.48640874	      0.56489311	     -1.78048447	      6.65597885	     -0.83027751	      0.01738062	     -0.33561714	     -1.54041527	     -0.15980102	      0.88146034	     -0.29357610	     -0.00049186	      0.03332393	     -0.35893977	     -0.05821657	     -0.01999379	      0.01157351	      0.06799401	     -0.06287921	     -0.02601870
      3.86640400	     -2.62601311	    -24.51265747	     -2.46896352	     -8.87239377	    549.24712551	     17.28299486	      0.13104611	      0.23126592	      0.13476866	     -1.12606281	     -3.33565394	      0.15147392	      1.40250112	     -0.03013693	      0.96955880	     -0.03039637	     15.99616736	      1.30349169	     -1.14384646	      0.00067930	      0.00011388	     -0.00002057	     -0.00081253	      0.00652397	      1.00953077	      0.98087909	     12.47304459	      1.34573874	     -1.34305852	     -0.14934168	     -0.14222218	     11.57452855	      1.40494453	     -1.49723249	     -0.03363902	     -0.03195522	     12.25820951	      1.30103781	     -1.62130406	     13.22142732	      1.06554404	     -1.74055513	     14.70679743	      0.71913316	     -1.84431237	      6.69073945	     -0.42825497	      0.03364097	     -0.08298481	     -1.28133577	     -0.13477056	      1.00261765	     -0.27128048	      0.00798653	     -0.08398873	     -0.37972426	     -0.05098731	     -0.01638951	     -0.01018790	      0.06297943	     -0.06287439	     -0.03003503
      3.88307000	     -2.74253081	    -24.07064809	     -2.50542857	     -9.97960576	    549.08529486	     14.80437182	      0.41597995	      0.13853672	      0.04387624	     -0.82703778	     -3.37293032	      0.14157663	      1.28617015	     -0.03007399	      0.85164289	     -0.03055096	     15.88545239	      1.36301841	     -1.12792170	      0.00067788	      0.00012003	     -0.00002646	     -0.00077976	      0.00653367	      1.01197846	      0.98440297	     12.42539345	      1.42366808	     -1.33815918	     -0.14646301	     -0.14448847	     11.58979269	      1.50613098	     -1.48864406	     -0.03412381	     -0.03211250	     12.32618026	      1.42753321	     -1.59923601	     13.33230607	      1.21850076	     -1.70027480	     14.85968030	      0.90503621	     -1.77838036	      6.74452494	      0.04614546	      0.05354117	      0.15041652	     -1.00098263	     -0.10666543	      1.07701490	     -0.28692263	      0.01614443	     -0.19417737	     -0.39462091	     -0.04104008	     -0.01146782	     -0.03179161	      0.05489761	     -0.06126112	     -0.03070941
      3.89973600	     -2.77815045	    -23.65120709	     -2.39349509	    -10.67515782	    547.44622394	     12.01836003	      0.65636260	      0.03304194	     -0.05084723	     -0.51175357	     -3.33323023	      0.12909948	      1.18914470	     -0.02992224	      0.73666625	     -0.03063112	     15.67295907	      1.42187997	     -0.98422210	      0.00067375	      0.00012387	     -0.00003094	     -0.00073517	      0.00652284	      1.00916577	      0.98438880	     12.29038738	      1.49833900	     -1.20059686	     -0.14283455	     -0.14553833	     11.52451247	      1.60196012	     -1.34378984	     -0.03426304	     -0.03210466	     12.31540966	      1.54983307	     -1.43835172	     13.36432359	      1.37108374	     -1.51928760	     14.93097404	      1.09652717	     -1.57080305	      6.82161686	      0.55451002	      0.07525927	      0.33900872	     -0.72748512	     -0.07846529	      1.08927468	     -0.34542970	      0.02260409	     -0.28169056	     -0.40026470	     -0.02948861	     -0.00584407	     -0.04961205	      0.04449908	     -0.05798497	     -0.02734951
      3.91640200	     -2.70023931	    -23.31845352	     -2.12429436	    -10.84471002	    544.51799308	      9.09518328	      0.82591952	     -0.09175667	     -0.14023191	     -0.21369615	     -3.21812787	      0.11577978	      1.11869502	     -0.02969432	      0.63655820	     -0.03063474	     15.37007121	      1.45865669	     -0.71333486	      0.00066715	      0.00012449	     -0.00003328	     -0.00068089	      0.00649219	      1.00173470	      0.98050133	     12.07544614	      1.54632461	     -0.92960156	     -0.13922036	     -0.14530543	     11.38278325	      1.66674105	     -1.06194683	     -0.03407498	     -0.03189259	     12.22727472	      1.64046480	     -1.13889207	     13.31667833	      1.49453413	     -1.19923026	     14.91792015	      1.26354071	     -1.22532252	      6.92806038	      1.04186101	      0.09619281	      0.47015251	     -0.48111579	     -0.05268947	      1.03274704	     -0.44683591	      0.02598368	     -0.33793545	     -0.39429964	     -0.01761743	     -0.00025842	     -0.06139812	      0.03292488	     -0.05332421	     -0.01970757
      3.93306800	     -2.49928717	    -23.11985999	     -1.70010656	    -10.39521148	    540.63657957	      6.09878947	      0.91702663	     -0.24471468	     -0.21599829	      0.04529104	     -3.04274048	      0.10314103	      1.07560898	     -0.02941124	      0.55788097	     -0.03057411	     14.98837219	      1.45887459	     -0.33004204	      0.00065855	      0.00012136	     -0.00003301	     -0.00061865	      0.00644504	      0.99113251	      0.97302513	     11.78959380	      1.54963588	     -0.53886063	     -0.13648295	     -0.14399375	     11.17256381	      1.67877282	     -0.65715517	     -0.03364047	     -0.03146711	     12.06929302	      1.67466371	     -0.71613045	     13.19676912	      1.56172079	     -0.75693278	     14.82833345	      1.37666375	     -0.76091711	      7.06630806	      1.44842777	      0.11341335	      0.54622228	     -0.27331481	     -0.03122900	      0.91175859	     -0.58657578	      0.02513995	     -0.36240032	     -0.37648308	     -0.00675651	      0.00450252	     -0.06660295	      0.02144574	     -0.04791755	     -0.00808075
      3.94973400	     -2.19138603	    -23.08173623	     -1.13513089	     -9.28392703	    536.23846220	      3.03712318	      0.93623887	     -0.43035322	     -0.27149622	      0.25594647	     -2.83195441	      0.09224777	      1.05605056	     -0.02909919	      0.50162825	     -0.03047338	     14.54125473	      1.41593337	      0.13940282	      0.00064856	      0.00011440	     -0.00003000	     -0.00055013	      0.00638699	      0.97918345	      0.96281422	     11.44420689	      1.49752072	     -0.05405952	     -0.13534246	     -0.14195719	     10.90533597	      1.62310251	     -0.15570941	     -0.03307437	     -0.03085197	     11.85386162	      1.63394800	     -0.19759976	     13.01818902	      1.55136361	     -0.22130109	     14.67781546	      1.41198454	     -0.20820041	      7.23034806	      1.72516778	      0.12431840	      0.58277988	     -0.10789093	     -0.01531665	      0.74124433	     -0.75580422	      0.01943448	     -0.36169610	     -0.34909714	      0.00186632	      0.00772642	     -0.06623292	      0.01115339	     -0.04263488	      0.00665725
      3.96640000	     -1.81533671	    -23.20905659	     -0.45470027	     -7.54720600	    531.79692799	     -0.07371657	      0.89674725	     -0.64339635	     -0.30236258	      0.41958447	     -2.61528931	      0.08366947	      1.05438841	     -0.02878545	      0.46433518	     -0.03036322	     14.04613909	      1.33015077	      0.66216528	      0.00063798	      0.00010396	     -0.00002443	     -0.00047732	      0.00632511	      0.96760306	      0.95112642	     11.05415042	      1.38674409	      0.49176841	     -0.13616540	     -0.13957729	     10.59581672	      1.49307985	      0.40856065	     -0.03249146	     -0.03010009	     11.59668999	      1.50872285	      0.38188556	     12.79805739	      1.45144028	      0.37196680	     14.48587534	      1.35521996	      0.39627056	      7.40388427	      1.84752497	      0.12727363	      0.60293891	      0.01691362	     -0.00550109	      0.54354678	     -0.94171093	      0.00893115	     -0.34678123	     -0.31641258	      0.00731066	      0.00891750	     -0.06228301	      0.00272878	     -0.03832933	      0.02312744
      3.98306600	     -1.42417180	    -23.48825519	      0.30660237	     -5.31445087	    527.75505684	     -3.15821230	      0.81139317	     -0.86694993	     -0.30690966	      0.54384127	     -2.42106613	      0.07766109	      1.06578551	     -0.02849490	      0.44016102	     -0.03027401	     13.52639019	      1.20677633	      1.20389359	      0.00062771	      0.00009081	     -0.00001681	     -0.00040292	      0.00626684	      0.95763193	      0.93938105	     10.63890088	      1.22077836	      1.06319523	     -0.13886392	     -0.13716926	     10.26190703	      1.29067583	      0.99932621	     -0.03197918	     -0.02928407	     11.31560366	      1.29947547	      0.98543516	     12.55477180	      1.26100516	      0.98574418	     14.27246088	      1.20402719	      1.01553574	      7.56279797	      1.82167189	      0.12200164	      0.62993032	      0.10629212	     -0.00157590	      0.34333721	     -1.12810479	     -0.00553600	     -0.32938254	     -0.28341778	      0.00911536	      0.00791947	     -0.05699391	     -0.00362600	     -0.03557570	      0.03962258
      3.99973200	     -1.07329943	    -23.89183485	      1.10738540	     -2.79691447	    524.46933308	     -6.06270894	      0.68884200	     -1.07504733	     -0.28607229	      0.63751408	     -2.27102266	      0.07438321	      1.08763516	     -0.02824751	      0.42331326	     -0.03022940	     13.01176663	      1.05406173	      1.73208365	      0.00061862	      0.00007594	     -0.00000782	     -0.00033047	      0.00621877	      0.94989772	      0.92890425	     10.22290906	      1.00861271	      1.62585478	     -0.14293920	     -0.13493275	      9.92463133	      1.02588976	      1.58131134	     -0.03158537	     -0.02848357	     11.02992886	      1.01657066	      1.57767012	     12.30679609	      0.99018715	      1.58502477	     14.05596055	      0.96805112	      1.61566125	      7.68109922	      1.68073518	      0.10957884	      0.68058352	      0.16694345	     -0.00255072	      0.16244267	     -1.29665262	     -0.02243332	     -0.31886828	     -0.25438687	      0.00742090	      0.00497779	     -0.05221503	     -0.00809904	     -0.03450698	      0.05435454
      4.01639800	     -0.80912851	    -24.38384889	      1.90223021	     -0.25114707	    522.17360312	     -8.57491991	      0.53368109	     -1.23858625	     -0.24301101	      0.70618017	     -2.17694994	      0.07390301	      1.11951205	     -0.02805756	      0.41003348	     -0.03024182	     12.53637527	      0.88213308	      2.21715819	      0.00061150	      0.00006040	      0.00000178	     -0.00026406	      0.00618551	      0.94451006	      0.92073120	      9.83427761	      0.76371737	      2.14781118	     -0.14763444	     -0.13294973	      9.60730794	      0.71562275	      2.12176354	     -0.03132236	     -0.02777342	     10.75989409	      0.67894174	      2.12610843	     12.07213089	      0.65864107	      2.13810917	     13.85258588	      0.66701293	      2.16656672	      7.73798012	      1.47308072	      0.09207243	      0.76167132	      0.20538804	     -0.00679049	      0.01623073	     -1.42900709	     -0.03972409	     -0.32044470	     -0.23187359	      0.00294958	      0.00070970	     -0.04905922	     -0.01110079	     -0.03480811	      0.06572050
      4.03306400	     -0.66159511	    -24.92516329	      2.64479886	      2.07260789	    520.96586296	    -10.47188482	      0.34968653	     -1.33255490	     -0.18258672	      0.74991292	     -2.14028375	      0.07596947	      1.16185258	     -0.02793381	      0.39953186	     -0.03031110	     12.13393604	      0.70273976	      2.63206325	      0.00060688	      0.00004522	      0.00001123	     -0.00020776	      0.00616911	      0.94130261	      0.91550681	      9.50128824	      0.50320385	      2.59956869	     -0.15212714	     -0.13121916	      9.33324103	      0.38211491	      2.59055617	     -0.03118269	     -0.02721516	     10.52518462	      0.31189564	      2.60111013	     11.86752133	      0.29283465	      2.61627687	     13.67615395	      0.32745126	      2.64123825	      7.72322256	      1.24752310	      0.07196821	      0.86965465	      0.22665479	     -0.01235167	     -0.08769730	     -1.50964792	     -0.05517737	     -0.33488555	     -0.21643321	     -0.00317086	     -0.00402754	     -0.04787371	     -0.01309924	     -0.03585646	      0.07254335
      4.04973000	     -0.64183400	    -25.47720376	      3.29111441	      3.98157690	    520.81435269	    -11.57701583	      0.14464214	     -1.34223879	     -0.11082971	      0.76370762	     -2.15421124	      0.07982473	      1.21393384	     -0.02788041	      0.39364395	     -0.03042611	     11.83136995	      0.52939402	      2.95171158	      0.00060499	      0.00003128	      0.00001985	     -0.00016483	      0.00616892	      0.94009196	      0.91347918	      9.24733258	      0.24685409	      2.95393707	     -0.15569544	     -0.12970823	      9.12201629	      0.05084428	      2.96010777	     -0.03115742	     -0.02685240	     10.34235222	     -0.05583860	      2.97561598	     11.70680679	     -0.07747682	      2.99326246	     13.53739600	     -0.02127424	      3.01478674	      7.63919166	      1.04025870	      0.05156957	      0.99316193	      0.23356189	     -0.01741999	     -0.14872541	     -1.52875321	     -0.06674447	     -0.35946110	     -0.20702325	     -0.00968161	     -0.00833732	     -0.04843008	     -0.01449811	     -0.03694643	      0.07424645
      4.06639600	     -0.74387900	    -26.00320559	      3.80263347	      5.37619113	    521.57726471	    -11.80616086	     -0.06551685	     -1.26672765	     -0.03443040	      0.74047610	     -2.20693028	      0.08426600	      1.27199159	     -0.02789780	      0.39543779	     -0.03056850	     11.64293305	      0.37714238	      3.15328690	      0.00060571	      0.00001923	      0.00002713	     -0.00013715	      0.00618202	      0.94083154	      0.91455293	      9.08598073	      0.01564803	      3.18663732	     -0.15781545	     -0.12839668	      8.98561999	     -0.25209285	      3.20597679	     -0.03124778	     -0.02670926	     10.22185613	     -0.39549687	      3.22558007	     11.59880559	     -0.42305005	      3.24550072	     13.44279056	     -0.35099244	      3.26442513	      7.49927284	      0.86706032	      0.03253739	      1.11690340	      0.22667294	     -0.02069358	     -0.17120138	     -1.48421569	     -0.07292038	     -0.38947604	     -0.20177832	     -0.01546314	     -0.01148375	     -0.05019420	     -0.01555689	     -0.03750975	      0.07093012
      4.08306200	     -0.94860386	    -26.46723614	      4.14900348	      6.25962136	    523.03109316	    -11.18758938	     -0.25560445	     -1.11880233	      0.03980944	      0.67546266	     -2.28477568	      0.08794908	      1.32841475	     -0.02798324	      0.40740249	     -0.03071717	     11.56755862	      0.26134734	      3.21800386	      0.00060862	      0.00000957	      0.00003270	     -0.00012499	      0.00620403	      0.94359608	      0.91837027	      9.01843458	     -0.17037234	      3.27815039	     -0.15817937	     -0.12730124	      8.92620052	     -0.50286560	      3.30863998	     -0.03146460	     -0.02679095	     10.16617281	     -0.68156187	      3.33165163	     11.54582248	     -0.71851819	      3.35374440	     13.39363249	     -0.63793273	      3.37103520	      7.32392222	      0.72314536	      0.01571087	      1.22562065	      0.20468417	     -0.02157773	     -0.16222298	     -1.38216177	     -0.07299515	     -0.41981819	     -0.19876663	     -0.01971693	     -0.01302556	     -0.05255939	     -0.01633906	     -0.03725216	      0.06333350
      4.09972800	     -1.22890633	    -26.83276097	      4.31057296	      6.71939971	    524.90381694	     -9.84920271	     -0.39435063	     -0.92118752	      0.10563678	      0.57008402	     -2.37462098	      0.08976031	      1.37260873	     -0.02813083	      0.42998425	     -0.03085221	     11.59088311	      0.19549425	      3.13410389	      0.00061313	      0.00000257	      0.00003634	     -0.00012716	      0.00623002	      0.94841716	      0.92439717	      9.03471991	     -0.29464869	      3.21659502	     -0.15665670	     -0.12648195	      8.93667953	     -0.68262128	      3.25628209	     -0.03181621	     -0.02708576	     10.17003075	     -0.89441387	      3.28196440	     11.54367370	     -0.94478288	      3.30592137	     13.38603288	     -0.86465505	      3.32217981	      7.13592787	      0.59043867	      0.00123633	      1.30700632	      0.16491143	     -0.02014177	     -0.13000183	     -1.23577659	     -0.06712426	     -0.44608740	     -0.19644826	     -0.02202937	     -0.01285606	     -0.05498338	     -0.01669046	     -0.03617143	      0.05268560
      4.11639400	     -1.55511466	    -27.06302640	      4.28002717	      6.89097773	    526.90957501	     -7.97913847	     -0.45095785	     -0.70068354	      0.15800999	      0.43338151	     -2.46545907	      0.08907812	      1.39335678	     -0.02833124	      0.46103087	     -0.03095750	     11.69107982	      0.18871399	      2.89954428	      0.00061860	     -0.00000162	      0.00003793	     -0.00014153	      0.00625537	      0.95507058	      0.93199920	      9.11810000	     -0.34644439	      3.00018520	     -0.15323659	     -0.12603447	      9.00399700	     -0.77954410	      3.04718774	     -0.03229163	     -0.02756767	     10.22277607	     -1.02202859	      3.07460548	     11.58338937	     -1.09029409	      3.09975107	     13.41211326	     -1.02078697	      3.11497864	      6.95624618	      0.44781200	     -0.01113945	      1.35314378	      0.10388282	     -0.01688913	     -0.08292564	     -1.06270494	     -0.05621631	     -0.46514615	     -0.19380111	     -0.02232993	     -0.01115770	     -0.05703461	     -0.01626859	     -0.03447875	      0.04047307
      4.13306000	     -1.89918460	    -27.12437130	      4.06210999	      6.91851402	    528.78170898	     -5.77845232	     -0.40249717	     -0.48256991	      0.19356340	      0.28059051	     -2.54917015	      0.08584577	      1.38173122	     -0.02857174	      0.49628113	     -0.03102189	     11.84583325	      0.24388908	      2.52252188	      0.00062443	     -0.00000300	      0.00003747	     -0.00016560	      0.00627629	      0.96294810	      0.94050260	      9.25070809	     -0.32236394	      2.63752031	     -0.14798666	     -0.12606850	      9.11359021	     -0.78994248	      2.69000208	     -0.03284925	     -0.02819920	     10.31195711	     -1.06067247	      2.71797763	     11.65407304	     -1.15140544	      2.74325565	     13.46222309	     -1.10300976	      2.75685708	      6.80132352	      0.27854680	     -0.02182110	      1.36062226	      0.01829419	     -0.01244896	     -0.02890350	     -0.88171832	     -0.04170271	     -0.47517852	     -0.19027777	     -0.02077795	     -0.00830394	     -0.05839237	     -0.01463735	     -0.03248218	      0.02817642
      4.14972600	     -2.23740246	    -26.99143961	      3.67124425	      6.92440370	    530.30147987	     -3.42647362	     -0.23927784	     -0.28655105	      0.21085228	      0.12984862	     -2.62057073	      0.08045970	      1.33335764	     -0.02883722	      0.53056092	     -0.03103927	     12.03773528	      0.35702535	      2.01928489	      0.00063015	     -0.00000166	      0.00003504	     -0.00019690	      0.00629030	      0.97109589	      0.94924088	      9.41818949	     -0.22660576	      2.14524018	     -0.14104192	     -0.12667621	      9.25338875	     -0.71814888	      2.20138712	     -0.03341852	     -0.02893447	     10.42682985	     -1.01456081	      2.22853812	     11.74597994	     -1.13190294	      2.25259950	     13.52759340	     -1.11450998	      2.26353097	      6.68220643	      0.07241484	     -0.03126358	      1.32982748	     -0.09366585	     -0.00729980	      0.02539687	     -0.70953709	     -0.02525482	     -0.47546340	     -0.18576602	     -0.01763166	     -0.00475275	     -0.05883834	     -0.01141134	     -0.03048939	      0.01703252
      4.16639200	     -2.55235232	    -26.65239858	      3.12811659	      6.99210628	    531.32026385	     -1.06907935	      0.03351260	     -0.12408886	      0.21046417	     -0.00143544	     -2.67687144	      0.07355023	      1.24930639	     -0.02911202	      0.55913054	     -0.03100801	     12.25649615	      0.51819889	      1.41040227	      0.00063544	      0.00000218	      0.00003080	     -0.00023311	      0.00629640	      0.97840951	      0.95758600	      9.61186167	     -0.06971763	      1.54423306	     -0.13260759	     -0.12789798	      9.41597184	     -0.57505549	      1.60224713	     -0.03391471	     -0.02972201	     10.56056352	     -0.89432047	      1.62706983	     11.85273156	     -1.04153342	      1.64840463	     13.60250849	     -1.06368083	      1.65537266	      6.60508752	     -0.17606767	     -0.03996725	      1.26397379	     -0.23101700	     -0.00161815	      0.07538663	     -0.55855568	     -0.00850438	     -0.46607731	     -0.18059391	     -0.01315548	     -0.00096674	     -0.05825153	     -0.00640393	     -0.02875708	      0.00786933
      4.18305800	     -2.83408236	    -26.11319284	      2.45689990	      7.16218783	    531.77317204	      1.17317314	      0.39779559	      0.00278554	      0.19493232	     -0.09957358	     -2.71669167	      0.06579090	      1.13559626	     -0.02938235	      0.57876837	     -0.03093014	     12.49758011	      0.71381782	      0.71759223	      0.00064014	      0.00000823	      0.00002498	     -0.00027193	      0.00629502	      0.98391045	      0.96496861	      9.82784163	      0.13387542	      0.85646656	     -0.12295544	     -0.12969155	      9.59820006	     -0.37552712	      0.91457272	     -0.03426093	     -0.03050762	     10.71034743	     -0.71443455	      0.93553219	     11.97179995	     -0.89361701	      0.95259945	     13.68509594	     -0.96202540	      0.95424500	      6.57252247	     -0.46988785	     -0.04846161	      1.16832890	     -0.38922401	      0.00468129	      0.11911095	     -0.43583443	      0.00715023	     -0.44769391	     -0.17550436	     -0.00759815	      0.00262915	     -0.05660475	      0.00027515	     -0.02747924	      0.00104183
      4.19972400	     -3.07956012	    -25.40030970	      1.68443422	      7.43905576	    531.68201172	      3.18776855	      0.82685265	      0.10027153	      0.16829370	     -0.15644988	     -2.73904637	      0.05780736	      1.00172788	     -0.02963819	      0.58838043	     -0.03081079	     12.75809076	      0.92947207	     -0.03713489	      0.00064419	      0.00001613	      0.00001782	     -0.00031088	      0.00628784	      0.98700768	      0.97090073	     10.06369340	      0.36879059	      0.10415828	     -0.11241445	     -0.13191099	      9.79860259	     -0.13547974	      0.16061216	     -0.03440965	     -0.03123769	     10.87543910	     -0.49041511	      0.17620987	     12.10310838	     -0.70240572	      0.18753423	     13.77640954	     -0.82178881	      0.18256512	      6.58452710	     -0.80968162	     -0.05721045	      1.04986930	     -0.56032482	      0.01171643	      0.15717951	     -0.34329504	      0.02059493	     -0.42156492	     -0.17151540	     -0.00124075	      0.00566028	     -0.05396456	      0.00821047	     -0.02678993	     -0.00352553
      4.21639000	     -3.29029765	    -24.56090676	      0.84159029	      7.80391619	    531.14668775	      4.85575426	      1.29007677	      0.17893974	      0.13533154	     -0.16983624	     -2.74287877	      0.05013776	      0.85881830	     -0.02987382	      0.58901522	     -0.03065804	     13.03194949	      1.15252100	     -0.82967350	      0.00064758	      0.00002548	      0.00000963	     -0.00034713	      0.00627737	      0.98764980	      0.97501050	     10.31431167	      0.62116271	     -0.68838893	     -0.10137416	     -0.13430575	     10.01389946	      0.13047079	     -0.63529294	     -0.03435554	     -0.03186332	     11.05423811	     -0.23658643	     -0.62647982	     12.24657799	     -0.48102048	     -0.62225264	     13.87838645	     -0.65406743	     -0.63498899	      6.63903432	     -1.19097494	     -0.06643828	      0.91734128	     -0.73402454	      0.01933073	      0.19199510	     -0.27877021	      0.03094749	     -0.38966908	     -0.16966067	      0.00552366	      0.00780287	     -0.05050410	      0.01676285	     -0.02676365	     -0.00621326
      4.23305600	     -3.46923705	    -23.65915317	     -0.03406177	      8.22803787	    530.32697408	      6.04959578	      1.75660538	      0.24863699	      0.10081222	     -0.14208171	     -2.72727448	      0.04320190	      0.71792166	     -0.03008695	      0.58324865	     -0.03048314	     13.30692382	      1.37374151	     -1.63036313	      0.00065033	      0.00003583	      0.00000074	     -0.00037764	      0.00626648	      0.98630133	      0.97708499	     10.56926980	      0.88008395	     -1.49130759	     -0.09031202	     -0.13654706	     10.23656516	      0.41027901	     -1.44321480	     -0.03413401	     -0.03234444	     11.24202226	      0.03507099	     -1.44250247	     12.40001723	     -0.24037223	     -1.44657383	     13.99183410	     -0.46776716	     -1.46805699	      6.73159000	     -1.59943110	     -0.07592364	      0.78137217	     -0.89946788	      0.02688496	      0.22654214	     -0.23748940	      0.03748795	     -0.35488412	     -0.17070120	      0.01213931	      0.00878893	     -0.04652966	      0.02520932	     -0.02741105	     -0.00753958
      4.24972200	     -3.61800089	    -22.76845095	     -0.89585463	      8.68111342	    529.41835985	      6.64694028	      2.19706771	      0.31416232	      0.06900790	     -0.07756772	     -2.69195646	      0.03728576	      0.58890903	     -0.03027688	      0.57406606	     -0.03030075	     13.56524069	      1.58773344	     -2.40054261	      0.00065242	      0.00004672	     -0.00000853	     -0.00039939	      0.00625795	      0.98374671	      0.97710521	     10.81318502	      1.13789632	     -2.26573866	     -0.07983442	     -0.13828002	     10.45481918	      0.69470818	     -2.22419223	     -0.03380530	     -0.03265335	     11.43059772	      0.31515860	     -2.23274120	     12.55848151	      0.01111291	     -2.24612552	     14.11544897	     -0.26924099	     -2.27713487	      6.85460063	     -2.00636798	     -0.08483318	      0.65403628	     -1.04706500	      0.03327175	      0.26320432	     -0.21368695	      0.03963283	     -0.32092412	     -0.17494700	      0.01791370	      0.00842625	     -0.04249371	      0.03288845	     -0.02867901	     -0.00799560
      4.26638800	     -3.73510848	    -21.96002835	     -1.68796447	      9.13303687	    528.62450346	      6.55538638	      2.58419908	      0.37286455	      0.04348775	      0.02032571	     -2.63777034	      0.03252708	      0.47988993	     -0.03044254	      0.56356428	     -0.03012852	     13.78769446	      1.79213225	     -3.09125920	      0.00065388	      0.00005762	     -0.00001778	     -0.00040995	      0.00625407	      0.98080893	      0.97525770	     11.02912172	      1.38949479	     -2.96260182	     -0.07069934	     -0.13919309	     10.65517634	      0.97676323	     -2.92899603	     -0.03343146	     -0.03277672	     11.61008411	      0.59641896	     -2.94773988	     12.71538924	      0.26717263	     -2.97122103	     14.24621524	     -0.06247620	     -3.01230059	      6.99681448	     -2.36798139	     -0.09171489	      0.54749145	     -1.16961773	      0.03716493	      0.30302405	     -0.20213061	      0.03698785	     -0.29185249	     -0.18228684	      0.02212953	      0.00663330	     -0.03895164	      0.03929922	     -0.03046834	     -0.00791902
      4.28305400	     -3.81569100	    -21.29005814	     -2.34935416	      9.55049829	    528.12803493	      5.73870064	      2.89376178	      0.41461772	      0.02693935	      0.15153710	     -2.56719867	      0.02889137	      0.39698099	     -0.03058106	      0.55198234	     -0.02998574	     13.95948179	      1.98591368	     -3.64600574	      0.00065474	      0.00006798	     -0.00002656	     -0.00040794	      0.00625650	      0.97810300	      0.97191485	     11.20358357	      1.63088423	     -3.52540699	     -0.06378162	     -0.13909160	     10.82643002	      1.25049090	     -3.50096835	     -0.03305684	     -0.03271592	     11.77196929	      0.87270148	     -3.53054967	     12.86475226	      0.52278233	     -3.56465023	     14.38077104	      0.15004009	     -3.61608420	      7.14374133	     -2.63106680	     -0.09475470	      0.47191471	     -1.26227716	      0.03742381	      0.34559380	     -0.19935340	      0.02948223	     -0.27124232	     -0.19241892	      0.02421184	      0.00347601	     -0.03644617	      0.04412150	     -0.03267427	     -0.00743352
      4.29972000	     -3.85322798	    -20.79002973	     -2.82157652	      9.89002355	    528.06383882	      4.23632556	      3.10608293	      0.42462237	      0.02089872	      0.31937806	     -2.48484934	      0.02618229	      0.34439587	     -0.03068712	      0.53760821	     -0.02989078	     14.07526554	      2.16734402	     -4.00765429	      0.00065509	      0.00007719	     -0.00003435	     -0.00039356	      0.00626603	      0.97591002	      0.96758286	     11.33090408	      1.85750173	     -3.89724598	     -0.05996135	     -0.13795492	     10.96323214	      1.50959866	     -3.88307354	     -0.03269969	     -0.03248580	     11.91190940	      1.13772205	     -3.92382694	     13.00328268	      0.77294421	     -3.96881970	     14.51681625	      0.36601973	     -4.03064581	      7.27930930	     -2.74450110	     -0.09225541	      0.43346346	     -1.32154947	      0.03350480	      0.38954628	     -0.20428167	      0.01752399	     -0.26130305	     -0.20517176	      0.02389086	     -0.00081454	     -0.03535588	      0.04716435	     -0.03523614	     -0.00646989
      4.31638600	     -3.84363632	    -20.46567089	     -3.05845378	     10.08945574	    528.50110172	      2.17010343	      3.20714882	      0.38905470	      0.02548116	      0.52750911	     -2.39780439	      0.02411214	      0.32493251	     -0.03075302	      0.51779354	     -0.02985773	     14.14116794	      2.33243140	     -4.12789392	      0.00065507	      0.00008461	     -0.00004054	     -0.00036861	      0.00628258	      0.97419213	      0.96282617	     11.41498381	      2.06312849	     -4.03024343	     -0.05994938	     -0.13595783	     11.06752849	      1.74668374	     -4.02740903	     -0.03235678	     -0.03211241	     12.03082618	      1.38438275	     -4.07940754	     13.13119993	      1.01193341	     -4.13537646	     14.65367812	      0.58235820	     -4.20744297	      7.38854004	     -2.67216552	     -0.08314567	      0.43304283	     -1.34420362	      0.02570628	      0.43341158	     -0.21797815	      0.00207924	     -0.26234513	     -0.22075106	      0.02129264	     -0.00585771	     -0.03577935	      0.04828683	     -0.03816958	     -0.00486726
      4.33305200	     -3.79123584	    -20.30586870	     -3.03504461	     10.06236617	    529.43801687	     -0.26596425	      3.18847792	      0.30197093	      0.03916996	      0.77480180	     -2.31595688	      0.02239452	      0.34068214	     -0.03076938	      0.49072376	     -0.02989305	     14.17245983	      2.47479359	     -3.97671099	      0.00065487	      0.00008964	     -0.00004455	     -0.00033618	      0.00630529	      0.97271341	      0.95818852	     11.46731572	      2.24017261	     -3.89496404	     -0.06409006	     -0.13345189	     11.14697452	      1.95374291	     -3.90462523	     -0.03201739	     -0.03163030	     12.13359771	      1.60526065	     -3.96776956	     13.25117760	      1.23358274	     -4.03469816	     14.79160366	      0.79499808	     -4.11674873	      7.46051717	     -2.40239786	     -0.06731522	      0.46629385	     -1.32698841	      0.01513054	      0.47644004	     -0.24247457	     -0.01537325	     -0.27278552	     -0.23976952	      0.01691085	     -0.01116959	     -0.03751212	      0.04734935	     -0.04156186	     -0.00252636
      4.34971800	     -3.71469128	    -20.29701152	     -2.75375645	      9.70106336	    530.80750958	     -2.83173083	      3.04639930	      0.17056557	      0.05862717	      1.05057267	     -2.25233463	      0.02086553	      0.39348732	     -0.03072623	      0.45713244	     -0.02999341	     14.18751399	      2.58737536	     -3.54967436	      0.00065463	      0.00009181	     -0.00004587	     -0.00029999	      0.00633261	      0.97119737	      0.95413216	     11.50183344	      2.38157582	     -3.48751687	     -0.07219057	     -0.13091900	     11.21077261	      2.12408088	     -3.51096223	     -0.03167929	     -0.03107998	     12.22569387	      1.79432432	     -3.58506617	     13.36568178	      1.43266471	     -3.66291437	     14.92988595	      0.99979042	     -3.75467433	      7.49052546	     -1.95114170	     -0.04567649	      0.52468109	     -1.26748143	      0.00336939	      0.51897760	     -0.27905884	     -0.03299743	     -0.28962940	     -0.26301132	      0.01146279	     -0.01622715	     -0.04012262	      0.04423030	     -0.04552932	      0.00044030
      4.36638400	     -3.64995985	    -20.43500028	     -2.24615671	      8.89159576	    532.48928643	     -5.27540943	      2.78195947	      0.01641006	      0.07866951	      1.33275718	     -2.22278806	      0.01967403	      0.48472550	     -0.03061472	      0.42111590	     -0.03014536	     14.20038410	      2.66548873	     -2.87148874	      0.00065446	      0.00009089	     -0.00004422	     -0.00026359	      0.00636252	      0.96944767	      0.95100455	     11.52865263	      2.48373712	     -2.83285639	     -0.08343198	     -0.12890987	     11.26463490	      2.25498317	     -2.87141749	     -0.03135856	     -0.03050569	     12.30913495	      1.94927701	     -2.95624325	     13.47377771	      1.60685171	     -3.04497509	     15.06455637	      1.19397359	     -3.14621044	      7.48041926	     -1.35874243	     -0.01997248	      0.59720089	     -1.16564203	     -0.00796095	      0.56223313	     -0.32671812	     -0.04884300	     -0.30918228	     -0.29102103	      0.00568850	     -0.02053689	     -0.04308257	      0.03889924	     -0.05015544	      0.00362768
      4.38305000	     -3.64697879	    -20.72869609	     -1.56972816	      7.54019330	    534.32495965	     -7.36762935	      2.40201617	     -0.12835887	      0.09273498	      1.59033169	     -2.24411872	      0.01945600	      0.61432545	     -0.03042958	      0.38958050	     -0.03032698	     14.21520391	      2.70973895	     -1.99499665	      0.00065435	      0.00008694	     -0.00003961	     -0.00022987	      0.00639263	      0.96739549	      0.94902650	     11.54946990	      2.54906487	     -1.98355119	     -0.09642190	     -0.12796617	     11.30718034	      2.34985988	     -2.03837655	     -0.03108872	     -0.02995324	     12.37969679	      2.07335662	     -2.13360431	     13.56899080	      1.75823349	     -2.23315304	     15.18687793	      1.37743351	     -2.34368450	      7.43710158	     -0.68241673	      0.00756809	      0.67218963	     -1.02528144	     -0.01765334	      0.60763820	     -0.38150734	     -0.06114867	     -0.32772924	     -0.32371132	      0.00017758	     -0.02369693	     -0.04588851	      0.03150641	     -0.05543644	      0.00637731
      4.39971600	     -3.75824325	    -21.19274605	     -0.79984260	      5.60490563	    536.13512503	     -8.92783088	      1.92115865	     -0.22953621	      0.09400942	      1.78963445	     -2.33033910	      0.02133541	      0.77930326	     -0.03017175	      0.37043569	     -0.03051119	     14.22496989	      2.72716871	     -0.99536254	      0.00065422	      0.00008038	     -0.00003241	     -0.00020086	      0.00642043	      0.96508921	      0.94829040	     11.55679836	      2.58661046	     -1.01385945	     -0.10942428	     -0.12852297	     11.32958962	      2.41846739	     -1.08561880	     -0.03091063	     -0.02946740	     12.42690268	      2.17535307	     -1.19077253	     13.63953103	      1.89330688	     -1.30095929	     15.28373990	      1.55282719	     -1.42062910	      7.36986002	      0.01324681	      0.03461762	      0.73884733	     -0.85483094	     -0.02516063	      0.65615382	     -0.43723324	     -0.06864615	     -0.34201095	     -0.36016608	     -0.00471794	     -0.02544702	     -0.04812935	      0.02244664	     -0.06125522	      0.00794077
      4.41638200	     -4.02146341	    -21.83275362	     -0.01848727	      3.12045630	    537.73759976	     -9.83841078	      1.36345212	     -0.26165356	      0.07704638	      1.90267315	     -2.48799269	      0.02669678	      0.97243405	     -0.02985055	      0.37021550	     -0.03067002	     14.21538054	      2.72972921	      0.04004394	      0.00065392	      0.00007196	     -0.00002331	     -0.00017786	      0.00644340	      0.96266458	      0.94876421	     11.53755899	      2.61004016	     -0.00969919	     -0.12073209	     -0.13080671	     11.31893056	      2.47461336	     -0.09832657	     -0.03085898	     -0.02908882	     12.43714246	      2.26736450	     -0.21269347	     13.67118261	      2.02104368	     -0.33312518	     15.34025348	      1.72424197	     -0.46171519	      7.28773723	      0.66641656	      0.05911539	      0.78827771	     -0.66716470	     -0.03060543	      0.70776146	     -0.48717284	     -0.07079086	     -0.34945421	     -0.39868861	     -0.00887848	     -0.02570568	     -0.04949278	      0.01237333	     -0.06738665	      0.00771356
      4.43304800	     -4.44290552	    -22.62978978	      0.69750978	      0.20531123	    538.96586733	    -10.04658494	      0.76285971	     -0.21697424	      0.03942918	      1.91438690	     -2.71241434	      0.03679291	      1.18178556	     -0.02948420	      0.39211327	     -0.03077886	     14.17214675	      2.73064775	      1.02389899	      0.00065335	      0.00006258	     -0.00001321	     -0.00016180	      0.00645929	      0.96032125	      0.95030275	     11.47961278	      2.63365783	      0.94334072	     -0.12906952	     -0.13476204	     11.26394702	      2.53213889	      0.83877150	     -0.03095142	     -0.02885064	     12.39889399	      2.36108247	      0.71619617	     13.65200830	      2.14975126	      0.58622629	     15.34390377	      1.89495537	      0.44912263	      7.19799314	      1.22718384	      0.07956121	      0.81407978	     -0.47848233	     -0.03458801	      0.76121726	     -0.52602627	     -0.06785549	     -0.34824194	     -0.43703282	     -0.01234959	     -0.02458834	     -0.04973726	      0.00215591	     -0.07352384	      0.00544560
      4.44971400	     -4.98898332	    -23.53167689	      1.28555771	     -2.95229418	    539.68667026	     -9.55892591	      0.16171244	     -0.10893929	     -0.01713936	      1.82606222	     -2.98674793	      0.05231655	      1.39153395	     -0.02909839	      0.43521593	     -0.03081944	     14.08869314	      2.74038190	      1.87978308	      0.00065243	      0.00005327	     -0.00000308	     -0.00015354	      0.00646642	      0.95831051	      0.95266596	     11.37855346	      2.66825640	      1.77053268	     -0.13387897	     -0.14003813	     11.16104676	      2.60093146	      1.65176412	     -0.03118388	     -0.02877529	     12.30812526	      2.46422361	      1.52228543	     13.57724754	      2.28411667	      1.38386913	     15.28895061	      2.06535006	      1.23899291	      7.10607518	      1.66297798	      0.09515802	      0.81272906	     -0.30637071	     -0.03789026	      0.81409194	     -0.55124762	     -0.06084811	     -0.33738849	     -0.47272590	     -0.01524960	     -0.02239273	     -0.04867467	     -0.00721258	     -0.07931540	      0.00134088
      4.46638000	     -5.59040506	    -24.45532266	      1.70189886	     -6.12561109	    539.81507787	     -8.43401256	     -0.39282162	      0.03129475	     -0.08682143	      1.65385810	     -3.28447765	      0.07307470	      1.58394747	     -0.02872319	      0.49512950	     -0.03078128	     13.97103983	      2.76386624	      2.54909082	      0.00065123	      0.00004499	      0.00000613	     -0.00015391	      0.00646396	      0.95692353	      0.95554256	     11.24194429	      2.71848423	      2.41464990	     -0.13539077	     -0.14604439	     11.01805385	      2.68455595	      2.28405826	     -0.03153262	     -0.02887184	     12.17175414	      2.57853424	      2.14924174	     13.45255472	      2.42365348	      2.00388218	     15.17948950	      2.23192803	      1.85243358	      7.01664425	      1.95890191	      0.10577145	      0.78397650	     -0.16728350	     -0.04118149	      0.86309961	     -0.56328748	     -0.05126731	     -0.31695611	     -0.50340315	     -0.01768545	     -0.01954434	     -0.04619972	     -0.01474602	     -0.08440757	     -0.00399041
      4.48304600	     -6.15796637	    -25.30020852	      1.92229140	     -9.08943319	    539.32488269	     -6.77561301	     -0.85403846	      0.16388278	     -0.16074309	      1.42348398	     -3.57465722	      0.09787417	      1.74203893	     -0.02838883	      0.56559334	     -0.03066176	     13.83768228	      2.79998778	      2.99377885	      0.00064988	      0.00003858	      0.00001362	     -0.00016351	      0.00645218	      0.95646127	      0.95857753	     11.08903573	      2.78254357	      2.83857002	     -0.13446738	     -0.15205866	     10.85395113	      2.78020030	      2.69891993	     -0.03196060	     -0.02913403	     12.00754201	      2.69996802	      2.56052984	     13.29408581	      2.56307806	      2.41013320	     15.02979727	      2.38789073	      2.25385794	      6.93469940	      2.11477718	      0.11177527	      0.73126034	     -0.07379353	     -0.04480126	      0.90467410	     -0.56484088	     -0.04076329	     -0.28840471	     -0.52709346	     -0.01970030	     -0.01651146	     -0.04236927	     -0.01962434	     -0.08848583	     -0.00969937
      4.49971200	     -6.60442254	    -25.96959062	      1.94049906	    -11.65658911	    538.25261328	     -4.72746660	     -1.18208742	      0.25157285	     -0.22879397	      1.16330654	     -3.82780532	      0.12469429	      1.85225036	     -0.02812144	      0.64038273	     -0.03046539	     13.71404581	      2.84328847	      3.19608994	      0.00064859	      0.00003467	      0.00001877	     -0.00018231	      0.00643247	      0.95717433	      0.96140281	     10.94557038	      2.85406783	      3.02499752	     -0.13229982	     -0.15735301	     10.69420656	      2.88067040	      2.87922046	     -0.03242481	     -0.02953946	     11.83999250	      2.82072640	      2.73917279	     13.12497766	      2.69431923	      2.58602890	     14.86145732	      2.52505721	      2.42726767	      6.86604523	      2.14143183	      0.11387599	      0.66185857	     -0.03205700	     -0.04864828	      0.93569298	     -0.55956426	     -0.03080125	     -0.25489213	     -0.54241719	     -0.02125987	     -0.01371225	     -0.03749378	     -0.02137122	     -0.09131039	     -0.01491667
      4.51637800	     -6.86507718	    -26.39340922	      1.76602195	    -13.69917444	    536.69433144	     -2.47030099	     -1.35015767	      0.26936258	     -0.28160974	      0.89830552	     -4.02054782	      0.15111599	      1.90659037	     -0.02793951	      0.71482525	     -0.03020312	     13.62321250	      2.88706343	      3.15656146	      0.00064755	      0.00003368	      0.00002116	     -0.00020917	      0.00640716	      0.95918032	      0.96367251	     10.83522484	      2.92523560	      2.97459100	     -0.13006342	     -0.16130331	     10.56304155	      2.97742239	      2.82564913	     -0.03288167	     -0.03005063	     11.69342622	      2.93213712	      2.68599470	     12.96920595	      2.80917667	      2.53275196	     14.69804060	      2.63622194	      2.37443843	      6.81693250	      2.05732838	      0.11295656	      0.58640875	     -0.04003753	     -0.05217433	      0.95417804	     -0.55075058	     -0.02241112	     -0.22124635	     -0.54868027	     -0.02226893	     -0.01143891	     -0.03218083	     -0.02002325	     -0.09274087	     -0.01895085
      4.53304400	     -6.91156091	    -26.54577175	      1.42189018	    -15.14969065	    534.79532848	     -0.21885203	     -1.34896398	      0.20989991	     -0.31230768	      0.64666516	     -4.13828200	      0.17480675	      1.90383614	     -0.02785173	      0.78647642	     -0.02989151	     13.57645638	      2.92654723	      2.89143665	      0.00064687	      0.00003583	      0.00002055	     -0.00024148	      0.00637922	      0.96237864	      0.96510579	     10.77089755	      2.98979500	      2.70356509	     -0.12862088	     -0.16346610	     10.47548841	      3.06331486	      2.55441575	     -0.03328957	     -0.03061851	     11.58474364	      3.02708831	      2.41733321	     12.84501561	      2.90140408	      2.26693961	     14.55920065	      2.71681045	      2.11250238	      6.79312652	      1.88552743	      0.10993808	      0.51760256	     -0.08716710	     -0.05447207	      0.95974963	     -0.54028485	     -0.01606621	     -0.19339978	     -0.54586211	     -0.02260189	     -0.00981660	     -0.02728077	     -0.01623340	     -0.09274664	     -0.02141923
      4.54971000	     -6.75669496	    -26.45099127	      0.94297309	    -15.98605747	    532.73419922	      1.78737153	     -1.18837267	      0.08420254	     -0.31761948	      0.41957515	     -4.17607677	      0.19386580	      1.84962124	     -0.02785637	      0.85481521	     -0.02955201	     13.56773107	      2.96095646	      2.43036292	      0.00064652	      0.00004107	      0.00001693	     -0.00027516	      0.00635175	      0.96638518	      0.96553349	     10.74955598	      3.04485047	      2.24158382	     -0.12832951	     -0.16362472	     10.43251229	      3.13403470	      2.09520987	     -0.03360860	     -0.03118830	     11.51876359	      3.10106711	      1.96295945	     12.76045941	      2.96735322	      1.81852029	     14.45636590	      2.76505881	      1.67163418	      6.79873936	      1.65099305	      0.10565956	      0.46823302	     -0.15605384	     -0.05445234	      0.95363206	     -0.52806675	     -0.01169647	     -0.17730003	     -0.53450766	     -0.02213503	     -0.00880325	     -0.02372682	     -0.01123303	     -0.09139952	     -0.02229107
      4.56637600	     -6.45084874	    -26.17571567	      0.37492316	    -16.21025692	    530.70412330	      3.30642503	     -0.89566544	     -0.08121666	     -0.29817694	      0.22343740	     -4.13817012	      0.20703782	      1.75541466	     -0.02794205	      0.92018218	     -0.02920983	     13.57494912	      2.99366317	      1.81489811	      0.00064631	      0.00004911	      0.00001048	     -0.00030510	      0.00632756	      0.97051208	      0.96493473	     10.75314799	      3.09083819	      1.63038674	     -0.12898635	     -0.16181455	     10.42139142	      3.18778982	      1.48981602	     -0.03379909	     -0.03170618	     11.48807385	      3.15153698	      1.36459857	     12.71276229	      3.00502486	      1.22910917	     14.39154700	      2.78066992	      1.09326948	      6.83510091	      1.37857566	      0.10079137	      0.44908012	     -0.22634018	     -0.05111514	      0.93812033	     -0.51205253	     -0.00882613	     -0.17758244	     -0.51555337	     -0.02077972	     -0.00822731	     -0.02231431	     -0.00660187	     -0.08884957	     -0.02184236
      4.58304200	     -6.07094141	    -25.80927495	     -0.22690198	    -15.83036598	    528.89408549	      4.13020006	     -0.51063099	     -0.24983366	     -0.25792076	      0.06300500	     -4.03636913	      0.21387893	      1.63656703	     -0.02808978	      0.98244770	     -0.02889242	     13.56793827	      3.03033622	      1.09748260	      0.00064599	      0.00005940	      0.00000163	     -0.00032617	      0.00630873	      0.97382318	      0.96344869	     10.75546096	      3.12967860	      0.92274755	     -0.12992553	     -0.15833016	     10.42127535	      3.22342277	      0.79097679	     -0.03382138	     -0.03212540	     11.47736126	      3.17594743	      0.67467033	     12.69154049	      3.01193183	      0.55062324	     14.35937985	      2.76245806	      0.42858099	      6.89994994	      1.09165957	      0.09578420	      0.46720903	     -0.27992233	     -0.04388185	      0.91561624	     -0.48903975	     -0.00679482	     -0.19647236	     -0.49014396	     -0.01852373	     -0.00785149	     -0.02350017	     -0.00386966	     -0.08529428	     -0.02053860
      4.59970800	     -5.70346742	    -25.43823055	     -0.79992042	    -14.85216979	    527.47150633	      4.12633161	     -0.07837186	     -0.38287245	     -0.20289895	     -0.05582067	     -3.88778759	      0.21480016	      1.50975834	     -0.02827600	      1.03993761	     -0.02862711	     13.51985702	      3.07539441	      0.33969289	      0.00064528	      0.00007114	     -0.00000895	     -0.00033448	      0.00629643	      0.97528570	      0.96135725	     10.73208690	      3.16156907	      0.18057547	     -0.13024851	     -0.15370038	     10.41149386	      3.23753502	      0.06035738	     -0.03363888	     -0.03241093	     11.47016819	      3.16907361	     -0.04583081	     12.68417356	      2.98255735	     -0.15689344	     14.35108523	      2.70585033	     -0.26371460	      6.98723289	      0.81107652	      0.09083761	      0.52510275	     -0.30590446	     -0.03287784	      0.88758000	     -0.45614855	     -0.00497811	     -0.23336614	     -0.45951302	     -0.01547877	     -0.00744341	     -0.02730610	     -0.00406790	     -0.08095738	     -0.01887954
      4.61637400	     -5.42471558	    -25.12345895	     -1.27906726	    -13.28380586	    526.56749310	      3.27273566	      0.35844587	     -0.44821744	     -0.13990795	     -0.12458803	     -3.71238604	      0.21087149	      1.39032908	     -0.02847622	      1.08903108	     -0.02843838	     13.41736796	      3.12785343	     -0.39111961	      0.00064405	      0.00008331	     -0.00002036	     -0.00032856	      0.00629076	      0.97399449	      0.95904227	     10.66932141	      3.18157607	     -0.52870087	     -0.12911657	     -0.14861549	     10.37902901	      3.22184912	     -0.63517513	     -0.03322508	     -0.03254249	     11.45502192	      3.12096282	     -0.73102876	     12.68076696	      2.90671578	     -0.82887948	     14.35829959	      2.60157195	     -0.92079953	      7.08762793	      0.55454541	      0.08590511	      0.62072575	     -0.30347921	     -0.01903157	      0.85387829	     -0.41260472	     -0.00292949	     -0.28526593	     -0.42497449	     -0.01191540	     -0.00683293	     -0.03336832	     -0.00740365	     -0.07608301	     -0.01725231
      4.63304000	     -5.28363007	    -24.88800803	     -1.60344641	    -11.15274467	    526.26633804	      1.67257718	      0.76565855	     -0.42787090	     -0.07531854	     -0.13318399	     -3.53053713	      0.20346503	      1.29004920	     -0.02866856	      1.12465989	     -0.02834475	     13.26546818	      3.17840405	     -1.02692586	      0.00064231	      0.00009478	     -0.00003157	     -0.00030996	      0.00629099	      0.96940021	      0.95692083	     10.56837863	      3.17779583	     -1.13751058	     -0.12600771	     -0.14381138	     10.32206813	      3.16247515	     -1.22893942	     -0.03257268	     -0.03251564	     11.42835106	      3.01704607	     -1.31538594	     12.67655790	      2.77025925	     -1.40124541	     14.37506924	      2.43682801	     -1.48040590	      7.18968645	      0.33722299	      0.08077738	      0.74832053	     -0.28165165	     -0.00393007	      0.81289883	     -0.36109589	     -0.00042784	     -0.34783871	     -0.38800154	     -0.00825750	     -0.00594285	     -0.04110751	     -0.01319406	     -0.07093580	     -0.01583737
      4.64970600	     -5.29243494	    -24.72003748	     -1.72406765	     -8.52649568	    526.59982182	     -0.45872842	      1.12041068	     -0.32170926	     -0.01425578	     -0.07304237	     -3.36070933	      0.19392218	      1.21578085	     -0.02883643	      1.14163204	     -0.02835604	     13.08499851	      3.20955089	     -1.50579632	      0.00064030	      0.00010444	     -0.00004148	     -0.00028292	      0.00629590	      0.96147121	      0.95536617	     10.44329634	      3.13258257	     -1.58509622	     -0.12086204	     -0.13993706	     10.24835768	      3.04220206	     -1.66128885	     -0.03170209	     -0.03234054	     11.39320433	      2.84119675	     -1.74029686	     12.67100283	      2.55861801	     -1.81666377	     14.39742278	      2.19917088	     -1.88671196	      7.28138046	      0.17267190	      0.07522564	      0.89959129	     -0.25597216	      0.01052582	      0.76245227	     -0.30796006	      0.00254355	     -0.41657241	     -0.35030514	     -0.00501791	     -0.00478946	     -0.04992857	     -0.02009006	     -0.06579346	     -0.01459526
      4.66637200	     -5.42727482	    -24.58823702	     -1.61178038	     -5.52432224	    527.54518004	     -2.83435961	      1.41083205	     -0.14711115	      0.03972059	      0.05866184	     -3.21753431	      0.18335433	      1.16919851	     -0.02896991	      1.13632451	     -0.02847162	     12.90388609	      3.19957379	     -1.78002838	      0.00063837	      0.00011134	     -0.00004913	     -0.00025329	      0.00630414	      0.95075367	      0.95463401	     10.31363699	      3.02715339	     -1.82560874	     -0.11408094	     -0.13744110	     10.16943439	      2.84563880	     -1.88751537	     -0.03066659	     -0.03203894	     11.35477999	      2.58115637	     -1.96175792	     12.66443459	      2.26227397	     -2.03198714	     14.42121291	      1.88185646	     -2.09747004	      7.35176677	      0.07249549	      0.06912007	      1.06485194	     -0.24352979	      0.02254412	      0.70109535	     -0.26188806	      0.00585557	     -0.48748257	     -0.31381681	     -0.00268474	     -0.00345982	     -0.05934604	     -0.02649346	     -0.06092761	     -0.01333287
      4.68303800	     -5.63804741	    -24.46141658	     -1.26406768	     -2.31307075	    529.02561946	     -5.15332459	      1.63401068	      0.06502090	      0.08443150	      0.25589321	     -3.11062375	      0.17259985	      1.14742006	     -0.02906584	      1.10806834	     -0.02868015	     12.74601462	      3.12935910	     -1.82435008	      0.00063689	      0.00011487	     -0.00005383	     -0.00022697	      0.00631456	      0.93832469	      0.95482017	     10.19546517	      2.84836488	     -1.83606733	     -0.10638782	     -0.13650996	     10.09371269	      2.56576124	     -1.88561564	     -0.02955217	     -0.03164054	     11.31527726	      2.23470914	     -1.95802199	     12.65435628	      1.88244698	     -2.02579911	     14.43979119	      1.48890508	     -2.09147321	      7.39242616	      0.04374922	      0.06245506	      1.23374714	     -0.25789824	      0.03079632	      0.62931802	     -0.23148475	      0.00929239	     -0.55711027	     -0.28053023	     -0.00159645	     -0.00208196	     -0.06898001	     -0.03100316	     -0.05657531	     -0.01181742
      4.69970400	     -5.86422163	    -24.32322941	     -0.70875186	      0.91052764	    530.91393664	     -7.15602572	      1.79351653	      0.27717705	      0.11866660	      0.50323307	     -3.04432106	      0.16228359	      1.14429576	     -0.02912691	      1.05966429	     -0.02896076	     12.62277270	      2.98961777	     -1.64195513	      0.00063615	      0.00011478	     -0.00005525	     -0.00020848	      0.00632625	      0.92564783	      0.95586346	     10.09487153	      2.59522896	     -1.62204625	     -0.09860380	     -0.13707185	     10.02190254	      2.20954540	     -1.66186448	     -0.02847067	     -0.03118007	     11.27086986	      1.81443812	     -1.73521969	     12.63360249	      1.43501495	     -1.80410061	     14.44318537	      1.03812257	     -1.87435962	      7.39841814	      0.08494425	      0.05527894	      1.39543583	     -0.30548249	      0.03459968	      0.55010456	     -0.22258515	      0.01257319	     -0.62199215	     -0.25222475	     -0.00185135	     -0.00080100	     -0.07845040	     -0.03274215	     -0.05290752	     -0.00989098
      4.71637000	     -6.05158195	    -24.17657926	     -0.00281168	      3.94449269	    533.04080059	     -8.66177154	      1.89696399	      0.45355056	      0.14184885	      0.77820106	     -3.01824445	      0.15288060	      1.15208932	     -0.02916005	      0.99685757	     -0.02928555	     12.53102663	      2.78562954	     -1.26603473	      0.00063628	      0.00011127	     -0.00005349	     -0.00020019	      0.00633841	      0.91435569	      0.95758647	     10.00701743	      2.28249822	     -1.21888174	     -0.09142555	     -0.13885223	      9.94701608	      1.80030200	     -1.25202007	     -0.02754668	     -0.03069546	     11.21248614	      1.34899382	     -1.32873354	     12.59161689	      0.95093117	     -1.40186609	     14.41966360	      0.56072906	     -1.48041064	      7.36862314	      0.18236620	      0.04756945	      1.53853821	     -0.38409530	      0.03390370	      0.46861367	     -0.23636959	      0.01533741	     -0.67809949	     -0.23014738	     -0.00328376	      0.00023810	     -0.08725646	     -0.03149177	     -0.05000270	     -0.00754178
      4.73303600	     -6.16447264	    -24.03733167	      0.77421863	      6.60633590	    535.20824799	     -9.58010573	      1.95385043	      0.56721949	      0.15387069	      1.05556483	     -3.02823265	      0.14474059	      1.16318590	     -0.02917416	      0.92703395	     -0.02962285	     12.45807414	      2.53768766	     -0.75555726	      0.00063718	      0.00010491	     -0.00004900	     -0.00020226	      0.00635015	      0.90600040	      0.95975282	      9.92091659	      1.93975245	     -0.68723137	     -0.08528656	     -0.14145385	      9.85890852	      1.37547110	     -0.71695606	     -0.02690028	     -0.03022628	     11.13013774	      0.87996376	     -0.79902576	     12.51847889	      0.47253868	     -0.87907501	     14.35930103	      0.09733256	     -0.96883546	      7.30548954	      0.30868399	      0.03912466	      1.65135202	     -0.48388897	      0.02913905	      0.39104640	     -0.26898954	      0.01714043	     -0.72073949	     -0.21475623	     -0.00551508	      0.00090672	     -0.09473087	     -0.02764020	     -0.04783622	     -0.00490811
      4.74970200	     -6.19042765	    -23.92158301	      1.53149808	      8.75110172	    537.20753485	     -9.89840468	      1.97389534	      0.60431738	      0.15510280	      1.31209718	     -3.06736484	      0.13808751	      1.17144019	     -0.02917790	      0.85767104	     -0.02994079	     12.39090044	      2.27712559	     -0.18554168	      0.00063864	      0.00009654	     -0.00004253	     -0.00021324	      0.00636036	      0.90181717	      0.96211971	      9.82750226	      1.60619819	     -0.10325787	     -0.08033730	     -0.14443815	      9.75117721	      0.98042328	     -0.13292243	     -0.02662894	     -0.02981164	     11.01886134	      0.45516411	     -0.22202162	     12.40999379	      0.04680315	     -0.31122384	     14.25817979	     -0.30855790	     -0.41444161	      7.21439466	      0.42589950	      0.02956364	      1.72271470	     -0.59015020	      0.02102545	      0.32312391	     -0.31277968	      0.01750424	     -0.74512285	     -0.20563156	     -0.00806112	      0.00110978	     -0.10010844	     -0.02200181	     -0.04629268	     -0.00222168
      4.76636800	     -6.13763275	    -23.83329019	      2.18094892	     10.27800516	    538.84017648	     -9.65646456	      1.96591833	      0.56497311	      0.14656414	      1.53013038	     -3.12698555	      0.13301257	      1.17295692	     -0.02917774	      0.79508898	     -0.03021063	     12.32540600	      2.03929606	      0.36636245	      0.00064035	      0.00008716	     -0.00003495	     -0.00023097	      0.00636771	      0.90254012	      0.96447084	      9.72724328	      1.32284936	      0.45476416	     -0.07652162	     -0.14739405	      9.62730411	      0.66016751	      0.42180896	     -0.02679225	     -0.02948711	     10.88368659	      0.12037344	      0.32423513	     12.27172470	     -0.28250148	      0.22400247	     14.12158641	     -0.61751033	      0.10566979	      7.10294849	      0.49318007	      0.01848505	      1.74356821	     -0.68705336	      0.01041001	      0.26880571	     -0.35851374	      0.01602963	     -0.74743583	     -0.20163025	     -0.01045593	      0.00080273	     -0.10268597	     -0.01557796	     -0.04520325	      0.00027466
      4.78303400	     -6.02780779	    -23.75831511	      2.65102394	     11.12661589	    539.94058903	     -8.92170330	      1.93714994	      0.46161216	      0.13011415	      1.69896153	     -3.19783673	      0.12948159	      1.16629927	     -0.02917696	      0.74381453	     -0.03040915	     12.27154926	      1.85572267	      0.83358297	      0.00064204	      0.00007774	     -0.00002713	     -0.00025340	      0.00637089	      0.90830730	      0.96662826	      9.63392522	      1.12443675	      0.92005315	     -0.07369188	     -0.14998861	      9.50332196	      0.45133015	      0.88053618	     -0.02740297	     -0.02928127	     10.74147284	     -0.08823263	      0.77323164	     12.12026960	     -0.48159956	      0.66043252	     13.96493706	     -0.79989159	      0.52586790	      6.98049593	      0.47698612	      0.00571495	      1.70890103	     -0.76132489	     -0.00183128	      0.22976677	     -0.39783517	      0.01254029	     -0.72599987	     -0.20127525	     -0.01234883	      0.00000542	     -0.10200831	     -0.00932149	     -0.04440373	      0.00239344
      4.79970000	     -5.88761849	    -23.66737698	      2.89679079	     11.26871379	    540.39734596	     -7.77499799	      1.89289772	      0.31527045	      0.10846077	      1.81429369	     -3.27136193	      0.12735030	      1.15221986	     -0.02917575	      0.70654578	     -0.03052019	     12.25222385	      1.74771726	      1.17093407	      0.00064353	      0.00006912	     -0.00001980	     -0.00027900	      0.00636903	      0.91867861	      0.96845438	      9.57289017	      1.03322690	      1.24750318	     -0.07170758	     -0.15199864	      9.40571354	      0.37637939	      1.19828558	     -0.02842661	     -0.02921278	     10.61866705	     -0.14924746	      1.08018916	     11.98108795	     -0.53113092	      0.95365617	     13.81191126	     -0.83934337	      0.80230231	      6.85781293	      0.35949276	     -0.00848629	      1.61942612	     -0.80489239	     -0.01481770	      0.20576844	     -0.42505779	      0.00720514	     -0.68204195	     -0.20325966	     -0.01354717	     -0.00119165	     -0.09800805	     -0.00395324	     -0.04379941	      0.00402748
      4.81636600	     -5.74145845	    -23.52624991	      2.90443395	     10.70275054	    540.16879291	     -6.30979283	      1.83655919	      0.15087698	      0.08492904	      1.87666701	     -3.34097992	      0.12634996	      1.13306024	     -0.02917207	      0.68446719	     -0.03053542	     12.29627128	      1.72305195	      1.35938788	      0.00064475	      0.00006194	     -0.00001351	     -0.00030677	      0.00636194	      0.93275463	      0.96985515	      9.57423327	      1.05605288	      1.41836474	     -0.07048738	     -0.15332252	      9.36505563	      0.44108251	      1.35644787	     -0.02978933	     -0.02928893	     10.54548829	     -0.05811015	      1.22668847	     11.88332879	     -0.42775477	      1.08564224	     13.69011230	     -0.73385986	      0.91752691	      6.74672511	      0.14270178	     -0.02334985	      1.48230201	     -0.81592474	     -0.02762555	      0.19563839	     -0.43790327	      0.00058304	     -0.61974373	     -0.20687860	     -0.01400537	     -0.00263419	     -0.09104676	      0.00013530	     -0.04341235	      0.00513454
      4.83303200	     -5.60699548	    -23.30917834	      2.69012871	      9.45464966	    539.28891538	     -4.64000334	      1.76996326	     -0.00749704	      0.06305181	      1.88973382	     -3.40285365	      0.12606164	      1.11198950	     -0.02916293	      0.67765496	     -0.03045466	     12.42805260	      1.77608126	      1.40521763	      0.00064573	      0.00005658	     -0.00000857	     -0.00033589	      0.00635034	      0.94935326	      0.97078634	      9.66313660	      1.18471066	      1.43937064	     -0.07001356	     -0.15397306	      9.40727286	      0.63513318	      1.36187049	     -0.03139104	     -0.02950546	     10.54810800	      0.17368445	      1.21971583	     11.85293826	     -0.18326716	      1.06373403	     13.62518794	     -0.49486330	      0.87944197	      6.65930881	     -0.15234931	     -0.03768278	      1.31046877	     -0.79816030	     -0.03923594	      0.19832780	     -0.43721098	     -0.00644578	     -0.54551768	     -0.21222337	     -0.01378296	     -0.00412737	     -0.08184380	      0.00287908	     -0.04338869	      0.00570515
      4.84969800	     -5.49320788	    -23.01091519	      2.29459156	      7.58360849	    537.86116266	     -2.90695278	      1.69397918	     -0.14076675	      0.04603024	      1.85871297	     -3.45577966	      0.12594375	      1.09223698	     -0.02914557	      0.68543565	     -0.03028564	     12.65706164	      1.89062024	      1.33497467	      0.00064653	      0.00005319	     -0.00000510	     -0.00036527	      0.00633570	      0.96719336	      0.97125780	      9.85037677	      1.39899223	      1.33776117	     -0.07030643	     -0.15405347	      9.54505220	      0.93522638	      1.24190640	     -0.03311983	     -0.02984751	     10.64093102	      0.52156535	      1.08669080	     11.90574848	      0.17816529	      0.91563486	     13.63470009	     -0.14477035	      0.71621026	      6.60645291	     -0.49009219	     -0.05006761	      1.12062072	     -0.75896593	     -0.04854431	      0.21352979	     -0.42600143	     -0.01286309	     -0.46674749	     -0.22006576	     -0.01300028	     -0.00547382	     -0.07132053	      0.00445118	     -0.04395869	      0.00574277
      4.86636400	     -5.40053220	    -22.65284642	      1.77523733	      5.18773433	    536.04080941	     -1.27441347	      1.60937506	     -0.23750313	      0.03616780	      1.78925623	     -3.50024034	      0.12542327	      1.07643279	     -0.02911822	      0.70660817	     -0.03004334	     12.97126997	      2.04435957	      1.18840249	      0.00064719	      0.00005172	     -0.00000307	     -0.00039327	      0.00631990	      0.98504051	      0.97132900	     10.12620539	      1.67124005	      1.15427945	     -0.07138431	     -0.15372023	      9.77212603	      1.30960931	      1.03751960	     -0.03486408	     -0.03029110	     10.82123847	      0.95224554	      0.86863474	     12.04242398	      0.62401525	      0.68259920	     13.72326150	      0.28650603	      0.46942590	      6.59581351	     -0.82627837	     -0.05908495	      0.93031989	     -0.70697273	     -0.05448846	      0.24160218	     -0.40839085	     -0.01776392	     -0.39041028	     -0.23148348	     -0.01180922	     -0.00651737	     -0.06041866	      0.00513399	     -0.04536270	      0.00527155
      4.88303000	     -5.32311373	    -22.28011942	      1.19759463	      2.40418149	    534.00957639	      0.09396088	      1.51790180	     -0.29416725	      0.03447005	      1.68702284	     -3.53696061	      0.12402785	      1.06612331	     -0.02908064	      0.73946540	     -0.02974875	     13.33687824	      2.21354669	      1.01099759	      0.00064768	      0.00005200	     -0.00000232	     -0.00041784	      0.00630481	      1.00178635	      0.97108998	     10.45994721	      1.97126054	      0.93581182	     -0.07321731	     -0.15313972	     10.06247704	      1.72308252	      0.79610279	     -0.03651969	     -0.03080460	     11.06798495	      1.42858460	      0.61314051	     12.24684658	      1.11792149	      0.41250702	     13.88035887	      0.76556338	      0.18724656	      6.62954578	     -1.11325963	     -0.06348368	      0.75506798	     -0.65016924	     -0.05628578	      0.28290669	     -0.38873036	     -0.02058880	     -0.32199136	     -0.24737202	     -0.01038037	     -0.00717897	     -0.04995269	      0.00520706	     -0.04776763	      0.00436556
      4.89969600	     -5.25242071	    -21.95015540	      0.62694283	     -0.59929726	    531.94846429	      1.07102077	      1.42338732	     -0.31285004	      0.04053771	      1.55795475	     -3.56542598	      0.12154887	      1.06149400	     -0.02903434	      0.78167507	     -0.02942696	     13.70485645	      2.37681193	      0.84714559	      0.00064793	      0.00005376	     -0.00000267	     -0.00043705	      0.00629179	      1.01646128	      0.97062825	     10.80570135	      2.27055770	      0.72854861	     -0.07568595	     -0.15244903	     10.37491781	      2.14150422	      0.56479869	     -0.03799217	     -0.03134991	     11.34527192	      1.91410181	      0.36786821	     12.48853978	      1.62397678	      0.15350295	     14.08159354	      1.25937244	     -0.08184947	      6.70251155	     -1.30424360	     -0.06228233	      0.60612077	     -0.59493999	     -0.05369608	      0.33695790	     -0.37107622	     -0.02125754	     -0.26492921	     -0.26801484	     -0.00889985	     -0.00747200	     -0.04052976	      0.00489209	     -0.05119880	      0.00317725
      4.91636200	     -5.18075070	    -21.71651406	      0.12070559	     -3.64164216	    530.01492118	      1.60341932	      1.33249742	     -0.29779922	      0.05270136	      1.40888780	     -3.58303956	      0.11816237	      1.06129981	     -0.02898284	      0.83017769	     -0.02910470	     14.02208454	      2.51740926	      0.73423655	      0.00064784	      0.00005676	     -0.00000395	     -0.00044974	      0.00628149	      1.02820786	      0.96999137	     11.11230905	      2.54518945	      0.57200938	     -0.07855818	     -0.15172992	     10.66162967	      2.53513290	      0.38456089	     -0.03919526	     -0.03188393	     11.60946832	      2.37650928	      0.17470162	     12.72845400	      2.11018553	     -0.05174474	     14.29304624	      1.73844742	     -0.29468600	      6.80176359	     -1.35711799	     -0.05482856	      0.48949674	     -0.54596468	     -0.04718525	      0.40182900	     -0.35887610	     -0.02016551	     -0.22060959	     -0.29284566	     -0.00756695	     -0.00749169	     -0.03253442	      0.00435683	     -0.05550576	      0.00194047
      4.93302800	     -5.10357788	    -21.61375093	     -0.27787746	     -6.55131031	    528.32852016	      1.73339645	      1.25489147	     -0.25249254	      0.06824584	      1.24802356	     -3.58556994	      0.11439737	      1.06299094	     -0.02893171	      0.88123609	     -0.02880738	     14.24336294	      2.62382330	      0.69800605	      0.00064737	      0.00006077	     -0.00000601	     -0.00045613	      0.00627377	      1.03625282	      0.96915960	     11.33438797	      2.77710746	      0.49416427	     -0.08149210	     -0.15100154	     10.87804080	      2.88057967	      0.28512427	     -0.04004898	     -0.03236093	     11.81788662	      2.78997199	      0.06465763	     12.92648499	      2.55076150	     -0.17114690	     14.47760955	      2.17897232	     -0.41844544	      6.90785580	     -1.23870482	     -0.04085676	      0.40620232	     -0.50652160	     -0.03789074	      0.47409066	     -0.35471236	     -0.01804758	     -0.18876945	     -0.32046103	     -0.00658296	     -0.00738326	     -0.02615515	      0.00374720	     -0.06037045	      0.00093671
      4.94969400	     -5.02064971	    -21.64827978	     -0.54415012	     -9.18789896	    526.96631682	      1.59408642	      1.20250712	     -0.17823240	      0.08369500	      1.08486163	     -3.56875088	      0.11096999	      1.06306693	     -0.02888838	      0.93069677	     -0.02855633	     14.34071144	      2.68937097	      0.74938173	      0.00064658	      0.00006560	     -0.00000874	     -0.00045796	      0.00626800	      1.03990646	      0.96804071	     11.44128183	      2.95439215	      0.50799289	     -0.08406660	     -0.15023377	     10.99134411	      3.16157062	      0.28125415	     -0.04048008	     -0.03273634	     11.93673441	      3.13613682	      0.05390603	     13.04881267	      2.92720034	     -0.18733285	     14.60172540	      2.56373992	     -0.43488992	      6.99793520	     -0.92995510	     -0.02057233	      0.35333520	     -0.47875310	     -0.02738250	      0.54926766	     -0.36003964	     -0.01576682	     -0.16809291	     -0.34885164	     -0.00612522	     -0.00730198	     -0.02142603	      0.00321060	     -0.06535395	      0.00043481
      4.96636000	     -4.93622841	    -21.79797151	     -0.67388692	    -11.45514223	    525.96631668	      1.37847370	      1.18765533	     -0.07424406	      0.09526842	      0.92943823	     -3.53009216	      0.10860443	      1.05773608	     -0.02886126	      0.97444979	     -0.02836661	     14.30779697	      2.71166300	      0.88317316	      0.00064561	      0.00007112	     -0.00001206	     -0.00045811	      0.00626329	      1.03860023	      0.96649185	     11.42191524	      3.07102133	      0.60992756	     -0.08584322	     -0.14937483	     10.98578759	      3.36894138	      0.37082700	     -0.04042613	     -0.03297181	     11.94662994	      3.40419268	      0.14151511	     13.07349114	      3.22828180	     -0.10018022	     14.64107069	      2.88198270	     -0.34310635	      7.04995022	     -0.43165194	      0.00524098	      0.32555240	     -0.46371523	     -0.01730521	      0.62255155	     -0.37497694	     -0.01411656	     -0.15677981	     -0.37574845	     -0.00630739	     -0.00738093	     -0.01826710	      0.00289111	     -0.06996711	      0.00063030
      4.98302600	     -4.85863884	    -22.02010106	     -0.68214610	    -13.30109414	    525.33573539	      1.29129724	      1.21994584	      0.06097171	      0.09949511	      0.79109041	     -3.47005721	      0.10789564	      1.04387725	     -0.02885827	      1.00898881	     -0.02824585	     14.15910448	      2.69244497	      1.07904751	      0.00064467	      0.00007717	     -0.00001587	     -0.00045983	      0.00625887	      1.03196286	      0.96436537	     11.28504446	      3.12659632	      0.78070976	     -0.08645374	     -0.14838071	     10.86407661	      3.50020539	      0.53539681	     -0.03984357	     -0.03304086	     11.84491920	      3.59025516	      0.30968659	     12.99345413	      3.44927335	      0.07311117	     14.58425414	      3.12836973	     -0.15987016	      7.04701280	      0.23105376	      0.03513728	      0.31645941	     -0.46127601	     -0.00901961	      0.68944549	     -0.39827342	     -0.01369796	     -0.15294490	     -0.39896508	     -0.00713590	     -0.00771539	     -0.01651870	      0.00290025	     -0.07374607	      0.00160837
      4.99969200	     -4.79890468	    -22.26422304	     -0.59905696	    -14.70690976	    525.06025499	      1.49740484	      1.30277757	      0.22735371	      0.09379736	      0.67731778	     -3.39229012	      0.10921122	      1.02009921	     -0.02888496	      1.03188641	     -0.02819439	     13.92499985	      2.63771097	      1.30513298	      0.00064398	      0.00008361	     -0.00002003	     -0.00046584	      0.00625423	      1.01992499	      0.96156607	     11.05573328	      3.12602697	      0.98901265	     -0.08569222	     -0.14723483	     10.64536288	      3.55881706	      0.74368261	     -0.03871855	     -0.03293385	     11.64498277	      3.69630511	      0.52702078	     12.81689690	      3.59065704	      0.30104345	     14.43424667	      3.30158684	      0.08311476	      6.98099134	      1.00757424	      0.06701796	      0.31970190	     -0.47002970	     -0.00334042	      0.74614155	     -0.42752419	     -0.01488002	     -0.15482413	     -0.41665872	     -0.00847871	     -0.00836272	     -0.01597358	      0.00328191	     -0.07631603	      0.00333949
      5.01635800	     -4.76836950	    -22.48497462	     -0.46322533	    -15.67018491	    525.11136591	      2.08041574	      1.43062204	      0.42078098	      0.07690857	      0.59336741	     -3.30297432	      0.11264817	      0.98753159	     -0.02894291	      1.04199718	     -0.02820631	     13.64476198	      2.55756411	      1.52387005	      0.00064367	      0.00009021	     -0.00002435	     -0.00047760	      0.00624926	      1.00282844	      0.95810208	     10.76969812	      3.07889940	      1.19740008	     -0.08358543	     -0.14595441	     10.36100576	      3.55310210	      0.95756525	     -0.03707798	     -0.03266072	     11.37332534	      3.72885004	      0.75446541	     12.56550890	      3.65669180	      0.54367614	     14.20771482	      3.40292996	      0.34493360	      6.85459451	      1.82580881	      0.09828118	      0.32973923	     -0.48740129	     -0.00042543	      0.78962234	     -0.45960305	     -0.01781551	     -0.16085610	     -0.42748804	     -0.01006225	     -0.00934968	     -0.01641013	      0.00399451	     -0.07743326	      0.00570151
      5.03302400	     -4.77599872	    -22.65059021	     -0.31427352	    -16.18905363	    525.45038582	      3.02247795	      1.58830625	      0.63121198	      0.04905467	      0.54265280	     -3.20975796	      0.11804486	      0.94999394	     -0.02902882	      1.03934796	     -0.02827138	     13.35969794	      2.46548408	      1.69867900	      0.00064382	      0.00009668	     -0.00002856	     -0.00049493	      0.00624412	      0.98151022	      0.95411433	     10.46724204	      2.99834732	      1.36913840	     -0.08042096	     -0.14458538	     10.04941192	      3.49483086	      1.13907898	     -0.03499791	     -0.03225063	     11.06536902	      3.69739598	      0.95244031	     12.27115557	      3.65396708	      0.75983542	     13.93256091	      3.43510746	      0.58271189	      6.68143855	      2.60072763	      0.12609732	      0.34234239	     -0.51005736	      0.00017482	      0.81761197	     -0.49118653	     -0.02247300	     -0.16972183	     -0.43068537	     -0.01150409	     -0.01067620	     -0.01762421	      0.00492600	     -0.07700347	      0.00851393
      5.04969000	     -4.82656768	    -22.74531050	     -0.18626925	    -16.25072144	    526.02926634	      4.21041744	      1.75292353	      0.84205397	      0.01184515	      0.52742890	     -3.12074537	      0.12502348	      0.91339891	     -0.02913455	      1.02485245	     -0.02837717	     13.10784628	      2.37713831	      1.79957649	      0.00064440	      0.00010269	     -0.00003234	     -0.00051617	      0.00623920	      0.95733254	      0.94987749	     10.18805720	      2.89956065	      1.47396174	     -0.07672335	     -0.14319028	      9.75099212	      3.39756142	      1.25644055	     -0.03260649	     -0.03174817	     10.76073101	      3.61283794	      1.08713621	     11.97155608	      3.59002336	      0.91365257	     13.64400899	      3.40127600	      0.75836981	      6.48388472	      3.24584291	      0.14775439	      0.35481034	     -0.53461004	     -0.00066621	      0.82852873	     -0.51921612	     -0.02864521	     -0.18037499	     -0.42607360	     -0.01237735	     -0.01230721	     -0.01945004	      0.00594111	     -0.07508107	      0.01156758
      5.06635600	     -4.92014047	    -22.76643559	     -0.10315358	    -15.82746418	    526.78999584	      5.46715058	      1.89787644	      1.03114437	     -0.03200073	      0.54906972	     -3.04367058	      0.13305271	      0.88458064	     -0.02924803	      1.00002321	     -0.02851118	     12.92092951	      2.30886885	      1.80667011	      0.00064529	      0.00010792	     -0.00003541	     -0.00053873	      0.00623499	      0.93212993	      0.94576966	      9.96753021	      2.79813521	      1.49167828	     -0.07318733	     -0.14183534	      9.50384930	      3.27501516	      1.28793933	     -0.03007923	     -0.03120702	     10.49854683	      3.48605803	      1.13475267	     11.70545450	      3.47232292	      0.97914956	     13.37968266	      3.30455932	      0.84356313	      6.28884069	      3.68591181	      0.16103262	      0.36584887	     -0.55842445	     -0.00191544	      0.82153014	     -0.54118290	     -0.03592019	     -0.19203569	     -0.41404849	     -0.01229656	     -0.01415308	     -0.02175902	      0.00694348	     -0.07185586	      0.01463791
      5.08302200	     -5.05255950	    -22.71866578	     -0.07627333	    -14.88226387	    527.66555603	      6.59898056	      1.99762095	      1.17359257	     -0.07882402	      0.60778745	     -2.98511992	      0.14152420	      0.86998160	     -0.02935495	      0.96677196	     -0.02866244	     12.82324953	      2.27581469	      1.71170026	      0.00064639	      0.00011208	     -0.00003753	     -0.00055983	      0.00623200	      0.90805860	      0.94221625	      9.83446457	      2.70836622	      1.41375137	     -0.07058872	     -0.14058366	      9.34036088	      3.13970504	      1.22376962	     -0.02762509	     -0.03068206	     10.31320853	      3.32701471	      1.08369455	     11.50780866	      3.30787160	      0.94282604	     13.17434724	      3.14832851	      0.82269920	      6.12233774	      3.86930229	      0.16457195	      0.37512741	     -0.58021312	     -0.00265968	      0.79662318	     -0.55520211	     -0.04364017	     -0.20411209	     -0.39552342	     -0.01101062	     -0.01605003	     -0.02443439	      0.00792243	     -0.06763106	      0.01748093
      5.09968800	     -5.21704090	    -22.60873594	     -0.10374050	    -13.38153237	    528.58485583	      7.44138914	      2.03181782	      1.24617974	     -0.12408327	      0.70209876	     -2.94984295	      0.14983633	      0.87457218	     -0.02944076	      0.92729755	     -0.02882236	     12.83155113	      2.28997057	      1.51817907	      0.00064761	      0.00011501	     -0.00003860	     -0.00057717	      0.00623079	      0.88737017	      0.93962432	      9.80971418	      2.64171987	      1.24341716	     -0.06968022	     -0.13949613	      9.28463704	      3.00194925	      1.06632335	     -0.02546584	     -0.03022182	     10.23091132	      3.14433748	      0.93515895	     11.40570595	      3.10338099	      0.80457270	     13.05530859	      2.93698801	      0.69422495	      6.00435330	      3.77703270	      0.15813666	      0.38269989	     -0.60013369	     -0.00233077	      0.75470820	     -0.55995071	     -0.05089058	     -0.21607057	     -0.37181818	     -0.00848131	     -0.01775418	     -0.02733563	      0.00895339	     -0.06279498	      0.01982407
      5.11635400	     -5.40680223	    -22.44221481	     -0.17144000	    -11.30861390	    529.48201042	      7.88632030	      1.98824792	      1.23205566	     -0.16262957	      0.82847810	     -2.94038210	      0.15748643	      0.90117630	     -0.02949259	      0.88400292	     -0.02898516	     12.95500490	      2.35880395	      1.24051973	      0.00064893	      0.00011669	     -0.00003863	     -0.00058924	      0.00623195	      0.87216168	      0.93832777	      9.90535472	      2.60586591	      0.99476706	     -0.07107004	     -0.13863632	      9.35095568	      2.86938011	      0.82933554	     -0.02381341	     -0.02986293	     10.26750131	      2.94528127	      0.70241607	     11.41579525	      2.86560130	      0.57710617	     13.03951612	      2.67667266	      0.47024541	      5.94545597	      3.42515833	      0.14266185	      0.38855676	     -0.61932736	     -0.00081972	      0.69742351	     -0.55461921	     -0.05655724	     -0.22733060	     -0.34448340	     -0.00492314	     -0.01895979	     -0.03027564	      0.01014107	     -0.05778734	      0.02137287
      5.13302000	     -5.61780694	    -22.22312416	     -0.25521648	     -8.67307586	    530.30779742	      7.88489224	      1.86403512	      1.12407883	     -0.18939272	      0.98143479	     -2.95719412	      0.16413700	      0.95029298	     -0.02950067	      0.83938296	     -0.02914794	     13.19502295	      2.48478249	      0.90268703	      0.00065037	      0.00011721	     -0.00003775	     -0.00059528	      0.00623617	      0.86414887	      0.93855593	     10.12430703	      2.60444479	      0.69134522	     -0.07510351	     -0.13807365	      9.54327618	      2.74693215	      0.53642341	     -0.02284877	     -0.02962735	     10.42788596	      2.73586323	      0.40929504	     11.54361975	      2.60152112	      0.28439940	     13.13285873	      2.37544257	      0.17489805	      5.94610987	      2.85980534	      0.12005676	      0.39247049	     -0.63912929	      0.00154076	      0.62676658	     -0.53902121	     -0.05947331	     -0.23724673	     -0.31508103	     -0.00078874	     -0.01934567	     -0.03302454	      0.01153131	     -0.05305950	      0.02185205
      5.14968600	     -5.85032502	    -21.95616735	     -0.32364259	     -5.51442554	    531.03919651	      7.43159352	      1.66487310	      0.92577150	     -0.20027279	      1.15398247	     -2.99915915	      0.16961001	      1.02043195	     -0.02945901	      0.79586193	     -0.02931040	     13.54494273	      2.66563552	      0.53676168	      0.00065200	      0.00011671	     -0.00003613	     -0.00059500	      0.00624420	      0.86448772	      0.94042686	     10.46034582	      2.63735769	      0.36465890	     -0.08179102	     -0.13787977	      9.85564350	      2.63708103	      0.21944459	     -0.02270400	     -0.02952279	     10.70672432	      2.52096248	      0.08834266	     11.78450481	      2.31824746	     -0.04037472	     13.33125018	      2.04284856	     -0.15794308	      5.99838591	      2.14699134	      0.09283709	      0.39411383	     -0.66034916	      0.00411134	      0.54460588	     -0.51389506	     -0.05864247	     -0.24516957	     -0.28496741	      0.00330420	     -0.01864373	     -0.03533385	      0.01304323	     -0.04902670	      0.02108269
      5.16635200	     -6.10817569	    -21.65055593	     -0.34143684	     -1.90196966	    531.68252289	      6.54184931	      1.40261251	      0.64983492	     -0.19289930	      1.33826449	     -3.06410337	      0.17384764	      1.10880140	     -0.02936545	      0.75561200	     -0.02947415	     13.98962525	      2.89486884	      0.18104276	      0.00065386	      0.00011536	     -0.00003390	     -0.00058824	      0.00625681	      0.87365258	      0.94395531	     10.89827939	      2.70120843	      0.05221670	     -0.09081564	     -0.13811684	     10.27298730	      2.54009620	     -0.08366566	     -0.02344780	     -0.02954519	     11.08967478	      2.30428146	     -0.22160422	     12.12511607	      2.02259592	     -0.35755100	     13.62247667	      1.68904122	     -0.48768472	      6.08907383	      1.36023031	      0.06368897	      0.39328848	     -0.68294228	      0.00616365	      0.45228608	     -0.48125267	     -0.05348366	     -0.25051863	     -0.25513434	      0.00669682	     -0.01671147	     -0.03696472	      0.01446707	     -0.04601494	      0.01906993
      5.18301800	     -6.39551680	    -21.32384463	     -0.27418743	      2.06576045	    532.26747036	      5.23550054	      1.09219489	      0.31505807	     -0.16704149	      1.52594839	     -3.14904861	      0.17690225	      1.21204589	     -0.02922143	      0.72043972	     -0.02964155	     14.50516090	      3.16216485	     -0.12326056	      0.00065593	      0.00011324	     -0.00003110	     -0.00057475	      0.00627465	      0.89136893	      0.94905991	     11.41419207	      2.78970855	     -0.20586947	     -0.10161834	     -0.13882174	     10.77189836	      2.45431612	     -0.33249724	     -0.02507467	     -0.02968224	     11.55453841	      2.08835587	     -0.47926891	     12.54485157	      1.72073043	     -0.62506870	     13.98781651	      1.32391192	     -0.77137014	      6.20301241	      0.56879055	      0.03506736	      0.39007747	     -0.70613867	      0.00711880	      0.35054961	     -0.44447250	     -0.04401763	     -0.25281390	     -0.22615413	      0.00883935	     -0.01358300	     -0.03771151	      0.01553574	     -0.04421211	      0.01605383
      5.19968400	     -6.71252976	    -21.00365481	     -0.09502400	      6.25880939	    532.83314745	      3.53671246	      0.74916021	     -0.05688422	     -0.12461434	      1.70812196	     -3.25018608	      0.17892351	      1.32668880	     -0.02903191	      0.69181712	     -0.02981395	     15.05936906	      3.45366896	     -0.33765866	      0.00065818	      0.00011044	     -0.00002771	     -0.00055433	      0.00629801	      0.91659144	      0.95555650	     11.97615153	      2.89416860	     -0.37262399	     -0.11352304	     -0.13999045	     11.32151067	      2.37670871	     -0.49006958	     -0.02749753	     -0.02991612	     12.07222368	      1.87500430	     -0.64700092	     13.01684742	      1.41835619	     -0.80467145	     14.40307630	      0.95687987	     -0.96999069	      6.32569103	     -0.17088769	      0.00891734	      0.38484008	     -0.72886798	      0.00672204	      0.23996814	     -0.40784256	     -0.03091736	     -0.25169920	     -0.19825842	      0.00942398	     -0.00947668	     -0.03742916	      0.01603415	     -0.04363791	      0.01247789
      5.21635000	     -7.05186015	    -20.72535664	      0.20675098	     10.50987212	    533.41095981	      1.49515982	      0.38875596	     -0.44333743	     -0.06938215	      1.87469909	     -3.36259664	      0.18009878	      1.44901074	     -0.02880607	      0.67106671	     -0.02998974	     15.61399990	      3.75246502	     -0.43448749	      0.00066046	      0.00010704	     -0.00002372	     -0.00052715	      0.00632644	      0.94751963	      0.96313254	     12.54611844	      3.00438525	     -0.42241427	     -0.12584393	     -0.14156635	     11.88507868	      2.30404936	     -0.53112172	     -0.03054441	     -0.03022461	     12.60802763	      1.66658378	     -0.69909988	     13.50902136	      1.12187518	     -0.87021008	     14.83939553	      0.59778858	     -1.05670718	      6.44460738	     -0.81901912	     -0.01343664	      0.37807877	     -0.75024521	      0.00508173	      0.12197493	     -0.37550510	     -0.01538782	     -0.24704529	     -0.17155711	      0.00845065	     -0.00475434	     -0.03607766	      0.01588944	     -0.04414641	      0.00886345
      5.23301600	     -7.39707811	    -20.52597643	      0.61724417	     14.60702765	    534.01062564	     -0.78008660	      0.02678272	     -0.82086555	     -0.00652706	      2.01355072	     -3.47973296	      0.18058730	      1.57440135	     -0.02855838	      0.65965101	     -0.03016279	     16.12870927	      4.03954842	     -0.40536454	      0.00066263	      0.00010327	     -0.00001918	     -0.00049440	      0.00635841	      0.98166183	      0.97131493	     13.08327834	      3.11010240	     -0.34945517	     -0.13793248	     -0.14343684	     12.42263507	      2.23477837	     -0.45059569	     -0.03396133	     -0.03058062	     13.12376889	      1.46804332	     -0.63020792	     13.98579839	      0.84047187	     -0.81588252	     15.26455135	      0.25888624	     -1.02486275	      6.54961076	     -1.35126441	     -0.03123703	      0.37026110	     -0.76993351	      0.00256690	      0.00028847	     -0.35014515	      0.00107331	     -0.23915121	     -0.14635330	      0.00620017	      0.00014891	     -0.03377765	      0.01520134	     -0.04546607	      0.00563177
      5.24968200	     -7.72367840	    -20.43715413	      1.09446542	     18.28983686	    534.61380234	     -3.09797022	     -0.31869887	     -1.16445213	      0.05782481	      2.10995136	     -3.59297347	      0.18047810	      1.69655846	     -0.02830944	      0.65941641	     -0.03032166	     16.56543454	      4.29528533	     -0.26539952	      0.00066448	      0.00009957	     -0.00001439	     -0.00045876	      0.00639101	      1.01597744	      0.97946066	     13.54792335	      3.20277302	     -0.17197071	     -0.14916328	     -0.14544049	     12.89434942	      2.17102424	     -0.26767683	     -0.03742580	     -0.03095206	     13.58077842	      1.28910951	     -0.45918776	     14.41080539	      0.58839176	     -0.65991943	     15.64531020	     -0.04286085	     -0.89143560	      6.63314679	     -1.75365602	     -0.04411281	      0.36174530	     -0.78824853	     -0.00035856	     -0.11787349	     -0.33207026	      0.01691101	     -0.22894262	     -0.12345311	      0.00313778	      0.00478795	     -0.03084624	      0.01420854	     -0.04726682	      0.00295554
      5.26634800	     -8.00234965	    -20.47961067	      1.57292103	     21.25329893	    535.17574332	     -5.19510011	     -0.62571291	     -1.44685910	      0.11710000	      2.14733074	     -3.69171903	      0.17975160	      1.80688970	     -0.02808555	      0.67251378	     -0.03045013	     16.89131298	      4.50101913	     -0.05005338	      0.00066582	      0.00009656	     -0.00000982	     -0.00042433	      0.00642011	      1.04710707	      0.98679053	     13.90441861	      3.27701091	      0.07112698	     -0.15889272	     -0.14738119	     13.26349570	      2.11993509	     -0.02227082	     -0.04057286	     -0.03130344	     13.94290925	      1.14559339	     -0.22542459	     14.74988013	      0.38632377	     -0.44073994	     15.95036805	     -0.28423262	     -0.69307999	      6.69078780	     -2.01610782	     -0.05184516	      0.35292823	     -0.80586370	     -0.00326643	     -0.22142123	     -0.31928001	      0.03065148	     -0.21803258	     -0.10437898	     -0.00020046	      0.00873944	     -0.02778221	      0.01321249	     -0.04923687	      0.00071316
      5.28301400	     -8.20348328	    -20.65906979	      1.97458626	     23.16285099	    535.63218337	     -6.77683125	     -0.86709811	     -1.63911448	      0.16477573	      2.11013173	     -3.76426162	      0.17825481	      1.89422415	     -0.02791659	      0.70074407	     -0.03052899	     17.07932513	      4.64050180	      0.19368796	      0.00066647	      0.00009495	     -0.00000605	     -0.00039611	      0.00644095	      1.07165840	      0.99245832	     14.12233244	      3.33124919	      0.32938527	     -0.16643145	     -0.14904516	     13.49798961	      2.09368985	      0.23440293	     -0.04303049	     -0.03159879	     14.17837858	      1.05909227	      0.02073869	     14.97309380	      0.26109163	     -0.20731021	     16.15250931	     -0.43583992	     -0.47650821	      6.72118800	     -2.12724582	     -0.05417337	      0.34452214	     -0.82303571	     -0.00582299	     -0.29611718	     -0.30868380	      0.04095314	     -0.20856551	     -0.09145499	     -0.00330239	      0.01160906	     -0.02519117	      0.01248240	     -0.05115834	     -0.00143142
      5.29968000	     -8.30180448	    -20.96283196	      2.22243655	     23.68356367	    535.90878085	     -7.57520252	     -1.01006873	     -1.71276475	      0.19488443	      1.98867106	     -3.79939693	      0.17572714	      1.94495421	     -0.02783256	      0.74435025	     -0.03053892	     17.10732031	      4.70108224	      0.41794182	      0.00066629	      0.00009544	     -0.00000364	     -0.00037918	      0.00644912	      1.08651952	      0.99564022	     14.17606076	      3.36745679	      0.55189166	     -0.17106148	     -0.15021964	     13.57048972	      2.10795138	      0.45116744	     -0.04446045	     -0.03180461	     14.26013789	      1.05475784	      0.22946396	     15.05524826	      0.24323080	     -0.00768288	     16.22923372	     -0.46436228	     -0.28717397	      6.72466215	     -2.07247485	     -0.05071551	      0.33773481	     -0.83850007	     -0.00779882	     -0.32635318	     -0.29808478	      0.04663816	     -0.20283676	     -0.08774312	     -0.00574853	      0.01303699	     -0.02366202	      0.01216107	     -0.05297592	     -0.00385201
      5.31634600	     -8.28053160	    -21.35784455	      2.25428601	     22.52716212	    535.93264831	     -7.41032340	     -1.01790935	     -1.64413289	      0.20259966	      1.78467311	     -3.78861135	      0.17188509	      1.94402895	     -0.02785867	      0.80067575	     -0.03046433	     16.95715954	      4.67482583	      0.58373706	      0.00066527	      0.00009850	     -0.00000303	     -0.00037759	      0.00644183	      1.08921101	      0.99564228	     14.04452402	      3.39003502	      0.69763925	     -0.17211746	     -0.15071486	     13.45846801	      2.17879436	      0.58747691	     -0.04460367	     -0.03189296	     14.16603541	      1.15703203	      0.36198960	     14.97597714	      0.36220552	      0.12144395	     16.16280819	     -0.33736745	     -0.15912589	      6.70095369	     -1.83615552	     -0.04103766	      0.33422288	     -0.84850653	     -0.00905712	     -0.29784829	     -0.28815351	      0.04676165	     -0.20275303	     -0.09675497	     -0.00725851	      0.01271709	     -0.02361973	      0.01219266	     -0.05484243	     -0.00675003
      5.33301200	     -8.13493984	    -21.79251828	      2.03574413	     19.51835092	    535.64687514	     -6.24286339	     -0.85555097	     -1.42022622	      0.18499160	      1.51513779	     -3.72845910	      0.16654051	      1.87738232	     -0.02800954	      0.86341497	     -0.03029748	     16.61630676	      4.55990224	      0.66849096	      0.00066354	      0.00010430	     -0.00000438	     -0.00039340	      0.00641887	      1.07830082	      0.99203059	     13.71325888	      3.40429265	      0.74361252	     -0.16913403	     -0.15039185	     13.14654399	      2.31849908	      0.62158910	     -0.04332932	     -0.03184533	     13.88105135	      1.38363848	      0.39857684	     14.72167743	      0.63940356	      0.16234781	     15.94183803	     -0.03079221	     -0.10788164	      6.64779747	     -1.40790145	     -0.02486903	      0.33579853	     -0.84668823	     -0.00953668	     -0.20099806	     -0.28342412	      0.04074676	     -0.20926897	     -0.12182387	     -0.00771661	      0.01043341	     -0.02519240	      0.01230030	     -0.05711121	     -0.00999652
      5.34967800	     -7.87524739	    -22.20428474	      1.57049995	     14.67427830	    535.02813447	     -4.20320857	     -0.49988333	     -1.04515351	      0.14194511	      1.21200402	     -3.62247964	      0.15970975	      1.73605239	     -0.02828347	      0.92318903	     -0.03004243	     16.08372450	      4.36249462	      0.66985202	      0.00066140	      0.00011261	     -0.00000750	     -0.00042597	      0.00638318	      1.05386828	      0.98477711	     13.18074326	      3.41509917	      0.68917643	     -0.16203489	     -0.14919653	     12.63290530	      2.53107291	      0.55481260	     -0.04068220	     -0.03165768	     13.40343412	      1.73878116	      0.34226257	     14.29107350	      1.07983302	      0.11948570	     15.56606254	      0.46171088	     -0.12791654	      6.56183017	     -0.79189542	     -0.00242042	      0.34390631	     -0.82539001	     -0.00924176	     -0.03433976	     -0.29147220	      0.02858506	     -0.22198009	     -0.16508207	     -0.00717671	      0.00611464	     -0.02813903	      0.01204224	     -0.06024641	     -0.01311322
      5.36634400	     -7.52822800	    -22.53295920	      0.90512840	      8.27604864	    534.10428169	     -1.58391791	      0.04697316	     -0.54498800	      0.07702760	      0.91616133	     -3.48184454	      0.15166592	      1.52127092	     -0.02865864	      0.96975104	     -0.02971745	     15.37950369	      4.09888043	      0.60512446	      0.00065923	      0.00012282	     -0.00001189	     -0.00047173	      0.00634037	      1.01791596	      0.97438782	     12.46830670	      3.42621709	      0.55577219	     -0.15130507	     -0.14719459	     11.93914816	      2.80878108	      0.41076193	     -0.03691515	     -0.03134557	     12.75411248	      2.20735511	      0.21738046	     13.70386142	      1.66462683	      0.01731139	     15.05389569	      1.11982987	     -0.19560416	      6.44222931	     -0.01634514	      0.02529815	      0.35896195	     -0.77854124	     -0.00824766	      0.19276853	     -0.32006245	      0.01105468	     -0.23905628	     -0.22620678	     -0.00584824	     -0.00009556	     -0.03188243	      0.01095449	     -0.06465193	     -0.01544045
      5.38301000	     -7.13604222	    -22.73664673	      0.12499082	      0.89260215	    532.96403065	      1.21135002	      0.74708393	      0.03185759	     -0.00218250	      0.66677027	     -3.32399644	      0.14289907	      1.24835320	     -0.02909372	      0.99528978	     -0.02935429	     14.55355618	      3.79629356	      0.50637568	      0.00065739	      0.00013399	     -0.00001682	     -0.00052475	      0.00629737	      0.97450089	      0.96194398	     11.62880747	      3.44041259	      0.38173979	     -0.13805599	     -0.14459207	     11.11873001	      3.13126101	      0.22948583	     -0.03248401	     -0.03094696	     11.98472788	      2.75289611	      0.06293823	     13.00807166	      2.34788466	     -0.10695359	     14.44877464	      1.89222577	     -0.27693961	      6.29543241	      0.86191555	      0.05633389	      0.37980792	     -0.70515473	     -0.00672127	      0.45957375	     -0.37317560	     -0.01015768	     -0.25763829	     -0.30144697	     -0.00406554	     -0.00777003	     -0.03566525	      0.00874373	     -0.07047298	     -0.01645035
