Coordinates
version=1
nRows=704
nColumns=63
inDegrees=yes

Units are S.I. units (second, meters, Newtons, ...)
If the header above contains a line with 'inDegrees', this indicates whether rotational values are in degrees (yes) or radians (no).

endheader
time	pelvis_tilt	pelvis_list	pelvis_rotation	pelvis_tx	pelvis_ty	pelvis_tz	hip_flexion_r	hip_adduction_r	hip_rotation_r	knee_angle_r	knee_angle_r_beta	ankle_angle_r	subtalar_angle_r	mtp_angle_r	hip_flexion_l	hip_adduction_l	hip_rotation_l	knee_angle_l	knee_angle_l_beta	ankle_angle_l	subtalar_angle_l	mtp_angle_l	L5_S1_Flex_Ext	L5_S1_Lat_Bending	L5_S1_axial_rotation	L4_L5_Flex_Ext	L4_L5_Lat_Bending	L4_L5_axial_rotation	L3_L4_Flex_Ext	L3_L4_Lat_Bending	L3_L4_axial_rotation	L2_L3_Flex_Ext	L2_L3_Lat_Bending	L2_L3_axial_rotation	L1_L2_Flex_Ext	L1_L2_Lat_Bending	L1_L2_axial_rotation	L1_T12_Flex_Ext	L1_T12_Lat_Bending	L1_T12_axial_rotation	Abs_r3	Abs_r2	Abs_r1	Abs_t1	Abs_t2	neck_flexion	neck_bending	neck_rotation	arm_flex_r	arm_add_r	arm_rot_r	elbow_flex_r	pro_sup_r	wrist_flex_r	wrist_dev_r	arm_flex_l	arm_add_l	arm_rot_l	elbow_flex_l	pro_sup_l	wrist_flex_l	wrist_dev_l
0.000000	-1.523779	-5.417151	98.428144	0.274307	0.978436	0.259918	6.752123	-3.036979	-26.887318	16.539992	0.288677	31.801602	18.034970	0.000000	15.667697	-1.524231	-11.574454	27.732941	0.484031	34.724255	14.416656	0.000000	0.086010	-0.193749	0.760690	0.159730	-0.257686	0.808233	0.141307	-0.471082	0.808233	0.098301	-0.471082	0.665604	0.079869	-0.395093	0.618061	0.049146	-0.300117	0.570518	0.614364	-2.191730	4.230731	0.000000	0.000000	13.953744	2.188715	0.437059	13.099615	-2.022940	86.765327	27.673302	4.932944	0.003573	-4.531045	12.948319	-0.099454	62.112968	32.177383	66.595111	-7.600894	-6.606551
0.016667	-1.364848	-5.488316	98.582773	0.274312	0.977997	0.260690	7.221872	-2.973245	-26.354810	17.257633	0.301203	32.149608	17.308542	0.000000	15.831719	-1.663466	-11.129843	27.984676	0.488425	34.814545	14.280448	0.000000	0.069607	-0.131517	0.691208	0.129267	-0.174918	0.734408	0.114357	-0.319771	0.734408	0.079553	-0.319771	0.604807	0.064637	-0.268190	0.561606	0.039773	-0.203720	0.518406	0.497193	-1.487751	3.844290	0.000000	0.000000	13.263486	2.501896	1.861824	12.748235	-2.631010	86.475052	27.957184	7.177823	-0.594513	-5.291831	11.964078	0.193601	60.309009	32.495570	65.609245	-6.628419	-5.712252
0.033333	-1.253205	-5.554511	98.708196	0.274331	0.977675	0.261457	7.629208	-2.948743	-25.925618	17.865041	0.311804	32.450873	16.726351	0.000000	15.982808	-1.745631	-10.715142	28.197726	0.492143	34.833339	14.075135	0.000000	0.055713	-0.077908	0.620973	0.103464	-0.103618	0.659784	0.091531	-0.189426	0.659784	0.063674	-0.189426	0.543352	0.051735	-0.158870	0.504541	0.031834	-0.120680	0.465730	0.397951	-0.881312	3.453667	0.000000	0.000000	12.606964	2.834860	3.266687	12.273154	-3.200333	85.752914	28.305755	9.356805	-1.065784	-5.864631	11.132731	0.416271	58.815114	32.826955	64.430347	-5.743226	-4.910266
0.050000	-1.184688	-5.615204	98.804385	0.274364	0.977457	0.262205	7.975752	-2.958447	-25.587690	18.367400	0.320572	32.708864	16.275982	0.000000	16.117509	-1.775950	-10.330782	28.370272	0.495155	34.790116	13.808119	0.000000	0.044229	-0.032435	0.550895	0.082138	-0.043139	0.585326	0.072664	-0.078863	0.585326	0.050549	-0.078863	0.482033	0.041071	-0.066142	0.447602	0.025273	-0.050242	0.413171	0.315924	-0.366913	3.063912	0.000000	0.000000	11.984856	3.179811	4.637944	11.692927	-3.730924	84.656500	28.709442	11.451116	-1.420790	-6.266106	10.441491	0.575287	57.606905	33.166622	63.090422	-4.939759	-4.192151
0.066667	-1.155132	-5.669863	98.871310	0.274414	0.977332	0.262920	8.263127	-2.997330	-25.328976	18.769896	0.327596	32.927045	15.945019	0.000000	16.232370	-1.759651	-9.977192	28.500499	0.497428	34.694356	13.486805	0.000000	0.035056	0.005388	0.481881	0.065102	0.007166	0.511999	0.057594	0.013100	0.511999	0.040066	0.013100	0.421646	0.032553	0.010987	0.391529	0.020031	0.008346	0.361411	0.250401	0.060949	2.680079	0.000000	0.000000	11.397838	3.528956	5.961892	11.026107	-4.222794	83.243399	29.158673	13.441984	-1.670083	-6.512918	9.877572	0.677384	56.660006	33.509653	61.621475	-4.212462	-3.549463
0.083333	-1.160378	-5.717954	98.908941	0.274482	0.977287	0.263586	8.492952	-3.060369	-25.137426	19.077715	0.332969	33.108881	15.721046	0.000000	16.323940	-1.701959	-9.654803	28.586591	0.498930	34.555539	13.118594	0.000000	0.028094	0.036047	0.414841	0.052173	0.047943	0.440768	0.046155	0.087646	0.440768	0.032108	0.087646	0.362986	0.026088	0.073508	0.337058	0.016053	0.055837	0.311131	0.200671	0.407775	2.307220	0.000000	0.000000	10.846587	3.874501	7.224826	10.291248	-4.675957	81.571197	29.643875	15.310637	-1.824214	-6.621729	9.428186	0.729294	55.950039	33.851132	60.055513	-3.555781	-2.973757
0.100000	-1.196260	-5.758947	98.917249	0.274569	0.977312	0.264189	8.666851	-3.142537	-25.000988	19.296043	0.336779	33.257838	15.591647	0.000000	16.388765	-1.608102	-9.364045	28.626730	0.499631	34.383143	12.710891	0.000000	0.023243	0.060030	0.350682	0.043164	0.079839	0.372600	0.038186	0.145956	0.372600	0.026564	0.145956	0.306847	0.021583	0.122412	0.284929	0.013281	0.092986	0.263011	0.166021	0.679066	1.950388	0.000000	0.000000	10.331780	4.208651	8.413042	9.506904	-5.090427	79.697481	30.155476	17.038302	-1.893735	-6.609200	9.080547	0.737752	55.452628	34.186142	58.424539	-2.964159	-2.456590
0.116667	-1.258618	-5.792308	98.896204	0.274677	0.977393	0.264713	8.786444	-3.238808	-24.907612	19.430066	0.339119	33.377381	15.544406	0.000000	16.423392	-1.483306	-9.105348	28.619102	0.499498	34.186647	12.271099	0.000000	0.020403	0.077821	0.290313	0.037891	0.103502	0.308458	0.033521	0.189214	0.308458	0.023319	0.189214	0.254024	0.018947	0.158692	0.235879	0.011658	0.120544	0.217735	0.145739	0.880325	1.614635	0.000000	0.000000	9.854094	4.523612	9.512837	8.691628	-5.466217	77.679840	30.683903	18.606207	-1.889198	-6.491993	8.821867	0.709491	55.143396	34.509766	56.760560	-2.432040	-1.989517
0.133333	-1.343287	-5.817505	98.845778	0.274808	0.977519	0.265144	8.853353	-3.344158	-24.845247	19.484968	0.340077	33.470975	15.566907	0.000000	16.424368	-1.332797	-8.879142	28.561889	0.498499	33.975532	11.806619	0.000000	0.019476	0.089908	0.234643	0.036169	0.119577	0.249308	0.031997	0.218601	0.249308	0.022259	0.218601	0.205312	0.018085	0.183339	0.190647	0.011129	0.139267	0.175982	0.139114	1.017052	1.305013	0.000000	0.000000	9.414205	4.811592	10.510506	7.863975	-5.803340	75.575861	31.219582	19.995579	-1.821153	-6.286769	8.639360	0.651244	54.997966	34.817087	55.095581	-1.953869	-1.564096
0.150000	-1.446107	-5.834007	98.765941	0.274964	0.977678	0.265467	8.869199	-3.453560	-24.801844	19.465937	0.339745	33.542084	15.646735	0.000000	16.388243	-1.161802	-8.685857	28.453275	0.496603	33.759277	11.324857	0.000000	0.020361	0.096776	0.184579	0.037812	0.128712	0.196115	0.033450	0.235301	0.196115	0.023270	0.235301	0.161507	0.018907	0.197346	0.149971	0.011634	0.149906	0.138434	0.145434	1.094749	1.026574	0.000000	0.000000	9.012792	5.064794	11.392344	7.042499	-6.101809	73.443130	31.752943	21.187645	-1.700151	-6.010189	8.520239	0.569745	54.991960	35.103188	53.461607	-1.524091	-1.171883
0.166667	-1.562913	-5.841280	98.656662	0.275145	0.977859	0.265668	8.835604	-3.561989	-24.765350	19.378157	0.338213	33.594175	15.771472	0.000000	16.311561	-0.975547	-8.525923	28.291444	0.493779	33.547360	10.833215	0.000000	0.022958	0.098912	0.141031	0.042635	0.131554	0.149845	0.037718	0.240496	0.149845	0.026239	0.240496	0.123402	0.021319	0.201702	0.114588	0.013118	0.153215	0.105773	0.163986	1.118917	0.784372	0.000000	0.000000	8.650530	5.275426	12.144649	6.245752	-6.361638	71.339236	32.274411	22.163634	-1.536746	-5.678916	8.451717	0.471727	55.101002	35.363152	51.890643	-1.137149	-0.804432
0.183333	-1.669954	-5.829159	98.505150	0.275371	0.977998	0.265756	8.748942	-3.633792	-24.673657	19.224559	0.335532	33.622744	15.891192	0.000000	16.185317	-0.803622	-8.398349	28.090665	0.490275	33.360583	10.313658	0.000000	0.026142	0.099886	0.121377	0.048548	0.132848	0.128963	0.042948	0.242862	0.128963	0.029877	0.242862	0.106205	0.024275	0.203687	0.098619	0.014937	0.154723	0.091033	0.186728	1.129928	0.675061	0.000000	0.000000	8.373574	5.357764	12.668786	5.491620	-6.605180	69.351367	32.750372	22.835597	-1.364698	-5.456302	8.461690	0.400755	55.530422	35.543698	50.165386	-0.739042	-0.408013
0.200000	-1.765866	-5.835181	98.351373	0.275626	0.978053	0.265657	8.634192	-3.677503	-24.591549	18.999461	0.331603	33.664699	16.036143	0.000000	16.057979	-0.671353	-8.431593	27.861893	0.486282	33.274547	10.026037	0.000000	0.034094	0.098266	0.099047	0.063315	0.130694	0.105238	0.056012	0.238924	0.105238	0.038966	0.238924	0.086667	0.031659	0.200384	0.080476	0.019481	0.152214	0.074286	0.243528	1.111606	0.550872	0.000000	0.000000	8.196811	5.342273	13.037420	4.839501	-6.783026	67.559868	33.176179	23.274099	-1.175435	-5.130456	8.389696	0.328231	55.609473	35.737044	49.002615	-0.408708	0.083180
0.216667	-1.873911	-5.846876	98.165116	0.275901	0.978070	0.265364	8.493969	-3.722487	-24.482562	18.733521	0.326962	33.722855	16.198926	0.000000	15.892765	-0.517402	-8.468857	27.563349	0.481071	33.225768	9.705913	0.000000	0.045227	0.091719	0.081629	0.083992	0.121986	0.086731	0.074304	0.223004	0.086731	0.051690	0.223004	0.071425	0.041998	0.187032	0.066323	0.025843	0.142072	0.061222	0.323055	1.037538	0.453996	0.000000	0.000000	8.068615	5.240194	13.205090	4.319232	-6.902757	66.104666	33.549197	23.292148	-0.974817	-4.747501	8.317463	0.250914	55.705179	35.888816	47.973061	-0.127702	0.551965
0.233333	-1.989845	-5.826410	97.948471	0.276211	0.978120	0.264840	8.283987	-3.757351	-24.350305	18.421638	0.321518	33.781028	16.387383	0.000000	15.637788	-0.369630	-8.609525	27.186880	0.474501	33.242930	9.508345	0.000000	0.054968	0.080563	0.071523	0.102082	0.107149	0.075993	0.090308	0.195881	0.075993	0.062823	0.195881	0.062582	0.051044	0.164285	0.058112	0.031409	0.124792	0.053642	0.392634	0.911347	0.397788	0.000000	0.000000	7.922200	5.073312	13.122793	3.938790	-6.972503	65.041476	33.868611	22.830851	-0.735872	-4.350389	8.269189	0.174740	55.886157	35.963360	47.217203	0.113800	0.951909
0.250000	-2.114928	-5.791405	97.682931	0.276529	0.978196	0.264083	8.034318	-3.785125	-24.133759	18.073154	0.315436	33.812739	16.539251	0.000000	15.296488	-0.183739	-8.650593	26.701481	0.466029	33.242388	9.119876	0.000000	0.066788	0.066064	0.067929	0.124033	0.087865	0.072174	0.109727	0.160627	0.072174	0.076332	0.160627	0.059437	0.062020	0.134717	0.055192	0.038163	0.102333	0.050946	0.477063	0.747325	0.377798	0.000000	0.000000	7.735329	4.915588	12.987845	3.679831	-7.000311	64.357213	34.132240	22.081550	-0.517728	-3.982165	8.206012	0.121467	56.036987	35.964495	46.694405	0.418212	1.344482
0.266667	-2.250499	-5.705458	97.372396	0.276858	0.978370	0.263076	7.696920	-3.800931	-23.839323	17.669071	0.308383	33.797970	16.653182	0.000000	14.809605	0.044511	-8.570166	26.071756	0.455038	33.203558	8.532386	0.000000	0.075843	0.047860	0.075571	0.140849	0.063653	0.080294	0.124603	0.116366	0.080294	0.086681	0.116366	0.066125	0.070428	0.097595	0.061402	0.043337	0.074135	0.056678	0.541742	0.541398	0.420304	0.000000	0.000000	7.477462	4.793660	12.750466	3.486435	-7.000010	63.828461	34.350026	21.293481	-0.342057	-3.615568	8.164576	0.091251	56.301318	35.870427	46.373632	0.706754	1.669373
0.283333	-2.364626	-5.588183	97.048545	0.277176	0.978604	0.261902	7.307892	-3.779003	-23.512131	17.237530	0.300852	33.728839	16.737874	0.000000	14.255500	0.249739	-8.528993	25.406290	0.443423	33.208049	7.994423	0.000000	0.084598	0.029689	0.085165	0.157106	0.039487	0.090488	0.138985	0.072187	0.090488	0.096687	0.072187	0.074519	0.078557	0.060543	0.069197	0.048339	0.045989	0.063874	0.604272	0.335853	0.473662	0.000000	0.000000	7.149909	4.709235	12.467890	3.387050	-7.013269	63.605988	34.551085	20.354364	-0.195048	-3.348998	8.126682	0.081579	56.617485	35.693947	46.225904	1.055719	1.962177
0.300000	-2.484846	-5.419898	96.670040	0.277521	0.978934	0.260537	6.853333	-3.749446	-23.100153	16.783144	0.292921	33.619981	16.780901	0.000000	13.563059	0.495676	-8.327831	24.610653	0.429537	33.140812	7.189932	0.000000	0.089489	0.008312	0.109926	0.166190	0.011055	0.116796	0.147022	0.020210	0.116796	0.102277	0.020210	0.096185	0.083100	0.016950	0.089315	0.051134	0.012875	0.082444	0.639212	0.094026	0.611374	0.000000	0.000000	6.784510	4.637129	12.075374	3.309461	-7.023723	63.452357	34.738881	19.530176	-0.082286	-3.115495	8.151364	0.075659	57.219741	35.458945	45.957874	1.390222	2.181113
0.316667	-2.608208	-5.208394	96.241712	0.277924	0.979345	0.259003	6.343932	-3.709949	-22.611270	16.305871	0.284591	33.485949	16.797262	0.000000	12.757135	0.765782	-8.012477	23.717041	0.413940	33.006579	6.190221	0.000000	0.090999	-0.016532	0.146298	0.168994	-0.021988	0.155442	0.149502	-0.040197	0.155442	0.104003	-0.040197	0.128011	0.084502	-0.033713	0.118867	0.051997	-0.025609	0.109724	0.649995	-0.187018	0.813668	0.000000	0.000000	6.415642	4.582892	11.581559	3.262640	-7.034101	63.432875	34.924781	18.683120	0.021625	-2.904560	8.210653	0.058708	57.979881	35.217406	45.659840	1.725261	2.384052
0.333333	-2.735092	-4.957070	95.785260	0.278349	0.979840	0.257349	5.789424	-3.669910	-22.083300	15.816714	0.276054	33.335606	16.802094	0.000000	11.857581	1.065511	-7.579692	22.744628	0.396969	32.802207	5.007872	0.000000	0.088300	-0.044786	0.191954	0.163983	-0.059566	0.203951	0.145069	-0.108894	0.203951	0.100919	-0.108894	0.167960	0.081996	-0.091328	0.155963	0.050455	-0.069374	0.143966	0.630721	-0.506633	1.067591	0.000000	0.000000	6.073158	4.525781	10.972441	3.196842	-7.050490	63.366524	35.136377	17.930441	0.110136	-2.655473	8.336846	0.011157	58.994625	35.001915	45.181170	2.002595	2.529228
0.350000	-2.865921	-4.676135	95.311584	0.278791	0.980413	0.255619	5.208074	-3.632214	-21.521678	15.325220	0.267476	33.193428	16.799239	0.000000	10.894905	1.381467	-7.072978	21.726360	0.379197	32.534841	3.721615	0.000000	0.082005	-0.076381	0.244090	0.152291	-0.101587	0.259346	0.134726	-0.185713	0.259346	0.093723	-0.185713	0.213579	0.076150	-0.155756	0.198323	0.046857	-0.118314	0.183068	0.585752	-0.864039	1.357557	0.000000	0.000000	5.749477	4.470153	10.256471	3.120100	-7.071150	63.315957	35.375936	17.117585	0.204989	-2.377834	8.519497	-0.071286	60.163061	34.837564	44.583401	2.235098	2.626618
0.366667	-3.005076	-4.375680	94.848140	0.279214	0.981065	0.253857	4.610309	-3.607037	-20.970178	14.836237	0.258941	33.068669	16.804697	0.000000	9.900586	1.715850	-6.502914	20.691596	0.361136	32.216835	2.380750	0.000000	0.073058	-0.111585	0.297678	0.135676	-0.148408	0.316283	0.120027	-0.271308	0.316283	0.083498	-0.271308	0.260469	0.067842	-0.227545	0.241864	0.041745	-0.172846	0.223259	0.521846	-1.262275	1.655598	0.000000	0.000000	5.410826	4.442307	9.454041	3.023896	-7.103513	63.275282	35.651189	16.277144	0.331217	-2.071831	8.774002	-0.210462	61.507804	34.749321	43.821772	2.399987	2.627278
0.383333	-3.145398	-4.070128	94.403195	0.279592	0.981772	0.252100	4.021698	-3.595548	-20.458285	14.370444	0.250812	32.966058	16.828755	0.000000	8.910561	2.064919	-5.816056	19.669371	0.343295	31.817881	0.892853	0.000000	0.063105	-0.148825	0.353512	0.117193	-0.197938	0.375607	0.103676	-0.361854	0.375607	0.072123	-0.361854	0.309323	0.058600	-0.303485	0.287229	0.036058	-0.230531	0.265134	0.450755	-1.683543	1.966128	0.000000	0.000000	5.058759	4.465795	8.603960	2.826775	-7.138545	62.929993	35.981300	15.922374	0.507699	-1.656738	9.070768	-0.402698	62.872084	34.749863	43.079343	2.514608	2.571694
0.400000	-3.296434	-3.750173	94.005174	0.279893	0.982553	0.250393	3.435188	-3.612272	-20.018670	13.945480	0.243395	32.880747	16.856724	0.000000	7.924210	2.436529	-5.043440	18.666802	0.325797	31.378143	-0.635909	0.000000	0.050401	-0.189224	0.405738	0.093600	-0.251668	0.431097	0.082804	-0.460079	0.431097	0.057603	-0.460079	0.355021	0.046802	-0.385866	0.329662	0.028799	-0.293108	0.304304	0.360009	-2.140540	2.256595	0.000000	0.000000	4.690187	4.539787	7.667004	2.599089	-7.197967	62.559203	36.344194	15.678247	0.721398	-1.217531	9.418673	-0.664145	64.291523	34.835177	42.222989	2.535783	2.306524
0.416667	-3.461537	-3.426348	93.648935	0.280110	0.983364	0.248714	2.861481	-3.665692	-19.684368	13.572332	0.236882	32.801034	16.903096	0.000000	6.954388	2.833190	-4.136033	17.692518	0.308793	30.874974	-2.286551	0.000000	0.037045	-0.232382	0.458549	0.068796	-0.309067	0.487208	0.060861	-0.565012	0.487208	0.042338	-0.565012	0.401230	0.034400	-0.473872	0.372571	0.021167	-0.359959	0.343911	0.264606	-2.628747	2.550310	0.000000	0.000000	4.314151	4.657138	6.648549	2.268933	-7.257527	61.881358	36.726282	16.095859	1.011115	-0.748145	9.747106	-0.987082	65.493849	35.022640	41.712007	2.448713	1.907699
0.433333	-3.630574	-3.109238	93.329741	0.280258	0.984174	0.247197	2.329892	-3.748866	-19.441395	13.276893	0.231725	32.705824	16.944746	0.000000	6.044622	3.223014	-3.243657	16.792455	0.293084	30.361355	-3.870090	0.000000	0.022648	-0.276435	0.513877	0.042059	-0.367659	0.545994	0.037208	-0.672125	0.545994	0.025884	-0.672125	0.449642	0.021031	-0.563707	0.417525	0.012941	-0.428198	0.385407	0.161770	-3.127092	2.858028	0.000000	0.000000	3.991625	4.774875	5.541228	1.891785	-7.321140	61.032910	37.071035	16.862418	1.334951	-0.252367	10.090673	-1.363375	66.542434	35.282696	41.315546	2.283603	1.351506
0.450000	-3.802184	-2.808757	93.068796	0.280312	0.984936	0.245837	1.839560	-3.864310	-19.343299	13.050945	0.227782	32.584662	17.000634	0.000000	5.203175	3.614885	-2.254785	15.959634	0.278548	29.801941	-5.510250	0.000000	0.008949	-0.320597	0.567107	0.016618	-0.426394	0.602551	0.014702	-0.779499	0.602551	0.010227	-0.779499	0.496219	0.008310	-0.653761	0.460774	0.005113	-0.496605	0.425330	0.063919	-3.626656	3.154079	0.000000	0.000000	3.743373	4.851845	4.373196	1.468037	-7.384450	59.978890	37.356505	18.182725	1.706236	0.206453	10.393898	-1.782953	67.253336	35.625983	41.330666	1.973187	0.684085
0.466667	-3.978378	-2.534428	92.870147	0.280288	0.985614	0.244655	1.400382	-4.009279	-19.373143	12.893929	0.225042	32.447569	17.050924	0.000000	4.437257	3.998522	-1.217876	15.189440	0.265106	29.220017	-7.125248	0.000000	-0.003359	-0.364809	0.617226	-0.006238	-0.485196	0.655803	-0.005519	-0.886996	0.655803	-0.003839	-0.886996	0.540073	-0.003119	-0.743918	0.501496	-0.001919	-0.565089	0.462920	-0.023994	-4.126790	3.432828	0.000000	0.000000	3.601092	4.856084	3.169619	1.009465	-7.448155	58.727117	37.551641	20.147085	2.072036	0.613646	10.655533	-2.236471	67.603670	36.028415	41.760631	1.539515	-0.073914
0.483333	-4.157468	-2.293642	92.750633	0.280193	0.986191	0.243698	1.019424	-4.181465	-19.557690	12.802346	0.223443	32.309733	17.116140	0.000000	3.753529	4.356470	-0.209664	14.477566	0.252681	28.648891	-8.590531	0.000000	-0.014280	-0.408998	0.659997	-0.026520	-0.543967	0.701247	-0.023461	-0.994437	0.701247	-0.016321	-0.994437	0.577497	-0.013261	-0.834028	0.536247	-0.008160	-0.633537	0.494998	-0.102004	-4.626663	3.670704	0.000000	0.000000	3.591847	4.793462	1.979187	0.573938	-7.521931	57.485925	37.613833	22.553355	2.374025	0.878736	10.904237	-2.720019	67.685373	36.452170	42.478751	0.977640	-0.939584
0.500000	-4.329518	-2.091263	92.712733	0.280027	0.986658	0.242932	0.694227	-4.362680	-19.857288	12.754810	0.222613	32.185043	17.185477	0.000000	3.141325	4.678642	0.804652	13.795697	0.240780	28.079435	-9.928334	0.000000	-0.022358	-0.452230	0.695726	-0.041520	-0.601466	0.739209	-0.036731	-1.099553	0.739209	-0.025553	-1.099553	0.608760	-0.020761	-0.922188	0.565277	-0.012775	-0.700505	0.521794	-0.159698	-5.115719	3.869419	0.000000	0.000000	3.712407	4.624496	0.748779	0.163204	-7.601097	56.269028	37.542103	25.277206	2.598393	1.004379	11.151164	-3.225450	67.570762	36.867921	43.421338	0.298187	-1.859028
0.516667	-4.483853	-1.930407	92.752251	0.279792	0.987017	0.242333	0.420124	-4.529665	-20.217182	12.723576	0.222068	32.079938	17.231714	0.000000	2.596237	4.950321	1.804552	13.133493	0.229223	27.539516	-11.104112	0.000000	-0.027744	-0.492449	0.721288	-0.051524	-0.654957	0.766369	-0.045581	-1.197341	0.766369	-0.031709	-1.197341	0.631127	-0.025763	-1.004202	0.586047	-0.015853	-0.762804	0.540966	-0.198173	-5.570683	4.011589	0.000000	0.000000	3.939052	4.393613	-0.392526	-0.246187	-7.682762	54.971247	37.338727	28.591704	2.713831	0.971216	11.364576	-3.734886	67.172725	37.250664	44.809342	-0.451796	-2.814842
0.533333	-4.610704	-1.816830	92.879396	0.279483	0.987280	0.241924	0.201188	-4.670697	-20.644153	12.697726	0.221617	31.996621	17.274994	0.000000	2.127774	5.154679	2.724461	12.494997	0.218079	27.068286	-12.011896	0.000000	-0.030115	-0.528584	0.729828	-0.055926	-0.703017	0.775442	-0.049475	-1.285199	0.775442	-0.034418	-1.285199	0.638599	-0.027964	-1.077888	0.592985	-0.017207	-0.818776	0.547371	-0.215106	-5.979446	4.059082	0.000000	0.000000	4.240412	4.135270	-1.392811	-0.614416	-7.778930	53.782098	37.000151	32.163715	2.686720	0.702111	11.566470	-4.248624	66.636017	37.560304	46.427780	-1.228311	-3.811321
0.550000	-4.728706	-1.740558	93.059741	0.279108	0.987478	0.241676	0.032544	-4.801715	-21.066031	12.681072	0.221326	31.950769	17.300312	0.000000	1.696723	5.346397	3.733928	11.824288	0.206373	26.617864	-12.925853	0.000000	-0.031069	-0.562457	0.724480	-0.057699	-0.748068	0.769761	-0.051044	-1.367558	0.769761	-0.035509	-1.367558	0.633920	-0.028851	-1.146962	0.588640	-0.017753	-0.871246	0.543360	-0.221925	-6.362624	4.029343	0.000000	0.000000	4.594383	3.859029	-2.260529	-0.957865	-7.870113	52.610140	36.566421	35.952053	2.541372	0.251373	11.759394	-4.774193	66.037749	37.763797	48.405647	-1.945830	-4.858322
0.566667	-4.822807	-1.701358	93.303482	0.278657	0.987611	0.241627	-0.088178	-4.904419	-21.472152	12.660264	0.220963	31.943905	17.299924	0.000000	1.311140	5.490224	4.696923	11.134296	0.194330	26.243925	-13.632896	0.000000	-0.030935	-0.592033	0.697289	-0.057449	-0.787404	0.740869	-0.050823	-1.439470	0.740869	-0.035355	-1.439470	0.610128	-0.028726	-1.207274	0.566547	-0.017676	-0.917059	0.522967	-0.220963	-6.697198	3.878111	0.000000	0.000000	4.989940	3.575249	-2.938184	-1.246251	-7.973753	51.604271	36.037710	39.576653	2.267166	-0.415371	11.939100	-5.314072	65.476486	37.847625	50.537665	-2.601208	-5.928918
0.583333	-4.886902	-1.698364	93.596814	0.278103	0.987670	0.241738	-0.164086	-4.971803	-21.826628	12.628580	0.220410	31.975729	17.253413	0.000000	0.954394	5.611588	5.790316	10.392715	0.181387	25.883067	-14.402240	0.000000	-0.029059	-0.615769	0.648656	-0.053966	-0.818973	0.689197	-0.047742	-1.497181	0.689197	-0.033212	-1.497181	0.567574	-0.026985	-1.255677	0.527033	-0.016605	-0.953827	0.486492	-0.207569	-6.965705	3.607630	0.000000	0.000000	5.416435	3.291775	-3.386987	-1.536791	-8.068234	50.505470	35.471916	43.246497	1.917838	-1.182651	12.059278	-5.848547	64.848824	37.812623	53.056865	-3.139312	-6.914283
0.600000	-4.917831	-1.720097	93.922999	0.277485	0.987664	0.241982	-0.215006	-4.998277	-22.128116	12.570794	0.219402	32.039646	17.181769	0.000000	0.615211	5.679659	6.842021	9.613108	0.167780	25.568240	-15.011778	0.000000	-0.026686	-0.633384	0.578159	-0.049558	-0.842401	0.614294	-0.043842	-1.540010	0.614294	-0.030499	-1.540010	0.505889	-0.024781	-1.291597	0.469754	-0.015248	-0.981112	0.433619	-0.190615	-7.164968	3.215547	0.000000	0.000000	5.861174	3.031422	-3.591965	-1.798755	-8.159722	49.443322	34.882496	46.726397	1.435003	-2.054134	12.098124	-6.382397	64.154373	37.681850	55.916125	-3.587377	-7.744905
0.616667	-4.895080	-1.776176	94.277231	0.276774	0.987552	0.242371	-0.214168	-4.972860	-22.381304	12.519219	0.218502	32.135095	17.083946	0.000000	0.334185	5.670413	7.798387	8.854111	0.154533	25.321496	-15.420423	0.000000	-0.022347	-0.641448	0.485575	-0.041500	-0.853126	0.515923	-0.036713	-1.559617	0.515923	-0.025540	-1.559617	0.424878	-0.020751	-1.308041	0.394529	-0.012769	-0.993603	0.364181	-0.159620	-7.256190	2.700620	0.000000	0.000000	6.321750	2.786681	-3.495767	-2.055607	-8.259526	48.254848	34.350860	50.298789	0.888276	-2.940900	12.037965	-6.894687	63.326203	37.475129	59.106356	-3.862372	-8.337112
0.633333	-4.861159	-1.833143	94.584956	0.276050	0.987401	0.242802	-0.203645	-4.935732	-22.517720	12.458179	0.217436	32.259243	16.963756	0.000000	0.010346	5.663794	8.813837	8.006373	0.139738	25.018230	-15.944002	0.000000	-0.020313	-0.645309	0.393830	-0.037724	-0.858260	0.418444	-0.033373	-1.569003	0.418444	-0.023216	-1.569003	0.344601	-0.018863	-1.315913	0.319987	-0.011607	-0.999583	0.295373	-0.145096	-7.299860	2.190364	0.000000	0.000000	6.788441	2.561296	-3.232752	-2.356083	-8.347041	46.777608	33.888750	54.168716	0.243300	-3.720800	11.955317	-7.395012	62.639379	37.216376	62.301195	-4.061367	-8.701612
0.650000	-4.802654	-1.892242	94.855300	0.275329	0.987208	0.243272	-0.185955	-4.873675	-22.571386	12.385163	0.216162	32.395986	16.845209	0.000000	-0.307483	5.620746	9.704053	7.168608	0.125116	24.731946	-16.344165	0.000000	-0.020106	-0.644097	0.301704	-0.037340	-0.856649	0.320561	-0.033033	-1.566058	0.320561	-0.022980	-1.566058	0.263991	-0.018671	-1.313443	0.245135	-0.011489	-0.997706	0.226278	-0.143618	-7.286155	1.677989	0.000000	0.000000	7.252387	2.373220	-2.832338	-2.638642	-8.465024	45.300628	33.521368	58.026318	-0.543629	-4.421536	11.851283	-7.882373	62.032142	36.940472	65.563748	-4.173192	-8.781356
0.666667	-4.724729	-1.942297	95.069264	0.274638	0.987013	0.243773	-0.168568	-4.794419	-22.550891	12.307475	0.214806	32.532839	16.739484	0.000000	-0.620704	5.549998	10.432178	6.365834	0.111105	24.457719	-16.629696	0.000000	-0.023614	-0.639015	0.218918	-0.043853	-0.849890	0.232600	-0.038795	-1.553701	0.232600	-0.026988	-1.553701	0.191553	-0.021928	-1.303079	0.177871	-0.013493	-0.989834	0.164189	-0.168670	-7.228664	1.217557	0.000000	0.000000	7.705162	2.219504	-2.393921	-2.880587	-8.628980	43.957136	33.240153	61.730228	-1.546170	-5.054612	11.781206	-8.355602	61.629789	36.665781	68.772913	-4.241416	-8.598940
0.683333	-4.633835	-1.983087	95.212728	0.273990	0.986834	0.244292	-0.144423	-4.709634	-22.459053	12.241206	0.213649	32.658437	16.651397	0.000000	-0.918013	5.461773	10.992156	5.624232	0.098161	24.193272	-16.820624	0.000000	-0.030505	-0.631070	0.152952	-0.056650	-0.839323	0.162512	-0.050116	-1.534384	0.162512	-0.034864	-1.534384	0.133833	-0.028327	-1.286878	0.124274	-0.017430	-0.977528	0.114714	-0.217891	-7.138792	0.850674	0.000000	0.000000	8.123144	2.098779	-1.982041	-3.058268	-8.861136	42.883915	33.038064	65.247480	-2.809086	-5.653303	11.792416	-8.808510	61.560080	36.393768	71.794867	-4.320166	-8.212494
0.700000	-4.539159	-2.008832	95.292807	0.273391	0.986710	0.244782	-0.128641	-4.628982	-22.334078	12.180602	0.212592	32.751059	16.601899	0.000000	-1.195562	5.369633	11.405065	4.968571	0.086718	23.935350	-16.957294	0.000000	-0.040827	-0.621662	0.103132	-0.075821	-0.826811	0.109578	-0.067075	-1.511509	0.109578	-0.046662	-1.511509	0.090240	-0.037912	-1.267693	0.083795	-0.023329	-0.962955	0.077349	-0.291626	-7.032366	0.573589	0.000000	0.000000	8.485445	2.039528	-1.607138	-3.153180	-9.164335	42.165822	32.895914	68.593070	-4.360348	-6.230079	11.883879	-9.248130	61.805179	36.134578	74.586181	-4.421620	-7.680640
0.716667	-4.445563	-2.019382	95.285502	0.272885	0.986648	0.245206	-0.110588	-4.560166	-22.161444	12.145709	0.211983	32.804095	16.575423	0.000000	-1.450100	5.285294	11.686214	4.407943	0.076933	23.667950	-17.114724	0.000000	-0.053660	-0.611433	0.076851	-0.099653	-0.813206	0.081654	-0.088159	-1.486638	0.081654	-0.061328	-1.486638	0.067245	-0.049829	-1.246834	0.062441	-0.030662	-0.947109	0.057638	-0.383291	-6.916650	0.427422	0.000000	0.000000	8.786549	2.044582	-1.279191	-3.220976	-9.524644	41.595810	32.839781	71.886425	-6.115725	-6.747124	12.032667	-9.662925	62.271630	35.892666	77.190836	-4.571539	-6.988770
0.733333	-4.362820	-2.003705	95.196903	0.272485	0.986677	0.245556	-0.102326	-4.512517	-21.952695	12.141056	0.211901	32.812337	16.559954	0.000000	-1.682517	5.209617	11.768362	3.963608	0.069178	23.443293	-17.169381	0.000000	-0.069733	-0.602008	0.073179	-0.129501	-0.800671	0.077753	-0.114564	-1.463723	0.077753	-0.079697	-1.463723	0.064032	-0.064754	-1.227615	0.059458	-0.039845	-0.932511	0.054884	-0.498094	-6.810038	0.406999	0.000000	0.000000	9.012680	2.095452	-1.052992	-3.236186	-9.942155	41.249165	32.869244	74.823103	-7.979992	-7.244082	12.242928	-10.058943	62.984862	35.665510	79.447821	-4.825255	-6.254737
0.750000	-4.288736	-1.973011	95.016365	0.272203	0.986768	0.245777	-0.095078	-4.483931	-21.711892	12.164300	0.212307	32.766143	16.550429	0.000000	-1.883092	5.151464	11.733409	3.636913	0.063476	23.227994	-17.262865	0.000000	-0.085453	-0.592662	0.096139	-0.158695	-0.788240	0.102147	-0.140391	-1.440997	0.102147	-0.097665	-1.440997	0.084121	-0.079352	-1.208556	0.078113	-0.048828	-0.918033	0.072104	-0.610384	-6.704306	0.534695	0.000000	0.000000	9.165293	2.191279	-0.899260	-3.299381	-10.364987	40.705302	32.987458	77.829152	-9.762517	-7.635494	12.448172	-10.417921	63.670203	35.467628	81.662770	-5.145925	-5.364437
0.766667	-4.231588	-1.921896	94.760739	0.272048	0.986929	0.245931	-0.094692	-4.481261	-21.462272	12.213776	0.213171	32.671970	16.558662	0.000000	-2.036432	5.110480	11.513742	3.458224	0.060357	23.062187	-17.279464	0.000000	-0.101940	-0.584438	0.141003	-0.189314	-0.777302	0.149816	-0.167478	-1.421002	0.149816	-0.116508	-1.421002	0.123378	-0.094662	-1.191786	0.114565	-0.058249	-0.905294	0.105753	-0.728150	-6.611278	0.784219	0.000000	0.000000	9.265040	2.308030	-0.812572	-3.345995	-10.791797	40.188621	33.168909	80.396912	-11.531141	-7.940961	12.690754	-10.749658	64.444698	35.292503	83.460801	-5.563595	-4.424942
0.783333	-4.193055	-1.834386	94.423000	0.272038	0.987162	0.245869	-0.143237	-4.495529	-21.182905	12.252595	0.213848	32.529390	16.558100	0.000000	-2.215534	5.094936	11.228312	3.340976	0.058311	22.900854	-17.363706	0.000000	-0.118627	-0.577632	0.207570	-0.220302	-0.768250	0.220543	-0.194892	-1.404453	0.220543	-0.135579	-1.404453	0.181624	-0.110157	-1.177906	0.168651	-0.067783	-0.894751	0.155678	-0.847341	-6.534284	1.154444	0.000000	0.000000	9.289308	2.447540	-0.762821	-3.439546	-11.198016	39.464960	33.428830	82.858080	-13.078244	-8.174480	12.884400	-11.045791	65.011100	35.171096	85.165683	-6.072388	-3.398385
0.800000	-4.190154	-1.738180	94.040431	0.272157	0.987445	0.245707	-0.196271	-4.545471	-20.932158	12.303859	0.214743	32.366951	16.586842	0.000000	-2.368446	5.113332	10.834512	3.310160	0.057773	22.773424	-17.397779	0.000000	-0.133206	-0.575237	0.289919	-0.247377	-0.765066	0.308038	-0.218844	-1.398632	0.308038	-0.152241	-1.398632	0.253679	-0.123695	-1.173024	0.235559	-0.076114	-0.891043	0.217439	-0.951478	-6.507201	1.612440	0.000000	0.000000	9.285730	2.596298	-0.774043	-3.524908	-11.578104	38.743434	33.716784	84.939010	-14.479501	-8.386623	13.112105	-11.323010	65.584351	35.073893	86.585769	-6.649726	-2.343068
0.816667	-4.210344	-1.622605	93.604230	0.272451	0.987791	0.245403	-0.284743	-4.605681	-20.692563	12.319690	0.215019	32.193966	16.681397	0.000000	-2.532376	5.149910	10.350507	3.318116	0.057912	22.667460	-17.399783	0.000000	-0.147086	-0.576236	0.389094	-0.273153	-0.766394	0.413412	-0.241647	-1.401061	0.413412	-0.168104	-1.401061	0.340457	-0.136584	-1.175061	0.316139	-0.084045	-0.892590	0.291820	-1.050619	-6.518501	2.164022	0.000000	0.000000	9.265547	2.743850	-0.809454	-3.618185	-11.927040	38.014741	34.030815	86.581998	-15.665715	-8.597909	13.343893	-11.584649	66.077271	35.005600	87.685359	-7.281001	-1.301148
0.833333	-4.244969	-1.497089	93.116780	0.272903	0.988183	0.244971	-0.394894	-4.671478	-20.661181	12.296816	0.214620	32.064934	17.141073	0.000000	-2.714337	5.198081	9.831933	3.325900	0.058048	22.553986	-17.431984	0.000000	-0.160159	-0.579658	0.499701	-0.297432	-0.770946	0.530932	-0.263126	-1.409381	0.530932	-0.183046	-1.409381	0.437238	-0.148724	-1.182039	0.406007	-0.091515	-0.897891	0.374775	-1.144002	-6.557210	2.779184	0.000000	0.000000	9.270704	2.876909	-0.835121	-3.749442	-12.233065	37.128380	34.371749	87.988399	-16.586117	-8.755087	13.482135	-11.821142	66.151764	34.972693	88.782147	-7.885099	-0.280483
0.850000	-4.290075	-1.367946	92.612074	0.273506	0.988602	0.244415	-0.567919	-4.697273	-20.327573	12.134889	0.211794	31.861902	17.254657	0.000000	-2.906617	5.249374	9.293626	3.330274	0.058124	22.449130	-17.447588	0.000000	-0.172164	-0.585555	0.616153	-0.319725	-0.778788	0.654662	-0.282848	-1.423718	0.654662	-0.196766	-1.423718	0.539134	-0.159871	-1.194063	0.500624	-0.098374	-0.907024	0.462114	-1.229749	-6.623913	3.426856	0.000000	0.000000	9.318473	2.988192	-0.826154	-3.910826	-12.511754	36.238840	34.718385	88.863013	-17.254527	-8.941027	13.582200	-12.068506	66.171857	34.935540	89.260976	-8.487797	0.531497
0.866667	-4.343460	-1.258989	92.116746	0.274220	0.989021	0.243827	-0.758596	-4.694226	-20.135143	11.869517	0.207162	31.710107	17.632097	0.000000	-3.070482	5.300945	8.760501	3.339731	0.058289	22.350859	-17.441722	0.000000	-0.181434	-0.593765	0.731397	-0.336941	-0.789708	0.777109	-0.298078	-1.443681	0.777109	-0.207361	-1.443681	0.639972	-0.168480	-1.210806	0.594260	-0.103671	-0.919742	0.548548	-1.295966	-6.716791	4.067811	0.000000	0.000000	9.424962	3.062418	-0.769398	-4.103897	-12.718554	35.247589	35.022475	89.247798	-17.665760	-9.111857	13.608496	-12.322257	65.985637	34.880211	89.447609	-9.057018	1.257255
0.883333	-4.399459	-1.158032	91.650536	0.274987	0.989416	0.243143	-1.034902	-4.640242	-19.499506	11.406354	0.199078	31.425070	17.429080	0.000000	-3.238428	5.350264	8.294117	3.321489	0.057971	22.243761	-17.452531	0.000000	-0.188838	-0.603020	0.838876	-0.350691	-0.802017	0.891306	-0.310242	-1.466184	0.891306	-0.215823	-1.466184	0.734017	-0.175355	-1.229679	0.681587	-0.107902	-0.934079	0.629157	-1.348852	-6.821488	4.665577	0.000000	0.000000	9.584936	3.087021	-0.644381	-4.345060	-12.865097	34.168729	35.270607	89.022417	-17.783989	-9.237855	13.542810	-12.596346	65.739677	34.778415	89.032085	-9.582060	1.751021
0.900000	-4.458638	-1.057728	91.208770	0.275767	0.989757	0.242441	-1.393487	-4.552187	-18.466375	10.765783	0.187898	31.029670	16.699214	0.000000	-3.411496	5.403280	7.860000	3.277049	0.057195	22.134050	-17.446165	0.000000	-0.196518	-0.612739	0.935704	-0.364954	-0.814943	0.994186	-0.322860	-1.489813	0.994186	-0.224601	-1.489813	0.818741	-0.182487	-1.249497	0.760260	-0.112291	-0.949132	0.701778	-1.403711	-6.931423	5.204107	0.000000	0.000000	9.793924	3.048529	-0.446637	-4.581110	-12.967842	33.181032	35.424316	87.947985	-17.605026	-9.307850	13.389993	-12.889060	65.495814	34.593035	87.817695	-10.022454	1.948938
0.916667	-4.520161	-0.964399	90.809355	0.276487	0.989986	0.241672	-1.829813	-4.436567	-17.131542	9.963623	0.173898	30.548341	15.543025	0.000000	-3.595417	5.458877	7.536971	3.191593	0.055704	22.008073	-17.480664	0.000000	-0.202598	-0.622113	1.019985	-0.376244	-0.827411	1.083734	-0.332848	-1.512606	1.083734	-0.231549	-1.512606	0.892487	-0.188132	-1.268613	0.828738	-0.115764	-0.963654	0.764989	-1.447136	-7.037470	5.672852	0.000000	0.000000	10.036621	2.949650	-0.187658	-4.888891	-12.976527	31.923887	35.504324	86.508882	-17.110958	-9.198031	13.094166	-13.183046	65.031648	34.348138	86.316487	-10.387482	1.996437
0.933333	-4.588293	-0.863476	90.435501	0.277124	0.990087	0.240893	-2.340297	-4.313313	-15.664620	9.038707	0.157755	30.040589	14.205935	0.000000	-3.798654	5.525984	7.279591	3.075921	0.053685	21.869088	-17.535091	0.000000	-0.209772	-0.631354	1.091434	-0.389568	-0.839701	1.159648	-0.344634	-1.535075	1.159648	-0.239748	-1.535075	0.955004	-0.194794	-1.287458	0.886790	-0.119864	-0.977968	0.818575	-1.498380	-7.142008	6.070226	0.000000	0.000000	10.303160	2.791637	0.107993	-5.188876	-12.928997	30.677725	35.472277	84.695567	-16.376443	-8.961680	12.648029	-13.470734	64.212552	34.036075	84.670582	-10.637360	1.894854
0.950000	-4.656552	-0.752411	90.083986	0.277638	0.990041	0.240157	-2.907337	-4.187179	-13.901032	8.032156	0.140188	29.440792	12.418176	0.000000	-4.017451	5.602229	7.068808	2.936729	0.051256	21.725212	-17.607531	0.000000	-0.219030	-0.638897	1.153736	-0.406760	-0.849733	1.225845	-0.359844	-1.553414	1.225845	-0.250329	-1.553414	1.009519	-0.203391	-1.302838	0.937411	-0.125154	-0.989651	0.865302	-1.564508	-7.227329	6.416736	0.000000	0.000000	10.579768	2.569613	0.433145	-5.497937	-12.820419	29.271386	35.352287	82.982421	-15.425029	-8.555492	12.144692	-13.732519	63.372498	33.617957	82.628903	-10.750582	1.595068
0.966667	-4.729257	-0.626745	89.758208	0.278000	0.989849	0.239454	-3.526596	-4.069974	-11.928512	6.973325	0.121707	28.770666	10.289512	0.000000	-4.254657	5.693316	6.898197	2.784660	0.048601	21.592697	-17.693558	0.000000	-0.230812	-0.645569	1.207284	-0.428641	-0.858607	1.282739	-0.379201	-1.569637	1.282739	-0.263795	-1.569637	1.056373	-0.214332	-1.316445	0.980918	-0.131886	-0.999987	0.905463	-1.648668	-7.302809	6.714549	0.000000	0.000000	10.846896	2.298224	0.738840	-5.762711	-12.694808	27.953072	35.126952	81.317255	-14.415365	-8.083861	11.628355	-13.964126	62.623844	33.090178	80.276874	-10.759465	1.111512
0.983333	-4.805445	-0.486325	89.447987	0.278229	0.989506	0.238807	-4.178749	-3.968018	-9.831591	5.897957	0.102939	28.076108	7.943648	0.000000	-4.509247	5.797780	6.748593	2.623359	0.045786	21.482688	-17.780277	0.000000	-0.246284	-0.651669	1.255627	-0.457375	-0.866720	1.334104	-0.404621	-1.584468	1.334104	-0.281478	-1.584468	1.098674	-0.228700	-1.328884	1.020197	-0.140727	-1.009436	0.941720	-1.759185	-7.371812	6.983421	0.000000	0.000000	11.106695	2.000617	1.013082	-5.960487	-12.585110	26.737266	34.809521	79.969003	-13.528276	-7.577613	11.085061	-14.169438	61.641421	32.493396	78.211427	-10.678269	0.549864
1.000000	-4.872916	-0.330923	89.149942	0.278311	0.989040	0.238198	-4.847554	-3.878436	-7.628261	4.840994	0.084491	27.353607	5.405570	0.000000	-4.779542	5.905512	6.611204	2.462675	0.042982	21.406768	-17.874804	0.000000	-0.264823	-0.655663	1.300603	-0.491802	-0.872032	1.381891	-0.435077	-1.594179	1.381891	-0.302666	-1.594179	1.138028	-0.245914	-1.337028	1.056740	-0.151320	-1.015622	0.975452	-1.891602	-7.416992	7.233564	0.000000	0.000000	11.336366	1.694554	1.254265	-6.011412	-12.542224	25.950903	34.333148	78.914677	-12.931131	-7.165965	10.663327	-14.314908	61.261058	31.750272	75.717961	-10.557508	-0.252950
1.016667	-4.912998	-0.141365	88.823098	0.278242	0.988457	0.237645	-5.527283	-3.800252	-5.348443	3.839450	0.067011	26.639327	2.779409	0.000000	-5.092446	6.006725	6.437977	2.292426	0.040010	21.387019	-17.959998	0.000000	-0.289271	-0.653814	1.343861	-0.537206	-0.869572	1.427852	-0.475244	-1.589683	1.427852	-0.330608	-1.589683	1.175878	-0.268617	-1.333257	1.091887	-0.165290	-1.012758	1.007896	-2.066237	-7.396072	7.474151	0.000000	0.000000	11.533117	1.366707	1.542040	-5.901906	-12.938397	20.620800	34.662890	82.902392	-13.077029	-6.493051	10.326565	-14.391831	61.179455	30.898900	73.292185	-10.457489	-1.206973
1.033333	-4.950009	0.046168	88.503990	0.278090	0.987798	0.237143	-6.172389	-3.748359	-3.086443	2.911652	0.050818	25.954262	0.148483	0.000000	-5.388617	6.114615	6.250507	2.151467	0.037550	21.413842	-18.040512	0.000000	-0.314744	-0.651230	1.385613	-0.584512	-0.866136	1.472214	-0.517093	-1.583400	1.472214	-0.359721	-1.583400	1.212412	-0.292272	-1.327988	1.125811	-0.179845	-1.008755	1.039210	-2.248187	-7.366842	7.706365	0.000000	0.000000	11.695184	1.073583	1.803166	-5.435350	-13.158113	19.644111	34.105117	84.639054	-13.642362	-5.996992	10.153386	-14.394301	61.903934	29.911085	70.482558	-10.364863	-2.369947
1.050000	-4.977455	0.219354	88.173988	0.277873	0.987048	0.236733	-6.745439	-3.720157	-0.878166	2.093297	0.036535	25.336374	-2.412870	0.000000	-5.647971	6.223238	6.010942	2.049258	0.035766	21.500874	-18.102428	0.000000	-0.340117	-0.646755	1.432453	-0.631632	-0.860185	1.521981	-0.558779	-1.572521	1.521981	-0.388720	-1.572521	1.253396	-0.315833	-1.318864	1.163868	-0.194343	-1.001824	1.074340	-2.429424	-7.316227	7.966874	0.000000	0.000000	11.833411	0.800209	2.025763	-4.703905	-13.207361	22.477303	32.821198	84.443495	-14.475347	-5.633578	10.140902	-14.314824	63.352162	28.826609	67.429130	-10.294353	-3.619228
1.066667	-4.997298	0.372781	87.834208	0.277602	0.986216	0.236424	-7.233528	-3.717577	1.221731	1.398593	0.024410	24.806048	-4.830700	0.000000	-5.858653	6.333436	5.723032	1.998312	0.034877	21.646977	-18.151530	0.000000	-0.364315	-0.640845	1.483703	-0.676569	-0.852324	1.576435	-0.598533	-1.558151	1.576435	-0.416375	-1.558151	1.298240	-0.338303	-1.306811	1.205509	-0.208169	-0.992669	1.112778	-2.602263	-7.249368	8.251913	0.000000	0.000000	11.954791	0.569837	2.213789	-3.762786	-13.077882	28.820075	30.931057	82.496109	-15.441247	-5.366624	10.255754	-14.164904	65.346033	27.691332	64.237201	-10.209526	-4.843942
1.083333	-5.015771	0.501871	87.477682	0.277342	0.985313	0.236209	-7.624541	-3.744535	3.155390	0.842086	0.014697	24.380572	-7.014668	0.000000	-6.020637	6.447774	5.375261	1.989380	0.034721	21.832789	-18.190210	0.000000	-0.386589	-0.634940	1.543089	-0.717934	-0.844471	1.639532	-0.635126	-1.543794	1.639532	-0.441832	-1.543794	1.350203	-0.358986	-1.294771	1.253760	-0.220897	-0.983523	1.157317	-2.761364	-7.182573	8.582199	0.000000	0.000000	12.079769	0.394723	2.355344	-2.686127	-12.757469	37.958745	28.542569	79.019686	-16.360611	-5.253841	10.469739	-13.961702	67.718411	26.560848	60.942664	-10.099858	-5.935105
1.100000	-5.045148	0.602649	87.117063	0.277139	0.984372	0.236091	-7.914229	-3.808169	4.818062	0.428697	0.007482	24.083965	-8.833099	0.000000	-6.126035	6.572981	4.977684	2.028012	0.035395	22.043894	-18.216930	0.000000	-0.406391	-0.631184	1.609276	-0.754709	-0.839475	1.709856	-0.667660	-1.534661	1.709856	-0.464464	-1.534661	1.408117	-0.377375	-1.287111	1.307537	-0.232212	-0.977704	1.206957	-2.902810	-7.140080	8.950311	0.000000	0.000000	12.213216	0.280775	2.459225	-1.514137	-12.235914	49.317686	25.735176	74.211564	-17.098542	-5.333577	10.776189	-13.729097	70.382121	25.488066	57.548085	-9.987832	-6.815847
1.116667	-5.077906	0.667135	86.749815	0.277053	0.983448	0.236065	-8.090784	-3.892202	6.183698	0.159155	0.002778	23.903127	-10.237407	0.000000	-6.182568	6.694678	4.540760	2.080682	0.036315	22.249715	-18.239568	0.000000	-0.421759	-0.629974	1.686166	-0.783248	-0.837866	1.791552	-0.692908	-1.531719	1.791552	-0.482028	-1.531719	1.475396	-0.391645	-1.284643	1.370010	-0.240993	-0.975830	1.264625	-3.012581	-7.126393	9.377951	0.000000	0.000000	12.350322	0.236748	2.480565	-0.282747	-11.503793	62.193678	22.619244	68.307171	-17.411008	-5.627934	11.247232	-13.436140	73.735637	24.439467	53.541361	-9.843885	-7.536466
1.133333	-5.148640	0.668272	86.412431	0.277115	0.982571	0.236194	-8.119565	-4.029191	7.146935	0.045478	0.000794	23.850237	-11.132122	0.000000	-6.144946	6.840402	4.089012	2.168608	0.037849	22.416899	-18.249763	0.000000	-0.430120	-0.636533	1.764597	-0.798775	-0.846588	1.874885	-0.706644	-1.547665	1.874885	-0.491584	-1.547665	1.544023	-0.399409	-1.298017	1.433735	-0.245770	-0.985989	1.323448	-3.072301	-7.200584	9.814162	0.000000	0.000000	12.504757	0.284529	2.448259	1.039124	-10.531245	76.171775	19.289827	61.515535	-17.304581	-6.158599	11.819372	-13.152121	77.147966	23.512209	49.817989	-9.729450	-7.934414
1.150000	-5.238390	0.627172	86.101333	0.277374	0.981811	0.236415	-8.051840	-4.181439	7.698552	0.028383	0.000495	23.908400	-11.459111	0.000000	-6.064589	6.984480	3.637064	2.245001	0.039183	22.522677	-18.257540	0.000000	-0.433546	-0.648834	1.841140	-0.805138	-0.862950	1.956212	-0.712273	-1.577576	1.956212	-0.495500	-1.577576	1.610998	-0.402591	-1.323103	1.495927	-0.247728	-1.005044	1.380855	-3.096776	-7.339742	10.239871	0.000000	0.000000	12.652372	0.425044	2.414245	2.482919	-9.348485	90.615474	15.987672	53.814186	-16.685167	-6.883112	12.411059	-12.883562	80.176861	22.763583	46.856306	-9.643536	-7.993416
1.166667	-5.331214	0.534012	85.850836	0.277713	0.981163	0.236769	-7.888111	-4.327354	7.831908	0.086916	0.001517	24.051786	-11.257321	0.000000	-5.926738	7.112215	3.220306	2.314993	0.040404	22.574711	-18.264905	0.000000	-0.431678	-0.663952	1.907530	-0.801670	-0.883056	2.026751	-0.709204	-1.614333	2.026751	-0.493365	-1.614333	1.669089	-0.400856	-1.353931	1.549869	-0.246661	-1.028461	1.430648	-3.083435	-7.510756	10.609112	0.000000	0.000000	12.817380	0.642481	2.417173	3.985839	-8.136102	104.026113	13.063631	46.099828	-15.769300	-7.594646	12.982122	-12.615890	82.502047	22.233887	45.199139	-9.592049	-7.713504
1.183333	-5.397934	0.408122	85.644456	0.278099	0.980644	0.237198	-7.688898	-4.412989	8.009683	0.140915	0.002459	24.151820	-11.120468	0.000000	-5.785075	7.193724	2.852138	2.323672	0.040556	22.579546	-18.274964	0.000000	-0.426501	-0.676835	1.971419	-0.792055	-0.900190	2.094633	-0.700699	-1.645656	2.094633	-0.487448	-1.645656	1.724992	-0.396049	-1.380202	1.601778	-0.243703	-1.048417	1.478564	-3.046455	-7.656491	10.964440	0.000000	0.000000	12.996800	0.882052	2.473457	5.493142	-6.937154	116.191996	10.591249	38.278920	-14.603510	-8.288380	13.607182	-12.323530	84.463330	21.886823	44.537439	-9.707942	-7.262831
1.200000	-5.423139	0.233809	85.521121	0.278380	0.980207	0.237803	-7.423367	-4.447184	7.798416	0.224039	0.003910	24.290786	-10.510433	0.000000	-5.580365	7.217311	2.554012	2.341083	0.040860	22.586896	-18.278938	0.000000	-0.417696	-0.684104	2.027054	-0.775704	-0.909859	2.153745	-0.686233	-1.663332	2.153745	-0.477385	-1.663332	1.773672	-0.387873	-1.395026	1.646981	-0.238672	-1.059678	1.520291	-2.983564	-7.738726	11.273866	0.000000	0.000000	13.227404	1.104909	2.577482	6.926405	-5.771406	126.571026	8.638502	30.678868	-13.222480	-8.852219	14.234905	-11.965455	85.793534	21.742178	45.282713	-9.975181	-6.608149
1.216667	-5.393367	0.030328	85.490043	0.278461	0.979811	0.238558	-7.161053	-4.401136	7.828996	0.245682	0.004288	24.278546	-10.334892	0.000000	-5.324951	7.174985	2.342235	2.385298	0.041631	22.638596	-18.273171	0.000000	-0.407435	-0.682537	2.070286	-0.756647	-0.907774	2.199679	-0.669375	-1.659519	2.199679	-0.465657	-1.659519	1.811500	-0.378344	-1.391829	1.682108	-0.232808	-1.057249	1.552715	-2.910266	-7.720990	11.514311	0.000000	0.000000	13.520437	1.293267	2.771583	8.265250	-4.704747	135.162277	7.262601	23.028344	-11.628802	-9.323008	14.820899	-11.545139	86.476150	21.799001	46.982678	-10.320023	-5.957190
1.233333	-5.295097	-0.221158	85.572224	0.278249	0.979386	0.239607	-6.849101	-4.279721	7.648288	0.259823	0.004535	24.267773	-9.982150	0.000000	-4.938674	7.060275	2.218738	2.549760	0.044502	22.776817	-18.248708	0.000000	-0.394376	-0.669938	2.098553	-0.732396	-0.891017	2.229713	-0.647921	-1.628887	2.229713	-0.450733	-1.628887	1.836234	-0.366218	-1.366137	1.705075	-0.225347	-1.037734	1.573915	-2.816990	-7.578471	11.671525	0.000000	0.000000	13.911697	1.413116	3.015897	9.459590	-3.735645	141.571224	6.502823	15.709186	-9.822828	-9.645263	15.346006	-11.030873	86.507951	22.024361	49.464393	-10.662867	-5.337706
1.250000	-5.137401	-0.530840	85.778153	0.277698	0.978891	0.240979	-6.474062	-4.093981	7.239509	0.272284	0.004752	24.280075	-9.446637	0.000000	-4.397248	6.883557	2.208340	2.854730	0.049824	23.005841	-18.207284	0.000000	-0.376286	-0.647356	2.109759	-0.698800	-0.860983	2.241619	-0.618200	-1.573980	2.241619	-0.430057	-1.573980	1.846039	-0.349419	-1.320088	1.714179	-0.215010	-1.002754	1.582320	-2.687772	-7.323016	11.733849	0.000000	0.000000	14.392380	1.459418	3.277461	10.476835	-2.861891	145.535120	6.376280	8.983555	-7.849147	-9.856231	15.791887	-10.429338	85.970524	22.413834	52.293474	-10.931893	-4.759929
1.266667	-4.924566	-0.887390	86.103668	0.276810	0.978331	0.242716	-6.042691	-3.852388	6.668857	0.286524	0.005001	24.315840	-8.823231	0.000000	-3.688332	6.658034	2.287208	3.336653	0.058236	23.317107	-18.154122	0.000000	-0.354693	-0.615789	2.099883	-0.658700	-0.819000	2.231126	-0.582725	-1.497230	2.231126	-0.405378	-1.497230	1.837398	-0.329368	-1.255718	1.706155	-0.202672	-0.953858	1.574912	-2.533536	-6.965932	11.678920	0.000000	0.000000	14.947928	1.431388	3.537063	11.347079	-2.129182	146.895070	6.892068	3.331072	-5.784349	-9.987460	16.143558	-9.750035	84.878460	22.933215	55.168999	-10.983227	-4.339214
1.283333	-4.677805	-1.291842	86.530799	0.275616	0.977713	0.244772	-5.552907	-3.577604	6.111972	0.306887	0.005356	24.329627	-8.354829	0.000000	-2.831154	6.405213	2.447449	3.959888	0.069113	23.684342	-18.092690	0.000000	-0.328331	-0.578366	2.071753	-0.609744	-0.769226	2.201238	-0.539415	-1.406238	2.201238	-0.375250	-1.406238	1.812784	-0.304888	-1.179403	1.683299	-0.187608	-0.895888	1.553815	-2.345236	-6.542587	11.522469	0.000000	0.000000	15.543591	1.337455	3.756050	12.011191	-1.557564	145.115218	8.078731	-0.344967	-3.786256	-10.008347	16.440493	-9.018036	83.515164	23.562299	57.746021	-10.818434	-4.131709
1.300000	-4.413196	-1.733646	87.061022	0.274133	0.977058	0.247059	-5.024699	-3.287277	5.489519	0.331002	0.005777	24.362536	-7.932439	0.000000	-1.853357	6.143797	2.698121	4.704087	0.082102	24.089537	-18.031842	0.000000	-0.297411	-0.537909	2.020790	-0.552323	-0.715419	2.147090	-0.488617	-1.307872	2.147090	-0.339912	-1.307872	1.768192	-0.276176	-1.096904	1.641892	-0.169941	-0.833221	1.515593	-2.124381	-6.084936	11.239030	0.000000	0.000000	16.146023	1.193129	3.912883	12.494458	-1.198531	140.116884	9.941923	-1.670559	-1.965954	-9.898757	16.666168	-8.251901	81.803760	24.308205	60.172004	-10.454277	-4.117190
1.316667	-4.137697	-2.200456	87.664047	0.272431	0.976384	0.249537	-4.462048	-2.994308	4.711882	0.375552	0.006555	24.455245	-7.408836	0.000000	-0.786854	5.883152	3.016171	5.538331	0.096662	24.512009	-17.971865	0.000000	-0.263658	-0.495732	1.949149	-0.489640	-0.659324	2.070971	-0.433164	-1.205323	2.070971	-0.301335	-1.205323	1.705505	-0.244833	-1.010897	1.583684	-0.150654	-0.767889	1.461862	-1.883285	-5.607821	10.840583	0.000000	0.000000	16.744860	1.016374	4.024361	12.812087	-1.096231	131.856804	12.467832	-0.294440	-0.491471	-9.592236	16.801061	-7.464543	79.624347	25.171682	62.762110	-9.883756	-4.236407
1.333333	-3.853754	-2.678525	88.338317	0.270514	0.975721	0.252144	-3.883524	-2.707528	3.826588	0.442168	0.007717	24.570328	-6.864856	0.000000	0.347323	5.636888	3.402461	6.458886	0.112729	24.950364	-17.915583	0.000000	-0.228106	-0.452204	1.856274	-0.423615	-0.601432	1.972291	-0.374755	-1.099490	1.972291	-0.260702	-1.099490	1.624240	-0.211819	-0.922135	1.508223	-0.130340	-0.700465	1.392206	-1.629336	-5.115426	10.324040	0.000000	0.000000	17.327232	0.815607	4.104341	13.005573	-1.286187	120.627905	15.574950	3.755251	0.459202	-9.029543	16.971917	-6.644479	77.802098	26.076648	64.696105	-9.232463	-4.599082
1.350000	-3.567047	-3.156892	89.052899	0.268466	0.975067	0.254849	-3.295769	-2.436333	2.823867	0.531348	0.009274	24.722722	-6.251192	0.000000	1.524908	5.415166	3.822532	7.441934	0.129886	25.398005	-17.851360	0.000000	-0.192399	-0.408506	1.745778	-0.357305	-0.543312	1.854890	-0.316093	-0.993240	1.854890	-0.219893	-0.993240	1.527556	-0.178662	-0.833025	1.418445	-0.109937	-0.632775	1.309334	-1.374288	-4.621096	9.709496	0.000000	0.000000	17.895582	0.602259	4.169125	13.125007	-1.745309	106.810119	19.196631	10.308199	0.736875	-8.094831	17.114297	-5.811848	75.918443	27.043042	66.519299	-8.522104	-5.035943
1.366667	-3.307922	-3.660437	89.851918	0.266346	0.974434	0.257589	-2.684308	-2.199200	1.697752	0.631596	0.011023	24.896576	-5.616816	0.000000	2.774976	5.243429	4.325727	8.494884	0.148264	25.829644	-17.786249	0.000000	-0.153043	-0.370620	1.617507	-0.284217	-0.492924	1.718601	-0.251435	-0.901125	1.718601	-0.174913	-0.901125	1.415318	-0.142116	-0.755768	1.314224	-0.087449	-0.574090	1.213130	-1.093174	-4.192524	8.996087	0.000000	0.000000	18.453474	0.425728	4.145293	13.289857	-1.872557	99.264920	21.623538	11.890304	0.799497	-7.312365	17.309320	-4.977157	74.561121	28.004049	67.597238	-7.788387	-5.549822
1.383333	-3.064950	-4.159135	90.695224	0.264185	0.973807	0.260293	-2.080552	-1.992469	0.370049	0.738267	0.012885	25.127800	-4.788254	0.000000	4.031668	5.113510	4.869977	9.560220	0.166857	26.245298	-17.696058	0.000000	-0.113846	-0.336306	1.477274	-0.211423	-0.447288	1.569604	-0.187037	-0.817696	1.569604	-0.130114	-0.817696	1.292615	-0.105717	-0.685796	1.200285	-0.065052	-0.520939	1.107956	-0.813190	-3.804366	8.216155	0.000000	0.000000	19.002337	0.272993	4.079879	13.335836	-2.035260	92.502330	23.898285	13.115618	0.526894	-6.386080	17.514247	-4.157526	73.491289	28.958479	68.143675	-7.078295	-5.990749
1.400000	-2.846487	-4.637874	91.570831	0.262061	0.973213	0.262855	-1.509642	-1.817310	-0.881981	0.833408	0.014546	25.327928	-4.142810	0.000000	5.240940	5.032352	5.477501	10.575497	0.184577	26.598734	-17.614471	0.000000	-0.075064	-0.307439	1.326758	-0.139401	-0.408894	1.409680	-0.123322	-0.747507	1.409680	-0.085790	-0.747507	1.160913	-0.069704	-0.626929	1.077991	-0.042891	-0.476223	0.995068	-0.536172	-3.477809	7.379027	0.000000	0.000000	19.510181	0.171283	3.972053	13.279797	-2.204464	86.780273	25.921565	13.901832	0.052650	-5.363422	17.710281	-3.385246	72.719376	29.887483	68.120633	-6.386753	-6.245505
1.416667	-2.679222	-5.095545	92.435132	0.260128	0.972672	0.265206	-0.971532	-1.698054	-2.033294	0.916449	0.015995	25.505805	-3.638201	0.000000	6.387392	5.016773	6.097474	11.526911	0.201183	26.878794	-17.532898	0.000000	-0.036894	-0.288572	1.178625	-0.068515	-0.383800	1.252289	-0.060613	-0.701633	1.252289	-0.042166	-0.701633	1.031297	-0.034260	-0.588455	0.957633	-0.021081	-0.446997	0.883969	-0.263529	-3.264379	6.555157	0.000000	0.000000	19.982949	0.150899	3.805107	13.113311	-2.340048	81.903310	27.633524	14.242739	-0.464950	-4.401173	17.898283	-2.701046	72.321490	30.783674	67.442334	-5.787189	-6.320674
1.433333	-2.551778	-5.516216	93.300246	0.258417	0.972237	0.267292	-0.481985	-1.615823	-3.101328	0.987724	0.017239	25.657401	-3.270614	0.000000	7.433122	5.046507	6.720700	12.376303	0.216007	27.059535	-17.442489	0.000000	0.000573	-0.278652	1.029574	0.001064	-0.370607	1.093923	0.000941	-0.677514	1.093923	0.000655	-0.677514	0.900878	0.000532	-0.568227	0.836529	0.000327	-0.431632	0.772181	0.004093	-3.152165	5.726184	0.000000	0.000000	20.351010	0.208154	3.566959	12.897539	-2.421662	77.987938	29.000446	14.129230	-0.907300	-3.502399	18.087917	-2.120944	72.336695	31.617120	66.237637	-5.295673	-6.198692
1.450000	-2.479366	-5.886428	94.145259	0.256978	0.971942	0.269057	-0.060420	-1.582628	-4.022430	1.042466	0.018194	25.777856	-3.079104	0.000000	8.330454	5.130276	7.360042	13.076803	0.228233	27.128658	-17.383709	0.000000	0.035907	-0.279441	0.884598	0.066683	-0.371657	0.939885	0.058991	-0.679434	0.939885	0.041038	-0.679434	0.774023	0.033343	-0.569837	0.718735	0.020517	-0.432855	0.663448	0.256480	-3.161098	4.919866	0.000000	0.000000	20.594342	0.355814	3.259656	12.669126	-2.432857	74.889174	30.075427	13.623682	-1.257546	-2.655012	18.328240	-1.659653	72.914478	32.353972	64.476513	-4.940311	-5.957345
1.466667	-2.464489	-6.191677	94.968484	0.255816	0.971791	0.270435	0.272127	-1.595024	-4.803795	1.078805	0.018829	25.876371	-3.054916	0.000000	9.038453	5.262152	8.004992	13.595510	0.237286	27.092414	-17.352223	0.000000	0.067438	-0.290097	0.738549	0.125239	-0.385829	0.784708	0.110793	-0.705341	0.784708	0.077075	-0.705341	0.646230	0.062623	-0.591565	0.600071	0.038534	-0.449360	0.553912	0.481701	-3.281633	4.107588	0.000000	0.000000	20.703349	0.594946	2.972539	12.473048	-2.375844	72.466129	30.942187	12.751893	-1.503773	-1.829004	18.501940	-1.368275	73.194427	33.065897	63.292710	-4.676956	-5.416850
1.483333	-2.475667	-6.418639	95.749142	0.254887	0.971780	0.271436	0.502677	-1.623115	-5.460949	1.098167	0.019167	25.955212	-3.139892	0.000000	9.534200	5.406699	8.641515	13.923116	0.243004	26.973449	-17.348348	0.000000	0.092816	-0.305009	0.595268	0.172368	-0.405662	0.632473	0.152487	-0.741598	0.632473	0.106079	-0.741598	0.520860	0.086189	-0.621974	0.483655	0.053035	-0.472459	0.446451	0.662974	-3.450321	3.310704	0.000000	0.000000	20.685791	0.881594	2.737816	12.322001	-2.319445	70.281905	31.744091	11.659009	-1.733481	-0.968954	18.655341	-1.189274	73.326783	33.694423	62.797899	-4.514064	-4.658106
1.500000	-2.488512	-6.582670	96.461108	0.254112	0.971812	0.272027	0.640935	-1.645471	-5.798297	1.093070	0.019078	25.965789	-3.584510	0.000000	9.842550	5.545192	9.236268	14.090066	0.245918	26.847480	-17.373116	0.000000	0.113651	-0.319493	0.457982	0.211061	-0.424926	0.486606	0.186717	-0.776815	0.486606	0.129892	-0.776815	0.400734	0.105536	-0.651510	0.372111	0.064940	-0.494895	0.343487	0.811797	-3.614169	2.547160	0.000000	0.000000	20.605505	1.173846	2.587348	12.121247	-2.345356	67.794678	32.581735	10.811700	-2.090731	0.030522	18.671891	-1.098559	72.732419	34.276528	63.844028	-4.460206	-3.591299
1.516667	-2.467713	-6.658542	97.090327	0.253408	0.971905	0.272227	0.666057	-1.628350	-5.985474	1.068451	0.018648	25.943451	-4.128116	0.000000	9.918473	5.636355	9.806133	14.052126	0.245256	26.721253	-17.424146	0.000000	0.126115	-0.326429	0.334092	0.234208	-0.434151	0.354973	0.207195	-0.793680	0.354973	0.144137	-0.793680	0.292330	0.117111	-0.665654	0.271450	0.072062	-0.505639	0.250569	0.900828	-3.692631	1.858119	0.000000	0.000000	20.474886	1.408067	2.559561	11.870288	-2.368794	65.727935	33.266514	9.642421	-2.441293	1.042053	18.717930	-1.017210	72.204188	34.673320	65.174239	-4.543625	-2.493156
1.533333	-2.398993	-6.672471	97.682528	0.252659	0.971990	0.272165	0.611218	-1.555908	-6.175429	1.031025	0.017995	25.913928	-4.629262	0.000000	9.859711	5.665513	10.371365	13.921737	0.242980	26.645709	-17.485160	0.000000	0.131835	-0.323159	0.218202	0.244830	-0.429802	0.231840	0.216591	-0.785729	0.231840	0.150674	-0.785729	0.190927	0.122422	-0.658986	0.177289	0.075330	-0.500574	0.163652	0.941681	-3.655642	1.213575	0.000000	0.000000	20.357122	1.560574	2.660141	11.558852	-2.381671	63.969752	33.780682	8.236947	-2.767787	2.057330	18.811563	-0.902967	71.876837	34.846559	66.432977	-4.701970	-1.442241
1.550000	-2.297972	-6.634846	98.209367	0.251872	0.972046	0.271842	0.491683	-1.446885	-6.329017	0.991147	0.017299	25.867376	-5.129895	0.000000	9.651422	5.642980	10.941419	13.646056	0.238169	26.593945	-17.575599	0.000000	0.132719	-0.311384	0.113857	0.246472	-0.414140	0.120974	0.218044	-0.757098	0.120974	0.151684	-0.757098	0.099625	0.123243	-0.634974	0.092509	0.075835	-0.482333	0.085393	0.947997	-3.522435	0.633241	0.000000	0.000000	20.259200	1.621408	2.878104	11.287080	-2.341066	63.010325	34.021046	6.557721	-2.999314	2.886270	18.952519	-0.730467	71.952192	34.751880	67.215099	-4.816480	-0.524976
1.566667	-2.143647	-6.553208	98.661830	0.251072	0.972043	0.271393	0.326085	-1.278680	-6.547049	0.949367	0.016570	25.810078	-5.479483	0.000000	9.401831	5.549974	11.437617	13.392852	0.233749	26.628055	-17.635092	0.000000	0.128088	-0.288593	0.024857	0.237872	-0.383829	0.026411	0.210436	-0.701685	0.026411	0.146392	-0.701685	0.021750	0.118943	-0.588499	0.020196	0.073190	-0.447031	0.018643	0.914920	-3.264622	0.138248	0.000000	0.000000	20.215122	1.577100	3.191511	11.035726	-2.247897	62.496470	34.001487	5.110370	-3.164088	3.558523	19.075393	-0.534132	72.021432	34.405335	67.718707	-4.871449	0.285860
1.583333	-1.977765	-6.435727	99.017949	0.250319	0.972020	0.270829	0.126938	-1.094924	-6.774552	0.918020	0.016022	25.736154	-5.749543	0.000000	9.081470	5.425094	11.872671	13.088039	0.228429	26.673570	-17.693736	0.000000	0.119760	-0.261531	-0.040914	0.222407	-0.347837	-0.043471	0.196754	-0.635887	-0.043471	0.136874	-0.635887	-0.035799	0.111210	-0.533315	-0.033242	0.068431	-0.405112	-0.030685	0.855437	-2.958496	-0.227549	0.000000	0.000000	20.192020	1.461783	3.505761	10.893567	-2.081480	62.715705	33.667891	3.925011	-3.243351	3.937649	19.300669	-0.253451	73.028507	33.776207	66.748687	-4.759885	0.757504
1.600000	-1.824949	-6.305503	99.268220	0.249658	0.971967	0.270171	-0.078639	-0.925800	-7.094501	0.906800	0.015827	25.688421	-5.796019	0.000000	8.718585	5.294549	12.245266	12.738442	0.222328	26.703376	-17.771181	0.000000	0.110857	-0.234445	-0.082166	0.205872	-0.311812	-0.087302	0.182127	-0.570030	-0.087302	0.126698	-0.570030	-0.071896	0.102942	-0.478080	-0.066760	0.063344	-0.363155	-0.061625	0.791839	-2.652089	-0.456984	0.000000	0.000000	20.176396	1.300828	3.784839	10.832819	-1.851652	63.282035	33.078016	3.380430	-3.286999	4.125353	19.557101	0.051287	74.488602	32.960908	64.906995	-4.515077	0.984774
1.616667	-1.711521	-6.167182	99.394803	0.249148	0.971909	0.269472	-0.283226	-0.796750	-7.458808	0.914514	0.015961	25.672178	-5.649974	0.000000	8.327558	5.183710	12.511919	12.356851	0.215668	26.707884	-17.844801	0.000000	0.101012	-0.211705	-0.094026	0.187589	-0.281567	-0.099902	0.165952	-0.514739	-0.099902	0.115446	-0.514739	-0.082273	0.093800	-0.431708	-0.076396	0.057718	-0.327931	-0.070519	0.721517	-2.394847	-0.522944	0.000000	0.000000	20.162547	1.113622	3.965997	10.862228	-1.571459	64.086731	32.273776	3.610621	-3.294101	4.133457	19.890849	0.405618	76.670323	31.977768	62.026031	-4.129902	0.899583
1.633333	-1.646515	-6.032723	99.422340	0.248781	0.971848	0.268795	-0.476361	-0.717277	-7.787800	0.936062	0.016337	25.669284	-5.442989	0.000000	7.947340	5.110803	12.700807	11.987819	0.209227	26.681947	-17.942909	0.000000	0.090764	-0.195056	-0.082578	0.168557	-0.259424	-0.087739	0.149116	-0.474259	-0.087739	0.103734	-0.474259	-0.072256	0.084283	-0.397758	-0.067095	0.051862	-0.302141	-0.061934	0.648316	-2.206511	-0.459276	0.000000	0.000000	20.149828	0.921301	4.061042	10.997698	-1.255055	65.149168	31.323584	4.245770	-3.242037	4.020349	20.292294	0.784722	79.356796	30.889376	58.361977	-3.683108	0.559836
1.650000	-1.618654	-5.917585	99.350416	0.248565	0.971774	0.268220	-0.624595	-0.684036	-8.325803	0.988033	0.017244	25.756283	-4.802798	0.000000	7.629385	5.063476	12.758355	11.683778	0.203920	26.668219	-17.990481	0.000000	0.081030	-0.183466	-0.048387	0.150480	-0.244010	-0.051411	0.133124	-0.446080	-0.051411	0.092609	-0.446080	-0.042339	0.075244	-0.374125	-0.039315	0.046300	-0.284189	-0.036290	0.578787	-2.075408	-0.269115	0.000000	0.000000	20.155641	0.733014	4.095462	11.203606	-0.921746	66.312155	30.306205	5.026615	-3.151170	3.858414	20.751513	1.217249	82.490641	29.724668	54.078436	-3.139833	0.030343
1.666667	-1.618648	-5.826516	99.208596	0.248465	0.971685	0.267779	-0.730806	-0.684916	-8.796512	1.046777	0.018270	25.854842	-4.129141	0.000000	7.395241	5.041577	12.734738	11.469646	0.200183	26.677257	-18.011903	0.000000	0.071732	-0.176020	0.003046	0.133213	-0.234107	0.003237	0.117848	-0.427976	0.003237	0.081982	-0.427976	0.002666	0.066610	-0.358941	0.002475	0.040988	-0.272655	0.002285	0.512374	-1.991177	0.016943	0.000000	0.000000	20.187281	0.571824	4.094741	11.457660	-0.583189	67.517284	29.271709	5.751811	-3.048447	3.713054	21.270050	1.687498	85.951398	28.537432	49.295189	-2.619849	-0.613870
1.683333	-1.626271	-5.766420	99.012893	0.248451	0.971568	0.267483	-0.785631	-0.702514	-9.184447	1.103681	0.019263	25.969878	-3.425014	0.000000	7.261601	5.035952	12.692106	11.358065	0.198236	26.705517	-18.073449	0.000000	0.064318	-0.170460	0.067213	0.119446	-0.226712	0.071414	0.105669	-0.414457	0.071414	0.073509	-0.414457	0.058811	0.059726	-0.347603	0.054611	0.036751	-0.264043	0.050410	0.459419	-1.928281	0.373819	0.000000	0.000000	20.236707	0.435584	4.065633	11.777316	-0.262344	68.885536	28.249773	6.079145	-2.953848	3.569544	21.827470	2.198169	89.628408	27.350595	44.217106	-2.119382	-1.329804
1.700000	-1.636991	-5.730598	98.793239	0.248505	0.971434	0.267347	-0.801151	-0.730126	-9.568589	1.144778	0.019980	26.118752	-2.608136	0.000000	7.228676	5.028159	12.527376	11.357240	0.198221	26.811466	-17.978595	0.000000	0.056962	-0.166025	0.137194	0.105784	-0.220813	0.145769	0.093583	-0.403673	0.145769	0.065102	-0.403673	0.120045	0.052895	-0.338558	0.111470	0.032548	-0.257173	0.102896	0.406875	-1.878109	0.763034	0.000000	0.000000	20.318825	0.353677	4.079855	12.148384	0.033624	70.312965	27.247679	6.345866	-2.885447	3.490624	22.407380	2.723726	93.368530	26.216038	39.117621	-1.688450	-2.019690
1.716667	-1.638641	-5.725689	98.552210	0.248609	0.971272	0.267388	-0.767371	-0.757721	-9.926966	1.169827	0.020417	26.297004	-1.703169	0.000000	7.301654	5.015114	12.306292	11.462194	0.200053	26.965639	-17.824079	0.000000	0.051043	-0.161502	0.213411	0.094791	-0.214798	0.226749	0.083858	-0.392677	0.226749	0.058337	-0.392677	0.186734	0.047398	-0.329335	0.173396	0.029166	-0.250167	0.160058	0.364592	-1.826946	1.186927	0.000000	0.000000	20.433103	0.290913	4.094691	12.562033	0.279334	71.809669	26.310138	6.497766	-2.844694	3.483617	22.991412	3.248350	97.060695	25.163687	34.223761	-1.353344	-2.682387
1.733333	-1.633651	-5.746716	98.299258	0.248755	0.971089	0.267610	-0.696231	-0.782591	-10.018408	1.169970	0.020420	26.426635	-1.077672	0.000000	7.471840	5.002471	12.056090	11.672231	0.203719	27.148246	-17.658212	0.000000	0.046208	-0.157101	0.292550	0.085812	-0.208944	0.310834	0.075915	-0.381975	0.310834	0.052811	-0.381975	0.255981	0.042908	-0.320360	0.237697	0.026403	-0.243349	0.219412	0.330057	-1.777154	1.627073	0.000000	0.000000	20.576177	0.249187	4.119872	13.020944	0.464627	73.405815	25.461723	6.630570	-2.809087	3.521035	23.551160	3.747771	100.562638	24.237676	29.755683	-1.083579	-3.277689
1.750000	-1.632845	-5.795959	98.023254	0.248978	0.970887	0.268015	-0.583657	-0.816908	-9.989302	1.156026	0.020176	26.562040	-0.515560	0.000000	7.745885	4.992551	11.710824	12.002386	0.209481	27.380801	-17.427602	0.000000	0.042900	-0.154457	0.377204	0.079670	-0.205427	0.400779	0.070481	-0.375546	0.400779	0.049031	-0.375546	0.330054	0.039837	-0.314968	0.306478	0.024513	-0.239253	0.282903	0.306432	-1.747243	2.097896	0.000000	0.000000	20.754860	0.222194	4.143615	13.492458	0.587973	74.999604	24.747553	6.712878	-2.775507	3.555647	24.072663	4.190631	103.782207	23.472740	25.810174	-0.895346	-3.848091
1.766667	-1.619030	-5.858444	97.777114	0.249189	0.970684	0.268582	-0.453997	-0.838408	-9.951772	1.128858	0.019702	26.714591	0.028444	0.000000	8.088100	4.974216	11.329781	12.417836	0.216732	27.639639	-17.163548	0.000000	0.040725	-0.150982	0.454937	0.075630	-0.200807	0.483371	0.066907	-0.367099	0.483371	0.046544	-0.367099	0.398070	0.037817	-0.307883	0.369636	0.023270	-0.233872	0.341203	0.290894	-1.707943	2.530223	0.000000	0.000000	20.940553	0.172029	4.156594	13.949030	0.634723	76.436596	24.206512	6.817335	-2.746891	3.650769	24.533596	4.564871	106.530115	22.878700	22.570540	-0.740950	-4.355842
1.783333	-1.620719	-5.929847	97.555394	0.249410	0.970477	0.269246	-0.326581	-0.871276	-9.737071	1.083495	0.018911	26.846483	0.308001	0.000000	8.467826	4.974232	10.938636	12.890970	0.224990	27.923194	-16.897237	0.000000	0.039006	-0.150013	0.525627	0.072437	-0.199518	0.558479	0.064082	-0.364743	0.558479	0.044579	-0.364743	0.459924	0.036221	-0.305907	0.427072	0.022288	-0.232371	0.394220	0.278613	-1.696981	2.923380	0.000000	0.000000	21.162079	0.104445	4.188659	14.347406	0.623185	77.560580	23.859659	6.953755	-2.719256	3.798390	24.914095	4.833591	108.638108	22.477078	20.092264	-0.595698	-4.791109
1.800000	-1.632383	-6.010172	97.389316	0.249610	0.970268	0.269959	-0.206980	-0.906865	-9.403703	1.022639	0.017848	26.956085	0.322645	0.000000	8.877302	4.991340	10.564442	13.412187	0.234087	28.216363	-16.639435	0.000000	0.038711	-0.151288	0.581978	0.071891	-0.201213	0.618351	0.063599	-0.367842	0.618351	0.044243	-0.367842	0.509230	0.035947	-0.308507	0.472857	0.022120	-0.234345	0.436483	0.276511	-1.711402	3.236785	0.000000	0.000000	21.419025	0.015364	4.229941	14.653701	0.566917	78.241175	23.720014	7.016388	-2.704491	3.985643	25.172151	4.992542	109.888551	22.264307	18.599606	-0.420341	-5.105435
1.816667	-1.649713	-6.099685	97.274839	0.249784	0.970059	0.270694	-0.093003	-0.942001	-8.949407	0.948882	0.016561	27.035727	0.065539	0.000000	9.307736	5.020262	10.210589	13.964596	0.243728	28.510915	-16.390579	0.000000	0.040475	-0.154289	0.622486	0.075165	-0.205204	0.661392	0.066496	-0.375138	0.661392	0.046258	-0.375138	0.544675	0.037585	-0.314626	0.505770	0.023127	-0.238994	0.466865	0.289105	-1.745347	3.462082	0.000000	0.000000	21.705293	-0.096541	4.281345	14.868059	0.481124	78.474794	23.763484	7.006093	-2.722313	4.200052	25.298861	5.047314	110.220718	22.227385	18.228041	-0.263053	-5.256919
1.833333	-1.669521	-6.194203	97.218029	0.249887	0.969852	0.271406	0.010490	-0.974524	-8.403703	0.862406	0.015052	27.081201	-0.443035	0.000000	9.735970	5.058819	9.882360	14.511909	0.253281	28.799843	-16.148903	0.000000	0.043745	-0.158354	0.643441	0.081239	-0.210611	0.683656	0.071869	-0.385023	0.683656	0.049996	-0.385023	0.563011	0.040622	-0.322916	0.522796	0.024996	-0.245291	0.482581	0.312466	-1.791336	3.578626	0.000000	0.000000	22.039260	-0.219935	4.358516	14.986782	0.371476	78.274177	23.970706	6.949638	-2.769331	4.419508	25.279991	5.005679	109.573509	22.345273	19.066421	-0.106656	-5.220853
1.850000	-1.669887	-6.279194	97.238044	0.249843	0.969682	0.272128	0.101569	-0.988862	-8.145047	0.779908	0.013612	27.181450	-0.688701	0.000000	10.141110	5.088500	9.644852	15.029613	0.262316	29.044077	-15.939786	0.000000	0.046770	-0.159914	0.644895	0.086856	-0.212686	0.685201	0.076838	-0.388816	0.685201	0.053453	-0.388816	0.564283	0.043430	-0.326098	0.523977	0.026724	-0.247707	0.483671	0.334072	-1.808984	3.586713	0.000000	0.000000	22.386514	-0.354569	4.464108	15.011802	0.238500	77.636852	24.291471	6.809782	-2.810881	4.614671	25.295282	4.917192	108.815733	22.512265	19.894173	0.006245	-5.241347
1.866667	-1.664848	-6.363528	97.304728	0.249665	0.969531	0.272836	0.192242	-1.001903	-7.859696	0.705756	0.012318	27.218104	-1.097278	0.000000	10.523540	5.123010	9.479522	15.504060	0.270597	29.228494	-15.777119	0.000000	0.050296	-0.160891	0.631885	0.093404	-0.213985	0.671378	0.082631	-0.391191	0.671378	0.057483	-0.391191	0.552900	0.046704	-0.328090	0.513407	0.028739	-0.249221	0.473914	0.359256	-1.820034	3.514357	0.000000	0.000000	22.754232	-0.488597	4.559311	14.959428	0.092481	76.658510	24.688768	6.612833	-2.863236	4.773476	25.282964	4.790692	107.725299	22.731228	21.143657	0.057535	-5.234623
1.883333	-1.648149	-6.450161	97.422834	0.249348	0.969385	0.273494	0.284704	-1.004985	-7.531907	0.642500	0.011214	27.176511	-1.733750	0.000000	10.869086	5.157753	9.408833	15.903070	0.277561	29.347921	-15.661044	0.000000	0.055555	-0.160233	0.601039	0.103172	-0.213110	0.638604	0.091272	-0.389590	0.638604	0.063494	-0.389590	0.525909	0.051589	-0.326747	0.488344	0.031744	-0.248201	0.450779	0.396827	-1.812587	3.342799	0.000000	0.000000	23.135016	-0.626705	4.687382	14.867923	-0.049958	75.552658	25.100314	6.399935	-2.923362	4.835375	25.239871	4.630057	106.349037	22.981089	22.950309	0.080419	-5.200100
1.900000	-1.618150	-6.529823	97.559337	0.248925	0.969247	0.274136	0.374745	-0.998817	-7.221874	0.590767	0.010311	27.068538	-2.430007	0.000000	11.210680	5.189965	9.366419	16.304453	0.284566	29.435346	-15.566376	0.000000	0.059986	-0.157468	0.562723	0.111400	-0.209432	0.597893	0.098551	-0.382867	0.597893	0.068558	-0.382867	0.492383	0.055703	-0.321108	0.457212	0.034276	-0.243917	0.422042	0.428474	-1.781304	3.129696	0.000000	0.000000	23.530122	-0.768382	4.810062	14.710565	-0.199330	74.158439	25.542165	6.321584	-3.008018	4.885062	25.128859	4.443851	104.492888	23.262713	25.376694	0.052280	-5.085190
1.916667	-1.610112	-6.603929	97.697584	0.248433	0.969142	0.274688	0.461898	-1.019169	-6.913874	0.560598	0.009784	26.918718	-3.183201	0.000000	11.478633	5.249540	9.409679	16.587426	0.289505	29.418437	-15.563288	0.000000	0.065359	-0.157797	0.526274	0.121378	-0.209869	0.559166	0.107378	-0.383667	0.559166	0.074699	-0.383667	0.460490	0.060692	-0.321779	0.427598	0.037346	-0.244427	0.394706	0.466851	-1.785026	2.926978	0.000000	0.000000	23.891760	-0.905293	4.828602	14.558005	-0.334686	72.934905	25.941256	6.075960	-3.075807	4.830138	25.104210	4.311653	103.261686	23.491227	27.119835	0.013968	-5.108276
1.933333	-1.634593	-6.669490	97.816788	0.247926	0.969059	0.275133	0.541866	-1.076713	-6.631695	0.547664	0.009559	26.752291	-3.890217	0.000000	11.685438	5.338831	9.457781	16.788492	0.293014	29.339632	-15.586054	0.000000	0.070692	-0.162369	0.496226	0.131281	-0.215950	0.527240	0.116139	-0.394783	0.527240	0.080794	-0.394783	0.434197	0.065644	-0.331102	0.403183	0.040393	-0.251509	0.372169	0.504943	-1.836746	2.759858	0.000000	0.000000	24.216957	-1.026327	4.756898	14.368690	-0.449870	71.620224	26.320012	5.899785	-3.157922	4.801836	25.055296	4.170059	101.919292	23.724670	28.946456	-0.050323	-5.068672
1.950000	-1.685078	-6.714446	97.920586	0.247414	0.969015	0.275505	0.604821	-1.160872	-6.384988	0.548657	0.009576	26.584998	-4.511321	0.000000	11.841866	5.450483	9.489918	16.951990	0.295868	29.221426	-15.619984	0.000000	0.073984	-0.170369	0.474642	0.137395	-0.226590	0.504307	0.121548	-0.414234	0.504307	0.084556	-0.414234	0.415311	0.068701	-0.347416	0.385646	0.042274	-0.263901	0.355981	0.528459	-1.927244	2.639814	0.000000	0.000000	24.494527	-1.138132	4.573768	14.205389	-0.551204	70.524796	26.653088	5.556711	-3.207842	4.726502	25.062560	4.082853	101.033621	23.895858	30.102774	-0.083788	-5.095231
1.966667	-1.763650	-6.744464	97.987966	0.246941	0.969001	0.275774	0.658766	-1.272913	-6.021910	0.559665	0.009768	26.381321	-5.216752	0.000000	11.949680	5.585488	9.513112	17.076261	0.298037	29.050846	-15.717398	0.000000	0.076234	-0.181964	0.464151	0.141574	-0.242011	0.493161	0.125244	-0.442426	0.493161	0.087128	-0.442426	0.406132	0.070791	-0.371060	0.377123	0.043560	-0.281862	0.348113	0.544530	-2.058408	2.581470	0.000000	0.000000	24.716759	-1.217088	4.317102	14.061861	-0.636516	69.595209	26.934418	5.351813	-3.233167	4.633356	25.052571	3.999950	100.111978	24.057518	31.066653	-0.114655	-5.051088
1.983333	-1.852108	-6.756282	98.013200	0.246529	0.969026	0.275946	0.707047	-1.394664	-5.634851	0.581887	0.010156	26.178007	-5.834757	0.000000	12.020950	5.716584	9.466132	17.187036	0.299970	28.867302	-15.809774	0.000000	0.077105	-0.195050	0.466516	0.143192	-0.259417	0.495673	0.126676	-0.474245	0.495673	0.088124	-0.474245	0.408201	0.071600	-0.397747	0.379044	0.044058	-0.302133	0.349887	0.550755	-2.206449	2.594620	0.000000	0.000000	24.875696	-1.257125	3.989352	13.939672	-0.708825	68.826673	27.168102	5.212777	-3.239965	4.531062	25.052640	3.942956	99.353156	24.196736	31.622318	-0.117161	-4.978604
2.000000	-1.945333	-6.743016	98.012941	0.246169	0.969102	0.275984	0.734630	-1.516407	-5.144830	0.604529	0.010551	25.959137	-6.485467	0.000000	12.035050	5.838481	9.389266	17.263749	0.301309	28.674539	-15.914435	0.000000	0.075852	-0.208873	0.477729	0.140865	-0.277801	0.507587	0.124618	-0.507853	0.507587	0.086691	-0.507853	0.418013	0.070436	-0.425933	0.388155	0.043342	-0.323544	0.358297	0.541805	-2.362810	2.656984	0.000000	0.000000	24.963287	-1.235348	3.622591	13.834012	-0.765293	68.196696	27.349883	5.256321	-3.239145	4.436641	25.047487	3.881847	98.609694	24.347068	31.965579	-0.134281	-4.849372
2.016667	-2.031305	-6.711786	97.989143	0.245860	0.969210	0.275870	0.748453	-1.627836	-4.619713	0.629883	0.010994	25.744916	-7.073829	0.000000	12.008287	5.944113	9.303445	17.323210	0.302347	28.486408	-16.062270	0.000000	0.073895	-0.221789	0.494200	0.137231	-0.294979	0.525087	0.121402	-0.539258	0.525087	0.084455	-0.539258	0.432425	0.068619	-0.452272	0.401537	0.042224	-0.343551	0.370650	0.527826	-2.508922	2.748592	0.000000	0.000000	24.982658	-1.165671	3.250908	13.747516	-0.808069	67.734347	27.477850	5.504355	-3.241620	4.319342	25.000764	3.808207	97.771337	24.526915	32.265151	-0.171929	-4.649877
2.033333	-2.109210	-6.656245	97.943567	0.245621	0.969356	0.275600	0.737626	-1.724835	-4.165104	0.657306	0.011472	25.562094	-7.476840	0.000000	11.933790	6.013681	9.093581	17.360863	0.303004	28.372725	-16.055870	0.000000	0.069898	-0.233280	0.512791	0.129807	-0.310262	0.544840	0.114835	-0.567197	0.544840	0.079886	-0.567197	0.448692	0.064907	-0.475705	0.416642	0.039940	-0.361351	0.384593	0.499272	-2.638911	2.851988	0.000000	0.000000	24.948668	-1.047938	2.938357	13.676346	-0.830523	67.390245	27.547030	6.072670	-3.247097	4.204866	24.911090	3.707046	96.806056	24.744396	32.648710	-0.224209	-4.375681
2.050000	-2.172854	-6.585106	97.872945	0.245453	0.969524	0.275167	0.707453	-1.802827	-3.763168	0.688428	0.012015	25.414955	-7.718401	0.000000	11.817764	6.061132	8.907791	17.374129	0.303236	28.277026	-16.104624	0.000000	0.065813	-0.242804	0.533735	0.122221	-0.322929	0.567093	0.108124	-0.590353	0.567093	0.075217	-0.590353	0.467018	0.061114	-0.495126	0.433660	0.037605	-0.376103	0.400301	0.470094	-2.746645	2.968474	0.000000	0.000000	24.864611	-0.930395	2.644861	13.623886	-0.839705	67.241933	27.569424	6.799759	-3.243689	4.039847	24.773943	3.585617	95.780547	24.985874	33.079199	-0.305179	-4.084777
2.066667	-2.226063	-6.492065	97.780194	0.245368	0.969722	0.274556	0.643289	-1.862314	-3.419432	0.719174	0.012552	25.299313	-7.821211	0.000000	11.647430	6.083610	8.716012	17.353720	0.302880	28.212486	-16.150615	0.000000	0.060999	-0.250630	0.556247	0.113281	-0.333338	0.591012	0.100215	-0.609381	0.591012	0.069715	-0.609381	0.486716	0.056643	-0.511084	0.451951	0.034855	-0.388226	0.417185	0.435707	-2.835175	3.093678	0.000000	0.000000	24.736322	-0.824302	2.395872	13.582858	-0.832821	67.246858	27.547449	7.747554	-3.231872	3.831456	24.603151	3.447580	94.793937	25.234497	33.496211	-0.390724	-3.795105
2.083333	-2.282678	-6.375964	97.659526	0.245375	0.969954	0.273751	0.537772	-1.917860	-3.145701	0.748665	0.013067	25.224307	-7.781300	0.000000	11.400583	6.100117	8.559537	17.263343	0.301302	28.147271	-16.249283	0.000000	0.055557	-0.258293	0.581522	0.103175	-0.343530	0.617867	0.091274	-0.628014	0.617867	0.063496	-0.628014	0.508832	0.051590	-0.526711	0.472486	0.031745	-0.400096	0.436141	0.396838	-2.921864	3.234250	0.000000	0.000000	24.564574	-0.752654	2.185585	13.538337	-0.808681	67.340851	27.497827	8.789296	-3.216942	3.595459	24.401744	3.286035	93.868337	25.482338	33.931625	-0.468700	-3.522438
2.100000	-2.329097	-6.238529	97.542091	0.245443	0.970208	0.272800	0.389995	-1.954166	-2.990855	0.772949	0.013490	25.184798	-7.597047	0.000000	11.101943	6.102853	8.460882	17.139222	0.299136	28.094386	-16.386934	0.000000	0.049336	-0.264209	0.604612	0.091621	-0.351398	0.642400	0.081054	-0.642398	0.642400	0.056386	-0.642398	0.529035	0.045813	-0.538775	0.491247	0.028190	-0.409260	0.453459	0.352400	-2.988787	3.362671	0.000000	0.000000	24.369535	-0.738462	2.019813	13.474000	-0.775980	67.425437	27.444881	9.935119	-3.207534	3.345841	24.159059	3.102234	92.927874	25.723879	34.484523	-0.538028	-3.258406
2.116667	-2.336993	-6.086946	97.448573	0.245554	0.970459	0.271783	0.210862	-1.941976	-2.864610	0.787357	0.013742	25.148691	-7.412123	0.000000	10.816053	6.039439	8.228178	17.070417	0.297935	28.169837	-16.277176	0.000000	0.042928	-0.265015	0.620813	0.079722	-0.352470	0.659614	0.070527	-0.644358	0.659614	0.049063	-0.644358	0.543211	0.039863	-0.540419	0.504411	0.024529	-0.410509	0.465610	0.306631	-2.997907	3.452775	0.000000	0.000000	24.154927	-0.787616	1.916740	13.384632	-0.744792	67.441099	27.404837	11.161616	-3.200415	3.098557	23.865100	2.903049	91.884861	25.955320	35.248354	-0.586226	-2.994514
2.133333	-2.338165	-5.927372	97.356131	0.245699	0.970720	0.270692	0.009975	-1.921302	-2.881435	0.795825	0.013890	25.163921	-7.037154	0.000000	10.499063	5.971048	8.046666	16.965548	0.296105	28.244059	-16.210343	0.000000	0.036743	-0.264605	0.635714	0.068235	-0.351924	0.675447	0.060365	-0.643360	0.675447	0.041993	-0.643360	0.556250	0.034119	-0.539582	0.516518	0.020995	-0.409873	0.476786	0.262451	-2.993261	3.535653	0.000000	0.000000	23.923581	-0.879446	1.847437	13.272924	-0.710218	67.405203	27.371753	12.431531	-3.200534	2.850201	23.548339	2.694920	90.893085	26.168747	36.095182	-0.610351	-2.761745
2.150000	-2.327001	-5.762327	97.272631	0.245852	0.970993	0.269609	-0.203475	-1.888207	-3.064719	0.796687	0.013905	25.235569	-6.440889	0.000000	10.171007	5.885069	7.851239	16.842147	0.293951	28.340861	-16.082954	0.000000	0.029673	-0.261975	0.646415	0.055105	-0.348426	0.686816	0.048749	-0.636965	0.686816	0.033913	-0.636965	0.565613	0.027554	-0.534219	0.525212	0.016955	-0.405799	0.484811	0.211949	-2.963510	3.595167	0.000000	0.000000	23.686881	-0.999471	1.841138	13.164658	-0.679029	67.368236	27.337518	13.768585	-3.194798	2.618389	23.235691	2.490442	90.019187	26.355257	36.971520	-0.600159	-2.565939
2.166667	-2.324392	-5.605533	97.190984	0.245992	0.971264	0.268565	-0.413490	-1.868751	-3.400281	0.790143	0.013791	25.367824	-5.637116	0.000000	9.831314	5.812979	7.683725	16.668612	0.290922	28.414667	-15.964896	0.000000	0.022676	-0.259951	0.653143	0.042111	-0.345735	0.693965	0.037254	-0.632045	0.693965	0.025916	-0.632045	0.571501	0.021057	-0.530092	0.530679	0.012957	-0.402664	0.489858	0.161969	-2.940618	3.632588	0.000000	0.000000	23.458584	-1.114021	1.882333	13.069982	-0.645495	67.369232	27.293004	15.185104	-3.188877	2.381249	22.940523	2.286259	89.302340	26.520293	37.837786	-0.569324	-2.433090
2.183333	-2.304487	-5.481436	97.117328	0.246105	0.971471	0.267706	-0.581284	-1.840551	-3.847989	0.781766	0.013644	25.540858	-4.689898	0.000000	9.592073	5.735008	7.509093	16.589936	0.289549	28.518052	-15.832324	0.000000	0.017725	-0.255769	0.655326	0.032918	-0.340172	0.696284	0.029121	-0.621876	0.696284	0.020258	-0.621876	0.573410	0.016460	-0.521563	0.532452	0.010128	-0.396186	0.491494	0.126611	-2.893306	3.644726	0.000000	0.000000	23.262547	-1.222800	1.961331	12.977348	-0.622401	67.300532	27.265365	16.579440	-3.198608	2.176412	22.667152	2.095618	88.697247	26.668555	38.692354	-0.571490	-2.393948
2.200000	-2.298337	-5.386039	97.029781	0.246201	0.971622	0.266972	-0.718854	-1.833662	-4.212260	0.770237	0.013443	25.683579	-3.886952	0.000000	9.393544	5.681023	7.351351	16.509136	0.288139	28.590622	-15.731493	0.000000	0.014280	-0.253017	0.656797	0.026520	-0.336512	0.697846	0.023461	-0.615185	0.697846	0.016321	-0.615185	0.574697	0.013261	-0.515952	0.533647	0.008160	-0.391923	0.492597	0.102004	-2.862175	3.652905	0.000000	0.000000	23.097689	-1.318152	2.066354	12.871860	-0.597169	67.105647	27.253140	18.068039	-3.242968	2.043810	22.408312	1.912827	88.135277	26.800490	39.618912	-0.597948	-2.396096
2.216667	-2.300712	-5.322199	96.955827	0.246248	0.971708	0.266386	-0.827630	-1.840514	-4.583108	0.756507	0.013204	25.825531	-3.160764	0.000000	9.247095	5.652256	7.244324	16.439952	0.286931	28.632857	-15.670623	0.000000	0.012868	-0.251090	0.652694	0.023896	-0.333950	0.693487	0.021140	-0.610501	0.693487	0.014706	-0.610501	0.571107	0.011949	-0.512023	0.530314	0.007353	-0.388939	0.489520	0.091912	-2.840382	3.630088	0.000000	0.000000	22.971348	-1.401946	2.219018	12.782943	-0.571360	66.931578	27.245141	19.391668	-3.300126	1.948881	22.199286	1.751958	87.786365	26.893751	40.417838	-0.629111	-2.500988
2.233333	-2.338017	-5.283241	96.848597	0.246293	0.971748	0.265924	-0.910813	-1.891234	-4.990511	0.751324	0.013113	25.974954	-2.396714	0.000000	9.127422	5.666779	7.149042	16.355088	0.285450	28.628272	-15.664520	0.000000	0.012430	-0.253484	0.655816	0.023085	-0.337134	0.696805	0.020422	-0.616322	0.696805	0.014207	-0.616322	0.573839	0.011543	-0.516905	0.532851	0.007103	-0.392647	0.491862	0.088789	-2.867465	3.647453	0.000000	0.000000	22.865748	-1.481354	2.323142	12.707859	-0.544818	66.772689	27.235943	20.628247	-3.355015	1.882874	22.028825	1.616836	87.594634	26.956489	40.983356	-0.693525	-2.677415
2.250000	-2.414062	-5.264365	96.724080	0.246341	0.971749	0.265581	-0.974611	-1.985212	-5.415593	0.757543	0.013222	26.123200	-1.667897	0.000000	9.032367	5.729250	7.078463	16.264814	0.283875	28.585344	-15.710004	0.000000	0.012438	-0.260764	0.665286	0.023099	-0.346816	0.706866	0.020434	-0.634021	0.706866	0.014215	-0.634021	0.582125	0.011550	-0.531749	0.540545	0.007107	-0.403923	0.498964	0.088843	-2.949811	3.700119	0.000000	0.000000	22.774877	-1.536689	2.389658	12.668709	-0.511118	66.726082	27.212051	21.543586	-3.394535	1.828959	21.908463	1.505792	87.581266	26.985946	41.286602	-0.762305	-2.923269
2.266667	-2.531325	-5.258036	96.584907	0.246383	0.971728	0.265334	-1.026273	-2.125871	-5.860494	0.777884	0.013577	26.269578	-0.958344	0.000000	8.947233	5.838434	7.009898	16.160495	0.282054	28.520340	-15.779565	0.000000	0.012199	-0.273288	0.682034	0.022655	-0.363473	0.724661	0.020042	-0.664472	0.724661	0.013942	-0.664472	0.596780	0.011328	-0.557288	0.554153	0.006971	-0.423323	0.511526	0.087137	-3.091485	3.793269	0.000000	0.000000	22.692664	-1.563629	2.404768	12.658790	-0.471261	66.755378	27.178063	22.149157	-3.413568	1.788392	21.837323	1.416589	87.711477	26.992197	41.335453	-0.817960	-3.214179
2.283333	-2.673520	-5.260075	96.435644	0.246413	0.971696	0.265171	-1.064377	-2.295801	-6.351872	0.812849	0.014187	26.422751	-0.217944	0.000000	8.875179	5.976420	6.927647	16.058290	0.280270	28.458980	-15.845103	0.000000	0.011820	-0.288842	0.705905	0.021951	-0.384160	0.750024	0.019419	-0.702291	0.750024	0.013509	-0.702291	0.617667	0.010976	-0.589007	0.573548	0.006754	-0.447417	0.529429	0.084431	-3.267441	3.926030	0.000000	0.000000	22.618880	-1.573505	2.373253	12.679461	-0.434402	66.868556	27.135821	22.453888	-3.403328	1.741913	21.812023	1.355096	87.961665	26.981405	41.107663	-0.854387	-3.531775
2.300000	-2.844367	-5.268759	96.253334	0.246458	0.971662	0.265031	-1.089057	-2.497923	-6.733251	0.855201	0.014926	26.549622	0.385805	0.000000	8.795429	6.145586	6.834439	15.928046	0.277997	28.382947	-15.948368	0.000000	0.012017	-0.307887	0.740500	0.022317	-0.409490	0.786782	0.019743	-0.748598	0.786782	0.013734	-0.748598	0.647938	0.011159	-0.627844	0.601657	0.006867	-0.476918	0.555375	0.085838	-3.482884	4.118442	0.000000	0.000000	22.545530	-1.555223	2.295863	12.714543	-0.398223	67.010994	27.084923	22.616553	-3.372353	1.682023	21.796373	1.300823	88.136739	26.983978	40.854037	-0.876908	-3.813919
2.316667	-3.020291	-5.277120	96.077680	0.246470	0.971646	0.264920	-1.106600	-2.707203	-7.175735	0.901653	0.015737	26.694885	1.070963	0.000000	8.716738	6.322939	6.735643	15.798024	0.275728	28.315431	-16.046851	0.000000	0.011998	-0.327485	0.777511	0.022281	-0.435555	0.826106	0.019711	-0.796247	0.826106	0.013712	-0.796247	0.680322	0.011141	-0.667807	0.631728	0.006856	-0.507274	0.583133	0.085700	-3.704573	4.324284	0.000000	0.000000	22.476056	-1.518100	2.193965	12.753219	-0.369993	67.130751	27.046403	22.536030	-3.329554	1.626877	21.797242	1.263574	88.297515	26.992645	40.496346	-0.880333	-4.076051
2.333333	-3.194422	-5.286176	95.907871	0.246457	0.971651	0.264808	-1.116980	-2.914397	-7.552983	0.945069	0.016495	26.829236	1.679312	0.000000	8.632082	6.504939	6.673808	15.654457	0.273222	28.240574	-16.190564	0.000000	0.012439	-0.346816	0.814500	0.023101	-0.461266	0.865406	0.020436	-0.843249	0.865406	0.014217	-0.843249	0.712688	0.011551	-0.707228	0.661781	0.007108	-0.537219	0.610875	0.088852	-3.923257	4.530005	0.000000	0.000000	22.416864	-1.467326	2.080644	12.803151	-0.350200	67.296284	27.014217	22.212426	-3.277183	1.543077	21.808163	1.235089	88.454155	27.016133	40.037675	-0.883198	-4.313022
2.350000	-3.356651	-5.297174	95.753031	0.246419	0.971665	0.264687	-1.121527	-3.106507	-7.771547	0.978691	0.017081	26.919756	2.070221	0.000000	8.555038	6.675203	6.603607	15.519037	0.270858	28.182489	-16.310223	0.000000	0.013460	-0.364640	0.846377	0.024997	-0.484971	0.899275	0.022114	-0.886585	0.899275	0.015384	-0.886585	0.740579	0.012499	-0.743574	0.687681	0.007691	-0.564827	0.634782	0.096146	-4.124879	4.707292	0.000000	0.000000	22.373146	-1.404754	1.991234	12.851907	-0.336869	67.446615	26.992399	21.830964	-3.224628	1.439028	21.784455	1.196614	88.410843	27.071921	39.726279	-0.887734	-4.483925
2.366667	-3.503095	-5.307820	95.627720	0.246356	0.971696	0.264560	-1.124483	-3.277472	-7.895152	1.001636	0.017482	26.979739	2.310714	0.000000	8.478711	6.829282	6.540791	15.381576	0.268459	28.132950	-16.391050	0.000000	0.014682	-0.380617	0.870216	0.027267	-0.506221	0.924605	0.024122	-0.925432	0.924605	0.016781	-0.925432	0.761439	0.013634	-0.776154	0.707051	0.008390	-0.589576	0.652662	0.104876	-4.305616	4.839881	0.000000	0.000000	22.343113	-1.333940	1.934283	12.891643	-0.330100	67.565726	26.996926	21.240840	-3.175273	1.353286	21.749901	1.150298	88.312209	27.141389	39.463585	-0.889227	-4.639556
2.383333	-3.615505	-5.321280	95.558286	0.246243	0.971729	0.264437	-1.123993	-3.407386	-7.923038	1.012593	0.017673	27.008304	2.374212	0.000000	8.421931	6.959599	6.559301	15.271436	0.266537	28.073668	-16.510312	0.000000	0.016743	-0.392905	0.882102	0.031093	-0.522564	0.937234	0.027507	-0.955310	0.937234	0.019136	-0.955310	0.771839	0.015548	-0.801213	0.716708	0.009567	-0.608610	0.661577	0.119594	-4.444623	4.905988	0.000000	0.000000	22.329499	-1.278122	1.889097	12.912828	-0.333211	67.626042	27.025724	20.596876	-3.130229	1.265301	21.705456	1.101006	88.194789	27.222020	39.188028	-0.904144	-4.784472
2.400000	-3.704444	-5.328560	95.523020	0.246105	0.971777	0.264295	-1.130898	-3.508459	-7.932803	1.009524	0.017620	27.034842	2.408700	0.000000	8.356267	7.071518	6.639524	15.156802	0.264536	28.002191	-16.661027	0.000000	0.018547	-0.402689	0.887285	0.034443	-0.535576	0.942740	0.030470	-0.979098	0.942740	0.021197	-0.979098	0.776375	0.017222	-0.821163	0.720919	0.010598	-0.623765	0.665464	0.132477	-4.555298	4.934814	0.000000	0.000000	22.318699	-1.239239	1.839975	12.906124	-0.339466	67.596926	27.075009	19.893388	-3.093471	1.186443	21.652597	1.052064	88.072703	27.301052	38.921564	-0.928683	-4.914399
2.416667	-3.753567	-5.332803	95.542602	0.245921	0.971820	0.264193	-1.140639	-3.561432	-7.795829	0.988276	0.017249	27.017064	2.195088	0.000000	8.315097	7.151097	6.776158	15.087485	0.263326	27.944195	-16.819133	0.000000	0.020026	-0.407855	0.881737	0.037190	-0.542448	0.936845	0.032901	-0.991660	0.936845	0.022888	-0.991660	0.771520	0.018596	-0.831699	0.716411	0.011443	-0.631768	0.661303	0.143043	-4.613743	4.903955	0.000000	0.000000	22.317812	-1.222993	1.808877	12.888446	-0.359640	67.527580	27.144670	19.151412	-3.056103	1.120924	21.609071	1.006279	87.988934	27.381475	38.631969	-0.951573	-5.038023
2.433333	-3.743090	-5.332571	95.632443	0.245694	0.971851	0.264134	-1.151651	-3.546414	-7.568978	0.954680	0.016662	26.970278	1.821483	0.000000	8.327877	7.166439	6.884553	15.119173	0.263879	27.969626	-16.850327	0.000000	0.021521	-0.406351	0.861412	0.039966	-0.540447	0.915250	0.035356	-0.988002	0.915250	0.024596	-0.988002	0.753735	0.019984	-0.828631	0.699897	0.012297	-0.629438	0.646059	0.153720	-4.596726	4.790914	0.000000	0.000000	22.316979	-1.226919	1.800409	12.849347	-0.395567	67.377969	27.244131	18.474259	-3.019567	1.075160	21.565273	0.963886	87.889695	27.463224	38.367389	-0.972185	-5.140743
2.450000	-3.684494	-5.329698	95.791736	0.245416	0.971873	0.264132	-1.163383	-3.478371	-7.481273	0.910075	0.015884	26.967377	1.603864	0.000000	8.386607	7.127922	6.956681	15.233166	0.265869	28.075811	-16.734177	0.000000	0.022638	-0.399338	0.829099	0.042041	-0.531120	0.880917	0.037192	-0.970952	0.880917	0.025873	-0.970952	0.725461	0.021022	-0.814331	0.673643	0.012935	-0.618575	0.621824	0.161700	-4.517397	4.611198	0.000000	0.000000	22.311808	-1.238286	1.816203	12.793410	-0.443370	67.144374	27.353653	17.982566	-2.987330	1.047647	21.530597	0.927883	87.782040	27.552037	38.143393	-0.987709	-5.212840
2.466667	-3.611944	-5.330479	95.959854	0.245135	0.971893	0.264159	-1.166332	-3.394794	-7.243169	0.856034	0.014941	26.926774	1.181970	0.000000	8.447391	7.086685	7.107526	15.341298	0.267756	28.148693	-16.719426	0.000000	0.023705	-0.390418	0.796852	0.044023	-0.519256	0.846655	0.038945	-0.949262	0.846655	0.027093	-0.949262	0.697245	0.022013	-0.796140	0.647442	0.013545	-0.604757	0.597639	0.169324	-4.416485	4.431851	0.000000	0.000000	22.326722	-1.266654	1.850450	12.734104	-0.500396	66.906071	27.467232	17.634873	-2.959296	1.025140	21.516022	0.901469	87.711908	27.641261	37.947554	-0.992598	-5.253623
2.483333	-3.510888	-5.337886	96.159329	0.244839	0.971894	0.264267	-1.157588	-3.279710	-6.905447	0.792834	0.013838	26.846042	0.580738	0.000000	8.551108	7.011821	7.212625	15.504873	0.270611	28.265197	-16.603978	0.000000	0.024547	-0.377895	0.760616	0.045587	-0.502600	0.808155	0.040329	-0.918814	0.808155	0.028055	-0.918814	0.665539	0.022795	-0.770603	0.618001	0.014026	-0.585359	0.570462	0.175340	-4.274824	4.230320	0.000000	0.000000	22.368661	-1.314030	1.914958	12.671753	-0.570620	66.617741	27.591654	17.487409	-2.942205	1.024596	21.519055	0.891196	87.641555	27.725540	37.826558	-0.986623	-5.259013
2.500000	-3.412726	-5.358674	96.376813	0.244539	0.971875	0.264444	-1.133793	-3.168599	-6.488260	0.725763	0.012667	26.733719	-0.176916	0.000000	8.676648	6.942758	7.323758	15.675016	0.273581	28.372308	-16.480507	0.000000	0.026057	-0.365901	0.722214	0.048391	-0.486648	0.767353	0.042810	-0.889652	0.767353	0.029781	-0.889652	0.631937	0.024197	-0.746145	0.586799	0.014889	-0.566781	0.541661	0.186125	-4.139146	4.016739	0.000000	0.000000	22.431635	-1.374591	1.975670	12.615365	-0.635352	66.341714	27.698376	17.629291	-2.947154	0.965393	21.543161	0.881144	87.596108	27.812605	37.779847	-0.981751	-5.233165
2.516667	-3.282821	-5.390945	96.587808	0.244246	0.971818	0.264775	-1.085078	-3.027126	-5.982754	0.661176	0.011540	26.572448	-1.080331	0.000000	8.875839	6.842032	7.397368	15.939104	0.278190	28.497846	-16.351566	0.000000	0.027378	-0.349696	0.684671	0.050844	-0.465096	0.727463	0.044980	-0.850251	0.727463	0.031291	-0.850251	0.599087	0.025424	-0.713100	0.556295	0.015644	-0.541679	0.513503	0.195561	-3.955832	3.807936	0.000000	0.000000	22.531087	-1.459442	2.060848	12.560017	-0.718981	65.971469	27.814968	18.130628	-2.965986	0.922913	21.577575	0.899959	87.524161	27.870651	37.778515	-0.982597	-5.204696
2.533333	-3.160088	-5.428823	96.776081	0.243961	0.971736	0.265175	-1.028335	-2.896326	-5.393926	0.601316	0.010495	26.371355	-2.126645	0.000000	9.081677	6.749088	7.461472	16.197094	0.282693	28.597183	-16.247620	0.000000	0.028920	-0.334057	0.648974	0.053707	-0.444296	0.689535	0.047513	-0.812227	0.689535	0.033053	-0.812227	0.567853	0.026855	-0.681209	0.527292	0.016525	-0.517455	0.486731	0.206573	-3.778922	3.609400	0.000000	0.000000	22.636256	-1.543940	2.152084	12.512347	-0.801233	65.584706	27.928168	18.786811	-2.998580	0.902104	21.613721	0.926119	87.428485	27.911724	37.808283	-0.985071	-5.168286
2.550000	-3.031483	-5.470133	96.944796	0.243660	0.971627	0.265704	-0.961278	-2.763015	-4.731141	0.550660	0.009611	26.132829	-3.303676	0.000000	9.313874	6.657063	7.537669	16.484453	0.287708	28.681026	-16.205440	0.000000	0.030218	-0.317415	0.612708	0.056118	-0.422162	0.651002	0.049645	-0.771764	0.651002	0.034536	-0.771764	0.536119	0.028060	-0.647273	0.497825	0.017267	-0.491676	0.459531	0.215845	-3.590666	3.407697	0.000000	0.000000	22.738938	-1.626269	2.242030	12.500826	-0.894395	65.308648	28.047559	19.233344	-3.026722	0.893490	21.665297	0.968638	87.370450	27.925919	37.731559	-0.990967	-5.154249
2.566667	-2.902221	-5.507485	97.072690	0.243375	0.971504	0.266326	-0.887482	-2.633485	-4.128412	0.518077	0.009042	25.896115	-4.400555	0.000000	9.552413	6.551785	7.521487	16.782743	0.292914	28.797480	-16.089094	0.000000	0.030748	-0.300303	0.579420	0.057102	-0.399403	0.615634	0.050516	-0.730157	0.615634	0.035142	-0.730157	0.506993	0.028553	-0.612379	0.470779	0.017569	-0.465170	0.434565	0.219631	-3.397091	3.222563	0.000000	0.000000	22.832868	-1.704880	2.338141	12.501507	-0.987081	65.018135	28.162984	19.726480	-3.061199	0.945868	21.717129	1.016987	87.270193	27.927640	37.658709	-0.996908	-5.140571
2.583333	-2.774694	-5.535832	97.154537	0.243098	0.971375	0.267025	-0.812843	-2.510213	-3.510842	0.501406	0.008751	25.648458	-5.494865	0.000000	9.785331	6.452492	7.515826	17.084378	0.298179	28.916883	-16.052203	0.000000	0.030390	-0.282995	0.548579	0.056437	-0.376383	0.582865	0.049927	-0.688073	0.582865	0.034732	-0.688073	0.480006	0.028220	-0.577083	0.445720	0.017365	-0.438359	0.411434	0.217071	-3.201293	3.051029	0.000000	0.000000	22.899820	-1.757677	2.441714	12.544397	-1.085423	64.901040	28.279388	19.846235	-3.076184	1.036644	21.768388	1.068233	87.150423	27.916500	37.539436	-1.004785	-5.141387
2.600000	-2.651112	-5.544650	97.173637	0.242860	0.971261	0.267728	-0.747912	-2.395439	-3.023616	0.502499	0.008770	25.442202	-6.338249	0.000000	9.981859	6.335233	7.384665	17.357876	0.302952	29.102939	-15.894919	0.000000	0.028457	-0.265684	0.524598	0.052848	-0.353360	0.557385	0.046752	-0.645984	0.557385	0.032524	-0.645984	0.459023	0.026425	-0.541783	0.426236	0.016260	-0.411544	0.393448	0.203267	-3.005469	2.917654	0.000000	0.000000	22.932483	-1.797635	2.542770	12.586769	-1.180690	64.781952	28.389988	19.953678	-3.083967	1.204301	21.810340	1.118251	86.983575	27.898805	37.486758	-1.012675	-5.145605
2.616667	-2.530489	-5.535927	97.129677	0.242670	0.971168	0.268405	-0.691872	-2.285996	-2.583597	0.515547	0.008998	25.253825	-7.031146	0.000000	10.143825	6.208241	7.178543	17.605573	0.307275	29.333083	-15.696913	0.000000	0.025622	-0.248223	0.507909	0.047583	-0.330137	0.539653	0.042095	-0.603530	0.539653	0.029284	-0.603530	0.444420	0.023793	-0.506177	0.412676	0.014641	-0.384498	0.380931	0.183017	-2.807950	2.824835	0.000000	0.000000	22.930135	-1.823133	2.651635	12.636470	-1.275819	64.744627	28.496252	19.816383	-3.072876	1.430814	21.842539	1.167735	86.804163	27.873079	37.446612	-1.026724	-5.158910
2.633333	-2.422141	-5.509003	97.021745	0.242538	0.971106	0.268998	-0.647825	-2.191150	-2.229329	0.541705	0.009455	25.106249	-7.505235	0.000000	10.251787	6.085606	6.951442	17.797175	0.310619	29.561131	-15.535795	0.000000	0.022183	-0.231998	0.500038	0.041197	-0.308557	0.531290	0.036445	-0.564080	0.531290	0.025353	-0.564080	0.437533	0.020600	-0.473090	0.406281	0.012676	-0.359365	0.375028	0.158454	-2.624408	2.781061	0.000000	0.000000	22.888425	-1.834950	2.748158	12.680295	-1.366097	64.788564	28.599157	19.382347	-3.041510	1.692129	21.858066	1.213460	86.614892	27.838058	37.485577	-1.059284	-5.183637
2.650000	-2.315818	-5.465166	96.885566	0.242440	0.971073	0.269514	-0.614073	-2.098504	-2.049090	0.586355	0.010234	25.024217	-7.681362	0.000000	10.322544	5.960725	6.728740	17.959740	0.313457	29.779351	-15.410277	0.000000	0.017852	-0.215887	0.494502	0.033153	-0.287130	0.525409	0.029329	-0.524908	0.525409	0.020403	-0.524908	0.432690	0.016577	-0.440237	0.401783	0.010201	-0.334409	0.370877	0.127515	-2.442159	2.750273	0.000000	0.000000	22.821516	-1.836551	2.851851	12.702568	-1.452106	64.843733	28.708719	18.710195	-3.001729	1.993019	21.848010	1.257614	86.373942	27.793677	37.653618	-1.119831	-5.191876
2.666667	-2.226480	-5.404661	96.705098	0.242429	0.971070	0.269916	-0.593066	-2.019641	-1.897082	0.645475	0.011266	24.983452	-7.738968	0.000000	10.343743	5.843479	6.492331	18.072461	0.315424	29.969567	-15.314898	0.000000	0.012792	-0.202228	0.493896	0.023757	-0.268964	0.524764	0.021017	-0.491698	0.524764	0.014620	-0.491698	0.432159	0.011879	-0.412384	0.401290	0.007310	-0.313252	0.370422	0.091375	-2.287649	2.746901	0.000000	0.000000	22.727290	-1.820712	2.940066	12.717047	-1.520784	64.996782	28.800380	17.806506	-2.938442	2.271554	21.833481	1.287960	86.204121	27.744363	37.829664	-1.205377	-5.209070
2.683333	-2.153405	-5.326610	96.506501	0.242491	0.971090	0.270209	-0.594060	-1.950558	-1.757364	0.709518	0.012383	24.965152	-7.749253	0.000000	10.325553	5.727779	6.205872	18.155408	0.316872	30.148247	-15.166800	0.000000	0.006288	-0.191077	0.494330	0.011677	-0.254133	0.525225	0.010330	-0.464586	0.525225	0.007186	-0.464586	0.432539	0.005839	-0.389645	0.401643	0.003593	-0.295979	0.370747	0.044912	-2.161506	2.749314	0.000000	0.000000	22.611348	-1.773474	3.030948	12.696644	-1.572749	65.097699	28.894975	16.825956	-2.868763	2.573506	21.813139	1.304691	86.085403	27.689072	38.024171	-1.297407	-5.219052
2.700000	-2.095484	-5.239517	96.311008	0.242603	0.971125	0.270388	-0.611176	-1.890219	-1.651601	0.778722	0.013591	24.978910	-7.708765	0.000000	10.274535	5.626930	5.968127	18.204899	0.317735	30.271818	-15.074960	0.000000	-0.000427	-0.182629	0.492773	-0.000794	-0.242896	0.523571	-0.000702	-0.444044	0.523571	-0.000488	-0.444044	0.431176	-0.000397	-0.372417	0.400378	-0.000244	-0.282892	0.369580	-0.003053	-2.065935	2.740656	0.000000	0.000000	22.476114	-1.705661	3.101927	12.644347	-1.607379	65.178757	28.993232	15.678272	-2.799255	2.878509	21.781402	1.308038	85.996785	27.630724	38.242850	-1.402864	-5.207392
2.716667	-2.047731	-5.145943	96.143067	0.242728	0.971171	0.270476	-0.642229	-1.835189	-1.693521	0.853200	0.014891	25.062009	-7.480547	0.000000	10.204191	5.541301	5.803756	18.237997	0.318313	30.341521	-15.042123	0.000000	-0.007510	-0.176237	0.485541	-0.013947	-0.234396	0.515888	-0.012338	-0.428504	0.515888	-0.008583	-0.428504	0.424849	-0.006974	-0.359383	0.394502	-0.004291	-0.272992	0.364156	-0.053643	-1.993632	2.700435	0.000000	0.000000	22.333021	-1.620586	3.162323	12.574680	-1.625689	65.264064	29.073891	14.577121	-2.725354	3.151179	21.736549	1.298804	85.909476	27.578679	38.459117	-1.518685	-5.151687
2.733333	-2.021803	-5.047413	95.982976	0.242896	0.971237	0.270472	-0.690407	-1.796675	-1.735237	0.920179	0.016060	25.165501	-7.249451	0.000000	10.108673	5.477321	5.678533	18.238223	0.318317	30.358012	-15.049515	0.000000	-0.014867	-0.173393	0.479648	-0.027610	-0.230613	0.509626	-0.024425	-0.421588	0.509626	-0.016992	-0.421588	0.419692	-0.013806	-0.353583	0.389714	-0.008495	-0.268586	0.359736	-0.106194	-1.961459	2.667660	0.000000	0.000000	22.175676	-1.510176	3.189554	12.487307	-1.622292	65.332362	29.133211	13.469454	-2.652682	3.407706	21.698285	1.287137	85.918450	27.514808	38.600479	-1.627823	-5.089685
2.750000	-1.998672	-4.956041	95.873075	0.243063	0.971308	0.270435	-0.741478	-1.754145	-1.724422	0.979419	0.017094	25.264574	-7.147510	0.000000	10.036267	5.422785	5.612509	18.261007	0.318715	30.339262	-15.081352	0.000000	-0.021197	-0.171903	0.468138	-0.039365	-0.228631	0.497397	-0.034825	-0.417965	0.497397	-0.024226	-0.417965	0.409621	-0.019684	-0.350545	0.380362	-0.012112	-0.266278	0.351104	-0.151409	-1.944602	2.603645	0.000000	0.000000	22.019996	-1.386476	3.206554	12.416433	-1.609151	65.503170	29.162545	12.338403	-2.564303	3.615612	21.677658	1.273660	86.058278	27.448177	38.593936	-1.722840	-5.044285
2.766667	-1.998623	-4.869445	95.802728	0.243242	0.971404	0.270311	-0.802354	-1.731160	-1.756274	1.031543	0.018004	25.391694	-7.007726	0.000000	9.956405	5.397557	5.619398	18.260367	0.318704	30.265565	-15.162083	0.000000	-0.026615	-0.174408	0.455701	-0.049427	-0.231962	0.484182	-0.043726	-0.424055	0.484182	-0.030418	-0.424055	0.398738	-0.024715	-0.355652	0.370257	-0.015208	-0.270158	0.341776	-0.190109	-1.972936	2.534472	0.000000	0.000000	21.862475	-1.255850	3.174158	12.340872	-1.571661	65.684243	29.155990	11.280610	-2.474694	3.778517	21.662259	1.255252	86.299342	27.373202	38.502311	-1.808677	-5.033526
2.783333	-2.019157	-4.795703	95.774710	0.243407	0.971520	0.270152	-0.863307	-1.726761	-1.893080	1.071347	0.018699	25.546020	-6.773656	0.000000	9.887177	5.404244	5.711635	18.247398	0.318477	30.133857	-15.301305	0.000000	-0.031085	-0.179937	0.443539	-0.057727	-0.239317	0.471260	-0.051069	-0.437500	0.471260	-0.035527	-0.437500	0.388096	-0.028865	-0.366928	0.360375	-0.017762	-0.278723	0.332654	-0.222034	-2.035488	2.466829	0.000000	0.000000	21.729215	-1.138795	3.123686	12.281612	-1.514271	65.907469	29.098149	10.330608	-2.384393	3.885993	21.647075	1.238489	86.587391	27.293538	38.359194	-1.886733	-5.066603
2.800000	-2.055483	-4.739037	95.763072	0.243582	0.971645	0.269985	-0.913474	-1.736694	-1.828851	1.098315	0.019169	25.626961	-6.841037	0.000000	9.846678	5.427791	5.805028	18.241513	0.318374	29.978917	-15.431413	0.000000	-0.034500	-0.187495	0.433661	-0.064070	-0.249368	0.460764	-0.056680	-0.455875	0.460764	-0.039430	-0.455875	0.379453	-0.032037	-0.382339	0.352349	-0.019713	-0.290429	0.325245	-0.246430	-2.120978	2.411890	0.000000	0.000000	21.636921	-1.054580	3.068205	12.250666	-1.443263	66.200656	29.001098	9.448297	-2.289869	3.931345	21.632962	1.225819	86.916536	27.202201	38.140274	-1.955695	-5.164774
2.816667	-2.108803	-4.702474	95.781537	0.243733	0.971780	0.269817	-0.951209	-1.765808	-1.790804	1.114648	0.019454	25.693539	-6.908840	0.000000	9.825257	5.478552	5.960316	18.221242	0.318021	29.784230	-15.607643	0.000000	-0.036760	-0.197053	0.421808	-0.068267	-0.262080	0.448171	-0.060393	-0.479114	0.448171	-0.042013	-0.479114	0.369082	-0.034135	-0.401830	0.342719	-0.021005	-0.305234	0.316356	-0.262572	-2.229098	2.345970	0.000000	0.000000	21.576672	-0.997576	3.020292	12.256784	-1.356590	66.577121	28.856646	8.720603	-2.193207	3.893537	21.612835	1.210525	87.243979	27.109054	37.882026	-2.023488	-5.320284
2.833333	-2.186004	-4.691337	95.816828	0.243869	0.971913	0.269677	-0.965953	-1.823614	-1.795078	1.125784	0.019649	25.750935	-6.947947	0.000000	9.828726	5.563096	6.162041	18.188876	0.317456	29.557127	-15.828619	0.000000	-0.037821	-0.209322	0.409012	-0.070238	-0.278399	0.434575	-0.062136	-0.508947	0.434575	-0.043226	-0.508947	0.357885	-0.035121	-0.426850	0.332322	-0.021611	-0.324240	0.306759	-0.270153	-2.367898	2.274801	0.000000	0.000000	21.546643	-0.958242	2.977131	12.302098	-1.254429	67.031731	28.675130	8.126811	-2.098240	3.771100	21.587686	1.185697	87.547135	27.018822	37.625083	-2.091769	-5.537159
2.850000	-2.264043	-4.700834	95.849748	0.243990	0.972037	0.269588	-0.955300	-1.889886	-1.964089	1.136123	0.019829	25.827521	-6.752137	0.000000	9.868059	5.651827	6.359573	18.174061	0.317197	29.331156	-16.055133	0.000000	-0.038633	-0.220780	0.396212	-0.071745	-0.293638	0.420975	-0.063470	-0.536805	0.420975	-0.044153	-0.536805	0.346686	-0.035874	-0.450215	0.321922	-0.022075	-0.341988	0.297159	-0.275949	-2.497509	2.203614	0.000000	0.000000	21.544118	-0.922099	2.992368	12.381433	-1.158666	67.490144	28.489097	7.699082	-2.007560	3.666817	21.542927	1.163785	87.731823	26.923951	37.448890	-2.149202	-5.781951
2.866667	-2.345231	-4.732770	95.882872	0.244088	0.972143	0.269562	-0.921122	-1.964642	-2.145284	1.139885	0.019895	25.879558	-6.547559	0.000000	9.943224	5.746108	6.541548	18.179903	0.317299	29.125059	-16.260282	0.000000	-0.038946	-0.231713	0.382234	-0.072327	-0.308178	0.406124	-0.063985	-0.563386	0.406124	-0.044512	-0.563386	0.334455	-0.036166	-0.472509	0.310565	-0.022254	-0.358923	0.286675	-0.278189	-2.621180	2.125870	0.000000	0.000000	21.552966	-0.882648	3.058651	12.509726	-1.067994	68.060590	28.296907	7.220640	-1.913702	3.537464	21.488863	1.139525	87.826853	26.836102	37.323916	-2.200170	-6.038668
2.883333	-2.425847	-4.786125	95.914061	0.244155	0.972227	0.269589	-0.869812	-2.042137	-2.255653	1.128748	0.019700	25.885550	-6.448374	0.000000	10.045965	5.844645	6.720088	18.199245	0.317637	28.940382	-16.463637	0.000000	-0.038701	-0.241771	0.368455	-0.071871	-0.321556	0.391484	-0.063582	-0.587843	0.391484	-0.044231	-0.587843	0.322398	-0.035938	-0.493020	0.299370	-0.022114	-0.374504	0.276341	-0.276436	-2.734965	2.049238	0.000000	0.000000	21.564089	-0.829433	3.163518	12.668983	-0.993720	68.678177	28.118792	6.803679	-1.823702	3.422156	21.438640	1.115289	87.889954	26.758637	37.201181	-2.240819	-6.305846
2.900000	-2.507880	-4.857885	95.939388	0.244206	0.972291	0.269646	-0.796993	-2.128360	-2.569011	1.123875	0.019615	25.933689	-6.072366	0.000000	10.163959	5.938842	6.837684	18.219938	0.317998	28.803951	-16.581449	0.000000	-0.038134	-0.251079	0.356502	-0.070819	-0.333935	0.378783	-0.062651	-0.610473	0.378783	-0.043584	-0.610473	0.311939	-0.035411	-0.512000	0.289658	-0.021790	-0.388921	0.267376	-0.272389	-2.840254	1.982756	0.000000	0.000000	21.577136	-0.758978	3.318817	12.845051	-0.932570	69.298913	27.952194	6.546405	-1.745632	3.342340	21.366562	1.084484	87.776156	26.707907	37.271608	-2.273559	-6.527883
2.916667	-2.594213	-4.947857	95.943967	0.244253	0.972326	0.269706	-0.708284	-2.224023	-2.845646	1.115786	0.019474	25.970658	-5.724339	0.000000	10.283946	6.044021	6.968847	18.223347	0.318057	28.683322	-16.741817	0.000000	-0.036429	-0.260374	0.350905	-0.067652	-0.346297	0.372836	-0.059849	-0.633072	0.372836	-0.041635	-0.633072	0.307042	-0.033828	-0.530954	0.285110	-0.020816	-0.403319	0.263179	-0.260209	-2.945397	1.951627	0.000000	0.000000	21.573405	-0.665403	3.483348	13.023828	-0.891510	69.918605	27.817970	6.270667	-1.681605	3.303482	21.292869	1.048279	87.617257	26.684268	37.392422	-2.304434	-6.739076
2.933333	-2.691975	-5.048348	95.924629	0.244320	0.972340	0.269731	-0.619377	-2.331256	-3.010762	1.096882	0.019144	25.979620	-5.511342	0.000000	10.389334	6.146064	6.992707	18.198385	0.317622	28.621102	-16.769708	0.000000	-0.034256	-0.270629	0.354354	-0.063618	-0.359936	0.376501	-0.056280	-0.658007	0.376501	-0.039152	-0.658007	0.310060	-0.031811	-0.551866	0.287913	-0.019574	-0.419204	0.265766	-0.244690	-3.061406	1.970811	0.000000	0.000000	21.555144	-0.550451	3.648796	13.174711	-0.858305	70.400430	27.711024	6.174923	-1.655124	3.348832	21.224921	1.007166	87.456788	26.684019	37.546079	-2.329365	-6.946212
2.950000	-2.793545	-5.158347	95.896757	0.244377	0.972328	0.269705	-0.528036	-2.444396	-3.139718	1.079302	0.018837	25.985787	-5.346383	0.000000	10.476005	6.263304	7.062680	18.142968	0.316655	28.548090	-16.882581	0.000000	-0.030854	-0.280945	0.362313	-0.057299	-0.373656	0.384957	-0.050690	-0.683089	0.384957	-0.035263	-0.683089	0.317024	-0.028651	-0.572902	0.294379	-0.017630	-0.435183	0.271735	-0.220388	-3.178102	2.015075	0.000000	0.000000	21.517126	-0.421412	3.812782	13.312183	-0.841500	70.864352	27.640534	5.963125	-1.651008	3.423276	21.153806	0.962092	87.288753	26.713210	37.640997	-2.370036	-7.146540
2.966667	-2.897343	-5.262877	95.827923	0.244473	0.972301	0.269612	-0.434605	-2.563748	-3.379327	1.085367	0.018943	26.048112	-4.977763	0.000000	10.522276	6.371839	7.048163	18.044195	0.314931	28.502784	-16.932320	0.000000	-0.028085	-0.291023	0.381686	-0.052157	-0.387060	0.405541	-0.046141	-0.707593	0.405541	-0.032099	-0.707593	0.333975	-0.026080	-0.593453	0.310120	-0.016048	-0.450794	0.286264	-0.200610	-3.292107	2.122822	0.000000	0.000000	21.465640	-0.286431	3.967916	13.397268	-0.838654	71.111960	27.629622	5.725066	-1.709655	3.593507	21.088043	0.921928	87.100577	26.755799	37.822928	-2.409149	-7.310962
2.983333	-2.998082	-5.359391	95.736273	0.244583	0.972256	0.269433	-0.348164	-2.682944	-3.705023	1.107470	0.019329	26.156789	-4.460813	0.000000	10.523308	6.473118	6.997872	17.901294	0.312437	28.467045	-16.962502	0.000000	-0.025139	-0.300412	0.407318	-0.046687	-0.399548	0.432775	-0.041302	-0.730421	0.432775	-0.028732	-0.730421	0.356403	-0.023345	-0.612599	0.330946	-0.014365	-0.465338	0.305488	-0.179569	-3.398317	2.265379	0.000000	0.000000	21.386141	-0.143182	4.113084	13.426674	-0.846773	71.154227	27.674513	5.472304	-1.827151	3.819082	21.019347	0.884884	86.879433	26.819675	38.008421	-2.451916	-7.418259
3.000000	-3.091663	-5.442742	95.613871	0.244716	0.972193	0.269174	-0.272782	-2.795682	-3.991546	1.141151	0.019917	26.273584	-3.961677	0.000000	10.479442	6.561213	6.905197	17.723550	0.309334	28.440340	-16.973303	0.000000	-0.022319	-0.308553	0.439797	-0.041448	-0.410375	0.467285	-0.036668	-0.750215	0.467285	-0.025508	-0.750215	0.384823	-0.020725	-0.629201	0.357335	-0.012753	-0.477948	0.329848	-0.159421	-3.490412	2.446020	0.000000	0.000000	21.278587	0.000142	4.248533	13.412086	-0.867951	71.043014	27.764736	5.202605	-1.985961	4.055434	20.962231	0.855152	86.678006	26.899993	38.140487	-2.489889	-7.467809
3.016667	-3.172264	-5.513774	95.471036	0.244853	0.972110	0.268883	-0.200155	-2.899415	-4.318274	1.194383	0.020846	26.413043	-3.382758	0.000000	10.406696	6.630684	6.764528	17.532296	0.305996	28.427321	-16.948679	0.000000	-0.019932	-0.314756	0.478772	-0.037016	-0.418626	0.508696	-0.032747	-0.765298	0.508696	-0.022781	-0.765298	0.418926	-0.018509	-0.641851	0.389002	-0.011389	-0.487557	0.359079	-0.142374	-3.560584	2.662788	0.000000	0.000000	21.155017	0.139399	4.371165	13.340509	-0.906354	70.695382	27.910833	4.971289	-2.196592	4.317863	20.933207	0.846589	86.530361	26.983247	38.187205	-2.513174	-7.448959
3.033333	-3.237509	-5.578600	95.328867	0.244977	0.972003	0.268583	-0.130352	-2.987846	-4.568503	1.251823	0.021848	26.542964	-2.902595	0.000000	10.320860	6.686311	6.621512	17.339748	0.302636	28.414221	-16.926996	0.000000	-0.017099	-0.318943	0.518690	-0.031754	-0.424194	0.551108	-0.028091	-0.775478	0.551108	-0.019542	-0.775478	0.453854	-0.015878	-0.650389	0.421436	-0.009770	-0.494043	0.389018	-0.122133	-3.607949	2.884800	0.000000	0.000000	21.026886	0.267802	4.484181	13.245847	-0.958389	70.257161	28.085856	4.790838	-2.431244	4.536337	20.903045	0.846404	86.277569	27.085579	38.340380	-2.517691	-7.320518
3.050000	-3.287970	-5.634029	95.187161	0.245092	0.971885	0.268314	-0.062009	-3.062583	-4.776924	1.315382	0.022958	26.670551	-2.464579	0.000000	10.228390	6.726921	6.463744	17.155766	0.299425	28.405638	-16.897898	0.000000	-0.014770	-0.321311	0.560311	-0.027430	-0.427344	0.595330	-0.024266	-0.781236	0.595330	-0.016881	-0.781236	0.490272	-0.013716	-0.655217	0.455252	-0.008440	-0.497711	0.420233	-0.105504	-3.634734	3.116280	0.000000	0.000000	20.908481	0.383747	4.586970	13.153181	-1.024913	69.807388	28.276609	4.620792	-2.669056	4.699078	20.893324	0.856473	85.995199	27.198245	38.545724	-2.486528	-7.107738
3.066667	-3.330404	-5.682764	95.017584	0.245251	0.971761	0.268055	0.005926	-3.127254	-4.766909	1.373428	0.023971	26.743461	-2.276630	0.000000	10.128239	6.750913	6.247157	16.967966	0.296147	28.408298	-16.834406	0.000000	-0.012021	-0.322985	0.611617	-0.022325	-0.429570	0.649843	-0.019750	-0.785305	0.649843	-0.013739	-0.785305	0.535165	-0.011163	-0.658630	0.496939	-0.006869	-0.500303	0.458713	-0.085867	-3.653668	3.401629	0.000000	0.000000	20.798676	0.478720	4.651837	13.055447	-1.101896	69.320939	28.479030	4.498904	-2.906212	4.823319	20.913649	0.880922	85.770244	27.308479	38.733268	-2.414357	-6.855822
3.083333	-3.362107	-5.729026	94.870212	0.245396	0.971640	0.267831	0.084247	-3.186181	-5.008100	1.449345	0.025296	26.892529	-1.740076	0.000000	10.039696	6.763726	6.020210	16.799017	0.293198	28.422310	-16.737153	0.000000	-0.008640	-0.323899	0.660456	-0.016045	-0.430785	0.701735	-0.014194	-0.787528	0.701735	-0.009874	-0.787528	0.577899	-0.008023	-0.660495	0.536621	-0.004937	-0.501719	0.495342	-0.061713	-3.664009	3.673260	0.000000	0.000000	20.711936	0.546739	4.693157	12.981002	-1.179063	68.911022	28.665569	4.434433	-3.120153	4.888063	20.923913	0.897216	85.435864	27.434562	39.077825	-2.309180	-6.560101
3.100000	-3.389225	-5.766833	94.738254	0.245528	0.971530	0.267624	0.151547	-3.237144	-5.085699	1.511746	0.026385	26.992441	-1.428122	0.000000	9.951520	6.775281	5.812736	16.639411	0.290413	28.429446	-16.658393	0.000000	-0.005515	-0.324687	0.707881	-0.010243	-0.431834	0.752124	-0.009061	-0.789445	0.752124	-0.006304	-0.789445	0.619396	-0.005122	-0.662103	0.575154	-0.003152	-0.502941	0.530911	-0.039396	-3.672929	3.937024	0.000000	0.000000	20.656080	0.576582	4.700195	12.933265	-1.251061	68.593528	28.820060	4.557576	-3.296589	4.871549	20.951655	0.907732	85.169031	27.562434	39.335598	-2.190126	-6.296347
3.116667	-3.404334	-5.795070	94.636196	0.245629	0.971436	0.267450	0.208145	-3.273599	-5.135399	1.564748	0.027310	27.071760	-1.168572	0.000000	9.877780	6.777864	5.624668	16.513712	0.288219	28.441729	-16.574849	0.000000	-0.003125	-0.324152	0.746655	-0.005803	-0.431122	0.793321	-0.005134	-0.788142	0.793321	-0.003572	-0.788142	0.653323	-0.002902	-0.661010	0.606657	-0.001786	-0.502111	0.559991	-0.022321	-3.666869	4.152671	0.000000	0.000000	20.636809	0.574093	4.723413	12.936975	-1.309306	68.468763	28.920482	4.829685	-3.420667	4.759934	20.978044	0.899250	84.898754	27.704599	39.535022	-2.061764	-6.053953
3.133333	-3.415287	-5.814554	94.561310	0.245692	0.971360	0.267289	0.250756	-3.303453	-5.104729	1.603749	0.027991	27.111588	-1.040284	0.000000	9.806143	6.787089	5.514608	16.400113	0.286236	28.427486	-16.570949	0.000000	-0.001420	-0.323171	0.775806	-0.002637	-0.429818	0.824294	-0.002333	-0.785758	0.824294	-0.001623	-0.785758	0.678831	-0.001319	-0.659011	0.630343	-0.000811	-0.500592	0.581855	-0.010143	-3.655777	4.314802	0.000000	0.000000	20.644231	0.544614	4.759521	12.983247	-1.345359	68.521151	28.959470	5.303680	-3.492014	4.553330	21.002669	0.869313	84.658505	27.857611	39.635757	-1.932145	-5.833559
3.150000	-3.400835	-5.828884	94.519331	0.245699	0.971290	0.267162	0.286649	-3.307245	-5.130949	1.632660	0.028495	27.146550	-0.862519	0.000000	9.758774	6.767965	5.388251	16.327303	0.284965	28.438399	-16.496487	0.000000	-0.000509	-0.318790	0.793340	-0.000945	-0.423990	0.842924	-0.000836	-0.775106	0.842924	-0.000582	-0.775106	0.694173	-0.000473	-0.650076	0.644589	-0.000291	-0.493805	0.595005	-0.003636	-3.606214	4.412320	0.000000	0.000000	20.690488	0.482338	4.837581	13.051147	-1.369640	68.643153	28.955506	6.032088	-3.514597	4.288738	21.007461	0.829574	84.354591	28.014838	39.771206	-1.802803	-5.598537
3.166667	-3.381202	-5.837224	94.510434	0.245671	0.971230	0.267048	0.310305	-3.304150	-5.220477	1.650782	0.028812	27.180098	-0.640670	0.000000	9.723759	6.741033	5.256741	16.282633	0.284186	28.463211	-16.363620	0.000000	-0.000931	-0.313730	0.799627	-0.001730	-0.417261	0.849603	-0.001530	-0.762803	0.849603	-0.001065	-0.762803	0.699673	-0.000865	-0.639758	0.649697	-0.000532	-0.485968	0.599720	-0.006653	-3.548978	4.447284	0.000000	0.000000	20.762419	0.415371	4.951125	13.134068	-1.366966	68.817625	28.904763	6.941898	-3.496538	4.003024	20.996242	0.770843	84.010658	28.175447	39.949068	-1.665265	-5.327685
3.183333	-3.368027	-5.838977	94.552828	0.245574	0.971195	0.266917	0.307586	-3.304032	-5.288270	1.647036	0.028746	27.180483	-0.531346	0.000000	9.673531	6.735950	5.239713	16.221565	0.283120	28.444027	-16.309817	0.000000	-0.003004	-0.309387	0.791785	-0.005579	-0.411485	0.841272	-0.004935	-0.752244	0.841272	-0.003433	-0.752244	0.692812	-0.002790	-0.630902	0.643326	-0.001717	-0.479241	0.593839	-0.021458	-3.499850	4.403673	0.000000	0.000000	20.857722	0.353550	5.096972	13.243702	-1.336945	69.115633	28.792456	8.074599	-3.434948	3.672617	20.980588	0.694580	83.689214	28.334054	40.141929	-1.516300	-5.018757
3.200000	-3.323789	-5.847236	94.615823	0.245474	0.971146	0.266790	0.301118	-3.265695	-5.181425	1.621415	0.028299	27.107423	-0.698161	0.000000	9.679583	6.687059	5.164447	16.246945	0.283563	28.481810	-16.140055	0.000000	-0.003786	-0.301672	0.777783	-0.007031	-0.401224	0.826395	-0.006220	-0.733485	0.826395	-0.004327	-0.733485	0.680560	-0.003516	-0.615169	0.631949	-0.002163	-0.467290	0.583338	-0.027043	-3.412574	4.325798	0.000000	0.000000	20.957001	0.279319	5.258917	13.356166	-1.298570	69.446761	28.639762	9.495938	-3.337429	3.304405	20.944136	0.630727	83.368038	28.472068	40.276923	-1.396422	-4.675083
3.216667	-3.277088	-5.850172	94.725847	0.245339	0.971111	0.266631	0.266188	-3.217671	-5.035589	1.572898	0.027452	27.003469	-0.998327	0.000000	9.691904	6.630544	5.083467	16.293005	0.284367	28.550330	-15.876646	0.000000	-0.005472	-0.294158	0.755682	-0.010162	-0.391231	0.802912	-0.008990	-0.715217	0.802912	-0.006254	-0.715217	0.661222	-0.005081	-0.599848	0.613992	-0.003127	-0.455651	0.566761	-0.039085	-3.327578	4.202876	0.000000	0.000000	21.058770	0.215582	5.414304	13.452951	-1.252453	69.707976	28.469405	11.219286	-3.218692	2.993343	20.905798	0.567865	83.100219	28.590317	40.408914	-1.271892	-4.325691
3.233333	-3.242324	-5.850518	94.875427	0.245161	0.971096	0.266430	0.210153	-3.178346	-4.952982	1.516208	0.026463	26.908246	-1.289929	0.000000	9.692143	6.603797	5.126349	16.323569	0.284900	28.582521	-15.722021	0.000000	-0.007235	-0.288310	0.726479	-0.013435	-0.383453	0.771884	-0.011886	-0.700998	0.771884	-0.008268	-0.700998	0.635669	-0.006718	-0.587923	0.590264	-0.004134	-0.446593	0.544859	-0.051676	-3.261426	4.040456	0.000000	0.000000	21.159933	0.166942	5.569467	13.575472	-1.196397	70.132296	28.266449	12.873018	-3.077631	2.690302	20.856372	0.501437	82.866274	28.693360	40.525571	-1.159152	-3.986791
3.250000	-3.191008	-5.847701	95.044427	0.244966	0.971073	0.266183	0.129266	-3.113964	-4.692885	1.433650	0.025022	26.751108	-1.869972	0.000000	9.711860	6.559131	5.175984	16.394766	0.286143	28.651282	-15.543207	0.000000	-0.007591	-0.280735	0.694995	-0.014098	-0.373377	0.738432	-0.012472	-0.682578	0.738432	-0.008676	-0.682578	0.608121	-0.007049	-0.572474	0.564683	-0.004338	-0.434858	0.521246	-0.054225	-3.175727	3.865353	0.000000	0.000000	21.239867	0.112646	5.708797	13.689600	-1.148873	70.570594	28.064561	14.546352	-2.940512	2.434811	20.802241	0.446084	82.759220	28.776611	40.431640	-1.074015	-3.711251
3.266667	-3.134370	-5.838401	95.247715	0.244725	0.971053	0.265901	0.021897	-3.038079	-4.401392	1.334395	0.023290	26.573388	-2.559380	0.000000	9.739155	6.513541	5.247643	16.493360	0.287863	28.741355	-15.350643	0.000000	-0.007404	-0.272548	0.657212	-0.013750	-0.362489	0.698288	-0.012164	-0.662674	0.698288	-0.008462	-0.662674	0.575061	-0.006875	-0.555780	0.533985	-0.004231	-0.422177	0.492909	-0.052885	-3.083121	3.655216	0.000000	0.000000	21.307172	0.060757	5.844246	13.798062	-1.103583	71.013143	27.867535	16.164909	-2.817591	2.260471	20.746673	0.396065	82.768662	28.829713	40.245118	-1.009112	-3.537069
3.283333	-3.068902	-5.819723	95.485831	0.244427	0.971039	0.265623	-0.100722	-2.951832	-4.292725	1.239004	0.021625	26.442081	-3.051907	0.000000	9.771357	6.463606	5.334801	16.617623	0.290032	28.860511	-15.127810	0.000000	-0.007913	-0.262950	0.612079	-0.014696	-0.349724	0.650334	-0.013001	-0.639337	0.650334	-0.009044	-0.639337	0.535569	-0.007348	-0.536208	0.497314	-0.004522	-0.407310	0.459059	-0.056525	-2.974543	3.404201	0.000000	0.000000	21.374993	0.006833	5.995319	13.901123	-1.066767	71.438661	27.688924	17.659111	-2.708961	2.163245	20.691616	0.350572	82.852259	28.857222	40.038673	-0.961467	-3.455447
3.300000	-2.945717	-5.791103	95.736441	0.244115	0.971008	0.265384	-0.223030	-2.805022	-4.392948	1.150550	0.020081	26.349888	-3.262064	0.000000	9.856123	6.316385	5.212693	16.845156	0.294003	29.113152	-14.588749	0.000000	-0.008432	-0.246006	0.564430	-0.015660	-0.327188	0.599707	-0.013854	-0.598139	0.599707	-0.009637	-0.598139	0.493876	-0.007830	-0.501655	0.458600	-0.004818	-0.381063	0.423323	-0.060232	-2.782869	3.139191	0.000000	0.000000	21.430175	-0.065554	6.177025	13.961549	-1.064181	71.650180	27.574185	19.122696	-2.652570	2.183830	20.620483	0.332488	82.900833	28.855375	39.934744	-0.945667	-3.419383
3.316667	-2.811557	-5.757102	96.019940	0.243750	0.970979	0.265137	-0.358353	-2.645144	-4.539056	1.057097	0.018450	26.262910	-3.444233	0.000000	9.952192	6.167219	5.136990	17.109696	0.298621	29.370357	-14.085071	0.000000	-0.008434	-0.228232	0.512647	-0.015664	-0.303548	0.544687	-0.013857	-0.554922	0.544687	-0.009640	-0.554922	0.448566	-0.007832	-0.465410	0.416526	-0.004819	-0.353531	0.384485	-0.060246	-2.581802	2.851189	0.000000	0.000000	21.444385	-0.123565	6.316620	14.003757	-1.071530	71.818322	27.480793	20.438011	-2.617367	2.217807	20.556592	0.322159	83.020258	28.835681	39.834811	-0.949591	-3.446879
3.333333	-2.650406	-5.716712	96.329780	0.243361	0.970951	0.264936	-0.490395	-2.455928	-4.816674	0.975304	0.017022	26.203482	-3.469566	0.000000	10.078684	5.988186	5.048715	17.440087	0.304387	29.654871	-13.550967	0.000000	-0.009345	-0.207705	0.459151	-0.017354	-0.276247	0.487848	-0.015353	-0.505013	0.487848	-0.010680	-0.505013	0.401757	-0.008678	-0.423552	0.373060	-0.005340	-0.321735	0.344363	-0.066750	-2.349598	2.553658	0.000000	0.000000	21.437598	-0.182147	6.424905	14.033427	-1.104427	71.918758	27.428226	21.578802	-2.604848	2.257792	20.510299	0.330021	83.177804	28.798228	39.780626	-0.971800	-3.511632
3.350000	-2.456842	-5.665635	96.653919	0.243023	0.970928	0.264765	-0.617576	-2.229525	-5.329756	0.910524	0.015892	26.203647	-3.167927	0.000000	10.240225	5.729199	4.754143	17.854585	0.311621	30.028144	-12.730838	0.000000	-0.011920	-0.184612	0.407766	-0.022137	-0.245534	0.433252	-0.019584	-0.448866	0.433252	-0.013624	-0.448866	0.356795	-0.011069	-0.376461	0.331310	-0.006811	-0.285964	0.305825	-0.085146	-2.088367	2.267874	0.000000	0.000000	21.406681	-0.232264	6.482843	14.059986	-1.158556	71.985741	27.405117	22.594224	-2.615168	2.263950	20.462309	0.344616	83.235901	28.765408	39.929307	-1.001650	-3.568702
3.366667	-2.265959	-5.605911	96.990325	0.242696	0.970929	0.264609	-0.751818	-1.998710	-5.702917	0.845731	0.014761	26.171840	-3.072705	0.000000	10.399433	5.483703	4.528747	18.290186	0.319224	30.360356	-12.033563	0.000000	-0.016787	-0.162979	0.360212	-0.031175	-0.216762	0.382726	-0.027580	-0.396267	0.382726	-0.019186	-0.396267	0.315186	-0.015589	-0.332347	0.292673	-0.009592	-0.252454	0.270159	-0.119909	-1.843651	2.003394	0.000000	0.000000	21.352942	-0.272720	6.473758	14.096683	-1.234660	72.085942	27.406241	23.495585	-2.638907	2.204416	20.435776	0.368213	83.290054	28.731042	40.151675	-1.036207	-3.635671
3.383333	-2.072306	-5.540835	97.305119	0.242452	0.970951	0.264457	-0.874972	-1.763074	-6.120841	0.799089	0.013947	26.170084	-2.874369	0.000000	10.564189	5.229015	4.285019	18.752591	0.327294	30.673590	-11.390388	0.000000	-0.022948	-0.142721	0.322984	-0.042616	-0.189819	0.343170	-0.037701	-0.347011	0.343170	-0.026227	-0.347011	0.282611	-0.021309	-0.291036	0.262424	-0.013112	-0.221075	0.242238	-0.163914	-1.614486	1.796339	0.000000	0.000000	21.264322	-0.309652	6.382812	14.134173	-1.329316	72.180483	27.434944	24.297641	-2.693469	2.094711	20.439627	0.400919	83.388962	28.694496	40.379234	-1.076864	-3.722038
3.400000	-1.889468	-5.474674	97.597516	0.242281	0.970997	0.264319	-0.982801	-1.537947	-6.576961	0.770093	0.013441	26.199675	-2.587784	0.000000	10.729667	4.979248	4.021069	19.221513	0.335479	30.962427	-10.781446	0.000000	-0.030333	-0.125162	0.296022	-0.056331	-0.166465	0.314523	-0.049834	-0.304319	0.314523	-0.034667	-0.304319	0.259019	-0.028167	-0.255230	0.240518	-0.017332	-0.193876	0.222016	-0.216664	-1.415856	1.646384	0.000000	0.000000	21.151889	-0.348628	6.217620	14.172656	-1.439864	72.265837	27.487293	25.039454	-2.765408	1.932232	20.469956	0.438805	83.516917	28.658461	40.625512	-1.119794	-3.833829
3.416667	-1.697300	-5.406024	97.893721	0.242145	0.971064	0.264230	-1.071345	-1.308093	-7.404329	0.767276	0.013391	26.349268	-1.773349	0.000000	10.920121	4.704763	3.706316	19.736622	0.344469	31.256499	-10.125848	0.000000	-0.038998	-0.107669	0.271164	-0.072423	-0.143200	0.288111	-0.064070	-0.261787	0.288111	-0.044571	-0.261787	0.237268	-0.036213	-0.219559	0.220320	-0.022283	-0.166780	0.203373	-0.278558	-1.217977	1.508131	0.000000	0.000000	21.013699	-0.403031	5.999726	14.204047	-1.560438	72.254457	27.542229	26.194523	-2.856639	1.702942	20.527430	0.487740	83.706467	28.614101	40.784637	-1.182608	-3.997638
3.433333	-1.528795	-5.338822	98.162518	0.242071	0.971146	0.264192	-1.153830	-1.096824	-7.830518	0.754103	0.013162	26.406210	-1.488058	0.000000	11.117762	4.453882	3.398293	20.257073	0.353553	31.511667	-9.538112	0.000000	-0.049017	-0.094175	0.254429	-0.091029	-0.125253	0.270330	-0.080530	-0.228978	0.270330	-0.056021	-0.228978	0.222625	-0.045517	-0.192042	0.206723	-0.028008	-0.145877	0.190821	-0.350122	-1.065329	1.415056	0.000000	0.000000	20.863627	-0.469195	5.713851	14.229169	-1.679723	72.199259	27.621545	27.160467	-2.934161	1.441232	20.642105	0.540640	84.089930	28.560384	40.752240	-1.264023	-4.228026
3.450000	-1.396871	-5.278812	98.411812	0.242037	0.971243	0.264228	-1.217511	-0.925148	-8.098449	0.748780	0.013069	26.436131	-1.397598	0.000000	11.324169	4.249246	3.124434	20.770798	0.362519	31.715974	-9.041538	0.000000	-0.060215	-0.085998	0.241286	-0.111825	-0.114377	0.256366	-0.098927	-0.209095	0.256366	-0.068820	-0.209095	0.211125	-0.055916	-0.175367	0.196045	-0.034407	-0.133211	0.180964	-0.430109	-0.972824	1.341959	0.000000	0.000000	20.712108	-0.534813	5.385698	14.228978	-1.778926	72.007400	27.736786	27.715597	-3.007137	1.220721	20.769157	0.581795	84.434218	28.514526	40.811980	-1.345519	-4.436466
3.466667	-1.286822	-5.228219	98.635121	0.242027	0.971341	0.264349	-1.258588	-0.779277	-8.202434	0.748064	0.013056	26.434355	-1.495904	0.000000	11.549239	4.073326	2.877991	21.285111	0.371495	31.878515	-8.624385	0.000000	-0.071707	-0.080985	0.232901	-0.133166	-0.107710	0.247458	-0.117807	-0.196906	0.247458	-0.081954	-0.196906	0.203789	-0.066587	-0.165144	0.189232	-0.040973	-0.125445	0.174676	-0.512193	-0.916116	1.295328	0.000000	0.000000	20.565533	-0.609123	5.024034	14.182307	-1.866464	71.594072	27.896572	28.020925	-3.084479	1.046718	20.903632	0.622435	84.729851	28.479036	40.915979	-1.434305	-4.603781
3.483333	-1.177738	-5.185742	98.816464	0.242062	0.971427	0.264577	-1.270427	-0.640231	-8.334175	0.758842	0.013244	26.448468	-1.487501	0.000000	11.804486	3.867991	2.480337	21.817785	0.380792	32.081727	-8.029208	0.000000	-0.083686	-0.076237	0.233899	-0.155414	-0.101395	0.248518	-0.137488	-0.185363	0.248518	-0.095645	-0.185363	0.204662	-0.077711	-0.155463	0.190043	-0.047818	-0.118091	0.175424	-0.597763	-0.862409	1.300877	0.000000	0.000000	20.444909	-0.701972	4.637549	14.051676	-1.950085	70.784521	28.110129	28.438800	-3.176953	0.952596	21.064957	0.679990	85.063279	28.441701	40.897252	-1.533678	-4.765344
3.500000	-1.113314	-5.160724	98.967289	0.242109	0.971498	0.264904	-1.256403	-0.553050	-8.298290	0.772063	0.013475	26.420450	-1.681403	0.000000	12.065841	3.726157	2.151645	22.311988	0.389418	32.227310	-7.557318	0.000000	-0.095090	-0.076996	0.237359	-0.176592	-0.102404	0.252194	-0.156224	-0.187208	0.252194	-0.108679	-0.187208	0.207689	-0.088301	-0.157010	0.192854	-0.054335	-0.119267	0.178019	-0.679220	-0.870992	1.320118	0.000000	0.000000	20.350932	-0.776208	4.243643	13.891111	-2.013944	69.865013	28.355145	28.454753	-3.256097	0.905705	21.201858	0.713783	85.206877	28.454352	41.002570	-1.606224	-4.830012
3.516667	-1.081383	-5.159153	99.068714	0.242162	0.971536	0.265344	-1.206962	-0.507910	-8.092366	0.789792	0.013784	26.349846	-2.060295	0.000000	12.344387	3.630532	1.868272	22.774041	0.397482	32.331454	-7.188814	0.000000	-0.104666	-0.081186	0.245703	-0.194375	-0.107977	0.261060	-0.171956	-0.197395	0.261060	-0.119623	-0.197395	0.214990	-0.097193	-0.165554	0.199634	-0.059806	-0.125756	0.184277	-0.747619	-0.918388	1.366527	0.000000	0.000000	20.289218	-0.843209	3.858524	13.705087	-2.076157	68.883511	28.629850	28.219909	-3.313700	0.879602	21.308710	0.733734	85.164123	28.519067	41.192693	-1.659669	-4.821494
3.533333	-1.057341	-5.187603	99.106890	0.242226	0.971510	0.265949	-1.104356	-0.484420	-7.837095	0.820224	0.014316	26.270573	-2.426515	0.000000	12.684029	3.536722	1.483404	23.262713	0.406011	32.484014	-6.731678	0.000000	-0.111124	-0.085218	0.258677	-0.206368	-0.113340	0.274845	-0.182565	-0.207199	0.274845	-0.127003	-0.207199	0.226343	-0.103189	-0.173777	0.210175	-0.063496	-0.132003	0.194008	-0.793744	-0.964003	1.438687	0.000000	0.000000	20.250126	-0.913869	3.521733	13.484259	-2.152341	67.791681	28.947038	27.839654	-3.350008	0.912580	21.369821	0.747359	84.871787	28.639026	41.494599	-1.700982	-4.735974
3.550000	-1.064997	-5.235403	99.089504	0.242241	0.971451	0.266722	-0.970123	-0.505271	-7.426930	0.853847	0.014902	26.145898	-2.974163	0.000000	13.027459	3.496337	1.171499	23.692548	0.413513	32.589291	-6.409980	0.000000	-0.116566	-0.090929	0.273379	-0.216475	-0.120936	0.290465	-0.191506	-0.221086	0.290465	-0.133223	-0.221086	0.239206	-0.108243	-0.185423	0.222120	-0.066606	-0.140850	0.205034	-0.832619	-1.028612	1.520450	0.000000	0.000000	20.231904	-0.989821	3.241241	13.250878	-2.236489	66.687424	29.279751	27.399521	-3.359134	0.990728	21.438512	0.750889	84.561390	28.795402	41.695899	-1.725459	-4.662483
3.566667	-1.086196	-5.316196	99.019206	0.242167	0.971332	0.267707	-0.782548	-0.558583	-6.911652	0.898683	0.015685	25.991055	-3.636906	0.000000	13.413488	3.508539	0.981970	24.101731	0.420655	32.639926	-6.302779	0.000000	-0.118621	-0.095283	0.281864	-0.220291	-0.126726	0.299480	-0.194883	-0.231671	0.299480	-0.135572	-0.231671	0.246631	-0.110152	-0.194301	0.229014	-0.067780	-0.147593	0.211398	-0.847299	-1.077861	1.567642	0.000000	0.000000	20.223397	-1.070815	3.090845	13.056851	-2.334307	65.808464	29.618350	26.545056	-3.321159	1.069745	21.454794	0.743378	84.009396	29.002961	42.016369	-1.754505	-4.569896
3.583333	-1.094718	-5.430103	98.892216	0.242008	0.971142	0.268931	-0.532583	-0.619931	-6.458874	0.963323	0.016813	25.853702	-4.162094	0.000000	13.873754	3.526337	0.784397	24.540965	0.428321	32.708074	-6.229113	0.000000	-0.117054	-0.094865	0.282252	-0.217380	-0.126170	0.299892	-0.192307	-0.230654	0.299892	-0.133781	-0.230654	0.246970	-0.108696	-0.193448	0.229329	-0.066884	-0.146946	0.211689	-0.836102	-1.073130	1.569799	0.000000	0.000000	20.206605	-1.171116	3.088936	12.892708	-2.452912	65.042673	29.973952	25.391884	-3.240621	1.198354	21.409195	0.732634	83.173708	29.249766	42.529615	-1.795872	-4.474210
3.600000	-1.116568	-5.567490	98.713840	0.241773	0.970914	0.270392	-0.235027	-0.712927	-6.075075	1.046943	0.018273	25.740596	-4.552521	0.000000	14.368757	3.568990	0.580374	24.965282	0.435726	32.763710	-6.184694	0.000000	-0.114748	-0.092830	0.273149	-0.213098	-0.123464	0.290221	-0.188519	-0.225706	0.290221	-0.131145	-0.225706	0.239005	-0.106555	-0.189298	0.221934	-0.065567	-0.143793	0.204862	-0.819631	-1.050108	1.519173	0.000000	0.000000	20.190381	-1.264962	3.247428	12.775895	-2.570397	64.395881	30.323243	23.987743	-3.116577	1.417820	21.337404	0.707060	82.164000	29.518449	43.276634	-1.826165	-4.428101
3.616667	-1.136834	-5.720531	98.491132	0.241487	0.970666	0.272051	0.096251	-0.817472	-5.778741	1.139665	0.019891	25.654275	-4.774707	0.000000	14.893301	3.608122	0.322426	25.384827	0.443049	32.831290	-6.089872	0.000000	-0.112409	-0.087707	0.256066	-0.208755	-0.116650	0.272071	-0.184677	-0.213251	0.272071	-0.128473	-0.213251	0.224058	-0.104383	-0.178852	0.208054	-0.064231	-0.135858	0.192050	-0.802928	-0.992160	1.424165	0.000000	0.000000	20.161805	-1.361044	3.549332	12.702955	-2.693916	63.836247	30.670663	22.391993	-2.958149	1.725246	21.239664	0.673915	80.973288	29.806667	44.207801	-1.841108	-4.400107
3.633333	-1.121994	-5.881146	98.220139	0.241186	0.970407	0.273803	0.445703	-0.894444	-5.642521	1.230459	0.021476	25.603042	-4.697598	0.000000	15.447951	3.581215	-0.084490	25.831376	0.450843	32.952237	-5.827477	0.000000	-0.108959	-0.075818	0.235232	-0.202348	-0.100838	0.249934	-0.179009	-0.184344	0.249934	-0.124530	-0.184344	0.205828	-0.101180	-0.154608	0.191126	-0.062259	-0.117442	0.176424	-0.778285	-0.857670	1.308289	0.000000	0.000000	20.085767	-1.467771	3.991439	12.646214	-2.840891	63.286535	31.032951	20.812807	-2.797079	2.121895	21.091760	0.647457	79.553556	30.119546	45.310186	-1.870761	-4.358301
3.650000	-1.136830	-6.042337	97.927750	0.240876	0.970188	0.275526	0.780567	-1.004705	-5.575428	1.308342	0.022835	25.577973	-4.490925	0.000000	15.958908	3.597799	-0.421015	26.207988	0.457416	33.004935	-5.696478	0.000000	-0.105029	-0.066756	0.212745	-0.195050	-0.088786	0.226041	-0.172553	-0.162311	0.226041	-0.120038	-0.162311	0.186152	-0.097530	-0.136129	0.172855	-0.060014	-0.103405	0.159558	-0.750215	-0.755158	1.183221	0.000000	0.000000	19.947002	-1.543671	4.448250	12.625954	-2.980554	62.914879	31.363818	19.111796	-2.604209	2.541130	20.951456	0.604131	78.163035	30.430160	46.395076	-1.828928	-4.349041
3.666667	-1.153587	-6.190126	97.628491	0.240599	0.970025	0.277168	1.083536	-1.112419	-5.690127	1.367006	0.023859	25.598373	-4.004056	0.000000	16.430063	3.596336	-0.823940	26.551670	0.463414	33.061273	-5.482682	0.000000	-0.101684	-0.057884	0.190067	-0.188838	-0.076986	0.201946	-0.167057	-0.140739	0.201946	-0.116215	-0.140739	0.166309	-0.094424	-0.118037	0.154430	-0.058102	-0.089662	0.142550	-0.726322	-0.654795	1.057097	0.000000	0.000000	19.758417	-1.598087	4.906480	12.622284	-3.123817	62.658913	31.670387	17.534603	-2.392130	2.913950	20.797030	0.550819	76.727552	30.733342	47.446913	-1.723811	-4.332251
3.683333	-1.172249	-6.312192	97.331610	0.240378	0.969939	0.278651	1.335193	-1.212918	-5.992667	1.404813	0.024519	25.662866	-3.241700	0.000000	16.838765	3.577560	-1.267772	26.855825	0.468723	33.114244	-5.217864	0.000000	-0.099248	-0.049915	0.171018	-0.184314	-0.066387	0.181706	-0.163055	-0.121363	0.181706	-0.113431	-0.121363	0.149640	-0.092162	-0.101786	0.138952	-0.056710	-0.077318	0.128263	-0.708920	-0.564646	0.951149	0.000000	0.000000	19.490649	-1.622585	5.338073	12.659104	-3.283064	62.683370	31.972543	15.588442	-2.174086	3.261339	20.641210	0.469851	75.359826	31.047458	48.316048	-1.552217	-4.306371
3.700000	-1.218490	-6.407057	97.037133	0.240166	0.969953	0.279921	1.523947	-1.332915	-6.258097	1.415498	0.024705	25.721064	-2.519346	0.000000	17.146376	3.617956	-1.522826	27.064107	0.472358	33.065335	-5.237251	0.000000	-0.097847	-0.045819	0.160839	-0.181712	-0.060939	0.170891	-0.160753	-0.111404	0.170891	-0.111830	-0.111404	0.140734	-0.090861	-0.093434	0.130681	-0.055910	-0.070974	0.120629	-0.698914	-0.518313	0.894537	0.000000	0.000000	19.156551	-1.624109	5.707753	12.692912	-3.438524	62.810248	32.231934	13.938019	-1.953263	3.521846	20.522415	0.375883	74.301772	31.330033	48.792075	-1.328566	-4.335593
3.716667	-1.260437	-6.476077	96.742018	0.240018	0.970038	0.280955	1.659142	-1.437971	-6.617602	1.403271	0.024492	25.804849	-1.639377	0.000000	17.390007	3.634440	-1.813198	27.239749	0.475423	33.015696	-5.227490	0.000000	-0.096523	-0.042468	0.161701	-0.179252	-0.056483	0.171807	-0.158577	-0.103257	0.171807	-0.110316	-0.103257	0.141488	-0.089631	-0.086601	0.131382	-0.055153	-0.065783	0.121276	-0.689451	-0.480408	0.899333	0.000000	0.000000	18.775374	-1.626876	6.004846	12.696095	-3.571127	62.877445	32.429928	13.086513	-1.740671	3.671617	20.392576	0.255016	73.357593	31.602112	49.237404	-1.059804	-4.379370
3.733333	-1.304650	-6.511919	96.480572	0.239844	0.970209	0.281725	1.727960	-1.536889	-7.113665	1.371191	0.023932	25.915984	-0.588693	0.000000	17.540975	3.660002	-2.038207	27.341500	0.477199	32.950000	-5.252665	0.000000	-0.096334	-0.040257	0.169966	-0.178901	-0.053542	0.180589	-0.158267	-0.097881	0.180589	-0.110100	-0.097881	0.148720	-0.089455	-0.082092	0.138097	-0.055045	-0.062358	0.127474	-0.688102	-0.455397	0.945298	0.000000	0.000000	18.361399	-1.652210	6.209612	12.699015	-3.689005	63.028632	32.551609	12.810519	-1.512182	3.641788	20.277808	0.114191	72.718503	31.830887	49.354438	-0.759463	-4.508689
3.750000	-1.332942	-6.519122	96.241121	0.239694	0.970433	0.282217	1.740269	-1.607694	-7.687298	1.320357	0.023045	26.044289	0.565932	0.000000	17.626027	3.642089	-2.324127	27.416347	0.478506	32.911179	-5.155687	0.000000	-0.097073	-0.037524	0.187791	-0.180274	-0.049907	0.199528	-0.159481	-0.091236	0.199528	-0.110944	-0.091236	0.164317	-0.090142	-0.076519	0.152580	-0.055467	-0.058125	0.140844	-0.693380	-0.424480	1.044439	0.000000	0.000000	17.943996	-1.713743	6.319754	12.655578	-3.769998	63.029730	32.596751	13.548373	-1.268815	3.479120	20.129407	-0.041195	72.182671	32.018875	49.571454	-0.407047	-4.711312
3.766667	-1.380158	-6.513847	96.046425	0.239547	0.970691	0.282414	1.701221	-1.682459	-7.967699	1.242851	0.021692	26.075826	1.250144	0.000000	17.631241	3.641851	-2.578714	27.411419	0.478420	32.867665	-5.011562	0.000000	-0.097896	-0.039011	0.211579	-0.181803	-0.051885	0.224803	-0.160833	-0.094852	0.224803	-0.111885	-0.094852	0.185132	-0.090906	-0.079552	0.171908	-0.055938	-0.060428	0.158684	-0.699261	-0.441302	1.176740	0.000000	0.000000	17.550284	-1.770241	6.335120	12.553545	-3.792064	62.927173	32.586787	14.511719	-1.017062	3.258579	19.939170	-0.228030	71.711619	32.172686	50.080592	-0.020778	-4.988323
3.783333	-1.421537	-6.489382	95.927056	0.239350	0.970978	0.282358	1.610033	-1.739477	-8.239900	1.149009	0.020054	26.086579	1.830694	0.000000	17.585355	3.645235	-2.749277	27.381044	0.477889	32.818373	-4.881387	0.000000	-0.099968	-0.041206	0.229133	-0.185651	-0.054804	0.243453	-0.164238	-0.100189	0.243453	-0.114254	-0.100189	0.200491	-0.092831	-0.084028	0.186170	-0.057122	-0.063829	0.171850	-0.714064	-0.466134	1.274367	0.000000	0.000000	17.173362	-1.836874	6.297056	12.469989	-3.827340	63.057531	32.514945	15.360091	-0.750254	2.867923	19.702151	-0.437664	71.359774	32.287566	50.116214	0.528227	-5.281684
3.800000	-1.455538	-6.446969	95.840402	0.239217	0.971284	0.282057	1.477171	-1.773588	-8.494379	1.041105	0.018171	26.091565	2.357092	0.000000	17.486158	3.607328	-3.008291	27.322103	0.476861	32.811282	-4.555942	0.000000	-0.103842	-0.045009	0.251582	-0.192844	-0.059862	0.267306	-0.170602	-0.109436	0.267306	-0.118681	-0.109436	0.220134	-0.096427	-0.091783	0.204410	-0.059335	-0.069719	0.188687	-0.741731	-0.509154	1.399224	0.000000	0.000000	16.836778	-1.895006	6.128938	12.300780	-3.877886	63.047779	32.421159	16.643021	-0.520643	2.421403	19.482408	-0.659505	71.244580	32.319203	50.320251	1.002199	-5.758985
3.816667	-1.506704	-6.392156	95.785882	0.239184	0.971594	0.281518	1.303449	-1.808300	-8.684633	0.913944	0.015951	26.078907	2.750223	0.000000	17.329681	3.548991	-3.374136	27.221774	0.475110	32.854337	-4.004777	0.000000	-0.109051	-0.053409	0.271792	-0.202519	-0.071034	0.288779	-0.179160	-0.129858	0.288779	-0.124635	-0.129858	0.237818	-0.101265	-0.108911	0.220831	-0.062312	-0.082730	0.203844	-0.778942	-0.604170	1.511624	0.000000	0.000000	16.526005	-1.908695	5.885581	11.987633	-3.952650	62.719439	32.355439	18.581648	-0.329245	1.998773	19.228880	-0.913236	71.086381	32.315864	51.051680	1.439987	-6.300747
3.833333	-1.611084	-6.327919	95.757838	0.239258	0.971915	0.280793	1.094837	-1.880495	-8.628019	0.771369	0.013463	26.012573	2.744834	0.000000	17.104036	3.540174	-3.731410	27.047840	0.472074	32.891325	-3.410458	0.000000	-0.116049	-0.071029	0.281230	-0.215515	-0.094469	0.298807	-0.190657	-0.172701	0.298807	-0.132633	-0.172701	0.246076	-0.107763	-0.144843	0.228499	-0.066311	-0.110025	0.210922	-0.828928	-0.803500	1.564116	0.000000	0.000000	16.219352	-1.826606	5.603503	11.544849	-4.072411	62.188432	32.367469	20.829540	-0.146731	1.616079	18.923050	-1.236773	70.705086	32.306078	52.613156	1.800021	-6.786093
3.850000	-1.754637	-6.253208	95.717650	0.239490	0.972249	0.279943	0.875019	-1.973025	-8.316148	0.634253	0.011070	25.911089	2.383096	0.000000	16.819288	3.541849	-4.194716	26.810976	0.467940	32.961641	-2.654275	0.000000	-0.124665	-0.095954	0.284019	-0.231516	-0.127619	0.301770	-0.204812	-0.233304	0.301770	-0.142480	-0.233304	0.248517	-0.115764	-0.195670	0.230765	-0.071234	-0.148633	0.213014	-0.890470	-1.085455	1.579629	0.000000	0.000000	15.876883	-1.651630	5.301231	10.907277	-4.262068	61.188434	32.526066	23.967957	0.029568	1.303809	18.631030	-1.619971	70.338739	32.259293	54.721058	1.978995	-7.224080
3.866667	-1.927666	-6.176898	95.659280	0.239837	0.972599	0.279094	0.689073	-2.093156	-7.951403	0.553758	0.009665	25.832780	1.940046	0.000000	16.499773	3.565215	-4.691644	26.517815	0.462823	33.042064	-1.852205	0.000000	-0.134742	-0.126374	0.276088	-0.250229	-0.168077	0.293344	-0.221367	-0.307265	0.293344	-0.153997	-0.307265	0.241577	-0.125121	-0.257702	0.224322	-0.076992	-0.195753	0.207066	-0.962448	-1.429566	1.535521	0.000000	0.000000	15.477023	-1.390946	5.016342	10.064998	-4.543286	59.653254	32.892127	28.131051	0.220048	1.047048	18.399201	-2.063426	70.094062	32.160114	57.278351	1.872056	-7.586905
3.883333	-2.122257	-6.105239	95.541794	0.240294	0.972971	0.278328	0.575639	-2.240887	-7.541452	0.568492	0.009922	25.787214	1.464015	0.000000	16.158461	3.608261	-5.221025	26.164866	0.456663	33.117643	-1.061996	0.000000	-0.145855	-0.160556	0.260293	-0.270868	-0.213540	0.276562	-0.239626	-0.390377	0.276562	-0.166698	-0.390377	0.227757	-0.135441	-0.327406	0.211488	-0.083342	-0.248702	0.195220	-1.041829	-1.816245	1.447674	0.000000	0.000000	15.003799	-1.058159	4.785715	9.028670	-4.931451	57.588079	33.492533	33.273510	0.418834	0.798348	18.243498	-2.569886	69.969790	32.009760	60.178247	1.449354	-7.826436
3.900000	-2.332135	-6.047575	95.361825	0.240789	0.973367	0.277723	0.565465	-2.423449	-7.238507	0.712513	0.012436	25.820141	1.161282	0.000000	15.809644	3.681782	-5.740468	25.746811	0.449367	33.167258	-0.352218	0.000000	-0.157516	-0.196410	0.231360	-0.292522	-0.261225	0.245820	-0.258782	-0.477551	0.245820	-0.180025	-0.477551	0.202440	-0.146269	-0.400519	0.187980	-0.090004	-0.304239	0.173520	-1.125118	-2.221828	1.286756	0.000000	0.000000	14.460001	-0.659798	4.683116	7.853669	-5.444523	55.186306	34.332825	38.897367	0.606200	0.520072	18.124148	-3.155530	69.735922	31.846366	63.586836	0.740249	-7.859814
3.916667	-2.548692	-6.010950	95.090190	0.241291	0.973797	0.277315	0.677876	-2.640001	-7.062923	1.002190	0.017492	25.924281	1.085193	0.000000	15.462769	3.776564	-6.261314	25.260354	0.440876	33.185458	0.247918	0.000000	-0.168990	-0.231622	0.194481	-0.313832	-0.308058	0.206636	-0.277634	-0.563166	0.206636	-0.193139	-0.563166	0.170171	-0.156925	-0.472324	0.158016	-0.096561	-0.358783	0.145861	-1.207082	-2.620158	1.081647	0.000000	0.000000	13.849977	-0.234400	4.729354	6.577174	-6.093706	52.562984	35.379286	44.835830	0.722085	0.162402	18.039109	-3.816665	69.395504	31.696232	67.240188	-0.181552	-7.650785
3.933333	-2.765398	-6.000012	94.716662	0.241774	0.974267	0.277096	0.914389	-2.886095	-7.004254	1.435271	0.025050	26.082088	1.219672	0.000000	15.121139	3.878620	-6.821157	24.703620	0.431160	33.174570	0.767346	0.000000	-0.179452	-0.264300	0.153810	-0.333260	-0.351519	0.163423	-0.294821	-0.642620	0.163423	-0.205095	-0.642620	0.134584	-0.166639	-0.538961	0.124971	-0.102539	-0.409401	0.115358	-1.281806	-2.989817	0.855446	0.000000	0.000000	13.191432	0.192845	4.943425	5.219092	-6.877956	49.775753	36.586128	51.008922	0.723538	-0.253655	17.945158	-4.552133	68.851453	31.614109	70.989817	-1.277548	-7.167403
3.950000	-2.973193	-6.018108	94.264352	0.242190	0.974781	0.277015	1.265209	-3.153611	-7.087502	2.002269	0.034946	26.290208	1.561660	0.000000	14.786666	3.990263	-7.377550	24.076846	0.420220	33.114287	1.176808	0.000000	-0.187327	-0.292746	0.108647	-0.347884	-0.389353	0.115438	-0.307759	-0.711784	0.115438	-0.214096	-0.711784	0.095066	-0.173952	-0.596969	0.088276	-0.107038	-0.453464	0.081485	-1.338056	-3.311607	0.604263	0.000000	0.000000	12.483677	0.590819	5.329305	3.809301	-7.800493	46.948055	37.909776	57.144690	0.607704	-0.714194	17.765125	-5.347180	67.927418	31.669416	74.695836	-2.409108	-6.357949
3.966667	-3.172976	-6.068422	93.738724	0.242536	0.975340	0.277027	1.725697	-3.442747	-7.310435	2.694318	0.047025	26.541172	2.111535	0.000000	14.461597	4.111183	-7.935147	23.382634	0.408104	32.999894	1.485709	0.000000	-0.190570	-0.317208	0.063620	-0.353908	-0.421886	0.067596	-0.313088	-0.771258	0.067596	-0.217803	-0.771258	0.055667	-0.176964	-0.646850	0.051691	-0.108892	-0.491354	0.047715	-1.361225	-3.588315	0.353833	0.000000	0.000000	11.716038	0.935614	5.833579	2.353758	-8.848407	44.132863	39.315366	63.054804	0.352133	-1.216324	17.450720	-6.205902	66.597806	31.912248	78.207817	-3.617318	-5.301910
3.983333	-3.384401	-6.145248	93.163137	0.242823	0.975955	0.277105	2.276968	-3.767816	-7.643677	3.494856	0.060997	26.832875	2.812835	0.000000	14.136013	4.275330	-8.446333	22.615424	0.394714	32.801748	1.645500	0.000000	-0.189479	-0.341420	0.017625	-0.351881	-0.454088	0.018727	-0.311295	-0.830128	0.018727	-0.216555	-0.830128	0.015422	-0.175950	-0.696223	0.014320	-0.108268	-0.528859	0.013219	-1.353427	-3.862210	0.098026	0.000000	0.000000	10.884668	1.248854	6.395766	0.906500	-10.000385	41.468218	40.750809	68.455231	0.070686	-1.760663	16.964245	-7.135531	64.870244	32.379270	81.346861	-4.775640	-4.094060
4.000000	-3.604319	-6.233859	92.544734	0.243072	0.976637	0.277219	2.892274	-4.119123	-8.041048	4.378883	0.076426	27.156660	3.635481	0.000000	13.800144	4.474958	-8.917040	21.789999	0.380307	32.525613	1.676931	0.000000	-0.185742	-0.365729	-0.028104	-0.344942	-0.486420	-0.029861	-0.305156	-0.889234	-0.029861	-0.212285	-0.889234	-0.024591	-0.172480	-0.745795	-0.022835	-0.106133	-0.566514	-0.021078	-1.326737	-4.137201	-0.156308	0.000000	0.000000	9.983590	1.530803	7.000271	-0.496229	-11.243224	39.004375	42.185138	73.186446	-0.174486	-2.344882	16.254013	-8.129414	62.699242	33.111469	84.034546	-5.881906	-2.831417
4.016667	-3.817810	-6.325217	91.914989	0.243269	0.977377	0.277353	3.548270	-4.476667	-8.500583	5.319481	0.092842	27.503765	4.575393	0.000000	13.461125	4.697652	-9.321089	20.939405	0.365462	32.182927	1.583086	0.000000	-0.180189	-0.389370	-0.075995	-0.334628	-0.517862	-0.080745	-0.296032	-0.946715	-0.080745	-0.205938	-0.946715	-0.066496	-0.167323	-0.794004	-0.061746	-0.102960	-0.603135	-0.056996	-1.287069	-4.404634	-0.422662	0.000000	0.000000	8.998729	1.781858	7.629120	-1.821359	-12.565932	36.787703	43.598878	77.012119	-0.274407	-2.887916	15.295110	-9.176774	60.104534	34.138618	86.166288	-6.920735	-1.617210
4.033333	-4.028247	-6.415395	91.289650	0.243403	0.978157	0.277470	4.224942	-4.841384	-8.963293	6.289574	0.109774	27.863959	5.564696	0.000000	13.117510	4.940311	-9.680026	20.075522	0.350384	31.785621	1.413101	0.000000	-0.173406	-0.413811	-0.125909	-0.322032	-0.550369	-0.133778	-0.284888	-1.006140	-0.133778	-0.198185	-1.006140	-0.110170	-0.161025	-0.843843	-0.102301	-0.099084	-0.640993	-0.094431	-1.238620	-4.681112	-0.700265	0.000000	0.000000	7.952503	1.997444	8.234662	-3.097723	-13.914796	34.618563	44.908640	80.666272	-0.107449	-3.406498	14.061498	-10.247551	57.055111	35.439788	87.837894	-7.875840	-0.551164
4.050000	-4.233016	-6.501637	90.696253	0.243448	0.978938	0.277569	4.908448	-5.210252	-9.438009	7.271911	0.126919	28.229540	6.596673	0.000000	12.782708	5.201954	-9.972922	19.229576	0.335619	31.351170	1.170546	0.000000	-0.165942	-0.439521	-0.180967	-0.308170	-0.584562	-0.192278	-0.272626	-1.068650	-0.192278	-0.189655	-1.068650	-0.158346	-0.154093	-0.896270	-0.147036	-0.094819	-0.680817	-0.135725	-1.185305	-4.971944	-1.006485	0.000000	0.000000	6.860685	2.168654	8.784420	-4.307679	-15.260199	32.541729	46.096911	83.915087	0.420868	-3.799695	12.549636	-11.325833	53.573976	37.020986	89.062739	-8.709093	0.306224
4.066667	-4.432909	-6.579573	90.162706	0.243361	0.979697	0.277646	5.583520	-5.582784	-9.929830	8.254030	0.144060	28.591307	7.644074	0.000000	12.452896	5.493623	-10.141700	18.399902	0.321139	30.888739	0.828885	0.000000	-0.158365	-0.466824	-0.245748	-0.294099	-0.620877	-0.261108	-0.260177	-1.135037	-0.261108	-0.180995	-1.135037	-0.215030	-0.147057	-0.951948	-0.199671	-0.090490	-0.723111	-0.184311	-1.131183	-5.280812	-1.366779	0.000000	0.000000	5.731541	2.286197	9.261778	-5.423027	-16.581879	30.710696	47.151792	86.303511	1.365733	-3.985320	10.782578	-12.382554	49.802846	38.852778	89.642449	-9.386842	0.883778
4.083333	-4.629414	-6.649840	89.688165	0.243175	0.980384	0.277707	6.249740	-5.950071	-10.327543	9.231092	0.161113	28.923367	8.542525	0.000000	12.150182	5.789130	-10.271736	17.628700	0.307679	30.432095	0.499382	0.000000	-0.151608	-0.496107	-0.318838	-0.281552	-0.659822	-0.338765	-0.249077	-1.206234	-0.338765	-0.173273	-1.206234	-0.278983	-0.140784	-1.011661	-0.259056	-0.086629	-0.768470	-0.239128	-1.082923	-5.612061	-1.773281	0.000000	0.000000	4.605549	2.350625	9.664169	-6.498058	-17.842504	28.899184	48.103883	88.075603	2.666623	-3.770010	8.756457	-13.396508	45.648217	40.926999	89.998363	-9.859693	1.198768
4.100000	-4.848139	-6.721288	89.314776	0.242877	0.980976	0.277773	6.904276	-6.342060	-10.684543	10.199073	0.178007	29.228526	9.289326	0.000000	11.882276	6.132353	-10.276885	16.906839	0.295080	29.971462	0.114913	0.000000	-0.144489	-0.531033	-0.408174	-0.268330	-0.706274	-0.433685	-0.237381	-1.291153	-0.433685	-0.165136	-1.291153	-0.357152	-0.134172	-1.082882	-0.331641	-0.082561	-0.822570	-0.306130	-1.032069	-6.007149	-2.270141	0.000000	0.000000	3.478888	2.392915	9.966288	-7.513713	-19.037245	27.256202	48.978306	88.816877	4.271187	-3.155611	6.536035	-14.363013	41.380282	43.199387	89.834714	-10.157734	1.184696
4.116667	-5.092486	-6.782462	89.034967	0.242527	0.981458	0.277823	7.535881	-6.746389	-10.923911	11.158201	0.194747	29.499447	9.781434	0.000000	11.661471	6.516795	-10.168178	16.280161	0.284142	29.501016	-0.353741	0.000000	-0.138746	-0.572350	-0.507479	-0.257666	-0.761226	-0.539196	-0.227946	-1.391613	-0.539196	-0.158573	-1.391613	-0.444044	-0.128840	-1.167137	-0.412327	-0.079280	-0.886571	-0.380609	-0.991051	-6.474542	-2.822445	0.000000	0.000000	2.373420	2.409264	10.106150	-8.487864	-20.183550	25.831322	49.848165	88.434819	6.015110	-2.168512	4.200550	-15.283254	37.182397	45.620711	89.062874	-10.274302	0.852771
4.133333	-5.392880	-6.832361	88.805313	0.242274	0.981822	0.277801	8.141413	-7.176856	-10.883337	12.100060	0.211186	29.708748	9.866804	0.000000	11.460856	6.932310	-10.107582	15.715061	0.274280	29.059569	-0.711329	0.000000	-0.135148	-0.625095	-0.599307	-0.250983	-0.831376	-0.636764	-0.222034	-1.519856	-0.636764	-0.154460	-1.519856	-0.524394	-0.125498	-1.274694	-0.486937	-0.077223	-0.968272	-0.449480	-0.965346	-7.071200	-3.333166	0.000000	0.000000	1.322425	2.462691	9.994050	-9.574861	-21.215895	24.054972	50.800780	87.710589	7.635689	-0.717052	1.834138	-16.160906	33.121839	48.132031	88.743333	-10.444754	0.151563
4.150000	-5.753616	-6.880652	88.658207	0.242130	0.982044	0.277683	8.721193	-7.634452	-10.587148	13.017624	0.227200	29.858638	9.526502	0.000000	11.305353	7.390494	-10.048206	15.241788	0.266019	28.651700	-1.002236	0.000000	-0.131697	-0.690041	-0.692023	-0.244574	-0.917754	-0.735274	-0.216365	-1.677765	-0.735274	-0.150516	-1.677765	-0.605520	-0.122294	-1.407131	-0.562268	-0.075252	-1.068873	-0.519017	-0.940698	-7.805881	-3.848823	0.000000	0.000000	0.310255	2.599934	9.685618	-10.757002	-22.129726	21.964556	51.876067	86.785049	9.059976	1.064966	-0.562794	-17.020633	29.129358	50.729427	88.700722	-10.574395	-0.721276
4.166667	-6.169869	-6.925291	88.563933	0.242139	0.982135	0.277488	9.288972	-8.110687	-10.038296	13.924983	0.243037	29.966026	8.809096	0.000000	11.192882	7.881621	-10.005768	14.856699	0.259298	28.273840	-1.243576	0.000000	-0.129443	-0.766765	-0.776562	-0.240389	-1.019798	-0.825097	-0.212662	-1.864313	-0.825097	-0.147941	-1.864313	-0.679492	-0.120201	-1.563588	-0.630957	-0.073964	-1.187719	-0.582421	-0.924600	-8.673801	-4.319004	0.000000	0.000000	-0.653049	2.856337	9.170358	-12.011863	-22.927021	19.558765	53.120865	85.850283	10.181291	3.152525	-2.874056	-17.854440	25.538754	53.322559	88.731627	-10.742039	-1.716531
4.183333	-6.624590	-6.972912	88.513476	0.242258	0.982090	0.277255	9.867990	-8.597774	-9.306783	14.846450	0.259119	30.056718	7.828791	0.000000	11.136257	8.391230	-9.982992	14.567642	0.254253	27.939000	-1.449470	0.000000	-0.128858	-0.852274	-0.850227	-0.239302	-1.133524	-0.903366	-0.211701	-2.072218	-0.903366	-0.147272	-2.072218	-0.743948	-0.119658	-1.737956	-0.690809	-0.073629	-1.320172	-0.637670	-0.920420	-9.641089	-4.728707	0.000000	0.000000	-1.547939	3.214121	8.474079	-13.313569	-23.605682	16.836778	54.543475	85.106352	10.975854	5.400640	-5.034128	-18.639260	22.470261	55.840980	88.779568	-11.003806	-2.797650
4.200000	-7.096005	-7.038018	88.486874	0.242444	0.981890	0.277064	10.501862	-9.089473	-8.601572	15.823076	0.276165	30.184531	6.897414	0.000000	11.168423	8.902995	-9.947156	14.396940	0.251274	27.654849	-1.686680	0.000000	-0.129074	-0.942703	-0.911110	-0.239704	-1.253795	-0.968055	-0.212056	-2.292089	-0.968055	-0.147519	-2.292089	-0.797221	-0.119858	-1.922361	-0.740277	-0.073753	-1.460247	-0.683333	-0.921965	-10.664049	-5.067322	0.000000	0.000000	-2.355396	3.638831	7.649529	-14.606998	-24.170325	13.900050	56.159534	84.623401	11.424239	7.797376	-6.998660	-19.355806	19.946037	58.254560	88.831934	-11.360962	-3.853662
4.216667	-7.572655	-7.129041	88.449188	0.242671	0.981522	0.276961	11.211967	-9.572581	-7.830254	16.864512	0.294341	30.322969	5.911319	0.000000	11.302328	9.402505	-9.918391	14.347707	0.250415	27.429892	-1.973229	0.000000	-0.129700	-1.035215	-0.955459	-0.240865	-1.376836	-1.015176	-0.213084	-2.517022	-1.015176	-0.148234	-2.517022	-0.836027	-0.120439	-2.111010	-0.776311	-0.074110	-1.603548	-0.716595	-0.926432	-11.710558	-5.313979	0.000000	0.000000	-3.072751	4.086294	6.748595	-15.832320	-24.610842	10.896636	57.956378	84.335817	11.512021	10.284203	-8.753415	-20.000231	17.879004	60.587144	88.885472	-11.752704	-4.737805
4.233333	-8.030413	-7.246971	88.401889	0.242884	0.981014	0.276994	11.998838	-10.030844	-7.042560	17.974894	0.313721	30.460775	4.912220	0.000000	11.540020	9.870026	-9.885358	14.419059	0.251660	27.264506	-2.323940	0.000000	-0.132643	-1.125146	-0.985611	-0.246331	-1.496445	-1.047212	-0.217919	-2.735681	-1.047212	-0.151597	-2.735681	-0.862410	-0.123172	-2.294398	-0.800809	-0.075792	-1.742852	-0.739208	-0.947453	-12.727879	-5.481674	0.000000	0.000000	-3.699643	4.486402	5.841809	-16.933809	-24.920113	7.978665	59.914825	84.183220	11.210423	12.740348	-10.284810	-20.554552	16.169522	62.857346	88.932729	-12.145828	-5.392776
4.250000	-8.458692	-7.388766	88.353509	0.243014	0.980383	0.277191	12.851334	-10.463154	-6.274557	19.149524	0.334222	30.592805	3.922255	0.000000	11.864933	10.300551	-9.851231	14.591155	0.254664	27.164705	-2.700014	0.000000	-0.140317	-1.208968	-1.009967	-0.260582	-1.607927	-1.073090	-0.230527	-2.939484	-1.073090	-0.160368	-2.939484	-0.883721	-0.130298	-2.465327	-0.820598	-0.080177	-1.872691	-0.757475	-1.002269	-13.676084	-5.617132	0.000000	0.000000	-4.216297	4.777880	5.044273	-17.837714	-25.095842	5.272617	62.029439	84.138172	10.584437	15.122102	-11.628816	-20.987234	14.625447	65.111311	88.970767	-12.461564	-5.815200
4.266667	-8.842702	-7.583698	88.294122	0.243071	0.979611	0.277558	13.792264	-10.851881	-5.539094	20.374744	0.355606	30.707592	2.949818	0.000000	12.313489	10.669656	-9.850076	14.880067	0.259706	27.121894	-3.088152	0.000000	-0.149523	-1.284004	-1.018321	-0.277680	-1.707726	-1.081966	-0.245652	-3.121928	-1.081966	-0.170890	-3.121928	-0.891031	-0.138847	-2.618342	-0.827385	-0.085438	-1.988923	-0.763740	-1.068030	-14.524914	-5.663594	0.000000	0.000000	-4.629467	4.958043	4.338523	-18.567697	-25.108980	2.797795	64.311701	84.228318	9.617374	17.279866	-12.750074	-21.319118	13.239523	67.391602	88.995212	-12.733682	-5.918095
4.283333	-9.180532	-7.829784	88.227287	0.243046	0.978739	0.278080	14.804434	-11.194888	-4.849448	21.624298	0.377415	30.808575	2.018002	0.000000	12.860748	10.986516	-9.832001	15.245534	0.266085	27.091175	-3.546744	0.000000	-0.161929	-1.348946	-1.006893	-0.300719	-1.794098	-1.069824	-0.266034	-3.279827	-1.069824	-0.185069	-3.279827	-0.881031	-0.150368	-2.750771	-0.818101	-0.092527	-2.089517	-0.755170	-1.156646	-15.259546	-5.600036	0.000000	0.000000	-4.935274	5.001103	3.719876	-19.121156	-24.966296	0.601828	66.772833	84.440514	8.255180	19.042517	-13.617665	-21.562005	11.996625	69.714440	89.010228	-12.983184	-5.709285
4.300000	-9.473671	-8.141508	88.167269	0.242944	0.977795	0.278721	15.882697	-11.497695	-4.227417	22.867821	0.399119	30.893660	1.156193	0.000000	13.494587	11.254508	-9.812297	15.649293	0.273132	27.057463	-4.025203	0.000000	-0.175590	-1.403248	-0.976969	-0.326088	-1.866319	-1.038029	-0.288476	-3.411856	-1.038029	-0.200681	-3.411856	-0.854848	-0.163053	-2.861503	-0.793787	-0.100332	-2.173631	-0.732726	-1.254220	-15.873818	-5.433606	0.000000	0.000000	-5.158806	4.927676	3.231661	-19.496064	-24.674274	-1.292449	69.425009	84.742632	6.575402	20.330240	-14.221594	-21.735847	10.951493	72.072279	89.013788	-13.266413	-5.302120
4.316667	-9.704808	-8.521611	88.117085	0.242772	0.976822	0.279449	17.002283	-11.741294	-3.686427	24.051077	0.419770	30.958381	0.410177	0.000000	14.202967	11.459587	-9.779455	16.070639	0.280486	27.004409	-4.525991	0.000000	-0.190859	-1.444465	-0.924002	-0.354444	-1.921138	-0.981752	-0.313562	-3.512071	-0.981752	-0.218133	-3.512071	-0.808502	-0.177231	-2.945552	-0.750752	-0.109057	-2.237476	-0.693001	-1.363285	-16.340072	-5.139022	0.000000	0.000000	-5.324405	4.771397	2.861413	-19.714599	-24.248871	-2.902694	72.284150	85.124321	4.764491	21.127623	-14.550912	-21.849210	10.113790	74.445994	89.020269	-13.549946	-4.737313
4.333333	-9.877984	-8.968397	88.094254	0.242530	0.975869	0.280248	18.136690	-11.932409	-3.251642	25.129587	0.438594	31.008998	-0.174889	0.000000	14.961295	11.610727	-9.722620	16.471711	0.287486	26.920710	-5.016836	0.000000	-0.207730	-1.472739	-0.857063	-0.385775	-1.958743	-0.910630	-0.341279	-3.580819	-0.910630	-0.237414	-3.580819	-0.749930	-0.192898	-3.003210	-0.696364	-0.118697	-2.281273	-0.642797	-1.483792	-16.659923	-4.766728	0.000000	0.000000	-5.463101	4.541639	2.660595	-19.748372	-23.756177	-4.136100	75.309560	85.563767	2.944527	21.409622	-14.662064	-21.915189	9.462239	76.845485	89.033613	-13.851005	-4.066202
4.350000	-9.993806	-9.500001	88.134241	0.242179	0.974942	0.281102	19.284241	-12.086865	-2.961709	26.082257	0.455221	31.039965	-0.576733	0.000000	15.762683	11.724552	-9.594791	16.812482	0.293433	26.788192	-5.481781	0.000000	-0.222494	-1.487989	-0.777256	-0.413193	-1.979025	-0.825834	-0.365535	-3.617896	-0.825834	-0.254288	-3.617896	-0.680099	-0.206608	-3.034307	-0.631520	-0.127133	-2.304895	-0.582942	-1.589252	-16.832426	-4.322862	0.000000	0.000000	-5.635141	4.254092	2.618153	-19.661592	-23.192493	-5.036390	78.492270	86.004070	1.275175	21.290375	-14.560818	-21.951372	9.038368	79.245114	89.054837	-14.132507	-3.327025
4.366667	-10.054679	-10.107139	88.244347	0.241694	0.974058	0.282056	20.423845	-12.212752	-2.829891	26.887588	0.469277	31.053671	-0.799800	0.000000	16.592751	11.813152	-9.373847	17.079127	0.298087	26.606476	-5.946916	0.000000	-0.236618	-1.490273	-0.677652	-0.439424	-1.982063	-0.720005	-0.388740	-3.623450	-0.720005	-0.270431	-3.623450	-0.592945	-0.219724	-3.038965	-0.550592	-0.135204	-2.308433	-0.508239	-1.690141	-16.858265	-3.768895	0.000000	0.000000	-5.865527	3.922529	2.651908	-19.515569	-22.540144	-5.694120	81.824115	86.373612	-0.036347	20.975946	-14.220671	-21.958482	8.912869	81.613116	89.085540	-14.398886	-2.598608
4.383333	-10.062228	-10.780520	88.412800	0.241092	0.973214	0.283163	21.550618	-12.303690	-2.816329	27.545466	0.480759	31.036439	-0.899875	0.000000	17.444858	11.870671	-9.112561	17.269838	0.301416	26.399388	-6.357170	0.000000	-0.250228	-1.479479	-0.550148	-0.464698	-1.967707	-0.584532	-0.411099	-3.597205	-0.584532	-0.285985	-3.597205	-0.481379	-0.232362	-3.016954	-0.446995	-0.142980	-2.291713	-0.412611	-1.787353	-16.736162	-3.059758	0.000000	0.000000	-6.173815	3.548556	2.700770	-19.354503	-21.786590	-6.187720	85.280584	86.632719	-0.827342	20.617437	-13.613698	-21.934564	9.156176	83.910115	89.126578	-14.694605	-1.979436
4.400000	-10.038403	-11.506054	88.652314	0.240371	0.972410	0.284464	22.652517	-12.387771	-2.898292	28.070326	0.489920	30.993015	-0.948970	0.000000	18.291437	11.929022	-8.795671	17.358268	0.302959	26.148613	-6.720868	0.000000	-0.264647	-1.458187	-0.391332	-0.491476	-1.939388	-0.415791	-0.434789	-3.545435	-0.415791	-0.302465	-3.545435	-0.342416	-0.245751	-2.973534	-0.317958	-0.151219	-2.258731	-0.293499	-1.890349	-16.495297	-2.176474	0.000000	0.000000	-6.564779	3.166987	2.701146	-19.220879	-20.910144	-6.587869	88.839421	86.801872	-1.082207	20.328235	-12.716285	-21.883913	9.811404	86.114714	89.180505	-14.999020	-1.487934
4.416667	-9.985567	-12.257949	88.980132	0.239544	0.971663	0.285956	23.697549	-12.465539	-3.039211	28.464269	0.496795	30.912228	-1.045898	0.000000	19.106069	11.988957	-8.464666	17.349471	0.302805	25.859193	-6.973561	0.000000	-0.281037	-1.427066	-0.201011	-0.521915	-1.897997	-0.213574	-0.461716	-3.469768	-0.213574	-0.321198	-3.469768	-0.175884	-0.260971	-2.910072	-0.163321	-0.160585	-2.210525	-0.150758	-2.007422	-16.143253	-1.117960	0.000000	0.000000	-7.034074	2.810482	2.587300	-19.141153	-19.945094	-6.904496	92.427502	86.936832	-0.974021	19.957331	-11.545498	-21.785852	10.870145	88.175240	89.238856	-15.242617	-1.235945
4.433333	-9.944854	-13.034987	89.355531	0.238678	0.970913	0.287694	24.722327	-12.558913	-3.184403	28.770578	0.502141	30.806841	-1.208765	0.000000	19.886474	12.076984	-8.166815	17.226260	0.300655	25.519640	-7.122097	0.000000	-0.297656	-1.391548	0.034973	-0.552777	-1.850759	0.037159	-0.489019	-3.383410	0.037159	-0.340191	-3.383410	0.030601	-0.276404	-2.837645	0.028415	-0.170081	-2.155508	0.026230	-2.126129	-15.741469	0.194509	0.000000	0.000000	-7.556903	2.511268	2.260212	-19.161836	-18.892021	-7.290641	96.025634	87.072887	-0.326582	19.615217	-10.034938	-21.693252	12.448549	90.043862	89.288365	-15.520260	-1.286309
4.450000	-9.892461	-13.796599	89.809850	0.237719	0.970191	0.289617	25.668782	-12.656470	-3.313346	28.981928	0.505830	30.679899	-1.497026	0.000000	20.594079	12.178191	-7.922353	17.008917	0.296862	25.144065	-7.105575	0.000000	-0.316197	-1.348446	0.305669	-0.587209	-1.793433	0.324773	-0.519480	-3.278612	0.324773	-0.361381	-3.278612	0.267460	-0.293620	-2.749751	0.248356	-0.180675	-2.088743	0.229252	-2.258563	-15.253891	1.700039	0.000000	0.000000	-8.121472	2.267240	1.736446	-19.284459	-17.860693	-7.642981	99.522302	87.212923	0.247397	18.926892	-8.278765	-21.583338	14.435680	91.704533	89.294756	-15.665834	-1.641889
4.466667	-9.829450	-14.526121	90.353284	0.236650	0.969497	0.291725	26.524276	-12.761637	-3.415911	29.107097	0.508015	30.538633	-1.915525	0.000000	21.217864	12.293004	-7.757087	16.708926	0.291626	24.751490	-6.874748	0.000000	-0.336366	-1.297872	0.591823	-0.624665	-1.726169	0.628812	-0.552615	-3.155645	0.628812	-0.384432	-3.155645	0.517845	-0.312349	-2.646620	0.480856	-0.192199	-2.010403	0.443867	-2.402626	-14.681782	3.291542	0.000000	0.000000	-8.714636	2.081262	1.083143	-19.436845	-16.937069	-7.878515	102.809781	87.338253	0.609301	17.783561	-6.399354	-21.477166	16.703133	93.189895	89.225003	-15.721949	-2.282003
4.483333	-9.733007	-15.213025	91.001502	0.235406	0.968831	0.293982	27.270649	-12.875654	-3.584173	29.141886	0.508622	30.414841	-2.351636	0.000000	21.757122	12.409568	-7.611436	16.343240	0.285243	24.343882	-6.487129	0.000000	-0.356650	-1.236895	0.867817	-0.662335	-1.645070	0.922056	-0.585940	-3.007386	0.922056	-0.407615	-3.007386	0.759340	-0.331185	-2.522275	0.705102	-0.203790	-1.915950	0.650863	-2.547515	-13.991999	4.826539	0.000000	0.000000	-9.333640	1.926019	0.420537	-19.507685	-16.219213	-7.883278	105.801942	87.474713	0.710744	16.274821	-4.582139	-21.350404	19.026280	94.551230	89.097236	-15.575163	-3.089599
4.500000	-9.598568	-15.844600	91.738594	0.233977	0.968201	0.296319	27.903057	-12.990908	-3.794042	29.098441	0.507864	30.305886	-2.811151	0.000000	22.204656	12.524611	-7.488040	15.921182	0.277877	23.927632	-5.974038	0.000000	-0.377646	-1.164855	1.107755	-0.701327	-1.549257	1.176990	-0.620435	-2.832229	1.176990	-0.431612	-2.832229	0.969286	-0.350682	-2.375372	0.900051	-0.215787	-1.804360	0.830816	-2.697490	-13.177073	6.161002	0.000000	0.000000	-9.971650	1.770758	-0.072325	-19.366910	-15.760468	-7.528377	108.443340	87.688167	0.581695	14.652723	-3.015530	-21.187035	21.197855	95.876765	88.930358	-15.286781	-3.942559
4.516667	-9.411197	-16.415777	92.577145	0.232319	0.967609	0.298648	28.406542	-13.106374	-4.087157	28.976244	0.505731	30.218350	-3.255734	0.000000	22.571516	12.630716	-7.344290	15.480867	0.270192	23.528295	-5.364089	0.000000	-0.399062	-1.080289	1.287629	-0.741098	-1.436784	1.368106	-0.655619	-2.626614	1.368106	-0.456088	-2.626614	1.126676	-0.370569	-2.202925	1.046199	-0.228024	-1.673367	0.965722	-2.850461	-12.220443	7.161408	0.000000	0.000000	-10.644392	1.586284	-0.246006	-18.940470	-15.558344	-6.770742	110.701242	87.989618	0.379739	13.123265	-1.841847	-20.951600	23.048630	97.230235	88.750093	-14.841292	-4.748991
4.533333	-9.166086	-16.921000	93.471892	0.230515	0.967059	0.300883	28.786599	-13.195473	-4.425978	28.780782	0.502319	30.143731	-3.692074	0.000000	22.868283	12.706364	-7.194504	15.047868	0.262635	23.171926	-4.684982	0.000000	-0.421411	-0.983273	1.399130	-0.782602	-1.307753	1.486576	-0.692336	-2.390730	1.486576	-0.481630	-2.390730	1.224239	-0.391322	-2.005091	1.136793	-0.240794	-1.523090	1.049348	-3.010096	-11.122983	7.781544	0.000000	0.000000	-11.385520	1.377195	0.045507	-18.186407	-15.593729	-5.585822	112.601821	88.350763	0.155210	11.953747	-1.131316	-20.628823	24.469708	98.683114	88.572484	-14.260330	-5.373320
4.550000	-8.852408	-17.352728	94.419498	0.228564	0.966581	0.302958	29.024419	-13.252330	-4.859649	28.501589	0.497447	30.079864	-4.069049	0.000000	23.106586	12.745534	-6.996428	14.658626	0.255841	22.863053	-4.011392	0.000000	-0.446012	-0.872978	1.435806	-0.828289	-1.161061	1.525543	-0.732753	-2.122559	1.525543	-0.509747	-2.122559	1.256330	-0.414167	-1.780177	1.166592	-0.254851	-1.352243	1.076854	-3.185821	-9.875301	7.985520	0.000000	0.000000	-12.204346	1.119617	0.817307	-17.109739	-15.824720	-4.041631	114.168495	88.484474	0.073596	11.312233	-0.867441	-20.208346	25.419125	100.266865	88.411588	-13.524842	-5.748977
4.566667	-8.490157	-17.707605	95.405825	0.226535	0.966215	0.304780	29.120998	-13.288662	-5.371028	28.157500	0.491441	30.024634	-4.391764	0.000000	23.270758	12.759293	-6.747849	14.299860	0.249580	22.604586	-3.317787	0.000000	-0.473967	-0.752456	1.396425	-0.880203	-1.000766	1.483702	-0.778680	-1.829521	1.483702	-0.541696	-1.829521	1.221872	-0.440125	-1.534408	1.134596	-0.270824	-1.165554	1.047319	-3.385496	-8.511930	7.766499	0.000000	0.000000	-13.103280	0.835275	2.088229	-15.759032	-16.206098	-2.173445	115.426924	88.394808	0.113667	11.107260	-0.970219	-19.701696	25.906664	101.958450	88.291352	-12.671934	-5.934240
4.583333	-8.092619	-17.997079	96.400515	0.224514	0.965960	0.306271	29.083179	-13.289152	-5.897761	27.728671	0.483957	29.961143	-4.721828	0.000000	23.386588	12.742708	-6.473893	13.999772	0.244342	22.417839	-2.580112	0.000000	-0.503527	-0.623548	1.281543	-0.935100	-0.829318	1.361639	-0.827245	-1.516094	1.361639	-0.575481	-1.516094	1.121350	-0.467575	-1.271538	1.041254	-0.287715	-0.965875	0.961157	-3.596644	-7.053695	7.127557	0.000000	0.000000	-14.046357	0.478646	3.826527	-14.153771	-16.715449	-0.000596	116.418311	88.026172	0.281380	11.344723	-1.360949	-19.135782	25.968444	103.746372	88.230877	-11.779396	-5.967599
4.600000	-7.683050	-18.257650	97.310888	0.222628	0.965775	0.307352	28.975359	-13.252404	-6.442631	27.236655	0.475369	29.896163	-4.941825	0.000000	23.507101	12.693005	-6.164477	13.774906	0.240417	22.285231	-1.947882	0.000000	-0.528586	-0.489986	1.121920	-0.981636	-0.651681	1.192040	-0.868413	-1.191352	1.192040	-0.604120	-1.191352	0.981680	-0.490845	-0.999179	0.911560	-0.302034	-0.758988	0.841440	-3.775634	-5.542818	6.239781	0.000000	0.000000	-15.007408	0.052924	5.819309	-12.449437	-17.291624	2.302056	117.218975	87.441448	0.615000	11.927340	-1.872558	-18.542987	25.757187	105.589969	88.247597	-10.875832	-5.680454
4.616667	-7.294202	-18.493038	98.086005	0.220962	0.965669	0.307936	28.812270	-13.196026	-7.002937	26.691881	0.465861	29.847815	-4.980449	0.000000	23.616015	12.637291	-5.757515	13.582549	0.237060	22.183246	-1.528290	0.000000	-0.547585	-0.356206	0.926544	-1.016920	-0.473753	0.984453	-0.899627	-0.866078	0.984453	-0.625835	-0.866078	0.810726	-0.508487	-0.726374	0.752817	-0.312890	-0.551762	0.694908	-3.911345	-4.029469	5.153160	0.000000	0.000000	-15.950453	-0.481151	7.967617	-10.714626	-17.915109	4.705425	117.879418	86.766578	0.939694	12.688079	-2.428037	-17.926335	25.305121	107.441324	88.280934	-9.972983	-5.093706
4.633333	-6.925438	-18.724002	98.695342	0.219602	0.965606	0.307985	28.622617	-13.095351	-7.537553	26.100062	0.455532	29.808309	-4.866174	0.000000	23.762741	12.553693	-5.277729	13.475660	0.235195	22.135887	-1.329092	0.000000	-0.556813	-0.223248	0.701335	-1.034057	-0.296919	0.745169	-0.914788	-0.542805	0.745169	-0.636381	-0.542805	0.613668	-0.517056	-0.455247	0.569835	-0.318163	-0.345811	0.526001	-3.977258	-2.525423	3.900615	0.000000	0.000000	-16.840941	-1.177557	10.137311	-9.003631	-18.531937	7.106553	118.453824	86.046472	1.423465	13.649336	-3.002134	-17.285468	24.619076	109.274082	88.297760	-9.075747	-4.241059
4.650000	-6.588384	-18.959538	99.104316	0.218602	0.965563	0.307472	28.423123	-12.955068	-8.066443	25.466685	0.444478	29.790604	-4.522363	0.000000	23.952443	12.443969	-4.715907	13.443911	0.234641	22.139062	-1.392586	0.000000	-0.555356	-0.094384	0.454537	-1.031351	-0.125531	0.482945	-0.912394	-0.229486	0.482945	-0.634716	-0.229486	0.397719	-0.515703	-0.192469	0.369311	-0.317330	-0.146202	0.340902	-3.966850	-1.067696	2.527996	0.000000	0.000000	-17.648039	-2.020964	12.177640	-7.371806	-19.105031	9.517707	118.969653	85.381933	1.751035	14.587789	-3.579449	-16.639192	23.746396	111.092561	88.158093	-8.226514	-3.065552
4.666667	-6.294048	-19.205793	99.297461	0.218020	0.965515	0.306423	28.231458	-12.781185	-8.593934	24.809571	0.433009	29.801929	-3.921897	0.000000	24.192640	12.305120	-4.108498	13.490500	0.235454	22.189221	-1.696916	0.000000	-0.543524	0.027150	0.182610	-1.009378	0.036109	0.194023	-0.892955	0.066012	0.194023	-0.621193	0.066012	0.159784	-0.504716	0.055364	0.148371	-0.310569	0.042055	0.136958	-3.882335	0.307126	1.015622	0.000000	0.000000	-18.343328	-2.989217	14.073535	-5.802036	-19.592458	11.975710	119.419651	84.796712	1.837603	15.402830	-4.212652	-15.997857	22.656603	112.925288	87.809832	-7.410172	-1.558659
4.683333	-6.036283	-19.475529	99.263989	0.217895	0.965415	0.304921	28.078412	-12.562720	-9.116883	24.156825	0.421616	29.834114	-3.072451	0.000000	24.510355	12.123193	-3.454044	13.638874	0.238043	22.272920	-2.279896	0.000000	-0.522477	0.139619	-0.099998	-0.970293	0.185693	-0.106248	-0.858378	0.339470	-0.106248	-0.597139	0.339470	-0.087499	-0.485172	0.284711	-0.081249	-0.298544	0.216270	-0.074999	-3.732003	1.579399	-0.556161	0.000000	0.000000	-18.920707	-4.010207	15.721630	-4.355174	-19.880924	14.355560	119.837697	84.285549	1.710254	16.100461	-4.848668	-15.366866	21.454428	114.733135	87.313032	-6.603718	0.183042
4.700000	-5.838992	-19.736889	98.956082	0.218344	0.965262	0.303123	27.960462	-12.300812	-9.585537	23.526034	0.410607	29.895496	-1.986954	0.000000	24.896760	11.884848	-2.876799	13.918117	0.242917	22.407536	-3.075656	0.000000	-0.500361	0.237258	-0.376161	-0.929220	0.315553	-0.399672	-0.822042	0.576869	-0.399672	-0.571862	0.576869	-0.329141	-0.464635	0.483816	-0.305631	-0.285906	0.367512	-0.282121	-3.574025	2.683908	-2.092097	0.000000	0.000000	-19.363745	-4.982289	17.040483	-3.043549	-19.886601	16.572166	120.224211	83.871664	1.449653	16.672936	-5.411244	-14.765727	20.220443	116.467380	86.819857	-5.825725	1.950240
4.716667	-5.742323	-19.974631	98.323372	0.219537	0.965026	0.301184	27.905183	-12.004165	-9.927818	22.954427	0.400630	29.990251	-0.721478	0.000000	25.340306	11.581061	-2.547977	14.323953	0.250000	22.605588	-3.917676	0.000000	-0.479790	0.312182	-0.630282	-0.891017	0.415202	-0.669675	-0.788246	0.759039	-0.669675	-0.548352	0.759039	-0.551497	-0.445533	0.636602	-0.512104	-0.274152	0.483570	-0.472712	-3.427089	3.531465	-3.505442	0.000000	0.000000	-19.689618	-5.813762	17.992047	-1.875000	-19.554261	18.586791	120.554487	83.590456	1.092179	17.037634	-5.823063	-14.235562	19.039739	118.065875	86.403377	-5.161915	3.475455
4.733333	-5.766562	-20.172979	97.371675	0.221502	0.964683	0.299287	27.926232	-11.697711	-10.141028	22.483837	0.392417	30.136083	0.709930	0.000000	25.828579	11.226378	-2.466033	14.856372	0.259293	22.839481	-4.817013	0.000000	-0.465370	0.359885	-0.850200	-0.864239	0.478647	-0.903337	-0.764557	0.875025	-0.903337	-0.531872	0.875025	-0.743925	-0.432143	0.733878	-0.690787	-0.265913	0.557462	-0.637650	-3.324094	4.071094	-4.728556	0.000000	0.000000	-19.900507	-6.424887	18.528296	-0.870163	-18.879098	20.345501	120.838825	83.459998	0.582381	17.155930	-5.973279	-13.796262	17.994146	119.461820	86.090884	-4.582590	4.607198
4.750000	-5.927228	-20.315404	96.082345	0.224297	0.964221	0.297595	28.041332	-11.380306	-10.178136	22.137779	0.386377	30.331918	2.275046	0.000000	26.348059	10.826145	-2.657879	15.492928	0.270403	23.098860	-5.769072	0.000000	-0.458724	0.376578	-1.019483	-0.851896	0.500849	-1.083201	-0.753637	0.915612	-1.083201	-0.524275	0.915612	-0.892048	-0.425971	0.767918	-0.828330	-0.262115	0.583320	-0.764612	-3.276617	4.259928	-5.670059	0.000000	0.000000	-20.006523	-6.785104	18.562585	-0.053715	-17.917105	21.804416	121.075721	83.477953	-0.113056	16.926734	-5.767707	-13.452184	17.181703	120.574032	85.881915	-4.158673	5.195759
4.766667	-6.275174	-20.382865	94.398563	0.228074	0.963609	0.296260	28.290052	-11.062634	-9.912505	21.959765	0.383270	30.592521	3.903387	0.000000	26.853835	10.374113	-3.370841	16.187134	0.282519	23.424532	-6.483620	0.000000	-0.459732	0.353477	-1.123722	-0.853768	0.470124	-1.193955	-0.755294	0.859444	-1.193955	-0.525428	0.859444	-0.983257	-0.426907	0.720810	-0.913024	-0.262691	0.547536	-0.842792	-3.283819	3.998602	-6.249807	0.000000	0.000000	-20.007084	-6.884133	18.103490	0.571842	-16.703789	22.919354	121.282631	83.627830	-0.863305	16.417916	-5.151763	-13.264615	16.692347	121.419708	85.799601	-4.068103	5.255674
4.783333	-6.748844	-20.370145	92.448730	0.232675	0.962900	0.295333	28.616382	-10.735979	-9.465775	21.914852	0.382486	30.914762	5.590786	0.000000	27.336711	9.849734	-4.515333	16.953661	0.295897	23.835482	-6.919341	0.000000	-0.469206	0.297432	-1.185592	-0.871363	0.395585	-1.259691	-0.770859	0.723177	-1.259691	-0.536256	0.723177	-1.037393	-0.435705	0.606524	-0.963293	-0.268105	0.460722	-0.889194	-3.351494	3.364612	-6.593906	0.000000	0.000000	-19.931243	-6.758099	17.200286	1.058328	-15.409591	23.870156	121.450187	83.874727	-2.122351	15.383813	-4.252963	-13.160809	16.374238	122.028319	85.927952	-4.145309	4.845771
4.800000	-7.350329	-20.281864	90.243042	0.238085	0.962096	0.294855	29.036681	-10.398403	-8.803142	22.011509	0.384173	31.278789	7.292575	0.000000	27.778093	9.272579	-6.051004	17.738121	0.309589	24.309107	-7.118795	0.000000	-0.486009	0.207458	-1.206803	-0.902568	0.275919	-1.282228	-0.798464	0.504414	-1.282228	-0.555460	0.504414	-1.055952	-0.451308	0.423049	-0.980527	-0.277706	0.321353	-0.905102	-3.471515	2.346808	-6.711875	0.000000	0.000000	-19.802745	-6.412510	15.936628	1.452403	-14.107662	24.657599	121.637157	84.168455	-3.599640	14.080243	-3.156755	-13.146694	16.223915	122.504580	86.287704	-4.546631	4.147627
4.816667	-8.060363	-20.113139	87.826694	0.244250	0.961245	0.294817	29.529208	-10.046031	-7.947466	22.227096	0.387936	31.672502	8.996728	0.000000	28.142518	8.647422	-7.970829	18.493933	0.322780	24.824701	-7.038833	0.000000	-0.509006	0.085081	-1.195765	-0.945276	0.113158	-1.270501	-0.836247	0.206867	-1.270501	-0.581743	0.206867	-1.046295	-0.472663	0.173498	-0.971559	-0.290846	0.131791	-0.896824	-3.635781	0.962457	-6.650488	0.000000	0.000000	-19.663467	-5.849683	14.441128	1.801249	-12.862260	25.345341	121.893018	84.496855	-5.195022	12.711872	-1.995516	-13.196352	16.165318	122.925620	86.631945	-5.121209	3.297859
4.833333	-8.856062	-19.870921	85.257942	0.251113	0.960381	0.295209	30.078638	-9.666155	-6.885195	22.545981	0.393502	32.056097	10.613299	0.000000	28.412347	7.982016	-10.262343	19.192052	0.334965	25.359425	-6.662896	0.000000	-0.537456	-0.067155	-1.162464	-0.998109	-0.089316	-1.235118	-0.882986	-0.163281	-1.235118	-0.614258	-0.163281	-1.017156	-0.499081	-0.136943	-0.944502	-0.307102	-0.104023	-0.871848	-3.838992	-0.759672	-6.465278	0.000000	0.000000	-19.568544	-5.055623	12.893362	2.150424	-11.688943	25.965665	122.233939	84.869930	-6.701032	11.411339	-0.867867	-13.315587	16.177798	123.383906	86.662891	-5.887042	2.498456
4.850000	-9.700055	-19.544951	82.631769	0.258533	0.959567	0.296041	30.636672	-9.263094	-5.667357	22.931499	0.400230	32.416603	12.110399	0.000000	28.579814	7.285043	-12.823723	19.850288	0.346453	25.888817	-6.023143	0.000000	-0.572472	-0.244704	-1.119212	-1.063138	-0.325457	-1.189163	-0.940515	-0.594974	-1.189163	-0.654279	-0.594974	-0.979311	-0.531598	-0.499001	-0.909360	-0.327111	-0.379047	-0.839409	-4.089112	-2.768144	-6.224722	0.000000	0.000000	-19.561730	-4.026761	11.452310	2.533202	-10.590794	26.532476	122.658050	85.222358	-8.001374	10.266418	0.172806	-13.502159	16.214975	123.919784	86.323774	-6.682864	1.833676
4.866667	-10.546908	-19.172553	79.996206	0.266385	0.958815	0.297305	31.202748	-8.804246	-4.343165	23.351488	0.407560	32.709416	13.479417	0.000000	28.654682	6.536837	-15.595552	20.433800	0.356637	26.400049	-5.147590	0.000000	-0.610307	-0.439870	-1.050368	-1.133401	-0.585028	-1.116016	-1.002673	-1.069501	-1.116016	-0.697520	-1.069501	-0.919072	-0.566731	-0.896984	-0.853424	-0.348729	-0.681359	-0.787776	-4.359362	-4.975902	-5.841834	0.000000	0.000000	-19.714311	-2.732774	10.072660	2.900201	-9.598961	26.962504	123.208037	85.381278	-9.009573	9.409879	1.194891	-13.732473	16.384593	124.489684	85.524657	-7.518826	1.358876
4.883333	-11.405864	-18.727409	77.426445	0.274538	0.958208	0.299006	31.735873	-8.342870	-2.942779	23.797678	0.415348	32.938292	14.693987	0.000000	28.611217	5.802377	-18.496061	20.934595	0.365378	26.841853	-4.089779	0.000000	-0.651312	-0.653178	-0.969777	-1.209551	-0.868727	-1.030388	-1.070040	-1.588138	-1.030388	-0.744384	-1.588138	-0.848555	-0.604808	-1.331961	-0.787944	-0.372160	-1.011773	-0.727333	-4.652256	-7.388884	-5.393608	0.000000	0.000000	-20.028344	-1.256654	8.821284	3.320927	-8.673686	27.278855	123.796799	85.246300	-9.634103	8.854792	2.218804	-14.047593	16.619610	125.109197	84.207027	-8.259799	1.043280
4.900000	-12.262417	-18.224611	74.998342	0.282825	0.957789	0.301039	32.214509	-7.895242	-1.445516	24.262331	0.423458	33.085286	15.628614	0.000000	28.438270	5.111284	-21.429896	21.324001	0.372174	27.199354	-2.854334	0.000000	-0.694186	-0.879638	-0.890076	-1.289174	-1.169918	-0.945706	-1.140479	-2.138751	-0.945706	-0.793386	-2.138751	-0.778817	-0.644622	-1.793757	-0.723187	-0.396658	-1.362559	-0.667557	-4.958504	-9.950637	-4.950337	0.000000	0.000000	-20.518030	0.294692	7.773203	3.849842	-7.800057	27.536149	124.342946	84.990947	-9.993680	8.491822	3.247126	-14.432049	16.866071	125.753280	82.649186	-8.952375	0.754479
4.916667	-13.071869	-17.705264	72.779390	0.291038	0.957555	0.303289	32.623542	-7.446612	0.089621	24.704588	0.431176	33.119895	16.245314	0.000000	28.181599	4.453267	-24.279146	21.628140	0.377482	27.478174	-1.533367	0.000000	-0.735903	-1.109388	-0.817588	-1.366645	-1.475486	-0.868687	-1.209014	-2.697365	-0.868687	-0.841063	-2.697365	-0.715389	-0.683359	-2.262263	-0.664290	-0.420495	-1.718442	-0.613191	-5.256478	-12.549615	-4.547178	0.000000	0.000000	-21.153526	1.767156	6.884893	4.517581	-6.980873	27.700734	124.812606	84.582446	-10.027143	8.383896	4.278502	-14.829535	17.096010	126.402595	81.171869	-9.667907	0.496928
4.933333	-13.781172	-17.223487	70.819399	0.298918	0.957468	0.305630	32.969418	-6.995433	1.514845	25.110808	0.438266	33.035321	16.666969	0.000000	27.893930	3.816097	-26.851550	21.860836	0.381544	27.670688	-0.323998	0.000000	-0.773400	-1.330595	-0.751089	-1.436281	-1.769692	-0.798032	-1.270619	-3.235209	-0.798032	-0.883919	-3.235209	-0.657203	-0.718179	-2.713350	-0.610260	-0.441921	-2.061092	-0.563317	-5.524319	-15.051958	-4.177331	0.000000	0.000000	-21.878891	3.059250	6.118441	5.290156	-6.211705	27.689694	125.200023	84.123700	-9.698414	8.485482	5.298638	-15.155626	17.279687	127.027405	79.928579	-10.344209	0.335378
4.950000	-14.407339	-16.800366	69.169471	0.306295	0.957511	0.307945	33.254448	-6.576722	2.817891	25.478698	0.444687	32.828469	16.842445	0.000000	27.596725	3.243871	-29.082476	22.019774	0.384318	27.777589	0.747547	0.000000	-0.805965	-1.541149	-0.701784	-1.496758	-2.049728	-0.745645	-1.324120	-3.747150	-0.745645	-0.921137	-3.747150	-0.614061	-0.748419	-3.142712	-0.570199	-0.460528	-2.387240	-0.526338	-5.756927	-17.433788	-3.903112	0.000000	0.000000	-22.608984	4.094451	5.445408	6.154413	-5.466818	27.546442	125.482749	83.693783	-9.232814	8.621986	6.262309	-15.423970	17.387665	127.644201	78.885140	-10.975451	0.282825
4.966667	-14.855243	-16.489900	67.933549	0.312880	0.957613	0.310121	33.469286	-6.144080	3.891519	25.770746	0.449784	32.481834	16.769726	0.000000	27.374748	2.680757	-30.847922	22.189760	0.387284	27.832259	1.626788	0.000000	-0.833896	-1.724396	-0.678695	-1.548628	-2.293447	-0.721113	-1.370007	-4.192696	-0.721113	-0.953059	-4.192696	-0.593858	-0.774356	-3.516388	-0.551439	-0.476488	-2.671089	-0.509021	-5.956433	-19.506711	-3.774696	0.000000	0.000000	-23.251248	4.799981	4.801327	7.077741	-4.756697	27.246697	125.684807	83.277886	-8.621497	8.781793	7.090811	-15.579296	17.412007	128.229671	78.019471	-11.509087	0.281813
4.983333	-15.170132	-16.324467	67.138885	0.318535	0.957720	0.312044	33.643531	-5.767743	4.680759	26.008120	0.453927	32.041403	16.504244	0.000000	27.230449	2.185350	-32.148183	22.319732	0.389553	27.811954	2.344632	0.000000	-0.855938	-1.882272	-0.687315	-1.589562	-2.503421	-0.730272	-1.406220	-4.576555	-0.730272	-0.978251	-4.576555	-0.601401	-0.794824	-3.838328	-0.558444	-0.489083	-2.915639	-0.515486	-6.113876	-21.292634	-3.822641	0.000000	0.000000	-23.765581	5.252734	4.189751	8.001031	-4.048342	26.860422	125.794058	82.926342	-8.201500	8.752021	7.721429	-15.681356	17.349802	128.821045	77.264071	-11.880917	0.418788
5.000000	-15.232656	-16.328104	66.891871	0.323007	0.957773	0.313654	33.751632	-5.398302	5.033160	26.153908	0.456472	31.525135	16.125431	0.000000	27.239977	1.691759	-32.855812	22.506187	0.392807	27.747044	2.852994	0.000000	-0.875139	-1.996687	-0.734638	-1.625220	-2.655594	-0.780553	-1.437766	-4.854745	-0.780553	-1.000196	-4.854745	-0.642808	-0.812654	-4.071644	-0.596893	-0.500054	-3.092868	-0.550978	-6.251029	-22.586924	-4.085834	0.000000	0.000000	-24.156229	5.424368	3.636705	8.914553	-3.369113	26.362168	125.822738	82.686857	-7.874087	8.613795	8.086728	-15.705793	17.178710	129.378371	76.721287	-11.957542	0.586392
5.016667	-15.023022	-16.512329	67.229141	0.326196	0.957717	0.314889	33.805844	-5.046273	4.905985	26.209978	0.457450	30.979756	15.668205	0.000000	27.439797	1.206243	-32.938389	22.774431	0.397489	27.649100	3.153935	0.000000	-0.891834	-2.063098	-0.817748	-1.656226	-2.743920	-0.868857	-1.465195	-5.016216	-0.868857	-1.019277	-5.016216	-0.715529	-0.828157	-4.207069	-0.664420	-0.509594	-3.195738	-0.613311	-6.370283	-23.338175	-4.548069	0.000000	0.000000	-24.470529	5.368456	3.156011	9.779434	-2.740545	25.770833	125.786769	82.586216	-7.688940	8.391193	8.170942	-15.693705	16.902841	129.879709	76.536047	-11.643328	0.686550
5.033333	-14.514943	-16.859332	68.196481	0.328010	0.957527	0.315711	33.796295	-4.727250	4.230851	26.171531	0.456779	30.459363	15.190793	0.000000	27.848699	0.735079	-32.401806	23.149138	0.404029	27.543244	3.321917	0.000000	-0.907829	-2.076796	-0.935294	-1.685929	-2.762139	-0.993750	-1.491472	-5.049523	-0.993750	-1.037558	-5.049523	-0.818382	-0.843010	-4.235003	-0.759926	-0.518733	-3.216958	-0.701470	-6.484531	-23.493136	-5.201824	0.000000	0.000000	-24.754021	5.120105	2.764988	10.584005	-2.210617	25.137191	125.703450	82.610697	-7.704974	8.140903	8.000192	-15.697401	16.572028	130.279776	76.811286	-11.006386	0.516317
5.050000	-13.766506	-17.371381	69.740317	0.328519	0.957149	0.316074	33.765804	-4.484742	3.060652	26.070665	0.455019	30.029684	14.705052	0.000000	28.467194	0.320351	-31.327910	23.609854	0.412070	27.439211	3.405006	0.000000	-0.921006	-2.044284	-1.074811	-1.710400	-2.718898	-1.141987	-1.513120	-4.970472	-1.141987	-1.052617	-4.970472	-0.940460	-0.855246	-4.168704	-0.873284	-0.526263	-3.166596	-0.806108	-6.578652	-23.125349	-5.977778	0.000000	0.000000	-25.026642	4.736268	2.443378	11.298336	-1.804030	24.523913	125.596121	82.734344	-7.960818	7.894558	7.632262	-15.785930	16.250175	130.568942	77.526870	-10.119761	-0.019723
5.066667	-12.768910	-18.044905	71.843460	0.327764	0.956540	0.316011	33.752935	-4.299469	1.463529	25.930734	0.452577	29.707939	14.139666	0.000000	29.320719	-0.044186	-29.741974	24.176741	0.421964	27.351035	3.426665	0.000000	-0.930598	-1.964874	-1.218484	-1.728213	-2.613282	-1.294640	-1.528879	-4.777394	-1.294640	-1.063580	-4.777394	-1.066174	-0.864153	-4.006770	-0.990018	-0.531744	-3.043589	-0.913863	-6.647168	-22.227043	-6.776844	0.000000	0.000000	-25.279254	4.275364	2.123848	11.879303	-1.581120	23.957771	125.539229	82.944032	-8.514433	7.690363	7.204375	-15.986876	16.116310	130.722190	78.657515	-9.215012	-0.916995
5.083333	-11.637871	-18.835561	74.359588	0.325887	0.955724	0.315485	33.766264	-4.238569	-0.478520	25.798718	0.450273	29.552486	13.604885	0.000000	30.323422	-0.302105	-27.811863	24.774765	0.432401	27.315347	3.457139	0.000000	-0.940615	-1.850538	-1.356017	-1.746815	-2.461215	-1.440768	-1.545336	-4.499398	-1.440768	-1.075028	-4.499398	-1.186515	-0.873455	-3.773617	-1.101764	-0.537467	-2.866483	-1.017013	-6.718716	-20.933654	-7.541759	0.000000	0.000000	-25.509056	3.736784	1.869437	12.369047	-1.573659	23.602627	125.514994	83.202520	-9.475397	7.483860	6.691814	-16.297824	16.144648	130.766182	80.207624	-8.330580	-2.206862
5.100000	-10.417725	-19.732917	77.196547	0.323117	0.954650	0.314577	33.855294	-4.282346	-2.572773	25.704246	0.448624	29.555266	12.939913	0.000000	31.471767	-0.471636	-25.781090	25.420205	0.443666	27.389187	3.750704	0.000000	-0.948250	-1.709704	-1.463389	-1.760994	-2.273906	-1.554851	-1.557879	-4.156974	-1.554851	-1.083755	-4.156974	-1.280465	-0.880545	-3.486428	-1.189004	-0.541830	-2.648331	-1.097542	-6.773253	-19.340512	-8.138931	0.000000	0.000000	-25.698268	3.241901	1.573182	12.658233	-1.768604	23.389342	125.588050	83.487756	-10.607326	7.314178	6.178513	-16.718796	16.451532	130.734039	82.128871	-7.600349	-3.723745
5.116667	-9.127125	-20.739633	80.316724	0.319450	0.953264	0.313398	34.054319	-4.451074	-4.800389	25.682450	0.448243	29.716851	12.172406	0.000000	32.779698	-0.511407	-23.559565	26.112805	0.455754	27.553894	4.122252	0.000000	-0.950220	-1.545110	-1.527056	-1.764654	-2.054996	-1.622496	-1.561117	-3.756780	-1.622496	-1.086007	-3.756780	-1.336174	-0.882375	-3.150788	-1.240733	-0.542956	-2.393375	-1.145292	-6.787329	-17.478589	-8.493025	0.000000	0.000000	-25.849738	2.858935	1.116255	12.642485	-2.165895	23.256158	125.847753	83.755873	-11.816960	7.269651	5.706249	-17.184404	17.075509	130.629808	84.278078	-6.946462	-5.314042
5.133333	-7.831279	-21.777739	83.586835	0.315058	0.951615	0.312076	34.349644	-4.745660	-7.031038	25.772592	0.449817	30.025784	11.294967	0.000000	34.159574	-0.406431	-21.285902	26.819859	0.468095	27.804706	4.611138	0.000000	-0.949982	-1.364893	-1.527840	-1.764211	-1.815308	-1.623330	-1.560725	-3.318601	-1.623330	-1.085734	-3.318601	-1.336860	-0.882153	-2.783290	-1.241370	-0.542820	-2.114219	-1.145880	-6.785626	-15.439943	-8.497386	0.000000	0.000000	-25.987590	2.648390	0.479693	12.272120	-2.719254	23.132007	126.315441	84.000752	-12.912900	7.356185	5.306304	-17.663908	18.027239	130.503614	86.293671	-6.394591	-6.767072
5.150000	-6.552383	-22.787967	86.911773	0.310068	0.949736	0.310792	34.729637	-5.137484	-9.160863	25.991269	0.453633	30.455338	10.283525	0.000000	35.555695	-0.182839	-19.105543	27.541877	0.480696	28.143620	5.299236	0.000000	-0.946902	-1.172840	-1.456458	-1.758491	-1.559877	-1.547487	-1.555664	-2.851643	-1.547487	-1.082214	-2.851643	-1.274401	-0.879293	-2.391655	-1.183372	-0.541060	-1.816729	-1.092344	-6.763623	-13.267401	-8.100385	0.000000	0.000000	-26.140894	2.644001	-0.325867	11.539352	-3.362905	22.912609	127.013675	84.263967	-13.677825	7.624166	5.007865	-18.120727	19.280016	130.382544	87.718883	-5.970691	-7.917963
5.166667	-5.315898	-23.697650	90.204873	0.304596	0.947727	0.309716	35.147227	-5.601217	-11.127520	26.344255	0.459794	30.970193	9.145774	0.000000	36.893248	0.139467	-17.059381	28.275370	0.493498	28.541549	6.123553	0.000000	-0.944883	-0.972393	-1.308114	-1.754742	-1.293283	-1.389872	-1.552348	-2.364276	-1.389872	-1.079906	-2.364276	-1.144600	-0.877418	-1.982904	-1.062843	-0.539906	-1.506237	-0.981086	-6.749203	-10.999904	-7.275340	0.000000	0.000000	-26.332114	2.907151	-1.293493	10.499345	-4.061274	22.514390	127.936711	84.595692	-14.053114	7.998934	4.870445	-18.506791	20.758965	130.282224	88.452446	-5.695638	-8.551145
5.183333	-4.166250	-24.440364	93.390226	0.298731	0.945695	0.308994	35.557729	-6.150635	-12.908329	26.847377	0.468575	31.555125	7.939861	0.000000	38.095081	0.561662	-15.194793	29.006359	0.506256	28.973486	7.045469	0.000000	-0.947286	-0.769113	-1.086458	-1.759204	-1.022921	-1.154362	-1.556295	-1.870022	-1.154362	-1.082653	-1.870022	-0.950651	-0.879649	-1.568376	-0.882747	-0.541279	-1.191356	-0.814844	-6.766366	-8.700363	-6.042556	0.000000	0.000000	-26.567727	3.459138	-2.413870	9.255852	-4.781249	21.882348	129.069327	85.003777	-14.061271	8.487960	4.954235	-18.805959	22.395509	130.182229	88.569938	-5.604636	-8.727183
5.200000	-3.141407	-24.975701	96.352523	0.292643	0.943778	0.308677	35.917407	-6.747116	-14.444249	27.469609	0.479435	32.151706	6.685247	0.000000	39.079496	1.050352	-13.600864	29.681549	0.518041	29.406930	8.044061	0.000000	-0.956620	-0.567503	-0.781509	-1.776538	-0.754779	-0.830353	-1.571630	-1.379826	-0.830353	-1.093320	-1.379826	-0.683820	-0.888317	-1.157252	-0.634976	-0.546612	-0.879062	-0.586131	-6.833038	-6.419705	-4.346517	0.000000	0.000000	-26.871507	4.343432	-3.737053	7.885293	-5.484424	20.908277	130.385996	85.463937	-13.697181	9.082829	5.350826	-18.988523	24.166881	130.034869	88.171040	-5.722234	-8.465498
5.216667	-2.321327	-25.261561	99.011750	0.286501	0.942100	0.308826	36.205810	-7.424735	-15.601052	28.220764	0.492545	32.728840	5.296137	0.000000	39.788634	1.648298	-12.346855	30.280659	0.528497	29.782504	9.067823	0.000000	-0.977241	-0.378991	-0.432208	-1.814833	-0.504058	-0.459221	-1.605509	-0.921478	-0.459221	-1.116888	-0.921478	-0.378182	-0.907466	-0.772838	-0.351169	-0.558395	-0.587057	-0.324156	-6.980332	-4.287218	-2.403809	0.000000	0.000000	-27.204183	5.416813	-4.993069	6.642409	-6.081740	19.778684	131.687586	85.995490	-13.142414	9.607242	5.967086	-19.107335	25.778118	129.930470	87.496117	-5.914810	-7.873102
5.233333	-1.687436	-25.311643	101.273459	0.280320	0.940783	0.309351	36.384660	-8.103939	-16.360041	29.023829	0.506561	33.215914	3.809385	0.000000	40.179364	2.274339	-11.458863	30.740647	0.536526	30.118354	10.090929	0.000000	-1.011156	-0.199521	-0.037744	-1.877819	-0.265363	-0.040103	-1.661229	-0.485116	-0.040103	-1.155651	-0.485116	-0.033026	-0.938960	-0.406863	-0.030667	-0.577775	-0.309058	-0.028308	-7.222590	-2.257022	-0.209921	0.000000	0.000000	-27.551258	6.574538	-6.228214	5.600581	-6.582492	18.436058	132.937194	86.534256	-12.347463	10.115424	6.801796	-19.090523	27.217785	129.825546	86.908833	-6.322832	-7.102308
5.250000	-1.246309	-25.185103	103.111341	0.274120	0.939828	0.310269	36.488428	-8.772414	-16.730833	29.854084	0.521052	33.551371	2.223441	0.000000	40.303629	2.912646	-10.921045	31.065384	0.542193	30.387774	11.054249	0.000000	-1.055346	-0.028847	0.361029	-1.959882	-0.038366	0.383594	-1.733827	-0.070138	0.383594	-1.206155	-0.070138	0.315901	-0.979994	-0.058825	0.293336	-0.603025	-0.044684	0.270772	-7.538229	-0.326322	2.007936	0.000000	0.000000	-27.871229	7.608572	-7.241024	4.905204	-6.938584	17.071268	133.987033	87.024069	-11.423711	10.514576	7.687460	-18.927476	28.264616	129.831368	86.552278	-6.919261	-6.138187
5.266667	-0.969782	-24.920922	104.503796	0.267856	0.939272	0.311526	36.518571	-9.399320	-16.771614	30.655465	0.535039	33.691082	0.617840	0.000000	40.189181	3.546202	-10.628692	31.228102	0.545033	30.565361	11.803104	0.000000	-1.108007	0.136986	0.737693	-2.057679	0.182191	0.783799	-1.820344	0.333068	0.783799	-1.266341	0.333068	0.645481	-1.028895	0.279342	0.599376	-0.633115	0.212191	0.553270	-7.914381	1.549612	4.102828	0.000000	0.000000	-28.119890	8.350607	-7.935984	4.624606	-7.152060	15.815488	134.772669	87.429631	-10.464521	10.739173	8.481575	-18.564638	28.785663	130.012307	86.372749	-7.600971	-5.023031
5.283333	-0.873675	-24.565316	105.441191	0.261572	0.939100	0.313023	36.513267	-9.994375	-16.489859	31.412549	0.548252	33.641107	-0.972598	0.000000	39.864466	4.185695	-10.597583	31.195012	0.544456	30.637239	12.357580	0.000000	-1.165029	0.294075	1.074621	-2.163576	0.391119	1.141785	-1.914027	0.715013	1.141785	-1.331512	0.715013	0.940293	-1.081846	0.599677	0.873129	-0.665698	0.455522	0.805966	-8.321688	3.326631	5.976719	0.000000	0.000000	-28.266576	8.716035	-8.324886	4.726823	-7.200245	14.725048	135.297758	87.741406	-9.507721	10.779588	9.094523	-18.009175	28.753866	130.419431	86.293457	-8.328371	-3.774955
5.300000	-0.909274	-24.203424	105.955180	0.255323	0.939229	0.314628	36.511727	-10.517732	-15.955961	32.084625	0.559982	33.416643	-2.473655	0.000000	39.405500	4.790870	-10.730357	30.973984	0.540598	30.602712	12.651756	0.000000	-1.221183	0.445455	1.363827	-2.267859	0.592455	1.449066	-2.006282	1.083079	1.449066	-1.395690	1.083079	1.193349	-1.133991	0.908372	1.108110	-0.697784	0.690010	1.022870	-8.722789	5.039075	7.585198	0.000000	0.000000	-28.325759	8.677355	-8.453257	5.132772	-7.110905	13.806548	135.614443	87.985999	-8.590274	10.655302	9.475045	-17.255885	28.216057	131.033803	86.299235	-9.052073	-2.445673
5.316667	-1.087999	-23.853877	106.054537	0.249284	0.939651	0.316188	36.519608	-10.974571	-15.186065	32.646916	0.569796	33.077601	-3.825355	0.000000	38.825901	5.372703	-11.012325	30.550725	0.533211	30.464299	12.702957	0.000000	-1.275434	0.585169	1.599185	-2.368608	0.778275	1.699134	-2.095411	1.422780	1.699134	-1.457694	1.422780	1.399287	-1.184368	1.193277	1.299338	-0.728783	0.906427	1.199389	-9.110298	6.619548	8.894186	0.000000	0.000000	-28.332722	8.217109	-8.364016	5.792179	-6.903418	13.086995	135.747478	88.193903	-7.764979	10.381492	9.621848	-16.380423	27.237232	131.857242	86.378595	-9.762163	-1.000051
5.333333	-1.319996	-23.552423	105.827083	0.243548	0.940293	0.317581	36.527221	-11.315786	-14.320122	33.048836	0.576811	32.676305	-4.900647	0.000000	38.198071	5.877967	-11.310949	29.985573	0.523347	30.262352	12.474091	0.000000	-1.327582	0.719039	1.771432	-2.465453	0.956322	1.882146	-2.181085	1.748271	1.882146	-1.517294	1.748271	1.550003	-1.232793	1.466264	1.439288	-0.758581	1.113791	1.328574	-9.482788	8.133910	9.852171	0.000000	0.000000	-28.338924	7.330162	-8.068646	6.688931	-6.660868	12.591788	135.722250	88.422920	-7.095755	9.970824	9.580626	-15.428355	25.906123	132.816233	86.543283	-10.397223	0.499248
5.350000	-1.663474	-23.318697	105.271112	0.238381	0.941090	0.318691	36.574067	-11.576802	-13.322281	33.294227	0.581094	32.281178	-5.682974	0.000000	37.548066	6.355381	-11.654325	29.261586	0.510711	30.001017	12.013394	0.000000	-1.374849	0.834071	1.877184	-2.553232	1.109314	1.994508	-2.258739	2.027960	1.994508	-1.571315	2.027960	1.642536	-1.276685	1.700837	1.525212	-0.785589	1.291976	1.407888	-9.820408	9.435176	10.440334	0.000000	0.000000	-28.367418	6.083788	-7.588191	7.794870	-6.393575	12.366909	135.534648	88.638210	-6.683793	9.380956	9.451257	-14.543078	24.339210	133.864898	86.749792	-10.968295	2.008743
5.366667	-2.112064	-23.155611	104.426122	0.233963	0.941995	0.319439	36.666001	-11.763372	-12.239533	33.381583	0.582619	31.943210	-6.129841	0.000000	36.907486	6.809355	-12.018940	28.407663	0.495807	29.701574	11.352182	0.000000	-1.418157	0.926048	1.907429	-2.633660	1.231644	2.026643	-2.329890	2.251594	2.026643	-1.620812	2.251594	1.669000	-1.316901	1.888398	1.549786	-0.810335	1.434449	1.430571	-10.129755	10.475644	10.608545	0.000000	0.000000	-28.405759	4.505834	-6.859061	9.129010	-6.119411	12.461149	135.160069	88.814569	-6.560125	8.590759	9.317857	-13.820556	22.627488	134.932934	86.939136	-11.483485	3.404384
5.383333	-2.735874	-23.086830	103.252687	0.230568	0.942922	0.319739	36.855323	-11.920901	-11.031064	33.344316	0.581968	31.707810	-6.222206	0.000000	36.301808	7.273124	-12.475188	27.423913	0.478638	29.375438	10.545954	0.000000	-1.453838	0.981756	1.864187	-2.699922	1.305735	1.980698	-2.388510	2.387041	1.980698	-1.661591	2.387041	1.631163	-1.350034	2.001996	1.514652	-0.830723	1.520739	1.398140	-10.384619	11.105816	10.368047	0.000000	0.000000	-28.441851	2.651169	-5.832701	10.663192	-5.808175	12.919880	134.571889	88.950318	-6.778271	7.544958	9.235491	-13.346950	20.818656	135.983513	87.000657	-11.872776	4.660309
5.400000	-3.480858	-23.107863	101.829107	0.228270	0.943836	0.319557	37.118560	-12.021666	-9.711407	33.176148	0.579033	31.563220	-6.080572	0.000000	35.764535	7.716098	-12.990846	26.378650	0.460394	29.048163	9.643126	0.000000	-1.482950	1.002724	1.751633	-2.753986	1.333623	1.861110	-2.436338	2.438024	1.861110	-1.694863	2.438024	1.532679	-1.377067	2.044755	1.423202	-0.847357	1.553220	1.313725	-10.592562	11.343018	9.742056	0.000000	0.000000	-28.469089	0.611826	-4.577964	12.335662	-5.509598	13.685787	133.812678	89.052024	-7.286338	6.272817	9.271715	-13.078215	19.066917	136.933275	86.911790	-12.301561	5.708521
5.416667	-4.378530	-23.216828	100.111465	0.227144	0.944650	0.318865	37.470256	-12.110340	-8.362078	32.924057	0.574633	31.543179	-5.526605	0.000000	35.314223	8.138829	-13.591427	25.322990	0.441970	28.743763	8.609879	0.000000	-1.504141	0.984700	1.569051	-2.793341	1.309651	1.667117	-2.471154	2.394199	1.667117	-1.719083	2.394199	1.372920	-1.396746	2.008000	1.274854	-0.859466	1.525300	1.176788	-10.743931	11.139121	8.726592	0.000000	0.000000	-28.481207	-1.593618	-2.944788	14.144054	-5.224163	14.854309	132.849219	89.102360	-8.138832	4.803849	9.306934	-12.953296	17.233843	137.789830	86.697272	-12.566757	6.504672
5.433333	-5.299928	-23.451454	98.276966	0.227095	0.945246	0.317728	37.906721	-12.110602	-6.956590	32.574517	0.568533	31.578162	-4.907794	0.000000	35.038161	8.493500	-14.144941	24.349957	0.424987	28.467974	7.498167	0.000000	-1.511370	0.937318	1.334386	-2.806765	1.246633	1.417785	-2.483030	2.278996	1.417785	-1.727345	2.278996	1.167588	-1.403458	1.911379	1.084188	-0.863597	1.451906	1.000789	-10.795566	10.603131	7.421454	0.000000	0.000000	-28.475247	-3.753373	-1.280578	15.835312	-4.982043	16.081996	131.828182	89.122316	-8.805953	3.289623	9.437873	-12.849088	15.601956	138.500903	86.158541	-12.992923	7.202253
5.450000	-6.223573	-23.791781	96.374053	0.227989	0.945550	0.316208	38.415865	-12.074478	-5.686025	32.181837	0.561679	31.709543	-4.016024	0.000000	34.949331	8.782326	-14.592005	23.515339	0.410420	28.225432	6.253177	0.000000	-1.504259	0.864555	1.045371	-2.793559	1.149859	1.110707	-2.471346	2.102080	1.110707	-1.719217	2.102080	0.914700	-1.396855	1.763001	0.849364	-0.859533	1.339196	0.784028	-10.744769	9.780023	5.814040	0.000000	0.000000	-28.443279	-5.809409	0.468446	17.390372	-4.806182	17.439778	130.783039	89.104250	-9.533767	1.819206	9.566383	-12.666559	14.040983	139.075973	85.454011	-13.298806	7.848394
5.466667	-7.163983	-24.160452	94.378826	0.229916	0.945576	0.314401	38.956144	-11.983372	-4.516756	31.786871	0.554786	31.931597	-2.892461	0.000000	34.993111	8.963669	-15.060741	22.859638	0.398976	28.054047	5.035817	0.000000	-1.487581	0.763763	0.723847	-2.762586	1.015805	0.769087	-2.443946	1.857014	0.769087	-1.700156	1.857014	0.633366	-1.381367	1.557466	0.588125	-0.850004	1.183069	0.542885	-10.625639	8.639843	4.025818	0.000000	0.000000	-28.381278	-7.621573	2.221881	18.746328	-4.691834	18.824241	129.772861	89.067002	-10.284983	0.482980	9.709708	-12.375688	12.576558	139.509096	84.621217	-13.470274	8.548303
5.483333	-8.080388	-24.512387	92.353563	0.232789	0.945336	0.312438	39.480930	-11.830845	-3.498764	31.411012	0.548226	32.231314	-1.577196	0.000000	35.151584	9.019303	-15.493269	22.422899	0.391353	27.960428	3.830301	0.000000	-1.464324	0.639554	0.377235	-2.719395	0.850607	0.400812	-2.405737	1.555013	0.400812	-1.673575	1.555013	0.330080	-1.359771	1.304179	0.306503	-0.836714	0.990670	0.282926	-10.459517	7.234767	2.098066	0.000000	0.000000	-28.281375	-9.083506	3.918364	19.909290	-4.658339	20.148303	128.867017	89.025010	-11.035654	-0.576976	9.891895	-11.958984	11.213225	139.763767	83.764323	-13.481880	9.230522
5.500000	-9.027904	-24.751786	90.260980	0.236689	0.944917	0.310439	39.938970	-11.645281	-2.573696	31.096467	0.542736	32.601502	-0.094864	0.000000	35.324051	8.966789	-16.029667	22.187048	0.387237	27.955857	2.761077	0.000000	-1.440099	0.484262	0.028036	-2.674408	0.644069	0.029788	-2.365939	1.177435	0.029788	-1.645889	1.177435	0.024531	-1.337276	0.987507	0.022779	-0.822873	0.750122	0.021027	-10.286483	5.478070	0.155926	0.000000	0.000000	-28.151194	-10.064566	5.439619	20.880039	-4.688799	21.305399	128.089610	89.002060	-11.832092	-1.374527	10.218378	-11.497848	9.988598	139.767863	83.000394	-13.264118	9.794099
5.516667	-10.019243	-24.820324	88.097204	0.241610	0.944368	0.308549	40.298142	-11.440610	-1.709479	30.878182	0.538926	33.029871	1.513554	0.000000	35.439503	8.803547	-16.793266	22.145576	0.386513	28.054270	1.966979	0.000000	-1.417469	0.296558	-0.311373	-2.632382	0.394422	-0.330834	-2.328760	0.721052	-0.330834	-1.620026	0.721052	-0.272452	-1.316262	0.604742	-0.252991	-0.809942	0.459369	-0.233530	-10.124842	3.354726	-1.731765	0.000000	0.000000	-28.005126	-10.526747	6.762115	21.715923	-4.760377	22.221399	127.426907	89.016119	-12.635959	-1.874691	10.756249	-11.099124	8.935055	139.486076	82.382331	-12.837179	10.129123
5.533333	-11.048832	-24.685252	85.859345	0.247498	0.943765	0.306883	40.528811	-11.207419	-0.854546	30.741806	0.536546	33.467765	3.165242	0.000000	35.451802	8.534122	-17.819274	22.273508	0.388746	28.230215	1.441262	0.000000	-1.399701	0.077950	-0.626868	-2.599385	0.103674	-0.666047	-2.299569	0.189528	-0.666047	-1.599718	0.189528	-0.548510	-1.299762	0.158956	-0.509330	-0.799789	0.120745	-0.470151	-9.997924	0.881788	-3.486453	0.000000	0.000000	-27.860917	-10.477922	7.846380	22.474237	-4.859607	22.829872	126.834332	89.035807	-13.340972	-2.124726	11.552451	-10.840296	8.079715	138.896390	82.011116	-12.204481	10.159922
5.550000	-12.126239	-24.349189	83.542375	0.254246	0.943107	0.305592	40.664393	-10.961062	0.058354	30.712910	0.536041	33.881333	4.778410	0.000000	35.343643	8.181258	-19.200252	22.535916	0.393326	28.470969	1.265564	0.000000	-1.384052	-0.170895	-0.915396	-2.570323	-0.227291	-0.972608	-2.273859	-0.415515	-0.972608	-1.581833	-0.415515	-0.800972	-1.285231	-0.348490	-0.743759	-0.790847	-0.264717	-0.686547	-9.886146	-1.933203	-5.091159	0.000000	0.000000	-27.733212	-10.027722	8.731681	23.240725	-4.975075	23.169851	126.245568	89.019090	-13.896816	-2.152345	12.569413	-10.801204	7.419732	138.061487	81.865002	-11.499815	9.831103
5.566667	-13.187552	-23.809214	81.170409	0.261576	0.942476	0.304746	40.674041	-10.671858	0.984568	30.751362	0.536713	34.230886	6.366226	0.000000	35.086414	7.720702	-20.910764	22.888361	0.399477	28.777318	1.408873	0.000000	-1.373544	-0.438256	-1.164571	-2.550808	-0.582881	-1.237356	-2.256595	-1.065576	-1.237356	-1.569823	-1.065576	-1.018999	-1.275473	-0.893692	-0.946214	-0.784843	-0.678859	-0.873428	-9.811086	-4.957643	-6.476992	0.000000	0.000000	-27.630703	-9.278350	9.343099	24.064451	-5.160532	23.221472	125.646556	88.906529	-14.171705	-1.992395	13.764332	-10.928548	6.996839	137.019648	81.913331	-10.877133	9.117431
5.583333	-14.180114	-23.125636	78.854302	0.269183	0.941856	0.304453	40.586747	-10.358800	1.871667	30.855197	0.538525	34.484629	7.843976	0.000000	34.735366	7.171598	-22.864785	23.351595	0.407562	29.112043	1.845429	0.000000	-1.365472	-0.712993	-1.401694	-2.535819	-0.948281	-1.489299	-2.243335	-1.733571	-1.489299	-1.560598	-1.733571	-1.226482	-1.267978	-1.453935	-1.138876	-0.780231	-1.104426	-1.051270	-9.753433	-8.065520	-7.795799	0.000000	0.000000	-27.557672	-8.405384	9.843045	25.064706	-5.412145	23.211564	124.952916	88.706466	-14.393222	-1.769906	14.950917	-11.183116	6.645125	135.928314	82.161690	-10.358450	8.111694
5.600000	-15.070785	-22.328320	76.621205	0.276777	0.941307	0.304674	40.419723	-10.017514	2.686914	31.004915	0.541138	34.632398	9.240818	0.000000	34.297261	6.566724	-24.919204	23.853658	0.416325	29.446415	2.405123	0.000000	-1.357733	-0.985922	-1.615032	-2.521446	-1.311277	-1.715972	-2.230620	-2.397172	-1.715972	-1.551753	-2.397172	-1.413153	-1.260791	-2.010493	-1.312214	-0.775809	-1.527194	-1.211274	-9.698152	-11.152951	-8.982325	0.000000	0.000000	-27.515184	-7.451599	10.173645	26.215623	-5.730587	23.138409	124.199931	88.381163	-14.501130	-1.526869	16.080358	-11.489648	6.397919	134.829594	82.591265	-9.988992	6.851781
5.616667	-15.831610	-21.498491	74.538439	0.284177	0.940834	0.305324	40.197800	-9.642675	3.421993	31.154283	0.543745	34.683582	10.502316	0.000000	33.814307	5.892491	-27.058693	24.377452	0.425467	29.786281	3.170760	0.000000	-1.348397	-1.248287	-1.799874	-2.504109	-1.660221	-1.912366	-2.215282	-3.035084	-1.912366	-1.541084	-3.035084	-1.574890	-1.252122	-2.545506	-1.462397	-0.770474	-1.933596	-1.349905	-9.631468	-14.120870	-10.010358	0.000000	0.000000	-27.503470	-6.431474	10.299351	27.464103	-6.090104	23.025976	123.464129	88.035719	-14.580589	-1.174188	17.133573	-11.825505	6.316521	133.774922	83.205292	-9.826920	5.489489
5.633333	-16.474344	-20.663573	72.584283	0.291343	0.940473	0.306319	39.951687	-9.228284	4.123631	31.317610	0.546595	34.668233	11.632978	0.000000	33.283614	5.172282	-29.227210	24.876579	0.434178	30.132439	4.050272	0.000000	-1.340139	-1.498329	-1.939956	-2.488772	-1.992777	-2.061204	-2.201714	-3.643037	-2.061204	-1.531645	-3.643037	-1.697462	-1.244453	-3.055392	-1.576215	-0.765755	-2.320911	-1.454967	-9.572479	-16.949395	-10.789455	0.000000	0.000000	-27.519129	-5.334268	10.177858	28.762794	-6.433028	22.883953	122.766941	87.668065	-14.650009	-0.774665	18.173321	-12.241683	6.495343	132.767677	83.988729	-9.896838	4.081130
5.650000	-17.002639	-19.857638	70.790875	0.298219	0.940277	0.307541	39.672870	-8.774110	4.796195	31.432101	0.548594	34.605331	12.628739	0.000000	32.721688	4.418443	-31.387090	25.324727	0.442000	30.488411	5.064891	0.000000	-1.334394	-1.731367	-2.032482	-2.478104	-2.302717	-2.159513	-2.192276	-4.209645	-2.159513	-1.525079	-4.209645	-1.778422	-1.239119	-3.530603	-1.651392	-0.762473	-2.681887	-1.524362	-9.531445	-19.585564	-11.304058	0.000000	0.000000	-27.562784	-4.195688	9.787214	30.053608	-6.700977	22.701034	122.132815	87.303289	-14.689169	-0.331742	19.266211	-12.796880	7.024613	131.811142	84.904219	-10.238503	2.658158
5.666667	-17.470793	-19.134106	69.167692	0.304794	0.940214	0.308887	39.416646	-8.315431	5.479708	31.500300	0.549784	34.525559	13.455978	0.000000	32.157143	3.687889	-33.532544	25.668207	0.447995	30.836871	6.235299	0.000000	-1.328553	-1.949267	-2.077796	-2.467255	-2.592525	-2.207659	-2.182679	-4.739448	-2.207659	-1.518403	-4.739448	-1.818072	-1.233694	-3.974946	-1.688210	-0.759135	-3.019415	-1.558347	-9.489720	-22.050499	-11.556080	0.000000	0.000000	-27.638273	-3.025014	9.142540	31.252434	-6.808495	22.432425	121.586470	86.966080	-14.618094	0.160421	20.478511	-13.580410	7.980793	130.917908	85.888764	-10.967039	1.209948
5.683333	-17.874532	-18.520538	67.752673	0.310988	0.940283	0.310236	39.189262	-7.855984	6.165969	31.508511	0.549927	34.446002	14.102184	0.000000	31.616561	2.997587	-35.574972	25.904878	0.452125	31.173003	7.506067	0.000000	-1.324108	-2.147433	-2.085022	-2.459001	-2.856085	-2.215335	-2.175377	-5.221267	-2.215335	-1.513323	-5.221267	-1.824394	-1.229567	-4.379044	-1.694080	-0.756595	-3.326373	-1.563766	-9.457971	-24.292186	-11.596264	0.000000	0.000000	-27.735631	-1.915337	8.330715	32.305725	-6.693747	22.055280	121.130177	86.667555	-14.375982	0.694170	21.768432	-14.564829	9.228654	130.127502	86.873923	-11.847101	-0.143745
5.700000	-18.204952	-18.038437	66.583729	0.316685	0.940483	0.311471	38.988629	-7.406621	6.818424	31.436399	0.548669	34.375748	14.581588	0.000000	31.125386	2.368045	-37.421400	26.031109	0.454329	31.481273	8.796430	0.000000	-1.321305	-2.321511	-2.065087	-2.453796	-3.087609	-2.194155	-2.170773	-5.644521	-2.194155	-1.510120	-5.644521	-1.806951	-1.226964	-4.734025	-1.677883	-0.754994	-3.596020	-1.548815	-9.437952	-26.261394	-11.485393	0.000000	0.000000	-27.836135	-0.955683	7.463984	33.163834	-6.336737	21.560880	120.775935	86.410489	-13.929145	1.270812	23.041272	-15.658339	10.598267	129.481659	87.809117	-12.693962	-1.287394
5.716667	-18.463658	-17.699814	65.681777	0.321776	0.940795	0.312486	38.812634	-6.983649	7.417772	31.275464	0.545860	34.316833	14.892959	0.000000	30.702570	1.815522	-39.029663	26.058177	0.454801	31.742190	10.057907	0.000000	-1.319382	-2.469711	-2.029933	-2.450223	-3.284716	-2.156804	-2.167612	-6.004855	-2.156804	-1.507921	-6.004855	-1.776192	-1.225178	-5.036235	-1.649321	-0.753895	-3.825582	-1.522450	-9.424210	-27.937864	-11.289880	0.000000	0.000000	-27.915120	-0.214455	6.654902	33.795436	-5.747523	20.979971	120.529993	86.207621	-13.302355	1.878046	24.175319	-16.751830	11.925799	129.041361	88.526245	-13.472760	-2.083337
5.733333	-18.599054	-17.520389	65.125073	0.326047	0.941211	0.313176	38.629655	-6.586627	7.878730	31.000838	0.541067	34.255013	15.024550	0.000000	30.381815	1.336503	-40.264720	26.025121	0.454224	31.944373	11.180930	0.000000	-1.319741	-2.583992	-1.996357	-2.450890	-3.436710	-2.121129	-2.168202	-6.282719	-2.121129	-1.508332	-6.282719	-1.746812	-1.225511	-5.269277	-1.622040	-0.754100	-4.002604	-1.497268	-9.426775	-29.230639	-11.103139	0.000000	0.000000	-27.961476	0.263795	5.960710	34.193053	-5.000924	20.364545	120.409464	86.055664	-12.533138	2.490071	25.039505	-17.684837	13.067991	128.840764	88.910400	-14.143372	-2.469857
5.750000	-18.625448	-17.524968	64.891784	0.329424	0.941644	0.313461	38.473161	-6.236096	8.144437	30.635970	0.534699	34.198577	15.072684	0.000000	30.200138	0.929957	-41.108214	25.953976	0.452982	32.084121	12.116123	0.000000	-1.319866	-2.663219	-1.977025	-2.451123	-3.542082	-2.100589	-2.168407	-6.475352	-2.100589	-1.508475	-6.475352	-1.729897	-1.225627	-5.430837	-1.606333	-0.754171	-4.125327	-1.482769	-9.427669	-30.126871	-10.995621	0.000000	0.000000	-27.971711	0.441721	5.536786	34.381634	-4.141819	19.884742	120.386528	85.945002	-11.815940	3.016919	25.466936	-18.371979	13.849558	128.962274	88.823341	-14.644060	-2.394783
5.766667	-18.525349	-17.736556	65.053201	0.331764	0.942039	0.313285	38.341076	-5.945737	8.188254	30.193928	0.526983	34.144868	14.949721	0.000000	30.177659	0.614331	-41.463577	25.848909	0.451149	32.159760	12.833744	0.000000	-1.321663	-2.704178	-1.977053	-2.454461	-3.596557	-2.100619	-2.171360	-6.574938	-2.100619	-1.510529	-6.574938	-1.729922	-1.227296	-5.514360	-1.606356	-0.755198	-4.188772	-1.482790	-9.440508	-30.590202	-10.995778	0.000000	0.000000	-27.949409	0.386123	5.271319	34.323290	-3.269764	19.558598	120.507340	85.867185	-11.154905	3.433107	25.412480	-18.719329	14.313313	129.397858	88.160722	-15.013226	-1.863905
5.783333	-18.389091	-18.155712	65.520294	0.333156	0.942285	0.312665	38.296639	-5.794451	7.968436	29.755044	0.519323	34.162152	14.859575	0.000000	30.332930	0.419699	-41.411901	25.730128	0.449075	32.182756	13.323308	0.000000	-1.325718	-2.715499	-1.995752	-2.461990	-3.611613	-2.120486	-2.178021	-6.602463	-2.120486	-1.515163	-6.602463	-1.746283	-1.231061	-5.537445	-1.621548	-0.757515	-4.206307	-1.496814	-9.469468	-30.718264	-11.099774	0.000000	0.000000	-27.884903	0.149915	5.278412	34.090413	-2.426312	19.602797	120.742052	85.822519	-10.938553	3.738268	24.822673	-18.759766	14.318028	130.153509	87.187671	-14.896656	-0.924793
5.800000	-18.227086	-18.768165	66.280583	0.333684	0.942329	0.311676	38.345673	-5.778241	7.569291	29.359360	0.512418	34.254648	14.684992	0.000000	30.660672	0.334131	-41.027436	25.623061	0.447207	32.195273	13.688655	0.000000	-1.335045	-2.700495	-2.018254	-2.479313	-3.591658	-2.144395	-2.193346	-6.565983	-2.144395	-1.525823	-6.565983	-1.765972	-1.239723	-5.506849	-1.639831	-0.762845	-4.183067	-1.513690	-9.536096	-30.548538	-11.224922	0.000000	0.000000	-27.787548	-0.162407	5.415359	33.679996	-1.672265	19.955315	121.103966	85.814373	-11.009165	3.986804	23.790627	-18.539064	13.969657	131.157619	86.062595	-14.317884	0.338645
5.816667	-17.928898	-19.549650	67.451699	0.333189	0.942149	0.310404	38.441449	-5.878548	6.893000	29.006900	0.506266	34.424167	14.399721	0.000000	31.182929	0.343019	-40.155028	25.584847	0.446540	32.210047	13.858656	0.000000	-1.351776	-2.646980	-2.044355	-2.510384	-3.520483	-2.172127	-2.220833	-6.435866	-2.172127	-1.544945	-6.435866	-1.788810	-1.255259	-5.397721	-1.661038	-0.772405	-4.100172	-1.533266	-9.655602	-29.943164	-11.370088	0.000000	0.000000	-27.672916	-0.539803	5.590058	33.149076	-1.101723	20.543809	121.606956	85.855562	-11.227608	4.322811	22.426935	-18.080932	13.341252	132.295968	85.049269	-13.233403	1.758375
5.833333	-17.426811	-20.417982	69.079510	0.331684	0.941748	0.308955	38.537072	-6.066244	5.888144	28.697437	0.500865	34.664399	14.023890	0.000000	31.873553	0.422668	-38.867659	25.649914	0.447675	32.264418	13.994914	0.000000	-1.373451	-2.550487	-2.061201	-2.550635	-3.392148	-2.190027	-2.256442	-6.201255	-2.190027	-1.569717	-6.201255	-1.803551	-1.275386	-5.200954	-1.674726	-0.784790	-3.950705	-1.545901	-9.810420	-28.851622	-11.463784	0.000000	0.000000	-27.560540	-0.952424	5.680384	32.505537	-0.749734	21.207507	122.239416	85.969286	-11.418439	4.767145	20.890732	-17.464676	12.565232	133.461988	84.218681	-11.728389	3.298113
5.850000	-16.639567	-21.303051	71.221783	0.329126	0.941156	0.307431	38.574705	-6.288770	4.508783	28.413042	0.495901	34.944754	13.512813	0.000000	32.708117	0.541475	-37.138414	25.853509	0.451229	32.370787	14.144794	0.000000	-1.398811	-2.403309	-2.062734	-2.597732	-3.196401	-2.191655	-2.298107	-5.843406	-2.191655	-1.598701	-5.843406	-1.804893	-1.298936	-4.900828	-1.675972	-0.799281	-3.722726	-1.547051	-9.991567	-27.186713	-11.472310	0.000000	0.000000	-27.451198	-1.401667	5.604180	31.793925	-0.662751	21.781816	122.988779	86.156427	-11.425626	5.377734	19.321638	-16.742270	11.800516	134.557120	83.586941	-10.024154	4.859227
5.866667	-15.518246	-22.127778	73.893166	0.325480	0.940431	0.305915	38.501865	-6.500744	2.708366	28.129827	0.490958	35.228001	12.881843	0.000000	33.653523	0.685747	-34.917433	26.203458	0.457337	32.524686	14.258443	0.000000	-1.425972	-2.200825	-2.043856	-2.648173	-2.927097	-2.171598	-2.342730	-5.351085	-2.171598	-1.629743	-5.351085	-1.788374	-1.324158	-4.487922	-1.660633	-0.814800	-3.409078	-1.532892	-10.185576	-24.896170	-11.367317	0.000000	0.000000	-27.350126	-1.917712	5.272813	31.079770	-0.900346	22.165166	123.813215	86.366143	-11.220201	6.071080	17.818666	-15.935302	11.214655	135.476245	83.149903	-8.426783	6.208532
5.883333	-14.114523	-22.853233	77.031004	0.320873	0.939604	0.304516	38.316241	-6.716034	0.530222	27.869354	0.486412	35.501745	12.126974	0.000000	34.662804	0.863033	-32.339957	26.692269	0.465868	32.716416	14.429139	0.000000	-1.451532	-1.952342	-2.001269	-2.695639	-2.596615	-2.126348	-2.384721	-4.746925	-2.126348	-1.658956	-4.746925	-1.751110	-1.347892	-3.981216	-1.626031	-0.829405	-3.024178	-1.500952	-10.368145	-22.085285	-11.130458	0.000000	0.000000	-27.271937	-2.472213	4.637614	30.416372	-1.447604	22.300916	124.651138	86.562995	-10.835998	6.713156	16.453105	-15.080905	10.887215	136.182760	82.888037	-7.106293	7.262587
5.900000	-12.439047	-23.456292	80.569886	0.315407	0.938741	0.303281	38.005016	-6.897022	-1.952666	27.622061	0.482096	35.727712	11.202328	0.000000	35.702876	1.050743	-29.414054	27.313752	0.476715	32.942783	14.582729	0.000000	-1.475771	-1.661424	-1.933468	-2.740654	-2.209694	-2.054309	-2.424544	-4.039586	-2.054309	-1.686659	-4.039586	-1.691784	-1.370401	-3.387975	-1.570942	-0.843256	-2.573545	-1.450101	-10.541284	-18.794358	-10.753367	0.000000	0.000000	-27.228125	-3.055013	3.690146	29.876268	-2.315973	22.245578	125.451590	86.730391	-10.470436	7.165927	15.249907	-14.171095	10.841957	136.630695	82.803532	-6.164907	7.852133
5.916667	-10.556485	-23.927075	84.393921	0.309288	0.937887	0.302239	37.578340	-7.038802	-4.659624	27.396948	0.478167	35.903026	10.152234	0.000000	36.734878	1.227681	-26.274876	28.054146	0.489637	33.199735	14.762767	0.000000	-1.497669	-1.337637	-1.838797	-2.781322	-1.779058	-1.953721	-2.460521	-3.252331	-1.953721	-1.711686	-3.252331	-1.608947	-1.390736	-2.727710	-1.494022	-0.855768	-2.072000	-1.379097	-10.697703	-15.131620	-10.226835	0.000000	0.000000	-27.224654	-3.662100	2.496818	29.480073	-3.421349	22.038432	126.189619	86.906958	-10.211257	7.439926	14.213658	-13.236242	11.033412	136.843259	82.894790	-5.624637	7.980058
5.933333	-8.534363	-24.249262	88.425253	0.302648	0.937116	0.301432	37.036191	-7.184445	-7.643125	27.209908	0.474902	36.080796	9.192248	0.000000	37.727240	1.416434	-22.989324	28.873370	0.503935	33.455946	14.948860	0.000000	-1.516156	-0.989352	-1.729442	-2.815653	-1.315839	-1.837532	-2.490892	-2.405511	-1.837532	-1.732814	-2.405511	-1.513262	-1.407902	-2.017487	-1.405172	-0.866331	-1.532507	-1.297082	-10.829749	-11.191751	-9.618638	0.000000	0.000000	-27.263140	-4.278031	1.233081	29.249177	-4.670061	21.765571	126.817867	87.087000	-10.072066	7.498598	13.326052	-12.306361	11.358367	136.871597	83.173568	-5.402185	7.698439
5.950000	-6.437089	-24.450618	92.516930	0.295868	0.936456	0.300852	36.420065	-7.260350	-10.574523	27.040031	0.471938	36.202081	8.033776	0.000000	38.658522	1.571459	-19.700293	29.761761	0.519441	33.702430	15.159982	0.000000	-1.531829	-0.628947	-1.585341	-2.844760	-0.836500	-1.684425	-2.516642	-1.529222	-1.684425	-1.750728	-1.529222	-1.387173	-1.422457	-1.282549	-1.288090	-0.875287	-0.974239	-1.189006	-10.941702	-7.114776	-8.817191	0.000000	0.000000	-27.342455	-4.752050	-0.159999	29.091704	-6.006257	21.414251	127.417991	87.350020	-10.221893	7.456326	12.704581	-11.421818	11.893777	136.683345	83.643653	-5.548720	6.997955
5.966667	-4.331429	-24.511069	96.548111	0.289189	0.935959	0.300520	35.761259	-7.267681	-13.357796	26.926405	0.469954	36.276389	6.719006	0.000000	39.488482	1.708003	-16.489831	30.670014	0.535293	33.914340	15.346767	0.000000	-1.543923	-0.268293	-1.402775	-2.867220	-0.356830	-1.490448	-2.536512	-0.652328	-1.490448	-1.764550	-0.652328	-1.227428	-1.433687	-0.547104	-1.139755	-0.882198	-0.415586	-1.052081	-11.028091	-3.034988	-7.801812	0.000000	0.000000	-27.457350	-5.014548	-1.640622	28.933012	-7.349965	20.995104	128.002060	87.609936	-10.593162	7.304790	12.408976	-10.625330	12.657275	136.290788	84.278134	-6.048257	5.902225
5.983333	-2.283482	-24.468726	100.447107	0.282826	0.935644	0.300395	35.095147	-7.211569	-15.880713	26.830746	0.468285	36.280247	5.198599	0.000000	40.220003	1.841174	-13.435243	31.543850	0.550544	34.055289	15.548819	0.000000	-1.547415	0.081662	-1.185951	-2.873704	0.108610	-1.260073	-2.542248	0.198553	-1.260073	-1.768541	0.198553	-1.037707	-1.436930	0.166525	-0.963585	-0.884193	0.126494	-0.889463	-11.053030	0.923775	-6.595902	0.000000	0.000000	-27.602928	-5.004106	-3.146401	28.636911	-8.626474	20.477258	128.617246	87.863878	-11.018204	7.128243	12.451583	-9.935526	13.678276	135.716625	85.055274	-6.898692	4.425589
6.000000	-0.298361	-24.287986	104.178800	0.276805	0.935533	0.300430	34.402070	-7.076286	-18.214239	26.758338	0.467021	36.232926	3.591625	0.000000	40.834358	1.947393	-10.552887	32.393483	0.565373	34.140421	15.771641	0.000000	-1.543460	0.420031	-0.951031	-2.866360	0.558641	-1.010471	-2.535751	1.021262	-1.010471	-1.764021	1.021262	-0.832152	-1.433257	0.856526	-0.772713	-0.881933	0.650627	-0.713273	-11.024781	4.751470	-5.289350	0.000000	0.000000	-27.764206	-4.821831	-4.612041	28.172274	-9.837480	19.942094	129.295954	88.098586	-11.500478	7.065243	12.736201	-9.312244	14.860923	135.064778	85.956812	-8.005518	2.851296
6.016667	1.539484	-24.017957	107.609277	0.271375	0.935601	0.300563	33.735373	-6.884783	-20.199160	26.720984	0.466369	36.119589	1.865855	0.000000	41.320808	2.048311	-7.912747	33.164638	0.578832	34.158932	15.938807	0.000000	-1.532189	0.728953	-0.700585	-2.845428	0.969508	-0.744372	-2.517233	1.772377	-0.744372	-1.751139	1.772377	-0.613012	-1.422791	1.486482	-0.569225	-0.875493	1.129149	-0.525439	-10.944273	8.246067	-3.896443	0.000000	0.000000	-27.914781	-4.436034	-5.922021	27.473058	-10.921065	19.416082	130.001643	88.322770	-11.897335	7.038520	13.196779	-8.754595	16.100692	134.361847	86.960917	-9.130084	1.224557
6.033333	3.159031	-23.674227	110.645093	0.266681	0.935842	0.300744	33.113995	-6.666398	-21.788925	26.711762	0.466208	35.945188	0.090161	0.000000	41.661191	2.163477	-5.589820	33.814607	0.590176	34.107179	16.039978	0.000000	-1.514349	0.995558	-0.445665	-2.812298	1.324092	-0.473519	-2.487925	2.420599	-0.473519	-1.730750	2.420599	-0.389957	-1.406225	2.030141	-0.362103	-0.865299	1.542119	-0.334249	-10.816847	11.261948	-2.478653	0.000000	0.000000	-28.033099	-3.877280	-6.997177	26.551039	-11.863800	18.991865	130.690047	88.534035	-12.197995	6.991781	13.757923	-8.270290	17.340880	133.626609	87.950442	-10.223513	-0.468825
6.050000	4.488568	-23.284487	113.199725	0.262874	0.936231	0.300912	32.567249	-6.457621	-22.930152	26.739431	0.466691	35.731316	-1.678225	0.000000	41.842645	2.307867	-3.670572	34.313435	0.598882	33.992492	16.092547	0.000000	-1.492005	1.207171	-0.199571	-2.770803	1.605538	-0.212044	-2.451215	2.935117	-0.212044	-1.705213	2.935117	-0.174625	-1.385476	2.461664	-0.162151	-0.852532	1.869909	-0.149678	-10.657244	13.655765	-1.109954	0.000000	0.000000	-28.109659	-3.177095	-7.737108	25.470139	-12.639509	18.790543	131.282155	88.728810	-12.431045	6.837736	14.351525	-7.891531	18.518488	132.883793	88.724418	-11.296259	-2.202489
6.066667	5.419643	-22.926335	115.146451	0.260144	0.936706	0.300955	32.166883	-6.311958	-23.509493	26.828766	0.468250	35.496101	-3.404262	0.000000	41.872978	2.510537	-2.258809	34.610508	0.604067	33.816642	16.076327	0.000000	-1.466580	1.347584	0.036745	-2.723585	1.792286	0.039041	-2.409444	3.276515	0.039041	-1.676154	3.276515	0.032152	-1.361866	2.747992	0.029855	-0.838004	2.087407	0.027559	-10.475631	15.244135	0.204364	0.000000	0.000000	-28.157453	-2.317877	-8.097451	24.273402	-13.203218	18.890665	131.712002	88.886196	-12.630537	6.500215	14.934396	-7.658613	19.574540	132.155695	89.166621	-12.239270	-3.905629
6.083333	5.900955	-22.634404	116.425492	0.258570	0.937228	0.300828	31.948670	-6.250456	-23.488465	26.996220	0.471173	35.257800	-5.056765	0.000000	41.756599	2.770650	-1.433987	34.687371	0.605409	33.593302	16.037877	0.000000	-1.441059	1.411398	0.254879	-2.676192	1.877159	0.270809	-2.367517	3.431672	0.270809	-1.646987	3.431672	0.223019	-1.338168	2.878122	0.207089	-0.823421	2.186255	0.191159	-10.293344	15.966011	1.417561	0.000000	0.000000	-28.195936	-1.323998	-8.006390	23.056692	-13.539144	19.355986	131.933837	88.994997	-12.761997	6.013781	15.447700	-7.599401	20.462027	131.493207	89.254587	-13.081124	-5.492326
6.100000	5.999620	-22.445483	117.103872	0.258025	0.937740	0.300482	31.899971	-6.245673	-22.965897	27.190176	0.474558	35.024451	-6.601704	0.000000	41.550309	3.055217	-1.095903	34.579629	0.603528	33.350517	15.944391	0.000000	-1.415674	1.408047	0.457689	-2.629048	1.872702	0.486295	-2.325810	3.423525	0.486295	-1.617974	3.423525	0.400478	-1.314595	2.871289	0.371872	-0.808916	2.181064	0.343267	-10.112016	15.928107	2.545529	0.000000	0.000000	-28.237562	-0.196914	-7.590181	21.804119	-13.698488	20.132439	131.977454	89.064051	-12.937658	5.340482	15.924674	-7.694955	21.265361	130.834218	89.060125	-13.759264	-7.006987
6.116667	5.730616	-22.396165	117.209206	0.258382	0.938194	0.299927	32.034290	-6.322621	-21.986514	27.441812	0.478950	34.818487	-8.018129	0.000000	41.277303	3.362817	-1.229793	34.297670	0.598607	33.100364	15.810231	0.000000	-1.394450	1.343289	0.631624	-2.589634	1.786574	0.671101	-2.290942	3.266072	0.671101	-1.593717	3.266072	0.552671	-1.294887	2.739234	0.513195	-0.796789	2.080754	0.473718	-9.960419	15.195549	3.512904	0.000000	0.000000	-28.287866	0.983871	-6.806436	20.618113	-13.681051	21.167533	131.831771	89.127909	-12.874700	4.722247	16.290148	-7.960432	21.906842	130.253220	88.751217	-14.224306	-8.291088
6.133333	5.326180	-22.485858	116.985187	0.259215	0.938578	0.299141	32.254590	-6.388256	-20.808963	27.636748	0.482352	34.610506	-9.302432	0.000000	41.016863	3.616482	-1.571867	33.935035	0.592278	32.884508	15.595698	0.000000	-1.375673	1.248339	0.765712	-2.554763	1.660290	0.813569	-2.260094	3.035211	0.813569	-1.572257	3.035211	0.669998	-1.277450	2.545612	0.622141	-0.786060	1.933677	0.574284	-9.826297	14.121457	4.258661	0.000000	0.000000	-28.354626	2.106615	-5.779765	19.467996	-13.598656	22.350342	131.563145	89.328581	-12.610043	4.157850	16.541680	-8.337862	22.504965	129.673123	88.533507	-14.542027	-9.470891
6.150000	4.830379	-22.717620	116.481418	0.260396	0.938871	0.298042	32.538507	-6.450797	-19.514069	27.782906	0.484903	34.413925	-10.413787	0.000000	40.777766	3.813120	-2.107712	33.504434	0.584763	32.721112	15.363365	0.000000	-1.358153	1.130484	0.859464	-2.522226	1.503544	0.913181	-2.231310	2.748659	0.913181	-1.552233	2.748659	0.752031	-1.261181	2.305283	0.698315	-0.776049	1.751120	0.644598	-9.701152	12.788261	4.780082	0.000000	0.000000	-28.426251	3.131091	-4.562790	18.345300	-13.447351	23.541783	131.186063	89.551950	-11.878167	3.829080	16.622625	-8.848091	23.026031	129.134615	88.477065	-14.545842	-10.345686
6.166667	4.391411	-23.046691	115.884115	0.261591	0.939102	0.296586	32.791017	-6.467017	-18.367748	27.795002	0.485114	34.202889	-11.273106	0.000000	40.578288	3.927760	-2.660793	33.039667	0.576651	32.621909	15.120689	0.000000	-1.337462	1.010618	0.897281	-2.483801	1.344122	0.953361	-2.197317	2.457217	0.953361	-1.528586	2.457217	0.785121	-1.241968	2.060853	0.729041	-0.764226	1.565448	0.672961	-9.553360	11.432317	4.990408	0.000000	0.000000	-28.495086	3.934968	-3.255051	17.240424	-13.298537	24.668505	130.756143	89.755807	-10.761888	3.853077	16.465951	-9.465954	23.554209	128.601755	88.517098	-14.393725	-11.018407
6.183333	3.915838	-23.440043	115.107059	0.262899	0.939268	0.294715	33.017781	-6.464613	-17.245997	27.718711	0.483783	33.975160	-11.959914	0.000000	40.371013	3.997260	-3.333552	32.522404	0.567623	32.589637	14.924465	0.000000	-1.313855	0.879864	0.888984	-2.439960	1.170219	0.944545	-2.158532	2.139301	0.944545	-1.501605	2.139301	0.777861	-1.220046	1.794218	0.722299	-0.750737	1.362909	0.666738	-9.384733	9.953195	4.944260	0.000000	0.000000	-28.503055	4.529239	-1.918369	16.151509	-13.102143	25.673121	130.249552	89.824115	-9.289534	4.184513	16.035402	-10.243977	24.072364	128.107938	88.642924	-14.080336	-11.459663
6.200000	3.347462	-23.874091	114.127234	0.264346	0.939355	0.292428	33.223381	-6.480257	-16.133283	27.588556	0.481511	33.744912	-12.470251	0.000000	40.137769	4.057298	-4.162941	31.955701	0.557732	32.610159	14.792501	0.000000	-1.285429	0.733477	0.836580	-2.387170	0.975525	0.888866	-2.111831	1.783376	0.888866	-1.469117	1.783376	0.732007	-1.193649	1.495707	0.679721	-0.734494	1.136156	0.627435	-9.181690	8.297240	4.652805	0.000000	0.000000	-28.421441	4.929542	-0.597465	15.097442	-12.835521	26.568117	129.642146	89.651869	-7.625631	4.694431	15.301621	-11.196564	24.558752	127.685150	88.830782	-13.638305	-11.678865
6.216667	2.646559	-24.331087	112.947848	0.265948	0.939384	0.289765	33.398406	-6.555237	-15.022359	27.424571	0.478649	33.535444	-12.802920	0.000000	39.848579	4.140821	-5.163567	31.327167	0.546762	32.657099	14.741184	0.000000	-1.252908	0.568211	0.740239	-2.326775	0.755721	0.786504	-2.058402	1.381549	0.786504	-1.431948	1.381549	0.647709	-1.163450	1.158697	0.601444	-0.715911	0.880159	0.555179	-8.949394	6.427721	4.116986	0.000000	0.000000	-28.240629	5.121646	0.680254	14.105444	-12.482743	27.367129	128.940623	89.211273	-5.910755	5.318883	14.257180	-12.303527	24.950654	127.382333	88.998160	-13.050942	-11.572919
6.233333	1.777451	-24.786057	111.551342	0.267771	0.939355	0.286738	33.560218	-6.698563	-13.834815	27.269581	0.475944	33.366400	-12.999290	0.000000	39.496363	4.263850	-6.355898	30.660922	0.535134	32.715714	14.763977	0.000000	-1.215786	0.381617	0.609004	-2.257836	0.507551	0.647067	-1.997415	0.927865	0.647067	-1.389522	0.927865	0.532878	-1.128979	0.778194	0.494816	-0.694700	0.591125	0.456753	-8.684237	4.316933	3.387096	0.000000	0.000000	-27.973939	5.137585	1.953276	13.199467	-12.035380	28.104113	128.171170	88.363170	-4.290615	6.061789	12.939899	-13.553766	25.207141	127.256431	89.042191	-12.391576	-11.036050
6.250000	0.771536	-25.203251	109.968532	0.269750	0.939326	0.283421	33.678047	-6.902999	-12.630530	27.124521	0.473412	33.258193	-12.981098	0.000000	39.054420	4.409623	-7.720513	29.953257	0.522783	32.775722	14.865982	0.000000	-1.175984	0.181246	0.453720	-2.183920	0.241058	0.482077	-1.932024	0.440683	0.482077	-1.344032	0.440683	0.397005	-1.092019	0.369598	0.368647	-0.671957	0.280751	0.340290	-8.399936	2.050296	2.523452	0.000000	0.000000	-27.655946	4.927656	3.273889	12.384466	-11.502880	28.736800	127.377136	87.142624	-2.752517	6.943394	11.410965	-14.878081	25.278112	127.320723	88.961299	-11.627831	-10.001338
6.266667	-0.357031	-25.550189	108.250403	0.271828	0.939334	0.279926	33.746340	-7.175059	-11.414385	27.012729	0.471461	33.235322	-12.766070	0.000000	38.525962	4.591287	-9.220092	29.236295	0.510270	32.819295	15.042719	0.000000	-1.133555	-0.028893	0.283102	-2.105125	-0.038428	0.300796	-1.862317	-0.070250	0.300796	-1.295540	-0.070250	0.247714	-1.052619	-0.058918	0.230020	-0.647713	-0.044755	0.212326	-8.096868	-0.326842	1.574527	0.000000	0.000000	-27.328243	4.553943	4.651285	11.676665	-10.932920	29.271881	126.608175	85.492976	-1.423978	7.975699	9.786398	-16.212252	25.164171	127.579720	88.682781	-10.836955	-8.345721
6.283333	-1.583162	-25.813717	106.399464	0.274030	0.939406	0.276325	33.793083	-7.446352	-9.974091	26.938542	0.470166	33.238827	-12.649442	0.000000	37.919798	4.797146	-10.812508	28.526412	0.497880	32.843226	15.239281	0.000000	-1.087478	-0.245746	0.127488	-2.019556	-0.326842	0.135456	-1.786618	-0.597506	0.135456	-1.242879	-0.597506	0.111552	-1.009832	-0.501125	0.103584	-0.621385	-0.380660	0.095616	-7.767748	-2.779924	0.709048	0.000000	0.000000	-27.024879	4.117554	5.936670	11.015692	-10.373745	29.627558	125.955115	83.474922	-0.357482	9.226157	8.249464	-17.485221	24.977192	127.945888	88.161735	-10.084357	-6.075160
6.300000	-2.825401	-25.962314	104.532278	0.276120	0.939589	0.272721	33.784693	-7.721844	-8.512974	26.906492	0.469607	33.297043	-12.475374	0.000000	37.243628	5.017563	-12.408729	27.839325	0.485888	32.857997	15.477832	0.000000	-1.036146	-0.456125	-0.015590	-1.924227	-0.606646	-0.016564	-1.702285	-1.109022	-0.016564	-1.184212	-1.109022	-0.013641	-0.962165	-0.930130	-0.012666	-0.592054	-0.706538	-0.011692	-7.401089	-5.159778	-0.086704	0.000000	0.000000	-26.765147	3.617809	7.143000	10.411938	-9.879610	29.825571	125.431319	81.163496	0.499546	10.672766	6.860511	-18.607795	24.742593	128.390559	87.427220	-9.354203	-3.181797
6.316667	-4.032128	-25.981366	102.704959	0.278016	0.939918	0.269161	33.705846	-7.975698	-7.064751	26.901620	0.469522	33.401901	-12.250931	0.000000	36.508793	5.237722	-13.947976	27.196396	0.474667	32.873519	15.748190	0.000000	-0.978959	-0.652958	-0.138796	-1.818025	-0.868434	-0.147470	-1.608332	-1.587602	-0.147470	-1.118853	-1.587602	-0.121446	-0.909062	-1.331512	-0.112771	-0.559377	-1.011432	-0.104097	-6.992609	-7.386389	-0.771939	0.000000	0.000000	-26.545165	3.087385	8.232287	9.858437	-9.480488	29.862788	125.045473	78.694211	1.230766	12.303074	5.684312	-19.545269	24.524228	128.868526	86.514178	-8.662401	0.219960
6.333333	-5.162226	-25.832106	100.958014	0.279625	0.940419	0.265710	33.529170	-8.197022	-5.714642	26.940748	0.470205	33.569964	-11.911587	0.000000	35.708188	5.435453	-15.412075	26.638405	0.464928	32.918156	16.050780	0.000000	-0.919637	-0.829648	-0.237202	-1.707857	-1.103432	-0.252027	-1.510871	-2.017206	-0.252027	-1.051053	-2.017206	-0.207552	-0.853974	-1.691818	-0.192727	-0.525480	-1.285125	-0.177902	-6.568872	-9.385145	-1.319247	0.000000	0.000000	-26.343827	2.540797	9.140445	9.401281	-9.218796	29.774427	124.794862	76.308356	1.825757	14.094667	4.748228	-20.274985	24.339424	129.386098	85.488551	-8.053660	4.126263
6.350000	-6.243423	-25.585340	99.288664	0.281034	0.941046	0.262389	33.317265	-8.414926	-4.363400	27.035477	0.471858	33.788548	-11.559461	0.000000	34.860874	5.644714	-16.814459	26.117450	0.455835	32.971857	16.366942	0.000000	-0.853718	-0.993380	-0.304355	-1.585440	-1.321195	-0.323378	-1.402573	-2.415303	-0.323378	-0.975714	-2.415303	-0.266311	-0.792762	-2.025700	-0.247289	-0.487814	-1.538745	-0.228267	-6.098022	-11.237310	-1.692734	0.000000	0.000000	-26.147910	2.103066	9.898446	9.017158	-9.060216	29.556063	124.634805	74.109937	2.389551	15.826652	4.066123	-20.843697	24.223165	129.843259	84.336460	-7.461462	7.970191
6.366667	-7.234553	-25.222314	97.756355	0.282152	0.941816	0.259267	33.047346	-8.622198	-3.098854	27.188341	0.474526	34.072651	-11.144825	0.000000	33.969683	5.851877	-18.096116	25.662442	0.447894	33.034614	16.666774	0.000000	-0.784204	-1.137783	-0.347023	-1.456345	-1.513252	-0.368712	-1.288369	-2.766406	-0.368712	-0.896267	-2.766406	-0.303645	-0.728212	-2.320168	-0.281956	-0.448094	-1.762426	-0.260268	-5.601491	-12.870832	-1.930040	0.000000	0.000000	-25.931033	1.748850	10.517653	8.789981	-9.034475	29.288395	124.533902	72.059974	2.805112	17.403445	3.613466	-21.231585	24.121765	130.227930	83.077211	-6.823673	11.571362
6.383333	-8.134578	-24.754902	96.349030	0.283008	0.942718	0.256361	32.730095	-8.812561	-1.887829	27.407081	0.478344	34.422032	-10.700514	0.000000	33.033114	6.052723	-19.256173	25.270233	0.441049	33.094638	16.918398	0.000000	-0.713130	-1.262827	-0.366493	-1.324355	-1.679560	-0.389399	-1.171602	-3.070439	-0.389399	-0.815037	-3.070439	-0.320681	-0.662213	-2.575158	-0.297775	-0.407483	-1.956120	-0.274870	-5.093820	-14.285356	-2.038323	0.000000	0.000000	-25.664172	1.461642	11.084681	8.787969	-9.116729	29.025165	124.447982	70.078538	3.016985	18.759227	3.369705	-21.447648	23.973773	130.546532	81.746140	-6.163572	14.795557
6.400000	-8.929316	-24.204703	95.067423	0.283563	0.943732	0.253716	32.381304	-8.969135	-0.717740	27.692669	0.483328	34.818217	-10.263497	0.000000	32.068247	6.233078	-20.283982	24.943406	0.435345	33.148392	17.062093	0.000000	-0.642351	-1.366609	-0.370736	-1.192910	-1.817589	-0.393908	-1.055318	-3.322772	-0.393908	-0.734143	-3.322772	-0.324394	-0.596487	-2.786788	-0.301223	-0.367039	-2.116877	-0.278052	-4.588249	-15.459349	-2.061925	0.000000	0.000000	-25.328365	1.226435	11.671719	9.082849	-9.262639	28.795822	124.336216	67.986644	2.985782	19.853135	3.311892	-21.491043	23.716009	130.817675	80.427680	-5.498315	17.527614
6.416667	-9.534748	-23.532155	93.965843	0.283681	0.944907	0.251365	31.937278	-9.040446	0.308784	27.996064	0.488624	35.229125	-9.803464	0.000000	31.066018	6.349474	-21.090305	24.702436	0.431139	33.204510	17.073692	0.000000	-0.577647	-1.436500	-0.374561	-1.072748	-1.910545	-0.397971	-0.949016	-3.492706	-0.397971	-0.660193	-3.492706	-0.327741	-0.536403	-2.929311	-0.304331	-0.330067	-2.225138	-0.280921	-4.126073	-16.249975	-2.083194	0.000000	0.000000	-24.893719	0.946498	12.361238	9.753113	-9.452257	28.623168	124.157496	65.764106	2.718757	20.695137	3.384549	-21.328783	23.292164	131.050843	79.145013	-4.907602	19.664246
6.433333	-9.883740	-22.750762	93.098111	0.283260	0.946219	0.249298	31.374484	-8.985513	1.113634	28.264730	0.493313	35.618282	-9.339496	0.000000	30.060353	6.368964	-21.596883	24.569424	0.428817	33.276560	16.925306	0.000000	-0.518389	-1.464767	-0.386508	-0.962700	-1.948140	-0.410664	-0.851662	-3.561434	-0.410664	-0.592467	-3.561434	-0.338194	-0.481376	-2.986953	-0.314037	-0.296208	-2.268924	-0.289881	-3.702802	-16.569737	-2.149639	0.000000	0.000000	-24.350205	0.614567	13.130700	10.769487	-9.660327	28.517889	123.901546	63.387562	2.097058	21.182519	3.544887	-20.942800	22.722307	131.227053	77.923946	-4.426667	21.097224
6.450000	-9.999264	-21.880008	92.431058	0.282309	0.947658	0.247496	30.700661	-8.824220	1.699322	28.515545	0.497690	35.954056	-8.878443	0.000000	29.037583	6.302972	-21.820114	24.509458	0.427771	33.360765	16.610193	0.000000	-0.468142	-1.453395	-0.423780	-0.869386	-1.933015	-0.450266	-0.769110	-3.533784	-0.450266	-0.535039	-3.533784	-0.370808	-0.434717	-2.963762	-0.344321	-0.267496	-2.251308	-0.317835	-3.343891	-16.441090	-2.356938	0.000000	0.000000	-23.686087	0.171305	14.082559	12.169534	-9.824319	28.529972	123.526299	60.999266	1.314211	21.454117	3.646256	-20.358210	21.911681	131.432400	76.846335	-4.066574	21.892507
6.466667	-9.834377	-20.932070	92.001024	0.280824	0.949196	0.245873	29.881729	-8.524958	2.006383	28.680442	0.500568	36.184124	-8.454300	0.000000	28.015409	6.129636	-21.711123	24.525858	0.428057	33.470967	16.134067	0.000000	-0.424620	-1.398877	-0.483972	-0.788561	-1.860507	-0.514220	-0.697608	-3.401230	-0.514220	-0.485298	-3.401230	-0.423476	-0.394302	-2.852591	-0.393227	-0.242628	-2.166861	-0.362979	-3.033016	-15.824379	-2.691708	0.000000	0.000000	-22.897210	-0.348203	15.110689	13.815529	-9.959551	28.652291	123.063385	58.820514	0.252054	21.416288	3.661604	-19.587122	20.966173	131.615119	76.000854	-3.830085	21.952158
6.483333	-9.520440	-19.953405	91.669815	0.279058	0.950772	0.244355	28.978759	-8.164429	2.137729	28.828157	0.503146	36.303856	-8.068229	0.000000	26.965845	5.890290	-21.446517	24.556818	0.428597	33.601422	15.575050	0.000000	-0.387706	-1.319980	-0.559012	-0.720009	-1.755573	-0.593950	-0.636963	-3.209399	-0.593950	-0.443110	-3.209399	-0.489135	-0.360024	-2.691703	-0.454197	-0.221535	-2.044649	-0.419259	-2.769347	-14.931876	-3.109055	0.000000	0.000000	-21.978483	-0.872324	16.163851	15.624477	-10.022368	28.864401	122.518356	56.891188	-0.838396	21.223456	3.535048	-18.716243	19.849873	131.822732	75.493618	-3.526345	21.430712
6.500000	-9.029516	-18.938210	91.488519	0.277018	0.952384	0.242903	27.952142	-7.735443	2.031056	28.904314	0.504475	36.276423	-7.749937	0.000000	25.889405	5.586218	-20.970818	24.599741	0.429346	33.751638	14.934240	0.000000	-0.356811	-1.215346	-0.651042	-0.662634	-1.616410	-0.691732	-0.586205	-2.954991	-0.691732	-0.407799	-2.954991	-0.569662	-0.331335	-2.478333	-0.528972	-0.203882	-1.882570	-0.488281	-2.548666	-13.748233	-3.620900	0.000000	0.000000	-20.933983	-1.397034	17.157955	17.476378	-10.074948	29.144005	121.982801	55.622719	-1.990239	20.950932	3.272614	-17.777469	18.690231	131.996433	75.362914	-3.314989	20.184437
6.516667	-8.516423	-17.911868	91.307957	0.275016	0.953978	0.241463	26.868408	-7.304847	1.865272	28.977438	0.505752	36.117868	-7.551675	0.000000	24.766011	5.269373	-20.452947	24.619873	0.429698	33.913277	14.273769	0.000000	-0.331740	-1.106687	-0.737952	-0.616075	-1.471894	-0.784074	-0.545016	-2.690799	-0.784074	-0.379146	-2.690799	-0.645708	-0.308054	-2.256756	-0.599586	-0.189556	-1.714258	-0.553464	-2.369587	-12.519064	-4.104266	0.000000	0.000000	-19.749448	-1.843786	17.987959	19.231043	-10.109585	29.419824	121.518422	55.137106	-3.096602	20.539631	2.944115	-16.857474	17.522167	132.133916	75.606199	-3.065280	18.355133
6.533333	-7.975140	-16.863870	91.146756	0.273108	0.955564	0.239992	25.702078	-6.869214	1.621709	29.013775	0.506386	35.833655	-7.457294	0.000000	23.590571	4.938321	-19.883254	24.619863	0.429698	34.080226	13.602426	0.000000	-0.312853	-0.995368	-0.818883	-0.581000	-1.323840	-0.870063	-0.513987	-2.420139	-0.870063	-0.357560	-2.420139	-0.716523	-0.290516	-2.029755	-0.665342	-0.178764	-1.541826	-0.614162	-2.234681	-11.259806	-4.554381	0.000000	0.000000	-18.470637	-2.224814	18.637489	20.817183	-10.198416	29.667577	121.217829	55.421144	-4.148128	20.008294	2.602874	-15.955469	16.404283	132.215821	76.140450	-2.846945	16.066472
6.550000	-7.406810	-15.801060	91.016326	0.271309	0.957156	0.238450	24.452075	-6.429117	1.292852	28.990300	0.505976	35.441301	-7.442121	0.000000	22.369522	4.594745	-19.258462	24.591248	0.429198	34.246479	12.938407	0.000000	-0.298561	-0.882549	-0.891570	-0.554458	-1.173790	-0.947293	-0.490506	-2.145829	-0.947293	-0.341226	-2.145829	-0.780124	-0.277244	-1.799694	-0.724401	-0.170598	-1.367068	-0.668678	-2.132593	-9.983570	-4.958646	0.000000	0.000000	-17.170594	-2.607159	19.091344	22.191206	-10.405865	29.848067	121.161375	56.439505	-5.161647	19.382604	2.324463	-15.057742	15.395115	132.203455	76.863354	-2.775707	13.430755
6.566667	-6.859552	-14.747537	90.886124	0.269714	0.958733	0.236784	23.164506	-6.010681	0.921237	28.931599	0.504952	34.972940	-7.478003	0.000000	21.122200	4.260369	-18.633690	24.527530	0.428086	34.410063	12.315724	0.000000	-0.284899	-0.775586	-0.949307	-0.529086	-1.031529	-1.008638	-0.468060	-1.885759	-1.008638	-0.325611	-1.885759	-0.830643	-0.264557	-1.581574	-0.771312	-0.162791	-1.201382	-0.711980	-2.035004	-8.773578	-5.279758	0.000000	0.000000	-15.943420	-2.976366	19.366518	23.322465	-10.745479	29.929495	121.382132	58.024393	-6.159514	18.669896	2.206213	-14.170108	14.540045	132.076823	77.712345	-2.916661	10.645125
6.583333	-6.309226	-13.701077	90.765307	0.268310	0.960358	0.234982	21.823799	-5.588976	0.497314	28.798037	0.502621	34.432114	-7.533666	0.000000	19.842880	3.916636	-18.003004	24.408012	0.426000	34.580266	11.746803	0.000000	-0.272743	-0.671649	-0.988348	-0.506510	-0.893293	-1.050120	-0.448089	-1.633047	-1.050120	-0.311717	-1.633047	-0.864805	-0.253269	-1.369626	-0.803033	-0.155845	-1.040384	-0.741261	-1.948173	-7.597827	-5.496896	0.000000	0.000000	-14.870895	-3.377266	19.494599	24.237367	-11.249615	29.896895	121.879701	60.139586	-7.139432	17.907427	2.309826	-13.256730	13.882702	131.790909	78.680756	-3.307233	7.807983
6.600000	-5.795477	-12.674192	90.638539	0.267149	0.962047	0.233072	20.463514	-5.190632	0.067683	28.610086	0.499340	33.847709	-7.599312	0.000000	18.550833	3.584709	-17.421802	24.244631	0.423149	34.748236	11.276124	0.000000	-0.261696	-0.576905	-1.007510	-0.485996	-0.767283	-1.070479	-0.429941	-1.402686	-1.070479	-0.299093	-1.402686	-0.881571	-0.243011	-1.176424	-0.818602	-0.149533	-0.893625	-0.755632	-1.869271	-6.526060	-5.603468	0.000000	0.000000	-14.000651	-3.734974	19.487862	24.985001	-11.899018	29.768270	122.618658	62.635039	-8.085858	17.194322	2.691128	-12.315285	13.449032	131.365726	79.685002	-3.948788	5.188751
6.616667	-5.311981	-11.675152	90.512103	0.266212	0.963826	0.231085	19.092728	-4.810455	-0.373243	28.354939	0.494887	33.233172	-7.643148	0.000000	17.254267	3.259191	-16.908558	24.028181	0.419371	34.914883	10.922010	0.000000	-0.251479	-0.490784	-1.001748	-0.467022	-0.652743	-1.064358	-0.413155	-1.193293	-1.064358	-0.287416	-1.193293	-0.876530	-0.233524	-1.000808	-0.813920	-0.143695	-0.760225	-0.751311	-1.796291	-5.551852	-5.571423	0.000000	0.000000	-13.363112	-4.023862	19.330313	25.603084	-12.682393	29.549918	123.550893	65.463467	-8.962461	16.598423	3.376545	-11.332402	13.281306	130.801566	80.738423	-4.742400	2.932091
6.633333	-4.861811	-10.711700	90.397395	0.265479	0.965701	0.229083	17.732474	-4.451926	-0.821614	28.044436	0.489468	32.602237	-7.651355	0.000000	15.968605	2.945153	-16.461342	23.763542	0.414752	35.068496	10.673599	0.000000	-0.241805	-0.414043	-0.969284	-0.449055	-0.550677	-1.029864	-0.397261	-1.006703	-1.029864	-0.276358	-1.006703	-0.848123	-0.224540	-0.844316	-0.787543	-0.138167	-0.641352	-0.726963	-1.727186	-4.683734	-5.390865	0.000000	0.000000	-12.974209	-4.186876	19.005152	26.134213	-13.573938	29.259063	124.611635	68.587005	-9.735321	16.127140	4.383407	-10.296652	13.408883	130.109860	81.841343	-5.627705	1.121789
6.650000	-4.457844	-9.785631	90.304734	0.264940	0.967660	0.227158	16.397144	-4.127792	-1.280101	27.684715	0.483189	31.986018	-7.595745	0.000000	14.712931	2.650951	-16.085871	23.476035	0.409734	35.195546	10.515102	0.000000	-0.233455	-0.348703	-0.908718	-0.433549	-0.463775	-0.965513	-0.383543	-0.847837	-0.965513	-0.266816	-0.847837	-0.795129	-0.216786	-0.711075	-0.738334	-0.133396	-0.540141	-0.681539	-1.667546	-3.944598	-5.054020	0.000000	0.000000	-12.837656	-4.174730	18.497083	26.595864	-14.531208	28.869074	125.747928	71.992381	-10.340055	15.786393	5.730939	-9.200701	13.834551	129.304168	82.921703	-6.551871	-0.176698
6.666667	-4.110505	-8.896112	90.242982	0.264546	0.969661	0.225422	15.113888	-3.850587	-1.739034	27.312025	0.476685	31.413253	-7.470660	0.000000	13.505751	2.385353	-15.791073	23.192632	0.404788	35.290078	10.433679	0.000000	-0.227402	-0.295630	-0.823912	-0.422308	-0.393188	-0.875407	-0.373598	-0.718795	-0.875407	-0.259897	-0.718795	-0.720923	-0.211165	-0.602849	-0.669429	-0.129937	-0.457931	-0.617934	-1.624308	-3.344228	-4.582352	0.000000	0.000000	-12.936373	-3.951257	17.844543	27.037221	-15.532863	28.390057	126.915155	75.608689	-10.743182	15.541135	7.413438	-8.039229	14.525115	128.401901	83.903462	-7.477400	-0.979484
6.683333	-3.804255	-8.048791	90.260345	0.264198	0.971630	0.223998	13.901959	-3.622581	-2.230173	26.950529	0.470375	30.914352	-7.286222	0.000000	12.381469	2.142780	-15.548934	22.954963	0.400640	35.350480	10.427443	0.000000	-0.224016	-0.251937	-0.731411	-0.416021	-0.335076	-0.777124	-0.368036	-0.612560	-0.777124	-0.256028	-0.612560	-0.639984	-0.208022	-0.513750	-0.594271	-0.128003	-0.390250	-0.548558	-1.600126	-2.849961	-4.067887	0.000000	0.000000	-13.221916	-3.530941	17.149764	27.543187	-16.579619	27.896831	128.067646	79.160257	-11.013484	15.311992	9.399692	-6.819666	15.410314	127.413435	84.702119	-8.277137	-1.382642
6.700000	-3.550351	-7.251861	90.355402	0.263840	0.973506	0.222912	12.782807	-3.456305	-2.749866	26.622646	0.464653	30.510453	-7.034132	0.000000	11.362208	1.946576	-15.306417	22.779543	0.397578	35.354920	10.391380	0.000000	-0.221604	-0.218781	-0.631338	-0.411540	-0.290978	-0.670796	-0.364073	-0.531944	-0.670796	-0.253271	-0.531944	-0.552420	-0.205781	-0.446138	-0.512962	-0.126624	-0.338891	-0.473503	-1.582894	-2.474892	-3.511311	0.000000	0.000000	-13.638902	-2.941169	16.387443	28.106373	-17.713393	27.343038	129.211699	82.353925	-11.138357	15.028295	11.700441	-5.547908	16.534902	126.326506	85.325759	-9.087823	-1.497933
6.716667	-3.347853	-6.515632	90.518873	0.263425	0.975233	0.222147	11.767756	-3.349840	-3.289073	26.331422	0.459570	30.210460	-6.726790	0.000000	10.467667	1.802337	-15.042850	22.681522	0.395867	35.297947	10.276566	0.000000	-0.218150	-0.194908	-0.527603	-0.405127	-0.259227	-0.560578	-0.358399	-0.473899	-0.560578	-0.249324	-0.473899	-0.461653	-0.202574	-0.397456	-0.428678	-0.124651	-0.301912	-0.395702	-1.558227	-2.204836	-2.934371	0.000000	0.000000	-14.116979	-2.230782	15.597612	28.741239	-18.971083	26.714271	130.339692	84.938086	-11.166961	14.652725	14.287265	-4.232509	17.881392	125.132914	85.808256	-9.885376	-1.483655
6.733333	-3.186786	-5.830330	90.760610	0.262867	0.976771	0.221777	10.862937	-3.302857	-3.859509	26.112868	0.455756	30.020108	-6.382249	0.000000	9.702137	1.707743	-14.741560	22.677785	0.395802	35.203982	10.070574	0.000000	-0.217250	-0.177087	-0.435132	-0.403456	-0.235525	-0.462328	-0.356921	-0.430568	-0.462328	-0.248295	-0.430568	-0.380741	-0.201739	-0.361115	-0.353545	-0.124137	-0.274307	-0.326349	-1.551798	-2.003238	-2.420075	0.000000	0.000000	-14.555432	-1.423763	14.902211	29.554957	-20.353820	26.064591	131.392941	86.738723	-11.152696	14.127222	17.132530	-2.900778	19.393671	123.888772	86.187473	-10.652865	-1.324588
6.750000	-3.075516	-5.181231	91.042166	0.262193	0.978128	0.221753	10.047376	-3.311726	-4.429401	25.958670	0.453064	29.918466	-6.019234	0.000000	9.041170	1.663922	-14.419947	22.757083	0.397186	35.082012	9.790232	0.000000	-0.220666	-0.165697	-0.347526	-0.409800	-0.220376	-0.369246	-0.362533	-0.402875	-0.369246	-0.252200	-0.402875	-0.304085	-0.204911	-0.337888	-0.282365	-0.126089	-0.256664	-0.260645	-1.576198	-1.874392	-1.932836	0.000000	0.000000	-14.851046	-0.555741	14.257375	30.510447	-21.882080	25.338469	132.366828	87.792072	-11.144411	13.471246	20.189957	-1.541709	21.029009	122.578515	86.438614	-11.210447	-1.137196
6.766667	-3.010413	-4.594802	91.353421	0.261390	0.979273	0.222011	9.340619	-3.372736	-4.983081	25.865285	0.451434	29.869221	-5.688761	0.000000	8.498522	1.677414	-14.073299	22.895644	0.399604	34.942881	9.423486	0.000000	-0.221812	-0.160474	-0.264592	-0.411926	-0.213430	-0.281129	-0.364414	-0.390176	-0.281129	-0.253508	-0.390176	-0.231518	-0.205974	-0.327238	-0.214981	-0.126743	-0.248574	-0.198444	-1.584377	-1.815313	-1.471584	0.000000	0.000000	-14.955184	0.352200	13.616895	31.537581	-23.576125	24.469884	133.275600	88.117806	-11.176764	12.751327	23.382592	-0.147236	22.743718	121.194756	86.600206	-11.445679	-1.076106
6.783333	-3.005205	-4.048158	91.671946	0.260512	0.980227	0.222518	8.720565	-3.491764	-5.506240	25.844848	0.451078	29.843491	-5.429716	0.000000	8.032185	1.756484	-13.716495	23.064874	0.402558	34.793608	8.996947	0.000000	-0.223436	-0.163057	-0.184476	-0.414943	-0.216866	-0.196006	-0.367083	-0.396457	-0.196006	-0.255365	-0.396457	-0.161417	-0.207483	-0.332506	-0.149887	-0.127671	-0.252576	-0.138357	-1.595981	-1.844537	-1.026001	0.000000	0.000000	-14.794576	1.266510	12.932936	32.611790	-25.400568	23.395999	134.121370	88.022123	-11.193496	12.026761	26.661355	1.267833	24.461485	119.763522	86.749017	-11.182713	-1.140689
6.800000	-3.058101	-3.541136	91.977056	0.259573	0.980996	0.223185	8.181339	-3.663701	-5.980130	25.895277	0.451958	29.813106	-5.277633	0.000000	7.623488	1.899227	-13.365714	23.240164	0.405617	34.640259	8.529755	0.000000	-0.222564	-0.172839	-0.104769	-0.413324	-0.229876	-0.111317	-0.365650	-0.420241	-0.111317	-0.254368	-0.420241	-0.091673	-0.206673	-0.352453	-0.085125	-0.127173	-0.267728	-0.078577	-1.589752	-1.955190	-0.582694	0.000000	0.000000	-14.358306	2.137293	12.165387	33.706952	-27.344576	22.088540	134.929661	87.687952	-11.182277	11.364791	29.997086	2.665193	26.189055	118.300646	86.942006	-10.601250	-1.457232
6.816667	-3.158992	-3.067918	92.257238	0.258569	0.981603	0.223925	7.706842	-3.879925	-6.403555	26.005314	0.453878	29.765001	-5.233635	0.000000	7.251693	2.097852	-13.022326	23.403435	0.408467	34.495236	8.035470	0.000000	-0.217645	-0.188201	-0.024213	-0.404189	-0.250308	-0.025727	-0.357569	-0.457592	-0.025727	-0.248747	-0.457592	-0.021187	-0.202105	-0.383780	-0.019673	-0.124362	-0.291524	-0.018160	-1.554617	-2.128969	-0.134667	0.000000	0.000000	-13.647425	2.914321	11.272442	34.810276	-29.407047	20.541395	135.743927	87.299412	-11.154049	10.772830	33.390311	4.004442	27.948166	116.827819	87.223714	-9.906090	-2.068204
6.833333	-3.297866	-2.626910	92.480953	0.257527	0.982083	0.224617	7.280199	-4.131726	-6.763680	26.148044	0.456369	29.697983	-5.268158	0.000000	6.895823	2.345282	-12.702047	23.531526	0.410703	34.356282	7.514310	0.000000	-0.206486	-0.206802	0.059987	-0.383466	-0.275047	0.063736	-0.339236	-0.502819	0.063736	-0.235993	-0.502819	0.052489	-0.191743	-0.421711	0.048739	-0.117986	-0.320337	0.044990	-1.474911	-2.339390	0.333629	0.000000	0.000000	-12.684211	3.510540	10.253534	35.925504	-31.583343	18.771154	136.619089	87.025751	-11.124679	10.279976	36.840432	5.248886	29.757931	115.406539	87.518931	-9.341100	-2.900171
6.850000	-3.453211	-2.223920	92.643495	0.256429	0.982469	0.225165	6.892433	-4.401340	-7.069212	26.300930	0.459038	29.613205	-5.350628	0.000000	6.552801	2.620397	-12.411217	23.619110	0.412231	34.228948	6.984360	0.000000	-0.187265	-0.224253	0.147481	-0.347769	-0.298256	0.156698	-0.307657	-0.545248	0.156698	-0.214025	-0.545248	0.129046	-0.173894	-0.457296	0.119828	-0.107003	-0.347367	0.110611	-1.337613	-2.536791	0.820244	0.000000	0.000000	-11.480127	3.830676	9.153069	37.105730	-33.887188	16.872316	137.602656	86.753402	-11.179594	9.821326	40.371314	6.388318	31.636918	114.084936	87.756543	-9.119963	-3.900581
6.866667	-3.604789	-1.851494	92.733118	0.255286	0.982829	0.225466	6.516456	-4.664964	-7.313204	26.430367	0.461297	29.513824	-5.451064	0.000000	6.203795	2.899976	-12.164557	23.658048	0.412911	34.113073	6.463785	0.000000	-0.160898	-0.235766	0.234007	-0.298803	-0.313569	0.248632	-0.264339	-0.573241	0.248632	-0.183890	-0.573241	0.204756	-0.149410	-0.480774	0.190131	-0.091937	-0.365201	0.175505	-1.149277	-2.667031	1.301477	0.000000	0.000000	-10.076777	3.817189	8.134900	38.450200	-36.285020	14.983468	138.700977	86.374170	-11.361400	9.406005	43.982548	7.417690	33.534481	112.929705	87.904099	-9.321802	-4.982499
6.883333	-3.745302	-1.506982	92.743290	0.254105	0.983237	0.225470	6.144818	-4.916749	-7.492317	26.524297	0.462936	29.404648	-5.546257	0.000000	5.830990	3.179079	-11.973320	23.623106	0.412301	34.001827	5.971738	0.000000	-0.128655	-0.238400	0.322369	-0.238924	-0.317072	0.342517	-0.211367	-0.579646	0.342517	-0.147039	-0.579646	0.282073	-0.119469	-0.486145	0.261925	-0.073513	-0.369281	0.241777	-0.918967	-2.696827	1.792918	0.000000	0.000000	-8.527312	3.410042	7.262815	40.041834	-38.752662	13.249403	139.919630	86.074405	-11.808606	9.041826	47.690866	8.331043	35.446593	111.959477	87.978815	-10.082191	-6.168070
6.900000	-3.869775	-1.196236	92.693337	0.252897	0.983771	0.225128	5.766642	-5.152601	-7.645760	26.557302	0.463512	29.290029	-5.578406	0.000000	5.438235	3.446803	-11.834201	23.514565	0.410407	33.888634	5.545804	0.000000	-0.089762	-0.230588	0.407054	-0.166697	-0.306682	0.432494	-0.147470	-0.560651	0.432494	-0.102589	-0.560651	0.356172	-0.083353	-0.470215	0.330731	-0.051290	-0.357181	0.305290	-0.641161	-2.608456	2.263910	0.000000	0.000000	-6.925478	2.632701	6.670634	41.954087	-41.205430	11.747930	141.222945	85.589411	-12.404676	8.914913	51.431114	9.122288	37.257129	111.214285	88.028031	-11.132790	-7.327078
6.916667	-3.972059	-0.902547	92.590451	0.251698	0.984512	0.224428	5.354682	-5.361303	-7.782349	26.508848	0.462667	29.159834	-5.542315	0.000000	5.005852	3.689262	-11.763594	23.331999	0.407220	33.772848	5.218939	0.000000	-0.047522	-0.211516	0.487348	-0.088252	-0.281316	0.517808	-0.078073	-0.514279	0.517808	-0.054312	-0.514279	0.426430	-0.044129	-0.431322	0.395971	-0.027154	-0.327638	0.365511	-0.339442	-2.392706	2.710486	0.000000	0.000000	-5.355840	1.535000	6.428461	44.251879	-43.539478	10.508552	142.544817	84.718270	-12.973124	9.219159	55.135322	9.778471	38.878035	110.699169	88.077527	-12.216204	-8.420144
6.933333	-4.051151	-0.615988	92.436040	0.250529	0.985502	0.223386	4.897716	-5.543767	-7.913067	26.374233	0.460317	29.005209	-5.403984	0.000000	4.525280	3.899962	-11.775537	23.081147	0.402842	33.648277	5.018065	0.000000	-0.003713	-0.181655	0.563921	-0.006896	-0.241602	0.599166	-0.006101	-0.441677	0.599166	-0.004244	-0.441677	0.493431	-0.003448	-0.370432	0.458186	-0.002122	-0.281384	0.422941	-0.026524	-2.054923	3.136358	0.000000	0.000000	-3.882080	0.175888	6.541932	46.968169	-45.636713	9.535863	143.806346	83.327891	-13.362815	10.076038	58.743601	10.283109	40.263333	110.401159	88.072229	-13.121241	-9.402574
6.950000	-4.101201	-0.324538	92.242695	0.249396	0.986750	0.222011	4.377785	-5.697679	-8.069960	26.144602	0.456309	28.832674	-5.133970	0.000000	3.989864	4.070748	-11.870066	22.775739	0.397512	33.508276	4.929846	0.000000	0.040234	-0.141380	0.637637	0.074718	-0.188035	0.677489	0.066100	-0.343751	0.677489	0.045983	-0.343751	0.557932	0.037361	-0.288302	0.518080	0.022990	-0.218997	0.478228	0.287386	-1.599316	3.546344	0.000000	0.000000	-2.566279	-1.392742	6.970284	50.092598	-47.393416	8.814525	144.942553	81.342099	-13.515081	11.476923	62.207724	10.622854	41.422616	110.325525	87.972232	-13.827615	-10.169511
6.966667	-4.119864	-0.031653	92.007686	0.248314	0.988240	0.220332	3.808454	-5.828197	-8.261566	25.830416	0.450826	28.644610	-4.697574	0.000000	3.412911	4.202265	-12.036622	22.432512	0.391521	33.331226	4.919042	0.000000	0.085981	-0.092150	0.710058	0.159676	-0.122560	0.754437	0.141259	-0.224054	0.754437	0.098268	-0.224054	0.621301	0.079842	-0.187913	0.576922	0.049130	-0.142741	0.532544	0.614156	-1.042424	3.949131	0.000000	0.000000	-1.472572	-3.133898	7.626464	53.548022	-48.734043	8.314175	145.897803	78.914952	-13.418181	13.193272	65.477686	10.822053	42.374387	110.492748	87.642469	-14.493659	-10.489173
6.983333	-4.098310	0.326488	91.745198	0.247255	0.989977	0.218473	3.131748	-5.918074	-8.445535	25.434554	0.443917	28.447977	-4.165516	0.000000	2.751902	4.282905	-12.263998	22.091950	0.385577	33.127470	4.962029	0.000000	0.122003	-0.034040	0.784098	0.226571	-0.045274	0.833104	0.200438	-0.082766	0.833104	0.139437	-0.082766	0.686086	0.113292	-0.069415	0.637080	0.069712	-0.052729	0.588073	0.871454	-0.385072	4.360917	0.000000	0.000000	-0.597158	-4.927211	8.445189	57.354190	-49.643896	7.981134	146.679555	75.882296	-13.044981	15.431140	68.510086	10.923143	43.069446	110.791897	86.859627	-14.723688	-10.590748
7.000000	-4.042314	0.744889	91.475797	0.246203	0.991897	0.216479	2.366513	-5.980175	-8.656121	24.986476	0.436096	28.260967	-3.503475	0.000000	2.029678	4.316989	-12.533847	21.781189	0.380153	32.894880	5.043766	0.000000	0.150450	0.030192	0.855302	0.279402	0.040156	0.908758	0.247175	0.073409	0.908758	0.171950	0.073409	0.748389	0.139708	0.061568	0.694933	0.085967	0.046768	0.641476	1.074653	0.341541	4.756933	0.000000	0.000000	0.041932	-6.721160	9.356239	61.389785	-50.172599	7.838277	147.270978	72.472565	-12.406613	17.731259	71.300277	10.985797	43.610686	111.277224	85.847760	-15.336385	-10.086356
7.016667	-3.958211	1.235318	91.232897	0.245131	0.993930	0.214426	1.510742	-6.020089	-8.917192	24.510855	0.427795	28.105635	-2.725603	0.000000	1.257851	4.308036	-12.806826	21.535319	0.375862	32.649932	5.143713	0.000000	0.169781	0.097573	0.922857	0.315300	0.129772	0.980536	0.278933	0.237238	0.980536	0.194042	0.237238	0.807500	0.157658	0.198970	0.749821	0.097013	0.151140	0.692143	1.212726	1.103763	5.132655	0.000000	0.000000	0.463998	-8.434332	10.243704	65.543726	-50.421632	7.863416	147.688496	68.771594	-11.434788	19.843322	73.865003	11.065748	44.041529	111.891250	84.760960	-16.465501	-8.863029
7.033333	-3.871160	1.785495	91.041505	0.244017	0.996002	0.212287	0.570147	-6.062969	-9.250957	24.012038	0.419089	27.997803	-1.826919	0.000000	0.452286	4.290993	-13.014869	21.353770	0.372694	32.394880	5.204322	0.000000	0.183697	0.162842	0.992895	0.341144	0.216580	1.054951	0.301796	0.395935	1.054951	0.209948	0.395935	0.868784	0.170581	0.332068	0.806728	0.104965	0.252243	0.744672	1.312132	1.842106	5.522187	0.000000	0.000000	0.683091	-9.990958	10.974960	69.627765	-50.531332	7.968610	147.991628	65.563718	-10.381889	21.439702	76.218936	11.201870	44.436405	112.520276	83.713587	-18.047222	-7.069480
7.050000	-3.798354	2.399390	90.930082	0.242883	0.998041	0.210099	-0.453779	-6.112536	-9.655033	23.512454	0.410370	27.948771	-0.866397	0.000000	-0.375394	4.265778	-13.168247	21.261976	0.371091	32.169603	5.288908	0.000000	0.191033	0.221786	1.062593	0.354768	0.294976	1.129005	0.313849	0.539252	1.129005	0.218332	0.539252	0.929769	0.177394	0.452267	0.863357	0.109156	0.343547	0.796944	1.364532	2.508893	5.909821	0.000000	0.000000	0.739589	-11.303405	11.496286	73.527802	-50.574596	8.033905	148.172512	63.025117	-9.016999	22.321810	78.416510	11.416502	44.815607	113.111465	82.737638	-19.952433	-4.674090
7.066667	-3.760250	3.078148	90.920934	0.241742	0.999972	0.207896	-1.549778	-6.184967	-10.136018	23.048215	0.402267	27.971687	0.118190	0.000000	-1.221859	4.246685	-13.259179	21.261380	0.371081	32.011936	5.438313	0.000000	0.189361	0.270299	1.130179	0.351663	0.359498	1.200816	0.311102	0.657205	1.200816	0.216421	0.657205	0.988907	0.175841	0.551194	0.918271	0.108201	0.418693	0.847635	1.352590	3.057676	6.285719	0.000000	0.000000	0.709281	-12.281077	11.791063	77.203790	-50.624547	8.061608	148.215481	61.444247	-7.529210	22.171021	80.509380	11.711216	45.189111	113.615960	81.837974	-21.945907	-1.748366
7.083333	-3.786905	3.780745	91.031158	0.240651	1.001719	0.205609	-2.692284	-6.297114	-10.690856	22.608861	0.394599	28.057871	1.076725	0.000000	-2.057349	4.258934	-13.281592	21.332738	0.372327	31.935416	5.680760	0.000000	0.183728	0.300425	1.203450	0.341200	0.399565	1.278666	0.301846	0.730453	1.278666	0.209982	0.730453	1.053019	0.170609	0.612626	0.977803	0.104982	0.465358	0.902588	1.312348	3.398465	6.693228	0.000000	0.000000	0.649304	-12.851056	11.655229	80.468819	-50.732509	7.849920	148.198211	60.809144	-5.873157	20.983970	82.560118	12.118118	45.639180	113.937442	80.973469	-23.947067	1.444335
7.100000	-3.889867	4.467010	91.268133	0.239623	1.003210	0.203203	-3.841265	-6.456574	-11.324362	22.204517	0.387542	28.202170	1.981287	0.000000	-2.853712	4.316455	-13.227575	21.451057	0.374392	31.955592	6.028996	0.000000	0.177883	0.308067	1.285010	0.330347	0.409729	1.365323	0.292244	0.749035	1.365323	0.203303	0.749035	1.124384	0.165182	0.628211	1.044070	0.101642	0.477196	0.963757	1.270601	3.484918	7.146839	0.000000	0.000000	0.613468	-12.986255	11.010943	83.291646	-50.917745	7.300995	148.170834	61.065678	-4.124200	18.866302	84.584408	12.640962	46.151036	114.032370	80.065930	-25.652582	4.765254
7.116667	-4.070828	5.127830	91.632539	0.238657	1.004415	0.200698	-4.981220	-6.666589	-12.039503	21.850386	0.381361	28.405026	2.814756	0.000000	-3.611373	4.425674	-13.084945	21.596822	0.376936	32.074032	6.478529	0.000000	0.169069	0.291984	1.374662	0.313977	0.388339	1.460579	0.277763	0.709930	1.460579	0.193228	0.709930	1.202830	0.156997	0.595414	1.116913	0.096606	0.452283	1.030997	1.207640	3.302981	7.645460	0.000000	0.000000	0.677734	-12.708890	9.824303	85.756523	-51.165331	6.469957	148.155348	62.193982	-2.599417	15.877506	86.576012	13.304351	46.642214	113.876798	79.011357	-26.611609	8.193133
7.133333	-4.306708	5.709663	92.115442	0.237716	1.005295	0.198044	-6.058797	-6.899958	-12.806465	21.535574	0.375867	28.648511	3.535716	0.000000	-4.286392	4.570783	-12.852603	21.751384	0.379633	32.284668	7.014465	0.000000	0.164162	0.255587	1.478713	0.304866	0.339930	1.571133	0.269702	0.621434	1.571133	0.187621	0.621434	1.293874	0.152441	0.521193	1.201455	0.093802	0.395904	1.109035	1.172595	2.891249	8.224160	0.000000	0.000000	0.859981	-12.096585	8.180581	87.767229	-51.481922	4.842419	148.271739	68.729580	-4.469591	10.774996	88.534337	14.127376	47.132289	113.535833	77.835856	-27.051019	11.559467
7.150000	-4.598383	6.228062	92.712034	0.236843	1.005926	0.195361	-7.089192	-7.146097	-13.628248	21.249555	0.370875	28.919819	4.152805	0.000000	-4.904172	4.746787	-12.529326	21.893662	0.382116	32.552380	7.616277	0.000000	0.159740	0.200247	1.572381	0.296653	0.266328	1.670655	0.262437	0.486880	1.670655	0.182567	0.486880	1.375834	0.148335	0.408343	1.277560	0.091276	0.310182	1.179286	1.141008	2.265232	8.745113	0.000000	0.000000	1.123816	-11.197761	6.261569	89.562831	-51.782417	3.722446	148.427579	73.090354	-5.210951	5.298603	90.480607	15.052388	47.624190	113.065989	76.377506	-26.913243	14.864698
7.166667	-4.929141	6.664207	93.409512	0.236037	1.006341	0.192686	-8.050522	-7.383490	-14.489044	20.982383	0.366212	29.205860	4.660924	0.000000	-5.456522	4.941342	-12.104368	22.002973	0.384024	32.848625	8.236424	0.000000	0.157785	0.129402	1.649677	0.293022	0.172105	1.752781	0.259225	0.314628	1.752781	0.180332	0.314628	1.443467	0.146519	0.263877	1.340362	0.090158	0.200444	1.237257	1.127041	1.463823	9.175006	0.000000	0.000000	1.471054	-10.087348	4.175479	91.135409	-52.070574	3.088830	148.556481	75.478670	-4.965858	-0.185352	92.465260	16.099372	48.115899	112.524685	74.548062	-26.334519	18.025377
7.183333	-5.274665	7.017322	94.200396	0.235252	1.006597	0.190094	-8.937572	-7.590048	-15.388862	20.721231	0.361654	29.484222	5.068373	0.000000	-5.939638	5.136116	-11.571711	22.078218	0.385338	33.146438	8.835711	0.000000	0.158588	0.049458	1.701182	0.294514	0.065779	1.807505	0.260544	0.120252	1.807505	0.181250	0.120252	1.488534	0.147265	0.100855	1.382210	0.090617	0.076611	1.275886	1.132779	0.559480	9.461461	0.000000	0.000000	1.869182	-8.779070	2.218337	92.519872	-52.308377	2.986921	148.555089	76.016853	-3.881088	-5.089849	94.537848	17.258216	48.595036	111.966789	72.600470	-25.602407	20.909980
7.200000	-5.623190	7.295019	95.065951	0.234458	1.006750	0.187655	-9.747349	-7.759606	-16.313081	20.470095	0.357271	29.743114	5.373726	0.000000	-6.382022	5.321530	-10.965118	22.076277	0.385304	33.422399	9.434145	0.000000	0.161606	-0.034598	1.721841	0.300119	-0.046016	1.829456	0.265503	-0.084122	1.829456	0.184700	-0.084122	1.506611	0.150067	-0.070553	1.398996	0.092342	-0.053593	1.291381	1.154336	-0.391382	9.576364	0.000000	0.000000	2.332577	-7.393339	0.557006	93.736166	-52.424860	3.424911	148.315193	74.917124	-2.051823	-8.857990	96.736496	18.486273	48.960927	111.338873	70.312662	-24.357287	23.276014
7.216667	-5.954712	7.512890	95.977814	0.233647	1.006860	0.185449	-10.488328	-7.875995	-17.231937	20.213407	0.352791	29.966017	5.580524	0.000000	-6.790840	5.487042	-10.291147	22.003128	0.384027	33.658095	9.973864	0.000000	0.166894	-0.116389	1.706549	0.309939	-0.154797	1.813208	0.274190	-0.282987	1.813208	0.190743	-0.282987	1.493230	0.154978	-0.237340	1.386571	0.095363	-0.180286	1.279912	1.192108	-1.316612	9.491312	0.000000	0.000000	2.769949	-5.888856	-0.474519	94.794430	-52.309360	4.398003	147.687875	72.703576	0.603420	-11.408062	99.010770	19.705163	49.172449	110.724748	68.457316	-22.948476	25.194749
7.233333	-6.252066	7.670008	96.925194	0.232791	1.006948	0.183539	-11.156636	-7.934305	-18.184706	19.940681	0.348031	30.148284	5.755609	0.000000	-7.150799	5.612942	-9.579022	21.876871	0.381823	33.852621	10.463169	0.000000	0.177557	-0.190859	1.651013	0.329741	-0.253843	1.754201	0.291708	-0.464055	1.754201	0.202930	-0.464055	1.444636	0.164879	-0.389200	1.341448	0.101456	-0.295641	1.238260	1.268272	-2.159036	9.182440	0.000000	0.000000	3.166903	-4.321374	-0.713557	95.715169	-51.814735	5.752974	146.554576	68.889937	4.335613	-12.108234	101.239330	20.822335	49.084528	110.127530	67.297543	-21.026699	26.581779
7.250000	-6.514193	7.780912	97.870327	0.231931	1.007042	0.182010	-11.744813	-7.941083	-19.115653	19.668838	0.343286	30.278952	5.863722	0.000000	-7.480555	5.707188	-8.849018	21.682676	0.378434	33.990863	10.873630	0.000000	0.191811	-0.255033	1.560328	0.356213	-0.339194	1.657848	0.315127	-0.620088	1.657848	0.219221	-0.620088	1.365287	0.178116	-0.520064	1.267766	0.109601	-0.395047	1.170246	1.370089	-2.884989	8.678075	0.000000	0.000000	3.601409	-2.786214	-0.041580	96.504621	-50.837341	7.306181	144.903990	63.799350	8.958202	-10.977549	103.328617	21.703569	48.675807	109.582664	66.831982	-18.737830	27.395906
7.266667	-6.722013	7.858635	98.769895	0.231085	1.007178	0.180943	-12.249038	-7.892042	-20.000418	19.399979	0.338594	30.342342	5.941308	0.000000	-7.780812	5.757611	-8.137097	21.430878	0.374039	34.060234	11.189832	0.000000	0.209300	-0.303472	1.443222	0.388690	-0.403618	1.533424	0.343858	-0.737862	1.533424	0.239209	-0.737862	1.262820	0.194356	-0.618840	1.172618	0.119594	-0.470078	1.082417	1.495006	-3.432937	8.026770	0.000000	0.000000	4.158728	-1.395672	1.666330	97.202257	-49.308946	8.933236	142.728302	57.741590	14.346425	-8.359366	105.131982	22.250836	47.888230	109.119478	66.936129	-16.140757	27.571842
7.283333	-6.853029	7.918629	99.582086	0.230285	1.007407	0.180414	-12.664887	-7.778438	-20.809530	19.141734	0.334086	30.324238	5.990060	0.000000	-8.057325	5.749963	-7.477137	21.127595	0.368746	34.047940	11.387813	0.000000	0.228802	-0.329960	1.312789	0.424909	-0.438847	1.394838	0.375899	-0.802265	1.394838	0.261498	-0.802265	1.148690	0.212466	-0.672854	1.066641	0.130738	-0.511108	0.984592	1.634313	-3.732573	7.301338	0.000000	0.000000	4.864505	-0.232106	4.578765	97.856626	-47.208023	10.558473	140.079643	51.149153	20.139096	-4.793441	106.515570	22.414085	46.683598	108.770431	67.518807	-13.533478	27.051925
7.300000	-6.897197	7.976608	100.271018	0.229562	1.007767	0.180463	-12.993106	-7.600678	-21.493798	18.900239	0.329871	30.207005	5.997806	0.000000	-8.316448	5.682426	-6.887968	20.786068	0.362785	33.938884	11.445010	0.000000	0.251544	-0.332289	1.184196	0.467143	-0.441944	1.258209	0.413262	-0.807927	1.258209	0.287490	-0.807927	1.036172	0.233584	-0.677603	0.962159	0.143732	-0.514715	0.888147	1.796756	-3.758918	6.586144	0.000000	0.000000	5.691093	0.611777	8.467055	98.468020	-44.591261	12.130954	137.034428	44.740411	25.676802	-0.858498	107.380727	22.225884	45.054523	108.475725	68.464826	-11.273556	25.810666
7.316667	-6.861299	8.071677	100.833048	0.228970	1.008299	0.181126	-13.269055	-7.364867	-22.013780	18.682088	0.326064	29.989910	5.911663	0.000000	-8.591192	5.561776	-6.370672	20.421426	0.356421	33.730612	11.355298	0.000000	0.273107	-0.314168	1.065956	0.507186	-0.417843	1.132578	0.448687	-0.763868	1.132578	0.312133	-0.763868	0.932711	0.253607	-0.640651	0.866089	0.156053	-0.486646	0.799467	1.950773	-3.553930	5.928525	0.000000	0.000000	6.571140	1.125838	12.779668	99.054148	-41.560028	13.577238	133.669826	39.057806	30.384444	3.317461	107.724574	21.775274	43.016219	108.028030	69.762072	-9.442757	23.661473
7.333333	-6.765086	8.165997	101.259807	0.228600	1.008969	0.182358	-13.445147	-7.102621	-22.381077	18.504531	0.322965	29.684154	5.767420	0.000000	-8.836743	5.409446	-5.930272	20.043757	0.349830	33.412646	11.117454	0.000000	0.299993	-0.283298	0.957130	0.557117	-0.376787	1.016950	0.492859	-0.688811	1.016950	0.342862	-0.688811	0.837489	0.278574	-0.577702	0.777668	0.171416	-0.438829	0.717847	2.142820	-3.204726	5.323269	0.000000	0.000000	7.351288	1.273155	16.947612	99.514829	-38.218114	14.865967	129.981827	34.728556	33.928955	7.157578	107.639456	21.154214	40.709664	107.365428	71.656059	-8.910634	21.080563
7.350000	-6.614828	8.268055	101.537069	0.228519	1.009751	0.184152	-13.521083	-6.816798	-22.535091	18.375767	0.320718	29.304840	5.515843	0.000000	-9.052026	5.230246	-5.585500	19.669873	0.343304	33.014458	10.755813	0.000000	0.326761	-0.244754	0.858515	0.606828	-0.325523	0.912172	0.536836	-0.595095	0.912172	0.373455	-0.595095	0.751200	0.303430	-0.499102	0.697543	0.186711	-0.379124	0.643886	2.334022	-2.768705	4.774801	0.000000	0.000000	7.919089	1.093216	20.530712	99.896421	-34.653396	15.925803	125.950607	32.070633	36.199419	10.529106	107.226852	20.421334	38.116341	106.311748	74.036312	-9.263525	18.123151
7.366667	-6.428752	8.375324	101.662866	0.228773	1.010589	0.186480	-13.482482	-6.530602	-22.478213	18.325654	0.319843	28.889657	5.172818	0.000000	-9.220299	5.037319	-5.350581	19.326521	0.337311	32.571556	10.304169	0.000000	0.347455	-0.203512	0.765771	0.645258	-0.270671	0.813632	0.570833	-0.494819	0.813632	0.397106	-0.494819	0.670050	0.322647	-0.415002	0.622189	0.198536	-0.315240	0.574328	2.481835	-2.302169	4.258989	0.000000	0.000000	8.223172	0.621687	23.317703	100.263539	-30.918348	16.696116	121.517302	31.669955	37.034500	13.155699	106.620268	19.575309	35.286163	104.790994	76.778556	-10.381819	14.954989
7.383333	-6.238510	8.461402	101.693050	0.229359	1.011413	0.189179	-13.337783	-6.273483	-22.300242	18.337398	0.320048	28.502876	4.822505	0.000000	-9.316119	4.858080	-5.144923	19.025615	0.332060	32.118693	9.764538	0.000000	0.361817	-0.168506	0.668587	0.671931	-0.224113	0.710374	0.594430	-0.409706	0.710374	0.413521	-0.409706	0.585014	0.335984	-0.343618	0.543227	0.206743	-0.261016	0.501440	2.584426	-1.906178	3.718482	0.000000	0.000000	8.222123	-0.060501	25.078444	100.629728	-27.061385	16.978928	116.681338	33.349085	36.816085	15.027334	105.943425	18.631272	32.321892	102.767676	79.774563	-12.372386	11.827693
7.400000	-6.063176	8.508758	101.587309	0.230376	1.012120	0.192140	-13.055512	-6.060980	-21.915432	18.434828	0.321748	28.177891	4.395316	0.000000	-9.323573	4.711357	-5.031680	18.771266	0.327620	31.696044	9.189309	0.000000	0.367320	-0.144428	0.580391	0.682151	-0.192089	0.616665	0.603471	-0.351162	0.616665	0.419811	-0.351162	0.507842	0.341094	-0.294517	0.471568	0.209887	-0.223719	0.435293	2.623733	-1.633798	3.227961	0.000000	0.000000	8.029558	-0.928273	25.746733	101.128820	-23.205816	16.950988	111.394900	37.207385	35.060519	15.690132	105.280072	17.616943	29.166501	100.173127	82.943579	-14.739115	8.762486
7.416667	-5.932510	8.493495	101.363098	0.231901	1.012630	0.195223	-12.625790	-5.911664	-21.326535	18.620380	0.324987	27.944037	3.869617	0.000000	-9.223711	4.606866	-5.073710	18.574064	0.324179	31.335546	8.714116	0.000000	0.364938	-0.138968	0.506298	0.677727	-0.184827	0.537942	0.599557	-0.337886	0.537942	0.417088	-0.337886	0.443011	0.338882	-0.283383	0.411367	0.208526	-0.215261	0.379723	2.606719	-1.572031	2.815878	0.000000	0.000000	7.758229	-1.910639	25.256251	101.801514	-19.439762	16.630895	105.735978	43.080962	31.790167	15.246516	104.712350	16.550687	25.950873	96.924854	85.796575	-17.363526	5.691033
7.433333	-5.852017	8.396484	101.027300	0.233920	1.012905	0.198308	-12.045645	-5.829749	-20.550875	18.882038	0.329554	27.814971	3.275032	0.000000	-9.010720	4.552020	-5.269308	18.420447	0.321497	31.046173	8.360766	0.000000	0.358122	-0.153615	0.458337	0.665068	-0.204308	0.486983	0.588358	-0.373500	0.486983	0.409297	-0.373500	0.401045	0.332552	-0.313252	0.372399	0.204631	-0.237950	0.343753	2.558028	-1.737724	2.549133	0.000000	0.000000	7.501122	-2.972121	23.661931	102.715599	-15.859187	16.250673	99.759592	50.872872	26.771702	13.626225	104.212719	15.471185	22.669210	92.994627	87.934938	-19.635851	2.660790
7.450000	-5.826645	8.215409	100.596601	0.236416	1.012953	0.201323	-11.326085	-5.818770	-19.638472	19.213022	0.335330	27.790057	2.649878	0.000000	-8.690179	4.553811	-5.574305	18.304197	0.319469	30.805961	8.084960	0.000000	0.348023	-0.188147	0.447470	0.646314	-0.250235	0.475437	0.571767	-0.457460	0.475437	0.397756	-0.457460	0.391536	0.323174	-0.383669	0.363569	0.198860	-0.291440	0.335602	2.485894	-2.128356	2.488692	0.000000	0.000000	7.305532	-4.024876	21.139569	103.805997	-12.521593	15.757946	93.575914	60.972620	20.026990	10.889479	103.751648	14.412250	19.414125	88.397656	89.127774	-21.212452	-0.344966
7.466667	-5.846103	7.940016	100.100060	0.239351	1.012800	0.204231	-10.472853	-5.850769	-18.597240	19.592666	0.341957	27.840906	1.960111	0.000000	-8.256243	4.584895	-6.023488	18.227481	0.318130	30.601652	7.969169	0.000000	0.337463	-0.237950	0.475999	0.626703	-0.316474	0.505749	0.554419	-0.578552	0.505749	0.385687	-0.578552	0.416500	0.313369	-0.485228	0.386750	0.192827	-0.368585	0.357000	2.410468	-2.691740	2.647366	0.000000	0.000000	7.149417	-4.974845	18.050546	105.031202	-9.460935	15.667832	87.240692	72.915676	11.593389	6.929299	103.331816	13.246574	16.621920	83.392429	89.187533	-22.459601	-3.167975
7.483333	-5.910544	7.598843	99.562898	0.242657	1.012527	0.207078	-9.531165	-5.917963	-17.491508	20.002159	0.349104	27.943620	1.258188	0.000000	-7.745384	4.640040	-6.582934	18.178159	0.317269	30.398570	7.979569	0.000000	0.322928	-0.298965	0.526996	0.599709	-0.397623	0.559933	0.530538	-0.726903	0.559933	0.369074	-0.726903	0.461121	0.299871	-0.609649	0.428184	0.184521	-0.463096	0.395247	2.306641	-3.381949	2.930992	0.000000	0.000000	6.946846	-5.679068	14.816076	106.517743	-6.639109	17.482176	80.644519	78.613825	6.366140	3.877025	102.937484	11.845839	14.447907	78.221670	88.457550	-23.131318	-5.506363
7.500000	-6.005021	7.182422	98.994437	0.246216	1.012138	0.209790	-8.502640	-6.007196	-16.349984	20.429231	0.356557	28.080230	0.569229	0.000000	-7.156094	4.707822	-7.240763	18.149647	0.316771	30.187594	8.101213	0.000000	0.306453	-0.367010	0.610981	0.569114	-0.488124	0.649168	0.503472	-0.892349	0.649168	0.350245	-0.892349	0.534609	0.284572	-0.748408	0.496422	0.175107	-0.568499	0.458236	2.188963	-4.151695	3.398095	0.000000	0.000000	6.654182	-6.010931	11.697169	107.975820	-4.146462	20.425470	73.890213	82.814111	1.647936	1.234058	102.592316	10.252009	13.108158	73.071027	87.215710	-23.366070	-7.282973
7.516667	-6.085585	6.703595	98.414871	0.249829	1.011687	0.212324	-7.423305	-6.076070	-15.225561	20.836642	0.363668	28.204347	-0.072094	0.000000	-6.505559	4.749867	-7.961421	18.132267	0.316468	29.974723	8.311674	0.000000	0.290943	-0.432806	0.722634	0.540310	-0.575633	0.767798	0.477990	-1.052326	0.767798	0.332519	-1.052326	0.632304	0.270169	-0.882579	0.587140	0.166245	-0.670417	0.541975	2.078175	-4.895993	4.019071	0.000000	0.000000	6.152170	-5.876870	9.049315	109.263448	-2.009389	24.413954	67.073824	85.468477	-2.311360	-0.596500	102.205047	8.547988	12.514025	68.093880	85.697997	-23.261196	-8.443373
7.533333	-6.136233	6.188314	97.818955	0.253359	1.011186	0.214642	-6.329832	-6.113965	-14.149954	21.214220	0.370258	28.313365	-0.625029	0.000000	-5.833874	4.753289	-8.742749	18.104546	0.315984	29.783339	8.606809	0.000000	0.276159	-0.491088	0.868658	0.512854	-0.653147	0.922949	0.453701	-1.194032	0.922949	0.315622	-1.194032	0.760076	0.256441	-1.001427	0.705785	0.157797	-0.760696	0.651494	1.972574	-5.555289	4.831215	0.000000	0.000000	5.446049	-5.322705	6.973905	110.310010	-0.291119	29.398255	60.327557	86.803141	-5.242106	-1.565887	101.690344	6.888709	12.385301	63.292438	84.007489	-22.623291	-9.029299
7.550000	-6.163444	5.644035	97.218905	0.256725	1.010607	0.216690	-5.242780	-6.128759	-13.153126	21.551272	0.376141	28.420624	-1.053088	0.000000	-5.143057	4.726337	-9.575741	18.081044	0.315574	29.635356	8.984026	0.000000	0.264561	-0.539846	1.049431	0.491317	-0.717995	1.115020	0.434648	-1.312581	1.115020	0.302367	-1.312581	0.918252	0.245672	-1.100853	0.852662	0.151170	-0.836221	0.787073	1.889734	-6.106842	5.836618	0.000000	0.000000	4.533863	-4.381298	5.688454	111.162393	1.044413	35.431367	53.634353	90.904818	-6.806447	-2.505780	101.012728	5.315103	12.836750	58.797715	82.973318	-21.923568	-8.870111
7.566667	-6.181063	5.072545	96.647368	0.259875	1.009920	0.218395	-4.181982	-6.131391	-12.269224	21.841036	0.381198	28.530387	-1.359523	0.000000	-4.445246	4.677120	-10.448941	18.050883	0.315047	29.553757	9.479203	0.000000	0.258270	-0.581132	1.271536	0.479633	-0.772905	1.351007	0.424311	-1.412964	1.351007	0.295176	-1.412964	1.112594	0.239829	-1.185044	1.033123	0.147575	-0.900173	0.953652	1.844794	-6.573880	7.071902	0.000000	0.000000	3.564089	-3.196567	5.142246	111.713363	1.880431	42.350818	47.399529	91.560666	-7.144777	-2.296289	100.233842	3.952354	14.336949	54.476467	82.255743	-20.967008	-8.158878
7.583333	-6.221549	4.461240	96.151530	0.262750	1.009101	0.219748	-3.145763	-6.156748	-11.514220	22.089788	0.385540	28.653976	-1.582896	0.000000	-3.735281	4.647806	-11.282239	18.002301	0.314199	29.519209	10.058877	0.000000	0.259691	-0.618212	1.529301	0.482271	-0.822222	1.624883	0.426646	-1.503121	1.624883	0.296800	-1.503121	1.338139	0.241149	-1.260658	1.242557	0.148387	-0.957611	1.146976	1.854944	-6.993339	8.505515	0.000000	0.000000	2.654819	-1.828432	5.489873	111.810416	2.211101	49.431264	41.900901	89.477027	-6.734170	-1.241520	99.347809	2.825056	17.141262	50.420075	81.798630	-19.922201	-6.790676
7.600000	-6.251163	3.832240	95.709613	0.265307	1.008190	0.220772	-2.150741	-6.176541	-10.899405	22.293809	0.389100	28.760158	-1.683534	0.000000	-3.025685	4.605232	-12.088915	17.946742	0.313230	29.543747	10.706862	0.000000	0.271262	-0.644364	1.823679	0.503761	-0.857005	1.937659	0.445657	-1.566707	1.937659	0.310026	-1.566707	1.595719	0.251894	-1.313988	1.481739	0.154999	-0.998120	1.367759	1.937598	-7.289178	10.142755	0.000000	0.000000	1.785526	-0.375390	6.778672	111.443412	2.106731	56.459423	37.252116	85.167683	-5.747363	0.300528	98.254390	1.977536	21.083729	46.621413	81.588140	-18.736224	-4.965800
7.616667	-6.296010	3.200357	95.349569	0.267548	1.007208	0.221542	-1.211413	-6.213227	-10.412357	22.464153	0.392073	28.853219	-1.723926	0.000000	-2.330276	4.572658	-12.855439	17.889242	0.312226	29.603489	11.423205	0.000000	0.291784	-0.663348	2.140406	0.541872	-0.882253	2.274182	0.479372	-1.612865	2.274182	0.333480	-1.612865	1.872856	0.270951	-1.352700	1.739080	0.166725	-1.027526	1.605305	2.084184	-7.503928	11.904298	0.000000	0.000000	0.944706	1.156919	8.868998	110.557639	1.643924	63.064924	33.631332	79.271453	-4.663443	2.076384	96.992645	1.381421	26.174374	43.146908	81.525039	-17.559504	-2.752639
7.633333	-6.356141	2.595761	95.087002	0.269442	1.006204	0.222132	-0.359378	-6.268779	-10.066270	22.603468	0.394505	28.929956	-1.709105	0.000000	-1.672335	4.556017	-13.520257	17.840939	0.311383	29.673991	12.121133	0.000000	0.320605	-0.676665	2.457222	0.595396	-0.899964	2.610798	0.526722	-1.645243	2.610798	0.366420	-1.645243	2.150069	0.297714	-1.379855	1.996493	0.183194	-1.048154	1.842917	2.290051	-7.654567	13.666332	0.000000	0.000000	0.057940	2.675768	11.275007	109.165587	0.957925	69.260404	31.063709	72.371814	-3.839158	3.876533	95.560000	0.973492	32.031352	40.036340	81.657205	-16.441384	-0.207134
7.650000	-6.428564	2.048356	94.934174	0.270970	1.005230	0.222641	0.379098	-6.341144	-9.863852	22.718340	0.396510	28.988075	-1.661514	0.000000	-1.073183	4.554481	-14.049323	17.813639	0.310907	29.737113	12.745648	0.000000	0.354041	-0.687253	2.746061	0.657490	-0.914047	2.917689	0.581655	-1.670988	2.917689	0.404634	-1.670988	2.402803	0.328763	-1.401447	2.231174	0.202299	-1.064556	2.059545	2.528883	-7.774349	15.272765	0.000000	0.000000	-0.963810	4.137775	13.516147	107.299057	0.207858	74.982767	29.480230	64.836422	-3.371702	5.745785	94.005794	0.701091	38.309303	37.302925	82.020200	-15.288519	2.697530
7.666667	-6.518408	1.589700	94.874927	0.272205	1.004318	0.223173	0.987796	-6.430912	-9.760031	22.822830	0.398334	29.031161	-1.621772	0.000000	-0.555809	4.569561	-14.456802	17.818767	0.310996	29.789064	13.284762	0.000000	0.384996	-0.698294	2.986486	0.714976	-0.928731	3.173142	0.632510	-1.697832	3.173142	0.440012	-1.697832	2.613176	0.357507	-1.423961	2.426520	0.219987	-1.081657	2.239865	2.749988	-7.899240	16.609941	0.000000	0.000000	-2.156674	5.493023	15.361306	105.088805	-0.441377	80.365658	28.699950	56.328887	-3.100835	7.514635	92.511706	0.506590	45.127135	34.897117	82.565750	-14.197213	5.881521
7.683333	-6.605785	1.240087	94.903233	0.273089	1.003493	0.223807	1.456648	-6.525954	-9.761276	22.925323	0.400122	29.071618	-1.565895	0.000000	-0.128219	4.590583	-14.709202	17.867443	0.311846	29.832563	13.671627	0.000000	0.408279	-0.706770	3.160989	0.758215	-0.940004	3.358551	0.670762	-1.718440	3.358551	0.466622	-1.718440	2.765865	0.379128	-1.441245	2.568303	0.233291	-1.094787	2.370742	2.916298	-7.995122	17.580471	0.000000	0.000000	-3.520024	6.660686	16.803145	102.623762	-0.878179	85.143961	28.473314	47.854149	-2.943204	9.084688	91.049451	0.319744	51.838040	32.879434	83.434598	-13.188434	9.352861
7.700000	-6.692809	1.008297	95.025887	0.273609	1.002752	0.224566	1.782659	-6.631167	-9.887609	23.041326	0.402147	29.136935	-1.474787	0.000000	0.208178	4.620139	-14.786983	17.970379	0.313642	29.879435	13.892197	0.000000	0.420389	-0.713034	3.260877	0.780704	-0.948335	3.464681	0.690656	-1.733671	3.464681	0.480462	-1.733671	2.853267	0.390373	-1.454019	2.649462	0.240210	-1.104490	2.445657	3.002794	-8.065985	18.136018	0.000000	0.000000	-4.971625	7.570724	17.877307	99.968944	-1.060894	88.902012	28.609177	39.935266	-2.909090	10.489046	89.596145	0.127975	57.885139	31.218423	84.706063	-12.381443	12.857053
7.716667	-6.778014	0.885407	95.241274	0.273772	1.002091	0.225377	1.964313	-6.740613	-10.126252	23.152755	0.404092	29.250404	-1.342433	0.000000	0.453773	4.661374	-14.669157	18.113942	0.316148	29.938007	13.935996	0.000000	0.423457	-0.718755	3.289338	0.786403	-0.955944	3.494921	0.695698	-1.747581	3.494921	0.483969	-1.747581	2.878170	0.393222	-1.465685	2.672587	0.241963	-1.113352	2.467003	3.024713	-8.130701	18.294309	0.000000	0.000000	-6.423609	8.190651	18.515778	97.170830	-1.037893	91.303837	29.013956	32.555012	-3.013264	11.747704	88.073330	0.034192	62.568668	29.832309	86.565976	-11.799939	16.114579
7.733333	-6.866090	0.869351	95.469080	0.273745	1.001499	0.226241	2.042699	-6.851768	-10.325717	23.291339	0.406511	29.402975	-1.284212	0.000000	0.607209	4.710562	-14.512080	18.292915	0.319272	30.016147	13.904984	0.000000	0.417184	-0.725324	3.273738	0.774752	-0.964681	3.478346	0.685391	-1.763552	3.478346	0.476799	-1.763552	2.864520	0.387397	-1.479080	2.659912	0.238379	-1.123527	2.455303	2.979901	-8.205007	18.207546	0.000000	0.000000	-7.727628	8.493755	18.672114	94.285359	-0.887668	92.145490	29.577342	25.792587	-3.489465	12.705870	86.523606	0.093752	65.765432	28.581410	87.896336	-11.259269	18.660236
7.750000	-6.955726	0.948148	95.740832	0.273546	1.000995	0.227141	2.013620	-6.955180	-10.525360	23.432052	0.408966	29.594259	-1.276484	0.000000	0.675893	4.760906	-14.286708	18.496095	0.322818	30.108030	13.834912	0.000000	0.403746	-0.732547	3.217410	0.749797	-0.974287	3.418498	0.663314	-1.781114	3.418498	0.461441	-1.781114	2.815234	0.374918	-1.493809	2.614146	0.230700	-1.134715	2.413058	2.883917	-8.286713	17.894271	0.000000	0.000000	-8.802361	8.550087	18.447515	91.430217	-0.690974	91.641660	30.283760	19.341050	-4.114476	13.353286	84.977604	0.210902	67.610476	27.492279	88.494526	-11.007758	20.304453
7.766667	-7.044217	1.108427	96.015657	0.273225	1.000630	0.228066	1.896899	-7.054620	-10.713472	23.567864	0.411337	29.814540	-1.265751	0.000000	0.662169	4.817069	-14.021033	18.698734	0.326354	30.191809	13.711857	0.000000	0.385783	-0.739082	3.148845	0.716437	-0.982979	3.345647	0.633802	-1.797004	3.345647	0.440911	-1.797004	2.755239	0.358238	-1.507136	2.558436	0.220436	-1.144838	2.361633	2.755607	-8.360644	17.512929	0.000000	0.000000	-9.641538	8.412594	17.806179	88.579078	-0.521466	89.784292	31.159981	13.374424	-4.758244	13.762553	83.392061	0.389097	68.060902	26.625897	88.160687	-10.844392	21.097482
7.783333	-7.127006	1.339087	96.284528	0.272835	1.000448	0.229049	1.708158	-7.144855	-10.896493	23.694312	0.413544	30.043482	-1.242875	0.000000	0.580378	4.871115	-13.731234	18.900494	0.329876	30.251368	13.547056	0.000000	0.362227	-0.742582	3.085940	0.672692	-0.987634	3.278811	0.595103	-1.805513	3.278811	0.413989	-1.805513	2.700197	0.336364	-1.514273	2.507326	0.206977	-1.150259	2.314455	2.587352	-8.400233	17.163070	0.000000	0.000000	-10.253403	8.180550	16.864027	85.719960	-0.429781	86.666858	32.247185	8.410878	-5.202321	13.946323	81.722169	0.511105	67.318951	26.172005	86.955791	-10.805130	21.009530
7.800000	-7.185496	1.617395	96.524329	0.272402	1.000466	0.230103	1.472947	-7.202633	-11.033370	23.794478	0.415292	30.244935	-1.236154	0.000000	0.450118	4.897201	-13.499095	19.091998	0.333218	30.287650	13.424864	0.000000	0.333868	-0.738531	3.039577	0.620026	-0.982246	3.229551	0.548512	-1.795665	3.229551	0.381578	-1.795665	2.659630	0.310030	-1.506013	2.469657	0.190772	-1.143985	2.279683	2.384785	-8.354412	16.905218	0.000000	0.000000	-10.682154	7.903054	15.797389	82.920491	-0.440173	82.912091	33.541802	4.457810	-5.543623	13.719747	79.879144	0.416478	65.605427	26.460431	85.098004	-10.989628	20.262998
7.816667	-7.211552	1.923737	96.722100	0.271939	1.000694	0.231216	1.209146	-7.224741	-11.140473	23.859185	0.416421	30.400773	-1.209636	0.000000	0.287620	4.894195	-13.306871	19.264967	0.336237	30.293234	13.305964	0.000000	0.300930	-0.725811	3.012464	0.558857	-0.965329	3.200743	0.494398	-1.764737	3.200743	0.343933	-1.764737	2.635906	0.279444	-1.480074	2.447627	0.171951	-1.124281	2.259348	2.149513	-8.210518	16.754422	0.000000	0.000000	-10.995784	7.638019	14.741717	80.135729	-0.534045	78.665683	35.108640	2.291674	-5.685353	13.051235	77.739826	0.091506	62.821895	27.685554	83.160735	-11.112849	18.936739
7.833333	-7.195669	2.241516	96.857712	0.271470	1.001101	0.232360	0.936307	-7.202238	-11.200628	23.886494	0.416898	30.504155	-1.164664	0.000000	0.107191	4.852621	-13.179227	19.418667	0.338920	30.281915	13.196131	0.000000	0.264789	-0.704394	3.003706	0.491739	-0.936844	3.191437	0.435021	-1.712664	3.191437	0.302627	-1.712664	2.628242	0.245883	-1.436400	2.440511	0.151300	-1.091106	2.252779	1.891359	-7.968247	16.705710	0.000000	0.000000	-11.264793	7.411965	13.783138	77.342297	-0.766715	73.991232	37.065785	2.680942	-5.710750	11.995489	75.221968	-0.414247	59.073338	29.900691	80.913734	-11.300824	16.983214
7.850000	-7.119402	2.549559	96.931387	0.270981	1.001652	0.233459	0.665490	-7.117114	-11.227605	23.861127	0.416455	30.532954	-1.099183	0.000000	-0.076545	4.758319	-13.097349	19.545613	0.341135	30.272507	13.077530	0.000000	0.229019	-0.673969	3.013158	0.425310	-0.896379	3.201480	0.376255	-1.638689	3.201480	0.261745	-1.638689	2.636513	0.212667	-1.374359	2.448191	0.130861	-1.043979	2.259868	1.635857	-7.624077	16.758279	0.000000	0.000000	-11.531018	7.222472	12.923320	74.517421	-1.189652	69.038474	39.494126	6.154014	-5.570323	10.589106	72.248134	-0.962433	54.299835	33.010642	78.526033	-11.498608	14.460400
7.866667	-7.011893	2.828851	96.925124	0.270555	1.002248	0.234440	0.419405	-7.000216	-11.201993	23.797856	0.415351	30.536871	-0.996931	0.000000	-0.250804	4.637194	-13.095563	19.648887	0.342938	30.284198	12.971681	0.000000	0.194510	-0.640651	3.050919	0.361225	-0.852066	3.241602	0.319561	-1.557680	3.241602	0.222306	-1.557680	2.669554	0.180622	-1.306417	2.478872	0.111143	-0.992369	2.288190	1.389368	-7.247178	16.968298	0.000000	0.000000	-11.753459	7.031729	12.055329	71.685574	-1.881684	64.075849	42.458996	12.979484	-5.259352	8.895432	68.929668	-1.452037	48.812354	36.778178	76.142544	-11.685346	11.491199
7.883333	-6.904292	3.053479	96.857120	0.270253	1.002804	0.235219	0.218803	-6.881049	-11.130491	23.706415	0.413755	30.543501	-0.864380	0.000000	-0.403401	4.515955	-13.186092	19.715632	0.344103	30.316556	12.919083	0.000000	0.163740	-0.610954	3.113551	0.304081	-0.812569	3.308147	0.269008	-1.485473	3.308147	0.187138	-1.485473	2.724357	0.152049	-1.245857	2.529760	0.093561	-0.946368	2.335163	1.169577	-6.911232	17.316634	0.000000	0.000000	-11.899266	6.797167	11.162627	68.844344	-2.871491	59.325412	45.950841	22.882845	-4.828955	6.885067	65.457422	-1.863043	43.302797	40.988582	74.068229	-11.869287	8.292056
7.900000	-6.805826	3.207505	96.745311	0.270105	1.003278	0.235730	0.066757	-6.764829	-11.020637	23.575788	0.411475	30.565358	-0.711767	0.000000	-0.519096	4.404158	-13.337396	19.751662	0.344732	30.366101	12.893803	0.000000	0.138792	-0.588680	3.200168	0.257751	-0.782944	3.400179	0.228022	-1.431316	3.400179	0.158626	-1.431316	2.800147	0.128882	-1.200436	2.600137	0.079306	-0.911865	2.400126	0.991379	-6.659262	17.798376	0.000000	0.000000	-11.961122	6.570396	10.214551	65.799606	-4.241569	54.665846	50.181288	29.059162	-4.495676	5.694982	61.983717	-2.130793	38.427421	45.433851	72.386245	-12.054079	5.115660
7.916667	-6.724466	3.289509	96.599287	0.270099	1.003654	0.235983	-0.035874	-6.663465	-10.887408	23.413011	0.408634	30.616379	-0.529886	0.000000	-0.599185	4.313438	-13.527718	19.750624	0.344713	30.416816	12.883171	0.000000	0.118996	-0.573972	3.301544	0.220988	-0.763383	3.507890	0.195499	-1.395555	3.507890	0.136001	-1.395555	2.888851	0.110500	-1.170443	2.682504	0.067995	-0.889082	2.476158	0.849979	-6.492885	18.362195	0.000000	0.000000	-11.932988	6.336670	9.269648	62.487571	-5.862028	49.832379	54.986828	34.716855	-4.317101	5.006940	58.506993	-2.340684	34.276024	50.160047	71.256954	-12.156807	2.362209
7.933333	-6.632300	3.310652	96.387845	0.270230	1.003935	0.236005	-0.088026	-6.550360	-10.709212	23.223997	0.405335	30.680073	-0.314218	0.000000	-0.645130	4.213971	-13.788016	19.724665	0.344260	30.475481	12.882612	0.000000	0.104624	-0.561225	3.410834	0.194297	-0.746429	3.624011	0.171886	-1.364562	3.624011	0.119574	-1.364562	2.984480	0.097154	-1.144449	2.771303	0.059782	-0.869337	2.558126	0.747317	-6.348686	18.970036	0.000000	0.000000	-11.818289	6.012136	8.338006	58.949560	-7.611098	45.224402	60.225757	39.410579	-4.195933	4.822828	54.963151	-2.603967	30.818252	55.191864	70.674610	-12.122103	0.286238
7.950000	-6.554079	3.279704	96.147410	0.270475	1.004117	0.235847	-0.104937	-6.447670	-10.497221	23.014426	0.401678	30.767735	-0.105594	0.000000	-0.661734	4.127504	-14.097410	19.680025	0.343481	30.521451	12.901539	0.000000	0.091522	-0.553215	3.507803	0.169966	-0.735776	3.727041	0.150362	-1.345088	3.727041	0.104601	-1.345088	3.069328	0.084987	-1.128117	2.850090	0.052296	-0.856930	2.630852	0.653734	-6.258082	19.509348	0.000000	0.000000	-11.530111	5.606663	7.467470	55.187979	-9.352283	40.937456	65.759919	43.113926	-3.990644	5.163381	51.326602	-3.075051	28.159431	60.620573	70.590124	-11.886912	-0.814015
7.966667	-6.466884	3.212528	95.878069	0.270757	1.004214	0.235535	-0.101273	-6.338369	-10.271251	22.786133	0.397693	30.854843	0.114318	0.000000	-0.656504	4.037915	-14.417092	19.623557	0.342496	30.551960	12.879945	0.000000	0.079077	-0.544955	3.576407	0.146854	-0.724790	3.799933	0.129915	-1.325004	3.799933	0.090377	-1.325004	3.129356	0.073431	-1.111272	2.905831	0.045185	-0.844135	2.682305	0.564838	-6.164640	19.890905	0.000000	0.000000	-11.059074	5.073803	6.742373	51.273959	-10.923635	37.366485	71.351540	46.081497	-3.526552	5.843131	47.464100	-3.863687	26.076213	66.423765	71.087068	-11.426188	-0.854436
7.983333	-6.370338	3.113512	95.616071	0.271023	1.004200	0.235098	-0.082582	-6.217329	-10.043453	22.548719	0.393549	30.921634	0.282595	0.000000	-0.620649	3.938385	-14.723967	19.577384	0.341690	30.569944	12.840601	0.000000	0.067262	-0.536563	3.596576	0.124913	-0.713629	3.821362	0.110505	-1.304600	3.821362	0.076874	-1.304600	3.147004	0.062460	-1.094159	2.922218	0.038434	-0.831136	2.697432	0.480447	-6.069709	20.003075	0.000000	0.000000	-10.386734	4.451524	6.243734	47.224720	-12.237320	34.595877	76.802429	48.759026	-2.838466	6.702562	43.314366	-4.992562	24.628362	72.443004	72.142858	-10.845902	0.020181
8.000000	-6.275359	2.983391	95.386606	0.271245	1.004054	0.234557	-0.045476	-6.096470	-9.824733	22.321199	0.389578	30.960671	0.375065	0.000000	-0.547283	3.841059	-14.991437	19.552671	0.341258	30.579906	12.770067	0.000000	0.056401	-0.529886	3.561207	0.104742	-0.704748	3.783783	0.092661	-1.288364	3.783783	0.064461	-1.288364	3.116057	0.052374	-1.080543	2.893481	0.032228	-0.820793	2.670906	0.402867	-5.994175	19.806367	0.000000	0.000000	-9.543737	3.789394	6.005827	43.029404	-13.264502	32.601022	81.908867	51.454680	-2.010963	7.435655	38.892302	-6.422171	23.882898	78.403725	73.733971	-10.272211	1.486280
8.016667	-6.168121	2.816761	95.177125	0.271330	1.003760	0.233882	0.020005	-5.970144	-9.612797	22.108538	0.385867	30.975198	0.406752	0.000000	-0.434364	3.740616	-15.221722	19.538735	0.341015	30.588432	12.662193	0.000000	0.048423	-0.521545	3.476002	0.089926	-0.693655	3.693252	0.079554	-1.268086	3.693252	0.055343	-1.268086	3.041502	0.044966	-1.063536	2.824252	0.027669	-0.807874	2.607002	0.345880	-5.899827	19.332481	0.000000	0.000000	-8.597440	3.110171	6.105634	38.596246	-14.028627	30.865816	86.527082	55.023656	-1.154929	8.072950	34.089205	-8.071031	23.179107	84.123645	75.940140	-9.738259	3.382203
8.033333	-6.055216	2.613373	95.024465	0.271229	1.003314	0.233086	0.112462	-5.846636	-9.440894	21.919212	0.382562	30.977625	0.372188	0.000000	-0.273555	3.648122	-15.363277	19.542949	0.341089	30.608130	12.512352	0.000000	0.043168	-0.512838	3.342720	0.080167	-0.682074	3.551640	0.070921	-1.246914	3.551640	0.049337	-1.246914	2.924880	0.040086	-1.045779	2.715960	0.024666	-0.794386	2.507040	0.308345	-5.801324	18.591205	0.000000	0.000000	-7.613623	2.441838	6.504677	33.910429	-14.596102	29.065941	90.559037	58.775898	-0.404897	8.534809	28.974066	-9.767794	22.351474	89.306772	78.587024	-9.302196	5.336592
8.050000	-5.935854	2.384314	94.937331	0.270898	1.002727	0.232202	0.229115	-5.728650	-9.316637	21.766753	0.379902	30.988794	0.285829	0.000000	-0.068674	3.568835	-15.383593	19.569247	0.341548	30.649332	12.302651	0.000000	0.038830	-0.503239	3.170442	0.072112	-0.669308	3.368594	0.063794	-1.223575	3.368594	0.044379	-1.223575	2.774137	0.036058	-1.026205	2.575984	0.022188	-0.779517	2.377831	0.277361	-5.692738	17.633046	0.000000	0.000000	-6.666802	1.797554	7.129926	29.022024	-15.058613	27.019804	93.957535	61.587599	0.224328	8.946963	23.656561	-11.351897	21.279019	93.751377	81.356776	-8.961128	7.179574
8.066667	-5.835320	2.113405	94.924937	0.270375	1.001969	0.231221	0.388978	-5.641337	-9.235927	21.661796	0.378070	31.034485	0.137188	0.000000	0.195608	3.526651	-15.292483	19.616301	0.342369	30.720748	12.070760	0.000000	0.038077	-0.497362	2.970579	0.070713	-0.661491	3.156240	0.062557	-1.209285	3.156240	0.043519	-1.209285	2.599256	0.035359	-1.014220	2.413595	0.021757	-0.770413	2.227934	0.271982	-5.626254	16.521467	0.000000	0.000000	-5.821583	1.200581	7.814536	23.985500	-15.464817	24.540061	96.667517	63.261751	0.704547	9.426199	18.287276	-12.750414	20.238233	97.368063	83.467304	-8.780222	8.768532
8.083333	-5.741728	1.845479	94.990523	0.269668	1.001121	0.230275	0.556122	-5.571658	-9.220820	21.605668	0.377090	31.119289	-0.020486	0.000000	0.481558	3.505590	-15.069434	19.678409	0.343453	30.838955	11.823014	0.000000	0.032080	-0.491530	2.748654	0.059575	-0.653734	2.920444	0.052704	-1.195105	2.920444	0.036664	-1.195105	2.405072	0.029789	-1.002327	2.233281	0.018330	-0.761379	2.061490	0.229142	-5.560280	15.287186	0.000000	0.000000	-5.114429	0.656322	8.623017	19.006159	-15.923626	21.798109	98.541684	63.378773	1.339458	9.783231	12.992848	-13.962469	19.198904	100.182002	85.415224	-8.800343	10.257512
8.100000	-5.683254	1.554341	95.120717	0.268829	1.000154	0.229393	0.777092	-5.554772	-9.249204	21.631841	0.377547	31.254901	-0.207795	0.000000	0.821462	3.532094	-14.768439	19.767108	0.345001	31.000915	11.605246	0.000000	0.024822	-0.491704	2.522274	0.046098	-0.653966	2.679916	0.040781	-1.195529	2.679916	0.028369	-1.195529	2.206990	0.023050	-1.002682	2.049348	0.014183	-0.761649	1.891706	0.177304	-5.562252	14.028132	0.000000	0.000000	-4.597958	0.148360	9.245759	14.077347	-16.454573	18.517257	99.587377	62.678754	1.858957	10.290564	7.803419	-14.899437	18.037335	102.178029	86.897670	-8.889797	11.463338
8.116667	-5.661457	1.247349	95.315168	0.267886	0.999087	0.228643	1.050532	-5.584840	-9.299789	21.739331	0.379423	31.420482	-0.461105	0.000000	1.213158	3.603840	-14.389478	19.885069	0.347060	31.212343	11.418458	0.000000	0.014055	-0.497443	2.293500	0.026101	-0.661599	2.436844	0.023090	-1.209483	2.436844	0.016063	-1.209483	2.006813	0.013051	-1.014386	1.863469	0.008031	-0.770539	1.720125	0.100391	-5.627176	12.755761	0.000000	0.000000	-4.282360	-0.315370	9.716176	9.336920	-17.018732	14.747737	99.705423	61.947359	2.076609	10.821863	2.757288	-15.601972	16.754559	103.487243	87.981982	-9.136355	12.315415
8.133333	-5.671980	0.924526	95.558122	0.266852	0.997925	0.228082	1.384033	-5.659489	-9.361196	21.928212	0.382719	31.599505	-0.775268	0.000000	1.661185	3.715178	-13.954277	20.039380	0.349753	31.469868	11.261588	0.000000	-0.000028	-0.508250	2.065719	-0.000052	-0.675972	2.194826	-0.000046	-1.235759	2.194826	-0.000032	-1.235759	1.807504	-0.000026	-1.036423	1.678397	-0.000016	-0.787279	1.549289	-0.000200	-5.749424	11.488908	0.000000	0.000000	-4.188222	-0.736431	10.022424	4.888971	-17.560821	10.513031	98.815103	61.748818	1.796379	11.328629	-2.115087	-16.093000	15.287249	104.219812	88.717147	-9.491429	12.811331
8.150000	-5.715078	0.585348	95.835563	0.265748	0.996668	0.227751	1.784634	-5.782743	-9.432296	22.202498	0.387507	31.783216	-1.133471	0.000000	2.169367	3.868517	-13.464676	20.237518	0.353211	31.762030	11.101998	0.000000	-0.017051	-0.523771	1.839882	-0.031666	-0.696615	1.954875	-0.028013	-1.273496	1.954875	-0.019488	-1.273496	1.609897	-0.015834	-1.068073	1.494904	-0.009743	-0.811321	1.379912	-0.121795	-5.924998	10.232874	0.000000	0.000000	-4.326440	-1.104164	10.218889	0.839629	-17.985048	5.764764	96.852191	62.624262	0.932776	11.836329	-6.752885	-16.411401	13.628151	104.452392	89.127167	-9.926338	12.930854
8.166667	-5.783567	0.236311	96.110658	0.264633	0.995312	0.227705	2.260167	-5.939114	-9.460247	22.565284	0.393839	31.960292	-1.563962	0.000000	2.732710	4.043723	-12.995455	20.487227	0.357570	32.087020	10.973598	0.000000	-0.037219	-0.542438	1.621522	-0.069119	-0.721443	1.722868	-0.061147	-1.318885	1.722868	-0.042537	-1.318885	1.418832	-0.034561	-1.106140	1.317487	-0.021267	-0.840237	1.216142	-0.265850	-6.136172	9.018421	0.000000	0.000000	-4.690330	-1.408432	10.392327	-2.721621	-18.305779	0.795822	93.773721	64.262736	-0.632207	12.207707	-11.064166	-16.585085	11.780673	104.227980	89.177468	-10.320180	12.731448
8.183333	-5.876531	-0.113440	96.363876	0.263556	0.993889	0.227976	2.801185	-6.124205	-9.437750	23.004607	0.401506	32.126692	-2.043624	0.000000	3.338243	4.234807	-12.571117	20.786814	0.362798	32.426836	10.871680	0.000000	-0.060968	-0.564558	1.419437	-0.113223	-0.750862	1.508152	-0.100164	-1.372666	1.508152	-0.069680	-1.372666	1.242007	-0.056615	-1.151246	1.153293	-0.034837	-0.874500	1.064578	-0.435486	-6.386390	7.894482	0.000000	0.000000	-5.253491	-1.632106	10.511467	-5.779739	-18.604026	-3.975345	89.592830	66.163656	-2.805750	12.215573	-14.932278	-16.592892	9.781625	103.500329	89.097708	-10.617549	12.207887
8.200000	-5.983668	-0.464032	96.580478	0.262537	0.992403	0.228584	3.409737	-6.330452	-9.372140	23.514249	0.410401	32.308213	-2.524499	0.000000	3.983233	4.430213	-12.207882	21.134733	0.368871	32.773871	10.786171	0.000000	-0.087526	-0.587003	1.246886	-0.162545	-0.780714	1.324817	-0.143797	-1.427239	1.324817	-0.100034	-1.427239	1.091026	-0.081277	-1.197017	1.013095	-0.050013	-0.909268	0.935165	-0.625192	-6.640296	6.934808	0.000000	0.000000	-5.978002	-1.819236	10.589805	-8.401412	-18.843689	-8.680618	84.529289	68.385802	-5.359515	12.038583	-18.224283	-16.452114	7.738806	102.255724	88.942223	-10.769252	11.483693
8.216667	-6.091494	-0.798153	96.731158	0.261628	0.990923	0.229535	4.061155	-6.535352	-9.242257	24.065155	0.420016	32.496083	-2.985041	0.000000	4.640737	4.611469	-11.938134	21.518367	0.375566	33.107331	10.704357	0.000000	-0.118062	-0.607779	1.108375	-0.219253	-0.808346	1.177649	-0.193964	-1.477755	1.177649	-0.134933	-1.477755	0.969828	-0.109632	-1.239384	0.900555	-0.067461	-0.941450	0.831281	-0.843306	-6.875321	6.164451	0.000000	0.000000	-6.818539	-2.006528	10.600919	-10.581702	-19.165111	-12.658499	78.768005	69.618960	-8.277901	11.424924	-20.903975	-16.156398	5.681775	100.548351	88.904238	-10.848882	10.594728
8.233333	-6.195433	-1.110479	96.794014	0.260883	0.989501	0.230790	4.740322	-6.729202	-9.038794	24.634132	0.429947	32.686552	-3.405191	0.000000	5.289953	4.771563	-11.784871	21.916714	0.382519	33.413584	10.628574	0.000000	-0.152377	-0.625557	1.009599	-0.282979	-0.831991	1.072699	-0.250340	-1.520979	1.072699	-0.174151	-1.520979	0.883399	-0.141497	-1.275636	0.820299	-0.087068	-0.968988	0.757199	-1.088411	-7.076425	5.615088	0.000000	0.000000	-7.713109	-2.230432	10.538000	-12.394007	-19.574909	-15.828113	72.623700	69.540164	-11.404821	10.579668	-22.966067	-15.736490	3.685608	98.503335	88.902436	-10.909995	9.657184
8.250000	-6.291722	-1.402628	96.751928	0.260342	0.988197	0.232284	5.438397	-6.904752	-8.756602	25.201435	0.439848	32.864452	-3.773420	0.000000	5.904398	4.911242	-11.750528	22.281798	0.388891	33.673916	10.555063	0.000000	-0.188487	-0.639468	0.950113	-0.350039	-0.850492	1.009495	-0.309665	-1.554801	1.009495	-0.215422	-1.554801	0.831349	-0.175029	-1.304002	0.771967	-0.107701	-0.990535	0.712585	-1.346343	-7.233785	5.284243	0.000000	0.000000	-8.608357	-2.523696	10.419879	-13.893899	-20.078307	-18.086020	66.398533	68.245318	-14.511522	9.750843	-24.479969	-15.266511	1.818328	96.284522	88.889295	-10.983444	8.766795
8.266667	-6.361715	-1.676505	96.614532	0.260000	0.987038	0.233934	6.130838	-7.036679	-8.390211	25.725853	0.449001	32.990474	-4.117422	0.000000	6.487939	4.993613	-11.912001	22.637224	0.395094	33.887469	10.565944	0.000000	-0.224913	-0.647121	0.924283	-0.417685	-0.860671	0.982050	-0.369509	-1.573410	0.982050	-0.257053	-1.573410	0.808747	-0.208854	-1.319610	0.750980	-0.128515	-1.002391	0.693212	-1.606529	-7.320364	5.140583	0.000000	0.000000	-9.431075	-2.925268	10.236924	-15.167132	-20.641898	-19.292353	60.446163	65.551343	-17.777721	8.786635	-25.575147	-14.781274	0.069891	94.074687	88.850534	-10.977196	7.990474
8.283333	-6.435729	-1.928268	96.378467	0.259906	0.986097	0.235659	6.797278	-7.156235	-7.955323	26.188769	0.457080	33.062460	-4.402083	0.000000	7.001464	5.073139	-12.167619	22.913970	0.399924	34.006225	10.531729	0.000000	-0.261018	-0.653502	0.925234	-0.484737	-0.869158	0.983062	-0.428827	-1.588925	0.983062	-0.298318	-1.588925	0.809580	-0.242382	-1.332622	0.751753	-0.149146	-1.012275	0.693926	-1.864428	-7.392548	5.145877	0.000000	0.000000	-10.156493	-3.349182	10.051328	-16.243858	-21.176001	-19.647241	54.934517	62.862435	-20.408214	8.114390	-26.362757	-14.375198	-1.473716	91.990015	88.774893	-11.010102	7.329126
8.300000	-6.485840	-2.168359	96.088852	0.259966	0.985373	0.237379	7.413887	-7.232088	-7.481451	26.546175	0.463318	33.053673	-4.666829	0.000000	7.460048	5.122515	-12.481392	23.128935	0.403676	34.031676	10.447727	0.000000	-0.293572	-0.655376	0.942042	-0.545193	-0.871650	1.000919	-0.482310	-1.593482	1.000919	-0.335524	-1.593482	0.824286	-0.272611	-1.336443	0.765409	-0.167747	-1.015178	0.706531	-2.096956	-7.413747	5.239353	0.000000	0.000000	-10.764508	-3.755378	9.910489	-17.227070	-21.671656	-19.094654	50.181839	60.245277	-22.480789	7.659891	-26.930004	-14.064413	-2.737395	90.050478	88.660375	-11.154478	6.542992
8.316667	-6.556479	-2.390102	95.735141	0.260273	0.984906	0.239032	7.965958	-7.303659	-6.973733	26.789440	0.467564	32.981234	-4.871625	0.000000	7.835216	5.185766	-12.839837	23.242234	0.405654	33.934739	10.297877	0.000000	-0.322636	-0.661072	0.966697	-0.599167	-0.879225	1.027115	-0.530058	-1.607330	1.027115	-0.368741	-1.607330	0.845860	-0.299600	-1.348057	0.785441	-0.184354	-1.024000	0.725023	-2.304556	-7.478174	5.376478	0.000000	0.000000	-11.259715	-4.026948	9.851561	-18.103776	-22.086796	-17.609811	46.279821	58.283883	-23.773946	7.283519	-27.369058	-13.870233	-3.742549	88.388396	88.523201	-11.428220	5.803519
8.333333	-6.638015	-2.600086	95.339920	0.260808	0.984716	0.240542	8.444364	-7.362510	-6.464088	26.905687	0.469593	32.853826	-5.007882	0.000000	8.127382	5.255602	-13.236692	23.243602	0.405677	33.712918	10.084636	0.000000	-0.346281	-0.670563	0.999491	-0.643078	-0.891849	1.061960	-0.568905	-1.630407	1.061960	-0.395764	-1.630407	0.874555	-0.321556	-1.367412	0.812087	-0.197865	-1.038702	0.749619	-2.473449	-7.585542	5.558871	0.000000	0.000000	-11.680099	-4.115743	9.857028	-18.984062	-22.356025	-15.395727	43.377805	57.234415	-24.274777	6.866137	-27.672231	-13.797639	-4.430185	87.026059	88.387150	-11.731547	5.140993
8.350000	-6.736105	-2.799002	94.897124	0.261586	0.984807	0.241830	8.840528	-7.413154	-5.950226	26.885644	0.469243	32.693983	-5.055367	0.000000	8.323399	5.338789	-13.670327	23.110498	0.403354	33.377323	9.849982	0.000000	-0.364154	-0.684886	1.038946	-0.676270	-0.910898	1.103880	-0.598269	-1.665231	1.103880	-0.416192	-1.665231	0.909077	-0.338153	-1.396619	0.844143	-0.208078	-1.060888	0.779209	-2.601116	-7.747565	5.778304	0.000000	0.000000	-12.034307	-4.028135	9.954102	-19.915913	-22.440113	-12.637666	41.582650	57.156575	-23.955438	6.440816	-27.856334	-13.826400	-4.804035	86.023812	88.273855	-12.056755	4.647435
8.366667	-6.830519	-2.995337	94.506220	0.262480	0.985165	0.242929	9.148005	-7.443881	-5.525926	26.734613	0.466607	32.518366	-5.021245	0.000000	8.464348	5.418070	-14.039119	22.895670	0.399605	32.959116	9.606344	0.000000	-0.376789	-0.702096	1.062291	-0.699734	-0.933787	1.128685	-0.619026	-1.707076	1.128685	-0.430632	-1.707076	0.929505	-0.349886	-1.431714	0.863112	-0.215297	-1.087546	0.796719	-2.691363	-7.942249	5.908146	0.000000	0.000000	-12.325746	-3.797828	10.155427	-20.883391	-22.358813	-9.403007	40.895753	57.725538	-23.090953	5.839557	-27.942030	-13.917454	-4.930159	85.412952	88.193677	-12.239184	4.328333
8.383333	-6.944054	-3.182311	94.128617	0.263504	0.985758	0.243724	9.359621	-7.476175	-5.155698	26.456935	0.461761	32.373991	-4.886532	0.000000	8.504164	5.528775	-14.353603	22.529735	0.393218	32.475015	9.344345	0.000000	-0.385264	-0.724851	1.076732	-0.715474	-0.964052	1.144027	-0.632950	-1.762403	1.144027	-0.440318	-1.762403	0.942140	-0.357756	-1.478117	0.874844	-0.220140	-1.122795	0.807549	-2.751901	-8.199662	5.988458	0.000000	0.000000	-12.563245	-3.431151	10.428968	-21.920845	-22.094224	-5.955452	41.345584	58.539301	-21.633612	5.289402	-27.973381	-14.071546	-4.807048	85.261430	88.153766	-12.388075	4.213883
8.400000	-7.057352	-3.380291	93.827721	0.264619	0.986524	0.244253	9.503901	-7.500131	-4.881116	26.088616	0.455332	32.258612	-4.678664	0.000000	8.501097	5.644554	-14.588695	22.078662	0.385345	31.964556	9.123547	0.000000	-0.388104	-0.752304	1.069116	-0.720747	-1.000564	1.135935	-0.637616	-1.829151	1.135935	-0.443564	-1.829151	0.935476	-0.360393	-1.534097	0.868657	-0.221762	-1.165318	0.801837	-2.772186	-8.510208	5.946101	0.000000	0.000000	-12.738562	-2.984748	10.708306	-22.969193	-21.691403	-2.380159	42.792464	59.776999	-19.876129	4.576533	-27.989641	-14.287910	-4.471615	85.590269	88.157082	-12.432073	4.271593
8.416667	-7.154131	-3.570076	93.631571	0.265766	0.987463	0.244594	9.577195	-7.508789	-4.736438	25.662102	0.447888	32.169688	-4.399122	0.000000	8.449824	5.748986	-14.728663	21.554745	0.376201	31.461569	8.979626	0.000000	-0.390386	-0.781641	1.033671	-0.724986	-1.039583	1.098275	-0.641366	-1.900482	1.098275	-0.446172	-1.900482	0.904462	-0.362513	-1.593922	0.839858	-0.223067	-1.210762	0.775253	-2.788490	-8.842079	5.748967	0.000000	0.000000	-12.863327	-2.484012	11.017692	-23.940121	-21.250251	1.284161	45.065191	61.411534	-18.070168	3.600947	-27.992671	-14.574515	-3.919416	86.365926	88.203644	-12.311707	4.510329
8.433333	-7.251319	-3.786645	93.563011	0.266895	0.988455	0.244726	9.629745	-7.522340	-4.693638	25.217122	0.440122	32.104044	-4.154048	0.000000	8.402553	5.862326	-14.775964	20.991625	0.366373	30.992957	8.939600	0.000000	-0.386567	-0.816277	0.971023	-0.717893	-1.085649	1.031712	-0.635091	-1.984696	1.031712	-0.441807	-1.984696	0.849645	-0.358966	-1.664553	0.788956	-0.220884	-1.264413	0.728267	-2.761208	-9.233891	5.400537	0.000000	0.000000	-12.952256	-1.957674	11.208832	-24.821236	-20.769317	4.833980	48.073281	63.774823	-16.369989	2.734735	-28.022324	-14.933499	-3.164522	87.526434	88.293974	-11.980828	4.744770
8.450000	-7.318353	-4.014880	93.592658	0.267959	0.989440	0.244702	9.670740	-7.512425	-4.725927	24.779725	0.432488	32.045600	-3.939944	0.000000	8.373290	5.947757	-14.750088	20.436803	0.356690	30.611109	8.998075	0.000000	-0.378497	-0.850396	0.888216	-0.702908	-1.131027	0.943729	-0.621833	-2.067653	0.943729	-0.432585	-2.067653	0.777189	-0.351473	-1.734127	0.721675	-0.216273	-1.317263	0.666162	-2.703569	-9.619849	4.939990	0.000000	0.000000	-13.010141	-1.438210	11.316599	-25.542853	-20.292997	8.109782	51.604877	66.913814	-14.703558	2.071473	-28.073998	-15.312564	-2.207704	88.975298	88.425806	-11.452134	5.000744
8.466667	-7.345322	-4.257674	93.713462	0.268873	0.990325	0.244589	9.725977	-7.475307	-4.817613	24.384271	0.425586	31.987866	-3.786163	0.000000	8.394035	5.996844	-14.647132	19.939719	0.348014	30.342180	9.140725	0.000000	-0.365713	-0.881493	0.794627	-0.679165	-1.172385	0.844291	-0.600830	-2.143262	0.844291	-0.417973	-2.143262	0.695299	-0.339601	-1.797540	0.645635	-0.208968	-1.365432	0.595970	-2.612250	-9.971623	4.419479	0.000000	0.000000	-13.034159	-0.961748	11.292698	-26.087183	-19.818956	10.910620	55.447907	70.672162	-12.896531	1.762606	-28.102221	-15.693069	-1.013521	90.597783	88.593868	-10.700832	5.261214
8.483333	-7.310422	-4.525708	93.890107	0.269590	0.990971	0.244446	9.835135	-7.388955	-4.927181	24.065614	0.420024	31.934465	-3.717591	0.000000	8.516296	5.983371	-14.486244	19.574133	0.341633	30.225005	9.329435	0.000000	-0.346341	-0.905109	0.702585	-0.643189	-1.203794	0.746496	-0.569003	-2.200681	0.746496	-0.395833	-2.200681	0.614762	-0.321612	-1.845698	0.570850	-0.197899	-1.402013	0.526939	-2.473877	-10.238770	3.907566	0.000000	0.000000	-12.984169	-0.577130	11.142370	-26.453845	-19.349602	13.109691	59.412021	74.809791	-10.932659	1.805145	-28.078055	-16.023438	0.420820	92.292553	88.773276	-9.717806	5.553661
8.500000	-7.245627	-4.800475	94.104251	0.270130	0.991292	0.244333	10.014754	-7.293299	-5.037478	23.883737	0.416850	31.918940	-3.718410	0.000000	8.737441	5.925708	-14.326476	19.378524	0.338219	30.272490	9.618120	0.000000	-0.324140	-0.924550	0.610187	-0.601961	-1.229651	0.648324	-0.532530	-2.247951	0.648324	-0.370460	-2.247951	0.533914	-0.300997	-1.885342	0.495777	-0.185214	-1.432128	0.457640	-2.315301	-10.458694	3.393678	0.000000	0.000000	-12.814169	-0.278601	10.932267	-26.576363	-18.949697	14.994295	63.310335	78.744339	-8.873104	2.017768	-27.990246	-16.288613	2.026613	93.974640	88.961249	-8.416605	5.826048
8.516667	-7.099865	-5.090003	94.324570	0.270436	0.991124	0.244293	10.298685	-7.127224	-5.104818	23.866682	0.416552	31.938637	-3.837737	0.000000	9.112423	5.773005	-14.140403	19.439327	0.339280	30.517330	9.918759	0.000000	-0.297514	-0.931489	0.527404	-0.552513	-1.238881	0.560367	-0.488786	-2.264823	0.560367	-0.340029	-2.264823	0.461479	-0.276271	-1.899493	0.428516	-0.169999	-1.442877	0.395553	-2.125112	-10.537193	2.933265	0.000000	0.000000	-12.484604	-0.143641	10.681689	-26.513697	-18.648341	16.653917	67.080394	82.171697	-6.779340	2.306646	-27.785753	-16.453171	3.860388	95.549278	89.096719	-6.990851	6.195906
8.533333	-6.869694	-5.402715	94.529819	0.270522	0.990287	0.244369	10.730081	-6.888945	-5.117802	24.069228	0.420087	32.030366	-4.054833	0.000000	9.676424	5.515940	-13.932950	19.811733	0.345780	30.971797	10.201442	0.000000	-0.266585	-0.923853	0.454856	-0.495075	-1.228725	0.483284	-0.437973	-2.246256	0.483284	-0.304680	-2.246256	0.397999	-0.247551	-1.883921	0.369570	-0.152327	-1.431048	0.341142	-1.904190	-10.450811	2.529770	0.000000	0.000000	-11.926470	-0.204131	10.476305	-26.314288	-18.394238	17.939892	70.731591	85.353591	-4.656280	2.758854	-27.431679	-16.525157	5.917206	96.931511	89.158363	-5.473444	6.706312
8.550000	-6.562654	-5.717745	94.698316	0.270439	0.988660	0.244574	11.310468	-6.582270	-5.057664	24.526681	0.428071	32.220674	-4.381904	0.000000	10.427556	5.152812	-13.725562	20.544668	0.358572	31.628070	10.433840	0.000000	-0.235249	-0.902872	0.384445	-0.436881	-1.200820	0.408473	-0.386491	-2.195243	0.408473	-0.268866	-2.195243	0.336389	-0.218452	-1.841137	0.312361	-0.134421	-1.398549	0.288334	-1.680360	-10.213470	2.138167	0.000000	0.000000	-11.132112	-0.449390	10.341177	-25.943045	-18.303256	19.398002	74.181135	87.501534	-2.702353	3.102362	-26.933659	-16.504914	8.149075	98.064253	89.142758	-3.997475	7.291138
8.566667	-6.180634	-6.038986	94.825548	0.270215	0.986088	0.244944	12.062753	-6.211368	-4.933605	25.273450	0.441105	32.535947	-4.806935	0.000000	11.382104	4.688868	-13.495975	21.660338	0.378044	32.479135	10.579842	0.000000	-0.204483	-0.867900	0.316413	-0.379745	-1.154307	0.336189	-0.335945	-2.110212	0.336189	-0.233703	-2.110212	0.276862	-0.189883	-1.769822	0.257086	-0.116841	-1.344377	0.237310	-1.460600	-9.817860	1.759796	0.000000	0.000000	-10.101731	-0.876724	10.302730	-25.466718	-18.302558	20.756787	77.435835	89.069076	-0.894361	3.435663	-26.249393	-16.421362	10.549671	98.886775	89.072419	-2.562381	7.962875
8.583333	-5.735174	-6.382184	94.890951	0.269930	0.982428	0.245494	13.019015	-5.774135	-4.731809	26.338147	0.459687	32.981018	-5.334521	0.000000	12.561190	4.122551	-13.253955	23.176198	0.404501	33.505109	10.607675	0.000000	-0.171375	-0.820367	0.254281	-0.318261	-1.091088	0.270174	-0.281552	-1.994641	0.270174	-0.195865	-1.994641	0.222496	-0.159139	-1.672893	0.206604	-0.097924	-1.270749	0.190711	-1.224116	-9.280159	1.414236	0.000000	0.000000	-8.907843	-1.441194	10.367142	-24.906825	-18.389955	22.063415	80.444418	90.052712	0.803880	3.654960	-25.347309	-16.340247	13.140595	99.378170	88.963778	-1.236426	8.681485
8.600000	-5.279795	-6.709750	94.836220	0.269752	0.977684	0.246190	14.135798	-5.275325	-4.359597	27.710141	0.483633	33.563156	-6.004864	0.000000	13.892002	3.459716	-13.123298	25.064179	0.437452	34.688759	10.589048	0.000000	-0.140342	-0.767010	0.207379	-0.260629	-1.020123	0.220341	-0.230568	-1.864907	0.220341	-0.160397	-1.864907	0.181457	-0.130321	-1.564086	0.168496	-0.080191	-1.188098	0.155535	-1.002448	-8.676566	1.153382	0.000000	0.000000	-7.643818	-2.115073	10.500380	-24.260118	-18.494298	23.347303	83.167143	89.958816	2.251825	3.822926	-24.243936	-16.306476	15.879430	99.555045	88.769768	-0.247130	9.294069
8.616667	-4.853598	-7.014771	94.634967	0.269754	0.971922	0.246991	15.397849	-4.754155	-3.832528	29.375489	0.512699	34.309153	-6.744169	0.000000	15.320453	2.761923	-13.019172	27.225854	0.475181	35.974254	10.393811	0.000000	-0.109858	-0.712883	0.181093	-0.204018	-0.948134	0.192411	-0.180486	-1.733303	0.192411	-0.125557	-1.733303	0.158456	-0.102014	-1.453710	0.147138	-0.062773	-1.104255	0.135819	-0.784707	-8.064271	1.007183	0.000000	0.000000	-6.445378	-2.837919	10.738315	-23.499176	-18.558616	24.449506	85.491958	89.450916	3.955627	4.401826	-22.951339	-16.385290	18.769381	99.429753	88.474042	0.186245	9.733240
8.633333	-4.463647	-7.282342	94.287211	0.269967	0.965299	0.247842	16.754551	-4.209152	-3.146789	31.268105	0.545731	35.211856	-7.544023	0.000000	16.799475	2.017042	-13.036794	29.614351	0.516868	37.342986	10.130026	0.000000	-0.080859	-0.659309	0.184327	-0.150163	-0.876881	0.195847	-0.132843	-1.603043	0.195847	-0.092414	-1.603043	0.161286	-0.075086	-1.344462	0.149766	-0.046203	-1.021269	0.138245	-0.577568	-7.458233	1.025172	0.000000	0.000000	-5.404100	-3.601494	11.036396	-22.661871	-18.547679	25.478524	87.476515	87.936598	5.502133	5.181056	-21.471292	-16.582888	21.760405	99.044166	88.042961	0.024956	9.904605
8.650000	-4.181285	-7.491928	93.760449	0.270531	0.958150	0.248651	18.158157	-3.727901	-2.327523	33.331819	0.581750	36.287293	-8.264427	0.000000	18.229261	1.303933	-13.227803	32.078622	0.559878	38.719053	9.833789	0.000000	-0.055348	-0.617967	0.222592	-0.102787	-0.821896	0.236504	-0.090932	-1.502525	0.236504	-0.063258	-1.502525	0.194768	-0.051396	-1.260158	0.180856	-0.031626	-0.957231	0.166944	-0.395348	-6.990565	1.237990	0.000000	0.000000	-4.634690	-4.328921	11.379285	-21.690217	-18.381124	26.385773	89.040276	86.161506	6.996145	6.104128	-19.899162	-16.885730	24.561326	98.560201	87.567491	-0.221028	10.220672
8.666667	-3.957649	-7.671933	93.103428	0.271399	0.950854	0.249351	19.549197	-3.239060	-1.347823	35.406959	0.617968	37.426128	-9.051907	0.000000	19.602379	0.589917	-13.557033	34.539228	0.602823	40.060167	9.517572	0.000000	-0.029340	-0.584186	0.303041	-0.054486	-0.776967	0.321981	-0.048202	-1.420389	0.321981	-0.033532	-1.420389	0.265161	-0.027245	-1.191271	0.246221	-0.016765	-0.904903	0.227281	-0.209569	-6.608424	1.685422	0.000000	0.000000	-4.192942	-5.015887	11.726257	-20.713089	-18.033650	27.035817	90.289429	84.091483	8.312887	6.993274	-18.209999	-17.332606	27.231203	98.013844	86.973514	-0.648472	10.487240
8.683333	-3.837003	-7.799170	92.365190	0.272505	0.943919	0.249830	20.831406	-2.860791	-0.399208	37.374347	0.652305	38.623565	-9.630565	0.000000	20.816821	-0.054647	-14.031953	36.845657	0.643078	41.306645	9.276429	0.000000	-0.007789	-0.565452	0.406834	-0.014465	-0.752051	0.432261	-0.012796	-1.374839	0.432261	-0.008902	-1.374839	0.355980	-0.007233	-1.153069	0.330552	-0.004451	-0.875885	0.305125	-0.055636	-6.396503	2.262687	0.000000	0.000000	-4.118067	-5.591516	12.157680	-19.728702	-17.546008	27.523129	91.353339	82.251934	9.204730	7.841399	-16.586539	-17.854644	29.464829	97.577265	86.443961	-0.947825	10.794107
8.700000	-3.796386	-7.899705	91.541731	0.273895	0.937822	0.250038	21.949973	-2.529084	0.652022	39.062371	0.681767	39.738707	-10.199528	0.000000	21.834949	-0.648899	-14.682450	38.877764	0.678545	42.397933	9.163387	0.000000	0.012544	-0.562253	0.540647	0.023296	-0.747797	0.574437	0.020609	-1.367063	0.574437	0.014337	-1.367063	0.473066	0.011649	-1.146547	0.439276	0.007168	-0.870930	0.405485	0.089603	-6.360323	3.006916	0.000000	0.000000	-4.400725	-5.992609	12.613023	-18.852134	-16.971212	27.900392	92.317311	80.432872	9.539203	8.368521	-15.108371	-18.460147	31.208941	97.375223	85.975273	-1.062048	11.075104
8.716667	-3.834784	-7.955266	90.717024	0.275368	0.933094	0.249828	22.783152	-2.337432	1.467111	40.318984	0.703699	40.754285	-10.351772	0.000000	22.560723	-1.120954	-15.383938	40.462395	0.706202	43.227947	9.123660	0.000000	0.027792	-0.576191	0.684023	0.051613	-0.766334	0.726774	0.045660	-1.400952	0.726774	0.031764	-1.400952	0.598520	0.025808	-1.174969	0.555769	0.015880	-0.892520	0.513017	0.198516	-6.517992	3.804330	0.000000	0.000000	-5.033515	-6.188030	13.101389	-18.151951	-16.385157	28.185277	93.356861	78.911752	9.376676	8.724040	-13.937176	-19.094928	32.357962	97.558611	85.618920	-0.988637	11.297216
8.733333	-3.908289	-8.002506	89.912137	0.276973	0.930149	0.249265	23.336412	-2.198681	2.231786	41.061438	0.716657	41.494153	-10.382240	0.000000	23.014567	-1.552626	-16.270088	41.582454	0.725751	43.734877	9.382960	0.000000	0.042492	-0.605554	0.834864	0.078911	-0.805386	0.887043	0.069810	-1.472343	0.887043	0.048564	-1.472343	0.730506	0.039458	-1.234845	0.678327	0.024280	-0.938002	0.626148	0.303514	-6.850143	4.643264	0.000000	0.000000	-5.958685	-6.169005	13.563855	-17.675239	-15.888667	28.512314	94.525017	77.698337	8.667653	8.680037	-13.127788	-19.721942	32.849251	98.204024	85.378717	-0.435030	11.409844
8.750000	-3.998743	-8.037306	89.217387	0.278445	0.929378	0.248282	23.528655	-2.164040	2.624056	41.189342	0.718890	41.888949	-9.941109	0.000000	23.149677	-1.887940	-17.192579	42.117958	0.735097	43.804328	9.831637	0.000000	0.055488	-0.648131	0.972406	0.103047	-0.862014	1.033182	0.091162	-1.575866	1.033182	0.063417	-1.575866	0.850856	0.051526	-1.321669	0.790080	0.031706	-1.003955	0.729305	0.396347	-7.331788	5.408233	0.000000	0.000000	-7.151608	-5.987052	14.013569	-17.446593	-15.589370	28.903740	95.988356	76.871131	7.561144	8.541029	-12.790298	-20.266427	32.723399	99.397963	85.268225	0.331304	11.389524
8.766667	-4.084483	-8.068197	88.686079	0.279613	0.931044	0.246926	23.347107	-2.231160	2.537413	40.673437	0.709885	41.829434	-8.940186	0.000000	22.979605	-2.090250	-17.959044	42.035581	0.733659	43.303060	10.208480	0.000000	0.067223	-0.700885	1.087920	0.124841	-0.932177	1.155915	0.110441	-1.704131	1.155915	0.076830	-1.704131	0.951930	0.062424	-1.429244	0.883935	0.038411	-1.085670	0.815940	0.480170	-7.928548	6.050685	0.000000	0.000000	-8.553633	-5.731820	14.447161	-17.487783	-15.545317	29.284641	97.859756	76.382452	6.437000	8.617836	-12.949046	-20.674620	32.086871	101.145814	85.288204	1.099600	11.186534
8.783333	-4.131523	-8.121882	88.291230	0.280464	0.935267	0.245218	22.824686	-2.347629	2.055454	39.500841	0.689420	41.208757	-7.454872	0.000000	22.538396	-2.231371	-18.762715	41.358775	0.721847	42.231504	10.733762	0.000000	0.082456	-0.758752	1.192632	0.153129	-1.009140	1.267172	0.135467	-1.844830	1.267172	0.094239	-1.844830	1.043553	0.076568	-1.547248	0.969014	0.047115	-1.175307	0.894474	0.588973	-8.583157	6.633064	0.000000	0.000000	-10.116565	-5.526512	14.834134	-17.852725	-15.762539	29.590374	100.173207	76.317204	5.424683	8.961888	-13.584834	-20.899012	31.005896	103.409073	85.429442	1.970630	10.865991
8.800000	-4.137094	-8.203750	88.087913	0.280830	0.942096	0.243292	21.986757	-2.522938	1.130182	37.716025	0.658269	39.971667	-5.520391	0.000000	21.867064	-2.246176	-19.319572	40.104162	0.699950	40.456383	10.988227	0.000000	0.099409	-0.819913	1.278569	0.184612	-1.090485	1.358479	0.163319	-1.993537	1.358479	0.113614	-1.993537	1.118747	0.092311	-1.671967	1.038837	0.056802	-1.270046	0.958926	0.710067	-9.275024	7.111015	0.000000	0.000000	-11.773087	-5.440974	15.162448	-18.480247	-16.253654	29.826327	102.916323	76.478934	4.493055	9.630172	-14.621048	-20.939066	29.646566	106.122739	85.674767	2.762656	10.457960
8.816667	-4.105243	-8.316945	88.071387	0.280695	0.951443	0.241272	20.879471	-2.754040	-0.177533	35.391186	0.617693	38.103945	-3.209931	0.000000	21.012747	-2.125410	-19.560143	38.339560	0.669152	37.955293	10.849392	0.000000	0.116463	-0.883751	1.341959	0.216283	-1.175389	1.425831	0.191336	-2.148752	1.425831	0.133105	-2.148752	1.174214	0.108147	-1.802145	1.090342	0.066547	-1.368930	1.006469	0.831880	-9.997169	7.463572	0.000000	0.000000	-13.452726	-5.536652	15.430525	-19.244681	-17.040066	30.088074	106.003821	76.710666	3.565349	10.515123	-15.982813	-20.799862	28.115360	109.201770	85.995006	3.415525	9.972957
8.833333	-4.041294	-8.472220	88.236066	0.280110	0.963059	0.239319	19.590877	-3.047602	-1.861334	32.664921	0.570110	35.615959	-0.588500	0.000000	20.045819	-1.891629	-19.563409	36.172357	0.631327	34.790706	10.414775	0.000000	0.131614	-0.950320	1.384279	0.244420	-1.263926	1.470797	0.216228	-2.310609	1.470797	0.150421	-2.310609	1.211245	0.122217	-1.937893	1.124727	0.075204	-1.472046	1.038210	0.940104	-10.750215	7.698947	0.000000	0.000000	-15.081103	-5.782139	15.633310	-20.088902	-18.090955	30.410004	109.325351	77.015563	2.614592	11.566202	-17.540447	-20.524554	26.520778	112.548271	86.377898	4.026582	9.547676
8.850000	-3.901084	-8.693534	88.555951	0.279120	0.976517	0.237560	18.209241	-3.324740	-3.783189	29.630112	0.517143	32.514650	2.132270	0.000000	19.067856	-1.598706	-19.265067	33.734796	0.588783	31.027154	9.600955	0.000000	0.146586	-1.012447	1.408387	0.272226	-1.346554	1.496411	0.240827	-2.461663	1.496411	0.167534	-2.461663	1.232338	0.136120	-2.064581	1.144314	0.083760	-1.568280	1.056290	1.047053	-11.452998	7.833024	0.000000	0.000000	-16.563241	-6.254839	15.754871	-20.972420	-19.373828	30.784232	112.749713	77.299524	1.647511	12.628454	-19.193249	-20.126116	25.028361	116.029218	86.777810	4.437039	9.214610
8.866667	-3.713158	-8.977316	89.026051	0.277852	0.991324	0.236150	16.815917	-3.606925	-5.895920	26.436433	0.461403	28.883859	4.881024	0.000000	18.131891	-1.248844	-18.712798	31.133641	0.543385	26.748544	8.495084	0.000000	0.156824	-1.072724	1.403230	0.291237	-1.426723	1.490932	0.257646	-2.608221	1.490932	0.179234	-2.608221	1.227826	0.145626	-2.187498	1.140124	0.089609	-1.661649	1.052422	1.120175	-12.134866	7.804344	0.000000	0.000000	-17.785406	-6.952475	15.819102	-21.783914	-20.812990	31.267525	116.097938	77.643164	0.729020	13.596296	-20.863965	-19.649801	23.688596	119.508721	87.208661	4.692972	8.894790
8.883333	-3.469761	-9.318620	89.630401	0.276421	1.006882	0.235216	15.495274	-3.868070	-8.108057	23.237015	0.405562	24.830138	7.524048	0.000000	17.306470	-0.886042	-17.961566	28.510695	0.497605	22.055723	7.154679	0.000000	0.159629	-1.128588	1.367026	0.296447	-1.501022	1.452465	0.262254	-2.744048	1.452465	0.182440	-2.744048	1.196148	0.148231	-2.301416	1.110709	0.091212	-1.748182	1.025269	1.140214	-12.766809	7.602988	0.000000	0.000000	-18.695063	-7.888788	15.820864	-22.478735	-22.321259	31.835708	119.226318	78.254985	-0.069393	14.376478	-22.453153	-19.138520	22.588811	122.839526	87.656706	4.772488	8.564229
8.900000	-3.147560	-9.732676	90.358383	0.274932	1.022504	0.234894	14.351060	-4.058742	-10.305520	20.178498	0.352181	20.475840	9.935197	0.000000	16.681957	-0.566177	-17.049082	25.999871	0.453783	17.062715	5.619539	0.000000	0.156583	-1.175474	1.301899	0.290790	-1.563380	1.383267	0.257250	-2.858047	1.383267	0.178958	-2.858047	1.139161	0.145403	-2.397026	1.057793	0.089471	-1.820809	0.976424	1.118454	-13.297195	7.240771	0.000000	0.000000	-19.246088	-9.076269	15.768166	-23.035301	-23.807934	32.448298	122.004217	79.169651	-0.625390	14.881113	-23.851927	-18.638316	21.836490	125.876328	88.083597	4.561800	8.203311
8.916667	-2.788050	-10.197096	91.107793	0.273608	1.037577	0.235220	13.453098	-4.175573	-12.328317	17.428587	0.304186	15.978797	12.055744	0.000000	16.258144	-0.317948	-16.123376	23.692984	0.413521	11.899351	3.950047	0.000000	0.146142	-1.216259	1.218893	0.271400	-1.617625	1.295074	0.240096	-2.957213	1.295074	0.167026	-2.957213	1.066532	0.135707	-2.480196	0.990351	0.083505	-1.883986	0.914170	1.043877	-13.758569	6.779118	0.000000	0.000000	-19.452269	-10.473502	15.723011	-23.332243	-25.217354	33.207184	124.325616	80.199063	-1.011259	15.138815	-24.997423	-18.220987	21.462812	128.502640	88.439687	4.001150	7.692535
8.933333	-2.393511	-10.673859	91.878150	0.272513	1.051549	0.236162	12.813287	-4.201754	-14.095770	15.084903	0.263281	11.502696	13.804230	0.000000	16.022001	-0.160867	-15.215243	21.657625	0.377997	6.743869	2.198019	0.000000	0.126236	-1.249908	1.117212	0.234432	-1.662377	1.187037	0.207392	-3.039026	1.187037	0.144275	-3.039026	0.977560	0.117222	-2.548812	0.907734	0.072131	-1.936107	0.837909	0.901688	-14.139206	6.213596	0.000000	0.000000	-19.374412	-12.069986	15.702250	-23.346445	-26.463029	34.086567	126.141051	80.974673	-1.216526	15.317753	-25.868928	-17.914007	21.468748	130.624168	88.676921	2.945432	6.979325
8.950000	-1.943196	-11.158685	92.697635	0.271592	1.063895	0.237678	12.462911	-4.144333	-15.623066	13.227596	0.230865	7.229960	15.199125	0.000000	16.007524	-0.098248	-14.253052	19.972376	0.348584	1.805198	0.332294	0.000000	0.100203	-1.272905	0.998994	0.186088	-1.692964	1.061431	0.164624	-3.094942	1.061431	0.114523	-3.094942	0.874119	0.093049	-2.595708	0.811682	0.057256	-1.971730	0.749245	0.715743	-14.399358	5.556103	0.000000	0.000000	-19.116612	-13.776594	15.711366	-23.099481	-27.492034	34.991674	127.446815	81.652552	-1.217568	15.389606	-26.425444	-17.717203	21.817104	132.171419	88.813296	1.570108	6.166547
8.966667	-1.419648	-11.633620	93.573712	0.270880	1.074213	0.239679	12.406189	-3.986234	-16.837122	11.888317	0.207490	3.343555	16.149467	0.000000	16.211133	-0.168087	-13.330940	18.682082	0.326064	-2.615207	-1.406069	0.000000	0.070237	-1.284631	0.877450	0.130437	-1.708560	0.932291	0.115392	-3.123453	0.932291	0.080274	-3.123453	0.767769	0.065222	-2.619620	0.712928	0.040133	-1.989894	0.658088	0.501695	-14.532008	4.880115	0.000000	0.000000	-18.810094	-15.443315	15.667113	-22.665793	-28.240067	35.794051	128.270015	82.200017	-0.956047	15.407494	-26.606943	-17.648264	22.485827	133.133094	88.850447	0.018842	5.445732
8.983333	-0.869250	-12.060669	94.467361	0.270328	1.082275	0.242039	12.593898	-3.786104	-17.725159	11.081317	0.193405	0.056563	16.782119	0.000000	16.543739	-0.285439	-12.296533	17.734841	0.309531	-6.330927	-3.195496	0.000000	0.032920	-1.289993	0.757242	0.061135	-1.715690	0.804570	0.054084	-3.136488	0.804570	0.037624	-3.136488	0.662587	0.030569	-2.630553	0.615259	0.018810	-1.998199	0.567932	0.235141	-14.592656	4.211553	0.000000	0.000000	-18.537882	-16.921507	15.621998	-22.029819	-28.728723	36.519436	128.653766	82.751742	-0.554999	15.311790	-26.497349	-17.637652	23.248863	133.528414	88.872159	-1.317147	4.848500
9.000000	-0.238631	-12.449343	95.388158	0.269999	1.087831	0.244650	13.014797	-3.465298	-18.185476	10.737808	0.187410	-2.537119	16.887015	0.000000	17.028667	-0.547408	-11.341260	17.160376	0.299505	-9.046273	-4.614762	0.000000	-0.006482	-1.286300	0.653824	-0.012038	-1.710778	0.694688	-0.010650	-3.127509	0.694688	-0.007409	-3.127509	0.572096	-0.006019	-2.623022	0.531232	-0.003704	-1.992478	0.490368	-0.046302	-14.550878	3.636371	0.000000	0.000000	-18.350999	-18.052196	15.478234	-21.350038	-28.936684	37.023415	128.675692	83.069333	0.173030	15.171136	-26.066654	-17.716050	24.173521	133.462333	88.810397	-2.685334	4.489394
9.016667	0.441916	-12.793485	96.352292	0.269849	1.090732	0.247354	13.645030	-3.114559	-18.343215	10.834748	0.189102	-4.268634	16.658083	0.000000	17.627613	-0.910836	-10.522724	16.913966	0.295204	-10.618350	-5.491459	0.000000	-0.046232	-1.280145	0.560077	-0.085857	-1.702592	0.595081	-0.075954	-3.112544	0.595081	-0.052838	-3.112544	0.490067	-0.042931	-2.610471	0.455062	-0.026417	-1.982944	0.420057	-0.330230	-14.481252	3.114978	0.000000	0.000000	-18.285329	-18.717764	15.254220	-20.694582	-28.874394	37.310429	128.450341	83.437941	1.108085	15.098843	-25.479078	-17.810248	24.990604	133.070503	88.790690	-3.732353	4.473286
9.033333	1.186104	-13.105269	97.312946	0.269931	1.090895	0.250123	14.468234	-2.673623	-18.100675	11.307264	0.197349	-5.122519	15.975508	0.000000	18.345157	-1.395721	-9.856661	16.995391	0.296626	-10.995775	-5.817900	0.000000	-0.084681	-1.270972	0.491529	-0.157261	-1.690393	0.522249	-0.139123	-3.090242	0.522249	-0.096782	-3.090242	0.430088	-0.078635	-2.591766	0.399367	-0.048387	-1.968736	0.368647	-0.604869	-14.377491	2.733735	0.000000	0.000000	-18.284577	-18.901881	14.861049	-20.153856	-28.567927	37.344780	128.035355	83.621685	2.342214	15.017019	-24.744555	-17.926865	25.738747	132.436821	88.705298	-4.589617	4.739881
9.050000	1.987092	-13.388069	98.339168	0.270087	1.088280	0.252937	15.463861	-2.245683	-17.796165	12.152544	0.212102	-4.998955	15.234919	0.000000	19.189782	-1.963308	-9.308852	17.409861	0.303859	-10.223180	-5.572882	0.000000	-0.123232	-1.259598	0.430566	-0.228854	-1.675265	0.457476	-0.202458	-3.062587	0.457476	-0.140842	-3.062587	0.376745	-0.114433	-2.568572	0.349835	-0.070415	-1.951117	0.322925	-0.880233	-14.248825	2.394679	0.000000	0.000000	-18.291194	-18.677836	14.313322	-19.744577	-28.055692	37.128956	127.534772	83.920207	3.902443	15.111416	-23.943619	-18.028712	26.334551	131.688315	88.578595	-5.178912	5.404347
9.066667	2.861550	-13.676904	99.380127	0.270434	1.082862	0.255805	16.678690	-1.746687	-17.199609	13.344217	0.232901	-3.990541	14.125163	0.000000	20.208128	-2.644494	-8.961356	18.182114	0.317338	-8.392224	-4.744510	0.000000	-0.155094	-1.244754	0.393146	-0.288025	-1.655523	0.417717	-0.254804	-3.026496	0.417717	-0.177257	-3.026496	0.344002	-0.144020	-2.538303	0.319431	-0.088621	-1.928125	0.294859	-1.107822	-14.080911	2.186558	0.000000	0.000000	-18.267877	-18.139254	13.571526	-19.528300	-27.374900	36.672562	126.960250	84.308934	5.724843	15.144963	-23.067066	-18.148638	26.855699	130.845395	88.365174	-5.519125	6.311427
9.083333	3.800786	-13.973258	100.528231	0.270747	1.074777	0.258719	18.069208	-1.259833	-16.717785	14.857730	0.259316	-2.113788	13.079273	0.000000	21.415582	-3.349469	-8.569012	19.305154	0.336938	-5.691504	-3.662360	0.000000	-0.182389	-1.225195	0.354377	-0.338714	-1.629510	0.376526	-0.299647	-2.978939	0.376526	-0.208452	-2.978939	0.310080	-0.169366	-2.498418	0.287932	-0.104217	-1.897827	0.265783	-1.302785	-13.859652	1.970941	0.000000	0.000000	-18.176112	-17.464176	12.718754	-19.444304	-26.612910	36.076384	126.346847	84.822293	7.543426	15.122385	-22.166654	-18.286593	27.362982	129.936193	88.090199	-5.874728	7.338715
9.100000	4.772371	-14.298144	101.739217	0.271112	1.064234	0.261694	19.660332	-0.773697	-16.230992	16.691212	0.291317	0.506268	11.935693	0.000000	22.817971	-4.048944	-8.135215	20.765877	0.362433	-2.310931	-2.470483	0.000000	-0.203337	-1.203764	0.319936	-0.377618	-1.601007	0.339931	-0.334063	-2.926833	0.339931	-0.232394	-2.926833	0.279944	-0.188819	-2.454716	0.259948	-0.116187	-1.864631	0.239952	-1.452419	-13.617223	1.779385	0.000000	0.000000	-17.981418	-16.749232	11.815938	-19.443197	-25.799518	35.421782	125.635382	85.356458	9.135218	14.854854	-21.236788	-18.454276	27.860155	128.905328	87.791300	-6.118858	8.273263
9.116667	5.738247	-14.678709	102.956196	0.271645	1.051504	0.264729	21.473984	-0.300749	-15.656377	18.834021	0.328716	3.745159	10.625892	0.000000	24.416838	-4.742312	-7.826068	22.552837	0.393621	1.608692	-1.063948	0.000000	-0.215838	-1.184448	0.300300	-0.400834	-1.575315	0.319069	-0.354601	-2.879866	0.319069	-0.246682	-2.879866	0.262762	-0.200428	-2.415326	0.243994	-0.123330	-1.834709	0.225225	-1.541712	-13.398709	1.670178	0.000000	0.000000	-17.660177	-16.039607	10.904600	-19.504817	-24.925441	34.689041	124.783854	85.918344	10.471083	14.332961	-20.253221	-18.684120	28.352212	127.733128	87.497198	-6.136003	9.110728
9.133333	6.678866	-15.114729	104.210337	0.272249	1.036984	0.267889	23.493989	0.124558	-15.095121	21.264872	0.371142	7.472375	9.186107	0.000000	26.214597	-5.335753	-7.337877	24.619036	0.429683	5.809127	0.082765	0.000000	-0.221410	-1.168204	0.276482	-0.411181	-1.553711	0.293762	-0.363755	-2.840371	0.293762	-0.253050	-2.840371	0.241921	-0.205602	-2.382201	0.224641	-0.126514	-1.809548	0.207361	-1.581513	-13.214955	1.537708	0.000000	0.000000	-17.213611	-15.356872	10.097531	-19.434497	-24.087545	34.094420	123.711446	86.200740	11.222896	13.441399	-19.259153	-18.924259	28.815059	126.343325	87.244273	-6.066373	9.518571
9.150000	7.520489	-15.594945	105.432575	0.273036	1.021211	0.271145	25.668056	0.465102	-14.484217	23.933154	0.417712	11.533694	7.622829	0.000000	28.134722	-5.812630	-6.848115	26.898320	0.469464	10.163342	1.137608	0.000000	-0.226416	-1.162602	0.262210	-0.420477	-1.546261	0.278598	-0.371979	-2.826750	0.278598	-0.258771	-2.826750	0.229434	-0.210250	-2.370778	0.213046	-0.129374	-1.800870	0.196657	-1.617267	-13.151585	1.458333	0.000000	0.000000	-16.682552	-14.703429	9.309678	-19.221712	-23.229470	33.535427	122.376566	86.392667	11.474764	12.300196	-18.182955	-19.201337	29.271859	124.730775	87.019543	-5.852339	9.596721
9.166667	8.271945	-16.150962	106.585630	0.274055	1.004613	0.274488	28.008075	0.737298	-13.850750	26.785514	0.467495	15.749162	5.954437	0.000000	30.199873	-6.205823	-6.451945	29.365967	0.512533	14.541818	2.163899	0.000000	-0.225623	-1.166501	0.254805	-0.419004	-1.551446	0.270730	-0.370675	-2.836230	0.270730	-0.257864	-2.836230	0.222954	-0.209513	-2.378728	0.207029	-0.128921	-1.806910	0.191104	-1.611600	-13.195689	1.417149	0.000000	0.000000	-16.045220	-14.074180	8.624783	-18.827510	-22.359614	33.064862	120.739396	86.436199	11.204499	10.903941	-17.108758	-19.427084	29.593850	122.893079	86.844814	-5.436541	9.248787
9.183333	8.916665	-16.741290	107.654868	0.275309	0.987793	0.277873	30.411069	0.947059	-13.183554	29.700040	0.518363	19.942111	4.188295	0.000000	32.332702	-6.501579	-6.079321	31.934137	0.557356	18.732518	3.065223	0.000000	-0.225727	-1.179090	0.243925	-0.419198	-1.568190	0.259170	-0.370847	-2.866839	0.259170	-0.257983	-2.866839	0.213434	-0.209610	-2.404400	0.198189	-0.128980	-1.826410	0.182944	-1.612345	-13.338101	1.356638	0.000000	0.000000	-15.284610	-13.563019	8.123086	-18.149793	-21.487094	32.743086	118.755883	86.339675	10.496349	9.274861	-16.089263	-19.545536	29.723644	120.834724	86.719470	-4.942645	8.358733
9.200000	9.497856	-17.331580	108.649974	0.276705	0.971267	0.281297	32.810991	1.119933	-12.553104	32.585429	0.568723	23.950551	2.390274	0.000000	34.506617	-6.741127	-5.757259	34.562693	0.603233	22.587505	3.880189	0.000000	-0.229244	-1.192106	0.227008	-0.425728	-1.585502	0.241196	-0.376624	-2.898488	0.241196	-0.262002	-2.898488	0.198632	-0.212876	-2.430944	0.184444	-0.130990	-1.846573	0.170256	-1.637464	-13.485347	1.262553	0.000000	0.000000	-14.402236	-13.241315	7.858447	-17.196623	-20.640010	32.602901	116.453113	85.922561	9.372913	7.493848	-15.123380	-19.498370	29.639682	118.564391	86.651770	-4.373516	7.057547
9.216667	9.995667	-17.949383	109.557430	0.278198	0.955526	0.284744	35.192857	1.228989	-11.945506	35.382508	0.617541	27.630831	0.602288	0.000000	36.695566	-6.894915	-5.504808	37.163920	0.648633	25.914683	4.536991	0.000000	-0.232684	-1.207379	0.204666	-0.432118	-1.605814	0.217458	-0.382277	-2.935621	0.217458	-0.265935	-2.935621	0.179083	-0.216071	-2.462087	0.166291	-0.132956	-1.870230	0.153500	-1.662042	-13.658112	1.138293	0.000000	0.000000	-13.434954	-13.121533	7.894455	-16.024965	-19.780514	32.615296	113.829827	85.495860	7.910656	5.568585	-14.201271	-19.307133	29.371622	116.081220	86.644963	-3.749452	5.318119
9.233333	10.460988	-18.527681	110.352015	0.279692	0.941040	0.288152	37.448851	1.343285	-11.413153	37.984250	0.662950	30.875315	-1.067576	0.000000	38.829059	-7.048599	-5.307791	39.693373	0.692780	28.645438	5.007634	0.000000	-0.240882	-1.214634	0.181800	-0.447343	-1.615463	0.193162	-0.395746	-2.953262	0.193162	-0.275305	-2.953262	0.159075	-0.223683	-2.476882	0.147712	-0.137640	-1.881468	0.136350	-1.720599	-13.740185	1.011115	0.000000	0.000000	-12.420566	-13.248550	8.264210	-14.647146	-18.971439	32.813846	110.964920	84.910476	6.230603	3.689592	-13.320121	-18.940987	28.950930	113.425646	86.707876	-3.178560	3.360980
9.250000	10.880168	-19.069487	111.006836	0.281179	0.928205	0.291453	39.542028	1.448869	-10.945096	40.324738	0.703799	33.608283	-2.568101	0.000000	40.843944	-7.174304	-5.148387	42.041900	0.733770	30.726240	5.219837	0.000000	-0.251018	-1.215911	0.157378	-0.466166	-1.617161	0.167214	-0.412398	-2.956366	0.167214	-0.286889	-2.956366	0.137706	-0.233095	-2.479485	0.127870	-0.143432	-1.883446	0.118034	-1.792998	-13.754627	0.875290	0.000000	0.000000	-11.410765	-13.576070	9.005975	-13.066718	-18.226233	33.276308	107.902722	84.211817	4.313520	1.904631	-12.515198	-18.422585	28.359202	110.634774	86.842406	-2.646247	1.183407
9.266667	11.306594	-19.543212	111.569885	0.282497	0.917298	0.294553	41.390545	1.587458	-10.636025	42.316505	0.738562	35.792138	-3.819568	0.000000	42.698173	-7.327032	-4.942824	44.169183	0.770898	32.228881	5.202999	0.000000	-0.262640	-1.204033	0.133562	-0.487748	-1.601364	0.141909	-0.431491	-2.927486	0.141909	-0.300171	-2.927486	0.116867	-0.243887	-2.455264	0.108519	-0.150072	-1.865047	0.100171	-1.876009	-13.620264	0.742831	0.000000	0.000000	-10.508311	-14.053262	9.979984	-11.424623	-17.562369	33.882924	104.758978	83.296758	2.377840	0.359995	-11.767044	-17.743638	27.670519	107.777704	87.047254	-2.238194	-0.881521
9.283333	11.738545	-19.934981	112.029168	0.283610	0.908512	0.297366	42.946626	1.768788	-10.438662	43.903480	0.766260	37.436342	-4.840271	0.000000	44.326931	-7.500890	-4.681423	45.996357	0.802788	33.260048	5.006675	0.000000	-0.273509	-1.180222	0.111835	-0.507934	-1.569695	0.118824	-0.449349	-2.869592	0.118824	-0.312594	-2.869592	0.097855	-0.253981	-2.406709	0.090866	-0.156283	-1.828164	0.083876	-1.953651	-13.350908	0.621991	0.000000	0.000000	-9.775391	-14.597357	11.122634	-9.775445	-16.988890	34.638765	101.617756	82.130677	0.472891	-0.853514	-11.097609	-16.926116	26.881961	104.920499	87.314838	-1.951000	-2.771974
9.300000	12.182822	-20.219863	112.384205	0.284479	0.901923	0.299845	44.157307	1.999734	-10.354438	45.049610	0.786264	38.596479	-5.583537	0.000000	45.676853	-7.721364	-4.399507	47.482004	0.828717	33.980739	4.781619	0.000000	-0.284411	-1.144587	0.102788	-0.528179	-1.522301	0.109212	-0.467258	-2.782949	0.109212	-0.325053	-2.782949	0.089939	-0.264104	-2.334042	0.083515	-0.162512	-1.772965	0.077091	-2.031518	-12.947798	0.571674	0.000000	0.000000	-9.251418	-15.143682	12.260680	-8.233770	-16.510975	35.440867	98.591890	80.735059	-1.277682	-1.676181	-10.479127	-16.004414	26.060670	102.153218	87.627782	-1.802604	-4.253369
9.316667	12.606437	-20.369345	112.619062	0.285061	0.897542	0.301962	44.971276	2.246815	-10.397071	45.745743	0.798414	39.354340	-5.956138	0.000000	46.671867	-7.941949	-4.017400	48.555858	0.847460	34.463074	4.434080	0.000000	-0.298888	-1.101098	0.107926	-0.555065	-1.464461	0.114672	-0.491043	-2.677211	0.114672	-0.341599	-2.677211	0.094435	-0.277547	-2.245360	0.087690	-0.170785	-1.705601	0.080945	-2.134927	-12.455845	0.600253	0.000000	0.000000	-8.906915	-15.682701	13.308352	-6.827424	-16.151181	36.276350	95.769434	79.195611	-2.879543	-2.117752	-9.954269	-15.000846	25.204462	99.557614	87.965053	-1.796212	-5.309253
9.333333	13.038903	-20.409982	112.771945	0.285435	0.895194	0.303685	45.409478	2.547489	-10.540080	45.975953	0.802432	39.732814	-6.095757	0.000000	47.356864	-8.250361	-3.771756	49.250772	0.859588	34.864669	4.375773	0.000000	-0.311043	-1.050464	0.135361	-0.577638	-1.397117	0.143821	-0.511013	-2.554098	0.143821	-0.355491	-2.554098	0.118441	-0.288835	-2.142106	0.109981	-0.177730	-1.627169	0.101520	-2.221751	-11.883057	0.752835	0.000000	0.000000	-8.726702	-16.180651	14.067484	-5.703975	-15.846048	36.972030	93.217599	77.449078	-4.111906	-2.157382	-9.477810	-14.007993	24.410505	97.234022	88.278227	-1.930450	-5.678278
9.350000	13.468163	-20.347202	112.871156	0.285555	0.894688	0.305025	45.474626	2.871979	-10.822502	45.749118	0.798473	39.788875	-5.964498	0.000000	47.741125	-8.590667	-3.535188	49.559624	0.864979	35.169697	4.409347	0.000000	-0.319367	-0.994497	0.178626	-0.593096	-1.322681	0.189790	-0.524688	-2.418019	0.189790	-0.365004	-2.418019	0.156298	-0.296564	-2.027978	0.145134	-0.182486	-1.540475	0.133970	-2.281205	-11.249946	0.993464	0.000000	0.000000	-8.663529	-16.658433	14.537150	-4.868519	-15.597764	37.513899	90.973961	75.664406	-5.016333	-1.851489	-9.087427	-13.072350	23.700058	95.213749	88.541551	-2.200836	-5.411522
9.366667	13.839186	-20.193303	112.888711	0.285512	0.895816	0.306023	45.186853	3.165872	-11.255402	45.127554	0.787624	39.586604	-5.492116	0.000000	47.814449	-8.935525	-3.372927	49.499754	0.863934	35.384230	4.522373	0.000000	-0.326351	-0.940307	0.239818	-0.606066	-1.250609	0.254807	-0.536162	-2.286263	0.254807	-0.372986	-2.286263	0.209841	-0.303049	-1.917475	0.194852	-0.186477	-1.456536	0.179863	-2.331090	-10.636945	1.333795	0.000000	0.000000	-8.634290	-17.102674	14.708650	-4.282634	-15.361469	37.899297	89.008179	73.924033	-5.532157	-1.277974	-8.759676	-12.291512	23.128808	93.516711	88.749565	-2.568401	-4.558555
9.383333	14.152809	-19.978094	112.857858	0.285337	0.898266	0.306725	44.598437	3.423471	-11.818669	44.154759	0.770646	39.174323	-4.756632	0.000000	47.627253	-9.276290	-3.301385	49.113339	0.857189	35.514044	4.725698	0.000000	-0.328213	-0.889287	0.312738	-0.609525	-1.182752	0.332285	-0.539222	-2.162213	0.332285	-0.375115	-2.162213	0.273646	-0.304779	-1.813435	0.254100	-0.187541	-1.377506	0.234554	-2.344396	-10.059797	1.739357	0.000000	0.000000	-8.598595	-17.494306	14.590407	-3.929691	-15.106944	38.124074	87.286737	72.386492	-5.668535	-0.513311	-8.475228	-11.738953	22.768411	92.122528	88.889051	-2.989912	-3.195204
9.400000	14.394318	-19.726393	112.785222	0.285086	0.901775	0.307130	43.751071	3.648271	-12.436730	42.870743	0.748236	38.595877	-3.868600	0.000000	47.202631	-9.586107	-3.308736	48.424028	0.845159	35.556744	4.990243	0.000000	-0.322368	-0.844741	0.393203	-0.598669	-1.123506	0.417778	-0.529618	-2.053904	0.417778	-0.368434	-2.053904	0.344052	-0.299351	-1.722597	0.319477	-0.184201	-1.308504	0.294902	-2.302640	-9.555884	2.186874	0.000000	0.000000	-8.562101	-17.791444	14.199561	-3.751878	-14.826049	38.264584	85.734734	71.239031	-5.614345	0.187907	-8.219416	-11.460156	22.663501	90.934245	88.961174	-3.351758	-1.619075
9.416667	14.523736	-19.456261	112.658965	0.284829	0.906102	0.307282	42.690303	3.810069	-13.066714	41.347450	0.721649	37.909391	-2.842559	0.000000	46.542968	-9.825728	-3.427360	47.444924	0.828070	35.497437	5.290596	0.000000	-0.310208	-0.812626	0.476975	-0.576087	-1.080793	0.506786	-0.509640	-1.975819	0.506786	-0.354536	-1.975819	0.417354	-0.288059	-1.657107	0.387543	-0.177253	-1.258758	0.357732	-2.215783	-9.192588	2.652794	0.000000	0.000000	-8.490450	-17.908390	13.543368	-3.671839	-14.494785	38.363340	84.290782	70.480854	-5.498851	0.783466	-7.974707	-11.463461	22.812127	89.881065	89.006466	-3.559927	0.018485
9.433333	14.513363	-19.182958	112.472161	0.284614	0.911024	0.307226	41.465617	3.889786	-13.662548	39.658600	0.692173	37.159620	-1.722316	0.000000	45.657051	-9.959759	-3.659820	46.190730	0.806180	35.327881	5.607712	0.000000	-0.293078	-0.796912	0.558801	-0.544275	-1.059893	0.593726	-0.481498	-1.937612	0.593726	-0.334959	-1.937612	0.488951	-0.272152	-1.625063	0.454026	-0.167465	-1.234417	0.419101	-2.093425	-9.014828	3.107884	0.000000	0.000000	-8.370854	-17.766790	12.660622	-3.618749	-14.096037	38.454768	82.882812	70.126632	-5.397446	1.180989	-7.729668	-11.710456	23.177160	88.866706	89.051905	-3.539006	1.480220
9.450000	14.362868	-18.915153	112.241503	0.284454	0.916307	0.307049	40.128872	3.880001	-14.214087	37.872457	0.660999	36.389851	-0.522472	0.000000	44.582227	-9.968061	-3.963795	44.709787	0.780333	35.053547	5.901983	0.000000	-0.272689	-0.798015	0.631897	-0.506411	-1.061360	0.671391	-0.448001	-1.940294	0.671391	-0.311656	-1.940294	0.552910	-0.253219	-1.627312	0.513417	-0.155815	-1.236125	0.473923	-1.947791	-9.027306	3.514423	0.000000	0.000000	-8.179884	-17.310882	11.580986	-3.542560	-13.626652	38.565093	81.479472	69.970793	-5.306419	1.377519	-7.463288	-12.146527	23.731614	87.838321	89.096101	-3.335988	2.689788
9.466667	14.078650	-18.638347	111.985242	0.284328	0.921805	0.306794	38.700067	3.787089	-14.717385	36.037311	0.628970	35.623709	0.714125	0.000000	43.327044	-9.842159	-4.293869	43.034622	0.751096	34.695250	6.143766	0.000000	-0.252696	-0.814510	0.685111	-0.469282	-1.083298	0.727930	-0.415155	-1.980399	0.727930	-0.288807	-1.980399	0.599472	-0.234654	-1.660948	0.556653	-0.144391	-1.261676	0.513833	-1.804985	-9.213898	3.810381	0.000000	0.000000	-7.932581	-16.547375	10.371387	-3.356331	-13.103494	38.798530	80.012459	69.888902	-5.307771	1.309345	-7.191579	-12.681204	24.384877	86.723821	89.134848	-2.954446	3.431923
9.483333	13.642937	-18.333498	111.705368	0.284228	0.927413	0.306511	37.192903	3.595676	-15.171357	34.217978	0.597216	34.892133	1.991906	0.000000	41.883730	-9.567840	-4.625530	41.194787	0.718985	34.268942	6.319472	0.000000	-0.239681	-0.847368	0.716707	-0.445112	-1.126999	0.761502	-0.393772	-2.060290	0.761502	-0.273932	-2.060290	0.627119	-0.222568	-1.727953	0.582325	-0.136954	-1.312573	0.537531	-1.712019	-9.585595	3.986112	0.000000	0.000000	-7.626486	-15.494159	9.039966	-3.053202	-12.494334	39.131034	78.458195	69.877860	-5.286741	1.106664	-6.878017	-13.278293	25.105051	85.541000	89.139748	-2.483979	3.850717
9.500000	13.116253	-17.992597	111.429140	0.284090	0.932974	0.306241	35.640699	3.344456	-15.630854	32.446197	0.566293	34.211153	3.309259	0.000000	40.308985	-9.184172	-4.884221	39.254908	0.685127	33.794135	6.389129	0.000000	-0.231341	-0.888013	0.710254	-0.429624	-1.181057	0.754645	-0.380070	-2.159114	0.754645	-0.264400	-2.159114	0.621472	-0.214823	-1.810835	0.577081	-0.132188	-1.375532	0.532690	-1.652446	-10.045377	3.950218	0.000000	0.000000	-7.250782	-14.205471	7.830350	-2.532979	-11.858229	39.776717	76.746123	69.465786	-5.236139	0.732708	-6.611625	-13.815482	25.753819	84.254195	89.124969	-2.009124	3.743761
9.516667	12.545117	-17.592756	111.193263	0.283815	0.938414	0.306056	34.062713	3.061551	-16.109139	30.757317	0.536816	33.569529	4.589561	0.000000	38.636131	-8.730989	-5.088433	37.262932	0.650361	33.301620	6.435025	0.000000	-0.229806	-0.928370	0.666739	-0.426773	-1.234733	0.708410	-0.377548	-2.257240	0.708410	-0.262645	-2.257240	0.583397	-0.213398	-1.893133	0.541725	-0.131311	-1.438046	0.500054	-1.641481	-10.501911	3.708203	0.000000	0.000000	-6.870247	-12.753019	6.835709	-1.839852	-11.195034	40.660947	74.848015	68.810672	-5.184382	0.282853	-6.346440	-14.235519	26.301785	82.865057	89.086752	-1.477991	3.357308
9.533333	11.968259	-17.128316	111.023546	0.283304	0.943648	0.306015	32.483671	2.756634	-16.654652	29.179464	0.509278	32.967266	5.840564	0.000000	36.903991	-8.215409	-5.137370	35.256881	0.615349	32.785804	6.371884	0.000000	-0.233413	-0.961803	0.583104	-0.433471	-1.279198	0.619548	-0.383474	-2.338528	0.619548	-0.266768	-2.338528	0.510216	-0.216747	-1.961309	0.473772	-0.133372	-1.489833	0.437328	-1.667245	-10.880107	3.243048	0.000000	0.000000	-6.542625	-11.188754	6.216702	-0.970341	-10.523758	41.865106	72.745117	67.433792	-5.139017	-0.163845	-6.055771	-14.497945	26.772422	81.332022	89.027746	-1.044151	2.651383
9.550000	11.376852	-16.626979	110.887564	0.282574	0.948624	0.306151	30.955142	2.426432	-17.221201	27.754718	0.484411	32.389104	7.017838	0.000000	35.139493	-7.640730	-5.064416	33.251822	0.580354	32.248593	6.191248	0.000000	-0.238454	-0.989241	0.469747	-0.442833	-1.315690	0.499106	-0.391757	-2.405240	0.499106	-0.272529	-2.405240	0.411028	-0.221429	-2.017260	0.381669	-0.136253	-1.532334	0.352310	-1.703255	-11.190490	2.612591	0.000000	0.000000	-6.336488	-9.533801	6.053530	0.022775	-9.806316	43.279677	70.412669	65.586197	-5.064041	-0.519763	-5.702590	-14.597718	27.189003	79.626830	88.955256	-0.754084	1.631624
9.566667	10.826792	-16.048980	110.762007	0.281636	0.953299	0.306461	29.457203	2.139696	-17.823801	26.471664	0.462018	31.841152	8.111204	0.000000	33.353424	-7.095517	-4.869376	31.301143	0.546308	31.746366	5.940894	0.000000	-0.247242	-1.001560	0.338177	-0.459153	-1.332075	0.359313	-0.406194	-2.435193	0.359313	-0.282573	-2.435193	0.295905	-0.229589	-2.042381	0.274769	-0.141274	-1.551416	0.253633	-1.766025	-11.329846	1.880840	0.000000	0.000000	-6.279527	-7.844659	6.379733	1.123371	-9.089332	44.857461	67.906145	63.149114	-4.944019	-0.629281	-5.262255	-14.493644	27.582626	77.737012	88.882763	-0.693622	0.449509
9.583333	10.280662	-15.455955	110.608703	0.280608	0.957614	0.306934	28.056265	1.853371	-18.390381	25.355601	0.442539	31.319122	9.069583	0.000000	31.573589	-6.526065	-4.575050	29.374873	0.512688	31.245069	5.580198	0.000000	-0.253293	-1.006158	0.201824	-0.470390	-1.338190	0.214438	-0.416135	-2.446372	0.214438	-0.289488	-2.446372	0.176596	-0.235208	-2.051757	0.163982	-0.144732	-1.558538	0.151368	-1.809245	-11.381858	1.122484	0.000000	0.000000	-6.362887	-6.135334	7.120830	2.257930	-8.324206	46.465631	65.233581	60.346639	-4.807889	-0.539936	-4.714140	-14.235894	28.020385	75.648957	88.818660	-0.862687	-0.937199
9.600000	9.755061	-14.836096	110.407423	0.279504	0.961516	0.307520	26.742170	1.584819	-18.923138	24.405859	0.425963	30.844153	9.927245	0.000000	29.793800	-5.976884	-4.198076	27.479876	0.479614	30.782113	5.181095	0.000000	-0.257993	-1.001352	0.075260	-0.479119	-1.331799	0.079964	-0.423857	-2.434688	0.079964	-0.294860	-2.434688	0.065853	-0.239572	-2.041958	0.061149	-0.147417	-1.551095	0.056445	-1.842819	-11.327497	0.418574	0.000000	0.000000	-6.564416	-4.456948	8.045011	3.362605	-7.540692	47.996029	62.485165	57.216497	-4.648105	-0.174155	-4.043222	-13.832961	28.555829	73.392830	88.777511	-1.278974	-2.317910
9.616667	9.247416	-14.232929	110.154159	0.278431	0.964936	0.308229	25.561506	1.328362	-19.388686	23.625215	0.412338	30.411879	10.630822	0.000000	28.060288	-5.429878	-3.731107	25.619541	0.447145	30.346802	4.712557	0.000000	-0.259022	-0.990871	-0.040047	-0.481029	-1.317859	-0.042550	-0.425547	-2.409205	-0.042550	-0.296036	-2.409205	-0.035041	-0.240527	-2.020585	-0.032538	-0.148005	-1.534860	-0.030036	-1.850165	-11.208935	-0.222731	0.000000	0.000000	-6.759637	-2.878711	8.986756	4.404679	-6.735892	49.387044	59.725250	54.001452	-4.490599	0.410583	-3.295271	-13.324939	29.170950	71.026551	88.770216	-1.931361	-3.726401
9.633333	8.741525	-13.650526	109.809506	0.277480	0.967857	0.309055	24.519191	1.064503	-19.787241	23.022164	0.401813	30.050413	11.272647	0.000000	26.376256	-4.888204	-3.209995	23.803654	0.415452	29.955387	4.177996	0.000000	-0.261117	-0.977787	-0.126582	-0.484921	-1.300457	-0.134494	-0.428990	-2.377392	-0.134494	-0.298431	-2.377392	-0.110759	-0.242474	-1.993904	-0.102848	-0.149203	-1.514593	-0.094937	-1.865136	-11.060926	-0.704012	0.000000	0.000000	-6.856818	-1.462532	9.703085	5.307705	-5.919931	50.491581	57.045877	50.998608	-4.327603	1.130946	-2.463630	-12.758207	29.902666	68.648294	88.802613	-2.754713	-4.945998
9.650000	8.233019	-13.105665	109.357444	0.276719	0.970285	0.309951	23.627464	0.794123	-20.101213	22.584538	0.394175	29.767009	11.864847	0.000000	24.754073	-4.338822	-2.552746	22.024959	0.384408	29.575237	3.416166	0.000000	-0.265203	-0.964042	-0.180353	-0.492509	-1.282176	-0.191625	-0.435703	-2.343972	-0.191625	-0.303101	-2.343972	-0.157809	-0.246268	-1.965874	-0.146537	-0.151537	-1.493301	-0.135265	-1.894321	-10.905436	-1.003071	0.000000	0.000000	-6.783892	-0.247143	10.123542	5.998950	-5.091392	51.106111	54.509800	48.741020	-4.147187	1.959582	-1.599372	-12.156987	30.714778	66.339053	88.876214	-3.657678	-5.902377
9.666667	7.715860	-12.614194	108.783280	0.276234	0.972251	0.310842	22.888191	0.529047	-20.274227	22.285731	0.388959	29.563771	12.387129	0.000000	23.214163	-3.800975	-1.928879	20.308630	0.354452	29.242638	2.605319	0.000000	-0.270200	-0.951810	-0.201591	-0.501788	-1.265907	-0.214190	-0.443911	-2.314230	-0.214190	-0.308811	-2.314230	-0.176392	-0.250908	-1.940930	-0.163792	-0.154392	-1.474353	-0.151193	-1.930010	-10.767059	-1.121187	0.000000	0.000000	-6.507519	0.753018	10.268174	6.474413	-4.259319	51.307873	52.138403	47.165339	-3.984148	2.784181	-0.758719	-11.549073	31.537405	64.172593	89.006116	-4.527182	-6.500142
9.683333	7.200339	-12.178594	108.098895	0.276041	0.973805	0.311672	22.286628	0.286402	-20.296949	22.087133	0.385493	29.430128	12.835263	0.000000	21.779564	-3.293897	-1.434615	18.690483	0.326210	28.982051	1.849669	0.000000	-0.274230	-0.939948	-0.194850	-0.509273	-1.250131	-0.207028	-0.450533	-2.285389	-0.207028	-0.313418	-2.285389	-0.170494	-0.254650	-1.916742	-0.158316	-0.156695	-1.455979	-0.146137	-1.958798	-10.632878	-1.083697	0.000000	0.000000	-6.031309	1.517018	10.239152	6.762134	-3.452511	51.221350	49.940179	46.192642	-3.875655	3.550916	0.037403	-10.950329	32.387665	62.183293	89.087608	-5.319560	-6.682769
9.700000	6.651600	-11.807104	107.281891	0.276211	0.975030	0.312368	21.802119	0.042083	-20.159378	21.973848	0.383516	29.375795	13.266100	0.000000	20.436919	-2.817449	-1.221215	17.183738	0.299913	28.810405	1.277472	0.000000	-0.275893	-0.933213	-0.160316	-0.512360	-1.241173	-0.170336	-0.453264	-2.269014	-0.170336	-0.315318	-2.269014	-0.140276	-0.256194	-1.903008	-0.130257	-0.157645	-1.445547	-0.120237	-1.970673	-10.556691	-0.891629	0.000000	0.000000	-5.360255	2.039010	10.101537	6.940581	-2.684096	51.088680	47.884536	45.486481	-3.786464	4.130884	0.791373	-10.395725	33.273452	60.379855	89.043004	-5.936024	-6.451451
9.716667	6.078093	-11.480050	106.351271	0.276770	0.976003	0.312883	21.397256	-0.175006	-19.800011	21.902913	0.382278	29.382461	13.565992	0.000000	19.185197	-2.386326	-1.364890	15.816788	0.276055	28.735659	0.989179	0.000000	-0.273838	-0.930419	-0.102462	-0.508544	-1.237458	-0.108866	-0.449888	-2.262221	-0.108866	-0.312969	-2.262221	-0.089654	-0.254286	-1.897311	-0.083250	-0.156471	-1.441219	-0.076846	-1.955996	-10.525089	-0.569862	0.000000	0.000000	-4.525850	2.310945	9.903458	7.117278	-1.983272	51.280415	45.981681	44.575421	-3.678404	4.444669	1.515268	-9.893357	34.234779	58.752841	88.740374	-6.347266	-5.783525
9.733333	5.469460	-11.200426	105.303855	0.277731	0.976769	0.313174	21.058361	-0.389320	-19.287141	21.869430	0.381694	29.463884	13.863881	0.000000	18.028003	-1.985203	-1.799036	14.605522	0.254914	28.733464	0.881676	0.000000	-0.265771	-0.932797	-0.017800	-0.493564	-1.240620	-0.018912	-0.436636	-2.268002	-0.018912	-0.303750	-2.268002	-0.015575	-0.246795	-1.902159	-0.014462	-0.151862	-1.444902	-0.013350	-1.898379	-10.551983	-0.098997	0.000000	0.000000	-3.542705	2.350397	9.655192	7.276743	-1.391176	51.669553	44.254231	43.776778	-3.561225	4.586838	2.227919	-9.437931	35.273012	57.270391	88.283977	-6.399068	-4.693072
9.750000	4.823650	-10.946611	104.153062	0.279125	0.977397	0.313206	20.751178	-0.576236	-18.518405	21.849746	0.381350	29.586768	13.974791	0.000000	16.950907	-1.621679	-2.608132	13.568266	0.236811	28.788578	1.046610	0.000000	-0.252236	-0.940671	0.089003	-0.468427	-1.251092	0.094566	-0.414398	-2.287147	0.094566	-0.288280	-2.287147	0.077877	-0.234226	-1.918216	0.072315	-0.144127	-1.457099	0.066752	-1.801693	-10.641058	0.495007	0.000000	0.000000	-2.433363	2.199271	9.356923	7.518784	-0.911551	52.624136	42.710696	42.715810	-3.407819	4.413671	2.930375	-9.050449	36.418505	55.939830	87.536514	-6.136781	-3.225093
9.766667	4.155573	-10.711212	102.894019	0.280949	0.977907	0.312978	20.465720	-0.724539	-17.506524	21.842764	0.381228	29.727503	13.922555	0.000000	15.965762	-1.306468	-3.746035	12.739520	0.222347	28.889614	1.409703	0.000000	-0.232805	-0.951188	0.216272	-0.432342	-1.265080	0.229789	-0.382475	-2.312718	0.229789	-0.266073	-2.312718	0.189238	-0.216183	-1.939662	0.175721	-0.133025	-1.473390	0.162204	-1.662903	-10.760025	1.202838	0.000000	0.000000	-1.226679	1.923359	9.118576	7.874559	-0.576931	54.210329	41.378589	41.376668	-3.211503	3.931671	3.604136	-8.723722	37.643862	54.757188	86.517688	-5.562063	-1.505426
9.783333	3.467147	-10.459939	101.628978	0.283011	0.978351	0.312448	20.153531	-0.890881	-16.478885	21.843959	0.381249	29.926652	13.871294	0.000000	15.073729	-0.993184	-4.993934	12.142688	0.211930	28.998905	1.787570	0.000000	-0.210597	-0.964077	0.347876	-0.391100	-1.282222	0.369618	-0.345990	-2.344056	0.369618	-0.240692	-2.344056	0.304391	-0.195561	-1.965945	0.282649	-0.120335	-1.493355	0.260907	-1.504275	-10.905829	1.934781	0.000000	0.000000	-0.004836	1.550704	8.868430	8.316717	-0.394273	56.362187	40.273466	39.214024	-2.887887	3.247591	4.206844	-8.436976	38.849484	53.732099	85.348030	-4.745929	0.435820
9.800000	2.790736	-10.183652	100.328059	0.285381	0.978756	0.311631	19.812905	-1.000495	-15.262592	21.848557	0.381329	30.102622	13.599150	0.000000	14.268924	-0.753892	-6.502010	11.804107	0.206021	29.151145	2.349461	0.000000	-0.186575	-0.974790	0.485090	-0.346488	-1.296470	0.515409	-0.306524	-2.370104	0.515409	-0.213236	-2.370104	0.424454	-0.173253	-1.987791	0.394136	-0.106609	-1.509949	0.363818	-1.332684	-11.027017	2.697928	0.000000	0.000000	1.152145	1.188563	8.819217	8.875217	-0.355537	59.121521	39.347792	36.944943	-2.585380	2.261327	4.728636	-8.200370	40.037316	52.869588	83.943472	-3.744786	2.442258
9.816667	2.152271	-9.872528	99.027712	0.287937	0.979124	0.310573	19.439908	-1.050307	-13.932035	21.862360	0.381570	30.259557	13.174011	0.000000	13.570784	-0.604733	-8.184039	11.750118	0.205078	29.356462	3.021836	0.000000	-0.162542	-0.979208	0.619137	-0.301856	-1.302347	0.657833	-0.267040	-2.380846	0.657833	-0.185769	-2.380846	0.541745	-0.150936	-1.996801	0.503049	-0.092876	-1.516793	0.464353	-1.161019	-11.076996	3.443453	0.000000	0.000000	2.171647	0.910929	9.099861	9.548343	-0.453869	62.437272	38.580613	34.498789	-2.265796	1.059531	5.154954	-7.994530	41.148600	52.168483	82.381229	-2.608442	4.436208
9.833333	1.594873	-9.519656	97.767302	0.290560	0.979459	0.309249	19.019269	-1.011115	-12.532564	21.868458	0.381677	30.384856	12.610647	0.000000	12.987779	-0.585868	-9.995940	11.995437	0.209360	29.642326	3.807368	0.000000	-0.138561	-0.971774	0.744173	-0.257322	-1.292459	0.790684	-0.227642	-2.362771	0.790684	-0.158361	-2.362771	0.651151	-0.128668	-1.981641	0.604640	-0.079174	-1.505278	0.558130	-0.989728	-10.992899	4.138866	0.000000	0.000000	2.992059	0.707804	9.751305	10.308192	-0.664917	66.223752	37.925015	31.991372	-1.997610	-0.296994	5.499232	-7.790395	42.201610	51.574621	80.713061	-1.430109	6.299057
9.850000	1.140052	-9.140236	96.577302	0.293163	0.979706	0.307724	18.592777	-0.878294	-11.090002	21.899834	0.382224	30.476305	11.882377	0.000000	12.560501	-0.712839	-11.895173	12.559161	0.219199	30.032195	4.690746	0.000000	-0.113892	-0.950094	0.854387	-0.211508	-1.263625	0.907787	-0.187112	-2.310058	0.907787	-0.130167	-2.310058	0.747589	-0.105760	-1.937432	0.694190	-0.065078	-1.471696	0.640791	-0.813516	-10.747653	4.751847	0.000000	0.000000	3.611166	0.629854	10.878946	11.118112	-0.931923	70.314783	37.313584	29.690155	-1.836517	-1.708104	5.761911	-7.559689	43.110310	51.059879	79.026189	-0.197324	8.054520
9.866667	0.798072	-8.729064	95.467366	0.295638	0.979851	0.305986	18.142268	-0.653075	-9.664671	21.954395	0.383176	30.551470	11.079135	0.000000	12.268135	-0.980807	-13.741638	13.422279	0.234263	30.521797	5.544674	0.000000	-0.090839	-0.912805	0.951161	-0.168697	-1.214030	1.010608	-0.149240	-2.219393	1.010608	-0.103820	-2.219393	0.832266	-0.084353	-1.861391	0.772818	-0.051905	-1.413934	0.713371	-0.648855	-10.325829	5.290071	0.000000	0.000000	4.096302	0.594758	12.354922	11.974450	-1.238817	74.614297	36.720088	27.423994	-1.773861	-3.046703	5.968600	-7.279429	43.891880	50.537545	77.462159	0.889890	9.554162
9.883333	0.557713	-8.303465	94.423401	0.297969	0.979841	0.304050	17.695635	-0.360761	-8.289308	22.059307	0.385008	30.626848	10.255810	0.000000	12.106403	-1.381781	-15.544286	14.558278	0.254090	31.117429	6.400189	0.000000	-0.068819	-0.863127	1.049308	-0.127804	-1.147958	1.114890	-0.113063	-2.098606	1.114890	-0.078653	-2.098606	0.918145	-0.063905	-1.760088	0.852563	-0.039323	-1.336983	0.786981	-0.491568	-9.763860	5.835937	0.000000	0.000000	4.507373	0.585823	13.988630	12.787863	-1.554195	78.784725	36.141140	25.139856	-1.781108	-4.210175	6.182708	-6.953678	44.707069	49.937897	75.908890	1.773587	10.739937
9.900000	0.409540	-7.864280	93.438557	0.300137	0.979666	0.301912	17.240913	-0.015481	-6.984572	22.204993	0.387550	30.718883	9.454503	0.000000	12.037081	-1.892615	-17.233650	15.903580	0.277570	31.786149	7.201204	0.000000	-0.050030	-0.803973	1.156067	-0.092912	-1.069284	1.228321	-0.082195	-1.954781	1.228321	-0.057180	-1.954781	1.011559	-0.046458	-1.639462	0.939304	-0.028587	-1.245355	0.867050	-0.357363	-9.094706	6.429697	0.000000	0.000000	4.920486	0.568074	15.554334	13.529903	-1.850473	82.674616	35.568211	22.934867	-1.856644	-5.167955	6.412527	-6.587475	45.579625	49.223165	74.403778	2.404584	11.588943
9.916667	0.326655	-7.435988	92.489002	0.302163	0.979300	0.299604	16.807125	0.362113	-5.709094	22.402916	0.391005	30.818470	8.653687	0.000000	12.040218	-2.485048	-18.794639	17.390552	0.303522	32.488626	7.942652	0.000000	-0.033682	-0.740850	1.275957	-0.062551	-0.985331	1.355704	-0.055337	-1.801303	1.355704	-0.038495	-1.801303	1.116462	-0.031277	-1.510742	1.036715	-0.019246	-1.147577	0.956968	-0.240589	-8.380645	7.096491	0.000000	0.000000	5.396176	0.616412	16.889586	14.144756	-2.083119	86.026915	34.971300	21.333173	-2.060022	-5.886672	6.588200	-6.168502	46.246969	48.392456	73.358947	2.786491	12.179952
9.933333	0.308887	-7.014002	91.602768	0.303953	0.978765	0.297151	16.379785	0.743149	-4.554605	22.632459	0.395011	30.949382	7.957243	0.000000	12.082195	-3.114682	-20.090897	18.932173	0.330429	33.174737	8.520632	0.000000	-0.021521	-0.675571	1.406325	-0.039967	-0.898509	1.494220	-0.035357	-1.642583	1.494220	-0.024597	-1.642583	1.230534	-0.019985	-1.377624	1.142639	-0.012297	-1.046459	1.054744	-0.153725	-7.642193	7.821556	0.000000	0.000000	5.946495	0.726824	17.732293	14.620659	-2.255809	88.829393	34.375304	20.085021	-2.310742	-6.353333	6.739099	-5.715111	46.917517	47.443197	72.416951	2.861365	12.460621
9.950000	0.343329	-6.591666	90.773146	0.305509	0.978127	0.294592	15.940989	1.106738	-3.556695	22.868489	0.399130	31.104633	7.427178	0.000000	12.126924	-3.748405	-21.084643	20.464123	0.357166	33.793299	8.884694	0.000000	-0.017123	-0.610940	1.547426	-0.031800	-0.812551	1.644140	-0.028132	-1.485440	1.644140	-0.019570	-1.485440	1.353998	-0.015901	-1.245829	1.257284	-0.009784	-0.946347	1.160570	-0.122311	-6.911079	8.606321	0.000000	0.000000	6.606634	0.908339	17.936504	14.940733	-2.353289	91.053771	33.782276	19.158256	-2.553168	-6.581643	6.897679	-5.245266	47.757586	46.378534	71.364902	2.685692	12.390199
9.966667	0.404026	-6.184351	89.975830	0.306809	0.977406	0.291951	15.518473	1.439541	-2.645608	23.121989	0.403555	31.283631	7.008705	0.000000	12.157863	-4.350453	-21.784159	21.925095	0.382665	34.334363	9.034961	0.000000	-0.018376	-0.549415	1.693653	-0.034126	-0.730721	1.799507	-0.030190	-1.335847	1.799507	-0.021002	-1.335847	1.481947	-0.017064	-1.120366	1.376093	-0.010500	-0.851043	1.270240	-0.131256	-6.215088	9.419592	0.000000	0.000000	7.328168	1.178580	17.551532	15.091234	-2.358071	92.694602	33.160947	18.911345	-2.814684	-6.612463	6.956947	-4.736129	48.321971	45.251073	70.679675	2.335199	12.207086
9.983333	0.492222	-5.772853	89.230541	0.307795	0.976697	0.289228	15.064537	1.728055	-1.899175	23.337367	0.407314	31.477442	6.791622	0.000000	12.131652	-4.890645	-22.140235	23.246914	0.405735	34.774270	8.926683	0.000000	-0.026909	-0.490203	1.838169	-0.049973	-0.651970	1.953055	-0.044209	-1.191879	1.953055	-0.030754	-1.191879	1.608398	-0.024988	-0.999622	1.493512	-0.015376	-0.759324	1.378627	-0.192209	-5.545273	10.223345	0.000000	0.000000	8.083795	1.473592	16.610256	15.064710	-2.287647	93.773327	32.512731	19.172012	-3.043907	-6.433331	6.992073	-4.185194	48.926522	44.034762	69.936381	1.893010	11.857309
10.000000	0.603806	-5.354780	88.553845	0.308442	0.976055	0.286434	14.562885	1.973895	-1.310101	23.484882	0.409889	31.673369	6.741992	0.000000	12.037333	-5.368687	-22.329029	24.405782	0.425961	35.168536	8.807999	0.000000	-0.040511	-0.432815	1.971775	-0.075234	-0.575644	2.095011	-0.066556	-1.052346	2.095011	-0.046300	-1.052346	1.725303	-0.037619	-0.882596	1.602067	-0.023148	-0.670431	1.478831	-0.289368	-4.896090	10.966421	0.000000	0.000000	8.840811	1.714211	15.216863	14.913502	-2.177962	94.518928	31.823912	19.444841	-3.262565	-6.121519	7.032937	-3.584431	49.677874	42.724242	68.995502	1.424548	11.373470
10.016667	0.730791	-4.925244	87.961819	0.308716	0.975518	0.283584	13.997397	2.158650	-0.952552	23.551350	0.411049	31.870853	6.927813	0.000000	11.860309	-5.768118	-22.359373	25.378502	0.442938	35.526583	8.676753	0.000000	-0.057102	-0.376785	2.092521	-0.106045	-0.501124	2.223304	-0.093814	-0.916115	2.223304	-0.065262	-0.916115	1.830956	-0.053025	-0.768340	1.700174	-0.032628	-0.583640	1.569391	-0.407877	-4.262267	11.637977	0.000000	0.000000	9.573826	1.823714	13.467497	14.635139	-2.064274	94.882516	31.121679	19.495365	-3.456145	-5.652886	7.164483	-2.929028	50.864221	41.295325	67.560826	0.945099	10.750837
10.033333	0.855272	-4.483274	87.464645	0.308625	0.975120	0.280630	13.350432	2.277957	-0.787664	23.516143	0.410434	32.058613	7.269966	0.000000	11.572859	-6.066607	-22.266054	26.119136	0.455865	35.851362	8.573698	0.000000	-0.072925	-0.322805	2.192531	-0.135429	-0.429330	2.329564	-0.119809	-0.784867	2.329564	-0.083346	-0.784867	1.918464	-0.067718	-0.658263	1.781431	-0.041669	-0.500024	1.644398	-0.520897	-3.651631	12.194198	0.000000	0.000000	10.261655	1.740966	11.519073	14.312662	-1.951643	95.220751	30.406066	18.951572	-3.537720	-5.140147	7.327487	-2.243284	52.150956	39.788697	66.051809	0.509631	10.148960
10.050000	0.958946	-4.021166	87.050501	0.308197	0.974892	0.277576	12.612827	2.314939	-0.819171	23.383333	0.408116	32.233784	7.773913	0.000000	11.150636	-6.241990	-22.067084	26.603471	0.464318	36.142273	8.482497	0.000000	-0.086562	-0.272199	2.278793	-0.160755	-0.362025	2.421218	-0.142213	-0.661826	2.421218	-0.098932	-0.661826	1.993944	-0.080382	-0.555069	1.851520	-0.049462	-0.421637	1.709095	-0.618306	-3.079175	12.673965	0.000000	0.000000	10.891160	1.452684	9.427869	13.916346	-1.867288	95.331554	29.745487	17.737225	-3.513601	-4.532787	7.632349	-1.530654	54.038909	38.202962	63.950022	0.139182	9.485313
10.066667	1.031956	-3.543683	86.720323	0.307453	0.974839	0.274415	11.784529	2.256865	-1.067670	23.151103	0.404063	32.392061	8.462089	0.000000	10.587524	-6.274967	-21.727480	26.808328	0.467894	36.381152	8.331826	0.000000	-0.095373	-0.225589	2.350527	-0.177118	-0.300033	2.497435	-0.156689	-0.548496	2.497435	-0.109002	-0.548496	2.056711	-0.088564	-0.460020	1.909803	-0.054496	-0.349437	1.762895	-0.681243	-2.551903	13.072926	0.000000	0.000000	11.430797	0.997860	7.285628	13.418850	-1.829126	95.073579	29.185550	16.245601	-3.395294	-3.792634	8.057363	-0.810806	56.427803	36.585363	61.473787	-0.092660	8.810294
10.083333	1.055242	-3.045398	86.463344	0.306474	0.975000	0.271125	10.852260	2.120624	-1.384582	22.799544	0.397927	32.497512	9.123128	0.000000	9.851676	-6.167272	-21.436082	26.701558	0.466030	36.578463	8.328844	0.000000	-0.098254	-0.185732	2.401837	-0.182467	-0.247023	2.551952	-0.161421	-0.451588	2.551952	-0.112294	-0.451588	2.101607	-0.091238	-0.378744	1.951492	-0.056142	-0.287698	1.801378	-0.701817	-2.101032	13.358296	0.000000	0.000000	11.805814	0.466869	5.177708	12.951775	-1.816772	94.953811	28.722170	14.138605	-3.112531	-3.157928	8.536299	-0.150595	59.108099	35.025211	58.747092	-0.249978	8.147967
10.100000	1.033294	-2.544026	86.273598	0.305268	0.975350	0.267751	9.846796	1.898016	-1.821493	22.349178	0.390067	32.554302	9.864406	0.000000	8.983667	-5.924241	-21.141319	26.319212	0.459357	36.728212	8.372724	0.000000	-0.093108	-0.152013	2.436257	-0.172911	-0.202177	2.588523	-0.152967	-0.369604	2.588523	-0.106413	-0.369604	2.131725	-0.086460	-0.309984	1.979459	-0.053202	-0.235468	1.827193	-0.665060	-1.719598	13.549730	0.000000	0.000000	11.940029	-0.036245	3.182066	12.407729	-1.854360	94.471352	28.431306	11.770561	-2.767889	-2.424383	9.042895	0.443632	61.970163	33.568739	55.960145	-0.285610	7.512761
10.116667	0.947615	-2.031969	86.190001	0.303784	0.975919	0.264322	8.762167	1.563234	-2.430124	21.805793	0.380583	32.573942	10.690507	0.000000	7.987284	-5.505292	-20.684674	25.660646	0.447863	36.769288	8.254207	0.000000	-0.082740	-0.126887	2.447472	-0.153656	-0.168760	2.600439	-0.135933	-0.308513	2.600439	-0.094564	-0.308513	2.141538	-0.076832	-0.258748	1.988571	-0.047278	-0.196548	1.835604	-0.591003	-1.435372	13.612105	0.000000	0.000000	11.760995	-0.450841	1.310890	11.782167	-1.922662	93.579035	28.299285	9.183944	-2.402625	-1.564665	9.612248	0.975371	65.209025	32.250266	52.820920	-0.212624	6.836440
10.133333	0.832262	-1.534081	86.111750	0.302243	0.976660	0.260939	7.653234	1.220173	-2.917438	21.176364	0.369597	32.476051	11.334450	0.000000	6.896224	-5.011073	-20.347471	24.776220	0.432427	36.757558	8.212181	0.000000	-0.066589	-0.106057	2.446930	-0.123663	-0.141056	2.599863	-0.109399	-0.257868	2.599863	-0.076105	-0.257868	2.141063	-0.061835	-0.216272	1.988130	-0.038049	-0.164283	1.835197	-0.475639	-1.199744	13.609088	0.000000	0.000000	11.275152	-0.697489	-0.216029	11.158374	-2.028804	92.503704	28.300829	7.114193	-2.168384	-0.771365	10.227184	1.423158	68.702118	31.089324	49.417131	-0.049797	6.064883
10.150000	0.678719	-1.060519	86.118504	0.300486	0.977523	0.257655	6.534877	0.831122	-3.450804	20.481457	0.357469	32.322976	11.933872	0.000000	5.760842	-4.415385	-19.896737	23.706801	0.413762	36.672861	8.037814	0.000000	-0.047037	-0.090058	2.419755	-0.087352	-0.119777	2.570990	-0.077276	-0.218967	2.570990	-0.053758	-0.218967	2.117286	-0.043678	-0.183647	1.966051	-0.026877	-0.139500	1.814817	-0.335977	-1.018756	13.457954	0.000000	0.000000	10.544234	-0.786590	-1.370933	10.527081	-2.156213	91.142709	28.429075	5.255856	-2.058350	0.169005	10.878335	1.798243	72.344600	30.116440	45.881011	0.213141	5.244120
10.166667	0.521535	-0.613717	86.161510	0.298662	0.978472	0.254507	5.426156	0.458306	-3.899497	19.728915	0.344335	32.099664	12.379161	0.000000	4.604613	-3.824942	-19.733099	22.528671	0.393199	36.628745	8.200745	0.000000	-0.026842	-0.075372	2.372001	-0.049848	-0.100245	2.520251	-0.044099	-0.183260	2.520251	-0.030678	-0.183260	2.075501	-0.024925	-0.153699	1.927251	-0.015338	-0.116752	1.779001	-0.191730	-0.852627	13.192357	0.000000	0.000000	9.659647	-0.798592	-2.160094	9.959417	-2.302645	89.769149	28.639533	3.788787	-2.071524	1.150711	11.495306	2.096381	75.768027	29.312175	42.660481	0.527717	4.395768
10.183333	0.338103	-0.220576	86.266645	0.296717	0.979406	0.251614	4.396497	0.064553	-4.377413	18.994391	0.331515	31.868523	12.772278	0.000000	3.496812	-3.172381	-19.366986	21.283073	0.371460	36.497385	8.057414	0.000000	-0.006704	-0.065073	2.304531	-0.012450	-0.086548	2.448564	-0.011014	-0.158219	2.448564	-0.007662	-0.158219	2.016465	-0.006225	-0.132698	1.872432	-0.003831	-0.100799	1.728398	-0.047886	-0.736123	12.817111	0.000000	0.000000	8.764537	-0.735118	-2.614953	9.421245	-2.436798	88.166252	28.909192	2.694257	-2.268203	2.292432	12.132583	2.356698	79.221808	28.671634	39.435872	0.899670	3.522806
10.200000	0.153501	0.112956	86.429725	0.294670	0.980267	0.249043	3.468701	-0.316357	-4.861107	18.299996	0.319395	31.645235	13.087368	0.000000	2.471532	-2.511994	-18.860984	20.035076	0.349678	36.311455	7.705396	0.000000	0.012079	-0.057171	2.225453	0.022433	-0.076037	2.364544	0.019845	-0.139005	2.364544	0.013806	-0.139005	1.947271	0.011217	-0.116583	1.808180	0.006902	-0.088557	1.669090	0.086282	-0.646727	12.377301	0.000000	0.000000	7.971376	-0.704964	-2.941486	8.930709	-2.583731	86.398085	29.242428	1.941307	-2.602026	3.544685	12.784550	2.594021	82.633730	28.175528	36.297930	1.291515	2.673445
10.216667	-0.042805	0.377914	86.649667	0.292561	0.981008	0.246855	2.669623	-0.699434	-5.397613	17.676004	0.308504	31.458907	13.393165	0.000000	1.569177	-1.847402	-18.188060	18.848861	0.328975	36.049352	7.104946	0.000000	0.028814	-0.053908	2.139613	0.053510	-0.071697	2.273339	0.047338	-0.131071	2.273339	0.032931	-0.131071	1.872161	0.026756	-0.109928	1.738436	0.016464	-0.083503	1.604710	0.205812	-0.609813	11.899886	0.000000	0.000000	7.337870	-0.693890	-3.204132	8.452784	-2.714873	84.335866	29.622019	1.290659	-3.049958	4.914678	13.439106	2.780837	85.910644	27.846880	33.215766	1.611867	1.927816
10.233333	-0.221861	0.585422	86.895404	0.290447	0.981623	0.245074	1.995180	-1.039448	-5.890463	17.121871	0.298833	31.295991	13.597997	0.000000	0.780746	-1.221917	-17.413005	17.734899	0.309532	35.711168	6.331895	0.000000	0.041313	-0.051821	2.050274	0.076722	-0.068923	2.178416	0.067873	-0.125999	2.178416	0.047217	-0.125999	1.793990	0.038363	-0.105674	1.665848	0.023606	-0.080271	1.537705	0.295095	-0.586214	11.403009	0.000000	0.000000	6.916997	-0.679886	-3.395745	8.044493	-2.834149	82.213187	30.010929	0.949630	-3.587952	6.307426	14.052581	2.940656	88.910692	27.674454	30.346552	1.938303	1.270469
10.250000	-0.396046	0.720995	87.183059	0.288319	0.982085	0.243714	1.470901	-1.359478	-6.398838	16.665921	0.290875	31.151866	13.758631	0.000000	0.147264	-0.629408	-16.490970	16.744940	0.292254	35.280565	5.358015	0.000000	0.052659	-0.053295	1.955056	0.097793	-0.070883	2.077247	0.086514	-0.129583	2.077247	0.060184	-0.129583	1.710674	0.048899	-0.108680	1.588483	0.030089	-0.082555	1.466292	0.376140	-0.602889	10.873435	0.000000	0.000000	6.679777	-0.601885	-3.566657	7.658493	-2.907408	79.925788	30.387153	0.976922	-4.229220	7.686408	14.554656	3.054422	91.309928	27.683484	27.919580	2.188206	0.851007
10.266667	-0.563653	0.800215	87.497045	0.286185	0.982411	0.242784	1.085463	-1.672269	-6.937069	16.315177	0.284754	31.038592	13.923208	0.000000	-0.336080	-0.060536	-15.416998	15.889996	0.277333	34.759326	4.161986	0.000000	0.061779	-0.058127	1.863353	0.114731	-0.077309	1.979813	0.101498	-0.141331	1.979813	0.070608	-0.141331	1.630434	0.057368	-0.118533	1.513975	0.035301	-0.090039	1.397515	0.441285	-0.657549	10.363413	0.000000	0.000000	6.593789	-0.488724	-3.835406	7.308592	-2.940594	77.659167	30.758434	0.888336	-4.833771	8.926324	15.038509	3.097378	93.477278	27.833450	25.372705	2.314993	0.544516
10.283333	-0.715402	0.816351	87.851260	0.284054	0.982592	0.242260	0.838868	-1.967962	-7.522504	16.069936	0.280473	30.936352	14.089701	0.000000	-0.652453	0.463808	-14.211596	15.199776	0.265286	34.165798	2.798683	0.000000	0.071057	-0.065335	1.767830	0.131960	-0.086896	1.878320	0.116740	-0.158856	1.878320	0.081211	-0.158856	1.546852	0.065984	-0.133231	1.436362	0.040602	-0.101204	1.325873	0.507554	-0.739083	9.832142	0.000000	0.000000	6.635710	-0.313828	-4.166194	7.001592	-2.920011	75.526521	31.087377	0.843014	-5.398260	9.962872	15.428277	3.067421	95.077930	28.114144	23.160599	2.347256	0.438035
10.300000	-0.853559	0.764602	88.216945	0.281947	0.982606	0.242135	0.757859	-2.246716	-8.090562	15.966572	0.278669	30.845245	14.202208	0.000000	-0.799278	0.939179	-12.936363	14.675833	0.256142	33.543006	1.338923	0.000000	0.081386	-0.074205	1.670644	0.151142	-0.098693	1.775059	0.133709	-0.180422	1.775059	0.093016	-0.180422	1.461813	0.075575	-0.151319	1.357398	0.046504	-0.114944	1.252983	0.581331	-0.839422	9.291618	0.000000	0.000000	6.794691	-0.085536	-4.521639	6.732625	-2.845916	73.564108	31.350962	0.994106	-5.935306	10.762951	15.682946	2.996553	95.911467	28.510080	21.545446	2.283127	0.608854
10.316667	-0.959139	0.665576	88.608281	0.279855	0.982488	0.242391	0.803402	-2.504240	-8.708948	15.975117	0.278818	30.772919	14.350297	0.000000	-0.782322	1.345342	-11.634641	14.341686	0.250310	32.946566	-0.145611	0.000000	0.088977	-0.082126	1.573891	0.165239	-0.109227	1.672259	0.146180	-0.199681	1.672259	0.101692	-0.199681	1.377154	0.082624	-0.167471	1.278786	0.050841	-0.127213	1.180418	0.635554	-0.929023	8.753507	0.000000	0.000000	7.085041	0.124212	-4.947663	6.487532	-2.746951	71.752978	31.574356	1.067899	-6.398715	11.366728	15.976657	2.888351	96.706385	28.935258	19.757627	2.144781	0.786631
10.333333	-1.026278	0.503916	89.023611	0.277769	0.982206	0.242972	0.997987	-2.735635	-9.372147	16.112740	0.281220	30.731491	14.525765	0.000000	-0.586591	1.679304	-10.290989	14.204391	0.247913	32.398406	-1.670713	0.000000	0.096642	-0.087561	1.471813	0.179474	-0.116457	1.563801	0.158773	-0.212897	1.563801	0.110452	-0.212897	1.287836	0.089742	-0.178555	1.195848	0.055221	-0.135632	1.103859	0.690306	-0.990511	8.185780	0.000000	0.000000	7.502751	0.310381	-5.369252	6.266169	-2.632832	70.119140	31.738394	1.177978	-6.808905	11.786649	16.230275	2.753286	97.180129	29.374186	18.270155	1.942706	1.051405
10.350000	-1.046250	0.288802	89.468812	0.275678	0.981769	0.243832	1.327222	-2.934239	-10.093049	16.372298	0.285751	30.735077	14.743701	0.000000	-0.225162	1.933787	-8.930784	14.265040	0.248972	31.917717	-3.208254	0.000000	0.103391	-0.088643	1.360552	0.192008	-0.117895	1.445586	0.169862	-0.215526	1.445586	0.118166	-0.215526	1.190483	0.096009	-0.180760	1.105448	0.059078	-0.137307	1.020414	0.738514	-1.002742	7.566981	0.000000	0.000000	8.046376	0.450353	-5.740001	6.071935	-2.519268	68.660551	31.847773	1.298062	-7.169482	12.047289	16.438171	2.600477	97.356308	29.808335	17.125278	1.692745	1.384551
10.366667	-1.015371	0.033974	89.944631	0.273575	0.981199	0.244899	1.767018	-3.092739	-10.839803	16.738361	0.292140	30.785919	14.969156	0.000000	0.272907	2.112773	-7.573480	14.505086	0.253162	31.505166	-4.737764	0.000000	0.108586	-0.084125	1.233484	0.201655	-0.111887	1.310577	0.178395	-0.204542	1.310577	0.124103	-0.204542	1.079299	0.100833	-0.171548	1.002206	0.062046	-0.130310	0.925113	0.775617	-0.951641	6.860268	0.000000	0.000000	8.701704	0.536929	-6.000011	5.950015	-2.410769	67.565572	31.895930	1.410781	-7.459089	12.104629	16.542360	2.422273	97.032655	30.247389	16.592460	1.408900	1.830991
10.383333	-0.931272	-0.252679	90.451785	0.271477	0.980507	0.246158	2.305495	-3.220317	-11.651911	17.209231	0.300358	30.884164	15.255253	0.000000	0.902351	2.209824	-6.291898	14.935543	0.260674	31.172693	-6.179425	0.000000	0.111967	-0.074391	1.093646	0.207935	-0.098940	1.161999	0.183951	-0.180874	1.161999	0.127968	-0.180874	0.956940	0.103973	-0.151698	0.888587	0.063978	-0.115231	0.820234	0.799772	-0.841524	6.082530	0.000000	0.000000	9.465769	0.572051	-6.218592	5.847795	-2.324071	66.556760	31.929124	1.549227	-7.709035	12.059084	16.606206	2.221384	96.547425	30.661116	16.534070	1.132924	2.245584
10.400000	-0.806215	-0.547684	90.974716	0.269367	0.979741	0.247526	2.905709	-3.320734	-12.453446	17.764656	0.310052	31.017555	15.537228	0.000000	1.600380	2.264342	-5.021087	15.492166	0.270389	30.909250	-7.601713	0.000000	0.112659	-0.059787	0.936709	0.209219	-0.079517	0.995253	0.185087	-0.145367	0.995253	0.128758	-0.145367	0.819620	0.104615	-0.121918	0.761076	0.064373	-0.092610	0.702532	0.804712	-0.676325	5.209694	0.000000	0.000000	10.296930	0.580686	-6.302502	5.839687	-2.263866	65.941954	31.936714	1.675934	-7.867942	11.840442	16.569805	1.997438	95.701543	31.064594	16.787761	0.830923	2.735610
10.416667	-0.653565	-0.839876	91.516085	0.267292	0.978918	0.248952	3.545630	-3.412475	-13.256615	18.402343	0.321181	31.178176	15.817728	0.000000	2.350102	2.272732	-3.886826	16.166805	0.282164	30.753888	-8.821884	0.000000	0.110370	-0.043136	0.767114	0.204968	-0.057370	0.815059	0.181327	-0.104880	0.815059	0.126142	-0.104880	0.671225	0.102489	-0.087962	0.623280	0.063065	-0.066817	0.575336	0.788360	-0.487959	4.266460	0.000000	0.000000	11.187876	0.555464	-6.356134	5.891752	-2.220190	65.577340	31.946084	1.828830	-7.954664	11.512767	16.447130	1.743440	94.526008	31.431971	17.745345	0.554547	3.199803
10.433333	-0.491362	-1.134673	92.076904	0.265283	0.978034	0.250389	4.227680	-3.515652	-14.058530	19.129275	0.333869	31.359675	16.086196	0.000000	3.158524	2.247009	-2.896023	16.958360	0.295979	30.730318	-9.791151	0.000000	0.107460	-0.027446	0.589753	0.199565	-0.036503	0.626612	0.176547	-0.066732	0.626612	0.122816	-0.066732	0.516034	0.099788	-0.055968	0.479174	0.061403	-0.042514	0.442314	0.767579	-0.310474	3.280027	0.000000	0.000000	12.107880	0.516800	-6.428847	5.935416	-2.183061	65.187077	31.988175	2.015129	-8.036611	11.195780	16.244474	1.463818	93.063170	31.765117	19.529228	0.341314	3.648370
10.450000	-0.346714	-1.420717	92.664890	0.263359	0.977117	0.251800	4.928014	-3.657104	-14.856394	19.936123	0.347951	31.561527	16.308445	0.000000	3.999089	2.217402	-2.045501	17.830884	0.311208	30.825140	-10.493004	0.000000	0.102647	-0.016449	0.408243	0.190626	-0.021877	0.433758	0.168639	-0.039994	0.433758	0.117316	-0.039994	0.357213	0.095318	-0.033543	0.331697	0.058653	-0.025480	0.306182	0.733199	-0.186076	2.270525	0.000000	0.000000	13.044997	0.459190	-6.574405	5.991601	-2.133910	64.896593	32.042941	2.221055	-8.064884	10.840597	16.034860	1.179964	91.622225	32.021181	22.039858	0.187617	3.933261
10.466667	-0.217374	-1.680426	93.227913	0.261571	0.976191	0.253068	5.606535	-3.813886	-15.567523	20.775386	0.362599	31.788341	16.467699	0.000000	4.818763	2.171708	-1.444442	18.737206	0.327026	31.066008	-10.818887	0.000000	0.095548	-0.008819	0.231669	0.177443	-0.011729	0.246149	0.156977	-0.021442	0.246149	0.109202	-0.021442	0.202711	0.088726	-0.017984	0.188231	0.054596	-0.013661	0.173752	0.682493	-0.099762	1.288476	0.000000	0.000000	13.966617	0.388199	-6.744654	6.069403	-2.084723	64.771765	32.114507	2.426167	-8.062835	10.493536	15.781402	0.908620	90.032028	32.177516	25.422181	0.112656	4.159218
10.483333	-0.126363	-1.929871	93.820142	0.259874	0.975235	0.254212	6.271978	-4.010990	-16.221254	21.648293	0.377834	32.049948	16.523903	0.000000	5.643099	2.137427	-1.035308	19.678341	0.343452	31.425284	-10.765538	0.000000	0.087488	-0.007720	0.055542	0.162474	-0.010268	0.059013	0.143734	-0.018772	0.059013	0.099990	-0.018772	0.048599	0.081241	-0.015744	0.045128	0.049991	-0.011959	0.041656	0.624917	-0.087336	0.308907	0.000000	0.000000	14.887077	0.319653	-6.957135	6.126977	-2.009443	64.657241	32.193401	2.623064	-8.067101	10.207877	15.529582	0.642756	88.464764	32.238378	29.608106	0.079752	4.243807
10.500000	-0.063961	-2.167013	94.395045	0.258352	0.974261	0.255236	6.920715	-4.229257	-16.757023	22.537658	0.393356	32.336989	16.465917	0.000000	6.464973	2.087848	-0.970329	20.655206	0.360501	31.913131	-10.217076	0.000000	0.078632	-0.011793	-0.112153	0.146027	-0.015685	-0.119162	0.129184	-0.028674	-0.119162	0.089868	-0.028674	-0.098134	0.073017	-0.024048	-0.091124	0.044930	-0.018267	-0.084115	0.561659	-0.133406	-0.623760	0.000000	0.000000	15.782665	0.241402	-7.218803	6.191068	-1.922651	64.691176	32.273412	2.813780	-8.002332	9.885174	15.266596	0.388387	86.883477	32.187313	34.530782	0.085771	4.187484
10.516667	-0.048640	-2.404267	94.989319	0.256887	0.973261	0.256151	7.563495	-4.497724	-17.284692	23.443020	0.409158	32.681325	16.385507	0.000000	7.288477	2.103365	-0.748249	21.614263	0.377240	32.384794	-9.788007	0.000000	0.071409	-0.022337	-0.275479	0.132615	-0.029709	-0.292696	0.117319	-0.054311	-0.292696	0.081614	-0.054311	-0.241044	0.066311	-0.045550	-0.223826	0.040803	-0.034601	-0.206609	0.510071	-0.252685	-1.532129	0.000000	0.000000	16.653413	0.189603	-7.505970	6.207433	-1.808453	64.610185	32.346973	3.016222	-7.964061	9.656673	15.024403	0.169780	85.475096	32.044333	39.669117	0.182563	4.035632
10.533333	-0.060579	-2.625070	95.593506	0.255492	0.972288	0.256968	8.163443	-4.781440	-17.752142	24.319596	0.424457	33.058273	16.230464	0.000000	8.084097	2.141829	-0.592179	22.554707	0.393654	32.889861	-9.194937	0.000000	0.064777	-0.035983	-0.435084	0.120298	-0.047857	-0.462276	0.106423	-0.087489	-0.462276	0.074034	-0.087489	-0.380698	0.060152	-0.073376	-0.353506	0.037014	-0.055737	-0.326313	0.462699	-0.407045	-2.419805	0.000000	0.000000	17.456697	0.149672	-7.778847	6.240748	-1.689878	64.663208	32.394200	3.201486	-7.843108	9.395715	14.830461	-0.029454	84.357750	31.832590	44.428236	0.278729	3.762392
10.550000	-0.099176	-2.821715	96.179114	0.254186	0.971387	0.257640	8.698163	-5.074410	-18.168902	25.133424	0.438661	33.457241	16.064169	0.000000	8.809379	2.207011	-0.464604	23.417927	0.408720	33.396334	-8.525618	0.000000	0.059288	-0.051765	-0.584598	0.110104	-0.068848	-0.621135	0.097404	-0.125862	-0.621135	0.067760	-0.125862	-0.511523	0.055055	-0.105560	-0.474986	0.033877	-0.080184	-0.438448	0.423489	-0.585579	-3.251358	0.000000	0.000000	18.172204	0.104972	-8.027734	6.267203	-1.557720	64.712431	32.408649	3.382373	-7.676338	9.157222	14.667504	-0.213451	83.440480	31.587601	48.606729	0.359990	3.416182
10.566667	-0.157089	-2.981003	96.715283	0.253021	0.970605	0.258152	9.142707	-5.354114	-18.490119	25.853958	0.451237	33.855435	15.856304	0.000000	9.426027	2.284256	-0.415595	24.166649	0.421788	33.904585	-7.747628	0.000000	0.054000	-0.068176	-0.716378	0.100283	-0.090674	-0.761152	0.088716	-0.165763	-0.761152	0.061716	-0.165763	-0.626831	0.050144	-0.139024	-0.582058	0.030855	-0.105604	-0.537284	0.385713	-0.771218	-3.984282	0.000000	0.000000	18.780962	0.058316	-8.219161	6.312769	-1.430872	64.831618	32.402316	3.566784	-7.425933	8.896565	14.547628	-0.380383	82.739176	31.327919	52.042942	0.463850	2.946193
10.583333	-0.243442	-3.108521	97.231886	0.251977	0.969967	0.258479	9.478841	-5.632566	-18.822981	26.451517	0.461666	34.240169	15.700887	0.000000	9.942728	2.384965	-0.359155	24.807015	0.432964	34.393228	-6.962171	0.000000	0.051373	-0.086516	-0.832078	0.095404	-0.115066	-0.884083	0.084400	-0.210355	-0.884083	0.058714	-0.210355	-0.728068	0.047705	-0.176423	-0.676064	0.029354	-0.134013	-0.624059	0.366950	-0.978686	-4.627769	0.000000	0.000000	19.232787	-0.008482	-8.386326	6.347867	-1.297812	64.894199	32.381429	3.762138	-7.103259	8.596833	14.460709	-0.546058	82.158311	31.104999	54.558579	0.484988	2.456267
10.600000	-0.374938	-3.196159	97.652321	0.251184	0.969504	0.258629	9.715244	-5.913012	-19.066406	26.937391	0.470146	34.594119	15.549167	0.000000	10.316877	2.516681	-0.378307	25.284585	0.441299	34.850607	-6.165057	0.000000	0.049282	-0.108566	-0.914087	0.091523	-0.144392	-0.971217	0.080966	-0.263966	-0.971217	0.056325	-0.263966	-0.799826	0.045764	-0.221387	-0.742695	0.028160	-0.168168	-0.685565	0.352020	-1.228115	-5.083875	0.000000	0.000000	19.541429	-0.093719	-8.536194	6.384243	-1.159264	64.892595	32.352811	3.964632	-6.703369	8.253647	14.421336	-0.704589	81.660554	30.933102	56.300239	0.447945	1.943186
10.616667	-0.541107	-3.245133	97.992541	0.250650	0.969225	0.258549	9.825165	-6.180612	-19.281832	27.271493	0.475977	34.900954	15.452555	0.000000	10.543035	2.668504	-0.431486	25.592730	0.446677	35.255082	-5.410787	0.000000	0.048912	-0.133041	-0.967053	0.090834	-0.176945	-1.027494	0.080357	-0.323476	-1.027494	0.055901	-0.323476	-0.846171	0.045419	-0.271297	-0.785730	0.027948	-0.206081	-0.725290	0.349370	-1.504987	-5.378457	0.000000	0.000000	19.692444	-0.202853	-8.638191	6.425109	-1.014486	64.847437	32.314332	4.154897	-6.240491	7.862911	14.403269	-0.862045	81.120581	30.832861	57.420200	0.301018	1.452601
10.633333	-0.733758	-3.251404	98.223232	0.250413	0.969136	0.258235	9.804340	-6.417340	-19.428183	27.442786	0.478967	35.145708	15.383647	0.000000	10.605172	2.825932	-0.563431	25.714204	0.448798	35.597682	-4.683548	0.000000	0.049164	-0.158778	-0.983319	0.091302	-0.211174	-1.044776	0.080771	-0.386052	-1.044776	0.056189	-0.386052	-0.860404	0.045653	-0.323779	-0.798947	0.028092	-0.245946	-0.737489	0.351170	-1.796124	-5.468924	0.000000	0.000000	19.692741	-0.336972	-8.705319	6.464744	-0.869551	64.724746	32.269951	4.314160	-5.729842	7.413788	14.454175	-0.990467	80.719178	30.785221	57.760641	0.037333	0.931290
10.650000	-0.941824	-3.214514	98.340173	0.250492	0.969212	0.257689	9.653373	-6.612744	-19.526778	27.451790	0.479124	35.309747	15.356161	0.000000	10.509575	2.976866	-0.765859	25.663974	0.447921	35.878559	-4.026279	0.000000	0.049517	-0.184511	-0.964656	0.091958	-0.245399	-1.024948	0.081352	-0.448620	-1.024948	0.056593	-0.448620	-0.844074	0.045982	-0.376254	-0.783783	0.028294	-0.285807	-0.723492	0.353696	-2.087223	-5.365130	0.000000	0.000000	19.539376	-0.500615	-8.732785	6.506613	-0.732862	64.520638	32.237664	4.422637	-5.199259	6.930045	14.575109	-1.087751	80.464328	30.786429	57.410633	-0.344478	0.372528
10.666667	-1.152945	-3.137539	98.336664	0.250881	0.969439	0.256893	9.373166	-6.760076	-19.605733	27.294581	0.476380	35.384067	15.406190	0.000000	10.248701	3.120827	-0.990259	25.424033	0.443733	36.044808	-3.522552	0.000000	0.050235	-0.208398	-0.916045	0.093291	-0.277169	-0.973298	0.082531	-0.506699	-0.973298	0.057413	-0.506699	-0.801539	0.046648	-0.424965	-0.744286	0.028704	-0.322808	-0.687034	0.358822	-2.357439	-5.094767	0.000000	0.000000	19.259453	-0.681309	-8.681471	6.570639	-0.603767	64.300211	32.195217	4.457797	-4.664938	6.440032	14.644419	-1.166295	79.866622	30.848556	57.047277	-0.791709	-0.058822
10.683333	-1.352173	-3.003800	98.193487	0.251561	0.969820	0.255885	8.962000	-6.844884	-19.619080	26.983597	0.470953	35.351616	15.482815	0.000000	9.805786	3.259081	-1.174269	24.994306	0.436233	36.056121	-3.307870	0.000000	0.048276	-0.228124	-0.833762	0.089654	-0.303405	-0.885872	0.079313	-0.554661	-0.885872	0.055175	-0.554661	-0.729542	0.044829	-0.465191	-0.677431	0.027585	-0.353364	-0.625321	0.344833	-2.580586	-4.637133	0.000000	0.000000	18.867617	-0.881806	-8.558669	6.659226	-0.502860	64.062602	32.151790	4.415953	-4.151441	5.971775	14.756314	-1.193636	79.404036	30.923316	56.043330	-1.276198	-0.477666
10.700000	-1.525082	-2.839120	97.940077	0.252488	0.970306	0.254678	8.447674	-6.863391	-19.624077	26.527048	0.462984	35.208689	15.621959	0.000000	9.227736	3.376115	-1.315425	24.409756	0.426031	35.927930	-3.344882	0.000000	0.047683	-0.242913	-0.728240	0.088552	-0.323074	-0.773755	0.078338	-0.590618	-0.773755	0.054497	-0.590618	-0.637210	0.044278	-0.495348	-0.591695	0.027246	-0.376272	-0.546180	0.340595	-2.747879	-4.050251	0.000000	0.000000	18.386460	-1.066461	-8.368302	6.766988	-0.422600	63.827194	32.091612	4.306567	-3.693869	5.584803	14.794125	-1.182480	78.605152	31.012883	55.168706	-1.757191	-0.703063
10.716667	-1.670477	-2.630283	97.564467	0.253652	0.970906	0.253292	7.834629	-6.820120	-19.580048	25.951823	0.452945	34.959622	15.783250	0.000000	8.499317	3.479818	-1.391974	23.664228	0.413019	35.660939	-3.661610	0.000000	0.046250	-0.252972	-0.593778	0.085890	-0.336453	-0.630889	0.075984	-0.615076	-0.630889	0.052859	-0.615076	-0.519555	0.042948	-0.515860	-0.482444	0.026427	-0.391853	-0.445333	0.330357	-2.861668	-3.302413	0.000000	0.000000	17.827607	-1.236273	-8.163982	6.878321	-0.375583	63.603873	32.021363	4.138679	-3.300889	5.260301	14.873788	-1.095399	78.111777	31.062226	53.706865	-2.176401	-0.879468
10.733333	-1.780954	-2.357580	97.059467	0.255023	0.971653	0.251680	7.106232	-6.709165	-19.458224	25.266583	0.440985	34.615247	15.957173	0.000000	7.578892	3.573429	-1.371078	22.720360	0.396545	35.288842	-4.250821	0.000000	0.041869	-0.257439	-0.428870	0.077754	-0.342394	-0.455675	0.068786	-0.625938	-0.455675	0.047852	-0.625938	-0.375262	0.038879	-0.524971	-0.348457	0.023924	-0.398774	-0.321653	0.299064	-2.912207	-2.385249	0.000000	0.000000	17.179891	-1.377386	-7.946125	6.980228	-0.370511	63.428472	31.939340	3.912280	-2.986812	5.003039	15.004221	-0.907430	78.066359	31.038712	51.404824	-2.534117	-0.957471
10.750000	-1.871640	-2.067830	96.482424	0.256594	0.972456	0.249859	6.314779	-6.558597	-19.329335	24.493578	0.427494	34.216573	16.184060	0.000000	6.560880	3.644109	-1.310721	21.649237	0.377850	34.874406	-4.942304	0.000000	0.039848	-0.260960	-0.239514	0.074002	-0.347076	-0.254483	0.065467	-0.634497	-0.254483	0.045543	-0.634497	-0.209574	0.037003	-0.532149	-0.194605	0.022769	-0.404226	-0.179635	0.284632	-2.952028	-1.332102	0.000000	0.000000	16.516748	-1.522919	-7.883862	6.983374	-0.374173	63.052835	31.872754	3.681337	-2.803487	4.883431	15.110803	-0.676697	78.069833	30.966193	49.558355	-2.756965	-0.918940
10.766667	-1.946152	-1.758176	95.809778	0.258373	0.973321	0.247838	5.479350	-6.371454	-19.088596	23.656658	0.412887	33.776621	16.379715	0.000000	5.442202	3.697484	-1.294023	20.445430	0.356840	34.483650	-5.610606	0.000000	0.039739	-0.263813	-0.026033	0.073799	-0.350872	-0.027661	0.065287	-0.641435	-0.027661	0.045418	-0.641435	-0.022779	0.036902	-0.537968	-0.021152	0.022707	-0.408647	-0.019525	0.283851	-2.984308	-0.144790	0.000000	0.000000	15.839279	-1.629183	-7.911296	6.935766	-0.397078	62.777496	31.792245	3.419133	-2.677891	4.769096	15.248173	-0.388168	78.468457	30.850752	47.628512	-2.839569	-0.793889
10.783333	-1.998616	-1.432262	95.090656	0.260268	0.974234	0.245662	4.607295	-6.146113	-18.773233	22.763869	0.397304	33.330580	16.566607	0.000000	4.258507	3.725735	-1.318022	19.152172	0.334268	34.145588	-6.182492	0.000000	0.040528	-0.265309	0.202555	0.075265	-0.352861	0.215214	0.066584	-0.645072	0.215214	0.046320	-0.645072	0.177235	0.037634	-0.541018	0.164576	0.023158	-0.410963	0.151916	0.289488	-3.001226	1.126548	0.000000	0.000000	15.182686	-1.736676	-8.065824	6.799751	-0.433675	62.461401	31.719367	3.131296	-2.634137	4.725106	15.436364	-0.043739	79.341023	30.664754	45.668502	-2.818488	-0.660941
10.800000	-2.017491	-1.090082	94.330819	0.262217	0.975182	0.243336	3.705282	-5.871802	-18.356747	21.817486	0.380787	32.909346	16.750480	0.000000	3.020858	3.727189	-1.380275	17.783417	0.310379	33.880705	-6.641414	0.000000	0.041863	-0.262924	0.438800	0.077744	-0.349689	0.466225	0.068777	-0.639274	0.466225	0.047846	-0.639274	0.383950	0.038874	-0.536155	0.356525	0.023921	-0.407269	0.329100	0.299026	-2.974249	2.440473	0.000000	0.000000	14.566247	-1.857962	-8.271523	6.581790	-0.493312	62.098135	31.666709	2.826196	-2.709924	4.831036	15.627242	0.339871	80.491745	30.423961	43.731824	-2.688390	-0.450652
10.816667	-2.006104	-0.758618	93.563520	0.264190	0.976106	0.241033	2.832418	-5.570220	-17.831460	20.867105	0.364200	32.519102	16.882884	0.000000	1.821351	3.701377	-1.543476	16.446402	0.287044	33.698634	-6.905734	0.000000	0.044288	-0.257039	0.668715	0.082248	-0.341861	0.710510	0.072761	-0.624964	0.710510	0.050617	-0.624964	0.585126	0.041126	-0.524153	0.543331	0.025306	-0.398153	0.501536	0.316348	-2.907672	3.719194	0.000000	0.000000	14.045987	-1.986100	-8.458188	6.347927	-0.575687	61.892844	31.622758	2.521455	-2.814585	4.968805	15.815504	0.729802	81.885136	30.144891	41.818317	-2.492974	-0.288053
10.833333	-1.966401	-0.444709	92.825806	0.266109	0.976973	0.238791	2.014470	-5.249269	-17.240312	19.952856	0.348243	32.195483	16.983015	0.000000	0.688274	3.636222	-1.874476	15.182275	0.264981	33.621634	-6.837464	0.000000	0.049024	-0.247351	0.882104	0.091043	-0.328977	0.937235	0.080542	-0.601410	0.937235	0.056030	-0.601410	0.771841	0.045524	-0.504399	0.716710	0.028012	-0.383147	0.661578	0.350175	-2.798088	4.905998	0.000000	0.000000	13.612228	-2.129462	-8.605157	6.097382	-0.677907	61.782728	31.589895	2.245048	-2.964257	5.181000	15.973795	1.104310	83.399064	29.858708	39.834935	-2.222054	-0.120635
10.850000	-1.883283	-0.141288	92.115026	0.267920	0.977784	0.236697	1.242574	-4.899453	-16.580568	19.062295	0.332700	31.916719	17.057084	0.000000	-0.367404	3.540960	-2.203745	14.023496	0.244756	33.571400	-6.729591	0.000000	0.053931	-0.230494	1.070426	0.100155	-0.306557	1.137327	0.088603	-0.560423	1.137327	0.061637	-0.560423	0.936622	0.050080	-0.470023	0.869721	0.030816	-0.357035	0.802819	0.385222	-2.607395	5.953386	0.000000	0.000000	13.284444	-2.265461	-8.574418	5.924283	-0.821939	62.030095	31.553298	2.008285	-3.098397	5.435545	16.080773	1.467600	84.929624	29.562770	37.622580	-1.879253	0.037683
10.866667	-1.766028	0.152728	91.475379	0.269540	0.978530	0.234850	0.525002	-4.541368	-15.930038	18.228422	0.318146	31.684344	17.124404	0.000000	-1.314432	3.414682	-2.656117	13.030756	0.227430	33.581698	-6.410750	0.000000	0.057768	-0.207222	1.226407	0.107280	-0.275605	1.303058	0.094906	-0.503839	1.303058	0.066023	-0.503839	1.073106	0.053643	-0.422566	0.996456	0.033008	-0.320986	0.919805	0.412628	-2.344133	6.820910	0.000000	0.000000	13.044894	-2.424964	-8.378851	5.847868	-1.006446	62.630277	31.513482	1.804550	-3.198072	5.711082	16.224210	1.814830	86.815623	29.263258	34.656265	-1.539748	0.042639
10.883333	-1.614096	0.433247	90.888560	0.270980	0.979205	0.233235	-0.143500	-4.170178	-15.265802	17.436208	0.304319	31.478431	17.169932	0.000000	-2.168479	3.270595	-3.020255	12.169795	0.212403	33.532357	-6.247047	0.000000	0.061118	-0.177625	1.354476	0.113503	-0.236242	1.439131	0.100411	-0.431878	1.439131	0.069852	-0.431878	1.185167	0.056755	-0.362213	1.100512	0.034923	-0.275142	1.015857	0.436563	-2.009332	7.533192	0.000000	0.000000	12.886232	-2.568280	-7.995685	5.857852	-1.224794	63.513086	31.472130	1.668628	-3.269210	6.000246	16.329462	2.146609	88.647879	28.964925	31.511027	-1.171408	0.013127
10.900000	-1.452694	0.691725	90.393413	0.272182	0.979783	0.231928	-0.743539	-3.820103	-14.657720	16.723546	0.291881	31.313428	17.202890	0.000000	-2.882819	3.127561	-3.284832	11.508021	0.200853	33.438845	-6.221474	0.000000	0.063733	-0.145047	1.450135	0.118358	-0.192912	1.540769	0.104706	-0.352667	1.540769	0.072840	-0.352667	1.268868	0.059182	-0.295779	1.178235	0.036417	-0.224677	1.087601	0.455236	-1.640797	8.065217	0.000000	0.000000	12.774963	-2.711369	-7.461739	5.955224	-1.462538	64.600886	31.436016	1.597558	-3.329281	6.323960	16.421645	2.442840	90.398558	28.699162	28.294595	-0.780327	-0.054989
10.916667	-1.273302	0.918932	89.974954	0.273166	0.980266	0.230902	-1.284366	-3.477164	-14.095442	16.064614	0.280380	31.160076	17.209911	0.000000	-3.471428	2.973355	-3.487092	11.006217	0.192095	33.294210	-6.313200	0.000000	0.066644	-0.108993	1.519672	0.123764	-0.144961	1.614651	0.109489	-0.265006	1.614651	0.076167	-0.265006	1.329713	0.061885	-0.222259	1.234733	0.038080	-0.168830	1.139754	0.476030	-1.232953	8.451959	0.000000	0.000000	12.713578	-2.827870	-6.785301	6.134426	-1.719739	65.888966	31.399247	1.577310	-3.324005	6.593237	16.493005	2.713398	91.988493	28.464655	25.120973	-0.411215	-0.138748
10.933333	-1.105518	1.112533	89.589044	0.274000	0.980651	0.230163	-1.747965	-3.174309	-13.555127	15.488449	0.270324	31.022892	17.196531	0.000000	-3.964878	2.839850	-3.636881	10.603964	0.185074	33.080490	-6.548262	0.000000	0.068499	-0.073870	1.576790	0.127209	-0.098247	1.675340	0.112536	-0.179608	1.675340	0.078287	-0.179608	1.379691	0.063608	-0.150636	1.281142	0.039140	-0.114425	1.182593	0.489279	-0.835634	8.769634	0.000000	0.000000	12.705404	-2.918039	-6.058944	6.372411	-1.975147	67.237775	31.374939	1.592492	-3.278990	6.801997	16.535014	2.949430	93.276048	28.282138	22.354203	-0.097846	-0.207567
10.950000	-0.936827	1.261726	89.288838	0.274642	0.980925	0.229703	-2.154134	-2.892891	-13.130325	14.955594	0.261024	30.895408	17.192828	0.000000	-4.320473	2.696761	-3.832241	10.357445	0.180772	32.881810	-6.702510	0.000000	0.071020	-0.039115	1.613671	0.131891	-0.052024	1.714525	0.116679	-0.095105	1.714525	0.081169	-0.095105	1.411962	0.065949	-0.079764	1.311108	0.040581	-0.060590	1.210253	0.507289	-0.442482	8.974754	0.000000	0.000000	12.727736	-2.972697	-5.300124	6.643200	-2.221412	68.531627	31.370395	1.616809	-3.181330	6.931606	16.543001	3.146150	94.216045	28.153011	19.958313	0.146427	-0.276401
10.966667	-0.776387	1.369322	89.022645	0.275176	0.981092	0.229520	-2.493661	-2.643481	-12.778512	14.480463	0.252732	30.778548	17.191469	0.000000	-4.578651	2.563816	-4.030867	10.196574	0.177964	32.661607	-6.866868	0.000000	0.072835	-0.006440	1.641510	0.135263	-0.008565	1.744104	0.119661	-0.015658	1.744104	0.083244	-0.015658	1.436321	0.067635	-0.013133	1.333726	0.041618	-0.009976	1.231132	0.520257	-0.072851	9.129584	0.000000	0.000000	12.786793	-2.998232	-4.563606	6.960803	-2.452000	69.790056	31.383147	1.639594	-3.015148	6.929009	16.518005	3.299718	94.763652	28.074864	18.140277	0.291796	-0.373150
10.983333	-0.634691	1.440303	88.786968	0.275616	0.981154	0.229578	-2.775057	-2.431265	-12.477867	14.058695	0.245371	30.663459	17.152882	0.000000	-4.768801	2.455380	-4.116649	10.077340	0.175883	32.384515	-7.180348	0.000000	0.073329	0.022501	1.662456	0.136180	0.029926	1.766359	0.120473	0.054709	1.766359	0.083808	0.054709	1.454649	0.068094	0.045884	1.350745	0.041900	0.034854	1.246842	0.523784	0.254534	9.246080	0.000000	0.000000	12.869919	-3.002820	-3.888544	7.300313	-2.657582	70.903807	31.419862	1.665503	-2.808465	6.829633	16.462852	3.415951	94.926945	28.025497	16.996755	0.352503	-0.507462
11.000000	-0.511524	1.471901	88.550805	0.276013	0.981114	0.229863	-2.986176	-2.260034	-12.256124	13.700045	0.239111	30.566854	17.137366	0.000000	-4.909487	2.373850	-4.165677	9.959354	0.173824	32.061104	-7.545608	0.000000	0.073278	0.047470	1.681497	0.136085	0.063135	1.786591	0.120389	0.115419	1.786591	0.083750	0.115419	1.471310	0.068046	0.096801	1.366217	0.041871	0.073531	1.261123	0.523418	0.536991	9.351983	0.000000	0.000000	12.979671	-2.977417	-3.283861	7.659293	-2.834468	71.873438	31.467984	1.687823	-2.587844	6.665808	16.380453	3.505867	94.728216	27.977898	16.533960	0.346526	-0.658889
11.016667	-0.406412	1.473188	88.297541	0.276398	0.980993	0.230313	-3.150394	-2.116546	-12.001654	13.372345	0.233391	30.460226	17.029685	0.000000	-5.043835	2.333114	-4.032778	9.781095	0.170712	31.635275	-8.174174	0.000000	0.072800	0.068086	1.704532	0.135196	0.090554	1.811066	0.119603	0.165544	1.811066	0.083203	0.165544	1.491466	0.067602	0.138840	1.384932	0.041598	0.105465	1.278399	0.520001	0.770199	9.480097	0.000000	0.000000	13.094442	-2.912007	-2.785742	8.006938	-2.980976	72.645521	31.523992	1.708102	-2.381780	6.454500	16.341238	3.588280	94.529467	27.884537	16.379121	0.243555	-0.912529
11.033333	-0.314977	1.434511	88.058242	0.276765	0.980792	0.230864	-3.275399	-1.993684	-11.776897	13.053082	0.227819	30.347148	16.881798	0.000000	-5.178280	2.315423	-3.747399	9.511283	0.166003	31.122425	-8.971923	0.000000	0.074828	0.084104	1.725500	0.138964	0.111858	1.833343	0.122935	0.204490	1.833343	0.085521	0.204490	1.509812	0.069486	0.171505	1.401968	0.042757	0.130277	1.294125	0.534491	0.951401	9.596711	0.000000	0.000000	13.201144	-2.785708	-2.406402	8.331377	-3.084105	73.251103	31.564216	1.727370	-2.194003	6.202989	16.278351	3.657652	94.056357	27.749267	17.014085	0.050040	-1.157315
11.050000	-0.237112	1.390516	87.799989	0.277142	0.980571	0.231472	-3.389227	-1.893421	-11.635822	12.748747	0.222508	30.248643	16.823264	0.000000	-5.380008	2.328781	-3.331007	9.093968	0.158720	30.519026	-9.948646	0.000000	0.074985	0.096235	1.756317	0.139254	0.127993	1.866087	0.123192	0.233986	1.866087	0.085700	0.233986	1.536777	0.069631	0.196243	1.427008	0.042846	0.149068	1.317238	0.535609	1.088630	9.768109	0.000000	0.000000	13.286211	-2.618920	-2.170573	8.608031	-3.162544	73.644819	31.607481	1.740605	-2.031601	5.918490	16.313521	3.749011	93.905321	27.536280	17.628033	-0.216543	-1.521606
11.066667	-0.166541	1.333866	87.548644	0.277524	0.980340	0.232061	-3.509109	-1.795168	-11.499294	12.417038	0.216718	30.144901	16.756299	0.000000	-5.646384	2.358286	-2.788100	8.522263	0.148742	29.849685	-11.054231	0.000000	0.075979	0.104953	1.790724	0.141101	0.139587	1.902644	0.124826	0.255183	1.902644	0.086837	0.255183	1.566884	0.070554	0.214020	1.454963	0.043415	0.162572	1.343043	0.542712	1.187249	9.959471	0.000000	0.000000	13.349280	-2.406631	-2.063712	8.822516	-3.207242	73.842316	31.643937	1.753848	-1.895801	5.625028	16.358202	3.835651	93.706767	27.285179	18.687907	-0.540209	-1.888102
11.083333	-0.112317	1.246904	87.324645	0.277873	0.980078	0.232640	-3.597900	-1.714274	-11.545289	12.088376	0.210982	30.093526	16.927301	0.000000	-5.937054	2.409499	-2.118612	7.828662	0.136636	29.148510	-12.255853	0.000000	0.080381	0.109593	1.825371	0.149276	0.145759	1.939457	0.132059	0.266465	1.939457	0.091868	0.266465	1.597200	0.074642	0.223483	1.483114	0.045930	0.169760	1.369028	0.574156	1.239741	10.152168	0.000000	0.000000	13.426108	-2.176770	-2.079888	8.965756	-3.221400	73.842838	31.680836	1.768186	-1.779219	5.353974	16.404168	3.901098	93.424733	27.029158	20.171367	-0.908788	-2.250601
11.100000	-0.065633	1.171704	87.124162	0.278227	0.979866	0.233141	-3.756251	-1.606708	-11.304211	11.641713	0.203186	29.965469	16.755989	0.000000	-6.300064	2.458931	-1.451922	7.010841	0.122362	28.477191	-13.364915	0.000000	0.083558	0.112240	1.858605	0.155176	0.149280	1.974768	0.137278	0.272901	1.974768	0.095499	0.272901	1.626280	0.077592	0.228880	1.510117	0.047745	0.173860	1.393954	0.596848	1.269685	10.337006	0.000000	0.000000	13.498443	-1.943554	-2.133617	9.085002	-3.215079	73.860145	31.694236	1.772851	-1.641780	5.051594	16.526399	3.961895	93.466970	26.775214	21.309278	-1.267460	-2.688084
11.116667	-0.013988	1.094030	86.941954	0.278578	0.979689	0.233573	-3.907251	-1.481929	-11.222668	11.194198	0.195376	29.919198	16.864874	0.000000	-6.693356	2.493336	-0.819148	6.117520	0.106771	27.868102	-14.341998	0.000000	0.087794	0.114829	1.891230	0.163043	0.152722	2.009432	0.144237	0.279194	2.009432	0.100340	0.279194	1.654826	0.081526	0.234159	1.536624	0.050166	0.177870	1.418422	0.627106	1.298965	10.518454	0.000000	0.000000	13.584154	-1.745619	-2.239854	9.137046	-3.191443	73.704589	31.709638	1.782355	-1.521045	4.828467	16.634063	4.003551	93.418900	26.538241	22.643423	-1.635641	-3.139360
11.133333	0.028106	1.030736	86.809289	0.278918	0.979557	0.233879	-4.141865	-1.330330	-10.703012	10.607539	0.185136	29.750424	16.419424	0.000000	-7.120172	2.515127	-0.210427	5.179910	0.090406	27.342845	-15.144095	0.000000	0.091390	0.116058	1.916401	0.169720	0.154357	2.036176	0.150145	0.282184	2.036176	0.104450	0.282184	1.676851	0.084865	0.236666	1.557076	0.052220	0.179774	1.437301	0.652790	1.312874	10.658449	0.000000	0.000000	13.693772	-1.598914	-2.336018	9.148474	-3.151729	73.478727	31.726166	1.792907	-1.427282	4.688741	16.738002	4.016500	93.358415	26.335541	23.957597	-1.969242	-3.589115
11.150000	0.056075	0.980931	86.699589	0.279285	0.979457	0.234072	-4.436074	-1.168118	-9.853013	9.917565	0.173094	29.496524	15.600946	0.000000	-7.548905	2.528943	0.284372	4.259730	0.074346	26.941045	-15.695476	0.000000	0.094679	0.115953	1.935993	0.175828	0.154217	2.056993	0.155547	0.281927	2.056993	0.108208	0.281927	1.693994	0.087918	0.236451	1.572995	0.054099	0.179611	1.451995	0.676279	1.311679	10.767414	0.000000	0.000000	13.829979	-1.504954	-2.370655	9.151420	-3.104415	73.318135	31.735035	1.796825	-1.339405	4.580197	16.834741	4.005232	93.309352	26.169185	25.144263	-2.259331	-4.042378
11.166667	0.046627	0.946685	86.665513	0.279626	0.979374	0.234136	-4.788685	-1.021988	-8.736340	9.152553	0.159742	29.157694	14.386389	0.000000	-7.968380	2.548893	0.717521	3.382537	0.059036	26.646142	-15.990051	0.000000	0.097828	0.110764	1.944458	0.181677	0.147316	2.065987	0.160722	0.269312	2.065987	0.111808	0.269312	1.701401	0.090843	0.225870	1.579872	0.055899	0.171574	1.458344	0.698778	1.252985	10.814493	0.000000	0.000000	13.979694	-1.468995	-2.430711	9.110499	-3.026304	73.095747	31.729023	1.796617	-1.295318	4.549004	16.931937	3.965494	93.322931	26.043482	26.226906	-2.507258	-4.454088
11.183333	0.017993	0.941673	86.674646	0.279920	0.979317	0.234116	-5.210734	-0.880785	-7.386841	8.310995	0.145054	28.717590	12.845936	0.000000	-8.373923	2.576534	1.173847	2.582815	0.045079	26.412440	-16.254206	0.000000	0.098035	0.103916	1.940735	0.182062	0.138209	2.062031	0.161062	0.252662	2.062031	0.112045	0.252662	1.698143	0.091036	0.211906	1.576847	0.056017	0.160966	1.455551	0.700257	1.175521	10.793787	0.000000	0.000000	14.151196	-1.470191	-2.430783	9.092463	-2.946492	73.039776	31.698882	1.789410	-1.252488	4.562036	17.017025	3.919232	93.373943	25.940671	27.130927	-2.695547	-4.820323
11.200000	-0.014253	0.959214	86.719329	0.280167	0.979255	0.234042	-5.664087	-0.740871	-5.881257	7.460176	0.130205	28.210624	11.066717	0.000000	-8.745168	2.586480	1.522897	1.891417	0.033011	26.286319	-16.332809	0.000000	0.095881	0.097426	1.928699	0.178060	0.129576	2.049242	0.157523	0.236881	2.049242	0.109582	0.236881	1.687611	0.089035	0.198671	1.567068	0.054786	0.150913	1.446524	0.684867	1.102102	10.726843	0.000000	0.000000	14.341649	-1.529586	-2.381949	9.047077	-2.873361	72.963666	31.664906	1.778075	-1.219428	4.623309	17.091627	3.871392	93.463812	25.873845	27.879807	-2.815962	-5.119093
11.216667	-0.077000	0.990765	86.812990	0.280317	0.979186	0.233903	-6.146896	-0.630015	-4.271224	6.594076	0.115088	27.647259	9.082945	0.000000	-9.077647	2.634264	2.033252	1.296950	0.022636	26.138631	-16.606435	0.000000	0.093376	0.087313	1.906499	0.173408	0.116126	2.025655	0.153407	0.212293	2.025655	0.106719	0.212293	1.668186	0.086709	0.178049	1.549030	0.053355	0.135248	1.429874	0.666974	0.987703	10.603374	0.000000	0.000000	14.514611	-1.581310	-2.341626	8.995250	-2.787847	72.962920	31.601428	1.768441	-1.231611	4.722627	17.138810	3.818539	93.543503	25.830943	28.501989	-2.874679	-5.290757
11.233333	-0.160243	1.042557	86.947397	0.280369	0.979113	0.233761	-6.635205	-0.549763	-2.656406	5.770005	0.100706	27.066680	7.019854	0.000000	-9.352725	2.693876	2.485644	0.850737	0.014848	26.078131	-16.780063	0.000000	0.088378	0.075402	1.876122	0.164127	0.100285	1.993379	0.145197	0.183333	1.993379	0.101007	0.183333	1.641607	0.082068	0.153760	1.524349	0.050499	0.116798	1.407091	0.631277	0.852966	10.434427	0.000000	0.000000	14.665050	-1.663642	-2.305282	8.933443	-2.694807	72.973688	31.511112	1.761064	-1.297441	4.885227	17.180454	3.761055	93.646725	25.824652	28.992118	-2.876288	-5.359867
11.250000	-0.257392	1.091033	87.117453	0.280312	0.979027	0.233611	-7.114717	-0.488687	-1.021562	4.964690	0.086650	26.462494	4.861234	0.000000	-9.565706	2.759857	2.878255	0.516469	0.009014	26.079777	-16.850273	0.000000	0.084591	0.062105	1.838546	0.157093	0.082600	1.953455	0.138974	0.151003	1.953455	0.096679	0.151003	1.608728	0.078551	0.126645	1.493819	0.048335	0.096201	1.378910	0.604223	0.702547	10.225443	0.000000	0.000000	14.804042	-1.727818	-2.277989	8.874753	-2.605590	73.093874	31.397118	1.754191	-1.365417	5.027641	17.199753	3.706754	93.747982	25.845384	29.201270	-2.823539	-5.316853
11.266667	-0.372663	1.138152	87.324364	0.280141	0.978937	0.233490	-7.567162	-0.459244	0.557598	4.213862	0.073546	25.872446	2.702863	0.000000	-9.716402	2.839932	3.206091	0.296143	0.005169	26.157098	-16.801107	0.000000	0.080989	0.046903	1.795919	0.150405	0.062381	1.908164	0.133057	0.114040	1.908164	0.092563	0.114040	1.571429	0.075207	0.095644	1.459184	0.046277	0.072652	1.346939	0.578498	0.530574	9.988362	0.000000	0.000000	14.926358	-1.783620	-2.277556	8.818531	-2.518494	73.267401	31.267427	1.751704	-1.462209	5.177977	17.212445	3.654937	93.869713	25.892889	29.123893	-2.722128	-5.193154
11.283333	-0.479551	1.197139	87.557891	0.279875	0.978870	0.233440	-8.004854	-0.438181	2.029738	3.512136	0.061298	25.317340	0.637591	0.000000	-9.806931	2.903886	3.400600	0.212971	0.003717	26.344532	-16.547953	0.000000	0.075156	0.033130	1.749772	0.139572	0.044062	1.859133	0.123474	0.080551	1.859133	0.085896	0.080551	1.531051	0.069790	0.067558	1.421690	0.042944	0.051318	1.312329	0.536831	0.374768	9.731709	0.000000	0.000000	15.018455	-1.864865	-2.316716	8.783770	-2.443574	73.499629	31.122952	1.755162	-1.579265	5.354445	17.232685	3.618148	93.992972	25.950287	28.822253	-2.569890	-4.970552
11.300000	-0.597632	1.245828	87.774956	0.279540	0.978801	0.233493	-8.374453	-0.452395	3.378634	2.901975	0.050649	24.846441	-1.260861	0.000000	-9.850087	2.994200	3.574367	0.193175	0.003372	26.544929	-16.297239	0.000000	0.070255	0.018567	1.708774	0.130470	0.024694	1.815572	0.115422	0.045143	1.815572	0.080294	0.045143	1.495177	0.065239	0.037861	1.388379	0.040144	0.028760	1.281580	0.501823	0.210031	9.503688	0.000000	0.000000	15.094127	-1.943755	-2.377417	8.802198	-2.398943	73.923248	30.982202	1.743069	-1.655342	5.455867	17.320769	3.625337	94.476918	25.958246	27.948775	-2.379071	-4.851237
11.316667	-0.732407	1.274598	88.004019	0.279126	0.978712	0.233634	-8.679253	-0.502494	4.598441	2.367737	0.041325	24.439985	-3.041709	0.000000	-9.840088	3.109774	3.804336	0.227114	0.003964	26.723118	-16.123905	0.000000	0.068351	0.002257	1.666466	0.126934	0.003001	1.770620	0.112293	0.005487	1.770620	0.078118	0.005487	1.458157	0.063470	0.004602	1.354003	0.039056	0.003495	1.249849	0.488221	0.025527	9.268381	0.000000	0.000000	15.134296	-2.005276	-2.433575	8.824233	-2.359558	74.291412	30.852662	1.730135	-1.763077	5.598785	17.393474	3.634607	94.843705	25.962273	27.140379	-2.202120	-4.700802
11.333333	-0.891457	1.274541	88.232958	0.278685	0.978588	0.233882	-8.889205	-0.597572	5.604080	1.951091	0.034053	24.117804	-4.609958	0.000000	-9.781029	3.253527	4.002206	0.286067	0.004993	26.893454	-15.919501	0.000000	0.070456	-0.017663	1.625727	0.130844	-0.023492	1.727335	0.115753	-0.042946	1.727335	0.080524	-0.042946	1.422512	0.065426	-0.036018	1.320904	0.040259	-0.027360	1.219296	0.503262	-0.199808	9.041808	0.000000	0.000000	15.145200	-2.016830	-2.506916	8.833608	-2.307972	74.528577	30.733373	1.713203	-1.889793	5.746080	17.441500	3.621191	95.035751	25.988928	26.506045	-2.089917	-4.553023
11.350000	-1.065587	1.259704	88.444794	0.278194	0.978447	0.234249	-9.042005	-0.728920	6.459747	1.606124	0.028032	23.858958	-5.980777	0.000000	-9.701445	3.422147	4.238918	0.338270	0.005904	27.004302	-15.821977	0.000000	0.074563	-0.038881	1.588958	0.138471	-0.051712	1.688268	0.122500	-0.094535	1.688268	0.085218	-0.094535	1.390339	0.069239	-0.079286	1.291029	0.042605	-0.060227	1.191719	0.532597	-0.439830	8.837309	0.000000	0.000000	15.100104	-1.990335	-2.545187	8.858870	-2.262401	74.687189	30.627765	1.691904	-2.039370	5.942164	17.480437	3.609991	95.076743	26.001916	26.160146	-2.043423	-4.400608
11.366667	-1.240281	1.233049	88.651156	0.277670	0.978301	0.234754	-9.126929	-0.875707	7.155585	1.364714	0.023819	23.605392	-7.249411	0.000000	-9.604630	3.594962	4.447539	0.376803	0.006576	27.072432	-15.744237	0.000000	0.079309	-0.060419	1.555144	0.147286	-0.080357	1.652340	0.130298	-0.146903	1.652340	0.090643	-0.146903	1.360751	0.073647	-0.123207	1.263554	0.045317	-0.093589	1.166358	0.566500	-0.683473	8.649243	0.000000	0.000000	15.026507	-1.884047	-2.555815	8.909861	-2.211405	74.820931	30.508665	1.640669	-2.154883	6.073633	17.560074	3.584572	95.203617	26.019055	25.732745	-2.060977	-4.396263
11.383333	-1.419969	1.167313	88.864339	0.277100	0.978113	0.235400	-9.097093	-1.049821	7.386098	1.267935	0.022130	23.469443	-7.975160	0.000000	-9.457182	3.774373	4.648347	0.407416	0.007111	27.092359	-15.698014	0.000000	0.087483	-0.084000	1.524305	0.162464	-0.111720	1.619574	0.143725	-0.204238	1.619574	0.099984	-0.204238	1.333767	0.081236	-0.171293	1.238498	0.049988	-0.130116	1.143229	0.624879	-0.950228	8.477728	0.000000	0.000000	14.953958	-1.724369	-2.641459	8.920941	-2.141183	74.685239	30.409304	1.616365	-2.277086	6.175251	17.569252	3.516745	94.889763	26.103428	25.839150	-2.156838	-4.346030
11.400000	-1.605259	1.076381	89.085768	0.276490	0.977918	0.236202	-8.984043	-1.237055	7.311229	1.274811	0.022250	23.421793	-8.339666	0.000000	-9.271727	3.959013	4.866654	0.429767	0.007501	27.056181	-15.709907	0.000000	0.096321	-0.109188	1.496351	0.178877	-0.145220	1.589873	0.158245	-0.265479	1.589873	0.110085	-0.265479	1.309307	0.089443	-0.222655	1.215785	0.055038	-0.169132	1.122263	0.688008	-1.235152	8.322254	0.000000	0.000000	14.864942	-1.499764	-2.748529	8.926143	-2.045981	74.372016	30.303797	1.606350	-2.415096	6.285683	17.550584	3.413052	94.306532	26.241635	26.310341	-2.304715	-4.280199
11.416667	-1.780868	0.949681	89.322389	0.275826	0.977700	0.237126	-8.790616	-1.418557	7.036517	1.357106	0.023686	23.422828	-8.474685	0.000000	-9.035359	4.131355	5.095986	0.448910	0.007835	26.987364	-15.751739	0.000000	0.106718	-0.134603	1.471748	0.198186	-0.179022	1.563732	0.175327	-0.327274	1.563732	0.121968	-0.327274	1.287779	0.099098	-0.274483	1.195795	0.060979	-0.208500	1.103811	0.762275	-1.522657	8.185419	0.000000	0.000000	14.808894	-1.240200	-2.929409	8.889623	-1.938320	73.815223	30.226917	1.621173	-2.546289	6.359833	17.489374	3.273145	93.433332	26.444957	27.063733	-2.486153	-4.214570
11.433333	-1.940642	0.794289	89.567903	0.275144	0.977481	0.238127	-8.557286	-1.572138	6.794469	1.444710	0.025215	23.434650	-8.629951	0.000000	-8.758143	4.284126	5.352952	0.464852	0.008113	26.885553	-15.847815	0.000000	0.117864	-0.159450	1.450523	0.218885	-0.212068	1.541180	0.193638	-0.387686	1.541180	0.134706	-0.387686	1.269207	0.109448	-0.325149	1.178550	0.067347	-0.246987	1.087892	0.841888	-1.803725	8.067372	0.000000	0.000000	14.792056	-0.970023	-3.175594	8.815375	-1.819456	73.072241	30.173482	1.671476	-2.644308	6.365635	17.386652	3.096948	92.294016	26.720555	28.008845	-2.681716	-4.120801
11.450000	-2.071726	0.603833	89.799039	0.274441	0.977259	0.239205	-8.223715	-1.711155	6.218872	1.634072	0.028520	23.570170	-8.282649	0.000000	-8.433340	4.409588	5.603274	0.479289	0.008365	26.773610	-15.973244	0.000000	0.131310	-0.181685	1.434761	0.243857	-0.241641	1.524433	0.215730	-0.441749	1.524433	0.150075	-0.441749	1.255416	0.121935	-0.370492	1.165743	0.075031	-0.281430	1.076070	0.937938	-2.055258	7.979708	0.000000	0.000000	14.810451	-0.705882	-3.495962	8.709724	-1.710981	72.211210	30.156358	1.732364	-2.692494	6.280121	17.234407	2.906484	90.891645	27.036902	29.177402	-2.888207	-4.011473
11.466667	-2.183214	0.400425	90.064182	0.273687	0.977060	0.240292	-7.908431	-1.819907	5.851366	1.750569	0.030553	23.626399	-8.203734	0.000000	-8.086616	4.506507	5.895581	0.491374	0.008576	26.654600	-16.104292	0.000000	0.144670	-0.201995	1.412846	0.268667	-0.268654	1.501148	0.237679	-0.491132	1.501148	0.165344	-0.491132	1.236240	0.134341	-0.411909	1.147937	0.082665	-0.312891	1.059634	1.033366	-2.285013	7.857824	0.000000	0.000000	14.864464	-0.478920	-3.846538	8.591672	-1.607039	71.310059	30.167247	1.811235	-2.695555	6.110786	17.051104	2.696403	89.326895	27.393659	30.410768	-3.070783	-3.874040
11.483333	-2.267701	0.184091	90.326717	0.272915	0.976887	0.241396	-7.556481	-1.911753	5.263385	1.892939	0.033038	23.759930	-7.761022	0.000000	-7.720110	4.575063	6.164208	0.503277	0.008784	26.548381	-16.202007	0.000000	0.158619	-0.218825	1.387761	0.294572	-0.291037	1.474496	0.260596	-0.532050	1.474496	0.181286	-0.532050	1.214291	0.147294	-0.446227	1.127556	0.090635	-0.338959	1.040821	1.133003	-2.475389	7.718313	0.000000	0.000000	14.935019	-0.296159	-4.194834	8.469501	-1.517498	70.410772	30.206519	1.893646	-2.648703	5.862043	16.825295	2.474714	87.567125	27.780746	31.785658	-3.252541	-3.702307
11.500000	-2.324440	-0.031056	90.588979	0.272124	0.976751	0.242507	-7.191321	-1.981606	4.553585	2.049234	0.035766	23.933839	-7.115947	0.000000	-7.352230	4.614256	6.457814	0.515346	0.008994	26.435122	-16.332137	0.000000	0.171350	-0.231886	1.357685	0.318214	-0.308409	1.442540	0.281511	-0.563808	1.442540	0.195836	-0.563808	1.187974	0.159116	-0.472863	1.103119	0.097909	-0.359192	1.018264	1.223937	-2.623144	7.551035	0.000000	0.000000	15.008434	-0.157454	-4.531071	8.366454	-1.445266	69.600878	30.263097	1.988301	-2.559113	5.527252	16.584221	2.250947	85.743119	28.183386	33.184994	-3.429376	-3.517612
11.516667	-2.336553	-0.240901	90.824635	0.271346	0.976652	0.243623	-6.812174	-2.014736	3.730260	2.228984	0.038903	24.156068	-6.250351	0.000000	-6.992722	4.611976	6.730914	0.528319	0.009221	26.330399	-16.470501	0.000000	0.182711	-0.238515	1.325370	0.339313	-0.317225	1.408206	0.300176	-0.579925	1.408206	0.208821	-0.579925	1.159699	0.169666	-0.486380	1.076863	0.104401	-0.369460	0.994028	1.305089	-2.698129	7.371312	0.000000	0.000000	15.070948	-0.061899	-4.815304	8.294298	-1.405858	68.935640	30.334254	2.109821	-2.414836	5.097469	16.330658	2.032996	83.875163	28.599543	34.581423	-3.599191	-3.330697
11.533333	-2.297572	-0.437606	91.030692	0.270600	0.976585	0.244721	-6.429823	-2.003093	2.829527	2.432146	0.042449	24.427902	-5.204574	0.000000	-6.654248	4.562351	6.972259	0.546578	0.009540	26.242688	-16.600577	0.000000	0.192120	-0.237866	1.291275	0.356785	-0.316362	1.371980	0.315633	-0.578348	1.371980	0.219574	-0.578348	1.129866	0.178402	-0.485057	1.049161	0.109777	-0.368455	0.968457	1.372291	-2.690789	7.181686	0.000000	0.000000	15.116333	-0.016324	-5.041206	8.246491	-1.402002	68.392944	30.425852	2.271717	-2.245188	4.610829	16.075884	1.829224	82.017196	29.015024	35.962467	-3.752146	-3.149588
11.550000	-2.240306	-0.619590	91.247596	0.269857	0.976559	0.245780	-6.063156	-1.973428	1.813964	2.636298	0.046012	24.743571	-4.005818	0.000000	-6.337513	4.494483	7.208922	0.577789	0.010084	26.161750	-16.700816	0.000000	0.200319	-0.234788	1.247991	0.372012	-0.312268	1.325990	0.329103	-0.570863	1.325990	0.228944	-0.570863	1.091992	0.186016	-0.478779	1.013993	0.114462	-0.363686	0.935993	1.430856	-2.655967	6.940951	0.000000	0.000000	15.110535	0.012240	-5.255290	8.253955	-1.407948	68.090522	30.498481	2.492783	-2.091588	4.092697	15.832975	1.627635	80.250008	29.425573	37.240261	-3.903295	-2.974287
11.566667	-2.130919	-0.794101	91.451604	0.269128	0.976566	0.246787	-5.684852	-1.902217	0.609485	2.864230	0.049990	25.123593	-2.463931	0.000000	-6.038594	4.377776	7.390195	0.620496	0.010830	26.076662	-16.787721	0.000000	0.206231	-0.225379	1.204242	0.382992	-0.299755	1.279507	0.338818	-0.547987	1.279507	0.235702	-0.547987	1.053712	0.191507	-0.459594	0.978447	0.117841	-0.349113	0.903182	1.473091	-2.549536	6.697634	0.000000	0.000000	15.133838	-0.061352	-5.529755	8.251604	-1.438888	67.846203	30.612993	2.700461	-1.891740	3.505733	15.610656	1.465772	78.594329	29.798285	38.366038	-3.995845	-2.791880
11.583333	-1.991943	-0.948405	91.655089	0.268424	0.976583	0.247755	-5.320891	-1.802624	-0.621049	3.108083	0.054246	25.511987	-0.888520	0.000000	-5.764046	4.234012	7.549134	0.683008	0.011921	26.019229	-16.851658	0.000000	0.210666	-0.211633	1.155878	0.391228	-0.281472	1.228120	0.346103	-0.514565	1.228120	0.240770	-0.514565	1.011393	0.195625	-0.431562	0.939151	0.120375	-0.327820	0.866908	1.504767	-2.394037	6.428646	0.000000	0.000000	15.145923	-0.173947	-5.731867	8.256406	-1.482547	67.621805	30.745445	2.903138	-1.699003	2.952562	15.413465	1.325848	77.078086	30.136593	39.375694	-4.060285	-2.626899
11.600000	-1.825640	-1.077963	91.860358	0.267750	0.976606	0.248677	-4.978512	-1.675424	-1.846460	3.367188	0.058769	25.895780	0.661706	0.000000	-5.518345	4.065741	7.685759	0.769111	0.013424	25.997378	-16.887788	0.000000	0.213562	-0.193706	1.102483	0.396607	-0.257629	1.171388	0.350862	-0.470976	1.171388	0.244081	-0.470976	0.964673	0.198314	-0.395005	0.895767	0.122030	-0.300050	0.826862	1.525455	-2.191239	6.131680	0.000000	0.000000	15.144791	-0.322080	-5.839983	8.264818	-1.536208	67.390697	30.895838	3.093106	-1.524426	2.462081	15.248493	1.210648	75.737727	30.431635	40.250375	-4.094520	-2.485436
11.616667	-1.634274	-1.178239	92.069722	0.267112	0.976628	0.249545	-4.664957	-1.521391	-3.035569	3.640872	0.063545	26.262002	2.128038	0.000000	-5.305967	3.875510	7.800086	0.882587	0.015404	26.019036	-16.891275	0.000000	0.214860	-0.171754	1.043643	0.399017	-0.228433	1.108871	0.352994	-0.417602	1.108871	0.245564	-0.417602	0.913188	0.199519	-0.350240	0.847960	0.122771	-0.266047	0.782732	1.534724	-1.942913	5.804429	0.000000	0.000000	15.128446	-0.502281	-5.832462	8.273294	-1.597156	67.126245	31.064177	3.262659	-1.379062	2.063187	15.122829	1.122957	74.609697	30.674547	40.971230	-4.096458	-2.373585
11.633333	-1.420109	-1.244698	92.285487	0.266517	0.976643	0.250352	-4.387466	-1.341298	-4.157198	3.928467	0.068565	26.597679	3.451768	0.000000	-5.131385	3.665870	7.892134	1.027222	0.017928	26.092130	-16.857282	0.000000	0.214499	-0.145934	0.978943	0.398346	-0.194092	1.040127	0.352400	-0.354823	1.040127	0.245151	-0.354823	0.856575	0.199184	-0.297588	0.795391	0.122565	-0.226051	0.734207	1.532144	-1.650832	5.444585	0.000000	0.000000	15.094889	-0.711083	-5.687662	8.278289	-1.662677	66.801818	31.250461	3.404088	-1.273960	1.784775	15.043566	1.065558	73.730442	30.856464	41.519405	-4.064004	-2.297438
11.650000	-1.185408	-1.272802	92.509964	0.265971	0.976644	0.251091	-4.153280	-1.135919	-5.180168	4.229301	0.073815	26.889840	4.574187	0.000000	-4.999075	3.439368	7.961919	1.206797	0.021063	26.224586	-16.780972	0.000000	0.212419	-0.116402	0.907967	0.394483	-0.154815	0.964715	0.348983	-0.283020	0.964715	0.242773	-0.283020	0.794471	0.197252	-0.237367	0.737723	0.121376	-0.180307	0.680975	1.517285	-1.316765	5.049841	0.000000	0.000000	15.042124	-0.945019	-5.383939	8.276259	-1.730054	66.390782	31.454693	3.509686	-1.220171	1.655742	15.017793	1.041236	73.136410	30.968525	41.876048	-3.995065	-2.263088
11.666667	-0.932435	-1.258014	92.745460	0.265479	0.976627	0.251754	-3.969640	-0.906028	-6.073301	4.542704	0.079285	27.125512	5.436586	0.000000	-4.913513	3.198553	8.009460	1.425099	0.024873	26.424331	-16.657507	0.000000	0.208559	-0.083316	0.830302	0.387315	-0.110810	0.882196	0.342642	-0.202574	0.882196	0.238362	-0.202574	0.726514	0.193668	-0.169898	0.674620	0.119171	-0.129056	0.622726	1.489717	-0.942485	4.617890	0.000000	0.000000	14.968151	-1.200621	-4.899652	8.263658	-1.796572	65.866506	31.676876	3.571745	-1.228746	1.704984	15.052601	1.052776	72.864045	31.001866	42.022306	-3.887545	-2.276628
11.683333	-0.663453	-1.195799	92.994285	0.265048	0.976584	0.252333	-3.843786	-0.652398	-6.805418	4.868005	0.084963	27.291723	5.980256	0.000000	-4.879172	2.945975	8.034775	1.685910	0.029425	26.699292	-16.482051	0.000000	0.202860	-0.046831	0.745532	0.376731	-0.062285	0.792127	0.333279	-0.113865	0.792127	0.231849	-0.113865	0.652340	0.188376	-0.095498	0.605744	0.115914	-0.072541	0.559149	1.449009	-0.529761	4.146423	0.000000	0.000000	14.870974	-1.474421	-4.213158	8.236942	-1.859516	65.202356	31.917010	3.582559	-1.310735	1.961397	15.155082	1.102963	72.949795	30.947623	41.939327	-3.739352	-2.344151
11.700000	-0.380725	-1.081620	93.258746	0.264683	0.976509	0.252822	-3.782960	-0.375803	-7.345341	5.204533	0.090836	27.375500	6.146489	0.000000	-4.900527	2.684182	8.037881	1.993015	0.034785	27.057396	-16.249766	0.000000	0.195261	-0.007104	0.653241	0.362620	-0.009449	0.694069	0.320795	-0.017274	0.694069	0.223164	-0.017274	0.571586	0.181320	-0.014487	0.530759	0.111572	-0.011005	0.489931	1.394731	-0.080366	3.633133	0.000000	0.000000	14.748594	-1.762952	-3.302815	8.192565	-1.916171	64.371701	32.175099	3.534419	-1.477190	2.453878	15.332325	1.194580	73.430106	30.796932	41.608259	-3.548392	-2.471749
11.716667	-0.086516	-0.910939	93.541152	0.264391	0.976397	0.253213	-3.794401	-0.077017	-7.661891	5.551619	0.096894	27.363873	5.876575	0.000000	-4.982055	2.415722	8.018795	2.350198	0.041019	27.506568	-15.955816	0.000000	0.185702	0.035707	0.553017	0.344868	0.047491	0.587580	0.305091	0.086819	0.587580	0.212239	0.086819	0.483890	0.172443	0.072815	0.449326	0.106110	0.055311	0.414763	1.326454	0.403929	3.075713	0.000000	0.000000	14.599015	-2.062746	-2.146981	8.126983	-1.963822	63.347907	32.451144	3.419618	-1.739160	3.211323	15.591422	1.330414	74.341424	30.540931	41.010248	-3.312570	-2.665516
