Inverse Dynamics Generalized Forces
version=1
nRows=224
nColumns=63
inDegrees=no
endheader
time	pelvis_tilt_moment	pelvis_list_moment	pelvis_rotation_moment	pelvis_tx_force	pelvis_ty_force	pelvis_tz_force	hip_flexion_r_moment	hip_adduction_r_moment	hip_rotation_r_moment	hip_flexion_l_moment	hip_adduction_l_moment	hip_rotation_l_moment	knee_angle_r_moment	knee_angle_r_beta_force	knee_angle_l_moment	knee_angle_l_beta_force	L5_S1_Flex_Ext_moment	L5_S1_Lat_Bending_moment	L5_S1_axial_rotation_moment	Abs_r3_moment	Abs_r2_moment	Abs_r1_moment	Abs_t1_force	Abs_t2_force	ankle_angle_r_moment	ankle_angle_l_moment	L4_L5_Flex_Ext_moment	L4_L5_Lat_Bending_moment	L4_L5_axial_rotation_moment	subtalar_angle_r_moment	subtalar_angle_l_moment	L3_L4_Flex_Ext_moment	L3_L4_Lat_Bending_moment	L3_L4_axial_rotation_moment	mtp_angle_r_moment	mtp_angle_l_moment	L2_L3_Flex_Ext_moment	L2_L3_Lat_Bending_moment	L2_L3_axial_rotation_moment	L1_L2_Flex_Ext_moment	L1_L2_Lat_Bending_moment	L1_L2_axial_rotation_moment	L1_T12_Flex_Ext_moment	L1_T12_Lat_Bending_moment	L1_T12_axial_rotation_moment	neck_flexion_moment	neck_bending_moment	neck_rotation_moment	arm_flex_r_moment	arm_add_r_moment	arm_rot_r_moment	arm_flex_l_moment	arm_add_l_moment	arm_rot_l_moment	elbow_flex_r_moment	elbow_flex_l_moment	pro_sup_r_moment	pro_sup_l_moment	wrist_flex_r_moment	wrist_dev_r_moment	wrist_flex_l_moment	wrist_dev_l_moment
     -0.00001700	      2.55856632	    -54.98900299	     -0.45398125	     -2.88621009	    717.84665508	     -2.02566322	     -7.54023132	      3.39051179	      0.06409219	     -6.27796451	     -0.74216365	      0.00645028	      0.83277965	     -0.03682627	      0.84570651	     -0.03814759	     19.58002875	     -0.90191625	      0.08431377	      0.00087499	     -0.00009966	      0.00004192	     -0.00058121	      0.00849801	      1.32963119	      1.40421268	     14.89889579	     -0.55929242	      0.13601648	     -0.17365749	     -0.19081983	     14.17533979	     -0.18763718	      0.28478861	     -0.04622819	     -0.05015868	     15.69200700	      0.26723968	      0.49860079	     17.49597868	      0.76334542	      0.72859472	     20.03434361	      1.37562332	      0.98973706	      3.94270778	      3.94669285	      0.15176287	      2.28813824	      0.21736665	     -0.70254985	      3.72941666	      0.20312818	     -1.03978125	      2.78165001	      2.20055352	      0.05089484	     -0.13418692	      0.01468503	     -0.29494958	      0.01457174	     -0.25659398
      0.01693200	      1.98859071	    -55.51337796	     -1.34069642	    -13.13894059	    720.81704383	     -1.03659841	     -7.11254545	      3.70006717	     -0.07864261	     -5.63867784	     -1.16127879	     -0.31430293	      0.64681824	     -0.03726730	      0.66895399	     -0.03835484	     18.23365833	     -1.26139887	     -0.12520320	      0.00087947	     -0.00008168	      0.00003558	     -0.00065863	      0.00847934	      1.35775994	      1.41258663	     13.65682755	     -0.72515351	     -0.19653378	     -0.16853288	     -0.19824693	     13.07520194	     -0.13028807	     -0.08303912	     -0.04840166	     -0.05053086	     14.74593498	      0.51285964	      0.15479545	     16.70673047	      1.16025392	      0.43013721	     19.41435374	      1.92316444	      0.77262327	      4.87268363	      6.63198545	      0.26519858	      2.35054448	      0.18071708	     -0.68533292	      3.63152420	      0.19058749	     -0.91853010	      2.75689958	      2.18250093	      0.07974673	     -0.08398134	      0.04101640	     -0.29509336	      0.05848206	     -0.25213756
      0.03388100	      1.65672388	    -55.78240548	     -2.01683865	    -21.62845877	    722.96622050	      0.24637749	     -6.69303803	      3.76756211	     -0.20995306	     -5.11167066	     -1.60435809	     -0.60550119	      0.46087487	     -0.03768025	      0.51803238	     -0.03844077	     17.13866908	     -1.62459360	     -0.25279082	      0.00088415	     -0.00006562	      0.00003047	     -0.00073440	      0.00846492	      1.38137524	      1.40584602	     12.63815829	     -0.91058909	     -0.43263708	     -0.16961321	     -0.21377551	     12.16605385	     -0.11195381	     -0.34955790	     -0.05000766	     -0.04960124	     13.96007484	      0.70316985	     -0.09002401	     16.04967241	      1.48833451	      0.22521297	     18.89834384	      2.38762058	      0.63883679	      5.62254991	      9.00044931	      0.36409201	      2.40367137	      0.17459262	     -0.66248991	      3.60422951	      0.22030128	     -0.84026468	      2.74193713	      2.20371943	      0.10421392	     -0.04365408	      0.06468334	     -0.29240634	      0.09282120	     -0.25493403
      0.05083000	      1.51311208	    -55.89335085	     -2.39707158	    -27.60516050	    724.21753457	      1.49432510	     -6.35072686	      3.64561475	     -0.31276359	     -4.74104207	     -2.01212577	     -0.84041163	      0.30846671	     -0.03800303	      0.40307362	     -0.03842472	     16.34054314	     -1.95588233	     -0.25977009	      0.00088806	     -0.00005334	      0.00002774	     -0.00079631	      0.00845539	      1.39795337	      1.38913594	     11.88886476	     -1.10658040	     -0.52223459	     -0.17494183	     -0.23367093	     11.49215390	     -0.15181965	     -0.46267420	     -0.05095319	     -0.04779783	     13.37458810	      0.79590940	     -0.18756424	     15.55909983	      1.68801037	      0.15632721	     18.51368816	      2.69340890	      0.62159757	      6.14265660	     10.77669144	      0.43655403	      2.43918006	      0.18703278	     -0.63529989	      3.64281331	      0.27817771	     -0.80918509	      2.73202814	      2.24930554	      0.12090788	     -0.01565306	      0.08369466	     -0.28614497	      0.11609889	     -0.26266635
      0.06777900	      1.47868093	    -55.98353478	     -2.45162329	    -30.77806528	    724.67228421	      2.42280077	     -6.13852771	      3.42524925	     -0.37523699	     -4.56150550	     -2.32601511	     -1.00095367	      0.21390326	     -0.03819505	      0.33445515	     -0.03834362	     15.83178827	     -2.22751047	     -0.13082670	      0.00089037	     -0.00004612	      0.00002812	     -0.00083506	      0.00845039	      1.40635156	      1.36936856	     11.40628917	     -1.30292703	     -0.44340373	     -0.18159894	     -0.25353158	     11.05442728	     -0.25824767	     -0.39966991	     -0.05128456	     -0.04572409	     12.99170338	      0.76740498	     -0.11780556	     15.23666429	      1.72413855	      0.23970685	     18.26053334	      2.79486900	      0.73129723	      6.42173824	     11.79477621	      0.47565882	      2.45024960	      0.20212948	     -0.60541168	      3.72533680	      0.35215866	     -0.81604341	      2.72030751	      2.30376626	      0.12793675	     -0.00035676	      0.09654327	     -0.27618907	      0.12908808	     -0.27208497
      0.08472800	      1.48251961	    -56.16392465	     -2.19569002	    -31.26222928	    724.50360085	      2.89254996	     -6.08121578	      3.19563519	     -0.39252684	     -4.59092186	     -2.50500625	     -1.07985035	      0.18743112	     -0.03824327	      0.32004435	     -0.03823478	     15.57840707	     -2.42500351	      0.13118198	      0.00089064	     -0.00004457	      0.00003184	     -0.00084616	      0.00844917	      1.40661487	      1.35254261	     11.16171596	     -1.49063475	     -0.19763155	     -0.18692066	     -0.26981912	     10.82899911	     -0.42809974	     -0.16222692	     -0.05111416	     -0.04392360	     12.79091701	      0.61577657	      0.11654146	     15.06398083	      1.59102336	      0.47142906	     18.12200911	      2.68280606	      0.96234721	      6.46629956	     12.01030368	      0.47983727	      2.43467389	      0.20799182	     -0.57502840	      3.82659552	      0.43407635	     -0.84767124	      2.70196988	      2.35551487	      0.12513284	      0.00286464	      0.10253163	     -0.26350636	      0.13296811	     -0.28036078
      0.10167700	      1.48670487	    -56.46995298	     -1.67480864	    -29.47024304	    723.86133468	      2.95504276	     -6.17283043	      3.01520117	     -0.36663506	     -4.81999250	     -2.53416002	     -1.08042116	      0.22568504	     -0.03815919	      0.36116540	     -0.03812423	     15.54384320	     -2.54595185	      0.51153184	      0.00088890	     -0.00004850	      0.00003864	     -0.00083050	      0.00845098	      1.39960412	      1.34210507	     11.12133331	     -1.66106089	      0.19710038	     -0.18935810	     -0.28049803	     10.78487083	     -0.64627252	      0.23083330	     -0.05055218	     -0.04273009	     12.74374529	      0.36110732	      0.49740578	     15.01487726	      1.31230597	      0.83476570	     18.07403301	      2.38404492	      1.30033236	      6.28239549	     11.48472043	      0.45212806	      2.39565897	      0.20144541	     -0.54650515	      3.92797175	      0.51638706	     -0.89502067	      2.67671659	      2.39710293	      0.11382972	     -0.00513875	      0.10203883	     -0.25005406	      0.12807349	     -0.28594601
      0.11862600	      1.49116799	    -56.84961369	     -0.95427088	    -25.99879971	    722.83143222	      2.84064584	     -6.38223217	      2.90274066	     -0.30488153	     -5.20920580	     -2.42372532	     -1.01423010	      0.31524846	     -0.03797149	      0.45053396	     -0.03802265	     15.70200894	     -2.59535966	      0.98687056	      0.00088559	     -0.00005713	      0.00004791	     -0.00079358	      0.00845516	      1.38665563	      1.33867121	     11.25814601	     -1.80392740	      0.71077730	     -0.18872199	     -0.28493210	     10.89445946	     -0.88649750	      0.74831848	     -0.04967412	     -0.04223688	     12.82285262	      0.04235388	      0.99584853	     15.06311162	      0.93610900	      1.30419784	     18.09154324	      1.95491005	      1.72520700	      5.86885220	     10.35503299	      0.39890549	      2.33959148	      0.18873531	     -0.52096661	      4.01987057	      0.58927631	     -0.95568764	      2.64885340	      2.42445381	      0.09637126	     -0.02355154	      0.09659759	     -0.23816527	      0.11392338	     -0.28875402
      0.13557500	      1.52070081	    -57.18809603	     -0.11442015	    -21.53160689	    721.44986931	      2.90212876	     -6.66339078	      2.84564918	     -0.21768783	     -5.69703056	     -2.20254056	     -0.89743142	      0.43708300	     -0.03771801	      0.57351924	     -0.03792714	     16.03837781	     -2.58069933	      1.52468152	      0.00088137	     -0.00006912	      0.00005873	     -0.00074398	      0.00846089	      1.36934848	      1.34076142	     11.55380863	     -1.90616442	      1.30227345	     -0.18589991	     -0.28348871	     11.13604355	     -1.11417083	      1.34781047	     -0.04852556	     -0.04235575	     13.00476606	     -0.28877058	      1.57268813	     15.18501314	      0.52642705	      1.84530668	     18.15092263	      1.47031754	      2.21003904	      5.22302058	      8.79995892	      0.32851018	      2.27206511	      0.18278156	     -0.49675272	      4.09774047	      0.64063903	     -1.03086559	      2.62530621	      2.43669408	      0.07555442	     -0.05129692	      0.08869594	     -0.22973372	      0.09032039	     -0.28974417
      0.15252400	      1.60302859	    -57.35373071	      0.75099170	    -16.75935943	    719.74250659	      3.52932854	     -6.96667611	      2.81649462	     -0.11633175	     -6.21526672	     -1.91032518	     -0.74698768	      0.57061231	     -0.03743869	      0.71177194	     -0.03782667	     16.54196113	     -2.50833500	      2.08086004	      0.00087700	     -0.00008282	      0.00006997	     -0.00069151	      0.00846697	      1.34935770	      1.34596015	     11.99267227	     -1.95238008	      1.91835689	     -0.18230552	     -0.27716766	     11.48987851	     -1.29106220	      1.97480257	     -0.04714633	     -0.04291073	     13.26755566	     -0.57594978	      2.17701863	     15.35820386	      0.15243929	      2.41247732	     18.22962817	      1.01082138	      2.71748905	      4.35478822	      7.00999559	      0.24999801	      2.19469903	      0.19807720	     -0.46919048	      4.15470464	      0.65757454	     -1.11926191	      2.61242450	      2.43551503	      0.05414733	     -0.08633357	      0.08129452	     -0.22558528	      0.05874367	     -0.29013053
      0.16947300	      1.74900071	    -57.24588742	      1.53826026	    -12.30917618	    717.76032874	      5.04910568	     -7.24833050	      2.78898400	     -0.01113261	     -6.70412414	     -1.59145340	     -0.57775347	      0.69709004	     -0.03716976	      0.84727318	     -0.03770904	     17.19310097	     -2.38193127	      2.59866880	      0.00087316	     -0.00009645	      0.00008038	     -0.00064538	      0.00847181	      1.32834172	      1.35196589	     12.55227436	     -1.92704322	      2.49389086	     -0.17932342	     -0.26733591	     11.93148750	     -1.38137014	      2.56296437	     -0.04559356	     -0.04372056	     13.58641302	     -0.76734612	      2.74587283	     15.55892018	     -0.12265586	      2.94779273	     18.30519960	      0.64971072	      3.19757047	      3.30223747	      5.16523957	      0.17208227	      2.10505838	      0.24499773	     -0.43263747	      4.17509635	      0.62730739	     -1.21169964	      2.61306338	      2.42280175	      0.03452981	     -0.12491615	      0.07714637	     -0.22532024	      0.02319510	     -0.29053081
      0.18642200	      1.94393454	    -56.82867388	      2.14353431	     -8.67933752	    715.59524973	      7.62917492	     -7.47652241	      2.74776522	      0.08966855	     -7.12156517	     -1.29016567	     -0.40098922	      0.80208710	     -0.03693936	      0.96534007	     -0.03756754	     17.95320772	     -2.20354597	      3.01285285	      0.00087031	     -0.00010832	      0.00008874	     -0.00061263	      0.00847376	      1.30784378	      1.35722212	     13.19553611	     -1.81863232	      2.95693428	     -0.17792377	     -0.25551713	     12.42649785	     -1.35890029	      3.03927401	     -0.04395205	     -0.04464561	     13.93073430	     -0.82499179	      3.20885251	     15.76091477	     -0.25236696	      3.38500675	     18.35602327	      0.44133540	      3.59065199	      2.14093668	      3.42120294	      0.10225717	      2.00003795	      0.32575906	     -0.38411443	      4.13337283	      0.53765865	     -1.28975329	      2.62551435	      2.39747897	      0.01843751	     -0.16137894	      0.07808747	     -0.22767755	     -0.01000977	     -0.29042626
      0.20337100	      2.15458759	    -56.14074433	      2.48021904	     -6.18642449	    713.37848210	     11.21423440	     -7.63339157	      2.69072441	      0.18018895	     -7.44544512	     -1.04547804	     -0.22440963	      0.87679307	     -0.03676498	      1.05616485	     -0.03740510	     18.76198684	     -1.97817486	      3.26119376	      0.00086871	     -0.00011710	      0.00009411	     -0.00059703	      0.00847171	      1.28923683	      1.36106870	     13.86923100	     -1.62591340	      3.24094309	     -0.17851015	     -0.24316125	     12.93051254	     -1.21498588	      3.33625465	     -0.04233242	     -0.04559796	     14.26521387	     -0.73375970	      3.50002814	     15.93757131	     -0.21631102	      3.66094332	     18.36456394	      0.41157850	      3.83809139	      0.97915021	      1.90091433	      0.04609250	      1.88044087	      0.43365584	     -0.32634537	      4.00063218	      0.37925874	     -1.32968526	      2.64489742	      2.35442934	      0.00679050	     -0.18891092	      0.08451116	     -0.23122138	     -0.03352338	     -0.28822384
      0.22032000	      2.34925845	    -55.28008032	      2.49901970	     -4.93853876	    711.27123085	     15.51810320	     -7.71355103	      2.62552789	      0.25638801	     -7.66999641	     -0.88447283	     -0.05332481	      0.91795933	     -0.03665365	      1.11516418	     -0.03723452	     19.54458841	     -1.72063895	      3.30078648	      0.00086837	     -0.00012201	      0.00009597	     -0.00059856	      0.00846561	      1.27373261	      1.36354291	     14.51055490	     -1.36473330	      3.30127205	     -0.18097140	     -0.23137158	     13.39513471	     -0.96514131	      3.40853734	     -0.04086222	     -0.04652858	     14.55538120	     -0.50773403	      3.57439713	     16.06702408	     -0.02615297	      3.73169420	     18.32213524	      0.55242243	      3.89798691	     -0.06214018	      0.69283086	      0.00682285	      1.75342143	      0.55541039	     -0.26815645	      3.75709263	      0.15088159	     -1.31032495	      2.66609286	      2.28751063	     -0.00037933	     -0.20132296	      0.09521357	     -0.23500900	     -0.04093649	     -0.28196877
      0.23726900	      2.52085756	    -54.37230079	      2.20135108	     -4.84300356	    709.45437476	     20.07042221	     -7.72058537	      2.56347924	      0.31512296	     -7.79949686	     -0.81539582	      0.10792068	      0.92680843	     -0.03660435	      1.14256682	     -0.03707516	     20.22606202	     -1.46092767	      3.12146669	      0.00086912	     -0.00012300	      0.00009443	     -0.00061367	      0.00845673	      1.26240903	      1.36503259	     15.05946451	     -1.07158271	      3.12838968	     -0.18485116	     -0.22066927	     13.77807538	     -0.65091496	      3.24615682	     -0.03967273	     -0.04740790	     14.77572964	     -0.19072600	      3.42133303	     16.13859416	      0.27482997	      3.58613227	     18.23364202	      0.82312642	      3.75870735	     -0.87522231	     -0.14510103	     -0.01458994	      1.63095682	      0.67457085	     -0.22198370	      3.40575468	     -0.13430947	     -1.22198186	      2.68620679	      2.19535429	     -0.00387422	     -0.19517464	      0.10764964	     -0.23890811	     -0.02885804	     -0.27043593
      0.25421800	      2.69989981	    -53.53764426	      1.63956496	     -5.64589463	    708.11431904	     24.29427985	     -7.66347858	      2.51375756	      0.35339656	     -7.84213236	     -0.82434901	      0.25482174	      0.90758078	     -0.03661138	      1.14258380	     -0.03694766	     20.74599667	     -1.24360620	      2.74966599	      0.00087065	     -0.00012068	      0.00009014	     -0.00063616	      0.00844735	      1.25617926	      1.36594663	     15.47069825	     -0.80040778	      2.75118439	     -0.18954254	     -0.21093125	     14.05231494	     -0.33428786	      2.87790848	     -0.03888180	     -0.04820886	     14.91633386	      0.15100346	      3.06827080	     16.15723850	      0.61994075	      3.24995410	     18.11979530	      1.15891549	      3.44341317	     -1.38510955	     -0.57863282	     -0.01897133	      1.52528545	      0.77365601	     -0.20010623	      2.98105289	     -0.44704783	     -1.07318142	      2.70484999	      2.08550102	     -0.00514589	     -0.17122959	      0.11844824	     -0.24339993	      0.00153303	     -0.25408049
      0.27116700	      2.94931188	    -52.87053400	      0.90431465	     -6.99255537	    707.41669295	     27.58901682	     -7.55426413	      2.48018320	      0.36834626	     -7.80632009	     -0.87853275	      0.38214936	      0.86630060	     -0.03666701	      1.12237750	     -0.03686888	     21.06565743	     -1.11936278	      2.24127607	      0.00087255	     -0.00011607	      0.00008410	     -0.00065848	      0.00844013	      1.25566455	      1.36648586	     15.71886996	     -0.61182655	      2.22911083	     -0.19444636	     -0.20157489	     14.20876487	     -0.08478776	      2.36345408	     -0.03857356	     -0.04889515	     14.98328400	      0.44290370	      2.57316372	     16.14208839	      0.93364313	      2.77864046	     18.01363366	      1.48550387	      3.00378277	     -1.55590971	     -0.59374622	     -0.00831124	      1.44438370	      0.83464467	     -0.21172836	      2.54650343	     -0.74921983	     -0.89201543	      2.72220335	      1.97246695	     -0.00601741	     -0.13435981	      0.12398815	     -0.24901987	      0.04411718	     -0.23526705
      0.28811600	      3.34288481	    -52.43674379	      0.10387749	     -8.49658220	    707.46547744	     29.40553269	     -7.40703367	      2.46106155	      0.35803469	     -7.70020364	     -0.93577740	      0.48406267	      0.80998649	     -0.03676285	      1.09091654	     -0.03684848	     21.16444595	     -1.13088251	      1.66671471	      0.00087435	     -0.00011037	      0.00007738	     -0.00067305	      0.00843737	      1.26099964	      1.36653078	     15.79387159	     -0.55755403	      1.63652282	     -0.19906612	     -0.19193711	     14.25006648	      0.03735262	      1.77751432	     -0.03877863	     -0.04941466	     14.99089136	      0.61956313	      2.00895029	     16.11728880	      1.14887365	      2.24243131	     17.94982870	      1.73590280	      2.50583378	     -1.38541503	     -0.19821789	      0.01478017	      1.39057504	      0.83946211	     -0.26207680	      2.17817696	     -1.00838079	     -0.71943732	      2.73651458	      1.86938676	     -0.00837136	     -0.09176561	      0.12094279	     -0.25582740	      0.08914145	     -0.21741456
      0.30506500	      3.93765000	    -52.28268336	     -0.65889629	     -9.80378200	    708.25856031	     29.31528029	     -7.23773011	      2.45118255	      0.32255930	     -7.53352579	     -0.95707061	      0.55490654	      0.74621179	     -0.03688973	      1.05777323	     -0.03688792	     21.02949566	     -1.29881509	      1.09305707	      0.00087561	     -0.00010458	      0.00007080	     -0.00067338	      0.00844044	      1.27165583	      1.36562966	     15.69001487	     -0.66581829	      1.04419668	     -0.20303833	     -0.18170039	     14.17869767	     -0.00374862	      1.19121253	     -0.03946118	     -0.04969798	     14.94867325	      0.63982208	      1.44506788	     16.09801771	      1.22177546	      1.70824625	     17.94956785	      1.86455392	      2.01257103	     -0.89379556	      0.57531729	      0.04748184	      1.36305008	      0.77202136	     -0.35321114	      1.93774727	     -1.21073433	     -0.59476197	      2.74277341	      1.77863019	     -0.01384689	     -0.05036943	      0.10677788	     -0.26320488	      0.12609830	     -0.20325737
      0.32201400	      4.75179768	    -52.44577246	     -1.30633042	    -10.63448209	    709.66118342	     27.07437014	     -7.06417302	      2.44454617	      0.26489725	     -7.32029098	     -0.91764931	      0.59044205	      0.68283053	     -0.03703654	      1.03196020	     -0.03698122	     20.64718706	     -1.61395756	      0.56805610	      0.00087592	     -0.00009934	      0.00006480	     -0.00065502	      0.00844954	      1.28637767	      1.36306949	     15.39709507	     -0.93371753	      0.50301421	     -0.20611663	     -0.17119381	     13.98721767	     -0.21214085	      0.65561773	     -0.04051890	     -0.04966255	     14.85078642	      0.49397209	      0.93104505	     16.07926057	      1.13847955	      1.22347919	     18.00856891	      1.85363897	      1.56818292	     -0.11311547	      1.66786377	      0.08699426	      1.36214101	      0.62153152	     -0.48530082	      1.84741862	     -1.36289885	     -0.53911579	      2.73310582	      1.68919251	     -0.02356026	     -0.01477260	      0.08015965	     -0.26997622	      0.14711917	     -0.19312822
      0.33896300	      5.75518649	    -52.95639835	     -1.79651133	    -10.79477497	    711.41598304	     22.67148267	     -6.90586022	      2.43665866	      0.19109659	     -7.08022206	     -0.81314401	      0.58897194	      0.62770949	     -0.03718866	      1.02085818	     -0.03711695	     20.00422836	     -2.03862871	      0.11116574	      0.00087501	     -0.00009488	      0.00005939	     -0.00061616	      0.00846367	      1.30329477	      1.35802739	     14.90084196	     -1.32923170	      0.03495218	     -0.20813976	     -0.16144037	     13.65815641	     -0.56260544	      0.19267900	     -0.04179942	     -0.04922450	     14.67556420	      0.20077987	      0.48737928	     16.03514848	      0.91185190	      0.80684556	     18.09625093	      1.70963940	      1.18888684	      0.91786711	      2.99499167	      0.13056782	      1.39188386	      0.38542096	     -0.65705838	      1.88149381	     -1.48122736	     -0.54635351	      2.69834029	      1.58390421	     -0.03785763	      0.01329457	      0.04120528	     -0.27464294	      0.14926288	     -0.18441098
      0.35591200	      6.87373967	    -53.82893579	     -2.12107103	    -10.16676454	    713.19001959	     16.34132805	     -6.78299704	      2.42575570	      0.10963333	     -6.83720614	     -0.65931886	      0.55184525	      0.58828636	     -0.03732713	      1.02921364	     -0.03728064	     19.09850609	     -2.51580001	     -0.28411129	      0.00087276	     -0.00009110	      0.00005428	     -0.00055798	      0.00848083	      1.32020921	      1.34979647	     14.19330358	     -1.80087068	     -0.36446912	     -0.20900845	     -0.15391552	     13.17443568	     -1.01066972	     -0.20229953	     -0.04313026	     -0.04831885	     14.39629964	     -0.20261930	      0.10794253	     15.93019401	      0.57156404	      0.45063822	     18.16758301	      1.45376746	      0.86493980	      2.15321704	      4.45049986	      0.17539860	      1.45848150	      0.07042668	     -0.86468294	      1.98053365	     -1.57818511	     -0.58791139	      2.62992238	      1.45095982	     -0.05612868	      0.03416477	     -0.00844662	     -0.27557014	      0.13458645	     -0.17269564
      0.37286100	      8.00413393	    -55.04703837	     -2.29249356	     -8.69943726	    714.63973699	      8.53741216	     -6.71439907	      2.41293760	      0.03008201	     -6.61454648	     -0.48637593	      0.48327666	      0.57082447	     -0.03742940	      1.05826862	     -0.03745713	     17.95254503	     -2.98151636	     -0.63703204	      0.00086926	     -0.00008774	      0.00004908	     -0.00048460	      0.00849834	      1.33498394	      1.33803723	     13.28635687	     -2.28986914	     -0.71298185	     -0.20868535	     -0.15011161	     12.53363248	     -1.50438001	     -0.54737373	     -0.04435322	     -0.04692426	     13.99651960	     -0.67185828	     -0.22670763	     15.73555260	      0.15380111	      0.13393418	     18.18055200	      1.11271272	      0.57360954	      3.53643222	      5.91226706	      0.21850268	      1.56487927	     -0.30850700	     -1.09972632	      2.07972902	     -1.65704124	     -0.62916554	      2.52159360	      1.29077633	     -0.07674490	      0.04888894	     -0.06570801	     -0.27109851	      0.10820841	     -0.15411209
      0.38981000	      9.03280877	    -56.55139191	     -2.32932353	     -6.41326352	    715.47222621	     -0.12326048	     -6.71451769	      2.40164774	     -0.03847538	     -6.42894695	     -0.33049442	      0.38983615	      0.57944616	     -0.03747242	      1.10525889	     -0.03763239	     16.62166461	     -3.37621793	     -0.96276839	      0.00086476	     -0.00008458	      0.00004352	     -0.00040251	      0.00851329	      1.34591276	      1.32297328	     12.22038628	     -2.74042072	     -1.02486856	     -0.20721865	     -0.15108751	     11.75780753	     -1.99326340	     -0.85714237	     -0.04535195	     -0.04508358	     13.48105564	     -1.16299033	     -0.53235223	     15.44121698	     -0.30505412	     -0.16039872	     18.10967282	      0.71378781	      0.29610959	      4.99743039	      7.24917409	      0.25664554	      1.70419098	     -0.73088386	     -1.34721320	      2.13542160	     -1.71718694	     -0.64749831	      2.37062040	      1.11441172	     -0.09720400	      0.05807755	     -0.12622043	     -0.25967821	      0.07568949	     -0.12762667
      0.40675900	      9.85450482	    -58.23611499	     -2.24833911	     -3.41457012	    715.49316560	     -8.92633683	     -6.79042771	      2.39683343	     -0.08891260	     -6.28589813	     -0.22526643	      0.27990913	      0.61523606	     -0.03743710	      1.16354474	     -0.03779472	     15.19339505	     -3.65274952	     -1.26165337	      0.00085968	     -0.00008161	      0.00003761	     -0.00031975	      0.00852298	      1.35197402	      1.30547482	     11.06453778	     -3.10615698	     -1.30041956	     -0.20477593	     -0.15715232	     10.89502757	     -2.43315510	     -1.13207065	     -0.04606477	     -0.04291333	     12.87878005	     -1.63578936	     -0.81018295	     15.05978727	     -0.77033122	     -0.43460507	     17.95090248	      0.28444039	      0.02882057	      6.45243553	      8.32971688	      0.28642023	      1.85565828	     -1.17366192	     -1.58548079	      2.13788434	     -1.76263755	     -0.64227890	      2.17866829	      0.93753437	     -0.11452781	      0.06124493	     -0.18465538	     -0.24013545	      0.04117523	     -0.09615424
      0.42370800	     10.38782014	    -59.95678603	     -2.06700181	      0.09362323	    714.64041773	    -17.12911928	     -6.93977483	      2.40384629	     -0.11714227	     -6.17838923	     -0.19476755	      0.16311918	      0.67574202	     -0.03731324	      1.22347248	     -0.03793538	     13.77862384	     -3.78073896	     -1.51989347	      0.00085450	     -0.00007908	      0.00003168	     -0.00024467	      0.00852535	      1.35292633	      1.28702172	      9.90914279	     -3.35316353	     -1.52681553	     -0.20166611	     -0.16773997	     10.01331856	     -2.78780612	     -1.35925831	     -0.04648244	     -0.04060026	     12.23792953	     -2.05412310	     -1.04731394	     14.62291942	     -1.20839588	     -0.67630289	     17.71922653	     -0.14604669	     -0.21669559	      7.80860867	      9.03443708	      0.30458057	      1.98566095	     -1.61328628	     -1.78836532	      2.10822911	     -1.80476664	     -0.63282498	      1.95249613	      0.77631174	     -0.12587619	      0.05678036	     -0.23518033	     -0.21207784	      0.00696630	     -0.06597950
      0.44065700	     10.58627329	    -61.55022021	     -1.81211527	      3.81565548	    712.99995616	    -24.03192147	     -7.15030009	      2.42713128	     -0.12266524	     -6.08945771	     -0.24936521	      0.04957977	      0.75506201	     -0.03710307	      1.27384487	     -0.03804860	     12.49600129	     -3.74779494	     -1.71954928	      0.00084972	     -0.00007741	      0.00002631	     -0.00018475	      0.00851923	      1.34925977	      1.26956287	      8.85207449	     -3.46053518	     -1.68818146	     -0.19832780	     -0.18146762	      9.18908583	     -3.02878849	     -1.52246839	     -0.04663580	     -0.03838562	     11.61633593	     -2.38528537	     -1.22666532	     14.17303685	     -1.58549134	     -0.86814170	     17.44178693	     -0.54491061	     -0.42304144	      8.97403058	      9.27242083	      0.30861859	      2.05391837	     -2.02595483	     -1.92916122	      2.08401706	     -1.85664988	     -0.64668288	      1.70443809	      0.64747132	     -0.12923119	      0.04263694	     -0.27210166	     -0.17630784	     -0.02579188	     -0.04474241
      0.45760600	     10.44379674	    -62.86300466	     -1.52712390	      7.38517344	    710.79678651	    -29.05126702	     -7.40098334	      2.46891338	     -0.10860790	     -5.99761037	     -0.38479943	     -0.05097314	      0.84449454	     -0.03682262	      1.30371931	     -0.03813133	     11.45141960	     -3.55802415	     -1.85048568	      0.00084576	     -0.00007710	      0.00002218	     -0.00014544	      0.00850448	      1.34205120	      1.25529063	      7.98084979	     -3.41928971	     -1.77750998	     -0.19527470	     -0.19634733	      8.49179774	     -3.13477983	     -1.61417508	     -0.04658079	     -0.03653829	     11.06832008	     -2.59951549	     -1.33907015	     13.75203170	     -1.86735623	     -0.99982083	     17.14827852	     -0.87553224	     -0.57878790	      9.87181379	      8.99869296	      0.29741793	      2.02294050	     -2.38645172	     -1.98506993	      2.09978812	     -1.92408338	     -0.70410212	      1.45235201	      0.56920680	     -0.12393717	      0.01762654	     -0.29061634	     -0.13506227	     -0.05613587	     -0.03876193
      0.47455500	      9.99440669	    -63.78197013	     -1.27167776	     10.40067475	    708.35743839	    -31.79003728	     -7.66444697	      2.52812870	     -0.08138178	     -5.88311680	     -0.58418558	     -0.12990761	      0.93357209	     -0.03650016	      1.30415365	     -0.03818290	     10.71643434	     -3.22838337	     -1.91665921	      0.00084291	     -0.00007856	      0.00001990	     -0.00012957	      0.00848190	      1.33277962	      1.24635084	      7.35394577	     -3.23015169	     -1.80282869	     -0.19301104	     -0.21010536	      7.96797802	     -3.09069070	     -1.64198945	     -0.04638633	     -0.03531941	     10.63086824	     -2.67008510	     -1.38996653	     13.38920062	     -2.01988496	     -1.07487681	     16.86052303	     -1.09844485	     -0.68523012	     10.45530202	      8.22728896	      0.27174679	      1.86787059	     -2.66703187	     -1.94097351	      2.16878509	     -2.00147587	     -0.80566439	      1.21856609	      0.55798067	     -0.11090561	     -0.01718976	     -0.28753866	     -0.09194585	     -0.08272826	     -0.05064250
      0.49150400	      9.30642668	    -64.25621082	     -1.11086792	     12.47038641	    706.05202298	    -32.09382678	     -7.91005993	      2.59971333	     -0.04995217	     -5.73287445	     -0.82192701	     -0.18018768	      1.01124830	     -0.03617247	      1.26948211	     -0.03820510	     10.31290147	     -2.78386377	     -1.93283865	      0.00084133	     -0.00008199	      0.00001985	     -0.00013723	      0.00845319	      1.32314119	      1.24452645	      6.98779691	     -2.90097827	     -1.78365500	     -0.19195050	     -0.22053990	      7.63023056	     -2.88718291	     -1.62538181	     -0.04612705	     -0.03494359	     10.31417573	     -2.57431390	     -1.39649699	     13.09296476	     -2.01104826	     -1.10803062	     16.58528834	     -1.17382144	     -0.75391417	     10.71976321	      7.03478182	      0.23437426	      1.58394058	     -2.83835154	     -1.79197516	      2.27284493	     -2.07727384	     -0.92912563	      1.02738376	      0.62010536	     -0.09239306	     -0.05778438	     -0.26186146	     -0.05149454	     -0.10387905	     -0.07800170
      0.50845300	      8.47186612	    -64.30043043	     -1.09678850	     13.26703677	    704.23462141	    -30.07830703	     -8.10714256	      2.67424446	     -0.02455359	     -5.54229568	     -1.06841147	     -0.19685276	      1.06704210	     -0.03587943	      1.19785781	     -0.03820256	     10.21224322	     -2.25298708	     -1.91395388	      0.00084106	     -0.00008736	      0.00002213	     -0.00016629	      0.00842088	      1.31487641	      1.25095155	      6.85691998	     -2.44497088	     -1.73981733	     -0.19237168	     -0.22584247	      7.45793204	     -2.52145224	     -1.58460127	     -0.04587936	     -0.03554413	     10.10259821	     -2.29621468	     -1.37678166	     12.85195139	     -1.81469832	     -1.11479377	     16.31551365	     -1.06606834	     -0.79663410	     10.70551170	      5.55158936	      0.18970917	      1.18934779	     -2.87382149	     -1.54464675	      2.36657294	     -2.14563535	     -1.03784303	      0.90103477	      0.74305672	     -0.07140263	     -0.09771553	     -0.21504488	     -0.01837772	     -0.11787806	     -0.11385576
      0.52540200	      7.59229111	    -63.97605024	     -1.25032575	     12.59283715	    703.20094977	    -26.11331391	     -8.22779965	      2.73805798	     -0.01487377	     -5.31440215	     -1.29440831	     -0.17764458	      1.09200862	     -0.03565847	      1.09115435	     -0.03818321	     10.35320423	     -1.66490744	     -1.86462548	      0.00084217	     -0.00009440	      0.00002659	     -0.00021334	      0.00838825	      1.30959876	      1.26590471	      6.91042271	     -1.88049741	     -1.68014050	     -0.19441633	     -0.22483498	      7.41236597	     -1.99974653	     -1.52918836	     -0.04571741	     -0.03714881	      9.96850322	     -1.83105822	     -1.33868089	     12.64773651	     -1.41653115	     -1.10059793	     16.04203800	     -0.75091926	     -0.81514477	     10.48922257	      3.94279568	      0.14305107	      0.72245008	     -2.75694339	     -1.21700263	      2.39658217	     -2.21446067	     -1.09710922	      0.85477701	      0.89439807	     -0.05091984	     -0.12995478	     -0.15096055	      0.00360269	     -0.12337712	     -0.14873114
      0.54235100	      6.76388198	    -63.35731440	     -1.55250521	     10.44338183	    703.16937003	    -20.75925872	     -8.24924231	      2.77448166	     -0.02802062	     -5.05772062	     -1.47437242	     -0.12364390	      1.07951182	     -0.03554004	      0.95458125	     -0.03815791	     10.67257236	     -1.04891815	     -1.77675961	      0.00084474	     -0.00010272	      0.00003282	     -0.00027476	      0.00835921	      1.30861384	      1.28870738	      7.09961164	     -1.23268133	     -1.59903366	     -0.19810145	     -0.21710977	      7.46122067	     -1.34123202	     -1.45419914	     -0.04570578	     -0.03966981	      9.89416321	     -1.19115757	     -1.27618181	     12.47458091	     -0.82140621	     -1.05756096	     15.77128148	     -0.22428228	     -0.79863147	     10.16456843	      2.38372091	      0.09969060	      0.23394117	     -2.48903099	     -0.83704959	      2.32802941	     -2.30076375	     -1.08970869	      0.89281488	      1.03256573	     -0.03328422	     -0.14924889	     -0.07546476	      0.01237551	     -0.11980671	     -0.17393833
      0.55930000	      6.06489851	    -62.49774788	     -1.94991135	      7.04344949	    704.27557847	    -14.66876515	     -8.15578205	      2.76714812	     -0.06666837	     -4.78450015	     -1.58870492	     -0.03968667	      1.02587460	     -0.03554466	      0.79630486	     -0.03813890	     11.13515766	     -0.43646266	     -1.63707732	      0.00084895	     -0.00011182	      0.00004031	     -0.00034739	      0.00833788	      1.31274169	      1.31773487	      7.40410539	     -0.53617602	     -1.48322547	     -0.20330021	     -0.20308597	      7.60080171	     -0.58192907	     -1.34660518	     -0.04589021	     -0.04290868	      9.89074559	     -0.41107762	     -1.17592088	     12.35576996	     -0.05988945	     -0.97135281	     15.53895372	      0.48957548	     -0.73122039	      9.81811248	      1.03638362	      0.06412049	     -0.22337215	     -2.09375198	     -0.43976609	      2.16491789	     -2.41386838	     -1.02212901	      1.00692967	      1.12550621	     -0.01991033	     -0.15380828	      0.00434895	      0.00795628	     -0.10785343	     -0.18481905
      0.57624900	      5.54755252	    -61.41202988	     -2.37095655	      2.82632590	    706.56570665	     -8.48240738	     -7.94040165	      2.70528735	     -0.12796760	     -4.50980950	     -1.62566913	      0.06565532	      0.93092129	     -0.03568173	      0.62710352	     -0.03813731	     11.74869174	      0.13602618	     -1.43887977	      0.00085501	     -0.00012117	      0.00004842	     -0.00042859	      0.00832804	      1.32218046	      1.35053847	      7.84357977	      0.16290199	     -1.32334188	     -0.20967170	     -0.18400489	      7.86440220	      0.22381689	     -1.19675357	     -0.04629018	     -0.04657442	     10.00380518	      0.45076931	     -1.02870559	     12.34672153	      0.80950329	     -0.83290087	     15.41067886	      1.33461533	     -0.60399843	      9.50843722	      0.03130425	      0.03953530	     -0.60359499	     -1.61604344	     -0.06272545	      1.95314613	     -2.53802966	     -0.91870410	      1.17871012	      1.16666347	     -0.01134322	     -0.14536424	      0.08108188	     -0.00785754	     -0.08973868	     -0.18256792
      0.59319800	      5.23404436	    -60.08041291	     -2.74500370	     -1.65054551	    709.98003901	     -2.75102154	     -7.60533295	      2.58901742	     -0.20396623	     -4.25123599	     -1.58337542	      0.18076672	      0.79826959	     -0.03594961	      0.45987034	     -0.03816062	     12.55668494	      0.62713195	     -1.18966038	      0.00086301	     -0.00013021	      0.00005645	     -0.00051574	      0.00833248	      1.33645158	      1.38406946	      8.46929686	      0.80926815	     -1.12207502	     -0.21656920	     -0.16187420	      8.31210447	      1.00763681	     -1.00665054	     -0.04689613	     -0.05031182	     10.30143218	      1.31757271	     -0.83770078	     12.52173989	      1.70608591	     -0.64645386	     15.46718349	      2.22861697	     -0.42284728	      9.25494670	     -0.54393766	      0.02766731	     -0.87281670	     -1.11537980	      0.25894597	      1.76462624	     -2.62890624	     -0.80830689	      1.38458504	      1.17838489	     -0.00746151	     -0.12761718	      0.14796337	     -0.03228383	     -0.06884757	     -0.17369388
      0.61014700	      5.11526815	    -58.47306078	     -3.01669860	     -5.83058616	    714.33320604	      2.09769602	     -7.16172932	      2.43226199	     -0.28347405	     -4.02835116	     -1.47141508	      0.29233648	      0.63528993	     -0.03633620	      0.30873005	     -0.03821091	     13.61251338	      0.99612390	     -0.90985759	      0.00087280	     -0.00013834	      0.00006368	     -0.00060534	      0.00835233	      1.35443357	      1.41499597	      9.33894805	      1.34702609	     -0.89401903	     -0.22298728	     -0.13933783	      9.00596722	      1.69857790	     -0.79000196	     -0.04767111	     -0.05373753	     10.84944919	      2.10761500	     -0.61813568	     12.94921276	      2.54170760	     -0.42881652	     15.77933571	      3.07877381	     -0.20691551	      9.03914643	     -0.64977933	      0.02890415	     -1.00979761	     -0.65545756	      0.49737278	      1.67003484	     -2.62943271	     -0.71169344	      1.60160344	      1.20018795	     -0.00765747	     -0.10417188	      0.19962345	     -0.06246139	     -0.04859016	     -0.16719568
      0.62709600	      5.15273754	    -56.58412951	     -3.15182907	     -9.27959938	    719.30649636	      5.75639777	     -6.62954821	      2.26176771	     -0.35426748	     -3.86114803	     -1.31079750	      0.38698789	      0.45285407	     -0.03681945	      0.18772273	     -0.03828418	     14.94569694	      1.21290195	     -0.62443404	      0.00088386	     -0.00014491	      0.00006935	     -0.00069237	      0.00838670	      1.37445905	      1.44009206	     10.48504557	      1.73222750	     -0.65843292	     -0.22761543	     -0.11942046	      9.98031983	      2.23851678	     -0.56511355	     -0.04855365	     -0.05648214	     11.68312152	      2.75196572	     -0.38969143	     13.66455247	      3.24011679	     -0.20106205	     16.38225105	      3.80266526	      0.02067318	      8.81671218	     -0.29423729	      0.04256384	     -1.00438678	     -0.29302539	      0.63582674	      1.71184930	     -2.49668996	     -0.63553811	      1.81174825	      1.26841343	     -0.01096534	     -0.07733099	      0.23264085	     -0.09606558	     -0.03104549	     -0.17064751
      0.64404500	      5.28711007	    -54.46124081	     -3.13581191	    -11.75611219	    724.46669310	      8.02463497	     -6.03816096	      2.11118006	     -0.40491948	     -3.76753527	     -1.13048912	      0.45289113	      0.26495544	     -0.03736781	      0.10931824	     -0.03837069	     16.53410862	      1.26735722	     -0.35335928	      0.00089534	     -0.00014927	      0.00007271	     -0.00077022	      0.00843271	      1.39445398	      1.45664215	     11.88928393	      1.94384588	     -0.43059423	     -0.22905744	     -0.10511043	     11.21839520	      2.59506480	     -0.34627167	     -0.04945803	     -0.05823418	     12.78574670	      3.20911234	     -0.16741151	     14.65054601	      3.75306979	      0.02112027	     17.25745807	      4.34598083	      0.24324564	      8.53462744	      0.47085077	      0.06713360	     -0.85669055	     -0.06811429	      0.67124561	      1.88820621	     -2.22354966	     -0.57423219	      2.00347198	      1.39847416	     -0.01621323	     -0.04830542	      0.24588295	     -0.13142117	     -0.01629198	     -0.18700969
      0.66099400	      5.45396656	    -52.21747105	     -2.96883913	    -13.20291005	    729.31551033	      8.80650502	     -5.42683449	      2.01085434	     -0.42634275	     -3.76069940	     -0.96034618	      0.48122131	      0.08806293	     -0.03794142	      0.08308972	     -0.03845617	     18.29346829	      1.17377082	     -0.10717544	      0.00090610	     -0.00015085	      0.00007317	     -0.00083151	      0.00848583	      1.41212400	      1.46278765	     13.47311398	      1.98833347	     -0.21768854	     -0.22620263	     -0.09881998	     12.64441313	      2.76651333	     -0.13962534	     -0.05027227	     -0.05877989	     14.08229417	      3.47045111	      0.04257812	     15.83246632	      4.06650474	      0.23184217	     18.32963571	      4.68959606	      0.45513362	      8.14670579	      1.55398529	      0.10030971	     -0.57826333	      0.00259184	      0.61459863	      2.15369111	     -1.84314878	     -0.51646208	      2.17059189	      1.57835917	     -0.02224109	     -0.01823746	      0.24060944	     -0.16719409	     -0.00294407	     -0.21362211
      0.67794300	      5.60133832	    -50.02051093	     -2.66209651	    -13.67416510	    733.36182230	      8.12310702	     -4.84388071	      1.97732378	     -0.41295976	     -3.84691057	     -0.82292038	      0.46721824	     -0.06003669	     -0.03849473	      0.11459927	     -0.03852423	     20.08854089	      0.96869973	      0.10978220	      0.00091500	     -0.00014931	      0.00007036	     -0.00086967	      0.00854062	      1.42519691	      1.45776739	     15.10864009	      1.89645433	     -0.02186435	     -0.21861656	     -0.10186005	     14.13477616	      2.77768793	      0.05370493	     -0.05086040	     -0.05803251	     15.45126739	      3.55556098	      0.23972272	     17.09063510	      4.19562964	      0.43131613	     19.48007422	      4.84467284	      0.65744007	      7.62393906	      2.82869816	      0.13888661	     -0.19400172	     -0.07200260	      0.48845424	      2.43643253	     -1.41595936	     -0.45231537	      2.30984132	      1.77484110	     -0.02811074	      0.01104073	      0.22026205	     -0.20195220	      0.01045575	     -0.24366665
      0.69489200	      5.70199567	    -48.06216499	     -2.23752183	    -13.24969380	    736.20049831	      6.12853532	     -4.34348199	      2.00739142	     -0.36319517	     -4.02374500	     -0.72777839	      0.41062906	     -0.16210362	     -0.03898098	      0.20433321	     -0.03855996	     21.76185766	      0.70308782	      0.29116178	      0.00092108	     -0.00014466	      0.00006428	     -0.00088061	      0.00859167	      1.43170633	      1.44202595	     16.64600858	      1.71418597	      0.15187395	     -0.20677248	     -0.11411185	     15.54470929	      2.66960153	      0.22958782	     -0.05107559	     -0.05604615	     16.75109227	      3.50100686	      0.42053737	     18.28664786	      4.17326415	      0.61676195	     20.57291097	      4.84064739	      0.84812946	      6.95981500	      4.14284160	      0.17874777	      0.25772660	     -0.25988000	      0.32223371	      2.66353052	     -1.00846120	     -0.37771993	      2.41865636	      1.94735710	     -0.03318838	      0.03711133	      0.18994067	     -0.23388765	      0.02417405	     -0.26915594
      0.71184100	      5.75652339	    -46.51658768	     -1.72986374	    -11.98714473	    737.57964314	      3.11559398	     -3.97954541	      2.07955494	     -0.27932584	     -4.27846743	     -0.67070254	      0.31555097	     -0.20399189	     -0.03935857	      0.34663895	     -0.03855422	     23.16999068	      0.43069581	      0.42159091	      0.00092382	     -0.00013732	      0.00005532	     -0.00086409	      0.00863437	      1.43027447	      1.41717113	     17.94781748	      1.49081698	      0.28882686	     -0.19200543	     -0.13402089	     16.74122414	      2.48714886	      0.37384721	     -0.05078466	     -0.05301058	     17.85208508	      3.34781290	      0.57116672	     19.29443498	      4.03724454	      0.77448921	     21.48539103	      4.71256128	      1.01350162	      6.17129280	      5.33561739	      0.21517223	      0.72874038	     -0.51277671	      0.14645825	      2.78337919	     -0.67406948	     -0.29514009	      2.49429172	      2.06227562	     -0.03705782	      0.05772374	      0.15563333	     -0.26086608	      0.03697491	     -0.28393634
      0.72879000	      5.78643816	    -45.49837993	     -1.18695303	     -9.92816766	    737.44226198	     -0.49850896	     -3.79693484	      2.16218639	     -0.16697195	     -4.58667802	     -0.63772808	      0.18981670	     -0.17743966	     -0.03959780	      0.52894601	     -0.03850768	     24.21612766	      0.19601848	      0.47632399	      0.00092326	     -0.00012810	      0.00004427	     -0.00082432	      0.00866564	      1.42034605	      1.38577646	     18.91982113	      1.26755014	      0.36415821	     -0.17618044	     -0.15891511	     17.63214384	      2.26835400	      0.46165822	     -0.04989923	     -0.04922620	     18.66409704	      3.13128881	      0.66660721	     20.02659006	      3.82072071	      0.87896068	     22.13290636	      4.49175177	      1.12710870	      5.29518765	      6.26079540	      0.24346818	      1.16871542	     -0.77662031	     -0.01266913	      2.77682399	     -0.44285254	     -0.21146972	      2.53447163	      2.10208542	     -0.03933872	      0.07155837	      0.12327687	     -0.28079900	      0.04681045	     -0.28548065
      0.74573900	      5.81996569	    -45.03273212	     -0.66453391	     -7.13942280	    735.93473091	     -4.21241608	     -3.82175316	      2.22513523	     -0.03447396	     -4.91206173	     -0.61185573	      0.04408512	     -0.08229354	     -0.03968609	      0.73182065	     -0.03843347	     24.86953537	      0.02517834	      0.42877134	      0.00091999	     -0.00011813	      0.00003223	     -0.00076953	      0.00868431	      1.40233209	      1.35104872	     19.52920160	      1.06946548	      0.35021119	     -0.16118155	     -0.18553473	     18.18315448	      2.03741605	      0.46479900	     -0.04840531	     -0.04506288	     19.15242762	      2.87497984	      0.67803204	     20.44914072	      3.54679110	      0.90027546	     22.48258188	      4.20109984	      1.15752070	      4.38061530	      6.81110285	      0.25978716	      1.53456692	     -1.00339778	     -0.13711660	      2.65605088	     -0.32088809	     -0.13497644	      2.53885214	      2.06768849	     -0.03955122	      0.07852247	      0.09779089	     -0.29216850	      0.05191849	     -0.27505601
      0.76268800	      5.87615609	    -45.04772241	     -0.21534689	     -3.75672542	    733.38023693	     -7.50536647	     -4.05348553	      2.25026498	      0.10776223	     -5.20855398	     -0.57954047	     -0.10915600	      0.07270129	     -0.03962964	      0.93038137	     -0.03835666	     25.16662610	     -0.07774885	      0.26297880	      0.00091506	     -0.00010870	      0.00002043	     -0.00071073	      0.00869121	      1.37762697	      1.31641345	     19.80572394	      0.90261397	      0.22884344	     -0.14840035	     -0.21061804	     18.41885408	      1.80261775	      0.36404746	     -0.04638146	     -0.04091072	     19.33858821	      2.58923300	      0.58542231	     20.58191380	      3.22754832	      0.81714704	     22.55315390	      3.85452779	      1.08181162	      3.47985527	      6.93769561	      0.26190589	      1.79794391	     -1.16114691	     -0.21852857	      2.45513094	     -0.29611111	     -0.07277045	      2.51010309	      1.97503437	     -0.03714274	      0.07952846	      0.08229374	     -0.29445978	      0.05165526	     -0.25663024
      0.77963700	      5.95423823	    -45.39274631	      0.12409264	     -0.00878242	    730.22099537	     -9.91289638	     -4.46235651	      2.23706420	      0.24803115	     -5.42586664	     -0.53458688	     -0.25650076	      0.27108310	     -0.03945101	      1.09727978	     -0.03830997	     25.19425784	     -0.12837665	     -0.01381759	      0.00090977	     -0.00010106	      0.00001010	     -0.00065963	      0.00868883	      1.34847319	      1.28509803	     19.82650211	      0.75658292	      0.00404423	     -0.13840691	     -0.23139927	     18.40868296	      1.55911768	      0.16197983	     -0.04399747	     -0.03713359	     19.28697938	      2.27410467	      0.39065232	     20.48574552	      2.86700411	      0.63036554	     22.40261405	      3.45992237	      0.89951967	      2.64034864	      6.65939056	      0.24976573	      1.94821824	     -1.23920101	     -0.25750720	      2.21734330	     -0.34639961	     -0.02936629	      2.45372085	      1.84865520	     -0.03168903	      0.07600746	      0.07766970	     -0.28832603	      0.04671677	     -0.23524228
      0.79658600	      6.03338475	    -45.87804466	      0.34399425	      3.79026775	    726.93970696	    -11.09250616	     -4.99401318	      2.20116245	      0.37424431	     -5.51799317	     -0.47831743	     -0.38454162	      0.49166252	     -0.03918316	      1.20690975	     -0.03832612	     25.06173663	     -0.15483790	     -0.36355283	      0.00090542	     -0.00009630	      0.00000232	     -0.00062647	      0.00868074	      1.31767561	      1.25978893	     19.69036809	      0.61133610	     -0.29013426	     -0.13092850	     -0.24591528	     18.24330653	      1.29540831	     -0.10885644	     -0.04149098	     -0.03403415	     19.08272439	      1.92535733	      0.12589204	     20.24151179	      2.46659433	      0.37147054	     22.10835367	      3.02409620	      0.64163188	      1.90000571	      6.05874053	      0.22560829	      1.99060928	     -1.24743406	     -0.26141720	      1.98326365	     -0.44667762	     -0.00625590	      2.37653924	      1.71456894	     -0.02316877	      0.06944286	      0.08257816	     -0.27544399	      0.03878694	     -0.21549074
      0.81353500	      6.08236525	    -46.32260452	      0.46478437	      7.28155907	    723.97717126	    -10.86139458	     -5.58064968	      2.16634442	      0.47492278	     -5.45286813	     -0.41693752	     -0.48110458	      0.71241238	     -0.03886212	      1.23996649	     -0.03842921	     24.87136007	     -0.18817466	     -0.71893588	      0.00090303	     -0.00009517	     -0.00000210	     -0.00061828	      0.00867072	      1.28820264	      1.24240572	     19.49088449	      0.44591349	     -0.59072396	     -0.12513961	     -0.25310564	     18.00974938	      1.00099484	     -0.38689252	     -0.03912650	     -0.03183256	     18.80837031	      1.54112431	     -0.14727807	     19.92818077	      2.03091023	      0.10193648	     21.74651361	      2.55752696	      0.36981171	      1.28694001	      5.26492404	      0.19360786	      1.94114603	     -1.21018116	     -0.24148290	      1.78209412	     -0.57363478	     -0.00218911	      2.28476305	      1.59435694	     -0.01215956	      0.06108417	      0.09392414	     -0.25812789	      0.02988899	     -0.20051775
      0.83048400	      6.07267404	    -46.59610594	      0.53128607	     10.12749120	    721.66471332	     -9.19989517	     -6.15520878	      2.15366685	      0.54027336	     -5.22082692	     -0.35858911	     -0.53685558	      0.91414042	     -0.03852047	      1.18729859	     -0.03862827	     24.69667945	     -0.25287870	     -0.99642084	      0.00090320	     -0.00009806	     -0.00000272	     -0.00063804	      0.00866192	      1.26274125	      1.23399378	     19.29641399	      0.24637467	     -0.81827719	     -0.12013089	     -0.25278646	     17.77300083	      0.67269554	     -0.59389248	     -0.03714727	     -0.03065482	     18.52665424	      1.12673041	     -0.35036440	     19.60662453	      1.57128615	     -0.09946769	     21.37681107	      2.07670190	      0.16355007	      0.82300100	      4.42630876	      0.15901265	      1.82106423	     -1.15736584	     -0.20984714	      1.62749899	     -0.70822699	     -0.01388027	      2.18263873	      1.50147622	      0.00016138	      0.05186288	      0.10768585	     -0.23883714	      0.02175297	     -0.19160299
      0.84743300	      5.98840223	    -46.64468390	      0.59849986	     12.08339726	    720.18468016	     -6.22860427	     -6.66466973	      2.17232979	      0.56343441	     -4.83969619	     -0.31175245	     -0.54686255	      1.08317773	     -0.03818309	      1.05219759	     -0.03891435	     24.57338603	     -0.35978159	     -1.11815110	      0.00090608	     -0.00010487	      0.00000051	     -0.00068486	      0.00865619	      1.24328850	      1.23470701	     19.14177391	      0.01110916	     -0.89828291	     -0.11536320	     -0.24558438	     17.56829439	      0.31804301	     -0.65638071	     -0.03573123	     -0.03052692	     18.27331472	      0.69647696	     -0.40966029	     19.31295466	      1.10633306	     -0.15864653	     21.03637305	      1.60344801	      0.09785156	      0.52901850	      3.67851712	      0.12697917	      1.65270294	     -1.11620321	     -0.17722774	      1.51801868	     -0.83687196	     -0.03694129	      2.07243058	      1.44013112	      0.01222823	      0.04244311	      0.11986060	     -0.21973236	      0.01540612	     -0.18830364
      0.86438200	      5.83029723	    -46.49581397	      0.71360657	     13.05010722	    719.56316239	     -2.17464786	     -7.07893439	      2.21560535	      0.54179903	     -4.35476357	     -0.28449957	     -0.51158686	      1.21273619	     -0.03786573	      0.85058199	     -0.03926161	     24.50248344	     -0.50289215	     -1.03568653	      0.00091137	     -0.00011502	      0.00000716	     -0.00075474	      0.00865386	      1.23086268	      1.24384308	     19.03119106	     -0.24741359	     -0.78448034	     -0.11094061	     -0.23284061	     17.40382612	     -0.04444746	     -0.52897809	     -0.03496068	     -0.03137377	     18.05974784	      0.27271948	     -0.27982143	     19.06117759	      0.66015549	     -0.02999650	     20.74234060	      1.16235434	      0.21909565	      0.42901671	      3.11592025	      0.10142461	      1.45756460	     -1.10595348	     -0.15157179	      1.44100881	     -0.95220947	     -0.06688737	      1.95557276	      1.40638065	      0.02242583	      0.03331224	      0.12727127	     -0.20239492	      0.01104832	     -0.18896984
      0.88133100	      5.61487453	    -46.24242379	      0.90074138	     13.08675674	    719.69116571	      2.66193419	     -7.39288725	      2.26295881	      0.47807440	     -3.83274306	     -0.28331215	     -0.43699623	      1.30280594	     -0.03757625	      0.60887175	     -0.03963146	     24.46178729	     -0.66108876	     -0.74637216	      0.00091844	     -0.00012751	      0.00001641	     -0.00084167	      0.00865372	      1.22540194	      1.25991011	     18.94882070	     -0.50469521	     -0.47504726	     -0.10760407	     -0.21644710	     17.27034475	     -0.38769891	     -0.21055193	     -0.03481185	     -0.03302532	     17.88200552	     -0.11677863	      0.03993001	     18.85169475	      0.25961652	      0.28730431	     20.49978777	      0.77798694	      0.52859430	      0.55045076	      2.77464150	      0.08424902	      1.25587295	     -1.13637752	     -0.13768750	      1.37846574	     -1.05373441	     -0.10004926	      1.83425034	      1.39075145	      0.02942982	      0.02484148	      0.12806794	     -0.18774699	      0.00816298	     -0.19142097
      0.89828000	      5.36989059	    -46.01070487	      1.15385454	     12.37634842	    720.36484018	      7.93827655	     -7.62078484	      2.28747051	      0.38056541	     -3.35033857	     -0.31133256	     -0.33375199	      1.35857659	     -0.03731766	      0.35978919	     -0.03997888	     24.42038175	     -0.80439559	     -0.29566635	      0.00092646	     -0.00014108	      0.00002715	     -0.00093865	      0.00865352	      1.22588777	      1.28073519	     18.87170558	     -0.72960223	     -0.01504847	     -0.10643071	     -0.19860587	     17.15266595	     -0.68051971	      0.25344765	     -0.03516844	     -0.03523246	     17.73122194	     -0.44239738	      0.50364841	     18.68075432	     -0.06842489	      0.74725500	     20.31010041	      0.47292562	      0.98062217	      0.91834711	      2.63250966	      0.07517369	      1.06637634	     -1.20893154	     -0.13751676	      1.31305278	     -1.14784237	     -0.13419775	      1.71252712	      1.38150190	      0.03244432	      0.01729657	      0.12187580	     -0.17613432	      0.00576694	     -0.19358471
      0.91522900	      5.12663844	    -45.92036940	      1.43955264	     11.15729474	    721.33207304	     13.29362498	     -7.78423504	      2.26584159	      0.26211394	     -2.97986260	     -0.36728255	     -0.21560282	      1.38758870	     -0.03709221	      0.13686345	     -0.04025982	     24.35089604	     -0.90266913	      0.23552350	      0.00093457	     -0.00015437	      0.00003822	     -0.00103847	      0.00865058	      1.23068057	      1.30364825	     18.78035316	     -0.89147755	      0.51586152	     -0.10833022	     -0.18156067	     17.03856057	     -0.89299682	      0.78341475	     -0.03585781	     -0.03769369	     17.60106335	     -0.67648790	      1.03140608	     18.54659288	     -0.29961627	      1.27000765	     20.17573427	      0.26661969	      1.49561269	      1.54376768	      2.62559111	      0.07221999	      0.90546096	     -1.31894345	     -0.15064192	      1.23276466	     -1.24649271	     -0.16872235	      1.59647085	      1.36771102	      0.03129597	      0.01082068	      0.10963492	     -0.16749102	      0.00271522	     -0.19395509
      0.93217800	      4.90995056	    -46.04983527	      1.70836004	      9.64901000	    722.33440236	     18.36726357	     -7.89798268	      2.18723539	      0.13767259	     -2.77573668	     -0.44646531	     -0.09728939	      1.39634155	     -0.03690530	     -0.03111856	     -0.04043831	     24.23585931	     -0.93318574	      0.75377179	      0.00094193	     -0.00016617	      0.00004850	     -0.00113423	      0.00864245	      1.23798084	      1.32576871	     18.66358042	     -0.96636511	      1.02590697	     -0.11354193	     -0.16737546	     16.92208576	     -1.00117198	      1.28810874	     -0.03670042	     -0.04009116	     17.48964178	     -0.79660929	      1.53207017	     18.45007798	     -0.41410741	      1.76482819	     20.09958606	      0.17473069	      1.98331297	      2.41052177	      2.67433394	      0.07260819	      0.78551443	     -1.45741263	     -0.17477540	      1.13313197	     -1.36425143	     -0.20432763	      1.49326049	      1.34151181	      0.02639536	      0.00542469	      0.09323206	     -0.16150852	     -0.00200423	     -0.19180005
      0.94912700	      4.72861891	    -46.41908830	      1.91031733	      7.99756281	    723.13997220	     22.80955971	     -7.95994137	      2.05784675	      0.02153401	     -2.76558330	     -0.54416230	      0.00752024	      1.38762023	     -0.03676772	     -0.12438415	     -0.04049192	     24.06676843	     -0.88437240	      1.17815875	      0.00094782	     -0.00017552	      0.00005716	     -0.00121943	      0.00862750	      1.24626679	      1.34438193	     18.51664694	     -0.94020267	      1.43581163	     -0.12137302	     -0.15780145	     16.80086755	     -0.98953700	      1.68918222	     -0.03755527	     -0.04213160	     17.39593931	     -0.78732074	      1.92787164	     18.39042853	     -0.39769091	      2.15466233	     20.08012802	      0.20878889	      2.36736850	      3.46656385	      2.70920608	      0.07372019	      0.71326309	     -1.61234284	     -0.20623905	      1.01685747	     -1.51438306	     -0.24236856	      1.40968555	      1.29913056	      0.01859987	      0.00100698	      0.07503117	     -0.15776932	     -0.00904665	     -0.18712755
      0.96607600	      4.57066377	    -46.99564184	      2.00928251	      6.25644903	    723.56910422	     26.28837812	     -7.95004037	      1.89985675	     -0.07471506	     -2.94803258	     -0.65963596	      0.08782785	      1.35967094	     -0.03669529	     -0.13424360	     -0.04041411	     23.83769798	     -0.75538709	      1.45866245	      0.00095165	     -0.00018183	      0.00006365	     -0.00128787	      0.00860517	      1.25458381	      1.35733435	     18.33471467	     -0.80883107	      1.69695183	     -0.13030223	     -0.15420448	     16.66966484	     -0.85138378	      1.93911429	     -0.03834635	     -0.04358528	     17.31347007	     -0.64073887	      2.17214989	     18.35910923	     -0.24244806	      2.39368923	     20.10576049	      0.37561638	      2.60271111	      4.62544755	      2.68776855	      0.07380497	      0.68896043	     -1.77048418	     -0.24060620	      0.89170870	     -1.70511407	     -0.28407125	      1.35060699	      1.24082279	      0.00901647	     -0.00260003	      0.05739074	     -0.15584626	     -0.01859951	     -0.18048146
      0.98302500	      4.40758215	    -47.71737829	      1.99078018	      4.40673492	    723.51369079	     28.49616382	     -7.83755525	      1.74510616	     -0.14345745	     -3.29706636	     -0.79740880	      0.13640147	      1.30751243	     -0.03670588	     -0.06274129	     -0.04021363	     23.53803904	     -0.55335174	      1.58212896	      0.00095292	     -0.00018489	      0.00006777	     -0.00133360	      0.00857605	      1.26265104	      1.36334559	     18.10608407	     -0.57644660	      1.79730530	     -0.13838483	     -0.15747340	     16.51448154	     -0.58844428	      2.02692053	     -0.03906694	     -0.04431526	     17.22533699	     -0.35710350	      2.25476739	     18.33591343	      0.05203435	      2.47247945	     20.15216719	      0.67561875	      2.68048289	      5.77831992	      2.59995249	      0.07225479	      0.70682018	     -1.91996030	     -0.27359250	      0.76778041	     -1.93706134	     -0.32989184	      1.31788326	      1.17006542	     -0.00120822	     -0.00557829	      0.04224615	     -0.15537634	     -0.03038456	     -0.17266244
      0.99997400	      4.20775374	    -48.51934266	      1.86133205	      2.40964021	    722.94750409	     29.16612959	     -7.59334730	      1.62541498	     -0.18172178	     -3.77048457	     -0.96358403	      0.15044185	      1.22582961	     -0.03681449	      0.07956905	     -0.03991149	     23.14936071	     -0.29023876	      1.56522594	      0.00095128	     -0.00018477	      0.00006957	     -0.00135113	      0.00854174	      1.27079598	      1.36215816	     17.80978229	     -0.25409460	      1.75460026	     -0.14378131	     -0.16785310	     16.31121265	     -0.21097768	      1.97117606	     -0.03976545	     -0.04429173	     17.10407298	      0.05389586	      2.19489626	     18.29001153	      0.47646418	      2.41060319	     20.18472694	      1.09986646	      2.62047554	      6.81221064	      2.46254680	      0.06945520	      0.75640569	     -2.05291464	     -0.30201514	      0.65495288	     -2.20236314	     -0.37914024	      1.31004332	      1.09238320	     -0.01105543	     -0.00808684	      0.03083131	     -0.15609411	     -0.04373772	     -0.16446062
      1.01692300	      3.95436782	    -49.35234215	      1.64124896	      0.27119829	    721.92345791	     28.10240480	     -7.20261376	      1.56277332	     -0.19104308	     -4.31892814	     -1.15812789	      0.13169534	      1.11236788	     -0.03702778	      0.27666235	     -0.03953660	     22.64924148	      0.01910327	      1.43907048	      0.00094654	     -0.00018175	      0.00006925	     -0.00133612	      0.00850472	      1.27973410	      1.35449668	     17.41989198	      0.14091959	      1.60125780	     -0.14522649	     -0.18473058	     16.03059259	      0.26145456	      1.80500453	     -0.04051877	     -0.04358948	     16.91734557	      0.57131988	      2.02594177	     18.18636703	      1.00935466	      2.24153981	     20.16564920	      1.62703703	      2.45602003	      7.62892779	      2.30735331	      0.06637375	      0.82431377	     -2.16681717	     -0.32447218	      0.56087041	     -2.48555786	     -0.42987856	      1.32266136	      1.01406809	     -0.01972580	     -0.01023980	      0.02357995	     -0.15780175	     -0.05772371	     -0.15646157
      1.03387200	      3.66138176	    -50.18583068	      1.35565484	     -1.91056609	    720.55726749	     25.21937342	     -6.67365898	      1.56257478	     -0.17647813	     -4.89244335	     -1.36677968	      0.08589689	      0.97049535	     -0.03733995	      0.50978641	     -0.03912146	     22.02175029	      0.35649510	      1.23371501	      0.00093874	     -0.00017616	      0.00006702	     -0.00128624	      0.00846805	      1.29024198	      1.34185505	     16.91600279	      0.58407825	      1.36909772	     -0.14231050	     -0.20647957	     15.64848158	      0.79858013	      1.56094033	     -0.04140010	     -0.04236899	     16.63814118	      1.16129945	      1.78052144	     17.99574990	      1.61523840	      1.99780729	     20.06369789	      2.22157540	      2.21926516	      8.15959437	      2.16966777	      0.06413680	      0.89565995	     -2.26393809	     -0.34146590	      0.48950815	     -2.76598403	     -0.47909218	      1.34915908	      0.94096523	     -0.02666833	     -0.01209330	      0.02019523	     -0.16028499	     -0.07126416	     -0.14896046
      1.05082100	      3.38104295	    -50.99424178	      1.02862084	     -3.93712744	    719.00049258	     20.57760783	     -6.03929398	      1.61175256	     -0.14515038	     -5.44324923	     -1.55702248	      0.02160382	      0.80980453	     -0.03773168	      0.75920925	     -0.03869874	     21.27136622	      0.69761746	      0.96980893	      0.00092821	     -0.00016837	      0.00006307	     -0.00120217	      0.00843514	      1.30281153	      1.32616776	     16.29657645	      1.04150852	      1.08094559	     -0.13552032	     -0.23048438	     15.15834515	      1.35799306	      1.26266282	     -0.04244970	     -0.04084505	     16.25631229	      1.77628004	      1.48239948	     17.70529398	      2.24450152	      1.70311399	     19.86358559	      2.83408199	      1.93356906	      8.37142824	      2.08188782	      0.06377117	      0.95531690	     -2.34939030	     -0.35492026	      0.44053429	     -3.02129439	     -0.52311839	      1.38177614	      0.87751843	     -0.03157511	     -0.01364302	      0.01984535	     -0.16322074	     -0.08328028	     -0.14199148
      1.06777000	      3.19808208	    -51.73337034	      0.68284909	     -5.53895184	    717.40752832	     14.40109099	     -5.35016108	      1.68196624	     -0.10469729	     -5.92531770	     -1.68097135	     -0.05131576	      0.64438933	     -0.03817240	      1.00491673	     -0.03829933	     20.43525256	      1.00917276	      0.65983298	      0.00091564	     -0.00015874	      0.00005755	     -0.00108806	      0.00840938	      1.31738188	      1.30944752	     15.59049290	      1.46860961	      0.75154867	     -0.12606864	     -0.25341300	     14.58166835	      1.88527493	      0.92590093	     -0.04365610	     -0.03924900	     15.78771398	      2.35636781	      1.14752590	     17.32632351	      2.83567269	      1.37353646	     19.57233409	      3.40441984	      1.61485596	      8.26602656	      2.07250148	      0.06613052	      0.98912043	     -2.42842904	     -0.36728014	      0.40966009	     -3.23129376	     -0.55824353	      1.41256267	      0.82625924	     -0.03435138	     -0.01483888	      0.02142497	     -0.16612258	     -0.09284134	     -0.13544071
      1.08471900	      3.21024355	    -52.31882595	      0.34392387	     -6.42849984	    715.90204421	      7.06379527	     -4.66245096	      1.73657751	     -0.06190908	     -6.29297862	     -1.68509187	     -0.12309538	      0.48946850	     -0.03862493	      1.22683090	     -0.03795146	     19.58854727	      1.24902218	      0.31631772	      0.00090196	     -0.00014765	      0.00005064	     -0.00095152	      0.00839373	      1.33322298	      1.29347332	     14.86200376	      1.81184869	      0.39537125	     -0.11558865	     -0.27172574	     13.97222993	      2.31740080	      0.56607567	     -0.04495232	     -0.03779266	     15.27758615	      2.83392160	      0.79166747	     16.89681429	      3.32079196	      1.02513043	     19.22072352	      3.86764150	      1.27924190	      7.87128353	      2.16773898	      0.07192589	      0.98524664	     -2.50379129	     -0.38051276	      0.38974570	     -3.38103948	     -0.58134496	      1.43431396	      0.78778221	     -0.03506187	     -0.01561814	      0.02381159	     -0.16834584	     -0.09929203	     -0.12917234
      1.10166800	      3.50037867	    -52.62010391	      0.04541551	     -6.36278968	    714.54888129	     -0.95675237	     -4.02506821	      1.73942582	     -0.02177450	     -6.50134582	     -1.52408572	     -0.18501621	      0.35783235	     -0.03905055	      1.40540516	     -0.03767960	     18.83876460	      1.37111965	     -0.03809247	      0.00088826	     -0.00013558	      0.00004258	     -0.00080263	      0.00839024	      1.34899765	      1.27958959	     14.20574042	      2.01520479	      0.03631706	     -0.10578744	     -0.28232214	     13.41153278	      2.59051905	      0.20783337	     -0.04622668	     -0.03664122	     14.79614303	      3.14210662	      0.43983293	     16.47707000	      3.63422914	      0.68321738	     18.85904521	      4.16273006	      0.95218627	      7.23070693	      2.39254186	      0.08176236	      0.93581408	     -2.57387934	     -0.39535331	      0.37218530	     -3.46240279	     -0.59046824	      1.44139897	      0.76110430	     -0.03386619	     -0.01595239	      0.02605378	     -0.16915240	     -0.10233320	     -0.12310348
      1.11861700	      4.10905134	    -52.47932144	     -0.16928947	     -5.20270094	    713.33684272	     -9.15058912	     -3.47168167	      1.66301614	      0.01296289	     -6.51042208	     -1.17476535	     -0.22988614	      0.25765765	     -0.03941315	      1.52323210	     -0.03750211	     18.30832914	      1.33506129	     -0.36411068	      0.00087562	     -0.00012309	      0.00003379	     -0.00065224	      0.00839960	      1.36297624	      1.26863717	     13.73109597	      2.03093969	     -0.28587847	     -0.09814304	     -0.28316526	     12.99505137	      2.65163633	     -0.10866561	     -0.04734406	     -0.03589946	     14.42637778	      3.22681952	      0.13245829	     16.13893133	      3.72426646	      0.38840724	     18.54778503	      4.24336974	      0.67431070	      6.39425865	      2.76829119	      0.09610682	      0.83863277	     -2.63239187	     -0.41107642	      0.34836640	     -3.47397800	     -0.58526180	      1.43047364	      0.74428151	     -0.03096253	     -0.01589934	      0.02745770	     -0.16782937	     -0.10204570	     -0.11721417
      1.13556600	      5.01627557	    -51.75242203	     -0.25075441	     -2.95177534	    712.17693327	    -17.05546837	     -3.01995106	      1.49403098	      0.04170785	     -6.29253851	     -0.64559335	     -0.25237294	      0.19238680	     -0.03968174	      1.56760675	     -0.03742801	     18.10841645	      1.11788660	     -0.60711243	      0.00086484	     -0.00011086	      0.00002487	     -0.00051007	      0.00842082	      1.37333835	      1.26099675	     13.53892318	      1.83204596	     -0.51686100	     -0.09369936	     -0.27370897	     12.81201816	      2.47133669	     -0.32895112	     -0.04817140	     -0.03561089	     14.24663763	      3.05904418	     -0.07586324	     15.95092309	      3.56457027	      0.19519837	     18.34548420	      4.08803740	      0.49980175	      5.41392044	      3.30648666	      0.11514139	      0.69903451	     -2.66965980	     -0.42588353	      0.31138329	     -3.41993880	     -0.56725400	      1.40113845	      0.73519114	     -0.02655205	     -0.01564455	      0.02759031	     -0.16385894	     -0.09886341	     -0.11152711
      1.15251500	      6.13647631	    -50.35895355	     -0.15319146	      0.24043927	    710.91886090	    -24.32523364	     -2.67596362	      1.23565937	      0.06549883	     -5.84078641	      0.02091165	     -0.24943300	      0.16220062	     -0.03983175	      1.53322443	     -0.03745489	     18.31116505	      0.72450491	     -0.70831978	      0.00085631	     -0.00009958	      0.00001656	     -0.00038313	      0.00845122	      1.37848002	      1.25670348	     13.69677566	      1.42243405	     -0.59858364	     -0.09295746	     -0.25501787	     12.92409863	      2.05338859	     -0.39511903	     -0.04860122	     -0.03576564	     14.31254954	      2.64349260	     -0.12732780	     15.96322603	      3.16159114	      0.16094029	     18.29694109	      3.70579454	      0.48523668	      4.34433485	      3.99964321	      0.13851109	      0.53153450	     -2.67553421	     -0.43771795	      0.25815285	     -3.30859853	     -0.53995481	      1.35656069	      0.73238988	     -0.02083000	     -0.01551565	      0.02626088	     -0.15712974	     -0.09351024	     -0.10610140
      1.16946400	      7.32640332	    -48.32201593	      0.15168335	      4.11041787	    709.38415519	    -30.76329756	     -2.44024681	      0.90755778	      0.08638399	     -5.17547351	      0.75345065	     -0.22070992	      0.16598908	     -0.03984620	      1.42391425	     -0.03756915	     18.92876795	      0.19323939	     -0.62353499	      0.00085001	     -0.00008986	      0.00000960	     -0.00027509	      0.00848665	      1.37726216	      1.25558968	     14.22006545	      0.84149575	     -0.48775052	     -0.09583426	     -0.22957135	     13.34905248	      1.43810109	     -0.26427648	     -0.04856863	     -0.03631289	     14.64320967	      2.02069842	      0.02051731	     16.19629246	      2.55541778	      0.32721412	     18.42440481	      3.13575189	      0.67092154	      3.24522097	      4.81260421	      0.16506358	      0.36029571	     -2.64307226	     -0.44517865	      0.19158920	     -3.15099042	     -0.50865529	      1.30376581	      0.73589777	     -0.01400860	     -0.01595485	      0.02352524	     -0.14813698	     -0.08691320	     -0.10106487
      1.18641300	      8.40409090	    -45.78319509	      0.66116140	      8.33285647	    707.40923386	    -36.30451401	     -2.31252796	      0.54409977	      0.10691669	     -4.34597418	      1.46356414	     -0.16868040	      0.20280103	     -0.03971717	      1.25259580	     -0.03774907	     19.90612135	     -0.40609086	     -0.34221685	      0.00084554	     -0.00008207	      0.00000454	     -0.00018670	      0.00852202	      1.36917866	      1.25742218	     15.06487739	      0.16109129	     -0.17473666	     -0.10167618	     -0.20081391	     14.05398917	      0.69815510	      0.07243175	     -0.04806038	     -0.03717549	     15.21513540	      1.26189621	      0.37559748	     16.63555026	      1.81392986	      0.70063395	     18.72305557	      2.44056682	      1.06175894	      2.18086134	      5.67879476	      0.19273858	      0.21673881	     -2.57165340	     -0.44824022	      0.12198486	     -2.95944715	     -0.47975737	      1.25296721	      0.74768225	     -0.00636959	     -0.01744160	      0.01969341	     -0.13805896	     -0.08009374	     -0.09667931
      1.20336200	      9.17567755	    -42.98570852	      1.33408824	     12.57231731	    704.88948369	    -40.94627087	     -2.29358209	      0.19106306	      0.12971967	     -3.42633054	      2.06078218	     -0.09854780	      0.27217872	     -0.03944781	      1.03922229	     -0.03796968	     21.12918529	     -0.98230144	      0.10165622	      0.00084231	     -0.00007623	      0.00000159	     -0.00011709	      0.00855188	      1.35445661	      1.26201432	     16.13429720	     -0.52513286	      0.30546024	     -0.10932463	     -0.17255221	     14.95965357	     -0.07249082	      0.57868825	     -0.04711749	     -0.03826597	     15.96494339	      0.45786249	      0.90006476	     17.23268763	      1.02187396	      1.24164059	     19.16074298	      1.69601609	      1.61622352	      1.21420241	      6.50550026	      0.21873826	      0.13337261	     -2.46806845	     -0.44848620	      0.06659883	     -2.74624467	     -0.45959752	      1.21549466	      0.77159440	      0.00167241	     -0.02036574	      0.01529282	     -0.12859727	     -0.07402746	     -0.09340436
      1.22031100	      9.46491873	    -40.23049110	      2.09330203	     16.51717062	    701.81577054	    -44.65282547	     -2.38372600	     -0.09911013	      0.15697382	     -2.50490989	      2.46761271	     -0.01794295	      0.37332634	     -0.03905417	      0.80715326	     -0.03820794	     22.44577867	     -1.43913728	      0.63235539	      0.00083973	     -0.00007204	      0.00000061	     -0.00006543	      0.00857102	      1.33409882	      1.26929872	     17.29553861	     -1.11775322	      0.87567423	     -0.11722654	     -0.14832625	     15.95362261	     -0.77398758	      1.17530249	     -0.04583357	     -0.03950244	     16.79910841	     -0.29544751	      1.51262381	     17.91228187	      0.26781677	      1.86697231	     19.68119844	      0.97967406	      2.24913210	      0.39736938	      7.18935041	      0.24000543	      0.13493799	     -2.34472351	     -0.44853419	      0.04676279	     -2.52261827	     -0.45296319	      1.20067125	      0.81256451	      0.00953338	     -0.02486488	      0.01097793	     -0.12155606	     -0.06946253	     -0.09190935
      1.23726000	      9.13985187	    -37.82007192	      2.83860912	     19.89200173	    698.29670899	    -47.27449914	     -2.57920750	     -0.27346959	      0.18986477	     -1.67080248	      2.63124635	      0.06365280	      0.50358703	     -0.03856563	      0.57901788	     -0.03844651	     23.69198950	     -1.69328561	      1.14905526	      0.00083744	     -0.00006897	      0.00000119	     -0.00003242	      0.00857509	      1.30984883	      1.27934047	     18.40228957	     -1.52872424	      1.43286269	     -0.12360039	     -0.13087584	     16.90824384	     -1.31640723	      1.75651356	     -0.04434855	     -0.04082121	     17.60787610	     -0.91093356	      2.10506730	     18.58196768	     -0.36782615	      2.46647243	     20.21016261	      0.36151025	      2.84883600	     -0.23640010	      7.63900851	      0.25390997	      0.23001139	     -2.21523068	     -0.45057193	      0.08257301	     -2.29853424	     -0.46171453	      1.21285491	      0.87504263	      0.01649455	     -0.03066180	      0.00742835	     -0.11827284	     -0.06672738	     -0.09299188
      1.25420900	      8.13319122	    -36.00831386	      3.46755076	     22.46004953	    694.56259221	    -48.52258398	     -2.86896514	     -0.28646654	      0.22818811	     -1.00091730	      2.53049520	      0.13589097	      0.65698697	     -0.03802306	      0.37335674	     -0.03867476	     24.71712814	     -1.68925208	      1.55160328	      0.00083540	     -0.00006636	      0.00000270	     -0.00002090	      0.00856113	      1.28404794	      1.29226531	     19.31655367	     -1.69545535	      1.87372547	     -0.12669407	     -0.12178529	     17.69914612	     -1.63249405	      2.21587898	     -0.04283602	     -0.04218207	     18.28057186	     -1.32130038	      2.56858496	     19.14467548	     -0.82162512	      2.92975526	     20.66438480	     -0.10230003	      3.30425649	     -0.67479920	      7.79826047	      0.25893401	      0.40694327	     -2.08911117	     -0.45450184	      0.18636922	     -2.08315174	     -0.48392035	      1.25014022	      0.96104202	      0.02181964	     -0.03696497	      0.00529863	     -0.11912987	     -0.06559901	     -0.09739962
      1.27115800	      6.45533486	    -34.96921367	      3.89777021	     24.02987313	    690.94940488	    -48.01706495	     -3.23392067	     -0.10951297	      0.27025852	     -0.55098967	      2.17779639	      0.18896327	      0.82350634	     -0.03747448	      0.20292753	     -0.03888684	     25.40222150	     -1.40776851	      1.76688372	      0.00083389	     -0.00006362	      0.00000451	     -0.00003535	      0.00852829	      1.25938700	      1.30809540	     19.92583345	     -1.58895898	      2.12128927	     -0.12515031	     -0.12134800	     18.22112720	     -1.68515346	      2.47335427	     -0.04148347	     -0.04356372	     18.72003357	     -1.48545093	      2.82132930	     19.51153747	     -1.05212551	      3.17409636	     20.96303763	     -0.37255103	      3.53297664	     -0.92152991	      7.66079136	      0.25509526	      0.63655546	     -1.96827754	     -0.45671233	      0.35730765	     -1.88502056	     -0.51363743	      1.30552563	      1.06856084	      0.02490662	     -0.04250656	      0.00526025	     -0.12338940	     -0.06529203	     -0.10559688
      1.28810700	      4.19948121	    -34.78841446	      4.08316548	     24.47305939	    687.86399349	    -45.39145007	     -3.64920186	      0.25940469	      0.31301258	     -0.35167557	      1.61692242	      0.21527537	      0.98935834	     -0.03696966	      0.07476327	     -0.03907753	     25.67004969	     -0.86667901	      1.76630591	      0.00083351	     -0.00006038	      0.00000617	     -0.00008051	      0.00847830	      1.23860147	      1.32653005	     20.15373617	     -1.21518179	      2.14296542	     -0.11841371	     -0.12864010	     18.39952658	     -1.46910974	      2.49392775	     -0.04046850	     -0.04495123	     18.85439524	     -1.39019774	      2.82743590	     19.61384576	     -1.04139422	      3.16361592	     21.04005395	     -0.42824151	      3.50033946	     -0.98731244	      7.27024801	      0.24392452	      0.88086360	     -1.84737388	     -0.45048676	      0.57955367	     -1.71072292	     -0.54124123	      1.36998413	      1.19122870	      0.02540084	     -0.04576195	      0.00808363	     -0.12946865	     -0.06458473	     -0.11754306
      1.30505600	      1.53791175	    -35.47207429	      4.01883135	     23.75248739	    685.73433301	    -40.41873227	     -4.08770370	      0.78902933	      0.35203212	     -0.40891073	      0.91745774	      0.21105536	      1.13821940	     -0.03655454	     -0.00860336	     -0.03923810	     25.48742348	     -0.11561199	      1.56850780	      0.00083500	     -0.00005659	      0.00000750	     -0.00015961	      0.00841584	      1.22416626	      1.34675887	     19.96418942	     -0.61088622	      1.95402552	     -0.10704053	     -0.14173836	     18.19658215	     -1.00816937	      2.29158941	     -0.03993571	     -0.04632159	     18.64516668	     -1.04880869	      2.60115491	     19.41253545	     -0.79471646	      2.91335022	     20.85525561	     -0.26753568	      3.22314558	     -0.88133244	      6.70570579	      0.22800817	      1.10412797	     -1.71817334	     -0.42840191	      0.82540657	     -1.56158496	     -0.55427129	      1.43577724	      1.31958195	      0.02323098	     -0.04531358	      0.01459000	     -0.13556507	     -0.06204916	     -0.13255660
      1.32200500	     -1.29131372	    -36.96421956	      3.73533381	     21.95315999	    684.95234650	    -33.11780533	     -4.52332291	      1.41389483	      0.38152410	     -0.70675611	      0.16684900	      0.17741883	      1.25329895	     -0.03626639	     -0.04757801	     -0.03935452	     24.86186465	      0.77269385	      1.22780161	      0.00083908	     -0.00005254	      0.00000871	     -0.00027270	      0.00834833	      1.21801618	      1.36741321	     19.36061031	      0.16316960	      1.60680569	     -0.09279618	     -0.15800694	     17.61310547	     -0.35058732	      1.91881734	     -0.03997671	     -0.04763526	     18.09104342	     -0.49853348	      2.19624512	     18.90381483	     -0.34015602	      2.47839374	     20.40193965	      0.09041329	      2.75825540	     -0.60681023	      6.05869148	      0.21027894	      1.28154907	     -1.57626960	     -0.38600740	      1.06254036	     -1.42976910	     -0.53883768	      1.49829745	      1.44363359	      0.01858347	     -0.04022828	      0.02530591	     -0.14036127	     -0.05629391	     -0.14933511
      1.33895400	     -4.00757539	    -39.16572752	      3.28667823	     19.30004752	    685.82028027	    -23.80322193	     -4.93380275	      2.04059778	      0.39474229	     -1.21138513	     -0.53972254	      0.12039737	      1.32013774	     -0.03612980	     -0.04426527	     -0.03940931	     23.83525435	      1.71203443	      0.81408917	      0.00084633	     -0.00004888	      0.00001034	     -0.00041574	      0.00828521	      1.22128926	      1.38671808	     18.38161993	      1.02986902	      1.17112740	     -0.07851008	     -0.17441851	     16.68602723	      0.43623937	      1.44700604	     -0.04061240	     -0.04883847	     17.22705069	      0.20239891	      1.68611448	     18.11971103	      0.27230331	      1.93370275	     19.70879703	      0.60398621	      2.18189127	     -0.16192538	      5.40966919	      0.19329482	      1.40230937	     -1.42708950	     -0.32514517	      1.26262649	     -1.29667960	     -0.48168447	      1.55567492	      1.55570238	      0.01185932	     -0.03028455	      0.03985499	     -0.14346866	     -0.04612802	     -0.16617869
      1.35590300	     -6.32138784	    -41.95088773	      2.73732321	     16.14244403	    688.51096426	    -13.05911067	     -5.30329941	      2.56163888	      0.38511604	     -1.87595286	     -1.11167679	      0.04976039	      1.32969460	     -0.03615373	     -0.00184014	     -0.03938630	     22.47657739	      2.61259485	      0.39280617	      0.00085705	     -0.00004642	      0.00001309	     -0.00058051	      0.00823658	      1.23411173	      1.40281993	     17.09463525	      1.90418134	      0.71428584	     -0.06767708	     -0.18793217	     15.48244544	      1.27263536	      0.94619349	     -0.04177975	     -0.04987428	     16.11902559	      0.98009016	      1.14319579	     17.12301253	      0.97465929	      1.35320448	     18.83518311	      1.21153092	      1.56851779	      0.45566462	      4.81059086	      0.17870731	      1.46660603	     -1.28808631	     -0.25507781	      1.40776191	     -1.13721302	     -0.37320505	      1.60671699	      1.65211766	      0.00363795	     -0.01596775	      0.05641472	     -0.14537370	     -0.03068897	     -0.18139161
      1.37285200	     -7.97762265	    -45.17922123	      2.15252112	     12.88925815	    693.04543687	     -1.64922078	     -5.62354857	      2.87600090	      0.34769900	     -2.64658851	     -1.47709500	     -0.02302846	      1.28080820	     -0.03633033	      0.07554528	     -0.03927659	     20.87452271	      3.39096019	      0.01343152	      0.00087111	     -0.00004599	      0.00001771	     -0.00075545	      0.00821147	      1.25549172	      1.41418981	     15.58794322	      2.70298555	      0.28904053	     -0.06378601	     -0.19596066	     14.09079465	      2.07635391	      0.47258928	     -0.04333105	     -0.05069559	     14.85405939	      1.75456058	      0.62621145	     15.99726005	      1.69041090	      0.79700958	     17.86053713	      1.84091390	      0.97826733	      1.24431839	      4.27774413	      0.16703040	      1.47921904	     -1.18506896	     -0.19037507	      1.49172831	     -0.93169808	     -0.21173836	      1.64865947	      1.73268391	     -0.00537123	      0.00171470	      0.07170583	     -0.14691163	     -0.00973820	     -0.19372573
      1.38980100	     -8.80227559	    -48.70260939	      1.59293672	      9.90235917	    699.28442708	      9.60299702	     -5.89285030	      2.91296072	      0.28042458	     -3.46932644	     -1.59648968	     -0.08711799	      1.18106282	     -0.03663575	      0.18261179	     -0.03908354	     19.12932801	      3.97989859	     -0.28999768	      0.00088794	     -0.00004825	      0.00002473	     -0.00092703	      0.00821600	      1.28338433	      1.41997582	     13.96117131	      3.35593371	     -0.06683465	     -0.06945188	     -0.19689325	     12.60970431	      2.77481363	      0.06758089	     -0.04505287	     -0.05127361	     13.52804788	      2.45331307	      0.17909559	     14.83343490	      2.34936230	      0.31054815	     16.87018698	      2.42578248	      0.45672811	      2.19674978	      3.79595161	      0.15772201	      1.44340368	     -1.14297920	     -0.14596311	      1.51520249	     -0.68310471	     -0.00866950	      1.67614348	      1.79769410	     -0.01441430	      0.02147487	      0.08178481	     -0.14856884	      0.01572140	     -0.20265681
      1.40675000	     -8.74088874	    -52.37004089	      1.11064940	      7.38383924	    706.92890957	     19.92850856	     -6.11379143	      2.65275193	      0.18498349	     -4.29697271	     -1.47252339	     -0.13423779	      1.04559208	     -0.03703343	      0.31287739	     -0.03882475	     17.34327692	      4.33654452	     -0.49083187	      0.00090652	     -0.00005350	      0.00003431	     -0.00108141	      0.00825199	      1.31493079	      1.42019681	     12.31439326	      3.81534500	     -0.32354659	     -0.08558374	     -0.19054286	     11.13565521	      3.31705692	     -0.23573879	     -0.04670343	     -0.05159902	     12.23223893	      3.02525392	     -0.16240615	     13.71587549	      2.90328859	     -0.06844826	     15.94072021	      2.92318374	      0.04278115	      3.30113734	      3.33164617	      0.14950551	      1.35810441	     -1.17431612	     -0.13126040	      1.47729246	     -0.43211503	      0.20782928	      1.68201545	      1.84351619	     -0.02278582	      0.04192622	      0.08344131	     -0.15002197	      0.04267920	     -0.20832611
      1.42369900	     -7.87469522	    -56.03223408	      0.74267284	      5.30595135	    715.52853264	     28.69403537	     -6.29131326	      2.13706956	      0.06725125	     -5.09424022	     -1.15170030	     -0.15983018	      0.89410345	     -0.03747947	      0.45882752	     -0.03853028	     15.61076792	      4.44627661	     -0.56330906	      0.00092546	     -0.00006160	      0.00004615	     -0.00120607	      0.00831652	      1.34682848	      1.41571414	     10.73752943	      4.06148778	     -0.45345526	     -0.11088606	     -0.17833893	      9.75180731	      3.68059931	     -0.40703413	     -0.04805885	     -0.05167726	     11.04177546	      3.44891595	     -0.36511083	     12.71088943	      3.33521764	     -0.30401288	     15.12880898	      3.32391901	     -0.22483763	      4.54219118	      2.84978585	      0.14080382	      1.21949588	     -1.27043176	     -0.14607464	      1.36905716	     -0.26024722	      0.39399203	      1.65965694	      1.85884481	     -0.02985458	      0.06159888	      0.07557137	     -0.15017170	      0.06575569	     -0.21112384
      1.44064800	     -6.40544068	    -59.54668061	      0.50099047	      3.42205335	    724.50180514	     35.43731371	     -6.43200038	      1.46470502	     -0.06290755	     -5.83951936	     -0.71608954	     -0.16310947	      0.74704847	     -0.03792914	      0.61231212	     -0.03823721	     14.01049255	      4.31976137	     -0.48531134	      0.00094315	     -0.00007190	      0.00005947	     -0.00129122	      0.00840234	      1.37577068	      1.40798022	      9.30293737	      4.09998106	     -0.43380451	     -0.14191823	     -0.16313274	      8.52123055	      3.86895305	     -0.42154156	     -0.04895546	     -0.05152138	     10.00972658	      3.72978804	     -0.40131295	     11.86170372	      3.65620556	     -0.36492174	     14.46722663	      3.64844377	     -0.31056156	      5.89909996	      2.32930405	      0.13016968	      1.02581804	     -1.40067752	     -0.18034106	      1.17555492	     -0.27399532	      0.49945615	      1.60596856	      1.82407661	     -0.03499465	      0.07870071	      0.05980626	     -0.14762964	      0.07789062	     -0.21105082
      1.45759700	     -4.60984134	    -62.78208437	      0.36306642	      1.36918549	    733.17505217	     39.86132876	     -6.54416968	      0.77163348	     -0.19262196	     -6.52273240	     -0.26594498	     -0.14616005	      0.62209353	     -0.03834307	      0.76511897	     -0.03798169	     12.60242861	      3.98372960	     -0.25173373	      0.00095805	     -0.00008334	      0.00007309	     -0.00133086	      0.00849943	      1.39889058	      1.39862870	      8.06367563	      3.95168539	     -0.25937502	     -0.17376961	     -0.14859372	      7.48681357	      3.89997294	     -0.27270176	     -0.04931682	     -0.05114610	      9.16866560	      3.88669998	     -0.26186711	     11.19158226	      3.88943399	     -0.23839946	     13.96963090	      3.92802550	     -0.19663555	      7.33974676	      1.77369512	      0.11666708	      0.78322739	     -1.52133562	     -0.21807186	      0.88891081	     -0.57051143	      0.48325576	      1.52386200	      1.71563369	     -0.03751081	      0.09069264	      0.04000396	     -0.14138897	      0.07233505	     -0.20711351
      1.47454600	     -2.77564828	    -65.62103624	      0.27035180	     -1.16478767	    740.84571842	     41.80921883	     -6.63744455	      0.19955545	     -0.30778174	     -7.14035334	      0.10321225	     -0.11249670	      0.53175347	     -0.03869131	      0.90973416	     -0.03779038	     11.43038267	      3.47016863	      0.10845357	      0.00096885	     -0.00009457	      0.00008566	     -0.00132335	      0.00859672	      1.41414622	      1.38902613	      7.05742515	      3.64025487	      0.04152328	     -0.20120201	     -0.13831845	      6.67709241	      3.79088844	      0.01184608	     -0.04915896	     -0.05056552	      8.53836373	      3.93390598	      0.02704599	     10.71310284	      4.04912074	      0.05201817	     13.64152079	      4.17968041	      0.09739659	      8.81378586	      1.21549543	      0.10020146	      0.51012569	     -1.59148886	     -0.24389228	      0.52664509	     -1.19434064	      0.33095120	      1.42313112	      1.51550330	     -0.03671093	      0.09406274	      0.02078225	     -0.13137959	      0.04544769	     -0.19712028
      1.49149500	     -1.13907529	    -67.96138564	      0.14084040	     -4.27398064	    746.86800080	     41.24690425	     -6.72088730	     -0.13854646	     -0.39534648	     -7.68980196	      0.32281994	     -0.06572832	      0.48246993	     -0.03895460	      1.04021566	     -0.03767363	     10.52756733	      2.80984785	      0.52376894	      0.00097469	     -0.00010419	      0.00009581	     -0.00127132	      0.00868396	      1.42058357	      1.37993390	      6.31269081	      3.18433216	      0.39952840	     -0.21992733	     -0.13491275	      6.11367076	      3.54842881	      0.36269102	     -0.04857498	     -0.04979530	      8.13441170	      3.86879373	      0.39555572	     10.43769375	      4.12569359	      0.43696451	     13.49072755	      4.38814591	      0.50347813	     10.24888867	      0.71415086	      0.08175144	      0.23783852	     -1.58901715	     -0.24929570	      0.14260762	     -2.10143598	      0.06412592	      1.31897186	      1.22385595	     -0.03219101	      0.08489018	      0.00576556	     -0.11872408	     -0.00095545	     -0.17832973
      1.50844400	      0.15785940	    -69.71830300	     -0.10496786	     -7.74602749	    750.74493471	     38.27011725	     -6.80012203	     -0.18521658	     -0.44568597	     -8.16531098	      0.36593906	     -0.00892716	      0.47488557	     -0.03912314	      1.15292885	     -0.03762261	      9.92046896	      2.03252754	      0.89064465	      0.00097519	     -0.00011099	      0.00010247	     -0.00118093	      0.00875293	      1.41842027	      1.37140384	      5.85211475	      2.59794859	      0.71490282	     -0.22762044	     -0.13934311	      5.81442363	      3.16917020	      0.67930978	     -0.04770527	     -0.04885834	      7.97134734	      3.67196054	      0.74041138	     10.37850858	      4.08550467	      0.81092106	     13.52996616	      4.50496536	      0.91375109	     11.55364758	      0.34672061	      0.06338227	      0.00645217	     -1.51932083	     -0.23595556	     -0.18104713	     -3.14837997	     -0.26421628	      1.22826068	      0.86956809	     -0.02420561	      0.06049148	     -0.00365872	     -0.10563753	     -0.05917561	     -0.14916858
      1.52539300	      1.08177944	    -70.82919460	     -0.51381286	    -11.10347052	    752.19863322	     33.12914209	     -6.87489894	      0.05040952	     -0.45428568	     -8.55628339	      0.25030534	      0.05507754	      0.50478997	     -0.03919430	      1.24683332	     -0.03761159	      9.62662489	      1.17077629	      1.10278804	      0.00097045	     -0.00011416	      0.00010499	     -0.00106061	      0.00879815	      1.40892402	      1.36294215	      5.68895467	      1.89672386	      0.88619428	     -0.22436901	     -0.15074290	      5.78872433	      2.64854584	      0.85883178	     -0.04670288	     -0.04779238	      8.05662279	      3.31894433	      0.95417844	     10.54307531	      3.88513490	      1.06174741	     13.76795416	      4.46562075	      1.21042946	     12.62803265	      0.19232285	      0.04794565	     -0.14381043	     -1.41284498	     -0.21490881	     -0.36177989	     -4.11879472	     -0.58752566	      1.16473107	      0.51143356	     -0.01386129	      0.02156588	     -0.00857827	     -0.09497825	     -0.11785461	     -0.11141279
      1.54234200	      1.69635577	    -71.26242561	     -1.07892224	    -13.76589742	    751.19311056	     26.24199729	     -6.93843815	      0.49956317	     -0.42231358	     -8.84802230	      0.03006003	      0.12280870	      0.56425144	     -0.03917088	      1.32312449	     -0.03760490	      9.64523228	      0.26251291	      1.08754738	      0.00096094	     -0.00011349	      0.00010334	     -0.00091981	      0.00881692	      1.39411346	      1.35386664	      5.81683565	      1.10454697	      0.84508815	     -0.21247379	     -0.16668582	      6.02590969	      1.99265360	      0.83112479	     -0.04570389	     -0.04665659	      8.37757766	      2.79717878	      0.96149963	     10.91873211	      3.49328454	      1.10823721	     14.19300527	      4.21705273	      1.30501327	     13.37964852	      0.31409794	      0.03850645	     -0.18335569	     -1.31296716	     -0.20223978	     -0.35145803	     -4.78461209	     -0.84828164	      1.13485609	      0.22492149	     -0.00293371	     -0.02658242	     -0.01179605	     -0.08950624	     -0.16598377	     -0.07129291
      1.55929100	      2.13038645	    -71.02784037	     -1.73899184	    -15.26351604	    747.90723712	     18.16574295	     -6.97903255	      1.05537396	     -0.35594334	     -9.02420784	     -0.22049733	      0.18934113	      0.64271853	     -0.03906055	      1.38426632	     -0.03756651	      9.94534881	     -0.64922260	      0.83241585	      0.00094735	     -0.00010932	      0.00009804	     -0.00076778	      0.00880907	      1.37635502	      1.34370907	      6.19857126	      0.25765700	      0.58120963	     -0.19571671	     -0.18381216	      6.48404337	      1.22780132	      0.58388652	     -0.04480915	     -0.04553367	      8.88969815	      2.12113152	      0.74564679	     11.46023121	      2.91132907	      0.92840416	     14.75971978	      3.74449196	      1.16886586	     13.74188607	      0.74360112	      0.03765176	     -0.10230177	     -1.25998066	     -0.21314119	     -0.15786581	     -4.98210351	     -1.01429256	      1.13614179	      0.07682906	      0.00665397	     -0.07499067	     -0.01649050	     -0.09101736	     -0.19654328	     -0.03813787
      1.57624000	      2.53102207	    -70.18361893	     -2.39725721	    -15.40788107	    742.68321504	      9.52262934	     -6.98353210	      1.60220505	     -0.26469589	     -9.07057506	     -0.42680294	      0.24824471	      0.72818563	     -0.03887588	      1.43270301	     -0.03746963	     10.46129816	     -1.51688799	      0.39003194	      0.00093059	     -0.00010250	      0.00009011	     -0.00061305	      0.00877655	      1.35794685	      1.33250964	      6.76352788	     -0.59354966	      0.14608549	     -0.17833475	     -0.19864121	      7.08873604	      0.40556978	      0.16686726	     -0.04407913	     -0.04452385	      9.51639061	      1.34087587	      0.35384902	     12.09020519	      2.18542142	      0.56621008	     15.39007547	      3.08777929	      0.84183018	     13.68828355	      1.47108032	      0.04686013	      0.08593773	     -1.27789817	     -0.25661172	      0.16089790	     -4.67147314	     -1.08247941	      1.15858595	      0.09889660	      0.01341490	     -0.11399972	     -0.02487827	     -0.09965522	     -0.20790402	     -0.02082232
      1.59318900	      3.01231530	    -68.83310692	     -2.95152002	    -14.34960031	    735.98113151	      0.91218428	     -6.94150485	      2.04436171	     -0.15937003	     -8.97918300	     -0.53281801	      0.29253465	      0.80859122	     -0.03863427	      1.46972096	     -0.03730381	     11.10296549	     -2.28798636	     -0.13920831	      0.00091168	     -0.00009417	      0.00008078	     -0.00046320	      0.00872312	      1.34078530	      1.32089968	      7.41986968	     -1.38482816	     -0.36406088	     -0.16399430	     -0.20838074	      7.74728051	     -0.39809263	     -0.32516037	     -0.04353936	     -0.04372977	     10.16473924	      0.54095173	     -0.11944060	     12.71630873	      1.40542713	      0.11531426	     15.99209983	      2.34065343	      0.41666278	     13.23714364	      2.44307653	      0.06607853	      0.34817062	     -1.36889005	     -0.33266942	      0.52616878	     -3.95290663	     -1.07166846	      1.18855270	      0.27411767	      0.01661604	     -0.13662580	     -0.03739479	     -0.11370987	     -0.20283821	     -0.02405320
      1.61013800	      3.61645644	    -67.10964642	     -3.32236343	    -12.50908478	    728.34777485	     -7.14944869	     -6.84833666	      2.32582284	     -0.05032418	     -8.75228191	     -0.51391609	      0.31634930	      0.87337242	     -0.03835745	      1.49494616	     -0.03707751	     11.77883939	     -2.90628989	     -0.63832022	      0.00089175	     -0.00008551	      0.00007133	     -0.00032503	      0.00865403	      1.32619726	      1.30995123	      8.07810064	     -2.04301728	     -0.83816923	     -0.15505050	     -0.21153683	      8.37295036	     -1.09202086	     -0.78220944	     -0.04319194	     -0.04323477	     10.75066919	     -0.17260500	     -0.56291248	     13.25718495	      0.68866894	     -0.31183059	     16.48687162	      1.63104438	      0.00745466	     12.44352599	      3.56706248	      0.09359316	      0.64039018	     -1.51642059	     -0.43293523	      0.87398385	     -3.03108736	     -1.01072962	      1.21317101	      0.54293224	      0.01619168	     -0.14057790	     -0.05267254	     -0.13002641	     -0.18648868	     -0.04663882
      1.62708700	      4.30287412	    -65.15551284	     -3.47005795	    -10.42276808	    720.38517982	    -14.24501610	     -6.70609075	      2.43623210	      0.05334383	     -8.40469130	     -0.38079182	      0.31668747	      0.91482909	     -0.03807057	      1.50671329	     -0.03681586	     12.41948582	     -3.31868311	     -1.00599339	      0.00087205	     -0.00007754	      0.00006283	     -0.00020466	      0.00857573	      1.31496125	      1.30086596	      8.67329044	     -2.49800716	     -1.18079929	     -0.15225267	     -0.20817869	      8.90617998	     -1.58779003	     -1.10960125	     -0.04302842	     -0.04308113	     11.21943263	     -0.69583732	     -0.87999302	     13.66240762	      0.15134951	     -0.61674390	     16.82806303	      1.08707334	     -0.28466807	     11.38175492	      4.72228442	      0.12622297	      0.91867600	     -1.69420482	     -0.54407557	      1.17427794	     -2.14438523	     -0.92792324	      1.22352670	      0.82525290	      0.01240843	     -0.12823864	     -0.06826954	     -0.14489035	     -0.16468741	     -0.08229886
      1.64403600	      4.96778321	    -63.10532777	     -3.39753645	     -8.57528905	    712.70446688	    -20.04248408	     -6.52238499	      2.40398516	      0.14383427	     -7.96386437	     -0.17421459	      0.29449360	      0.92896664	     -0.03780088	      1.50310489	     -0.03655478	     12.98822754	     -3.48754833	     -1.17951842	      0.00085387	     -0.00007101	      0.00005604	     -0.00010736	      0.00849549	      1.30745062	      1.29463695	      9.17376624	     -2.69972822	     -1.33350310	     -0.15488651	     -0.19981280	      9.32118043	     -1.82206546	     -1.24945439	     -0.04303975	     -0.04325598	     11.55047662	     -0.95425239	     -1.01138088	     13.91585091	     -0.12331632	     -0.73863741	     17.00378919	      0.80032971	     -0.39682550	     10.12667870	      5.77676994	      0.15984528	      1.14886188	     -1.87606774	     -0.65246912	      1.42447564	     -1.48939178	     -0.84377584	      1.21612034	      1.04673418	      0.00558907	     -0.10505025	     -0.08178474	     -0.15509447	     -0.14295612	     -0.12196719
      1.66098500	      5.48333478	    -61.08035060	     -3.14293718	     -7.27721948	    705.86882333	    -24.28256179	     -6.30898057	      2.28134704	      0.21468227	     -7.46724685	      0.04710436	      0.25464832	      0.91579833	     -0.03757544	      1.48310603	     -0.03633365	     13.47532592	     -3.40340707	     -1.14441223	      0.00083840	     -0.00006634	      0.00005139	     -0.00003709	      0.00842086	      1.30377381	      1.29180840	      9.57388198	     -2.63346703	     -1.28361953	     -0.16123559	     -0.18892509	      9.61704068	     -1.77491798	     -1.18955293	     -0.04321849	     -0.04369096	     11.74703213	     -0.92386042	     -0.94450868	     14.02397312	     -0.10847382	     -0.66455689	     17.02347617	      0.80005561	     -0.31543321	      8.74183863	      6.60932821	      0.19018995	      1.31292758	     -2.04251449	     -0.74808460	      1.62617488	     -1.16815515	     -0.76697486	      1.19304447	      1.15854228	     -0.00390011	     -0.07716995	     -0.09182901	     -0.15885749	     -0.12565211	     -0.15623400
      1.67793400	      5.73969633	    -59.19139237	     -2.76772185	     -6.61475275	    700.34486995	    -26.78758172	     -6.08196639	      2.12741997	      0.26147637	     -6.95724350	      0.22197050	      0.20494426	      0.87935352	     -0.03741751	      1.44732740	     -0.03618830	     13.88370060	     -3.09102567	     -0.93243319	      0.00082665	     -0.00006363	      0.00004894	      0.00000418	      0.00835894	      1.30380541	      1.29239613	      9.87949881	     -2.32629808	     -1.06224927	     -0.16920934	     -0.17833258	      9.80290436	     -1.47641333	     -0.96128110	     -0.04355098	     -0.04427642	     11.82104082	     -0.63771076	     -0.71145796	     14.00060059	      0.16007499	     -0.42728508	     16.90246529	      1.04727892	     -0.07411665	      7.27753453	      7.13152706	      0.21368989	      1.41082624	     -2.18232845	     -0.82610293	      1.76535243	     -1.17132729	     -0.69296544	      1.16135455	      1.14610603	     -0.01544497	     -0.04929304	     -0.09840827	     -0.15631602	     -0.11488872	     -0.17730541
      1.69488300	      5.67671098	    -57.54150487	     -2.34476686	     -6.47226697	    696.47812213	    -27.49366343	     -5.86339384	      1.99329802	      0.28292131	     -6.47487717	      0.30175441	      0.15459802	      0.82748010	     -0.03734200	      1.39806340	     -0.03614588	     14.21855972	     -2.60538289	     -0.61076859	      0.00081927	     -0.00006269	      0.00004847	      0.00001685	      0.00831560	      1.30710674	      1.29595558	     10.09836204	     -1.84127627	     -0.73404991	     -0.17696949	     -0.17051856	      9.88945142	     -0.99848344	     -0.62925431	     -0.04400325	     -0.04488554	     11.78582032	     -0.17533641	     -0.37801907	     13.86079864	      0.59681941	     -0.09377600	     16.65722926	      1.45055003	      0.25863324	      5.77642985	      7.30292387	      0.22811886	      1.45720458	     -2.29017514	     -0.88602708	      1.81384645	     -1.39845501	     -0.60714371	      1.13161791	      1.02742422	     -0.02799102	     -0.02355466	     -0.10259318	     -0.14942485	     -0.10979706	     -0.18053835
      1.71183200	      5.29860251	    -56.22061544	     -1.94713985	     -6.61705147	    694.48966472	    -26.48888262	     -5.68193384	      1.91213418	      0.28123810	     -6.05362213	      0.26173178	      0.11281460	      0.77116807	     -0.03735134	      1.33874715	     -0.03622173	     14.48729616	     -2.01885182	     -0.26364719	      0.00081646	     -0.00006314	      0.00004951	      0.00000379	      0.00829468	      1.31284509	      1.30173460	     10.24114333	     -1.26123211	     -0.37993972	     -0.18337955	     -0.16710306	      9.89169380	     -0.43460529	     -0.27380453	     -0.04451183	     -0.04540029	     11.66071281	      0.36161081	     -0.02524876	     13.62734727	      1.09466911	      0.25430632	     16.31392938	      1.89827801	      0.60021995	      4.28195836	      7.13562010	      0.23286470	      1.47381518	     -2.36284425	     -0.92923364	      1.75324771	     -1.70959065	     -0.49479193	      1.11542150	      0.84278456	     -0.04007068	     -0.00006745	     -0.10571675	     -0.14126912	     -0.10724954	     -0.16559225
      1.72878100	      4.67068961	    -55.29199245	     -1.63644024	     -6.81757888	    694.47569103	    -24.02272349	     -5.57034871	      1.89570178	      0.26145803	     -5.71474154	      0.10609745	      0.08754382	      0.72308402	     -0.03743336	      1.27299266	     -0.03641857	     14.70564054	     -1.40487044	      0.03116629	      0.00081796	     -0.00006449	      0.00005148	     -0.00003026	      0.00829737	      1.31982697	      1.30885005	     10.32830317	     -0.66840105	     -0.07488600	     -0.18815569	     -0.16855556	      9.83689197	      0.12525140	      0.03137225	     -0.04498874	     -0.04573224	     11.48006192	      0.87878611	      0.27381075	     13.34076433	      1.55824887	      0.54489269	     15.91966021	      2.29618072	      0.87958980	      2.84406791	      6.68821989	      0.22884157	      1.48007842	     -2.39685596	     -0.95649980	      1.60249551	     -1.99218866	     -0.35527366	      1.12202310	      0.63826601	     -0.05008224	      0.02135148	     -0.10854798	     -0.13498993	     -0.10434531	     -0.13675337
      1.74573000	      3.90151198	    -54.77715853	     -1.45237662	     -6.94089573	    696.39384475	    -20.45973272	     -5.55953047	      1.93730872	      0.22996593	     -5.46486042	     -0.13471462	      0.08436055	      0.69531810	     -0.03756240	      1.20346526	     -0.03672740	     14.90092602	     -0.82505838	      0.22296338	      0.00082313	     -0.00006618	      0.00005373	     -0.00007967	      0.00832205	      1.32668049	      1.31646152	     10.39295389	     -0.12850641	      0.13171692	     -0.19171463	     -0.17420492	      9.76666132	      0.61377778	      0.23877124	     -0.04534128	     -0.04583525	     11.29440025	      1.31102756	      0.47411396	     13.05963053	      1.92789861	      0.73595781	     15.54183411	      2.59332547	      1.05834465	      1.51809624	      6.05176561	      0.21812637	      1.48527127	     -2.38872673	     -0.96677649	      1.42528158	     -2.21301380	     -0.21165532	      1.15508557	      0.44838346	     -0.05668150	      0.03963108	     -0.11085624	     -0.13268843	     -0.10123632	     -0.10182447
      1.76267900	      3.11712579	    -54.64644454	     -1.40915132	     -6.97312629	    700.03977344	    -16.19236103	     -5.67059176	      2.01885217	      0.19282086	     -5.29585813	     -0.41364508	      0.10541867	      0.69673871	     -0.03770371	      1.13088419	     -0.03712971	     15.10756101	     -0.32485233	      0.29429683	      0.00083109	     -0.00006766	      0.00005563	     -0.00013912	      0.00836451	      1.33214096	      1.32393594	     10.47504067	      0.31399935	      0.22215665	     -0.19482553	     -0.18252423	      9.72887839	      0.99099238	      0.33287714	     -0.04549942	     -0.04571100	     11.15979487	      1.62633492	      0.56395231	     12.84748141	      2.18247133	      0.82031899	     15.25229275	      2.78318056	      1.13489804	      0.35710136	      5.33150853	      0.20343449	      1.48528878	     -2.33714146	     -0.95758444	      1.31038995	     -2.42307355	     -0.10653435	      1.21087392	      0.28623472	     -0.05909794	      0.05222724	     -0.11155737	     -0.13471715	     -0.10206017	     -0.06966404
      1.77962800	      2.43495597	    -54.81942155	     -1.50200826	     -6.95099341	    705.03623548	    -11.56302454	     -5.90763995	      2.11877410	      0.15435602	     -5.18712558	     -0.68050887	      0.14869221	      0.73068294	     -0.03782023	      1.05355198	     -0.03760013	     15.35763176	      0.06256668	      0.24834050	      0.00084088	     -0.00006845	      0.00005658	     -0.00020443	      0.00841870	      1.33534074	      1.33098152	     10.61079091	      0.62950805	      0.19863693	     -0.19822775	     -0.19159703	      9.76492152	      1.23422626	      0.31793303	     -0.04543974	     -0.04540900	     11.12260253	      1.81173720	      0.55145180	     12.75513894	      2.32081811	      0.81064416	     15.10682406	      2.87978477	      1.12756470	     -0.59765527	      4.62879295	      0.18756192	      1.46496635	     -2.24497676	     -0.92646151	      1.33990837	     -2.70766087	     -0.08339137	      1.27891181	      0.14712157	     -0.05726228	      0.05620192	     -0.10932711	     -0.13963980	     -0.11290756	     -0.04748335
      1.79657700	      1.94329720	    -55.17712735	     -1.71859939	     -6.85497508	    710.85670169	     -6.83277306	     -6.25407528	      2.21821911	      0.11653314	     -5.11043190	     -0.89485716	      0.20804819	      0.79378473	     -0.03787988	      0.96779579	     -0.03810877	     15.67187563	      0.30930790	      0.08791913	      0.00085155	     -0.00006818	      0.00005620	     -0.00027276	      0.00847766	      1.33599718	      1.33770120	     10.82345467	      0.79259314	      0.06356516	     -0.20235879	     -0.19962983	      9.89960281	      1.32252819	      0.19774970	     -0.04519622	     -0.04502035	     11.20844268	      1.85236925	      0.44286157	     12.80868367	      2.33544137	      0.71595011	     15.13188132	      2.88500269	      1.04870717	     -1.32284975	      4.02669369	      0.17291439	      1.40476234	     -2.11938026	     -0.87248387	      1.56317590	     -3.10972475	     -0.16360167	      1.34505845	      0.02343401	     -0.05174491	      0.04967375	     -0.10332162	     -0.14487520	     -0.13789745	     -0.03924300
      1.81352600	      1.69095634	    -55.58601255	     -2.04325616	     -6.54581059	    716.88643310	     -2.19380531	     -6.67400996	      2.30412638	      0.07916642	     -5.03683421	     -1.03384126	      0.27437385	      0.87640280	     -0.03786158	      0.86939251	     -0.03862305	     16.05224264	      0.38887520	     -0.19388018	      0.00086227	     -0.00006675	      0.00005435	     -0.00034215	      0.00853461	      1.33444581	      1.34452893	     11.11647410	      0.77588995	     -0.18914020	     -0.20725960	     -0.20535128	     10.13500561	      1.22753268	     -0.03338187	     -0.04485423	     -0.04466430	     11.41668606	      1.71903864	      0.23242013	     13.00448475	      2.19665814	      0.53024149	     15.32013008	      2.76864809	      0.89177851	     -1.81248827	      3.58189696	      0.16122364	      1.28922044	     -1.96962002	     -0.79711926	      1.98058430	     -3.57480745	     -0.33317267	      1.39591238	     -0.07937824	     -0.04357692	      0.03281192	     -0.09360058	     -0.14774920	     -0.17579404	     -0.04562681
      1.83047500	      1.68834588	    -55.92983976	     -2.44656037	     -5.80023970	    722.50381887	      2.19871535	     -7.11843284	      2.36944723	      0.04067398	     -4.94386942	     -1.09332285	      0.33724050	      0.96455300	     -0.03775851	      0.75555727	     -0.03910929	     16.47466074	      0.27836414	     -0.59882431	      0.00087233	     -0.00006434	      0.00005129	     -0.00041058	      0.00858382	      1.33152968	      1.35206204	     11.46718081	      0.55333172	     -0.55967831	     -0.21264044	     -0.20818816	     10.44563970	      0.91779108	     -0.37659929	     -0.04453115	     -0.04446866	     11.71708570	      1.37345500	     -0.08366687	     13.30720351	      1.85850959	      0.24639635	     15.63001447	      2.47503238	      0.64518469	     -2.06991447	      3.32370484	      0.15349655	      1.11437817	     -1.80402101	     -0.70421966	      2.53363956	     -3.95485719	     -0.54728110	      1.42295414	     -0.13724000	     -0.03403627	      0.00811066	     -0.08104578	     -0.14651531	     -0.21931494	     -0.06497481
      1.84742400	      1.91645290	    -56.14088507	     -2.86680981	     -4.43570631	    727.15884334	      6.19275620	     -7.53430637	      2.41166458	     -0.00099608	     -4.82124175	     -1.08401135	      0.38652284	      1.04281449	     -0.03757809	      0.62680432	     -0.03953456	     16.88412355	     -0.03410727	     -1.09242702	      0.00088110	     -0.00006151	      0.00004768	     -0.00047517	      0.00862125	      1.32838681	      1.36082944	     11.82280801	      0.11145326	     -1.01281613	     -0.21804105	     -0.20824227	     10.77617169	      0.37480888	     -0.79904678	     -0.04434959	     -0.04454536	     12.04920634	      0.78896121	     -0.47700859	     13.65085351	      1.28393245	     -0.11258522	     15.98880463	      1.95312956	      0.32506756	     -2.09607377	      3.25819835	      0.15012929	      0.89188929	     -1.62802664	     -0.59943774	      3.10556713	     -4.07303207	     -0.74936970	      1.42503613	     -0.11703194	     -0.02445486	     -0.02002278	     -0.06688064	     -0.14095411	     -0.25764061	     -0.09417472
      1.86437300	      2.33744715	    -56.21869141	     -3.20121124	     -2.45042897	    730.43476026	      9.60685603	     -7.87422649	      2.43098690	     -0.04736965	     -4.67383578	     -1.02569829	      0.41383586	      1.09746527	     -0.03733922	      0.48806031	     -0.03986879	     17.19888742	     -0.54029619	     -1.58169126	      0.00088802	     -0.00005908	      0.00004453	     -0.00053185	      0.00864473	      1.32618846	      1.37103361	     12.10552340	     -0.53727388	     -1.45727735	     -0.22300596	     -0.20617084	     11.04826285	     -0.38818614	     -1.21311923	     -0.04441015	     -0.04496239	     12.33109347	     -0.02503685	     -0.86496992	     13.94925137	      0.47478596	     -0.46988103	     16.30526947	      1.19308179	      0.00131205	     -1.88109503	      3.37311335	      0.15102358	      0.64856539	     -1.44478388	     -0.48949315	      3.54498413	     -3.81370572	     -0.89334381	      1.40847423	      0.00416493	     -0.01606532	     -0.04632623	     -0.05211094	     -0.13237230	     -0.28073657	     -0.12898775
      1.88132200	      2.90260257	    -56.22664070	     -3.32108797	     -0.08721050	    732.09051255	     12.20594505	     -8.10428962	      2.42900884	     -0.09849618	     -4.52118469	     -0.94139275	      0.41366940	      1.11905611	     -0.03706782	      0.34864293	     -0.04008685	     17.32886325	     -1.20584256	     -1.92443116	      0.00089263	     -0.00005798	      0.00004297	     -0.00057569	      0.00865389	      1.32589415	      1.38232794	     12.23125116	     -1.34677771	     -1.75563988	     -0.22720987	     -0.20302831	     11.18085351	     -1.31596683	     -1.48578270	     -0.04477091	     -0.04571836	     12.48132006	     -1.00960731	     -1.11868138	     14.11981127	     -0.51115767	     -0.70127677	     16.49559025	      0.24756319	     -0.20685334	     -1.40557030	      3.63989886	      0.15558244	      0.42113229	     -1.25786744	     -0.38152685	      3.71598110	     -3.18563999	     -0.95769649	      1.38480756	      0.22207187	     -0.00987816	     -0.06622141	     -0.03720698	     -0.12306926	     -0.28318675	     -0.16406875
      1.89827100	      3.55712762	    -56.26490736	     -3.10999533	      2.22740707	    732.08306687	     13.70942184	     -8.20835314	      2.40784637	     -0.15236126	     -4.39305835	     -0.85199056	      0.38385193	      1.10378486	     -0.03679199	      0.22100184	     -0.04017061	     17.20461464	     -1.97143636	     -1.97296762	      0.00089461	     -0.00005897	      0.00004399	     -0.00060194	      0.00864970	      1.32808871	      1.39372318	     12.13793068	     -2.24082640	     -1.76696637	     -0.23050388	     -0.20006924	     11.11848244	     -2.31670702	     -1.48018786	     -0.04543913	     -0.04672954	     12.44810528	     -2.06279386	     -1.10371214	     14.11356727	     -1.56703534	     -0.67482495	     16.51439457	     -0.77481538	     -0.16949937	     -0.65344802	      4.01318687	      0.16261097	      0.24736598	     -1.07422826	     -0.28252930	      3.55558926	     -2.32329696	     -0.94725122	      1.36701905	      0.50066542	     -0.00656932	     -0.07732720	     -0.02216874	     -0.11551423	     -0.26580252	     -0.19335428
      1.91522000	      4.24385082	    -56.42932764	     -2.50883267	      4.03888104	    730.56291893	     13.85496860	     -8.18803756	      2.36944805	     -0.20498966	     -4.32210643	     -0.77227152	      0.32518772	      1.05344421	     -0.03653798	      0.11846105	     -0.04011079	     16.80491945	     -2.76211369	     -1.63274200	      0.00089382	     -0.00006242	      0.00004814	     -0.00060740	      0.00863396	      1.33293041	      1.40369202	     11.81063715	     -3.12740540	     -1.40317212	     -0.23289297	     -0.19852617	     10.85413149	     -3.28172694	     -1.11087694	     -0.04637592	     -0.04783724	     12.23091475	     -3.06382570	     -0.73489656	     13.93581432	     -2.56458904	     -0.30541558	     16.37416121	     -1.74051164	      0.19930272	      0.36761737	      4.43122755	      0.17027420	      0.15624809	     -0.90540577	     -0.19874658	      3.10661242	     -1.42989310	     -0.88538249	      1.36551499	      0.78238597	     -0.00637317	     -0.08021681	     -0.00687974	     -0.11154724	     -0.23469344	     -0.21122513
      1.93216900	      4.90751463	    -56.77239776	     -1.54702189	      5.02853719	    727.83582315	     12.50985218	     -8.05920600	      2.31500085	     -0.25133430	     -4.33574610	     -0.70929358	      0.24061439	      0.97423295	     -0.03632744	      0.05254111	     -0.03990844	     16.17009213	     -3.50163060	     -0.90659124	      0.00089042	     -0.00006811	      0.00005532	     -0.00059176	      0.00860874	      1.34018389	      1.41046611	     11.29128352	     -3.91816838	     -0.67106251	     -0.23447681	     -0.19941678	     10.43464467	     -4.11058352	     -0.38501336	     -0.04750813	     -0.04883544	     11.88245887	     -3.90321907	     -0.01775347	     13.64508563	     -3.38849875	      0.40340137	     16.14059339	     -2.52972039	      0.89876765	      1.60741459	      4.82149647	      0.17628881	      0.16054112	     -0.76620933	     -0.13506243	      2.50481410	     -0.69830498	     -0.80262295	      1.38530115	      1.00737889	     -0.00901253	     -0.07790950	      0.00850180	     -0.11188930	     -0.19867226	     -0.21416972
      1.94911800	      5.49982443	    -57.28132701	     -0.34516035	      5.10166586	    724.29602989	      9.78157184	     -7.84667701	      2.24466330	     -0.28669427	     -4.44975152	     -0.66367299	      0.13437603	      0.87505927	     -0.03617611	      0.03061238	     -0.03957549	     15.39540047	     -4.12661641	      0.09692469	      0.00088485	     -0.00007520	      0.00006476	     -0.00055824	      0.00857611	      1.34928069	      1.41245033	     10.66882514	     -4.54520176	      0.32045811	     -0.23538387	     -0.20343460	      9.94647914	     -4.73089461	      0.59048582	     -0.04873991	     -0.04951221	     11.49019276	     -4.50548954	      0.94377165	     13.33073030	     -3.96167551	      1.35090015	     15.90566100	     -3.06445124	      1.83181172	      2.96577664	      5.11321150	      0.17841957	      0.25439094	     -0.67142051	     -0.09445257	      1.92613506	     -0.25157851	     -0.72657542	      1.42532752	      1.13253744	     -0.01372475	     -0.07423298	      0.02335845	     -0.11611451	     -0.16627490	     -0.20214239
      1.96606700	      5.98397681	    -57.88086067	      0.91241385	      4.36958158	    720.35187096	      6.06654345	     -7.57926780	      2.15803474	     -0.30803123	     -4.66524940	     -0.63294158	      0.01152701	      0.76599793	     -0.03609317	      0.05453806	     -0.03913428	     14.60795259	     -4.59598250	      1.19402802	      0.00087786	     -0.00008239	      0.00007514	     -0.00051341	      0.00853803	      1.35936379	      1.40863835	     10.05513514	     -4.96998354	      1.39052228	     -0.23571521	     -0.21093241	      9.48932455	     -5.10694607	      1.63841567	     -0.04995984	     -0.04969423	     11.14703445	     -4.83760075	      1.97598945	     13.08079402	     -4.25368928	      2.36704416	     15.75231260	     -3.31705250	      2.83211501	      4.30272391	      5.25417084	      0.17515484	      0.41644437	     -0.63180218	     -0.07758772	      1.52112403	     -0.12498098	     -0.67553030	      1.47999676	      1.14271288	     -0.01942027	     -0.07187809	      0.03673317	     -0.12303311	     -0.14345758	     -0.17881566
      1.98301600	      6.33743100	    -58.45918456	      2.02425187	      3.05908687	    716.36864083	      2.00185317	     -7.28669090	      2.05558414	     -0.31450312	     -4.96960799	     -0.61483977	     -0.12209186	      0.65731739	     -0.03608083	      0.12062859	     -0.03861594	     13.93581401	     -4.89386049	      2.17994827	      0.00087037	     -0.00008815	      0.00008482	     -0.00046594	      0.00849662	      1.36931991	      1.39891134	      9.55618759	     -5.18405095	      2.33913086	     -0.23550457	     -0.22195028	      9.14863649	     -5.23785757	      2.56301423	     -0.05104546	     -0.04928438	     10.92398793	     -4.90492767	      2.88645348	     12.95445780	     -4.27485968	      3.26280566	     15.72683157	     -3.30238020	      3.71399930	      5.46462038	      5.22550774	      0.16626937	      0.61674604	     -0.65071068	     -0.08260130	      1.36613725	     -0.28372130	     -0.65603610	      1.54188715	      1.05127279	     -0.02493894	     -0.07118518	      0.04767438	     -0.13125848	     -0.13249966	     -0.15046564
      1.99996500	      6.55292471	    -58.90683963	      2.82064938	      1.41496773	    712.64200360	     -1.66862569	     -6.99855232	      1.94063310	     -0.30698219	     -5.34041633	     -0.60825996	     -0.25945585	      0.55909678	     -0.03613407	      0.22076954	     -0.03805763	     13.47875228	     -5.02733120	      2.88391328	      0.00086335	     -0.00009107	      0.00009221	     -0.00042463	      0.00845438	      1.37784102	      1.38413885	      9.24737933	     -5.20446137	      3.00059186	     -0.23470184	     -0.23621606	      8.97553573	     -5.15043835	      3.20229907	     -0.05187024	     -0.04828554	     10.85324425	     -4.74170827	      3.51568420	     12.96782038	     -4.06458078	      3.88137735	     15.82775147	     -3.06385667	      4.32335055	      6.31748780	      5.04719136	      0.15296975	      0.82448930	     -0.72228844	     -0.10507955	      1.44727405	     -0.65378350	     -0.66348748	      1.60434512	      0.89222092	     -0.02930853	     -0.07024583	      0.05562310	     -0.13968035	     -0.13208555	     -0.12394167
      2.01691400	      6.63813268	    -59.15421828	      3.19938130	     -0.35380786	    709.39802162	     -4.26624810	     -6.74452201	      1.82086466	     -0.28695091	     -5.75085830	     -0.61129700	     -0.39193365	      0.48112675	     -0.03624091	      0.34422476	     -0.03749912	     13.28806201	     -5.02142866	      3.20602382	      0.00085767	     -0.00009012	      0.00009611	     -0.00039638	      0.00841439	      1.38354863	      1.36605227	      9.15884301	     -5.06759628	      3.27937692	     -0.23318692	     -0.25309252	      8.97815710	     -4.89159746	      3.46316325	     -0.05231542	     -0.04680549	     10.92455207	     -4.40214421	      3.77182057	     13.09470780	     -3.68126439	      4.13240864	     16.01167196	     -2.66218580	      4.57149257	      6.77574203	      4.77082129	      0.13750945	      1.01388566	     -0.83184947	     -0.13843084	      1.67682959	     -1.14590368	     -0.68458738	      1.66287021	      0.70856948	     -0.03191195	     -0.06611453	      0.06065742	     -0.14765218	     -0.13822001	     -0.10459155
      2.03386300	      6.61323067	    -59.19479157	      3.13927987	     -2.07580866	    706.80623863	     -5.32969866	     -6.55420689	      1.70820439	     -0.25554924	     -6.17483715	     -0.61832075	     -0.50949069	      0.43267903	     -0.03638369	      0.47955202	     -0.03697915	     13.35992294	     -4.91273077	      3.12753939	      0.00085395	     -0.00008492	      0.00009592	     -0.00038461	      0.00838017	      1.38517546	      1.34690278	      9.27346759	     -4.82245623	      3.16011798	     -0.23081456	     -0.27152570	      9.12508521	     -4.52141659	      3.33112081	     -0.05228459	     -0.04503763	     11.09365266	     -3.95336212	      3.64016621	     13.27962696	     -3.19532660	      4.00127910	     16.21116828	     -2.16848910	      4.44404904	      6.81736826	      4.46259649	      0.12245629	      1.16664055	     -0.95858760	     -0.17477541	      1.93178948	     -1.66700148	     -0.70095915	      1.71490918	      0.54130947	     -0.03252396	     -0.05636429	      0.06348188	     -0.15486402	     -0.14557156	     -0.09494748
      2.05081200	      6.50506073	    -59.08734347	      2.69077759	     -3.59493560	    704.99282822	     -4.70289709	     -6.45551129	      1.61664932	     -0.21331143	     -6.59081782	     -0.61889266	     -0.60187898	      0.42183415	     -0.03654134	      0.61623151	     -0.03653187	     13.64296005	     -4.74130784	      2.69710875	      0.00085245	     -0.00007578	      0.00009177	     -0.00038890	      0.00835521	      1.38177140	      1.32896682	      9.53707533	     -4.52227897	      2.69401650	     -0.22747965	     -0.29008758	      9.35878528	     -4.10474058	      2.85694809	     -0.05171752	     -0.04321620	     11.29910916	     -3.46729752	      3.16997735	     13.45770850	     -2.68166289	      3.53590222	     16.35800998	     -1.65771883	      3.98755029	      6.48270756	      4.18388373	      0.10997167	      1.27115136	     -1.08005291	     -0.20631189	      2.09955807	     -2.12586682	     -0.69363656	      1.75845711	      0.42162193	     -0.03124117	     -0.04019725	      0.06515745	     -0.16102969	     -0.14891312	     -0.09455295
      2.06776100	      6.33810854	    -58.93762603	      1.95086129	     -4.76192355	    704.04604023	     -2.54169742	     -6.47110842	      1.55887118	     -0.16050102	     -6.98367049	     -0.60007892	     -0.66054913	      0.45428923	     -0.03669254	      0.74576307	     -0.03618372	     14.05660194	     -4.54122227	      2.00397486	      0.00085314	     -0.00006364	      0.00008443	     -0.00040569	      0.00834235	      1.37289761	      1.31404097	      9.87682106	     -4.21382076	      1.97225496	     -0.22318195	     -0.30716556	      9.61437191	     -3.69962338	      2.13061918	     -0.05060151	     -0.04155723	     11.48194900	     -3.00890937	      2.44889927	     13.57517488	     -2.20817377	      2.82155703	     16.40434264	     -1.19797891	      3.28453021	      5.85985452	      3.97698217	      0.10139709	      1.31997403	     -1.17717120	     -0.22686078	      2.11544135	     -2.44262442	     -0.64810112	      1.79043875	      0.36712363	     -0.02836935	     -0.01873103	      0.06668283	     -0.16560226	     -0.14441623	     -0.10078648
      2.08471000	      6.12498613	    -58.86621247	      1.03455210	     -5.45730297	    704.01132378	      0.74945100	     -6.61353226	      1.54296991	     -0.09769322	     -7.34408641	     -0.55169195	     -0.68070350	      0.53182727	     -0.03681930	      0.86209761	     -0.03595108	     14.51339531	     -4.33175558	      1.15158137	      0.00085570	     -0.00004986	      0.00007506	     -0.00042981	      0.00834320	      1.35877501	      1.30310445	     10.22118651	     -3.92643869	      1.09955263	     -0.21806807	     -0.32127135	      9.83725345	     -3.34456426	      1.25541532	     -0.04897984	     -0.04020692	     11.60159180	     -2.62233160	      1.57777421	     13.60374046	     -1.82151467	      1.95637499	     16.33528020	     -0.83633938	      2.42973566	      5.06342755	      3.85995932	      0.09722338	      1.30778814	     -1.23827291	     -0.23311430	      1.97932945	     -2.56453186	     -0.55891009	      1.80598531	      0.38173222	     -0.02432762	      0.00544032	      0.06861071	     -0.16771020	     -0.13057519	     -0.11018446
      2.10165900	      5.86065178	    -58.97397024	      0.05302057	     -5.63238308	    704.87877144	      4.62064911	     -6.88024845	      1.57037033	     -0.02636915	     -7.66611827	     -0.47210947	     -0.66282433	      0.65089454	     -0.03691000	      0.96146577	     -0.03583907	     14.93755484	     -4.11272824	      0.24016439	      0.00085968	     -0.00003596	      0.00006502	     -0.00045599	      0.00835778	      1.34035114	      1.29625761	     10.51477699	     -3.66519963	      0.17650330	     -0.21243759	     -0.33136732	      9.99386170	     -3.04953133	      0.33065135	     -0.04695544	     -0.03921699	     11.64309749	     -2.32045918	      0.65400444	     13.54474663	     -1.53582014	      1.03541332	     16.16961346	     -0.58700430	      1.51509875	      4.21429422	      3.82901805	      0.09729350	      1.23156514	     -1.26088099	     -0.22515874	      1.74708844	     -2.48137982	     -0.43243431	      1.79927493	      0.45817560	     -0.01958906	      0.02905329	      0.07087043	     -0.16638382	     -0.10855641	     -0.11970965
      2.11860800	      5.52410416	    -59.31687008	     -0.89772820	     -5.33793180	    706.57087374	      8.48594847	     -7.25075262	      1.63540049	      0.05073314	     -7.94452004	     -0.37105569	     -0.61287471	      0.80192081	     -0.03696131	      1.04188756	     -0.03584168	     15.27506251	     -3.86624471	     -0.64059063	      0.00086459	     -0.00002335	      0.00005557	     -0.00047995	      0.00838456	      1.31925093	      1.29292230	     10.72443090	     -3.41145060	     -0.70795320	     -0.20671026	     -0.33707043	     10.07332513	     -2.79531801	     -0.55568403	     -0.04468722	     -0.03855495	     11.61484859	     -2.08337323	     -0.23545043	     13.42330059	     -1.33043474	      0.14412888	     15.95015766	     -0.42842622	      0.62390752	      3.42451071	      3.86369270	      0.10101010	      1.09304702	     -1.25086976	     -0.20609670	      1.50311112	     -2.23065671	     -0.28645037	      1.76572098	      0.58190624	     -0.01464254	      0.04899337	      0.07287241	     -0.16097476	     -0.08187169	     -0.12758183
      2.13555700	      5.08820971	    -59.89651976	     -1.73925600	     -4.71782286	    708.93988287	     11.81468587	     -7.68737960	      1.72662813	      0.12975457	     -8.17341643	     -0.26690520	     -0.54073796	      0.96987034	     -0.03697829	      1.10264321	     -0.03594313	     15.49543432	     -3.56461708	     -1.41269570	      0.00086993	     -0.00001323	      0.00004777	     -0.00049877	      0.00842075	      1.29759599	      1.29219080	     10.83768342	     -3.13118302	     -1.47757875	     -0.20136086	     -0.33863605	     10.08220618	     -2.54220917	     -1.32798033	     -0.04237638	     -0.03814215	     11.53984398	     -1.86713886	     -1.01512530	     13.27654633	     -1.15866237	     -0.64257029	     15.72885823	     -0.31187800	     -0.16989901	      2.78707247	      3.93165142	      0.10743618	      0.90198649	     -1.21962789	     -0.18095228	      1.32766247	     -1.88722059	     -0.14625534	      1.70449821	      0.73531514	     -0.00995575	      0.06291458	      0.07383813	     -0.15155582	     -0.05541646	     -0.13352877
      2.15250600	      4.53358219	    -60.66540453	     -2.40843470	     -3.96680885	    711.77934067	     14.19152407	     -8.13997493	      1.82933745	      0.20626348	     -8.34642292	     -0.17987566	     -0.45751681	      1.13603731	     -0.03697300	      1.14379606	     -0.03612030	     15.58829417	     -3.18159894	     -2.00947551	      0.00087523	     -0.00000644	      0.00004235	     -0.00051071	      0.00846288	      1.27771755	      1.29316912	     10.85721947	     -2.78814401	     -2.06805145	     -0.19684092	     -0.33674059	     10.03654528	     -2.24479433	     -1.92231204	     -0.04024253	     -0.03789940	     11.44546974	     -1.61978197	     -1.62063558	     13.14147083	     -0.96439183	     -1.26013945	     15.55258690	     -0.17845485	     -0.80175622	      2.36861258	      3.99316709	      0.11534280	      0.67793954	     -1.18043653	     -0.15529993	      1.27229750	     -1.54048374	     -0.03829236	      1.62017570	      0.90143926	     -0.00593584	      0.06958537	      0.07319331	     -0.13909755	     -0.03409740	     -0.13850829
      2.16945500	      3.85980965	    -61.54132873	     -2.85475546	     -3.27074585	    714.84762672	     15.34359101	     -8.55317427	      1.92818260	      0.27581645	     -8.45742816	     -0.12510514	     -0.37289322	      1.28068087	     -0.03696202	      1.16577952	     -0.03634624	     15.55814467	     -2.70264579	     -2.37640994	      0.00088010	     -0.00000347	      0.00003979	     -0.00051478	      0.00850732	      1.26182777	      1.29519583	     10.79476820	     -2.35671768	     -2.42724981	     -0.19351433	     -0.33218489	      9.95478124	     -1.86728390	     -2.28682081	     -0.03849406	     -0.03777892	     11.35547709	     -1.29831400	     -1.99944410	     13.04609948	     -0.70015236	     -1.65554625	     15.45357956	      0.02218988	     -1.21808055	      2.20409369	      4.00640300	      0.12329949	      0.44901555	     -1.14519287	     -0.13407286	      1.35027563	     -1.26872997	      0.01660958	      1.52264361	      1.06646135	     -0.00289832	      0.06895340	      0.07084132	     -0.12533460	     -0.02148170	     -0.14406719
      2.18640400	      3.08939363	    -62.42521803	     -3.04034817	     -2.75447332	    717.89684663	     15.14567880	     -8.87460821	      2.00940824	      0.33417311	     -8.50157524	     -0.10871051	     -0.29329187	      1.38594439	     -0.03696314	      1.16913852	     -0.03659405	     15.41948453	     -2.13067474	     -2.47404609	      0.00088415	     -0.00000449	      0.00004029	     -0.00051032	      0.00855075	      1.25172436	      1.29789805	     10.66625637	     -1.83018221	     -2.51765357	     -0.19162132	     -0.32565809	      9.85302483	     -1.39408278	     -2.38417019	     -0.03729967	     -0.03777262	     11.28537382	     -0.88092059	     -2.11362752	     13.00504275	     -0.34027925	     -1.79036683	     15.44520320	      0.31805744	     -1.37979271	      2.29325950	      3.93360306	      0.12983734	      0.24744710	     -1.12216761	     -0.12079882	      1.54093544	     -1.12051602	      0.00823981	      1.42530469	      1.22062353	     -0.00105180	      0.06197725	      0.06721541	     -0.11237878	     -0.01892517	     -0.15157558
      2.20335300	      2.26382600	    -63.21840826	     -2.94402883	     -2.45628408	    720.69895941	     13.61773881	     -9.06269861	      2.06262755	      0.37731008	     -8.47646701	     -0.12758762	     -0.22106921	      1.43855528	     -0.03699194	      1.15455726	     -0.03684027	     15.19301423	     -1.48613310	     -2.28293637	      0.00088708	     -0.00000932	      0.00004382	     -0.00049689	      0.00859039	      1.24857072	      1.30111542	     10.48856085	     -1.22244708	     -2.32097908	     -0.19126681	     -0.31764830	      9.74256544	     -0.83304850	     -2.19617730	     -0.03676670	     -0.03789968	     11.24069680	     -0.37125015	     -1.94463494	     13.01849601	      0.11419504	     -1.64567634	     15.52176148	      0.70958891	     -1.26739600	      2.59951716	      3.74734288	      0.13365834	      0.10322851	     -1.11500949	     -0.11727328	      1.80208665	     -1.10795814	     -0.06097004	      1.34219205	      1.35783710	     -0.00049229	      0.05032226	      0.06312929	     -0.10222867	     -0.02541378	     -0.16160966
      2.22030200	      1.43395879	    -63.83771720	     -2.56801736	     -2.33303258	    723.06356243	     10.92074412	     -9.09317144	      2.08234588	      0.40180203	     -8.38360692	     -0.17199745	     -0.15489274	      1.43192409	     -0.03705858	      1.12321487	     -0.03706681	     14.90272846	     -0.80221499	     -1.80973557	      0.00088866	     -0.00001747	      0.00005008	     -0.00047436	      0.00862412	      1.25275029	      1.30476273	     10.27748088	     -0.56384209	     -1.84422202	     -0.19242649	     -0.30850088	      9.62897959	     -0.21176633	     -1.72979971	     -0.03692812	     -0.03818349	     11.21727015	      0.20502433	     -1.49919686	     13.07355565	      0.63884579	     -1.22785578	     15.66094247	      1.17299139	     -0.88666942	      3.05285774	      3.43584416	      0.13385162	      0.03764919	     -1.12286231	     -0.12358177	      2.08402420	     -1.21120612	     -0.17712835	      1.28492317	      1.47462931	     -0.00119362	      0.03600964	      0.05951668	     -0.09633551	     -0.03808054	     -0.17369436
      2.23725100	      0.64876163	    -64.22726968	     -1.94419358	     -2.28823803	    724.84702164	      7.34684036	     -8.96326481	      2.06894177	      0.40563410	     -8.22977148	     -0.22916065	     -0.09129192	      1.36729258	     -0.03716526	      1.07733612	     -0.03726146	     14.57340845	     -0.11740897	     -1.09231498	      0.00088873	     -0.00002812	      0.00005849	     -0.00044320	      0.00865042	      1.26379925	      1.30871323	     10.04643233	      0.10674507	     -1.12491345	     -0.19496620	     -0.29854782	      9.51228662	      0.43074458	     -1.02230170	     -0.03773854	     -0.03863025	     11.20279302	      0.80886798	     -0.81426171	     13.14709776	      1.19480348	     -0.57325349	     15.82805934	      1.66950370	     -0.27299045	      3.55829105	      3.00685595	      0.13008975	      0.05847301	     -1.14144983	     -0.13839611	      2.34089850	     -1.39033053	     -0.31872578	      1.26029591	      1.56894267	     -0.00299403	      0.02107090	      0.05715840	     -0.09533812	     -0.05316694	     -0.18645481
      2.25420000	     -0.05243393	    -64.36523213	     -1.13684398	     -2.21277416	    725.95502743	      3.29414002	     -8.69231617	      2.02839399	      0.38869110	     -8.02764684	     -0.28620141	     -0.02678075	      1.25360396	     -0.03730537	      1.02065396	     -0.03741702	     14.22833250	      0.53159037	     -0.20088755	      0.00088731	     -0.00004013	      0.00006818	     -0.00040488	      0.00866829	      1.28045412	      1.31275438	      9.80566480	      0.75011162	     -0.23252188	     -0.19866472	     -0.28820988	      9.38791789	      1.05339698	     -0.14257042	     -0.03908130	     -0.03921888	     11.17945323	      1.39811955	      0.04197195	     13.20984928	      1.73960657	      0.25110654	     15.98166052	      2.15680122	      0.50835685	      4.00971205	      2.48999635	      0.12278160	      0.15811813	     -1.16515502	     -0.15949432	      2.53780555	     -1.59981765	     -0.46196722	      1.26909802	      1.63911187	     -0.00559928	      0.00725233	      0.05647072	     -0.09901669	     -0.06709813	     -0.19805211
      2.27114900	     -0.64138371	    -64.26371480	     -0.23956292	     -2.02545505	    726.33813160	     -0.78067524	     -8.31817608	      1.97051781	      0.35246341	     -7.79500809	     -0.33169406	      0.04038562	      1.10602807	     -0.03746448	      0.95847765	     -0.03752976	     13.88730286	      1.11408273	      0.76710404	      0.00088451	     -0.00005211	      0.00007801	     -0.00036201	      0.00867711	      1.30082760	      1.31661560	      9.56200321	      1.33243587	      0.73632893	     -0.20323378	     -0.27801371	      9.24837400	      1.62015523	      0.81369336	     -0.04078649	     -0.03990486	     11.12729946	      1.93568900	      0.97506867	     13.23125215	      2.23614975	      1.15274261	     16.07997702	      2.59856002	      1.36764256	      4.30680445	      1.93651035	      0.11312361	      0.31541588	     -1.18984233	     -0.18443855	      2.65384532	     -1.80106837	     -0.58601679	      1.30636636	      1.68328748	     -0.00861954	     -0.00417796	      0.05739421	     -0.10645357	     -0.07734404	     -0.20669263
      2.28809800	     -1.09742820	    -63.96252746	      0.63505208	     -1.69692458	    725.97890613	     -4.42801258	     -7.89036882	      1.90630324	      0.29947978	     -7.55224777	     -0.35612187	      0.10939332	      0.94343912	     -0.03762256	      0.89717661	     -0.03759763	     13.56470166	      1.60575538	      1.69833092	      0.00088058	     -0.00006260	      0.00008673	     -0.00031818	      0.00867650	      1.32266824	      1.32003533	      9.31867130	      1.82682573	      1.66895290	     -0.20834005	     -0.26852371	      9.08493450	      2.10265211	      1.73499486	     -0.04265626	     -0.04063374	     11.02756140	      2.39297166	      1.87536645	     13.18415539	      2.65664904	      2.02465984	     16.08706947	      2.96883829	      2.20152955	      4.37130900	      1.41502504	      0.10298106	      0.50056934	     -1.21545771	     -0.21126434	      2.68216822	     -1.96948633	     -0.67660825	      1.36295410	      1.69952388	     -0.01163246	     -0.01248811	      0.05940004	     -0.11633507	     -0.08283460	     -0.21102888
      2.30504700	     -1.40270632	    -63.51948705	      1.37245686	     -1.24648760	    724.87482119	     -7.27355155	     -7.46161661	      1.84525671	      0.23313651	     -7.31885452	     -0.35212648	      0.17694180	      0.78530972	     -0.03775651	      0.84310662	     -0.03761930	     13.26724023	      1.98605397	      2.47932022	      0.00087582	     -0.00007024	      0.00009313	     -0.00027739	      0.00866603	      1.34365271	      1.32283405	      9.07460358	      2.21096148	      2.45225990	     -0.21363338	     -0.26022841	      8.88855215	      2.47804380	      2.50952530	     -0.04449326	     -0.04135697	     10.86483421	      2.74786280	      2.63319034	     13.04807213	      2.98078187	      2.76019477	     15.97720620	      3.25028828	      2.90743063	      4.15853997	      1.00384007	      0.09460986	      0.68209096	     -1.24707199	     -0.23893499	      2.62801913	     -2.09498743	     -0.72716029	      1.42796854	      1.68651056	     -0.01424933	     -0.01742012	      0.06162206	     -0.12729769	     -0.08386370	     -0.21036462
      2.32199600	     -1.53954432	    -62.99931832	      1.87719829	     -0.72036217	    723.02717885	     -9.06820149	     -7.07912357	      1.79350417	      0.15783870	     -7.10999317	     -0.31532239	      0.23786102	      0.64851158	     -0.03784307	      0.80127911	     -0.03759437	     12.99234463	      2.23485579	      3.01456460	      0.00087048	     -0.00007392	      0.00009620	     -0.00024332	      0.00864518	      1.36169471	      1.32496832	      8.82376355	      2.46334772	      2.99088830	     -0.21877072	     -0.25343789	      8.65002618	      2.72480734	      3.04304240	     -0.04612947	     -0.04204345	     10.62787526	      2.98020932	      3.15629663	     12.81045144	      3.19091011	      3.26989928	     15.73659880	      3.42915993	      3.39967387	      3.66022339	      0.78186048	      0.09031096	      0.83386175	     -1.29335193	     -0.26729804	      2.50548934	     -2.17749173	     -0.73764832	      1.49146601	      1.64454223	     -0.01616437	     -0.01905575	      0.06310252	     -0.13821590	     -0.08160583	     -0.20466891
      2.33894500	     -1.49180771	    -62.46260484	      2.09282884	     -0.17073967	    720.44478629	     -9.70452213	     -6.77705741	      1.75310467	      0.07881381	     -6.93450420	     -0.24581354	      0.28597508	      0.54462391	     -0.03786228	      0.77430420	     -0.03752422	     12.72895431	      2.33114988	      3.24431087	      0.00086475	     -0.00007302	      0.00009531	     -0.00021860	      0.00861341	      1.37525094	      1.32654180	      8.55586550	      2.56156571	      3.22499983	     -0.22342019	     -0.24824695	      8.36050836	      2.82050854	      3.27640261	     -0.04745182	     -0.04268240	     10.30979526	      3.06915489	      3.38695796	     12.46652115	      3.26906991	      3.49805546	     15.36283079	      3.49190348	      3.62529242	      2.89831365	      0.81959311	      0.09210330	      0.94028517	     -1.36236336	     -0.29643279	      2.33361776	     -2.22054584	     -0.71223974	      1.54671724	      1.57624297	     -0.01717815	     -0.01766912	      0.06310375	     -0.14834878	     -0.07748271	     -0.19446790
      2.35589400	     -1.24997849	    -61.95711004	      2.01428567	      0.35448488	    717.16244552	     -9.19778243	     -6.57208208	      1.72259239	      0.00131034	     -6.79523210	     -0.14983377	      0.31498481	      0.47845738	     -0.03780097	      0.76212768	     -0.03741304	     12.46162782	      2.25511684	      3.15700999	      0.00085869	     -0.00006745	      0.00009034	     -0.00020446	      0.00857032	      1.38354877	      1.32775259	      8.25937988	      2.48430151	      3.14269551	     -0.22724796	     -0.24459413	      8.01329001	      2.74365933	      3.19778558	     -0.04841746	     -0.04327552	      9.90869924	      2.99472018	      3.31386851	     12.01888164	      3.19818463	      3.43416021	     14.86333205	      3.42587967	      3.57496956	      1.91462468	      1.17054413	      0.10144297	      0.99802912	     -1.45610572	     -0.32560568	      2.13272592	     -2.22599652	     -0.65679631	      1.59137534	      1.48690700	     -0.01719977	     -0.01361707	      0.06139741	     -0.15731440	     -0.07259493	     -0.18071160
      2.37284300	     -0.81835604	    -61.51369695	      1.68788768	      0.81354760	    713.26789587	     -7.64427388	     -6.46344071	      1.69836964	     -0.07037121	     -6.69156927	     -0.04067210	      0.31919871	      0.44829531	     -0.03765509	      0.76274826	     -0.03726819	     12.17747696	      1.99338780	      2.79101441	      0.00085237	     -0.00005773	      0.00008171	     -0.00020095	      0.00851610	      1.38663953	      1.32878008	      7.92675690	      2.21684570	      2.78170364	     -0.22991744	     -0.24239920	      7.60728480	      2.47927425	      2.84432984	     -0.04905174	     -0.04382035	      9.42964400	      2.74316112	      2.97366454	     11.47812569	      2.96700658	      3.11427536	     14.25462737	      3.22366062	      3.28415487	      0.76251380	      1.86328843	      0.11899958	      1.01392966	     -1.56641396	     -0.35235868	      1.92184995	     -2.19162692	     -0.57717348	      1.62709164	      1.38452221	     -0.01624489	     -0.00729314	      0.05841856	     -0.16492884	     -0.06736448	     -0.16468695
      2.38979200	     -0.22194499	    -61.14778597	      1.19855901	      1.16823768	    708.92950118	     -5.17769648	     -6.43762458	      1.67640927	     -0.13337538	     -6.62308888	      0.06179446	      0.29413860	      0.44778089	     -0.03743031	      0.77361855	     -0.03709974	     11.87409638	      1.54611814	      2.22402306	      0.00084586	     -0.00004491	      0.00007036	     -0.00020749	      0.00845185	      1.38524910	      1.32965380	      7.56071200	      1.75852240	      2.21888701	     -0.23112917	     -0.24171511	      7.15174126	      2.02642229	      2.29174718	     -0.04942746	     -0.04429225	      8.88804237	      2.31429915	      2.44064265	     10.86511895	      2.57693819	      2.61085116	     13.56350736	      2.88906147	      2.82299164	     -0.49524436	      2.89477945	      0.14452656	      1.00002951	     -1.67459158	     -0.37228816	      1.71758196	     -2.11237334	     -0.47883220	      1.65766365	      1.27939694	     -0.01444388	      0.00087385	      0.05519519	     -0.17099723	     -0.06147638	     -0.14798603
      2.40674100	      0.48996273	    -60.86536681	      0.64891929	      1.38092638	    704.41521777	     -1.94405631	     -6.47583297	      1.65377348	     -0.18613662	     -6.59253566	      0.13343361	      0.23719575	      0.46875601	     -0.03714115	      0.79306508	     -0.03691933	     11.56551791	      0.93346655	      1.55415103	      0.00083942	     -0.00003040	      0.00005754	     -0.00022360	      0.00837999	      1.38049535	      1.33017929	      7.17926156	      1.12944807	      1.55145787	     -0.23070037	     -0.24280648	      6.67049196	      1.40502461	      1.63577376	     -0.04963355	     -0.04463554	      8.31332764	      1.72800597	      1.80848272	     10.21417010	      2.04792121	      2.01476929	     12.82974866	      2.44214882	      2.27872354	     -1.78182104	      4.22513307	      0.17683474	      0.96792582	     -1.75548776	     -0.37980791	      1.53399063	     -1.98426919	     -0.36760440	      1.68649346	      1.18320165	     -0.01205961	      0.01042004	      0.05304744	     -0.17516373	     -0.05412659	     -0.13248466
      2.42369000	      1.24620738	    -60.67037786	      0.13758291	      1.41700660	    700.09088951	      1.89302669	     -6.56131321	      1.62961289	     -0.22786150	     -6.60643283	      0.15032789	      0.14842610	      0.50404368	     -0.03680909	      0.82101869	     -0.03673887	     11.28337841	      0.19858267	      0.87944094	      0.00083352	     -0.00001579	      0.00004471	     -0.00024931	      0.00830457	      1.37358668	      1.32998402	      6.81703545	      0.37347731	      0.87672760	     -0.22865197	     -0.24608092	      6.20350463	      0.65857418	      0.97222576	     -0.04974489	     -0.04477225	      7.75079132	      1.02646598	      1.17064832	      9.57511146	      1.42007435	      1.41615870	     12.10847126	      1.92004956	      1.73698356	     -2.99855200	      5.77365940	      0.21379911	      0.92488213	     -1.78477086	     -0.36978092	      1.38298634	     -1.80927099	     -0.25092474	      1.71454545	      1.10735489	     -0.00949979	      0.02087272	      0.05315542	     -0.17690495	     -0.04448958	     -0.12026014
      2.44063900	      1.96334383	    -60.56987921	     -0.25699553	      1.25627032	    696.38929268	      6.12046228	     -6.68400521	      1.60555830	     -0.25794802	     -6.67257793	      0.09512399	      0.03141482	      0.54926942	     -0.03645996	      0.85867405	     -0.03656988	     11.07207387	     -0.59496769	      0.28188464	      0.00082883	     -0.00000270	      0.00003337	     -0.00028514	      0.00823123	      1.36558604	      1.32868530	      6.52150848	     -0.44482108	      0.27643588	     -0.22525887	     -0.25185906	      5.80412136	     -0.14939515	      0.38163858	     -0.04980267	     -0.04462844	      7.25968579	      0.27013257	      0.60535417	      9.01211338	      0.74916643	      0.88976785	     11.46964340	      1.37190087	      1.26762383	     -4.02001945	      7.41717260	      0.25234725	      0.87323622	     -1.74674353	     -0.33949923	      1.27457889	     -1.59884427	     -0.13865896	      1.73978572	      1.06091865	     -0.00729757	      0.03179317	      0.05615500	     -0.17568627	     -0.03226509	     -0.11337785
      2.45758800	      2.56099629	    -60.57484744	     -0.48395242	      0.90967087	    693.75102596	     10.43659489	     -6.84116877	      1.58562542	     -0.27549561	     -6.79525757	     -0.03616014	     -0.10609206	      0.60319997	     -0.03612128	      0.90719619	     -0.03642376	     10.97884284	     -1.37161648	     -0.18080415	      0.00082620	      0.00000743	      0.00002488	     -0.00033162	      0.00816691	      1.35727266	      1.32611772	      6.34453573	     -1.24918790	     -0.19120761	     -0.22102831	     -0.26005452	      5.53172229	     -0.94482476	     -0.07845836	     -0.04980826	     -0.04416991	      6.90671104	     -0.47204891	      0.16809401	      8.59781784	      0.09679443	      0.48782773	     10.99275688	      0.84914120	      0.91797577	     -4.69790368	      8.99405314	      0.28850335	      0.81293142	     -1.63986852	     -0.29027410	      1.21674667	     -1.37468086	     -0.04285574	      1.75830701	      1.04837626	     -0.00603856	      0.04278556	      0.06189845	     -0.17121821	     -0.01814537	     -0.11350686
      2.47453700	      2.97889106	    -60.69611582	     -0.51921806	      0.43274466	    692.54827165	     14.42961652	     -7.03406853	      1.57568077	     -0.27911247	     -6.97005584	     -0.22955073	     -0.25232840	      0.66660637	     -0.03582020	      0.96602165	     -0.03631265	     11.04148125	     -2.05635697	     -0.47581003	      0.00082642	      0.00001338	      0.00002036	     -0.00038854	      0.00811917	      1.34910209	      1.32252640	      6.33112207	     -1.96463525	     -0.49205686	     -0.21660242	     -0.26990325	      5.44096909	     -1.65618532	     -0.37399908	     -0.04972881	     -0.04343276	      6.75536852	     -1.13538233	     -0.10867802	      8.40271236	     -0.48171682	      0.23997130	     10.75603302	      0.39438660	      0.71311383	     -4.87749333	     10.31755349	      0.31762075	      0.74540223	     -1.47821703	     -0.22800388	      1.21489558	     -1.16611962	      0.02370932	      1.76644119	      1.06780900	     -0.00623750	      0.05339633	      0.06943853	     -0.16369382	     -0.00404353	     -0.12138988
      2.49148600	      3.19015399	    -60.93712139	     -0.36051776	     -0.07159481	    693.00936432	     17.59357813	     -7.26226096	      1.58230075	     -0.26723642	     -7.18046851	     -0.45344407	     -0.39273382	      0.74022518	     -0.03558232	      1.03154289	     -0.03625031	     11.27714663	     -2.58814978	     -0.59164329	      0.00083014	      0.00001432	      0.00002060	     -0.00045410	      0.00809528	      1.34124611	      1.31863405	      6.50822786	     -2.53086434	     -0.61261609	     -0.21262247	     -0.27989331	      5.56990450	     -2.22744733	     -0.49107542	     -0.04950999	     -0.04253358	      6.85309819	     -1.67145061	     -0.21222400	      8.48139439	     -0.94804640	      0.15669835	     10.82158305	      0.03245320	      0.65963537	     -4.42623242	     11.19841452	      0.33487038	      0.67640716	     -1.28850316	     -0.16243293	      1.27106078	     -1.00496698	      0.04980154	      1.76267938	      1.11010527	     -0.00820046	      0.06286596	      0.07721797	     -0.15388627	      0.00704858	     -0.13629137
      2.50843500	      3.20635095	    -61.28667416	     -0.02345935	     -0.46365239	    695.16509066	     19.39185753	     -7.51812104	      1.61092783	     -0.23896793	     -7.39813465	     -0.66490541	     -0.51201224	      0.82275158	     -0.03543070	      1.09688125	     -0.03625215	     11.67576843	     -2.93026844	     -0.53499263	      0.00083763	      0.00000987	      0.00002590	     -0.00052434	      0.00810106	      1.33368299	      1.31553389	      6.87684600	     -2.91231557	     -0.55724832	     -0.20960866	     -0.28798104	      5.93010713	     -2.62730360	     -0.43337874	     -0.04909124	     -0.04165100	      7.21954092	     -2.05601986	     -0.14701652	      8.85924927	     -1.28713933	      0.23197250	     11.22029408	     -0.23377014	      0.74858577	     -3.26801724	     11.47340578	      0.33596215	      0.61602032	     -1.10360320	     -0.10520861	      1.38307507	     -0.91892546	      0.02817668	      1.74840749	      1.15986410	     -0.01192649	      0.06981611	      0.08340629	     -0.14303692	      0.01163224	     -0.15566066
      2.52538400	      3.07220979	    -61.71463025	      0.45838015	     -0.59109817	    698.83485441	     19.36095857	     -7.78423317	      1.66387227	     -0.19499528	     -7.58716212	     -0.82059278	     -0.59644474	      0.90974487	     -0.03538437	      1.15298727	     -0.03633341	     12.20087699	     -3.07455107	     -0.33059773	      0.00084866	      0.00000021	      0.00003599	     -0.00059308	      0.00813982	      1.32630967	      1.31443543	      7.41036815	     -3.10197352	     -0.34849920	     -0.20788591	     -0.29206138	      6.50238957	     -2.85202904	     -0.22276152	     -0.04842162	     -0.04098247	      7.83998416	     -2.29056299	      0.06468224	      9.52411854	     -1.50715662	      0.44276954	     11.94160942	     -0.42126078	      0.95539790	     -1.41303761	     11.03522841	      0.31801696	      0.57548277	     -0.95438628	     -0.06719838	      1.54386362	     -0.92496902	     -0.04242443	      1.72714828	      1.19839340	     -0.01709315	      0.07210569	      0.08630939	     -0.13255171	      0.00663360	     -0.17530737
      2.54233300	      2.85108162	    -62.17262021	      1.03049458	     -0.32456848	    703.66073865	     17.22471012	     -8.03508810	      1.73941959	     -0.13780472	     -7.71136891	     -0.88880076	     -0.63579500	      0.99390822	     -0.03545570	      1.19069450	     -0.03650568	     12.79812997	     -3.03840936	     -0.02324082	      0.00086249	     -0.00001385	      0.00004994	     -0.00065254	      0.00821136	      1.31905110	      1.31634955	      8.06025150	     -3.11786640	     -0.02953008	     -0.20755163	     -0.29054862	      7.23995465	     -2.92112338	      0.09820152	     -0.04747650	     -0.04069157	      8.66673983	     -2.39685556	      0.38036364	     10.42639663	     -1.63292401	      0.74683442	     12.93239002	     -0.55887713	      1.23808775	      1.02791100	      9.85891200	      0.28044027	      0.56224308	     -0.86231290	     -0.05584914	      1.74079883	     -1.02388360	     -0.15619069	      1.70276880	      1.20854794	     -0.02313199	      0.06715263	      0.08475333	     -0.12361597	     -0.00953690	     -0.19028335
      2.55928200	      2.60520146	    -62.60176522	      1.61555327	      0.40264111	    709.18186250	     12.97537852	     -8.24253680	      1.83275521	     -0.07083237	     -7.74230023	     -0.85863993	     -0.62432653	      1.06661190	     -0.03564713	      1.20296328	     -0.03677255	     13.40778464	     -2.85554977	      0.32157371	      0.00087791	     -0.00003085	      0.00006619	     -0.00069451	      0.00831153	      1.31193874	      1.32181210	      8.76630399	     -2.99325887	      0.33486047	     -0.20847358	     -0.28288127	      8.07738765	     -2.86687902	      0.46519858	     -0.04627224	     -0.04086426	      9.62765672	     -2.40599188	      0.73645310	     11.48740436	     -1.69446422	      1.08208872	     14.10538803	     -0.67534676	      1.53699273	      3.85281014	      8.01904093	      0.22556499	      0.57559715	     -0.83524417	     -0.07348526	      1.95490674	     -1.19722111	     -0.30027819	      1.67760267	      1.18018226	     -0.02935869	      0.05285679	      0.07832961	     -0.11688455	     -0.03616307	     -0.19635370
      2.57623100	      2.37678854	    -62.94742342	      2.11657259	      1.56330831	    714.92542693	      6.88915309	     -8.38258901	      1.93778422	      0.00259302	     -7.66589568	     -0.74386217	     -0.56095814	      1.12001354	     -0.03594838	      1.18657630	     -0.03712601	     13.97512923	     -2.56315394	      0.62181014	      0.00089341	     -0.00004884	      0.00008270	     -0.00071198	      0.00843245	      1.30513839	      1.33071639	      9.46647460	     -2.76336720	      0.66223955	     -0.21032023	     -0.26979884	      8.94101391	     -2.72080696	      0.79624796	     -0.04487266	     -0.04148700	     10.63764789	     -2.34482312	      1.05251718	     12.61215907	     -1.71365328	      1.37090461	     15.35368086	     -0.78631512	      1.77904080	      6.80186063	      5.69173798	      0.15878673	      0.60526144	     -0.86776086	     -0.11710156	      2.16029632	     -1.40867223	     -0.45621627	      1.65143982	      1.11408571	     -0.03510784	      0.02884973	      0.06743306	     -0.11236839	     -0.07004170	     -0.19154838
      2.59318000	      2.17626400	    -63.17661698	      2.42715240	      3.02669289	    720.48191076	     -0.52682486	     -8.44084883	      2.04846585	      0.07952476	     -7.48627824	     -0.58042189	     -0.44889231	      1.14896506	     -0.03633568	      1.14288640	     -0.03754509	     14.45522495	     -2.18951651	      0.78926768	      0.00090742	     -0.00006565	      0.00009728	     -0.00070065	      0.00856337	      1.29893201	      1.34227782	     10.10272043	     -2.45275000	      0.86290035	     -0.21262601	     -0.25330336	      9.75698771	     -2.50116027	      1.00208465	     -0.04338337	     -0.04245062	     11.60916161	     -2.22401516	      1.24158940	     13.70203428	     -1.69306634	      1.53019451	     16.56602171	     -0.88431493	      1.88735484	      9.60481986	      3.13655938	      0.08797714	      0.63380208	     -0.94536929	     -0.17957180	      2.32550393	     -1.61183197	     -0.60297648	      1.62183312	      1.02227502	     -0.03983507	     -0.00261517	      0.05310713	     -0.10954150	     -0.10616419	     -0.17707505
      2.61012900	      1.98233792	    -63.29002025	      2.44860575	      4.58030815	    725.53913386	     -8.62977665	     -8.41521888	      2.15936010	      0.15708011	     -7.22584914	     -0.41770972	     -0.29499582	      1.15212016	     -0.03677330	      1.07759523	     -0.03799710	     14.81344330	     -1.74675781	      0.74467358	      0.00091853	     -0.00007923	      0.00010792	     -0.00065993	      0.00869214	      1.29367118	      1.35512226	     10.62396868	     -2.06825076	      0.85516193	     -0.21488215	     -0.23627810	     10.45720898	     -2.20656660	      1.00142130	     -0.04193677	     -0.04357678	     12.46068033	     -2.03270095	      1.22512745	     14.66545820	     -1.61182496	      1.48581344	     17.64014408	     -0.93618627	      1.79471818	     12.02540927	      0.65772012	      0.02216704	      0.64195304	     -1.05049053	     -0.25172992	      2.41902310	     -1.76340480	     -0.72141282	      1.58547526	      0.92401255	     -0.04317128	     -0.03681826	      0.03676690	     -0.10760092	     -0.13907612	     -0.15705933
      2.62707800	      1.75595214	    -63.32042220	      2.11183479	      5.98237273	    729.87394312	    -16.73995636	     -8.31573306	      2.26566203	      0.23220561	     -6.92137965	     -0.30476404	     -0.10919153	      1.13197457	     -0.03721749	      0.99973181	     -0.03844160	     15.02656147	     -1.23263752	      0.43478363	      0.00092570	     -0.00008800	      0.00011317	     -0.00059318	      0.00880675	      1.28972497	      1.36749450	     10.99002483	     -1.60168180	      0.58287038	     -0.21663791	     -0.22180666	     10.98579117	     -1.81998672	      0.73837714	     -0.04067325	     -0.04465999	     13.12494997	     -1.74382863	      0.94997315	     15.42744641	     -1.43233421	      1.18876971	     18.49374919	     -0.89149675	      1.45860241	     13.88809809	     -1.44830417	     -0.03020941	      0.61470621	     -1.16785444	     -0.32463441	      2.41950874	     -1.83681698	     -0.79880946	      1.53995495	      0.83907451	     -0.04493665	     -0.06791067	      0.01989038	     -0.10577030	     -0.16437622	     -0.13713497
      2.64402700	      1.46538241	    -63.31435079	      1.39903750	      7.02524609	    733.32465555	    -24.21108176	     -8.16173581	      2.36285984	      0.30154561	     -6.61626927	     -0.27487298	      0.09595259	      1.09384348	     -0.03762243	      0.92002505	     -0.03883631	     15.08791528	     -0.64225938	     -0.15146939	      0.00092835	     -0.00009109	      0.00011234	     -0.00050716	      0.00889700	      1.28745236	      1.37758992	     11.17892517	     -1.04267183	      0.03197787	     -0.21759332	     -0.21233332	     11.30774095	     -1.32296123	      0.19897662	     -0.03972346	     -0.04551683	     13.55805172	     -1.32972786	      0.40437232	     15.93865012	     -1.11703887	      0.63052096	     19.07337687	     -0.70065014	      0.87536696	     15.08179090	     -2.94501962	     -0.06299756	      0.54594190	     -1.28760234	     -0.39134752	      2.32751942	     -1.83047208	     -0.83191979	      1.48516689	      0.78092045	     -0.04513913	     -0.09085638	      0.00377079	     -0.10354422	     -0.17982135	     -0.12248845
      2.66097600	      1.11312945	    -63.30249688	      0.35754875	      7.57795933	    735.77236066	    -30.46178847	     -7.97715900	      2.44643462	      0.36116616	     -6.35030770	     -0.33353248	      0.30559447	      1.04415921	     -0.03794756	      0.84894472	     -0.03914377	     15.01528097	      0.01511097	     -0.97182615	      0.00092647	     -0.00008855	      0.00010567	     -0.00041109	      0.00895575	      1.28720653	      1.38396765	     11.19579364	     -0.39613375	     -0.75807239	     -0.21765877	     -0.20890893	     11.41772292	     -0.71383617	     -0.57755130	     -0.03919388	     -0.04603163	     13.74733339	     -0.78100498	     -0.37105397	     16.18216163	     -0.64791530	     -0.14652546	     19.35969621	     -0.33506187	      0.09008719	     15.54601453	     -3.69354524	     -0.07342976	      0.44000227	     -1.40552904	     -0.44776952	      2.17270009	     -1.76861903	     -0.82746947	      1.42388464	      0.75186962	     -0.04397585	     -0.10307374	     -0.01060827	     -0.10080835	     -0.18579092	     -0.11616391
      2.67792500	      0.75124887	    -63.27344625	     -0.90158969	      7.58933609	    737.14220521	    -34.97926870	     -7.78552582	      2.51219645	      0.40629643	     -6.15001753	     -0.45472653	      0.50332255	      0.98881308	     -0.03816460	      0.79484301	     -0.03933708	     14.85530095	      0.70266281	     -1.92997240	      0.00092058	     -0.00008123	      0.00009421	     -0.00031566	      0.00897968	      1.28933113	      1.38592429	     11.07718050	      0.30450725	     -1.69362756	     -0.21696558	     -0.21081504	     11.34347088	     -0.02085788	     -1.49813252	     -0.03915516	     -0.04618434	     13.71354219	     -0.11954892	     -1.28277548	     16.17420733	     -0.03948201	     -1.04858298	     19.36627799	      0.19974757	     -0.80310336	     15.25315829	     -3.66645901	     -0.06236852	      0.30981256	     -1.52110085	     -0.49249317	      2.01032021	     -1.69657459	     -0.79994275	      1.36132507	      0.74141633	     -0.04182953	     -0.10506341	     -0.02257816	     -0.09782030	     -0.18509308	     -0.11820957
      2.69487400	      0.47553618	    -63.16654940	     -2.22258642	      7.06064564	    737.41500327	    -37.31881625	     -7.60642430	      2.55727286	      0.43145602	     -6.02345863	     -0.58830559	      0.67238705	      0.93220831	     -0.03826176	      0.76266698	     -0.03940370	     14.67787992	      1.35334705	     -2.88904692	      0.00091168	     -0.00007067	      0.00007965	     -0.00023199	      0.00896934	      1.29409690	      1.38367662	     10.88511751	      0.99509048	     -2.64039406	     -0.21583381	     -0.21576884	     11.13910330	      0.69605239	     -2.42945547	     -0.03963121	     -0.04604939	     13.50340999	      0.59998963	     -2.19790590	     15.95590929	      0.65982599	     -1.94384919	     19.13010551	      0.86279351	     -1.67400138	     14.20042142	     -2.93678807	     -0.03368188	      0.17247467	     -1.63464072	     -0.52602908	      1.90488500	     -1.67195496	     -0.76711985	      1.30384178	      0.72851227	     -0.03923594	     -0.09978444	     -0.03172558	     -0.09507779	     -0.18213661	     -0.12586735
      2.71182300	      0.39858003	    -62.89119984	     -3.43629125	      6.01241209	    736.63418408	    -37.12210187	     -7.45433215	      2.58116685	      0.43115669	     -5.96214344	     -0.67705891	      0.79744872	      0.87727756	     -0.03824413	      0.75357801	     -0.03934652	     14.55932318	      1.88036483	     -3.69784045	      0.00090112	     -0.00005876	      0.00006400	     -0.00017067	      0.00892872	      1.30156107	      1.37825935	     10.69051615	      1.59124864	     -3.44948734	     -0.21471846	     -0.22069416	     10.86882814	      1.35576064	     -3.22398276	     -0.04058811	     -0.04576457	     13.17385365	      1.30042125	     -2.97012246	     15.57786710	      1.37747708	     -2.68813604	     18.69626686	      1.58692782	     -2.38144648	     12.41725965	     -1.64925683	      0.00699095	      0.04409273	     -1.74493324	     -0.54983554	      1.90506370	     -1.75147896	     -0.74440655	      1.25717115	      0.68818530	     -0.03680448	     -0.09108058	     -0.03783198	     -0.09312560	     -0.18153757	     -0.13465518
      2.72877200	      0.61097881	    -62.36648135	     -4.39412950	      4.46890063	    734.90237035	    -34.16533787	     -7.33954525	      2.58621334	      0.40115678	     -5.94971912	     -0.67789686	      0.86682463	      0.82625308	     -0.03813051	      0.76556187	     -0.03918201	     14.56014862	      2.19796222	     -4.22274269	      0.00089044	     -0.00004743	      0.00004929	     -0.00014056	      0.00886441	      1.31138158	      1.37115268	     10.55217364	      2.00835076	     -3.98888273	     -0.21415257	     -0.22282051	     10.58757210	      1.87478747	     -3.75126264	     -0.04192449	     -0.04547973	     12.77444088	      1.89970526	     -3.47093485	     15.08428484	      2.03330039	     -3.15592460	     18.10368698	      2.29392240	     -2.80401414	      9.98438742	      0.01413126	      0.05364434	     -0.06427622	     -1.84779115	     -0.56541554	      2.02019944	     -1.97277235	     -0.73943181	      1.22485963	      0.60131075	     -0.03509626	     -0.08189123	     -0.04083958	     -0.09236258	     -0.18642046	     -0.13992581
      2.74572100	      1.14507013	    -61.56332135	     -4.99460779	      2.47224386	    732.37232875	    -28.43288705	     -7.26995493	      2.57704123	      0.34005231	     -5.97325837	     -0.57936917	      0.87493741	      0.78163675	     -0.03794784	      0.79471676	     -0.03893590	     14.70766141	      2.24530611	     -4.37639156	      0.00088111	     -0.00003838	      0.00003728	     -0.00014757	      0.00878455	      1.32267206	      1.36377361	     10.50110639	      2.18366099	     -4.17130927	     -0.21469121	     -0.22072614	     10.32781787	      2.18749103	     -3.92558888	     -0.04347025	     -0.04530252	     12.33693672	      2.32921029	     -3.61734568	     14.50503522	      2.55594118	     -3.26792910	     17.37987971	      2.90901236	     -2.86746409	      7.05349229	      1.86301190	      0.10100982	     -0.14818892	     -1.93560994	     -0.57358184	      2.21037768	     -2.33370850	     -0.74848389	      1.20749659	      0.46445510	     -0.03449376	     -0.07308674	     -0.04082170	     -0.09290838	     -0.19691141	     -0.13838403
      2.76267000	      1.95511611	    -60.52752316	     -5.19621470	      0.11883948	    729.24127332	    -20.19726531	     -7.25196076	      2.55921383	      0.25065565	     -6.03050234	     -0.40814010	      0.82397803	      0.74670070	     -0.03772517	      0.83650630	     -0.03863781	     14.99180526	      2.00487457	     -4.13538896	      0.00087434	     -0.00003288	      0.00002928	     -0.00019343	      0.00869787	      1.33402308	      1.35706030	     10.53792401	      2.09282619	     -3.97127259	     -0.21683721	     -0.21490096	     10.09943873	      2.26053035	     -3.72273893	     -0.04500429	     -0.04526304	     11.87784092	      2.54639303	     -3.38851804	     13.86078872	      2.89401636	     -3.00765670	     16.54900848	      3.37056024	     -2.56124184	      3.85481136	      3.71677867	      0.14506503	     -0.20850709	     -1.99791032	     -0.57403488	      2.39786600	     -2.77709051	     -0.75617427	      1.20311266	      0.29568954	     -0.03511370	     -0.06344826	     -0.03792941	     -0.09457982	     -0.20946213	     -0.12912276
      2.77961900	      2.92195138	    -59.37146403	     -5.01594725	     -2.40871409	    725.75308348	    -10.07466608	     -7.28941162	      2.53780046	      0.14040426	     -6.12822103	     -0.22067776	      0.72356841	      0.72505970	     -0.03748892	      0.88628778	     -0.03831643	     15.37552232	      1.50945465	     -3.54293741	      0.00087086	     -0.00003167	      0.00002605	     -0.00027505	      0.00861266	      1.34377389	      1.35136012	     10.64373582	      1.75601386	     -3.42749921	     -0.22092641	     -0.20754831	      9.90203807	      2.09832899	     -3.18214776	     -0.04629662	     -0.04531545	     11.41245402	      2.53991197	     -2.82763808	     13.17886207	      3.02114086	     -2.42292037	     15.64990485	      3.63522608	     -1.93962603	      0.68363151	      5.41345087	      0.18297459	     -0.24786511	     -2.02300331	     -0.56550181	      2.49839320	     -3.19236440	     -0.73923782	      1.20863347	      0.13280654	     -0.03679961	     -0.05072064	     -0.03233314	     -0.09700013	     -0.21754811	     -0.11390789
      2.79656800	      3.88073719	    -58.24011382	     -4.51686999	     -4.84507155	    722.20041682	      0.97931756	     -7.38080240	      2.51660648	      0.02039291	     -6.27286362	     -0.08304835	      0.58815041	      0.71934480	     -0.03726078	      0.93904386	     -0.03799664	     15.81206470	      0.83640544	     -2.69626124	      0.00087089	     -0.00003492	      0.00002776	     -0.00038448	      0.00853612	      1.35047724	      1.34664952	     10.79661218	      1.23343899	     -2.63097019	     -0.22699057	     -0.20169897	      9.74102673	      1.74042703	     -2.39475841	     -0.04716575	     -0.04537549	     10.97084065	      2.32904152	     -2.02912672	     12.50932955	      2.93748586	     -1.61231367	     14.75259901	      3.68208032	     -1.10726491	     -2.13557654	      6.81445724	      0.21273168	     -0.26648412	     -2.00084274	     -0.54656158	      2.45911194	     -3.44296773	     -0.67430198	      1.22174816	      0.02280741	     -0.03919640	     -0.03312047	     -0.02421474	     -0.09980768	     -0.21381859	     -0.09662656
      2.81351700	      4.66201566	    -57.27059698	     -3.78975246	     -6.89356161	    718.91017385	     11.75998295	     -7.51619205	      2.49808541	     -0.09660145	     -6.46027507	     -0.04773139	      0.43323433	      0.72953956	     -0.03705797	      0.98896993	     -0.03769890	     16.25800836	      0.09169397	     -1.72254310	      0.00087406	     -0.00004219	      0.00003399	     -0.00050969	      0.00847387	      1.35335902	      1.34288663	     10.98218193	      0.61288329	     -1.70221688	     -0.23466935	     -0.20007651	      9.63552217	      1.25332363	     -1.48028374	     -0.04752851	     -0.04537019	     10.60318412	      1.95987368	     -1.11505055	     11.92830078	      2.67016658	     -0.70060747	     13.95954050	      3.51767604	     -0.19316080	     -4.30052741	      7.80986469	      0.23281035	     -0.25933868	     -1.92668437	     -0.51692525	      2.28351161	     -3.41589611	     -0.54782193	      1.24224967	      0.00527868	     -0.04187530	     -0.01049973	     -0.01384647	     -0.10286991	     -0.19309259	     -0.08202357
      2.83046600	      5.13243398	    -56.56454538	     -2.93384205	     -8.30855148	    716.20405926	     20.99127363	     -7.67586920	      2.48339480	     -0.19821438	     -6.67183165	     -0.13730083	      0.27230634	      0.75183944	     -0.03689475	      1.02973097	     -0.03744008	     16.67547616	     -0.61147116	     -0.75038749	      0.00087954	     -0.00005252	      0.00004373	     -0.00063621	      0.00842966	      1.35255609	      1.34022560	     11.19192288	     -0.00708329	     -0.76444412	     -0.24324068	     -0.20424910	      9.61166416	      0.71914064	     -0.56046341	     -0.04742009	     -0.04526933	     10.36818185	      1.49925241	     -0.20761422	     11.52204572	      2.27209089	      0.18968843	     13.38521091	      3.18025187	      0.67916318	     -5.58500165	      8.32617997	      0.24205877	     -0.21620621	     -1.80444056	     -0.47859024	      2.02926195	     -3.07455617	     -0.36478312	      1.27211706	      0.09578961	     -0.04445977	      0.01535179	     -0.00172832	     -0.10638909	     -0.15507540	     -0.07410411
      2.84741500	      5.22304758	    -56.17992696	     -2.04129859	     -8.97081267	    714.34389735	     27.55555097	     -7.83219657	      2.47223776	     -0.27408866	     -6.87932282	     -0.34013038	      0.11554130	      0.77874429	     -0.03678323	      1.05560819	     -0.03723397	     17.02668823	     -1.17378876	      0.11457224	      0.00088625	     -0.00006453	      0.00005556	     -0.00074920	      0.00840527	      1.34903580	      1.33897040	     11.41280921	     -0.53437983	      0.07955145	     -0.25177108	     -0.21435443	      9.68593367	      0.22274044	      0.26376592	     -0.04697643	     -0.04508555	     10.31010753	      1.02597819	      0.59401900	     11.35854845	      1.81686791	      0.96192563	     13.12179486	      2.73855441	      1.41599694	     -5.88071448	      8.33644561	      0.23992472	     -0.12485818	     -1.64808512	     -0.43619975	      1.78119406	     -2.48771688	     -0.15213762	      1.31427924	      0.27679003	     -0.04670528	      0.04123367	      0.01131127	     -0.11083335	     -0.10558074	     -0.07477887
      2.86436400	      4.93842269	    -56.13493300	     -1.18831097	     -8.91918308	    713.48115396	     30.70809904	     -7.95457789	      2.46264099	     -0.31697972	     -7.05474927	     -0.61697018	     -0.02985556	      0.80055199	     -0.03673250	      1.06295879	     -0.03709060	     17.27052771	     -1.52586649	      0.80294328	      0.00089301	     -0.00007660	      0.00006782	     -0.00083587	      0.00840040	      1.34425865	      1.33936279	     11.61922764	     -0.89787256	      0.76022209	     -0.25932326	     -0.22932418	      9.85116744	     -0.16124492	      0.92484104	     -0.04638888	     -0.04485374	     10.43909234	      0.61899275	      1.22605108	     11.46272835	      1.38789529	      1.55729702	     13.20902211	      2.28170087	      1.96505609	     -5.21632369	      7.86942880	      0.22689532	      0.02378504	     -1.47973592	     -0.39623516	      1.61714586	     -1.81572574	      0.04579085	      1.37072405	      0.50092955	     -0.04850775	      0.06342780	      0.02415759	     -0.11671868	     -0.05552423	     -0.08328420
      2.88131300	      4.34670824	    -56.41257732	     -0.43272826	     -8.32341791	    713.62578480	     30.20894920	     -8.01620308	      2.45104102	     -0.32358035	     -7.17914358	     -0.91348521	     -0.15858380	      0.80783602	     -0.03674622	      1.05115991	     -0.03701416	     17.36882906	     -1.63624107	      1.28205391	      0.00089875	     -0.00008711	      0.00007885	     -0.00088741	      0.00841264	      1.33973329	      1.34138599	     11.77630129	     -1.05674290	      1.24233784	     -0.26514913	     -0.24735016	     10.07627459	     -0.37975967	      1.38943060	     -0.04584933	     -0.04460959	     10.72746713	      0.34382457	      1.66011092	     11.80981218	      1.06256929	      1.95383432	     13.62445185	      1.90072518	      2.31301761	     -3.74956761	      7.01224058	      0.20485160	      0.23066803	     -1.32434882	     -0.36523386	      1.58691668	     -1.25718554	      0.17951238	      1.44096227	      0.70592405	     -0.04985036	      0.07847385	      0.03563262	     -0.12434941	     -0.01788609	     -0.09657559
      2.89826200	      3.55677076	    -56.96113243	      0.18517315	     -7.40998423	    714.63921509	     26.34105947	     -8.00068719	      2.43289870	     -0.29510037	     -7.24672683	     -1.17373998	     -0.26632068	      0.79414514	     -0.03681947	      1.02258206	     -0.03700097	     17.30145189	     -1.51154722	      1.54796858	      0.00090268	     -0.00009473	      0.00008727	     -0.00090026	      0.00843770	      1.33661435	      1.34470461	     11.85450983	     -1.00423165	      1.51829537	     -0.26882245	     -0.26636642	     10.32047248	     -0.40958015	      1.65160131	     -0.04550353	     -0.04437987	     11.12379602	      0.23979268	      1.89530574	     12.33919740	      0.89516308	      2.15698464	     14.29727953	      1.66658154	      2.47398343	     -1.73599265	      5.90157462	      0.17704264	      0.48595210	     -1.20275241	     -0.34774465	      1.71174719	     -0.97933853	      0.21008989	      1.52162086	      0.83473712	     -0.05072899	      0.08366370	      0.04482338	     -0.13364462	     -0.00373541	     -0.11047145
      2.91521100	      2.69087341	    -57.69388043	      0.64288408	     -6.37063396	    716.24986312	     19.83060960	     -7.90685497	      2.40380498	     -0.23741340	     -7.26403101	     -1.35166823	     -0.34947882	      0.75813900	     -0.03693663	      0.98170619	     -0.03703860	     17.08137750	     -1.19128732	      1.61594388	      0.00090433	     -0.00009861	      0.00009218	     -0.00087628	      0.00846986	      1.33544569	      1.34874854	     11.84665730	     -0.76681787	      1.60002175	     -0.27029207	     -0.28443952	     10.55268641	     -0.26177579	      1.72460251	     -0.04542360	     -0.04418397	     11.57472209	      0.31046467	      1.94887983	     12.97843462	      0.90260194	      2.18881285	     15.13470575	      1.61078798	      2.47658428	      0.51681072	      4.70286987	      0.14757613	      0.76991822	     -1.12590338	     -0.34490838	      1.99483230	     -1.06050457	      0.12224411	      1.60727383	      0.85328081	     -0.05110384	      0.07738877	      0.05135611	     -0.14412441	     -0.01876770	     -0.12108151
      2.93216000	      1.86049058	    -58.49518026	      0.93893331	     -5.28818520	    718.08970959	     11.71245721	     -7.75055412	      2.36085925	     -0.16039023	     -7.24589602	     -1.41925905	     -0.40569833	      0.70458396	     -0.03707148	      0.93388893	     -0.03710710	     16.75985732	     -0.74003936	      1.51464107	      0.00090360	     -0.00009848	      0.00009330	     -0.00082201	      0.00850270	      1.33608559	      1.35285947	     11.77630195	     -0.40016991	      1.51425198	     -0.26985828	     -0.30004379	     10.76398446	      0.01806342	      1.63599428	     -0.04560274	     -0.04403748	     12.04121049	      0.51949451	      1.85047627	     13.66275353	      1.05680925	      2.08120416	     16.04499275	      1.71406513	      2.35569935	      2.69904816	      3.58163563	      0.12057538	      1.05713825	     -1.09283569	     -0.35426745	      2.42652312	     -1.46363683	     -0.07019157	      1.69197071	      0.76023119	     -0.05090300	      0.05951451	      0.05547044	     -0.15504417	     -0.06148938	     -0.12606063
      2.94910900	      1.15070754	    -59.23688494	      1.09805555	     -4.10881045	    719.75068489	      3.18078788	     -7.56295778	      2.30377442	     -0.07628260	     -7.21075891	     -1.37055023	     -0.43467391	      0.64389634	     -0.03719044	      0.88430721	     -0.03718235	     16.41685176	     -0.23872598	      1.28578938	      0.00090068	     -0.00009467	      0.00009089	     -0.00074734	      0.00853011	      1.33779908	      1.35640772	     11.69193608	      0.01772433	      1.30251016	     -0.26809350	     -0.31221526	     10.96615764	      0.35475458	      1.42743851	     -0.04596790	     -0.04395044	     12.50115356	      0.79391627	      1.64152290	     14.34108097	      1.28666673	      1.87484633	     16.94704793	      1.90699297	      2.15095693	      4.54364730	      2.67525194	      0.09933735	      1.32234655	     -1.09292061	     -0.37081306	      2.97523739	     -2.04683228	     -0.32807062	      1.77071069	      0.58715750	     -0.05006964	      0.03176580	      0.05785916	     -0.16560110	     -0.12349556	     -0.12534689
      2.96605800	      0.61560309	    -59.80270744	      1.17386294	     -2.67840155	    720.85365233	     -4.55685599	     -7.38525335	      2.23485484	      0.00234587	     -7.17678568	     -1.22085954	     -0.43882410	      0.59020657	     -0.03725881	      0.83734951	     -0.03724046	     16.13940287	      0.22503712	      0.98714481	      0.00089605	     -0.00008794	      0.00008570	     -0.00066379	      0.00854728	      1.33948072	      1.35884491	     11.64910784	      0.39693674	      1.02353044	     -0.26574155	     -0.32057510	     11.17813450	      0.65497411	      1.15695832	     -0.04640291	     -0.04392015	     12.93959616	      1.03677034	      1.37769059	     14.96945222	      1.49180379	      1.62207674	     17.76707108	      2.08517121	      1.91025157	      5.85985026	      2.07407002	      0.08582190	      1.54591490	     -1.11089606	     -0.38871099	      3.56984320	     -2.60702438	     -0.59808984	      1.84036017	      0.38964094	     -0.04862153	     -0.00212815	      0.05937029	     -0.17512566	     -0.19164733	     -0.12115403
      2.98300700	      0.28287146	    -60.11304303	      1.24332477	     -0.83698520	    721.11589141	    -10.42133164	     -7.26051429	      2.15751121	      0.06449748	     -7.15930247	     -1.00161844	     -0.42341108	      0.55831438	     -0.03724851	      0.79641273	     -0.03726228	     15.99644299	      0.56826958	      0.69325966	      0.00089040	     -0.00007932	      0.00007871	     -0.00058289	      0.00855159	      1.33995346	      1.35971623	     11.68897913	      0.65008670	      0.75285460	     -0.26362016	     -0.32523224	     11.40882434	      0.82552299	      0.89852645	     -0.04677515	     -0.04392508	     13.33539767	      1.14895687	      1.12930221	     15.50089472	      1.56766399	      1.38843228	     18.43167923	      2.13777245	      1.69297002	      6.55197964	      1.81628808	      0.08060679	      1.71718742	     -1.13203224	     -0.40291985	      4.09087029	     -2.94516948	     -0.82725966	      1.89990010	      0.23174260	     -0.04669156	     -0.03684736	      0.06072874	     -0.18319621	     -0.25148434	     -0.11715700
      2.99995600	      0.16239288	    -60.14113299	      1.39018320	      1.46720656	    720.40341608	    -13.59857724	     -7.22468639	      2.07416583	      0.10221251	     -7.16933999	     -0.75216553	     -0.39591902	      0.56030677	     -0.03714509	      0.76389154	     -0.03723655	     16.02093139	      0.72537051	      0.48801414	      0.00088453	     -0.00006992	      0.00007100	     -0.00051468	      0.00854289	      1.33826724	      1.35867196	     11.82415601	      0.70932692	      0.57410476	     -0.26252314	     -0.32660408	     11.64731693	      0.79519410	      0.73358303	     -0.04696143	     -0.04392582	     13.65551565	      1.05559877	      0.97408610	     15.88327687	      1.43577999	      1.24698757	     18.86940005	      1.98196139	      1.56649758	      6.62188955	      1.89529714	      0.08321668	      1.83490094	     -1.14533932	     -0.41010737	      4.38805543	     -2.93216459	     -0.97614867	      1.95013136	      0.16801322	     -0.04452936	     -0.06657499	      0.06239070	     -0.18965742	     -0.29090894	     -0.11711735
      3.01690500	      0.25273727	    -59.91378617	      1.68091508	      4.09975720	    718.75948859	    -13.65829598	     -7.29897997	      1.98500423	      0.11158919	     -7.21287375	     -0.51077112	     -0.36482282	      0.60274225	     -0.03695166	      0.74116374	     -0.03716118	     16.20732838	      0.65987881	      0.44748029	      0.00087929	     -0.00006070	      0.00006350	     -0.00046679	      0.00852330	      1.33392284	      1.35550205	     12.03930889	      0.54134214	      0.56114951	     -0.26310774	     -0.32522072	     11.86746247	      0.53340195	      0.73368956	     -0.04687057	     -0.04387430	     13.86356078	      0.72794034	      0.98105066	     16.07147001	      1.06845377	      1.26370115	     19.02660868	      1.59046951	      1.59342169	      6.15534660	      2.27410763	      0.09261221	      1.90504294	     -1.14421803	     -0.40870443	      4.32798953	     -2.54958058	     -1.02728243	      1.99304017	      0.22841376	     -0.04245912	     -0.08652393	      0.06454794	     -0.19456233	     -0.30314932	     -0.12349006
      3.03385400	      0.54236583	    -59.49644767	      2.14201014	      6.73871244	    716.40454951	    -10.63002534	     -7.48531325	      1.88852554	      0.09316535	     -7.29040351	     -0.30736060	     -0.33806775	      0.68505529	     -0.03668855	      0.72849944	     -0.03704262	     16.52418754	      0.37175572	      0.61837491	      0.00087538	     -0.00005242	      0.00005692	     -0.00044388	      0.00849651	      1.32697775	      1.35019274	     12.30552911	      0.15526737	      0.75680290	     -0.26576614	     -0.32157857	     12.04471003	      0.05871023	      0.93980443	     -0.04646042	     -0.04372843	     13.93941205	      0.19233107	      1.19049220	     16.04959706	      0.49805058	      1.47821099	     18.89259715	      1.00115098	      1.81313608	      5.29634953	      2.89981308	      0.10761118	      1.93736922	     -1.12530914	     -0.39835525	      3.85471937	     -1.88723059	     -0.98697241	      2.03104355	      0.41046941	     -0.04080654	     -0.09434373	      0.06721944	     -0.19808494	     -0.28829560	     -0.13655911
      3.05080300	      1.00662077	    -58.97018171	      2.74728125	      8.95326536	    713.70417404	     -5.01071506	     -7.76543386	      1.78382127	      0.05162298	     -7.39682273	     -0.15936044	     -0.32153319	      0.79939550	     -0.03638913	      0.72494557	     -0.03689342	     16.93275492	     -0.10231091	      1.00054824	      0.00087334	     -0.00004560	      0.00005174	     -0.00044741	      0.00846687	      1.31802863	      1.34298910	     12.59861326	     -0.39920073	      1.15639682	     -0.27050207	     -0.31607399	     12.17431095	     -0.56565370	      1.34629362	     -0.04574779	     -0.04346796	     13.89773996	     -0.47672905	      1.59798556	     15.84999400	     -0.19216299	      1.88766645	     18.51904252	      0.30544668	      2.22519709	      4.21754057	      3.71242932	      0.12707051	      1.94206203	     -1.08686497	     -0.37921729	      3.03211762	     -1.10067521	     -0.88099656	      2.06633192	      0.68021432	     -0.03981644	     -0.09082663	      0.07034385	     -0.20045542	     -0.25310211	     -0.15434841
      3.06775200	      1.60413367	    -58.41105054	      3.42040551	     10.32635082	    711.10433732	      2.31075366	     -8.10353084	      1.67365877	     -0.00494951	     -7.52183996	     -0.07084662	     -0.31771404	      0.93176480	     -0.03609308	      0.72831720	     -0.03672913	     17.39995216	     -0.69568922	      1.54154152	      0.00087340	     -0.00004056	      0.00004822	     -0.00047569	      0.00843845	      1.30808790	      1.33444345	     12.90945549	     -1.04241803	      1.70372034	     -0.27685136	     -0.30900889	     12.27853599	     -1.24677777	      1.89698429	     -0.04480959	     -0.04310752	     13.79230917	     -1.17556712	      2.14974074	     15.55495520	     -0.89044600	      2.44115629	     18.01901988	     -0.37765091	      2.78237178	      3.09436961	      4.64649966	      0.14978932	      1.92759387	     -1.02769263	     -0.35146888	      2.04164039	     -0.35293529	     -0.74622018	      2.10048902	      0.98099461	     -0.03958517	     -0.07958084	      0.07382581	     -0.20194670	     -0.20910590	     -0.17321905
      3.08470100	      2.27590544	    -57.87834773	      4.05303733	     10.56283916	    709.04244358	     10.20503468	     -8.45164327	      1.56698116	     -0.06614124	     -7.65116703	     -0.03467717	     -0.32498376	      1.06415292	     -0.03583929	      0.73541579	     -0.03656544	     17.89995691	     -1.32339405	      2.14812724	      0.00087546	     -0.00003749	      0.00004649	     -0.00052408	      0.00841435	      1.29838702	      1.32542903	     13.24118170	     -1.67993142	      2.30357005	     -0.28389150	     -0.30064638	     12.39792169	     -1.88111255	      2.49746500	     -0.04377302	     -0.04270270	     13.70128399	     -1.79384241	      2.75388828	     15.27662047	     -1.48196950	      3.04977679	     17.54103968	     -0.92989940	      3.39914861	      2.08550778	      5.62834050	      0.17426694	      1.90014214	     -0.94704719	     -0.31515233	      1.13183570	      0.22916100	     -0.62113052	      2.13449426	      1.24754654	     -0.04003246	     -0.06575345	      0.07755253	     -0.20290024	     -0.16951901	     -0.18887883
      3.10165000	      2.94867478	    -57.41198816	      4.53287818	      9.54114938	    707.85445304	     17.49796177	     -8.75686231	      1.47933772	     -0.12086465	     -7.76831494	     -0.03722737	     -0.33797395	      1.17730889	     -0.03566019	      0.74248892	     -0.03641648	     18.40679950	     -1.89556061	      2.71227102	      0.00087908	     -0.00003646	      0.00004651	     -0.00058539	      0.00839641	      1.29015787	      1.31709685	     13.59644698	     -2.21781712	      2.84798140	     -0.29036645	     -0.29129486	     12.57132722	     -2.37170625	      3.04083471	     -0.04279435	     -0.04234492	     13.69969572	     -2.23330890	      3.30531585	     15.12243231	     -1.86873228	      3.61045478	     17.22692992	     -1.25476045	      3.97445128	      1.31810987	      6.57398221	      0.19853990	      1.86423064	     -0.84529295	     -0.27031187	      0.54037767	      0.56795726	     -0.53791293	      2.16907664	      1.42190222	     -0.04092569	     -0.05427503	      0.08141927	     -0.20375561	     -0.14572334	     -0.19750620
      3.11859900	      3.54282368	    -57.03592166	      4.77166290	      7.31101905	    707.70355770	     23.16637799	     -8.96922914	      1.43043051	     -0.15953589	     -7.85668550	     -0.06481685	     -0.34928562	      1.25373701	     -0.03557834	      0.74586437	     -0.03629457	     18.88476979	     -2.33112813	      3.14050390	      0.00088358	     -0.00003738	      0.00004807	     -0.00065076	      0.00838535	      1.28444625	      1.31075385	     13.96290314	     -2.57656122	      3.24528759	     -0.29491321	     -0.28139519	     12.81461587	     -2.64205345	      3.43626768	     -0.04203006	     -0.04214294	     13.83090511	     -2.42139925	      3.71365854	     15.15991724	     -1.98273726	      4.03336090	     17.16941801	     -1.28996539	      4.41858328	      0.87652377	      7.39191455	      0.22025645	      1.82380917	     -0.72488716	     -0.21730663	      0.41909476	      0.62566037	     -0.51709202	      2.20520566	      1.46783550	     -0.04194289	     -0.04824288	      0.08537421	     -0.20504939	     -0.14428376	     -0.19677748
      3.13554800	      3.98369956	    -56.76371959	      4.72318808	      4.07236865	    708.55096524	     26.49588986	     -9.04935000	      1.43956709	     -0.17604263	     -7.90193990	     -0.10974045	     -0.35180955	      1.28048008	     -0.03560495	      0.74269196	     -0.03621077	     19.28366427	     -2.57086254	      3.37333898	      0.00088815	     -0.00004001	      0.00005077	     -0.00071067	      0.00838108	      1.28198180	      1.30765448	     14.30478192	     -2.70365054	      3.43911450	     -0.29633208	     -0.27157756	     13.10739882	     -2.64796415	      3.62770219	     -0.04160786	     -0.04219449	     14.08828823	     -2.32221584	      3.92176426	     15.39375528	     -1.79605364	      4.26018876	     17.38427718	     -1.01644391	      4.67147735	      0.79451134	      7.99206626	      0.23699889	      1.78283462	     -0.59119028	     -0.15714009	      0.78727257	      0.39546843	     -0.56422430	      2.24437540	      1.38100838	     -0.04274129	     -0.04793994	      0.08946136	     -0.20736053	     -0.16521352	     -0.18664613
      3.15249700	      4.21335357	    -56.60243537	      4.38586409	      0.16303586	    710.17766781	     27.17407091	     -8.97483144	      1.52107087	     -0.16855485	     -7.89468797	     -0.17336645	     -0.34041449	      1.25127528	     -0.03573941	      0.73169048	     -0.03617521	     19.54407536	     -2.58753577	      3.38707394	      0.00089198	     -0.00004393	      0.00005399	     -0.00075628	      0.00838314	      1.28309934	      1.30873375	     14.56625865	     -2.58354036	      3.41000677	     -0.29381961	     -0.26265715	     13.39436168	     -2.38712276	      3.59547150	     -0.04160531	     -0.04255661	     14.41474880	     -1.94554858	      3.90741609	     15.76380373	     -1.32921124	      4.26598203	     17.80688319	     -0.46594734	      4.70469166	      1.05202775	      8.29960717	      0.24674637	      1.74464342	     -0.45263804	     -0.09163311	      1.52805477	     -0.09123994	     -0.66805462	      2.28838031	      1.19202110	     -0.04300041	     -0.05075976	      0.09384252	     -0.21119454	     -0.20192677	     -0.16967077
      3.16944600	      4.19915428	    -56.55134367	      3.79069516	     -3.94961098	    712.25024610	     25.30303855	     -8.74452256	      1.68115259	     -0.13899752	     -7.83283116	     -0.26494418	     -0.31238157	      1.16773539	     -0.03596934	      0.71366720	     -0.03619654	     19.61407644	     -2.38954238	      3.18022244	      0.00089445	     -0.00004858	      0.00005703	     -0.00078069	      0.00839093	      1.28770505	      1.31434213	     14.68815266	     -2.24106793	      3.16186694	     -0.28710596	     -0.25555223	     13.60301381	     -1.90219908	      3.34306841	     -0.04204000	     -0.04322407	     14.72218088	     -1.34962638	      3.67054300	     16.16644794	     -0.65352235	      4.04676611	     18.31583801	      0.27714086	      4.50942259	      1.57797504	      8.26986299	      0.24832409	      1.70997714	     -0.31992658	     -0.02328545	      2.43070639	     -0.74731351	     -0.80079963	      2.33850200	      0.96018427	     -0.04242999	     -0.05207391	      0.09879893	     -0.21682096	     -0.24293389	     -0.15064303
      3.18639500	      3.93829918	    -56.59483423	      2.98198481	     -7.70141102	    714.40621870	     21.33070832	     -8.37949953	      1.91601285	     -0.09191585	     -7.72211800	     -0.39646263	     -0.26695929	      1.03930477	     -0.03627126	      0.69151713	     -0.03628049	     19.47227168	     -2.01553596	      2.75525914	      0.00089516	     -0.00005342	      0.00005918	     -0.00078017	      0.00840382	      1.29529418	      1.32405446	     14.63300300	     -1.73482382	      2.70347261	     -0.27649729	     -0.25111835	     13.67260359	     -1.27283684	      2.87915828	     -0.04287069	     -0.04412202	     14.92503235	     -0.63187086	      3.21606379	     16.49276343	      0.11927813	      3.60321098	     18.77636790	      1.08731956	      4.08096159	      2.26034123	      7.89924305	      0.24168180	      1.67429628	     -0.20408771	      0.04525792	      3.26544750	     -1.42441214	     -0.92229630	      2.39432076	      0.75825840	     -0.04075631	     -0.04683183	      0.10471740	     -0.22410450	     -0.27488374	     -0.13540937
      3.20334400	      3.45973317	    -56.69306289	      2.00175984	    -10.51125762	    716.32625156	     15.92545356	     -7.92020134	      2.21036157	     -0.03354023	     -7.57390113	     -0.57512778	     -0.20477880	      0.88189543	     -0.03661262	      0.66957604	     -0.03642800	     19.14657806	     -1.52147165	      2.10912704	      0.00089405	     -0.00005801	      0.00005991	     -0.00075477	      0.00842102	      1.30502818	      1.33662301	     14.40749699	     -1.14098200	      2.03811309	     -0.26285953	     -0.24991144	     13.58206328	     -0.59601838	      2.20761150	     -0.04400588	     -0.04511621	     14.97428578	      0.09376751	      2.54499383	     16.66821964	      0.86226412	      2.93288113	     19.08639867	      1.82579708	      3.41222693	      2.96378612	      7.22757539	      0.22788466	      1.62567989	     -0.11366657	      0.11207835	      3.86149455	     -1.94031479	     -0.98923061	      2.45260598	      0.65182563	     -0.03771775	     -0.03143417	      0.11206118	     -0.23238472	     -0.28618645	     -0.12911638
      3.22029300	      2.82420188	    -56.77673292	      0.88696151	    -11.90181737	    717.77222954	      9.84029308	     -7.42010602	      2.53674243	      0.02881034	     -7.40063981	     -0.79590515	     -0.12755891	      0.71535703	     -0.03695517	      0.65249223	     -0.03663363	     18.71818881	     -0.96504258	      1.24103228	      0.00089135	     -0.00006210	      0.00005892	     -0.00070840	      0.00844148	      1.31585810	      1.35012795	     14.07058462	     -0.53289555	      1.16988758	     -0.24756076	     -0.25193747	     13.36349735	      0.03955731	      1.33386597	     -0.04531677	     -0.04603957	     14.87629057	      0.72697884	      1.66178587	     16.67635864	      1.46726528	      2.03871654	     19.20549221	      2.37822270	      2.50371608	      3.55178738	      6.33038877	      0.20881008	      1.54481370	     -0.05173891	      0.17693374	      4.15452016	     -2.13800559	     -0.96828747	      2.50681969	      0.67959543	     -0.03310574	     -0.00523631	      0.12132322	     -0.24045144	     -0.27028898	     -0.13447604
      3.23724200	      2.12116126	    -56.75134452	     -0.31968986	    -11.61975380	    718.59348188	      3.80667621	     -6.93720712	      2.85706551	      0.08732698	     -7.21090751	     -1.03704666	     -0.03812770	      0.56021620	     -0.03725989	      0.64395034	     -0.03688548	     18.30652525	     -0.39391369	      0.17449321	      0.00088754	     -0.00006569	      0.00005624	     -0.00064807	      0.00846377	      1.32666252	      1.36233188	     13.72186602	      0.03540599	      0.12419333	     -0.23235200	     -0.25648243	     13.09428389	      0.57502031	      0.28510303	     -0.04665269	     -0.04672964	     14.68805390	      1.20696617	      0.59498824	     16.55674285	      1.87422323	      0.95035863	     19.15550063	      2.68744573	      1.38588237	      3.90862997	      5.30386344	      0.18667659	      1.40813444	     -0.01404310	      0.24183728	      4.18432631	     -1.94928415	     -0.84899305	      2.54763163	      0.84174686	     -0.02687181	      0.02894724	      0.13294544	     -0.24664138	     -0.22767760	     -0.15081704
      3.25419100	      1.46022858	    -56.51241200	     -1.55395622	     -9.70018898	    718.71981086	     -1.53374577	     -6.52499962	      3.12738096	      0.13457726	     -7.00587489	     -1.26108923	      0.05939981	      0.43433210	     -0.03749277	      0.64558253	     -0.03716686	     18.03982611	      0.15799493	     -1.02065703	      0.00088323	     -0.00006901	      0.00005220	     -0.00058262	      0.00848634	      1.33636998	      1.37117668	     13.47448634	      0.53530622	     -1.03110552	     -0.21915839	     -0.26211370	     12.87183870	      0.98975627	     -0.86912300	     -0.04785749	     -0.04706759	     14.49313471	      1.52266545	     -0.58239745	     16.38151538	      2.08260912	     -0.25565792	     18.99754518	      2.76587213	      0.13936773	      3.95748564	      4.24739723	      0.16358860	      1.19418329	      0.01048648	      0.31075715	      4.05086797	     -1.42598488	     -0.65033453	      2.56452960	      1.10136315	     -0.01928387	      0.06563484	      0.14717560	     -0.24905678	     -0.16586703	     -0.17443782
      3.27114000	      0.95560257	    -55.96916595	     -2.72238897	     -6.44486487	    718.15938678	     -5.67827780	     -6.22473662	      3.30574678	      0.16458659	     -6.77880539	     -1.42223850	      0.15951086	      0.35017365	     -0.03763044	      0.65635366	     -0.03745968	     18.02201652	      0.66665171	     -2.22266696	      0.00087908	     -0.00007248	      0.00004735	     -0.00052105	      0.00850779	      1.34405485	      1.37528939	     13.42360779	      0.95842911	     -2.17969870	     -0.20978104	     -0.26690504	     12.78307029	      1.29440423	     -2.01144157	     -0.04878622	     -0.04700773	     14.37143863	      1.70369126	     -1.74845593	     16.22517103	      2.14018731	     -1.45246530	     18.80142182	      2.68159386	     -1.10269621	      3.67234781	      3.24853291	      0.14124297	      0.89194276	      0.03630157	      0.38810142	      3.85807255	     -0.71883205	     -0.41664863	      2.54823693	      1.39890186	     -0.01107295	      0.09848129	      0.16385641	     -0.24588597	     -0.09713820	     -0.20012423
      3.28808900	      0.70479450	    -55.07158567	     -3.71100301	     -2.33096673	    717.00607927	     -8.31189579	     -6.06031029	      3.36177466	      0.17377778	     -6.51810402	     -1.47881545	      0.25542161	      0.31327990	     -0.03766450	      0.67262855	     -0.03774832	     18.30640485	      1.11086381	     -3.27583323	      0.00087568	     -0.00007660	      0.00004243	     -0.00047102	      0.00852734	      1.34902023	      1.37433535	     13.62148881	      1.30509419	     -3.17336467	     -0.20554935	     -0.26887278	     12.88046260	      1.51398911	     -2.99354693	     -0.04932254	     -0.04658817	     14.37594582	      1.79827808	     -2.75056483	     16.14166907	      2.11611263	     -2.48255003	     18.62285727	      2.52612442	     -2.17625019	      3.08174542	      2.37377112	      0.12085423	      0.50891383	      0.07581225	      0.47609667	      3.67481441	     -0.01549368	     -0.20293783	      2.49338048	      1.67349734	     -0.00348279	      0.12226507	      0.18219082	     -0.23579820	     -0.03463856	     -0.22301894
      3.30503800	      0.76640237	    -53.83460778	     -4.40839096	      2.09902979	    715.44793070	     -9.34948875	     -6.03654106	      3.28550027	      0.16142401	     -6.21317384	     -1.40736413	      0.33948867	      0.32217985	     -0.03760313	      0.68900446	     -0.03802287	     18.88212897	      1.46740737	     -4.02535008	      0.00087349	     -0.00008190	      0.00003824	     -0.00043748	      0.00854504	      1.35088274	      1.36909870	     14.06487343	      1.57374766	     -3.86499799	     -0.20699654	     -0.26652739	     13.17036024	      1.67088650	     -3.66930074	     -0.04939635	     -0.04591860	     14.52187093	      1.85019874	     -3.43964141	     16.15435802	      2.07245708	     -3.19331673	     18.49412912	      2.38017686	     -2.92364377	      2.26285058	      1.66658371	      0.10326059	      0.07627216	      0.13416750	      0.57182553	      3.52416483	      0.52821046	     -0.05540608	      2.40076422	      1.88156575	      0.00186304	      0.13413278	      0.20057643	     -0.21837607	      0.01169448	     -0.23986030
      3.32198700	      1.14391592	    -52.35300250	     -4.73252585	      6.32079096	    713.76549608	     -8.94381767	     -6.14100195	      3.09273324	      0.12959748	     -5.86129274	     -1.21367343	      0.40389760	      0.36968045	     -0.03746963	      0.69981213	     -0.03828055	     19.67456550	      1.71156803	     -4.35343428	      0.00087276	     -0.00008882	      0.00003555	     -0.00042211	      0.00856185	      1.34964375	      1.36125927	     14.69503761	      1.75676677	     -4.14326106	     -0.21365380	     -0.25937175	     13.61276064	      1.77552759	     -3.92921232	     -0.04899832	     -0.04514885	     14.78648857	      1.88495253	     -3.70518043	     16.25596012	      2.04661059	     -3.47277796	     18.42426074	      2.29226146	     -3.23027022	      1.32723625	      1.15127035	      0.08911768	     -0.35141935	      0.20698132	      0.66528999	      3.39294292	      0.83164416	      0.00425386	      2.27863791	      2.00540151	      0.00331362	      0.13368078	      0.21663560	     -0.19451003	      0.03775116	     -0.24914312
      3.33893600	      1.78223200	    -50.79954639	     -4.64950013	      9.87122312	    712.31206067	     -7.44033356	     -6.34842588	      2.82429013	      0.08275848	     -5.47296588	     -0.93609724	      0.44160099	      0.44500679	     -0.03729794	      0.70090820	     -0.03852487	     20.55875966	      1.82256402	     -4.20270043	      0.00087353	     -0.00009754	      0.00003494	     -0.00042331	      0.00857931	      1.34571239	      1.35293218	     15.40890800	      1.84337156	     -3.95524541	     -0.22405528	     -0.24816406	     14.13012987	      1.82694771	     -3.72275867	     -0.04818535	     -0.04442727	     15.11613898	      1.90856028	     -3.49743510	     16.41414844	      2.04894169	     -3.27158239	     18.40322790	      2.27556289	     -3.04648129	      0.40195971	      0.83954038	      0.07907476	     -0.70361691	      0.28260650	      0.73994501	      3.24794009	      0.89458559	     -0.01580642	      2.14249251	      2.05059239	     -0.00029563	      0.12219515	      0.22754968	     -0.16663304	      0.04548776	     -0.25056686
      3.35588500	      2.57937780	    -49.40113539	     -4.17931292	     12.36904915	    711.47134490	     -5.29291777	     -6.62594620	      2.53802133	      0.02706572	     -5.07309702	     -0.63873855	      0.44740783	      0.53603095	     -0.03712613	      0.69111407	     -0.03876273	     21.38347967	      1.79078495	     -3.58254678	      0.00087562	     -0.00010798	      0.00003670	     -0.00043699	      0.00859906	      1.33985789	      1.34610852	     16.07921372	      1.82658961	     -3.31283379	     -0.23599864	     -0.23482823	     14.62339980	      1.81997378	     -3.06431456	     -0.04707287	     -0.04386096	     15.43859289	      1.91549389	     -2.83269969	     16.58081161	      2.07188317	     -2.60757576	     18.40809666	      2.31874531	     -2.39128468	     -0.38948724	      0.73578365	      0.07382928	     -0.90804510	      0.34795605	      0.77633357	      3.05164837	      0.77272451	     -0.08414558	      2.01314653	      2.03672996	     -0.00913907	      0.10177433	      0.23069941	     -0.13865458	      0.04100782	     -0.24456077
      3.37283400	      3.41011258	    -48.39576617	     -3.39175861	     13.54215648	    711.59264289	     -2.97889496	     -6.93775914	      2.29511123	     -0.03051121	     -4.69667910	     -0.39567903	      0.41901772	      0.63097949	     -0.03698945	      0.67265436	     -0.03900053	     22.00030811	      1.62336678	     -2.56410889	      0.00087870	     -0.00011965	      0.00004077	     -0.00045772	      0.00862229	      1.33309498	      1.34216190	     16.57941111	      1.70988573	     -2.28792275	     -0.24701791	     -0.22201053	     14.99221612	      1.75344325	     -2.02793093	     -0.04581483	     -0.04348938	     15.67898794	      1.89884274	     -1.78730191	     16.70417771	      2.10224478	     -1.55894964	     18.41121119	      2.40094271	     -1.34448617	     -0.94174723	      0.83748480	      0.07398749	     -0.90870027	      0.39445231	      0.75786054	      2.77699533	      0.54287751	     -0.16050226	      1.91308432	      1.98778185	     -0.02215014	      0.07486675	      0.22443733	     -0.11545274	      0.03162374	     -0.23239076
      3.38978300	      4.15442913	    -47.98306494	     -2.39750063	     13.27605715	    712.91079349	     -0.94587905	     -7.24875024	      2.14461498	     -0.08314579	     -4.38027128	     -0.27085747	      0.35772148	      0.71944526	     -0.03691401	      0.65031720	     -0.03924045	     22.28931733	      1.34537084	     -1.27123723	      0.00088232	     -0.00013173	      0.00004671	     -0.00047986	      0.00864922	      1.32652648	      1.34156571	     16.80640034	      1.50968434	     -1.00358945	     -0.25493853	     -0.21239882	     15.15403185	      1.63438459	     -0.73814092	     -0.04457647	     -0.04328044	     15.77537623	      1.85631907	     -0.48783682	     16.74112748	      2.12906491	     -0.25391133	     18.38910028	      2.50175793	     -0.03573704	     -1.17468643	      1.13039314	      0.07975048	     -0.68198122	      0.42027506	      0.67617881	      2.42020746	      0.27581786	     -0.21115277	      1.86124276	      1.92623773	     -0.03722988	      0.04419177	      0.20865739	     -0.10181779	      0.02328559	     -0.21661670
      3.40673200	      4.72381063	    -48.28426909	     -1.33540209	     11.66600529	    715.46902416	      0.40945398	     -7.52741201	      2.11108866	     -0.12504606	     -4.15276608	     -0.29969127	      0.26857482	      0.79295348	     -0.03691270	      0.62967513	     -0.03947763	     22.17425373	      0.99549307	      0.13141160	      0.00088601	     -0.00014308	      0.00005371	     -0.00049854	      0.00867878	      1.32117043	      1.34389449	     16.69449571	      1.25236813	      0.37775588	     -0.25835370	     -0.20799446	     15.05616016	      1.47632077	      0.64207000	     -0.04350635	     -0.04315160	     15.68863714	      1.78979085	      0.90107237	     16.66506078	      2.14421046	      1.14169123	     18.32813533	      2.60292253	      1.36791586	     -1.03451283	      1.58228699	      0.09056938	     -0.24480087	      0.42733678	      0.53347336	      2.00650981	      0.02420751	     -0.21858805	      1.86706804	      1.87088538	     -0.05191265	      0.01262134	      0.18482093	     -0.10092295	      0.01934454	     -0.20108577
      3.42368100	      5.07973306	    -49.32243895	     -0.35356451	      9.03292457	    719.07088777	      0.76035747	     -7.74860230	      2.18891603	     -0.15218657	     -4.02930802	     -0.47772832	      0.16001610	      0.84546528	     -0.03698398	      0.61520567	     -0.03969919	     21.62573480	      0.61767824	      1.45825477	      0.00088928	     -0.00015240	      0.00006075	     -0.00051021	      0.00870862	      1.31779466	      1.34807908	     16.21851790	      0.96760703	      1.67405140	     -0.25689937	     -0.20953968	     14.67812075	      1.29412833	      1.93090820	     -0.04271203	     -0.04300929	     15.40366824	      1.70128153	      2.19637564	     16.46589848	      2.13910655	      2.44382706	     18.22322218	      2.68548864	      2.68124771	     -0.49436134	      2.14078034	      0.10497508	      0.34856525	      0.41516594	      0.34086812	      1.58296686	     -0.17877133	     -0.18250085	      1.92566503	      1.83500939	     -0.06414812	     -0.01723641	      0.15535388	     -0.11277847	      0.02081574	     -0.18976181
      3.44063000	      5.24047198	    -51.02440423	      0.41631239	      5.87274530	    723.28472177	     -0.10671092	     -7.89613555	      2.34449333	     -0.16279806	     -4.01043574	     -0.75966136	      0.04293758	      0.87393669	     -0.03711376	      0.60916108	     -0.03988510	     20.65692578	      0.25160691	      2.53345172	      0.00089169	     -0.00015848	      0.00006677	     -0.00051286	      0.00873542	      1.31679048	      1.35279954	     15.38953997	      0.68148925	      2.71365171	     -0.25127143	     -0.21626657	     14.02702124	      1.09962433	      2.95763122	     -0.04224392	     -0.04279165	     14.92398842	      1.59034994	      3.22640362	     16.14385245	      2.10326021	      3.47996077	     18.07066940	      2.72912531	      3.73038205	      0.44153325	      2.73835452	      0.12071677	      1.01896191	      0.37621600	      0.11487902	      1.20014195	     -0.31962640	     -0.11406087	      2.01644535	      1.82254339	     -0.07267811	     -0.04348118	      0.12273183	     -0.13345780	      0.02749059	     -0.18459232
      3.45757900	      5.27450220	    -53.23799964	      0.88528016	      2.74568823	    727.50842891	     -2.22775375	     -7.96443333	      2.52507640	     -0.15747314	     -4.08602945	     -1.06949243	     -0.07067909	      0.87869148	     -0.03727935	      0.61161557	     -0.04001074	     19.31883649	     -0.07567992	      3.22597440	      0.00089286	     -0.00016034	      0.00007086	     -0.00050609	      0.00875543	      1.31811994	      1.35686281	     14.25002761	      0.41136409	      3.36945632	     -0.24299708	     -0.22606038	     13.13252700	      0.89959204	      3.59640867	     -0.04209184	     -0.04249734	     14.26632662	      1.45459756	      3.86482009	     15.70360694	      2.02655268	      4.12307438	     17.86196669	      2.71591675	      4.38696882	      1.73079842	      3.30399752	      0.13519504	      1.67878686	      0.29576052	     -0.12551248	      0.89303323	     -0.40769200	     -0.02846560	      2.10701338	      1.82385524	     -0.07677699	     -0.06488067	      0.08877519	     -0.15577977	      0.03887752	     -0.18367033
      3.47452800	      5.28203830	    -55.75560727	      1.02383416	      0.14726601	    731.07973113	     -5.40547356	     -7.95841088	      2.67159433	     -0.13870788	     -4.24205126	     -1.31949626	     -0.16916213	      0.86330381	     -0.03745407	      0.62158958	     -0.04005000	     17.70002940	     -0.35611433	      3.47552844	      0.00089255	     -0.00015750	      0.00007249	     -0.00049101	      0.00876500	      1.32134759	      1.35943334	     12.87341028	      0.16204224	      3.58394844	     -0.23403070	     -0.23602152	     12.04686824	      0.69464829	      3.79114099	     -0.04219545	     -0.04218776	     13.46120660	      1.29077672	      4.05561839	     15.15547952	      1.90214153	      4.31686686	     17.58563965	      2.63499214	      4.59372479	      3.28718797	      3.77800850	      0.14605509	      2.24780166	      0.15574665	     -0.36088442	      0.67265917	     -0.47610594	      0.06012913	      2.16201196	      1.81596352	     -0.07572862	     -0.08031055	      0.05446944	     -0.17149724	      0.05427587	     -0.18117038
      3.49147700	      5.36850362	    -58.33825283	      0.86073571	     -1.59076247	    733.39767768	     -9.19598528	     -7.89151333	      2.73231292	     -0.10989067	     -4.46760524	     -1.43301431	     -0.24217794	      0.83393135	     -0.03761120	      0.63870518	     -0.03997808	     15.92941508	     -0.60353555	      3.29757370	      0.00089064	     -0.00015003	      0.00007156	     -0.00047008	      0.00876103	      1.32573563	      1.36006972	     11.36733657	     -0.07662191	      3.37382878	     -0.22627863	     -0.24328600	     10.84965471	      0.47754137	      3.55996517	     -0.04246526	     -0.04196247	     12.55978756	      1.09384083	      3.81771340	     14.52427517	      1.72627979	      4.08048125	     17.23836565	      2.48325594	      4.36939588	      4.98068928	      4.12517847	      0.15175519	      2.66639558	     -0.06048821	     -0.57448750	      0.53204939	     -0.57361854	      0.14001596	      2.15393673	      1.77007484	     -0.06872595	     -0.08835617	      0.02021677	     -0.17420743	      0.07206301	     -0.16957768
      3.50842600	      5.61452862	    -60.73941418	      0.46389687	     -2.34395274	    734.01657141	    -12.95529197	     -7.78262053	      2.67457399	     -0.07408112	     -4.76014352	     -1.36523179	     -0.28139196	      0.79830732	     -0.03772631	      0.66456321	     -0.03977343	     14.17545647	     -0.85070713	      2.76567169	      0.00088718	     -0.00013851	      0.00006838	     -0.00044690	      0.00874118	      1.33036519	      1.35862281	      9.87445937	     -0.32867808	      2.81261113	     -0.22115961	     -0.24587349	      9.65153930	      0.23242001	      2.97779296	     -0.04280701	     -0.04191965	     11.64095611	      0.85487595	      3.22735743	     13.85972758	      1.49538199	      3.49085919	     16.83909861	      2.26184171	      3.79107878	      6.64645930	      4.34149455	      0.15192436	      2.90506959	     -0.36468866	     -0.75713864	      0.46172347	     -0.74694188	      0.20035191	      2.07123768	      1.66401595	     -0.05549918	     -0.08778022	     -0.01376786	     -0.16168986	      0.08893669	     -0.14333370
      3.52537500	      6.04855733	    -62.72939374	     -0.08792989	     -2.18780476	    732.68843614	    -15.94026652	     -7.65273129	      2.49254077	     -0.03304372	     -5.12738147	     -1.11662407	     -0.28099389	      0.76465882	     -0.03777829	      0.70305607	     -0.03941933	     12.63497849	     -1.13918492	      1.98047868	      0.00088232	     -0.00012390	      0.00006355	     -0.00042598	      0.00870381	      1.33424918	      1.35510112	      8.56414914	     -0.62550402	      2.00026961	     -0.21928987	     -0.24331247	      8.58990622	     -0.06210063	      2.14592538	     -0.04314192	     -0.04211915	     10.81129826	      0.56126756	      2.38746701	     13.24054550	      1.20399386	      2.65185792	     16.43750877	      1.97213081	      2.96311957	      8.10319721	      4.45148246	      0.14738611	      2.96800545	     -0.76032361	     -0.91086889	      0.46626402	     -1.02054746	      0.22772853	      1.92042698	      1.49357289	     -0.03721846	     -0.07872369	     -0.04709148	     -0.13660108	      0.09996645	     -0.10226790
      3.54232400	      6.63035604	    -64.11875330	     -0.73010912	     -1.35901795	    729.35667809	    -17.44356657	     -7.52190613	      2.20966515	      0.01314222	     -5.58522099	     -0.73499121	     -0.23819589	      0.74067634	     -0.03774955	      0.75919207	     -0.03890586	     11.50989009	     -1.50477494	      1.03970359	      0.00087633	     -0.00010734	      0.00005775	     -0.00041233	      0.00864793	      1.33642204	      1.34959060	      7.61315741	     -0.99492129	      1.03387862	     -0.22035083	     -0.23683593	      7.81405258	     -0.42574652	      1.16266136	     -0.04341816	     -0.04256281	     10.19467135	      0.20071034	      1.39792544	     12.76799979	      0.84625287	      1.66433857	     16.11178594	      1.61482160	      1.98698866	      9.17868914	      4.49719794	      0.13984625	      2.88903160	     -1.23687565	     -1.04715427	      0.57514154	     -1.38196982	      0.20209519	      1.72284357	      1.27752446	     -0.01684361	     -0.06368237	     -0.07887374	     -0.10531982	      0.09986578	     -0.05342211
      3.55927300	      7.25347503	    -64.77751309	     -1.42404478	     -0.19819322	    724.12360943	    -16.93536118	     -7.40662316	      1.87527855	      0.06577265	     -6.15169866	     -0.30420090	     -0.15368703	      0.73254879	     -0.03762646	      0.83667293	     -0.03823303	     10.97560917	     -1.96440884	      0.01999773	      0.00086954	     -0.00008989	      0.00005159	     -0.00041067	      0.00857322	      1.33601850	      1.34226644	      7.17826980	     -1.45056798	     -0.01003814	     -0.22316435	     -0.22903956	      7.46212902	     -0.86853608	      0.10560663	     -0.04361317	     -0.04319861	      9.91290899	     -0.23306325	      0.33765966	     12.54989062	      0.41965698	      0.60809007	     15.95590056	      1.19177714	      0.94306320	      9.73800778	      4.52298571	      0.13134713	      2.72039388	     -1.76149061	     -1.17900173	      0.84381059	     -1.77695312	      0.09376555	      1.50947348	      1.05442755	      0.00150901	     -0.04730916	     -0.10750376	     -0.07563401	      0.08523424	     -0.01060088
      3.57622200	      7.76956944	    -64.64905695	     -2.15358815	      0.92532181	    717.21495424	    -14.18113167	     -7.31800716	      1.55542888	      0.12665077	     -6.83804482	      0.07882786	     -0.03183917	      0.74415548	     -0.03740072	      0.93522152	     -0.03741449	     11.14689600	     -2.50921198	     -1.02638523	      0.00086226	     -0.00007246	      0.00004545	     -0.00042440	      0.00848034	      1.33236729	      1.33347921	      7.36568912	     -1.98575605	     -1.07866884	     -0.22597275	     -0.22305286	      7.63371154	     -1.38556684	     -0.97157247	     -0.04372922	     -0.04394608	     10.06085971	     -0.73602673	     -0.73880356	     12.67753756	     -0.07162392	     -0.46177538	     16.05840375	      0.70829000	     -0.11314674	      9.70899408	      4.56087808	      0.12365379	      2.51656798	     -2.27232602	     -1.31081479	      1.34280179	     -2.11550478	     -0.13579302	      1.31624737	      0.87205831	      0.01385627	     -0.03486567	     -0.13052358	     -0.05431171	      0.05693535	      0.00842502
      3.59317100	      8.02981100	    -63.75959648	     -2.91031441	      1.70100257	    708.95402155	     -9.30062108	     -7.26158255	      1.31899692	      0.19703786	     -7.63897889	      0.33361971	      0.11966792	      0.77656078	     -0.03707202	      1.04904910	     -0.03648019	     12.04720658	     -3.10494753	     -2.06365052	      0.00085479	     -0.00005576	      0.00003954	     -0.00045460	      0.00837146	      1.32512182	      1.32385278	      8.20223312	     -2.57286245	     -2.13507436	     -0.22689220	     -0.22145261	      8.36215935	     -1.95556437	     -2.03147956	     -0.04378577	     -0.04473185	     10.67922225	     -1.29187870	     -1.79388773	     13.19872562	     -0.61458927	     -1.50760175	     16.47519145	      0.17515862	     -1.14404117	      9.09885102	      4.62151516	      0.11779594	      2.31685403	     -2.68137700	     -1.43195462	      2.13365139	     -2.28995435	     -0.52602602	      1.17928164	      0.77214925	      0.01754333	     -0.03004584	     -0.14476307	     -0.04536205	      0.02138629	     -0.01322717
      3.61012000	      7.93363545	    -62.22022491	     -3.67475023	      1.95160067	    699.75589021	     -2.73971218	     -7.23826345	      1.22112971	      0.27660841	     -8.52431498	      0.42453474	      0.29055694	      0.82776605	     -0.03665191	      1.16743140	     -0.03547674	     13.59018668	     -3.69888379	     -3.05796114	      0.00084742	     -0.00004033	      0.00003391	     -0.00049939	      0.00825096	      1.31444054	      1.31433095	      9.61598049	     -3.16726767	     -3.14410626	     -0.22445563	     -0.22523017	      9.59359749	     -2.54207985	     -3.03912552	     -0.04381310	     -0.04552108	     11.73149637	     -1.87104234	     -2.79325311	     14.09258198	     -1.18488755	     -2.49566005	     17.20194174	     -0.38762726	     -2.11659865	      7.99529504	      4.69485629	      0.11397052	      2.13295017	     -2.89304346	     -1.51843349	      3.23415493	     -2.20696500	     -1.10015295	      1.12830225	      0.77488124	      0.01176264	     -0.03336000	     -0.14692215	     -0.04935564	     -0.01052055	     -0.08545957
      3.62706900	      7.47236830	    -60.21499166	     -4.40090677	      1.66027090	    690.15403276	      4.83343759	     -7.24530986	      1.28742873	      0.36236103	     -9.43328664	      0.38047146	      0.46825943	      0.89258800	     -0.03616791	      1.27718562	     -0.03446539	     15.58367555	     -4.23071288	     -3.96132500	      0.00084048	     -0.00002669	      0.00002859	     -0.00055418	      0.00812605	      1.30119223	      1.30614499	     11.43659011	     -3.71398634	     -4.05700799	     -0.21810280	     -0.23308507	     11.18303663	     -3.09581271	     -3.94665622	     -0.04385080	     -0.04633470	     13.09610531	     -2.42927293	     -3.69038100	     15.25805940	     -1.74252461	     -3.38062057	     18.15870325	     -0.94396732	     -2.98667243	      6.54996441	      4.76042994	      0.11181919	      1.94930446	     -2.83613289	     -1.54316018	      4.58456882	     -1.83093340	     -1.84231502	      1.17847133	      0.86967257	     -0.00266162	     -0.04203872	     -0.13473204	     -0.06382097	     -0.02743737	     -0.20573561
      3.64401800	      6.75114506	    -57.97544219	     -5.01178362	      0.93923491	    680.85691153	     12.64133239	     -7.27665566	      1.50380210	      0.44781042	    -10.27400745	      0.29883259	      0.63793842	      0.96287027	     -0.03566563	      1.36573693	     -0.03351888	     17.76048625	     -4.64266417	     -4.70156834	      0.00083445	     -0.00001538	      0.00002376	     -0.00061240	      0.00800699	      1.28707394	      1.30068823	     13.42123966	     -4.15389220	     -4.80209634	     -0.20846347	     -0.24130015	     12.91573490	     -3.55666293	     -4.68390641	     -0.04394852	     -0.04724692	     14.58396635	     -2.90590489	     -4.41659989	     16.52830680	     -2.22690389	     -4.09506486	     19.20112976	     -1.43351147	     -3.68786581	      4.95079680	      4.79972266	      0.11084614	      1.74007672	     -2.49535816	     -1.49021995	      6.03568395	     -1.22341235	     -2.68086950	      1.32401298	      1.01829679	     -0.02382531	     -0.05152395	     -0.10844168	     -0.08444230	     -0.02322529	     -0.35708650
      3.66096700	      5.97246366	    -55.75342175	     -5.40960244	     -0.03327405	    672.79710108	     19.85580394	     -7.32305911	      1.81645420	      0.52308065	    -10.93259300	      0.32723334	      0.78323795	      1.02837315	     -0.03520649	      1.42324338	     -0.03271809	     19.82672399	     -4.88463436	     -5.18551714	      0.00082994	     -0.00000704	      0.00001977	     -0.00066634	      0.00790663	      1.27449367	      1.29927364	     15.29942139	     -4.42777526	     -5.28813011	     -0.19733180	     -0.24447962	     14.54944330	     -3.85639282	     -5.16137916	     -0.04416119	     -0.04835808	     15.97917520	     -3.22507143	     -4.88342731	     17.71030516	     -2.55664024	     -4.55121117	     20.15945967	     -1.76987860	     -4.13258687	      3.39438678	      4.80249569	      0.11069896	      1.49621528	     -1.92438394	     -1.36561032	      7.37274243	     -0.55219828	     -3.49161914	      1.53787130	      1.16998318	     -0.04914521	     -0.05758819	     -0.07184825	     -0.10651187	     -0.00090852	     -0.51142402
      3.67791600	      5.37533416	    -53.80290115	     -5.49594911	     -1.06550222	    667.10382883	     25.62143315	     -7.37214498	      2.14355993	      0.57608779	    -11.29523579	      0.61989238	      0.88813551	      1.07819455	     -0.03486085	      1.44286988	     -0.03214895	     21.50894478	     -4.91559952	     -5.31528250	      0.00082764	     -0.00000237	      0.00001713	     -0.00070775	      0.00783915	      1.26615917	      1.30277348	     16.81865433	     -4.48088492	     -5.41989354	     -0.18730521	     -0.23729675	     15.85936220	     -3.92627752	     -5.28538442	     -0.04453305	     -0.04974015	     17.08381063	     -3.30600214	     -4.99749136	     18.62981251	     -2.64186423	     -4.65569779	     20.88398967	     -1.85474675	     -4.22685111	      2.06370775	      4.76598930	      0.11122985	      1.24696101	     -1.23229297	     -1.19832591	      8.36276585	     -0.05069785	     -4.12355581	      1.77851686	      1.27974828	     -0.07543366	     -0.05787508	     -0.03203085	     -0.12599509	      0.02817281	     -0.63673877
      3.69486500	      5.14031078	    -52.36849760	     -5.19402362	     -1.96854406	    664.94041404	     29.12138588	     -7.40797103	      2.39661830	      0.59453514	    -11.28009392	      1.27373689	      0.93912222	      1.10218980	     -0.03469780	      1.41937682	     -0.03189814	     22.58578807	     -4.70595126	     -5.01252658	      0.00082818	     -0.00000205	      0.00001643	     -0.00072860	      0.00781811	      1.26443335	      1.31122054	     17.77540775	     -4.27204961	     -5.12091378	     -0.18114023	     -0.21700439	     16.66758116	     -3.71342231	     -4.98050955	     -0.04507254	     -0.05136178	     17.74573806	     -3.08577988	     -4.68356844	     19.15772724	     -2.41224882	     -4.33334632	     21.26996240	     -1.61104805	     -3.89516987	      1.10970218	      4.69108359	      0.11241398	      1.06151483	     -0.55115865	     -1.03125160	      8.79631578	      0.06805175	     -4.43533511	      2.00057776	      1.32048808	     -0.09888278	     -0.05238307	      0.00236499	     -0.13983334	      0.04999912	     -0.70448827
      3.71181400	      5.28713229	    -51.66839213	     -4.47167546	     -2.54035890	    667.22073298	     29.71461570	     -7.41060584	      2.50625603	      0.56839149	    -10.86759355	      2.26092280	      0.92650341	      1.09206467	     -0.03477284	      1.34746494	     -0.03204459	     22.90426083	     -4.24278254	     -4.24783838	      0.00083197	     -0.00000657	      0.00001824	     -0.00072199	      0.00785395	      1.27060099	      1.32354940	     18.03023747	     -3.78707977	     -4.36095099	     -0.18096825	     -0.18591457	     16.85480230	     -3.20296390	     -4.21713951	     -0.04572686	     -0.05301624	     17.86621221	     -2.54948381	     -3.91327313	     19.21382713	     -1.85375084	     -3.55720981	     21.25694934	     -1.02633974	     -3.11245984	      0.63437238	      4.57862577	      0.11421222	      1.02880777	     -0.00082042	     -0.90695625	      8.51391688	     -0.28492890	     -4.32871104	      2.16452396	      1.28736940	     -0.11530750	     -0.04312022	      0.02357339	     -0.14562935	      0.05545549	     -0.69492396
      3.72876300	      5.60761527	    -51.86015837	     -3.36823144	     -2.54763924	    674.30939564	     27.07579655	     -7.35730949	      2.44438397	      0.49250330	    -10.11331857	      3.38681172	      0.84407569	      1.04223554	     -0.03511532	      1.22209721	     -0.03264269	     22.39334887	     -3.53591282	     -3.07275468	      0.00083905	     -0.00001613	      0.00002288	     -0.00068336	      0.00795122	      1.28427125	      1.33768168	     17.52028835	     -3.05047336	     -3.18675793	     -0.18760457	     -0.15258160	     16.36948197	     -2.43599008	     -3.04236608	     -0.04637059	     -0.05429141	     17.40509126	     -1.75371701	     -2.73693622	     18.76836862	     -1.03677987	     -2.38152177	     20.82636910	     -0.18568189	     -1.93838258	      0.67550403	      4.42745537	      0.11644714	      1.22591571	      0.33654859	     -0.85517279	      7.44186251	     -0.99569873	     -3.77444343	      2.24296693	      1.19947326	     -0.12077574	     -0.03313005	      0.02685137	     -0.14127815	      0.04655396	     -0.60130381
      3.74571200	      5.68369438	    -52.98777003	     -2.01827745	     -1.75483951	    685.84165893	     21.24701004	     -7.22706109	      2.23361010	      0.36881321	     -9.13267556	      4.30778897	      0.68787765	      0.95084923	     -0.03571779	      1.04216305	     -0.03369652	     21.08773645	     -2.62142819	     -1.64104954	      0.00084892	     -0.00003041	      0.00003031	     -0.00061175	      0.00810614	      1.30319018	      1.35102923	     16.28284423	     -2.12765646	     -1.74394886	     -0.20022410	     -0.13041049	     15.25068785	     -1.51030019	     -1.60186105	     -0.04682290	     -0.05462609	     16.40318602	     -0.82594483	     -1.30513813	     17.86418075	     -0.11416718	     -0.96275806	     20.02340975	      0.73184051	     -0.53770870	      1.19574230	      4.23515813	      0.11876064	      1.68949306	      0.42847639	     -0.88627242	      5.66121839	     -1.74491533	     -2.83059809	      2.22407175	      1.10152118	     -0.11251185	     -0.02484932	      0.01161445	     -0.12511835	      0.03810642	     -0.43451913
      3.76266100	      5.02048137	    -54.92548750	     -0.64677834	     -0.03930190	    700.74022934	     12.60675073	     -7.00881297	      1.93793230	      0.20743271	     -8.06191369	      4.62922530	      0.45641202	      0.82131347	     -0.03653055	      0.81603779	     -0.03513264	     19.15741482	     -1.56153355	     -0.19149048	      0.00086060	     -0.00004851	      0.00004004	     -0.00051085	      0.00830540	      1.32367475	      1.36123854	     14.48483113	     -1.11365886	     -0.26294327	     -0.21660422	     -0.13328865	     13.65874511	     -0.55658465	     -0.12556662	     -0.04689873	     -0.05347458	     15.01483896	      0.07089657	      0.14786090	     16.65130724	      0.72432360	      0.45963869	     18.99424104	      1.50910369	      0.84266050	      2.08092570	      4.00167265	      0.12069642	      2.40047280	      0.29313536	     -0.99140033	      3.47407354	     -2.12141913	     -1.64393774	      2.11322869	      1.06086101	     -0.08986853	     -0.01835574	     -0.01862103	     -0.09674842	      0.05157426	     -0.22575452
      3.77961000	      3.26468068	    -57.35639741	      0.49095909	      2.44858530	    717.40263462	      1.86159725	     -6.71086043	      1.63650919	      0.02571629	     -7.01670712	      4.06291829	      0.15455813	      0.66400532	     -0.03746502	      0.56458472	     -0.03678874	     16.91165495	     -0.44124980	      1.02647052	      0.00087267	     -0.00006891	      0.00005110	     -0.00038922	      0.00852720	      1.34165676	      1.36681300	     12.42464758	     -0.11193234	      1.01044474	     -0.23391513	     -0.16961172	     11.87597981	      0.30269155	      1.14196254	     -0.04648005	     -0.05054236	     13.50799378	      0.79790960	      1.37702331	     15.38639846	      1.32735875	      1.64001708	     17.98479882	      1.98273842	      1.95576154	      3.15355867	      3.73411261	      0.12188824	      3.28628765	     -0.00824472	     -1.14768055	      1.36808746	     -1.82633019	     -0.41728316	      1.93260754	      1.14978974	     -0.05506229	     -0.01130389	     -0.05734453	     -0.05802271	      0.10165140	     -0.02052888
