RHip_x,RHip_y,RHip_z,RKnee_x,RKnee_y,RKnee_z,RAnkle_x,RAnkle_y,RAnkle_z,RBigToe_x,RBigToe_y,RBigToe_z,RSmallToe_x,RSmallToe_y,RSmallToe_z,RHeel_x,RHeel_y,RHeel_z,LHip_x,LHip_y,LHip_z,LKnee_x,LKnee_y,LKnee_z,LAnkle_x,LAnkle_y,LAnkle_z,LBigToe_x,LBigToe_y,LBigToe_z,LSmallToe_x,LSmallToe_y,LSmallToe_z,LHeel_x,LHeel_y,LHeel_z,Neck_x,Neck_y,Neck_z,Head_x,Head_y,Head_z,Nose_x,Nose_y,Nose_z,RShoulder_x,RShoulder_y,RShoulder_z,RElbow_x,RElbow_y,RElbow_z,RWrist_x,RWrist_y,RWrist_z,RThumb_x,RThumb_y,RThumb_z,RIndex_x,RIndex_y,RIndex_z,RPinky_x,RPinky_y,RPinky_z,LShoulder_x,LShoulder_y,LShoulder_z,LElbow_x,LElbow_y,LElbow_z,LWrist_x,LWrist_y,LWrist_z,LThumb_x,LThumb_y,LThumb_z,LIndex_x,LIndex_y,LIndex_z,LPinky_x,LPinky_y,LPinky_z,Time
0.35236848794632686,0.8022366199482854,0.7360320119741058,0.3525517871938371,0.3549037181528151,0.7853170952438335,0.3302892222919419,-0.09903038312869906,0.7865968918266323,0.3377981264992487,-0.11439442013901341,0.649882389818339,0.3967401111356059,-0.11634963655672317,0.6747442281839098,0.3098184390001105,-0.17755349433656642,0.8306885442157309,0.16115183348623233,0.8007592751348407,0.7408379712573236,0.13711419075250525,0.3560493363058511,0.8040811787562823,0.1356205197091605,-0.10220021811580852,0.7939123609393235,0.1556669564864821,-0.07866230963490516,0.6176164242178148,0.10215562534601078,-0.09477939959759514,0.6639500497552385,0.14829612228945532,-0.14752193977163217,0.8315227085273711,0.2530609261110641,1.382921042825237,0.7276481350743856,0.2518920929238873,1.6245628503107474,0.6930947804068377,0.23938945602649753,1.496285002109325,0.6101890676509985,0.3909746158165164,1.296063405371406,0.7265071892866468,0.43336785301230135,1.0491218032317544,0.6576609106607281,0.39848510971715395,1.1490105515694224,0.47388573200704504,0.4114690940748707,1.2605014156387684,0.41763069578701145,0.4257952950995007,1.2664508647343136,0.37128276956902606,0.4082481240131427,1.196875157963872,0.40540317902604417,0.10027415587484635,1.2940538515784703,0.7503627939447827,0.072360507002685,1.0571485050652434,0.7158395527651751,0.048329958441717114,1.104925474817834,0.5229984442081796,0.01959485393444604,1.1922040593163648,0.41543190675514313,0.018057075795365928,1.1783841752830453,0.383547140224988,0.018137807020860274,1.123538033262546,0.3999663450432431,0.0
0.35340393877721704,0.7997634860565722,0.7350552179315661,0.35134452798725196,0.35623758639258585,0.7818569365956652,0.3284796351677418,-0.09793943285931758,0.786203462435217,0.3359955087588847,-0.10795117899909974,0.6428094378577969,0.3920539336320765,-0.11110781762754551,0.6701772075882974,0.3086374767209415,-0.17795091033931743,0.8313697456360785,0.16015457162030508,0.8007369120166966,0.737637385093368,0.13676414896708525,0.3534655592808915,0.8055604316354094,0.1365784628934904,-0.10137990114909033,0.794188066151327,0.1544919575082318,-0.083990002344949,0.6180989741711088,0.10119579447056663,-0.09160212998303374,0.6559946657003339,0.14808052918023695,-0.14712325546813954,0.8311811740871545,0.25450855707186104,1.3814706350573664,0.7285592823385101,0.25206598849102974,1.6242796194155298,0.6931017962076098,0.23976424826125073,1.4959610381514519,0.6108753466062848,0.39242888081465277,1.2968506492282137,0.723411378758031,0.433782627329512,1.0520710671220652,0.6587805359718546,0.4007185718502094,1.1501104865992193,0.46884714602727007,0.4041333705256538,1.2617274245271946,0.41300806678946184,0.42285952566404306,1.2659004695451654,0.3690804025658971,0.40473734524422955,1.1969458810216689,0.3919193773666746,0.10016676068665488,1.2932543451153262,0.749316572612196,0.07789109364435377,1.05936301884197,0.7220261443020894,0.05230616407973318,1.1008858239870458,0.523111425719496,0.022870154830983213,1.187462126597981,0.4137238894576316,0.023825630867483252,1.1749338886532044,0.3690015740266633,0.031448208812139264,1.1162871307130777,0.39289407253572284,0.0169491525423728
0.3543960983578278,0.7977128098660196,0.7339984914662323,0.3502967308802877,0.35716604081885206,0.7788950482498067,0.3269636762435834,-0.09675112965694924,0.7854397879100301,0.33487439324439555,-0.10370691165019025,0.6382594008816405,0.38867214368077296,-0.10691912222772364,0.6663322327049265,0.30769004795717353,-0.17824602547469826,0.8320211213061383,0.15946891397282525,0.8006031059728737,0.7349334519059164,0.1365654513110507,0.35128780496145756,0.8064828894191309,0.1373505764078954,-0.10069770266149616,0.7943296120502118,0.1534479533009989,-0.08687399888723268,0.6181335130645575,0.10072714779879108,-0.09006703093418636,0.6516330876047062,0.1479271857567517,-0.14680135945723943,0.8309337891419634,0.2556018599453973,1.3804680675597953,0.7290001628277932,0.25217084326860445,1.6241584882966507,0.6930809557738292,0.23986268141610181,1.4961310288653134,0.6113054304491403,0.393958223409223,1.2972474172951187,0.7224319520900921,0.43526515397871024,1.0534081454822244,0.6593319054361924,0.4031049161071745,1.151073743590043,0.4653454987235493,0.39868186098197794,1.262998896941861,0.40574863044125237,0.41968262181919647,1.264658334707486,0.3705813741106035,0.40071482620193877,1.1961802115418794,0.3834031275591191,0.10022478533043808,1.292348529694045,0.7488782969936758,0.0814217974180227,1.060305994978553,0.725855555114139,0.0553135093401182,1.0984574091731534,0.5232078651216681,0.02771924731055902,1.1821599321573173,0.4100225738291029,0.029223269976058154,1.1718377810773166,0.3576640663248011,0.042244107937201694,1.1116635481385244,0.3843649993028621,0.0338983050847457
0.35533572301014804,0.7960513426594523,0.7328575410144041,0.3493923534149963,0.35773293022005015,0.776382876710461,0.32572029964889015,-0.09549486467201214,0.7843687687177436,0.334305245757732,-0.10127001732403157,0.6357667838798831,0.3864189821894054,-0.10366676666565583,0.6631403898360746,0.30695650345565745,-0.17845069540306355,0.8326523237677637,0.15906216654768127,0.800368665194258,0.7326815393936501,0.13650353111796065,0.34948762826065616,0.8068973625326347,0.13795374969049407,-0.10014946252817132,0.7943609787248213,0.15258150315178765,-0.08778039683389516,0.6178429704326364,0.10063508359111578,-0.0898547726231318,0.6501790913404151,0.14782776511909104,-0.1465540506948915,0.8307721410218302,0.2564223107658165,1.3798532030782682,0.7289559776937049,0.25222235727852604,1.6241610331081315,0.6930413228081929,0.23977357567807528,1.4966744534388987,0.6114208130911296,0.3955204177284266,1.2973153080486783,0.723047364376286,0.4375635916272459,1.0534129331957773,0.659715552871798,0.4054767813089808,1.1518020242059528,0.4631126789705907,0.3946707190583892,1.2641541881990535,0.39680814714246765,0.4161782311994298,1.2628359663686544,0.37463634912531607,0.39636924593423356,1.1948111230241543,0.3787334195630647,0.1004454424272689,1.291350539932252,0.7490499573442393,0.08335192783107415,1.0602450236792789,0.7279509588159931,0.05754325866017826,1.09721192051524,0.5232937911975435,0.03374850464686774,1.1765198709297215,0.40503201951922485,0.03430398074060639,1.1689014990128899,0.34925619843472566,0.050835030735558215,1.1089005282805067,0.3753842961600835,0.0508474576271186
0.3562135690561666,0.7947458357196949,0.7316280750123814,0.34861535313343006,0.3579821033846161,0.7742718684818315,0.3247284595130853,-0.09420002905492447,0.7830533053250297,0.33415853210084484,-0.10024889525237027,0.6348660918425376,0.3851186900656843,-0.10123396724974072,0.6605327652840188,0.30641719396324407,-0.17857677578476897,0.8332730055628077,0.15890163534876153,0.8000443978717359,0.7308370152552496,0.13656382172137427,0.3480365840915949,0.8068526614011091,0.1384048721794051,-0.09973102062426097,0.7943061462639986,0.15193916634760232,-0.08717529375707617,0.6173502758098209,0.10080500010797248,-0.09064602522194906,0.650946452779521,0.14777394036734645,-0.14637912813705442,0.8306878170567871,0.25705138556726226,1.379565904358528,0.7284119280877148,0.2522362305427093,1.624248830003996,0.6929919610133985,0.23958575123419554,1.497470791060198,0.6111629884438177,0.3970732379004632,1.2971159199654507,0.7247360707100687,0.44042609894246854,1.0523653251462688,0.6603320120967275,0.4076668062765598,1.152197030111007,0.46188057564310214,0.3916560983694334,1.2650316536150576,0.3871423772931924,0.41226000143921204,1.2605448706760496,0.38009599253220555,0.39188928348907714,1.1930715889681451,0.3767892433381993,0.1008259445982203,1.2902745104475728,0.7498335439189036,0.08408079439089043,1.0594476951484344,0.728935529022321,0.059186676477219424,1.0967210481523875,0.5233752327299701,0.040564300113603666,1.170764337850542,0.3994562861776654,0.03912175078064375,1.1659306889174317,0.34349955167176166,0.05753050354671946,1.107231313880646,0.36695713392281004,0.0677966101694915
0.3570203928178721,0.7937630403295722,0.7303058018964635,0.3479496875776411,0.35795740910098706,0.7725134700681217,0.32396710996559225,-0.09289601395610453,0.7815562981985604,0.3343047180756855,-0.10025194466695803,0.6350918297596178,0.38459550821732086,-0.09950394028838075,0.6584404453510365,0.30605247022678406,-0.17863612228016953,0.8338928192331234,0.15895462637995442,0.7996411121961936,0.7293552471893956,0.13673175645485067,0.3469062273673802,0.8063975964497423,0.13872083331274707,-0.09943821682491033,0.7941890947565873,0.1515675021754475,-0.08552478722891874,0.6167783587305875,0.10112229560979308,-0.09212145890272166,0.6532489477940847,0.1477573846016094,-0.14627439073968806,0.8306724045768663,0.2575705603838789,1.3795460341463184,0.7273532151612936,0.2522281630830697,1.6243834551382645,0.6929419340921434,0.23938802827148767,1.4983995209171999,0.6104734504187692,0.39857445805353353,1.2967108515219916,0.7269765261848966,0.4436008345917289,1.0505452162172424,0.661581816929038,0.40950762983084393,1.1521604629692639,0.46138107761579206,0.38919415252965744,1.2654696485061578,0.3777070812935112,0.4078415801730131,1.2578965537770495,0.38581096925344266,0.3874636179144336,1.1911945828735013,0.3764495888442098,0.10136350446436546,1.2891345758576311,0.7512310469726862,0.0840077066048541,1.0581815995903032,0.7294324393477927,0.06043502722854792,1.0965564822236775,0.5234582185017956,0.04777300698446117,1.1651157278551254,0.39399943345409233,0.043730567715686106,1.1627309972484474,0.340115707351233,0.0626400527101962,1.1058891476805621,0.3600886834064642,0.0847457627118644
0.35774695061725365,0.7930697077719088,0.7288864301029505,0.34737931428968166,0.35770269615759887,0.7710591279735348,0.3234152051358342,-0.09161221052597039,0.7799406478050079,0.334579315537742,-0.10074022454281037,0.6358208133853496,0.38469617315706983,-0.09836595628985004,0.6570388598488583,0.3058426829931282,-0.17864059054962067,0.8345214173205641,0.1591884456451484,0.7991696163585171,0.728191602894769,0.13699276865194895,0.34606811300111956,0.8055809781037222,0.13891852252863862,-0.09926689100526485,0.7940338042914307,0.15169039378188914,-0.0833876324273364,0.6161656148181024,0.10146247152577118,-0.09361828544616452,0.655844798435189,0.14776977092197136,-0.1462376374587514,0.8307174909121,0.2582013972895003,1.379711135423589,0.7254040510736735,0.2522238842198647,1.6244745959737412,0.6928909941064876,0.23933673056255905,1.4992455266996756,0.608977911109146,0.39991846079311677,1.296228160664967,0.7289073723965376,0.44656554558556527,1.0484721627938587,0.6641976192206009,0.4109866536597465,1.151747692878195,0.4608130199491291,0.38663031271333204,1.2655126232255098,0.3701658803465917,0.4027606547413767,1.2554050456443178,0.3899325389700215,0.383437658920266,1.1898668107483317,0.37600030593545364,0.10206142775374134,1.2878924883135474,0.7532831881908053,0.08392817848269665,1.0567809662481749,0.7309645889736679,0.06161405701206869,1.0960999310267585,0.5235535139595793,0.05464775931679046,1.1602125497392994,0.39008456868015984,0.04811055287689378,1.158956300992402,0.33943632188750833,0.06663265566983519,1.1034427609742665,0.357305512052233,0.1016949152542373
0.3583839987762999,0.7926325893295295,0.7273656680681415,0.3468881908116038,0.3572618133428883,0.7698602887022744,0.32305169915323456,-0.09037800991494023,0.7782692546110443,0.33482578578799904,-0.10142386170760809,0.6365617335119996,0.38517932708180697,-0.09758332608452072,0.6557196879327457,0.30576818300912734,-0.17860203625347723,0.8351684523669828,0.15957039914823185,0.7986407185495927,0.7273014500700505,0.13733229164622826,0.34549379590591933,0.8044516167882372,0.13901482926519843,-0.09921288304046938,0.7938642549573722,0.15213610291317353,-0.08122985776450571,0.6159413757077906,0.10156353120341097,-0.09539229116884525,0.6588714604545447,0.14780277242852383,-0.14626666725020385,0.8308146633925211,0.2588495410180739,1.3800053130793144,0.7229500373550484,0.25224140085865143,1.6244421736438477,0.6928762604060719,0.23952388640059508,1.4999874342933157,0.6070066543380817,0.4012241766577326,1.2955857678846598,0.7301646832786728,0.44936319715700457,1.046277795140246,0.668392823134595,0.4115280390496916,1.1507927727651817,0.46031714906782367,0.38354774063728736,1.264707799138091,0.3652790953616703,0.39654639448952006,1.252812802783485,0.3914199840139879,0.37991986245127257,1.1892463513552363,0.37428620472493923,0.10301745935630821,1.2865378856592606,0.7563340604192661,0.08392572370020321,1.0555157253027185,0.7329373584084473,0.06281115370285538,1.094998263997491,0.5235395219847461,0.06124018986790311,1.155914778732784,0.3876263789689273,0.05254957921099884,1.1544118334124742,0.34023262676068744,0.06944477124569086,1.099609997576674,0.35869452625407516,0.1186440677966101
0.35892229361699973,0.7924184362852589,0.7257392242283367,0.3464602746854598,0.35667860944529195,0.7688683987585436,0.3228555461472167,-0.08922280327343256,0.7766050190833415,0.33499605157575546,-0.10203421173579391,0.6370776907015738,0.38584269778295377,-0.09721081420381118,0.654499199055198,0.3058093210216322,-0.1785323150520944,0.835843576914233,0.1600677928930932,0.7980652269603067,0.726640156413921,0.1377357587712477,0.3451548309948872,0.8030583229284751,0.13902664296054507,-0.09927203280566908,0.7937044268432553,0.152790903922925,-0.07940827036569255,0.6158756237547957,0.10145741655613574,-0.0970321647158199,0.6615588762706367,0.14784806222135827,-0.14635927907000496,0.8309555093481612,0.2595255200045048,1.3803555453071636,0.7203625437264947,0.2522815627101026,1.6244429749169393,0.692901606254106,0.23996602211091217,1.5005133075053583,0.6049098961182952,0.40236055077703525,1.2949006097141849,0.7304204088542046,0.45195921568788444,1.0439864961571714,0.6741777577370325,0.4109513009199749,1.1490094190014102,0.4600420081124489,0.3796562148205675,1.262735769642509,0.3628369419794836,0.38951637908639086,1.2499003733226404,0.3893748824993622,0.37678220351001046,1.1887907173847907,0.37089211989474646,0.10412981058993127,1.2852298791205299,0.7600344722119976,0.08411544241449237,1.054767320142808,0.7353122100769506,0.06402816653182677,1.093041548659168,0.5234256279695515,0.06715367626189081,1.1522234256660469,0.3870081215999529,0.05704647546267337,1.149131641735172,0.3416847875868999,0.07162871901491104,1.0943663438429854,0.36319434268361084,0.135593220338983
0.35935259146134196,0.7923939999219217,0.7240028070198354,0.34607952345330173,0.3559969332532462,0.7680349046465459,0.32280570024720384,-0.0881759817518651,0.7750108416885717,0.33511050796251585,-0.10245461886989375,0.6374392001295518,0.386530252396652,-0.0973737469628966,0.6536739720778426,0.3059464477774935,-0.17844328260582795,0.8365564435041675,0.16064793288362084,0.797453949781545,0.7261630896250612,0.13818860336056635,0.3450227731811297,0.8014499069496246,0.1389708530527972,-0.0994401801760094,0.7935783000379231,0.15360869741224273,-0.07817969004194392,0.6158460086188638,0.10131308800435318,-0.09817498402098981,0.6633248233241591,0.14789731340056617,-0.1465132718741135,0.8311316161090532,0.260181751248838,1.38078678300143,0.7180255487790371,0.25231692752355067,1.6246628772657619,0.692961184598627,0.24057509511023215,1.500809245766598,0.6027978264532456,0.40314295675962625,1.2943307055466446,0.7296281094287747,0.45431156210065904,1.0412834440536791,0.6817963703705584,0.40927242535157504,1.1458400913452418,0.46064736318171573,0.3751612963075636,1.2594297618010981,0.3618652102228287,0.382429580011479,1.2463224203619927,0.38396029857302766,0.37378518861649235,1.1877772318386297,0.3665290652831684,0.10524051065769141,1.2842221431801597,0.7638021927759608,0.08432487590890259,1.054617648479478,0.7381054062656858,0.06526949665168609,1.0901622177443155,0.5234028343875025,0.07210472269174978,1.1487573026390963,0.3883080964990515,0.061467607689906334,1.1434846804698824,0.3432608998729938,0.07382425431716153,1.0879499740843335,0.368994597925526,0.1525423728813559
0.3596656486313154,0.7925260315223427,0.7221521248789373,0.3457298946571818,0.3552606335551871,0.7673112528704845,0.32288111558261934,-0.08726693650065633,0.7735496228934069,0.3351533770204602,-0.10254780787350393,0.637702850003713,0.38704964729171154,-0.09801380076762527,0.6533973652771922,0.30615991402356213,-0.17834679457503239,0.8373167046786395,0.16127812512370318,0.7968176952041943,0.7258256174021516,0.13867625874774336,0.345069177377754,0.7996751792768733,0.13886434898007344,-0.0997131650266356,0.7935098546302191,0.1545617167599962,-0.07782692937954032,0.616197793234204,0.10124388161772457,-0.0987803536753977,0.6640596025352712,0.14794219906623898,-0.14672644461848933,0.831334571005229,0.2607042453566408,1.3813480978843686,0.7162915668709673,0.25230395312351295,1.6251581798878905,0.6930380974900965,0.24123341065360362,1.5009946134833827,0.600517064588221,0.4035323873443045,1.2939807098472877,0.7279185254659465,0.456411175717779,1.0379065096587607,0.6914725512659758,0.4066168188080381,1.1406012341166156,0.4629998556581454,0.3706328143180604,1.2546704860525002,0.3616338599969313,0.3759898143040985,1.2417452440474095,0.3761804088576762,0.3708882935932343,1.1856474594975428,0.3621643063504502,0.1062503786586779,1.2836664218699252,0.7672210557083667,0.08421368384149859,1.0547828803958195,0.741461991369498,0.06660376645620153,1.0863128724231197,0.5237522030772839,0.07618269534140296,1.144834171471377,0.39105524416175524,0.06570400542498031,1.1378764061420805,0.34437368491646975,0.07646467734860284,1.0804903061583402,0.37471432421848255,0.1694915254237288
0.35985222144890894,0.7927812823693465,0.7201828862419422,0.3453953458391522,0.3545135591395518,0.766648889934563,0.32306074628288656,-0.08652505867022418,0.7722842631645194,0.3350910984213742,-0.10220019552970738,0.6378443568878345,0.3872716211776903,-0.09890339004111523,0.65345803422024,0.3064300705066888,-0.1782547066200634,0.8381340129795022,0.16192567561722868,0.7961672714191403,0.7255831074438732,0.13918415826633784,0.34526559849786714,0.7977829503354098,0.13872402018049243,-0.10008682723269263,0.7935230707089865,0.15557529688846605,-0.07846963082531228,0.6173256310563588,0.10127931435969495,-0.09908370696553256,0.6641269089203201,0.14797439231846818,-0.1469965962590914,0.8315559613667212,0.26098110963562826,1.3820231663930054,0.7153802591452355,0.25222638814329035,1.625883034899832,0.6931012023156929,0.24187969646047536,1.5012253327228242,0.5979807919819593,0.40369721371319023,1.293861863344765,0.7256692178520336,0.4584808811742186,1.0340096320291008,0.7022925575932961,0.40325335360437287,1.1329658321612044,0.4675387314627394,0.3664391288612244,1.248217305143823,0.36235334884481,0.37053171488940767,1.2359115403300074,0.3675869124907445,0.36833153771947846,1.1817212261656598,0.3583691932976321,0.10715416839146318,1.2835286774186196,0.7702219746238719,0.08345734063860998,1.0548884947934,0.7453836310040627,0.06804930949231769,1.081481255234575,0.5248305831732538,0.07978361591943597,1.1400551187002759,0.3943282902744992,0.06959444649235846,1.132352851204796,0.3446422800902498,0.07954931608484311,1.0720879727204493,0.37987777123648636,0.1864406779661017
0.35990306623611057,0.7931265037457593,0.7180907995451491,0.3450598345412642,0.35379955879477876,0.7659992623429839,0.3233235464774284,-0.08597973941098362,0.7712776629685804,0.334919007708798,-0.10142269483452812,0.6378315324705258,0.3872202829257137,-0.09976551185543608,0.6534702633804172,0.3067372679737237,-0.17817887440127203,0.8390180209486082,0.16255789036808532,0.7955134866172711,0.7253909274489062,0.13969773524990864,0.34558359145457906,0.7958220305504211,0.13856675609217262,-0.10055700666932166,0.7936419283630681,0.1565362672341128,-0.07996633725438539,0.6192760263335273,0.1014348949859025,-0.09927740676783714,0.6640513127263782,0.147985566257345,-0.14732152575187574,0.8317873745235613,0.26097425493763415,1.3827384297089351,0.7152057919226815,0.2521540692866192,1.6267347466331252,0.6931278271067143,0.24252026199784105,1.5015477858844954,0.5953705685791016,0.40389470663568994,1.29387029836864,0.7235467819332144,0.4608692134374248,1.030145791066967,0.7121261150560632,0.3995940648891746,1.1232370238308738,0.4739832029689956,0.3623098659021135,1.2397840917361753,0.36496352912060354,0.36605783414927195,1.2285782743767475,0.3600880182103984,0.3661303171770951,1.1751517990739455,0.3556664168975699,0.10792599186952392,1.2837069511105337,0.772725905987465,0.08182869318340168,1.0547644338136186,0.7496111761981905,0.06958801753871945,1.0756376581978668,0.5269602417460906,0.08334483067093387,1.134495511407022,0.39745422849092293,0.07291838654378345,1.1264607610383595,0.34444896063490094,0.082853414137452,1.0630113723182677,0.3846374569585452,0.2033898305084746
0.35972056503415534,0.7931487133497213,0.7161724077295406,0.3445278557984487,0.3534110422633592,0.7648129979875532,0.32359478576134204,-0.08595089994415955,0.7708926548505725,0.33466549960396197,-0.10034126147202363,0.6376725533246854,0.3870290756893491,-0.10040646761057824,0.6532430571105459,0.30688258388396794,-0.17834583075318977,0.8402333231566002,0.1629979521698395,0.794415786239249,0.7250544486066769,0.14015328209994787,0.3457418086922903,0.7945516654052311,0.13860540292858115,-0.10123453017254706,0.7942584674256583,0.15736664278098544,-0.08196749916664864,0.6217992777854251,0.10175471438706321,-0.09927658575146939,0.6640911295183403,0.14799249491232722,-0.14775175774508315,0.8319486606512368,0.26076952370877654,1.3834050585815336,0.7153754702042054,0.2522266447806944,1.6275377156250057,0.6931184070146904,0.2431508240570474,1.5018627009510686,0.5929326912153154,0.4043024156704919,1.293854512102516,0.7222388725829427,0.46357561616841325,1.026989672316608,0.7193430870132902,0.39606039740922455,1.1121588635948996,0.48170456164427206,0.35769525407550473,1.229259566189221,0.3700676164542095,0.3623160552993781,1.2195145583800486,0.3554876308960892,0.3636380213152823,1.165380680210489,0.3551545168691771,0.10840437788968191,1.2841126066202038,0.7742137514233254,0.07921967967525718,1.0544337875415866,0.7538528734041514,0.07128011751998029,1.068794898532119,0.5300176389159115,0.08730024309100728,1.1281968473808377,0.40059361731334703,0.07569941266031611,1.1194818540715565,0.345074264552823,0.0863241635851848,1.0536604145847188,0.38931023220757577,0.2203389830508474
0.3593762998826008,0.7934660810435294,0.7134672181806495,0.34388821335853903,0.3533571754607465,0.7634721519998552,0.32387664233838387,-0.08612852757103952,0.77099964863811,0.33437634127544225,-0.09913547253729407,0.6374166137128398,0.3868255540632712,-0.10076646995488667,0.6528629774857829,0.307137343048341,-0.1784238013575578,0.841439682434205,0.16321523089011045,0.793637458898338,0.7247050423018544,0.14059039047041322,0.3461346693854538,0.793267283257628,0.13864499815211676,-0.10208302540929302,0.7950678618719341,0.1580807665865646,-0.08405086534851242,0.6245387884023744,0.10228028619896984,-0.09889047496346488,0.664181175937433,0.14791202727944305,-0.14826491954642107,0.8321377017710818,0.260567218972991,1.3839467318029364,0.7156026062260814,0.2525490432930954,1.6280628761370926,0.6930830132021721,0.2437423927128468,1.50202025798928,0.5907331706178197,0.4049384712408244,1.2937620344353704,0.7219966878014634,0.46607033362384054,1.025071083499524,0.7243380912514786,0.39294151142927525,1.1006189717473132,0.49018875850498367,0.35235209642352033,1.2169000222475157,0.37716511205021214,0.3587135589761954,1.2086803954180154,0.3546298509318536,0.35987778212619503,1.1524356707429881,0.35809628949336003,0.10842251138014318,1.2846205899053875,0.7741568182535472,0.07579621475345033,1.053977738605093,0.7577316515931298,0.07323281778056007,1.0612072637263885,0.5333264787752279,0.09205870425462542,1.1209122120897654,0.40432028524096975,0.07841746653512272,1.1107641717914525,0.3481218275099854,0.0901976060993995,1.0442192636916434,0.3943319122934942,0.2372881355932203
0.35891551938066135,0.7939364274437314,0.7100906233904629,0.3431892665740602,0.35351160803495263,0.7620395414864196,0.32415641295460274,-0.0866100766354099,0.7717186193601513,0.3341018166989162,-0.09799282589241304,0.6371265435918788,0.38666482892057463,-0.10086617071559273,0.6525097728395611,0.30743785514452227,-0.17841491188099212,0.8425231866560049,0.16323633898674364,0.7933092711774793,0.7241630192065776,0.14099769289241196,0.34664358359397296,0.7918171751134031,0.13868405884600357,-0.10304693801363855,0.7960344760858369,0.15872154378097988,-0.08587434990936993,0.6270986279551072,0.1030495121868351,-0.09810334608776934,0.6642121035926073,0.14773490000515344,-0.14884228198991065,0.8323420841777202,0.2605807533530382,1.3842971875576042,0.7160485076125738,0.2531243320509279,1.6281360504126356,0.6930283515696339,0.24432169351982558,1.5019285116757228,0.5887653731954379,0.40571372173865655,1.2936588952712587,0.7224840242437862,0.4677106219607568,1.02467994409465,0.7290081880335991,0.39038406237339957,1.0894840966808674,0.49896142220463463,0.34640372467435254,1.2033847428413673,0.38490428740913285,0.35438901707384546,1.196373923073759,0.35684961872215515,0.3542176450658203,1.1367182868440253,0.3648132145358686,0.10801698108468177,1.285046385179759,0.7727527923580544,0.07203886389746973,1.053534143417091,0.7605832630278017,0.07544892377059534,1.0533715240128272,0.5361702697150983,0.09774904245430852,1.1124390928856824,0.40872591758791105,0.08179848246401429,1.0999008465415288,0.3545333228482559,0.09479213336870942,1.0343933635226246,0.40037993505893776,0.2542372881355932
0.3583220240826741,0.7943700568088435,0.7064369673776016,0.34248959296206516,0.35378040000144156,0.7605875472494866,0.3244511652230946,-0.08746929062309512,0.7730844918435185,0.3338881261777341,-0.09708472382047642,0.6368577438629835,0.38655853206392243,-0.10078094399580714,0.6523052168144521,0.3076920558139095,-0.17839750266787494,0.8435230179238372,0.16312261984600446,0.7933523862578447,0.7232968955975257,0.1413516465088892,0.34713814219615435,0.7901424826873461,0.13872841593067808,-0.10403525816806758,0.797119511158718,0.15923864475103236,-0.08721328199051097,0.6290542947538817,0.10410616207983119,-0.09709954474836843,0.6642048570103921,0.14746323501671865,-0.14945367993214326,0.8325391622342335,0.26092775603996105,1.3843619966700889,0.7170651575998326,0.25387776791723843,1.6277427212422366,0.692964118060045,0.24496652599388033,1.5015787677048313,0.5872018345487768,0.4065235355818424,1.2936044703604397,0.7231362410817725,0.4682050226808341,1.0258037388951546,0.73507942122423,0.38841931814541997,1.0795063510038965,0.50733754429973,0.34007475680660065,1.189380095705862,0.3919292683744145,0.3486195080715348,1.1829282382239037,0.36070884281135784,0.3466767555671518,1.1187672018961294,0.3743032418487259,0.1073632615662361,1.2852563409127893,0.7706672524831696,0.06841845806042612,1.0533276875504478,0.7617929068178764,0.07777248139336009,1.045793672685729,0.5382432010780631,0.10409614734489318,1.1028040098170957,0.4132710651020212,0.08643996441859726,1.0869506899558004,0.36398155821365047,0.10021173987244282,1.0238208711325747,0.4075927137911454,0.2711864406779661
0.357521764543294,0.7946155223652372,0.7030355795683823,0.3418092107539656,0.35416259674036865,0.7591069151152376,0.32477997213817833,-0.08868029257727465,0.775010360279633,0.33376695085676,-0.09653898205539521,0.636657714631657,0.3865172768113697,-0.10064438050535926,0.6522716219871751,0.3078445943733494,-0.17847752275164672,0.844676495203093,0.16292800391503892,0.7934445247464988,0.7221753492794645,0.1416296484077821,0.34753020645676597,0.7882852716610765,0.13878049106781168,-0.10496037114449859,0.7982836677376882,0.15949270813040461,-0.08793802366464357,0.6300748480990372,0.10540085140064814,-0.09611665718817874,0.6642028127547942,0.14710508129719616,-0.15006476535543545,0.832702874149717,0.2616097296473746,1.3840412216528402,0.7187963856059507,0.2547029424928221,1.6270326614333301,0.6929125054635693,0.24567565522651758,1.501017580064011,0.5863386633864042,0.40726353890237543,1.2936029138967327,0.7236071756061075,0.4676843063299891,1.0280050925215176,0.7432625140725097,0.3868990017010715,1.0712646085990454,0.5145933369689847,0.3335284828824955,1.1749037470785224,0.397529871689009,0.3412431253499069,1.1681923373011045,0.36541824863871686,0.337893402601428,1.0993581993694477,0.38498540699803485,0.1065586817123503,1.285298722112175,0.7682368137042453,0.0650788134334552,1.0535190876779954,0.7615088715081151,0.08005101672433809,1.0387878924225573,0.5397538085437952,0.11064455509446001,1.0920927613652893,0.4174722666078713,0.09261642749643548,1.0726988810153335,0.3750930900831442,0.10622330172691039,1.0126049279625777,0.4147354786407534,0.288135593220339
0.3564722064195479,0.7944658644368454,0.7004159791486794,0.3411352898038892,0.35464882595855535,0.7575273022278805,0.3251236124437068,-0.09014143585344957,0.7773287172973172,0.3337352057225854,-0.09637279632044511,0.6365557287725554,0.38653602900266026,-0.10056673298694258,0.6523350575033597,0.307890175643038,-0.17871808097692188,0.8462044567879266,0.16268819985063132,0.7931945226849627,0.7210270530975471,0.14182282174522828,0.3477981775184465,0.7863448288707753,0.1388316410525523,-0.10578078768239375,0.7994920251363195,0.15943654135202806,-0.08805013492344661,0.6301419738184896,0.10674411163000659,-0.09527086634112761,0.6640306468381219,0.14667402833288082,-0.15064404093144654,0.8328097068868636,0.2625302267091598,1.3833499830996385,0.7210751903734469,0.25548412039338475,1.6262212595606338,0.6929011217703109,0.24628018815112412,1.500334170967513,0.5862603382472068,0.4078197654305975,1.2936604839857453,0.723831529134171,0.4665239875904027,1.030462267559313,0.7536757787108392,0.38549934258460306,1.0649896701199664,0.5203049121402132,0.3269691426732221,1.1595081912743208,0.40162544612069756,0.33277516179865485,1.1516681176765649,0.370986384259762,0.3289668511450844,1.079577776055688,0.3955785650855401,0.10558865220494218,1.2853625981023789,0.7653454945331104,0.061924157453665606,1.0539877632998027,0.7608284096007096,0.08238467135364995,1.0323903078057894,0.5413955772879679,0.11705280485128,1.080325412021908,0.4217123063870274,0.10020267767120529,1.0583971565656904,0.38627123148254705,0.11250301117233352,1.000950715940848,0.42034519887357,0.3050847457627119
0.35519897549989254,0.793691362091197,0.6988543628368337,0.3404914109991994,0.3550716466419795,0.7558728638608028,0.32541886290556776,-0.09171520477535693,0.7798268983848429,0.33374363067535256,-0.09646390269067515,0.6365625823579169,0.3865578309020533,-0.10053636717935752,0.6523605295212137,0.3078453558335498,-0.17912961664845203,0.8481082567325878,0.16243028490723033,0.7923309079888271,0.7200645465953837,0.1419322536333269,0.3479550288700137,0.7844441530623436,0.13887391253215337,-0.10650051034712128,0.8007165651656054,0.15930195748191814,-0.0877196614568935,0.6296099535150272,0.10798255080093525,-0.09446434364293552,0.6632872212333758,0.1461878145352404,-0.15117167217960886,0.8328490526114928,0.2634884513423974,1.382474140954173,0.723417985138352,0.25610632506089026,1.6254792715333672,0.6929392196286166,0.24651741063852417,1.4996587179999563,0.5866459205078409,0.40811167825115935,1.293787380803081,0.72382830193783,0.46517109895534103,1.0323013521873257,0.7662162811938815,0.38395489787296055,1.0602620481992198,0.5244166372066819,0.32081968585099774,1.1430615011178316,0.40451933419434805,0.32414746021481944,1.1332641792314524,0.3772215038516637,0.3211444423206623,1.0605655130648963,0.4051858617339086,0.1044628760189344,1.2855661187162466,0.7618948121144578,0.05891465996190284,1.0543755000665496,0.7611280226406398,0.08509191078790856,1.0263891314711846,0.5439601210295926,0.12323084142792576,1.0675043225065222,0.4272210304883681,0.10864287842288135,1.0450243067207274,0.39631603090953116,0.11889829473807241,0.9886094226527579,0.4245813487594085,0.3220338983050847
0.3537456051760614,0.7922880145381686,0.6981912630896778,0.33996024523573315,0.3551682565908054,0.7543103548837194,0.32560414539470733,-0.09329550381825097,0.7823388338374698,0.3337272290445412,-0.09667151718358843,0.6367163812406004,0.3864952414863657,-0.10046576281154687,0.6522384662397334,0.3077274215755941,-0.1796797686069626,0.8501285582557117,0.16215834281576016,0.7908459895756361,0.7193352019380003,0.1419553446604449,0.3480039718768106,0.7827179712634095,0.1389249439156608,-0.10715283745567054,0.8019377054533695,0.1595091586668243,-0.08722211096654309,0.6289205372647826,0.10914618835261636,-0.0934908559580114,0.66167900805567,0.145666905304627,-0.15163925013789983,0.8328244311820292,0.26421909197422533,1.3816593367688792,0.725131588860849,0.256479429267245,1.624908966387204,0.6930038326981074,0.2462370407335152,1.4991306733032372,0.5869988367381657,0.4081586091271082,1.2939273573977843,0.7236037534002006,0.4640911339388024,1.0330104799735051,0.7799668245039164,0.382264234416751,1.0560448853380457,0.5270995565283957,0.3155355702546615,1.125937155179912,0.40693533185062347,0.3161920679758542,1.1137376598691562,0.3834211145929755,0.31543975373251565,1.0430042874839502,0.41290218442352095,0.1032950566787324,1.2858225382906214,0.7581247663446207,0.05613791806293146,1.0543530931824059,0.7632320865999238,0.08840074645535659,1.020402722346342,0.5477870220660404,0.12924025677706763,1.0538962348226737,0.43490383986404635,0.11716747398720972,1.032833130222153,0.4043383987720668,0.1252908284490318,0.9753285967170602,0.4289261630467998,0.3389830508474576
0.35214009061301726,0.7906167167697388,0.6978770335117499,0.3395925795951199,0.3548814466379393,0.7529367487648624,0.3256691592671904,-0.09484830748229857,0.7848095775786234,0.333666253652665,-0.09691863239441793,0.6370217957492046,0.3862987624893395,-0.10030348993194348,0.6519534323406008,0.30756921869161336,-0.1802930412644439,0.8519149733038122,0.16183295150776109,0.7890334044707068,0.7187351069856529,0.1418753113120378,0.34795024430527044,0.7812866777910978,0.13903446344286227,-0.10779123179016219,0.8031439304503405,0.16031636390914283,-0.08676609753585167,0.6282605153517431,0.11033358437142718,-0.09221978042364798,0.6592791422466209,0.1451317579613346,-0.15204284328183626,0.8327445161712271,0.26450784734227806,1.381064419337587,0.7256329147468908,0.25658865281017745,1.6245715245071182,0.6930594647830268,0.24556771730723465,1.4988383778826313,0.5870601028851778,0.4080964451305953,1.2939531892472382,0.7231797695033095,0.46374290683592745,1.0326105309057796,0.7927001813921617,0.3806356672288862,1.0511439381491123,0.5285615144332092,0.3111468109788559,1.1086294314399197,0.4099459270872896,0.3091560631895896,1.0944120645567508,0.3887976515020152,0.3122530752839458,1.0267812121216062,0.4178736043263457,0.10225058042260915,1.285919636571844,0.7545163346554089,0.05358519828528759,1.053773858392689,0.7671662599209881,0.0923720996843859,1.0138156439414818,0.5527455917538998,0.1351875855115636,1.040224247092465,0.444467365141919,0.12519381627859338,1.0213710972695649,0.40970418365468286,0.13142339368021944,0.9615051815174858,0.4344671722076471,0.3559322033898305
0.3503965711191245,0.7892018687885134,0.6972221581386026,0.33933558267792086,0.35449666305904515,0.7516334716848039,0.32565614959919514,-0.09634019757218673,0.7871864590638897,0.3336271095738625,-0.09705307650277256,0.637235401767,0.3859965633215536,-0.10006291763993963,0.6515649915391112,0.3074216670647992,-0.1808297549959969,0.8532151335579576,0.16137788102049935,0.787304532546714,0.7181747852256679,0.14167277580949802,0.34781378533148266,0.7801943582921853,0.13925069744475468,-0.10845603055602968,0.8043237779684463,0.1616146127156268,-0.08633785534892593,0.6275841925063924,0.11155236923320148,-0.0906630991990019,0.6564277369196956,0.144597106892487,-0.1523809623358569,0.8326179249666094,0.26427858783911096,1.3807204624287284,0.724707809623578,0.25652606291831836,1.6244799560931789,0.693086421447816,0.2448377866880218,1.4987718039371942,0.586903433010087,0.40808207348556536,1.2937595175382057,0.7226268706588994,0.4643771815564448,1.031451657589511,0.8019677132234495,0.3792742125746371,1.044573115426356,0.5291008047961281,0.30710715487926743,1.0914859194446238,0.41445639026021686,0.3025811924140547,1.0764316503949691,0.3926098045727043,0.31106694383262984,1.011369407808099,0.41990583164182876,0.10144639304015099,1.28569192785036,0.7514620085962421,0.05099803592963119,1.052616838885816,0.7725373735432788,0.0970716640039763,1.0058897886962939,0.5584875566461383,0.14141531224003345,1.027173168420007,0.45500835156497366,0.13260684084126823,1.0097429170900258,0.4125696454988664,0.13704969909617282,0.9478319772245571,0.44124930241616855,0.3728813559322034
0.34851151729195595,0.7884025750601021,0.6957420305111444,0.3390789022109197,0.3543970194287535,0.7502162551252732,0.32562612921881456,-0.09766016126533919,0.7892959558957101,0.3337299862828227,-0.09679008682585523,0.6368836642796268,0.38568828800908417,-0.099789498853012,0.6511260273607962,0.3073177600130858,-0.18111385547784134,0.8539134333758018,0.16072435206060187,0.7859190160657192,0.717653625431248,0.1413617908558669,0.3476189349009582,0.7793370834527598,0.13957741843035734,-0.10913844091197542,0.8054556999120801,0.1630727113312746,-0.08576157477305921,0.6268635939619485,0.11270897360363283,-0.0889883744383128,0.653493205737648,0.14407038212591766,-0.15265742068087965,0.8324585604731212,0.26361183188577275,1.3805874833938334,0.7225807202994177,0.25642962405682596,1.6245745119711141,0.6930869729935623,0.24432126983728236,1.4988310307525685,0.5866996195779303,0.4081653121436365,1.2933300579233147,0.7220544043029502,0.4658010210296589,1.0298613611231286,0.8069419587516478,0.3781847191533454,1.0357066159065749,0.5294063433817444,0.3025455387922513,1.0746933831857866,0.42081956486203154,0.29566220813342325,1.0601524704947702,0.3941320037862952,0.31062029863929147,0.9964318558971859,0.41988878333233837,0.10090198573480366,1.285151384518863,0.7490706120230723,0.04809760700765478,1.0508916613795947,0.778866128371809,0.10256014821205348,0.9963192148669648,0.5644022997430165,0.14859261949043903,1.0148344638146172,0.4658998868672042,0.13995724771444923,0.9970533287055044,0.41443800253166396,0.14218666610356961,0.9345081318493197,0.4490215808052847,0.3898305084745763
0.3464940963174515,0.7882614746421286,0.6933709422058225,0.3387211809718197,0.3547680210253105,0.7486026714595805,0.3256197904868443,-0.09867362939328261,0.7909256630448182,0.3340565615750101,-0.09592318775157478,0.6356307590337523,0.3854970545657874,-0.09952617617805148,0.65061179455113,0.30724935735310305,-0.1810433915801236,0.8540085385208515,0.15986302181215672,0.784887923042677,0.7171413582766398,0.14100574970875698,0.3473821922472244,0.7784780423806078,0.1399643909486162,-0.10979402445428312,0.806506852193177,0.16440513211066884,-0.08493621507507781,0.626197962440548,0.11368604288735235,-0.08753858736257747,0.6508039367236577,0.1435593215603529,-0.15288038630954115,0.8322884879325875,0.2627213167021911,1.3806340264351533,0.7198691073391017,0.25637948533324445,1.624741860102951,0.6930738821292073,0.24411838288389354,1.4989037450880127,0.5865349502979348,0.4082823322212993,1.29272126197046,0.7215685513923901,0.46748607699239747,1.0280657684527335,0.8085525578978847,0.3772100307661713,1.0244859292434763,0.5303239747226244,0.2966756864406108,1.0584104430130585,0.42890804158050494,0.2878483330861094,1.0452134142446186,0.3930325402213195,0.30970663442853635,0.9817043839457903,0.41943227592710564,0.10058947186860098,1.284450604183908,0.7473491795895222,0.044923018864985106,1.0486709843316735,0.7854666492806981,0.1086841240559786,0.985528663112617,0.5697373160696835,0.15729016017036462,1.0029482111993733,0.47675289000025,0.14850705801211014,0.9827969936857468,0.41801176711702726,0.14727233544137747,0.9209670685422171,0.458314345417752,0.4067796610169492
0.3444316512895595,0.7885717394806158,0.6903958472994423,0.33818888993814555,0.35554980213584747,0.7467981976725447,0.32563663330192344,-0.09931542349600535,0.7919709216129873,0.33459250172418575,-0.09447302214830464,0.6335020948469214,0.3854978853742731,-0.09931768281123643,0.6500179615972433,0.30718996811199667,-0.1806662993696375,0.8535870526506112,0.15885023492478048,0.7840997931527265,0.7165195394888497,0.14067382223106242,0.34709973834644336,0.7774359037837677,0.14033179459293593,-0.1103800007222998,0.8074390645145679,0.16547456426861973,-0.08394094993295617,0.6257405062709829,0.11443188381008806,-0.08670864236642457,0.6487433488400517,0.14307906686173963,-0.15305311416665604,0.8321239296923344,0.2618640589134438,1.3808416737094937,0.717323056801715,0.25637786189944645,1.624856969668633,0.6930508190851381,0.24423354223596871,1.4989432718301579,0.5864196575355055,0.40835764211654174,1.2920148312671522,0.7212639210824678,0.4689468342459825,1.0263366332854464,0.8079909018130891,0.37629223574928267,1.011531434472228,0.5321526108655616,0.2893543530955662,1.042738111061452,0.4381664472095493,0.27936160262269044,1.0309992638832473,0.389882228874295,0.3079177705361992,0.9666471695748402,0.41985603371713565,0.10051029707225839,1.2837189835855147,0.7464523087481796,0.04181540254152051,1.0461919601586585,0.7914246059065623,0.11497249037141918,0.9743164583611184,0.5741413366540997,0.16745985744341696,0.9912738144674261,0.4869626543324388,0.15959306099036438,0.967054415379781,0.42585677531294686,0.1531431637848171,0.906279318964623,0.470575139631998,0.423728813559322
0.3424855930697469,0.7890524878078945,0.6872294438094183,0.3374568237693396,0.3565243664173713,0.7448415270697589,0.3256528091150776,-0.09958277572285619,0.7924278643074772,0.33524151300110705,-0.09259629110306711,0.6307456912183761,0.38573712578875785,-0.09928979111597575,0.6496654165485852,0.30712719661106663,-0.18015468735335094,0.8528152803800049,0.1577886208951344,0.7835050953648842,0.7157109808313964,0.1403926914372181,0.34676172506445624,0.7762557239462888,0.14061569087377473,-0.11086881253318094,0.8082153069223371,0.16621327511974948,-0.08293673757483723,0.6255916355151413,0.11494847041884285,-0.08669801827082049,0.6477207496386425,0.14265047273623283,-0.15316932514615145,0.8319675551903545,0.2612277366414928,1.3811290174866169,0.7154704453475026,0.25640279827992984,1.6248084112543,0.6930034907157139,0.24465068625374148,1.4989622591009266,0.5863488407898659,0.4084077343290984,1.2912896501295126,0.7212469310258385,0.469975274079941,1.0248817073116403,0.8059865500968425,0.37560508956492566,0.9979538959200328,0.534612473411293,0.2814886700564698,1.0273939011064503,0.44753988240893583,0.27138496348102764,1.016771319092275,0.3862583663186676,0.30566184011135916,0.9508226004826491,0.42146465047937676,0.10067614305355901,1.2830259613705481,0.7465290711873096,0.039118111814644904,1.043795184156478,0.7961166129844146,0.1207849958485348,0.9634262270437572,0.5778995219829197,0.17831810729096886,0.9795276955932116,0.4956271093696287,0.1735674162798581,0.9505480702221932,0.4386940209409101,0.16064469408503088,0.8899100718754293,0.4868701272247064,0.4406779661016949
0.3408025406513243,0.7895328044064671,0.6841637021896766,0.3365882586347245,0.357380801818573,0.742833323768551,0.3256552294108466,-0.09950225046763714,0.7923402948494632,0.33586998041006444,-0.09046628387819136,0.6276524594485784,0.3863093622925723,-0.09968236262802822,0.6502445858816415,0.3070700078569014,-0.17967906161096403,0.8519191250876941,0.15681441108739735,0.7831638533626584,0.714763052805309,0.1401594024114909,0.3463507156608028,0.7751215362997821,0.14080045059318402,-0.11124005962837734,0.8088001982353779,0.16656877619035215,-0.08211290797554661,0.6257552354085695,0.11520650520138151,-0.08733935738938652,0.6478178579809607,0.14229197456811662,-0.15321935514976193,0.8318228065624522,0.2608921700792659,1.3813510521981067,0.7145071026575375,0.25644310546801163,1.6245243073656486,0.6929151794660433,0.2453082912780879,1.498972937568539,0.586325389718265,0.40855752011394064,1.2906361479988797,0.7215495507848333,0.47063768445044524,1.0236278881973524,0.8031546952492242,0.37543945485158947,0.9850572134261,0.5373667510616835,0.2747757391191535,1.0117223944158593,0.455497462543727,0.265746184032674,1.0015196392358443,0.3841929200444818,0.30363847747744943,0.9345356963333448,0.4237375726841094,0.10101472918619309,1.2824758120303528,0.747341734376856,0.03695836145741593,1.041686194758984,0.7997174490349928,0.1255986815515115,0.9534014392456537,0.5816644824664811,0.18868453776699212,0.9674966475091827,0.5020437316462227,0.18942111999551875,0.9343725841211468,0.45529648402761125,0.17008041936246548,0.8721136196424515,0.5067724794062317,0.4576271186440678
0.3394659622399081,0.7900716415400967,0.6811299919113988,0.3357348543273266,0.35783656095084393,0.7409732244323254,0.32565916577687526,-0.09917953503620382,0.7918716167288027,0.33638036905543656,-0.0883287051426729,0.6246159177805585,0.38728244738307616,-0.10070941682138197,0.6523331416483389,0.307048848767318,-0.17928931251802813,0.8511139011341741,0.15607211123233306,0.7831490561930213,0.7137428748010612,0.13997240202579248,0.3458176124051021,0.7741697116494404,0.14090078901942954,-0.11146980995432569,0.8091529342950001,0.1665902334010121,-0.08169245767350375,0.6261292999444272,0.11522351903788283,-0.08806052490828253,0.6484219566353474,0.14200562541050352,-0.1531930609564666,0.8317007289938738,0.2608334187598667,1.3814129883255148,0.7143422415829315,0.2564963455810736,1.6239862549556325,0.6927834436448059,0.24603514936347068,1.4989538757398932,0.586362945138712,0.4088867189471906,1.290178879778969,0.7219331633028011,0.4711304160668299,1.0223891677483559,0.8000751305830742,0.3760978938904829,0.973931062131129,0.5401935002379816,0.27089759796544033,0.9953460165114754,0.46031680184389884,0.2641404731195606,0.984193772644514,0.3850018339713622,0.3025009919480636,0.918703999759981,0.42604047480872365,0.10134315138757835,1.2822133317822302,0.74820175588778,0.03527874735310177,1.039856664013145,0.8028849988549451,0.12919214310808586,0.9445722364079491,0.5860550660745466,0.19751529038613433,0.9553896969118405,0.5064257624315922,0.20526601866345864,0.9194221921038935,0.4738918387887166,0.1810532017722067,0.8536763426387687,0.5289059005528761,0.4745762711864407
0.3385130090151318,0.790937750521614,0.6776773381629119,0.335062141502452,0.35784085412699596,0.7394881093289687,0.3256976931803851,-0.09883659791786502,0.7913615793836032,0.33679605474982166,-0.08667742803380303,0.6223209472338187,0.38859189369725844,-0.10245833480260469,0.6560696302728857,0.30710605619966247,-0.17898943539450157,0.8505903307575754,0.15569210593337823,0.7835115686991425,0.7125930741803835,0.1398298001502607,0.3451373417795815,0.7734371733694938,0.1409266701020212,-0.11153388917194687,0.8092345127055658,0.1665122112739055,-0.08179196996517848,0.626534113527383,0.1152241472621387,-0.0880887028836444,0.6485011276413533,0.1417616503005216,-0.15308490239636308,0.831609576020456,0.26093173330776187,1.3813366760131354,0.7146255860113282,0.2565612384254467,1.623230769924848,0.6926217955566618,0.24656025187914216,1.4988752853336964,0.5864866505152073,0.4092458887637722,1.2900238278184775,0.7219114195709078,0.4715438352706972,1.0211731726181474,0.7971316929920393,0.3779071042750586,0.9649183544560799,0.5430906118649503,0.2707810410569769,0.9787042536476017,0.4607477852102968,0.2673067558984693,0.9644396176448187,0.38857301287607715,0.30305671614421226,0.9040462343201041,0.42826706706032447,0.10146809945617574,1.2823174562877881,0.7483643205271366,0.03402121161112944,1.0382945758329467,0.8059033574613267,0.1315507729676507,0.9370432938277555,0.5912452019848944,0.20419943125972734,0.9437837312326587,0.5099143433125928,0.2190720907714839,0.9060209042808842,0.4929309282939114,0.19271234932162806,0.8356604717623329,0.5518819748083273,0.4915254237288136
0.3379363166389378,0.792411465051251,0.6733990956847313,0.3346531684654726,0.3576331693174245,0.7384936829955845,0.32578365301074425,-0.09868181764395813,0.7911294570702343,0.33723174867021133,-0.08614614256566033,0.6215460477648698,0.3901035000489502,-0.10483802823430172,0.6611748080798487,0.307246658978253,-0.17884271666032414,0.8504600659107014,0.15576826057451174,0.7843330398292262,0.7111412108545746,0.13972036953648778,0.3443805098293038,0.7729033553347485,0.14088215812790597,-0.11144042853896918,0.8090594668369029,0.1666168496278102,-0.08230247691811507,0.6268162499877624,0.11553115966716818,-0.08691550763222454,0.6473902469399043,0.1415093768326128,-0.15291678543731127,0.8315454317301114,0.2610429523464781,1.3812111791576611,0.7149410728523498,0.2566349973232856,1.6223928257437095,0.6924585098542229,0.24665384961759618,1.4987623253718865,0.5867177471963567,0.40934660530160993,1.2901633804295862,0.721097039636339,0.47174867848883284,1.0201752260735204,0.7946518650268687,0.3811520766747738,0.9574845377319994,0.5465448994547295,0.2744620116643827,0.9628798906282476,0.45662054409914643,0.2747936652473607,0.9432191414452125,0.3939345740002002,0.3064268205178265,0.890437306861249,0.4311726017056568,0.10129900670684698,1.2827153688693467,0.7474684396738478,0.03318386246563998,1.0370773798874213,0.8085249517729868,0.1327070179282705,0.930643199094125,0.5969115019259815,0.20849720401155952,0.9333328665652103,0.513686650178898,0.22931387821255697,0.8940329736301307,0.5108202497009079,0.20391510557475415,0.81949736280881,0.5740333576639955,0.5084745762711864
0.3376948736681339,0.7945649358007835,0.6684517087066157,0.33447378021547725,0.3575576744836066,0.7379262862446779,0.32588496659185096,-0.09872891437794608,0.7911973110414783,0.3377559042104147,-0.08695937622590871,0.622503512904049,0.3916822346960529,-0.10733653899122078,0.6667226594665225,0.307409050739913,-0.17887228700558236,0.8506093818218554,0.15630756934344664,0.7856803664699952,0.7093034516624375,0.1396301812714426,0.34368487852806495,0.7725381917960308,0.14079343746007245,-0.11128049521674885,0.8087755284393945,0.16698004631838592,-0.08298755447504857,0.6269325913762612,0.11627576448160745,-0.08460945682743964,0.6451480506476772,0.14123491332578517,-0.1527507736493398,0.8314963931042497,0.2610959750026116,1.3811355661963522,0.7150980976354224,0.2567093304198368,1.6217375867636463,0.6923361084657779,0.24627742036957845,1.4987292700762354,0.5869916326452539,0.4090543567034818,1.2904871625230376,0.7194644689191598,0.47154355414992727,1.0195803264558543,0.7930389691072032,0.3859100549474975,0.9506922620892079,0.5512710742230326,0.28158119081034494,0.9489086853412388,0.44906985494706797,0.2855201868222528,0.9225961367181038,0.4000052692717374,0.3135307472654383,0.8770588024408505,0.43602732817719975,0.10085763164307465,1.2831961215741383,0.7455970561583203,0.03265648183173124,1.0361852186459608,0.8106911404026389,0.13283703810028008,0.9250094676079,0.6026472690734886,0.21043248807682646,0.9246691325561598,0.5182676571659341,0.2352194926644235,0.8832960725265548,0.525980967565821,0.21311803004164023,0.8068191632103948,0.5927047655498556,0.5254237288135594
0.3377580436862346,0.7972242602632126,0.663520461639622,0.334430241309864,0.3578413573719007,0.7375938891660634,0.3259487953587612,-0.0988187637214137,0.7913216433456143,0.33835316671846133,-0.08863136011519243,0.6245774601653523,0.39317989763165073,-0.1090637245870045,0.6711479412192529,0.3075186585367463,-0.17898463597150072,0.8507670877174354,0.15720252661944034,0.7874975759671279,0.7072301140109244,0.1395520264381468,0.34319071694854214,0.7723454906896334,0.1407238853271449,-0.11121181786449345,0.8086361700640018,0.16743668556729452,-0.0836017192444482,0.6269553415797572,0.11732553422737578,-0.08172093453220193,0.6422925379576128,0.1410052361110134,-0.1526508234506695,0.8314611450290837,0.26110001176787406,1.3812061432433924,0.7151552366689151,0.25677080913020556,1.6215612724004955,0.6922995632747301,0.24556183368556822,1.4989497097601792,0.587037848335809,0.4084878205911058,1.290884056662975,0.7172924659031658,0.4708520941925787,1.0194379779836542,0.7926145915194485,0.3920442539632782,0.9437541220595238,0.5575854059860735,0.29181994571716097,0.9371788788179376,0.4404345457186548,0.29855364243114113,0.9046181798254362,0.40564853044572535,0.32437182794477976,0.8633092311808331,0.443471471315587,0.10022010810978671,1.2835728249336376,0.7430550562025197,0.03215915813448267,1.0354460072756935,0.8128089750566769,0.13233279187888197,0.9199344879541045,0.6082205070745211,0.21031926406111484,0.9182674759623701,0.5236264608820079,0.23661270458583142,0.8741703282293698,0.5372609098965154,0.2184070514980317,0.798781744795375,0.6046982209445008,0.5423728813559322
0.3381146337740632,0.8000910121252925,0.6592823044595534,0.3344478356476352,0.35853103762430316,0.7373040122065514,0.3259350623177245,-0.09878603821281517,0.7912468463776013,0.33896389740706145,-0.09036253766803294,0.6268208187482958,0.39442925287885194,-0.10938156313395836,0.6730331774839192,0.30754830832843844,-0.17906257301087247,0.8507432670570185,0.15827443528006505,0.7896124837163967,0.7051706553281142,0.13948712919723666,0.34299139352122954,0.7723768257653474,0.14073565797727772,-0.11131786177105667,0.8087759914645527,0.16779402207024963,-0.08397199728474401,0.6270384588365369,0.11844282754163012,-0.07898696698914145,0.6394716564346843,0.14092280335141485,-0.15263290450742117,0.8314547470043322,0.26108403607240976,1.3814859345875814,0.7152206877334281,0.25680934372269315,1.6220227846692283,0.6923769987688919,0.24466550529737985,1.4995758484214692,0.5864528852601526,0.40785048824624387,1.2912876847645465,0.7149698802475006,0.4697696441043459,1.0196426256100593,0.7933685039603362,0.39935750479353815,0.9363342235457217,0.5651731175648453,0.3047626983413514,0.9275163979601265,0.4335492995686648,0.3133844080287229,0.8903171336151127,0.4096949494219383,0.3380580581310385,0.8494504139730903,0.4526268612382288,0.09947519476484032,1.2838534992034405,0.7402018310690428,0.03146544519781168,1.0347451939514254,0.8151496896361874,0.13154636057596714,0.9155545712597207,0.6134112108862189,0.2086932845527451,0.9143446510028752,0.5294107200632663,0.2337899685656446,0.8676525181061165,0.5440996224388219,0.2181220927585656,0.79544119492841,0.6081747301717404,0.559322033898305
0.33873814637001615,0.8028977810080503,0.656041461380414,0.3344946000915324,0.35957532236474476,0.7370111877364498,0.32581747589975,-0.09853698061208566,0.7908259456471233,0.33947249163117865,-0.09158096434615326,0.6285080189621827,0.3952307193235499,-0.10831311933723695,0.6718631765441592,0.30751200981992394,-0.17902874181965484,0.8505111157949703,0.15935957185925154,0.7918586507942329,0.7032574282125084,0.1394401009023169,0.3430971589587679,0.7726900760071387,0.14082741939699883,-0.11150940274835273,0.809054919268638,0.1679921462428685,-0.08403292062200021,0.6272809282159278,0.11941946506752918,-0.07698022652034808,0.6371989494704278,0.14103133013797822,-0.1526734765180934,0.8314917768097184,0.2610615976782048,1.3819684849740412,0.7153341501745974,0.25682272834888187,1.6230702640106105,0.6925650983445656,0.24370759283310478,1.500643518478748,0.585001865772864,0.40727823607731506,1.2916530675254436,0.7128593307836878,0.46850099935150735,1.0200047933774206,0.794872287981417,0.40759739523202876,0.9285645884207996,0.5731769303062917,0.3196312313895917,0.9196966879642406,0.4303803818181319,0.329692800499935,0.879733104366756,0.4114877506025545,0.35342947018656984,0.8362641189468019,0.4614606678076662,0.09872652869198278,1.2841444892537732,0.7374531121544232,0.030627022070713356,1.034183569682642,0.817509725026992,0.130551039837127,0.912135404553446,0.6178487241045878,0.20602610061873575,0.912918316245523,0.535082235948529,0.22749578359572462,0.8646470897224015,0.5467421304526207,0.21180469125160345,0.7956105051230763,0.6044750710115192,0.576271186440678
0.3395871982638599,0.8054959777063113,0.6537987194108327,0.33457040152506295,0.36087058474963796,0.7368632668143762,0.3255805818979999,-0.09804060721380539,0.790010190896111,0.3397430465553193,-0.09210159397509506,0.6292775289027673,0.3953566475047613,-0.10633803993840027,0.6682381852582825,0.30742663633851086,-0.178841018510484,0.8501108679753111,0.16037374815989197,0.7941506881707496,0.7014726833737397,0.13941390714828583,0.3434506100198643,0.7732858183304433,0.14093425087940048,-0.11162542478034214,0.8092182338522028,0.16804133065273424,-0.08368405388300254,0.6275013340159834,0.12012269147527424,-0.07572182836600892,0.6354854026848314,0.14127652789782089,-0.15274850154634406,0.8315807316336693,0.26103401185971636,1.382590197578269,0.7154819710651331,0.25681386828436126,1.6244919888217435,0.6928201787227699,0.24279671717089624,1.502046192052087,0.5827891235172309,0.4068481898996412,1.2919377330517607,0.7112566483255995,0.4672732721713104,1.0203682443824056,0.7965281217250673,0.41634160398244247,0.92077749764569,0.5805178065950907,0.3354846283552087,0.9134010040511501,0.4309609353778069,0.3471735834875843,0.8723426831050423,0.41138658799655603,0.3694266198798018,0.824482969624038,0.4677620568708415,0.0981157492858423,1.2844525456363185,0.7353429338121084,0.02997070861149317,1.0340023825207525,0.8196252057290747,0.1292075408865273,0.9098838110396786,0.621127983766146,0.2024504922251425,0.9135887424499946,0.540131484095848,0.21869671605036667,0.8651680949737381,0.5460029706248385,0.20056215498938063,0.7974656640837923,0.5975411847050722,0.5932203389830508
0.3406586809071869,0.8078284220481946,0.6524482206674683,0.33469531122965934,0.36223967501472365,0.7370464806472018,0.32524256491700015,-0.09734647551989843,0.7888774713932152,0.33969681249741923,-0.09195261782635872,0.6289939975874346,0.3947093300792804,-0.1041116401246761,0.6636633413944237,0.30728936462178646,-0.17852112225935582,0.8495305295921892,0.16129673044631196,0.7964234548248457,0.699788668803969,0.13940840555474426,0.3439896584671095,0.7740645616822611,0.14099044339566263,-0.11157474377960735,0.8091199130043074,0.16791846794518522,-0.08274328190511716,0.6272525631297978,0.12052053792189243,-0.07457568628945709,0.6336750223403593,0.1415683060296374,-0.15283829412640187,0.831732413647252,0.26100215691522327,1.3832633359975395,0.7156380144558426,0.25678912643225604,1.626006113658648,0.6930666138404813,0.24205237786351363,1.5035977726467633,0.5801407836278318,0.40664524381944644,1.292112317168693,0.710341465279648,0.4662601640535091,1.0206840935359045,0.7979451527254081,0.4250793146049249,0.9133371465473451,0.5863533392256663,0.351685950463261,0.907797668475879,0.4336174663701266,0.3655386583115168,0.8671762756090994,0.410460603099281,0.38506774422882545,0.8147053005057322,0.46980281413289315,0.09779546850376819,1.2847115077757723,0.7343912625929416,0.029885234798972267,1.0343568566924402,0.8215254538259061,0.12734181806469294,0.9089145956771423,0.6230552658328283,0.1977533179228609,0.9153499343218408,0.5440462374060343,0.20833361441978737,0.8682014476678875,0.5424848487811448,0.18642456879597769,0.7995673929062627,0.5911875261888306,0.6101694915254238
0.3419901955093221,0.8098577497228527,0.6518883206486931,0.334892684477638,0.363532049410101,0.737606820240414,0.3248634904665781,-0.09658307545066033,0.7876295518400372,0.3393300681631227,-0.0912224984190716,0.6276433367322213,0.39347764694829146,-0.10230121095674491,0.6598281495570372,0.30708878620107843,-0.17817168348095883,0.8487096700616543,0.16211267121591255,0.7985731786765784,0.6982913969206834,0.1394158146533867,0.34469271318900546,0.7748389712697235,0.14097018043904033,-0.11135005160278999,0.8087458748299758,0.16759964927084187,-0.0812120669114058,0.626167687038027,0.12067498667366816,-0.07283709939339471,0.6310634448153469,0.14186703904473813,-0.15291337145274053,0.8319511877531443,0.2609705888946805,1.3838932684782004,0.7157792881615995,0.25675667635739013,1.627310559703553,0.6932235016358372,0.24157840407060516,1.5051011332455884,0.5774174740797121,0.4067375739351557,1.2921907795271206,0.7100400609973627,0.46556625703750587,1.0210377276230536,0.7990097328974968,0.43340506486872343,0.9067639744919531,0.5900531812682555,0.368061775007244,0.9018869015508773,0.43621833960844125,0.38431861990174193,0.8629352068026178,0.40975182601566823,0.3994896268945721,0.8073967577444117,0.46686691336774455,0.097843326093661,1.2849111033307008,0.7348002418636332,0.030530870387125424,1.0351716353099842,0.8234303018599369,0.12476954697156466,0.9091285784733807,0.6238874623636834,0.19176469551740408,0.9170585324627185,0.5462555477665445,0.1973579956709155,0.8722019614613925,0.5365952648994475,0.171399191647152,0.8012656746297089,0.5871504633040514,0.6271186440677966
0.34358514838115845,0.8115329931856979,0.6520866826401891,0.3351740185048483,0.3647507139216972,0.7384721946273014,0.32450655372225545,-0.0958765807542483,0.7864657334255667,0.3387262240001124,-0.09014763683138853,0.6255348294152615,0.39199791938375494,-0.10139289948698767,0.6578296110382391,0.3068381073059086,-0.1779180646986479,0.8476705040706765,0.16279678872271194,0.8004870891197361,0.6971534792980633,0.1394138675551814,0.3455817780529976,0.775438771641097,0.14087767351150796,-0.11097643395951025,0.8081357465861317,0.16711093990634818,-0.07939221569353509,0.6242027458917714,0.12067286105162434,-0.07057297529392062,0.6278693879521369,0.1421790018913003,-0.15293800475834238,0.8322034163674195,0.2609445194688646,1.3843873145358825,0.7158852432684816,0.25672226640984247,1.6281203257948489,0.6932310684738248,0.241400013514893,1.5063671493078508,0.574915055977937,0.4070598561664369,1.292229826187892,0.7100280718005938,0.4652601985399102,1.0216303613123774,0.799729530018793,0.4410763905216888,0.9016397948057556,0.5910149858961424,0.3845599462129393,0.8953399918230092,0.43732939367753376,0.4025183904951834,0.8584294599913884,0.40983315344581905,0.41228005745520885,0.8026487942195178,0.4598511579897234,0.09823441003441033,1.2851362293415365,0.7364269074058479,0.031726495516859105,1.036236800080645,0.8255961172600461,0.12121886772203483,0.9101902838107698,0.6243543719597111,0.18478588409782704,0.9178824423385605,0.5466569998212935,0.18671343724697978,0.8759197267388722,0.5290705231451188,0.15695981286370897,0.8024646418165481,0.5851479866104758,0.6440677966101694
0.3453703952719286,0.8127909067349932,0.653153097640235,0.3355436796281557,0.3659563467215088,0.739568236383169,0.3242006165105629,-0.09528273933877879,0.7854760800290898,0.3380857288724955,-0.08922048743385015,0.6235471851435805,0.39057621029749456,-0.10160484304202526,0.6580719348519617,0.30658476244932803,-0.17784368477430107,0.8465794292728747,0.16333597600800118,0.8020586956638932,0.6965324888183708,0.1393703941801659,0.34670626441834634,0.7758219410669779,0.14072490894579456,-0.11048096175207127,0.8073347697991972,0.16649140427091302,-0.07757361994976701,0.6215860180815411,0.1205572209265553,-0.06860185704637889,0.6251434331642397,0.14249605733736206,-0.15287914721018375,0.8323874482088096,0.26092759163620216,1.3846753693268086,0.7159407372624611,0.25668903170503266,1.6282743190305597,0.6930803551108808,0.24142350760891457,1.5072162701795928,0.5728546268907468,0.40742457178643665,1.2922601692014308,0.7101043783193328,0.4653618801356635,1.0226701070117117,0.800185521676532,0.4479634673217887,0.8981821885174517,0.5892155549463423,0.400812405259209,0.8887402923663315,0.43651005681867927,0.4187893615336583,0.8532324844719521,0.41079442927906273,0.42385201629698693,0.7999640767343283,0.4514882553035693,0.09890810881606837,1.2855151023570952,0.73906580615174,0.0331199945850457,1.0373800183175532,0.8281762407319158,0.11641647378423133,0.9117326648896341,0.6252906314667936,0.17747487867930173,0.9171421470693448,0.5461509235399636,0.17691601604319435,0.8787385433834615,0.520792539970911,0.1439028563981472,0.803502822045784,0.5838013357644717,0.6610169491525424
0.34722182706918153,0.8135506012581946,0.6553312830635944,0.33600927961340016,0.36710646572829003,0.7408599503111667,0.32394591433815756,-0.09480421606642898,0.7846672348543391,0.3376784923031528,-0.08903762247506494,0.6227536048098147,0.38950209852607126,-0.10285019276833945,0.6604163163937616,0.3063787006653417,-0.17798375173903808,0.8456433123519016,0.16372740653225368,0.8031848575084316,0.696512537500233,0.13926371338736787,0.3481050830441749,0.7760553633725552,0.14052203535383742,-0.10988689983934213,0.806381434205619,0.16576012793830205,-0.075818116216759,0.6187036143538258,0.12030616806566008,-0.06760936805898687,0.6236141022964203,0.14278451496695213,-0.15274213949824322,0.8323785038856074,0.26092179892068035,1.3847505355375989,0.7159480662568477,0.2566610993507179,1.6278442804186302,0.6928509824941229,0.24150085554019973,1.507525920699208,0.5714439458629381,0.4077318768924253,1.292232039263587,0.7105063469913482,0.46580757119458005,1.0242259447528026,0.8005498337811348,0.45401328803210816,0.8961610323981433,0.5856483836918136,0.41622834008219134,0.8830935208383398,0.43406618561571886,0.4324092417823163,0.8479950650269492,0.41264528550385926,0.43512448284278926,0.7983398556590048,0.44560539248763464,0.09980881386952786,1.2861186951587662,0.74255710879642,0.03443240524559994,1.0384981490382914,0.8310324396359461,0.1102785136285643,0.9134839365803635,0.6272423630155223,0.17032540823493963,0.9143481453712908,0.5461118780316543,0.16760063963249644,0.8804077295509738,0.5124683269173416,0.132363749193439,0.8051125980026692,0.581374757368309,0.6779661016949152
0.34902052727585176,0.8137166726350238,0.6588109035156534,0.33657962852082146,0.36807207714213597,0.7423497367205921,0.3237424962889013,-0.094444038795682,0.7840456870344068,0.33770447449477914,-0.08997041518531695,0.6237021222983056,0.38899996837518813,-0.10466769993249962,0.6640476030400249,0.30624327462194567,-0.1783453844522369,0.8449876570875137,0.1639676940215962,0.803797971392972,0.6971059310962376,0.1390984294380732,0.3497663217260773,0.7762185810577283,0.1402777928291311,-0.10921448031681898,0.8053077403952604,0.16495712193253975,-0.07416532096318833,0.6160389352880562,0.11986031550861376,-0.06764504139844453,0.6231726467075483,0.1430290882454437,-0.15263083552980472,0.8321655535503163,0.2609265926340919,1.384691172461419,0.7159332321705384,0.2566508113230923,1.6270893022733872,0.6927063165771479,0.2415477227822184,1.5072996375148313,0.5709141342228178,0.4080803679451118,1.2920603614443975,0.7116688967284495,0.4664918478376934,1.0261427489090593,0.801027095378659,0.45936842953284374,0.8953109604069226,0.5815698875433377,0.43050026238926986,0.8790982045095481,0.4309373986254868,0.4440916098250819,0.8439501147525128,0.4155345096664037,0.4465372224578201,0.7967119450860377,0.44534314926619933,0.10085307697057272,1.2868696672369881,0.7466195656944443,0.035558059846490034,1.0395046997217614,0.8337538131545312,0.1029617305191036,0.9152628586900708,0.6303241104626894,0.16331618539958054,0.9097367358231667,0.5470495356938938,0.1576981176754877,0.8809742755088709,0.5048902104029904,0.12197417652201299,0.8080563731537967,0.5761308603916164,0.6949152542372882
0.35070704759550597,0.8132535897058994,0.663502902009037,0.33726204523225983,0.36873110757328453,0.7440694622180176,0.3236095440477406,-0.09423758394013163,0.7836691100299399,0.338205464489554,-0.09200208977685684,0.6262942840474393,0.3891379174571542,-0.10645999577211995,0.6676792983848517,0.30617602267933375,-0.17891102672959383,0.8446232395951646,0.1640506439671136,0.8038932764040781,0.6982738198167247,0.13889781922759725,0.3516197931225018,0.7763583080301847,0.14000024763072827,-0.10848163111240576,0.8041418740654661,0.1641915779099689,-0.07281946116148118,0.6141159197846474,0.11919732686542513,-0.0684291807055673,0.6234310101825085,0.14326467532509357,-0.15270395731407818,0.8318972441468592,0.260938609143954,1.3846066325630018,0.7159275857632184,0.2566924994415428,1.6262769530071373,0.6927484533332132,0.24157061690805517,1.5066720763252626,0.571391462958128,0.4086341046901649,1.291714642042584,0.7137250292947274,0.4673248254088761,1.0280783345743316,0.8017075713657436,0.46452075596714637,0.8956170086472023,0.577678894450819,0.4438045521156283,0.8768463479214267,0.4284824685762869,0.45549743912582885,0.8421197171986029,0.41921130688948083,0.45769390629102297,0.7946339466854522,0.45144210703639764,0.10190811920842008,1.2875199225085732,0.7507461497273713,0.03650033532376343,1.040326457249729,0.8358490397981604,0.0948098869630816,0.917007789871436,0.634222457556346,0.15600735835298957,0.9043334117469919,0.5480932751234203,0.14623957470951784,0.8809301696465894,0.4989266813216986,0.11213637932392041,0.8125790967613378,0.5669255649788656,0.711864406779661
0.35227202125933643,0.8123083281237689,0.6689786157821949,0.33804998502511213,0.36903138611070024,0.7460209414790602,0.3235740202188062,-0.09423105191077855,0.7836122546497393,0.33908092297323444,-0.09471501077830166,0.6299253699729629,0.38982907113163523,-0.1077754119490411,0.6701046208324654,0.3061641978828031,-0.17963660890315614,0.8444743403832377,0.1639602076419155,0.8035668400731871,0.6999170866737421,0.13868398461384196,0.35356560036558793,0.7764914681435043,0.1396919498335648,-0.10770542398699189,0.8029105854848307,0.16360859583067908,-0.07201013983959728,0.6132851412997813,0.11837979058640435,-0.06969757460550793,0.6241620186936664,0.1435486330884896,-0.1530375663596763,0.8317462652151116,0.2609531237873841,1.3845528834181442,0.7159426973768206,0.2568225778446538,1.6255670587701125,0.6928086910563842,0.24160432499923232,1.5058300899901977,0.5727703643388111,0.40947749810377154,1.2912687587893137,0.7162400019502438,0.46822746968382345,1.0297392999428776,0.8023239496905845,0.47011824185841056,0.8972006603694576,0.574307671363496,0.45651421611774307,0.8762490705502207,0.4276831530288887,0.4679176860346696,0.8429639736391732,0.42261577571287456,0.4680618212869538,0.7926676680054419,0.4619540100623336,0.10282937796394549,1.2877875804231995,0.7543439008533296,0.03726899161394917,1.0409234201766138,0.8369426063514482,0.08629448983275714,0.9188469091317617,0.6382322214213256,0.1478713650710437,0.8993650582686066,0.5478648580468974,0.13297548799027528,0.8809978574990243,0.4949070884764139,0.10231962645567313,0.8181888704630449,0.5543727744953864,0.7288135593220338
0.3536884156447262,0.8112472636418114,0.6745745203001372,0.33888055702966546,0.36909453262861264,0.7480597300138304,0.3236320732243547,-0.09441168250505086,0.78385428409308,0.34014712253684043,-0.0972594425773665,0.6333412439378496,0.39081283625588625,-0.10816142607229814,0.6704275934056854,0.30620160079247877,-0.1804853056335877,0.8444746439816743,0.16366108390180192,0.8030570967672579,0.7018715767926799,0.13846502209472267,0.3555407382055895,0.776606041792781,0.1393429404942518,-0.10690383653742387,0.8016403083173822,0.163278010273595,-0.07173287587058372,0.6133414614484894,0.11751018718626449,-0.07116066353554172,0.6251307215203012,0.14391286406506873,-0.15359223685617207,0.8317957075692607,0.2609656572577131,1.3845240196538144,0.715970768641116,0.2569877403400807,1.625041299606017,0.692490000284085,0.24166834126018719,1.5049213332719336,0.5748131397052798,0.4105996998878456,1.290873921090207,0.7183718273042443,0.46910555076569616,1.0311466147893587,0.8021675531805269,0.47654216235690194,0.9000361222671479,0.5718427201245336,0.46878391528775876,0.8774429817090926,0.4282635161971874,0.4814981627864416,0.8464124566074399,0.424449689192692,0.4775481221710744,0.791979360662425,0.47348239092221367,0.10352233688950649,1.2875727353782112,0.7570033380641569,0.03789512815583123,1.041266105828588,0.837058309853322,0.07797696250275774,0.921115398631478,0.6412310100294794,0.13849178462623618,0.8958064261612886,0.5454038706073643,0.11841776732926451,0.8816141124893111,0.49253950357473636,0.09225780117462751,0.8238879919599101,0.5413472485507415,0.7457627118644068
0.3548819341480125,0.8105228780363455,0.6796127073744446,0.33961558201867637,0.36926047496448633,0.749864554738349,0.32373487829449993,-0.09468227450900711,0.7842383329282411,0.34120905253608425,-0.09867341859353618,0.635031845323637,0.3917169566899812,-0.10716157859256571,0.6682715468887245,0.3062923679628582,-0.18147311433974087,0.8446645204840788,0.16310535791376155,0.8026636347980709,0.7039828149948881,0.13823613533479015,0.35756095965699153,0.7766697957708436,0.13893866684011458,-0.1060956151401745,0.8003567571299799,0.16311023412788617,-0.07167901530635924,0.6134825807471217,0.11665131869080386,-0.07238719305531796,0.6258640007209545,0.14435785536242823,-0.1543120161317207,0.8320702744190176,0.26097402951292453,1.3845082392285262,0.7160004133312501,0.25698658691246745,1.6247556714483977,0.6914870273368737,0.24177252610653552,1.5040420839176283,0.5772778492716565,0.41191127343567735,1.290674027246579,0.7193375299499305,0.4698330193305762,1.0325882199823937,0.8005091789433767,0.48377592948734255,0.903793948778075,0.5706338570314676,0.4803546522225334,0.880437148442971,0.4288165734141673,0.4954574489114665,0.8519097489364312,0.42395902315558276,0.48628296624778644,0.7935276004573125,0.48291664660612,0.10397268543474689,1.2869876291499684,0.7586421055988057,0.03850194584751938,1.0412987319780018,0.8367599506098313,0.07044881435571945,0.9241405548917666,0.6419512335171021,0.12769283807603,0.8941883471909151,0.5403486342468199,0.10364814200368569,0.8826551539863147,0.4914569515789738,0.08204635233339194,0.8285934526736124,0.5316862240448144,0.7627118644067796
0.3557803070894552,0.8104245342608732,0.68371896936922,0.3401237989676532,0.36985350097012565,0.7511423120990598,0.3238266052783737,-0.09493347319169324,0.7845888958827781,0.3420742929595961,-0.09852622179044844,0.6342553642497732,0.39232766168169086,-0.10473599986960716,0.664061695039557,0.3064389282599714,-0.18264319533800458,0.8451180811146348,0.162261266019101,0.8025672886979214,0.7061808106932068,0.13799054187164214,0.3596667248160561,0.776664063468198,0.13848848453365173,-0.10529867474900619,0.7990851384776785,0.16292401548711838,-0.07148530732260644,0.6129098032494777,0.11581060157983188,-0.07296575822944915,0.625879243640384,0.14487886447227838,-0.1551951774208473,0.8326116074053719,0.26097918528990816,1.384523708860415,0.716026069782559,0.2565813252911835,1.6247164013043425,0.6897839844871105,0.2419290525007337,1.503284149320425,0.579898831220475,0.4132377301920833,1.2907338982504009,0.7188046573169159,0.4702674308478667,1.034336084326534,0.7971658465410563,0.4915482745159825,0.908042880140587,0.5706451630009365,0.4907567937038306,0.8846424576026853,0.42795591594307303,0.5086164168617707,0.8585646360522157,0.42111466273326315,0.49427689512285,0.7976258263894772,0.488436726096501,0.10421311538881056,1.2862088966219614,0.7593822498473022,0.039204117005054814,1.040957643284282,0.8366757124632891,0.06411489564021715,0.9278944690010384,0.6397732595104766,0.11578260434068254,0.8945235107388692,0.5327830873087427,0.0900244720711276,0.8836347594897015,0.4913627702937977,0.07212888429233456,0.8316093556778053,0.5279977032492658,0.7796610169491526
0.3563768537541951,0.8108716155916366,0.6870541517597832,0.340394334976144,0.37086474850737156,0.7518820038460037,0.3238818366813164,-0.09511664305833943,0.784828429500846,0.3425401125997606,-0.09711241817848433,0.6314154826582783,0.39271677114165815,-0.10142515440544977,0.6588548859954293,0.30663477865156175,-0.18396368183023593,0.8457867703300547,0.16115161099708072,0.8027450018255311,0.7084094546234175,0.13772800559558973,0.3618300480986871,0.7765945689417693,0.13803808663243272,-0.10453049826539547,0.7978540886739918,0.16260660092504522,-0.07103002543137625,0.6114087670207203,0.1149696147816779,-0.07296472586686015,0.6253662527394394,0.1454745142262462,-0.15625322310997508,0.8334731108231586,0.26098098834571903,1.3845935356197203,0.7160513099122534,0.25567624336205064,1.6248389970707608,0.6875808130617154,0.242124892002668,1.5027441428019064,0.5823402054814105,0.4143423722624755,1.2910096277147494,0.7170476165702223,0.4703440450337429,1.036462939817545,0.7925085353400435,0.49939150344723626,0.9125811533064714,0.5713160137708936,0.4997403661717287,0.8892663713138519,0.4252256553130968,0.5197147022241186,0.8655172309063546,0.4164465236459451,0.5014840019500553,0.8040457281570226,0.4893517188062375,0.10428558728576559,1.2853882405550399,0.7594149286282864,0.039931230668547035,1.0402905259886777,0.8368017416083755,0.05893520950835491,0.9319772365572898,0.6351816507597757,0.10367775001744915,0.8964062092751706,0.5233475449543101,0.07868273332541781,0.8843521978520739,0.4916222200887981,0.0630069397154213,0.8329354958045072,0.5303664644441466,0.7966101694915254
0.35673130553928567,0.811453917446519,0.6901269184766068,0.3405239896418811,0.3719727483868157,0.7523082337875937,0.32390334847416796,-0.09524002957993029,0.7849713112183263,0.3424659900433423,-0.09502580755212037,0.6275318002465161,0.39300099731318966,-0.09807731238998744,0.6539256886883402,0.30686808189652376,-0.18526692470936135,0.8465029835152971,0.15986634428907398,0.8030436926532125,0.7105173798011267,0.13745025231068694,0.3639415439001115,0.7764431246723403,0.13764304814751555,-0.1038104056599683,0.7966993811185942,0.16215761222127148,-0.07042425313276647,0.6092765021523409,0.11409807541178532,-0.0731280325423913,0.6254352461029157,0.14612182421550401,-0.15742451302657232,0.8346123754044596,0.26097352822609754,1.3846823957043852,0.7160858701738292,0.25435960571801763,1.6249940466315236,0.6851680893571392,0.24227015401335728,1.5024713202259268,0.5842264212947728,0.4150315667143974,1.2913617264513666,0.7148697956824968,0.4701830959497549,1.0388250555814749,0.7870105911663885,0.5066827298925339,0.9174196458859015,0.5719494812891941,0.5074441988750107,0.8940305247819311,0.42105130533686985,0.5277292195144581,0.8722148352428762,0.410860491370975,0.5080181922527203,0.812337174934598,0.48563649779322926,0.10425724058308786,1.284677613393431,0.7590604717595962,0.04048605114991523,1.0395490906332179,0.8365450743740565,0.05450081982367472,0.9359992777029446,0.6292381587854885,0.09257617943713597,0.8990758296756067,0.5135493286394017,0.06998855316010817,0.8854078070497606,0.49095028375426575,0.05472871704808584,0.8332301616790532,0.5365967391940499,0.8135593220338984
0.3569119573491777,0.8117121289865015,0.6933133938852548,0.3405984442727364,0.37283932587906676,0.7526241108065687,0.3239050948032368,-0.09533209494639079,0.7850672084268328,0.3418785715150484,-0.09277134499094446,0.6236833329563789,0.3931716391160751,-0.09554688708703535,0.6504949730142059,0.3071282583187252,-0.18635824845239554,0.8471375112373043,0.15854179109245273,0.8033147950868693,0.7123284176908413,0.13715627003789124,0.36588838391763545,0.7761529033787701,0.1373400966415991,-0.10316107390171846,0.7956623881862941,0.16160895698714678,-0.0698161336455493,0.6069294446995719,0.1131915795899323,-0.07420566985382246,0.6270728454823901,0.1467630563955286,-0.1585691322553896,0.8358499074975997,0.2609491824160499,1.3846735355080215,0.7161328033096938,0.25281913708076437,1.6251034077147257,0.6828766543380567,0.24221992931421168,1.5024225169077683,0.5852785681591449,0.4152737357455337,1.2916169952938508,0.7132629618877024,0.4700280044539154,1.0411352878716489,0.7810650975317007,0.5128114234070842,0.9224587835903113,0.5723599301419008,0.5141676970366021,0.8991479559465898,0.4161594443296802,0.5323776244953754,0.878426657231393,0.40542539163279123,0.5141554738535287,0.8219499447285865,0.478025700688969,0.10421366534519858,1.2842401431268036,0.758713046486238,0.04074430729853869,1.0390595816490844,0.8353936039128467,0.05044728354200751,0.9398353995114207,0.6227983195635209,0.083363332459488,0.9015564601244325,0.5053551006553842,0.06326831486928974,0.8877162429032414,0.48781641714188706,0.04673369130791773,0.83353925291244,0.5434364864246416,0.8305084745762712
0.3569435144149788,0.8113817688777257,0.6966686471119031,0.34062504672185495,0.3733234939472438,0.7529143115172047,0.32390404689754043,-0.09542229817366767,0.785168820013374,0.3409885948518953,-0.09081230828686684,0.6207411553614761,0.39322062944845865,-0.094523404006027,0.6495061495093258,0.30741760414912767,-0.1872068301038772,0.8477380504340962,0.1573306982526646,0.8034953733659914,0.7137930518373129,0.13686011246807417,0.3675943591273888,0.7757263329526722,0.13714395528287435,-0.10260711421030302,0.7947838615323886,0.1609870092435269,-0.06930184060766632,0.6047252168996737,0.11230993118327282,-0.07612281044297672,0.6299775264138328,0.14733697283821356,-0.15956524212993728,0.8369980819512817,0.2609075148080159,1.3844170025278435,0.7161738489902703,0.25126526374069635,1.6251614833452026,0.6810546447809303,0.24188465611575743,1.5025005342474906,0.5854995044092753,0.41516533661127275,1.2916464953868334,0.7129705067065562,0.4700462974735123,1.0431268766598873,0.7751774176213237,0.5174113889383188,0.9273525329407072,0.5728690542937815,0.5200754766595542,0.9047257126831975,0.4112159418426942,0.534415229424209,0.8841145256515006,0.40109361975923347,0.5200201112566566,0.8321667299367407,0.46799831504818057,0.10420045230326452,1.2841684015083328,0.7585854278972537,0.0407196379567848,1.0390092767165726,0.8333066327412936,0.046694431421452305,0.9434673486939944,0.6163792372936097,0.07630326467739423,0.9032486166468604,0.49997481587256776,0.05710294058664256,0.891659879968819,0.48135141187796915,0.03839145844630227,0.8349190830863843,0.5478860607040065,0.847457627118644
0.3568108774522975,0.8104433845674058,0.7000631703503808,0.34057071539815487,0.3735092278934689,0.7532319344305684,0.32391671453413046,-0.09553698210542776,0.7853191628930987,0.3400551988907711,-0.08971416875299185,0.6193022997481545,0.3932234533555291,-0.09542049801778027,0.6513946926728404,0.30775910384651256,-0.1879668313932764,0.848501123983959,0.1563481188891933,0.8035738713034475,0.7149736494006382,0.13660270353450202,0.3690029131603292,0.7752899134096526,0.13705588238024619,-0.10216684643051667,0.7940909113199152,0.16035014883017143,-0.06894654653238176,0.6029782167415831,0.11155643650418796,-0.07813030608590699,0.6329329571859719,0.14780956941961995,-0.16038015943614325,0.8379762247369721,0.2608565853185003,1.3838043995610856,0.7161744216199037,0.2499063413871991,1.6251868636799311,0.6799869267882221,0.2412908800935769,1.5026184849868982,0.5852146896548154,0.41479646886887733,1.291414026924048,0.7142064728956119,0.47025294953404806,1.0447287521268653,0.7699052643127273,0.52057586740535,0.9317420388844077,0.5735930255481829,0.5250365818178746,0.9103530633949227,0.40687389298479,0.5352182977667921,0.8893520524521228,0.39828858091124597,0.5253330058381916,0.842311441944011,0.4571443771057966,0.10421192111574253,1.284379606460118,0.7586471127654405,0.040524807896197654,1.0393963027880901,0.8306157255379356,0.04329782439580656,0.9467696045239506,0.6104811313820864,0.07116739765718898,0.9043993530531191,0.4971501743630879,0.050190765720174516,0.8970013673816812,0.471858953279154,0.02965150600727602,0.8380266981640602,0.5480275760194543,0.864406779661017
0.35650795255371975,0.809061426144553,0.7032597158128325,0.34044769283571963,0.3735991714205196,0.7536389042340745,0.32394969474539415,-0.09568581546588417,0.7855280709497248,0.33921383006849487,-0.08995667487951535,0.6197109082412687,0.3932462133048355,-0.09813769820216584,0.6557830976001388,0.308175578154538,-0.18880975971659109,0.8495905554697898,0.1556253481969716,0.8035277764981374,0.7159039577130051,0.1364234344907294,0.3701037477382471,0.775003404725984,0.1370710285328005,-0.10183944432263761,0.79357975503234,0.1598076997330404,-0.06876926330008454,0.6018862566402203,0.1110280613419807,-0.07957384012687078,0.6349902815357176,0.1481650738622258,-0.16104586699026238,0.8387829516451442,0.26080682592546034,1.3828300623206446,0.7161095712049068,0.2489313616211553,1.6251941146388431,0.6797217334413401,0.2405258934424985,1.5026912877427807,0.584824702233964,0.4142364608767538,1.29098412171331,0.7166075965876879,0.4705967413899078,1.0461189158082884,0.7654345216537477,0.52274910662226,0.9355210845417834,0.5741396072145426,0.5287459017308576,0.9152359078083318,0.40385827321042866,0.5359340675545728,0.8944173973847096,0.39656244294911414,0.5296555605090212,0.8521336309556983,0.4467077803716474,0.1042393238342339,1.284635000912313,0.75880358544348,0.040306417056150595,1.0400863741751136,0.8277880099611095,0.040257201179524534,0.9495920543093285,0.6056294373813924,0.06751944961072474,0.905686110802338,0.495729500639118,0.04220551084737717,0.9032161335161739,0.46055170986460187,0.021059761424276777,0.8428738695215555,0.5434759777718047,0.8813559322033898
0.3560466462186278,0.8075044912513227,0.7059800628224698,0.34035101291305947,0.37375976595636956,0.7541629259577097,0.32398229903890047,-0.09582831185637555,0.7857248479582587,0.3384991893072906,-0.09145838978667464,0.6217719870100209,0.39321660601028663,-0.10175480669436157,0.6612222382515731,0.3086466479001729,-0.18980085758428047,0.8509805089259947,0.15514016386450405,0.8033709411266025,0.7165243126415363,0.13633337608703497,0.3709549829330294,0.7749617550789811,0.1371854310037425,-0.101600419294225,0.7932112092250775,0.15947594591762845,-0.0686795593156183,0.601336521060352,0.11073398613995591,-0.08032442596213851,0.6360279056770152,0.14838530990172083,-0.16158055355131096,0.8394134517490228,0.26076631731487737,1.3815991187363446,0.7159800136749981,0.24844399870873696,1.6251966674121134,0.6799758061566992,0.23966911312855127,1.5026215129772635,0.5845109704742044,0.41361019773923297,1.2904971184345877,0.719376217437816,0.47102649851235534,1.047657828838587,0.7614726793673676,0.524278316007883,0.9388814855699037,0.5739700736177014,0.5311142297730029,0.9188134105771166,0.40268189375145913,0.5370288556222813,0.8997693734973465,0.394902228010219,0.5327614188288308,0.8617622959600391,0.4375829812127046,0.10429973651727947,1.2847315196253868,0.7590384568777476,0.040161214470987194,1.040873942887993,0.8252121566445539,0.037508063756412434,0.9520343346689756,0.6019726211548763,0.06486985321052502,0.9075064990730694,0.49464014205949036,0.033895521287080815,0.9096710566356447,0.44888144770051785,0.01328619942607685,0.8490152790134623,0.535325518264081,0.8983050847457628
0.35539453387597864,0.8060776041699457,0.7080575286554918,0.34038314975684486,0.3740478678554163,0.754779255211216,0.32396309336789886,-0.09586000873572818,0.7857431274171078,0.3380019824643631,-0.09340625045194687,0.6245492147589972,0.3929087966707397,-0.10479025547206028,0.6656393013646651,0.3091000472827886,-0.19090824996765932,0.8524870261828739,0.15486566094935364,0.803225161202749,0.7167724770607353,0.13632782203393676,0.3716217159459204,0.7752025471102844,0.13739946027745847,-0.10142696007292368,0.792950477771925,0.1594067436353762,-0.06853527810919936,0.6010505163495471,0.11053800428193952,-0.08072891560230969,0.6366066709299824,0.14845473947369683,-0.1619082991149578,0.839808605543867,0.2607397928474506,1.380281648442402,0.7158057392115342,0.2483728578679178,1.6252050333880013,0.6803432242491312,0.23881610232522713,1.5023454172705448,0.5842602856654282,0.41308284250252325,1.2901050782078878,0.721641975011653,0.47147724356791776,1.0496995576839716,0.7577102662811874,0.5252254416113715,0.9421558486833194,0.5726625621812576,0.5324716951040296,0.9213921974031813,0.40297544813958736,0.5384704005537937,0.9058092379815892,0.39243188590904493,0.5346587299110318,0.8712715890931406,0.43040699894560364,0.10440319913252204,1.2846575149925294,0.7593501096783669,0.040121246251226206,1.0415821458401722,0.8230587764432783,0.03502593635850093,0.9544608458245436,0.5990573869253746,0.06268683427474915,0.9098361200112781,0.4931664553657715,0.026411764516903018,0.9157096477780552,0.43806744870244185,0.006871339765265281,0.8559468998482204,0.5252732352481918,0.9152542372881356
0.3544719850324177,0.805051806696786,0.7095101694699698,0.34055968162146366,0.3744506294762568,0.7554300823893163,0.3238436532494734,-0.0956685848387909,0.7854112707669431,0.337870090376513,-0.09488006091119808,0.6269999788905608,0.3921522004077992,-0.10612397595631062,0.6675232358956183,0.3094653935954901,-0.19200744340064804,0.8539306763049196,0.15476243373925588,0.8032878309638755,0.7167263530075438,0.13640204627200683,0.3721254014346131,0.7757327714924036,0.13771329385911743,-0.10134205078073148,0.792834828640253,0.15953180322460406,-0.06836811137110924,0.601158685823931,0.11022943987389767,-0.08131466307578387,0.6375113909492178,0.14839244395725099,-0.16188472838994966,0.8398925291277074,0.2607287278604431,1.379065695323252,0.7156161473686962,0.24849252910971037,1.6252173937713346,0.6806101867337474,0.23814911162296176,1.5018666778819048,0.5840668517954245,0.412764093089087,1.2898958417145128,0.7228955029439312,0.47186611910617676,1.0523121855950608,0.7542628023021565,0.5255312399109482,0.9455768474424717,0.5698981382343131,0.5333188362157792,0.9241226405021759,0.4033273261235537,0.5400821802798103,0.9128303362210031,0.3886177236540214,0.5354736622029783,0.8804627134488363,0.42553956192723197,0.10448992473383056,1.2845337837158057,0.7595429911477289,0.04019265954282845,1.0421510690699098,0.8212941911617453,0.032896873141642954,0.957106050777337,0.5962937627165468,0.06047714541202261,0.9125567221346338,0.4906857244306259,0.020545185679760533,0.9207637547862767,0.4290330690302103,0.002301104608448629,0.8632565975873956,0.5145095794146656,0.9322033898305084
0.3532795887844564,0.804539066364165,0.7105044797429513,0.34082441836835164,0.3749321690624027,0.7560605520691431,0.32361259225297473,-0.09520622731475613,0.7846612756201816,0.3380968151007693,-0.09557784907324324,0.6287199657405063,0.3910482027461857,-0.10559948275199768,0.6666852661845931,0.3097248751719273,-0.19287759480555625,0.8551654027777575,0.15476780203312518,0.8037409234522362,0.7165865628161072,0.13654624823391537,0.3724772442145866,0.7765216447660276,0.1381176423037182,-0.10139438001163867,0.7929409881193282,0.15966890163926117,-0.06846038451314236,0.6022029527144674,0.10967239823334649,-0.08243543487640585,0.639239923083853,0.1482709634756686,-0.1614634713487367,0.8396913529028136,0.26073066127699784,1.3781213802742038,0.7154493518992828,0.24859026994038402,1.6252208851917456,0.6807851263699454,0.23789769026369356,1.5012405788360677,0.5839802923722526,0.41265554287076817,1.2898621124966383,0.7231715870342661,0.47211679898442904,1.0551577729914787,0.7516150000396983,0.5250355604598447,0.9492061301995177,0.5653982304752813,0.5340041041601468,0.9282828094378773,0.4021386745589441,0.5416607192851729,0.9210493836656279,0.38331259205802226,0.5354470480142929,0.8890096183740646,0.42278337787440784,0.1044381094648075,1.284477762200869,0.7592243949094146,0.040331766593659085,1.0426429593675186,0.8196847995855974,0.031209961379492897,0.9598344846996814,0.5934811561800276,0.057951860496466945,0.9159116557852827,0.48649585487931274,0.016466835888237354,0.9245398865415919,0.4223610760092021,-4.6176582236841625e-05,0.8706848433814212,0.5031749277202692,0.9491525423728814
0.3519886469633068,0.8043739825376898,0.7113294788345196,0.3411307447591776,0.3754044742258522,0.7566850082033356,0.3232799431484417,-0.09448435827118049,0.7835145862556651,0.33839625287440067,-0.09573977502985798,0.6299051622549567,0.3898878098988442,-0.10382949230555805,0.6640212289237348,0.30989633525766513,-0.1933080129901103,0.8560073141477804,0.15484293281569264,0.8046099666439891,0.7165088395863651,0.1367461224822666,0.3726860763727904,0.7774950483340402,0.13858118167305108,-0.10157733876495781,0.7932580219581706,0.15962173119530745,-0.06910699615597082,0.6043787538364476,0.10888846451209752,-0.08408113952575436,0.6417492539218419,0.14817565626844714,-0.16077981222873103,0.8393663188091206,0.26073864473059205,1.377547317770687,0.7153474332980312,0.24858710467127018,1.625203649677555,0.6809044213355954,0.23817109407884984,1.5005463572962616,0.5840351334425279,0.4126741201610935,1.2899260301166786,0.7229124192296988,0.47210869857171567,1.0577024281185456,0.7501747155449228,0.5234099128444215,0.9530819927237055,0.5589893679216261,0.5346868784491101,0.9346023933382416,0.39862830524534,0.5429597397767107,0.9304197956248926,0.37711826631201645,0.5349605239917951,0.8967003484363794,0.42126284249515733,0.1041575260107882,1.2845457393180844,0.7581081109798298,0.04040233368866947,1.0432112463392431,0.8176860436190636,0.029898605392413083,0.9624035247146555,0.5906938481412624,0.055112918789027604,0.9206861224403858,0.480096001914033,0.013977180274986945,0.9272185602584324,0.418059949657618,-0.00015408483252606469,0.878137747602032,0.4906883449238897,0.9661016949152542
0.35083105180718754,0.8041660013807267,0.7123584958198274,0.34148417832012623,0.37568455169780945,0.7574179516373251,0.32284715383818563,-0.09352599895128917,0.782009768157791,0.33842735361237364,-0.09570922699360102,0.630906003687086,0.388917786758042,-0.10173395084628586,0.6608887902657399,0.3099870353829113,-0.19322093471598356,0.8563274644275594,0.15500773321853958,0.8056424680003615,0.7165118131582895,0.13698963986615575,0.3726850597639274,0.7785554721245104,0.13904877844696598,-0.10183453179622891,0.7936965959435782,0.1593025175946078,-0.07039940656333514,0.6072970253180048,0.10800852244957586,-0.08597246468692021,0.644612866136282,0.14814300251202533,-0.16001932990786127,0.8390920344620043,0.260743475852029,1.3773240650675063,0.7153196754578615,0.2484947933533673,1.6251652521335787,0.6809213080685559,0.23886228875492332,1.4998709247587134,0.5842267738156299,0.41273093241436937,1.2900056945463754,0.7225867481620357,0.4715988839932823,1.0595794906686165,0.7499063849003342,0.5203424292512079,0.9573276406221516,0.5509090602862184,0.535313634830596,0.9430863985185575,0.3930063377936026,0.5436936330956542,0.9405265694634445,0.3712344813688956,0.5344169379894623,0.9036383970906436,0.4201047362027197,0.10365043830832693,1.2847460237407713,0.7562124550903707,0.040253047451505986,1.044019760441285,0.8146307852765908,0.02883077332878582,0.9648347722673468,0.5879597821374959,0.0522015851278593,0.9277700069265342,0.47178004375217486,0.012775416048084257,0.9294403979748056,0.41567097818245236,0.0015591606580842997,0.8854508070447006,0.47671077364157416,0.9830508474576272
0.3499264172112094,0.8035240510128323,0.7138362794337871,0.3419159568015549,0.3755542654676862,0.7583775302898038,0.3223270916620616,-0.09238414951030297,0.7802336364184138,0.33814393596707015,-0.09581828394331114,0.6319037393300071,0.38824665092645017,-0.10009443488053524,0.6584474771856461,0.3099857656060775,-0.19269767319512313,0.8561715046419771,0.15528873084558975,0.8064316645335837,0.7165446104819438,0.13726077122977826,0.3723289972199724,0.7796176993025715,0.13947130331980717,-0.10214449744690535,0.7942214771191053,0.1587574472190625,-0.07224252363748994,0.6104514766353519,0.10718284854003207,-0.08776583962831076,0.647320934599814,0.14815943073720816,-0.1592731740870379,0.8389487360686232,0.2607381070945027,1.3773408539806051,0.7152733963613298,0.24835201453694294,1.6251144782076148,0.6808039350515269,0.23974817361559958,1.4993054004674402,0.584536076063462,0.41280091931152607,1.2900730419134256,0.7223383274270359,0.4703419373518908,1.0608074627211896,0.7504430473697312,0.5157734251567065,0.9621393559315546,0.542006224962049,0.5354146672285025,0.9532495682455806,0.3857662093554709,0.5434021256708735,0.9508279826803777,0.36646829882881504,0.5339529645497202,0.9103046702769185,0.4191691157430627,0.10299026740956266,1.2850744052279475,0.7537713030856388,0.03983864243268613,1.0451170354743926,0.8102559551329194,0.02806077837735093,0.9674922956606692,0.5851909648784648,0.049574916452562186,0.9375791701221537,0.46272684200128783,0.012524472940118294,0.9320117871194982,0.4148580646174753,0.004520563053923981,0.8923424038199391,0.4618214185223451,1.0
0.34928678318416223,0.8022635182345207,0.7156100824482542,0.3424185758041452,0.37491279642899655,0.759536061444916,0.3217890374218273,-0.09121015729955702,0.7784230563593054,0.3378366308474505,-0.09637718991968597,0.632895990716576,0.3878890967092901,-0.0992327653124135,0.6571687046675495,0.3098958407338307,-0.19194972191131898,0.8557087415746684,0.15566417496214552,0.8067005677275881,0.7166119590749243,0.13753797403792445,0.37151859739284077,0.7806293317203603,0.13983685436102122,-0.10253139820558521,0.7948673018106676,0.15808712131845348,-0.0744005594254192,0.6134483394332823,0.10654262205805992,-0.08915692942917686,0.6494238356062721,0.14820342843752904,-0.15854050409903586,0.8389300344505214,0.26072039228036786,1.3774743892101422,0.7149998852660124,0.24824801185466994,1.6250527309032095,0.6807356065835924,0.24064327689515974,1.4989390586074387,0.5849277734681506,0.4128726123223577,1.2901271569595412,0.7220949214587429,0.4683663617040985,1.0617256569508657,0.751441936633783,0.5099085290600304,0.967810762390352,0.5334993332878342,0.5340682960187737,0.9644593671901529,0.37722135370500914,0.541369545358602,0.9610329274781823,0.3625253832775005,0.53318550125681,0.9175139438782499,0.41829998752128333,0.10227754286733609,1.2855207231724213,0.7510953689436836,0.03921768323846431,1.0464036699137402,0.8049237139296161,0.02785640888795629,0.9708385417709056,0.582247360740684,0.04761258326762147,0.9498804471819651,0.45438973306515373,0.012985115787866281,0.9356630535155205,0.4153499907712722,0.008336756015528397,0.8987150275869097,0.4473945784773077,1.0169491525423728
0.3489122877959506,0.8004419277081025,0.7171887326229316,0.3429233586063675,0.37381512644843234,0.76071405854499,0.32133842741399155,-0.09021827516593556,0.7769076691702225,0.3378069189453181,-0.09749507998470311,0.6338627148985794,0.3878232878831972,-0.09907564561512079,0.6569352753089683,0.3097657622148508,-0.19123422918478084,0.855174377390887,0.15609485953939037,0.8063878501656978,0.7167805796991011,0.1378081382632456,0.37025930186846007,0.7815674802329797,0.14015940309208622,-0.10301330877311594,0.7956588923495533,0.15737043325170852,-0.07646935949293958,0.6158849395573298,0.10617896262661895,-0.08993896860346488,0.6506117964690774,0.14826611251951144,-0.15782096253265807,0.8390129382268314,0.26069660834224023,1.3776292983807488,0.7144100632979287,0.24832120977617123,1.6249682343247458,0.6810989383409826,0.24143306724877253,1.4988200575009452,0.585330553704041,0.412845567761339,1.2901217842389912,0.7219815381275685,0.46605396165621343,1.062687774326989,0.752654344220646,0.5031772729122006,0.9747262785868939,0.5265108408838558,0.5302874545046108,0.9761096166384828,0.3678097601124253,0.536945220548789,0.9712069527174666,0.3585099286601683,0.531203679848099,0.9263162169265767,0.41612272423263374,0.10161691338092652,1.2860325381200552,0.748526913233692,0.038482945850928076,1.0476952200527125,0.7994709666472951,0.028447236401307446,0.9751060811871818,0.5789838550385269,0.04669067887615559,0.9638271159122647,0.4478325019236876,0.014321108065158746,0.9410860878571484,0.41596589163724407,0.012827296770062476,0.9047146753733022,0.43509941121822404,1.0338983050847457
0.34879691931142986,0.7982519258585384,0.7181572589060556,0.3433600896067252,0.3723081489779264,0.7617416230861563,0.3210417807936864,-0.0895476249138444,0.7758978313253685,0.33806510471067014,-0.09889538189527229,0.6347075427958221,0.3879794559255204,-0.09937682919820331,0.6573813918206544,0.30967401189927923,-0.19073497700436678,0.8548392933034997,0.15656638263355913,0.8055299331476282,0.7170781312147136,0.13807327719038545,0.3685735011862389,0.7824416869226538,0.14044860755332217,-0.10358462395850428,0.7965859552203034,0.15666391619379078,-0.07794893549470723,0.6173421309429306,0.10609025534080549,-0.09013362168865438,0.6509062133910706,0.14834157518811003,-0.1571775970062449,0.8391819289624924,0.26068887560712567,1.3777167249574114,0.7139360153233756,0.24866588074819423,1.6248555677316094,0.6821713793859743,0.24202573240436703,1.4988937779987026,0.5856525861856337,0.41259486697660575,1.289981084396011,0.7223993401465943,0.4638925535262001,1.0636670088484088,0.7538302023791916,0.49621225200328745,0.9831383033633984,0.5216735824745758,0.5236123251830659,0.987743354207478,0.3581949469215361,0.5299341198146872,0.9815518489113148,0.3538357106304436,0.526927102274054,0.9375724638401961,0.4107904540162031,0.10111132853061475,1.2864740995429276,0.7464423599884307,0.03772416001068543,1.0487705196818151,0.7950476222208174,0.02984234382981179,0.9802193172313858,0.5751685212806754,0.04719688270870172,0.9780783499219294,0.4431849982522844,0.017208112075104684,0.948892781766204,0.4144779782293143,0.017811542849722733,0.9104502111373171,0.42631742948624773,1.0508474576271187
0.34891378902735404,0.7959090588543145,0.7184520243309236,0.34371488611543066,0.3703270446897211,0.762574204304489,0.32090496376488176,-0.0892189797242457,0.7754186760082799,0.3384191486892934,-0.09994987042547446,0.6351060455228548,0.38820293099197356,-0.09979616609749337,0.6580062845960377,0.30966582670272297,-0.19050386767733146,0.8548496654829006,0.15705533438980282,0.8042075552098753,0.7174706822706854,0.13834367321480112,0.36643758156614376,0.7832955918357665,0.14070102402945253,-0.10422923309405625,0.7976232722157476,0.15605129623855643,-0.07847583481966738,0.6176329282332896,0.10615332027592,-0.09006002883608041,0.6507715395900986,0.1484103015733135,-0.1567041048227422,0.8393673368507263,0.2607311949042326,1.3776366023806252,0.7144750074202229,0.24926740058728603,1.6247286950874755,0.6839243417695056,0.2423500705057115,1.4989996092197095,0.5858170585914168,0.4121114221353551,1.2897081717925527,0.7236774543959414,0.4621860634613094,1.0641254055399534,0.7548331668776838,0.48968639815739834,0.9929321754967636,0.5188988121124702,0.5143085092344117,0.9993630002083495,0.3489192051786793,0.5206061283215856,0.9922831587499592,0.3482655534247375,0.5196944433335291,0.9512934955094611,0.4017779509171667,0.10084342068336219,1.2866576168975217,0.7451857087901153,0.037014230117472034,1.0494114271495023,0.7927631564488808,0.03191506613653847,0.9859725206518875,0.5704276260376259,0.049455883095452485,0.9911099028202708,0.43965155707216,0.022356484042333865,0.9592587801353167,0.40906965776338466,0.023098770482362144,0.9159472823016837,0.42133779895267354,1.0677966101694916
0.349228352373902,0.7936278863951697,0.7181953153828019,0.3440100001434399,0.3678207205856926,0.763255217359618,0.32091421586816243,-0.08921117993097753,0.7754295567675631,0.33876748462440376,-0.10004013865868494,0.6347158109792504,0.3883119699925942,-0.10000799468213864,0.6583269427275541,0.3097148890708421,-0.19047284164690162,0.8550966630194465,0.1574937649563555,0.8025714095165823,0.7179016905479583,0.13862827216585397,0.36384399587718186,0.7841718999765709,0.1409076045551165,-0.10492934700972922,0.79874288200746,0.15567697736214087,-0.07801199542046648,0.6170606585395888,0.1062228577840166,-0.09007457979072116,0.6507449653614348,0.14844866652448466,-0.15647065251446454,0.8394741237591703,0.26083811413301267,1.3773139793615508,0.7167244067465799,0.2500339645790552,1.6246079654532344,0.686116876080656,0.24242230218408062,1.4989658788820608,0.5857764901034898,0.4114408477371372,1.2894157159338315,0.7258308778927782,0.46101946987172016,1.063431418776263,0.7556989136533827,0.4841462899243528,1.0036035731081412,0.5175063052658586,0.5028751418711591,1.0116010217681182,0.340388359440794,0.5093533474456977,1.003819751760446,0.34139065315594475,0.5095263004267045,0.9664534917843203,0.3902679211882141,0.1008219894028003,1.2864665999247002,0.7448578823880835,0.03641183039345306,1.0494702483771279,0.7930008192522068,0.0345876128795128,0.9921451062315533,0.5644272299956318,0.05348595897993208,1.0016346897263588,0.4363920350228415,0.029786984245260703,0.9717194672156817,0.39963183630356136,0.02880032354871244,0.9214730592827747,0.41883405174681043,1.0847457627118644
0.3496980905654413,0.7916419582186607,0.7174436354834984,0.3442564937756506,0.36488754872607665,0.7638256665726234,0.32106420003199554,-0.08951328158309918,0.7759090791725943,0.3391295920492124,-0.09890761522946102,0.6333796374869173,0.38820074310736685,-0.09985783892069518,0.6581125423661038,0.30975941288020514,-0.19050955318777876,0.8553476799862223,0.1578238212895738,0.8008213212847579,0.7182753058531692,0.13892702798853765,0.3608829389966234,0.7850696738324515,0.14105888957278248,-0.1056674293345787,0.7999164340668535,0.15566412389850892,-0.07681245548022461,0.6162060637466211,0.1062723740496356,-0.09015516555445308,0.6508223870582645,0.14846325694122506,-0.15650460134930633,0.8395184522261938,0.2609564433079574,1.3767442020974618,0.7206532164256727,0.25085221795990903,1.6245051067488958,0.6884560553446315,0.24238126241883792,1.4987143709745387,0.5855011569416599,0.4105516000867846,1.2892226873870465,0.7286550315181588,0.46042644904234853,1.0613897590481263,0.7564290084674077,0.4798873848202905,1.0143499515397216,0.5166807698532883,0.4895117044885898,1.0253181310868482,0.333124228455607,0.49627577490765273,1.0168318269199075,0.33276387609720715,0.4967117407426531,0.9815581543525292,0.3780829541693989,0.10093920381770155,1.285944674976675,0.7451490882521447,0.03598317604549341,1.0489524281410012,0.7949597025342098,0.03791029098558496,0.9984793477819133,0.5569816930071789,0.058875250259391956,1.0091145993986737,0.43305099533839864,0.03869169472614768,0.9853878866556209,0.38745153441204216,0.0353788894295466,0.9276231391301318,0.4165215490098154,1.1016949152542372
0.3502825466847087,0.7901370313707794,0.7161470164468051,0.34444410760662925,0.3617253103192815,0.7642632365988276,0.3213491185527003,-0.090107168019301,0.7768318873327038,0.33940565168522263,-0.09660678135362097,0.6310167405601921,0.38786101762201153,-0.09938098887678384,0.6574142168532946,0.30975112833806695,-0.19050245549005854,0.8554564860140363,0.1580669195157773,0.7991503714146756,0.7184385448920878,0.13923240551748522,0.35773464006499966,0.7859431345015034,0.14114413189134428,-0.10642664063755637,0.8011158249894507,0.15595782208667724,-0.07521342895178164,0.6152365233649333,0.10637413192764342,-0.0899059068128328,0.6504497003445817,0.14848400866735761,-0.1567518920839963,0.8395853627598404,0.2609766639844983,1.3760006054401719,0.7255154310089262,0.2516115158230986,1.62442423459069,0.6906491302713258,0.24238069905936813,1.4982688136899385,0.5850297375695892,0.40939118828316295,1.2891724893506933,0.7318735155069924,0.46047432179884323,1.058265309047736,0.7569441828235595,0.4765868825961137,1.0242683093161271,0.5157876287488361,0.47423023591217706,1.040954443281609,0.32768073527501085,0.4811623703442558,1.0316819888799613,0.32301338230102794,0.48138655476733566,0.9953540439707099,0.3665980715103625,0.10102320007147103,1.2852521809460102,0.7455258506212037,0.03582869851350605,1.0480691592974423,0.7970542728998498,0.041957135305014166,1.0046395685778675,0.5480916314310611,0.06500482761876232,1.0141955852540816,0.42936491057565573,0.04796031122742258,0.9992217548659034,0.3741880386459054,0.04322552305208485,0.9348957709247919,0.4125820073257877,1.11864406779661
0.3509488864705931,0.7891376613853125,0.7141963160942986,0.3445503098295174,0.3585132167704142,0.7644798940484843,0.32173811296798244,-0.09092296298820723,0.778095429865698,0.33930417925908796,-0.09339642384602376,0.6278372019159182,0.3873677489692755,-0.0987416302061519,0.6564725518587731,0.30966437733191593,-0.1904149089425956,0.8554105666833691,0.15831635465305768,0.7976589327037914,0.718293555937776,0.13953840865658454,0.35459357903552347,0.7867391797426703,0.1411509266412995,-0.1071892256999377,0.8023116335466947,0.1563632459129533,-0.07347161801931672,0.6137292536557998,0.10659867477559912,-0.0889927425737235,0.6491488328519865,0.14850924157926731,-0.15707694276645173,0.8396539924861073,0.26087153989097056,1.3752298354211554,0.7302201928112836,0.252204901013903,1.624370522442554,0.6923838602159618,0.24242532441752873,1.4976856479369616,0.584616857282898,0.40804531742824435,1.289267208645147,0.7350885704122788,0.46113090925859224,1.0545107335969417,0.7573168874060561,0.47301109404675945,1.032629433774885,0.5145481200734952,0.4572122033794527,1.0580858179883625,0.3246605865470582,0.4640156768080824,1.0478141037279574,0.31444271632156,0.46384490421948854,1.0070918156430435,0.35661330952558906,0.10097029235164838,1.2845532078069244,0.7456870917152925,0.03606002293698708,1.0471637277042696,0.7978183751567516,0.04661035924524547,1.010181885442537,0.5383590651463799,0.07139253757694285,1.018462162730572,0.4250033034784395,0.05677725122508888,1.0121399404925917,0.36151072508016857,0.05243201871086153,0.9431709382877979,0.40669978092581105,1.1355932203389831
0.3516550183237955,0.7885350484408581,0.7115472388291325,0.3445448746136183,0.35537351989130556,0.764371766870089,0.322169080894269,-0.09182973538917075,0.7794997507439629,0.33865648320376274,-0.08991148476150371,0.6247136989592584,0.3868958448939483,-0.09813667466417719,0.6555773224504013,0.3094861321005398,-0.19027009612830276,0.8552474824076668,0.1586734765559685,0.7962859999624342,0.717959968160865,0.13984584134304362,0.3515919455451576,0.7874447863541447,0.1410735552641946,-0.1079343868304062,0.8034715794287753,0.15676739928511046,-0.07179495965553985,0.6113833527336878,0.10699978128663538,-0.08741165707375276,0.6469128102087265,0.14850129957418542,-0.1573701646010749,0.8396229728361678,0.26078919004276213,1.3746481858448643,0.7337930389481175,0.25253722932318845,1.6243525551542803,0.6933585954368704,0.24237454036032813,1.4970111028252406,0.5847062290074617,0.4067981708652452,1.2895432164345435,0.7376323091594787,0.46212043885281445,1.050607028887689,0.7578735634645264,0.4674721797305681,1.0390399597054891,0.5131826954675381,0.43871874620389917,1.075338049553996,0.32503456057266095,0.445332791750774,1.0639144489036894,0.30973427090297057,0.4448729834915939,1.0164828679572306,0.34899060771426704,0.10083509842097751,1.2839340990929717,0.745824048577563,0.03673466501557966,1.0465366832011298,0.7962329911366326,0.05148049212151552,1.014661032694286,0.529162017896496,0.07787208185609737,1.0234182555451692,0.42008281100761435,0.06502323601529515,1.0231614332969146,0.35120448262531034,0.06299537211376871,0.9515779451617107,0.40012690683396523,1.152542372881356
0.35235962245599517,0.7882153610945694,0.7084164107473533,0.3444059387842509,0.35238575718015097,0.7638840875588188,0.32258432421006933,-0.09270666217572585,0.7808590216752415,0.337749654734691,-0.08721922943795152,0.6228095542791424,0.38668539504182986,-0.09765552496623389,0.6548640734264268,0.309212904394065,-0.19008740830882517,0.8549412046492556,0.1591661183504774,0.7948841467515763,0.7177323244371211,0.1401545685989773,0.3487935651378598,0.7880832350587098,0.14093154958711843,-0.10864243847027023,0.8045680057734175,0.1571944371846709,-0.07038493897750282,0.608480087023952,0.10760393027369211,-0.08538725831878811,0.6440696169876055,0.1484565689910909,-0.15763392767314438,0.8395031258924275,0.26092024359195315,1.374494545687266,0.7356019733984194,0.2525725500795982,1.624372845121935,0.6934464420268325,0.242105724860624,1.4963019473002306,0.5856109613574285,0.40599768738945424,1.2900686515417494,0.7387169321909006,0.4630787056902397,1.0469271125339792,0.7589832204322184,0.4587723375722906,1.0435298567804263,0.5121874841770615,0.41882148744440717,1.0909436303545896,0.3298114043198534,0.42556919631216406,1.0786082105386285,0.31024054991263306,0.4252981441717559,1.0236434331959026,0.34493688773891834,0.10078830431736688,1.2834030541730237,0.7464296359812963,0.03784492117252364,1.0463591830039176,0.7915207721778023,0.056155793655786504,1.0179168008958812,0.5217756283175196,0.08448864099489226,1.029635738097911,0.41543056283417024,0.07331297810179262,1.0316357133852516,0.34484198744828687,0.07487091926811279,0.9590058285613149,0.394626301174901,1.1694915254237288
0.3530457452306541,0.7880734156650124,0.7053058285577471,0.34415006466877374,0.34960938006445774,0.7630887136460041,0.3229687191879111,-0.09352091717059935,0.7821239640317584,0.337180246061215,-0.08631361767788089,0.622824164072588,0.3869052448257202,-0.09733504486522021,0.654393477617378,0.3088615916731702,-0.18979732876864547,0.8543220203976015,0.15970735284163023,0.793362990292964,0.7178619955129357,0.1404392088896852,0.34628928103294243,0.7886245690016996,0.14077975929506556,-0.10931042084370637,0.8056020674986271,0.1576717791223738,-0.06932791106932888,0.6055576712797337,0.10834566918676472,-0.08320337827513374,0.6410347727904702,0.14843877990750257,-0.15793174334275556,0.8394715960073448,0.2613319100254696,1.3749227107269986,0.7353750205324712,0.25240207490578803,1.624414924244288,0.6929063372972213,0.2416189366877462,1.4956487568663994,0.587280395080944,0.4058382579950881,1.2908359465385948,0.7379591948263038,0.4638598826173391,1.043569532823231,0.7608010016918234,0.44674545893053486,1.0465948359341088,0.5119208250407159,0.39759236361142214,1.1036918766835027,0.3390612704627692,0.40465635021667634,1.0909618771387595,0.31572693425866094,0.4055331790951633,1.0289778295091214,0.34525420158217646,0.10098178934840141,1.2829405030691525,0.7478786645537845,0.039304435884221375,1.04668197901068,0.7835010604546777,0.060623556323800835,1.0202366142800476,0.5163354890326682,0.09131783772317226,1.0367077707267216,0.4120725879700775,0.08247506344559877,1.037409279267204,0.34283354560030865,0.08772658784733606,0.9648633144178629,0.3910967250249189,1.1864406779661016
0.35369929844465287,0.7879396734688946,0.7027553965052732,0.343836849361338,0.34711854013449595,0.7622011529462872,0.323338689637671,-0.09430709626436408,0.783348339127459,0.33734394801636614,-0.0874349487490731,0.6246819817122916,0.3875524475271339,-0.09734729830391783,0.6544232637153583,0.3084748733825155,-0.18922164847328982,0.8531388386080342,0.16015632455013068,0.7917334638256602,0.7184293530801986,0.14064302371616877,0.3442447682483556,0.7889351939606934,0.14068566529743434,-0.1099682700804811,0.8066276452938276,0.15815209352890178,-0.06848753963969263,0.6030084216696735,0.10905619433353624,-0.08114938454889593,0.6382102950745177,0.1485180946991422,-0.158277398422313,0.8397021643660324,0.26197387563267116,1.3758873389067878,0.7333666653704123,0.2522380918085817,1.6244467987540294,0.6923654221495732,0.241009405084115,1.4951516238725169,0.5893812710909143,0.40628992808281117,1.2916788700832063,0.7356834702912826,0.46452791823033135,1.0403167533046793,0.7633745489912527,0.43220462272061055,1.0489627877883267,0.5125060815415513,0.3755373892599665,1.1134026262995733,0.3512516144027356,0.3823830268284173,1.100563300603584,0.3247832243975478,0.38578829186581687,1.0329941548422668,0.34948956921353086,0.10144289838048473,1.2825187173321493,0.750136216266345,0.04090389044162218,1.0474078455961122,0.7732786681036566,0.0654319809738269,1.022186375717791,0.5118054108020167,0.09850880974536683,1.0437034997040835,0.4104478941120506,0.09299574854395457,1.0408239431096535,0.34366956449837627,0.10098960082536892,0.9693153715880162,0.38917589497749583,1.2033898305084745
0.3542755702948485,0.7876333272407732,0.7010195437616193,0.3435218918706665,0.3450224817403258,0.7614314719511566,0.3237078207217768,-0.09509514000747192,0.7845780205192113,0.33817101388856863,-0.08998590861983741,0.6276832120079356,0.3884993039284087,-0.09791500368071715,0.6552810802308173,0.30810261087559304,-0.18825313715230543,0.851334674434365,0.16043091699060016,0.790057342139586,0.7193663065836786,0.14071747481910657,0.3427917168580779,0.78887363530907,0.1406868880429502,-0.11065457870362991,0.8077101468225962,0.15854877789789715,-0.06767955751615642,0.6010141091337664,0.10957485174928513,-0.07951513948921685,0.635953108852652,0.1486973513709756,-0.15860467575260453,0.8401903562214414,0.2627601883755483,1.3771040651470474,0.7305048717279964,0.2522911384653104,1.6244442793491587,0.6924575191837372,0.24038300016058295,1.4948529362624186,0.5915499153853294,0.40718837089343807,1.29234988668393,0.7325984791805972,0.4651015482655508,1.036764360937013,0.7667934944054958,0.416621353295696,1.0511597032614175,0.5138394939015886,0.3535731280940887,1.120620128553551,0.3637324611765395,0.359046443398396,1.1074494422130212,0.3350067051539396,0.366339759734054,1.036152388459961,0.35636776962110284,0.10205417131335162,1.282114768447585,0.7527102262281462,0.04244488654005213,1.0483166245526272,0.7629111201090234,0.07139825512931942,1.024264925258646,0.5068226880528167,0.10643181919048925,1.0497901347089031,0.41005418416056827,0.10503748353909087,1.042508722727499,0.34470174489680905,0.11440928026317768,0.972902183778362,0.3879595318704012,1.2203389830508475
0.3547205304837751,0.7871139731428773,0.6999668998135055,0.3432114800118327,0.34344313809213245,0.7608229242248925,0.32407539440002897,-0.09588349553818058,0.7858110202056987,0.33934895151381317,-0.09308389327329641,0.630936691483862,0.38959242361691826,-0.09908869899003514,0.6570377723515559,0.3077788090355057,-0.18707350949272908,0.849259801096175,0.1605560792112465,0.7883797689986675,0.7205265059908372,0.140660856439136,0.3419335115682751,0.7884158829211803,0.14076502808009436,-0.11134299515138585,0.8088073482911017,0.1588232098778746,-0.06705471028170235,0.599710822032927,0.10984819131222881,-0.07852477278215977,0.6344963752959858,0.14890823619838747,-0.15883852550208838,0.8407623913890628,0.2635993555312473,1.3781701296444353,0.7279720441296802,0.2526478062489616,1.624406511825947,0.693453566099077,0.23978366385944133,1.4946879040198437,0.593630216679174,0.40830811043268234,1.2926624009454197,0.7292964550463983,0.4655057637239981,1.032637433754995,0.7705444595122601,0.4015788650981351,1.053304124083416,0.5152810028083291,0.3325029004149655,1.1259787878165604,0.3745164879133639,0.33556233480553793,1.1120020584434995,0.3439069751010539,0.34737351405698047,1.0386255865373297,0.3648946503887642,0.1026177030688796,1.281785893346269,0.7548653600419618,0.04395067234593568,1.0491954534405983,0.7540645898714913,0.07915818769747765,1.0266081832020937,0.5007314354798909,0.115717884952145,1.0547176752594316,0.4099854669860087,0.11870098617877704,1.0429692824029213,0.34444825259300854,0.12840702087039804,0.9761243015527352,0.3869781923258915,1.2372881355932204
0.3550019835860447,0.7865045699546667,0.6992688436499661,0.34287549978304843,0.3424719737404192,0.7602887412523318,0.3244336520903951,-0.09665508467360501,0.7870204655200113,0.3406419533261506,-0.09608081235479074,0.6337905978292013,0.3906898450110046,-0.10072463896905667,0.6594768081467773,0.3075164481044483,-0.18605021445847097,0.8474498660465688,0.1606039946938009,0.7866870252224198,0.7217685026360942,0.14050781503336549,0.34159847184278913,0.7876553878704526,0.14085836479835742,-0.11191424361737089,0.8097255593232944,0.1590413339489924,-0.06707672590427488,0.5993309301982441,0.10989792210581983,-0.07819871542344121,0.6338578353507874,0.1490675208722365,-0.15894756141309802,0.8412101629268104,0.26437320987799795,1.3787802717816315,0.7264913070432593,0.25326626371641303,1.6243486969380239,0.6952325625818602,0.23919801617682704,1.4945396070728827,0.5956699726845738,0.40935807358443127,1.2925169686613747,0.7261492161717369,0.4657255857572644,1.0281378652917597,0.7728051531270018,0.38815106169655456,1.055223783348018,0.5154439428931517,0.31259102178875153,1.1298207009267,0.38357307486706305,0.31292951015469617,1.114644724215965,0.35054019192726715,0.3286541028227992,1.0400719473981537,0.374650102994026,0.10296201090528398,1.2816970768245102,0.7559964057770201,0.045583327803451576,1.0499122463039885,0.7471105222879364,0.08891830864654934,1.0289959938229902,0.4939530768348104,0.12702397687676592,1.0588699096214182,0.4098823872182189,0.1339215611559674,1.0424962877322574,0.3439175879885861,0.14355762717556858,0.9793858656956461,0.386503309055224,1.2542372881355932
0.3550882136763065,0.7859677998087579,0.6986152775865557,0.34249094090658894,0.34212565869023537,0.7597506201935136,0.3247740865447793,-0.09739387983857847,0.7881779807665816,0.34190245558099075,-0.09860992946514381,0.6358842886696808,0.3916555136971237,-0.10258474977021555,0.6622481969487584,0.30731490548902624,-0.18542500727672043,0.8462140426231464,0.16059662599526248,0.784928495289983,0.7230551042654441,0.14029058519665255,0.3417234661352202,0.786697662885615,0.14090588761066228,-0.11222961724510253,0.8102400448629898,0.15929032832790369,-0.06796202341171273,0.6000440532078313,0.10977975518067616,-0.07831219907187084,0.6339075133625035,0.1491315623778988,-0.1589075227624182,0.8413972319434124,0.2649241794898127,1.378826364795419,0.7260979797736198,0.2540456511254122,1.6242889058098282,0.6974870824125987,0.23861630586627308,1.4943477967762169,0.5977050188645379,0.4100284073990564,1.2918682144790232,0.723484038073892,0.4658799594171307,1.0239188691200012,0.7711920508014145,0.37656597979603645,1.0566995842734122,0.5127400000756434,0.29366586401638695,1.1323124062120784,0.39196612855625135,0.29162764430481675,1.1155267438848937,0.35597567527224233,0.30959409408059757,1.0399975472794125,0.38508275300207057,0.10299015154773886,1.2820090055789914,0.7558259746569849,0.04740457287885381,1.0504389770462026,0.7414534910949531,0.10042767482071252,1.031190706588989,0.48748564034939146,0.14051415811578255,1.0630404965305433,0.41010837299982317,0.1500740874186937,1.0417123190987465,0.3452816155894413,0.15974958495182592,0.983085387722997,0.3870549252449236,1.271186440677966
0.35494908739393577,0.7856375973170662,0.6978260953043872,0.34207143099170434,0.34232366993077823,0.759206924095376,0.3250889000034451,-0.09808702021142973,0.7892575873615849,0.3428691539891534,-0.10041333498010227,0.6370056200117582,0.3923667324207606,-0.10441383155953132,0.6649942569755308,0.3071647615015022,-0.18520184724355027,0.8455495667904787,0.16047801633087067,0.7831104708721266,0.7244858435891484,0.14002890003014304,0.34223342061835005,0.7856234906091465,0.1408798799645081,-0.11221094341121661,0.8102253280882267,0.15952838417983767,-0.06940705534063833,0.6017090448806844,0.10956666679953073,-0.07860295881868744,0.6345808720543658,0.14910297774323725,-0.15866730048261338,0.8412683335646816,0.2651287220218337,1.3783554162611273,0.7264058401295826,0.25487636110467776,1.6242406738784965,0.6998835767231193,0.23802526684297542,1.4941205397687276,0.5997404754296431,0.41012519813274917,1.2907689298384093,0.721621340169044,0.4661734860868776,1.020680765326334,0.7642912916014089,0.3662556443037498,1.0576962188352559,0.5064184733194457,0.27561300402561745,1.1337207553566102,0.4001675499712345,0.27172862646379414,1.1146163229861448,0.3620424228731546,0.2900314414559919,1.0385385572231318,0.39456751866715734,0.102667654053476,1.2827664523690838,0.7543746980991293,0.04934361449452597,1.0508496186355212,0.7365908147779725,0.1130059005867528,1.0331144391829254,0.4825329088591104,0.15551785193811385,1.0681458175352427,0.41113316532836663,0.1659324718869758,1.041875330146352,0.34996290466903235,0.17603935950290572,0.9875282012228279,0.3889548660441655,1.2881355932203389
0.35460930000209084,0.7856792128400513,0.6968927361577102,0.34166443623823034,0.34294522129772964,0.7587199415264982,0.3253711093588834,-0.09871693123713002,0.7902282279293016,0.34315762223871615,-0.10138079227025693,0.6371559821179285,0.3927344480530015,-0.10595811141084491,0.6673257684464992,0.3070501286038577,-0.185263439848888,0.8453416249206827,0.1601605359751617,0.7813721332871254,0.7262192577678495,0.1397524878777986,0.3429956880838473,0.7845502859196685,0.14078219012558937,-0.11185952132973966,0.809684895121218,0.15961587872021032,-0.07099748705956796,0.6039674568356121,0.1093145635827043,-0.07902317524340594,0.6359432691053282,0.14900168267995936,-0.15816875987578505,0.8408083992170678,0.26503191929773984,1.37753370762184,0.726929388261386,0.2556510881965168,1.6242113222598298,0.7020976694164215,0.2373527381654922,1.4938660756345081,0.6019237118041426,0.409668488785358,1.289445398442389,0.7206852709360572,0.46675062644298826,1.018819589083966,0.7523215183801437,0.3562875364380914,1.0583038997430472,0.49721135638301506,0.2587796953774131,1.1343132011298356,0.40784831985587955,0.25360616004944075,1.1120987936617412,0.3699060279031525,0.270898460931407,1.0365104910362168,0.4007995231282332,0.1020472311136296,1.28387888412545,0.7519819931787426,0.05128636282111475,1.0511873483274234,0.7326948546205173,0.1255699974455223,1.0346927498876364,0.48051240924257976,0.1707193687791092,1.0748076531994963,0.41313603504022056,0.1803002533652675,1.0443082510507182,0.3582268507279306,0.19126473716158238,0.992722710457756,0.3924072723801974,1.305084745762712
0.35416107877441066,0.7862944776006056,0.6959462510342148,0.3413167519249459,0.34393579415247494,0.758364362223878,0.32561409646303274,-0.09925104295640766,0.7910436815763021,0.3425551755265776,-0.10175036420541327,0.6366948626378451,0.3927298863707872,-0.10694214043624958,0.6687023555490911,0.3069517945349245,-0.18546931398446392,0.8454987083445274,0.15958680701388916,0.7799628835946426,0.72839089068605,0.1395016015859705,0.34389658532691464,0.7836167274792332,0.14062451764930853,-0.11125249736956405,0.8087424021369898,0.15950956226615146,-0.07262112758935065,0.6065085836053627,0.10906226761841742,-0.07972832891221704,0.6380202823300599,0.14884728549951876,-0.1573776296863096,0.840034235537031,0.2648342657535044,1.3766461107689234,0.7272403381407041,0.2562620994526368,1.6242062688121426,0.7038113881430588,0.23655108046973483,1.4935825221336798,0.6043801937319082,0.4088922963346861,1.2882650339080883,0.720454573330298,0.4675088953160539,1.018285707502562,0.7369409254391229,0.3460407421368241,1.0583625601020759,0.4870383919800036,0.24397219161754052,1.134004678776202,0.41490391853064285,0.23825934641508045,1.1085035175768632,0.37955070803576657,0.2537700156804267,1.0346210291902043,0.40277276286479996,0.10130714429815288,1.2851399851287122,0.7493332391078148,0.05309037526673766,1.0513944479323158,0.7300014498383229,0.13678262066234964,1.0358100205222058,0.4825072017232609,0.18467904514123185,1.0828793889786184,0.41610201681842185,0.19271210130082977,1.0496208540490228,0.36944884544861933,0.204569065137383,0.998304637240201,0.3975795000539477,1.3220338983050848
0.3537554936548909,0.7875214628571511,0.6952780052339838,0.34104543166270507,0.3453042750428532,0.758165215267184,0.32580928559986094,-0.09964247441470174,0.7916426740294165,0.34124143310401056,-0.10198992361033173,0.6361770739075057,0.3924071113570536,-0.10713230167062253,0.6686394952439091,0.3068524784883881,-0.1856703628838284,0.8459292653516597,0.15879498743420592,0.7791213806772878,0.7310531084210626,0.1393008348123916,0.34492981835050873,0.7828955441450366,0.1404168074196523,-0.11052152574299753,0.807606139945175,0.15930984033142598,-0.07432293305618448,0.6091445418220142,0.1088172909472859,-0.08086515357617728,0.6406556304618164,0.14866695642323507,-0.15635234613416837,0.8390457432029838,0.2647000662880347,1.3760276211609526,0.7269916923618729,0.2566192641025482,1.6242322198539858,0.7047779716515514,0.23578597927360972,1.493308857356239,0.6067759481066329,0.4081535566412281,1.2875631831441898,0.7205483685300074,0.46809302300691763,1.0186327669896673,0.7207663975873934,0.3356423358067505,1.0573961160352472,0.478112406714877,0.2321320799592444,1.13238350346433,0.42162902492744264,0.22670083717018769,1.1043045129504538,0.39007223505350336,0.2398830121147068,1.033001401686465,0.4018321315054888,0.10068617759471882,1.2862876870135196,0.7472053990696884,0.054577441365003684,1.0514630191204763,0.7282568998206637,0.14549195582490573,1.0364866515876057,0.4883381933283286,0.1962259136378518,1.0913822326593485,0.41989724508502113,0.20329344011988504,1.0573998842351784,0.3822935736610149,0.2153123861429161,1.0037402754059819,0.40411054475924457,1.3389830508474576
0.3535982914803852,0.7890452715749445,0.6953817702636325,0.3408489399732969,0.3469834381024295,0.7580861437275853,0.32594306332790357,-0.09985185111288869,0.7919739783156924,0.3396274985054535,-0.10230473993872521,0.6359964872117926,0.391850098467937,-0.10651565843769414,0.6671901971144425,0.30675707962577936,-0.18577132212294806,0.8465069850133984,0.1579325296801927,0.778890885669314,0.7341103804141121,0.13915155726573172,0.34613019517038796,0.7823752329983988,0.14016754983655472,-0.10977995956694032,0.8064546773870269,0.15910063410237235,-0.07599365306439944,0.6116989848866659,0.1085229037040287,-0.08241608327034551,0.64353943804238,0.14849799857767754,-0.1552917683499469,0.8380475820154407,0.2646576748458909,1.3759096695705697,0.7259999147549611,0.2567070936057734,1.624289510309042,0.704980522304677,0.2354189231600865,1.4931305248392588,0.608337406625991,0.40779265858329317,1.2874755191330127,0.7207485667869691,0.46813398360742353,1.019346965133561,0.7064460172116535,0.3258125674250216,1.0550909720256514,0.47226578940555075,0.22392498709679837,1.1292087279918932,0.4276725066838091,0.21903862199975443,1.09952967009771,0.4002475657505924,0.2298810801461406,1.0314454336598902,0.4005331353695258,0.10034548572727157,1.287102364603792,0.7460640922736314,0.055542711995660174,1.051470727414729,0.7273595621953313,0.15125793617396122,1.0369893892824218,0.496386651906454,0.20458330463890465,1.0990168560193694,0.42415039018789574,0.21193784551781028,1.0663890936903975,0.3951889605175839,0.22285540561700679,1.0086918567487084,0.4106981331303245,1.3559322033898304
0.35384466230763917,0.790334825760297,0.6967444481688404,0.34073590785853497,0.3487574709880813,0.7580973200440967,0.3259981349086364,-0.09986843791671998,0.7920244082892608,0.3380309396176435,-0.1024912305271451,0.636268855402994,0.3910944682544324,-0.10532943815118853,0.6649347441217986,0.30670374422819136,-0.18577985678714484,0.8471282715639703,0.15716629150851466,0.7790371895756592,0.7373250986237728,0.13904948840831408,0.3474366521037583,0.7820045807152951,0.1398855786719996,-0.10905744297925458,0.8053343916286991,0.15884923902238623,-0.07739686721228918,0.6138750022787225,0.10811039997816016,-0.08420001639639887,0.646292252635635,0.1483671822683784,-0.15441446492840558,0.8372399462283701,0.26466596363276346,1.3763075400982618,0.7243301501246243,0.2566223163216385,1.6243632812625983,0.7047200963765203,0.23573551994828867,1.493119017925417,0.608417090354828,0.4079904773071368,1.2879153800946592,0.7210251437192788,0.46749531686741697,1.020184490588165,0.6957598532010323,0.31740040116893864,1.051649667618126,0.4707453580231094,0.21928548386169164,1.1247917430804018,0.4316587780333695,0.21431902415644166,1.094077122583141,0.4087038488963892,0.22402973205229904,1.0298292869989794,0.4008183227193399,0.10029357796281949,1.2874827312801345,0.7458822407753052,0.05583180396921206,1.051426143537486,0.7278044983383825,0.15445089245976898,1.0376971230917524,0.504378374648858,0.2094562563678588,1.104733659219415,0.42827469181641825,0.21806196765894992,1.074962950392059,0.4067692969486216,0.22689618091810007,1.013113656517914,0.4158510586850179,1.3728813559322033
0.3544424567061641,0.7909948170679574,0.6994688123826349,0.3407227014659341,0.350364047933579,0.7582208979187381,0.32596647955275654,-0.09971151768015266,0.7918237703411913,0.33659625091650747,-0.10227003196073549,0.6368763620804158,0.39015746282600766,-0.10383671704342753,0.6624317898851935,0.30673624682007267,-0.1857276304373577,0.8477835816399146,0.15658160419883588,0.7792453407291119,0.7404091796738593,0.1389959281611373,0.34864946196986313,0.7817415324072289,0.1395790238034655,-0.10832477414343362,0.8041981697408489,0.15848041670710494,-0.0783649428270617,0.6152892006053238,0.10760213653103207,-0.08595824072564348,0.6485195311833652,0.14827635286505017,-0.15379543576346055,0.8366878022886138,0.26468626172142484,1.3770457986109113,0.7222213215042805,0.25650316337329704,1.6244328263598513,0.7044128611213671,0.23674173919848182,1.4932820781215557,0.6069604167035927,0.40867754444030574,1.2886599984779858,0.7213617936643952,0.46631754396603675,1.0211683838586696,0.689267855075328,0.3110372490117564,1.0476450231155707,0.473984503054943,0.21715604453563264,1.1197594320601902,0.43258972736628043,0.21128811053107177,1.0882625818468392,0.41414614410566175,0.22197371375138247,1.0283051126542315,0.40312258270473966,0.10041230043419941,1.2874847267593352,0.7462468715622987,0.05554987502283419,1.0513270125093666,0.7297209345266715,0.15587201596866893,1.0387738895365095,0.5105112146321679,0.21119633005853838,1.1080106236328313,0.43173859480493915,0.22133308863303147,1.0816378789086731,0.41600804575888606,0.2280339664706187,1.0169360862020151,0.4192176694884766,1.3898305084745763
0.35517336741763317,0.7909740167998834,0.7031332843401221,0.3407986259254955,0.3516455700230746,0.7584856073968625,0.3258711239544646,-0.09943995493268123,0.7914593364164544,0.3354699264542811,-0.10142688493390101,0.6374194996719367,0.3890970603640739,-0.10216956123006624,0.6599208106972084,0.3068797043871073,-0.18562854358688932,0.8485305066240677,0.15617114123891176,0.7794075929294358,0.743142676452678,0.13899075100761513,0.34955477561498705,0.7815790292977667,0.13925523642772192,-0.10755837294664346,0.8030063580524718,0.15797945564542598,-0.07891741420803185,0.6157663663606775,0.10709915287153829,-0.08744165889815883,0.6498998580716022,0.14821841721152462,-0.15338441320571505,0.8363436395170193,0.2647023821325474,1.3778778391458584,0.7199562266647089,0.25641153893980884,1.6244884307734337,0.7042734848205986,0.2381972560563257,1.4935701733148044,0.6045097022421775,0.4096162354685241,1.2894430730070923,0.721699406492078,0.4648712157820142,1.0223879370527948,0.686265601571723,0.30687441656210557,1.0436537503578016,0.4811367127742498,0.2159940061707573,1.1144997136213213,0.43134348342005246,0.20916646932249056,1.0825774101839836,0.41642373354993945,0.22242099728092218,1.027080093480257,0.40688212624210723,0.10055793127450004,1.287295057498132,0.7466791344996699,0.055094082347988266,1.0513379481528686,0.7319537540454712,0.15635889765375738,1.0399839145623802,0.5141626261526916,0.21091630732698474,1.1089390036548872,0.43429784959403606,0.22234837039893335,1.0853729642798957,0.42254920221958225,0.22759281548478982,1.0198325604975138,0.4218180928839572,1.4067796610169492
0.3558693806783878,0.7904849196880537,0.707077072052859,0.3409119326367734,0.35259942723758053,0.7588740545134636,0.32576803236768265,-0.09915984205438814,0.7910864869024452,0.33485650421977187,-0.0998366189734764,0.6373226903171062,0.38800910602798905,-0.10039883807769831,0.6574802729381989,0.3071466418827731,-0.18552898333268003,0.8494001575445714,0.1558889163539772,0.7796350486228503,0.7454434171657607,0.13902530464246923,0.35009699998097166,0.7815307047329597,0.1389214888873294,-0.10676324802718931,0.8017646975875046,0.1574146930993584,-0.07923423999752272,0.6156132697086311,0.10666757524185796,-0.08849198988333881,0.6503694396219455,0.1481953462958927,-0.1531294555985718,0.83615766092205,0.26471534689932624,1.3785876117959355,0.7178157213739217,0.2563169191335136,1.624531826068149,0.7042729786210613,0.2397797896573829,1.493920385675991,0.6018244792195269,0.41058794996682363,1.2900339161973604,0.7219804096309618,0.46334012528989765,1.0237860624737187,0.6855920474288963,0.3043840849767073,1.0399917569195474,0.49001813239900394,0.21475422608835343,1.1090717757071868,0.43000032696296997,0.20766986947891586,1.077080420679662,0.41706753080757886,0.2235863305490408,1.0260302238815533,0.4115404050420304,0.10066058529999063,1.2871058684561674,0.7469464088075332,0.0548022826342284,1.0516659975575318,0.732866843948954,0.156596725950811,1.0409455802193062,0.5157133723580535,0.2101435818805375,1.1081647826726493,0.43594031115837,0.2223380605639141,1.0857538120063395,0.42689669212950976,0.2267155278116369,1.0214312041918547,0.4248160153291928,1.423728813559322
0.3564851021616097,0.7897910610417929,0.7108833230137392,0.34101107378734175,0.3533000901803624,0.7593318220710892,0.325706196491497,-0.09896634857903969,0.7908437223481907,0.3348175204985294,-0.0976784246852911,0.6362013006329913,0.3870384562782221,-0.09868359369612856,0.6553026698495527,0.3075452015125077,-0.18548243802644418,0.8503342572774989,0.1556956489227246,0.7800496663835205,0.7473155875690699,0.13908935096778308,0.35037373534873395,0.781616853552215,0.13858518395924063,-0.10596097674476287,0.800508609524151,0.15687396278009333,-0.07942475082086689,0.6153940693389768,0.10631977680217887,-0.0891079389064324,0.6502385992852628,0.14820902491392163,-0.1530276843063777,0.8361131654351607,0.2647308789397646,1.3790320312417168,0.7160811663920253,0.256189053049483,1.62456604457071,0.7043169570497589,0.2412191358491803,1.4942743017336864,0.5994722112666713,0.4114588797538111,1.2903167079978195,0.7221771246604554,0.46174720494848637,1.0251166131432579,0.6867985088560062,0.30259891319724264,1.0367922258716606,0.49801842075699987,0.21318437084862063,1.1034843094009261,0.42999228045699056,0.20657639526802196,1.0714494817981137,0.41803950361569153,0.2241831159229907,1.0247733226993283,0.4166068765353164,0.10072103296035567,1.2870029204320441,0.747055951414094,0.05468233444971089,1.0523265224931826,0.7318184418983337,0.15701138804136366,1.041522624788318,0.5159489586022497,0.21003289441068856,1.1065595080831876,0.4366741540167276,0.22222450591621826,1.0832437863058921,0.4297858564607919,0.22581908314676863,1.0216331542842665,0.4283926082126577,1.4406779661016949
0.35700735100417597,0.7891136247442232,0.7145891654864158,0.34109103160324417,0.35380778104813504,0.7598108803938874,0.32568975132750566,-0.09887050138729464,0.7907428976322532,0.33513917143463995,-0.09538531704068848,0.6340640164582053,0.3863975341039563,-0.0973797209180702,0.6538709437243364,0.30807448902979845,-0.18545020028171993,0.8511521221781398,0.15556470323208932,0.7807215222010266,0.7487441352654276,0.13918276594595494,0.35049128000226937,0.7818739915455004,0.13825386401431747,-0.10517331441305616,0.7992759230238999,0.15637100696784262,-0.07934958146851273,0.6153784736491885,0.10605003298888872,-0.08942475014732608,0.6499850586419689,0.14823743569498388,-0.15307951841317383,0.8361546473321522,0.2647520099333937,1.379147899152565,0.7149839997182201,0.2560892603312528,1.6245910208067122,0.7043572072268314,0.24231780722978674,1.4945405782021095,0.5977460941612391,0.4121307918837425,1.2903252339636817,0.7222895414305053,0.4601175470812502,1.0261802635525112,0.6897865827098699,0.3007722244517034,1.0342048126229302,0.5033599725987167,0.2113368490548661,1.0977746020910335,0.43157189469179347,0.20558266312787293,1.0655493207302795,0.42028284875934396,0.22398886041350657,1.023118395432605,0.4210772752553556,0.10074690828426427,1.2869804510139322,0.7470529378686426,0.05455079015871085,1.053145004389977,0.7293659289029797,0.15773811273532948,1.04179920008325,0.5157119712015041,0.21094703202479637,1.1046927544021508,0.4365607757029602,0.222258422619923,1.0790803151417416,0.4315595389940451,0.22490086869767514,1.020604185798832,0.43202827324853627,1.4576271186440677
0.3574221600528382,0.7886595780507565,0.7183808609653652,0.3411762808384435,0.3541645747437898,0.7602826238324606,0.32569362810507135,-0.09882291473565102,0.7907051904932167,0.3355158185649724,-0.09331669890789238,0.6311941279728894,0.38627285230254615,-0.09695506117557934,0.6537715656949213,0.3087011990035751,-0.1852764486242428,0.851570542069452,0.15548097199998195,0.7817630016289868,0.7496393112485684,0.1393145570384818,0.35051284732127297,0.7823338312062345,0.1379350878279226,-0.10441526781168087,0.7980908027917937,0.15587549236976106,-0.0787608296851576,0.6154013694844211,0.10584469980515873,-0.08956986704752437,0.6499137412291014,0.1482288569836586,-0.1532228699931065,0.8361276365069846,0.2647766601466973,1.3789517762256782,0.7145662586857495,0.25615482813999163,1.6246052538250453,0.7043909575627225,0.24294034460051211,1.4945929801439135,0.5967773782474056,0.41252797582665934,1.2902001436389812,0.7223267644730018,0.45856861054988324,1.0269510717756423,0.6938451146511087,0.2987664266430444,1.0321888836185247,0.5056147638177038,0.209327447487813,1.0920410224474233,0.4343227180711403,0.20457312696307295,1.0597699474231026,0.4236908308770213,0.22343311690132442,1.0211588634673459,0.4238665679932048,0.10073250559704752,1.2870084962352255,0.7469409259644799,0.05427867007175491,1.0538872879408412,0.7264336906936611,0.15870249437282982,1.0418241905953742,0.5156620251894581,0.21269209810645934,1.1025429176266277,0.43598742319290984,0.2224626166543196,1.0745364237358024,0.43230753258212906,0.22406793364423844,1.0185809625045448,0.4353694699019848,1.4745762711864407
0.3577330678897651,0.7885954780635336,0.7222001900330837,0.34127683332378184,0.3544237924934477,0.7607164807504013,0.3257044400023674,-0.09879506961291061,0.7906870226702596,0.33581125862535843,-0.09166471561987403,0.6280028989799378,0.3866790798788776,-0.09768897623680681,0.6552232520747087,0.3093385568158635,-0.18481765938074732,0.8514057453281136,0.15546479724209544,0.7833115065014018,0.749864842577644,0.13949035511204333,0.3505161872329612,0.7829802216326093,0.13763593661772572,-0.10369914734973007,0.7969693550419927,0.1554771820948213,-0.07752296572322867,0.6152307309901703,0.10575815476473063,-0.08947969929741637,0.6500223429241857,0.148132325532668,-0.15334309973452065,0.835869917568128,0.26479994001344165,1.3785458711526306,0.7145855025703247,0.2564859030137133,1.6246063182870365,0.7044319264915204,0.24308165756816216,1.4943549578059598,0.5965144892064997,0.4126477132132691,1.2900876388127502,0.722297485559338,0.45714188106548426,1.027390499832877,0.6983033586684121,0.296829937354759,1.0302373875266242,0.5053407281433556,0.20750839720858388,1.086505830715417,0.4373923383220143,0.20385325162304124,1.0547834840360688,0.4276382093113049,0.22291079873486835,1.0190094351044539,0.4247739826742256,0.10067759451832364,1.287060724242063,0.7467202313545027,0.05387262200462638,1.0544068399989148,0.7236623357738873,0.15971835630260084,1.0415961243902256,0.5160025446638654,0.214907307200652,1.0996932672265587,0.4356252637898246,0.22293750665705436,1.0702116873530365,0.43219017048454844,0.2236345868601675,1.0158031203329094,0.43843522571545496,1.4915254237288136
0.35794698362746985,0.7889571648930518,0.7258122713669952,0.3413895304360834,0.35464190646131566,0.7610947464208874,0.3257377622769447,-0.09881586291069139,0.7907381816391108,0.33607519927990465,-0.09044732003441708,0.6249822652361051,0.3874904302132668,-0.0994125460284628,0.6578705333802392,0.30988233945857296,-0.18413920634031203,0.8508391586066482,0.15557783300584238,0.7854061932131129,0.7493649356002541,0.13970574689835463,0.35060293202423143,0.7837555864756895,0.13736240124153618,-0.10304024409678951,0.7959319746350498,0.15536219327315332,-0.07567489285517985,0.6148363997299965,0.10593879543603224,-0.08887391217986694,0.6499901219921471,0.14793139571848016,-0.15335971602251341,0.8353415432771518,0.26482040523511835,1.3780882788429334,0.7146792753657015,0.25707545577716523,1.6245894639851377,0.7044945681224705,0.24292782623937603,1.4938564807932504,0.596650720500898,0.4125916906733018,1.2900493431231945,0.7222212231344449,0.45571425689167006,1.0273727400204258,0.7034769855900587,0.2952078876992169,1.0277261330076917,0.5035205662873332,0.20631310082633497,1.081384370791711,0.43974348509191763,0.20388060651809325,1.0508991962228467,0.4312434442020344,0.22260123539196708,1.0167096797747728,0.4244017987685176,0.10059392462160935,1.2871168530432218,0.7464100500806243,0.05341357204837531,1.0547582776496858,0.7212774501714765,0.16057167179480997,1.0411317594076224,0.5165460972666863,0.21726124582655676,1.095788655703533,0.4359109918995738,0.22373068998188775,1.0659983416698318,0.43156219203445756,0.22381870413925342,1.0125228878065913,0.4412836330397144,1.5084745762711864
0.3580608885696327,0.7896176735826972,0.7290451939212907,0.34152461186955274,0.35485166101440646,0.7614614182854657,0.32581939272387084,-0.09893424317847266,0.7909423030156302,0.336371177687504,-0.08948103237193766,0.6226318659638529,0.38858651581780357,-0.10146561704599111,0.6608550496487945,0.31027194761628146,-0.18349580541919286,0.8503059653428499,0.155877138268365,0.7879455912805278,0.7482933241951901,0.13995240639896372,0.35083666054948803,0.7846076036863004,0.1371198841833422,-0.1024569146413968,0.7950064461917002,0.15557780064766338,-0.07346445714549349,0.614315630966439,0.10649979181922653,-0.08749225247290547,0.6493220142289108,0.14763942310508474,-0.15327379592662235,0.8346003266806288,0.2648405277321657,1.3777113883078111,0.7146560816628789,0.25784050846640705,1.6245509961657933,0.7045862663528404,0.24273889336267213,1.4931896103758728,0.5967942663745531,0.41250223561952837,1.2900657071089605,0.7221278437704618,0.45424568987973296,1.0268794224498423,0.709762703975318,0.2940123551087142,1.0244794267412802,0.5012392407606343,0.20580216209374602,1.0767505550813548,0.4407074665316437,0.20466203177758452,1.0477254445133342,0.433855804303786,0.22254649888521316,1.0142704179190027,0.4236205225595452,0.1004949519861285,1.287163175702047,0.7460442868600524,0.05294360158221407,1.05509431473263,0.7192988030741014,0.16110676330009605,1.0404496691190555,0.5170654261217094,0.21945241378933195,1.090842150640895,0.4367715228095227,0.22474095565242527,1.0615669206212437,0.43105335334219574,0.2245066556404141,1.0089958091944693,0.4438420963821096,1.5254237288135593
0.35806983704803663,0.7903988071836409,0.7317704223216105,0.3416971419881471,0.35505258930811423,0.7618931986863805,0.3259439175956321,-0.09913673758304045,0.791282788205221,0.3366602230103446,-0.08860758209445796,0.6212973604100823,0.38981383880918596,-0.10294504924123003,0.6630120523833625,0.310488173694791,-0.18301158594266445,0.8499744827846832,0.156372711624514,0.7907245604381832,0.747007360776316,0.14022387840678024,0.35122669289908787,0.785519383522304,0.13691507777968065,-0.10196715987459198,0.7942236781165959,0.15604785843640342,-0.07133748271673994,0.6137733561757818,0.10742231531929718,-0.08534859325154366,0.6477250147284987,0.14728217308708386,-0.15313217646993327,0.833723051090688,0.26486117785614816,1.3774704001538687,0.714544931067693,0.25867356963183147,1.6244960782981326,0.7046972878726142,0.24265036947983054,1.4924588441020197,0.5967602363523226,0.41246082728132527,1.2900989897746016,0.7220346027084765,0.4530338883556765,1.0261025087892568,0.7163914294087239,0.29329174777624867,1.020796629006784,0.49950742650111457,0.20556960399330787,1.0726027877567836,0.44032354963727416,0.2056249157204628,1.044695215183164,0.43549492582592164,0.22268236829051075,1.0117154250124663,0.423256716239755,0.10038926743412122,1.2871923467896962,0.7456745094767369,0.05243125597502665,1.0554667381708673,0.7177308610575379,0.1612950878729214,1.0395866338151762,0.5174855250555099,0.22120549120934357,1.0851934743498592,0.43803088237529253,0.22581828522454572,1.0568323896101286,0.43145227871246605,0.22535941033080753,1.0054772811396249,0.4460701104263799,1.5423728813559323
0.35797413121473753,0.7912414183566558,0.733894317615274,0.341885508592852,0.3552409370223919,0.7623652288229495,0.32606090648524133,-0.09932094878539387,0.7915991996708767,0.3368583767178994,-0.08784077683088662,0.62098280371187,0.3908639042941293,-0.10321469705972922,0.6634479885814032,0.3105273728249896,-0.1825024342714143,0.8495154905030707,0.1570135820574904,0.7934978370754483,0.7459106441738684,0.14051319693665043,0.3517746103332088,0.7864979663898694,0.13675763578626543,-0.10158843917827029,0.793615513377653,0.15678299183607927,-0.06969580093439363,0.6133045327940493,0.10858780183457581,-0.08271466861360738,0.6453075309017766,0.14690899172578445,-0.15299042336616742,0.8328322511225226,0.2648815427658886,1.377366078911068,0.7144324888645088,0.2594616682032685,1.624439325103576,0.7048016885039781,0.24264414390579564,1.4918025406988789,0.5966128047904825,0.41247076705241753,1.2901274278985213,0.7219407549458128,0.452524252006956,1.0253837400674732,0.7218499684223609,0.29310896383363083,1.0171266376083166,0.4990235879432494,0.2051066217525403,1.0689667282923283,0.43926999763005814,0.20617225813501172,1.0417615531746431,0.43655515283555646,0.22289950981676132,1.0091815107812532,0.42365678381738436,0.10028315190045811,1.2872022903438771,0.7453699180876268,0.05185247610449836,1.0558571854826018,0.716404317299442,0.16125454883289767,1.0386283238901342,0.5178286961343526,0.22238914493462014,1.0793569042495896,0.4397770313056606,0.2268583891546529,1.0521225536809031,0.4332322216642666,0.22607241907387243,1.0022207271188812,0.44800822501082194,1.5593220338983051
0.35778788636823494,0.792220606343822,0.7354475711867464,0.34202234630567085,0.35547983940063926,0.7627129740639766,0.32611422186615757,-0.0993746792517726,0.7917141292740626,0.33696155255950344,-0.08718021244276686,0.6212982048143311,0.39140376097828145,-0.10227050073711295,0.6621216571221241,0.3104343889299936,-0.18171003029510563,0.8484961040398596,0.15768767148945537,0.7960786530383548,0.7452546063478442,0.14080421733889484,0.3525025202863536,0.7875143719784584,0.1366602243088543,-0.1013426456781632,0.7932196019748684,0.15784489798056878,-0.06869355357756206,0.6129812956461819,0.1098407350226037,-0.07994196769015405,0.6424193137736529,0.14660341537996435,-0.1529086862167456,0.832134061837909,0.26490299141852536,1.3773673900975274,0.7143571490823489,0.2600915545808065,1.6243944096827407,0.7048740304392981,0.2426612751884134,1.4913987109991231,0.5964889280389721,0.4125087942818849,1.2901435405556532,0.721847591583568,0.45286336602300237,1.0250803388425644,0.7252683338436774,0.29351964447314743,1.0138628037412472,0.4999595596764695,0.20425466244055052,1.0659170491863308,0.43836921335099455,0.20619235164019395,1.039323263824765,0.4371679093075778,0.2231223425619754,1.0069631834604211,0.4245217549471284,0.10018700487862486,1.2871909138503204,0.7451936142824525,0.051228320821517154,1.0563108341682421,0.7148319476305707,0.16115955135856566,1.0377168592327934,0.5180946564762509,0.22307261044685783,1.0739729657677308,0.44211557840216775,0.22782710307052967,1.048002485839714,0.4362097230957835,0.22650194046950434,0.9994719598604931,0.44957503165766044,1.576271186440678
0.3575551122243687,0.7934006116039279,0.736496397439929,0.34204123763114774,0.3559297998067381,0.7627927232150009,0.3260799986514134,-0.09925091413214365,0.7915522631920093,0.3370316470858973,-0.08661628960285195,0.6217270623502238,0.39135386221349255,-0.1006097592165047,0.6597323280978704,0.3103321496512847,-0.18055517212831018,0.846777377734299,0.1582698878366373,0.7983662511001974,0.7451025239295163,0.14106003460677208,0.3534501521020494,0.7884496214514923,0.13663564718650476,-0.10125625585330357,0.7930788032127085,0.15918926616239004,-0.06838785244910381,0.6128484880192716,0.11102004778352242,-0.07736078193151695,0.6394489912334662,0.1464427603456136,-0.1529356645068939,0.8318213765428267,0.2649280959851249,1.3774164246856027,0.7143120529304681,0.26047264535517,1.6243665735157669,0.7049029758851364,0.24267271043842037,1.4913826337693312,0.5964678593489413,0.41255798358308104,1.2901464674913974,0.7217687677287834,0.4537350046218511,1.0252965497513171,0.7272034894111541,0.2944130295479109,1.0112718305275195,0.5019992829665325,0.2032932310982577,1.0635441353985546,0.4378797930578923,0.20599112713651113,1.0377248220959339,0.4370464630823939,0.22333223808225053,1.0053950141611208,0.4252459080845072,0.1001169625356213,1.2871520109051753,0.7451664396896538,0.050563638726362284,1.0568831445350768,0.712643201566172,0.1611071825903274,1.0370386521017325,0.518233395210266,0.22339517832213623,1.0697063826492013,0.44478006744006393,0.22871947859549824,1.044858276118094,0.4397749332493919,0.22661945454495197,0.9974141574830773,0.4505466101084611,1.5932203389830508
0.35734032188695725,0.7947346062908035,0.7369673721345514,0.34192159795753,0.3567261021921667,0.7625926475167807,0.3259629552377986,-0.09896054725010238,0.7911286813322598,0.3370930823420928,-0.08629786732447786,0.6219899043924968,0.3909741235938268,-0.09881921880849344,0.6571315468109135,0.3103496472652914,-0.17914956725855438,0.8445409713165677,0.15870181346653936,0.8002577214582741,0.7454224493314894,0.14123448097036748,0.3546089860802938,0.7891427105011487,0.13668727013316742,-0.10134003151635594,0.7932095569634873,0.16065478378870762,-0.06885209686668288,0.6129188607692833,0.11196497480066547,-0.0752888810329511,0.6367575479063441,0.14643819647401876,-0.1530821385878403,0.8319329495582017,0.2649587154704103,1.3774744256828304,0.7142782099939123,0.2605901390384839,1.6243580935825914,0.7048908970743126,0.24267675313947829,1.491756243059408,0.5965514425817137,0.4126097121711284,1.2901383962435888,0.721719548022518,0.4545998021083585,1.0258001113594906,0.7288727117108476,0.2954011285259621,1.0094958937681282,0.504563234528558,0.2025473243131848,1.061771827849538,0.4375105384390914,0.2058834661061672,1.0369690608886328,0.4360294305452638,0.22356092410805528,1.0046566325938444,0.42524589239203314,0.10008645046715564,1.2870887414056253,0.7452491866045734,0.04985337430514938,1.0575142738808327,0.7101043473868539,0.1610976773252779,1.0367291284199351,0.5182336641251231,0.2234599219535676,1.0669324124243609,0.44721046221294536,0.22944852159186935,1.0427227489975552,0.44327209595029277,0.2264532654981185,0.996050919578253,0.4508438460205157,1.6101694915254237
0.35716314775012487,0.7961165958967633,0.736633705585612,0.34169035405443826,0.35780813540169654,0.7621644967000492,0.32577563780494667,-0.09853344028494318,0.7904886893005206,0.33714216076984216,-0.08630755594791287,0.6220575781115387,0.39068232469619857,-0.09733775490487734,0.654970604598356,0.31050499045450664,-0.1777310222550223,0.8422066890930257,0.1590061567847664,0.8016187437400643,0.746062839536023,0.14130746330478455,0.35582611047945367,0.7895072278806462,0.13679257600714717,-0.10154937450334471,0.7935395900930384,0.1620314500133706,-0.06995865454491317,0.6131295975774612,0.11253060452534035,-0.07403755970387331,0.6346851327705999,0.1465256451097925,-0.15331558673466972,0.8323276866248487,0.2649956762213964,1.377553154846289,0.7142480049946063,0.2605386497911762,1.6243780015561575,0.7048486773426067,0.24267964084103816,1.4923853960992763,0.5966948097059949,0.4126592976495974,1.2901245709475317,0.7216985815739276,0.4550742745409613,1.0263160521567076,0.7307378904826247,0.2959931805232594,1.008573102749229,0.5069904447531515,0.2020986690028385,1.06031300610094,0.4371808019664356,0.2059756035686544,1.0367393005403467,0.4346374380072405,0.22386456522227235,1.0046527470239566,0.42423994733344716,0.10009873753086433,1.2870471743008738,0.7453645668039199,0.0491842546234908,1.058028533846851,0.7080130176253165,0.16111127172693887,1.0367349939067367,0.5181763480403575,0.22336130094248546,1.0655107883365662,0.4490818061360316,0.22984368381719056,1.041527718358529,0.4460991621457242,0.22611225044704952,0.9951728722798737,0.4507463671696351,1.6271186440677967
0.35694969403820415,0.7974946035791404,0.7352777653934006,0.3413895647299349,0.3589590089977494,0.7615508305586043,0.3255278833106765,-0.09799738632579993,0.7896752514417901,0.33720839003864017,-0.08641929646364968,0.6219324921111082,0.3907656524974066,-0.0964875777292365,0.6537324327307976,0.3106921300326056,-0.17653612581481867,0.8402271036479191,0.15922133312096312,0.8023347794563309,0.7467478938094907,0.14129635278104158,0.35686300226944667,0.7895934004083441,0.13690099286713855,-0.10177611026487599,0.7938954786736293,0.1631417194884194,-0.07126437012531488,0.6133651360357226,0.11266184108761212,-0.07377770603380839,0.6335166280463503,0.14661409748430543,-0.15357015995825424,0.8327668250678033,0.2650356815556073,1.3776620821717216,0.7142297740682357,0.26045829064380377,1.6244385105645152,0.7047925793612702,0.2426876887030086,1.493093765216171,0.5968435219033577,0.4127017505300938,1.290113380343975,0.7216810647043272,0.45511746906403794,1.026727918620042,0.7324170675092977,0.29594118742172876,1.0083727356087742,0.5086502708908908,0.2019671401903308,1.0591317742367803,0.43717242407864815,0.2062757027239357,1.0367468828672164,0.43382068063752677,0.22424216483340764,1.00507287418913,0.42255310049468187,0.10015057474848357,1.2871041365858764,0.7454560885451935,0.048740671393926946,1.0582308938211016,0.7071961583397821,0.16115451858402047,1.0368458846216635,0.5181636391568095,0.22320973303322883,1.065047684275325,0.4506112479009694,0.22979660614785635,1.0412594084672373,0.4477654179920631,0.22578617755412664,0.9945431159390294,0.4507074017821767,1.6440677966101696
0.3565903317539734,0.7988328436689168,0.7328904018903193,0.34104214783979875,0.35999873885121814,0.7607896184143297,0.3252273408860591,-0.0973751096377782,0.7887231340061038,0.3373149495393315,-0.08638331083741838,0.62163973654532,0.3912358704946671,-0.09646238344891414,0.6537014119776652,0.31078537089547675,-0.1756448667982164,0.8387825608241289,0.15933907207311862,0.8022905626845744,0.7473188570926621,0.14124059737293235,0.35753043163353376,0.7895645097285334,0.1369671361948669,-0.10192095609308728,0.7941185167093654,0.16389770114725793,-0.07225853532480639,0.6135457191650627,0.11246669787569631,-0.07434769563266154,0.6333120290399297,0.14665241726443018,-0.1537671759493956,0.8330596689467943,0.2650701652561164,1.3777411856030188,0.7142282380380298,0.26042648040184846,1.624520377076459,0.7047378743465524,0.24270540962957338,1.4937588671220403,0.5969606615713788,0.4127263432418259,1.290111072842959,0.7216483558087813,0.4549005558160502,1.027008418181582,0.7335823084151929,0.29542020044262174,1.0086054071018418,0.5091268126330813,0.20229477838600585,1.0587363459677088,0.43754146480027,0.20680543932602033,1.0371025037775814,0.4340905912703582,0.2246052268246196,1.005566757117517,0.4209499528132433,0.10023559720854688,1.287268017725077,0.7455252371410097,0.04868134862087754,1.058032841909055,0.7079987205079272,0.16123200997744908,1.0368922982471669,0.5182334832247153,0.22309912625898154,1.0653772949355462,0.45213200465363196,0.22935351043884694,1.0418320745039882,0.44809137077224037,0.22561180366752082,0.9941718825552052,0.45090688292784464,1.6610169491525424
0.3560527978397677,0.7999522446237101,0.729753007194571,0.3406527325609075,0.3608595260179041,0.75993029793441,0.324882030894635,-0.09668623618741132,0.7876606602935134,0.33740448998125694,-0.08629406386167454,0.6214295450432855,0.39190739145912856,-0.09714323930110766,0.6547010091973722,0.3107243476794036,-0.1750050679262493,0.837780911726085,0.15930438531766708,0.8013763555077547,0.7478925901002478,0.14118912913606935,0.3576848224311484,0.7896154003403002,0.1369850417223566,-0.10196957080344456,0.7941863524877744,0.1642563956667859,-0.07268486152629802,0.6136315507462409,0.11214291177804339,-0.07533090041772172,0.6337562791314544,0.14665710934534132,-0.15384926511860791,0.8331766172389423,0.26509031998557764,1.3776779310358376,0.7142252702383822,0.2604379291393743,1.6245345104972986,0.7046857687256614,0.24272829473360566,1.494295288224617,0.5970298657293864,0.4127141273370183,1.2901096989621608,0.7216530582278398,0.4546218533649367,1.0271988186366523,0.7341219551178205,0.2948779073042491,1.009031336726516,0.5084793215238936,0.20319479236265126,1.0596875667765,0.4380250244803501,0.20752356252012333,1.0381662548068904,0.43511391977816366,0.22484637421228282,1.0058773698302024,0.42014845942438017,0.10033691165123204,1.2874301362288119,0.7455895658057506,0.04903338773851883,1.057519556805653,0.7100406388644556,0.16128960317966273,1.0368422507043495,0.5183494207639792,0.22305942763370346,1.0667133131940587,0.45340430616435057,0.2286802335010113,1.0430477625541454,0.4473047393351101,0.22554842850030837,0.9943623872346882,0.4510481246580911,1.6779661016949152
0.3554299773417852,0.8005736359674909,0.7262960366131528,0.34023283902663126,0.36151214820420857,0.759025995174324,0.32450097223003455,-0.09594717410152653,0.7865106373062888,0.33736102116523625,-0.08651627232382986,0.6217653466744828,0.3924871073566115,-0.0979982917562654,0.6559522437236605,0.31050688908056,-0.17454898560465543,0.8370981776038603,0.15907264989192083,0.7996383423199567,0.7486243096681252,0.1411780034739662,0.3572384456203149,0.7898547777913343,0.1369775347295854,-0.10196889945150046,0.7941748434721849,0.16418516728528432,-0.07260854023032833,0.6135922724502009,0.11182034736231389,-0.07638573979215674,0.6343593942962122,0.14666798570708292,-0.15380714511660576,0.8332018226701501,0.2650919086353262,1.3773947837931995,0.7141706331259413,0.26046148806253744,1.624373929898175,0.7046199664557803,0.2427350629888631,1.494584509197082,0.5970370371340665,0.4126454278415742,1.290078291712934,0.7218550698527315,0.4545003075655363,1.0274545019562684,0.7337128623818483,0.29470226769355934,1.0096299948137564,0.5072643015085305,0.20458745397100053,1.0620343576685878,0.43852089584467957,0.20820818883227796,1.0400514338832048,0.4362788825824225,0.2248608895926707,1.0058795528798905,0.4206679859219583,0.10041981151182419,1.287442770089279,0.7456143773473396,0.049673566752813286,1.0568674472511073,0.712520814422827,0.16122653254299937,1.036772027884924,0.5184439740841127,0.22303913897551716,1.0693767246357013,0.4536840195443833,0.22795748031612317,1.0446922324807042,0.44603058419469643,0.22546172323847363,0.9954485180131817,0.4506792636660728,1.694915254237288
0.35484527561909085,0.8005891817565858,0.7227829282338429,0.3398051595231808,0.36190089632825695,0.7581026147749512,0.32409420458442784,-0.09517025960056488,0.7852935150714917,0.3371056732825734,-0.08734192596944465,0.6229879440347784,0.3925830067002284,-0.09837393726872949,0.6564797108753114,0.3101463214426074,-0.17422647595742383,0.8366676405148828,0.15866240073368262,0.7973600823126938,0.7494109483439174,0.14120079424231424,0.3563069816313744,0.7902159586942035,0.13696511606180167,-0.10195914863156602,0.7941484168927117,0.1637628422852606,-0.07223998810716402,0.6134446781585142,0.11152478670695917,-0.07739280187571079,0.6348381431554952,0.146693234400696,-0.15367654359788827,0.8332131762634929,0.2650753322585142,1.3768971282425235,0.7139774717028784,0.26048064670220566,1.624039761948725,0.7045258333791105,0.24269230553903015,1.4945302240372869,0.5969680049103981,0.4125301558913267,1.2899855415706043,0.7223806124820747,0.4547930867183838,1.0279459224826424,0.7318418707582848,0.2950465932288679,1.010580409803348,0.5059835643921049,0.20625504626862207,1.0655004893202737,0.43921680589052325,0.20841403297175115,1.0425122996597505,0.43738540420394445,0.22452001595633592,1.0056049731253027,0.4227376974613538,0.10044129988630615,1.287213921552653,0.7455128541175754,0.050412356789530016,1.0561952996113013,0.7148107004425558,0.16096944655437107,1.0368601746417865,0.5184628311774186,0.2229065494070489,1.0734633815641066,0.4525462953677316,0.22725883607699204,1.0467073743270343,0.44509470870225865,0.2252917583011159,0.9975684134837687,0.44964722782963484,1.7118644067796611
0.3543009744957284,0.800213679883251,0.7191368996550006,0.33938329079063884,0.3620017823375744,0.7571314566127758,0.32367266502885067,-0.09436641047303143,0.7840322936099251,0.33664507371955094,-0.08880009718870147,0.6250976067856978,0.39185722508497706,-0.09803624674116701,0.6558908544250506,0.3096532914836956,-0.1740224535991346,0.8364272651271842,0.1581588072631413,0.7949429116306159,0.7499258933360952,0.14121268686611443,0.355242266299174,0.7905015726601649,0.13695585874955563,-0.10195294000055025,0.7941268245356992,0.1632069694987835,-0.07178849073541754,0.6132614985981936,0.11125260988803293,-0.07831279971676007,0.6351745939327932,0.14671447152631673,-0.15352186472647505,0.833235699382381,0.26504382958564976,1.3762367559587274,0.7136159226376624,0.26050072843463756,1.6236445321118402,0.7044111288730377,0.24259335536547,1.4942000921225338,0.5968367826989798,0.41244735376907327,1.28987092854913,0.7229526581679409,0.4556946815324403,1.0286316186516322,0.7282006850819017,0.2959551688219181,1.0121648929817781,0.5043462592170037,0.2079367667482278,1.0700352707548126,0.44027326742853656,0.20764249859845607,1.0452905505781072,0.4383844534388669,0.22367441876811064,1.0052456483508012,0.42605747687917545,0.10039372632025975,1.2867592899611167,0.7452760392860458,0.0511181054065936,1.0555121749637353,0.7168274743677294,0.16047847419204442,1.0373065870295024,0.5183714044923033,0.22250184360295716,1.0788280375588952,0.45021749301984815,0.22650256627170937,1.049435261671514,0.4447328017423091,0.2250926730228208,1.0007157470179202,0.44808736127394466,1.728813559322034
0.3537038421830323,0.7998255222234671,0.7151375160277629,0.3389648032992284,0.36191620257373214,0.7560608903777712,0.32324791823390153,-0.09355133950043118,0.782756029210775,0.33603732952236254,-0.09073020293570991,0.6278653518148535,0.3903272657950057,-0.09732786062392773,0.6546481081399753,0.3090524428491384,-0.173974744912251,0.8363080324843489,0.15768177112242412,0.7927232078193638,0.7498521455039335,0.14116597649259932,0.3544166424467108,0.7905516026919134,0.1369516318622297,-0.10195049703690529,0.7941104399725843,0.16272015014503693,-0.07145427855750902,0.6131231447921309,0.11102289854140035,-0.07905834553567377,0.6354178671568744,0.14672533325948017,-0.15341916708791664,0.8332584758937798,0.26500243880996094,1.375473897893245,0.7132931576759207,0.2605450496128774,1.6232761554314967,0.704318868584255,0.2425152477325304,1.4937870789066703,0.5967019050932066,0.4125197169986622,1.2898881908200677,0.7227015929235359,0.45719959970329055,1.029048513254687,0.7231920709453687,0.29754904239417845,1.0146166977670539,0.5014070333534215,0.20939333538966617,1.0758177985947461,0.44149057870276803,0.20587399367633863,1.0483684660552222,0.4385148281009491,0.22221797339796764,1.0050263195510811,0.42975330761146824,0.10035859874588442,1.2861701098358491,0.7451487156732803,0.051722390188956066,1.0548022677728817,0.7189289205483882,0.15972385327995642,1.0380895674564172,0.5181084327713087,0.22184686310357235,1.0851797527723215,0.4471507112573,0.22563390198952188,1.0533307397194362,0.4441539055737224,0.2250113750415506,1.0046965688716483,0.44606058495736445,1.7457627118644068
0.35307796993734725,0.7996786886128784,0.7107088032841669,0.33855497303467946,0.36179117630124014,0.7548887089963554,0.3228315843869158,-0.09274694444231373,0.7814979298821264,0.3353479350655647,-0.0929195515416974,0.6310052420477111,0.3884175076829616,-0.09674792485670444,0.653517153951249,0.3084090643217155,-0.1741085578927282,0.8362705243582741,0.15732761245415863,0.7908540668895832,0.7490387171101862,0.14104065993928236,0.3539788344046928,0.7903475611417822,0.1369529576195934,-0.10195198734133464,0.7941008099286528,0.16239839588298888,-0.07144001412232015,0.6130995132698307,0.11087397426024728,-0.07954053668155839,0.6356021938913973,0.14674690825810394,-0.1534184639125056,0.8332643137136776,0.2649535533201011,1.374705807442454,0.7134142516094799,0.26064322501383563,1.6229622605370309,0.7043350569693737,0.24259847956237351,1.493403391589221,0.5966535796448702,0.4128024045811727,1.2902227160319004,0.7206795924840002,0.4589827359791674,1.0284162690348988,0.7184261968563947,0.3000479096825334,1.0179334453893565,0.4965022236098656,0.21058917761400903,1.0827579168637216,0.44201898392734307,0.20395013327813713,1.0518658321063519,0.43615316621008615,0.22030856616293462,1.0050366297140279,0.4323988425013783,0.10047506976794833,1.2855407805503114,0.7455347335862795,0.05210817576349537,1.0541146147681797,0.7214244124875573,0.1587331001954592,1.0388449146132601,0.517505810381924,0.22125088442715055,1.0918766308213843,0.4437942035800311,0.22489115113336527,1.0580035298593025,0.44256566579077494,0.22530455642964042,1.0086971146017227,0.44343976769039656,1.7627118644067796
0.35261948570214807,0.7997665424184779,0.706010121236951,0.3381866490175478,0.3616455725134232,0.7536718107181504,0.3224326164807782,-0.0919707739912282,0.7802817548012871,0.3346586106386056,-0.0950988970864825,0.6341372466061493,0.38667170668220063,-0.09649727954379961,0.6528899896275521,0.30781526360303474,-0.174347596538797,0.8363064719477632,0.15712563597033297,0.7893311856667954,0.7475044281793183,0.14085482671865193,0.35382165080776923,0.7899525213750863,0.13695864039474995,-0.10195518067223595,0.7940969307833678,0.16227105524840355,-0.07189442901498055,0.6132415501225836,0.11082843365068674,-0.07980438855924851,0.6358025313066162,0.14680822434268445,-0.15350997743811157,0.833244684786495,0.26489022443303323,1.3740868084698774,0.714262147572106,0.2607938009607675,1.6227560171232442,0.7045013868468987,0.24293679903384469,1.4930382249020429,0.5967964479808645,0.41319296883754686,1.2909570650500835,0.7167666582988278,0.4604524472757062,1.0262983617266224,0.7162936119092659,0.30372685356136586,1.0218726233284983,0.4898043812035848,0.21189707210810257,1.0902268095811365,0.4402886099453317,0.20313681390173854,1.0557660221333007,0.42974917114630273,0.21868397551623503,1.0052442691892431,0.43205237881293057,0.1008228059183198,1.285003588418147,0.7466288213159684,0.05208761223522543,1.0535148472427047,0.7242835766704744,0.1574950868608211,1.0390770841286736,0.5163350275355119,0.220943607072798,1.0976312690697212,0.4407399070485614,0.22464455432664113,1.061956896000758,0.44015338799370995,0.22616287171054483,1.011112005180824,0.44015088166035504,1.7796610169491525
0.35246023641033053,0.7998960131759055,0.7014108523087675,0.33790265195247793,0.3613685961161789,0.7524692621292687,0.3220524425115617,-0.09122156966713771,0.779105436954855,0.334111239281042,-0.09681539874269285,0.6366001614003856,0.3854566215492239,-0.09647009863041058,0.6526995542993497,0.30733728866922294,-0.17456223472510757,0.8364160888159211,0.15705440557180905,0.7881265481039879,0.7453487281471902,0.14064752992103033,0.3537605698313744,0.7894086457817735,0.13696141842733223,-0.10194186390192402,0.7940715627589414,0.1623349781364905,-0.07285357863222329,0.6135749362723354,0.1108669698127267,-0.08006966246412346,0.6361467335754227,0.14691035721045653,-0.15363309920720825,0.8331925098178651,0.26481614780304863,1.373769399005627,0.7158116777151751,0.2609128821844466,1.6227484471445834,0.7046279462334687,0.24351666520139217,1.4927191928522583,0.5971604218609072,0.4134817598141307,1.292019177875369,0.7119995702385042,0.4611055206740009,1.0232165257024626,0.7185885585483016,0.3089453931260806,1.0260240128678708,0.48240812201958116,0.21398337732155104,1.0971910651265122,0.4346288995596632,0.2044391306770888,1.0597787578435547,0.41887117983181604,0.2187051521501519,1.0055440238597104,0.4268400509269529,0.10137778292179539,1.284770424786993,0.7483168856631843,0.05154204481930487,1.053022599905297,0.7273706174561034,0.1555575108187893,1.038473000208719,0.5145080884922031,0.22047754528145097,1.100721063891862,0.4386036742867712,0.22472774753200442,1.0636681088152664,0.4372044874765462,0.2270824649258854,1.0102938324282986,0.4363701229389942,1.7966101694915255
0.3525145797268561,0.7998510883829721,0.6973525234290802,0.33771396593364167,0.36085347199497936,0.7513134076085762,0.3216844904694271,-0.09047759030149469,0.7779485210569501,0.33388575098036705,-0.097503164319346,0.6375700081245226,0.38486490143922625,-0.09656308595258291,0.6528391378469923,0.30699588424840735,-0.1747247773274016,0.8366192809200174,0.15706530876035288,0.7872498601713619,0.7426769691781142,0.14044616198586282,0.35369826619952316,0.788712188919387,0.13694283361551565,-0.10186872227595169,0.7939535548826012,0.16256091875669876,-0.07422287938428287,0.614130136261159,0.11094738641749025,-0.08046248447724097,0.636598705834471,0.14701334185361448,-0.1537261934145975,0.8331000114079409,0.2647939986585318,1.3738385648620879,0.7178520767087834,0.2608536759695512,1.6229921747728435,0.7043120348105623,0.2442577375704852,1.4926063060688626,0.5975356660921707,0.41351790603405136,1.2931911426092049,0.7080252047341974,0.4608440853095286,1.0203891725166776,0.7255996830784959,0.31613360240720045,1.0296505351491552,0.4761889006688116,0.21742176712163955,1.1023390298243088,0.42436383384178755,0.20858718215988242,1.0632519729355583,0.4041982010408386,0.22185968120902588,1.0055328440089641,0.41608328676280854,0.10209100371209015,1.2849945878311606,0.7504877651456712,0.05051033200870092,1.0527109128612537,0.7307314590158737,0.15182377248252518,1.0370360628878192,0.5121086446341095,0.21854900582973996,1.0997269239972332,0.43752764279677686,0.22399674765030558,1.0624876027117824,0.43274384426041157,0.22640092573616638,1.0055649800029804,0.432424553709134,1.8135593220338984
0.3526021396587461,0.7995185655154826,0.6941158359936692,0.33758447456681084,0.36009971373545757,0.7502365414384936,0.32133139781867454,-0.08972801851731986,0.7768321436110621,0.3340760747038444,-0.09687342224132603,0.6366328045414975,0.38480312701721986,-0.0967614064113404,0.6533085799326778,0.30679776334131953,-0.17494250017521293,0.8369581550148832,0.1570924899255202,0.7867119131293995,0.7395748149742019,0.14025247385948875,0.3536504644472135,0.7878351185622763,0.1368822539309085,-0.10169417259264955,0.7936709950409946,0.16289470029883285,-0.07570193907267761,0.6148686144419481,0.1110446618263555,-0.08063111823858682,0.6366644251412382,0.14706467616128283,-0.15379222875108284,0.832972067862663,0.2649395613882495,1.3743031586400565,0.7201587139244904,0.2605143436774864,1.6234343682480394,0.7032587606344093,0.24506096911077224,1.4928938121120208,0.5975065047437147,0.4132819988972618,1.2941419131594136,0.706297946036804,0.4599276950968958,1.0188829356651095,0.7361924149184356,0.32551819891153366,1.0315911239126565,0.47304779504313654,0.22253196591074514,1.1040377597483122,0.41015052188618684,0.21627124904275372,1.0649635578885952,0.3865745807713922,0.22907734867104967,1.0042658501080206,0.4010325099791263,0.10294558801958217,1.285606012802134,0.7532011558732103,0.04911880480681848,1.0527730827277835,0.7345925216137761,0.14512862218618383,1.0349296487777988,0.5092617514597968,0.21361200775612643,1.0941465486669713,0.43708910978951154,0.2206677352869493,1.0582092323583405,0.4253692534087511,0.22193285966766274,0.9974148426670153,0.42843551388608514,1.8305084745762712
0.3526007114741728,0.798917521561389,0.6917565973545449,0.3374826679661899,0.3592345254338562,0.7493080735246906,0.3210266766744072,-0.08902441838860159,0.7758774884337308,0.3346043403256094,-0.09517086091531984,0.6341505779373081,0.3851253519700982,-0.0969246881845353,0.6538739463543948,0.306761855472774,-0.1753429963233393,0.8374603977329345,0.15708770191292826,0.7865194409037529,0.7361050133297,0.14005365288244634,0.35371289829017394,0.786730052563615,0.13678662414293272,-0.10144277994034936,0.7932578252415343,0.1632363087966771,-0.07674422403195895,0.6154525411312086,0.11115600274199858,-0.07991917046709758,0.6356467548316724,0.1470300531206657,-0.15390426109774968,0.8328238055158133,0.2653420105997685,1.3751347742957711,0.7225474692270628,0.25990885509290096,1.6239190382845239,0.7014972979543556,0.24581759026224365,1.4936260799378922,0.5967503096983476,0.41278988822351953,1.294555504671135,0.707469290395797,0.458758539946705,1.0190986208844572,0.7483589059818003,0.33668203748167724,1.0306472469231749,0.4740180850361093,0.22955078835628506,1.1005179743612976,0.39313099066938456,0.22785004502789552,1.0633726507659647,0.36653589828088246,0.24053852510225104,1.0004025150882097,0.38450565988441354,0.10392053318190518,1.2863677656479582,0.7564802185241621,0.04750719846892162,1.0533420293041054,0.7392567662942555,0.13510640154502354,1.0321790700987652,0.5062347997834639,0.20485072143573255,1.0844652970611852,0.43672712108262923,0.21298153241940473,1.0504430013511399,0.4152866877032939,0.2121253811083939,0.9869702987666529,0.4240510403747444,1.847457627118644
0.3524989743847179,0.798167298197206,0.690253316297724,0.3374279545188424,0.3584182981728756,0.7486241898895334,0.3208154384736007,-0.08847449943223919,0.7752316735407058,0.33529091969381175,-0.09294189787942349,0.6309181497865559,0.38568779135772496,-0.09675963642553406,0.6539342982902546,0.30689653937213696,-0.1759994838463691,0.8381300439595004,0.15705068237679684,0.7867013193622218,0.7323231594630843,0.139834587990363,0.35396790151690966,0.785346648647765,0.13670463001397443,-0.10122883087360827,0.7928930844599945,0.1634458139478126,-0.07680005404138274,0.615247309712909,0.11126894369600226,-0.07801717672792262,0.6333197536707685,0.14689655251838285,-0.15412763665763968,0.8326588150520782,0.2660178254142729,1.3762760820592057,0.7248412348107383,0.25913786762332025,1.6242982327947664,0.6992935892104264,0.2464105262407843,1.494638187782766,0.5952315500415786,0.4120413499183482,1.2943091621820808,0.7111087068003997,0.45777273501967314,1.0208544842577287,0.7596986062776552,0.3484537438661661,1.026173181477579,0.478944515917344,0.23859415586068083,1.090579321708153,0.3744018420114079,0.24278568334315648,1.0574047621956857,0.3448990281046734,0.2558583644931768,0.9926920157357403,0.36959657260877854,0.10494718733182969,1.287034080804114,0.7601184988257323,0.045804429572833594,1.054295716522334,0.7450049332833412,0.12246293127928717,1.0286510627287968,0.5036014506741605,0.1925540107573806,1.0716299471756103,0.43589182007637695,0.19978149443840754,1.0391011360671574,0.40411114872536746,0.19651198089862576,0.9754802340222796,0.41885978435623983,1.8644067796610169
0.35237478909223097,0.7974390686292603,0.6896194290552933,0.3374538423286674,0.35774003229970985,0.7482381092840404,0.32071489307941126,-0.08817124260666702,0.7749425716832546,0.3359828503341776,-0.09064334928654469,0.6275952165529798,0.3863620120031549,-0.09603278332391535,0.6528722787985386,0.3071428082544677,-0.17693834594705532,0.8389933363719896,0.15701525376545333,0.7873052788896511,0.7283202765223223,0.13958712494782882,0.35434961327359654,0.783697645306891,0.13669848761942213,-0.10119292719559142,0.7927996493826422,0.16342537287317555,-0.07568365881538885,0.6137587430121996,0.11133837283753277,-0.0752068837847241,0.6300673046353074,0.14666373672192437,-0.15446503904972964,0.8324626800323176,0.2669094632474411,1.3775848280584397,0.726788870493104,0.2583275820594691,1.624545960258231,0.6969758864641713,0.24674230738838612,1.4957254194683116,0.5931455481239267,0.41110302044625546,1.2935228849120406,0.7159302241628809,0.45741480472013374,1.0235784228010203,0.7677768910742109,0.3593801161736051,1.018345080589592,0.48642449239203867,0.24926615514942874,1.0743555022733833,0.3557680738197506,0.25946625517198396,1.0466933760783963,0.3234029162763662,0.27392515960524205,0.9805669260830809,0.3584189491160634,0.10590650599128328,1.2874123698267672,0.7636842120806072,0.04411777923303488,1.055290437969619,0.7520477000398014,0.10863347301329498,1.0243408959923683,0.502034359586029,0.17762502584541728,1.0563278267748213,0.4340104352127291,0.18109880776743748,1.0252819217971707,0.392882757248137,0.17556438276293856,0.9640053795308713,0.4132689218231841,1.88135593220339
0.35230604002272026,0.7968925889393911,0.689887722988822,0.33757126254901265,0.3572377085326893,0.7481297933852512,0.32071925410545693,-0.08815823042441666,0.7749823842237236,0.3365943545339547,-0.08855147085304349,0.6245780095820234,0.3870680368507816,-0.09468730998094468,0.6504185397623697,0.3073741442236507,-0.17818019796026816,0.8401374449733757,0.1569937381620245,0.7883619825488845,0.7242817035043977,0.13932625271696314,0.3546585765671505,0.7819174794696571,0.1368004593992697,-0.10140999079063483,0.7930983757765365,0.16317130231166074,-0.07367761681176353,0.6109911970075679,0.11131712188168436,-0.07204629874829438,0.6264795197084753,0.14633919333707318,-0.15488158334466817,0.8322196407720572,0.26784228165547874,1.3788670508315333,0.7280509730657725,0.2575916310817923,1.624709277696846,0.6948260422955719,0.24679718819414254,1.4968355696103421,0.590810558417588,0.41015224156868946,1.2924783629527925,0.7202762802186938,0.458090692385988,1.026374538393582,0.7708725156203375,0.3683516791913515,1.0079940601618622,0.4940492520534268,0.26060019559227454,1.0533805143035722,0.3403827264937566,0.27573320760276726,1.031223365418597,0.3045126026276132,0.2926106106133992,0.9644178190789751,0.3520770263361757,0.1066569345400421,1.2874042468194895,0.7666199989739959,0.04253325772675595,1.0559203572388511,0.7605453532483353,0.09523403826978047,1.019378394325693,0.501986865486986,0.16114784546056526,1.0390631951129976,0.4308178163083184,0.1583653733519849,1.0109741150276448,0.3815465289911881,0.15064561941173366,0.9530721504022607,0.40853993827675933,1.8983050847457628
0.35229446237461154,0.7966164717930228,0.6910272407260807,0.33778759442521744,0.35694618854988613,0.7482695883049723,0.32082254861251175,-0.08844305536391338,0.7753252591839357,0.33707586230425624,-0.0869030981975262,0.6222032025758055,0.3877593551806371,-0.09289334860477985,0.6468114657493199,0.30749455568026623,-0.17975589910237957,0.8416592039877947,0.15690881412806074,0.78980800534174,0.7204977451729833,0.1390869587518772,0.354748236610928,0.7802159853244355,0.13698425721528523,-0.10182544268939049,0.7937053486082352,0.162702316483165,-0.07133852755531378,0.6073361092235647,0.1112371491127278,-0.0690096284107571,0.6230986249489419,0.14593979628756,-0.15535442588084017,0.8319345463835903,0.26850415721328935,1.3800107420605803,0.7283698560510157,0.2570182381926119,1.6247995693943382,0.6930533812661571,0.2466794313254791,1.4979915911344797,0.5885947515623573,0.40937705790776285,1.291509396880338,0.7225960085280208,0.4600486325155718,1.0282092702027628,0.7690276378584149,0.374924220352457,0.9962132981113772,0.4994049820410129,0.27160572728473037,1.029888779067886,0.3316975307668229,0.28984827624948484,1.0113824217329086,0.29060093403798526,0.30922883619735314,0.9452160228189853,0.3514111490840137,0.10709667430833095,1.287030076985199,0.7684634470780312,0.041055206576025016,1.0559076595272459,0.7703772859948019,0.08359029904531304,1.0135987252162202,0.5036195932067389,0.14452813468890197,1.0207367741841618,0.42684811089043073,0.13391657904951992,0.9973573914039945,0.3705194307263039,0.12411291430408178,0.9422655023184094,0.405809335986994,1.915254237288136
0.3522860682372462,0.7966501298886858,0.6927605680342721,0.33810695826398435,0.3568487804675547,0.7486366965091013,0.3210062101855047,-0.08898553688296851,0.7759093103931517,0.33739676697202525,-0.08593591015036142,0.6208023629230136,0.388353336085814,-0.09108818783223208,0.6428647832957769,0.3075103317339921,-0.1815839711441441,0.8434729038438482,0.15661130139758833,0.7914556399531663,0.7172616973902708,0.1388961868215618,0.3546512232123642,0.7787546965313513,0.13718077656199326,-0.10228556967784952,0.7943780946713627,0.16200002289417603,-0.0692547262939143,0.6033568674860508,0.11123737045647367,-0.06641587870734247,0.6204123121001132,0.14549103487365975,-0.1558941510568681,0.8316415053205014,0.2685715399845323,1.3810153427917122,0.7277205812547806,0.2566794314893872,1.6248022423419293,0.6918574525506631,0.2465397869356818,1.4990786005032541,0.5868512671676436,0.40884792668384545,1.2908804193533734,0.7220797173558553,0.46321807913083657,1.028356145010148,0.7640728611210298,0.37936824976541017,0.9839756771701332,0.501140426325557,0.28176340204770073,1.0059187613632277,0.3314082566659384,0.3010028146327244,0.9882732641954483,0.28335418364728177,0.3217047210377876,0.9240246218151721,0.35668899866738885,0.10719625788732612,1.2863917878411883,0.7690126649591839,0.0395068084419198,1.0552299143902564,0.7807431994942464,0.07449675677403533,1.0063545566903045,0.5068741607550398,0.12929796356486054,1.002149823942311,0.42368065140009653,0.11026387151919444,0.9835154018390643,0.361958105577165,0.09893041327999368,0.9302433116266574,0.40563411602517846,1.9322033898305084
0.35224056155563427,0.7970615713979434,0.6944962411437259,0.3384935658457091,0.35682306669511066,0.7491237455848474,0.3212228469415823,-0.0896817021082332,0.7765833142357805,0.33756060026058987,-0.08571817855648861,0.6204583977501007,0.38874015246893995,-0.08982420662669552,0.6397532504329849,0.3074935128327462,-0.18336464950569697,0.8451920715377953,0.15603031978493653,0.79309073929638,0.714721956138024,0.13876780093244398,0.3545122877063137,0.777603526895337,0.1373431993814657,-0.10268049340779097,0.7949428654422661,0.16112447519510442,-0.06797182681659714,0.5998200161507996,0.11148519375599122,-0.06461446329296534,0.618825204721878,0.14502019444113015,-0.1565274229130773,0.8313845928076471,0.2678939624997748,1.381905173678147,0.7262388289045494,0.2566377701471968,1.6247012050304046,0.6914561376288932,0.24643481510554277,1.499884463951659,0.5858437779285823,0.40851420953002127,1.290708891802603,0.7191602276147119,0.4672160423795848,1.0269250676380144,0.7579796447385891,0.3825583557489572,0.97190850281717,0.4993910182003847,0.2909187577559825,0.9827046096924551,0.3385071565951808,0.308974080124776,0.9634941652122865,0.2838888939480934,0.329492115656056,0.9020392951856322,0.3664873528040215,0.10696478957195088,1.2856575375915436,0.7682644865172901,0.03761385001545568,1.0540059908033839,0.7902759471349563,0.06802005960340118,0.9968668912097784,0.5117366019375549,0.11632781766639766,0.9828334281053885,0.423519048776719,0.08952763962778469,0.9674391024996956,0.3586657978060669,0.07737612619966495,0.9156081301922803,0.4084684536987173,1.9491525423728813
0.35215828331168963,0.7979121343442123,0.695718150176647,0.33886961773766594,0.356763068436169,0.7495064840718514,0.3214247027084524,-0.09042353601698983,0.7771941157742343,0.33762221309704565,-0.08597519861490444,0.6208116193973382,0.38885580110139195,-0.08951014551036335,0.6384694193437395,0.30752373648717884,-0.18480792997000037,0.8464162367450236,0.15527677351778485,0.7945632235946911,0.7128640810827763,0.1387204481727998,0.35443794921955296,0.7768042896471761,0.13748488043273283,-0.10303358607900961,0.7954372322342239,0.16032765174464542,-0.067962608915967,0.5976499238280084,0.11208986547435999,-0.06396932828616507,0.6184747223135816,0.14454818334547803,-0.15726523767272121,0.8311897083862887,0.2665690996577636,1.3826811394042022,0.7241325843633781,0.25690797779250896,1.624446844112127,0.6919344986034983,0.24628863927041666,1.5003185554184366,0.585615733741195,0.40832159953141595,1.2909628402421245,0.7152566336832494,0.4715396491071121,1.0248682301287264,0.7515056630973345,0.3857090885448978,0.9601958171792139,0.49585731963859636,0.29888791127457515,0.9606192788483878,0.35037164772290674,0.3137941372904118,0.9385307164787834,0.29277121376855736,0.3335747411446649,0.8806511450117969,0.37801627390449155,0.10645095189205209,1.285013064509343,0.7664303154894181,0.03527451165392183,1.0523064254676149,0.7977135614301393,0.06330234053636298,0.9847078927115165,0.5184505994357794,0.10550453134785516,0.961305878138419,0.427848034719332,0.07294439730981667,0.9482116965995003,0.36162746644251553,0.05978604095241387,0.8979832071038973,0.41490571388926395,1.9661016949152543
0.3520740544054851,0.7991626075196566,0.6964065061924575,0.339159856074297,0.35678165809864526,0.7495842230926624,0.32160303924462197,-0.09117978012304245,0.7777113201873598,0.33766365506951085,-0.0862571487390853,0.6213349147945206,0.38871174511727863,-0.09028455633200733,0.6394351564217045,0.3076688247728403,-0.18594890123549446,0.847129343270957,0.15453554186372512,0.7957974515965105,0.7116651875162946,0.13877824181584741,0.3544224889628962,0.7764168614305871,0.13764438251614247,-0.10343152035914333,0.7959992030751704,0.1599173169901767,-0.06940583338776093,0.5975265737374164,0.11301895653634797,-0.06447740827241878,0.6190341122161632,0.14407917280136132,-0.1580871763418968,0.831060375044366,0.26488889919205216,1.3833386651869248,0.7217012773396518,0.25743045049802,1.6239860399779644,0.6931495682363239,0.246012913728057,1.5004651891522827,0.5859032542271928,0.4082822605469224,1.291467649011584,0.7119271792527666,0.4756766885084991,1.023186806359634,0.7447682631666563,0.38999103334892193,0.9485165609712,0.493352870570128,0.3054262419207751,0.9395201367629396,0.3644804002456103,0.3160097658015401,0.9142547605792721,0.30913046255353327,0.33575281732823625,0.8609009404163999,0.3890570654709733,0.10577360167353167,1.284560753120219,0.7640147989707353,0.032663258393889984,1.0502176190813062,0.8025002919735237,0.05888343432077672,0.9700752757659086,0.5271501309140165,0.09620557453853484,0.9367689144502617,0.4363297769104826,0.060644673724433246,0.9265277718304966,0.3693146681278604,0.044926777728749465,0.8780378661350545,0.4254807280245699,1.9830508474576272
0.35205273651140906,0.8007137469648744,0.6968836543487714,0.3393297945081483,0.3571524607902071,0.7493361325113121,0.3217788494977236,-0.09197966825267011,0.7781990803803623,0.3377340851383583,-0.08636299580981738,0.6217789053638535,0.38839797926326086,-0.09198801989419308,0.6424349231884605,0.30797011186400447,-0.18706049104051012,0.8476520418487455,0.15389970225711508,0.796810202198492,0.7111581211085486,0.13894975281986152,0.3543865178567141,0.7764880037661981,0.137841860100626,-0.10392637603989083,0.7967114800422852,0.160033279333873,-0.07197276252018563,0.5994530951404275,0.11399599557591314,-0.06565327149301207,0.6198890345936352,0.14358899613704224,-0.15894285266545716,0.8309890307385525,0.2632082784524079,1.383860052576389,0.7193173662817246,0.2581270026911927,1.6233398914631032,0.6949140255183048,0.24564325070360726,1.500477112616342,0.586329820393388,0.40836386034226557,1.2919553771476695,0.7101251257856249,0.47915973809631557,1.0221790034801437,0.738274128574826,0.3960721327072453,0.9361884319602368,0.4945789749728383,0.3105635517656264,0.9190562901526949,0.37883758598140105,0.3168858505777961,0.8908849923757818,0.3299465136603013,0.33788680193248366,0.8429240972427084,0.3993853623568834,0.10505976730738417,1.2843281556162642,0.7615406482248863,0.030080098988467814,1.0479555611633167,0.804905988126277,0.05366764320141046,0.953636587640534,0.5373721650602132,0.08800871967892362,0.9100861103048069,0.4473481561478019,0.05199678628732171,0.9033762234640291,0.37972681606432296,0.03175505237598814,0.8565249781387869,0.44050792278717565,2.0
0.352136222352258,0.8025017205473982,0.6973464500000508,0.3393971851561049,0.3580257485026163,0.748915214125228,0.3219670884756362,-0.09284233880431947,0.7787064793171425,0.3378229915281159,-0.08645580048961868,0.6222146276831779,0.3880537224445803,-0.09415716274471718,0.6466295026100796,0.3084045439800474,-0.1883318273157128,0.8482956687682975,0.1533592994437153,0.797713765816978,0.7112429142927559,0.13920700704528718,0.35426410287925914,0.7769798488469399,0.1380760187916513,-0.10452083802567898,0.7975779320878232,0.16058901206588344,-0.07497135016086871,0.6026978039687951,0.11457060407155051,-0.06707276986794097,0.6207765733488885,0.14304665300191985,-0.1597736654892509,0.8309642317648636,0.26181841821594,1.3841850225269166,0.717352894526863,0.2589488008017786,1.622626145764644,0.6971432271167518,0.2453503041597531,1.500472320262398,0.5867254914978903,0.40838969706515305,1.2922263788674244,0.7098525896232821,0.4817173541511881,1.0215413788076095,0.7327609847140115,0.40384293954993866,0.9226246775205897,0.5009848314243301,0.3147677855320592,0.8989279461986457,0.39140472935866943,0.31804164357245474,0.8685532052654986,0.35110009834941047,0.34155164919914127,0.8260810661175906,0.4103437693803926,0.10436555936890742,1.2843436166012692,0.7592250449728748,0.027818950819484715,1.0457088537462853,0.8056503813887068,0.04758026725136927,0.9360834128052136,0.5482288260612959,0.08107431513739045,0.8831808139374603,0.4591938902673589,0.046155852016731565,0.8792844520039251,0.39203539763231665,0.02038280304919313,0.8337994015582333,0.4596807184611162,2.016949152542373
0.35225569349793745,0.8045027634279301,0.6976817965778441,0.33939173039953263,0.3593260871188238,0.7484582797495509,0.3221642690005046,-0.09375116519123508,0.7792330114567676,0.3379043227537851,-0.08679768984290138,0.6228079893893212,0.3877723874258655,-0.09616674977413961,0.6507797052854196,0.3088727156961154,-0.18976549272052542,0.8491758389042727,0.1528826297865911,0.7986454638172389,0.7115977952889316,0.13949661879442712,0.3540618793251421,0.7777752898986403,0.13834176972439388,-0.10520529879368147,0.7985849510501497,0.1613807178183247,-0.07775356801347975,0.606236053956576,0.11439304781379919,-0.06891072877846757,0.6221536142991171,0.1424846263628286,-0.1605584291341282,0.8309817250568261,0.2609042688196995,1.3842195362725354,0.7160919936946517,0.25982829450487,1.6220088145103166,0.699688817833359,0.24532805091654822,1.500505064178582,0.5870956092265456,0.4081701729047995,1.2922741921402714,0.7103488737611923,0.48336325947736025,1.0209466708467037,0.7284353895796687,0.41259794546255724,0.9077900439813108,0.5123890291260693,0.3186511099792141,0.8792223421146855,0.40033221952641806,0.3208514465198844,0.8476239706929685,0.3696238810171635,0.3478099362907301,0.8095015496561473,0.42307383681707256,0.10370444358347343,1.2846166995582706,0.7570853750560129,0.026138729781963674,1.043489988782138,0.8053401383375534,0.04127478996505818,0.9180283903074178,0.558880802053114,0.0758138922323155,0.8579077365835115,0.4704423754812928,0.042418113426868936,0.8548223898343079,0.40603856965173013,0.011440534114870938,0.8102740540555744,0.481679488128826,2.0338983050847457
0.3522668281166895,0.8066652866400654,0.6976886747826474,0.33929789346679035,0.36089817077265474,0.7479449310134317,0.32235903207568173,-0.0946652839911212,0.7797553930010012,0.3379982268372786,-0.08756012194828497,0.6236710681171996,0.38754710607723386,-0.0975050931109505,0.6537810779821289,0.3092716185433965,-0.19129075524507366,0.850251004412725,0.15244479687805673,0.7996597325022253,0.7119435583085783,0.1397791795182863,0.3538421436269654,0.7787816378208472,0.13864472262661018,-0.10599290529193862,0.7997577397167646,0.1622259353819298,-0.07994327638349863,0.6093460410393798,0.11341561210570814,-0.0717300615735065,0.6247156011433226,0.1420206215816821,-0.16132804023732056,0.8310544760080879,0.26052754627368196,1.3838893509552646,0.7155838121589002,0.2606002112198139,1.6216253272859484,0.702089559747322,0.24566687809538099,1.5006323384579558,0.5872924040028977,0.40766026686719503,1.2922061798282574,0.7108047354673268,0.48428022553646033,1.0202779535228401,0.7250002530775495,0.42147473530684354,0.8923436666800588,0.5272607986843199,0.3225980942507706,0.8604817118463627,0.40522746649092617,0.32604884464337025,0.8281639235335421,0.38498113192801875,0.35672555072642625,0.7925978143825917,0.4372189929425944,0.10308270982539569,1.2850967834424125,0.7550940050771062,0.025209643860016923,1.0412453314459846,0.8042879758311896,0.03550819058172562,0.9002968954692063,0.5686219287502746,0.07217117529837118,0.8354108815700235,0.4802545378911469,0.04038146599378077,0.8308581253638488,0.4217314042649307,0.0052109964484901615,0.7866652803798144,0.5046344986018273,2.0508474576271185
0.35209239632009054,0.8088478579975212,0.6972928288875218,0.3390792545417321,0.3626357556348413,0.7473094772930827,0.3225444225935884,-0.0955295021926566,0.7802499867391445,0.33817292522509423,-0.08880662667350672,0.6248212292903127,0.3873263970835749,-0.09796632507833211,0.6550736543423836,0.30957278798480437,-0.1928395549537732,0.8514167730613036,0.15202584648697814,0.8006758043250949,0.7122710867114309,0.1400413517089431,0.35365274859259566,0.7799499728170385,0.13899617549620763,-0.10690774282525878,0.8011377669117841,0.16299069334082256,-0.08140386804197314,0.6117575431186351,0.11196030627044089,-0.07578760842839308,0.6287134350669769,0.14176089524888288,-0.1621172058369779,0.8312014057926347,0.2605788746058872,1.3832369518771521,0.7155512841259684,0.2610182951798039,1.6215533405948979,0.7036496370864633,0.24633659930834476,1.500963243789432,0.5869510413246185,0.40693220281257036,1.2920982277951594,0.710914624754839,0.48464251697982375,1.0194806661718088,0.7224895308012986,0.42977847048516127,0.8773985113459457,0.5434344892873448,0.32690949755580023,0.8432989211639652,0.40780322760150045,0.33364469906770466,0.8097038171601303,0.3984220081905529,0.3671528949888809,0.7753581044814671,0.45136203635721106,0.10247843421671043,1.2857039668225263,0.7531181382232786,0.025015296717790837,1.0389742408302365,0.8027902566950751,0.03076016705469416,0.883884504153361,0.5768809640465868,0.06943651304743399,0.8161303599541855,0.48912120791829305,0.03975816011872711,0.8079631758970434,0.43976931253178597,0.0014688893088907046,0.7636032093655247,0.5270098071881786,2.067796610169492
0.35175685979708493,0.8108733533440965,0.6964844125797898,0.3387321721001412,0.3644977930199614,0.7465528458753726,0.32271970580700177,-0.09629217539191674,0.7806989538004099,0.3384785443890728,-0.09047158628627436,0.6261893981610807,0.3870741520245087,-0.09771260321260777,0.6547440514857572,0.3098030173892527,-0.19433219432141846,0.8525550645203224,0.15164138881395206,0.8015888541217489,0.7126989396375151,0.14026569380670295,0.3535240323672314,0.7811707659610032,0.1393845888107685,-0.107918267691683,0.802675516810215,0.16356266906490968,-0.08223407540076066,0.6135031194280435,0.11063709472438754,-0.08066725353767393,0.6338439064645335,0.14170981323959303,-0.16293065883837815,0.8314330706478148,0.26081308405941145,1.3824461342116172,0.7155885302383338,0.2608903139444091,1.6218094694151715,0.7038635235478831,0.2472651454320123,1.5015526358206173,0.585795152962028,0.40608861866476637,1.2919680822363946,0.7107799315085839,0.48457393338751176,1.018478202161816,0.7215151575092476,0.4370642954606361,0.8640691762037316,0.5587649256523406,0.33215084563613473,0.827863199023546,0.41081047460896664,0.3431005649869231,0.7919466231112879,0.4114229029940335,0.37737300591945944,0.7583544320287992,0.46429260332256544,0.10186794994425366,1.2862977763869277,0.75102601423646,0.025362651574154585,1.036762318944196,0.8011136569264812,0.027114246662519707,0.8694556888391489,0.5835571789586598,0.06675170029162489,0.7997542877393056,0.4990004251793212,0.03997216446996394,0.7858962148000835,0.46110521234071605,-0.00032359638733577456,0.7414172294123746,0.5479430760570112,2.0847457627118646
0.3513064090280489,0.8126904559600762,0.6951989870761623,0.338278878427166,0.3664807864977939,0.7456868247816572,0.3228821765976405,-0.0969468481520344,0.78109276857419,0.338863293233612,-0.09227119758821195,0.6275764905891283,0.38678412350294455,-0.09716917359610819,0.6534871509343163,0.30998189337533655,-0.19567986994996278,0.8535552353191268,0.15135514195129288,0.8024380148548356,0.713233230527547,0.14041027990747648,0.353561554761305,0.7822417185913701,0.13976319618027172,-0.1089108883071874,0.8041912572586075,0.16392264010763175,-0.08275115751006978,0.6149646511405997,0.10994394318250877,-0.08561606753634612,0.6395506609178323,0.14179817282036805,-0.16377465688852738,0.831756547497474,0.2610145131515514,1.381729730666412,0.7154899466484718,0.2602226382464269,1.6223175149566105,0.7026993699915485,0.24833579433601508,1.5022689073668223,0.5838513292657763,0.40524505684782497,1.2918237407897264,0.7105754403991176,0.48420964431730285,1.0172240369158583,0.7224461013583509,0.44306338256428124,0.8530750915325918,0.5714121465924755,0.33890659258687084,0.8138125158851685,0.4162934381734809,0.35363216173754597,0.7751633985456191,0.4247763574792173,0.3861468152141624,0.7424393526094282,0.47577806130797173,0.10128920449937318,1.2865931673804127,0.7489330813651798,0.026084204600517934,1.0348494809318047,0.7990185837874828,0.024366627110077813,0.8570642355603572,0.5891690266133417,0.06348285057569827,0.7849254867773714,0.5122829799094968,0.040097217588461145,0.7639497453352215,0.4858405515348848,-0.0010043653723700626,0.7203903529765141,0.56719524970122,2.101694915254237
0.35077556109249375,0.8144595316791319,0.6932889523037515,0.33774398119838067,0.3686103650299649,0.7447155135381076,0.3230214637553068,-0.0975549160490465,0.7814323556422788,0.3391708331547507,-0.09370186649241392,0.6286330201362693,0.3864898808933307,-0.09671985748800452,0.6522353168836232,0.3101049517746167,-0.19686218305202885,0.8543666379009748,0.15122923273909636,0.8033868162893716,0.7137528633586749,0.1404324143214577,0.3539540383892076,0.7829809003660788,0.14007846235274704,-0.10975870240153598,0.805485871328225,0.16419236653579602,-0.08327836728598864,0.6166610147240507,0.10987194563372443,-0.09007773590387538,0.6452338937942034,0.1419601637769506,-0.1646937610632326,0.8321709707734092,0.261114199234647,1.3812456914012146,0.71530857957672,0.25926383043044027,1.6228778208043848,0.7004424199058982,0.2492664816175874,1.502867213125551,0.581383406137522,0.4045409314052618,1.291693139237076,0.7104004481845607,0.48369942338251826,1.0157581137322547,0.7247938761794245,0.4476285269901116,0.8445662071349608,0.5801174994229095,0.3471890680982612,0.8003908000719695,0.424794018373406,0.36441486160694203,0.7596054597614026,0.4388034544780608,0.3933344440267371,0.7281977685984404,0.48664842248918655,0.10083216487541276,1.2862879594973542,0.7471792264455054,0.027217000155843725,1.0335667424040826,0.7957153272598378,0.022184188993711506,0.8463569466178383,0.5945150359032645,0.059214155692958154,0.7697560025926935,0.5301930703772263,0.03911289114624437,0.7417999149065139,0.5128107773367914,-0.0017967266239860078,0.701004548247079,0.5850234255972477,2.1186440677966103
0.35022788352804257,0.8164591761167638,0.6905977498211913,0.33715087277790856,0.370945318128567,0.7436745002254529,0.3231248252554112,-0.09820510060443262,0.7817238419823227,0.3392569093547549,-0.09426395306585206,0.6289098708322329,0.3862565543479717,-0.0964559745315571,0.6514755593072694,0.3101680564205166,-0.1979935050138013,0.8550703185633699,0.15127917486956027,0.8045808223941403,0.7141225810894354,0.14032217902938748,0.35484220425666446,0.7833427266874698,0.14029582204167046,-0.1103786026761171,0.8064299087391116,0.16444499662889872,-0.08385941719134676,0.6185278033708497,0.11002768126591733,-0.09368829527669228,0.6501935443739014,0.14217172234640252,-0.16573402380329055,0.8326454114334193,0.26114669036492816,1.3810734416427815,0.7151602806745261,0.258376426389813,1.6232567915890075,0.6973931938694521,0.24963628606794308,1.5031644153162036,0.5787387014609459,0.40410316960420867,1.2916134468085387,0.7102828203821056,0.48314582956323615,1.014201148114345,0.7276856655668236,0.45080305528555525,0.8382231197547524,0.5845904013823923,0.3563608322593262,0.7869546713830599,0.4356631547259644,0.374607858567074,0.745013767359141,0.4535150622010845,0.39968189977826263,0.71569042009515,0.4981085759956281,0.10057435614807794,1.2853108924908807,0.7460919015644614,0.02892830980519081,1.0331072066535818,0.7905189239549242,0.02018810211854169,0.8370023307552611,0.6002585390770078,0.05385725955138698,0.7531948788034561,0.5518102679216852,0.03611607030865917,0.7199483017134803,0.5402646865133081,-0.003981787975910263,0.6838863541059579,0.601826550573068,2.135593220338983
0.34979851364654835,0.8188672763921918,0.6871354261631426,0.3365228763782042,0.3735170168626515,0.7426349688352408,0.32318547703987666,-0.09892689551102689,0.7819666107973415,0.33906158389733876,-0.09369264264787677,0.6278238003135934,0.38614935343493195,-0.09617834196881508,0.6509115750372682,0.3101986545058,-0.19921775061062097,0.8558566518500617,0.1514849931387045,0.8061063684008705,0.7142154690810865,0.1401033685073548,0.3562279881568111,0.7834090007305407,0.14039267187416643,-0.11070994380226222,0.8069275927668488,0.16451696358850465,-0.08422770451353048,0.619749494872628,0.11003180951013676,-0.09598299190310808,0.6535888875704525,0.14244923727148737,-0.16685248951143117,0.8331304199230258,0.2611575290652345,1.38112811432664,0.7150707928062698,0.2578249237622048,1.62333757666782,0.6938126900348232,0.2491704887025184,1.5031005042052128,0.5762411146604798,0.4039630100269495,1.2915985252134579,0.7102134539421131,0.4825883748216824,1.0126813886159058,0.730549309380818,0.4528942286958475,0.8334200615202451,0.585694785562829,0.36559188888647787,0.7734571070206209,0.44772898053786164,0.3834215121086721,0.7309893593058862,0.46806182926133333,0.4060905270168354,0.7047063963670852,0.5107252690332154,0.10052707158542751,1.283845836812904,0.7457730778701305,0.031341325136707926,1.0334967674841407,0.7832391974512644,0.01800744872461664,0.8289602708966824,0.606809345491684,0.04781393471369612,0.7359285941204105,0.574474312976483,0.030495877140300953,0.6994512214801039,0.5667134254596715,-0.008212261362399205,0.6694448924127823,0.6180163212207874,2.152542372881356
0.3496620203175285,0.8215905871741009,0.683143906857799,0.3358842225332641,0.37622089681118687,0.7416773501865488,0.3232025368042917,-0.09963655677808075,0.7821476276472968,0.338523346747327,-0.09205092919491441,0.624803686549511,0.386202057796571,-0.09558531987818791,0.6498317644258023,0.31026474611896754,-0.2005229681083848,0.8568653130607399,0.15181607792929497,0.808006500629413,0.7139108319777626,0.13981442403528999,0.35798225104070347,0.7832746479747612,0.14035173609656484,-0.11070481598387182,0.8069014297199071,0.16418724693585474,-0.08411931778801107,0.6195180978205596,0.10966880881963999,-0.09657238921428082,0.6547746811672748,0.14282234662186868,-0.16792974964164334,0.8335925100283341,0.2611651567743813,1.3811287153534249,0.7149794175894728,0.2576989256124269,1.6231641559852725,0.6900630544441853,0.24794923807313174,1.5027295492281756,0.5741687517311641,0.40401582332809655,1.2916256879640506,0.7101694625012689,0.48205738218283556,1.011318578712854,0.7330988084967984,0.45436748274641525,0.8293880633111306,0.585178695346979,0.37421693944506684,0.7602584170919368,0.45986951642687757,0.39035374331583705,0.7175666418339621,0.480591305466897,0.41304222524665957,0.6949706924247867,0.5242862538271906,0.10061366028641486,1.2821820600922682,0.7459936945851686,0.0344664190760838,1.0347029363093259,0.7739633655753635,0.015335507487067707,0.8222649749407768,0.6144894304847816,0.041796860863847464,0.7199935792971687,0.5950425978022547,0.022180634784606107,0.6813336323896192,0.5911752866621445,-0.014162412916125824,0.6574999717777945,0.6342112068409163,2.169491525423729
0.3498663664636885,0.8243213904101193,0.6790258655848305,0.33525193918693696,0.37883146734433426,0.7408467617660357,0.3231738592307238,-0.10020776063229518,0.7822478507761808,0.3374984603490688,-0.08964101405221592,0.6196873988115335,0.386377825845898,-0.09446745606940778,0.6477154686601735,0.31043061316992054,-0.2017582703833425,0.8580423384393124,0.15222749667983057,0.8102268160310477,0.7132599711848113,0.13948795166872388,0.3599168692692376,0.7829518263767484,0.14017896309500377,-0.11038857463045698,0.8063890862537413,0.1634545361599395,-0.08351179892061456,0.6176460336142703,0.10886011267855844,-0.09558172943954032,0.653749883260825,0.14328753998937757,-0.1689041092053543,0.8340086034813592,0.2611655140912404,1.3808044450112447,0.7148351133140856,0.2579751228521308,1.6228744700151763,0.6866092011978305,0.24631098366104912,1.5021844424187207,0.5727507594068193,0.4041026439023284,1.2916592246289071,0.7101311284525738,0.48161881954660823,1.0102840790702885,0.735025898798755,0.4556113190188748,0.8255509534705009,0.58479622990947,0.3817314227554691,0.7476599264727758,0.47125396179895984,0.39537058877480447,0.7051792100285549,0.48934757625652175,0.4205494152309145,0.6861774269194938,0.5383158234555991,0.10071839800913705,1.2806075929515677,0.746348713631661,0.0381258456823416,1.0365310422704501,0.7630660574778714,0.01207293674030218,0.816773306419569,0.6234575096640204,0.03648273839401173,0.7074541534941103,0.6111844890119233,0.011874097644362026,0.6661565810166475,0.6130584899076477,-0.02079165065371206,0.6475675182282035,0.6507485953455329,2.1864406779661016
0.35020206459133685,0.8267573118810979,0.6752600645213689,0.3346283247304303,0.3811532151835515,0.740161316754452,0.3230962684611198,-0.10058184776147884,0.7822534231911591,0.33589212595604,-0.08679510501583021,0.6129192833551645,0.3865613429875093,-0.09277710248310864,0.6444733957364136,0.3107120369457588,-0.2028122769449999,0.8591700421703413,0.15265293123780718,0.8125839583326644,0.7126025072071589,0.13913180260516161,0.36190217339016517,0.7823819392273775,0.13991204070377547,-0.10989509781335338,0.8055994533285762,0.16249838348164647,-0.08252876383917998,0.6144945004765184,0.10769935673357944,-0.0936685577800985,0.6511537760598246,0.14378468091975502,-0.16979470632969157,0.8343574296060455,0.26114933878578556,1.3801311454898315,0.7146583576558153,0.2585530176090531,1.6226013063215023,0.6837986611097495,0.24462318405468209,1.501604095290292,0.5720445165268655,0.4041266014389448,1.291680086460637,0.710094129880802,0.4813411756639263,1.0097470542481133,0.7360684553134312,0.45677697513032844,0.8217712074383171,0.585397887006037,0.3876864800061599,0.7359389934994832,0.4812216558238658,0.39882824763611724,0.6942149891754106,0.4941064008232161,0.42836632390774154,0.6780656401381739,0.552119584329644,0.10077085258118289,1.2793685369116554,0.7465672804991091,0.0418390451664072,1.0385499960562123,0.7516280703467549,0.008447736723390937,0.8124285382748662,0.6332932647123694,0.03234317221102253,0.6993751678123175,0.6222168959178211,0.000978705316030364,0.6539759017925526,0.6322582426992406,-0.026810377108179594,0.639650086324401,0.6668172556609566,2.2033898305084745
0.35037608208503085,0.8287470735705499,0.6722026911805243,0.3340210793063393,0.38308521842413373,0.7396815652528179,0.3229787864458066,-0.10076741971316283,0.7821746179063578,0.3338860947870609,-0.08386734973700627,0.6055437090506948,0.3866464544977464,-0.09064432786007484,0.6403585025712003,0.31109999659971077,-0.20367442825837687,0.8600290778588906,0.15304533713980148,0.8148535761618719,0.7122752478256184,0.13872962859152532,0.3638985200830922,0.7814933513588017,0.13959792670793944,-0.10939199212721153,0.8047955032770729,0.16150002107234185,-0.08129931008188646,0.6106702373357812,0.10647400423888513,-0.09160865893867064,0.6478250037895193,0.14423561021139622,-0.17060894001476962,0.8346443505282841,0.26111585183885433,1.3792920294904087,0.714509094694554,0.25925550851518986,1.6224119458160553,0.6817148689844746,0.24314060827980039,1.5011011854239285,0.5718089266584083,0.40406564956069,1.2916902338007532,0.7100609745438795,0.48121154108065944,1.009673135701889,0.7364095050168734,0.4578255156681683,0.8182105885609106,0.5869680843691324,0.3917834076899352,0.7255746240688901,0.4892401409870907,0.401218533546671,0.6849252203798506,0.49625318436098725,0.43606082814563574,0.670511339014512,0.5644914396506122,0.100758040273014,1.2786486689146959,0.7465906478257833,0.04490968167242819,1.040295119993367,0.7416016499806574,0.004857242706093503,0.8094587643896862,0.6430126155124137,0.02956271252975056,0.6957436907813511,0.6290462647258674,-0.008834074772375472,0.644725758226105,0.648961828208065,-0.03102681907209831,0.6343838967995861,0.680724382571106,2.220338983050848
0.35029112584899913,0.8302357352924605,0.669975447686467,0.33347436189491886,0.3845697816833862,0.73951905503043,0.32285201110535017,-0.10080312713690169,0.7820682700160863,0.33190858649698607,-0.08123115202345786,0.5989720280272546,0.38663823221905136,-0.08836955337494262,0.6358265495515275,0.31157419838936723,-0.20435133676284514,0.8605305677556755,0.1534343442061645,0.8168503370744663,0.7122912831518169,0.1382650964851629,0.3658750992575681,0.7802433365794534,0.13928170423515981,-0.10898219559427949,0.8041414670539616,0.16061298943016117,-0.08003399340043202,0.6068439208489692,0.10560958297953293,-0.08987028074054124,0.6443925919977017,0.14459999682620245,-0.17133063659575945,0.8348959513034967,0.26107278852850574,1.3784697608791792,0.7144278738126988,0.2598907279096255,1.6223206668404295,0.6803410789013856,0.24201725113290112,1.5007604049382601,0.571671617881238,0.4039431549862592,1.2916985911631933,0.7100236768195206,0.4811190463472058,1.0097470901046401,0.736748359398937,0.4587223242101517,0.8150424664960036,0.5892893475777468,0.3941564590453268,0.7171090812768092,0.4951111463426727,0.40297916544679535,0.6778176883968221,0.49714551880451785,0.4430009290554814,0.663680255169637,0.5739257544649952,0.10068175478822908,1.2785091897929186,0.7464296071865103,0.04679002819197073,1.0414257798594275,0.7352994499574088,0.0015877133860894323,0.8080154699041899,0.651859593716932,0.028007328163700544,0.6957745780578946,0.6333141863508984,-0.01601349099688548,0.6386632963913684,0.6627884671939636,-0.03268140190590039,0.6324001953035598,0.6911782083545747,2.23728813559322
0.35005925530079474,0.8311479883644817,0.6686729664489823,0.33305635823039054,0.38557478709554127,0.7397580259877343,0.3227509934042033,-0.10075401796709416,0.7820018610119976,0.33033661282818566,-0.07906732623983168,0.5943832825437294,0.38663471450674003,-0.08631935320260495,0.6314349003184857,0.31206808390489615,-0.20482176264335594,0.8607109356601443,0.15390424954695314,0.8184151078335149,0.7125094314568365,0.13775113438650832,0.3677336910041233,0.7786911605398695,0.1390190101561079,-0.10869324433669385,0.8036864784871904,0.16002477805317683,-0.07910595368388228,0.6037008884381956,0.1054626691454173,-0.08856975819273806,0.6412337475474675,0.14488496789570643,-0.17192429839111917,0.8351208534873392,0.2610297957152412,1.377730652256595,0.7144066643877647,0.2603284868225663,1.622324503065386,0.6797070793394777,0.24136062448511242,1.5006056722450851,0.571444695567425,0.40385392185040203,1.2917094736261607,0.7099704498644566,0.48095585217184,1.009607147941893,0.7377226842670662,0.45955659096178225,0.8123901778677567,0.5921048730953116,0.3954537661692782,0.7109616331242471,0.49885480465790166,0.4045612374019022,0.6737983035342319,0.49650502650338946,0.4485205979557423,0.6581343331978996,0.579472783781307,0.10056252905612142,1.278785264713947,0.7461288894202525,0.04738937639612184,1.0417186036203185,0.7342870136224513,-0.001219657462169983,0.8078843093627928,0.659933638634246,0.027465116912587354,0.6982235710730361,0.6363755142480515,-0.019407614557648657,0.6364752022683786,0.6723476468374472,-0.03175417300095035,0.6340110749333127,0.698045004252081,2.254237288135593
0.34983402093722177,0.8314276873146006,0.6684901524983626,0.33279099581814037,0.38612424516689814,0.7403871775214834,0.32267901124476916,-0.1006734229022975,0.7819618583638247,0.3293177716154506,-0.07738102381125174,0.5922334333759788,0.38669934700918995,-0.08482420706715638,0.6278822103891072,0.31247394819493257,-0.20506787606200944,0.8606534974104733,0.15450051808672732,0.8194482186183295,0.7128961386748813,0.13723879369003325,0.36928998815311964,0.7770493020044539,0.1388627447005968,-0.10851125772115974,0.8034140500274342,0.1599142111636275,-0.07879090273846995,0.6017870475517848,0.10598960305375868,-0.08777438220375502,0.6387254166910142,0.1451189316514385,-0.17230148366910464,0.8353004745199285,0.26099513532916,1.377079277725079,0.7143981156301471,0.2604950260222693,1.622407756820491,0.6796227404903218,0.24117968194872802,1.5005928505893413,0.571172351485825,0.40394994797162564,1.2917211345040736,0.7099042290957527,0.4806953584679471,1.0091343616172124,0.7394283721926183,0.4605091167041506,0.8104589484820605,0.5948762825385292,0.396494458492428,0.7075563354148114,0.5002510909272994,0.4065714669346507,0.6734995957565135,0.4927465783470268,0.45227649222701183,0.6544793419559446,0.5814966628176154,0.10048175209916177,1.2791104554643349,0.7458953892957374,0.04700394094987627,1.0411500959694258,0.7385634515915462,-0.0034855502423155943,0.8086835010969519,0.6675650375713567,0.027884446471512704,0.7019170512931878,0.6386579907978579,-0.018556403462685722,0.6389923911072535,0.675814661593136,-0.02889399121659232,0.6393077725997408,0.7020071466257944,2.2711864406779663
0.34968995576357603,0.8311456884214521,0.6695449089794459,0.3326435973776627,0.38628895487042453,0.741300363999343,0.3226051472003068,-0.10057733960355617,0.7818826535533154,0.32888656731598964,-0.07627224424849188,0.5923548175044793,0.3867485975893069,-0.0841439389423976,0.6260182117584715,0.31268934566535617,-0.20508954790470482,0.860442165018139,0.15516397268783935,0.8200200025684122,0.7134462638805295,0.13679582353143338,0.37035760056700173,0.7756147176501003,0.13882655438555194,-0.10838242788330281,0.8032394106329696,0.16025085050957205,-0.07893914551883102,0.6011258904879797,0.10671554882200923,-0.08763914569966266,0.6373993755765255,0.14532606624796826,-0.17236280386510106,0.8354103347247654,0.2609744865444062,1.376563108293282,0.7143588103980077,0.26035834294731874,1.622537175561834,0.6794682200676241,0.24130640568531628,1.500668389486876,0.5709577705495933,0.40433045463423667,1.2917319420767774,0.7098389838836978,0.4803437798433029,1.0084591673251093,0.7416740250919405,0.46177127320976424,0.809512692039265,0.5968065525116796,0.39790573811087715,0.7073548498868143,0.49887280793997774,0.4096064661899745,0.6764062271819001,0.48495942164201933,0.45443812358629615,0.6527180614568246,0.5813003271088839,0.1005631746818694,1.279165978696866,0.7461110722281908,0.04602612253311815,1.0399927286265638,0.746876150804096,-0.0053088829577229435,0.8100952431687521,0.6742595671421769,0.029193418826509866,0.7062176097026363,0.6396750741399619,-0.013887638772679473,0.6463242478978566,0.6722185959568758,-0.024998747421306953,0.6477208760045956,0.7038538372256185,2.288135593220339
0.34960340198202217,0.8304423643704745,0.6717461739463279,0.33260763184361364,0.3861212122179958,0.7423720612178082,0.32250180882242463,-0.10049788936519595,0.7818016742791732,0.32910172941901716,-0.07598443620408901,0.5943208501345529,0.38660554994125373,-0.08436660612663971,0.6263904630655412,0.31266120454707536,-0.20489273096015867,0.8601249962251644,0.15574789645100834,0.8203375584395616,0.7140955095363506,0.13647698618756768,0.37088531911070505,0.7746354478097217,0.13887312397956614,-0.10820545284456944,0.8029983488333136,0.1606845710418428,-0.07912499177135582,0.6012122706497702,0.10716277730254278,-0.0881805114570273,0.6376604423246964,0.14551738961716731,-0.1720744435431337,0.8354447438086725,0.26097114018428524,1.3762364465612362,0.7142695119796155,0.25994668984966923,1.6226868590564412,0.6785957623712057,0.2414904508241616,1.500793739439056,0.5708498966184433,0.4049719155594248,1.291744370704059,0.709788163106228,0.479883366724183,1.0077433300793093,0.7444594701911387,0.46343809980618506,0.809710139973327,0.5970278695660883,0.40015538477422846,0.7106244807633739,0.49445873632627435,0.41393416474471545,0.6810542476739685,0.4741358579479603,0.45542132998551477,0.6522783974321937,0.579392319429663,0.10088796056697968,1.278898858941274,0.747091148429306,0.044790388949471585,1.038690184079174,0.7575156103498408,-0.007085187683312748,0.8118704338041373,0.6789071263453152,0.030989450611203527,0.7109347276819914,0.6386947595715773,-0.006775185662331565,0.6570360127183129,0.6626844705619135,-0.020947622486737538,0.657511812556997,0.7040084361631406,2.305084745762712
0.34952282107766686,0.829384455956548,0.6748579333888696,0.33273259181068116,0.3856291681979493,0.7435292062970307,0.3223649463777,-0.10050185668991467,0.7818582346951408,0.3299349495171552,-0.07666305099518611,0.5975298423835651,0.3862174083697246,-0.08529200436725982,0.6286455009924388,0.3124180002084657,-0.20446275497506872,0.8596643783410635,0.15611663993162692,0.8205354228230148,0.7148112357072901,0.13630233520442345,0.3709835618273773,0.7742030804976328,0.13892730209213688,-0.10786231257163674,0.8025012927356155,0.16080160721269132,-0.07909239173367864,0.6016504173135627,0.10722481657372893,-0.08911380484869869,0.6393550351439202,0.14569500650893202,-0.17147994307698486,0.8354366158347514,0.2609875144026975,1.3760546902875956,0.71411401996412,0.25932757408321183,1.6228526621015096,0.6768371990935369,0.24159117117603265,1.5008878470266256,0.5708379207289933,0.40576854165063714,1.2917609311992682,0.7097686473494771,0.4792967328208422,1.0069991277063806,0.7480887903505671,0.46543666959031527,0.8110518824449926,0.5949152338945457,0.4038053100279192,0.7173850324468356,0.48674874295395143,0.41950964895856485,0.6863311532807043,0.46232190390283734,0.4555550534594353,0.6528505624366365,0.57423757479113,0.10144726550921437,1.278478206289479,0.7488631345225745,0.04361964027094888,1.0376308974910136,0.7685610702112788,-0.00938984638636256,0.8137622707181338,0.6810650111180977,0.03248681560525281,0.7160239281059735,0.6354830829643321,0.0006114486009888476,0.6687991889617595,0.6500032224882795,-0.017621452174739042,0.666426678219333,0.7025491197738034,2.3220338983050848
0.34945937922502585,0.8279756519575449,0.6786069495697824,0.3330451815375062,0.384791123413155,0.7447180108799321,0.3222140621257604,-0.10059859754952148,0.7820928918965955,0.3311008943935196,-0.07819626937516247,0.6012351649275567,0.38577266812947264,-0.08655311980720898,0.6317328812010456,0.31205380045101777,-0.20373064203455515,0.8589335621516975,0.15626978808760691,0.8205764470683212,0.7156186954149981,0.13626057925879353,0.3708184709325185,0.7742540144182646,0.13891889994195836,-0.10729862758062422,0.8016617230255709,0.1605024448209321,-0.07895864366022932,0.6025773648129825,0.10708675420654287,-0.0900929307218954,0.6418913769555467,0.145854141490914,-0.1706556373576632,0.8354424920262495,0.2610227747202045,1.375923378838436,0.7138894227851874,0.2585757499473498,1.6230286626212187,0.674484554458165,0.2416176586695255,1.5008231601080981,0.570892633880532,0.40659717278534535,1.2917800020387291,0.7098052202528493,0.4785760696613828,1.0061389435345847,0.7529369455880379,0.4675979764705045,0.8135142921166774,0.5904533119976673,0.4095688200467471,0.7274158560229499,0.47521406653406106,0.4262853247278485,0.6923741061617962,0.4509988091868604,0.4551766191367487,0.6550020570584439,0.563572261793073,0.10216469075414643,1.2781218532874234,0.7511808676374856,0.042817861478730124,1.0369946433459514,0.7780215251587284,-0.012683136122266882,0.8155520552471772,0.6815844667946114,0.03269117606982289,0.7214636535050156,0.630454283886904,0.005869758471826192,0.6799968996254236,0.6365072011189358,-0.015864751808754605,0.6730366268242949,0.6995421868529741,2.3389830508474576
0.34948659365802515,0.8262565524594451,0.6828480275904196,0.33350712291846285,0.38357990702108474,0.7458436387691632,0.32208960829647965,-0.10067939473184952,0.7823485477034391,0.3321841258483574,-0.08025781219716283,0.6047472919454958,0.3855550007537727,-0.08787925698252658,0.634750513177793,0.3116606857240939,-0.20261078946463487,0.8577781510832025,0.15637186595906016,0.820361837293431,0.7165424231632205,0.13634062792232357,0.37048779864785353,0.7746953432672364,0.13885495318964702,-0.10657354439502147,0.8005712169036171,0.16000634643323913,-0.07907206949963888,0.604438707090309,0.10694117310042707,-0.09098484919618598,0.644734068805113,0.14598110552936747,-0.16965088826293825,0.8354866616548199,0.2610692114491763,1.3758419802230173,0.713643503598103,0.25777865337805334,1.6231916668561508,0.6719807829960694,0.24162663174386645,1.5005227957521232,0.5709990798375469,0.4073443720776728,1.2917969912908982,0.709925515615996,0.47765378248990975,1.0052102083477148,0.7589900581094235,0.4697305953887114,0.8172586625103764,0.5840571958860896,0.418052983082994,0.7400113836029107,0.45956218286494593,0.43440059392921127,0.7001682257877386,0.44038706176353476,0.4548598737337391,0.6600000606851281,0.5469878209578405,0.10293313283594459,1.2779726514964607,0.7536661728093241,0.04247247383422659,1.0367095783697078,0.7846265423951966,-0.016949591694450355,0.8173533904410308,0.6816809372953644,0.0307128745891461,0.7272162016141241,0.6241067821026006,0.007185501638657101,0.6903028216485576,0.622821432818762,-0.016232452976104587,0.6774672805176043,0.6949262167308714,2.3559322033898304
0.34963489213394927,0.8243010597283315,0.6877419189958969,0.3340537718979501,0.38207798885532174,0.746813010903848,0.3220369451990371,-0.10059557885089539,0.7823938116464032,0.3330150249562722,-0.08239902618883221,0.6075953757322934,0.3857359891147483,-0.08916462214085986,0.6373181189447905,0.31127711129346874,-0.20109470242043015,0.8560884525875673,0.15660207214774394,0.8198590968126525,0.7175919767298895,0.1365415777641834,0.370011671382934,0.7754915755643261,0.13882597186863463,-0.10579679728169712,0.7993997671769306,0.1595523048148257,-0.07973615352274907,0.6075598482739137,0.10687253344127186,-0.09177292552733932,0.6475231905295695,0.14605633403603988,-0.16846522623321364,0.8355368829552096,0.26111586417368016,1.3759158236038977,0.7134565964909187,0.25704220552795287,1.6233111876747126,0.6697363298600933,0.24164915490257347,1.5000172478704006,0.5711530276295231,0.4079170939061125,1.2918067265005664,0.7101458438963684,0.47638158648918355,1.0044833344441575,0.7654351768591452,0.47159930478324563,0.8225417145417108,0.57601656327316,0.4294225455291043,0.7539725831673687,0.4406252938104419,0.4440922566842207,0.7104515208870916,0.4301657157790805,0.45528027092182094,0.6689690108281111,0.5268003337716662,0.10363743714357473,1.2780656400677162,0.7559369049670082,0.0423643413611259,1.0366059361480786,0.7885322897710508,-0.0216665263562957,0.8198658331344297,0.6816683317353553,0.02610425094951309,0.7333867245043623,0.6162305919283743,0.0038049415356300378,0.6999929285423684,0.6087587562679675,-0.018778841151106035,0.6811053469366831,0.6879877477964479,2.372881355932204
0.34982836609003815,0.822189607589176,0.6935947435396821,0.3346356606959433,0.380557936752092,0.7476273839311822,0.3220893659394949,-0.10025355496008612,0.7820489393455011,0.33382425918225267,-0.0841924903487895,0.609653033609968,0.38633108134465927,-0.09035327061354685,0.6393104122948395,0.31091157289402294,-0.1992619841028151,0.853847994717131,0.15696810062039085,0.8191490866062391,0.7187555146434799,0.1368481958769117,0.36944358650056275,0.776620565294009,0.1389210771668497,-0.10506373287066988,0.798297230778942,0.1592447920026541,-0.08104601493991245,0.6118899035480907,0.10689209619136328,-0.09238464810622962,0.6499059607276249,0.146067299162633,-0.1670832543208059,0.8355488627983032,0.2611555403171162,1.3762234903152932,0.713381541747053,0.25647309203558655,1.623362967291428,0.668066862082911,0.24168639132468703,1.4993890861537957,0.5713413112605017,0.4082675029113075,1.2918061461617216,0.7104474055220493,0.4746800769782833,1.0042813454041981,0.7707532822871571,0.47303202404678313,0.8293504173250803,0.5663789732480202,0.4432379669815758,0.7682393995301279,0.4205737944623599,0.4554553371680883,0.7230385348192494,0.4205409322611101,0.4569277845126106,0.6819441205473814,0.5067757383224419,0.10416820120694822,1.278380055415608,0.7576642113524619,0.04221272002538046,1.0366585430860278,0.7909201683591903,-0.02628801669418471,0.8240381141925993,0.6809789323620316,0.018942751596355747,0.7405423938500943,0.6060875432092192,-0.004115937073603088,0.7094160047664059,0.5945945700417614,-0.023128398330203435,0.6856584330606793,0.6775084637204345,2.389830508474576
0.3499586233342127,0.8200297762881665,0.7003969527982614,0.3352283228283752,0.37932141600128344,0.7483972263847107,0.3222576067260682,-0.09962554017808203,0.78121785096762,0.33493166265431396,-0.08529631446313476,0.6110289749754105,0.38727407143174275,-0.09135790164699326,0.640583589053324,0.31059158097420353,-0.19720266837060604,0.8511690467416337,0.15733949288646806,0.8183978995087517,0.7199469678290134,0.13721790242423595,0.36889607000566205,0.777994175878353,0.13916480695621145,-0.10446887922230484,0.7974149555413741,0.1591173183700235,-0.0829169322697002,0.6170195632713404,0.10695085593755513,-0.09278302749018616,0.6516134320479908,0.1460343702472289,-0.16552500221557376,0.8355150410017539,0.2611873559966223,1.376712652710784,0.7134132016165533,0.2561433227812171,1.6233180252379993,0.6671220985762276,0.24172989694872482,1.4986879100318133,0.5715340800451059,0.4084125559539845,1.2917960866511025,0.7107711355631259,0.47270864934543166,1.004855680515155,0.7732670044463574,0.47421974008981804,0.8372837485453858,0.5553599589693244,0.45849731752622075,0.7825244371199307,0.4019814542171327,0.46822355780452674,0.7372048268740177,0.41212446814565484,0.46015535147207876,0.6977361138776832,0.4901860367417277,0.1044477037163754,1.2789213708306009,0.7586111266452709,0.04194569806303307,1.0369672005118438,0.7929401817922891,-0.03061114433905436,0.8305272602590198,0.6791019096022952,0.009593462096241543,0.7498073838656119,0.5935312199448144,-0.015880109295095857,0.7193686886867101,0.5809173052745206,-0.02885771720929658,0.6924383497375933,0.6629629125525581,2.406779661016949
0.34996207842480265,0.817936252480385,0.7076512428356067,0.3358275677782982,0.37847405361117115,0.7492369658770186,0.32251780232613775,-0.09873866409297567,0.7799556568006425,0.33638563435169755,-0.08551217996088384,0.6117718430125118,0.38845677102875786,-0.0920746683943952,0.6409847661082103,0.31033784225129246,-0.19498909826605057,0.8482924252332728,0.1576313208813213,0.8177332662135284,0.7210191804124217,0.1375960186622074,0.36844321997761265,0.7794498240795005,0.13952377381786277,-0.10410026300882853,0.7968939408686099,0.1591923714290342,-0.08514367556301983,0.6223207551826826,0.10692042977172105,-0.0931280512293483,0.6527609606112452,0.14603206910288363,-0.16386936257818668,0.8354644640419566,0.26121535328226675,1.3772273518128293,0.7134981182991869,0.256061440750193,1.6231229121003177,0.6668463110199592,0.24177495291925646,1.4979298227681654,0.5717146426369212,0.4083994558089019,1.291778546293753,0.7110530744036454,0.47082232901902543,1.0064650308568144,0.7716970304256687,0.4758630611244654,0.8457529198716409,0.5438239198175595,0.47383639259681964,0.7971432072562592,0.38635202651720807,0.4817603516394472,0.7525923736333978,0.40482242417300074,0.4654207169727488,0.7147736457044563,0.47829227749255043,0.10447704405025234,1.2797240006080108,0.7587500022383844,0.041636535363213684,1.037517408838899,0.7951318745045988,-0.03460009093175696,0.8395360455099198,0.675968056863842,-0.0015131383032201968,0.7624544892356181,0.5791247894453632,-0.030447927437504456,0.7315913316250877,0.5675531097722895,-0.0358809703008175,0.7024122727493485,0.6455647342201816,2.4237288135593222
0.3498112929133638,0.8159963883545478,0.7147084990735085,0.3364380661135509,0.3778951489589445,0.7501547477009791,0.32281535895590013,-0.09766417061335549,0.7784859309102766,0.3379653326117113,-0.08507771307327124,0.6119562413176614,0.3896873344389022,-0.09246502213967397,0.640594757165166,0.31011169422959173,-0.19272976114000853,0.8455122316214861,0.15785830905412457,0.8171376271139111,0.7218834963373242,0.13794656416516732,0.3680815472915306,0.7808536421709317,0.13994781035781365,-0.10400280626306505,0.7968063774015376,0.15944125851620547,-0.08736029481510241,0.6270233342228002,0.10666103016055914,-0.09365984038890979,0.6538429498291696,0.14615259912824458,-0.1622284697709358,0.8354249762182919,0.2612440314948945,1.377634660311146,0.7135741808348472,0.25619286985013023,1.6227450017842513,0.6670990363342919,0.24182056686716918,1.4971685431315551,0.5719181213489308,0.4082386101840263,1.2917550687261585,0.7112603811052913,0.46936610103383414,1.0094312236648382,0.7656146719031887,0.47884896374091224,0.854229925149575,0.5332768087377573,0.48789360494534506,0.8123563706429487,0.373387240649922,0.495336138443072,0.7693588541539339,0.397246377844568,0.4731854798818279,0.731955707855626,0.47018481504038845,0.10435413199332577,1.2807499098343738,0.7583615766157932,0.041269879339155234,1.0381827219689992,0.7975128912478526,-0.03816607566012944,0.8509159773101034,0.6714645910957315,-0.013941531161992265,0.779093167566014,0.5630581820025119,-0.04644779596256558,0.748052126722126,0.5534653502506512,-0.044345520299726326,0.7163327170141913,0.6277870103434792,2.440677966101695
0.34951722399210916,0.8142579637413572,0.7211679854499897,0.33708967120468214,0.3773649594423816,0.7511395588985414,0.32309489021301896,-0.09647754720886142,0.7770430152691559,0.33939664556114224,-0.0846746363091792,0.6119679732423164,0.3906756829238591,-0.09260124445446527,0.6398933886427689,0.3098388248900872,-0.19059239300242495,0.8430836038148954,0.15805804761809455,0.8165030093333493,0.7225509842521922,0.13827358551607435,0.36775985228475283,0.7822029624391392,0.1403998814731331,-0.10416806571394814,0.7971384513167574,0.15971075585819156,-0.08903338391915389,0.630330738947846,0.10617015462188695,-0.09440600218477269,0.6552329999219763,0.14640448521439803,-0.1606753459581181,0.835376806024544,0.2612727068058499,1.3778931996013821,0.7136188952413014,0.25651305200023033,1.6222457676278408,0.6678406486559845,0.24186648694971127,1.4964790822641751,0.5721563500111613,0.40789449904616304,1.2917303833534144,0.7113883044403085,0.468543712019361,1.013938593870313,0.755805235260798,0.4836842619555235,0.8625388887570479,0.524949806789615,0.4997545480296446,0.8280234189679277,0.3617199359082087,0.508295858467849,0.7874682905823422,0.38752827434958226,0.48345569183486387,0.7488497575157058,0.46380422347132993,0.10421271100579708,1.281841542202188,0.7579033292867771,0.04072717693239926,1.0390077707201502,0.7997118033302513,-0.04129994289800423,0.8643198777104165,0.6650909322939658,-0.027236727416483336,0.79924325570081,0.5450412845527041,-0.06237164267086662,0.7691351921542724,0.5382102106450889,-0.0542305654722459,0.7342156792210288,0.611570495540041,2.457627118644068
0.34914027861141095,0.8127257800931945,0.7268964987448816,0.3378447174145126,0.37672430905154625,0.7522733873735732,0.3233260915918861,-0.0952357710952362,0.7757388292160075,0.34047902828459475,-0.0849031641172451,0.6124236508391789,0.3911746740039833,-0.0925665532308626,0.6394199417529005,0.30946993442621834,-0.1887229867141737,0.8411617757759101,0.15825957221359094,0.8157504291500661,0.7230805738420145,0.13860606035135728,0.36739752338262244,0.7835806942085143,0.14084513723162537,-0.10452679880710047,0.7977774957608483,0.15976122379720986,-0.08966930521946789,0.6317004794113628,0.10560318725268616,-0.09514020906875155,0.6567940365024484,0.1466631827173329,-0.15919773213137445,0.8352324294340407,0.2612949387200184,1.3779705713312622,0.7136505748782394,0.25701394408186495,1.621758614179467,0.6691246201797423,0.24191363739891542,1.4958361315917181,0.572256173097639,0.4073424087238436,1.2917130970199153,0.7114439955621892,0.4684320534691314,1.0197839834778333,0.7441530221476397,0.4902057250075097,0.87120514777611,0.518677079167989,0.5091972688731746,0.8437660489554183,0.3502061362876505,0.5198640787168848,0.8064475019402916,0.3747834141586539,0.4955360053324598,0.7657506405859025,0.4563741740700641,0.10414073569260131,1.2828212611616432,0.7577446642479362,0.039972593736672044,1.0402838617457821,0.8010250221934976,-0.044230089161319444,0.879372700851697,0.6564067469020116,-0.04082464762485789,0.8218248074436808,0.5256046531366633,-0.07716770379826672,0.7930921389617123,0.5229382284684532,-0.06520956797272523,0.754965351434109,0.5969889709250639,2.4745762711864407
0.3487352837418615,0.8113907708726873,0.7317977608764364,0.33873127961546506,0.37592063218830574,0.7536213607285127,0.3235005860069457,-0.09400489064641286,0.7745933975240927,0.341069579759844,-0.0859259470122882,0.6137786351606307,0.3911731711820426,-0.09235480244726532,0.6392550062691876,0.3090114452041003,-0.18714063673726217,0.8397353723942071,0.15850242077948862,0.8148800369713667,0.7235514630756402,0.13896512550194628,0.3669008098749963,0.7850303558698015,0.14123293704893528,-0.10495249521523851,0.7985197749208331,0.15944207018530493,-0.08907285875730037,0.631049191784725,0.10512572966929601,-0.09559387986261778,0.6580609195084499,0.14676809320341097,-0.15775534830368482,0.834895718962395,0.2613036850129832,1.3778030208991383,0.71368835859335,0.2576624825359348,1.6214002487871813,0.6709339352432446,0.24196436699650511,1.4951128707730383,0.5719059117908791,0.40660965719821374,1.291711446091585,0.7114408257777556,0.4690079643309161,1.0265090964017751,0.7328077134863707,0.49772029839613574,0.88142672143887,0.5129680985312017,0.5165563683525859,0.8594972284193826,0.3382619083291264,0.52913778317165,0.8260306422806468,0.3595946062831431,0.5083253007615351,0.7838362577698709,0.4445282528179713,0.10416612665593944,1.2836046980066038,0.7580483773743695,0.039094328219950035,1.04228835944505,0.8007698919892605,-0.04731170407771544,0.8957490212878585,0.6457447983369825,-0.054015672373232154,0.8457226552271644,0.5067571940098483,-0.09054806994327488,0.8179150202227411,0.5092492759032188,-0.07673371014960853,0.777132620368588,0.5828565273103676,2.4915254237288136
0.3482969046709501,0.8102806761430856,0.7356540405037629,0.339708857421493,0.3749011024200095,0.7551905492029107,0.32361521061921034,-0.0928808907646136,0.7736072234988414,0.34107601192238857,-0.08756361856797482,0.6160343532717993,0.39088221494579517,-0.09194506978153173,0.6391469632918576,0.30852225011528106,-0.18574780932937238,0.8386300332634611,0.15881541903775617,0.8139684980449542,0.724006679221731,0.13934929364958482,0.36620622897107935,0.7864995929970772,0.1415162509762184,-0.10532826149724563,0.7991785980715391,0.15880477695011302,-0.08744794666533769,0.6287629228456936,0.10481745523717312,-0.09560799922085653,0.6586447352330159,0.14666239803654527,-0.15638394257756294,0.8343845813538078,0.26129517825941917,1.3773813263826524,0.7137336477005114,0.25838709501684676,1.6212247622503781,0.6731119936307959,0.2420164721724516,1.494242129520985,0.5709312398411408,0.40577050545881577,1.2917306793183736,0.7113954565292295,0.47013364112848693,1.0337493591788098,0.7233263160713428,0.5053753412065882,0.8943345747257258,0.5061744238906246,0.5224263953729124,0.8757364818750106,0.32539298317730353,0.5355770939434807,0.8466217040767623,0.3430598670803034,0.5207633172269073,0.8047350119883177,0.4261024728494802,0.10426928626579146,1.2842046651344312,0.7587325767212898,0.038116469875650795,1.0450356317357197,0.7988298156917795,-0.050832848021793095,0.9129983758253097,0.6343760765574542,-0.06615420862339122,0.8697613188224458,0.49075276443868154,-0.10260222519569114,0.8430283699136317,0.49736393907793625,-0.08809725709428357,0.8000659110466566,0.5682556802133782,2.5084745762711864
0.3477778267523278,0.809494561752759,0.7381074907103093,0.3407165239152734,0.37358400314057205,0.7569951787265892,0.3236669109709915,-0.09194923540930844,0.7727861982171217,0.3405526879669024,-0.08949561726042454,0.6187972095666628,0.3905404081562399,-0.09144916355478469,0.6391103214565563,0.30808561547740365,-0.18444496811244857,0.8376391864976106,0.1591788452776659,0.8131335866730807,0.7243907361478226,0.1397384478029665,0.36533076342082826,0.7878762856528196,0.14168006512320014,-0.1056166651503389,0.7996940993965584,0.15804089539533506,-0.08533873448977841,0.6256865211232661,0.10470962664342798,-0.0951444745114082,0.6583865424170114,0.1464138221551424,-0.15519865579002742,0.8338553689638607,0.2612680012051686,1.3767713451714325,0.7137775335518108,0.25910022976084457,1.6212376902412444,0.675415535840039,0.24205290963673226,1.493279625500631,0.5694159337924851,0.4049263840190787,1.291770909750333,0.7113328244718204,0.4715741360090483,1.0412314660723685,0.7164078847888331,0.5124823323155843,0.9101151058852809,0.49737489648019156,0.5275357918194634,0.8931399925923256,0.31144953159715033,0.539453388738009,0.8689065799743074,0.3256965683012766,0.5319030669254531,0.8295188780742111,0.4021738820477838,0.1043579165077584,1.284666049560905,0.7593949185889362,0.03689928705795077,1.048175085492737,0.7959742525913269,-0.05490919767615903,0.9303552919735468,0.6238068725488981,-0.07664668711586105,0.8928225795330791,0.478174049104912,-0.11333676950201912,0.8685643372939432,0.48614596758687856,-0.09856682768565779,0.8241118662562094,0.5527938524434122,2.52542372881356
0.3471460317083681,0.8091516895253301,0.7389008343224617,0.34170214032033697,0.37197272849440166,0.7589577733597933,0.32365860998210005,-0.09122129274128464,0.7721368289738342,0.3397628244415586,-0.09135992253957256,0.6215099800739545,0.3902982573138821,-0.09112927071955458,0.6395617026965997,0.30777202923190006,-0.1831911729990268,0.836634243253191,0.15953831911239147,0.8124794202550825,0.7245923592479528,0.14010733600656625,0.3643592531196769,0.7890641576873414,0.1417341399213369,-0.10584077888045329,0.8001016231148953,0.1573630752629545,-0.08336527770301788,0.6228758065967775,0.10482937607221879,-0.09424602430292511,0.6572794155031133,0.14612910395965953,-0.15428388623389883,0.8334731307814005,0.26122239047939577,1.3760575009144782,0.7138073813293135,0.2597152031964071,1.6214247183291621,0.6775610230673325,0.24204222021169808,1.492306623295728,0.5675519555004572,0.4041934745074694,1.291826204204216,0.7112828999701872,0.4730564290261675,1.0485022260649275,0.7118988742953272,0.5186074642969349,0.9279077198208056,0.48655617636256965,0.5328518653702068,0.9121238056586689,0.297738971458813,0.5418616071997082,0.893130796555705,0.3077011177703843,0.5407280816193352,0.8579875358323021,0.37646031136355407,0.10427723702310011,1.285019345519728,0.7594317366789571,0.035316677165621486,1.0511007632197475,0.793555917280426,-0.059472045549622946,0.9470126459033056,0.6147427926896054,-0.08501878603603102,0.9143813471576205,0.46794730064565926,-0.12258142444430123,0.8939772791386755,0.4749880802081418,-0.10767049316879071,0.8496879948202609,0.5359704141885564,2.542372881355932
0.34643091604787984,0.8092495180222969,0.738216749336346,0.3426201252422341,0.3702137835840182,0.7608621694362351,0.32360008190336115,-0.09062214484552211,0.771660957233029,0.33903311523025415,-0.09278465858734572,0.6236016659548037,0.39022714272590486,-0.09122800985557025,0.640872012173278,0.30760839259735173,-0.18197257476315362,0.8355772263855662,0.15984198012602666,0.8120544065438682,0.724553848048167,0.140436066548964,0.36338019721056364,0.7900218985305126,0.14169398872163907,-0.10603957351235013,0.8004612411682263,0.15693403029120187,-0.08196460141035582,0.6211141074768758,0.1051718152728529,-0.09302939701735387,0.6554396151946931,0.1458851049744966,-0.15363933801640728,0.8333131604956644,0.2611632851462815,1.3753240132450841,0.7138115528436846,0.26015222951783185,1.6217519315707196,0.6792420206824683,0.24197528842583263,1.491357786079326,0.56543187694063,0.40368241192798615,1.2918903577664973,0.7112507345168242,0.4743549672820849,1.0549457689226793,0.7089517067784042,0.5235465232514555,0.9465919219235679,0.4745275702023597,0.5394931567252506,0.9334100218569893,0.2869835281569594,0.5443026223599108,0.9189541616334671,0.29013192554258466,0.5463254096517458,0.8887428172979239,0.35286139609048117,0.1039050878026185,1.285286981766039,0.7583925046781009,0.033466158334288496,1.0533366948935063,0.7925215179634753,-0.06436861774370006,0.9626759994805495,0.6068342115088561,-0.0911914653730213,0.9347282496614299,0.4595960447284566,-0.1301633636160403,0.918410617152787,0.464913505639692,-0.11541081344775145,0.876275257285567,0.5177169957149843,2.559322033898305
0.3457208605381445,0.8096027411838063,0.7366122355542146,0.3434406090003273,0.36851073377177346,0.7625172411528239,0.3235010904844647,-0.09006063470000372,0.771358764744542,0.33853431786020505,-0.09346725362127381,0.6246243604916383,0.3903724891290006,-0.09180765208586687,0.6430240765378697,0.3075709545352017,-0.18079467081595235,0.8344954584601416,0.16005410555713287,0.811809182536619,0.7243797240322759,0.14070656056551908,0.36244659247642963,0.7907356699516332,0.14158643820224448,-0.10628446088724203,0.8008850188194636,0.15685003818401697,-0.08140818401881696,0.6207553475590138,0.1056424467056902,-0.09173474401161327,0.6532394333822171,0.14571140733455992,-0.15326271579833162,0.8333777404502052,0.26110317564192165,1.374658433604397,0.7137850705231918,0.2603550647912825,1.6221379676182714,0.6801968185104231,0.2419234771207346,1.49043281423868,0.5630574193165874,0.40344310299055647,1.291960391045419,0.7112028826330882,0.47537086182398336,1.0601355108455572,0.7064870090330198,0.5273455844472512,0.9655070980065644,0.46268197151005164,0.5480736206898162,0.9581552410162283,0.2812858392510913,0.5479140772311879,0.9460431898884492,0.2750412683697221,0.5484839782197211,0.9199753330224301,0.3335992402862407,0.10324506450885525,1.285532952597995,0.7562675294625714,0.03166420538755234,1.054760910315647,0.7927087239517536,-0.0694080200297515,0.9776639488160219,0.5994095755058917,-0.09560462503448983,0.9546631661637229,0.4543077488645965,-0.13608248405589296,0.9419019704829064,0.4572831035619629,-0.12208027938718644,0.9025283969252633,0.4996414395461727,2.5762711864406778
0.34510743209214245,0.8099596921338476,0.7346598851366504,0.3441622426418303,0.3669682403145515,0.7638933420561805,0.32336704576071895,-0.08952624560249287,0.771229314195399,0.3382690868680389,-0.09337918680337229,0.6245359405304252,0.3907950852243667,-0.09276485494385527,0.6456801357145724,0.30760814909608974,-0.17971577651894213,0.833463082936863,0.16017170804170291,0.8115697431843796,0.7243624253447507,0.14090076801109327,0.3615731687988678,0.7911895198417289,0.1414567391421116,-0.10669242703549847,0.8015587562328331,0.1571376696850719,-0.08185579609541013,0.621869313641833,0.10606322588108336,-0.09069541693573435,0.6513443331674115,0.1455905477617334,-0.15320619458605272,0.8336413117387773,0.26105929326121546,1.3741450569571696,0.7137328238640823,0.2603336100971668,1.6224616415447595,0.6803776586167678,0.24202212946912705,1.4895403070071378,0.5607042469377255,0.40341622566889945,1.2920302899846472,0.7110947676529349,0.4760845323185755,1.0640618467190652,0.7036401777738568,0.5302240242105438,0.9843374085331132,0.4525236551951792,0.5580753479004765,0.9867696996754264,0.2801674398696338,0.5529621065989102,0.9745701875580622,0.2639287086021774,0.5479788342666019,0.9504011376992657,0.3189465497778159,0.10244803857297238,1.2858731357006807,0.7535572138125955,0.030289912599644253,1.0554465899952845,0.7932331674794508,-0.07423596915179599,0.9924462112127549,0.592188247609685,-0.09897664767527081,0.9751120152803003,0.4530968524240543,-0.14042184793466939,0.965319891887886,0.45216208729566854,-0.12770822726114658,0.9273556281358383,0.4844213642964079,2.593220338983051
0.3446438678740894,0.8101545690165025,0.7327459241324301,0.3448122797634569,0.3655324941887945,0.7650929290045416,0.3232022242258209,-0.08907673587520237,0.7712631357498941,0.3382312697797887,-0.09293857802737487,0.623943003614096,0.3915240285895926,-0.09392033956105864,0.6484059652889851,0.3076765279295564,-0.17881609890070715,0.8325863956004881,0.16025911853685765,0.8111278604446821,0.7247564523709794,0.14101235431007947,0.3607567471612765,0.7913719069163879,0.14134419641520374,-0.10734545177278139,0.8026155079421282,0.1577241571845247,-0.0832271511091098,0.6242181154138885,0.10629582727624164,-0.09011302503368053,0.6503124504976927,0.14547848922796047,-0.1534863162430399,0.8340840502923454,0.2610447682523369,1.3738416603831314,0.7136666541093479,0.2601895543262467,1.622647397160061,0.6800659285698758,0.2423529634911934,1.4887536301282305,0.5590901808363101,0.4034800569940152,1.292086528345262,0.7108889035568957,0.4764613681628574,1.0669048186295949,0.6999870418907,0.5323049921738792,1.0027052502076292,0.44505249958527526,0.5680357604991029,1.018196745862505,0.28066560246889294,0.5591164167387458,1.0049596478018503,0.25632620915778404,0.5461001568006513,0.9795615830105922,0.30840167247509287,0.10174604141706252,1.2863892934445673,0.7510606306283785,0.029641170504622553,1.055686636066539,0.793097089975758,-0.07830224610570483,1.0073201524728732,0.5852983273574986,-0.10201662857562054,0.9969230024622255,0.45502797795800154,-0.14317610089937022,0.9892684317234661,0.44876288146841176,-0.13169965774863704,0.950689954839494,0.47328214036728156,2.610169491525424
0.34435952281339804,0.8101186983733765,0.731079106770564,0.3454257021660792,0.3640828126043898,0.7662647106861495,0.32301268513927994,-0.0887406758967489,0.7714434758945824,0.33848329503012675,-0.09280018358643274,0.6238002063388594,0.39246904692265017,-0.09507362114298205,0.6508331008592642,0.30775086862862583,-0.17812103269203886,0.8319647778542358,0.1604374376850313,0.8104019795102484,0.7254751497216144,0.1410561220778395,0.3599942827802346,0.7912924880217861,0.1412551295783313,-0.10818826930561676,0.8039725313523051,0.1584215917578206,-0.08502934190997888,0.6270329234572694,0.10635314234051346,-0.08991979815230795,0.6501290668111221,0.14534483629264983,-0.1540229095925654,0.8346940049649634,0.2610601675704677,1.3737309116489425,0.7135982757307822,0.2600528664892477,1.6227236683883217,0.6796799560922828,0.2428647458873162,1.488222348622221,0.5588438854267119,0.40355089173487446,1.2921128600731437,0.7105480693190953,0.4765343664769404,1.0685993883029103,0.6956568711986433,0.5334708007770493,1.0201792970364734,0.44032287384724716,0.5763724133941985,1.0507260779062435,0.2793976303625286,0.5658172780567315,1.0371964900641486,0.25059450156983687,0.5438837711159109,1.0074156002510417,0.3016746709187338,0.10133453376621387,1.2870512590178824,0.7494763674317699,0.029901614936132918,1.0562558630091408,0.7912109510868244,-0.08107574154099356,1.0224601681205487,0.579004652682555,-0.10518703912176633,1.0206893735803244,0.45814938110507286,-0.14440920200303575,1.0135209211501484,0.4467860570058989,-0.13332730859576447,0.9731782923577004,0.4647051310754925,2.6271186440677967
0.34428678339987456,0.8097882512447931,0.7298287244154821,0.3460042496688942,0.3625600565598668,0.7675193260004952,0.3228027997542932,-0.08850713541287232,0.7717618002583896,0.3390481751841223,-0.09339019092620915,0.6247365249019368,0.39336580888098327,-0.09604748966142829,0.652707943057283,0.3077905283732404,-0.17761917442352174,0.831666620628245,0.16079377481968657,0.8094545029664848,0.7262072435042031,0.1410658823097952,0.35927173392956013,0.7910170930743226,0.1411759974191153,-0.10905121131558092,0.8053627798091717,0.15899803666208534,-0.08645334105300206,0.6291087151282913,0.10632964969645053,-0.08996828017064326,0.650393727672927,0.14519508968116043,-0.1547220318449626,0.8354478683186234,0.26109091652334504,1.3737108018788922,0.7135305355218364,0.2599832384604013,1.6227613717153644,0.679450908553791,0.24343660537965908,1.4880927053446715,0.5599699274947109,0.40360830884687304,1.2921029713126622,0.7101096623505476,0.47647892874386744,1.0689456571877418,0.6911928738296802,0.5335738753415722,1.0364939742031714,0.43749316894082246,0.5820526703020145,1.0827848519148218,0.2750707715967713,0.5721498217723455,1.070327896098178,0.24624879392060045,0.5417640056908338,1.0339612549587975,0.29819965657275216,0.10130447649090565,1.2877401505735138,0.7491656365530888,0.03122920815978389,1.0581452751531264,0.7864924214097226,-0.08229983700605212,1.0378828643287519,0.5736841266598665,-0.10844270850428506,1.046582489759952,0.46157470382267507,-0.14453733122920565,1.0375184498644172,0.4465580843733647,-0.1325919377379627,0.995341325674576,0.4560524929861384,2.6440677966101696
0.34447010812345047,0.8091446498033975,0.7291855662874911,0.34649706128879043,0.3610531328122292,0.7687991508442572,0.3225726476167289,-0.08838099959594604,0.7722291360021435,0.33976540175067604,-0.09473617633717273,0.6268163173225917,0.3938215889838229,-0.09674034610905366,0.6538819958842602,0.3077381245963208,-0.177342984569297,0.8317516956738635,0.1612972932055662,0.8084198845530595,0.7267974543035151,0.14108276069342304,0.35856402192052306,0.7906810443752993,0.14110159742629433,-0.1097871649254502,0.8065492647589984,0.15931312436358613,-0.0868929362071689,0.6295535579633023,0.10628910118515117,-0.09016890429762284,0.6507800850959459,0.14505839243465296,-0.1555405096985875,0.8363193085452656,0.26110884252999716,1.3737023193748392,0.7134342287225965,0.2599627220023367,1.6227968820945715,0.6793761226402927,0.24402052428477167,1.4884400830245177,0.5620253400434616,0.4036546818314276,1.2920740055793565,0.7098392617324254,0.4764727371821905,1.068170290359363,0.6870798368784232,0.5326949806790412,1.0516250825892852,0.4352956129116117,0.5847251128183706,1.112818197906414,0.269390623714929,0.576896158941585,1.102428272812649,0.24486585927079088,0.5398202636186269,1.0591807230047108,0.2968930596360565,0.1016460663361316,1.288329623617517,0.7501337747352392,0.03375071857706045,1.0617909567652075,0.7783836240739184,-0.08214196660230176,1.0532512818128756,0.5698282685286951,-0.1112704408656675,1.0741405081286972,0.46580308352258326,-0.14416608099597172,1.061015891925472,0.44837587031742177,-0.13022512592565824,1.0173177827400426,0.4459530649405523,2.6610169491525424
0.3449523913115987,0.8083634247586636,0.7291651420335435,0.34684362129211,0.35976232618855253,0.7698810705079624,0.3223195323036339,-0.08839306699282644,0.7728734020644895,0.3403579320615594,-0.09658160996308923,0.629707650384006,0.39356529180152444,-0.09714264534288353,0.6543700133375278,0.30757391805974066,-0.17736261800718844,0.8322765803366161,0.1618139760816609,0.8075480343368401,0.7272691131841809,0.14112982833099202,0.35788507787987556,0.7903980485695229,0.1410370874654953,-0.1103605981246153,0.807469868921493,0.15941622249036907,-0.08632816101854962,0.628382884049555,0.10630412815513288,-0.09033582315387137,0.6509969140496046,0.14495973460545206,-0.15647865770898417,0.8372892913700313,0.261077467686009,1.3737663412969185,0.713234097335733,0.25995934417367705,1.6228394250782947,0.6793780622643506,0.24470865880057155,1.4892556244143138,0.5645765627380699,0.4036886351086535,1.292059915047074,0.7101684422942145,0.47662270849103494,1.0667584952519436,0.6834955108719246,0.5311760895071176,1.065683889509205,0.43270492930554355,0.584562877617095,1.1392562213305244,0.26545852016096866,0.579127466028142,1.1311779770193118,0.2483834410839698,0.5381810944466117,1.0830371828359882,0.29714485130904494,0.10225520303696804,1.2887629489665735,0.7520225365357367,0.037330472263203726,1.0666718547171445,0.7672243193984765,-0.08114685419513978,1.067818496421887,0.5677956771104802,-0.11307041884048644,1.101977375135555,0.47121479363459884,-0.14356694902623984,1.0839480323043402,0.4520094727230084,-0.12690820463660824,1.039098930863597,0.4350177410564092,2.6779661016949152
0.3457459694412353,0.8077512736349558,0.7294861868778599,0.3470297666424491,0.3588345966741918,0.7705994187060178,0.32204045269542075,-0.08857683011230193,0.7737231502994388,0.34064962898582946,-0.09847874971840606,0.6327372142662159,0.3927170362517009,-0.09733065475546017,0.6544191065027409,0.3073294861539808,-0.1777015847373329,0.8332351750717865,0.16220154597863667,0.8072073358870729,0.7276180068685124,0.141194329123287,0.3573105885186572,0.7901696940962329,0.14098284805080522,-0.11080600321575503,0.808177026279099,0.15951186819910415,-0.08508555285159089,0.6262019420252963,0.10650126173112268,-0.0901420037951956,0.6506334704767224,0.14490222654007623,-0.15756201047229754,0.8383330644293403,0.26098362330752645,1.3740633046402764,0.712915416155762,0.25995984388929316,1.6229227328136206,0.6793832360847125,0.24563732443326983,1.490406994537967,0.567316333736808,0.4037008415324765,1.2920986990123315,0.711371947161145,0.47701576628851744,1.064703402368005,0.6805158166941465,0.5294873437470837,1.078760274006838,0.42951837149714733,0.5819895727210023,1.16109310097135,0.26543720568248635,0.5786353566107199,1.154851048296598,0.2570456710890121,0.5371292165800192,1.1054208134425136,0.2990966147746784,0.10295828888446752,1.2890636417599544,0.7542364588442281,0.04139757362492252,1.071514772609723,0.7544989266462943,-0.07978019232632885,1.080734262943313,0.5673965212784267,-0.11349369073675561,1.128041434706773,0.47709145188080315,-0.14246040233202595,1.1060127030667684,0.45644946591419666,-0.12287605121745689,1.0604987247638509,0.42485870686884736,2.694915254237288
0.3468256898325626,0.8075077921235557,0.7297927267169262,0.3470784462763036,0.3582918305081563,0.7709717562411253,0.3217392199477053,-0.08893913602788917,0.774770435644497,0.3406255752917466,-0.09995362345415679,0.6350004071892612,0.3917252344781653,-0.09742796246491764,0.6543558377765429,0.30705498679599197,-0.17827783552005125,0.8344828467414651,0.16241733196043354,0.8076419358057916,0.727838221558216,0.14124555700812233,0.3569022165536767,0.7899296718859071,0.14092480908500205,-0.11114677986888281,0.8087106544625073,0.15979279399485535,-0.0834532730450934,0.6235978599834391,0.10697343558164599,-0.0893468250652096,0.6493866642447693,0.14487190622749938,-0.15879240491144528,0.8394293942023356,0.2608940643690141,1.3747027249211974,0.7127141559199586,0.2599594109433594,1.6230953485336688,0.6793162636206487,0.2468463813823898,1.4916464564937348,0.569904376576174,0.40368584296069976,1.292249261364308,0.7134027488206193,0.4776429869702714,1.0615550976354982,0.6782475629111466,0.5279991139837146,1.0910221719572606,0.42639301858754586,0.5775020855551677,1.1785759580175876,0.2698509514890507,0.5758331782028772,1.1730998969972792,0.26944030728779694,0.5368564596643709,1.1259807601896397,0.3028064416383765,0.10360016817838832,1.28925530941041,0.7563263383430343,0.04503893615267013,1.0747756723405586,0.7429120856138719,-0.07792873213471799,1.0916807517239375,0.5675651610579062,-0.11266932019214865,1.1506760046300526,0.4823842147119114,-0.14038119477127758,1.1267662956700268,0.46034358266398323,-0.1182433358224877,1.0811655457781668,0.416757748118268,2.711864406779661
0.34814638600805065,0.8076257574321823,0.7299485651736429,0.3470102711052165,0.35811267431890104,0.7710887185908599,0.3214401165901064,-0.0894210733749243,0.7759099192285921,0.3403272097459188,-0.10071705253633945,0.6357518489678061,0.3910321323486301,-0.09750337414397633,0.6543299226120199,0.306800968928396,-0.1789279557600849,0.8357596012878097,0.1625492273503329,0.808745955251366,0.7280090066653486,0.14126247283025317,0.3566446472722514,0.7896323273451211,0.14083665040500748,-0.11137003654141649,0.809054496555743,0.16030921872180826,-0.0816470691197731,0.6209477516898076,0.10770291777687913,-0.08794313063035408,0.6472737251729339,0.14485421810742008,-0.16011264326866653,0.8405822404944151,0.2609472816659111,1.3756489720922047,0.7130668865843108,0.25994952767848817,1.6233109840841533,0.6791072341842688,0.24825498805509205,1.492721421012544,0.5718809825134439,0.40366781077314584,1.292585658812476,0.7160241973424426,0.47835704228323683,1.0571475702781241,0.6767425706890158,0.5268258950237023,1.102958883431498,0.4242957077927734,0.5717109806592804,1.1932394663125738,0.27809048340041365,0.5714336591798743,1.18711697261452,0.28384695271760385,0.5372095385711544,1.1440770204403956,0.3079254255424625,0.10408978405246332,1.289306761926839,0.7581718410489919,0.04732914457587035,1.0752545224956676,0.735476256676432,-0.07512329372443645,1.1012572995429124,0.5668123736025048,-0.11112327123770589,1.169519546408833,0.4868117964984402,-0.13717110992084944,1.1460149550591119,0.46298300912206436,-0.11331831640425795,1.1009302697021048,0.4114408074683327,2.7288135593220337
0.34965582821688335,0.8079644259310075,0.7301640197515933,0.3468453239092433,0.3582558366973335,0.770998670608415,0.32119147484219446,-0.08988780313659403,0.7769214132838824,0.3398001089034177,-0.10070070828011413,0.6347583117728821,0.3908416925945396,-0.0975563660275153,0.6543382611994331,0.3066053339737229,-0.17950685485190102,0.8368399563752646,0.16271917971593688,0.8101693700381505,0.7282263383953328,0.14124181541241265,0.3564907855948721,0.7892850132253632,0.14070769674763248,-0.11144827693362351,0.8091651751104076,0.16099245007339824,-0.07993364713064427,0.6185478052610466,0.1085904125995015,-0.0860910519251505,0.6445529974141716,0.14484784191628383,-0.16143588335908846,0.8417917304036063,0.2612503291659116,1.3767557585128154,0.714272278341416,0.25993745095668497,1.6234088413204852,0.6787727384929632,0.24971078111167763,1.493472804683198,0.5728799107241842,0.4037061008603118,1.2931300788176223,0.7189599571131473,0.47901432576454184,1.0519305646861827,0.6758393432775243,0.5258276088343539,1.1151208964714672,0.42386086101199316,0.5651561394333764,1.206796365287938,0.28888926487263134,0.5661103721520722,1.198889714749422,0.29869824922643035,0.5377120073409964,1.1594181360625417,0.313893314428984,0.1043592669306562,1.2891771461050008,0.759748755620611,0.04773870760121653,1.07257685152809,0.7340116555967038,-0.07120116461127052,1.1105964888502893,0.5643025407051163,-0.10919329458491955,1.1854022098660915,0.4906607622671164,-0.13306206237088075,1.1639655510831102,0.46448887808089456,-0.1083542848623823,1.1199194098148268,0.4097466491972876,2.7457627118644066
0.3512976815216595,0.8083730534309053,0.7308504296110617,0.34661721232597537,0.3586229283529072,0.770723900350029,0.32104060764005965,-0.09020343564002954,0.7775828280800062,0.3391443544293402,-0.1000167069279484,0.6323675429875775,0.39108854700897827,-0.0976235798777779,0.6544381171797597,0.30647727146320974,-0.17996627325628928,0.8376513082644745,0.16297373647256125,0.8116022587851508,0.7285459811410543,0.14119579456518438,0.35642267421006546,0.7889317387893005,0.14057889633495585,-0.11137462038612216,0.80902896783691,0.16173599757427592,-0.07860212200157399,0.6167023386370074,0.10951332948274119,-0.08403056899630995,0.6415851712665581,0.14486808377610624,-0.1626854229505837,0.843011331893086,0.2618053580004301,1.3778554046226668,0.7162864083765732,0.2599904523253662,1.6232775001880364,0.6785433973782122,0.25100843237311404,1.4938746915729972,0.5730200307338329,0.40383275424152865,1.2938305993955683,0.7218523556724168,0.4794971109314782,1.0467850401437466,0.6750099612496543,0.5246526367834646,1.1275096420110555,0.425108895114665,0.5579428585148762,1.2198310206713914,0.3011302714756449,0.5603174618153617,1.2100658690590322,0.3121264355215247,0.5378402394207278,1.1729533905302627,0.3198979202733373,0.1043922235715787,1.2888945172209358,0.7609462066931161,0.04627756947532857,1.0672780409140132,0.7385629106131331,-0.06646868659805369,1.1206407324754415,0.5602242957151373,-0.10663421872549167,1.1996580377304702,0.4939107200284334,-0.12837988268390071,1.1811146356596511,0.465140220837004,-0.1030773350395123,1.1382997732480642,0.4124090964457777,2.76271186440678
0.35300777632476715,0.8087816287806869,0.7322496001199382,0.3463708887146691,0.3591223608276164,0.7703364745012706,0.32100326814516067,-0.09032319114277686,0.777808086004787,0.33855418565245166,-0.0988911642925713,0.6293276142596831,0.39153129687626825,-0.0977687286387428,0.6546995110932008,0.30639797663740725,-0.18033117056105516,0.8382281322423046,0.1632836401443121,0.8129383424321798,0.7289554791223125,0.14114274618153336,0.35646630462359596,0.7886133209730861,0.14051665027687518,-0.11119791382221837,0.8087240443259129,0.16244113982874708,-0.07779675592813225,0.6155788672588481,0.11035289852185412,-0.08205205706233866,0.6387737205752281,0.1449374113879484,-0.16380899436030608,0.8441701802903342,0.262532283109438,1.3788036440672045,0.7188212290345823,0.26022288365867846,1.622928719981099,0.6788194502455684,0.25190428562192296,1.4940454223717374,0.5728806935263339,0.4039497721215656,1.294634649343257,0.7240974127441665,0.47958897899550657,1.0426504374828651,0.67350498300176,0.5228877085520638,1.1394629030541834,0.42766109336471936,0.549873243354916,1.2319334648960525,0.3145572940680706,0.5543421365753214,1.221668235181831,0.3222286390324505,0.5373066553749458,1.186564399984589,0.324925962792459,0.1043057017166896,1.2886200986478933,0.761537970917165,0.04332156658614604,1.06059701536256,0.7478202893668171,-0.061302102305093156,1.1317958897273535,0.5552488461057561,-0.10286690045639749,1.2135118151519468,0.496106566467323,-0.12327483019604786,1.1980332290223235,0.46528788411446176,-0.09680698765360624,1.1561588200964077,0.41909455885860725,2.7796610169491527
0.3547220654328369,0.8091997164571921,0.7342104831127232,0.3461609939635702,0.35976555292431966,0.7699868376780421,0.3210611739154533,-0.09028803775255187,0.7776497287937393,0.33822528909085775,-0.09750477354845288,0.6264287639405212,0.3919207041931048,-0.09791827986556997,0.654918759212325,0.3063365375023227,-0.1806390556200635,0.8386124910039526,0.16361294295564002,0.8142414346070074,0.7293387041155313,0.14109367203178272,0.3566738678490702,0.788341927871338,0.14054183933591644,-0.11102210358996947,0.808420235024945,0.1630333175432322,-0.07737568919038303,0.6149715369501249,0.11100686447773289,-0.08045660449303572,0.6365135069750765,0.1450732580917154,-0.16478052199027526,0.8452225340480257,0.2633205291205097,1.379488313730679,0.721510793692823,0.2607035977986183,1.6223953507017506,0.6798936003595133,0.2521879804287355,1.4941973428483024,0.5729792998149179,0.40383114106644286,1.2955308169808972,0.7249351859519237,0.4790600515053697,1.0402068790373322,0.6708581406659626,0.5203327063375471,1.1499878334638667,0.4312227464075838,0.5411130500810868,1.24285557111799,0.32953870915015754,0.5483179512087583,1.2345224257979373,0.3285368261684163,0.5360048743684074,1.2014487281834576,0.3283433649832638,0.10427804371671709,1.288599816691346,0.7611176200697642,0.03944993892898153,1.0540202772470295,0.7596605227058182,-0.05582586617261355,1.1439172161960414,0.5501638421475552,-0.09731296140183578,1.2276456894557792,0.49693941511049267,-0.11763331112372982,1.2149979440803715,0.465870713365396,-0.08923267901824923,1.1736177617219112,0.4286294460792898,2.796610169491525
0.35640319251543734,0.8096766586882148,0.7363093449654944,0.34604329733057804,0.36062160510671804,0.7698486653711507,0.3211740234269646,-0.09016948540990627,0.777256626205424,0.3381748188659821,-0.09594807332599165,0.6242144156567523,0.39205790044581745,-0.09782571931547489,0.6546269277293219,0.30626179761334993,-0.1809353549018504,0.8388680547163224,0.16396803649425912,0.8155995909249265,0.7295688303077046,0.14105123050799978,0.35705844033688316,0.7881061395493274,0.14061245338856765,-0.11093502302101345,0.8082604675428191,0.1634493871386702,-0.07705522516309656,0.6144718711082087,0.11141756440484842,-0.07946094134240655,0.6350761946082081,0.14527645108703233,-0.16559208234522532,0.8461491996041083,0.264060449865853,1.3798589547246145,0.7240007138684131,0.2613978942281533,1.6216960897667294,0.6817595762016155,0.2518135696617054,1.4945056426227854,0.5734173498096165,0.40329182726517476,1.2964830508466973,0.7240209203205478,0.47790893883298113,1.0398136433078942,0.6673933348112184,0.5171317615033799,1.1581315154599068,0.43577187663006056,0.53261643179706,1.2529256683669636,0.3466893004671101,0.5421855682217955,1.2491808211392483,0.3331028203120609,0.533733546954035,1.2171114827761542,0.3307946884185965,0.10437894361776827,1.2890002455674485,0.7591551687502183,0.035416002291104434,1.0486644946408838,0.7716289703636761,-0.04999432806399488,1.156371904168691,0.5459968693513075,-0.08955572725325263,1.2421284430657644,0.49674801926684015,-0.11104862241746546,1.2317804627793516,0.4681675987788332,-0.08086606900690524,1.1909657838179433,0.4400780978179051,2.8135593220338984
0.35803936475621057,0.8102972745447806,0.7381494985779493,0.3460611248634497,0.36167132913421096,0.7700409773510808,0.32129085001137697,-0.09004389345936915,0.7768556103920865,0.3382091709986634,-0.09431640307726558,0.6229429571592149,0.391782566472625,-0.09727987821019049,0.6534596045956207,0.3061379178556987,-0.1812941238880304,0.8391474093989212,0.16438166512108726,0.817025502714968,0.7296354873118116,0.14101816121435196,0.35756100439592764,0.7878960355271964,0.14067120719186044,-0.11093973579261163,0.8082498431259815,0.16361771972855202,-0.07686025026082488,0.6141284327592764,0.111594422036733,-0.07910846892036884,0.6345046778620745,0.14551423315756606,-0.1662322853032305,0.84691828423205,0.26466173419315997,1.3799618625137067,0.7259932120584471,0.2622023904105635,1.6209045963290947,0.6841747880652438,0.25101167789343787,1.4950168195607865,0.5738852103229013,0.40235964621338605,1.2973626902167534,0.7219307523529817,0.4764743786786412,1.0413777922498284,0.6642773093503012,0.5136391037467255,1.1635311660686292,0.44127387861657175,0.5256517494980915,1.2626423499631863,0.36642959162215777,0.5358801211377233,1.2653678508004285,0.3394035447682554,0.5302032206157073,1.2321407040210877,0.33436276719209246,0.1045496879355283,1.2898703156000348,0.7552491782983963,0.032043227857030315,1.0449410939541035,0.7814293286108901,-0.0438765941748132,1.1682652332003378,0.5439391671373957,-0.07954613369102946,1.2565873757565231,0.4965518482055643,-0.10292839252325142,1.2479261656280018,0.4728622039841007,-0.07256525160719222,1.2085484994785136,0.4528810823240264,2.830508474576271
0.35961063369726975,0.8111623986786018,0.7395679135413973,0.3462320202539187,0.36276657035439486,0.7705808163337582,0.32137120844804096,-0.08996289513711425,0.7766279586907014,0.3381331961657704,-0.0926837330331923,0.6225709282019343,0.39111389041760924,-0.0962746188169539,0.6513647754206506,0.30593636920398426,-0.18179099631959109,0.839644415928112,0.1648636925565701,0.8184790141732858,0.7296045149966113,0.14100297342551998,0.35811384032885696,0.7877359270714135,0.14069412737246906,-0.11098298124004406,0.808303320769819,0.1634944096376224,-0.07717774781568677,0.614537528550394,0.11158042787675193,-0.07931373045433726,0.6346869565779797,0.14571738384089158,-0.16666348947283635,0.8474606750227752,0.2650720326544539,1.379917208439061,0.7273085682245802,0.26300638194328957,1.6201746263702304,0.6868066698058679,0.2502156252260137,1.495679583126816,0.5738785854533829,0.40126977651187057,1.2979872421257657,0.7198330607638997,0.47531878148223267,1.044071262370224,0.6627873617372523,0.5102180648280403,1.166835273361374,0.4475304577864413,0.5207768002847973,1.27244510246992,0.3877991422289935,0.5295841439218579,1.2819163265809985,0.3497534196386508,0.525322090170721,1.245592999861255,0.3412457139496686,0.10472630263037064,1.2912164016092786,0.749442488554962,0.029947752080529924,1.0427183691844895,0.7873828534586345,-0.0377046977306855,1.178748462540762,0.5449285926932685,-0.06775346049925346,1.2702181391087848,0.4976978179759513,-0.0928512454849045,1.2631711586491121,0.47973628604020957,-0.06478223357835723,1.2261873063775175,0.4664067412722833,2.847457627118644
0.3610773425243466,0.8123108178851987,0.7405723116793825,0.34652499308319246,0.36374703972686345,0.7713631382940791,0.3214047988215312,-0.08992444190031763,0.7765751651054953,0.33793364744230237,-0.09104382762703325,0.6227050800833673,0.3903462208850613,-0.09495457596263304,0.6485290142481959,0.30567524482865804,-0.18243977831517177,0.8404531335280085,0.16538785636190007,0.8199098934758491,0.7295393613345249,0.14102613428028915,0.3586723044401602,0.7877016299427199,0.14069273458987425,-0.11102337552756225,0.8083554726590632,0.16311041428768458,-0.07823427846116875,0.6160760147281624,0.11138734266390127,-0.08000793447400728,0.6355561945636743,0.1458186323046131,-0.16682924375051905,0.8476976708927307,0.26528527999414286,1.3798493600194095,0.7279460159791972,0.26372555174381673,1.6196494930247458,0.6893278394368751,0.2497927565954539,1.496401607928575,0.5730614359046073,0.4003331014734097,1.2982338396158632,0.7186557894232131,0.47489344433842806,1.0466701655183728,0.6633569812908673,0.5070788372827947,1.1693483323478024,0.454432003980097,0.5172815448637262,1.282692329971839,0.4082152535398284,0.5236312311532383,1.2973700095522567,0.36397925107223816,0.5194269192636731,1.2572553868546612,0.3520056356418545,0.10492718725128874,1.2929694670183507,0.7424930053042044,0.029253022991320526,1.0416081694212835,0.789058249179457,-0.031551379893223486,1.1872562810474663,0.5492770582534781,-0.05510583047775189,1.281976651863545,0.501579083520963,-0.08096123038074365,1.2776028579584593,0.4880450575946029,-0.05749043622584614,1.243006343973403,0.47969632617626745,2.864406779661017
0.3623878349576505,0.8136854913155551,0.7411590736378518,0.3468475294309948,0.36454576479172995,0.7721722442809247,0.3214066735717579,-0.08989589326951436,0.7765873881771465,0.3377156473072406,-0.0894447841011671,0.6228322737093521,0.38985057926706435,-0.09350621756373498,0.6452822636630128,0.30542482007976834,-0.18314881684337403,0.8414749888728184,0.16591809692915352,0.8212608980192071,0.729525208283662,0.14111264533096152,0.35917697776118324,0.7878730070365051,0.14068484451703264,-0.11105013792148384,0.8083894530098182,0.16254240838864398,-0.07987426650357686,0.618533130176201,0.11098958858723416,-0.08117741317468778,0.6371285529033303,0.14580372603286976,-0.16670081296139821,0.8476100567221965,0.2653138951849865,1.379834563996824,0.7280114030217926,0.2643072544817984,1.6192891547213617,0.6914468805078225,0.24985382008955745,1.497071795685947,0.5714496043519179,0.3998429182925509,1.2981033199874408,0.7187819647863747,0.4753186197799627,1.0483076718469309,0.6656597729847851,0.5041618673378924,1.1721848543530355,0.46212334376247277,0.5136322900737372,1.2934562742923312,0.4254217780892848,0.5181750117350534,1.3106890236479711,0.3803825184542885,0.5133164578909606,1.2667630641791,0.3652038900815962,0.10521807395240251,1.2949088310438508,0.7357252444909755,0.02953161722617665,1.041070814207475,0.7876474752192955,-0.02520441048361953,1.1937255662670918,0.5564416902772267,-0.042740171491664106,1.2912882888039183,0.5094377279362596,-0.06805002190016152,1.2913924760069093,0.4970148650979676,-0.050578252528547515,1.258373156150283,0.4913415291714214,2.8813559322033897
0.363484878450119,0.815227209477504,0.7412350479302248,0.347089115027696,0.3651685975340881,0.7727737133324145,0.3213971329040701,-0.08985677903551283,0.7765894647250844,0.3375605158873705,-0.08809474622058301,0.6227098911766056,0.38980218161440383,-0.09213637364126584,0.6420528355144419,0.30526832930864356,-0.18374326897008972,0.842451547892152,0.16643904805507626,0.8225031484759625,0.7296378126726895,0.14125855191735912,0.3595795248025243,0.7882163519857608,0.14067903877565333,-0.11106670030707887,0.8084101527054371,0.16186803213084233,-0.08184387815783263,0.6214278042968053,0.11038022701614379,-0.08277019205535406,0.6393550383516264,0.14572656786872826,-0.16633505625837317,0.8473154898140576,0.2651476101071171,1.3798922555537567,0.72753432473656,0.26470698181888785,1.6188427371028637,0.692879257067778,0.2503010892490887,1.4975921418767193,0.5692869404036045,0.4000174715661631,1.2976664536079774,0.7203079772786072,0.4765357480486463,1.0485517006280747,0.6695804336264108,0.5012623346245115,1.175714828917604,0.47085736232787334,0.5085403650677349,1.3042734605053214,0.4391874647112707,0.5130893315897936,1.321475750433882,0.39730093487825335,0.5078183677172827,1.273220213625225,0.3789181789410696,0.10558737345108807,1.296726795722778,0.7301613078619817,0.03011270927338982,1.0405803150245547,0.7852044766041371,-0.01856762351891046,1.1986822491278541,0.5652958508089264,-0.031521271341241004,1.2986061095946602,0.5218335387104663,-0.05518075896788361,1.3044091828255284,0.5064296517801584,-0.043952957196014206,1.2724763691102436,0.5003430756885504,2.8983050847457625
0.364326618839896,0.8169629816708219,0.7406489313631228,0.3472067149165702,0.3656497855888619,0.773045080662412,0.32138923460473323,-0.08980916255558487,0.7765732104898163,0.33748680339619086,-0.0872241601574738,0.6224496686282114,0.3900952301750251,-0.09109291202876946,0.6393372191157151,0.3052594648835616,-0.18407535657569013,0.8431411629372179,0.16696343639196165,0.8236655230269033,0.7298333332128624,0.1414156771462126,0.3599244678323701,0.7885525135653646,0.14067725427207958,-0.11107686159827185,0.8084227289600612,0.16116495133840897,-0.08399653764626451,0.6242906468374296,0.10960542066980793,-0.08464826147662084,0.6420430553630413,0.14568531153448971,-0.16589496147319735,0.8470751027612098,0.2647649301684516,1.3800158690405362,0.7264380696348824,0.26486168694704815,1.61811666641471,0.6933422076423499,0.25098062130556953,1.4979333153499188,0.5668908441777704,0.40091963089041827,1.2969934022957095,0.7231495596412194,0.47845401300224105,1.0471800877949227,0.6754103554961951,0.49827440484335056,1.1795625996390815,0.4807297729715454,0.5017168206579421,1.314125860343975,0.45089661417046323,0.5080757089003981,1.3295417850185232,0.4137790733593154,0.5030795104214506,1.2762029109819022,0.3924179330922382,0.1059080449530834,1.29823150548513,0.7257242696739352,0.03050380117840341,1.0399439728054876,0.7833529754189188,-0.011965823067041106,1.2029351819497707,0.5748528634165873,-0.021590818427109394,1.3051161635967283,0.5380201228384002,-0.043169670344539,1.3163855415860415,0.5166313440978092,-0.037462732985002044,1.2854155195149477,0.5074568907904657,2.915254237288136
0.3649145623021236,0.8189120340171072,0.7393470975385639,0.34724562980331597,0.3660814975906533,0.7729850286507176,0.3213866348863217,-0.08976222393606509,0.7765538603949642,0.3374713778968544,-0.08690972121199564,0.622269884376437,0.3904450397112982,-0.09059970541135194,0.6375959710720321,0.30539878236693374,-0.18413511043161476,0.8435123254315866,0.16749842429153938,0.824758739632351,0.7299877335587092,0.14152551878264147,0.36034844903721525,0.7886985305579357,0.14067907321939374,-0.11108050999451442,0.8084275279781671,0.16051499447406178,-0.08616729063661765,0.6267500255169595,0.10875542675503791,-0.08661445884781813,0.6448955125441835,0.14576360678269376,-0.16555827534451562,0.847121695640591,0.2641837907113031,1.3802053804057217,0.7247006420411248,0.26472476813405743,1.617172391700123,0.6927007919200481,0.25177657626248234,1.4981586819177632,0.5646205854760638,0.40235530713886153,1.2961855262973698,0.7268371396355422,0.4808026225845031,1.0444503716948295,0.6829528265952123,0.4952035244514502,1.1830545575215876,0.4914156230051627,0.49365099644452737,1.3217188207319717,0.4623185569950596,0.5027123804209228,1.3345505444987498,0.4293051094258426,0.498634771578054,1.2767482331917754,0.4061890706216799,0.10608171295536731,1.2994810634203613,0.7216381068634263,0.030523021902164497,1.03935505941565,0.7827924389519736,-0.005885900866959259,1.207021229399257,0.5844445384171062,-0.012479454069635559,1.311807367397377,0.5559678027783147,-0.0323484718728687,1.3272271205108972,0.5278253666395305,-0.030923566837591673,1.2963116617484653,0.5148583254128279,2.9322033898305087
0.36532593413116865,0.8209007806209319,0.7376134430636316,0.34727837393328354,0.36660687481828125,0.7726585345186265,0.3213816693314046,-0.08971030791864663,0.7765232388262783,0.33747876764348794,-0.0870082333325935,0.62226048866453,0.39061382915656473,-0.09065359444026795,0.63699087312469,0.30564504942882587,-0.18405413015700905,0.8437839794566185,0.16800920518907606,0.8257115331351994,0.7300197436829241,0.1415585038548532,0.36097370242403437,0.7885926706758123,0.14068359228513122,-0.11107492327910141,0.8084233033610815,0.15999587135380722,-0.08795164308596543,0.6285172015044747,0.10794933343545594,-0.08842972019164838,0.6475475941740387,0.14596467791561135,-0.16535277471209464,0.8474378319860703,0.26346860109066983,1.3804513253190096,0.7224556535713689,0.26432361667481785,1.616153652813099,0.6911070742233705,0.25260635710225754,1.4983447386776059,0.5628813508754945,0.403795949739263,1.2954226039375125,0.7304409863037317,0.48302750732120975,1.0412643392069498,0.6910593875056401,0.49208651943582943,1.1857916207276478,0.5020755778049047,0.4849167075586822,1.326020373764346,0.4747111125822836,0.4965723652413766,1.3364009716869618,0.4435447278580995,0.4942201449479181,1.2766921318925684,0.42091554205871323,0.10615387473119303,1.3007182608008394,0.7174627160258922,0.030172098287805073,1.0390215972489107,0.7835654823801961,-0.0005439373829280419,1.2109266822394085,0.5933182063528697,-0.003646895424056563,1.318778552609688,0.5732160901648744,-0.02262002228067466,1.3367173514835675,0.5399837527550875,-0.024122040735710976,1.3038866303862418,0.5244817223269295,2.949152542372881
0.36571979222732864,0.8225804652134082,0.736010233091473,0.34736647411832877,0.3673052456997441,0.7722228428200706,0.32135233004667063,-0.08961729102455272,0.7764214400414511,0.33748853886942454,-0.08724064386765164,0.6223613196196679,0.3905815127144169,-0.0909133436378237,0.6372070215546541,0.3059532835656998,-0.18402226565210475,0.8442901582881543,0.16844207296236335,0.8264245824689698,0.7298889127461108,0.14151768750961025,0.36179992673818573,0.7882605160905227,0.14068913831699065,-0.11105942837947505,0.8084120071351724,0.15966029123672515,-0.08881938929018304,0.6293815845498083,0.10731446322927797,-0.08983740917073837,0.6496092788273881,0.14621204173709443,-0.16513239259114224,0.8477810156129929,0.26267706817953757,1.3806913432994754,0.7199557540683474,0.2637450166262004,1.615102588350539,0.688909934734157,0.2533850006939311,1.4984669438419282,0.5620302282671762,0.40455079088299684,1.294883589004063,0.7329751829649522,0.48455651147107404,1.0387550936658256,0.6982929366881251,0.48899617273941326,1.187767946038447,0.5116125831370069,0.47611172114762423,1.326781717498215,0.48858283679741543,0.4894604660686571,1.3356809550897242,0.4568040002200081,0.4899494279329184,1.2771107631258671,0.43685711355295037,0.1062101602265309,1.3021738550332624,0.7133394486562528,0.029503016446610415,1.0388669188474953,0.7854179014013563,0.0042012875164053,1.2142133868933618,0.6007539238492601,0.005134030585411298,1.32539212337136,0.5879130100102716,-0.013588941765713904,1.3442135829761104,0.5532686730561452,-0.016796619609847956,1.307558467683107,0.5368958899502416,2.9661016949152543
0.3662370710439928,0.8236675691854742,0.7349201915971343,0.3475568302265291,0.36810079218180947,0.771909511777403,0.3212748769484676,-0.08943896347376991,0.7761737337749326,0.33750035322957017,-0.08741059718625085,0.6224816549229095,0.39047232413557464,-0.09093707267850071,0.6377187464134726,0.3063016654232265,-0.18416837088618815,0.8452138583258165,0.1687751995185127,0.8268056221418746,0.7295816405228366,0.1414199677916641,0.3626893787934454,0.787730845145412,0.14069180958894273,-0.11104695347613361,0.8084128754137622,0.15950890541455842,-0.08855949222826426,0.6293741681970197,0.10693309453696728,-0.09064551035445234,0.6507856962149126,0.1464157471844722,-0.1647498446538273,0.8479153618596121,0.26182888869535204,1.3808227865066756,0.7175179122034203,0.2630877755670067,1.6140537045244354,0.6865022276036019,0.25406071584349044,1.4984293124887564,0.5621060768250661,0.4041977694926693,1.2946276172476507,0.7339207713115994,0.48523137811396755,1.03778856010329,0.7039091702422097,0.48601220697345043,1.1890906389036386,0.519066774583872,0.46840836101450495,1.3246716091218438,0.5040684075532268,0.4815378947681754,1.3334101932118698,0.47013289501212546,0.48558264019307035,1.2778240860911303,0.45356561392992556,0.10623761623759062,1.3039185684061292,0.7095118435039143,0.02857829639804004,1.0387284894173763,0.7880304809409364,0.008595361822380604,1.2162906263486601,0.6067306611105985,0.013657595253761073,1.3308423401713256,0.5993412730598422,-0.0047532177058353334,1.3489502384806984,0.5677026270389143,-0.008775582860606734,1.3076748060192507,0.5511268633211022,2.983050847457627
0.36686924034102036,0.824107634927242,0.734296340183692,0.3478500789237003,0.36881941466207513,0.7718577572639532,0.3211570486229369,-0.08918842586907759,0.7757994176796641,0.33751961756813287,-0.08749766087927274,0.6225810011048887,0.3903799103259259,-0.09054613131195449,0.6382217400669833,0.30668075954138857,-0.184493330185246,0.8464270905418046,0.16901407582130726,0.8267680759893454,0.7291400159175356,0.14128173069359418,0.3634746190739808,0.7870227150462986,0.14068658092973838,-0.1110780610588166,0.8084852222635472,0.1595041954724891,-0.08749510540966424,0.6288827902008677,0.1067712910898575,-0.09085204547440041,0.6510680609985126,0.14652134369466543,-0.16419346240610472,0.8477486963171978,0.26097464265073433,1.3807576620888873,0.7154832626005021,0.2624268661072274,1.613172643620305,0.6842148230276568,0.25468500572978525,1.4981934308134905,0.5625809986451653,0.40281996075538096,1.2946363791568594,0.7332410313349504,0.48545929052965064,1.0387196343105085,0.7082364461590368,0.48312863066561207,1.1899313997768002,0.523898410239425,0.4634048505834454,1.320960479272162,0.5205054891330505,0.47322562031211146,1.3304415334539723,0.4839799397383846,0.4799750351571575,1.2781860876361748,0.46944055963142006,0.10617231420636913,1.3059367563875892,0.7060128173387668,0.027523148406874733,1.0387043586752314,0.7910915881794167,0.01277973680311096,1.216698787646727,0.6119472116108249,0.021364312925761048,1.3343955885742196,0.6078077200433858,0.004111173137081726,1.3504509396606543,0.5824778650374605,-0.00020152307781142506,1.305008651563478,0.5653578665835575,3.0
0.36745672004487023,0.8240340776114072,0.7339182352210459,0.3481780844546599,0.3693338973493632,0.771992421239332,0.3210484360417345,-0.08895829944565434,0.7754496303485957,0.3375459266776665,-0.08754711499011499,0.6226530031580558,0.3903185500468177,-0.08986955062074174,0.6386850141429461,0.3070703424282435,-0.18492663170573775,0.8476563025475354,0.16914343379221763,0.8263282933917139,0.7286056255533364,0.14111269914685284,0.36410869320556016,0.7861705917049201,0.1406763358820957,-0.1112017391630354,0.8087017986017961,0.15963207119130773,-0.08613480268099738,0.6283951260092011,0.10670061800787943,-0.09068926886117903,0.6508080360098873,0.14651534563010685,-0.1635420261309696,0.8472957300490965,0.2602617707210977,1.3804256934987857,0.7141285295592428,0.2617709717502925,1.6127035132996312,0.6821854374097556,0.25535985339362566,1.4977913890852028,0.5626025133376903,0.40083068498900465,1.2949652649971473,0.7311112881227688,0.4858608680209111,1.0415110400092107,0.7120223909945443,0.48020351023364055,1.1905516043502278,0.5261438321382557,0.46196756494393143,1.316829612993824,0.5356174349523948,0.46499282767847705,1.3271373552023862,0.4969166373372985,0.47159348856863365,1.277804716238308,0.4817227194059361,0.10600603381405332,1.308192093336713,0.7028162131375169,0.02659862050256234,1.039144980355818,0.7942345399608113,0.01679886876825832,1.2152903323207025,0.6170466277842281,0.02770836951954745,1.335379512584795,0.61416849230123,0.012713313147639415,1.3486768871164128,0.5959242673435887,0.008417703724914138,1.3003175842308352,0.5779810861076891,3.016949152542373
0.367816570432618,0.8236101837982883,0.7336747282885456,0.34845085285065525,0.3696224106527043,0.7721287969358228,0.32100326738546003,-0.08885111613653948,0.7752919041458871,0.33757362912303146,-0.08757279294989634,0.6226882101322436,0.39027067623193745,-0.08909836912202826,0.6391439902040309,0.30744075495624723,-0.18538897482213834,0.8487170028677472,0.16910769511817536,0.8256538075798466,0.7279423150574447,0.14091463309990968,0.36466840577668724,0.7852171642627911,0.14068453848471946,-0.11140987153808395,0.8090465566173674,0.1599268252192032,-0.08466667882706155,0.6281399927067244,0.10668602926555815,-0.09044471750541791,0.6504528033753793,0.14641302100217354,-0.16285792212430675,0.8465991872747318,0.2598374257826947,1.3797772826145243,0.7135087922914902,0.2610773583177427,1.6127644480507977,0.68037931737994,0.2561090621048124,1.4972540053987458,0.5616245067326768,0.3987272320568709,1.2957242407269365,0.7279577124143227,0.48675428524066905,1.0460353746823974,0.7154486937781066,0.4770249523361497,1.1909064833431684,0.5264485101461935,0.4636661150494399,1.3125902144061412,0.5469171800088717,0.45729800716129815,1.3233185106729186,0.5062903815486997,0.4598657378520846,1.276453174178062,0.4874201508861953,0.1057890905201388,1.3104480036488835,0.7002930374348334,0.02613486127035096,1.0404152242109908,0.7969884618284044,0.02065106914533213,1.212341951188246,0.6221539357136006,0.03266140997169604,1.3333897507381334,0.6190897365511692,0.020641329214252796,1.3441358451089775,0.6057410578356378,0.016449049401568817,1.2944123326579993,0.5876444237931504,3.0338983050847457
0.3678786453904727,0.8229304830128326,0.733538275727992,0.34861686810127496,0.36973093893071096,0.7721000210946821,0.32104519217445543,-0.0889108982838419,0.7753981858488919,0.33759788557685977,-0.08755850564102967,0.6226721652256815,0.390222206006212,-0.08832708353027237,0.639587749791196,0.30776324318425563,-0.18578427821140545,0.8495470947868414,0.16883584254654052,0.8249278760375985,0.7270511405341856,0.14068853662381337,0.36520605755960445,0.7841875716033316,0.14074487798666113,-0.11161100025918214,0.809373299928782,0.16040842633019237,-0.0829355428929059,0.628056149958563,0.10690924449524145,-0.09023008306544525,0.6501904828625421,0.14623819052675727,-0.16216206299840005,0.8457009932012137,0.2597072513052392,1.3788509301553515,0.7133778238076293,0.26033486651821736,1.6132283941409418,0.6787360549620407,0.2568934711859735,1.4966167139376576,0.5596813225781342,0.3970480396947078,1.296883442629788,0.7245637955441797,0.48806059492539317,1.0519067731060676,0.7181299347126608,0.47348275102927606,1.1902652711286432,0.5261002013008002,0.46757019602956384,1.3074608816443039,0.5540647283828153,0.45066916540185065,1.3183199971104913,0.5100381044743791,0.4459640202250534,1.2737213575462287,0.4847060818176351,0.1055769133306112,1.3121818603229627,0.6992982522899549,0.026308885558815165,1.0426904123966265,0.7989362356577396,0.024284828383362607,1.2085886952651825,0.627033363512485,0.03692893881439738,1.328624964066747,0.6223210800020322,0.027899901314058635,1.3378407389958795,0.6095775042503466,0.02360279086951759,1.2883110382473444,0.5925987981964148,3.0508474576271185
0.36769716556794746,0.822116096549523,0.7334045041367554,0.34866704570601537,0.36974678125792637,0.7717386611872389,0.32116988618592296,-0.08912785772650077,0.7757542707058862,0.33761605894857205,-0.08749263808387375,0.622604322723904,0.3901666210087375,-0.08760086652230768,0.6399253115552427,0.3080105978328698,-0.18600908363618887,0.8501421125215316,0.16828320896129986,0.8242539269035128,0.7258542588992323,0.14044059148474597,0.36570097067784235,0.7830787522246936,0.14085929690470478,-0.11169755610191515,0.8095126512280504,0.16100334024002377,-0.08091692479010293,0.6279882518446879,0.1075752847926004,-0.09000757292633182,0.6499678458062459,0.1460049703677136,-0.16146609743080664,0.84464281422549,0.25976909920248115,1.3777916188324015,0.713379440004172,0.25957385549166173,1.61387030451377,0.677089790373867,0.2577275870918256,1.4959410064735184,0.5571466185093981,0.39633403536848,1.2982101803247814,0.7217767503209099,0.4895749413764643,1.0579932266964793,0.7198355356260869,0.469766403102255,1.1875575589942762,0.5267431457492304,0.47286121235373724,1.3003288183554318,0.5583030618274025,0.44549857328822573,1.311378052147375,0.5077259213883758,0.4319067139758287,1.2690896761808363,0.47429647558017474,0.10538897103994796,1.3128531132506989,0.7005124380030615,0.0270230420214761,1.0458326245085723,0.8000592166846165,0.027625042376232416,1.2048573367606736,0.6313675079695364,0.04162807855495163,1.3218915356023713,0.6228846529197869,0.034819045905688385,1.3308449609684265,0.6063711050451366,0.030144083289381986,1.282802003176283,0.5913524220568908,3.067796610169492
0.3673479796805686,0.8213650137416707,0.7330039047193863,0.3486021780634617,0.3697470098879557,0.7709321824463039,0.3213631326895499,-0.0894773788997915,0.7763203493009202,0.33762199988884256,-0.08738125574705605,0.6224996156830164,0.3900897913547267,-0.08702512578048122,0.6399744388363945,0.30815666355252525,-0.18600255742787747,0.8505100434114359,0.16747029469991914,0.8236471719665588,0.7244078054836791,0.14017577933575195,0.36612726144295205,0.7818605572284888,0.14097988843651704,-0.11161571706973872,0.809381966347634,0.16155067587489097,-0.07905513488269852,0.6278607997757825,0.10863738450351379,-0.08976273569459832,0.649737059610541,0.14571472683602973,-0.16077981065710334,0.8434557327291536,0.25995146359841137,1.3767622259521637,0.7133305107444778,0.2587942314825141,1.6145763796098687,0.6750577370759943,0.25868736469444914,1.495261165127022,0.5544588095457108,0.39694751137683826,1.299385237439925,0.7200768502185306,0.49109182314450317,1.0626364785168056,0.7207679190249106,0.4663042810205524,1.182162811878997,0.5295432209343052,0.4781419268860846,1.2909489804023493,0.5596017339907073,0.44151328175704435,1.3023121213094817,0.5003026402976655,0.41897591623551234,1.2621658849437094,0.46001020537550796,0.1052045100534719,1.3122217028726693,0.7038885828471313,0.028011123309448126,1.049456017921392,0.8007819544663716,0.03062332089650288,1.2015144881150075,0.6347618547102005,0.04765122633598258,1.3142538882441046,0.6200150308303326,0.041629411447566544,1.3237674662238312,0.5968576877685644,0.03647751479475807,1.2778341859118567,0.5841001143352679,3.0847457627118646
0.3668627314651517,0.8207597930950332,0.7319911598803788,0.34840928748994415,0.36970955549816054,0.7697512743379746,0.32161182147922,-0.08994277624309834,0.7770652290332293,0.3376043433006709,-0.08723935907513251,0.6223734197805132,0.3899599716893698,-0.08678324576098564,0.6396167830272514,0.30817749953152684,-0.18577716828750668,0.8506540365073926,0.16648927695371607,0.8229829775483827,0.7229340573218841,0.1398867405815371,0.36644367401420014,0.7804824187129297,0.14104792015937143,-0.11136729179835236,0.8089864947500652,0.16188647167553427,-0.07797495918495535,0.6277436688355591,0.10978968588340515,-0.0895403353223807,0.6495294927490209,0.14536539772471663,-0.16009115345725738,0.8421639322081436,0.2602492155567463,1.3758420318137607,0.7132338409165381,0.2579758799097459,1.61531748255066,0.6722743399099368,0.2598007615325988,1.4945569867118098,0.5520288440939259,0.3988899618062707,1.300100670293967,0.7194604708777078,0.49231437030942554,1.0645448264677708,0.7214608368668787,0.46336728969197993,1.174304850227275,0.5346996646469409,0.4807327760112925,1.2803155217508326,0.5557409513611891,0.43761701150923527,1.2917411753326484,0.4893913237622046,0.407524482240777,1.2525617314542308,0.4475548010063962,0.10499889838012832,1.31035590549807,0.7089985957765153,0.029013046218569073,1.0531713254213193,0.8014094413765906,0.03324547128418878,1.198398177258991,0.6363985630889997,0.055139944690749204,1.3066461469495307,0.6135424509608622,0.048330060233589295,1.316763084078418,0.5826676659499828,0.04275136571833861,1.2725691825930783,0.5726227655622628,3.101694915254237
0.3662430464858156,0.8201253710477588,0.7301930830751471,0.3480855143171822,0.3695087511394818,0.7684175814429198,0.3219060614992066,-0.0905147256699277,0.7779683268764088,0.3375575524347517,-0.08708766313689453,0.6222413704620223,0.3897691804404642,-0.08704237302623313,0.6390851251757236,0.30806461338704805,-0.1853951224711213,0.8505873313264362,0.16544990240590834,0.8220270248874808,0.7216773683319095,0.13955705339092417,0.3665697171409179,0.7789110043020216,0.1410343106114752,-0.11097988145301121,0.8083707332623596,0.16190463657584558,-0.07795516068014595,0.6277876145665254,0.11066271006029435,-0.08938362183205341,0.6493856257350545,0.14496318775275302,-0.15936425383996997,0.8408111760832017,0.26064662896908236,1.3749848934569264,0.713103492588263,0.2571683492809495,1.6160179454722954,0.6686434543943671,0.26097156832584195,1.4938053220732996,0.55022010161309,0.40174750058519526,1.3001063539551045,0.7196599885557826,0.49286372055025784,1.0633175529937389,0.7227351542044627,0.4608559977569454,1.1648423279593714,0.5416830678070572,0.47748280961577405,1.2697641948509624,0.5446988408961693,0.4325937667735917,1.2804961835472366,0.4769124957652696,0.39800922728074506,1.2398760417014658,0.44194493744824215,0.1048164011916691,1.3074553423410358,0.7157180650911478,0.029862993512015042,1.0566845457102614,0.8017146584772461,0.0354653898626313,1.1951445810112322,0.6352472063532539,0.06337159171282256,1.2995484496906147,0.6039026211739844,0.05474472938426058,1.309777458468842,0.5657452994941357,0.048987107780835995,1.2660295891366236,0.5591015278932137,3.1186440677966103
0.3654891152608537,0.8191577512987513,0.7278323542410433,0.3476971788763773,0.36900511239879025,0.7671646534889224,0.3222373179875672,-0.09118133271492655,0.7790070161357745,0.3374927029123242,-0.08695812925580945,0.6221337484645261,0.3896096401225752,-0.08790929136785136,0.6389371861654366,0.3078548117230997,-0.1849244639022637,0.8503448248870003,0.16440993296183018,0.8206361170030745,0.7207036509657145,0.13919128872817274,0.3664308205623322,0.7772026736138032,0.140940297847738,-0.11048429759693298,0.8075825492515204,0.16156422216494665,-0.07889804313530999,0.6281253038583923,0.11098270658315584,-0.08932285147406155,0.6493305267427391,0.14452871029136166,-0.15857212166081103,0.83945668496444,0.2610532616962087,1.3740669360902082,0.7129048678619394,0.25650149102784475,1.6165478258712536,0.6643426068591904,0.2620298577034651,1.4930202938386672,0.5492823481768484,0.4048922602327062,1.2992620517277413,0.7203930268737339,0.49245330521445985,1.0592769534193458,0.7256004830961427,0.4585531007937921,1.1546605684757223,0.549683039527961,0.4667377974838146,1.2598223119708436,0.5273040400401002,0.4260714024755834,1.268871909113551,0.46497680375353,0.39123866631942994,1.224246779245071,0.44519746053542936,0.10481184788911765,1.303833057318079,0.724019080977724,0.03046105668491919,1.0596983092715042,0.8012803518397387,0.037326001642958115,1.1912937088462907,0.6313375925251664,0.07114728383936389,1.292725136336607,0.5924463683793737,0.06048836004168967,1.3026893065413394,0.5484665780157252,0.05517175711765816,1.2576843994070195,0.545357491119664,3.135593220338983
0.3646300091010103,0.8176727620881656,0.7254898316515902,0.3473698523621575,0.36811718042981656,0.76613991964873,0.32259721416827714,-0.09191973150704257,0.7801453814424695,0.3374317413517438,-0.08688807061239623,0.6220901256435202,0.38966289670648435,-0.08942160130780356,0.639615415172491,0.3076224154695289,-0.18442032806164366,0.8499492139916675,0.163373567853153,0.818947456445756,0.719856792151865,0.1388373643507504,0.36598526109863216,0.7755126034317829,0.14078179839649352,-0.10990515573771038,0.806659997251218,0.16092535481022596,-0.08060427777684992,0.6287519811946456,0.11065140858417666,-0.08938090386239315,0.6493817988847822,0.144090044020626,-0.15771773388257473,0.8381352073059728,0.2613352594443384,1.3730280930656336,0.7126251095111729,0.2561006715457518,1.616797845874922,0.6597725715086009,0.2628470165785457,1.4922431884448255,0.5492078984121289,0.4078057367563388,1.2976092034120172,0.721407592984805,0.49100450580785204,1.053103485522089,0.7309892904115496,0.4564094322955412,1.1440592597086297,0.5580874806430052,0.4500144653019302,1.2499597852902775,0.507025020301322,0.41884370527151715,1.2565144798396444,0.4554288102346689,0.3874133342299335,1.2067738342297392,0.45577263775282406,0.10509163324360238,1.2999907159057391,0.7330223994873817,0.030722808505275735,1.0619984014636237,0.7998328444514891,0.038924641291836176,1.1861848402858692,0.6263737510952605,0.07730826320141368,1.2852984838085413,0.5811255442765307,0.06496935482811729,1.2950997702150318,0.5334580112062197,0.061138712309588755,1.2475313916075028,0.5326903479115843,3.152542372881356
0.36375297117668653,0.8157285356502979,0.7237196364076786,0.34719832336769424,0.3668343191582091,0.7654018237441425,0.32297930925698604,-0.09269905825444538,0.7813424369527938,0.33738815673557593,-0.08689030090903985,0.6221201905324112,0.3900725093671602,-0.09141552809083894,0.6411386430568053,0.30740763905225404,-0.1839142202312714,0.8493766979251439,0.16234786916829644,0.8173282547150156,0.7189527144920633,0.13855835208206038,0.36523399796307887,0.7740037394132125,0.14057815952567165,-0.10926156092355785,0.8056341654745267,0.16021259079670455,-0.08274318330950219,0.6293397819940545,0.109822564498061,-0.0895363320012364,0.649520725731884,0.1436615174149258,-0.15681218989818238,0.8368499286242015,0.2614303488268844,1.3719570328424688,0.7123147060293739,0.2559953354592439,1.616775564942458,0.6554022280770457,0.2633918077333655,1.4914938347392628,0.5496481417169987,0.41019639419427933,1.2954372151224376,0.7225058603923464,0.4886441872315454,1.045657261134293,0.7393042277520889,0.45448423645362684,1.132793499523669,0.5666913097650659,0.43168218186632523,1.2393520609409256,0.4873937538612467,0.41232842695485034,1.2430886507703718,0.4490023453783458,0.38539435203195666,1.1891169793783254,0.46984022439097384,0.10548327818115243,1.2964944016941837,0.7409324089170626,0.030585736434939722,1.0636674021601236,0.7970689036132519,0.040322902171667716,1.1790883011904376,0.6224289524175799,0.08100493418489507,1.2763545240994683,0.5713272928363196,0.06762539299286809,1.2861479653519583,0.522811582094053,0.06674618313140537,1.2357659982845148,0.5223527248063524,3.169491525423729
0.3629528183177256,0.8134866556175145,0.7227014501245196,0.3472103225674593,0.36520378553206373,0.7650054084184088,0.3233841008972263,-0.09349819988784962,0.7825879089151362,0.33734836709167276,-0.08691295616155134,0.6221563260399022,0.39085061639747687,-0.09346293931809706,0.6431907993926974,0.30717987715716955,-0.18340904094809285,0.8485826209674386,0.16138392176354266,0.8161070021430088,0.7179615488195323,0.13838750871024616,0.3642180620955976,0.7727847166885231,0.14034155674541748,-0.10856849362355091,0.8045303844940365,0.15974872316724117,-0.0847098189528235,0.6293051022809357,0.10890586821952858,-0.08970672567269111,0.6496749448562188,0.1432282102467728,-0.1558621550798827,0.8356075551734294,0.26140096216959646,1.370989995590327,0.7120465019189102,0.25608587953142065,1.6166307385980765,0.6515251147956216,0.2636909316528201,1.490731939895233,0.5501146068856648,0.41193237458900356,1.2932438116353473,0.7236977138010992,0.48565754218218554,1.0379234528522134,0.7500172955865588,0.4527859972115105,1.1206337424723354,0.5753036728377217,0.4163321362812856,1.2277839823378431,0.47016263134675096,0.4074474334099863,1.2288828809776584,0.44490301551883343,0.38330565966172103,1.172486710692471,0.4831109606342052,0.10564395429821613,1.2936872043739587,0.7462256268018524,0.030047367942321632,1.064927763788694,0.7928221016381604,0.041566705298917025,1.1695575726852512,0.6205372297473307,0.08192336230242148,1.2655268765402925,0.5632351302064293,0.06834726078330694,1.2748390690449842,0.5170947280211862,0.07215315630010635,1.2224755581008933,0.5159006482965848,3.1864406779661016
0.3622390402126043,0.8109981759584253,0.7222809863247446,0.34739839699018804,0.36331834889861,0.765033056315946,0.3238199017728649,-0.09432050383065861,0.7839335145467434,0.33727176613503707,-0.08682831454363492,0.6220522560782465,0.39188036839436524,-0.09510488312922094,0.645412399986196,0.3068925943067716,-0.18289274219207846,0.8475551546050357,0.16058028407517158,0.8153719467955647,0.7169362335034031,0.13832383142521634,0.3629850690440507,0.7719212064592088,0.14006352613688305,-0.10782600496567717,0.8033486010041215,0.1597549599548545,-0.08579216871774975,0.6282508873344944,0.10840957412982685,-0.08980146141205073,0.6497619129812454,0.14276598762946302,-0.1548980501800376,0.834431421023039,0.26134085968248133,1.3702047390773087,0.7118709971238357,0.2562192545538916,1.6165278760872308,0.648269248139062,0.26378508406015505,1.4899202041290076,0.5503303300751303,0.41297788319488593,1.2915240188558024,0.7251613746868193,0.4823872313914053,1.030840524061658,0.7617313971669736,0.45134515720973156,1.1075824785471091,0.5833631150359873,0.40674653864862387,1.2156101263882333,0.4560217757400331,0.40394433092757576,1.2143747600982626,0.4416844429878411,0.37995313475530734,1.1570178793368893,0.4923720078205397,0.10542403836775271,1.2915661355685968,0.748757488099062,0.02931270309114095,1.0657160603339282,0.78817848282007,0.04280130935633577,1.157695890188619,0.6210396923799562,0.08056498678266988,1.2529195315380808,0.5560103626096363,0.06777390911120555,1.2605353850425733,0.514939163466733,0.07768118516595864,1.2077042457997718,0.5141252753110621,3.2033898305084745
0.3615682749922049,0.8081902201395015,0.7221953120716165,0.3477192824948791,0.3613009053593023,0.7654729912784489,0.3242814105820395,-0.0951770012596294,0.7854393334603856,0.33713700975352545,-0.08653286790607836,0.6217255649908326,0.39294499710791625,-0.09617819028020572,0.64769002951002,0.30652936523803054,-0.1823444000426317,0.8463367549527255,0.1600304791250594,0.814953019126371,0.715905947324736,0.13835036048853863,0.3615802798041201,0.7714188276662614,0.13970811573749453,-0.10700366492102577,0.8020378650532092,0.16023142394057427,-0.08553418673635528,0.6262302058119669,0.10870715268156539,-0.08978320664908802,0.6497443852937264,0.14228644166271856,-0.15399028465269354,0.8333462011544572,0.2612725917301879,1.3696482073889211,0.7118091920765492,0.25630771910402883,1.6165298925283298,0.6457551114834784,0.26374759151976673,1.4891141093824865,0.5503192065395583,0.4134229654153224,1.290540660440619,0.7269225111719388,0.4791210450371905,1.024986645425721,0.7727078292618177,0.4503139956724609,1.0937353520297195,0.5904111696045409,0.4042526842703315,1.2027806104735297,0.44646938671152103,0.40107926629841495,1.199332266763181,0.43877495150168755,0.3754795727942085,1.1422994101682693,0.49632639795804556,0.10499030757705574,1.289984638929449,0.7497340682100082,0.029040072716724027,1.0656175681193194,0.7861085628369162,0.04429543001120092,1.1441288296134398,0.6245430750213822,0.07815704446792564,1.2386339415945398,0.5482946695536435,0.06701183031876509,1.243196972009291,0.5136857490693428,0.0833991996979854,1.1915164586866578,0.5156734856202057,3.220338983050848
0.3609527719566238,0.8050118204194758,0.7222516333563296,0.3480713916456447,0.3592800231170621,0.7661039096186066,0.32471826247141633,-0.09604272363500319,0.7870276242070782,0.33701903191403076,-0.08615858567398757,0.62139434401408,0.3937879811676351,-0.09688121995338077,0.6501357360550994,0.30608889334444106,-0.1817467794006344,0.8450108095559635,0.15974121365846505,0.8144862148984852,0.7149214705417742,0.13843887194491283,0.3600489007403807,0.7711935639998344,0.13924294858421926,-0.10606567464569573,0.8005382329619026,0.1610014085419582,-0.08400884624128305,0.6235890366430207,0.10985389200507965,-0.0896720619645032,0.6496344764626925,0.14184841704082946,-0.15321848369472674,0.8323768948615164,0.26114566170041714,1.3693668887275,0.7118351984005821,0.25635425983266646,1.6166237878093161,0.6440655718489654,0.2636776476658731,1.4884157652509726,0.5502206834500292,0.4135493892541492,1.2902878285026076,0.7287120727560638,0.47606622631649964,1.0204999450845782,0.7814742075339817,0.44981306679110283,1.0794381266160291,0.5966749231236282,0.4089715399906573,1.1886262723792989,0.4437475435728929,0.3986019409460454,1.1830856908391763,0.43666993435613854,0.3705577622658969,1.1282453212386256,0.495233065019237,0.10460495486233554,1.2888918009099493,0.7506839811267402,0.030263881103865825,1.0643368501671284,0.7897926291744826,0.046272424363756906,1.129614903345202,0.6316380325255775,0.07598000789242534,1.2225872833210691,0.539297914961267,0.06684080144015352,1.2234328624552993,0.510729061093175,0.08886458710859194,1.1736442773310216,0.5178785582322354,3.23728813559322
0.36046914800555996,0.801557471416064,0.7223411893230124,0.348328563487021,0.35736442132960566,0.7665798838635886,0.32505262978232363,-0.09684301848162671,0.7884310011594469,0.3370849766024334,-0.08612915996273832,0.6215505506300881,0.3942079857647184,-0.09755003457543338,0.652762360776116,0.3055862766143373,-0.1811303346211694,0.8436603509240234,0.15964531645313834,0.8135863341327242,0.7140862629009188,0.13856954986372014,0.3583981539272973,0.7711693961257593,0.13871048054604887,-0.10504553807487234,0.7989030624914519,0.1618383792866455,-0.08180391763124718,0.6207487201587367,0.11155416837789126,-0.08947968004268378,0.649419209112345,0.14151857123714195,-0.15263207740788262,0.831558730019313,0.26091594937054124,1.3693901042347802,0.7118509428798151,0.2563986884996142,1.6167863783016565,0.6432024316097733,0.26363590978877927,1.4878497424983828,0.5501308858594289,0.4137152589968878,1.2905921480302998,0.7301397577571149,0.47338255650169003,1.017411116080337,0.7873361942498951,0.4497163058067122,1.065547405738826,0.6025741981344367,0.4190647884072317,1.1731198913973548,0.44840625297146613,0.39654129089547024,1.1656990847023534,0.4358597990378441,0.3653333918735757,1.1149440175467369,0.49020727509990786,0.10440017548444722,1.2882988707100336,0.7524767376625923,0.033830723743893176,1.0622732422924777,0.8001819557119264,0.0487121227600663,1.1146858813987242,0.6417792285707937,0.07458776923842791,1.2048416954961343,0.5297228744140743,0.0672405062664017,1.2021853537484444,0.5050159137294532,0.09329863456059186,1.1534620710444996,0.5191394706282609,3.254237288135593
0.3601710287269679,0.7980608359072513,0.7222905480478022,0.348419835875758,0.35562147458151666,0.7666531981038798,0.3252483635021495,-0.09749774387801471,0.789371480118559,0.3374716519978509,-0.08688423442630222,0.622586082498277,0.3941182640329656,-0.09844538825236805,0.6554429458955514,0.30507935136889186,-0.18058075331087559,0.842330955320185,0.15968669439430644,0.8120747962327544,0.7134925003384911,0.13875971108681814,0.3565997715190423,0.7713927206356818,0.13823747228424743,-0.1040676717731326,0.7973337750504318,0.1625818963706413,-0.0796627245174321,0.6181235838299264,0.11328913426728575,-0.08921516364106409,0.6490922108380405,0.14133613798835437,-0.15224464139319965,0.8309290573268557,0.2606643755297211,1.3697236505132184,0.7117672981544365,0.2564783944222403,1.6169889025336097,0.6431115305898686,0.2636259885863094,1.4873410196205261,0.5500667513960225,0.4140670420346849,1.2912084218004516,0.7308751859507934,0.47117084785049146,1.0158843017910737,0.7907120134084746,0.44966360335545696,1.0531635134641253,0.6079258446673472,0.4312069555800042,1.1573582472023674,0.4583403404662102,0.39455442120296447,1.1480384057339612,0.43643159177063834,0.3595567006092411,1.101849413488444,0.4830731188862849,0.10439122646583984,1.2881570769350237,0.755231350907462,0.039907182317178956,1.0605068118545529,0.8156525610219643,0.051366230748491115,1.0997468337793914,0.6529670686413162,0.0736720158305649,1.185958365164942,0.5213052239674989,0.06773026553740821,1.18011190619791,0.4976542211721197,0.09603464826867569,1.130734821769697,0.5195893776435021,3.2711864406779663
0.3600264665654711,0.7947668866110797,0.7218483742778894,0.34837108706170344,0.3540653403119973,0.7663039306499502,0.32535234198373053,-0.09796890691653307,0.7897949214807757,0.33818973371938166,-0.08858025982330592,0.6245507579421039,0.39356720247401367,-0.09970965370352326,0.6582032017940744,0.3046619741831764,-0.18017802560692497,0.841092163719067,0.15985107214491498,0.810029095037452,0.7131735304706588,0.13903733821170922,0.3546817135062892,0.7719299053903139,0.13792840561768244,-0.10326256127834647,0.7960406499012588,0.16318021351110515,-0.0780939375339163,0.6161011906054352,0.11452283383809779,-0.08902397299406134,0.6488604989711401,0.14131464466937727,-0.15205579692818294,0.8305041978745619,0.2606325424374737,1.3703151412601613,0.7116961585832826,0.256598235994597,1.617168099690043,0.6435356890118797,0.263633084256055,1.486815897302913,0.5499952477847405,0.4144410494222579,1.2919068094420423,0.7307343276697489,0.4694507921380832,1.0161090554887224,0.792911778147083,0.4493077990826477,1.0429679232444347,0.6120423686728893,0.4422740647710498,1.1419285077286887,0.47115127024085507,0.3920295645620563,1.1305382049391821,0.4386073455256644,0.3534418201979339,1.0878426891362913,0.4759715109605898,0.10464244022300463,1.2883755466685334,0.7588749545273956,0.04790927618522707,1.059902400733171,0.8333987720574492,0.05390499233176413,1.0852277576946325,0.6627777383756444,0.07271810408949142,1.1666962364347513,0.5156930913563085,0.06799218157118148,1.1574152097479447,0.4906239152092652,0.09671927008596043,1.1061356876550787,0.5196571354894709,3.288135593220339
0.3599565233939925,0.7918324183611888,0.7208645277170426,0.34828043734923714,0.35265881469567617,0.765703289233736,0.32545705712339784,-0.09825929650829261,0.7898955007283471,0.33914302436564336,-0.0910903170804383,0.6272729889907986,0.3927387370160143,-0.10138555370821359,0.6611969641559119,0.3044277020657893,-0.17995276482191627,0.8401265461555493,0.16017085196582437,0.807647739124576,0.7131196057960675,0.13939487771237266,0.3527552913316654,0.7727339747570117,0.137785192867298,-0.10269108495262969,0.7951200108413524,0.1636427822720426,-0.07728183528723953,0.6149725434655892,0.11491698569576482,-0.08906736713147062,0.6489539856993023,0.14145643847155476,-0.15206576460975563,0.830259465723455,0.26107626461952144,1.3709848720587257,0.711975961542214,0.25668642287364946,1.6172482595287259,0.6439213092930672,0.2636507947664456,1.4862782450971226,0.5498810195034395,0.4146073414276288,1.2925350655878902,0.7297518917661714,0.46817997548667145,1.0181963285471691,0.7954066210659676,0.448628335950299,1.0346377278510932,0.6145298643853343,0.45037265466793885,1.1256524508889678,0.48602245346570416,0.3887360077871794,1.1125040835607003,0.44312079116942793,0.34783165514269965,1.0722103885906278,0.47069768122878064,0.10531564926527817,1.2888474782168544,0.7633221668432006,0.05663548463968426,1.0602801348336033,0.850700278483001,0.0559542754019995,1.0712826741132162,0.669703322452688,0.07163801577717126,1.1471912370909665,0.5137331434236821,0.06811162780803533,1.1342202106421946,0.4851011291030818,0.09522853643840706,1.0807946911234851,0.5191930428500239,3.305084745762712
0.3599119169929288,0.7893202071874211,0.7193692101809745,0.34827071359295214,0.3513330079704209,0.7651410388749627,0.32561496054176775,-0.09838492853315672,0.7898867923455706,0.34019658532972735,-0.09416361566105097,0.6305332224368065,0.3919169560640856,-0.10335818663246193,0.6643629202724401,0.30442398604554527,-0.1799017969145192,0.8396269751591757,0.16071080853458733,0.8050848555621654,0.7133356099986118,0.1398046405727807,0.3509075432259532,0.773747811640386,0.1377513621634427,-0.1023567701482076,0.7945758876500496,0.16392604038370623,-0.07713959902426806,0.6147422240223933,0.11446960440854731,-0.08912225868281937,0.6490391097260192,0.14175413983205543,-0.1522645730297848,0.8301355130594006,0.2620822768086756,1.3714545273969514,0.7129207789412837,0.25661044936102295,1.6172149291930071,0.6436980154769554,0.2636824378959488,1.485763178622482,0.5497071758622111,0.4145332172371662,1.293007465361128,0.7282531600507464,0.4672912963677027,1.022174816339261,0.7991276861898713,0.4479890434385041,1.0267260427507239,0.615821333872486,0.4548577986239155,1.1069170638833346,0.502416136722758,0.38520044232314987,1.092911103134888,0.45061115200336477,0.34358001094681945,1.055048008194624,0.46846078669848895,0.10643681881536174,1.2893802900939517,0.7680693800342371,0.06458260478546485,1.0606962041142134,0.865475404354698,0.05703142198968426,1.0574635107471666,0.6733922147561602,0.07056839918992029,1.126689873603295,0.5154652008272103,0.0683234150886051,1.1107018134264606,0.4815428283549189,0.09187027291142788,1.0555022822657443,0.5180224608636582,3.3220338983050848
0.35989179649388736,0.7871938596585235,0.7174893409258267,0.348427588820642,0.3500401412667422,0.7649229770545038,0.32579571161460297,-0.09837515301424268,0.7897655628691141,0.3412368957763344,-0.0974307261329135,0.6339756497066414,0.39142781673324867,-0.10525990286912243,0.6672626311787254,0.30463463402530017,-0.1800307222690648,0.8396078472635548,0.16147945380875195,0.8023601997923338,0.7138749191769247,0.140255343648641,0.34912326804714106,0.7750174871247643,0.13778354000523443,-0.10224857189513173,0.7943906990250893,0.16390414224412447,-0.07734320140180431,0.6150161428453083,0.11349053636045743,-0.08858438208528696,0.6482409738713821,0.14217518164540166,-0.15260853118604767,0.8300799523947084,0.2635445557565954,1.3714916185688553,0.7146006488774772,0.256278637895334,1.617152361366998,0.6426197633474146,0.2637325706069149,1.4852564016555114,0.5494671614736548,0.4143933853782884,1.2932517302411113,0.7268094981568607,0.4667646991297165,1.0278504849130559,0.8041365961725082,0.44782453028458247,1.0173732261728385,0.6168149436881453,0.4557564682935825,1.0856468874780636,0.5183392831053057,0.38230034110162336,1.0716362809485929,0.4601373701923933,0.3411649250299077,1.036600174804899,0.46962656146001125,0.10770835199243196,1.2896742867063231,0.7722862469155343,0.0704615402441047,1.0602554285639714,0.8763301498564158,0.056652267762493186,1.0429520296404209,0.6738910985320256,0.06931964584744318,1.104334552994888,0.5206567384262629,0.06868678876091643,1.0867382617967078,0.4805693396975328,0.08769194050200199,1.030471375057168,0.51638268420874,3.3389830508474576
0.35993140830669246,0.7853381450246969,0.7153600782721043,0.3487428376166573,0.3487952441779707,0.7651745883374024,0.3259302619534339,-0.09828400352765293,0.7893767341801792,0.3421772816673704,-0.10022341264901043,0.6368077159238874,0.3915080587472603,-0.10656163793625723,0.66915548114338,0.30501909550155926,-0.1803885983677372,0.8399706344102645,0.16237307106663307,0.7994435693934651,0.7147323494457728,0.14073888978699445,0.3473388312163477,0.7765645569718236,0.13786777806933945,-0.10236220014152109,0.7945587365894885,0.16349437089996835,-0.077515605362032,0.6152607464486135,0.11238401301288116,-0.08704814715929828,0.6459956077663571,0.14265460183294895,-0.15301918440712342,0.8300732850637085,0.2652581911023999,1.371007454393479,0.716842637492729,0.2557042805051442,1.617177576998801,0.6407877581224959,0.2638003959760942,1.4847150510537859,0.5491679788701003,0.41440197613279384,1.2932117967799703,0.7258921198379658,0.4666233098397662,1.0345647641362867,0.8097682039041405,0.44834119892121915,1.0054896642995461,0.6180599863294163,0.45307516769478495,1.0630331543781624,0.5308592142983082,0.38028999844612266,1.0495726573764852,0.4686527057248637,0.34078142658530086,1.0166318135115722,0.47351848228138715,0.10875589362906923,1.289452895578023,0.7755019818295854,0.07359562833470093,1.058348638202432,0.8827588208399997,0.054677884121151786,1.0271859445628817,0.6713153320468574,0.0674811125073818,1.0798630015303203,0.5289894915557609,0.0691297017255408,1.0617381737030007,0.4828168769808435,0.08400402124943057,1.0056495063387516,0.5146649594214381,3.3559322033898304
0.360077321271104,0.783684757931951,0.7130734847187601,0.3491319207787923,0.3476398395794835,0.7657404482303761,0.32598422420728446,-0.09816232539761101,0.7886873732113688,0.3428716871716958,-0.10163441823508398,0.6378812544754532,0.3921341789231687,-0.10688887107472322,0.6693406014934952,0.30554690589507294,-0.18105071114530116,0.8407040470798991,0.1632505500764402,0.7963919652234924,0.7157425948620529,0.14122585134497212,0.3455268209026663,0.7782498768684701,0.13800482123775165,-0.1027028818917783,0.7950870865232152,0.1627364638091452,-0.07748209841348408,0.6152019553304671,0.11140492909638915,-0.08477026670679118,0.6427068946485087,0.14312794025785733,-0.15343744700211784,0.8301240561989353,0.2669893198527192,1.3700470263357731,0.7193381077236125,0.25496824545918906,1.6173157077907685,0.6384671768421321,0.26387943892788773,1.4841537294522575,0.5488445970755134,0.4146515624770317,1.292903615463599,0.7254857248290205,0.4667797704143696,1.0411747670605633,0.8150585023793655,0.44946322039106157,0.9913412590212776,0.6194072278375964,0.4469052265094935,1.0397934675901719,0.5379244207462286,0.3784503699960365,1.0275015829032006,0.47316766914147834,0.34247908718868336,0.9947197618548967,0.4790863888927561,0.10948236765641986,1.288607831635809,0.7778840819879538,0.07412865327120523,1.0545070338203317,0.885733450497973,0.05149705368141003,1.0102928357270384,0.6662965827660903,0.0649736213826858,1.05332388390365,0.5396559620278703,0.06961294823069758,1.0351087433315886,0.48804221135659204,0.0813643792145719,0.980949521153424,0.5133004382892239,3.372881355932204
0.3603262344593572,0.7823019199639631,0.7106446777989485,0.3494951973909868,0.34659785099494256,0.7663019890418069,0.32599813708864817,-0.09804684101310066,0.7879012076628967,0.3431245969085167,-0.10111640341071494,0.6365361059251731,0.3930417736838129,-0.10627183998556436,0.6676853569754825,0.30618171242446784,-0.1820481635974127,0.8418147514522218,0.16401543261382548,0.7933463225472168,0.7167036630901706,0.1416782223762969,0.34373432990707825,0.7798633054657559,0.13819869688520967,-0.10327955508820771,0.7959856370355896,0.16174093268116468,-0.07728819231434193,0.6148819779904521,0.11064241990688592,-0.08234740677261355,0.639243524197306,0.14357349336618813,-0.15387734201363468,0.8302691395253654,0.26849599060235735,1.368742059185385,0.7217324360908783,0.2541629319546167,1.6174738763812155,0.6359487955482851,0.2639585962283384,1.483660140979321,0.5485518461742438,0.41512937940637173,1.2924025336885423,0.7252260700721824,0.46698083546981073,1.0463744137366637,0.8191924384097357,0.45085934891339235,0.9761414009950102,0.6203930666034496,0.43796394475869077,1.015572985775302,0.5396638815322321,0.37611052767067055,1.0052642123349689,0.4734374155395418,0.34617223313637013,0.9710242927260405,0.4856177390895524,0.11004524771451035,1.2872332140443157,0.7798993864547508,0.07302071829474852,1.0486625087542523,0.8871289016558828,0.04777691807383967,0.9930475640757589,0.6600907805714926,0.06224802481852475,1.0248672453734018,0.550889184992412,0.07002908847052983,1.00702752855878,0.49451476948595474,0.07920388705937806,0.9559917355982421,0.5130242333549337,3.389830508474576
0.36059844077385084,0.7813407446374755,0.7080565541114845,0.34974269271742137,0.3457096182620439,0.7665478831716832,0.32606234797626954,-0.09799624350557523,0.787321264137367,0.34293894079958687,-0.09899998448701378,0.6332716524373092,0.3939443709013315,-0.10505122485783736,0.6646914039178318,0.3068652328732567,-0.1833153991423291,0.8431136400389383,0.16459973587375104,0.790493287837254,0.7175120032933525,0.14206678446545826,0.3421008791268918,0.7812716632509784,0.13845546695142733,-0.10408521388301482,0.7972403018147993,0.16063407445646838,-0.0770291853343339,0.6144268002597374,0.11014721478365941,-0.08004953116806694,0.6359638454909239,0.1440065262114665,-0.15439838006794493,0.8305593153864784,0.2695598866454909,1.3672856744257518,0.7236706925329538,0.25337557079277784,1.6175400256491077,0.6335025359337147,0.264024896690835,1.4833293426965264,0.5483364304075665,0.4158340655296475,1.2917801019884108,0.7248658662120684,0.4669731114743795,1.0492003331943887,0.8217980785728722,0.45202701857613276,0.9612960996656099,0.6207115978359519,0.427580893160997,0.9900171875583499,0.53787526432576,0.373602041821589,0.9823702838227949,0.47151941781905826,0.3514355265723056,0.9465136580819984,0.4924184055362223,0.11058507468225756,1.28556597316781,0.7817727807346322,0.07154022729345982,1.0416033740317379,0.8877680615706052,0.044109649208390875,0.9764968753452146,0.6539395979903433,0.059997591652991886,0.9952951275684254,0.5600924234071887,0.07009204916104197,0.9786576301132651,0.4997650511563333,0.07641944138988319,0.9299015505555588,0.5149644730796056,3.406779661016949
0.3607986357457301,0.7809552423365438,0.7053558661383754,0.34981315656847617,0.3450726677294608,0.7663149876205834,0.3262358442769012,-0.09806227808492914,0.7871019430561693,0.3426240409806328,-0.0961990663598444,0.6292644106895343,0.39468176702281077,-0.10356754097575904,0.6610118497064474,0.30754091747142737,-0.18470533968607453,0.8442709140941173,0.1649430280987531,0.7880557706626908,0.7181235817940737,0.142370760405099,0.3408050815816883,0.7824327587780705,0.13878525236300435,-0.10505940025935756,0.7987563358773706,0.15954703554893573,-0.07674827163279181,0.6138952922843087,0.10994549173196028,-0.0777822226864227,0.6327122985727209,0.1444402616787454,-0.1550418491776699,0.8310282353825454,0.27007404231471943,1.3659336011264478,0.7248622407218237,0.2526880151274329,1.6174512555900948,0.6313783697003205,0.2640696175733621,1.483191077109329,0.5482154003315961,0.41668940133541676,1.291099814376752,0.7244186441115263,0.4666454643481448,1.0493472752922546,0.8229203067981115,0.4525115734731087,0.9478852281155861,0.620099581409105,0.4174683941260593,0.9640198719630894,0.534063818985705,0.3718032775779794,0.9589774267244591,0.46930280214374187,0.3574138862381071,0.9224149284207979,0.4985269481837384,0.11107946438957775,1.2838884973029991,0.7832618994792216,0.07057213247178741,1.0348525724525468,0.8869780638178628,0.04093244428995036,0.9614555426141167,0.6486297169860016,0.05868534476525633,0.9662248239723066,0.5651037563855329,0.06951165045633442,0.9513710352655584,0.5026898365170146,0.07221134817711156,0.9021128866149988,0.5202583018853478,3.4237288135593222
0.3608963152496879,0.7812285617702599,0.7026310973085937,0.34970543558715084,0.34480844425116086,0.7656484115689077,0.32649166444671684,-0.09821782623315765,0.7871255812448225,0.34252284755709583,-0.0935148306214792,0.6254653883717937,0.3951901859168299,-0.10202655813194178,0.6571584300108788,0.3081773352520764,-0.18605614717875868,0.8450987875696554,0.16502774999956915,0.7861782647363118,0.7185088993730511,0.14258862700144806,0.33992184803374964,0.7833297386177922,0.13919382193423335,-0.10607739293604888,0.8003398035678453,0.15862005053781797,-0.07646191308291518,0.6133277586268493,0.109966621504126,-0.0755662153115729,0.6295492344906042,0.14486467738263464,-0.155806444071997,0.8316791263782584,0.27013590372785234,1.3649445084546261,0.7252363391167937,0.2521833750127923,1.617189997921823,0.6298494888008309,0.2640923251743097,1.4831837037072793,0.5481732236584104,0.41738748890722405,1.2904462340539933,0.7239855531223609,0.46601829110153337,1.047013905512132,0.8227560067200582,0.4521186192607922,0.9363977322021678,0.61816461146647,0.40927644813329583,0.9395402766393599,0.5286496133830427,0.3712114198267974,0.9358590950753761,0.46752633658840026,0.3632227252534903,0.899596885767485,0.5032400711374487,0.1114140400285436,1.2824638694013986,0.7839848234408635,0.07039638986532182,1.0298918988878976,0.8840017228057793,0.03858013817628706,0.9482016528405915,0.6445988086305494,0.05833173742236353,0.9393981769665268,0.5653817554810892,0.06823296265356706,0.9258617250067471,0.5042326241212238,0.06650466501516795,0.8734871149301958,0.5292412754133059,3.440677966101695
0.36092516546677494,0.7821295296355246,0.6999134995224624,0.34946211027241875,0.3449973463148309,0.7646856350201078,0.32674838890187485,-0.09838241023834031,0.7871583989685613,0.34276898790835475,-0.09136031239352868,0.6223740971361954,0.39542903861607476,-0.10058783199140493,0.6535901244081694,0.3087594866318934,-0.18726744400144207,0.8456779586408666,0.16489421224465903,0.7848106051149126,0.7186833046031383,0.14275372082016383,0.3393794393728333,0.7839374499640615,0.13965794256480737,-0.10701848959946626,0.8018038314417675,0.15800321160009195,-0.07621217990570904,0.6128324709511105,0.11006966388001432,-0.07372418830333462,0.626981749158348,0.1452584004055817,-0.15666155905126156,0.8324897076894565,0.27000892364342777,1.364409794570867,0.7250753428997745,0.25194797591636076,1.6168050477504143,0.62921776640724,0.26409883723789307,1.483209171035123,0.5481806638978238,0.4175542874257576,1.2899222764743252,0.7236287586739891,0.4652098320449746,1.0427243927038563,0.8214138970999302,0.450987711768481,0.9266547075848438,0.6149026666013002,0.4037671131317565,0.9181236262413585,0.5222030516440956,0.37165928003190873,0.9138037622095768,0.4666235921692929,0.3683237619650461,0.8784626419818288,0.506625491064751,0.11152728240179481,1.2814731140823918,0.7838758396587112,0.07080441765139447,1.027365223499862,0.8786640884894977,0.03718878312688846,0.9365930261777288,0.6419760496215449,0.058798114638460755,0.9160327055050754,0.5615781278420391,0.06651095994652359,0.9022676722984405,0.5054913251869663,0.059860708644954214,0.846127818930005,0.5408789316980638,3.457627118644068
0.360895056976968,0.7835707408993047,0.6971757037476669,0.34911855767171746,0.3456434512763087,0.7635086911108087,0.32693705229900155,-0.09850073366957764,0.7870615401380562,0.3433130290577367,-0.08992957177583526,0.620298765254182,0.395385074151386,-0.09942433192124103,0.6507781705404396,0.30927582750630234,-0.18833699528583525,0.8462043316478456,0.16461245847492378,0.7837679049203783,0.7187597560602756,0.14290239282730297,0.3390856168850971,0.7842348567842892,0.14011502023631503,-0.10784455879153797,0.8030912937252374,0.1577888060888542,-0.07606786254292072,0.6125672082485111,0.11015854717559107,-0.0724865027705696,0.6253403132822621,0.14561000202739674,-0.15757398390464025,0.8334283628242292,0.26994019037170336,1.3641687798864168,0.7248734040261076,0.25202945223344664,1.6164345743311088,0.6296503389352686,0.26409510272071546,1.4832164511292552,0.5482184029030105,0.4170695008464803,1.2896160297267663,0.7233655268548953,0.4644199776187471,1.037405111479973,0.8189266438479199,0.4495446379425586,0.918013794569541,0.6111135210686989,0.4005434380942238,0.9001777279341686,0.5161790089930415,0.37262540257205456,0.8934283620604985,0.46741397167153,0.37244636869209524,0.8592329770034002,0.5094857334642535,0.11149045444803315,1.2809073410376899,0.7833264082971465,0.07126723215704671,1.0269259378346394,0.8712853912490938,0.03656970872419046,0.9263210994864615,0.6405604076764243,0.06008451540089508,0.8966862751203255,0.554590082360284,0.06486063518620527,0.8809061408624934,0.5064247826632209,0.05315781784147766,0.8221249956210509,0.5533423501509342,3.4745762711864407
0.36076363894667896,0.7854226719043604,0.6943737402000623,0.3486850379422991,0.3466481691946002,0.7621421163054409,0.3270266040601169,-0.09856471019157717,0.7868225357831664,0.3440050424442711,-0.08933223213634855,0.6194453050535439,0.3951467792242034,-0.09867955110620799,0.6490901444051022,0.30971916528530763,-0.18934149048852736,0.8468184545437757,0.1642545133881375,0.7828377017470586,0.7189683177068215,0.14302114093863263,0.3389949144806399,0.7842186896378935,0.14050147185280526,-0.10858502469169838,0.8042499071030441,0.1578865158564488,-0.0760760905048836,0.6126485382983302,0.1102249150482899,-0.07161516210876047,0.6242356068068853,0.1459201017955144,-0.15852652843906506,0.8344716595577827,0.2700137201971377,1.3639889798508769,0.7249381287390981,0.25240609714423184,1.616210470849363,0.6310264363469513,0.264082704574202,1.483214279562117,0.5482801204113388,0.41612669160953125,1.2895487460567203,0.72318925697392,0.4638860671838753,1.032149443166988,0.8155261413485081,0.44832855844700836,0.9097756794961784,0.6079164548986428,0.39852851581958776,0.8858851604664784,0.5118177677032919,0.37364917627923794,0.8754079916630012,0.4703425457131215,0.3754527330000986,0.8421173466103044,0.5126800778441689,0.11145100165944608,1.280574490708832,0.7829161489452771,0.07130466365504814,1.0277385765789597,0.8629224908546669,0.03632850419975378,0.9171057552856112,0.6400400761318743,0.06213499154815774,0.8814687432794048,0.5457155960343698,0.06381170877945133,0.8625217340909509,0.5067601368526543,0.04734711096430348,0.802815434183977,0.5649024029046652,3.4915254237288136
0.3605142331062169,0.7874557437193536,0.6914884388377736,0.3481650403613889,0.3478153233416097,0.7606446282238736,0.3270066824844722,-0.09859127619596597,0.7864871252378154,0.3446330620274336,-0.08949379403020694,0.6197128366179678,0.3949161561787682,-0.09839145443233313,0.648568903398896,0.31009589682407257,-0.19038443311053344,0.8475957943647368,0.16386194556249428,0.7818831581337249,0.7195084206999277,0.14305059232869347,0.3390789038143921,0.7838824704804261,0.1407980996953497,-0.10927112171833075,0.8053284743020679,0.15804724428210748,-0.07617606691636981,0.6130070625990669,0.11029159037405006,-0.07067626378257817,0.6229970275488173,0.14619032383782837,-0.15951136661352372,0.8356060919205484,0.27014462035552533,1.3638271647476685,0.725103177857398,0.25303265786532025,1.6161339143637887,0.6330294219784299,0.2640599507081667,1.483226249515437,0.5483614760308761,0.41503826401331,1.2896438074568235,0.7230780151193308,0.46380562994515634,1.0276582482738434,0.811756607973855,0.4477846145250407,0.9015233180222189,0.6061253755533289,0.39659044486538536,0.8757874858580975,0.5092001897920897,0.3745054018932683,0.8605274579566038,0.4743432216120359,0.37747144670011623,0.8272713625742093,0.5162724190123562,0.11148800686071725,1.2803210819826747,0.7829283367491684,0.07084668559689827,1.029026989094159,0.8551732822722649,0.03617714179356575,0.9088938640991371,0.6401983392152636,0.06455073391337154,0.8702456812662258,0.537022432242819,0.06359676559986763,0.8478120985171279,0.5069417374497942,0.04322383698724003,0.7889633470291457,0.5738917773957989,3.5084745762711864
0.3601773363176498,0.7894176940528137,0.6886424232983825,0.347581222909879,0.3489586234103643,0.7591565126737938,0.32687714964879044,-0.09860588634322738,0.7861170579265002,0.3449718863328667,-0.0900819108227556,0.6205935206284923,0.39484698910965466,-0.09845274075930954,0.6488118789914176,0.3104396532686676,-0.19152496034418748,0.848561823376435,0.16341693073961053,0.7810150108121842,0.7202790734081884,0.1429399578625732,0.33935304309610065,0.7832028647778204,0.14102176038578376,-0.10990702016324254,0.8063316411362057,0.1580683677079031,-0.07614894954610762,0.6132403995883353,0.11035976556008609,-0.06959152875545113,0.621506050016666,0.14641851437017886,-0.1605016525465036,0.836812839008764,0.27015209653495886,1.363862231374192,0.7248698257917057,0.25386297993668483,1.6161188406069409,0.6353061249619547,0.2640258275314492,1.4832621986152335,0.5484544625224343,0.4140574677183849,1.2897806211693008,0.7230032561716815,0.46420454972591235,1.0240642025655617,0.808144738992478,0.44814297494849925,0.8933059616016825,0.6060929583033453,0.394109838830809,0.8698359554896538,0.5077728904859224,0.37513728851768785,0.8493191090729478,0.4774038235952144,0.3789154534997473,0.8149404997163247,0.5195614898404439,0.1115340834485559,1.2801862330405016,0.7830969440124602,0.0701461743329869,1.0302692580108224,0.849353540423079,0.03608930857061182,0.9019207859110798,0.6408895957292988,0.06677560278563524,0.862500031826439,0.5306915976358926,0.06414855521859812,0.8368939362236941,0.507753529961464,0.041126937348331505,0.7809083645754793,0.5787654345248637,3.52542372881356
0.3597718390654706,0.791210760472215,0.6861889420983619,0.3469864408685524,0.34999102814659344,0.7578288367825312,0.3266635295856431,-0.09864381138347618,0.7857870001251631,0.3448680542915261,-0.09074209597412003,0.6215440970579204,0.39491098130551583,-0.09867695216823291,0.6492253291320498,0.31080122072959526,-0.1927155659053193,0.8496294255963655,0.16287045755669213,0.7806203049593299,0.720851353909459,0.14270043780713362,0.33985635256093205,0.7822085143575346,0.14118968814969157,-0.1104772644812427,0.8072325680309739,0.1579207439370739,-0.07577669182087043,0.6128053407823318,0.11041263186933009,-0.06870324514874337,0.6202786299545621,0.1465990362506915,-0.16142875309855917,0.8380542978759734,0.2698407983484839,1.3642973399951066,0.7238496528702092,0.25478952820183864,1.6161234426373927,0.6375749924286493,0.2639812452422458,1.4833187453107142,0.5485497534481261,0.41335138270081506,1.2898854485360378,0.7229442208772461,0.46488316278084596,1.0211968496013264,0.8048869660742796,0.4493545374809801,0.8856528712741897,0.6076810948592587,0.3911362374571834,0.8667504460314139,0.5071135988092421,0.37552221499471183,0.8416455482282842,0.478502974612277,0.3801571876713563,0.8055910491451045,0.5219018740479082,0.11144241337520655,1.2802709165306418,0.7828474118134865,0.06945170845891063,1.0311692647964603,0.8459783507930008,0.03613958721237613,0.8964962132586527,0.6418863054407666,0.0684999657109515,0.8571861761112869,0.5280182024426838,0.06523974460897941,0.8293403319711505,0.5094878881535976,0.040826788070095626,0.7781799467531797,0.5791486865349451,3.542372881355932
0.3593205001895931,0.7929393980093014,0.6845525261308387,0.34644705545561144,0.35087969954037534,0.7567440445599438,0.3264217193882534,-0.09873412050856026,0.785559604585943,0.34434355460537097,-0.09137396403539647,0.6224103955356688,0.3949993167694549,-0.0989148769878822,0.64946586932488,0.31119291912048586,-0.1938141258686668,0.8506248839101151,0.16222156247726052,0.7811228482823496,0.7208154448655605,0.1424072010673592,0.3405495080776982,0.7810530783544457,0.1413050902240422,-0.11096004001550834,0.8079953649176398,0.15767307302859251,-0.07508884132649538,0.6115633835119126,0.11045104381469284,-0.06829099442763109,0.6197207499886924,0.1467199269201221,-0.1622052888258189,0.8392788934720673,0.26908021080907263,1.365198800752922,0.7220280871097062,0.25560491612062486,1.6161647447378744,0.639746210902266,0.2639280645957469,1.4833865255008731,0.5486388849450088,0.4130039265524128,1.2899491028370762,0.7228911603738323,0.4655792526245095,1.0188228009622784,0.8020191534508577,0.4511142656807755,0.8792511783897481,0.6102725511492069,0.3880337001275991,0.8647809784042306,0.507037959794219,0.37564522642300535,0.836700734198147,0.4783816263697596,0.38131200599132614,0.7994751936285404,0.5231581869602718,0.1111187301947566,1.2805819744036289,0.7817807545384461,0.06888936370261724,1.0316708782230883,0.8445622198685137,0.036296451993802104,0.892687801705011,0.6427867828319883,0.06980831057560297,0.8531626329332493,0.5288107974410654,0.06653718630085143,0.8245426678686583,0.5116520111610473,0.041726579153852,0.7791552910651848,0.5763762322915202,3.559322033898305
0.3589160713831233,0.7947470325019415,0.6838997952931334,0.3460266984641619,0.35159427927934106,0.7559563017990535,0.32620099051892615,-0.09886598114201531,0.7854393315397574,0.34359023112762854,-0.09203896359357776,0.6232918797232048,0.3950616171644517,-0.09908016830033764,0.6495689408960882,0.3115548509603855,-0.19470317712213256,0.8514541910452711,0.161554632139643,0.7827108053245739,0.7201007964933284,0.1421332929521529,0.3413330742811523,0.7799519896695131,0.14135967560694868,-0.11133382709412541,0.8085850959711531,0.15735895023158306,-0.07433537651456866,0.6099530408531294,0.11050115630840786,-0.06833469943164427,0.6197809996900462,0.14676169208858325,-0.16279951924551506,0.8404393877067677,0.26787407699677424,1.3664746221632278,0.7196728648000004,0.25604332453179784,1.6162429270669496,0.6418781496364943,0.2638704175445824,1.4834541983117628,0.5487122461808406,0.4129353838705773,1.2899879681775692,0.722828600390662,0.4661326645251659,1.0167658189431321,0.7997687042661376,0.4530183305680246,0.8743707869646079,0.6130789777095296,0.38526759809468064,0.8624926235976156,0.5074022501322062,0.3755580392460992,0.8333991274797813,0.4783061758714868,0.3823291930434001,0.7960663003191618,0.5234738734398885,0.11058536435187367,1.2810413541138808,0.7799339204792028,0.06851455872862887,1.0319830677442474,0.8437542127224873,0.03643644344436549,0.8902121221658152,0.6431983909665375,0.07100860130684697,0.8497537461568226,0.5315498645780827,0.06777257603062097,0.8218343691547949,0.5134268134969489,0.04316148893115408,0.7815221223347378,0.5725018269149211,3.5762711864406778
0.3586808607486038,0.7966154546918104,0.684043620069555,0.34577191670902196,0.3521222672298614,0.7555306961666413,0.32600240168944433,-0.09900651492110883,0.7853999266625211,0.34280604908892265,-0.09272637696479044,0.624187298222214,0.3951031695378717,-0.09910729757424283,0.6497298671143971,0.31180922792657983,-0.19540132884082692,0.8521719179368265,0.1609724235267117,0.7852338720398307,0.7188957034904422,0.14189438780317756,0.3421634712715309,0.7790448049192088,0.1413371444814545,-0.11157527876575918,0.8089617409032596,0.15699701761131712,-0.07375984326820904,0.6085654717482509,0.11058219749887088,-0.06881398858530441,0.6204329485556979,0.14671410757684392,-0.1632837045860081,0.8415080218349071,0.266365360197003,1.367880970761097,0.7171471019393618,0.2558799813176626,1.6163289282532205,0.6439709198108423,0.2638186924918871,1.4835111969039998,0.5487596907988241,0.41288828119724197,1.290017882462311,0.7227381549387033,0.46646996299878896,1.0149855840691124,0.7985589765770951,0.4547102429635522,0.8706435445976106,0.6154985169333831,0.38336074075801063,0.8590203784264021,0.5078749005885219,0.37538710046606705,0.8306928085973658,0.4787564349584511,0.3831704512185379,0.7941661830422784,0.5229257155454468,0.10994613465950842,1.2815119349862278,0.7776812244766302,0.06832088193539153,1.032414695188269,0.8422326234181587,0.036481072489363504,0.8885957171701481,0.6430633971615858,0.07226721252255902,0.8466511031198323,0.5346584405840898,0.0688958013138053,0.8204191010917874,0.5143317296807314,0.04464426298056264,0.7834594461901673,0.5689105508260712,3.593220338983051
0.3586604276248575,0.7983762330312858,0.6847004517902993,0.3456708388891092,0.35249360373655925,0.7554631394347319,0.32578756974592393,-0.09912658837326555,0.785399728901685,0.34208445437165075,-0.09333335448178826,0.6249603500982542,0.39514150997868475,-0.09895926778481637,0.65008561653566,0.3119206230334373,-0.1960195004572236,0.8528862051157774,0.16049882573019653,0.7882923197303034,0.7173785211167008,0.1416704682366778,0.34306992068822645,0.7783488250154335,0.14122081154858818,-0.11165830170495837,0.8090773837067687,0.15671310128074384,-0.07349835892811127,0.6077900237669098,0.11069075881452808,-0.06982416204104117,0.6218484540020652,0.14660707378362842,-0.16377966237083966,0.8424740133037463,0.2647711704931852,1.3690569219492206,0.7148150651792118,0.255060113952555,1.6164266565022198,0.6459704900556389,0.2637944651261193,1.4835505872518915,0.5487763006545111,0.4126155082133654,1.2900412046003995,0.7226585931146587,0.4665690887010105,1.0135128659019417,0.7985788991857077,0.4559399565754839,0.867471975027445,0.6170933209639458,0.3825210360840099,0.8542907058850624,0.5078102976273129,0.37530606753943424,0.8276814328185571,0.47948120897454005,0.38389788332344327,0.7924930610960714,0.5214968659852954,0.10930663222270545,1.2818228389004191,0.7754381534356641,0.0682169159044828,1.0331497716232128,0.8394854048999663,0.036448256287352855,0.8873799870811098,0.6426658470117816,0.0733034469866324,0.8434709934661038,0.5376604497430055,0.06988980157936224,0.8194367211670264,0.5143848420809285,0.04599390805110948,0.7843625661084761,0.5659012758189442,3.610169491525424
0.35880480257946096,0.7998900343265062,0.6857172236193045,0.3456306475128366,0.3528231649524698,0.7555916031834241,0.32551660621177336,-0.0991594426352804,0.7852767914843112,0.34146309391532575,-0.09375297257387605,0.6254692377852826,0.395203003172995,-0.09865682633538943,0.6506825803409467,0.31188168196624566,-0.196648980301424,0.8536723224709657,0.16005296999470378,0.7914075474171124,0.7156627761333763,0.14145299625442254,0.34406125118747044,0.7778267442163966,0.14101500146997978,-0.11157353619996872,0.808911500236389,0.15670100579535232,-0.07361594930922905,0.6078134622152862,0.11081421042034814,-0.07136160136027501,0.6240399150037156,0.14650988664270778,-0.16435116520881987,0.843330055917278,0.2633174583517286,1.369664400401408,0.7130242376003463,0.2537545116740619,1.6165951187621377,0.6479501011266597,0.26382749097852426,1.4835703826613948,0.5487651542613613,0.41206158680362226,1.290039306355549,0.7227363818340029,0.46651066750616343,1.0123228779739182,0.7992822240057924,0.456617293563795,0.8644901427344432,0.6174125618812516,0.38244588034748,0.848772650509893,0.50666241835152,0.37551525821015075,0.8237422420260792,0.480250361554292,0.384622108418731,0.7901165114561906,0.5193644791708326,0.1087066250995202,1.281872786800855,0.7733793546175888,0.06801168097524893,1.0342067690464434,0.8355929364582324,0.036411852317475436,0.8861624301108769,0.642296407013546,0.07353043637769383,0.8396734269223282,0.5408346359156203,0.07054262522796295,0.8182166501920816,0.5137888768315442,0.047173543338642,0.7843560488596598,0.5634042577931926,3.6271186440677967
0.3590321354858166,0.8011979141978227,0.6869623232792501,0.3455328130714485,0.3533514554959172,0.75565691725874,0.3251723708712238,-0.09899681625783781,0.7847454350995338,0.3409606843257965,-0.09390870456392125,0.6256132526418036,0.39532523244340734,-0.09824301751120687,0.6515365028546863,0.3117024325482504,-0.1973241856059337,0.8545484708520086,0.15951151338610367,0.7942015343481892,0.7138836469184939,0.14125631890743656,0.34508156433391124,0.7774710250288965,0.1407782954551024,-0.11137257130931395,0.8085479540462519,0.1570632384887932,-0.07414210994210156,0.6086992642770703,0.11093890957000035,-0.07323320266848948,0.6267218291381028,0.14647591260400972,-0.16496718208801983,0.8440773370890723,0.2621969636154803,1.3695740231899183,0.7120652061769843,0.25225876966871175,1.6168642504137933,0.6500256304203613,0.2639194602950403,1.4835733624106935,0.5487348042967148,0.4113037705587014,1.2899933523755818,0.7231060234508393,0.4664977397082597,1.0113728203414407,0.7993959967982932,0.45678844463993634,0.8616155165876075,0.6161123035389369,0.38278218330531744,0.8426801323556588,0.5047459459982413,0.37616666317287634,0.8186674831150682,0.48105799755366263,0.3854338139303135,0.7865872641850925,0.5170336440747273,0.10813531734451673,1.2816890439440556,0.7714727876075078,0.06741103464344941,1.0355020044364378,0.8307116242554428,0.03646326523941287,0.8845133185526051,0.6420025623677568,0.07261632739351717,0.8349420773466356,0.5440828132603721,0.07061688704768063,0.8164790467981374,0.5125671780102619,0.04796826251012079,0.78347491492797,0.5617316246087172,3.6440677966101696
0.35925785965636864,0.8025551048623965,0.6880868265808665,0.34532621444495726,0.35434812421865425,0.755508247740261,0.3247854186774469,-0.0985713971524253,0.783622258383047,0.34052926756326196,-0.0937700427098914,0.6253445203420912,0.3955138967804597,-0.09774371870459728,0.652566435344795,0.3114536302188497,-0.19802563477645282,0.8554594983815832,0.1588094712559311,0.7966056899893236,0.7121736163614336,0.14110422120995442,0.3460725339709344,0.7773208408624488,0.14062345998986286,-0.11118693510350573,0.8082042690909962,0.15776271077877757,-0.07503356416236566,0.6103586064763723,0.11105071375720946,-0.07514194635787552,0.6294689637841192,0.1464993516831734,-0.16558740057944618,0.8447443905786169,0.2615208234956471,1.3689419214190617,0.7120038833959554,0.250843095124686,1.6171435872149171,0.6520795434558174,0.26398990677959466,1.4835655798771554,0.548695083411726,0.4103949165570324,1.2899416020540801,0.723552160989362,0.4667659021079389,1.0107119977220205,0.7975806311018818,0.4565161912243365,0.8588365028584007,0.6132937470365155,0.38346810360005407,0.8357528888175005,0.5031538485715136,0.37725101523244353,0.8124535908966861,0.4818083961724055,0.3863859595418758,0.7816977088864396,0.5150249107762164,0.10760731060356084,1.28136451540021,0.7697583620675862,0.06616059318510888,1.036932282689138,0.8249036728695331,0.036671343442625313,0.8820173287526508,0.6415639889636318,0.0708202020194146,0.8295662321087889,0.5464544436129826,0.07009039903916206,0.8142840754185282,0.5105945344714691,0.04794884007185676,0.7815411543101514,0.5613463426696941,3.6610169491525424
0.35937213824967873,0.80425138927766,0.6885691209817829,0.3450445946854621,0.3558985063195068,0.7552163431985857,0.3244422458520433,-0.09790750306836803,0.7820160414393331,0.340061888833318,-0.0934055037275782,0.6247300201151571,0.3956784524473462,-0.09721052082775561,0.6534049582062875,0.3112780967343201,-0.19872048764584074,0.8563435441293511,0.1579805532367932,0.7988601966427118,0.7105982735303119,0.14101139638020704,0.3470283789177023,0.7773970319433785,0.1406366777230898,-0.11116220877517337,0.8081188282244867,0.15868391911150828,-0.07608914275043406,0.612425326323265,0.11114036403973918,-0.07686459997743537,0.6319688984335602,0.14654719935458013,-0.16628690177731761,0.8453868569182248,0.26127916008223906,1.3680915134668585,0.7125227310775724,0.24969625499815487,1.6172831978732642,0.6537548172147988,0.2638990292002113,1.4835534606168355,0.5486529557303457,0.40937562986159215,1.2900097665307932,0.7233277755154341,0.46745939474495535,1.0104408967559448,0.7931731788950931,0.4558909556758711,0.8560104690737933,0.6096230191230214,0.38446633045557443,0.8278166468802323,0.5027436824418532,0.37860365215780534,0.8048128959526972,0.48244204852253475,0.3874500560783177,0.7750456757431987,0.5135841968340735,0.10714162548405207,1.2809905303316402,0.768284812987249,0.06431464709894952,1.0384775610386268,0.818094926493715,0.03698126689995829,0.8784803649123749,0.6405542170165732,0.0687161218378644,0.8241493805746013,0.5468774909465136,0.0689472329876063,0.8117172365435661,0.5082245040942291,0.046783559121908416,0.7784120576091551,0.5623403212343563,3.6779661016949152
0.35926442050131613,0.8063448199495802,0.6880751141194013,0.344737788456211,0.35781702388430564,0.7549624789798105,0.3242347527005988,-0.09708765434246332,0.7802456706983364,0.339529347382135,-0.09304465867097644,0.6240528744178502,0.39566257749693945,-0.09671475328401125,0.6534930783672455,0.3113161733853513,-0.1994368029476156,0.8572490471681169,0.1571218484385393,0.8011666235957593,0.7091846748138346,0.1409693074454992,0.3479784878356084,0.7776598642237733,0.14079378294947983,-0.11135428086310417,0.8083810738275469,0.15970560149134194,-0.0769902573710508,0.6142721038959819,0.11121007776516373,-0.07841977789895709,0.6341827090753398,0.14660962775204628,-0.16723428985223257,0.8460475272305353,0.2613610686827078,1.3672821502224661,0.7130961011161906,0.24893101733809722,1.617236484403321,0.6547318823852295,0.2635651672920021,1.4835410968729397,0.54861259423695,0.408396688311103,1.2903263652552492,0.7216210382551507,0.4685672563635754,1.010549449362795,0.7864607146695133,0.4551295816537897,0.8528556109077435,0.6060535261522983,0.3854876984141351,0.8189647733480045,0.5034896827240791,0.3800137177496873,0.7951305708453454,0.48325985848306907,0.3884506016271896,0.766117717680102,0.5128014305419879,0.10664825349631993,1.280645787287559,0.7667209858795538,0.06226084933545855,1.0401394024732076,0.8102343911647842,0.037121706654211446,0.8740232450819501,0.6385851949032648,0.0666775002966088,0.8188077571344238,0.5453788144837028,0.06683255504944272,0.8083454032819154,0.5068224883257317,0.04452090711565379,0.7738739610253579,0.5646593857129047,3.694915254237288
0.35889780294092904,0.8086356580912237,0.6867402216630046,0.34443117567343445,0.3598040371457889,0.7548821242874464,0.3241884716712979,-0.09619329846637328,0.7785716154354951,0.339101263608557,-0.09298914861964712,0.6237579717291339,0.3953749802806551,-0.09623344306805394,0.6525522687226472,0.31159701449987987,-0.2002120266909959,0.8582168998847481,0.15633915323170325,0.8034596662092073,0.707959692965611,0.14095163142650993,0.34894200116040824,0.7780690539907462,0.14099014493476866,-0.11168827248314973,0.8088686736473645,0.16073827140762126,-0.07754234604771792,0.6153992025684419,0.11127357454980108,-0.07995736817288104,0.6361417253168543,0.14668500496714737,-0.1684810971839094,0.8466814019602649,0.2615992176645116,1.3665830056438952,0.7133816983207175,0.24857808326062625,1.6171030847289978,0.6550017129723313,0.2630449990335707,1.4835295314672707,0.5485812632820585,0.40768321989353234,1.290884958247295,0.7183318648803124,0.46994830564566525,1.0108689704306797,0.7784256426461811,0.4545051123176498,0.8491306380973962,0.6034229720007878,0.3861360783356905,0.8091470730336183,0.5046605630009559,0.38130647050277977,0.7829926619649443,0.48468852344126057,0.3891393078533233,0.7548794723534545,0.5128233842507235,0.10595382870049225,1.2803911923950768,0.7644556008283757,0.06039185621341951,1.0417377554167684,0.8016669640125542,0.036720810618454794,0.8688934270815413,0.6357305240780072,0.06464572944291408,0.8129154941732082,0.5432940113582398,0.06319357917403547,0.8028468781489808,0.5083285398239052,0.04155288148913444,0.7673214444271882,0.5684889376816793,3.711864406779661
0.358327785819544,0.8108665393660555,0.6850396800999244,0.34412902155615294,0.3616898179303135,0.754983816996852,0.3242455079329643,-0.09528435976266425,0.7770128202239839,0.338999564074289,-0.09328027466825739,0.6240480323172516,0.39483153612860333,-0.09561874220306833,0.6507554772108695,0.3120050073091843,-0.200964482142467,0.8590467473352438,0.15568196137762091,0.8055565685557393,0.7069443154560535,0.14092903517528715,0.3499071830581698,0.7786146194481561,0.14113430120946568,-0.11201195344768977,0.8093367828379625,0.16168469570801636,-0.07781961881256097,0.6158094999247963,0.11134744691694096,-0.08148773452602959,0.6377217794011079,0.1467382189592251,-0.16985908888125495,0.8471698083801856,0.2617968115940059,1.3659470219057366,0.7133640495799872,0.24859274066118492,1.6169925392749904,0.65492429304008,0.2624886586807865,1.4835179999060797,0.5485713146719738,0.40731675001297823,1.2915375109611436,0.7141952633898054,0.47139996222124064,1.0112083500119011,0.7701700522082855,0.4541996755943042,0.8447472093794557,0.6022274586577867,0.3862038363507143,0.7981066311021686,0.5053273969603209,0.3824322366452685,0.7685479518708577,0.48693462392290454,0.3895524718252381,0.7419197597503563,0.5139459918095575,0.10498666758207684,1.2802493917793183,0.7612401001357243,0.058844275499200474,1.0429311368509815,0.7930046791787593,0.03562200127653736,0.8631603897892143,0.6326130243949605,0.06230952159821486,0.8056989099588985,0.5422850131392789,0.05780129883772718,0.793591888756239,0.5141137724524127,0.03841202999361072,0.757921873852574,0.573930430682668,3.7288135593220337
0.35765747881386867,0.8128954020966788,0.683398986434847,0.34381416667210496,0.36351301356901367,0.755135185102666,0.3243286853926182,-0.09441664850505106,0.7754432458060454,0.3391612182014262,-0.09352476045327893,0.6245336939710191,0.3940464135314943,-0.09467525031196002,0.6483136486237985,0.31238239478171564,-0.20154048063152483,0.8594132207154421,0.15512320708277597,0.8073560891151133,0.7061228887619128,0.14087257308179138,0.3508821248467471,0.7792312203940188,0.141190113662609,-0.11219742517363873,0.8095806475128743,0.16240166732808883,-0.0779930389449352,0.6158065057236498,0.1114454676303542,-0.08289561069485991,0.6388572799929524,0.14671461167200267,-0.1711591353933347,0.8474615769806408,0.2617905156722868,1.365306302977497,0.7132118588108843,0.24887123397993116,1.6169026079169142,0.6549496836623121,0.262007795139009,1.483505686488017,0.5485917093661099,0.40710373206802364,1.2921244218072865,0.7101652594206522,0.4727053008775282,1.0114612422207692,0.762348598067814,0.4542849165759102,0.8396455831839735,0.6025998263542345,0.3857817180570043,0.7857057768368124,0.5049536824735593,0.38353736498791685,0.7523610849014983,0.4899999320718975,0.39042989462668903,0.7279476753250209,0.516775121791758,0.1038699654578289,1.2801764003673273,0.7574920498653951,0.057570615372854225,1.043457966773781,0.7846084078519793,0.0340252620902714,0.8566732721255794,0.6300240845609021,0.05941870118068045,0.7968821352586746,0.5435524726244153,0.05101454061649428,0.7799191720080186,0.5242270479687174,0.03560661391897283,0.7453221780730515,0.5806277957818916,3.745762711864407
0.35699018206763156,0.8147454386767659,0.6819888448947105,0.3434492447502155,0.3653855122938683,0.755128953718001,0.32441700619484726,-0.09362904672367883,0.7738459799135674,0.33922117386371553,-0.09327969138598077,0.6245042284334517,0.3929806181792792,-0.09326528058033902,0.645197431373904,0.3126504291327194,-0.2018607668961416,0.8592082418419448,0.15461070239561742,0.8089099920233913,0.705377828554217,0.14075863771820366,0.3519761504761993,0.7797572980307786,0.14116055219173296,-0.11219760478597535,0.8095244832305419,0.16280428565073068,-0.07811401898131495,0.6155644731872351,0.11158101812077073,-0.08408470125317316,0.6396656185235043,0.14658252178055944,-0.17231339052415134,0.8475991692840062,0.26151151510583254,1.364606760045287,0.7130711695039729,0.24924254703348492,1.6167653808333269,0.6552208103770873,0.2615464100323375,1.483493308994799,0.5486378542450462,0.40671857508295417,1.2925593307728773,0.7069293743497562,0.47367290811319984,1.0115614190604156,0.755120531471041,0.45476357358575137,0.8336799439418059,0.6043026195802322,0.38515082482603397,0.7719589462396129,0.5038802038319845,0.3848660605617207,0.7351260062015837,0.49370385487782165,0.3931091015766045,0.7134059328326059,0.5221607469478278,0.10283673735322646,1.2800631673315241,0.7539698721527957,0.05650278080881985,1.0432178220853763,0.7767053463846314,0.0322602008210432,0.8493961600170953,0.6285749070439918,0.055898260993463275,0.7866274673525726,0.5478543169044275,0.04361033990407928,0.7627041507105647,0.5374881687010217,0.03335426510132482,0.7300991856077477,0.5881035988656539,3.76271186440678
0.35639221953155736,0.8165392620489186,0.6808076721819315,0.34297328279108963,0.36734780418189017,0.754771815683253,0.3245510867510966,-0.09289623127054174,0.7723524569947312,0.3388853444193038,-0.09249611579286808,0.6235055498360892,0.3916462605360776,-0.09142079156791987,0.6414120458332325,0.3128174661476897,-0.20192026986357522,0.8585405060650152,0.1541160751658831,0.8103975451417886,0.7045362271713396,0.14059432433071042,0.3533513203121197,0.7800455889747819,0.1410606346323873,-0.11202367913441992,0.8091856688701872,0.16293977484839284,-0.07807957905816876,0.6150082455762297,0.1117515389053115,-0.08493779079438298,0.6401591837969918,0.1463415349339546,-0.17337161763592998,0.8475854671971723,0.2609525519758963,1.3638970139773694,0.7128914134505602,0.2494622768616948,1.6165651247939912,0.6554580397711658,0.26086608323774957,1.4834835100388442,0.5486888813671836,0.40593684967501553,1.2928120909958158,0.7049266220745558,0.4741940340015792,1.011391266068844,0.7485657900578877,0.4555791326543077,0.8267463044919616,0.6066628425081495,0.3845944430950289,0.7569271864509881,0.5031278689279669,0.386570460327069,0.7175949560357311,0.49759092890671786,0.3987134380082572,0.698629297410909,0.5305743269445601,0.10206510870552998,1.2798403527475233,0.7512001483634567,0.055547308274519765,1.0421689597212491,0.7698577912414235,0.030520462449709455,0.8416281333782977,0.6285625969293787,0.05174739725941947,0.7749241144878801,0.5556655815849925,0.03651246692710276,0.7437548960649165,0.5519854848813726,0.0313057955088895,0.713497507163085,0.5962115272327317,3.7796610169491527
0.3558737161468889,0.8183723888531187,0.6798084647485259,0.34230747733021766,0.3693458184559039,0.7539352603089517,0.3247837589445999,-0.09214095599750986,0.7710115753697556,0.3381458609068012,-0.09142900513951693,0.6215631138976812,0.39018667742069607,-0.08934405967897016,0.637304127360482,0.31292558415081534,-0.20168552848163915,0.8573796231902386,0.15364492612827543,0.8119830708355718,0.7035447752957644,0.14042365433260356,0.35502539252262133,0.7800632631495542,0.14090240922672642,-0.11170341883343174,0.8086090062752023,0.16285138775382457,-0.07775260863311638,0.6139729895189986,0.11189834119916442,-0.08537224248175149,0.6402196344084086,0.14600592992966346,-0.1743876245765162,0.8473457212585113,0.26012626944590944,1.3633776164431473,0.7124538490763596,0.24923893388500534,1.6163724387460607,0.6551963627481403,0.2596866660507832,1.4834778709638254,0.5487144033630575,0.40469756743007335,1.2928782598170845,0.7044511515725664,0.47425776095584227,1.0108227655601296,0.7427799793643333,0.4566364808380906,0.8189690892529023,0.6087433992741299,0.38429590600423624,0.740916237924327,0.5035501941330364,0.38863735803028376,0.7007445202793365,0.5010449183356611,0.407373180187818,0.6842588246835984,0.5416663378961933,0.10153099085201006,1.2795927050700264,0.7490773599108851,0.05448254795799883,1.0403431095613598,0.7646884171154209,0.028821225398575394,0.8336808687688906,0.6301288015234734,0.04703896756861282,0.7614490559127315,0.5668872802475685,0.03050487253487378,0.724894326940076,0.5657794381850181,0.028671580486201085,0.6968326171856837,0.6052746716182582,3.7966101694915255
0.35538997701091707,0.8202402913973275,0.6789573421622774,0.34138727455206247,0.3712889674807376,0.7525748213452164,0.3251247907159187,-0.0913083703214672,0.7696885882304323,0.33716964377288894,-0.09033886532833801,0.6189730828559685,0.3888317738925342,-0.08732146777935436,0.6334984679697686,0.31300966395344076,-0.20108160681947052,0.8554626228012296,0.15320685320753377,0.8136598543331782,0.7025109788491715,0.14028062896166793,0.35676135099761097,0.779847401651882,0.1406926854642593,-0.11126156034868537,0.8078355215457301,0.16250137661013603,-0.07722205509920774,0.6125389330776543,0.11190047254438354,-0.08555340378661082,0.6399846962927462,0.14559345491061193,-0.17534323337625224,0.8468182073439761,0.2590639010952085,1.3632768689925692,0.711554773980418,0.24831116762728772,1.6163063471104249,0.6541444863933479,0.25784239192622077,1.483473174500676,0.54868726896128,0.4030416257355218,1.2927740583272143,0.7054813850481012,0.4738950213575619,1.0099383099088872,0.737621026589942,0.4578055020168399,0.8107569498943665,0.6098856814420179,0.3843858161568371,0.7247228038970129,0.5053692896590254,0.3909254559759513,0.6858063479417059,0.5036364236728994,0.41825303890221166,0.6712816700310794,0.554540370769357,0.10101941243564001,1.2794750752459478,0.7470962169404576,0.053001962769917366,1.0379882813705987,0.7612199402723412,0.027043946038451627,0.8254973600475523,0.6337044269421748,0.04218062785408172,0.7462056421415243,0.5804878027021564,0.025894061852656088,0.7073443066725588,0.577840559965647,0.024735718976197973,0.681168325551181,0.6159016211023829,3.8135593220338975
0.35484415017047505,0.8220268039156897,0.6782720286170387,0.3401953173172089,0.37311083475031026,0.7507254881538015,0.3255148336107352,-0.09040920917181337,0.7682591638807114,0.3361399589050743,-0.08942887735305666,0.6160150620438648,0.38781031477033046,-0.08571659831864753,0.6306156467395075,0.3130613275985927,-0.20009470732730325,0.8526896827986378,0.15277210200637598,0.815250266499462,0.7016017577535125,0.14015272294053027,0.3582061914469215,0.779435167653113,0.14043684069894255,-0.11071635399968795,0.8068967510927256,0.16188419430095918,-0.07697000781150423,0.6112063111501386,0.11165372805281301,-0.08590232356761364,0.639981836850575,0.14512287787453493,-0.17614713114856073,0.8460049671112873,0.25777290834340666,1.3637089701412188,0.7100146441422117,0.2465788381869593,1.6165111258122082,0.6523785636490785,0.25532792850752006,1.4834627313442768,0.548594212957425,0.4010891603379738,1.292535389440148,0.7073947543160508,0.47312778608657413,1.0091075052528304,0.7328101276847938,0.4589000752251231,0.8027002523471821,0.6101009811320253,0.3850204989912022,0.7094584138886423,0.5087203860093716,0.3933560853708543,0.6736361257528757,0.5057079152116167,0.4301436858702712,0.6603940245884845,0.568236496967631,0.10031213846834361,1.2795120940265063,0.7449781441677931,0.05101331278604826,1.0356145259175717,0.7587486302273443,0.024945497140951997,0.8168742217268654,0.6399977059501629,0.03803348111222847,0.7299249328910026,0.5948417098777835,0.022310693403975422,0.6915568054147161,0.5886360333292655,0.019229695085971475,0.6674025037598847,0.6283196611453391,3.830508474576271
0.35409878744656303,0.8235268796586497,0.6778128754131179,0.33878321531227296,0.3747865805954166,0.7484764733667859,0.3258559814221581,-0.08951178845880325,0.7668041408739718,0.33516697000867457,-0.08892592602303152,0.6129917935170377,0.38726512895206977,-0.08492780834589281,0.6289827921897934,0.3130249782635201,-0.19883132447809412,0.8493961255440947,0.15226639582914084,0.8165513473223125,0.7009522895800437,0.13999861952801412,0.3591598965655711,0.7788745219645687,0.1401418263026591,-0.11008299741440461,0.80582054114837,0.16110371439266286,-0.07766981798451468,0.610683250371095,0.11115725045611002,-0.08694653987386278,0.6408552805755503,0.14461519325706268,-0.176698556381702,0.8449389778518356,0.25624582083050323,1.3646231293777977,0.7076415643701797,0.24417917264533232,1.617106289545271,0.6502500948389927,0.25229700685340933,1.4834407098283426,0.5484398313280407,0.3990926628039766,1.2922067567848772,0.7091185012728802,0.471990270462975,1.0086901421535892,0.7283573251694718,0.45976672652289285,0.7953623087752494,0.6098594905745494,0.3863700228749811,0.6958505981660807,0.5146263066928299,0.3962047485031418,0.6639303886631561,0.5089445526220456,0.44185701428002544,0.651422864858057,0.5820604155218143,0.09932125945298224,1.2795342987876057,0.7427937272648175,0.04887663101992922,1.033833438150082,0.7561769991568659,0.02216351135653267,0.807963344545219,0.6493119461856784,0.03543278158130933,0.7137095361028227,0.6086726123737844,0.018856498702938995,0.6775487011958314,0.5997331875777165,0.012283726132153464,0.6562270066008224,0.6420238202437996,3.847457627118644
0.35301220170325603,0.8245846622574369,0.6775880755864344,0.3372501677581792,0.37634332370696233,0.7459360102087885,0.32607356885113487,-0.08870456606731354,0.765555731447797,0.3342800234861309,-0.08912745103736003,0.6106409944970861,0.3872185450311104,-0.08515289970362758,0.6286268817857132,0.31285698808129986,-0.1974414006591128,0.8460803275259867,0.15159857543708977,0.8174384706271194,0.70064651937771,0.139767978414253,0.35970403818911784,0.7782399528217279,0.1398160057336216,-0.10937818309014005,0.8046388076194153,0.1603225999307935,-0.07976960827349765,0.6115340298405163,0.11049537114610916,-0.0891629576237673,0.6430265409851221,0.14409398545054927,-0.17695038994830137,0.8436505386160555,0.254538776757826,1.3658020063425758,0.7044216280495768,0.24139057695175775,1.6180609883435602,0.648108614198783,0.24904119365396066,1.4834022587559952,0.5482413329613225,0.39741689548766734,1.2918088265489651,0.7098686784719057,0.4705814808279064,1.0087519249065713,0.7246742174573597,0.4603962255105639,0.789149959478416,0.6096732356311587,0.38853847935386915,0.6836574732876984,0.5248737798139055,0.3999965621467878,0.6555258964538564,0.5158006731610543,0.4522996301376164,0.6437404170944805,0.5956210417514839,0.09806569791613653,1.2792947161662689,0.7405810072387546,0.04712372190855997,1.0329871324926791,0.752718832233243,0.018298988833734164,0.7993560880991593,0.6611483719720788,0.03448084913445741,0.6984991079526696,0.6217722443458078,0.01459060347187186,0.6651957352417768,0.612670186396088,0.004314109842698475,0.6478239791494654,0.656203330313756,3.864406779661017
0.3515025918647569,0.8252246529460782,0.6775361489107958,0.33566622669763835,0.3778586281490227,0.7431963841002813,0.32614352398539936,-0.0880491872140413,0.7646989605018906,0.3335519125312184,-0.09030725435938156,0.6101600458090312,0.38763111603088574,-0.08624428138967988,0.6295429857911804,0.31257536680362186,-0.19603141033468954,0.8430719477445031,0.1507017627440281,0.8178393805298972,0.7007954232954057,0.13939920969188488,0.36004704511565494,0.7775870800613917,0.13946766182301573,-0.10862080289920797,0.8033873146638592,0.15967396115363047,-0.083288806946371,0.6138708058319184,0.10977249698231864,-0.09266067063067773,0.6463844623991676,0.14357896887200144,-0.17691860370088908,0.8421807942650138,0.2526830058323484,1.3669722882238207,0.7006783399084215,0.23846332571797918,1.6191506508941866,0.6460467866253872,0.24592537043874213,1.4833395722984062,0.5480209612330378,0.39631325554562624,1.2913118090399636,0.7097000583164503,0.4690617270040245,1.0091436941846463,0.7222596491008875,0.46083860588781184,0.7843474928957207,0.6099620037662614,0.3914847334325501,0.6721734076249835,0.5402799645784069,0.40497781646023606,0.6475321314867433,0.527760299342332,0.4606295330037866,0.6371562956879544,0.6085035087862755,0.09665438461725138,1.2786644068132302,0.7382475728892108,0.0458713740987666,1.0328400905700494,0.7487919290884795,0.013184755990299044,0.7917603768724133,0.6744383807277594,0.03445919575792672,0.6849036825635927,0.6349710078601696,0.009075757400010464,0.654085799419365,0.6279803896912853,-0.003925147900628021,0.6418835223486736,0.6699801024158567,3.8813559322033897
0.349604151860194,0.8255561243336533,0.6776855435448665,0.3340328908724457,0.37938846667163056,0.7403101690961588,0.3260714350413728,-0.08756616496555512,0.7642777658398441,0.3331898173489559,-0.09244524291159406,0.6122446684067437,0.3884367116074867,-0.08786267985018723,0.631649486504268,0.3122329928016524,-0.19466263096315803,0.8405332749853938,0.14957169936481576,0.817708839059309,0.7015648889649311,0.1388352222941157,0.3603143575368965,0.7768968813236126,0.1391043098764419,-0.10782958558742269,0.8020985640754263,0.15924475771580893,-0.0880022205947909,0.6173406876086897,0.10909832598499317,-0.09696362914344624,0.6502715088005203,0.14307620582199265,-0.1766474490897739,0.840595017846796,0.2505380204662322,1.3679998805659945,0.696938264122972,0.23556618886916147,1.6200814993020398,0.6439365047557939,0.24331404106936821,1.4832426441113484,0.547806527549793,0.3956929779548938,1.2906788736528159,0.7091995541000784,0.46757396313146976,1.0096799751448722,0.7214067568145661,0.46106943806452305,0.7811728671909042,0.6109997196974164,0.3949879131903327,0.6613421517072239,0.5595283456530589,0.410827242420497,0.639862050097713,0.5444058276697377,0.4665611113367922,0.6320229372098601,0.6201033206084241,0.09528449650563982,1.2777490680210333,0.7358400323202865,0.0447025296621453,1.0327300924102094,0.7459911533318095,0.0072028850377561845,0.7857581155837865,0.6878137918693419,0.03438214533416244,0.6733210178271593,0.6496795091665393,0.0025817566997578005,0.6437109458325212,0.6450770535639192,-0.011461713724387888,0.6380655352420175,0.6823165034655679,3.8983050847457625
0.34743073516189255,0.8256361898392401,0.678254059610147,0.3323305493139085,0.38090811451080864,0.7373032887261326,0.3258735608064496,-0.08726010883604925,0.7642565240987692,0.33336744337823593,-0.09508816948844856,0.6162353033747018,0.38944700879001304,-0.08965959978862968,0.6344662206886272,0.3118672014981654,-0.1933681382227416,0.8385345364629226,0.148252748843313,0.8170995832716023,0.7030230120914361,0.1380575047962984,0.3605446184080069,0.7760874651473414,0.13873328155354125,-0.10702198069419983,0.8007981866848555,0.15912388936728444,-0.09362464758534786,0.6215367328171494,0.10858611084396173,-0.10125874818833448,0.65391741922136,0.14256793129802464,-0.17617343227129398,0.8389582509737021,0.2479207040500581,1.3689138284051567,0.6936001076900961,0.23282361942889393,1.620599162860284,0.6417203611095632,0.24145143616262557,1.4831154168302996,0.5476298704742515,0.395177821027081,1.2899326945733884,0.7088268571705965,0.46618487297476974,1.0101380268730433,0.7221361641439875,0.46103563575661133,0.7796531794605246,0.6127639711821393,0.3986564131845136,0.6517711428844767,0.5802604037819585,0.4168048738716572,0.6327743210170662,0.5642018798725073,0.4704820269181088,0.6286080291445011,0.6298593447475895,0.09410365033659679,1.2768048402814274,0.7336491079608722,0.04317437902532224,1.0320287370994408,0.7458959922403654,0.0012121053155808195,0.781806627772456,0.6997890093479463,0.03349953594031813,0.6639810557468617,0.6672110985108751,-0.0041954478097586175,0.6342063900537105,0.6627921553929996,-0.0175877624119119,0.6363025885189136,0.6923821015644157,3.915254237288136
0.34507648236984106,0.8255054363388754,0.6794972361089673,0.33058260910064213,0.38231803713023144,0.7342097384420799,0.3255834152021181,-0.0871444163895421,0.7646066764825972,0.33400156353343263,-0.09761429445933269,0.6206963043680482,0.39028547172721473,-0.09134442936683425,0.6372450711481077,0.3114854315225477,-0.1921531018503186,0.8370483952360513,0.14677665520141248,0.8162091736710786,0.704978973872177,0.13709517812683922,0.36073660640929317,0.7751220456660946,0.13836243650145158,-0.1062158198319877,0.7995095432692665,0.15937774320140222,-0.09962317249723167,0.6261982586770842,0.10831630822441596,-0.10474916756682322,0.6567483429657213,0.1420209108997851,-0.1755224305138659,0.8373107741407935,0.2448218697235634,1.3697287361810764,0.6906337385675894,0.23029743149786724,1.6205262693655769,0.6395148273870509,0.2403068770699618,1.4829986921977012,0.5475134444499958,0.39435238972965636,1.28915087964648,0.7086961013391315,0.46492483703066206,1.0102498349694697,0.724380836428052,0.4607570227736174,0.7794004646779157,0.6149454488298185,0.4019464862278846,0.6438097883540164,0.6006541241071408,0.42201159578799974,0.6263496196485007,0.5854336780401359,0.4730991165934567,0.6267265233995707,0.6373521431088017,0.09305376224317502,1.2760716959068283,0.732009278809259,0.041202518591162515,1.0304123298630896,0.7491095597225893,-0.004004375484497059,0.7801867243334569,0.7090956491127307,0.03150185914404572,0.6568231328731516,0.687798019229175,-0.010455018156759133,0.6264490808932641,0.679705078694677,-0.022306424014143636,0.6365634254994277,0.7000581104673982,3.9322033898305087
0.3426129796721061,0.8252439368189619,0.6814710279736672,0.3288771273513671,0.3834613561011301,0.7310785040665218,0.3252517933189047,-0.08723359628765574,0.7653272134465183,0.33478382948703844,-0.09953962558487231,0.6245372837526337,0.3905393582098065,-0.09271466521768601,0.6394428470365757,0.3110696657017784,-0.19100782088209434,0.8360108923029494,0.1451401280036698,0.8152527657052132,0.7070819791264771,0.13600755893140956,0.3607951271940234,0.7741559703875102,0.1380003961510979,-0.10543147104040371,0.7982612435546269,0.15993431926436097,-0.10497992320149666,0.6307816852398744,0.10829079898933329,-0.10682712467092453,0.6583755910269756,0.14144052885426112,-0.17472665235448925,0.8356771099748782,0.24137582973545624,1.370378794396132,0.6875640649811434,0.22794065454031254,1.6198308253408926,0.6373677186715682,0.239555583648717,1.48296021093092,0.5474565522269828,0.3929435407505315,1.2884435379578352,0.7087505536658716,0.4638204658162529,1.009823927945412,0.7282866365751955,0.46031046373096945,0.7797245576706728,0.617165420803321,0.40422678037848714,0.6374628745597573,0.6192785370714957,0.42563422297557807,0.6207435320123142,0.6059713278015363,0.47475893545041725,0.6258712866439917,0.642421775520279,0.09189954042570778,1.275713549014469,0.7310177789880888,0.038883878579344576,1.027874738854963,0.7553184926582591,-0.00822850437578599,0.7808063901275347,0.7150072581739071,0.0285030557033188,0.6514957200624094,0.7100672114336547,-0.015389956945978596,0.6213148088995115,0.6941683968222376,-0.0261728549183948,0.6385000131507353,0.7057583991859704,3.9491525423728815
0.3401595718699283,0.8249371857396796,0.6839721186719682,0.32733534788782825,0.3841998613741522,0.7279846401143373,0.32491651446745756,-0.08750648763466283,0.7663938578970806,0.3353739827028152,-0.10041799630648054,0.6270737376807481,0.3899867862416086,-0.09365067486675854,0.6408674267362711,0.3105975973307146,-0.1899578192025863,0.8354678940664958,0.14335023575366268,0.8142939830979822,0.7090903614688256,0.1348650028516203,0.3605500542354597,0.7735138978768705,0.13765661892232647,-0.1046915091297262,0.7970887607490859,0.16057294231495062,-0.10851248981700566,0.6343283650919144,0.10843044530575491,-0.10728699401664435,0.6587119962274749,0.14089539263920375,-0.1738271221152615,0.8340914252836196,0.2377551147927489,1.3708035193522088,0.6839185041112487,0.2256328590831103,1.6186619740519907,0.6350742399621052,0.23877247337039575,1.4830470057174576,0.5474441590542445,0.39088295023301023,1.2879629483609316,0.7088959802272823,0.4628172490573601,1.0088463760320354,0.7340169727120021,0.4597527276170864,0.7801594386250349,0.6191459261867784,0.4049452923800292,0.6331592806426942,0.6339271858653479,0.4271584858952532,0.6167465937365825,0.6228524123477411,0.4750820708832083,0.6254657018242256,0.6456617866752437,0.09036500883768098,1.2758202678412267,0.7304072965263115,0.03623982559329596,1.0247723597866518,0.7636808367264315,-0.011782906697201917,0.7831468325266471,0.7175932862800656,0.024853033368169894,0.6477133179368335,0.7316854647170572,-0.018524870558517446,0.6191645658277892,0.7047927872982738,-0.02964337692408045,0.6414783471186936,0.7100089238140858,3.9661016949152543
0.3378292218079759,0.8246363091454223,0.6866971031737826,0.32603622780480507,0.38451630719605356,0.7250778094155192,0.3245734074174981,-0.0878975730751898,0.7677208049430782,0.33553266378014673,-0.09968509620986152,0.6274859995039772,0.3886861401177474,-0.09411820007811134,0.6415391297813536,0.31008826806963125,-0.1891068253480131,0.8355847299938792,0.14144170962309918,0.8132759996569138,0.7109503272195017,0.1337374879939691,0.3599292735675012,0.7733978738683207,0.137340865859061,-0.10401798832036269,0.7960282353548493,0.16108869484846353,-0.10963485738354894,0.6361704610926907,0.10863382175532993,-0.10643385638354212,0.6581222405059136,0.14045142316706197,-0.17286787325758862,0.8326106187788458,0.23414088899167346,1.3709564283635896,0.679754706388128,0.22327987632144192,1.6172975113406078,0.632391512664249,0.23768861648583164,1.4832471606627344,0.5474860695250499,0.3883490275880393,1.2878458416591942,0.7090000222857334,0.4617370163511121,1.0074846309291021,0.7411550497952012,0.45911872923753827,0.7808249947593164,0.6207524644985016,0.4038729254539144,0.6319170267373714,0.6417895974542602,0.42647770671192287,0.6154710158797146,0.6332581603477461,0.4733421103111078,0.6250697487865499,0.6484371812522141,0.08825133905673363,1.2763574361695265,0.7297774324946955,0.03329120460445153,1.0218352074291888,0.7729849388099345,-0.01515032140282163,0.786464959561903,0.7178577808516199,0.02102677214300777,0.6454457446359131,0.7505893363328522,-0.020208346358618054,0.6198140399225213,0.7113174459050582,-0.032693806141194034,0.6448317870569584,0.7133387724392329,3.983050847457627
0.3355961173971935,0.8243585262506147,0.6894547570261174,0.32495514431752837,0.3845154402070101,0.7225673221759545,0.3241955273124692,-0.0883425931514353,0.7692001987413758,0.3351571636798002,-0.09698061119990009,0.6250743654878749,0.38696029968558066,-0.09417214413238204,0.6415872488746783,0.3096066724345724,-0.18856844862042016,0.8364728525754715,0.1394243493997165,0.8121882344572019,0.7126654345984503,0.1326908297307965,0.3590669274390017,0.7736885644981905,0.1370621287199145,-0.10343015682027806,0.7951095233655838,0.1614077943552532,-0.10867978293058575,0.6363997954787173,0.10882134576719528,-0.10481479267016959,0.657158307563066,0.14012271718121191,-0.17188790030662582,0.8313070537307983,0.23061688530879504,1.3707910521454039,0.6755697308444433,0.22089675473503806,1.6160559193574207,0.6293857313191175,0.23628123710900367,1.4834619130501778,0.5476347536548036,0.38570556560128155,1.2880828230036117,0.708966293210713,0.46041442867356797,1.006026169899994,0.7487629251162344,0.4585053008583472,0.7821991750767622,0.622016902343171,0.40130673991957466,0.634461754480096,0.6416402171624184,0.4239328822030154,0.6173484662088361,0.6363055298416025,0.46913797511351546,0.6245148512771049,0.6520908375305476,0.08553337196694023,1.277131060683718,0.7289886364243076,0.030241717817749772,1.0198869116540819,0.7817879037285078,-0.01862976206586138,0.7900812933164127,0.7173008870571544,0.017527673764770997,0.6447086707840364,0.7654392066048298,-0.021475287715535966,0.6226893033554743,0.7147456236963985,-0.03507204781178191,0.6480407613549469,0.7160976112780741,4.0
0.3333099546984225,0.8241067130939782,0.6922153844414409,0.3239915201043981,0.3843594530588329,0.720594201825111,0.32378110806191884,-0.08879644875222478,0.7707262248391487,0.3342875534504083,-0.09263867915240978,0.6201376343161131,0.38530803536512204,-0.09392315530883516,0.6412047740970985,0.3092120226382832,-0.18836536381374855,0.8381033251516927,0.13727606183853155,0.8111446573226088,0.7141980576822345,0.13178054669514516,0.35817679597288354,0.7741235292947438,0.13682854763752447,-0.10294456413804215,0.794356005569181,0.16154620585090435,-0.10646585093417055,0.635570077855028,0.10889098010304094,-0.10289562044391132,0.6561361530043374,0.1398929078597568,-0.17090251953545454,0.8302465795838356,0.22711149551647902,1.3703240291569394,0.671861086758009,0.21860293108178852,1.6151682154056473,0.6264247679772028,0.23463745829224114,1.4834855555438722,0.5478947011955648,0.3833149240242457,1.2885139276358668,0.7089595432343899,0.4588610816901338,1.0047802446231109,0.7560663180117335,0.45809176141934305,0.7846158120464857,0.6230995338243037,0.39802299588940515,0.6403467692562925,0.6354557307556296,0.42021699927806433,0.6217856850654071,0.6335656743891251,0.4626666883152561,0.623910207718634,0.6573785662964517,0.08239222089138004,1.277859916049316,0.728226730099654,0.027472836731064126,1.0194724939720399,0.7887276026956348,-0.0222254437909584,0.7935192722722055,0.7170736208471267,0.014527625133204804,0.6456151432487021,0.7750069717984368,-0.023259951392784577,0.6271414898456475,0.7163325231423855,-0.036762544371318165,0.6508493149149284,0.7182486360599518,4.016949152542373
0.3308549866640662,0.8238906776483197,0.6949326299290852,0.3230569338066651,0.38423012968400405,0.7191402934117515,0.3233579997387458,-0.08922667282194498,0.7722070594661423,0.3331184529584279,-0.08767845363297998,0.6142134266626528,0.38418687250272787,-0.09358142174034159,0.6407210602632326,0.30893679840164096,-0.18845226046315056,0.840358395774731,0.13500588233285482,0.8103165917571157,0.7154957612713916,0.13103595751930877,0.35738831641243096,0.7745284978853181,0.13664881930601971,-0.10257745156522904,0.7937927468206336,0.16153985359899045,-0.10374878702723106,0.6342466614324503,0.10869456114722581,-0.10098632576321076,0.6550831074111825,0.1397350303524736,-0.16991140104979116,0.8294703605340756,0.22354132859929315,1.369644174792354,0.6690219241872124,0.21652301277318606,1.6146655337448412,0.623829124829706,0.23279980196696082,1.4830661174082376,0.5480806105333648,0.3814000685512965,1.2889984156214536,0.7094427889479995,0.4572804225077237,1.004009933270265,0.7626570469811926,0.45802540414549847,0.788051073406512,0.6241919883911771,0.3948965611871442,0.6482124117804148,0.6269107206487323,0.41605457718133265,0.6277578493537703,0.6275995548298946,0.454663989032171,0.6235105885756219,0.6644700409382291,0.07912453623979074,1.2783307549221072,0.7276680977407948,0.025290767930524344,1.0206407218686262,0.793098535952125,-0.025780988106451443,0.7964397733489519,0.7175175630539652,0.011684970654959962,0.6484719035790956,0.7780999252386775,-0.025772663429432602,0.6325657973461581,0.7165379504447125,-0.038026602405865154,0.6533295848657263,0.7194798169660035,4.033898305084746
0.32825376068106965,0.8237517174877861,0.6973849341034913,0.3221315495900735,0.3842795388355388,0.7181195568428141,0.3229403600467493,-0.08965694818335297,0.7736496066075631,0.33200095276015884,-0.08327487578631357,0.6091943717966668,0.3838183679642444,-0.0934886121554298,0.6406378605939729,0.3088205390763663,-0.18877967270371065,0.8430552024447199,0.13266973970972212,0.8098156793697076,0.7166050587645614,0.13044400716428106,0.3567661673538723,0.7748006323125544,0.13653341311073247,-0.10234919261881054,0.7934560035366444,0.16141626628396133,-0.10106215977039201,0.6327260986889643,0.10815094199500971,-0.09927981274776623,0.6539461069307111,0.139625080592539,-0.1689557398157312,0.8290100087874909,0.21993007212130433,1.3688436974072817,0.6673652876796161,0.2147070329237039,1.614427163778342,0.6216450713840207,0.23082470949533046,1.4820567243037668,0.54784346861496,0.38002179964100624,1.2895129825939267,0.710843530459738,0.45598361105756474,1.003859659906873,0.7682405546463508,0.4583022955137491,0.7922348195819995,0.6255666757477223,0.39246473481194355,0.6567767004302377,0.6185610173836047,0.41194119466355616,0.6344146047653445,0.6201846557258726,0.4462217771229454,0.6234971784830707,0.6729554042490364,0.07598784614889052,1.2785367839339505,0.7271355335757603,0.023634125515149623,1.022873051826911,0.7954143163216685,-0.029178664390412213,0.7986010959659527,0.7183091402966157,0.00848483695600281,0.6533981715592942,0.7745950507456422,-0.028637278209511792,0.6382396817759921,0.7152000633993741,-0.03905746739465714,0.6558226316009226,0.7195112873657172,4.050847457627119
0.3256112631880419,0.8237435714649453,0.6992826551460943,0.3212620542617637,0.3844941628424806,0.7175666873954389,0.32251678002621365,-0.09016097111101642,0.7751488923651444,0.33136068802007757,-0.0803590305835757,0.606309687610866,0.38419902235794073,-0.09393813314185936,0.6413705769371026,0.3089209289167464,-0.1893087790315047,0.8459679237912462,0.13033681599654906,0.8096300366263003,0.7177001192881267,0.12996090481189856,0.356372857865561,0.774829231409372,0.13649286865638252,-0.10228432696915354,0.7933893150845581,0.16119160911146457,-0.09879193316104415,0.6310411030173692,0.10734445221941212,-0.09793995806956693,0.6527969453787773,0.1395735677664673,-0.1681653133471291,0.8289155504049472,0.21640653541040608,1.3680136695831209,0.6669572437172169,0.2131685172488541,1.614324571095542,0.61982550287679,0.22892311540341992,1.4805396342079409,0.5468782328948087,0.379095042603944,1.290066417378079,0.7131979888775948,0.45522018025931466,1.0042519594259742,0.772722178523942,0.45876083111042587,0.7967418912906419,0.6276283267136086,0.3908048143674771,0.6652029113096395,0.6112141662877454,0.40821372601338346,0.6410795099555476,0.6123156733922214,0.4383331138045784,0.6238623508062326,0.681813226970976,0.07309759691965209,1.2786487586064905,0.7261632759089165,0.022152075514487606,1.0253111158367616,0.797032399149581,-0.03233825740756882,0.7999678687410064,0.7189194949588825,0.00451866756170505,0.6599835221182919,0.7659972065509322,-0.031544823859258816,0.643409956171958,0.7125926290776372,-0.03989454934448132,0.6587066483002263,0.7184729655109238,4.067796610169491
0.32301555036989177,0.8238371849031577,0.7004975830479366,0.32051240622059074,0.3846082910318002,0.7176646044282968,0.32208887183372065,-0.09074707621018865,0.7767045302836096,0.3314721586311459,-0.0795582825281307,0.6060296979373173,0.3851570912254622,-0.09499662225618558,0.6430027071126643,0.30925970002571335,-0.19001914164412023,0.8489219352160773,0.12808663818991747,0.8096207782024893,0.7189131806998859,0.12955921582604857,0.35622958928377946,0.7745608507918811,0.13652958671457507,-0.10239162109142423,0.7936080006909529,0.1608840978503352,-0.09714762166535497,0.6292492153365313,0.10644000031409032,-0.0972037035880186,0.6519883636989473,0.1396306066515327,-0.16770297621873123,0.8292320667727197,0.21318118028067298,1.3672481583940708,0.6675092887164462,0.21194584866120958,1.6142709260874395,0.6184659732321729,0.2273369260408769,1.4788208517564123,0.5450491691384391,0.3784205572721394,1.2906172906506337,0.7160503576199266,0.454979465240302,1.00494294675465,0.7763778705096991,0.4591777806062324,0.8010173818953644,0.6306588696464531,0.3897594259485513,0.6727478178334746,0.6052714590489942,0.4052469714012426,0.6469490449465967,0.6054067215035677,0.4315887825558766,0.6246474660817956,0.6895297730713998,0.07042642722429612,1.278821155809174,0.7244140863056465,0.020617715647059727,1.027260987235628,0.7989498973075997,-0.03510698518138816,0.8007442830286334,0.7190301777988861,-0.000519733108802398,0.667396729312068,0.7546718912872713,-0.03461757847720982,0.6475918603277875,0.7099635358172789,-0.04065387197723011,0.6620808648224406,0.7169941985450744,4.084745762711864
0.3205191773732716,0.8239030152304865,0.7011563101210614,0.3199148713034245,0.3842692166602039,0.7185833880642429,0.3216905227545362,-0.0913041826862944,0.7781373035513729,0.33226262934475903,-0.08104616982908162,0.6083592310190813,0.3863516410804972,-0.09653671062569338,0.6453411300085866,0.3097863127778921,-0.19087931613269105,0.8518232397020659,0.1260232554775307,0.809586080112354,0.7201599493036926,0.12925641194285936,0.3563035749880131,0.7740772391924928,0.13662278849935258,-0.10262391613650576,0.7940344810387456,0.1605070801470553,-0.09602635281584763,0.6274920637763458,0.10551580366245712,-0.09728923948124454,0.6520269027651346,0.13983780481324068,-0.16759204695353547,0.8299146994103298,0.21045159839641886,1.3665200935463242,0.6685802045579887,0.21105575007740895,1.6142180205506813,0.6176312942847085,0.2260642125874258,1.4772699535879448,0.5422335785944161,0.377771603436942,1.2911173891381342,0.718657692515798,0.45503943630993526,1.005726869254302,0.7796014167143561,0.45940376038166475,0.8045214121123359,0.6345650623683815,0.389222465868105,0.678744801355629,0.6013650998534124,0.4035034748091794,0.6512316292168989,0.601208572892135,0.42639616995801766,0.6261961115319028,0.6945948792678193,0.06788924995239351,1.2790903712770263,0.7219227369586287,0.019105855288201544,1.0284735111601795,0.801319478750431,-0.03734082419713293,0.8011942140172731,0.7186580753878017,-0.006716546685005352,0.6747400646366182,0.7426418075284797,-0.03819499163161934,0.6506145082285215,0.7091133978175999,-0.04160961810849366,0.6656617760431165,0.7157848334039408,4.101694915254237
0.31816829707774297,0.8238408031867046,0.7015615642294097,0.3194753803340872,0.3833322755965759,0.7203451340810956,0.32136304055417786,-0.09168992756088427,0.7792236622591043,0.3333776527017829,-0.08442786224264698,0.6127782777294098,0.38739117613392693,-0.09834674488012062,0.648072747987917,0.310426002076455,-0.1917865347238047,0.8545219309297312,0.12425202581539897,0.8094183582852696,0.7211797428893496,0.12908988282332182,0.3565716719569978,0.7735233517230157,0.13672555404355746,-0.10286990617273807,0.7944851204938577,0.16003826516931846,-0.09502634731226411,0.6256966150967304,0.10453590692285786,-0.0981993791260983,0.653175383302754,0.14016623703732967,-0.1676341570256979,0.830777365572234,0.2082681134133234,1.365653143475225,0.669858434222204,0.21041896057469106,1.614184112552769,0.6170605118792936,0.22483919971724978,1.476066084377714,0.5381090722858429,0.3769859237421139,1.2916104962728436,0.7203814290144981,0.4552115541416596,1.0065215284320357,0.7825683230137896,0.45944317138947366,0.8069767425828123,0.6390467865486771,0.3892493432940272,0.6829863175724378,0.5998511539191514,0.40347652291931785,0.6537611148700445,0.6003542723919415,0.42312278067780235,0.6288269825729055,0.696479549994712,0.06546481761363246,1.2794731473320788,0.7189868936361994,0.01778224695174651,1.0290401746018338,0.8040177649928774,-0.03908650782108112,0.8015221228908239,0.7180073838025753,-0.013766691636962203,0.6813691482560175,0.731102682432444,-0.04255421566381277,0.6524937409599358,0.7115950179915237,-0.04308475834148291,0.6689501472629807,0.7154018301076901,4.11864406779661
0.31603995389137224,0.8236625444716514,0.7020054534277634,0.3191992450276587,0.38197836035689586,0.7227688495448757,0.3211357145450875,-0.0918139405925544,0.7798172185633446,0.3344234186827286,-0.08889473778162149,0.6182438985191926,0.38802105069876097,-0.10019653801724182,0.6508512520529615,0.3111384298635056,-0.19258664337600348,0.8567390468864466,0.12285094451967976,0.8091939582751704,0.7217363135898569,0.1290867018977698,0.357036280628483,0.7729970821354508,0.1367950424953903,-0.10302789477676395,0.7947891740425042,0.15944667811020258,-0.09374784192479457,0.623596888071421,0.10348875337235722,-0.09973858944901279,0.6552976508424103,0.14051895276515255,-0.16761219461708654,0.831595983697762,0.20655912800893483,1.3645258186688531,0.6712668493873144,0.20987100386877156,1.6142394909368745,0.6162819211209956,0.22334788858329327,1.475097245882516,0.532321116809698,0.3759814721082564,1.292249422139101,0.7208924470723782,0.455378633220096,1.0074049775143652,0.7850706447815892,0.45940532121797284,0.8085333051925434,0.643882934106073,0.3900190206409224,0.6857830235571276,0.6003833813907886,0.4055732089966572,0.6551589357877609,0.6018072649980271,0.4218714262937079,0.6323537744645714,0.6960665504583105,0.06326146531854937,1.2800329412336047,0.715996102600235,0.01671011711104773,1.029263556675853,0.8070005695389437,-0.0405586207920653,0.8019629228258405,0.7173066131202762,-0.02102555887568178,0.6869648195422857,0.7208555488750249,-0.04783284576719757,0.6534300531371892,0.7179086015391466,-0.04529687340245289,0.6715074153492404,0.7164046339935888,4.135593220338983
0.314261812816037,0.8234410547527385,0.7026264379327212,0.3190926047767244,0.3805410328669163,0.7255222072649677,0.3210344659043702,-0.09162267949991768,0.7798188986199541,0.3351388758535322,-0.0933977549854773,0.623624731631883,0.3881804691301028,-0.10183337116819194,0.6532890560031978,0.31191144336573695,-0.19314738517640842,0.8582452481000419,0.12187246438578411,0.8090739449707086,0.7217339625233457,0.12926344651716082,0.3577009704030857,0.7725306576391073,0.13682500633385558,-0.1030834286862889,0.7949158026485282,0.15876428001728163,-0.09212774560121033,0.6211470422995656,0.10245814283223888,-0.10167070988765356,0.6580598664505672,0.14081860331790502,-0.16751557008797135,0.8322671039929038,0.2052772339725589,1.3632073865840222,0.6729227646474651,0.2092284229166794,1.6144384134031142,0.6150505151963632,0.22144859325744642,1.4741635987599542,0.524855836814448,0.37474861668463594,1.2931581143898299,0.7201215657356703,0.45537053203478917,1.0086884736406443,0.7865966510596514,0.4594063981302724,0.8096436851346132,0.6489547833978726,0.3917333789489622,0.6876981665063544,0.6019440492755168,0.40984810954338746,0.6561714288119577,0.6040020835440524,0.4223245908502532,0.6362114099936563,0.6948049338909361,0.06146560400023333,1.2807954388179763,0.713359702813019,0.015865874592731956,1.0295501020220068,0.8100585290085013,-0.04194458973399768,0.8027631507143136,0.7168329012932296,-0.027701524186336278,0.691343944921756,0.7127847237358906,-0.05390641744084089,0.6537778912896889,0.7271349899802436,-0.04820347600876121,0.6731862461441682,0.7191724873919251,4.152542372881356
0.3129565925466182,0.8232169270026455,0.7034566550256861,0.31913040073187476,0.3792510906680063,0.7282732464026349,0.3210840067839106,-0.09107935078913391,0.7791460803131409,0.3354474114322492,-0.09700844749863102,0.6282100580205714,0.3879961887977354,-0.10292755456511646,0.6548959887799508,0.3127260076543976,-0.19337055208942294,0.8590333665089553,0.12131958640914145,0.8091868169783506,0.7211687083628512,0.1296305146736517,0.35855912620538943,0.7721127555161613,0.13683631791029197,-0.10308538417257504,0.7949397109556394,0.1580935023522363,-0.09043888206836607,0.6186636428368723,0.10150924513632598,-0.10377532919913104,0.6611153016381317,0.1410613274497155,-0.16746751580682107,0.8328047264180899,0.2043829623769436,1.361916312887587,0.6748983461371896,0.20834477780768895,1.6147531721495467,0.6135429893508921,0.21928612308736262,1.4731677634398688,0.5162542177475076,0.37334863722908385,1.294284288439565,0.7182897358812437,0.4550133531882791,1.0107219659472846,0.7868850104738898,0.4595427878893448,0.810688895973954,0.6541569477738665,0.3944636299732886,0.6892567306888588,0.6033903143750673,0.41576109050893684,0.6571048686290841,0.60615097948833,0.4238365765381099,0.639929016270007,0.6936442242401742,0.060231273525937726,1.2816856158255603,0.7114620687254836,0.01523619810513082,1.0302018834005646,0.8127191296806547,-0.04326236126317988,0.8040005146203392,0.7169061984604512,-0.03313914166742362,0.6944210611671441,0.7075109227783336,-0.060286224966192986,0.6538443417112894,0.7375177140887808,-0.051493312389388896,0.6740980231924573,0.7235051740166933,4.169491525423729
0.3121571922043774,0.8229458443154583,0.7045040639959509,0.3192269591177618,0.3781601980416558,0.7307670945661913,0.321283730857991,-0.09021743702707433,0.7778232689180451,0.335451553760056,-0.09946741104053747,0.6318064029095541,0.38775174088752556,-0.10316661007839667,0.6552388268959464,0.313549001328329,-0.19318359131444143,0.8592269300485857,0.12111678786659312,0.8095929392679654,0.7201052213900643,0.13017947239691657,0.3595469779466138,0.7716971835027722,0.13684710718008963,-0.10307657900265325,0.7949313957631219,0.15755501269581965,-0.08904634696608199,0.6166144333396733,0.10060799793410469,-0.10577703418075371,0.6640597846137722,0.14127684377808675,-0.1675358497710942,0.8332308103201672,0.20370161111083612,1.3608937917134953,0.6770265663082327,0.20712251044936564,1.6150586377665694,0.6119418598587402,0.2172173047721796,1.4720302570297292,0.5076230685986302,0.3718793667764866,1.2954365009962088,0.7160062913059377,0.4542671416193367,1.0135438530995813,0.7863510036604056,0.45988206689233013,0.811759117597547,0.659290123238008,0.3980425483761659,0.6908122272527064,0.6040000799015743,0.4223256474567822,0.6579698479247186,0.6082559309316224,0.42568577107649014,0.6433355706486996,0.6927872887626312,0.05960014026840327,1.282577461654847,0.7105572887385753,0.014862307725896817,1.0312802931460787,0.8145411234594901,-0.044388104533478814,0.80552976754597,0.7177465137961668,-0.037081218820243456,0.6964465850149486,0.7047572632611773,-0.06627809497321033,0.6537591933207471,0.7474343688865784,-0.054757575756787774,0.67443861218401,0.7286298812709853,4.186440677966102
0.31179513695205685,0.8225421407752241,0.7056885941029544,0.31928657849686404,0.3772302529787295,0.732833899876061,0.3215923574177631,-0.08917574496648699,0.7760580460063002,0.33532746477008024,-0.10120683684531195,0.634439779620613,0.38769064265137865,-0.10259266532625064,0.6544217857930246,0.314334450815379,-0.19259308252823876,0.8589262846656168,0.1211510324865365,0.8102537196956423,0.7187000346776359,0.13086254443149306,0.3604951268463895,0.7712233871250989,0.13686216894048048,-0.1030724636828553,0.7949194076866973,0.1572392632525922,-0.0882132196474501,0.615368917730655,0.09975832115461908,-0.10724160079999351,0.6662654204383816,0.14148529357986356,-0.16767532001584529,0.833540626549762,0.2030008054879891,1.3601960912642874,0.6791078448052473,0.20553083687752177,1.615220627711746,0.6099307586627455,0.2156198490871457,1.4705893396198622,0.5002424577969821,0.37046014930573623,1.2964411027914393,0.7140610727067329,0.45325414480603576,1.0168671762958474,0.785656108990284,0.4604251272632506,0.8128075591142588,0.6638977808815678,0.4021144517300599,0.6925991022136827,0.6034073856884512,0.4285689305796826,0.6587525090500052,0.610279361066379,0.4274619644543122,0.6463894570005848,0.6920683010116747,0.05946760044695455,1.2833716227818202,0.710601394168475,0.014767540196540798,1.032603778001804,0.8154241220007121,-0.04528028912979831,0.8070537707598961,0.7194857596946187,-0.039587647674401774,0.6979750939314064,0.703637903987711,-0.07123976341217639,0.6536212998746967,0.7557502152696761,-0.05764756112187386,0.6743813342831452,0.7335372143547434,4.203389830508475
0.31173479825150047,0.8219642546641015,0.706799949515855,0.3192838030984214,0.3764469605914198,0.7344059347322869,0.32194570848988296,-0.08813267787788191,0.7741793218744663,0.33517579720834556,-0.10279484882461083,0.6361727058623563,0.3878192463600486,-0.10169493439500293,0.6531761702590295,0.31501531652159315,-0.19173927914920375,0.8582523270188065,0.12132229689462508,0.8110603350624734,0.7171007362751641,0.13159343763920145,0.3612153810647777,0.7706589138896242,0.1368795308217455,-0.10307396003778128,0.7949079663129589,0.1571617719973487,-0.08797476437722944,0.6149773723369847,0.09914075956966145,-0.10766526324666859,0.6669892120311296,0.14169501513617938,-0.1677720539948918,0.8337367203457536,0.20222535051483023,1.3596125965075436,0.6810984434910732,0.203693738002437,1.6152151969179807,0.6069493943650517,0.21477710281718648,1.4687275949024279,0.49501900502418605,0.3692385647885801,1.2972143398932916,0.7129706595247347,0.452202266480243,1.0203078978929727,0.78508873775665,0.46110709727051613,0.8138779739967691,0.6672907452132929,0.4062646842295481,0.694659161358362,0.6015923896584381,0.4338638244634604,0.6593887673931949,0.6118756761070357,0.4292452040796087,0.6488973167194166,0.6913580126178078,0.05960459397389918,1.284023202980009,0.7111883990375804,0.014866008812236854,1.033813289484875,0.8156634043686857,-0.046144514297864564,0.8082782195315765,0.7222414474247771,-0.04081934124333775,0.6995557322542952,0.7033951398685097,-0.07480466866276621,0.653835658489663,0.761606334069504,-0.05990966052813902,0.674082119978969,0.7373633119626207,4.220338983050848
0.31180552876778184,0.821264288721691,0.70762615399216,0.31926333732222384,0.37588582511649443,0.7354899643575264,0.32228259608862486,-0.0872234503783597,0.7725173380631347,0.3350188773535837,-0.10454444787387912,0.6372521604168658,0.38799512635051103,-0.10098021135577426,0.652194758024991,0.31552326141388126,-0.1908528208065972,0.8574539908245405,0.12154539556928427,0.8119744225408203,0.7152896766493971,0.1322860232539658,0.3617040608644109,0.7700175196728354,0.136897694548454,-0.10307752513623823,0.7948943474861093,0.15723767069639008,-0.088092237443772,0.6150900760170379,0.09899788173722657,-0.10682885348977936,0.6658902560797338,0.14190709310056074,-0.16772820577330602,0.8338407826091062,0.20150574023456966,1.3588917839607928,0.6829614198566135,0.20195753159806212,1.6151157568463557,0.6028511401952332,0.21484539067794778,1.466537337754084,0.4923812462901136,0.36832306831442385,1.2977415457582882,0.7127341771708849,0.45129245329286216,1.0235029109398985,0.7845711435964566,0.46182237608501886,0.8150656771101895,0.6689026692255947,0.4100919175553991,0.696654520731504,0.5991904387498124,0.43795305256715283,0.6597155422840346,0.6129287829953867,0.4312692159011993,0.6505120865022911,0.690694219582637,0.05977910615696139,1.2845028495833135,0.711797250316474,0.015012489498863977,1.034606632768819,0.8156843241758696,-0.04725143986940998,0.8091253780356338,0.7259832972745714,-0.0410755990365382,0.7015402394417867,0.7035154628349789,-0.07704887619882664,0.6550737112240256,0.7644166080829233,-0.06139672438331294,0.6737996236292639,0.7397142650533625,4.237288135593221
0.3118768853034397,0.8206152504995179,0.708071781600037,0.3192808436960308,0.3757032427563104,0.7361202509842987,0.3225634971185542,-0.08650964107100031,0.7712734491766124,0.33489256889157143,-0.10643359407807707,0.6380731918669468,0.38811447614906625,-0.10061630623426207,0.6516209899334682,0.31583399413487284,-0.19012520485878304,0.8568098259940468,0.12175229327243128,0.8130716170850154,0.7131342729018033,0.13289552942030838,0.36219228923296853,0.769316354299604,0.1369168202393326,-0.10308033947783854,0.7948772980863665,0.15733129363308263,-0.08821522773349288,0.6152077867868005,0.0994122666916384,-0.10502210224875227,0.6633675406205045,0.1421108897660071,-0.16754081357530803,0.833877041553475,0.2009576346767598,1.357962491735951,0.6846445073145538,0.2007537056294676,1.6149340368802627,0.5978972745047572,0.21577126309010036,1.4642767563212369,0.49241086164172365,0.36769632186775847,1.298075642723106,0.7129539089369195,0.45055325201034163,1.0261497076716315,0.784031819527788,0.46245663602848164,0.8163476800023638,0.6686082753710185,0.41323736162156943,0.6980099226153986,0.5972440219889937,0.44079090638580765,0.6596339592860512,0.6136983450942097,0.4335507842182703,0.6510698978361021,0.6902561949224145,0.05989169378781341,1.2847611433117871,0.7121502324807565,0.015122937621371024,1.0350136673398294,0.8157123203064229,-0.048651055892444624,0.8097505434996092,0.7303815044632888,-0.04081920707813057,0.7039102613266763,0.7036562773782926,-0.07834943061970885,0.6576679719628115,0.764346057083331,-0.06212900821095706,0.6738652537377459,0.7407898441858427,4.254237288135593
0.31195489635750495,0.8201997632635574,0.7081950083857393,0.3193397140605591,0.3760361701369314,0.7363247788892391,0.3227766086664825,-0.08598375370136731,0.7704370943828903,0.3348550741835363,-0.10807403839530078,0.6387450755234442,0.38814414895517657,-0.10052628832659055,0.6512979697806298,0.31597060084887296,-0.1896000437131295,0.8564211612322696,0.12191620203302395,0.8143500491398067,0.7106887135584588,0.13341545913980907,0.3628638714533362,0.7685391734876487,0.13693572164688605,-0.1030835372893074,0.7948594905160793,0.1573493433759938,-0.08813140898725708,0.6150378789003133,0.10022945459034749,-0.10281172280448905,0.6602280546681154,0.14228157785173,-0.16730698900261828,0.8338683525515058,0.2005535251171298,1.3568220660499157,0.686324076434945,0.200314938855246,1.614522712572171,0.592236587249651,0.21721591982922928,1.4621407331644374,0.4946404538575683,0.36726994971505245,1.298314151947495,0.7131905608796516,0.4500370218060781,1.0280209107960048,0.7836660865647254,0.46296185723951855,0.8175948569174132,0.6667148476249605,0.4154856497273835,0.6984136686785263,0.5963600919117236,0.44242514820418455,0.6593734585092824,0.6141241568928901,0.4359402654775601,0.6507792347103667,0.6903825591697497,0.05996050769001042,1.2847851610536494,0.7122560214824829,0.015195280682405226,1.0353437926886415,0.8157507967200295,-0.0501409362589334,0.8103431047526707,0.734844207645746,-0.040478786360706016,0.7062222283095072,0.7037454766838493,-0.07908275399965654,0.6613050137432228,0.7625609894623312,-0.062344799912374384,0.6744687355575514,0.7412236518353111,4.271186440677966
0.3122051537507369,0.8199583944904018,0.7082939804199205,0.31937896618442213,0.3768388939301559,0.7361016805324841,0.32292273309996383,-0.08560339747596024,0.7698644170091875,0.3349391982479165,-0.1089767123126976,0.6390514880627163,0.38808330447481526,-0.10066003797716294,0.6513262420527164,0.31594850126297,-0.18918702128507045,0.8562000034507979,0.12207374768189705,0.8155631895542477,0.7083837762583737,0.1338298898789067,0.3635469655473039,0.7677009687653388,0.1369503381062301,-0.10309119617891849,0.794845416809088,0.1572917980602117,-0.08786268852012732,0.6146113300905393,0.1011742431443364,-0.10065355585598271,0.6571253383966783,0.14238738591833158,-0.167152023210196,0.8338399764279807,0.20014839042640747,1.3553513253892135,0.6883969410275507,0.20056709167168846,1.6137201262356438,0.58575965231945,0.21862040832358148,1.4600356929918012,0.4977829129873427,0.3670343359301517,1.2985411962311462,0.7132694344837953,0.44997647566280663,1.0289095651857467,0.7838913697160543,0.46338470051224917,0.8187299202803536,0.6638069065327405,0.4169550764226738,0.6981235543805508,0.5964227075015702,0.4430612639068807,0.6594780878405216,0.6136084946579446,0.4383419388401876,0.6500646713719357,0.6913094392813194,0.0600143649850676,1.284679424689154,0.7121935193020885,0.015251707277116597,1.0358623511069576,0.8157651608357847,-0.05144250605290643,0.8109849791297133,0.7387206749484714,-0.040275817778609946,0.7079378849854502,0.7038578809541456,-0.07954682710440639,0.6653743133921615,0.7604262874718328,-0.06248134742036684,0.6755422310184842,0.7418452492484986,4.288135593220339
0.3128522760120847,0.8196029275117191,0.7088155306945509,0.31935914237141017,0.37783741695892087,0.7354571251946841,0.32300289855983005,-0.085333607546513,0.7694355989577893,0.3351262971303212,-0.10899386397041835,0.6389886017679467,0.3879519844652748,-0.1011398597127782,0.6522752522790828,0.3157424420889636,-0.18876916334704194,0.8560056215790021,0.12232811205732858,0.8163592628294567,0.7068105117080662,0.1340766049381418,0.36386336056003893,0.7669404910435562,0.13695642291230978,-0.10310577103148898,0.7948375614280003,0.1572502355900291,-0.08764325637985962,0.614254453214382,0.10201706018793108,-0.09881329878041517,0.6544474768960566,0.1423988335552386,-0.16715478577986967,0.833809188860374,0.1996127428890356,1.3534106844628213,0.6910506916437348,0.20130454532843312,1.6125237564964454,0.5782768149412559,0.21940080717385924,1.4576171179769264,0.5001691411916604,0.3670962337446657,1.2987976660468668,0.7132510068318341,0.45056034232915587,1.0286720658545194,0.785048851288775,0.4637679928136915,0.8198045296012576,0.6605316796291618,0.4181840240139288,0.6977497306892697,0.5970061793575289,0.4431540457198535,0.6604345800680052,0.6117434081907861,0.44079295180690314,0.6494195407788171,0.6925402308204395,0.06005726478165195,1.2846216326984543,0.7119956802664422,0.015299558037518785,1.0365746829915898,0.8157678726326252,-0.052390616076776295,0.8116161901018295,0.7416026469194158,-0.04023370172270756,0.708813480870807,0.7040014025448176,-0.07988607861518998,0.6693686739020119,0.7583059100246955,-0.06303432595093653,0.6768599566598404,0.7433995883378599,4.305084745762712
0.31400555744473013,0.8189905669025653,0.7099019580168544,0.3193429845636294,0.37873550239831466,0.7344460595825555,0.32302262796941983,-0.0851576544507176,0.7691242100528413,0.33531839844585765,-0.10831120404378297,0.6389225210767124,0.387789618639518,-0.1021544048280455,0.6547680152577255,0.31531686145811905,-0.18827846208164128,0.8557259937912949,0.12280234863515538,0.816612158878979,0.7062474850645121,0.1340851166424447,0.36366303681734424,0.7665068561850872,0.13695351773014838,-0.1031245546059222,0.7948344503138824,0.15735196415099434,-0.08781751354946232,0.6144805729142182,0.10261922310160276,-0.09751462466553533,0.6525319364487931,0.14230099814303412,-0.16731691865142317,0.8337727491753149,0.19899659252562085,1.351064082988883,0.6938246594514059,0.20242152559427495,1.6109944571253076,0.5696208171820443,0.21922856909255953,1.454576767578506,0.5005677332281671,0.36758864875446984,1.2990390477098674,0.713214372280055,0.4516928448424189,1.0273968772444995,0.7871764056112698,0.46408375307618216,0.8208364883417445,0.6574243948651468,0.4198315775513493,0.6977799255029086,0.5975714334302736,0.4432662806634695,0.6623182088667889,0.608826604917773,0.4433718245263229,0.6492954899607272,0.6928178658117485,0.06008836825895822,1.284719419829062,0.7116854295838773,0.015328313459570319,1.0372666565285082,0.8157887171742759,-0.05301256294627982,0.8120413993209576,0.7435185369368884,-0.04029488431464858,0.708935558706022,0.7041275068055889,-0.07997104535918002,0.6729637960915721,0.7556125998262301,-0.06427470967775908,0.6782158365312001,0.7461246136004839,4.322033898305085
0.3156016668023646,0.8183263494477496,0.7111228962190541,0.31944394082031063,0.37945331168041396,0.7331129466425145,0.3229914034158344,-0.0850575674723328,0.7689679457415526,0.33536117297128276,-0.10723572596473988,0.6391929718051463,0.3876537458609393,-0.10370169844988958,0.658785961726143,0.31466162978974704,-0.18770305781950433,0.8553089383898103,0.12355463986126916,0.8165636545043762,0.7063371219949255,0.13384916837008787,0.36311426586143747,0.7666329090192189,0.13694528054732305,-0.10314135571259297,0.7948334034500592,0.15766933771588593,-0.08862754544284068,0.6157379563731368,0.10291600562637898,-0.09691983014576794,0.6516339754628184,0.14213127438079692,-0.16753942774974437,0.8337116713627547,0.19852712155067959,1.3486094189552529,0.6956394333053735,0.2039184517294318,1.6090943197696992,0.5597436544560576,0.21822552344954313,1.4507716218681217,0.49851091416624776,0.3686001004258257,1.2991305294302025,0.7131643848059499,0.4531059496014592,1.0253559805617352,0.7900127587732211,0.46432236805740623,0.8215592443175004,0.6550056460139347,0.4221624429448954,0.6982533331326958,0.5975439353086116,0.4438165439296251,0.6646785523064552,0.6056900623381064,0.44608385547151014,0.649867143876484,0.6910811335294689,0.060098214318949864,1.2849267472679684,0.7112988839600448,0.015326117640207585,1.0376912842170296,0.8158457120511285,-0.053444754215491705,0.8120364072290989,0.7447840371761238,-0.04040821974232052,0.7085103659871603,0.7042248627472936,-0.0795930819073995,0.6758520426298802,0.7520243845912712,-0.06598221359922485,0.6794146732390977,0.7494640906032602,4.338983050847458
0.3175219185062771,0.8179245494920929,0.7118446663562996,0.319712340799871,0.38011740233424435,0.73146169592017,0.3229137225083599,-0.08501277986408541,0.7690157001536201,0.3352030949663033,-0.10618579019965015,0.6398224393344122,0.38760360945077754,-0.10546410783260282,0.663443555913957,0.3137981111801079,-0.18706518361355176,0.8547633429314726,0.12454920025064822,0.8165724528467231,0.7063303002919782,0.13344038507344286,0.36244704387298676,0.7673601963389529,0.13693589098534828,-0.10315129653326596,0.7948347226044639,0.15820434794597882,-0.09009428315981083,0.6181680693025862,0.10296154529857174,-0.09691336044779694,0.651602915380762,0.14200060584282975,-0.16762720791228095,0.8336136454507429,0.1984249129884355,1.3463180498191347,0.6954618924394989,0.20568574664898553,1.606785633398717,0.5486555349396438,0.21684533195468753,1.4460991146917317,0.4942204204841644,0.37014304066404513,1.2989525997405469,0.7130657448187989,0.4545637033411193,1.0227509729318491,0.793103690095742,0.4645779693720487,0.821500437130938,0.6539043299785994,0.42493287286831727,0.6988395859957364,0.5966257428198652,0.4450268006062202,0.6667280521846594,0.6032662087537795,0.44886450416132995,0.6509288251509698,0.6872882421274368,0.06005568272017843,1.2850591063207562,0.7108633237808655,0.015292612112867275,1.037707888934926,0.8159405848230437,-0.05376823645610557,0.8114982282396436,0.7456061527594766,-0.04053327971664427,0.7077056595542118,0.704297444243192,-0.07878119310851428,0.6776351405864391,0.748123256679854,-0.06747296730969646,0.6802413024887521,0.7521226579420196,4.3559322033898304
0.3196708702380392,0.8179201018577679,0.7117704683798222,0.320102437836702,0.38085225561233826,0.7295880088324574,0.3227887252194169,-0.08504222838617338,0.7692955120866624,0.3349966697308412,-0.10549143515554693,0.6404569106946165,0.38765615709196904,-0.10699411924051737,0.6675110728690374,0.31278596721109586,-0.18638497637019855,0.8541140129145463,0.1257163787473851,0.8167779156670949,0.7057383985118997,0.1329781542285802,0.3618191149640958,0.7684517691694064,0.13692689404080208,-0.10315270108804445,0.7948396623933739,0.1589392773503051,-0.09204308237633013,0.6213866595424428,0.10295168401031773,-0.09703821676435048,0.6517765364917013,0.14200164399435378,-0.1674069217247258,0.8334856078225964,0.19886767254256285,1.3440865540568676,0.6930339799854769,0.2074466368216535,1.6042350919635981,0.5363275473248821,0.2155696673760028,1.4404421653750903,0.4884549520202619,0.37211649005199543,1.2984758343662222,0.7128795042184427,0.45589808244719715,1.0197059333710097,0.7959324752119644,0.46501936273333644,0.8203589872395713,0.654638663694511,0.4277397407403285,0.6992275405305144,0.5949517314889767,0.44695615569770375,0.6678141235538626,0.602190595713787,0.45167595525527626,0.6521400526575147,0.6821976419225264,0.059933335135705965,1.2848644100617717,0.7103967422424713,0.015235901090956015,1.037303905557893,0.8160430168696379,-0.053903110598110995,0.8105244216371074,0.7457669137140237,-0.04062133987589874,0.7066567845464303,0.704298207031425,-0.07780972376770828,0.6780846780053844,0.7448191942386674,-0.06801538568087871,0.680630870089588,0.7526051313783675,4.372881355932203
0.32195523764585815,0.8182743721616946,0.7110071411469326,0.3205354144175952,0.3816284593024295,0.7277650058559296,0.32261997807885395,-0.08521898953467376,0.7698063810086174,0.33496040165993535,-0.10504370917847275,0.640488583623545,0.38777003855233644,-0.1079683450256782,0.6700205920755451,0.3117175019565145,-0.18565150226556904,0.8533572654517593,0.12702238213078862,0.8171067341916702,0.7046703183790123,0.1325924215594215,0.36136155591186814,0.7695130367961946,0.136917209656182,-0.1031457726915425,0.7948446617685968,0.15980453977658804,-0.09403140177175973,0.624375201655238,0.10313896998769129,-0.0967166841498474,0.6513010641501867,0.14208939012529426,-0.16687210339545944,0.8333270876849659,0.20008275737196599,1.3414371862923244,0.6889011070201855,0.20898274301224998,1.6017921291395092,0.5231709956591681,0.21475872708482457,1.433807039299659,0.4823498671947074,0.37429537321250583,1.297720171556644,0.7125748225361432,0.45696349629151645,1.0164756194502023,0.7980629995646616,0.46582419285527266,0.8182399553535058,0.6571757961040825,0.43031453688402616,0.6993880095286131,0.5930215057369773,0.4494478166376865,0.6678242230192541,0.602563461916686,0.45456410097804456,0.6533585540722747,0.6765458588576208,0.05975549642464567,1.2841700133880063,0.7099261360194346,0.015164606810381853,1.036589778482722,0.8160845013377938,-0.053646393446295744,0.8094274827631701,0.7446738984573201,-0.040631506513031754,0.7055336238324365,0.7041641182339641,-0.0769277836067553,0.6775359965857879,0.7424630323463197,-0.06732683925347471,0.6807454289144614,0.7501474240915055,4.389830508474576
0.32431508554939686,0.8189240635252651,0.7097759356750953,0.32098914743126883,0.38230037177340115,0.726300725442039,0.322418722918228,-0.08561423150675987,0.7705302895210759,0.3352179778098267,-0.10437998431610254,0.6393865102433108,0.38789131602041915,-0.1082211876631691,0.6704308694234783,0.31066598486717334,-0.18485131249812403,0.8524727528530444,0.12848535954302556,0.8174948947953827,0.703585379492496,0.13236922601267018,0.3611744968085162,0.7702435353937054,0.13690517025235271,-0.10313148108200998,0.7948413188218413,0.16061319597059834,-0.09539898404136321,0.6260195750717183,0.1036621966681546,-0.09562779775920807,0.6496967059134071,0.14212460597052234,-0.16616873248099118,0.8331042753395763,0.20221996918445345,1.3379350173680862,0.6839229983994615,0.21026634350756623,1.599798956811114,0.510487287379217,0.21471084246768954,1.426451367586089,0.47731653363786813,0.3763683034766081,1.2967293478978466,0.7121470296455529,0.4576402988669445,1.0134490573162485,0.7992730030656394,0.46712617665538864,0.8155524582690606,0.66079392208101,0.432542328859692,0.6994300023217914,0.5915392706395095,0.4521581408226474,0.6671279290110169,0.6039350710329856,0.4575277856831575,0.6546701387456986,0.6705966508965175,0.05962070681353033,1.2830045513913892,0.7094996765839645,0.015080690522934702,1.035787468283535,0.8160053864973941,-0.052844640785229595,0.8086208385181242,0.7418292324353675,-0.04056812166414113,0.7045144296929324,0.7038946094638288,-0.07612746857476928,0.676709924061521,0.7407471401771858,-0.06567920507785016,0.6808341712946108,0.7451758781396314,4.406779661016949
0.32679023321113965,0.8198183437794171,0.7082725578542614,0.3215450868564997,0.38269185611200796,0.7254032075047527,0.32219430525927845,-0.08625610048223409,0.7714599043686526,0.335788791165054,-0.10311371721980638,0.6369567997749825,0.38799469424484867,-0.10770578366137941,0.6686233530922853,0.3096558501743427,-0.18404841529238744,0.8514805359761919,0.13014339726581864,0.8179591592395646,0.7028554489040781,0.13233213603829433,0.3612592180343246,0.7705861811743809,0.13689015919286,-0.10311148132483297,0.794822683684398,0.16111807557092417,-0.09573859160503341,0.626105129711729,0.10436545377557316,-0.09407925837138878,0.6474145011697404,0.1420154948822475,-0.1654788219200388,0.8327815346687251,0.20513700315964972,1.3334693958194026,0.6789463331872889,0.21134989301063623,1.5984283109372635,0.49991290720807824,0.2157106500666949,1.4188213987043212,0.47483254135145764,0.3780132562425758,1.2955971539693267,0.7116436479577927,0.45789842444727913,1.0109778226473094,0.7996591449122488,0.46898574534219445,0.8127122306448515,0.6645817449745257,0.4343479780313395,0.699329481691229,0.5909907013272909,0.4547037390841364,0.6661637233494621,0.6054144458757618,0.4603285137476901,0.6561081269847908,0.6643303673457589,0.059719075592985685,1.2815197452929437,0.7091946186737805,0.014974769216876693,1.035144559628041,0.8158061311537259,-0.05152556230511078,0.808371382263737,0.7373417481755425,-0.04049348144397769,0.7036703972492258,0.7035565460608116,-0.07515873923552484,0.6760350869326741,0.7393719754548954,-0.06357843480384903,0.6810182535046174,0.7390210962483933,4.423728813559322
0.3294931542470859,0.8208710993720063,0.7066815858410662,0.3223360607005939,0.38261592767054964,0.7252187799783513,0.32194763716900276,-0.08714639618763324,0.7726122893894534,0.3366120994189516,-0.1012216154759708,0.6334626841329155,0.3880789487918966,-0.10652724491141431,0.6649821284847421,0.3086977880355998,-0.18339247127031186,0.8504604968921738,0.13201853959065313,0.8185021843262678,0.7025908644215701,0.1324821107345072,0.3615240575615324,0.7706435376645613,0.13687262075833265,-0.10308845117172895,0.7947888956096965,0.16113373786473398,-0.09521010933695223,0.6254944717026676,0.1048282319731568,-0.09291784568119124,0.645703814794878,0.14177184580180538,-0.16496584771597714,0.832364935734313,0.2084345456613511,1.3281384730607275,0.674709998245336,0.21225996451351262,1.5976186328043886,0.49247815396239936,0.21789353345471377,1.41136620960222,0.4759327086010332,0.3790219442204771,1.2944455498278518,0.7111756206739275,0.4578301715895442,1.009295845540871,0.7995713917644517,0.4713436278221612,0.8099663544017784,0.6679756694581203,0.4356493906671369,0.698980525432182,0.5912211360474897,0.4567637883897411,0.6651712185693645,0.6058581562444445,0.4626292621790207,0.657480123142376,0.6577842637642445,0.06034200088886858,1.2798563151227258,0.7090925076565382,0.014849931939590551,1.0348064657646943,0.815550124473879,-0.049848475101189026,0.8086105840142608,0.7320464796132568,-0.040486344154608146,0.7028986757981772,0.7032437920312941,-0.07376627475635478,0.6753648018247154,0.7383328004765556,-0.06144869193458943,0.6810539091991925,0.7334943584249753,4.440677966101695
0.3325076467876779,0.8219692253698693,0.7051098543811948,0.3234300705622645,0.3819341565927985,0.7258436409337117,0.3216802313484983,-0.08826605204754785,0.7739886785025057,0.33753136124615923,-0.09909691790265633,0.6297104514585667,0.3881506562554298,-0.1049768537895862,0.6604400454766041,0.30781493546285565,-0.18300935323398987,0.8495073885679555,0.1341049685627964,0.8190306240792593,0.7027620532317702,0.1328161913683774,0.3618673331796152,0.7705162975631529,0.13685324264117726,-0.1030664444188758,0.7947483277973082,0.1606520139440047,-0.09435853235254478,0.625290023844267,0.10466251435249697,-0.09289461602101069,0.6456787098995083,0.14146790247233768,-0.16473526100818836,0.8318992050825131,0.21167993357418055,1.3221409691449266,0.6716837878611205,0.21302643397768817,1.5972128866323945,0.4881522179909458,0.22110389480534148,1.4043959714262633,0.4806731370732963,0.3794200041717133,1.293402932660887,0.7109046671272004,0.45757343678926343,1.008480486161626,0.7993050721226682,0.4739774809401005,0.8074791235683418,0.6706972819448225,0.436450376637203,0.6983956093847979,0.5916250092796522,0.4581096264782315,0.664244310696557,0.6043708148523823,0.46435315459937376,0.6585411447220342,0.6510850992243403,0.06180104169764816,1.2781602804779548,0.7092322752867382,0.014765749869452185,1.0347487871938574,0.8153572963508027,-0.0480042750914413,0.8089637262882093,0.7271451326068104,-0.040562057205326,0.7020442793418685,0.7030392561719792,-0.07189783066200253,0.6743190144221611,0.7374948857733071,-0.059559711788972014,0.6804164702305522,0.7302138887907024,4.457627118644068
0.33581931893689576,0.8230254979804974,0.7035453012689634,0.32477124724589695,0.38060995596639574,0.7272424366416028,0.32141280348367,-0.08953729456092005,0.7754923870743257,0.3383053085341069,-0.09740823024454373,0.6268196438686849,0.388215146233622,-0.10349618224142479,0.6562515859465738,0.3070269062560742,-0.18291912661224466,0.8486878448714569,0.13637043627563825,0.8194235478993404,0.7032698532622612,0.13331380103863782,0.3622330955550842,0.7702771810043625,0.1368327442155298,-0.10305096469339763,0.7947157306029766,0.15992996744748333,-0.09394386291366871,0.6262062857074723,0.1037873255988919,-0.09423840633712141,0.6476976539880882,0.14118313319832362,-0.1647829213405992,0.8314442182964188,0.2145814814176006,1.315874638869053,0.6698756984378231,0.21378155587855502,1.5971093533364835,0.4859580313835907,0.22506610320888853,1.3980752072286478,0.4881591959167513,0.37943430780760823,1.2926199962343106,0.7109450746971926,0.45723768584642016,1.0083787418881962,0.7989078783919966,0.4766026554854406,0.8054159047057612,0.672513127862217,0.43688966648162997,0.697626134800564,0.5917343610915935,0.4586379377256332,0.6634274087390692,0.6009020264157029,0.4656881233114853,0.6591825227540786,0.6443175568900267,0.06424554630074304,1.276630332820201,0.7096159360672811,0.014818397388804437,1.03480745282778,0.8153910057617191,-0.04618670889003977,0.8089890649740283,0.7236857216679407,-0.04062678576883624,0.7011612916743958,0.7029296311154021,-0.06964593817975925,0.6727905852330159,0.7363758667052713,-0.058033282850482155,0.6788810109793488,0.729661598459548,4.47457627118644
0.3393221760576297,0.8240103817032014,0.701925218740572,0.32624805286368963,0.37865082753544044,0.7292798917349501,0.32119065558962706,-0.09081197445768956,0.7769096583884906,0.33867949730948865,-0.09676915804622374,0.6256721111269277,0.38825823964628636,-0.10249869330410719,0.6534608274830367,0.3063425285030264,-0.18306699308814922,0.8480258602178014,0.13877490575653842,0.8196778117712692,0.7038898103189652,0.13394456251549525,0.362611458590681,0.7700452230848833,0.13681251042395054,-0.10304713766911937,0.7947063586047294,0.15938036261459282,-0.09474211449987247,0.6285243048123004,0.10248029013457208,-0.09675549987291256,0.6515044998953285,0.14095284889130827,-0.16501551507531853,0.831052329271402,0.2170396318983669,1.309995124022992,0.6687998948404672,0.21475059234777188,1.5971642468420795,0.4846514478975236,0.22959935639202966,1.39250725045728,0.4970392271637522,0.37936151296779963,1.2922188656970788,0.7111956703367331,0.45700864033031297,1.0086861015234987,0.7981997261221392,0.4790438991371247,0.8038355871692808,0.6733143699669881,0.43707817500582846,0.6965690706002561,0.5914756121249427,0.4583894225966867,0.6626376225970237,0.5962870084853247,0.4667544448230777,0.6593551278170797,0.6376733690406776,0.06750080274030355,1.2754522340638714,0.7102462854232012,0.015076852211268824,1.0348145980506795,0.8157270842853359,-0.044542513885385604,0.8084645098290664,0.7222623634825877,-0.040488687144764376,0.7005675026629858,0.7027404098901775,-0.06710647146473867,0.6711015516899701,0.7345846727591362,-0.05676475683592188,0.6768451507717137,0.730960979494773,4.491525423728813
0.3428753291415318,0.8249532227910521,0.7002133931582476,0.3278228309294511,0.37611651344772157,0.7318950124069886,0.3210580823677044,-0.09194707991000187,0.7780322623114714,0.33850624779715294,-0.09743661808343122,0.6265851971732416,0.3882293045824683,-0.10210221954206375,0.6524164440853024,0.305785807794415,-0.1834050417075266,0.8474861871781222,0.1412989517675724,0.8199011674641798,0.7043369873212028,0.1346943543710473,0.36303459970599944,0.7699617287289016,0.13679506878579933,-0.10305438172914884,0.7947224897715665,0.15930423170031904,-0.09707853739460445,0.6321637831301151,0.1011990065944684,-0.10000372117659509,0.6564545842637248,0.1407620417164291,-0.16529398035250475,0.8307382157894951,0.219140061939895,1.3052816330694688,0.6677060783589549,0.21602019797564617,1.59712730375321,0.4835401779870796,0.23444767481614326,1.3878346668494619,0.5058219024464545,0.37954866385888425,1.2922326902490364,0.711372107529251,0.4572765455962857,1.009192378612647,0.7966769750619312,0.4812550399166151,0.8026132720910227,0.6733034479727227,0.4369397212102666,0.6950117911579506,0.5910137841101467,0.45753464882257155,0.6615515201580331,0.5917242462608827,0.46747211407923384,0.6589409158852186,0.6317787302539244,0.0711300047353919,1.2746856738018155,0.7111152160902039,0.015592248707623489,1.0347526409451528,0.8161390207011692,-0.043087051769440825,0.8075524861087299,0.7228587079969369,-0.039881075306124295,0.7005329880001028,0.7023301545573674,-0.06438129952059651,0.6696407160077211,0.7321220431115956,-0.055392743759381746,0.6749606192060503,0.7325582359242623,4.508474576271187
0.3463718402294118,0.8258783810286302,0.6984767199380205,0.32956973182214505,0.373236727786552,0.7351180121975323,0.3210300578128592,-0.09288069268231061,0.7787815971042504,0.33787012595266774,-0.09919823918005335,0.6292954619027217,0.388088790806677,-0.1020571025847383,0.6527686617457569,0.3053928256904692,-0.1839154643288256,0.8469581681673358,0.14394209415526163,0.8201861675557532,0.7044496785484472,0.13557837449399748,0.3635619763748833,0.7700682819027953,0.136783913737879,-0.10306274111065003,0.7947437866781495,0.15979868581869905,-0.10067531850677494,0.636720620318404,0.10031613407864833,-0.10336997624766528,0.6616107293319318,0.14057156396443798,-0.16547623807287556,0.8304707299581743,0.22110913468156454,1.3023168519867039,0.6660550671040959,0.21744799475773616,1.596806560961773,0.4825829670212355,0.23907546744076844,1.3842725213485134,0.5130847004609119,0.3803918571227451,1.2926505212851223,0.71116686418499,0.45848113300816484,1.0099189152852548,0.7935650755691831,0.48321303147016637,0.8015708890998101,0.6729671417837915,0.4362969061522659,0.6928608937220172,0.5904888739266869,0.45634606354862306,0.6598259616083373,0.5881866884218325,0.4677062234714549,0.6578161998444317,0.6276317806973459,0.07472105480020048,1.2742283111104586,0.7121107641647224,0.016419258593357057,1.034739356898055,0.8161321312964085,-0.04171662135275597,0.8067507178846739,0.7247013245551078,-0.038480147434252876,0.7009854412216266,0.7018869019071229,-0.061592737196055444,0.6685636229623799,0.7290848059269424,-0.0535340448342686,0.6737953167173183,0.7329533245212629,4.52542372881356
0.3497822868202763,0.8267105090790545,0.6969234279304244,0.3315779753082395,0.37038553266390484,0.738860936269624,0.3210973118751148,-0.09360640426363685,0.7791730401581783,0.3370487408842604,-0.10141158031003414,0.6330094563351796,0.3879117508374321,-0.10205337396264076,0.6539393597261413,0.3051536056212501,-0.1845334669765239,0.8463125143014669,0.14669455103789084,0.8205443951690116,0.7042735262154788,0.13660919317633116,0.3642397267973094,0.770267696450707,0.13678285822789732,-0.10305832881913722,0.7947425059852951,0.16081601012444974,-0.10488288126881448,0.6413114903283432,0.10002188907739487,-0.10620748320323323,0.6659664714401602,0.14034992047073663,-0.16549383804028536,0.8302102389346243,0.22322588914260721,1.3011051292405453,0.6638651454014914,0.21896120395573276,1.5961755889418985,0.48190109599151565,0.242873658348288,1.3819773725637463,0.5178363728069244,0.3822442514776021,1.2934833346620944,0.7100762991116725,0.4608184127263223,1.011079718695873,0.788200958482784,0.4848588260681018,0.8006189278893905,0.6728150242056146,0.435037199399797,0.6903471646382444,0.5898038179800407,0.455045863803916,0.6575998991895188,0.5859744013088398,0.4674025940215728,0.6560645953829612,0.6259837874360821,0.07807095317735724,1.2739125136071225,0.7128992321071062,0.017572178612097776,1.0348726259962702,0.8153031330116579,-0.04030058350536476,0.8066178537229488,0.7264241532335313,-0.03596645392259623,0.7015918149915246,0.7018676132591926,-0.05880488834083161,0.6679560856808177,0.7254443115424528,-0.05116969240187298,0.6737969730296222,0.7312819713427872,4.5423728813559325
0.35312503351281715,0.827303492373141,0.6958058257078326,0.33384699531357365,0.3678669527222781,0.7428726846229443,0.3212429278222246,-0.09412666102256877,0.7792418825721636,0.3362988684343533,-0.10329043384112996,0.636687008999433,0.3878871242654204,-0.10208334103743755,0.6555562914844675,0.3050051232902401,-0.1851200325502933,0.8455645044919274,0.14951636462261095,0.8209170189899864,0.7039693431371148,0.13774068496762962,0.3650989066958118,0.770391442287619,0.1367943670049127,-0.10303293485923311,0.794710260474109,0.16212614084882554,-0.1087263105030602,0.6445194611308505,0.100391679382831,-0.10798491576929473,0.6686924377954792,0.14010357608293816,-0.1653494054879207,0.8299487698043974,0.22573093599884037,1.3010447859172718,0.661599194610387,0.22071757022069483,1.5953206098394848,0.4816131264901685,0.24553843362448802,1.380928913060332,0.519781248637091,0.38533274996504474,1.2947371962939749,0.7072556397319782,0.46416187428381667,1.0129358000734836,0.7803123384198769,0.4861241892202897,0.7997664650254834,0.6730178268224947,0.4332118259556977,0.688036321095079,0.5886848420055946,0.4536459113582762,0.6556044308210496,0.5845815250891543,0.46661532346503204,0.6540927202900864,0.6267402133122725,0.08111200794192808,1.2736781383604316,0.7130141802583643,0.019026033276598138,1.0351686044812292,0.8136074952184436,-0.038704849625626286,0.8074101497756503,0.7268057832293836,-0.03218160151037839,0.7020368681638947,0.7026718568314684,-0.05595329741789486,0.6680717072266376,0.7211744843188876,-0.048744831256063575,0.6751307374624899,0.7276999683012404,4.559322033898305
0.3563836193397194,0.8275787787030459,0.6952653814997858,0.3362654478442663,0.3657497418265725,0.7469273022503684,0.3214387769374548,-0.0944810297637246,0.7790821794155441,0.3357459831418985,-0.104361138293405,0.6394910635500594,0.3881699863706247,-0.10241877806347816,0.6575188717756517,0.3049162966621535,-0.1855705210016257,0.8449372042923012,0.15233263942788194,0.821245102973521,0.7036656566550733,0.13890160793783293,0.3661619531927638,0.7703097558666695,0.13681642538965177,-0.10298815623168366,0.7946598584947485,0.16333009583974062,-0.11115931093413055,0.6452428439336623,0.10136036099734053,-0.10849582523690898,0.669452826253649,0.13986710430673593,-0.16503500559798606,0.8297115729926958,0.22875000440477278,1.3014282660849317,0.6597859016749764,0.2228575034646399,1.594444235848068,0.48193645828477777,0.24721949819751401,1.3809692624566507,0.5193249909905575,0.38964065729812325,1.2963439702966757,0.7019980497827731,0.46816025974494224,1.015560048406134,0.7702038084783593,0.48699348003919085,0.7991118847012537,0.6733206790169697,0.43108443599706986,0.686558773479912,0.5870092092525024,0.4520579330904879,0.6546032287191483,0.5831808330839746,0.46547380682610195,0.6524529120710071,0.6289665406178166,0.08381405902332588,1.273621873985284,0.7122027444724386,0.020749181044737462,1.035635588856039,0.8113288941653575,-0.036722575463323776,0.8089502088764372,0.7255954800264812,-0.02724553258624597,0.7021630228526802,0.7044457939533113,-0.05290847346104465,0.6692780002450675,0.7164590453229757,-0.04677513690504855,0.6776053812386638,0.7231078443638284,4.576271186440678
0.35947433684985286,0.8275596559819122,0.6952762832079225,0.3386569115695466,0.36391022807586815,0.7508857177941867,0.3216402966764416,-0.09477538431265224,0.778884088800196,0.33543218517038165,-0.10464693981970857,0.6409968247519986,0.3887765228157448,-0.10330509539772581,0.6598125171595292,0.30492080677233263,-0.1859147892884064,0.8446376108307131,0.15504096753552207,0.8215525194575434,0.7033862802585928,0.1401012591171526,0.36740771002618533,0.7699904903605705,0.1368365402436839,-0.10293773790394242,0.7946058718763384,0.1640535208158059,-0.11169521831451362,0.6437777638121116,0.10259903608387266,-0.10812002182573523,0.668790180943243,0.1396565724693634,-0.16452909385787695,0.8295326891835686,0.23226239480033434,1.3018380946955863,0.6587677647484055,0.22534377934718544,1.5938518334172982,0.4830293596899069,0.24833468698071678,1.3818068302254078,0.5173615262002094,0.39482983322034926,1.2981650636779192,0.6942779368300602,0.47232704196081887,1.0187287389176194,0.7588530050570104,0.48753837048570603,0.7987745901682433,0.6734864142754925,0.4290261067976433,0.6862598657096125,0.5849603426045473,0.45028449203910026,0.6547970407885322,0.5813673390191291,0.4641743145648457,0.6514980870708483,0.6313652165697896,0.08625264881394182,1.2738411931028817,0.7106619416011539,0.022649169195549462,1.036295250317958,0.808969876406956,-0.034106585738961775,0.8108964659199834,0.7235748276548132,-0.02149326965259228,0.7019499916184564,0.7070232212993803,-0.04963430532121825,0.6717513060200191,0.7118277276941442,-0.045389230117095225,0.6808526624103971,0.718680619299591,4.593220338983051
0.36229130462828496,0.827306579595598,0.6956767975307724,0.34085469198756746,0.3622188010120608,0.754601270789244,0.3218087335305734,-0.0951308217469802,0.7788249734966805,0.33533567298772926,-0.10447734129907649,0.6412566140334421,0.3896102341499489,-0.10475492210842884,0.6623044926913136,0.30503225926432664,-0.1862935834630745,0.8445998866771336,0.1575431107371427,0.8219450985719907,0.7030587211455167,0.14143182826028178,0.36878205276566567,0.769428116190503,0.13682518701293098,-0.10291143901486052,0.7945530887488716,0.16410027410717443,-0.11048916145543775,0.6414329622572421,0.10360323145003125,-0.10764779747862774,0.6678634844092313,0.13944543236035514,-0.1638487004044941,0.8294350759378181,0.23616593839565558,1.3020467707090024,0.6587141935234471,0.22807164407094566,1.5937497694797396,0.48473480524395574,0.2492427595835181,1.383004349571159,0.5148836209088334,0.40040005899924047,1.3000504645798463,0.684784025590109,0.47611053687886395,1.0220730043735877,0.7475734698792631,0.4878602063398423,0.7987166777906316,0.6736350871316856,0.42730198428622046,0.6870718424767841,0.5828522105184203,0.44839308714520465,0.6558020392117565,0.579372612142133,0.46300886687163534,0.6511743677626342,0.6328849202917641,0.08869146315042196,1.274330296126784,0.708929637130365,0.02457013011164135,1.037101073411561,0.8071474723085441,-0.03079059595110036,0.8130016457521193,0.721957077778242,-0.015321322406173697,0.701491979812217,0.7098329617099427,-0.04623839685937425,0.6751932603441849,0.7080618266080265,-0.04426224928244768,0.6842992730685534,0.7157105740628691,4.610169491525424
0.3647546042977957,0.8269294298558715,0.6962446164988685,0.34276459742706983,0.36068020125282774,0.7578853131540134,0.3219342539942725,-0.0956204901346159,0.7789434980520141,0.33534837196580886,-0.10422520113532151,0.6408264025321183,0.3905280209997051,-0.10656006253503575,0.6646796234721297,0.3052022006449933,-0.18681287091839086,0.8445610970978413,0.1597964702045735,0.8225531047739215,0.7025509670767097,0.14296670965024602,0.37027178841429953,0.768571022073738,0.13675069691730427,-0.10294159716738704,0.794499598138393,0.16350301570419956,-0.10791448259904773,0.6391209304132087,0.10398322478532515,-0.10773019898927713,0.66765612680262,0.13918947705384313,-0.16304897072395347,0.8294286463402062,0.24036454881169306,1.3019281689111664,0.6596497105851835,0.2309571047277853,1.5941162857221332,0.48655139894608146,0.2501671530168945,1.3841509216028274,0.512609182394098,0.40591861201415347,1.3018807671721846,0.6746230199990918,0.4789897337610667,1.0252420179473334,0.737548527146674,0.4880069916356081,0.7987483750040272,0.6739375178116489,0.42600506488677625,0.6886602230514647,0.5809342296208645,0.4464185054348577,0.6570240527417671,0.5777623586376014,0.4623041065472299,0.6511578646155722,0.6332071613637342,0.09143143896768774,1.275081514440651,0.7074718135279515,0.026451082218204674,1.0379326989675928,0.8063270259505553,-0.026974378123810344,0.8150062733832337,0.7219185417506975,-0.009049339038266793,0.7010186881913745,0.7119863684166388,-0.042803141822647814,0.6789034962304668,0.7058735954155649,-0.04284319434784081,0.6872144880289822,0.7150092431817758,4.627118644067797
0.36683676508698443,0.8265895865105616,0.6968337635888161,0.34438044636857246,0.3593625566684184,0.7605761058848559,0.32202059359380475,-0.09624059659975588,0.7791731330972409,0.33532313126797286,-0.10413744431769234,0.6404317904407442,0.3913828390410238,-0.10840828402584463,0.6665456669679938,0.3053880106728225,-0.18742182698398197,0.8443625001629579,0.16182873214012466,0.8234571198096001,0.7017620636928619,0.14470397225757525,0.3719228431725202,0.7673260193608776,0.13662269575547548,-0.10302358204539648,0.7944452711874549,0.16252361628884804,-0.10441568542321475,0.6368251827498117,0.10367050207217067,-0.10857160893245554,0.668585206020297,0.13888442049107452,-0.16218419061063907,0.8295175348022209,0.24473213169726693,1.301596639058285,0.6614099061767587,0.23394229174242687,1.594802853998522,0.4879269951414621,0.2513742447690802,1.3850789338715315,0.5109053608619303,0.411068254717305,1.3035855872955395,0.6648329855729369,0.4806855088401367,1.0278834763485474,0.7297018138575794,0.4879701826307027,0.798794376223402,0.6742348049058664,0.4251639359037238,0.6906608778615468,0.5793589160880325,0.44441646198483054,0.6579522897650756,0.5771805642409141,0.4622365520438694,0.6512278514878882,0.6327237147799574,0.09449843805501204,1.2762003579608538,0.7061922196211043,0.028411995142629386,1.0386999753425679,0.8065346576381875,-0.022866406341634022,0.8165245791657126,0.7243174666280818,-0.0028783432552036163,0.7008372414238124,0.7128530311795565,-0.03924263850204159,0.6822484326879912,0.7055256455763972,-0.04065195793413888,0.689257641483226,0.716108200153593,4.6440677966101696
0.36859114839331075,0.8263298684626208,0.697469683531883,0.34575355615998965,0.3582027367185052,0.7626565190324325,0.32206389161164073,-0.0968933149254367,0.7794436031179565,0.33518766621302454,-0.1042343646824377,0.6403966165565478,0.3920437280935335,-0.10999728493250543,0.6676531662147891,0.3055842292429101,-0.1879628322490675,0.8440228987485021,0.1637035614512096,0.8245540951651203,0.7008036549838055,0.14658981304282884,0.37372070918947237,0.7655994915201239,0.1365052754283127,-0.10309037993373817,0.7943934387224162,0.16150821812853028,-0.10045050198734892,0.6341215751618194,0.1030071899239901,-0.10976936961619012,0.6702621016018362,0.13858726666494134,-0.16127449977597488,0.8297037065986618,0.24904360454057733,1.3013862014289863,0.6637175072478394,0.23695071824044073,1.595660778238705,0.4886496453008968,0.2530766165160758,1.3858972978167592,0.5099352309639587,0.41561296558116084,1.3051212170831998,0.6560590401973776,0.48144849977362536,1.0296196311537407,0.7245745093555529,0.48771238379111603,0.7990245231740006,0.6741456433813571,0.42482099266525986,0.6927970219052382,0.5782152622766155,0.44256293464700003,0.658256354619227,0.5781704300979459,0.46268441519083725,0.6514449271545952,0.6320869369693076,0.09754666175566826,1.277842102255625,0.7044668680923991,0.030668731856904802,1.0394000680566748,0.8073674510916227,-0.01844194679416852,0.8172819158480833,0.7292484023381924,0.0030241411502396473,0.701138595047858,0.7126494266690332,-0.03548041201194331,0.6850277749469637,0.7066268189103052,-0.03750714394545652,0.6906871033307899,0.7177250539520125,4.661016949152542
0.37014806277997464,0.8259277449607757,0.6982711560204025,0.346935100310943,0.35697800189425183,0.764292785050727,0.3220650421075139,-0.0974393870083277,0.7797064782423704,0.3350106846237437,-0.10426409012278598,0.6404079199030532,0.39241599466354476,-0.11117134533748874,0.6681584372406805,0.3057840202782128,-0.18827289831352928,0.843527022488273,0.16548264303499788,0.8254955742365935,0.7000605151684233,0.14855032323352926,0.3754423658370174,0.763442157765839,0.13646661539272037,-0.1030333974373476,0.7943422221742191,0.16068733293885418,-0.09630042416959028,0.6307650907629729,0.10266054651288352,-0.11023241704490933,0.6711762093680961,0.1383628398907156,-0.1602827514305047,0.8299831696895131,0.2530596985664088,1.3016139726775615,0.666279122429764,0.2398403835623712,1.5965765794881648,0.48889385996775064,0.25512036651356423,1.386896876995503,0.509600365094258,0.4194217484685764,1.3064185067814076,0.6487504593416504,0.4820038765504283,1.030258148407531,0.7220417121837158,0.4871927361773517,0.799695007252391,0.6734222682762919,0.4249545646333129,0.6948480128613594,0.5775175600356561,0.4410908220846641,0.6578479574335993,0.5808156131851043,0.463288354419287,0.6519446463679849,0.6318784994051868,0.10017959519601444,1.2800187163667938,0.7017928796261637,0.03340618419932745,1.0400791543762111,0.8082179467908396,-0.013589017168280055,0.8173980004419901,0.7358622677022131,0.008464076233463055,0.7018278663950108,0.7123841327079354,-0.031669331515857796,0.6873504736195608,0.7082991387227482,-0.0335304628553566,0.6918526521869317,0.7190935771178882,4.677966101694915
0.37163746667950553,0.8250918856501188,0.699245416878973,0.3479367154295788,0.35546865167825403,0.7657095259517712,0.3220501205763909,-0.09778869097648034,0.7799018313864589,0.3349445086394329,-0.10383466912422501,0.6398375363810053,0.3924830901007025,-0.1119913689114846,0.6685753405359551,0.30597668010042395,-0.18824057081840073,0.8427525422189326,0.16719472811138342,0.8258871090458125,0.6999351843604862,0.1504945700133682,0.37671269235400096,0.7612049923122086,0.13653322691713937,-0.10276422197629334,0.7942830442063938,0.16015188300976008,-0.09203866904385109,0.6267749486539316,0.10326242280395709,-0.10869646768971106,0.6692962150117353,0.1382381669769417,-0.15912448743036609,0.8303410869856396,0.2566230469704791,1.3023962481921014,0.668792250750388,0.24254717843925938,1.5974478752219416,0.4889186470942345,0.25706469010204147,1.3883963358083018,0.5093297502433611,0.4224722789065498,1.3073992051111227,0.6432871370325279,0.4830138371837456,1.0300802040548578,0.7214048886296587,0.4864158964198152,0.8009322768461914,0.672101923115729,0.4252907304772565,0.6966433414928291,0.577204033517999,0.4400487893882644,0.6570038563743326,0.584486031278056,0.4637024393200496,0.6527139122915664,0.6324674588882646,0.10233995229180991,1.2825192344488412,0.6981548440842673,0.03662467271822662,1.0407413602000233,0.8085889420254302,-0.008454692058523568,0.8172403409664245,0.7429803538696499,0.013274416920517725,0.702543245368824,0.713243610141035,-0.028067713047075282,0.6893248135518792,0.7096532497638601,-0.029015111737900452,0.6928348659088586,0.7204142207426237,4.694915254237288
0.37307798949134985,0.8238471738640544,0.7001031223112879,0.348773696925263,0.35359066414210305,0.7670389459034923,0.32206028323269975,-0.09789933135650754,0.7799356068397106,0.3351026276082485,-0.10271447309820174,0.6382943872831176,0.39233334530882635,-0.11246027877158143,0.6690605422592981,0.3061815064587879,-0.18788311030285618,0.841645953715157,0.16883468218326309,0.8255939759174903,0.7005300920907256,0.15234377601553012,0.3772764626995788,0.7594036470681018,0.13669711172336046,-0.10229717177315138,0.7942153348428659,0.15995320396431673,-0.08753236366878325,0.6220021563884679,0.10506364576105713,-0.10453495794620915,0.6634551034317515,0.13822971428879502,-0.1577566166936906,0.8307506643267151,0.2596336741263842,1.3035875233026544,0.6709758866896475,0.24523314320906792,1.598173433317893,0.48884721268287623,0.25857246591276795,1.3905328819953606,0.5082695067815635,0.42483098108155626,1.3080680428897593,0.6396066019377424,0.48469694116500994,1.029786153351981,0.7217783658452743,0.48545849825760445,0.8026297978787419,0.6703864907419023,0.42527791267777737,0.6981366907736011,0.5772662892330364,0.43912702921639285,0.6563599899563027,0.5881430478284884,0.46379894514728814,0.6536350378511819,0.6338667282756201,0.10430457223263634,1.2850284858751797,0.6937893249150852,0.04008818556485856,1.0412956414808867,0.808379366978346,-0.0034905566232795067,0.8169969878238743,0.7498798435002063,0.017343922761421108,0.7028697158375109,0.7158979772708212,-0.02479663971545647,0.6908837317859103,0.7102930743766227,-0.024376469791474183,0.6934837254106011,0.7222600241370627,4.711864406779661
0.3743399060059854,0.8225837354299502,0.7003183253018236,0.3495311105625402,0.3514494143231742,0.7682734473539,0.32212445442864607,-0.09774738250968003,0.7797260708837785,0.335500605829702,-0.10099008630107328,0.6358762662474419,0.3920997360460264,-0.11223516872182478,0.6688923428629565,0.30645468924559854,-0.18736923515677406,0.8403454701279657,0.17038494875561408,0.8248411256135688,0.7015566027553014,0.15408599728540337,0.37716566584878675,0.7583599519312356,0.13694401687471816,-0.10176660989170738,0.7941550623953263,0.1601504808132856,-0.08255824119672547,0.6160594929733767,0.1079166734400177,-0.09794034283903046,0.6539328284456871,0.1383770412862659,-0.15628268185675231,0.8311819918689156,0.2620655207637647,1.3048673588098139,0.6726092576299733,0.24809441311269323,1.5987020368584361,0.48872531205346226,0.2596237021878529,1.3931880635066176,0.5058978030443042,0.42661997735625856,1.308522912316764,0.6371316898734487,0.4869569038105378,1.030033741344019,0.7223306051136238,0.4844427531480644,0.8045181973900949,0.6685155256109576,0.4244007563275063,0.6993228465395176,0.5779401948431708,0.4378438197584447,0.656549186707392,0.5909594911445069,0.4636428065544292,0.6546060491665439,0.6357699885223581,0.10638416673283818,1.2872754257674712,0.6890138618168016,0.043494966455247655,1.041642533824583,0.8078327210005065,0.0008997170261817322,0.8165251675524867,0.7563933056316667,0.02057260121523463,0.7026047474486828,0.7202503930052316,-0.021811382994968924,0.691791587662782,0.7105293713930739,-0.020068403103207233,0.6935198999889836,0.7250336390379981,4.728813559322034
0.3752496186470574,0.8216801958708321,0.6995436236024956,0.3503206785597454,0.3493019209139052,0.7693202145842453,0.3222639648288933,-0.09737777825953255,0.779311708080394,0.33608577014778807,-0.09892977738335872,0.6329659277908647,0.3918601025779414,-0.11089615081358403,0.6671203160570529,0.30685967860364893,-0.18691106034269644,0.839097507240701,0.17180439370344314,0.8240062468811775,0.702501323457316,0.15574478317575072,0.37657093530650787,0.7580142207861689,0.13727264730624378,-0.1013363538075169,0.7941264170537975,0.1607604879060796,-0.07724987804506815,0.6090531741261738,0.11146505660772583,-0.08959870904232331,0.6420015242150353,0.13872272366287483,-0.15491877598931666,0.8316291702480358,0.2640159234154519,1.3059715025090506,0.6735423688818346,0.2511066015746576,1.599089386951834,0.4886329968930196,0.26042113423250635,1.396094335917012,0.5023821301034297,0.4278981498190599,1.3088514476712354,0.6353242418967935,0.4896079275699371,1.0309908521180218,0.7225782137010379,0.483501021488005,0.8063622682345255,0.6667697802293638,0.4224983150983741,0.7000007236227983,0.5796550662128865,0.4359202179466364,0.6577768586655193,0.592644116938178,0.46329446135718433,0.6555246437731905,0.637838651099728,0.10871875127432401,1.2890963981320127,0.684339156934325,0.04661426230633337,1.0417924820051716,0.8072622271557843,0.0046439727896687485,0.815616545202223,0.7624841355697265,0.022975078688934385,0.701884939071112,0.7256774580733506,-0.01898893647945639,0.6918526495698277,0.7112533888812415,-0.016319810436533612,0.692715345306765,0.7290317767695995,4.745762711864407
0.37572438442146655,0.8211923849899334,0.6979462312558515,0.35119527500476444,0.347368560266684,0.7701247191798655,0.3225142432235448,-0.09694751833657529,0.7788780469415759,0.3367749671584927,-0.09679745683037949,0.6299485037451179,0.39162168026272526,-0.1083640717645683,0.6634520898221854,0.3074307034134372,-0.1866400210954109,0.8380951238807042,0.17303263800256433,0.8232959627925234,0.7030222219293477,0.1572968224539452,0.3756664430268156,0.7580290389904577,0.13770118675595253,-0.10111851186953923,0.7941542263927754,0.16163094124476401,-0.07220968472609816,0.6019419729951945,0.1152347820287748,-0.08062600400817774,0.629540667573106,0.13927763251726963,-0.15387060010118783,0.832121139323883,0.2656400300836926,1.306788701549881,0.6737858526455733,0.2540435068638578,1.5994638716535583,0.4886458401716033,0.2610789354256302,1.3988934103444257,0.49832600139110905,0.428629144835877,1.3090772870279015,0.634017468778486,0.4924491564447714,1.0322903200731413,0.7225720416746877,0.48276289203496825,0.8080368705876688,0.6654707483574112,0.4197763584549743,0.6997738057359695,0.5825855018905791,0.43340899866299043,0.6597904716012563,0.5933615066448465,0.46265903619733995,0.6561666082683961,0.6399953691895198,0.1112893440834344,1.2904077648308399,0.6804614644587861,0.04921873448138932,1.0418293554222366,0.8069242683776456,0.007866239444196937,0.814307048854288,0.767932847414593,0.02489045300452985,0.7010936944988149,0.7312782027941691,-0.016164747304863496,0.6910507684317188,0.7135610838889594,-0.012958182426796166,0.6910616268090353,0.734715193541991,4.762711864406779
0.3757979172697594,0.8209455065174351,0.6960032826866293,0.3521683466766295,0.34569160228784523,0.770745783145822,0.3229171634301317,-0.09665125873399436,0.7786310083204504,0.33746012267803455,-0.09481470963761333,0.6271034054863827,0.39138149893153906,-0.10491892275826092,0.6582995903005774,0.30816761179587443,-0.1865768679100419,0.8374196945746636,0.1740442877754531,0.8226602018272483,0.7032552625066514,0.15868490981626088,0.3746158338062975,0.7580442723912534,0.1382491140006014,-0.10116012040881411,0.7942568995230372,0.16238672563593493,-0.06804383467605313,0.5958795354482043,0.11855140067460382,-0.07267762716138117,0.618952182777706,0.14000053214551147,-0.15330444764280346,0.832675308719754,0.26705038576681206,1.3072448004238675,0.6736184527430901,0.25657470647349695,1.59987110600213,0.4887497572317924,0.2614033402810366,1.401136907246932,0.49435115834767784,0.4288440863228732,1.3091945353126682,0.6332594491456301,0.49527373651563034,1.033377637285245,0.7225411578468415,0.4823380210403213,0.809394457164586,0.6648480408949526,0.4166604281334493,0.6983889950310476,0.5863113587138915,0.4305747230821482,0.6621177733543661,0.5934925466896277,0.4616198195849366,0.6561891038756043,0.6424017628351918,0.11401521308992868,1.2911366863699827,0.6780202846304073,0.05104970680673615,1.0418022234486197,0.8069598237599518,0.010585899044497093,0.8129046551156544,0.7724413765499565,0.026886345129448114,0.7006862479586609,0.73600127012893,-0.013150166485348082,0.6894735118813815,0.7181670645396621,-0.009547018493995345,0.6887223582914082,0.7424177042037879,4.779661016949152
0.3755824586687667,0.8208018408835308,0.6940746529755402,0.3532750589164949,0.3442178658207132,0.7712924431198613,0.32350634228195757,-0.09659571686821407,0.7786725579947577,0.3380063533647186,-0.09308339022786291,0.6244508677448883,0.3911655508474364,-0.1010167701679263,0.6524058968500231,0.30905693522166106,-0.18667730547644715,0.8370870775528613,0.17487224819685687,0.8219926653392197,0.7036176536551443,0.15988289220928711,0.3736178905065186,0.7578711588343474,0.13889382410311554,-0.10143118875121679,0.794428432089861,0.16258761702777588,-0.06503716808928597,0.59147381102122,0.1205223969077171,-0.06758858438021502,0.6127842799144013,0.14079437969054293,-0.15334964679780752,0.8332473116647902,0.26828039734236797,1.307301265976398,0.6734206303213374,0.25835280453299936,1.6001630681488586,0.48886078197634986,0.2611616797917155,1.4024071890828729,0.4909565305739828,0.4287356660548939,1.309207703609133,0.6330718126592623,0.49787337993517333,1.0338980641648883,0.7224175213545443,0.4822553077494238,0.8102287533196175,0.6648565450935681,0.41367518418895177,0.6960429821533876,0.5901101567214837,0.4278075632041797,0.6642213219766013,0.5934706060974622,0.46035497118952073,0.655464397916277,0.644903472520603,0.11674777441262493,1.2912296589887797,0.6772940786405404,0.05193458438664461,1.041707756425672,0.8072985606769703,0.01270551870258576,0.8117941624648505,0.7759726007615343,0.029392528994534442,0.7010573181600533,0.7390307631219459,-0.009730060143600248,0.6873108521029554,0.7250523849762593,-0.005704714807975828,0.6859725014347245,0.7516723439920361,4.796610169491525
0.37523015431820456,0.8207290685231151,0.6923072197918083,0.35456314967261915,0.3429222336633192,0.771849333227934,0.32430469800436945,-0.09677102993986944,0.7790049128705973,0.3382897064584338,-0.09144719828077041,0.6216727180942767,0.3909979461024571,-0.09714641084011613,0.646561333840485,0.3100765548920027,-0.18691543140253172,0.8371228825966824,0.175567682583,0.8212775115694355,0.7043293517403165,0.1608958414920734,0.3728327813107798,0.7575041079263586,0.139558386889072,-0.10183049672135237,0.7946318513406073,0.16197160834548022,-0.06323496007639623,0.5887689084589363,0.12038637176296692,-0.06653949357936838,0.6127804147470305,0.141556334108959,-0.15405284440922765,0.8337577093907487,0.26927348714535276,1.3071010834277699,0.6733430369676603,0.259177227263154,1.600114877086003,0.48896375768167877,0.26053818355627917,1.402530858190039,0.48855082380775094,0.428547484412085,1.3091548226119563,0.6332722873135166,0.5001610664074774,1.033761739858312,0.7218426963925928,0.48240883618324115,0.8104207605722238,0.6651714024125601,0.4113597280985948,0.6932711982358185,0.5934333070067593,0.4256007454517976,0.6655957785906521,0.5937801516401606,0.4593492711051701,0.6543450534059949,0.6467007248639293,0.11917087638294026,1.2907376654891194,0.6780515005416213,0.051843468059690444,1.0414897969691463,0.8078206230482603,0.014241146091662975,0.8112575157745949,0.778749235722783,0.032499123218022646,0.7024327097648306,0.7403318162740757,-0.00571287014910754,0.6849743278766489,0.7336334101807919,-0.0013613631004463465,0.6832609071395981,0.7611722438680074,4.813559322033898
0.37488339686058375,0.8206823464457034,0.6908005389832896,0.3560461635077533,0.3418071678207194,0.7724935913180433,0.3253024334559424,-0.0971507403581182,0.7796169417588102,0.33828742924561495,-0.08958218860121056,0.6183962705416287,0.39083343104983737,-0.09373530883198766,0.6414227057808073,0.3111735901424993,-0.18735747256445945,0.8376296999638817,0.176155186725979,0.8205569437139594,0.7052274018460932,0.161715505385084,0.37225630970030793,0.7570790844600489,0.1401604347768536,-0.10225264354502632,0.7948241084622755,0.16058645694519186,-0.06264989872744746,0.5876934788190065,0.11815344291722546,-0.06923135660406286,0.6184956701509043,0.1422472629900973,-0.15540304557394388,0.8341566043788333,0.2699291429652224,1.3069134778247764,0.6732802722163074,0.25906195079271466,1.5996318103152538,0.48924125997873846,0.26003954740404295,1.401691091316507,0.48735419706204647,0.42843198660835635,1.309093106135517,0.6335367364486928,0.5023287988903373,1.0329725513662205,0.7205215458957563,0.48261999423254026,0.810005883067885,0.6654752386774109,0.41011831788096487,0.6906096961316096,0.595923759216967,0.4243517375913366,0.6660144741360605,0.5947324619795362,0.45900171637506426,0.6533684767011865,0.647059553356321,0.12085279941681966,1.2897919439673153,0.67986622644881,0.050844455462820425,1.041042766001191,0.8086241140964735,0.015380170909380398,0.811439903212539,0.7808334668400072,0.0360414017082312,0.7049075460383158,0.7404599223093975,-0.0010923651786947433,0.6831271525245439,0.7427991638402123,0.0032369830694982055,0.6810589142240923,0.7695168614129141,4.830508474576271
0.37463621309676576,0.8205726385433832,0.6896232628518546,0.3576795026965087,0.3408539843434879,0.7732754643842829,0.3264258023308728,-0.09776944340608593,0.7805372169990302,0.3381266670181445,-0.08722881507327605,0.6144460476718168,0.39056081467385073,-0.09113988490083402,0.6375027881611928,0.31226609031762714,-0.18812983959370239,0.8387215981182673,0.17664231340265976,0.8198686319611268,0.7060111300530969,0.16229387744947316,0.3717007436609929,0.7568377169034213,0.14065635521988282,-0.10264716199360883,0.7949839655964244,0.1587314197435467,-0.06329877922728923,0.5882661935644449,0.11483572951346002,-0.07379803648312745,0.6267750297792115,0.1428815580314315,-0.15737536053610826,0.8344354215400193,0.2702244238231273,1.3068679061112176,0.6730991333261223,0.2581587434520068,1.5988025320936328,0.4899629164031643,0.25998729852460345,1.4003464283138232,0.48716868546154507,0.4284262701936783,1.3090552051714355,0.633666500220977,0.5046948396238788,1.0316265753527725,0.7184392129139094,0.48276873827744227,0.8091563102566738,0.6657377515406664,0.409938360854441,0.6885886131340179,0.5971260140404511,0.42396303502298893,0.6658207578994249,0.5959092452124966,0.4593425549331296,0.6528113480122665,0.6460816722615209,0.12149856501664733,1.2885093502276888,0.6825665776469066,0.0490801732800203,1.0403645731448143,0.8098729000377769,0.01630473624461867,0.8124084822060711,0.782067744887747,0.039782985085846594,0.7085616150278646,0.7397210608284365,0.003955439219774565,0.6825216994447522,0.7507718952532899,0.0077470858799425155,0.6795526348208429,0.7759411776677145,4.8474576271186445
0.3745141465207276,0.8203564468781754,0.6887119478322844,0.35938067472939367,0.34002206466601004,0.7741508760180569,0.327564061730893,-0.0986419427629544,0.781757534835191,0.33797298438491485,-0.08435504142785011,0.609906878369412,0.39009198930006894,-0.08954307866200877,0.6350613558620983,0.3132988680143164,-0.189303521973322,0.8403726551904832,0.17703202066467238,0.819218650077253,0.7065412105990242,0.16256029516542747,0.37095348700944675,0.7570204021488771,0.14103706294367502,-0.10301123384580539,0.7951142687604182,0.15679210189163845,-0.06495688862622458,0.5902825762181886,0.11174019514460617,-0.078026925210728,0.6336414430214028,0.14346309341645824,-0.15984152666456575,0.8345936056105318,0.270269439277672,1.3068952611603546,0.6727449328826605,0.2567393534579338,1.5978155749558978,0.4912296740364525,0.260298551277479,1.3990487728565209,0.48743138677141673,0.4284962015119219,1.3090418072752803,0.6336631918492337,0.5073961242458591,1.0301291669917743,0.7158122117422516,0.4828419752325772,0.8081775041004897,0.6660756785347599,0.4102450650613364,0.6879757109973648,0.5965119714706373,0.42370993361824105,0.665854228203409,0.5961623533964233,0.46015273571978904,0.6526437133976812,0.6444208678090712,0.1211500881747338,1.2870380225811124,0.6861338150554139,0.046753947431092194,1.0397187464439388,0.8115200582522208,0.017063124030175004,0.814186218585309,0.7825269480324437,0.043470874699979914,0.7133650441031503,0.7379684130778634,0.009249784778454324,0.683713792005936,0.7557182817790239,0.011879087357586585,0.6787452763148983,0.780402504381953,4.864406779661017
0.3744670544204365,0.8200702450840395,0.687943943100466,0.36108849237341173,0.33930139895459255,0.775051814701401,0.3286374880761443,-0.09964417298484286,0.7831348165682407,0.33783498045667437,-0.08122630298507234,0.6052037246625,0.38941277467936697,-0.08864735601202306,0.6336731210256894,0.31427304246361276,-0.19082725372586984,0.8424332664591182,0.1772846698416828,0.8186163925964483,0.706853255327092,0.16247154577090234,0.36997158322834695,0.7577732839253074,0.14130732610802627,-0.10335303318272743,0.7952250480911567,0.15514696253351537,-0.06702322861562712,0.5930397371299342,0.10956651872621137,-0.08073304299943597,0.6369543705227222,0.14396635472983055,-0.16250400025646689,0.8346191881016229,0.27021588729234824,1.306958305355676,0.6722855120782723,0.2552392358090985,1.596855207486962,0.49298178576595797,0.2606951610860679,1.3982735368412618,0.48769019011363346,0.42854758162706674,1.3090471879896206,0.6335913076301487,0.5103651600830448,1.029199232616798,0.7129950533160744,0.4828930493955001,0.8074592055893487,0.6663568152175613,0.4102492392905034,0.6896765844734615,0.593991547627112,0.42273284644356984,0.6668886261910778,0.5945535716500904,0.46120965635565503,0.6528175454034792,0.6425369556363669,0.12013690273710999,1.2856015210152592,0.6903850267295306,0.044099008005263826,1.0395107997031414,0.8134227367592672,0.0176027949422845,0.8167259785802368,0.7826771513161889,0.04677412179765046,0.7190642246875772,0.7351320788008046,0.014607290687521816,0.6868639069287982,0.7568170448125735,0.015362611691424846,0.6788091692651811,0.7830994903997002,4.88135593220339
0.3743980802676107,0.8197803192450209,0.687291858867837,0.36281075005061286,0.3387702954027718,0.7760403064282086,0.32961018929428676,-0.10056512931342473,0.7844487591970741,0.3375568843961451,-0.0782858722906318,0.6009834959553131,0.3885646117022797,-0.08777450763046223,0.6323579132039047,0.31519574030619635,-0.19253492373618372,0.8447573856919414,0.17732652751485692,0.8181149937754904,0.7070096667957275,0.16204725825526972,0.36890118516447934,0.759133989889376,0.14147407985052088,-0.10367031817777132,0.7953155103606474,0.15413094325468255,-0.06892948606890324,0.5957249450317145,0.1083413862750101,-0.08178286145164818,0.6368938947689659,0.1443629580710267,-0.16501673778291145,0.834496619434959,0.27011875856681455,1.3071579506504662,0.6720423303914738,0.25416742046622776,1.5960308322763361,0.49522902527506546,0.26100959430630916,1.3982836781802237,0.48795581194372617,0.4284484084630139,1.309066502786806,0.6334895796737328,0.5134971197497824,1.0294847523364576,0.7105327124243721,0.4829762028759085,0.8074149112831777,0.6661319775360257,0.4094878384928947,0.694204242676984,0.5902069248679989,0.42071278723509387,0.6691230690242581,0.5911392073472458,0.46234787871711996,0.6536312310809608,0.6403446298151603,0.11882939434664466,1.2844195526377138,0.6950252238430938,0.04130411126547358,1.0400077859590537,0.8155763292747078,0.017855549317836866,0.8198522713419912,0.7830024050885042,0.04937993893856144,0.7252866318432466,0.7314597143744345,0.01976892549316229,0.6917008751807396,0.7545723557787901,0.017963676111131005,0.6800564297366936,0.7840190227892812,4.898305084745763
0.374219086963111,0.819523179908342,0.6868653285468721,0.3645911307766261,0.3386168802991517,0.7772606407455511,0.3304515179601293,-0.10125671831656519,0.7855131350527693,0.3370490189931978,-0.07595494550945796,0.5978446226603155,0.38762478116304133,-0.08651063033187878,0.6305028293421021,0.31603498033425587,-0.19418976525752057,0.8472198800432987,0.17712891800699113,0.8177578409094373,0.7070603994955118,0.16135804143672614,0.367943105930338,0.7610095545400752,0.14154173206815496,-0.10395055366652373,0.7953696080105147,0.1538986666428403,-0.07051934330425089,0.5979384782297892,0.10789191827892577,-0.08144935735488407,0.6346998102576566,0.14464404553593962,-0.16713615439120375,0.8342231340386719,0.2699065102307579,1.3076264745829755,0.6725394029417924,0.2538257402978384,1.59537540237878,0.49803182670665375,0.26119110094480996,1.399113228015775,0.48847502027232104,0.4281120016265735,1.3090840669780626,0.633372153773666,0.5167836943227964,1.0312046695477388,0.7093435350592496,0.48309733659769816,0.8084267027324427,0.6650160958158096,0.4079671865096117,0.7013070069269725,0.5860977210605836,0.41804125691290983,0.6723711959928976,0.586743587664128,0.463350476611066,0.6558480215276856,0.6373914770743673,0.11742606602897164,1.283704573586536,0.6997852268904152,0.03848680845806495,1.0412988001353045,0.8180237775851985,0.017810132451033082,0.8232319062638278,0.7836754368649939,0.051279676079069705,0.7317052468880292,0.7272533284025301,0.024497813773065084,0.697620125174932,0.7502313221505915,0.019631511181289744,0.6826152031504072,0.7830175194941063,4.915254237288136
0.37389083139352874,0.8192751112696627,0.6868396095723937,0.3664072096328818,0.3390778923065742,0.7786896937849592,0.33112674407655257,-0.10165598429337544,0.786191820753664,0.33640735493916785,-0.07461234416881159,0.5962847733748102,0.38671715716366145,-0.08501487957952159,0.6283062522318928,0.31674204291831454,-0.19557610401822415,0.8496782970247194,0.17674397796701033,0.8175281037563601,0.707106662792053,0.16048321267852694,0.36721881111532717,0.763193583353645,0.14151109473570828,-0.1041816900901953,0.7953700057394578,0.15427967037676996,-0.07179112617649838,0.5996528991289984,0.10802963454192524,-0.08025084877764102,0.6317375593179387,0.14483326822157896,-0.1687817759929458,0.8338227224751712,0.2694684101190146,1.3085400265983715,0.6740891182247143,0.2540667984724072,1.5948912542331946,0.5012233543609171,0.2609655931858985,1.4007289279880357,0.4891402483736991,0.4275483521382355,1.3090720462936722,0.6332462012001738,0.5203442462629279,1.034189556847292,0.7105830293399762,0.48325012686043756,0.8106934431099424,0.6629959304064397,0.40598649405416054,0.7102080820588882,0.5822791211094529,0.4154593391647332,0.6767221120774162,0.5822212849398698,0.4639063102487936,0.6603339996860018,0.6334767315789023,0.11596064002445645,1.283663319769183,0.7043440733091508,0.03579365430289663,1.0434599386873942,0.8205788219852027,0.01757028930918489,0.8264454664890974,0.7846362903470518,0.052836237858239994,0.7381195712518286,0.7227364257451786,0.028658579290229164,0.7038957039393137,0.7449975076626619,0.020542422823193986,0.6862980714667467,0.7802467234371775,4.932203389830509
0.3734127047338918,0.8189903379902491,0.6872769202167992,0.36812692456429474,0.3402951244538181,0.7800535178129069,0.33163022869512915,-0.10172244079317298,0.7864068723244305,0.3357888946180365,-0.07456911699268261,0.5966212046857309,0.38603986314343913,-0.08379163616034457,0.6264801611478577,0.31729949531767043,-0.19661070954402107,0.8520083212065751,0.17625027876995833,0.8173822323346035,0.7072781011327653,0.15946288059895813,0.3667334465060383,0.7654745789578167,0.14137991148668885,-0.10436153682866241,0.7953176681185578,0.15488204936938013,-0.07269506423261021,0.601013637602701,0.10842011032975361,-0.07898813785227667,0.6293001640610288,0.14498031148996582,-0.17001683711000676,0.8333489847843515,0.2687082678080815,1.310197931930475,0.6764184390393875,0.254380194476681,1.5945716092801494,0.5043818581661458,0.2597568239627065,1.4031390931301693,0.4892374735231142,0.42683460705376963,1.3090252206398294,0.6331197371438146,0.5242721455519928,1.0381945670595754,0.7149401433811682,0.4835070827863571,0.8140603582939292,0.6603919042115155,0.40398380009472756,0.7200956169608435,0.5790381953166053,0.4136144112346172,0.6827417310318437,0.5780827575667608,0.46381100233333605,0.6675282639340842,0.6290325818941751,0.11445933958347837,1.2843489533421197,0.708324542423515,0.033402846197822605,1.0465374747372678,0.8229005401578212,0.017315760793378064,0.8292344539361773,0.7857900273930776,0.05440449268240975,0.7444307701800806,0.7182782804890043,0.032152789429700845,0.7099566931102158,0.7395443738843848,0.020973897224934104,0.6908000195480225,0.7762234632240439,4.9491525423728815
0.3727761942812186,0.8186739311041796,0.6880085254547523,0.3695776909386841,0.342223317263458,0.7810432823716292,0.3320001929412868,-0.10146847783082177,0.7862152495497652,0.33531525714434146,-0.0757776973781889,0.5986112722113873,0.3858187812209351,-0.08336115822905384,0.6258097349484409,0.31773995015225837,-0.19735291910852823,0.8541625654608465,0.17566883171872363,0.8173018866269652,0.7075716508911217,0.15829493326269076,0.36644814612261156,0.767711194042746,0.1411428906940019,-0.10449760666450708,0.7952311744616388,0.15537564462719716,-0.07340211889488357,0.602241926588878,0.10857285056962435,-0.07844997468877904,0.6285026864886475,0.14511719853848665,-0.17094202140604114,0.8328768953097276,0.2675642944129919,1.312863239932109,0.6788132239404053,0.25428928831741393,1.594400536969971,0.5071817479168352,0.2572615061841396,1.40632602775089,0.4880547497985521,0.426069708975956,1.3090128444520515,0.6330055425424471,0.5285067382406614,1.0430742164668998,0.7222122993603094,0.4840057297235261,0.8180295198095803,0.6577464300467272,0.40239730205332724,0.7301900377618912,0.5768956885612844,0.4128718680391743,0.6909054222516737,0.574736187604127,0.4631772857245608,0.6772769944070041,0.624591220110449,0.1130104243660575,1.2856109489332697,0.711539125696203,0.031360149051243194,1.0503252524661453,0.824986401650547,0.01717458772134576,0.8317609460000043,0.7870315362081215,0.0559693366125108,0.7505397233067019,0.7144817793866968,0.03490287735769056,0.715618862611582,0.7341384082702886,0.02119277861716455,0.6959873718406658,0.7714658238182126,4.966101694915254
0.37196829583840935,0.8183683530598561,0.6888165037438707,0.37062614336784533,0.3446604195470603,0.7815064815124726,0.332285902049168,-0.10101556687402953,0.7858322726377162,0.3350552953032973,-0.07771912957846566,0.601474763243843,0.38615140893294575,-0.08393351203867876,0.6266469002778988,0.3181114482342157,-0.19787829874740825,0.8561282596151818,0.17495270374277122,0.8173201153559589,0.7077830833423415,0.15702436797802602,0.36633844071951654,0.7698405461924527,0.14079219869926127,-0.1046005945811345,0.7951255759879045,0.15566100470494482,-0.07438587660622044,0.6035023705504222,0.10812706918041198,-0.07901013717386335,0.6299022640265933,0.1452223801723368,-0.17161617381663521,0.8324990776234455,0.2660898151727947,1.3164963683140525,0.6806396208556373,0.2536671783109285,1.594365072802224,0.5096646034713048,0.2539085464402355,1.4101972195959536,0.4856079775028456,0.42535630494751386,1.309159452384327,0.632919071276069,0.532943828066562,1.048628453520203,0.7316997561734173,0.48480254008773305,0.8219866399652592,0.6557228465556526,0.40153516835150616,0.739465724925833,0.5768682082646974,0.41338287621538516,0.7010085939494793,0.5727781727040947,0.46229849565872505,0.6889560841944548,0.6202772261574655,0.11169675071993868,1.2872511659565087,0.7141431754694672,0.02952930873786152,1.0543219623000557,0.8273510249885319,0.017171533359535654,0.8344454115300844,0.7882283237577105,0.057272628545213575,0.7563337440093926,0.7118358139297092,0.03693051132950131,0.7210746999615925,0.7290923476453175,0.021392705997741644,0.7018758395563236,0.7662010427427175,4.983050847457627
0.3710501981876884,0.8180793040337254,0.6896853202694192,0.3712121478257403,0.3473468763292684,0.7814187405164649,0.3325173815179228,-0.10054925542237282,0.7855196406832607,0.33498037366994576,-0.07978807738160809,0.6045223407413479,0.38691664431004885,-0.08526425221798273,0.6286490924369829,0.31841420953765065,-0.19818555109821256,0.8577949604962489,0.17405933161857906,0.817512378366919,0.7076816437110787,0.15579293506630654,0.3663974770076528,0.7718274445088398,0.14032162480682492,-0.1046786489597225,0.7950019213831372,0.15584341740573443,-0.0760913003010913,0.6049202838969165,0.10718814153872049,-0.08039555965384407,0.6329461843383843,0.14524382825787283,-0.17206996381000148,0.8322865396831344,0.264512351597242,1.3206935306118188,0.6816791704056071,0.25267893122072355,1.5944468656717121,0.5120935928647706,0.2504303049062461,1.4145995601787544,0.4823940782636126,0.42479684389280475,1.3095450938464013,0.6328653660284191,0.5375055656240542,1.0544299859789368,0.7425826063718673,0.48577963148758696,0.8255283967783217,0.6548898746637867,0.40155782632823533,0.7467894003119763,0.5798442279047201,0.41512309728987307,0.7122274584081948,0.5726933792404869,0.4614138513976753,0.7015653856593378,0.6161942985002917,0.11055929379559498,1.2891422196825855,0.7164614391461621,0.027750365564541832,1.0580775981670332,0.8304350696518903,0.017277609856023547,0.8374881575509736,0.7892397806987712,0.058169731144575854,0.7618619293460761,0.7102718488872792,0.03840952972726269,0.7266415878103671,0.7246741950051646,0.021626959628643097,0.708256440489086,0.7603927236305659,5.0
0.37018432275807994,0.8178214501907748,0.6907131908996859,0.3713711166806403,0.3500919588683362,0.7808187610623936,0.3327032590854265,-0.10022420562999142,0.7854422804611859,0.3349818737445438,-0.08164266078160597,0.6074136361430238,0.3878895769205888,-0.08689667794967919,0.631137370028945,0.31858867431098054,-0.19822386909689335,0.8589412398481552,0.17301088937425532,0.8179615988231709,0.7072180918653734,0.15471883865903763,0.3666557799342284,0.7735887101072612,0.13973958843008766,-0.10472667816135675,0.7948547150311054,0.15607285679637897,-0.07860445298096178,0.6066381931185035,0.10626561487186376,-0.08180696646832364,0.6360359499745375,0.14516061934321323,-0.17229361949499955,0.8321983213072088,0.2631538565590426,1.324904112350963,0.681984354010494,0.2515739022006661,1.5946428026352937,0.5145606947315953,0.2471762636931882,1.4193438305925608,0.47879441260899747,0.42447236375689423,1.3101503212637542,0.6328320450527845,0.541998160681035,1.0599565202293348,0.7537933831503741,0.4867420753646261,0.8286519162473431,0.6554732381685566,0.4025098197743448,0.7515490148489042,0.5856446019066197,0.41780618279962656,0.7235535271616973,0.5743345740683915,0.46075661310674126,0.7138613229835471,0.6127873279840529,0.1096316917617854,1.2911881673479808,0.7186112037536525,0.025974002114896873,1.0615548628551728,0.8339890300253069,0.017452166303469168,0.8407379202385994,0.7899384344224255,0.05873471275018617,0.7673710420585257,0.7092268029647257,0.0396160761597759,0.7324825467448292,0.7207788867687589,0.0218407457039752,0.7145666245543173,0.7541492788750989,5.016949152542373
0.369517820525078,0.8177453626528406,0.6918239465130182,0.37123803015720785,0.3528089322876632,0.7798422533760301,0.33282680755520144,-0.10006646189933735,0.7855854181201596,0.3349425768183505,-0.08319106246091196,0.6098740647398017,0.38888376959676374,-0.08851568662768797,0.6336390580843553,0.31859189644016245,-0.19794255709831862,0.8594635403118581,0.17189282499319056,0.8187145621222052,0.7065408589260553,0.1537790426950176,0.3671751912905157,0.775022440378252,0.13909187973765727,-0.10470617863734633,0.7946810243228255,0.15636964238688408,-0.08158725796186148,0.6086870576947051,0.10577267314693292,-0.08256243461146982,0.637744798120499,0.14502377868400237,-0.17219840309422638,0.8320757093364616,0.2622223242434199,1.3287842042974294,0.6815175899587875,0.25063593396632183,1.5949974535534923,0.5168549890873255,0.24403500285530502,1.424277273714211,0.4750924657409989,0.4243909082783305,1.3108911833358725,0.632802463928039,0.5460613755261657,1.0648261375499117,0.7640451631514904,0.48761615115093393,0.8316544210063985,0.6571679053379387,0.40429607528086897,0.7539327354200595,0.592951312764761,0.42095890421314774,0.7339994928676308,0.5770775187844197,0.4606252679603816,0.7245713176761855,0.6105516520892609,0.10894502481241926,1.2931983248909624,0.720222415113799,0.02425069904962177,1.0650007042094496,0.8372837093767831,0.017650558635107637,0.8439950785542248,0.7902794430743729,0.059084511239957435,0.7729572690911319,0.7082739622844844,0.04073426180965566,0.7384284919567764,0.7172906545837785,0.021996887542607646,0.7202724599989783,0.7481208968850183,5.033898305084746
0.3690498066172262,0.8180677889830321,0.6927054335899641,0.37099341155454707,0.3553864059933398,0.7787521822173794,0.3328500765170144,-0.09991600052212819,0.7857772794708704,0.33475252493614105,-0.08443970340265963,0.6115529228366222,0.3897194693553573,-0.09000729658644624,0.6359785336210483,0.3184662725393524,-0.197352331504175,0.8595538752503908,0.1707933706992505,0.8197427243162885,0.7058400061337489,0.15286839682330702,0.3679759142305011,0.776082425171971,0.1384644865761341,-0.10454066707367471,0.7944840742117744,0.1566147299590721,-0.08442913101494638,0.6108242158590049,0.10568727646562522,-0.08261308165381237,0.6379184847810474,0.1449388003503359,-0.17163721792078201,0.8317544432207176,0.2616239778774219,1.332320065436726,0.6801015641626659,0.2501826880120707,1.5955036210052977,0.518826927704494,0.24087793853464273,1.4293020522105302,0.47169937036248427,0.42445853578950665,1.311665378821854,0.6327721980587938,0.5493089608338331,1.06882654714057,0.7723726983290411,0.48849312006564527,0.8348766394627953,0.6592190108848556,0.40670410002963453,0.7545955912249088,0.600186935548862,0.424205846632401,0.7425613836707505,0.5804717056022877,0.46121294133966784,0.732685243490806,0.6096529068468974,0.10848779430030893,1.2948536550231826,0.7206800268981418,0.022636157481810436,1.0684491516072905,0.8398031266267991,0.017830578635404336,0.8471659888537796,0.790342290036365,0.05924162413768795,0.7782372966775104,0.7075031814106008,0.04169893326615408,0.7439362112276147,0.7145251255859052,0.022113296471549884,0.7251738543306115,0.743151488839622,5.050847457627119
0.3686575606800127,0.818830902608817,0.6930093764352774,0.37074751886644874,0.35761610706626146,0.7778223776029537,0.3327487372216048,-0.0995254233797014,0.7858128491869686,0.33435372201230823,-0.0853730226700124,0.6121689727872683,0.3901759846667463,-0.09125016114665574,0.6379556005917134,0.31829956087193023,-0.19655793927687482,0.8594919202254558,0.16973412324834583,0.8209137104451254,0.7051854043056266,0.15192445867391452,0.3689414066805803,0.7768094004310248,0.1379339416322991,-0.10415737548215144,0.7942689495612782,0.15667902456470498,-0.08642552430016795,0.6124579983417603,0.10574297482482832,-0.08232012930232242,0.637387530949092,0.1449964873724369,-0.17046483298024998,0.8311228334498612,0.2610055950725549,1.33558218349951,0.6776964710419597,0.25039166324344575,1.596028988471115,0.5207106897934182,0.23799277577892058,1.434255089997259,0.4692369118249231,0.42454722533221956,1.3123704412672796,0.6327445791135679,0.5514891714960113,1.0718316474792626,0.7786270412519369,0.48946204091636614,0.8384178353631038,0.6610573862214567,0.4095281370552154,0.7542451564822941,0.6062880102252289,0.4274206784812985,0.7483813256099009,0.5844596486867533,0.46247410358018837,0.7378076047825664,0.609911811537553,0.10818276905266319,1.2959411272604866,0.7197219869524671,0.021083973491072085,1.0714777224814327,0.8415635789599161,0.017962102841084873,0.8500407769967435,0.7902621097731354,0.0592078380562445,0.7824982067777714,0.7071761630742808,0.04232011248905865,0.7482392237400975,0.7129177916211058,0.02222389647119384,0.7293235468831794,0.7392780347331965,5.067796610169491
0.3682353496755954,0.8198662491544024,0.6925181988119677,0.37044649136963537,0.3593338676762843,0.7771076766154827,0.3325397507862021,-0.09875982931888833,0.7855477682283494,0.3338064003806108,-0.08594413975666447,0.611733216941487,0.3900976262228677,-0.09195904432337662,0.6391105227532489,0.31813713148003375,-0.19565279508789263,0.8593127706907074,0.168679059938444,0.8220055630117619,0.7045111194577732,0.15095637542324158,0.3697817213750026,0.7773637994032465,0.13751301307329286,-0.10355112895969358,0.7940345989719059,0.156503038929997,-0.08691870978653163,0.6128434620394475,0.10575119528947063,-0.08200899626682709,0.6369889306038178,0.14521441403569796,-0.16862965774839273,0.8300865449056029,0.2600251195731395,1.3385627285444415,0.6744761538730979,0.2510714534624564,1.5964785417568301,0.5229069423048405,0.23596799498919616,1.4388698066899128,0.46851047961915515,0.4246002443740154,1.3129207030997732,0.6327096018201355,0.5526427680427982,1.0737792863028857,0.7834384708244819,0.49050658186352847,0.8419250241711366,0.6629128201444496,0.4126067103841486,0.7534088807872733,0.610882431384767,0.4306107622149628,0.7512316766309622,0.5890146936452558,0.4642291985480232,0.7402523507509161,0.6111232704848439,0.10789450153133594,1.2965987572650304,0.7176637881068404,0.019518782294276563,1.073494742192768,0.8428225894557424,0.01802476194640465,0.8521236385366775,0.7901603958656468,0.05908294816871748,0.7852087286470508,0.7072854960112059,0.042558974091829654,0.7507180037871899,0.7124353138034505,0.022401259850408292,0.7328560514479662,0.7352299193739312,5.084745762711864
0.3677594315383646,0.8210168108510322,0.6911525939569849,0.36994025253132595,0.36052979809851515,0.7763554729084221,0.3322674038918035,-0.0976698739015294,0.7849105006842936,0.33317304330391206,-0.08618412348666538,0.6106613266836911,0.38949235498034085,-0.09182378908921984,0.6389568063551746,0.3179650025401918,-0.1946413744930921,0.8588306523255715,0.167612182787173,0.8228107513004791,0.7037294073283592,0.1499873747075142,0.3701407277168643,0.7779619818976723,0.1371604612491867,-0.1028205831880529,0.7937773872446521,0.1560948977332773,-0.0855352148354794,0.611632192466433,0.1056709855200582,-0.08177678843172533,0.6369710858489137,0.14556007010878924,-0.1662857831459915,0.8285818728227808,0.25855888911719604,1.3413349657111455,0.6706127231424515,0.25171441680819884,1.5969620193127687,0.5255846543621011,0.23506094968179592,1.4429556273286512,0.470028955381682,0.42463491636073136,1.3132860886475677,0.6326328765588418,0.5531180504068585,1.074682958617189,0.7876703919275498,0.49155449597101214,0.8446630563946672,0.6654740462986835,0.4157495851989143,0.7523583897058146,0.6141154394105328,0.4337057057449539,0.7517807055780805,0.5937287191560033,0.4662826524204687,0.7407412268675584,0.6133495164950795,0.10745332907749723,1.2971098269795265,0.7151703968753498,0.018075381340853153,1.074068928601507,0.8436571159386851,0.018004764098830735,0.8528841718130199,0.7901249720077055,0.0590265430223291,0.7862953626672564,0.7075930436174312,0.042636256533632996,0.7512329146987805,0.7124833298178576,0.022713634533782542,0.7358098463115569,0.7293932559889411,5.101694915254237
0.36724193736254035,0.8222785473951078,0.688917221653378,0.36917646911657087,0.3612739557394471,0.7751861598755602,0.33196862639006397,-0.09640334880690157,0.7839179219925654,0.33242592062909476,-0.0862837136417412,0.6095514812860205,0.38848003185224267,-0.0908001641608286,0.6374325932766461,0.31776547921310166,-0.19353313146185855,0.8579374501530812,0.16657395466025063,0.8232591548864803,0.7028319058543488,0.14901768138100097,0.3698025279958982,0.7786822368750563,0.13683746392872762,-0.10214458997285758,0.7935093487735233,0.1555336216742015,-0.08253593808712761,0.609201473092535,0.10553165156554459,-0.08146077693002753,0.6369722938487428,0.14601449831146426,-0.16382011042523548,0.8266817374714684,0.2566786798441122,1.344115123076918,0.666166839495295,0.25186424180999234,1.5977001915016567,0.5286269094441212,0.23493046648955893,1.4465137582809626,0.47349531777568643,0.42466760548397864,1.3135189384588013,0.6324767175775242,0.5533288049055118,1.074646395292168,0.7917154051506139,0.4925036588495071,0.8458537366797648,0.66903517571442,0.41872364916325744,0.7511900185996994,0.6163792561466725,0.4364389991297231,0.7511475095924087,0.5978539915201047,0.4683991442114642,0.740039962457221,0.6167999317823163,0.1067241520879767,1.2974967238654036,0.7129824452079645,0.017105763766607662,1.0729467423617964,0.8439435031950029,0.017907097406613354,0.8521948182206591,0.7901625979295458,0.059124426167101216,0.7858509777492351,0.7078500241353327,0.0428586975504466,0.7500580500662027,0.7123429334064137,0.023040445471443474,0.7379074568853994,0.7215256412549689,5.11864406779661
0.3666798062016712,0.8237013931323808,0.6858996886120589,0.36826618169628134,0.3616493249906345,0.773358097502079,0.33166460178242796,-0.09512847171355356,0.78271502038518,0.3316292530709878,-0.0864724251679202,0.6087904875869512,0.38719449524403426,-0.08912002103483418,0.6348952242255798,0.31755910166065376,-0.19239721120729272,0.8567375078237329,0.16560883050118963,0.82342993431251,0.7018667605084284,0.148030130726753,0.36881434415035486,0.7793948325236115,0.13655950319921684,-0.1016829433724883,0.7932643321182277,0.15496442882001885,-0.07888511570480786,0.6062923517171583,0.10537197906987306,-0.08075886387664054,0.6363893050738025,0.14657901261643996,-0.16168945960363387,0.8246420713645367,0.25457839612524524,1.3470238559554069,0.6612697853675449,0.2514188448658111,1.5988303827701502,0.5318526889951987,0.23515422965015836,1.4496483637522344,0.4781947501199404,0.42469130708017155,1.3136773495241991,0.6322775221601062,0.5534936013651213,1.0739179586242817,0.7952091481189252,0.4932010862723434,0.8450216382490978,0.6732658556787977,0.421250057785285,0.7499022485493463,0.6182060789788829,0.43844574771330824,0.7501042770561085,0.6007890687076072,0.4702817740735547,0.7387876421714727,0.6214022317605463,0.1056998323759966,1.2975207251292806,0.7116790329351314,0.01690027331497604,1.0700793322697577,0.8436151928430877,0.017763317316141315,0.8503677973201871,0.7901468333421974,0.05935295626279444,0.7837320179433028,0.7078217602202757,0.04333925618097971,0.7475840775151799,0.7114395174791401,0.023039476702686,0.7385319887261238,0.7131983192117675,5.135593220338983
0.3660405787556492,0.8252303324225637,0.6823438141190669,0.3673332985001647,0.36176263096414685,0.7709224723301626,0.3313852040551782,-0.09401472462804068,0.7815525549833954,0.3309482858494257,-0.08677111881744579,0.608464044297686,0.38579673458847646,-0.08708734177276556,0.6317973070888521,0.3173815465303211,-0.1912796691328693,0.8554014717435182,0.16470533195537373,0.8234566492788403,0.7008145726802537,0.1469967896125892,0.36742340318823924,0.7799059845642843,0.13639850586041455,-0.10148414724324752,0.7930783749863624,0.15453537651061905,-0.07572736070269286,0.6034627058984102,0.10521066691944639,-0.07948192653819072,0.6348448534821389,0.14724536838303723,-0.16015277121351246,0.822778381016807,0.2525618566690155,1.3499095350086676,0.6563639651199643,0.25060482787104,1.6003695181327269,0.5350947445145148,0.2356512855308906,1.452448754994549,0.48361771615005117,0.42466433466299125,1.3136693584418362,0.6322423543157474,0.5534214293004949,1.0729219319413257,0.7971487465608322,0.4934844471306592,0.8422022510367496,0.6776462858935606,0.4229863096773866,0.7483956175202983,0.6202379406737476,0.4395035913555862,0.7487348123847392,0.6023597581990343,0.4716608972412123,0.7374001692275508,0.6265406328875912,0.10452552845286725,1.2969895906722304,0.7115065919408993,0.017502944842282264,1.0657664475109883,0.8426962827675595,0.017619407030099225,0.8476422364126419,0.7898620814886275,0.05963269431240992,0.7796199733841362,0.7073202474481041,0.04386632447880265,0.7442183898740533,0.7092457407540381,0.022317602215133365,0.7370456679151591,0.7064273536597505,5.152542372881356
0.3652800365275942,0.8267245464196118,0.6786102405398134,0.3663733887656952,0.3617413218342084,0.7681707781983343,0.3311667003920971,-0.09318156733559782,0.7806486292257786,0.3303622306342122,-0.08699276802421962,0.6085165790476706,0.3845290462246914,-0.08508007689329755,0.6287003271502345,0.3172426129818026,-0.19016278873499404,0.8540022484630022,0.1638138752301194,0.8234451956374476,0.6995597886299612,0.14590411309158705,0.3659212887602064,0.7800890456121209,0.13641996901774556,-0.1015001319539219,0.7929693304186792,0.15432291971054518,-0.07373411821786854,0.6009903849371415,0.10503825210248856,-0.07768080050592202,0.6323853499432831,0.1479933148606889,-0.15918765798984247,0.8212954644767414,0.25095933523692543,1.3524833069059194,0.6522018099825488,0.24975548515564483,1.6022897211567255,0.5380529426610201,0.23641421064293205,1.4549242473428454,0.48931425241062537,0.42442985723483584,1.3132483633898198,0.6326895778386711,0.5523346557528231,1.0720470906836348,0.7960888674480794,0.49328398588639477,0.8379501918006085,0.6817867476208572,0.42370131741236394,0.7465540250968559,0.622760166986174,0.43966619218438174,0.7467399490609945,0.6025914900325083,0.472431881127298,0.7359491522439627,0.6312489696839548,0.10342247523934354,1.295913260475086,0.7123701158302278,0.018740623082639477,1.0606183357936316,0.8411347543241761,0.01751367353194977,0.8437585996937538,0.7891542029544296,0.05985019038057035,0.7734259252195552,0.7063724481978454,0.043962464628196085,0.7402716048853132,0.7056380134503645,0.020610835824132694,0.7331436625843649,0.7025616569553553,5.169491525423729
0.36438549879830057,0.8280923633292973,0.6749792067917488,0.3652851119620201,0.3617044925140166,0.7654228370416534,0.33102042574765433,-0.09264724426690484,0.7800594461252172,0.32966926005062874,-0.0870413412991575,0.6088230915940035,0.38358188026403767,-0.08360648349636443,0.6263684653037116,0.3171269000361623,-0.1890254212430774,0.8525181919834416,0.16289919851305862,0.8234505757743693,0.6980361790577313,0.14478539317787695,0.3645338519300064,0.7798966082366813,0.13661665191925815,-0.10164104997127835,0.7929277589285801,0.15430293518836288,-0.07296291276779511,0.599058454111103,0.10483834184806969,-0.07555632647510728,0.6293631949400904,0.14878852157489972,-0.15866127732223737,0.8202211387118225,0.24993092534042222,1.3546042774371807,0.6495891613499972,0.24912539577435242,1.6045254040106858,0.5402573998856113,0.2372151717698517,1.4570632533306234,0.49467202848877073,0.4237398427504099,1.3122318477275454,0.6338118696974135,0.549105521514477,1.0712228407626003,0.7907383444038165,0.4926868259253409,0.833047637173897,0.6853154405469601,0.423529101796251,0.7443180724694948,0.6250855569027763,0.4392102206610343,0.7437630746058165,0.6015256094690208,0.4726542380211248,0.7340646865083358,0.6347387484127324,0.10256401441696189,1.294355965980814,0.7139488939171339,0.02035450941740599,1.055259761115968,0.8387477832939343,0.017439060828072714,0.8382279588372197,0.7880190440121285,0.05988008540595453,0.7654643512079431,0.7052025757030966,0.043073977183699014,0.7355489319764453,0.7016383591186198,0.01795218624067417,0.7268469778272326,0.7026547020610444,5.186440677966102
0.36339518236485663,0.8292799088061826,0.671566325366407,0.363981607198692,0.3617170978476423,0.7628619824288656,0.3309330163428675,-0.0923713086582532,0.7797062580774672,0.32877948253282574,-0.08704966345227663,0.6092013763634444,0.38289404489799217,-0.0831088795114746,0.6254726184105209,0.3170103078112775,-0.1878921904794246,0.8509299810337225,0.16195738124874387,0.8234359427512077,0.6963474927421908,0.14369633728751943,0.36337126385671226,0.7793490016779022,0.1369096426547619,-0.10179957772172804,0.7929184846012162,0.15438949011227443,-0.07317263728423638,0.5978709547794004,0.104647630763562,-0.07335111006326915,0.6262792032772226,0.14956924654182924,-0.15848561402882327,0.8194641741309096,0.2493332415388511,1.3563846031754776,0.6489847253392177,0.24882979155054846,1.6068847125915737,0.5413279170529081,0.23771661860132873,1.4589683739346075,0.4991424433010416,0.4224634697758133,1.3106827121163536,0.6355337768182069,0.5429267576732989,1.0697871013994942,0.7809182049887803,0.49193135059381865,0.8281195433517625,0.6877523225518201,0.42291639438049944,0.7415305274233159,0.6259497700407622,0.43857359841555027,0.739304663309899,0.5994861854495728,0.4723526697724171,0.7309152437669072,0.636778442384167,0.10199969164855499,1.2921891944943307,0.71588588656852,0.022226448218373218,1.0500762190679085,0.8351422847445986,0.01730401263605963,0.8309176990187666,0.7864925609853431,0.059608380675367875,0.7562037490074665,0.7040548989039999,0.040804668200500056,0.7292416119371758,0.6991277692666413,0.014683502884414838,0.7182927192268902,0.7076461104382971,5.203389830508475
0.36237292241894886,0.8301551853133377,0.6684182368522239,0.36245137837010305,0.36177983218465776,0.7605111457805778,0.3308822991128294,-0.0923368114756104,0.779492976089577,0.32780850284741936,-0.0871990803518362,0.6094852263662729,0.3822233246672348,-0.08373540494399667,0.6262520149219593,0.3168560639945325,-0.1868360345177007,0.8493051530033314,0.1610071492725408,0.8232411358141086,0.6947102481805922,0.14265935375053287,0.36237837104753373,0.7785705830070505,0.13721727884678675,-0.10189613763311453,0.7929060789729301,0.1545411619018525,-0.07413586222902167,0.5976512514199466,0.10458218917121861,-0.07137295301034129,0.623658533308926,0.1502680307001254,-0.1586249809464276,0.8189379530585206,0.24883376697687554,1.3579796295304292,0.6502137142277221,0.24884998376093775,1.6090431639456622,0.5413067904938438,0.23772916981993564,1.4608369898073421,0.5023783360298064,0.4207137372823723,1.3088785098328997,0.6375683354838624,0.5338268838063033,1.066882267573236,0.7679133062241286,0.49131617037684017,0.8234364005690264,0.6887601515822356,0.42243047711550324,0.7377572506945785,0.6248115854848942,0.4383709417861593,0.7326530393746578,0.5972898150920452,0.4715366754614493,0.7255301962222724,0.6376529337933984,0.10170092853337837,1.2891646937253562,0.7179564653349938,0.02457490740839305,1.0452576964652542,0.8295865533261947,0.016976296695348517,0.8221549856820565,0.7845254375725691,0.058857191138019765,0.7459465412289406,0.7033357860070917,0.03698701448452427,0.7204749753034736,0.6994969076415807,0.011247000384286058,0.707753647280051,0.7173090374526394,5.220338983050848
0.36137757013511584,0.8305316996906609,0.6656147209081951,0.36075761081910335,0.36185540825790075,0.7583171077990759,0.33082994449217046,-0.09255459423654239,0.7793816499777886,0.3269371288696803,-0.08752876807847454,0.6096046780859931,0.38140965271064997,-0.08529509252520648,0.6284434980530602,0.31661712547249005,-0.18595435792159257,0.847780765861267,0.16008810449931923,0.8226703902322714,0.6933070292625142,0.14165641217508476,0.3613276704161029,0.7778083036936125,0.1375146547408994,-0.10192702111658505,0.7928853639628006,0.15481433771763475,-0.07567934884134649,0.5984833975831979,0.10474857373370072,-0.07005932985104013,0.6218951711589848,0.1508449168892357,-0.15905686232731558,0.818637646169075,0.2482026181969924,1.3593739892427674,0.6525997541827184,0.24902950795790388,1.6107257126513739,0.5407159091414886,0.23740666545033795,1.4627925178656576,0.5044490787225389,0.41876848478260204,1.3071378047803712,0.6395325657504565,0.5227279778594126,1.0619606884620185,0.7537849726885467,0.49107835800540034,0.8188483146916937,0.6885559399420255,0.42273673918585575,0.7323863681267294,0.6224216213080022,0.43928551278823136,0.7233057385928979,0.595869500902888,0.4706188878900784,0.7173156915376586,0.6382402801054703,0.10164670635313162,1.2853185008497041,0.7200792257504799,0.027855368955180777,1.0409308106242778,0.8212631282913143,0.016409228847008718,0.8123696282729368,0.7820643943485129,0.057353303907009295,0.7347559396850284,0.7039358977620926,0.031662632925838055,0.7088618111796653,0.70290817059804,0.008022361211533503,0.6957575297154216,0.7294907551772849,5.237288135593221
0.360445375008428,0.8302990834755558,0.6632955317368621,0.35901855372601577,0.3618407219723303,0.7562756917263258,0.3307249152818261,-0.09297397631232468,0.7793635067217561,0.32625032791984104,-0.08791548841769019,0.6095820500269824,0.3804927816814921,-0.08732507537163081,0.6313675681773884,0.3162784134512299,-0.18530564997828897,0.8464234283121734,0.159265409284119,0.8216050908790499,0.6922435682590046,0.14067621046682535,0.35996721179505653,0.777304049764115,0.13781935757621896,-0.10193882426513351,0.7928774748381155,0.1552748688837495,-0.07757580622774476,0.6001753438496576,0.10516723081862905,-0.06982666520656783,0.6211517206859483,0.15129145846157735,-0.15972069518186638,0.8186100400846058,0.2474807531841966,1.3604562675497738,0.6553923172944035,0.24910956923619254,1.6118709083885283,0.5404400161828973,0.23713130419074785,1.4648140225474442,0.5061375548461493,0.4169298212242617,1.305627939406306,0.6411144546735925,0.5111258667125854,1.05501106905982,0.7404889526657175,0.4913458792946068,0.8139247074603123,0.6878688567473251,0.42450490310864075,0.7249085210370435,0.6200504334543315,0.4417539784491841,0.7114714669457436,0.5957653181787493,0.47055319722100797,0.7060732756642379,0.6402557945261539,0.10178493154132422,1.2811137169702909,0.7221957981129131,0.03239964398156519,1.0370729544832729,0.8098856204988635,0.01570276605877654,0.8018765142880862,0.7792825824061997,0.054901918817045245,0.7225901658379226,0.7070262057280003,0.02518757266941067,0.694710129370461,0.7086527903358953,0.005257263936625286,0.683056919561583,0.7408028259333672,5.254237288135593
0.35956502066485274,0.8294816622482071,0.6615721269499208,0.3573548780029439,0.3616217183246204,0.7544469743051437,0.33053994620500765,-0.09342434464765474,0.7793644486708317,0.32568381078922715,-0.08820849777446284,0.609479858583007,0.3795908587437936,-0.08927683878130849,0.6342084304255217,0.3158881967918691,-0.18484632526852712,0.8451699199116949,0.1585870068534302,0.8200284778638022,0.6915814427430436,0.13975050069154493,0.3582459012200756,0.7771132412875387,0.13814775375363367,-0.10196720288965737,0.7929016679164073,0.1559065479510022,-0.07957378765210822,0.6024040633418319,0.10581566400649348,-0.07073049341274597,0.6213135005976068,0.15163845450209168,-0.16044817626422847,0.8188512908820911,0.24687902206362206,1.3612009656141317,0.6580762333742706,0.24886815390605557,1.6125550076708333,0.5415911274770586,0.2371063419092875,1.4668584053247837,0.5083976658713514,0.4154102176519525,1.3043022352223261,0.6422827298536213,0.5005002540715461,1.0464577598449218,0.7296842994148172,0.4920744271013842,0.808303309354807,0.6873305933397915,0.42813277157479146,0.7151565773576294,0.6185061287885261,0.44576685384438697,0.6979903990153653,0.5971008781964913,0.47228990730214493,0.6918664775205037,0.6455651838538612,0.10191917898592384,1.2770800496685137,0.7241397278276428,0.03819295135215031,1.0333828655917807,0.7960040142046094,0.015080252473386999,0.7910875882870999,0.7765879986621498,0.05158289549622417,0.7093974442286598,0.713261994197494,0.018258169590086318,0.6790021914642261,0.7157562957703649,0.0029738040720344258,0.670546298089354,0.7482714803229185,5.271186440677966
0.35866696182281427,0.8282174222322303,0.6603812221842292,0.35580162957723466,0.3612721998184208,0.7528197343504166,0.33028739882481506,-0.09371544536526236,0.7792613980337122,0.3251630114711514,-0.08841322295116096,0.6093722063442334,0.3787475214917345,-0.09075435855869034,0.6363883958095383,0.3155074751150733,-0.18443826729317753,0.8439403122010022,0.15802454324739026,0.8180299477673754,0.6912920685367161,0.13893966612476788,0.3563644119964964,0.777104347711155,0.13850202514922355,-0.1020158226112771,0.7929586782628765,0.15663919521280342,-0.08154349564115052,0.6049379055225029,0.10666210605773431,-0.07236366820550073,0.6219670756875226,0.15194974927313384,-0.16101013964753763,0.8192222645560527,0.24658461172491483,1.3617213613560797,0.6603319673399608,0.24825178559495426,1.612840390871167,0.5449728721234777,0.23720328430999768,1.4689587212091062,0.5114397315687593,0.41429811805238614,1.3029993618537705,0.6432755027517334,0.4917769836198985,1.0369200711972753,0.7229140566629673,0.49296328046328114,0.8018451955412453,0.6870340006410185,0.43349257493996146,0.7033790089176468,0.6180613529247287,0.45097548267962984,0.6838600604600976,0.5998964860814417,0.476139276764759,0.675492957350496,0.6547778425705365,0.1017670428825887,1.2734809370455198,0.7255852153588591,0.04499467456994134,1.0295505374113643,0.7806965993017301,0.01491207232088176,0.7808447592917984,0.7740571084647261,0.04783316280985252,0.6951894929196081,0.7220414607471929,0.011743532078075708,0.6630436707171095,0.7233844257003712,0.0009886247862840032,0.6590286513122038,0.7507794103294223,5.288135593220339
0.3576802462431735,0.8266954335428547,0.6595270604936267,0.3542840254533984,0.36106444605268917,0.7512158732796104,0.3299948390960614,-0.09379077194013008,0.7789939789394752,0.32477334931756685,-0.08864172152691298,0.609321993454842,0.37796349117156813,-0.09159196217433974,0.6376806593796364,0.3151443302306904,-0.18393036388351683,0.8427203560481134,0.15750792099549976,0.8157935374712224,0.6912273181573927,0.1382978738772752,0.3545854856892988,0.77711999224805,0.1388767103311184,-0.1020727500852377,0.7930362538935165,0.15741468892739935,-0.08347512737394565,0.6076576568899329,0.1076362165630503,-0.07415959399128469,0.6225980451485278,0.15225958993288038,-0.1613140782793233,0.8195408237365489,0.2466602375152859,1.3622134011610014,0.6618542551790427,0.24735269433748422,1.6128606870511506,0.5504071214642747,0.23726059015754142,1.4711854257770713,0.5147561576773563,0.4136177789452795,1.3015416436823137,0.6443475861277086,0.4851572943585231,1.0271702531161075,0.7211578753690018,0.4935586310359549,0.7945716857898016,0.6867261452636535,0.4397733578410219,0.6900983469860626,0.6191113045909667,0.4568971845498101,0.6699352354469281,0.604265567966324,0.481610161521952,0.658789722130973,0.6667410526803158,0.10120378076522307,1.2703864335613362,0.7261453700643172,0.052511395045862753,1.0257078322599977,0.7651911531639792,0.015757880185718037,0.7722606679781585,0.7708962654684306,0.04438176667236701,0.680311117585261,0.7315188490157425,0.006562115098950579,0.6481019379812734,0.7306935921742758,-0.000837111667901848,0.6490295330250675,0.7488624623077038,5.305084745762712
0.3566133922900287,0.8250584223094376,0.6588868195589568,0.3527020104914254,0.361228504835448,0.7493783412366082,0.32968744477492823,-0.09371709907951266,0.778545414192012,0.3246438168641219,-0.08885562617492335,0.6093494858126919,0.37733569856335303,-0.09182644450976757,0.6381352556368693,0.314769709537321,-0.18325249735655788,0.8415318907831997,0.15700040251346525,0.8135233301755513,0.691218979523037,0.13785397605909297,0.35302102862465956,0.777099773786626,0.13926348584783904,-0.1021287665939571,0.7931238566463964,0.15817015100922044,-0.08524895650074574,0.6103623985799231,0.10861861890416415,-0.07572914949800555,0.6229208765688447,0.15255003764992736,-0.16147189164181291,0.8197909373913703,0.2470543268135292,1.3628490955773034,0.6624426918160871,0.24628305718964683,1.6129576999638053,0.5569454877290094,0.2372816700290311,1.4735933726415813,0.5177918871387395,0.41332023839584286,1.2997658531666891,0.6456993778416331,0.48023788881829255,1.018215689952538,0.7238985212628863,0.49351389755052133,0.7866793568953753,0.6863061392476045,0.44560149688207035,0.6759383837106074,0.6224187122307141,0.4629714069989786,0.6568915597233786,0.6101954436171875,0.4876126315859989,0.6438444558555908,0.6792753199488994,0.10039815159293465,1.267886817736914,0.7255546974254907,0.06030970915914101,1.022319156558443,0.7508133326604344,0.018222803130632768,0.7660812566937344,0.7659659501606334,0.04198000068861461,0.6656830176429335,0.7394599087349905,0.003601860988676163,0.635392613075438,0.7364003373210248,-0.002271615264494927,0.6410548824668337,0.7433755447450578,5.322033898305085
0.3555639561647751,0.8233614896237357,0.6584267094713099,0.3510374163779896,0.3617677295312264,0.74715595906067,0.3293881054457718,-0.09355376168607156,0.777877558452901,0.32472499380687,-0.08892029975048235,0.609429856243359,0.37702548746245035,-0.09168988450242652,0.6380568835165751,0.31437164944727464,-0.18244978673883663,0.8404035214069759,0.1565075076296521,0.8113727352941265,0.6911744286175157,0.13761309053259996,0.3515720699101045,0.7770755594788977,0.13965434210558555,-0.10218132488262018,0.7932177554838549,0.15876480610854696,-0.08647071434042289,0.6125281365651802,0.10947191840844024,-0.0769089236346299,0.6229616787516195,0.15281466819319633,-0.16163678861957265,0.8201416158410048,0.24768428370209236,1.3636702356171593,0.6623695001476078,0.24512194719831826,1.6134861738786739,0.5638023087634507,0.2372824473884364,1.4762087915223816,0.5202765174671646,0.4131823003267543,1.2975907974269743,0.647607498537358,0.47628510298727345,1.010983649893601,0.7292228420419656,0.49268465982504306,0.7785312519096127,0.6860287463660487,0.4496147531282286,0.6616613271766516,0.6284186365586117,0.4684405530409508,0.6452777604871922,0.6172031009402548,0.4927234414679102,0.6318646619911703,0.6903196324089128,0.09967576133174297,1.2661345542774811,0.7238069060396185,0.06763401976817524,1.0196571121435238,0.7389460416413494,0.022604717148288146,0.7622883243683032,0.7588940901301066,0.04116063676219671,0.6526690300580474,0.7440419134901524,0.0035143483667417243,0.6258821672145743,0.7393511119310728,-0.0026173744321669416,0.6356100783172238,0.735537259063123,5.338983050847458
0.35464938438218835,0.8216254230509734,0.6580683862904826,0.3493845272864781,0.36247522308874836,0.7445943920999192,0.32912060683955635,-0.0933318370992825,0.7770186500156979,0.3248728198035674,-0.08895540580661904,0.6095836201630387,0.3770386273117756,-0.09150012825020623,0.6378718443195227,0.3139715081540092,-0.1816292965696587,0.8393760860201394,0.15604090392801742,0.8094337674568305,0.6910363439227188,0.13756302078328095,0.3500227211756206,0.7770854308949035,0.1400423960373509,-0.10223029971554025,0.7933154809051532,0.15900403427778953,-0.08668427515498325,0.6134240730584696,0.1100975948140436,-0.07765394685569113,0.6229312296435312,0.1530636491683721,-0.16189326439353757,0.8207791640628084,0.24850653484367213,1.3645970394101057,0.6624414894289534,0.24401341008300034,1.6145138139893875,0.5707802141379014,0.2372275163067592,1.4790290194965217,0.5221224967165466,0.4128962474280359,1.2951255358455624,0.6503284433094069,0.47261862133337296,1.005762306281007,0.7351351580859777,0.49095020187561966,0.7705366441690079,0.6860302640381377,0.45107864894368843,0.6482852517261714,0.6364311484985229,0.472329612820106,0.6354524964701351,0.6245902848715759,0.4954221018812192,0.6228178266522839,0.6987320954844879,0.09928091449703276,1.2651877526283997,0.721252023099809,0.07358183170245443,1.0176355890679172,0.7306516829761815,0.028629901273886385,0.7602892390180452,0.7503591064382434,0.0421821461647373,0.6426281990314282,0.7440950638337724,0.006464855144611059,0.6197321292405942,0.7395787601370135,-0.001054016976955138,0.6325583383756517,0.727839049544819,5.3559322033898304
0.35393930897869713,0.819879841889569,0.6577565945592792,0.34786881870604014,0.3631094471139244,0.7418725468078079,0.3289051719362434,-0.09313483321061006,0.7761437953763837,0.32504516986570137,-0.08936660060857082,0.6099891319283904,0.3771711302444144,-0.09147404717136673,0.6378829388618046,0.3135986734433407,-0.1808617128736067,0.8384883013926231,0.15560018497077546,0.8077435578774008,0.690724562117589,0.13767185174093982,0.3482384474305221,0.7771291462374148,0.14041938378577917,-0.1022760774327035,0.7934127241130043,0.15878897313898674,-0.08576589689446493,0.6126684861917483,0.11048599445766034,-0.07800548373232964,0.6230982232059084,0.15325857231115025,-0.1622980019005677,0.8217944795494171,0.24950327459393612,1.365560831140036,0.6634136609940416,0.2432182351580409,1.615837984839971,0.5778777540495418,0.2371807471305319,1.4820017685280729,0.5233289268323186,0.41232879249137244,1.292685179030657,0.6538081812113357,0.46892588608525343,1.0022431538571692,0.7403003396538147,0.48811783412626986,0.7631149759396328,0.6857957356916462,0.44996315815383914,0.6368786246269723,0.6450126609509255,0.4737505973661681,0.6273545122784615,0.632024770993011,0.49440753516397895,0.6159648366490142,0.7043159657885718,0.09928603125195237,1.2648418721689618,0.7185861096212385,0.0776364566762857,1.0160905040396155,0.726095032733531,0.035516567747601535,0.7593336976497854,0.7414625225827094,0.04492937989187856,0.6364075864197853,0.7393669273237267,0.012048476787284832,0.6162762855995139,0.7378976105776258,0.002835603446505751,0.6309364987102528,0.722987436177943,5.372881355932203
0.35346249316188033,0.8181585300135897,0.6576250573129387,0.3465362521036352,0.3635553371622018,0.7392174956420594,0.32874267480239994,-0.09307541753905678,0.7754529062552601,0.32525370272401966,-0.09044106928362944,0.6108391397604824,0.3772209441292279,-0.09167995606849559,0.6382007477941641,0.31326556048060084,-0.18014536201155132,0.8377486945591057,0.15519245750127011,0.8062883357839296,0.6902124231222223,0.13789578623716472,0.3463298208142385,0.7772113953123553,0.14077407743527115,-0.10232019439162214,0.7935064148266727,0.15820590175867777,-0.08405868709761417,0.6105861707751576,0.11069307699643771,-0.07809303299966977,0.6235732881392462,0.15333282913050922,-0.16288097247055405,0.823157527434637,0.2506542399444024,1.366621126786534,0.665422763454149,0.24290566539031413,1.6172185597499074,0.584832774571723,0.23733115187487674,1.4850359323242892,0.5240699876901787,0.4115824376242102,1.2906506009616172,0.6576058245067138,0.46536660719502787,1.0001005140479435,0.7436329149804393,0.484150727556099,0.7566834280100221,0.6844180929401439,0.44664342498957493,0.6280983743523647,0.6531377112931616,0.472325261147453,0.6205175228396459,0.6394980399821901,0.489125595093688,0.6107500970943968,0.707329678689639,0.09967256671404146,1.264745218197187,0.7165585819709372,0.0799382479756149,1.0150434195930602,0.7243454939180092,0.04228074748918071,0.7587897675886287,0.7331392679246186,0.048804541306429305,0.6340044331165212,0.7309049328307687,0.019381706743205475,0.6146405863211126,0.7346894079362669,0.008834340171860635,0.6296004497934329,0.7219936579718065,5.389830508474576
0.3532400188279486,0.8165359555690266,0.6578563452110568,0.34535488820357874,0.363855763112605,0.7368404118574614,0.32860809594084933,-0.0931846924763972,0.7749811447150861,0.32541707292417,-0.09190686379365737,0.6118965886734689,0.3771434838243819,-0.09204986845341229,0.6387401729635467,0.3129754804452925,-0.1794792717328324,0.8371595412746016,0.15483919449772895,0.805070252185949,0.689599649536357,0.13819104095472318,0.3446101185239996,0.7773526058602627,0.14109386397647794,-0.10236461251895425,0.7935968473955333,0.1574356590146536,-0.08213031412173231,0.6079206568954969,0.11074991125778466,-0.07802770464884512,0.6240730656903535,0.15327677693239566,-0.16357163081736664,0.8246996595466165,0.2519475663686841,1.367949688702829,0.6681056931119789,0.24297582169490944,1.618510018369738,0.5911449270822234,0.23780916414149156,1.4880493250271691,0.5248023368969625,0.410839935111577,1.2892510716396646,0.6611293758166854,0.462444809733332,0.9992421023253104,0.7440388436511612,0.47941051311566046,0.7515780529257075,0.6812070823195855,0.4417570230170331,0.6220476181475124,0.6604532818756418,0.4682970884145116,0.6145798593248446,0.6467157302906421,0.48019445441462405,0.607087777210314,0.7082864066165002,0.10041847074298825,1.2647604389221612,0.7155865246890674,0.08093591413488077,1.014624931317724,0.7239224184330169,0.04803013382118683,0.7582588561368174,0.7259768833123678,0.05292768815700379,0.6345419273714028,0.7208760425532286,0.02730152195033573,0.6141207548140557,0.7298752338631227,0.016150730946638537,0.6277068990516581,0.7242625618894537,5.406779661016949
0.35324945260559193,0.8151935904234053,0.6583673078913941,0.344328460041323,0.3641859645572255,0.7348537119018151,0.32845395048057946,-0.09337475610448301,0.7745516847567092,0.3253998215959597,-0.09290547664405928,0.6122942353071975,0.3770292221316204,-0.09230869093931748,0.6391018355707364,0.31274626270678385,-0.17894323145166546,0.8367734250576898,0.15454045913521763,0.804194323650541,0.6890214584640603,0.13850019483437587,0.3433633037447572,0.7775336138308832,0.1413673175955077,-0.10240844997663981,0.7936851640358923,0.15661687487213766,-0.0804487159926176,0.6053446357745931,0.11064421599426723,-0.07776529269421595,0.624077846426399,0.15314975561207614,-0.16420304449354073,0.8261416912687597,0.2533524615042395,1.369684249514465,0.6710144194116132,0.2432291978860972,1.6196530620724483,0.5964892779778777,0.23855652156220844,1.4909923811698123,0.5260972150457989,0.41022527693418953,1.2884472770143212,0.6639830154943445,0.46060153131605164,0.9996222169324326,0.7409562535296541,0.47457513964165726,0.748055068038641,0.6759749136043998,0.43621471825400915,0.6185288602081824,0.6664780319340656,0.4623181569154057,0.6096920995586523,0.6528136507001651,0.46924821154392016,0.6047810361792967,0.708039969958166,0.10143584990975205,1.2650602984267074,0.7156096563894015,0.08085598159515518,1.0147698066616806,0.7236689784490451,0.05212789312755914,0.7575519156212123,0.7203434809570155,0.05653041698827687,0.6366011875828851,0.7116780776278249,0.034629289185640635,0.6142462722080663,0.7236180146345352,0.02351405827216053,0.6248743142430564,0.7286633970225347,5.423728813559322
0.35337321284426965,0.8143798342843442,0.6587933972686064,0.3435453897364869,0.3647502246632328,0.733271334678079,0.3282283943782317,-0.09349020348481552,0.7739085115046794,0.3251631828404992,-0.09253448432127602,0.6110406956489783,0.3770174679512224,-0.0920459001075741,0.6386865022498063,0.31261422802641914,-0.17868199509542051,0.8366966980072563,0.15425074498084626,0.8038273269505829,0.6884853325393375,0.13875390120859976,0.34265648735885806,0.7776916781855762,0.14158638771315907,-0.10244333107941996,0.7937730976624714,0.15584649668436412,-0.07923632180947904,0.6032526509944153,0.11041039218770521,-0.07711889778463465,0.6232277448173558,0.1530143532691823,-0.1646289138660796,0.8272335750971999,0.2547511889933368,1.371807100897493,0.6737739281654278,0.24356987681729136,1.620655610246732,0.6009433106694415,0.2394012952727451,1.493883239132237,0.528188300074195,0.40975488761807616,1.2880467347389093,0.6661604032169113,0.45976984672192056,1.0010151053467862,0.7349973362985547,0.4703268006122828,0.7462819254348165,0.6691034807116754,0.4310478820866826,0.6171996046910835,0.6704215025449851,0.45531096057092346,0.6063155904127256,0.6567284807349992,0.4583958133409318,0.6033689704684151,0.7072104530153799,0.10239458293283787,1.2657932867323927,0.7161813910003049,0.07967334617503907,1.0151193979183741,0.7232445921801658,0.054319288351391715,0.7566103583155507,0.7164906637361785,0.059154920441411,0.6387517071989156,0.7049235063347216,0.040369738523757685,0.6147789085381807,0.7164828886433006,0.029426902654938324,0.6213924765261352,0.7336726100665394,5.440677966101695
0.35344888152028875,0.8142544126962934,0.658765766391586,0.34306430166087865,0.36560466095807004,0.7320541782343508,0.3279223138656969,-0.09339061713267803,0.7729537999864361,0.324785002115694,-0.09043131112186649,0.6077368939667718,0.37719910026557146,-0.0910137737049721,0.6371450685856341,0.3126094618055792,-0.17880447913455447,0.8370061380625553,0.15390009097737742,0.8040732505480246,0.6878025954680275,0.13891667708395025,0.3423723964935903,0.7777719238887825,0.1417501209014477,-0.10245074731434192,0.793867751785402,0.1552739264734182,-0.07842075020928407,0.601684679183127,0.11018930326794628,-0.07585697618873696,0.6213331717507417,0.152889198676227,-0.16481287352695662,0.8278759041867683,0.25594234024051765,1.3741757355452937,0.6760480878856758,0.24397813646550956,1.621601596599004,0.6045900027721591,0.24018706248620098,1.4967850456775913,0.5307934605336746,0.40938226035049397,1.2879118757096208,0.6678636531857669,0.4594255065960614,1.0029180592016345,0.7278994194288798,0.4671086421682262,0.746209435745321,0.6614703631885868,0.4270231458980834,0.6174679524840966,0.6719975468496091,0.4483728356665253,0.604767304845691,0.6577973761463493,0.4496852161686326,0.602830452717829,0.7054344031675059,0.10274557061758212,1.2668458286681359,0.7167676881186369,0.07755086746282107,1.015313254251218,0.7229174762302475,0.05480210423692354,0.7555311566022224,0.7141793591422849,0.06065335586951043,0.6400445549347306,0.7008551060510139,0.04388500733820026,0.6155737414610892,0.7091574997329708,0.032627487252852465,0.6181437154702285,0.7371790609251127,5.457627118644068
0.353385337671566,0.8147929277100888,0.6581398707578258,0.3427874784506436,0.3665980613072686,0.731055363788363,0.32758615946371983,-0.0930184492312465,0.7718448280684147,0.32436533051980565,-0.08682399939594679,0.6027356860232616,0.3775692726720802,-0.08929465465920217,0.6346108941649642,0.3127176719664755,-0.17928544362566623,0.8376251231502619,0.15344135147349416,0.8049085126818457,0.6866990550491023,0.1390100498597512,0.34234332757452934,0.7777537766077678,0.14186925064680614,-0.10241289086712428,0.7939770286754764,0.15510320979715964,-0.0776875724699754,0.600337021222599,0.11018274560300878,-0.07379588002262359,0.6182005931242195,0.15276014264398496,-0.16481663514734066,0.8280857171521885,0.25672578297395604,1.3766240694413692,0.6775669251495,0.24444421060967206,1.6226387815599788,0.6071813029579879,0.24081246203076168,1.4996990343455263,0.5334032576850725,0.4090942270265791,1.2880379353413631,0.6690980485209719,0.45917191959927395,1.0047371847369482,0.7215290808844318,0.4650872648880987,0.747495168431413,0.6541639043648139,0.4242922453312301,0.6184763400869702,0.6718682745349658,0.4424880735016612,0.6049476539717502,0.6561556998002355,0.44455328650491543,0.603620860055686,0.7019178452932227,0.10207967829803968,1.2679712222014636,0.7171083426032576,0.07498428194578649,1.0152468230725098,0.72302344614925,0.05409598443692566,0.7545858881741915,0.7123967190013252,0.06113096946082462,0.6402735235018797,0.6985972882564546,0.04509106109744733,0.6165887836883499,0.7020180865322616,0.03252248936246418,0.6161751297752086,0.7368284509496255,5.47457627118644
0.3532059005988473,0.8158710801798738,0.6569736769010808,0.3425193655078494,0.3674906844963982,0.7300288822303032,0.3272793837773364,-0.09244672395773457,0.7708065365040242,0.3239525036281887,-0.08221063291691855,0.5968160562239738,0.3780581343543682,-0.08718348212191374,0.6315034962048418,0.3128704157839765,-0.17997228865367254,0.8383060885979693,0.1528903331987044,0.8062080902697591,0.6850100024637862,0.13907812942928105,0.34242950108808623,0.7776500918050498,0.14195684253668847,-0.1023375945692596,0.7940887443120563,0.1554618313786873,-0.0767309329644302,0.5987735188918725,0.11054256450843897,-0.07093635513874927,0.6137915621068735,0.15260758915768854,-0.1647576779936826,0.8279261122076425,0.2570076063855524,1.3789915236675445,0.6782823010079428,0.2449295653774719,1.6238724645918496,0.6085765721497863,0.24120646740647772,1.502548909305764,0.5355524894988694,0.40894093464916825,1.2884978170686587,0.6695550263930183,0.45918091347298867,1.006127895364916,0.716790479363561,0.4642286045759209,0.7495583106255195,0.6481988436708529,0.4224764251654921,0.6194323646379394,0.6709529594425467,0.438254316519863,0.6064199630724479,0.6524411208230246,0.44340478679323736,0.6057192549407673,0.696658965358802,0.1004240189735297,1.2689663227119146,0.717265774096522,0.07241874458838614,1.0149561377401255,0.7236820263397319,0.05278293609547131,0.7540540135320855,0.7100965043199529,0.06084856067582625,0.6398351302336237,0.6970451812387077,0.04446343323078022,0.6181388760742427,0.694681750414609,0.029454502075516167,0.6163165132236446,0.7309854297718364,5.491525423728813
0.3529859957421048,0.8173880086865393,0.6553372883921453,0.3421494745884682,0.36811152632807187,0.7288295490396279,0.3270270782908278,-0.09187922721258117,0.7699487096642018,0.32352611495110695,-0.07717751303329257,0.5908651532188787,0.3786003762145158,-0.08502140514184701,0.6282917533209889,0.3129968491589186,-0.18071108427851024,0.8388124616781323,0.152306315287737,0.8078397496668053,0.6827613098252749,0.13914808383651822,0.34256022254110485,0.7774875625840474,0.1420028593971146,-0.10226273387226345,0.7941657094238792,0.15626726199451332,-0.07548653878614973,0.596667994730857,0.11127299997061361,-0.06756610761854683,0.6085401479409506,0.15242520658161723,-0.16477217480513404,0.8275226393708259,0.2568841699743827,1.3811041277292606,0.6784783348486914,0.24534224445329833,1.6252328376486513,0.6092065829762361,0.24129994406859157,1.5052743044842645,0.5369410353094239,0.408969525864892,1.2893349236002984,0.6689583079282538,0.4599571215659389,1.0070548436891236,0.7136764273983738,0.4643275837719899,0.7517832082833052,0.6442623189093892,0.421137561981017,0.6200536679314582,0.6695525806775462,0.43577492602458834,0.608801332309029,0.6470708209593767,0.4456555952463386,0.6083758803714977,0.6904313642796402,0.09813554914780868,1.2696951888016823,0.7173855823996531,0.06996226899800817,1.014470181121066,0.724825184389497,0.05129585094202159,0.7540429382773762,0.707068134326303,0.060141112229470356,0.6393639922959888,0.6954192832022784,0.04277321950076467,0.6208671563124064,0.6861388160897953,0.02455573379254594,0.6188322934332029,0.7198918894472248,5.508474576271187
0.35278331372983873,0.8192521638846106,0.6532534896634816,0.34170977123431284,0.3684271450909928,0.7275622988381608,0.32683027639276335,-0.09153607910215306,0.7693051380879975,0.323090234858025,-0.07253753753512357,0.5857465497817034,0.37920848648979744,-0.08314358181013418,0.6254481469481455,0.3130812240032537,-0.18145057246630136,0.8390942121901313,0.15171049023609096,0.8097302687236193,0.6800878704830731,0.13922269183485245,0.34274870724535134,0.777281224216432,0.14198015750439572,-0.10222710852474304,0.7941787768404319,0.15723116901318515,-0.07415977139906281,0.5940877899225026,0.1121973670978044,-0.06422226016350993,0.6034606666070524,0.15222991700639632,-0.16495520594966684,0.8270675973992542,0.2566074710232362,1.382822990295451,0.6785768063759492,0.24562322256588603,1.6265097316279653,0.6098376322229695,0.24104628402021272,1.5078605042104964,0.5375978200167422,0.4091722217116203,1.2904697267738858,0.6673713073209775,0.4617545941300317,1.0075955701668473,0.7119587171431269,0.4649979294109259,0.7538617787653404,0.6422552383098743,0.42002803596044336,0.6206829864181764,0.6672359636369595,0.434676481899531,0.6120077698020603,0.6402386239508578,0.45012728867203755,0.6109892573793291,0.6836382550386569,0.09561597906982272,1.2700574624717018,0.7175193287690376,0.06753645977710968,1.013885683088303,0.7262922760260722,0.04979144375110495,0.7545754534729875,0.7035348946334472,0.059314660016589166,0.6394387595272808,0.6933274875256865,0.04074410098673405,0.6251578696179775,0.6756695729142624,0.019144169685955472,0.6232707167909994,0.7056162525573703,5.52542372881356
0.35260804865149487,0.8212962635220906,0.6508662503297263,0.34124347212131323,0.3685025569824695,0.7265109933286,0.3266958377099849,-0.09153186817636229,0.7689322463805246,0.32279204266413886,-0.06936181150054554,0.5822114885120535,0.379963408506209,-0.08187216107330798,0.6234490306061741,0.31315205114892536,-0.18221493677704115,0.8392381671597687,0.15105159136668053,0.8118237017803362,0.6771195081066432,0.1392905216440045,0.3430529830705036,0.7770433999276596,0.1418887083691751,-0.10224852723162385,0.794130839544108,0.15802016127744276,-0.07309456311407612,0.591632690928613,0.11302361018426882,-0.061525606218918324,0.5997953287078825,0.15204249359689795,-0.1652913766246084,0.82669634762543,0.2564039804215082,1.3841472273798179,0.6787935777224168,0.24578856025549883,1.627505679474711,0.6111542727044089,0.2404995668697647,1.5102910158843819,0.5379464408393841,0.4095151640038396,1.2916780777078443,0.6650977052459337,0.4643525597431324,1.0078623898629813,0.7112829285771516,0.46578626539135703,0.7558972622343001,0.6412055790072702,0.41889905459512233,0.6218935184446209,0.6633637169556122,0.434305986335798,0.616018163818721,0.6324727683839472,0.4554082611753901,0.6136414702745745,0.6760245813547368,0.09319507684515252,1.2700057943701508,0.7176301667431765,0.06511444686372482,1.0133916102360858,0.7278690723443481,0.04812733381279343,0.755827301832586,0.6993153566618443,0.058524373694371835,0.6403837370508388,0.6908858379674817,0.0388852595600369,0.6306911859309701,0.6635711317505157,0.014218911872359862,0.6288105330604523,0.6904958178968122,5.5423728813559325
0.3524038987129228,0.8232875073176185,0.6485217969260364,0.3406894335890386,0.3684349086825671,0.7259342055415906,0.3266410890180183,-0.09187375524543857,0.768892894557021,0.32284051664741126,-0.06845944609094937,0.5806212544175187,0.3809069367266042,-0.08142758832337656,0.6226280285071243,0.31323742962296997,-0.18303172329556,0.8393268178716148,0.150274664934711,0.8140342289551341,0.6739464761796049,0.13933399943513156,0.3435253679378521,0.7767971256347146,0.1417571223433214,-0.10232772354533122,0.7940391023071278,0.15842509408435063,-0.0725769015664824,0.590057173455629,0.11349594768603133,-0.059898412674970494,0.5982832833441134,0.15184173201768686,-0.16567224468972133,0.826389309484244,0.25633733715789325,1.3852737768025456,0.6790962969066766,0.24582277228211516,1.6281054897885807,0.6136088989580282,0.23981527000371852,1.5125490267782553,0.538576335420045,0.4099719455378573,1.292660815892243,0.6624748410178345,0.46730656572731216,1.008026107537802,0.7110213048597467,0.4664015458593713,0.7580525121414636,0.6400473662483179,0.4174000971214099,0.6239608140314474,0.6577446686787406,0.4340642055141475,0.6205165648590607,0.624720527733815,0.4601425413987365,0.616701637162923,0.6674942606458536,0.09117039446023688,1.2696304329076726,0.7176776001754958,0.06271400035048075,1.013161263385255,0.7292599305656765,0.04598711847318279,0.7581184584677972,0.6939417127072731,0.057768786547043996,0.6422324389842432,0.6884913066357676,0.03748356165448447,0.6367406537074431,0.6509488395183997,0.010396513916029974,0.6346383436910515,0.6762009301968218,5.559322033898305
0.3520710558875817,0.8250612890809608,0.6465550902159024,0.339929406382149,0.36832608515192855,0.7258853102585185,0.32666144755120236,-0.09250841715535905,0.7691433832322484,0.32329602195812746,-0.06970314812419913,0.5806251060108054,0.38199578805656964,-0.08176213498362157,0.6229186792173071,0.31334684897595827,-0.18390650202624007,0.8393818252377324,0.14938576956201735,0.8162787043027772,0.6706588868957944,0.13933404458268062,0.3441974741973134,0.7765579654124302,0.1415979243647503,-0.10245804227799067,0.7939150793328837,0.15839252717680982,-0.07272235578299618,0.5898138113216739,0.11349457701490939,-0.05931220328755714,0.5987458454829393,0.15156141121574238,-0.16602139933524396,0.8260891275937107,0.2563529600625303,1.386488605557288,0.6794169039764285,0.24569663341535733,1.6282777648662916,0.6173004285529797,0.2391079215595954,1.5146100910696385,0.5398741650459079,0.41051050320074245,1.2931817227781686,0.6598221502503294,0.470208068456183,1.0082302314702705,0.7106225925787404,0.4668176385422053,0.7602627508931789,0.6382806475383018,0.41535222717474063,0.6268265650168188,0.6506861327514943,0.4336537091404365,0.6249599754074758,0.6178239739696832,0.4633785634924831,0.6203247816901925,0.6583424872985115,0.08980645683454232,1.2691942258866433,0.7176628048079404,0.060288717625781085,1.0133341440364698,0.7301140764367231,0.04311624573301178,0.7616152843650762,0.6872937549740292,0.05693215366718067,0.6448881626739207,0.686015890967451,0.036543817702023085,0.6427035213287986,0.6390571361458115,0.008009717635787532,0.6400493430360095,0.6640508342729525,5.576271186440678
0.3515387213441609,0.8265940384734939,0.645086297959403,0.3389197765564693,0.3682717046033691,0.726215990954989,0.3267155805781263,-0.09335957248945176,0.769500192486474,0.3240474735222307,-0.0720342767874174,0.5813299718551475,0.38315549239951974,-0.08249964953420381,0.6237869126064501,0.313472856842658,-0.184823678215772,0.8393759366825416,0.14843532838256435,0.8184878469849608,0.6674069119553101,0.13927830730068747,0.345083182687076,0.7763230523303113,0.14139842355844406,-0.10263037556436028,0.7937660825499407,0.1579607491995826,-0.07350616018465553,0.5909930919187123,0.1130266312320474,-0.05944437629815333,0.600436461244479,0.15116465245978197,-0.16635718062644103,0.8258431145414014,0.2563886512907675,1.387909578783398,0.6797465365927657,0.24548395626802938,1.6281075776729175,0.6218493026101382,0.23838117628321936,1.5163827780859427,0.5418176786425547,0.4110774816739108,1.2931778557185802,0.6574481146321536,0.4726979511877902,1.0084901331437368,0.7100004120878387,0.4671509743180823,0.7623511260740407,0.6359178000907795,0.41293750815734076,0.6304713103087144,0.6423877131192195,0.43307811248361294,0.6289995379408615,0.611850002552748,0.4648620356801,0.6243701467007732,0.6487870154148094,0.08921056988020333,1.2689666015186174,0.7175842046499294,0.05776969382996096,1.014048683657062,0.7302377308856651,0.03951537444869484,0.7661197856927768,0.6798000037546915,0.05581693992546461,0.6482456990932031,0.6826185523351612,0.0358066060176752,0.6482597602872424,0.6288204723450067,0.007072847441703283,0.644590955428352,0.6548809820765179,5.593220338983051
0.35080270652581375,0.827888790916675,0.6440990885883492,0.33775082734992934,0.3683385395694615,0.7267227556501249,0.32676293050350935,-0.09434393258006371,0.7697789820785507,0.3250112050677224,-0.07423893468756088,0.5819520552814893,0.38429381982150224,-0.08315966753110854,0.6245840697659599,0.31359614619519666,-0.18575547273660206,0.8392847546819703,0.14747637702229682,0.8205483259401467,0.6644082810770535,0.1391689566574939,0.34617028568264885,0.7760877477991718,0.14114647407795794,-0.10283572343517139,0.7936003067887334,0.15722488737828436,-0.07478944653405709,0.5933440222208953,0.11221882380610096,-0.06016093115040935,0.602656146364871,0.1506918460218689,-0.16673322708824573,0.8257643665811268,0.25641741319075806,1.3893852885955198,0.6800874150010713,0.24529402569854125,1.6277988913108505,0.6265614081754616,0.23763164127379627,1.5177501112857679,0.5440687283869969,0.4116039634704508,1.2927572464567967,0.6556341552052216,0.474440451031229,1.0087294056704477,0.7094065750814579,0.4674798283249535,0.7642331064880288,0.6332356716321628,0.4105221258234819,0.634995574229918,0.6327177816030376,0.4324589257442242,0.632689501853488,0.6060050499077626,0.4650454082191585,0.6285633825793632,0.6388573430724231,0.08920050532608895,1.2690050113102838,0.7173765239320944,0.05520847696967539,1.0153447074688913,0.7298397355084957,0.03542940453105668,0.7711490236125851,0.6720856221642781,0.05422833978475678,0.6521598182686021,0.6775427572087449,0.03495322226030839,0.6531880720829292,0.6206670992664624,0.007182399236546689,0.6481983699335148,0.6483994322323925,5.610169491525424
0.3499010825064914,0.828878281949707,0.6436083127448988,0.3365744084791956,0.3685453911886203,0.7272466530723491,0.3267977464360014,-0.09535974452368667,0.7699375956873178,0.32622850059970676,-0.07564119484540725,0.582227657743137,0.385276212691892,-0.08348547479764634,0.6249947917825545,0.31369947402984005,-0.18667977844097003,0.8391403115362785,0.14655430077886103,0.822306613499405,0.6618422462634401,0.13901974631409236,0.34739773329706003,0.7758699187954627,0.14084248832711913,-0.10306828184738695,0.7934262196383216,0.15634680768413456,-0.07627578062062582,0.5961993386605071,0.11132214635026294,-0.061585635978064865,0.6050222782447306,0.15021095766338463,-0.16718677146048527,0.8259401644905224,0.25643135713258514,1.390673885669867,0.6804174023086393,0.24519868847873516,1.6275532586997203,0.6308861845656364,0.2369309361366968,1.5186833702364095,0.5462041174497345,0.4120113686947192,1.2921037352037117,0.6545654171590007,0.4752564727240439,1.0088789788595944,0.70907061904493,0.46775315793707256,0.7659466165625917,0.6305277781534762,0.4084297237165347,0.6403112345145558,0.6216523609916408,0.4318425746181682,0.6361919621648511,0.5995095625238518,0.4647234505680763,0.632558918306503,0.6287722011397014,0.08940388739800395,1.2691685272110609,0.7170118225803281,0.052802839487270714,1.0170530507839717,0.7294315604117145,0.03121262251286018,0.7761493019571535,0.6644854440574594,0.05205456076119024,0.6564025336513379,0.6706380592678272,0.03376006331005727,0.6572435841317639,0.6144774128641954,0.0075731895358849815,0.6510602845124451,0.6433924521880009,5.627118644067797
0.3488767675595358,0.829502703383276,0.6436647824261894,0.33549188403204105,0.3688578464054162,0.7277097201927681,0.3268393943510399,-0.09630210278923775,0.7700666266880821,0.3277164790419439,-0.07610432488481556,0.5822739057273132,0.3859578294772683,-0.08350599353023694,0.6250773176472811,0.31378347048798083,-0.18758963813865628,0.8390153016616139,0.14571785420966793,0.8236718858361698,0.6597476366643251,0.13884472894047656,0.34865769853518136,0.775707285817,0.14049557647590338,-0.10332898695761521,0.7932470139614342,0.155530404017705,-0.07761207625299074,0.5986825641622249,0.11061497888881176,-0.06366333356363332,0.6074173538996211,0.14976641382353864,-0.16773237397524343,0.8263908968867687,0.2564164307136271,1.391645586659697,0.6806782403777074,0.24530462435314987,1.627450573084528,0.6347722565770046,0.23639070161361958,1.5192608214599816,0.5478522171951212,0.4122171528840298,1.2913917980810345,0.654233837470302,0.4752986384079937,1.0089309749132198,0.7090151895984278,0.4678143779629932,0.7675067849754582,0.6279448246778745,0.40685530617271004,0.6459953734534822,0.609538198229159,0.43111755190867385,0.6394117162788955,0.5924291940539095,0.4645130677215004,0.6357866358088426,0.6194171179984338,0.08957337402857732,1.269279575926547,0.7167258342341115,0.050744068209532346,1.0188600929235703,0.7294298171385372,0.027249905608217058,0.7806363063119408,0.6570398760624084,0.049312524821922346,0.6606707820346641,0.6622960506913571,0.03214924974086718,0.6602994116860845,0.6096743324631287,0.007459282974592786,0.653333449126438,0.6387692330952132,5.6440677966101696
0.34776014599469046,0.8297984443522057,0.6442113970144359,0.33451228241841485,0.36923610633345877,0.7281016398853639,0.3269029755760215,-0.09710450769170206,0.7702779749712431,0.3293140027725671,-0.07568221878447651,0.5822905501644544,0.3862455015311337,-0.0833558036526571,0.6250089419419315,0.31386394279875046,-0.18848443922251545,0.8389593292575344,0.14501341407058146,0.824673840638558,0.6580581148603957,0.13865235583112817,0.3498612524228321,0.7756170261403142,0.1401184952743849,-0.10362702661487753,0.7930531501622471,0.15493792211219745,-0.07865196076511244,0.600198798595853,0.11022595188426444,-0.06598046128002252,0.6098546550704347,0.14939639903852406,-0.1683557125814756,0.827047988135498,0.25634524951141263,1.3923130737793217,0.6807701163288531,0.24571134111445642,1.6274995105671528,0.638459567449736,0.23608348266261542,1.5196188438327425,0.5487488394405344,0.4121729404108832,1.290764691059371,0.6544797673337546,0.4749955262210669,1.008937306031606,0.7090989302052195,0.4675094451058236,0.7687954225866264,0.6255617296784787,0.4058388937895474,0.6515245152319813,0.596883270596831,0.4300828425792159,0.6421395741559268,0.5852796782108912,0.4646040165382004,0.6375336965504947,0.6122316398557313,0.08973631072385287,1.2692100004122784,0.7169830701048683,0.049143251124991905,1.0204924392441945,0.7298829262986055,0.023935118334334725,0.7842279479673561,0.6499808273678529,0.04618279106476052,0.6646573543073776,0.6532638451426573,0.030208770818817485,0.6625294198109295,0.6055415524792341,0.006418831584501532,0.6550269684850409,0.634277168111701,5.661016949152542
0.34657320759929067,0.8298810866759802,0.6449811579272766,0.3335790979612675,0.369742052531535,0.7283666710532081,0.3269830288029988,-0.09776080631684393,0.7706138422378216,0.3307411703012866,-0.0744917095331406,0.5824084209549807,0.3861484190604537,-0.08313440671444075,0.6249172779460669,0.31395272784532147,-0.18935059261372947,0.8389683492596495,0.1444472307195853,0.8254279968451919,0.656640045490268,0.13845067747731973,0.35100010713924734,0.7755732418628699,0.13972482139328413,-0.10397168606781482,0.7928273799203079,0.15460757666544891,-0.0795152048628974,0.6007053445398896,0.1100505101330767,-0.06805842954505287,0.6123538399580255,0.14914763240136966,-0.1690208368517861,0.8277664465848007,0.25621366142850066,1.3927413810449123,0.68064634237429,0.246381456886741,1.627725142183392,0.6419420609682014,0.23597686821939096,1.519909103366191,0.5488541869350184,0.4119047292930071,1.2903160762158938,0.6551735540107375,0.47474504607156126,1.0089686775484457,0.7091730261624674,0.4667999070789006,0.769712937930685,0.6234009163995707,0.40526267566963814,0.6565544923765723,0.5842084111995769,0.4285769005980522,0.6444132636680371,0.5781437172726391,0.46491284533571675,0.6375584455747241,0.6081098869094796,0.09003185380695322,1.2689207100138162,0.7181037336637682,0.048145920975683876,1.0218690735721392,0.7304312121509332,0.021600960642791538,0.7867399453496474,0.6438117990361719,0.042988879768262,0.6682043074966392,0.6441830218658111,0.028120233088933008,0.6643538754185504,0.601506071283141,0.004429465765575841,0.6561404924064236,0.6303623969952569,5.677966101694915
0.3453519926301334,0.8298779374773021,0.6456172406390974,0.3326370444117933,0.3705189999210631,0.7283390837904516,0.32706508091396874,-0.098304194742303,0.7710325637978725,0.331823976983331,-0.07288410453776138,0.5826779486537008,0.38580395239376875,-0.08289242684411813,0.6248589861088194,0.3140450304216758,-0.19014573628571588,0.839004728683305,0.14397067271452346,0.826063557077065,0.6552982807807044,0.1382512663165181,0.35211527605298504,0.7755401223462569,0.13932633179833812,-0.10435074691944955,0.7925675507331231,0.15444602482929012,-0.0803887380613596,0.6006150026166415,0.10989053024044083,-0.06958837467046064,0.6148278988767791,0.14902722284291764,-0.16972695878516975,0.8284089283478806,0.25610107610735855,1.3929563403127359,0.6804987525973567,0.24716938297476565,1.6281259338494647,0.6449352945599056,0.23595554885306033,1.5202501267043762,0.5484463270976585,0.4114921773794674,1.2900494634561535,0.6562751694820903,0.4747004430747689,1.0090471901343343,0.7092002532912409,0.465808590245367,0.7703786021012216,0.6213330829330593,0.40487153882066546,0.6609144275912442,0.5721834609585663,0.42654092794322873,0.6464705124490883,0.570725906446794,0.46529843405863214,0.6364755574990094,0.6064894961062,0.0905236082233511,1.2685034202962133,0.7200312668448785,0.04790360354568336,1.0230690679497125,0.7304984360486955,0.02035579760188109,0.7883538287639478,0.6387168692208792,0.040102723911344645,0.671356907599491,0.6353223308462468,0.026066131217969968,0.6660924600765442,0.5974129883365531,0.0016852230672318074,0.6568010245560316,0.6275834223676773,5.694915254237288
0.3441714593893381,0.8298535310522731,0.645955688883542,0.33170428057213674,0.37159837805855567,0.7278808837654577,0.32714059357251196,-0.09874720813167948,0.7714259476132483,0.3326082038133322,-0.07146191255577795,0.5830625162256975,0.38541330375558147,-0.08266868453487751,0.6248486774065131,0.3141225532489972,-0.1907966074031797,0.8390260124568444,0.14353154787037453,0.8266442083296698,0.6539154199233987,0.13806429039813706,0.35320363550062595,0.7755158058046049,0.13893077250876562,-0.10472135013808395,0.7922989336506461,0.15432620868459918,-0.08132418687161311,0.6004453831538582,0.10966149883455824,-0.07038261158013975,0.6169757022706439,0.1489704014477636,-0.17054086653743353,0.8289786515458208,0.25615279957697845,1.3929439468554183,0.6807391485132624,0.2479357519896414,1.628609939647945,0.6473663213089121,0.23595949730617471,1.5207018788232511,0.5479465985817827,0.4110095346340614,1.2898614240587338,0.6577947060269853,0.47481297746872375,1.0090886453621766,0.7092650649225076,0.46476549194681815,0.7710164336216012,0.6192025194600141,0.40439392637589366,0.6643954910998753,0.5617167814661018,0.42401987477221614,0.6484069679329305,0.5630529591680754,0.4655658221793151,0.6352535221677829,0.6059359853210642,0.09117297852134743,1.2681420847131601,0.7224554698778155,0.04835740657764718,1.0241189293775543,0.7296656067549485,0.019994366058355632,0.7895314238854702,0.6343825215844185,0.037843360572502,0.674209541154148,0.6269928369021929,0.024206589274654973,0.667731690697516,0.5936611832516765,-0.0015205899095081128,0.6571486360685835,0.6261990108413342,5.711864406779661
0.34313020827000457,0.8297787901282112,0.6461232487521456,0.33087416171667866,0.3728344608728611,0.7270519815743033,0.32719235790809265,-0.0990535960779076,0.7716457837853182,0.3331780863025624,-0.07063443419530802,0.5833298997750119,0.3851191246708268,-0.08250373338930939,0.6248782992139336,0.31416593938061776,-0.19122293502520032,0.8389973510241873,0.1431295868450172,0.8271430984140575,0.6525978038595519,0.1378982030999714,0.3541513840837982,0.7755301837614628,0.138543238907279,-0.10503134657928383,0.7920582056439068,0.15419410818593834,-0.08213660171700796,0.600441487662979,0.10936494782742356,-0.07028759434370899,0.6182976521609881,0.14890602562036093,-0.17151650082439907,0.8296313724823667,0.2564693163011024,1.392735289477255,0.6816923525097186,0.2485967748607914,1.6290334550672894,0.6495259444930381,0.23606558847538084,1.521270698774254,0.5476094214690108,0.41047730847320707,1.2895934174124906,0.6598600881105474,0.47493544811226607,1.0089417399145104,0.7094700885076566,0.4638789810250523,0.7716829044224549,0.6171312927918337,0.4037196448850093,0.6666878357241777,0.5536704707810725,0.4211443141776036,0.6500428517167856,0.5556531299878871,0.4654590401667804,0.6344685596890791,0.6053339617457516,0.09188916373623784,1.2679994284146008,0.7250142195518964,0.049214427812610415,1.0249085628979155,0.7278927625844365,0.02013673338559893,0.7906482376367501,0.630666381349427,0.03637798075526512,0.6767829684982584,0.6196508749616211,0.02261537623672941,0.6690660631300643,0.5908014815976481,-0.004822773632054361,0.657129703575612,0.6262420034344474,5.728813559322034
0.3422958954465662,0.8295844162570414,0.6463272515625289,0.330247888900794,0.37404281744158197,0.726085597878657,0.3271791991451115,-0.09917361205895805,0.7715857097556018,0.3334421520254747,-0.07019204460126542,0.5830740573878362,0.38496536361551226,-0.08242571590157553,0.6249277369621004,0.31417077786008973,-0.19139152589786962,0.8389045352786966,0.14281552386462887,0.8274777723108612,0.6516002093562955,0.137765151546531,0.35476188288801774,0.7756003289500668,0.13816897471513803,-0.10524094220815379,0.7918761039971134,0.1540670651594495,-0.08249884666193708,0.6005477309234726,0.10899190332839695,-0.06919464198542535,0.6183041026856814,0.1488198741624782,-0.1726327463957824,0.8305057026488798,0.25704039713894167,1.3924270199124231,0.6833763779641183,0.24910508139156395,1.6292679012122178,0.6516210007014678,0.23638675719801308,1.5219049504979199,0.5474603162144144,0.40987097109577764,1.2891395298311776,0.6626729278023352,0.47489429457763943,1.008533714809964,0.7097522734154416,0.463227839415452,0.772231812462868,0.6155251559784495,0.40288547736800234,0.6676745127616972,0.5482015439142077,0.41809341498575303,0.6511611843574783,0.5490104349763443,0.46484039910157127,0.6341645721529392,0.6042012525886502,0.09256916201044638,1.268150557775035,0.7273728492790243,0.05016681579172635,1.025375489110942,0.7254592041283838,0.02045445004327663,0.7917839479197918,0.6279860982157544,0.035631014197716755,0.6790414898141759,0.6133256510439233,0.02122402188349813,0.6698550741835656,0.589036853570136,-0.007784985605460376,0.6566001123598002,0.6276505357694903,5.745762711864407
0.34166403426954833,0.829235518055044,0.646667167571823,0.32986793916113205,0.37512403353867596,0.7252166596602129,0.32706159122104134,-0.09907755886182205,0.7712545553902668,0.3332239078110659,-0.0694980763658892,0.582016346574246,0.3849372493771338,-0.08243524719221472,0.6249816652293928,0.31415175568750875,-0.191346727891544,0.8387634924020637,0.1426514456459243,0.8275484915175472,0.651137933055904,0.137665515600139,0.3548967769031861,0.7756944459558667,0.13781357275616732,-0.10533136851641461,0.7917730822465806,0.153964892688548,-0.08220756527284834,0.600624100737167,0.10863827926292367,-0.06721659765893899,0.6167951818386568,0.14871805770306523,-0.17386311971952711,0.8316193829772954,0.2577797016696047,1.3921004783180386,0.6855669750874871,0.24941253347142958,1.629234903024798,0.6534012898739112,0.23694992416631222,1.5225062396883997,0.547449375327867,0.40919245483727096,1.2885125075999007,0.6662125402047157,0.4745472034973216,1.0079409233385646,0.709863711541334,0.462762329870911,0.7725041282857149,0.6147564968303725,0.4018916575742445,0.6677406239635515,0.5444606650985524,0.41506087638487005,0.6518252901265323,0.5430661911103407,0.46380399610177947,0.634254279283112,0.6024557628450589,0.09311698875524374,1.2685815587415288,0.7292164434175576,0.05104514350985959,1.0256072299244678,0.7228121404464477,0.020742575931038537,0.7928252201524159,0.6267834101603889,0.035347139612414535,0.6809072937974012,0.607649053626798,0.019966573100679858,0.6698309798791316,0.5882500961394092,-0.010035807721202923,0.6556086394269489,0.6301208971194282,5.762711864406779
0.34116147241725236,0.8287554519919571,0.6471286713803837,0.3296860020760423,0.3761074758173163,0.724572367878632,0.32683312447750357,-0.09876040749317301,0.7707306602854394,0.3325257004153208,-0.06807012642154436,0.5801857007594678,0.38499539884069667,-0.08250561748768745,0.6250342017394678,0.31412645615981194,-0.19118097569661946,0.8386049158105471,0.14267145575978069,0.827280462447814,0.6512920362825099,0.13756313450048815,0.3546366225509987,0.7757491362022652,0.13748296011980676,-0.1053182922217292,0.7917522984896975,0.1538722513543594,-0.08134233750207066,0.6005679191889426,0.10854802753047132,-0.06489615043793368,0.6140856294228711,0.1485885554898978,-0.17521886395380898,0.8329256190162977,0.2585779375911361,1.3917848553589405,0.6879492837437524,0.24948812213404162,1.628939177946794,0.6543647158645916,0.2376923461617611,1.5229704340998433,0.5475416224140424,0.4085042328517382,1.2878144637486695,0.6700786723600718,0.4737885047346871,1.007314354393857,0.7095437892435075,0.46235432312743197,0.7725148247704816,0.6148381202806019,0.4006770338942637,0.6675541777948265,0.5412643333061786,0.41225871539810705,0.6523640050754442,0.5374830590284297,0.46247005274496417,0.6348567731038537,0.6003408795165762,0.09345861677665697,1.2691782017008477,0.730282983179559,0.05178046111991985,1.0256471925348232,0.7204214327954006,0.020844816738338594,0.7936284812489015,0.626852528415345,0.03529946918126895,0.6822859002928778,0.6025500270510794,0.018942683450211655,0.6688211451549009,0.5882377251393993,-0.011502815955777382,0.6544085140796259,0.6330673036936054,5.779661016949152
0.34069566505137505,0.8282111724779556,0.6476075177272671,0.32959675122769144,0.37711908757416857,0.7241901610771483,0.32651237904057073,-0.09825046450225758,0.7700613933731864,0.33156890342845746,-0.06591293298427828,0.5777941886725343,0.3850988913700051,-0.08260027193501979,0.6250727941623303,0.3141056092508159,-0.19100432074751847,0.8384690020380273,0.14286172346926784,0.8266760289640672,0.652003913374895,0.1374124168571003,0.3542640696375631,0.775742166146064,0.1371851616054707,-0.10524981757695119,0.7917976487952346,0.15375999761484505,-0.08016186083921892,0.6003440216428597,0.10891147125155524,-0.06297124117234074,0.611009412911716,0.14843004749536112,-0.17667683693704322,0.8343664446510138,0.2593236962387802,1.391497925841852,0.690191245655155,0.24939128183131598,1.6284510575433147,0.6543210632965328,0.23850833830425927,1.5232287940161016,0.5477010707814696,0.40787333981630913,1.2871640792343249,0.6736938500637513,0.47250699270245133,1.0068212057393846,0.7085347656675408,0.46178135695682376,0.7725254017415848,0.6152513557291469,0.3992951958771258,0.6675479296657859,0.5379724494933967,0.40993079900962587,0.6530079786913661,0.5323271326658793,0.4606923731804883,0.6361747609466702,0.598295208476743,0.09357373167297794,1.269729197473928,0.7305269936772122,0.05231958535357413,1.0253292618503567,0.7186600054271159,0.020681302907343456,0.7940986533501619,0.6274162205445487,0.03541207240271663,0.6830891036880293,0.5984292413891751,0.018333291717398736,0.6670162318910343,0.588683237744436,-0.012428955169812914,0.6532806326570401,0.635825778023409,5.796610169491525
0.3402112338570288,0.8277014609585788,0.6479335813410517,0.32953876243079305,0.3782920132719208,0.7240326928856955,0.32612115877945014,-0.09761006950181353,0.7692377588842222,0.33058931225602994,-0.06349488614203126,0.5751272841640082,0.38521708234626273,-0.08268229945400003,0.6250671818416635,0.31410212743146243,-0.19093148699750354,0.8384193501026591,0.1431629975060701,0.8258469902027016,0.6530960943597705,0.13721801198141725,0.3540312162442447,0.7757377352184175,0.13693115684660948,-0.10517076392381307,0.7918894317255162,0.1536282733913138,-0.07891061925324808,0.5999885689180293,0.10971417906919162,-0.06182071657882425,0.6085240717270723,0.14827094940511445,-0.17815542021237776,0.835867241954437,0.25990758948703063,1.391281058300775,0.6919632462976162,0.24929293855463674,1.627858929203365,0.653766839152339,0.23927681865791886,1.523286304356723,0.5478703914339099,0.40731482439992317,1.2866326975963478,0.6766505408554144,0.4705625172852964,1.0066327263433021,0.7065747590256151,0.4607754359205972,0.7728669832273127,0.6151895700445128,0.3979680589034875,0.667755118267337,0.5346595061015189,0.4082369154108445,0.6536512656584493,0.5280982311503302,0.45811577124765546,0.6381083530445206,0.5967120133619477,0.09352102043880411,1.270002200139603,0.7302444455458235,0.052616064683905076,1.0244291174798967,0.7177313432747066,0.020378695268640414,0.794193507421915,0.6277992635745995,0.03569236697060631,0.6832049139211832,0.5958476055898675,0.018230802947456767,0.6650017157665493,0.5891791560388773,-0.013043159408879408,0.6524847248297778,0.6377494403208545,5.813559322033898
0.33970910361856965,0.8273460354913019,0.647964173544635,0.32955558702346927,0.37969154475717193,0.7240029097614691,0.32568621442284185,-0.09690139835785594,0.7682570795153223,0.32973250231180584,-0.061566233574014514,0.572585427459598,0.3853274232996503,-0.08272661928772386,0.6250047441413135,0.3141347114584403,-0.19104530761547472,0.8385205458431166,0.143499750290865,0.8249848228862233,0.6543411820898345,0.1370269422078381,0.3539834393334146,0.7757996042672803,0.1367339757797657,-0.10509349404096278,0.7920178235095925,0.1535178565037562,-0.07777267634616788,0.5995991590172585,0.11076635388081221,-0.06133955213169999,0.6071808442662558,0.1481468434103618,-0.17960186748126833,0.8373331782348582,0.26024187715987,1.3911907999421351,0.69300428840122,0.24937914220480867,1.6272922693739043,0.6535920313923846,0.23987795548032043,1.5232296093135527,0.5479963177033433,0.40682164580612534,1.2862226893277837,0.678883332784542,0.46787220570829413,1.0068735242963913,0.7036308877009765,0.4592355329809433,0.77357077669546,0.6141353471571537,0.39688871337640685,0.6680480945909236,0.5317367837052264,0.4070589433794256,0.6540099824692729,0.5250359200392758,0.4545923403832771,0.6401313790513785,0.5958359504952939,0.09339809374381829,1.2698549213637211,0.7298726146110872,0.052683691034703245,1.0229330331008921,0.7175836794990138,0.020257029113995163,0.7938702046137283,0.6278258648416115,0.036102440767753485,0.6826097337590169,0.5950877354661196,0.018566286492084187,0.6633856230961998,0.5894908936948032,-0.013258802524038351,0.6522601709934124,0.6382147622205712,5.830508474576271
0.3392305165938585,0.8272415325169308,0.6476731236767451,0.3297296111186571,0.38122397659038065,0.7240820059347124,0.32525504334719735,-0.09615581515386157,0.7672015243048916,0.32911420255781926,-0.06079629415552447,0.5706925913906368,0.38542605533706736,-0.08275950932526847,0.6249556137801843,0.3142167432700758,-0.19135897898512028,0.8387896622587266,0.14382478967807252,0.8242701756151967,0.65555435239317,0.13687459781161235,0.35402495124593925,0.7758827496228327,0.1366080588003632,-0.10500563299321669,0.7921804734973531,0.1534853196054079,-0.07693386949409114,0.5993197981098426,0.11182614841284091,-0.061279267402305465,0.6069261001724648,0.14807553032304735,-0.18104414639149524,0.8386880287046898,0.26031346204437633,1.3912401896119804,0.6932752846658544,0.24972823642887765,1.6269269558667208,0.6543782817394119,0.24022532044600547,1.5231635218554886,0.5480651676135391,0.406428859131174,1.2859133325817547,0.6804711310702513,0.46453594593457603,1.0075476474610785,0.7000255323237009,0.45734880549142376,0.7742608581664152,0.6120947313025467,0.39605660556627104,0.668386555920707,0.529547928864035,0.40606577232495095,0.6538712874707544,0.5227870583548364,0.450413304189381,0.6416079515426303,0.595746537153697,0.09326787412785023,1.269311913629756,0.7296458349646606,0.05263006522153425,1.0210902552120236,0.7178664926747045,0.020665129587401493,0.7930418602754062,0.6276194891471776,0.036570368844953446,0.6815491711984658,0.5957219236820218,0.019145146467941288,0.6623961278198331,0.5896490690640181,-0.012789066280370787,0.6526971290504543,0.6368677315200586,5.8474576271186445
0.3388263903299193,0.8274044893618977,0.6471244838822392,0.3300793512286101,0.382583931179847,0.724398725313929,0.3248860894940305,-0.09537731605631092,0.7662302047714411,0.32881905040847054,-0.06132210083822276,0.5698478202439609,0.3855394287473243,-0.08286683956238519,0.6250632950319838,0.31434377679210174,-0.19183588515958627,0.8391711053114843,0.14414925752677404,0.8237923390787313,0.6566531727743743,0.13678279207043093,0.3540498679420211,0.7758980859783174,0.1365675180517886,-0.1048958923326033,0.7923727386792454,0.15355485469910557,-0.07652541737893377,0.5992272630278704,0.11275777953352409,-0.06144128560770855,0.6072733251679704,0.14805343556320485,-0.18252956768255837,0.8399092454763942,0.26021959285316276,1.3913322543279405,0.6930429697192015,0.2502913131744947,1.6268888384891889,0.6561251275787991,0.24032598178973918,1.5231367619169416,0.5481017107190929,0.40620318486487533,1.2857150535374728,0.6813682505332619,0.4608246889893718,1.0084648996631773,0.6962883282924,0.4554514866157967,0.774484268965751,0.6093460226977875,0.3953808262271121,0.6688161358379283,0.5282371297094626,0.40499712126855136,0.6531774959587964,0.5207790228862714,0.44597306117561164,0.6421790377121931,0.5962755070416761,0.09314476585482814,1.268555153005321,0.7295470515460464,0.05259099455381173,1.0192157381334441,0.7181350747380206,0.021803631079118885,0.7916195119794036,0.6273030451280996,0.03713047234923549,0.680383822851432,0.5969989260384909,0.019844429618291106,0.6618610777854672,0.5897840242562034,-0.01139835564871826,0.653675335743043,0.6338272237958466,5.864406779661017
0.3385373004459552,0.8277636070189864,0.6463861918416977,0.3305540256116835,0.3834141780258442,0.7250511411914122,0.3246021178945503,-0.09457643658543932,0.7654389512950793,0.3287825623188143,-0.06256133042168097,0.5698918599974182,0.3856802214467804,-0.0830901122096237,0.6253807993827081,0.31449211823359635,-0.19244895637628157,0.839553172824479,0.1445281910574639,0.8235128146615796,0.6576693316496701,0.13677367278674868,0.35398100994504045,0.7758362118075461,0.13661657642473005,-0.10477570523646663,0.7925762392242033,0.1536606558667592,-0.07642970994923973,0.5991418178789334,0.11354777217228024,-0.0616583886975427,0.6076919960141884,0.1480763512236371,-0.18401076954282103,0.8409877565581706,0.2601030180843004,1.3912973188425983,0.6926887722813153,0.2509634453154744,1.6271823625585702,0.6585180046832133,0.24030962662151095,1.5231469170323837,0.5481427684370334,0.4061656380926921,1.2856431367118741,0.6815349507430777,0.45704583066570936,1.0092513930643798,0.6929935460616381,0.45378594299797326,0.7740158717094275,0.606286877273339,0.39482650573218436,0.6693243045829679,0.5277085751620787,0.40377820976218454,0.6520257921788637,0.5185736153804862,0.44132056582543583,0.6417994168334906,0.596977836653114,0.0930256040886054,1.267818932343295,0.729489716730935,0.05262831094771793,1.0175078437195437,0.7181592401594902,0.023623975373873576,0.789664366983985,0.6269236600106483,0.03796997383324458,0.6792254519130102,0.5988569171980781,0.020784614157920378,0.6615414781746057,0.5900027439297653,-0.008939018668060985,0.6550416005498225,0.6295103876730981,5.88135593220339
0.33839216371100356,0.8281985306156316,0.6454914282720275,0.33109590379575454,0.38357249556267714,0.7259862168777557,0.32437676388155606,-0.09383019249665583,0.7647735229301942,0.32875291948691177,-0.06351069061428659,0.5700535411791815,0.3857736011314732,-0.08329411645795412,0.6256890823120947,0.3146320574978234,-0.19317968236104843,0.839845841289309,0.14499231323175285,0.8232739330263967,0.6586849474925518,0.13684838333789895,0.3537803312623051,0.7757444569667218,0.13673082933541655,-0.10468014296764858,0.792755859954062,0.15365648508747703,-0.07625773153564537,0.5986741665160819,0.11414529694136331,-0.061830905944646325,0.607934040944021,0.14815492445627798,-0.18529948370785307,0.8418671116299916,0.2600422942347207,1.391024529983088,0.6924193918860261,0.25164713315056153,1.627727096942837,0.6612144628131497,0.24032253210045326,1.52318969346049,0.5482048354324276,0.40624903032679716,1.285658948893479,0.6812260369664895,0.4534471873238659,1.0095557352721842,0.6906013062131886,0.4523790098961866,0.7728159102022576,0.6035606607321509,0.3943336755395247,0.6698225335219146,0.527424550213561,0.40244453044935075,0.6506326263428486,0.5158967718515495,0.43633182474740695,0.6404529038076552,0.5973885570564225,0.09290227848513957,1.2672776640081609,0.7294186676999321,0.05272199417742611,1.0161045494847745,0.7179752980152156,0.025873963198975343,0.7875085045994685,0.6265272201003338,0.03931567366036186,0.6778306025556371,0.6022108521755556,0.022200567984901855,0.6613461577984705,0.5903758717718912,-0.00534066954377573,0.6567703627137006,0.6244591987408155,5.898305084745763
0.33840320736333523,0.8285659427312064,0.6444618968483697,0.3316633205536201,0.3831984243070542,0.7271121320566678,0.3241964539333849,-0.0932920595620341,0.764182111688831,0.3284733185731028,-0.06334904281580052,0.5695648768628919,0.38568566728743814,-0.08322279129497658,0.6255916442033157,0.3147454904660493,-0.19396809105048515,0.8400558891390931,0.14548775115446266,0.8228673481384956,0.6597389288022742,0.1369805426824469,0.3534447704840915,0.7756266099724828,0.13685371046416084,-0.10463935670887854,0.7928785541345729,0.15341623364389573,-0.07563739507414567,0.5975426927716766,0.11446389081016309,-0.06192434946521154,0.6079804271929189,0.14830159392164272,-0.18617962122094597,0.8424592015825177,0.26003429141621803,1.3905238003232272,0.6922319616768906,0.2522696601982348,1.628407240345706,0.6639195887529544,0.24036045963953379,1.5232587632498227,0.5482660595516882,0.40634928569595385,1.2856887492255913,0.6808716043470601,0.45024434673949565,1.0092748381351524,0.689267545091576,0.4511274323809292,0.7709124695929269,0.6019761017246201,0.39369803896522504,0.6702068783668643,0.526583420393498,0.4010864800783692,0.6492244041108887,0.5127350862769312,0.4312697594015251,0.6380270069993654,0.5973818470761385,0.09276477625335401,1.2670087868430544,0.7293214293499248,0.05283083516977906,1.01522991390959,0.7177290144251347,0.028243809500328843,0.7855852403762299,0.6262535117875849,0.04131358155717205,0.6758095711392034,0.608178430372308,0.024197040998005168,0.6611726880374669,0.5909296150546857,-0.0007089122706529954,0.6588737603870709,0.6193564381760315,5.915254237288136
0.3385484930159082,0.8287189930587107,0.6433688238547293,0.33220652100117265,0.3825255669818422,0.7283763987336508,0.3241038246151386,-0.09310400581983165,0.7637726122803123,0.3278882896619559,-0.06186040872577152,0.5682470502420913,0.38534436665547445,-0.08271262872595665,0.6248330703333664,0.3148274525617381,-0.19472741401104393,0.8402487926201134,0.14590353555731345,0.8221342226519786,0.6608090546062816,0.1371365214112609,0.3529682194493039,0.7754279217762956,0.13693360862904946,-0.1046539286973921,0.7929369268467631,0.15290822222097333,-0.07445195680518185,0.5957172296066747,0.1145268160304384,-0.06188499973585855,0.6078117664416381,0.14850914235761944,-0.1865538565230141,0.8427024129161483,0.26005226039994583,1.389876458196877,0.6920701920417385,0.2527707197185223,1.6290872743809395,0.666291927938176,0.24027266717633605,1.5232961205504147,0.5482930753334707,0.40640812732248155,1.2856909924452096,0.6807121813530546,0.44765084195077626,1.0085352545729944,0.6888589746507257,0.44995037533699367,0.7684680031324899,0.6020438734021127,0.39264796959088316,0.6702979265749023,0.5249794620135938,0.3998328805373453,0.6479118246312457,0.5095608212108956,0.4268498460262227,0.6346545730794227,0.5971393978363162,0.09262905905650419,1.2669887118604712,0.7292365703768593,0.052921982960066574,1.0151024059461782,0.7175445302925985,0.03046663458074298,0.7840422521940745,0.6263156037874797,0.043976733542969035,0.6729927551264795,0.6168927201158334,0.026665562761782023,0.6607711444702768,0.5916072049433445,0.004594160686616232,0.6611770021774774,0.61497566967241,5.932203389830509
0.3387605030187171,0.8285643532355259,0.6423610234391661,0.33265992991569926,0.3816895115816069,0.7296962172726736,0.3241534786958011,-0.09331751669917578,0.7637061747804875,0.3271258882070974,-0.05935643587596573,0.5663937932153464,0.3847846424452434,-0.08179587178826224,0.6234530555528351,0.314870845869242,-0.1953998587443984,0.8404549066703552,0.14615046948140045,0.821038122478884,0.6618694506815443,0.13728940736214656,0.3523332312346028,0.7751048657159405,0.13696307778918757,-0.10470730176293681,0.7929472966099821,0.1521966114573706,-0.07278921804340494,0.5933087954909064,0.11439195652275595,-0.061682577245838255,0.6074293464160083,0.14873851787030437,-0.1864522626218447,0.842595210683162,0.26008064314662416,1.3891786728506155,0.6919137832232635,0.253073072280779,1.6296499775781337,0.6678533879768666,0.23993157272748336,1.5231933139931335,0.548279708928301,0.4064270405574669,1.2856714507751772,0.6807200276486052,0.4458054895063577,1.0075420040188101,0.6891083797485236,0.44879341725506394,0.7658816178796638,0.603608849160232,0.3910276319836064,0.6698039135521429,0.5233770872662272,0.398813599230052,0.6466837404613387,0.5072168864449977,0.4237083760209582,0.6310612910162362,0.5966541605682427,0.09258063412106379,1.2670983008884076,0.7292299610507849,0.05296528837601633,1.015647997337978,0.7174487361848394,0.032354796501603854,0.7825607067551772,0.6269728539791533,0.0471989348707333,0.6696554972642097,0.6270081182763736,0.029355429938147697,0.659924295552491,0.5922816053195283,0.01002723701980886,0.6632462181762417,0.6119758583826214,5.9491525423728815
0.33895044374371774,0.8281043757790997,0.6415799596457472,0.33297876176947017,0.3807159185247252,0.7309170949276262,0.32434784074452,-0.09389051267909955,0.7639979577377045,0.3263386144830237,-0.05631685556385725,0.564288200199356,0.38408377199741967,-0.08061657263904101,0.6216654777899919,0.3148681572084687,-0.19597066053569998,0.840653170595129,0.14618997595841787,0.8196414146014941,0.6629424529888673,0.1374217215856073,0.3515308964702921,0.7746683169203563,0.1369667630171076,-0.10478858551001148,0.7929296933874166,0.15143564002148346,-0.07086102049380624,0.5905764862125513,0.11398828702717184,-0.06147791786801084,0.6070818605195981,0.14892807061011815,-0.1859766442539297,0.8422267966048097,0.26011338250907456,1.3885257243172124,0.6917727235800633,0.2530782993266395,1.6300359845361887,0.6682056928118003,0.2393339441877601,1.522873974272404,0.5482439222786899,0.4064259022024667,1.2856490517429608,0.6807824271765186,0.44468388012498294,1.0065196600732365,0.6896366600985568,0.44751613818712077,0.7637092828212029,0.6059352102182783,0.38890731543411206,0.6684938611407205,0.5227356671055643,0.3981055440223998,0.6455037311891125,0.5063991537438901,0.4219079730129103,0.6282954626071023,0.5953761367562974,0.09276119527327964,1.2671961048438933,0.7293406820203019,0.05295615722369691,1.0164452729561473,0.717358139615365,0.03387507461095312,0.7806194840689827,0.6286184823484647,0.050859498900113084,0.6662954704074044,0.6365791843098916,0.032030140000168836,0.6586533391907639,0.5929021120441805,0.015055993909239871,0.6646169478718653,0.6105923304724974,5.966101694915254
0.3390592834323627,0.827406218769679,0.6410604839109315,0.333177499361473,0.3796136374012008,0.7319024992355859,0.32462997383360975,-0.09472413212940252,0.7644925164157745,0.3256120532135709,-0.05318673256391988,0.5619829389817652,0.3832967755260043,-0.07930216264552681,0.6196733874599291,0.3148401261609211,-0.19645357786774084,0.8408427207021817,0.1460114459903045,0.8180037499854598,0.6640697637194737,0.1375229186331639,0.3505650854153177,0.7741525378282977,0.1369656202846207,-0.1048955688955871,0.7928955692831803,0.1508388055448741,-0.06908968016091577,0.588082352297625,0.11316861194949035,-0.061612735387945414,0.6072508010839502,0.14904315607291763,-0.1852740355591256,0.8417793316508764,0.260145483692141,1.3880114958517697,0.6916662920027523,0.2527482091527748,1.6302561976918721,0.6673605222943682,0.2385676853988944,1.5223491329285823,0.5482049231459902,0.4064163120102327,1.2856319541476828,0.6808314451557961,0.4441067883875932,1.0056846746723158,0.6900601815929364,0.44590540159832365,0.7623459986684684,0.608228439679663,0.3865424711607222,0.6664027931953936,0.5234410838927621,0.39767911982366055,0.6443596247169243,0.507225869691046,0.42096617699335004,0.6270281451732005,0.5925973248768116,0.09327731617562315,1.2672111867024045,0.729577413821538,0.05297260362852722,1.0170226654619343,0.7172364593299362,0.03524161315269656,0.7779171851105502,0.6317163760974249,0.05488090799633266,0.6632979863376972,0.644205277258119,0.034543145491675954,0.6571343302173871,0.593632899860542,0.0193137626183894,0.6651064036990969,0.6103959867058985,5.983050847457627
0.33907983937041564,0.8265321748843681,0.6407635213314813,0.33331485462686516,0.3784304971175906,0.7326336494665472,0.3249353200421937,-0.0957125444922352,0.7650286991333444,0.3249927861542015,-0.050451977210001914,0.5595944022238416,0.3824858880329307,-0.07797930373821263,0.617684797511915,0.31483748186768323,-0.19687126954204545,0.84110018604611,0.14563001404293371,0.8161473452361578,0.6652054255994166,0.13758809049113435,0.34945270669289286,0.7735772868293025,0.13696546264472342,-0.10502806496126668,0.7928466001061583,0.1505917184698162,-0.06812802662906182,0.5866256982044943,0.11187010216837616,-0.062342951827815005,0.6082938084334177,0.14911711175094258,-0.18449120724380205,0.8414233278724016,0.26017026313407965,1.3877111109617175,0.6916103314007231,0.2521911213602064,1.6303834599733502,0.6655697717188629,0.23775124708531872,1.521691996078421,0.5481765361798208,0.4064041408585589,1.2856170448475506,0.680857988669428,0.4438649823432111,1.0051729218984116,0.6902294296240956,0.44386600243561036,0.7617025111655673,0.6102039224072618,0.38424266797925777,0.6638182952810476,0.5253080022811363,0.39740920916668465,0.6432647427858339,0.5091802119359851,0.4203021579752776,0.6271486116402656,0.5882607609281929,0.09411596214741717,1.2671449771131083,0.7299656891114157,0.053159402045354395,1.017087296844248,0.7172785089526148,0.036860065948737405,0.7744817873395786,0.6365354301493359,0.059100068325842324,0.6609157211936493,0.6492419431674317,0.036758960557391626,0.6554115574340644,0.5948081229123439,0.022666730302558363,0.6647953986091296,0.6105497334333388,6.0
0.33903920759801504,0.8254842419797185,0.6406636646932794,0.3334395983414669,0.37721535962113284,0.7331754366903367,0.32524115572134615,-0.09676307160320323,0.7655832742440515,0.32456581555349906,-0.04881860587744555,0.557854740769361,0.38181981875605087,-0.07693827682629609,0.6161368417599026,0.31488942430686295,-0.1972237370442639,0.8415018461917544,0.14510085429479547,0.8141097402741628,0.666177685139801,0.1376209568286983,0.3482336675470704,0.7729634071857814,0.13696509353863373,-0.1051854347809421,0.7927775619469736,0.15077549299711346,-0.06854423925849971,0.5868366130864068,0.1101766418059357,-0.0636611367629315,0.6102115377089656,0.14920763773272264,-0.18371991660852124,0.8412017189099726,0.2601818217403612,1.387632957782599,0.6915988513460818,0.25160659450350586,1.6304763170769063,0.6629227136841105,0.23700081861767902,1.5209954097124196,0.5481682207149144,0.40640451070325556,1.2855977290015987,0.6808825500544944,0.44382109140255255,1.0049927780838785,0.6902108930811782,0.4415745451966727,0.7613196708287883,0.6120604080579782,0.3822806217671529,0.6610895948649829,0.5278594308122704,0.39718116703271933,0.6422771288618068,0.5114103316744889,0.4194815554465706,0.6279758350345517,0.5833106389300752,0.09511822066371475,1.2670171087923687,0.7305482419774882,0.05361063415091214,1.0164649844234468,0.7177257925981353,0.039063411142198835,0.7705054874805636,0.6429514961528578,0.06322391660555535,0.6593021449783787,0.6515925133390232,0.0385765635516975,0.653234038344373,0.596811794736129,0.025174960344292015,0.6636545561570599,0.6106390669731024,6.016949152542373
0.3389745165706193,0.8242269905188478,0.6407550255643434,0.33355715271021746,0.3759554404629122,0.7335720918781925,0.32556051187612434,-0.09779954112801187,0.766224409369828,0.3244616042099767,-0.049114905565582234,0.5580275694725273,0.3815542027241494,-0.07660568112516583,0.6156504749302059,0.3149731230461308,-0.19747703827783186,0.8420018905732323,0.1444989993376674,0.8119833550106833,0.6667992392116571,0.13763512148898577,0.3469715687308199,0.7723567812237411,0.1369641180215486,-0.10536828165512474,0.7926806860162577,0.1513424117720768,-0.07037066032094987,0.5887639121577398,0.10830830242853602,-0.06537695386572985,0.6127473989052985,0.14933028851791072,-0.18298662734427165,0.8410545399821883,0.2601787105745911,1.3876825533028578,0.6915917963805761,0.2511525042964723,1.6304980870881987,0.6594306324605785,0.23641161867667476,1.5203540226159473,0.548180761669242,0.40644797085035755,1.2855700504946768,0.6809234194515741,0.44388925047900574,1.005030728804091,0.6901034147992163,0.4393831713514812,0.7608432009327153,0.6139768265756536,0.38085768746561,0.6585037408636076,0.5305414401186888,0.39693239451474127,0.6414840849503214,0.5132180770749204,0.4180348739563149,0.6287373418844868,0.5792622655041018,0.09601683851842069,1.266853752683193,0.7312680443282682,0.054293170994612686,1.01504354588821,0.7185023746299795,0.041852741642165,0.7662648320243963,0.6503979226165688,0.06706847793981988,0.6583673361942347,0.651770375534595,0.040119743790342985,0.6502170810912247,0.6000753267565102,0.027022295118314738,0.6613971361097493,0.6111782854807809,6.033898305084746
0.33891498664593056,0.8227755819570042,0.6409895446206934,0.3336417286158113,0.37462665132555006,0.7338121587565929,0.325908019505933,-0.09879125937708086,0.7669926424134667,0.3247471468984094,-0.051790296593235946,0.5609443302005361,0.38182770625360574,-0.0772006473844193,0.6165367145518942,0.3150511652583926,-0.19759834585916924,0.842474693918305,0.14388123541938677,0.809928457176668,0.6669800033689562,0.1376475052768921,0.34573173194921736,0.7718095118672641,0.13696475970052374,-0.10557837361983155,0.7925494729430461,0.15214012227582216,-0.07302255293903338,0.5918131400371633,0.10661533699305317,-0.06724900212496299,0.61555285495345,0.1494667858238569,-0.1822733933402413,0.8409164241700765,0.260167444813434,1.3877145496446393,0.6915475827857958,0.2508991457951,1.6303621102083834,0.6553472872203872,0.23603577326687025,1.5198595944385327,0.5482015243820542,0.40654504106498857,1.285534363034482,0.6809807256777988,0.44399478821471905,1.005124721047316,0.6899859680520748,0.4375505818993992,0.76022418865907,0.6159455438614827,0.38000784646073255,0.6562779221145187,0.5329548502987816,0.3965648620182172,0.6408946993669102,0.5144421501637612,0.41540809576688686,0.6288343274966778,0.57748473003058,0.0965243041858924,1.2667179179105497,0.731806820770031,0.05508599404340685,1.0128734396296122,0.7192528767436781,0.044897176853690754,0.7621632003368943,0.6579851862718646,0.07068143330902857,0.6577306080800582,0.6509259402534919,0.041731198411990716,0.6462131978474838,0.6050269557029263,0.028446376567667117,0.6578862406112317,0.6130740122976099,6.050847457627119
0.33887706401254325,0.8212292200230666,0.6412559082400594,0.3336702122705319,0.3733154326845103,0.7338657349873003,0.32628367179905304,-0.09974828928674997,0.7678713224666083,0.3253614489872161,-0.05662076203313768,0.5664010173345628,0.38253462860124143,-0.07852798886909895,0.6185015601532002,0.3151071303944008,-0.19758152459465125,0.8428416127078514,0.14327285350387456,0.80813407319226,0.6667312788053716,0.13766897703011524,0.34456175408104256,0.7713525946264963,0.1369693872353528,-0.10581139823618278,0.7923832052946714,0.15298627496694955,-0.07571815433343809,0.5951180932778617,0.10549464604952045,-0.06902814506630123,0.6182494248430479,0.14960514566927602,-0.18155320514633133,0.8407588192131293,0.2601669663313228,1.3876524693307357,0.6914917595564218,0.250878685493132,1.630025176263627,0.6511937918824425,0.23586943198255692,1.5195838881890407,0.5482118706469334,0.40662307955801724,1.2854926822598147,0.681040583413372,0.44408125577221136,1.0051773350603252,0.6899194534579021,0.4361427169594264,0.7594931387700764,0.6180259655328225,0.3795041801320681,0.6545340918469882,0.5350473157314555,0.39591557514985287,0.6403408159321093,0.5155127313047912,0.4113909698260114,0.6278619358609546,0.5788192416177492,0.09642748259472647,1.2667034814707394,0.7316628388686679,0.055871061954667185,1.010225175650605,0.7197244997308547,0.047756564025390275,0.7586809871815599,0.6647985206761046,0.074112352487938,0.6569135309199643,0.6505127692050086,0.043631234353830275,0.64155246333912,0.6116921475938323,0.029627128372838017,0.6535275179254889,0.6167550555140657,6.067796610169491
0.33886856012987565,0.8197250930067784,0.6414527236052773,0.33365149745371203,0.3721994045880148,0.7337233430991232,0.32667579874783426,-0.10067280376241049,0.7688191310595204,0.32619137747510274,-0.06294949127210218,0.5735473642304535,0.38344707301843395,-0.0801865829063044,0.6209525655240353,0.31513506493299975,-0.1974289859450521,0.8430974742266537,0.14268155557572748,0.8067079890645457,0.666117973668212,0.13770231522072596,0.3434938628455868,0.7709947035659288,0.13697751465305855,-0.10604389683744236,0.7921963289256511,0.1537389288303228,-0.07791476972324059,0.5980083719671584,0.1051889572386561,-0.07045849118877374,0.6204420103497508,0.14974557525087362,-0.18082085156933894,0.8405810790689181,0.26020709932598374,1.3875560527542716,0.6915411641236955,0.25113178456080587,1.6295024111689842,0.6475475565147424,0.235885774423962,1.5195322114033745,0.5482113613860478,0.4065391499344163,1.285446055754538,0.6810870909120126,0.4441287994838675,1.0051851332667525,0.689912540443008,0.43519039441034757,0.7585936071624789,0.6203824331601584,0.37897632250992647,0.6532244632136095,0.537161338504543,0.39486741474533277,0.6395437629157794,0.5171422232887684,0.40655216269051075,0.6256564852353659,0.5835528615332682,0.09566722588628765,1.2668666033111495,0.7305255760147237,0.056598935147276305,1.007497760956289,0.7200288642154378,0.050086329665549115,0.7561724297702377,0.6701750976803741,0.07717368349684471,0.6556228688018593,0.6516173375347074,0.04566206464689509,0.6369301829056011,0.6193540280207122,0.030622715548869417,0.6491071574140388,0.62193101768453,6.084745762711864
0.3388875729432376,0.8183850032375725,0.6415621238684031,0.3336319277888864,0.3713820907391717,0.7334204839149222,0.32707089763833225,-0.10154599346247961,0.7698009823579173,0.3271388089003135,-0.06998303479389947,0.5814107909381112,0.3843870255075922,-0.08185471403810636,0.6234177004914857,0.3151280746239712,-0.19713068761846755,0.8432601716958602,0.14212159882753045,0.805631585026407,0.6652420597192041,0.13774694397695683,0.34255051797882635,0.7707307543632739,0.1369852698658545,-0.10623017641543452,0.7920223092044778,0.15431050765281148,-0.07934854578160576,0.6001170794785206,0.10565302492048262,-0.07132049683962406,0.6217927571498314,0.14988367255122753,-0.18008892105420388,0.8403903655226742,0.2602971978136522,1.3875729000042918,0.6917772571722168,0.25166834071028443,1.628851724003812,0.6447963095480242,0.23609084524769144,1.5196084827872567,0.5482347859246501,0.40619070228075793,1.2853976883646525,0.6811076961880626,0.44414881612351875,1.005179207630559,0.6899205059027205,0.4348175671936604,0.7575091719949758,0.6229951285996923,0.3781571411858793,0.6520827535515948,0.5399728077278962,0.3934548922558699,0.6382893241294606,0.5198735469824352,0.40209198328466167,0.6224127418920006,0.5913421983098106,0.09438060505231666,1.2671776728874562,0.7285008991189268,0.057270778936696826,1.0050653874739763,0.7205238740080004,0.05169754828532917,0.7547049434288525,0.6737955026174558,0.07945394259881394,0.6539833345303734,0.6542367009436624,0.04744472088261084,0.6331090285430921,0.6267851667187505,0.031442294610233665,0.6453483516772187,0.627876457852431,6.101694915254237
0.33892241535146944,0.8172899458234837,0.6416287667164289,0.33365855226844354,0.37082671882347473,0.7330509018561694,0.3274643563053316,-0.10236195680151558,0.7708119494318078,0.3281056281431046,-0.07686131698385029,0.5890103051808829,0.3852479241637147,-0.08333845334779674,0.625611074832098,0.3150842954879129,-0.1966640047135621,0.8433364988918038,0.1416242858908039,0.8048502456312251,0.6642481372656461,0.13780157695457929,0.3417326821959836,0.7705457555061326,0.13698818209795294,-0.10632626741697587,0.7918956879032173,0.15467351091403056,-0.07989173167745414,0.6012507311455385,0.10662521610390521,-0.07155901019231535,0.6222185136618047,0.14999982106710186,-0.17936700808277645,0.8401861539769481,0.260378102249327,1.3878308850068062,0.6920313849375772,0.25234133931307806,1.6281889620787766,0.6430144650007329,0.23651826105530377,1.519667850937353,0.5483277633620178,0.40558305244056553,1.2853547007660293,0.6811037420414854,0.44415614532370784,1.0051798191913706,0.689896018595737,0.43516517545835476,0.7563975508140606,0.6254670690443251,0.3770335002236349,0.6507338524750405,0.5442453699782326,0.3918357878251598,0.6365371241130556,0.5237625950954952,0.3992036221204076,0.6186927818532462,0.6010800339333714,0.09286829770748659,1.2675559724274845,0.7259502789688805,0.05787448708859999,1.0031698934127478,0.7214455816470647,0.05255798842005191,0.7541012468913203,0.6757414819017535,0.08053705210278854,0.6525030920528191,0.6573574512030195,0.048711233005538326,0.6307282734359341,0.6327216760968974,0.03215247862514291,0.6426485769560917,0.6337154739370481,6.11864406779661
0.33895953392751815,0.8164803304687409,0.6416908088867486,0.33373719456065476,0.3704642176892176,0.7327405430602141,0.32786636990635737,-0.10316383794353122,0.7718922065793342,0.32897538713932895,-0.08267372534198883,0.5953425589580045,0.3859326390467668,-0.08448127534266878,0.6272974486015427,0.3150079862175945,-0.1960336604569588,0.8433305230319988,0.14121917699696734,0.8043581525438197,0.6632639045435934,0.13785931844085436,0.34100309158004605,0.7704180332494986,0.1369844577727581,-0.10631935749163046,0.7918304678077493,0.15487687050802576,-0.07958231772537686,0.601420540724301,0.1077887947210962,-0.07137249740243046,0.6220304062182161,0.1500683024902663,-0.17866673689526638,0.8399680186777538,0.26034056113328213,1.3883619478077982,0.6919056079181203,0.252802534035232,1.6276812787195791,0.6420887878478281,0.23716558331751816,1.5196323522850548,0.5484954037321593,0.40479009521967035,1.285318256126046,0.6811221076737541,0.44414498886510145,1.0051842899732621,0.6898354155845987,0.43621484035996816,0.755515759435452,0.6271132408405944,0.3758217363860542,0.64895013131564,0.5503522462430275,0.39020840254307243,0.6344320206895092,0.5283279988769611,0.398505527775308,0.6152195581920216,0.6111779278759866,0.09147803364480295,1.2679487493936887,0.7232536008116395,0.05839712070547622,1.0019638264619575,0.7227423080961395,0.05280874322320683,0.7541012704749014,0.6765279028727932,0.08027306865180618,0.6517272412901309,0.6599272563839925,0.04943708853394166,0.6302317745769608,0.6362530687796474,0.032860451439505396,0.6411329079890452,0.6385658402369426,6.135593220338983
0.3389869796023838,0.8159719845700442,0.6417388262774868,0.3338403626613564,0.37026658956013614,0.7325740780547054,0.3282888502583878,-0.10402208105489763,0.7730949755213289,0.3296259567010894,-0.08660383693931212,0.5995437600291452,0.3863377737829986,-0.08512792352414766,0.6282483063663583,0.314909560661166,-0.19534025702831526,0.8432512546596782,0.14091328027624703,0.8041775779646814,0.662317251514645,0.13789989068941838,0.3403013983257978,0.7703235118832307,0.13697533186923985,-0.10622891436175522,0.7918207294860303,0.15500726045065974,-0.07875641253540949,0.6009572517806794,0.10887502092612467,-0.07106787800209335,0.6217149396924717,0.1500849930055744,-0.1780310396427005,0.8397673782044776,0.26009634700038453,1.3890929532596632,0.6910855695179774,0.25270687745006937,1.6274798832354516,0.6418616094192078,0.23796298230847068,1.5195532530660016,0.5486826015377688,0.403899251460945,1.2852749699030572,0.6812658191004819,0.4440787474418709,1.0051837916709856,0.6897871713019756,0.43771642203107675,0.7550360686998581,0.6273524945683051,0.37482547197687405,0.6468321952318377,0.5578327591542106,0.38880779460970916,0.6322670114586906,0.5328441269675136,0.39988613169137766,0.6125240954390178,0.6203221489419448,0.09046789278118889,1.2683700349276912,0.7207506079285393,0.05889562705833559,1.0016229529823981,0.7242865728242085,0.052712347377035784,0.7544971326110272,0.6768084621835756,0.07888339793150778,0.6519234723460094,0.6614938227537419,0.049718098741790895,0.6317634847735805,0.6370592074971752,0.033591584983826424,0.6408521735187371,0.6416745064155757,6.152542372881356
0.3389861964778074,0.8157770584308804,0.6417150453151931,0.3339410451452267,0.37019464265844004,0.7325378060339294,0.3287143521920706,-0.10492846409572006,0.7743930699053366,0.32997839467873613,-0.0882710627482324,0.6012752212187351,0.38642345449389476,-0.08522842263153638,0.6283956952686625,0.31480610874273496,-0.19473611358273357,0.8430993254333177,0.14069904070313838,0.8043174994240598,0.6613617422038214,0.1378959150997454,0.33960274365552134,0.7702455971457228,0.13696393498633055,-0.10609449095883662,0.7918473304978157,0.15511540017675257,-0.0779535904415272,0.6003617965732415,0.10967799539958577,-0.07084927246643673,0.6215555323637882,0.1500860677321799,-0.17754137712576884,0.8396618564576855,0.2595802244081569,1.3899107590035504,0.6895443959605057,0.2519705950790871,1.6276369111022013,0.6420574000814704,0.23879828479573362,1.5195751482545359,0.5488157474334776,0.40301736764559515,1.2852181303821633,0.6815755163022119,0.4439154806138911,1.0052193372596903,0.6898195884305671,0.43936034093874504,0.7549137756291654,0.6261716155703818,0.3743088735424197,0.6447248089171507,0.5654174887760854,0.3879065932451249,0.6303835337076065,0.5367738628984077,0.40270403178810005,0.6106968945284601,0.6279965656056035,0.08993510049941633,1.2688492469815784,0.7187581302217327,0.05947545579998094,1.0022690336622537,0.7260552672339848,0.05249807783779056,0.7551850659987442,0.6769059242945433,0.07679423722172257,0.6530083660217701,0.6620879735278238,0.04963564785730323,0.6350490860231753,0.6353522845422184,0.03425041342552686,0.6417440183499242,0.6427512145334963,6.169491525423729
0.338934482458185,0.8159109798911444,0.6415574283005824,0.3340262792601552,0.3701838757659942,0.7325588227015664,0.32909354586306966,-0.10573029060741602,0.7756308689233568,0.3300527159665986,-0.08804067918381032,0.601013027672036,0.38628909703444175,-0.08496362518500017,0.6280042571380893,0.3147094174096311,-0.1942579925488445,0.8428738646032676,0.14057328135281622,0.8047921875367172,0.6603633853358314,0.1378427073646797,0.33897138338508515,0.7702072518841175,0.1369549279135301,-0.10596648087024395,0.7918789318979044,0.15519965527433774,-0.07755402125220927,0.5999726633800654,0.11004319063603155,-0.07085846151526037,0.6215911277790562,0.15011927197681016,-0.1772827707921455,0.8397436041613706,0.25872644580717535,1.390772480657509,0.6874893032883552,0.2507612466393625,1.6280690782150113,0.6423002800568514,0.2395496348965828,1.519857054969179,0.5488637776613499,0.40231049975447913,1.2851881126427431,0.6818264945346544,0.4436942977644673,1.0053972490773593,0.6899692609554893,0.4410322989668012,0.7549489972065081,0.6240789100904813,0.37442041289765726,0.6429594899557831,0.5716676069556045,0.3877148035812161,0.6290028533568147,0.5399093802000068,0.406141937430638,0.609470213772479,0.6343191602148512,0.08981449453520773,1.2693504568502243,0.7175012011417967,0.06018099247142493,1.003787387652792,0.7279363214960332,0.0522495470199633,0.7561459539511642,0.6766589098165706,0.07444760940319313,0.6546445399555343,0.6619597479764944,0.04928272081770091,0.6393722883967231,0.6317795124101777,0.034722479713258314,0.643363829120217,0.6423977527569926,6.186440677966102
0.33883314402745773,0.8163743101659653,0.6412795030995851,0.33408916487891743,0.3702160461726758,0.7325901942453099,0.3293838883304901,-0.10623254945501709,0.7766103073951889,0.3299495672932016,-0.08686039036082852,0.5997719588434954,0.38610741587228736,-0.08463003869708327,0.627501405904798,0.31461749756032525,-0.1937965561211465,0.8425946210355364,0.14054204596902387,0.8056438000678708,0.6593308272186751,0.13777987685057658,0.33853204830760764,0.7703037681624663,0.13695312386478647,-0.10588171502048072,0.7918867902861266,0.15524640714573482,-0.07754663636793352,0.599843827481586,0.10995112404266791,-0.07122396312937189,0.6217718396567082,0.15020024468873006,-0.1772951185079434,0.8400547625453582,0.25752727163466227,1.391724540766066,0.6852628248358263,0.24932795584898665,1.6286175598727586,0.642356872535726,0.24010317075258497,1.5204942665183456,0.5488466442783987,0.4019716330496123,1.2852664740953572,0.6815676536053354,0.44360117690963397,1.0058081720914696,0.690220020014441,0.4427861590413974,0.7550408258265917,0.621613234589925,0.37513165560288386,0.6417645048425853,0.5757509146069304,0.38825418720289623,0.628136904981857,0.5422908400206128,0.4095387634187282,0.6085642278220551,0.6395313415235114,0.08993040739895442,1.2697602494544487,0.7169673273412183,0.06092226276507988,1.005841209680831,0.7295533139809927,0.051925027022963754,0.7573874698418337,0.6756604997792065,0.07229379961976487,0.6564073109118039,0.6614257124995334,0.04884549754588251,0.643700735123224,0.6275204837912682,0.03497883356177294,0.6449344714019967,0.64193454464465,6.203389830508475
0.3387227594796896,0.8171386365453543,0.6409917692961669,0.33411500750462764,0.3703444383110087,0.7326221078310251,0.32956856590863953,-0.10634620811650286,0.777209624626386,0.3297675606722079,-0.08564557363780251,0.5983797060435811,0.3859771965943992,-0.0843885521274674,0.6271210792712469,0.3145258773072077,-0.19325858185285022,0.8422961761931588,0.1406157010305792,0.8069233147014285,0.6582934093243726,0.137760950295835,0.3383838872606046,0.7706370547733313,0.13696054204846153,-0.105840457323495,0.7918642243462608,0.15526181288580237,-0.07768832773291134,0.5998692745816474,0.10959193711640243,-0.07183529243659514,0.6218867073637384,0.15032153794655806,-0.17754370169357284,0.8405230840440667,0.2560969321269815,1.3927706714490402,0.6832700650436763,0.2479488976931751,1.629153019785515,0.6422134582032937,0.24037840664001192,1.5214579145008622,0.5487957396177505,0.40208818405309216,1.2855118683732845,0.6804692824396419,0.4438801336667575,1.0064539653190048,0.6905232288791217,0.44458869239407606,0.7553439546776818,0.6191030540189981,0.37620834399112546,0.6413370108665811,0.5777604306548113,0.3893186439272699,0.6276727969601175,0.5442756734719422,0.41252328432744534,0.6079589880916697,0.6436658814167114,0.0900854024056464,1.2699769116412014,0.7168512418925062,0.06146518314522002,1.008001990403282,0.7305148762370913,0.05141658630385738,0.758878506765011,0.6736671780724167,0.07073748566023205,0.6578778382314925,0.6608960021932584,0.04855662884370007,0.6470326645143185,0.6240851764260648,0.03506742314361639,0.6458348311505938,0.6424719605763859,6.220338983050848
0.3386594188867483,0.8181562526598669,0.6408222815420854,0.3340878773959054,0.3706386945999143,0.7326456666613147,0.32963923145635926,-0.10609866811113806,0.7774059116562482,0.3295384902001266,-0.08477640827711458,0.5969770261782124,0.3859021448847682,-0.08423661766726373,0.6268653935646122,0.3144394223555178,-0.19267094492737052,0.842001067232951,0.14080799118391157,0.8086672204951029,0.6572811206349468,0.1378028035824565,0.3385618234436732,0.771173684187977,0.13697555155056448,-0.10581983847947153,0.7918216807593066,0.15526496938266268,-0.07779488399318304,0.5999316723105432,0.10921692009572194,-0.07227206750004209,0.6215178277650708,0.15048650136906938,-0.17793879296257803,0.8409802334624015,0.2546532267501792,1.3938052736789726,0.6818433465599896,0.2469264844429561,1.629604776984137,0.6419167489299038,0.24038017103297216,1.5226076454812505,0.548739808695287,0.4025580807926544,1.2859173630291723,0.6785509328572665,0.4446525717347991,1.0072647054178636,0.6908212182379231,0.4462418708851894,0.7560913610280385,0.61679632896757,0.3772748007966115,0.6417939915313605,0.5783977011454676,0.39056670150074124,0.6275203785932444,0.5464871146138239,0.41495553705637733,0.6078409472425806,0.6466049724036133,0.09014212784921707,1.2700033420030905,0.7167660282203343,0.06151472445724117,1.0098151069328285,0.7307575383561895,0.05060462857072051,0.7604824865061722,0.6709927526384662,0.06994218476190772,0.6586581858210729,0.6610013563503989,0.04850142644642878,0.648808248225774,0.6226053406214134,0.035012146546273076,0.6459469575942686,0.6442467966967125,6.237288135593221
0.3386895822691133,0.8193551620954304,0.6408529374633047,0.33402691311280014,0.37110624734431885,0.7326713119213396,0.32958433648707286,-0.10553996455475771,0.777218247467331,0.32922232415959674,-0.08412218472322228,0.5951925564730988,0.38586342200814766,-0.08413674772049344,0.6266858439570026,0.3143685732085469,-0.1921356782222332,0.8417222037186848,0.14113941707382296,0.8108644795410479,0.656326981613364,0.13789528223658226,0.3390279318568125,0.7717685014117418,0.13699531493117467,-0.10580217270353405,0.7917682503388939,0.15526535843960895,-0.07783423370391329,0.5999787620606208,0.10894851374087179,-0.0721347418279394,0.6203384705633513,0.15070372009574554,-0.17837837425715253,0.8412765759238683,0.2534395386099351,1.3947413270753748,0.681041498516028,0.2464906794444463,1.629924269997334,0.6415412960673392,0.2402263680426644,1.5238098831736158,0.548728466008496,0.40317547356361805,1.2864273973853733,0.6760882874289786,0.4458514549792173,1.008133169521324,0.6910545408712144,0.44754493910877646,0.7573498205687103,0.6149808781299818,0.37799310681573284,0.6430948502704272,0.5783568056028865,0.3917247416589954,0.6277246248607136,0.5492713063501639,0.41689946222304675,0.6083547435969086,0.6483194970360608,0.09006416515272599,1.2699076185968636,0.7165386910652844,0.0608744544122396,1.0108898497689502,0.7305710138711763,0.04945248830160276,0.7619016139382396,0.6685730798527034,0.06975965780759985,0.6584759893507867,0.6624055646598747,0.04854747124915109,0.648996666511147,0.6234045803516088,0.03471427984629377,0.6455481903409858,0.6468029628991832,6.254237288135593
0.3388460944699128,0.8206226908119774,0.6411271272043734,0.33399820593981855,0.3716602412321469,0.7327489518456987,0.3293934564573455,-0.1046811939426699,0.7766627774072614,0.32876411812138545,-0.08343972930556448,0.5927624285864428,0.38584351223258057,-0.08404978153719958,0.6265287758249344,0.31431918148698823,-0.19175905256954429,0.8414952433478579,0.1416240206881622,0.813396417132177,0.6554699013258269,0.13804397239365646,0.3396632759422803,0.7723557022646583,0.13701775015566972,-0.10578322604430869,0.7917065379307036,0.1552603430923814,-0.07784647856187896,0.6000136764471007,0.10880302362082901,-0.07132816292463605,0.6183693031287228,0.150954999658272,-0.1787325149643057,0.8413465996151992,0.2526063750996722,1.395599624981491,0.6805662438076233,0.24669354565108975,1.630075502013265,0.6413565054549805,0.24007322911746543,1.5250475020663496,0.5488300859853835,0.40377085854079076,1.2869725044564997,0.6734413053816637,0.4472980706575467,1.0088989741147543,0.6911709491348188,0.4484485179906914,0.7590317255800934,0.6138988475379604,0.3782453022490249,0.6450597310111615,0.5780933919366238,0.39273012385282857,0.6284706148632622,0.552201955863688,0.41856767447973064,0.6094341871064096,0.6489887827433457,0.08988872305743781,1.2697324423948473,0.7162276756675592,0.05952539451181145,1.0110640179962795,0.7303214847660713,0.04807630186861177,0.762728787460168,0.6674921866862435,0.06989737646086278,0.6573362076798648,0.6653774487633362,0.048558332944453414,0.6478634489958561,0.6262229721550672,0.033938905827530515,0.6450189511646707,0.6494697718124598,6.271186440677966
0.3391351013833491,0.8218435744250937,0.6416577498868911,0.3340629135264449,0.3721883679256766,0.7329090987827881,0.32906877860105677,-0.10352350263735603,0.7757694943124882,0.32816031772084897,-0.08264383870503948,0.589908786404455,0.3858227434974567,-0.08392555912240386,0.6263214579083922,0.31428687264513183,-0.1915922661429875,0.8413671730488252,0.1422266455756768,0.8160308101707102,0.6547295030591005,0.13825535755059,0.34033168307295847,0.7729836454389399,0.13704126977980147,-0.1057656999679265,0.7916403993068288,0.15524903662811418,-0.07786676410428889,0.6000468848560119,0.10879679748401358,-0.07003194441856658,0.6158982884251615,0.15118956292451974,-0.17882309449693898,0.8411740101695719,0.2521105705300649,1.3964223379873348,0.67993148440871,0.2473793533731316,1.6300635027937902,0.6418011753913531,0.24000124786215632,1.5263295243991766,0.549070777638172,0.40424130432002386,1.287483838148079,0.6709815333917137,0.4487832117358904,1.0093506195505435,0.6911661027299798,0.44904410618742274,0.7609652247284021,0.6135432159217242,0.3781893487205017,0.6473803373243978,0.5780093111731283,0.39363889601092106,0.6299219532670328,0.5543284197041993,0.42011487969460504,0.6108007966812788,0.6489611229886888,0.08966641380324322,1.269500096320468,0.7159346423453817,0.05759552775461525,1.0105045947980376,0.7301877491263782,0.04670373453923053,0.7626531650148194,0.668436250761431,0.07010282695427622,0.655520884057149,0.6696629395815747,0.0485415108810727,0.6458099262081606,0.6305863132266825,0.03243082191986679,0.6446231473933126,0.6516890739893424,6.288135593220339
0.33951037427354264,0.8229597376782622,0.6424155942867195,0.33422533034711327,0.3726484163872399,0.7331215022213423,0.3286426557933488,-0.1021410726038632,0.7746365591389656,0.3274798946597937,-0.08178799390290975,0.5871850582462093,0.3857921323546861,-0.08373918564003745,0.6260275689160941,0.3142586159340816,-0.19157495724317908,0.8413361267776956,0.1428308296083627,0.8185214558099231,0.6540680296618897,0.1385028878470818,0.3409588412823602,0.7736665796317647,0.13706485879931307,-0.10575328832033765,0.7915798905877873,0.15523910515067704,-0.07790386441420821,0.6000786022185705,0.1089556765231825,-0.06853377116252372,0.6133005945433029,0.15135875281897077,-0.17854617129875605,0.8407601961049396,0.2517701387934567,1.3971603015437495,0.6787648772477916,0.2482536881135079,1.6299478817350823,0.6431425354199635,0.23999870355218306,1.5275012593400876,0.5493718977266451,0.40452995694317506,1.2878919062051468,0.6690747791863738,0.45009141620112536,1.0093110517571975,0.6911286191397638,0.4494291001910581,0.7628635840753466,0.6136045170434805,0.37815955912080335,0.649697432846323,0.5783001678019227,0.39446113487943635,0.6320416134188116,0.5548961629314186,0.42151900733937664,0.6120800017701878,0.6486553983140607,0.08943740989031829,1.2692732512617653,0.7156982881703416,0.05531688741985871,1.009638299443904,0.7301584411511236,0.04552679966683884,0.7616420460908877,0.6715774948306679,0.07016807686848384,0.6534204584178267,0.6746903980170152,0.048500411435769275,0.6433607154431038,0.6359893313365745,0.03006588109895854,0.6444652248756263,0.6531525912600629,6.305084745762712
0.33989543384990323,0.8239634044515007,0.6433410960666265,0.334448152363535,0.37306365288448495,0.7333224890436199,0.3281793302911319,-0.10070328249096351,0.7734350440086187,0.3268363787217708,-0.08097205345159927,0.5851290676740629,0.38575628672223355,-0.08351453893513786,0.6256854496304691,0.3142215178885238,-0.19158012088585516,0.8413398909014826,0.14328660733671608,0.8207072344651108,0.653418585915128,0.13874416949470897,0.341513417709304,0.7743313637521878,0.1370891309885775,-0.1057484498301343,0.7915361913945893,0.1552415024898507,-0.07793685542264753,0.6001013581877657,0.10926327975799147,-0.06714439247178304,0.6109296091142231,0.15145099345344465,-0.17801807165432054,0.8401195153957121,0.2514196999945665,1.3976519274907884,0.6769997065730704,0.24903750241481534,1.629814865647419,0.6452677492439554,0.2400237879268759,1.5283017613952274,0.5495820076248914,0.4046672255962589,1.2881398368233195,0.6680026161577866,0.4510319369412394,1.0087601556682224,0.6911412820490825,0.44963674806761356,0.7643634387014816,0.6137148244456438,0.3784763649160021,0.6517795438988621,0.5785710060252127,0.3951692523818964,0.6345811334927525,0.5538078465536008,0.422641926080495,0.6129718697547621,0.6484174271641903,0.08923691450696519,1.2691588957297435,0.7155048378939297,0.05298982439365548,1.008950699240143,0.7301608791646249,0.0445527098888403,0.7599734553220246,0.6765722029280274,0.06989991990802608,0.6513739630371072,0.6797679010713945,0.048335239181729425,0.6410588402986216,0.6418785595184805,0.026915551488515217,0.6446027564524269,0.6537425489430169,6.322033898305085
0.34025367676375573,0.8248638855586294,0.644390762433208,0.33469586693158293,0.37343323703688214,0.733440059807083,0.3277378020548442,-0.09937375270895307,0.7723057066949999,0.3263292127730958,-0.08024257795201334,0.5839926270503817,0.3857227231121492,-0.08330806220191551,0.6253794572378577,0.31417269697521427,-0.19154255685799046,0.8413137122042911,0.14351977167239285,0.8225210427346087,0.6528057965735441,0.1389503417621246,0.3419631418070873,0.7748990276089665,0.1371147610612609,-0.10575282196831162,0.7915128331689925,0.15526145302017613,-0.07791273880357436,0.6000995790578911,0.10963209136716878,-0.06621306748016502,0.6090551592123872,0.15147849692534443,-0.17747151696011484,0.8392623178760092,0.2509525037420629,1.3977367637540388,0.6748373649649365,0.24957489343779932,1.6297231959112415,0.6478162349424044,0.24004989620846856,1.5285896872245381,0.5496026881851173,0.40479687008162213,1.2882230905245684,0.6677726066864709,0.4515330594333012,1.007903517674244,0.6910367761127066,0.44970959147544776,0.7651566730904831,0.613726100519003,0.3792850600981815,0.6535650457680998,0.5781286018449386,0.39577154149741745,0.6371504032537642,0.551586964862883,0.4233393319607642,0.613394883178565,0.6483897609092315,0.08909409914952487,1.2692259557709133,0.7153238847652739,0.05093620971712726,1.0087759288985205,0.7301449628062147,0.04364380914066342,0.7581911253016473,0.6823580694020631,0.06923400945386078,0.6496614698709835,0.6841760116567099,0.04798470516042473,0.639248932554608,0.647600705773232,0.023202095114625905,0.645041872508939,0.6535692957776472,6.338983050847458
0.34061370697327137,0.8256694522928342,0.6455738628414512,0.33495221021892163,0.373682617311932,0.7334332666213095,0.3273342609664718,-0.09821539891328736,0.7712610782935764,0.3259854925301278,-0.07955155753850585,0.5836494010581523,0.3856936532085764,-0.08317309896648496,0.6251794616876079,0.31412380109032095,-0.19148882328061265,0.8412333386070605,0.14357200843271634,0.8239456843942676,0.6523940018303411,0.13911152077094235,0.3422812586519499,0.7753311914774502,0.13713538767927255,-0.1057714512671746,0.7915024908736589,0.15529436760871176,-0.07777799900955615,0.6000635171522681,0.10994227832165476,-0.0660836648999051,0.607857656622605,0.15144344957441844,-0.177038969078941,0.8382066929759266,0.2502957187823942,1.397427037458505,0.6726085338381356,0.24982276016764865,1.629645087597146,0.6503748020851075,0.24007446197602544,1.5283617825282223,0.5494737908571211,0.4051002461321972,1.288213440128965,0.6679954775863214,0.45172199245633454,1.0070786957818745,0.6903915440862931,0.449754550386098,0.7651131714891778,0.6137026920580833,0.38051172035088443,0.6550278585603545,0.5767075057933707,0.3963043723388568,0.6392857921425095,0.5490147692684181,0.4236056818101053,0.6134603494675809,0.6485599832587211,0.08902024410865234,1.2694292877315045,0.7151344076586266,0.04942767189444683,1.0091984599512325,0.7301166199216019,0.04270665024854544,0.7569354654768135,0.6872428405736453,0.06830337871440267,0.6484879693923039,0.6872655877876677,0.04751316569171456,0.6379197404013213,0.6525731693249116,0.019195891798209318,0.6456037125698603,0.6531460773890272,6.3559322033898304
0.3410216329517752,0.8263421492922802,0.6469164784261469,0.33522698497702424,0.3737140866086084,0.7333352012799796,0.326953403685959,-0.09722207387410185,0.7702292263829009,0.3257435662486682,-0.0789147898249968,0.5838264950566252,0.38566270620626775,-0.08312129192936951,0.6250918472201173,0.31410385914049166,-0.19146640198811835,0.8411236783454038,0.14352834567823833,0.8249596425857041,0.6523492440384469,0.1392304370671797,0.3424577838717496,0.7756153509922381,0.13712988773318585,-0.10581850458501021,0.7914894565119068,0.1553179978537958,-0.07759409820759222,0.6000187210915799,0.11013195711489673,-0.0668869748556907,0.6074035702234344,0.1513396707123497,-0.17674201315560756,0.8370294152009642,0.2494702945187534,1.3969045101445288,0.6706474669625702,0.2498268175934891,1.6294663224328292,0.6525648324846862,0.24010614462098512,1.5276237946996336,0.5493104134581357,0.40568440605794254,1.2882128985918375,0.6681130086516586,0.45185735660713566,1.006566368331227,0.6888935173183537,0.4498679363480498,0.764354762850102,0.6137421117955424,0.3819397688588213,0.6560892825661665,0.574647060493281,0.3967895279381292,0.6405775319961106,0.5467783894582698,0.42361417031257775,0.6133187652109103,0.6488604821908275,0.0889992568141359,1.2696344976204499,0.7149319751203285,0.048584894471480344,1.0100562619753664,0.730127896234083,0.04172684118858693,0.7566738708790637,0.6895806785033598,0.067273478236245,0.6478000242624654,0.6886883979099008,0.04699728383946106,0.6367520228561299,0.656462617826301,0.015210358327583454,0.645996964032454,0.6531446681470365,6.372881355932203
0.3414797142585607,0.8267956258947808,0.6483629645083867,0.3355542543430722,0.37348747747121436,0.7332153920332488,0.326581663560092,-0.09638802152131962,0.7691623934881232,0.32550348272418883,-0.07844713230129702,0.5843662666661598,0.38562601545379654,-0.08312508645236824,0.6250750103915254,0.3141505227643661,-0.19150139162103846,0.8410600518303626,0.14345444874735197,0.8255247542766739,0.6526739841131597,0.13931423243741808,0.3425063369534208,0.7757691361486969,0.13707318630618026,-0.10590768729969023,0.791455286164987,0.15528016838251957,-0.07763852568684755,0.60004143997167,0.11020909913310384,-0.06835384826292801,0.6075387775444978,0.15114986597082827,-0.17657889402639468,0.8358613107595648,0.24865729563312583,1.3963398213411014,0.6691379771321284,0.24971696965502155,1.6290931957060768,0.6540814426087381,0.24014802076691,1.5263893651150557,0.5491734460733262,0.40651702830706476,1.2882644220304216,0.6678707766831209,0.45214319520584834,1.0065475701257456,0.6865890650174167,0.45005089578936297,0.7632006100933301,0.6138815693670708,0.3833257381775378,0.6566337611153822,0.5724741062027052,0.3972032227521797,0.6407967988876425,0.5453187580925514,0.4234985090405454,0.613118200899507,0.649084750066582,0.08899890543760716,1.269736764966716,0.7147164547649962,0.04831590407212419,1.010976244214993,0.7302366098481041,0.04063750575409051,0.7575919493647396,0.6884791979267443,0.06616743849858805,0.6472409662587891,0.6886850092559681,0.04638011337356942,0.6354179739816108,0.6590442079118608,0.01166461366954391,0.6460264181131438,0.6538819005651599,6.389830508474576
0.3419357349736033,0.8269875733936294,0.6497509057057791,0.3359666889049775,0.3730237604366218,0.7331330485718832,0.3262189926918416,-0.09570749767891358,0.7680791062059291,0.32522549991182065,-0.07802442748994524,0.5850924119626717,0.38559967772013803,-0.08316206137980744,0.6250992902919462,0.31427286166788965,-0.19158972658086262,0.8411058269495624,0.14340671881378342,0.8256490619094605,0.65320748999226,0.1393692199871161,0.3424724351724187,0.7758539369075202,0.13697028453400945,-0.10602600887773683,0.7913935765060282,0.1551390718645098,-0.07818853613554069,0.6001758490343755,0.11019310950582725,-0.06993961606885178,0.6078830431122161,0.1508368254337722,-0.17653124431755818,0.8348307790573387,0.24813782903932252,1.3958159225912867,0.6680400731316298,0.24962784447116745,1.6285483594372008,0.6547552780545907,0.24019478957315094,1.524782249911116,0.5490451432979471,0.40743080540709364,1.2883107061219412,0.667554304745037,0.45261531696213564,1.0071563846845113,0.6837483649429092,0.4502346379851818,0.7619781933119993,0.6141063333507195,0.3844892149652084,0.6565889549879335,0.5704256966604807,0.3975151664559877,0.6400023474473828,0.5446238090714797,0.4231957620646648,0.6130044907560835,0.6487936281880148,0.08899897073844809,1.2697470506464645,0.7144882756345702,0.048386255300262096,1.0115291773494464,0.7304497617424524,0.03932375155755176,0.7596126801332377,0.6841140234715308,0.06490411506782334,0.6464531808959627,0.6880143690461318,0.045445805052665864,0.6338487543315923,0.6600845790856327,0.008977937651456864,0.6456374774571485,0.6552059880176451,6.406779661016949
0.34233150215183816,0.8269704932838373,0.6509257096441392,0.33647373122093227,0.37235573647896447,0.7331552084794012,0.32587359832677926,-0.0951439978480122,0.7670392528587456,0.325031812583944,-0.0772553340295378,0.5856606169427347,0.3856088015589194,-0.08322182612973134,0.6251500454640627,0.3144260846580054,-0.19169411982461607,0.8412054645309206,0.14343786637077927,0.825434769764123,0.6537910865124084,0.13939749228416715,0.34241321071173464,0.7759444065588247,0.13686803390333646,-0.10613128494407947,0.7913242441542395,0.1549584415475811,-0.07908230646843838,0.6002366729849934,0.11015318133701504,-0.07109999080356386,0.6079572241243679,0.15039726864387346,-0.1765686799440179,0.8340105413983381,0.24813171626887826,1.3953804715059963,0.6673326325286487,0.2495965428204791,1.6279327739568656,0.6546729033859957,0.2402399469957721,1.5230786458036276,0.548915392170169,0.4081995230161888,1.2882466222784636,0.6677243142063672,0.45317864361690435,1.0083750558617675,0.6807340236950796,0.45034851200839227,0.7608951971869181,0.6143815586117296,0.38536791380046254,0.6560485356224908,0.5683136664847303,0.39779630505968633,0.6385951572676932,0.5440244520632286,0.4226298023837778,0.612972344959089,0.6475126388706673,0.08900456903759749,1.2697324927194864,0.7142705387775257,0.048553727502427264,1.0114825679506567,0.7306895307079524,0.037794325314467456,0.7623645856816643,0.6775711547673021,0.06344808977650238,0.6453652644368258,0.6874012217606685,0.043979031368613655,0.6321475272138518,0.6595526519888361,0.007321643945297341,0.6448428815872106,0.6567316674669832,6.423728813559322
0.3426406056896015,0.8268378861889548,0.6518376101418031,0.33706032747064985,0.3715377851780972,0.73335120611479,0.32555549644333237,-0.09463484614578355,0.766108181455487,0.3251840599926583,-0.07597694989091748,0.5858053217414906,0.3856620507574784,-0.08327898687247204,0.6251885998221633,0.3145529516945913,-0.19177260591911166,0.8412229805669545,0.14356673945449308,0.8250499290403474,0.6544044115892953,0.13939661666066966,0.34236243972976055,0.7760719515337079,0.1368202337182155,-0.10618474043183505,0.7912829734766554,0.15490937744254296,-0.07972102382903792,0.5998027725476857,0.11025108044186731,-0.07146041859519069,0.6073191382951403,0.1499054153545153,-0.1766710793915319,0.833373749579669,0.24866695235970177,1.3950082569149242,0.6673719444919639,0.24957938839149502,1.6273352112795492,0.6542337603722701,0.24027957738514977,1.5216079008292158,0.5488379095303448,0.4086397192079016,1.288016508535796,0.6687159728221364,0.45367954367995966,1.0098628508223424,0.6781127501615875,0.4503467806362977,0.7599887583919879,0.6146731685653293,0.3860362227046241,0.6552696608065832,0.5657517341097382,0.3982316805115441,0.6371264161734062,0.5425354201017688,0.42190989501396814,0.6127511632928424,0.6450915945055978,0.08903094956090307,1.2697204794063783,0.7141287470064894,0.048642368911574474,1.010892093098393,0.7308785476056514,0.036245219964944925,0.7652613138796723,0.6702281500529667,0.06189326728728648,0.6441618959828722,0.68710696889165,0.04198573225107417,0.6303755717631347,0.6578271820791752,0.006496075237673317,0.6436899093528651,0.6580978534947992,6.440677966101695
0.3428587423153645,0.8266588075439227,0.652505501836442,0.3377042522880864,0.37067571520861375,0.7337744428375411,0.32527302754617776,-0.09412946749679349,0.7653348447438433,0.3258842898272847,-0.0744006123613119,0.5855565144848272,0.38575685794143755,-0.08331046503948972,0.62517648956469,0.3146483145218467,-0.19182149738573967,0.8411103154047532,0.14376797327712798,0.8246523761826166,0.6551214512570427,0.1393640547322924,0.3423172696916852,0.776209937173552,0.136858970473128,-0.10617011832514114,0.7912987218664387,0.15513498345983287,-0.07958708086725325,0.5985574688449531,0.11063226716236291,-0.07092897024095021,0.6057566042860458,0.14946757765817953,-0.1768288455904063,0.8328315201611709,0.24957019385505474,1.3945382659613597,0.6687530995372386,0.24953732986201413,1.6268135166223405,0.653914004972731,0.2403136078513654,1.5205479459437972,0.5488837927935682,0.4086500052783553,1.2876634573394634,0.6704244799105803,0.45395698598046696,1.0110559452473136,0.6766404615663753,0.4502207617532543,0.7590605035588771,0.6149696791833497,0.3867057194167193,0.6545016155726945,0.562268812525495,0.39897890569269834,0.6359861911481514,0.5396103588752994,0.4213119309918463,0.6120016018996337,0.6416870387513368,0.08908282430547895,1.2696967221569908,0.7141446519442582,0.04859170823817565,1.0099811932720197,0.7310649971072423,0.03492123833753015,0.7677749027414195,0.663236041598257,0.060391063511285745,0.6430807768540283,0.6870517231175988,0.03971628384276534,0.628629558292832,0.6555121567883873,0.006059263402614666,0.6422559362729301,0.6591559096038799,6.457627118644068
0.34298737676734004,0.8264715678025549,0.6529382879766563,0.33840802136674564,0.3698659366910344,0.7344919977180114,0.3250330420696616,-0.0936479302133805,0.7647376400817499,0.3271292186338795,-0.0728113223050473,0.5851068042737995,0.385895556275362,-0.08332567446622954,0.6251236101572565,0.3147543143122789,-0.19187858184333056,0.8409437183484664,0.14400738317300485,0.8242962929711138,0.6559812451895031,0.1392996596028048,0.3422630231770427,0.7763060150725992,0.13700406072386165,-0.106081323508255,0.7913898738709697,0.15565839272056653,-0.07855384784650826,0.5965280187475752,0.11131188978308094,-0.0696764502638063,0.6034151373383675,0.14915692104968817,-0.17703893421176806,0.8323286467046511,0.250583282967456,1.3937468682790135,0.6717183836209102,0.24946532862587956,1.6264350180476879,0.6539252358117965,0.240346039263226,1.5198271332625102,0.5490542720030277,0.4082079293795212,1.2872844033153146,0.6725555674091506,0.45391477786719614,1.0115206136863082,0.6768689433157481,0.45001012505707827,0.7577874442476705,0.6152986899589958,0.3876515292279714,0.6538740702625864,0.5573089538947963,0.40002418296877373,0.6353387692459089,0.5354290620367429,0.4212074531312783,0.610659925879057,0.6374346754619111,0.08914761745891236,1.269647837059396,0.7143479963032221,0.04849722941683736,1.0090014141256605,0.731313362318541,0.03393717002799218,0.7696198784966257,0.6574877055280879,0.059010254541251764,0.6422678215109264,0.6871551435439966,0.03748914003618965,0.6272639942452647,0.6528554162318949,0.005616485107963353,0.6406249188146386,0.659970063853272,6.47457627118644
0.34303536190648637,0.8263183477088146,0.6530993095049736,0.3391949495381301,0.3691320475647405,0.7355551440528902,0.32484377667354986,-0.09331268571202674,0.764307914888914,0.3287548744620615,-0.07142852393570866,0.5846176178668151,0.38607435221918684,-0.08334929319013004,0.6250733696943412,0.31488756659891415,-0.19199580908684377,0.840808008442093,0.1442870092296587,0.8239259490960994,0.65691654412187,0.13920907259385845,0.3422433409812289,0.776306740440768,0.13726815721712943,-0.10591504163796893,0.7915668963881887,0.15642100197637093,-0.07672580464228207,0.5939456596233498,0.11219374867313231,-0.06796027598904415,0.6006833993832226,0.14897890910702652,-0.1772932842054335,0.8318684770666213,0.2515049538545125,1.3924571010609323,0.6758783024344643,0.24937391897655947,1.6262833567659545,0.6541961864478463,0.2403809263108314,1.5192365232486873,0.5492745892995866,0.4074351018494208,1.2869179990744901,0.6749852380971075,0.45358755104481663,1.0111767010858619,0.6787422377159937,0.44978270539279125,0.7560171612553918,0.6156902947317486,0.38901895903118333,0.6534332025150847,0.5506163731200499,0.40115517269238354,0.635242560603542,0.5304671013990045,0.4219925925893045,0.6090048779424065,0.6324938135623732,0.0891973485984349,1.2695827189915547,0.7146667630961767,0.04853788760349151,1.008193311919498,0.7314300205050144,0.03324686236271785,0.7706985659515839,0.6535957106047199,0.05775080675281201,0.6417646715364123,0.6874832125171477,0.03557564238930809,0.6267962017936802,0.6495258452974437,0.005044702615330799,0.6389018858593435,0.6606286535938489,6.491525423728813
0.3430270672474787,0.8262482642981582,0.6529063097894968,0.34004211518991373,0.3684926893464403,0.7368832771136152,0.32471712935261693,-0.09327621851083992,0.7640417719132675,0.3305305228947169,-0.07044258261142247,0.5841722924194364,0.38626503828748693,-0.08339260997410788,0.6250605773981432,0.31500159333439764,-0.19220998389854724,0.8407211103500122,0.144633143062909,0.8234705881103105,0.6577987272797783,0.13911201754948882,0.34239760550589676,0.7761565810117071,0.137631145651722,-0.10568571088210567,0.791818706592516,0.15734326618105676,-0.07423511675204171,0.5910454924248779,0.1131405294917068,-0.06600410470286415,0.5979673583235954,0.1488760552650719,-0.17757298347847983,0.831472878079916,0.2522230213820603,1.3906187202458058,0.6804686453963215,0.2492761449095775,1.6263821828192873,0.6545785003025724,0.24042172635621967,1.5185347450421203,0.5494815773912369,0.4066285361447976,1.286476641799,0.6777654948507568,0.4531338785819128,1.0102328330637644,0.681589320959175,0.4496051454897572,0.7539075696823031,0.6161253791225936,0.39069904302209646,0.6531991541968781,0.5426740256572193,0.40206448636938613,0.6356710064808722,0.5251304698718704,0.4239399447267005,0.607490508932003,0.6272097533633216,0.08919704877578093,1.2695258392995563,0.7149544320125809,0.048818961813225974,1.0078081163918458,0.730990953053277,0.032802648526416525,0.7710160189176427,0.6516352850248017,0.05670623533547167,0.6415870806772579,0.6880303482897379,0.034203633967376565,0.6275035567961826,0.6452523765750862,0.004410860697616738,0.6372355516920909,0.6612342949862594,6.508474576271187
0.3429892306052843,0.8262774215766462,0.6522771033937657,0.34084761659590823,0.36802606554197437,0.7382693428237201,0.3246660700041661,-0.09360901133180703,0.7639596579679009,0.33220366293908354,-0.07000620506647151,0.5837964205533231,0.38642472304001774,-0.08345310315070126,0.6250979681974194,0.3150374042998637,-0.19249901310564105,0.8406485260731417,0.14503273694535065,0.8228644469665,0.6585758184855484,0.13903041567087343,0.34286045326311837,0.7758056967321021,0.1380308712368252,-0.1054318645418382,0.7921061799809621,0.15830899056666672,-0.07135179249751425,0.5881353710552737,0.11400244069871798,-0.06401165557185867,0.595568424986693,0.14877957349023066,-0.1778725239339865,0.8311616847797112,0.25267390733201345,1.3883719260960843,0.6847572843835168,0.24918012703943523,1.6266106817168928,0.6549420437077464,0.24047066879467652,1.5174598926139669,0.5496850907642766,0.40606288544170094,1.285831509995795,0.6808179147405937,0.45272134865583236,1.008979642855798,0.6845410417859178,0.44952894386656583,0.7517944389286042,0.6165410172251635,0.39242121621016346,0.6531439680067859,0.5345706547102482,0.40251857806181046,0.6364639006501366,0.5198937354538598,0.4269917875420731,0.6065710657289127,0.6218723750550152,0.08913869851506023,1.2694871162904662,0.715141420277323,0.0493095559145937,1.0080616007197303,0.7297154539815662,0.03264491740520522,0.7706785483187655,0.6511162468881949,0.05606359734244942,0.6417606523555704,0.6882851734175539,0.033501319709114005,0.6291580704357712,0.6403541977454086,0.0037711929533283555,0.6357546710204496,0.6620353761853162,6.52542372881356
0.34290553163282983,0.8263821458490948,0.6512232212361548,0.3415113045092863,0.36780014544466866,0.7395672419239371,0.3246937652638211,-0.09427218954018081,0.764074451044028,0.3335214122188769,-0.07014703349904412,0.5834985018405998,0.38652846972203525,-0.08353175046558832,0.6251944072219138,0.31498263225156514,-0.19277538717346773,0.840537900474531,0.14542092906599585,0.8220191728386737,0.6593380211415756,0.13895106187430378,0.34361981420572885,0.7752590710564378,0.13840185659845353,-0.10519383288440426,0.7923852927281103,0.15910171584303612,-0.06877297100474632,0.5858220276607192,0.11462523083285997,-0.062196648490420434,0.5937275500754439,0.14865636567704782,-0.17821103324304663,0.8309668887419136,0.25285460211333666,1.3859898273406586,0.6883171016227225,0.2490775671794813,1.626749446776029,0.6551712082468087,0.24051724628209611,1.515824418131809,0.5499270057405583,0.40577598283842065,1.2849492859912006,0.6838303103166803,0.45237778249937316,1.007638350285667,0.6869888905536445,0.44954930707041274,0.74997802882543,0.6168690753603631,0.39392675992787224,0.6531241319318675,0.5275021639607255,0.40245066905223614,0.637323321431199,0.5154110078870687,0.43068065061225924,0.6065153047640105,0.6165709469884889,0.08908978642197062,1.2694297025405783,0.7154269954940606,0.0499331059637068,1.0090086486119831,0.7276905609762848,0.0327381670860981,0.769893433480659,0.6513321778158226,0.0558827439247392,0.6422565088064504,0.6872944516037524,0.03339910185043876,0.631189137394524,0.6353575866155998,0.0032436355563180935,0.6345364320420824,0.663029482883551,6.5423728813559325
0.3426999756033384,0.8265341148645431,0.6498851113769004,0.34201112310094683,0.36782779730494525,0.7407745618381115,0.32477718994933835,-0.09512977680338486,0.7643298585417247,0.3342888256729243,-0.07064090319330395,0.5833228098501472,0.3865838225771293,-0.0836406247709166,0.6253713835183957,0.3148672097204219,-0.1929587908672718,0.8403420570730412,0.14573472391821596,0.8208888132005112,0.6602284436838459,0.13882338831266378,0.3445208372135699,0.7746090447351677,0.13871194614651336,-0.10499245042769498,0.7926305901604211,0.15944307405552696,-0.06751224398553406,0.5849115006595671,0.11489192693778404,-0.060704553618996654,0.5926643114640933,0.1485173100581785,-0.178622358683226,0.8309345748743235,0.2528581116496186,1.3837280004926322,0.6910121179899205,0.2489534631886982,1.6266086478664583,0.6551766487491215,0.24055210087803297,1.513645579176753,0.5501923529672303,0.405634133250402,1.2838980900588421,0.6865200860047604,0.45198182192252156,1.0063788697793357,0.6886612976165822,0.4495553461727551,0.7486146020894573,0.6170659892548302,0.39505725250702955,0.6529383530293106,0.5223064107010348,0.4019445156443359,0.6379026335372878,0.5121994441844951,0.43432492189147814,0.6073584160792647,0.6113776344857932,0.08917908404490979,1.2692833052191368,0.7162165922548087,0.05068699706321476,1.0104696872530594,0.725250766069369,0.03288460552391915,0.7689435577944598,0.6516314264874604,0.05600501082636016,0.6430039602490972,0.6844398550762774,0.033673926948191775,0.6331527133223357,0.6304084930126705,0.003187584492073908,0.6337022242532327,0.6633762634144637,6.559322033898305
0.342293265780554,0.8267004490507031,0.6484473554637077,0.3423566874147592,0.3681131502905589,0.7418949027341463,0.3248680938911069,-0.09595716988234983,0.7645865029299208,0.33449331114250935,-0.07107949691310611,0.5833294178633985,0.3866124426839814,-0.08379190170696572,0.6256509176514976,0.31472740869292815,-0.19300893481803322,0.8400521537728032,0.1459428264111637,0.8195094808144564,0.6613403052945829,0.138611019537715,0.3453912875917243,0.7739888191835693,0.13895877652753758,-0.10483087797472514,0.7928345585090182,0.15918204881354908,-0.06820296240251048,0.585848782643097,0.11479539225266808,-0.05952698339028928,0.5924745981187115,0.14840747523494718,-0.17916266458113084,0.8310924189971756,0.2528207896786949,1.3817563856785708,0.6928580198043124,0.2488315269770466,1.626054892182551,0.6549141631740698,0.24062295211095586,1.5111115219455047,0.5503999606025008,0.4055154118778594,1.2827682788631918,0.688841187227134,0.451390884712384,1.0053624334150295,0.689466783864433,0.44938330014930106,0.7477459512046745,0.617126944231859,0.3957434700379596,0.6525437722570957,0.5191683012180658,0.4011985750090134,0.6380274212523901,0.5102451054856162,0.4373025350921651,0.6090034207213623,0.6063352676497179,0.08950323998289089,1.2690031620406808,0.7177847392503366,0.05162902830646303,1.0120802366864052,0.7227511039986289,0.03297221354777623,0.768090296704258,0.6514959098163374,0.0562107255640546,0.6439773261353209,0.679991607077364,0.034127265392020434,0.6349822003517083,0.6254241163363197,0.00412908038351542,0.6335102802343257,0.6617194488573395,6.576271186440678
0.34167251606750765,0.8268263475649372,0.6470547925929908,0.3425177610028008,0.3686669605474103,0.7428421341580117,0.324928607846924,-0.09653934358299045,0.7647129378286084,0.3343684406320184,-0.07126800317509117,0.5834949993226055,0.3866296798289428,-0.0839861622768936,0.6260327125094921,0.3145836281603455,-0.19288820226721504,0.8397173211218856,0.14603369707207892,0.8179544739717217,0.6626905200873272,0.13832118535427457,0.34613009354382207,0.7735104808067407,0.13915012888899725,-0.10470518534585148,0.7929968763386,0.15843970426063722,-0.07054338442149719,0.5883134416073614,0.11446911699142154,-0.05855058259101646,0.5930047012938527,0.14836495029041477,-0.17986767726885172,0.8314132800081198,0.2528210157421053,1.3801610418039285,0.6941004032610169,0.24880772290342182,1.6249874751336522,0.6544097726596108,0.24083761270337656,1.508447059154184,0.5504927508938171,0.40537568075201447,1.2816578072285578,0.690808814285328,0.4505286205567415,1.004649803842108,0.6894735406751303,0.44895449877089416,0.7473458507204445,0.6170740238183808,0.39595838055998744,0.6521307422408753,0.5177066701312276,0.4004697541663672,0.6377647920010919,0.5090848962274985,0.43913264278444575,0.611230325734785,0.6013009845828788,0.09006190306710382,1.268601720819317,0.7200832819512198,0.052725218588097894,1.0134157812710558,0.7204648103059029,0.03319704004686027,0.7674348566586965,0.6507306985645939,0.05640537175977718,0.6451185485457532,0.6748534173221579,0.03470808104699487,0.6366799579327053,0.6207067868759103,0.0064207328919272475,0.6342261489484584,0.6571891768086082,6.593220338983051
0.34090758221179956,0.8268525493876127,0.6457983565396254,0.3424370813892787,0.369498432311235,0.7435041525673026,0.324958184604453,-0.0968213721287368,0.7646886226563306,0.33422436109838505,-0.071432924005929,0.5837072790018738,0.38664143795921385,-0.08421084451476077,0.626478870827808,0.31444050605111146,-0.1925852445895779,0.8394072377275521,0.14600530780610516,0.8163210681341146,0.6642122791749827,0.1379778833698508,0.3466980217345037,0.7732414943151948,0.1392920927911545,-0.10461104698730603,0.7931189080935658,0.15752104606016515,-0.07352846668559505,0.5914967434486095,0.1141048927584834,-0.05763674239473365,0.5938365376623141,0.1483818031057514,-0.18064647811618986,0.8317973328212441,0.2528574658655754,1.3789236189427128,0.6952405354774402,0.24902871692190798,1.6233921040868025,0.6538250616391033,0.2412742056907103,1.5058496497593334,0.5504997119951174,0.40519283959873037,1.280695206628243,0.6922900121621516,0.44938975691541877,1.0041325059547348,0.6889545153530658,0.4483379695496921,0.7473115865114704,0.6169116641515284,0.3956749817368024,0.6519003750532436,0.5173512038467694,0.3999707779217466,0.6371932531886729,0.5083220949553349,0.4395117222691427,0.6136393824690726,0.5961800003839526,0.09077761821810823,1.2681270326506484,0.7228457232318036,0.05378170402160031,1.0141192715485274,0.7186435331944213,0.033925420934235534,0.7668764992733429,0.6497092961231019,0.05669288138111592,0.6462095351862237,0.669959623221106,0.03545530094317442,0.6379867481174794,0.6169998056365431,0.00993531875015658,0.6358116424485492,0.6499862527068725,6.610169491525424
0.3401017207834497,0.826711983669561,0.6447197772262233,0.34208871426285237,0.3706227489866339,0.7438434092017384,0.3249728048482797,-0.09691719587091009,0.7645850361510507,0.3341936565222012,-0.07188553014627462,0.5838926576980328,0.38664972736715175,-0.08444473175227445,0.626914634490244,0.31430155531712367,-0.19217135539150215,0.8391641312150966,0.14586633165219154,0.8147256517257353,0.6657344696806329,0.1375953958822668,0.34707734277811997,0.7732107811377587,0.13938636748978744,-0.10454643981772484,0.7932030202510538,0.15667946656838339,-0.07615172502486531,0.5946719206752265,0.11383136914503544,-0.05670756683379939,0.5945277945016634,0.1484307628525716,-0.18127771402476575,0.8320893346924819,0.2529002998800263,1.3779331434024165,0.696654251091546,0.24963456347136187,1.6214168928681805,0.6534540720751965,0.2419183181975851,1.5034948021508234,0.5504908225679949,0.4048666117034463,1.279996159678071,0.6932245695539503,0.4480343377341881,1.003638910844178,0.6882942687800424,0.44766558356040376,0.747522053759163,0.6165842650951364,0.3948698899391977,0.651870283011506,0.5175333943433574,0.3997933272156729,0.6363174812592542,0.5078702531084812,0.43847027804986877,0.6157956828685185,0.5911568241534391,0.09154258259981735,1.2676354644597079,0.7257334576601273,0.05462288543486839,1.0140011381681817,0.7175345699542129,0.03541300528976524,0.7661787556823335,0.649299324563501,0.057323701559872764,0.6469862255656057,0.6658465577508215,0.03637727628029282,0.6386507706452901,0.6147379247620797,0.014176515078191017,0.6378645780317657,0.6411908999065157,6.627118644067797
0.33931505011125357,0.8263020570490548,0.6438614419546013,0.34152281791512773,0.372035446380106,0.7439590909037873,0.32497945130064787,-0.09696100467480066,0.7644742409769688,0.33421104024281434,-0.07270016176393446,0.5840674944717003,0.38665631250102317,-0.08466343718906968,0.6272609181808981,0.3141794001075344,-0.1917720904607471,0.8390039816690862,0.14563693679292258,0.8132410252543496,0.6670296418069751,0.13718497251895012,0.3472787934375545,0.7734322539872232,0.13943115256245583,-0.10451130645627325,0.7932506400546195,0.15600477873482493,-0.07783501927595511,0.5973782609094022,0.1136882865586433,-0.05588379354971239,0.5950472230182197,0.14849797356379707,-0.18154729940969988,0.832157851132707,0.2529326601067966,1.3770499979327073,0.6982674286350506,0.25070384270779755,1.6193899212408942,0.6534958508143669,0.24268880126417627,1.5015266208293767,0.5504893197542368,0.4042199744954694,1.2795836888950674,0.6939342212218244,0.4465778626956277,1.003068166147252,0.687909860727224,0.44695908103393767,0.7479338979227959,0.616056985556995,0.39359295011885964,0.6519529431584064,0.5176956306102777,0.39987520344431104,0.635253477224353,0.5076388215539358,0.4363116586564215,0.6174766375704908,0.5864813058969329,0.09224437135402255,1.2671856672568633,0.7283842838498027,0.05532774314416722,1.0130979825879578,0.717195495893928,0.03768405335942388,0.7650996205089458,0.650339064116146,0.05867766576698108,0.6474639938108125,0.6623799179342488,0.0374949927688851,0.6388980830348822,0.6133644219575718,0.018678210613764134,0.6399230892078613,0.6322215937905906,6.6440677966101696
0.33853162580358515,0.8255198864320069,0.6433291115475438,0.340855319667668,0.3736644120800135,0.7440378310434446,0.3249791334502046,-0.09699481623815227,0.7643851254384818,0.3341790744272993,-0.0737714978423342,0.5842590663645594,0.38665957052630023,-0.08483862816330939,0.6274689537667958,0.3140912214824011,-0.19149158975528963,0.838947211531222,0.14534023924966685,0.8118298697404077,0.6680000892160929,0.13676621431045177,0.3473365491514438,0.773909833127482,0.13941837090952988,-0.10450644865188892,0.7932615348079286,0.15551366808678568,-0.07836766787019735,0.5992748700696054,0.11367015460574531,-0.05545382856401988,0.5958278306036562,0.14856100990221938,-0.18134903768811353,0.8319637577622739,0.25295916212147807,1.376161177957188,0.6996971669479194,0.25222226175159124,1.6176913597810019,0.6539636664438212,0.243486890414291,1.4999928409686039,0.550452877391711,0.4031776346296976,1.279354138524972,0.6949788561355701,0.44516896672912987,1.0024120840714614,0.6882263952629921,0.446045319653098,0.7485118747857918,0.6155313870479803,0.3919968794091809,0.6521245190899028,0.5173951755961466,0.39999576289077926,0.6342684427728564,0.5072390071588806,0.43326306125834435,0.6186508712542725,0.5823592445144872,0.09277787305401416,1.2668376848685852,0.730430573704691,0.05616989781181039,1.0116672252457466,0.7173440624760326,0.040589084264312396,0.7635340650581686,0.6530973582188596,0.06133665642542428,0.6481204100978852,0.6586643631869344,0.038946309078808194,0.639341995363266,0.6117479386625695,0.023150298220687857,0.6417762777362648,0.6243812568981774,6.661016949152542
0.3376842454984924,0.8243445342654727,0.6432474692685016,0.340178318981733,0.375371698200833,0.7441621591952676,0.3249740603330805,-0.09699546387158803,0.7643159151705783,0.33405970425707987,-0.07495191153402125,0.584452500688577,0.3866491809805189,-0.08493018228024546,0.6275108537867142,0.31404881387476885,-0.1913748173475342,0.8390174345326175,0.14498521453207358,0.8103546345290384,0.6688433269527657,0.1363654705400861,0.3472409153247672,0.7746201068784235,0.13932770964434318,-0.10453329536177794,0.7932371184821214,0.15523562110656133,-0.07774100012159067,0.6001134962719394,0.11374967043075121,-0.055637571908937075,0.5972494079563038,0.14856229142579008,-0.18067969939180506,0.8315295177407641,0.2529932765583873,1.375232920650573,0.70058587383362,0.2540759178432169,1.6165577455090938,0.6549709204177651,0.2442249033177772,1.4988064509202261,0.5503378554138697,0.4018860128790328,1.279128522469273,0.6967217744788001,0.4439639796361481,1.0017158086080302,0.6894902118866252,0.44472280879591375,0.7491046410379034,0.6154687751884065,0.3902432465394977,0.6524172859512843,0.5164937235589486,0.39989411922480855,0.6336156826016149,0.5062291977418734,0.4293525915724373,0.6193992852407529,0.5788370281370704,0.09306909165390045,1.266636806893653,0.7315898442491237,0.05730824059945433,1.0100955750280447,0.7175579247740769,0.043907749736817464,0.7615869666838416,0.6572280446855172,0.06591589457653366,0.649636214598333,0.6534529947800538,0.04090516487528345,0.6404384204707407,0.6092997270467563,0.027316840600044127,0.6434822180992704,0.618613192670356,6.677966101694915
0.3366998397334207,0.8228548161536046,0.6436869809659824,0.3394798470848092,0.3770156845378543,0.7441723818899152,0.3249669073748874,-0.0969566094881488,0.7642528851194073,0.33386471794633577,-0.07606259290434966,0.5846089324328015,0.3866147271484355,-0.08489804410894086,0.6273670694322777,0.31405564334495417,-0.19141848307178924,0.8391906992867025,0.14455995120777285,0.8086764211594872,0.6699436069970648,0.13600693042327822,0.34692170330352623,0.775505709041648,0.13913675202543915,-0.1045929620397571,0.7931794972492828,0.15516425497725284,-0.0761898686639945,0.5999251194133579,0.1138823091363535,-0.05644616099897455,0.5992462059238919,0.14844416008070802,-0.17965317713717907,0.8309112102435258,0.2530439660351968,1.3743167751576846,0.7008616304169148,0.2560625480885529,1.6160943591038086,0.6566622491944413,0.24482798822454352,1.4978399184173112,0.5501603490001392,0.40054843126585304,1.2787797317381175,0.6990985340154058,0.44306694390380374,1.0010092195700482,0.6916076428547498,0.4429823535125867,0.7494926232109049,0.6162760144166205,0.3883848126668148,0.6527032709547371,0.5154388888816211,0.39945259122053645,0.6334038389433225,0.5046780023562278,0.4246281013677341,0.6199591964295832,0.575628048634067,0.09312121469371773,1.2665822893114436,0.7318517721623796,0.058659837329383645,1.0087524125390817,0.7176096605000213,0.04739341154467511,0.7595450314436767,0.662082280031816,0.07264178641044891,0.6524483919185039,0.6458586353283842,0.043477511254415374,0.6422123600897618,0.6063094065607726,0.03090383061158552,0.6451172616616834,0.6153552374666396,6.694915254237288
0.3355647850612337,0.821147972764587,0.6446837393764134,0.3386772412251186,0.3785070080018265,0.7437599518877376,0.32495986651577075,-0.09691807397568605,0.7641748753709079,0.33364503139279134,-0.07684738258742932,0.5846892683903961,0.38656100205434174,-0.08473713348044798,0.6270504978114275,0.31411006276135595,-0.19160615691671365,0.8393744093848167,0.14405133431180167,0.8067574320221171,0.6715454745574753,0.13570033027033299,0.3463111405037474,0.7764906626995498,0.13885353838341655,-0.10468608169760452,0.7930879310796655,0.15519250436871052,-0.07426405439339585,0.59914213943887,0.11402161640679258,-0.057696452982819516,0.6014560238265705,0.14822225132602418,-0.17853033971740437,0.8302162091817257,0.25311429892471643,1.373454980767506,0.7008073205484731,0.25792442421435313,1.6163716946480993,0.6587326820285289,0.24521051095916716,1.497047201946996,0.5499903101738849,0.3992488087615893,1.2783148362721044,0.7017523326415418,0.44246098493283054,1.0002539310110463,0.6942538303250234,0.4409493936492044,0.7495331033515878,0.6180300431904131,0.386339443184157,0.6525802472521163,0.5153602808509581,0.39869846159833044,0.6335013902153819,0.5033776155980954,0.4193313885565433,0.6205186947953107,0.5727116692073222,0.0930363283868411,1.266614497359818,0.731570549464752,0.06006020255696565,1.0078829683175488,0.717508367751661,0.050778167809471954,0.7577469158803153,0.6669545316572298,0.08111215682252429,0.6565431576070083,0.6359006915344025,0.04676980665379929,0.6444347299390538,0.6033223876300483,0.03388982963264018,0.6466243137850378,0.6143796776718706,6.711864406779661
0.33437066382886144,0.8192597850392019,0.6462599990250089,0.33771561209500334,0.37979316864925444,0.7426982914572616,0.32495413000912976,-0.09692673862247439,0.7640577051157087,0.3334897273574045,-0.0770399756998794,0.5846744297210311,0.38650314455688956,-0.08448319386890837,0.626617639357706,0.3142049392535918,-0.19192850629699834,0.8394783176449637,0.14347812854509062,0.8046624778515297,0.6735809390113868,0.13543900140245957,0.34538521768681185,0.7775232416253729,0.1385262842599851,-0.1048153975927945,0.7929613859159711,0.1551745671842594,-0.07261993111658505,0.598349236296679,0.11413771197703101,-0.05908294482542366,0.6035496779944038,0.1479764347024552,-0.17758949545495997,0.8295143217633584,0.2532016383214143,1.3726360175597396,0.7007968457530209,0.25942272983707687,1.6172787970924296,0.6604903690488605,0.24529207981471168,1.4964681485784825,0.5498934693344378,0.39803254483298456,1.2778309302190143,0.7042614516304537,0.4420366462715395,0.9994317985281015,0.6970715686275094,0.43865805225036125,0.7492743492539133,0.6204188440703644,0.3839196299816361,0.6515839448987237,0.5175643398021468,0.39762996583109245,0.6335338302465483,0.5034316781519798,0.41381562105991654,0.6209450209114946,0.5709282700792943,0.09294843736089663,1.266658027540893,0.7312196172003116,0.06142326856194957,1.0075602009617795,0.7173306183398933,0.053837556113633236,0.7564157421525788,0.6711712233345645,0.09041899805525878,0.6614947238673795,0.6246592401568685,0.051018209468410645,0.6468403772019624,0.6006176013765955,0.03662923376207078,0.6478977328349811,0.6149826324295629,6.728813559322034
0.333247371126547,0.8171782697782897,0.6483563856372412,0.3366288828736465,0.38079018665193665,0.7410234242240551,0.3249489586830017,-0.09699570850531151,0.763889383149217,0.3335031042314796,-0.07658811814648664,0.5846022356648168,0.3864535835402262,-0.0841873524078613,0.6261506340368961,0.3143254172771489,-0.19236152683425772,0.839488031992431,0.14289756638432832,0.8024691630416636,0.6758205841135999,0.135216469027498,0.3441448673302455,0.7786109525663141,0.1382049389986354,-0.10498690384042607,0.7928006052914359,0.15504777652584112,-0.07168170443495368,0.5978727864825648,0.11421827002538643,-0.06034509713921887,0.6053934998704269,0.1477499173805873,-0.176908852257874,0.8287577912141221,0.2532922196687124,1.3719095499613525,0.700945137886459,0.2604329166044377,1.6183875127999825,0.6613881852984116,0.24509444723950638,1.4961694297644443,0.5498934399667207,0.3970069759795893,1.2774354012095308,0.7062365743792329,0.44169807375632286,0.9986949595001057,0.6997543553683876,0.4359951081287182,0.7489879648488349,0.6227607051425792,0.38088974108835016,0.6494714004448201,0.5228194712398697,0.3960950963715446,0.6331058270654047,0.5056653697828186,0.40834811611248434,0.620945013567296,0.5712468088112566,0.09292340915446222,1.2666820741918994,0.7310285320241385,0.06271623582610879,1.007654925257804,0.7171560302806371,0.056506701177001434,0.7555883990291921,0.674169206762753,0.09949401680133074,0.666611285281526,0.6138549391352702,0.056613118820267136,0.649144976435963,0.598299721427856,0.03960714408716289,0.6488589876639417,0.6166314369218959,6.745762711864407
0.3322611689706966,0.8149067005358739,0.6507816525003258,0.3355318926992562,0.38136745626617985,0.7390228451367709,0.32494213198310895,-0.09711361289015821,0.7636813771885512,0.33371235557081824,-0.07576775906761886,0.5845823730863663,0.3864198374942115,-0.08390482372746283,0.62573395063751,0.3144537824629318,-0.19284457366850918,0.8394435929943712,0.14236621258910218,0.8002230914033488,0.678073413997456,0.13504065878251545,0.34258474252675664,0.7797904065723309,0.13790846834403095,-0.10520625830200041,0.7926061849422408,0.15486512560208773,-0.0714822866545254,0.5977028639034621,0.11425926731666433,-0.06137654269092663,0.6069646740338583,0.1475181445152458,-0.17638134935943103,0.827951092549314,0.25335895244911527,1.3714554073639937,0.7011074387103065,0.2609746560872728,1.6191994055695766,0.6612850686291205,0.24477433859097747,1.4961990053596892,0.5499839463767427,0.3962975319449674,1.2772027620303548,0.7073941608719534,0.4414285408162132,0.9983113878564249,0.7019869693192933,0.43287685566728856,0.749033790673504,0.6242550097100785,0.37709692463223426,0.6463323026518106,0.5311294524513773,0.393881327188245,0.6320191735250874,0.5103536029781884,0.4031068238133805,0.6204254137480373,0.5737163416717213,0.09294271638309287,1.2667020700960712,0.7309511431861935,0.06384397062081777,1.0078913222510124,0.7171237760312082,0.05886856603191228,0.755139481054154,0.6757025400388225,0.10741811943108895,0.6711211943409952,0.6051052553867807,0.06384825617273357,0.6509905459373291,0.5965918065591089,0.043071172916477385,0.6493381244195446,0.6194003897935212,6.762711864406779
0.33142439265403023,0.8125030982995531,0.6532654350263702,0.3345548361926556,0.3814381245917914,0.7370270024066791,0.32493241863392247,-0.09726246371439563,0.763459484858385,0.33394460129749926,-0.07491707416111631,0.5846837997872348,0.38639970299152204,-0.08368200999836237,0.6254126396811434,0.31457861515162056,-0.1932998316452132,0.8393825278088604,0.14190388908694795,0.797992013353931,0.6802111980338685,0.1349250875599786,0.34072807458132537,0.7810606765761197,0.13763837043595886,-0.10546908037252949,0.7923805081260497,0.15472797419140108,-0.0717073579634728,0.5977020360118951,0.11426391262219185,-0.062088508558142116,0.608103610071958,0.14724695352808126,-0.17591454120299826,0.8272961152628793,0.25336560483681453,1.3714476140737464,0.7011212679722536,0.2611559916702291,1.6195033875854354,0.6603690398858926,0.24450712260776258,1.4965314683774105,0.5501408126942701,0.39599298496883745,1.2771418361981162,0.7077156179835451,0.4412743424107297,0.9984408159230376,0.7034269992784132,0.4294566366953087,0.7496335980072291,0.624477609693606,0.37258531839753956,0.6425792397585399,0.5419148709911157,0.390962062608734,0.6303293379268692,0.5171909499246017,0.3984297238639891,0.6195743476484326,0.5776126138339964,0.09295988535484248,1.2667390202620816,0.7308816022255047,0.06463095559057364,1.0080348878784107,0.7173734414424946,0.060991241113777954,0.7548076357680934,0.6760693295747813,0.1135771635670393,0.6743374739140054,0.5994450038581356,0.0725106206926269,0.6520606257589198,0.5957721453906271,0.046986290997139454,0.6489277682547018,0.623857736533983,6.779661016949152
0.33074819787574467,0.8100707984555132,0.6555444704071308,0.33376358911495585,0.38105051386409505,0.7352249573349087,0.32492421424079526,-0.09739410069322496,0.7632353482509897,0.3338871974621241,-0.07402573190424402,0.5846984016886793,0.38637785917957834,-0.08352533609491034,0.6251595338390705,0.3147001086448646,-0.1936499521415389,0.8393190344504942,0.1415054137276136,0.7958742690386322,0.6821332080007856,0.13486671148066715,0.33868276784880724,0.7823575485326092,0.13741385103843376,-0.10574633130307715,0.7921360428402717,0.15468758975767305,-0.07194435354267227,0.597747945991552,0.1142461174189506,-0.06236184410745284,0.6085688176035859,0.14692467523959996,-0.17548949524728685,0.8270229245363373,0.2532773507654137,1.3718869510569354,0.7009339125212508,0.26111408842485123,1.619405143703806,0.6589379427907511,0.24439187920594097,1.4970271026109552,0.5503218629457021,0.3961162217663951,1.2771802903948517,0.7075253445991523,0.44127053959970597,0.9990222887539199,0.7039393726980374,0.4261437887396345,0.7508029197755451,0.6235839737431244,0.3675807454703645,0.6388695206235168,0.5541121170260606,0.3875416469455456,0.6283393569218981,0.5253651233218196,0.3948284977140172,0.6186714390934754,0.5822300849842079,0.09294544035453836,1.2667989897751775,0.7307711687810488,0.06493738420745343,1.0080344129270364,0.7177948431415119,0.06282756254483465,0.7542981045892287,0.675974068236839,0.11779290998723552,0.6758360388903469,0.5972306006687831,0.08177887924165908,0.6523064193319169,0.5958854651521838,0.051267259508803696,0.6472229477377107,0.6305319126427216,6.796610169491525
0.3302476284312708,0.8076940708481746,0.6574497789814893,0.33314199008585255,0.38035735181139113,0.7336795824315253,0.3249325634601128,-0.09740168937000253,0.7629727367132824,0.33333351450115906,-0.07274510107915956,0.5841122484627785,0.3863398971412967,-0.0833965289005496,0.624908102920375,0.3148322472325719,-0.19382433953889225,0.8392514957756094,0.14116666886136697,0.7939237656249886,0.6837752754537346,0.13483433047234294,0.33658321216068265,0.783606233912789,0.13728514555164303,-0.10598680779980303,0.7919038888568141,0.15471293189053992,-0.07197384386549564,0.5977561974571473,0.11422580169341245,-0.06226507510324121,0.6084430305676463,0.1465880685126945,-0.17511522893103076,0.8271950480991018,0.25309883786919146,1.372606929653622,0.7005960456241498,0.26098904904596315,1.619096518389888,0.6571742381642354,0.2444437636487427,1.4975209512323646,0.5504808008235038,0.39659884701537024,1.2772135161872957,0.707252212077264,0.44138123670061585,0.9998329042131234,0.7038380230480419,0.42340433248188514,0.7524166718503147,0.6220895719431697,0.36242425477013457,0.635962204540685,0.5662172883940826,0.38378528182813054,0.626452302905504,0.5338971760141763,0.3924991348711,0.6178751199001299,0.5871843882856624,0.09289737245909788,1.2668743094831993,0.7306289139878532,0.06479046920904272,1.0079622389467044,0.7179706749182508,0.06425766314082426,0.7534900075862999,0.6759933899835785,0.12043820205902259,0.6757100197594477,0.598036715996803,0.09058227278638499,0.6519729047642441,0.5967069317647513,0.05580060128976238,0.6442620978867111,0.639333063272893,6.813559322033898
0.3299392168393706,0.8054038433432583,0.6589627071446257,0.3326526344259316,0.3794956628062697,0.7324186065131602,0.3249754678138477,-0.09717127175070946,0.7626105350853548,0.33230462619698053,-0.07081330174467891,0.5824638880064631,0.3862875087714528,-0.08324387336273634,0.6246083457450592,0.31499546044086335,-0.19382027846057245,0.8391898578850518,0.1408899371158285,0.7921604865599978,0.6851205906423294,0.13477953854315491,0.334479149012451,0.7848044564323033,0.13730240205584046,-0.10615182843661942,0.791726496815149,0.1547530552788814,-0.0718191221304487,0.5976919712957373,0.11421722823497732,-0.062060155098703995,0.608132909950473,0.14633911928248394,-0.17482398048725023,0.8277172045698993,0.2529262832887399,1.3734365120144727,0.7002350333520939,0.2608793615599304,1.6187043912840153,0.6553089074430769,0.2445797378457566,1.4980001326850483,0.5505791664780783,0.3973154117385046,1.27719593901178,0.7070965374187198,0.4415244234862456,1.0006193379095407,0.703678146837819,0.42154385589692867,0.7542152336219587,0.6206504448384313,0.3575231479563072,0.6345312359385036,0.5766002380345426,0.3797069016772088,0.6249743787219633,0.5419981123169295,0.39105044124895977,0.6171648882018533,0.592229061417871,0.09283826374979609,1.2669436577486857,0.7305245241088454,0.06436278871586057,1.0079083482949063,0.7174989559568637,0.06518345170893966,0.7525244688369721,0.6762320117872711,0.12228998039611239,0.674636619012636,0.6006838918861641,0.09803379035415777,0.651385876681589,0.5979593868043315,0.060265660169080734,0.640544633911343,0.6494473943094129,6.830508474576271
0.32984268810466677,0.8032470777783299,0.6601492070533871,0.3322964490288933,0.37851398086646226,0.731466936943334,0.32504835086087347,-0.09670757168568421,0.7621737692637314,0.33098627232428257,-0.06834489786306143,0.5797451810312032,0.38623429795803843,-0.08302950965094755,0.6242407523293767,0.3151868739196702,-0.19377298499921894,0.839168038368428,0.14068053726552368,0.7906533416438961,0.6861722423605712,0.13466697443914727,0.33236316259014786,0.7860061806867356,0.1374789761104766,-0.10623998085042807,0.7916335307632677,0.1547778764544267,-0.07164542037814435,0.597581914550299,0.11422322217743461,-0.06192878056048451,0.6079281934475169,0.14627003279575637,-0.17464190338114605,0.8284362765999955,0.25292138836450334,1.3743134026436734,0.7000055879071516,0.26078081478784654,1.6183541070439091,0.6540014644923002,0.2446434043902544,1.4986091901902,0.5505944506504974,0.39815479891781674,1.2771878988605154,0.7070189324254792,0.4416346568804095,1.0012064960938483,0.7037929162332097,0.42068931986540214,0.755845796820995,0.6198708074614575,0.3532548329677775,0.634930122728247,0.5841121765849555,0.3753978327841454,0.6241220425952504,0.5491190943750877,0.38994189129997464,0.6165119207398913,0.5969509085163598,0.09280714425153365,1.2669751999305046,0.7305783242823354,0.06380945090995122,1.0079653784663622,0.7162674466338417,0.06560059374537673,0.7516553116401785,0.6764945521755886,0.12402720353660339,0.6734477865073483,0.6038661681218442,0.1035873398852573,0.650769227026442,0.5994439842716155,0.06415576313210321,0.6366556493215827,0.6595931578322137,6.8474576271186445
0.3299725593144099,0.8013426587112191,0.6610397881909056,0.332121392739531,0.37738484546683615,0.730878617083423,0.3251151325682553,-0.09618302284435762,0.7618155374701989,0.32966860113477325,-0.06574908948978979,0.5765184442000432,0.3861917456692102,-0.0827461968218868,0.6238162904910124,0.31536400116748775,-0.19389493955211914,0.8392175049871192,0.14054870829499141,0.789496279922669,0.6869056657543653,0.13450940341301418,0.3303173236631797,0.7871773842977379,0.13779821907434117,-0.10626811888641013,0.7916302161122022,0.154761583650124,-0.07165752286298853,0.5974890491296622,0.11423863920394173,-0.061876376863824925,0.6078456802577674,0.14638782549337753,-0.17454918885516388,0.8292478302822439,0.25319788916294844,1.3752180490666908,0.7000179926014767,0.26061056742417504,1.6182677053144559,0.6540067191006755,0.24450384775164236,1.499457442872162,0.5505383943841795,0.39903516171389414,1.2773072797923273,0.706939426680578,0.4416959590951789,1.0015255252725879,0.7040863319939308,0.4208812071301638,0.7569880911789507,0.6200675609665873,0.3498335146436212,0.6369576833409593,0.5886216600201554,0.3711605546227197,0.6240314016593032,0.5549785295149657,0.388944071217097,0.6160104552794614,0.6008116880829204,0.0928255725602226,1.2669511205832802,0.7308400349847037,0.0631960383872576,1.0082011852265509,0.7144335935828002,0.06563430312882312,0.7510496797781199,0.6766111936085526,0.12579236194700655,0.6726227323244779,0.6067393447377318,0.10696973623496966,0.650200222532669,0.6011036137129324,0.06699997356364737,0.6330868036580044,0.6682231916622867,6.864406779661017
0.33033416320873565,0.7998346950400147,0.6615956364614708,0.3321913716399514,0.37606481694868255,0.7307425950747,0.3251371486541304,-0.09583317179236342,0.7616891254710323,0.32869141311053274,-0.06344432941538672,0.573653112754727,0.3861639573718172,-0.08242643026490946,0.6233814829073111,0.3154757460683273,-0.19431160871361275,0.8393464993151004,0.1405157638774135,0.7887261215436122,0.687261849377138,0.13437367819679355,0.32857206533506833,0.7881153604086306,0.13823472065851555,-0.10624892229045098,0.7917053483170321,0.1546818313952134,-0.07197882837982338,0.5974648678189687,0.1142557446563138,-0.06184792257329216,0.6078069810978657,0.14664606393217766,-0.17451039438731644,0.8301275565875066,0.2537539763860852,1.3760837369713208,0.700297537364438,0.26031495686318323,1.6186298820964247,0.6554954705474558,0.24410346871007804,1.5005348627435524,0.5504529794684904,0.39986816861062846,1.2776314831480489,0.7068316998520177,0.441753751236443,1.0016305035306101,0.7040882959212849,0.42204038436396607,0.7574262279938424,0.6211980790339557,0.34725521446366225,0.6399014055459779,0.5909150026971065,0.3673418443587147,0.6245982990647487,0.5596293626393458,0.3880387550986938,0.6157197476581404,0.603681906490048,0.09284619182249448,1.2669048083806582,0.731094008230414,0.06255960955634995,1.0086121054107697,0.7122917112467986,0.06551644969884504,0.7507192610099119,0.67657639911827,0.12725892266895245,0.6722596290925852,0.6088211712841367,0.10806709721642585,0.6495768889740157,0.6031475464644582,0.06851163986182446,0.6304122474791979,0.6737884903793112,6.88135593220339
0.3309258932057563,0.7988401827364315,0.6617514491209171,0.3325139487675188,0.37462179421675096,0.7310529057484735,0.32510014773753043,-0.09580618196474867,0.7618405283541073,0.32833464892723335,-0.06169361144713893,0.5718571629371116,0.3861523772937835,-0.08212779880045856,0.623006528941463,0.31549297772139845,-0.19498332851431338,0.8395372597210178,0.14060220261511588,0.7883254167397521,0.6871986319679156,0.1343394158960166,0.3274084348099183,0.7885655685211417,0.13874697689016124,-0.10619918830991099,0.7918335810948898,0.15453733337235184,-0.07259777141196473,0.5975260918264998,0.1142689727129642,-0.06181255056958984,0.6077685015793559,0.1469965923321819,-0.1745384205720114,0.8310771760146818,0.25450260608038106,1.3768329133183537,0.7007860422958245,0.25990440086644034,1.6193682308107311,0.6580569577304418,0.24344048795293133,1.5018398574522298,0.5503677294447912,0.40054306907099213,1.27815035793806,0.7067092607099871,0.4418841891519554,1.001697092816997,0.7032759680168802,0.4238499862734664,0.7571316995875821,0.6228760334941088,0.34537413772932846,0.6429562865489575,0.5919754135273244,0.36414816660887117,0.6254866120880631,0.5633445543412824,0.3871258414524918,0.6155215879849536,0.60595620326036,0.09275890968548627,1.2669185421267477,0.7308814681064539,0.061948753953706456,1.009146981063216,0.7101677578278272,0.0654474927854377,0.7505753902698094,0.6765051007269756,0.12805048481925407,0.6723142833863147,0.6097616306097055,0.10696529142110056,0.6486399699191228,0.6059172780279867,0.06858163221149159,0.6292782266422022,0.6752508446037313,6.898305084745763
0.3317324530151085,0.7984385323096315,0.661470529871897,0.3329791647506287,0.3733093042279655,0.7315801758983259,0.3250092447174468,-0.09609606601487822,0.7622465901118196,0.32869310386916406,-0.06069003717651203,0.57145681636591,0.38615900493175986,-0.08190788229647067,0.6227655724413432,0.3154179740375295,-0.19577355580182323,0.8397457479162087,0.14078552214935144,0.7882547357303697,0.6867556662066288,0.13444786691667404,0.3270115316330543,0.7883828786176703,0.13926922006418252,-0.10615054429723725,0.7919749506899976,0.15434843215132651,-0.07342626331033089,0.597665564423439,0.1142775535183364,-0.06177010859299753,0.6077296229634158,0.1473993836806746,-0.17470424465895606,0.8320960809354585,0.25532373808509656,1.3774462775364131,0.7013647785644204,0.2593746815483767,1.6202432936793962,0.6609975078381571,0.2425915947653029,1.5034482038512138,0.5502706729189173,0.40096012744702825,1.2787947361242304,0.70660140189659,0.4421235959278128,1.0018926927261218,0.7016124202878286,0.4257582427431317,0.7563479697064501,0.6244222903142411,0.3440710643461735,0.6455500863251146,0.5924197908439461,0.36168249665931207,0.6263616737441524,0.566469676175399,0.38604057977177086,0.6152725879683043,0.607907953495139,0.09246773770311165,1.2670689086996865,0.72980852397318,0.061421220370109345,1.0097516125797479,0.7083900074341666,0.06544066313068495,0.7505244807084468,0.6765000820488333,0.1280291227563397,0.6727012437246978,0.609419342046023,0.1041068618274141,0.6471371510466735,0.6096055553113444,0.06723246499411743,0.6299970201573903,0.67248830578981,6.915254237288136
0.33270141376414325,0.7986681063854693,0.6608019484425923,0.3334209354252315,0.3723960831057529,0.7320075764594769,0.3248693151581808,-0.09662179184561631,0.7628902794831038,0.32956852878096476,-0.060621307424075774,0.572486685955886,0.38618272351363714,-0.08181459926486326,0.6227182252144768,0.3152916069293203,-0.1965322352891982,0.839917753484822,0.14099094322163047,0.7884673426578621,0.6860646703445429,0.13467710988292395,0.32736923041040655,0.7875773804205954,0.13974295935417205,-0.10613143501102731,0.7920947615051016,0.1541408794812152,-0.07437159630300154,0.5978702634686682,0.11428224760600772,-0.061733059319210484,0.6077055636702234,0.14783020167625777,-0.17507791399338507,0.8331975458364927,0.2560916811058959,1.3779514780251487,0.701906485113321,0.2586717361716502,1.6211299708733267,0.6635097138192183,0.2417244791337415,1.5053685437282673,0.5501349196824677,0.4010990860016538,1.279477204750875,0.7065412929880031,0.442450688375301,1.002229684965872,0.6996363443049995,0.4271994006549203,0.7554463591276876,0.6252448113005676,0.34337472345771747,0.6472899469136458,0.5925218556544285,0.3601181652526358,0.626963432626803,0.569305210072965,0.3848223021291468,0.6150094196833202,0.6093418201579599,0.09194429735820746,1.267381451829717,0.727779691285747,0.06103852459223977,1.0103536671195927,0.7072683374215571,0.0653528697519299,0.7505029939647224,0.6765469456261646,0.12722940716403044,0.6732454995224019,0.6080361432881907,0.10012844553725957,0.6449851144641932,0.6142785618625579,0.06464182443848579,0.632254703774257,0.6663107301316346,6.932203389830509
0.33373837634590375,0.7995357324456533,0.6598962626380283,0.3337556722957673,0.3719452074852563,0.7321923925387204,0.32467211321956774,-0.09735878782534223,0.7638000808854633,0.3305153212569231,-0.06149912345189863,0.5747073062238496,0.3862173980181497,-0.08187430796762951,0.6228808312331187,0.3151661656016715,-0.19713256495540057,0.8400215788757034,0.14115484227592281,0.7889615469947463,0.6852661821391473,0.13495697168982787,0.3282860611020513,0.7862672226167269,0.1401537229186159,-0.10614418690103411,0.7921837499914925,0.15393552434470628,-0.07535262155588703,0.5981221286664775,0.11428112415157471,-0.06171312700712932,0.6077077089407423,0.1482854423437141,-0.17567894404166826,0.8344087602292752,0.256687414052727,1.3783828861926788,0.7023345659606024,0.2577731214589309,1.6220693290341002,0.6649450723009733,0.24102413739879253,1.5074097235928503,0.5499717550733348,0.401055786348564,1.2801079448618828,0.7065604585860333,0.4428043071967161,1.002614633135618,0.697967196285018,0.4278974205309905,0.7546676960520301,0.6253109159545579,0.3433981925590768,0.6478795947416252,0.5924326099388282,0.35971647850367594,0.6270706112896183,0.5719180258531164,0.38385399877952125,0.6148843327831098,0.6101115890285874,0.09123986833392181,1.2678202882284095,0.7250334168653592,0.06083005335703126,1.0108254528934513,0.7069129946503172,0.06506443246052176,0.7504609194947602,0.6765207317482471,0.1257240537168744,0.673666733617918,0.6062233364244958,0.09551116019823826,0.6423481550620654,0.619806166594262,0.06118331006476234,0.6352918410663052,0.6581678766552553,6.9491525423728815
0.33476064625980817,0.8009995080696157,0.658909251388031,0.33400177495566385,0.371840495786092,0.7321583340570261,0.32440501394430427,-0.09832503112841944,0.7650294652841577,0.33114499301108613,-0.06296897975673969,0.5775439963674925,0.3862598512047619,-0.08206174601370107,0.6231968252242798,0.3150609462658177,-0.19751302647742536,0.8400749018972786,0.14127035175132058,0.7897686533571067,0.6844244520336576,0.1352261988988045,0.32951777611667876,0.7845749078694695,0.1405194023195784,-0.10617565037765934,0.7922471006248213,0.15375858391599567,-0.07624824977018074,0.5983745394931241,0.11427233779955633,-0.0617154552260456,0.6077342883491957,0.1487851564715168,-0.17650885252807655,0.8357640053251789,0.2570219013184187,1.3787772122560695,0.7026343061707792,0.2567577755119238,1.623075345802656,0.6650157532423424,0.2406135646268654,1.509263995515826,0.5498440885959874,0.40097207672953006,1.2806001181924784,0.706671844664966,0.44307757674845116,1.0029975314892907,0.6969654008757986,0.42796969719234834,0.7541024367830789,0.6250357237451661,0.3441413562878133,0.6472684666628231,0.5922365401683489,0.36055774756055115,0.6265843569682162,0.574174310807645,0.3836457964058548,0.6148719305601921,0.6107030074664164,0.09050049267085461,1.2682879221868282,0.7221507455640164,0.06074839324627636,1.0110054786163658,0.7070441436925303,0.06456351168780589,0.7504068566714314,0.6762870587812135,0.12371395873127664,0.6737078362581624,0.6046741148882671,0.09059610294801171,0.639558819501023,0.6256289092567352,0.05733753467105736,0.6383646111291222,0.649626543653091,6.966101694915254
0.3357453174881055,0.802909703430071,0.6578807293377703,0.3341802011853762,0.3719262114739613,0.7319113626907715,0.32408074213603594,-0.09944092524465212,0.7665485796745759,0.33140405167128995,-0.06450105245772339,0.5802902161322572,0.3863201742275975,-0.08229799940240988,0.6235472019742465,0.31496509774960896,-0.19769078706840404,0.84013768862695,0.14135607362526378,0.7908136000289182,0.683531039077045,0.13547492725952878,0.33085442906633755,0.7825741138892313,0.14085498509087752,-0.10622445164272301,0.7922824844750243,0.15365369046732602,-0.07684705028966435,0.5985461713413903,0.11426058047457294,-0.06173440179676458,0.6077692525556313,0.14936953803946404,-0.17758193914465945,0.8372900107017932,0.25708810271173277,1.379181160762852,0.7028334932205353,0.25576912815837627,1.6240280874299111,0.6637559642224453,0.2405096903218238,1.51071199796945,0.549815743095361,0.40092433660194826,1.2808885328457027,0.7068504202639416,0.44314080864015354,1.003392422118984,0.6967813963465213,0.4277410814949961,0.7538422585763365,0.6247611051780342,0.3453901939090625,0.6457814289625509,0.5919834805358004,0.3623458079198473,0.6255254318019325,0.5760703562173968,0.38446252367245837,0.6146319769122557,0.612047535930708,0.08993565666015119,1.268649220641937,0.7199293700993019,0.06070191300727601,1.0107750619075007,0.7071790970827133,0.06385285738742066,0.7504597180310629,0.6758188097146125,0.12156515471486215,0.6733075398393513,0.6038860855606851,0.08574572557867242,0.6367975687383528,0.6311056565969804,0.05352447535832067,0.6410084995462932,0.6419582998558694,6.983050847457627
0.33669517602310745,0.8050200272800521,0.6567412697714173,0.33428017329198134,0.37206359388777566,0.7314201637849909,0.323746135642112,-0.10049206204285635,0.7681796970084218,0.3314682945499291,-0.06576795619687381,0.5823210113128076,0.3864154677886644,-0.08249896178422175,0.6238106981605108,0.31486584189851696,-0.19769422906182327,0.8402685528468116,0.14141369231709774,0.7918940784403719,0.6825252466853449,0.13572218006014036,0.3320575686584648,0.7803913770379262,0.14115902946095346,-0.10630100936333102,0.7922808672936527,0.1536615913014227,-0.07694518841631601,0.5985963100479712,0.11425647960996788,-0.061755287642113715,0.6077918714155431,0.15004162749766964,-0.17882571170168574,0.8389328550251315,0.2569909372231441,1.3796530720336644,0.7029948709860769,0.25492167206589733,1.6248082888019404,0.6614909827310836,0.24060766354515636,1.511735411121872,0.5499035995640953,0.4009035076865892,1.280968388225391,0.707051011132783,0.44289183458965553,1.0038102565414297,0.6974507124319897,0.4274633807285819,0.7540071630773478,0.6245490725467473,0.34685927935685495,0.6439760474081515,0.5917756157719909,0.36462856234141416,0.6239465334852147,0.577743580927199,0.3862176758158864,0.6137705071679066,0.614795877252848,0.08971879077579044,1.2687900749107541,0.7190371473713075,0.06063885352175688,1.0101518864720835,0.7070378321833399,0.06287033657909093,0.7507588671260368,0.6752149392688519,0.11954858048715668,0.672583407849881,0.6042068743889818,0.08130676561291511,0.6339232555702461,0.636076708946143,0.050043524894666666,0.64288644302877,0.6361015939916469,7.0
0.33757709443412437,0.8070831623001407,0.6554175960201227,0.33429781689214483,0.37217926106373356,0.7306988005266355,0.32344299397536713,-0.10127960454695746,0.7697034497503075,0.3314249429368722,-0.06668944183977572,0.5830173277067934,0.38654338233762364,-0.08261945098884117,0.6239240588727988,0.3147610286802739,-0.19752298634548834,0.8404827184860055,0.14142032825119097,0.7928714968631088,0.6812824182578741,0.13597458212889893,0.33286915152576185,0.7782497764201067,0.1414191051382333,-0.10639912221226519,0.792247259063543,0.15378083837666193,-0.07654000933126981,0.5986330702449554,0.11426693869554286,-0.0617645980757285,0.6077880692113681,0.15072574064540606,-0.1800161927020491,0.8405173638614941,0.25687540220949584,1.3802327762333837,0.7031868921620248,0.2542498817052516,1.6254203551935653,0.6588619953895116,0.24075478709709733,1.5124186536525244,0.5500921134679693,0.40086697689202133,1.2809164639275477,0.7072441190737324,0.44231589050882114,1.0042265612851637,0.698865293419686,0.4272226194577491,0.7546252207473283,0.6243535553278567,0.3483775805309469,0.6423754496179191,0.5917480883084432,0.367117872696616,0.6220186316354412,0.5790533601039568,0.38864438616579344,0.6121901362157636,0.6188830262377599,0.08991241561488819,1.2686644829432605,0.7197341763238961,0.06057428667511622,1.0093330725933451,0.7066532300675978,0.06157835486192793,0.751317771492229,0.674610771748337,0.11761253679195795,0.671614381977678,0.6059611434095677,0.07755008610820219,0.6307620775597103,0.6407108530206564,0.04710957504839376,0.6436127174666486,0.6326274797679244,7.016949152542373
0.33831669326978386,0.8089260931442921,0.6539331237264892,0.33424672257537624,0.37229598476354386,0.7298359046384383,0.32317318201495693,-0.10178299069727674,0.7709935834889139,0.331225110167214,-0.06731170142397191,0.5820096495179449,0.38667002184651,-0.08266357592742907,0.6239075927261077,0.31466359882755385,-0.19721931364015824,0.8407442676517709,0.14134620543760434,0.7937890779704456,0.6796798234990936,0.13622013746837147,0.33319976535013807,0.776315836325996,0.14162015189144161,-0.10648394866403973,0.7922085276871914,0.15397007041507638,-0.07581900388780466,0.5988212812813244,0.11428825500421011,-0.061757987673938794,0.607753496437732,0.1513274968805042,-0.1809250187391208,0.8418429868802856,0.256816098624429,1.3808885366287447,0.7034310545506501,0.253756685807157,1.625898538513542,0.656641083943853,0.24086426527598964,1.5127876864478405,0.5503547076005918,0.4007751081801373,1.2808399498024035,0.707417910201621,0.4415847757096306,1.0045817875515721,0.7006451780741859,0.42708274712738603,0.7554992730263177,0.6241945334937763,0.34991871802548624,0.6412922079166348,0.5919529478507646,0.3696835649634055,0.620105221666384,0.5794858540635415,0.39142546109181087,0.610124938434037,0.6237138698001439,0.09045351069454141,1.268308162525665,0.7218008704461494,0.06055333414958719,1.0085900158789352,0.7062019015593117,0.06006169935575455,0.7520287054866575,0.6741090559462746,0.11549896429347778,0.6703545171894516,0.6092337821677423,0.07461863983840883,0.62739110013719,0.6450897445703455,0.04485387213074893,0.6429799919604395,0.6314728849468394,7.033898305084746
0.3388525432137706,0.810496206939142,0.6524514876437778,0.3341489401881042,0.37244704284995545,0.7289656484007239,0.3229223751303214,-0.10212566698269744,0.7720307637170662,0.330882504860819,-0.06777699146673226,0.5796205214713805,0.38675615452967715,-0.08267406400771776,0.6238459756418765,0.3145966482232877,-0.19689977851216922,0.8409972067789223,0.14119444762809888,0.7947557742606483,0.6777966937645807,0.13645113165166572,0.3332069553228276,0.7746241803813008,0.1417487136071481,-0.10651716939130074,0.7921930901398428,0.15420402673664843,-0.07490982881484069,0.5990354108972928,0.11431067551142773,-0.06174419666443594,0.6077007726998342,0.15180008078676194,-0.1814686642779327,0.8427938259995177,0.2568044399453947,1.3815221859896103,0.7036922339985826,0.2534789848298152,1.6261993353575,0.6553628199441212,0.2409255387338103,1.5128365936559325,0.5506194311066891,0.4006257792115657,1.2807953910358854,0.7075655135814217,0.4410554529663817,1.0048110252998153,0.702137556051873,0.4271847274444441,0.7562230948162085,0.6241687352099826,0.35157941971047724,0.6408051358898166,0.5923025119519468,0.37216656760384564,0.618606106184452,0.5786054474441187,0.3942120018947313,0.6079415978394171,0.6285341455919962,0.09117339344213371,1.267828680623287,0.724601112556541,0.060603678068676836,1.0081191535350655,0.705841956823583,0.058471817059226654,0.7527768165140655,0.6737776140234468,0.11307118918467741,0.6687965560627999,0.6136305798386603,0.07243572242283713,0.6240600854345151,0.6491812469650671,0.04328590051480527,0.6412919099334092,0.6318389232951737,7.050847457627119
0.33918487351826127,0.8118678786187201,0.6512137684467901,0.3340128568989199,0.37260517464154574,0.7281349995363022,0.3227011587667064,-0.1024052679001469,0.7728454459033848,0.330508935862399,-0.06820144290834876,0.5765712950601082,0.38678393001217054,-0.0826987489341652,0.623824897615725,0.31457779965244353,-0.19666764528385933,0.8412067657903288,0.1410275563219671,0.7957677814761833,0.6760433824695442,0.13668922561943458,0.33309825629251344,0.7731753624400516,0.1417936216596202,-0.10648162114886425,0.7922117467712767,0.15448753993425723,-0.07376866014171382,0.5987684314799983,0.11432777428899332,-0.061757487649719334,0.607684597541219,0.15213859283594128,-0.18169606198618451,0.8433507059513599,0.25681032889264,1.3820311293086547,0.7039144915185911,0.25344205716331153,1.626276921514264,0.6550722635951429,0.24093788076254652,1.5126724966980007,0.5507449280612372,0.4005062152610914,1.2807773680997283,0.7076874575149823,0.44104281255791933,1.0048466201301443,0.7028276315757626,0.42763671359426425,0.7564277131070749,0.6243432544044704,0.3535340830182252,0.6408382785480722,0.5926740780664265,0.3743669385486321,0.6177685524542614,0.5764674809480288,0.39663848142474656,0.6059925948804876,0.6326095312784453,0.09186907127208876,1.2673590273275264,0.727351819723728,0.060709001396940715,1.0080182068814543,0.7056274502289134,0.05692839349671938,0.753473959561097,0.6736456350060246,0.11049052262075008,0.6670728553121174,0.6185158972035016,0.07076366288993428,0.6210080964164439,0.6528773681803601,0.04232046597702223,0.6392433603988973,0.6326059419603248,7.067796610169491
0.3393692325021594,0.8131553145590954,0.6504028218568789,0.33381022595844934,0.37273124868982205,0.7272254816882237,0.3225397473123365,-0.10262850225545915,0.7734694041070924,0.3301714109746525,-0.06846737481619727,0.5734302415518155,0.38675178605339844,-0.08275623950492422,0.6238786470931197,0.31461149808765404,-0.19657155668747744,0.8413699772518783,0.14092745371383886,0.7966792356911789,0.6749756011559626,0.13698167522047405,0.332959567678703,0.7719957130064165,0.14175319101842404,-0.10637811647580883,0.7922581113860296,0.15475335955288905,-0.0723895891364636,0.597609985442274,0.11433583716978488,-0.06186265314002984,0.6078079921427779,0.15235310255183104,-0.1817414966900787,0.8435597928416061,0.25681769560841805,1.3823585062250614,0.7040571933076474,0.2535721096258685,1.6262001239620405,0.6553459665660559,0.24089928224559412,1.5124995121400533,0.5506410117122198,0.40057592087044336,1.2807639269931588,0.707790941449301,0.4416273917786554,1.0045824162845756,0.7028036766549024,0.42838449077639396,0.756016066809683,0.6246836165429592,0.3558868196848749,0.6411790723859049,0.5931119581437272,0.37620796899400955,0.6176067649539086,0.5735777302031638,0.3983826097574289,0.6045716426900469,0.6353389423322615,0.09239068745531395,1.2669985126598018,0.7294634688457985,0.06082730379294467,1.0083139260948377,0.705524945059198,0.05549695196754329,0.7540198324521868,0.6736940898814537,0.10806012187294761,0.6653308094578166,0.6234479790184735,0.06940432353237327,0.6183468841618387,0.6560810527066125,0.041865198389421765,0.637423446011448,0.6330382056554813,7.084745762711864
0.3394983570518634,0.8144020175479564,0.6500644097436432,0.33352721924555667,0.37278475730714045,0.7261712798981023,0.3224581930001707,-0.102782119249713,0.773919212085107,0.32982656266897137,-0.06821407968501952,0.5706067146498195,0.3866648275205624,-0.08284101379384266,0.6240011002918198,0.31469329925352185,-0.19664580293765366,0.8414969776244376,0.14092778557116747,0.7973474886350984,0.6748891560859318,0.13736411002922205,0.33282319337401145,0.7711298122225886,0.14165203382849834,-0.10621317135669847,0.7923180211847891,0.1548170552768412,-0.07105190039666608,0.5957362685819322,0.11431875945285924,-0.06208122007035438,0.6081074668181466,0.1524637341781865,-0.1817962415059349,0.8435040647726516,0.2568229328269407,1.3825049773973908,0.70411403757905,0.2537305162187198,1.6261147844918649,0.6556221445247339,0.24085536395427815,1.5124547904371823,0.5504838369123451,0.4009504773204535,1.2807447359480302,0.7078804763603862,0.44271433200812516,1.0039509453844835,0.7025995291861604,0.42926172470797586,0.7551367130966764,0.6251293281345428,0.35855683892197365,0.6414455837865151,0.5938443782818476,0.3777870600398714,0.6179090758404202,0.5705058139216933,0.3992871283853709,0.6038605930191037,0.6364916907856887,0.09266993545998758,1.2667926346909146,0.7306555860802004,0.0609316455946651,1.0089307588643297,0.70549058909042,0.054255057734921924,0.7543057860145618,0.6739041601457152,0.10599128283735326,0.6636091403295974,0.6282474339811642,0.06828784296257902,0.6160445184311553,0.6589282657067193,0.0418359567011867,0.6359837956203669,0.6332076444123855,7.101694915254237
0.33969776599268725,0.8155563077911316,0.6501477598609309,0.33322420824303134,0.3726591141573459,0.7251671080173191,0.3224592286733374,-0.10289773178657233,0.774205059290826,0.3294185686615637,-0.06715345919758219,0.5684960723862367,0.3865422535588411,-0.08294789963870564,0.624179591709086,0.3148139632551606,-0.19690284433066996,0.8415898166681737,0.14100876377906416,0.7977809947893817,0.6756004820652276,0.13783343918948482,0.3327524916496887,0.7706350105592269,0.14154319124570247,-0.10599665715233196,0.7923846283589993,0.15455564694278937,-0.07019333316418443,0.5937567943818935,0.11424158204588175,-0.062256710823981404,0.608353511377638,0.15250103061959902,-0.18201703839882716,0.8432407706243977,0.2568273266367449,1.3824954910024003,0.704106102575141,0.25382399955390467,1.6261123246307523,0.6555954326249798,0.24089683786222377,1.5125376863022488,0.5507006129004337,0.4016198846062803,1.2807213422481156,0.7079574835080785,0.4441280122907304,1.0030542310914767,0.7026625219997463,0.43016217535688395,0.7540224368534171,0.6256980702043382,0.36132991365700495,0.6412325589502731,0.5950544125702767,0.37919644665466967,0.6183600304011709,0.5676598758807182,0.39946430480834044,0.6038244429980145,0.6364167432270211,0.09271937972338885,1.2667345817798845,0.7309548857834842,0.06102127972213267,1.0096639038174438,0.7054983295860293,0.05337060460900071,0.7542575178130967,0.674350491196597,0.1044182485965689,0.6619410399815986,0.6325700199423137,0.0674706552671302,0.6141211546808303,0.6616501233034406,0.04211760671047171,0.634765694448773,0.633841149257746,7.11864406779661
0.3400722713764599,0.8165214761904636,0.6505909322871991,0.33300371703403153,0.3722056357946315,0.7245284421582264,0.3225393890030715,-0.10303149287264055,0.7743380170887584,0.3290272887823846,-0.06541477188084481,0.5674584937844452,0.3864293088128467,-0.08307382624523033,0.6243967435002521,0.31496047569654934,-0.19728706671550528,0.8416483505974812,0.1411497779282465,0.7980867731347018,0.6767003996139775,0.13835860289950272,0.33278010295104216,0.7705601530426989,0.1414728293720811,-0.10574279386260717,0.7924670967856358,0.1540718954676738,-0.0698654027397,0.5919909168740561,0.11409333670051211,-0.062076785302192614,0.6080873565757778,0.15248118254208698,-0.18238033625975145,0.8427333588716289,0.2568332117329589,1.382331875607765,0.7040538795567092,0.25383538377373777,1.62616549838123,0.6553417291413929,0.24109827912902634,1.5126435609254152,0.5516278600390231,0.4024760934677888,1.2806993574899552,0.7080266018284279,0.44562642080158804,1.0021318552143585,0.7030907827184404,0.43112609313784855,0.7529131173567741,0.6263838474105208,0.3639031622661575,0.6404099939683385,0.596739113752408,0.3803235407808665,0.6186995253253399,0.5654998880271057,0.39922445626743674,0.6041793259320988,0.6358402576909075,0.09263242066130248,1.266767124789498,0.7306987886448426,0.06110008351466173,1.0102580233407912,0.7055285263353956,0.053022972396148144,0.7538881695782909,0.6751692088186171,0.10357028111261618,0.6605645766547239,0.6355972992795788,0.06716124479213142,0.6128441753123203,0.664283351700069,0.04260090271749034,0.633641054495536,0.6358192687918452,7.135593220338983
0.3406399897931594,0.817214846867402,0.6513475721526392,0.3329779836711124,0.3713387660633256,0.7245161922911502,0.3226972977160711,-0.103172335253408,0.7743160815063154,0.3288735985887239,-0.06352188041608073,0.5677168974369521,0.38639927475249664,-0.08321102883888887,0.6246249614750065,0.3151208021638557,-0.1976845287277676,0.8417021797919519,0.14136114272223888,0.7982874875980676,0.6779918384458161,0.1389053586213551,0.3328497162901354,0.7709192259609146,0.14144631354680673,-0.10546621895181237,0.7925805037572348,0.15360494230891605,-0.06947959983006764,0.5900916050526239,0.11396133470904876,-0.06130006936537909,0.6069547037340767,0.1523993686899235,-0.1826367843284448,0.8419383184533591,0.2568382834900501,1.3819981387208482,0.7039545777637801,0.253783899039763,1.6261502334618825,0.6552334125604469,0.24150668919541723,1.5125832427671362,0.5532149610211111,0.40337722954081767,1.2806814931353518,0.7080979842590085,0.4469522276711321,1.001442382395782,0.7035800209884916,0.4322629626759942,0.7520692058905678,0.6269290040490099,0.36584119318438024,0.6392359320416504,0.5987724728154066,0.38085962450014454,0.6187694678475014,0.5646596652275191,0.3988840331330503,0.6045820412339907,0.6353043060643848,0.09252838380354673,1.2668176087574348,0.7303358013136416,0.06115896377976512,1.010568316534597,0.705559866894666,0.05314434767707413,0.7533937761470375,0.6762111893297758,0.10376007543379431,0.6599371527286462,0.6364965592527465,0.06760148577677068,0.6126831031383292,0.6666082403754829,0.043247541551940674,0.6326900373895974,0.6395090511870388,7.152542372881356
0.3413824416355786,0.817615403459535,0.6523672353290276,0.3332489450923198,0.3701112438172771,0.7253007251345144,0.3229333760059981,-0.10319633094136726,0.7741056236429724,0.32907571534672503,-0.061934594555197967,0.5690279233103958,0.3865189020589436,-0.08334590401477535,0.6248315030451653,0.31529126717160266,-0.1979890719832523,0.8418049113501632,0.14167731874707745,0.7983172790912673,0.6795301376536933,0.13944630137751698,0.33288195337488546,0.7716856721715564,0.14144376250287788,-0.10518087788156638,0.792735782742916,0.15334304257382322,-0.06832844550092305,0.5875621711703196,0.11402468500255916,-0.05989342369262171,0.6048979606284218,0.15227153090384904,-0.18249916571196556,0.840962390396921,0.2568260698097654,1.3815132719405565,0.7037710886854517,0.25371305556686574,1.6259422048256973,0.6557184571163053,0.24216081144161233,1.5121298263707197,0.5550606044362713,0.4041856673838202,1.2806654974627076,0.7081854252833757,0.44791438944998424,1.0011969820974518,0.7035027196517936,0.4336463988331928,0.7517307691482848,0.6268995677902205,0.3666733616072446,0.6381726684848131,0.600976718041438,0.3805194191746746,0.6184548024020428,0.5656023819122524,0.39867089446252735,0.6048433161647148,0.635026226657745,0.09247281152698685,1.2668464511689035,0.7301230565014956,0.06118126511347997,1.0106805728622539,0.7055525285407089,0.05327666864238781,0.7532011928111488,0.6766726196264926,0.10509135705749867,0.6604673212982946,0.6351776558839742,0.06883831277727148,0.6142392745364873,0.6677648693165144,0.044048979050733024,0.6321338095295841,0.6441253341028236,7.169491525423729
0.34233811396553987,0.8177710190044316,0.6535745112009612,0.3338065161774869,0.36874736847875966,0.7268301175128079,0.3232434188700857,-0.10293966857119176,0.7736372264028951,0.32940243936771896,-0.06059367023116109,0.5704220128781594,0.3867473114211606,-0.083452538103503,0.6249762107340784,0.3154775370994438,-0.1981455291456417,0.8419905181941032,0.1421409546289786,0.7981646643368561,0.6813388654576081,0.1399563215739205,0.33286655761143896,0.7727988980044657,0.1414535814368464,-0.10490366563296756,0.7929418097205213,0.1533469693452246,-0.06613706902238208,0.5843149707512186,0.11443771613934389,-0.057964689502163644,0.6020539734440514,0.15214395626140806,-0.18188404347962905,0.839986554081683,0.2567666080039005,1.3809535943915456,0.7034353588787574,0.2537088876899023,1.6255564166440966,0.6569809966048525,0.24309286665366353,1.5111495267595056,0.556733661302417,0.40477873545713017,1.2806504362207978,0.7082878104254138,0.4484905815191136,1.0015021859782485,0.7022897679807805,0.43529774242637553,0.7519690862403616,0.6260904226049138,0.36613919711246823,0.6376232016204492,0.6031175972815205,0.37928137779952353,0.6176743490445068,0.5683205197028892,0.39873075022322757,0.6048392820043755,0.635370900425885,0.09246538533248132,1.2668494730018383,0.7300769244689771,0.06116016860102483,1.0108622473283289,0.7054408052544401,0.05280900783663442,0.7537972205817451,0.675377491541512,0.1071987872457732,0.6622204205416686,0.6323236321897209,0.07066060642245472,0.6181593174637847,0.6658399525800895,0.04492210387227706,0.6322069475429932,0.6477542485743181,7.186440677966102
0.3435683141924694,0.8177453282385957,0.6548644415758433,0.33447176466702594,0.3675903263592255,0.7287210879004977,0.32361138826810065,-0.10229441506543094,0.7728139130504977,0.3294665976767469,-0.05912343667351831,0.5707439845629925,0.38686208356448915,-0.08350299310154966,0.625026396417308,0.31568416857711545,-0.19812984632755953,0.8422578179393517,0.14277949543598745,0.7978476552936762,0.683353691980552,0.1404099563997418,0.33285463059636466,0.7741878802734989,0.14147831468666458,-0.10465203593804195,0.7932051376357098,0.15358733909246283,-0.06309178711709451,0.5806455512369575,0.11521671628608997,-0.05572177464963049,0.5987155067995124,0.15205731442489515,-0.18090062929031203,0.8390753174031508,0.25665510743967196,1.3803975498216694,0.7029336473041856,0.25386292686062867,1.6251536050415376,0.658845915241774,0.2443474831474582,1.509701068814434,0.5580551303240906,0.4050665084531321,1.2806486938532924,0.7083583147540327,0.44887459448054434,1.0023652981056017,0.6996980159530757,0.43722049967208565,0.7526338683618975,0.624659409760682,0.3643460441365304,0.6377393633903988,0.6049338055731727,0.3774460059225065,0.616476395640825,0.572430375316813,0.3991225144405124,0.6043931387850099,0.6366840120973662,0.09246752040092561,1.2668302828876294,0.7300966207078248,0.061109425871166426,1.0113280910075584,0.7051715054854151,0.05135208323988719,0.7554358840802401,0.6715763315086607,0.10928290561162501,0.6649523890791461,0.6285371471212906,0.07265774305406228,0.6247852402480125,0.6585940126196497,0.04570361285180865,0.6331213683041159,0.6482064710472202,7.203389830508475
0.3450475940645402,0.8175857929292655,0.6562049186298133,0.33501869388187394,0.36689893922111083,0.7304305140083648,0.32401222419449943,-0.10126134737983467,0.7715752265181703,0.32913966680445755,-0.05750182467863782,0.5696374309134288,0.3866006370756941,-0.08350151881469747,0.6249963334429772,0.31589805946557015,-0.19793254945071914,0.8425808180949654,0.14359122960813941,0.7973655903671082,0.6855615506662804,0.1407876444145039,0.33289181768205833,0.7758099669036848,0.14152218663310073,-0.10443403833527778,0.7935209068678445,0.15400765345174702,-0.05976188721668743,0.5771390188896021,0.11618830409886573,-0.0535875769050044,0.5955274605029748,0.15202450094026443,-0.17966787074743415,0.8381804409504339,0.2565718497083255,1.3798397910525193,0.7024628826279288,0.25417396056128194,1.6248387335098935,0.6610842418707641,0.24593190744046167,1.507951635840624,0.559024686750416,0.4050453138342941,1.2806864292680549,0.7083179761452657,0.4493042421729577,1.0038132398828434,0.6955743122986939,0.4393788224079135,0.7535380932826514,0.6227615350099871,0.36175514729738834,0.6383348123060972,0.606303193238148,0.3754984902011934,0.6151270790574894,0.5771689659838073,0.39982516222223363,0.6035586812525168,0.6381181155232761,0.09241654930388364,1.2667892753202505,0.7300358179676508,0.06105839942136779,1.0120509759763487,0.7047656234299536,0.0489038382013396,0.7580800265617076,0.6653471954220732,0.11023295990352103,0.6684265605900732,0.6235839489430897,0.07426532383210008,0.6337370720667111,0.6450601986391241,0.04626544599573224,0.6350297895772767,0.64404827097512,7.220338983050848
0.34663344288885817,0.8173485169554271,0.6577548423825867,0.33534583436293836,0.36662186548435294,0.7316164104597855,0.32442519597036684,-0.09997860674780472,0.770041723237936,0.32859078727903124,-0.0562773823645879,0.56788569560727,0.3859023285774208,-0.08349813390693943,0.6249625554658766,0.3160806769715429,-0.19760689952263505,0.8429226064936166,0.14456625941575418,0.7968568246216996,0.6879655993066309,0.14108801935829288,0.33302683339704436,0.777653162014972,0.1415825977046214,-0.10424332068858323,0.7938683852237455,0.1545208206440237,-0.05697508695942889,0.5746926755947582,0.11703933153045558,-0.05220560159602218,0.5934875892699275,0.15202163339083974,-0.1782260672025666,0.8372547386044095,0.25666438922033263,1.3792009593531762,0.7024095031974965,0.2545410080401941,1.6245053718996554,0.663679836758347,0.2477065572855014,1.5060347459773529,0.5596230513938916,0.4048319616078304,1.2807846246119432,0.7081222672707426,0.44984499526584304,1.005901709884145,0.6897489819070213,0.4416057870887041,0.7546012339010622,0.62028594942497,0.35901181429391626,0.6389811953937188,0.607232032991007,0.37394772659003894,0.6141203334316829,0.581095239814062,0.40077264115176336,0.6029617410273413,0.6372461297013066,0.0922898610290319,1.2667337984219085,0.7298296950761036,0.06103683475679682,1.0128576507592573,0.704339182967296,0.04581942520527199,0.7616450116230227,0.6572577745060263,0.10878146302088339,0.6725431100002456,0.6167110679210057,0.07477926082646594,0.6438425510420833,0.6264478332947729,0.046561908927337456,0.6379396867522172,0.6351425876502315,7.237288135593221
0.3481395350679493,0.8171108436750804,0.6597543545453106,0.3355510831298531,0.3664045391033618,0.7324611304258444,0.3248391675744207,-0.0986816209315921,0.7685537947134194,0.32806426051645676,-0.056085488536473146,0.5669504866304961,0.38492215635203775,-0.08355788189204419,0.6250247961220299,0.3161825138417861,-0.19727047152353233,0.8432467849526295,0.14570842619670676,0.7966663526088823,0.6904672646644282,0.14134718570855392,0.3334125867587088,0.7796649676199845,0.14165090935412453,-0.10406625122836564,0.7942194632131331,0.15495000398316477,-0.0554880894698557,0.5742720419841391,0.11747019753569286,-0.05214666174229296,0.5934756627169596,0.15200418684873782,-0.1765699921857369,0.8362921451506735,0.25703578455639975,1.3784367565507276,0.7030718412962302,0.25487265480529964,1.6239624070236225,0.666705885438924,0.24943064179320523,1.5040715107062457,0.5598796093622349,0.4045925697079307,1.2809417332315318,0.7077929518747526,0.45039334225629435,1.0085553592937575,0.682408217274385,0.4436088726418378,0.7557398386339188,0.6170900616648254,0.35675513554613136,0.6393488291639318,0.6072164016106593,0.3732878348872287,0.613993283385227,0.582282112110244,0.40185350093591554,0.6035957147321425,0.6314298572974435,0.09222176578566613,1.2666939108185888,0.7296993088375802,0.06106395329584546,1.0136653183911377,0.7040539447152538,0.04259897551898846,0.7661285847585589,0.6478147088314264,0.10398575654342881,0.6771078958207706,0.6076589831320242,0.07335130458749377,0.6536459344214897,0.6052376369155292,0.0464245437913034,0.6416635544407016,0.6225223430325469,7.254237288135593
0.3494365388857457,0.8169366385264798,0.6623139401024555,0.3358853747150517,0.3658388118338686,0.7336514166305709,0.32525021365469325,-0.09756698237867822,0.7674477187287397,0.3277548197932413,-0.05714642245223027,0.5681397539699148,0.383862980932964,-0.08371637109547225,0.6252380972986018,0.31618201296578313,-0.19696569165460284,0.8435206805595353,0.14701086384180292,0.7971317690683839,0.6929043553255153,0.14163720842044575,0.3342775115413382,0.7816602986780246,0.1417181857554927,-0.10389213785275916,0.7945495939516287,0.1550996541326879,-0.05579597415225358,0.576482139236274,0.11727426701530239,-0.05365721700038663,0.5958541946958527,0.15195937836240367,-0.17470256014753333,0.8353097279437799,0.2576763829785324,1.3775718866407753,0.704457374033935,0.255131964261759,1.6231481647088977,0.6700203557696263,0.2509156192575714,1.502247002023486,0.5600314099185268,0.40442614061346926,1.2811306965142768,0.7073867660894937,0.4507940118574247,1.011537347692939,0.6741515234861584,0.4451258065843724,0.7568475158409181,0.6132341629374334,0.355515683648836,0.6396300557409128,0.6044533484530568,0.3740034233872758,0.6150115488496176,0.5792074309505376,0.40290603039264544,0.6062138954711734,0.6195077419051485,0.09247889980123138,1.2667167028917703,0.7300908251649254,0.06114960313938127,1.0145273040424,0.7039958818656242,0.039600857310624314,0.7714084021947649,0.6374338240312472,0.0958046247925484,0.6816736949531301,0.5970062311414672,0.06912192672325575,0.6622734234996374,0.5832545645154565,0.045425598794165,0.6458968875925423,0.6078659457734945,7.271186440677966
0.3505220892829794,0.8168223057687656,0.665342047360177,0.3365853796483273,0.3646876598867775,0.7358625861155452,0.3256626289115359,-0.09669426917661679,0.7668307006517061,0.3277692626994039,-0.05931873867108842,0.5718829438347318,0.3828872945301981,-0.08395666555585611,0.6255631570743918,0.31611217359160365,-0.19658195318390081,0.8437265764806466,0.1484113960798365,0.7983067851214136,0.6951816240141402,0.14200074201940366,0.3356194604938064,0.7833728307400681,0.14177927346640107,-0.10371789201058337,0.7948422005257608,0.15495410855677144,-0.05802803470987172,0.5812129928302164,0.11632243969933966,-0.056660907880876826,0.6004701633936064,0.15193208890908447,-0.17266480798120232,0.8343343764101312,0.25849728186858134,1.3766339729536703,0.706341035584254,0.25530996266012285,1.6221328612383044,0.6732786718453319,0.25205665125607996,1.5007573840617683,0.5603954570541956,0.40434441713674646,1.2812987752444507,0.7069739627581024,0.45092443035919094,1.0145971231888993,0.6655293122763002,0.445986939938876,0.7580041739946201,0.6088038623105096,0.3554626355603821,0.6406435143819567,0.5961729051564074,0.3763356592894806,0.6171510155279245,0.5713789563391334,0.4037939373040892,0.6109385954180077,0.6021965413415736,0.09325059500104957,1.266832431854041,0.731301860386246,0.06129793492215731,1.0155193142914678,0.7040241796045674,0.03699447287672675,0.7770608437757403,0.6269569308479628,0.08522021877102978,0.6858279608574152,0.5852976746533431,0.06163290166837117,0.6698360233637161,0.5609974561064263,0.04329094313363324,0.6504557521377518,0.592803130286498,7.288135593220339
0.3515375789210274,0.816695295236431,0.668593140175041,0.33768232063749826,0.3629527355959842,0.7391934371693161,0.32608101136608664,-0.09603703680018283,0.7666345594177456,0.32813675199130987,-0.06239993484194528,0.5776621701410133,0.3821309438485635,-0.08420923007071701,0.6258702801966625,0.31602783882912827,-0.19599616172921858,0.8438678350179409,0.1497931849217558,0.7999058165535031,0.6973563393724902,0.1423813378186288,0.3370684477696193,0.7846594407932163,0.14183249496893488,-0.1035476282631794,0.7950881273309728,0.15469680644480852,-0.06168232615625224,0.587441004458906,0.11463598940847289,-0.060835904768809845,0.6067907581963204,0.15197479745709386,-0.1705400675339857,0.8334119214185615,0.25938383902640294,1.3756482094490294,0.7084168604504512,0.2554364058639892,1.6209923510222035,0.6763163718371028,0.25278410044742095,1.499686800030499,0.5610678728645695,0.4043356619679588,1.2813750452198533,0.7066452659654514,0.4507463691393694,1.0175546864044265,0.6568602266876384,0.4459347155465904,0.7595358342428683,0.6035307424595344,0.35607236801825976,0.6433980767730848,0.5803190675236306,0.37982029973674913,0.6204373754755549,0.5589722887451409,0.4045096545486223,0.6172683248078737,0.5813203884284398,0.09451671802322383,1.2670308567611421,0.7332686964697277,0.061503372954542,1.01674878899838,0.7037968618180311,0.034836094401701836,0.7825455608996852,0.6177019810315438,0.0738545511176045,0.6896169880789651,0.5721850966068605,0.05130636805633629,0.6769450020939377,0.5387238531196252,0.04030388557169779,0.6553752493907173,0.5782945006968255,7.305084745762712
0.352682815307862,0.8164745256363923,0.6717986012090024,0.338992154649957,0.36082816868592604,0.7431646807385233,0.32649656815957,-0.09557884728148303,0.7667873741431726,0.3288265730197743,-0.06608870655014445,0.584442916598479,0.3817133145069288,-0.08438674955241504,0.6260640008164537,0.3159524503192131,-0.19521649885531037,0.8439487257002732,0.15103440529460976,0.8015556192919754,0.6996331579082294,0.14264785768329677,0.3382876888181776,0.7855626760557171,0.1418771513014682,-0.10338941569812955,0.795282870708814,0.1545157845497534,-0.06572620623663702,0.5935716365948722,0.11251839184382159,-0.06559916872312076,0.6139135220440999,0.15208605598748098,-0.16842947868782537,0.8326145219439662,0.2602183017760058,1.3746992238122024,0.7103845441858412,0.25557912903057195,1.619770364767873,0.6793047380933113,0.2530783049845293,1.4989634974130293,0.5618323949401389,0.40439808896461854,1.2813174334909831,0.7065021511959251,0.45028628102526685,1.0202869180577963,0.6485317621476054,0.4444328028507727,0.7619196268160615,0.5965749559169541,0.356347680860597,0.6485923655228485,0.5569926531482516,0.3832542723623462,0.6252631419210745,0.5417858261113534,0.40510527646928063,0.624376916456284,0.5588977917629625,0.09610914819000543,1.2672672520176083,0.7356982968260605,0.06174231907903607,1.0184458383951878,0.703019822850648,0.03295082981091875,0.7876600655560116,0.6103798320535689,0.06338270467575362,0.6935936609928497,0.5569003648990702,0.03950779205919559,0.6840974219605634,0.5171143735422148,0.03697938265785694,0.6607357208009232,0.5642751691548146,7.322033898305085
0.35401796978045297,0.8161038755971688,0.6748167612453178,0.34029297205817016,0.35852358038562215,0.7472025516829055,0.3268881773557737,-0.0953280016053292,0.7672748596903425,0.3296962057977043,-0.0697538947901508,0.591037157723055,0.38168793340371526,-0.08446155383915552,0.626257486989265,0.31587316236193624,-0.19433659417923316,0.8439640960584406,0.15205404441148623,0.8029545287335143,0.7022423335893172,0.14268791242575118,0.33926039425747845,0.7861780197784906,0.14191213340650888,-0.10325193539747866,0.7954221153285427,0.15447791903258662,-0.06918774069747681,0.5982299011868678,0.11053725569811705,-0.07000559789579493,0.6204371253038764,0.1522222911243137,-0.16641981667072198,0.8320076094390852,0.26088729805053607,1.373930652566629,0.7119653498167708,0.2558123675641004,1.6185464474451217,0.6824013298877594,0.2530108703715478,1.4984561182921823,0.5623513294127431,0.4045155144197895,1.2811844259880456,0.7066129504374845,0.4496078026849335,1.022711787251128,0.6412351150632833,0.440847220546826,0.7657581867129721,0.586925262322214,0.3554656272299349,0.6567186591816689,0.5282476628556508,0.3854095329661172,0.6323671654689825,0.5189655697375597,0.40538985679171535,0.6316475030433412,0.5365093261359872,0.09781589522469979,1.2674795415239957,0.7382619747867217,0.06196892948061911,1.0209044723422702,0.7015983236807388,0.030955830493368842,0.7928969033084152,0.6039869025796676,0.055000703323093744,0.6986500273951053,0.5392344553574879,0.02809195083947385,0.6917016461759793,0.4963858959093137,0.03367523021196497,0.6666780973804939,0.5495437348087302,7.338983050847458
0.3553329278852749,0.8155176768984435,0.6776794882139932,0.34147031687175816,0.3560541548071994,0.7509999833362434,0.3272380076536972,-0.09526131462929287,0.7680963016593709,0.33047777290680813,-0.07261885080167314,0.5964321089428963,0.38195111539861293,-0.0845092633433996,0.6267000268172717,0.3157714362466629,-0.19342644228974315,0.8439158939478083,0.15282329520532154,0.803729559761548,0.7052762167131397,0.1424836246223884,0.33999955626295647,0.786576545803101,0.14193631976910825,-0.10314368609920352,0.7954978575139728,0.15455424361193976,-0.07149734403134836,0.6006924241905462,0.10927507083880275,-0.07293622069663742,0.6247330891416227,0.15235263286221112,-0.16458239554707182,0.8316081737837351,0.2612994428338572,1.3734683096677498,0.7129352508854259,0.2561943257702411,1.6174877551830835,0.6853951564688485,0.2527563303546414,1.4981173937813927,0.5624560636739553,0.40463487845475354,1.2811329306173223,0.7069472810624916,0.4488738681123285,1.0247700918688518,0.6358170629585158,0.4349508071224484,0.7716994543216025,0.5742182727529912,0.3530152640591704,0.6684227273528803,0.4967236317020405,0.3855980819011772,0.6425033082060314,0.49028921366711475,0.40484606757138025,0.6391137288594833,0.5148561550744762,0.09942197138572784,1.2676228423210354,0.740654353162906,0.06212740441395918,1.0242722773724338,0.6995872338730242,0.028782650351279596,0.7993127664214069,0.5961817609611928,0.04920176052829878,0.7060287531084442,0.5194663034009007,0.01889918995105801,0.7004093701351407,0.47546619487475045,0.03090292364310341,0.6737290500783909,0.5321558509050549,7.3559322033898304
0.35629223013841266,0.8145760873527079,0.6804942385649294,0.34253116418404167,0.35324775657804447,0.7545012679241776,0.32755071908476535,-0.09526543718407324,0.7691798726392466,0.3309265371060178,-0.07434746676600726,0.6001898345131556,0.3822461658325672,-0.08468873211722591,0.6275598232517483,0.3156451205851894,-0.1925303775564096,0.8438189081281368,0.15336445147049044,0.8034836860796644,0.7086228605731268,0.14210560891476698,0.3403196339742396,0.7868264509034145,0.1419489835064372,-0.10307390825899054,0.7955015903498815,0.15468064815071939,-0.07252100628116015,0.6009645026410636,0.1090347119685433,-0.07365796260768959,0.6257648475113231,0.15248625832984555,-0.1629969795546065,0.8313928976536336,0.2614236150562529,1.3733299326637667,0.7132382541513608,0.2567080377852036,1.6167743182258123,0.6878432919089654,0.2525505503134363,1.4979943069551265,0.5622442493042499,0.4046894013948699,1.281315236810767,0.7073453023472906,0.44830718300603867,1.0264356603083467,0.6328099790962944,0.42717156738581746,0.7803160661143721,0.558907936161264,0.3488118437955341,0.684283300629854,0.4645568452944825,0.38343263080480144,0.656261795171216,0.4570733925478272,0.40312288118973544,0.6475515259459595,0.4935212769435581,0.10070782847038563,1.267719788542679,0.7425587013739475,0.06218120900666302,1.0283903691662106,0.6971854541953305,0.027060089535091217,0.8078865342371219,0.5849232425352585,0.046024448526900935,0.7172170937302935,0.49747456945434254,0.013511407551620211,0.7110832884648729,0.452826685573093,0.029705004864034726,0.6828088605903062,0.5104413570259672,7.372881355932203
0.35670622586740486,0.813064248442618,0.6832639716221979,0.34353847752960726,0.3499594142409078,0.7577216825895573,0.3278559055745176,-0.09516326200419471,0.7703414155449687,0.33097970162657797,-0.07532981059263087,0.6026502583807501,0.38236424004892644,-0.08524737641510804,0.629000964285471,0.3155049910724799,-0.19170115689018552,0.8436833100175006,0.15374783857936614,0.8021148349877179,0.7120013072250302,0.14163354610375184,0.3399869609105576,0.7870388111104769,0.14194922562093318,-0.10304792175854711,0.7954341705747806,0.15479668876131092,-0.07260208303843338,0.5998313250452452,0.10972511916540169,-0.07221594473411204,0.6236668839557555,0.1526479541189635,-0.16173029530894034,0.8312983964389381,0.26131201012464533,1.373387341171616,0.7130548786262623,0.25720825254743906,1.6164794947264804,0.6894966912419775,0.2525888690828528,1.4980632472560167,0.5619248276368557,0.4046479929765321,1.281793053243763,0.7075921900285507,0.4479335332679899,1.0277813509321623,0.6319854405535575,0.4183112522459604,0.7920583598723389,0.5415956840177706,0.34289074617925763,0.7043030727787724,0.43329878660058907,0.3785745439243079,0.67414555684739,0.42118272136871215,0.40035028939833867,0.6583622920354943,0.47107328198351817,0.10148214906154757,1.2678534291287353,0.7436827182076131,0.062128997414674245,1.0328733539443204,0.6948220886733714,0.02673980699083505,0.8189557909286191,0.5699034431513123,0.04538072657379016,0.7333125671280499,0.47257017369491194,0.013023206201391281,0.7243748803006871,0.4283115445372487,0.03120790202198947,0.6945929096119546,0.4841306917326247,7.389830508474576
0.35660171344182134,0.8108710683548491,0.685753113808537,0.3445337271482465,0.3462528948569523,0.7606322753485003,0.328176590802672,-0.09485213670446149,0.7713880559098493,0.330742941400084,-0.07635306407336638,0.6047623542579094,0.38231218446304405,-0.08648121944044289,0.6313113751959036,0.3153544382911839,-0.19094611740295822,0.8434998537643184,0.15404770606919133,0.799946106601473,0.7150417569550857,0.1411013128215162,0.33890083648388675,0.7873746630405832,0.14193540294065426,-0.10305227682870087,0.7953137956263964,0.15486337648155796,-0.07229139337599115,0.5984301190493914,0.11096527848162233,-0.06932641859351883,0.6195610185053249,0.15283568204386883,-0.1607510323977891,0.831190036002877,0.26107118296123244,1.37345555031415,0.7126482256136109,0.257528294811325,1.6165861468501252,0.6905024556026411,0.25297246655318906,1.4981410202582903,0.561767260780951,0.40454494241447325,1.2825247149618528,0.7076063419097092,0.44743064913219777,1.0289795928325722,0.6324820169889142,0.40913035707709133,0.8070457131286288,0.5226193557807642,0.33571328286182645,0.7279360794844919,0.404162052304567,0.3710873651530024,0.6965136570585259,0.3840815932654863,0.39651564104592696,0.6733103304172566,0.4456185735941131,0.10169875948608698,1.2681039002456773,0.7439650011149614,0.06199325467197482,1.0373522691036925,0.6930774164062576,0.028433017243705498,0.8322039241142929,0.5524955640390263,0.04702879373108568,0.7542002030880038,0.4447998066755679,0.017647323334437495,0.7404721311363207,0.4037154320200945,0.03576020319671504,0.7089475943945718,0.4547246082636999,7.406779661016949
0.3561069892049288,0.8082027627433666,0.6875747322724934,0.34551213718227747,0.3424195732951769,0.7631982543490481,0.32849843189404404,-0.09441638782949613,0.7722651779642774,0.3303987564985184,-0.07803425972291057,0.607532984034277,0.3822140520835373,-0.08853220486556482,0.63464258263227,0.31518470171366697,-0.19019721770017933,0.8432391093913607,0.15428759966416505,0.7975644926207187,0.7174347810813215,0.14051610921535956,0.33720149005839983,0.7879595546322342,0.141906293707776,-0.1030492535885819,0.7951722237720515,0.1548634733433855,-0.07188972616659524,0.5974666535885255,0.112279307805625,-0.06600078803412232,0.6149614377932207,0.15302698058688258,-0.15991687614591654,0.8309304981433134,0.26084979845364187,1.3734438178671244,0.7122081210388302,0.2576583547171326,1.6170909206984956,0.6912790379958833,0.25371345740098794,1.4980557894727036,0.5621411258881569,0.4044577691499892,1.283371090702156,0.70760954427431,0.4463398681289008,1.0301908656792613,0.6333804197944244,0.40015116761070413,0.8247974567403532,0.5023775634151002,0.32811572280719004,0.7544618956434,0.37759440940152356,0.36170990403068604,0.723322225698428,0.34743488167141645,0.39084095613432024,0.6939178050984608,0.41589103127697125,0.10154182459223815,1.2685375063989985,0.7437264913450397,0.06180872913674587,1.0416149802744634,0.6923163858404848,0.0321053218006305,0.8469010926323475,0.5343867519580829,0.05050112046337778,0.7783854934285959,0.4161968216051811,0.0265534679569098,0.75928302724711,0.38094865884123696,0.04272843573094062,0.725354443817704,0.4245938460176303,7.423728813559322
0.35536032105722515,0.805477913755223,0.6885812713992795,0.3464605561316142,0.3388154952797759,0.7654886204041211,0.32879051137273374,-0.09405608407584101,0.7730449772982223,0.33013456963419374,-0.08048036569438133,0.6113705624439405,0.3821446555197088,-0.09122901858203056,0.6387191375208849,0.3149927707624552,-0.18939900276973812,0.842868377624445,0.15446506499106719,0.7954684436470036,0.7190999606445244,0.13990550617550612,0.33524547628409296,0.7888481977035687,0.1418635084418597,-0.10300271771601148,0.7950347191081628,0.15479492701071018,-0.07145816435554392,0.597020174741703,0.11319709363472369,-0.063314947994839,0.6114315189207584,0.15321969805144753,-0.15909011432663706,0.8305052420117921,0.26086211484473554,1.373400864920948,0.7119867864133983,0.25773597283834676,1.6180006815968855,0.692238390530451,0.2547167868958856,1.4978355806608163,0.5633386724885154,0.40445157134933835,1.2841251276384198,0.7080263477596296,0.4444333143501953,1.0315285784737882,0.6339570267426453,0.39156879785236165,0.8445022329357357,0.4815935895667275,0.32071861370079147,0.7831991693129243,0.3527377504286171,0.3514280220810394,0.7538990112428648,0.3135576806471131,0.3823999216712688,0.7206137221347829,0.38253904619164414,0.10129802576218232,1.2692325120830263,0.7434390062935765,0.06161940395786939,1.0455564777149309,0.6923381291120214,0.03730455358600499,0.8621388294825334,0.5164970912678281,0.05533315065603374,0.8040357947292066,0.38973244681393665,0.03825928976164654,0.7806323079387479,0.35989204706350814,0.05128046602998115,0.7438414656883292,0.39563408896250685,7.440677966101695
0.3544740055565659,0.8029889820789919,0.6891611572878283,0.34739957932493126,0.3356396522991129,0.7676934442362072,0.32905075902607933,-0.09389708147493227,0.773809760166275,0.3300402570254579,-0.08334151087030628,0.6158676410362826,0.3821095046232819,-0.09416317301915039,0.6429247726288968,0.31479063985675576,-0.188578232858758,0.8423914647233126,0.1546136549342961,0.793735717319036,0.7202247804760971,0.13933270581766946,0.3333722217630163,0.7900994459707612,0.1418111278661272,-0.10290764834530479,0.7949038267779014,0.15466778407724527,-0.0710784689433436,0.5969378016057648,0.11331922028727293,-0.062230424329595205,0.6103411191551087,0.15343583960167886,-0.15824208077701224,0.8300112695768262,0.26131821298666436,1.3734332570613177,0.7123796602424359,0.25790335767394806,1.6192430318671531,0.6936000154029439,0.25580363159609937,1.497656264456011,0.5653669480995942,0.40455406716292497,1.284588440629509,0.7091525105966053,0.44185281161068685,1.033200228946057,0.6336255185712002,0.3831889483572334,0.8655995528335217,0.46119074079065586,0.3132904354758416,0.8136201630844284,0.32808641523731485,0.34072134093473855,0.7871241745849463,0.28455559388791873,0.3712987216139976,0.7523143870681975,0.3483995620381804,0.10113340887561742,1.2702570367953505,0.7433343999785604,0.06145663467193267,1.049129997049263,0.6924887579094836,0.04362839827386639,0.8772510612384335,0.4990268193383882,0.06136495786814243,0.8302243567433081,0.36682212720405855,0.051252256572322255,0.8041286484201102,0.33901075432835537,0.0613628699854263,0.7648515874133525,0.36896772381530885,7.4576271186440675
0.35351290009550934,0.8007847563493876,0.689911469980896,0.3483651092762449,0.3329075741949603,0.7700002500724381,0.3293046768924675,-0.09392138723731587,0.7745924958942257,0.3300206416116742,-0.08605838249361013,0.6201274908588137,0.38209249125028777,-0.09686873874334767,0.6466002878600196,0.3145975865801654,-0.1878309826666326,0.8418684983948997,0.1547847671009402,0.7920800157835106,0.721123911928509,0.13885177147650712,0.3317340600748174,0.791724838674752,0.14175267490615145,-0.1027836927585536,0.7947683152154817,0.15450391909290434,-0.07084716717983958,0.5970972894995333,0.11247887511066224,-0.06321233616688776,0.6123172695877973,0.15369229800304737,-0.15747031222855987,0.8295592763320013,0.2622865388032266,1.3736060407222983,0.7136597143064725,0.25823754160271944,1.6206645831954116,0.6954164700409418,0.2567955059697924,1.4976659160186838,0.5679645609156232,0.4047700783652157,1.2846441648345996,0.7109930448533353,0.4388850332249522,1.035619625247408,0.6321542529286392,0.3745729866463948,0.8877919285221145,0.44216287943767485,0.30501752227202694,0.8452564837617987,0.30291475876937163,0.32929500801892,0.8219614644529197,0.2611608431706712,0.3588281936622729,0.7869654962808054,0.3172403861606608,0.10105399118052608,1.2716140290285838,0.7433604853289172,0.06129027811375273,1.0524228378394944,0.6921725851114487,0.05079701579280062,0.8921027739569075,0.48205766571317965,0.06879942807528706,0.85658373654187,0.346900849388046,0.06446402024450203,0.8288991140558474,0.31806319033840436,0.07350563351629386,0.7880819328702534,0.3457831872536846,7.47457627118644
0.3525062827321381,0.7988239216540073,0.6910579304171578,0.34935781084491646,0.33059597062512586,0.7724818064556804,0.32956462478417176,-0.0940752381261108,0.7753846919513819,0.32984326184899065,-0.08806720744725982,0.6232289585062292,0.3820779557672275,-0.09897091816692545,0.6493262723643469,0.3144304563076867,-0.18727713638664087,0.8413772525019868,0.154969074500544,0.7902434528294012,0.7220326980162171,0.13845165088433878,0.3303687473658994,0.7935665577686922,0.1416902615593095,-0.1026504020229536,0.7946210083534327,0.15433385074386036,-0.07077570531407161,0.597403551747349,0.11085702383932416,-0.06595241909059785,0.6168502285055842,0.15398224446334935,-0.15693220539926658,0.8292248393236847,0.26366684817919195,1.3739028975586667,0.715772863112992,0.2587415351824224,1.622090714241189,0.6976054267721953,0.2575754897984339,1.4979068561624085,0.5707243483212863,0.4050785800612854,1.2842986350752865,0.713382696362105,0.43571312127615935,1.039261508992978,0.6299462560870517,0.3653664411082121,0.9106396800252561,0.42534557650472715,0.29547139230319924,0.8774999018424247,0.27802324673669093,0.31672280415073184,0.8577144927628229,0.24229715443757024,0.34627563279901,0.8226036961438223,0.2920453849302547,0.10101627001697912,1.273203589371479,0.7434036496507224,0.06102653934076911,1.0556544441019466,0.691136592814528,0.058385913907900794,0.9068632115211557,0.46591034064241277,0.07793763117277992,0.8821496572374372,0.3295585655171873,0.07749377907189921,0.8536687206860504,0.29903419260432246,0.08751850220613147,0.8122120901245038,0.3277706986454082,7.491525423728813
0.35148770447520233,0.7970817370271677,0.6924314128845697,0.3503497753807472,0.3286742058124389,0.7751209064873817,0.32981678980134127,-0.0943546634493939,0.7761604031890335,0.3293206130336094,-0.08901018119956407,0.6246430069097401,0.3820525801539053,-0.10028725346516268,0.6510324534779526,0.3142970570875991,-0.18698496997603142,0.8409666241091884,0.1550860312425862,0.7882620492415255,0.7230157743344839,0.13806971276134214,0.32930430778056674,0.7953914731491302,0.14162556037157834,-0.10251872179976375,0.7944661398800523,0.15418841255091337,-0.0708150700930769,0.5977584070467113,0.10890242022032266,-0.06953619853370745,0.6225464001709756,0.1542825627650441,-0.1567067013861512,0.82903256931101,0.26527645376989584,1.3742480740110352,0.718456999776525,0.2593538007191316,1.623332096869994,0.6999400153652764,0.25810930956287476,1.4983532276580211,0.5731894102328056,0.4054111488383739,1.2836893885678944,0.7161087364486893,0.4325140031090776,1.0443796643336558,0.6277745598575613,0.35557749044454606,0.9334869520952686,0.4112478032860314,0.28495143203068124,0.9098831316246594,0.2555974718520845,0.3032355938424886,0.8939095688730382,0.22609312168713164,0.3337499954184596,0.8578780188336372,0.2737835505606507,0.10099711606204761,1.2748470511406857,0.7434049675115193,0.060632187414382116,1.0589890508294426,0.6893654841408134,0.06595109860228666,0.9217879637586588,0.450925664537789,0.08876326370315965,0.905855890859561,0.31552256786868926,0.09051444943932888,0.877339537093256,0.28392081677640646,0.10206657490362497,0.8359314542717579,0.31623937991825635,7.508474576271187
0.35050017404943373,0.7955273147416324,0.6938653113831161,0.35131237798176357,0.32706727449814343,0.7778169321564555,0.3300421931454771,-0.09476958207211836,0.7768921234447235,0.3284802910334175,-0.08897835883263447,0.6245761584829875,0.38200728610498597,-0.10084396249386543,0.6518201111073908,0.31419749468468894,-0.18692883445607464,0.8406542047458924,0.15507016326245676,0.7863831366989114,0.7240262093763971,0.13765587820438557,0.3285494324776346,0.7970508713873073,0.14156024185059846,-0.10239718694489879,0.7943198499706332,0.1540882388488312,-0.07091400841840417,0.598077339202934,0.10709834982244452,-0.07296473962171239,0.6278933124053195,0.15458162331132144,-0.15671194245450537,0.8289569448922762,0.26691929935917735,1.3745679098730124,0.7214214407554944,0.2599801587696703,1.6241976614246265,0.7021107911015447,0.2584075679845659,1.498948458457999,0.574993198166659,0.40567910303016597,1.2830307505821568,0.7188374496308695,0.42957564159542067,1.0508917949332761,0.6262305501617891,0.34562971578063006,0.9556993568312038,0.4003005908128934,0.27396562786845,0.9424202114924766,0.2383834196884868,0.28942830363979843,0.929991291206991,0.21189987217530057,0.3205118954661141,0.891715419406712,0.2613216799076465,0.10099802026907422,1.2763674782692689,0.7433562434873178,0.060264492303735054,1.0624085687113805,0.686945791360931,0.07352839112488799,0.9372600832289665,0.4370684917540126,0.10086819622592536,0.9280626456291559,0.30521371865352276,0.10394773588254609,0.8997102628451,0.2725446439242409,0.1159352953622354,0.8587418592535718,0.3108144502406486,7.52542372881356
0.3495536735909784,0.7941151099661041,0.6953317413826658,0.35219831161356313,0.3257732596794345,0.7803118756277565,0.33023050124489506,-0.09526902958724325,0.7775479736596903,0.32756464150112286,-0.08848014841485122,0.6238521903940908,0.3819425828343118,-0.10083407646044823,0.6518224091444322,0.3141320777110303,-0.18703802624300883,0.8404522934454539,0.1549362598214837,0.7847963030836326,0.7250126263146095,0.1372045302457731,0.3280630881147365,0.7984867534260165,0.14149750956902418,-0.10229607465114988,0.7942044884391197,0.15403963621745637,-0.07103752887914172,0.5983065195065873,0.10576201452943806,-0.07559253300212992,0.631913830844447,0.1549047789458654,-0.15677823617406703,0.8289601331969663,0.26837515759362646,1.3748674027351266,0.7243147393230644,0.26051535044729046,1.6245884082668716,0.7038063775182763,0.25844865974998427,1.4995916495319739,0.5760828558786021,0.40585215554391063,1.282533547325185,0.7209700016808303,0.42707656300889596,1.058318195464305,0.6255896966199819,0.3361007012258129,0.9768933720308488,0.3928440713551506,0.26285836061752577,0.9752827154575634,0.22833322856602714,0.2753535274836456,0.964901448251158,0.20107832511128373,0.3062563593327854,0.9228589105058806,0.25292748658833697,0.10102730621426663,1.2776434138007349,0.7432892327956139,0.06025511617146519,1.0657488048384236,0.6838993190271307,0.08173443419110615,0.9535845802851688,0.42404036993585936,0.113989822283701,0.950399616673253,0.29801363766888306,0.11814767731079881,0.9217716135935163,0.2633578944763769,0.12920773150717002,0.8807401290153973,0.3091398262694093,7.5423728813559325
0.3486129495993494,0.7928256756724067,0.6967701492953864,0.3529339289807303,0.32498292382930044,0.7822604190599547,0.3303760627492771,-0.09571858145163685,0.7780798837072472,0.32686271636360364,-0.08805365083666697,0.623255083168711,0.3818695125138562,-0.10056976261604639,0.6513787575485277,0.31410342594601937,-0.18725544207454367,0.8403799258679566,0.1547504934255638,0.7834824528772708,0.725951685095045,0.1367387101757286,0.3277941339376369,0.7996849658238113,0.14144429096016595,-0.10222584349419005,0.7941380405368351,0.15403867876970553,-0.07116370111436005,0.5984192414534817,0.10500149263042416,-0.07720324421462127,0.6342897449902093,0.1553132953686773,-0.156782440057971,0.8290261097533097,0.2693698925053726,1.375242193912404,0.7265562452527965,0.2608641905079273,1.6245874897222619,0.7047953865909582,0.25821145347287017,1.5001231334916683,0.5768099834837267,0.4059932722265416,1.2823513308771373,0.7217931286211348,0.42490501365908717,1.065601497941145,0.6259796543153056,0.32734730558824837,0.9969147456466851,0.3885396471644864,0.25190236207395666,1.0082316766478328,0.22594980917764323,0.26059231321671994,0.9971032385729173,0.1957307217788694,0.29135845489903456,0.9500119681255096,0.24755972841240287,0.10108269531005806,1.2785852755845215,0.743251721134077,0.061052522273099014,1.0686260779222858,0.680075285812777,0.09124817600369373,0.9704535624978341,0.41188483608439075,0.12837941541557815,0.9740171328467964,0.2934371218812568,0.1332432371704123,0.9449255499828215,0.25578672623705845,0.14277000034592294,0.9017925473702657,0.3080901174149139,7.559322033898305
0.34766021056494806,0.7917017372481973,0.698000411810002,0.35341909578661695,0.3249932231788528,0.7833680543386458,0.33047042489406636,-0.09598154693893654,0.778429644353531,0.3265596798341893,-0.08797832146134385,0.6230879970100379,0.38180374259875766,-0.10033820593204303,0.6510634148440917,0.31411173673156945,-0.18754018230334357,0.8404418876844038,0.15457949125147905,0.7823333364004215,0.7267712746268236,0.13628731952453377,0.32774654866466835,0.800645178284883,0.14140973222180594,-0.10219529925360557,0.7941288820914463,0.15407455313586552,-0.07128044236207218,0.5984130000819194,0.1047460737848469,-0.07792561562768109,0.6352298878012836,0.15585784006324413,-0.15673054686145377,0.829146200250711,0.26967088366385134,1.3757874734509572,0.727447207654981,0.26099732164427936,1.624409068178729,0.7050615459318867,0.2577745369481719,1.5003753434287743,0.5777267843062612,0.4062043952847523,1.2825288796887184,0.7209706477616143,0.4227947099445061,1.071244796519997,0.6273004355164916,0.31934680056027,1.0154008881579657,0.3862961467278293,0.2413246943799355,1.0402788722530971,0.23062577921239585,0.2451776873375338,1.0253171258503777,0.19704587952605965,0.27591769555065815,0.9724846025041016,0.2443765281816586,0.1011538788537564,1.279129875674172,0.7432867275698585,0.06314299089050954,1.0702600267862172,0.6754620297591349,0.1022625882215675,0.986703677796246,0.4012299094173435,0.14411573529931918,0.9985340350748613,0.2920181081274835,0.14927974551984094,0.969471965759437,0.2507447374086359,0.15707904064048245,0.9211998231846165,0.305338186277437,7.576271186440678
0.3467527095618733,0.7908338377593401,0.6988228548700532,0.3535069213017709,0.32601895066845765,0.7833494553170647,0.33050199430317845,-0.09602281187228372,0.7785532596426342,0.32673011748110675,-0.08827509912429862,0.6233300672641638,0.38175784009299735,-0.10020005922083336,0.651252142789028,0.31415136015215944,-0.1878480058226428,0.8406134537442641,0.1544769696075205,0.7813222034045809,0.7273629058795087,0.1358760257730486,0.3279857634933896,0.8013437796098701,0.14139927047056494,-0.10220858051696335,0.7941758373507022,0.15413069390868855,-0.07138118542338721,0.5983178474623113,0.1047946349041954,-0.07812309288107375,0.6353033781890255,0.15650983800960722,-0.15672769816216586,0.8293007432304519,0.2692822700440226,1.376522083060238,0.7266746418940635,0.2609926085782339,1.6242301231050429,0.7048868356136503,0.25725439270005546,1.500287824972468,0.5792371211993882,0.40654518738819356,1.2829779106852208,0.7188223764858339,0.42056990758042,1.0739505738272186,0.629083931619443,0.31182647162056726,1.0314994296665192,0.3850062738305191,0.23117074414462085,1.0697112782449656,0.24064911063281055,0.2298888552688162,1.049111480376515,0.20441463745708374,0.259549320851332,0.9904282430986324,0.2425015257247879,0.10123644744004412,1.2793348558917286,0.7434422038139574,0.06674587886269069,1.0697328789978235,0.6705865878145117,0.11436838514281061,1.00094178159833,0.3927737678072425,0.16017730233475275,1.022611895738744,0.2946517433828909,0.1664081149435941,0.9941116541906532,0.24901927249636463,0.17190011601373972,0.938680975102261,0.29979729732208826,7.593220338983051
0.3459747381573729,0.7903037612865775,0.69915693573251,0.3530637544587261,0.32803925271645556,0.7819259153649305,0.3304656755093064,-0.0959093149970294,0.7784452557031407,0.3273546685086007,-0.0887577160959789,0.6238435795429149,0.38173432476560576,-0.09996992231940414,0.6517250324915687,0.3142084791029709,-0.1881187439097863,0.8408484695384522,0.1544740220179049,0.7805180660165907,0.7277226401766755,0.13552510444017088,0.3285975055395244,0.8017299341287009,0.14140946416756112,-0.10225906182207793,0.7942664526203725,0.15418791458839115,-0.07146278492967346,0.5982030270054929,0.10490431068282216,-0.07821995074387357,0.6351933172107364,0.15715645604826514,-0.15684275827435823,0.8294754767756914,0.2684691088779667,1.3774095233488182,0.7246172158931496,0.26097371850401535,1.6240883068370309,0.7046697129217488,0.2566869676080601,1.499968032046422,0.581361008802612,0.4069982094693847,1.283544809790559,0.7160182679738775,0.41833330467772417,1.0732290609718498,0.630608995091093,0.30452984312732506,1.0443735012656725,0.3839305714701051,0.221268749155955,1.094695130209211,0.2531099391533225,0.21563528065835852,1.0686227708990284,0.21563318898002914,0.2425325684592097,1.0043195930513606,0.24222050008565343,0.10132881892662068,1.2794241915756488,0.7437615628833911,0.07149627397720996,1.0667114525444674,0.6663458942713577,0.1268061538095243,1.012679900359197,0.38673984882864176,0.17460692385627152,1.0452701579916934,0.3011147104637015,0.18418586957743072,1.0172531483252503,0.25011277160281786,0.18666615500992811,0.9553652938220691,0.29148687084033487,7.610169491525424
0.3453452886736176,0.7901439975280529,0.6991297560268941,0.35209090197858317,0.33075184484787334,0.7790801685399139,0.3303786801836208,-0.09574342463683844,0.7781703111890074,0.3282418536513291,-0.08913993742768539,0.6243026695234314,0.3817260742113089,-0.09940679773413326,0.6518428783725891,0.3142592005301037,-0.1882692711616935,0.8410865363667863,0.15458155343904623,0.7800686625583847,0.7279300726541331,0.13524784208232773,0.32963727964450285,0.8017859356234851,0.14142847126119185,-0.10232762518623036,0.7943769484851453,0.1542315779668784,-0.07152542400847509,0.5981442783870093,0.10492148269437743,-0.07846425760216667,0.6353311108816382,0.15767550252376317,-0.15703996354237426,0.8296670553862949,0.26753935134194706,1.3783930796425066,0.7220095153089617,0.26100212199106565,1.623915847734173,0.7046137920840114,0.2560612482214767,1.499597938827373,0.5837575941757156,0.40749723732265575,1.2841076703014944,0.7131121043213644,0.4164886170995202,1.069632879710039,0.6310561408357105,0.2974493632265619,1.053922574309152,0.3824254635533547,0.21139736803282977,1.1140274026182349,0.26486308995414193,0.20279705485876848,1.0840451361839853,0.22833781228925226,0.22648476493664876,1.0146364970384951,0.24518243536257525,0.10141656243252657,1.2796715233822085,0.7442375608470603,0.07661579980350608,1.0618122700654955,0.6635333930223055,0.1387315475178666,1.0227342449212071,0.38293561081952515,0.18537979468449922,1.066249501768055,0.3094938684347123,0.20030652248482006,1.0383913548260306,0.2529505012643262,0.2002137220234158,0.9729526241020876,0.2818009920932286,7.627118644067797
0.34483495931723374,0.7903189173780777,0.6990093734126962,0.350757791266106,0.33369155898847236,0.7752943475353695,0.3302832154143867,-0.0956080686801563,0.7778688024185086,0.32900455476249973,-0.08926703870605951,0.6242192888445413,0.3817266615735036,-0.09840994411270772,0.651105333793449,0.3142779592628795,-0.18821506725977855,0.8412740948725776,0.1548240269235895,0.7801797415328713,0.7279933513683172,0.13504953754639143,0.3310863404959742,0.8015822181298746,0.14144287273646355,-0.10239260382072889,0.7944824438180574,0.1542606694485969,-0.07156701304647972,0.5981600913003482,0.10489392480345641,-0.0787265289634548,0.6355601595524039,0.1579983961768379,-0.15725012375696631,0.8298634506814732,0.2666657608523582,1.3793893357606435,0.7194114618957306,0.2610607206189283,1.6236312444878898,0.7046725393322353,0.25540557783873663,1.4993001194969187,0.5859225458153522,0.40797075172291314,1.2845964313099052,0.710447109257048,0.41551171002692133,1.064530472651143,0.6297274813918805,0.2909335957498418,1.0607538576961562,0.3798847870489023,0.20161102007225193,1.127334636153852,0.2738175175951228,0.1912633942627744,1.0956111875983223,0.24115641673537758,0.2134621936724332,1.02223734851822,0.25258708772842536,0.10147362195717255,1.2802301811942207,0.7448046408752701,0.08136056958446543,1.0561896299045794,0.6626696841670959,0.14922420547614065,1.0322472425533067,0.3812585652246515,0.1910463901809217,1.084989535404421,0.31752884075354076,0.21103050459869593,1.0577278488518103,0.25717511514501235,0.2105044975072939,0.992047106265596,0.2733557219137162,7.6440677966101696
0.34446543225417176,0.7907434442040123,0.6989717101691483,0.3493362290922644,0.33642242570820247,0.771412948613566,0.3302181898698124,-0.0955336073298751,0.7776698675810502,0.3292526095694194,-0.08917128550285314,0.6232629237986179,0.3817330550328599,-0.09705996729149756,0.6494450107355743,0.314258304621559,-0.18793331001179134,0.841398648287584,0.15521011940378282,0.7809720956186038,0.7278746561752537,0.13492341248394735,0.3328221609263074,0.8012221282341339,0.14144611019271527,-0.10244300972436594,0.7945701037548343,0.1542884379014932,-0.07158423303220456,0.5982008519755667,0.10501369483260083,-0.07861592802951757,0.635294899374416,0.15811565985935605,-0.15743154150792538,0.8300393979841518,0.26591461805419125,1.3802682773658899,0.7171025055303124,0.2611144674319159,1.6232177302355761,0.7047231697534793,0.2548333346348649,1.4991117235864988,0.5874398006736913,0.4083583507950628,1.2849610810828056,0.7083031945024796,0.4156686265115821,1.0594294128431974,0.6263623459496734,0.2855580194977322,1.0655565926467823,0.37601901775148805,0.19237091456436456,1.1349435060488673,0.2795269804323204,0.18112593268541577,1.1036900795461635,0.2534174333416653,0.20462108910738497,1.0284858831448929,0.2637869079755271,0.10148104648435236,1.281017093269443,0.7453722922563752,0.08521452113948738,1.0508725410039323,0.6640598770910474,0.15732736421037247,1.0414219330878471,0.3822700049351564,0.19107110276731076,1.1001961249767012,0.32415003541418375,0.213607285493791,1.0748996010657805,0.263146339599609,0.21552998286074543,1.0116859809979386,0.2689851119340164,7.661016949152542
0.3444139955810068,0.791250982853591,0.6993774940760422,0.34827488446236016,0.33834190673254655,0.768863210054272,0.33020394330473424,-0.09551796809610542,0.7776386992135969,0.32885178843659735,-0.08883897060961955,0.6214733916867851,0.38173545501721295,-0.09553564998161859,0.6470943605654395,0.3142622438623979,-0.18762092671708763,0.8416206913455879,0.15522436321697852,0.7826118511637625,0.7279398223812735,0.1346214095563183,0.33435482558704444,0.8002054463722751,0.141451703041228,-0.10247599317122348,0.7946306438401941,0.15432987235199747,-0.0715826335748293,0.5982101274511619,0.10542434406881387,-0.0778601729426818,0.634103868318921,0.15815221038696983,-0.15751830768802333,0.8302288324167026,0.26534258847816594,1.3808488222774662,0.7152926382696319,0.26114943618479947,1.6227350134597023,0.7046919302863595,0.25455051781005256,1.4990197554685865,0.5882491863761927,0.40861925104263963,1.2851671959527522,0.7069108621088112,0.4169327624532223,1.0553984801582885,0.621183961603258,0.28177369491897525,1.0687184941875372,0.37105161793879676,0.18425739016709788,1.1378349886437193,0.2831649636371141,0.17297296833105075,1.1086543609606265,0.2647740010058251,0.1997564132641463,1.034525392770099,0.27676490356336597,0.10144107709776579,1.2817281090931247,0.745835684543064,0.08791396641620111,1.0464736393158185,0.6678032607295694,0.16243461960707645,1.0493874310066245,0.38723022660033063,0.18596337664030846,1.110983702684298,0.3291609936781365,0.207879491515408,1.0887131639110632,0.27072989721711266,0.2146800842029321,1.0299455516681146,0.27065060638331995,7.677966101694915
0.3445783659531113,0.7917844670905159,0.6997123317752115,0.3472052961272312,0.3401114695324545,0.7662970938573337,0.3301885626406478,-0.09550089104380602,0.777605568447661,0.3279792745171385,-0.08810485304535479,0.6191189584829815,0.3817149154504566,-0.09403730453350784,0.6443840724746154,0.3142671777264076,-0.18731044201057967,0.8418306780473056,0.1552422826928749,0.7842471034264926,0.7280188414537068,0.13433020509184426,0.3357529614793123,0.7990784940561928,0.1414564086056075,-0.10250671229862462,0.7946849265357734,0.1543881789227566,-0.07157638937152261,0.5981758852454558,0.10612875674219857,-0.07648097166751733,0.6319962483942231,0.1580791909822426,-0.1576257003583466,0.8303634408389522,0.2650130729749799,1.3809742368525186,0.7142005991972429,0.2611703403187962,1.6222502493793827,0.7045802724629968,0.25471483730885747,1.498975463895745,0.5887530570968721,0.4087545607780074,1.2852246417078563,0.7062972551033009,0.419016653803011,1.0530254851560668,0.6147487977870427,0.2796431103187569,1.0703775214891027,0.3658191683404868,0.17763113925225107,1.1373906232480515,0.28670385170092305,0.16727565050266852,1.1105693456144288,0.2754312813415846,0.1977991662719585,1.0405190554079105,0.28944960671857967,0.10137590203569136,1.2820103066011788,0.7461004794392935,0.08947304769767281,1.0433036142151333,0.6735674956700128,0.16467298302074115,1.055051625300863,0.3969917272300134,0.17727209172186773,1.1176478735011275,0.33222708276725516,0.19590847456980165,1.0980330434027414,0.27884806884966273,0.20921682117594048,1.0447158260885463,0.278588291707753,7.694915254237288
0.3449744869860474,0.7922972621845871,0.6999675045383842,0.34615801216993636,0.34167392691568155,0.7637695148035571,0.33017248266207844,-0.09548200321831096,0.7775713412102474,0.3269419177664667,-0.08683996234843522,0.6164761321951797,0.38165799753576324,-0.09274359160684006,0.6416578732884411,0.31427283001727147,-0.1870189623401846,0.8420185178859605,0.1552736861272272,0.7857593828508713,0.7281271980981044,0.1340554180459175,0.33693870456646613,0.7978969266854146,0.14145942589788987,-0.10253389370699585,0.7947307850845956,0.15445429102455666,-0.07157781859740665,0.5981210679287137,0.10704416560333219,-0.0746707634549198,0.6292492136676304,0.15789172017740166,-0.15775525766873208,0.8304265164106427,0.26493062524063715,1.380646572538902,0.713875298623504,0.2611834624777016,1.6217606237545497,0.7044405518739039,0.2552045719911219,1.4989073982702992,0.5895812118690038,0.40880992690815177,1.285196376260131,0.7062037436660868,0.42151153014394416,1.052385733800695,0.6079991235726254,0.278877224882375,1.0705949883416181,0.3614692324865738,0.1725844017552765,1.1348312635025761,0.291661348132954,0.16382154955142886,1.1090349135661732,0.28606582880044,0.19747353150463653,1.0455381124502041,0.3007241361005818,0.10131228658963004,1.2816483201762237,0.746128906711132,0.09014238660157223,1.0414675119193153,0.6802798379168511,0.16486357099802007,1.0578337232292316,0.4105945158132519,0.16737780571348612,1.1208940567122871,0.3331800246969055,0.1811280772828432,1.1025944144346218,0.28649273080542775,0.20171113267472748,1.054353322852724,0.2911387241172187,7.711864406779661
0.34561830229537677,0.7927427334056057,0.7001342936372872,0.3451635806735336,0.342972091689986,0.7613353876737478,0.3301561381535508,-0.09546093166495073,0.7775368834283606,0.32598800962031793,-0.0851720750232376,0.6138568357946202,0.38158025036854115,-0.09178411032333711,0.6392816642452266,0.3142789245386726,-0.18676359415381721,0.8421741203547761,0.1553283818157903,0.7870302198809775,0.7282803770200161,0.13380266737392996,0.33783419081186317,0.7967163996594666,0.14145995393011104,-0.10255626399676124,0.7947660527296833,0.1545151191168228,-0.07159064741782613,0.598067517900496,0.10805602001067693,-0.07267708615269047,0.6262270883114657,0.15758491650467404,-0.1579085177690121,0.8304013522915157,0.2649841326130542,1.3800374867808698,0.7140076524919775,0.2611866467432892,1.621214630726358,0.7043203312150406,0.2556676899095457,1.4987666446587633,0.5910897889183421,0.4088210652729526,1.2851524271776973,0.7062585786691005,0.4241661701678751,1.0527670374728526,0.6023057405836583,0.2790120164867622,1.0694089750903542,0.35882813901647365,0.16899987661960963,1.1306905234790736,0.29860446301229554,0.16191014000694015,1.1037513713815637,0.29719468617833233,0.19760917198181532,1.048002492628271,0.31032877228666683,0.10126537429068949,1.2806340520119912,0.7459366519654308,0.09034386244805964,1.0406529330453387,0.6864997178234131,0.16416499016388825,1.0575807212571184,0.4254717648248016,0.15893119620774135,1.120898126337035,0.3327007022033039,0.16763378057515238,1.1027170485899451,0.2934902979790908,0.19494462507394894,1.0579257009158005,0.3056110504147011,7.728813559322034
0.34652575549666115,0.7930742460233737,0.7002039803436482,0.34425254972108094,0.3439487766631265,0.7590496272487111,0.33013996389958983,-0.09543730342905495,0.7775030610290048,0.32530605974431237,-0.08354124747819194,0.6118116527840336,0.3815431331094741,-0.09128503672091375,0.6377080063098169,0.3142851850942939,-0.1865614438993921,0.8422873949469757,0.15541617805431912,0.7879411449608906,0.7284938629249921,0.13357757203127366,0.3383615561788611,0.7955925683778761,0.14145719171430685,-0.10257254976834447,0.7947885627140586,0.15455981313101727,-0.07160983036307902,0.5980211233969215,0.10899126272047031,-0.07085133455624565,0.6234486580477439,0.15715389849628678,-0.1580870188090201,0.8302712416413122,0.264998289714356,1.3793468943033764,0.7140712763746646,0.26117455841456316,1.6206029143334062,0.7042429450527238,0.25585278358966623,1.4985686640838634,0.5930309401242148,0.4087682565873021,1.2851331136804731,0.7061630033612485,0.42690516216272795,1.0529457062418925,0.59896959029761,0.27953591665256494,1.066737273689968,0.3583059431154757,0.16655573611018995,1.1246691763346042,0.30714416984830756,0.1608792589770794,1.09528201864764,0.30848808783077103,0.19731946271527456,1.0463662512811165,0.31818841270786424,0.1012377242711222,1.2791754489992029,0.7455718655981831,0.09052239207272687,1.0400187275053001,0.6914116392972021,0.16365779769434222,1.0540753819378528,0.43931456767202004,0.15403926865028728,1.1173408343182702,0.3319048385700235,0.1591575531786406,1.0984774671700082,0.30007435642681046,0.19092516840651985,1.0551735631530619,0.3193525536591598,7.745762711864407
0.34771279020546236,0.7932451653076924,0.7001678459291942,0.34345546739563637,0.3445467946428611,0.7569671483092524,0.33012439468472005,-0.09541074555595412,0.7774707399391846,0.3250756640709488,-0.08244919061120815,0.611024784823551,0.3816128888713516,-0.0913820697946867,0.6373370815281918,0.3142913354878182,-0.18642961802482388,0.8423482511557825,0.15554688313856851,0.7883736885346893,0.7287831405185823,0.1333857509733406,0.33844293663081715,0.7945810882401694,0.14145033826251308,-0.10258147762216956,0.7947961482807441,0.15458456183353433,-0.07162738339963962,0.5979822604008687,0.1096071040521586,-0.06967379590678721,0.621633894807874,0.15659378468446686,-0.15829229893858845,0.8300194776197732,0.26487222413775396,1.3786956091327043,0.7137505430195881,0.26114721660483475,1.6199739591057787,0.7042376448538832,0.25573366294354105,1.4983682512337069,0.5948496319796086,0.40864154905599015,1.285171217268657,0.7056751966692557,0.4295607224786267,1.0520745784502705,0.5984709099168519,0.2800318448129802,1.0624026557579558,0.3601953821064545,0.16489182730042382,1.1162519218010671,0.315907895483683,0.16041132640925884,1.0849096845596673,0.3186672088305957,0.19625179987791666,1.0397636759596502,0.32459781323618386,0.10122802227719735,1.2776662324412227,0.745116764408716,0.0908465906926323,1.038762743551659,0.695108617364922,0.16394409690152467,1.0472651231833994,0.4512815274938671,0.1535462393079225,1.1100808399071693,0.33159870713280226,0.15786770408996703,1.0899966386497433,0.30628123475086266,0.1904741424480195,1.0467595262319347,0.33040947152699573,7.762711864406779
0.34919535003734203,0.793208856528363,0.7000171716656529,0.342802881780258,0.3447089584369482,0.7551428656361774,0.33010986529346625,-0.09538088509097813,0.7774407860859045,0.3253688517021136,-0.08207933224694056,0.6117692445835349,0.3817320827126305,-0.09195292362741844,0.6380327288625729,0.31429709952292856,-0.1863852229780271,0.8423465984744197,0.15573030536429344,0.7882093810464527,0.7291636945063369,0.1332328231555228,0.33800046813108875,0.7937376146458733,0.14143859258676564,-0.10258177415866025,0.794786642672762,0.15459430035882998,-0.07164058943341442,0.5979565536817677,0.10975255789599361,-0.06944296815055348,0.6212411573868609,0.1558996936014413,-0.1585258963075501,0.8296293533866402,0.264686271216684,1.3781192745999657,0.7132736848684198,0.2611081091136533,1.619401482665019,0.7043237882436377,0.25534728222028696,1.4982012594392882,0.5962197704695736,0.40856457199397145,1.2852793445893074,0.7047682700660204,0.43187689909912896,1.05016150667401,0.6002546213454287,0.2803272818039591,1.0564036021662642,0.3646705250555195,0.16387188276220854,1.1055148471835352,0.3233251481092455,0.1604755696679052,1.073851560163326,0.3263085211051734,0.19475006338765122,1.028534780960293,0.3304919346907623,0.10123144549035828,1.2764906658274449,0.7446671191460466,0.09107488203808164,1.0369069272977256,0.6978404201787096,0.16492269772145263,1.0380992436284155,0.46144715625476895,0.1568635496556317,1.0997123449742277,0.332044453722741,0.16335311653673135,1.0786486103177153,0.31190077227591406,0.19303284900418807,1.0344493017592165,0.3380687608954223,7.779661016949152
0.3509893786078619,0.7929186849551874,0.6997432388247513,0.3423253409580037,0.3443780808531461,0.7536316940102917,0.33009681051035317,-0.09534734907945716,0.7774140653961686,0.32602410339262994,-0.08201786973354325,0.6134966378913608,0.38171254135347704,-0.09241406636081845,0.6389257831197828,0.31430220100330797,-0.1864453652069165,0.8422723463961107,0.15597625302724877,0.7873297529402596,0.7296510095938058,0.13312440753321222,0.33695628664303356,0.7931178029945145,0.14142115369910035,-0.10257216597824038,0.7947578791331352,0.15459574872603704,-0.07165417873106718,0.5979500448486931,0.10952286328478551,-0.06997806886842481,0.6220038301379361,0.15506674377943708,-0.1587893490657379,0.8290841621016546,0.26462368035206657,1.377570387465686,0.7131732863792564,0.26105795486279026,1.6188709007766702,0.704483232773282,0.25455334658789824,1.4980523355063124,0.5972778615362442,0.40869203962851613,1.2853669459565036,0.7039608263317141,0.43381186761768714,1.047614424757993,0.6034157327123546,0.28049343487998357,1.048619903461985,0.3720187340724209,0.16344755629124136,1.0928315992144786,0.3285262121746708,0.16111373526016515,1.0624539652580876,0.330145797789297,0.19304942673586334,1.0138899414671996,0.3374824800081439,0.1012435803482505,1.2757298175934708,0.744258060378953,0.09084384221725936,1.035091726280992,0.6994682880720915,0.16620262877797456,1.0282840284419759,0.46966787025661105,0.16320404102020628,1.0868842349793288,0.3329309827218537,0.17488314643316813,1.0664591434236985,0.31634761243482146,0.19744522418761465,1.0201488538050687,0.3433431046565113,7.796610169491525
0.35311081953258366,0.7923280158579666,0.6993373286782169,0.3420533930119316,0.34349697469921303,0.7524885482124005,0.3300856651199056,-0.09530976456672112,0.7773914437969816,0.32689007622010274,-0.08257711127929929,0.615791969055101,0.3813649159232559,-0.09254003529266788,0.6398353681575374,0.31430636373263926,-0.18662715115940673,0.8421154044140787,0.15629453442318939,0.7856163346601894,0.7302605704865393,0.13306612306180093,0.33523252813000903,0.7927773086856196,0.1413972206115531,-0.10255137968133385,0.7947076909048856,0.15459578771239726,-0.07166938947859045,0.5979651728448615,0.10923634794984882,-0.07062120668983622,0.6229454066451635,0.15409005375068124,-0.15908419536298474,0.8283671969245571,0.2648646004971901,1.3770743577948825,0.713991111005761,0.2609994017721811,1.6185919150705301,0.7046368860492525,0.2536416050356468,1.4979325182323229,0.5980270073169455,0.4093022892179863,1.2854583128854287,0.7033466376791586,0.4354562695362845,1.0452400090168794,0.6068987697114531,0.2805594109186012,1.040551330981117,0.38074632920353346,0.16376345133151896,1.0793187920913914,0.33316064811761414,0.16202116132823155,1.0512664920749835,0.3326279775312949,0.19245036371388421,0.998181560726604,0.34340794190341994,0.10124281552852248,1.2753029730241945,0.7439348641884341,0.09026315941426749,1.0340404118191426,0.6999587224255668,0.16696433659971593,1.0187695084860469,0.47640064304722285,0.16978748480419248,1.0736875590446358,0.33417092666145337,0.18553205946326062,1.0549603019483067,0.3207212272766434,0.20103086722173658,1.005052449446856,0.3464107963251732,7.813559322033898
0.3555756164270691,0.7913902145065026,0.698790722497777,0.3420175860250997,0.34200845278290737,0.7517683430233094,0.3300768639066482,-0.09526775859810029,0.7773737872153477,0.32788266649946446,-0.08386263539531354,0.6184119287495259,0.38054315860619714,-0.09206750459265617,0.6404861394737152,0.31430931151460545,-0.1869476872834125,0.8418656820215468,0.1566949578478702,0.782950656650321,0.7310078618900873,0.13306358869668086,0.33275132855537254,0.7927717871187153,0.1413659923361597,-0.10251814186836472,0.7946339112310359,0.15459923046034751,-0.07168727256926745,0.5980059462320834,0.1090353048296406,-0.07107922889317714,0.6236332168229157,0.15296474204740082,-0.15941197334912358,0.8274617510150892,0.26554337543228285,1.3766469606686003,0.7161253152562296,0.2609345012907977,1.618677164623295,0.704747594592541,0.2527123872457847,1.4978479322411071,0.5984561486058493,0.41058971591917753,1.2855474093136274,0.703076706413388,0.4367798127392442,1.0434377232616747,0.6099880876065806,0.2804832022177266,1.0328909399071133,0.3902923328160037,0.16482698837150628,1.065639653808396,0.3375526183176332,0.16301745834932369,1.0408705864238756,0.3343813093930709,0.19361241082778605,0.9828241465198695,0.3476991871497902,0.10121802935891748,1.2752543660750268,0.7437463008344819,0.08929975306452491,1.0341887930981193,0.6992361862072065,0.16679072206679096,1.0105311709076776,0.4816677474538015,0.17517750776262073,1.0614003228496953,0.3357589092583204,0.19205223944605657,1.045546843457878,0.32539741190329774,0.20234584840307238,0.9903889942566099,0.34729815123114793,7.830508474576271
0.3583997129068799,0.7900586461705965,0.6980947015551588,0.34224846808056597,0.3398553279119876,0.7515259932238239,0.3300708416551057,-0.09522095821892472,0.7773619615782715,0.3289177705456482,-0.08598002059269534,0.6211132076494057,0.3791012215865318,-0.0907331484304778,0.6406027525661959,0.31431076815288944,-0.18742408002684807,0.8415130887117387,0.1571873315970461,0.7792142493547332,0.73190836851,0.13312242339324407,0.32943482388248113,0.7931568936933283,0.14132666788495601,-0.10247117913975623,0.7945343733546083,0.15461089011232487,-0.07170887889638652,0.5980763735721688,0.10906202686261819,-0.07105898275684182,0.623634590585566,0.15168592720182278,-0.15977422117398724,0.8263511175329921,0.266794348937574,1.376303971167881,0.7199740556389587,0.2608653048676125,1.6192392885116613,0.7047782049241396,0.2518660229005645,1.4978047021564531,0.5985542261971277,0.41274871488888654,1.2856281991786436,0.7033020348394372,0.4377522051108901,1.0426070313033828,0.6119680416615945,0.28022280107527486,1.0263317854234266,0.4000957672769777,0.16664558789966874,1.052457412359614,0.34202628515428557,0.16392223680066134,1.0318476941146228,0.3360320424365283,0.19719510458364156,0.9692322066283579,0.3497870825204541,0.10115810016717895,1.2756282307013787,0.7437411405770886,0.08792054260345071,1.035972679303863,0.6972251423850828,0.1652646860593144,1.0045445028539155,0.48549145630354384,0.17793773665052187,1.0513005320740543,0.337689554229235,0.19119607020060383,1.0396135255187486,0.3307519614167022,0.19994623802814104,0.9773873938063588,0.34603148470417533,7.847457627118644
0.36159905258757774,0.78828667612005,0.6972405471220898,0.3427765872613885,0.3369804128942118,0.7518164135947494,0.33006803314980293,-0.09516899047452451,0.7773568328127574,0.3299112846735872,-0.08903484538255352,0.623652496429511,0.37689305704849096,-0.08827364097582724,0.6399098629328582,0.31431045745117425,-0.18807343583762853,0.8410475339778772,0.15778146396647197,0.7742886432175051,0.732977575051827,0.1332482461068825,0.32520515007469264,0.7939882838089853,0.14127844626997788,-0.1024092180959329,0.7944069105186256,0.15463557981076648,-0.07173525935323538,0.5981804634269284,0.1094588069872389,-0.07026731555922464,0.6225168578474878,0.15024872774617415,-0.16017247698740816,0.825018589638007,0.26875186479329244,1.376061164373768,0.7259354886622444,0.260793863951598,1.6203909258123248,0.7046915635650404,0.2512028416822385,1.4978089526021479,0.5983101808849535,0.4159736812839098,1.2856946464180206,0.7041736252623407,0.4383431545355462,1.0431473969530083,0.612122987140352,0.2797361997891611,1.0215669227135087,0.40959565495360173,0.16922667040447165,1.0404352957391663,0.34690581100712875,0.16455510715946423,1.0247792609570843,0.3382064257235704,0.2038579814875234,0.9588202488334309,0.3491024947886113,0.10105190628105036,1.2764688008586604,0.7439681536762471,0.08609244746646401,1.0398278796223146,0.6938500539272672,0.16196912945740097,1.0017849914718082,0.4878940424236471,0.17663179822292663,1.0446661923972578,0.33995748529097736,0.1797159355459506,1.038555105697255,0.33716067091877444,0.19238810639346154,0.9672765536681315,0.3426371120739949,7.864406779661017
