Coordinates
version=1
nRows=232
nColumns=63
inDegrees=yes

Units are S.I. units (second, meters, Newtons, ...)
If the header above contains a line with 'inDegrees', this indicates whether rotational values are in degrees (yes) or radians (no).

endheader
time	pelvis_tilt	pelvis_list	pelvis_rotation	pelvis_tx	pelvis_ty	pelvis_tz	hip_flexion_r	hip_adduction_r	hip_rotation_r	knee_angle_r	knee_angle_r_beta	ankle_angle_r	subtalar_angle_r	mtp_angle_r	hip_flexion_l	hip_adduction_l	hip_rotation_l	knee_angle_l	knee_angle_l_beta	ankle_angle_l	subtalar_angle_l	mtp_angle_l	L5_S1_Flex_Ext	L5_S1_Lat_Bending	L5_S1_axial_rotation	L4_L5_Flex_Ext	L4_L5_Lat_Bending	L4_L5_axial_rotation	L3_L4_Flex_Ext	L3_L4_Lat_Bending	L3_L4_axial_rotation	L2_L3_Flex_Ext	L2_L3_Lat_Bending	L2_L3_axial_rotation	L1_L2_Flex_Ext	L1_L2_Lat_Bending	L1_L2_axial_rotation	L1_T12_Flex_Ext	L1_T12_Lat_Bending	L1_T12_axial_rotation	Abs_r3	Abs_r2	Abs_r1	Abs_t1	Abs_t2	neck_flexion	neck_bending	neck_rotation	arm_flex_r	arm_add_r	arm_rot_r	elbow_flex_r	pro_sup_r	wrist_flex_r	wrist_dev_r	arm_flex_l	arm_add_l	arm_rot_l	elbow_flex_l	pro_sup_l	wrist_flex_l	wrist_dev_l
0.000000	-0.473374	-3.723101	84.891623	0.268218	0.973081	0.499656	-5.080332	-1.591641	1.172551	4.786103	0.083533	30.661886	-2.602477	0.000000	-3.921426	1.168933	10.735363	2.746700	0.047939	32.207728	-11.622380	0.000000	0.137111	-0.035143	1.661641	0.254629	-0.046740	1.765493	0.225260	-0.085446	1.765493	0.156704	-0.085446	1.453935	0.127321	-0.071663	1.350083	0.078345	-0.054436	1.246230	0.979370	-0.397542	9.241546	0.000000	0.000000	12.086479	-0.758884	-10.788572	5.621912	-3.254744	44.670161	35.776151	53.082578	0.209475	9.508356	18.295686	-4.720791	74.803233	35.342230	48.026229	5.464296	9.693856
0.016667	-0.251733	-3.776447	85.695044	0.266899	0.973079	0.498222	-5.352601	-1.207522	2.204908	4.294923	0.074961	30.034829	-5.201322	0.000000	-3.948868	0.914436	11.858371	2.789658	0.048689	32.046310	-11.952285	0.000000	0.136190	-0.007101	1.370141	0.252918	-0.009445	1.455774	0.223746	-0.017266	1.455774	0.155651	-0.017266	1.198873	0.126466	-0.014481	1.113239	0.077819	-0.011000	1.027605	0.972788	-0.080332	7.620311	0.000000	0.000000	12.200423	-1.028802	-10.287374	5.861390	-3.246053	45.557825	35.581808	55.520904	0.591971	9.432122	17.146307	-4.898634	71.903513	36.243954	46.056748	3.069278	10.266252
0.033333	-0.061782	-3.796832	86.339974	0.265829	0.973089	0.496988	-5.615859	-0.887992	3.190456	3.856951	0.067316	29.494820	-7.433655	0.000000	-4.003962	0.695855	12.771304	2.796133	0.048802	31.928555	-12.244865	0.000000	0.136729	0.017628	1.138448	0.253919	0.023445	1.209601	0.224632	0.042861	1.209601	0.156267	0.042861	0.996142	0.126966	0.035947	0.924989	0.078127	0.027306	0.853836	0.976639	0.199414	6.331706	0.000000	0.000000	12.269952	-1.232740	-9.845811	6.056312	-3.235780	46.298502	35.397284	57.316293	0.837841	9.495097	16.227939	-5.030545	69.628249	36.923017	44.386574	1.276658	10.698730
0.050000	0.098162	-3.788386	86.841061	0.264985	0.973109	0.495943	-5.868594	-0.628430	4.126390	3.469249	0.060550	29.035885	-9.325649	0.000000	-4.082195	0.511278	13.493862	2.770677	0.048357	31.850513	-12.501795	0.000000	0.138548	0.039129	0.960943	0.257297	0.052042	1.021002	0.227620	0.095139	1.021002	0.158346	0.095139	0.840825	0.128655	0.079793	0.780766	0.079166	0.060611	0.720707	0.989632	0.442640	5.344478	0.000000	0.000000	12.298168	-1.375670	-9.459876	6.210699	-3.224170	46.906287	35.222395	58.524916	0.963435	9.679888	15.519571	-5.121848	67.918796	37.401722	43.000582	0.027716	11.002110
0.066667	0.229779	-3.755242	87.212955	0.264344	0.973136	0.495073	-6.109293	-0.424215	5.009910	3.128878	0.054609	28.652049	-10.903477	0.000000	-4.179051	0.358796	14.045740	2.717843	0.047435	31.808231	-12.724751	0.000000	0.141465	0.057486	0.832007	0.262716	0.076456	0.884007	0.232414	0.139771	0.884007	0.161681	0.139771	0.728006	0.131365	0.117225	0.676006	0.080833	0.089046	0.624005	1.010474	0.650292	4.627373	0.000000	0.000000	12.288170	-1.462565	-9.125562	6.328573	-3.211468	47.395271	35.056957	59.202947	0.985101	9.969097	15.000191	-5.177871	66.716512	37.702369	41.883646	-0.736269	11.187211
0.083333	0.334754	-3.701529	87.470304	0.263882	0.973169	0.494367	-6.336443	-0.270727	5.838211	2.832899	0.049443	28.337340	-12.193311	0.000000	-4.290017	0.236497	14.446636	2.642183	0.046115	31.797760	-12.915408	0.000000	0.145301	0.072781	0.746020	0.269839	0.096799	0.792646	0.238715	0.176960	0.792646	0.166065	0.176960	0.652767	0.134927	0.148416	0.606141	0.083025	0.112738	0.559515	1.037873	0.823316	4.149138	0.000000	0.000000	12.243062	-1.498398	-8.838862	6.413955	-3.197921	47.779547	34.900785	59.406556	0.919188	10.345330	14.648790	-5.203938	65.962754	37.847259	41.020640	-1.074017	11.264852
0.100000	0.414766	-3.631381	87.627757	0.263578	0.973205	0.493813	-6.548533	-0.163344	6.608492	2.578374	0.045001	28.085782	-13.221325	0.000000	-4.410577	0.142471	14.716246	2.548251	0.044475	31.815146	-13.075443	0.000000	0.149874	0.085099	0.697362	0.278331	0.113182	0.740947	0.246228	0.206910	0.740947	0.171291	0.206910	0.610192	0.139173	0.173534	0.566607	0.085638	0.131818	0.523021	1.070537	0.962656	3.878518	0.000000	0.000000	12.165944	-1.488142	-8.595768	6.470867	-3.183775	48.073209	34.753693	59.191916	0.782046	10.791191	14.444354	-5.205376	65.598879	37.858692	40.396437	-1.044247	11.245855
0.116667	0.471500	-3.548928	87.699961	0.263407	0.973243	0.493399	-6.744049	-0.097446	7.317948	2.362363	0.041231	27.891402	-14.013690	0.000000	-4.536218	0.074808	14.874267	2.440599	0.042596	31.856439	-13.206530	0.000000	0.155003	0.094523	0.680414	0.287857	0.125715	0.722940	0.254655	0.229822	0.722940	0.177153	0.229822	0.595362	0.143936	0.192750	0.552837	0.088569	0.146415	0.510311	1.107174	1.069258	3.784260	0.000000	0.000000	12.059917	-1.436770	-8.392273	6.503329	-3.169274	48.290349	34.615499	58.615199	0.590025	11.289284	14.365874	-5.187510	65.566244	37.758970	39.995912	-0.705680	11.141037
0.133333	0.506635	-3.458301	87.701567	0.263348	0.973280	0.493112	-6.921480	-0.068411	7.963779	2.181929	0.038082	27.748225	-14.596579	0.000000	-4.662425	0.031596	14.940397	2.323780	0.040558	31.917688	-13.310347	0.000000	0.160508	0.101136	0.689557	0.298079	0.134510	0.732654	0.263699	0.245901	0.732654	0.183445	0.245901	0.603363	0.149048	0.206236	0.560265	0.091714	0.156659	0.517168	1.146493	1.144067	3.835110	0.000000	0.000000	11.928082	-1.349254	-8.224371	6.515364	-3.154666	48.445059	34.486016	57.732575	0.359473	11.822214	14.392338	-5.155666	65.806205	37.570395	39.803939	-0.117036	10.961220
0.150000	0.521855	-3.363633	87.647222	0.263376	0.973315	0.492940	-7.079312	-0.071618	8.543180	2.034132	0.035502	27.650278	-14.996166	0.000000	-4.784684	0.010925	14.934332	2.202347	0.038438	31.994940	-13.388569	0.000000	0.166207	0.105022	0.719171	0.308663	0.139679	0.764119	0.273062	0.255350	0.764119	0.189958	0.255350	0.629275	0.154340	0.214161	0.584327	0.094971	0.162679	0.539378	1.187201	1.188028	3.999815	0.000000	0.000000	11.773542	-1.230568	-8.088055	6.510993	-3.140195	48.551432	34.365060	56.600218	0.106740	12.372586	14.502735	-5.115171	66.260120	37.315265	39.805391	0.662966	10.717222
0.166667	0.518842	-3.269054	87.551574	0.263468	0.973345	0.492872	-7.216034	-0.102447	9.053349	1.916034	0.033441	27.591587	-15.238623	0.000000	-4.898479	0.010885	14.875768	2.080852	0.036318	32.084244	-13.442871	0.000000	0.171920	0.106265	0.763637	0.319272	0.141332	0.811364	0.282447	0.258372	0.811364	0.196487	0.258372	0.668182	0.159645	0.216695	0.620455	0.098235	0.164604	0.572728	1.228006	1.202087	4.247120	0.000000	0.000000	11.599397	-1.085685	-7.979316	6.494237	-3.126107	48.623562	34.252446	55.274299	-0.151826	12.923004	14.676054	-5.071350	66.869346	37.015884	39.985143	1.575604	10.419863
0.183333	0.489258	-3.187787	87.441433	0.263599	0.973389	0.492944	-7.308751	-0.167691	9.311977	1.853272	0.032346	27.559076	-15.230379	0.000000	-4.977368	0.038221	14.720710	1.992099	0.034769	32.183115	-13.351889	0.000000	0.173358	0.103174	0.811319	0.321943	0.137222	0.862026	0.284810	0.250858	0.862026	0.198131	0.250858	0.709904	0.160980	0.210393	0.659196	0.099057	0.159817	0.608489	1.238279	1.167128	4.512311	0.000000	0.000000	11.303211	-0.948334	-7.890414	6.443272	-3.112007	48.564099	34.185927	53.919240	-0.342728	13.358478	14.855352	-5.058616	67.281697	36.792261	40.459504	2.480829	10.109553
0.200000	0.438676	-3.120763	87.347836	0.263723	0.973411	0.493025	-7.401122	-0.243087	9.766721	1.753624	0.030607	27.480136	-15.478302	0.000000	-5.042988	0.087630	14.697382	1.886896	0.032933	32.261682	-13.382041	0.000000	0.176052	0.096441	0.852358	0.326947	0.128267	0.905630	0.289236	0.234487	0.905630	0.201210	0.234487	0.745813	0.163482	0.196663	0.692541	0.100596	0.149387	0.639268	1.257524	1.090960	4.740557	0.000000	0.000000	11.014678	-0.762410	-7.802037	6.375758	-3.091898	48.519466	34.125212	52.495690	-0.512230	13.720938	15.028952	-5.066539	67.758633	36.568772	41.239831	3.346638	9.730331
0.216667	0.376741	-3.076881	87.265626	0.263827	0.973409	0.493116	-7.464865	-0.328487	10.182103	1.660647	0.028984	27.426813	-15.675155	0.000000	-5.086103	0.150423	14.838641	1.772269	0.030932	32.306383	-13.578448	0.000000	0.181807	0.087688	0.883034	0.337633	0.116625	0.938223	0.298690	0.213205	0.938223	0.207787	0.213205	0.772655	0.168826	0.178814	0.717465	0.103884	0.135829	0.662275	1.298627	0.991947	4.911169	0.000000	0.000000	10.734964	-0.552740	-7.698519	6.320319	-3.067996	48.567719	34.045367	51.032102	-0.619050	14.028955	15.174928	-5.089620	68.253036	36.358053	42.066134	4.111663	9.370167
0.233333	0.308307	-3.035081	87.188620	0.263901	0.973407	0.493250	-7.500767	-0.428539	10.264420	1.619951	0.028273	27.513628	-15.401302	0.000000	-5.108875	0.220729	14.760680	1.696979	0.029618	32.451793	-13.434050	0.000000	0.186090	0.077193	0.906453	0.345588	0.102667	0.963106	0.305728	0.187688	0.963106	0.212683	0.187688	0.793146	0.172804	0.157413	0.736493	0.106332	0.119573	0.679839	1.329225	0.873228	5.041417	0.000000	0.000000	10.480061	-0.330910	-7.636587	6.298590	-3.052587	48.745320	33.963626	49.481981	-0.687147	14.309089	15.318654	-5.123708	68.793785	36.153507	42.947362	4.799577	8.976124
0.250000	0.239280	-3.017161	87.155977	0.263909	0.973369	0.493405	-7.526257	-0.517385	10.462993	1.550676	0.027064	27.539780	-15.365049	0.000000	-5.107310	0.290886	14.816933	1.622876	0.028325	32.557814	-13.379799	0.000000	0.192535	0.066852	0.911080	0.357557	0.088913	0.968022	0.316316	0.162543	0.968022	0.220048	0.162543	0.797195	0.178788	0.136324	0.740252	0.110014	0.103553	0.683310	1.375258	0.756240	5.067153	0.000000	0.000000	10.295826	-0.099106	-7.458657	6.313812	-3.027926	49.030983	33.857464	48.069458	-0.724172	14.588217	15.364970	-5.180366	69.101179	36.045918	43.903126	5.224837	8.594671
0.266667	0.175818	-3.009734	87.151898	0.263852	0.973311	0.493611	-7.541364	-0.587775	10.760970	1.479362	0.025820	27.522191	-15.531815	0.000000	-5.090186	0.359150	14.933716	1.572872	0.027452	32.636714	-13.360681	0.000000	0.198503	0.056163	0.907031	0.368639	0.074697	0.963720	0.326120	0.136555	0.963720	0.226869	0.136555	0.793652	0.184330	0.114528	0.736962	0.113424	0.086996	0.680273	1.417885	0.635327	5.044632	0.000000	0.000000	10.185213	0.109454	-7.350544	6.395654	-3.012436	49.521569	33.710401	46.670530	-0.657499	14.813996	15.359565	-5.237305	69.217909	35.968739	44.721617	5.619840	8.337830
0.283333	0.120442	-3.013682	87.171499	0.263724	0.973226	0.493927	-7.510396	-0.647698	10.856199	1.480055	0.025832	27.574544	-15.511256	0.000000	-5.056017	0.428282	15.211677	1.550432	0.027060	32.637746	-13.541420	0.000000	0.202910	0.045463	0.904085	0.376824	0.060466	0.960590	0.333361	0.110539	0.960590	0.231906	0.110539	0.791075	0.188422	0.092708	0.734569	0.115943	0.070422	0.678064	1.449365	0.514286	5.028250	0.000000	0.000000	10.168902	0.266670	-7.365633	6.519161	-3.007805	50.044740	33.550689	45.475765	-0.508128	15.093121	15.397719	-5.271646	69.448257	35.897321	45.108548	5.944102	8.105409
0.300000	0.068118	-3.032119	87.215742	0.263534	0.973101	0.494369	-7.419410	-0.707466	10.607337	1.577355	0.027530	27.733477	-15.146904	0.000000	-4.982205	0.499053	15.392639	1.602416	0.027967	32.653388	-13.596663	0.000000	0.205730	0.033992	0.902374	0.382062	0.045210	0.958772	0.337994	0.082649	0.958772	0.235129	0.082649	0.789577	0.191041	0.069317	0.733179	0.117554	0.052654	0.676781	1.469511	0.384528	5.018733	0.000000	0.000000	10.266538	0.375727	-7.510905	6.688862	-3.021035	50.641287	33.391401	44.500551	-0.289844	15.363857	15.463491	-5.291054	69.692902	35.857317	45.093510	6.193015	7.966233
0.316667	0.019047	-3.061137	87.290966	0.263316	0.972943	0.494945	-7.292735	-0.740671	10.405247	1.718614	0.029995	27.875519	-14.978572	0.000000	-4.863793	0.562412	15.340250	1.747052	0.030492	32.724377	-13.350347	0.000000	0.206573	0.021223	0.903323	0.383627	0.028227	0.959781	0.339379	0.051603	0.959781	0.236092	0.051603	0.790408	0.191824	0.043279	0.733950	0.118036	0.032875	0.677492	1.475530	0.240084	5.024013	0.000000	0.000000	10.460297	0.444153	-7.799717	6.892378	-3.043761	51.274140	33.235685	43.784893	-0.026421	15.605621	15.595043	-5.299149	70.100032	35.856613	44.479706	6.274031	7.929864
0.333333	-0.028618	-3.115232	87.411686	0.263016	0.972723	0.495642	-7.084816	-0.788112	9.700812	1.991345	0.034756	28.165054	-14.299842	0.000000	-4.695401	0.628990	15.284045	1.958049	0.034174	32.785516	-13.094789	0.000000	0.208160	0.008055	0.898554	0.386574	0.010713	0.954714	0.341986	0.019584	0.954714	0.237906	0.019584	0.786235	0.193298	0.016425	0.730075	0.118943	0.012477	0.673916	1.486868	0.091117	4.997489	0.000000	0.000000	10.740059	0.465660	-8.183062	7.119686	-3.072963	51.904699	33.085351	43.378751	0.300884	15.841088	15.722297	-5.289703	70.391311	35.863578	43.839408	6.302737	7.996576
0.350000	-0.079870	-3.174214	87.519591	0.262673	0.972478	0.496460	-6.815445	-0.865671	8.498568	2.381981	0.041573	28.610009	-13.036800	0.000000	-4.508699	0.706929	15.176529	2.210881	0.038587	32.836658	-12.825405	0.000000	0.207873	-0.006363	0.907899	0.386040	-0.008462	0.964643	0.341514	-0.015470	0.964643	0.237578	-0.015470	0.794412	0.193031	-0.012975	0.737668	0.118778	-0.009856	0.680924	1.484813	-0.071975	5.049461	0.000000	0.000000	11.072886	0.438297	-8.784063	7.351935	-3.120293	52.435313	32.953088	43.281673	0.694686	16.130451	15.976692	-5.237707	71.019438	35.787809	42.696010	6.361632	8.132176
0.366667	-0.122728	-3.252546	87.680040	0.262230	0.972198	0.497329	-6.490864	-0.944909	6.874549	2.860319	0.049922	29.203780	-11.313399	0.000000	-4.280778	0.776586	14.948913	2.506204	0.043742	32.936426	-12.368196	0.000000	0.209200	-0.019123	0.900132	0.388505	-0.025434	0.956390	0.343694	-0.046496	0.956390	0.239094	-0.046496	0.787615	0.194263	-0.038996	0.731357	0.119537	-0.029622	0.675099	1.494293	-0.216325	5.006262	0.000000	0.000000	11.457092	0.385479	-9.354191	7.624097	-3.162923	53.039496	32.802189	43.354242	1.087422	16.399101	16.164419	-5.180791	71.366313	35.737657	41.849632	6.336754	8.358980
0.383333	-0.164524	-3.335593	87.828119	0.261724	0.971907	0.498234	-6.135023	-1.044807	5.078492	3.389296	0.059154	29.877053	-9.359680	0.000000	-4.053886	0.854814	14.899075	2.786207	0.048628	32.967854	-12.197177	0.000000	0.210167	-0.031144	0.899062	0.390301	-0.041421	0.955253	0.345283	-0.075723	0.955253	0.240200	-0.075723	0.786679	0.195161	-0.063508	0.730488	0.120089	-0.048242	0.674296	1.501201	-0.352304	5.000312	0.000000	0.000000	11.860325	0.292500	-10.024970	7.905394	-3.214324	53.561709	32.644738	43.741637	1.553916	16.710287	16.438049	-5.096715	71.937022	35.591963	41.072911	6.354105	8.455071
0.400000	-0.185127	-3.438300	88.001780	0.261126	0.971597	0.499128	-5.752334	-1.128839	3.233180	3.932756	0.068640	30.602619	-7.346386	0.000000	-3.797235	0.914560	14.847633	3.075322	0.053674	33.016109	-12.036966	0.000000	0.213455	-0.038960	0.884838	0.396407	-0.051817	0.940141	0.350685	-0.094728	0.940141	0.243957	-0.094728	0.774233	0.198214	-0.079448	0.718931	0.121968	-0.060349	0.663629	1.524686	-0.440725	4.921205	0.000000	0.000000	12.287789	0.193632	-10.603338	8.223239	-3.277137	54.192914	32.499275	43.936693	1.889945	17.051746	16.661148	-4.998573	72.298200	35.446044	40.672866	6.388671	8.517969
0.416667	-0.180438	-3.558057	88.177003	0.260459	0.971283	0.500006	-5.350878	-1.194436	1.450801	4.474030	0.078087	31.334548	-5.379867	0.000000	-3.515006	0.950455	14.673306	3.366990	0.058765	33.121982	-11.748157	0.000000	0.217836	-0.041461	0.859251	0.404543	-0.055144	0.912954	0.357882	-0.100809	0.912954	0.248964	-0.100809	0.751844	0.202282	-0.084548	0.698141	0.124471	-0.064224	0.644438	1.555978	-0.469020	4.778895	0.000000	0.000000	12.732838	0.093841	-11.026729	8.569055	-3.347256	54.874517	32.358683	44.073682	2.146827	17.375702	16.827288	-4.896939	72.449238	35.323611	40.665390	6.397702	8.480381
0.433333	-0.151083	-3.696032	88.363131	0.259721	0.970967	0.500850	-4.935796	-1.240725	-0.297482	5.006644	0.087382	32.064022	-3.451173	0.000000	-3.206965	0.961141	14.440852	3.654587	0.063785	33.269580	-11.400325	0.000000	0.223083	-0.038710	0.820599	0.414288	-0.051484	0.871886	0.366504	-0.094120	0.871886	0.254962	-0.094120	0.718024	0.207155	-0.078938	0.666737	0.127470	-0.059962	0.615449	1.593463	-0.437896	4.563925	0.000000	0.000000	13.182218	0.010233	-11.266742	8.915158	-3.414630	55.502423	32.230545	44.173086	2.333664	17.700427	16.918298	-4.789122	72.316368	35.229144	40.952006	6.438330	8.424973
0.450000	-0.104332	-3.851081	88.536078	0.258966	0.970651	0.501663	-4.506384	-1.281211	-2.058162	5.536376	0.096628	32.781748	-1.491978	0.000000	-2.869891	0.950386	14.026458	3.951814	0.068972	33.485239	-10.857252	0.000000	0.228251	-0.032270	0.775058	0.423885	-0.042919	0.823499	0.374994	-0.078461	0.823499	0.260868	-0.078461	0.678176	0.211954	-0.065804	0.629734	0.130423	-0.049986	0.581293	1.630374	-0.365041	4.310639	0.000000	0.000000	13.617255	-0.052798	-11.361015	9.241009	-3.476541	56.023081	32.126416	44.207853	2.439161	17.998680	16.935791	-4.672899	71.863053	35.149361	41.641373	6.565580	8.374123
0.466667	-0.047627	-4.013381	88.684451	0.258245	0.970351	0.502411	-4.090430	-1.305776	-3.592026	6.024309	0.105144	33.391045	0.162736	0.000000	-2.538652	0.929956	13.677106	4.217354	0.073607	33.673239	-10.441704	0.000000	0.232394	-0.023547	0.726403	0.431580	-0.031317	0.771803	0.381801	-0.057252	0.771803	0.265604	-0.057252	0.635603	0.215802	-0.048017	0.590203	0.132790	-0.036474	0.544802	1.659971	-0.266366	4.040037	0.000000	0.000000	13.999881	-0.098761	-11.331721	9.533357	-3.538224	56.463907	32.075511	43.935935	2.394522	18.241450	16.909437	-4.568523	71.255272	35.091119	42.480323	6.714594	8.338475
0.483333	0.012888	-4.183209	88.823602	0.257562	0.970072	0.503097	-3.685148	-1.329525	-5.142479	6.484023	0.113168	33.938588	1.802631	0.000000	-2.197733	0.897691	13.241882	4.484559	0.078270	33.892777	-9.908427	0.000000	0.235661	-0.013444	0.667724	0.437646	-0.017881	0.709456	0.387168	-0.032688	0.709456	0.269337	-0.032688	0.584258	0.218835	-0.027415	0.542525	0.134657	-0.020825	0.500793	1.683304	-0.152083	3.713678	0.000000	0.000000	14.307091	-0.105649	-11.139709	9.811634	-3.597821	56.927360	32.067249	43.275443	2.208401	18.377047	16.810449	-4.492994	70.430164	35.081995	43.560840	6.840299	8.362184
0.500000	0.072246	-4.355846	88.928896	0.256964	0.969819	0.503685	-3.306347	-1.346219	-6.480548	6.886030	0.120184	34.356143	3.155954	0.000000	-1.873258	0.863785	12.859885	4.719302	0.082367	34.087400	-9.446428	0.000000	0.238431	-0.002949	0.607935	0.442789	-0.003922	0.645931	0.391718	-0.007171	0.645931	0.272502	-0.007171	0.531943	0.221407	-0.006014	0.493947	0.136239	-0.004568	0.455951	1.703086	-0.033362	3.381152	0.000000	0.000000	14.523463	-0.102907	-10.858261	10.027333	-3.649748	57.246667	32.118936	42.392052	1.893455	18.461018	16.671045	-4.437316	69.530665	35.078560	44.797899	7.015913	8.425632
0.516667	0.134864	-4.534273	89.006615	0.256459	0.969588	0.504132	-2.971665	-1.337624	-7.441398	7.184883	0.125400	34.585013	4.019645	0.000000	-1.568778	0.820789	12.508915	4.911309	0.085719	34.271689	-9.000915	0.000000	0.242481	0.007996	0.545240	0.450312	0.010635	0.579318	0.398373	0.019442	0.579318	0.277132	0.019442	0.477085	0.225168	0.016306	0.443008	0.138554	0.012386	0.408930	1.732021	0.090456	3.032462	0.000000	0.000000	14.665368	-0.094133	-10.518465	10.186031	-3.688300	57.441346	32.200694	41.400179	1.552384	18.508511	16.461043	-4.404922	68.504927	35.100929	46.168967	7.205513	8.565460
0.533333	0.200008	-4.710455	89.063242	0.256036	0.969397	0.504447	-2.689520	-1.304710	-7.924257	7.373502	0.128692	34.620068	4.296004	0.000000	-1.294834	0.773083	12.366745	5.056536	0.088253	34.374869	-8.822010	0.000000	0.247290	0.019283	0.478862	0.459242	0.025646	0.508790	0.406273	0.046884	0.508790	0.282628	0.046884	0.419004	0.229633	0.039321	0.389075	0.141301	0.029869	0.359146	1.766367	0.218130	2.663285	0.000000	0.000000	14.748330	-0.065309	-10.101474	10.320314	-3.718793	57.633909	32.300833	40.177491	1.146933	18.525842	16.209130	-4.389782	67.412392	35.128529	47.534177	7.445382	8.855630
0.550000	0.276715	-4.885276	89.099371	0.255693	0.969243	0.504572	-2.468648	-1.237196	-7.946433	7.432443	0.129721	34.488061	4.057475	0.000000	-1.062936	0.709531	12.352228	5.138537	0.089684	34.416280	-8.807600	0.000000	0.254481	0.031673	0.410737	0.472597	0.042126	0.436408	0.418087	0.077011	0.436408	0.290847	0.077011	0.359394	0.236311	0.064588	0.333723	0.145411	0.049062	0.308052	1.817734	0.358295	2.284393	0.000000	0.000000	14.808069	-0.028530	-9.661856	10.420244	-3.743411	57.811325	32.414871	38.896140	0.729625	18.488291	15.888968	-4.393500	66.246965	35.188819	48.745739	7.647313	9.196538
0.566667	0.374026	-5.048995	89.123008	0.255394	0.969140	0.504574	-2.298653	-1.131489	-7.688356	7.397247	0.129106	34.276007	3.566750	0.000000	-0.859307	0.624661	12.305444	5.201856	0.090790	34.468906	-8.767021	0.000000	0.261583	0.046051	0.348771	0.485786	0.061247	0.370569	0.429755	0.111968	0.370569	0.298963	0.111968	0.305174	0.242906	0.093907	0.283376	0.149469	0.071333	0.261578	1.868463	0.520935	1.939758	0.000000	0.000000	14.881023	0.004850	-9.259587	10.471765	-3.783125	57.892186	32.587947	37.489652	0.222800	18.484138	15.565812	-4.392004	65.114916	35.247532	49.836312	7.857294	9.612080
0.583333	0.480296	-5.202075	89.144507	0.255162	0.969083	0.504404	-2.204056	-0.988337	-6.899093	7.221660	0.126042	33.907188	2.470440	0.000000	-0.708815	0.524917	12.338009	5.194528	0.090662	34.456000	-8.831262	0.000000	0.270615	0.060991	0.288643	0.502559	0.081118	0.306683	0.444594	0.148293	0.306683	0.309286	0.148293	0.252563	0.251293	0.124373	0.234523	0.154629	0.094475	0.216482	1.932976	0.689942	1.605347	0.000000	0.000000	14.986575	0.053257	-8.840265	10.507316	-3.810085	58.001712	32.732894	36.182028	-0.236793	18.396656	15.172117	-4.397156	63.859218	35.346602	50.870047	8.001093	10.052007
0.600000	0.605072	-5.333997	89.169802	0.254957	0.969072	0.504078	-2.188545	-0.796283	-5.539285	6.927546	0.120908	33.355259	0.698358	0.000000	-0.610086	0.411263	12.614716	5.146758	0.089828	34.358555	-9.236205	0.000000	0.280772	0.076815	0.235498	0.521422	0.102164	0.250217	0.461281	0.186767	0.250217	0.320895	0.186767	0.206061	0.260725	0.156641	0.191342	0.160433	0.118986	0.176623	2.005528	0.868943	1.309769	0.000000	0.000000	15.108958	0.073522	-8.579479	10.531508	-3.855420	58.154099	32.877394	35.039776	-0.596784	18.252562	14.787733	-4.394149	62.760631	35.453171	51.406227	8.123690	10.561195
0.616667	0.723925	-5.444403	89.167157	0.254821	0.969113	0.503704	-2.191931	-0.605325	-4.155149	6.637140	0.115840	32.837978	-1.008212	0.000000	-0.547738	0.304534	12.848351	5.080048	0.088664	34.244186	-9.638624	0.000000	0.290909	0.091106	0.200956	0.540247	0.121171	0.213516	0.477934	0.221514	0.213516	0.332480	0.221514	0.175836	0.270138	0.185783	0.163277	0.166225	0.141123	0.150717	2.077934	1.030606	1.117656	0.000000	0.000000	15.250169	0.078677	-8.452047	10.522529	-3.901412	58.201687	33.015898	34.213005	-0.859633	18.118446	14.503116	-4.383363	62.120652	35.535094	51.392604	8.186739	10.882650
0.633333	0.832491	-5.536546	89.162162	0.254756	0.969201	0.503298	-2.244917	-0.389779	-2.318307	6.276378	0.109543	32.183553	-3.298667	0.000000	-0.484218	0.195291	12.636020	5.057500	0.088270	34.290314	-9.418981	0.000000	0.301670	0.102894	0.174913	0.560231	0.136849	0.185845	0.495614	0.250176	0.185845	0.344779	0.250176	0.153049	0.280131	0.209821	0.142117	0.172374	0.159382	0.131185	2.154799	1.163955	0.972812	0.000000	0.000000	15.382982	0.088302	-8.421769	10.518627	-3.944488	58.332290	33.124535	33.548794	-1.039387	17.902772	14.240653	-4.380440	61.651516	35.638294	51.011517	8.118921	11.170555
0.650000	0.912080	-5.608334	89.123016	0.254777	0.969340	0.502900	-2.304999	-0.198459	-0.446054	5.940678	0.103684	31.547564	-5.596913	0.000000	-0.452011	0.110651	12.437371	4.998087	0.087233	34.313485	-9.217836	0.000000	0.311757	0.110437	0.166155	0.578964	0.146881	0.176540	0.512186	0.268517	0.176540	0.356307	0.268517	0.145386	0.289498	0.225203	0.135001	0.178138	0.171067	0.124616	2.226850	1.249287	0.924106	0.000000	0.000000	15.487020	0.093722	-8.503607	10.488068	-3.975482	58.371862	33.209254	33.285229	-1.103594	17.650868	14.051434	-4.376473	61.472827	35.705437	50.346026	8.009321	11.320147
0.666667	0.947226	-5.672132	89.045882	0.254824	0.969509	0.502548	-2.308305	-0.109999	0.633019	5.762429	0.100573	31.162286	-6.829432	0.000000	-0.452656	0.079365	12.632111	4.851415	0.084673	34.191415	-9.524811	0.000000	0.321677	0.113002	0.172029	0.597386	0.150293	0.182781	0.528483	0.274753	0.182781	0.367645	0.274753	0.150525	0.298709	0.230434	0.139774	0.183806	0.175040	0.129022	2.297706	1.278302	0.956774	0.000000	0.000000	15.568639	0.102103	-8.649641	10.441548	-3.999327	58.342568	33.269494	33.396788	-1.048278	17.356412	13.907051	-4.368698	61.408562	35.705448	49.854521	7.953883	11.283656
0.683333	0.928984	-5.711811	88.889923	0.254953	0.969731	0.502268	-2.284418	-0.115109	1.275734	5.689220	0.099296	30.932616	-7.413803	0.000000	-0.489438	0.104647	12.906734	4.638873	0.080964	34.030571	-9.963186	0.000000	0.327589	0.109163	0.206232	0.608365	0.145187	0.219121	0.538195	0.265420	0.219121	0.374401	0.265420	0.180453	0.304199	0.222606	0.167563	0.187184	0.169094	0.154674	2.339933	1.234878	1.146998	0.000000	0.000000	15.626559	0.116804	-8.901781	10.372560	-4.013855	58.177667	33.306155	33.875053	-0.879087	17.034630	13.899232	-4.355463	61.755673	35.634058	49.108290	7.886153	11.056150
0.700000	0.868524	-5.745447	88.739404	0.255083	0.969970	0.502035	-2.236292	-0.184665	1.582631	5.692812	0.099358	30.828801	-7.555869	0.000000	-0.528116	0.171026	13.225124	4.384739	0.076528	33.878958	-10.403077	0.000000	0.331863	0.100998	0.238420	0.616303	0.134328	0.253321	0.545218	0.245568	0.253321	0.379287	0.245568	0.208617	0.308168	0.205956	0.193716	0.189627	0.156447	0.178815	2.370467	1.142514	1.326019	0.000000	0.000000	15.671945	0.150961	-9.063177	10.324446	-4.007058	58.062600	33.298726	34.535043	-0.646863	16.639160	13.866417	-4.368393	61.924675	35.578264	48.882820	7.782826	10.690488
0.716667	0.761476	-5.770791	88.556543	0.255225	0.970216	0.501874	-2.155388	-0.337203	1.446927	5.786351	0.100991	30.893177	-7.074400	0.000000	-0.571856	0.286725	13.550984	4.100272	0.071563	33.728839	-10.855967	0.000000	0.333135	0.087576	0.281109	0.618664	0.116477	0.298678	0.547307	0.212933	0.298678	0.380739	0.212933	0.245970	0.309349	0.178586	0.228401	0.190353	0.135656	0.210832	2.379546	0.990682	1.563443	0.000000	0.000000	15.707374	0.201794	-9.242112	10.294977	-3.984309	57.926413	33.237165	35.592453	-0.280193	16.178576	13.861566	-4.378823	62.048783	35.484408	48.987494	7.724703	10.228266
0.733333	0.633836	-5.800158	88.422755	0.255320	0.970433	0.501780	-2.057325	-0.517114	1.089709	5.923974	0.103393	31.041688	-6.360818	0.000000	-0.580101	0.418853	13.737033	3.846879	0.067141	33.660849	-11.071233	0.000000	0.333297	0.072442	0.312167	0.618966	0.096348	0.331677	0.547574	0.176136	0.331677	0.380925	0.176136	0.273146	0.309500	0.147724	0.253636	0.190446	0.112213	0.234125	2.380707	0.819481	1.736179	0.000000	0.000000	15.761593	0.281842	-9.273839	10.282615	-3.945111	57.842352	33.174862	36.444651	-0.037474	15.731010	13.830185	-4.408780	62.037621	35.441029	49.348043	7.615958	9.695314
0.750000	0.485462	-5.824149	88.300395	0.255389	0.970616	0.501780	-1.939402	-0.736282	0.427230	6.128770	0.106967	31.298420	-5.269965	0.000000	-0.578931	0.572106	13.864310	3.607573	0.062964	33.614584	-11.213309	0.000000	0.330795	0.055712	0.343090	0.614319	0.074097	0.364533	0.543463	0.135458	0.364533	0.378065	0.135458	0.300204	0.307176	0.113608	0.278761	0.189016	0.086298	0.257317	2.362834	0.630225	1.908163	0.000000	0.000000	15.836602	0.372351	-9.214238	10.276251	-3.890905	57.711292	33.085885	37.346564	0.216140	15.286607	13.843081	-4.445667	62.154546	35.401749	49.639385	7.439877	9.048699
0.766667	0.325576	-5.839604	88.202734	0.255432	0.970748	0.501863	-1.813292	-0.982495	-0.569296	6.390828	0.111541	31.654913	-3.803412	0.000000	-0.566404	0.737799	13.952914	3.409332	0.059504	33.589671	-11.314921	0.000000	0.325876	0.038019	0.373023	0.605184	0.050566	0.396337	0.535381	0.092440	0.396337	0.372443	0.092440	0.326395	0.302608	0.077529	0.303081	0.186205	0.058892	0.279767	2.327698	0.430084	2.074640	0.000000	0.000000	15.937325	0.475970	-9.091422	10.268217	-3.827288	57.530660	32.988008	38.192118	0.418960	14.883846	13.894845	-4.487234	62.401125	35.374747	49.789984	7.202669	8.367563
0.783333	0.158304	-5.848263	88.138387	0.255446	0.970821	0.502047	-1.680247	-1.246903	-1.849886	6.704037	0.117008	32.076300	-2.056263	0.000000	-0.530513	0.908706	13.902491	3.280783	0.057260	33.620703	-11.232229	0.000000	0.318904	0.019245	0.403319	0.592236	0.025596	0.428526	0.523927	0.046792	0.428526	0.364475	0.046792	0.352904	0.296134	0.039244	0.327697	0.182222	0.029810	0.302489	2.277899	0.217703	2.243139	0.000000	0.000000	16.064622	0.573854	-8.968687	10.250906	-3.755992	57.275284	32.887683	38.842939	0.572931	14.572546	14.002325	-4.524961	62.808874	35.330604	49.784254	6.991028	7.730674
0.800000	-0.009541	-5.846573	88.104735	0.255449	0.970844	0.502309	-1.558665	-1.507674	-3.212712	7.030654	0.122708	32.491708	-0.300209	0.000000	-0.490348	1.079187	13.856153	3.197343	0.055804	33.655061	-11.139360	0.000000	0.310117	0.000206	0.435304	0.575918	0.000274	0.462510	0.509491	0.000500	0.462510	0.354432	0.000500	0.380891	0.287974	0.000420	0.353684	0.177201	0.000319	0.326478	2.215132	0.002328	2.421028	0.000000	0.000000	16.204592	0.661059	-8.843367	10.235177	-3.691769	57.039830	32.804756	39.140333	0.603954	14.335006	14.193826	-4.574728	63.544471	35.283997	49.458692	6.716755	7.089000
0.816667	-0.170704	-5.835469	88.120496	0.255427	0.970829	0.502666	-1.450976	-1.755388	-4.690606	7.358260	0.128426	32.903331	1.492169	0.000000	-0.406818	1.226511	13.316000	3.236576	0.056489	33.877113	-10.347364	0.000000	0.299462	-0.018586	0.466196	0.556132	-0.024719	0.495333	0.491987	-0.045190	0.495333	0.342256	-0.045190	0.407921	0.278081	-0.037900	0.378784	0.171113	-0.028789	0.349647	2.139030	-0.210246	2.592840	0.000000	0.000000	16.339205	0.754708	-8.724762	10.226875	-3.638938	56.851735	32.742214	39.050304	0.511557	14.172523	14.488038	-4.639955	64.675969	35.245863	48.772516	6.334087	6.415968
0.833333	-0.318216	-5.823198	88.145263	0.255414	0.970760	0.503042	-1.352395	-1.980583	-6.086061	7.672938	0.133918	33.263359	3.114914	0.000000	-0.334948	1.362125	12.986332	3.276440	0.057185	34.027713	-9.826087	0.000000	0.288948	-0.036099	0.502099	0.536605	-0.048012	0.533480	0.474713	-0.087772	0.533480	0.330239	-0.087772	0.439337	0.268317	-0.073614	0.407955	0.165105	-0.055918	0.376574	2.063926	-0.408363	2.792524	0.000000	0.000000	16.459734	0.830026	-8.648633	10.180304	-3.587580	56.505891	32.695886	39.061054	0.424026	14.115681	14.801356	-4.681386	65.804309	35.173450	48.132386	6.098809	5.925046
0.850000	-0.439580	-5.800410	88.191070	0.255366	0.970663	0.503388	-1.291380	-2.168860	-7.316877	7.933360	0.138463	33.545502	4.484900	0.000000	-0.280858	1.471914	12.719767	3.332793	0.058168	34.157416	-9.385716	0.000000	0.277727	-0.050665	0.537603	0.515766	-0.067384	0.571204	0.456277	-0.123186	0.571204	0.317414	-0.123186	0.470403	0.257897	-0.103316	0.436803	0.158693	-0.078480	0.403202	1.983773	-0.573130	2.989988	0.000000	0.000000	16.545226	0.922157	-8.594533	10.121317	-3.545665	56.113611	32.648931	39.164131	0.351827	14.109976	15.098643	-4.693279	66.809944	35.095107	47.564404	5.930407	5.639993
0.866667	-0.540989	-5.788308	88.285960	0.255277	0.970514	0.503713	-1.233170	-2.327788	-8.480136	8.164489	0.142497	33.823207	5.722070	0.000000	-0.208014	1.561351	12.470149	3.435872	0.059967	34.287386	-8.948227	0.000000	0.268721	-0.062939	0.565859	0.499042	-0.083709	0.601225	0.441482	-0.153030	0.601225	0.307121	-0.153030	0.495127	0.249534	-0.128346	0.459760	0.153547	-0.097493	0.424394	1.919447	-0.711981	3.147138	0.000000	0.000000	16.597107	1.044982	-8.507031	10.041524	-3.503038	55.654892	32.621331	39.171970	0.240972	14.199672	15.419658	-4.701028	67.812910	35.015405	47.157846	5.844311	5.459808
0.883333	-0.595589	-5.782105	88.391088	0.255165	0.970328	0.503947	-1.194393	-2.428684	-9.456379	8.334764	0.145469	34.060748	6.750122	0.000000	-0.147520	1.605469	12.273029	3.551003	0.061977	34.385074	-8.615669	0.000000	0.261823	-0.069657	0.590288	0.486232	-0.092643	0.627180	0.430149	-0.169363	0.627180	0.299238	-0.169363	0.516502	0.243129	-0.142044	0.479609	0.149606	-0.107898	0.442716	1.870178	-0.787970	3.283002	0.000000	0.000000	16.602506	1.151416	-8.475407	9.949204	-3.489202	55.208744	32.633158	39.231779	0.121220	14.277306	15.679922	-4.677146	68.567449	34.949760	46.717495	5.796683	5.426088
0.900000	-0.603395	-5.772109	88.498949	0.255041	0.970128	0.504113	-1.179262	-2.470983	-10.236480	8.453955	0.147549	34.263990	7.572089	0.000000	-0.107985	1.609580	12.211448	3.683112	0.064282	34.420114	-8.512804	0.000000	0.254943	-0.070806	0.611659	0.473454	-0.094172	0.649888	0.418846	-0.172158	0.649888	0.291374	-0.172158	0.535202	0.236740	-0.144388	0.496973	0.145674	-0.109679	0.458744	1.821031	-0.800974	3.401865	0.000000	0.000000	16.556244	1.246303	-8.491109	9.858994	-3.500794	54.778785	32.681107	39.305245	-0.008924	14.402251	15.915440	-4.615514	69.115770	34.878549	46.235738	5.813307	5.605689
0.916667	-0.571804	-5.761135	88.639309	0.254910	0.969922	0.504154	-1.211724	-2.451012	-10.708459	8.481000	0.148021	34.366557	7.986051	0.000000	-0.068249	1.565289	11.838578	3.869248	0.067531	34.551231	-7.969748	0.000000	0.249432	-0.067271	0.611682	0.463221	-0.089470	0.649912	0.409792	-0.163562	0.649912	0.285076	-0.163562	0.535221	0.231623	-0.137178	0.496991	0.142526	-0.104202	0.458761	1.781669	-0.760978	3.401989	0.000000	0.000000	16.464307	1.362540	-8.466908	9.830938	-3.519110	54.650311	32.707453	39.244896	-0.133498	14.436367	16.022904	-4.554944	69.230029	34.889146	45.799182	5.725408	5.922984
0.933333	-0.507355	-5.751819	88.776359	0.254812	0.969707	0.504062	-1.276612	-2.372626	-10.831710	8.436316	0.147241	34.355236	7.950607	0.000000	-0.051756	1.490447	11.607236	4.047305	0.070639	34.627847	-7.626157	0.000000	0.245478	-0.059995	0.602911	0.455878	-0.079794	0.640593	0.403296	-0.145873	0.640593	0.280557	-0.145873	0.527547	0.227951	-0.122343	0.489865	0.140266	-0.092933	0.452183	1.753426	-0.678681	3.353210	0.000000	0.000000	16.340723	1.455407	-8.483080	9.803738	-3.540880	54.543465	32.747462	39.469650	-0.200897	14.454699	16.057386	-4.493406	69.066362	34.954697	45.361510	5.601116	6.433992
0.950000	-0.428889	-5.745170	88.884966	0.254770	0.969502	0.503882	-1.344849	-2.268667	-10.835659	8.375857	0.146186	34.322859	7.788488	0.000000	-0.051893	1.398527	11.330239	4.206114	0.073411	34.711286	-7.215948	0.000000	0.242162	-0.050969	0.590323	0.449718	-0.067789	0.627219	0.397847	-0.123927	0.627219	0.276767	-0.123927	0.516533	0.224871	-0.103937	0.479638	0.138371	-0.078952	0.442743	1.729736	-0.576577	3.283202	0.000000	0.000000	16.207229	1.531478	-8.535421	9.778122	-3.547534	54.434590	32.763828	39.893056	-0.158115	14.468424	16.009713	-4.424426	68.586071	35.039666	44.901596	5.498270	7.099734
0.966667	-0.350772	-5.733329	88.966358	0.254809	0.969322	0.503578	-1.440768	-2.140353	-10.487837	8.266003	0.144269	34.181397	7.167303	0.000000	-0.087721	1.303067	11.207261	4.305287	0.075141	34.749190	-6.973546	0.000000	0.239009	-0.042438	0.576164	0.443864	-0.056443	0.612175	0.392669	-0.103184	0.612175	0.273164	-0.103184	0.504144	0.221944	-0.086540	0.468134	0.136570	-0.065737	0.432123	1.707220	-0.480069	3.204454	0.000000	0.000000	16.061451	1.589396	-8.629456	9.758693	-3.538550	54.367538	32.758066	40.649684	-0.049828	14.432716	15.904305	-4.364320	67.899616	35.139011	44.563154	5.443970	7.866635
0.983333	-0.294319	-5.710113	88.982984	0.254936	0.969182	0.503187	-1.515672	-2.063190	-10.513801	8.227861	0.143603	34.169366	7.096601	0.000000	-0.181449	1.232726	11.389237	4.291176	0.074895	34.667365	-7.155309	0.000000	0.234639	-0.036246	0.570296	0.435748	-0.048207	0.605939	0.385488	-0.088128	0.605939	0.268169	-0.088128	0.499009	0.217886	-0.073912	0.463365	0.134073	-0.056144	0.427722	1.676003	-0.410017	3.171815	0.000000	0.000000	15.909110	1.656361	-8.731447	9.732068	-3.514268	54.292626	32.734560	41.730485	0.089155	14.357393	15.779063	-4.315624	67.156893	35.227738	44.310999	5.421847	8.626287
1.000000	-0.269206	-5.669322	88.951374	0.255145	0.969094	0.502731	-1.587429	-2.037318	-10.705975	8.234811	0.143725	34.219439	7.280679	0.000000	-0.321412	1.195385	11.756103	4.189591	0.073122	34.515236	-7.595054	0.000000	0.228014	-0.034116	0.572681	0.423445	-0.045374	0.608473	0.374604	-0.082950	0.608473	0.260597	-0.082950	0.501096	0.211734	-0.069570	0.465303	0.130287	-0.052846	0.429511	1.628682	-0.385928	3.185079	0.000000	0.000000	15.749641	1.732413	-8.859970	9.714860	-3.469339	54.251886	32.674499	43.135891	0.268122	14.235520	15.680460	-4.282756	66.506021	35.281853	44.235238	5.467624	9.348480
1.016667	-0.273047	-5.612610	88.847023	0.255471	0.969051	0.502235	-1.657509	-2.047925	-10.859988	8.260043	0.144165	34.301825	7.511940	0.000000	-0.495437	1.187391	12.093564	4.026523	0.070276	34.362142	-8.065308	0.000000	0.219047	-0.035905	0.591311	0.406792	-0.047754	0.628268	0.359872	-0.087301	0.628268	0.250348	-0.087301	0.517397	0.203407	-0.073218	0.480440	0.125163	-0.055618	0.443483	1.564628	-0.406170	3.288694	0.000000	0.000000	15.596935	1.814738	-9.023328	9.684991	-3.402238	54.138161	32.581380	44.950193	0.513590	14.071346	15.615798	-4.258009	65.970992	35.289391	44.457232	5.609214	9.994098
1.033333	-0.296383	-5.541157	88.711476	0.255868	0.969048	0.501674	-1.751685	-2.067876	-10.784379	8.251521	0.144016	34.359900	7.514167	0.000000	-0.703026	1.200321	12.521656	3.810549	0.066507	34.165638	-8.703079	0.000000	0.208564	-0.040679	0.616560	0.387325	-0.054103	0.655095	0.342650	-0.098907	0.655095	0.238368	-0.098907	0.539490	0.193673	-0.082953	0.500955	0.119174	-0.063012	0.462420	1.489754	-0.460171	3.429122	0.000000	0.000000	15.453460	1.899433	-9.210350	9.658225	-3.324186	54.080982	32.469259	46.788747	0.732965	13.870514	15.554709	-4.249636	65.497617	35.278714	44.950048	5.791549	10.582841
1.050000	-0.334585	-5.468807	88.510588	0.256357	0.969063	0.501079	-1.833802	-2.107916	-10.654135	8.244695	0.143897	34.479778	7.590866	0.000000	-0.923006	1.231521	12.855554	3.569781	0.062304	33.971873	-9.324175	0.000000	0.198455	-0.047382	0.654745	0.368552	-0.063018	0.695667	0.326042	-0.115204	0.695667	0.226815	-0.115204	0.572902	0.184286	-0.096621	0.531980	0.113397	-0.073395	0.491059	1.417547	-0.535993	3.641496	0.000000	0.000000	15.340296	1.965606	-9.422785	9.611093	-3.231629	53.940087	32.334809	48.775988	0.997549	13.673620	15.500050	-4.248646	65.115904	35.236851	45.573878	6.007866	11.090474
1.066667	-0.376398	-5.385228	88.293382	0.256887	0.969112	0.500429	-1.948063	-2.132668	-10.201570	8.177705	0.142728	34.559683	7.332164	0.000000	-1.167597	1.269882	13.250599	3.304352	0.057672	33.739509	-10.088053	0.000000	0.187971	-0.054932	0.697741	0.349080	-0.073060	0.741350	0.308817	-0.133562	0.741350	0.214832	-0.133562	0.610523	0.174549	-0.112018	0.566915	0.107406	-0.085090	0.523306	1.342655	-0.621404	3.880626	0.000000	0.000000	15.245040	1.995832	-9.672367	9.549651	-3.144063	53.830306	32.217979	50.331303	1.171937	13.494375	15.511016	-4.277817	65.134411	35.196194	45.883747	6.114080	11.401199
1.083333	-0.421980	-5.307806	88.053083	0.257446	0.969171	0.499725	-2.065579	-2.151838	-9.537891	8.077845	0.140985	34.630328	6.888286	0.000000	-1.416446	1.314621	13.681187	3.020557	0.052719	33.479073	-10.954662	0.000000	0.179931	-0.062617	0.739770	0.334149	-0.083280	0.786006	0.295608	-0.152246	0.786006	0.205643	-0.152246	0.647299	0.167084	-0.127688	0.601063	0.102812	-0.096993	0.554828	1.285227	-0.708332	4.114380	0.000000	0.000000	15.187982	1.976841	-9.930673	9.469699	-3.054241	53.698968	32.110995	51.592003	1.311944	13.365528	15.512893	-4.337625	65.273846	35.178858	46.085440	6.151471	11.591811
1.100000	-0.468688	-5.240220	87.816036	0.258009	0.969236	0.498972	-2.188980	-2.157538	-8.650448	7.939643	0.138573	34.652705	6.183478	0.000000	-1.650570	1.359183	14.065852	2.744673	0.047904	33.244641	-11.775179	0.000000	0.174918	-0.070045	0.770103	0.324840	-0.093159	0.818235	0.287372	-0.170307	0.818235	0.199913	-0.170307	0.673840	0.162429	-0.142835	0.625709	0.099948	-0.108499	0.577577	1.249419	-0.792359	4.283083	0.000000	0.000000	15.171490	1.907268	-10.168856	9.396981	-2.965047	53.653288	32.012326	52.390301	1.417880	13.272410	15.476600	-4.447851	65.444602	35.227321	46.236914	6.115387	11.678961
1.116667	-0.515845	-5.191268	87.602017	0.258539	0.969302	0.498199	-2.305354	-2.149109	-7.566588	7.775406	0.135706	34.612175	5.202961	0.000000	-1.850348	1.398749	14.339255	2.488089	0.043425	33.068211	-12.414007	0.000000	0.173990	-0.076767	0.781574	0.323117	-0.102100	0.830422	0.285848	-0.186652	0.830422	0.198853	-0.186652	0.683877	0.161567	-0.156544	0.635029	0.099418	-0.118912	0.586180	1.242793	-0.868406	4.346878	0.000000	0.000000	15.188005	1.785790	-10.355105	9.346466	-2.871952	53.730917	31.916090	52.564538	1.481827	13.258353	15.379366	-4.602711	65.533483	35.346268	46.391109	6.068089	11.738083
1.133333	-0.561503	-5.162818	87.399065	0.259040	0.969361	0.497425	-2.406825	-2.128840	-6.343962	7.595230	0.132562	34.515549	4.027366	0.000000	-2.019010	1.432622	14.631569	2.240091	0.039097	32.904952	-13.053253	0.000000	0.177308	-0.081946	0.773851	0.329278	-0.108989	0.822217	0.291299	-0.199244	0.822217	0.202645	-0.199244	0.677120	0.164648	-0.167105	0.628754	0.101314	-0.126935	0.580388	1.266490	-0.926994	4.303929	0.000000	0.000000	15.222075	1.641694	-10.422501	9.326542	-2.779086	53.952855	31.828206	52.112900	1.489464	13.328720	15.206109	-4.801210	65.485640	35.560275	46.557804	5.982332	11.775307
1.150000	-0.604094	-5.148885	87.210537	0.259493	0.969427	0.496686	-2.488927	-2.108639	-5.193708	7.422899	0.129554	34.406101	2.921905	0.000000	-2.140767	1.454744	14.446739	2.049212	0.035765	32.934970	-13.006163	0.000000	0.183441	-0.085134	0.747979	0.340668	-0.113228	0.794728	0.301375	-0.206994	0.794728	0.209655	-0.206994	0.654482	0.170343	-0.173604	0.607733	0.104818	-0.131872	0.560985	1.310300	-0.963048	4.160037	0.000000	0.000000	15.241058	1.504281	-10.342845	9.341432	-2.690913	54.324202	31.755902	51.025617	1.399072	13.466202	14.986469	-5.041720	65.405903	35.858513	46.545227	5.793717	11.720631
1.166667	-0.640908	-5.159032	87.032796	0.259886	0.969468	0.495968	-2.534492	-2.097894	-4.241096	7.283305	0.127118	34.320349	2.048690	0.000000	-2.248430	1.478283	14.556568	1.835701	0.032039	32.884985	-13.303324	0.000000	0.193235	-0.085811	0.701932	0.358856	-0.114128	0.745802	0.317465	-0.208640	0.745802	0.220848	-0.208640	0.614190	0.179438	-0.174985	0.570319	0.110414	-0.132921	0.526449	1.380256	-0.970708	3.903933	0.000000	0.000000	15.247426	1.399363	-10.076217	9.392362	-2.600581	54.792288	31.680725	49.691921	1.311436	13.669109	14.621187	-5.280755	64.812073	36.217515	46.933728	5.724757	11.807711
1.183333	-0.669111	-5.187805	86.883203	0.260194	0.969483	0.495286	-2.561737	-2.083114	-3.379232	7.146996	0.124739	34.229007	1.254381	0.000000	-2.323773	1.494394	14.625401	1.662219	0.029011	32.863658	-13.501547	0.000000	0.205077	-0.084205	0.641293	0.380849	-0.111993	0.681374	0.336922	-0.204737	0.681374	0.234383	-0.204737	0.561131	0.190435	-0.171712	0.521050	0.117181	-0.130434	0.480970	1.464847	-0.952549	3.566678	0.000000	0.000000	15.241653	1.348813	-9.666550	9.460384	-2.522926	55.309122	31.639340	48.031835	1.162177	13.945669	14.184631	-5.515391	63.988434	36.629251	47.438364	5.632891	11.914991
1.200000	-0.690856	-5.254355	86.778456	0.260445	0.969441	0.494690	-2.541913	-2.065495	-2.675948	7.034229	0.122770	34.161726	0.599267	0.000000	-2.337446	1.502525	14.687505	1.552248	0.027092	32.859429	-13.624093	0.000000	0.220339	-0.081412	0.567371	0.409191	-0.108278	0.602831	0.361995	-0.197945	0.602831	0.251825	-0.197945	0.496449	0.204607	-0.166015	0.460989	0.125902	-0.126107	0.425528	1.573859	-0.920946	3.155545	0.000000	0.000000	15.253651	1.340032	-9.145309	9.550284	-2.463435	55.910659	31.644938	45.989222	0.952049	14.245951	13.708183	-5.747543	62.992961	37.072669	48.076077	5.549588	12.027851
1.216667	-0.695111	-5.339741	86.668852	0.260676	0.969351	0.494162	-2.500851	-2.030743	-1.955911	6.922749	0.120825	34.071671	-0.079202	0.000000	-2.334420	1.496513	14.921048	1.468499	0.025630	32.778516	-13.982515	0.000000	0.235531	-0.076636	0.497314	0.437405	-0.101926	0.528396	0.386954	-0.186334	0.528396	0.269189	-0.186334	0.435150	0.218714	-0.156277	0.404067	0.134582	-0.118710	0.372985	1.682375	-0.866927	2.765910	0.000000	0.000000	15.303773	1.329998	-8.656071	9.629965	-2.428953	56.387285	31.703765	44.290840	0.837649	14.550044	13.183577	-5.921576	61.707542	37.502369	48.626298	5.524345	12.360165
1.233333	-0.692169	-5.439178	86.625788	0.260841	0.969232	0.493721	-2.457166	-1.990849	-1.441890	6.806061	0.118788	33.986771	-0.595156	0.000000	-2.281564	1.478152	14.861878	1.478735	0.025809	32.811517	-13.860530	0.000000	0.249236	-0.071783	0.419721	0.462857	-0.095471	0.445954	0.409470	-0.174533	0.445954	0.284852	-0.174533	0.367256	0.231441	-0.146380	0.341023	0.142414	-0.111192	0.314791	1.780269	-0.812023	2.334363	0.000000	0.000000	15.433757	1.353489	-8.145182	9.729251	-2.419154	56.948567	31.807379	42.350443	0.651456	14.823817	12.662949	-6.081124	60.367077	37.951730	49.017553	5.368263	12.739967
1.250000	-0.689624	-5.557295	86.636130	0.260963	0.969074	0.493363	-2.407251	-1.949157	-1.053273	6.681098	0.116607	33.880931	-1.058730	0.000000	-2.178615	1.453331	14.622760	1.563276	0.027284	32.911757	-13.434373	0.000000	0.262320	-0.068078	0.343996	0.487154	-0.090543	0.365496	0.430965	-0.165524	0.365496	0.299805	-0.165524	0.300997	0.243590	-0.138824	0.279497	0.149889	-0.105452	0.257997	1.873723	-0.770109	1.913205	0.000000	0.000000	15.676119	1.376853	-7.674644	9.806759	-2.417573	57.373857	31.947033	40.898996	0.538154	15.037458	12.166293	-6.209770	58.980479	38.378423	49.418950	5.232443	13.173903
1.266667	-0.701041	-5.686626	86.653635	0.261096	0.968873	0.493054	-2.351307	-1.919692	-0.693862	6.559265	0.114481	33.750175	-1.546916	0.000000	-2.074776	1.445067	14.634102	1.627920	0.028413	32.916398	-13.329878	0.000000	0.274770	-0.067223	0.283354	0.510276	-0.089406	0.301063	0.451420	-0.163445	0.301063	0.314035	-0.163445	0.247935	0.255152	-0.137081	0.230225	0.157004	-0.104128	0.212515	1.962657	-0.760437	1.575929	0.000000	0.000000	16.036603	1.368748	-7.300344	9.820864	-2.409148	57.465180	32.111412	40.418603	0.622720	15.263195	11.699665	-6.302511	57.566644	38.787467	49.739524	5.146447	13.822221
1.283333	-0.723431	-5.824166	86.687127	0.261215	0.968650	0.492841	-2.284756	-1.913872	-0.590365	6.457982	0.112713	33.639666	-1.770116	0.000000	-1.946846	1.445818	14.656501	1.708846	0.029825	32.926980	-13.221633	0.000000	0.286110	-0.068408	0.236434	0.531335	-0.090983	0.251211	0.470051	-0.166327	0.251211	0.326995	-0.166327	0.206880	0.265682	-0.139498	0.192103	0.163483	-0.105964	0.177326	2.043657	-0.773845	1.314976	0.000000	0.000000	16.520059	1.334592	-6.975430	9.799728	-2.398420	57.352960	32.276177	40.722209	0.854657	15.470986	11.282443	-6.354451	56.205768	39.135008	50.022504	5.161177	14.536004
1.300000	-0.770617	-5.951865	86.720053	0.261365	0.968429	0.492729	-2.222253	-1.943042	-0.686635	6.376890	0.111298	33.546288	-1.778966	0.000000	-1.820620	1.468463	14.688223	1.783477	0.031128	32.920284	-13.146013	0.000000	0.294309	-0.074004	0.209738	0.546561	-0.098425	0.222846	0.483520	-0.179933	0.222846	0.336366	-0.179933	0.183521	0.273295	-0.150909	0.170412	0.168168	-0.114632	0.157303	2.102218	-0.837147	1.166498	0.000000	0.000000	17.093055	1.298404	-6.714003	9.755286	-2.376883	57.081999	32.420014	41.844580	1.194312	15.659787	10.982039	-6.385114	55.129196	39.389408	50.367267	5.332255	15.191347
1.316667	-0.836406	-6.073319	86.752782	0.261518	0.968211	0.492741	-2.156066	-2.008274	-1.057747	6.319407	0.110294	33.495770	-1.455532	0.000000	-1.683240	1.508264	14.650641	1.863965	0.032532	32.939966	-12.991072	0.000000	0.300215	-0.082547	0.199434	0.557530	-0.109787	0.211898	0.493224	-0.200704	0.211898	0.343116	-0.200704	0.174504	0.278780	-0.168330	0.162040	0.171543	-0.127865	0.149575	2.144409	-0.933786	1.109190	0.000000	0.000000	17.731173	1.283950	-6.451611	9.702323	-2.350605	56.736850	32.540847	43.432580	1.560069	15.885014	10.775324	-6.390757	54.309994	39.564938	50.676255	5.552611	15.797147
1.333333	-0.921769	-6.181126	86.757769	0.261722	0.968005	0.492879	-2.091403	-2.101623	-1.512425	6.274599	0.109512	33.469766	-0.984537	0.000000	-1.552369	1.569272	14.712346	1.931551	0.033712	32.908129	-13.038076	0.000000	0.302501	-0.094474	0.211585	0.561775	-0.125650	0.224809	0.496979	-0.229704	0.224809	0.345729	-0.229704	0.185137	0.280903	-0.192651	0.171913	0.172849	-0.146340	0.158688	2.160737	-1.068707	1.176770	0.000000	0.000000	18.419156	1.295007	-6.211812	9.629223	-2.308438	56.224401	32.627223	45.579170	1.985465	16.141547	10.694155	-6.369117	53.819698	39.623242	51.119233	5.903239	16.285692
1.350000	-1.025437	-6.280214	86.692352	0.262023	0.967811	0.493148	-2.010297	-2.228596	-2.095392	6.253825	0.109150	33.497604	-0.236582	0.000000	-1.415805	1.647219	14.531204	2.006969	0.035028	32.933916	-12.874457	0.000000	0.301899	-0.109288	0.253322	0.560656	-0.145354	0.269155	0.495989	-0.265724	0.269155	0.345040	-0.265724	0.221657	0.280343	-0.222861	0.205824	0.172505	-0.169288	0.189992	2.156431	-1.236293	1.408902	0.000000	0.000000	19.143925	1.331205	-5.989154	9.520015	-2.249775	55.489715	32.684316	48.126816	2.464411	16.402229	10.738848	-6.331516	53.694430	39.594053	51.446910	6.247871	16.683876
1.366667	-1.138238	-6.367281	86.579146	0.262401	0.967634	0.493480	-1.941287	-2.364425	-2.566320	6.212200	0.108423	33.512075	0.461832	0.000000	-1.292298	1.735898	14.358322	2.067000	0.036076	32.932935	-12.806125	0.000000	0.298875	-0.125941	0.313196	0.555041	-0.167501	0.332771	0.491022	-0.306212	0.332771	0.341585	-0.306212	0.274047	0.277536	-0.256818	0.254472	0.170777	-0.195082	0.234897	2.134836	-1.424667	1.741902	0.000000	0.000000	19.880328	1.388942	-5.786560	9.403962	-2.192465	54.757463	32.730477	50.433129	2.870189	16.637242	10.856370	-6.284456	53.783083	39.505505	51.671686	6.569464	17.033144
1.383333	-1.257228	-6.442495	86.382660	0.262885	0.967477	0.493865	-1.867031	-2.520543	-3.102026	6.179710	0.107856	33.575094	1.387845	0.000000	-1.182004	1.833538	14.025896	2.119598	0.036994	32.955815	-12.646407	0.000000	0.293507	-0.143832	0.396413	0.545071	-0.191296	0.421189	0.482202	-0.349713	0.421189	0.335449	-0.349713	0.346862	0.272550	-0.293302	0.322086	0.167710	-0.222795	0.297310	2.096488	-1.627054	2.204732	0.000000	0.000000	20.615237	1.445377	-5.646423	9.261143	-2.129534	53.905215	32.756572	52.634918	3.294972	16.819664	11.063059	-6.238217	54.149215	39.366731	51.631577	6.815701	17.312353
1.400000	-1.374415	-6.510741	86.169769	0.263401	0.967339	0.494240	-1.815062	-2.666586	-3.460521	6.107296	0.106592	33.589999	2.129280	0.000000	-1.087925	1.931116	13.823548	2.146993	0.037472	32.923243	-12.689461	0.000000	0.287601	-0.161777	0.481204	0.534105	-0.215164	0.511279	0.472500	-0.393345	0.511279	0.328700	-0.393345	0.421053	0.267067	-0.329896	0.390978	0.164335	-0.250593	0.360903	2.054308	-1.830058	2.676312	0.000000	0.000000	21.325099	1.499593	-5.530605	9.132835	-2.072378	53.197723	32.774846	54.208174	3.604395	16.894778	11.292913	-6.203664	54.554631	39.214762	51.710091	7.073581	17.548385
1.416667	-1.484752	-6.574705	85.918046	0.263943	0.967217	0.494615	-1.765806	-2.807555	-3.742612	6.024901	0.105154	33.602647	2.846527	0.000000	-1.000514	2.024810	13.579112	2.167765	0.037835	32.897659	-12.727595	0.000000	0.281447	-0.178734	0.571196	0.522676	-0.237717	0.606896	0.462390	-0.434575	0.606896	0.321666	-0.434575	0.499797	0.261352	-0.364475	0.464097	0.160819	-0.276859	0.428397	2.010350	-2.021878	3.176822	0.000000	0.000000	21.999575	1.527161	-5.483533	8.994501	-2.014313	52.477155	32.789217	55.249568	3.854875	16.938106	11.566427	-6.186047	55.069253	39.071500	51.808345	7.281189	17.751579
1.433333	-1.578708	-6.636676	85.653389	0.264458	0.967106	0.494965	-1.723345	-2.929822	-3.915318	5.928092	0.103465	33.594062	3.458820	0.000000	-0.921048	2.106658	13.351527	2.176836	0.037993	32.867167	-12.806746	0.000000	0.276016	-0.192773	0.653209	0.512590	-0.256388	0.694035	0.453467	-0.468708	0.694035	0.315459	-0.468708	0.571558	0.256309	-0.393102	0.530733	0.157716	-0.298605	0.489907	1.971557	-2.180684	3.632955	0.000000	0.000000	22.615902	1.528677	-5.442409	8.891791	-1.962033	51.943314	32.786325	55.595668	3.998115	16.916183	11.817572	-6.173032	55.445211	38.947839	52.306225	7.554093	17.921929
1.450000	-1.636191	-6.694917	85.412283	0.264851	0.967020	0.495306	-1.682538	-3.018737	-4.093556	5.839825	0.101924	33.582733	4.061818	0.000000	-0.845919	2.159110	13.174831	2.184703	0.038130	32.835181	-12.924980	0.000000	0.270893	-0.200435	0.717901	0.503075	-0.266579	0.762770	0.445050	-0.487339	0.762770	0.309603	-0.487339	0.628163	0.251551	-0.408728	0.583294	0.154788	-0.310474	0.538426	1.934959	-2.267365	3.992749	0.000000	0.000000	23.146902	1.505789	-5.353298	8.829086	-1.922632	51.564458	32.774284	55.315803	3.995866	16.894630	12.041086	-6.153872	55.731438	38.854910	52.830025	7.696215	18.025895
1.466667	-1.673170	-6.744928	85.181805	0.265167	0.966950	0.495615	-1.650045	-3.090953	-4.269231	5.751021	0.100374	33.586064	4.698090	0.000000	-0.784331	2.198592	13.005980	2.187281	0.038175	32.805305	-13.061192	0.000000	0.266322	-0.204804	0.775753	0.494587	-0.272389	0.824238	0.437540	-0.497959	0.824238	0.304379	-0.497959	0.678784	0.247307	-0.417636	0.630299	0.152176	-0.317241	0.581815	1.902311	-2.316779	4.314506	0.000000	0.000000	23.571191	1.469627	-5.295890	8.803984	-1.891454	51.328303	32.729051	54.422750	3.941660	16.848194	12.294528	-6.146300	56.068900	38.770434	53.526680	7.837222	18.041107
1.483333	-1.669071	-6.785604	84.993379	0.265324	0.966915	0.495884	-1.624989	-3.128572	-4.517625	5.675266	0.099052	33.603774	5.414349	0.000000	-0.724027	2.202821	12.597988	2.215479	0.038667	32.877226	-12.830290	0.000000	0.261883	-0.202305	0.817084	0.486343	-0.269065	0.868152	0.430248	-0.491883	0.868152	0.299306	-0.491883	0.714949	0.243185	-0.412540	0.663881	0.149640	-0.313370	0.612813	1.870606	-2.288510	4.544377	0.000000	0.000000	23.870218	1.430474	-5.184326	8.823451	-1.883192	51.244542	32.686308	53.027584	3.718110	16.809856	12.524228	-6.121566	56.345015	38.693418	54.175824	7.843280	17.912037
1.500000	-1.624573	-6.823942	84.876240	0.265315	0.966897	0.496078	-1.612071	-3.111484	-4.582243	5.591690	0.097593	33.574461	5.825541	0.000000	-0.675763	2.175338	12.464785	2.231350	0.038944	32.878120	-12.898687	0.000000	0.258472	-0.193587	0.835872	0.480009	-0.257471	0.888114	0.424644	-0.470688	0.888114	0.295408	-0.470688	0.731388	0.240017	-0.394763	0.679146	0.147691	-0.299866	0.626904	1.846242	-2.189896	4.648868	0.000000	0.000000	24.065323	1.417383	-4.990065	8.893315	-1.893713	51.339023	32.643480	51.179354	3.338261	16.744307	12.658599	-6.051377	56.261485	38.628051	55.061567	7.831657	17.823500
1.516667	-1.549715	-6.854653	84.825965	0.265144	0.966901	0.496193	-1.604156	-3.065274	-4.689820	5.534056	0.096587	33.552374	6.225168	0.000000	-0.640752	2.124914	12.433506	2.244503	0.039174	32.860642	-13.035443	0.000000	0.255004	-0.180079	0.841631	0.473568	-0.239505	0.894233	0.418946	-0.437844	0.894233	0.291444	-0.437844	0.736427	0.236797	-0.367217	0.683825	0.145709	-0.278942	0.631223	1.821469	-2.037090	4.680897	0.000000	0.000000	24.172841	1.412472	-4.765532	8.970049	-1.924069	51.406928	32.625309	49.244037	2.884662	16.668918	12.770641	-5.967358	56.133270	38.603018	55.644575	7.588409	17.700478
1.533333	-1.451678	-6.884231	84.873203	0.264792	0.966923	0.496236	-1.598241	-2.996325	-4.887779	5.505061	0.096081	33.539938	6.623843	0.000000	-0.603670	2.056630	12.490755	2.265370	0.039538	32.839724	-13.184300	0.000000	0.252014	-0.163268	0.829485	0.468015	-0.217147	0.881328	0.414033	-0.396970	0.881328	0.288026	-0.396970	0.725799	0.234020	-0.332936	0.673956	0.144001	-0.252902	0.622114	1.800108	-1.846921	4.613346	0.000000	0.000000	24.219547	1.420917	-4.523801	9.054948	-1.967846	51.451011	32.630439	47.366680	2.390517	16.554119	12.847432	-5.877835	55.924400	38.649550	55.907354	7.081169	17.605235
1.550000	-1.341434	-6.911727	85.012662	0.264273	0.966954	0.496197	-1.599113	-2.910260	-5.073853	5.496599	0.095934	33.508217	6.866580	0.000000	-0.573204	1.983096	12.728707	2.276778	0.039737	32.776910	-13.471450	0.000000	0.249295	-0.144576	0.804870	0.462967	-0.192285	0.855175	0.409567	-0.351521	0.855175	0.284920	-0.351521	0.704261	0.231496	-0.294818	0.653957	0.142447	-0.223947	0.603653	1.780692	-1.635467	4.476446	0.000000	0.000000	24.240255	1.427718	-4.279923	9.105669	-2.017387	51.290231	32.678172	45.980818	1.943471	16.416648	12.893120	-5.780379	55.645879	38.762667	55.868887	6.382905	17.563196
1.566667	-1.226032	-6.938252	85.235874	0.263611	0.967002	0.496126	-1.593089	-2.823575	-5.423279	5.531506	0.096543	33.508278	7.185750	0.000000	-0.527102	1.906895	12.808546	2.318113	0.040459	32.794411	-13.454027	0.000000	0.246457	-0.124842	0.768113	0.457695	-0.166040	0.816120	0.404904	-0.303541	0.816120	0.281675	-0.303541	0.672099	0.228860	-0.254578	0.624092	0.140825	-0.193381	0.576085	1.760416	-1.412241	4.272014	0.000000	0.000000	24.263903	1.429461	-4.006518	9.166177	-2.085274	51.154514	32.763906	44.690664	1.444401	16.241031	12.921553	-5.692622	55.361154	38.956156	55.489131	5.479825	17.559158
1.583333	-1.112389	-6.965019	85.522964	0.262837	0.967048	0.496058	-1.578391	-2.736142	-5.773803	5.599299	0.097726	33.506508	7.386589	0.000000	-0.456419	1.832213	12.768033	2.404128	0.041960	32.873565	-13.214947	0.000000	0.243357	-0.105075	0.726626	0.451938	-0.139750	0.772040	0.399811	-0.255480	0.772040	0.278133	-0.255480	0.635798	0.225981	-0.214270	0.590384	0.139054	-0.162762	0.544970	1.738274	-1.188633	4.041276	0.000000	0.000000	24.316926	1.395689	-3.751878	9.213028	-2.162653	50.886013	32.880805	44.098822	1.035119	16.022230	12.949184	-5.598980	55.055185	39.180563	54.940831	4.582184	17.614870
1.600000	-1.006344	-6.995175	85.848911	0.261995	0.967073	0.496006	-1.545797	-2.656639	-6.167654	5.704342	0.099560	33.524434	7.557644	0.000000	-0.371270	1.765889	12.711367	2.506672	0.043750	32.972942	-12.902574	0.000000	0.240844	-0.085783	0.681071	0.447272	-0.114092	0.723638	0.395683	-0.208573	0.723638	0.275261	-0.208573	0.595937	0.223648	-0.174929	0.553370	0.137618	-0.132878	0.510803	1.720327	-0.970397	3.787912	0.000000	0.000000	24.399962	1.343900	-3.468702	9.251940	-2.239556	50.531521	33.018314	44.004180	0.700730	15.890238	12.951121	-5.507099	54.696338	39.454561	54.183701	3.663725	17.788607
1.616667	-0.909204	-7.025862	86.211538	0.261100	0.967064	0.495976	-1.496860	-2.593292	-6.718152	5.851924	0.102135	33.597749	7.856321	0.000000	-0.278848	1.709716	12.745141	2.614605	0.045633	33.066062	-12.662630	0.000000	0.238218	-0.066923	0.632083	0.442394	-0.089008	0.671588	0.391368	-0.162717	0.671588	0.272259	-0.162717	0.553072	0.221209	-0.136470	0.513567	0.136118	-0.103664	0.474062	1.701565	-0.757049	3.515454	0.000000	0.000000	24.522224	1.260085	-3.137359	9.273103	-2.313192	50.088717	33.158025	44.457857	0.452599	15.779507	12.955759	-5.420208	54.391707	39.730340	53.303727	2.784121	17.926142
1.633333	-0.827742	-7.061225	86.582756	0.260200	0.967010	0.495967	-1.430685	-2.547461	-7.337484	6.022682	0.105116	33.693534	8.195188	0.000000	-0.179280	1.667360	12.835564	2.720845	0.047488	33.152224	-12.460762	0.000000	0.236502	-0.049716	0.580844	0.439207	-0.066123	0.617147	0.388549	-0.120880	0.617147	0.270298	-0.120880	0.508238	0.219615	-0.101381	0.471936	0.135137	-0.077011	0.435633	1.689307	-0.562401	3.230479	0.000000	0.000000	24.643927	1.203915	-2.749710	9.294239	-2.380789	49.650451	33.297472	45.189318	0.242011	15.805764	12.944442	-5.343429	54.119269	40.009807	52.247196	1.891102	18.059072
1.650000	-0.765481	-7.101559	86.948379	0.259334	0.966896	0.495975	-1.347484	-2.523443	-8.008198	6.213089	0.108439	33.832484	8.595152	0.000000	-0.072653	1.641214	12.982137	2.826555	0.049333	33.243840	-12.300862	0.000000	0.235187	-0.035046	0.528816	0.436766	-0.046611	0.561867	0.386389	-0.085210	0.561867	0.268795	-0.085210	0.462714	0.218395	-0.071465	0.429663	0.134386	-0.054286	0.396612	1.679919	-0.396445	2.941114	0.000000	0.000000	24.761984	1.174122	-2.334145	9.308741	-2.441890	49.225844	33.441657	46.124620	0.047421	15.918030	12.917596	-5.280900	53.873961	40.283838	51.043280	0.983372	18.216009
1.666667	-0.725047	-7.140572	87.257092	0.258591	0.966732	0.495976	-1.256743	-2.521101	-8.671294	6.401694	0.111731	33.995163	9.042934	0.000000	0.022014	1.630528	13.090121	2.914460	0.050867	33.338575	-12.127416	0.000000	0.233503	-0.023348	0.479778	0.433639	-0.031053	0.509764	0.383622	-0.056769	0.509764	0.266871	-0.056769	0.419806	0.216831	-0.047612	0.389819	0.133424	-0.036166	0.359833	1.667890	-0.264120	2.668380	0.000000	0.000000	24.842381	1.224673	-1.848158	9.331135	-2.479600	48.826398	33.557216	47.260066	-0.054154	16.142119	12.866684	-5.243706	53.666740	40.538993	49.689751	0.071330	18.330057
1.683333	-0.710858	-7.179080	87.502042	0.258006	0.966509	0.495951	-1.158872	-2.543840	-9.315091	6.586309	0.114953	34.190170	9.539170	0.000000	0.105413	1.637151	13.066058	2.987335	0.052139	33.470598	-11.826209	0.000000	0.231431	-0.015613	0.435766	0.429790	-0.020766	0.463002	0.380218	-0.037962	0.463002	0.264502	-0.037962	0.381295	0.214907	-0.031839	0.354060	0.132240	-0.024185	0.326825	1.653086	-0.176621	2.423601	0.000000	0.000000	24.886922	1.343432	-1.333726	9.355770	-2.491999	48.457098	33.644150	48.533671	-0.062165	16.431163	12.805795	-5.240233	53.542965	40.770624	48.245348	-0.831978	18.426077
1.700000	-0.717846	-7.236616	87.674620	0.257565	0.966191	0.495913	-0.984499	-2.613535	-10.590981	6.880286	0.120084	34.624152	10.917808	0.000000	0.202108	1.661075	13.073663	3.056482	0.053346	33.587467	-11.638693	0.000000	0.230568	-0.011051	0.394566	0.428188	-0.014698	0.419227	0.378800	-0.026870	0.419227	0.263516	-0.026870	0.345245	0.214105	-0.022536	0.320585	0.131747	-0.017118	0.295925	1.646924	-0.125015	2.194459	0.000000	0.000000	24.948863	1.494971	-0.844824	9.362601	-2.492676	48.075964	33.758552	49.840703	-0.012309	16.807301	12.702402	-5.275763	53.431688	41.019248	46.761339	-1.766156	18.512508
1.716667	-0.741761	-7.283793	87.774883	0.257329	0.965816	0.495759	-0.862529	-2.671568	-11.358056	7.065400	0.123314	34.935822	11.715971	0.000000	0.260359	1.691372	13.092081	3.090455	0.053939	33.691878	-11.521341	0.000000	0.229404	-0.010026	0.360719	0.426027	-0.013334	0.383264	0.376888	-0.024376	0.383264	0.262186	-0.024376	0.315629	0.213025	-0.020444	0.293084	0.131082	-0.015530	0.270539	1.638612	-0.113412	2.006210	0.000000	0.000000	24.965661	1.697862	-0.392034	9.360853	-2.466677	47.749395	33.836032	51.037530	0.130716	17.213697	12.603610	-5.345741	53.479734	41.197319	45.360937	-2.556405	18.516712
1.733333	-0.778461	-7.320062	87.819963	0.257274	0.965383	0.495455	-0.803850	-2.711300	-11.585791	7.130070	0.124443	35.119154	11.883431	0.000000	0.274973	1.723857	13.183694	3.080377	0.053763	33.769839	-11.528672	0.000000	0.229099	-0.011979	0.330099	0.425459	-0.015932	0.350730	0.376386	-0.029126	0.350730	0.261837	-0.029126	0.288837	0.212741	-0.024427	0.268205	0.130907	-0.018555	0.247574	1.636429	-0.135508	1.835912	0.000000	0.000000	24.928904	1.937610	0.016116	9.360743	-2.415782	47.556410	33.870699	51.997355	0.316845	17.622817	12.481830	-5.424383	53.551380	41.272365	44.377544	-3.075026	18.479992
1.750000	-0.823694	-7.336488	87.795350	0.257399	0.964909	0.494998	-0.818768	-2.732381	-11.254770	7.070794	0.123409	35.169060	11.421137	0.000000	0.241164	1.754822	13.260660	3.036530	0.052997	33.858231	-11.548627	0.000000	0.229240	-0.016463	0.307725	0.425722	-0.021896	0.326958	0.376619	-0.040028	0.326958	0.261999	-0.040028	0.269260	0.212873	-0.033571	0.250027	0.130988	-0.025501	0.230794	1.637442	-0.186233	1.711477	0.000000	0.000000	24.835883	2.189173	0.331440	9.370338	-2.340304	47.528269	33.842164	52.662728	0.545936	17.995268	12.367344	-5.500603	53.739118	41.212487	43.715924	-3.354703	18.407671
1.766667	-0.870048	-7.329203	87.728782	0.257655	0.964401	0.494371	-0.909553	-2.730785	-10.518224	6.906252	0.120537	35.124886	10.497746	0.000000	0.151305	1.779063	13.455779	2.944898	0.051398	33.924680	-11.719920	0.000000	0.230338	-0.022182	0.285345	0.427760	-0.029502	0.303179	0.378422	-0.053933	0.303179	0.263253	-0.053933	0.249677	0.213892	-0.045233	0.231843	0.131615	-0.034360	0.214009	1.645280	-0.250924	1.587005	0.000000	0.000000	24.678942	2.444613	0.585930	9.383217	-2.230485	47.611044	33.740901	53.276891	0.784390	18.320608	12.233524	-5.553811	53.935501	40.995658	43.502037	-3.381705	18.314370
1.783333	-0.917339	-7.292365	87.622277	0.258019	0.963878	0.493594	-1.080102	-2.710043	-9.365148	6.642008	0.115925	34.970311	9.095755	0.000000	0.006383	1.797949	13.733173	2.813170	0.049099	33.986720	-11.985322	0.000000	0.232167	-0.029278	0.260918	0.431158	-0.038939	0.277225	0.381428	-0.071186	0.277225	0.265344	-0.071186	0.228303	0.215591	-0.059703	0.211996	0.132660	-0.045351	0.195688	1.658348	-0.331196	1.451146	0.000000	0.000000	24.448349	2.703900	0.763718	9.440125	-2.089421	47.988279	33.544908	53.582275	0.993058	18.521868	12.085735	-5.580262	54.118894	40.628508	43.712892	-3.194040	18.229711
1.800000	-0.978455	-7.224374	87.462947	0.258517	0.963340	0.492659	-1.338811	-2.679754	-7.670417	6.261937	0.109291	34.667077	7.078576	0.000000	-0.195264	1.825718	14.064158	2.638136	0.046044	34.048612	-12.334186	0.000000	0.235347	-0.039908	0.239939	0.437063	-0.053078	0.254935	0.386652	-0.097032	0.254935	0.268978	-0.097032	0.209947	0.218543	-0.081380	0.194951	0.134477	-0.061817	0.179954	1.681060	-0.451446	1.334469	0.000000	0.000000	24.144203	2.964336	0.826639	9.537892	-1.909947	48.652273	33.248821	53.550390	1.165821	18.559505	11.947703	-5.586405	54.273383	40.108152	44.698389	-2.646436	18.152062
1.816667	-1.028025	-7.132408	87.287220	0.259038	0.962807	0.491603	-1.656461	-2.621641	-5.667227	5.824803	0.101662	34.265816	4.679858	0.000000	-0.435469	1.840178	14.475396	2.436510	0.042525	34.115035	-12.753439	0.000000	0.239636	-0.049192	0.206043	0.445029	-0.065426	0.218920	0.393698	-0.119606	0.218920	0.273880	-0.119606	0.180287	0.222526	-0.100313	0.167410	0.136928	-0.076199	0.154532	1.711698	-0.556471	1.145948	0.000000	0.000000	23.779415	3.238543	0.927386	9.695156	-1.704537	49.656434	32.881560	53.148760	1.180794	18.426291	11.728930	-5.541415	54.122569	39.502288	46.256926	-1.940829	18.126736
1.833333	-1.073996	-7.019675	87.086073	0.259593	0.962292	0.490451	-2.007148	-2.553188	-3.536453	5.376826	0.093843	33.834534	2.153614	0.000000	-0.709076	1.852243	14.908105	2.212181	0.038610	34.190629	-13.199381	0.000000	0.244194	-0.058236	0.166035	0.453492	-0.077454	0.176412	0.401186	-0.141596	0.176412	0.279089	-0.141596	0.145281	0.226758	-0.118756	0.134903	0.139532	-0.090208	0.124526	1.744252	-0.658782	0.923437	0.000000	0.000000	23.385164	3.538729	1.073998	9.900317	-1.474870	50.934472	32.448064	52.389285	1.075478	18.083426	11.460133	-5.457163	53.685583	38.853108	48.503190	-1.066975	18.154346
1.850000	-1.115016	-6.888128	86.880025	0.260124	0.961810	0.489221	-2.373368	-2.490623	-1.578225	4.961996	0.086603	33.437155	-0.136466	0.000000	-1.010627	1.863366	15.379614	1.974237	0.034457	34.263703	-13.680570	0.000000	0.248129	-0.066638	0.124848	0.460801	-0.088628	0.132651	0.407652	-0.162023	0.132651	0.283587	-0.162023	0.109242	0.230413	-0.135888	0.101439	0.141781	-0.103222	0.093636	1.772363	-0.753821	0.694365	0.000000	0.000000	22.979624	3.834321	1.226263	10.103883	-1.230392	52.236773	31.986948	51.541556	0.908186	17.613646	11.203419	-5.359853	53.216425	38.219902	51.004383	-0.265473	18.171309
1.866667	-1.145472	-6.747166	86.682941	0.260591	0.961369	0.487943	-2.728664	-2.439367	0.015333	4.620051	0.080635	33.126494	-1.967895	0.000000	-1.323647	1.870743	15.838192	1.740515	0.030378	34.340781	-14.134924	0.000000	0.251288	-0.073258	0.083385	0.466667	-0.097434	0.088596	0.412841	-0.178121	0.088596	0.287197	-0.178121	0.072962	0.233346	-0.149389	0.067750	0.143586	-0.113477	0.062538	1.794926	-0.828714	0.463760	0.000000	0.000000	22.595364	4.118030	1.401973	10.289318	-0.985219	53.477618	31.528143	50.656657	0.673894	17.044353	10.932927	-5.229376	52.582527	37.622709	53.882156	0.505112	18.219368
1.883333	-1.160116	-6.598325	86.507190	0.260965	0.960982	0.486643	-3.066943	-2.392486	1.262292	4.359929	0.076095	32.900277	-3.389014	0.000000	-1.647187	1.870146	16.316396	1.516902	0.026475	34.394520	-14.612816	0.000000	0.252988	-0.077386	0.048321	0.469825	-0.102923	0.051341	0.415635	-0.188155	0.051341	0.289140	-0.188155	0.042281	0.234925	-0.157805	0.039261	0.144558	-0.119870	0.036241	1.807070	-0.875400	0.268746	0.000000	0.000000	22.253348	4.356360	1.555246	10.444380	-0.763411	54.611319	31.100517	49.721808	0.379161	16.399755	10.688777	-5.062874	51.916721	37.051625	56.899786	1.220432	18.275256
1.900000	-1.158693	-6.449977	86.345853	0.261256	0.960649	0.485363	-3.371579	-2.350778	2.158953	4.191332	0.073153	32.772822	-4.387517	0.000000	-1.959399	1.859980	16.627423	1.337366	0.023341	34.474755	-14.899650	0.000000	0.253149	-0.078870	0.026007	0.470124	-0.104898	0.027632	0.415899	-0.191766	0.027632	0.289324	-0.191766	0.022756	0.235075	-0.160833	0.021131	0.144650	-0.122170	0.019505	1.808221	-0.892199	0.144642	0.000000	0.000000	21.981005	4.521518	1.652099	10.566394	-0.580932	55.612432	30.730526	48.758289	0.001047	15.719117	10.486200	-4.864135	51.252714	36.527468	59.942934	1.861441	18.347414
1.916667	-1.140234	-6.306080	86.232547	0.261415	0.960376	0.484155	-3.639583	-2.311994	2.690699	4.113525	0.071795	32.743276	-4.978721	0.000000	-2.240683	1.838091	16.675008	1.229808	0.021464	34.616918	-14.834013	0.000000	0.250858	-0.077646	0.011632	0.465868	-0.103270	0.012358	0.412134	-0.188790	0.012358	0.286705	-0.188790	0.010178	0.232946	-0.158337	0.009451	0.143340	-0.120274	0.008724	1.791850	-0.878352	0.064691	0.000000	0.000000	21.794704	4.598148	1.662769	10.669747	-0.452045	56.516765	30.427489	47.759020	-0.431750	15.016924	10.345201	-4.647205	50.681239	36.059481	62.819202	2.373637	18.368030
1.933333	-1.108563	-6.180397	86.135749	0.261478	0.960142	0.483017	-3.848800	-2.279818	2.890762	4.134744	0.072165	32.819233	-5.176007	0.000000	-2.511570	1.815543	16.882181	1.122977	0.019600	34.641916	-15.031851	0.000000	0.248043	-0.073694	0.009809	0.460640	-0.098013	0.010422	0.407509	-0.179179	0.010422	0.283488	-0.179179	0.008582	0.230332	-0.150276	0.007969	0.141732	-0.114152	0.007356	1.771744	-0.833638	0.054552	0.000000	0.000000	21.692792	4.582647	1.597638	10.729833	-0.365215	57.184605	30.199501	47.033819	-0.832546	14.402315	10.237164	-4.405740	50.100572	35.650161	65.589796	2.824993	18.382340
1.950000	-1.069976	-6.076900	86.095271	0.261409	0.959948	0.481980	-4.000135	-2.258875	2.695057	4.251152	0.074197	33.003155	-4.952804	0.000000	-2.745839	1.792871	17.063021	1.051462	0.018351	34.633678	-15.197196	0.000000	0.244537	-0.068223	0.013101	0.454130	-0.090736	0.013920	0.401750	-0.165877	0.013920	0.279481	-0.165877	0.011463	0.227077	-0.139120	0.010645	0.139728	-0.105677	0.009826	1.746703	-0.771749	0.072864	0.000000	0.000000	21.678260	4.477391	1.427438	10.761525	-0.325060	57.694316	30.044969	46.410078	-1.208066	13.864741	10.171247	-4.161235	49.563378	35.314935	68.119031	3.171390	18.377484
1.966667	-1.027932	-5.996233	86.084169	0.261252	0.959810	0.481059	-4.086092	-2.256981	2.044723	4.465323	0.077935	33.302574	-4.194569	0.000000	-2.943611	1.772013	17.204570	1.010824	0.017642	34.587600	-15.329948	0.000000	0.240235	-0.061868	0.022219	0.446140	-0.082284	0.023607	0.394682	-0.150425	0.023607	0.274564	-0.150425	0.019441	0.223082	-0.126161	0.018053	0.137270	-0.095833	0.016664	1.715973	-0.699862	0.123573	0.000000	0.000000	21.722155	4.318258	1.152851	10.791703	-0.325421	58.099706	29.957162	45.930598	-1.538266	13.495465	10.125145	-3.929213	49.042847	35.070538	70.320813	3.395700	18.320611
1.983333	-0.984814	-5.948822	86.141591	0.260990	0.959709	0.480227	-4.112850	-2.261197	1.091972	4.745587	0.082826	33.676131	-3.139454	0.000000	-3.092269	1.750424	17.495997	0.995742	0.017379	34.468726	-15.615817	0.000000	0.236616	-0.055083	0.028427	0.439420	-0.073260	0.030203	0.388737	-0.133928	0.030203	0.270429	-0.133928	0.024873	0.219722	-0.112325	0.023097	0.135203	-0.085323	0.021320	1.690128	-0.623106	0.158100	0.000000	0.000000	21.832424	4.105981	0.802209	10.795675	-0.352831	58.321508	29.938502	45.665383	-1.795395	13.302027	10.064885	-3.718682	48.444877	34.941919	72.300038	3.553169	18.241567
2.000000	-0.940262	-5.914909	86.210564	0.260688	0.959677	0.479459	-4.099125	-2.278677	-0.220901	5.078808	0.088642	34.126335	-1.641778	0.000000	-3.218155	1.728689	17.528090	0.998629	0.017429	34.395380	-15.580056	0.000000	0.231094	-0.046814	0.036391	0.429165	-0.062263	0.038665	0.379664	-0.113823	0.038665	0.264117	-0.113823	0.031842	0.214594	-0.095463	0.029568	0.132047	-0.072515	0.027293	1.650681	-0.529569	0.202395	0.000000	0.000000	21.980179	3.881950	0.483097	10.797580	-0.405721	58.416973	29.965595	45.560499	-1.911808	13.336391	9.991246	-3.556905	47.907174	34.941704	73.648468	3.531408	18.090670
2.016667	-0.891368	-5.909303	86.341373	0.260297	0.959681	0.478747	-4.035767	-2.300935	-1.905733	5.460548	0.095305	34.651876	0.257916	0.000000	-3.297345	1.700662	17.570610	1.025373	0.017896	34.319319	-15.498732	0.000000	0.225941	-0.036920	0.038944	0.419595	-0.049104	0.041378	0.371198	-0.089768	0.041378	0.258228	-0.089768	0.034076	0.209809	-0.075288	0.031642	0.129103	-0.057190	0.029208	1.613874	-0.417652	0.216595	0.000000	0.000000	22.188978	3.615275	0.169855	10.743900	-0.471577	58.227804	30.058203	45.724756	-1.931749	13.570306	9.889268	-3.434645	47.366896	35.068898	74.509372	3.383887	17.934560
2.033333	-0.832889	-5.925919	86.519644	0.259838	0.959718	0.478076	-3.930362	-2.320526	-3.943747	5.880358	0.102632	35.233625	2.528605	0.000000	-3.336407	1.660098	17.612183	1.078083	0.018816	34.252740	-15.360129	0.000000	0.221558	-0.024727	0.039303	0.411455	-0.032887	0.041760	0.363997	-0.060122	0.041760	0.253218	-0.060122	0.034390	0.205738	-0.050424	0.031934	0.126598	-0.038303	0.029477	1.582564	-0.279720	0.218593	0.000000	0.000000	22.447370	3.303538	-0.132614	10.622560	-0.554008	57.756052	30.216223	46.106632	-1.873196	13.966161	9.805126	-3.359861	47.021854	35.280064	74.818167	3.122289	17.715351
2.050000	-0.761239	-5.936524	86.763322	0.259347	0.959809	0.477346	-3.922482	-2.275503	-5.057570	6.094580	0.106370	35.479708	3.538021	0.000000	-3.392900	1.598318	17.798969	1.101409	0.019223	34.132971	-15.336343	0.000000	0.217177	-0.010629	0.030290	0.403319	-0.014137	0.032183	0.356799	-0.025844	0.032183	0.248211	-0.025844	0.026504	0.201670	-0.021675	0.024611	0.124095	-0.016464	0.022718	1.551271	-0.120238	0.168465	0.000000	0.000000	22.672739	3.000268	-0.372895	10.461935	-0.624322	57.167123	30.349015	46.448938	-1.767868	14.449436	9.714009	-3.297553	46.762844	35.474253	74.796833	2.912153	17.471402
2.066667	-0.677154	-5.943736	87.046305	0.258856	0.959923	0.476601	-3.949458	-2.200195	-5.943359	6.230304	0.108739	35.610931	4.200655	0.000000	-3.452661	1.515969	18.028623	1.115947	0.019477	34.015890	-15.321820	0.000000	0.213383	0.005067	0.016585	0.396273	0.006739	0.017622	0.350566	0.012320	0.017622	0.243875	0.012320	0.014512	0.198147	0.010332	0.013475	0.121927	0.007849	0.012439	1.524170	0.057317	0.092242	0.000000	0.000000	22.880157	2.685537	-0.573641	10.271968	-0.696252	56.552636	30.467415	46.839569	-1.655692	14.889300	9.674125	-3.248654	46.769065	35.622911	74.509283	2.755810	17.243485
2.083333	-0.584202	-5.949684	87.367272	0.258364	0.960039	0.475865	-4.008600	-2.102394	-6.637313	6.286308	0.109717	35.654905	4.592206	0.000000	-3.509569	1.417228	18.317730	1.121723	0.019578	33.897257	-15.340173	0.000000	0.210710	0.021726	-0.005450	0.391310	0.028895	-0.005791	0.346176	0.052824	-0.005791	0.240821	0.052824	-0.004769	0.195666	0.044303	-0.004428	0.120400	0.033653	-0.004088	1.505083	0.245765	-0.030312	0.000000	0.000000	23.073594	2.379614	-0.711014	10.021101	-0.746868	55.749421	30.563706	47.381637	-1.576032	15.302114	9.675758	-3.188341	46.949102	35.682395	74.239779	2.711076	17.041088
2.100000	-0.486061	-5.949180	87.732330	0.257881	0.960147	0.475148	-4.115821	-1.975922	-7.009109	6.237525	0.108865	35.574813	4.537035	0.000000	-3.567809	1.303751	18.704718	1.114806	0.019457	33.773410	-15.432649	0.000000	0.209446	0.038236	-0.043833	0.388962	0.050854	-0.046572	0.344099	0.092968	-0.046572	0.239376	0.092968	-0.038354	0.194492	0.077972	-0.035614	0.119678	0.059228	-0.032875	1.496053	0.432537	-0.243786	0.000000	0.000000	23.228475	2.113276	-0.769486	9.779090	-0.775872	55.098075	30.587397	47.911679	-1.545252	15.549480	9.729835	-3.119323	47.340759	35.608893	74.083550	2.827542	16.812375
2.116667	-0.400497	-5.943187	88.084515	0.257483	0.960232	0.474504	-4.247777	-1.850456	-7.094382	6.114649	0.106721	35.418259	4.164998	0.000000	-3.621072	1.197404	19.011699	1.105071	0.019287	33.694638	-15.436964	0.000000	0.209367	0.051428	-0.088742	0.388815	0.068399	-0.094289	0.343968	0.125042	-0.094289	0.239285	0.125042	-0.077649	0.194418	0.104872	-0.072103	0.119632	0.079662	-0.066557	1.495484	0.581761	-0.493558	0.000000	0.000000	23.339812	1.896427	-0.822415	9.593345	-0.784137	54.789246	30.521295	48.133107	-1.573918	15.607347	9.843426	-3.047130	47.906240	35.427927	74.193115	3.118934	16.676451
2.133333	-0.327357	-5.932660	88.432396	0.257170	0.960288	0.473936	-4.415929	-1.712347	-6.681465	5.891241	0.102822	35.119536	3.183585	0.000000	-3.669123	1.097495	19.314640	1.088867	0.019004	33.633284	-15.453393	0.000000	0.210319	0.061235	-0.142481	0.390584	0.081442	-0.151386	0.345534	0.148886	-0.151386	0.240374	0.148886	-0.124671	0.195303	0.124870	-0.115766	0.120176	0.094853	-0.106861	1.502290	0.692700	-0.792437	0.000000	0.000000	23.413558	1.739592	-0.850680	9.477349	-0.771680	54.861802	30.363753	48.086274	-1.649957	15.490777	10.008599	-2.979729	48.637430	35.149227	74.468435	3.523085	16.588380
2.150000	-0.268682	-5.923090	88.754624	0.256957	0.960308	0.473469	-4.585100	-1.576373	-6.070682	5.628396	0.098234	34.796123	2.020662	0.000000	-3.706540	1.009042	19.579785	1.068718	0.018653	33.593829	-15.471825	0.000000	0.211966	0.067503	-0.202202	0.393642	0.089778	-0.214840	0.348239	0.164126	-0.214840	0.242256	0.164126	-0.176927	0.196832	0.137651	-0.164289	0.121117	0.104561	-0.151651	1.514051	0.763603	-1.124587	0.000000	0.000000	23.461008	1.653423	-0.847770	9.456096	-0.748102	55.371918	30.125174	47.748352	-1.751516	15.221386	10.191156	-2.919228	49.432999	34.827028	74.724509	3.910819	16.614455
2.166667	-0.222914	-5.919175	89.018199	0.256874	0.960281	0.473105	-4.736010	-1.447662	-5.315610	5.353687	0.093439	34.467548	0.767455	0.000000	-3.731474	0.934271	19.728804	1.049213	0.018312	33.583797	-15.439580	0.000000	0.213768	0.070591	-0.258953	0.396989	0.093886	-0.275137	0.351200	0.171635	-0.275137	0.244316	0.171635	-0.226584	0.198505	0.143949	-0.210399	0.122147	0.109346	-0.194215	1.526926	0.798540	-1.440217	0.000000	0.000000	23.508625	1.629527	-0.834135	9.504224	-0.719456	56.137188	29.834058	47.316504	-1.839238	14.883050	10.345392	-2.848405	50.103708	34.490403	75.053637	4.283166	16.764913
2.183333	-0.189511	-5.923599	89.221246	0.256906	0.960207	0.472845	-4.854708	-1.335119	-4.559053	5.099530	0.089004	34.166734	-0.408972	0.000000	-3.743703	0.873592	19.811340	1.032212	0.018016	33.583311	-15.419870	0.000000	0.215328	0.070671	-0.307323	0.399885	0.093993	-0.326531	0.353762	0.171830	-0.326531	0.246098	0.171830	-0.268908	0.199953	0.144113	-0.249700	0.123038	0.109470	-0.230492	1.538065	0.799447	-1.709239	0.000000	0.000000	23.565025	1.646678	-0.853219	9.591093	-0.693363	56.976679	29.525887	46.933051	-1.889514	14.544592	10.475545	-2.775693	50.731184	34.172619	75.101975	4.479690	17.047563
2.200000	-0.167065	-5.937644	89.349373	0.257053	0.960089	0.472703	-4.921529	-1.252508	-4.010322	4.912461	0.085739	33.946012	-1.246420	0.000000	-3.743747	0.828000	19.814076	1.020896	0.017818	33.582392	-15.411184	0.000000	0.216063	0.068396	-0.341510	0.401251	0.090967	-0.362854	0.354970	0.166298	-0.362854	0.246938	0.166298	-0.298821	0.200636	0.139473	-0.277477	0.123458	0.105946	-0.256133	1.543316	0.773710	-1.899377	0.000000	0.000000	23.640310	1.689642	-0.917056	9.710578	-0.681599	57.824150	29.228959	46.610607	-1.895731	14.253973	10.583599	-2.699236	51.311608	33.886020	74.818697	4.496084	17.429254
2.216667	-0.153211	-5.961040	89.414417	0.257291	0.959931	0.472663	-4.945999	-1.190049	-3.562627	4.780845	0.083441	33.766833	-1.918971	0.000000	-3.733346	0.794517	19.780226	1.016202	0.017736	33.567846	-15.447292	0.000000	0.215894	0.064122	-0.362035	0.400938	0.085282	-0.384663	0.354693	0.155905	-0.384663	0.246746	0.155905	-0.316781	0.200480	0.130757	-0.294154	0.123362	0.099324	-0.271527	1.542113	0.725356	-2.013532	0.000000	0.000000	23.734834	1.741428	-1.054134	9.866180	-0.690966	58.698712	28.958451	46.288258	-1.876064	14.012791	10.669566	-2.623950	51.860349	33.641149	74.102621	4.299573	17.880386
2.233333	-0.156389	-5.995290	89.397748	0.257630	0.959741	0.472733	-4.917149	-1.161737	-3.250969	4.723427	0.082439	33.648176	-2.367598	0.000000	-3.709599	0.783804	19.662870	1.019231	0.017789	33.550906	-15.474756	0.000000	0.214627	0.057281	-0.364018	0.398584	0.076184	-0.386769	0.352610	0.139273	-0.386769	0.245297	0.139273	-0.318516	0.199303	0.116808	-0.295765	0.122638	0.088728	-0.273014	1.533058	0.647975	-2.024560	0.000000	0.000000	23.857212	1.784942	-1.280667	10.043437	-0.720492	59.527255	28.734907	45.982824	-1.845830	13.848098	10.739774	-2.552087	52.364054	33.442824	73.010758	3.934825	18.391699
2.250000	-0.177136	-6.040253	89.314429	0.258028	0.959532	0.472908	-4.838596	-1.168708	-3.075837	4.739081	0.082713	33.589126	-2.598900	0.000000	-3.668950	0.796224	19.485641	1.028743	0.017955	33.538599	-15.487597	0.000000	0.212497	0.048464	-0.353582	0.394628	0.064457	-0.375680	0.349111	0.117834	-0.375680	0.242862	0.117834	-0.309384	0.197324	0.098827	-0.287285	0.121421	0.075070	-0.265186	1.517843	0.548230	-1.966515	0.000000	0.000000	23.998782	1.813288	-1.571888	10.252436	-0.764133	60.343405	28.544197	45.677067	-1.776501	13.761772	10.789830	-2.485763	52.791080	33.285229	71.617929	3.428776	18.933929
2.266667	-0.218127	-6.093066	89.169735	0.258470	0.959321	0.473176	-4.718146	-1.213060	-3.040459	4.818743	0.084103	33.596503	-2.607470	0.000000	-3.613082	0.835047	19.303035	1.040187	0.018155	33.519370	-15.541666	0.000000	0.209435	0.037953	-0.332343	0.388942	0.050478	-0.353114	0.344081	0.092280	-0.353114	0.239363	0.092280	-0.290800	0.194481	0.077395	-0.270028	0.119671	0.058790	-0.249257	1.495973	0.429337	-1.848390	0.000000	0.000000	24.158141	1.816294	-1.904367	10.492598	-0.816408	61.164751	28.385611	45.325216	-1.695267	13.752627	10.820555	-2.425814	53.117978	33.162301	69.999623	2.819367	19.483151
2.283333	-0.284601	-6.150971	88.989530	0.258918	0.959124	0.473515	-4.565646	-1.300133	-3.179241	4.953819	0.086460	33.677962	-2.355474	0.000000	-3.541593	0.903478	19.131152	1.049463	0.018317	33.511856	-15.600102	0.000000	0.205761	0.025272	-0.304040	0.382119	0.033612	-0.323043	0.338045	0.061447	-0.323043	0.235165	0.061447	-0.266035	0.191070	0.051535	-0.247033	0.117572	0.039147	-0.228030	1.469733	0.285883	-1.690980	0.000000	0.000000	24.325569	1.791645	-2.270430	10.759678	-0.868235	61.993093	28.245971	44.899746	-1.567967	13.806749	10.854209	-2.385478	53.412699	33.077742	68.173321	2.117156	20.046126
2.300000	-0.374560	-6.209818	88.755337	0.259383	0.958962	0.473900	-4.387752	-1.429248	-3.449744	5.132312	0.089576	33.829641	-1.850072	0.000000	-3.459766	1.001097	18.957587	1.052687	0.018373	33.524982	-15.663047	0.000000	0.201078	0.011373	-0.266676	0.373422	0.015126	-0.283343	0.330351	0.027652	-0.283343	0.229812	0.027652	-0.233342	0.186721	0.023192	-0.216674	0.114896	0.017617	-0.200007	1.436280	0.128653	-1.483173	0.000000	0.000000	24.500688	1.740545	-2.626469	11.042635	-0.914002	62.799937	28.130826	44.420602	-1.414767	13.923993	10.886506	-2.359814	53.614798	33.029863	66.320485	1.389315	20.621318
2.316667	-0.484793	-6.268990	88.501593	0.259810	0.958848	0.474296	-4.204961	-1.586765	-3.754410	5.318870	0.092832	34.003745	-1.257712	0.000000	-3.368192	1.122953	18.820690	1.044769	0.018235	33.554551	-15.732874	0.000000	0.196078	-0.003041	-0.225893	0.364136	-0.004045	-0.240012	0.322136	-0.007394	-0.240012	0.224097	-0.007394	-0.197657	0.182078	-0.006201	-0.183538	0.112039	-0.004711	-0.169420	1.400563	-0.034401	-1.256350	0.000000	0.000000	24.674125	1.670087	-2.932111	11.318509	-0.948448	63.517264	28.038538	43.927419	-1.213833	14.079739	10.933956	-2.349506	53.778459	33.008673	64.491624	0.686744	21.193546
2.333333	-0.607445	-6.313201	88.209521	0.260200	0.958807	0.474687	-4.031212	-1.775167	-4.216073	5.516945	0.096289	34.225393	-0.385431	0.000000	-3.282997	1.263637	18.466657	1.032809	0.018026	33.681555	-15.503573	0.000000	0.188784	-0.016627	-0.177977	0.350591	-0.022114	-0.189101	0.310153	-0.040428	-0.189101	0.215761	-0.040428	-0.155730	0.175305	-0.033907	-0.144607	0.107871	-0.025756	-0.133483	1.348465	-0.188093	-0.989857	0.000000	0.000000	24.836135	1.580968	-3.162845	11.574856	-0.976387	64.118047	27.974280	43.383912	-0.989888	14.237306	11.026095	-2.362702	54.041902	33.000310	62.514718	-0.033939	21.717451
2.350000	-0.730539	-6.356347	87.948303	0.260475	0.958819	0.475047	-3.869106	-1.968377	-4.767340	5.706170	0.099591	34.450266	0.584023	0.000000	-3.192237	1.406645	18.308314	1.011421	0.017653	33.781101	-15.441806	0.000000	0.182242	-0.028592	-0.134455	0.338442	-0.038028	-0.142858	0.299406	-0.069519	-0.142858	0.208285	-0.069519	-0.117648	0.169230	-0.058305	-0.109244	0.104133	-0.044289	-0.100841	1.301739	-0.323441	-0.747796	0.000000	0.000000	24.980538	1.481076	-3.331580	11.765880	-0.985819	64.461546	27.948078	42.916682	-0.792562	14.399085	11.132744	-2.375856	54.243979	32.980960	60.902285	-0.581663	22.144976
2.366667	-0.847594	-6.387448	87.708852	0.260651	0.958892	0.475346	-3.739008	-2.153752	-5.293244	5.863617	0.102339	34.643734	1.508602	0.000000	-3.113010	1.545510	18.188424	0.985713	0.017204	33.888930	-15.374842	0.000000	0.175821	-0.038535	-0.092236	0.326517	-0.051252	-0.098001	0.288856	-0.093695	-0.098001	0.200946	-0.093695	-0.080707	0.163267	-0.078581	-0.074942	0.100464	-0.059691	-0.069177	1.255871	-0.435919	-0.512990	0.000000	0.000000	25.094730	1.379989	-3.440587	11.901644	-0.989159	64.656450	27.954565	42.394065	-0.653493	14.511159	11.268071	-2.391052	54.486502	32.932999	59.650470	-0.956910	22.411569
2.383333	-0.946022	-6.405465	87.513423	0.260721	0.959015	0.475580	-3.648725	-2.313492	-5.748337	5.976578	0.104311	34.805033	2.331246	0.000000	-3.049036	1.665011	18.116106	0.957724	0.016715	33.985836	-15.325393	0.000000	0.169565	-0.045523	-0.056356	0.314899	-0.060545	-0.059878	0.278578	-0.110684	-0.059878	0.193796	-0.110684	-0.049312	0.157458	-0.092830	-0.045789	0.096889	-0.070515	-0.042267	1.211185	-0.514964	-0.313436	0.000000	0.000000	25.170570	1.290563	-3.485772	11.963498	-0.978238	64.632576	27.976103	41.931727	-0.546852	14.592982	11.421914	-2.406424	54.801977	32.868740	58.619182	-1.198761	22.539774
2.400000	-1.021061	-6.405058	87.362925	0.260717	0.959177	0.475739	-3.602158	-2.438489	-6.110232	6.044257	0.105492	34.935046	3.017386	0.000000	-3.009805	1.757612	18.072507	0.931149	0.016252	34.084641	-15.276338	0.000000	0.163465	-0.049802	-0.022729	0.303572	-0.066236	-0.024149	0.268557	-0.121088	-0.024149	0.186825	-0.121088	-0.019888	0.151794	-0.101556	-0.018467	0.093404	-0.077143	-0.017047	1.167617	-0.563367	-0.126411	0.000000	0.000000	25.202995	1.209666	-3.498541	11.961159	-0.975853	64.516115	28.022564	41.494072	-0.538382	14.573003	11.621531	-2.421609	55.297633	32.754180	58.013811	-1.195896	22.445353
2.416667	-1.076358	-6.398064	87.251756	0.260635	0.959355	0.475840	-3.577670	-2.539000	-6.425096	6.081270	0.106138	35.072780	3.666816	0.000000	-2.983421	1.829562	18.038949	0.907670	0.015842	34.161916	-15.243573	0.000000	0.158840	-0.051795	0.006128	0.294982	-0.068887	0.006511	0.260959	-0.125934	0.006511	0.181539	-0.125934	0.005362	0.147499	-0.105620	0.004979	0.090761	-0.080230	0.004596	1.134581	-0.585912	0.034081	0.000000	0.000000	25.204164	1.148259	-3.478293	11.889649	-0.970582	64.272677	28.082643	41.109470	-0.621550	14.522047	11.805319	-2.424181	55.801560	32.611428	57.866341	-1.002602	22.159584
2.433333	-1.112241	-6.379897	87.183908	0.260506	0.959547	0.475889	-3.584325	-2.605629	-6.557597	6.073634	0.106005	35.176065	4.085353	0.000000	-2.975576	1.878219	17.993676	0.890087	0.015535	34.224649	-15.203478	0.000000	0.155101	-0.052378	0.025416	0.288038	-0.069662	0.027005	0.254815	-0.127351	0.027005	0.177265	-0.127351	0.022239	0.144027	-0.106809	0.020651	0.088625	-0.081133	0.019062	1.107871	-0.592508	0.141358	0.000000	0.000000	25.165887	1.118218	-3.442140	11.839240	-0.978593	64.321944	28.116110	40.561978	-0.753207	14.343156	11.963788	-2.432748	56.320049	32.456809	58.105681	-0.611496	21.702143
2.450000	-1.135896	-6.361578	87.122898	0.260389	0.959727	0.475919	-3.586256	-2.657221	-6.644062	6.065613	0.105865	35.310762	4.498709	0.000000	-2.973125	1.913063	17.825853	0.886060	0.015465	34.297753	-15.071071	0.000000	0.152719	-0.052914	0.043177	0.283614	-0.070375	0.045876	0.250901	-0.128654	0.045876	0.174542	-0.128654	0.037780	0.141814	-0.107901	0.035082	0.087263	-0.081963	0.032383	1.090853	-0.598569	0.240139	0.000000	0.000000	25.111087	1.112233	-3.441499	11.787277	-0.993870	64.496887	28.152783	39.934846	-0.921628	14.164016	12.072793	-2.455861	56.758166	32.352984	58.713737	-0.086477	21.230604
2.466667	-1.140756	-6.347615	87.103178	0.260246	0.959888	0.475915	-3.598199	-2.673807	-6.502080	6.026385	0.105180	35.389242	4.590527	0.000000	-2.973502	1.924818	17.685453	0.889045	0.015517	34.335808	-14.995307	0.000000	0.151896	-0.052142	0.046571	0.282085	-0.069349	0.049482	0.249549	-0.126778	0.049482	0.173602	-0.126778	0.040750	0.141050	-0.106328	0.037839	0.086793	-0.080768	0.034928	1.084975	-0.589842	0.259014	0.000000	0.000000	25.051212	1.142304	-3.412363	11.762828	-1.023672	64.901219	28.195582	39.240489	-1.106901	13.979177	12.083146	-2.494827	56.959676	32.322888	59.673559	0.543026	20.747015
2.483333	-1.132305	-6.349070	87.081361	0.260111	0.960008	0.475915	-3.577189	-2.679782	-6.404616	6.019651	0.105063	35.494813	4.736839	0.000000	-2.965222	1.922154	17.500358	0.901578	0.015736	34.354470	-14.921954	0.000000	0.153099	-0.050311	0.040719	0.284320	-0.066914	0.043264	0.251526	-0.122326	0.043264	0.174976	-0.122326	0.035629	0.142167	-0.102594	0.033084	0.087481	-0.077932	0.030539	1.093569	-0.569128	0.226465	0.000000	0.000000	25.004390	1.207518	-3.359793	11.761354	-1.066971	65.432719	28.258331	38.609355	-1.276528	13.837449	11.979703	-2.548549	56.860911	32.400437	60.894435	1.211457	20.339185
2.500000	-1.110144	-6.369792	87.045402	0.260003	0.960081	0.475928	-3.516625	-2.670142	-6.290781	6.050408	0.105600	35.590339	4.827264	0.000000	-2.943739	1.904890	17.272308	0.925904	0.016160	34.349560	-14.848677	0.000000	0.156179	-0.047398	0.025872	0.290040	-0.063040	0.027489	0.256586	-0.115244	0.027489	0.178497	-0.115244	0.022638	0.145028	-0.096655	0.021021	0.089241	-0.073420	0.019404	1.115569	-0.536179	0.143892	0.000000	0.000000	24.985543	1.303396	-3.294396	11.779867	-1.121201	66.038596	28.350608	38.063475	-1.418496	13.749013	11.736079	-2.605554	56.324587	32.601406	62.538255	1.953104	20.060087
2.516667	-1.075408	-6.409867	86.983180	0.259925	0.960105	0.475970	-3.405671	-2.654314	-6.279959	6.143664	0.107227	35.696706	5.003620	0.000000	-2.910461	1.874713	17.040062	0.959359	0.016744	34.310440	-14.814168	0.000000	0.160959	-0.043046	0.005666	0.298917	-0.057251	0.006021	0.264439	-0.104661	0.006021	0.183960	-0.104661	0.004958	0.149466	-0.087779	0.004604	0.091972	-0.066678	0.004250	1.149713	-0.486942	0.031515	0.000000	0.000000	24.991693	1.419366	-3.212412	11.803498	-1.192649	66.636018	28.499718	37.599961	-1.585362	13.747389	11.395054	-2.672961	55.515999	32.913788	64.317035	2.685233	19.911909
2.533333	-1.027995	-6.467461	86.903930	0.259868	0.960084	0.476036	-3.248038	-2.631637	-6.393219	6.299411	0.109945	35.807195	5.262727	0.000000	-2.865662	1.831476	16.818353	1.004228	0.017527	34.237484	-14.806182	0.000000	0.167383	-0.037195	-0.020214	0.310847	-0.049469	-0.021477	0.274993	-0.090436	-0.021477	0.191302	-0.090436	-0.017687	0.155432	-0.075848	-0.016424	0.095643	-0.057615	-0.015160	1.195599	-0.420758	-0.112422	0.000000	0.000000	25.020337	1.551027	-3.114487	11.830049	-1.277218	67.201608	28.695716	37.205268	-1.760276	13.834204	10.967043	-2.746347	54.440325	33.326932	66.249110	3.413577	19.900823
2.550000	-0.967250	-6.536117	86.823594	0.259816	0.960030	0.476124	-3.053866	-2.601481	-6.644959	6.512832	0.113670	35.922585	5.601996	0.000000	-2.812626	1.774474	16.634874	1.062195	0.018539	34.133474	-14.827681	0.000000	0.174693	-0.029742	-0.051113	0.324423	-0.039557	-0.054307	0.287004	-0.072314	-0.054307	0.199657	-0.072314	-0.044724	0.162220	-0.060650	-0.041529	0.099820	-0.046070	-0.038334	1.247817	-0.336446	-0.284273	0.000000	0.000000	25.065288	1.687227	-3.012542	11.855998	-1.369703	67.711155	28.919869	36.887640	-1.933199	13.985656	10.485142	-2.819249	53.182413	33.805384	68.231592	4.095573	20.010965
2.566667	-0.896646	-6.610091	86.728670	0.259794	0.959958	0.476234	-2.832415	-2.563549	-6.946398	6.767540	0.118116	36.037656	5.954490	0.000000	-2.756935	1.708004	16.460548	1.128568	0.019697	34.015266	-14.853196	0.000000	0.182359	-0.020969	-0.079397	0.338658	-0.027888	-0.084359	0.299597	-0.050983	-0.084359	0.208418	-0.050983	-0.069472	0.169338	-0.042759	-0.064510	0.104200	-0.032480	-0.059547	1.302570	-0.237202	-0.441580	0.000000	0.000000	25.117826	1.814700	-2.913462	11.866642	-1.467878	68.098152	29.169323	36.660608	-2.122798	14.205619	9.998952	-2.887380	51.886338	34.298522	70.113373	4.695335	20.207270
2.583333	-0.818455	-6.683244	86.636891	0.259781	0.959882	0.476356	-2.598638	-2.519490	-7.290449	7.047520	0.123002	36.157804	6.321197	0.000000	-2.702312	1.634071	16.346275	1.198121	0.020911	33.887435	-14.928914	0.000000	0.189638	-0.010942	-0.107581	0.352178	-0.014552	-0.114305	0.311557	-0.026603	-0.114305	0.216738	-0.026603	-0.094134	0.176098	-0.022312	-0.087410	0.108359	-0.016948	-0.080686	1.354569	-0.123773	-0.598336	0.000000	0.000000	25.170862	1.932648	-2.792460	11.873015	-1.566931	68.405107	29.428014	36.507795	-2.332988	14.450949	9.515952	-2.940139	50.543738	34.770271	71.893938	5.206949	20.440224
2.600000	-0.745135	-6.751589	86.520504	0.259823	0.959824	0.476521	-2.352480	-2.484123	-7.664694	7.345388	0.128201	36.297648	6.748051	0.000000	-2.647871	1.566906	16.200383	1.270452	0.022174	33.777281	-14.981659	0.000000	0.195509	-0.001444	-0.123358	0.363080	-0.001921	-0.131068	0.321202	-0.003511	-0.131068	0.223447	-0.003511	-0.107938	0.181550	-0.002945	-0.100228	0.111714	-0.002237	-0.092519	1.396501	-0.016336	-0.686080	0.000000	0.000000	25.224052	2.032084	-2.690396	11.876354	-1.664456	68.610021	29.680412	36.360573	-2.518540	14.686995	9.115284	-2.993602	49.417392	35.189246	73.358243	5.535364	20.667314
2.616667	-0.679380	-6.814426	86.399508	0.259888	0.959792	0.476731	-2.104027	-2.458163	-8.060230	7.647107	0.133467	36.450923	7.215242	0.000000	-2.592229	1.508670	16.070517	1.338683	0.023364	33.681645	-15.052455	0.000000	0.199664	0.007442	-0.129142	0.370796	0.009898	-0.137214	0.328028	0.018095	-0.137214	0.228196	0.018095	-0.113000	0.185408	0.015176	-0.104928	0.114088	0.011528	-0.096857	1.426178	0.084187	-0.718252	0.000000	0.000000	25.275527	2.113408	-2.583653	11.875178	-1.758021	68.674491	29.927384	36.309793	-2.672550	14.907088	8.819470	-3.042300	48.551700	35.521318	74.505422	5.713381	20.833247
2.633333	-0.627159	-6.870802	86.281540	0.259964	0.959792	0.476982	-1.864462	-2.445724	-8.449557	7.935347	0.138498	36.604904	7.686102	0.000000	-2.533984	1.466082	15.955886	1.400030	0.024435	33.603599	-15.138621	0.000000	0.201636	0.015033	-0.126526	0.374458	0.019993	-0.134434	0.331267	0.036550	-0.134434	0.230449	0.036550	-0.110711	0.187239	0.030654	-0.102803	0.115215	0.023285	-0.094895	1.440263	0.170052	-0.703701	0.000000	0.000000	25.331307	2.183291	-2.460316	11.871141	-1.841719	68.582083	30.164457	36.374621	-2.776169	15.102177	8.621682	-3.080811	47.887365	35.762079	75.488977	5.797845	20.925806
2.650000	-0.594421	-6.918481	86.137416	0.260083	0.959826	0.477264	-1.635655	-2.456086	-8.822036	8.211204	0.143313	36.756292	8.186991	0.000000	-2.484302	1.447472	15.940310	1.437346	0.025086	33.502714	-15.388481	0.000000	0.201456	0.020422	-0.108304	0.374125	0.027161	-0.115073	0.330973	0.049654	-0.115073	0.230245	0.049654	-0.094766	0.187072	0.041645	-0.087997	0.115112	0.031634	-0.081228	1.438983	0.231019	-0.602355	0.000000	0.000000	25.384539	2.237925	-2.346714	11.856826	-1.915854	68.306315	30.388871	36.595275	-2.807640	15.256697	8.520717	-3.109731	47.448058	35.917130	76.211088	5.797429	20.948288
2.666667	-0.578877	-6.951944	86.032870	0.260174	0.959904	0.477551	-1.454492	-2.476512	-9.167778	8.430063	0.147132	36.861656	8.620809	0.000000	-2.430728	1.445100	15.746885	1.485861	0.025933	33.492678	-15.343163	0.000000	0.198677	0.023407	-0.086449	0.368962	0.031131	-0.091852	0.326406	0.056911	-0.091852	0.227068	0.056911	-0.075643	0.184491	0.047731	-0.070240	0.113524	0.036257	-0.064837	1.419127	0.264783	-0.480802	0.000000	0.000000	25.436622	2.284070	-2.243181	11.833240	-1.977890	67.892623	30.601183	36.911645	-2.813372	15.357535	8.520573	-3.153218	47.328098	36.001733	76.465862	5.647434	20.838256
2.683333	-0.577904	-6.973001	85.948715	0.260255	0.960007	0.477825	-1.318112	-2.506285	-9.464783	8.595183	0.150014	36.923546	8.986343	0.000000	-2.385140	1.458419	15.551052	1.524390	0.026606	33.497994	-15.262424	0.000000	0.194209	0.024360	-0.058520	0.360666	0.032399	-0.062178	0.319066	0.059229	-0.062178	0.221962	0.059229	-0.051205	0.180343	0.049675	-0.047548	0.110971	0.037733	-0.043890	1.387216	0.275564	-0.325471	0.000000	0.000000	25.481668	2.321421	-2.152444	11.793307	-2.030808	67.346063	30.798647	37.395333	-2.764508	15.426517	8.562964	-3.195738	47.318891	36.050752	76.468488	5.443377	20.681935
2.700000	-0.589726	-6.978306	85.894406	0.260315	0.960135	0.478072	-1.243844	-2.534006	-9.584171	8.677589	0.151453	36.906549	9.106736	0.000000	-2.353122	1.485744	15.401501	1.553386	0.027112	33.493090	-15.209869	0.000000	0.188122	0.023360	-0.025583	0.349362	0.031069	-0.027182	0.309066	0.056799	-0.027182	0.215005	0.056799	-0.022385	0.174690	0.047637	-0.020786	0.107493	0.036185	-0.019187	1.343737	0.264258	-0.142285	0.000000	0.000000	25.507487	2.344858	-2.089959	11.738299	-2.078294	66.732240	30.971550	38.013822	-2.658333	15.448883	8.638142	-3.242588	47.452452	36.073040	76.121532	5.186816	20.449087
2.716667	-0.605752	-6.967310	85.862510	0.260359	0.960276	0.478297	-1.228051	-2.553662	-9.554900	8.685440	0.151590	36.838499	9.042699	0.000000	-2.340792	1.519844	15.326880	1.567940	0.027366	33.458846	-15.245090	0.000000	0.180433	0.021510	0.012992	0.335082	0.028609	0.013805	0.296433	0.052300	0.013805	0.206217	0.052300	0.011368	0.167550	0.043864	0.010556	0.103099	0.033320	0.009744	1.288814	0.243329	0.072260	0.000000	0.000000	25.509792	2.344667	-2.066158	11.660968	-2.120234	66.037779	31.106422	38.792359	-2.461641	15.467555	8.747654	-3.301666	47.780981	36.081133	75.326158	4.880443	20.142026
2.733333	-0.629950	-6.943088	85.847207	0.260378	0.960430	0.478515	-1.254089	-2.581929	-9.546712	8.645489	0.150892	36.776845	9.032120	0.000000	-2.327337	1.562005	14.939264	1.608041	0.028066	33.524155	-14.868839	0.000000	0.171245	0.018643	0.055903	0.318019	0.024796	0.059397	0.281339	0.045330	0.059397	0.195716	0.045330	0.048915	0.159018	0.038018	0.045421	0.097849	0.028879	0.041927	1.223187	0.210899	0.310918	0.000000	0.000000	25.503854	2.316203	-2.080369	11.579671	-2.163917	65.391160	31.208251	39.622145	-2.241960	15.461800	8.870866	-3.376398	48.267010	36.082490	74.117243	4.497065	19.699983
2.750000	-0.655080	-6.911830	85.850213	0.260370	0.960577	0.478703	-1.321037	-2.603077	-9.423263	8.545073	0.149140	36.704427	8.912160	0.000000	-2.321401	1.607017	14.513141	1.646077	0.028729	33.596738	-14.451202	0.000000	0.161609	0.015871	0.097890	0.300124	0.021108	0.104008	0.265507	0.038588	0.104008	0.184703	0.038588	0.085654	0.150070	0.032363	0.079536	0.092343	0.024584	0.073418	1.154357	0.179532	0.544435	0.000000	0.000000	25.489770	2.269771	-2.100450	11.498761	-2.206635	64.820915	31.269997	40.531616	-1.963500	15.459117	8.965896	-3.456790	48.747198	36.099317	72.784245	4.140797	19.186443
2.766667	-0.678249	-6.878191	85.882216	0.260320	0.960707	0.478850	-1.424499	-2.613408	-9.185598	8.384984	0.146346	36.627210	8.678077	0.000000	-2.319053	1.649786	14.079463	1.680901	0.029337	33.675383	-14.010924	0.000000	0.152271	0.013580	0.133131	0.282782	0.018062	0.141452	0.250165	0.033019	0.141452	0.174030	0.033019	0.116489	0.141398	0.027693	0.108169	0.087007	0.021036	0.099848	1.087653	0.153621	0.740434	0.000000	0.000000	25.472211	2.212978	-2.110089	11.417478	-2.249475	64.328365	31.301934	41.500536	-1.624501	15.470245	9.017513	-3.538460	49.144180	36.142449	71.480547	3.844455	18.648396
2.783333	-0.700412	-6.849040	85.920111	0.260248	0.960804	0.478939	-1.546851	-2.619182	-8.850945	8.185108	0.142857	36.560629	8.378657	0.000000	-2.322582	1.692948	13.810503	1.697392	0.029625	33.698474	-13.798646	0.000000	0.144577	0.011976	0.163532	0.268494	0.015929	0.173753	0.237526	0.029119	0.173753	0.165237	0.029119	0.143091	0.134254	0.024422	0.132870	0.082611	0.018551	0.122649	1.032700	0.135480	0.909518	0.000000	0.000000	25.453601	2.145150	-2.100370	11.327140	-2.295555	63.885911	31.333235	42.423070	-1.284480	15.552172	9.026511	-3.618003	49.426881	36.224107	70.326745	3.636248	18.180913
2.800000	-0.718275	-6.821054	85.975544	0.260128	0.960883	0.478967	-1.688195	-2.618823	-8.473596	7.956493	0.138867	36.500442	8.043437	0.000000	-2.331753	1.730621	13.594610	1.702842	0.029720	33.712599	-13.619515	0.000000	0.137985	0.011713	0.182956	0.256252	0.015578	0.194390	0.226696	0.028478	0.194390	0.157703	0.028478	0.160086	0.128133	0.023884	0.148651	0.078845	0.018143	0.137217	0.985613	0.132496	1.017545	0.000000	0.000000	25.434991	2.074918	-2.051164	11.245665	-2.344355	63.554402	31.354157	43.271054	-0.930960	15.662523	9.004259	-3.695772	49.617702	36.338862	69.279366	3.481450	17.791473
2.816667	-0.732671	-6.791957	86.005379	0.260025	0.960963	0.478943	-1.841209	-2.613217	-7.995755	7.705941	0.134494	36.415726	7.631054	0.000000	-2.340132	1.759666	13.029499	1.720921	0.030036	33.837048	-12.976415	0.000000	0.132146	0.012779	0.197220	0.245408	0.016996	0.209546	0.217102	0.031071	0.209546	0.151029	0.031071	0.172567	0.122710	0.026059	0.160241	0.075508	0.019795	0.147915	0.943903	0.144558	1.096877	0.000000	0.000000	25.416263	2.009191	-1.943462	11.186200	-2.390678	63.365498	31.359959	44.058162	-0.589810	15.786284	8.979732	-3.785949	49.832045	36.490525	68.149863	3.277856	17.486240
2.833333	-0.745283	-6.767003	86.022214	0.259931	0.961028	0.478855	-1.987484	-2.608452	-7.541828	7.467247	0.130328	36.329882	7.260246	0.000000	-2.359127	1.785234	12.710504	1.714694	0.029927	33.881104	-12.636276	0.000000	0.128365	0.014270	0.204708	0.238386	0.018980	0.217503	0.210890	0.034697	0.217503	0.146708	0.034697	0.179120	0.119199	0.029100	0.166326	0.073348	0.022105	0.153531	0.916895	0.161429	1.138527	0.000000	0.000000	25.393292	1.953765	-1.816822	11.133600	-2.430632	63.270774	31.364476	44.644595	-0.279892	15.967507	8.914893	-3.861570	49.843315	36.677785	67.311734	3.202430	17.402555
2.850000	-0.751919	-6.742110	86.027122	0.259856	0.961092	0.478707	-2.134495	-2.594969	-7.063858	7.230057	0.126188	36.210644	6.853848	0.000000	-2.381198	1.798001	12.223350	1.712072	0.029881	33.980803	-12.034456	0.000000	0.126114	0.016436	0.206199	0.234207	0.021860	0.219086	0.207193	0.039962	0.219086	0.144136	0.039962	0.180424	0.117110	0.033516	0.167536	0.072062	0.025459	0.154649	0.900822	0.185925	1.146815	0.000000	0.000000	25.363763	1.915272	-1.670581	11.086877	-2.464825	63.258325	31.371519	45.093686	-0.046676	16.175965	8.821844	-3.927952	49.711224	36.882845	66.679645	3.222997	17.473685
2.866667	-0.754607	-6.717051	86.033101	0.259786	0.961163	0.478528	-2.270993	-2.579223	-6.662569	7.018336	0.122493	36.081491	6.505102	0.000000	-2.409304	1.802142	11.871861	1.701835	0.029703	34.036613	-11.564126	0.000000	0.125056	0.018741	0.201755	0.232242	0.024925	0.214364	0.205455	0.045567	0.214364	0.142927	0.045567	0.176535	0.116127	0.038216	0.163926	0.071457	0.029030	0.151316	0.893266	0.212001	1.122098	0.000000	0.000000	25.322291	1.892690	-1.524962	11.060373	-2.491253	63.348928	31.363054	45.394753	0.159379	16.396340	8.722491	-3.996142	49.524959	37.101732	66.166553	3.285692	17.655600
2.883333	-0.757425	-6.694337	86.062920	0.259688	0.961241	0.478340	-2.390559	-2.569167	-6.421200	6.844827	0.119465	35.954953	6.280150	0.000000	-2.434837	1.801340	11.660836	1.688329	0.029467	34.059871	-11.206352	0.000000	0.125169	0.020537	0.190418	0.232452	0.027315	0.202319	0.205641	0.049935	0.202319	0.143056	0.049935	0.166616	0.116232	0.041880	0.154715	0.071522	0.031812	0.142813	0.894073	0.232323	1.059047	0.000000	0.000000	25.274863	1.878229	-1.411855	11.045479	-2.504785	63.493908	31.336552	45.500528	0.318422	16.618944	8.626112	-4.066478	49.339264	37.317141	65.648768	3.321687	17.897495
2.900000	-0.762748	-6.673520	86.095347	0.259591	0.961328	0.478163	-2.489927	-2.561965	-6.235288	6.703794	0.117003	35.820567	6.077070	0.000000	-2.458778	1.798938	11.580902	1.666749	0.029090	34.058475	-10.983770	0.000000	0.125905	0.021614	0.178533	0.233819	0.028746	0.189691	0.206850	0.052552	0.189691	0.143897	0.052552	0.156216	0.116916	0.044075	0.145058	0.071942	0.033480	0.133899	0.899328	0.244499	0.992945	0.000000	0.000000	25.221699	1.858745	-1.345855	11.035420	-2.513104	63.644414	31.313992	45.463479	0.406183	16.846370	8.548725	-4.143930	49.234507	37.510385	65.052196	3.317865	18.095349
2.916667	-0.776432	-6.657020	86.142718	0.259475	0.961420	0.478024	-2.559583	-2.570852	-6.209174	6.612456	0.115409	35.712437	6.014455	0.000000	-2.472253	1.801317	11.628721	1.640883	0.028639	34.045745	-10.883749	0.000000	0.126954	0.021220	0.164281	0.235767	0.028223	0.174548	0.208573	0.051594	0.174548	0.145096	0.051594	0.143746	0.117890	0.043272	0.133478	0.072542	0.032870	0.123210	0.906821	0.240044	0.913679	0.000000	0.000000	25.169102	1.831683	-1.345353	11.037384	-2.514519	63.810076	31.291914	45.267132	0.435242	17.047298	8.485746	-4.229714	49.212026	37.687362	64.344919	3.229710	18.229611
2.933333	-0.799114	-6.647478	86.185379	0.259360	0.961511	0.477950	-2.592491	-2.594368	-6.279524	6.570597	0.114679	35.631234	6.038852	0.000000	-2.471290	1.810954	11.765243	1.611222	0.028121	34.030404	-10.892364	0.000000	0.128177	0.019405	0.154316	0.238038	0.025809	0.163960	0.210582	0.047182	0.163960	0.146494	0.047182	0.135026	0.119025	0.039571	0.125381	0.073240	0.030059	0.115737	0.915556	0.219517	0.858257	0.000000	0.000000	25.121028	1.784421	-1.428749	11.042406	-2.515795	63.937890	31.278214	44.998829	0.435434	17.224698	8.467987	-4.327177	49.390126	37.834044	63.478118	3.032049	18.272598
2.950000	-0.824338	-6.647642	86.243409	0.259213	0.961588	0.477936	-2.589763	-2.626926	-6.465268	6.582102	0.114879	35.583417	6.158427	0.000000	-2.454874	1.821521	12.058504	1.574756	0.027485	33.998704	-11.075370	0.000000	0.129639	0.017321	0.142807	0.240752	0.023038	0.151733	0.212984	0.042115	0.151733	0.148164	0.042115	0.124956	0.120383	0.035322	0.116031	0.074076	0.026831	0.107105	0.925998	0.195944	0.794251	0.000000	0.000000	25.085337	1.718093	-1.555545	11.043585	-2.519828	63.991672	31.281133	44.857883	0.428183	17.376023	8.464442	-4.411179	49.625888	37.934326	62.591470	2.823628	18.258571
2.966667	-0.851713	-6.658553	86.322324	0.259034	0.961639	0.477985	-2.553379	-2.669995	-6.812139	6.646708	0.116007	35.579513	6.423250	0.000000	-2.419676	1.833449	12.453897	1.539668	0.026872	33.969720	-11.364827	0.000000	0.131396	0.014950	0.128259	0.244015	0.019884	0.136276	0.215870	0.036350	0.136276	0.150172	0.036350	0.112227	0.122014	0.030487	0.104211	0.075079	0.023158	0.096194	0.938545	0.169121	0.713340	0.000000	0.000000	25.067304	1.641423	-1.710199	11.043050	-2.525200	63.987475	31.295356	44.815324	0.425806	17.497148	8.471894	-4.479301	49.906013	38.004430	61.720492	2.568914	18.240887
2.983333	-0.879343	-6.678663	86.399835	0.258853	0.961658	0.478088	-2.487207	-2.720320	-7.265663	6.757280	0.117937	35.610092	6.798821	0.000000	-2.372869	1.846605	12.918601	1.504040	0.026250	33.938667	-11.752216	0.000000	0.133594	0.012652	0.115095	0.248097	0.016827	0.122288	0.219481	0.030762	0.122288	0.152684	0.030762	0.100708	0.124055	0.025800	0.093514	0.076336	0.019598	0.086321	0.954248	0.143121	0.640121	0.000000	0.000000	25.060932	1.566539	-1.858085	11.040989	-2.534441	63.944326	31.316521	44.801271	0.424562	17.581115	8.491891	-4.524171	50.241592	38.035959	60.790991	2.256901	18.237167
3.000000	-0.896359	-6.706919	86.526380	0.258628	0.961648	0.478245	-2.411955	-2.759125	-7.843835	6.886829	0.120198	35.650862	7.241785	0.000000	-2.301716	1.846319	13.278152	1.498054	0.026146	33.970887	-11.948421	0.000000	0.135825	0.011472	0.095033	0.252240	0.015258	0.100972	0.223147	0.027894	0.100972	0.155234	0.027894	0.083154	0.126127	0.023394	0.077214	0.077610	0.017771	0.071275	0.970183	0.129778	0.528543	0.000000	0.000000	25.074690	1.497921	-1.971665	11.050300	-2.546828	63.906853	31.338870	44.811786	0.403635	17.625283	8.544639	-4.555810	50.691645	38.033404	59.706042	1.875836	18.251108
3.016667	-0.909881	-6.745759	86.646930	0.258417	0.961596	0.478445	-2.315937	-2.798442	-8.498765	7.043241	0.122928	35.720948	7.770899	0.000000	-2.226258	1.845312	13.794381	1.485524	0.025927	33.942596	-12.375884	0.000000	0.138828	0.010784	0.077002	0.257818	0.014342	0.081815	0.228081	0.026220	0.081815	0.158667	0.026220	0.067377	0.128916	0.021990	0.062564	0.079326	0.016704	0.057752	0.991637	0.121988	0.428263	0.000000	0.000000	25.100497	1.439363	-2.050964	11.057718	-2.553298	63.812706	31.345979	44.904567	0.427890	17.642253	8.580855	-4.545270	51.021263	38.000325	58.702017	1.525641	18.303565
3.033333	-0.910634	-6.791964	86.780434	0.258219	0.961512	0.478688	-2.216575	-2.820294	-9.180247	7.199318	0.125652	35.796047	8.299413	0.000000	-2.142346	1.832361	14.334890	1.484974	0.025918	33.901913	-12.849629	0.000000	0.141761	0.011555	0.057694	0.263265	0.015368	0.061299	0.232900	0.028094	0.061299	0.162019	0.028094	0.050482	0.131640	0.023562	0.046876	0.081002	0.017898	0.043270	1.012587	0.130710	0.320874	0.000000	0.000000	25.140639	1.381937	-2.096914	11.066840	-2.557947	63.682608	31.347012	45.042846	0.471487	17.633484	8.617473	-4.520144	51.295812	37.978024	57.569655	1.146809	18.419501
3.050000	-0.898117	-6.846256	86.918134	0.258045	0.961408	0.478974	-2.112758	-2.825827	-9.878592	7.350807	0.128296	35.888580	8.848355	0.000000	-2.049249	1.806404	14.814317	1.497166	0.026130	33.871807	-13.262251	0.000000	0.144518	0.013743	0.038803	0.268384	0.018278	0.041229	0.237429	0.033414	0.041229	0.165170	0.033414	0.033953	0.134199	0.028024	0.031528	0.082578	0.021288	0.029103	1.032277	0.155461	0.215813	0.000000	0.000000	25.197965	1.315232	-2.144703	11.079539	-2.557727	63.517870	31.333137	45.159653	0.551976	17.619891	8.659120	-4.486304	51.524874	37.962444	56.351466	0.749204	18.479998
3.066667	-0.877109	-6.905476	87.066673	0.257893	0.961303	0.479306	-2.014608	-2.817876	-10.576063	7.477911	0.130514	35.990527	9.406983	0.000000	-1.940624	1.769403	15.082720	1.537037	0.026826	33.905268	-13.407280	0.000000	0.146465	0.016675	0.019327	0.271999	0.022177	0.020535	0.240627	0.040543	0.020535	0.167394	0.040543	0.016911	0.136007	0.034003	0.015703	0.083690	0.025829	0.014495	1.046182	0.188628	0.107491	0.000000	0.000000	25.276348	1.235525	-2.206963	11.097789	-2.554169	63.330560	31.315220	45.252959	0.636986	17.599532	8.717647	-4.466186	51.744083	37.973219	55.054714	0.344176	18.420469
3.083333	-0.849990	-6.972004	87.216691	0.257776	0.961201	0.479667	-1.922381	-2.794996	-11.198876	7.569138	0.132106	36.099271	9.911104	0.000000	-1.833813	1.727903	15.530023	1.559853	0.027225	33.861561	-13.814651	0.000000	0.148364	0.020076	-0.000500	0.275526	0.026701	-0.000531	0.243747	0.048813	-0.000531	0.169565	0.048813	-0.000437	0.137771	0.040939	-0.000406	0.084775	0.031098	-0.000375	1.059748	0.227106	-0.002780	0.000000	0.000000	25.363810	1.152173	-2.280509	11.113759	-2.540582	63.062459	31.301026	45.331973	0.732877	17.636891	8.782557	-4.469003	51.874367	38.035888	53.901787	0.031126	18.248806
3.100000	-0.813918	-7.042434	87.365935	0.257704	0.961111	0.480042	-1.848215	-2.746815	-11.604476	7.600005	0.132645	36.174761	10.194833	0.000000	-1.726830	1.675692	15.992892	1.576662	0.027518	33.800445	-14.259693	0.000000	0.150166	0.024006	-0.020553	0.278874	0.031929	-0.021837	0.246708	0.058369	-0.021837	0.171625	0.058369	-0.017984	0.139445	0.048954	-0.016699	0.085805	0.037186	-0.015414	1.072624	0.271566	-0.114307	0.000000	0.000000	25.459048	1.065323	-2.365990	11.121479	-2.519956	62.662479	31.308786	45.493395	0.862467	17.745214	8.846315	-4.500022	51.848763	38.163589	53.089034	-0.115667	17.971941
3.116667	-0.777388	-7.110780	87.487458	0.257727	0.961044	0.480418	-1.786055	-2.689403	-11.901816	7.593331	0.132529	36.252122	10.434147	0.000000	-1.629444	1.620935	16.449654	1.582718	0.027624	33.715440	-14.745335	0.000000	0.151701	0.027307	-0.033669	0.281723	0.036318	-0.035774	0.249229	0.066393	-0.035774	0.173379	0.066393	-0.029461	0.140869	0.055684	-0.027356	0.086682	0.042298	-0.025252	1.083583	0.308898	-0.187258	0.000000	0.000000	25.552052	0.992612	-2.443611	11.062189	-2.477754	61.827103	31.347594	46.074499	1.053756	17.988265	8.935316	-4.572167	51.721042	38.352713	52.750984	-0.079125	17.505506
3.133333	-0.744725	-7.163454	87.604322	0.257844	0.961030	0.480785	-1.768085	-2.615045	-11.929086	7.513443	0.131134	36.260816	10.383356	0.000000	-1.546757	1.562382	16.651573	1.594316	0.027826	33.700521	-14.891151	0.000000	0.152300	0.029035	-0.048324	0.282837	0.038617	-0.051344	0.250214	0.070596	-0.051344	0.174064	0.070596	-0.042284	0.141426	0.059209	-0.039263	0.087024	0.044976	-0.036243	1.087865	0.328452	-0.268765	0.000000	0.000000	25.617000	0.964423	-2.458254	11.049648	-2.416629	61.121579	31.355448	46.440700	1.302138	18.167997	9.075421	-4.718827	51.618986	38.591551	52.750990	0.074584	16.713834
3.150000	-0.714662	-7.196616	87.643906	0.258154	0.961064	0.481132	-1.774564	-2.536189	-11.865630	7.398424	0.129127	36.260433	10.372265	0.000000	-1.492502	1.499674	16.570724	1.600437	0.027933	33.743020	-14.757640	0.000000	0.151734	0.029349	-0.046027	0.281784	0.039034	-0.048903	0.249283	0.071359	-0.048903	0.173416	0.071359	-0.040273	0.140900	0.059849	-0.037397	0.086701	0.045462	-0.034520	1.083818	0.332003	-0.255986	0.000000	0.000000	25.649374	0.983611	-2.401730	10.977860	-2.354176	60.060580	31.346611	47.202148	1.617643	18.324474	9.268333	-4.917783	51.513676	38.854743	53.224381	0.346690	15.593350
3.166667	-0.700454	-7.210076	87.648165	0.258611	0.961133	0.481414	-1.824485	-2.458761	-11.550639	7.223690	0.126077	36.180920	10.102450	0.000000	-1.479250	1.448743	16.706445	1.570211	0.027405	33.692416	-14.950377	0.000000	0.151959	0.026543	-0.039620	0.282203	0.035303	-0.042096	0.249653	0.064538	-0.042096	0.173674	0.064538	-0.034668	0.141109	0.054127	-0.032191	0.086829	0.041116	-0.029715	1.085428	0.300265	-0.220355	0.000000	0.000000	25.627279	1.076256	-2.237015	10.997678	-2.266232	59.527772	31.249171	47.338860	1.999632	18.214157	9.471298	-5.170946	51.288870	39.139467	54.191301	0.851491	14.197693
3.183333	-0.694518	-7.197019	87.580421	0.259245	0.961251	0.481626	-1.928376	-2.373890	-10.884509	6.972069	0.121686	35.988074	9.482680	0.000000	-1.502082	1.399766	16.523441	1.536895	0.026824	33.723357	-14.795752	0.000000	0.151580	0.022226	-0.020987	0.281499	0.029561	-0.022299	0.249030	0.054041	-0.022299	0.173240	0.054041	-0.018364	0.140757	0.045324	-0.017052	0.086613	0.034428	-0.015740	1.082718	0.251427	-0.116724	0.000000	0.000000	25.556765	1.211468	-1.971096	11.118641	-2.183970	59.602592	31.073693	47.063277	2.386547	17.731674	9.694849	-5.477337	51.071619	39.430723	55.194492	1.423942	12.471920
3.200000	-0.699211	-7.157799	87.420709	0.260038	0.961412	0.481799	-2.053239	-2.304011	-10.213711	6.710060	0.117113	35.807890	8.989618	0.000000	-1.570976	1.363828	16.441926	1.476716	0.025774	33.686797	-14.886244	0.000000	0.149859	0.016312	0.021101	0.278303	0.021695	0.022419	0.246203	0.039660	0.022419	0.171274	0.039660	0.018463	0.139159	0.033263	0.017144	0.085629	0.025267	0.015826	1.070426	0.184521	0.117356	0.000000	0.000000	25.447825	1.350155	-1.703886	11.313281	-2.160124	60.128676	30.853197	46.766184	2.684141	16.887091	10.038282	-5.844996	51.250070	39.674988	55.677507	1.845396	10.354579
3.216667	-0.725485	-7.109581	87.194435	0.260959	0.961587	0.481905	-2.207213	-2.251213	-9.206402	6.388349	0.111498	35.512635	8.124240	0.000000	-1.660203	1.348385	16.282830	1.404154	0.024507	33.651023	-14.943172	0.000000	0.148993	0.007622	0.074794	0.276695	0.010138	0.079469	0.244780	0.018533	0.079469	0.170284	0.018533	0.065445	0.138355	0.015543	0.060770	0.085134	0.011807	0.056096	1.064241	0.086225	0.415983	0.000000	0.000000	25.325818	1.498212	-1.419818	11.647801	-2.173248	61.498431	30.586387	46.026359	2.858325	15.582269	10.349958	-6.249541	51.237174	39.931868	56.512158	2.082319	8.139207
3.233333	-0.777214	-7.049589	86.903308	0.261999	0.961777	0.481970	-2.386648	-2.220543	-7.888633	6.015292	0.104987	35.123851	6.927024	0.000000	-1.769562	1.359659	16.075842	1.323000	0.023091	33.602527	-15.008472	0.000000	0.147406	-0.004406	0.138930	0.273748	-0.005861	0.147613	0.242174	-0.010714	0.147613	0.168470	-0.010714	0.121564	0.136881	-0.008986	0.112880	0.084228	-0.006826	0.104197	1.052907	-0.049847	0.772686	0.000000	0.000000	25.198935	1.660148	-1.131279	12.137805	-2.250070	63.661062	30.298801	45.090056	2.871952	13.883488	10.644212	-6.707909	51.006955	40.172501	57.859553	2.140816	5.895053
3.250000	-0.858603	-6.982218	86.546149	0.263149	0.961981	0.482022	-2.577186	-2.221475	-6.305342	5.609113	0.097897	34.649927	5.432076	0.000000	-1.891175	1.402461	15.798651	1.237772	0.021603	33.540306	-15.046949	0.000000	0.145191	-0.020796	0.221009	0.269634	-0.027659	0.234823	0.238534	-0.050564	0.234823	0.165938	-0.050564	0.193383	0.134824	-0.042408	0.179570	0.082962	-0.032213	0.165757	1.037083	-0.235250	1.229188	0.000000	0.000000	25.075509	1.816930	-0.916538	12.767853	-2.423346	66.492530	29.995617	43.838549	2.806532	11.864103	11.031427	-7.224433	50.974693	40.306897	59.663610	1.707889	3.722233
3.266667	-0.973616	-6.926822	86.178998	0.264333	0.962164	0.482038	-2.761967	-2.254547	-4.558444	5.181809	0.090440	34.145519	3.751812	0.000000	-2.000910	1.479824	15.504726	1.155598	0.020169	33.442368	-15.093391	0.000000	0.144617	-0.042157	0.298052	0.268569	-0.056069	0.316680	0.237592	-0.102501	0.316680	0.165283	-0.102501	0.260795	0.134292	-0.085967	0.242167	0.082634	-0.065302	0.223539	1.032988	-0.476892	1.657673	0.000000	0.000000	24.988387	1.990838	-0.759021	13.515583	-2.684680	69.745263	29.685312	42.650835	2.586980	9.591967	11.362408	-7.842425	50.561911	40.422285	61.942330	1.029692	1.812880
3.283333	-1.116781	-6.869074	85.787549	0.265554	0.962359	0.482048	-2.948104	-2.320631	-2.659901	4.743035	0.082782	33.601324	1.891578	0.000000	-2.111953	1.589389	15.148736	1.083651	0.018913	33.312704	-15.095472	0.000000	0.143662	-0.067971	0.381814	0.266794	-0.090401	0.405677	0.236022	-0.165264	0.405677	0.164191	-0.165264	0.334087	0.133404	-0.138606	0.310224	0.082088	-0.105287	0.286360	1.026162	-0.768898	2.123533	0.000000	0.000000	24.914109	2.180761	-0.667620	14.352157	-3.051770	73.207240	29.351562	41.438959	2.344435	7.242584	11.805262	-8.507995	50.457153	40.294119	64.602226	-0.108086	0.122854
3.300000	-1.283842	-6.803660	85.372656	0.266792	0.962574	0.482046	-3.137400	-2.418956	-0.633078	4.300019	0.075049	33.033376	-0.121798	0.000000	-2.229894	1.730088	14.729227	1.026601	0.017918	33.137434	-15.064663	0.000000	0.142065	-0.097641	0.471951	0.263829	-0.129862	0.501448	0.233399	-0.237404	0.501448	0.162366	-0.237404	0.412957	0.131922	-0.199109	0.383460	0.081176	-0.151245	0.353963	1.014757	-1.104531	2.624851	0.000000	0.000000	24.843433	2.384134	-0.648477	15.279525	-3.490705	77.003174	28.953747	39.816902	2.102554	4.878343	12.382674	-9.180940	50.920910	39.816843	67.440309	-1.748792	-1.348007
3.316667	-1.456242	-6.732361	84.914772	0.268016	0.962795	0.482005	-3.325014	-2.533925	1.520821	3.859837	0.067367	32.449376	-2.245306	0.000000	-2.360505	1.888263	14.239759	0.980146	0.017107	32.924442	-15.020565	0.000000	0.140191	-0.127425	0.571876	0.260349	-0.169476	0.607618	0.230320	-0.309822	0.607618	0.160224	-0.309822	0.500392	0.130181	-0.259846	0.464649	0.080105	-0.197382	0.428907	1.001371	-1.441462	3.180603	0.000000	0.000000	24.769432	2.587484	-0.643274	16.207976	-4.039851	80.559157	28.516613	38.199635	1.851848	2.693314	13.023857	-9.824119	51.738951	38.999506	70.520560	-3.711807	-2.470284
3.333333	-1.609612	-6.650314	84.419722	0.269185	0.963026	0.481895	-3.516937	-2.647772	3.720764	3.434773	0.059948	31.866185	-4.383736	0.000000	-2.514031	2.043260	13.705365	0.944318	0.016481	32.668834	-15.001203	0.000000	0.137668	-0.153063	0.675955	0.255664	-0.203574	0.718202	0.226175	-0.372158	0.718202	0.157341	-0.372158	0.591460	0.127839	-0.312127	0.549213	0.078664	-0.237095	0.506966	0.983351	-1.731483	3.759457	0.000000	0.000000	24.680070	2.766291	-0.588785	17.187531	-4.620266	84.519465	27.980023	36.084649	1.662226	0.593349	13.688279	-10.405432	52.976554	37.830222	73.394010	-5.898872	-3.276545
3.350000	-1.767592	-6.558260	83.905893	0.270285	0.963236	0.481687	-3.711210	-2.782909	5.893731	3.030166	0.052886	31.303562	-6.498878	0.000000	-2.687024	2.216994	13.146807	0.914677	0.015964	32.401639	-14.973126	0.000000	0.135000	-0.177777	0.788220	0.250709	-0.236444	0.837484	0.221792	-0.432248	0.837484	0.154292	-0.432248	0.689693	0.125361	-0.362523	0.640429	0.077139	-0.275377	0.591165	0.964295	-2.011052	4.383844	0.000000	0.000000	24.587782	2.904869	-0.577643	18.085611	-5.247746	88.259914	27.380430	33.767286	1.494607	-1.239270	14.282661	-10.933305	54.154895	36.423871	76.231904	-8.173964	-3.750136
3.366667	-1.894923	-6.449969	83.384888	0.271250	0.963440	0.481373	-3.915465	-2.910537	7.924912	2.660867	0.046441	30.767509	-8.454133	0.000000	-2.887669	2.379525	12.585586	0.890404	0.015540	32.134168	-14.978883	0.000000	0.131004	-0.195503	0.902292	0.243288	-0.260019	0.958686	0.215227	-0.475347	0.958686	0.149725	-0.475347	0.789506	0.121651	-0.398670	0.733113	0.074856	-0.302835	0.676719	0.935752	-2.211573	5.018280	0.000000	0.000000	24.476390	2.976740	-0.521642	18.924352	-5.873079	92.307643	26.692024	31.078683	1.379085	-2.896269	14.833392	-11.381359	55.662717	34.818254	78.472026	-10.553880	-3.879212
3.383333	-1.977238	-6.327284	82.876165	0.272004	0.963643	0.480952	-4.132305	-3.019074	9.747662	2.331637	0.040695	30.253528	-10.187088	0.000000	-3.113359	2.517309	12.055250	0.867900	0.015148	31.884964	-15.015310	0.000000	0.126280	-0.203409	1.016483	0.234514	-0.270534	1.080014	0.207465	-0.494569	1.080014	0.144325	-0.494569	0.889423	0.117263	-0.414792	0.825893	0.072156	-0.315080	0.762363	0.902004	-2.301003	5.653376	0.000000	0.000000	24.328864	2.964180	-0.397988	19.647927	-6.505115	96.482450	25.952920	28.162259	1.320349	-4.295437	15.341110	-11.708221	57.561001	33.012319	80.243946	-12.922301	-3.804754
3.400000	-2.049655	-6.184927	82.371260	0.272644	0.963801	0.480416	-4.364641	-3.141917	11.329449	2.043748	0.035670	29.771820	-11.679484	0.000000	-3.365414	2.660829	11.550444	0.845013	0.014748	31.677127	-15.031132	0.000000	0.120598	-0.206998	1.130640	0.223962	-0.275308	1.201305	0.198130	-0.503295	1.201305	0.137831	-0.503295	0.989310	0.111987	-0.422111	0.918645	0.068910	-0.320640	0.847980	0.861419	-2.341605	6.288281	0.000000	0.000000	24.152423	2.907042	-0.189997	20.197931	-7.089768	100.625781	25.158736	25.262966	1.284725	-5.364035	15.594479	-12.299234	55.848587	31.677521	85.322514	-15.229933	-3.016955
3.416667	-2.060707	-6.025879	81.895319	0.273000	0.963995	0.479810	-4.609328	-3.232644	12.540934	1.815291	0.031683	29.313103	-12.784757	0.000000	-3.641642	2.763849	11.130377	0.823413	0.014371	31.496211	-15.081867	0.000000	0.113522	-0.197601	1.243983	0.210823	-0.262809	1.321732	0.186506	-0.480447	1.321732	0.129745	-0.480447	1.088485	0.105417	-0.402948	1.010736	0.064867	-0.306084	0.932987	0.810880	-2.235303	6.918662	0.000000	0.000000	23.923978	2.763320	0.151436	20.531147	-7.676978	104.525141	24.354779	22.461436	1.332515	-6.049288	15.878971	-12.581307	56.711890	29.958306	87.963166	-17.275005	-2.410497
3.433333	-1.987605	-5.854556	81.456222	0.273074	0.964230	0.479126	-4.874301	-3.254615	13.516606	1.625082	0.028363	28.838109	-13.677327	0.000000	-3.942260	2.799019	10.785379	0.801861	0.013995	31.361565	-15.119966	0.000000	0.105680	-0.172781	1.354665	0.196258	-0.229799	1.439332	0.173622	-0.420100	1.439332	0.120782	-0.420100	1.185332	0.098134	-0.352335	1.100665	0.060386	-0.267638	1.015999	0.754862	-1.954533	7.534241	0.000000	0.000000	23.638841	2.532299	0.633110	20.614127	-8.263029	108.058154	23.561817	19.911955	1.538137	-6.365902	16.146881	-12.478273	60.430696	27.880254	88.093104	-18.910351	-2.029635
3.450000	-1.853708	-5.668753	81.068828	0.272910	0.964487	0.478367	-5.153686	-3.233573	14.115715	1.492686	0.026052	28.412496	-14.183543	0.000000	-4.267348	2.782324	10.578329	0.778600	0.013589	31.251255	-15.195096	0.000000	0.097004	-0.136883	1.459957	0.180147	-0.182054	1.551205	0.159368	-0.332816	1.551205	0.110866	-0.332816	1.277463	0.090078	-0.279131	1.186215	0.055428	-0.212031	1.094968	0.692892	-1.548443	8.119844	0.000000	0.000000	23.304573	2.250197	1.230119	20.414210	-8.833390	110.947869	22.789698	17.696051	1.905184	-6.299186	16.424281	-12.142318	65.764276	25.723963	86.682579	-20.304542	-1.986102
3.466667	-1.651823	-5.468394	80.756677	0.272525	0.964759	0.477514	-5.464783	-3.145859	14.526797	1.382754	0.024134	28.001526	-14.550304	0.000000	-4.619775	2.697824	10.531289	0.752025	0.013125	31.173840	-15.280875	0.000000	0.087902	-0.090370	1.552076	0.163243	-0.120192	1.649081	0.144415	-0.219725	1.649081	0.100464	-0.219725	1.358067	0.081626	-0.184282	1.261062	0.050227	-0.139983	1.164057	0.627877	-1.022281	8.632183	0.000000	0.000000	22.923921	1.921638	1.904920	20.019837	-9.394249	113.601660	22.027901	15.285095	2.381801	-6.050148	16.686899	-11.609689	72.369434	23.630489	83.767290	-21.477866	-2.282620
3.483333	-1.380770	-5.257648	80.501969	0.271972	0.965015	0.476564	-5.790961	-2.994024	14.627439	1.314954	0.022950	27.669855	-14.573361	0.000000	-5.000461	2.539488	10.652695	0.716560	0.012506	31.128287	-15.418641	0.000000	0.078026	-0.033715	1.635043	0.144903	-0.044840	1.737233	0.128189	-0.081974	1.737233	0.089176	-0.081974	1.430662	0.072455	-0.068751	1.328472	0.044584	-0.052224	1.226282	0.557334	-0.381386	9.093617	0.000000	0.000000	22.520196	1.551607	2.633900	19.372625	-9.937128	115.634316	21.314295	13.260284	2.923902	-5.637219	16.893583	-10.901525	79.805668	21.658679	79.389564	-22.252291	-2.947541
3.500000	-1.051341	-5.039265	80.346998	0.271251	0.965245	0.475513	-6.152560	-2.768420	14.726651	1.239243	0.021629	27.338718	-14.703772	0.000000	-5.400558	2.310407	10.961015	0.676798	0.011812	31.120312	-15.585099	0.000000	0.067789	0.030617	1.694739	0.125891	0.040720	1.800660	0.111370	0.074441	1.800660	0.077476	0.074441	1.482897	0.062949	0.062434	1.376976	0.038735	0.047425	1.271054	0.484210	0.346342	9.425630	0.000000	0.000000	22.103537	1.159603	3.399023	18.653335	-10.438026	117.854157	20.628394	10.833035	3.429320	-5.341774	17.011921	-10.078843	87.731368	19.876997	73.386941	-22.559466	-3.939082
3.516667	-0.662473	-4.821131	80.268446	0.270414	0.965431	0.474383	-6.521440	-2.474475	14.643471	1.185811	0.020696	27.084930	-14.646102	0.000000	-5.812545	2.006637	11.423882	0.630299	0.011001	31.156262	-15.793791	0.000000	0.056688	0.101662	1.740850	0.105276	0.135210	1.849654	0.093133	0.247181	1.849654	0.064789	0.247181	1.523244	0.052641	0.207309	1.414441	0.032392	0.157474	1.305638	0.404919	1.150019	9.682088	0.000000	0.000000	21.716280	0.724197	4.088659	17.780545	-10.925473	119.719634	20.045175	8.782995	3.758361	-5.153917	17.020168	-9.151625	95.728758	18.323506	66.075766	-22.401340	-5.176060
3.533333	-0.234905	-4.611823	80.302091	0.269479	0.965565	0.473239	-6.885343	-2.122548	14.361714	1.152659	0.020118	26.910550	-14.419766	0.000000	-6.214552	1.640927	12.029161	0.580181	0.010126	31.235150	-16.017121	0.000000	0.044633	0.175211	1.764092	0.082888	0.233031	1.874348	0.073327	0.426008	1.874348	0.051011	0.426008	1.543580	0.041446	0.357290	1.433325	0.025503	0.271402	1.323069	0.318807	1.982023	9.811350	0.000000	0.000000	21.384166	0.278421	4.663812	16.803765	-11.384058	121.262483	19.563927	7.221829	3.825527	-5.162861	16.926198	-8.179475	103.518427	17.020148	57.856321	-21.885607	-6.603214
3.550000	0.201803	-4.427845	80.478652	0.268477	0.965634	0.472100	-7.248902	-1.728707	14.199370	1.089293	0.019012	26.697570	-14.495741	0.000000	-6.579530	1.236234	12.749423	0.529986	0.009250	31.346891	-16.220857	0.000000	0.033464	0.246449	1.751439	0.062146	0.327778	1.860904	0.054978	0.599217	1.860904	0.038246	0.599217	1.532509	0.031075	0.502559	1.423044	0.019121	0.381750	1.313579	0.239031	2.787883	9.740977	0.000000	0.000000	21.131501	-0.127204	5.147910	15.805946	-11.756834	122.764481	19.147579	5.694325	3.663537	-5.453234	16.603903	-7.195187	110.347402	16.048104	49.892093	-21.011349	-7.923282
3.566667	0.631150	-4.268301	80.786525	0.267455	0.965660	0.471043	-7.589331	-1.313106	13.954133	1.030539	0.017986	26.523461	-14.577008	0.000000	-6.900754	0.808821	13.538335	0.483713	0.008442	31.470766	-16.403986	0.000000	0.021997	0.312215	1.709413	0.040850	0.415246	1.816251	0.036138	0.759119	1.816251	0.025140	0.759119	1.495736	0.020426	0.636668	1.388898	0.012569	0.483621	1.282060	0.157119	3.531836	9.507243	0.000000	0.000000	20.969230	-0.478977	5.485597	14.764405	-12.050815	123.873466	18.771373	4.593016	3.278708	-5.939386	16.174913	-6.260923	116.477560	15.328845	41.997635	-19.887233	-9.221332
3.583333	1.037280	-4.144759	81.239721	0.266430	0.965651	0.470117	-7.887253	-0.884605	13.623496	0.978299	0.017075	26.393811	-14.679614	0.000000	-7.156626	0.369888	14.357785	0.444100	0.007751	31.586448	-16.539205	0.000000	0.011540	0.369742	1.634406	0.021430	0.491757	1.736557	0.018958	0.898991	1.736557	0.013189	0.898991	1.430105	0.010716	0.753978	1.327955	0.006594	0.572731	1.225805	0.082426	4.182599	9.090077	0.000000	0.000000	20.908446	-0.769358	5.644687	13.695436	-12.258139	124.443521	18.410751	3.878815	2.737287	-6.585518	15.696064	-5.421145	121.960909	14.828131	34.367792	-18.771917	-10.462629
3.600000	1.407088	-4.064590	81.872053	0.265381	0.965608	0.469328	-8.135460	-0.453226	13.140132	0.932540	0.016276	26.338572	-14.722538	0.000000	-7.330607	-0.069544	15.198927	0.416272	0.007265	31.675948	-16.615719	0.000000	0.003361	0.417287	1.508211	0.006241	0.554991	1.602474	0.005521	1.014591	1.602474	0.003841	1.014591	1.319685	0.003121	0.850931	1.225421	0.001920	0.646377	1.131158	0.024005	4.720432	8.388217	0.000000	0.000000	20.947225	-0.963005	5.680580	12.635397	-12.336877	124.484584	18.022151	3.693911	2.012918	-7.351161	15.080464	-4.709014	126.375365	14.554250	27.300208	-17.523400	-11.589068
3.616667	1.727288	-4.014813	82.570774	0.264438	0.965570	0.468742	-8.328249	-0.042837	12.708616	0.896425	0.015646	26.311695	-14.885396	0.000000	-7.438459	-0.484640	15.938765	0.399237	0.006968	31.746325	-16.599726	0.000000	-0.004460	0.453474	1.364466	-0.008283	0.603120	1.449745	-0.007327	1.102577	1.449745	-0.005097	1.102577	1.193908	-0.004142	0.924724	1.108629	-0.002548	0.702431	1.023350	-0.031857	5.129788	7.588751	0.000000	0.000000	21.060366	-1.074899	5.561850	11.619267	-12.303695	124.073610	17.587504	3.698321	1.312506	-8.141295	14.547204	-4.082466	130.458983	14.274573	20.930478	-16.436956	-12.720384
3.633333	1.999544	-4.003583	83.362705	0.263549	0.965504	0.468317	-8.460938	0.349545	12.263213	0.870651	0.015196	26.327994	-15.113393	0.000000	-7.468383	-0.876369	16.668146	0.390207	0.006810	31.783510	-16.573884	0.000000	-0.009469	0.479454	1.190934	-0.017585	0.637674	1.265367	-0.015557	1.165746	1.265367	-0.010822	1.165746	1.042067	-0.008793	0.977704	0.967634	-0.005411	0.742675	0.893200	-0.067636	5.423685	6.623617	0.000000	0.000000	21.236031	-1.105454	5.350913	10.689321	-12.137419	123.447119	17.101384	3.806348	0.582174	-8.980541	13.990125	-3.553735	133.779750	14.031062	15.472925	-15.390367	-13.753639
3.650000	2.229064	-4.024114	84.187419	0.262729	0.965394	0.468017	-8.537708	0.717128	11.803794	0.864869	0.015095	26.390329	-15.342739	0.000000	-7.436279	-1.239584	17.246134	0.385352	0.006726	31.851499	-16.403075	0.000000	-0.012163	0.497768	0.998452	-0.022587	0.662032	1.060855	-0.019982	1.210273	1.060855	-0.013901	1.210273	0.873646	-0.011294	1.015049	0.811242	-0.006950	0.771043	0.748839	-0.086877	5.630852	5.553091	0.000000	0.000000	21.457227	-1.069275	5.119309	9.834287	-11.893479	122.398236	16.622464	4.314334	-0.194532	-9.811057	13.349668	-3.142380	135.875224	13.888528	11.185081	-14.348349	-14.577185
3.666667	2.413159	-4.074496	85.062087	0.261951	0.965229	0.467826	-8.562084	1.056309	11.284791	0.883176	0.015414	26.497248	-15.572828	0.000000	-7.340351	-1.568003	17.853883	0.381168	0.006653	31.912356	-16.277507	0.000000	-0.011595	0.508866	0.784470	-0.021533	0.676792	0.833500	-0.019050	1.237257	0.833500	-0.013252	1.237257	0.686411	-0.010767	1.037679	0.637382	-0.006625	0.788233	0.588353	-0.082823	5.756393	4.362988	0.000000	0.000000	21.702427	-0.974269	4.919124	9.151962	-11.522973	121.757374	16.123235	4.574075	-0.981885	-10.764809	12.643679	-2.857115	136.767293	13.823790	8.010907	-13.344732	-15.247989
3.683333	2.533782	-4.152607	85.958173	0.261214	0.964988	0.467743	-8.530743	1.340329	10.656521	0.934066	0.016303	26.647834	-15.740683	0.000000	-7.180204	-1.836592	18.407689	0.376655	0.006574	32.018875	-16.069175	0.000000	-0.007892	0.511114	0.562672	-0.014656	0.679781	0.597839	-0.012966	1.242722	0.597839	-0.009020	1.242722	0.492338	-0.007329	1.042263	0.457171	-0.004509	0.791715	0.422004	-0.056372	5.781819	3.129412	0.000000	0.000000	21.976809	-0.825528	4.723959	8.580713	-11.114820	121.005288	15.702765	5.044044	-1.859346	-11.707809	11.877970	-2.729200	136.119685	13.917751	6.370839	-12.437064	-15.656976
3.700000	2.594113	-4.245076	86.859634	0.260569	0.964736	0.467810	-8.459410	1.569878	9.970463	1.004239	0.017527	26.800928	-15.859533	0.000000	-6.971862	-2.041491	18.791504	0.374286	0.006533	32.153483	-15.839833	0.000000	-0.002653	0.505808	0.333327	-0.004926	0.672725	0.354160	-0.004358	1.229822	0.354160	-0.003032	1.229822	0.291661	-0.002463	1.031444	0.270828	-0.001516	0.783497	0.249995	-0.018947	5.721802	1.853864	0.000000	0.000000	22.261388	-0.588164	4.704834	8.129499	-10.537345	120.944562	15.124904	5.539018	-2.684657	-12.923001	10.979858	-2.818990	133.127374	14.207183	7.353899	-11.716966	-15.574920
3.716667	2.619772	-4.362019	87.735177	0.259923	0.964482	0.468001	-8.337654	1.757527	9.227011	1.103549	0.019261	26.967387	-15.908307	0.000000	-6.715841	-2.200058	19.136650	0.375494	0.006554	32.293088	-15.607684	0.000000	0.004386	0.496895	0.108588	0.008145	0.660870	0.115375	0.007206	1.208151	0.115375	0.005013	1.208151	0.095015	0.004073	1.013268	0.088228	0.002506	0.769690	0.081441	0.031328	5.620976	0.603935	0.000000	0.000000	22.558794	-0.330671	4.715243	7.795935	-9.976728	120.961683	14.622909	6.055456	-3.430802	-14.099130	10.128615	-2.945467	129.951599	14.492481	8.932360	-11.151796	-15.414329
3.733333	2.614788	-4.503178	88.564570	0.259262	0.964235	0.468316	-8.164531	1.900879	8.428627	1.234488	0.021546	27.142430	-15.872903	0.000000	-6.415335	-2.310228	19.452143	0.380583	0.006642	32.433864	-15.384495	0.000000	0.013104	0.485556	-0.105451	0.024335	0.645790	-0.112042	0.021528	1.180581	-0.112042	0.014976	1.180581	-0.092269	0.012168	0.990146	-0.085679	0.007487	0.752126	-0.079088	0.093598	5.492707	-0.586486	0.000000	0.000000	22.863207	-0.067124	4.754147	7.586421	-9.469885	121.045553	14.229072	6.565466	-4.065856	-15.191902	9.360220	-3.078868	126.947449	14.732815	10.855946	-10.762808	-15.224804
3.750000	2.583191	-4.668293	89.327583	0.258569	0.964006	0.468755	-7.939095	1.997537	7.577771	1.399543	0.024427	27.321273	-15.739216	0.000000	-6.073539	-2.369935	19.746995	0.389856	0.006804	32.571983	-15.182035	0.000000	0.023381	0.472973	-0.302697	0.043420	0.629054	-0.321615	0.038412	1.149985	-0.321615	0.026722	1.149985	-0.264860	0.021711	0.964486	-0.245941	0.013360	0.732634	-0.227022	0.167006	5.350360	-1.683508	0.000000	0.000000	23.168804	0.188403	4.820506	7.507355	-9.053730	121.185069	13.975682	7.041155	-4.557891	-16.157026	8.710656	-3.189426	124.470016	14.887354	12.874378	-10.571256	-15.055944
3.766667	2.529011	-4.857106	90.003987	0.257831	0.963805	0.469318	-7.660398	2.045103	6.676904	1.601204	0.027946	27.499135	-15.493146	0.000000	-5.693645	-2.377115	20.030221	0.403620	0.007044	32.703619	-15.012071	0.000000	0.035097	0.460326	-0.477056	0.065179	0.612234	-0.506872	0.057662	1.119237	-0.506872	0.040113	1.119237	-0.417424	0.032591	0.938697	-0.387608	0.020055	0.713045	-0.357792	0.250697	5.207302	-2.653240	0.000000	0.000000	23.469765	0.421836	4.913282	7.565138	-8.765180	121.369133	13.895031	7.454627	-4.874981	-16.950209	8.215900	-3.247376	122.874390	14.915266	14.737381	-10.598394	-14.957352
3.783333	2.456278	-5.069357	90.573550	0.257033	0.963641	0.470005	-7.327495	2.041180	5.728487	1.841961	0.032148	27.671233	-15.120588	0.000000	-5.278850	-2.329703	20.310836	0.422177	0.007368	32.824946	-14.886372	0.000000	0.048134	0.448798	-0.622434	0.089389	0.596902	-0.661337	0.079079	1.091208	-0.661337	0.055012	1.091208	-0.544630	0.044697	0.915190	-0.505728	0.027504	0.695189	-0.466826	0.343814	5.076897	-3.461794	0.000000	0.000000	23.760267	0.619101	5.031435	7.766168	-8.641149	121.586644	14.019409	7.777990	-4.985198	-17.527158	7.911934	-3.222955	122.515663	14.775720	16.194678	-10.865476	-14.978628
3.800000	2.369021	-5.304789	91.016044	0.256160	0.963526	0.470815	-6.939439	1.983370	4.734982	2.124303	0.037076	27.832786	-14.607441	0.000000	-4.832346	-2.225633	20.597853	0.445832	0.007781	32.932138	-14.816704	0.000000	0.062370	0.439571	-0.732740	0.115827	0.584629	-0.778536	0.102467	1.068772	-0.778536	0.071282	1.068772	-0.641147	0.057916	0.896373	-0.595351	0.035638	0.680895	-0.549555	0.445500	4.972512	-4.075278	0.000000	0.000000	24.034490	0.766124	5.173925	8.116845	-8.718553	121.826501	14.381107	7.983350	-4.856616	-17.843581	7.834738	-3.086395	123.748925	14.427885	16.995992	-11.393756	-15.169373
3.816667	2.271270	-5.563143	91.311237	0.255196	0.963468	0.471748	-6.495286	1.869277	3.698848	2.450720	0.042773	27.979011	-13.939601	0.000000	-4.357328	-2.062840	20.900288	0.474889	0.008288	33.021367	-14.814837	0.000000	0.077686	0.433825	-0.801878	0.144270	0.576987	-0.851995	0.127630	1.054802	-0.851995	0.088787	1.054802	-0.701643	0.072139	0.884656	-0.651525	0.044390	0.671995	-0.601408	0.554900	4.907513	-4.459802	0.000000	0.000000	24.286611	0.848830	5.339713	8.623568	-9.034306	122.077605	15.012416	8.042814	-4.457307	-17.855185	8.020292	-2.807933	126.929266	13.830930	16.891045	-12.204489	-15.579188
3.833333	2.167055	-5.844160	91.438899	0.254127	0.963479	0.472804	-5.994088	1.696504	2.622547	2.823700	0.049283	28.105126	-13.102966	0.000000	-3.856991	-1.839260	21.227154	0.509653	0.008895	33.088808	-14.892538	0.000000	0.093962	0.432742	-0.823755	0.174496	0.575547	-0.875239	0.154369	1.052169	-0.875239	0.107389	1.052169	-0.720785	0.087253	0.882448	-0.669301	0.053690	0.670318	-0.617816	0.671158	4.895265	-4.581477	0.000000	0.000000	24.510810	0.853146	5.527760	9.292738	-9.625324	122.328855	15.945626	7.928487	-3.755345	-17.517678	8.504577	-2.357804	132.411778	12.944025	15.629561	-13.318928	-16.257674
3.850000	2.060407	-6.147581	91.378800	0.252938	0.963568	0.473982	-5.434900	1.462652	1.508539	3.245733	0.056649	28.206348	-12.083433	0.000000	-3.334528	-1.552826	21.587465	0.550428	0.009607	33.130633	-15.061575	0.000000	0.111078	0.437504	-0.792278	0.206282	0.581881	-0.841795	0.182489	1.063748	-0.841795	0.126951	1.063748	-0.693243	0.103147	0.892159	-0.643726	0.063470	0.677694	-0.594208	0.793416	4.949135	-4.406412	0.000000	0.000000	24.701265	0.764997	5.737025	10.130752	-10.528522	122.569150	17.213028	7.612477	-2.718803	-16.786767	9.323572	-1.706241	140.551552	11.726338	12.961264	-14.758326	-17.254431
