RHip_x,RHip_y,RHip_z,RKnee_x,RKnee_y,RKnee_z,RAnkle_x,RAnkle_y,RAnkle_z,RBigToe_x,RBigToe_y,RBigToe_z,RSmallToe_x,RSmallToe_y,RSmallToe_z,RHeel_x,RHeel_y,RHeel_z,LHip_x,LHip_y,LHip_z,LKnee_x,LKnee_y,LKnee_z,LAnkle_x,LAnkle_y,LAnkle_z,LBigToe_x,LBigToe_y,LBigToe_z,LSmallToe_x,LSmallToe_y,LSmallToe_z,LHeel_x,LHeel_y,LHeel_z,Neck_x,Neck_y,Neck_z,Head_x,Head_y,Head_z,Nose_x,Nose_y,Nose_z,RShoulder_x,RShoulder_y,RShoulder_z,RElbow_x,RElbow_y,RElbow_z,RWrist_x,RWrist_y,RWrist_z,RThumb_x,RThumb_y,RThumb_z,RIndex_x,RIndex_y,RIndex_z,RPinky_x,RPinky_y,RPinky_z,LShoulder_x,LShoulder_y,LShoulder_z,LElbow_x,LElbow_y,LElbow_z,LWrist_x,LWrist_y,LWrist_z,LThumb_x,LThumb_y,LThumb_z,LIndex_x,LIndex_y,LIndex_z,LPinky_x,LPinky_y,LPinky_z,Time
0.31028456694516937,0.685330211848496,0.7164842624006449,0.29793094945056714,0.23382535428846196,0.7447120413914108,0.282183775983916,-0.1818480679095138,0.7943054144019401,0.26463106921969987,-0.1899554465778415,0.5901447958838157,0.32305454473168077,-0.2022686376655557,0.6401701355120295,0.2746836232440876,-0.25709307499721307,0.8554819578819716,0.10365306130239918,0.6891538166331408,0.7314244848694371,0.10396167390857305,0.23580176903886385,0.7668464288218171,0.11914189328713107,-0.16235772678083432,0.7870186089854244,0.11936820816590617,-0.1853516808416964,0.5938630793487928,0.0700016247466097,-0.20714736536569678,0.6668253760143416,0.14263695844159627,-0.22304566912348123,0.8474526049914871,0.22800981912332116,1.2501886840275838,0.7382366026926057,0.24579990539586302,1.4887029563084822,0.6579198412516423,0.2373983758546921,1.3632531155225986,0.6078734646634262,0.40140334307784237,1.1736122253808552,0.7254129953482799,0.502617612695985,0.9423341457209566,0.6257582289401,0.29901979532534145,0.9013139028120651,0.5528401312385248,0.1574700262627684,0.9290333473635549,0.546196633867803,0.15090579320787204,0.8747964739384895,0.5421943167363176,0.19547114900198004,0.8343884896274771,0.5219418041221664,0.07652282245514964,1.1918052682746183,0.7224957519218022,-0.05106460622950001,0.9829967689789173,0.6184575213943659,0.118746414928309,0.9172178438858882,0.5419992218813391,0.2218367442885891,0.9271246951845162,0.499554349448751,0.2361986703017942,0.8740935972676145,0.5032621121087758,0.20404782351154455,0.8306501308215751,0.5354294389375811,0.0
0.3093513357634705,0.6852735966975809,0.7144793225202487,0.29912875054215016,0.23088289402168527,0.7482357772434762,0.2841031634447148,-0.18540266315772752,0.8014448153445742,0.2647952667479331,-0.18802082367782283,0.5902628302865847,0.32509884156891883,-0.20251969197192407,0.6403309278171988,0.2753041431989914,-0.25750655072214845,0.8575469676232285,0.10362881955342784,0.6891950891192934,0.7314240762316901,0.10419324379277296,0.23523989511762805,0.766813353795327,0.11931177683022079,-0.1634165692390325,0.789131205874997,0.11883173282469357,-0.18762851018331891,0.5938758928374291,0.07006893305864688,-0.20729650770226235,0.666865616758674,0.14322574572492114,-0.2245047874377814,0.8496723574052368,0.22794368545144836,1.2519081317855658,0.7379582438628297,0.24584098397212165,1.488926228639467,0.6578299355673761,0.237413800661868,1.3632435783373709,0.6079086367352151,0.4018049051027488,1.1751854354080302,0.7257220047063505,0.5027042836509773,0.9440206053556783,0.6259983192654988,0.29896766151937565,0.9011918468818663,0.5528167747128893,0.15534354996385755,0.929985495322712,0.5463464151852113,0.14720654737927144,0.872589376961908,0.5513790544368977,0.19752717375188275,0.8344382133676196,0.5237003316917705,0.07647070888262646,1.1922871118064633,0.7223653197384896,-0.050430492719006396,0.983035841626865,0.6199246165541592,0.1183797264414881,0.9169414106537188,0.5420158870528651,0.22000715603054932,0.9258640452033714,0.5060146480295445,0.23418465267512353,0.8711203818103437,0.5091166525462822,0.20392620152805907,0.8317258927690033,0.5353426366941054,0.0212765957446808
0.3087237282384293,0.6851481152314298,0.7130104919091591,0.3001555154300622,0.22850580454046557,0.7512289480692312,0.28567052394928955,-0.1883260019728702,0.8072545791089774,0.26471855711186787,-0.18635894546649584,0.5895646215657312,0.32667918564189263,-0.20274150102508254,0.640745026090849,0.2759299095621127,-0.2580115528893507,0.8593820041366481,0.103609352606408,0.6892223912916051,0.7314167670186835,0.10435861458501816,0.23476896095785438,0.7667789924699657,0.11949844157198497,-0.16431843396751045,0.7909174153562342,0.11850304266789856,-0.18909229556288434,0.5939249966412938,0.07014400586824696,-0.20738810251132356,0.6669849869007152,0.1436992511718307,-0.22573602019659156,0.8513919116138685,0.22790134211408855,1.253090271009253,0.7377695119077341,0.24586957783596328,1.4890101193762384,0.657758371780783,0.2374224860133487,1.3632305447351636,0.6079257924370667,0.4024874234224718,1.176194073613563,0.7260158983914369,0.5027596509624447,0.94508445404699,0.6261309761540845,0.29895811939708306,0.9012217097339832,0.5527614802949481,0.15426358219701441,0.9302901916309616,0.5478116406306233,0.14565731950546995,0.871051627044224,0.5583229217981764,0.19920462762979374,0.8346445595928975,0.5259503832194345,0.0764366226562644,1.192958584468002,0.7222173571650747,-0.050004214546848114,0.9825156110068985,0.6219779024969532,0.1185639562639546,0.9171305856511386,0.5421505203054062,0.21886274835018546,0.9250685136146182,0.5100866621794838,0.23285414801789708,0.8691169169283868,0.5130369721474834,0.20383873106545256,0.832627071554032,0.5352666770332225,0.0425531914893617
0.3083751406879335,0.6849607183633747,0.7120335136654145,0.3010236864441346,0.22664756917417167,0.7537295333898005,0.2869148931102855,-0.1906680858746202,0.8118460221010106,0.2644650889671754,-0.18495620892694814,0.5882848552077946,0.32783318887109625,-0.2029213181905425,0.6413012920699193,0.27655316524803136,-0.25859191480516047,0.8609981389107527,0.10359429641582353,0.6892371671159738,0.7314033527084446,0.10446555135170747,0.2343820352044549,0.7667438742700834,0.11970091077963246,-0.16507524397960996,0.7924028266543337,0.11834130039606001,-0.18989106350846588,0.5939949220562295,0.07022199154718248,-0.2074318099104486,0.667156520351457,0.1440684401167701,-0.22675862378235112,0.8526645749046249,0.22787832772900865,1.2538259745816853,0.737655231104761,0.24588743804005536,1.4889960220871192,0.6577037675524899,0.237426015932345,1.3632158025276688,0.6079277704233652,0.4033474376145074,1.176745730251166,0.7262853584710389,0.5027915532466314,0.9456459125090604,0.6261789633517956,0.29897893680339255,0.9013592786474666,0.5526921270346241,0.1539962207260731,0.9301180711249996,0.5501528258855078,0.14575391333528706,0.8700891528413941,0.5633226178360209,0.20053145083044946,0.834957101477321,0.528466495438437,0.07641752097524451,1.1937416779913477,0.7220631332544586,-0.049720250396196146,0.9815986900203971,0.624379141124057,0.11915152136259458,0.9176591449014118,0.5423665839610887,0.21828258461545863,0.9246410196214047,0.5122333712853642,0.2321595288472482,0.8679252040659828,0.515368950932958,0.2037819009917708,0.8333608290376104,0.5351986774921482,0.0638297872340425
0.3082789694298709,0.6847183570067464,0.7115041308870528,0.30174570591419875,0.2252616712521721,0.7557755127263092,0.28786530654034803,-0.19247891638265568,0.8153304607265357,0.2640990109695267,-0.18379901104226704,0.586658216699315,0.3285984631770236,-0.2030463968338156,0.6418885874913489,0.27716615317132687,-0.25923146977591816,0.862406443434064,0.10358328693615841,0.6892408605582977,0.7313846287790002,0.10452181915923972,0.23407218650234138,0.7667085286200302,0.11991820772037208,-0.16569892228867295,0.7936130289944938,0.11830566870971682,-0.19017284054813705,0.5940702003780786,0.07029803846722602,-0.2074372900172061,0.6673532510218909,0.14434427789418472,-0.22759185457749936,0.8535436545647488,0.2278701809139756,1.2542061153859,0.7376002257313525,0.24589631563706524,1.4889253303404342,0.6576647405431237,0.2374259744420677,1.3632011395265782,0.6079174093484951,0.4042814872563518,1.17694799557455,0.7265210670126562,0.5028078291197815,0.9458252014560569,0.6261650446045689,0.2990178815832327,0.9015603409013669,0.5526265939818397,0.15430756331486764,0.9296397686415218,0.5529304866313334,0.14699213261754232,0.8696078830093754,0.5666748415662983,0.2015355835485863,0.8353254121949008,0.5310232050820574,0.07641036103874783,1.1945583841086138,0.7219139170595423,-0.049513078950221515,0.9804476915687387,0.6268900943367801,0.1199948387042941,0.918400864427801,0.5426275403420389,0.21814572819432992,0.9244844824268807,0.5129177547339812,0.23205316768031023,0.8673872446673724,0.5164584689232846,0.20375220017505963,0.8339343270806874,0.5351357556080987,0.0851063829787234
0.30840861078212917,0.6844279820748768,0.7113780866721122,0.302334016170086,0.22430159410383585,0.7574048655998823,0.2885507998521224,-0.1938084950166553,0.8178192113914139,0.26368447177459353,-0.18287374879554208,0.5849193915268325,0.32901262048016966,-0.20310399032041512,0.6423957740920784,0.2777611162465789,-0.25991405110796434,0.8636179891951044,0.10357596012189653,0.6892349155844746,0.7313613907083779,0.10453518307401373,0.23383248349642557,0.7666734849441567,0.12014935566141263,-0.16620139190804095,0.7945736116019121,0.11835531030940812,-0.19008565320997292,0.5941353629026844,0.07036729500015032,-0.2074142029491663,0.6675482128230104,0.1445377298385197,-0.22825496896447572,0.854082457881483,0.2278724402867568,1.2543215663049383,0.7375893200649519,0.2458979616796608,1.4888394377045084,0.6576399084133122,0.23742394556572816,1.3631883435435852,0.6078975478668418,0.405186111925502,1.1769084598374284,0.7267137060837894,0.5028163171981405,0.9457425416021487,0.6261119836583435,0.299062721581533,0.9017806837747357,0.5525827601865182,0.15496370772723245,0.9290259190172246,0.555705138549569,0.14886778110105553,0.8695137462041256,0.5686762920048765,0.20224496597894115,0.835699064919647,0.533395048883575,0.07641210004595557,1.1953306945519162,0.7217809776332286,-0.04931717889209533,0.9792252285533027,0.629272524036433,0.12094632525593955,0.9192295202535709,0.5428968517703836,0.21833124245476102,0.9245018212341951,0.5126027919121311,0.23248743703421706,0.867345040176795,0.5166514061390431,0.20374611748336524,0.834354727544213,0.5350750289182905,0.1063829787234042
0.30873746106259614,0.6840965444810969,0.7116111241186309,0.3028010595416278,0.22372082105853147,0.758655571531645,0.28900040865825405,-0.19470682329629707,0.8194235905015063,0.26323138143904734,-0.18194140303777256,0.5830174689453403,0.32921330408086474,-0.20305331041828725,0.6425582712440654,0.278330297388367,-0.26062349210763963,0.8646438476823955,0.10357195192752183,0.6892207761604026,0.7313344339746046,0.10451340816242831,0.23365599483161958,0.7666392726668125,0.12039337786996293,-0.1665945758510558,0.7953101637017866,0.11856024769638493,-0.18982637649975562,0.5942350955000023,0.0704457660748571,-0.20737904652415767,0.6677200444058728,0.14465976128422034,-0.22876722332571986,0.85433429214207,0.2278966893928046,1.2543267530283495,0.737575614946535,0.2458951596544286,1.4887194815005265,0.6576348403527037,0.2373435310753907,1.3631919994478334,0.6076070167278456,0.40590797777324206,1.1766404664129468,0.7268813826705269,0.502819702914725,0.9455337987610635,0.626063878312641,0.29905910397690055,0.9020214175627858,0.5526640850450772,0.1555862299082702,0.9285325673916383,0.5580771968578901,0.1505550114295487,0.8695453103306763,0.5700800870105383,0.20271757142013225,0.8359975554291618,0.5352312343917891,0.07642355491146084,1.1959588031558042,0.7216809429933347,-0.048988711254911034,0.9782629874161575,0.6311478519538251,0.12169811865216451,0.9198777383142843,0.5430978852300571,0.21860684735742897,0.9245640384022732,0.511785884265048,0.23326613496730517,0.8673905276962866,0.5163898373542762,0.20375146427712723,0.834695309475084,0.5349570863001213,0.1276595744680851
0.30923891658915964,0.6837309951387385,0.7121589863246471,0.30315927835865536,0.22347283544562782,0.7595656100427224,0.2892431685713882,-0.19522390274125948,0.8202549144626744,0.2630636688221655,-0.1815718600964267,0.5822719287974314,0.3289926531250274,-0.20292016785897518,0.6424380225146732,0.278865939511271,-0.2613436260812844,0.8654950903844596,0.10357089830751824,0.6891998862519795,0.7313045540557075,0.1044642594908823,0.2335357891528351,0.7666064212123481,0.12064929761323182,-0.16689039713105935,0.7958482745193152,0.11875574647407547,-0.1895894059374617,0.5942637958578088,0.07050159778908333,-0.20734484182514834,0.6677971254505816,0.14472133756573188,-0.22914787404367098,0.8543524646337529,0.22789184705779422,1.2541892169530129,0.7375606268206976,0.24588752404640307,1.4887479137052004,0.6576412460353381,0.237256090670828,1.3632041806891326,0.6072612369105851,0.4063219274806858,1.1764446913096316,0.7269325608907371,0.502846273432297,0.9454077375574754,0.6260112219890277,0.29899596828899055,0.9019730515161797,0.5530585275182462,0.15584749579027865,0.92844258851945,0.559112343870811,0.1515344732612601,0.870081516904074,0.5706093372319148,0.20284815767373576,0.8361737052472994,0.5362457674010612,0.0764416874994078,1.196390877610033,0.7216477278578057,-0.04847825418373063,0.9775330900548339,0.6322374808960907,0.12231767874390033,0.920395621875711,0.5432494656796112,0.21893994194099417,0.9245374359236543,0.5113103594569958,0.23491646593355256,0.867842387189108,0.5160483302179226,0.20380170546948786,0.834756307365758,0.534846079623008,0.1489361702127659
0.30988637367970734,0.6833382849611329,0.7129774163881988,0.3034211149510002,0.22351112059449357,0.7601729606542393,0.2893081152041702,-0.19540973487122099,0.8204244996807799,0.2630206144562275,-0.1815416446574327,0.5823100266465466,0.3283687311606814,-0.2026685075435766,0.6419305442273235,0.2793602855298703,-0.26205828633523937,0.8661827887898185,0.10357243521636969,0.6891736898251034,0.7312725464297137,0.1043955021257745,0.233464935104984,0.7665754600051139,0.12091613815842811,-0.16710077876139326,0.7962135332796958,0.1187006511448041,-0.18938807817642983,0.5941325086074934,0.07050359787731095,-0.20737601464646457,0.6677590205284155,0.14473342401749958,-0.2294161775007686,0.8541902826437743,0.22775370204784087,1.2540919237690784,0.737646122363252,0.24587516872483273,1.489046257167993,0.6576356340056967,0.23729361432629567,1.36319702921036,0.6073676196093087,0.40639085963426913,1.1765013768870016,0.7269133028172825,0.5028961873593571,0.9453861391378474,0.6259714448524469,0.298878507253769,0.9017780009059482,0.5535031479270525,0.1557903921474364,0.9286796326638472,0.5582680596083425,0.1518527632962614,0.8707420471961637,0.5701358238496312,0.202776612637102,0.8361952424629033,0.5363825931730458,0.0764455922976123,1.196525522766062,0.7216801868139122,-0.04780217064947127,0.9771229627827639,0.6325776999260653,0.12266371897739158,0.920703092003702,0.5432982674775619,0.21942953372309232,0.9244174970684521,0.5112565066779813,0.23728350636741674,0.8683771547060659,0.5162671350766159,0.20384733538387803,0.8346267341756766,0.534899674753252,0.1702127659574468
0.310653228652127,0.6829253648616118,0.7140221574073244,0.3035990116484936,0.22378915983449743,0.7605156028873208,0.2892242841692455,-0.19531432120585984,0.8200436625616837,0.2628533151587308,-0.1814676761983346,0.5822761259097196,0.32744318336660605,-0.20225100356888248,0.6409931983767988,0.2798055783587446,-0.26275130617584497,0.8667180143869945,0.10357619860856009,0.6891436308456722,0.7312392065746505,0.10431490113350375,0.2334365013329782,0.7665469184694599,0.12119292277276061,-0.16723764375539923,0.7964315292081262,0.11826729170130529,-0.1891668357729769,0.5938213892056812,0.07043069653543685,-0.2074047734475665,0.667649757627283,0.14470698597396867,-0.22959139007945228,0.853901053459377,0.22750119046229594,1.2541390644839472,0.7380096246849763,0.2458566367456426,1.489592701544169,0.657594254266144,0.2375103965083179,1.3631553634005993,0.6082666514288476,0.4062231946117989,1.1768571283683011,0.7267950208415264,0.5029563265853363,0.9453907392801986,0.6259684751422145,0.29881857548250734,0.9016774165416903,0.5533299550886445,0.15576686310561966,0.9289662704962122,0.5560540171331201,0.15189504212280502,0.8709984182350233,0.5689257296119317,0.20266585115376018,0.8361103496927037,0.5360389293576693,0.07642004588164292,1.1963257243166947,0.7217076905579105,-0.04697899429767659,0.9769859313808268,0.6327237732746827,0.12264251570029361,0.9207761281815067,0.5432271319616511,0.2200620450449744,0.9242624458274231,0.511385491418913,0.23958278297216334,0.8687651727136503,0.5168052111930976,0.20380852347751188,0.8344725943744054,0.5352573534616362,0.1914893617021276
0.31151287782430653,0.6824991857535064,0.7152489524800618,0.303705410780967,0.22426043649500826,0.7606315162630921,0.2890207110792593,-0.19498766326485445,0.8192237195112473,0.26263248209159334,-0.18133579344397321,0.5819782440495181,0.32633866796670824,-0.20170611444597272,0.6398201579206457,0.2801940609124736,-0.26340651890944183,0.8671118386645091,0.10358182443857337,0.6891111532795837,0.7312053299685446,0.10423022158046888,0.23344355648172965,0.7665213260297361,0.12147867472343815,-0.16731291512641921,0.7965278515298044,0.11752106164392337,-0.1889548442167183,0.5934040899184716,0.07027325274480828,-0.2072103397609221,0.6675248760213852,0.14465298876958438,-0.2296927681621611,0.8535380843678037,0.22742293730989127,1.2542427882058305,0.7384904588100396,0.24583779778368597,1.490273218868415,0.6575407467014593,0.2378974746732789,1.3631135545043849,0.610012000661529,0.4059813994501304,1.1775043458151355,0.7264612895712236,0.5030191340959621,0.9453822183436564,0.6260109579542946,0.2989937363285733,0.901780915341634,0.5521600580715351,0.15619597521358025,0.9292078011986603,0.5534362743360315,0.15205888907823578,0.8707820610034289,0.5671846428383807,0.20260559040144988,0.8360149801397176,0.5357568522319264,0.07637600746361835,1.1958837980489077,0.7216559266299116,-0.046106205725790037,0.9769750574413265,0.633008091221819,0.12237168127635001,0.920698523590337,0.5431825455756667,0.22060243290710427,0.9240732000636773,0.5118208252865503,0.2410137260719445,0.8689717352320708,0.5171402313988608,0.2036947977039958,0.8344142155221022,0.535676862518657,0.2127659574468085
0.3124387175141336,0.6820666985501482,0.7166135447044493,0.30375275467825175,0.22487843390539458,0.760558680302678,0.28872643154685695,-0.19447976256788307,0.8180759869353322,0.26259911867348823,-0.1813310548237515,0.581714262048336,0.32521251853701366,-0.20114713358382438,0.6387147784387263,0.2805179761056369,-0.26400775784237035,0.8673753331108849,0.10358894866089347,0.6890777010927363,0.7311717120894239,0.1041492285330687,0.2334791691961501,0.7664992121102934,0.12177241727766955,-0.16733851588779483,0.7965280894699284,0.11660182850889822,-0.18881186575650127,0.5929780465140201,0.07005218186909203,-0.20674612815398574,0.6674161915834468,0.144582397738792,-0.2297395681313348,0.8531546826562973,0.22787550479755814,1.2542271768532796,0.7384961934376364,0.2458379991797046,1.4909518807723696,0.6575465761572787,0.23850621154787535,1.363120337749817,0.6125423333875157,0.4058097040846338,1.1783833330618236,0.7260903962905298,0.5030857990105089,0.9453663541443917,0.6260812638739756,0.2995626767951076,0.9021260463894537,0.5502168093918953,0.15728340784278858,0.9294351521401051,0.5509368600417117,0.15268411368577756,0.870571799547877,0.5644899287684163,0.20260608641665806,0.8359721102405364,0.5357075203007771,0.07634157828117889,1.195305512683582,0.7215320519237685,-0.04542074696449814,0.9770124219636798,0.6329466292706555,0.12212498817917466,0.920591462459841,0.543388873863482,0.2208712460216147,0.9238437841403971,0.5126752086888547,0.24154350948831982,0.8690577753002696,0.5169938375084213,0.2036228005345364,0.8345279242805435,0.5355491880185914,0.2340425531914893
0.3134041440394954,0.6816348541648686,0.7180716771785239,0.3037534856701787,0.2255966353950262,0.7603350745272027,0.2883704811846835,-0.1938406206346225,0.8167117812397985,0.26278343349206224,-0.18137758720916286,0.5816153705298676,0.32421206316570217,-0.2006470824819438,0.637837741715849,0.28076956685281346,-0.2645388562809695,0.8675195692146425,0.10359720723000412,0.6890447182510273,0.731139148415314,0.10407968705770186,0.23353640812115223,0.7664811061354797,0.12207317370266343,-0.16732636905286635,0.7964578322536945,0.11562440934920262,-0.18873920205453204,0.5925834569952373,0.06981996326207886,-0.20626585165273995,0.667362042930635,0.14450617821603648,-0.22975104636941163,0.8528041556120993,0.2289596278083895,1.2539972899392593,0.7375951505301588,0.24587153807973447,1.491519745119499,0.6576553537337524,0.23945063845377268,1.3631341883455808,0.6154247461578992,0.4058577276108749,1.1792827684182958,0.7262404513141287,0.5031526004607179,0.9453563842794657,0.6261545284300558,0.3005870344029637,0.9027533407018069,0.5479396625329307,0.15899812232711266,0.9294990027855607,0.5486641843150589,0.15389661802048604,0.8708353923084304,0.5605367593626823,0.20263670937344452,0.835995727970902,0.5357394806435068,0.0763373494270916,1.1946434687674272,0.7213744226713565,-0.04506555925346485,0.977128758495736,0.6319578205190319,0.12217407416160889,0.920522660891452,0.5437333127353917,0.22127786338924432,0.9237287498889521,0.5131159867392028,0.24211572255103067,0.8692989278916021,0.5157191432764504,0.2037555569554486,0.8348349294708249,0.5344977308545145,0.2553191489361702
0.3144339071134771,0.6809549143522438,0.7197263466117274,0.30359568935432796,0.22634365481833085,0.7600014322190642,0.28807848924214363,-0.19333830778352878,0.8156173967734379,0.2630571933997543,-0.18123318867813998,0.5816903236606558,0.3234701946402788,-0.20023952455943508,0.6372434930417347,0.2806809936329285,-0.2645070512519473,0.8670911574839902,0.10360646222828829,0.6890210386618167,0.7311198617866819,0.10413481184847878,0.2337411963278366,0.7665186348178078,0.12228594453197396,-0.1671170157553854,0.79602844187049,0.11469134426955348,-0.18869790309593823,0.5922268362086495,0.06962717423709566,-0.20600276338724288,0.6673879456414609,0.14445433238469635,-0.22981198992575325,0.8527098322275742,0.23050462280370204,1.2535833897449218,0.7358730611287787,0.24590226839961854,1.491898992572492,0.6578489547755317,0.24080667819806215,1.3630197827706982,0.6177761775582339,0.40622010189745317,1.1798857326035825,0.7272882224318324,0.5032058749250317,0.9453579732163706,0.6262251049812215,0.3019954025876547,0.9037121750188091,0.5456494364939126,0.16142749299042392,0.9291419663529928,0.5467721466897845,0.15570728637477205,0.8715745293479712,0.5555855110283472,0.20267840655342167,0.8360807511693826,0.5357261279769535,0.07637198007279836,1.193953461188263,0.7211835201923886,-0.0449735775448933,0.9773596797259211,0.6300475002808326,0.1228202170656974,0.9205395904456918,0.5436908431831396,0.22271741661965608,0.9240037687446389,0.5119305196335315,0.24380831929341046,0.870085557035924,0.5124246730050781,0.20432035732829326,0.8352760001238964,0.5326937662226316,0.2765957446808511
0.315563051582988,0.6804131518664587,0.7212473330863831,0.3035023618370884,0.22694974419926844,0.7597419436393653,0.2878181914883872,-0.19283308289263837,0.8146833936648827,0.26334530947267304,-0.18079946477242342,0.5819760546339181,0.3231251406663127,-0.1999607660980863,0.6369590341398543,0.28062925735289,-0.26459597420531783,0.866954747561338,0.10361394738545719,0.6889948081945444,0.7310972565275682,0.10428363352092054,0.23389730733431788,0.7665498913013932,0.122595500791712,-0.16711887830127056,0.7959908206699656,0.11393629438355475,-0.1886716179155754,0.5919577309201817,0.0695113481591946,-0.20597977533996736,0.6674713782987557,0.14444833647846517,-0.22999418931003593,0.8530585254847872,0.23226499251862937,1.253062316367773,0.7336670933054465,0.24584163188493585,1.4920203173004243,0.6580846887110323,0.24249213530254426,1.3626939138544985,0.6188401126240429,0.4068606369767212,1.1799724657733555,0.7291138729940988,0.503237327319676,0.9453649826201778,0.6263280876402199,0.3036791959282301,0.9050540338017413,0.5435916630525847,0.1647776698368511,0.9283998784079189,0.5455380519978565,0.1582049476504053,0.8725385739848313,0.5500922578854772,0.2027420813786458,0.8361985723242067,0.5356687706433804,0.0764408857008286,1.1932963063717916,0.7210041595483874,-0.045028977855560176,0.9777197964800192,0.627485323830715,0.12438199700528683,0.9206837805816275,0.5429002945456197,0.2256504771714255,0.9247509123154316,0.5094726672422092,0.24678636176198682,0.8714756529163028,0.5074821647638994,0.20554694455646136,0.835772773251831,0.5305505152931548,0.2978723404255319
0.31651341494384805,0.680150329330595,0.722332086419042,0.3034923323645459,0.22743583457306837,0.7594865203420688,0.28762153153694536,-0.19234887884913168,0.8140410553673423,0.26360352690125255,-0.18014328093935425,0.58246899357692,0.3232020659738185,-0.19983231713504543,0.6369443000400172,0.2805786348923404,-0.2647046204737231,0.8669369983834927,0.10362059856957143,0.6889722698623193,0.7310768738481648,0.10445663744630354,0.23399220683919744,0.7665518066046529,0.12296472177571896,-0.16724517429593422,0.7961943003290243,0.11351131379148924,-0.188678310763705,0.5918621683451915,0.06949955313107811,-0.2061444351448696,0.6675926008805114,0.14453862484400234,-0.2302812855284703,0.8539153767100178,0.23402319556276208,1.2525005256799777,0.7312888498186306,0.24569022487377135,1.4918758263936192,0.6583149387023757,0.24426157622306388,1.3621989305111122,0.6183613275549379,0.40767183297435716,1.1795060558460686,0.7313865363355099,0.5032545731921018,0.9453608619302529,0.6265306995972422,0.30564007128944765,0.9067746713273666,0.5421153181729639,0.16890667424128547,0.927718695713801,0.5451171294268271,0.16137033006821555,0.8737637519320152,0.5445658163926659,0.20286182640770603,0.8362683079494614,0.5357043776959192,0.07649955938786265,1.1927064991897343,0.7210429240993204,-0.04507887042539664,0.9782155257513233,0.6245465423674141,0.1269020781308305,0.920944011378667,0.5415016890541353,0.22981826547760514,0.9257677412961166,0.5077491288672669,0.25055091855494777,0.8731247404293655,0.5029886211870425,0.2074624935052719,0.8362841600392906,0.5284097861955916,0.3191489361702128
0.3171210070899531,0.6802377246173706,0.7230718518489048,0.3035672178640587,0.2277947453330268,0.7592419475918848,0.287509900863655,-0.19191829354876727,0.8137346398572163,0.26372699135620375,-0.17940063771908923,0.5831670399965492,0.32345849771023316,-0.1998322594827258,0.6370390260619596,0.28047295789280635,-0.26471508559601487,0.8668612231775545,0.10360613310264394,0.6890297052023711,0.7310670908526034,0.10457789942962242,0.23399863402025237,0.7665817540027632,0.12334382462731439,-0.16737860602057308,0.796431390917562,0.11346801599655837,-0.18873541405739244,0.5919626155008868,0.06958782258166528,-0.20647295842938176,0.6677420360378803,0.14471049271068578,-0.23062229346689284,0.8550881959005043,0.2355647228171389,1.2519608047638267,0.7290006491892571,0.24568513050715002,1.491592102244205,0.658514768878467,0.24587498951345554,1.361625410723447,0.616539218258214,0.40854971339778057,1.1786129541753114,0.7338320822822664,0.5032739437953568,0.945339048159896,0.6268298692389113,0.30792328992907214,0.9087142431062936,0.5416384925793789,0.17324154363388966,0.9276083757134074,0.545355722506107,0.16487221420782128,0.8757451170370889,0.539325096199921,0.20302869996908135,0.8362264723373125,0.5359764426028194,0.07648142609778438,1.1922506641035733,0.7215103471977611,-0.04487604183620027,0.9787426631447581,0.6218148309302907,0.1299595026305283,0.9213311008598594,0.5398192856641628,0.23482649338855655,0.9268354787343445,0.5082222871268279,0.2549328282654306,0.8746341575940978,0.5013145408326598,0.20980041667397742,0.8367865273103715,0.5265209278230744,0.3404255319148936
0.31746850783075853,0.6806953443038777,0.7237601392848889,0.3037093108129305,0.22800639488919006,0.7590389921627744,0.28747447614581484,-0.19157574621793175,0.8136721657967951,0.26359223830234785,-0.17864133692046738,0.5838381113122935,0.3235483512359141,-0.19988743570833023,0.6369966628927889,0.28028835863050117,-0.26459936686154156,0.8667212190413265,0.10354525461138589,0.6892982679053468,0.731040365942466,0.10455884682889367,0.2338718770894267,0.7667711308354541,0.12371233864198063,-0.16748571710681254,0.7966478545497694,0.11363982606170311,-0.1888525984800861,0.5921536683462538,0.06973025585136848,-0.20696481679639472,0.6678717803935276,0.14489786895428725,-0.23093321025210645,0.8562740453436634,0.23665121420966856,1.251522159780054,0.7270944389129204,0.24613444516077726,1.4913269576979475,0.6587736604255011,0.24723312138119521,1.361038195723795,0.6139985087349328,0.40939183328557727,1.1775466826549035,0.7361902620788936,0.5033113070100559,0.9453369944319536,0.6269702830300323,0.3104105359629909,0.9105986523626971,0.5422263783956054,0.17721218074620648,0.9282194856773845,0.5460021798387782,0.16827111422057833,0.8789909423190039,0.5343851251260968,0.20310703262890561,0.8361861513924136,0.5362566521403684,0.07640180607069096,1.192077173196495,0.7221472915404205,-0.044214930629585765,0.9790697889006093,0.6202356659022696,0.13296446284105484,0.9219383722316443,0.5380428045552172,0.24024655352076385,0.927921676907197,0.5103945294966971,0.2599504648474219,0.8757540516609136,0.503512293693492,0.21211144177732877,0.8372285796758443,0.5251259264967592,0.3617021276595745
0.3177060713056063,0.6813541437264508,0.7245723519920133,0.3038895529179823,0.22812308299496464,0.758797581143866,0.28747895812379604,-0.19134688046219658,0.8137970004456809,0.2632290099020195,-0.17777066618757328,0.5837795230932985,0.32342755807518764,-0.1998997022419955,0.6367081181943323,0.2800229663358068,-0.264376851624844,0.8665715274692474,0.10347283959029704,0.6897845919936204,0.7309632094023985,0.10439848044517681,0.23362219159593417,0.7671306949923027,0.12406770537493694,-0.1675735452283469,0.7968633818427873,0.11377405877275017,-0.18902444688707953,0.592289840479392,0.06987455317512738,-0.20759695699905484,0.6679424474010174,0.14506197411413072,-0.231123554521412,0.8573531897983238,0.23711672248827564,1.2512721548744277,0.7259144520441436,0.24706403700581195,1.4911290496794778,0.6592045836427131,0.24829461095136074,1.3604835473742356,0.6115025457733778,0.4100763526885033,1.176518763665877,0.7380681183460582,0.5033562035941089,0.9454195564469545,0.6265426131794902,0.31275893888785355,0.9122487239994379,0.5433023325401146,0.18051520580554553,0.9293319325619679,0.5468751591356646,0.171215930298692,0.8834330943667734,0.5301800442326526,0.20297327762976353,0.8363820394664722,0.5359545071273843,0.07641604258519902,1.192254647041791,0.7221885627491536,-0.04302570005005277,0.9790428944543031,0.6205524247591884,0.1354921076802915,0.9227583778932691,0.5362622234650538,0.24503056772401666,0.9290299895162594,0.5127795509401303,0.26451137763599264,0.8764107576192816,0.5087603964292426,0.21389784079891616,0.8375201293667418,0.5244635436339655,0.3829787234042553
0.3178467131447625,0.6817186850720219,0.7253849696767519,0.3040697885319105,0.2281827860924244,0.7584575916164635,0.2874760870302963,-0.19128777633667904,0.8142215533130606,0.2628995253951605,-0.17678555739322613,0.5827037091468886,0.3233980320894764,-0.19981473563188423,0.636373419982663,0.27967472293573736,-0.26404908495683843,0.8664376062642625,0.10345542082615318,0.6901981613766757,0.7308722171326011,0.10424083882192528,0.23333814723679555,0.7674583779746229,0.12440536895440159,-0.16764015793821246,0.797067917975958,0.11380071263936103,-0.18915058875804827,0.5923262366970203,0.06999426690708203,-0.20820188140873294,0.6679737219709949,0.1452048931142788,-0.2311562877349846,0.8583603571068688,0.23705096984647347,1.251238506931832,0.7256560598741095,0.2481931228152608,1.491028088383965,0.659569985736671,0.2489747697590884,1.360028042212899,0.6095365537985034,0.4104823229750627,1.175623568795185,0.7390096078231438,0.5033091679921956,0.9456045284395701,0.6254480182572657,0.3145329094296624,0.9136937642963183,0.5442902942718583,0.18294624333142362,0.930820302703384,0.5475694445892612,0.17339455956245275,0.8884810662295761,0.5277253251738206,0.2027264308757334,0.8369149058869705,0.5346960733669833,0.07677738397933354,1.1926703157631673,0.7211032993007209,-0.041328638383477834,0.9787115888908684,0.6226877032701517,0.1371486539068535,0.9235922169792531,0.5346620048752814,0.24733978459160533,0.9299256857595466,0.5150332347289065,0.2660961150362885,0.8766949900835237,0.5158364756221523,0.21471826279906464,0.8376029401536671,0.5246368033624091,0.4042553191489361
0.31780050996432047,0.6812296449594613,0.7259051799100168,0.30417904511765853,0.22812298186765556,0.758150286697064,0.28742549215150565,-0.19139742325343606,0.8149698459957871,0.26292582521094116,-0.17605788226170616,0.581544804252278,0.3237293782239225,-0.1996258259416284,0.6363453445955968,0.2792281311023718,-0.26365380164349667,0.8662882164002186,0.10348523184800622,0.6901025004439458,0.7308559241270076,0.10423071015144145,0.23308651927394516,0.7675458444068973,0.12471362195683232,-0.1676787374534834,0.7972367111484582,0.11383254520224775,-0.189056852295945,0.5923162804565865,0.07007670956990852,-0.20848295957658527,0.667967939080994,0.1453310044584977,-0.23107003295510595,0.8592941175533072,0.23676504813762517,1.251318487692294,0.7261304963986837,0.249242014528959,1.4911192375358349,0.6593060532859727,0.2492483470252036,1.3597585606329277,0.6083584523315639,0.41056707498842354,1.17502102591464,0.7389362126751169,0.5030410097229686,0.9458006489586632,0.6242693365079612,0.3155646701249836,0.9150114691711518,0.54541882478285,0.18425241672944725,0.9329112030837001,0.5473205617673649,0.17457596931262548,0.8938997235466013,0.5269317087774715,0.20248257298327993,0.837746625792159,0.5326464968763115,0.07767883634699753,1.193225313094953,0.7190614411445893,-0.0393153084474259,0.9782131596527216,0.6257452310642796,0.13740174564633342,0.9243206326209475,0.5336168981296655,0.24554230795923465,0.930312216927742,0.5181750712502294,0.2625766620963549,0.8771066693945693,0.524567638352522,0.21434441793968734,0.8375807394526082,0.5254310045069913,0.425531914893617
0.3175257080194577,0.6798228590081474,0.7261337063949994,0.304179194717345,0.2278167247177275,0.758148933571918,0.28735739940649135,-0.19150931601982918,0.8157932793897139,0.2634078501449384,-0.17609826715703333,0.5815364726368324,0.3244298823159233,-0.19928652151997808,0.636857592518103,0.2786877212562211,-0.2633263305165771,0.8660640251853198,0.10352455866846205,0.689338993720037,0.7309468499762357,0.10439778284409669,0.2328591913452275,0.7673387741003126,0.12497665857760293,-0.16767676056648426,0.7973825271809486,0.11395535188447735,-0.18867360620177104,0.5922971609361295,0.07010656537219287,-0.20828758266956876,0.6678835151166507,0.14544309303926323,-0.23097402973382372,0.8601279275847936,0.2365059232800258,1.2513637422038824,0.7268857661262715,0.2500898463386484,1.4914459192526488,0.6581187261737036,0.24923653876721857,1.3597088576256209,0.6080610471203135,0.41041721192000913,1.1748733767935517,0.738543665571042,0.5027138305041414,0.9457197878246019,0.6246130003522985,0.31628428417546506,0.9161174279575378,0.5468470417727264,0.1843866004691637,0.9358771198012604,0.5452699605523452,0.17473463986534504,0.9003297547019908,0.5257165150543621,0.2021014010076914,0.8390091852873036,0.5303213249397553,0.07903816261780512,1.1938293835087326,0.7165775197451554,-0.03747341996474324,0.9776073104105862,0.6287868275583053,0.1359038914788105,0.9250532352638507,0.5332321232610072,0.23965642381790547,0.9303884831367744,0.5221089940711354,0.25433751255920256,0.878925631192433,0.5339223644000954,0.21294685004332117,0.8378109510661942,0.5261039581607536,0.4468085106382978
0.31708535420034134,0.6780273013323184,0.726400925549989,0.30415428097381403,0.2272353961693927,0.7585394201870972,0.2873937547643675,-0.191433894555878,0.8164152265663225,0.26408122976979675,-0.1770166771898105,0.5830498926008919,0.3253378474930157,-0.198709263351766,0.6378732660623837,0.27812310698196274,-0.26314116064819,0.8657657779502755,0.1036274895702951,0.6881874132208513,0.7310843007883845,0.10472234966807903,0.23265318057136777,0.7668720517518501,0.12518050861979757,-0.16760942495408326,0.7975477441012724,0.11415162587253398,-0.18802692073287955,0.5922597534983465,0.07007513066832789,-0.20769802837822507,0.6677262834391973,0.14555288240542208,-0.23099299597387757,0.8608556599510989,0.2363744234416005,1.2513499418631033,0.7273750047165572,0.2506712138055149,1.4919526482117624,0.6561925141764293,0.24912729707803055,1.3597864100850834,0.6083882209153827,0.4101822180969359,1.1750965264755422,0.738727329131782,0.5028945846461024,0.9449020216173806,0.6288568334499772,0.31753273801540843,0.916782739214414,0.5471129752429337,0.1840397100569279,0.9398197972201943,0.5406823702094825,0.17412784000744816,0.9080592951913167,0.5221371386578633,0.20164622604253327,0.8409303491615454,0.5282259691227136,0.08056255782861099,1.194155491191995,0.7140900379125288,-0.036317302338494686,0.9769306753942183,0.6313777338772868,0.13298565109845295,0.9258328094801559,0.5326564875153589,0.2314870715346104,0.9309130555946499,0.5247605359777653,0.2441898388028143,0.8832961918621809,0.5403921745119485,0.21125087756794125,0.8387605527565548,0.525290135370267,0.4680851063829787
0.31661317832846664,0.6764503820203307,0.7267260622449334,0.30420673778187396,0.2265523285210861,0.7590281713547561,0.28762315987829196,-0.19118191923882216,0.8167610313566669,0.2645309109350946,-0.17827971460483766,0.5855278089656961,0.3262713999838502,-0.19786252082148462,0.6391124943030003,0.27762319290631887,-0.2630086829514331,0.8654608017467563,0.10388321896363524,0.6870694902844335,0.7312089103268107,0.10521002816217769,0.23250977643031293,0.7662051696885566,0.1253242127133471,-0.16748056958255508,0.7977407848047401,0.11437312608030345,-0.18706652478121763,0.5922294858086994,0.0700163041334925,-0.2068147900926961,0.6675362860832486,0.1456745083849775,-0.23118746347498134,0.8614609718249439,0.23646694749735667,1.2513618001093294,0.7270562088042947,0.2508804785075637,1.492567207434302,0.6538392536718434,0.24906375359504185,1.3598435245925795,0.6089923956546162,0.41001808957681696,1.1755971812911,0.739313981318475,0.504086614272696,0.9430045530750785,0.6385972010153642,0.3200122759321269,0.916441031671267,0.5443273434029852,0.18490506088218484,0.9445635492442481,0.5331491642768842,0.17344339182297552,0.915283817433883,0.5163394208887353,0.2020006455892634,0.8429298302335008,0.5266275007949318,0.08191612735110448,1.1937893172202536,0.7119228498396741,-0.03612370952227961,0.9763872080545452,0.6333696422094897,0.12957777612609944,0.9263713325360889,0.5308849473299158,0.22303756124924157,0.9323339187674251,0.5251635017372343,0.2348736155895121,0.8891924962327047,0.5410343325611876,0.21024778128052996,0.8404504823130775,0.5220237186246299,0.4893617021276595
0.31623712777598056,0.6753731563228702,0.7266661434657294,0.30430498594782324,0.22598476299041026,0.759252115699235,0.2880000181221563,-0.19087037987959313,0.8169322188542455,0.2646197399015476,-0.1791804130285573,0.5880599718330775,0.32710437491419186,-0.19683870284573995,0.6403107303644271,0.27722433484019177,-0.2628189316449931,0.8651945409886882,0.10427836420065893,0.6862521480113125,0.7313706298303286,0.1058621128010023,0.2324392958853673,0.765451756038664,0.12543926225411878,-0.1673501125001926,0.7979028798541555,0.11459930384750769,-0.18576699177698588,0.5922671666054107,0.07001924453995181,-0.20568625183154435,0.667320776919903,0.1458048533991319,-0.23152268724139358,0.8619039923307324,0.23685114719229527,1.2514282370589134,0.7258756880228265,0.25064599431350854,1.493226769973764,0.6512990718908178,0.24909337447407814,1.3598254552427942,0.6096964999748302,0.41008965812406206,1.176550061306522,0.7390668223025583,0.5063426009647872,0.9401004907471832,0.6533777536075616,0.3241445125523013,0.9139321669535383,0.5389892708883812,0.1888631903844349,0.9490354572109122,0.5227353155258395,0.17410554558569885,0.9188548869478563,0.5094747052421473,0.2043357778965439,0.8432748971036182,0.5252279680463517,0.08266364529179956,1.1926450997424276,0.7102852658436105,-0.037239359461468086,0.9762707617168086,0.6350867612508556,0.1263421107866088,0.9261074704919987,0.5287019535052706,0.2153100824376864,0.9338381442443532,0.5250946867838735,0.22708049121909576,0.8934353089004055,0.5369767547858053,0.21030699177143963,0.8418990879846202,0.5179106555249792,0.5106382978723404
0.31596822548791703,0.6747686803973517,0.7260024906883311,0.30433439027764553,0.22555954286646338,0.7591745501217713,0.28843629293402107,-0.19046440273117987,0.8170874543447985,0.26459562549718896,-0.17950064888143702,0.5900630832738458,0.3277436051772516,-0.19581814538375863,0.6413516172352003,0.27692094464707684,-0.2625313968831781,0.8649529466809035,0.10469942430742324,0.6857991572360088,0.7316845957979958,0.1066306374557393,0.2324104388177166,0.7647627787399697,0.1255875792694726,-0.167280970506168,0.797971289611055,0.11482741866905877,-0.1843318808529738,0.5923682211891503,0.07016184598126689,-0.20440924087243673,0.6670924886474975,0.14590936678341931,-0.23193343744385495,0.8621233595287121,0.2374807856210902,1.2514824545445975,0.7242944224096152,0.25010733260484674,1.4938571281439714,0.6488055006354719,0.24920919955920912,1.3597898956056067,0.6100317095412794,0.4104821370612295,1.1780625650102425,0.7370870178952422,0.5094303040839481,0.936845208875786,0.6711210569084669,0.33051589653148605,0.9082917746824607,0.5334180376957193,0.1966266763487632,0.9511357022350564,0.5100256353983219,0.17802717986723515,0.9168820852766473,0.5014588062693514,0.20917705789596386,0.8403524613904658,0.522634518231412,0.08236739168852182,1.1910157547493316,0.7091714814627715,-0.040278908146868485,0.9766664285625113,0.6377020530932092,0.12293606635118348,0.9241971689205074,0.5286626769355822,0.2087907059385382,0.9335333647071091,0.5262688714610804,0.2204030506995095,0.8934962007658103,0.5320936772350192,0.2106584631998064,0.8411581894906204,0.5174100085773549,0.5319148936170213
0.3157439866959179,0.67453742643637,0.7250576258426779,0.30423276844868,0.22516834226116836,0.7590757076506023,0.28888212289928855,-0.18986288257032413,0.8172406728930559,0.26474370372401534,-0.17942021481797593,0.59140377975967,0.3280412988482872,-0.1949261335736104,0.6419915794455722,0.276693255802844,-0.2621981648470278,0.8647137674628175,0.10500332213419765,0.6856393087013345,0.7321168688319681,0.10742659033698237,0.23249444286041118,0.7641520479634794,0.12577604208069385,-0.16729406915926787,0.7979751420117882,0.11504065007975783,-0.18307057115922934,0.5924545008713198,0.07044574132302311,-0.20312798716612476,0.6668780817265803,0.14595010939175096,-0.23240063922537355,0.8620638059080642,0.23826476892355658,1.2515257817826906,0.7222505422028984,0.24962004729435855,1.4943659022392126,0.6466925894267262,0.24937876100962034,1.3598345871106576,0.6090536375489328,0.411149057685371,1.1798807499823212,0.7334945634582588,0.51302772204454,0.9342315015844597,0.6898594606218417,0.3398247709253188,0.8995906726466693,0.5287128305929708,0.20775540256568198,0.9487466506764202,0.49689840366553784,0.18640982918630591,0.9093414382939651,0.4913136782742845,0.21666448423721385,0.8336754801312158,0.5172162722458308,0.08084124901405204,1.1893152224514247,0.7082292003771554,-0.045701867978479006,0.9773668746102018,0.6425087164475953,0.11846380907991716,0.9194537690280018,0.5329890025752975,0.20398152821809318,0.9295703481896581,0.5289269679067601,0.21512850680610007,0.8891737068783346,0.5297115969660618,0.2097673986782715,0.836061046533582,0.5241640667240701,0.5531914893617021
0.3156167505475015,0.6747089161971812,0.7242275900778397,0.3040546250004786,0.22485337823879925,0.7592055123731288,0.2892623449139111,-0.18911253391532795,0.8171522825568573,0.2651398509443035,-0.1789302900816975,0.5917493764956185,0.3278491646170902,-0.19414764369864304,0.6418042368821888,0.2765180305801263,-0.26199004253719466,0.8644891288827894,0.10507172276460494,0.6856697280775444,0.7324170023438794,0.10815838189237961,0.23290836401992948,0.7634038524677074,0.12588844382513203,-0.1673719162938877,0.7979858435944174,0.11520003935944166,-0.1821856206171307,0.5924596594178464,0.07081614283021123,-0.2020051012288667,0.666680641851406,0.14591987082357755,-0.23288361698406948,0.861714345788782,0.23913474995645267,1.2517507076362477,0.7188845074374046,0.24944338266536942,1.4946541888464213,0.6454438589721614,0.24951025178955374,1.3600311780793761,0.6060680616932858,0.41204439713124286,1.1815795543558754,0.7289881320136471,0.516620523102601,0.9328325741492094,0.7090934825668976,0.3521415907849897,0.8882083236318125,0.524739261791386,0.22175941315142436,0.940310875853529,0.4865856594800366,0.1992772883127389,0.8965635437173751,0.47977531592110384,0.22722612921669494,0.8233255237140582,0.5091374774023678,0.07825078267252038,1.1879626648959092,0.706625937734356,-0.05320893552703953,0.9780875275617106,0.6504946189724472,0.11244414396750503,0.9108892880131886,0.5421302483872323,0.20101099128097666,0.9212258123399214,0.5333718532845779,0.21189341105064546,0.8812524030022216,0.531181531800267,0.20612900458174332,0.8256682438879503,0.5369221594925243,0.574468085106383
0.31570038973126324,0.6753790289217153,0.7235481303449596,0.3039366828098644,0.22480617136531403,0.7594865883279251,0.2894844850081164,-0.1883296188853183,0.8165631581155821,0.26579705453260694,-0.17773829967093702,0.5903183573636321,0.3272561267008103,-0.19348089023476012,0.6408772450858817,0.27640468963771986,-0.26206967048299806,0.864312664917944,0.10490829510125385,0.6858376307395654,0.7323762701887325,0.10878062084168467,0.23376920202248797,0.7622877953062568,0.12582328940769485,-0.1674835594405485,0.7979979414510149,0.11527102595492132,-0.181737047616737,0.5923662018925923,0.0712126986467304,-0.20122438389087105,0.6665106794069443,0.14583520870046165,-0.23329016259931307,0.8611061803704233,0.24001715137888613,1.2523268394881018,0.7137707091118966,0.24949943038889488,1.494696533707606,0.6453510620896863,0.24945100810278886,1.3603469265733334,0.6012116461389311,0.41314532055374287,1.1827970006526622,0.7242798878500275,0.5194215642692603,0.9324228518192389,0.7292875984234377,0.36671327480994176,0.8738993745748753,0.523167271022407,0.23817280137910715,0.9245992007617455,0.4813402308474536,0.21626842647816652,0.8783559218642079,0.4695544326784318,0.24155067612278364,0.8090977044296365,0.5010800912944078,0.07515669046571302,1.1873440871347654,0.7033819810502664,-0.061496421444060534,0.9785566183319063,0.6633144701432361,0.10497045647843892,0.8986905488005588,0.5543486529646998,0.19920860502952137,0.9091286172974004,0.5393927885540768,0.20992644746497457,0.8701165902993695,0.5350014622508588,0.1989594370813114,0.811370001496381,0.550540857599687,0.5957446808510638
0.3159989411749118,0.6765309429757456,0.7228066000466045,0.30395406157465293,0.22504947329113342,0.7595810169145177,0.2895251870005938,-0.18758037893515964,0.8154425866347632,0.266775217685134,-0.17581957979516075,0.5870164856561045,0.3266487436739114,-0.19309387777281664,0.6401575176318373,0.2763999538136786,-0.26246005505290554,0.8642356027498144,0.10464377034147508,0.6861734222430296,0.7320209367329711,0.10929824360820414,0.23488706905441933,0.7607805012102826,0.12565716815398656,-0.16764749564063386,0.7980273975771364,0.11527759798805509,-0.18169631490162894,0.5921799824153583,0.07160243002679226,-0.20088283497232512,0.6664002285012681,0.14573371001245441,-0.23359821615192472,0.860309640155915,0.24080140863366978,1.2530807745162722,0.7076807107204228,0.2495719985670355,1.4946340451239668,0.6459434816954688,0.24902951342825128,1.3606294147623377,0.5951595243589789,0.4142089963378545,1.1834022797555415,0.7197338449835489,0.5205235620426225,0.9323882482630044,0.750530725717321,0.38226195699677906,0.856108673413187,0.5284081749633694,0.25601025571308156,0.9003250005573206,0.4816307350380404,0.23710234164837907,0.8538995611693903,0.46376579953606656,0.260414739224312,0.7899581527657343,0.4976527556186479,0.07237604612146376,1.1876462370053202,0.6981627108772772,-0.06866440865086791,0.9784036485028333,0.682750423144836,0.09606912316781518,0.8841874071618538,0.5668590821749543,0.19698026178254896,0.8939919473374353,0.5451334786883293,0.20667360674848329,0.8560125181280835,0.538134635698035,0.1877327509224359,0.7955806922483974,0.5614872737899689,0.6170212765957447
0.3164702944764839,0.6780416597309582,0.7218675065906237,0.3040162296667153,0.22540335069103312,0.7591589975469868,0.28941667311846925,-0.18689046062811265,0.8139101388781366,0.2680635876009026,-0.17376388442116383,0.5831139215284388,0.32643919805394395,-0.19304699857748234,0.6402788946840338,0.2765046115261387,-0.2630949248978421,0.8643004620172287,0.10437657878306389,0.6867535438446514,0.7314957901646673,0.1096999229923615,0.23592928933074755,0.7590599856627746,0.12553781262922098,-0.16793966259297383,0.7981637794237559,0.11533007995092132,-0.18202688994639663,0.5919417393294367,0.07198081656654652,-0.20087280582316008,0.6663613928033948,0.14566484995429035,-0.23385792387998788,0.8594148611511004,0.241357445648948,1.253609087699633,0.7018927273109621,0.2495985522220746,1.4946535629307884,0.6462052081209952,0.24816226202901448,1.3607063344368138,0.5883059027464784,0.41475234027463465,1.183568379524763,0.7155513408717481,0.5193142428592301,0.932294343486461,0.771980785287125,0.397417575359285,0.8346591875981141,0.5448109801995051,0.2745761440950037,0.8660966930385194,0.48848127758325055,0.26164993131722514,0.8218336659974117,0.46588561161478037,0.28439689395115697,0.7639652599920492,0.504254041310285,0.07051027454918077,1.188754402939161,0.691575898367748,-0.07304587377719922,0.9773278506105382,0.7083132291645848,0.08507473417015815,0.8685220115076193,0.579061251581669,0.19182147879355793,0.8752514920905249,0.5495504038897457,0.1988821393280105,0.8389976457689765,0.5403247713001214,0.17095281529494077,0.7790332104966013,0.5705468426985688,0.6382978723404256
0.3171103629714242,0.6797344004384354,0.7207552992225125,0.3039615946430334,0.22576007983909754,0.758001485292346,0.2892171195410265,-0.18629311197018567,0.8121870315095112,0.2695042825329179,-0.17237907658185053,0.5800311965329755,0.32680514973393354,-0.19301317987133584,0.6406013492196376,0.27660854389836204,-0.263899843712552,0.8644412442453154,0.10410148846457037,0.6875523630212901,0.7308864172715863,0.10993434252287622,0.23668885529177736,0.7573654727979566,0.12549645509125357,-0.16839031054362974,0.7983439256990997,0.11554020280540708,-0.1826045271114257,0.5918350075932901,0.07230344040812169,-0.2010281375636081,0.6664127261777407,0.14563525830543134,-0.23410390161782318,0.8584885088288534,0.24161700538310532,1.2537055546587963,0.6969360620734013,0.24963968007111184,1.494732956965222,0.6453507652589364,0.24700369779491704,1.3605224107777183,0.5803865367437879,0.41442289260885756,1.1835168693652272,0.7121895536476447,0.5160259220321965,0.9320174355781282,0.7925595788308868,0.41169365652080475,0.810058681282677,0.5737037574720258,0.294527617572523,0.8218179520424714,0.5041121204093117,0.2897041709615791,0.7814139555173785,0.47957112060848445,0.3128950615095718,0.7301201261968168,0.5244594157189892,0.06965665475293198,1.1902801509266445,0.6846790442740907,-0.07385424749772862,0.975378217319668,0.7371047049229981,0.07123766998638142,0.8521064927167191,0.5927448082282882,0.18100289699730412,0.8517464702111996,0.5546995066161143,0.18375014687018215,0.8184322252706078,0.5443278464636114,0.1471358909272873,0.7609914509027591,0.5790655387799073,0.6595744680851063
0.317892838116791,0.681341276555878,0.719542247327686,0.3037234180135271,0.22616148376693887,0.7559910243794057,0.2890272944618944,-0.18589571634841973,0.8106602459231023,0.2707758128858034,-0.17195453797729354,0.5781478886673806,0.3276586411040106,-0.19263166399343906,0.6400965267156162,0.27659272172245497,-0.26479315958604527,0.864514545725295,0.10379065416620467,0.6883778961795977,0.7301813552944649,0.10999187859884317,0.23712481351037562,0.7557625509851975,0.12547423655457024,-0.16891181803535144,0.7983375234913119,0.11578084331669748,-0.18302915173201278,0.5921151195542607,0.07243028082510694,-0.2013312086821024,0.6666850070043321,0.14560464075807772,-0.23437236632967878,0.8576051564708087,0.24164091845214103,1.2535031910928607,0.6922299452511288,0.24973170789534888,1.494670035596993,0.643055403789777,0.2459380427236813,1.360156699488533,0.5711643674372182,0.413190518546489,1.1833033836716338,0.7097913321445948,0.5116708580125372,0.9314222902897291,0.8116751398169955,0.4257626608744912,0.7833056111398253,0.6130728831197595,0.3167318876633836,0.7702219756113731,0.5299087621414591,0.3198651212254737,0.733622994692523,0.5070655039231359,0.3436650676379271,0.6904010367480101,0.5579207231225534,0.06965496472282517,1.191655663640275,0.6784374795362598,-0.07111462714869002,0.9729674149865972,0.765561878223777,0.05513612594012547,0.8353675671581595,0.6082931490134851,0.16300898253616758,0.8232406985198141,0.5638454562419968,0.16030864162876884,0.7936993057629641,0.5512912705814597,0.11713412571683543,0.741790558053139,0.5856870392988148,0.6808510638297872
0.3187316580617949,0.6826018786153721,0.7182661670004424,0.30335127887441415,0.2266720143737791,0.7531871359210776,0.28891837759342304,-0.18582732323444662,0.809574540784741,0.27148440257950945,-0.17192293896617858,0.5767692584587224,0.32876283852903954,-0.1919083460772868,0.6384001788950872,0.27648931257721315,-0.265684375886758,0.8645394409804107,0.10344579158486912,0.6890454648201838,0.7293405463181515,0.10994862340487636,0.2373072268728928,0.7540586502866127,0.12544577533079557,-0.16934566368683135,0.7980059867116833,0.11562060961519047,-0.18275955770738692,0.5926578754907436,0.07222782435757938,-0.20174316772165296,0.6673101420151532,0.1455487200692415,-0.23470708445252517,0.8568402119468529,0.2415511174491022,1.253191920092637,0.6873633119345566,0.24988895137093903,1.4943488105451987,0.6394564451737141,0.24536287910202273,1.3596415751781574,0.5610666982794794,0.41125896067599765,1.183009257560164,0.7074139587401134,0.5071425460785878,0.9303127602530614,0.8283565380016518,0.4400373045764796,0.7553073942864841,0.6597758628744764,0.3406078544190779,0.7160142994182334,0.5657127862611437,0.3496365585675224,0.6809584272274791,0.5481214307029778,0.374162290901065,0.6483436757583216,0.6025195944255839,0.07027519233660971,1.1924211631983384,0.6735184292559873,-0.06516107475374405,0.9707819946187263,0.7901569174850628,0.03815616717723089,0.8189103394822477,0.6246398154143123,0.13799889435683635,0.7907033615871197,0.5781474211108685,0.1294918679193092,0.7649995086557275,0.5598819099923362,0.08333034084874778,0.7226043973847637,0.5898383768795306,0.7021276595744681
0.31955373674460147,0.6834304899593135,0.7169504634750772,0.30291336301225524,0.22733399388693365,0.7498057665924048,0.28883590812470183,-0.1860695985791585,0.8087115019256402,0.2714794244516199,-0.17149145343264333,0.5749135689821581,0.3299038426074976,-0.1910639945468755,0.635799224674322,0.27643386003308146,-0.2665511593073927,0.8647391852860681,0.10308180119465411,0.6895358845587242,0.728352857038149,0.10990463534629452,0.23734828516893614,0.7520650102843227,0.12544415980365392,-0.16960417162986235,0.7974231599929024,0.1148497877959791,-0.18153927824579813,0.5928197372887098,0.07171514476391455,-0.2019734275301024,0.6679928935662207,0.1454740412193474,-0.23510487511546552,0.8561897019411525,0.2414677626280513,1.2527243140467617,0.6830889854901359,0.2501258813610817,1.4938291805235764,0.6351014865748086,0.24554598085805018,1.3588899483482773,0.5506312959690864,0.40896027526700857,1.1828097398177406,0.7039142887911272,0.5026230889467826,0.9290814586129761,0.8403140831127793,0.45402889269742686,0.727888044782981,0.710512316522344,0.3651189768179227,0.6643221456976445,0.6099650623871695,0.37804074860217396,0.628269408873782,0.5998614872508219,0.40289655822545045,0.6078541824851347,0.6557231129851121,0.07115852473524639,1.1925110335497549,0.6702145295209696,-0.0565647328513946,0.9694637067190596,0.8080165714068179,0.020661640937106197,0.8031492644190549,0.64261259357388,0.1066707203531574,0.7559891594621934,0.5956036691324109,0.09259003524506965,0.7333250009917833,0.5699475357244543,0.0473901304065347,0.7034525452530892,0.5956632093177892,0.723404255319149
0.3203980484791962,0.6838942655644261,0.7156489443862821,0.3024240839885579,0.2281696367322651,0.745971062576047,0.28866634873584185,-0.18644356547283603,0.8077164775542365,0.2709782817220439,-0.17047802432609016,0.5723113059485828,0.33095516824989435,-0.19027020731902797,0.6327632347355648,0.2764751028242293,-0.26744525247840994,0.8651928099222139,0.1026974731313952,0.6899486918801417,0.7272441458831811,0.10993738789344677,0.2372725795837659,0.7497964764889646,0.12550968687775355,-0.1697523119610987,0.7967780092446954,0.11391413677880532,-0.17956536696671194,0.5920603448956762,0.07105158685772903,-0.2017048698200405,0.667983596024976,0.1453805523296439,-0.23551657394462583,0.8556136671213912,0.24154196346971205,1.2519419586196314,0.6800599155024063,0.25037403713155887,1.4932496081902786,0.6304229115402877,0.24661509048770064,1.3578356015031163,0.5399404971691097,0.4066079596883885,1.1827013504564081,0.6993062410430472,0.49788424610181925,0.9291244131690003,0.8452754930420486,0.4677573509554471,0.7058982155594935,0.7593461800811953,0.390591245976509,0.6210831048597276,0.6576859875355839,0.40644073030035094,0.5832238426985645,0.6577901581165471,0.42937027572368636,0.5749696728444917,0.7117140219424751,0.07197954548421259,1.192112968438931,0.6685503226156913,-0.04639176101023708,0.9691316074189131,0.8176161989192847,0.0022194631735158055,0.7882845119783985,0.6644527718767723,0.0699899714726679,0.7217153280246473,0.6130945722847491,0.0511546348674643,0.7007851765276264,0.584045995048232,0.010541540472642762,0.6834360212799704,0.6093823932895884,0.7446808510638298
0.3213458084902424,0.6841519346767897,0.7143429552639204,0.3018518383416915,0.22912232079556502,0.7415836679835534,0.2883599445243782,-0.18680108140599705,0.8065105360610221,0.2702532556565796,-0.16911046693094878,0.5693408541333986,0.3317751267625695,-0.18962577860957544,0.6295101575209978,0.2765403131910315,-0.26834141364030056,0.8656469406481172,0.10226174654827595,0.6903549229045651,0.7261043957124296,0.11006813907473964,0.23704201111976408,0.7473449045136271,0.12565211948078278,-0.16983063517424135,0.7961338371848515,0.11343715902136584,-0.17723637785358845,0.5904166975902522,0.07047063444406093,-0.20083730959255222,0.6666845116864983,0.14524004605563698,-0.2358863008872147,0.8550958774488701,0.24189669169160832,1.2509804046883335,0.6774230817847162,0.25046786054360326,1.4927220221466917,0.6255272420106689,0.2484727144797908,1.3564376710877586,0.5291660967467198,0.4044409929506551,1.1824903593844642,0.6946103610269163,0.4926659332927915,0.9320142246016621,0.8436154025667999,0.4820896324074202,0.6952934697673286,0.798953966384377,0.4178400666223425,0.5924351596929807,0.702332914894966,0.4355234754064865,0.5527585592642611,0.7187341646009847,0.4535673388896677,0.5565127024032069,0.7635239532139103,0.07256064318462757,1.191384806904672,0.668380347458414,-0.035987051618491556,0.9694292411968408,0.818519910552189,-0.016814394874428637,0.774410762930468,0.6908150884952072,0.03028505134278789,0.6908104147418632,0.6301427877890935,0.007800012555511991,0.6705384975161517,0.6057571614207506,-0.02555557141299039,0.6623500896123958,0.6338096511711167,0.7659574468085106
0.3222826345995668,0.6844017431583195,0.7128053707763246,0.30117174200018165,0.23006099369826566,0.7365426033573292,0.28793426702342234,-0.1871293896203851,0.8051964272633858,0.2693891351897482,-0.16749564326483443,0.5662213796056708,0.3321729098927329,-0.18921027189065634,0.6261220174025215,0.2765559113231065,-0.2691220191663708,0.8658096499897697,0.10176526684785997,0.6907115111350655,0.7250728848188577,0.11022162398136988,0.23667561623659505,0.7447748945175707,0.12585517382744654,-0.16970499164395786,0.7953332037983564,0.11359062281541084,-0.1749069611292293,0.5882443768584703,0.07026838054251203,-0.19945377067127573,0.6641614901453663,0.1450327086764138,-0.2361702693642087,0.8546318408704624,0.24252404631570798,1.250277208805478,0.6739119000068025,0.2502889326477968,1.4922478868419407,0.6207073835312583,0.25076346869637106,1.3546402595852214,0.5190710601413124,0.40275985836162015,1.182087047248923,0.6908084265913755,0.4867064391344548,0.9383103152068257,0.8386722858333426,0.49715624691207905,0.6981183533005533,0.827517246927262,0.4459990741212025,0.5810383151810622,0.7431754679819038,0.4635496700909191,0.539772425435999,0.7813677043599414,0.4754588946738757,0.5555898124285497,0.8089838108733036,0.07277080496743252,1.190555235087245,0.6690845946080637,-0.02621389186739083,0.9699767516907265,0.8119038262061545,-0.03501339590919749,0.7620661454459051,0.719970459837246,-0.009110166101686419,0.6659191256314666,0.6501216932587393,-0.03430629980360153,0.6457635167103849,0.6362995393107019,-0.058987902450337845,0.641943909519378,0.6662159913667763,0.7872340425531915
0.3228848407133274,0.6847069301633698,0.7107980949546736,0.30037852379087027,0.23087010543778339,0.7309981787778073,0.28741802156703655,-0.18745362816195388,0.803849482501118,0.2683952670329778,-0.1657881468224353,0.5630236585869571,0.3320701410676524,-0.1891363114306917,0.6231372901127329,0.276507986283166,-0.26972145899980715,0.8656181956339566,0.10128806154315849,0.6909648239977609,0.7241353470019505,0.1102815505727082,0.236102241397659,0.7422846598820001,0.12607024628447058,-0.1692815962604884,0.7941984943921875,0.11412397573588343,-0.1728751023593498,0.5858370885050816,0.07063027429316246,-0.1978669341838039,0.661201302647897,0.1447759651745814,-0.23635983135925445,0.8542056983801262,0.2433244739817893,1.2500130590272156,0.6695890352809329,0.2498559798450199,1.4917614955872456,0.6165535991524832,0.253018293698412,1.35252456491363,0.5106133961087447,0.40192521969532935,1.1816312435498493,0.688128196256853,0.4799215647611219,0.9473693752372037,0.8341199538652173,0.5118860037044145,0.7114907574851017,0.8500341701970459,0.47258933785811763,0.584413000650616,0.7848678805216391,0.4882239204606348,0.5435365208407104,0.8426422989649953,0.49483460318207934,0.5701797192476737,0.849997723796522,0.07260923366702038,1.1900075544453506,0.6695568010868237,-0.017183386962331907,0.9704580100225665,0.8014099258854177,-0.05079873105147523,0.7526467155820311,0.7487761707296758,-0.04534589181080992,0.6490591234576741,0.6758979549533256,-0.07217092666569659,0.6290667259116267,0.6714327019623931,-0.08773018285358651,0.6257669616681667,0.7016728147418526,0.8085106382978723
0.32296090818549406,0.6849277534171487,0.7084244236374697,0.2994663767658749,0.23148937828164845,0.725272530162782,0.28683428181323734,-0.18778166912118782,0.8025191292303886,0.26736069543381147,-0.1644755294504471,0.5603074194357194,0.331663558408236,-0.18949785221935325,0.6214242343443009,0.2764076461385918,-0.2701514680469783,0.8651728204798379,0.10092289111598814,0.6911748053543193,0.7230182584348832,0.11018052884455645,0.2350317819432763,0.7402580851106163,0.12620466336266756,-0.1686712295993109,0.7926638224238952,0.11470218782081154,-0.171431984239723,0.5834005338689574,0.07137291714988651,-0.1964584817905431,0.658677585432146,0.14447887902747758,-0.23651703131415627,0.8537308916151514,0.24421585118012412,1.2497992902717623,0.6656404437356975,0.2492687999568925,1.4912774168026746,0.6134001945913138,0.2548207940517395,1.350414513409106,0.5042399261056639,0.4019756787965161,1.1813660919873734,0.686203479841903,0.4727227860082671,0.9577981095649846,0.8318354435214206,0.5249292816546365,0.7306637076311087,0.8716773597581957,0.4957844761752199,0.5972834013683685,0.8295359476368285,0.5089488856292029,0.5605046187170294,0.8976612817590908,0.5117633828547685,0.5945039634608548,0.8884397085982804,0.07226446447753426,1.1899170327637971,0.6690588670619017,-0.008967340185183088,0.9705795325701149,0.7910179550079894,-0.06341206934836245,0.7472080296057803,0.7748118819141713,-0.07650586028307922,0.6406318004078451,0.7068217554847036,-0.10356900613608547,0.6215812476812573,0.7055760247829175,-0.11050440994626143,0.6164816715121898,0.7383084931181885,0.8297872340425532
0.32266363424200395,0.684852143425603,0.706059535272439,0.29846193318987196,0.23193399751808366,0.7195444223130416,0.28621736441203216,-0.1881775252741224,0.8013215568167502,0.26649884359929354,-0.16422260716416348,0.5590123795265128,0.33136719203627024,-0.1901967623552981,0.6212167650536751,0.27625956008505015,-0.27043135033986127,0.8645876046438055,0.10066116342600477,0.6913531663274385,0.7214851325048566,0.1099201937369471,0.2332761866572617,0.738828877120978,0.1261822281879132,-0.16805275734193562,0.7907398516364323,0.11510348097142539,-0.1707590933319084,0.5812426483688621,0.07206172532887686,-0.1953369806193301,0.6567816654612078,0.14413758682950586,-0.23676722331323613,0.8531342489063116,0.24513401925381598,1.2491420176817614,0.6629591101359672,0.24863775277564965,1.4908662597494147,0.6111151535505903,0.2559620892163188,1.3487330198968204,0.49947984314391314,0.4023880162469421,1.1814042131518383,0.6847344686410554,0.46599776784387087,0.9680350404346169,0.8315616857113673,0.5353242012566607,0.7512194074252355,0.8937787283840254,0.5158829378264449,0.6140303306545892,0.8751228070201631,0.5270768731900244,0.5845644774153466,0.9439745398254961,0.5266781798044669,0.621107205601982,0.9245493985216273,0.07189099281595349,1.1900478488636912,0.6677081568958441,-0.0020322150446971474,0.9703129012890467,0.7824228420640438,-0.07327524435525103,0.7450975563010098,0.7987539673202767,-0.10177505920012758,0.6384815370698099,0.7425944881526123,-0.12839053324776464,0.6212554785354443,0.7399046085957657,-0.12774281032770476,0.613296558022666,0.7773050051195252,0.851063829787234
0.3222728095926343,0.6842370240706226,0.7039891652060051,0.2974576027949361,0.23229480023197674,0.7137469589002718,0.28559682084141574,-0.18872262610461527,0.8003821149697764,0.2660977726993352,-0.1654666282050068,0.5596809800580713,0.33148743723524154,-0.19099547818977017,0.6219997287383544,0.2760649490471627,-0.2705766178011862,0.8639154012199209,0.10045541768422712,0.6912319757866511,0.7196091121072807,0.10958382226613166,0.23103123620335891,0.7375531690035855,0.12600335613209987,-0.1675689500874737,0.7885231105126773,0.1152038277532101,-0.17069712968483075,0.5798332687936669,0.07241193096742025,-0.1945261979771539,0.6553109057084174,0.1437825081044451,-0.23723335802457543,0.8524952417337737,0.24590896228196224,1.2479547001648197,0.661210899710941,0.24807862252393947,1.4904712973373644,0.609435620638818,0.2565302198551753,1.3477289993506518,0.4953515950596532,0.4024836515946997,1.1815832384319043,0.6835315341410916,0.46074493429617946,0.9769238409138749,0.8318582790861953,0.5430136122708193,0.7694842493578692,0.91598841166349,0.5340611254680573,0.6297110932549113,0.9193189947746772,0.5439678146228681,0.6085652117472415,0.9829127626743048,0.5395290039595628,0.6438989579368655,0.9565794279330286,0.0714514583155168,1.1901073644106148,0.6657266453511763,0.003182701486894962,0.9698707471075589,0.7760930752942101,-0.08104127699297849,0.7448306757446606,0.8225425922405911,-0.12124414155914269,0.639215428055187,0.7848710081667467,-0.14839391203236674,0.6237389786219822,0.7801764818314308,-0.14019937958829243,0.6134712646372319,0.818024910634968,0.8723404255319149
0.3218831878082421,0.6827147900548933,0.7023061469406663,0.2965558245371687,0.23263669835659273,0.707819856786373,0.2849444100580429,-0.1893955131127382,0.7996138028618677,0.2663018132971126,-0.168003900857479,0.562052115511811,0.3319458795889111,-0.19181159823119195,0.6233644272141204,0.27583196611631877,-0.2706343103001066,0.8631476173265407,0.10031267459079911,0.6903717257785856,0.7177044468218547,0.10933491683547678,0.22863901997770233,0.7358102405341937,0.1257047612399599,-0.1672883028929153,0.7861513130114055,0.11492537551196938,-0.17081881595779447,0.5794368891411597,0.0724724284929327,-0.19420224603281253,0.654339323683303,0.14344780318781108,-0.23799777577370695,0.8518902914052622,0.24625795072723744,1.2464589685845642,0.6593875642742067,0.24771317151580063,1.4898553183677699,0.6082779852901206,0.2567691009209655,1.3473377512183051,0.49125674113641987,0.40192093986225386,1.1815621815658797,0.6821752933217338,0.45767782521382766,0.9835697232807104,0.8318066328086706,0.5488216142453122,0.7822810777615281,0.9385385026522639,0.550109617298398,0.6403120244515157,0.9610642225112498,0.5593608773331202,0.6265754757780014,1.016252745136647,0.5496966807704697,0.6595290474235167,0.9823579884775199,0.07083001026834777,1.1900522100113522,0.6628970609352933,0.006532477778623256,0.9694276712577311,0.7725322350740255,-0.08662143477622063,0.7455147428395854,0.8454855142933126,-0.13477360111366718,0.6404456846036597,0.8325273077959585,-0.16439918503632434,0.6260766451060882,0.8272706307554383,-0.1476058412282431,0.6153855864796892,0.856542910709686,0.8936170212765957
0.32141728522945084,0.6798986677260046,0.7010534167336969,0.29580001517226995,0.23291228295774094,0.7018819872277482,0.2842124465183163,-0.19015743950034786,0.7987835156990563,0.26696346612865196,-0.17102916484682076,0.565203335915952,0.33249292410349673,-0.19285345943039955,0.6252891806054592,0.2755699234364531,-0.27069023526572755,0.8622479253864144,0.1002459535122615,0.6884954391187658,0.7161189802099829,0.10931045823117114,0.22624852210054905,0.7333671028932154,0.12529763195286,-0.16717581519628077,0.7836755983072881,0.11434695740802764,-0.17083469163959417,0.5796526758053699,0.07246367477288473,-0.19435931357455855,0.6539970788303348,0.14312302502212293,-0.23909338770901817,0.8512373406108678,0.24602820784897542,1.244862722784973,0.6571930267263555,0.24758530343322377,1.4887650128188161,0.6076458813893355,0.2568327959695424,1.3473245322126404,0.48718087972878504,0.40075921170993206,1.1810296435164698,0.6803317758400342,0.4570458505336337,0.9870023385456251,0.831470577166354,0.5535214415750015,0.7870903239900975,0.9609489513191303,0.5627597827928139,0.643522788943896,0.9983568105230323,0.5727885501123717,0.635821239331831,1.042109834131781,0.5575610554447274,0.666075330852065,1.0022192917311363,0.07003746796450949,1.189977885122133,0.6591582674617081,0.00810119152521614,0.9691570551845924,0.7711573033251066,-0.08997916377664925,0.7467216410834769,0.8650410346611255,-0.14215234879210675,0.6414052376838937,0.8797080887619464,-0.17544123370312076,0.6280429494296855,0.8752242285590959,-0.15031047717718377,0.6185027138868319,0.8889548605296992,0.9148936170212766
0.3208510755437706,0.6759004033344866,0.7003763682098141,0.29517701919157324,0.23303670132511234,0.6961254734962865,0.28345256547026537,-0.19104896855197448,0.797875548383135,0.26779996176856025,-0.17375325249954987,0.5681218345384157,0.3330891876775992,-0.1943187487367124,0.627830745072416,0.275279408664923,-0.27083434093451014,0.8611766969727273,0.10023636994329332,0.6857329153297587,0.7150354829203838,0.10949418982355735,0.2238316056687308,0.7304292302159838,0.12477615430877934,-0.16716245401075702,0.7810909394251211,0.1138815753934002,-0.1707604045646922,0.5797204322324928,0.07253714317971857,-0.19466341447751295,0.653905174529457,0.1428104888056808,-0.2404896686255892,0.8505253975838852,0.24538993106539397,1.243245576620599,0.6550660251392526,0.24758034601630058,1.487138536420912,0.6072285986127927,0.25677678067267024,1.3475211746462579,0.4833054104850767,0.3992551157135006,1.179859358136261,0.6782896268006894,0.4585943449546921,0.9866895690994733,0.8310863863114122,0.5577102295629494,0.7838153901020805,0.9790197822011069,0.572451050346063,0.6401701390052613,1.025662699496438,0.5854745830295296,0.6375441824814828,1.055349462137212,0.5651737876424343,0.6635040335059905,1.0170899586296658,0.06924055196573073,1.1898769014159571,0.6550646085663916,0.008231097709262294,0.9691680520013621,0.7704825484578803,-0.09187801154736623,0.7480782120298087,0.8796489011482962,-0.14463705927493034,0.6421192525425583,0.9195428790296392,-0.1809577415206483,0.6299813163017365,0.9165266807288994,-0.15024064719993352,0.6219962275599353,0.9131026933664089,0.9361702127659576
0.3202548788110493,0.6716152859191762,0.7005150252276799,0.2946588227023361,0.2330390481612475,0.6907086530181291,0.28280931519787744,-0.1919921285356439,0.7970628631830291,0.26859623195938587,-0.17580294774530594,0.5702744294978062,0.3338555031857255,-0.19594763281636635,0.6307435895689537,0.2749583873898392,-0.2710386388248556,0.8599470859418067,0.10030316009779397,0.6825712027194765,0.7144893986254781,0.10975957264706708,0.22142921879459768,0.7272972262923703,0.12415742859398014,-0.16722062225977713,0.7784591480725704,0.11411470097301335,-0.1707727433667371,0.5793545939099815,0.07275219097625481,-0.1948551160601981,0.653393760602787,0.1425783630376609,-0.2421311688959683,0.8499745954285094,0.2446888044530154,1.2416722873935475,0.6529932221441496,0.24748596257053634,1.4851636625108025,0.6063766454415269,0.2567216985019069,1.3477757692861436,0.4801032198586638,0.39756237430636393,1.1782084005732705,0.6766562103044353,0.46155974340211603,0.9831401990661637,0.8307940977995041,0.5626229547204157,0.7756380648873193,0.9857716454681422,0.5818429694218927,0.6336333735762983,1.035541810246213,0.5992713152948925,0.6345046805900552,1.0543664926532597,0.574541948682989,0.6551727562971599,1.024390505733059,0.06855332038571571,1.1895291582834355,0.6513735978879124,0.007409921559521136,0.969163898035057,0.7696609846679641,-0.09320346915062216,0.7489031999542661,0.8889804587823384,-0.14468006923058174,0.6420766306090141,0.9478255453250108,-0.18196575068117982,0.6311134568427621,0.9460318102270338,-0.14923697605111058,0.6245300091277906,0.9282954427537997,0.9574468085106383
0.31966700676543247,0.6680083252216263,0.7014623889600615,0.2942263100502757,0.23305803082520285,0.6857200512854997,0.2823701245077063,-0.19264238397500516,0.7962403215298587,0.2692557503501115,-0.1770450703043225,0.5714778969771638,0.3348049858686466,-0.1971512753372939,0.6332255743487464,0.27460959332460616,-0.271056445940157,0.8586558795179248,0.1004799340451745,0.6794974598424358,0.7145331196250508,0.11006251193082074,0.21922827694149688,0.7241202688014512,0.12348007505252584,-0.16736958659881782,0.7758867182680208,0.11530082890723947,-0.17111376960960847,0.5789457659855902,0.07321912844453739,-0.19494907502512226,0.652209308369742,0.14245218600868828,-0.24392625915934732,0.8497062076995864,0.2441320378015199,1.2403488055676464,0.650489849494734,0.2471475589880835,1.4831045834598995,0.6047194554830786,0.2568310854632675,1.3477237563892,0.47838554125983374,0.39568533685325064,1.1764476495301484,0.6755537649828085,0.46483269113387393,0.9776338927765357,0.8302948293000302,0.5696576475014069,0.7660787509287976,0.9785050591862493,0.5929639577509696,0.6263390173129799,1.0256654926104645,0.6146879949758671,0.6272525249528104,1.0443398487485624,0.5859215787170948,0.6449714918401999,1.0212563824919902,0.0678929250451172,1.1886985054208292,0.6484458533815076,0.006080067546588982,0.9684332178469622,0.7681526207915695,-0.09423024447435446,0.7476615646498743,0.8930759600856735,-0.14414752809739967,0.6398272390531119,0.9632905798554763,-0.18044597771013493,0.6299844111598609,0.9615535399421691,-0.1483208839971843,0.6243164607819978,0.9355322993279236,0.9787234042553192
0.3190902611175504,0.6652659552087639,0.7028179032074797,0.29385471310057865,0.2332308209471054,0.6811364644396298,0.28208023699637164,-0.19263036618515123,0.7949506019308542,0.2697239762129764,-0.17744551216765903,0.5716877519593169,0.3356754590434893,-0.19757746867107598,0.6343207961257735,0.27424143898282227,-0.2706388096269488,0.8573922090736533,0.10068848509970921,0.6767841521815972,0.7151173501976715,0.11050268721741464,0.2173746429294075,0.7209628544147646,0.12276871033606238,-0.16763567382495545,0.7734534448937812,0.1171511309989029,-0.17193196338493016,0.5789585664465835,0.07409553543277864,-0.19509250765597555,0.6507910486224696,0.14231498180751212,-0.2456499024012273,0.8494885034909629,0.24365319587713952,1.2394370219460302,0.6477615847316711,0.24657255206575374,1.4810227912467244,0.6024568752719879,0.2571646897157285,1.3469414847467434,0.4784488885069997,0.3938095595035366,1.1748355162717046,0.674453979153305,0.46733610135720327,0.9712751367216256,0.8280960472507053,0.5789116923272144,0.7558037171564698,0.9618716759095546,0.6058392370747182,0.6172250930875032,1.0020094100790065,0.6307441841365985,0.6149329835688025,1.0288438477716295,0.5982820294791391,0.63341218079057,1.0083922584799176,0.06710739880755298,1.1873583910334315,0.6461037722864225,0.004709084329856214,0.9659265718932504,0.7650764595496222,-0.0944009640034516,0.7426899382039485,0.8919790243301475,-0.14380351112397258,0.6341543695335227,0.9653411845658328,-0.17837193039057125,0.625380496158913,0.9624800872785768,-0.14831416150867058,0.6196813483347315,0.9355309101022793,1.0
0.3185957947329295,0.663007922591923,0.7043535508668108,0.2934951394597372,0.23364283447020107,0.6769540880076942,0.281844321475576,-0.19183471374213742,0.7929735023376147,0.2698607584996877,-0.17715540040181635,0.5713093385362431,0.3359695852907878,-0.1972762438752814,0.6335279060901947,0.27386974071473846,-0.2698216456898477,0.856154909459273,0.10078710258324253,0.6745820167076976,0.715944527926371,0.11114945781663996,0.21587492407856462,0.7179609208955926,0.12201766937066741,-0.16800178326769374,0.7712264397248442,0.1190169259944004,-0.17286925542828455,0.5791742049965917,0.07530949460215051,-0.19536881811085266,0.6499243897466893,0.1420102615439904,-0.24704755062736988,0.8489855878929295,0.24307600103854132,1.2386603898814303,0.6458544911253847,0.24588856430318676,1.478784490531866,0.5998129799779583,0.25767457993822124,1.3453476365419548,0.47967654965343187,0.3923836978194759,1.17330868261617,0.6728294467240363,0.46848518904147823,0.9643007023490359,0.8223528147333232,0.5888556287945712,0.7432728865486576,0.9410270946665682,0.619735461039072,0.6040973874398329,0.9713054299568349,0.6458956244694145,0.5984027013786116,1.0041416762371003,0.6107041420739896,0.6187797457077684,0.9868728538706029,0.06617638534946099,1.1855165704281552,0.6441342170370193,0.0037226419794650556,0.9604540639122882,0.7600670124842193,-0.09314449029842636,0.7335267861064609,0.8856606060515292,-0.1436423460329134,0.6248778351280687,0.952624149051674,-0.17665248775989384,0.6165135143335768,0.9486485378015352,-0.1494691564735005,0.6100692593196398,0.9264611652040331,1.0212765957446808
0.31831140502843036,0.6610163683285022,0.7063577500452799,0.2931048163432918,0.23423843944974526,0.6733859175913506,0.2816471993971933,-0.19038704671176832,0.7906320800433287,0.26954865366285824,-0.17644915319534704,0.5708696381241187,0.33534316493844485,-0.1964433066076114,0.6309624506290766,0.27351123791359994,-0.2688400734308094,0.8549084298245465,0.1007296792880801,0.672814087361925,0.7167692570809323,0.11192780283123073,0.21475950454982615,0.7152605101561891,0.12121312577413139,-0.16844857222454906,0.7692650504340154,0.12023131776953919,-0.17305987035796547,0.5785434128358244,0.0763863760459005,-0.19549581182007508,0.6499332449835199,0.1414894291385779,-0.24811454285946322,0.8480416213233463,0.24239731996512798,1.2374602603777012,0.6455178712626832,0.24520847701744383,1.476320194898677,0.596852427643019,0.25829040247122037,1.3432339702516911,0.4813422016339427,0.39163813580887474,1.1716817990575836,0.6707494227208275,0.4683407413617645,0.956436184979613,0.812335075293833,0.5973052653989133,0.7274270604678063,0.9163088423249133,0.6334106313421498,0.5877608748235591,0.9346147311760842,0.6590123968015265,0.580184223755592,0.9667931104204474,0.6225013878343533,0.600668862038191,0.9567324232559771,0.06524678786371838,1.1830067518123482,0.6427935852613216,0.003116541233739897,0.9516121864652678,0.7535503536106926,-0.0910601516598714,0.7208836238029667,0.8734574615806858,-0.14311513130469228,0.6121969759063925,0.9256180115444272,-0.17507953884447847,0.6031476692015207,0.9217328966028171,-0.15087803035546385,0.5960884150853036,0.9068281682321936,1.0425531914893618
0.31829073917331935,0.6594360552876557,0.7090550544104604,0.29273234118228386,0.2348952428432502,0.6706684961837165,0.28149250668984266,-0.1886375235810388,0.788322183325442,0.26906295425471105,-0.17576441203087975,0.5703110662993893,0.3339801086127862,-0.19533871748915127,0.6274650840798401,0.2731737566291257,-0.2678939002833139,0.8536615243945087,0.10056945092052151,0.6711007240180739,0.7176166718959202,0.11271557164282457,0.21418984491399462,0.7127720826426968,0.12036248381640743,-0.16902854725527566,0.7675813773251835,0.12053864946738163,-0.17209807128919463,0.5762027821695854,0.07679744572969838,-0.19508302582368925,0.6503660021785638,0.14082413785710793,-0.24905306614361125,0.8466981451800588,0.24178970210820108,1.2356070849926941,0.6465025316919759,0.2445810651702372,1.4737227793320486,0.5940209760207203,0.25895171421681956,1.3409261084192403,0.4832729492752661,0.391264293056528,1.1698891722786262,0.6685889841573531,0.4672450674747647,0.9478147989456601,0.7980106999592695,0.6027337812883424,0.7092301000816372,0.8859699666706133,0.6450239657867121,0.5720160789322335,0.8904149592881978,0.6698085852889786,0.5629332134154645,0.91886738405179,0.6325900311800992,0.581000115163407,0.9194672982547432,0.06449167335266252,1.1796306762025877,0.6423834612616875,0.0025514004556239644,0.9403811126326866,0.7462386789713644,-0.08914196689769817,0.7059894319068325,0.8536923046807081,-0.14146898736899144,0.596331188272318,0.8886594149946465,-0.17325985677524475,0.5861654557180758,0.8856268381237106,-0.1510389359040953,0.5790361693081965,0.878594967745134,1.0638297872340423
0.31845976370052914,0.6583953526099416,0.7121063696458165,0.29253860396606507,0.23566453883490016,0.6686942634963232,0.2813154695548752,-0.18705934123172174,0.786129419269361,0.2690161161438,-0.17597152736580862,0.5697750973330202,0.33244967042478685,-0.19436297675023467,0.6243996791762869,0.2728740274893227,-0.2670617373229258,0.8524636417617966,0.10040018195259184,0.6692441017299452,0.7184938330678433,0.1134727731042557,0.21422795856870191,0.7102056994413569,0.11950051848566393,-0.169814564025497,0.7661318262384861,0.12018818116509503,-0.17081769786648418,0.572800390384266,0.07649234018712214,-0.19443660875976126,0.6506982084437875,0.14011435137042258,-0.24995866247691165,0.8450950023249794,0.24125846200108558,1.233279119223205,0.6481290019711071,0.24407569887913869,1.4711310425572186,0.5921117514125308,0.259591162626104,1.338520033692003,0.4857730088573952,0.39086940029349637,1.1680013005522092,0.6664652294642665,0.4655066995506961,0.9392600277158076,0.7794286416297644,0.6049374909589184,0.691313191879504,0.8497822561989178,0.6536353819840093,0.5602799243144123,0.8384669626783509,0.6781363542858481,0.5487918151685052,0.8638417491461582,0.6397781029201716,0.5627770875153009,0.8771721772422276,0.06398466789020531,1.175442217222848,0.6424897509061774,0.0019503905866843146,0.9283829419715107,0.7390682270852396,-0.08723280190358734,0.6904115792667234,0.8252480289795203,-0.13768002723685668,0.5783045351947561,0.8461788815241071,-0.17051370028082502,0.5675119484971278,0.8433731753442658,-0.14851670263882422,0.5608721778315725,0.8443493649502649,1.0851063829787233
0.31871878823179883,0.6576799716783595,0.7149701873522997,0.2926317128219114,0.23656755867986204,0.6670937496488417,0.2810520093518397,-0.18599568161789393,0.7840018800624249,0.26971936066143243,-0.17792922275761233,0.5703060489570747,0.33124639025526514,-0.19393485112262848,0.6228035834808271,0.2726555181912744,-0.2663443213387329,0.8513899110806782,0.10034809693710248,0.6674558899553371,0.7192620303210321,0.11424843575305112,0.21456832983805668,0.7074799496791395,0.11867810338173596,-0.17084553976312622,0.7648976392289685,0.119749718582827,-0.17054840659772189,0.5702303967303396,0.07591900002370036,-0.19438062729823485,0.6508062865729147,0.1394201585809807,-0.2508095853490453,0.843387881751848,0.24051867346771733,1.23061880718143,0.6503460431236303,0.2437438841462926,1.468491193693467,0.59151207161798,0.2601122039666383,1.3359851793239566,0.4891355705107402,0.39049439162426647,1.1661383646095393,0.664427760675596,0.46354887860053173,0.9316429061572993,0.7572701767036643,0.6042946233600447,0.6764411841596861,0.8092973647806837,0.6597309875569706,0.5532794338152222,0.7808431452059421,0.6835315397730798,0.5388602597079536,0.8043222927765603,0.6436617265680387,0.548557451871692,0.8301990393090011,0.06372362795666243,1.17088536740672,0.6423713262872237,0.0015593068495755014,0.9168780015695087,0.7326596141898838,-0.08412808442967656,0.6758768287182496,0.7892427493937875,-0.13051547593995996,0.5603985613750502,0.7992061850779874,-0.16542673193636842,0.5492888848262026,0.795718103090892,-0.14233327566517245,0.5438478966212262,0.804400328295319,1.1063829787234043
0.3190626002793579,0.6568806577174304,0.7174848809465884,0.29291541928383913,0.23734252698162386,0.665620877511488,0.28073295605621784,-0.1855196734266539,0.7819681451459377,0.2709269474476003,-0.18157366078682438,0.5725423810320355,0.33063536054698117,-0.19429277008609044,0.6229820877699757,0.2725461388242561,-0.2657690546988255,0.8505812481444696,0.10048504142066407,0.6658403818881118,0.7199412159981565,0.11507529098788497,0.2147166162213904,0.704896736588259,0.11794375465128357,-0.17216719583236278,0.7639560043710124,0.11998738687247135,-0.1717959219934538,0.5698832775911102,0.07553184967247616,-0.19529384254458804,0.6507650243087139,0.1387723770245037,-0.25160830805336426,0.8417101549205557,0.2393313187631843,1.2276018458205855,0.6537719789234792,0.24345422624350677,1.465575850750791,0.5918150685738026,0.2604037366277853,1.3333963484802887,0.49316713370981324,0.39036088323281903,1.1643332478920843,0.6627939897320276,0.46197780115562515,0.9252416710718135,0.7333653688329744,0.6006580072992502,0.666378764718691,0.765914690661125,0.6635937785537374,0.5496463931261164,0.7221740691593234,0.6859442791971042,0.5333041572581977,0.7426841530825161,0.6450456152337585,0.539753083205005,0.7779781876395545,0.06365360593093865,1.1665493470171449,0.6420630566142599,0.0016702885282277417,0.9067580684554479,0.7264312598532332,-0.0783409246332273,0.6641116399852983,0.7478276364996099,-0.11947225252771305,0.545600587075964,0.7471128837409563,-0.1566553218954778,0.5334911637364828,0.7427272944101907,-0.1324822145943068,0.5297953315041319,0.7588777712107255,1.127659574468085
0.319506919149542,0.6557655601052033,0.7198538772283549,0.29321155736330534,0.23780723317363048,0.6642459041420754,0.2804622029252291,-0.1854559577095835,0.780118189691088,0.27222673463201214,-0.1860862974108141,0.575936795706876,0.3308078706221224,-0.19539859364653936,0.6247701757610904,0.27250824022968567,-0.26540988922855285,0.8502008617910448,0.10075356163173985,0.6641490601158493,0.7207554434573435,0.11592014940201278,0.21447828315969486,0.7027405841342647,0.11732843550353977,-0.1738096624507635,0.763317553648723,0.12147487202073781,-0.17414050298923878,0.5718467402284452,0.07546162197407005,-0.19696250594406173,0.6506616128685107,0.1381646546865697,-0.2523172338385397,0.8400867320815033,0.23774786803077969,1.22431269234069,0.6585802094387353,0.24300035289219885,1.462400543541025,0.5923089682947424,0.2604249270580839,1.330892434452317,0.49732272637860486,0.39038296334675526,1.1625545331744678,0.6619866893692845,0.46121171777667,0.9198680219615152,0.7108791240491312,0.5937669697169274,0.6617729666452437,0.7196780050178373,0.6641785631220603,0.5481258074790277,0.6674025679473715,0.6860311410317781,0.5320649046938729,0.6810547304257939,0.6454402461140104,0.5372166771085789,0.7210451515447425,0.06361397549632597,1.1626956166802247,0.6423156256447855,0.0027591211286443432,0.8990870718109898,0.7188752288225473,-0.06879893471309906,0.6564838336539093,0.7027922885855493,-0.10545532352252486,0.5362747520904128,0.6906343326796768,-0.14382313888309425,0.5222419937745555,0.6848618476334132,-0.119705494758893,0.5198622043339889,0.7102251875367013,1.148936170212766
0.31991597767887203,0.6543663861642632,0.7222264411870241,0.293480762519844,0.23810026071456453,0.6629918272990142,0.280299905975858,-0.18551464620786676,0.7784974411739422,0.2733417881105197,-0.19070285938333276,0.5796905910581096,0.33190953606473017,-0.19698063059169224,0.6275352131436445,0.27245145945902405,-0.2653220259697406,0.850225260753112,0.10106119612336176,0.6621715008363462,0.7218047094145088,0.116760676336574,0.21414930915512362,0.7008052677315495,0.11684735594873105,-0.17567954599027422,0.7628162351176518,0.12412750888516802,-0.17723347167475476,0.5757025126020516,0.07560602769800016,-0.1990906177354871,0.6505079307773838,0.13752080992014834,-0.2528452453710925,0.838378515744527,0.23593955583324977,1.2211316174076696,0.6639212960934312,0.24234935624273643,1.4593739730752693,0.5926706716089283,0.26027589023024045,1.3285599702278061,0.5011055185587501,0.390187731036772,1.160957741297263,0.6621575545426939,0.46123193419887343,0.915495136386577,0.6931803678081476,0.5845978343829056,0.6620682152700932,0.6716518406659735,0.6603962689340643,0.548528803120103,0.6196054650699542,0.6847556243629626,0.5347336336008547,0.6223779579681638,0.6457655359428818,0.5414497804892814,0.6619865093740691,0.06336982060347918,1.1591793616781,0.6435054937422691,0.0054231302197598275,0.8948419730235163,0.7085399162410948,-0.05588651256946585,0.6529448136047497,0.6567937552408823,-0.09030594951581744,0.5330889482660827,0.6323732909522796,-0.12767909272904743,0.5171090529068945,0.6235655392354791,-0.10497126142674323,0.5141259272181893,0.6628844701431356,1.1702127659574468
0.3200967038168698,0.6527603046543013,0.7245404065262959,0.29381500861559,0.23838112403908546,0.6619156220882405,0.2801915720540668,-0.1855490300415711,0.7770584115443105,0.27407451575438907,-0.19479351256303495,0.5831301519396399,0.3338119921086168,-0.19869592087430143,0.6302801512832148,0.27232258776341406,-0.26553009569611075,0.8504203132460728,0.1013760840360983,0.6599652308646062,0.7229972714869604,0.11763724151265523,0.2141893113304674,0.6985556560681214,0.11651138446673136,-0.17753750733850587,0.7623629421078258,0.12719702523089138,-0.18125706809372663,0.581090653962776,0.07579694299160794,-0.20150665174166868,0.6502847479729517,0.13676374278845782,-0.25317544812382226,0.8364752991502582,0.23391461899637953,1.2184651789516623,0.6687458548845421,0.241618821440239,1.4569366251594114,0.5929913788013349,0.26009373334776087,1.3264386768107042,0.5040177004012497,0.3894473054381354,1.1598317248619427,0.6629161097422167,0.4616756752963481,0.9124926807930981,0.680975285048883,0.5752902543072179,0.6658473443080744,0.6257171315389811,0.6532745137144169,0.5512753216656285,0.5790434791269501,0.6830521683545439,0.5405634700425581,0.5692585621869081,0.645722509592659,0.5514144503328448,0.6044018278846429,0.06276510930441359,1.1558512338296625,0.6453127349806584,0.00982723407589761,0.893897367774787,0.6946717596342243,-0.04124387726463394,0.6519924999223201,0.6135091828466637,-0.07537750207869662,0.5358267260323107,0.5742720068621299,-0.10969855653378197,0.5184190937946906,0.5613214591959712,-0.08924361852908705,0.5118574494171457,0.6197526203733473,1.1914893617021276
0.32001407374772406,0.6509931717627583,0.7266613842222687,0.29425390413810276,0.2386617314021598,0.6611159275398363,0.28002690426485966,-0.18565912863016149,0.7757548215963129,0.2741890481804612,-0.19763720000603494,0.5854214987160793,0.33580489272819697,-0.2002093622902049,0.6322704751248961,0.272187864835803,-0.2660065616061613,0.8506115247026528,0.10171893776233387,0.6576846964984413,0.7242566822774823,0.11860883508527045,0.2149021711936251,0.6956850985270738,0.11633000724969418,-0.17914370536139718,0.7620787808315315,0.12968808034088225,-0.18607634833405287,0.5871300752683208,0.0759400660711532,-0.2040295787975168,0.6501960033532902,0.1359204732521763,-0.2533729320216552,0.8344729113214184,0.23152552354670647,1.2162223169875674,0.67287497632547,0.24093863881175728,1.4551808496968257,0.5933727053446167,0.2599119138251874,1.3244134858626728,0.5056892831301816,0.38807981520304624,1.1591659129869085,0.6636306135898858,0.4618144132987647,0.9111039060027031,0.6712945947827623,0.5670977731276216,0.6722697451904609,0.5852303959987613,0.6452789649527177,0.5578159226927957,0.541332070860726,0.6807445463171361,0.5499997023437949,0.5197914209997815,0.6445795105404487,0.5647513340102248,0.5496290914380105,0.061839864254249144,1.1527559716833635,0.6473394923115652,0.015547129278094549,0.8947523508803161,0.6779398853509682,-0.02597721233049475,0.6528152144547887,0.5751719581663476,-0.06020103618283125,0.5449654494742675,0.5155246550051226,-0.09104545820462764,0.5257229232311613,0.5006393303216874,-0.07263558765373314,0.5133668976891159,0.577572688590538,1.2127659574468086
0.3197641076342702,0.6491336128701081,0.7284958585226828,0.29471423669696706,0.23896734902116148,0.6605571048556436,0.2797034862495959,-0.18597074583235562,0.7746419777338192,0.27350350060101053,-0.19863053154680202,0.585830030635137,0.3369025732967975,-0.20124407755667706,0.6333443487240517,0.27209757235927406,-0.26662599258056974,0.8507480982045565,0.10212366271499952,0.655453196542205,0.7255644355969735,0.11972864588313159,0.21646458332262072,0.6921629469220896,0.11629845423587351,-0.18041904433678693,0.7620936715066016,0.13094037898988592,-0.1903341602193791,0.591936003877007,0.0761227957662593,-0.20623746828899717,0.650537365682437,0.13509851121278238,-0.25343433582295527,0.8325123345411923,0.22876064899626158,1.2138272033248536,0.6767908735506194,0.2404078631363335,1.453877814757635,0.5937892388107515,0.25974950279163567,1.3221965725831069,0.5066642755317192,0.38620090391916195,1.158611811692865,0.6639398139030133,0.46076060636572713,0.9111642841613308,0.6607536834689771,0.5586855892586575,0.6817471136572671,0.5501797625882505,0.6368870767756714,0.5707499253382087,0.50069762988963,0.675851154043704,0.5651793050842856,0.4702363602737718,0.6416550189401606,0.5805290357694107,0.4958020934009355,0.06079217476419047,1.1499762342322348,0.6494637009421047,0.021994311999065392,0.895712831581231,0.6605734928352668,-0.009949235633355025,0.6568393863167993,0.5413189908677789,-0.04328306270808509,0.561660862391987,0.455090710296687,-0.07155844880006992,0.5386421538781332,0.4438362776836058,-0.05383130202744675,0.52073779003828,0.529621430199837,1.2340425531914894
0.3194664415511855,0.6472083822486543,0.7299995867532032,0.2950900465764257,0.23935996470160234,0.6600682688600696,0.2791381944784139,-0.18642570046951856,0.7738036474420935,0.27215731603762505,-0.1976518663346945,0.5839585421515538,0.33671875565610065,-0.2017625691925618,0.6336102675197031,0.27190597702391345,-0.26720915337865137,0.8507162427799043,0.10257998770532788,0.653295795338457,0.7268954435802957,0.1210359053301446,0.21892574389505123,0.687899216041673,0.1163867536757377,-0.18139153410420827,0.7623630084030838,0.1309623536566338,-0.19228975332409043,0.5935332696151678,0.07641967712134543,-0.20748507125659127,0.6510582456295788,0.1343736714940813,-0.25325278965023273,0.8306101762697468,0.22589149610221265,1.210881148100861,0.6806769515920352,0.24005498713545717,1.4527529652928561,0.5945071534403734,0.2597122123748327,1.319631176785765,0.5086484448421988,0.38395961257983136,1.1579582374813127,0.6637880406823032,0.4581916810869477,0.9125658539548924,0.6490655542793877,0.5475234443108714,0.6951355638883254,0.5194323569477368,0.625623056582889,0.5923162836169872,0.45643894652609435,0.6661235198439639,0.5880038834292853,0.4214593298491711,0.6359024469798523,0.6001051819763443,0.442702680244183,0.059872748790245324,1.1475921386172583,0.6516192593812791,0.0286682356552075,0.8963309094614357,0.6449435395898249,0.00738082206384722,0.6663692713393695,0.5092982930203215,-0.023840204065667857,0.5862686616155307,0.39502381802796227,-0.04972691974042259,0.5577279232519303,0.3918172544485544,-0.031112121123283612,0.536196439205577,0.4739318550313111,1.25531914893617
0.31921014612487053,0.6452305265708904,0.7311447670347848,0.29534404937915454,0.23970174347762344,0.6596409454565542,0.27831259828029653,-0.18685455643273555,0.7732540330831421,0.27069055963803657,-0.19524052312337148,0.5800015012028042,0.33566364992125197,-0.20188937864076076,0.6331355298307486,0.27143504222854675,-0.2675860457568584,0.8503663578556004,0.1030383530376143,0.6510640681412435,0.7282651383437366,0.12246902524163544,0.2220959259755732,0.6828541710427691,0.11657269397420382,-0.18204098847458555,0.7626912846273834,0.1302039552889533,-0.19173014954932308,0.5914318748130187,0.0767003085781154,-0.20745643893204313,0.6509324323182908,0.1337487844741973,-0.2527946884183382,0.8287646617028683,0.22332806660222582,1.2075331685985704,0.6843947606782255,0.23983592747331345,1.4516386721314707,0.5962887369416484,0.25987804675666937,1.3168579199662054,0.5133002614738068,0.38158125655474673,1.1573204679683347,0.6634759603559257,0.4544086069049402,0.9154578279735395,0.6384046501542133,0.5331281523097502,0.7131935969113308,0.49293281724995247,0.6096077159152165,0.6238765446555362,0.4103947171474891,0.6507771937037963,0.6193200336873094,0.37512917237617893,0.6256558333014868,0.6247612698883884,0.39476774560695393,0.0592863576338616,1.145715992153266,0.6535256964472325,0.03495400668089353,0.8975100473389854,0.6326012807182246,0.0262831491180906,0.6827435014606982,0.47601872710852217,-0.0011955393394109768,0.6176025775113877,0.3393602396116323,-0.02387544214546071,0.584749287628523,0.3424278779699297,-0.0040151836028710815,0.5608558612474159,0.4145534903957765,1.2765957446808511
0.3190135299105545,0.6432647131156135,0.7318908823038754,0.29550888365928984,0.2396596743011836,0.6594812843905299,0.2773061048484433,-0.18712659278832028,0.7728930009352866,0.26964463013938844,-0.19242167406467758,0.5753442513296388,0.33438143663062314,-0.20150544623834898,0.6319609721622784,0.27070692596612095,-0.26762628125022336,0.8496244823978011,0.10350468517598824,0.648645540973948,0.7296811998242302,0.1238604318139368,0.22558534703091107,0.677419617736974,0.11685952773912325,-0.1823597183351979,0.7629425354067165,0.12908749425917207,-0.19000457805287668,0.5871844547439297,0.07690969359263819,-0.20645093794478095,0.649559114862114,0.13322687479308803,-0.25219508402243385,0.8271259108067303,0.22135792827271433,1.2041350513761084,0.688213878906201,0.23971820133558258,1.450450056734216,0.5996254608330682,0.2602198890120008,1.3141788112491455,0.5209643188888973,0.379626818070246,1.1568570906486415,0.6636969366234649,0.44949213641989655,0.91966276927177,0.6304351488096203,0.5175639107905147,0.7363065026307619,0.47099156204890513,0.5903797600701377,0.6660037709433799,0.3622721545563554,0.6302467682775568,0.6594165850750339,0.3289203287050693,0.6091598190616103,0.6547422570388385,0.3555722058791427,0.05905161555378094,1.1443872799087764,0.6547189472723485,0.04004673184422846,0.900187901080274,0.6246784209498659,0.04633994321519949,0.7061268288615781,0.4412758869526542,0.025889992027575026,0.6542584286011914,0.2913399808559395,0.006481493361604167,0.6212774685943152,0.2939764643062119,0.02607008677432874,0.5945888975081234,0.3568766053695996,1.297872340425532
0.3188845607298002,0.641297913467538,0.7321513630194658,0.2956772967626243,0.23908322903816254,0.6596922917355481,0.2762455685940546,-0.1872205979632104,0.7725331909620636,0.26909812337367456,-0.19003781597905564,0.571825553994278,0.3333135252269734,-0.20026402899020732,0.6302704426226197,0.26986633963479384,-0.26731544190351675,0.8484588885891098,0.1040149168072465,0.6462138025474014,0.7308911547675756,0.12504760284067465,0.22893832105041054,0.6722680601732817,0.11718940164268166,-0.1824752105679801,0.7631211925832245,0.12794730423466158,-0.18806072780481017,0.5831370862802666,0.07721285403441028,-0.20490253081493767,0.6470277606860045,0.13283687846736172,-0.25164123659416565,0.8259121262506827,0.21993785899586488,1.2008451306060555,0.6927875432594488,0.2396831461857462,1.4491138381776227,0.6041426180516181,0.2606792358007836,1.3118923290217472,0.5310463295291717,0.3788043365195701,1.1565221117253726,0.6649228143738886,0.44305089961501576,0.9239132983587328,0.6254524425801684,0.502440684888114,0.7640485174442038,0.4536855670992028,0.5707277355617585,0.7169051214809761,0.31454171357722527,0.6053378392752611,0.7069787103152517,0.28335550638233076,0.5859806733533652,0.6899951949201292,0.32339671497301814,0.05894402950394738,1.1435138636012936,0.6549600459906978,0.043334582106687156,0.9038221456958804,0.621610206414006,0.06647363082622676,0.7356979032792689,0.4084256581397015,0.057238653322789934,0.6963179187032561,0.2525804338054548,0.04037629481449641,0.6668982421708205,0.24982409283640963,0.05703337987324768,0.6361928673603534,0.3064984448965827,1.319148936170213
0.3188874679665812,0.6392589229352718,0.7318460006181482,0.2959769407362284,0.23817354767669818,0.6600840311220766,0.2752661372475404,-0.18728137698580485,0.7721445282860009,0.26881564098754185,-0.18824355049341143,0.5699925291521809,0.33262993908809013,-0.1981495110243211,0.6283414404993163,0.26906361192258565,-0.26687909105766316,0.8470740827618141,0.10449072534385831,0.6440231989696983,0.7314931754680878,0.1259152215462727,0.23184594105860076,0.6676518705616394,0.11742860429568382,-0.18254059720594076,0.7632317412681626,0.1272517261091854,-0.18566513879394483,0.5804550342198432,0.07768886609653367,-0.20304136610907783,0.6438776700138872,0.13255765684787404,-0.251229341785643,0.8251107621260027,0.21876288599343297,1.1977322687692231,0.6980544245138781,0.2397058187146994,1.4476900171134366,0.6089654043866615,0.2612012570745796,1.3101003028289948,0.5428091135633902,0.3792434211142296,1.1561435668605682,0.6668212206773327,0.4349586653194919,0.9260017597313553,0.62433080160948,0.4872635999317295,0.7953017253599614,0.4411086043663472,0.551344519841904,0.7722226631408025,0.27480197788988703,0.5774256628564832,0.758703049122616,0.24535255025198804,0.557781338985384,0.7300501654814864,0.29523535250735283,0.058647249653273115,1.142910121774481,0.6545541314492928,0.044715117003144025,0.9062870410332777,0.6223275582036536,0.08582857635820676,0.76968431121658,0.38155811176251814,0.08986268542644496,0.7445735765344075,0.22511122493418317,0.07596881305536099,0.7192996655454194,0.21662133622088778,0.08746115006142816,0.6838785288420546,0.2704099738376403,1.3404255319148937
0.31907842508772344,0.6372859867680708,0.7310963832095638,0.2964793020377718,0.2372752085731335,0.6603475283554342,0.27448166969266663,-0.1875657045195933,0.77197417026045,0.26871408602985924,-0.18691048668595142,0.5692471159355857,0.33238895643943245,-0.19581855232049586,0.6263232083269813,0.2684497969222226,-0.2667337957909936,0.8460193577269295,0.10477251021664896,0.6421409266024248,0.7314350232652416,0.1264343567684465,0.23429931726847691,0.6632864101757376,0.1175086563572296,-0.18260745197657685,0.7632752573353366,0.12734337729733278,-0.18252054460539588,0.5787148097342804,0.07814594514214357,-0.2009705355688882,0.640679854434648,0.13232057337038794,-0.25092648629267067,0.8244635971530124,0.21755329950791719,1.1950371690712194,0.7027413580255516,0.23980869543142977,1.4464396695885164,0.6132628365424277,0.2616689882786831,1.3086801381047268,0.5549747081252665,0.3802619888183023,1.1557505331831912,0.6686037691978057,0.4259668790079744,0.924223630081065,0.629185534674771,0.47147364471401276,0.8279667642600529,0.433511430019872,0.5307944826774885,0.827695593985641,0.24811924789785506,0.5485168887304233,0.8113943190698576,0.22011562591227685,0.5272054865616064,0.7738833301302815,0.2712942482597098,0.057983272625872107,1.1423009442762182,0.6539726716319165,0.044528372588000034,0.905771710188069,0.6246037927116574,0.10372721721959788,0.8053215909095887,0.3641861423817606,0.11945679552969153,0.7978234139729421,0.2133148375856211,0.110904207417901,0.7754268822226643,0.1996252382433339,0.11658390075768504,0.735156858305027,0.2544116174862345,1.3617021276595744
0.31941177576857455,0.635716827280163,0.7302819879832898,0.29715909036884913,0.2366077246511675,0.6604504964250903,0.2738904980625475,-0.18815607950198782,0.7722094229947987,0.2688661621211166,-0.1860746966826995,0.5691542231445706,0.3326414659286927,-0.19416039434561375,0.6242461757408181,0.26807293247411695,-0.2670664631556225,0.845572913157087,0.10478754311070206,0.6406153917255073,0.731034891218018,0.12664818005392892,0.23637763378566518,0.6592126906011349,0.11746116616900278,-0.18262791107669035,0.7633072021663566,0.1280503235909206,-0.17921786186947616,0.5773440192040578,0.07818659035548103,-0.19876924579982258,0.63781296450859,0.1320672259565011,-0.25064465330157387,0.8237541750812718,0.2161988548263432,1.193154629058201,0.705384154964368,0.23992513259971127,1.4456086864463649,0.6166180159603397,0.261883297724609,1.3076842472438086,0.5656356995322359,0.38091112312290554,1.155596157539951,0.670013571613316,0.41745509036196093,0.9185609518878927,0.6405622919398865,0.45595139949070534,0.8587994377254219,0.43093927323433284,0.5073913409603011,0.8806483613788996,0.23421827384836663,0.5196889958458216,0.8632285458454073,0.20761087029973263,0.4959639379851862,0.8200205144017282,0.25528686306872983,0.057012715384084964,1.1414239257415733,0.6533859048326676,0.04331584334296932,0.902600716359095,0.6262403991161045,0.11876863905278134,0.8396188415195948,0.3588362820324337,0.1426017211683593,0.8527730529052487,0.22060952480467216,0.14220174647890754,0.8322446784210296,0.20103754649901723,0.14336650732735742,0.7872751649156201,0.2588524889974162,1.3829787234042554
0.3197448570416744,0.6347507710319977,0.7298366454210362,0.2979516950514148,0.23612213201387042,0.6608406478195226,0.2733986605126584,-0.18885632516737574,0.7727830380963835,0.2692281869866303,-0.18564409055522815,0.5695219083550781,0.3332619029459749,-0.19346360249864336,0.6222476327458756,0.2678127331065371,-0.2675741140422156,0.8453304731939301,0.1045969830167088,0.6396574835009152,0.7305796390418657,0.12652611107175538,0.23798884038373497,0.6561482802671861,0.1173351236095772,-0.18246479317747705,0.7632825222823169,0.12885248629271379,-0.17685998443443227,0.5765011614875069,0.07751060836640075,-0.19669402849219417,0.6355733096840276,0.1317413638500402,-0.25031728782270923,0.8229205277645198,0.21467294433825407,1.1924907176476405,0.7053126086167835,0.2398013431321801,1.4453952721715084,0.619155565718142,0.2616700439686037,1.3075477607465409,0.573648321296959,0.3804752270306507,1.1558170553591434,0.6717719491009246,0.41071381458693423,0.9103760114583019,0.6551630995431024,0.441424022033051,0.8858599292357963,0.4326148092695168,0.4804105383364379,0.929922918854937,0.23273795878192655,0.48952657079617423,0.913293520051422,0.2082413686943424,0.46388525870330455,0.8666811025311096,0.25198232741366405,0.05594064333724991,1.1402743418369459,0.6528677161997438,0.041512849542479816,0.8985062108980132,0.6260267500506872,0.1294485763707945,0.8715360731633853,0.3654705098428069,0.15752675054100074,0.9068724547106627,0.24569416390745746,0.1669276227470805,0.8879054307903745,0.22061826460665063,0.16641721933236583,0.8394420675800293,0.2786255123973466,1.4042553191489362
0.31993533609671315,0.6344344213313912,0.7299964505550591,0.2987906632752996,0.23562932051766142,0.6620894876438795,0.27299634257796995,-0.18955054984253,0.7737147671408872,0.26969451324111876,-0.18533324736274587,0.5700693367402675,0.33383487551169977,-0.19332841854684557,0.6206402734412853,0.26753329309533985,-0.26783290781707036,0.8447831649512823,0.10431850706697048,0.6394889619372046,0.7301532512951474,0.12596834986970823,0.23899601487454092,0.6547435834835775,0.11717847974716265,-0.18197445679895446,0.7630054447482789,0.1292436346267908,-0.17592644783213396,0.5762765714358954,0.07628276630448429,-0.19523806978737976,0.6343540840634355,0.13132550489147088,-0.2498632361661191,0.8220309857398018,0.2130167238439123,1.1933607098636536,0.7027428081646857,0.23935552135356547,1.4460416924177957,0.6212497298774847,0.2610200572991596,1.3086056662326628,0.5795113361970066,0.37866796374587547,1.156456856974471,0.6746605714125427,0.40656176890552936,0.9014694847948046,0.6677809625947586,0.4271112127106427,0.9105527934260342,0.4378473650171552,0.4500001047292409,0.975882984130825,0.24546348512554603,0.45547321800252777,0.9616075664896313,0.22462143894449133,0.43010352692998965,0.9125533300771196,0.26297855605877724,0.055033058579464764,1.139210223798046,0.6525808388691627,0.03938272568114815,0.8946008793512257,0.6236150455304055,0.13528792678657361,0.9021333424506628,0.38178920270288486,0.16379288748555482,0.959196730258773,0.28469021543569617,0.1837052969116604,0.942242324659866,0.25617641503504335,0.18497721857958782,0.8927179831303859,0.30734676182411413,1.425531914893617
0.3199072656689746,0.6349805719406715,0.7306480555268045,0.2996155351596867,0.23510736405416707,0.6643820477857845,0.2727692909785059,-0.19030969388195693,0.7751828688435624,0.2702335539992479,-0.18511124953448385,0.5705007555342338,0.3340397057691778,-0.19344055332607926,0.6197785837793253,0.267205073750302,-0.2676508766628677,0.8438302948610835,0.10399456051761914,0.6401789208038651,0.7297012311560799,0.12495938679408924,0.23945764408076747,0.6550310422047826,0.11701520501131932,-0.18114043382743067,0.762437417003187,0.128973842996159,-0.17589850786570316,0.576116601052629,0.07498947116093849,-0.19474887213360043,0.6343247337388812,0.1308973689362376,-0.24917396683721146,0.8212547242882614,0.21138501010515592,1.195864346622913,0.6987839270865085,0.23878054487251538,1.447751901480145,0.6231601952645197,0.2601495500421393,1.3107299496134357,0.5844664972177339,0.37570422182113766,1.1576197994831754,0.6783182091823992,0.40556261032532737,0.8935153560054312,0.6755651321909114,0.41176693621422217,0.9352092804947992,0.4475172129476096,0.416533931519218,1.0186542517854806,0.2753351586427536,0.4172475111429903,1.008579518693236,0.2573883838066333,0.39513998343036194,0.9570320194250922,0.28520467241046815,0.05457475161761582,1.138846547499134,0.6525793281845376,0.03723136887201181,0.8910120876463055,0.6189703475873802,0.1368788939645145,0.9318784687522957,0.4050419026250982,0.16211531268593343,1.0088336456024143,0.3332019984607837,0.19297757713843594,0.9946830094349676,0.30460836215543136,0.19926689224250943,0.9465270214708181,0.341249867829635,1.446808510638298
0.31964132284849633,0.6366581458563665,0.7315043333764286,0.3004099975020078,0.23479711319160163,0.6674397650777876,0.2727553322794807,-0.19101159136581664,0.7769920649880683,0.2708148150298683,-0.1852538789247036,0.5706128099306638,0.33401667059871004,-0.19394782228495297,0.6198623568151175,0.2668560371251197,-0.2669559161252301,0.8425427346917835,0.10352870929024144,0.6416509881966014,0.7291711735968407,0.12359975665165387,0.23958240923997948,0.6566638939453295,0.11679492556636499,-0.18006379362061964,0.7618434550972683,0.12811432058183347,-0.17615646124543163,0.5755593958862896,0.07393141459141418,-0.19512335733903202,0.6349387449077523,0.13052161949618724,-0.24821316822985565,0.8206406962448374,0.20984861350404083,1.199772865792251,0.6953827794834945,0.23798340604707502,1.4505738429530757,0.6249558656119586,0.25934083538153496,1.3135928238686942,0.5893707496760222,0.3720703675432513,1.1592168917102939,0.6817215638984218,0.40819663588458843,0.8880817766372777,0.679823045047245,0.3952597039641602,0.9600532524622039,0.46309423756523554,0.3808147890718971,1.0566149871467672,0.32364644623625255,0.3775371346964207,1.0532440309052051,0.30295413845990765,0.36098663458946945,0.9988974802440294,0.31465653294916,0.054681743817492495,1.1397975659721027,0.6528728619222939,0.03513634532002668,0.8880360588906269,0.6134293863607998,0.13552521297631404,0.959631379042113,0.4319984663416815,0.1545976882451765,1.0537323571867458,0.384598395549915,0.196035670313344,1.042854585892108,0.36180924065136216,0.20944584734091828,0.9974074316117738,0.3787890173673792,1.4680851063829787
0.3191790209411126,0.6393869910376127,0.7324471552045814,0.30122236820776793,0.23492559441427946,0.6708773037824566,0.27294014078036266,-0.1913008662933872,0.7784972112298357,0.27146490458974354,-0.18586268524851352,0.5705838962823621,0.3340524885314229,-0.1948766114177518,0.6206684074458967,0.26650991228888193,-0.26566592263676836,0.8408605918347889,0.10281475393074542,0.6438156579248123,0.7285599443291353,0.12202892412697229,0.2394615455218411,0.6594213910417458,0.11643367904286869,-0.17882861942542852,0.7614830007396488,0.1269113319590907,-0.1767393920484472,0.5749985715070836,0.07314447998119714,-0.1959817563541557,0.6353392159572717,0.13013446371619575,-0.2470133222939071,0.8199352037105909,0.20833540005436096,1.204597837911167,0.6944374647323273,0.2364644466094803,1.454337103440786,0.626645423746691,0.2586615279729173,1.3169798333144787,0.5944451088451788,0.36818571707852343,1.1608913468827318,0.684951647506477,0.4141973111352669,0.8867019641738966,0.6833429917473834,0.3790584362559314,0.9835940535843223,0.4846539010832981,0.3450533691239942,1.0882032688659844,0.3854720752288756,0.33959581663800537,1.0930005165753198,0.35475592270674494,0.3293500466566707,1.0353759758376926,0.35001451913414894,0.055102967070478126,1.1423649371232616,0.653580940157842,0.032535702492303364,0.8866147149014069,0.61044538325665,0.13238861424250895,0.9842286844149555,0.4590794903338561,0.1442884412318196,1.0913867316783767,0.43115548056169894,0.19402556951998945,1.0843616994996437,0.42129994697573603,0.21480790660174182,1.0411633143304881,0.41805330199143287,1.4893617021276595
0.3186481295480973,0.6428496578298849,0.7334591191082143,0.30207029251587286,0.23544554317722755,0.6746647022065942,0.2733456962301305,-0.190991928270335,0.7792841891964468,0.27237439691815346,-0.1864984298068967,0.5708709239877684,0.3342153948636205,-0.19568168340848982,0.6217507835453053,0.2661894432730711,-0.2638278236889694,0.8387246557029456,0.10189238783510732,0.646714095332195,0.727800439735002,0.12033021893163806,0.23899083806553456,0.6634227414821026,0.11589788706176839,-0.1774425389929799,0.7613956664306387,0.1256424754096367,-0.17785502156888558,0.5754658032386004,0.07272381414059492,-0.19687410145770862,0.6352240032412936,0.1296544317546614,-0.24558199986359353,0.8188282468707123,0.20694658255953036,1.2098541152311997,0.6966758494353438,0.2339343049237289,1.4588078821746246,0.628362025018145,0.25797890116540867,1.3208709964766345,0.5995090003068313,0.3643366007905833,1.162424384142639,0.6893846465354275,0.4218139533680045,0.8901338723113735,0.6875002727152617,0.36552350322018734,1.0040554819071352,0.5106234296828792,0.3127809774700842,1.1131043076769176,0.4513037680845413,0.3060782144148703,1.1250001605219226,0.4067821053954692,0.3011993694207187,1.0632708172969823,0.3910153580043702,0.05516151698472232,1.1465292099184727,0.6549263706131845,0.0286775524101541,0.8875750928493968,0.6129252875666588,0.12742784462940226,1.0055369606043587,0.4840208025554504,0.13335798809373298,1.1209123887651589,0.4683717828951045,0.18738655280138433,1.1182994732300142,0.4761135094063528,0.21438084385979228,1.0747611512917714,0.45700462009680887,1.5106382978723405
0.31818553597640553,0.6469178541868497,0.7343647651432883,0.3028239137253774,0.23611318691691177,0.679095505589453,0.27399938112400246,-0.19021052305303257,0.7795438426790964,0.2737039009446016,-0.18674968973127282,0.5718743388461596,0.33451443625626376,-0.19586117263926595,0.6231851963810279,0.2659328616841174,-0.2617878193696237,0.8364161057428893,0.1008875240208552,0.6503889603175618,0.7267941264150468,0.1184841391632825,0.2381040848834467,0.6688735338468762,0.11521085122901972,-0.17593683126078222,0.7615142891083986,0.12452466094657286,-0.17923337605261108,0.5776287288504117,0.0727921138831167,-0.19743236819027019,0.6348713517740943,0.12910510993754062,-0.2439301236725356,0.8172358923222537,0.20585452225308656,1.2152528240139713,0.7015293848086785,0.2306388752069296,1.4638686758065333,0.6302964712474629,0.2572515399204076,1.325242877093819,0.6044205275903836,0.36062251755567126,1.1640399172197284,0.6958757293488722,0.428639524452621,0.8975128192116363,0.6928692453857445,0.35630669727380265,1.0200359830079964,0.5386521189465969,0.2872161684960386,1.1311962585783886,0.513292478675083,0.27932768886230425,1.147284031609891,0.45667400492899557,0.2779037537892518,1.0807330386750125,0.43524669074765654,0.05401262118269394,1.1521784114000597,0.6571677051999036,0.023099343015562747,0.8905615790314596,0.6205425967826282,0.11976631815547659,1.0238626927516858,0.5061530197680222,0.12215979102371043,1.1437217006217186,0.4955870480293232,0.17669280425354095,1.1446131915300992,0.5217851947684763,0.2085830585151071,1.0972872735176846,0.49451012074699713,1.5319148936170213
0.31771712901125465,0.6516472486717994,0.7349266849401821,0.30331897590491297,0.23665509601051746,0.6842710410632514,0.27481883510767696,-0.18923824397559275,0.7797642208515226,0.27544534496423156,-0.18715933050830294,0.5742700018764054,0.33504629355451154,-0.19569671137234163,0.6255085843748993,0.26576144186848666,-0.26002304831411893,0.8345383532268711,0.09983791673114727,0.6545998106839965,0.7256061588711804,0.11643666325542817,0.23687439646997835,0.6757219246818025,0.11440565559804795,-0.17446442243927213,0.7617717373504824,0.1236358915703605,-0.18039537650807877,0.5809345886447201,0.07321571158051192,-0.19756466332896325,0.6345951941252963,0.12854207028498427,-0.24212525118098485,0.8152271033836391,0.20475278071633457,1.2205972277601194,0.7076759893704674,0.2271131436277849,1.4693307182309208,0.6322159870460622,0.25659981027789136,1.329685755544472,0.6090982044721722,0.35685653088993374,1.166310676765281,0.7037160323458578,0.4333165863842933,0.9069479407105446,0.700331624914512,0.3515376437264303,1.0310850367282538,0.5660657132922658,0.2698341081449399,1.1426066048662542,0.5659473976049585,0.2609927432885303,1.159655704491458,0.5035718837252079,0.26097892473891104,1.0881859634317683,0.47850123210939355,0.051212861983851776,1.159119471753485,0.6602344307515169,0.015615454415624517,0.8939513173843805,0.6308549242054651,0.10935144321537565,1.038954165049506,0.5255912255965955,0.11066343954469587,1.1613699183155566,0.5142845432535375,0.16374367494054054,1.1633968039797138,0.5561651512181027,0.19982997339899256,1.1097864396786992,0.529367451213075,1.553191489361702
0.31690416801740673,0.6569370350474476,0.735025634953604,0.30358609791123226,0.23695051434426245,0.6899822555566192,0.2756305425718323,-0.1884797871519588,0.7803911615790672,0.2775378075585272,-0.1887881750442971,0.5788894944556827,0.33584970531026953,-0.1959535415496585,0.6288778627134349,0.2656375036467271,-0.25869041961165484,0.8333829350095032,0.09871534193316635,0.6590042275291187,0.7243364730789636,0.11419562135015181,0.23536672728259322,0.6836216975324695,0.11350684650812425,-0.17320973873119133,0.7621281418821425,0.12296914711416929,-0.18110187875160227,0.5840987936425562,0.07364314430588872,-0.19729299674509942,0.6345033815693497,0.12796411088762819,-0.2402755166769561,0.8129772723829105,0.20301026376795137,1.225533327166936,0.7136594945709527,0.2237661862936893,1.474728563364827,0.6335929007525403,0.25604463356223833,1.3335542268475014,0.613050257590139,0.35277703524873155,1.1696897130775095,0.7115794204242465,0.43581402204512065,0.9168625577968166,0.7100788713408108,0.35077570613417297,1.037687619561306,0.5893611947018278,0.2599655172474117,1.1483530874987382,0.6045346860655019,0.25129263444718564,1.163968801198994,0.5442202128486595,0.2507028849347382,1.0881656731387086,0.5165730900000536,0.04687132582017453,1.1668499300859674,0.6638737771314291,0.0067010335486422,0.8965813368677481,0.6413451732673694,0.09746231275016684,1.049958049890393,0.5423491261956843,0.09988531869207246,1.1739395916421174,0.5266850076497882,0.15083480648224404,1.1750319611254247,0.5781236470192741,0.19097729487953274,1.1138292143339055,0.5589467015380442,1.574468085106383
0.31547887070538566,0.6624463084041712,0.7346152509390484,0.3037871433364303,0.2371340534605965,0.6960282632622874,0.27633314968474193,-0.18833259525381665,0.7816765033776262,0.2798510805988423,-0.19196402270931118,0.5858155603399978,0.33682674016735414,-0.19710050312943017,0.6328711180323563,0.26553355186356165,-0.2575760077560762,0.8326589764741363,0.0975788964359234,0.6635739524387458,0.7228150123930263,0.11184824276630974,0.23357661109377162,0.6921671341440356,0.11254536520612729,-0.17223886414364903,0.7625828520763578,0.12263823484550637,-0.1815793437001083,0.5867432196033707,0.07376210838195019,-0.19660595981046475,0.6345637897807815,0.127338103661227,-0.23852070373107387,0.8108136850367986,0.2005013346105316,1.2297436092429885,0.7183720018803845,0.22055513610733884,1.4795911652968008,0.634755754516431,0.25538125595715677,1.3366434505901297,0.6158844794236472,0.34841668383139257,1.1739921521118206,0.7190157049592575,0.4365000748986446,0.9262876788574389,0.720494871106467,0.3534284784933438,1.04111031501769,0.6044479578166282,0.25533706037429804,1.1502389301121936,0.6268909741631417,0.24861992047878373,1.1634142504521352,0.5743609747093508,0.2459620575927041,1.0842843129918924,0.5465050655759586,0.04127622780334972,1.1745294128202666,0.6683291797384578,-0.0022959954387921262,0.8992045286531747,0.6495828151192137,0.08580275357244935,1.0570986688687583,0.554753914604327,0.09158569811438032,1.1816809445122716,0.5334103469001172,0.13950773740060793,1.1806896434416203,0.5875371823886961,0.18382131883496639,1.111787785167834,0.5792537624460041,1.5957446808510638
0.31351178700506754,0.6678396333149861,0.7336967183631525,0.30395680687959015,0.2373442101125212,0.702306001655951,0.27695777921576553,-0.18880275264507326,0.7834976840786914,0.2821327359908914,-0.19606537353182613,0.5942156219488747,0.3378195701282657,-0.1990381690193616,0.6368540184077885,0.2655001149499436,-0.2565570532982634,0.8321202835831971,0.0965197906264185,0.6683595569066753,0.7208663820059106,0.10950065084996811,0.2315065119256856,0.7011149477710065,0.11155759692561248,-0.1715228649225073,0.7631360277064487,0.12283841620907907,-0.18241649998072915,0.5897229425444446,0.07353947886740717,-0.19569549522413227,0.6347093863529929,0.12665978012806242,-0.23701273807052006,0.8090422713088403,0.19772679998107306,1.2334549843217126,0.7211048596272169,0.2170772956731435,1.4838281860557059,0.6370699311432371,0.25436714124126436,1.3393452574932918,0.6180647923938877,0.34416263367701594,1.178740199848696,0.7263781421482025,0.43576323719485005,0.934253575221974,0.7291356339980475,0.35815007973640145,1.0436756160438134,0.6094915450943669,0.25410836783723156,1.150803696087998,0.6347597813803505,0.24993563118437642,1.1616911647398682,0.5925136157653428,0.2448827696396947,1.0800516078710705,0.5671207826671515,0.03481133041999424,1.1813683938863642,0.6738825236761874,-0.010021154592763681,0.9030687170639052,0.6530745116640921,0.07584439524039756,1.062898107437096,0.5600384174052554,0.08671016724343365,1.1866581959601286,0.5341711134181472,0.13057088943106393,1.182798744671372,0.5860165940086524,0.17912276205395788,1.1078661680259188,0.5877045290260179,1.6170212765957446
0.3112067788744816,0.6729955609282645,0.7323687413503963,0.30398815801886264,0.23758252538842076,0.7086650587906057,0.277576603639033,-0.1894450493122823,0.7854552474692751,0.28410203563046776,-0.20027019469093688,0.6028926340269698,0.3386803982877614,-0.2012877717010695,0.6402793804407915,0.2655561987433787,-0.25571410004990164,0.8318085187586975,0.09549559430262747,0.6730937445560783,0.718739236067701,0.1072176584204212,0.2292694999505109,0.7103058852664409,0.11057425122328007,-0.1710784143847572,0.763782777584573,0.12340590681434893,-0.18389211737060196,0.5934760365009958,0.07321144840585156,-0.19493124614414056,0.6349149667196966,0.12597004964143457,-0.23589449412477992,0.8077848468843845,0.1950409343492686,1.2372663500519605,0.721781075517107,0.21303923708696315,1.4876286821606788,0.6414657185738772,0.2528710913282849,1.342124448331725,0.6199776649300803,0.3404347697831095,1.183906961525458,0.7334294321222556,0.43410257341739034,0.9395440750529942,0.7351459693482318,0.36345801523941457,1.0475468859209858,0.6074199747118085,0.25661335352449705,1.152509721029734,0.63249886013931,0.2528866200768375,1.1619739090020362,0.5998265649455234,0.2458030033321237,1.0781029846437948,0.5767203937272374,0.028162533267606968,1.186856005300151,0.6800760020445091,-0.01587337041260942,0.9077567507705719,0.649791197100674,0.0680026133790481,1.0697295837952376,0.5577173181115385,0.08409298147403316,1.1911646688345676,0.5309113895528591,0.12444976606683825,1.1841103433802016,0.5769878599555621,0.17757832672870477,1.1057482681532638,0.5862632907392364,1.6382978723404256
0.3085840538225181,0.677963043713502,0.7307321928214563,0.30381256529701456,0.23788977921861845,0.7148582444649959,0.2782016927532894,-0.18981925744629916,0.7872546643590325,0.2854808108724556,-0.2041074925475698,0.6105963143973018,0.33932941613158296,-0.20331050849519905,0.6429250189780802,0.26560046871739984,-0.2550268489856779,0.8315945843181848,0.09436226911844457,0.6774945015168298,0.7168453153217698,0.10503254364757235,0.22715906905333202,0.7193661347581326,0.10962172208104615,-0.1710017509115061,0.7645608451216237,0.12383274554328738,-0.18567938912365411,0.5972638166539035,0.0729633439479528,-0.19453421129692827,0.635193097958199,0.12531030293269263,-0.23527396931492411,0.8070447298400584,0.19224765498871257,1.24143117020576,0.7213903031838595,0.2084299758515366,1.4911516635855668,0.6475104906627239,0.25095062672438906,1.3451036098645064,0.6210547558696037,0.3374241516203407,1.1894797442542218,0.7390850686463075,0.43204981183567603,0.9412595152641118,0.7400120640990229,0.3688011751742397,1.0530074632884276,0.6035364544653988,0.2638494686411473,1.1566591737922074,0.6241753686018071,0.2578530860170981,1.1656352531867065,0.5975890331674297,0.24866340140887966,1.0803001049062804,0.5715808606758479,0.022087755709757774,1.1906940309326492,0.68615003376861,-0.019843523732401606,0.9117346450891662,0.6395668527131522,0.06140019998736516,1.0770574279473146,0.5501024073948895,0.08144381863724202,1.1957156283470938,0.5268513489780253,0.1209867922811884,1.1859521555011558,0.5653613099104424,0.18005752034356134,1.1061487843082265,0.5804169619468256,1.6595744680851063
0.30552624130024136,0.6827344526615258,0.7288357636235747,0.3034790217745751,0.2383213183225886,0.7206535459895181,0.2787497581367785,-0.18989415971261311,0.7887788263338077,0.2860873546186869,-0.20741331267863428,0.6163480239141363,0.3397725912162305,-0.20474312275447332,0.6448728818117823,0.2655110389631677,-0.2543466015206279,0.8310826825508119,0.0930394310804424,0.6815790571879478,0.7153182499083174,0.10298695930132397,0.22554429069827905,0.7277093563295357,0.10870911558687946,-0.17129632050836635,0.7655125743843681,0.12392320743610594,-0.18743583246575693,0.6003244576073463,0.07277466269336602,-0.19452286485007314,0.6355391004050882,0.12468154916662763,-0.23515746279915156,0.8067897542005036,0.1890262638664542,1.245603972620787,0.7214255453328027,0.20330062877968375,1.4943882873017538,0.6540989873122652,0.24884507397976327,1.3481007994824177,0.620647991762633,0.33514728297760754,1.194752604158722,0.7425988037218882,0.4300522318786242,0.9394784704014443,0.7455729512575018,0.37423113765679505,1.05932927710851,0.6007725000993228,0.2752149244955064,1.1638986747593,0.6115199862792339,0.2665316089244798,1.172482108738657,0.5869855384663505,0.25522023812762856,1.0883166225618122,0.550606937641129,0.017017473018326748,1.1930572748772417,0.6914625138779793,-0.022310591319348934,0.9144007386192493,0.6257881192691277,0.05570201962639176,1.0832192796536098,0.5395198064322239,0.07795067506080325,1.1996725432519948,0.5235047203541815,0.11959044061598989,1.1886336062194063,0.5556891628894388,0.18550822246343424,1.1088974037793835,0.5741554881231297,1.680851063829787
0.30205650180472804,0.6871109851707464,0.7268099355666147,0.30309082589062564,0.23877856669121814,0.7259617496607629,0.2791204259462573,-0.1899302342352611,0.7900053144575364,0.28607530523630564,-0.20999668924688755,0.6197946342181508,0.3400207749686911,-0.20541107288767887,0.6461699958584619,0.2652676708642742,-0.2535885741256993,0.8300034015451097,0.09157518820627081,0.6853878451536158,0.7139715791220009,0.10116807802363918,0.22464697813314652,0.7348704729991474,0.107825107008414,-0.17173856226746484,0.7666012231410478,0.12399011834715037,-0.1893136604818312,0.602909668414078,0.07256885956900444,-0.19485206864328655,0.6359448572042922,0.12407068143070456,-0.2354355838145389,0.8069727976094571,0.18553067385034108,1.249247938771395,0.7226440413250623,0.19773123624435457,1.497151694358596,0.660547695062299,0.24667419325847012,1.3509028062988673,0.6190650270891891,0.33352742625220655,1.198892845249016,0.7444491676730562,0.4283479990950819,0.9352844563656777,0.7519278401527837,0.3798258391881153,1.0664347881563248,0.5987870458362752,0.28931937624347676,1.1747820698919824,0.596302622864253,0.27937265024600466,1.1822177105998664,0.5701901826593567,0.26752239743297423,1.1032751979087183,0.5201577287210213,0.013192686982377938,1.1947208124938236,0.6955358609128366,-0.023789511516667743,0.9165559563882816,0.6138249668752989,0.05205215274979906,1.0885546677059612,0.5277562153146179,0.07505891714202961,1.203291163638048,0.5211172412105654,0.1193963987612573,1.193175521577784,0.5484979227997011,0.18927373460460734,1.1157732823477424,0.5663870767491156,1.702127659574468
0.29836312837930057,0.6908535141357931,0.7248583252513701,0.30266889741077896,0.23908511466101148,0.7308047489475449,0.27927606478293204,-0.19001030159274734,0.7910187585887044,0.28586482088928733,-0.21144386619760488,0.6209890123045951,0.34006596136116235,-0.20533805614686226,0.6467866887443632,0.26492728792947723,-0.2527353494534941,0.8284616186286383,0.09004790154750623,0.6887454133412607,0.7124830583421078,0.0997221824173086,0.2245464397787376,0.7405609190858965,0.1069756895258757,-0.1720540668093105,0.7677359211161051,0.12441772608366909,-0.19155276529201987,0.6056733439636671,0.072336926550947,-0.19541679114535704,0.6363793717819928,0.12350292917735238,-0.2358956195999269,0.8075428831509317,0.18249675510638314,1.2521246001467863,0.7247661695214738,0.1919927954595413,1.4992952418371426,0.6667324331399554,0.24428905856630023,1.353436996426295,0.6173430739616369,0.3323005751359051,1.2017059838767874,0.7458203376963022,0.4268584361047282,0.9303528996690142,0.7577360361023162,0.3858629916974159,1.0746746244679297,0.5964931981703636,0.3052591184463006,1.1890152191277112,0.5828317147673203,0.2957207082012394,1.1946160549619458,0.5509578096994676,0.28629163456515044,1.1245983763621485,0.4912307206791866,0.010822052227957051,1.1964633010743069,0.6986484603168533,-0.024403349545392222,0.9193294078590845,0.6066577737394713,0.05089844112112632,1.0950958358486145,0.5172286011732864,0.07409664599084125,1.208353543028711,0.5205376858176449,0.1186960954341164,1.2010850560765771,0.5405615508363418,0.18577391124590628,1.129204958724405,0.5534942371523037,1.7234042553191489
0.29460837799622375,0.6938917038120932,0.7231149563320887,0.30209758784233703,0.239250022381549,0.7351380417618867,0.2791947516813839,-0.18983898198665575,0.791820319135431,0.2857440850022938,-0.21152936147926643,0.6204249299627191,0.339954474644638,-0.204695636168758,0.6469193430058974,0.26448802639672364,-0.2517418562774132,0.8267523599907499,0.08846051781789822,0.6914091287749111,0.7107801858616125,0.09874771122748394,0.22527080567910174,0.7445689055454119,0.1062026820437983,-0.17215380415820675,0.7688587998601414,0.1253204945676511,-0.19364128471952194,0.6081458126163367,0.07215601405073144,-0.19600367191051318,0.636653116200191,0.12303309925207305,-0.2362453350169778,0.8084453039779028,0.1804388019488936,1.2543601852410182,0.727197014604038,0.1866350527001452,1.5008386175407697,0.6722571212310577,0.24157499614661485,1.3556531996297279,0.6161764246983172,0.3309384574949982,1.2036079841028253,0.747385151360322,0.4253999676035545,0.9264589654203546,0.7617946702142848,0.39248931957294314,1.084118618415366,0.5938711940114306,0.32179548439786787,1.205199464299342,0.5756259067801456,0.31467466441207953,1.2089761505910155,0.535098152464333,0.3103553024335354,1.1500155435774413,0.4726561093239526,0.009973930567478783,1.198640830083111,0.7017668461407293,-0.02398756318271729,0.9233452422435522,0.6037871752824986,0.05052375469385638,1.1040762837203055,0.5105185680032469,0.0739701777786782,1.2162714966070667,0.5225871657344157,0.11513342414232533,1.2127476788055318,0.5300997632608072,0.17295699491467081,1.1493813553621632,0.534401079249282,1.74468085106383
0.29089962919254975,0.6963113759437269,0.7216334753575262,0.3012594899102342,0.2394555157695388,0.7387979336459983,0.27886014732470304,-0.18907100057541398,0.7922088385809399,0.2857575666277014,-0.21073163807431908,0.6193338498380124,0.3397741482453721,-0.20366305629616302,0.6469047139976164,0.26389770036338345,-0.25058118899371284,0.825036237351159,0.08676540647393502,0.6932656426244033,0.7092254808886518,0.09814047412100393,0.2266162795371273,0.746991865348168,0.10556327547616305,-0.17211494343575723,0.7699801458888403,0.12649412409143845,-0.1944808126969303,0.608756273485306,0.07211688065630721,-0.19644253400518225,0.6365284373794119,0.12267046289883915,-0.23630112572946785,0.8096719476712303,0.17882091895998076,1.256239017821555,0.7294820869891552,0.18236097418224667,1.5017755053144035,0.6761123968918972,0.23865195388850152,1.3573621236262092,0.6154846212256835,0.32898187653942795,1.2052349644236433,0.7489389878716568,0.42402750834463876,0.9249722382342588,0.7634583106007975,0.3991082730240555,1.0948568048488325,0.5914982081184107,0.336796067508932,1.2217936482591716,0.5770289728278463,0.33464313590757533,1.224644455326016,0.5291089771356131,0.3370074059240819,1.1769215098423207,0.46814709760745515,0.010517242412702618,1.2014171862687755,0.7055731290473559,-0.02264563260397807,0.9285603038005363,0.6038218589473554,0.04897831370206804,1.1149985709567682,0.5088857630070327,0.07223339250258884,1.2265270624076217,0.526565848610785,0.10719339937736158,1.2271567804601498,0.5190938457248935,0.15274187913921575,1.174048570984486,0.5117549351033635,1.7659574468085106
0.28732753997716015,0.6982255767525618,0.7204362666320674,0.3001593043663,0.2397152816304821,0.7416188232145825,0.2783496526171536,-0.1876577108708988,0.7920135358372679,0.28590553745097497,-0.2097952393982681,0.6188329978786646,0.33963669742867375,-0.20259636491410132,0.6470553168476517,0.26321893543577085,-0.24925582729121695,0.8232216190335092,0.08493587771251908,0.6944393500277033,0.7081576793167484,0.09765288717726453,0.2281282723360761,0.7483530600523941,0.10510989468862199,-0.17203349613644317,0.771151656601698,0.12755897329584645,-0.19373713326937683,0.6070050568484244,0.0721455228901028,-0.19685178647989007,0.6362138600148809,0.12235708230381813,-0.23612859351150497,0.8112992739145457,0.17671802931634306,1.2580883027609164,0.7311576621520703,0.17956688648754981,1.5020747890457489,0.6778286483707511,0.2356898176530287,1.3584094224629317,0.6151301712170636,0.32649629552951653,1.206888347017218,0.7500932380770257,0.42298659291277513,0.9266408877991931,0.7622618396774521,0.4050614719449913,1.107252800636951,0.5891156422183629,0.3479908324577021,1.2378632007471515,0.5869653105067281,0.3531972005723814,1.2415495038079651,0.5355702133658897,0.36311616170151445,1.2032786685335028,0.4776001036274487,0.011862591583088824,1.2047813528481743,0.7104129366875238,-0.020826341746485275,0.9342649712791258,0.6055902312308142,0.04587172007406107,1.1268482537710862,0.5114395530467146,0.0677783229188883,1.2377107167974377,0.5306170372943847,0.09498850524987171,1.2427397739286792,0.5104103212930837,0.1275434646496229,1.1996152673189266,0.4906425402846092,1.7872340425531914
0.2839453807482063,0.6996864036349256,0.7195151099845628,0.29890373731479697,0.23989717586083179,0.7435113287666135,0.27781179931063055,-0.18578211789754256,0.7912156916939277,0.28617839278487656,-0.20898966204017067,0.6190056394100791,0.3396980852780788,-0.20211764628113477,0.6477480019239232,0.2625963020674289,-0.24776572989518783,0.8211288705999266,0.08298026629583367,0.6952749318720015,0.7074179308473785,0.09713188282754816,0.22947172329562493,0.7492377352715712,0.10484557649696859,-0.17191816773211327,0.7723695965699732,0.12823409866689495,-0.1924730841895126,0.604657027721125,0.07199159636663052,-0.19754357896046829,0.6364070200822057,0.12205048503835797,-0.235860006880925,0.8133782249463712,0.1738997680697546,1.2602175104186435,0.7317946567302114,0.17802165900971034,1.5018906480227112,0.6784846402827984,0.23275577621409826,1.3588878954578054,0.6153226419223409,0.32383657003820343,1.2084017756749954,0.7510261291713718,0.4224995589948265,0.931632329859466,0.7579329225974898,0.4106226144181473,1.121286895281071,0.5862802877095115,0.3541952033890874,1.2530621221876126,0.6021622350020273,0.3681578707890457,1.2598825470093513,0.5504302242771708,0.3861634477718974,1.2275252819793971,0.4983987987266043,0.012976174191130308,1.2082825142262297,0.716484491988792,-0.019117827774847218,0.9390806786948404,0.607479292792876,0.04168136529368571,1.1390725052047748,0.5159508319587149,0.061310417147430504,1.2488244417115388,0.5331420176900954,0.07933346180119986,1.2577118949702462,0.5052511864722959,0.09861400742915931,1.2220567827768107,0.4761851272380448,1.8085106382978724
0.2807814223525222,0.7006932996149566,0.7188092217286353,0.2976294959446456,0.24007349874652928,0.7445047144594543,0.2773518369472993,-0.18365867443246614,0.7899186577868219,0.28648323901072187,-0.20819697559875636,0.6193742069400027,0.3400533836196987,-0.20258957274964032,0.6491981326746478,0.2620925541182169,-0.24630216692028756,0.8188873535060427,0.0809332357430963,0.6961038163405865,0.7064789490739364,0.0965803019586735,0.23058929970893427,0.7499137735498881,0.1046880103348382,-0.1716898805983461,0.7735026385873632,0.12843661159172753,-0.19189647218433703,0.6037554375349253,0.07148993244362825,-0.1986470886925785,0.6375716613987001,0.12175207125206333,-0.23549002888448542,0.81576292945244,0.17051978787168875,1.2627229042470771,0.7314832349701266,0.1771177970598471,1.5015354377321761,0.6796607758304392,0.22989960039593865,1.3590045781796511,0.61610770732188,0.321087017524057,1.2099442179760513,0.7521571294594867,0.42262922207279263,0.9393152404587111,0.7510613636353576,0.4166357492842337,1.1359964630458674,0.584450878739716,0.3566572754125071,1.2672181253663568,0.6178362460409587,0.3787076325099489,1.2793620463235424,0.5677803017078376,0.40426501231421585,1.248377954800453,0.5260012251630379,0.013047092326870017,1.2112435392995675,0.7232557595294802,-0.018191521809525473,0.9415919276913367,0.6076822576208376,0.036838036867991086,1.151239657122288,0.5205574243179568,0.05348231952974546,1.2591943385084385,0.5340297048512611,0.060869035849770506,1.2704592683855376,0.5032121909718603,0.06818433813793348,1.2388533648049525,0.46893494504646255,1.8297872340425527
0.27784671883492146,0.7013715729383576,0.718228471438014,0.29638026522238264,0.24048671746155176,0.744714758476868,0.27700627765641583,-0.18146882011619286,0.7884033422899239,0.28670321126598336,-0.207363624673152,0.6196817183799656,0.34066213651587907,-0.20373700577210807,0.6513028847100072,0.26172879330318805,-0.2452569940823343,0.817076927873241,0.07885824068434252,0.6970557555238921,0.70494199755853,0.09603893015854964,0.2314944733807283,0.7503940267673994,0.10455109081332524,-0.17130160695062235,0.7744039988960567,0.12809580112483834,-0.19207889624461352,0.6044611014183289,0.07070189732252367,-0.19999793411142905,0.639570083968358,0.12144521061230719,-0.2349352135804279,0.8181141009909481,0.16645791746332894,1.2653644190343025,0.7309875823191643,0.1763628770500714,1.501273601519821,0.6818643873949634,0.22723066524876162,1.358961563816474,0.6173848443805289,0.3180962311832265,1.212273797703783,0.7535027119425406,0.4231521736231313,0.9484186049931517,0.7437463672704174,0.42338060647892706,1.1499488085599896,0.5862947621845868,0.35854019835972994,1.2798220779159648,0.6317206531416786,0.3857952482568793,1.298414888546723,0.5854386080715748,0.4164205427015848,1.2653227845510107,0.5538902735160385,0.011819414216855081,1.2131134372737586,0.7296534934231687,-0.01872201606666701,0.9418695304587636,0.6052617008704164,0.03148761529644854,1.1623062647484845,0.5245517346596152,0.04380182130677018,1.2679837685704909,0.5344244158238316,0.04064397437762871,1.2801327766464206,0.5028033990865951,0.04067649401841109,1.2499760849153423,0.4647732929528544,1.851063829787234
0.2751311398897688,0.7020654606638237,0.7177880473238881,0.29505817385293415,0.24128722218412044,0.7442663622405816,0.27675237076994463,-0.17930830896129585,0.7869635041888134,0.2867870596464891,-0.20657974520554714,0.6199456106449159,0.34142524967024457,-0.20505722652142552,0.6538600605207507,0.26153776493174824,-0.2447297019677619,0.8160918951615431,0.0768092900018842,0.698137025899902,0.7028987203532238,0.0955544768414543,0.2321248247309513,0.7508717601946537,0.10444107222238151,-0.17077279022201963,0.7750374103117141,0.1271866500951939,-0.1924523768519459,0.6058067015457497,0.06977949192530375,-0.20134410999436642,0.6420350655833896,0.12110525113175975,-0.23417965410617014,0.8201763074177737,0.161690345195735,1.2676963900072828,0.731303746020006,0.17566597610979362,1.501204549897107,0.6845982810702446,0.224846286757786,1.358897882544312,0.6194435802005566,0.31491224295639986,1.2156639003167828,0.7552102622915,0.4238073303839692,0.9581390096174502,0.7385953379965333,0.4302862192765015,1.1624127554407808,0.5928545433318232,0.362454917785958,1.2902528061478966,0.6432700050366172,0.3921865867300271,1.3147585072759633,0.6033283124167959,0.4241687531789484,1.279291383186377,0.5742557166555913,0.009239982898329644,1.213594465686218,0.7348348899256332,-0.021173003540785523,0.9420024444548103,0.6008289684549881,0.025351730763220913,1.1707939249384234,0.5273467864351759,0.031650167978752496,1.274151658452413,0.5346914659759202,0.020675800332655085,1.2866667389873296,0.5017273018533621,0.020414962752540473,1.2563699825897734,0.46060375954638544,1.872340425531915
0.27261438082518225,0.7030287789429549,0.7177350736905808,0.2935920942194944,0.24246513432758104,0.7433573562222642,0.2765161619223079,-0.17711121265022844,0.7856218574804581,0.28674686980775244,-0.20594022926220973,0.6201474447114788,0.3422299499007931,-0.20629162226885467,0.6565709972254894,0.26145720270982303,-0.24429008514679532,0.8155327812216213,0.07480178849888659,0.6993290312970654,0.7007769149396061,0.09514553644513041,0.2324274770708681,0.7517637815877981,0.10441974732849846,-0.1700925264286561,0.7754066036461824,0.12594287236395874,-0.19285880277801662,0.6073117085740902,0.06883108704147388,-0.20251005218509582,0.6446774797924202,0.1207709212437331,-0.2333014690497338,0.8219932151816239,0.15678597146797418,1.2692054527149566,0.7332979832773563,0.17515091328860932,1.5012425642930791,0.6873616495121315,0.22253502572520661,1.3587067258114627,0.6227275184233293,0.31191902014311074,1.219458128947645,0.7580809610376924,0.4246845988271862,0.9687680438355446,0.7363374593431498,0.43688407863813095,1.17394106110919,0.6029055665728394,0.3700833167750383,1.2986810096083974,0.6510879668605736,0.40158262148827983,1.3276630368503637,0.6201980591283529,0.4320722938383255,1.2921964841860698,0.5834058998568759,0.005363448839714822,1.2129741966136909,0.7381058012082772,-0.025705789117704055,0.9446920843234422,0.5955622655348103,0.01821715021784405,1.176250969130358,0.5269585294209945,0.017932697211743124,1.2772920867852413,0.5331740812234569,0.0031887571664376583,1.2907419932027193,0.4972667363530006,0.008462660427080503,1.2593945028587925,0.4548337353865709,1.893617021276596
0.2702779622884596,0.7041519709184169,0.7183953710923876,0.292044068145165,0.2439086709204219,0.7422607980695598,0.276262153138,-0.17478159781065603,0.7842244401531325,0.2866191391453554,-0.20551999090394835,0.6201531964163851,0.3429476575127084,-0.20739828411236313,0.6589814191705909,0.2613637373421811,-0.2435087391633079,0.8147434256530903,0.07289382308469555,0.7005640385175902,0.6988586412589036,0.09474538585551213,0.2324699023626834,0.7531631576858823,0.10453405137436182,-0.16923491789419542,0.7754813956437873,0.12472932644826651,-0.1935882586655208,0.6090777212051539,0.0679310448558417,-0.2034326313105763,0.6472430920207457,0.12055550174585876,-0.23237325112300125,0.8237489222891136,0.1525317819559405,1.2695254973165107,0.7374583368442167,0.1747287921379343,1.5012323361513735,0.6899615174905693,0.219667516708558,1.3582086808248341,0.6275718840889124,0.309618630864023,1.2228630753259313,0.7628583078194591,0.42607377621591824,0.9809320325810988,0.7349560735654872,0.44353078556449593,1.1855129665403261,0.6145158808421898,0.38327929550978235,1.3060562631073895,0.6553338221700475,0.41653419426041527,1.338590837932324,0.6341318189772507,0.4445282197828586,1.305446511140938,0.5863672667866793,0.0007535807537721713,1.212145984541546,0.7390974147411934,-0.03215399766800246,0.9516246585376854,0.5893878853453893,0.01042065388488882,1.1800345184206327,0.5208535741861432,0.005201475156084484,1.2786704251652274,0.5275687616381342,-0.01052894507163637,1.2938393928602876,0.487059623733205,0.0018615564156230333,1.261620348088574,0.4438694114526772,1.9148936170212767
0.26812286401350743,0.7052175956396576,0.7197862888636287,0.29051647808638137,0.24549192086692617,0.7411252672182189,0.2760381900006315,-0.17244371929282942,0.7827119680485706,0.2864644785710162,-0.20538843550508712,0.6199497844182797,0.343475139299276,-0.20833302897082026,0.6607127431985378,0.2612323067545166,-0.24247971024004938,0.8136201756423245,0.0711951445353274,0.701759879717945,0.6971264538996063,0.09430634445557547,0.23239738819687958,0.7546898850908862,0.10477938971460865,-0.16826144755405847,0.7753081705312942,0.1238156455887631,-0.19464150070744146,0.6109950297792337,0.06718791561113016,-0.20409313069308388,0.6493864692883641,0.12055850108731657,-0.23137706367320376,0.8254937250134206,0.14929075428843264,1.2687098125318879,0.7435823068539871,0.17401149221627832,1.5011890769285527,0.6920852859305897,0.215702285288052,1.3575824708573196,0.634384272839613,0.30820367915296654,1.2254473336703595,0.7693937594311213,0.4281255285070452,0.9945589175683864,0.7322105440936191,0.45092906979878367,1.1974983020853498,0.6262870850733677,0.4024144799295929,1.3130758014015818,0.6587800240688817,0.4366951545818881,1.3493192725164016,0.6442553665207842,0.462146942086974,1.3190336109029295,0.5916189704369228,-0.00355305194284496,1.211887731241524,0.7383964513413812,-0.03982338234479635,0.962745597246862,0.5811894179207379,0.0022401973557517755,1.1838758475562394,0.5085568477444771,-0.004887730269892435,1.28054474662902,0.5172247304984158,-0.020536485760052153,1.2973697638363177,0.4708252848410102,-0.003319192730779282,1.265555844147045,0.4247718253370281,1.9361702127659568
0.26617199513062556,0.7061742173584048,0.7215387938588094,0.2890885111794477,0.24714952667555184,0.7398594634409298,0.27590073188547604,-0.1703443806468816,0.7811187500943326,0.2863903236850742,-0.20551574823322832,0.619789878417181,0.3437599308044785,-0.208864877059173,0.6616306274825142,0.26111614319710513,-0.241561907055716,0.8124486858858723,0.06967664303118334,0.7028693767679487,0.695576003787401,0.09388832163906026,0.23233392373995448,0.7559628442893171,0.10507276702496254,-0.16727646046243372,0.7751052224101758,0.12331041712874788,-0.19533862442931135,0.6122468430055131,0.06676728375605225,-0.2043961296569928,0.6506868896164418,0.12074675852689457,-0.23026537783226086,0.8270982125025782,0.1468115589009219,1.2671843012034398,0.7508590066682154,0.1726000192071941,1.5012809081678407,0.6933227330309111,0.21061969691314258,1.3572586607013688,0.6432523380600301,0.30708816519887794,1.2271001594919166,0.7767143743768941,0.4308328527837274,1.0087548777416508,0.7282931950879972,0.45910614978276865,1.2097415390012591,0.6374844345024604,0.42432517111065815,1.3197980542525771,0.6632840088098579,0.45854578502293486,1.3608950683274872,0.6516223429177658,0.48176315276510107,1.3323671965970443,0.6025585267991718,-0.006735114486669585,1.2125154310491426,0.7370998151227809,-0.047574698749988015,0.976674601655274,0.5705434256720227,-0.006453172355124021,1.18834275369754,0.4923569029824085,-0.013722868807031215,1.283934956201896,0.503474079014525,-0.02779718318021631,1.301721682072438,0.451292884981792,-0.008450736093911712,1.271960315091506,0.3995279997698299,1.9574468085106385
0.26443923421258136,0.7069934465306095,0.7233699400901605,0.2877987950566316,0.24889192892602852,0.7382192875352275,0.27587390148727553,-0.16852121560992106,0.7793723244341157,0.2864867017470777,-0.2057477901360571,0.6199261915565737,0.3438061039111523,-0.20871773101784152,0.6618389587695562,0.2610531975514994,-0.2408406457037192,0.8114137178026603,0.0681336179743478,0.7038436865224017,0.6944349914922148,0.09355792187750782,0.23228840040542661,0.7569948932318059,0.10530661920060375,-0.1662702426809826,0.7750571067175084,0.12312808458267577,-0.1950510313324001,0.6119835023605039,0.06676141032236872,-0.20429076280131667,0.6509767410244084,0.12099493291516122,-0.2290472553168492,0.8284039550216571,0.14453945202102114,1.26554999380238,0.7582224468269789,0.1703911690947692,1.5015434719017096,0.6937953257327665,0.2048036487511321,1.3574837771240462,0.6533357428737827,0.3053054017576271,1.227948836480538,0.7836599063230943,0.4342646824991653,1.02253197299773,0.7243061775951496,0.4670447286996313,1.2219345565200923,0.6470314436210374,0.4436643579079182,1.326218465193307,0.6683264365257098,0.47677245076579833,1.3737561713744082,0.6584511440954515,0.49885546931348246,1.3451303912032728,0.6169435252427222,-0.008745343185478646,1.2140827961747627,0.7361453084547114,-0.0545996997738659,0.9916153723950344,0.5583239609268571,-0.01535398425949946,1.193407071207018,0.4750688808926265,-0.023818998310076923,1.2882147235922894,0.4876159979396194,-0.0332475218879368,1.3068897095157146,0.4321775739495445,-0.01272259688039284,1.2803904753686113,0.3737252951634168,1.9787234042553192
0.26289228769157025,0.7075921968855118,0.7253578433827981,0.28660153479569644,0.2507191300050275,0.7360977336892078,0.2759579753976625,-0.1667710184211167,0.7773140322477641,0.28665812117800515,-0.2059361945287055,0.6202889450209151,0.3436992682592285,-0.20798717547174106,0.6616914983641978,0.2610817639446878,-0.24012510149407723,0.8105929983877411,0.06644213303130313,0.7046423728533894,0.6939794541350143,0.09329062415550339,0.232125829047414,0.7581534251454369,0.10545015313643018,-0.16516095239639925,0.7750517393925433,0.12307967042237637,-0.194141084287632,0.6106323761283039,0.06700861246918345,-0.20401557834854903,0.6507033527840322,0.12127471684362058,-0.22771251285988714,0.8292671272771914,0.14220020962758156,1.2644000735223158,0.7646269264163377,0.16761402303269657,1.501805213048944,0.6940039194175607,0.1987146169749999,1.3582846311276529,0.6630071772484931,0.3025242280356348,1.228139879539985,0.7894304863537631,0.4387940238093906,1.0353669986885616,0.7192736023071897,0.47369479484808924,1.2334458057152442,0.653436891084811,0.4553586642230366,1.3323431726246835,0.6723551326183222,0.4864989397039047,1.386978094514869,0.6654768787530361,0.5095647915936676,1.3563840074231581,0.6317859193040092,-0.01005250190636329,1.2161728402934036,0.7362112400792865,-0.06081516029055028,1.0055527939070381,0.5457805674725345,-0.023354871580522338,1.1996667357974715,0.458074447485147,-0.03524077380127152,1.2931092097473114,0.4699921556896708,-0.03720724015771151,1.3130543076383994,0.4160571876916006,-0.01572455236634173,1.2900396723034737,0.3534672715158798,2.0
0.26146859299711134,0.7079887609960105,0.7275789169805165,0.2853672171311763,0.25251049540226533,0.7337903118503947,0.2761341831746835,-0.1649450901733428,0.7750582856035241,0.2866305487619786,-0.20601477145319905,0.6205765427117852,0.3435432162959865,-0.2070481972607611,0.6615401521547551,0.2612532739632542,-0.2393548459057492,0.8101201760202068,0.06467551309549918,0.7052825862558707,0.6942421392004603,0.09300891871738036,0.23177984097931983,0.7596778692509576,0.10554504765873696,-0.1640194931575092,0.774887034585642,0.12306349255671936,-0.19351379810405542,0.6096443767824297,0.06721885526791732,-0.20390091525283566,0.6505707728702925,0.12166503177975121,-0.22616374401620615,0.8294833897847181,0.13988374412948223,1.264020887688977,0.7694477687780126,0.1645935878581638,1.5019013977066142,0.6940518188744145,0.1927437893562043,1.3596324685346977,0.6704679631789436,0.2990548998531617,1.2277932777195355,0.793695664635284,0.44481168446615993,1.046796901384183,0.7114296563209375,0.47912819994092015,1.2432602796445102,0.6567825564479487,0.4560952862725923,1.3377154996043303,0.6740324593867764,0.48449780528186565,1.397940745498375,0.6709661738308881,0.511205918233044,1.3639573723947758,0.6455489689589101,-0.010928638752856192,1.2179045043214698,0.7374568542752031,-0.06614336206085672,1.0162957188610675,0.5337045689300226,-0.02927589306719411,1.208022576351339,0.44246793350279795,-0.04492416493408438,1.2992459415686253,0.45281197761479935,-0.03954566584740408,1.3197809202421245,0.4056101555162714,-0.018168862453869214,1.300295335953473,0.34370233708770853,2.021276595744681
0.2601049867996977,0.7082745648889486,0.729904839475898,0.2839808380117916,0.25408462834841117,0.7316730900952777,0.2763607865601707,-0.1631725653867261,0.7731832401029645,0.2862240094742844,-0.20598844640334893,0.6205683359266301,0.3433650053196111,-0.20609720794985356,0.6614013640496929,0.2615747983795844,-0.23881425918531188,0.810264572034932,0.06296040323783494,0.705823777188068,0.6949040214787292,0.0926554317702902,0.2314067154605023,0.7613200271718352,0.10561966294289116,-0.16304769737101904,0.7746702150323812,0.12307917014382742,-0.19339059889002516,0.6097059806854236,0.06728589685782682,-0.20398618844161429,0.6507815476114571,0.12213400856406866,-0.22439749735130915,0.8289773851855828,0.13756289457347534,1.264319584202589,0.7725740186617368,0.16155368072246962,1.5018884403765314,0.6939432013643579,0.18733667924507735,1.3614009363047854,0.6744730350451835,0.2951833771966728,1.2272855484044114,0.7962450145818709,0.4519574266278218,1.0557200276363363,0.7022717089076604,0.4840498185342546,1.2504877759276452,0.6589470237898778,0.44565141492074867,1.3417169585204851,0.6736694810582171,0.4699624916363887,1.403950405392411,0.6735665469954362,0.5025128682539222,1.3657838913809615,0.6569603856284947,-0.011492954030351357,1.2187143290666997,0.7395120146750114,-0.07014073490518405,1.0225500986074554,0.5227722401170773,-0.032654525299477453,1.2180680028166713,0.4309397089248262,-0.04930325335983787,1.3064818947350183,0.4420315446177176,-0.039884723274899406,1.32608607226106,0.40453318688088546,-0.020660433146980933,1.310924106079112,0.3467713044862697,2.042553191489361
0.258737976569987,0.7084574737584246,0.7322439165870309,0.2824776559630057,0.25536453057443664,0.7297223436678385,0.2765371647896622,-0.16176884077688103,0.7723594901093598,0.2854886377173454,-0.205873945160779,0.6202534040764596,0.34318287091986094,-0.20518753728707548,0.6612210889272246,0.26197572133653074,-0.2389079340637174,0.8114133653861522,0.061410557141899386,0.7063147457965071,0.6954922056153106,0.09221875818903856,0.23116135982770217,0.7626684038287445,0.10566124838301301,-0.1623406449936669,0.7746693327030594,0.123103720308866,-0.19325412006232473,0.6102410899151834,0.06729552938758042,-0.204089626645851,0.6510543362190351,0.12249587967208654,-0.22267236654619396,0.8280851133103533,0.13510024741003668,1.2651205601700735,0.7737089254149263,0.15863980409250636,1.501990385993443,0.6941989637184895,0.18299682547804452,1.3633471881022026,0.6750429396163883,0.2911329099143953,1.2270770245056508,0.7970149732383704,0.45876257373096274,1.060895007868768,0.6967029652405765,0.4884413335703793,1.254816783991348,0.6610269406067621,0.4270546732892124,1.3440519969738727,0.6735340793547582,0.44617718057962374,1.403830379608166,0.6741641034527597,0.48515899615570046,1.3618751505770816,0.6637822680958299,-0.012182508940746146,1.2186369323598634,0.7418940303532188,-0.07267680674828912,1.0250794543682618,0.5142164340435278,-0.03405853869797436,1.227332609619894,0.4268189565691025,-0.04701894749036079,1.312934998203317,0.44312937408711073,-0.037768549368458325,1.3311788085921092,0.4143151423044838,-0.022431671836818084,1.3203276182081543,0.3621496780448583,2.0638297872340425
0.2573835465782336,0.7084966951719354,0.7346022828622758,0.28102245457084446,0.25643876153070566,0.7277015494970946,0.2765398701583471,-0.16094650802130264,0.7727779459487525,0.28456442810672816,-0.20561816805346275,0.619731030402989,0.34306759024637334,-0.204484476105867,0.661110609517439,0.2623437062721278,-0.2396728007691522,0.8136182649379021,0.06014675637406408,0.7067467633727893,0.6958091997155753,0.09175974102053894,0.2310308583989673,0.7636340153535113,0.1056547906757422,-0.16184126958131378,0.7748879820749712,0.1230985818135954,-0.19275550914030662,0.6106356892277005,0.06732124772709254,-0.20409356727487002,0.6511730212904819,0.12262952269353992,-0.22135557707683318,0.8273994197157327,0.13264496417052907,1.266219732231285,0.7723243355776961,0.15596097228224975,1.5023201074689905,0.6955636469677171,0.17999262789057285,1.3651455441458105,0.6733458580326543,0.2873228027633161,1.2271315232426088,0.7966883734018755,0.46335803762261557,1.062313842800986,0.6983967098030597,0.4915275803222827,1.2564277743299437,0.6624914587629069,0.4051499722304277,1.3448578661252535,0.6750350283654013,0.4204020170751448,1.3980103855915083,0.6739312147461491,0.4642724652152648,1.3546263670531458,0.663471287761884,-0.01344813731730397,1.2177925738409718,0.7442350351122444,-0.07424821155129466,1.0257331542408852,0.5093427963647422,-0.034696360597879894,1.2329700774668189,0.4308872449827776,-0.039268416811815636,1.316201725188015,0.45595009818281484,-0.0330575397364235,1.3340659197612772,0.4320699549578734,-0.021455498330187672,1.3250319822357681,0.3877532226939598,2.0851063829787235
0.2561874521901409,0.7083908619031336,0.7369043919270843,0.27972181972010735,0.2574724345770069,0.7254614319065804,0.27633976116384185,-0.160583114885532,0.7739637847446277,0.28358405750727556,-0.20518418737384683,0.6191019168002898,0.34301133205553613,-0.20406197771028392,0.6608756133874039,0.26261045950251694,-0.24063428899573583,0.8161726379647245,0.05915724240238723,0.7070291628327492,0.6961435539021372,0.09140597483310958,0.2309316722623565,0.764443597176683,0.10560369327068495,-0.16147914538980668,0.775113992790767,0.12306811586584526,-0.19199305188198468,0.6108562086209887,0.06735961168640035,-0.20400282916571816,0.651132153962638,0.12256982057453407,-0.220666377514908,0.8273213949433843,0.13050257339835053,1.2672386209137168,0.7689973815988137,0.15350443319278428,1.5027860275109497,0.6988756092704774,0.17813738802096357,1.3664519951925187,0.6708339283808203,0.28419818080597453,1.226985372900429,0.7965452854909127,0.4646695791457448,1.0612024855547768,0.7064768481139203,0.49311400419555795,1.255311517770528,0.6632069645289846,0.3857180872656194,1.3446705466990003,0.6764391438244953,0.4003169548390383,1.388139101515031,0.6728683377163079,0.4461713861729163,1.3467566841679663,0.6564777374339021,-0.0152544660963475,1.2163038242766553,0.7463057993700739,-0.07547392120381907,1.0252198807590331,0.5082806881846363,-0.035583204227330356,1.2337022734513796,0.4396969308138774,-0.02839345184097406,1.3154332237720252,0.47549499424200686,-0.026158193529607285,1.3335629979824781,0.4535760424411156,-0.016394217169891763,1.3227137065468655,0.42013389572227955,2.106382978723404
0.25524803407741475,0.7081386488809706,0.7389604030606787,0.2785574702909054,0.2585640178443308,0.7228614149827962,0.2759926298521196,-0.16031377873877395,0.7751979279246503,0.28267963644700467,-0.20464425903095543,0.6185559611362845,0.3428537648381932,-0.20364060000495865,0.6599354959365372,0.2627982128301673,-0.2413076445950283,0.8181567896785454,0.05816552429777646,0.707031224505652,0.6969774363628513,0.09121570806824492,0.23080002532614138,0.7652656112879312,0.10551343383197562,-0.16125611168111545,0.775229337735839,0.12303066762011802,-0.1911659192172844,0.6110268018439574,0.0673823702512309,-0.2038639879475371,0.6509874229640037,0.12236615582542029,-0.22061478421913314,0.8278068497864981,0.12872071708102156,1.2678333361295386,0.7657571475553475,0.15119407941773982,1.5033066175762706,0.7049847982168553,0.17706971992273005,1.3672373352913798,0.6688306456051738,0.2818477402960045,1.2263712161116385,0.7975425717612163,0.46271359702318615,1.0582146683527442,0.7174761554834812,0.49408743488868584,1.2507199721698772,0.6643343703857101,0.3745952842549322,1.3436282132300734,0.6753658403804895,0.3907029675333151,1.376532732620644,0.6702437396183094,0.4360314759057005,1.3392746597111733,0.6477828641874886,-0.01721818219795632,1.2146925447211991,0.7479321653976057,-0.07667873241206699,1.022555548434429,0.5103424233344557,-0.036969226329682914,1.2292194199296633,0.4480978846035013,-0.016707008779323497,1.3116455455412952,0.49647851224368933,-0.018040272099172687,1.3292785847343773,0.476070989090436,-0.008022292963716187,1.3137121350399983,0.45376020755059643,2.127659574468085
0.2544375282802841,0.7077100456931553,0.7406852655453752,0.2775098330694984,0.25969978868304067,0.719789695976221,0.27552097016327826,-0.15998042962821865,0.7762072385528218,0.2819416804504842,-0.20403494400473754,0.6183772168998397,0.34243682045629,-0.20286830984588317,0.6580740480853859,0.26291291458340493,-0.24163205425277678,0.8193111600034164,0.0568271816459909,0.7066879907076552,0.6985546118205395,0.09106763299461357,0.23062184946853406,0.7659957664752621,0.10538807007804464,-0.1612342592970094,0.7752813946433242,0.12302605204856495,-0.1904433352734246,0.611190273970068,0.06737840957521252,-0.20373162042230916,0.6508152190374601,0.12197850124790423,-0.22108944270928851,0.8285310927507359,0.12704836285592394,1.267955084600655,0.7643780540999341,0.14894969073551145,1.5039600037158207,0.7140805567066502,0.17667611065532113,1.3678318801580496,0.6684197426103573,0.27991053098013424,1.225424360134686,0.7999647844193878,0.4579479502585271,1.052515949991667,0.729227950741052,0.4953317492730983,1.2419345808493074,0.6667837185813161,0.37510143098849213,1.341061276894043,0.6716080493978389,0.39322961526398653,1.365398740895425,0.6650751002909661,0.43708158018044335,1.331969152599349,0.642358223140035,-0.01884515667403557,1.2137460149951296,0.7487275303517316,-0.07772169772499578,1.016366400145015,0.5154295805160347,-0.038394151715378015,1.2192028098172114,0.4534236380553454,-0.006621430804802947,1.3061040001571123,0.5158602467406025,-0.010077791762954393,1.321853256530608,0.4969345782216187,0.0017679966267097084,1.2994543149019027,0.48192455965453845,2.148936170212766
0.25349872928947664,0.7070704296823639,0.7422899077665225,0.27663748447829534,0.26080824763969834,0.7163024595802361,0.2748900871675767,-0.1598399068565292,0.7772308388273697,0.2814117059880359,-0.20326508605410593,0.6185056620839776,0.341744815806788,-0.2016639678322063,0.6557221698264718,0.2628564193892394,-0.24183059297134496,0.8200841012973504,0.05504278198392888,0.7060473377943792,0.7008096797633907,0.09078361817882052,0.2304073691683825,0.7664140609540524,0.1052440522477896,-0.16144375001914638,0.7754060972382627,0.12313366401179669,-0.19001005637494578,0.6113950643565313,0.06735985646727753,-0.20365756330096813,0.6507093319366537,0.12132849126078121,-0.22190919957872318,0.8293074646397797,0.12516031388934887,1.2678532861142906,0.7649563653619776,0.1465591215414325,1.5047887857880464,0.7254189426625995,0.17695531829741695,1.3683975169981284,0.6699700692898423,0.2778149552165337,1.2243328953146126,0.8038583764175702,0.450929760003923,1.043347128690125,0.7412307388653627,0.4968074901976056,1.2291521162474677,0.6701104006097275,0.3864098717934029,1.3362692294202183,0.6658654699149276,0.4075929105997963,1.3561631346759817,0.6577699410221087,0.44985830875472954,1.3250504923445836,0.6410480981317619,-0.01979578610372307,1.2138257849477392,0.7483118908304691,-0.0781264465524488,1.006656141612,0.5237493913417735,-0.03929910900913913,1.204157404074372,0.45633504568025574,-0.0006026094395099552,1.2990826918104268,0.5314019513553616,-0.0037202249882917647,1.3123550111780784,0.5117587052316298,0.01143106725342875,1.2816183773767977,0.4986183766990373,2.1702127659574466
0.25227060330563944,0.7061998837163159,0.744146370502635,0.2760257478029246,0.2617964225535734,0.7125847776314939,0.2740982210180513,-0.1600669055449176,0.7783647275674549,0.28106786376265547,-0.20215429995298695,0.6182725175024134,0.34083897286929016,-0.20018640679760832,0.653430448708531,0.26256011354432685,-0.24206475824636473,0.8209229835724688,0.05296751246537446,0.7052002197869607,0.703533947686044,0.09032459749867597,0.23018729875149097,0.766266858871872,0.10510623292914709,-0.16178376040768533,0.7757339234641021,0.12333885568778863,-0.18991471076633898,0.611689158249814,0.06734499162019572,-0.2036455098016281,0.6506940627830917,0.12040648388104568,-0.22287629279259377,0.830263984461327,0.12285642187172408,1.2678511319680432,0.7664736351629549,0.14393720466695842,1.5055407420044546,0.7374163545129557,0.17767382567535822,1.3688073496568105,0.6727247443603304,0.2752552588148953,1.2231145018172436,0.809289027049318,0.4426298620081449,1.0316207941206799,0.7521634618741537,0.49803882449539627,1.2129084054346182,0.6729883271107806,0.40545714779394526,1.3285336425741037,0.6581176043979021,0.4319347726753461,1.3483879195022908,0.6506413393796626,0.4717471899327974,1.3183696037132688,0.6421954993637495,-0.020435064862532118,1.2144535938371623,0.7474794471641011,-0.07773035320521379,0.995332093240147,0.5349042524860799,-0.03944933594773475,1.1858680618179167,0.4578404260722376,0.0002700425591671678,1.2901170111759044,0.5386328836043637,0.00015014710069034966,1.3015994110559213,0.5148403019219584,0.02027186155862843,1.2620726539593459,0.499293426375302,2.191489361702128
0.25074985301462727,0.7051492582680973,0.7464638259063248,0.2756820927726521,0.2625782653031731,0.7088353317852413,0.27322959620291554,-0.16032882043065505,0.7793360886739211,0.2806884323207286,-0.20049554156866498,0.6169931730250956,0.3397969918099946,-0.19869999532432386,0.6514417463733259,0.26210080935498936,-0.24230124906105316,0.8217574212211728,0.050769858786294884,0.704182623008405,0.7064588666995224,0.08978651589831502,0.23007423015510575,0.7652098259974405,0.10498486470658445,-0.1620783528633461,0.7762275953698945,0.12339105558241487,-0.18984561906073105,0.6119575951307581,0.06734390435767439,-0.20363718152056878,0.6506936630680373,0.11934807594571502,-0.22386387441750175,0.8315428789200251,0.1202324034435846,1.2679912303466776,0.7681867823068391,0.14145706698438187,1.5058023056608794,0.7476922538812628,0.17833332678253888,1.3690314963640688,0.6750516873248946,0.27254276550740125,1.2217849725191654,0.8159001900926066,0.434605872720549,1.0192750944734015,0.759236775132099,0.49913533319355435,1.1936445179859423,0.6740488583979233,0.42979583657508297,1.316611287834135,0.6474842018819439,0.4628082131074197,1.3391081677005605,0.643882610403233,0.49823434700835806,1.3095758712775543,0.643474306532589,-0.02162521996007406,1.2145324679721503,0.7482336788163538,-0.07688059027360603,0.984539818775845,0.5478734672638913,-0.03846438467544303,1.1662924141350477,0.4565303532436387,-0.00266084893007797,1.2789965121592801,0.5320166508048738,0.0018822628050359062,1.289357758368949,0.5026418662510916,0.028350019090652767,1.2426578986481456,0.4815646080491429,2.2127659574468086
0.24899529034243317,0.7040388566914663,0.7491683545966572,0.2754702623765752,0.26319778736994315,0.7051511519234972,0.2723831547786928,-0.16020211962454461,0.7799128903659226,0.2799918907858388,-0.19835597857054008,0.6148203523681806,0.3387874222863176,-0.19735900798725428,0.6497723124197136,0.2615976412669493,-0.2424243419410466,0.8222513641577772,0.048469074966454556,0.7029258698918748,0.7094572937407142,0.08922221092441582,0.23020935926423922,0.7630174218088306,0.1048577843414184,-0.16220975571338425,0.7766399609864547,0.12296392009830531,-0.18931338104510181,0.6119047638307786,0.06736063934584241,-0.2035799804452181,0.6506456930078504,0.11837435437339933,-0.22478092009516493,0.8329875377835323,0.1176340854896468,1.268020882790894,0.7699667650402826,0.13954029865899648,1.5054033844970012,0.7541538549430126,0.17842163647241335,1.3691502775056732,0.6753768140661626,0.27029970056203156,1.2205322297773038,0.8225800398463514,0.4283591456333128,1.0078105895010157,0.7605641685578846,0.5009408673678621,1.1723780583228902,0.6724597021115092,0.4581706253738973,1.2996516518694607,0.6323927043105786,0.4957579510097113,1.3246363786751372,0.6329866406275113,0.5250335707349341,1.2949413154256186,0.6410066083300437,-0.02378750813344184,1.2132448154782955,0.7514469333700092,-0.07579219086370609,0.9752158369698988,0.5609665005425962,-0.035530636742478604,1.1466544920660497,0.44962805758461266,-0.006339774895166971,1.2657955947414994,0.5105795724607886,0.0027725822471411877,1.2742434976390862,0.47697091369304734,0.035572546428162724,1.224927811895289,0.4473589123745032,2.234042553191489
0.2470573132617636,0.7029154275174032,0.7520731270419794,0.2752121295227599,0.26389966679729004,0.7014409048081429,0.2715964936012514,-0.15966800467929965,0.7800759162948777,0.2791161956471273,-0.1963011334988339,0.612703660261292,0.3380546253279737,-0.1961065258870044,0.6485348727044224,0.26110089053016305,-0.24238511655301914,0.8222337613459779,0.045992381566675025,0.7013482684040596,0.7127280003256754,0.08855953591248698,0.23059493642449183,0.7598244409858048,0.10468888530156878,-0.16216265476244873,0.7767469458014677,0.12202018633413933,-0.18818669683366257,0.6114810152676162,0.06740406046969412,-0.20351096467480098,0.6506432311314918,0.11758847194828087,-0.22551888323387326,0.8342630115734504,0.11531102458406708,1.2677167538416039,0.7715581912510814,0.13818388554352093,1.5046231111356463,0.7565672210263402,0.17775753939743746,1.369141163814228,0.6731250380107198,0.2688242545373537,1.2196531610572139,0.8281648424151582,0.42442059757540057,0.9980109230702231,0.7575022980396088,0.5043375842064892,1.1507737155573718,0.6675994314478648,0.4897289684899533,1.2781062890912245,0.6116122217322845,0.5271810351681157,1.3031285900203071,0.6130228308533333,0.549739302384809,1.2717188793420593,0.6295676934884477,-0.026734794661363248,1.2109051095088381,0.755379996727576,-0.07420307515187424,0.9680191835513055,0.5720768104230836,-0.030485447341319936,1.1274339395370563,0.436275109878187,-0.007835838867068418,1.2494501639307165,0.4781753302979701,0.0039060705692531388,1.2549092588779038,0.4421011063346705,0.04107502758178812,1.2083603803866059,0.4027813076231651,2.25531914893617
0.24497141226341107,0.7017089963692859,0.7550139820533237,0.27486644450358355,0.2648531526877961,0.6975904599247486,0.27086916150947504,-0.1589652415574397,0.7798677075330512,0.27861541019463515,-0.1949418903688764,0.6114679947492457,0.3377958576939326,-0.19493417087457282,0.6480163729287998,0.26061988982035966,-0.24225041284812732,0.8217627938959575,0.043328736059210546,0.6995461720885022,0.7164251736156824,0.08771368634113089,0.23112170867768494,0.7559463415249259,0.10446587098842214,-0.16200379785497637,0.7765216570328694,0.12092214784270264,-0.1866385855035901,0.6108153772918143,0.06748506965755766,-0.2035018261959693,0.6508231921031714,0.11690232100251656,-0.22600283723786535,0.8351585841973415,0.11326647852591944,1.2670341027771341,0.7721039779397582,0.1371955069424322,1.5039061967078566,0.756058192230251,0.17655001728934985,1.368910100968265,0.6688744652343711,0.2679180889194179,1.2192410681173906,0.8325236614261508,0.4222395498690025,0.9908663972693315,0.7531912926683081,0.5096694879022732,1.1302630801445357,0.6577611040025569,0.5234511073858735,1.2529375835849221,0.585382344994913,0.5561661863880627,1.274731575903579,0.5840374438912003,0.5720901908607375,1.2399379516252271,0.6058024388323624,-0.030067817054953764,1.2084592022368594,0.7576100187118471,-0.07173876986322797,0.9646109462311682,0.5796919793501631,-0.024407429527669985,1.1086214712344504,0.41842742514943365,-0.006123613139867576,1.2276106546778314,0.4380167212333465,0.005390913892909517,1.230766048696295,0.40003887533155136,0.04454529991239919,1.1891760374141578,0.35418245075669386,2.276595744680851
0.24278118705881913,0.7003879476675492,0.7578333981329981,0.2745093179859531,0.26586855243481655,0.6937821047712205,0.2702106922634346,-0.15828984597939666,0.7793189869524584,0.27890308002645936,-0.1943380525308748,0.6113120445420417,0.33806274083282434,-0.1939655920819971,0.6482789431059646,0.26016150358480195,-0.24209177519600084,0.8209963914542818,0.04054850006917438,0.6977749978735096,0.720241166682124,0.08666940947820392,0.2318156265769288,0.7514769403377201,0.1042018712617476,-0.16179361397963918,0.7760327686300783,0.12010607250442365,-0.18452134846834561,0.6093810028746565,0.06760708395238804,-0.20341624712137912,0.6509317964271998,0.11622163142262124,-0.22619185184482696,0.8356782562879826,0.11148440797891267,1.2659674672853989,0.7708461210129312,0.13658564434283044,1.5033127227846417,0.7534541034829161,0.17517615602898803,1.3683104552393293,0.6638547941276645,0.26729051380493307,1.2189516023731848,0.83630638033262,0.4209599011021996,0.9881737717936521,0.7488015555741896,0.5169376241821934,1.1116042783752351,0.6404724311335773,0.5577131645299872,1.2250577944618528,0.5556254145433461,0.5840871387666882,1.2406235975760553,0.5505084355966735,0.5927266434754863,1.2023131468731216,0.5717081960858812,-0.0333475562518011,1.2064180197975927,0.7577093678707991,-0.068398196895248,0.9666889066290041,0.5834777110313567,-0.018051932671761972,1.0902272013338214,0.39870536778617,-0.001855686223022073,1.1993294158850325,0.39128409892890587,0.007210465333636548,1.2017553216579222,0.351769977329781,0.04694275048806947,1.1636760513645774,0.3061230909422093,2.297872340425532
0.2405584073583239,0.6990244756621508,0.7604145111252392,0.274191303855312,0.266652841239893,0.6904380066327159,0.2696420788371011,-0.15774899281858384,0.7784653171366815,0.28001979925982523,-0.19421519812293883,0.6121973883095451,0.3386973830110178,-0.19314829491703306,0.6488539906081603,0.25970225058858226,-0.24187816031258386,0.8200407347601852,0.037712233386116525,0.6962229108177802,0.7237024828427794,0.08545019973426064,0.23282637874558376,0.7462925762753163,0.10391235505288741,-0.16150199792619452,0.7753250562710371,0.11967323887237463,-0.18149936640860886,0.6064071534559521,0.06776619120951845,-0.20289291662889342,0.6503129056434959,0.1156113173447328,-0.22609050795516628,0.8359434228537445,0.11011027104897389,1.264458965363974,0.7683744415077958,0.13651304103374073,1.50248895551079,0.7493905678700125,0.17397528286772157,1.367205021895725,0.6593088159264491,0.2668376331064288,1.2183194478328152,0.8397593939417425,0.42016630055545334,0.9913668477401081,0.7434067018318307,0.5263413534528965,1.0950662839658885,0.615321886407334,0.590601554649977,1.1957702656135194,0.5249665013772533,0.6125225952417429,1.2029250327714258,0.5168784523814306,0.6125027064896496,1.1617872180192277,0.5339444912761362,-0.03624637139308376,1.204820656809423,0.7569899144293539,-0.06465898830082471,0.9739721932980386,0.5844727872337695,-0.01068611609630852,1.0726781551501516,0.3780688269760618,0.004544800536526311,1.1669082201286722,0.3395957845533076,0.010321104082487239,1.1686984867585495,0.30043936594256454,0.04880802551842938,1.1323158676004454,0.2620990625203908,2.3191489361702127
0.2383761665488528,0.6976813212598892,0.7627717868237218,0.2739240574312717,0.26719559783580404,0.6877003130499482,0.269168164345514,-0.15743940649783777,0.7773520889734931,0.2817826636135759,-0.19455440617972677,0.6142483237931818,0.33939921080862845,-0.19233396796254143,0.6492874858310951,0.2592051635515247,-0.2415880817682488,0.8189294606764119,0.034849989825502824,0.6948940050898277,0.7266229258311858,0.08410984763299255,0.23416000490255387,0.7404097273310677,0.10360962647923229,-0.16107800857565518,0.7744372531696966,0.11940507285941479,-0.17788109240700528,0.602408279907221,0.06794830656723468,-0.2017344789862013,0.6485920925955659,0.11520953659669965,-0.22591955110999773,0.8361324038494053,0.10938115855402551,1.262445378467911,0.7665757969414084,0.1370478141453593,1.5012677160377017,0.7450567721963129,0.17314683478063592,1.3656925775357551,0.6560443669850811,0.266420180675527,1.2172917727757975,0.8427373821831987,0.4198539891492883,0.9998623946354767,0.7370159639856548,0.537932577181822,1.0807126441992063,0.5850700408012319,0.6206658161519532,1.166741257160521,0.4953358162689171,0.6416583355023038,1.1646420825229917,0.4852988348256702,0.6325550923224397,1.1202338973529966,0.4993828101256398,-0.03842700936995729,1.2036236949709183,0.7562461153552599,-0.06096560439021744,0.9841530105595391,0.5847965433900827,-0.0014099468588228692,1.0566618265759287,0.35597886167822007,0.013255106377340628,1.1340958906283616,0.28700853928716813,0.015783603781055193,1.1338539965034093,0.2508191609558065,0.04991326320978032,1.0987655548145872,0.22456032340254134,2.3404255319148937
0.2362807323987117,0.6963135425340402,0.7650070678080885,0.27373001220280485,0.2677048038126959,0.6851756245527952,0.26877783977252784,-0.1574575926580669,0.7760282982637758,0.2838573286572067,-0.19548102887725322,0.6173829594634844,0.33993107470271644,-0.1916980614820195,0.6496980630649369,0.2586959327926596,-0.2412440176387596,0.8176972756386798,0.03198552884021465,0.6936357424537185,0.7290946983100146,0.08272756685689213,0.23568186903931115,0.7339760994112012,0.10330811332737957,-0.16057121093205712,0.773427308943954,0.1191941724258579,-0.17476214426405992,0.5990562997563236,0.06813057470513714,-0.20010493972459104,0.6460187768372119,0.11505424649256256,-0.2260858976608887,0.836413102719243,0.10943952787021227,1.2599131028509414,0.7667675006435952,0.13807977387763887,1.4999245599453412,0.7415328834645764,0.1727596140262571,1.363904597437063,0.6543360272371024,0.2658115953514675,1.2160516597581295,0.8454458085134564,0.4200259012376608,1.0113064541597996,0.7313575181527479,0.5507294853896073,1.068734987225002,0.5534605324895393,0.6463894320177006,1.1399691199515951,0.4674004157724486,0.6697382069873149,1.1292844615636821,0.456518573199257,0.6531021448390799,1.080124581350029,0.47168568001782835,-0.03920616732667947,1.2025906060070648,0.7549739681201033,-0.05687900785272415,0.9949237172993096,0.5854615035187085,0.009608148874048598,1.043102478932334,0.3330570850805775,0.024107370974299165,1.1037615453006284,0.23995361063935355,0.023779903048784565,1.1009192504134884,0.2067954922720408,0.050931341716398654,1.0667442301643146,0.19487345177150825,2.3617021276595747
0.23431570098190865,0.6948086582897824,0.7671365012559463,0.27363486324047515,0.2683492115831928,0.6824258300246028,0.26848722565040667,-0.15779620620181128,0.7745336705588957,0.28585997674270425,-0.19673373754626836,0.6206087484576778,0.3402821213130495,-0.19142304854534345,0.6501890530717537,0.2582351621834557,-0.24078196628146598,0.8163141695941286,0.029180817288855885,0.6922547948135755,0.7313091131154197,0.08136268568402863,0.23731139958075334,0.7270040298792451,0.10301651375590413,-0.16012788216890328,0.772323691508555,0.11922148456482787,-0.17303227847179958,0.5972475451724075,0.06829699705912584,-0.19829346108469356,0.6430730981742079,0.11507868424145518,-0.2267543811182825,0.8367265172671663,0.1102531546928058,1.257034201929256,0.7682551010473272,0.13932980907705295,1.4987070416738124,0.7387166124614305,0.17277769021491002,1.3616082551364024,0.6539689498301707,0.2649939565653896,1.2143053753053885,0.8482349106976916,0.4205298534942076,1.023279165380052,0.7276396281100387,0.5628933108381577,1.0594324423089676,0.5236332946934986,0.665943013620649,1.117767452576834,0.440827717479665,0.6937707553073371,1.1001915192759937,0.4315253522308338,0.6722799710529237,1.045244595610285,0.4507240451884372,-0.03806223298430785,1.2012229556556955,0.7527137036269029,-0.051128646941205134,1.0054004098489786,0.5849389174636823,0.022099476476651263,1.0333150980743262,0.31248887926772095,0.03702000689978685,1.0780353175540445,0.20325084403802862,0.03452302278636897,1.0740111211959915,0.16998899989912772,0.05374084712386258,1.0391097277592338,0.1732920003640319,2.382978723404255
0.2325330081979996,0.6930919641663955,0.7690696252882763,0.27365732683994387,0.26916368732852347,0.6794834422064805,0.2683347121777866,-0.1583739980850486,0.7728843147408638,0.28750148703463047,-0.19768334308272867,0.622357322528614,0.34061546961972217,-0.1912470337248013,0.6502742442673292,0.2578136710307935,-0.24011551357630057,0.8146255242216351,0.026569364668817205,0.6906788964734765,0.7333728613539842,0.08003567596331164,0.23904429719148626,0.7194189995943845,0.10272128116621021,-0.15988419334210813,0.7710627033051757,0.11957030368226125,-0.17246169654780055,0.5962618910876522,0.06844944331093246,-0.19649268025508193,0.6400879992411407,0.11522835743199196,-0.2277051879945811,0.8367668464096025,0.11162875624457418,1.2540844711026673,0.7693504326664579,0.1405117172345007,1.4974462352254312,0.73553858208924,0.1730529637733835,1.3585315535512135,0.6544168234739152,0.2641591900078423,1.2114760448957493,0.8508379463252468,0.42103182612914636,1.0345040252443076,0.7238809878140213,0.5728277300569942,1.0527048165555986,0.4978181236303989,0.6790569190241902,1.1016346707550055,0.415158789644016,0.7114252993167521,1.0791615235076546,0.41106511911990135,0.6871484506604097,1.0185374307377513,0.4335288618523486,-0.035606183994599694,1.1991291124315964,0.7503621876630862,-0.042885450086192836,1.0154901068320799,0.5814037933162182,0.03653433985058583,1.0282839611985404,0.2974507443572444,0.052776491044357984,1.0587296704563491,0.17667555999377862,0.04924364182099428,1.0552256745758855,0.14078821234810504,0.06036532845974421,1.0176537334062472,0.15883697920883585,2.404255319148936
0.2309643144537557,0.6911545450812888,0.7706976907781504,0.2738113819612256,0.2700410825067461,0.6766864968761291,0.2683106194147155,-0.1592073043111402,0.771084355686067,0.2885671095760557,-0.19782195744318776,0.6217213360998534,0.3410592253967973,-0.19082678432720232,0.649265770343796,0.25737159744123206,-0.23928903417017774,0.8125059383944226,0.024250883847840892,0.6889845120022523,0.7351667305139664,0.07874195214651347,0.24088529377095175,0.7112439304243813,0.10239896729096688,-0.15989970328024453,0.7695270929550366,0.11996672304213542,-0.17217266712176094,0.5950132778277251,0.06858727768269429,-0.19483215370299817,0.6372917007171368,0.11550724990006699,-0.22871151750548793,0.8362990440207867,0.11318116913129408,1.2511044393371618,0.7691875194503077,0.14152052151308836,1.4958107735232171,0.7316256467006947,0.17334923236429312,1.354885298913766,0.6551744380960118,0.26349688044134406,1.2076147242404147,0.8522469655295684,0.4210425716673921,1.0449051196392514,0.7150389138952561,0.5796424463918938,1.0480192135292876,0.4766337834571063,0.6871667627052882,1.0917186460017767,0.3902748905630487,0.7217917717141984,1.0658568051656394,0.3929545515870192,0.6952326802516209,1.0008076163737871,0.415828075318287,-0.033158779391735525,1.1961818324793176,0.7492175465758042,-0.032394432335063755,1.0244960664867016,0.5741795049357,0.05337761495522946,1.027523314128471,0.2875289886685695,0.07264000692861636,1.0470909280918483,0.15808407666004182,0.06961743037795012,1.044029452724256,0.12015733389028443,0.07262077453273658,1.002950938702869,0.15041696523986336,2.425531914893617
0.22961561347795195,0.6890384486984773,0.7718579309910372,0.27409967271863833,0.27075495743282496,0.6742761758814892,0.2683651335035912,-0.16035965494733057,0.769156312572835,0.28897878446888736,-0.19710794703373577,0.6189822327953906,0.34159975935167664,-0.19002508640473736,0.6467584037426916,0.25691577392088694,-0.2384748581493056,0.810064891762757,0.02214194649010252,0.687259417208174,0.7365337287955903,0.07745454857297622,0.24287973645220198,0.7026020489706518,0.10206344970066421,-0.1601731954824333,0.7677409264271426,0.12012488265839524,-0.17179563934138986,0.5932299265303254,0.06864963124307202,-0.1935130049485543,0.6350350710790919,0.11591381385743889,-0.22973172458009292,0.8352958363547572,0.11453614742480077,1.2478053235724615,0.7678027821683278,0.14233082405583433,1.4936980744840858,0.7280867367524008,0.17347630067117276,1.3511617146639414,0.6559063313878191,0.2631403955640245,1.2033706428622437,0.8516156106074115,0.4201449629202283,1.0546225881276277,0.6980834310348081,0.5824441258995283,1.0451979286156163,0.45979797914079257,0.6900154850035505,1.0880098391543838,0.3668939054001084,0.7237986351724126,1.0594469455896358,0.37249610394257665,0.6950158430151497,0.9920116166734002,0.3936764761841508,-0.03125116186891401,1.1924836731533686,0.7484720357963599,-0.020226460082302035,1.0310428301233945,0.5618302206086173,0.07288544985487933,1.0296752545534797,0.27917042126167346,0.09816752076260117,1.0443442146382187,0.1476839915604854,0.09657258654810788,1.0402499883730278,0.10878683498702404,0.09239321651512242,0.9956705544129605,0.14717412747111064,2.4468085106382977
0.22849060110719052,0.6868143720685604,0.7724339152355196,0.27449660120277486,0.2711232249508885,0.6722463752596226,0.26848931780970764,-0.16176042111972283,0.7671171122818455,0.28898035062144806,-0.19589974829619092,0.6150024985130628,0.34213383690565335,-0.18878532229819564,0.6428265618826882,0.25654631964196256,-0.23782975819401958,0.8076374240433569,0.020021932487366726,0.685496578879682,0.7376052438666731,0.07615956892840334,0.24510627455649123,0.693695168122276,0.10177530334595293,-0.16062318956163504,0.7659496279584861,0.12010032666340721,-0.17176034960321124,0.5914319719030188,0.0685298172509663,-0.1928345105369676,0.6338808367607821,0.11642768700368444,-0.23074060355295536,0.8338008901888708,0.11567530243965365,1.243767418560864,0.7653969968581518,0.1428064723096157,1.491192191854544,0.7260036090189602,0.17349020599388776,1.347657863649348,0.6563014232927656,0.26306017775548884,1.1993067693915263,0.8495868992320483,0.41832329785513994,1.062710665602577,0.6771740812132276,0.579773797812031,1.044967502558884,0.4474486539821511,0.6843444176393643,1.0907599281252414,0.346321977089131,0.7149714650892263,1.0602486113949643,0.3464711786393852,0.6859845884519653,0.9925302094111749,0.3642921396068385,-0.029281352573883326,1.1885690248300516,0.7450703777877495,-0.006568557813863389,1.0346491030453293,0.5423700751341504,0.09533590323373772,1.0343867927536727,0.2698251082998352,0.13051224236227876,1.0508742880110533,0.14617722850080997,0.129692603709755,1.0451103371745725,0.10472100120743286,0.12067147837971065,0.9968935204335996,0.14749249919156834,2.4680851063829787
0.22758410410852,0.6845148505913365,0.7726035128119162,0.2749334549496578,0.2711864119226197,0.6704006590616813,0.2687023873903252,-0.1632536889338323,0.7649690877492564,0.2889567083739732,-0.19449590153593282,0.6104515820979571,0.342555857795392,-0.18710438243009797,0.6379060494830285,0.256380944658492,-0.23734354267352947,0.8055639710026854,0.01778423462808854,0.6836383290810639,0.7386921873809481,0.07497021704141996,0.2474323382778875,0.6849068196084309,0.10159329333227977,-0.16112994905854355,0.7643818159101413,0.12016426582124276,-0.172383229878645,0.5899283056990112,0.06827541634983342,-0.19294246305429083,0.6341610182150497,0.11709807037997218,-0.23161108206227016,0.8317911711991899,0.11675504368866543,1.2388068261487293,0.7623103693921782,0.14283448209760666,1.4881640471991542,0.7251130306314708,0.17365104110598656,1.3443556345001133,0.6559985403080844,0.2629136583244984,1.1957607615197179,0.8481019667285141,0.4161660709657896,1.0676116124177293,0.6610433355247909,0.5704935254166017,1.048552970215181,0.43926454317928987,0.6669642905190662,1.0994543867568096,0.32853874916808645,0.6929671651581619,1.0690017828000928,0.3160357212389556,0.6681316259345194,1.0031523748122084,0.3273755612547115,-0.026647643213137243,1.185154964126591,0.7369905419768024,0.008310591033185495,1.036814091850298,0.5165546039937282,0.12006476257972873,1.04230482240915,0.260511533867982,0.16806440258088834,1.0646131284040434,0.15184015014202001,0.16725742412204553,1.0584829417543584,0.10525407693002942,0.15614157288557834,1.0064860347830011,0.15022080720881414,2.48936170212766
0.22684288974296163,0.6821143825633823,0.7727260126585525,0.27534177494427853,0.271144929177328,0.6685497750270657,0.26898307535238436,-0.16477926424570616,0.7628746391494001,0.28906549928372643,-0.19289492582059248,0.6058138216434786,0.3428120065402327,-0.18507754360414147,0.6324207538115018,0.256482066569937,-0.236942570625726,0.8040096012408192,0.015592243031406824,0.6816482826135802,0.7398135134330031,0.07410571289452374,0.24944133685680242,0.6767079551126839,0.1015390840940956,-0.16177813078826253,0.763088596443033,0.12051882954662474,-0.17306982747852462,0.5878622017766675,0.06821917846481984,-0.1934760811959133,0.6352011354923155,0.11800206987925832,-0.23228194949845943,0.8291738436490629,0.1176449142504353,1.2332300869213442,0.7591455349176757,0.14252127436752685,1.4841195571447994,0.7243739003011964,0.17412993016516562,1.341039097790664,0.6547977027259316,0.26241246459435097,1.1931873600804868,0.8474279167911467,0.41494584492620595,1.069469206280858,0.6555737025710432,0.5550189812708621,1.056922443486198,0.43404748197004783,0.6375353534219365,1.1125905131061835,0.312732017697858,0.6585479728434221,1.0852534000561527,0.28642117816899226,0.6415633783274953,1.0236037313620805,0.2878696534421286,-0.023750818508674016,1.1825614786125505,0.7256772631727739,0.022731552972461187,1.0398540848452178,0.4885302007725187,0.14514336594209953,1.0537269872819044,0.25397112194720317,0.2063101612500291,1.0825752837085691,0.16167535414512796,0.20703674209113465,1.077951322140837,0.11100756059732894,0.19552362684415747,1.0227683946957655,0.15652347960449267,2.5106382978723403
0.22619058663356179,0.679623982204466,0.7729175597685063,0.2757134019542795,0.27114813677353367,0.66666281108429,0.26928909673478885,-0.166387810661491,0.7612362368292854,0.2892581135522373,-0.19119741816380803,0.6017726383640299,0.3428660080371144,-0.18294993573614846,0.6268734832085168,0.2567999676045637,-0.23669912426897977,0.8029384034221441,0.013727452918295894,0.6795438112082628,0.7405989619114959,0.07364421066385331,0.25081954837921155,0.6693404410359808,0.10158717423161615,-0.1628684655301849,0.762131354186233,0.12113579916550776,-0.17300901581065153,0.584327927721728,0.06872018707282701,-0.19379273232696256,0.6356494449500366,0.11906711557482987,-0.23300822992451656,0.8260448842161735,0.11814085495215047,1.2276945381735618,0.7566080872713633,0.14194642979343905,1.4788979230182915,0.7231480492465796,0.17489146263604288,1.33753196476458,0.6527543080750668,0.2619918087279941,1.1922119356379661,0.8444505485699572,0.4162559312738776,1.0708008441699466,0.6612934203713003,0.535029724320819,1.0705432082278328,0.43139095299974484,0.5982772321107048,1.1284504421048807,0.2993442798815491,0.6160859969236208,1.1070508463555115,0.26302690201137296,0.6075599104274231,1.051136770359147,0.2549858397398757,-0.021553689581659756,1.1807520854626508,0.7147109053663707,0.03336001816710867,1.045160297193229,0.46323299583889377,0.1683493473437474,1.0687637677965904,0.25143560688926603,0.24110227352499042,1.1029973960332589,0.17317685353420748,0.24690177144779146,1.100644193967577,0.12449816618185172,0.23454617832407643,1.0440819035898186,0.16757536200660872,2.5319148936170213
0.22566175169698013,0.6771864421728873,0.7728944168991032,0.2760827679186418,0.2711787891424299,0.6648233974424738,0.2695949867118907,-0.16809862965828415,0.7603157978070995,0.2894496949555464,-0.18982626071314207,0.5989854483930862,0.3426465734276571,-0.18120541069823157,0.6224068077919468,0.2571782717675362,-0.2367817203244177,0.802299282771035,0.012373587580267565,0.6774878488881195,0.7406898411571083,0.07348140558658724,0.2515885423670242,0.662941943380192,0.10167977240609341,-0.16448496145639963,0.7616857892215384,0.12181022895182925,-0.17229736270307,0.5800944461553732,0.06985067361853614,-0.19363256904705384,0.634865032360454,0.12006265648646304,-0.23413982273581568,0.822816351680931,0.11857798534003539,1.2228097503677176,0.7552611302969209,0.14095037787359194,1.4733428079728816,0.7216935209911606,0.1758037892352174,1.3339283560949051,0.6500496065067289,0.26256797779503704,1.1929743578273069,0.836305323476364,0.42101214034544554,1.0744324466778201,0.6762042436863126,0.5125329685290064,1.0894425426959837,0.4320945721347093,0.5524453318816612,1.1456194770467707,0.2896976103071021,0.570434644149705,1.1321526370030788,0.2478451547052981,0.5693738030237339,1.0823429313298092,0.23603537684376075,-0.020260921918023693,1.179568045067904,0.7070847838317776,0.037338329166014234,1.0531242655271655,0.44371091624423403,0.1873444007385953,1.0878318635915105,0.2523862643158545,0.2701453490037556,1.1246737777399631,0.18533163670491104,0.28382121577291175,1.1246486890814236,0.14569435916398227,0.2685713696750731,1.0698875463969448,0.18145923817784418,2.5531914893617023
0.2254696241969574,0.6750191603856734,0.7723148689476818,0.27649216308674535,0.2711200777081667,0.6631078809672974,0.26985844109381857,-0.16984357081023585,0.75989419033764,0.28950297463125785,-0.18895211903780068,0.5974404276143399,0.3421582224176001,-0.18040386512729203,0.6205254306378941,0.2574637604897126,-0.237231769880336,0.8021703991796869,0.01159132156583152,0.6757509351296898,0.7400410016779524,0.07359942706350674,0.25191475267180585,0.6578772323807711,0.10178370951468961,-0.16631899770698894,0.7617773362139297,0.12244504468027967,-0.17169014559492918,0.5767148867126901,0.0714872959967491,-0.19318186092493403,0.6332117514586154,0.12081407990631263,-0.23564427278014755,0.8198893725752215,0.11956250633398344,1.2188027519173283,0.7551768448932744,0.13952363985508462,1.4686710440770387,0.7204035071407937,0.176668951817962,1.330502233162652,0.6469612581088446,0.2644910581512498,1.1946386828524065,0.8239242301210892,0.42886543591827286,1.0813733951554532,0.6981162937246007,0.4900571868710256,1.113009917194525,0.4369090823012134,0.503949444304837,1.1634741729015718,0.28531822247167404,0.5244026073421034,1.1592102948805858,0.24071249609399262,0.5313225887618329,1.1156968026360021,0.23251015843742662,-0.019162495599984324,1.1787697549260001,0.7038988660102817,0.034694307552330925,1.0637987681306538,0.4294716045550584,0.1999862578810718,1.1107772866050036,0.2562852515592917,0.29160010797043356,1.146318861764404,0.198603816958564,0.3133945369327484,1.149442123359395,0.17120801622462153,0.2938233984221276,1.100158257771104,0.19425578393785473,2.574468085106383
0.22582420441795018,0.6732876990077309,0.7711551902300042,0.27699689185558335,0.2709318782469001,0.6614708048999243,0.27002107047723917,-0.1715209164875953,0.7595638003432917,0.2892304915032201,-0.18805832362183908,0.5962060588945669,0.34158803379400376,-0.18075743513803955,0.6218357640770628,0.25758384064124484,-0.23777178319052303,0.8023380385056479,0.011332158518644202,0.6744124959451577,0.7389928765978098,0.074134950442052,0.2518944321546489,0.6545862470826609,0.10192777506940856,-0.1680527142219681,0.7621827476499768,0.12315839719278948,-0.1714312560591988,0.5743897292698388,0.07350710691121799,-0.19259495885940012,0.6310931043407987,0.12136100708337119,-0.23717169264431534,0.8173969839718076,0.12117784163833291,1.2155696423842766,0.7555752613905704,0.13804881422273368,1.4655760993594311,0.7188528899038575,0.17722388712979492,1.3274586277730513,0.6438820036146672,0.26729409677843524,1.1960191941714888,0.8093690191754864,0.4387279944585969,1.090726360380228,0.7236342216675288,0.4707675554452455,1.1398691568593342,0.44597794948890873,0.4578661126905964,1.1820549945950756,0.2873882541529255,0.480241103271106,1.1870077465782485,0.24224086907309084,0.4975993830297042,1.1504206449863033,0.24134839875655498,-0.01775002909814698,1.1783472638286163,0.7046182440222615,0.0279029449176841,1.0769325318285956,0.4182139293696862,0.2057688680168849,1.1363846120282683,0.26299783170029084,0.3036436389286828,1.1672516154452857,0.21278204612651885,0.3320148872575961,1.1748865516723757,0.19684974664142624,0.30899568603198024,1.1339293153009136,0.20299524513259878,2.595744680851064
0.22671014722428748,0.672096415859734,0.7696089593165722,0.2776234004428975,0.2707073268778008,0.6598220956839632,0.27007462957100886,-0.17296932906866658,0.7591502741456075,0.2885307466589861,-0.18647818797559063,0.5940278448252931,0.34114043636769587,-0.18202673401919364,0.6254053174766181,0.25754478684496646,-0.2379424560059745,0.8020561647308166,0.011436103439602233,0.6733040206390727,0.7381159754381333,0.07513528811298265,0.2515040055364358,0.6533960895530371,0.10216677346448753,-0.16962858484266632,0.7627351610577483,0.12403198137507897,-0.17086653521238981,0.5719055567764004,0.07564855747248425,-0.1918555550568931,0.628563112742234,0.12184395233908618,-0.23849909148903034,0.8153125705823129,0.12307113272038953,1.2129585070692424,0.7550224328796056,0.1370502179480613,1.4641694696725274,0.7165968484611268,0.17741838668490756,1.3248719619200515,0.6412971711434668,0.27045269215889517,1.1967885313392521,0.7923929035606727,0.44951263216121534,1.1017743258404442,0.7455817440723995,0.4572610236018756,1.1683069409779645,0.4581710653265933,0.4196453193204598,1.2009229672842725,0.2945336196825075,0.442032962499396,1.2134182615925453,0.2529281071101984,0.4714746581270798,1.184373435053892,0.25730792724002616,-0.01620921331641836,1.1786741478279161,0.708142368939775,0.01936534799494942,1.0922555584602984,0.4096063957912278,0.20568457415918834,1.1630662163491294,0.27202144089520164,0.3057073824932266,1.1871347046878618,0.22644015813317522,0.3389262265684477,1.1997153347641596,0.22009291699991587,0.3152057280390873,1.168818426732326,0.20717535475850984,2.617021276595745
0.22792265792623928,0.6715241160730536,0.7678514599407162,0.2782773616714943,0.27054022708995507,0.6583142350450161,0.27006597371380925,-0.1739712145684023,0.7587086123480259,0.28750238130093203,-0.1840978865823615,0.5903491858478921,0.3408338921725223,-0.18368603316531723,0.6292463781055442,0.25741964794179395,-0.23760685721683714,0.800921751455293,0.011802413838347743,0.672392753568042,0.7377131038926358,0.07642217485279754,0.25070189810237875,0.6545139281067445,0.10250734372837125,-0.17107347723643748,0.7634138017467113,0.12492565051207052,-0.16929765213544845,0.5684514035435682,0.07731943467167589,-0.1910347495275427,0.6259333041062894,0.12225925577750744,-0.2396640976588715,0.8136114831212714,0.12511203865335585,1.2109428021809077,0.7525889531792989,0.13715361108135551,1.463923348570621,0.7142825967619566,0.177662081662538,1.3228054342671203,0.6397239862507123,0.2737903736730196,1.1977555146695882,0.7728289495325374,0.4601415691989781,1.1158064918221413,0.7550221014415966,0.45042707692507206,1.1970171450155977,0.4701496364795988,0.3926175981628376,1.219629449351705,0.30319268004821864,0.4141386828809903,1.2371899356805813,0.2706561349389537,0.45463036320382266,1.2152146122818086,0.2754409520380325,-0.014825705710486019,1.179873699317307,0.7134360434682991,0.010251876542446829,1.1097905549664047,0.4044957118342057,0.20069619647770345,1.1894170849451193,0.28166844555372483,0.29950008290015195,1.2064979779766787,0.23917272774234888,0.3356643287967499,1.2232454191443751,0.239909729716594,0.3139945773267019,1.2026327639098855,0.20811096987920055,2.6382978723404253
0.22921854157594831,0.6716123890268967,0.7660923143490987,0.2787742241469931,0.2704267838472135,0.6573598777637004,0.2700204540280731,-0.17446740821958784,0.7583758672431081,0.286356283314263,-0.18138344417715035,0.5857387339566189,0.3405208745311931,-0.18522767300894447,0.6317310371458525,0.2572640721488324,-0.2370685431986948,0.7994767951891901,0.012555787746614044,0.6719626765684822,0.737589851886132,0.07776531284798213,0.24951660543088885,0.6579016096135463,0.10289285568562162,-0.1723226362857678,0.7641975521531665,0.12555289174617928,-0.16711178185142284,0.5648911403855118,0.07785515062405164,-0.19040373522463042,0.6240729625866781,0.12243425362406586,-0.240704992453732,0.8122934794858708,0.12751482743032913,1.2096940654251036,0.748427715869746,0.13903250522753968,1.4638512065626177,0.7124828801627573,0.17849992588756375,1.3214053222845583,0.6393829506333473,0.27709471795848684,1.1996593882045188,0.7537725147689339,0.4692024371445855,1.1345383106188707,0.7489551727804225,0.44907088851596455,1.2254850613465735,0.47771247644656367,0.37658343458049426,1.2396164849258204,0.31239230587604827,0.39758768163207797,1.2600200796024053,0.2916252462134062,0.4467922587935176,1.2431120380816614,0.2934148501343756,-0.013452116399683862,1.1813355843471647,0.7191934413904307,0.0013495701253839316,1.128785743182607,0.4015926589722684,0.1922409997484046,1.2146094662262348,0.2895510272559831,0.288605711385244,1.2280833239110385,0.2521303217256273,0.32476419213503954,1.2477347771106555,0.25505943046181184,0.3063280985210654,1.2352467143011077,0.2070450011246588,2.6595744680851063
0.2304190779569134,0.6723471488802051,0.7645978573141388,0.2789973259358191,0.27031253624835894,0.6572982834448629,0.2699131969086002,-0.17457543816971097,0.7582360337281062,0.2852282013108735,-0.17909439424893683,0.5816208557072752,0.3400780868880183,-0.18663487122213332,0.6331143337194792,0.2570458355586297,-0.23659543767541277,0.7983704240744285,0.013909660537439344,0.6722934788411894,0.7374427543590456,0.07910254447114158,0.24801614384414744,0.6632517105133355,0.1032699278105907,-0.17331832453902996,0.7651575066855896,0.12569201375841357,-0.16595128878792023,0.5633380315881658,0.07706928021789998,-0.19025490865984018,0.623814817544313,0.12226319084656248,-0.24151850310999842,0.8113895233423394,0.13033029039291288,1.2095821321052105,0.7429144956858249,0.1428137414295337,1.4636123183518162,0.710464411280703,0.18017108194875223,1.3208155025214152,0.639832546374226,0.27984595099161436,1.2023449792493899,0.7398195765291757,0.4754068953245826,1.1567525770999967,0.7336150130760475,0.4506572906696869,1.2539715966093523,0.47895018119900323,0.36898691737393874,1.2639350836725844,0.32443369772984115,0.3897218827700524,1.2856668977186512,0.31227578713326676,0.44580557539170235,1.2711581784616894,0.3100532771299674,-0.01173044349917393,1.182430643253304,0.7237158492319372,-0.0061321790354979255,1.1474237663367788,0.39866629252952523,0.18265097427283644,1.238919601796503,0.29492410402424646,0.27631949896110086,1.2547026033273216,0.26649529959237217,0.30924819593990516,1.2761068348819864,0.26448734997411677,0.2932267324205604,1.2680753356742058,0.20467523289471787,2.680851063829788
0.2315268957178724,0.6736397886094527,0.7634993626413605,0.2789421467383862,0.270174904579689,0.6581760080258314,0.26975645131176024,-0.17423800714235205,0.7582264471151361,0.2842134362528713,-0.17806260752353995,0.5797791975442854,0.33960796381370567,-0.1881714540750819,0.6348165224928871,0.25675801444527835,-0.2361515491064949,0.7975650918519652,0.015933539954352614,0.673339357637885,0.7371504274112888,0.08051024706737304,0.24630438572729635,0.6700959162178878,0.10361145316564402,-0.17408874322624818,0.7664538774292918,0.12546848979592198,-0.1673155701975177,0.5655052271843835,0.07545079942868689,-0.19069957777968197,0.6253329691336733,0.12186307818586417,-0.24205470920500258,0.8109902320888982,0.133084006343771,1.211118263488029,0.7366140102983754,0.14751103397561066,1.463959941788046,0.7077877012146708,0.18255801483399248,1.3213369939277944,0.6404021664821596,0.2815398137654423,1.2055282040598438,0.7336608311332793,0.4789776538691607,1.178584599988144,0.7174680112424046,0.45341895430405527,1.2831831342322861,0.4763241706090634,0.3669210995474033,1.2950825374372998,0.34084007336295924,0.38687669557685844,1.3177786541961873,0.33071836855837244,0.4483364559489472,1.3032605420337156,0.32312459722561643,-0.00967110957304824,1.1834992703301925,0.7256697583884368,-0.011003095552477695,1.1648548618327104,0.3956449347266642,0.17290668904321332,1.2638108004852664,0.2992208929608884,0.263852122705193,1.2867976690389773,0.2821828315939306,0.2916246844478261,1.3093058839763656,0.2695646809092152,0.2760303383396028,1.302812744746906,0.2030024111366624,2.702127659574468
0.232696484709441,0.6753736684338438,0.7626654310615352,0.2786348146314467,0.2700327144433774,0.6598391021717527,0.269637582784707,-0.17328403811094828,0.758328605076555,0.28361099615480473,-0.1789898285820487,0.5815440195320863,0.33944937164858235,-0.18964895215721422,0.6371149315594522,0.25649600804262923,-0.23565454687435333,0.7967811469145846,0.018526740217600524,0.6748355018973509,0.7366166897610329,0.08202365602556204,0.24451563353733413,0.6779680741557367,0.10387223073112377,-0.17462486243143904,0.7680304296555683,0.1254088922811866,-0.17120019417587953,0.5714387289945015,0.0737594916312006,-0.19156448971149329,0.6279959512850528,0.12145694283529075,-0.24233035120403829,0.811122800967775,0.13510337939054506,1.2147875611499712,0.7311205617917199,0.15131941810719313,1.4658110917323057,0.7061289479255407,0.1852360763928725,1.3237101128863384,0.6410174611632352,0.2821872580452474,1.209569606939296,0.7344575047702149,0.4820398684702951,1.1976077105629226,0.7035947397652673,0.4571508824333237,1.3133513342152987,0.47481065434127223,0.3682446613990854,1.3334137680024845,0.3612958772022947,0.3866738358595104,1.3578628472378607,0.34796098006898724,0.4514821390606082,1.3415243649122313,0.33179120299447756,-0.00783226633113466,1.1856211691539136,0.7249527590856953,-0.013143792629474911,1.1819877934933232,0.3937775510137525,0.16192971100329578,1.2912693047902892,0.3030668205250846,0.25105164747221165,1.323560259280724,0.29737923078968903,0.2729724440788945,1.3473272043844462,0.2743543452830205,0.2561522123701969,1.340857255937481,0.2056616026567216,2.723404255319149
0.2340183026843117,0.6774736969932575,0.7618334882285185,0.27812889067390395,0.269868589731109,0.662235123275522,0.2696129227017655,-0.17186533332383133,0.7587230566464449,0.2839250486059882,-0.18214500950672224,0.5870186349701111,0.33990975646555766,-0.19060263964915733,0.639166305756015,0.2563216335475859,-0.23523363366918212,0.7961462528671898,0.021542924397716306,0.6766700838328487,0.735640087331175,0.08357340017741717,0.24273442990114275,0.6866020457454851,0.10400046887704638,-0.17482179110782764,0.7696467495437377,0.12598376118434515,-0.17661203801842862,0.5798490948412482,0.07251391023614753,-0.1924754073121468,0.6307410953522614,0.12113246671546939,-0.24221021976751644,0.8116674566834949,0.13609268434641977,1.2206971326268767,0.7284658361875105,0.15272875759783075,1.4696300699658853,0.7080127750735166,0.18765576954427882,1.3285693814434452,0.6420486728030901,0.2823943411622935,1.2148622516194196,0.7388353545546841,0.4867906562653993,1.2144928883472015,0.6905928198186546,0.4619012351325108,1.3436947203896357,0.477282411492497,0.37168101763015604,1.3766138397297794,0.3848904780847148,0.38895986202413435,1.404314494087392,0.36554608858740223,0.4547634086256158,1.385163236836297,0.3391333130683705,-0.0067927939921438845,1.1894902324512577,0.7226122915395523,-0.013732779800718376,1.1994447215387265,0.39257962471411656,0.14840494012862548,1.3223324179813927,0.30566425259266994,0.23757749954627555,1.3638179399612609,0.30988558446515835,0.25305651092243187,1.3899425068051603,0.28239027832081776,0.23429672346450967,1.3821314100428943,0.2142608807690825,2.74468085106383
0.23546603913778302,0.6798598594765484,0.7609282217020022,0.2775459715607359,0.2695462346006221,0.6656487645211603,0.26965935212245995,-0.17032908637816796,0.7595840115819057,0.2854401477761238,-0.18705822726417198,0.5951050110609853,0.34101316494413114,-0.19109811079939423,0.6411382473922408,0.25617572651126286,-0.23509936667017983,0.7960479717600577,0.02490887611514586,0.6789925512062377,0.7340452754989639,0.08507055438997603,0.2409843320912732,0.6959018036555228,0.1039944219611255,-0.17461531007503173,0.7712322759050513,0.1271805994660239,-0.1827001901232,0.5893594953840426,0.07188129104486747,-0.193181946062504,0.6328920880562477,0.12076460993267346,-0.2414716548759371,0.812541582086553,0.13620079131522583,1.2283545410672323,0.7297372209394316,0.15141929530922832,1.4754601678938655,0.7141866283678305,0.18945307339278145,1.3356705089764032,0.6436990998233558,0.28274012806675297,1.2207965547425466,0.7443210122973557,0.4935168949285379,1.2301236957915886,0.6775912844239154,0.46788848903761665,1.372726045996896,0.48335325158115033,0.37720240321910087,1.4205017833333755,0.411893436614189,0.39555363766244084,1.4535208429552275,0.3836390234477304,0.4603499868934892,1.4315145006495447,0.350059724893134,-0.006565674416158341,1.1948918547523446,0.7197442828961973,-0.014345195593465445,1.215842735189667,0.3896107099099762,0.13147504809136124,1.3554095296720263,0.3074251183468111,0.22261714445965536,1.4054879758442949,0.31911776713801904,0.23034908890482247,1.435310941380207,0.2931876970784959,0.2095799792619124,1.4245657944155439,0.22587938573282115,2.765957446808511
0.2370234302621811,0.6824288601035359,0.7601864128930196,0.27701687863980323,0.26880202860784896,0.6706292783414776,0.2697453805348318,-0.168847766274998,0.7609263594652487,0.28784175761355657,-0.19273156970447947,0.6040558921388729,0.3426869710936328,-0.19184181936642355,0.6444527520414585,0.25598027580562294,-0.23531139095849685,0.7967558329638008,0.028644320209301567,0.6819150371349004,0.7318195268966476,0.0864619901791508,0.23932512078195045,0.7057299555064349,0.10389258809822378,-0.17404930168003346,0.772881917687132,0.12871625221788183,-0.18887052524807413,0.5991271150012933,0.07181165262803005,-0.19379099879085449,0.634590645234721,0.12020590450604406,-0.24003383912701867,0.8138093006793008,0.13561332147427171,1.23682599672949,0.7342674204918911,0.1481868041329239,1.4827264802813078,0.7228274040024935,0.19039638866174857,1.3440646423778848,0.6461272821393129,0.28323382826694743,1.226156998855736,0.7504201355386607,0.5008487948417646,1.242679203020758,0.6665356871371682,0.4766672319775154,1.3982207619417546,0.4921870514224816,0.3865419432177178,1.460942858310965,0.4444276775576077,0.4086659024082233,1.500751791974795,0.40349476764247666,0.4709041274091457,1.4767813728374153,0.3673440398565718,-0.006777765649198944,1.2012491609067242,0.7166156449160096,-0.01648874398524333,1.2285298133635678,0.38374338441680605,0.11074054863987362,1.3858811864530602,0.30895960044808557,0.20448483371703408,1.4450880974470488,0.326001798803763,0.20265004602842374,1.4788379175127364,0.3033696722431507,0.18052384468991672,1.4646494552210603,0.2362647141189853,2.7872340425531914
0.23871304269705582,0.6851535583196353,0.7597874197398622,0.27659720249244607,0.2673938691880384,0.6776140968175766,0.2698667245074249,-0.16746418174641192,0.7626878443780701,0.29031351702518104,-0.19820681340426705,0.6119919121786093,0.3449532428053569,-0.19375877560678917,0.6501818682978002,0.2557406701587567,-0.2357009800648052,0.7982271735895654,0.03273186192025292,0.6853053969870764,0.7291408307330459,0.0877020260089875,0.23787883076305646,0.7157807038655893,0.10372058474891692,-0.17316360355375165,0.7746198365204151,0.13033546169692717,-0.19439188856794293,0.6082902679045181,0.0720923634151944,-0.19458668396895856,0.6362852855101085,0.11946406621958142,-0.23804188202251308,0.815554023703713,0.1345343400230907,1.2451053740893117,0.7395372038023996,0.1442804081067775,1.4903841971419485,0.7308954112686543,0.1903768606322026,1.352758872428421,0.6493322262098697,0.28369435489751416,1.2303861341767957,0.7556867901203208,0.507624854612062,1.2483771534983166,0.6606187766414029,0.4902285708076708,1.417185971447478,0.5037642597263879,0.4019282880117916,1.4943238265278427,0.48224841744681796,0.4291699235173788,1.5398519164133173,0.42731590918330215,0.4877677638425506,1.515719931760716,0.3895390197158863,-0.007203780910200233,1.208288490649609,0.7129821692249156,-0.022031082387685273,1.2352790937824356,0.37787908792804026,0.08661663616516044,1.4079682879607367,0.30910230403581107,0.1813738516978855,1.477371545616803,0.3308931798609097,0.16916548401816947,1.5141628598729815,0.31051031975663124,0.14732999899472898,1.4977697258656288,0.24422485985010794,2.8085106382978724
0.24056975250208573,0.6880872983926407,0.7594253752944189,0.2763011596909216,0.26536562539480535,0.6863749641248822,0.27001934187143195,-0.16622948753460526,0.7647985601553969,0.29205877977489314,-0.20274174083188815,0.6175070593951392,0.3476032850500239,-0.19724813233283914,0.6578633739022273,0.2555134781982828,-0.2359080646012211,0.7999277817356548,0.03703627052942233,0.6889014762945125,0.7262576326892294,0.08877039862272298,0.2366813313988315,0.7256944412536408,0.1034810954719429,-0.1719747718711208,0.7763858973658254,0.13164451716055814,-0.1983930422741372,0.6155363814293213,0.07234604391793405,-0.1957427749529563,0.6381461947713607,0.11864198436751981,-0.2358640562433682,0.8178028646944152,0.1336009450094831,1.2523940519361085,0.7425653133370376,0.14098855900489154,1.4973948466315246,0.7358876233848265,0.18998243369372175,1.360961488282326,0.6521720487409014,0.28424776131156165,1.2338639789008692,0.7572816423681608,0.5136751223434165,1.2450607124812691,0.6608421981344283,0.5086686707694574,1.4269983080762787,0.517221271765921,0.42417413206973953,1.5165639255949868,0.5184274621736463,0.4564174898789175,1.5651253637135947,0.45389293189229307,0.5109991787763258,1.5427641700131614,0.41263330374655993,-0.007805385151425856,1.2158482448097057,0.7088142388930748,-0.03252688263989913,1.234939653457394,0.3766700269915962,0.06000569002976175,1.4176020043265676,0.3072878155656743,0.15260017657839015,1.496790572158616,0.3323279603814522,0.1316116841395543,1.5361020429478653,0.31402964077108075,0.11203753499434935,1.5191487803793957,0.2509500780382309,2.8297872340425534
0.24262471228197974,0.6911948438785693,0.7585244467469054,0.2761818925708215,0.26308804952761833,0.6959255889919845,0.27018297196736774,-0.16520038205794607,0.7671924755480717,0.29275028099786127,-0.20581018980331323,0.6202162077728,0.3499617669323548,-0.20136513879422735,0.6651455302635577,0.25532999772850745,-0.23566243366828288,0.801200874485437,0.04143147036244202,0.6924491835812371,0.7231023133348295,0.08969577758181217,0.23563792505415235,0.7351951868876128,0.10317470719869401,-0.17059644361423343,0.7781281500321426,0.13210373004055972,-0.20041912308466234,0.6200332316339152,0.07213992180967907,-0.19729735831924283,0.6402602243432134,0.11780126154362276,-0.2339557361062265,0.8205537759445325,0.13377926451551422,1.2582383544864473,0.7418347669895857,0.13958097126149577,1.502629770068896,0.7362735792602665,0.19044974928420078,1.3679012456082373,0.652585110408682,0.2850205750778685,1.2372599348688023,0.754331008112562,0.5186569580440651,1.2345071222074466,0.6647308448193955,0.529784137709048,1.426783837181924,0.5296018188921373,0.45251587615671984,1.5250743268287086,0.5432456169470594,0.4891414290995927,1.5748943060994705,0.4782979659168363,0.5399279278104437,1.554620265188894,0.434053998405855,-0.008450392805855736,1.223189657389247,0.704336364293308,-0.04774092174014094,1.2274542490306746,0.3814069572354866,0.0321073642899736,1.413982533115231,0.30463951440519754,0.1189187061238848,1.5006648373179554,0.3289635839599787,0.09278092589546877,1.5427804852343885,0.31395666280602325,0.07619239683079322,1.5258244044412812,0.2563922423458528,2.851063829787234
0.2448273130800839,0.6942823967843408,0.7568182281618001,0.2762944871120054,0.2609537147651695,0.7053025524777159,0.2703445143787231,-0.16438140354210592,0.7698080549504289,0.29242754851002895,-0.207288103838923,0.6206634797147337,0.35121914347364824,-0.20461542849388845,0.6694835052678717,0.2551987742041082,-0.23507352500291495,0.8020015409248301,0.045883176440448974,0.6957728927594176,0.7191812046111176,0.09048888965327978,0.23472043789387048,0.743954594424646,0.102803740230138,-0.16922248253320446,0.7797869532760496,0.13147504560668333,-0.20091204912298385,0.6223399081746831,0.0712671603990275,-0.19910540607760846,0.642764621766643,0.11693759119380491,-0.23249768631314427,0.8236749156601246,0.1356235755107155,1.2626863857576704,0.7371713144985308,0.14087942149614352,1.5052044663972366,0.7311688695057792,0.19242508109500187,1.3728425655560033,0.6495504599317347,0.28575073299537485,1.2406270494605336,0.748571750299507,0.5213331081827032,1.2203322128366636,0.6688986210246715,0.5505338405906582,1.41728694921967,0.5373595789643627,0.4853894288644627,1.5215355870908644,0.5528630614494575,0.5257496150232576,1.5711692810132205,0.49658059995889203,0.5730466258657625,1.5511420428532159,0.45372348408787583,-0.00887489883658336,1.229005046756026,0.6997701206165763,-0.0656847034927088,1.213496458089203,0.3896367225964287,0.004966629376075795,1.3987872047668215,0.3019037884476302,0.08231846248244497,1.4899930427082875,0.32210670431983024,0.05529483772854659,1.5349964630206432,0.3099843250525328,0.04021726541977391,1.517792981030282,0.25818089360474367,2.872340425531915
0.24704916032627386,0.697211229688195,0.7544956595743364,0.27661561514877864,0.2591075312938264,0.7141909862686142,0.27051324999807363,-0.16370881842255103,0.7725754335952759,0.29120855552617003,-0.2074027116306822,0.6198919628876343,0.35099341231243997,-0.20657854963007435,0.6706095652793213,0.2551300685608906,-0.2344245391312037,0.8027972033257548,0.050353583833970574,0.6988247272822407,0.7142909249980587,0.09110430987215887,0.23403312396255496,0.7515635708904929,0.10236139691614671,-0.1679626328259451,0.7812525639544441,0.13005989936637996,-0.20074037554098892,0.6234288081318774,0.06992984840478922,-0.20078713470667867,0.6454881315482708,0.11603852863162625,-0.2312305833421467,0.826809245930257,0.13871918300031078,1.2661291605997562,0.7289751261135567,0.14457653218731858,1.505519338201058,0.7208976202272848,0.1954892067366222,1.3755196201555069,0.64367286095218,0.28626070415651483,1.2430417633545703,0.7420068715069588,0.5206550207047418,1.203947911766386,0.6714073782968171,0.5684763587552446,1.399623123408707,0.5392609741826722,0.5205078948029386,1.5092023395266223,0.5512739499812959,0.5640306941969555,1.5560022736186314,0.5080431638964976,0.6076987251558598,1.5337590259536047,0.4711300219806827,-0.008913011589287383,1.2323126618334113,0.6953530762681817,-0.08358715753055895,1.1934972018080858,0.3998540884501459,-0.019064544961106173,1.3739929416640004,0.2993116485302332,0.04621174579749497,1.4674721017213073,0.3140216008165413,0.021783034579372206,1.5143764637427954,0.3010332839636637,0.005681449368754452,1.4965230852071674,0.2533313283897001,2.893617021276596
0.24920430644630984,0.70000401873981,0.7519566935141254,0.277079769527035,0.2574696979601282,0.7226253125784691,0.2706772652405879,-0.16317715963769058,0.775417708149423,0.28934600654071474,-0.20641764347575142,0.6190840568892353,0.349540267240404,-0.20753388028112096,0.6697622609507732,0.25511496528241207,-0.23383965652247699,0.803936106459507,0.05470104712251545,0.7016208675399555,0.7090649237938138,0.09148461063238747,0.23366822345732305,0.7577742162641776,0.10184072201231784,-0.16678121108545702,0.7824205125546418,0.1284799702634587,-0.20027522141163773,0.623458179693157,0.06853790061717878,-0.20198878710106247,0.648006907991497,0.11514525265434977,-0.22987629254531772,0.8296677297144329,0.14197409370493377,1.268788176775874,0.7191895103779199,0.1493484678300078,1.5050149399011488,0.7076308935333729,0.19902586996937338,1.3764622251849101,0.6357422449752952,0.28700263487222816,1.2436001651969568,0.7365604451213279,0.5168063745685494,1.1841233982709265,0.6715073609465376,0.5825239084507803,1.37468074806148,0.5376453955213727,0.5548990832433361,1.488875819070016,0.5441916837227909,0.601156971589593,1.5303301274665375,0.5137747416728037,0.6404988502213335,1.504320744336387,0.484531097779403,-0.008707917348769287,1.2330341966017855,0.6915053976471718,-0.09837112580648434,1.1679292178127836,0.41302732569248507,-0.03862159868076872,1.3412075684974507,0.2972090355655509,0.01460680038963761,1.436117685473347,0.3044300264221946,-0.005755650994732471,1.4826634424847698,0.28620762978838776,-0.02334108960654024,1.4633047572833395,0.24075077742017437,2.9148936170212765
0.2512427820644698,0.7026383219402006,0.7495860977684187,0.277669048807146,0.2559126176908112,0.7304822213659345,0.2707862395894327,-0.16287500433315938,0.7782737634080155,0.2873691708399345,-0.20455018783890846,0.6189122714102451,0.3474246425019863,-0.20723170090708545,0.667284043464918,0.25514781972012773,-0.23341853405982788,0.8055544416297067,0.058705672125494955,0.7041433533097213,0.7043440021717087,0.09159844825845699,0.2336388372842645,0.7625620528642967,0.10127559325483432,-0.16563526068108453,0.7833271000887321,0.12729754796135112,-0.19926574430133762,0.6220199151267349,0.06739665882573523,-0.20253929516895636,0.6499273459907667,0.11436945111091604,-0.22850417056098304,0.8323195261469534,0.14440202018671427,1.270540930564704,0.711261073353217,0.15384883858356138,1.5047478034763313,0.6946091460327026,0.20266672045019002,1.376595799827737,0.6262610232687725,0.2885615775996587,1.2424767208239669,0.7343972138590753,0.5105262889049349,1.1601689343020511,0.6697126614589679,0.5925200202849074,1.3432289928236978,0.5361008468312722,0.5857356450752895,1.4595841436444454,0.5335860881287433,0.6340422457337169,1.4951250464912265,0.5149185313674055,0.6683338809290928,1.464951514238046,0.49343333336063766,-0.008641817160324368,1.2314101863801281,0.688750566870518,-0.1072083731901168,1.138400151975039,0.4285525882416078,-0.053237458949234616,1.302560371786086,0.2949238327771206,-0.010172405855300947,1.3984893423423268,0.2916218691375527,-0.026767070830885163,1.4419957703690982,0.2664025427145079,-0.042290836627868186,1.419742927309204,0.2221044012118121,2.936170212765957
0.25306209107900884,0.7049695649016017,0.7476084180131723,0.2784210389103349,0.2544034609494106,0.7374288075816321,0.2708272988218726,-0.1628071010243275,0.7811122969117539,0.2859327837027822,-0.20212970737601746,0.6192778038771046,0.34513546088616665,-0.20535293991837303,0.6629154395902568,0.25528000316124744,-0.23342153973109173,0.8077870705677538,0.062202379541730676,0.7063181980107116,0.700416535029884,0.09146410303261933,0.23391436622291922,0.7659883548665272,0.10075331993579881,-0.1645999825880543,0.7842045015418754,0.1267277122065628,-0.19740547378836773,0.6186864137429642,0.06665454431672074,-0.20233338342764107,0.6508774286954906,0.11381935741436704,-0.22729889295189687,0.8349378678180336,0.14547756379078944,1.2711574717350358,0.7078149603915878,0.15751765924071076,1.504872284843794,0.6844426055696977,0.20608487224818617,1.376369418507439,0.6161816092227163,0.2909693591609534,1.2403833045625563,0.7362411933926636,0.5020660823772037,1.133251033497542,0.6685497529117905,0.5984746067646141,1.3061825106513483,0.5363140940842832,0.6112400595859092,1.421426021038312,0.5185719046878486,0.6603166627754211,1.4517756930564547,0.5121049068961246,0.689204738972393,1.4176371477307368,0.49930107150377395,-0.009024138965768877,1.2272620986278229,0.6872520904524251,-0.1086922527599212,1.1066868955122187,0.4428903051669177,-0.06279092211558825,1.2605156421082235,0.291175038737851,-0.028262644011900706,1.3561578995856667,0.27668503026423796,-0.041674135508003904,1.394852153016632,0.24453354658092918,-0.050074611724370166,1.3685651654274515,0.19968686961360452,2.9574468085106385
0.25454552410826575,0.7068856291519221,0.7460856751963687,0.2793636621303818,0.2530252551600982,0.7431846746436923,0.2708568602096994,-0.16287244009456042,0.7838997596471924,0.2854999158302497,-0.1997733915772191,0.6200615594241374,0.3430440716295241,-0.20239327451829262,0.6573972838516157,0.2555700408171812,-0.23403158103292096,0.8107056498605225,0.06517365304533586,0.708041999733529,0.6971980785994945,0.09120905851189914,0.23438587386889434,0.7681367822021327,0.1003542099955189,-0.16381150769795205,0.7852770545645248,0.12666087310030383,-0.19483622484587318,0.6137038528997775,0.06633634568254007,-0.20141951337116254,0.6507399466614885,0.11351175613412468,-0.22630380445462203,0.8374635972981329,0.1450658883611094,1.2706238203297013,0.7093255125324508,0.1604380698055955,1.5051353354489512,0.6778788311431156,0.20897611784234454,1.3755382127277451,0.6070067234551658,0.2938469600846221,1.237463825031188,0.7407854999021231,0.4915508805773804,1.1046649431489404,0.6712751871000054,0.6007806140525931,1.265090776252402,0.5384631595125058,0.6311654596227785,1.3768832311152357,0.5004182933140606,0.6795226377099157,1.4021843208551605,0.5064292931066654,0.7022574187700314,1.3642503367483902,0.5033880080090555,-0.009896351447944403,1.220385588361032,0.6867651871283023,-0.1035729400635266,1.0736221410192388,0.454061414637238,-0.06742476880454386,1.216827398392543,0.28629686584332736,-0.04078059889953528,1.310627185451565,0.26385709829482473,-0.05136708829191153,1.3433851816860496,0.22427662838200627,-0.05017431006301998,1.3131212041432516,0.17557748264571865,2.978723404255319
0.25562101540420107,0.7083660306582598,0.7450387285437161,0.2804672837065877,0.2519055020435698,0.7476664080059873,0.27092292992167083,-0.16303976785353097,0.7865638380637288,0.28602136743769413,-0.19824129481091798,0.6213113502677433,0.34156083946523663,-0.19932109200918208,0.6522958782537843,0.2560055401723877,-0.23515348540115982,0.814196775635133,0.0676951191615708,0.7092560968107104,0.694604863210948,0.09106876651629912,0.2347953223508449,0.7691486548314792,0.10009587025020122,-0.16339318866477087,0.7865140648774138,0.12693217367450588,-0.1921939313427837,0.6084151601316112,0.06629098368165968,-0.2001903371317366,0.6500074054121435,0.11337621758280092,-0.2255212673242042,0.8396530436015274,0.14348679900155348,1.269306298363522,0.7144073145782053,0.16277186167732022,1.5052499420850916,0.6740270168631434,0.21108562486247756,1.3738291496613337,0.6002085457168822,0.29683262805704025,1.2334852864385364,0.7464100428068794,0.4796619502644045,1.0749741413792653,0.6793125302761811,0.6003723418458284,1.2219858509316779,0.5428689319435728,0.64653079646916,1.3294305778970343,0.48375651649797835,0.6927518325139066,1.3486188743126228,0.49984548687242336,0.7075904031423286,1.3071387682630817,0.5043793545936244,-0.011107846568212357,1.2115275934764242,0.6871233581837255,-0.09414036521093369,1.0404316106967144,0.46423008556002643,-0.06734511442921333,1.1719386390415052,0.2822583595429385,-0.04907464386633647,1.2636981029970964,0.25649604757243094,-0.057081930045892224,1.288734052093207,0.2088128261919701,-0.047128166786403414,1.2556615888288893,0.15400078197932343,3.0
0.25624257466891287,0.7093990724094512,0.7444622627726237,0.2816511925653679,0.25113897307676003,0.7508850242336774,0.2710199208360711,-0.1633713897520438,0.7890201797204885,0.2867648321231151,-0.197670830000653,0.6223476742135483,0.3409676810693927,-0.19697878958062442,0.6491410319093358,0.256531934820672,-0.23659776808729666,0.8180563247735169,0.06979532397393796,0.7099802710910568,0.6925067301640511,0.09117112218556159,0.23490724593831466,0.7692123382741974,0.09993953150597495,-0.16342295334409945,0.7877109295023295,0.12739782502822294,-0.19014589273213092,0.6042270759088227,0.0662892371622752,-0.19918726281308305,0.6494281658920448,0.1133176950637904,-0.22506140592449558,0.8413740628760559,0.14147254106955742,1.267752515321803,0.7206711775072605,0.16461480465077274,1.5050920080362211,0.6715948590881313,0.21231801235921743,1.3715897967215303,0.5962947368635115,0.29967434914117796,1.2287768110550075,0.752227776047212,0.4673676742804802,1.0453910050158415,0.6909617183171209,0.5977447702840004,1.1786179045030238,0.5493641252015948,0.6584176396116836,1.2810283925713157,0.4727011534792554,0.7007862259543248,1.29323985301242,0.49337592759849425,0.706592459558099,1.2492202166214135,0.4994217244497319,-0.012463215705234499,1.2024796972589478,0.688291757461158,-0.08278614084324226,1.0095261582675974,0.4768014550436136,-0.06325566017526857,1.1258829456018915,0.28151038151736335,-0.05466452776947656,1.2161838305443038,0.2541142880954377,-0.06008682984921486,1.2316868787916875,0.19988016926425828,-0.04343798797428733,1.1970730245495014,0.14092033331892326,3.021276595744681
0.2564373945667269,0.7100100127479023,0.744225476505439,0.28282657489524804,0.25071651490242974,0.7528986267731369,0.27112429271694766,-0.1638950950205727,0.7911998282593902,0.28684979171602376,-0.1973164818436047,0.6220043587818116,0.34100242787133167,-0.1958393360322211,0.648846466321883,0.25709814810419684,-0.2382411971154337,0.8220567766545963,0.07142602776857396,0.7102854146899227,0.6907818289747663,0.09137625707723729,0.23477905436617832,0.7685240643716122,0.09982621003377991,-0.16382866623547754,0.7887356080132009,0.12777659040270017,-0.18910946721488045,0.6018718326006905,0.06621203125819725,-0.1987695063060605,0.6494066827078884,0.11329144633737274,-0.22503460685889476,0.842769800404555,0.13967234870025627,1.2663898690411417,0.7261414444627208,0.16608923021435895,1.5048377643757345,0.669772878196806,0.21298879877942295,1.369642792256649,0.5942054814324919,0.30205958821873136,1.2242150337122342,0.7576858843152448,0.45520257604025327,1.0188492524966777,0.7024374233039439,0.5922037014526811,1.1364470769206965,0.5565443877303282,0.6668335548065518,1.2320918630215454,0.4684016537802501,0.7035015437335315,1.238475360184392,0.486068545807683,0.7012011080529759,1.1934325881370988,0.4887985890126654,-0.013741158441062936,1.194958836980658,0.6901451077433349,-0.07081807367117539,0.9832376077892763,0.4927498309063961,-0.05661070925715002,1.080318601421183,0.286276169462273,-0.05818871189916609,1.1678788521911676,0.25352217156916634,-0.06119695014847092,1.1742788405816211,0.19727809423576984,-0.040008463769810786,1.1387974098661242,0.13989833464484241,3.042553191489361
0.25639498060312016,0.7104109444202401,0.74414060301454,0.2839402825733776,0.25047436314760674,0.7539481894794107,0.2712237222869118,-0.1645524280803955,0.7930338939866715,0.2860617273732633,-0.1965523585832379,0.6200159364933822,0.3409785522246047,-0.1958138556935871,0.6508094100970798,0.2576476788438719,-0.2399507110069672,0.8258904042534838,0.07261407188808977,0.7102993814850258,0.6895186251910552,0.0915024790418906,0.23467461178917068,0.7673549040075781,0.09972887843514842,-0.16436686389459187,0.7895871139874634,0.12777122190959037,-0.18928595500940548,0.6017732735108428,0.06606004709114531,-0.198988957883465,0.64993464609416,0.11332563992539842,-0.22528598154317664,0.8439945199674962,0.13839261491795393,1.2654283663720785,0.7298445701352234,0.16724293753408703,1.504720851378217,0.668330372457651,0.21353529176485736,1.368412449521417,0.5925171673819315,0.30353503979324264,1.220395820150864,0.762044295905188,0.4429353354075392,0.9987893932966153,0.7102533067113197,0.5829052586540386,1.0970650618320712,0.5625535168315394,0.6705963054343755,1.1844234908928637,0.46993584851361353,0.7011079299307792,1.1870372684796078,0.47682750316336353,0.6923959211714052,1.1420426715018221,0.4771131356574099,-0.01466469263938494,1.1896674492401746,0.6924911187148417,-0.058576150394863004,0.9634751153635306,0.5106357095409864,-0.04821865248289246,1.038492116652426,0.2970665959360121,-0.058783758374624184,1.1194564102318947,0.25273414770353714,-0.060275318249684254,1.1196355074491775,0.1996723764912745,-0.037390753563758115,1.0834490480486028,0.15051833655025101,3.0638297872340425
0.2563571061801153,0.7108931534687599,0.7441704073473582,0.2849668403395945,0.25016468997105223,0.754505904792031,0.2713159646026378,-0.16525317882574972,0.794448613020288,0.28471703030161133,-0.1954325420186355,0.6170498622753972,0.3403958880688136,-0.1965071701333463,0.6532365717271789,0.2581311479102592,-0.24156578222061173,0.8292495812686895,0.07350728979143403,0.7101129808902085,0.6889074082466695,0.09156453570619114,0.23473174028116459,0.7660245338892083,0.0996760641421652,-0.1648269001167652,0.7902801283697091,0.12736362093667822,-0.19033845464563912,0.6036026269836555,0.0659368776648094,-0.1994520960422981,0.6505579893060865,0.1134584091359415,-0.22550743785124377,0.8449841761320197,0.1378368930210181,1.2648908968495751,0.7314953610727704,0.16793867086626424,1.5047428853722944,0.6674030356789757,0.21394816161465308,1.367618442333309,0.5911842115439713,0.3037840026619686,1.2172237799231587,0.764619653669084,0.4300411785685515,0.9868404880122886,0.7124858249506145,0.5704142435973838,1.0619396820326699,0.5659082851562164,0.6685105445388095,1.1423014525830602,0.47631301011631777,0.6948077941317012,1.1407020097626945,0.4666723220345087,0.680770457119594,1.0956944700831817,0.46905726476108656,-0.014992736759354216,1.1865272117847883,0.6950315371020643,-0.04637228360714993,0.9517417070258193,0.5296273711198396,-0.037515086854739206,1.0025108666544935,0.3121570228471735,-0.054405311325459796,1.0735541767716013,0.2523858989024772,-0.056208571460728884,1.0700313171461089,0.20479376957917617,-0.03538683007162525,1.033248097771207,0.17009106808865582,3.0851063829787235
0.25637635614909104,0.7115479430051266,0.7444004660967649,0.28583305236619666,0.24961305378151988,0.7551260563301165,0.27140809252908293,-0.16588827721802202,0.7953648671119044,0.2830904152911627,-0.19412480578768032,0.6137491201387187,0.3392679232034199,-0.19770777060829828,0.6549453298534456,0.25853768845235187,-0.24301271560167198,0.8319713585470672,0.07417651895415635,0.7096628635567156,0.6890354251816624,0.09163794107777354,0.23482124387940925,0.7648249954271104,0.09970787405121734,-0.16519363997631603,0.7907670100956169,0.12674131467450228,-0.19133932161905154,0.6057602740166159,0.0660433277648941,-0.1994863150591283,0.6504861401045335,0.11369908318132775,-0.22565995675089984,0.8456444903918368,0.13805844609046194,1.264611963090589,0.7318120921065405,0.16804939865183116,1.5047856232376622,0.6671630563851144,0.214000612575284,1.366966005871012,0.5908854293183727,0.30306361434104157,1.214255640844335,0.7655518958094836,0.416542320004922,0.9819060855896709,0.708515080585632,0.5566494310025449,1.0317714553178672,0.5657790931952125,0.6610153920712893,1.108766727641598,0.4870565995591812,0.6864286800911825,1.0997144925018785,0.4579510773775588,0.6677987305207271,1.053483741417007,0.4665392767048008,-0.014688083552144817,1.185213004363311,0.6974334060269989,-0.03478143980885762,0.947509814976854,0.5504912276941686,-0.024200908447253783,0.9718052823220285,0.3290171093099475,-0.043003092252333536,1.0335438478514016,0.25194854942631684,-0.04808244743276484,1.0258622725621571,0.20879530672179814,-0.03213911073542596,0.9883551063196211,0.19463689890662417,3.106382978723404
0.25629701850053616,0.7122671735129331,0.7449061816798124,0.2863608939807796,0.24881621435081916,0.756165334175889,0.2715121926112467,-0.16629681150853853,0.7957042932745619,0.2813801803171227,-0.1926602585787615,0.6105150303607523,0.33789516043172174,-0.19933690913184876,0.6559785023059571,0.2588731690807938,-0.24430672518787247,0.8339823271994604,0.07457003934824716,0.7089471600079412,0.6898077218595711,0.09166443813031755,0.23472950875473172,0.764146344870723,0.09981873632469143,-0.16552264288904883,0.790975799327507,0.12606155295458996,-0.191583918161338,0.6066377024254176,0.06651468466290666,-0.19873623459957868,0.6492793128531781,0.11401397028525434,-0.22593903770422352,0.8460362477935032,0.13875249456859717,1.2642720408884902,0.7323905626698801,0.1677763458347305,1.5047992110341302,0.6674068436668427,0.2138072391890143,1.3664371035176828,0.59134473823993,0.30215036860182637,1.2113666344304437,0.7657936504129157,0.4033256597081705,0.9814954150403083,0.699545983408439,0.543643449906241,1.006528571941956,0.5624939952688638,0.6503576613378955,1.0828957186882437,0.5004611331383941,0.6777873307838558,1.0637008911249555,0.45145176143721943,0.6548466558120833,1.0155725721711395,0.46786265866260984,-0.013987375359758986,1.1852226378786017,0.6997073638230057,-0.02454558037147326,0.9481403686550929,0.5728231734060898,-0.00955869713842135,0.9450694398555107,0.345288916148157,-0.02516954322558508,1.0012975446750558,0.2480733139712357,-0.036448801353568594,0.986795240683044,0.20806886106291056,-0.02499398091036272,0.94773535218781,0.21922133970198135,3.127659574468085
0.2559548658564977,0.712889532840047,0.7458134959375944,0.2863537361812159,0.24793947372577926,0.7574906512243511,0.27162225533163775,-0.1663748406645536,0.7954818439592165,0.2798003602902436,-0.1911694093915687,0.6077114273082528,0.3365131968084406,-0.2012049379698216,0.656714670069045,0.2591257570091464,-0.24542101757347648,0.835209320615636,0.07471474217962178,0.7082535347120404,0.69093492336022,0.09149141049511157,0.23434773868976846,0.7644154610075198,0.09994595830340956,-0.16577839294798585,0.7908738258305272,0.12539552301641124,-0.19095770643443677,0.6057433179117896,0.06729873046366946,-0.19734176834909298,0.6471412546936551,0.1142906926335581,-0.2263735607700974,0.8463103606227204,0.13950792446967622,1.263627907229691,0.734188522641033,0.16752359708610834,1.504788776723994,0.6676459046148966,0.21366792987992933,1.3659456736477673,0.5917229775779094,0.3016741022556737,1.2089630943212384,0.7660971979736595,0.39164108076494575,0.9835280755765025,0.68929199440813,0.5326987486000446,0.9861875480453657,0.5579398205522234,0.6391726544093385,1.062537331536721,0.513110508511218,0.6699028453221687,1.033154275159445,0.4458532563203424,0.6422769106011625,0.9843442828539837,0.46823778744104505,-0.01324183476579838,1.185845376974742,0.7021414245040734,-0.016509964819202062,0.9511392578254673,0.5931467490342718,0.004394255084160215,0.9227126652592096,0.35841187093120885,-0.004975827656157472,0.9765660466624794,0.23938789769537644,-0.02297698149319824,0.9536203655875783,0.20180323794814542,-0.013228705691398501,0.9123110293180182,0.2390031747177959,3.148936170212766
0.2552989619097789,0.7132576197984872,0.7472927135995024,0.2857623106085869,0.2471508545766221,0.7587279049779525,0.2716956797693107,-0.16622707850773238,0.7948938275825359,0.2785328411857364,-0.18997835481371916,0.6057606820789532,0.33523853337445575,-0.202922424811042,0.6571118602692446,0.2592678895541396,-0.2462846296198272,0.8356894400001733,0.0747039645359649,0.7078688604591483,0.6921856293928474,0.0910040195050769,0.2336434527929182,0.7657627359539678,0.10002822023038442,-0.16591806155644434,0.7905430247146646,0.12471486193461812,-0.18955084424525512,0.6032990079425506,0.06824736800536219,-0.19565403394319528,0.6444812460938554,0.11441367903430333,-0.22677839891424578,0.84652158979228,0.1401115882526148,1.262734689889118,0.7366395054490769,0.16746154670412183,1.5047584393719204,0.6676624354755456,0.21366766083319413,1.3653384301308837,0.591815112150718,0.30166505392660126,1.2074799151142606,0.7663713413473032,0.38268350272338303,0.9867400837381894,0.6814904695638497,0.5244705209795713,0.9713703097523123,0.55399536976669,0.6293943840069482,1.0479187881107048,0.5220566135987783,0.6630807466844532,1.0101574422960509,0.44000144258515755,0.6309732960504568,0.9621492252391025,0.46326534167083566,-0.01268865040277153,1.186364715671769,0.7048013110957513,-0.011138377049852342,0.9548909673756131,0.6073402850778045,0.01619914650330001,0.9067665460072671,0.36576620397979726,0.013093904623499943,0.9588338906206406,0.22884538689710365,-0.009415204700086877,0.9286320454381374,0.1918031758301495,0.0005381197208095172,0.8858654063464807,0.24996554149167916,3.1702127659574466
0.2543973201892776,0.713268017686352,0.7494030811360499,0.28470157011967195,0.2464318821268667,0.7598654486946447,0.2716837916525477,-0.1660644480406196,0.7942185619207355,0.2777732623328363,-0.1895933298516109,0.6051229032887344,0.3342184210603449,-0.20391766590325905,0.6567202151350189,0.25926384546344083,-0.2469195617146642,0.8356646603826445,0.07451023778536028,0.7077215773380565,0.6936087797143731,0.09020004740932783,0.23265984013330793,0.7679571423926995,0.10006384955048528,-0.1660063521338156,0.7902135535182978,0.12398513106915873,-0.1876559998609517,0.5999769782343173,0.06925019276380781,-0.1940695384280133,0.6416509864305251,0.11440821634564192,-0.2270480491743127,0.8466401145534798,0.14055032813004179,1.2618422341717588,0.7387269559756073,0.1674898260228746,1.5047125110287685,0.6675933853420388,0.213721611936471,1.3646381495303097,0.5918692929486207,0.30169274053117867,1.2070348135150748,0.7663216100631658,0.3778015590557239,0.9900694713478216,0.6769562451904354,0.5195147193158922,0.9635156229580792,0.5501182150732818,0.6223835238420259,1.0412171812468687,0.5254763653500224,0.6578773227570134,0.9973223977988138,0.434340271397177,0.6229670747577449,0.9502926648030567,0.45173680462921495,-0.012390391592777421,1.1864226992473939,0.7073602485246673,-0.008178088337568551,0.9582030072919427,0.6138218014083798,0.025305319894681825,0.8990104245510198,0.3662100520678504,0.026423307190187838,0.949197809845105,0.21957771217469094,0.00266580438529757,0.9144493488830209,0.18117408304882188,0.012922670414333447,0.8720056530666269,0.24977741822886246,3.191489361702128
0.2534100270548007,0.7129042695259388,0.7520060646578302,0.28331281557958066,0.24563502135713672,0.7612085177430433,0.27159450883997,-0.16601272306084908,0.7936757674940539,0.2776651017747511,-0.19020336685729666,0.6058102003596937,0.3336877597506377,-0.20388291019221888,0.6555695000480218,0.2590996014907347,-0.24742147827385183,0.8354291618246424,0.07403084706762793,0.7075373815229432,0.6952900047037449,0.08916122885862206,0.23154628733318391,0.7706748733108799,0.10007977666362718,-0.16610114810255608,0.7900779725701766,0.12344360842414501,-0.1857793176680916,0.5966965965793262,0.07024191863895592,-0.19294434455016882,0.6390137380162625,0.11440410041922168,-0.2272407172288066,0.8467868135781892,0.14089576595165135,1.2611172095623493,0.740201892778227,0.16750874929224385,1.5046638947946467,0.6675672350145289,0.2137710286894746,1.3640434824486014,0.5918648814983549,0.3013846469349407,1.2077314539317714,0.7662673476707944,0.3781788462972172,0.9924101498445075,0.6752362144737465,0.518488423062329,0.9637726782363232,0.5443177689868735,0.6193197675297306,1.0432902010319582,0.5219624356778783,0.655179076923204,0.9959637191578915,0.4299584574378382,0.6198279348819142,0.9495122458949956,0.43570181684678017,-0.012262504792230722,1.1862494191315947,0.7090764510902443,-0.0069574777874506985,0.9606098466596806,0.612917418500974,0.03148307503761257,0.8993894266058868,0.3611530878313318,0.03334749053586212,0.9493314067805356,0.21247110026608498,0.011679496235210854,0.9125368854359991,0.17325408418799623,0.022833810757487465,0.8712973088374663,0.2385373410617199,3.2127659574468086
0.2524663738315634,0.7122077491985224,0.7548065407295199,0.2817034684972603,0.24461278460020908,0.763032888989366,0.2714857431102965,-0.1661046986365843,0.7933766968244188,0.278071667736659,-0.19112880726731737,0.6069567420053948,0.3337902603072651,-0.2031718799766444,0.6547892588507408,0.2588057330342969,-0.24784199166329904,0.8351416024779863,0.07324535460445947,0.7072042019001072,0.6971008686056999,0.08793794302979227,0.2304088371058028,0.7738014509891731,0.10008446864895452,-0.16614437656407072,0.7900991596533208,0.12346723979072564,-0.1842841659949276,0.5940504805389554,0.07111790807481565,-0.192528135614143,0.6369490463713182,0.11446880626933889,-0.22735805269977236,0.8471554548172964,0.14113107561738863,1.2605471325305035,0.7412377877281262,0.1675085798480808,1.5046231195155484,0.6675763668656398,0.21381046685232155,1.3637580668852647,0.5915700751740998,0.3009624344316763,1.2098649975996467,0.7667294019776277,0.38377783212324557,0.9935648780525391,0.6773301850840807,0.5217162645841997,0.9716547389980104,0.5363366306402287,0.620795889888755,1.05258205207096,0.5117552840179962,0.655210866641267,1.005941000443878,0.4266253136026356,0.6218884521989283,0.9594085754599768,0.4189124237437809,-0.01214668811929976,1.1863944505292512,0.7090970436058106,-0.0068426437564842865,0.9623127963948039,0.6048885126692296,0.03421455966559564,0.9066886268133227,0.35290943117209295,0.03322597939481138,0.9588596427370286,0.20768323359811738,0.016405276986470256,0.9226555688417624,0.16962089313188014,0.03072819361743204,0.8824742602375424,0.21796478017091503,3.234042553191489
0.25155888850167707,0.7112106228238463,0.757576649849075,0.27999547253497037,0.24325455556943942,0.7656575368720101,0.27138762480624157,-0.16626972642041069,0.7932656915376858,0.2787329222804561,-0.19151737031473973,0.6077185011444788,0.33437544269517333,-0.20242351411356527,0.655508610795119,0.25840440492382044,-0.24817198246286915,0.8348082375082565,0.07223541091274187,0.7068632336639769,0.6988565678836367,0.08649898118835203,0.229205504022627,0.7774761288861066,0.10007605041563317,-0.1660752042437686,0.7901347791855152,0.1240173906695896,-0.18345575632704345,0.5925455389365324,0.07170244190069797,-0.19289250421541784,0.6357182997863826,0.11456864858481235,-0.2272820353270931,0.8477341083320696,0.14110939625412228,1.2601104164721042,0.7417147012622265,0.16750859715084207,1.5045907537532064,0.667591973385438,0.21383738671231,1.3637650185122296,0.5911838201845687,0.301024305018998,1.2134361815410957,0.767699440254279,0.3932061139208587,0.9951092567078139,0.6843567306830787,0.5288864789271305,0.9860035861394816,0.5276464256332238,0.626068692093063,1.0676051378763007,0.4973794964774063,0.657463833473243,1.0266000554308774,0.4222391360759658,0.6287357660530976,0.9786391437523493,0.4039366216149239,-0.011931378515749474,1.187248908951805,0.707336991786163,-0.007609518785529024,0.9639145207131963,0.5900339467641154,0.033669069530330435,0.9206795968554823,0.3416705995077223,0.028477442892382396,0.9761184034605883,0.20442208230340483,0.017211938981709245,0.9441841957271889,0.168219508174419,0.0366185081753598,0.905195803846763,0.19112441185011886,3.25531914893617
0.2506601789718141,0.7099194942428892,0.7603330557369916,0.2783081325206933,0.24154333200306416,0.7694420255518232,0.2712800961252033,-0.1663119299106658,0.7931691815971263,0.27958759306928493,-0.19131409586537648,0.608243593744022,0.3350904472824602,-0.20197889630484914,0.6574465619571543,0.25788474217584006,-0.24832743673762195,0.834350004700126,0.07111872857064097,0.7066637322897926,0.700533512059944,0.08480705229814293,0.22786228699902308,0.7818331357797055,0.10005733750634678,-0.16591143665909475,0.7901285351894379,0.12472536007950395,-0.1836172967152765,0.5928132155560469,0.0718949839042415,-0.19372984657292944,0.6352883092811725,0.11467917117070246,-0.22697588004904484,0.8484045983053848,0.14078082396681957,1.2598800504243033,0.7415178329036801,0.16751629487886976,1.50456217710954,0.6676248395627004,0.2138241882221159,1.3637546874922073,0.5914192802905226,0.3018132389536116,1.2177444342182882,0.7688769798124435,0.4048018960888745,0.9990806627084104,0.6949063565815273,0.5394138143577365,1.0061052970583335,0.5192615231139736,0.6330654556054682,1.088605608551567,0.48156250391295585,0.6615083160614685,1.0563109809777134,0.41490218272968565,0.6395195317828262,1.0056564718691312,0.3912482703418636,-0.011581817053638555,1.1889474568580851,0.7044990434686023,-0.00938604949747044,0.9666930886788578,0.5697749595846032,0.03183437094506351,0.9420447682336951,0.32641992194255387,0.024202565648207636,1.0011518773576469,0.20068570974690694,0.016688664580380833,0.9768400237293491,0.16515295731805524,0.04053613916939193,0.9390595146974534,0.16258122080407467,3.276595744680851
0.24986088551302876,0.708403910605994,0.7630851803682053,0.27668376498179054,0.2395754710172855,0.7744570549994816,0.271138231119612,-0.16609244603394047,0.7929781172367201,0.280593593789358,-0.19088687092535203,0.608910324601596,0.33565297993030685,-0.2018108514283286,0.6593985341531217,0.25728203807587496,-0.24815819208229387,0.8336710704270206,0.06996935741266135,0.7065321210260619,0.7022107597003295,0.08286386654099984,0.2263587178678427,0.7868738800308572,0.10003381723207412,-0.16568149800496434,0.7900976357208136,0.12547982279094477,-0.1847236367622653,0.5948011612741754,0.07187299182269172,-0.1944795523052681,0.6354193011276392,0.11484306855374786,-0.22655122707016168,0.8491453795360334,0.14035924549855056,1.2598182316792381,0.7411960431535112,0.1675235366697855,1.5045336339522766,0.6676893861795881,0.21375272925734695,1.3634084146062082,0.5927847864174367,0.3030489901530723,1.2218703803619175,0.7701226996553079,0.4175254971106697,1.0063482946097726,0.7054846171687308,0.5526537740175334,1.0307887811702334,0.5116728295059587,0.6392428828620538,1.116099179152428,0.4649154845094491,0.6668254578446353,1.0919068740746019,0.404767963753811,0.6530841975659183,1.037921291500552,0.3816884303412568,-0.011048979916075709,1.1914314549396747,0.7011938085378705,-0.012164279292938222,0.9720260948136128,0.5467294878714274,0.031203782289491864,0.9700656529177732,0.3084543333809429,0.024865006274058535,1.0347594958278106,0.19574077994424394,0.018234987594811937,1.0185647310977346,0.15891374051063895,0.04421550629762115,0.9809894886925355,0.13594722427927822,3.297872340425532
0.24930485440955671,0.7068555095223362,0.7654576338403241,0.2751011113226474,0.23754022581923934,0.780265366454377,0.27096348163199463,-0.16566575504086556,0.7927080681709342,0.28156607187235416,-0.1904047448788813,0.6095279746887058,0.3359469586897539,-0.2018463733546854,0.6607019053898391,0.2567101764382958,-0.24752991230383115,0.8326207544311054,0.06879152728780406,0.7063065431636923,0.7039074956716983,0.08068148468410917,0.22468951712594828,0.7925680896963554,0.1000090715125289,-0.16538996043577953,0.7900574621577455,0.12642120379992788,-0.186321817334799,0.5976554643718098,0.07194718977085636,-0.19496136885063126,0.6360586068251844,0.11508917191540312,-0.22608672820496678,0.8498668415969709,0.14017094746074024,1.2597193834888798,0.7416991116844904,0.16753005434273552,1.5045078408886852,0.6677801780904601,0.2136879291152835,1.3627187103339156,0.59519529260715,0.3042394506853211,1.2252685576513926,0.7711433883642375,0.4310883518558588,1.0171755068641575,0.7133778614676801,0.5675653799449624,1.0581972448578978,0.505804341029149,0.642669801234051,1.149018273675841,0.44579649230160046,0.6725657830062692,1.1300649637176983,0.39318090574614,0.6679111030066562,1.072396407545047,0.3762893018539502,-0.010178784843334608,1.194514071470697,0.6979613435876255,-0.015791398334528705,0.9803769078984869,0.5231828309063771,0.032844546262306255,1.0021627098569175,0.29052665422125923,0.03178009493517136,1.075344499859492,0.19016451038328677,0.023819289348979082,1.064993637519986,0.1510444413566625,0.05045536110060625,1.0265284405232058,0.11209035013058263,3.3191489361702127
0.24907821790859613,0.7054715434299392,0.7669094460545753,0.27355667525747945,0.235709910370683,0.7860758910827614,0.2707775719658373,-0.16515444264653883,0.7924141616886602,0.2823865891625317,-0.18995786271373744,0.6097757728475977,0.3359688371719304,-0.20215058289852494,0.6615756304827664,0.2562536998259984,-0.24642289733398187,0.8310022475709523,0.06757008322082489,0.705984343599746,0.7054701074135942,0.0782946003561773,0.2228697895519113,0.7988258194936243,0.0999821051996314,-0.1650404522300784,0.7900038719374254,0.127555486943494,-0.18806096294320174,0.6006815162403667,0.07219390451448061,-0.19550814809726694,0.637406060562859,0.11537457775237472,-0.22550159443695741,0.8502914196372431,0.1404502993424397,1.259573163075225,0.7432213279454243,0.16754939954368234,1.5044927483456687,0.6678874289486467,0.21372982826155767,1.3619440136326066,0.5982520112167964,0.30495722142379506,1.2277346881204236,0.7712017332655711,0.4454019037960596,1.0319029397255968,0.7183772022942826,0.5825902947489765,1.086840879183881,0.5029302950823997,0.642792803644892,1.1847782474934332,0.4225586632731199,0.678092125957668,1.1688305680576674,0.3810954885500075,0.6819316544308611,1.1081502617249268,0.37276077161600474,-0.008819750590948302,1.1981332515642338,0.6956887547096263,-0.020291814415771714,0.9917131806090194,0.5003242297431927,0.03658338266051063,1.0362161747810046,0.27360740572425324,0.04371133406530578,1.1189254290340234,0.1839158418620733,0.033507023987943585,1.112498407317542,0.14332156291791576,0.06031289996652671,1.0729118362251504,0.09187038704848027,3.3404255319148937
0.24914715985554334,0.7042660277194077,0.7674247583014691,0.27208713986803845,0.23429569866314667,0.7912634958023452,0.2705991561265347,-0.1646148787902207,0.792125606090358,0.28305297076791514,-0.18957110544673206,0.6096151746310416,0.3358447784064239,-0.20257693275137864,0.6621983086258498,0.2558882414837908,-0.2450390042445446,0.8289157581728688,0.06629783306473463,0.7056980107149262,0.7065579909284467,0.07579511088755589,0.22098189196527843,0.8053972367280432,0.09994948615463853,-0.1646349828702612,0.7899245280100233,0.12867892616223597,-0.18981460243745701,0.6036574285168003,0.07247269174233607,-0.19632520365024056,0.6395095826732393,0.1156389521163606,-0.2247212330426469,0.8503165116621204,0.14130283976886188,1.2597361929144362,0.7445998248690555,0.167550208784583,1.504480584737743,0.6679995725909017,0.21383994222203678,1.361264332635416,0.6015041412585678,0.3050240330141383,1.2293572857092934,0.7697096259821453,0.459826613933347,1.050559597731931,0.7212930928031762,0.596019757904232,1.1163053785550974,0.5036880200217166,0.6401367713664641,1.2206716249044862,0.395911811679355,0.6826546440091217,1.2081162176991427,0.36815371157702603,0.6935052838694269,1.1464339580693843,0.36707846527848187,-0.007068242713745827,1.202370035926444,0.6951679114941424,-0.025257003846869727,1.006373225937014,0.47872021038360846,0.042365519228207686,1.072269250555083,0.25713629009527295,0.05941849449795973,1.1616018311197107,0.17749433006202803,0.04706709169221651,1.1598234607947926,0.13691809319476397,0.07254360748208726,1.1196705051634308,0.07833232349702296,3.3617021276595747
0.249351410312,0.7031182994355045,0.7676459305193462,0.27073617654697135,0.23326727909380565,0.795728414444317,0.27043418720997997,-0.16404863491441876,0.7918433128779552,0.2835052634412687,-0.18915666307018916,0.6091701240717479,0.3357866218590794,-0.20252351634516202,0.6619877890830224,0.25555633092106045,-0.24370403438395957,0.826872800295031,0.06498256894543286,0.7055463798558577,0.7070226815584647,0.07332261401820273,0.21918140852948026,0.8119036016030541,0.09990908748762409,-0.16416210826374797,0.7898116880234348,0.12955320509688012,-0.19142635800108115,0.6063910800903474,0.07271909272686414,-0.19723425438477646,0.6420879089868313,0.11583430999557136,-0.2238819026658071,0.8502398370505635,0.14268678218818437,1.2605699583805325,0.7441204669542614,0.1674308192821108,1.5044401210916265,0.6681019675947704,0.21396706681360628,1.360662980930212,0.6045801325061557,0.3044178530880629,1.2306238693509142,0.7667949956110935,0.4733207265614705,1.0730276762560087,0.7213676502275981,0.6063318198116852,1.1474262038078216,0.5062544579057436,0.6353148174809182,1.255330735285751,0.3688469119593321,0.6848492605215852,1.2489725998126975,0.35295287597905134,0.7025238962865448,1.1881385895564842,0.35835017419079773,-0.005296986799660691,1.2071046782181005,0.6965967479984758,-0.029118849718896833,1.0249563887522974,0.4581262603259363,0.0507438905138855,1.111335826811695,0.24169962528246386,0.07857540188325776,1.2014085390092155,0.1729870190173103,0.0650997548747797,1.206528605997239,0.13355837564910056,0.08642016150153126,1.1672790202850976,0.07447327754681154,3.382978723404255
0.24954049561398817,0.7020057884276097,0.768166421372619,0.2695457298147846,0.23242858167192346,0.7996236637703138,0.2702840071751385,-0.16345798080840634,0.7915659153375229,0.283542108420676,-0.18874285071552308,0.6085600765450688,0.33596167035975477,-0.2015747587428678,0.6603059907444347,0.2552373466501475,-0.2425443108159367,0.8252717733900522,0.06370310329450271,0.7055292684021071,0.7073462242528321,0.07101178932031184,0.21762971795487412,0.8179859345929251,0.09986117253433646,-0.16361575841953974,0.7896706232390439,0.13013921706139286,-0.19264441638201518,0.6085173874973094,0.07303146862104942,-0.1980488054829573,0.6447697708153975,0.11590517510994962,-0.2232171922971567,0.8504009904833469,0.1445385925314794,1.2620275807730124,0.740968472159325,0.1671726230762121,1.5043763780250956,0.6681936046774858,0.21455047833541102,1.3602381019242982,0.6072218964041383,0.3032017067741384,1.2321260333881319,0.7631026406041098,0.48508626360484586,1.0989745668406345,0.7174312677624489,0.6122547264745108,1.1812035569581996,0.5063108219177794,0.6287553752439494,1.28880881249682,0.3443167560166476,0.6832543693837677,1.2910766452193134,0.33546913222103303,0.7088102874650875,1.232676019620094,0.34856475865174946,-0.0038414705454498225,1.2119855117624905,0.6996034021572097,-0.030188739292283717,1.0478130201802938,0.4382373220899858,0.062217665608743374,1.1529568367195135,0.2297099208636335,0.1007655452082539,1.2381126386377026,0.17208687957493604,0.08843300479417315,1.2513410006563654,0.13499835301295454,0.10335174790247179,1.215244930869605,0.07997918105218427,3.404255319148936
0.2496943054935564,0.7010218063933306,0.7689938446703435,0.26856528391737544,0.23163959834118464,0.8030094242854111,0.27014932084122917,-0.16286477797127114,0.7913065380268995,0.28303713147109794,-0.18842830413554496,0.6078722546085058,0.33647898260668996,-0.200056339174168,0.6576316642203076,0.2549242985156558,-0.24145739475655695,0.8240813908948332,0.06261216847991888,0.7055971377683187,0.7082283424708492,0.06893832277867074,0.21638517436303606,0.8234405741760833,0.09981229514658298,-0.1630419187418065,0.7895234744402873,0.13065909918169166,-0.19324655918595446,0.6096540320046439,0.07353502290405121,-0.19874932722540506,0.647236918652856,0.1158148940513303,-0.22284758745680927,0.8508983472270839,0.14692389724233262,1.2636447142883431,0.73581515040687,0.16700802031500994,1.5043909968011084,0.6682798801081014,0.21641145792400307,1.3601854380651701,0.6089667352197415,0.30192845173948857,1.2341015826417059,0.7593656985932102,0.49454739065164016,1.126812022028069,0.711884393129515,0.6130452539272493,1.2166350907400867,0.5007131374075735,0.6205253169537626,1.32086113934795,0.32439181092961844,0.6766968976338377,1.3315551899458427,0.3184383966096619,0.7103025318869455,1.2779468814916644,0.3402237627042061,-0.0026430414804876454,1.2167192209950357,0.7034016159354933,-0.027784262744846182,1.0745823838746251,0.4194413857581701,0.07652793926623508,1.194576183716841,0.22294427141373888,0.12546954071661867,1.2713895982296142,0.17474179248697524,0.11718883065386101,1.2921992481373663,0.14144721159198614,0.12465649112354987,1.2610911550289141,0.09025321148110105,3.425531914893617
0.24985272186082558,0.7002142846222357,0.7698582727923575,0.26783625868746525,0.2309042917595424,0.805853180287355,0.27002913333123046,-0.16229589462802566,0.7910822270742717,0.2821654549848878,-0.18823576696688776,0.6071738641571887,0.3373684896260128,-0.19849800034570758,0.6551642855103464,0.25464529505215283,-0.2404026736068804,0.8231302182807457,0.06181200169529829,0.7056871774278103,0.7098260101276641,0.06715839212792997,0.21545186599598354,0.8280935374165824,0.09977843642287916,-0.16255418601838156,0.7894036843983379,0.13121129734622808,-0.19321477470406048,0.6097360698829801,0.07414422425447459,-0.1993452000709075,0.6491550756932389,0.11557126935374708,-0.2227722505767836,0.8516834919643452,0.1498066202015661,1.2650095832798365,0.7299127831818468,0.1672591670313191,1.5045603726941312,0.668331036347105,0.21975603811223615,1.3603858096703527,0.6090898731386287,0.3016316138977597,1.2364048883119079,0.7561671086149545,0.5011404354772685,1.1540997323413564,0.7098884019795098,0.6089536544924645,1.2507644570289265,0.490302507661798,0.6099062599814118,1.3499145375532609,0.3115037001424942,0.6639282911953475,1.3671270745774908,0.30515843530486875,0.7044728700951886,1.3205566232491848,0.3351568919435943,-0.0012103010401521923,1.2211659269149122,0.7070913116648072,-0.021475377140713157,1.1041385517232776,0.4011317254726086,0.09296823899472832,1.2332703743568327,0.2206688853470995,0.15257613700826025,1.3001848243355116,0.18002929430512313,0.15025306028817143,1.3272333826624745,0.15142559214208548,0.14921682620416063,1.3017577516248853,0.10045362805755814,3.4468085106382977
0.25003657446905675,0.6995295380942447,0.7707085244552059,0.2673520112134231,0.23031100054126627,0.8080485717639199,0.2699218880393706,-0.1617730598073181,0.7909018785782923,0.2811803544026145,-0.18813286741064925,0.6065033286227511,0.3384718807645496,-0.19697116535045592,0.6533768045478565,0.2544866603118765,-0.23944074455884318,0.8223616402294476,0.06127371080570448,0.7057000043813487,0.7118302180278051,0.0657645774860329,0.21490504662995605,0.8316601825798022,0.09977366809487179,-0.16226126934455004,0.7893359613047348,0.13152945064447377,-0.19284313700609246,0.6092622848072318,0.07447610080921577,-0.19972564922135025,0.6502701995638482,0.11519555272480032,-0.2229382657474555,0.8526572344116481,0.15292980630887024,1.2661281903957273,0.7240084912810272,0.16799673937160464,1.504719748101649,0.6682687479824113,0.2237434573136604,1.360412572263655,0.6073776075239468,0.30292364873344535,1.238822020714153,0.7538949331263682,0.5047073250235071,1.1793581954446684,0.7134580567686628,0.6009363686627325,1.2815507230966159,0.4785465690760583,0.5957676809821056,1.3740788161448125,0.3083443352938934,0.6442546362898738,1.3958662669062332,0.2971651930159699,0.6901791482908508,1.357519749399456,0.33299129432581204,0.000984806311227057,1.2254000730860801,0.7099659246543331,-0.010729409950897658,1.1352841639957587,0.3812619523854193,0.11119360367104952,1.2677503027658463,0.221360675628922,0.1817344220316272,1.3247122157095883,0.18725229700504792,0.18512283402207796,1.3561230375365585,0.16291307449458467,0.17454550480354392,1.3356707440507352,0.11153783582075638,3.4680851063829787
0.2502757500563688,0.6988728541775753,0.7716921649914128,0.26706380410730546,0.22990384918711368,0.8095244064644553,0.26982477354889123,-0.16131137506045562,0.7907664072046614,0.28015171696032526,-0.18804738942359367,0.6059851636055219,0.33952793036961515,-0.1953456212017587,0.6519162387617318,0.2544910007173183,-0.23859177257799918,0.8218027879037211,0.06092812846922252,0.7055759110347497,0.7138881195996889,0.06483580307027985,0.21479703838137593,0.8339284293649625,0.0997960073115829,-0.16218421395576965,0.7893216997240522,0.13146640415502733,-0.1925258090723351,0.6089075900822242,0.07422256159410252,-0.1995707319741341,0.6506193945798038,0.11469807464865674,-0.22328264040989665,0.8536962098558811,0.1560612731189242,1.2669380600142346,0.7183204599013352,0.16906355183668292,1.504655529390772,0.6680569178294821,0.22730034505543892,1.35979539661714,0.6047192143564455,0.30551533351491067,1.241151699353077,0.7528129960816186,0.5060721328420246,1.202064166596728,0.7194517836930925,0.5897571478116321,1.3087176272053618,0.46945475483025156,0.5771575081476389,1.3918878141839477,0.31634644871983025,0.6183712571537586,1.4164609260301892,0.29419638585892605,0.6675546588835852,1.3870547614682438,0.33208254280131455,0.0038625695949994,1.229563827285531,0.711613222058419,0.004071750007293155,1.1670101999019773,0.35912529186939146,0.13110663195576722,1.298179319595476,0.2255369716148447,0.2115504623192432,1.3466996571163723,0.19628960374287588,0.21860026615618877,1.3801750352706617,0.17465481980914543,0.19950857145296502,1.3625037442833772,0.12808102821124007,3.48936170212766
0.25062254999856776,0.698199594763302,0.7728837415091137,0.26694683111281914,0.22957237910362385,0.8105454805287491,0.2697353667458474,-0.16088734968072813,0.790669681691888,0.27910767580741425,-0.18800652540946822,0.6058815344665099,0.34038477175312176,-0.193722593731283,0.6505558019430437,0.2545888628587911,-0.23787574483864465,0.8214970932266991,0.06075694489774354,0.7054290730582974,0.7156621717589999,0.0643812121777386,0.21503424404221536,0.8349220763515265,0.09982812315022678,-0.16225733199088407,0.7893441846837768,0.1312822706347147,-0.19242289548177594,0.6088729126290776,0.07352093541244129,-0.19862288676258952,0.6504117398967413,0.11409256219179087,-0.22379179531055168,0.8547465934173057,0.15911561172318775,1.2668705963254911,0.713044128535844,0.1703887344631062,1.5045141124830035,0.6678465579508032,0.23003327898857243,1.3582387170580557,0.6025554338940582,0.30867078024204464,1.2430376408286856,0.7529313306853833,0.5069177193018239,1.2215380659462014,0.7239479406176915,0.5757195809601424,1.3318425395109659,0.4664052551916774,0.5539108211685875,1.4022172951949012,0.3341409158669305,0.5881395056263646,1.427605566556365,0.2957779886201699,0.6379233841117382,1.4075557054021006,0.33225308539907444,0.00674564349152405,1.233381296168328,0.7119704576807347,0.021416289072659946,1.1976044241807597,0.33686785828628524,0.15184431785998953,1.3238241703703677,0.23507516311661802,0.23946915435580637,1.3663461523662912,0.20695557964220876,0.24809613319235863,1.3999450346271796,0.18636998807116145,0.22475808739803618,1.3820208209820892,0.14956858901468667,3.5106382978723403
0.2511189372590616,0.6975563656383639,0.7741901084251621,0.2669678104575633,0.22913529732406832,0.8116677708073398,0.2696711134131697,-0.1604099984934468,0.7906200971026729,0.2782396871502116,-0.18813850780399727,0.6062326309668504,0.3409252538896238,-0.19230055823217457,0.6493099844573557,0.2546747990774736,-0.2373516933356207,0.8214672965203595,0.06076097284255169,0.7054770866043834,0.716902333590146,0.06433879943023542,0.2154762945780409,0.8348548102081659,0.09984954572341367,-0.16237162503722755,0.7893764052267557,0.131209787863448,-0.1924922862441283,0.6089380279204816,0.07270026321271544,-0.19720032049119285,0.6496855775924589,0.1133982394614887,-0.22456505904624469,0.8559910444903663,0.16216707869916458,1.265620563844198,0.7085240092641382,0.1720238026856418,1.5044941011756772,0.6678793988275489,0.23220131325124976,1.3559757303101112,0.6017096305351546,0.31165781398396075,1.2441932359883217,0.7537300934629361,0.5086436698860131,1.2371112310081747,0.7261544399136263,0.5595268501428783,1.3500375138795788,0.4706507911353697,0.5275654648157604,1.4054575715323356,0.35747083784026584,0.5561134002140549,1.4293222253443796,0.3031745537898727,0.6043106753970535,1.4178685604754062,0.3345370979836415,0.009371319545456254,1.2363171393541268,0.711040586541882,0.03924508371546207,1.2242342595874847,0.3174578786840853,0.17111690438954508,1.3425443293133041,0.24938683317117244,0.26245609492391386,1.3819662662105427,0.2179325763509774,0.27206300534390776,1.4142810065186826,0.1973042376773575,0.24984596554992783,1.3943153150845313,0.1694572177511944,3.5319148936170213
0.2517613721687683,0.6970460718262198,0.7754877349734657,0.2670125321109186,0.22858152834385037,0.8131386108039526,0.2696760788956747,-0.15981711115649685,0.7906449128332012,0.2778868534423333,-0.18843987010501026,0.6067043450076187,0.34094001027242027,-0.1912668006203127,0.6483077003193116,0.2546731094087966,-0.23700765072295085,0.8216321175024024,0.060966554946855704,0.7058330650984292,0.7175383427958077,0.0646422607344982,0.21606756729979587,0.8339437303272191,0.09986489955590575,-0.16244838882400697,0.7893941329315035,0.13121569461787752,-0.1926624070987046,0.6089391294509838,0.0719166744648376,-0.19606445759769037,0.6482896038924028,0.11261519761375308,-0.2257708529391701,0.857765558102438,0.16531957575641515,1.2638104554787761,0.7049700720685608,0.17390773946921684,1.5043497436141884,0.6680800361959975,0.23410518643225475,1.3537896063289458,0.6020764662269595,0.3139147801880952,1.2447075716860365,0.7545223700832858,0.5113067946572767,1.2484086677739454,0.7279431937038982,0.5433154206712851,1.3632799784367993,0.4808037683194415,0.5010275459938762,1.4045456465830266,0.38110549428045465,0.525088397319971,1.4245575272161006,0.3180574464591284,0.5707000998587439,1.418839704945546,0.3394578569474357,0.012237816867259655,1.2381336446572735,0.7085144726484534,0.055145139407814264,1.244181077672962,0.3027808307264499,0.18595924407686076,1.3536104287835633,0.26422139553422874,0.2786258338305276,1.3930129387313224,0.22746204018765848,0.28935945149876896,1.4226015826173668,0.20624266166668065,0.27133493520890567,1.4002384198631561,0.18340468987515893,3.5531914893617023
0.25250018316621103,0.6967840694966585,0.776660017423171,0.26699311814069887,0.2280914825831314,0.8145295650053808,0.26976786821233684,-0.1592171289451621,0.7906827754787528,0.27829105393210496,-0.1887345329477656,0.606958320730533,0.3403384648093478,-0.19076512502627635,0.6477713437183976,0.254550531797082,-0.23671412155121974,0.8217861131711285,0.061465093188599884,0.7064147385620794,0.7175449625546749,0.06533649490792831,0.21680623226984647,0.8321887683597704,0.09991542093757487,-0.162505847516082,0.7894015320365084,0.1312140883734449,-0.19280032064814176,0.6089066887375164,0.07125293379360767,-0.19557256419812602,0.6461956295660687,0.11173704340304445,-0.22742171963693,0.8600337719346393,0.16834336555446439,1.2622258504284565,0.7021595382611248,0.1756915704410821,1.5037625596706095,0.667985239303932,0.23576111239073488,1.352360214042163,0.6035145392965496,0.3151984578661236,1.2448366673975728,0.7550857905449857,0.5142572416607696,1.2553792960338161,0.731090663802606,0.5302437864693429,1.3730310193724333,0.4933075817445767,0.47664562823102374,1.403732735892619,0.40044139743900153,0.4971489121696565,1.4189769633002445,0.33806665381514606,0.5403981532557695,1.4143202933888959,0.346803727276769,0.01568125667671614,1.2386708343671984,0.7041129559168733,0.06666919757331968,1.2562620234592432,0.2939811805997354,0.19459840726353683,1.3592675215068493,0.2754297520651766,0.28804205152230167,1.400959735839907,0.2353129825613625,0.2993420377168678,1.4266768265129581,0.2140269644994383,0.2851411320803957,1.4017857875157618,0.19321785422856966,3.574468085106383
0.25328484646617117,0.6968466488889715,0.7774486647615237,0.26694777393672164,0.22779021030294713,0.8151842458942035,0.2699030445243886,-0.15881149177807835,0.7905542637627154,0.279253742303747,-0.18885325251749888,0.6068579988027044,0.33931298445092783,-0.19082009926475138,0.6476336270968196,0.25433447480352267,-0.2363575574016145,0.8217484263309826,0.06229315230623579,0.7070754701241793,0.7167441980030105,0.06654549406620475,0.2176654499058333,0.8294430013633435,0.10002116447547588,-0.16260359632194676,0.7894270485841944,0.1311912883822672,-0.19276990846238481,0.6089096761125083,0.07085119844711402,-0.19530188354032896,0.6436272349750152,0.11080363870936741,-0.2292702777090348,0.8622220706913315,0.1707023577678002,1.2610060752595778,0.6994354856005854,0.17685851383179874,1.5027653806043488,0.6673621208059983,0.2371038115610599,1.351845720857239,0.6062512225364919,0.31555644220288614,1.2446843653777189,0.7553434063488671,0.5174417815015154,1.258594710635209,0.7351739784926957,0.5227480991522374,1.3813710625344289,0.5035819270739933,0.45566704751990766,1.4067613981831917,0.412907805365163,0.47401069443150756,1.4182923171993196,0.3568389787070009,0.5155854097168185,1.410268750398417,0.35582379520929686,0.01937774490095114,1.2375666295878687,0.6980722781631115,0.07208604355413191,1.260674362369128,0.2915354993774993,0.19724427890865054,1.3625718684582304,0.2822480606200681,0.29129016994424584,1.4073096138851329,0.24283749844870126,0.30234388292799663,1.429624429186074,0.22318347391901325,0.2899674621469676,1.4024454379805296,0.2018540068930991,3.595744680851064
0.2540633066419761,0.6972149501147289,0.7777099021757565,0.26696663051786507,0.2277072463184474,0.8146530344670422,0.27002522373573895,-0.15870097596222116,0.7902207410462291,0.28018290538679463,-0.18884375686873692,0.6064672134058207,0.33815576494442906,-0.19156953498832618,0.6478305700024738,0.25408883419064276,-0.2359670682067653,0.8214799911184395,0.06331402028261984,0.7078173509132812,0.7147591566824981,0.06828724671273556,0.21863807653772988,0.8256062647365935,0.10012936221995974,-0.16272989852355696,0.7894767739329663,0.1311649961844077,-0.19261436908648857,0.608939544447268,0.07080063939408551,-0.19475152140244945,0.6408910218444107,0.1099029076458718,-0.23101479728718385,0.8638504780978694,0.17213653439802062,1.2599582194162169,0.6961723643593097,0.17717043868290722,1.5015541245933308,0.666550735124914,0.23837257311297533,1.3520860565773598,0.6100921533062582,0.3152254339693093,1.2440740855628387,0.7549120612613841,0.5212885387205862,1.2585382187624325,0.7378486984447474,0.5215173125251187,1.3888300374171418,0.5089072258829038,0.4399877313859021,1.4151054769903515,0.4198595954358095,0.4583925050718649,1.425102714087014,0.3699729091754447,0.4981869175004493,1.4115511334806319,0.36538528323268055,0.022671251471156662,1.2347458986888145,0.691091925841635,0.07081331604414298,1.2577621693437764,0.29460197401380595,0.19464671972960934,1.3647708953575526,0.2853011406735736,0.28827578764753015,1.4124860133184345,0.25097136321370095,0.2990724751518166,1.4335929342054876,0.23432238494863714,0.2871822879477665,1.4055547361582124,0.20827860563319642,3.617021276595745
0.25475188951652267,0.6977384878488162,0.7777901245762626,0.26713802640605555,0.22799184652067384,0.8124633066182467,0.2700973733301325,-0.1588721265749437,0.7899154651526529,0.2806557773020244,-0.1890037103545148,0.6059408866387178,0.33705920977288556,-0.19319604264107668,0.6487673062890168,0.25386333765451374,-0.23565992397973728,0.8210851706104627,0.06435639373125585,0.7087459627528072,0.711375135636025,0.07040637639569573,0.2197709578489173,0.8206649354239463,0.10016349666055058,-0.16280377657627249,0.7895287544791799,0.13114689844110328,-0.19249466813570185,0.6089486216324076,0.07105094497875826,-0.19410482991789368,0.6382910791428948,0.10911395847853116,-0.23242252438449212,0.8649402644640692,0.17285566747808612,1.2591501082806915,0.692555576345466,0.17697151258935104,1.500379359561288,0.6656982465226317,0.24001128651612483,1.3527406538933797,0.6136837502420728,0.3146279448625546,1.242696942043552,0.7535571048870734,0.5260797814164897,1.2546248523220374,0.7366977015096093,0.5260758032275114,1.3935345593258337,0.5095868487116109,0.43247471889446826,1.4269249288983,0.425978106491663,0.4527659163122222,1.4384011979223152,0.3784983623119647,0.4904354746945098,1.4193006136149644,0.37456982767218117,0.025149568941018628,1.2307189446393727,0.6842073281257526,0.063387075529473,1.2475554177316368,0.3014751319323365,0.18667013667194454,1.3650826580241207,0.28365005675881794,0.2790820719115885,1.4164856441125355,0.2589089110456766,0.2898506274925263,1.4387901327850514,0.2457229170528301,0.2773326439409541,1.4118886783156936,0.20907925877508157,3.638297872340425
0.25528382039737957,0.6981516843851788,0.7781660733619628,0.26753840920076083,0.22886558878402105,0.8081822464543243,0.27009771656613296,-0.1592677977355461,0.7898853609658504,0.2806844404051707,-0.18962518134457068,0.6053063216874218,0.3361345637700349,-0.19553283303184807,0.6508235452003278,0.25368853683672815,-0.23551397777601107,0.8207763325347587,0.06536013580839489,0.7097414855384709,0.7072430984698469,0.07268761412756629,0.2210706070113996,0.814794108378498,0.10009707508018727,-0.1627594145147705,0.7895716224587078,0.13114225910790625,-0.19248701818042566,0.6089279951721669,0.07138499819187233,-0.19399859765020744,0.636212070006711,0.10847092054345049,-0.23333722856829134,0.8656471921055904,0.1731035658121088,1.2590416750485056,0.6894115854562768,0.17698045062249765,1.4996302199019882,0.6640215373000788,0.24211126286185847,1.3535631367504735,0.6151376713408905,0.31418537485384923,1.2405311446637444,0.7514828922341272,0.5319653416622182,1.246055424280257,0.7304584186783554,0.5358732284349447,1.3933485240976735,0.5072490718356376,0.43504208472288286,1.439308451541633,0.4356661013704431,0.4573212063991805,1.4553535344846973,0.38688033951562484,0.4938871245362837,1.4315059845525446,0.3831626758343175,0.027169243078891132,1.2263470172934776,0.6787137778796625,0.05124349290469064,1.2306651384179037,0.3104925941742237,0.1729831351044916,1.3621761158194248,0.27701737647728036,0.26400222037778903,1.4192028829101273,0.265472049434227,0.2739183727009482,1.4441120061490735,0.25674134253395486,0.25877777221092374,1.419396313929758,0.20485779818566824,3.6595744680851054
0.25564525853280157,0.6982466680757091,0.7789224549580461,0.2681609323800779,0.23033419053537915,0.8020502610009486,0.2700449235795157,-0.1598457421105729,0.7902538500312,0.28032004711914416,-0.19065232299900986,0.6045216019404076,0.3354831769560069,-0.1981395466371342,0.6538989279492465,0.25359166592405086,-0.2355228470941634,0.8207347544485625,0.06627643393810811,0.7103561058355556,0.7038124085691109,0.07499047510573674,0.22255494571851103,0.8083270021454136,0.09995131424676978,-0.16256509712249917,0.7895977516559335,0.13115792090665793,-0.19254790928968438,0.6088994775133886,0.07149452784676627,-0.1947716102734459,0.6350940691546879,0.10798932556294732,-0.23376274188689086,0.865853223678196,0.172967091235644,1.259949767183461,0.6870710299073344,0.17765156395767204,1.4996151066462973,0.6609058145178478,0.2442404781404401,1.3545520014009798,0.6137832121731307,0.3140452188893259,1.2380041395608556,0.7488868977145866,0.5387709506806106,1.2331844248672965,0.719531972305386,0.550555359095343,1.3881435167002316,0.5051552039370423,0.44771247141981685,1.4510739095127676,0.4505629923469306,0.47124651833253806,1.4729932291628514,0.40010673786151285,0.5083920423156608,1.4453775701073848,0.3924400278792945,0.029253134575494204,1.2226339313142005,0.6756576222792041,0.03627560841614,1.2089072749306968,0.32068981003976893,0.15454505956010622,1.3557375855548097,0.26887796877163006,0.24191170746744967,1.4204279392253183,0.2713930321231024,0.24897590322454605,1.448180637901083,0.2685607188283945,0.23099624930934387,1.4248928971587282,0.20238723878324158,3.6808510638297873
0.2558263160641061,0.6980086393851259,0.7798600282719556,0.2688966811574105,0.23222382089956517,0.7948381770203368,0.2699882450280316,-0.16068141859152613,0.7911011640816088,0.2795050195408092,-0.19171651519971444,0.6037597335174215,0.3351974952983045,-0.20058459594575795,0.6575207547218688,0.2536021911653832,-0.2356857834045525,0.8210339655742522,0.06700570017873403,0.7102149754774494,0.7020767415287275,0.07730735152634734,0.2244031727445383,0.8014013609959936,0.09974631161968084,-0.16221974880627477,0.7895849916025727,0.13117440378447298,-0.19261693778291972,0.6088575724981304,0.07128127233304016,-0.19613906109752025,0.6351005886828288,0.10766924893141828,-0.23381821036554318,0.865359650198167,0.17254333775543226,1.2613049851834466,0.6850586371733673,0.1788543885427174,1.5003016851308153,0.6573136789899023,0.2458764167427061,1.3553117702801647,0.6107498543407224,0.3141512796097338,1.2355773573036748,0.7458092353307981,0.5455273610931645,1.21676531465566,0.7061616651189397,0.5692509012020954,1.3789691428200792,0.5085987185978571,0.4695393341722053,1.4606544488521318,0.4696031135509969,0.494934956961232,1.4881065129643187,0.420921133751811,0.5331895329878933,1.457760165074261,0.4057605300291341,0.030960102258413863,1.220087143377881,0.674893667767672,0.02069656812843349,1.1839114488384572,0.332744795717301,0.13384243492756007,1.3460289864980046,0.263386410417221,0.21100297632902748,1.4191698060417919,0.2778832806477689,0.21329350980682035,1.4493134382714188,0.27999727918438766,0.1972093991959146,1.4254758678203623,0.20742152041480816,3.702127659574468
0.25579929114673666,0.697469531221955,0.7808144474390727,0.2696736771663919,0.23442485130721652,0.7870099562508657,0.2699258755368936,-0.16187538243643995,0.7923233665406234,0.2785473748681011,-0.19268982197522436,0.6034880367327818,0.3353428591310126,-0.20258879000314325,0.6609494348812791,0.2537466156131703,-0.236106045786293,0.8217387554264532,0.06754316440759986,0.7093646954925725,0.7018335864175604,0.0796804574042895,0.2267105169040354,0.7939446529365302,0.0994873378145068,-0.1618017319516028,0.7895241026302507,0.13114719363172234,-0.19274300559148383,0.608774057407629,0.07094746661706833,-0.1975231812777644,0.6357886713444847,0.10742528880255015,-0.2336882388496474,0.8642913785602341,0.17204409264925158,1.2620269544310772,0.6828655485644071,0.18048149593817242,1.5013710142233454,0.6544210054910127,0.2468950562988031,1.3550755134452839,0.6075020143357884,0.31458325657599884,1.2332570718839266,0.74266114523989,0.5505664049956257,1.196326960012811,0.6931394070180267,0.590047375237597,1.3650715306159877,0.5209034834366003,0.5002049610547376,1.4627146497124408,0.4894964044876371,0.5295053161304819,1.495259123460947,0.4475549240623815,0.5679467216409486,1.4631963186823382,0.4264472543065565,0.0313423704371857,1.2180635409583331,0.6746257053717248,0.007181555488194373,1.1552332524551618,0.3486365410434687,0.11344503648959714,1.331179899078695,0.26075009480823025,0.17196066085930356,1.4119218019769475,0.2831314512047893,0.16910627501240938,1.443611609633409,0.28576692096541745,0.16210894671460763,1.4179375708621413,0.21753095228931285,3.723404255319149
0.25554929830535517,0.6965824152319038,0.7817266943037281,0.2705660516746071,0.23685770227749905,0.7786503548683701,0.2697967226844223,-0.16331584054654327,0.7936110734154924,0.2782227812787722,-0.19403166007705958,0.6042433774871793,0.33588259840026247,-0.20418458146047797,0.6634935763535676,0.25402361569732845,-0.23689157148172874,0.8228941194238679,0.06806641012087677,0.7081479064141671,0.7021759664486142,0.08206154792781363,0.2291672313403797,0.7860993202249801,0.09919441375853091,-0.1615112377223736,0.7894891150960822,0.13112210972920166,-0.19308820162372545,0.6086785375984928,0.07068487741774414,-0.19869337241805848,0.6364588672744061,0.10717734253720261,-0.23364991696740617,0.8629504048203132,0.17180416350147704,1.261715708598667,0.6806328316855685,0.18291771630403747,1.5022334839027018,0.6516147376210562,0.24756742205147808,1.3537590057872446,0.6045337560157625,0.31560806866841756,1.230760739706392,0.7404145105362592,0.552245984675679,1.1707100576858025,0.6822421935309375,0.6105644535812813,1.3433967132284406,0.5400853179922185,0.5402522117818582,1.4509885848096495,0.5054535674607664,0.5742663244213884,1.487247184566737,0.4748424837429099,0.6111672111334582,1.4541381638274096,0.45463400995670916,0.030301677945769462,1.2154853483615236,0.6724470670439767,-0.0019639657278155507,1.1216548819022127,0.369196404124692,0.0943009688053999,1.3071275804868534,0.25858146097858686,0.12911994002947053,1.3936480565242033,0.2831052717783316,0.12273715370354177,1.4251544293374516,0.2808743131724115,0.12880589859580202,1.3983132370081404,0.22462818517467073,3.74468085106383
0.2550937855966658,0.6953447840936475,0.7826068074972612,0.2716756571641902,0.23941262355088216,0.7699111681660796,0.2695647900627745,-0.16480087830966172,0.7949251426836633,0.27909167219993375,-0.19619708436108457,0.6062355583405673,0.3365712388574117,-0.2056327757450594,0.6650640434780447,0.25437999706930137,-0.23800618046585284,0.8244099127486144,0.0687633864670752,0.7068939104284659,0.70233128231224,0.08433720824807865,0.23131058490844134,0.7782508953908169,0.0988798668724611,-0.1616462373184228,0.7896553430586785,0.13119626831200787,-0.1936781522708006,0.6086417513704031,0.07052963528395087,-0.1999003598728739,0.6368219606112228,0.10700098896974224,-0.23392685140377667,0.8614322838504862,0.17201817219567017,1.260632259734318,0.6790595747329311,0.18643796230218412,1.5022179702362315,0.6473871898735755,0.2481858730374055,1.3520138275512987,0.6018179967770507,0.31735026911227693,1.2279027813575614,0.7399576069916614,0.5497344098287825,1.14013631760571,0.6746038086622409,0.6289676011333851,1.3119281573686543,0.5604551491268276,0.5887246133918079,1.4233545818885698,0.5132538371948829,0.6252892848357899,1.459692490898098,0.4978344833290298,0.6582727590468176,1.4250983726497326,0.4868990931332477,0.028664744033853926,1.211842070869315,0.6672402963833488,-0.006104321034606671,1.0844522066339481,0.39333084650676964,0.07650462555145687,1.2714795277116966,0.25600068999430975,0.08836713899060483,1.3615381219526872,0.2755046513229421,0.08127612832205264,1.3901354567537976,0.2644098540772614,0.09901996894669551,1.3638887172168892,0.22237382003937142,3.765957446808511
0.2544985255662868,0.6938882637998559,0.7835793763030441,0.27297668789703583,0.24211601954270537,0.7609704090007219,0.26922376729116987,-0.1663367240553191,0.7965733346245241,0.28090113734392563,-0.19866050128249435,0.6088084931443386,0.33703193452669955,-0.20686975075840447,0.6658073259868929,0.2547366346587264,-0.2392909078505237,0.8260497193984715,0.06957051827813761,0.705678603008018,0.7023935641661992,0.08643823598038598,0.23292037550005176,0.7706757037301413,0.09847695113966237,-0.16242671416374455,0.7900850478575516,0.13123672098309253,-0.19430572697998313,0.6086716159215309,0.07048736064676688,-0.2011981161031462,0.6369870284374207,0.10695522947870678,-0.2345537657457881,0.8596524830700086,0.1724844955951662,1.2586491261497659,0.6786172285858414,0.19046865692484888,1.5010567688544518,0.6413276129023466,0.24878340288259337,1.3502904801575757,0.5997443520444091,0.31962876563317655,1.2244560052348545,0.7414182238668829,0.5432178953284431,1.1070597628007453,0.6708380162779811,0.6441893888410717,1.2718005953644873,0.5754652993995295,0.6411991713129652,1.381653753277812,0.5112477578834466,0.67702557033575,1.4137269918076452,0.5138222883300282,0.7023461392362338,1.375987421907572,0.5179301669144989,0.027215102590761684,1.206950882515443,0.6598112965388276,-0.006263721381275306,1.047365641168688,0.419941570964121,0.06154460978895808,1.2255714355878604,0.25410193149639104,0.05478869971796799,1.3159076355685935,0.2610727054453165,0.049574118753281826,1.3394937746784674,0.2385180976293437,0.07453346849351601,1.3149219548501798,0.20976257883453173,3.787234042553192
0.2538572872511146,0.692380260323919,0.7848819874334032,0.27437384534691744,0.24511961793920822,0.7518760725266647,0.2687723825360991,-0.1680353960353937,0.7985671989528382,0.2827894899676553,-0.20008132817860017,0.6105053485099617,0.3370462841213022,-0.20740677917779166,0.6654106266879058,0.2550611738310881,-0.2405658203420535,0.8275311630455391,0.07019988145515317,0.7043513531388135,0.7031346945561419,0.08831953283802631,0.23398768889794444,0.763478738112442,0.0979147841289325,-0.16380492203448607,0.7905350973131259,0.13090511544380165,-0.19490737686343937,0.6087867559637492,0.07054160079760152,-0.20206083146236348,0.6370180697141535,0.10692706405664762,-0.23541780135860424,0.857464400639356,0.17289911513941436,1.2552718189476584,0.678931347802883,0.19394766042565842,1.4988968054762144,0.6343590008601903,0.24907327119851935,1.348488508898266,0.5987845129357177,0.32202899775559435,1.2201008319641147,0.7441072080418417,0.5332055398594999,1.0747841229846018,0.670025458834753,0.6554556665873676,1.2256831827656949,0.5804907245481201,0.6914093981318691,1.328558225666496,0.4998443960732235,0.7248409625410609,1.353613113195155,0.5208829563300122,0.7372173120436771,1.3111047014805532,0.5426273660223809,0.026190385688751337,1.200702963635636,0.6518439391269915,-0.003983971072161622,1.013683845375601,0.44798997615356584,0.05179682038671263,1.1728812843700405,0.25345597341011916,0.031951786068915855,1.2581706180655932,0.24166645627438263,0.029625552013981888,1.2773573630126294,0.20589594232627312,0.05765592325560044,1.254239858913653,0.18973987439134396,3.808510638297872
0.25322009603873863,0.6908565569537334,0.7865292933678543,0.2758362542696821,0.24836504090879144,0.7427348595616462,0.268256094890629,-0.16980394193014806,0.8004548844931622,0.2840422850008075,-0.19959320169049707,0.6102177042122054,0.33669857698942923,-0.20710297005138414,0.6637274487024495,0.2553718079574972,-0.24170723247806633,0.8286851668546068,0.07041706850692275,0.7027158969553543,0.7050007062406083,0.08993420646677325,0.23454136065518458,0.7567174243704737,0.09729272571097948,-0.1655594180315608,0.7907072512790388,0.13001711314564474,-0.19572023679976702,0.6091260896015774,0.07060380648753488,-0.20209263741190506,0.636958798165565,0.10680281521274698,-0.23635340525061288,0.8546917544069967,0.17314521958272813,1.2505140720608168,0.6792216157078563,0.19640289169207498,1.4959865028163306,0.6275319062716858,0.24874669164758229,1.3462215441708991,0.5986646964707902,0.3240258548080436,1.214728536436612,0.7470972215899235,0.5199524909728892,1.0454284583200775,0.6707327151897632,0.6621503988128081,1.1759065478370003,0.5754384403310482,0.7345275232430649,1.2662206826736537,0.4810000918495321,0.7653796480647128,1.2837625306677598,0.5168966334253773,0.7601479810539484,1.2362961076111352,0.557242632340166,0.02545191940414853,1.1936430068593444,0.6447705972689356,-0.0004680694284632386,0.9852521012190636,0.4751178496900447,0.04804289676120454,1.1169712903595181,0.25320441475463307,0.021566172464784046,1.1906371666267197,0.21869365408110655,0.0215252328321965,1.208206613741958,0.16986053849064073,0.04992701881259251,1.1860057214018664,0.16635555718439146,3.8297872340425534
0.25258213395347057,0.689100485340639,0.7879932650442758,0.2773847304844567,0.2514130622612706,0.7337661366451391,0.2677440757523258,-0.17137592004197502,0.8018527178197867,0.2844720002044381,-0.19736050584850892,0.6078904500785522,0.3361783769986242,-0.20637107612801547,0.6613455056810047,0.25565051227319174,-0.24269403382007523,0.8294947386498076,0.07017293288233285,0.7004216531641574,0.7080097270964796,0.09132128205699895,0.2345930004103757,0.7504587547066998,0.09682612866728799,-0.16754713728958065,0.7906089305209334,0.12866603396655735,-0.19675012334494793,0.6095923451604882,0.07060927943280504,-0.20169394655828288,0.6371801513837206,0.10660639530285855,-0.2372965230291412,0.8514063627490843,0.17315380347739184,1.2450008273790514,0.6792042829330769,0.19821542968880154,1.492603598288302,0.6210507482577957,0.24796340618038193,1.34327804234379,0.5985554523819763,0.32527560750672363,1.208469999181742,0.749830078268774,0.5041654045951487,1.0198324862487886,0.6729275185890948,0.6637531307990141,1.1244015175830335,0.5632328098261826,0.767976643664952,1.197550240669992,0.46006797091875007,0.7953323642816837,1.2083378576443018,0.5027344574196251,0.7712623356930856,1.1570986168660031,0.5585805436529757,0.02497431004867215,1.1869451711019752,0.6396558880441939,0.0034565036682063363,0.9634855611985982,0.4989748473824054,0.04908506854440345,1.060616188090812,0.2534464867676973,0.023157076465243655,1.1177177238205103,0.19370385454907516,0.024236377002513597,1.1353590873627237,0.13561554835098721,0.05021169656396808,1.1141710022043765,0.14382117612227238,3.851063829787234
0.2519388687506273,0.6867097355599429,0.7886875924755619,0.27899970027739607,0.2537379741061454,0.7251119510294806,0.2672621013700858,-0.17264617237995467,0.8026850506177365,0.284050522145692,-0.19389352277781316,0.6039250869165766,0.335553383746381,-0.20546411023880298,0.6588755365292832,0.25583656688722517,-0.2435920230212533,0.8299775068745826,0.0695888779418572,0.6969065379482484,0.7123812320382192,0.09261411041968363,0.234107824112202,0.7448325461098861,0.09661457662486142,-0.1697503306595074,0.790456588585045,0.12709014831342685,-0.19746307044771733,0.6095607727833877,0.07058786287848354,-0.20153155608334672,0.6380578009597692,0.10642846573633352,-0.2383953654577632,0.8480883614665153,0.17289942333190214,1.239301821489442,0.6790991289954464,0.1998981951111141,1.4890474293525253,0.6145064805947513,0.24736007949460065,1.339998977386608,0.598058818418035,0.32582562971401874,1.2015492031821315,0.7520446084856753,0.48761932942977515,0.9989839487381043,0.6771950263946187,0.6595827176904119,1.0731424507603826,0.5466214335213804,0.7898201781335497,1.1275036758123171,0.44442140754687526,0.8116191266456765,1.1316884883686145,0.48399915340959254,0.7709934611658422,1.0778471232900115,0.5450740723704408,0.025008895526380963,1.1813703915371654,0.6376598370179116,0.0072629968103856,0.9491056737986046,0.5191694139940589,0.053585697252701486,1.0059184384074793,0.25711461819355125,0.034267258165691705,1.0449534833158238,0.16955684854043968,0.03520471484078605,1.0613396462695266,0.10931871082006789,0.0554993630489978,1.0414752194413435,0.12745949850941052,3.872340425531915
0.2513218811803246,0.683372280762609,0.7886996531961696,0.28059640214834863,0.25511544464651403,0.7168493689053551,0.26679726951312227,-0.1737788461330207,0.8029933404306336,0.28265297478627194,-0.18949501161542937,0.5986225764603764,0.3347903316775268,-0.2042607286595092,0.6564342622845133,0.2559087374799267,-0.2444479306768683,0.8301330287664295,0.06889851611144246,0.6918627315482628,0.7182442564982905,0.0938865024347788,0.23308187883715326,0.7398814106937559,0.09659242717676915,-0.1721038107453361,0.7902916559902841,0.12558157620716623,-0.1975700702723074,0.6088056932281363,0.07057909080277464,-0.20175211710557728,0.6393526900842846,0.10630468286744169,-0.2398505480282626,0.8451846557523224,0.17248402725467665,1.23351599029809,0.6789911453633741,0.20148238138902527,1.4855132912891156,0.6082132311334254,0.24744472680968355,1.336880546277272,0.5976458431977065,0.3258590517812525,1.1943351200169834,0.7534601506927101,0.4722846421714105,0.984152757827974,0.6832031731507635,0.6491903378542722,1.0239504970976872,0.5293043469914555,0.7978747649394662,1.0610855356129163,0.4373001051777401,0.812958924786978,1.0578580390616266,0.46692888808212163,0.7599638683113457,1.0020340486271864,0.519926658920955,0.025362359129597528,1.176702051300882,0.6396089504952561,0.01095433807871419,0.9409929135465349,0.5368415442686857,0.06141427556873162,0.9551046624746243,0.2675079939743376,0.05115254676910248,0.9765347739662903,0.1508794050145864,0.0504857348617436,0.9888923699699542,0.0956442821583641,0.06388722480197467,0.970179684073113,0.12271714921582869,3.893617021276596
0.25075360711086947,0.6791449651823251,0.7884878516886729,0.2820706325072227,0.2556719090934373,0.7091409186442352,0.2663285510353811,-0.17494774451553424,0.8028153119527975,0.28056556884102696,-0.18463929606326032,0.5926134270621742,0.3339414549915412,-0.20288068646640112,0.6540847985764363,0.25589785721693126,-0.2452169322036227,0.8299767785463573,0.06823552121434803,0.6856690733487701,0.7248964332770129,0.09507230731114921,0.23164304748316675,0.7353831395607162,0.0966702925410898,-0.17442696950809994,0.7899096715386474,0.12454179136569396,-0.19776173177530182,0.6083665922580125,0.07057525564834038,-0.20210419833875565,0.6405145942191448,0.10620923777383388,-0.24164150754701258,0.8427088619840931,0.17191123407200676,1.227616227084268,0.6786374354492121,0.20249927999256476,1.4819363172530235,0.6037396352231592,0.24807106672757714,1.333878605221914,0.5976079611303073,0.32538239587669837,1.187316497596691,0.7539617999910494,0.4590783589253129,0.9751782479940792,0.6908504300622698,0.6324464290945344,0.9774174993696905,0.5170725067302526,0.7894559456980258,0.9993946265355936,0.43506150368372487,0.7993338098964913,0.9891132962471796,0.4538435048054521,0.7397788933683149,0.9325914661497104,0.4907504567318731,0.02507893189357016,1.1721241751981348,0.6450770323069931,0.014689961464932197,0.9361583377898195,0.5537962801936671,0.07300103849760957,0.9101578382208889,0.28493901008281064,0.07076726848967269,0.9140084443708538,0.14359323500002022,0.06735876845794131,0.920399058175707,0.09713120294897176,0.07549639020426237,0.902498042610764,0.13283937228294307,3.914893617021277
0.25017490751002935,0.6744483014222881,0.788194657276084,0.28337194491329465,0.2556808806388532,0.7022310133295855,0.26584835034664245,-0.17614112707560098,0.8021912070501558,0.27886873791197914,-0.18057010206709317,0.5875274952769377,0.3332342739998727,-0.2019026559178546,0.6523347213861417,0.2558361486871937,-0.24582982032850167,0.8295403972483281,0.06748631973411467,0.6791198419636123,0.7312659661104437,0.09607421866540941,0.22999057937561201,0.7310483737060528,0.09682684520824447,-0.1765611824813632,0.7891376211398854,0.12445808665951985,-0.198915062643709,0.6094167444474196,0.07055949697577907,-0.20247251429219493,0.6412797264423532,0.10613131359594716,-0.24354061052433504,0.8404732993888631,0.17100129494240296,1.2219068122182761,0.6778616937121915,0.20241395178067406,1.478078025760989,0.6022333146160666,0.24852997934414794,1.3306554878335533,0.597247847887377,0.32432484132227946,1.1807753339039349,0.7539210368993311,0.4474870787653864,0.9694310431712678,0.7020361546688814,0.6089964935267411,0.9325336184223907,0.5139392568691599,0.7613644472034116,0.9396805446177025,0.43209882119295073,0.7696603078057027,0.924899727804292,0.44293872009214363,0.7107829958784402,0.8706394810771667,0.4656548199535285,0.023215305423186124,1.1667722859313348,0.6527125002350075,0.017780833514797055,0.9309832566489824,0.5715239648197814,0.08749744966637857,0.8708389380413537,0.30804236164165855,0.09284972416769066,0.8573876421883587,0.15272864959579974,0.08670239902939042,0.8567382589567838,0.11572749576923372,0.09086465849108924,0.839692109170478,0.1585046634888423,3.9361702127659575
0.24952303979961563,0.6697498662405087,0.7877875447821641,0.28452729062766874,0.25540406635637297,0.6962827908444239,0.26537482236366255,-0.17723420991910205,0.8011595038937693,0.2786972966695643,-0.1789445468854225,0.5854531885723787,0.333005852898287,-0.2016700551379194,0.6518621890111778,0.25572896034501724,-0.24627003887433263,0.8288450761831032,0.06643749184913382,0.6727611592817616,0.7370136228069656,0.09683495850859314,0.2283014601729362,0.7268027971710349,0.09712078150371849,-0.17844900743275172,0.7879271392751621,0.12556573003296578,-0.20091431275788896,0.6117696383603238,0.07053909483030371,-0.20298040399040224,0.6415908641162319,0.10608110888817066,-0.245355862648427,0.8384277375819378,0.16962893071755536,1.216891546408138,0.6769829844496937,0.20104813836407323,1.473853399128939,0.6032264111066825,0.24808940119884157,1.3272478739741664,0.5958505923294376,0.3226922897440555,1.1747549120574932,0.7539223266674325,0.4364701165671493,0.9636185261247946,0.7193475176041735,0.5790455903206461,0.8890693518836921,0.5194372763084462,0.7126199667350106,0.8813860708193508,0.42737780828614524,0.7223039314849617,0.8641822147002227,0.43209384900181613,0.6709321922358806,0.8159453190691317,0.449912156390215,0.019444261425748274,1.1602690941440772,0.6612979375651131,0.01875775745772607,0.9234938035083207,0.589413197171139,0.10219014222938433,0.8354482403886876,0.3368237215587462,0.11848615956961955,0.8077441671719233,0.18000592685143552,0.11108792622204428,0.7990867053160525,0.1524870032505991,0.10990951413848496,0.7832513349213087,0.1979048526179647,3.9574468085106393
0.24882778726525748,0.6653190611111539,0.7873653421699434,0.2855460040248945,0.25502567205683435,0.6912492228470893,0.2649363746601071,-0.1781255706291191,0.7997484857775625,0.28025125977984505,-0.18036757602909192,0.5871638360680078,0.3335671749746755,-0.2018545183212744,0.652971098500387,0.25554137955042056,-0.24657561813638784,0.8278905541596253,0.06499088642574465,0.6667128311924805,0.7423961059835743,0.09728917884524652,0.22663061978252128,0.7228529563554524,0.09765186128952985,-0.18008966607852023,0.7862452918697073,0.12756124715650158,-0.20287797995966275,0.6142576282221681,0.07055598274062813,-0.2036079752694425,0.6413685257042963,0.10607132408627148,-0.24706751973259058,0.8367008269786311,0.16779154023262094,1.2129019816633124,0.676613983866446,0.19856465177098764,1.4694602712558658,0.6056140816242374,0.2464490682155535,1.323994301581585,0.5934782192510697,0.32059558435464963,1.169478464614053,0.7541747687203084,0.42582162800082457,0.9563487166947344,0.7428985068316075,0.5443806220870933,0.8494087263055858,0.5312287068649466,0.647358930244446,0.8292779257992184,0.42480279474259797,0.6584236422614598,0.8091467504844916,0.4232057309538364,0.6191029031779474,0.7691088718921923,0.44540148959680403,0.014120342055341115,1.1531168284998565,0.6700979492427415,0.01662663196051874,0.9144474769752146,0.6051442428725406,0.1144824616440064,0.8041064648138275,0.37135694735571845,0.14636577458174788,0.7678367860022272,0.22389806153481778,0.1404002097064017,0.7508927537190828,0.2052688239752713,0.13189825378259204,0.7363229332641151,0.24750272297869835,3.978723404255319
0.2481426422417304,0.661273471772474,0.7869904381317352,0.2863398599306842,0.25459637088522774,0.6870839880615622,0.26455160986887954,-0.17875276548018068,0.7979888428496122,0.2828543440690431,-0.18361044432945137,0.5913311999445903,0.33493323866178115,-0.20184532513677858,0.655355621253905,0.25520013467721414,-0.24680163595641333,0.826656375621524,0.06323915274689423,0.661101974637913,0.7473035363138967,0.09740595491801958,0.2248458257023695,0.7195671620226223,0.09842119384002046,-0.1815362579869259,0.7841516241721458,0.12979420465155145,-0.204277738257302,0.6161211815264794,0.07066136400024949,-0.2039773561914813,0.6405889571821527,0.10614673903154852,-0.24882238523172145,0.8354836651756747,0.16556841054652216,1.2100596478195564,0.6769992805664196,0.19517674658143924,1.465292817800844,0.6087231205625326,0.24378751370421425,1.321133172848173,0.5905611253504819,0.3182606997313838,1.1654083914944038,0.754399054635249,0.4160650551960312,0.9482867438516239,0.7693925852545328,0.5078093158584795,0.8164839147715941,0.547259514120908,0.5728310448655799,0.7888183217052213,0.42821612289009736,0.5833615534407791,0.7645918329374269,0.42114118118129756,0.5579955360249527,0.731639190872431,0.4511622691266324,0.008131174106154245,1.1465146864893192,0.6785471285868341,0.011334693465482992,0.9056004871588146,0.6169235909475534,0.1235606384626174,0.7788445647712902,0.4091015954984728,0.1727231059620722,0.7400657018453302,0.2800357746250921,0.17079755697165927,0.7160015486969986,0.2682456647840063,0.15538791968340812,0.7013453124096922,0.3038837546625368,4.0
0.24748515779012453,0.6577172990128898,0.7865539409147032,0.2867925980460849,0.25406910121970655,0.6840429052307857,0.26424304869192167,-0.1790112379046972,0.7959260717443849,0.2856946060800584,-0.18690049153589539,0.5960206188635392,0.33677127970066345,-0.2012649515978036,0.6580682800391352,0.25464906743680105,-0.24694801900207156,0.8251215785649445,0.0613927185559167,0.6563034492898155,0.7511614650071106,0.09725463476575623,0.2228055364976859,0.71726467532805,0.09926769907604019,-0.18287722801562897,0.7818812681185303,0.13172292261601787,-0.20519908428311232,0.6173446238138519,0.07086404849784668,-0.20370359873090804,0.6393891437851087,0.10635630549100888,-0.25079778067395486,0.8348989467725421,0.16310405522779337,1.2084694770852664,0.6780858399938039,0.19113818162761959,1.4619899888205263,0.6126200901643748,0.24050343378743338,1.3187287239243108,0.5875149658302673,0.31586618858476556,1.162919650264155,0.7542859075732036,0.4071541059585954,0.9406901482150103,0.7947278440995957,0.472546605584379,0.7918384719786311,0.5655318662272675,0.4961150919879785,0.7620896704878103,0.4375406323609987,0.5050797438916739,0.7343030610029615,0.42743524248690223,0.49370383498128234,0.7048835249967508,0.46410713886848515,0.002472343765356054,1.1418434224429905,0.6860546916089119,0.0029769069110575875,0.8982693981996004,0.6243352722223783,0.12901749005549884,0.7612336562497471,0.4465664604193509,0.1944117850436539,0.7251826910081451,0.3408281126848516,0.19768594655379484,0.6963271243259731,0.33381219449297206,0.17785142010657118,0.678324419909629,0.3635406429709317,4.0212765957446805
0.24685003146777504,0.6547682857968683,0.7858885808345413,0.2868341012169449,0.2534693122254795,0.6823509626680698,0.264053825578569,-0.17882136601347495,0.7936021877544424,0.2882453035958522,-0.18943320585351253,0.6003897877964076,0.33880166934394607,-0.2001275863550254,0.6601121418642172,0.25390495237276456,-0.24692149315645745,0.8233085006887901,0.059631944607903664,0.6526709045304111,0.7534766266591248,0.09692902698887208,0.2206836679370224,0.7159784626859841,0.10002261338096434,-0.18408153759291795,0.7796602149874773,0.13305535607970662,-0.20548161418134328,0.6177196393810818,0.07113454683795556,-0.20276414109407573,0.6381255941561583,0.10663234498144873,-0.25297388806853066,0.8349660982996702,0.16034554312868904,1.2082163864869235,0.6805101609778899,0.18692663084474598,1.4602918471535886,0.6178434548634193,0.23690264680852807,1.3168085537177292,0.5845830014519483,0.313426957037213,1.1621390567212357,0.7540073583980296,0.39826332373094875,0.9343842641048926,0.8173547668705682,0.4421728366630945,0.776017601961996,0.5850338456624735,0.42473771939474847,0.7484898894693878,0.4503375994495937,0.4327133656624637,0.719028770344284,0.43859377088241247,0.43395572197465826,0.6891679214215003,0.48168518013914546,-0.0021362379725823164,1.1403067994996814,0.691940026913295,-0.0087321387609652,0.8938407517522537,0.6288787995796896,0.12927593469187681,0.7519049329135243,0.48184264047864606,0.20919331543167816,0.7225098697460254,0.3983923233478063,0.21737734902076125,0.6912345984385684,0.3960020462066868,0.1949357039391887,0.6665632449351492,0.4214182543856745,4.042553191489362
0.24621018260308486,0.6525157451672956,0.784907270699746,0.28646679916346673,0.25297257866959566,0.6815884470019871,0.2639983326231431,-0.17830214589104712,0.7910204010437674,0.2901751184997907,-0.19120380118074476,0.6044740399984405,0.3409319907764261,-0.1986754561262268,0.6613404049430011,0.2530472206329317,-0.24658378553302743,0.8213084693670762,0.05800745271194213,0.6503106500860264,0.7540531955274028,0.0965318809728654,0.2189971970298128,0.7152824629583125,0.1006342922452961,-0.1849368257165364,0.7775639226324,0.13357475983867545,-0.20443045883140773,0.6164579914271853,0.07145140164243356,-0.20144766624302535,0.6373064424196465,0.10680725843903363,-0.2550771626270561,0.8355081211197206,0.1569418899652366,1.2091863830649734,0.6856181029737132,0.1829199941678104,1.4603990526695017,0.6244625888466528,0.23310861379625583,1.3155415493282305,0.5817476777573999,0.3109567734658217,1.162907612768142,0.7540627898489763,0.3888842878928774,0.9296603607891114,0.8383661118811652,0.4197224690632561,0.7683267410612867,0.6061339139706933,0.36777419551578877,0.7457396607106134,0.4659137653806462,0.3757959992059081,0.7161381110914312,0.45174318788088164,0.38600723701738904,0.6824178214345427,0.5031052984469906,-0.005367303841729055,1.1423869209126738,0.6956049936096795,-0.023639531409003173,0.8934195252201832,0.6340164542189259,0.12280101420045654,0.7508733030982041,0.5131991197739781,0.21456660659455284,0.7297526133266558,0.4481405435267911,0.22650718572060394,0.6973190136673668,0.4513256402875514,0.20168815113247007,0.6652278297642504,0.4721088158131801,4.0638297872340425
0.2455512063355071,0.6510994308534167,0.7835739282929719,0.2858211113939916,0.2527520100681406,0.680927682189469,0.26400853544292485,-0.17766957037029799,0.7881473710116161,0.2911808657409399,-0.19218362689951157,0.6080892685614614,0.34293561863130245,-0.19719821410358254,0.6623407477352148,0.25217641438115623,-0.2458474976906804,0.8192201828245765,0.05642047568391415,0.6491921516539337,0.7529013950939079,0.09622244328709754,0.21816578148617244,0.714588249591086,0.10110387409317093,-0.18528130092248496,0.7756234820107719,0.13314620443651135,-0.20171812087124188,0.6132203615377265,0.0717934716267058,-0.20005283097512727,0.6371103645173666,0.10684716667011686,-0.2567420684878873,0.8360480415204364,0.15264402639767616,1.2109964845182017,0.6939681192620035,0.17907625834912833,1.4617915043277396,0.6315192129031593,0.2292069100653944,1.3152687650495967,0.579255944347835,0.30860802634317197,1.1648956194658857,0.7546990526952434,0.3793339604986552,0.926755599735468,0.8579919011672785,0.40633858262758815,0.7663151437462465,0.6289654480982058,0.33321747383752737,0.7492048894509888,0.48437160877639357,0.3419296245093065,0.7200878160351588,0.4668623057421666,0.3549178745150338,0.6801448583408971,0.527183925016621,-0.007425051006329149,1.1472230161652304,0.6970240377804081,-0.04010212597365414,0.8964247265643502,0.6430669254540373,0.10996542353757864,0.7566380230962062,0.5379696691678832,0.20922970289547954,0.7425849929709442,0.48755661532508215,0.22311258757654595,0.7094398280650671,0.49571409338262196,0.19596745227094287,0.6718501855029317,0.512895635949629,4.085106382978723
0.24490892357270308,0.6508009381650534,0.7818927407881789,0.28509870595904735,0.2528572887759365,0.6799321735243253,0.2640061844122744,-0.17696242845912422,0.785059569648555,0.291135172430748,-0.19226125320495427,0.6107080417891839,0.344450821548952,-0.19598355899769923,0.6635028198585868,0.2513613902588716,-0.24476235047967354,0.8170190416660474,0.0546468542393297,0.6493283951414744,0.7501867568888413,0.09606102557376259,0.21819702103466027,0.7136811098074196,0.10139017060413799,-0.18517865236687042,0.773897544022242,0.13188362715529478,-0.19807963392190578,0.6091786580474206,0.07210726128831596,-0.19869738432097325,0.6371731456083692,0.10691574594773182,-0.2576853559720207,0.8361517570240571,0.1475814039251486,1.213220607092179,0.7046381697446881,0.17536925875422998,1.4639673456202238,0.6377721773944497,0.22528620494186347,1.316324956716198,0.5781566164135818,0.3065586894961845,1.167857304972729,0.7559717122400416,0.3701884467692066,0.9262632989555573,0.8734725357270614,0.40128264692678284,0.7667989542326147,0.6530844538715341,0.32403439293968345,0.7523378718779592,0.5030295619831636,0.33358523350896974,0.7245244703598158,0.48327524646941045,0.34309482618090753,0.6782545180158184,0.5512549550597377,-0.009013915668205289,1.1532073475592133,0.6968096991624777,-0.05574625237187326,0.9013334867271738,0.6572531058712008,0.09275865471029714,0.7664324558365334,0.5551136562497712,0.19470046448900413,0.7554289887274679,0.5154480720574603,0.20863210975238972,0.7226912614914044,0.5253262381995507,0.17946749707747928,0.6828674974600806,0.5437105039130556,4.1063829787234045
0.24430813071906388,0.6518295530886975,0.7800892165770887,0.2844287489077865,0.25333164284113385,0.6786825104631093,0.2640049096678333,-0.17604343136366696,0.7821072446703698,0.2903741180572183,-0.19170890303650437,0.6122259349855989,0.3453227932241353,-0.19534868878668435,0.664815625653066,0.25061539015480855,-0.24350655021438564,0.8146488509352894,0.052439029292327084,0.6507223779674307,0.7463380489606816,0.09583757028284388,0.21890381060852668,0.7127457373762787,0.10142594447870516,-0.18470605952715774,0.7724022894754748,0.13023678868771033,-0.1947576371945955,0.6063386972885995,0.07233292795615628,-0.19744958811020494,0.6371719534699629,0.10714372468042159,-0.257770072330547,0.8358507701376026,0.14213547619570785,1.2157466465063644,0.7160425201174554,0.1719334998972672,1.4668451437518115,0.6428447068679316,0.22123408141149897,1.3187624363535009,0.5795388070171068,0.30478284246727294,1.1715061934873068,0.7581052402217021,0.3617762126714155,0.9286544885057104,0.8820669670325456,0.402647249919482,0.767216788608877,0.6781302489134157,0.3365026753849958,0.7496243400792605,0.5184535097012642,0.34711723306673803,0.7249603999190458,0.4996601194015803,0.34948822611175434,0.6753653047733522,0.5726717499121513,-0.010835175982534683,1.159257406651168,0.6959920258846595,-0.06938083819434152,0.9076995372309202,0.6755242472088903,0.07300457295642009,0.7778527683672645,0.5669070517604982,0.17444544136873114,0.763772791972279,0.5346519122586517,0.18711384016016394,0.7334883704341514,0.5417869893387262,0.15561362193407244,0.6956488595757945,0.5645976743849066,4.127659574468085
0.24371589284591413,0.6540493993509882,0.7785005412230126,0.2838190628326278,0.2542719052201949,0.677411326617392,0.26407312107617864,-0.17480091963921277,0.7796994446160915,0.2895197740583193,-0.191197932320732,0.6132351542291333,0.3456443705205873,-0.19541454688594798,0.6662798733323028,0.24994873766584097,-0.24233067785686582,0.8124121373453952,0.04969752360407788,0.6531570031812489,0.7421666041621097,0.09522012808301342,0.22016633189429785,0.7121805161549323,0.1011980423513366,-0.18373263016222185,0.7711184581913867,0.12876361916722562,-0.1922437514040588,0.6055737415731877,0.07244056925631841,-0.19652202641232058,0.637148832128914,0.10750030908166962,-0.25700787748098425,0.8354957957383466,0.13670514245123544,1.218767923195526,0.7267625738400724,0.16865722725653945,1.4703272029923644,0.6471179797882122,0.21654689235522917,1.3222297415211883,0.5836073419949382,0.302914135203544,1.1752577986259354,0.7613844634623046,0.35405451505256236,0.933297348791543,0.8850708007867667,0.40799765517270037,0.766477025634877,0.7029956776203357,0.36232556637900953,0.739456834756869,0.5311497445672795,0.3751022867443664,0.7195489769035649,0.5175438910540595,0.3692943438984353,0.6719202652683232,0.5910348778024106,-0.013171104040460332,1.1648546650977147,0.6954384271014058,-0.08145159862518042,0.9157935747650796,0.6953695213983608,0.051335133436207256,0.7889598318765625,0.5769469492073402,0.15192509920232908,0.7663226099159879,0.5506686830962055,0.1622807604767935,0.7401994930998297,0.5515840609029616,0.12775059594760496,0.7084399743202201,0.575407410391637,4.148936170212766
0.24310885419339898,0.6571453947298407,0.7772213352632885,0.283168556171102,0.25569480879649453,0.676397548877416,0.2642458714867366,-0.17325755052759784,0.7779457225447626,0.28892712887837646,-0.1912053016719742,0.6142690178006117,0.3456222840979475,-0.19580259828862398,0.6678153038053454,0.24940337354048003,-0.24146953173733812,0.8109313644769439,0.04651253588194764,0.6562392695462963,0.7386509151527355,0.09403932290984143,0.2219380809768361,0.7124602580770126,0.10075624911731977,-0.1820905927552869,0.7700619853373672,0.12765946021556684,-0.19007976322429468,0.606023172855065,0.07244808076303788,-0.1961273603259668,0.6371424656906757,0.10788850692224033,-0.2555802193716546,0.835362068560153,0.13155519772685204,1.2223912342173744,0.7357853232107621,0.16546021556990964,1.4740180576061337,0.6506207088979183,0.21063881260489342,1.326246953451178,0.5900013030835345,0.30043191311929174,1.1785639418216012,0.7659476112898544,0.3468063272581295,0.9386581318458627,0.8862722426474401,0.4154437214767325,0.7650419088599891,0.7251103715729744,0.3941246179031369,0.724357874985127,0.5453286544575486,0.4103538129479878,0.7084147435909482,0.5408212547937765,0.3966515263437564,0.6682582095165827,0.6085904055872229,-0.015898865454704012,1.1694831261791907,0.6949315210767304,-0.09260682803330292,0.9248501668578908,0.7145542404023625,0.028144761624261605,0.7979462561243464,0.586930357263405,0.12917646716929057,0.7645775946453857,0.5660987501481191,0.13601756733116568,0.7433712124248676,0.5588874789019584,0.09855385868899752,0.7191009873226548,0.5778476754064238,4.170212765957447
0.24249997898511788,0.6609238498555919,0.7761346836005135,0.2823596165077474,0.25753955840844145,0.675793808703903,0.26450117905758413,-0.1716307944188248,0.7767556032987116,0.28854278937115585,-0.19159814767607614,0.6151584096109786,0.34555190551670467,-0.19612706458261434,0.6693739123717307,0.24903852460155534,-0.24096249546051604,0.8104925868049931,0.043050822630312215,0.6597469811799721,0.7361985477691184,0.09237643797022153,0.22415277502432032,0.7137832769428675,0.10014784687712734,-0.17984638108364565,0.7692621844120008,0.12681247029593642,-0.18805643069088743,0.6066066442443486,0.07246045242240745,-0.19609027719348446,0.6369787983799088,0.10826250911289352,-0.2537410920281761,0.8354302426145357,0.12689828776624976,1.226410034863299,0.742232579870608,0.16276550885109117,1.4774698687717844,0.6528261351285141,0.2035420001606993,1.3304014832312867,0.5980989982081292,0.29723087420593175,1.181456144330705,0.771479504042434,0.34020916918696487,0.943424550096223,0.8869955723411205,0.4237920774039587,0.7634481222765177,0.7415282526408463,0.42874227609891136,0.7082075734999138,0.5638869314743218,0.4477811358194494,0.6934404128090026,0.5711798016114892,0.4272108273630646,0.6639815583107005,0.6281497670665034,-0.018583205288194283,1.1729035204988811,0.6936145822567382,-0.10260031131812927,0.9331944311293665,0.7327712284120709,0.005271104254688862,0.8038151697896216,0.5956391216201904,0.10702785355565463,0.7608234959191028,0.5789214133129497,0.10951590258304925,0.7443416944300175,0.5627403224331355,0.07029352895444979,0.7251079749205538,0.5764727619432144,4.191489361702128
0.24189421893289736,0.6652227951545366,0.7751658757753874,0.28140765525806805,0.2597391706159097,0.6755078706152449,0.26476466421088113,-0.17025425386056542,0.7760959924804963,0.28827904500699786,-0.19193585884774175,0.6154514106361979,0.345623540615843,-0.19656500911655067,0.6713074253420572,0.2489193250560474,-0.24068103192852858,0.8108289526914736,0.039503090514103806,0.663786202171502,0.7342458624874795,0.09045088986858343,0.226595067719447,0.7159642550140772,0.09938653411282045,-0.17731094093621408,0.7687395142891376,0.12624214881245663,-0.18680091042496985,0.6073917161966831,0.07259492902205032,-0.19594469394015163,0.636554616011748,0.10863115085579185,-0.25169712471903494,0.8355095164324153,0.12299816683955725,1.2305600710755993,0.7452689444865123,0.1610194500175749,1.4805472032744336,0.6536143925096014,0.19606862574967104,1.3342281868899657,0.6069163087634835,0.29377997930994276,1.1844961475365825,0.7770640793330819,0.33496162635508964,0.947027486845831,0.8855049046762151,0.431689305871258,0.761032011370463,0.7511236109197349,0.46408802200884947,0.6931435757469462,0.586407031696341,0.4832127349394657,0.677757684923074,0.605984252084337,0.45769027221360015,0.6585638033815491,0.6509330248994372,-0.02078006763036673,1.1755125872811656,0.6916906892103154,-0.11085473525088693,0.9397057731013512,0.7504946680629548,-0.01461283795089,0.8060435242884854,0.6018730166037423,0.08615644472479,0.756607049857334,0.5856191666856883,0.0845981514600695,0.7435154289057301,0.5612474268835039,0.045164829680124564,0.7247892015871685,0.5753990654495663,4.212765957446808
0.24130615302848918,0.6697558543306837,0.7743537858261791,0.2804717954474004,0.2620991734897638,0.6756040773553682,0.2649484595551182,-0.16924957619738434,0.7758866807743053,0.28824613914306024,-0.19205629093837834,0.6152085772453393,0.3457581309877094,-0.19735978198751628,0.6737054137812083,0.24906908211201736,-0.2405534461304336,0.8115491178613923,0.03609345696435233,0.6685124767201893,0.7319847118034817,0.08843230221690532,0.22889467420695087,0.7187769055499715,0.09848032258947018,-0.17485543343433524,0.7685449478294059,0.1260010622127486,-0.18690943485025496,0.6090110367320559,0.07275898462112707,-0.19561584297448267,0.6361879249098145,0.10901891475347338,-0.24965046524947707,0.8354805738364861,0.11986724179153471,1.2348057186976007,0.7450710982946595,0.16002369058736932,1.483489089994406,0.6538382360228121,0.1891379344764864,1.3374413491421526,0.6154913478329153,0.29034038112877164,1.1881448992189607,0.7823801416295793,0.331706765802253,0.9496856489672486,0.8805204158927671,0.4377518142974285,0.7567490801453838,0.7570042565449879,0.495367665756168,0.6788359718650192,0.61379207399875,0.5128176895198684,0.6635539075409149,0.6421735961155685,0.4847004144018371,0.6515683412912942,0.6776740314660491,-0.022754829453417266,1.17790848610401,0.6911869095627204,-0.11737651687887558,0.9442172008203269,0.7665211985037438,-0.030752099637351343,0.8034740542994581,0.6078128533610869,0.06646924947710588,0.751345425930592,0.5855198937851931,0.06231385808513551,0.7398361562430943,0.5556136733059628,0.023774692971749688,0.7180153896417989,0.5749229929710078,4.23404255319149
0.24078435531595965,0.6742651517745013,0.7737956056090007,0.27970578614920716,0.2642809981324028,0.6764524128604668,0.2650405219097054,-0.1684441490411736,0.7759485602791952,0.2885063891883427,-0.19212871806787146,0.6150120274762476,0.345818022246972,-0.19822163362700013,0.6757435315615005,0.24943387849438367,-0.24053684810927323,0.8123649169671305,0.03300909642427653,0.6738379421232309,0.7291672575867842,0.08633231519535749,0.2307342093479681,0.7221846786216263,0.09745023704647583,-0.17275854910969496,0.7687597920306323,0.12589569024915093,-0.18818862212940385,0.6114273610500807,0.07266381430337318,-0.19559591952000302,0.6364380829282065,0.10952403326611657,-0.2477185792973287,0.8351988606181527,0.11699556077081946,1.239135712182977,0.7435590466827031,0.15908116336737585,1.4864879332238197,0.6545611393781973,0.18319604454083221,1.3402553609363554,0.6230888988411188,0.28649043106758326,1.1923127436568002,0.7886331545708594,0.3305423577430438,0.9520922834476291,0.8730337737297396,0.4412765045598943,0.75029687065209,0.7659102623325776,0.5170404524396753,0.6635115282370055,0.6508231656616894,0.5339719500410915,0.6501700986825437,0.6807774152351036,0.5048137015874375,0.6417660655537659,0.7120942487032211,-0.025603085478144282,1.1803867734014502,0.6945502211024788,-0.12269032047946413,0.9468929099967405,0.7787420902392234,-0.044944433797397695,0.7951523771455801,0.6169770680989084,0.04645546420888012,0.7424715448621976,0.5822515084873735,0.04116961044311535,0.7313421804286566,0.5498830453010873,0.0037216266588277714,0.7054603336726012,0.5744487219374635,4.25531914893617
0.2403660533002849,0.6786887157452439,0.7735897840886172,0.2791285653564249,0.2660886474596083,0.6782362059123599,0.26512982022692433,-0.16771679889885083,0.7762509710387397,0.28885634009730055,-0.19225616607879503,0.6152410896125218,0.3457897916540854,-0.19863162178084853,0.6763228427112108,0.2499372650190699,-0.240506879895104,0.8130516165188195,0.03024385525589186,0.6794444949960992,0.7262712124171982,0.08407153855504963,0.23201044852707509,0.7262226115135599,0.0963010834512018,-0.1711564092612392,0.7693699162808216,0.12572259753409942,-0.19011538276383994,0.614167707913344,0.07214327147541423,-0.19633445304131514,0.6375409792475066,0.11022266136469361,-0.24586070060106716,0.8345232361944599,0.1137865857201965,1.243299097797988,0.7429296999724115,0.15749925284824318,1.4893484257927136,0.6560227517470383,0.17839157355000995,1.343026244556717,0.628953318974355,0.28184156381595543,1.1966129871007622,0.7968435049599973,0.3308180631785267,0.9546488698098557,0.8657667058884535,0.4421778264304753,0.7421463500900907,0.7830136101837719,0.5267370220146856,0.645678301069633,0.7006604453536598,0.54528306678418,0.6350736356038029,0.7253898965780797,0.5155691830205381,0.6277048505525998,0.7586854128782552,-0.030227536168213807,1.1829164287740586,0.7022994942317582,-0.1269366465735143,0.9479348100573495,0.7859493062306859,-0.05883141885626415,0.7818693360227537,0.6296092026781903,0.025205891002382703,0.7279960367544221,0.5795800964095275,0.019009076663562368,0.7166052654327799,0.5470885435974009,-0.01779452627550243,0.6875650644780004,0.5767737896980079,4.276595744680851
0.24004899033477262,0.6830823038258895,0.7737969900757693,0.2786588028976014,0.26761987730702297,0.6807038451771193,0.265309259876926,-0.16705190203453507,0.7767612331985532,0.2890457108915589,-0.19241680661809676,0.615835632493016,0.3457226889500392,-0.19834627452738296,0.6748722718528944,0.2505527546607274,-0.24033760336758417,0.8134698108434725,0.02757258845711114,0.6849192953191743,0.7242349520860589,0.08156896141478759,0.23276659266337135,0.7308251154460981,0.09503458759405636,-0.1699881721365158,0.7701246588446733,0.12555546681163293,-0.19237382375314713,0.6168902033582933,0.0712959134644909,-0.19782275587213474,0.6392816786443287,0.11096622923053703,-0.24409545275717773,0.8335820865503439,0.11017372158831129,1.2470168363994394,0.7437431211665417,0.15480828817814998,1.491754760432528,0.6581901589427605,0.17487841394811365,1.3458102515256385,0.632743655529268,0.2767442576809827,1.2009026015247175,0.8062743844516932,0.3312605347001655,0.9572198362139385,0.8616807607197496,0.4405722730651205,0.733288107223957,0.8082428038871445,0.5252193483286564,0.6256611324173647,0.7594517595152904,0.5459666461339313,0.6166659444245922,0.7772406314147684,0.5164978694558917,0.6100506067959854,0.8156518416970236,-0.03653753132535401,1.1852141670048493,0.712735435246237,-0.12936668181607752,0.9477539294179221,0.787242043594804,-0.07207559547914515,0.7654323144858562,0.6435321077982759,0.0035909091288253035,0.7079999130102804,0.5783372478531169,-0.004537565824634689,0.6956001946238548,0.5474074076290842,-0.040553486915582054,0.6646554180798298,0.5863220025826107,4.297872340425532
0.23981070699498339,0.687412137714221,0.7743183395753925,0.2782276646398644,0.2689543192591244,0.6835353149963139,0.2656125840385217,-0.16628045428061716,0.7771252443675094,0.2889969035880419,-0.1926762821575384,0.6166173868238095,0.34564106467609174,-0.1974056606881872,0.6714279586206499,0.2513019699423756,-0.23997746375961004,0.8136002715009606,0.02481290032466547,0.6898823117670766,0.7236168582794621,0.07877764092768232,0.23304107291793644,0.7358583715689957,0.09376056331691601,-0.16901799357226877,0.7707223914131216,0.12559505446082414,-0.19456910256715407,0.6190801682994117,0.07034953452411129,-0.1997646723242718,0.6413291991994969,0.1115790145645144,-0.24255176374303195,0.8326167778237135,0.10661009756619307,1.2502381562894294,0.7452716698921664,0.1508304644292962,1.4937123695238925,0.6618960918496972,0.17265820665615078,1.3484741807313332,0.6351148534770699,0.27201964789249367,1.2052698514530018,0.8155108828481038,0.33058499350810056,0.9595230667609096,0.8620039330079491,0.43673099323228504,0.7250322580631758,0.8379270227032873,0.5141705152755482,0.6056166935868526,0.818547991096858,0.5364225651681473,0.5960537094127941,0.832861505047453,0.5090035458042841,0.5919481014523911,0.8744935959510142,-0.04368724428135119,1.1869079808720375,0.7237461377067631,-0.12912022885123275,0.9470284332051848,0.7817540993099638,-0.08365983264941798,0.7473793535470774,0.658111268066701,-0.017452364156090985,0.6837849582865271,0.5798888840722105,-0.028770374129688123,0.6695241277251762,0.5510967205067598,-0.06240532949394378,0.6385418265563783,0.6035414372287204,4.319148936170213
0.2396438858428051,0.6913966877889796,0.774746159862369,0.2778058395569533,0.26983894421831583,0.686630190833184,0.2660323668035823,-0.16526093439791878,0.7771145093467778,0.2887523136413054,-0.1930941640246996,0.6172849831978063,0.34539550475217806,-0.1959982889399009,0.6664605798284347,0.2521639117226895,-0.239445963322548,0.8134781355283753,0.02202603500004235,0.6939850762984502,0.7241866204240275,0.07576082164702057,0.2328035023865523,0.7412436510231476,0.09268753015289107,-0.16803964167650848,0.7711745679369566,0.12589241239014426,-0.19608889611996413,0.6201494752853967,0.06949865212517035,-0.20185900824312966,0.643446005164406,0.11211312167535376,-0.24124442930435616,0.8317606438839081,0.10353592063825152,1.2530203893559,0.7468943164893582,0.14564668527963495,1.4955152935685723,0.668092462715913,0.1713579035223577,1.3509100401269665,0.6370332789300837,0.2682426264535581,1.2094457886530785,0.8237390780311721,0.3281505506969025,0.9611819034294863,0.8661548218385691,0.431065638635903,0.71863475030621,0.8674393193027742,0.49573224311097525,0.5882070759216584,0.8699840940155117,0.519173957171223,0.5762163202325468,0.8856554819794425,0.4950475363910856,0.5767404006187975,0.925786270301735,-0.050754573424473266,1.1878269748680765,0.7337904303367457,-0.12613417369217264,0.9464468908375734,0.7697635955872275,-0.09353355692779769,0.7291644130255783,0.6738760057405025,-0.03794589904233479,0.6569818632642098,0.588072671907472,-0.05342365250545457,0.6407663261890397,0.5598705135809271,-0.08229233664106403,0.6128981938104126,0.6233023911124429,4.340425531914893
0.23957731745047048,0.6945658037497247,0.7746458311566058,0.27741651476937756,0.2699313875745021,0.6899181208264467,0.26652553584530314,-0.16420080382444086,0.7770206727601957,0.2883764440441374,-0.1936652208022835,0.6175829413452293,0.34473427491644604,-0.1944060284986724,0.6607297159704939,0.25303066552035935,-0.23883656115166615,0.8130805655794452,0.01939325966579932,0.6968574290536816,0.7256197288807071,0.07273352587014627,0.23194702420181024,0.7469637886421345,0.09189352647172881,-0.16704377216802974,0.7717359444335582,0.12626107686747318,-0.1963918506598171,0.6198204524874965,0.06876864586897954,-0.20386458000236696,0.6454132482945696,0.11268990245625918,-0.2400451598182356,0.8311006922963641,0.10098051318639825,1.2553611487630734,0.7485738405925992,0.1393898303012698,1.4973448054184004,0.676401044519367,0.17030610108388472,1.3530070230905482,0.6388762654458716,0.26534717957167653,1.2127048495545019,0.8307381084933736,0.3243287958695605,0.9617986146113457,0.873352716226981,0.4238369966851262,0.7147027006428656,0.8926197031468109,0.47278780325841196,0.5751603780100798,0.9093372299521637,0.4977591785421334,0.5596749453929315,0.9298141826788372,0.4763296578346851,0.5660189739180932,0.9632714920825673,-0.05723045331849912,1.1880379100961367,0.7414873697781148,-0.12117103295458273,0.9462571574745634,0.7534368870757799,-0.10228697041433474,0.7122964927061968,0.689571062400347,-0.058181459556018035,0.6295632989878632,0.604726857880648,-0.07873066776682551,0.6125880402966144,0.5740250112395288,-0.10058542343665416,0.5906434211566411,0.6402166248371441,4.361702127659575
0.23963777387927832,0.6965754628949214,0.7741730554021331,0.27716157512913825,0.2692345231297303,0.6932148345164434,0.26705588288083865,-0.16342662065910302,0.777089918249023,0.28791162840820594,-0.19449242968015262,0.6177018310401078,0.34372090345113293,-0.19283697790108248,0.6549875101782751,0.25382585366630944,-0.23831892475420746,0.8124165449746416,0.017071069399409833,0.6983553750850169,0.7277241856961838,0.06994332020122962,0.23037642495725347,0.7528633621812832,0.0912428015981371,-0.1661349948418978,0.7725277230792964,0.12644289582255147,-0.19519373599961462,0.6179412963425291,0.06805576747927757,-0.20554084418331992,0.6468897927215035,0.11332184595729208,-0.2388663719426642,0.8306626389592172,0.0987256574648604,1.2571485181714144,0.7505247190954598,0.13226418485648422,1.4990598107564674,0.6855084445698598,0.16889282713946818,1.3546033696741395,0.6404958612024301,0.2629761279792141,1.214551322726841,0.8363724508543398,0.3202571315764795,0.9616882740247142,0.88160699566906,0.41511662311489606,0.7128916212124428,0.9109190728840466,0.4485487674659682,0.5666057827539899,0.9361099952782156,0.47463194027550115,0.5475128546442268,0.9627161764638608,0.45474478906381066,0.5595827469194861,0.985291875752933,-0.06284099433182475,1.1877360362891427,0.7454823851322135,-0.11545101012016978,0.9459722490810705,0.7367753199554778,-0.1098277495632492,0.6980367296750147,0.7020915868843858,-0.07789186859822658,0.6042810986750387,0.6264534360472349,-0.10432968379941568,0.5880853329609733,0.5908538934572121,-0.11757289831378001,0.5723107603048175,0.6536577996923981,4.382978723404255
0.23980461898700545,0.6974902175539994,0.7739389262657448,0.2771216055346497,0.2680717604226103,0.6963769124777768,0.26763552982750605,-0.1630073679531187,0.7771022065260471,0.28738407764847385,-0.19562199624662985,0.6179380794227447,0.34271782871817974,-0.19134088936160148,0.6497799364418666,0.2545914790994006,-0.23806447855790394,0.8116772524368345,0.015129970548352838,0.6988286867629181,0.7298649216220177,0.06750677336476213,0.22825844225467565,0.7584366621332406,0.09062288321206106,-0.16533166151415504,0.7734356244989328,0.12633643148445423,-0.19272526255370373,0.6146065066044858,0.06735664175827036,-0.2066113329904603,0.6475028293099493,0.1139494656033817,-0.23772580232340035,0.8303970990456605,0.0966247955185687,1.258159411092406,0.7526869036200097,0.12470456104604749,1.5003836011036515,0.6945029172679003,0.1669796526175161,1.3555414911338508,0.6414329554702043,0.2611118216962641,1.2152206006036261,0.8399141460914479,0.31680714095965745,0.9619235719273309,0.8861985338331998,0.40519432161806157,0.7123731411742202,0.9216343879333966,0.42615455735779273,0.5618502050283788,0.9513392366765375,0.45114897773677404,0.5403408831336851,0.9831376537144781,0.4328075120160888,0.5564914238227,0.9941798663366295,-0.06716057898092705,1.1871963484286334,0.7452371331454428,-0.11023875786107104,0.9447045459699766,0.7242790402307566,-0.11517352409887716,0.687468118638061,0.7089284708415222,-0.0958591520311497,0.5842036886591275,0.6474746332620435,-0.1283255964657169,0.5693642734981758,0.6069325649019887,-0.1326753691195578,0.5578005047435834,0.6656318331502219,4.404255319148936
0.23998818537548522,0.6977833403128297,0.7741288456486628,0.27728251223048056,0.26678400392680823,0.6993657798806439,0.26829121982035825,-0.16280098121587822,0.776789687431415,0.2868771171546921,-0.196817526613395,0.6182755624454771,0.34194615229942227,-0.18994260213759256,0.6456395385059498,0.2553947291438477,-0.23815049729498908,0.8110910481555156,0.013482942846032622,0.6988902935155465,0.731337515152238,0.06543834194332557,0.2260407623677714,0.7630606467239957,0.09011199822869677,-0.16458850791509147,0.77424934575713,0.12584827750368774,-0.18991772523784123,0.6108400603818359,0.06673680827706674,-0.20686205275701167,0.6472302469627246,0.11451964871697984,-0.23668473794290779,0.8302874461980659,0.09456271120068778,1.2583058801749427,0.7546381154886592,0.11710689098123805,1.5012078631873302,0.7028206605525488,0.1647924376692461,1.3557906963734716,0.6412634017846015,0.25984503834499323,1.2154242218328712,0.8403437788408661,0.314062675872906,0.9633199600592018,0.8829486674177354,0.3946161307782585,0.7123945913522955,0.9257619041391507,0.40762877923079877,0.5608409327536696,0.9535708765812136,0.4287782074935198,0.5384485151895648,0.989789319363876,0.4129302835763141,0.5556475254937936,0.9942700912918804,-0.0700933382839865,1.1866170981201978,0.7419160139694532,-0.1064345967588729,0.9420414299096271,0.718278529698916,-0.11782086855766268,0.6809696267825702,0.7100989834052319,-0.11061429416017257,0.5704066201875031,0.6646315984451362,-0.1481838722026575,0.5570366036178136,0.6206251923837347,-0.14481254015714823,0.5477037588350848,0.6760340327705769,4.425531914893617
0.2400685424418858,0.6980712450516454,0.7743867719637837,0.2776203795266356,0.2655878613708963,0.7021495901873225,0.2690479475700314,-0.16269472627130666,0.7761777993981036,0.2865136758815411,-0.19783386276681766,0.6187470055566235,0.34141004357089166,-0.1886834104575985,0.6429559573268567,0.2562365444403854,-0.2385733485850019,0.8107343135299513,0.01198834277516764,0.6988993139449301,0.7324331338320229,0.06376345758478945,0.22407345842939574,0.766499987952308,0.0898676729922826,-0.16393806381649595,0.7747477408412953,0.12464094723981704,-0.18794513587830014,0.6083071607416594,0.06604361163416442,-0.20641938670065754,0.6465993134524669,0.11501944658975244,-0.23585032939118714,0.8303737426595039,0.0923256546960376,1.2578892456574835,0.7561076872448909,0.10960953721268968,1.501589049093581,0.709293056295862,0.16235084710034764,1.355576183071683,0.6403676055530501,0.25866260898230464,1.215693133815893,0.8379818339519056,0.3120190780369283,0.9660854637123559,0.8714684994043423,0.3838225268452389,0.7123498498016982,0.9254158465951323,0.39248001146316114,0.5636477109977429,0.9407490976842637,0.408826114572692,0.5406201467993594,0.9832318136934146,0.39619645472943715,0.5558043964892254,0.9896416138421348,-0.07254959756526726,1.1860016269889508,0.7381136848581124,-0.10425603732568159,0.9384363088758633,0.7173937632014644,-0.11875010097288982,0.6772544499325297,0.7081865019004934,-0.1215942524176061,0.5608325139905352,0.6784504582902011,-0.16250844190401803,0.5498381326042797,0.632013447604176,-0.15308624970852125,0.5420080652695545,0.6829231365761128,4.446808510638298
0.240026459549894,0.6987595559688005,0.7745123518768932,0.2781014148685156,0.2645476804685135,0.704658976840518,0.2699158629916759,-0.16267131962735837,0.7754074639445478,0.2862868638702971,-0.19860619652143474,0.6195817554551186,0.3411322845479672,-0.1874419405432536,0.6412487429179825,0.2570772763928085,-0.2393126675762967,0.8105736760021889,0.01065317063585308,0.6988020928217743,0.7340383552629813,0.06246739494231533,0.2223998162379107,0.7689912005981182,0.09000117591568921,-0.16339623808604203,0.7747100347927147,0.12249984949375922,-0.18742627223207092,0.6079990763935975,0.06503432707158202,-0.2057385522557148,0.6462110239806158,0.11545645048845492,-0.23532616275145737,0.8306932289858393,0.08974038165076362,1.25729089826048,0.7574312398274432,0.10244168626820635,1.501553355293952,0.7124096606693701,0.15945534540668896,1.3551959462600787,0.6398046592606069,0.2568339630126978,1.2160815650916892,0.8345011974527978,0.31106902965978733,0.9701713651144448,0.8534997045114887,0.3734280313659993,0.7118389035890049,0.92152763696342,0.3788358782970658,0.5688221037283778,0.9160417559345456,0.39165103947904034,0.5447464161386357,0.9656490306430963,0.382192325330477,0.5562068127498956,0.9813995260764922,-0.07572016384829833,1.1853081201416247,0.7359161463422177,-0.1032731738529418,0.9346410312825432,0.7184613010453427,-0.11940812936601326,0.674286453522696,0.7061794365980965,-0.12853064797422217,0.5533058951945287,0.6887962432615107,-0.1708964521608039,0.5455221855679041,0.6413902716530251,-0.1569483118967313,0.5391163189135788,0.686135498591377,4.468085106382978
0.239962404316992,0.6998811917385117,0.7746650046276246,0.27859865160584035,0.26358665130442777,0.7068268399367565,0.27086375682164027,-0.16273017304682258,0.7745170943281507,0.286114186829664,-0.19893704548058597,0.6205603455449122,0.34121625285759377,-0.18586102840496005,0.6393148955924044,0.25789221357102843,-0.24031942319165933,0.810565267283845,0.009645302190191895,0.6985150747494452,0.7362328112022349,0.0614865761468397,0.22091357035830686,0.7710024784165115,0.0905163691607817,-0.1629009986268904,0.7740152962622117,0.11990446324611381,-0.18813060012928826,0.6097555390744491,0.06387163319526327,-0.20505206880433396,0.6461768051736957,0.11583640606829115,-0.23510719323539783,0.8312652401253644,0.08688938583770402,1.2565346821160759,0.7593477655641652,0.09606583869204152,1.501152293449608,0.7116175633989528,0.15626980271782664,1.3547002616306394,0.6401480795954663,0.25436037263843186,1.2165056688091547,0.8309831379745916,0.31139016860786345,0.9752738240239617,0.8313778429580796,0.36446614595022897,0.7109100351096802,0.9130277359387493,0.3658816315330032,0.5742774842613991,0.8864777288290608,0.3771461237957526,0.550004706212832,0.9378404828079873,0.3704747905682432,0.5574042950722236,0.9671029713476214,-0.07978503739270723,1.1845873692652669,0.7352725440849904,-0.1029464852185838,0.9312932703513928,0.7194674911745147,-0.12013919771573688,0.67127486626885,0.705139181196837,-0.1303361624890413,0.5481856593648573,0.6926882897294501,-0.17288036766653347,0.5424284511208521,0.648892875638772,-0.1561421597843856,0.5368878869163042,0.6882237306990142,4.48936170212766
0.23996020860513842,0.7012353017911919,0.7750221079210062,0.2789644476988877,0.26262012232706644,0.7086898533631795,0.2718680133456637,-0.1627886754974123,0.7733915959495394,0.2860586628870656,-0.19847813128390565,0.620922504897466,0.341678715324088,-0.18377049966032072,0.6366682603050436,0.25868272785613416,-0.24147698851488122,0.8106815800197207,0.009164706160651665,0.698238875124848,0.7381543784002597,0.06083752325456194,0.2195184384669453,0.7730904191389075,0.09121987522946493,-0.1624430042190161,0.7728082858005502,0.11783948159467464,-0.18931729361906624,0.6127621883720644,0.06311821153551037,-0.20414856334507428,0.6462896686108768,0.1161538065081462,-0.23515051330632666,0.8320484180123368,0.08410248712531433,1.2554901925906734,0.7623843325387143,0.09079236736800698,1.5005817569590438,0.7080022552870993,0.1532708220979055,1.353987282261178,0.6411611057306184,0.25180982107613575,1.2170645364824337,0.8276961861830843,0.31217057843476587,0.9804650936133402,0.8095664135881226,0.35753886576085403,0.7099907020510008,0.899449177683225,0.3537842033092192,0.579080868045539,0.8573992502900266,0.3655899917535844,0.5570256381121972,0.9006824139643538,0.3618470145509928,0.5607677609246058,0.9445147130079128,-0.08399699840834524,1.1838756417147238,0.7349813481193399,-0.10307377320404228,0.9289250678513481,0.7201068404824678,-0.12031833367126399,0.6687614662092731,0.7045575092488534,-0.12634322686053,0.5464829712205483,0.6887292449903544,-0.16870197255286973,0.5396724433563772,0.6552455159478963,-0.1510097674115732,0.5340083054021312,0.6918839070033418,4.51063829787234
0.2400164245175155,0.7026857639317724,0.7755443381061256,0.27916988049248714,0.26169371580749523,0.7104475399831763,0.2729491897033959,-0.16270035839980854,0.7718531002947165,0.2862442641336926,-0.19714391699767486,0.6201138910801423,0.3423192762157703,-0.18168895211460268,0.6341598997270088,0.25944267813787564,-0.2426655665732176,0.8109040766552772,0.009305790628044364,0.6982681630456657,0.7389640522411526,0.06058488428745878,0.21822789632229783,0.7756682560324959,0.09181815690334061,-0.16202177782466778,0.7713985834883841,0.11706296027408576,-0.19032000775395264,0.6161251957451979,0.06320225491565828,-0.2028478928921319,0.6464488766318613,0.11634617005839251,-0.23542644330525342,0.8329038420944408,0.08161672055043542,1.2542365338398456,0.7666613049332462,0.08663808344504051,1.5000966536235207,0.7035900898786451,0.15059490136173698,1.3530396242515033,0.6426730380047655,0.24955899886925054,1.217863467771846,0.8252289010653086,0.31182717568596724,0.984029318505844,0.7946739849351938,0.3523945227414732,0.7096264431472616,0.8818552615856721,0.34277421325750385,0.5831746897467999,0.8313974393720965,0.3576244866778418,0.5657586046517887,0.8592086277936395,0.35737872568693263,0.5670797979559848,0.9150126774093386,-0.08765931381776496,1.18314920924887,0.7345076820895031,-0.10359163490421741,0.9275939272189118,0.7208771518460173,-0.119547102782074,0.6673016029009992,0.7044009046306023,-0.11761966387972898,0.5478087199584255,0.6794702491710649,-0.15974704366318843,0.5371525706043913,0.6604290856541296,-0.14251839377304976,0.530733348691727,0.6966916679126216,4.531914893617022
0.24007768697346507,0.7043096205716811,0.7760154853796712,0.2792906432331383,0.2609254380144465,0.7122752008089712,0.2740889986166183,-0.16245155581336157,0.7699168942154477,0.28669074393484467,-0.19507478226578343,0.6180048314713971,0.3428253646314092,-0.18056827346355478,0.6329412198905817,0.26013693896330947,-0.24383463256700008,0.8112208452871308,0.009958293380708534,0.6986678246641609,0.7385162801799454,0.060707122515273874,0.2172789110573642,0.778666399004594,0.09219772341001585,-0.16155429707903513,0.7700300517095956,0.1176889572698846,-0.1908776570420985,0.6192994384992191,0.064110905517679,-0.20129378011278334,0.6466759959908289,0.1162918187842312,-0.23583411410916827,0.8337244173346976,0.07922187457618836,1.252930996120855,0.7721932506277781,0.08350606936719351,1.4998793159712618,0.6998060884193706,0.14799398366743777,1.3519175959143523,0.6449637363504727,0.24762663055461193,1.218753641414194,0.82433375595345,0.30926053572823153,0.9842716340390933,0.7919602082699224,0.34863492378722405,0.7102808367683856,0.8610791798508157,0.3334606232152906,0.5864329089908619,0.8098490538933258,0.3533382388541624,0.5741945362176232,0.8206710603186671,0.35639037585319877,0.5754030256234308,0.8824801354065461,-0.09058850921799974,1.1824603634726185,0.7340298763390452,-0.10421484293992991,0.9267906717050144,0.7223428273012038,-0.11805986574953589,0.6668575003174236,0.7054226593120551,-0.10613493683919484,0.5510110127517789,0.6678778104781721,-0.1472025292090744,0.5358090397221621,0.6621356072915406,-0.13192610544430433,0.5286649105998391,0.6987374324700923,4.553191489361702
0.24009826642091212,0.7062524180562533,0.7762579723439835,0.27942606107785484,0.26037378984761633,0.714097845892727,0.2751830824395996,-0.16219590268162254,0.767887095830817,0.2873677285483993,-0.1925002725382347,0.6147360195760635,0.34312015863375583,-0.18103313517730574,0.6335198367634315,0.26072747604825147,-0.24494157505091904,0.8116205931391568,0.010833111770831355,0.6992943112605505,0.7373449973919577,0.06112029147703666,0.21699051013127488,0.7816161361736085,0.0924623963638128,-0.16103267034374777,0.7689081126651682,0.1193384502601846,-0.19088546370093804,0.6219862181739899,0.06548940562978592,-0.19976185590575488,0.6469460032028326,0.11595269291819393,-0.23624519170188757,0.8345358083544484,0.0765245786023202,1.2515941407614892,0.7789475317849761,0.08120417097706495,1.4999468392050275,0.6968614614939465,0.14534621978625392,1.3506844506794509,0.6480565890051692,0.24593025811461575,1.2194424981929488,0.8253247324692442,0.3049133141930846,0.9809858573670484,0.8020241060596394,0.3459439028023915,0.7117919140161502,0.8384984739073337,0.3264630746580652,0.5883506063863797,0.794219272112653,0.3514519808441444,0.5796451370263228,0.789927124704932,0.3563502431848981,0.5831280907366326,0.8510399849173786,-0.09293602103815786,1.181925808842241,0.7336818616611267,-0.10461386651449403,0.9260713315023414,0.7247451064582573,-0.11603774587572054,0.6670361302419845,0.7071122923137525,-0.09373300588148041,0.5548817252894629,0.6553106533398412,-0.1320307552790935,0.5364041577291571,0.6584429584200544,-0.12060603402524439,0.5291471126350491,0.6945568898374352,4.574468085106383
0.2400690217888371,0.7086175746273287,0.7762525027115956,0.27969473429743935,0.26006281152741195,0.7156787465112897,0.2761344167205301,-0.1620575290460135,0.7660732762139302,0.28822197551860435,-0.18997400755992386,0.6107880307272167,0.3434748456710347,-0.1829525021444952,0.635580583152964,0.2612003170439642,-0.24593742728585752,0.8120724853478546,0.011607018430521856,0.7000419274199754,0.736098213280866,0.061746976147106586,0.2173510763036047,0.7842093212346488,0.09272667708498138,-0.16063481266931734,0.7682215396014006,0.12159848561389208,-0.1901498113444433,0.6237964775428199,0.06692573131008966,-0.19847392132817082,0.6471627486294076,0.11546861065731277,-0.23658807515882127,0.8354245943724057,0.07346982522754283,1.2502048787795135,0.7865378768861742,0.07955062054818483,1.5001469539389867,0.6946128769629558,0.14279630035314103,1.3494133614368842,0.6513005409813046,0.24453215626027744,1.2198052031629716,0.82797565260635,0.3002516026037535,0.9758375212324949,0.8202741774027535,0.34392178251949884,0.7130613804199628,0.8181943633139621,0.3216772808484576,0.5880007661323028,0.7868650409603392,0.34993048505458235,0.5804063291770231,0.7699739207871696,0.35516772622208825,0.5874934357674848,0.8249768445105262,-0.09478531242386506,1.181579313256325,0.7334291494366018,-0.10471601557628228,0.9252697514227861,0.7279061196592895,-0.11294583512186496,0.6675112070194948,0.7068312484176025,-0.08157789707703658,0.5585321742837539,0.6423111412309553,-0.11583078774886343,0.5385015695146119,0.65047888533765,-0.10951863242717144,0.5319585855468523,0.6845941146909658,4.595744680851064
0.24000878691394573,0.7115115659248792,0.7760571258858577,0.280159761001549,0.26006641412526477,0.7167974794138816,0.2769255337088854,-0.1620675909452273,0.7645958557968928,0.2890844826664377,-0.1881949701520442,0.6070229822450369,0.344104088630525,-0.18557940692781139,0.6380364319597245,0.261551443067436,-0.24686870186197613,0.8125504825472697,0.012070628810461044,0.7009232043047535,0.7350906819764431,0.06248300663424842,0.2179760386390876,0.7865609436251213,0.09301246557508183,-0.16051851565245867,0.7680101652537925,0.12423270750211761,-0.18873592695672903,0.6245072741455497,0.06818507992572315,-0.19754368549095427,0.647255719397632,0.11497825724438161,-0.23683706669815452,0.8365329225712855,0.07030610919079894,1.2488490792146885,0.794058369331861,0.07853087890572777,1.5003060790835057,0.6932471188370111,0.1405170586796663,1.348236562743126,0.6540894473452039,0.24358149406527013,1.2199836649109495,0.8314790736311716,0.2963452780738628,0.9708132522662561,0.8401276702891581,0.34237024187045406,0.7129429448269148,0.80479065739451,0.31873919678379015,0.5849185605756237,0.7883237314162992,0.34744502692542045,0.575929225141002,0.763292020288869,0.3529384584755195,0.5871114094024491,0.8086778347129459,-0.09601924569882703,1.1812876084146726,0.7332399971120154,-0.10451316877742406,0.9241352088113968,0.731158491292043,-0.10783801347706581,0.6683626445040624,0.7020321700603724,-0.06951713399328038,0.5619224944670004,0.6289450511588993,-0.0996846579857093,0.54150438613137,0.6401015167364311,-0.09857914857715498,0.5359411874882406,0.6717057234129793,4.617021276595745
0.23993244598309446,0.7149440491586558,0.7757153361954923,0.2806888058360187,0.2604903994606549,0.7173284997269579,0.27757226409173263,-0.16216917400404113,0.7635066704489663,0.2896789843801495,-0.18753611842986762,0.6046011383547731,0.3449191966262856,-0.18810463769729993,0.6397553368547361,0.2617586520493054,-0.2478387721424575,0.813148791771433,0.012213469071343718,0.7019863183844607,0.7343483462657546,0.06319146361211853,0.21857631134840816,0.7889644388618595,0.0932896166449799,-0.16058358947383394,0.7681723213401583,0.12686369098347255,-0.1872730643606774,0.6244936215050996,0.06915288957393037,-0.19697613599278924,0.6472354219256238,0.11443699840214072,-0.23701451334321635,0.8380468129017508,0.06736916661783551,1.2477135507553716,0.8003000129787099,0.07806565665308096,1.500369718143993,0.6929237121945778,0.13847450573597975,1.347283412147103,0.6567231640935695,0.24299499471669117,1.2201698618331833,0.8347845520837802,0.2936134722934743,0.9667226918850724,0.8575504252391313,0.3413088475252327,0.7114595141596074,0.7987201268862288,0.3173862590168648,0.580577241698419,0.7931273893430113,0.3439811853965923,0.5669732167813303,0.7687935802972978,0.3510256438063142,0.5823639425649818,0.804067048679656,-0.09663595226435456,1.180747838564097,0.7331027158924108,-0.10385107130069987,0.9224816342412784,0.7335117893893857,-0.10014162476480443,0.6700151221159657,0.6922899970826286,-0.05643166112881087,0.5654831644800021,0.6157460690570634,-0.08301034366876976,0.5457137119396975,0.6269969326206191,-0.08678338754628453,0.540488587616725,0.6574115460670205,4.638297872340425
0.2398316571941964,0.7187001298051383,0.7752434561430004,0.2810149765600084,0.2613493725292012,0.7173978549457587,0.27805950436096594,-0.16223758416942585,0.7628395622431855,0.2897752036554377,-0.18804312845468557,0.604462062585628,0.3457098965418724,-0.1902080175000987,0.6406565903390478,0.26180261728419774,-0.24886321233913242,0.8141132470568544,0.012188869950845895,0.7032397775995709,0.7337737843082819,0.06378321045491496,0.21916418627546871,0.7916651906716767,0.09353123599008042,-0.16059469274348329,0.7686041932304508,0.12876734484468924,-0.18646013067075698,0.6243241626508778,0.06967886262069746,-0.19679238732971438,0.6471743467361424,0.11376183448853289,-0.2371491846579909,0.8399399691398352,0.06503019300120808,1.2469781499909394,0.804297454343847,0.07790443848387672,1.5003703622177444,0.6932799309032006,0.13634720089541733,1.346549321101251,0.6601490782951492,0.24251908676224632,1.220394247322563,0.8372111663793749,0.2925276760315787,0.9636317109554356,0.8713435277476993,0.34080107857261044,0.7097935944039556,0.7958351154234736,0.31727410984444354,0.5776357864533627,0.792802091997568,0.3406887196332379,0.5563819740234602,0.778716255124775,0.3503215954092751,0.5753161307238635,0.8071666644754766,-0.09690990924283092,1.1797107860735376,0.7329588777638751,-0.10261567362702997,0.920644089869542,0.7342625456617055,-0.09005105578668729,0.6727759847963061,0.6787150627862796,-0.04165750739597676,0.5697417348432148,0.6040781587659556,-0.06501265403359163,0.5515619038247521,0.6100802990164751,-0.07287353869029099,0.5459262535498085,0.6407663853124743,4.659574468085107
0.23969144973336043,0.7225226476815587,0.7746522952343224,0.28095969943344307,0.2625107502559594,0.7173254773146179,0.2783481397154046,-0.1622826863694468,0.7625588692086017,0.2893288541462438,-0.18953258717969648,0.6065881959759668,0.34629342678371733,-0.19195045592548748,0.6415338225689906,0.26173967947591026,-0.2498380215329769,0.8155474668268989,0.012171009350514421,0.7046381973607447,0.7332930790343899,0.06425903529740615,0.21978716030768544,0.7947034180069426,0.09373710977412913,-0.1605068480419748,0.7692714047527137,0.12934030042272188,-0.18640868722579854,0.6240777597235029,0.0696723585644698,-0.19699702985070278,0.6471745330660338,0.11304194421538519,-0.23718878227241066,0.8418087733196525,0.06347643572016311,1.2466748363307532,0.8059685396816252,0.07787793367466096,1.5003465869927783,0.6936917371370688,0.13382939179884296,1.3459508918825285,0.6648171861107208,0.24212641743284158,1.220606795198128,0.8385029489375629,0.29361443591958414,0.961847347293951,0.8804475049653566,0.34110626069669703,0.709195422191034,0.7919190694491676,0.31840172296948854,0.5775106352307714,0.783321782294188,0.33939542065201045,0.5484198332585274,0.7812629766783116,0.350762579653184,0.5691588491492909,0.8088475236467403,-0.09707619795749689,1.1783289161417367,0.73267383018859,-0.100918756443725,0.9192422917025125,0.7332989550903969,-0.07829344563048998,0.6765694507485946,0.6623740489552242,-0.025533669575342324,0.5755529288390648,0.5944597217243264,-0.046190233905066505,0.5585953840853708,0.5899117946973037,-0.05636847120564759,0.5524519088167086,0.6205843524130754,4.680851063829787
0.2395014421070721,0.7262891881476956,0.7739585929884379,0.2805532946145108,0.26387579623445323,0.7172024762741415,0.27842838373592826,-0.16248568088803517,0.7626857478841316,0.28852549778068254,-0.19149857232559775,0.6099604327683819,0.346498895882423,-0.19326327674475086,0.6429653027649167,0.26172061969029087,-0.25060659150245257,0.8171464428714358,0.012286003651679178,0.7061177210361204,0.7329279753106932,0.06464724695563795,0.22038236794208657,0.797913539356201,0.0939339535142223,-0.16051778294363112,0.7702246476857144,0.12863983937630696,-0.18680675474168032,0.6237938041929191,0.06931166146623621,-0.19727415907782125,0.6473087895484058,0.11249237126616052,-0.237018594001055,0.8431169662608741,0.06257539619447806,1.2466628632401684,0.8061304475383453,0.07789742757522923,1.5003520449017085,0.6937930755604692,0.13097553040178633,1.3454935388708598,0.6701327546650058,0.24197246627640823,1.2208093127511475,0.8386923822775889,0.29679406193020874,0.9617873921460738,0.8838890894949936,0.3423780218799758,0.7101661748442465,0.7859867184419043,0.3210635751595038,0.5800005321785122,0.766054272569461,0.34136920537367216,0.5464270503714603,0.7683742565315123,0.35192386324417263,0.5665780259096478,0.8015300550546431,-0.09718421468312066,1.1770664331557477,0.7321535706141199,-0.09910255104534876,0.9186073901174137,0.7309374846746748,-0.06554820911305759,0.6812067486197583,0.6437854511536631,-0.008796868197672085,0.5835213547383102,0.5862307899057806,-0.02758507569087748,0.566069317417917,0.5681843469569726,-0.03841181817667038,0.5593513371785379,0.5978500277405872,4.702127659574468
0.23925972908557572,0.7298750224760597,0.773166980943457,0.2799430929291157,0.26548787866558327,0.7169433400425185,0.278351135338306,-0.1628961121692751,0.763350891948459,0.28764496326557665,-0.1933317934712418,0.6134155480984381,0.34618920776179496,-0.19407255370227666,0.6451373726785203,0.2618846333516151,-0.2510771860963039,0.8185017266674071,0.01261234015659064,0.7075821757395515,0.732723368938145,0.06490761769985255,0.22095011940535123,0.8011690298704461,0.09415529224952603,-0.1608264678962223,0.77156845469793,0.12726682663089853,-0.18741002762965966,0.62414696999641,0.06894629175193048,-0.1971678835424471,0.6475314853553881,0.11227681341844861,-0.236569938626982,0.8435738545742039,0.06213146880845766,1.246804052851498,0.8057320131784516,0.0778534008849336,1.5004372497277916,0.6935574393314301,0.1280252262708328,1.3452393489758168,0.6751677253039688,0.24202954454400866,1.2209733067493602,0.8382654567468488,0.30104455378251094,0.9631753275028208,0.8827612529970081,0.3440989299118943,0.7124376873623841,0.7792203481121542,0.3247928335631787,0.5844550120647796,0.7435035832711504,0.34613309815063253,0.5511612555732284,0.7411733769776488,0.3536809885454042,0.5681321339800314,0.7849103777871087,-0.09730761449983821,1.1761731724611522,0.7316284940510629,-0.09759573820768952,0.91864665741648,0.7278729902671646,-0.05237342868758901,0.6866914755676841,0.6242494127564602,0.007681798984577044,0.5932018256707364,0.5791981084141714,-0.009561231440051197,0.5739626510450656,0.5468392512983556,-0.02114705005986333,0.565877253438326,0.575534066660641,4.723404255319149
0.2390066697454053,0.7330784792458749,0.7722665475521924,0.27921724036021794,0.26729517987787776,0.7168120634454633,0.2781898392112728,-0.16330894292070175,0.7644479435788201,0.2868603917834606,-0.1946947841639821,0.6164700660294653,0.34543396193102727,-0.1947199538427137,0.6482103897973823,0.26223635184828975,-0.2512614755593896,0.819519537109844,0.013126581285206903,0.7088803874341002,0.7326861082300091,0.06491912028431482,0.22162684645533992,0.8043976265551446,0.09439670236685643,-0.16142866269678893,0.7732777798384053,0.12583662863948475,-0.18796488602082015,0.6254253591731235,0.06876284146758894,-0.19669063018696467,0.6476655501626187,0.11241368429464646,-0.23586340416813886,0.8432247040939199,0.06208125413455826,1.2470939422368101,0.8053590591753357,0.07777360657974217,1.5005360415173334,0.6933109777135849,0.1251287185337469,1.3451198014900505,0.6795145272909888,0.24206931838774057,1.2210314938981723,0.8378984749995216,0.3049645417130855,0.9649131710709126,0.8799259987572046,0.3455613153081458,0.7153998586232564,0.772415459600963,0.32846344080259093,0.5902883456785402,0.7171124624047716,0.351586216021187,0.5606250015031091,0.7075375888102247,0.3560586237747202,0.5724542721099566,0.7637181141451179,-0.09746089875436806,1.1755930194855888,0.7317082562623715,-0.09657584879138323,0.9191648943115049,0.7249610790464112,-0.039806845063729564,0.6929335961837912,0.6072811309852226,0.02282522937995922,0.6033802595258327,0.5740995502033398,0.00803453793932386,0.5828405064619308,0.5282656937701764,-0.006172523734921812,0.5726018545857527,0.5560816062836222,4.74468085106383
0.23880984582645148,0.7357145870857166,0.771259735935121,0.2783668824865787,0.26897834957179123,0.7172637310820928,0.2779699672197606,-0.16352364132604558,0.7655164833074912,0.2862467503587628,-0.19545016230999498,0.6190409958657721,0.3445594258637191,-0.19563992360495178,0.6520904916743804,0.26266460109893036,-0.25118933663901444,0.8203204469278301,0.013714897207055115,0.7098907909855809,0.7327762911250126,0.06456416723065969,0.2224315162905382,0.8074427340526027,0.0946045637094148,-0.1621533581746869,0.7750964151321459,0.12461664701680186,-0.18804652887520218,0.6264534961566753,0.06869953656467262,-0.19629463662363764,0.6475890511780528,0.11279887078373924,-0.23496908748001408,0.8422654120604047,0.06237953709879099,1.2475855973634242,0.8052563884963413,0.07782773257429768,1.5004534110599557,0.6936100706601246,0.12248165400766997,1.344969825661169,0.683101406428838,0.24195831323050898,1.2210127040887468,0.8378350973069404,0.3077763946328921,0.9660765494485137,0.8773957806628829,0.3467434815188996,0.7186049598048772,0.7651496408381815,0.3313989950118839,0.597338921265837,0.6874420178551754,0.3553700712510035,0.5716336748714855,0.6743705205436219,0.35877459113888543,0.5778911316771184,0.7415738222834223,-0.09739995401309823,1.1754105096249288,0.7328977406209267,-0.09591597693147012,0.9202543634199404,0.7227481415855723,-0.029300350226161564,0.6995212403329667,0.5962946822279824,0.035803997115760454,0.6128940679769882,0.5713732221760688,0.024878452646286638,0.5930629607075399,0.5144182435491289,0.0059551320669292244,0.5811220831574482,0.5396246088666106,4.76595744680851
0.23866007214247967,0.7376053195887909,0.7701556801438798,0.27734490439113557,0.27020565041746825,0.7183759966105877,0.27766558119678325,-0.16353225926294174,0.7662528843788509,0.2858802594335984,-0.19553761544654097,0.6206386412751015,0.34383616925224775,-0.19673367468739816,0.6560286605301259,0.2630647432290441,-0.25088688591384234,0.8209810536249743,0.014267002156098392,0.7105958793674167,0.7329175993844126,0.06379777558362959,0.22314163261731013,0.8101516597455041,0.09472394793335132,-0.16285258529937124,0.7767589662788066,0.12366514827555604,-0.18744698262796283,0.6258526825871703,0.06862720129237827,-0.1963601790734008,0.6474072610377923,0.1132831760626162,-0.23401471271053434,0.8409541758403387,0.0629313299890983,1.2482786633209388,0.8053610587069064,0.07805160828032759,1.5000675186095849,0.6946778312741884,0.12042094046280105,1.3447873510652286,0.685550778219373,0.24183455541308396,1.2209929530216994,0.8379073279568465,0.30955226470948854,0.9666402082644381,0.8752829535666429,0.3481413011849204,0.7221419692200687,0.7562908418647756,0.33354504447431466,0.6060875020471792,0.6548228403197911,0.3565064256623603,0.5827244142571205,0.6428095832271857,0.3614689775622519,0.5836799594942992,0.7194927608408462,-0.09688660222005055,1.1759164247352787,0.7351436428655207,-0.0955664956907629,0.9222650799383184,0.7214426559489282,-0.0215274083280658,0.7062530429291393,0.5903610662550057,0.046642391260895075,0.6214180102629523,0.5703480855833131,0.03985434651141449,0.6043796938415609,0.505747938204132,0.015080464118171842,0.5923232960554881,0.5254327608037006,4.787234042553192
0.2384480664931173,0.7385354927898178,0.768942509235842,0.27607603818151744,0.2709127421119249,0.7199261105337194,0.2772358006110753,-0.16333411478648308,0.7667502646744889,0.28578880086236047,-0.1951852937845174,0.6206261522640736,0.3432435386533762,-0.19741983248641742,0.6587880952565243,0.2633956947535395,-0.2503909342792529,0.8214979625982762,0.014682840353807446,0.7110262482794192,0.7330420882708988,0.06264722885751281,0.22354061056704225,0.812467637738527,0.0947189021464208,-0.16346319422383643,0.7781937000002062,0.12312864995346859,-0.18650249242875502,0.6237177827293399,0.0684914264030417,-0.1969725428047272,0.6473084340208446,0.11376070742387981,-0.2331552433810199,0.8395414980079503,0.06363522259886661,1.2490862117042454,0.8056061851760276,0.07831904355048312,1.4994906331752442,0.6962849643585561,0.11914012891906756,1.344768949037555,0.6863895943478522,0.2419695156992858,1.220980420692735,0.8379791584804503,0.3106495315664479,0.9670111305692762,0.8730170785855338,0.350126664173146,0.7266227918808644,0.744811261246851,0.3350751773189141,0.6169551940236353,0.6206732809185151,0.3557543186254952,0.5946842496436673,0.6113258697859844,0.3640130707550242,0.5899478526408376,0.6987768824670472,-0.09597611455462082,1.177223115619885,0.7380021944097026,-0.09560333790306888,0.9253886622128458,0.7210206897607432,-0.015803828938024185,0.7135235245304394,0.5850208131111149,0.0562217053541869,0.6300759319910748,0.5693580185650688,0.05205332088359233,0.616320256839849,0.501263592014926,0.02129216619622462,0.6055233701214755,0.5141116355993676,4.808510638297872
0.23808710095959187,0.7383299002538215,0.7676107335401239,0.274494389510522,0.27117788096724355,0.7217617942881286,0.27665221124504613,-0.16283460567419408,0.7672286226858229,0.2858238330452579,-0.19478159171426992,0.6192541001937854,0.3426798695428943,-0.1972243498012922,0.6593713931059448,0.2636399296505442,-0.24972789140071522,0.8218217647772698,0.014854310667507089,0.7111938355338887,0.7330846069364254,0.06121352294815842,0.22357952088967276,0.8143545605415223,0.09455351415452067,-0.1639400807946715,0.7794552847135118,0.12304885308208219,-0.18574065421101854,0.6212442747250586,0.0683444598528829,-0.19794775952846727,0.6473664516123918,0.11420694963734913,-0.23240224516042393,0.838102785436427,0.06435123852561159,1.2498429538935236,0.8061891701871553,0.0786676574717969,1.49892338520919,0.6983963072405754,0.11849387436853992,1.345057609503158,0.6858747876361915,0.24245750992942278,1.2209492905281405,0.8380672972723963,0.31134870989057545,0.9674350860542285,0.8698984530964105,0.3527183687211085,0.7327148055350158,0.7305113514810384,0.3361502825059488,0.629627029733523,0.5882709079413594,0.3542423530948428,0.608253391748877,0.5805266270434546,0.36617231305183184,0.5970785157318625,0.6815083247353927,-0.09490464086661547,1.1791080973998735,0.7410739781306954,-0.09589436721374761,0.9294367064555809,0.7210425692807689,-0.011031177150169352,0.7219820434873239,0.5772787018060996,0.06556593174288716,0.6409790873958336,0.5661791959695176,0.06168643932333798,0.6290193938454128,0.49866475616192774,0.025303140523097872,0.6195379892117796,0.5067968745046262,4.829787234042553
0.23759058840386327,0.7370032021584261,0.7661885824432144,0.27263733949188235,0.2710327598653499,0.7238367580424525,0.2759490606379077,-0.16210741641968057,0.7679060878212729,0.28565398570169576,-0.1943340687593944,0.6173776095456297,0.3421468426967073,-0.19614438493062275,0.657714584953158,0.26377370174569703,-0.2489381492459339,0.821889975585732,0.014733495646545415,0.7111048852468734,0.7329516323501067,0.059674510721996026,0.22327450911081403,0.8157498336843158,0.09421195288036431,-0.16427099338698328,0.7805989562361212,0.12307591098224893,-0.1853541817437208,0.6193426916760902,0.06828580536617493,-0.19898257004332234,0.6475779688936565,0.11463341814833497,-0.23158687555117424,0.8365954259108164,0.06495396264181304,1.250400571327115,0.8070295798221438,0.07938015564128074,1.4984174715163634,0.7013729874058171,0.11814423876575278,1.3456102778396066,0.6851183310394569,0.2431369393567657,1.2208887871423137,0.838220066623514,0.31184052494041425,0.9680692054285085,0.8646689660425748,0.35562984193020747,0.7409818543602475,0.7138034692115724,0.33668479084836006,0.6436448565960619,0.5611380205055885,0.35261882249378,0.6234979792973182,0.5524278028865827,0.3674709313166602,0.6054805620900189,0.6674271630755807,-0.0938342719779501,1.1812098179189512,0.7441233334664609,-0.0961420116234213,0.9341703810833101,0.7209147249822002,-0.006737652267767483,0.732125080993703,0.5675938252044197,0.0745634426595559,0.6555376544635148,0.5591839550068369,0.06913339271275615,0.6433922297051815,0.49527113697438374,0.02810909008277253,0.6340850021259282,0.5025832470172127,4.851063829787234
0.2370031242123772,0.7347756386919175,0.7647358615580713,0.2706727904958007,0.2704874180043839,0.7261054150689441,0.27523360750966325,-0.161375377526917,0.7688611586194686,0.2849752691876821,-0.19347898175336078,0.6151399284426005,0.3416168772556154,-0.19455376578008113,0.6547539121698174,0.26380313425806556,-0.24810021002883687,0.8217354640719302,0.014393793343162114,0.710743682025315,0.7326437836106614,0.0582032339014288,0.2226001823657682,0.8166455192735447,0.09372681371595686,-0.16449739759934,0.7816606615301733,0.12269624026364502,-0.18522143028569218,0.618159368811909,0.0683540658096715,-0.19986596251050434,0.6479482649346482,0.11504565098123432,-0.23056782837257692,0.8350217463644266,0.06552665825503168,1.2507835426256182,0.8072343932370298,0.08061725679152443,1.4978876143083661,0.7053313703238833,0.11776799814931434,1.3463244772564378,0.6851254178865829,0.2438827996822178,1.2207993582837058,0.8384326501370071,0.31225358524964014,0.9691009704604518,0.8562263196937732,0.3584378888755703,0.7520812130513121,0.6955806464465866,0.33684457246140015,0.6594443525094311,0.5404304988541605,0.3519367118007137,0.6411149591567727,0.52715128555124,0.36782009920402414,0.6161561556486215,0.6529881880032224,-0.09265927240875059,1.1833114824980666,0.7468497289207907,-0.09623949196309275,0.9395680756229403,0.7204754658889255,-0.0030870831748054765,0.744098534649068,0.5576589644143737,0.08151571116420846,0.6734429479194968,0.5481370209111067,0.07362732868409859,0.6600301938408845,0.4898454189704914,0.03041609527736086,0.6496457439491037,0.49815301794221484,4.872340425531915
0.23633701800867402,0.731943700046027,0.7633272837579307,0.2687830544558226,0.269542246617175,0.7284967026005572,0.27461489836523284,-0.16067358425140976,0.7698482344931997,0.28373920385503515,-0.19208101080757015,0.6121572955148324,0.34100563350587476,-0.1928879111953552,0.651666164472447,0.2637860668383082,-0.24729870355007483,0.8215594405739017,0.014031531339691374,0.7100209765130148,0.7323862564604677,0.05687832211704547,0.22155736052779315,0.8170865528062192,0.0931756094576899,-0.16464684967782933,0.782677996094701,0.12166232692283803,-0.18527189294052612,0.617616374580267,0.06849403997016468,-0.20043988454424516,0.648478826990005,0.11546161503736414,-0.2293810590053558,0.8334268060574361,0.06642032449056519,1.2511843057009084,0.8057503143822055,0.08215814326251947,1.4972903782009843,0.7097427796112128,0.11723652426341272,1.3471468943589038,0.6857568318021598,0.24483223943483953,1.2206909770283976,0.8386450024564092,0.3127868119372037,0.9705701682659178,0.8450377051955873,0.3607341397589081,0.766265531733945,0.6777058147260224,0.3382806924729572,0.6781535254337597,0.52367935101388,0.3540175563830207,0.6622056327693717,0.5030090122929182,0.3678937531366155,0.6306743905000743,0.6351384472941417,-0.0911393747014287,1.1854491702923375,0.7486731780903184,-0.09630641239531948,0.9453092674952859,0.7198862834234475,-0.0002552869112531636,0.7576362723284507,0.547957989306921,0.08482054763049737,0.6932199297131322,0.5336129259287942,0.07424624559021771,0.6782923087427217,0.4821141955165243,0.03271648505086531,0.6663243892762744,0.4903134050697927,4.893617021276596
0.235631049772447,0.7288045383617132,0.7620497484025773,0.2670175985196782,0.26818806244858184,0.73094002879526,0.2741348462878975,-0.1599398374466042,0.7705681683412026,0.28212562992056045,-0.19044447138627224,0.6087121941628093,0.34033149633188275,-0.19141551347223607,0.6490540059543679,0.2637794551421866,-0.24660320575480152,0.8215551896834795,0.013870463964633852,0.7088540478846115,0.7325418478416225,0.055722399202028094,0.2203738985002181,0.8169913548843416,0.09268548570198211,-0.16470736030935967,0.7835883331146638,0.12012933848527613,-0.18565343156631703,0.6180628040302151,0.06864525340859293,-0.20045987639179288,0.6491133439764526,0.1159276858960686,-0.22820152222676002,0.8318416530373506,0.0680502747827399,1.2517904283360497,0.8023315655863954,0.08359389015616989,1.4967842595046232,0.7137895376385925,0.11680275291950609,1.3479741723093441,0.6859088064003379,0.2461884175283905,1.2205911768221367,0.8387856060992471,0.3138316646387506,0.9724012546488735,0.8328654539809855,0.3623282378070136,0.7826652231099442,0.6623368707491665,0.34362221420230094,0.7005594013829318,0.5059256027433219,0.3600690158982668,0.6867661170010303,0.4789765445136404,0.36896006234740375,0.6498205840844382,0.6141362310087585,-0.08932112366751957,1.1876294398318292,0.7490280043069284,-0.09644176210224167,0.950352585720887,0.7193263105595078,0.002002875323794246,0.7722202562546513,0.5378959179537204,0.08477709248015715,0.7135848204191428,0.5159782438223122,0.07193924965276186,0.6972076994578522,0.47068845504797185,0.035432287614723064,0.6835592864826802,0.47824710180457164,4.914893617021277
0.2349851073790328,0.7255917052055247,0.7609867389982466,0.26533359318734095,0.2664688128870461,0.7333959558965333,0.2737765630261273,-0.15928520291849096,0.7710256051324363,0.2804015863541576,-0.1889899768159889,0.6057068323147232,0.33973598950708916,-0.1902982756464081,0.6470843841628201,0.26380771174203416,-0.2460826538393303,0.8216899446997324,0.013968029732862548,0.7073181037175893,0.733437575853391,0.0547601710785783,0.21940900522525705,0.8162146766164866,0.09239362869578964,-0.1646718032202958,0.784106689670656,0.11844874492124799,-0.1865035871655132,0.6200947465761325,0.06881962244563386,-0.19981748338246522,0.6497102778978264,0.11647332098541542,-0.227263197451417,0.8302733467096665,0.07058635841141277,1.252664466456964,0.7975368908276457,0.08478919362912865,1.496684573722004,0.7170023140804801,0.11703029963261605,1.3485781546258093,0.6846675771183002,0.2479076595524009,1.2205266294418675,0.8388178405919469,0.31577417386225837,0.9745919761333716,0.8210666747545485,0.3636094794028334,0.7996769173198204,0.6505341509042968,0.3538083335936982,0.7265924229066515,0.4831710739574414,0.369559104328376,0.7135429038210136,0.45537536222877206,0.3727174595649523,0.6727298175200112,0.5912128524561835,-0.08747442809502984,1.1894664929341612,0.7482580125102902,-0.09668604357114571,0.9536701123441933,0.7193497904590719,0.0040305525014974145,0.7870041251360516,0.5282900367824418,0.08305956216137597,0.7341965289496291,0.4954051452841126,0.06940023001474224,0.7166609391186486,0.45433988745164366,0.038517068199781616,0.7005081520478547,0.4639656993983883,4.9361702127659575
0.23447689947393485,0.722406440401768,0.760188715418376,0.26372926313817424,0.26446916848415347,0.7358420093409942,0.2735180463621295,-0.15885561726393893,0.7713577140112209,0.2788754018546356,-0.1880175850697116,0.6038512733074534,0.33937492330621555,-0.18971029421540123,0.6459943485139509,0.263878081779805,-0.24578616698579125,0.8218085064211753,0.014203912419856937,0.7056102424698066,0.7351336216081221,0.05394907041127624,0.21874370761345535,0.8149363209899287,0.09235916258228581,-0.16452401793404184,0.7839123859547026,0.11692209220861832,-0.18749687638275656,0.6232745268059864,0.06904747048701713,-0.19879619118718694,0.650085394182603,0.11705772715203543,-0.22671858596088373,0.8287257163152265,0.07386315072411212,1.253761465308467,0.7922431217380249,0.08609174589398821,1.49709871783201,0.7195246400637383,0.1183949783474786,1.3487561006541005,0.6818585190033383,0.24970910029000326,1.2204793249989898,0.8387728524533992,0.3186201207880887,0.9771236090017477,0.8100487423324301,0.3655608344848261,0.8160026918984679,0.6418588307582336,0.367356140112682,0.7550310886837548,0.4559406166365389,0.38116269504703343,0.7410728414557946,0.43333594646286766,0.3804559953729989,0.6977748654979486,0.5662167582687452,-0.08557709667586658,1.1904590316497714,0.7479147667962663,-0.09698060608879724,0.9552554759191936,0.7206979246641229,0.005717121660124544,0.8006310182559535,0.5219565318146755,0.08117656814862462,0.7547643635809516,0.47296072033957925,0.0689295385695703,0.7369243058741174,0.43483934536170205,0.0412734221026261,0.7163580920280489,0.45090440557851014,4.957446808510638
0.2341176439713266,0.7192547935019449,0.759673472687435,0.2622454959101122,0.26226918374423736,0.738251109882957,0.27334753181756755,-0.15865401412805225,0.7715520159202263,0.27778810638467377,-0.18765354674871507,0.6032399897547517,0.33930980090991547,-0.189709092769319,0.6459249534149132,0.2639695544320196,-0.24570733087203725,0.8218446314974791,0.014505838146252658,0.7038846056430079,0.7372367614799743,0.053156930819848576,0.21818240250726129,0.813711805293667,0.09255688900388379,-0.16420171471118394,0.7829413940828047,0.11577448520981272,-0.18794219161145767,0.6257025265632967,0.06928569821098404,-0.1978820804828995,0.6501343233537225,0.11757612361773745,-0.2264707252820957,0.8271924291661945,0.07761177152582718,1.2550125112190624,0.7872924234363847,0.08788432239519633,1.497759069059036,0.721602018204772,0.12104925749936596,1.3484933681186237,0.6776500529779558,0.25135525859718383,1.2203941813433665,0.8387217682951507,0.32189514548611825,0.9798836880496399,0.8001121016665262,0.36924341610272926,0.8313967332079826,0.6344750237971322,0.3829633911173378,0.7841651570022602,0.4287182727956239,0.39472786342432514,0.7687531643104901,0.4139894349681055,0.3921081474498322,0.7242871597697741,0.5386130625937564,-0.08333021554459545,1.190636980726403,0.7495240082236059,-0.0967358542156044,0.9560658730821407,0.7226690958196456,0.007125706758856761,0.8123938755798266,0.5195325116361887,0.08023219132249472,0.774871126460582,0.4501238566227344,0.07120791626271868,0.7578017630482037,0.4154239468598019,0.04361159195472159,0.7312898673756087,0.440500844200423,4.97872340425532
0.23389356901976374,0.7161231571841447,0.7594470418060663,0.26091873405180666,0.25996998730629456,0.7405953322741535,0.2732752673533172,-0.1586408065012212,0.7715644745582627,0.27717826083267016,-0.18786557191902642,0.6033882147219608,0.3394342231107428,-0.19005250813157315,0.6465026259077954,0.2640368142528422,-0.24582906528021806,0.8218171534418492,0.014942017477373297,0.7022004838821866,0.7391489482328761,0.0523321325858405,0.2175990425918552,0.8130310243527893,0.09291578798552826,-0.1636939276386596,0.7813811544775086,0.11528696610401254,-0.18755441694871072,0.625799561729371,0.06943119550854347,-0.19744982822749935,0.649912762244439,0.1179242846827718,-0.226319689829354,0.8256704094789712,0.08165388776100634,1.2562788854877958,0.7831382547488681,0.09005576254281046,1.4983941046715246,0.7230238108715754,0.12494720342969756,1.3479601921773459,0.6721719625382891,0.2528249817838937,1.2202428949906592,0.8386955739212034,0.32503197993337224,0.9828226699327045,0.7914961488323443,0.37522187425177783,0.847003015216708,0.6253676425847132,0.4010296919602494,0.8138983732674773,0.4052123082720085,0.41147374859956803,0.7978124093639865,0.39706605830148933,0.40698094144100705,0.7531461187656581,0.5081798258102403,-0.08058147509393905,1.1905312880721943,0.7533699080621001,-0.09483166971644902,0.957095721785508,0.7223410621816428,0.009482877424184005,0.8238023799778816,0.5168667237510581,0.08147432628505681,0.7954717783909538,0.42724090498530354,0.07616778202755217,0.7789981506048791,0.39711837844682774,0.047112030760351975,0.7470226019743539,0.43091199759806975,5.0
0.2337857803233824,0.7130148918695048,0.7594696878189824,0.2597497738384106,0.2576916363170695,0.7428385066158135,0.2733439338323426,-0.15883214104219098,0.7714822508394269,0.27697455344843086,-0.1885429440625086,0.603834325700113,0.33957081221355756,-0.19035228844172214,0.6471070971259238,0.26404840538967483,-0.2461729574511284,0.8217348296861293,0.015606129265831301,0.700559540034831,0.7405374394025699,0.05162142012986091,0.21701383637496177,0.812903712675803,0.09332210783754419,-0.16311305298296633,0.7795243357219719,0.11563872581800405,-0.18672893734185778,0.6238168896847937,0.06942207983645002,-0.19761117005926504,0.6495618022078017,0.1180833532695577,-0.2262816923928399,0.824210865252047,0.08576733390599797,1.257226383990238,0.7798723295133518,0.0922244012972562,1.4990073987352135,0.7235103710221407,0.12990685919022957,1.3473903737218258,0.6655958481454783,0.2541122801473248,1.2200422101277986,0.8386968661366724,0.3277998499044351,0.9859020597099125,0.7836060643571541,0.3832340535829597,0.8644546086974436,0.6121740544456888,0.4218877411215338,0.8456783073839632,0.38632136724886296,0.431950252499131,0.8300106064118892,0.3815147894463358,0.4245385377838766,0.7851145052853797,0.4753164692318997,-0.07742933124322185,1.1905687002116352,0.7588075012209143,-0.09049196234427208,0.9586644849261433,0.7165882847215772,0.014162505466081415,0.837388819235986,0.5092518355339669,0.08599983701329209,0.818478760208367,0.40409777419172754,0.08403481100768571,0.8009168595266393,0.3783159275577837,0.05378880269047895,0.7652000782327573,0.4195255930882959,5.0212765957446805
0.23375446511405396,0.709976804074484,0.7596349412998571,0.2586975206463387,0.25551263490153797,0.7449322588845603,0.2735399073009943,-0.15924377582322424,0.7713544890392309,0.2771606044602271,-0.1894969191241179,0.6046125431545945,0.3396529018299227,-0.19043208591371388,0.6474854560041816,0.2640025055392295,-0.2467366478274336,0.8215826723249713,0.016500750074807356,0.6989293976290248,0.7414832914634768,0.05124999761472408,0.21653520415468125,0.8128062568360518,0.09368896653292175,-0.16259564147938566,0.7776697157736385,0.1165566458533343,-0.18590492559569033,0.6211009884279538,0.06930352031734306,-0.19818669877873324,0.649209397849901,0.11812353117900784,-0.22651316370207758,0.8229014658750485,0.08949161880546587,1.2574518391055607,0.7775426936660786,0.09430348515468134,1.4996783227232904,0.7233898946254083,0.13547743481257413,1.346964093659652,0.6584746425447097,0.2549759631785976,1.2198124473254361,0.8388559599291368,0.3301492188615757,0.988839347965798,0.7750430025109334,0.3923230513084379,0.8839428644168821,0.5953213525434402,0.44412437571410973,0.8798351560826629,0.3724976384542919,0.45447972252833074,0.8646661436122002,0.3677537554406937,0.4434075052338969,0.8189606818148728,0.44206237391108183,-0.0741444039311539,1.190792045097702,0.7651092947655159,-0.08394532606107129,0.9605024493965113,0.7047143068744103,0.021058182141405105,0.8539923529724769,0.4958558834574701,0.09356787104812989,0.844339220843283,0.3814153567392763,0.09455427280343309,0.8244477296493661,0.35745682268286094,0.06434718697671749,0.7858871902759474,0.4045203730200486,5.042553191489362
0.23373563145793125,0.7071027563730269,0.7598537243908459,0.25778826545964456,0.25342667977664524,0.7468552102854787,0.27373951632385246,-0.15979896134235383,0.7710293208225779,0.2777335111746561,-0.19047864833303066,0.6057196136969089,0.3397183981697244,-0.19042867846759554,0.6477252553571737,0.2639174937173764,-0.2474225616360254,0.821365367556049,0.017523354772751968,0.6972608381652352,0.742346809032618,0.05132550584868392,0.21636545722769993,0.8119772331913282,0.09405141243698686,-0.1622314956849586,0.7760568957340793,0.11753596721424883,-0.18506697626737764,0.6186014589458343,0.06915938700173233,-0.1989016183208598,0.6489597156533625,0.11811259536526099,-0.22698459537507903,0.8218155434282003,0.09231726505534432,1.2567771988989351,0.7759139277217566,0.096440385114648,1.500307391334623,0.7233724531894736,0.14096170261550087,1.3467975401750854,0.6518361810602111,0.2552194039621622,1.2195740028885225,0.8393682636320536,0.33199344168333056,0.991276167466153,0.764091562010822,0.40149248580136176,0.9040966728801725,0.5766309517152473,0.46520416897559064,0.9152294928788357,0.3643406750657737,0.47599943318874127,0.89942037701239,0.3573277975937892,0.4610748147343864,0.85225258862975,0.41115968720417123,-0.07101582303769785,1.190991468591265,0.7716602072516061,-0.07616263455575255,0.9623265753665358,0.688673360573925,0.029378326804327677,0.8726836065653003,0.4784096200732733,0.1024810537564459,0.8717389873280933,0.36028570627096473,0.10617081476955328,0.8499758784416848,0.3356204234597698,0.07805885036939741,0.808516000066853,0.3852262806950142,5.0638297872340425
0.2336970485060241,0.7044932636559985,0.760104062764301,0.25717939607506207,0.2513552079619936,0.7486351838670178,0.27383629323633607,-0.16037273466082533,0.770346550695208,0.27860858439987823,-0.19137065148800747,0.6066494569431778,0.33979498373802786,-0.19057878416141208,0.6478430179615912,0.2638125955806447,-0.24808338377734213,0.8211244784150937,0.018610506877680878,0.695573420216099,0.743500372809262,0.05181028157856889,0.2166945222772071,0.8098606326208064,0.09450527891254722,-0.16204116800883864,0.7748020883123119,0.118330288173917,-0.1840683344547936,0.616237795621527,0.06897304090294624,-0.1996884946251416,0.6489473470065719,0.11807598322898963,-0.2274378822796143,0.8209423566966808,0.09414380204853273,1.2553462927097696,0.7743478986040954,0.09856726938204233,1.5005990937580997,0.7237624509222806,0.1456263625687372,1.346925827055864,0.6466889317991263,0.25516518953897244,1.2193955034025252,0.8400086633972713,0.3336328664103323,0.9930675859250625,0.7494025789326905,0.4102553945031951,0.9238871817605033,0.5567738750515645,0.48274990710744614,0.9511170539369528,0.3606144090347835,0.49411032414858713,0.933562003077657,0.3503164153538344,0.4756783517238973,0.8838616762321521,0.3842937689619246,-0.06813177859354944,1.190885205167679,0.7777592009493616,-0.06794051358803636,0.9642976448447897,0.6710345232470145,0.03932586900321382,0.8925575215122351,0.4580222533554802,0.11154032979050393,0.8996738626391039,0.34090967448243115,0.11767232284966594,0.8772925696429704,0.3156733105835529,0.09398149300367387,0.8332129746205716,0.3628530543367048,5.085106382978723
0.23367241523624785,0.7022324158084119,0.7604084971246808,0.25699201220345774,0.2492539081399475,0.7502553762090143,0.2738353640453108,-0.16094622530649066,0.7694447301982623,0.279660530556903,-0.192268193367771,0.6070396137621399,0.33987295738900203,-0.1909904957573212,0.6477481616163457,0.26368835883159,-0.24863449021413173,0.8208984531763899,0.019812349781973573,0.6940646123311582,0.7450675501057127,0.0526727388871058,0.21752442293437843,0.8064472792072772,0.09508683887413447,-0.1619563292892777,0.7738455998558699,0.11899680155429568,-0.18302150369464526,0.6132951541612799,0.06865629682086105,-0.2006440588448489,0.649287214491012,0.11802478971425745,-0.22767032128888093,0.8201815928871444,0.09547337523767678,1.2534895738197738,0.772476051996917,0.10040925740547882,1.500274846527759,0.7242583049761858,0.14899589293302826,1.34717637519857,0.6432922164545085,0.25546930335726176,1.2193494731916135,0.8400269786240968,0.33593865183188343,0.9940297980218593,0.731193418876549,0.4183834022370181,0.9431477296466548,0.5360577352392979,0.4953471358032684,0.9870477296706824,0.3580534115616581,0.5079537420436795,0.9678234458152213,0.34462063012498995,0.48750988789639327,0.9144224802118885,0.36252056765566887,-0.06554075915858087,1.1903675249505705,0.7825032153120328,-0.059210147070191496,0.9669235667689863,0.6535504945385373,0.05161339299812262,0.9130970144420766,0.43527302215751357,0.12129390352457038,0.9280339965494825,0.32362660179473945,0.12967945297153616,0.9062917067443672,0.2985525226345835,0.11191636081323514,0.8602768560357948,0.3391588955572635,5.1063829787234045
0.23369170803103329,0.7003997529087549,0.7607649749824672,0.2571357816035553,0.24721216942457602,0.7515769545456159,0.27378237593156196,-0.1615975559251509,0.768752106880546,0.2807523199292973,-0.19321898538058546,0.6070813103129907,0.33993549730921496,-0.19160613915506405,0.6474336952962197,0.2635225508677031,-0.24909355204309827,0.8206884053188604,0.021144252557720053,0.6930198858949316,0.7468879739469335,0.053976088498019825,0.21871502676445362,0.8021708443353663,0.0957428857020152,-0.16191977236491104,0.7730598742830802,0.11971266900117628,-0.18215402088115568,0.6094631626476968,0.06827817521370769,-0.20162396839209965,0.6497517288758206,0.11793801601134268,-0.22781449617149688,0.8195691829920821,0.09704735729653557,1.2515982414763285,0.7703563634725935,0.10182145602088169,1.499402877064371,0.7245462356925543,0.1512020177164905,1.3471425331906381,0.641172971786792,0.25647813252034524,1.2193738669870882,0.8388369498234501,0.33950658849298987,0.9938849522855052,0.7111009139175475,0.42547898630228176,0.961402017362192,0.5156442187095364,0.5031314259050725,1.0217012043449816,0.35322923171310316,0.5177197915231249,1.0016342334788537,0.3378416108051579,0.4987981625176939,0.9442707892312688,0.34622996960759267,-0.0635535228929094,1.189624517836348,0.7849222722484959,-0.04940178228369463,0.9704054047003174,0.6381535649950509,0.06583620888754954,0.9334039497399246,0.4129154900545926,0.13268500288461402,0.956231057973932,0.30950412914094566,0.14314274064080368,0.9365401787784771,0.28204617167638707,0.13152593857936246,0.8887668917438531,0.3148125688470753,5.127659574468085
0.23378710778671583,0.6990417301906282,0.7610621737048704,0.25741991333677794,0.24540544310481507,0.7524265729410264,0.2737005481095778,-0.16236250122119955,0.7686172243773778,0.2817681561872747,-0.19409760704589243,0.6070065687962567,0.3399789959599594,-0.19229703474881982,0.6469922562540045,0.2632985804205595,-0.249488346430631,0.8204833526324964,0.02258550667948507,0.6925458378425791,0.7485923460694873,0.055776705514050035,0.22018931686283474,0.7974527786352064,0.09637143656331049,-0.16201054303329826,0.7723918822066693,0.12060307123431842,-0.18170249563603197,0.6055364655547487,0.06810584330264842,-0.202154270185379,0.64971231391712,0.11777673815453202,-0.22824511141871123,0.8193161507528146,0.09918744764232199,1.2500250384716702,0.7680200589390695,0.1030514340703253,1.4983864200273878,0.724555381435656,0.15285590448831857,1.3464300017238107,0.6400056985336666,0.2580380046261101,1.2193284814277077,0.8365487884646856,0.3439518275517769,0.9930172142590796,0.6905855242586171,0.43127938638332186,0.9779702655042599,0.49610068144185193,0.5072262297904802,1.0533506868151723,0.34451074064044473,0.5241295283986918,1.0328315455199333,0.32907840029619567,0.5117758961244421,0.9724874236526337,0.3336598214588775,-0.062480091275097835,1.18881873223243,0.7847484256169773,-0.038388097889618486,0.9745036758664772,0.6274608022367427,0.08055687921142562,0.9521817646411967,0.39577134389037416,0.14564832065218813,0.9830128303081866,0.2985494886238992,0.15766747502490505,0.9667042089272726,0.2636961567301704,0.1511246772448052,0.9163762865295125,0.291204009850292,5.148936170212766
0.2340526934297571,0.698151939749588,0.7611741044474702,0.2578164481514716,0.24397824932916404,0.7527060397920674,0.2736079936940589,-0.16326817480731343,0.7690688931960442,0.28270467941759164,-0.19492320727843748,0.6069792257362252,0.3400130766850207,-0.19296415780694856,0.6464602838714034,0.2630577819875619,-0.24978495643860077,0.8202943915951307,0.024222622749856447,0.6924698772356057,0.749806599957789,0.05798455053770327,0.22192966587578242,0.7924793229102597,0.09695535276335374,-0.16237273374709466,0.7718354688114115,0.12170265778476516,-0.18197048900325904,0.6027525884311903,0.0683362646988673,-0.20190388395647355,0.6486989216356719,0.11760094364438195,-0.22918889521573144,0.8194754765927117,0.1015962553999569,1.248859082291391,0.7656267896181459,0.10479165240819269,1.497514622068986,0.7236604756576999,0.15443536563965335,1.3449592711039404,0.6398596818091348,0.25980827962486736,1.2191935274734984,0.8338554270217077,0.34848426310891545,0.9929128224420319,0.6710038825820875,0.4359509845491466,0.9933545337211145,0.4766711987200428,0.507865309131185,1.080728030815501,0.33416976344201266,0.5278366334800607,1.0600169203896828,0.3189540764075328,0.5257455534289595,0.998306808333572,0.32214799050743825,-0.06211034588205511,1.1878525023484277,0.7830475905243812,-0.026713476512639313,0.9794198295818037,0.621950803696937,0.09519643462958202,0.9687182499280156,0.3858765069384125,0.1598514377856558,1.0079313392226263,0.28932656253394856,0.17257941952027622,0.995810501440762,0.24353838259423252,0.16914715942013428,0.9414837434650636,0.27165306548040463,5.170212765957447
0.23455703979499004,0.6977480594915686,0.761082992374606,0.2584981526125577,0.24301981551673643,0.7523582337610148,0.2735317963643379,-0.1644214683782747,0.7699934185746515,0.28358392768287966,-0.1959425550043641,0.6073174905883619,0.3400435739335179,-0.19361550431996977,0.6458141024910934,0.26290486230665633,-0.24996380070644975,0.8201471841654993,0.02618029989889997,0.6925579187606059,0.7504253507029962,0.06040215452354015,0.22386567501986923,0.7873056502356847,0.09760666399363431,-0.16308044743423852,0.7714396910700111,0.12309605299076085,-0.1831065412212832,0.6014995214448543,0.06893185399444779,-0.2010077099672266,0.6467592484052862,0.11755089761036118,-0.2305772076913412,0.8199358352499623,0.10391570664111408,1.2478708497736324,0.7635999080866451,0.10777601152360475,1.4967420135625886,0.7203837154854162,0.15603544670039182,1.343033052011919,0.6404217055531177,0.2614694953563064,1.2190583987183372,0.8315318499917409,0.3525953302999192,0.9951659806750326,0.6549668998634004,0.43958438197337113,1.0091128289471016,0.45802818563074604,0.504109341594601,1.1036564399732955,0.328459671229313,0.528731908167714,1.0839808975187377,0.30843291557802766,0.5365180294652095,1.0223381479347406,0.31039488355568334,-0.061660009988243364,1.1866476411267046,0.7811345750432648,-0.014959635538034156,0.985944248765665,0.6178615585893853,0.11073144881471514,0.9837562826692208,0.3797751224769059,0.17553709654681898,1.0320201755139808,0.2807665714722507,0.1882997465778095,1.0239813745425697,0.2242638038508123,0.18626335651563009,0.9647838576733841,0.25848239871523937,5.191489361702128
0.2352736685152162,0.6978315662519929,0.7608069215192972,0.2596176570521384,0.2426188391914588,0.7512942094592951,0.273491042105825,-0.16589951802856956,0.7713394528154688,0.2843211681885912,-0.19726962915466503,0.6082540469167437,0.3400579338625205,-0.194349119702444,0.645316284771708,0.26292372580303025,-0.2500681068686262,0.8200589856422587,0.028491550703014887,0.6927161494140445,0.750504531939939,0.06290496866828597,0.2259428914875948,0.7819835744450023,0.09838100574405625,-0.16417311500149892,0.771358589831194,0.1248868972175522,-0.1849060721969771,0.6012698255235087,0.06972345750569507,-0.19982769967483338,0.6442493237834842,0.11765009437836209,-0.23225658760998003,0.8206882749227417,0.10618073764959693,1.246808058011956,0.7619903414852205,0.11230863420235941,1.49594092744133,0.713681069617791,0.1576556025674751,1.34114132849757,0.6407365749969245,0.2627530980742469,1.2190806240130887,0.8297308560290004,0.3559024592544718,1.0000668892938844,0.6452951274409724,0.44174265827693016,1.0261144294758053,0.44444004589632846,0.4955300106874616,1.123581593039194,0.33302202982952717,0.5258081153775623,1.1067179215630243,0.29860827862270023,0.5393607933656368,1.0458250482537057,0.2978292252836492,-0.060136033281578904,1.1854650373231106,0.7790036957434596,-0.0035578303555198853,0.9941128847538822,0.6101301020898026,0.12770624661486468,0.9990012191625163,0.3730722500641701,0.19244262277581933,1.0565025726062502,0.27367783437468035,0.20540124602318247,1.0511359850447366,0.20953517443808448,0.20403146574779768,0.9876775776645017,0.2514261809363304,5.212765957446808
0.23616559600743073,0.6981940544695195,0.7603356335916468,0.2611430985475716,0.24280798005331294,0.7495271098352179,0.2734716677097262,-0.16763223184384685,0.7730146436574192,0.2848565174009249,-0.19875382416984086,0.609815080416013,0.3400664833282245,-0.19521347332129105,0.6456138451463318,0.26309261588283706,-0.2501067519275985,0.8200284265654868,0.031112806380219522,0.6929325612539803,0.7499526711310756,0.06549344946010083,0.22818364508484063,0.7766052385418017,0.0991965143978365,-0.16559667509903164,0.7716108738503753,0.12696841821279123,-0.1869594332645679,0.6016352143284847,0.07056745828280671,-0.19859410020313906,0.6415496600803405,0.11776773433693882,-0.234139111547082,0.821756939467687,0.10850763542377828,1.2456451647378228,0.7601785471595639,0.11826850461339708,1.4951733720940323,0.704004925959658,0.1595158234950604,1.3396810936991674,0.6400502590969653,0.26353414107983475,1.2194773376675585,0.8278775170112551,0.35834656667971154,1.0064997010523626,0.6424536750362562,0.4418247034136866,1.0437394885356137,0.44050360377785697,0.48243554007051104,1.1422953783482683,0.34812910454678625,0.5172978116772832,1.129326073305375,0.2911960386426798,0.5314369177003613,1.069049571816983,0.2844387004604023,-0.05683880128823155,1.184778016851691,0.7755763451891295,0.006696986515993131,1.0025123003562573,0.5968814434125984,0.14439847096394048,1.0154280377871971,0.36552692381097657,0.2087261037504622,1.0810491266761275,0.2705640978390482,0.22326686313363733,1.076479148175239,0.2016029692597223,0.22231438682481308,1.0101583947008055,0.24935627613738703,5.23404255319149
0.23725522659402865,0.698444420155692,0.7597073063278461,0.2629135920104467,0.24340667340294234,0.7473248882165366,0.2734132844094954,-0.16944136554500216,0.7747345476187665,0.28530259355579624,-0.20020499947112622,0.6119370341401602,0.34015511983406665,-0.19610386366446345,0.647108596507688,0.2632977575274255,-0.25002774831081076,0.8200373378466825,0.03396581520296343,0.6931994764071283,0.7485275657050448,0.06818126649464007,0.2305399636189325,0.7712932780687336,0.09993465470057619,-0.16707627090113125,0.7719149296336415,0.12894674797336866,-0.18887883543082223,0.6026586151163713,0.07141754790034566,-0.19734214491769175,0.6388932891309186,0.1177804224512001,-0.23615463585189425,0.8230555862358503,0.1107135082151704,1.2445514531300927,0.7575848206026019,0.12521018562062441,1.4946332355429375,0.6928735371420127,0.16189271568943797,1.3388342709439536,0.638512500869222,0.26385679404024764,1.2202620840388214,0.8255122405276403,0.36071731064897516,1.0131930873165587,0.6446330146226341,0.43937880523280415,1.0607600935641863,0.44600897653982496,0.46480575122268686,1.1602504472690753,0.3686832634578634,0.5011571081827753,1.1512073075315439,0.288007886082699,0.5118716084026896,1.0910507926396948,0.27240430835650553,-0.05174001762764,1.1848343515242974,0.7701290237390095,0.014546963378106473,1.0094976037934213,0.5801031804335668,0.15778733773791273,1.0323192974983524,0.3596583613932263,0.22168637030230673,1.1037614954806627,0.2738304778477192,0.23993764419780525,1.0990641547145281,0.2012923021101912,0.2395247780576118,1.0314358629980283,0.25109931509234523,5.25531914893617
0.23855650589855898,0.6982310506839161,0.7590575907662629,0.26477125009440416,0.24408827704682726,0.7450092074491679,0.27323483826254286,-0.1711368497915121,0.7761653667177604,0.2858038564950055,-0.20157330462108997,0.6143791781048726,0.3403980475273203,-0.19683287954604042,0.6494900637682666,0.26341486902384353,-0.2498288127919919,0.8200474082504777,0.036941921185566905,0.6935245727615174,0.7460816354547375,0.07094081207755172,0.2327609065807009,0.7661837722367864,0.10048929988886116,-0.16835728986398207,0.7720752017862563,0.13032762574870707,-0.190527281138305,0.6046128447127621,0.0722269282837401,-0.19614729815407797,0.6365003474378128,0.11765957047491851,-0.23820525255258732,0.8244581315330812,0.11256875915596626,1.243665751315432,0.7543640115584438,0.13235748946399317,1.4943889726483353,0.6820629342971121,0.16464478366984947,1.338636655113667,0.6367723307981018,0.2640163870222866,1.2211452653372845,0.8224583096734086,0.36427153929476663,1.0199335156460287,0.6497586339686914,0.43404864754819283,1.0763466551807395,0.4559245053618281,0.4422342767582609,1.1770086646886688,0.38801469893716883,0.4762159749740116,1.1715684516930929,0.290404998360115,0.4813475218265886,1.1106191385206634,0.2656924363772575,-0.045313988757725035,1.185383798876858,0.7630257289121051,0.0189092824686803,1.0143934867953504,0.5630920633898864,0.16601060125678505,1.0482232784406653,0.3566954310708545,0.22962004895631577,1.1234091333490797,0.2833752888089897,0.25283349805933186,1.1183095502283296,0.20995465506395158,0.2543821557703654,1.0513886746375103,0.2557632199879504,5.276595744680851
0.24000545857659047,0.6973739586183579,0.7585271225119323,0.2666083086908891,0.24469205883352058,0.7426527789234469,0.2728960504194416,-0.17259911712462905,0.777166294750818,0.2863416543849246,-0.20287123090731646,0.6167149270234317,0.34073709220014825,-0.19731131456629644,0.6521650391627918,0.2633835520033422,-0.2495561827797665,0.8199815437542655,0.03992425882122469,0.6939008285050807,0.7427290184828368,0.07374331316659022,0.23451978682328217,0.7614065047938025,0.1007926205652935,-0.16944460140902703,0.7722457717130953,0.1308032885386427,-0.19211169081844198,0.6074090865012194,0.07275605053398866,-0.19539880916945898,0.6349961329849879,0.1174267493375954,-0.24018751993643764,0.8258892932982188,0.1142208223543033,1.2429921266049273,0.7512303614004516,0.13892338450005026,1.4943312247079656,0.6730888090697609,0.1672709876763338,1.3390541783752,0.6351476044655839,0.2647572502396912,1.22182721096159,0.8179510964479149,0.36979838416547595,1.0267210802245712,0.6564223556417921,0.4262987853283035,1.0900688277901447,0.46536383795097475,0.414641523640365,1.1919158735056896,0.4028496267352723,0.4432873290831565,1.1902078566850627,0.2987564974773582,0.44252697916567685,1.1268317119322497,0.26735229621573137,-0.03822215201308987,1.1859023605945154,0.7553109430641874,0.019731159281508596,1.0170045273699075,0.5483538163794446,0.16918105817034967,1.0621401152405692,0.35579673522485267,0.23280494071139027,1.1409556028327423,0.29658426016260403,0.2603570915113236,1.1349141795632542,0.2283255689832231,0.26642090730914153,1.0703232554443751,0.26340418804106186,5.297872340425532
0.24153870627157845,0.6959449276932104,0.758141892915831,0.2683654121025106,0.24531760384228393,0.7400297919452455,0.27245832460835445,-0.17378738090395937,0.7779056374702138,0.28677941610408564,-0.20397817280433292,0.6185306902465796,0.3410424983596359,-0.19762013757662714,0.6546576093692245,0.26325828061918194,-0.24922658163982983,0.8198033440609462,0.042840177032826644,0.6943034295902808,0.7387298803793558,0.07657907800338505,0.23566948027740087,0.7570059719731879,0.10083007797719844,-0.17045243254480014,0.7726380952717387,0.13041480875616368,-0.19385784707829393,0.610358517337064,0.07268794141225274,-0.19558753186485228,0.6351616885720208,0.11708936059969119,-0.2420196391475342,0.8273445095737778,0.11610516804005583,1.2426052194705142,0.748705625593208,0.14452055500410543,1.4943252366509876,0.666699764010141,0.16948929212254238,1.3399816092007037,0.6334185122358866,0.2668588087579964,1.222059682153506,0.8109897382048794,0.37696301922054204,1.0315444547943355,0.6637571027072738,0.41790598248958677,1.1012119301765602,0.47318183391181146,0.38347897000400616,1.2036483207776194,0.41485156450797234,0.4058045343503337,1.2061357265588728,0.31221237342982544,0.4007996306760987,1.1388514404106664,0.2774428592197621,-0.03134043224296774,1.186123488563598,0.7479975799426968,0.018279206805257374,1.016796085317343,0.5373501204463171,0.16803982937037537,1.0732249276996326,0.356688269035324,0.23196996600083414,1.1571614434622062,0.31227202614409627,0.2624638914382545,1.1500964997240217,0.2542065629095498,0.275132482469143,1.087632520060449,0.27442505203829254,5.319148936170213
0.2431507472268114,0.694317219651216,0.7577078771995727,0.27002891807160684,0.24610728407747628,0.7368171293415218,0.2720789294210873,-0.17478867796408953,0.7788699532799113,0.28700164553037244,-0.204638818734376,0.6195248385054868,0.3412338892879242,-0.19787407082799668,0.6564428430854111,0.26320441913270115,-0.24889464372066297,0.8196868862727322,0.04569769204160806,0.6947716323765368,0.7342068072141564,0.07943307153240516,0.23631521925782467,0.7529426487512082,0.1006174940846419,-0.17145301369589616,0.7732866692527796,0.12947531776720467,-0.1956928378093915,0.6128919753529609,0.07202586749740497,-0.19671189920413634,0.6369964158817272,0.11663305331996915,-0.24365880527763123,0.8288681678848657,0.1184921545489378,1.2427342871353537,0.7466782139599725,0.14903216158226804,1.494295119802263,0.6628901028916919,0.17148056419987592,1.3411991994501442,0.6312705220849039,0.2704938512573358,1.2214349189791052,0.8017268754527096,0.3844901282373853,1.0310237784643768,0.6707506253753563,0.4107239839838075,1.1086843102480217,0.4802609035668792,0.3528771366757922,1.2105726826269918,0.42654024240016525,0.3695963697567851,1.2171743308879726,0.33012532739236555,0.3632480246367816,1.1459741967331534,0.29308424278542544,-0.02553897586770324,1.1862165915368608,0.7416300265819707,0.016367026540163858,1.013051051922284,0.5310330586963434,0.16291174936895642,1.0803945388787166,0.361397825988496,0.2266240034752885,1.170033627356994,0.3315991688291479,0.2592930469428141,1.1630651028849097,0.2835518966975512,0.2792498096029822,1.1016304014982525,0.2891490285486529,5.340425531914893
0.24484097425098617,0.6929896329687742,0.7568684962092558,0.27158122322085215,0.24708760869351948,0.7329831362426035,0.2718775603402208,-0.17587916461302033,0.7805424808871472,0.28698072755190324,-0.2047344458844203,0.61964009709818,0.3413029698774739,-0.19810978330050813,0.6570362974871905,0.2633584949962873,-0.24867876022584692,0.8199337532761002,0.04856441990034435,0.6953954215947783,0.729141308783496,0.0822264722767133,0.23662472772235305,0.7493405877491874,0.10021165385465239,-0.172468949882234,0.7741370960517159,0.12834790450043504,-0.19739159297640457,0.6151936759078912,0.07108912390279448,-0.19829112452031114,0.6397026337520897,0.11606887937701423,-0.24509577061818688,0.8304971293540461,0.1212632121734871,1.2433876301660283,0.744944820387256,0.15235662542372808,1.4942394889633863,0.6612317166703306,0.17361443405970906,1.3423646911660547,0.6287416636606693,0.2753849049195878,1.2195705238321124,0.7915713025525598,0.39119455943328396,1.0239113094131131,0.6758019237600503,0.40563526814745865,1.1120973985046736,0.48635204756826217,0.32821336047861405,1.212204009969704,0.4383922261826576,0.340589425950003,1.2218285846156445,0.35267658506382166,0.3351930667484869,1.1482147908760723,0.3107260012815406,-0.021212483720801457,1.186340817239694,0.7364010111451293,0.014953783854758852,1.0054647251816797,0.5296312591690859,0.15420128933091332,1.0830548225761625,0.37161715009005164,0.21628374955453625,1.177128336194492,0.3535157658808844,0.2510581397028264,1.1713794041732664,0.3124424198264194,0.27772878631982023,1.1110732184166776,0.30825639381067005,5.361702127659575
0.24663186727615732,0.6922372643707952,0.7554083211938994,0.27298019673568663,0.24817419019716186,0.7289355200093897,0.27182065060868155,-0.17725213613396135,0.782918746033176,0.28681796933417436,-0.20450752841021996,0.619276133544518,0.34128580730097924,-0.19837590503325755,0.6563129721871511,0.26365972316653635,-0.2485926218427509,0.8206009967471817,0.05150632206184409,0.6961645703547212,0.7236652357085651,0.08480062863096154,0.2366343090461978,0.7465866365878001,0.09970932441730064,-0.17344560453066027,0.7751623529955981,0.1273114258240182,-0.19883162943003688,0.6177249495313846,0.0701041106860552,-0.19996626222631483,0.642653890766776,0.11543687402280596,-0.24630229800409156,0.8321838094916847,0.12407029587647661,1.2440956531792322,0.7437875029784891,0.15458667755142053,1.4942012519643744,0.6606496644033116,0.17622983539484982,1.343179483966043,0.6258710075202925,0.2810496761402559,1.2166239487706354,0.7822825252691696,0.3965744866415739,1.0121668965968664,0.6780592456904821,0.40282383899242336,1.112245912768993,0.4907249796477219,0.3123106383200967,1.2098088142455672,0.4516628917042677,0.32162143904972024,1.2208783891187573,0.3795624307305818,0.3176019581833501,1.1465109873586312,0.32922810962264193,-0.018272919350942312,1.1863058679401604,0.7327564322694498,0.013363095000262722,0.9946161257786313,0.532156377245695,0.14332666336010844,1.0815134504229666,0.38564050676293515,0.20254410369741843,1.1787994442451504,0.37392541625875864,0.23950717101119923,1.1740353821278227,0.33827234003209056,0.2715386502918826,1.1160848053049872,0.33175035649553936,5.382978723404255
0.24860299036938435,0.6920635109261108,0.7533109679531407,0.27423444263557356,0.24923779077481012,0.7251932925559553,0.2717967936801875,-0.17875491019449952,0.7855606353330303,0.28671758463756375,-0.20434992365905502,0.6190283060266112,0.341207869041037,-0.19877522792129232,0.6545473387683938,0.26391838593025074,-0.24845373593862546,0.8212917939642507,0.05453779020402929,0.696984907926947,0.7180272788018212,0.08702637106955821,0.23634173764685135,0.7449681287807218,0.0991924861471247,-0.17428422181366293,0.7763508742433306,0.12654031806126137,-0.19999099061718167,0.62055338227736,0.06906779476368949,-0.20169495672109278,0.6457718069222331,0.11475799172743686,-0.2472160058461974,0.8337692490012534,0.1266513574596838,1.2443977189279183,0.7433913212809078,0.15612834172110568,1.4941591214104823,0.6596915270136761,0.17959250900811902,1.343628625887054,0.621953408071642,0.2866999842739659,1.213236985333023,0.7751673843383311,0.3999928531047594,0.9984322689522833,0.6793431248874089,0.4019581355712685,1.109596049664702,0.494816388474027,0.30437371716256323,1.2053532749574651,0.46971091826482325,0.3121138915938977,1.216543206088089,0.40939023883177084,0.3081435379318818,1.1420478988445009,0.3499443498666165,-0.016449822672962047,1.1858760939982453,0.7310943320194729,0.01026047207242682,0.9818613174642895,0.5368906082434498,0.13236741764953178,1.07644198759577,0.40027272946364756,0.18840616231403934,1.1770180370667982,0.39027740241476916,0.22735770340382144,1.1719369442406316,0.36103404925738286,0.26319994100979305,1.1171890238456643,0.3571327946100912,5.404255319148936
0.25078402673006495,0.6924395707537236,0.7505498252787337,0.2754101931650497,0.25015896817178473,0.7221429979376203,0.271748029853516,-0.1801398747449643,0.7880886313117305,0.28684301503641024,-0.20441560719908491,0.6191485888917821,0.3410343340511294,-0.1992918379696908,0.6523303106958304,0.2640444026764363,-0.2480851502968697,0.8214758985930265,0.05758195213584851,0.6978870009519328,0.7123467945392274,0.0888881073600507,0.23588240184752807,0.7444144223316682,0.09870202070166696,-0.1749377451575923,0.7776523684049451,0.12611898313528688,-0.20078154770323675,0.6232975675033063,0.06796832993411,-0.2034686155461971,0.6490246432557336,0.11405972475071732,-0.24779668915433184,0.8350295447751903,0.1289700158535478,1.2444035416258017,0.7432173828836447,0.1574226890028132,1.4940272535210952,0.6577208184960677,0.18376466307805445,1.343882767052115,0.6161104097492045,0.29165169645889105,1.2099320968222542,0.7704759126923262,0.3999657441252119,0.9839827714490342,0.6837320847964137,0.40218581495008254,1.1033178835940107,0.5019739724533347,0.30269985575299163,1.1999720937622742,0.4937694471604419,0.31020579353821787,1.2105067500189755,0.4401135709906223,0.30404703824858825,1.1358582844313379,0.3731234531549246,-0.015407613822147065,1.1851331815430868,0.7307052200567878,0.005349476789862634,0.96860181125863,0.5422820951194145,0.12270169656859159,1.068728230199368,0.41452843131913886,0.1757235060314247,1.1727550493185386,0.4040333656546677,0.2162297606297351,1.166028556750835,0.38264315639356755,0.25436735433574675,1.1142999734534058,0.38075423787894164,5.425531914893617
0.25307592675479035,0.693284281041287,0.7471133257793621,0.2765316855437752,0.25078878738609633,0.7201513157801105,0.27168504069492544,-0.18132598991989146,0.7903845404760935,0.287127319344544,-0.2046190611954144,0.6195187081420424,0.340763584600937,-0.19975945044530174,0.6503199933960808,0.26408719613847415,-0.2475708547137692,0.8210882032428769,0.06047775048651697,0.6990006864834073,0.7067387573923094,0.09039027228503282,0.23537103968488396,0.7447727158193949,0.09824852023256914,-0.17539532459683405,0.7789980462981247,0.12610960006357547,-0.20092321986515474,0.6251815285397738,0.06701572985723771,-0.20502969488004083,0.6518078170475277,0.11341748225743002,-0.2479975610918375,0.8357933034690772,0.13105205512232337,1.2445894059772888,0.7425324078558082,0.15862237370272966,1.4938201800073931,0.6552347206208401,0.1886180455964791,1.3439925215126884,0.6085927455307197,0.29587513549379496,1.2069313223694649,0.767665907080846,0.39558585671876745,0.9693994218706574,0.6944065437312477,0.402505014933491,1.092998071385685,0.513980991552626,0.30600767012993113,1.1936683014611977,0.5202466456396688,0.31351855337018664,1.2035116093422868,0.46910865320393225,0.3037392185500193,1.129178562064084,0.3964064960094357,-0.014708691449745417,1.1843123284439632,0.7301803278814898,-0.0005981909743316136,0.9557748368534806,0.5478374402036758,0.1146741238220732,1.0598747702741094,0.42959278771654563,0.16442460094739497,1.1663237651154925,0.4180382062587469,0.20637595620075555,1.1571455434147662,0.40404132442836316,0.24512079169647988,1.1073937010413046,0.4016460063034466,5.446808510638298
0.25535045077538987,0.6942887281216064,0.7431088426186425,0.2775601881205066,0.2509610660973259,0.7195808437909225,0.271636763927536,-0.1823169853863465,0.7924450930374631,0.2872439771281689,-0.20484660330280965,0.6199079111518074,0.34055125166806355,-0.20005332065013343,0.6489699578254693,0.26408240300871133,-0.2471615660794107,0.8205757173897669,0.06310389453637394,0.7002286463321766,0.701479434172585,0.0914785032031966,0.23470794517094193,0.7460381062970028,0.09781686633470862,-0.17561561957302843,0.7803509039131357,0.12653011405718045,-0.20012133339223742,0.6253098209445961,0.06661350402158904,-0.20580287192900146,0.6529692160139726,0.11284532055099529,-0.2477130447753567,0.8361322241424589,0.13300825000615463,1.2452830518225324,0.7411114673816204,0.15961783751540834,1.493622363907212,0.6530378215472554,0.19398551206291842,1.3439269132024272,0.6006129290011548,0.29967789224209823,1.204490265040965,0.7663611200431226,0.3881038876621463,0.9561928965513934,0.7106501186112838,0.4017382879382955,1.0798672726419758,0.5290335788175196,0.3124795385476479,1.1862387045116685,0.5430541712987329,0.3190420551861165,1.1961004880009505,0.4936728923027961,0.306367124997635,1.1231453904867454,0.4175064283141905,-0.013867635410621458,1.1834269543531444,0.728913091133971,-0.007089361877988304,0.9442021409697309,0.5542558113272988,0.10806772263743442,1.0512401554138384,0.44624450653507697,0.15407524287088134,1.1584381420593108,0.4324354357542133,0.19756507631028433,1.1465439385342657,0.4238593061677532,0.2355133310679273,1.0974562262223047,0.42155572762352544,5.468085106382978
0.25754446068841363,0.6950256328530525,0.7386482620404935,0.2784482871500819,0.2506786674694176,0.7203809449335696,0.2716265272055976,-0.18315506240480917,0.7942776441250742,0.2869145382721018,-0.20497169572449558,0.6200596929956553,0.3405435180591477,-0.20013445392136023,0.6485654312403658,0.2639964853210759,-0.2470201796097885,0.8203442796193692,0.06547485693395978,0.7010792908777843,0.6968138838966385,0.09215502629736615,0.2337847757986641,0.7480665412047405,0.09738724731090548,-0.1755525705062143,0.7816974680120056,0.12727205994767093,-0.19844567694250087,0.6233407856331149,0.06700934644154777,-0.20520863958174582,0.6516132892549052,0.11219714463173144,-0.24691337058339446,0.8364406480043016,0.1352697131914733,1.246419231678125,0.7390755128896994,0.16042110292354983,1.4934933016471275,0.6517079253262669,0.19963983612878505,1.3437846144693082,0.5932852760515095,0.3032762433528844,1.203050871217108,0.7663695200087528,0.3800023594113926,0.9466990789399915,0.7279139100192131,0.39853694010254187,1.065054379632692,0.5441473778713597,0.3197056386300513,1.177511953058764,0.5577538512842586,0.3243465383802765,1.1882415562373505,0.5118935117663108,0.3105199730544994,1.1175586102611368,0.43613242051813894,-0.012578195854326187,1.1822977646325983,0.7273656165798985,-0.014370273969913458,0.9349063751868789,0.5623235805193678,0.10236117986494628,1.0424606829562049,0.4632581683858521,0.14502591941270665,1.1494591591769754,0.44419366325373477,0.18913198954296387,1.135243157790402,0.43979512503442264,0.2266124464854437,1.0857806700843518,0.44080009304655565,5.48936170212766
0.25965248767222965,0.6952891391773086,0.7336886361386648,0.27914895244368054,0.2501244484583808,0.7219505376585291,0.2716627379459127,-0.18391474621256168,0.7958821346906385,0.28621996206384237,-0.20481335939115955,0.6197812599536011,0.34068683409865164,-0.2000582030083639,0.6492706498471245,0.2638046474717646,-0.24718156673113653,0.8204688308710536,0.0676684918434211,0.701049420203186,0.6926980085668049,0.09256582110953472,0.23267869233649965,0.7503606705326578,0.09695925109538454,-0.17520517616965955,0.7830144858341676,0.12816870242158096,-0.19635469874277112,0.6197235722642863,0.06801440059302735,-0.20327423665325822,0.6479768596042734,0.11132260350825611,-0.24573948589300465,0.8371779188119084,0.13829551112691094,1.247535810058216,0.7365191378305944,0.16133258296388597,1.4936264534225228,0.6514756448931478,0.20534463687729942,1.3437400233338384,0.5874086367942744,0.3069404340109622,1.2027441161389072,0.7670093687664743,0.37313184149391126,0.9416842829078421,0.7407768338781242,0.3926851297342375,1.048253787301031,0.5585416758909469,0.32568967863955234,1.16638761589768,0.564616748788192,0.32872531676132166,1.1785120275003527,0.5219125375489473,0.31457871387582415,1.1106812715098655,0.4529098744091875,-0.010992394390869213,1.180906607583773,0.7260423648105243,-0.02257697108628585,0.9283404930882817,0.5726048553502886,0.09721508162142138,1.0319222768924292,0.4780782417607814,0.13791732306190616,1.13861532703674,0.4509960641405754,0.1802849677496267,1.1231358419880186,0.4505520629388601,0.2196155944723266,1.0725637162304444,0.45791477173268325,5.51063829787234
0.2617189146905014,0.6952812970231265,0.7281279714210942,0.2796078993435581,0.24940432783125374,0.7237853845333198,0.27170749869499133,-0.18450180463297974,0.7971458742879571,0.28546053937517213,-0.20436015578843822,0.6191610978663878,0.34097611527806837,-0.2001048969278792,0.6509272756884117,0.2635041216314474,-0.2475696885815206,0.8208541868957314,0.06972058836587651,0.7002138564691271,0.6889324842070117,0.09288070142185258,0.23154667635236606,0.7524074875252352,0.09654452528979683,-0.17460641615210354,0.7842676090714339,0.12908364834976585,-0.19450088254337577,0.6156942124134478,0.06919341674309465,-0.20097884101421168,0.6437693909205722,0.11027953707795106,-0.24431689915743227,0.8384000534394025,0.14200008424040725,1.248057995449798,0.7335671389290339,0.16267373890023468,1.4942447176302756,0.6520190596230262,0.21094524085544383,1.3439091824538298,0.583702598811497,0.31082225798703655,1.2028294692545585,0.7674104147158963,0.3680989944442769,0.9386371799412178,0.7471449630964216,0.38568053632621163,1.0290534547961498,0.5737750109560105,0.3295831880478265,1.1506963555257153,0.5673346845168699,0.3330311932565025,1.1646896791172394,0.5220892069691734,0.3178191245505042,1.1003772132348193,0.46793832295108645,-0.009611844250717396,1.1794870671781468,0.7248571112737352,-0.03096219075622621,0.9239789968986025,0.5856721743586705,0.09294441677892472,1.018728798754407,0.4892609799648135,0.13297883352053697,1.1239846440231644,0.4547792884468446,0.1711908298882965,1.1083998149550855,0.45706563818092466,0.21438299163175473,1.0566505555534524,0.4735286864123768,5.531914893617022
0.2637774798097408,0.6953667665650729,0.7221461134862169,0.2798048995071023,0.24850438791852414,0.7258431235624486,0.27168587340271017,-0.18455945072824306,0.7977566037879337,0.28482869506489167,-0.20395091430686343,0.6186852814448436,0.34166673058524943,-0.2006485218577714,0.6531263823095147,0.2630817187036109,-0.24800178978166065,0.8213722498786779,0.07158553997482198,0.6991725567483771,0.6856142510097272,0.09315424117708658,0.2305482459882194,0.7540143126486365,0.09615319757470155,-0.17378258519263912,0.785426378626463,0.12993412281896,-0.19361820601971852,0.6131040812846553,0.07024614393409923,-0.19966882321391985,0.6412339261061694,0.10927474628534502,-0.24259292823169518,0.8396698100600921,0.14583535335452957,1.2477829001423169,0.7303454891754498,0.16453271919558038,1.4952960489585552,0.6527356375264888,0.2161734900378504,1.3443908862243588,0.5826067868987336,0.31465563682163805,1.2022076617516082,0.7673096609662071,0.36497916337348035,0.9340406495203701,0.7501138809219071,0.3791631445958311,1.0081236592219003,0.5911343515701328,0.33183014223080276,1.1288588844889278,0.5682943660317238,0.33842579681936347,1.1449653095575365,0.5141807439485762,0.31995600310599165,1.0847505653041265,0.4809650859537929,-0.0086348004703264,1.1783218041454975,0.7232262774195155,-0.03846273695171585,0.9212422598869439,0.6009586116113017,0.08990470637897416,1.002863477804572,0.49751088272058214,0.12997726026248524,1.1034741409881381,0.4595313674330293,0.16296552685904536,1.088554095459227,0.461301864995852,0.20928591742836872,1.0364086274562367,0.4898496820616889,5.553191489361702
0.2657787110546328,0.6957192331374427,0.7162280070751221,0.27982121104999974,0.2474457227760321,0.7282222753608644,0.27157263094847045,-0.1837966193132799,0.7974854214903199,0.28432034430676434,-0.20380599293527568,0.6187914591183562,0.34287363023656847,-0.20161181272628861,0.6556183912095995,0.2625598308179579,-0.24833223731090454,0.8219065869111016,0.07316808252689866,0.6984342170419526,0.6831163837399905,0.09332631010197688,0.22984233618170513,0.7552401760304325,0.09579322750066396,-0.1727310841835415,0.7864631354061401,0.13068842197421934,-0.19405610967993628,0.6132903755176281,0.07103895749042384,-0.19989295999584927,0.641305081285253,0.10845016124253679,-0.24044380323708947,0.8405284709256443,0.14934775069964745,1.2469800770612558,0.7268998882050524,0.1667331805001824,1.496623160098823,0.6533962041251935,0.22061975637709805,1.3452860205168333,0.5839971864444845,0.31805525345534963,1.2004838108915945,0.7670898800150656,0.36407857094487517,0.9270428052231738,0.7544772633198438,0.37392858182138533,0.9864867770220542,0.6096029674613079,0.3336491859476596,1.1016023785795035,0.5670775706895766,0.34458840452344525,1.1187334725314753,0.5035889591523781,0.3204696445073709,1.0624013675147663,0.49221846156770943,-0.007739838524311338,1.1775835059723716,0.7204570631468503,-0.04501195464049369,0.920052003505568,0.6164766460503139,0.087270340644022,0.9838611516490106,0.5045873459320984,0.12843447128594943,1.0771010425303893,0.46615872673797937,0.15660310117282278,1.0626639614712738,0.4637566648189003,0.20254867856069503,1.0109499926799375,0.5066476807377391,5.574468085106383
0.2676706561175139,0.6963151130547642,0.7107748263444507,0.2798357823053026,0.24627379790148207,0.7309396954744694,0.2714198093509075,-0.1823463587698884,0.7966221727476016,0.28382528126789636,-0.2035550215371222,0.6192953488019985,0.3441789689004257,-0.20229225302444817,0.658092925402916,0.2620229579259662,-0.24859445994079188,0.8225144769381284,0.07442186889521592,0.6981141348153165,0.6815662930984265,0.09332402896605385,0.2295000819624846,0.7562999045311563,0.09547056453883622,-0.17143286031236293,0.7873388467351762,0.1312394843262134,-0.19536800519439185,0.616098052973042,0.07140279679251207,-0.2010837595477639,0.6432445607106807,0.10782956910490159,-0.23785260980124384,0.8408286387324729,0.15245008399252336,1.2460403940134226,0.7232715341777792,0.1689611253879518,1.4981548971035439,0.6541049955934151,0.22411320178332733,1.3465733475004107,0.5870878565836247,0.3207351264206164,1.1981639616073632,0.7672021812301756,0.3655344573500956,0.9196743788362814,0.7626441382925386,0.3703326956948383,0.9643942600025844,0.6267140888280442,0.3360789377844841,1.0715368827150118,0.5630849669941139,0.3496433673650017,1.0867572566996853,0.4949985476181601,0.31891367448039987,1.032894126632896,0.5026185372868589,-0.006724800219505684,1.177298188479708,0.7164599257712514,-0.051543203648914085,0.9206076083494144,0.6308215952749445,0.08336854792358117,0.9607642220648486,0.5125136458222206,0.12809237436696924,1.0472547090373017,0.47214763676748345,0.15254337157127923,1.0316913399008303,0.46378716705711787,0.1938202482123375,0.9805785823961557,0.5211908069249802,5.595744680851064
0.26946466818058235,0.6970893224473492,0.7060028904290216,0.28000057156509056,0.2450352349400668,0.7338683033244475,0.2712747000903704,-0.1806277584643071,0.795825838756314,0.28327676181279504,-0.20264026549646813,0.619686358831079,0.3449626572047564,-0.20209551972987,0.6597397158423718,0.26154748631782315,-0.24894517511691722,0.8234416075420045,0.07534309235354517,0.6981052653793343,0.6807015806584316,0.0931666183018503,0.22946404844862334,0.7574826397095353,0.09518395438150054,-0.1699107968193107,0.7880119252773664,0.1313457302696086,-0.19678447890240278,0.6204210713320011,0.07114653424005568,-0.20241951696814225,0.6460752511079083,0.10738223325554369,-0.23501149207706357,0.8406907968911737,0.1552717060511536,1.2452945316850077,0.7193859038103136,0.17095610844282283,1.499645544432904,0.6548023463082661,0.22682416547083392,1.3480152605854807,0.5906889291509755,0.32248877088916594,1.1959129601474112,0.7674970861614969,0.3684567714820626,0.9145478958018229,0.7753887289078312,0.3682665073621766,0.9415795341534704,0.6405660954660176,0.33893679333512106,1.0404033314313414,0.5571111915558071,0.3517550822392692,1.0500174755985787,0.4903250183229894,0.3152059049523237,0.9968969431992776,0.5127654475064992,-0.005824877717364655,1.1773936361795088,0.7117809373426831,-0.058455072076416814,0.9232707528805775,0.6436427515535941,0.0773960857630707,0.9339209779668316,0.5225021924493964,0.12907782100582946,1.01611510320383,0.4753580642921399,0.15088780156867057,0.9975188533949815,0.4617453674196233,0.1842011120793794,0.9459927931587996,0.5311246075405389,5.617021276595745
0.2711770887545069,0.6979817966544704,0.7020694839993964,0.28031813279459783,0.24383994260345485,0.7367733913265482,0.2711448757556439,-0.17895842873518103,0.7954710484155496,0.2827189306037333,-0.20083217379680215,0.6197543936982843,0.34492375835151645,-0.20106753849006048,0.6597289822619982,0.26115329402992116,-0.24951282813455858,0.8248575258638723,0.07590528634449803,0.6982624358013891,0.6801406976998232,0.09294781377948418,0.2296137141279798,0.7588881208248242,0.09492335752570509,-0.16831669238319913,0.7884746022070466,0.1308806534938262,-0.19782417671533853,0.6251741559001732,0.07026874399783585,-0.20351334912984412,0.6492912421364817,0.10703725744427017,-0.2323259589362909,0.8404457361977147,0.15779320325840934,1.2449968401553189,0.7152922577354768,0.17255148468307818,1.5006092769965982,0.6552703936775378,0.22892121052693823,1.3492441683706333,0.5939482107800114,0.3234150049144696,1.193999838243649,0.7672183974394595,0.3711528550275556,0.9131567522232629,0.7940886196117027,0.3669881975572016,0.9185669304236348,0.6503971771864361,0.3402521887990737,1.0074614283347754,0.550953943728381,0.34952981764044466,1.0088271874418968,0.48980821449729084,0.3098294020448365,0.9561131910829231,0.5218692997124115,-0.005280340639661001,1.1777355413069963,0.7067875131616403,-0.06490884358275888,0.9280923660527317,0.654174672847471,0.06989035399426122,0.9063051786458427,0.5338476154657036,0.1309853531698499,0.984727654935029,0.4766854214695171,0.1511492821054447,0.962378915365743,0.46001279726645694,0.17440344830626098,0.9083817926238957,0.5361354836463655,5.638297872340425
0.2728331066749182,0.698912441306413,0.6990345713199156,0.2806696349831982,0.24280472448958795,0.7394973558092844,0.2710343190010658,-0.17747246156083785,0.7953559670175946,0.2821959634472233,-0.19820034312360696,0.6195790123139364,0.3441396435816745,-0.1995508808778326,0.6579505875224902,0.2608310210215049,-0.2503161737341652,0.8267457720173643,0.07616922193237931,0.6984284982992848,0.6796096582099725,0.09271181160677351,0.22980797240239864,0.7603637262999072,0.09470615730280348,-0.1668999388157245,0.7887361963837634,0.13004653326970317,-0.19822568175960018,0.6293514439416003,0.06905767112397962,-0.20417608368214016,0.6522379771262754,0.1067362769436322,-0.23018183667857556,0.8404399479577961,0.15976136637957095,1.2452620535003434,0.7116002584706966,0.17370661180109565,1.5006881396863236,0.655513910040476,0.23046310460640718,1.3500755705170546,0.5964504703428442,0.3239571640361643,1.1927408923338683,0.7658679365660268,0.37248960167455647,0.9154238812627096,0.8192261660668438,0.36581185666966365,0.8966497487976928,0.6566085834971451,0.3374765107025221,0.9711410661015525,0.5464028713702509,0.3420968304612584,0.9637222469504186,0.4928311087266529,0.30428322227580334,0.9122749668784573,0.5296514636090216,-0.00496753955505194,1.1781795695136172,0.7017229228612161,-0.07003394220695171,0.9340352998985327,0.6619972637147111,0.06172842697366001,0.8818088013122681,0.5449026915875625,0.13230914922494755,0.9542099801350186,0.47910286716653533,0.15173588903099217,0.9279945809313762,0.46175160755401456,0.16384903269297624,0.8700990219600376,0.5380553099370697,5.659574468085107
0.2744575719804045,0.6997693223176068,0.6968832358112054,0.2809252235468567,0.24196996189796963,0.7419278215749857,0.2709287411170146,-0.176233912652485,0.7950585198064049,0.2816910954476177,-0.1950456888339379,0.6191951285022896,0.34284658711196947,-0.19777422049023624,0.6550800584283868,0.2605750572583717,-0.2512223917969594,0.8288372494972425,0.07631393015098346,0.6984949634561929,0.6790943881332074,0.09241430469789044,0.22994345625843726,0.7617462365850467,0.0945997765609919,-0.1657939257928096,0.7887779334554521,0.1291798351235124,-0.1978091379339091,0.6318196547928184,0.06791583140015238,-0.20403855634784504,0.6539185296871346,0.10651871477228432,-0.22862125169598116,0.8407434509223032,0.16121596141751648,1.2461058225133739,0.7088241124232606,0.17478901799003765,1.4998567096361615,0.6557195574953261,0.2315939601944404,1.3506809357189138,0.5976944646036682,0.3244740031105098,1.192928306327706,0.7636901884153641,0.3726710197828239,0.9203396661979308,0.8470774734120745,0.364850733166179,0.8757494314460323,0.6614258297128414,0.3300855676244222,0.9302017862176956,0.5448224967685298,0.33077291415355015,0.9154659447948142,0.4996003012756972,0.30076797129152677,0.8654181816275445,0.5389132187825327,-0.004522873742167437,1.1786569976629573,0.6974680162135446,-0.0738684879146783,0.9392988749449366,0.6686571508082053,0.05342636335644317,0.8614094532688672,0.5544885620522672,0.13164092205544353,0.9248101185090921,0.484266401689036,0.15064756574116211,0.8939928139374899,0.46785701155284953,0.15213892182015779,0.833045405405196,0.5393574992004322,5.680851063829787
0.27600929787581013,0.7004924996679873,0.6955258578838595,0.28101448170917886,0.24136921740217912,0.7438108603823776,0.2707759360085023,-0.1752886734360877,0.7944655941800917,0.2812655783784473,-0.19190519750468724,0.6185244745104586,0.3412531805058764,-0.1958101839851048,0.6520327314784659,0.26038180133284905,-0.2520245688650669,0.8306386175766132,0.07643190916157677,0.6985303261371075,0.6786963630184748,0.09202475486222376,0.23003163522317774,0.7629855700881667,0.09461467076425913,-0.1649516310877495,0.7886316429912053,0.12845914920625795,-0.19660212248324618,0.6316354244572758,0.06708381439586897,-0.20274460467519434,0.6536318581475228,0.10645549650437255,-0.22740297051475616,0.8411906790093596,0.16273742461319507,1.2473736280552787,0.7066097660724193,0.1764118409026188,1.4984113279798934,0.6557487585981823,0.2325264254420702,1.351275041138337,0.5973469212560767,0.32503263444298125,1.1950170580665658,0.7612168286886132,0.3725469523147366,0.9268360729191505,0.8701119265821,0.3648453777123567,0.8534421138389849,0.6687467833697378,0.3205573283826132,0.8833507942091569,0.5486308015986718,0.3194604744546488,0.8640490816050037,0.5119327501656649,0.3009987492598245,0.8145979100856895,0.5543694114423066,-0.0037643983221940717,1.1791418766311637,0.6952536340466999,-0.07674831256844089,0.9425558206085687,0.6767053966339052,0.04526258133478363,0.8424093080452804,0.5615080114201498,0.12891646228518858,0.8938897301995126,0.4915543153722237,0.1471359064096371,0.8580749744744562,0.476370442751431,0.14013447250620745,0.7972961384267269,0.5407249751093268,5.702127659574468
0.27742289736479014,0.7011597069886657,0.6947044209072555,0.28096793714997215,0.24106925456137007,0.744947206240139,0.2705573413495048,-0.17466815334698274,0.7938810701710244,0.2811443940759045,-0.18941228915058764,0.6176167014277553,0.3395659489163366,-0.1938261410114689,0.6494198684321897,0.2602212290193479,-0.25266775813170456,0.8319581515031919,0.07646452409561613,0.6987386012456172,0.6782410671020536,0.09160027447680737,0.23016369128702088,0.7640790426933504,0.09466076191819692,-0.16431562041546782,0.7884187896869672,0.12788998508691207,-0.194919846625727,0.6288302674820689,0.06657107855425083,-0.20048066439445872,0.6516490149783771,0.10652462222763365,-0.22638196881545322,0.8416625021821725,0.164782549832514,1.2486311888667383,0.7044159029046089,0.1786591003230723,1.4969074708663392,0.6551055123859366,0.2334250293244581,1.3518147364261528,0.5956447238497315,0.3256514372635009,1.1981106589378738,0.7587397791642354,0.3727238460573161,0.9337330762587776,0.8818680690832426,0.36656804622561534,0.8274481157782186,0.6821668898975036,0.3123609025649752,0.8305002844411575,0.5611119002175704,0.3121701125331059,0.8095028866746514,0.530689850079674,0.30583020752216405,0.760624682592346,0.5803140970903788,-0.002910613961589206,1.1795741507228223,0.6955391973425873,-0.07842899792834346,0.9432882554671277,0.6881335557743322,0.037783321436967755,0.8226253660829362,0.5645961587060467,0.1253108314412214,0.8578318449761337,0.5003497612074623,0.14211672128927968,0.8188529355435648,0.48562137258467036,0.12902732295867786,0.7626706919882782,0.5407641762287646,5.723404255319149
0.27864935360721255,0.7018665886605926,0.6941556916811569,0.28090519533267655,0.24105149478361831,0.7455262004872024,0.27034051812813215,-0.174292655918673,0.7935615358496434,0.28144455710503985,-0.18819804055923162,0.6169100810458914,0.3381834956975107,-0.1923420539223385,0.6475554063637234,0.26006202238218573,-0.25326191837835776,0.8331039358876945,0.07636657746629316,0.6992229497437568,0.6774130016823795,0.09121702521335788,0.23040330634819609,0.765013356145281,0.09470759691961719,-0.16383356437668084,0.7881946107006352,0.12738703294875325,-0.19349359204678335,0.6252446830386927,0.06629432349709123,-0.1982208747553696,0.6494350233331184,0.1066420858143312,-0.22561778040654104,0.8422096881961985,0.16715648438375547,1.2495010136247797,0.7021559670637085,0.18104155874480493,1.4958278432137877,0.6536070268127271,0.23439293667080413,1.352173756356603,0.5929833489066941,0.32638956544919906,1.200459364869964,0.7563067027057774,0.373378610821153,0.9391911298024292,0.882238213042174,0.3705394192412037,0.7982414967800172,0.7028047227244821,0.3077388579827642,0.7741537695005705,0.5829014938216408,0.31156647798408876,0.7530349572487973,0.5551311527773186,0.3155235494604779,0.7063734606955461,0.6190608712478538,-0.0022958793409638013,1.1798245564510468,0.697685346594763,-0.07808491137714282,0.9412443400160866,0.7037711047564761,0.0318392892541824,0.803032236987338,0.563399138000802,0.1221207035834814,0.8157924591591227,0.5109871124109007,0.13638014204413523,0.7772307672060887,0.49574126959365106,0.11873648098936393,0.7298083654955874,0.5378577246741886,5.74468085106383
0.2796582250365678,0.7025112561791192,0.6939194532539081,0.2809424996177615,0.24119503860454153,0.7459033110434049,0.2702090029031084,-0.1739759120253545,0.7934009522896206,0.28192389975546883,-0.18866122317208472,0.6169998401776456,0.3375600910072568,-0.19194523911650463,0.6466696476356909,0.2599542718644233,-0.25387983148966087,0.8343727933620821,0.0761914876232657,0.6998444779970087,0.6763153103430974,0.09089724557891529,0.2307147748706205,0.7657585326938625,0.09480859450417507,-0.1634462911682915,0.7879659653576181,0.12684741171427608,-0.19329038847324365,0.6236913787475785,0.0662059463908977,-0.19711056318609863,0.6485275914656382,0.10676432524438459,-0.22515323535657433,0.8428624148129457,0.1693750319926024,1.250029619457687,0.6997330201208263,0.1832648979199306,1.4952862812288343,0.6516097903921142,0.23535239339602415,1.352402831577143,0.5895724651444891,0.3272105079342349,1.2010376528213909,0.7540983784107149,0.3745422434532131,0.9413905141122187,0.8773106716672037,0.37702526116863955,0.7684539903394907,0.7285349107646888,0.3081037953192163,0.7185388836562265,0.6108161005193073,0.31926816007248643,0.6970418550498281,0.5852525355434501,0.32971904002966324,0.6552120863398854,0.6682857216970255,-0.0019453577390911875,1.1797447951014606,0.7005920954988595,-0.0753314479078297,0.9365529337041301,0.7225644748765868,0.027478780085767526,0.7851437316984846,0.5598074953284271,0.11884715225015513,0.770755031723527,0.5227531814955336,0.12876595343425723,0.7356069749545047,0.5060191439702088,0.10752669346878822,0.6992699358718963,0.5313060555771516,5.76595744680851
0.2804937127110948,0.702873139317064,0.6942791560582582,0.28112319995827345,0.2414193870220504,0.7461721358269996,0.2701856825742901,-0.17362232684443518,0.7931780524564095,0.28220309777954783,-0.1904469640796968,0.617769372311157,0.3376998445910215,-0.19253590375239688,0.6467699077291659,0.25998580887957695,-0.25452240216940647,0.8358335024027624,0.07600256093726662,0.7003817134453613,0.6754783915620836,0.09065643329668875,0.23097061757732026,0.766260727836419,0.09497304572361949,-0.1632133321285049,0.7878300263577156,0.126267109481371,-0.19461357165506982,0.625263405388467,0.06627430269488925,-0.19742672251763807,0.6489440227916391,0.10692016056451858,-0.2249103545847483,0.8434286097111209,0.17125967307051138,1.2504209367996357,0.6971719441304027,0.18539951234382324,1.495186121684276,0.6493517125366863,0.23598765660258147,1.3526688606193988,0.585625909976345,0.3280259598036984,1.2001019635634484,0.7526119485341314,0.37639264431235453,0.9400979000001948,0.873120277624647,0.38593289134842007,0.7409178013124935,0.7551425345640359,0.31533666417816947,0.6684684078165594,0.6407789302781728,0.33498211441657944,0.6452399534585805,0.620918437315828,0.34753400102083143,0.6109724906713322,0.7199202076017338,-0.0015611116472259731,1.1793821981794703,0.7034335584543144,-0.07089261844785473,0.9302918141597442,0.7417362466286046,0.02327937643187114,0.7685411845940817,0.5576410695292995,0.11289562050168032,0.7281597785085672,0.5326995377116839,0.11727231526773058,0.6972476916752065,0.513546591003542,0.09370070837786845,0.6714081844078348,0.5221790279079437,5.787234042553192
0.2812603742572991,0.7029102054686454,0.6953477090334363,0.28144941164629766,0.24172004499171837,0.7461002355683032,0.27026971419170903,-0.17330859260552672,0.7928129811099437,0.28204087485693363,-0.19253566950981243,0.6181860476223157,0.3381205863526069,-0.19334189233207488,0.6473842034708077,0.2601930099377496,-0.25520385041025523,0.8375343337023734,0.07582965703557472,0.7007684009319181,0.6753234142716941,0.09053973112269248,0.23106615837994957,0.7664419147425037,0.09517898337259736,-0.1632499091838659,0.7878552450251014,0.12565793153671234,-0.19666523852819365,0.6282851787689632,0.06640938460102938,-0.19850981320752023,0.649595935279995,0.10717615866663924,-0.22479684470849212,0.8436571769033362,0.17305621983930142,1.2506504978617135,0.6952021084384411,0.1874361636828767,1.4954070316396388,0.6466074692158741,0.2360547950415653,1.3530525885459153,0.5815237741081274,0.3288096847492963,1.1983158118584782,0.7523028715492908,0.37906800252664496,0.9367877088616967,0.8714113225678861,0.3965723261038373,0.717928244641888,0.778938921604962,0.33106053394293894,0.6280667605883858,0.6708050955819561,0.3562953959269386,0.6014657856874139,0.6599253677546912,0.3674946515504006,0.5771755156901104,0.7645765927724653,-0.0009639595035094411,1.1790076759029509,0.7060394661244112,-0.06571408875800332,0.9242794792036647,0.7583526236471188,0.017731431408874454,0.7523311207602236,0.5603544144062953,0.10227795969086478,0.692910010143352,0.5378021605909846,0.10162908577046086,0.6652701448276608,0.5157038698568408,0.07712826485829274,0.6467501270070828,0.5140972982852466,5.808510638297872
0.28200660717984244,0.702771093515435,0.6968556113640463,0.28192352472591725,0.24207276709562642,0.7454212110826003,0.27050261513851637,-0.17315593333026055,0.7924168019602109,0.28137936372521266,-0.194093734958922,0.617434524720632,0.3384382444524093,-0.193986589639031,0.6478478407899801,0.26062485642461464,-0.25594809023365356,0.8395152923451887,0.0757304207620514,0.7010976502870533,0.6758585283495795,0.09057609112616043,0.2310576710753941,0.7662503661684361,0.09540773360207012,-0.1636204891772004,0.7880506756542822,0.1248718253742303,-0.198422135644444,0.6306968505759033,0.0665168008488544,-0.19967548147376143,0.64985745853776,0.10757664031785158,-0.2247895738518108,0.8434768772488358,0.17492454587984263,1.2506533227110095,0.6945818908939709,0.18909605384402972,1.4956897839345522,0.6432063733199538,0.23563411385217822,1.3534976944052848,0.5778726440298823,0.3294845964045642,1.1961590797997315,0.7531121322993717,0.3823470133887382,0.9332192917947815,0.8715060825423397,0.407837493334727,0.7009786587435698,0.7984825952390182,0.3547160934470035,0.5977704414308028,0.7021432100827044,0.3807411144378431,0.5664389396511006,0.7000182610291052,0.3877681556513778,0.5539231513268177,0.7982394483379086,-0.0004507469314784621,1.1788100098758174,0.7085402234796233,-0.06007388095988997,0.9200757235815926,0.7703036982656841,0.010618808175240543,0.7374860643463671,0.5684234393417695,0.08733919277429794,0.6671253417844749,0.5375208497587352,0.08322334701504518,0.6416466039608371,0.5120396788960058,0.05853907841414463,0.6256522215053719,0.5113242435192994,5.829787234042553
0.2826806579374222,0.7026080504667304,0.6983385909688582,0.28250245181523703,0.2423302921557201,0.7444010134564178,0.27090113076780437,-0.17317911391911406,0.7921209022829178,0.2803705854729448,-0.19480736678088556,0.6156194328908376,0.338647443800248,-0.19481355251650997,0.6479129073623837,0.26133061596381985,-0.2567379245387847,0.8416577839206251,0.075767237350575,0.7014913103542704,0.6768066164963629,0.09073172048187374,0.23112907973795532,0.7657851822661224,0.09561895801294343,-0.16437103786633778,0.7884929782609844,0.12379611922781253,-0.1993590012997249,0.6320962616761971,0.06658428477452362,-0.20071746291727438,0.6498508747655104,0.10812455937372235,-0.22490378962575425,0.8429369621178131,0.17652759065701298,1.2505541638089275,0.6953831389650232,0.19004265937163622,1.4956772762679136,0.6394809991418252,0.23485166912682937,1.353883847740489,0.5753801490505942,0.3299309088352391,1.1942030907411862,0.7543097256154719,0.38586874924204606,0.9302875039693078,0.8731079029893886,0.41856966010049024,0.6903374395248505,0.8128094757562295,0.38256486342203944,0.57472763679604,0.7348548296984369,0.40638398104098317,0.5385188984350141,0.73782979429899,0.4070708443391987,0.5381259789236612,0.8220085610256971,-0.0004001608415797618,1.1788662222192803,0.7105440969949233,-0.054025329904919955,0.9182225070483148,0.7761545167457178,0.002524754706582594,0.7265162444368013,0.5795545381475751,0.0695626497047638,0.6508677612466048,0.5338896336280057,0.06305632203665401,0.6269121394652208,0.5043347500972244,0.03845978186978971,0.6088813431689285,0.5152338946881024,5.851063829787234
0.2832481529080129,0.7025143144525068,0.6995147236061448,0.28307804426342204,0.2422517846986624,0.743894890856863,0.27135996207213814,-0.17329713604827673,0.7917596123106401,0.2793514141395145,-0.1946147016922607,0.6132591105077527,0.3388489084348306,-0.19606235565046182,0.6477714005317471,0.2621997094641299,-0.25746766364683105,0.8436303518794384,0.07592388383857848,0.7020035456748781,0.6779004031768989,0.09088576027187462,0.23135151057868136,0.7653870930843761,0.09581017998738173,-0.16544468859604766,0.7891668374767127,0.12265277946323269,-0.19928480135454243,0.6326619293440765,0.06665672117538235,-0.20168940407332006,0.6498386941355938,0.10880465764595584,-0.22510615101168208,0.8420332781724776,0.17771418272989653,1.2504418026195945,0.6975098246559515,0.19052307950061878,1.4952349722425262,0.6361161413566154,0.23363706672601392,1.3540387999670405,0.5741260905098604,0.33035441721800385,1.1931354698525065,0.7546936983928357,0.389533012195967,0.9281567857508954,0.8760950941952372,0.4275080264824073,0.6861286233436887,0.8178736155425366,0.40843098431656377,0.5592016383602275,0.758928227557531,0.42987319472709623,0.5198384085825669,0.7631574266613873,0.42426584418024366,0.5288581155394226,0.8335303544708574,-0.0003511895510669988,1.179407408121804,0.7110957058481296,-0.04792494355302322,0.9183488418070116,0.7753205222457381,-0.006002863440889385,0.7205896099042981,0.5910964697397985,0.0505558181372123,0.642703719794831,0.5295628603202163,0.041504402420764294,0.6194310197100842,0.4960733459917581,0.017684106873812663,0.5973208391139218,0.524417043951597,5.872340425531915
0.28378784364162374,0.7025121157344419,0.7004720221678498,0.2835818103715337,0.24173110360902905,0.7444554188535752,0.27176367512521504,-0.17341492930100183,0.7910012654288656,0.2786040718189021,-0.19369411200910505,0.6107706534538065,0.3390364283320352,-0.19743292836054604,0.6476353427551601,0.2630040957351433,-0.25793516225319735,0.8449725331624311,0.07612989429526519,0.7025864151898735,0.6790633997803648,0.09089983212749644,0.23155958952664732,0.7654106008984369,0.09606025235780533,-0.16659851449627716,0.7898143108380735,0.12185743722261688,-0.19841241486214573,0.6320664164522957,0.06677007522769289,-0.20265788151460667,0.6499262756553762,0.1095876036040279,-0.22525837503871526,0.8406833021933897,0.17923435216253916,1.2502290070341433,0.700936991091939,0.19165425917640555,1.4945607029381047,0.633612388551062,0.23189773418939857,1.35378371933817,0.5731068429731309,0.33130739165654155,1.1930643040483648,0.7532626812258569,0.3934110942985749,0.927106801037772,0.8790828899386676,0.43352620522401053,0.6896289485966102,0.8082319904086357,0.42662723383409284,0.5564217284570908,0.7581838055535408,0.44655797580636386,0.5169559022107721,0.7630525428071624,0.43721705676245615,0.529769036984208,0.824286814457505,0.0009654956385603468,1.1806152953934634,0.7096767044058344,-0.04213281298799326,0.9195347638970175,0.7690023143806761,-0.014402514219176026,0.7176882468948443,0.6015376318341679,0.03240609797287315,0.6388813912705302,0.5260307452491685,0.019882545916635977,0.6151769989898871,0.4907804821191053,-0.0020686723934297763,0.589628211525523,0.5378965786811529,5.893617021276596
0.2843596720351897,0.7025890761563899,0.7013624471638213,0.28405534500262947,0.2408724917127852,0.745866031438347,0.27213717007606547,-0.1734893900871685,0.7898104427249856,0.27812811869190357,-0.1925426174724157,0.6084394931831818,0.3391550056997713,-0.1984630147995823,0.6475668953289561,0.2636455840966585,-0.25796440165524315,0.8453483279997768,0.07634066712970305,0.7031733735584933,0.6803346950455686,0.09077217539187656,0.23157698581707242,0.7658181276998348,0.09643988086791234,-0.1675589520230492,0.7901686159572177,0.12165622749064955,-0.19729681353357076,0.6299653347608878,0.06690435719891565,-0.20356976329853324,0.6500506710134949,0.1104484787191583,-0.22517967852742052,0.8388489807828873,0.18195790638718373,1.2498402392913888,0.7051898033490174,0.19437171036362655,1.493987468155388,0.6318890705390453,0.22963738496478026,1.353103368368684,0.5712868846470767,0.33315125997429673,1.193210870813532,0.7499396393461264,0.39725366728984046,0.9276466439744023,0.8790926328271387,0.436112134954751,0.7018424715339584,0.7834429547635031,0.4347661872616441,0.5706689480775922,0.7271508501778238,0.4530305082565632,0.5341378336038433,0.7328191216057284,0.44342641122825394,0.5446372336604912,0.7892843533931574,0.00434075871713569,1.1822229271754836,0.7066903033986933,-0.036687248368363554,0.9208239535421341,0.7598334106978979,-0.021882492156294914,0.714841798011258,0.6101514253268152,0.01768285130479978,0.6347327777397496,0.5237599807957574,0.0010987679541863055,0.6104200032968823,0.4901849493390874,-0.0187453808306629,0.583136579583354,0.5551157642606758,5.914893617021277
0.28486065472999833,0.7027266685347402,0.702080195046767,0.28456886178799756,0.2397709653569268,0.7477319000697438,0.27257093366885016,-0.17359872941888188,0.7884646840017343,0.2778040408628382,-0.1917453294924855,0.6065429655718969,0.33920390622243535,-0.1989958307405575,0.6475383470155716,0.2642084621160497,-0.2576160396073945,0.8448872866827639,0.07656267593230381,0.70372736220582,0.6817914630755962,0.09064040689466574,0.2314293652110264,0.7662199152279865,0.09694805967741474,-0.16820850582768826,0.7901709318467273,0.1219718898946241,-0.19621206370898917,0.6264126545330073,0.06699445821920334,-0.20415098592251837,0.6501104341896947,0.1114187660913941,-0.22479373305931477,0.836637254253352,0.18586406141434522,1.2493571130902983,0.7094485963789319,0.1984911730115948,1.493750172008671,0.6306655242143322,0.2269811714544405,1.3521600644239309,0.568665787256375,0.33578384618029355,1.1927466539427443,0.7453217024772554,0.40058190761916723,0.9297874255478475,0.8728962428172672,0.4352315659860285,0.7217392695407282,0.7488292278599167,0.43295095208061657,0.6022413914773888,0.6745135446076472,0.4478992963848686,0.5704917116083489,0.6769281104500824,0.4411011927681741,0.5734368652454972,0.734033308425547,0.009461792318872718,1.18379532677822,0.7028288771465772,-0.03141047004537861,0.9219753037289149,0.7499972585043057,-0.02758604384394327,0.7112713003257676,0.6160817670298357,0.008546406979804093,0.62782041084093,0.5229946209798959,-0.011711609022976353,0.6045709598510474,0.49385242559442244,-0.030980685333382055,0.5770504090836754,0.5733639128548673,5.9361702127659575
0.2851632441122556,0.7027742708186038,0.7023952665395172,0.2851347597928072,0.23841721741915042,0.74990490835875,0.2730986536481944,-0.17385648118897307,0.7872016977262463,0.27758860712839245,-0.1916445851189035,0.6053470777409681,0.3392165540984605,-0.19923929868612988,0.6475079215801741,0.26477157996504885,-0.25720042842827806,0.8441605146023011,0.0768241334876985,0.7040879447831992,0.6835479933213338,0.0906181602149955,0.23122023060018715,0.7663125585709948,0.09755524812417919,-0.16858173959701225,0.7898929395515056,0.12251458404135693,-0.195184222232356,0.6221647067989275,0.06700520290228397,-0.20410484555365033,0.6501277608093071,0.11252916082383266,-0.22420360558752184,0.8343210908558588,0.19035850497296525,1.248928153617671,0.7132860283343776,0.20341801911241755,1.4938647812269117,0.6300782247122243,0.2242181734659543,1.3510934725930963,0.5657106572806829,0.3389303841008977,1.1916226432375696,0.7398912467108201,0.4039654999408586,0.9327547487990178,0.8600404980556509,0.431221174087854,0.7473478775533684,0.7099360810845112,0.4215902008023632,0.6492447250023219,0.6116798397422838,0.43156959230662884,0.6226751911573136,0.6050631833029136,0.42911058786564277,0.6138762645388689,0.6689514122697484,0.01561987519764296,1.1852077798678717,0.6986209809154975,-0.026173470286105713,0.9233600591291548,0.7407318280068474,-0.031021377370867805,0.7078769135754015,0.6186813263200599,0.005434713488865052,0.6187256827039762,0.5236003730016675,-0.017522428068674135,0.5987784288827344,0.5000708346029041,-0.03855557006641909,0.5720130557356273,0.5885471311519688,5.957446808510638
0.28529488459292796,0.702440207561502,0.7021573196272057,0.28572267698769327,0.23688645399239744,0.7521962139758945,0.2737116833981039,-0.1742776674199058,0.7860839251543859,0.2774307415744562,-0.1922066019229315,0.6049167187716702,0.33916959877491776,-0.19949831347638552,0.6475031044366096,0.265321187615154,-0.2569694817938907,0.8436013148644119,0.0771274474369495,0.7038856728993678,0.6856435491654501,0.09071987354636253,0.2309652833804447,0.7660597397491749,0.09823953442180729,-0.16875226233621593,0.7894039087285546,0.12303828447666634,-0.19441260340016192,0.6184163989493859,0.06695812321206557,-0.2034578197026547,0.6501387830838127,0.11366302323126623,-0.22363365190217774,0.8323190934147555,0.19501110197410823,1.248537520421067,0.7169329687120295,0.2090408952875708,1.4941665266301802,0.630359128448398,0.2217515236134942,1.3499177774848812,0.562847128564387,0.3424701117712628,1.1904019265266241,0.7340294151534663,0.4095759013431965,0.9355097498695111,0.844358954730829,0.42483725847978426,0.7773594665603483,0.6698601834729627,0.4015385428642083,0.7082445008994043,0.5471362885197307,0.40635325331313177,0.6867966936659003,0.5304750984669485,0.40755676527410434,0.6638663550377865,0.6013666226038222,0.022299552179718983,1.1865499588911992,0.6945659763194317,-0.021231392119610833,0.9251761749230197,0.733126775218415,-0.03247885934731702,0.7050326454952536,0.6189614079958907,0.006256201452934451,0.6094517014677329,0.5246011784179183,-0.018146670849491724,0.5933989513817118,0.507082111683052,-0.04202241879165739,0.5681254773334196,0.5985554780125563,5.97872340425532
0.28536603673626304,0.7016254575591171,0.7012816716129886,0.28626476507680204,0.23544696999046766,0.7540816990478465,0.2743870736697826,-0.17480427524827097,0.7851009395911335,0.2772913732564911,-0.19317945422528818,0.6050159045333149,0.3390317519782794,-0.19988611515341728,0.6476013253702178,0.2658188920534973,-0.2569061990000375,0.84315251215641,0.07745682734552232,0.7028248830435383,0.6879937368898248,0.09091796096102624,0.230639885795036,0.7655355557127617,0.09898103332308471,-0.168766210829302,0.7887388291547439,0.12349194258853541,-0.19406029000701705,0.6155799241774251,0.06688002982176117,-0.20250046444111444,0.6500668200948541,0.11462534990312238,-0.223282529428652,0.8309875953127241,0.1996237212897335,1.24799822630623,0.720891195344548,0.21532190323134465,1.4944887985672295,0.6310821866639912,0.2200337522861942,1.3486670462857853,0.5606493980111789,0.3463524636990416,1.1897013553586904,0.7283436194180045,0.4193509814663089,0.9372497011813834,0.8306054301149204,0.41692740558959585,0.8106002861110309,0.6314125291184343,0.3751622686287599,0.7736840533753625,0.48856871956529946,0.375523345284901,0.7577298794525976,0.4653888477341701,0.37878396842517714,0.7207657188436134,0.5356634956359966,0.02902090569766741,1.1879651405117349,0.6912483843043498,-0.01720904326038057,0.9273010290242264,0.7279903627029585,-0.032769188022107223,0.7023977216024726,0.6192580100517153,0.007890821550935064,0.6019491862936586,0.5248817024170185,-0.016180205256919985,0.5882975562913003,0.5140213121767967,-0.04211633372545308,0.56499594553718,0.6043330990355036,6.0
0.28545393415683884,0.7006855342503848,0.699761540106389,0.28665569675953795,0.2343186154949421,0.7550948531179371,0.2750558250960091,-0.1753413381194699,0.7842466874745274,0.27720763206112153,-0.19434963566658278,0.6053035667635152,0.3388324425266286,-0.20025754844377905,0.6476501966990511,0.2662334014331138,-0.25684750976738085,0.8425769340760001,0.07782874332157207,0.7011408869436007,0.6904533813384703,0.09119038129803035,0.23028420113072498,0.7648022732424138,0.09975705245913792,-0.1686426175923752,0.7879139808717317,0.12385386059064535,-0.19400303044442266,0.6131080547191254,0.06678944782955083,-0.20147206383858046,0.6499138122730627,0.11537531157485542,-0.22314721806828952,0.8302446547474017,0.20392919840112161,1.2472726056375931,0.725295012865494,0.22165883639042294,1.4947842048695377,0.6314779649229209,0.21946079633995177,1.3475810739756355,0.5594449691307584,0.3502944397321036,1.1898593348799165,0.723578192593654,0.43331475429776517,0.9377515799576213,0.8200512711888243,0.40870874862305795,0.8449313235115902,0.598462038451407,0.3465857517787296,0.8381455127026662,0.44514772807355185,0.34287275299599407,0.8277446549767573,0.41800460004621276,0.34701533674704577,0.7789824327719873,0.47865561597242734,0.03501733549524266,1.189630161366675,0.6892537500611677,-0.014514523062210329,0.9296496963345547,0.7251488549282723,-0.03239515835832247,0.7000690731566008,0.6208593905228731,0.008852452689239813,0.5974151574122759,0.5245849431696863,-0.013010930107014356,0.5839413322187506,0.520419625143461,-0.0399796888031278,0.5624633146235101,0.6080645574227033,6.0212765957446805
0.2855647123609867,0.7001466636269371,0.6978428360601969,0.28686988573446937,0.2334617404645741,0.7553433700136899,0.2756395760461188,-0.17578409547214774,0.783539457629979,0.2772086829437947,-0.1955343366883191,0.6054688834809389,0.33856551171991545,-0.2004388934061921,0.6471803855634821,0.26652939910871626,-0.2566348564030266,0.841766171400514,0.078269863845527,0.699592639394655,0.6928521028726693,0.09151936008506409,0.2300254733962083,0.7639161705577111,0.1005442015057607,-0.1683874044769329,0.7869416417273661,0.12395273116388372,-0.19402755827350188,0.6109036042465108,0.06672497616816467,-0.20047968543701303,0.64985416282099,0.11603157868149501,-0.2229851814481868,0.8295471233505862,0.2074168655839343,1.2466334550488445,0.7295496489645515,0.22711460303203573,1.4950099307189397,0.6314658581070951,0.22008793177421657,1.347046916732668,0.5591169594492429,0.3538024293189025,1.1908490327970538,0.7203408269473954,0.4503804244052315,0.937945721967696,0.8110186341621706,0.402349603086668,0.8768382565856457,0.5750455618090085,0.32121774359139693,0.8931904392930634,0.42682692613130774,0.3133434654831927,0.88693505425062,0.394574818984782,0.31753259918495413,0.8296734267365525,0.44145335012094056,0.03929037493831265,1.191425007068776,0.6888274935079434,-0.013039191155424772,0.9322059428504993,0.7236981345504225,-0.031447882739792384,0.6987752754512002,0.6233220113858459,0.009523423403481786,0.5961599020833692,0.5247588898699057,-0.00918706771095193,0.5813034605282392,0.5248864905754378,-0.03718751124486567,0.5607215689451546,0.6110339291584869,6.042553191489362
0.28559368250644607,0.7001600304631496,0.6960493931412344,0.2870354543192715,0.23274730059690932,0.7551954615923719,0.2761541808383286,-0.17616893456611493,0.7829996084133112,0.27730344127364664,-0.1964013385942996,0.6051569486708502,0.338174632418183,-0.20044200609152563,0.6458665952400637,0.26670474049514686,-0.25620069350748365,0.84072155728038,0.07875305601042026,0.6987704023786989,0.6950739853933177,0.09188771447720787,0.23000394258585427,0.7629313373627902,0.10131976392971992,-0.16800287310613796,0.78583840410468,0.123692095791367,-0.19391355327375331,0.6095569726544642,0.06672057583200453,-0.19958122901940908,0.6500018717564618,0.11668395479591759,-0.22255016107176598,0.8284614347870376,0.20961619598026743,1.2463591239144736,0.7328857265947635,0.2310496633842053,1.4950332581996053,0.6317208853522113,0.2214762409055332,1.3472581143174445,0.5595526409448457,0.3566471312492095,1.1924186285964073,0.7185216927124247,0.46972871415975476,0.9399062500051033,0.8024925413169699,0.40004281038628375,0.9023260301565993,0.5636609638465704,0.3035181218415936,0.9325747596840555,0.4368198182185322,0.2915508957177365,0.9275907654246449,0.39751343730637506,0.29537097219652103,0.8653301645538826,0.43236457253812743,0.04133334365775647,1.192872329649709,0.6894893397400419,-0.012415210728351531,0.9347822775521085,0.7228615817735118,-0.03015501650438117,0.6989374056429387,0.6257300411023462,0.010450197260948594,0.5976736823432207,0.5258524843517418,-0.005306095674449953,0.5809475038201907,0.5259983162616021,-0.03485363736775416,0.5600228912957999,0.6129805612462169,6.0638297872340425
0.2854332042254488,0.7004384668592344,0.694747389296516,0.28732110147864526,0.23212315540644005,0.7548411210412425,0.27669597734484863,-0.17673193767674328,0.7826107505085081,0.27754109066471144,-0.1966120070163692,0.6041266169490329,0.33766927756284104,-0.20035983130875717,0.6438210668330375,0.2668339114949379,-0.25568305383771517,0.8395551620380521,0.07922056542919051,0.6985799531421075,0.6970715545284805,0.09228596620747931,0.23026696347245926,0.7618744432881365,0.10206176641333414,-0.1674874422291991,0.7846262914941697,0.12329272097756394,-0.19348855353153857,0.609118775411947,0.06678127564280989,-0.19886136719400246,0.6502989760973481,0.11731916165721262,-0.22187915679785142,0.8270785008286241,0.21066585198406168,1.2463822354963083,0.7352230273917508,0.23354617819882212,1.4947662774674144,0.6328807704259157,0.2231152217122845,1.347948393622437,0.5606003984889405,0.35919953204257415,1.194247284649848,0.7174963093172915,0.490790780331205,0.9457321106326769,0.7952192373005538,0.4024719225896316,0.9200944961773525,0.5622792782571053,0.2940783577275351,0.9568290494631732,0.46405021853470874,0.27862570164856315,0.9496879350044881,0.42005724671101907,0.2828347785192336,0.8857777947993418,0.44691424193127455,0.04185826380151965,1.193623699797031,0.6902733714343563,-0.012206906842783216,0.9369356331554609,0.7223159703376758,-0.02896907036652032,0.700066797965905,0.6272780103762938,0.011694481381566618,0.6005677438997783,0.5278098497341674,-0.001854999301722229,0.5822198710723978,0.5246658103503942,-0.03330083742912089,0.5601896566846603,0.6134316699927241,6.085106382978723
0.2851365819599474,0.7007303666331622,0.693770900409789,0.28780798515232003,0.2315780066023138,0.7543706464781822,0.2773210084507956,-0.17767542898553812,0.7823486595831698,0.2779583797912223,-0.19621342163590128,0.602488336335882,0.3371366875168801,-0.20016799407816616,0.6413669985663036,0.2670074073650504,-0.2553862029141768,0.8385394752233368,0.07967002284362087,0.698546399038616,0.6988231642877161,0.09271228990289314,0.23075076054644617,0.7607510091321521,0.10275168799892521,-0.16683685378586877,0.7833311333201337,0.12306305374043898,-0.1929862372311781,0.6091811683274819,0.06689729166272124,-0.19845669031246102,0.6506317569401611,0.11788961780014563,-0.22124271723128952,0.8257106604283005,0.2111786705419802,1.246432812030351,0.7369261828592737,0.2351741641855741,1.4942470221319792,0.6350806187811988,0.22480340508373967,1.348694090309426,0.5617566050357912,0.36199471408719336,1.195955398800027,0.7172584677808419,0.512489236543544,0.9563341494098319,0.7902169535919111,0.40879935790633426,0.9326863283036552,0.5653444406489653,0.29051800936355276,0.9712694411660466,0.4914784367936684,0.272513855710985,0.9592359620525072,0.44997079363302334,0.27914105843944026,0.8967930687534705,0.4706837741169153,0.04219807314089741,1.193599333137714,0.690565867125274,-0.01199673802524132,0.9380963728852914,0.7222028754899347,-0.028234117601120004,0.7012842380849912,0.6275359875545886,0.013253131916351878,0.6032574432034553,0.5308510659745633,0.00103038586844507,0.5838047527852332,0.5234676898696392,-0.0324569712167904,0.5606126338156828,0.6129529733279324,6.1063829787234045
0.28484643993369446,0.7010841473164483,0.6927693609811181,0.2884129776034046,0.23115528041081557,0.7537670475993985,0.27798359613808915,-0.17896507482393018,0.7822263030027008,0.27845449503506814,-0.19567984134879443,0.6005556474344383,0.33665226082318606,-0.199823340987557,0.6387873222949411,0.2672437400961088,-0.25549242729364413,0.8379177353642587,0.08017442156206474,0.6983656469320649,0.7003818362271967,0.09316718059023348,0.23134697204559915,0.7595681524592235,0.10338076386714576,-0.16608655935063055,0.7819883444002912,0.12306682998872934,-0.1928454446980832,0.6095389377101753,0.06703288897731842,-0.19841334196222957,0.6508867273061436,0.11836805521534227,-0.22084768305530064,0.8245080172281145,0.21151456445977784,1.2464054009041705,0.7379552217731868,0.23631725897822026,1.493581179774992,0.6378331893243852,0.2264144155903688,1.349388135153005,0.5627020137495946,0.3650142585033086,1.1972885346219133,0.7179611918245139,0.5329631341504493,0.9709834509289499,0.7874523800040245,0.41762065608726695,0.9424015413081326,0.570234134809856,0.29123885484766754,0.9788995551530703,0.5121659219700359,0.27137062449612337,0.9609630621513409,0.47863861728530127,0.2826862976099196,0.9024782276846661,0.49310189797084725,0.04300163393381834,1.192808322534486,0.6904862098057019,-0.011490934886288828,0.9380706309193088,0.7227783930887044,-0.027974971884497546,0.702113109693099,0.6270964175639404,0.015147600576008939,0.6051331687443967,0.5351028532624117,0.003426212412969063,0.585137457542868,0.523553208553784,-0.03199061413260047,0.5608879207311617,0.6124240516326664,6.127659574468085
0.2846673882916355,0.7015905879402752,0.6917581497119702,0.288891523268165,0.23094901310565374,0.7528612898788289,0.27858299225652267,-0.18046894309146905,0.7822938254636791,0.2788300369277526,-0.19541274218795698,0.5985758403936728,0.3362338385748951,-0.19944780987245386,0.6362817778601423,0.2675060888565344,-0.25588047182552776,0.8376765533996394,0.08081596090150635,0.6980477414366357,0.7018388020261828,0.09364668059446282,0.2319623814912743,0.7583328403920125,0.10394620978388258,-0.16534352846712877,0.7806422542749119,0.12314553229959432,-0.1930579497402077,0.609913321085833,0.06713761603427096,-0.19856925506378043,0.6510254673317944,0.11874602927789146,-0.22073777255168597,0.8235051511152924,0.21171711004263288,1.2463743316317673,0.7380505552151972,0.23711209631924593,1.4929448761063877,0.6402495278772746,0.22777700403952322,1.3501235044666469,0.5637986820450525,0.36769418829985523,1.198426618161271,0.7186761847868269,0.5503775454080067,0.9878757044709089,0.7863747123971258,0.4274855434577029,0.9485638369740181,0.5786972014112951,0.29627685956632654,0.9792563372458443,0.5303946982626564,0.27451037862924527,0.9563208331853378,0.5026113573231139,0.29166166213382905,0.9027730079587568,0.5130131601709618,0.044140417743051635,1.1914472524072781,0.6904243508740265,-0.010613215348755378,0.9374577261920825,0.7238313284475647,-0.027967851009651826,0.702588748906376,0.6271233535213081,0.017208851841328143,0.6064993661955145,0.540097809131012,0.005548023059313996,0.5864761899133779,0.5241197188170074,-0.031388418475855204,0.5610672689746273,0.6120702486364806,6.148936170212766
0.2846918591327531,0.7021272739682992,0.6910853689087693,0.28904319639057485,0.2309668353886321,0.7515613803550879,0.2790379560819897,-0.1821461138406108,0.7826202637398771,0.2789482191964444,-0.19533129863005777,0.5966886989391926,0.3358669615523807,-0.1992362462792818,0.6340929947606734,0.26774131597596723,-0.25626291712304305,0.8375309463902371,0.08161485141613431,0.6977187942772941,0.7031877340235408,0.09412217460938428,0.23255163342024143,0.7570483027089798,0.10442897200044157,-0.16470122113837207,0.7793164218662897,0.12315608923972213,-0.19325126751589491,0.6100020961915683,0.06718390918557055,-0.1987152385839083,0.6511292424588,0.11903974776226733,-0.22088262422759108,0.822757467189742,0.21196227077168314,1.246396108782449,0.7375455746450608,0.23788044296625988,1.492493429940802,0.6416418332662264,0.22888305530147962,1.3508275261817797,0.5653737672951548,0.3695201912396191,1.1998077211614835,0.7181525334182925,0.5642766767975731,1.0050908197825859,0.7880447476830821,0.4371983096876901,0.9501924395414661,0.5917314294598105,0.3051952763705596,0.9726667738947643,0.550848201935935,0.2810877462528565,0.9468424840578303,0.5215845870624727,0.3035048499917342,0.8974089680185939,0.532951540630204,0.045445992617320144,1.1899326679739433,0.6905574849530333,-0.009611793107885952,0.937049901597602,0.7248793884700068,-0.027905551410539062,0.7029101590438792,0.6280211293511424,0.019076648787910738,0.6077375660011922,0.544948251483245,0.007586439792425032,0.5878053782159616,0.5244098508196218,-0.03023657535362779,0.5612902769346341,0.6117399486028743,6.170212765957447
0.28498864612816344,0.7025274573679934,0.6909070288927432,0.28893131081462026,0.2311006006862724,0.7499202167538872,0.27930950636023794,-0.18394125394248545,0.7832472131830399,0.2787429362987527,-0.19520454585300986,0.5949654246343792,0.3355517920265012,-0.1993193106392425,0.6325651151842067,0.26788530452751586,-0.2563907102508414,0.837011420367866,0.08249690483300169,0.697471745446514,0.7042547050436085,0.09454067126628911,0.23312543912696226,0.755731061091603,0.10479201964219269,-0.16414457955017742,0.7780109342108946,0.12307893785290172,-0.19316094660534622,0.6098146412683945,0.06715520389439317,-0.19878059856970756,0.6512007448489693,0.11928826895525617,-0.22119673098142068,0.82232452669409,0.21248987527987143,1.2464693611642723,0.7372539761397576,0.23901148084173363,1.4921850026147203,0.6416850620013668,0.22990827416599005,1.3512487749710065,0.567379088164193,0.37043603823274607,1.201653942916473,0.7161215342134688,0.5754607566717518,1.0208270003408217,0.7951073925825478,0.44603012216010407,0.9483738077191255,0.6075303365774611,0.3157557321720171,0.9613883374601409,0.572551531228323,0.28972837270126384,0.9350726407701043,0.5374121086479465,0.3158590583271068,0.887801750162005,0.5535187809229345,0.04680863692805653,1.1886233942347584,0.6908633126735519,-0.008864197512929141,0.9369756372241612,0.7257003062447791,-0.02749831343072376,0.7031318166945908,0.6294909210540827,0.020399752716897757,0.6090313670497147,0.5487859256087226,0.009441435466600617,0.5886252400196006,0.5244912058665804,-0.028407605910382806,0.5615762388737212,0.6112656761426294,6.191489361702128
0.2855060109630748,0.7028517643690666,0.6908739937837189,0.28884501063433776,0.23126946837710063,0.7480444654859075,0.27941380472147115,-0.18570426374106183,0.7841816123248911,0.2781781335333265,-0.1951870174197519,0.5935028788024639,0.33535472336286404,-0.19971771728827573,0.6317906007023094,0.2678907028047204,-0.2562195439514395,0.8358975781246101,0.08333312470391237,0.697374047507434,0.7047723753746014,0.09488365112367031,0.23370972163752401,0.754422767049261,0.10503637840641876,-0.16361461903215507,0.7767690897087616,0.12294521457513272,-0.19271640641116344,0.609502082900317,0.06704409498855729,-0.1988089468712841,0.6511278504591752,0.11950578337142784,-0.22157178188080837,0.8222370279072997,0.21326960444318493,1.2465572299139873,0.7375894374434225,0.24052027994142416,1.491927553617729,0.6402361130359704,0.23105851563617008,1.3511884384724115,0.5697448677138164,0.3708572767412296,1.20390629138684,0.7129465364474423,0.5842922767407709,1.0334853187330693,0.8083222918450075,0.45383375771628215,0.9450666928548053,0.6238239398454245,0.3252967152996964,0.9478624610545057,0.5917779187191365,0.2992913200958047,0.922950625460766,0.5511674281840095,0.3274600371120344,0.8759183600671283,0.5728529806866177,0.04802530486512144,1.187728045670643,0.6913895381064625,-0.008364232235429784,0.9368283198933561,0.7263366111110428,-0.026543832591711877,0.7031396541368721,0.6317524083901667,0.021094400756231195,0.6104540823578214,0.5514350103151764,0.010777338300863151,0.5886863108299956,0.5245849862913785,-0.026067403169931558,0.5618387473669538,0.6105076676700334,6.212765957446808
0.2861127611284654,0.7032806218187801,0.6905539882289935,0.2890766405334357,0.23145961940244836,0.7462580656231295,0.27943721488126183,-0.1873279803763131,0.7853504619993963,0.27736084166752706,-0.19567535576381073,0.5926054945515878,0.3352973003402727,-0.20036081294481498,0.6313860982133996,0.2677508315700761,-0.25593334130109774,0.8345912311231857,0.08407276774832384,0.6974151577656478,0.7047082706454489,0.09520167137910213,0.23429620760895523,0.7531764116312282,0.10523411137860826,-0.1631145865066846,0.775684469150697,0.12277302827852285,-0.19194441946034305,0.6091655843396304,0.06689245041523509,-0.19888467583299038,0.6509626779448164,0.11967723152126522,-0.2219857554319145,0.8225239416225597,0.21412984771311222,1.246563744750425,0.7381285302643235,0.24216465179158017,1.4917755061379678,0.6377054728809761,0.23237493315856558,1.3506729491966474,0.5720871779673395,0.3713541834890962,1.2063549202968618,0.7088413991540337,0.5904206502688045,1.0426780992321092,0.8243972031705955,0.46141103192276434,0.9415063919028741,0.6393077336472205,0.33375790609284406,0.9345148018221371,0.6078614554132997,0.30969528299736815,0.9115646792301876,0.5620705070941532,0.3380840330090378,0.8640264991435022,0.5895683218474237,0.04909357770151308,1.187368335446104,0.6922432367614084,-0.007677295421003606,0.9363207040343395,0.7268175472966166,-0.024958991025941166,0.7028620071135421,0.6358080580500097,0.021438456353691814,0.6119939007430973,0.5536012775594559,0.011399734055085167,0.5883200224342302,0.5247436770431496,-0.023526170855959448,0.5618354731168292,0.6099166530334509,6.23404255319149
0.28676990327076063,0.7037786679942366,0.6900714740654628,0.2897244533997941,0.23165248384361886,0.7450313281881291,0.2794707888704521,-0.18876919587891508,0.7864682856364686,0.27657975642805654,-0.19675197578935816,0.5926050637072668,0.33519678482902415,-0.20123611648807505,0.6311301988885896,0.2675184733939506,-0.25569199606899584,0.8335909248009388,0.08482622902221758,0.6974127748559957,0.7045395651981716,0.09556070333895114,0.23484911675252662,0.7520414253840655,0.10544756508280202,-0.16271155685036437,0.7748142354622196,0.12258551564250982,-0.19100042120844932,0.6088753683338172,0.06676668831473309,-0.19906795510841824,0.6509051280766547,0.11981200877451843,-0.22250921588409273,0.8231511941849403,0.2150383157524291,1.2464461465435694,0.7380450920043522,0.24384189553769298,1.4917496946084015,0.635311462168989,0.23361880786780032,1.3499400596076252,0.5736233162379749,0.3722724359890879,1.2085364701968757,0.7040978382385658,0.5941039350756154,1.0499121253901742,0.8383727036526603,0.47015010661893747,0.9380039108022946,0.6538624912542921,0.34383827433504444,0.9238297284083384,0.6240075749596516,0.32168296801012447,0.9016848372815995,0.571000204179035,0.3483827067722862,0.8544184543202789,0.605307115551371,0.0503518876088825,1.1874372885463083,0.6931462855983221,-0.006479742879999684,0.9355690010770175,0.7270445063032664,-0.022855241314216332,0.7023285289522747,0.6424075291286442,0.02174250518074665,0.6135879713479007,0.5558261675821345,0.011493805255827374,0.5880824402289186,0.524986534922135,-0.021031060377563304,0.5613779489228878,0.6107014334600663,6.25531914893617
0.2876255999456609,0.7040559312333464,0.690050272782826,0.2906727825470735,0.23181442950018682,0.7444843566658967,0.2795266629119033,-0.18999336382769166,0.7871983550024937,0.2761060508097356,-0.19808547459950646,0.5934989855275157,0.3349026274985314,-0.20234269991418413,0.6313894102142276,0.26728812704351557,-0.2554815563233609,0.8329396234479115,0.0857567243771645,0.697139396742152,0.7049618230342882,0.09597973823303076,0.23535472108882086,0.7510655476479017,0.10565174130908073,-0.16247998931230928,0.7741614497819949,0.12243587983203763,-0.1901722325650895,0.608685172225866,0.06668168073424026,-0.19930587011750175,0.6509726452626484,0.11993190824111422,-0.22315965075721214,0.8238915625334919,0.2160768729996439,1.2463080123563672,0.7368936354881623,0.2455316422659067,1.4917187900067082,0.6343001981296313,0.23444561041170436,1.3492492628611645,0.5738337254282011,0.3737763077709446,1.20979764973763,0.6996204101626786,0.596357262161201,1.0573902564401112,0.8473624276058908,0.48084808165558673,0.9344363846426271,0.6689636844877698,0.3572201761142614,0.9172657971498115,0.6426398089276051,0.3358542569032781,0.8936003438894633,0.5827297965970318,0.3589753605531336,0.8484810753413206,0.6227046183578532,0.052125964429432944,1.1876312706978203,0.6934249764971164,-0.004793704386450966,0.9348310389665042,0.7269850758317082,-0.020556699181384475,0.7015876633989929,0.6511020706858164,0.022044002114119977,0.6152178460329097,0.5578797754429559,0.01140059738302679,0.5884092909942406,0.5252241923849659,-0.018719489703763588,0.5606503585384645,0.6136865097464335,6.276595744680851
0.28891884220260566,0.7039166041533884,0.6909739696941121,0.29176559396860363,0.2318767191254851,0.7443642614883936,0.27955783127433026,-0.19098590763451462,0.7874157753643368,0.27602423099651413,-0.1993399669755218,0.5950927915052666,0.3345668257889143,-0.20346672943155755,0.6323654361726521,0.26708569846488717,-0.25524839051223636,0.8324819175209769,0.08692832773260468,0.6965679315951014,0.7063041312793661,0.09639497595327097,0.23584313698082704,0.7502823426125416,0.1057870140776424,-0.1624311068965486,0.773733736836935,0.12238368155218426,-0.189706830507167,0.6086230983046526,0.06661103194467285,-0.19946245954098102,0.6509947464247312,0.12003570212945124,-0.22382878678292906,0.8244471625082261,0.2172854281171102,1.246226492594347,0.7348589363622432,0.24703710014312352,1.4915740897628857,0.6351275439409012,0.2347726249983904,1.348698051867377,0.5731121120490796,0.3761332007563338,1.2098089215602952,0.6968662326939878,0.5980988302035766,1.0663067398594175,0.8516210971746724,0.49356960475303746,0.9311007488244891,0.6863789129048437,0.37256383918206154,0.9147971610972011,0.6627989028892161,0.35247150931867366,0.8875518021828515,0.601951123089449,0.3698692425132031,0.8464437044179929,0.6420700534578996,0.054508460657842595,1.1877700921209855,0.6927021359811063,-0.0027675074789635865,0.9340775921158325,0.7268346769559051,-0.018296457863923934,0.7007067043331926,0.6604902613548205,0.022322559422280407,0.6168484827138495,0.5597344446071083,0.011347198917237782,0.589513544002647,0.5252615464019155,-0.016721604525449886,0.5599761767794982,0.618532978965308,6.297872340425532
0.29075141381087727,0.7034373247919974,0.69289253039223,0.2929675279412854,0.23169503564524846,0.7445252111921679,0.279521789647999,-0.19176277144085563,0.78710330147127,0.27629497479198317,-0.20045447186750973,0.5972568546542966,0.33441621066908317,-0.20431965884086734,0.6335786107034382,0.2668567319499213,-0.25496640295310863,0.8321053308355252,0.0882989411054127,0.6958635673739091,0.7083522578729309,0.0966759054718169,0.2363310953938193,0.7496912542086168,0.10582848351216755,-0.1625006629831367,0.7735751264198485,0.12245362481994826,-0.18972805269842244,0.608706184676835,0.06654828623020151,-0.1994638838016112,0.6508837770067734,0.12011000428250554,-0.22439168386268835,0.8247006432964027,0.21859892063235004,1.246160772663292,0.7323782623191507,0.24808521458263777,1.4913456808772778,0.6374385757099823,0.23493881747211504,1.3482672679061092,0.5727351421840153,0.3795563720534451,1.2089420647213494,0.6967318288335571,0.5999473335256467,1.0764426965236882,0.8530287702962929,0.5083923681298967,0.9290445103908169,0.705772086122,0.38792874938954025,0.9149551154377011,0.6824527759441861,0.37166144896723197,0.8841150386513319,0.6281944016731644,0.3817517878443121,0.8471390525013184,0.6635642013429296,0.05744421425941083,1.1878773482235951,0.691166934596021,-0.000517790696147816,0.933045941042035,0.7268879418128872,-0.015954582776569953,0.699741432302033,0.6692572844540136,0.022682689818161208,0.618266275840977,0.5620574868266794,0.011493436795209745,0.5912690859528968,0.5252537042541231,-0.015072718529661345,0.559431353419358,0.6243427280016396,6.319148936170213
0.29301948821106566,0.7027610065103189,0.6956981593877342,0.2942924734163533,0.23109831080261034,0.745147928664183,0.2793836939808144,-0.19234975844615437,0.7862567465603105,0.27688369548765884,-0.20153785893267992,0.5998311170807146,0.33447412944050964,-0.20494559571436358,0.6347178713216812,0.26658391112638774,-0.25457540271791856,0.8316056779154535,0.08977626786533387,0.6951521761246094,0.7107116648814593,0.09677547463047628,0.23676334523017376,0.7492969865187165,0.10577664155431109,-0.16262941850817797,0.7737422063224084,0.12262060885221955,-0.1902869670168233,0.6089177070040823,0.06650458616262706,-0.19934247436967198,0.6506836635006741,0.12012738278584145,-0.22478713143458742,0.824700652241107,0.219959306446115,1.2460418604424799,0.7298305892316602,0.24864537655761804,1.4911873141673,0.6403467954821964,0.2354428778808219,1.347977101315626,0.573865753177013,0.38371406290325105,1.2079781745067428,0.698418439829841,0.6022601235941405,1.0866299033336706,0.8529917479128573,0.5254831773598967,0.9289603536934176,0.7248845946774053,0.4031492338920052,0.9148955009541098,0.7011733669993793,0.3929848330755244,0.8829422624783632,0.6570753343598132,0.3965992958996073,0.8481201295308296,0.6900103530082491,0.06070779047374768,1.1880233175899975,0.6891286942229198,0.001823840928891284,0.9316591873303388,0.727336655701625,-0.013333177561409901,0.698708601777331,0.6767867741285079,0.023269723528586948,0.6191621795792585,0.565455554835233,0.011932926243881248,0.5932592604256886,0.5257779246391138,-0.013427136221046451,0.5588937672589243,0.6304928030529257,6.340425531914893
0.29561838008956615,0.7019877980661388,0.6993027863331446,0.2956611618197331,0.2300119739583556,0.7464976186421801,0.27910238438758483,-0.19271196287692136,0.7849550992853319,0.2777431313236501,-0.20250480913875146,0.6025164325525123,0.3346368726820632,-0.20575392410786408,0.6364071296126018,0.2662760003067467,-0.2539969499307185,0.8307246538938223,0.09125510211728526,0.6944352379273252,0.7131662294498006,0.09682739420469338,0.23704146268058032,0.7491680668682088,0.10565941264452357,-0.16277274719813406,0.7741819841893106,0.12281969864789746,-0.19128909901284455,0.6091685012310034,0.06648360785189152,-0.19915402142992403,0.6504475439720112,0.12005335399524848,-0.22499720890881925,0.8245336420624675,0.22140427583982378,1.2458078147628022,0.7275175361300205,0.2489751749967919,1.491268623388612,0.6429304381696744,0.23659438845578007,1.347862565687553,0.5767373400260413,0.38778448563504986,1.2075980190149773,0.7004950563273162,0.6049716625068483,1.0954708822837003,0.8517754795963635,0.5446047783468559,0.9304007709613248,0.7414138686411844,0.4198179397135743,0.9113777346096625,0.7206328580285395,0.4161500618728222,0.8817757384450235,0.6855368342240853,0.41672952473273794,0.8470310203399171,0.7239006881512269,0.06385890896722038,1.188201579376439,0.6867688051475934,0.003978615611266709,0.9301015655733835,0.7280926892722646,-0.010563400387190648,0.6977091002123643,0.6828341845281318,0.024399863095236063,0.6194218768226292,0.5700239599857144,0.012621893697524283,0.5950749706025124,0.5271960525148138,-0.011170480768289349,0.5582627580431777,0.6366882097848257,6.361702127659575
0.2985945397681068,0.7011842467451981,0.7035393578859332,0.2969866947487741,0.22854742608716264,0.7484627138456352,0.27869231530750843,-0.19281307208979187,0.7833659664381661,0.2787444734888046,-0.20298634152970318,0.6048963703889245,0.33484138044999784,-0.20708964579359362,0.6395660581061463,0.2659057525995387,-0.2532072237105353,0.8293770826948554,0.09272133850151684,0.6937126781502313,0.715601883525698,0.09698158907598495,0.2370701905540038,0.749389780950554,0.10555693902005589,-0.16282717210629538,0.7746419421102895,0.12298402768637456,-0.19243498529667644,0.6093694309746749,0.06648347027608086,-0.19893423703110724,0.6502030602052238,0.11987871397215515,-0.22505043211667614,0.82427583225829,0.22291501278301867,1.2455007283700794,0.7257274390592929,0.24929960452977315,1.4915452114416938,0.6447232738907013,0.23838876161719896,1.3478298850426547,0.580894054487058,0.39109835626792866,1.208204175449918,0.7027628637896849,0.6077741324445607,1.1021579188970414,0.8494539626222501,0.5649771754072961,0.9327763828200767,0.7534905063107904,0.4408684722044609,0.9023423508181165,0.7423839624174597,0.4433361807049607,0.8776700278856905,0.7141738400107921,0.4450102430370608,0.8428282180748562,0.7628505173567484,0.0663947623845458,1.1882778588723233,0.6843757506829777,0.005548195933440966,0.9285471739065303,0.728761467954473,-0.008001761311983158,0.6969305188436377,0.6870561852672668,0.026587048669615483,0.6192125384607233,0.5753928597464828,0.013539304941905531,0.5964486878034606,0.5293645739744879,-0.007881293199701492,0.5576465361545032,0.6421774257099416,6.382978723404255
0.30202216830215994,0.7002955876125899,0.7081736765425917,0.29828864684105316,0.22691702566240965,0.7505096005638071,0.278272067037839,-0.19270494057895998,0.7816929466122673,0.27971656557926494,-0.20282489354033387,0.6064887409620444,0.3350960510669031,-0.20891591980988905,0.644338909682337,0.26547186404468837,-0.2522733573034909,0.8277346060391687,0.09429928109059044,0.6930354356218678,0.7178712016592635,0.09727229099453961,0.2368186637827526,0.7498985837917789,0.10554569287810261,-0.16268686222218487,0.7748742757396094,0.12308313426577647,-0.19339686669744988,0.609519395281301,0.06649703707971913,-0.19873006773410312,0.6499823783715968,0.11962711953572291,-0.22501549780537183,0.8239562322140799,0.22435276955811034,1.2453001818619145,0.7247503282152616,0.24958935957822131,1.4917515595970083,0.6455900148094251,0.24052537633183724,1.3477091679441748,0.5857337850634374,0.3936061206906811,1.209854753991368,0.7059911927812714,0.6103538304667282,1.1068392563797176,0.8464414504701313,0.58573207456534,0.9361972128302074,0.7597164047920961,0.46920706448238414,0.887956826418592,0.7638841977934867,0.4784230758756495,0.869060715155196,0.7441304451128049,0.4842665266829992,0.8359332163288068,0.7989118007921896,0.06794230672655975,1.188146582315816,0.6825022361280467,0.006388599909101586,0.9269783102384439,0.7290630442638493,-0.005775434341969734,0.6964770346383289,0.6891438459600687,0.030167253386051886,0.6186371607774868,0.581011134816935,0.014871148695614973,0.5971854276072257,0.5319394573743332,-0.0035257511145410283,0.5573826276299606,0.6453007582977224,6.404255319148936
0.30582091967904124,0.6992166568152653,0.7129700530476841,0.2996162839927998,0.22527692593889614,0.7522556752769834,0.27796506224873396,-0.19242779638762966,0.7800234692123297,0.28055339090976994,-0.2023504823641943,0.6070176338132695,0.3354371776184109,-0.21079153407897316,0.6496885601918095,0.265040165422551,-0.2513326825585147,0.8261072797797274,0.09609388239961476,0.6924341413188846,0.7198931343991084,0.09770791620900166,0.23643678759661693,0.7504030560308403,0.10562294605901881,-0.16236381113737458,0.7748908201937043,0.12311167726907955,-0.19400315906792742,0.6096465837295496,0.06650848822719055,-0.19860093497665138,0.6498252168181536,0.11933149142555842,-0.2249452301318941,0.8235629536854686,0.2256987551222376,1.2453019611910552,0.7246614761951544,0.24972971257959314,1.4917669891806278,0.6455741621053914,0.242603515143752,1.3474892547626443,0.5906924086026224,0.39578352046292264,1.2122807771754969,0.7104814924281975,0.6122898708446751,1.1101247059208406,0.8432247778581479,0.6064987467612346,0.9412327069442363,0.7597782221659013,0.5056021915213029,0.8707959467382997,0.7781357876260142,0.5225652057069653,0.85695741765814,0.7716688934698102,0.5343109036687435,0.8282020485562025,0.8234700245699957,0.06848700906514697,1.187875864035016,0.6819663387170045,0.006998875701490171,0.9253652099273151,0.7293674820788869,-0.0036274804894667724,0.6963837125401977,0.6891478267080253,0.03501013561447984,0.6174854014853751,0.5866666173738136,0.016886066006759893,0.5971954844565558,0.5345992050532777,0.001597532370616034,0.5576559529562853,0.6448039084314661,6.425531914893617
0.3098030533142908,0.6980029371790514,0.7175594106500776,0.3009921238877173,0.22374249399172277,0.7537683020811007,0.2777930526414955,-0.19197481999636642,0.7783299982453107,0.281291974936446,-0.20202057964797396,0.6067741875002087,0.3358263924940854,-0.21218856957147816,0.6541749179341106,0.26467852028532196,-0.2505017833453668,0.8247253671697912,0.09808746046829205,0.69192683553023,0.7215958380688416,0.09831362872347546,0.2361701451922309,0.7506464143510134,0.10573786051776066,-0.161940326826913,0.7748552212826214,0.12307307423084946,-0.19424506605926736,0.6097351700187181,0.06650579993932917,-0.1985692856816961,0.6497493040751388,0.11898285660121877,-0.22486174268425196,0.8230762476249198,0.22715490870024835,1.2454307006809655,0.7250446493341918,0.2497181878533174,1.4917712871698683,0.6451307944208114,0.24444578476223822,1.3473603710032058,0.5951191159301035,0.3980080850959985,1.2150864556805352,0.7156640275169892,0.6131450752869221,1.1122658278618052,0.8404204749005502,0.6272445759261922,0.9486176532470255,0.7539044773901828,0.5485274117915935,0.8550121486912823,0.7784470861125389,0.5724226525547116,0.8448900596639989,0.7869151069684062,0.5912315310855366,0.8229285387834573,0.8325542220133846,0.06855991598750232,1.1874893812340175,0.6837015532470805,0.008155155123687946,0.9239741103644336,0.73043567249319,-0.001276882455496199,0.6966944488816558,0.6874624535606519,0.040571934628035794,0.6155942661560078,0.5922821677323157,0.01958522351526195,0.5966275330081752,0.5370790439299145,0.007043985930649499,0.5582636780439079,0.6414094526133759,6.446808510638298
0.31386545211347855,0.6968746896567064,0.7214571053928276,0.3024352234091942,0.22243167413762305,0.7552332580076624,0.277717549885254,-0.19136485182651425,0.776707399249689,0.28202832827748614,-0.2020853951391029,0.6063697847281544,0.3360657859044106,-0.21302050903378833,0.6572272833274053,0.26440782061922985,-0.249817798999505,0.8236444453361025,0.1002343607433603,0.6915765816153847,0.7227662772250703,0.09907218454387423,0.23603159870719656,0.7507391713726466,0.10584651842104759,-0.1614269842941594,0.7748527535321703,0.12300378084757317,-0.1942502829093871,0.6097671514879811,0.06649954487892085,-0.19860427569843617,0.6497393031412534,0.1185066133948013,-0.2247703134927705,0.8225038020770219,0.22889738815301103,1.2456616161160818,0.7252937051332595,0.24959116503060252,1.4919185056432822,0.6448823469043699,0.2460924861503384,1.347502247598592,0.5982032055585936,0.40024647783364675,1.217734765481203,0.7210071571974132,0.6126970167788031,1.113187990015852,0.8387307603568823,0.6472059749683909,0.9588643827639247,0.7419546063645333,0.594622039459284,0.8443506023596418,0.7628293986058019,0.6227647655812139,0.8370775811708426,0.7809928702369242,0.6493405189197772,0.8235294450358752,0.8254504591209799,0.06891935610181887,1.186842447056757,0.6880359940816563,0.010067419352795056,0.9232514056727379,0.7325271413241663,0.0011909669260210024,0.6974213700505307,0.684438319571194,0.046187870165948386,0.6132920628418742,0.5971687998353858,0.022575037692270636,0.5958758847098643,0.5392518497890642,0.01250381912111333,0.5590946195386419,0.6368224933802429,6.468085106382978
0.31800854182237587,0.6960133493581775,0.7243559825274901,0.30393842813677435,0.22137538478002525,0.7566873545950487,0.27771233106909193,-0.19064604552554523,0.7753519208195051,0.28272532267532996,-0.2025318905769359,0.6061348203299635,0.33598931319614883,-0.2135094948938986,0.6589849604033721,0.26422145165699107,-0.2492755130019158,0.8228425102703657,0.1025272270369107,0.6914412910448998,0.7232152019124294,0.0999384617699626,0.2357506712966779,0.7510046341824714,0.10591526548244667,-0.16074443095967322,0.7748695468067743,0.12296656620326071,-0.1941862047344323,0.6097606652718078,0.06652096071243782,-0.19864934021370087,0.6497667750959263,0.11788367454620419,-0.22462154803448156,0.8219189648732664,0.2308836412203817,1.2460669102010573,0.7252445744871012,0.2493737748533385,1.4920222384647597,0.6449776283621528,0.24747693685388372,1.3479334405841266,0.5993547913644375,0.4025442430850882,1.2195347926744327,0.7267046323969482,0.6108709778237496,1.1133391205496272,0.8382478213769053,0.6645059333235337,0.9717859126204779,0.7249915269448668,0.6387026383786489,0.8411570867684726,0.7339450336577733,0.6691336312190839,0.8364064337702966,0.7534393739630325,0.7021022303139717,0.8315683296795913,0.8008619230372223,0.06993795839846706,1.1858735153818731,0.6942035525257588,0.01230671486780039,0.9234203302190777,0.7351707017388851,0.003442175133998036,0.6985407598061293,0.6801233232837538,0.051332016158989316,0.6111932430240693,0.600388824113393,0.025399139551972455,0.5953306337572342,0.5412428783646325,0.0177745489258711,0.560358574732293,0.6317939449076102,6.48936170212766
0.32214320251958345,0.6953980419446543,0.726237257686128,0.3054437235124913,0.22048824126399222,0.7580716897855286,0.27775591352199963,-0.18989845955473425,0.7743494059103928,0.2832084574003577,-0.20304905523791106,0.6061353966719715,0.33566564574701585,-0.21360515767769617,0.6592867575704078,0.2641100648669273,-0.2488479154476003,0.8223055388651964,0.10497868027605042,0.6914994118216117,0.7229956597507248,0.10094462689175444,0.23512255946429167,0.7515282027993321,0.10594304260178972,-0.15985896356090973,0.774864434176479,0.12299264939994212,-0.1940984900742899,0.6097445868619639,0.06659692215319445,-0.19864952242163084,0.6498162810522407,0.11727765224915683,-0.22432610094399852,0.8213846938465308,0.23287417694453427,1.2466032886197365,0.7251574053520882,0.24924812638839555,1.491715138027484,0.6451152428325788,0.2484514449637127,1.3485550338577394,0.5988092581749389,0.4052323273786106,1.2201270716564034,0.7329128372105135,0.6078174970376863,1.1132722224992724,0.8384497589621829,0.6773465026334025,0.9866647104878792,0.7068775379894321,0.675003961046029,0.8478912702258067,0.6965144334439404,0.7076689529626461,0.845369985995167,0.709424901822059,0.7428968576186131,0.8470663609601372,0.7587807088233745,0.07159476674179607,1.1847166062338859,0.7010432050211937,0.014439347736216468,0.9242885755078172,0.7378855070013658,0.005477645199466103,0.7000347390267235,0.6744136806727585,0.05568930361168005,0.6096546497932535,0.6015946742123071,0.02797463029781344,0.5951419836728713,0.543152213800745,0.022497059158916373,0.5620559228248528,0.6262698610819732,6.51063829787234
0.32601256135175555,0.6948754698930609,0.7273051052986592,0.306939235242034,0.21967369501863,0.7593180014954938,0.2778225115812941,-0.18925875898469272,0.7736884212665192,0.28338107334373974,-0.20323912206999944,0.6064869930893282,0.335233937126779,-0.213117036632595,0.6578312964953704,0.26406627928212806,-0.248483782443847,0.8220337087241998,0.10761301592430293,0.6917001657081361,0.7222886616427817,0.10224040161209551,0.2342249450123762,0.7520784744662917,0.10597875316715522,-0.15887503106911804,0.7748075164337455,0.12306364549081539,-0.19394262406260224,0.609729427974182,0.06672935765297147,-0.19857939746490996,0.6498950776966902,0.11685063189277181,-0.22388141281629437,0.8208914352669158,0.2345575731043553,1.247122897613703,0.7252036727140614,0.24958273575465884,1.4909133972746476,0.6450745641223714,0.24918655794215416,1.3492728192666925,0.5975211102387833,0.4083752568893394,1.2197353642492066,0.7389533507522209,0.6042151707827998,1.1112680054163635,0.8394372381102148,0.6849410316290603,1.0030863071897929,0.6917554405533137,0.6985227380210421,0.8681958312915697,0.6560438908029456,0.7333895354251285,0.8678472914391425,0.6545951740390215,0.7668307404592243,0.8707931758014501,0.7055290390425298,0.07390991080437555,1.183544163335952,0.7079025437499259,0.016472921415073227,0.9253864738694794,0.7408411347962489,0.00789215439276284,0.70192397279524,0.6671821962574955,0.05924206062978368,0.6087771415584343,0.6005414654496206,0.030715366232123932,0.595423293168887,0.5441961052617553,0.026315543380114808,0.5639170360632977,0.6203447029487749,6.531914893617022
0.3294017555851621,0.6943911517466217,0.7277948561647617,0.3085601338623925,0.21890371621479712,0.760380285630583,0.27793240518464013,-0.1888902286401652,0.7733681402458091,0.2833461190730826,-0.2029702418467662,0.6071670103578343,0.3347559789847655,-0.21224796718972713,0.6551851897827439,0.264088165305902,-0.2481793276969797,0.8220316642162336,0.11045133597484641,0.6920810179762595,0.7211058923121888,0.10395107454838451,0.23327273396874693,0.7524184056601004,0.10607552504707249,-0.15798429993451468,0.7747254882045512,0.12314952010263638,-0.19370856171380832,0.6096899876180657,0.06690079354136765,-0.19844647989281924,0.6500013944813376,0.11654172495558347,-0.22342756875432548,0.8204664108815485,0.23581685333652153,1.2475106342586266,0.7252713298678296,0.25064608282281464,1.4899055194238187,0.6449151337785299,0.25019258790874566,1.3500359472074361,0.5962751787145916,0.41145794206083713,1.2186073560752788,0.7438945865873842,0.6010239384298272,1.1031353938628696,0.8419576714636594,0.6868345272075707,1.0211624847700616,0.6805436552900834,0.7057419022473648,0.9050982534245553,0.6188484506500348,0.7409573859246097,0.9072525520553474,0.5964426228193692,0.7719807458711343,0.9048479517815733,0.6523532018287224,0.07690116906952268,1.1824487018163414,0.7145652309365573,0.018816597215317084,0.9262518129180959,0.7445534471371755,0.011174018191503796,0.7041873588538556,0.6585594555147809,0.062398842216777314,0.6087866684008779,0.5964623260814391,0.03425407915434091,0.5965592249734311,0.5425382470777644,0.029305440788205506,0.5658130742728334,0.6144662569648375,6.553191489361702
0.332333118716635,0.693985306402604,0.7276592226429455,0.31044968424891833,0.21819299788614088,0.7612427215805844,0.2781541389667229,-0.18889580893901722,0.7733994682255607,0.28325121100588174,-0.20223366717003888,0.6076777503703283,0.334286760764939,-0.21151463944461116,0.6527417961172411,0.26417444414720603,-0.24804223300116013,0.8222607446854365,0.11349979294154126,0.6927345802838785,0.7192943361471855,0.10602054150668537,0.23241527931043673,0.7524843984171529,0.10624884187579031,-0.15740054046009927,0.7747525056366578,0.12323433373246148,-0.19343129357715078,0.6096262157596805,0.06709232568320293,-0.19826374006627312,0.6501022335424339,0.11628017259422158,-0.22318045785483873,0.8201992198864332,0.23690387712707245,1.2476978958109475,0.7252709767773267,0.2523594358759226,1.4889671625861418,0.6447801746898515,0.25184942842864855,1.3507247153155488,0.5953561601089866,0.4138821827279989,1.2166938632084414,0.7474133111829562,0.5988045523209341,1.0861914174294107,0.845368499547734,0.6822267513498715,1.0408181038051771,0.6714116813224329,0.6965042642077828,0.9580394959173422,0.5911602514266603,0.7292783232252258,0.962752866373956,0.5451981734319655,0.7599861204667174,0.9504964232041205,0.6075640605122727,0.08026215662676593,1.1814272784462259,0.7206877205352329,0.021806641634603163,0.9265915174901637,0.7490121031220721,0.014999740614378504,0.7065969860302649,0.6494007282656131,0.06589407896861683,0.6099664076282015,0.5888194493754489,0.03898510974182183,0.59893659507981,0.5368496399718788,0.0318735627338642,0.5676818040658542,0.6092810249141483,6.574468085106383
0.3349799511444139,0.6935756354536755,0.726575466864958,0.3125737189256675,0.2175531262788221,0.7619035661468576,0.27851811669744786,-0.1892715413177944,0.7737741168577509,0.2830461262384188,-0.20092684347266052,0.6072753353462089,0.3338398932200508,-0.21126267152874736,0.6514716622713818,0.2643171042857564,-0.24823113295193763,0.8226378090892775,0.1167799181748255,0.6936268914989637,0.7168791459616802,0.10827050567173382,0.23169660641787326,0.7523209786771017,0.10648449982860272,-0.15727729972178928,0.7750447610415127,0.12331192280590919,-0.1932279020817717,0.6097458494739421,0.06727523990610831,-0.19806709425423863,0.6501946009304087,0.116196988454872,-0.223328780996003,0.8201097182003881,0.23819236473490302,1.2477229148249616,0.7254294213196166,0.2543874526033736,1.488142773530807,0.6446167164189778,0.25412810057846474,1.3510970196718055,0.5950217275435492,0.4155461007145922,1.2140267357261862,0.7497634876821688,0.5974439038887389,1.0620040542896902,0.8467578422654936,0.6708169429187234,1.0613201419220608,0.6628798581020465,0.6753141482226195,1.0219608215765423,0.5765598238897762,0.7044517990938935,1.0287408053145461,0.5101638537995474,0.7361179287602163,1.006050286175734,0.5723990166685625,0.08349885073283023,1.180481101595254,0.7257670933829066,0.02529571546744646,0.9262992051321678,0.7535436355386456,0.01875366515476608,0.7087880235725932,0.6409898399291671,0.07030934142001896,0.6122786067243327,0.5782073062729268,0.044903537601302876,0.6024334070312148,0.5276538171681189,0.0342381188116647,0.569456423243881,0.6050234074102867,6.595744680851064
0.3374689912618133,0.6930585125319803,0.7243452260390402,0.314784373110996,0.21699730979609086,0.7623486179004739,0.2789694005960293,-0.1899279542565906,0.7744754361935099,0.2824893780677935,-0.19906679907091507,0.6056457346955318,0.33331918550883755,-0.2114607326009236,0.6512778350871264,0.2645259641972463,-0.2488240839522621,0.8232076874519828,0.1203339604651965,0.6945959057351887,0.7140991515787765,0.11058035080384798,0.23109408244236937,0.752001366273837,0.10677043112844778,-0.15758548801201583,0.775558717388069,0.12337613073656009,-0.19331420040303487,0.6103783668362861,0.06737932147269032,-0.19796986069111455,0.6504144747437289,0.11641857426415074,-0.22391031410718462,0.8201211068814755,0.23983312156196962,1.247717043945137,0.7259776047273581,0.2564463026875026,1.48741779513336,0.6441764934599702,0.2567430220128625,1.3509886548159167,0.5956273255405133,0.4167327162853428,1.2107495719997599,0.7512717724375739,0.5963072062550597,1.034768727874986,0.8426110970361251,0.6539349187022578,1.0814075048127556,0.6553259226600416,0.6485100458102455,1.089299878976393,0.5739017868984713,0.6756823921052408,1.0980459955730661,0.4961555314487949,0.7068651510794246,1.0669482064145883,0.5444155627093425,0.08635195682725141,1.1797992927382195,0.7295280012219538,0.028817202390118445,0.9254230080073961,0.7575550145045904,0.022409337592442492,0.7105459790457281,0.6340755609217001,0.07565918823654083,0.6153553614267412,0.5660785694593279,0.051847405082356614,0.6065018778849365,0.5165018103859315,0.03626521874432603,0.571241577731193,0.6012464484588479,6.617021276595745
0.3398268938263242,0.6925559510054236,0.7212871516707189,0.3169585522507576,0.2165544966049313,0.7625356696142803,0.27939833299603756,-0.1906854065842441,0.7755077382185869,0.28143437381198133,-0.19686409829248175,0.6030186760325181,0.3327023361679504,-0.21176089202551945,0.6513595878170056,0.26484640323861386,-0.2497306551955596,0.8242037908239053,0.12416006061204658,0.6955452903251091,0.7110883963854744,0.11291861640800929,0.23055925613757453,0.7515595596242314,0.10711428781020167,-0.15814429882825987,0.7760414742917658,0.12341925456478955,-0.19365463994669269,0.6112383214861263,0.06734576278925289,-0.19806390721776,0.6509033234179481,0.1169304793696836,-0.224791103274896,0.8201799073896053,0.24184708557367474,1.2477415312364797,0.726893369776661,0.2584640870563199,1.4869702316423794,0.6435774833456479,0.25941233122317753,1.350488272906439,0.5973480558008117,0.41760218605571264,1.2068290389840155,0.7520084811636756,0.5945255481652446,1.0086773556345492,0.8305793415736127,0.6344013305210257,1.100111031983314,0.6496063085065669,0.6202168847140718,1.152545174232203,0.5787943221667616,0.6487579303295326,1.1646774714296573,0.5013919638867472,0.6768215602262612,1.127822806010008,0.5235817159096954,0.0888940004765606,1.179690949888055,0.7321848291710222,0.032148655882062026,0.9241688380337754,0.76100117661724,0.026313563085620804,0.7118855437485574,0.628622702439118,0.08150865356143375,0.6188012313915752,0.5539000960510603,0.059586712715515425,0.6106741475459705,0.5048844503562987,0.03783160447462516,0.5731208397133645,0.5977231376933538,6.638297872340425
0.34205962938199985,0.692225294784104,0.7181651766803784,0.31903757155608314,0.21623076960770032,0.7624824168377485,0.2797134709920722,-0.19132923040734534,0.7768975099811442,0.2799699015191619,-0.19453955970918105,0.5995819992529161,0.3321306958253007,-0.2117861806048961,0.650973074985531,0.2653091423361963,-0.25074609341945503,0.8257424128623807,0.1281677417065571,0.6964904926028959,0.7078120183819274,0.11528102704703866,0.23006105364753168,0.7509261486267497,0.1075067128229629,-0.15879685156643258,0.7762813763260811,0.1234528520340352,-0.19363822311463627,0.6111215305811183,0.06727983091004477,-0.19817106487581612,0.6513568774153699,0.11767079092652286,-0.2258057340862046,0.820289736658162,0.24444850191983447,1.2477548162739287,0.7282451368232148,0.2604468764530588,1.487123328017514,0.6436904720267411,0.262021545834639,1.3497602799112205,0.5999919135085525,0.4180338905589284,1.2022317723130156,0.7519591476167454,0.5914654885607168,0.9869159399406724,0.809996213034059,0.6151900174687329,1.1176298277063164,0.6447805211169109,0.59219007902647,1.2057877506547159,0.5870922088828598,0.6247921624908146,1.224061908407661,0.5178116064640303,0.6490653287891568,1.184443488682957,0.5140902917836311,0.09124933704329735,1.1802645630058946,0.7342716589378194,0.035572246336103404,0.9229057284914426,0.7639248616432361,0.030396549816348515,0.7128478018535609,0.6245188941277352,0.08733235248036844,0.6222599643710272,0.5428665532596834,0.06761446113405484,0.6146578774721153,0.49463889837144037,0.039174255623889376,0.5749427741700337,0.5949528637440733,6.659574468085107
0.34416893291109507,0.6919774154495981,0.7155388519553667,0.3210451191031013,0.21595983148489312,0.7623881846606081,0.2799109610068907,-0.19173798678298432,0.7786033543988725,0.2782511781217607,-0.19232857481941626,0.5954165732372773,0.33163767782348913,-0.2115297990596959,0.6500751726558912,0.26587869728633057,-0.2517049701180161,0.827599636277303,0.13219965521672344,0.6974562054812585,0.7042329336438645,0.11769306510005556,0.2296008758410433,0.749985030042383,0.1078934899762598,-0.15948075234018866,0.7762163772719032,0.12352407052449593,-0.19271509806164416,0.6091986585602518,0.06742295075546798,-0.1979124276574659,0.6510766858631016,0.11854274282646368,-0.22686270645688691,0.8203982618217672,0.2479222420797638,1.2477136565793971,0.7302060360424265,0.26230091171774833,1.4878872676540527,0.6453742751063702,0.26446552534403467,1.3488034075912494,0.6028988655804217,0.4180395691749035,1.1971965745800472,0.7516206738714453,0.5871068559543922,0.971814400412416,0.7821177605029785,0.5981183524467456,1.134700034400862,0.6383444863779502,0.56586737735987,1.2455346359640325,0.5965762639590706,0.6034872985759452,1.2723516097230072,0.5372035478844622,0.6263847830836443,1.2335811355519863,0.519063783048613,0.09338434918220985,1.1813514866523538,0.7360380437987039,0.039379451447838595,0.921949829966374,0.766136499489432,0.034118878316925345,0.7133865827026389,0.6219702814888719,0.09270268549327129,0.6253478678224677,0.5340451103545685,0.07519887317010168,0.6179789573163823,0.48810419171570507,0.04073933143790364,0.5764959217047222,0.5934499451149391,6.680851063829787
0.34608151940696363,0.6916551918730265,0.7132857694984647,0.323056642600398,0.21566597028624165,0.7624930249621014,0.28005386373011293,-0.19188194788667073,0.7804189205825864,0.27640592631389066,-0.1904859129871326,0.5909600823493824,0.3311462755262943,-0.21126534281795117,0.6491380232422103,0.26648816988309326,-0.2525865531443087,0.8294751537228471,0.13608324912060588,0.6984316113477228,0.7003947855400953,0.12015306766754495,0.2292058785507949,0.7487685299177275,0.10824549729541887,-0.16017955779738835,0.7758611766763558,0.12364876928474809,-0.19117917449386262,0.6060070452399037,0.06789301367187053,-0.19713080036229333,0.6497282524236955,0.11946051394043912,-0.22793117118902362,0.8204071002117029,0.25205103824276515,1.2476191893171542,0.732692240741428,0.2639406788477335,1.4887246775299987,0.648565847041043,0.2663791060702163,1.347562714385302,0.6052517972865689,0.4180457435979149,1.1921995306058921,0.751830379420126,0.5819703960812006,0.9649190656067106,0.7498579254391887,0.5839540570784131,1.1510550246301088,0.629369116962088,0.5427623030000216,1.2709557948300751,0.6061939932973953,0.5850367105454377,1.3064875379895349,0.5566588245625432,0.6091675031838446,1.2718897697737475,0.535226188738719,0.0952961802782065,1.1826517367658942,0.737401276289126,0.043410775970334395,0.9213893358566826,0.7677072162250442,0.03707794753867873,0.7134660224962255,0.6211400039990597,0.09723597867048249,0.6278397680526419,0.5283347440062334,0.08168848743067564,0.6199891961833336,0.48695035625755834,0.04281652930067746,0.5776309711799559,0.5932820856856187,6.702127659574468
0.34769066728990144,0.6912600101062918,0.7110059899939463,0.32508392500394956,0.21537686542422863,0.7628202697696357,0.2802092807574551,-0.19179403700880826,0.7820984102552128,0.2746333176787516,-0.18912142169522783,0.5870169714064273,0.33069900144501285,-0.21116782377861257,0.6486155463235196,0.26710260247246714,-0.25349370629673057,0.8313082748434957,0.13969383662108115,0.6993561469313869,0.6965302221768654,0.12255925374163978,0.2289032096490601,0.7475344419411717,0.10861531119591519,-0.1608971644250426,0.775266132657219,0.12370895459241604,-0.1895558995716879,0.6023343691947585,0.06860845283655173,-0.1959823108415721,0.6475832897115998,0.12044870404389782,-0.2290229881990221,0.8203210861728321,0.2560268145126807,1.2475011539494292,0.7353276787509813,0.2656924926882932,1.4891344945742173,0.6527398270141933,0.26751053895217136,1.3462046293954266,0.6065771034699279,0.41853637237785735,1.1877624373423161,0.7526360802000652,0.576876646800345,0.966155202844011,0.7166222442089739,0.5732386216371984,1.1651339339706972,0.6199503023288829,0.523129235571222,1.2839507595670128,0.6150050119400596,0.5682600228530812,1.3257164229460672,0.5756992288964549,0.5938632519017937,1.2963990614100163,0.5550767083025628,0.09732209461669605,1.1838331262784612,0.7387142908834756,0.047473266810863377,0.9212506237129133,0.7688173711102148,0.03949268185472235,0.7131876942998034,0.6216728269573335,0.10060423902237975,0.6299064955849174,0.5259043384724766,0.08671301939693521,0.6205197428025214,0.4908053564654786,0.045599866140345745,0.5783780967674231,0.5941106176496938,6.723404255319149
0.3490039258351293,0.6907893216570576,0.708731517634501,0.32702596428040975,0.215194011979773,0.7632287295450895,0.28043089723884707,-0.19159230469216065,0.7835704943702544,0.27320544971096394,-0.18822570874064354,0.5842802745645647,0.3303265809386747,-0.21129621698014836,0.6486634572206519,0.26771996945326954,-0.2545229179333181,0.8331870454424194,0.14299440775230576,0.7001136230796265,0.6931093856781108,0.12475268460879053,0.22865084524012783,0.7465974680523263,0.1090841042471673,-0.16166022356902207,0.7745007929702563,0.12351981192138958,-0.18774675957917958,0.5981916873011833,0.06946316379764723,-0.1946343694772127,0.645022047678874,0.12157929277919532,-0.23020077357318386,0.8202431864475924,0.2592626108389876,1.2473921389418479,0.7376331960624922,0.268350575223607,1.4892737598090564,0.6578470015579098,0.26841161691691223,1.3451450977475878,0.6064733535896043,0.4196575864237255,1.1840938385290245,0.7531406110903208,0.5727831786516115,0.9728366475886197,0.6859147868734516,0.5661428318595861,1.1755489955624185,0.6126450993540151,0.5054098342829811,1.288884542321312,0.6225991099048374,0.5495997949900578,1.3329455323343156,0.5928843555593167,0.5764252706276243,1.3067721833425912,0.5728239241502626,0.09993589104714737,1.1846750243313109,0.7408429378449345,0.05182586335687288,0.9215533365779494,0.7691642402149995,0.04209316954809608,0.7128020568557959,0.6227169981832985,0.1028067971660514,0.632041928315984,0.5256419885280148,0.09041372425730054,0.6202659689090472,0.49708958859691754,0.04937892854100455,0.5791429099609633,0.5950460580410603,6.74468085106383
0.35013388463269157,0.6900965151252756,0.7069708555276132,0.328752132980873,0.21513488169290537,0.7636207775177635,0.2807466740201135,-0.1913952225940106,0.7848957189060772,0.2722929983218269,-0.18775521844078324,0.5828253014365237,0.33006615409002027,-0.2115579770907723,0.6489085860494664,0.2683399159040561,-0.2556772029170695,0.8351347197692253,0.14601554534876915,0.7006238766982474,0.6904856526886745,0.12657608899056022,0.2283358206028468,0.7461504464202937,0.10969746143502854,-0.16249644211432712,0.7736248653360126,0.1230640258407876,-0.18546696047423653,0.593521984455125,0.07040149197282902,-0.19315550280352664,0.6422928149745808,0.1228455377453661,-0.2315180248597389,0.8202235662687655,0.2619665730447072,1.2472881361006565,0.7393905262991951,0.2724259710661794,1.489667008381274,0.6642021967671128,0.27029233225667243,1.3447460789752483,0.6043294282602255,0.421249271193628,1.1808767064051229,0.7526098327804019,0.5703845703836052,0.9810111035419324,0.6610303302263894,0.5619211975873986,1.1825082456697664,0.6074540948262084,0.48816140132265695,1.2906130489548222,0.62934766474802,0.5265915995080185,1.3328900048175938,0.6068486856132074,0.5562560090348452,1.305888173579649,0.5859755845724564,0.10322707723063507,1.185107883291857,0.7440438792578858,0.05681771405693667,0.9221642623152383,0.7684011718571222,0.04540285264184331,0.7125339795680149,0.6236121759601606,0.10419288195709996,0.6345966818864041,0.525981728451925,0.0934116768975729,0.6201573567411617,0.5029754202672241,0.0542935590473734,0.5804273815257527,0.5949329832904697,6.76595744680851
0.3511488152693225,0.6891090143806022,0.7061900725811664,0.33018674207315435,0.21505433742468463,0.7639774167980324,0.2811500128884398,-0.19124646500150272,0.7860897835477862,0.2718597535211648,-0.18755754301184419,0.5821022911776045,0.33016849514919444,-0.2115136735547469,0.6485811705037894,0.26895465362077536,-0.25690399356585797,0.8370949002694866,0.14879413312995968,0.7009222324344176,0.6885616115733466,0.1279304008563007,0.22792198075114198,0.7461511818629245,0.11043560025775812,-0.16337720926719163,0.7726586955791829,0.12257827225216654,-0.18291534946023513,0.5889508342429579,0.07134130619548701,-0.19166467940340093,0.639668797138644,0.12413865368297443,-0.23290020230530667,0.8201941317226678,0.2646455630687119,1.2471419276919402,0.7408973866254869,0.27747837014874577,1.4905969645382917,0.6715617763499745,0.274058457119865,1.3449591766019593,0.6001782846312793,0.4230507047711821,1.1777558248444682,0.7510289577851694,0.5696085319609796,0.9883470468313699,0.6433615849232093,0.5593531504639296,1.187359556055849,0.6024921745312337,0.47197198632273146,1.2918295389517862,0.6349092962971528,0.5006660463472019,1.3288543672568323,0.6166209346652762,0.5352726238812726,1.297480388493054,0.5927461931271676,0.10682493650630318,1.1850936120982651,0.7473985243029612,0.06223662545272478,0.9229080980018292,0.7666179822953201,0.049320151424773195,0.712427043175504,0.6243342560104155,0.10507621394631925,0.6373862000504222,0.5263797607653198,0.09617903438316644,0.6204738988243224,0.5075860360601436,0.06003180295411711,0.5823510319412596,0.5931061770488958,6.787234042553192
0.3520476921851047,0.6880042897434389,0.7064145720485706,0.3313353284228323,0.21479052486920397,0.7643090386014318,0.2816325469342544,-0.19117379315925012,0.7870962138043259,0.2717220269198431,-0.18749075281057945,0.581604834393609,0.3307893242038059,-0.2106775289539941,0.6471599601055522,0.269550340403183,-0.258150399059715,0.8389983289403944,0.15132458734411042,0.7010786226772341,0.6870033085769943,0.12881167423125095,0.2275110324042962,0.7463199991968299,0.11121968096657514,-0.1641910790667015,0.7715898513819258,0.12237374250282029,-0.1806745962582122,0.58549015694732,0.07213082898769961,-0.19040522780937127,0.6375296522793861,0.12534328069231443,-0.23418005447139467,0.8200687701369138,0.2674336215870277,1.2469472918991498,0.7423038842870467,0.28257038794559697,1.4919569462374085,0.6786841527534588,0.27975282398536383,1.3454069450875392,0.5950822614441871,0.4248227576018805,1.1749312722306542,0.7487446866703117,0.5697088174531396,0.9944484452470851,0.631935231562037,0.5577761260051145,1.1910327805670697,0.5972820171357798,0.45861810821426496,1.2927840464759863,0.6382025131350322,0.4756194061321739,1.322773079807054,0.6223790025958393,0.5151094030075545,1.2848443046513698,0.5911225198712475,0.11027363671789495,1.1846532097758868,0.7498192118743059,0.0672696024915889,0.9236937637797096,0.7640966304678256,0.05354815893521098,0.7124206355884197,0.6251058244608773,0.1055700604569917,0.6398902507368827,0.5273545311768468,0.0986791176616083,0.6208798355982729,0.5115147985730666,0.06591211839894,0.5847446730468696,0.5896294897178851,6.808510638297872
0.3528302839173604,0.6870292669303592,0.7073205242463776,0.33226211640302467,0.21434342534051784,0.7646355230455552,0.2822113877352887,-0.1912247623745621,0.7878583866495845,0.27168569665953674,-0.1875803174822035,0.5813782298670385,0.3317207820264433,-0.20898366908930716,0.6447564967104716,0.2701060608935053,-0.2593688866865234,0.8407770799710479,0.15355330090532932,0.7011062929517246,0.685557838231827,0.12930185502272956,0.22717958195787463,0.7463881046605356,0.11196924005567878,-0.16483378301751864,0.7704299833177374,0.1225967043315947,-0.17923600486068317,0.5836906208030236,0.07260745292635101,-0.18963143484705436,0.6362559120109076,0.12644868335544684,-0.23530604515151093,0.8199054005278302,0.27010556634215976,1.2468045156911627,0.7427704242695781,0.2871738039025594,1.4934089753990776,0.6841639444333306,0.2869483497153116,1.3458435146183383,0.5900678923287537,0.42634916076481766,1.1728905277115362,0.7460985439070884,0.5699061415800952,0.9992052270365352,0.6251108444239326,0.5573056442811368,1.1936126231072206,0.59346436006919,0.44947251561513085,1.2929600743833611,0.6397992910475416,0.4555082493885486,1.3169005463437027,0.6266668661367747,0.49731140276018,1.2720841194349037,0.5808965217746451,0.11334967548860261,1.183952572428262,0.7509800305400771,0.07108591664639653,0.9243617385806557,0.7611048201220714,0.05792687459797874,0.7124705785467502,0.6259880199376462,0.10585181247024003,0.6417713652999075,0.5292920344684224,0.10075202800978553,0.6211639570342168,0.5149486446095775,0.07126177799037473,0.5874585147865465,0.5849988236876481,6.829787234042553
0.3535272000733955,0.6863222971315422,0.7085628227261682,0.3330030844921785,0.21381930969213891,0.7649571991357471,0.282878584309361,-0.1913546187913719,0.7883748051027888,0.27170112955268516,-0.18782054355688507,0.5815664498631756,0.3327310538257677,-0.20669312825676392,0.6418361006182765,0.27059403271295457,-0.2604993305738123,0.8423416403111659,0.15541342883635478,0.7010159495575785,0.6841500019821447,0.1295771795994247,0.22688236107944487,0.7463226294840487,0.1126418463843731,-0.1653042889804522,0.7692200968367772,0.12310330225863353,-0.17849266680598927,0.5829427891205227,0.07273826769199301,-0.18938204513600168,0.6359324641249446,0.12752160248650543,-0.23640261899259762,0.8198994406672564,0.2725703839716194,1.2468342088415592,0.7412435860057003,0.2911862957350626,1.4946486092791091,0.6876187151393562,0.29517063600730187,1.346258244509772,0.5857407325046478,0.42741743871858867,1.1719304602356784,0.7433705280540348,0.5698175345963037,1.0025229507949092,0.6214773943053863,0.5580949807504405,1.1954487881900153,0.5924102852075972,0.4453930588729863,1.292558903910194,0.6414946684607252,0.4438632825264989,1.3135770141294112,0.6308319302520311,0.4849761569754787,1.264166061743917,0.565986279741982,0.1159854476669884,1.1832600100901955,0.7509762935821386,0.07342392658551501,0.9247004328351296,0.7578935080422008,0.06214123862775783,0.7125493425818461,0.6268975781271082,0.1062715894380026,0.6430966251338746,0.5317761121772324,0.10238063452996522,0.62154510219604,0.51749433572175,0.07579650329159561,0.5902959794768083,0.5799139079965702,6.851063829787234
0.35421724609772715,0.6859171211566181,0.7098632800143236,0.33353759095732677,0.21327339207141377,0.7652954300148209,0.28355244997382906,-0.19136576582243173,0.7886923994567815,0.27181962531446446,-0.18806876081721685,0.5818721963417077,0.3337659384317443,-0.2040945814417486,0.6387984398882374,0.2709903417333616,-0.26148323635172405,0.8436096737138402,0.15690712881050028,0.7009002843465832,0.6828369069017153,0.1298175461879064,0.2265723427238251,0.746234314542366,0.11323976362821613,-0.1656371224517783,0.7679225673387527,0.12358894768078885,-0.17776230029448137,0.582082965143382,0.07269953739034149,-0.18937061080560946,0.6361012537204702,0.12857465188540462,-0.2375643311283813,0.820087754303301,0.2751601705267227,1.2470680145561266,0.7377693831605808,0.29442859812278693,1.4955296164974208,0.6896205336284285,0.3038698677037393,1.3465417344858186,0.5831893434414912,0.42790853113876615,1.17224370139752,0.7409329362769329,0.5694083092542762,1.0046494944896125,0.6195470294946198,0.5598538108498929,1.197965731046407,0.5935723267895314,0.4471707953352604,1.2932731481527147,0.6425096914082131,0.44277804923635244,1.314463630014087,0.6319049390750797,0.4820285473420199,1.2647029059516528,0.5535447367279317,0.11802254218655066,1.1828288070845012,0.7498244786800747,0.07463893130299079,0.9246720570651596,0.7547725240609984,0.06558424624571112,0.7126051133831482,0.6277180605728923,0.1070245114280689,0.6440412704825028,0.5340629946793674,0.10360109562968503,0.6222005970121566,0.5192557416769387,0.07961335135145124,0.5929263756752661,0.5751814043989338,6.872340425531915
0.35498514641133205,0.6857158607171236,0.7109993791120776,0.3338620417843892,0.21267670895205618,0.7657589323764467,0.2841788732561359,-0.19108372867093512,0.7888149666154166,0.2719908739380583,-0.18824958591728616,0.5819426830139998,0.3347404248221051,-0.20147691459600275,0.6359288563066157,0.2713179243995425,-0.26235683690693967,0.8446737094779184,0.1581583709400481,0.7008686066405806,0.681622867332571,0.13004357359824747,0.22630779308432675,0.7461917575674664,0.1138014463370659,-0.16579791886603215,0.7663978111202586,0.12385875668369023,-0.17669177476045642,0.5809324109718838,0.07269577731415297,-0.1892724361487658,0.6361600022173245,0.12951236244786052,-0.2386933761756915,0.8202064149752123,0.27809298033907304,1.247494523588841,0.7331530212336718,0.29673406884205544,1.4958851325651672,0.6905640773120592,0.31244150697324113,1.3464243711462864,0.5839563325616428,0.42791373198437843,1.1739435435213732,0.7393307796506442,0.5687479140340405,1.0056860305075324,0.6182906609502243,0.562262243172412,1.2027497352702372,0.5942695429454786,0.45518068683116686,1.297549198460717,0.6387898150203022,0.4522849780851258,1.3204196629451035,0.6264957041680671,0.4903558835679882,1.27461768733686,0.5483315047894387,0.11930404040069847,1.182704834614851,0.747784559352896,0.07518598746970526,0.9243693139608422,0.7522981182257054,0.06772452433319515,0.7125801178785438,0.6283649682361891,0.10798534426857345,0.644603598969869,0.5358011301919585,0.10457581532847746,0.62286052197281,0.5209633665896038,0.08283261979124483,0.5949947017981926,0.571560544097577,6.893617021276596
0.35581993672349205,0.6855625702024821,0.7119021555569597,0.33400782409404245,0.21204347353570246,0.7663864765284711,0.28481309842111896,-0.1904956789940265,0.7886679988274821,0.2720811459929327,-0.1883359961657124,0.5817753085245436,0.3355422438359537,-0.19920321406096353,0.6335838596420406,0.2716640371709799,-0.2632856923518279,0.8458631211164186,0.15928934941125236,0.7009216090701206,0.6804447628835512,0.13014876263069822,0.22619757695595535,0.7461949078222012,0.11433440492986349,-0.16573767359689956,0.7646435213175986,0.12383977549053346,-0.1756388371410395,0.5802477001670799,0.07273849090818461,-0.18906941947821043,0.6359962606028884,0.13022380547339077,-0.2395972500399004,0.8200552117834088,0.28083117785158795,1.248114777955628,0.7280376811496754,0.2983337834010056,1.4955312578237834,0.6903127518519491,0.3203633872019109,1.3458094831133702,0.588677616829522,0.42766066630818883,1.176741363866465,0.738860042221392,0.5678966506525998,1.0055177733372154,0.6176507273205507,0.5655294246106124,1.2098185399989492,0.5911011809384328,0.4682459497548415,1.3060944044283815,0.6273440699685696,0.4701347630916147,1.3306590318057627,0.6149576839174116,0.5077221892899662,1.2920414636180062,0.5494584910112784,0.1199327206470169,1.1826614420135815,0.7457514417857769,0.07528548288285997,0.9238433182297977,0.7510731728246869,0.06850574469637427,0.712516162366811,0.6288132476965989,0.10901069222368387,0.6447833063069941,0.5372734542774702,0.10554444907729207,0.6231365993413936,0.5231672101960645,0.08549225952774794,0.596235115606713,0.5695429805498241,6.914893617021277
0.35664690349546935,0.6854571841965298,0.7125656894887593,0.33403541911927365,0.2115624788746185,0.7669821395387184,0.2854889458570916,-0.18972139990736384,0.7882561995908383,0.27205239266889053,-0.1881725575669461,0.5815052524675768,0.3361065139595578,-0.19762628046129332,0.6321612742286529,0.2720801388398206,-0.2643615572107785,0.8473628651301532,0.16027992066308527,0.7010292881468309,0.6792880706798966,0.1300283733104201,0.22625520341624542,0.7462353480376491,0.11476660251589209,-0.16547864453700678,0.7629353513379905,0.12342023823442502,-0.17477391064796016,0.5801984784370688,0.0727492679625566,-0.18890947029756422,0.6358365507109736,0.13066726582185842,-0.2400809111551407,0.8196395632576449,0.2825244410065524,1.2488074424205304,0.7228636476708297,0.2999142881243073,1.4945787384892886,0.6890736108106934,0.3273959007035197,1.3449470221047566,0.5963975107315376,0.4273229848666291,1.179861042021272,0.7389957610478197,0.56710208417978,1.0045061664653199,0.6176747585456885,0.5699835172434023,1.2171597759616395,0.5833939098947969,0.4830676491358592,1.3165064777866775,0.610400985375092,0.49137513735054383,1.3423265373328805,0.6009446300787483,0.5287347003560328,1.3125091293756503,0.55448519449238,0.12014779604862476,1.1825090743494795,0.7445753943679456,0.07514471793434839,0.9231660685924253,0.7510110839708082,0.06844202329769769,0.7125776756703008,0.6290969870184697,0.1102022090375901,0.6447109690098701,0.539298495490288,0.10652236819713437,0.6230303588506622,0.5257899908384537,0.08771794286096941,0.5966596837205553,0.5692228243492656,6.9361702127659575
0.35749012323818546,0.6856010173252762,0.7127470412027259,0.3340359928527825,0.211414203802761,0.7673007420866802,0.2861255769532173,-0.18895750028801384,0.7878009285722163,0.27197317228335266,-0.1875598877526554,0.5812264801983562,0.3363219058384892,-0.1968798607813173,0.6317383075605223,0.272495393424519,-0.26543372677669286,0.8489000466921452,0.16107801512541553,0.7012841074076143,0.678063883655218,0.12961412386050658,0.2262968961394718,0.7463524033287277,0.11501086310809581,-0.16506387925798888,0.7615668242015721,0.12253675834323215,-0.17377013601208932,0.5801651290452438,0.07274393410685642,-0.18881238319146992,0.635763607325671,0.13084045523669144,-0.2399590669875354,0.8188580009041112,0.2828216318082673,1.2492527080753912,0.7181470890650261,0.302238554319288,1.493454895506476,0.6877683231001985,0.3336747077432355,1.3442240956119142,0.6051694148066371,0.4269798917060943,1.1824079146063848,0.7388590522285681,0.5668979606240327,1.0034235077505849,0.6181684063567541,0.5750934483509049,1.2222107403903812,0.5745269607689832,0.49550550315583164,1.3251528423632342,0.5941791399315263,0.5098329733278597,1.3523128974810634,0.5893322157610383,0.5478693699442418,1.3310121413506282,0.5622507935090729,0.12003691754943574,1.1823739679089413,0.7440695083139932,0.0749619739581063,0.9224788233798684,0.7515021507710138,0.06828828047315823,0.712888912641853,0.6293191233571709,0.11176042152585322,0.6443956797483821,0.5428858918152132,0.10740944597243562,0.6227982035538541,0.528479133752735,0.08963883966606954,0.5965765527883476,0.5702994795018267,6.957446808510638
0.3584607031923352,0.6861825597486187,0.7120598709998869,0.33407946909609065,0.2114782351967017,0.7673043672581021,0.28662893884999957,-0.18835155306479173,0.7875492405109429,0.2718843650942917,-0.1864567088614231,0.5809811409727134,0.3362209223482901,-0.19678456350065812,0.6318417336055088,0.27279959616389887,-0.2662759026798447,0.8500741171938613,0.16173861725557812,0.7018006310141859,0.6766014019536728,0.1289182492388265,0.2260482575698565,0.746621344441806,0.11503558565714997,-0.16449340642466884,0.7606174693228053,0.12139746582316915,-0.1726094236497306,0.5798193343166292,0.0727785833278693,-0.18871064991866482,0.6357264203800762,0.13077421630012023,-0.23924939814022872,0.8176531207311389,0.28192375968232175,1.2491674139539644,0.7145848414747586,0.3055143351950984,1.4925843216330177,0.6871646919908377,0.3393488466093947,1.3438443307990016,0.6131032326181046,0.4267397995455972,1.183839532048054,0.7384116342441702,0.5677300033119099,1.0026311477206085,0.6192700456703792,0.5794793244579642,1.2235794762548986,0.5687266237292516,0.5026980672698147,1.3294411627816876,0.5837552057615399,0.5211773532429878,1.3585911530760988,0.5835045260092948,0.5610389842624518,1.3439138727646982,0.5703406931777593,0.11962479079766622,1.1824601284498315,0.7432453647110175,0.07460887075910687,0.9218692897270433,0.7526077293152235,0.06853773410931113,0.7133846163939732,0.6296433021010377,0.11377929679575999,0.6435802547750399,0.548633103731975,0.10837419181110439,0.6224262712404047,0.5311601011077332,0.09129437249790465,0.5962602010850264,0.5720178211073321,6.97872340425532
0.3595317065958234,0.6871044301352562,0.7105147792646889,0.33417850900650403,0.21151251212881192,0.7670834798510539,0.28697146264111884,-0.1879107783370916,0.7875081246152447,0.27177045226408525,-0.18514022877805308,0.5807561520128145,0.336096416579195,-0.19702848896822855,0.6318767313801403,0.27294991351724884,-0.2667852975701381,0.8507347385286504,0.16234394569199478,0.7025446390623388,0.6748815556202852,0.12810522454926057,0.22543594116258628,0.7470030355664664,0.11486770334490758,-0.16379711882605394,0.7600429396085053,0.12042603629316165,-0.17175778322609717,0.5794164931981742,0.07284871867562051,-0.1886078954639396,0.6357102547530039,0.13059071162911262,-0.23826318059039162,0.8163402588785541,0.28021681445098484,1.2484966661481138,0.7127362135636328,0.30933938467901,1.4922026262096895,0.6870299302872047,0.3441947888403101,1.3437233928043772,0.6191921528334888,0.4267855651831207,1.1841638127726477,0.7384818160563269,0.5696021745099304,1.002035680921577,0.6211264967253631,0.582048168858566,1.2211750119268554,0.5678978303562873,0.5037307213605923,1.3280408698621906,0.5808962798928939,0.5236641837514078,1.3594026276933617,0.5841513880420622,0.5655885267027315,1.34835404899138,0.5747124695475989,0.11903806177340459,1.1827437496712665,0.7413967926357589,0.0738014611939482,0.9213137649210325,0.7549517766114436,0.06926991059499582,0.7138406651410678,0.63022890303893,0.11642484502948366,0.6419538428397938,0.5563531738792933,0.10986738969042709,0.6216023755991885,0.5340110468789835,0.09277965369509546,0.5958404216055927,0.573299174757524,7.0
0.36048771520189976,0.6880171738985853,0.7086699592113742,0.33428754551702355,0.21153978206552096,0.7665744771864489,0.2871571287470371,-0.18758675269634975,0.7875399201303412,0.271648992868407,-0.184169810016586,0.5805564557387589,0.3361313547697803,-0.1974380375049619,0.6316941458155171,0.27297250820023045,-0.2669715489123292,0.8508965335447148,0.16291610430866632,0.7033940938249839,0.6730501444305611,0.12748039523728122,0.22470430605712793,0.7472633409266263,0.11457462669925908,-0.16312865401981758,0.7598229574872336,0.11995691742896766,-0.17159678058293892,0.5792416235833603,0.07291190663293802,-0.18856404743468022,0.6357155096069323,0.13040583838781736,-0.23736093931593585,0.8152908725618667,0.27809950231082975,1.2473601710278137,0.7123890896362208,0.31336167775536267,1.4923013556086064,0.6863026254501519,0.34779961863120523,1.3436897996725359,0.6231175663968115,0.4272190745526672,1.1837678695940037,0.73965218430039,0.572129275728154,1.0016246240770637,0.6232495349595568,0.5828419147643984,1.2153859046999507,0.5716474800003398,0.49897292888174843,1.3206126221686454,0.5860218237892798,0.5173962425978179,1.3532808027680503,0.5911164022087085,0.5610812699175338,1.3425749037696915,0.5733600761368527,0.1183972166870251,1.1830898604510196,0.7386594297728525,0.07253352728583626,0.9207021349950549,0.758497085693739,0.07032700827490604,0.714127087633268,0.6310045161980096,0.12007633194650845,0.6393461991047603,0.5653942986625428,0.1123175162036759,0.6203375750020039,0.5370866864658302,0.09432748508353239,0.5956429807688711,0.573210396860642,7.0212765957446805
0.36116337587750075,0.6886817733040875,0.7071940108553523,0.33439247720341325,0.21177094204813537,0.7655953100851401,0.28718671939870055,-0.18736842234754084,0.7875826163056201,0.2715877277098983,-0.18398723380424034,0.58042107909668,0.3362473989320671,-0.19801341643707246,0.6314650725393754,0.2729202653849409,-0.26692860890773856,0.8505840012105155,0.16341751431204576,0.7042671497474915,0.6713310014741256,0.1272902641549564,0.22417046526316492,0.7471950329535952,0.11421855140846139,-0.16269628280349852,0.7600039436534729,0.12001799285407355,-0.17215778832127734,0.5792933306486558,0.07294345463787195,-0.18859854211084204,0.635720128577918,0.13011996172816245,-0.23675967208651924,0.8145979949235442,0.2760088780405543,1.2459990268780659,0.7127163180006832,0.3175111558049923,1.4926131947159678,0.6840409088016358,0.3500372957509949,1.3436712755249218,0.6245548866568773,0.42794706672261407,1.1830898959198188,0.7417536421177593,0.5747310145970641,1.0014770939191937,0.6248361087846359,0.5826697949619953,1.2069838668614747,0.5787383314143724,0.4896655454239386,1.3079679738155081,0.5987731859300214,0.5044132772861833,1.340252555949239,0.6037185959082629,0.5501778234229627,1.3272271022843412,0.5690260854697498,0.11779608683882839,1.1834383356258336,0.7356524264397768,0.07095857095691578,0.9200508847876482,0.7627680130210368,0.07150030186377102,0.7144245136564399,0.631483929817196,0.12496824560853508,0.6358455418398086,0.5751126708542018,0.11576261823952809,0.6193680982375367,0.5402155402062612,0.09630230328170229,0.5964121182425356,0.571458185907977,7.042553191489362
0.36159583957832825,0.6891182046877056,0.7063992813706953,0.3346022171825062,0.21225432063751873,0.764164702511598,0.2870851711516386,-0.18727377333234155,0.7876466173872999,0.2716460677323069,-0.18458172720193755,0.5803565918324081,0.33634425142747887,-0.19875064223935623,0.631285683261154,0.2728123565145012,-0.26681159523279524,0.8498842134247181,0.1637791059310803,0.7051589588616058,0.6699039069349957,0.12746683308464007,0.22397264001825573,0.7468309181963884,0.11381448935173748,-0.16262553611602013,0.7606800451466413,0.120349929529754,-0.17312022541625718,0.5794411070137223,0.07295243199677591,-0.1886728557277977,0.6357233811680286,0.12954170676152515,-0.23650534970009657,0.8141831645427214,0.27438395123643294,1.2446758657461239,0.7131596213238984,0.3215320375201286,1.4928385222995293,0.6801693506629328,0.3511494163512971,1.3436113042838391,0.6236158673176503,0.42878714128589096,1.1824200976524526,0.7442747966978814,0.5767350989681462,1.0014567396225402,0.6257378424459596,0.5822139957917762,1.197510641682971,0.5882524358845751,0.4779180235702054,1.2921898282660542,0.6164576026401063,0.48809142843694725,1.321998934832797,0.6190342304991042,0.537339795090207,1.304287128774262,0.5672196182131208,0.11738986413980543,1.1837820973364614,0.7329045826693849,0.06902575293178237,0.9197459484276336,0.7679548500369634,0.07261231345163259,0.7150066930544893,0.6312666001384624,0.13065034187266736,0.6323947795423381,0.5843295693456998,0.11966514285668028,0.6197822192897191,0.5429709805873403,0.09898783174551437,0.59903705870054,0.5687445171838674,7.0638297872340425
0.36189209930552824,0.6893605850059562,0.7061575270727849,0.3350236257209731,0.21285459062062034,0.7624956359218634,0.28692001124869454,-0.18731050950817832,0.7877044018904589,0.2718254776059713,-0.18563754195904666,0.5803275599310058,0.33639208600008796,-0.1995440721294924,0.6311136299473434,0.27259429847819444,-0.26667617555002693,0.8489686100817626,0.1640070980344012,0.706102064168008,0.6686691137998192,0.12771424480315346,0.22409766860091904,0.7462982802351064,0.11335153988780591,-0.16290428667281578,0.7618942538890349,0.1206559069877362,-0.17394171433360256,0.5796693135042615,0.07295675616791535,-0.1887429414385676,0.6357554258995025,0.1287079125958096,-0.23646271708206615,0.8139007051882058,0.27345091770984364,1.243566668201813,0.7134948938465122,0.32495052734319596,1.4929106522416484,0.6754039240936932,0.3515011206702652,1.3433898990036734,0.6216755987194985,0.4296267849303319,1.1818278897478347,0.7468231103305929,0.57740882568238,1.0009033424295675,0.6272706476997969,0.5818222748109856,1.1887347958790249,0.5992603161644536,0.46660957043568807,1.2762771303420724,0.6349494860798298,0.4720782795208717,1.3012963541060374,0.6329628931221545,0.5261956619371693,1.276505304276842,0.570452247153171,0.11725700405658976,1.1841004862471851,0.7307380272316628,0.06662054084550889,0.9203230031969835,0.7745781482743139,0.07345490506416595,0.7161126174180475,0.6306627097118878,0.1358462389405567,0.6313441245489612,0.5905492939698093,0.12318423119890332,0.6223961917234387,0.5447119293309483,0.102230991494867,0.6041967340796522,0.5661124180598629,7.085106382978723
0.36205634939729836,0.6893445752220501,0.7062011942078674,0.33561396772306257,0.21350986447422332,0.7607423871257794,0.28671250559160366,-0.18743721405272074,0.7876363921174621,0.2720277384829361,-0.18679470360799982,0.5802173429136572,0.3363729069728255,-0.20026786167418775,0.6308810469878615,0.27220350448185016,-0.2663802556630093,0.8479363425838191,0.16417629386596808,0.7070127701752407,0.667521922975076,0.12785885436235367,0.2244684167619232,0.7455840342242358,0.11282468946884985,-0.1633786375494306,0.7634705300302815,0.1208379431932086,-0.17428102147643004,0.5800233141188096,0.07294605478692524,-0.18880214329892278,0.6358113793414937,0.12777403095366618,-0.23639443399337803,0.8135778613854846,0.2730763116122069,1.2428136557521177,0.7133251685939348,0.3276304059722779,1.4929451415497206,0.6706392956797071,0.3514788709652011,1.342936767705314,0.6204892175585277,0.4304724048716415,1.1811927317630584,0.7491938588058997,0.5760569152709464,0.9986157473393262,0.6317729944184143,0.5818986696591432,1.181288895481002,0.6092678373978548,0.45866046288063844,1.2629263428191553,0.6512342344463401,0.46033016192307286,1.2815975697218784,0.6424092751464887,0.5190355308926351,1.2488791080369408,0.5765012917911669,0.11724066844299125,1.184341062413501,0.7294006380709681,0.06394311703327603,0.9221895972623523,0.7823788693979568,0.07377404216440518,0.7183742388451895,0.6302254341307058,0.13916652586758027,0.6354485086666086,0.5912425496117875,0.1256522745117534,0.6274878845486315,0.5450856829832699,0.10545494515384318,0.6121821571804902,0.5636324477879961,7.1063829787234045
0.3620040737195083,0.6891160854690167,0.7064301118810181,0.33619084818312506,0.2142995545005465,0.7589406956775735,0.2863530821523951,-0.18756730732027938,0.7873869071446752,0.27208748792971515,-0.18770294420230263,0.5798746312023201,0.3362862576938451,-0.20087581978291127,0.6305860487811815,0.2716715978757231,-0.2657715691713529,0.8467751969639989,0.16422830300654154,0.7076412792761365,0.6669686639531409,0.12795512602597453,0.22495806203708,0.7445499979805674,0.11223836919333645,-0.16383397933011962,0.765046710413798,0.120931490597282,-0.17421945651744394,0.5804056039095644,0.0728919916605553,-0.18887304709768452,0.6358420106087216,0.12673626644849334,-0.23615400833445815,0.8131257571961568,0.2729760651330463,1.2424537866541745,0.7122906697169964,0.32975001035429685,1.493018978332384,0.6663426167881613,0.35138263882932125,1.342316935475771,0.6204667324400569,0.43129948315513844,1.1803432543526426,0.751172040253625,0.5723082328479658,0.9935114549548574,0.6408769353849308,0.5829515136043973,1.174114061800673,0.6150135595521409,0.4558177321554962,1.2535315332863526,0.6627620337450938,0.4566421855642059,1.2661521231193533,0.6458506115037629,0.5179073886995755,1.227015151590507,0.5832655528572857,0.11704271339618218,1.1844553002358373,0.7289261100188833,0.06139928677280815,0.9255157842908238,0.7903439732053154,0.07350289230275642,0.7227919446514144,0.6299609748540529,0.14003663518590964,0.6458741950753883,0.5861504924879564,0.12670927106505703,0.6350378176773552,0.5443846341276347,0.1079850454412635,0.6227306765307103,0.5606813540922961,7.127659574468085
0.36165555165400837,0.68885465019189,0.7070541601052585,0.33652501040699584,0.21526022358623254,0.7570849027039954,0.28570946751416426,-0.1876767453687847,0.7872602090451839,0.2719590336126858,-0.18818411725124568,0.5794443548375183,0.33616761552122126,-0.20135215466035822,0.6303065769530009,0.27109819069262464,-0.2648544805171478,0.8454772300266644,0.16396893281479852,0.7078103552120413,0.667799295985146,0.12810968603216918,0.22545853825553253,0.743159517544236,0.11159815267765306,-0.164130314638043,0.766412571193898,0.12093269278258471,-0.17396448484364074,0.5805549337097725,0.07279399757118024,-0.18895990440072707,0.6358078828129061,0.12552698301759532,-0.23577348390858224,0.812615728823075,0.2728873635891436,1.2422526092927437,0.7104404999845314,0.331275221298931,1.49304069262341,0.6625089713297121,0.3513192892158761,1.3416612758230948,0.6207739469877779,0.43181119348826985,1.1791346989441098,0.7524476736298569,0.566417554157044,0.9851680829411126,0.6543934522864094,0.585103234759041,1.165441163377412,0.6156296404257613,0.45831199500429165,1.248337330777936,0.6660416413428984,0.46273662116041675,1.2566979439512984,0.6438363283451488,0.5239066231613241,1.213462272322032,0.5909614466446662,0.11635977394627205,1.1844710994800691,0.7288615978050147,0.05911871604413338,0.929876719524832,0.7975033906058668,0.07291319787833443,0.7298274484043867,0.6295410898054983,0.13866714758405088,0.6614681245574097,0.5775847341065181,0.1261945159005654,0.6450809860132368,0.5430169689172551,0.10930965894371766,0.635035475934825,0.5572734538317734,7.148936170212766
0.3609513743809844,0.6886039993209196,0.7084624876763392,0.3365024279480542,0.21625421410649825,0.7552001271894776,0.28478804910693456,-0.18786673402463777,0.7877213709586157,0.27185217083771834,-0.1883471816392295,0.5793968653898582,0.3360559492277886,-0.2015833118820912,0.6301091633197525,0.27053701952721604,-0.26369997152404656,0.8440263368436397,0.16330665294949437,0.7075731373067244,0.6701224488806373,0.12838410400082884,0.22589486316603158,0.7416283860338828,0.11089917052063031,-0.1642539934267116,0.767648879905196,0.12081894716718541,-0.1736572200251284,0.5802378399403244,0.07268054704392965,-0.18903265598566177,0.635690916221944,0.12414804236797669,-0.2353298656387088,0.8121920222978846,0.27243530004831845,1.241909398636504,0.708012807467991,0.331919942487663,1.4928322701749344,0.659112990731169,0.3513191138013603,1.3410670331840295,0.6208831079280697,0.43160294434030466,1.177600905608014,0.7528666058997795,0.5592542057462413,0.9738057479882998,0.6708764310734221,0.5877523776811836,1.154133463577832,0.6128061074067904,0.4659151402195398,1.2467284677549106,0.658548876883765,0.47754983981020915,1.2530470450317261,0.6376924311886808,0.5359655568114085,1.2074798989919642,0.5983752832649011,0.1150066413741822,1.1845099510258736,0.7285742662026696,0.056868178988143725,0.9342882706068292,0.80337116899337,0.07240519187608627,0.7387323041108182,0.6288360590507203,0.13548540208501192,0.6798749057265883,0.568207864698886,0.12435972282324637,0.6574343917036398,0.5405268471784004,0.1093549210947701,0.6478374838672051,0.5539578580525011,7.170212765957447
0.35984603349408756,0.6881993601681173,0.7108288726517322,0.3361878548313693,0.2170829637289134,0.7533555708779666,0.28371959676163405,-0.18819758071948134,0.7887472402879608,0.27208472289661384,-0.18840426082797548,0.5801004709930888,0.3359689919999005,-0.2013896020878256,0.6298801877341634,0.26997106548913835,-0.2623761950274818,0.842379068134638,0.16230926063062126,0.70703867569178,0.6734425603686982,0.12877503804797216,0.22615518771209556,0.7403545014175382,0.11015938384568012,-0.16432709557667924,0.7688673869711143,0.1206778770096574,-0.173513357730745,0.5796962733284814,0.07257680009092558,-0.18906641113715028,0.6354956629664796,0.12263313624913562,-0.23483522583879787,0.8119108471276254,0.27132292688036797,1.2413925287462586,0.7051533225423844,0.3314811905796492,1.4923697677856789,0.6562478965601508,0.3514074253837588,1.3405943858847653,0.6209924548723396,0.4307063444246153,1.176195645460124,0.7526956024477116,0.55203766346054,0.9602958833011707,0.6885777678630765,0.5900274803017282,1.1397603474962226,0.6075807332992265,0.4788679741642098,1.24687228435845,0.6407964309372505,0.49891819491229183,1.2530589340692873,0.6262667019484818,0.5518407498710964,1.2060608568556879,0.600779758205058,0.11307020832585649,1.1846590559833579,0.7278863967559317,0.05455446748040071,0.9378979390135325,0.8078144782348072,0.07233039640213043,0.7477760825790879,0.6276049785779392,0.13126837962436355,0.6988827081565476,0.5585445229439507,0.12220319590668118,0.6710934694518441,0.535408588472644,0.10868619373221095,0.6594811202584039,0.5506949471620206,7.191489361702128
0.35833458232585197,0.6874731978851876,0.7140145165412806,0.3357001975524506,0.21768067974944738,0.7516159544113943,0.28264275629942726,-0.1885357263604805,0.789807804439518,0.2728762714223364,-0.18869894064609932,0.581807907057832,0.3359115341762594,-0.20071640122733922,0.6293968417281878,0.2693717707021735,-0.2609908472948712,0.8405367534989399,0.16103218828909394,0.7062017184248716,0.6774985932538502,0.12913375438725674,0.22614150603801472,0.7397677989252768,0.1094677437660419,-0.16456519805929337,0.7700587633878988,0.12068666189005975,-0.1738036034303974,0.579719977585899,0.07249219122386646,-0.18906728376513246,0.6352622018985259,0.12108264505989495,-0.23430761882579054,0.8117716805581232,0.26976953869026354,1.2408344760309855,0.7020114543481657,0.3300333158026819,1.4918464010253372,0.6538718898009657,0.35150160799324015,1.3403167304769017,0.62114321746244,0.42965536591071163,1.1756243813399119,0.7523136570704951,0.5456848480281451,0.9460243636646152,0.7054831330087876,0.5916599943013128,1.1217048371231837,0.5993077035948683,0.49748454892860206,1.2454882710686834,0.6152073970571597,0.5250056705385219,1.2523606930661995,0.6061323926882147,0.5697186646638039,1.204182859204083,0.5932460245521848,0.11083737727841472,1.1847995035068897,0.7270329100874969,0.05266851478563567,0.9402251052031201,0.810185348618117,0.07303941109464263,0.7551207391468828,0.6249898095905038,0.1276057083019627,0.7164859118167406,0.547521409220884,0.12122584799923608,0.6843151301156405,0.5264658029933321,0.10813887050086593,0.6683534897849253,0.5467728858750379,7.212765957446808
0.35645614213313254,0.6863912446717109,0.7178349270581743,0.3351103752574333,0.21811291023518944,0.7500220244155249,0.28163873478382434,-0.1887291655642229,0.7904971431563905,0.2742770430932019,-0.189647487697175,0.5848007000591842,0.3358621587793301,-0.19981191262723882,0.6289263645930409,0.2687359825460107,-0.2596474415183273,0.8385493279869726,0.15942098621911927,0.7050093586821818,0.682375304395546,0.12923744922587346,0.22584394634799154,0.7400780561350462,0.10892810042964254,-0.16509605940429775,0.7711912484455645,0.12094335870824514,-0.17467672470275836,0.5808765598634695,0.0724210694633473,-0.1890570860416386,0.635048335474154,0.11962751268125016,-0.23384212669738164,0.8118113383164108,0.2683973477763776,1.2402862931789904,0.6989917523777851,0.32786138386983776,1.491456722414405,0.6516350997721971,0.3514098589837189,1.3402872648234128,0.6208669776569297,0.4288916304194501,1.1762624412379687,0.7517438312061864,0.5396737161139256,0.9326516985074707,0.7192330589900156,0.5929988043633018,1.0994186743601186,0.5882042317564337,0.5213747154347894,1.238943128417446,0.5836029328327473,0.5540039507839416,1.2461170642751478,0.576269826344759,0.5882960342439392,1.1966990473036994,0.5751611912348953,0.10861285816797438,1.1846706755145875,0.7262034739500449,0.05206329720179638,0.9411314384221816,0.8085514631131023,0.07484140665778709,0.7597183365961284,0.61986835586246,0.1262489611413631,0.7302782132496929,0.5354319092786027,0.12256676438690957,0.6952579278200649,0.5143726876456015,0.10815788731660175,0.6735201551992276,0.5420073277377542,7.23404255319149
0.3542857514145715,0.6850212800992831,0.7222198052823254,0.33444127065221657,0.21842463841471202,0.7486188694919339,0.2807299049420948,-0.1888042905616558,0.790792699123292,0.27614006160699095,-0.191185930893447,0.5890540203715949,0.33581627837477773,-0.19916631724130754,0.6294549473094601,0.26808387064853095,-0.2583677490004569,0.8364732131394617,0.15744499291644876,0.7034818117215202,0.6880385214870576,0.12899410565866548,0.22529323634436377,0.7410942630069539,0.10856400753516426,-0.1658309430443871,0.7722632383217026,0.12140988381763392,-0.17609924105693597,0.5830538205036949,0.07236029590175477,-0.18905822572930867,0.6349125177150325,0.11829415330810722,-0.2335483504463035,0.8120241835732832,0.2676026953477276,1.2397672052233242,0.6968809338077595,0.3252385369564249,1.4912506281752742,0.6491336164371201,0.35102077996459635,1.3404362711123807,0.6197826097950397,0.4283747430208334,1.1777834375463851,0.7509526978260952,0.5320110928894931,0.9222820818172706,0.7281714965353412,0.5940272773662859,1.0734229042022323,0.5768626654441261,0.5492175673602939,1.2241397964944993,0.5475554935473071,0.5835706572668204,1.2309223125212465,0.5404510149560734,0.6061329401983975,1.1798501696730102,0.5497311763006192,0.10667005888405932,1.18413393736685,0.7254583101516195,0.05304679080471621,0.9409766247886225,0.8013677149444811,0.07791894920335495,0.7613694366487003,0.6116443556527602,0.1279962829609043,0.7378943484493434,0.5242368786826974,0.12618157944194255,0.7024459667218316,0.5011028939832783,0.10878271123720003,0.6749255170986572,0.5371652947344155,7.25531914893617
0.3519437794866505,0.6835022015582928,0.727176067229063,0.3337130396178965,0.2185769738372558,0.7475185591893506,0.27991621061682614,-0.18883315912628681,0.7907960815884909,0.27818960921718694,-0.192698594019662,0.5940844686259603,0.3359220329033056,-0.199162826799782,0.6317799241031687,0.2674416231532296,-0.2571282972192727,0.8343595479096358,0.15524740958246683,0.7017244033878245,0.6941601030605659,0.1284790948867462,0.2245491970124403,0.7423903911388542,0.10831551553180797,-0.16657271341118793,0.7732579936387646,0.12199944221793133,-0.17781117070140517,0.5858289198662889,0.07233950558518135,-0.1890851703769593,0.6349059618323023,0.11704638222617172,-0.2334731812632938,0.8123359467976815,0.26713942618574527,1.2393015693124996,0.6967698359342571,0.3223107227424763,1.4912098531993505,0.6466910326422227,0.3504539899634581,1.3406072218835041,0.6179985140863892,0.4278450829173487,1.179396177567101,0.7503709990386936,0.5211254555261641,0.9169311915510341,0.732621680343501,0.5938858987862599,1.0447033365265932,0.5681955317235656,0.5790213330248144,1.1974130329077592,0.5110816899780831,0.61098069821577,1.2032423201267075,0.5037803241069632,0.6213402037262592,1.1505545777723845,0.5192407248039321,0.10509384142846195,1.1832966023300193,0.7248468755503075,0.05481702165967421,0.9400252897248125,0.7901537557011618,0.08218227367473004,0.7601053160474087,0.6009259768701247,0.13287161458569677,0.7387934095690613,0.5137828951296665,0.1310502154409214,0.7052414809704327,0.4874077383407186,0.11010675175768894,0.6732831140730359,0.5322395902727144,7.276595744680851
0.34956334581044785,0.6820141500671113,0.7326339662480267,0.33295821157432676,0.2185332576084744,0.746875351875128,0.27923036761761016,-0.18880930936660034,0.7904585206999744,0.2801521349241518,-0.19372002675991293,0.5991939390848916,0.33635288202032304,-0.19993910953678734,0.6358369554457926,0.26682901101565365,-0.25593434499916534,0.8322683653653438,0.1529984276065265,0.6998398897854321,0.700339668927266,0.1278217237874042,0.2237618545483133,0.743542042139531,0.10809025199936129,-0.1671994914895823,0.7741386460855944,0.12263097779649618,-0.17942107735288476,0.588708149728211,0.07239308559407867,-0.1891338745101247,0.6350342224231259,0.11589602847381365,-0.23363924236540157,0.8127297974651732,0.2664625553318146,1.2388640000257745,0.6994802554393302,0.3191220259240837,1.4913459619798952,0.6456388371928077,0.3499413705288666,1.3407212102990524,0.6158572756877848,0.4272228693869198,1.1804752666056881,0.7507912712162892,0.5073215852453188,0.9169804602384477,0.7347740860061744,0.591463338164919,1.0138705229839238,0.5627627347733335,0.6082923944558591,1.1551343989197105,0.47975379988741257,0.6338921338784815,1.1597054683851902,0.4691293642077624,0.6321232401949858,1.107661715698131,0.48487988258445214,0.10358423704510886,1.1823662476580667,0.7243923701291964,0.05644784739906189,0.9379957304500481,0.777841765150703,0.08717682627960374,0.7563681314203967,0.5891031978217156,0.14076405515894647,0.7349936412215381,0.5000002826302467,0.13644135687006348,0.7042687659018694,0.4716162769375308,0.11241818812639268,0.6700995906669045,0.5247204921940354,7.297872340425532
0.3472153813451143,0.6806462230243655,0.7383236833813558,0.3321388258168322,0.21835544597281167,0.7466266736077989,0.2787369668235717,-0.1887544898198273,0.7895957766793549,0.2817770235574567,-0.19436362409345784,0.6036279573471496,0.33692866469541405,-0.20149930015762632,0.6410086574325554,0.2662584508326599,-0.2548264948037646,0.8302825897688905,0.15068531797501225,0.6978494529331966,0.7063724811807526,0.1271065022834442,0.22308264438682854,0.7443135661578751,0.10783379021028514,-0.16774274790189103,0.7748945181235867,0.12319688194364892,-0.18075186023275788,0.5911518768313783,0.07249847408021196,-0.18919528603066824,0.635244744480982,0.1148968403743123,-0.23409908469036558,0.8132939122585614,0.2652930459282731,1.2384219112695207,0.7048773159231545,0.31559958039617936,1.4916862636726513,0.6471964186986834,0.34947996634548395,1.3408071437863016,0.6136308400376083,0.42665070139016154,1.1809395796431816,0.7528788313027768,0.49225457878875356,0.9209815969671773,0.7371078701546525,0.5861602443333562,0.9816576002370986,0.5588123001065096,0.6337442612779448,1.0975143508121947,0.45603574538539215,0.6510686879613554,1.1012959047129793,0.43778085952091167,0.6383027001747721,1.0542719728050998,0.4514932131162608,0.1017061672266957,1.181420631811009,0.7241162687720017,0.05807822964926039,0.9349213071763709,0.7648516656093548,0.09273041893608537,0.751798331164914,0.5762549872875169,0.15117685196938524,0.7290352146895642,0.47899953500446824,0.14248267823136013,0.7008272342257973,0.4517806513164815,0.11625642974267397,0.6674350273798317,0.5102397402468124,7.319148936170213
0.34487549038194903,0.6793512881039653,0.743860880995742,0.3311041794967817,0.21818215930811516,0.7464095918729612,0.2784353792326973,-0.1887316143517707,0.7882112748324197,0.2828506913175737,-0.19500340190281346,0.6068175173574231,0.3371726758803095,-0.20365511229628533,0.646382838439206,0.2657410151570847,-0.2538409994778943,0.828466109546869,0.14818778318780734,0.6957495915132631,0.7122386696029077,0.12633239927093798,0.22250651454299913,0.7447705496945016,0.10757306158291505,-0.1682966294735449,0.775490947305212,0.1235412930497748,-0.18193484043736052,0.5929304301451983,0.07260136777184338,-0.1892680748890113,0.635479780533997,0.1140927963176433,-0.2348791073249593,0.8141086282592076,0.2634922662461568,1.2379245768866267,0.7120785217112202,0.311531667630905,1.4921291395963943,0.6512413761688074,0.34872107555085075,1.3408946316892323,0.6115450832226347,0.4261204675666733,1.1810102299811034,0.7567425929631131,0.4777880241344639,0.9270756121019548,0.7406177589986593,0.5782567228641767,0.9489409603609319,0.554533667586127,0.6518171569563511,1.0302071501593715,0.4371674212902269,0.6621385790624053,1.0339387000361033,0.41098872768894146,0.6411427812870816,0.995050253858891,0.42680261850694823,0.09934190734037222,1.1804744967073701,0.7240950410569835,0.0602441709020977,0.9314843218695541,0.7495807861810654,0.09947822673874557,0.7486022748828918,0.5607668692555334,0.16289852817753414,0.7221471788055223,0.45143373826112543,0.14936436204045594,0.6958371558811793,0.4287673318226316,0.12238340953545616,0.6669158614365855,0.4855386859262515,7.340425531914893
0.34248808379684226,0.6780923138927497,0.7488692182460575,0.3297078779586098,0.21811301337420136,0.746006651927061,0.278194372454567,-0.18872566129986196,0.7866477610557623,0.2833438328581518,-0.195849388058694,0.608694870518778,0.3368580780635969,-0.20598489385459215,0.6509615770400542,0.2653083101381336,-0.2529678523594421,0.8267707866961029,0.1454207515489732,0.6936318064252496,0.717898765235277,0.12544439182342312,0.22197191363378196,0.7450860285610175,0.1073711993119806,-0.16885955127076452,0.7757885164222965,0.12358962868032836,-0.18305294176215095,0.5942759276503526,0.07268230199547501,-0.18933318045835212,0.6356888603240264,0.11346007168735253,-0.2358679478030573,0.8150463944609799,0.2607714211823822,1.2373127819134335,0.7200710945359836,0.30679444932395994,1.492340016468316,0.656565551675362,0.3473763408571732,1.3409626263372567,0.6099676297588369,0.4251026769415267,1.1808327162793395,0.7619075745463151,0.46537974339276356,0.9337662765250194,0.7445591849524162,0.5687362340387265,0.9165632961557229,0.5493122224019128,0.6602439164775962,0.9617657572123964,0.4181416305167261,0.6667488569015894,0.9648424892224265,0.3891296492615348,0.6411374705604613,0.9330426131534707,0.4144727688385612,0.09667550223921867,1.1797191356745722,0.7242432544313446,0.0627170778374436,0.9281820558323173,0.7313836166724206,0.10819181028734796,0.7480015337671191,0.541896357390238,0.1747331574423598,0.7151633759292769,0.4218538046603712,0.15729048502106927,0.6903234318917292,0.4055992255817461,0.1314278351073367,0.6690038040200849,0.4515410446476388,7.361702127659575
0.34006604351481595,0.6768716431827722,0.7530203887403016,0.32793920794134873,0.21814767743590233,0.7456294964162962,0.2778640911230303,-0.18867699649785521,0.7852577310942883,0.28345709926527274,-0.19686166884680728,0.6094751265119294,0.3362676986806761,-0.2079245854220633,0.6540032886749603,0.2650177257748466,-0.2521629875263467,0.825085573238726,0.14235377468430677,0.6916416254867421,0.723200929380245,0.12441752873662437,0.22155244009335293,0.7453097088784055,0.10727249648653717,-0.16935542029832562,0.7756589707371225,0.12354058190214229,-0.18397598329439602,0.5955499611649214,0.07274950800332752,-0.18935496474983307,0.6358113520429365,0.11288842238780379,-0.23680029679452858,0.815752022485753,0.25704838430356947,1.2366364997083479,0.7278436569518791,0.3016107430607957,1.4920822151489765,0.6618805828541724,0.34554927572004446,1.3409739120011255,0.6093515201179361,0.422985118550698,1.1805496137226807,0.767509225435707,0.45595376633389945,0.9398799186090766,0.747948665558547,0.5586830012836634,0.8859735004232053,0.5430722413487862,0.6587506187062631,0.9002376385646984,0.39643281110261347,0.6645015658946626,0.9004427008249443,0.3707645895855011,0.6377954997917125,0.8718825039379817,0.4120105309270405,0.0939304895437223,1.1794021725821786,0.7241422125362833,0.06478371269262607,0.9251929249641909,0.7112888713216956,0.11922076471004564,0.7499604351669255,0.520587811697461,0.18679197696738137,0.7096688889837227,0.39535117711594775,0.1675914837602902,0.6867188032192048,0.38335148643032635,0.14392320253342608,0.6735432429813709,0.41281039040591294,7.382978723404255
0.33767255456225886,0.6756413188702787,0.75617508821167,0.32592027395966705,0.2182423163176531,0.745516880734447,0.2774411449165758,-0.1885896982773771,0.7841321150813494,0.28341867724276915,-0.19785878460379752,0.6093133435561303,0.3358566444708691,-0.2089351540309047,0.6550554864321297,0.26489113609396076,-0.25144681407059183,0.8234976938381446,0.13901974100473108,0.6898122986298441,0.7279486020006117,0.1232753844936334,0.2213854245214975,0.7454106584796916,0.10727201373792267,-0.16976695000114747,0.7751972184955994,0.12378685873360509,-0.18468531714098516,0.5971656054096377,0.07280084959418545,-0.1893320907812274,0.6358342771809932,0.1123066468113824,-0.2374397508384741,0.816021635087122,0.252775234077528,1.236043350604321,0.7343715316076733,0.29631664009412967,1.4916202401058718,0.6662505237101495,0.34350754662306154,1.3409247653008123,0.609722539528728,0.419927110154112,1.1804479343310754,0.7724132818152214,0.4500510725408291,0.9445635177063104,0.7506128387821049,0.5489970037204059,0.8589178029905064,0.5358583198568556,0.6487210801543741,0.8510024969954157,0.3738510479312304,0.6558733770332028,0.845982450111032,0.3539525570972625,0.6310227381643644,0.8169338675542075,0.4152815855549505,0.09132386814343058,1.1795116280043427,0.723266019147148,0.06613993212919471,0.9229517862662349,0.6910186155740858,0.13252268568041556,0.7538787143442108,0.49802085907004295,0.20029016566039143,0.7071955697229821,0.3753541642985282,0.18215735600388946,0.6875218734251435,0.36115703101162144,0.16021314498546807,0.6802801534235614,0.3748461598506136,7.404255319148936
0.3353413233989537,0.674383322867975,0.7584168919313108,0.3238224791410284,0.21835679091657437,0.745555155306833,0.2770159698264306,-0.18851247425537918,0.7832305913339357,0.283341621251087,-0.19867205872539376,0.6085548461324023,0.3358332370285141,-0.20883409605428044,0.6540619913204587,0.26485965945253487,-0.25093448768518134,0.8222888500381994,0.1355182855584224,0.6880860185360158,0.7319820808588388,0.1219965875805473,0.2214364355750273,0.745373208459263,0.10730143974388824,-0.17013924802428598,0.774734392323016,0.12456020295183923,-0.18542859842566106,0.5994838535689412,0.07281904300328715,-0.1893029349859321,0.6358143788680651,0.11181514024601283,-0.2377466542474534,0.816014794226372,0.2486228062561609,1.23566182296143,0.7388168918264653,0.29107403660072156,1.4913521988638403,0.669031730351876,0.3413923863858829,1.3408598136785077,0.6103250524504399,0.41677518014418447,1.1806559237810499,0.7756315067402983,0.44755871101223976,0.9472656933788373,0.75249574499584,0.54045979625851,0.836335350636566,0.5285646850210894,0.6327512639547359,0.8164064841368779,0.3535919874895525,0.6424010894534105,0.804668326450393,0.33785206027520176,0.6210061171064611,0.7723878338588047,0.42141334242970785,0.08906893602017052,1.1797422327601852,0.7212597345452542,0.06707212972603788,0.922033170529468,0.6721114917020365,0.14739985217867532,0.7591760004999291,0.47561110099592274,0.2155843397411869,0.7081061334585367,0.3638835651014106,0.2010826745947197,0.692428590622534,0.3412891011565345,0.17930571207435603,0.6880324224307607,0.34435450061892886,7.425531914893617
0.33310610932691165,0.6732169169290009,0.7598229398167338,0.32179737673838493,0.218418974441925,0.7455064081275944,0.27659318421010703,-0.188488328275944,0.7825469402506351,0.2832501425096752,-0.1991077244212019,0.607755046113054,0.3361308004523997,-0.2079676447221073,0.6517360376264955,0.26480716654761205,-0.25066897146935935,0.8215424266493512,0.13197781363476865,0.6865073160657478,0.7351835250972649,0.12048790126806014,0.22145797324178462,0.7451975837391478,0.10729521931965322,-0.17049206489667096,0.7745613072705673,0.1257723160450671,-0.18645030395185366,0.602370412349919,0.07278288351506251,-0.18928867921759082,0.6357927595816641,0.11159639565598904,-0.23778400691771184,0.8158767798499162,0.245115953297652,1.2355358717595846,0.7407459176160065,0.2860678612252955,1.4912434159079475,0.6697523670511223,0.3392579776601811,1.340837639187766,0.6100927157777596,0.41410443246083095,1.1808643844533124,0.7772467071957654,0.4470113690265378,0.9481255822136817,0.7532528993503613,0.5334909951224818,0.8189354872208007,0.5234006008494948,0.6137155875428136,0.7969562031342919,0.3370353563383196,0.625633399662767,0.7778966058177179,0.32369826026882376,0.6076558616442564,0.7402824351901425,0.4275340075678875,0.08734563014833287,1.1797504856641974,0.7180579959195907,0.06792508626714289,0.9227008241594765,0.6555130248048147,0.16255161636531923,0.766018994416038,0.4551121005783082,0.2314116992690482,0.7123687197229484,0.3618113670575596,0.22228700354570058,0.6996054041131329,0.3290394912599609,0.19880823963905297,0.6950424423892622,0.3287685766191289,7.446808510638298
0.33104186591397855,0.672343383057443,0.7604013194248984,0.3199314206786983,0.21835521360159404,0.7453492625558786,0.27610923204097226,-0.18853443564786665,0.7821101305945337,0.2831251245255477,-0.19896222038018646,0.6071804753772462,0.33668162222053244,-0.2068879813593235,0.6492852207512413,0.26466220984957045,-0.2505349072347075,0.8210984943735943,0.12852335260602657,0.6852212725806344,0.7374435122699744,0.11871336574034887,0.22129783376271314,0.7449046414447285,0.10725786440654204,-0.17081844549713238,0.7746843885133756,0.12720682755319762,-0.18779474081424608,0.6052639027028774,0.07269498088110024,-0.18925067291678088,0.6357577123109718,0.11170379205424535,-0.23768890324108213,0.8156460852181472,0.24242603347873828,1.2355621075027143,0.7403938971210193,0.28155419049029157,1.4910208026296845,0.6682528474077889,0.33710448429527134,1.3408833706107315,0.6084300393021456,0.41164794057338355,1.1806468392633815,0.7790023540580865,0.44619384940252743,0.9483570141578254,0.7534107777171708,0.5279957351158082,0.8083638882461279,0.5223703340729252,0.59388258091794,0.7914236837943829,0.325659403383942,0.6068445493329508,0.7656680106822975,0.31440799041871514,0.59115002263726,0.7220130999632017,0.42893205746839713,0.0862084457832478,1.179370292577501,0.7138186259823684,0.06859227471666898,0.9246827129982631,0.6419011755455784,0.17674255516557202,0.7755853600020923,0.4369853624917759,0.2467583030205058,0.7216458457653495,0.3661104848375417,0.2438987320683853,0.7098465386095507,0.32523739075945174,0.21739189473417408,0.7019489161489595,0.32958905292346796,7.468085106382978
0.32920025967472877,0.6718861504738742,0.7603081353963395,0.31825262031624624,0.21824768897736688,0.7452059165422312,0.2755693615556364,-0.18865021600322152,0.7819392676945517,0.28297566025561655,-0.19837155860719344,0.6067704719730398,0.3375727615046604,-0.20594019694049046,0.6474679415600667,0.26444132367692297,-0.250487964602041,0.8208964088878685,0.12526641243923897,0.6843023163166579,0.7386964349577521,0.1167951890741087,0.22114565323117377,0.7445128893718154,0.10721732478906071,-0.17115572399648582,0.7749340519730492,0.12868480344904454,-0.18928942984789787,0.6076189151136474,0.07260456718853554,-0.1891373145467374,0.6356935861664236,0.11199504748721395,-0.23776148459298482,0.8155858313583966,0.24019995099532693,1.2354868870440574,0.7390504160890505,0.2775274324185958,1.4906021983011775,0.6651369171419732,0.3348462856098747,1.3409799755680927,0.6053978271567306,0.4087435101078212,1.179910505750799,0.7832314587711593,0.4439965438864514,0.9492850259150974,0.7546714918587811,0.5236700436185172,0.8059291162779497,0.5253324471893417,0.5749055838234238,0.7954886345764619,0.322554400540331,0.5876589228621381,0.7651725778900743,0.31154651066431815,0.5727781540699445,0.7178366803623492,0.42110490029564374,0.08533427844609578,1.1786163802877219,0.7084989967835715,0.06868136285348828,0.9269735147664985,0.6321825757842439,0.18906768619962544,0.7889013392168053,0.42029229136903185,0.2624263850484681,0.7390909336503716,0.3686944830920846,0.26560215092867034,0.7264577070160808,0.3235112165068051,0.23599367230896467,0.7122120633951586,0.3391831607056235,7.48936170212766
0.32756243346479047,0.6717565741493132,0.759996676305431,0.3167479002825121,0.21837008908329023,0.7450531781292119,0.2750364249878975,-0.18887062694279266,0.7819939220169081,0.28286989515366656,-0.197915004241522,0.6064639165069311,0.3387697301213818,-0.20528564712519473,0.6463796693460723,0.26420909443691515,-0.25071929681491023,0.8210180806802516,0.1222836487857224,0.683718844365512,0.7390012861975206,0.11495695860567363,0.22135104793602775,0.7439460101985825,0.10716280859543385,-0.1715691595893828,0.7751791463731517,0.13003482184192505,-0.19062639890151406,0.6090205727987236,0.0725576130974947,-0.18903063206530063,0.6356225646959396,0.11230507226530997,-0.23819038280145907,0.8158882999688475,0.23792735836920678,1.2350957093831239,0.7384672019069083,0.27371300973364593,1.4901106281389367,0.6617409452175679,0.33243646772519336,1.3410982988662157,0.6013259434972835,0.4051153653182007,1.178847226708839,0.7909281647901669,0.4410858351459155,0.9512364426329014,0.7578188165936574,0.5202048393294123,0.8108939900012747,0.5305570201092724,0.5571915252350635,0.8036244444349945,0.3282710946201969,0.5695732804681843,0.7714419321404901,0.3134790631862884,0.5549142617064914,0.7255372861740407,0.4048516081985082,0.08411271149551988,1.1776079486777533,0.7016641949601593,0.06823927425597782,0.9284213112010209,0.6261215414298267,0.19913495569118494,0.8056087558483658,0.4047248330960102,0.279560091048949,0.7657427972060901,0.36252847704812463,0.28752175891268367,0.7510913999951386,0.3175208316179619,0.2555835665129828,0.7280529558073292,0.3487131163180375,7.51063829787234
0.32607559788496343,0.6717832007390547,0.7599898186752729,0.3153795187286177,0.2189575612110617,0.744646652132768,0.2745319966601182,-0.18921603930431607,0.7821329443866855,0.28286452263663087,-0.1981725412413097,0.60627278938028,0.339841424397086,-0.2049897727609775,0.6458799324785115,0.2640089896690141,-0.2514345220617007,0.8215244114717407,0.11957705597380683,0.6833919165242854,0.7385839307225052,0.11337005570094574,0.2221207520005764,0.7430516980077898,0.10705648324387207,-0.1720851134388042,0.775377674053695,0.13104816712851805,-0.19159229054246432,0.6093319188009969,0.07255106886047084,-0.1891642202921039,0.6356051659918562,0.11260343687796341,-0.23885167915600294,0.8163342953315899,0.23547525339743952,1.2344097686793287,0.7393659224577092,0.269901903706856,1.4896934251674736,0.6592535171444072,0.329865357009794,1.3412161670518672,0.596640637571251,0.4009427355438024,1.1776950388240783,0.8012856542409863,0.43906354390268404,0.9537513232293073,0.7608501660364222,0.5171624407582492,0.821057651890186,0.5359839923882745,0.5392093359062542,0.8131164318798777,0.3389500095219969,0.552757863059766,0.7810041876568307,0.317320371443982,0.5397737210488104,0.7412242473313408,0.386343744067136,0.08226476992054513,1.17649315299006,0.6935502286013508,0.06792161333469064,0.928607045146401,0.6211563413215632,0.20771594629957268,0.8241636015716707,0.3912596322723563,0.2974673479250578,0.7985432349012277,0.34832820097977,0.309060796236718,0.7815016388098657,0.3078282485584581,0.27574604352053766,0.7478675545442015,0.35522195309423454,7.531914893617022
0.32466136530654205,0.6719671985387848,0.760469863813346,0.3141787896942709,0.21996831758871163,0.743827626493338,0.2740321268343317,-0.1895897893475185,0.7821875603707628,0.2829597296716411,-0.19915402154422682,0.6062317773379093,0.3403182593675199,-0.20492339698890025,0.645683423358101,0.2638328426335326,-0.2525940056653904,0.8224628321510558,0.11705600313714905,0.6832479629333691,0.7377814708209132,0.11200647432760645,0.22340672428366998,0.7418141434396193,0.10689128620320446,-0.1726898331251786,0.7755468042554065,0.13155878312170902,-0.192212867542723,0.6089845192626652,0.07257666919785227,-0.18969910831082645,0.6356855110301072,0.11289643650823744,-0.23963091053760102,0.8167333746569164,0.23295066271716738,1.2335967767233786,0.7412721559258857,0.26614489085038984,1.4893469970561126,0.6580376339287056,0.3270539967402794,1.3413054364307266,0.5921426194103601,0.3962556787499226,1.176724355273182,0.8127072363329184,0.4395977281341741,0.9558715821390491,0.7603984408934565,0.5139268535652765,0.8338772187373612,0.5392042730841131,0.5191945621548136,0.824335390201696,0.35021286718384814,0.5361877650484649,0.7930350503814445,0.3206430724102063,0.5279376860092398,0.7603765953854761,0.370746871969892,0.08005942564114377,1.1754798965883955,0.6857587009922621,0.06832442692483537,0.9276362241884,0.6144791280962818,0.21646482920728172,0.8426713176933276,0.38144003922830005,0.31450476254349774,0.8329352706597662,0.3326015943184782,0.3290575534729262,0.8129617865597883,0.30004053174993583,0.29574859625415395,0.7678036777928606,0.35952782358699853,7.553191489361702
0.32321799808278445,0.6724672239126335,0.7611764117656672,0.3132182341282997,0.2211782131555607,0.7427718120318874,0.2735556036017715,-0.18986602643066586,0.7821645778276318,0.2831291006190176,-0.2002978038817436,0.6063875933030445,0.34021945392702535,-0.20489596684658606,0.6455108514176843,0.2636244505727214,-0.2539235471323248,0.8238877257529686,0.11460142944479065,0.6833353452285006,0.7367734358126009,0.11066540428877031,0.22500409803238625,0.7404357622267941,0.10675902035242442,-0.17335210603391404,0.7757017976406861,0.13160948845831247,-0.19258842222496092,0.6086670154477603,0.07264298957678686,-0.19058750171965544,0.6358418225549678,0.11313760508022029,-0.24058504124969676,0.8171614636371645,0.23044235845460914,1.2327001945246807,0.7435554673343041,0.2627832960867028,1.4888573229929787,0.6577943056471101,0.324041382391782,1.3413172148978172,0.5888683500997571,0.39074841543442584,1.1761317510455414,0.8237560067044969,0.4438062500764246,0.9562070240814234,0.7558636673058512,0.5101124968148455,0.8472828562809653,0.5382432591632103,0.49717621837457476,0.8388110305047383,0.35925641273798264,0.5191347848092126,0.8074753983876157,0.32127022762895197,0.5184461219129254,0.7789679027785172,0.35834122478401087,0.07783136013198802,1.1748278211861336,0.6796127375221471,0.0696605815724649,0.9258543592664815,0.6049728770411509,0.2266155559574057,0.8594860954565453,0.37648077804733215,0.3306033529591853,0.8656916073625118,0.3209823525138102,0.3470087799913129,0.8412778158822379,0.297801107838411,0.31509284527521014,0.7848721261643684,0.3618174147222478,7.574468085106383
0.32169717935945286,0.6734065945082559,0.7616158855932511,0.3124466417814906,0.2225329596826473,0.7416766790942719,0.2731670723124709,-0.1900324682765151,0.7822916435337017,0.2833359510269829,-0.20110176511980976,0.6067348640255711,0.33995935687501916,-0.20483921888343945,0.6453261231055611,0.2633087249885593,-0.25506734392288066,0.8256694348525582,0.11217771786275862,0.6838089041895599,0.7354919632331767,0.10920823002913546,0.22674389329020156,0.73911434235221,0.10677659553184238,-0.1740226718969405,0.7757563708551881,0.13147045214565087,-0.19272966538598796,0.6086411001796777,0.0727430172840346,-0.19168028310118201,0.6360272171022279,0.11330251509417606,-0.2417204932809865,0.8176505230410752,0.22807746009793908,1.23160314875509,0.7458547199319002,0.2602454448646353,1.4881262334962946,0.6579654701559645,0.3209913514007069,1.3411858083127806,0.5873541451150099,0.38447818266539335,1.175939911034014,0.8333294933286597,0.4518835579243179,0.9541381307826904,0.7511626599874619,0.5059674203921212,0.8607107501518109,0.5329999115736613,0.4748033420123272,0.8577348179044639,0.3639841929713268,0.5022258912100053,0.8240152673082582,0.31769119256365674,0.5105157747210846,0.7955900694421117,0.34783350570195615,0.07564250770268358,1.1746475697640055,0.6749677353288264,0.07187338719840844,0.9244380026707537,0.5926156394277129,0.23843360813459638,0.8739966997985931,0.37577897052277487,0.3470029570874568,0.8948566841439144,0.31571251969602004,0.36365191540545905,0.865111192439885,0.2993965377368268,0.33306168933284763,0.7991802859000079,0.360741393180024,7.595744680851064
0.32010704819136787,0.6747820740079531,0.7614052374841609,0.3116922420127714,0.2242001298074081,0.7405281709126781,0.272852481232863,-0.19015749548857155,0.7828252939971292,0.2835082917904016,-0.2014078992655159,0.6071228165313898,0.33985537580599123,-0.20475417102517998,0.6452368527309769,0.26285164410401424,-0.25578924583035534,0.8273792366878592,0.10981389813983973,0.6846627268477383,0.7341154908267422,0.10768481095320939,0.2285378161214212,0.7379092632728854,0.10687056219794114,-0.17464456360506583,0.7755454154704441,0.131393239970704,-0.19268820058358058,0.6087291424540173,0.07285335493616918,-0.19284280019030245,0.6362252867516758,0.11338245103919672,-0.24287749382262444,0.8180521013946415,0.22588754843066883,1.2303140084791546,0.7479596618521939,0.2586233461752395,1.487483674319619,0.6580836551495481,0.3177707140383974,1.340881202297595,0.587549052051997,0.37821482305385346,1.1763937142478358,0.8402096068198244,0.463043650015864,0.9517492018247667,0.7498363851841742,0.5021005688468554,0.875662257012977,0.5245664511641046,0.45434323685524125,0.8803918248349089,0.36344748435397306,0.4866935147425866,0.8425900650027651,0.31036686452542317,0.5044180450661795,0.8119127234984252,0.3399388152341797,0.07345210051332662,1.1749898079806997,0.6713876326994466,0.07458686341471549,0.9258652452171082,0.5772811200083248,0.2513318979197125,0.88775396596013,0.3768975209668199,0.3635051823667306,0.9194355818583507,0.31722200465362854,0.3794413157346698,0.8858562421194786,0.30198746846484625,0.34838759650529816,0.8137367725952305,0.35569441217274295,7.617021276595745
0.3184227846208519,0.6764902537289672,0.7605490014841797,0.31075109551662433,0.22616283090313113,0.7395161721946921,0.2725257722085922,-0.190331526043656,0.7840091247554752,0.2835444685920676,-0.20109777621946415,0.6072476925102358,0.33992204373886653,-0.20465436281310104,0.6452935332567251,0.2623082700732513,-0.2561464561185775,0.828703184198383,0.10751846677125812,0.6856851205810388,0.7332117158426048,0.10621284661175594,0.23030874462525813,0.7369037551938614,0.10681738895905324,-0.1751759062257484,0.7750925452166977,0.131410113144835,-0.1926151141902739,0.6087568106446007,0.07294875729317457,-0.19395542866502588,0.6364175839562308,0.11337297345767737,-0.24382845530656552,0.8182504174123523,0.22364626416430483,1.22913937443776,0.7497074554448373,0.25765010823316026,1.487373932519104,0.6580404609137724,0.3139622708424528,1.3405104381868456,0.5894194310858321,0.37263180177271854,1.1780405476344733,0.8429211137361284,0.4755015020013011,0.9536456488958964,0.7497951298357585,0.49895582758512824,0.8948296265285144,0.5135184935542979,0.4378498360631832,0.9046677309812512,0.3582419825823201,0.47291107821668066,0.8633701280582254,0.30191721422047085,0.5005497780477876,0.8304139028496773,0.3353701286964101,0.07138988053375063,1.1760806535315436,0.6689222812733396,0.07738177363218218,0.932783410026836,0.5585422990630913,0.2639762065106165,0.9043103591824241,0.377603416164657,0.3778753691822496,0.9399700652648136,0.3250771349453998,0.3932059283702836,0.9055258857011156,0.30650857093548317,0.35939200912084,0.8318489515452914,0.3488391243403088,7.638297872340425
0.3166024400535254,0.6784203043000437,0.7593908249686718,0.309521158338375,0.22807987474787256,0.7390812609063968,0.2721933024515728,-0.1906612322311339,0.7860584423958679,0.2833987624046273,-0.20008409127835267,0.6069110738340232,0.34004327753547836,-0.20452786350800944,0.6452958703956846,0.26178862994197283,-0.25639330886381545,0.8298324149683991,0.10535390909483022,0.6867695815940928,0.7329267939062503,0.10485573973640633,0.23199350028828725,0.7362982988754344,0.10653373118421511,-0.1756049620479025,0.7747188813182915,0.131433112950611,-0.19259495028137483,0.6087037770142445,0.07299615954270797,-0.19488395813675496,0.6365423124360502,0.11336091984992674,-0.24440344095559435,0.8183805930969217,0.22116624620609332,1.2284783862187165,0.7509041516962921,0.25703718466420145,1.4879459586849928,0.6579916047672854,0.3093350823590715,1.3402730800228937,0.5929928891324772,0.3676526442604313,1.1811352411437646,0.8409054938189662,0.4870726252569484,0.9636321755235377,0.7470253453983241,0.49678528977179226,0.9203743566527945,0.5004648932550445,0.42633857125455454,0.9292510872976617,0.35089191533350234,0.4605575360147087,0.8865340211869484,0.29523546831159875,0.49863441448012913,0.8526900215751586,0.33257102906868197,0.0696163597942987,1.1781238963006375,0.667701980178934,0.08039166145982996,0.9458728094015304,0.5367780043675724,0.27491563079561687,0.9270608678410629,0.37655413581141894,0.38808024282498593,0.9585797702039003,0.3368532325036287,0.40347416701220956,0.925961939013612,0.31492479844900273,0.36531040647619945,0.855594760289371,0.34247559797161564,7.659574468085107
0.31467897619211005,0.6805397249632,0.7582664059190424,0.30816597497634324,0.22969042011932292,0.7393204241249957,0.2719561954569722,-0.1911076624072084,0.7887862113458745,0.2831945934660005,-0.19873146755617044,0.6064533121566531,0.3401417995344471,-0.2042691547626248,0.6448371810054544,0.26136380732178927,-0.2566901955514758,0.8311156170688802,0.10347394956835658,0.6879877508413532,0.7326955828499633,0.10361070984389893,0.233541889353825,0.73623305507977,0.10611263420531619,-0.17598945083525824,0.7746861236954239,0.13142488222594745,-0.19261905271744964,0.608637574849676,0.07296709757312644,-0.19549720741768792,0.6365491793147391,0.11343717625384943,-0.2445654215005041,0.8187294929742533,0.2186515113822034,1.2285297212679083,0.751568627614519,0.25645582043217785,1.489037068338346,0.6580040317820846,0.30390451737668606,1.340202564398149,0.5981310930299375,0.3628931513110589,1.1855019914343856,0.835964149420152,0.49617848583853663,0.9820270858226359,0.7423732238729707,0.49590169059238154,0.9532247767630873,0.487585188110765,0.41967348981523755,0.9537735078644975,0.3471535928888795,0.44993594103083223,0.9126898838936235,0.29196671535002916,0.49803075932645324,0.880028665469299,0.32963917309955265,0.0679122201033322,1.181009025637393,0.6676422796065598,0.08416468717743048,0.9636945545092076,0.513607540094059,0.28339875920782487,0.9571966049473679,0.37256543319968594,0.39393813571222047,0.9783035194150684,0.3474065361016812,0.410414630244566,0.9494102309589162,0.32479187911986207,0.3675682863063784,0.8867776805021437,0.3345850800507561,7.680851063829787
0.3127652940447649,0.68285141009102,0.7572226309989541,0.3069334508103192,0.23099560943747452,0.740026100337743,0.2718681839796977,-0.19138597062840862,0.791529443430076,0.2831841232623292,-0.19776469811703234,0.6066123196952371,0.3401912106910696,-0.2038252157240771,0.6439563623254824,0.26104048627940585,-0.25702457527247285,0.8326412594103483,0.10196826556953084,0.6893470855846551,0.7321457370667599,0.10245156532164912,0.23490120814091797,0.7366945723820423,0.10565463746832222,-0.17641807047769195,0.7748950269981464,0.1314046919573254,-0.19267474915680013,0.6086317667315798,0.0728623120592723,-0.19576201814199048,0.6364746902064052,0.11357096065470912,-0.24440416016125413,0.8194415750968711,0.2165257962863265,1.2293288334247359,0.7521504757212275,0.25550565762531197,1.4903457647847311,0.6579038496537212,0.29775707898943454,1.3401609817299616,0.604572712772601,0.35828410260614774,1.1907820817163906,0.8307923371652133,0.5021891525237699,1.0065799450538702,0.7402862978956233,0.4965217576639755,0.9926446541715583,0.4782823870273161,0.4174382632056323,0.9780783205581074,0.35143478188666005,0.4423144026803296,0.9426661108627947,0.2927517185365776,0.49810821583892273,0.9132666117525358,0.32665306373858416,0.06584039925625781,1.1844105521570916,0.6680597445262112,0.08873680162303305,0.9846427724921046,0.4909007626658353,0.2893795830370541,0.9933878276928674,0.3650805140278084,0.3968509626671788,1.0014044522712533,0.3520598113082079,0.4153372636424576,0.9775169527610604,0.330890189524706,0.36838031760934065,0.9260296051536216,0.3214996333768512,7.702127659574468
0.3109806100927495,0.6853071613593991,0.7561357814926994,0.30585870499956064,0.23200666022287617,0.7412295129218195,0.27192135337447637,-0.19129013402804107,0.793854988556883,0.2835291945608049,-0.19759343724087894,0.6077730486153236,0.34018816414530356,-0.20352237698708656,0.6436591778492172,0.26082465453857007,-0.25737539378307545,0.8343798203980082,0.10078676353909752,0.69073504713476,0.7315121682590009,0.10139680488663468,0.23606773990817584,0.7375796870479396,0.10522548680334443,-0.1768465081399603,0.7750841393576157,0.1313843137338907,-0.19275637552406089,0.6086952201903798,0.0726979158804843,-0.19583537708124285,0.6364346462722659,0.1137050800711174,-0.2440624222958564,0.8204331747754956,0.21490776701167683,1.2309997735890976,0.7527820856385714,0.25402493499249834,1.491775974352184,0.6574512070886991,0.29121570309076117,1.34023396484862,0.6117344142058169,0.3540263513246464,1.1965750063087812,0.8253909321254583,0.5055576479802625,1.0347793683397137,0.7426850286438297,0.498543484622727,1.0357417666267448,0.4758095726266717,0.4192639564962277,1.00371518540003,0.3603037152324285,0.43905541792091474,0.9776361275682038,0.29703611732258306,0.4983293681983723,0.952161534313252,0.3254181006377599,0.06347299780248908,1.1881981458533877,0.6680103798489672,0.09312392510150463,1.007868298352177,0.47031883996935764,0.29294515235381274,1.033153229873301,0.3549857170403973,0.3984124228318812,1.028394681167747,0.3506952432960504,0.41941194141239124,1.0109746157317665,0.33126213899097023,0.3686744259401358,0.9709501474850761,0.30457451829583376,7.723404255319149
0.3094119654719243,0.68784205853029,0.7549656537519314,0.3048270810665402,0.232658271612881,0.7432205587099718,0.2721113665990042,-0.1909394579999257,0.7959509647678441,0.2842311727428625,-0.19807267670687356,0.6097553234228055,0.3401645129737111,-0.20398183570956316,0.645236543344699,0.26074791993985064,-0.2577914609406725,0.8363755967220767,0.09985174031137473,0.6920624233664537,0.7310524109907772,0.10052005096912756,0.23710770907691736,0.7386714404859854,0.1048423319594475,-0.17707591661747377,0.7752296858384091,0.13135580680183362,-0.1928523894334321,0.6087762331908049,0.07250606332247819,-0.19593875084661397,0.6365068414749008,0.11379940772598027,-0.24370630894237744,0.8216565881907324,0.2134692791647396,1.2337063868419726,0.7526619095474237,0.2520816558337655,1.4935498549870532,0.6567371501961883,0.2848884569098387,1.3407861186685908,0.6187135036263924,0.35026381306445487,1.2026615785466157,0.8172133955611091,0.5076861389937842,1.06412097852584,0.7467903059866816,0.5017591263023988,1.0786434449727884,0.481726818292496,0.42438701858499084,1.0342605261871873,0.3671805948644478,0.4406030947095235,1.0192839849559128,0.30316660308088966,0.4987929897813646,0.9959233080657962,0.32806374042679454,0.06149925522541844,1.1925615968470256,0.66779380591892,0.0959658285061626,1.0322479873009254,0.4536908443630902,0.2940891694004285,1.07416515243289,0.344053292186492,0.39929466260690877,1.0593423316810076,0.3463173254520829,0.4237093553111073,1.0503899974168223,0.3284149546386529,0.3688728455787562,1.017472437380508,0.28977762101589477,7.74468085106383
0.3081263696015238,0.6904196154138988,0.7537832410308608,0.3037557625694316,0.23291209233494334,0.7462206707351715,0.2724290258257769,-0.19046403935165304,0.7980601792822976,0.2852343234001945,-0.198890983151445,0.612274179691794,0.3401736377846963,-0.2055479982081293,0.6491657219068927,0.2608119816335365,-0.25827276410739824,0.8385865866546156,0.09918826345930812,0.6933067482149631,0.7308062734441627,0.09986339924625323,0.2380729384686325,0.7398100404385131,0.10443901807626267,-0.17694666562618677,0.7755989292485763,0.13131832660608167,-0.19296231412662385,0.6088516306908833,0.072371523273909,-0.19615151252002763,0.6365562263612092,0.1137694417164853,-0.24347247778227124,0.8233042474576989,0.21198618826096213,1.2373003585796596,0.7510017706180752,0.2496805301841649,1.4957145173183397,0.6567757438676315,0.2793830331270746,1.3420409597130651,0.6247487261770771,0.3471088492762775,1.2088194237758414,0.8051959706572508,0.5102189107018955,1.0909253708666615,0.7486210072126478,0.5061829531531028,1.118317434844282,0.49457691964857275,0.4321073794684571,1.0721571200553885,0.3710037667663921,0.44638728021612506,1.0680943632443969,0.3103928056756987,0.5005709146293619,1.0431216049692211,0.3355670795567743,0.060499722972044395,1.197597719863128,0.6687608043456446,0.09666141680967388,1.05565536867519,0.44252051829586303,0.29298312952057926,1.1140990071840955,0.33384461867834714,0.399532965846618,1.0945957054195872,0.34077695867157215,0.4283358124926594,1.0951199874946278,0.3252045694648379,0.37005479292842275,1.0624588242052733,0.28125537539439394,7.76595744680851
0.30713318419962055,0.6929677049568177,0.7526665225911864,0.30263841652429824,0.2327994946541584,0.7501271056493682,0.2728401266511063,-0.18975480623961138,0.7999885953778898,0.28634596014859226,-0.1998975528576089,0.6150796415591405,0.3401752955535975,-0.20795943968923303,0.654918326739281,0.26096388980290514,-0.2586974761432031,0.8407604007067939,0.098873778848972,0.6944625984668301,0.7308131293109756,0.09937645625893558,0.2389076480650171,0.7411374056428256,0.10393844397944312,-0.17647194225007434,0.7764225732652444,0.13130109287823583,-0.19316862582766112,0.6090520310499077,0.07237053233488361,-0.19644100672763576,0.6363609825145,0.11354120550485891,-0.24337950423863372,0.8256291914145097,0.21068096347645077,1.2411739473760173,0.7479336832016448,0.24680863803357245,1.4977742121114865,0.6592859755603351,0.27535007730676164,1.3438846514361098,0.6293494940650002,0.344762023488367,1.2143319894017934,0.7911558562497707,0.5145188818583444,1.1111518171556787,0.7478751015601618,0.5124340343212423,1.1534641770013154,0.510577618114577,0.4422789099357969,1.1175782255635385,0.37564518592738727,0.4556738331759004,1.122774522999324,0.3199097007497513,0.504771878307739,1.0924157192102149,0.3465735995352365,0.06061097521927269,1.2029149126490517,0.6712546161228418,0.09559164162375183,1.0760962493120527,0.4365427092599089,0.28999664269096526,1.1506203716193941,0.32522405431839146,0.3985845567196358,1.1339260018951949,0.334052152907565,0.43066028596059086,1.142594137847913,0.32218605146342205,0.37241670785006276,1.1054683156255731,0.2775894475758923,7.787234042553192
0.306320934344069,0.6953290725675053,0.751622494138293,0.30148067127579314,0.23247124063789532,0.754433887911729,0.27330032638424606,-0.1887223058569452,0.8013456131920799,0.28716681411901024,-0.20093312760160748,0.617735147095544,0.3400028824330386,-0.210563792100371,0.6613375042666056,0.2611503111092616,-0.25893121139760694,0.8426233061994158,0.09884378420485494,0.6955349922913563,0.7310241583097641,0.09896704627294715,0.23948941560386702,0.7428827715505076,0.10333539151201801,-0.17578824257090664,0.7777142484753162,0.13133853271971851,-0.19357905539335932,0.6095490426078131,0.07241655867633552,-0.1967385619467389,0.6361143857446363,0.11310993789549519,-0.24336682142329724,0.828700781639113,0.209723799624073,1.2446533094875485,0.7440966194333707,0.24361383322315255,1.4991380864794326,0.6651971917128147,0.2734088052543977,1.3459536158181105,0.6323749498864303,0.343313208446667,1.2184302936128473,0.777443501362322,0.521164556716374,1.1233298880045068,0.7476112374730172,0.5214933322594263,1.1846648383746732,0.525723046425482,0.4546010064934608,1.1696884756269494,0.3841642450842895,0.4679617062926836,1.1816309135939815,0.33302553346309316,0.5117378718010122,1.1443734323059178,0.3586546260218646,0.061826283194481656,1.2077952645163006,0.6743955471895062,0.09334696221612342,1.0931833579348615,0.4336604141859744,0.28508415593240216,1.1825625863421405,0.31822035015482486,0.3942097117662744,1.1760278877500943,0.3257582708623391,0.4262079794102638,1.1906196126066526,0.3184121521000979,0.3737249757681369,1.1486391723851548,0.27440445052247975,7.808510638297872
0.30553816475939866,0.6973571070327234,0.750554471220507,0.30021580627054884,0.23212346550474813,0.7584750279810306,0.27373747591855524,-0.1874665944322466,0.8019665102802717,0.28734405784907996,-0.20156316395877313,0.6196349463153086,0.33953686774115555,-0.21273579372536874,0.6670760437826856,0.2613414756764114,-0.2588914663576199,0.8439891551834775,0.09888295067234773,0.6965643544685509,0.7311538917137388,0.0985735665732854,0.2397379377032177,0.745097722880629,0.10267264017787356,-0.17502929171687243,0.7793627038022627,0.13139782600658823,-0.19398885192767054,0.610107595060018,0.07227014609027609,-0.1969573892674872,0.6364376750724052,0.11249074548937987,-0.2433567942845095,0.8323753393394074,0.208864416140205,1.2475152614889036,0.7401401101404491,0.24037453498946537,1.4997815349791026,0.6738889867907139,0.2733753532030189,1.347824355155583,0.6343376898226373,0.34252276683786054,1.2213204442611738,0.7651589959580081,0.5293567307676642,1.1299742472907117,0.7482436297569435,0.533405410400684,1.2138501413356355,0.5368040105577669,0.4682197203603592,1.2259732514407313,0.3961000324565097,0.48230947016854064,1.2427581394784173,0.3498841391043963,0.5215799032067879,1.2005814467490856,0.3709417161594889,0.06409286848338216,1.211833796387512,0.6772729552858701,0.0902895630827183,1.1079618822514294,0.4313062491520775,0.27733289161044494,1.2108042119183073,0.3119216332161802,0.38329237237875724,1.2190874152577984,0.316077347653138,0.4121350328027845,1.2390167538322898,0.3127846605294715,0.3704422250224126,1.1943143633917233,0.26844610579388506,7.829787234042553
0.30476568966338174,0.6990350969825303,0.7492648541603089,0.2987803002834509,0.23177743224271355,0.7619044875964684,0.27404506740321033,-0.18610902189818834,0.8020409869181799,0.2867912075829405,-0.20134952664466488,0.6202612198694375,0.3388234904458526,-0.2141203348831457,0.6710712516245002,0.2615131954879213,-0.258505814852756,0.844678081691307,0.09881641704843282,0.6976018234526272,0.7308969455339928,0.09814931520717611,0.23963492660438002,0.747772554840687,0.10198573339315374,-0.17421714113426273,0.7812102211607257,0.13136570509100515,-0.19382616899172384,0.6100273733186883,0.07176041270031647,-0.19709790633911492,0.6376890692191822,0.11168262593707261,-0.24326101328737623,0.8364283216470572,0.2078813194815357,1.2498262208872823,0.7367020369269626,0.23742040520398466,1.500181499501137,0.6840259743302572,0.2742412780873474,1.349274093861286,0.6360761155853633,0.3418751987409263,1.2238425128506243,0.7543809938427736,0.5371932643495063,1.1351850600257192,0.7456473353220072,0.546911902119845,1.2425437711860692,0.5416541409523624,0.4822905444620769,1.2820124986810975,0.40878152402109186,0.497315469410367,1.3031812856020204,0.37032712473997675,0.5347702439982657,1.2606074986665299,0.3841416632168981,0.06709964062839435,1.2151484654742841,0.6790933054528855,0.08679138642131563,1.1210563742212312,0.42768261124209617,0.26561618173191115,1.236976908710417,0.3052867827547068,0.36471840449907944,1.2613543463907535,0.3069419846272923,0.3890303793703581,1.287515830973251,0.30557444100825626,0.3599504511874809,1.2428187186090316,0.2587766060328134,7.851063829787234
0.30415655023559146,0.7004073866127183,0.7475779193486225,0.2972554634183101,0.23129307524942605,0.7649811753251474,0.27416906438423333,-0.1846974955410271,0.8019193767883573,0.28566138296655674,-0.200292117266473,0.619566511669626,0.33799468125613663,-0.2145531637580833,0.672666838791618,0.2616722731098857,-0.2577706057885169,0.844638347867087,0.09860590212115841,0.6986444721209408,0.7302297326379075,0.09766251733632243,0.23920608423356887,0.7509852288168491,0.10128803438449756,-0.17329337741505896,0.7831563836229014,0.13114177782175546,-0.19261912232686706,0.6086920411132842,0.07090622313638913,-0.19724804333111295,0.6396725262653411,0.11069577321190464,-0.24302654669796944,0.8406852718088503,0.20699070366686084,1.2514242907710735,0.7343100190022864,0.23495741450081398,1.5006736239422023,0.6942634073975338,0.2753674067869535,1.3502395384082233,0.6380699699348442,0.3409466627433436,1.2262245850453524,0.7454377090032978,0.5430053352733151,1.1409522070914284,0.7372794182348554,0.5608475468048305,1.2701858994354498,0.5404045142039235,0.49635317022843406,1.3332283574751662,0.4214997244446892,0.5125237189234193,1.35878401619897,0.39357447326763806,0.5515710082227412,1.320639363153681,0.39889794833730335,0.07013353334113637,1.2178810313989605,0.6794012067590891,0.0834754030662631,1.1315911879657288,0.4228056132318523,0.2500546958062674,1.2610886573895457,0.2988401459365141,0.339816072586864,1.3008370125056787,0.301671298716581,0.35924374234548473,1.3331667953917805,0.2989692496221878,0.34180882938623613,1.2918756744133624,0.24701322437519974,7.872340425531915
0.30388737491433543,0.7014586512617125,0.7455495896137481,0.2958164373041356,0.23062549997856682,0.7682020797081162,0.27416326845035965,-0.18321897601101206,0.8018247680575553,0.2842732484096422,-0.1987881029778787,0.618197964773848,0.33716207810199095,-0.2139402996762545,0.6716279692579026,0.2618506464511065,-0.25684356319365204,0.8441659727176605,0.09832783083313729,0.6996070612143058,0.7294318222195821,0.09718877779263917,0.2385117308473201,0.7547475615518405,0.10056614710940287,-0.17229090504164624,0.7853049058355015,0.13075809088941184,-0.1903063809749518,0.6059380133156683,0.06983263886683606,-0.19745009018970217,0.6420141465230182,0.10959283955735469,-0.2426686275195443,0.8450573058453316,0.20667244312402608,1.251962591409447,0.7332613057311727,0.23297031708806337,1.5010591833053626,0.7032415883917577,0.2769403994508529,1.3505449601529311,0.6403793414717596,0.3397775735130414,1.2280534756925878,0.7397012594329166,0.5463727173653774,1.1466730317670484,0.7255662789773727,0.5750371866517492,1.2949672957707088,0.5362108735309673,0.5104118051841238,1.3760061412495068,0.4371657663768751,0.5290206932666278,1.4055286262093765,0.41759420052149476,0.5714257020492317,1.3749305522719473,0.4153762151011753,0.07234924905176178,1.219895986571422,0.6785164332916659,0.08094348176647317,1.1388553159860204,0.418125601950448,0.23242616158660856,1.281350756881892,0.2944711951768274,0.31055971420583456,1.3350125516448963,0.30188415160153914,0.32492763423085397,1.371482247529986,0.2947809145254528,0.31719603926195306,1.3375403663693548,0.2358976442032823,7.8936170212765955
0.3039480668521111,0.702190989158436,0.743446223639727,0.29457647846518914,0.22988023496857918,0.7716242815156582,0.2741165001816304,-0.18167071737563986,0.801806794703678,0.2829855948378627,-0.19723883213641014,0.6169737923487593,0.336402881111762,-0.21245715188138325,0.6686011922057309,0.2620367941138428,-0.2559879526162013,0.8437927996927521,0.09810304805719323,0.7003740612086822,0.7287811214413771,0.09685944885247472,0.23760907266392092,0.7587495070819177,0.09978480765936047,-0.17134143418640935,0.7878586369485135,0.1303959719752953,-0.18732703932878972,0.6022638955828744,0.06867954215919563,-0.19767361359117483,0.6444365255041004,0.10848451476889343,-0.2422645866687691,0.84959717947785,0.20727709102985112,1.251375073983028,0.7335079236866935,0.23158376655117713,1.5009397213489808,0.709859985158966,0.27915838581126484,1.3500268610035877,0.6428387645609297,0.33866791693206116,1.2289996179222635,0.7379843931477654,0.5480945803475052,1.1514795051460884,0.7138874097219725,0.5895843506940883,1.3155265518727857,0.5335382225908007,0.5256574317584745,1.408309401865659,0.4561377416375736,0.5485533711846983,1.4412669180757256,0.44069484943550497,0.5938938837692661,1.418382502108226,0.4341151086848829,0.0733679127566013,1.2209815965870026,0.6768692922759956,0.07913913232994638,1.143616772072422,0.41499156221186,0.214208481162439,1.2961724599178948,0.29246600638577,0.2791671651424624,1.3615053118831113,0.3061158996975895,0.28804197396054987,1.3997754457039375,0.2918087359105167,0.28734772874269265,1.3758183056723448,0.22581775367655532,7.914893617021277
0.30413802819819685,0.7027208784621104,0.7415007702261285,0.29356933089351345,0.22912151196062971,0.7748018832267506,0.2740920868024352,-0.18022129819513938,0.8019102838308743,0.2820282136832721,-0.19579974151067225,0.6161574114072584,0.33580256857810015,-0.21075330165120568,0.6651657239776124,0.2622037828173023,-0.2554343680033018,0.843916047748784,0.09798847652890326,0.700908588560437,0.728266688016129,0.09668118717350162,0.2365163529388757,0.7624821820311257,0.09895498361420896,-0.1704714317750909,0.7907814354183901,0.13018178486755924,-0.18462941186640114,0.5989834545023446,0.06758203664626927,-0.1978795791878864,0.6467170746118709,0.10745675005804221,-0.24192927839434963,0.8544807632799608,0.2086107523553531,1.2500871378332594,0.7344374704374438,0.23106541898047536,1.50032287936648,0.7136895799754859,0.2816481781876491,1.3489702357738014,0.6452170945748007,0.33768776802607603,1.2290969841966761,0.7385693961936967,0.5495988319928375,1.1555253044604403,0.7034317185153169,0.6042354384531277,1.3310388833081366,0.5360026709671089,0.544372159072605,1.4305132911638296,0.47269261518170447,0.5726886614138292,1.4664275998455756,0.4626273163671701,0.6195282462278437,1.4487842573064567,0.4562920029757998,0.07340004408673409,1.2211551241535308,0.674668925782526,0.07715863851655708,1.1467252741865452,0.4143990258583892,0.1948989880641933,1.3055775702134707,0.29028299287130055,0.2482924462061728,1.3796453008075633,0.31118699966875896,0.2511832816032162,1.4188134468367344,0.2865306122069088,0.25380119963354686,1.4040751691351794,0.21452433525448067,7.936170212765957
0.30428413332523335,0.70315783587921,0.7399230023157634,0.29282808924100995,0.22838837340281617,0.7773160414386886,0.2741317612616547,-0.17912377092168602,0.8022444669405503,0.28149610259805363,-0.19454264744552419,0.6156378867483282,0.33547377944567636,-0.20958225564767152,0.6627598542146463,0.2623806169611143,-0.2552555720329086,0.844578298342761,0.09795999691560685,0.7012809662044104,0.7277565230808378,0.09656121420142134,0.2352827478244342,0.7656201041739906,0.09816883935599428,-0.16955134872910738,0.7937242704977285,0.13001510588632348,-0.18314476009720582,0.5975901438239778,0.06668666258726036,-0.19805510284739106,0.6485747173921914,0.10652754609079156,-0.24172294613281908,0.859710648005841,0.21001833239065032,1.2487883057767224,0.735245551996243,0.2310995723329814,1.4996134964545864,0.7153581839049082,0.28376059744849275,1.348140056382419,0.6475438618056777,0.3367344623200387,1.2287191329951688,0.7390905326885399,0.5519385579202554,1.159204809440333,0.6937981919707734,0.6188664315449041,1.3406269492453475,0.5453878830077281,0.5678429257836691,1.4446712812024989,0.48252286266976846,0.6020871013828715,1.482078982150564,0.48379734800699253,0.6487786338157906,1.4665619071499767,0.48191788034231187,0.07269216314867943,1.2208242889418925,0.672578350598503,0.0736313106564151,1.148027567970643,0.4172610251926386,0.17360880522409183,1.3106978356366543,0.2853327246416777,0.22002357445574922,1.3909676600946597,0.31309640239375713,0.21757734203535828,1.43077070336628,0.27634994925893475,0.21984745072563036,1.4215195462813475,0.20031970564696458,7.957446808510638
0.3043627941937263,0.7034805170042199,0.7389973241109096,0.2923819408987328,0.22789223809269868,0.7790515600231953,0.2742290365296821,-0.17842189593776053,0.8028110120358689,0.28140465025978667,-0.19372554311672377,0.6154996245911017,0.3354709247340957,-0.20922780261911342,0.6617972890223762,0.26259029924623656,-0.2553460472130149,0.8455253467438072,0.09800009129802188,0.7015727353746827,0.727270900750673,0.0964567335661059,0.23411629554261873,0.7680875626441335,0.09752752113176176,-0.1684816105260651,0.7963395362523209,0.12974178621105698,-0.18318197364741054,0.5988185799534405,0.0661479971384111,-0.19822653912324875,0.6496637808088799,0.1056624182291574,-0.241599911873822,0.8649157084676955,0.2110326888163535,1.24802198745357,0.7357132122396478,0.2307514964761706,1.4991739065611305,0.7169821335343662,0.2851823234492256,1.348312725628294,0.6500283283266606,0.3359478607829386,1.2282608664745724,0.7394763547905807,0.5553723265096258,1.1622450668385096,0.6837799300310119,0.6340160788376592,1.3434617534348747,0.5610304386553384,0.5953039643488091,1.4521921831298996,0.4887399239894953,0.6356960347002772,1.4884029690094434,0.504189281434367,0.6806327138270587,1.4724189497616504,0.5082570506687638,0.07125051733732475,1.220602637843176,0.6714812950036397,0.06727173982487228,1.1471937068149716,0.4233114358120097,0.15133971608120028,1.312419219357344,0.2775370380943934,0.19510163818709292,1.3975182013378291,0.30856523956678117,0.18926971482275667,1.4365548412224973,0.2614053393146403,0.18938454265704074,1.4290021563856503,0.1829042778057374,7.978723404255319
0.30446979783295375,0.7036217071036348,0.7388693822651393,0.2922108383960157,0.2278526804152234,0.780020962860397,0.2743113336999082,-0.1779764813284592,0.8033383198692589,0.28161933943213213,-0.19358782240706382,0.6158572425045583,0.3356787576304875,-0.2094561862385787,0.6619104523948479,0.2627861026907442,-0.25559117434411605,0.8464000518156454,0.09813145050559312,0.7018246376618937,0.7268211889899379,0.09639475096886846,0.2332729503841564,0.7698311580468914,0.09708958770139417,-0.16731806925251597,0.7984884362085782,0.1293688002135116,-0.1845643005656359,0.6026005017572883,0.06602318619882222,-0.1984326389740405,0.6498615204385921,0.10481990144760081,-0.24147141921808915,0.8695809745221754,0.21148769094329195,1.2479145684876884,0.7360976914661577,0.22943038794826504,1.4991698545580778,0.7207128722964271,0.28619288003769594,1.3497332443759054,0.6525491774889803,0.33557870129284806,1.227776096331093,0.7407500817504409,0.5598608125153757,1.164071133385518,0.6726151222170542,0.6505536276484076,1.339660107305138,0.5796378112672179,0.6251109202488816,1.4533021742801429,0.49692578891007,0.6708000358365458,1.4861997475074427,0.5226587420423473,0.7129145403372806,1.467490092095906,0.5309514583767903,0.06921864464903557,1.2206888612322504,0.6716181498303689,0.05753636097432244,1.1443437691873304,0.4303302691246399,0.13041080875164351,1.3107531029578825,0.26881291096352433,0.17310454746669313,1.400038817500505,0.2971357094110512,0.16543154856512482,1.4362772816361853,0.24398215895295083,0.16430357734298748,1.4283437738541864,0.1625784229927678,8.0
0.3046864271592371,0.7036212329295116,0.739508692573004,0.2922651634233379,0.2281757550325688,0.7801744333559628,0.2742844791710555,-0.1776658748962641,0.8034000706563832,0.28189712285554436,-0.19385778244982457,0.6163599082732863,0.335899099992383,-0.20980233269759438,0.6624717082286862,0.26290941116811206,-0.255959313687201,0.8469616145709603,0.09835524779260431,0.7020185583609208,0.7262942585257717,0.09641696956153985,0.23281046354888896,0.7707631954123112,0.0968553079059997,-0.16621565891098386,0.8001524679698014,0.1290091192311885,-0.18697173178391782,0.6084488047694245,0.06616213853524003,-0.19863198791551873,0.6495811179140427,0.10404107462749682,-0.24126230993565623,0.8733789662078295,0.21121690457197356,1.248279152198969,0.7366078992463865,0.2274623156072175,1.4996647110061117,0.7261619031492582,0.28708994817361305,1.3518906278698972,0.6546110262789917,0.3355278160103188,1.2272434335583793,0.7428871557784438,0.5651247202913167,1.1642975337552286,0.6622093134489344,0.6686683601370547,1.330505141130535,0.5969520972885693,0.6559792830463788,1.4481858893771815,0.5079387956449791,0.7045705362453916,1.4771555724734171,0.5371181409773504,0.7435378060315131,1.4543953752267003,0.5469632061972662,0.06698850329742081,1.2205655772848811,0.6725213028747508,0.04501741127109521,1.139241637229397,0.43575353960259944,0.11220595578637851,1.3049151644979788,0.2609407581144424,0.1529116134416138,1.3976592257701559,0.27974983404304826,0.14377525000389255,1.4300863838331759,0.2264732121133345,0.1442999723004117,1.4205441119332376,0.14146149844894612,8.02127659574468
0.3048866771559926,0.7036662563830118,0.740761005414954,0.29250817551126834,0.2285854416438705,0.7794108368772131,0.274085466702102,-0.177356799112018,0.8027122906508093,0.28204770902332105,-0.19395958359933765,0.6163676497475565,0.336042342420778,-0.20984302753375633,0.6629605402186001,0.26294185146745996,-0.25634631692255033,0.8471706801250507,0.09859505939142743,0.7020572933238445,0.7256875309895918,0.09650763102162198,0.2325957770907968,0.7709913175667258,0.0967646268698422,-0.16532232014339288,0.801331269673967,0.12871364110076414,-0.18985742901101618,0.615316690338151,0.06632312619918287,-0.19875150245395826,0.6494344724263207,0.1034069007276811,-0.24100634585393482,0.8763119262504883,0.21021705542308183,1.2489097221327106,0.7373735026395021,0.22576050651317714,1.5006329749267289,0.7305951907046462,0.28745654595307607,1.353918748719775,0.6557562023334215,0.33549493444059175,1.2270322333820733,0.7456517038017121,0.5703854557859832,1.1622627586557543,0.656506766273397,0.6871744402281035,1.3171793999139805,0.6101757396965167,0.6870058435889907,1.4369077314261334,0.518056488843724,0.7355839912000535,1.4623369282257261,0.5461428332488933,0.7711834800805537,1.435388220812974,0.5565567092332944,0.06480754316363015,1.2197289348505382,0.6731608430199741,0.03111162733429867,1.1307922114851379,0.43828943897035544,0.09637848916722383,1.2939955158536862,0.2540446223848447,0.13366848470770556,1.3892530006602002,0.2570237068903408,0.1235422968662325,1.417682567136171,0.20981870052347812,0.12845535375925765,1.4052796371806684,0.12350943596748454,8.042553191489361
0.3048230330897302,0.7039131031048346,0.7421298302250035,0.2929048804617013,0.2289532751990686,0.7777402585839769,0.2737440181545599,-0.17696449552567017,0.8014191748630449,0.28196002663241493,-0.19373715893071278,0.6155414386556299,0.33612488315188194,-0.20952641199580485,0.6631974417912754,0.2628939948503414,-0.25654669062125846,0.8470805767775385,0.0987302785760754,0.7018902743415039,0.7251420063556326,0.09654035711131516,0.23244396356319807,0.7709014156247056,0.09677515159369252,-0.1647300367126778,0.8020233465138059,0.12838290457234564,-0.19242624428776745,0.6214530659348038,0.06639221959263202,-0.1988238711639647,0.6495935109569559,0.10289704933458993,-0.2408965755456357,0.8785291666706211,0.2087573030789734,1.2495985681930664,0.7381984610818906,0.2252069651812279,1.501838281369101,0.7312090348143362,0.2866897193166312,1.3552245941175398,0.65561818206194,0.33540765653543114,1.2275534235663406,0.749187907575505,0.5744395486404994,1.1568791232955409,0.6574117310670001,0.7043061157563026,1.2998737518103134,0.6183814583278949,0.7166831207596496,1.4193706154683199,0.5234928250214064,0.7634170630966819,1.4423310002136631,0.5503756066497622,0.7950388423936607,1.4113255457640599,0.5619178613347237,0.06269833688899201,1.218384921941815,0.6723764602075641,0.01719039832004549,1.1182574105676812,0.4376619764808631,0.08224064402322807,1.2779259894167863,0.24726981346052446,0.11573800419065831,1.3751631352761269,0.23111341347475645,0.10596436687928734,1.398956014760925,0.19456621995972628,0.11604033185921814,1.3828875048073768,0.11206652471306139,8.063829787234043
0.30446995600767374,0.7042663429195489,0.7429571043281227,0.2933950309518061,0.22933848609780375,0.7754423411679381,0.27340466112926726,-0.1766641427266351,0.8000771121989525,0.28161279892390223,-0.19343183759545882,0.6139763568305739,0.33615512693050986,-0.20922668152760857,0.6631906555373487,0.2627772131651737,-0.2564437080902815,0.8467170215719365,0.09871217080212649,0.701612863899,0.7247421846340547,0.09639247645329183,0.23221141567052497,0.7707349361738747,0.0969002836593507,-0.16447852788571016,0.8022099764949547,0.1278492004053715,-0.1939992932500613,0.6250422860582147,0.06638812014186202,-0.1988635665670918,0.6498197344347131,0.10247016771960907,-0.24107902712665188,0.8799991297050734,0.20706311948110073,1.2500346134341713,0.7382968588212642,0.2262004004389988,1.5028396134634023,0.7264187078999287,0.285104701505557,1.3556419167210398,0.6535866509454011,0.33542999828292736,1.2286118950486487,0.7529683717052035,0.5759481098260452,1.1474813388129872,0.6637761509033542,0.7192093503349566,1.278584647177409,0.6220899634357624,0.7427231839071782,1.3963327943584463,0.52341267804727,0.7874895385939675,1.4177971352969823,0.551626655344922,0.814232565862551,1.3830470441815623,0.5649545667847442,0.06075570888254151,1.2170052786246601,0.6698623406214277,0.0042492320027368346,1.102445391758519,0.4344016325011954,0.07017361314828462,1.2574208801470297,0.24062628607284217,0.10040231226989949,1.3569936719871465,0.2055458965365855,0.09218632697874773,1.3749652142850421,0.18153320483306434,0.10657882632582516,1.3550646765119636,0.10850540761310062,8.085106382978724
0.3040565125184865,0.704441372751634,0.7430488972861706,0.29393536758562117,0.2298644421347919,0.7729245944719607,0.2732102036126777,-0.17672981041282265,0.7991689919223415,0.2810867725628746,-0.19319812452828075,0.6119064815343895,0.3361165424516419,-0.20929430556414202,0.6629373762630382,0.26258734992786825,-0.25608414398144674,0.8460637371133554,0.09865055165248003,0.701316608685056,0.7244743049670535,0.0961174540733282,0.23192006794689254,0.7702643102004547,0.09709073747133119,-0.16451116777159683,0.8018563345072577,0.1270783542018364,-0.19431720978542286,0.625228568045367,0.06634305514524003,-0.198768230293336,0.6499340964593937,0.10216047194090783,-0.24146558979987554,0.8805954135787007,0.20520626577915269,1.2499545981657465,0.7369643834340995,0.22867615840880473,1.5033103095074891,0.7161193290674928,0.28373612434180207,1.3551997594529377,0.6488556604959312,0.33573907898766286,1.2295011121355761,0.7561911177724687,0.5739924740146606,1.1343666333153437,0.6749274099107929,0.7317825302723681,1.2541390539213866,0.6232338796530493,0.7635073500524987,1.3690494956714983,0.5199333218654529,0.8070321246571399,1.389426509681526,0.5511377406560766,0.8280968925136147,1.351761280404688,0.5675046820262017,0.05922172997670907,1.2155140980646715,0.6662192422144073,-0.006698325559210199,1.0851101925410571,0.4298435867483019,0.061123202684869565,1.2331258801598288,0.23494412077212426,0.08868474592099426,1.33565543792931,0.18242680607991196,0.08181053881348144,1.3471805156998624,0.17042281071287743,0.0995709903129941,1.3236700226591187,0.11163805525695536,8.106382978723405
0.30374593326861277,0.7042100042135561,0.742925251161034,0.29452819487545895,0.2306190536198839,0.7704405070693043,0.27317838849389714,-0.1772020134560589,0.7987559911365033,0.28044671576194957,-0.19308686373126202,0.6095169763839908,0.3360031419486126,-0.2097221370257535,0.6624818521656367,0.26233495212508706,-0.2556144100918569,0.8451722713241497,0.09868506558974836,0.7009355814402157,0.7243423928578736,0.09589415025723358,0.2317826613541515,0.7691437166685688,0.09719105690473055,-0.16461614006361666,0.8009925712546556,0.12622024568808923,-0.1936327091239799,0.6226427712576799,0.06628096147639373,-0.19860092398974136,0.6499587261429939,0.10194431419102509,-0.2417994217562615,0.8803601178901442,0.2033293449228079,1.2493325250749185,0.7342942921290196,0.23249403094003507,1.5032792752565354,0.7016395193307281,0.28330020199297723,1.353997769846239,0.6411198162482646,0.3363747416073275,1.2294746999044148,0.7589364545748811,0.5684539589017238,1.1184354778854908,0.6914315419393049,0.7411606926498631,1.227678273875053,0.6238907819749556,0.7792645107876329,1.3380010244914058,0.5151084054191492,0.8219519811123883,1.3577572574036665,0.5494378556815912,0.8374348356202652,1.318084551074937,0.5718595258397547,0.05817803841077204,1.2132732195772375,0.6620605107622165,-0.014558828194492855,1.0675178837634567,0.4255719882102113,0.05496583080033039,1.2055541123021105,0.23018255720285985,0.08049277053529043,1.310385882005318,0.16337670048766834,0.07329868126749714,1.3164992030944664,0.159738892813487,0.09392122217875043,1.2900391218769922,0.11743247644073834,8.127659574468085
0.3035109805556843,0.7035551783192383,0.743282853952876,0.29517726405937617,0.23155252765426845,0.7680684247805194,0.27324357892947687,-0.17794340112313284,0.7986812479821039,0.2797199487211391,-0.1931652382697424,0.6070242577408655,0.33584108795391626,-0.21032829898543035,0.6619485583758079,0.26208571041183176,-0.255202148405261,0.8442749986918288,0.09877013401782041,0.7003180604233104,0.7244487960525254,0.09584536064404311,0.23202067426673303,0.7672738731085947,0.09712999658077195,-0.16455863595540104,0.7998100138818783,0.1254635900997137,-0.19253843517661004,0.6187771183221626,0.06621688272092546,-0.19868523116706377,0.6498721928870895,0.10175788611841725,-0.2418125319045924,0.8793981294284733,0.20173209188797953,1.2483954865355462,0.7309242085606507,0.23732495790636232,1.5028545302850842,0.6852218557325689,0.2839273018908347,1.3523281572447143,0.6311550536355267,0.33721556877840086,1.2280918302610508,0.7616659708755361,0.5600089533758439,1.1006272186274062,0.7121432223438027,0.7458438555041591,1.1997844594661633,0.6250221600650157,0.7914113889372364,1.3036571109518031,0.5087870195156937,0.8331622115281325,1.3231920397534096,0.5471787073507315,0.8442266525933887,1.2818770967049298,0.5798648108368533,0.057382254446978906,1.2098553917711943,0.6578326344864702,-0.018760290634649887,1.0502605349569205,0.4232851577318497,0.05051674078702703,1.175689391011495,0.22550471096928992,0.07455822018238827,1.2802343330098986,0.1517581651862111,0.065667480267338,1.2835974345545542,0.14858617119346057,0.08851349446749487,1.2550123068398937,0.12084895341501972,8.148936170212766
0.30330280485136085,0.7026151007895565,0.7443422199315801,0.29590606794259955,0.23250451538604514,0.765682754260484,0.2733655715561301,-0.1788741835831491,0.7988391875254168,0.27907146553753615,-0.19346509372115236,0.6048373196000195,0.3356957721842938,-0.21108344567853232,0.661453166526609,0.2619175478311141,-0.2549228759838834,0.8436308457493573,0.09876984370053109,0.6993837807662457,0.7249097526169368,0.0959799056166764,0.23268122768682478,0.7646996768311691,0.09700776600633136,-0.16436001965847186,0.798592587600701,0.12496534426656669,-0.191426061561821,0.6146923114228754,0.0661459386626324,-0.1991858649664497,0.6495773469597633,0.10165992642393723,-0.2414107732184895,0.8777174792836808,0.2006346530207207,1.2474657847002248,0.7274659617686569,0.24224455698111122,1.5019864351224899,0.6694627924854044,0.2855636913841444,1.350785524110123,0.6205730934129051,0.338051677643584,1.2254531789980396,0.7646972278526659,0.5503433894341844,1.0818927137421164,0.7336286152860091,0.7456354311149521,1.1708755351840026,0.6269188841148902,0.8011175832486512,1.2682489317111347,0.5013163976860517,0.8417963844612643,1.2868945852756668,0.5451725956121491,0.8494281913827146,1.2436145175136981,0.5915937221998853,0.05657273242178977,1.2056514630516129,0.6542108433459819,-0.01976740537525819,1.034256304025014,0.42469271161238514,0.04720029614065442,1.1451436117052,0.22107961852127855,0.06913576667967196,1.2464254880965062,0.15013324289905344,0.059575303067898405,1.249406078490306,0.1374820388643659,0.08358086583821298,1.2197845934198899,0.1183325264942755,8.170212765957446
0.30318260635857985,0.701489664851046,0.7459017336961538,0.2967684932913872,0.23332891319997792,0.7630481573769491,0.273558306289719,-0.18001385578776136,0.79925251290146,0.278812570441728,-0.19397724284619636,0.6034882094775732,0.3356386732516922,-0.21214301172461442,0.6610712886950126,0.2618410976673115,-0.2547339536019274,0.8432785450565717,0.09868416952940595,0.698182791306352,0.7257145208988389,0.09626469722166066,0.23361663323529755,0.7615105816229492,0.09693395962412146,-0.16426831369130057,0.7974954393076941,0.12482186093619796,-0.19044783752511998,0.6108854851605608,0.0661149676886657,-0.20000826511689423,0.649359164268229,0.10174462608132119,-0.24075958793325003,0.8753421394018147,0.19991506209748205,1.2466951129762085,0.7243324226104384,0.24614867302140908,1.5007930358503823,0.6569151940185667,0.28811726688097256,1.349995951531532,0.6109059756693156,0.33874226237557375,1.22202808050035,0.7684454805133287,0.5415218949725975,1.0635761575371478,0.7521008377250744,0.7418417621189914,1.1412080149610455,0.6293180352756877,0.8087867610133046,1.2344059632363678,0.4964286563777779,0.8479360466433009,1.2503244929589192,0.5434288593621079,0.8520652217597845,1.2045544017054435,0.6040165746287128,0.055739780051447405,1.2015315869760057,0.6517843428127108,-0.018908350858337197,1.0208183067146326,0.4310032433578764,0.04526498221777368,1.1152959879977467,0.21868429798272931,0.06354736977668037,1.2117619100479589,0.15646028277830443,0.05635929200550566,1.2145499718705162,0.1272630233181524,0.08040320151900943,1.1854485702046933,0.11003726937594593,8.191489361702128
0.3032946145823684,0.7002117574220386,0.7476676777876845,0.29775047722143344,0.233838884393957,0.7603389752902758,0.2738539634026554,-0.1814086375249413,0.8000673939902399,0.2791448473753412,-0.19466783301872717,0.6032231803250675,0.3357046021775114,-0.21356461711396119,0.6608995629433425,0.2618119174167798,-0.25463063782938156,0.8431229681320244,0.09858892839557139,0.6968609427190838,0.7266562533881393,0.09670916763738799,0.23458300331343437,0.7579187592450618,0.09695870379414138,-0.1643507827403829,0.7963996917902458,0.12503157651737196,-0.1901191921898473,0.6083163234332126,0.06625110388928626,-0.2012699069067447,0.649885382806351,0.1020283988343532,-0.24008415796328608,0.8723784071512046,0.1993341070979669,1.2459623968306022,0.7219314468580965,0.24854844404915033,1.499622213676068,0.6490500448505161,0.291334626649392,1.350028437785011,0.6026356447181681,0.33930056113010265,1.2180947102035586,0.7728771447473819,0.5336766251539469,1.0469400457718145,0.7652326248854732,0.7347984451007188,1.110074018977306,0.6302758602634221,0.8140678179806278,1.2010950625497987,0.4971275469641231,0.8498152354303645,1.2122204109090264,0.5404622382869069,0.8495650943169851,1.1642887801901527,0.6105772559104223,0.055033503406152165,1.1979581083271489,0.650486574173943,-0.017459428927631717,1.010542326594863,0.44312663195719315,0.044671157482015146,1.085702186973927,0.22095026281345173,0.059408075685225735,1.1761178777855579,0.1660572289193073,0.056803443285754485,1.1775650296474403,0.11895831569562734,0.07949796562173789,1.1496863940661135,0.10161237850018612,8.212765957446809
0.30374184756134714,0.6988941669728971,0.7494268038416971,0.29877383603979696,0.2338300390253719,0.7581289319912768,0.27424982853001084,-0.1830409143574228,0.8013487113596819,0.28002179655945236,-0.19545186346009222,0.6036459239418893,0.3358935391820411,-0.21508427321931248,0.6610431609760304,0.2617999173975122,-0.2546876518626957,0.8431402495142194,0.09849604783491331,0.6956210844036306,0.7273080714732599,0.097358779020689,0.2354020414994972,0.7541907628685622,0.09711373279333124,-0.16445783942324538,0.795094876341142,0.1255976957014169,-0.19127911492530103,0.6083549859434982,0.06664128515537565,-0.20330065896399324,0.6514734064314235,0.10247479505998765,-0.2394854920955825,0.8689490128396209,0.1990353771365534,1.2450093388496482,0.720770376415793,0.2496761755706608,1.49860507259181,0.645440636563589,0.2947581341385452,1.3502688543608024,0.5953221576995945,0.33974751448505636,1.2137079888314066,0.7772291312164679,0.5245855569685374,1.0323048397496326,0.7733401520478466,0.7231382845850197,1.0764529191977148,0.6271932681105483,0.8159143548924388,1.16345466291664,0.5003941012622533,0.845149654501479,1.1686427944619486,0.5336353441425337,0.838676729224991,1.120191491466777,0.6046861739291443,0.05451547887347449,1.1947683066636852,0.6498626817450242,-0.015906831343889583,1.0027073185458648,0.46164485313254094,0.04488682920043967,1.054097212044941,0.23025132743238724,0.05922795577189159,1.1351699331680432,0.17692667568998863,0.060902612146870115,1.1343531159765743,0.11528113460174563,0.08016504112830981,1.1067640979520046,0.10149228038890504,8.23404255319149
0.30448076861561646,0.6977259188251608,0.7511277789447373,0.2997851956449592,0.23343790621345983,0.7566553368925333,0.2746679675797324,-0.18472115231282735,0.8028271605622005,0.2812766672056378,-0.196346551193594,0.6040804561802167,0.33617997806287836,-0.21632335702694316,0.6615022862507629,0.2617905295216258,-0.2548612612225181,0.8432795154042109,0.09838560368461112,0.6946796793227638,0.7272320328266096,0.09819773505094156,0.23608943595457962,0.7505229987015634,0.09737003415722537,-0.16461488452536255,0.7936237449208366,0.1265404363078932,-0.19431718221144728,0.6114692288507638,0.06724069692888196,-0.20605403738397043,0.6538715966639222,0.10297002600760874,-0.23903445105109772,0.8652743067037899,0.1993529632303623,1.2436683882024402,0.7208895808419957,0.2500407983088284,1.4975492813064806,0.6444978185191507,0.29786097163634273,1.3500662587040282,0.5888604620132911,0.34000366079821,1.2092167837965393,0.78090496306918,0.5125360286208448,1.01946268140741,0.77783426686255,0.7063545273048051,1.0399556739112399,0.6204788875151629,0.812776021315921,1.1173082299274462,0.5010245692637774,0.8334315987709964,1.1173507772535245,0.5209027996922015,0.8178281423009162,1.0698855697807197,0.5861196844936548,0.054064685307677246,1.1918423704291867,0.6496702714168201,-0.014214817104318843,0.9958672060479143,0.48566513859018556,0.04532948698886899,1.0186196837942487,0.2475318404072157,0.06377244796031614,1.0853359134977272,0.1906989051526811,0.0680129141569804,1.0812695653146016,0.12064370546286085,0.0819823486912439,1.052796812141544,0.11494829157945602,8.25531914893617
0.30534623352422097,0.69678766436965,0.7527756705788533,0.30074917970930803,0.23316073271634052,0.7555476784695067,0.27498455960124646,-0.18613147601601043,0.8040151158311558,0.2827681910616069,-0.19763120955993307,0.6044222461428845,0.3365005806096836,-0.2172649239394733,0.6620954658042839,0.26174313824441897,-0.254915049400951,0.8432944874213332,0.09824536906582372,0.694137498286121,0.7264292655693373,0.09910825537796256,0.23675275567277107,0.7471274683323044,0.09764828429454855,-0.16501001177281893,0.7922057740108956,0.1277161518239669,-0.19873550624856845,0.6166867755140569,0.06791909898105554,-0.20897201108602553,0.6566910549679701,0.1033873843991547,-0.2388255199520961,0.8616410920640107,0.20016790471775742,1.2420873605278275,0.7213227683031909,0.2500711854508419,1.4962167944783826,0.6446765915659101,0.30032833445368756,1.3492687763692899,0.5837502189782536,0.34002410772582015,1.2051151026366955,0.7835725147780239,0.4979257988183744,1.0084115408140648,0.7783845498726378,0.6857186405690525,1.0000653541870526,0.6141132477502504,0.8023200260866993,1.0614226297052298,0.4982058134467505,0.8155068690984761,1.0584400613371658,0.5041671424989596,0.7883592861955772,1.0126954232963703,0.5622312847866436,0.053569962165517765,1.1895256556332823,0.6500390135065481,-0.012553210969630928,0.9887508171452113,0.5130378113153232,0.045544939923694794,0.9790195331067637,0.2722737206846423,0.0720142389252091,1.026699790686396,0.20907378544304023,0.07716456046538206,1.0183354113554488,0.13852861768988411,0.0851324620260488,0.9886557524957507,0.1421077611168079,8.27659574468085
0.30617280612417636,0.695983820577068,0.7543057961938378,0.30164483335319187,0.23329883309772578,0.7542519394571403,0.2751175991941836,-0.18706411410473478,0.8045954939387443,0.28436146879757024,-0.19947591858794833,0.6052112220757571,0.3367784308133994,-0.21820659832120265,0.6625702974332462,0.2616191042554423,-0.2546425015005903,0.8429268541972291,0.09803657757100875,0.693898985427846,0.7253333140126355,0.09996682501630912,0.23734854947250875,0.7442238365321431,0.09792001955868695,-0.1656977389425747,0.790891705312291,0.12882397735252668,-0.2036811286374264,0.6225631902843952,0.06855605211774712,-0.21142647870882036,0.6595868869618071,0.10373227736392403,-0.23888795559904097,0.8581522957026728,0.20099092113237588,1.2406805025353815,0.7208868041084173,0.25001483751614295,1.4945802475506211,0.6450399100088688,0.3021610092866769,1.3481153233541796,0.5800821184427339,0.3399206923796796,1.20152579536051,0.784777613962337,0.48209610436378136,0.9991913436154183,0.774606087155459,0.6623277906034835,0.9563086906066998,0.6117305455199346,0.7816697988035601,0.9963918271630131,0.49513420912434675,0.7914016885162964,0.9916524896346925,0.4899465239490335,0.752985748443697,0.9496741563226128,0.5414444393331928,0.05304582503750545,1.188183111557395,0.6512050808019015,-0.011435887899005159,0.9805391073476595,0.5420161381866424,0.045297586372290616,0.9361927651777776,0.30311556680968843,0.0829801990882163,0.9616659992912376,0.2316744385854307,0.08730006841247852,0.9491192748000341,0.16816055883224854,0.08911571794396811,0.9182566056796805,0.1801526832360275,8.297872340425531
0.3069057309855878,0.6951926862609333,0.7556408887031206,0.3024814199559941,0.2337194692075215,0.7524993677580649,0.27506766570386004,-0.18753665456824,0.8045806800349142,0.28583573631154424,-0.2016189260178597,0.6068523682167913,0.3369865544266547,-0.21915757863515936,0.6628421721161517,0.26142382209854975,-0.2540655407376965,0.8421683565802627,0.09769336053697712,0.6938244046453563,0.7242055296069045,0.1007363349298003,0.23770004563944191,0.7418609873718973,0.09820800115208868,-0.16657090970901017,0.7895820125754042,0.12964702772365821,-0.20868528032089798,0.6282802088988068,0.0690968687658333,-0.21310777643151682,0.6622033533316548,0.10407943119625308,-0.23913060619690435,0.8547292862730658,0.20150660850920676,1.239765038678989,0.7193287685691605,0.24997294764222544,1.4929518076880228,0.6452653500924658,0.303472887313196,1.3469152969860738,0.5772663516952057,0.33984559440601714,1.19837786026316,0.7847050100567493,0.4662122723321469,0.9915313247815203,0.7694795148916954,0.6363247023313668,0.9101130339025533,0.6138911302312056,0.74922516193028,0.923696311586413,0.4953408212292423,0.7601530083740984,0.9174417278545556,0.4836276590244697,0.7139638234455724,0.882935616050971,0.5279817939009877,0.05242710172591571,1.1876100009841228,0.6531638937610884,-0.011140592270620545,0.970889892751843,0.5712361566805655,0.04471231414295572,0.8920269994655088,0.33741277234437606,0.09619532939257829,0.8939671037859843,0.2573353654566476,0.09732430849469884,0.8784818889701651,0.20467093476850265,0.09266678478348439,0.8464583312051867,0.22504005733745452,8.319148936170214
0.3076267910963646,0.6943866047855223,0.7567840214382502,0.30325458015723666,0.23418780162153996,0.7504093711871682,0.2748764164844451,-0.18767198568112717,0.8041231452801713,0.28687428726176034,-0.20368901455426722,0.6091718629860837,0.33713509681977055,-0.21973137102674156,0.6630036532209262,0.26116987040170175,-0.2533383328874205,0.8411721593929715,0.09717722162421448,0.693866903907819,0.7229450644228548,0.10142588886698985,0.23767538589353948,0.7400009483701678,0.0985118477333573,-0.16746555245795722,0.7882410511133956,0.1301588358469674,-0.21335726077145614,0.6334709297819535,0.0695318801080017,-0.21411922284436324,0.6642632136703772,0.10443223375163696,-0.23936793225431643,0.8513269291464122,0.20169468101481758,1.239410139655367,0.7171564098392562,0.24997699395084677,1.4917900149570085,0.6453553846818074,0.3043430419603097,1.345890159428318,0.5748056166776621,0.3398348380724779,1.1957334163326758,0.7840818682566253,0.45129698842634836,0.9848525336917313,0.766849134488016,0.6080853026224816,0.8647011519988984,0.6192608148729335,0.7060737990855945,0.8463513813053961,0.5002468762640234,0.7214763203625806,0.8395430243646662,0.4848398139597614,0.6730841659383516,0.8146311633576224,0.523896056305669,0.05143646074500847,1.1872063224678426,0.6556236243330837,-0.011276821078360352,0.9601517803098318,0.5986865943202226,0.044112543855958614,0.8492235406097643,0.37128827217872173,0.11052344328266234,0.8281094714455801,0.28586516121743005,0.1063198474286868,0.8109046207319974,0.24350415017692734,0.09465899320570634,0.7780961476660178,0.27181520969333045,8.340425531914894
0.3084269549352117,0.693593987053036,0.7577932963450946,0.3039150725035178,0.23463079447590857,0.7482478281172561,0.27459470485330845,-0.18759324709339062,0.8033975384798813,0.28726839640559104,-0.20531020479809012,0.6116927240318826,0.3371973351184003,-0.2195206937203328,0.6631581422938567,0.260863326984866,-0.2525989906239456,0.8401070637533778,0.09652132224208815,0.6939935963783881,0.7215549961196643,0.10203595816477601,0.23717046526955712,0.7387233700457638,0.09880175829313564,-0.16825905617071218,0.786921738726341,0.13042431531855525,-0.216745972037996,0.6373153624258885,0.06983823373011502,-0.21473420413101274,0.6657806072091224,0.10475617868711122,-0.23947895917782525,0.8480305637536137,0.2017140889638726,1.2395920619563223,0.7148526704243351,0.2500143995897698,1.4912619827825617,0.6453956848635196,0.3048548062695752,1.3451467745914385,0.5728769155087601,0.3398516367717812,1.1936606930079976,0.7828507897111068,0.4387350945705839,0.978368275437058,0.7672709653979335,0.579173796528902,0.8234142546445632,0.6267258202583672,0.6558503728673678,0.7703881873066889,0.5090933834726677,0.6767513414331483,0.7648065461958833,0.49073138404880556,0.6328406427964386,0.7475998804030923,0.5324306397059646,0.049793235946261484,1.1866477344144368,0.6581928953523536,-0.011064485850258278,0.949145299414949,0.6223857568075054,0.043721700552631346,0.8103847271541651,0.4016481246772384,0.12344588379950056,0.7687136337123974,0.31774975550427403,0.1138542163098506,0.7504953650439523,0.28288594672320994,0.09465156454172102,0.7177457220344508,0.31529466389083405,8.361702127659575
0.3092444927120424,0.6928480471421429,0.7586959488265022,0.30440290195608277,0.23515449741342398,0.7462383089747664,0.27428627035098774,-0.187391861588482,0.8026657075258676,0.28717360081643406,-0.20592524755105013,0.6141325855186442,0.33712934926215854,-0.21830111678970152,0.6633834301473005,0.2605491200217184,-0.2519843975737789,0.8392032454798538,0.0958205607932345,0.6940980649913661,0.7203773589376563,0.10260751330808854,0.23611271367723022,0.7380915986035771,0.09904671555340021,-0.1689207255535713,0.7857066475104371,0.13047979766496515,-0.2177925026960381,0.6386604607605046,0.06996502345590679,-0.2149977331311474,0.6670053983668913,0.1050473134136084,-0.23949010031398538,0.8449904688836906,0.20176801368557556,1.2401396748932363,0.7126725243585867,0.250041554941121,1.491187574799661,0.6454343837508647,0.30504922851307514,1.34470772562516,0.5721623080565448,0.3398748502738129,1.1920531109260184,0.780589179196811,0.4302803620652883,0.9713566927057611,0.7695178057912306,0.5519745768655828,0.7890489181447372,0.635734098146949,0.6037767717240992,0.7040352535806349,0.5213629422703003,0.6290405582282604,0.7008717591005768,0.5004718378479086,0.5962767783877158,0.6867831078415778,0.5550403515086639,0.04748098017276085,1.1860630075093366,0.6605140065041163,-0.00994550971290508,0.9385847834330417,0.6414107455255913,0.04354145300257571,0.7772266493558,0.4280365672231544,0.13214213342060463,0.7202665306535777,0.35217980074517397,0.11964924389831011,0.7006445076725071,0.3217804138972376,0.09339256560705023,0.6693478466977988,0.35236635666391736,8.382978723404255
0.30991091748853594,0.6922048317521248,0.7594099647960482,0.30471894771659747,0.23589191297494727,0.7444854189880452,0.27400472399714065,-0.1871130972270554,0.8021576448561238,0.28694844511162293,-0.2052027959918848,0.616527821576661,0.3369440830539585,-0.21622113513619787,0.6637065977756064,0.2602896825563151,-0.251605972113471,0.8386693103160996,0.09517431635285489,0.6940283211273952,0.7197955502518087,0.10323259688264437,0.2345864886316785,0.7378760855975075,0.09922377725966204,-0.16943033400382945,0.7846863241605099,0.13026154326430514,-0.21640387997895053,0.6373008068095004,0.0698895190274543,-0.2146326432812238,0.667771972568475,0.1053005692053787,-0.23944966509027904,0.842312651928679,0.20185987285025103,1.2406662810483093,0.7108431823249015,0.2500314515558449,1.491344258738029,0.6454442673487766,0.3048403738975892,1.3445577260750778,0.5731039940201759,0.3399002794213235,1.190673698763866,0.7777025822177294,0.42655182228909055,0.9636124755858793,0.7734076065444548,0.5281314216882205,0.7632051456630157,0.6450443068792255,0.5545863368357495,0.6537803626519675,0.5365287630682223,0.582141837201271,0.6524607464697907,0.5140442715998126,0.5647317087678487,0.6376635695611232,0.5850999424990473,0.04478626220751257,1.1856167274465248,0.6622662643743894,-0.007949443072294716,0.9290177394376626,0.655702269188907,0.043313125061487594,0.7503524761804128,0.45239378935020547,0.13568862705624826,0.685493754061863,0.38626898521300634,0.12329356412245902,0.6625263086699792,0.35844991157861406,0.09245553272204715,0.6341665410021341,0.3843028234125287,8.404255319148936
0.31029603181160836,0.6917421502433805,0.7597611436206533,0.30495248744383996,0.23681476143538505,0.742849893920829,0.2737736306468952,-0.18679311054566144,0.8018167562927029,0.28676416216339284,-0.20339375295573903,0.6188316171708702,0.3367109842122979,-0.21376491142364873,0.6640937135180214,0.26010646880404054,-0.2514674001265163,0.8385249529477878,0.09461800644109147,0.6936980151576881,0.7198628679032139,0.10392841818923591,0.23276936641857404,0.7376745228760828,0.0993475628214593,-0.16971478587470623,0.783864551383987,0.12969716674357165,-0.21355325907152242,0.6343801761325312,0.06970371355530552,-0.21339493608329474,0.6671707499457398,0.10548946031860358,-0.23940287262040927,0.8400819990983608,0.2018179167245316,1.2408947871190006,0.7096877489284246,0.24998973886754747,1.491479565690934,0.6453776156452057,0.30415529456404716,1.3445888007694007,0.5752926010825813,0.33995538068619546,1.1892825443784292,0.7748161764458739,0.4254861259068675,0.9554085884634143,0.7791906035517391,0.5072903392018929,0.7458778488494122,0.6513795112010994,0.5106572719055386,0.6210679150803571,0.5502764830949916,0.5384043344158391,0.6189930496760518,0.5287499542147518,0.5363916943400728,0.6026728505732114,0.6093202707188241,0.042133891237728024,1.1852290103619425,0.6631535622269578,-0.005589261229916702,0.9210879437271242,0.6660835619385969,0.04287776343280275,0.7293284422975023,0.4771604741470282,0.13579961270685623,0.6628554265809343,0.4177666907548202,0.12485431123024127,0.6345033899885199,0.39207546332838106,0.0925389413034494,0.6094191845957588,0.41491338535993605,8.425531914893616
0.31032355293926533,0.6914566655500117,0.7597217693750282,0.30521218746065343,0.23776500287420685,0.7410823875429298,0.27360215359968526,-0.1864384407074846,0.8013301852073031,0.28657553275354825,-0.20091812509240453,0.6204749529655893,0.33649993939421396,-0.21133468117422863,0.6645333489459293,0.25998939229371215,-0.2515029037144005,0.8386833250636686,0.09410034007693914,0.693147049640698,0.7202827035851991,0.10459482181017003,0.23072827444665542,0.7373265593795149,0.09950371171514616,-0.16971246170725213,0.7830164780172201,0.12887109391201945,-0.21027506118293646,0.6311679497289013,0.06959180225410759,-0.2113546388626424,0.6644350036917149,0.10562511547234112,-0.23942746230766682,0.8383382172607808,0.20156032591364115,1.240800867851376,0.7093852986030155,0.24993728062411708,1.4912856043398979,0.6452066221885859,0.303006799679723,1.344602546969268,0.5778042959609913,0.34007553316195405,1.1878049316946344,0.7719567930429706,0.42407759528542865,0.9474905186894933,0.7861026656695884,0.48838718751354104,0.7364976959558492,0.6508651911891749,0.4726757920488308,0.6035564164658879,0.5557811831381706,0.49855574395886243,0.5976540004579798,0.5393576656622142,0.508843109647011,0.5812289066391881,0.6189113617427198,0.039875182848521686,1.1846959203080825,0.6631127886149091,-0.0034182924870883283,0.9153320115756604,0.6740445362938592,0.04259582331258823,0.7132082676434,0.5034733816457351,0.1349094470999373,0.6478889419362682,0.44786324724608884,0.12497855623566184,0.6137222504050789,0.42401224058353226,0.09315944141981705,0.5911491945294397,0.44556277868648214,8.446808510638299
0.30995091978096495,0.6911886662398239,0.7595875388496133,0.30553815828615527,0.23862995611478155,0.7391677247144498,0.27346750313879686,-0.18594114158551714,0.800453076289242,0.28635506275887057,-0.19809260853757155,0.6206854041805175,0.3363335795168969,-0.2091418318633512,0.6650112702960709,0.25991361208818853,-0.25164142490698993,0.8390397003731669,0.093553026478059,0.6924173334641482,0.7207515526979269,0.10514507364994473,0.22839977633461003,0.736993244852325,0.09981412831908765,-0.1693688689088147,0.7817933664961833,0.12797216369115344,-0.20700631218117502,0.6281159490332447,0.06966778468291733,-0.20869707671193408,0.6597784525564574,0.1058037196184658,-0.23950470286177578,0.8368822723108988,0.20111000507903484,1.2403506715414725,0.7095801835242652,0.2498914955833071,1.4906533043415489,0.6449389607850256,0.3013751488877512,1.344522689485046,0.5799924507188017,0.3401812053877111,1.1864131255201291,0.7690958762478111,0.42153996823881645,0.9413291191594679,0.7923343430961081,0.47174265018180406,0.7341015592451673,0.6431554155815054,0.44147358125756664,0.5989187395494809,0.5503234493767702,0.46433506409164715,0.5878404681288238,0.5416737362163289,0.48287098427804664,0.5727659969941344,0.6159129911014652,0.03820778024689795,1.1839182759193092,0.662539407144501,-0.0017323179744401554,0.9115725330576445,0.6805969585477536,0.04294548418068431,0.7010565375243889,0.5307030604570746,0.1341863656613391,0.6372893350578532,0.47894176050644854,0.12447550481004299,0.5983139434332243,0.45618663469584475,0.0943617773248647,0.5776782009277656,0.47425132205521203,8.46808510638298
0.30923010803578754,0.6907688232268931,0.7597588222223877,0.3058892487888897,0.23937799708744126,0.73730684536004,0.27328856790683337,-0.18517895348024807,0.7992236938611125,0.28614188126462126,-0.19533941103960153,0.6193945559706495,0.33618438911607906,-0.20741597105968884,0.6654199936299716,0.2598276233852081,-0.2517975819932429,0.8393851226792035,0.09297193811967724,0.6914951377987064,0.7211480790479643,0.1055771515836708,0.22578051287376344,0.7368436462273533,0.10034988644602608,-0.16858927136297494,0.7800563368437073,0.1271482666043311,-0.2038851309761555,0.6252799395153341,0.06990674336674853,-0.20557234729103938,0.6540321365049628,0.10612836595786178,-0.23951314242874946,0.8354048761863678,0.20051219757557698,1.239486796647059,0.7096211384494029,0.2498545451069876,1.4897215207006114,0.6446121488797667,0.2993470094349926,1.3444346603925335,0.5816815135621198,0.34008659751414383,1.185303966129881,0.7666544505683159,0.41911356167103186,0.9382509668250808,0.7959223329577678,0.45822643267071755,0.7366559352338529,0.6319290770113372,0.41826286478448266,0.6058269084258702,0.5361369118358584,0.4388752029710466,0.589776536856895,0.5354902069378515,0.4619921800834733,0.5770024632010782,0.6056543509401047,0.037257382198612195,1.1830060015912336,0.6619120281829947,-0.0007427732594249504,0.9089242112233811,0.685987635802884,0.0439650202025116,0.6921297053827087,0.557040947101036,0.13382633785882625,0.6297612218407662,0.5106024339519741,0.12442872796614919,0.5878958061704128,0.488206536697519,0.09689921260123739,0.5690988953388927,0.4990044381196035,8.48936170212766
0.3082802866393519,0.6902719593762658,0.7603797011441944,0.30620365809069194,0.23999046885356845,0.735580868402602,0.27299043601767037,-0.18423164337153863,0.797860290284037,0.2859089471284755,-0.193060587710093,0.6172942146824993,0.3360285252936306,-0.20634294953757862,0.6656062551636471,0.2596847847856008,-0.2518867043405283,0.8395068804702212,0.09239820075157762,0.6904478563345635,0.7213931941854872,0.1059308077140313,0.22305424255439033,0.7368414442592705,0.10104464303603938,-0.16746193295031925,0.7780393164533125,0.12650596023035893,-0.20131026209155495,0.6229504284748749,0.07024693368500032,-0.20226850628134602,0.6479686339347928,0.10655943613962739,-0.23941135973613376,0.833903183117564,0.19976115536708247,1.238332372440286,0.7092574991847309,0.2498155690467497,1.4886712246629261,0.6442596613977071,0.29731520684766577,1.3443466656983138,0.5829993898132174,0.3397248395659891,1.184522821341275,0.7652291567173042,0.41784454344381106,0.9383062425474189,0.7957866514569347,0.4477384204061509,0.7428070960337207,0.6197615855632734,0.4036081493853969,0.6226408145103066,0.5151884539271745,0.4239149375285711,0.6017642010253181,0.5229597280164995,0.44888063770948455,0.592385253396891,0.5884800590543859,0.036987868280873776,1.1821249515039547,0.6613196662283534,-0.0007614596360911853,0.9067406191358174,0.6902906389214721,0.04542861785890407,0.6862990331210672,0.5801127811771658,0.13413549384465884,0.6248708526711497,0.5399338042007139,0.12580497159620568,0.5827580935691534,0.5165304186428904,0.1007302791867693,0.5653558098765036,0.5189779048247869,8.51063829787234
0.30709728956198173,0.6900154933963019,0.7611530950127273,0.306457409241431,0.24048455699886437,0.7338185410560589,0.2725733961753832,-0.18332187729452182,0.7965855724208404,0.2855721364778431,-0.19137610868423774,0.6150265089678237,0.33592139100529117,-0.20587867573232113,0.6655173770431183,0.2594898913650064,-0.2518859593131269,0.8394127668412752,0.09186033447548733,0.689418854424519,0.7214845667019573,0.10623872337206852,0.22047698691103887,0.7368575804845471,0.10168871120696125,-0.1663916679219024,0.7761595289182593,0.1261502147208396,-0.19987769392722202,0.6215724762931163,0.07066102403818858,-0.19923515282826554,0.6422159557308802,0.10692614148785601,-0.2392581475943163,0.8326426139756654,0.19866584061563522,1.237112488580014,0.7088297199006015,0.24977799269046458,1.487634229082607,0.6439130820178942,0.29571238012391987,1.3441245642449604,0.5841597277404867,0.3392298502775413,1.1840655742051003,0.7651732319402461,0.4179192500196275,0.9406418386094884,0.7924040861444273,0.4403644803448815,0.7535728157629891,0.6050112170175244,0.39712405172070797,0.6470352416409448,0.4873854151994642,0.41860734617699646,0.6218587947733936,0.5035921113099052,0.4435209663202997,0.6160091725021479,0.563129015718991,0.036979407296325165,1.181237258102882,0.6608756214745352,-0.0019986304177432566,0.9051593406546886,0.6935818329860375,0.04706872451913914,0.6838903012338432,0.5973868920236072,0.13551035929738625,0.6228131230152903,0.5637440359610834,0.1286025212424465,0.5827199392589049,0.5373766527589534,0.1047282328776692,0.5656193069535389,0.5333353110010124,8.53191489361702
0.3055497171473626,0.6901775983517535,0.7615102119432825,0.3066542916796742,0.24091395323443393,0.7318676190407314,0.2720912866358023,-0.1826608105813271,0.795731475795922,0.2851162035285166,-0.19027983467424073,0.6129147650916986,0.3359494234157689,-0.2058457299166639,0.6652677219466675,0.25929398874211107,-0.2518788960093425,0.8393065170151727,0.09136909080012479,0.6884996085574555,0.7215884536826562,0.10647819614799775,0.2181342117886309,0.7369261927932436,0.10208807946349371,-0.16572904494519197,0.7746966583149635,0.12610500950086165,-0.1997267688553225,0.6212807289157202,0.07112226794726047,-0.1969195644584576,0.6375485367463645,0.10710562805078441,-0.2391407990893926,0.8317775405723192,0.19707205500730016,1.2359715967177578,0.7088511830069104,0.2498163910755557,1.4867328293619257,0.6436472322595967,0.29465318387545814,1.3436805525320688,0.585123605506517,0.33867735002152644,1.1838948067935073,0.7661989301631469,0.41912274846984876,0.944466266630369,0.7873229880890846,0.43749329414883475,0.7702063971396599,0.5856299830254412,0.3978686375474717,0.6768443279110021,0.45310382387841475,0.42094912125286155,0.649539104761832,0.47494006735650035,0.44438278751946614,0.6445046832723205,0.5328655441913779,0.03668029686840546,1.180152783787689,0.6610856096371938,-0.004340373850444727,0.9044410201255454,0.6958720355568836,0.04839973261260526,0.6844634719557905,0.6074597662270799,0.13789756503059125,0.6235736725968132,0.5797563434414507,0.1319864309432579,0.5863567179069489,0.5500999123684726,0.10758428099713035,0.5684640293747006,0.5416938473929094,8.553191489361701
0.30363261343017806,0.6905020669934063,0.7611974219855784,0.30677761582514834,0.24128501110050088,0.7299614311731749,0.27162221148120164,-0.1825247691105472,0.795832615136142,0.2846214436488855,-0.18972236280041868,0.6111521053621896,0.3360413840462125,-0.2060451926769096,0.6650787938903957,0.25915597098395066,-0.25199874998982624,0.8394089255566575,0.09094264858777097,0.6877395758046125,0.7218284391007028,0.10658758528786669,0.21593473708686398,0.7372144911870946,0.10221274981939653,-0.1654991993900047,0.7737020881702145,0.12623540304192965,-0.2002576464695298,0.6216476350302513,0.0715683705882495,-0.19566209179421176,0.6348944849037362,0.10706972642445087,-0.2391731685784325,0.8312798163544967,0.1951727582689902,1.234955099703676,0.7093230727299056,0.25003598249865855,1.4861042789723609,0.6435563967583569,0.29393265687177306,1.343038527147832,0.5858571947726086,0.33787500215752037,1.1839003626110933,0.7672966711412487,0.4210882515895866,0.9494128648741282,0.7816057858022669,0.4404254952433931,0.7920098660720306,0.5637734011435417,0.40487870309784796,0.7109128877122369,0.41587066286515506,0.42886069654965847,0.6847865827350308,0.43868684827090076,0.4502700618771291,0.6755226205911736,0.5030320659703289,0.03587713199555188,1.1788361131302858,0.6622317619225868,-0.007372118467196227,0.9042893086337548,0.6973530708230269,0.04887076514232112,0.68651210866468,0.6114349409547291,0.14065934691432638,0.6261976907860238,0.5874539500413478,0.13514847082161402,0.5915954793526121,0.5565394058511631,0.10865240278297082,0.5724254778525923,0.5451392520424344,8.574468085106384
0.30152836311631204,0.6905885326693019,0.7606536382525124,0.30680893281557775,0.2415866671148813,0.7286377291691528,0.27123622097990885,-0.1830806853646833,0.7970970511711502,0.2841497722319373,-0.18945510419580483,0.6096065828535713,0.3359555323122013,-0.206195343179881,0.6650221258273414,0.2590880213262746,-0.2522789080209774,0.8397571100844876,0.09060631838203774,0.6871863809691052,0.7221676805837431,0.10656133002415152,0.21392058721468266,0.7377059417221625,0.10213968466988915,-0.16558422398704514,0.7731445971141615,0.12635511633592392,-0.20056321136272204,0.6220562528627415,0.07189680206077424,-0.19550797220432167,0.6345392509534896,0.10681461099513079,-0.23941211086704672,0.831056267930988,0.19311180018262744,1.234027864759863,0.7093123632397458,0.2503514731716275,1.4858257888178363,0.6435610335313124,0.2931626138793386,1.3421983881134878,0.5870572539701318,0.3365802474420408,1.1840806536418254,0.7673437264320169,0.42357769136444257,0.9556368606329881,0.774993133566633,0.4488623207477267,0.817647294092436,0.5440179884886756,0.41763310475910953,0.7492598816647134,0.3812122485367274,0.44065404082764126,0.7275720778793593,0.4002505562883608,0.46024467810488157,0.7091974231735166,0.47554918633304055,0.03462453839250197,1.1774703277944292,0.6640450823930475,-0.010550124158332948,0.9042430461667061,0.6984912629824882,0.04833925295480615,0.6886343383953614,0.6120123415032238,0.1427825587604915,0.6294806870791344,0.5880412407407878,0.13769327875708204,0.5967993000591916,0.5585056094873004,0.10828320080991304,0.576311049929521,0.5458702736498467,8.595744680851064
0.2994028114321746,0.6903315859730175,0.7607162267975791,0.30681319963325904,0.24189254965239598,0.7282064086553646,0.2709443252427694,-0.18404081634708308,0.7989942507595593,0.28364709227811985,-0.1890517006246083,0.6077840327482551,0.3355301274236989,-0.20600230459737437,0.664694166969424,0.2590382551460454,-0.25263807680488715,0.8401188951041016,0.09034297862103847,0.6868600435327398,0.7225615769444307,0.10645731270730184,0.21237217365370675,0.7382174828798145,0.10193015489828243,-0.16589450380450366,0.7730130873627171,0.1263527855996502,-0.20007596491141305,0.6222993964565199,0.07201249323707407,-0.19597433534344272,0.6353991791615179,0.10637593030722903,-0.2397842584774797,0.8310446776389541,0.19052542180303056,1.2331714987657834,0.7075496610483152,0.25042778756954187,1.485790416738299,0.6433165590216088,0.29197518979793796,1.341169108693847,0.5898301155617005,0.3348528363862896,1.1846878916218055,0.7658986152864634,0.4268120112710665,0.9636634451155641,0.766610719475705,0.4614554858480441,0.8469674024237924,0.5282203588300176,0.4353543467646996,0.7925796957950952,0.3515753136071348,0.4553017172743137,0.7772898746478873,0.36336760277691504,0.4726502358047039,0.7476060780051005,0.4486731696094354,0.03293154927573986,1.176163490524139,0.6663232825083728,-0.013519035029056353,0.9043005669284785,0.6993683317441346,0.04710327707878116,0.6903940919042333,0.6111796603320278,0.1433282976138638,0.6326128728819742,0.5836311971552505,0.13930191137089332,0.6011987455609579,0.5574612558180505,0.10735502834676883,0.5792340489630082,0.5459672900256105,8.617021276595745
0.29729601972424874,0.6898901951505954,0.7620544861128143,0.3069304038956588,0.24234143129098595,0.728475090210688,0.27071471910365713,-0.18494480231288699,0.8008526598528025,0.283082761380817,-0.18826395958339368,0.6055511736112243,0.3348655474198757,-0.20536080625867958,0.663613580283055,0.2589562675495148,-0.25302603384083205,0.8402222621923177,0.09005937311818585,0.6867273021737264,0.7230574208710987,0.10631553772704722,0.21154065524064877,0.7386570027915256,0.10158900402070219,-0.16634682971542353,0.7733182072445566,0.12627009944312712,-0.19895231096670454,0.6225558152770753,0.07195898040297413,-0.1963790508935755,0.6360189965659583,0.10582491426594016,-0.2401883560346563,0.8312681107651775,0.18705715980594825,1.2325192549633182,0.703571525842929,0.24992162896364217,1.4857507585314622,0.6426730011146092,0.290169013817197,1.3402147614787248,0.5944614482757801,0.3330210603670881,1.1860795236758193,0.763491426300482,0.43133305830874835,0.9738701393192771,0.7559405474543723,0.4770055952254394,0.8804575559081499,0.5144140537536696,0.4560472858530159,0.8408027771045861,0.3256711632663561,0.4716586077100745,0.8312303808370191,0.33015451646248906,0.4856949782526606,0.7918366197272059,0.4205295062501723,0.030796595782977946,1.1748408329749933,0.6691481615039541,-0.0163445013139784,0.9047470257640235,0.6991759748375975,0.04555461321435368,0.6921571916587959,0.6092527748174472,0.14193911379611712,0.6353234863847017,0.5763532075741029,0.1394091853413624,0.6048749608448255,0.5549606155190242,0.10641486784881238,0.5809851110896823,0.5465565973992851,8.638297872340425
0.2951879748135954,0.6894940509581218,0.7647156031449691,0.3072207425724792,0.24297034457780356,0.7290789280735386,0.270534106227763,-0.18564956058060966,0.8024596264109931,0.28259803927970706,-0.1874943985249865,0.603536092711376,0.3342417446713867,-0.20450483916985018,0.6620180998920792,0.258842525587023,-0.2534393267913412,0.8399950179017892,0.0896760647062279,0.6867266818907742,0.7236814176684652,0.10613499351351002,0.21144261872536876,0.7389906990683985,0.10109220233283442,-0.16689391303751644,0.7740792813885684,0.1264014117661062,-0.19790868010370544,0.6229312989662407,0.0719109384472169,-0.1964657862418046,0.6360820462843876,0.10524838293290485,-0.24056055027108705,0.8316142265417488,0.18309529554472137,1.2322468673208515,0.6980948061154283,0.24858189931641017,1.4855811753070096,0.6422679302989706,0.28755834736354163,1.3397341743934899,0.6001236663625216,0.3313018160283937,1.1884592788113957,0.7611347175398608,0.43753962512788147,0.9864917224276081,0.7427250932803272,0.49441090026342216,0.917319379721602,0.5001578360961694,0.4771220953900761,0.8917644326131845,0.303486966250782,0.48827708058792746,0.8852118134120102,0.30356895132198924,0.4985449880792987,0.8398105916419312,0.3919318329708025,0.028333371143348718,1.1736196511829096,0.672388318046037,-0.019207633358468847,0.9057387674327975,0.6967887533464037,0.04395947083401902,0.6943582812645974,0.6059774957328012,0.13904708523875822,0.6377944762291535,0.5678635217757612,0.13758594579358616,0.608273871022921,0.5522807376594647,0.10528483023221578,0.5821135640623032,0.5478709690532299,8.659574468085106
0.2930811095604152,0.689385366664848,0.7682118623962272,0.3075971779606783,0.24359977652963963,0.7298757236868207,0.27042406958264414,-0.18627370728771117,0.8038995577061847,0.28238873897060235,-0.18747586277668604,0.6025498210812884,0.33391541476755393,-0.20393274864912286,0.6607586726153352,0.2587125806303016,-0.2537946072069048,0.8395117219932564,0.08925248437588411,0.6868876430240123,0.7242733876856435,0.1058742644532804,0.21191996835482352,0.7392323039186783,0.10046704289314234,-0.1676078755481381,0.7752625941666886,0.12711724449664208,-0.19761316744763158,0.6232906048887131,0.0719409012768289,-0.19632388378017648,0.6359954053429727,0.10478952110411778,-0.24081068165322234,0.8317776036112784,0.179552833796296,1.2324210134750286,0.692452849062952,0.24621291430632836,1.485455368941557,0.6432235338616361,0.28398347597613605,1.3397673825853769,0.6058500725987046,0.3296101716029106,1.1916923049289545,0.7595275865389512,0.44532578072242657,1.0018375006947182,0.7265522812500484,0.5120211189984375,0.9546244808981237,0.4851561804715262,0.496872148587441,0.9418196488528511,0.28696053491691137,0.5045711423872645,0.9361459602668045,0.28480564774081435,0.5111136696778209,0.8877012827217006,0.36506447316262075,0.025657977093580576,1.172946700128587,0.6757248885701959,-0.021927332567638347,0.9073225507446926,0.6916001062691964,0.0424212538885248,0.696932844814985,0.6018259151511417,0.13564581245831467,0.6401459211892716,0.5596386960830492,0.1344035794143249,0.6116032718672256,0.5500066220398205,0.10353075896408065,0.5831970410020301,0.5496979750302209,8.680851063829786
0.29104188503817446,0.6897393947554846,0.7720708181479069,0.30796032284138974,0.24400406505211017,0.7309630154874499,0.27040456705062066,-0.18689920137495153,0.8052744139639898,0.28253351407839017,-0.1883639707469722,0.6030195057050446,0.334020838219262,-0.2040383217596889,0.6605917227019283,0.25855311479598536,-0.25395905489002585,0.838859584193895,0.08891308328956528,0.6874026286186075,0.724517992344387,0.1054521098367869,0.2128226011816863,0.7395708780242589,0.09983680912206051,-0.16852424964873394,0.7766676284663727,0.12852372097026674,-0.19827612030175137,0.6235195399771192,0.07195100030589391,-0.19607409501289785,0.6358524046958033,0.10459807019895107,-0.2408484616946365,0.8316975141254078,0.17703667285873548,1.2331199300248035,0.6879602639383069,0.2427673998521847,1.4856906705183084,0.646160559482368,0.2796490079840602,1.3399772763850644,0.6113667702910551,0.32784279230938507,1.195340865431201,0.7588812233696183,0.4540639689428083,1.0196151531140372,0.7075444795064072,0.527782305701163,0.9891133540172745,0.47060725245806756,0.5150519549870052,0.987748488854174,0.2754197707657211,0.5207966153801764,0.9825035887404618,0.2708030620984758,0.5234014877430075,0.9323213583095529,0.34026015822593103,0.022805870220467865,1.1731254952541597,0.6790432782747429,-0.024116836757052548,0.9096160833325806,0.6839542626865098,0.040892764054556,0.6996413860360007,0.5976933513274385,0.13270179230745588,0.6422054526159977,0.5529867746898225,0.1313982837798877,0.614832199477485,0.5480232614467042,0.10122248088317728,0.5841834718088249,0.5517479553654768,8.702127659574469
0.2891494361406955,0.6906285263048683,0.7760942636814763,0.30825951599529483,0.24416337853219575,0.7325065746377576,0.27045185322791876,-0.18743788527761318,0.8065774442497228,0.2830025378246544,-0.18988202585364927,0.6049281997848506,0.3345895210982456,-0.20485423480886886,0.661772077597143,0.25834230170235345,-0.25390954996885434,0.8381021948178647,0.08868151789062115,0.6884936826787487,0.7240984926889238,0.10481517570596822,0.2141165140560076,0.740238004690935,0.09931096658303146,-0.1694903248901468,0.778018003549197,0.13040458722350368,-0.19971415187600458,0.623727538888077,0.0718920367581328,-0.19602060580959335,0.6357630592856125,0.10467045774953349,-0.24071727930731426,0.8317135213808092,0.17545901366771524,1.234514507944304,0.6855635184616952,0.2383584614673971,1.4865057270421886,0.6510156714455574,0.27513182754808657,1.340168525241001,0.6168879868768586,0.32620372213075793,1.1989802820725495,0.759295139752006,0.46281185713393663,1.0384685339855888,0.6873067026635606,0.5401357344679292,1.0194117490400567,0.4571198292098394,0.5318367680048859,1.0275564978741,0.2645989437011485,0.5366669337854802,1.0228539231375975,0.2573458672449298,0.5352048080108076,0.9713983507469822,0.31731252707816776,0.019808345603168187,1.1740445955791534,0.6823701806183746,-0.025724311843554174,0.9127141454846843,0.6753513458366092,0.03931794394883956,0.7025203765840079,0.5941568323725614,0.1306110910100711,0.643915713728918,0.5484774771409526,0.1295001657048275,0.6179245154391784,0.5463227611433878,0.09891905656459277,0.584785158113858,0.5536923908584075,8.72340425531915
0.28738030905450906,0.6920628905934931,0.780294893807312,0.30837621423713035,0.24425957944091387,0.7346130984143938,0.2704989439888048,-0.1876854484399497,0.8076027892352646,0.2838253019117214,-0.19208632988892746,0.6079922154578896,0.33559234157294715,-0.2061831515554898,0.6641011483610998,0.2580915196060598,-0.2536869330380281,0.8372604637556079,0.08851366037746052,0.6902350515907234,0.7228516629005308,0.10398217170038938,0.21585495852712025,0.7413024665860539,0.09886323986445808,-0.17043573050245867,0.7792733410311746,0.1323720269078829,-0.20163061445251,0.6240167675190564,0.07186363223591444,-0.19662187252459568,0.6362751201221518,0.10479000292451489,-0.24061324184709013,0.8321918779768219,0.17446516166450177,1.2366028401543598,0.6856770005107627,0.2331709547731577,1.4880069190423182,0.657790854112643,0.2710145533718687,1.3405473713815859,0.6222890316567176,0.32506660365060364,1.2024527963847411,0.7609082742387749,0.47032776200102866,1.0569261411905924,0.66872019061331,0.5488376428257333,1.045383610314171,0.4442641313356934,0.5466207003441245,1.059861810917333,0.25054027459447814,0.5511684970420077,1.0554750121615009,0.24253717527658142,0.546118696151713,1.0031602894598608,0.2985190072088085,0.016806177247022106,1.1754343739846111,0.685731538856664,-0.027154568979778297,0.9164070421758732,0.6678293583042801,0.03777720187226668,0.7055216194217662,0.5915767462656509,0.12917550718039783,0.645561047070117,0.5457553631859912,0.1281188850269222,0.6208726082290025,0.5455119135733992,0.09695567904388534,0.5852169537702427,0.555254805453758,8.74468085106383
0.28561957792933734,0.693967115335494,0.7847307470359424,0.3081027477042459,0.24452769518432685,0.7372667079437295,0.2704902352438726,-0.18749979702906436,0.8081004755198851,0.2851093055898534,-0.1952334782584893,0.611881519106836,0.33691748909409824,-0.20786657480840215,0.6672216920915288,0.257820869656803,-0.2532327317191336,0.836248741650924,0.08840316716055927,0.6924880744743772,0.7209971501042575,0.10299826806047722,0.2180869728945935,0.7426944434261601,0.09839684603037709,-0.1715127066748521,0.7806525387330853,0.1341148745805466,-0.20390046088193464,0.6242677290802874,0.07195740103598174,-0.19811895850613284,0.637817734860588,0.1047147735595995,-0.24071581174395362,0.8332519595288382,0.17399427798078826,1.2390597877625946,0.6884228926449529,0.22742981449818683,1.4901996237031119,0.6665985060217505,0.26765559376834647,1.3415078148072344,0.6267539025706144,0.32453007542705037,1.205807305696165,0.7635431858148298,0.47521873016242183,1.0743619458503488,0.6546163696686278,0.5548152417461241,1.0663850107360275,0.43260233183235586,0.5584724823596473,1.0836083120712605,0.2332252251888392,0.5635822807045296,1.0791667607640478,0.22730620286399944,0.5557705912058247,1.0265662332321166,0.28648010059816664,0.01411939825214258,1.1770666781153387,0.689059952199327,-0.0288337602809823,0.9201343274033617,0.6627899812537867,0.03638882519757201,0.7081702491528992,0.5903284153716966,0.12814760771339037,0.6473524224225444,0.5442430786514447,0.1263718320841452,0.6236659263947947,0.546014352740103,0.0952037812041239,0.5858981958584928,0.5566152698640955,8.76595744680851
0.28379902539880736,0.6961450269239208,0.7893087476634653,0.30730473143227355,0.24505129524628885,0.7403730710428573,0.2704289237522166,-0.18691373663902022,0.8080531778293151,0.2867257092421194,-0.19917028402148818,0.6160531787969398,0.3383002713878437,-0.20986347363688387,0.6707537344925778,0.25751943269980054,-0.25245182788333126,0.8349201540281042,0.08834642507500762,0.6949451656388629,0.719150613644197,0.10189602021324531,0.2207412753261233,0.7443205283877571,0.09786088032507333,-0.17278105331717789,0.7823140682430099,0.13558810311035696,-0.20634930553193778,0.6242993094784564,0.07216869010124483,-0.2004476686808239,0.6402674931435449,0.10440232921436507,-0.24104780393563557,0.834840516439464,0.17401786759736027,1.2416101304948086,0.6937800116983626,0.22133529650176295,1.492883575117455,0.6768222975868159,0.2650633577475026,1.343275292916715,0.6296125090915846,0.3242448035209219,1.2091603083784563,0.7663400299070333,0.4765689317492282,1.0907657082606994,0.6461796702694491,0.5590309327894502,1.081731607085866,0.4244882641833673,0.5673280541917403,1.0985609454900769,0.21673410000277177,0.5736622306375886,1.0942071457486082,0.2141074106591087,0.5638286705578244,1.0419426102975202,0.28078595927125216,0.011984664755476347,1.1787032873094134,0.6921481532133305,-0.030735630349305564,0.9233050928936484,0.6606777894815872,0.03520119095109553,0.7100256088135539,0.5905902538434602,0.12758431147801086,0.6491015254647673,0.5438172859274154,0.1243146705487834,0.6262592118376489,0.5475821381708283,0.09359911795110165,0.5868986895823027,0.5582242418957396,8.787234042553191
0.28195638934779393,0.6983731263495971,0.7938279500731964,0.30602206316951924,0.24560184245472746,0.7438833453933928,0.2703530755164487,-0.1860501847008903,0.8076271379665987,0.28814498578514325,-0.20299943626393943,0.6193980018372818,0.33942322123126434,-0.2119606577357923,0.6742389052555829,0.25718578984325663,-0.25141223149009573,0.8333050215398671,0.08828030558342741,0.6973250807368464,0.7177694085794954,0.10069911000209138,0.22358923716993137,0.74611890903279,0.09725986230366516,-0.1741042531046393,0.7842261723406293,0.13684939429503637,-0.20828952662697242,0.6240887638944649,0.07246426061724803,-0.20333940788442625,0.6431801109451729,0.1039462861904068,-0.2414988587684861,0.8368749970628774,0.1739817211310558,1.24431009112122,0.7009550085221532,0.21508318313121225,1.4956682455419754,0.6869508342803716,0.2628951275824204,1.345686212282887,0.6313079871222216,0.32381388258843313,1.2126427416509569,0.768199998983185,0.4745006056208921,1.1062206587659849,0.64234825279295,0.5617319784473734,1.092318664158415,0.42103920752166696,0.574077289080684,1.106100422544348,0.20494560811279802,0.5812427900886482,1.102756542686144,0.20429589641487783,0.5699243809812169,1.0515205556344118,0.27970514210131014,0.010210659172312241,1.180114482354432,0.6949460383698696,-0.032475121418216145,0.9257034979942873,0.6613147372867852,0.034230708058392026,0.7112301341068045,0.5919780642372223,0.1274541283508467,0.6504919985097505,0.5444127217994741,0.12257824214174559,0.6285208742390619,0.5498352989071496,0.09245170352635643,0.5882406891174146,0.5601892558531012,8.808510638297872
0.2801697570178218,0.7005427051645616,0.7981548414041513,0.30437880731920036,0.24590116745679005,0.7477944163853999,0.2702913917575634,-0.1850087047972519,0.8069316901431006,0.2888439243150425,-0.2053533479933464,0.6208465168135753,0.3401244603622536,-0.21350806336735603,0.6771246014495536,0.25686099392250406,-0.2503431445695435,0.8316846673759614,0.0881312159732004,0.6995564095405868,0.7166729436257019,0.09942811057835506,0.22638991424703453,0.748058152097327,0.09661640599109159,-0.17533732133095564,0.7862972499592211,0.13777566476676562,-0.20891626099197594,0.6238662564611317,0.07280591547600973,-0.20622525210324474,0.6461169526516607,0.10339535276897953,-0.24190430974438348,0.839288969720622,0.17319773687762335,1.247252712176111,0.7080988302384257,0.209046889092954,1.4981385466327986,0.6954854152277027,0.2608281221918793,1.348370642797263,0.6327577275854213,0.32320732262632956,1.2162993459560554,0.7687439203072022,0.4701507650991645,1.120534091899279,0.6409844840168497,0.5629547751969567,1.1005129029940022,0.4202921879773823,0.5794995643765921,1.1091870472527217,0.19741426300003057,0.5863494009419866,1.1074920541377762,0.19735469958356697,0.5740666684499953,1.0584911522826685,0.2823681331665592,0.008438401120817398,1.1812168181317058,0.6976937505166841,-0.03392394298682384,0.9275270250274528,0.6640251036042819,0.03347875120945264,0.7122788803812923,0.5936000745114562,0.12739857962499782,0.6513120994571586,0.5456389401272369,0.12156555515649932,0.630199674735195,0.5526339805845175,0.09205277376427051,0.5900911103294799,0.5624296600179999,8.829787234042554
0.2784884159083066,0.7026500015370677,0.8022400932509138,0.302462997021614,0.2459551602721282,0.7520562981882309,0.27025700317106444,-0.18384776523462423,0.805968925607709,0.2887919407265591,-0.20565060751930256,0.6205564318986747,0.34039650582739195,-0.21388868484938375,0.6788067554888347,0.25658164733873257,-0.24941203246886792,0.8303167773914377,0.08790978673769924,0.7016830322335246,0.7154731764928053,0.09810351477229227,0.22899544141619407,0.7501364690132798,0.09594865882614793,-0.17636865680503372,0.7884532548080313,0.13814835703676615,-0.20818326101126872,0.6241219887711615,0.07315724949617167,-0.20831517590152826,0.6487665459852692,0.10276774556360058,-0.2421488695092311,0.8420489780500255,0.17162958308327197,1.2502383882116175,0.7136164007595867,0.20367558026976812,1.50000033840729,0.7017829392031967,0.2587827173990208,1.3511137354643485,0.6340554828801259,0.3225225791886347,1.2199501477527197,0.7685216285084823,0.4649291290195271,1.1329819670640227,0.6406146410330134,0.5631267888507345,1.1083743304424996,0.42003859386624326,0.5834682858208314,1.110622228775284,0.19142645626043792,0.5892282208621067,1.1098891560192528,0.19296240790579425,0.5769307354820838,1.0646934479037524,0.28750959014630995,0.0066216993280278445,1.1821417286437894,0.7004510269872468,-0.035511773196368536,0.9290583934183687,0.6675590025514657,0.032943704363101706,0.7134782293506368,0.5946389389330269,0.12718178090504134,0.6515673585826168,0.5471220528414236,0.12123386302304501,0.6311334984377969,0.556041825879751,0.09227851746712906,0.5924435330116341,0.5651312620010002,8.851063829787234
0.276902193733616,0.7046767107819406,0.8060464924295714,0.30031576700379353,0.2458867619070299,0.7565868575427255,0.2702501950252866,-0.18256602622387347,0.804710991532397,0.2883760571424544,-0.204833411248625,0.6198150569203108,0.3402661876884978,-0.21308908696414872,0.6787678961468224,0.2563561174769643,-0.24862476654315982,0.8292451593791785,0.08767795976213494,0.7036404580907903,0.7142813908337601,0.09676567973850626,0.23130810977543284,0.7523570186782822,0.09527219654500194,-0.17710321701604295,0.7906218691534987,0.13793156918982927,-0.2066839412726184,0.6250559638715757,0.0734866873120838,-0.20906587256660894,0.6508435361345528,0.10212084130138215,-0.24225385034117325,0.8451203660025653,0.16981145135245962,1.252883099585145,0.7175579658073953,0.19910974141268367,1.5011509920848554,0.7058685664092594,0.2567085006175099,1.3537197997612416,0.6346878723247259,0.3216007902796788,1.2231938440341321,0.7682225286349202,0.45967147981347517,1.1428500081998805,0.6404805707743702,0.5627094458989259,1.1163887509015233,0.4198329748859223,0.5854276620020133,1.1114703389600409,0.1864468170672593,0.5902382855230975,1.1105892515470552,0.1914811214855335,0.5790974508624118,1.0696840283906262,0.2930626024976122,0.004939901777177487,1.1831788974276056,0.7028075688860812,-0.037685365027541225,0.9304770993606862,0.670424359910891,0.03267042561062731,0.7148845126129445,0.5949261128470513,0.12691146529183012,0.6516707257716774,0.5486634841742769,0.12134390512964244,0.6314939477561861,0.5601128740355039,0.09277405850212109,0.5951786003880234,0.5682852219035253,8.872340425531915
0.2753856064220663,0.7065299181480331,0.809574263131556,0.2980027824317513,0.2456750118610879,0.7613227985281189,0.27025910451291035,-0.18109535945984123,0.8031269430361078,0.28792479612642485,-0.20392550167447931,0.6196485685693686,0.3397855411299282,-0.21140810526289372,0.6769363089805767,0.25619463925398783,-0.24795361191989873,0.8284112727271326,0.08744194098131196,0.7052149959649606,0.7136206315663494,0.0954997176395426,0.23329214033802076,0.754613909623849,0.09460347320189993,-0.17749387346282464,0.7927335248124378,0.13720419388866567,-0.20457455116279946,0.6256828447072955,0.07364534966212422,-0.2084477088125673,0.6519564358478891,0.10151261489663614,-0.24234292252345999,0.8484067442000128,0.16815547145181564,1.2549352166967973,0.7210839361725501,0.19524173790561256,1.501682004434109,0.7077166756756211,0.25454055669680115,1.3556993305608644,0.6346177725818883,0.3202199060657256,1.2255843307065741,0.7680388270545975,0.4546551498934903,1.150049370726864,0.6396596422887355,0.5617053723031222,1.123746031474269,0.41931345155937183,0.5853726245140787,1.1115294641347238,0.18393555222597552,0.5899278302929499,1.1104043769000973,0.19213052091146798,0.5803750240630046,1.0724602267165737,0.2977356508358361,0.003417664764277114,1.1844891324157203,0.704495659554493,-0.04025516022387825,0.9319235784673888,0.6716591717877007,0.03270616919257393,0.7164875635470306,0.594880215008085,0.12673854517154343,0.652070888555216,0.5502719282429038,0.12184795963231221,0.631658803463761,0.5643234321011624,0.0933958357187131,0.5982611820312066,0.5710607637902922,8.893617021276595
0.27401413239188444,0.7080997745173409,0.8128633739198254,0.29565688798895706,0.24522652935799905,0.7661707172052179,0.2702693401965095,-0.17936638212408024,0.8011642833085073,0.2874210263006086,-0.2026550095161264,0.6199033362106041,0.3390370353416517,-0.20905886212275196,0.6738628060012029,0.25610813932957976,-0.24742052503107836,0.827793842326081,0.08716765407385689,0.7061966761391785,0.7138382016052316,0.09440167003889623,0.23497135483741471,0.7566828105776429,0.09393607939413219,-0.17753316892621032,0.7947248970650006,0.1359315146431471,-0.20146517927575386,0.6245863192658904,0.07337600523751747,-0.20686453271427016,0.6519063820433316,0.10094271568533926,-0.24253534872258087,0.8517713676408376,0.16662674105801434,1.2563703262314183,0.7251684627529952,0.1920841012554747,1.5017776152286384,0.707179509038278,0.2523650419427046,1.3566216118203653,0.634342759187875,0.3184635026402224,1.226929259308868,0.7678572243577539,0.4501836054900785,1.1546893452252014,0.6376908264742982,0.5598236919743115,1.1294515370852924,0.41752496782504317,0.5840665647389969,1.110742047573213,0.18430935294576772,0.5888544465662637,1.110048768749703,0.1929951983328944,0.5805258486958471,1.0731267341050077,0.3011746157741431,0.0018991001369007853,1.1858569199580695,0.7059399986941539,-0.042602575119602776,0.9335184065437339,0.6713824034758129,0.032956202071181454,0.718250168802495,0.5949307474794441,0.12670957757538034,0.6526602429872402,0.552337902154707,0.12292110735073418,0.6319773363466351,0.5676196894694839,0.09425827560072374,0.6015750453401849,0.5723309214705208,8.914893617021276
0.27291623044444624,0.7093667252597657,0.8158368822553397,0.29340154532793494,0.24454882057040345,0.7709501953633663,0.2702610663723357,-0.17734707383453951,0.7987604177914253,0.28669254490841556,-0.2004633325239062,0.6196893067291908,0.3381016666736205,-0.20638842084707143,0.6704737135190668,0.2560670145157173,-0.2470526355231333,0.8274777792506354,0.08682573882498314,0.7065353512617634,0.7148438347317009,0.09348531696120245,0.236336518123822,0.758474421982369,0.09324556513211979,-0.17727022597505712,0.7965096650089813,0.13402432639385753,-0.1975702451719182,0.6218743983580971,0.0726055903603429,-0.20498944337675137,0.6511388127217048,0.10034233859253353,-0.2428516658810838,0.8551683568928726,0.16502703405626307,1.2572103156843641,0.7300955117698725,0.18972369092633684,1.5016193648956193,0.7046244809521385,0.2504462623042609,1.3566394356195233,0.6340966257741691,0.3167091623678073,1.2275047666985346,0.767557206515882,0.4466410721226641,1.1567728828696537,0.6353779439330707,0.5569020484385483,1.132946598140467,0.41446064841960284,0.5823272447075013,1.1094688088353348,0.18645391799168573,0.5873928808600346,1.1095708813031007,0.19295894986914128,0.5800314498708523,1.0724730094649435,0.30305497467858045,0.00033858757755786026,1.186981631763555,0.7077170354008924,-0.04445297251518887,0.9352086613073958,0.6708638034591503,0.0331956049866953,0.7200086043021419,0.5953347874648507,0.12692671599276378,0.6530238853966995,0.5552656704529586,0.12454205733801335,0.6326450386023253,0.5694711045727601,0.09530226236946689,0.6048478914812734,0.5717725206113081,8.936170212765957
0.27207874530628634,0.7103819759315985,0.818282011932633,0.2912615174031388,0.24371789167731936,0.7754550700697759,0.270213282775651,-0.1750615887089006,0.7959888816939505,0.28576347396903845,-0.19771023323496362,0.6184262644759472,0.33712415526184447,-0.2040325688975147,0.6677398486076582,0.2560125390591943,-0.24685678587078957,0.8276427089161612,0.08636675955058772,0.7063458432091577,0.7162866216378863,0.0926733686930328,0.2373345260166823,0.7601443043330196,0.09256685217899599,-0.1768268167038271,0.7980142436357647,0.1315864175376117,-0.1939713900340316,0.6190239736730506,0.07152994683380012,-0.20342928374162403,0.6504028027582206,0.09965842570736287,-0.24318916875307797,0.8586912674308046,0.16330395676637777,1.2574021192919123,0.7354884073382361,0.18810118693912492,1.501402173315622,0.7011820497058145,0.24913853067028044,1.3562807542530408,0.6336884310397557,0.31535021389846185,1.2278150154408938,0.7670650164934532,0.4441215121888692,1.156796639930467,0.6339436969032951,0.5531456374779167,1.1341047156873265,0.4112272919286828,0.580183226388165,1.1080125510560621,0.18951037669778176,0.5857549662982968,1.108675630834658,0.1925913976845661,0.5794151412780103,1.0711437552283332,0.3028626419405021,-0.001053369863989356,1.187804074211274,0.7098357637219372,-0.04615098690347197,0.9366293023293487,0.6715662152837818,0.033269549215119654,0.7214706139677924,0.5961350288639984,0.12761194646600582,0.6531214363635628,0.5586176638673184,0.12635171268926004,0.6336610473207451,0.5701475456415742,0.09611624013049226,0.6076826418692798,0.5702566163893249,8.957446808510639
0.2713898610159412,0.7111874537446745,0.8200757116011766,0.2892139658447449,0.24275243979376818,0.7795364326035974,0.2701413787255234,-0.17268967374212368,0.7932521913900671,0.284870644744726,-0.19513060122064715,0.6162508686478133,0.33636282084327285,-0.20238712758396854,0.6659771852053917,0.2559446959826268,-0.24682036080820213,0.8283258893500659,0.08575246864711218,0.7057976306213344,0.7178724950261803,0.09190988249379524,0.23795859020945168,0.76183528705382,0.09201143029941118,-0.17627096963236996,0.7992793601758894,0.12905323881743183,-0.19165731051621435,0.6170955622384905,0.07036904928787104,-0.2024717614392614,0.6500125781513528,0.09897910849210073,-0.24340058651622612,0.8622930808289055,0.1614471115442243,1.2569816571477939,0.7409056748115688,0.18700509548737393,1.5012775087853196,0.6979801640768181,0.24860622516620895,1.3559013222746727,0.6332316678733279,0.3144895927716681,1.2281508378897263,0.7665965022359513,0.44265263163158464,1.1558521548623144,0.6342212496592945,0.5491280339608086,1.1334646277308864,0.40845617243902776,0.5769173932174131,1.1067781184440408,0.1935510794137056,0.5836815919614805,1.1074165849034403,0.1937919575616367,0.5781212366663735,1.0696376090456767,0.3001328523621506,-0.0020697583678721556,1.1883057032902655,0.7119758869639587,-0.04823786327912561,0.9372510629886657,0.6737740620601653,0.03322069727339252,0.7225308627931932,0.5966872496237867,0.12889592802218008,0.6532595349045869,0.5611941673652941,0.12800239125590057,0.6348650222143382,0.5701000471771359,0.09652474691268045,0.6096418639964483,0.5688313704562364,8.97872340425532
0.27085574846608784,0.7118281955872912,0.8213197880336511,0.28728166488394324,0.24167970969748556,0.783072650509216,0.2700928156209206,-0.17057987468890634,0.7911214543096774,0.28424070617277475,-0.19298295686283615,0.6136230279056868,0.33606513153020723,-0.20120717529617801,0.664540166700459,0.2559459299062893,-0.2468869331564681,0.8292673783397785,0.08500977193986005,0.7050687248821421,0.7195029100542251,0.09122175855888176,0.2383089610440844,0.7635021193220619,0.09163998350934428,-0.17556753504083467,0.8004324964107234,0.1270057751385396,-0.19087463395434023,0.6162512578993833,0.0692580718314536,-0.20221936588086487,0.6498685194924447,0.09848233212502214,-0.24341578007454046,0.8656467628441106,0.15931299539584443,1.2562555087189888,0.7464029094367887,0.18618223343887516,1.501254141113964,0.695463669141237,0.2485444605110297,1.3555802498426297,0.6333875140063552,0.3138749167249093,1.2285445932938122,0.7667501734577256,0.4425933160712857,1.1548034552404163,0.6369315452112753,0.5455577751939271,1.1323825502890712,0.40583292416513106,0.5718691744076447,1.1062554994232894,0.1982347677988887,0.5803398823706797,1.1061568698437807,0.1980217483998312,0.574984655034825,1.068413272135171,0.29490132231953053,-0.0028512445005116054,1.1883642416405855,0.7141328955653297,-0.05099892862958261,0.936825858933839,0.6765365309048907,0.03325670023238221,0.7234532217208757,0.5959971179478244,0.1306815832800655,0.6536532319142391,0.5622593948280481,0.12944114059351639,0.6359937378231932,0.5697430997890274,0.09701520430410408,0.6107883138574741,0.5673700901472409,9.0
0.2705559764629423,0.7123164083203021,0.822208738330253,0.2855200997980562,0.24061064549566769,0.7859250804804703,0.2700863104719451,-0.16903346533872649,0.7898861432192155,0.28392640213523634,-0.19099521405818887,0.610857990044743,0.3363268099666529,-0.20005073113655927,0.6629044555991618,0.25609218199032896,-0.24697592929614398,0.8301902692046337,0.0841959436565142,0.7043543671151076,0.7212058334697955,0.09066455326813205,0.23852236935112991,0.7650195063117513,0.09138338988739399,-0.17478743025098772,0.8015627031954605,0.12577407749193997,-0.19126519587773994,0.6163872705374551,0.0683106177828906,-0.20266275742873618,0.6498877124650804,0.09821747440191739,-0.24330947798359384,0.8685481517283986,0.1568249492877808,1.255603791407892,0.7520093979283627,0.18549250369402387,1.501267421427558,0.6937668822298717,0.24839635896846626,1.3552966348607103,0.6346011074067394,0.31322863870516754,1.2289308139648756,0.7681004830568974,0.4442988704265664,1.1537621680934589,0.6424466974838406,0.5428736228212088,1.1322419908171844,0.40354062760973375,0.5647418275960713,1.106416128480322,0.20216757836815188,0.575002919714837,1.1049735534994218,0.20441298852875042,0.5698629026548632,1.0678298509950854,0.28849764919081156,-0.0037170433137930286,1.1880217983326562,0.716520132530566,-0.054345998722524644,0.9356918200245197,0.6787125436655419,0.03358314064691048,0.7245090925629643,0.5938689706702036,0.13270233454924643,0.6547029820013788,0.5618052687395438,0.13089229174784264,0.6369377045374311,0.5691755719854787,0.09811507676428038,0.6120595436785906,0.5650019477197805,9.02127659574468
0.2704152983401545,0.7126002152776425,0.8228172163955974,0.2839510390929688,0.23957665780052742,0.7880905131728808,0.27009108098896223,-0.16813180960419358,0.78948690149676,0.2837109065136436,-0.18886233618372997,0.6081194145941015,0.3370261903404995,-0.19866993540186156,0.6610770335405732,0.2563988212486866,-0.247072241842345,0.8310661972411055,0.08335860917986518,0.7037880952563835,0.7231344918512348,0.09024499471141445,0.23862994012558209,0.7663696493132157,0.09115197620285923,-0.1741116773016454,0.8026444209369955,0.1252935355693798,-0.1923470245187219,0.6174667065313746,0.06762336635437385,-0.20347069243730986,0.6500562478006076,0.09803961447117412,-0.24323976162400684,0.8711245943150251,0.15426614949398304,1.255172198908001,0.7571001641539616,0.18487140908993793,1.501279618835439,0.6930517102224054,0.24787586549874568,1.3550187622280037,0.6366315769079681,0.31251287307769504,1.229193939554432,0.7707537863808613,0.44775697414983906,1.152005101130689,0.649758478011067,0.5408623048573407,1.1333150348503196,0.40317116066721553,0.5552170811701643,1.1069237785792112,0.20496450452824985,0.5673261255234002,1.1038416257526467,0.21114727262962038,0.5636305314396005,1.0682040184075434,0.28356528437568645,-0.0047092798063193535,1.1875932994579748,0.7190019213650133,-0.05801661898492105,0.9344561352930012,0.6799253738208141,0.03423196866487026,0.7255782963106995,0.5909355211079947,0.1345585329681555,0.657238065075972,0.5598269655009553,0.13264902383026894,0.6379557105776532,0.5682288095090539,0.09976078701296437,0.6145302381231543,0.5615349109413773,9.04255319148936
0.27023116007078535,0.7126228813055425,0.8231310440385586,0.28255205036949915,0.2384709596034651,0.789894032814009,0.2700562202960171,-0.16779823701983201,0.7898159423351905,0.2832683972959178,-0.18690186326067348,0.6058410421058129,0.3378682546783192,-0.1969510571191109,0.6585730008348265,0.2568341433676026,-0.2472444600039509,0.8319789240605971,0.08252914150423896,0.7033344262134872,0.7255296912698669,0.08989675440423311,0.23855467660601015,0.7677185084700098,0.09095638820878044,-0.17356203212614713,0.8035303888022357,0.12535080116189712,-0.19392006925200092,0.6195128115444665,0.06725468794378167,-0.20406409137270023,0.6503024699737033,0.09777690148406742,-0.2433138129834324,0.873537381578237,0.15213482291720354,1.2548995964765306,0.7610211672491799,0.18410651443562526,1.5012724217554259,0.6930742170997014,0.24711638550771542,1.3547828790786915,0.6390948140374715,0.3117957980366805,1.2292138171692206,0.7740982342883886,0.45265862887087116,1.1480349690539986,0.6567997938916152,0.5385316300975674,1.1346670748090286,0.40659057849075325,0.5429195422902883,1.1082565969742932,0.2082464811990336,0.5567956182861545,1.103625167612356,0.21798506658956635,0.5565316909657556,1.0698028044748864,0.28221347975518185,-0.005576170613431188,1.1873501883971056,0.7210831738354442,-0.06183442485314253,0.933455175269544,0.6806795142641648,0.03508869394267122,0.7264190066353291,0.587820544610825,0.1359629545329361,0.6619418600277225,0.5562998473578542,0.13484556243617857,0.6394081731960954,0.567370053530035,0.10160531295829708,0.618492150421866,0.5574867208724181,9.063829787234043
0.26991906787205006,0.7123122219095073,0.8230999326296196,0.28132454404808005,0.23730529622266988,0.7917298872707536,0.26995305511918044,-0.16781616574703095,0.7906274114108327,0.28255175662201254,-0.18597020130497877,0.6048297904563457,0.33862298450946093,-0.1950300643268965,0.654943353293696,0.2573223401281756,-0.2474774437713458,0.8328171178934496,0.08170888246911057,0.7027930333851025,0.7284823279777064,0.08953400136701758,0.2383026999812815,0.7692209736065119,0.09086491744741984,-0.17303062426134933,0.80406666509942,0.12580095881628683,-0.19589491859187683,0.6222660394236555,0.06718465295128735,-0.2040973273604263,0.650510653965131,0.09740369785109126,-0.2434755275521264,0.8756796427640222,0.1507563537016698,1.2547003413163096,0.7639125961147051,0.182890773633322,1.5012390277484702,0.693143151396246,0.2462388732500287,1.354673558776468,0.641965243684733,0.311131673259207,1.2288732726170484,0.7770204933766085,0.45830916255465437,1.1404429560136158,0.662291747044911,0.5345874492382552,1.1351497987784795,0.41451408888950564,0.5278397459606059,1.111776047740593,0.2139807050881605,0.5427151782682462,1.1059597395341885,0.22601884912287362,0.547646616242162,1.0726624852403004,0.2842896935555746,-0.006075216141295987,1.1873164469599347,0.722312280811625,-0.06564761684022832,0.9327984430773402,0.6816957136066162,0.036044851356579,0.7272764209804573,0.5849261513629744,0.13701049102540425,0.6690217939459745,0.5514162643491332,0.13745329673268572,0.6414787915831804,0.5674297288754049,0.10351428872499538,0.623607710262721,0.5531307004438184,9.085106382978724
0.2695858465969368,0.7116357863930016,0.8224431262908432,0.28037127100381604,0.23627559340530402,0.7935965355850483,0.26981243674401023,-0.16780409335466184,0.7912883328488752,0.28180181039917995,-0.18650368242070323,0.6055737658735506,0.3392670474077095,-0.19348011946322013,0.6514996456596607,0.25778766989204127,-0.2475954243157325,0.8332068165699472,0.08089318096720051,0.7019931686254373,0.7317871357479137,0.08910984860063793,0.23801038724584034,0.7707999219142374,0.09088710841421291,-0.17249679826419373,0.8042053585773208,0.1265212022633786,-0.19769876759343658,0.6246967784484022,0.06724873967957956,-0.2036460208005881,0.6506129825733589,0.09709877219784585,-0.24351155532573265,0.8770924016598416,0.15017348833285835,1.2545323631888279,0.7663422609291848,0.18118417821368019,1.5012210058167201,0.6927829495964928,0.24495666969346142,1.3546317910657086,0.645093578143265,0.3106641441823763,1.228109806988952,0.7786668943005393,0.46338521978131836,1.129033755580758,0.6671926415321896,0.5282920001073194,1.1339872520798477,0.42634729698641805,0.5105104916540485,1.1180364587178564,0.22384573599961285,0.5250572060736348,1.1116237006729395,0.23635235660654869,0.5359312746033704,1.0765880571556858,0.2882683823222999,-0.006158682597569992,1.187438090442988,0.7225916285832119,-0.06905282523629695,0.9327565982273298,0.6834132315891545,0.037039887187014196,0.7287256209551718,0.5826254392944963,0.13795285654156011,0.6782753990482125,0.5456535474042874,0.14039297590682817,0.6443401487044278,0.5682338393250179,0.10551603709706539,0.6294050753535794,0.5484031632198798,9.106382978723405
0.26936628274950586,0.7107503972960598,0.8207355303447439,0.2798560619835537,0.23550924988884886,0.7951893011007256,0.26970760580634023,-0.16756411106132985,0.791368113811532,0.281168489267008,-0.1880444199766395,0.6076455982228904,0.33982461136945985,-0.1930202820632221,0.6502839655546254,0.2582552419002206,-0.2475404837417445,0.8329736764228293,0.08010766473471741,0.7010050172898108,0.735072020348663,0.08861368011927154,0.23771550527434723,0.7722984433764818,0.09093835158283335,-0.17198968042552082,0.8040049584377228,0.1273365605044169,-0.198740864081167,0.625964473628187,0.06723134678425416,-0.20291963219741543,0.650617143887703,0.09713123486619656,-0.2432494448967665,0.877376102202251,0.15028790399483166,1.2543707367190293,0.768748427703914,0.17933924208880225,1.5012699973931434,0.6918987490609716,0.24278901234056485,1.3544549489083015,0.6474254509620154,0.3106518262579478,1.2271072839110775,0.7788089105453757,0.4662544814915393,1.114773431409006,0.6743629550791475,0.5197928910840325,1.1304602287649574,0.44062731427211976,0.4919392630227479,1.125823627948342,0.23911927501375058,0.5049105577383465,1.1196771491023572,0.24944113158993853,0.5211010886724607,1.0813035692662751,0.2932760655408071,-0.006011557964730024,1.1877047612475946,0.7223309944093981,-0.07145961612481379,0.9336981894512836,0.6861141593974465,0.037955829427651605,0.73098669539366,0.5812085239237836,0.13892204404305183,0.6890988935815084,0.5395236876360456,0.14345639935112223,0.648371939664238,0.5685921727124839,0.10747665439203746,0.6353452545546825,0.5436765051055895,9.127659574468083
0.26926844114374276,0.7099325451050854,0.8177825938823045,0.27982235132796796,0.23498368781969228,0.7963370183437705,0.2696917781125765,-0.1673990062629897,0.7913205147303872,0.28061130759147657,-0.1897906191745665,0.610151685792315,0.3402691813991542,-0.1940097518971891,0.6517773407856159,0.25885022282462256,-0.24753878162824047,0.8325346298956607,0.0793860047972054,0.7000316719509407,0.7380325922606377,0.08806305833366539,0.2373400834558806,0.7737108751376386,0.09094272209071032,-0.17143724663332827,0.8035757084047899,0.128044378362699,-0.19950485638121337,0.6271716676729545,0.06706212366420991,-0.20203836426687152,0.650552859552146,0.09763416959216664,-0.24263598629078922,0.8765950808027564,0.15090046908929047,1.25418892053836,0.7713024163009394,0.17775045840926607,1.5013182802300746,0.6903128729271053,0.23943350600226454,1.3541043728773334,0.6472077576435364,0.31135736652620105,1.2262399873473726,0.777493282652215,0.46592000633047204,1.0988839885993575,0.6860469946121344,0.509911806818587,1.1239307208322948,0.45563674442377605,0.47343712878040994,1.1331978568600816,0.25993827890673793,0.4840343052181881,1.1282186478183793,0.2646480443589824,0.5038889997818685,1.0861292780830702,0.29972908888940797,-0.005889610758326783,1.188092513369037,0.7221299210088036,-0.07255792790429431,0.9356914529684535,0.6901421326722994,0.03855176869190131,0.7339259210568686,0.5806629952979184,0.1400679387567374,0.7006156503879686,0.5329541830548995,0.14634607291889956,0.6539097690558321,0.567325296286513,0.10895362381504009,0.6408210522128538,0.5400830450082976,9.148936170212766
0.26922578992806684,0.7093880674153137,0.8136525238723543,0.2801112770899793,0.23461688007793208,0.7970331180735566,0.26977221325387973,-0.16771041073754067,0.7918382821174528,0.28010221931521745,-0.19121061185722307,0.6125399015736223,0.3406293913618691,-0.19615701416326198,0.6551427340554009,0.25964679669495455,-0.24776006096448341,0.8324150271268249,0.07874687591569932,0.6991740454939239,0.7405226244470209,0.08750918411601148,0.2369176279655787,0.7750925559685443,0.09097515054980192,-0.1706955855584569,0.8029031842124053,0.12848091735444125,-0.20091184939012718,0.6303293635170019,0.06681494924253169,-0.2010687335766039,0.6504432925090683,0.09856606467336018,-0.24155275043777255,0.8748870825883694,0.15162008789372525,1.253997746392479,0.7736035673302231,0.17657665713653664,1.5011900932212467,0.6876941930113167,0.2347574601136917,1.3538185901456856,0.6433109243450177,0.3128938440057636,1.225701249909434,0.7749135226148116,0.4626157561030041,1.0821095896297785,0.7016069450974654,0.4997995483779951,1.1142402022018367,0.47029510570755684,0.45633539688054237,1.1386162825088608,0.2856021985456665,0.46431096954898865,1.1352682236170064,0.28144076100133014,0.4858296835159809,1.0892640198551402,0.3087634515798583,-0.005881783927833686,1.1885723301901128,0.7222075782275745,-0.07250961316870551,0.9383790800599272,0.6957368678597626,0.03855936760166888,0.7375740176304576,0.5802249426756731,0.14165011820241455,0.7118710891113397,0.5254405371632858,0.14885527587875347,0.6608597499954175,0.5635820966848393,0.1094360813681526,0.6452732426979646,0.5386369331775374,9.170212765957446
0.26926527261726196,0.7092133467133069,0.8084891879813236,0.28053928897836194,0.23438844293767316,0.7970644786521779,0.2699381895003003,-0.1684464483338985,0.7928806993454782,0.27974035094834127,-0.1920751499039377,0.6146463349943864,0.34099301794318015,-0.19843817758393406,0.6591421456625598,0.26055722702155587,-0.24802928838426985,0.8325924531263106,0.07821344579527237,0.6984538049587781,0.7424922657517742,0.08700168760778432,0.23658358840007304,0.7764341468197888,0.09122046767398481,-0.1697073131781487,0.8017659154962041,0.1285780963587263,-0.20287051289156316,0.6354091310598052,0.06657350182947036,-0.2001129601905128,0.6503327763331836,0.09986730906186392,-0.2398620245695568,0.8722191191829733,0.15201331663812032,1.2538584971554398,0.7749424979618994,0.17584596035639347,1.5007906331811862,0.6840427058380942,0.22872784491818499,1.3538362994523885,0.6363000109167192,0.31506261524344614,1.225333882734757,0.771775920225223,0.457506983181698,1.0646556275703551,0.7182441726724949,0.49047290067163407,1.1014093353660344,0.484630677583135,0.4419796433529265,1.1410596432955566,0.3147750364856035,0.44744285547089946,1.1391579180099796,0.3008532152066244,0.468322353455778,1.0882913678401152,0.32086839893092467,-0.005920731552617265,1.1891811072903746,0.7223956059914887,-0.07171086719308647,0.9411558309834004,0.702931666899133,0.03789420273518047,0.7421376000139835,0.5783925811397987,0.14367883345183527,0.7219715909410523,0.5170101142523368,0.1506154009228744,0.6687609787948816,0.5567625399029269,0.10892649856504891,0.6484638291476708,0.5388181034996113,9.191489361702128
0.26947924581559274,0.7093959278284754,0.8024632376326575,0.28102987407766356,0.23447562168651628,0.7959819263294238,0.2701973889132933,-0.1691631427316642,0.7938158817684224,0.27971262701106375,-0.1922638029937642,0.6162857275148436,0.34137863894336684,-0.19978595188883946,0.6623493866759769,0.2614128226970867,-0.24806439128685068,0.8326472736865321,0.0778023865837537,0.6979282905387355,0.7439429908488279,0.08655454564753896,0.23639845644152396,0.7776949584244336,0.09177063484648455,-0.16854752069603335,0.8000443581682553,0.12836939399355474,-0.20437699547055113,0.6401813536079088,0.06638323675193752,-0.19933048491679495,0.65027823479461,0.10148711145678335,-0.23767406379416967,0.8687746897073465,0.15202223714419108,1.2538599676198963,0.7750595095194004,0.17553540656725836,1.5001797062178308,0.6798903430650032,0.22156778356864448,1.3542148851450095,0.6279538818804118,0.31740652115119095,1.2248049992352223,0.7692667942873932,0.4518792465096259,1.0468579281087649,0.733853968780707,0.4825643580929938,1.0853924356893707,0.4995209842672525,0.4317976678236215,1.1394671606728173,0.34475271871474267,0.43468419189615104,1.138478535134727,0.3232763973494813,0.4522384992717102,1.0819536690641183,0.3348082657481921,-0.005936536409475245,1.1900066340140134,0.7225261381927671,-0.07056663053975683,0.9434199432295515,0.7116540984782573,0.03683259250792273,0.7474448429841407,0.5744896660988895,0.14560430909032315,0.7303570924643984,0.5085970933163235,0.15093124640105937,0.6770329998935836,0.546922180952174,0.10816438338238138,0.6508122290375675,0.5384814412911899,9.212765957446807
0.2698575093373077,0.7098020168231719,0.7957846453568738,0.281500070498314,0.23508448360091425,0.7936642737457466,0.27057358384911895,-0.16947915947701006,0.7941161916955806,0.280052016876397,-0.19179085885067398,0.6171542199876179,0.3417124042177591,-0.20003078056624782,0.6638680432268401,0.2621272088976344,-0.247778019581816,0.8322362056787638,0.07748422931115928,0.6976510518033616,0.7448979684960335,0.08615836675632757,0.2362749114487798,0.7788448688324614,0.09254402537321622,-0.1673581814873461,0.797981494966967,0.12794230731206985,-0.20456833843622688,0.6426591605641193,0.06626504107144662,-0.1988856325581424,0.6502897025499117,0.10327615939273817,-0.23528586951101277,0.864959909825863,0.15205595444473036,1.2540933184872054,0.7738918417891827,0.17549638998230455,1.4994694238635884,0.6759125519759819,0.2138452995714424,1.3549049739867252,0.6198987318140732,0.3194937778025386,1.2238823324191705,0.7682786538897108,0.4464439370727793,1.0294899311966972,0.7485312083628904,0.4764909725924866,1.0663573255091454,0.5161805728873563,0.42665436418833774,1.1318213936865493,0.3721191206561826,0.4267149201312779,1.1312631138550113,0.3459637998221311,0.4390013689926383,1.0699831793126788,0.34933687216584053,-0.005911359581586371,1.1910664487478504,0.7225570321057735,-0.06933248452401768,0.944798428522761,0.7215121684623628,0.03582042082193442,0.7527872322892795,0.5696575114633474,0.14649537717097305,0.737042620874591,0.5014191162028618,0.14928587504148758,0.6850585458436538,0.5350298521179047,0.10797810997972179,0.6532272433665188,0.5357037384572247,9.23404255319149
0.27034801114236295,0.7102841042435266,0.7886646745742094,0.2818143641949869,0.236106743049878,0.7905605100931636,0.27105416332281745,-0.1693798820884671,0.7937448227123672,0.2804438879063684,-0.1909352549297537,0.617131112973283,0.34190512019269237,-0.19962986279953013,0.6635081574869203,0.26273180103389976,-0.2471890776206539,0.8311452138742614,0.07721054725496979,0.6975556896722864,0.7453385262071661,0.08579700731196341,0.23605039762956007,0.7798883094604486,0.09341496326003663,-0.1662763164941325,0.7959114381509234,0.12728655425007912,-0.20327701583922764,0.6423115921318027,0.06621605103266481,-0.19882362573654375,0.6503178351118062,0.1050295157102135,-0.23293217746420009,0.8609971565801496,0.15263554096320553,1.2545083623300506,0.7709541591131001,0.1754662715848367,1.4987438771926127,0.6724497794912725,0.20640801054829797,1.3558595704962795,0.612866492378977,0.32113442285690663,1.2226064552009892,0.7686001487103993,0.44137886486048683,1.0131363834569989,0.7626038962410062,0.4727371583227944,1.0441483301375991,0.5355872776154802,0.42620743832206454,1.1150242185918473,0.3946800462239027,0.42387822048479784,1.114399650689774,0.3657250213312006,0.43133718667640464,1.0507024588441591,0.36577224260758373,-0.005901303057224696,1.1922333739036255,0.7224873941336138,-0.06805675881791197,0.9451954052903427,0.7318515251163258,0.034947891940141564,0.7574739233428676,0.5652961553502529,0.14544873302205302,0.7419929426526505,0.49669155694612366,0.14568258981417656,0.6919821686210273,0.5231616619224966,0.10836482766799184,0.6561153795998829,0.5309520247690502,9.25531914893617
0.27102936114732357,0.7107855471965318,0.7812610390756675,0.2819394104944281,0.23718738398510017,0.7871701394511181,0.2715734866324198,-0.16909606317738135,0.7930667318139109,0.280543808478787,-0.19020545982347123,0.6166153215373028,0.3419364908242302,-0.19901709981714905,0.6614050090295579,0.26325870290535824,-0.24626203753790454,0.8292255145794823,0.0769845785406393,0.6974707348822664,0.7451973534782137,0.08548766485725197,0.23567573246499593,0.7807667656233723,0.09434510737585161,-0.16535148104890401,0.7939051134292072,0.12619657591870276,-0.20091625537921226,0.6395515710967646,0.06620105579619358,-0.19897627735176637,0.6503048775588406,0.10667673879186344,-0.2307498290189389,0.8568482965527773,0.15411683403098306,1.254846379203876,0.7658311583067532,0.17522127286046316,1.4980654146098984,0.6695275805312767,0.20018885950238285,1.3571213134801912,0.606894263623336,0.32239018212263604,1.2211503345107926,0.7689556701157846,0.4369034822801008,0.9980096265907379,0.7746403279699421,0.47170380678958435,1.0179448120914922,0.557794096914474,0.4297153183110375,1.086657702906363,0.41170683784837725,0.42667570000145716,1.085067084306945,0.3827909308071672,0.4319880862866894,1.0211597138229211,0.3864199328770902,-0.006031530099860311,1.1933052381660452,0.7223230083342767,-0.0667475171194786,0.9447174376691243,0.7423519098396469,0.03392218803307963,0.7612467837413254,0.5618248849028151,0.14209810092684608,0.7445497449926377,0.49577825349308147,0.14045598342767004,0.6965828606425245,0.5143470092436874,0.10826349558467448,0.6586038157494027,0.5274646103806033,9.27659574468085
0.2720443607126757,0.7112717804258665,0.773680273486977,0.28199733905262964,0.238094419176697,0.7836060536463715,0.2720705771274116,-0.16883721722031092,0.7924391260022067,0.28038504903543227,-0.19006137918594512,0.6162484105645291,0.3419093801694191,-0.19870343730933535,0.6585643046944873,0.2636487736871876,-0.24503330175901716,0.8266499155153338,0.07687115708903206,0.6973297747796887,0.7444208097119229,0.08531144586870108,0.2352852587792588,0.7812592406153098,0.09535599665028577,-0.16454388859598068,0.791869799842556,0.1244953919072912,-0.19807238879390185,0.6352070422036041,0.06617391201687549,-0.19909593897907565,0.6502375885345022,0.1082987107148789,-0.22884152160233281,0.8524710501604713,0.1566597225566217,1.2549396556251349,0.7589380372850413,0.17474180990188293,1.49751227578056,0.6673727459605755,0.19572497488816723,1.3586894973711596,0.6019186566490755,0.32342217465424106,1.2195564337016211,0.7681518015747735,0.4333260850302807,0.9847378174063417,0.783037097733859,0.47333945856581394,0.9875458084896067,0.5813969695632937,0.43720427155286323,1.046649962839005,0.4233442257306404,0.43562581788465166,1.042821614249973,0.3998492748794207,0.4415373558406239,0.9803675437883514,0.41067771484200455,-0.006300196188631792,1.1941412705286478,0.7221010340865097,-0.0654989093487233,0.9437680755429654,0.7528916250722227,0.03266536583611469,0.7640978389205649,0.5595770886422685,0.13689982294081926,0.7443020693862213,0.49950561317063,0.1342059003099746,0.697812447374853,0.5105480866110883,0.10631323018284033,0.6592245859702338,0.5289214859287754,9.297872340425531
0.2734374077356012,0.7116246519648295,0.7660398197390409,0.2821132253917887,0.23884462655931316,0.7797164800423845,0.2725110612288547,-0.16878293227835836,0.7920224439269821,0.28019990868417344,-0.19059172857983647,0.6161953532331578,0.34195637968378795,-0.19920286908576634,0.65681445866939,0.2638333405452061,-0.24372104871712552,0.824004537442887,0.07693376298511372,0.6972632334481818,0.7429908922678033,0.08535284862901622,0.23502234418331092,0.7811497133663245,0.09644606766209456,-0.16381618017595032,0.7897899792100658,0.12233064364633534,-0.19523876133344947,0.6301701633020034,0.06611801332252164,-0.19906623194338335,0.6501546941463074,0.10994747573986763,-0.22727681865413402,0.8479619718362243,0.16025329715084208,1.2548912620380603,0.7513599399724903,0.17429305516456733,1.497186006065309,0.6663861233759969,0.1928869745666748,1.360258775281546,0.5979510433494322,0.32437375777244304,1.217802541027995,0.76604445662038,0.43046383750298595,0.9745685191147531,0.7884835114229625,0.477240140926689,0.9539374955065142,0.6038397197131937,0.44882257863712705,0.9964264013081346,0.43142714341629085,0.45020856727218905,0.9896707235841803,0.4187310947979392,0.45778700107041825,0.9307366483355072,0.4357361405179788,-0.006389706672566711,1.1947481301198697,0.7219090203471369,-0.06427224592781938,0.9430218778052963,0.7629544858761059,0.03133757388672344,0.7658919825014651,0.559370921135955,0.1307666608923831,0.7417525779264355,0.5071321960944195,0.12773524445246853,0.6954810172441753,0.5110389684556753,0.1016618932005669,0.6571944475258945,0.5366789059057517,9.319148936170214
0.27516918141065333,0.7116701533695726,0.7585444348655028,0.2823072420478288,0.23956034193485753,0.7753729447606924,0.2728616975080629,-0.1691120909999721,0.79191863066733,0.28006889628083287,-0.19155278015305818,0.6161329611274726,0.3420959581153772,-0.20040078778778989,0.6569093936892417,0.2638621736851787,-0.24252371278697651,0.8218080284895778,0.07720426018194267,0.6973958523854469,0.7409741376870287,0.08563854642050439,0.23489900895094928,0.7803928828953218,0.09757939497059932,-0.16317488538402225,0.7877210455189515,0.12008470395243681,-0.1928797378418111,0.625344288391961,0.06604608845692773,-0.19891188548605634,0.650095617710372,0.1115938959386636,-0.22608105835117565,0.8435124097508967,0.16463130763403974,1.2548075867737682,0.7442276047217413,0.17423551955447647,1.497145414187839,0.6663911869815059,0.1912369248242101,1.361347683813223,0.5945847704934255,0.3254178908747529,1.216040498137346,0.7631978846687774,0.42765615622102615,0.9684067872010813,0.7934168877438217,0.48299229232305246,0.9183790902152639,0.6228661012127159,0.4633223652038387,0.9380899018272556,0.43998412109450497,0.46842764917485524,0.9291043464571587,0.4393320903404164,0.47699534968380164,0.8766266921471001,0.46095166660295506,-0.005871225978413689,1.1951994047860464,0.7218338813487688,-0.06277420694683737,0.9429130971333528,0.7719340345816721,0.029645134845200687,0.7663141069977218,0.5619169683433851,0.12447907943668209,0.73752777433042,0.5163861691978524,0.12158640089382955,0.6903062672131768,0.5139466686118568,0.09406865322876715,0.6528232397881653,0.5495144418526925,9.340425531914894
0.2771980453854624,0.7112691031550775,0.7514979799027074,0.2825572976532219,0.24030566273579038,0.7706707123841081,0.2731165095403322,-0.16982187827977907,0.7921171924910972,0.27996110138693403,-0.1927118572394029,0.6159722072567093,0.3422557856920776,-0.20151268733112285,0.6578667369064783,0.2638504093785915,-0.24147381957284064,0.8201400894942368,0.07769615884434942,0.6976951128742779,0.7386353989170007,0.08615194731681922,0.23484017111989608,0.7790372462291286,0.0987098902848434,-0.16263082142238855,0.7856941456825244,0.11800551949762841,-0.19152295087699783,0.6219741047329904,0.06598701001488697,-0.19877302688206008,0.6500720614016172,0.11320585037696917,-0.22523757639962638,0.8392966733449926,0.16921356488169015,1.2546442474425343,0.7383200879809982,0.17462007334995683,1.4972986335602811,0.6666017605914596,0.19045100825652878,1.3617008340213046,0.5908010117850263,0.3267709372957132,1.2144933954845256,0.760166437650456,0.4246955597173262,0.9659264166642276,0.799227582192134,0.49039352092822597,0.8821896384332188,0.6381324069792861,0.47829694977956344,0.875239278997307,0.45379282395888076,0.4877008863566097,0.8651618739787011,0.4606433713929243,0.4956016058444134,0.8221146424974666,0.48841184180037367,-0.004555559470399397,1.1954808243361785,0.7218950435576977,-0.06081656213531062,0.9434076637942395,0.7795571625602162,0.026766998725677796,0.7651279816704869,0.5675733317306518,0.1183923611120267,0.7314979392469001,0.5254596222852107,0.1157722479460554,0.6832989256248894,0.5186888067553173,0.08383250194078183,0.6472120627551342,0.5647020149023186,9.361702127659576
0.2794311315055944,0.7103878981671159,0.745187852786589,0.282870353959432,0.2410039785474098,0.7659357838909908,0.2733208099177601,-0.1706450059536541,0.7923261365702332,0.27990518261905023,-0.19400960980451346,0.6161418085347451,0.34237009978727595,-0.2018136398459367,0.6587564883376734,0.26384670400692556,-0.2405719984941741,0.8188430942696067,0.07836161957358846,0.6980425276960176,0.7363523419897974,0.08686981435553921,0.23476490164051642,0.7771050669762548,0.09979438844264756,-0.1621836278358249,0.783722641112397,0.11608856343231189,-0.19154279681247208,0.6209488582378373,0.06598590721320899,-0.19888595589029412,0.6501089673788244,0.11474809198904735,-0.2247333068669536,0.8353649919962594,0.17338465657296062,1.2543573817715108,0.7340309948731989,0.17523057611034018,1.497401654246879,0.6666163625762934,0.19039001005402367,1.3614021215169256,0.5858430070320102,0.32858105401187276,1.2130971278161076,0.7575077313544917,0.42232308475995023,0.9655217853579023,0.8048191643139393,0.4991453006747051,0.8469725182741621,0.6512635208660721,0.49199188959350093,0.8125596730777679,0.47573911644223055,0.5058209152871901,0.8015532417248624,0.48243190516486134,0.5113417486673159,0.7695777478761955,0.5192210765668263,-0.0025487618080799355,1.1955249187862356,0.7220801890241428,-0.058503124611537116,0.9443340582057871,0.7857319074218255,0.022106603707145525,0.7623313307082417,0.5762415128420593,0.11246220900062574,0.7229503360142044,0.5350246449411398,0.10994122689962468,0.6751663264462858,0.5261391692646059,0.07187378193546555,0.6418300258897108,0.5784214896108089,9.382978723404255
0.2816589781748332,0.709178074583042,0.7397124782249102,0.2832172395364304,0.24150570579365538,0.7614847729353126,0.2735193057954796,-0.17126166682634753,0.7920712028799859,0.2800855222518731,-0.19545686113203897,0.6172277089950016,0.34241879802336755,-0.20128335761526384,0.6595126031774096,0.2638400281527313,-0.23985078917600827,0.8177502951613932,0.07911315589813787,0.6983381211857902,0.7343553665583169,0.08777550500672916,0.23462831329925274,0.7745933303860654,0.10079535259116548,-0.16185752347567317,0.7818468151774367,0.11432979273119795,-0.19280198729350967,0.6215818987421007,0.06607488373389393,-0.1993976268000297,0.6502446489358482,0.11616597138825233,-0.22460261739087467,0.8317242017225575,0.1768962893408732,1.2540492383862225,0.7316865270073509,0.17601115518741,1.4972577046907103,0.6668903120617091,0.1909665696016345,1.3606154684784981,0.5802290793493277,0.3309274695854788,1.211455671774004,0.7559663615072216,0.421459379183161,0.9651821880717616,0.8081977905962154,0.5081928738829081,0.8142160800938419,0.6644163243073212,0.503812602901029,0.7543394179316987,0.5051440720178282,0.5209908339357894,0.7419394992336606,0.5059923328845739,0.5230749702139615,0.720629015716688,0.5514983806372427,-9.935060599841564e-05,1.1953769568524433,0.7224218119476311,-0.05603550199993715,0.9453800044007934,0.7906207695762884,0.01584349690792711,0.7581119491893743,0.5871494028733047,0.1063941590852149,0.7114994625051899,0.546832024032099,0.10351523216855488,0.6663627004185672,0.5369430892068843,0.059491751445662475,0.6378770714054235,0.5870406470596823,9.404255319148936
0.28371890993217685,0.7079578565078493,0.7349220253280864,0.2834829661027086,0.24171234789550092,0.7575022153697193,0.2737197311203375,-0.17153812321899523,0.7910303562095089,0.2807571008394466,-0.19703476026132588,0.6195109621591506,0.34245292094643365,-0.20070944162162305,0.6601461131242796,0.2638191100207051,-0.23929000665296596,0.8167294423902768,0.07994377123816442,0.6985513226714049,0.7326775278421865,0.0888242078186566,0.23442471687711972,0.7716127162532066,0.10168195140062539,-0.16169419984509278,0.7801324951392015,0.11303893117811453,-0.19468363185856438,0.6224611890382572,0.06624325761550562,-0.20023810212770743,0.6504549465131662,0.11738290355309336,-0.22478200835916393,0.8284669153005719,0.17996441927676676,1.25396501187835,0.7314657954640003,0.1770893922620701,1.4968805171994533,0.6679911731574222,0.19204632263363658,1.3593888093139799,0.5753678179655642,0.3339668145093242,1.2092397951996572,0.7556893811007785,0.42230819108074535,0.9636517101523568,0.8092994300143519,0.5158847352613671,0.7852065533777239,0.6791458982889969,0.5127750533221623,0.7038600878460648,0.5388485597077393,0.5313071450930985,0.6901502101585927,0.5324081179729911,0.5298491647254104,0.6775537839765531,0.5823663092452055,0.0025437325535842036,1.1951778281048238,0.7229925923953917,-0.05369039155158427,0.9459423720214144,0.7946515721173986,0.00883021198417826,0.7527206476214701,0.5994392420579333,0.09972011535111439,0.6977027620656597,0.5609659649595622,0.0958929830256351,0.6573136089249519,0.5507217404160173,0.047661513828053496,0.6356331270761499,0.5896148963191843,9.425531914893616
0.2857176091473529,0.7069690716233046,0.7306280463482838,0.2835987567099831,0.2415713281154511,0.7541175532692335,0.27392845164391166,-0.17157481705734612,0.789425335242938,0.28188323946661714,-0.198664000828597,0.6225327070479891,0.3425626109741103,-0.200920954466403,0.6606377934126701,0.2637570784121585,-0.23884241167766523,0.8158536006544406,0.08090050965601736,0.698722237851338,0.731307781546227,0.08990928847176066,0.23415659842222308,0.7684828599118219,0.10245979685160324,-0.16172278369950127,0.7786582159368629,0.11280459025137057,-0.19656111164704954,0.6231548243574117,0.0664545764706638,-0.20122742100148555,0.650639323094354,0.11829463394461304,-0.22501200290322662,0.8257114705222997,0.1830540547907813,1.254208744436406,0.7326522742839778,0.17857002546277057,1.4963972285567693,0.6699273142290216,0.19350833837445003,1.3578260968937121,0.5720662117809732,0.3378925699949283,1.2065668017995346,0.7553075086100535,0.4244467352253578,0.9605723058896337,0.8103952553390247,0.5209271288592449,0.7611418004095534,0.6958772769674615,0.5167894377700906,0.6626799939036581,0.5732795070867004,0.5349654665708227,0.648479547876878,0.5602634977126502,0.5307861037417418,0.641951595851918,0.6108685474454939,0.0052632868567950965,1.1950036511505449,0.723839456621689,-0.05183094617945885,0.9455488089840567,0.7980785119726674,0.002012052692810392,0.7464794616586957,0.6127425047481574,0.09200916406903648,0.682810412244391,0.5760084787308195,0.08680197119886301,0.6484211466442629,0.5665507785874475,0.036592132696466745,0.6344883254088114,0.5884774214780549,9.4468085106383
0.28787133787267283,0.7061583102662948,0.7269213850144566,0.2836618880744092,0.24101895853828104,0.7513758018274493,0.2741878080353752,-0.1715656018781117,0.7878922083460905,0.283086588064563,-0.20020356691366537,0.6252432962498008,0.34273353937871387,-0.2019580203371177,0.661161191884516,0.2636211034876822,-0.23851395650343005,0.8153760327546837,0.08195569210851471,0.6989067674835695,0.7302599754151449,0.09092370597014385,0.23380034370796174,0.7655179377529614,0.10319326001700575,-0.1619688095769705,0.7775127429843195,0.11384450896924317,-0.19804260637267465,0.6237747770652627,0.06667913929890906,-0.20221934910031614,0.6507141092749381,0.1189046248539822,-0.22513999751953187,0.8234986520242142,0.18657594481071357,1.2544516063671804,0.7339019051718669,0.180501236688961,1.4959612592972973,0.6723979562172052,0.1953030183954712,1.3562953783061877,0.5697557682151383,0.3426882289195156,1.203864280150677,0.752678587190918,0.42727384174668026,0.9561122036413756,0.8130457587873292,0.5231352366294382,0.7423342142086176,0.713914134322493,0.5143217388659759,0.6299635389090222,0.6051476017187422,0.5316469815964867,0.6162084219839284,0.5864784904887506,0.5261564962091825,0.6127299411030332,0.6382606427653037,0.008176490599116983,1.1948529281108482,0.7249404147533753,-0.050670973218254034,0.9443857419227595,0.8009057813881146,-0.004067864661324635,0.7399393337303575,0.6266950518582496,0.0833497837115687,0.6680241489330114,0.5908953674670524,0.07649792141828476,0.6400417423784149,0.5833004681520105,0.025979659837118335,0.6333486452027386,0.5877977726036608,9.46808510638298
0.29018617008644776,0.7053189157109744,0.7241856293292508,0.2838529824755411,0.24003173955938228,0.7492546227553886,0.27453251489914143,-0.1716459301967413,0.7867918820389165,0.2840570327264159,-0.2015032941413584,0.6268634290449229,0.342806599026963,-0.20333339197091718,0.6615960164823101,0.26342353260268175,-0.23833446081758772,0.8153262090315542,0.08301142473350395,0.699093715387536,0.729523379916883,0.09184348661133476,0.2333161710270418,0.7627644527676547,0.10393678277768786,-0.16242181736350375,0.7767077791651278,0.11560504833652335,-0.19884541505129436,0.6238740235970162,0.06689469581948083,-0.20315592098225702,0.6506832013867839,0.11942402148435205,-0.2253473352220786,0.8217535649935558,0.19068221853841577,1.2542439691471179,0.7345888530789054,0.18280761427678396,1.4957808952692513,0.6752093977537976,0.1973017647908013,1.355282816912025,0.5672484983273776,0.3481262752894092,1.2013839163530464,0.7466657196479458,0.43029819431491645,0.9510724969251334,0.8159520431035189,0.5232557439809424,0.7279602673249597,0.7319914989911638,0.5062871310148412,0.603744838203484,0.6322016908044974,0.5233517350715121,0.5911030153382956,0.6094958773900103,0.5177611546509902,0.5876503610509262,0.6653248527606932,0.011446010660063937,1.1947433141011188,0.7262060214444248,-0.050152952026462194,0.9431977578282873,0.8030603196555953,-0.00906838812149082,0.7337665454943442,0.6405515647927028,0.07457424739240359,0.6542554509901947,0.6053648447747679,0.06574206923915966,0.6324388237110149,0.5995534419268069,0.015540399755749161,0.6309488901545447,0.592049571357358,9.48936170212766
0.2925554439471107,0.7043687054540374,0.7228482762945647,0.2842822858748759,0.23869716971623178,0.7477701065310607,0.2749024555737925,-0.17191099667432896,0.7860277802263248,0.28471765068980753,-0.20241652283895478,0.6272255884995633,0.3426531632501121,-0.2046326569060122,0.6613840640803919,0.2631839902472607,-0.2383120284473129,0.815494427272527,0.08403758239324793,0.6992423824711327,0.729089354624927,0.09270285613833627,0.2327209938935147,0.7601107217842555,0.10466413093196426,-0.16296790322564247,0.776060709526453,0.1174399369512806,-0.1988641339937092,0.6228858886604535,0.06705909928302717,-0.20399396859552232,0.6505940678237314,0.12003354597765852,-0.22590696264116428,0.8204085597244103,0.1952840394674087,1.2535683500264883,0.7350335495173456,0.1853707864398172,1.4959457355116117,0.6781203051490742,0.19918865700649313,1.3550791186060356,0.5640005974760902,0.35404641849320245,1.1990606665415955,0.7380892592164988,0.4333822710556244,0.9465477877216336,0.81659873557109,0.5220111633384656,0.7172672198850198,0.7476658109011648,0.4956825499605385,0.5828878224605946,0.6538918643099838,0.5131230041995283,0.5719567773454518,0.6298201725458855,0.50771410954207,0.5662818258911759,0.6899239701304055,0.015032255242526642,1.1947241936354431,0.7275304748822372,-0.050075969004420795,0.942631304315092,0.8043005992461376,-0.012477648529879405,0.72853989468833,0.6534199896385989,0.0668651061514769,0.6426299010030889,0.6189125938643101,0.05566266271050198,0.6258896911422549,0.613211351486466,0.005376916301391411,0.6265794087495506,0.6037682342590234,9.51063829787234
0.29502060575643846,0.7034766706083463,0.7231846597854774,0.28496537367546076,0.23716583765927066,0.7469364517277844,0.2751514952903163,-0.17241746866816296,0.7855095384514381,0.2850653986043707,-0.20276138140351016,0.6263442769415779,0.3422798604659135,-0.2055397576257509,0.660221350029166,0.2628803401690798,-0.2383984652175344,0.8158427268344228,0.08514578899487406,0.6995253302449365,0.7291505805645474,0.09351693637701211,0.23211196095099842,0.7575308003246434,0.10530927322156183,-0.1634542530022592,0.7753279411579814,0.11926036558443787,-0.19827880404189227,0.6208388708799993,0.06711387881680005,-0.20452733669993153,0.6504437621347909,0.12060925621960103,-0.2269478601299545,0.8196453877045831,0.20018352261609956,1.2527356082201313,0.7356322272342297,0.18837031554030853,1.4962630102180756,0.6805357300260867,0.20073470106531394,1.3556356737538644,0.5605548029580092,0.3604516020182115,1.1967617577462348,0.7292077737980486,0.4364521965148758,0.9430607969572051,0.8138605450962864,0.5196002843884239,0.7099687367035168,0.7568959553708324,0.4850726687386527,0.5673447887710863,0.6695946670300883,0.5030741520521098,0.558924913428362,0.6469631492764408,0.4975279238627939,0.5499383535569159,0.7084592083979515,0.018936523492211182,1.1948125251447872,0.7288415668618838,-0.05018569964475978,0.9427621892105438,0.8044714210974699,-0.013990169139039787,0.7247798124605485,0.6642704036994006,0.06127165835716846,0.634422343086247,0.6300592145400998,0.04745222925183509,0.6209774903427356,0.6219340403795707,-0.00390858797752221,0.6207606040424786,0.6216596315144004,9.53191489361702
0.29768420943619,0.7030309807129179,0.7250776701945643,0.28589153132902984,0.2355735881616518,0.7467487415652796,0.27514916292372105,-0.17309106945982888,0.7853037746773095,0.2850801220673402,-0.20247275909921172,0.6242962106977475,0.34175335361412845,-0.2057113580676206,0.6583125397695775,0.2625009847764522,-0.23847325300390576,0.8165205943854069,0.08643116579825898,0.7003056804570202,0.7300788867950514,0.09424805673710361,0.23156684770495534,0.7551686779219147,0.10582477611386151,-0.16383171373432237,0.7744752863640956,0.12116988601479925,-0.19726910870718145,0.6181779859533132,0.06703150539885527,-0.20446240152746584,0.650183673062501,0.12085017829308521,-0.2284433015041077,0.8197739495100858,0.2050514850692497,1.2519280503304027,0.7364045390135667,0.19221131641344116,1.4964739311157647,0.6818890872101665,0.20206069819697575,1.3565944876488905,0.5578913989208135,0.3673455369903661,1.1944688669600512,0.722298525672715,0.4391005954845931,0.9404155178250158,0.8086222762613999,0.5160936254227401,0.7055153453777255,0.7567811430471849,0.4749586448258297,0.5574627745999828,0.6778505737350491,0.49387461639145197,0.5522556375508135,0.6579703576810326,0.4882262852534578,0.5396881135936906,0.7195411970426835,0.023429643868900375,1.1949593621468446,0.7300322996044737,-0.050251686347538446,0.9433113117308705,0.8039631308738264,-0.014137143264443083,0.7227092083039459,0.672440044880166,0.05840618436391733,0.6300697902396338,0.6374173194105517,0.04179423621200529,0.6183623609893569,0.6251703668775301,-0.011083085722060126,0.6149894605579382,0.6411447156979209,9.5531914893617
0.3004969282412298,0.7031593392370674,0.7278184544768267,0.28703347851808253,0.23404398580279132,0.7471513806903619,0.2748751967991231,-0.17374813088571672,0.7853090216559971,0.2847919728164584,-0.2018668428101598,0.6215851100758591,0.34117231735006676,-0.20492450926164976,0.6558828625344335,0.2620983587701182,-0.23848005804361613,0.8175630486559262,0.08779309689561783,0.7015505647785976,0.7319206683612127,0.09483528199751756,0.23108667907665917,0.7532676855865575,0.10618783165146461,-0.16413821204731086,0.7736727666391862,0.12288899221208882,-0.19592606684751693,0.6153153420164573,0.06684241091494009,-0.20379660509532344,0.6498287322594819,0.12066813668952957,-0.23017760049968028,0.8207435986100197,0.20950321288413037,1.2511596254266895,0.7371474449045301,0.1970952382109926,1.4964595411201564,0.6820961948189308,0.20344230304970196,1.3574686969411238,0.5564534190668606,0.374623520552164,1.1922371200393689,0.7186877670851196,0.4411051725530981,0.9382574090194522,0.8024167454634465,0.5118496689420589,0.7030832973987947,0.7479372743533448,0.46509398574815997,0.5532898022013301,0.6783022234250686,0.4854653690774051,0.5511017036913672,0.6597742241525881,0.48052183671796367,0.5352162723717115,0.7240865795156809,0.02876975617685843,1.1951157489067525,0.7309444444713386,-0.050201022131780286,0.9441420140610022,0.8034184352543459,-0.013931118367671507,0.7219319133686387,0.6784645629407016,0.058059238568577795,0.6288926632644213,0.641581786978817,0.038506551213446934,0.6179019309609337,0.6254966327998829,-0.014497207473781627,0.6109737846549967,0.6564679955369248,9.574468085106384
0.3032750810989145,0.7032716804925829,0.7304407040691001,0.28832639568094093,0.23267441674667616,0.747868463333086,0.27446633499383016,-0.1742532751736314,0.7852432519676762,0.28439852099455165,-0.20148777714287688,0.6191538307526215,0.3406775879288445,-0.20334392678884053,0.6530691693009436,0.2617834763095546,-0.23852472267979682,0.8188512876518467,0.08906462431315537,0.702587990042622,0.734152179360746,0.09526369977364264,0.2306707219388944,0.7519174828941707,0.10639015762462495,-0.1643975781801748,0.7730996535131195,0.12384258044932979,-0.19457130781912496,0.6125026171739425,0.0666057884448088,-0.20284519722610436,0.6494768389602816,0.12032755693810726,-0.23177286328334606,0.8219402699512445,0.21340246036465843,1.2504745656555718,0.7376951002612555,0.20297418444938722,1.496139103631673,0.6811928850503822,0.20506984056598165,1.3579221736678027,0.5561362519305788,0.3820622230845923,1.190040545246396,0.718895945855794,0.44284480821074923,0.9364760168259233,0.7959956579861616,0.5073581345809649,0.7020689717739259,0.7328276522039048,0.45633858687908535,0.5538112875551837,0.6715422802911042,0.4778112686626791,0.5533787503735652,0.6520810664050443,0.47507582498454837,0.5351002488150433,0.7221894284785391,0.03487101534107218,1.195280086959599,0.7315244974051341,-0.05012262962427809,0.9452807722692842,0.8032019972126186,-0.01365839939795624,0.7219890255309416,0.6827525010448172,0.05936008540767744,0.6299497806476739,0.6441386712891064,0.037202637835126014,0.6185764817688224,0.6263190133524685,-0.013204968128818485,0.6098717443472951,0.6631096073084004,9.595744680851064
0.3058227100973829,0.7026018850342178,0.7323422163853572,0.28966445597649754,0.23148490728882876,0.7485488747881636,0.2741437204302853,-0.17467882358393225,0.7851206488004646,0.28428462343245664,-0.20154725531594977,0.6179280628708584,0.34034853451045377,-0.2017177529159295,0.6504625987446953,0.2616915810291143,-0.23879531252714206,0.8203702631604775,0.09024033710263216,0.7027891930199123,0.7361498747844823,0.09556711184578642,0.23034180101343898,0.7509416558187552,0.10642725912174808,-0.16465270636589638,0.772884942473309,0.123724131799111,-0.19362791522227285,0.6100228252248735,0.06636407906625993,-0.20185602017263402,0.6491994164671114,0.12015717771179248,-0.232958623192219,0.8226543938367477,0.2168315060101892,1.2500136185537576,0.7380366771087274,0.209572453408151,1.4954496946047369,0.67902375478078,0.20711271201146217,1.3577969241113075,0.5572214396774653,0.38930271153405893,1.187821452748761,0.7228032574331675,0.44458175078462564,0.9350737918236924,0.7896372935389745,0.5028326353363893,0.702083341455887,0.7137237910416758,0.4499497707216304,0.5572765367570902,0.657520031405658,0.4712212274794713,0.5569572970221905,0.6377914023484466,0.4724760632221964,0.5378785955859082,0.7125658968570495,0.0412246827511529,1.1954251797451805,0.7318681732485901,-0.05012669470902184,0.9465603833358451,0.8033683985280414,-0.012477344654449486,0.7231421329039385,0.6835804132698666,0.06166892917638209,0.6328489329011673,0.6439346562123247,0.0383074959103849,0.6197759204559435,0.6278023911908096,-0.00781909252720965,0.611738972887527,0.659981834047697,9.617021276595745
0.3079952708444536,0.7009621809787405,0.7334278736061546,0.29093777869823934,0.23047132258021008,0.7491777074435775,0.27404050678424646,-0.17524376740722553,0.7853809099559534,0.2847036933438925,-0.20169175463351172,0.618239038561852,0.34015399756137743,-0.201082664720962,0.649258010829858,0.26191168712841456,-0.2395078635697773,0.8223618507876372,0.09144212257786834,0.7021273992915342,0.7376616383738277,0.09576625854195571,0.23010695217931765,0.7501703045715724,0.10630990698479621,-0.16501412826335982,0.7731354390100015,0.12279935780988341,-0.19319352968620915,0.6083481838257605,0.06613761299960562,-0.2008657930456466,0.6489833763807187,0.12026211940354828,-0.23376187707051,0.8227226214267179,0.2198619083483724,1.2499113727301259,0.7382676128526706,0.21624205552646586,1.4944833448992547,0.6755578089602072,0.20978175329550036,1.35701266408994,0.5602751628567084,0.3959256056101178,1.1857318082093038,0.7290844126349247,0.44613109788728433,0.9337429882689459,0.7843374867689814,0.49801659512778007,0.7029051938012691,0.692978027465034,0.44545252178367306,0.5627743232251867,0.6359614189513262,0.465647308892711,0.5608091391605335,0.6203121055895311,0.4724137167340545,0.5425729674156035,0.6950934097637422,0.0471506583813988,1.1954800385007234,0.7321184251848201,-0.05018125851768084,0.9476531651220546,0.8037129185945455,-0.009375608744565323,0.7258625113779338,0.6786091458763848,0.06509727331855003,0.6378142088769049,0.6376225366228174,0.04274483158781692,0.621907377601683,0.6270120745541989,0.0001686844279138067,0.6155429990848011,0.650297148825496,9.638297872340424
0.3097900958214061,0.6985864816109704,0.7338385503199059,0.2921319081557415,0.22964090243063268,0.749996866437716,0.27413057547051267,-0.17602030083801107,0.7863242529054245,0.28538760055625034,-0.20139487112619137,0.6193592900539203,0.34000974137107076,-0.20184756016298608,0.6504212312381816,0.2624025394797352,-0.24077729769059772,0.8249842133424348,0.0927472757759851,0.7008712387187492,0.7387774533668563,0.09589894140877013,0.22999530098548587,0.7495522590349435,0.10607723749124591,-0.16553990156320086,0.7737876398347932,0.12155589627490032,-0.19313985945610915,0.6078884340770154,0.06595400407090728,-0.19985756116097864,0.6487986488531184,0.12052983652410931,-0.23427866058381475,0.8223528921096651,0.2225923629364404,1.2500871523355426,0.7384443081288321,0.22230247865129915,1.4934516192787393,0.6711583811381676,0.21316693100098918,1.3557038531067356,0.5649673166158795,0.4015940698364807,1.1841383170486488,0.7353316773070011,0.4477587189348404,0.931813034475064,0.7820186488128621,0.49243957266745025,0.7047657896784469,0.6731546335868086,0.4405469180908658,0.570938350451803,0.6077851413107358,0.4597079028041211,0.5653791784902809,0.6001952168517972,0.4732377768138666,0.5484821393010809,0.6719712295571385,0.05230627680595132,1.195391291795421,0.7323956818231545,-0.05011830661448698,0.9484081648909133,0.8039641864676073,-0.003937767995095208,0.7298633636734648,0.668241399066771,0.07054423832744405,0.6450054296153327,0.6252345106420043,0.0508571282207184,0.6253391980998694,0.6217288214591752,0.00965546981725924,0.6199819124777639,0.6390454125466456,9.659574468085106
0.31137269324698064,0.695716568239767,0.73382412359241,0.2933377122193113,0.2289538758691311,0.7509728633324808,0.2743333063768373,-0.1767432869402282,0.7875942752898006,0.2858680903856963,-0.20052207914738537,0.6201462965577026,0.33973652100475016,-0.2034306630342678,0.6536666890833626,0.26298419932008665,-0.24236218098876164,0.827824037387146,0.09410469003192742,0.6991499757521683,0.7396439064259219,0.09607032825399256,0.23007331040890974,0.7488976681216818,0.10577807361034422,-0.16613873218196662,0.7744624116509542,0.12024565494593453,-0.1933637956779694,0.6084539493647682,0.06585886451901174,-0.19897476817529658,0.6487374739483712,0.1207871994163786,-0.2344926867373809,0.8215435583999262,0.22507485215559592,1.2502779257791639,0.7385396685484733,0.22752729272206665,1.4925867285969778,0.6665037704858926,0.21704464021191033,1.3542110675142656,0.5701219456697211,0.40612260620198004,1.1833660470988083,0.7394959371242303,0.45049827637425943,0.9288545894188309,0.7847550762786781,0.4861652354743079,0.7080216005136306,0.6564109410886898,0.43321939135323917,0.5822715812033379,0.5761702752567774,0.451832392005146,0.5720574813611015,0.575519926799097,0.4728032375311978,0.5553913484088143,0.6456984538379229,0.05690644940115146,1.1951169848363894,0.7327714599230111,-0.04984311684125844,0.9489593756990953,0.8039775274647032,0.0037708985596116317,0.734507213035933,0.6555975657762487,0.07927785004229342,0.6537991044575677,0.6115102972463784,0.06228284547534682,0.6296433424486967,0.6118149155584575,0.020085469580864185,0.6243381334655458,0.62841797936675,9.680851063829786
0.31286649637769287,0.6925988709393129,0.7337468360529082,0.29460547274309157,0.22843076963425044,0.7516582375135549,0.2746252832119198,-0.17699552809220712,0.7884627480212202,0.2859846548932419,-0.19937946193623118,0.6200912055664355,0.33909323758117565,-0.20498719811653934,0.6574446270616983,0.26346380791807605,-0.2437778662045424,0.830123187079181,0.09538521351059931,0.6970000450355507,0.7403064594784996,0.09635691508033925,0.2303641953287822,0.7479233385694938,0.10547894612529038,-0.16669842700600665,0.7747646967577667,0.11889106682856017,-0.1936992165911645,0.6092176522501752,0.0658501775090076,-0.19864623133566173,0.6490591995326426,0.12097979552992918,-0.23446877440910785,0.8202556849418394,0.22714956781090895,1.2503423778065013,0.7385512253814661,0.23194594359613308,1.4920872398432958,0.6623134061395258,0.22099028377419916,1.3527925022706093,0.5749514423039773,0.409523043915317,1.1834394671475335,0.7410010893161736,0.45531793006524396,0.9251166850494114,0.793341688979805,0.4798225300176847,0.7126313894529708,0.6432836186500346,0.42274921313764036,0.5956373059312167,0.5462798845624868,0.4418574132017411,0.5818993350619176,0.5462055525384342,0.46926840743223963,0.5640316607103556,0.617200025474013,0.06128989343410804,1.1946123332677705,0.7332755605620889,-0.04934413653279237,0.9495916098200958,0.8031359685955162,0.013312826753395573,0.7397585738491677,0.6436695046451555,0.09158847614865241,0.6629748865648976,0.6014748398046033,0.07623915903682936,0.6342619843061392,0.599074054418837,0.031058689383364868,0.6282367715085155,0.6178426908242061,9.702127659574469
0.31415128915785223,0.6894159572785027,0.7339605240377273,0.2958243859434135,0.22819213896178986,0.7517447690274977,0.27502623755580047,-0.1766371496022499,0.7885729470188984,0.2856320181373928,-0.19805156542280578,0.6188535521276026,0.33799180635475623,-0.2060661460403053,0.6601597925486804,0.26381027916169014,-0.2448228556864946,0.8315690613550631,0.0965458359929704,0.6945417645636808,0.7407850680435689,0.09671825232935304,0.23077644285781423,0.7466817983528324,0.10527807626061746,-0.167244586866094,0.7746656376115504,0.11753361179371226,-0.1937987742477479,0.6093543882166967,0.0658451734443445,-0.19916289126192435,0.649871638720095,0.12121743337431859,-0.23440568547819013,0.8187729893594173,0.2287584615298367,1.2503317092026052,0.7385580367649411,0.2355160468387229,1.4919841798023306,0.6590089607640277,0.2248020125920765,1.3515694375860454,0.5796898022547485,0.4120159505732799,1.1838862644147388,0.7408258383418163,0.4626213119274754,0.9212687637611645,0.8053094380636733,0.4731037658867608,0.7191611696899167,0.6302416771896346,0.4084792785066277,0.6104877102930246,0.5228413578145391,0.42921927443603564,0.5955738132235805,0.5165496505171534,0.4606134477575182,0.5758830913969312,0.5866916882391671,0.06542550573486311,1.1938738356432042,0.7338972287852539,-0.04833991094644298,0.9504006335735602,0.79988093032062,0.02408747641029798,0.7461698059137909,0.6337679068217295,0.10617233107810892,0.6721184572213168,0.5973170196069321,0.09177670637281257,0.6395740543579335,0.5876568710520392,0.04306340088982201,0.631283395198836,0.6088498394168624,9.72340425531915
0.3150112814845005,0.6861092642601452,0.7346422598956067,0.2968097103670677,0.22817132522370848,0.7514913176619625,0.27549676154263103,-0.1759614801358727,0.7882119922929325,0.2845746722427585,-0.19609276342459858,0.6158719841759273,0.33654978488340176,-0.20661333910552873,0.6612497549537201,0.26416111957073457,-0.24567846236440996,0.8324668071589751,0.09770460718990126,0.6919370860113992,0.7411307322584708,0.09707804554175592,0.2311365363114367,0.7455771894965598,0.10524753443010168,-0.16786718019033942,0.7743572723144373,0.11642192644364203,-0.19317484872190938,0.6083609369096731,0.0658561444036182,-0.20001872651017336,0.6506674013915302,0.12163150530733469,-0.23447570777107513,0.8174612223299096,0.2302039886885085,1.2503158270459491,0.7386462669399896,0.23829519779364045,1.4921356195612951,0.6567201651012143,0.22864952079068507,1.350679294197827,0.5851764938908539,0.41391413271797617,1.183857014573594,0.740688801457444,0.47223447182746575,0.9179973678269445,0.8151534173508139,0.46414939933444777,0.7295582031656302,0.6113510460718812,0.38891799482014017,0.6291844230924291,0.5075530953475946,0.41095923720715605,0.6141232171945318,0.49216480005893803,0.44463142351644114,0.5924613433177355,0.5550756109597348,0.06913617291520868,1.1930234505686534,0.7345470424804103,-0.04614938713551564,0.9512304714315905,0.79257474349203,0.03589748037152974,0.7543887749900177,0.6253616408280015,0.1216550036056753,0.6827886182596345,0.5979045760220916,0.10843048352531214,0.647083480784939,0.5809649993878252,0.057976471336955444,0.6341044119038389,0.6048570103313844,9.74468085106383
0.31548118349889004,0.6825962103665604,0.7356735245716677,0.2975279558584276,0.22807780926334234,0.7513175971465215,0.27591467846704076,-0.17539806781010198,0.7879671548031782,0.28282153524614195,-0.19325235462153284,0.6112856741335598,0.3349506483906402,-0.20674078230915618,0.6609471165814416,0.26462777843863255,-0.24645665198634675,0.8331603241067104,0.09900281580657382,0.6892813371452187,0.7413454296937125,0.09746064855788453,0.23135447107295853,0.7448641124839601,0.10539616148795312,-0.1685021074854559,0.773877946213977,0.1159006354003616,-0.19150304021776357,0.6059021083781785,0.06609759063234824,-0.20024706201913467,0.6505553739771218,0.1222756476114333,-0.23481869493618854,0.8164904268451967,0.23177462913987562,1.2503149084407155,0.7388043951113394,0.24054151675463664,1.4924183287107458,0.6556773804723901,0.23263733336652154,1.3502107764780142,0.5918869038038367,0.41549925611774824,1.1826974035918119,0.7416098582630577,0.4833677585139913,0.9157471104664348,0.8180505127064984,0.4512100915626851,0.7451176967183266,0.585508778002135,0.36296487138800515,0.6544616241604007,0.4993939894433945,0.3841457831725479,0.6379780417609731,0.475693907123272,0.42023666287682404,0.6143038846079083,0.5250510001133984,0.07255864052140765,1.192360234658559,0.7350254599364257,-0.042251191505504715,0.9521204713275344,0.7807051859920623,0.04873654452604494,0.7647031386645138,0.6166649827377334,0.13768780876204192,0.6973819536443018,0.5997791658748488,0.1260729736903855,0.6581826136195259,0.5781615047194041,0.07755516710606414,0.639048105900233,0.6050262213771982,9.76595744680851
0.3158809318190636,0.6790192853506745,0.7367093528109059,0.29813710701022217,0.22775245281423043,0.7512921171582235,0.2762339426672002,-0.17519351028279917,0.7882516283657397,0.2806860267619364,-0.19008235113111394,0.6060379214022358,0.3334080972827984,-0.20648198557515643,0.6594450827482872,0.26516402112280063,-0.2471031369884785,0.8337984829426801,0.10047659377313492,0.6866585927019226,0.7413677840054554,0.09801148616395966,0.23151912901066146,0.7443975186766111,0.10571332366571551,-0.16895011050818148,0.7730853248402882,0.11603857964937103,-0.18890425600862457,0.601938529778425,0.0667465110731419,-0.19942036120701676,0.6491156774023766,0.12313960791926477,-0.23549968585822956,0.8158761918353579,0.23351544811819838,1.2503246365056933,0.7389452648781132,0.24250850630622472,1.492810115049982,0.6559820226666212,0.23648692809147973,1.350108170359175,0.5993804358564148,0.4170000819717286,1.1803737508589487,0.74343007216268,0.49490062704555504,0.9147742037068332,0.8123450628021075,0.4340834064180764,0.7644688093557681,0.5582649574148977,0.33178265110006244,0.6860980708629356,0.49710777219969243,0.34928668682931296,0.6658376524730792,0.46707495373719377,0.3881959225147416,0.6402210465287759,0.5014318399515756,0.07600781068289914,1.192220705007821,0.735190647699494,-0.03690084368623199,0.9533510261344486,0.7652194706680713,0.06202918820291852,0.7767503699343657,0.6063733568990074,0.1537585088271351,0.7170229098419336,0.5996246013402304,0.1439759506569649,0.6729937519732344,0.576789666768156,0.10159259969462482,0.6485169119888564,0.6039590761916593,9.787234042553193
0.3164462687473327,0.6755501409941591,0.7374866908062703,0.29877551074942177,0.22729465185973013,0.7512508257328065,0.2765597185815336,-0.1753910140446201,0.789005263717851,0.27850951989862943,-0.1874799700505825,0.6010525232785561,0.332206511152766,-0.20568784756203926,0.6567101453545175,0.2656549685029286,-0.24770257756123168,0.8345684371831348,0.10208699153686072,0.6842519703875501,0.7411607267709464,0.09885545357900058,0.23173267267505313,0.743934967314901,0.10618986086460429,-0.16914482712804013,0.7719587444926779,0.11662464292574931,-0.18563085159186443,0.5968886071688058,0.06772642156026361,-0.19780986461043276,0.6466496557461253,0.12416405931093537,-0.23640308956288522,0.815564906180196,0.23542219097803782,1.2503275397090579,0.7390495257406479,0.24429202965541463,1.4933186830583771,0.6570051242484893,0.2398597645972061,1.3503485565646811,0.6068240852600796,0.41848271083165905,1.1773910407187946,0.7456248778001833,0.5058020183441435,0.9153139170850939,0.7985806804473587,0.41405034326179685,0.7847413388180208,0.5356303777161012,0.29901426976544215,0.7214503484978629,0.5000198790153432,0.310377829421795,0.6953468073200036,0.46624781566878615,0.3510882915602864,0.6677724734684342,0.4881023060077889,0.07950795591782772,1.19267687294936,0.7352965351582423,-0.0310470302941258,0.955021712338019,0.7479916054359618,0.07485993357552923,0.7897836000693447,0.5944557638348256,0.16829117387034517,0.7410267721972242,0.5951877358932589,0.16084455672922293,0.6911027132643826,0.5755086322181079,0.12764373570862123,0.6631010186051053,0.5979669642526346,9.808510638297872
0.3171158015523848,0.6721724505666689,0.7379851898454501,0.29943003570603666,0.22686043068659692,0.7510939104716133,0.27697844465537685,-0.1759375514262228,0.7897918600784709,0.2765963555621296,-0.18582773929864405,0.5970867078935913,0.331586015174705,-0.20431152542788514,0.6530809607345925,0.26609832220060414,-0.24846379658669104,0.83562340926772,0.10378251762255446,0.6822467128464257,0.7407291209704431,0.09997891114845354,0.23193111334181304,0.7434708172076969,0.1067997985636349,-0.169200420894207,0.7707250936218524,0.11750926837133002,-0.1817870849420969,0.5914078624990534,0.06881772613213512,-0.1958125094532453,0.6436733106680547,0.1252705453726103,-0.23739084240107616,0.8154962902137575,0.23744289489411613,1.2503099231746886,0.7391916713141242,0.24572494009642237,1.4939154692593857,0.6578989829265607,0.24270950803194996,1.3509370443609676,0.6136213537213434,0.4197091883388109,1.1744364044137958,0.7478863651902058,0.5151731147315327,0.9172412691892018,0.7785473524591217,0.39301268805748923,0.803740128844971,0.5202696760267687,0.2687709857361824,0.7572942577869584,0.5070341695609083,0.2723211537232228,0.7239652036159177,0.47360126748062314,0.31271575911351246,0.6942422358343925,0.48496792174046116,0.08263987323467037,1.1934474723832627,0.7359311399499955,-0.02571571530077453,0.9570241806847302,0.730853357193473,0.08669182648165746,0.8029851597998577,0.581331413784673,0.1797133601484963,0.7675394603167887,0.5845335931933278,0.17569302270659798,0.7125885114839612,0.572429305069722,0.15247583296764106,0.6816626775857986,0.5877110732132291,9.829787234042554
0.31771891905718086,0.6687896420539509,0.7382846712000481,0.3000218054197237,0.22647381222773239,0.7508970533619871,0.27748111348825183,-0.17669027793310255,0.7902388797789002,0.2751891069105515,-0.18490887745190246,0.5947254348037508,0.3316049385007658,-0.20264968471004638,0.6494929604948358,0.26662621784191404,-0.249453228405822,0.836865121953438,0.10550589294225883,0.6806751785844792,0.7400756754033474,0.10128863698543483,0.23195554586534792,0.743156971472384,0.1075086712547376,-0.16921956832999785,0.7696198816656044,0.11856573103055548,-0.17770602651253245,0.5861900017969252,0.06986729848871666,-0.1936508434860831,0.6405911537356701,0.1264141725357546,-0.23847019145778264,0.815651164841471,0.2394092881740075,1.2502812952045634,0.7394248479292631,0.24647906487562074,1.4944792004858862,0.6583925905612247,0.2451238328945185,1.3516298477414115,0.6190825520597015,0.4203632259201088,1.1720277519822981,0.7500434424037097,0.5223134974857788,0.9198657220181788,0.755682059823197,0.3724843698225322,0.820512088247448,0.512924917952092,0.24305710424045734,0.7905435044473546,0.5164002893286467,0.2382121844445047,0.7495334903744849,0.48819256844813813,0.27696323538676254,0.7170178558105018,0.4894560273394325,0.08486783168017084,1.1942069271991047,0.7375149176652867,-0.021433063713541013,0.9593528774378532,0.7150042995785124,0.09749516924918036,0.815290976080637,0.5678437570534659,0.18776074550075228,0.7940151496481354,0.5679151469185708,0.18815701488792175,0.7370007315939583,0.5653909987224917,0.1739474078278947,0.7021520818693187,0.5761496541234312,9.851063829787234
0.3181467579987949,0.6654376238856643,0.7383931067099417,0.30051363541182063,0.22600011319870064,0.7508949798078814,0.2780746508939893,-0.17743417222155333,0.7902254749595032,0.2743184463766021,-0.18448190460641983,0.5938299364067589,0.3321678965500627,-0.20100523805715936,0.6466248090825877,0.26731567666902745,-0.2505922461430685,0.8380785310170082,0.10717359283454106,0.6794836706494819,0.7391960102212013,0.10270295130378282,0.23173414585786895,0.743066899195423,0.1082911790172745,-0.16921294253307545,0.7687167948468506,0.11947799169112217,-0.17417285416709288,0.5819466849573759,0.07082999835910907,-0.19149467750847896,0.6377800256132848,0.127589519877377,-0.23964927839697053,0.8160008257880705,0.24116573539849986,1.2502596385925877,0.7397440461978478,0.24648740522085993,1.4947919563481091,0.6584970784278947,0.24708254511582595,1.352086732236566,0.622290921656545,0.42045315863661714,1.1705093507958522,0.7518620761621952,0.5271574710180327,0.9223994944574568,0.7350627444276472,0.35364043826098523,0.8347277402356442,0.5137758972119932,0.22157576178490515,0.8185748115006686,0.5264039757066248,0.20920730884089317,0.7709813397491345,0.506325755920754,0.2472992272141467,0.7339857458466579,0.4990781804668918,0.08602976701862694,1.1948561828364432,0.7399196574798306,-0.018254373600321675,0.9620992429039594,0.7013873032597957,0.10752589600101502,0.825468281862492,0.5560941388871253,0.19348141678595193,0.8173445666418746,0.550139562910499,0.19801529326775014,0.7619806103462619,0.5546377692235764,0.19112007025513228,0.7222857088919514,0.565708666869523,9.872340425531917
0.3183197047624213,0.6623805675727403,0.7382062315633334,0.3009029493694414,0.22529210246606896,0.7512838208758992,0.27880825869064435,-0.1780422571886654,0.7897645616991064,0.27384275290621474,-0.18448270204739167,0.593598597034958,0.3330759171745583,-0.1994052263119956,0.6442433188343565,0.2680974981270192,-0.25185641755674787,0.8391110065346008,0.10868570211283703,0.6786482494712441,0.7381394958242444,0.10416278781899506,0.2313728652326349,0.7431745380005265,0.10912926107982246,-0.16914001462161665,0.768013178399679,0.11999763460210142,-0.17191994594921373,0.5792026143105438,0.07166012073844219,-0.18969941727339507,0.6357162037824459,0.12879038742268142,-0.2407826587238547,0.8164914444177886,0.2425884244684651,1.2502262494044944,0.7401285400698996,0.24612209992368256,1.4946934588328518,0.6581446654938722,0.24854152035672455,1.3522973353565464,0.6228991151980169,0.42030227471412773,1.1702314779142797,0.7530297208522797,0.5301611432031103,0.9243914765184965,0.7214093477334647,0.3380141625158366,0.8459464276925215,0.5218879545111335,0.2038364410800187,0.8389914303258929,0.5362067845394686,0.18676297624977536,0.7880399410232406,0.5230917362484513,0.2263160201138793,0.7445260191832854,0.5111263847426538,0.08651770176535514,1.1954327517067707,0.7424574964526991,-0.016242577581794468,0.9651429215892029,0.6909133819433123,0.11681382484706809,0.833118403089326,0.5486438534314967,0.19806736610619674,0.8344602220975744,0.5376075281987853,0.20489737514820344,0.7842319664163638,0.542908346386626,0.20302501081926755,0.7401564131331163,0.556144035712834,9.893617021276595
0.3181940088269436,0.6600032284846123,0.7376113037462244,0.3011533437000216,0.22435098114453714,0.7520482855190477,0.27970192012777206,-0.17858927107051925,0.78898605924979,0.2735733627214207,-0.18476051956161693,0.5932183463522251,0.3340828138939293,-0.19782495448516926,0.6417602874767929,0.268888920595207,-0.25331274730669645,0.83987721657337,0.10998617690181495,0.6781509518220292,0.7370695061008847,0.10562352129227882,0.23107482731943735,0.7434528271366487,0.11000983352411171,-0.16896305578280857,0.7675198627086742,0.12014124085277332,-0.17100681205888135,0.5779729503834066,0.07224301979080584,-0.18875834064633498,0.6348496262208136,0.12998691709456753,-0.24162677605336264,0.8171287493253979,0.2435730486457362,1.2501425692598676,0.740550239712479,0.24585237332281573,1.4942515154898128,0.6575866592985053,0.24957581373906668,1.352441406333262,0.6215479495327628,0.420170521914188,1.1713778796837475,0.7534273665565608,0.5314489112640595,0.9258760106507543,0.7155645944783277,0.3267985932352213,0.8537017044069106,0.5341561383427371,0.18990596328443893,0.850167681764117,0.5460519573901538,0.1725012759361375,0.800552432116687,0.5361591481376832,0.21442422685387258,0.7500658702052632,0.5223075425250514,0.08690625762306872,1.1959089031376462,0.7444650532392099,-0.0154459725942496,0.9681675871280971,0.6836396843020154,0.12474588304081866,0.8394195426837511,0.5465885808875155,0.201821296653977,0.8439491466431062,0.5333208791913281,0.20864457593834052,0.8015882619295542,0.5341693035517756,0.2090473027938007,0.7543866377761298,0.5466138879673383,9.914893617021276
0.3178966648754323,0.6585330294047995,0.7366716013155528,0.301218516634053,0.22327805918815793,0.7530758047709931,0.2807152360844935,-0.17924301351048622,0.7881747448187421,0.2732057099653339,-0.18482743113484046,0.5919343644247695,0.3349870290769887,-0.19638951988511066,0.6390325566246425,0.26966705832397736,-0.254996482825078,0.8404468116290731,0.11106968620526932,0.6779682825203932,0.736157722710171,0.10705140867693089,0.23094455919006515,0.7438954761032319,0.11091779048203937,-0.1686848714432647,0.7672670032668084,0.11994946344669315,-0.17083338844538792,0.5778089726780338,0.07250249186572101,-0.1887697766702851,0.6351851711854143,0.1311203175742256,-0.24198053594351676,0.8179502576359624,0.24421508872213238,1.2500624662668756,0.7409756032638114,0.24589013622590772,1.4937140444226285,0.6575269397835501,0.25032631143336187,1.3524833881744156,0.6196679404136533,0.42007535930840834,1.173601438844785,0.7533520719505592,0.5307965720115806,0.9273165143731479,0.713389950328515,0.31944018367884536,0.8586797918765223,0.5455099405332184,0.17930720058734467,0.8536807412212591,0.5565800027150776,0.16513533820161824,0.8092219728549961,0.5469122449794549,0.2093846936639876,0.7533339057068278,0.5302379788745573,0.08738959300909285,1.196198323302822,0.745893004377316,-0.015375324327667167,0.9709241993225968,0.6785105585514764,0.1307258035621991,0.8462348592892105,0.548949705075739,0.20462105263997998,0.8475182730812258,0.5358148221132797,0.20998214968334644,0.8138298730675669,0.531712488027612,0.21055644786216812,0.7643716228641267,0.539622073989985,9.936170212765957
0.3177150729175367,0.6579021157723319,0.735677511941462,0.30117358046054854,0.22214771387072949,0.7542715735048313,0.28175970402396877,-0.18007822353668246,0.7877334496615492,0.2725022703303177,-0.18410677540233136,0.5893945293489662,0.3356413454243579,-0.19537098618415003,0.6364522338056161,0.27038787622817334,-0.25680892772399433,0.841101064168651,0.1119125668624104,0.6781177240437164,0.7354232843929918,0.1084155580039297,0.23091929767358876,0.7444897944900544,0.11180918471024691,-0.16832977590498233,0.7672685554741583,0.11953703589513248,-0.17074036733362655,0.5780979360416043,0.07256606760912747,-0.18917032742260403,0.636064246618068,0.13211999767115176,-0.2418588072907897,0.8189387696139718,0.24473741627104967,1.2501451082816246,0.7413683175874104,0.24619953722749577,1.493304697853163,0.658484341370789,0.2508379400753531,1.3523576874386707,0.6188148220807401,0.419956099521692,1.1761303310778128,0.753196500823586,0.5283403580662862,0.9291433840303487,0.7096817225756831,0.31418002941990525,0.8628493939182306,0.5522321344121413,0.17103866732214446,0.8541896687776502,0.56794435638443,0.16073881134498835,0.8157319560666946,0.5574915294606088,0.2079918979861317,0.7571734004646626,0.5341095229001325,0.08776607172694784,1.196369981885766,0.7469461731390661,-0.015115688641296105,0.9732305007619261,0.6744407266315935,0.13505243327313587,0.8547285706236346,0.5530131497520008,0.20720676307419594,0.8492515594272194,0.540797878769151,0.21086490652310677,0.8221992108286649,0.5343713796236149,0.2102485569753588,0.7710176674542771,0.5381672234238355,9.95744680851064
0.31781409933098315,0.6579863284821896,0.7348956415889014,0.30121809554158147,0.22104421017149067,0.7555053563606042,0.28272243382268064,-0.18098990385807412,0.7878600385409659,0.2716150368542791,-0.18258741003053494,0.5862210635942865,0.33594338797520645,-0.19507026927185073,0.6345893027621635,0.27096311806568635,-0.25852910667785134,0.8420735897081897,0.11246096313893278,0.6786418304923361,0.7347838103734994,0.10968562325845006,0.23089715080605352,0.745218629023845,0.11262023084593259,-0.16788527988777713,0.7674488547853898,0.11925279586718884,-0.17056868266438147,0.5783311339619253,0.07266674910537357,-0.18935655548489566,0.6366999178281125,0.13297008103623661,-0.2415097721097447,0.8200608756982345,0.24514682133987037,1.250494072404164,0.7416867305887728,0.24668323542148574,1.4930833935372005,0.6603654116099807,0.25103552441941973,1.3522506344909921,0.6196246005805455,0.41980912814497706,1.1783137871423839,0.7530388880168761,0.5245048431244347,0.9313131784011786,0.7025161354908595,0.30983927778367365,0.8674350150446568,0.5552142666999467,0.1647293243463645,0.8557650916349063,0.5788847351268034,0.15695797817232254,0.8210346711648215,0.5679985238503589,0.20792270479139718,0.7635201077636371,0.5346678516573657,0.08790472034781026,1.1966813267790108,0.7475565694528801,-0.0142398050216472,0.9748898330043814,0.6711117681085045,0.1383895534054978,0.8649559105749155,0.5555709515744531,0.21087453737162554,0.8527409963816986,0.5438194680745846,0.21350399297134504,0.828246090136227,0.5369180216322775,0.20986085099674573,0.7763219333032424,0.5403417238867202,9.97872340425532
0.31814927523290565,0.6588785404469659,0.7343443998602102,0.30151575337173653,0.22014725492083848,0.7566100982593844,0.2834910199350536,-0.18180419263102104,0.7883008968909855,0.2708506045583092,-0.1808966614057349,0.5833192397988565,0.33590933955090285,-0.1955270084437621,0.6336980948681986,0.27134721221493485,-0.25998484539164446,0.8433192863510729,0.11270835450427635,0.679585105716791,0.7342020688654369,0.11083743234207874,0.23086160683574888,0.7460734645052407,0.11334381304873271,-0.1672968236678899,0.7676549692490826,0.11928931221669822,-0.17051473850751742,0.578369549624132,0.07285965066184245,-0.18928416868263168,0.6368936433821484,0.1336871753512768,-0.24111863132519473,0.8212574123920026,0.2452973236210188,1.251072565727411,0.7419257681498621,0.24729827134857812,1.4930053311501654,0.6626882758190283,0.25091115735408653,1.3523750257724634,0.6217670127349556,0.4196609507512353,1.179930763686119,0.7528140068705702,0.5197323666128155,0.9335729915058282,0.6929139002697382,0.3063366039168814,0.8719303415048423,0.5576307835423501,0.16082123960268396,0.8600650945333074,0.5871921937758353,0.15439928256739044,0.825031576900707,0.5769766386518662,0.2079492131417226,0.7726314876043375,0.5340836778657547,0.08789673890374115,1.1972534675994515,0.7476480644508042,-0.01321906700034101,0.9758169137266861,0.6687792544479823,0.1407479128605426,0.8760306829958617,0.5553365815231548,0.21570343896934285,0.859299530860991,0.5429487744624527,0.2186342508660956,0.8329543430626911,0.5360682403261814,0.20975975606608288,0.7815963242712641,0.5418407313278616,10.0
0.31874521395388855,0.6607929808071089,0.7339505629567875,0.3021051082592215,0.21966883834203613,0.7573958235136757,0.2839845768523023,-0.1824649121962031,0.7887480780686855,0.27030800213393197,-0.1796635517049933,0.581053734835537,0.3357211754950375,-0.19636830707126157,0.6334102305859831,0.27157942080739783,-0.261147078989699,0.844670681935656,0.11275058326041174,0.6810490819552373,0.7337391231889656,0.1118538536039615,0.23088412639055012,0.7470552322530868,0.1140427454041499,-0.16656339897836406,0.7678581909675993,0.11937695288954736,-0.17053763804615762,0.5783963736798937,0.07300089750697145,-0.18922318199242197,0.6369305653972381,0.13421574755866708,-0.24066545601486214,0.8224392664127214,0.24523160614525935,1.2517830118759314,0.7421476824917834,0.24802648828300872,1.4930754325893367,0.6650055292431969,0.2505666892379603,1.3528246254897605,0.6247472026756044,0.41953060122981234,1.1811013002532458,0.7525786583523173,0.514829881484977,0.9357575794693215,0.6825884224063896,0.3041419928412826,0.8756771553361462,0.5606464936662523,0.15993974892289958,0.8672725994089096,0.5915666233667642,0.15423133026328154,0.8278266258572239,0.5834213252446387,0.20779049484532247,0.7833905956191404,0.534098436951179,0.08782160572848255,1.1978607311494556,0.7475640449057388,-0.012816374709528268,0.9761590534991451,0.6676901348150553,0.14169137709397459,0.886561704282625,0.5534647042925616,0.22047456376459534,0.8685262580470713,0.5387471860723945,0.2252554012340239,0.8369959870306153,0.5322716418540188,0.2098717813473756,0.786987249128139,0.5413097082887335,10.02127659574468
0.31973748218354753,0.6637789664513535,0.7337271569007511,0.3028967077197173,0.21968427445266767,0.7577515614377709,0.28417129913208866,-0.18296517472911833,0.7891312981933751,0.2699519303217265,-0.17906389911014636,0.5795536452254993,0.3356116765996825,-0.19718456755946087,0.6332360845244992,0.2717331991531175,-0.26198116452077364,0.8459996824308893,0.11268827399652497,0.6831578846976636,0.7335119213341083,0.11270950650536805,0.23103056401210195,0.7481827055747419,0.11474663130081968,-0.16578567515149015,0.7682553402197175,0.11911612927693305,-0.17040683480311322,0.578554297662989,0.07298249266765171,-0.18930351985027588,0.637028639066145,0.13450081660602575,-0.2401941337992042,0.823700587932455,0.24515253182247393,1.2525313203638635,0.7424148507870076,0.24873748148147884,1.4932562458106702,0.6672559101730592,0.2500569259584502,1.3535701066663184,0.6280262731025595,0.41942842092396687,1.1819958384732163,0.7524200305548934,0.5109720462569348,0.9375323236266195,0.673557295413089,0.3034870638261629,0.8789681258499746,0.5634127295154951,0.16221533913899885,0.8767750980216713,0.5920584116976803,0.15648961852792526,0.8302082625170903,0.5873105754339301,0.2077210455217357,0.794429509627721,0.5348396747992208,0.08764723384735687,1.1981803327630358,0.7478447387485749,-0.013424542089200188,0.976195385695214,0.6676209233389772,0.14124030067202753,0.8954145791230768,0.5513964002116555,0.22450578259335877,0.8791742420240777,0.5325969078158598,0.23214509619724483,0.841034021915646,0.5268104025578281,0.2100772992891202,0.792441572531665,0.5401614266627893,10.04255319148936
0.32106629380733714,0.6674744460670504,0.7336343855484719,0.3036708856195724,0.22006686376956366,0.7578242186255689,0.28408373981063856,-0.18321979415560874,0.7893896887645367,0.2697605665529187,-0.1789010744742296,0.5789566825712328,0.33567581469216934,-0.19789196151755312,0.6331922788522609,0.2718699601648226,-0.2624408316044702,0.8472063390046264,0.11247683140988672,0.6857321611156485,0.733527519744611,0.11336809708027967,0.2312882927410912,0.7494880458771536,0.11540106429694531,-0.16506866289981348,0.7690627166833927,0.11836443099486649,-0.1701888100161732,0.5787658105365445,0.07285378130191478,-0.18947403662056056,0.6371987449565376,0.13464621467132232,-0.2398599354174127,0.8252734538148244,0.24515779178597213,1.2532022423760771,0.7427157265243235,0.24917060740804425,1.4932496013010488,0.6696316901944093,0.24943411063872084,1.3543477710346892,0.6308494318750307,0.41935976848914935,1.1825949963967632,0.752353517367097,0.5089975056080022,0.9384697357999073,0.668127910568167,0.30378061376582743,0.8824078179992603,0.565255263075003,0.16664688154923754,0.8872960142150552,0.5895279008065022,0.16013383659264252,0.833329893852046,0.5890411383817329,0.20762606268300637,0.8047533057759275,0.5359443164146804,0.08733838383225923,1.1981374702664935,0.7486699284371476,-0.014947051000943352,0.9762320130825378,0.6679028909800875,0.14010425647151925,0.9020617400778218,0.5496656270403719,0.2282807514668877,0.8895838998347784,0.5262141622861781,0.23884808477375466,0.8452054805957919,0.5213949253417507,0.21035365938058112,0.7979395537200497,0.5400107896467087,10.063829787234043
0.32239546929524804,0.6710645430408487,0.7334432285589747,0.3041678444895946,0.2206352587915967,0.7578397879781094,0.28386633654717525,-0.1832016192401823,0.7894651058169501,0.26969239432264297,-0.1788417902975627,0.5790562084584616,0.3358035723145638,-0.1984295028277554,0.6333918807399344,0.2720506768726356,-0.2626713294569251,0.8483077822503062,0.11201211265897973,0.6880821914229657,0.7335745250533565,0.11382419336637983,0.23163348249542504,0.7509094038630368,0.11596021155305068,-0.16445632948778896,0.770360094071446,0.11720042708106804,-0.17012811648573786,0.5787768160927851,0.07272115389127945,-0.18966388633654677,0.6373979377630503,0.13485921476010967,-0.23961255939924314,0.8271075796052859,0.2452033700941834,1.2536596335626977,0.7429832611588241,0.2491220458152138,1.4927208374821472,0.6720445506818948,0.24889913096935862,1.3549014734547793,0.6327188671608548,0.41932231110316576,1.1828173298232862,0.7523562138039869,0.5090415407232901,0.9384459489523314,0.6678289091728237,0.30419241363351324,0.8862725821628124,0.5661743616227441,0.17151059547891984,0.8974728946640046,0.5853302860360765,0.16386178741889051,0.8379857749999761,0.589258374878592,0.2071510363183291,0.8136393275118654,0.537301979704939,0.08698292163313534,1.1979246892532416,0.7496687575932011,-0.01706942472694313,0.9765469104305957,0.6678333757407896,0.1390724008032673,0.9063468979378427,0.5487112489629967,0.23219760983671694,0.8982338852234635,0.5216597119151183,0.24504936176155784,0.849043769203937,0.5186071180423993,0.21077826708166764,0.8032429703116896,0.5415380691624466,10.085106382978724
0.32341401771926925,0.6737999294474988,0.7329053979794627,0.3042561367585122,0.22132023329522355,0.7578276031868483,0.2837107028085179,-0.18301049749383114,0.7895256468738948,0.26967929173909433,-0.1786077936193553,0.5793908316683691,0.3357976364169766,-0.1984803852934848,0.6335148417698342,0.2723135987940732,-0.2628941408680574,0.8494229711593545,0.11134457292460256,0.6895267735454453,0.7334369859770653,0.11412687332362013,0.23210686990551166,0.752186139156334,0.11649218145288959,-0.16399576239021205,0.7721604669190416,0.11577412081979463,-0.17024622515009946,0.5784064162928172,0.07262802894942513,-0.18985375750721895,0.6376036032772738,0.13525186595681954,-0.23921651190462878,0.8288905955007805,0.24522858951023874,1.253856251171597,0.7431386432375633,0.24859464439682677,1.4918105882770065,0.6742063369105662,0.2486601753497566,1.355311138533598,0.6336767314718305,0.4193059053728017,1.1827435416608025,0.7524039134437938,0.5106881060078614,0.9376650981122269,0.6721898742594457,0.30456793520674763,0.8903927938332138,0.5663407465401047,0.1755889119741808,0.9064140744618769,0.580559638265693,0.166916140202446,0.8439948969264681,0.5887544158287322,0.20647876534090492,0.820554643813806,0.5389303198912534,0.08677979603125471,1.197770086583124,0.7502294439232808,-0.019536175558584945,0.9771997403769792,0.6671453882381954,0.13835156684531666,0.9085513613476353,0.5493092328672244,0.23574389090603265,0.9043847450161283,0.5204329030246484,0.25004662552463713,0.8521327787364608,0.5203447871028253,0.21128424745433844,0.8082374210704829,0.5442261869615228,10.106382978723405
0.3240880984438649,0.6756081540184795,0.7319663459182664,0.30399358849665403,0.22212999223726576,0.7577861641949298,0.2836796825077241,-0.1827165786307158,0.789847317025892,0.2696933828525446,-0.17815076633436713,0.5797326205254207,0.3355548853197854,-0.1977687147103267,0.6331733583517074,0.27262108309151883,-0.2631294904410595,0.8505795555208334,0.11064846737171832,0.6900371417167396,0.7331371462676421,0.11432166398734432,0.2327229457564551,0.7530494028266485,0.11708372325880033,-0.16378313154140617,0.7744316299648634,0.11430732951823121,-0.1704517227898179,0.5779829333621785,0.07257198333062011,-0.1900425839853327,0.6378158604451264,0.13577179259338795,-0.23859770327601193,0.830478148130564,0.24520868654638595,1.2539279990040582,0.7431296432337562,0.24777721160889715,1.4910904601180262,0.6762178659589181,0.24867845470017413,1.3556985229644518,0.633911710068754,0.4192982398609728,1.1825791308008209,0.7524710818548933,0.5130820418369924,0.9365410163361079,0.6787006660931885,0.30519106149768405,0.8942110646966127,0.5661360198467664,0.17846713246537188,0.9137293400597698,0.575867675826604,0.1690330967913053,0.8505462470299164,0.5881895219484978,0.20612348615593878,0.8254219002341319,0.5409673252774514,0.08680519637989613,1.1977400090283834,0.7501571188811891,-0.02202882379729345,0.9780342040705524,0.6663314468809292,0.13759915639230288,0.909634202003318,0.5517415609914624,0.23799416325362327,0.9084482842506753,0.522331330505893,0.25319987224702545,0.8543264569075936,0.5264591268774382,0.21168982526990207,0.8132008232871121,0.5469555361996351,10.127659574468083
0.32451856001507373,0.6771466783644194,0.7307082864999366,0.30388590366659163,0.22306337066091306,0.7577653831702138,0.28342901990545855,-0.1818311674925966,0.7902273246558404,0.26972820990289315,-0.1775620181043246,0.5800633464981969,0.3351006768115664,-0.19633161753263592,0.632270922487748,0.2726796288534662,-0.2628399591718008,0.8509313153394522,0.10991311720208805,0.6899429286525589,0.7328550422989242,0.11430984471809136,0.23368530935477336,0.753136884611787,0.1172113388002921,-0.16382610514739745,0.7767350597418005,0.113071059293257,-0.17082912028813294,0.5782470402859987,0.07256239035539175,-0.1902076300659832,0.6380474602877211,0.135847506023998,-0.23768832320898742,0.8310556115768022,0.2451468012339122,1.254141915076526,0.7429796596777745,0.246904350612859,1.4909276820842716,0.6784192402248936,0.2487451453207838,1.355908776294854,0.6336791574477423,0.4192895706634717,1.1824953541640688,0.7525257360606004,0.51532670728792,0.9354993430743088,0.684681161727275,0.30613203007777406,0.8973079817430851,0.5660839171646548,0.18018336466147744,0.919403440299927,0.5719199805464292,0.17017244733330433,0.8569767696556053,0.5878848390756153,0.2063596778094733,0.8286243443425924,0.5434340959003301,0.08690735476608563,1.1977598162811132,0.7498781113077488,-0.02398224425331153,0.9788754557288123,0.6663271446822625,0.13656338147525574,0.9107154760585782,0.5551206499469348,0.23841470922678626,0.9114694973296706,0.525662626830415,0.2542840363505098,0.8556903646065669,0.5349113552611814,0.21190588571677774,0.818382248916975,0.5489658891827608,10.148936170212766
0.32488671478989345,0.6785269159695807,0.7295066575702565,0.30365410463624426,0.223966721629786,0.7578891744898218,0.28313874707877057,-0.18086394989234839,0.7906144702555613,0.26975807566467486,-0.1768463483059585,0.5803451579473224,0.33449199950824016,-0.1944480769416139,0.6308590765124089,0.2727112827834583,-0.2623890415904597,0.8511844364640809,0.10918659026115778,0.6897075858324081,0.7325989393442436,0.1142279325889821,0.23463094712106444,0.7531024470880756,0.11731273627539156,-0.1640017277118987,0.7790983446603142,0.1123315809806329,-0.1715588417116198,0.5795971214161098,0.07259935918409377,-0.190303863825633,0.6382565774937933,0.1359666375159421,-0.23681357640201584,0.8317078615991222,0.2450543898286654,1.2547146953980104,0.7427682813358117,0.2461196970035976,1.4912157673818958,0.6807283137742783,0.24874526933998908,1.3558468604357488,0.6334016893506301,0.4192766633662748,1.1825167403537145,0.7525524906270148,0.5170146528638941,0.9347339279178221,0.6890375435727185,0.3072080987179361,0.8998890013697659,0.5663250474757707,0.18124555950787158,0.9236126335840156,0.5688470610712146,0.17072613568878464,0.8629161484870111,0.5876662421597287,0.2071300301341325,0.8306570026722672,0.5460104197629707,0.08694352135780742,1.1977662862569178,0.749773929145662,-0.024845404789392393,0.9793884471270057,0.667573283840371,0.1354523003964173,0.9122410366012625,0.5580745534509128,0.23741014849887404,0.9140948639249893,0.5288616611410315,0.25373471413870075,0.8566447089665976,0.5430165674749554,0.2119144550454045,0.8234983603638468,0.5499939386360212,10.170212765957446
0.3252021543933357,0.6797413967657109,0.7284186821426446,0.30329045441047053,0.22479129394071184,0.7582059547431816,0.2828228956419702,-0.17985895399120116,0.790997545639709,0.2697725924968268,-0.17599968711359293,0.5805530247355261,0.33378375305956504,-0.19241638887667561,0.6290763720459738,0.27272385910876457,-0.26179397883345457,0.8513631209001657,0.10850099564519644,0.68937980685381,0.7323763147814137,0.11409625314126096,0.23551660852722534,0.7529754069205895,0.11741161052715178,-0.16430934547997095,0.7814679222518087,0.11228737617751508,-0.1727034118942134,0.5817960456731658,0.07263040151844555,-0.1902612176001336,0.638261061464666,0.13616336227049733,-0.23601276543363056,0.8325059491629302,0.24494644810796018,1.255590838683668,0.7425407413560161,0.24549526399952867,1.4916917046541875,0.682627849895923,0.24870253074713555,1.355709269285705,0.6333258135297146,0.41926346991276114,1.1825301754790405,0.7525682515993934,0.5180873815013318,0.9342699109947085,0.6917075019979704,0.30820121424325586,0.9023417868749107,0.5666171245432627,0.18231340982000188,0.9265267008857119,0.5658627902362654,0.1713320503830722,0.8679994575348183,0.5869299033479052,0.20817793204844584,0.8319460713849781,0.5481933627535417,0.08692220468041931,1.1977618200294262,0.7498062090979036,-0.024436921693838175,0.9790576086159547,0.6697004128717046,0.13463618385122988,0.913857797071359,0.5600437839332052,0.23593655034517866,0.9164028272223932,0.5313294115422669,0.2526288382213532,0.8576929039187653,0.5489754072244407,0.21173825038617547,0.8277965778887455,0.5500911256051468,10.191489361702128
0.32547447045041167,0.6807826506845562,0.7275015832305187,0.3027872159941288,0.22548833639051893,0.75876414051972,0.28249549720936706,-0.1788602079503837,0.7913653426229369,0.26977712844094526,-0.17516980559946857,0.5806550556951945,0.33305711071234034,-0.19042120534131599,0.6272100921155289,0.272725172056654,-0.26107201203720193,0.8514915706531515,0.10788844245047281,0.6890082853142878,0.7321946459882475,0.1139351319161721,0.23629904304515376,0.7527850807744029,0.1175316563986256,-0.1647483046966737,0.7837902300476871,0.11287219629404482,-0.17416019767120422,0.5844128635325613,0.07259682189202234,-0.1900391509961133,0.6379082021115774,0.13647185548894056,-0.23532519288236328,0.8335209252336317,0.24487338211975798,1.2564131321049443,0.742282767913198,0.24511521276060222,1.4922217988550004,0.683636321468728,0.24866178422193458,1.3556653015369264,0.6333742616110298,0.4192537908273204,1.1824370110647708,0.7525961178138871,0.518504498308658,0.9341181028784336,0.6926374971371116,0.30899029148833945,0.9046326244896994,0.5667824027932978,0.18343286110288826,0.9282922187369531,0.5625818321935875,0.17216649701529574,0.8717794628742828,0.5852533874422032,0.20918701072061574,0.8327173241297193,0.5495022018050595,0.08689255978149826,1.197764548256365,0.7498377336309798,-0.02293793871815979,0.9777442541083958,0.6722228975524149,0.13431814680191007,0.9149489948670617,0.5613604243032775,0.23438887373810507,0.9184393918152798,0.5327962618376813,0.2517147887913386,0.8587971632879692,0.552485592093136,0.21150453816377404,0.8306027240032009,0.5496947775144563,10.212765957446807
0.3257132545861325,0.6816432076578642,0.7268125838472965,0.3021366523920772,0.22600909777603526,0.759612148408864,0.2821705833952707,-0.17791173993112472,0.7917066530198982,0.2697463023572261,-0.1745538440773087,0.5805507448222262,0.3324267303033209,-0.1886718383664713,0.6256283733030777,0.27272303585439545,-0.26024038233811836,0.8515939877284832,0.10738103977325564,0.6886417148113644,0.7320614103425578,0.11376489445495978,0.23693500014674734,0.7525607853145894,0.11769656873286588,-0.16531795160706608,0.7860117055793525,0.11370527749409992,-0.17573736250656383,0.5871499682834972,0.07254665017389358,-0.18980568689211733,0.6375123257345275,0.1369262923725487,-0.2347901613267456,0.8348238407766322,0.24489358912693193,1.2567862919746122,0.7419921596105689,0.24501974686488318,1.4927978744580859,0.6836648408249482,0.24863610037785933,1.3556865945423557,0.6334180466150378,0.41923826869440706,1.182349851925113,0.7526214917112044,0.5184201515143714,0.9341967571412368,0.6922597884725812,0.3096168040570475,0.9065204900913653,0.5668395890130223,0.18420548143673976,0.9292120617350991,0.5595647112067854,0.17303848695168852,0.8739978762710761,0.5827323465147594,0.20997654875069238,0.8329986233089339,0.549771540099844,0.08687047394036852,1.1977778376614616,0.7498395393021342,-0.0206767451611815,0.975867529533515,0.6749673498661177,0.13454997310119954,0.9153109688909504,0.5620648490235661,0.23274719155980356,0.9202385500375296,0.5330528429776278,0.25099201197517895,0.8594631999961684,0.5540907289408288,0.2113519372947834,0.8318944707794934,0.5493334969452817,10.23404255319149
0.32592809842550935,0.6823155976173817,0.7264089070063957,0.301331026609174,0.2263048268940889,0.7607983950000408,0.28186218581399064,-0.17705757809465295,0.7920102686452464,0.2696501583035625,-0.17423691656192308,0.580222471262184,0.33201693720981773,-0.18749208318970664,0.6246709379874045,0.27272526472925807,-0.25931633087262035,0.851694574131606,0.10701089670981367,0.6883287889425631,0.7319840852221577,0.11360586629886815,0.23738122930390387,0.7523318372062229,0.11793004237292547,-0.16601763245620765,0.788078786378208,0.11441190157493407,-0.17723214095843615,0.5897657667383159,0.07262867286482487,-0.18993068942374164,0.6378159857737514,0.13756084812259856,-0.23444697334530934,0.8364857467573369,0.24495137677682577,1.2565229298709548,0.7417073772475649,0.24509942388120193,1.4933030543867056,0.6831438705772946,0.24862081732178215,1.3557061766830591,0.6334274442465134,0.41919579732874296,1.1825629189600195,0.7525922460383249,0.5182917843930765,0.9342856659791499,0.6918192999977564,0.3101551246581704,0.9079796533090134,0.5668547288565602,0.18467435176300506,0.9298214220125743,0.5569035888045657,0.1741782561064814,0.8750509799781993,0.5793173988696351,0.21054626439507257,0.8329180611839508,0.5494205286096154,0.08685590018578013,1.1977953309893032,0.7498322334784712,-0.018050421760079295,0.9738909206926368,0.6777566947500842,0.1352619851108456,0.9153596007868793,0.5615999089196997,0.23161136471577237,0.921625395825471,0.5322741730036533,0.2505092625505651,0.8594062657801098,0.5547006318789911,0.2112918421974025,0.8323304117282415,0.5491584626810262,10.25531914893617
0.3261285935935534,0.6827923504948552,0.7263477757212342,0.30036260165027745,0.2263267725415081,0.7623712968826768,0.28158433607983646,-0.17634175060219714,0.7922649813136344,0.26951491607779327,-0.17416001382766452,0.5798353462257728,0.33187050594934997,-0.18701393778446526,0.6244545297738505,0.2727396729085107,-0.25831709877712467,0.8518175318679652,0.10681012235641568,0.6881182013054061,0.7319701480048597,0.11347837298914144,0.23759447998852096,0.7521275531143776,0.11825577216185722,-0.1668466934891577,0.7899379099756569,0.11487062301032078,-0.17843103513309755,0.5919196230416301,0.07293033443212957,-0.19063417633296828,0.6392489610919394,0.13840969794036703,-0.23433493151658621,0.8385776941411511,0.24489643476464612,1.25563608078675,0.7414573655535739,0.24518045798745886,1.493483526965144,0.6826650946942173,0.24861024854673475,1.3557073275009013,0.6334180461171774,0.41912094398687705,1.1831765275199155,0.752489164646617,0.5184026511998244,0.9342519571210124,0.6920876514807199,0.31052977739643167,0.9091790176468753,0.5668382578047357,0.18526206983470983,0.9304579199312661,0.5541203282362713,0.17604600049843944,0.8758218692622851,0.5748267069831565,0.21089008392619799,0.832773297275618,0.5490894494264096,0.08684827644694976,1.1978090838286166,0.7498303504889161,-0.01552429927255259,0.9720486410698836,0.6801612307920859,0.13620550331857087,0.9155281206569146,0.5598931921391105,0.23184027878070934,0.9224095124950645,0.5309796492376191,0.25062259751476934,0.8587613031964976,0.5555753117543558,0.2112733670851073,0.8325183263364679,0.5490682109630947,10.27659574468085
0.32632433171527575,0.6830659962220319,0.7266864130052297,0.2992236405202457,0.22602618351512088,0.7643792706461994,0.2813510658071177,-0.17580828561498596,0.7924595828397161,0.2693852250008776,-0.17417114114297796,0.5795382551838049,0.33184873728627473,-0.18695033382368997,0.624698889969173,0.2727740746194224,-0.25725992718804774,0.8519870629430056,0.10681082580933039,0.6880586454974171,0.7320270760684772,0.11340274006702385,0.23753150167249623,0.7519772497041274,0.118697452942714,-0.16780448095097567,0.7915355139031021,0.11505141800643426,-0.17900353319496512,0.5929813212644687,0.07331009259902146,-0.19155861589859985,0.641120545781498,0.139507017027131,-0.2344933384191079,0.8411707338934804,0.2447825983003512,1.2540447788237035,0.7412104989145663,0.24519679221641044,1.4931493741545012,0.6824611153050876,0.24860045473924908,1.3556939384030073,0.6333937911133347,0.4190467312397419,1.1837607425401158,0.7523897053073004,0.5185226539147411,0.9342091412791312,0.6924288573089248,0.3105375665479549,0.9103487438044098,0.5667515683868889,0.18630042718008624,0.9306943465108677,0.5511882724385255,0.17872952055708252,0.8768867808321424,0.5698343941938528,0.21088695111523947,0.8327948247831188,0.5490514649032096,0.08684970559954941,1.1978126289825222,0.7498378497750084,-0.013402270314885265,0.9702005753570231,0.6813243985850083,0.1371350202531691,0.9157186397688873,0.5574082032119729,0.23434433571213995,0.9226186853278329,0.5295532175731058,0.25182954014648457,0.8578691522452346,0.5576188374424977,0.21131093582497068,0.8324058521110039,0.5490490973340987,10.297872340425531
0.3265249044156876,0.6831290647306587,0.7274820418718001,0.2979064062239371,0.2253543086117554,0.7668707328800353,0.281176406610144,-0.17550121129424817,0.7925828650381443,0.269310875645116,-0.17433355808691325,0.5794042547176372,0.331868401920413,-0.1868378803132567,0.6250640556888246,0.2728362840892621,-0.2561620572418061,0.8522273693621725,0.10704511616482658,0.6881988151161191,0.7321623467908225,0.11339929307375958,0.23714904382772758,0.7519102436405461,0.11927877955854864,-0.1688903410867207,0.7928180356919466,0.11512942583761114,-0.17924916115213127,0.5934991815112348,0.07380411044167076,-0.1927924963316534,0.6435587141889493,0.14088698058416732,-0.23496149663140614,0.8443359169797299,0.24439587848722072,1.2524202819493022,0.7409551143970223,0.2452152773855863,1.4929664693425504,0.6823403262577694,0.24859732653425876,1.3556740451692149,0.6333613921584633,0.41898228371014795,1.1842294982334425,0.7523064434103077,0.518311636518777,0.9343199369375699,0.6919192122529875,0.31046262962105653,0.9111076211941515,0.5666788658238598,0.1871661970065822,0.9305863830412332,0.5490297700661947,0.18115269812467474,0.8777919388318565,0.5651381614163946,0.2107961986263171,0.8327969494052845,0.5490367416500739,0.08685071522073037,1.1978093766579292,0.7498417570096088,-0.011792991818167023,0.9688682649955906,0.6820127450837269,0.13784799138953666,0.9157015624844765,0.5554198518879975,0.2364987021003991,0.9225203518986522,0.5282914111683151,0.25317048246094687,0.856885862164122,0.5599384359049511,0.21138911897864984,0.831900792817349,0.5490918606470576,10.319148936170214
0.32673990331980013,0.6829740859524825,0.7287918853343629,0.29640316176620984,0.22426239662823974,0.7698941001736116,0.2810743901032247,-0.17546455580121245,0.7926236197235726,0.26932556479639747,-0.17464277929070274,0.5795166462685251,0.33187420132432216,-0.1864348056330238,0.6253698783779006,0.27293411554529873,-0.25504073007481637,0.8525626531309107,0.10754510251917299,0.6885874037590345,0.7323834375497085,0.11348835755059283,0.2364038559261125,0.7519558515887079,0.120023446852414,-0.1701036201414523,0.7937319128735937,0.11513558008176988,-0.17919315387092466,0.593523233493979,0.0744112160610354,-0.1943336107365114,0.6465394797140585,0.14258376381275287,-0.2357787087320127,0.8481442943653051,0.2436255450878491,1.2510508967638803,0.7406843045291772,0.24522811885285037,1.4931659167441362,0.6823532225034452,0.2486022523679279,1.3556489743544577,0.6333241721045968,0.41893908436318555,1.184454744112584,0.7522610207635811,0.5176033723104334,0.93466456675696,0.6901069838189036,0.31038563575632827,0.9113494126696849,0.5666546815790926,0.1876906556907471,0.9301342434272104,0.548028707810886,0.1828935310330253,0.8785689083095299,0.56123897438099,0.21070134859934353,0.8328009491746567,0.5490694643935804,0.08684779118913746,1.1977982273724561,0.7498382123185786,-0.010910089982713053,0.9683250628699056,0.6823179716875565,0.13816498755369278,0.9154202670237711,0.5545896386409332,0.23743022711790204,0.9222311698481511,0.5274556138168608,0.2543714729439405,0.8559660555177544,0.5624878746371869,0.21150528514766742,0.83103592956144,0.549206806316745,10.340425531914894
0.3269789200526245,0.6825935898192502,0.730673166406336,0.29470617015192213,0.22270169636140208,0.7734977891163552,0.2810590479006696,-0.17574234729710775,0.7925706387106544,0.26946298924061135,-0.1750943193855813,0.5799587312777248,0.33181083697056035,-0.18549933816285216,0.6254362094814976,0.27307538321480135,-0.2539131868234952,0.8530171162546655,0.10834289396863837,0.6892731050236865,0.7326978257229484,0.11369025903876781,0.2352526874395487,0.7521433902136867,0.12095514966736295,-0.1714436643602298,0.7942235829794464,0.11510081431682918,-0.1788607462176755,0.5931035069247521,0.07513023755807341,-0.19617975221755812,0.6500388557565921,0.1446315419141645,-0.2369842772994592,0.8526669170156116,0.2423608678648312,1.2502249298677723,0.7403911618392668,0.2452275219760671,1.4939788205741051,0.6825502989932984,0.24861662067642123,1.3556200525136715,0.6332854538037693,0.4189286161639461,1.1843084296902302,0.7522750791750651,0.516231634588213,0.935323253397932,0.6865404395126691,0.3103872540943625,0.9109678810845955,0.5667135471160323,0.18770507960913077,0.9293381415736474,0.5485689723642073,0.18353001711394384,0.8792492543132655,0.5586377988178486,0.2106859231742319,0.8328281021237778,0.5491738178603074,0.08683741938341576,1.1977780816437245,0.7498233558277805,-0.010967191008838573,0.968844321864287,0.6823317797958126,0.13790657957165695,0.91481813160686,0.5555790639445293,0.2362657599370646,0.9218677968169586,0.5273072093123575,0.25515856008125043,0.8552643548707276,0.5652209211346765,0.21165680293354652,0.8298440434492138,0.5494042397579344,10.361702127659576
0.3272515462391718,0.6819801062627088,0.733183108101137,0.2928076943859322,0.22062345660807053,0.7777302162976931,0.28114441161678816,-0.17637861394316248,0.7924127138140427,0.26975684576364706,-0.17568369300278347,0.5808138111864924,0.3316230103316857,-0.18378970628260213,0.6250829004447116,0.2732679013250389,-0.2527966686242591,0.853614960738882,0.1094705996094915,0.6903046125075982,0.7331129886883547,0.11402532307952871,0.23365228783993397,0.7525021761805561,0.12209758284644834,-0.1729098199881125,0.7942394835409078,0.11505606212070776,-0.17827717305871443,0.5922900315156056,0.07596000303374288,-0.19832871387917797,0.6540328557163166,0.14706449008967906,-0.23861750491227757,0.8579748358960542,0.24049111658076194,1.2502306878613143,0.7400687788555274,0.24520569211310092,1.4956362850473042,0.6829820506785129,0.24864181989590342,1.35558860620179,0.6332485601080156,0.41896236207752097,1.1836625044790712,0.7523702604527035,0.5140301966506182,0.9363762195211179,0.6807678468402805,0.31054815377575173,0.909856789292469,0.566889993898124,0.18704074513828303,0.9281982913853908,0.5510344504177664,0.18264015419924,0.8798645418911664,0.5578356004571787,0.21083344449089525,0.83289968628519,0.5493739867768335,0.08681608568221032,1.1977478399893542,0.749793327663077,-0.0121779210968588,0.9706993948630542,0.682145870807811,0.13689333826944872,0.9138385344538325,0.5590496282725352,0.23213214973030263,0.9215468904457027,0.5281075814484196,0.2552577923586614,0.8549353827876368,0.5680913428928914,0.21184104093781023,0.8283579155866084,0.5496944663854004,10.382978723404255
