Inverse Dynamics Generalized Forces
version=1
nRows=304
nColumns=63
inDegrees=no
endheader
time	pelvis_tilt_moment	pelvis_list_moment	pelvis_rotation_moment	pelvis_tx_force	pelvis_ty_force	pelvis_tz_force	hip_flexion_r_moment	hip_adduction_r_moment	hip_rotation_r_moment	hip_flexion_l_moment	hip_adduction_l_moment	hip_rotation_l_moment	knee_angle_r_moment	knee_angle_r_beta_force	knee_angle_l_moment	knee_angle_l_beta_force	L5_S1_Flex_Ext_moment	L5_S1_Lat_Bending_moment	L5_S1_axial_rotation_moment	Abs_r3_moment	Abs_r2_moment	Abs_r1_moment	Abs_t1_force	Abs_t2_force	ankle_angle_r_moment	ankle_angle_l_moment	L4_L5_Flex_Ext_moment	L4_L5_Lat_Bending_moment	L4_L5_axial_rotation_moment	subtalar_angle_r_moment	subtalar_angle_l_moment	L3_L4_Flex_Ext_moment	L3_L4_Lat_Bending_moment	L3_L4_axial_rotation_moment	mtp_angle_r_moment	mtp_angle_l_moment	L2_L3_Flex_Ext_moment	L2_L3_Lat_Bending_moment	L2_L3_axial_rotation_moment	L1_L2_Flex_Ext_moment	L1_L2_Lat_Bending_moment	L1_L2_axial_rotation_moment	L1_T12_Flex_Ext_moment	L1_T12_Lat_Bending_moment	L1_T12_axial_rotation_moment	neck_flexion_moment	neck_bending_moment	neck_rotation_moment	arm_flex_r_moment	arm_add_r_moment	arm_rot_r_moment	arm_flex_l_moment	arm_add_l_moment	arm_rot_l_moment	elbow_flex_r_moment	elbow_flex_l_moment	pro_sup_r_moment	pro_sup_l_moment	wrist_flex_r_moment	wrist_dev_r_moment	wrist_flex_l_moment	wrist_dev_l_moment
     -0.00007900	     -1.56966882	    -34.70757899	     -0.98974213	     -0.66142038	    596.87107582	      0.47843164	     -4.12709212	      0.06359720	      0.01231558	     -4.09684233	     -1.61023825	     -0.01859841	      1.36921225	     -0.03132301	      0.62277322	     -0.03183621	     16.41191833	      0.05676777	      0.35912608	      0.00074999	      0.00000108	     -0.00001008	     -0.00081796	      0.00704111	      0.72144806	      0.75080515	     13.19483870	      0.25388550	      0.23340015	     -0.10531829	     -0.18962764	     12.41033238	      0.42418514	      0.11748694	     -0.02709929	     -0.02605652	     13.06997022	      0.51210726	      0.00709563	     13.96553918	      0.53112996	     -0.10365391	     15.32514766	      0.51315688	     -0.21050649	      6.36604060	     -0.48085857	     -0.00967932	      1.28785381	     -0.04703779	     -0.28836427	      0.42572376	     -0.58164640	     -0.18083524	      1.16571830	      1.34436151	     -0.04199164	     -0.06313521	      0.08132166	     -0.09849916	      0.08123539	     -0.11817112
      0.01843900	     -1.85654900	    -34.68952606	     -0.04982853	      1.73577171	    603.23586377	     -8.92335668	     -3.74228588	      0.01911831	      0.04388633	     -3.68832100	     -1.77148704	     -0.12348498	      1.35652068	     -0.03173755	      0.46009111	     -0.03235392	     16.28964346	      0.04841609	      0.73268190	      0.00074948	     -0.00000078	     -0.00001137	     -0.00070642	      0.00714054	      0.71268206	      0.77753831	     13.13142881	      0.17449280	      0.63544018	     -0.10943167	     -0.19771501	     12.45466482	      0.28057938	      0.53541008	     -0.02563216	     -0.02774010	     13.23088592	      0.33294321	      0.43370610	     14.22849264	      0.34241244	      0.33128296	     15.69954898	      0.33286003	      0.23037672	      6.72151950	     -0.19944349	     -0.00206369	      1.68747591	     -0.06166405	     -0.31028938	      0.36997504	     -0.58849187	     -0.17373962	      1.21195195	      1.34928064	     -0.05219471	     -0.07518028	      0.07896797	     -0.10539595	      0.07552285	     -0.12355140
      0.03695700	     -1.88403608	    -34.63741044	      0.78640025	      4.00855089	    608.61686405	    -17.07537944	     -3.40294416	     -0.03130720	      0.06978627	     -3.31589043	     -1.71518996	     -0.21048154	      1.33954249	     -0.03209726	      0.33588618	     -0.03276605	     16.18839583	      0.06540260	      1.06286054	      0.00074898	     -0.00000297	     -0.00001224	     -0.00060989	      0.00722614	      0.70475181	      0.79507134	     13.08292646	      0.13083676	      0.99103235	     -0.11317389	     -0.20008535	     12.50152160	      0.18288053	      0.90614593	     -0.02432629	     -0.02892568	     13.38033450	      0.20732240	      0.81402321	     14.46782461	      0.21223716	      0.72115816	     16.03725714	      0.21483824	      0.62808680	      7.02795148	      0.03488553	      0.00366205	      2.05244187	      0.00966681	     -0.32793272	      0.33259613	     -0.58246605	     -0.16795052	      1.29301253	      1.36142767	     -0.06285663	     -0.08616984	      0.07952945	     -0.11657884	      0.07134188	     -0.12994227
      0.05547500	     -1.68387562	    -34.59627065	      1.40753211	      5.92720992	    612.35944139	    -22.92508387	     -3.15534160	     -0.08496679	      0.08575214	     -3.03633318	     -1.50079866	     -0.26985808	      1.32023705	     -0.03235560	      0.26756834	     -0.03303082	     16.10044705	      0.09571091	      1.28622102	      0.00074840	     -0.00000562	     -0.00001249	     -0.00053922	      0.00728675	      0.69881100	      0.80261742	     13.03680081	      0.11594879	      1.23562643	     -0.11626580	     -0.19839804	     12.52827097	      0.12813532	      1.16463300	     -0.02334237	     -0.02954734	     13.48448035	      0.13403731	      1.08261031	     14.63990590	      0.13910243	      0.99998916	     16.28373696	      0.15566614	      0.91599677	      7.24700251	      0.18260149	      0.00608121	      2.32992550	      0.12907736	     -0.33737652	      0.32018720	     -0.56937474	     -0.16603633	      1.38474036	      1.37630540	     -0.07255168	     -0.09458959	      0.08179363	     -0.12894176	      0.06874941	     -0.13581893
      0.07399300	     -1.33294490	    -34.60466210	      1.74690897	      7.33528911	    614.15040059	    -25.91195450	     -3.02586077	     -0.13897138	      0.08953727	     -2.88155015	     -1.21873838	     -0.29626492	      1.30115713	     -0.03248705	      0.25989513	     -0.03313554	     16.01319085	      0.12567281	      1.36286723	      0.00074765	     -0.00000876	     -0.00001208	     -0.00049969	      0.00731652	      0.69559904	      0.80155149	     12.97799477	      0.11819552	      1.32887692	     -0.11862698	     -0.19501010	     12.51452996	      0.10597901	      1.27008329	     -0.02277369	     -0.02965947	     13.51711729	      0.10264136	      1.19803623	     14.71342676	      0.11135395	      1.12551676	     16.40186262	      0.14142368	      1.05083686	      7.35908200	      0.22256220	      0.00449196	      2.48117881	      0.25109399	     -0.33638488	      0.33534447	     -0.55678972	     -0.17053501	      1.46121195	      1.38948933	     -0.07971293	     -0.09944018	      0.08477801	     -0.13893567	      0.06749791	     -0.13986741
      0.09251100	     -0.91650870	    -34.68744884	      1.78906597	      8.16338984	    614.00406658	    -25.98150723	     -3.02049873	     -0.18892182	      0.08095632	     -2.85772550	     -0.95096338	     -0.28893106	      1.28497960	     -0.03248758	      0.30779830	     -0.03309106	     15.91496183	      0.14565042	      1.28322015	      0.00074667	     -0.00001230	     -0.00001110	     -0.00049114	      0.00731503	      0.69530968	      0.79418642	     12.89481915	      0.12756882	      1.26120889	     -0.12031918	     -0.19191850	     12.44825715	      0.10569067	      1.21260161	     -0.02263788	     -0.02937247	     13.46590897	      0.10131361	      1.14975832	     14.67577693	      0.11584265	      1.08641948	     16.37853803	      0.15726297	      1.02034213	      7.36372772	      0.15386477	     -0.00103090	      2.48974525	      0.34264012	     -0.32425218	      0.37750361	     -0.54973761	     -0.18308074	      1.50481276	      1.39889211	     -0.08320970	     -0.10048424	      0.08804346	     -0.14401765	      0.06729467	     -0.14154661
      0.11102900	     -0.50220494	    -34.85438781	      1.56282543	      8.41626757	    612.17607579	    -23.47311296	     -3.12949749	     -0.22839881	      0.06155316	     -2.95196856	     -0.74701319	     -0.25137679	      1.27402758	     -0.03237013	      0.40045069	     -0.03292299	     15.79971332	      0.15270080	      1.06593721	      0.00074545	     -0.00001610	     -0.00000970	     -0.00050941	      0.00728611	      0.69764099	      0.78272978	     12.78306985	      0.13926941	      1.05154186	     -0.12146894	     -0.19017457	     12.32877600	      0.12070567	      1.01096511	     -0.02288988	     -0.02879819	     13.33413850	      0.12212205	      0.95612246	     14.53368084	      0.14372638	      0.90056054	     16.22416716	      0.19367134	      0.84180243	      7.27519877	     -0.00659136	     -0.00972671	      2.36347557	      0.39161350	     -0.30149122	      0.44343918	     -0.54886164	     -0.20381639	      1.51035273	      1.40514840	     -0.08270089	     -0.09821711	      0.09149399	     -0.14336942	      0.06795848	     -0.14118824
      0.12954700	     -0.13227471	    -35.10106588	      1.12738817	      8.14520651	    609.05954067	    -18.95898553	     -3.33385973	     -0.24953573	      0.03414309	     -3.13961832	     -0.62094625	     -0.19054725	      1.26993083	     -0.03215804	      0.52430937	     -0.03266405	     15.66905321	      0.15025592	      0.75029702	      0.00074406	     -0.00002002	     -0.00000805	     -0.00054827	      0.00723618	      0.70195655	      0.76884589	     12.64718443	      0.15417061	      0.73955446	     -0.12220463	     -0.18988009	     12.16624649	      0.14976299	      0.70490924	     -0.02344489	     -0.02802792	     13.13830956	      0.16258525	      0.65673859	     14.30915775	      0.19217352	      0.60744116	     15.96683030	      0.24813009	      0.55459589	      7.11615012	     -0.22872675	     -0.02031750	      2.13034247	      0.40365422	     -0.26988413	      0.52755675	     -0.55164610	     -0.23142661	      1.48307427	      1.41034135	     -0.07860820	     -0.09360137	      0.09499988	     -0.13773804	      0.06941966	     -0.13967148
      0.14806500	      0.17021801	    -35.40993194	      0.55705257	      7.41878075	    605.09681643	    -13.09161290	     -3.61134979	     -0.24431758	      0.00235771	     -3.38890720	     -0.56276334	     -0.11545711	      1.27347684	     -0.03187890	      0.66463391	     -0.03234898	     15.53192132	      0.14605227	      0.38667758	      0.00074261	     -0.00002395	     -0.00000626	     -0.00060113	      0.00717275	      0.70747177	      0.75375154	     12.49901349	      0.17723901	      0.37610829	     -0.12261595	     -0.19056222	     11.97875822	      0.19566847	      0.34552328	     -0.02420161	     -0.02713820	     12.90343721	      0.22451519	      0.30283478	     14.03323643	      0.26304349	      0.25848086	     15.64425552	      0.32341955	      0.21036482	      6.91155601	     -0.47473035	     -0.03121175	      1.83080375	      0.39257295	     -0.23292474	      0.62205185	     -0.55537854	     -0.26354446	      1.43333915	      1.41598572	     -0.07183454	     -0.08770463	      0.09811345	     -0.12876385	      0.07160996	     -0.13789206
      0.16658300	      0.39030265	    -35.75134706	     -0.07182991	      6.30323351	    600.71868534	     -6.49088326	     -3.94059622	     -0.20619400	     -0.02979182	     -3.66339418	     -0.55409931	     -0.03570474	      1.28462708	     -0.03156002	      0.80608445	     -0.03201183	     15.40288888	      0.14953951	      0.02759251	      0.00074132	     -0.00002786	     -0.00000438	     -0.00066229	      0.00710318	      0.71339855	      0.73853564	     12.35541658	      0.21514715	      0.01426943	     -0.12273265	     -0.19163730	     11.78865629	      0.26296818	     -0.01379466	     -0.02505948	     -0.02620727	     12.65804989	      0.31155332	     -0.05191090	     13.73980889	      0.36012067	     -0.09230731	     15.29638637	      0.42437230	     -0.13650689	      6.68412790	     -0.70481504	     -0.04073419	      1.51017542	      0.37075311	     -0.19627071	      0.71693416	     -0.55982560	     -0.29705987	      1.37127576	      1.42128791	     -0.06346280	     -0.08139081	      0.09997129	     -0.11828066	      0.07433515	     -0.13628154
      0.18510100	      0.51337510	    -36.08573667	     -0.69032207	      4.85990860	    596.30908491	      0.31969624	     -4.30280447	     -0.13183698	     -0.05837999	     -3.92413933	     -0.58001825	      0.03980021	      1.30262879	     -0.03122584	      0.93329754	     -0.03168448	     15.29978392	      0.16943989	     -0.27991830	      0.00074042	     -0.00003175	     -0.00000235	     -0.00072746	      0.00703398	      0.71902075	      0.72440508	     12.23552167	      0.27380792	     -0.29828984	     -0.12251995	     -0.19274584	     11.61912371	      0.35534821	     -0.32501599	     -0.02592772	     -0.02532573	     12.43008548	      0.42632516	     -0.35919816	     13.46094427	      0.48595118	     -0.39631837	     14.96003066	      0.55427571	     -0.43710605	      6.45169011	     -0.88337772	     -0.04739319	      1.21291644	      0.34363773	     -0.16771880	      0.80024097	     -0.56796186	     -0.32808504	      1.30357401	      1.42253004	     -0.05459360	     -0.07515329	      0.09938856	     -0.10789516	      0.07722498	     -0.13456897
      0.20361900	      0.52500485	    -36.36834106	     -1.24307682	      3.16103349	    592.18807977	      6.93130615	     -4.68118553	     -0.02293231	     -0.08007480	     -4.13345958	     -0.63328629	      0.10371175	      1.32608789	     -0.03089712	      1.03215355	     -0.03139520	     15.24055411	      0.21160490	     -0.50098026	      0.00074016	     -0.00003567	     -0.00000010	     -0.00079383	      0.00697032	      0.72372739	      0.71269255	     12.15762463	      0.35605262	     -0.52594972	     -0.12189818	     -0.19386796	     11.49102742	      0.47306054	     -0.55221184	     -0.02672862	     -0.02459234	     12.24368058	      0.56758075	     -0.58297280	     13.22364911	      0.63870411	     -0.61737260	     14.66556329	      0.71139678	     -0.65518395	      6.22651700	     -0.98577387	     -0.05019153	      0.97857165	      0.30932276	     -0.15637979	      0.85898996	     -0.58410874	     -0.35168816	      1.23300775	      1.41399096	     -0.04632217	     -0.06909466	      0.09512080	     -0.09887875	      0.07981817	     -0.13186043
      0.22213700	      0.41757166	    -36.55735963	     -1.69184139	      1.31655434	    588.60695861	     13.03207632	     -5.05867804	      0.11241699	     -0.09258330	     -4.26084582	     -0.71185678	      0.15065431	      1.35285560	     -0.03059170	      1.09189338	     -0.03116673	     15.23905704	      0.27716319	     -0.61887667	      0.00074075	     -0.00003964	      0.00000250	     -0.00085950	      0.00691599	      0.72706296	      0.70462212	     12.13540231	      0.45955515	     -0.65109284	     -0.12079913	     -0.19523918	     11.41961515	      0.61057755	     -0.67755050	     -0.02740000	     -0.02409481	     12.11632151	      0.72759062	     -0.70552241	     13.04742805	      0.80935972	     -0.73790772	     14.43490571	      0.88594445	     -0.77345996	      6.01641766	     -1.00492786	     -0.04893458	      0.83820012	      0.26171298	     -0.17102290	      0.88105517	     -0.61019919	     -0.36170317	      1.15990966	      1.39009610	     -0.03973567	     -0.06300601	      0.08621826	     -0.09220768	      0.08176507	     -0.12697463
      0.24065500	      0.19938663	    -36.62327924	     -2.01647745	     -0.50350539	    585.75159154	     18.37041203	     -5.41536683	      0.25951021	     -0.09486694	     -4.28923397	     -0.81273335	      0.17732274	      1.37981988	     -0.03032590	      1.10737655	     -0.03101414	     15.30078991	      0.36123214	     -0.63881765	      0.00074225	     -0.00004360	      0.00000548	     -0.00092273	      0.00687344	      0.72880397	      0.70096621	     12.17424385	      0.57543468	     -0.67785533	     -0.11924376	     -0.19715331	     11.41157384	      0.75507286	     -0.70506009	     -0.02789884	     -0.02388479	     12.05657241	      0.89052269	     -0.73126431	     12.94259246	      0.98002971	     -0.76278040	     14.28043951	      1.05834033	     -0.79743323	      5.82693246	     -0.95512008	     -0.04440758	      0.81072794	      0.19449728	     -0.21784914	      0.85764949	     -0.64211303	     -0.35099762	      1.08419154	      1.34783424	     -0.03581123	     -0.05649750	      0.07234923	     -0.08855774	      0.08304208	     -0.11888109
      0.25917300	     -0.09932278	    -36.55468616	     -2.21336312	     -2.06942737	    583.74945202	     22.72263997	     -5.72750201	      0.39892702	     -0.08706988	     -4.21830033	     -0.92589296	      0.18261766	      1.40296780	     -0.03011553	      1.08030078	     -0.03094385	     15.42085160	      0.45282679	     -0.58662050	      0.00074462	     -0.00004737	      0.00000883	     -0.00098131	      0.00684410	      0.72899445	      0.70178168	     12.26964741	      0.68836805	     -0.63086917	     -0.11739079	     -0.19975848	     11.46395843	      0.88677591	     -0.65934322	     -0.02820234	     -0.02396047	     12.06347623	      1.03302854	     -0.68538053	     12.91004793	      1.12476936	     -0.71780401	     14.20519623	      1.20028255	     -0.75379362	      5.66356700	     -0.86939454	     -0.03826204	      0.89958687	      0.10351685	     -0.29814933	      0.78594273	     -0.66850024	     -0.31261960	      1.00666560	      1.28834740	     -0.03519186	     -0.04916171	      0.05398713	     -0.08816609	      0.08403147	     -0.10709608
      0.27769100	     -0.42804488	    -36.35794782	     -2.29105169	     -3.12588457	    582.67541835	     25.87968625	     -5.96896500	      0.51046745	     -0.07029900	     -4.06316125	     -1.03162524	      0.16780214	      1.41794261	     -0.02997552	      1.01873194	     -0.03095425	     15.58545071	      0.53657785	     -0.50071237	      0.00074765	     -0.00005065	      0.00001239	     -0.00103240	      0.00682867	      0.72789207	      0.70635536	     12.40880660	      0.77895652	     -0.54745577	     -0.11551868	     -0.20293232	     11.56586345	      0.98208751	     -0.57771885	     -0.02830447	     -0.02426576	     12.12826367	      1.12804630	     -0.60577097	     12.94298862	      1.21397530	     -0.64148871	     14.20452590	      1.27977911	     -0.68188482	      5.53329400	     -0.78899785	     -0.03254495	      1.09037953	     -0.01355569	     -0.40640430	      0.67111183	     -0.67395997	     -0.24210857	      0.92907806	      1.21695342	     -0.03792191	     -0.04076901	      0.03243248	     -0.09060213	      0.08536267	     -0.09195547
      0.29620900	     -0.72643429	    -36.05225411	     -2.26394361	     -3.45482912	    582.55446411	     27.65130773	     -6.11428477	      0.57796766	     -0.04643385	     -3.84983952	     -1.10330092	      0.13627507	      1.42090078	     -0.02991849	      0.93524201	     -0.03103727	     15.77614738	      0.59637185	     -0.41938449	      0.00075106	     -0.00005307	      0.00001596	     -0.00107265	      0.00682733	      0.72585717	      0.71337257	     12.57464639	      0.82839734	     -0.46519319	     -0.11395006	     -0.20627908	     11.70217002	      1.01942447	     -0.49773862	     -0.02821072	     -0.02470574	     12.23777256	      1.15170908	     -0.53030927	     13.02996726	      1.22218899	     -0.57200112	     14.26877769	      1.26989283	     -0.62026914	      5.44529724	     -0.74777367	     -0.02900554	      1.35048206	     -0.15951979	     -0.52947597	      0.52666022	     -0.64700746	     -0.14080548	      0.85305317	      1.14137728	     -0.04326426	     -0.03147067	      0.00970479	     -0.09457371	      0.08751228	     -0.07470893
      0.31472700	     -0.94069922	    -35.66291634	     -2.14624856	     -2.94764993	    583.36218407	     27.88115180	     -6.14179255	      0.59338608	     -0.01798670	     -3.60967817	     -1.11495343	      0.09283470	      1.40926445	     -0.02995307	      0.84442192	     -0.03118005	     15.97488964	      0.62026203	     -0.36802004	      0.00075452	     -0.00005415	      0.00001920	     -0.00109850	      0.00683995	      0.72324588	      0.72122552	     12.75050291	      0.82452855	     -0.40949244	     -0.11295325	     -0.20924531	     11.85774892	      0.98653522	     -0.44473002	     -0.02793458	     -0.02517055	     12.37815267	      1.09180228	     -0.48412804	     13.15810854	      1.13749982	     -0.53414850	     14.38597345	      1.15912875	     -0.59329953	      5.41100987	     -0.75854711	     -0.02848519	      1.63159876	     -0.33946033	     -0.64757413	      0.37195024	     -0.59090644	     -0.01916775	      0.77883443	      1.06857866	     -0.04969845	     -0.02193065	     -0.01165445	     -0.09793539	      0.09029658	     -0.05735690
      0.33324500	     -1.04024500	    -35.21496959	     -1.94862235	     -1.66153430	    585.02501406	     26.46967750	     -6.03614041	      0.55899968	      0.01205045	     -3.37390231	     -1.05062994	      0.04278313	      1.38204553	     -0.03008252	      0.76043962	     -0.03136643	     16.16790830	      0.60521873	     -0.35079043	      0.00075767	     -0.00005339	      0.00002169	     -0.00110661	      0.00686604	      0.72034075	      0.72834298	     12.92359557	      0.76741386	     -0.38554444	     -0.11265655	     -0.21130937	     12.02042375	      0.88699515	     -0.42373847	     -0.02749667	     -0.02555770	     12.53734720	      0.95506384	     -0.47140406	     13.31515962	      0.96949549	     -0.53098006	     14.54340629	      0.96004889	     -0.60246179	      5.44296812	     -0.80841793	     -0.03067887	      1.87577223	     -0.55863488	     -0.73734259	      0.22731833	     -0.53239390	      0.10188238	      0.70509580	      1.00135709	     -0.05515666	     -0.01327256	     -0.02883704	     -0.09805089	      0.09251310	     -0.04217841
      0.35176300	     -1.02831016	    -34.72814650	     -1.67832457	      0.16235613	    587.42308640	     23.39987074	     -5.78993656	      0.48701435	      0.04032053	     -3.16877009	     -0.91171438	     -0.00872327	      1.33963013	     -0.03030424	      0.69501358	     -0.03157845	     16.34734347	      0.55987753	     -0.34922626	      0.00076017	     -0.00005030	      0.00002299	     -0.00109427	      0.00690472	      0.71732724	      0.73344985	     13.08631299	      0.67222851	     -0.37691993	     -0.11300499	     -0.21217316	     12.18193434	      0.74320794	     -0.41815734	     -0.02692501	     -0.02578652	     12.70583140	      0.77027075	     -0.47402148	     13.49009741	      0.75238900	     -0.54249851	     14.72815367	      0.71242448	     -0.62514421	      5.55202452	     -0.86461577	     -0.03433615	      2.02424171	     -0.81416172	     -0.77650465	      0.10948130	     -0.52143927	      0.19370691	      0.63079461	      0.93658791	     -0.05748981	     -0.00679431	     -0.03903569	     -0.09253917	      0.09199711	     -0.03105975
      0.37028100	     -0.94200609	    -34.21365260	     -1.34240551	      2.13309757	    590.39919187	     18.75359477	     -5.40445946	      0.39629989	      0.06311936	     -3.01161428	     -0.71937768	     -0.05699724	      1.28316664	     -0.03061024	      0.65592488	     -0.03179824	     16.51082310	      0.50370616	     -0.32833346	      0.00076174	     -0.00004453	      0.00002265	     -0.00105994	      0.00695451	      0.71431940	      0.73572499	     13.23578104	      0.56759949	     -0.35140794	     -0.11377955	     -0.21188435	     12.33765707	      0.59378823	     -0.39561963	     -0.02625544	     -0.02580415	     12.87663370	      0.58475517	     -0.45771782	     13.67354542	      0.54078202	     -0.53212352	     14.92799373	      0.47820785	     -0.62153208	      5.74338260	     -0.88656804	     -0.03773015	      2.02781295	     -1.08217131	     -0.74853578	      0.03081322	     -0.61713729	      0.22747832	      0.55883046	      0.86674294	     -0.05504529	     -0.00357241	     -0.03966311	     -0.08021937	      0.08620027	     -0.02494989
      0.38879900	     -0.84061814	    -33.67314315	     -0.95237863	      3.79730772	    593.77373469	     12.70910252	     -4.88969106	      0.30689078	      0.07652302	     -2.90823755	     -0.51099889	     -0.09801307	      1.21390278	     -0.03098847	      0.64612387	     -0.03201048	     16.65995981	      0.46187144	     -0.24909135	      0.00076214	     -0.00003595	      0.00002037	     -0.00100369	      0.00701332	      0.71142836	      0.73486624	     13.37280674	      0.48865877	     -0.27291147	     -0.11468251	     -0.21084220	     12.48627188	      0.48456963	     -0.31994085	     -0.02553185	     -0.02558646	     13.04586949	      0.45358522	     -0.38446415	     13.85922138	      0.39729066	     -0.45960766	     15.13390946	      0.32754353	     -0.54826534	      6.01277321	     -0.83830411	     -0.03916105	      1.85757440	     -1.30716940	     -0.64569882	      0.00296076	     -0.86103379	      0.18465942	      0.49967647	      0.78492922	     -0.04715445	     -0.00419763	     -0.02851463	     -0.06189159	      0.07316878	     -0.02380235
      0.40731700	     -0.78504175	    -33.10087194	     -0.52766919	      4.76207583	    597.35942778	      5.52556179	     -4.26408644	      0.23405930	      0.07694567	     -2.85238734	     -0.33114993	     -0.12861634	      1.13283114	     -0.03142422	      0.66355550	     -0.03220450	     16.79809982	      0.45633848	     -0.08340017	      0.00076127	     -0.00002472	      0.00001606	     -0.00092749	      0.00707845	      0.70884292	      0.73107547	     13.50031818	      0.46566482	     -0.11556320	     -0.11546449	     -0.20968045	     12.62915025	      0.45444535	     -0.16525410	     -0.02480568	     -0.02513768	     13.21315135	      0.42291526	     -0.22713002	     14.04535371	      0.37377403	     -0.29634737	     15.34262734	      0.31778954	     -0.37466030	      6.34422211	     -0.69780882	     -0.03735638	      1.51474097	     -1.40345032	     -0.46985658	      0.03967277	     -1.24721021	      0.06632514	      0.47208566	      0.69155954	     -0.03436020	     -0.00878648	     -0.00400735	     -0.04055804	      0.05261978	     -0.02707996
      0.42583500	     -0.81435055	    -32.49022303	     -0.09556844	      4.81795370	    600.96781256	     -2.46678815	     -3.55431829	      0.18401841	      0.06206724	     -2.82806227	     -0.21952393	     -0.14681233	      1.04082209	     -0.03190091	      0.70186653	     -0.03237514	     16.92661219	      0.49525230	      0.17398000	      0.00075914	     -0.00001133	      0.00000983	     -0.00083532	      0.00714660	      0.70687449	      0.72497141	     13.62009072	      0.51093575	      0.12517408	     -0.11603863	     -0.20906233	     12.76757584	      0.51955137	      0.07290939	     -0.02413328	     -0.02448983	     13.37925760	      0.51169106	      0.01895927	     14.23274544	      0.49091417	     -0.03752740	     15.55508352	      0.47087312	     -0.09570387	      6.71051376	     -0.46239791	     -0.03172920	      1.03658325	     -1.27690542	     -0.23204829	      0.15157397	     -1.70490552	     -0.10362554	      0.49818787	      0.59893037	     -0.01832856	     -0.01712628	      0.03424557	     -0.02079142	      0.02668290	     -0.03444580
      0.44435300	     -0.92665492	    -31.84440191	      0.31149813	      4.01746203	    604.40579436	    -10.85799641	     -2.79491728	      0.15245413	      0.03162960	     -2.81482379	     -0.19932147	     -0.15212058	      0.93920697	     -0.03239978	      0.75205479	     -0.03252150	     17.03954212	      0.56423578	      0.49998814	      0.00075587	      0.00000340	      0.00000211	     -0.00073307	      0.00721392	      0.70593550	      0.71744146	     13.72716192	      0.60863523	      0.42761521	     -0.11652633	     -0.20945338	     12.89668548	      0.66136637	      0.37279647	     -0.02357056	     -0.02370125	     13.53942871	      0.69823345	      0.33096873	     14.41737110	      0.72349642	      0.29252933	     15.76818179	      0.75720350	      0.26213586	      7.07683281	     -0.14941621	     -0.02246477	      0.49292428	     -0.86778665	      0.04745563	      0.33186293	     -2.10960911	     -0.28457532	      0.59241634	      0.52973081	     -0.00147311	     -0.02862972	      0.08436567	     -0.00719321	     -0.00019606	     -0.04602786
      0.46287100	     -1.07077741	    -31.18708747	      0.65777219	      2.67456594	    607.47073436	    -19.14385266	     -2.02764732	      0.12625137	     -0.01225852	     -2.79484195	     -0.26955209	     -0.14569835	      0.83063310	     -0.03289900	      0.80482141	     -0.03264394	     17.11982467	      0.62372358	      0.84414061	      0.00075172	      0.00001838	     -0.00000641	     -0.00062816	      0.00727614	      0.70645867	      0.70945958	     13.80523633	      0.71222816	      0.74473899	     -0.11721425	     -0.21095249	     12.99968167	      0.82436208	      0.68742672	     -0.02316640	     -0.02285235	     13.67616475	      0.91811097	      0.65971200	     14.58170628	      0.99849957	      0.64170600	     15.96443469	      1.09401249	      0.64246734	      7.40693849	      0.20881750	     -0.01038596	     -0.02988413	     -0.20154757	      0.33757214	      0.54345651	     -2.32663425	     -0.43320770	      0.74783842	      0.50824366	      0.01362504	     -0.04200247	      0.14085290	     -0.00237366	     -0.02246136	     -0.06193594
      0.48138900	     -1.15311760	    -30.56528812	      0.90335868	      1.27966877	    609.95919991	    -26.74078508	     -1.30057426	      0.08832512	     -0.06520499	     -2.75897529	     -0.40395111	     -0.12992996	      0.71989905	     -0.03337279	      0.85298159	     -0.03274040	     17.14345393	      0.61457062	      1.13454457	      0.00074706	      0.00003241	     -0.00001489	     -0.00052882	      0.00732879	      0.70879066	      0.70191780	     13.83016241	      0.75186368	      1.00959780	     -0.11844050	     -0.21325042	     13.05045070	      0.92549444	      0.95009628	     -0.02295753	     -0.02203830	     13.76084959	      1.07562662	      0.93567884	     14.69527691	      1.20836923	      0.93676090	     16.11129553	      1.36056478	      0.96652335	      7.66993640	      0.57442133	      0.00335698	     -0.45112825	      0.57791373	      0.59460648	      0.72290841	     -2.26922561	     -0.51888290	      0.92748211	      0.54810597	      0.02483954	     -0.05501653	      0.19364915	     -0.00548712	     -0.03538318	     -0.08137701
      0.49990700	     -1.06115093	    -30.04028199	      1.00635798	      0.34894856	    611.69802215	    -33.05532509	     -0.66659068	      0.02439100	     -0.12089382	     -2.70958051	     -0.55760020	     -0.10768252	      0.61440324	     -0.03379149	      0.89311191	     -0.03280396	     17.09383841	      0.47265948	      1.29244645	      0.00074227	      0.00004423	     -0.00002241	     -0.00044320	      0.00736766	      0.71309327	      0.69551820	     13.78443822	      0.65196214	      1.14870391	     -0.12044895	     -0.21573288	     13.02855831	      0.87529175	      1.08775878	     -0.02296602	     -0.02135863	     13.76930976	      1.06817041	      1.08313369	     14.73065308	      1.23829787	      1.09833002	     16.17765268	      1.42861254	      1.14946729	      7.84536155	      0.91281607	      0.01758577	     -0.71071830	      1.22406728	      0.76592680	      0.80552053	     -1.93855159	     -0.53258070	      1.06895966	      0.64385818	      0.03095534	     -0.06490968	      0.22897434	     -0.01251766	     -0.03675127	     -0.10214187
      0.51842500	     -0.70225922	    -29.67197910	      0.93783893	      0.23155546	    612.58610197	    -37.59527347	     -0.18070752	     -0.07092971	     -0.17186642	     -2.65960306	     -0.67967831	     -0.08166396	      0.52392013	     -0.03412319	      0.92585576	     -0.03282334	     16.97817861	      0.15408589	      1.26266802	      0.00073774	      0.00005274	     -0.00002810	     -0.00037836	      0.00738919	      0.71926938	      0.69074095	     13.67482465	      0.36030524	      1.11078104	     -0.12326388	     -0.21768648	     12.93884630	      0.61151747	      1.04960671	     -0.02319819	     -0.02090405	     13.70366945	      0.82412581	      1.04948916	     14.68740231	      1.00797419	      1.07133212	     16.16013369	      1.20832489	      1.13236110	      7.92515866	      1.19715488	      0.03123288	     -0.76687605	      1.47450715	      0.80538710	      0.75753760	     -1.42224971	     -0.48591421	      1.10640233	      0.77148127	      0.03173024	     -0.06939691	      0.23334892	     -0.01890929	     -0.02746198	     -0.12098032
      0.53694300	     -0.04994593	    -29.50647200	      0.70768154	      0.92139742	    612.61833224	    -40.06985523	      0.10470286	     -0.19112370	     -0.21069702	     -2.62854106	     -0.72854511	     -0.05410768	      0.45958539	     -0.03433717	      0.95474052	     -0.03278663	     16.83216951	     -0.33218813	      1.05391471	      0.00073383	      0.00005707	     -0.00003126	     -0.00033946	      0.00739102	      0.72691817	      0.68787325	     13.53868981	     -0.11517082	      0.90519462	     -0.12663559	     -0.21853412	     12.82007226	      0.14081934	      0.84519623	     -0.02364261	     -0.02074226	     13.60361131	      0.34906483	      0.84414680	     14.60585542	      0.52194870	      0.86478264	     16.09963040	      0.70320694	      0.92352549	      7.91240950	      1.40836434	      0.04332657	     -0.58215767	      1.18892271	      0.69632217	      0.59399673	     -0.85533165	     -0.40276984	      1.00347865	      0.89730563	      0.02743610	     -0.06763895	      0.20025145	     -0.02349848	     -0.01088102	     -0.13470509
      0.55546100	      0.82313585	    -29.57388981	      0.37599637	      1.97519969	    611.87227358	    -40.39862301	      0.14711169	     -0.31868582	     -0.23120656	     -2.63607538	     -0.68466427	     -0.02681190	      0.43211989	     -0.03440845	      0.98382900	     -0.03268677	     16.70286671	     -0.90118349	      0.75566089	      0.00073078	      0.00005667	     -0.00003141	     -0.00032927	      0.00737236	      0.73532722	      0.68707279	     13.42692907	     -0.68111714	      0.61781732	     -0.13008048	     -0.21802564	     12.72779547	     -0.43346106	      0.56007924	     -0.02426661	     -0.02090686	     13.52941412	     -0.24392609	      0.55443384	     14.55039605	     -0.09764031	      0.56818430	     16.06484135	      0.04549870	      0.61570405	      7.81771043	      1.53263315	      0.05289991	     -0.12939013	      0.46077568	      0.46594013	      0.37190489	     -0.36857298	     -0.30918330	      0.77945600	      0.99009179	      0.01830300	     -0.06049221	      0.13589266	     -0.03047035	      0.00844930	     -0.14139243
      0.57397900	      1.75224237	    -29.89642088	      0.02389901	      2.64895737	    610.46867790	    -38.59225179	     -0.07727351	     -0.42925644	     -0.22944854	     -2.69490716	     -0.55735440	     -0.00133737	      0.44954631	     -0.03432236	      1.01503753	     -0.03252599	     16.61358213	     -1.40391161	      0.49734541	      0.00072875	      0.00005139	     -0.00002844	     -0.00034809	      0.00733410	      0.74351615	      0.68843521	     13.36566748	     -1.17363527	      0.37134864	     -0.13299725	     -0.21632724	     12.69184482	     -0.92927013	      0.31626989	     -0.02501358	     -0.02139310	     13.51510300	     -0.75488015	      0.30561612	     14.55872028	     -0.63391956	      0.31096762	     16.09729187	     -0.52894251	      0.34462111	      7.65470276	      1.55868024	      0.05892117	      0.55620720	     -0.39066343	      0.17757418	      0.16585235	     -0.04984028	     -0.22594433	      0.50869034	      1.03071082	      0.00473432	     -0.04994417	      0.05957094	     -0.04625183	      0.02609006	     -0.14108772
      0.59249700	      2.53800797	    -30.49297780	     -0.30282038	      2.25519416	    608.53338926	    -34.61167358	     -0.56525549	     -0.49742159	     -0.20442774	     -2.80506875	     -0.38306475	      0.02094124	      0.51491583	     -0.03407806	      1.04620599	     -0.03231738	     16.53768589	     -1.68604138	      0.36448294	      0.00072782	      0.00004151	     -0.00002257	     -0.00039407	      0.00727881	      0.75034263	      0.69202974	     13.32555395	     -1.42518823	      0.24484340	     -0.13480823	     -0.21398190	     12.67989218	     -1.16218263	      0.19234663	     -0.02580395	     -0.02216161	     13.52596535	     -0.98196056	      0.17973757	     14.59378663	     -0.86801166	      0.17965087	     16.15730414	     -0.78161100	      0.20345679	      7.43629737	      1.47771160	      0.06036274	      1.32005643	     -0.97853269	     -0.09673856	      0.04159596	      0.07070080	     -0.16540356	      0.28843560	      1.01647058	     -0.01158036	     -0.03819647	     -0.00363455	     -0.07290903	      0.03862826	     -0.13577979
      0.61101500	      3.02762505	    -31.36281612	     -0.62414004	      0.54976866	    606.17758661	    -28.38855629	     -1.28216703	     -0.50226434	     -0.15844292	     -2.95188046	     -0.21550533	      0.03892396	      0.62474345	     -0.03368971	      1.07081855	     -0.03208253	     16.41289705	     -1.66675290	      0.34007342	      0.00072804	      0.00002768	     -0.00001432	     -0.00046378	      0.00721052	      0.75467208	      0.69787455	     13.23513569	     -1.35250672	      0.21889928	     -0.13507281	     -0.21174819	     12.60982086	     -1.04401464	      0.16917465	     -0.02654321	     -0.02314730	     13.46956670	     -0.83039257	      0.15975959	     14.55352149	     -0.69742702	      0.15990342	     16.13238797	     -0.60007884	      0.18167328	      7.17282144	      1.28728729	      0.05645262	      1.91512027	     -1.06747072	     -0.30570183	      0.03915564	      0.01474799	     -0.13159067	      0.19196449	      0.95993719	     -0.02696005	     -0.02694451	     -0.03475280	     -0.10426183	      0.04421017	     -0.12873464
      0.62953300	      3.16916360	    -32.45285524	     -0.99575736	     -2.12739592	    603.49843959	    -20.03627148	     -2.16359795	     -0.43147253	     -0.09682158	     -3.10890104	     -0.11043614	      0.05175754	      0.76883774	     -0.03318521	      1.07974322	     -0.03184636	     16.19246844	     -1.38314427	      0.32643155	      0.00072943	      0.00001082	     -0.00000444	     -0.00055284	      0.00713440	      0.75559542	      0.70585672	     13.03686887	     -1.00381440	      0.19879578	     -0.13354978	     -0.21036579	     12.41194397	     -0.63388520	      0.15297843	     -0.02713811	     -0.02426950	     13.26415432	     -0.36778831	      0.15167277	     14.34484957	     -0.19564967	      0.15747968	     15.91741463	     -0.06257741	      0.18430704	      6.87271803	      0.99688885	      0.04700611	      2.13113878	     -0.69172518	     -0.43221851	      0.16756624	     -0.16128352	     -0.12189577	      0.23581944	      0.88369277	     -0.03688591	     -0.01709332	     -0.02971888	     -0.12904934	      0.04278267	     -0.12344015
      0.64805100	      3.00932170	    -33.63952658	     -1.44560711	     -5.05635349	    600.59377371	    -10.05885838	     -3.12368472	     -0.28369699	     -0.02701303	     -3.24547621	     -0.10962814	      0.05870937	      0.93179233	     -0.03260269	      1.06451575	     -0.03163131	     15.89020275	     -0.96739736	      0.22659826	      0.00073204	     -0.00000792	      0.00000618	     -0.00065613	      0.00705638	      0.75264985	      0.71563279	     12.73890169	     -0.53001113	      0.09379608	     -0.13021324	     -0.21032332	     12.08922244	     -0.10302834	      0.05401771	     -0.02751756	     -0.02544067	     12.90762474	      0.21647922	      0.06352659	     13.96070968	      0.43294079	      0.07780710	     15.50027430	      0.61142052	      0.11268385	      6.54543113	      0.63138342	      0.03266328	      1.92758914	     -0.08962950	     -0.48776077	      0.40716717	     -0.38628867	     -0.12901164	      0.37920959	      0.81293462	     -0.03862552	     -0.00882385	      0.00073951	     -0.13854240	      0.03607240	     -0.12245819
      0.66656900	      2.65053373	    -34.74989515	     -1.93421597	     -7.50768156	    597.57733146	      0.64247270	     -4.06805532	     -0.06924977	      0.04269983	     -3.33647855	     -0.22877283	      0.05926186	      1.09575517	     -0.03198582	      1.02092590	     -0.03145275	     15.58159680	     -0.57772264	      0.01358720	      0.00073586	     -0.00002731	      0.00001660	     -0.00076779	      0.00698256	      0.74597786	      0.72655247	     12.41933526	     -0.10566930	     -0.11723955	     -0.12524159	     -0.21170012	     11.72511819	      0.35553994	     -0.14836343	     -0.02765139	     -0.02657287	     12.48923015	      0.71219058	     -0.12810188	     13.49533347	      0.96327291	     -0.10571110	     14.98087740	      1.18117110	     -0.06438053	      6.20500261	      0.22934119	      0.01488389	      1.45927653	      0.46893974	     -0.49767364	      0.71540485	     -0.59279531	     -0.14292709	      0.55009403	      0.76772597	     -0.03314960	     -0.00183534	      0.03881721	     -0.13211050	      0.02716172	     -0.12650678
      0.68508700	      2.20558556	    -35.61447494	     -2.36627179	     -9.01273971	    594.58421141	     10.97312928	     -4.90849196	      0.19079059	      0.10458775	     -3.37072685	     -0.45278022	      0.05350082	      1.24370130	     -0.03137897	      0.95148673	     -0.03131715	     15.36477915	     -0.33289049	     -0.26020230	      0.00074080	     -0.00004611	      0.00002593	     -0.00088111	      0.00691856	      0.73636577	      0.73764465	     12.18495869	      0.14310550	     -0.37892206	     -0.11900361	     -0.21412663	     11.43915438	      0.60706823	     -0.39885430	     -0.02755946	     -0.02758230	     12.14186884	      0.97605235	     -0.36975470	     13.09353595	      1.24432166	     -0.34158298	     14.51709367	      1.48696118	     -0.29797375	      5.87222651	     -0.16482599	     -0.00435988	      0.98499460	      0.81805265	     -0.48786589	      1.03538978	     -0.73228559	     -0.15345652	      0.67800415	      0.75669692	     -0.02466580	      0.00433848	      0.06859920	     -0.11695022	      0.01950815	     -0.13414381
      0.70360500	      1.77320846	    -36.12127969	     -2.63525458	     -9.41163170	    591.76870373	     19.91388463	     -5.57627399	      0.46722973	      0.15274918	     -3.35476821	     -0.73979223	      0.04247238	      1.36239480	     -0.03082295	      0.86578551	     -0.03122331	     15.31382414	     -0.28385973	     -0.50409398	      0.00074658	     -0.00006318	      0.00003341	     -0.00098865	      0.00686882	      0.72513274	      0.74769837	     12.11974111	      0.16723988	     -0.60067956	     -0.11204943	     -0.21687874	     11.32912363	      0.60417825	     -0.60720316	     -0.02730688	     -0.02839270	     11.97770350	      0.96162082	     -0.57150630	     12.88029379	      1.22992328	     -0.54001812	     14.24779576	      1.48213218	     -0.49821082	      5.57352088	     -0.51240855	     -0.02309211	      0.73937347	      0.91919527	     -0.47718386	      1.30776243	     -0.78630864	     -0.15336903	      0.71657934	      0.77429358	     -0.01825822	      0.00999937	      0.08095576	     -0.10327482	      0.01560226	     -0.14234490
      0.72212300	      1.43290450	    -36.24607034	     -2.66766896	     -8.74563476	    589.30035064	     26.72288486	     -6.03117313	      0.72705283	      0.18395893	     -3.31045159	     -1.03275623	      0.02818140	      1.44435074	     -0.03035198	      0.77853578	     -0.03116607	     15.45002802	     -0.42217253	     -0.64183409	      0.00075276	     -0.00007760	      0.00003851	     -0.00108271	      0.00683618	      0.71389335	      0.75544268	     12.25200692	     -0.01789244	     -0.70823692	     -0.10508786	     -0.21908614	     11.43317410	      0.36966767	     -0.69943305	     -0.02698669	     -0.02893877	     12.04499246	      0.69789374	     -0.65856209	     12.91283624	      0.95377199	     -0.62508048	     14.23990121	      1.20448074	     -0.58735067	      5.33633799	     -0.78983037	     -0.03979320	      0.84401892	      0.80350266	     -0.47481500	      1.48400772	     -0.76966047	     -0.14098621	      0.65123986	      0.80328411	     -0.01741463	      0.01504227	      0.07362318	     -0.09870134	      0.01594793	     -0.14784096
      0.74064100	      1.24528367	    -36.05401144	     -2.44791215	     -7.13532158	    587.35651457	     31.03761373	     -6.26396317	      0.93864666	      0.19777126	     -3.26745502	     -1.27490586	      0.01318988	      1.48839018	     -0.02999183	      0.70608228	     -0.03114045	     15.73426030	     -0.70395396	     -0.64574997	      0.00075880	     -0.00008874	      0.00004101	     -0.00115622	      0.00682168	      0.70426478	      0.75978525	     12.54468003	     -0.36093963	     -0.67651171	     -0.09891770	     -0.21999363	     11.71763342	     -0.03704025	     -0.65077254	     -0.02669709	     -0.02917019	     12.31361520	      0.25095628	     -0.60503278	     13.16420861	      0.48691239	     -0.56947067	     14.46988922	      0.72948102	     -0.53599720	      5.18295158	     -0.99121645	     -0.05359722	      1.27619999	      0.50970720	     -0.48009042	      1.53677088	     -0.72187309	     -0.12051666	      0.49730769	      0.82203386	     -0.02265103	      0.01893280	      0.04920262	     -0.10469393	      0.01906684	     -0.14850719
      0.75915900	      1.24647320	    -35.68012325	     -2.02221021	     -4.74309913	    586.10486800	     32.89682079	     -6.29252033	      1.07715386	      0.19590354	     -3.25378389	     -1.42415825	      0.00005232	      1.49881695	     -0.02975857	      0.66259972	     -0.03114423	     16.07399333	     -1.06800393	     -0.54293890	      0.00076413	     -0.00009633	      0.00004098	     -0.00120361	      0.00682475	      0.69759122	      0.76003830	     12.90190788	     -0.79458151	     -0.53538868	     -0.09429917	     -0.21918955	     12.08330353	     -0.54213842	     -0.49170712	     -0.02652072	     -0.02905636	     12.68129311	     -0.30042900	     -0.44065006	     13.52954880	     -0.08850925	     -0.40194681	     14.83015484	      0.14215737	     -0.37135209	      5.12515764	     -1.12431182	     -0.06421195	      1.87942659	      0.07180298	     -0.48259726	      1.46378166	     -0.68872121	     -0.09947162	      0.29491544	      0.81327673	     -0.03134616	      0.02095582	      0.01390994	     -0.11611745	      0.02254850	     -0.14400273
      0.77767700	      1.43463332	    -35.29399716	     -1.48475507	     -1.82617696	    585.67217201	     32.68072899	     -6.15367250	      1.12915308	      0.18130461	     -3.28735279	     -1.46216797	     -0.00913398	      1.48365074	     -0.02965738	      0.65704081	     -0.03117810	     16.34507572	     -1.43998583	     -0.39658987	      0.00076824	     -0.00010043	      0.00003877	     -0.00122168	      0.00684341	      0.69473079	      0.75606373	     13.19203338	     -1.23872629	     -0.35141801	     -0.09179256	     -0.21672472	     12.38990583	     -1.05952440	     -0.28994178	     -0.02651058	     -0.02859143	     12.99960925	     -0.86586977	     -0.23287952	     13.85354752	     -0.67930421	     -0.18951920	     15.15799526	     -0.46190441	     -0.15934906	      5.16168299	     -1.20359385	     -0.07170209	      2.41025207	     -0.44317531	     -0.46298768	      1.28525892	     -0.70229835	     -0.08456414	      0.10152216	      0.77025624	     -0.03861181	      0.02061852	     -0.02244695	     -0.12386122	      0.02441446	     -0.13544499
      0.79619500	      1.75921932	    -35.05084031	     -0.94755664	      1.20556714	    586.10344501	     30.94692343	     -5.89357791	      1.09530259	      0.15730523	     -3.37094804	     -1.39595025	     -0.01299928	      1.45252733	     -0.02968167	      0.69141997	     -0.03124358	     16.43207145	     -1.73316371	     -0.27182010	      0.00077078	     -0.00010142	      0.00003494	     -0.00121005	      0.00687451	      0.69593239	      0.74830497	     13.29115110	     -1.59930803	     -0.19393048	     -0.09162537	     -0.21308166	     12.50337594	     -1.48735427	     -0.11644670	     -0.02668359	     -0.02779943	     13.12481990	     -1.33763509	     -0.05268154	     13.98431041	     -1.17347348	     -0.00286779	     15.29273988	     -0.96663870	      0.03041545	      5.27897565	     -1.24428042	     -0.07628811	      2.62822912	     -0.89737299	     -0.39752000	      1.03673431	     -0.76992317	     -0.07862228	     -0.02201174	      0.69779729	     -0.03923427	      0.01796888	     -0.04728058	     -0.11966054	      0.02394926	     -0.12457675
      0.81471300	      2.13113350	    -35.03918651	     -0.50063314	      3.84633119	    587.32670485	     28.19673061	     -5.55892523	      0.98949193	      0.12696634	     -3.49170059	     -1.25245886	     -0.01108864	      1.41480742	     -0.02981333	      0.76062206	     -0.03134005	     16.27732116	     -1.86577704	     -0.20269546	      0.00077155	     -0.00009992	      0.00003017	     -0.00117111	      0.00691406	      0.70082438	      0.73771454	     13.13677492	     -1.78581362	     -0.10121531	     -0.09364547	     -0.20900693	     12.35488594	     -1.72569608	     -0.01109416	     -0.02702145	     -0.02673916	     12.98183696	     -1.60814275	      0.06014506	     13.84162602	     -1.45750781	      0.11852536	     15.14866294	     -1.25269471	      0.15958660	      5.45498077	     -1.25824249	     -0.07821268	      2.40937538	     -1.11007081	     -0.26903084	      0.75965510	     -0.87659803	     -0.08019119	     -0.03354223	      0.60864691	     -0.03031487	      0.01363610	     -0.04916585	     -0.10086604	      0.02165806	     -0.11304447
      0.83323100	      2.46047815	    -35.25010622	     -0.18174077	      5.69742471	    589.14811989	     24.70367957	     -5.19066702	      0.83452975	      0.09264896	     -3.62465773	     -1.06887825	     -0.00402463	      1.37828226	     -0.03002485	      0.85359895	     -0.03146233	     15.90938268	     -1.80047979	     -0.18116892	      0.00077051	     -0.00009664	      0.00002516	     -0.00110955	      0.00695754	      0.70851754	      0.72561665	     12.75952043	     -1.75434033	     -0.06748966	     -0.09737608	     -0.20527573	     11.97639405	     -1.72372185	      0.03108060	     -0.02747750	     -0.02550675	     12.60348260	     -1.62080257	      0.11055291	     13.45944650	     -1.47045424	      0.17959214	     14.76099446	     -1.25503605	      0.23336700	      5.66449048	     -1.25076645	     -0.07763592	      1.81637011	     -0.96614696	     -0.08179674	      0.49222831	     -0.99694519	     -0.08546691	      0.06810548	      0.51765207	     -0.01319737	      0.00859194	     -0.02432433	     -0.07201725	      0.01863128	     -0.10207882
      0.85174900	      2.70076369	    -35.59003832	      0.02309904	      6.67897526	    591.29369520	     20.52909982	     -4.82133915	      0.65626046	      0.05597582	     -3.73891931	     -0.88260691	      0.00641652	      1.34868025	     -0.03028285	      0.95555821	     -0.03160037	     15.42676008	     -1.57909268	     -0.17662642	      0.00076778	     -0.00009228	      0.00002052	     -0.00103163	      0.00700037	      0.71778933	      0.71354562	     12.26582876	     -1.54683669	     -0.06083009	     -0.10214545	     -0.20248152	     11.48240622	     -1.52413149	      0.04225568	     -0.02798731	     -0.02423303	     12.11158718	     -1.41931447	      0.13009934	     12.96640916	     -1.25754966	      0.21082424	     14.26583698	     -1.02122032	      0.28048997	      5.88416977	     -1.21842076	     -0.07455896	      1.06397084	     -0.52650867	      0.12940289	      0.26290742	     -1.10759111	     -0.09077869	      0.23659193	      0.43690512	      0.00688528	      0.00380704	      0.01893509	     -0.04184297	      0.01586560	     -0.09249488
      0.87026700	      2.86338450	    -35.93069810	      0.15018594	      7.04611993	    593.47883056	     15.69452336	     -4.47558401	      0.47826733	      0.01824823	     -3.80463994	     -0.72387260	      0.01746264	      1.32986075	     -0.03055257	      1.05063755	     -0.03174095	     14.94784923	     -1.31328100	     -0.16732428	      0.00076362	     -0.00008741	      0.00001668	     -0.00094428	      0.00703852	      0.72729598	      0.70307064	     11.78313188	     -1.28235959	     -0.05508257	     -0.10724371	     -0.20091605	     11.00973814	     -1.25506768	      0.04958639	     -0.02847993	     -0.02307147	     11.65179591	     -1.14039650	      0.14452772	     12.51623596	     -0.96366040	      0.23575081	     13.82574925	     -0.70548765	      0.32072265	      6.09583094	     -1.14945106	     -0.06882104	      0.39969346	     -0.02695620	      0.30720137	      0.08784932	     -1.19361962	     -0.09405970	      0.39728484	      0.37359649	      0.02343094	     -0.00001128	      0.06276196	     -0.01816160	      0.01391127	     -0.08479862
      0.88878500	      2.98754949	    -36.16314224	      0.22873148	      7.15892818	    595.46029705	     10.34575139	     -4.17195676	      0.31835773	     -0.01898592	     -3.79927563	     -0.61191845	      0.02579417	      1.32426254	     -0.03080225	      1.12455841	     -0.03187105	     14.56385040	     -1.12375452	     -0.15141377	      0.00075839	     -0.00008245	      0.00001387	     -0.00085436	      0.00706900	      0.73576646	      0.69559439	     11.40802432	     -1.09120732	     -0.04354082	     -0.11205773	     -0.20055653	     10.66008212	     -1.05828629	      0.06090219	     -0.02888752	     -0.02217474	     11.33058670	     -0.93650076	      0.16017969	     12.21970821	     -0.75106088	      0.25842841	     13.55617037	     -0.48104753	      0.35422973	      6.28751775	     -1.02635220	     -0.06015549	     -0.00995308	      0.26092333	      0.39768760	     -0.02815924	     -1.24897086	     -0.09497447	      0.48450706	      0.33024081	      0.03178370	     -0.00252385	      0.08916586	     -0.00482647	      0.01286664	     -0.07925818
      0.90730300	      3.09296051	    -36.22812360	      0.27457394	      7.19134260	    597.04875386	      4.79055519	     -3.92400970	      0.18704845	     -0.05358856	     -3.71172186	     -0.55427948	      0.02818471	      1.33316232	     -0.03100699	      1.16681498	     -0.03198112	     14.31873066	     -1.07040712	     -0.12970655	      0.00075252	     -0.00007762	      0.00001214	     -0.00076803	      0.00709021	      0.74215462	      0.69212754	     11.18458120	     -1.03824353	     -0.02464408	     -0.11615419	     -0.20113496	     10.47617874	     -1.00444333	      0.07853545	     -0.02915276	     -0.02166387	     11.18893851	     -0.88353044	      0.17894058	     12.11596976	     -0.70028137	      0.27990294	     13.49410338	     -0.43338538	      0.38045242	      6.45275685	     -0.82971732	     -0.04827699	     -0.12146385	      0.20158413	      0.37909952	     -0.08893329	     -1.27405272	     -0.09427062	      0.47391948	      0.30594430	      0.03089041	     -0.00373316	      0.08996434	     -0.00208164	      0.01254433	     -0.07591696
      0.92582100	      3.16004495	    -36.11967972	      0.29936927	      7.02482788	    598.10763317	     -0.56332230	     -3.73984917	      0.08753276	     -0.08289528	     -3.54392289	     -0.54795972	      0.02229387	      1.35655971	     -0.03115149	      1.17210200	     -0.03206659	     14.21167746	     -1.12829485	     -0.08713712	      0.00074654	     -0.00007303	      0.00001138	     -0.00069053	      0.00710204	      0.74574311	      0.69307998	     11.10790842	     -1.09606634	      0.01552916	     -0.11930854	     -0.20224623	     10.44666415	     -1.06296228	      0.11665301	     -0.02923398	     -0.02159956	     11.20828572	     -0.94753005	      0.21597221	     12.17948940	     -0.77389850	      0.31648564	     13.60620156	     -0.52091052	      0.41724777	      6.58877535	     -0.54353250	     -0.03301631	      0.00622585	     -0.13773702	      0.27194060	     -0.10369220	     -1.27323220	     -0.09302359	      0.38924223	      0.29770296	      0.02312268	     -0.00388607	      0.07008934	     -0.00810350	      0.01264434	     -0.07459393
      0.94433900	      3.15300871	    -35.87189917	      0.31587956	      6.39011987	    598.56762406	     -5.29297760	     -3.62054369	      0.01669843	     -0.10426294	     -3.31030064	     -0.58159763	      0.00757103	      1.39278219	     -0.03123141	      1.14084778	     -0.03212702	     14.20957548	     -1.22331523	      0.00288207	      0.00074093	     -0.00006865	      0.00001140	     -0.00062591	      0.00710552	      0.74619854	      0.69813794	     11.13860521	     -1.18363991	      0.10028518	     -0.12148168	     -0.20345667	     10.52329992	     -1.14420385	      0.19836237	     -0.02910841	     -0.02196639	     11.33084031	     -1.03017854	      0.29611624	     12.34337156	     -0.86505308	      0.39526722	     13.81542265	     -0.62685480	      0.49508150	      6.69460402	     -0.16112659	     -0.01448431	      0.25613570	     -0.56312911	      0.12388274	     -0.08408335	     -1.25310965	     -0.09213770	      0.28152796	      0.30140495	      0.01269412	     -0.00335988	      0.04258910	     -0.01970077	      0.01286406	     -0.07491712
      0.96285700	      3.05872508	    -35.53582569	      0.33554837	      5.10268321	    598.44712029	     -9.04349683	     -3.55833483	     -0.03264984	     -0.11597770	     -3.03524070	     -0.63845561	     -0.01413632	      1.43804725	     -0.03125313	      1.07880760	     -0.03216387	     14.26642580	     -1.29171763	      0.15908912	      0.00073618	     -0.00006443	      0.00001195	     -0.00057705	      0.00710241	      0.74358282	      0.70629302	     11.22421029	     -1.23117150	      0.24538509	     -0.12274467	     -0.20438569	     10.64536183	     -1.17077894	      0.33906667	     -0.02877430	     -0.02267656	     11.48741926	     -1.04623813	      0.43616945	     12.53052279	     -0.88054921	      0.53497414	     14.03592950	     -0.64867155	      0.63569872	      6.76976278	      0.31016608	      0.00679544	      0.50420646	     -0.89157014	     -0.01713840	     -0.04168932	     -1.22137456	     -0.09216203	      0.19801341	      0.31259266	      0.00358775	     -0.00256250	      0.01999298	     -0.03276999	      0.01294930	     -0.07640034
      0.98137500	      2.90549696	    -35.15379345	      0.36540464	      3.19825845	    597.85239546	    -11.60526683	     -3.53566269	     -0.06879140	     -0.11806949	     -2.74877896	     -0.69990152	     -0.03879963	      1.48623264	     -0.03123210	      0.99576750	     -0.03217831	     14.34613715	     -1.31653177	      0.37965624	      0.00073263	     -0.00006030	      0.00001284	     -0.00054561	      0.00709476	      0.73833421	      0.71603987	     11.32373528	     -1.21992342	      0.44802274	     -0.12317937	     -0.20474475	     10.76648734	     -1.12147622	      0.53578223	     -0.02825311	     -0.02359193	     11.62677646	     -0.97147725	      0.63363370	     12.68531908	     -0.79255918	      0.73389836	     14.20735796	     -0.55402365	      0.83869314	      6.81385892	      0.84650323	      0.02980808	      0.66652323	     -1.04116102	     -0.12223095	      0.01368175	     -1.18579461	     -0.09331724	      0.16114811	      0.32708778	     -0.00199476	     -0.00185443	      0.00838130	     -0.04356575	      0.01271393	     -0.07854105
      0.99989300	      2.75114553	    -34.74352166	      0.40675559	      0.90831485	    596.95337890	    -12.95544209	     -3.52606429	     -0.09860270	     -0.11251788	     -2.48129831	     -0.74853152	     -0.06122073	      1.52913657	     -0.03118952	      0.90363451	     -0.03217049	     14.43676417	     -1.32343865	      0.64323860	      0.00073053	     -0.00005620	      0.00001388	     -0.00053203	      0.00708471	      0.73122610	      0.72568748	     11.42271756	     -1.17806181	      0.68803356	     -0.12280558	     -0.20434199	     10.87054160	     -1.02716082	      0.76851918	     -0.02759106	     -0.02455596	     11.73206374	     -0.83872105	      0.86821700	     12.79052844	     -0.63496824	      0.97146892	     14.31223746	     -0.37754862	      1.08308117	      6.82710442	      1.40722072	      0.05302112	      0.72147602	     -1.03198123	     -0.18445722	      0.07467632	     -1.15318669	     -0.09559306	      0.16679097	      0.34148498	     -0.00395912	     -0.00149343	      0.00697249	     -0.05010707	      0.01204895	     -0.08090650
      1.01841100	      2.65540993	    -34.30003292	      0.45409519	     -1.45028332	    595.94994441	    -13.24250562	     -3.49794595	     -0.12610691	     -0.10262159	     -2.25876767	     -0.77056683	     -0.07629796	      1.55752122	     -0.03114915	      0.81441819	     -0.03214043	     14.54815284	     -1.35290131	      0.91639309	      0.00072999	     -0.00005210	      0.00001495	     -0.00053531	      0.00707435	      0.72328754	      0.73368504	     11.53059411	     -1.15097293	      0.93445663	     -0.12156520	     -0.20308073	     10.96827573	     -0.93892560	      1.00677331	     -0.02685748	     -0.02542402	     11.81641644	     -0.70400535	      1.10872885	     12.86177801	     -0.46779147	      1.21564843	     14.36917733	     -0.18336865	      1.33544945	      6.81143745	      1.93755549	      0.07444721	      0.69738175	     -0.93380700	     -0.21069202	      0.13615037	     -1.12856354	     -0.09883130	      0.19582309	      0.35345211	     -0.00356884	     -0.00160650	      0.01134381	     -0.05249410	      0.01092914	     -0.08318398
      1.03692900	      2.65541306	    -33.81205197	      0.49481637	     -3.57837710	    595.03999282	    -12.73030888	     -3.42135490	     -0.15176807	     -0.09167512	     -2.09995582	     -0.75789020	     -0.08018157	      1.56299065	     -0.03113268	      0.73860878	     -0.03208942	     14.69751442	     -1.43364249	      1.16049915	      0.00073096	     -0.00004799	      0.00001592	     -0.00055292	      0.00706567	      0.71566307	      0.73887623	     11.66559446	     -1.17309489	      1.15149175	     -0.11936417	     -0.20097139	     11.08095958	     -0.89787298	      1.21529993	     -0.02613723	     -0.02608416	     11.90502627	     -0.61439371	      1.31917291	     12.92808248	     -0.34318548	      1.42947038	     14.41161516	     -0.02903574	      1.55722610	      6.77163619	      2.37543849	      0.09184716	      0.64114515	     -0.81514164	     -0.21213041	      0.19444745	     -1.11471336	     -0.10278915	      0.22788667	      0.36179367	     -0.00237848	     -0.00219271	      0.01690494	     -0.05207037	      0.00941431	     -0.08519070
      1.05544700	      2.75379986	    -33.28278623	      0.51175542	     -5.25000459	    594.39249071	    -11.73240079	     -3.27638557	     -0.17285468	     -0.08144759	     -2.01610468	     -0.70968695	     -0.07116375	      1.54032853	     -0.03115544	      0.68423337	     -0.03202108	     14.89342579	     -1.56997707	      1.33742074	      0.00073321	     -0.00004384	      0.00001665	     -0.00058072	      0.00706044	      0.70941988	      0.74063808	     11.83833984	     -1.25442615	      1.30357447	     -0.11615949	     -0.19815316	     11.22311059	     -0.92052238	      1.35905275	     -0.02551644	     -0.02646627	     12.01680998	     -0.59226026	      1.46384795	     13.01247458	     -0.28862518	      1.57638398	     14.46721791	      0.05261622	      1.71044862	      6.71572699	      2.66163656	      0.10306127	      0.59071125	     -0.71838874	     -0.19853463	      0.24672517	     -1.11230657	     -0.10719766	      0.24996293	      0.36629073	     -0.00148633	     -0.00315133	      0.02079857	     -0.05029186	      0.00763743	     -0.08685458
      1.07396500	      2.92093134	    -32.74496766	      0.48852543	     -6.32368743	    594.12647171	    -10.55652574	     -3.06058459	     -0.18539773	     -0.07119774	     -2.01234714	     -0.63265552	     -0.04994058	      1.48957469	     -0.03122341	      0.65657287	     -0.03194143	     15.12627340	     -1.74269685	      1.41521257	      0.00073637	     -0.00003965	      0.00001701	     -0.00061340	      0.00705995	      0.70534816	      0.73889659	     12.04227424	     -1.38108654	      1.36086461	     -0.11205970	     -0.19490736	     11.39264658	     -0.99890815	      1.40863460	     -0.02506511	     -0.02654175	     12.15420440	     -0.63485905	      1.51287365	     13.12145806	     -0.30589682	      1.62588600	     14.54689918	      0.05518637	      1.76356791	      6.65428926	      2.75052513	      0.10638027	      0.56340496	     -0.65778479	     -0.17635586	      0.29064602	     -1.12037744	     -0.11180103	      0.25842105	      0.36739188	     -0.00130244	     -0.00432215	      0.02220051	     -0.04805817	      0.00577704	     -0.08818031
      1.09248300	      3.10723383	    -32.26325767	      0.41529177	     -6.72968710	    594.29657989	     -9.46394805	     -2.79240082	     -0.18694758	     -0.05778825	     -2.08933905	     -0.53896200	     -0.01908807	      1.41700773	     -0.03133225	      0.65825125	     -0.03185807	     15.36797075	     -1.91793348	      1.37367789	      0.00073993	     -0.00003546	      0.00001690	     -0.00064517	      0.00706469	      0.70381319	      0.73404187	     12.25339086	     -1.52390721	      1.30475700	     -0.10738446	     -0.19163697	     11.57052372	     -1.10885686	      1.34582064	     -0.02482225	     -0.02631832	     12.30274295	     -0.72226139	      1.44774962	     13.24455961	     -0.37866768	      1.55911602	     14.64433695	     -0.00845358	      1.69708439	      6.59880737	      2.61833864	      0.10084758	      0.55876582	     -0.62812020	     -0.14913234	      0.32440707	     -1.13685655	     -0.11635348	      0.25662941	      0.36587596	     -0.00170050	     -0.00552371	      0.02172833	     -0.04566619	      0.00402310	     -0.08921094
      1.11100100	      3.25911939	    -31.92197993	      0.29263310	     -6.45262601	    594.88608207	     -8.63990861	     -2.50894607	     -0.17841655	     -0.03686191	     -2.24357955	     -0.44255438	      0.01776459	      1.33445292	     -0.03146838	      0.68930914	     -0.03177885	     15.57962240	     -2.05831256	      1.20837932	      0.00074336	     -0.00003135	      0.00001623	     -0.00067075	      0.00707423	      0.70470266	      0.72679121	     12.43749643	     -1.64921135	      1.13187431	     -0.10264206	     -0.18879553	     11.72758835	     -1.22041609	      1.16755712	     -0.02478888	     -0.02583363	     12.43761967	     -0.82747612	      1.26535683	     13.36069335	     -0.48232265	      1.37284730	     14.74217119	     -0.11574358	      1.50751097	      6.55953051	      2.26699883	      0.08642834	      0.56774146	     -0.61537740	     -0.11875529	      0.34689346	     -1.15893013	     -0.12057462	      0.25098752	      0.36258906	     -0.00231524	     -0.00658175	      0.02061621	     -0.04311126	      0.00254636	     -0.08999258
      1.12951900	      3.33279027	    -31.80165989	      0.13243323	     -5.51955786	    595.80941255	     -8.17208554	     -2.25840453	     -0.16387363	     -0.00453910	     -2.46591993	     -0.35529765	      0.05662133	      1.25691032	     -0.03161183	      0.74705800	     -0.03171077	     15.72354430	     -2.13266251	      0.93202982	      0.00074617	     -0.00002749	      0.00001503	     -0.00068643	      0.00708716	      0.70748427	      0.71805144	     12.56128992	     -1.72814382	      0.85543661	     -0.09842680	     -0.18677980	     11.83473475	     -1.30685752	      0.88731201	     -0.02493149	     -0.02515002	     12.53312323	     -0.92522078	      0.97927738	     13.44701323	     -0.59256617	      1.08075798	     14.82031808	     -0.24294390	      1.20857252	      6.54323269	      1.72339013	      0.06403575	      0.58111404	     -0.60560263	     -0.08677953	      0.35777996	     -1.18328413	     -0.12410453	      0.24734256	      0.35828638	     -0.00280352	     -0.00734923	      0.02000604	     -0.04039965	      0.00147300	     -0.09055023
      1.14803700	      3.30273309	    -31.95208239	     -0.04425401	     -3.99540315	    596.92585365	     -8.04012531	     -2.08896041	     -0.14837672	      0.04096129	     -2.73918694	     -0.28431511	      0.09363477	      1.19908370	     -0.03174023	      0.82580260	     -0.03165940	     15.77521149	     -2.12250503	      0.57284113	      0.00074802	     -0.00002414	      0.00001345	     -0.00069084	      0.00710134	      0.71135958	      0.70881384	     12.60309863	     -1.74289989	      0.50359995	     -0.09527023	     -0.18582944	     11.87248182	     -1.35070984	      0.53337969	     -0.02519453	     -0.02435029	     12.57127229	     -0.99787208	      0.61804685	     13.48676456	     -0.69136477	      0.71161478	     14.86307899	     -0.37116490	      0.82929909	      6.55126896	      1.03478855	      0.03541992	      0.59400266	     -0.59106854	     -0.05535460	      0.35753207	     -1.20644781	     -0.12651491	      0.24864165	      0.35355402	     -0.00298973	     -0.00772286	      0.02048026	     -0.03769167	      0.00086186	     -0.09088125
      1.16655500	      3.16357416	    -32.37117698	     -0.21180588	     -1.98397617	    598.06374433	     -8.12384533	     -2.03686457	     -0.13497813	      0.09818757	     -3.03667165	     -0.23159404	      0.12537064	      1.17174770	     -0.03183319	      0.91668774	     -0.03162883	     15.73095955	     -2.02465928	      0.16984360	      0.00074879	     -0.00002169	      0.00001179	     -0.00068533	      0.00711428	      0.71547719	      0.70009384	     12.55962283	     -1.68924154	      0.11479338	     -0.09349155	     -0.18597504	     11.83686130	     -1.34625358	      0.14419249	     -0.02551802	     -0.02353359	     12.54701667	     -1.03804064	      0.22041741	     13.47390391	     -0.76966709	      0.30447923	     14.86321570	     -0.48932510	      0.40916033	      6.57856348	      0.26133047	      0.00292420	      0.60628386	     -0.57301258	     -0.02754323	      0.34735914	     -1.22532887	     -0.12738537	      0.25412741	      0.34878280	     -0.00288961	     -0.00765741	      0.02189162	     -0.03526578	      0.00068911	     -0.09096672
      1.18507300	      2.92579602	    -32.99785356	     -0.34573011	      0.36923653	    599.05182405	     -8.23435408	     -2.11676324	     -0.12247392	      0.16212533	     -3.32310747	     -0.19596794	      0.14875578	      1.17899386	     -0.03187621	      1.00798205	     -0.03162208	     15.60869664	     -1.84993447	     -0.23382969	      0.00074861	     -0.00002053	      0.00001047	     -0.00067359	      0.00712363	      0.71914814	      0.69290107	     12.44642988	     -1.57526371	     -0.26894951	     -0.09309709	     -0.18705418	     11.73985287	     -1.29841148	     -0.23834182	     -0.02585473	     -0.02280931	     12.46867386	     -1.04764740	     -0.17131776	     13.41353443	     -0.82670562	     -0.09797521	     14.82241426	     -0.59374342	     -0.00862584	      6.61420515	     -0.53253263	     -0.03083180	      0.62028702	     -0.56009292	     -0.00688887	      0.32914598	     -1.23773769	     -0.12640430	      0.26014881	      0.34420005	     -0.00264461	     -0.00717354	      0.02351738	     -0.03339243	      0.00085275	     -0.09079328
      1.20359100	      2.60786702	    -33.72266894	     -0.42763302	      2.87667272	    599.75102878	     -8.16335241	     -2.31746593	     -0.10505957	      0.22492710	     -3.55874334	     -0.17635768	      0.16093640	      1.21724553	     -0.03186319	      1.08606427	     -0.03164159	     15.44149709	     -1.61871262	     -0.59766105	      0.00074779	     -0.00002100	      0.00000991	     -0.00066071	      0.00712763	      0.72199272	      0.68820061	     12.29224837	     -1.41714818	     -0.60864246	     -0.09377392	     -0.18878984	     11.60458112	     -1.21869553	     -0.57544788	     -0.02618035	     -0.02228665	     12.35396229	     -1.03407202	     -0.51789392	     13.31864693	     -0.86635105	     -0.45597147	     14.74875476	     -0.68471956	     -0.38352176	      6.64393356	     -1.28468854	     -0.06322815	      0.63762302	     -0.56285249	      0.00367623	      0.30528589	     -1.24257747	     -0.12345809	      0.26226550	      0.33997401	     -0.00241637	     -0.00635384	      0.02448049	     -0.03222205	      0.00120525	     -0.09037531
      1.22210900	      2.22860995	    -34.41352389	     -0.44837101	      5.31335201	    600.07800481	     -7.73854156	     -2.60497370	     -0.07412095	      0.27760489	     -3.70576321	     -0.17469431	      0.15932030	      1.27644263	     -0.03179681	      1.13719105	     -0.03168929	     15.26695855	     -1.35526473	     -0.88879214	      0.00074673	     -0.00002327	      0.00001039	     -0.00065181	      0.00712550	      0.72395814	      0.68682451	     12.12972189	     -1.23369850	     -0.87331288	     -0.09499199	     -0.19090228	     11.45767293	     -1.11996225	     -0.83638597	     -0.02649223	     -0.02205870	     12.22379767	     -1.00509332	     -0.78791393	     13.20513608	     -0.89221331	     -0.73737280	     14.65295594	     -0.76178013	     -0.68229138	      6.65412099	     -1.93860431	     -0.09181047	      0.65680860	     -0.58690467	      0.00301310	      0.27840401	     -1.23965985	     -0.11868789	      0.25768622	      0.33634727	     -0.00229578	     -0.00532761	      0.02423718	     -0.03174534	      0.00160448	     -0.08976824
      1.24062700	      1.80348959	    -34.94791856	     -0.40928186	      7.43017221	    600.01425128	     -6.87066955	     -2.93186587	     -0.02146482	      0.31214064	     -3.73551504	     -0.19709345	      0.14196587	      1.34302214	     -0.03168704	      1.14990474	     -0.03176599	     15.11677440	     -1.08311842	     -1.08497481	      0.00074585	     -0.00002721	      0.00001194	     -0.00065078	      0.00711750	      0.72519771	      0.68931589	     11.98656618	     -1.04202383	     -1.04284607	     -0.09618376	     -0.19321086	     11.32216796	     -1.01241987	     -1.00124621	     -0.02679679	     -0.02218224	     12.09676293	     -0.96515289	     -0.96061383	     13.08759143	     -0.90410799	     -0.92039766	     14.54548420	     -0.82032054	     -0.88165312	      6.63608105	     -2.44415387	     -0.11437480	      0.67282296	     -0.62898020	     -0.00771178	      0.25114006	     -1.22947221	     -0.11250827	      0.24674066	      0.33369667	     -0.00226643	     -0.00425242	      0.02285942	     -0.03182176	      0.00195508	     -0.08906788
      1.25914500	      1.34648855	    -35.24166909	     -0.32147135	      8.98082414	    599.60108329	     -5.58004298	     -3.24966548	      0.05720443	      0.32331645	     -3.63484415	     -0.25237184	      0.10833777	      1.40362431	     -0.03154849	      1.11769516	     -0.03187025	     15.01005204	     -0.82288802	     -1.17566438	      0.00074544	     -0.00003240	      0.00001435	     -0.00065934	      0.00710478	      0.72587501	      0.69573435	     11.88011120	     -0.85590803	     -1.10890973	     -0.09693604	     -0.19568259	     11.21338668	     -0.90256598	     -1.06185710	     -0.02709213	     -0.02265807	     11.98615791	     -0.91475404	     -1.02683057	     12.97735159	     -0.89781536	     -0.99464611	     14.43560707	     -0.85169619	     -0.96939168	      6.58907130	     -2.75824743	     -0.12904336	      0.67894642	     -0.67823959	     -0.02545557	      0.22611597	     -1.21318920	     -0.10560414	      0.23261465	      0.33245087	     -0.00223090	     -0.00329834	      0.02096083	     -0.03223870	      0.00221640	     -0.08839600
      1.27766300	      0.87603789	    -35.26582213	     -0.20314653	      9.76172304	    598.92470912	     -3.99576318	     -3.51981184	      0.15974762	      0.30967118	     -3.40992825	     -0.34815515	      0.06018532	      1.44819911	     -0.03139755	      1.04120585	     -0.03199741	     14.95167199	     -0.59225684	     -1.16156950	      0.00074563	     -0.00003817	      0.00001714	     -0.00067682	      0.00708914	      0.72600460	      0.70550898	     11.81613997	     -0.68658000	     -1.07427063	     -0.09712164	     -0.19840365	     11.13826668	     -0.79480147	     -1.02112456	     -0.02735579	     -0.02342117	     11.89979326	     -0.85277316	     -0.98849816	     12.88270071	     -0.86793843	     -0.96077896	     14.33199270	     -0.84660214	     -0.94428926	      6.52065541	     -2.84721905	     -0.13438699	      0.67015871	     -0.72176868	     -0.04635416	      0.20595901	     -1.19285289	     -0.09890709	      0.21960695	      0.33290066	     -0.00207871	     -0.00263233	      0.01933735	     -0.03277611	      0.00237716	     -0.08787567
      1.29618100	      0.42119096	    -35.04746394	     -0.07559453	      9.65386035	    598.09573124	     -2.32687137	     -3.71968294	      0.27678378	      0.27329761	     -3.08653625	     -0.48612619	      0.00210515	      1.47151271	     -0.03125032	      0.92912332	     -0.03213907	     14.93502648	     -0.40667479	     -1.05302744	      0.00074639	     -0.00004375	      0.00001970	     -0.00070053	      0.00707266	      0.72542705	      0.71744150	     11.79122499	     -0.54425644	     -0.95092729	     -0.09692214	     -0.20148613	     11.09721537	     -0.69389586	     -0.89121805	     -0.02754585	     -0.02434942	     11.84143737	     -0.77970437	     -0.85705305	     12.81000145	     -0.81177253	     -0.82919183	     14.24353811	     -0.79955723	     -0.81516652	      6.44407567	     -2.69171671	     -0.12960900	      0.64638981	     -0.75076595	     -0.06688778	      0.19310122	     -1.17136284	     -0.09351146	      0.21095176	      0.33502243	     -0.00176086	     -0.00239600	      0.01854610	     -0.03327083	      0.00242218	     -0.08760215
      1.31469900	      0.02406914	    -34.65542989	      0.04097469	      8.65128534	    597.22694369	     -0.81088830	     -3.84255956	      0.39275222	      0.21867390	     -2.70640408	     -0.65856541	     -0.05868291	      1.47283104	     -0.03112201	      0.79717662	     -0.03228325	     14.94735925	     -0.27934855	     -0.86768801	      0.00074758	     -0.00004836	      0.00002146	     -0.00072659	      0.00705732	      0.72393922	      0.72990347	     11.79689290	     -0.43875501	     -0.75760759	     -0.09674275	     -0.20495393	     11.08693029	     -0.60630711	     -0.69112670	     -0.02761610	     -0.02529213	     11.81246474	     -0.69959702	     -0.65120107	     12.76439460	     -0.73175943	     -0.61805760	     14.17913638	     -0.71188649	     -0.59930369	      6.37352374	     -2.29316043	     -0.11476190	      0.61371343	     -0.76384320	     -0.08467859	      0.18923372	     -1.15197444	     -0.09048710	      0.20743417	      0.33844052	     -0.00133255	     -0.00267426	      0.01866002	     -0.03366708	      0.00232186	     -0.08761740
      1.33321700	     -0.26365868	    -34.17684299	      0.13022738	      6.86654368	    596.41400324	      0.34696536	     -3.89319099	      0.48847570	      0.15113148	     -2.32021768	     -0.84777686	     -0.11351375	      1.45434777	     -0.03102513	      0.66532504	     -0.03241540	     14.97564651	     -0.21992474	     -0.62821043	      0.00074897	     -0.00005144	      0.00002199	     -0.00075096	      0.00704474	      0.72150438	      0.74116817	     11.82392133	     -0.37842954	     -0.51735833	     -0.09706500	     -0.20866016	     11.10290893	     -0.53943371	     -0.44427420	     -0.02753798	     -0.02610791	     11.81279437	     -0.61960408	     -0.39466142	     12.74945734	     -0.63530602	     -0.35126628	     14.14607727	     -0.59183145	     -0.32066055	      6.31924283	     -1.67961531	     -0.09093887	      0.58253584	     -0.76600347	     -0.09866029	      0.19465554	     -1.13737588	     -0.09059696	      0.20748710	      0.34256993	     -0.00093916	     -0.00346249	      0.01931005	     -0.03402408	      0.00205592	     -0.08789914
      1.35173500	     -0.39024475	    -33.69306984	      0.18037463	      4.51214816	    595.72346936	      1.02431699	     -3.88194800	      0.54495007	      0.07566462	     -1.97873460	     -1.02873388	     -0.15402018	      1.41932356	     -0.03096963	      0.55388058	     -0.03252020	     15.01123296	     -0.23230619	     -0.36054207	      0.00075037	     -0.00005272	      0.00002115	     -0.00077044	      0.00703602	      0.71841396	      0.74974592	     11.86555168	     -0.36791635	     -0.25579412	     -0.09829319	     -0.21227445	     11.14107860	     -0.49930805	     -0.17674220	     -0.02731777	     -0.02669547	     11.84112157	     -0.54763969	     -0.11440063	     12.76629507	     -0.53243003	     -0.05671882	     14.14802138	     -0.45218727	     -0.00827396	      6.28470310	     -0.90844834	     -0.06036359	      0.56348254	     -0.76467555	     -0.10872665	      0.20793860	     -1.12884676	     -0.09401191	      0.20850815	      0.34685293	     -0.00075111	     -0.00464915	      0.01994526	     -0.03446345	      0.00165222	     -0.08837050
      1.37025300	     -0.31770094	    -33.26305563	      0.18377342	      1.86423933	    595.19065168	      1.20452948	     -3.82018958	      0.54826010	     -0.00344383	     -1.72434711	     -1.17439572	     -0.17392270	      1.37082183	     -0.03096238	      0.47965039	     -0.03258385	     15.05199922	     -0.31267994	     -0.09252391	      0.00075164	     -0.00005232	      0.00001911	     -0.00078317	      0.00703170	      0.71529981	      0.75461610	     11.91895480	     -0.40594756	      0.00025101	     -0.10063095	     -0.21534884	     11.19849757	     -0.48813869	      0.08413794	     -0.02700067	     -0.02700582	     11.89493321	     -0.48964584	      0.16087567	     12.81299588	     -0.43276982	      0.23527039	     14.18390486	     -0.30700643	      0.30544150	      6.26714384	     -0.06334948	     -0.02629365	      0.56301776	     -0.76556466	     -0.11519378	      0.22612169	     -1.12609411	     -0.10017374	      0.20845702	      0.35092396	     -0.00088321	     -0.00602786	      0.02013264	     -0.03507832	      0.00120505	     -0.08892508
      1.38877100	     -0.03665242	    -32.91806012	      0.13724915	     -0.78194450	    594.82594587	      0.96766402	     -3.71830010	      0.49483536	     -0.08216362	     -1.58502789	     -1.26253855	     -0.17053752	      1.31145381	     -0.03100599	      0.45306482	     -0.03259633	     15.10168692	     -0.44881182	      0.14809245	      0.00075271	     -0.00005064	      0.00001632	     -0.00078883	      0.00703174	      0.71298161	      0.75533412	     11.98481326	     -0.48443510	      0.22459295	     -0.10400611	     -0.21744141	     11.27322537	     -0.50304317	      0.31172689	     -0.02666071	     -0.02703688	     11.97060006	     -0.44790707	      0.40284860	     12.88489459	     -0.34345277	      0.49432167	     14.24836355	     -0.16890212	      0.58733621	      6.26083317	      0.75543050	      0.00732040	      0.58094579	     -0.77043750	     -0.11836520	      0.24530153	     -1.12792502	     -0.10790991	      0.20680795	      0.35458957	     -0.00134144	     -0.00733906	      0.01973796	     -0.03585474	      0.00085188	     -0.08945348
      1.40728900	      0.42357066	    -32.66655682	      0.04338306	     -3.15607563	    594.62453202	      0.45996058	     -3.58639061	      0.39495338	     -0.15592933	     -1.57152770	     -1.28205979	     -0.14556731	      1.24393088	     -0.03109747	      0.47682256	     -0.03255317	     15.16692531	     -0.62119158	      0.33679261	      0.00075357	     -0.00004830	      0.00001334	     -0.00078836	      0.00703563	      0.71222199	      0.75204791	     12.06535592	     -0.58936893	      0.39467153	     -0.10805864	     -0.21825823	     11.36343082	     -0.53649879	      0.48312703	     -0.02638179	     -0.02682026	     12.06336712	     -0.42095158	      0.58688183	     12.97525650	     -0.26839386	      0.69360803	     14.33307000	     -0.04758355	      0.80758313	      6.26080972	      1.44648995	      0.03640235	      0.61070509	     -0.77729797	     -0.11832844	      0.26136086	     -1.13329646	     -0.11575210	      0.20451092	      0.35766305	     -0.00201953	     -0.00832612	      0.01893396	     -0.03664734	      0.00072174	     -0.08985916
      1.42580700	      0.99589771	    -32.50476056	     -0.08850129	     -5.04845350	    594.57344866	     -0.14366442	     -3.43643552	      0.27190033	     -0.21925092	     -1.67793944	     -1.23619620	     -0.10465112	      1.17187718	     -0.03122759	      0.54613973	     -0.03245621	     15.25307684	     -0.80599068	      0.45614536	      0.00075424	     -0.00004594	      0.00001077	     -0.00078349	      0.00704243	      0.71349831	      0.74545265	     12.16150735	     -0.70333645	      0.49516254	     -0.11220998	     -0.21776269	     11.46587977	     -0.57821735	      0.58286157	     -0.02623727	     -0.02641028	     12.16692628	     -0.40472252	      0.69597407	     13.07568742	     -0.20875006	      0.81417132	     14.42791799	      0.05054659	      0.94449338	      6.26491374	      1.92482857	      0.05742927	      0.64185101	     -0.78207770	     -0.11497945	      0.27066089	     -1.14201464	     -0.12228849	      0.20325541	      0.35981615	     -0.00273743	     -0.00878675	      0.01808368	     -0.03721664	      0.00088892	     -0.09006195
      1.44432500	      1.58963822	    -32.42785695	     -0.24261653	     -6.33031199	    594.65332463	     -0.67437629	     -3.28418254	      0.15596169	     -0.26610279	     -1.88527818	     -1.14103330	     -0.05567360	      1.10041066	     -0.03138133	      0.65038835	     -0.03231308	     15.36028062	     -0.97919936	      0.49902794	      0.00075473	     -0.00004416	      0.00000909	     -0.00077617	      0.00705089	      0.71686770	      0.73667630	     12.27010950	     -0.80898148	      0.52092590	     -0.11581367	     -0.21620343	     11.57431215	     -0.61777602	      0.60585922	     -0.02627307	     -0.02587763	     12.27270754	     -0.39442247	      0.72398681	     13.17611024	     -0.16404627	      0.84847321	     14.52161306	      0.12204793	      0.98851595	      6.27338402	      2.13692624	      0.06804760	      0.66344646	     -0.78062191	     -0.10819256	      0.27059867	     -1.15458589	     -0.12640440	      0.20459140	      0.36060253	     -0.00329878	     -0.00860591	      0.01758267	     -0.03730589	      0.00135781	     -0.08999721
      1.46284300	      2.11286804	    -32.43772153	     -0.39833616	     -6.95707128	    594.83668912	     -0.99557857	     -3.14940495	      0.07550099	     -0.29092924	     -2.16695349	     -1.02001708	     -0.00664652	      1.03615947	     -0.03153986	      0.77564920	     -0.03213571	     15.48119259	     -1.12092762	      0.46988592	      0.00075502	     -0.00004335	      0.00000864	     -0.00076807	      0.00705961	      0.72194419	      0.72708100	     12.38242895	     -0.89250168	      0.47799624	     -0.11834050	     -0.21404023	     11.67865273	     -0.64725698	      0.55843973	     -0.02649651	     -0.02530312	     12.36962880	     -0.38644201	      0.67678737	     13.26489615	     -0.13353754	      0.80175030	     14.60212501	      0.16561070	      0.94389452	      6.28686320	      2.06947743	      0.06746647	      0.66716410	     -0.77011716	     -0.09804543	      0.25995635	     -1.17126287	     -0.12737634	      0.20934067	      0.35967947	     -0.00354527	     -0.00776489	      0.01772555	     -0.03672576	      0.00208209	     -0.08961997
      1.48136100	      2.49428972	    -32.54415248	     -0.53313671	     -6.95965807	    595.08670591	     -1.01654070	     -3.05370218	      0.04897173	     -0.28990878	     -2.49435774	     -0.89703966	      0.03592664	      0.98651178	     -0.03168355	      0.90748651	     -0.03193838	     15.60156125	     -1.21884634	      0.38340016	      0.00075507	     -0.00004369	      0.00000953	     -0.00076029	      0.00706732	      0.72797077	      0.71800199	     12.48493437	     -0.94632429	      0.38204980	     -0.11952112	     -0.21179653	     11.76592521	     -0.66320601	      0.45674099	     -0.02687253	     -0.02476706	     12.44509791	     -0.37982113	      0.57072281	     13.32989850	     -0.11736493	      0.69055408	     14.65772110	      0.18107899	      0.82731231	      6.30433957	      1.74987409	      0.05653674	      0.64925602	     -0.74969944	     -0.08503941	      0.23902278	     -1.19089803	     -0.12486139	      0.21744576	      0.35709190	     -0.00339462	     -0.00632977	      0.01862718	     -0.03541854	      0.00300177	     -0.08891453
      1.49987900	      2.69718075	    -32.75941866	     -0.62672649	     -6.43002274	    595.35850051	     -0.69436547	     -3.01610977	      0.08074107	     -0.26214443	     -2.84112729	     -0.79085497	      0.06791843	      0.95815632	     -0.03179536	      1.03326133	     -0.03173565	     15.70362389	     -1.26999048	      0.26080700	      0.00075486	     -0.00004513	      0.00001165	     -0.00075337	      0.00707307	      0.73396332	      0.71049355	     12.56234883	     -0.97032508	      0.25462887	     -0.11939086	     -0.20990650	     11.82293433	     -0.66739742	      0.32287812	     -0.02732920	     -0.02433566	     12.48739387	     -0.37680410	      0.42871527	     13.36057580	     -0.11709932	      0.53876955	     14.67883686	      0.16873345	      0.66382274	      6.32231683	      1.23899074	      0.03751769	      0.61105577	     -0.72048263	     -0.07025950	      0.20950522	     -1.21043997	     -0.11884948	      0.22814026	      0.35341403	     -0.00285844	     -0.00443065	      0.02019954	     -0.03348582	      0.00407446	     -0.08790080
      1.51839700	      2.72163307	    -33.08924897	     -0.66555669	     -5.50472211	    595.60296016	     -0.03138374	     -3.04792165	      0.16167546	     -0.21038105	     -3.18542534	     -0.71276120	      0.08771334	      0.95531731	     -0.03186382	      1.14352579	     -0.03154054	     15.77087237	     -1.28042450	      0.12471152	      0.00075436	     -0.00004737	      0.00001473	     -0.00074745	      0.00707631	      0.73890704	      0.70516669	     12.60175240	     -0.97121668	      0.11797346	     -0.11823172	     -0.20862423	     11.83974045	     -0.66612053	      0.17969323	     -0.02777339	     -0.02404974	     12.48865897	     -0.38223247	      0.27485633	     13.35060532	     -0.13540032	      0.37202131	     14.66035293	      0.12917107	      0.48101875	      6.33575037	      0.61878963	      0.01361378	      0.55817291	     -0.68535414	     -0.05541445	      0.17428613	     -1.22556105	     -0.10964018	      0.24023566	      0.34962738	     -0.00204085	     -0.00224362	      0.02217311	     -0.03117747	      0.00528283	     -0.08663092
      1.53691500	      2.59585429	    -33.52497434	     -0.64652298	     -4.34861615	    595.77254286	      0.92461039	     -3.14879675	      0.27368206	     -0.14088915	     -3.51010791	     -0.66765727	      0.09568835	      0.97831555	     -0.03188453	      1.23236664	     -0.03136345	     15.79203512	     -1.26271272	     -0.00626669	      0.00075362	     -0.00004992	      0.00001830	     -0.00074248	      0.00707693	      0.74197560	      0.70216715	     12.59590191	     -0.96012510	     -0.01019863	     -0.11644743	     -0.20801800	     11.81240851	     -0.66803951	      0.04546008	     -0.02811441	     -0.02392025	     12.44723500	     -0.40180976	      0.12890474	     13.29991831	     -0.17476883	      0.21191863	     14.60339123	      0.06390590	      0.30294994	      6.34035333	     -0.02214141	     -0.01160304	      0.49883744	     -0.64863174	     -0.04272717	      0.13714182	     -1.23220215	     -0.09787049	      0.25239463	      0.34677942	     -0.00111788	      0.00002179	      0.02415396	     -0.02884927	      0.00661289	     -0.08518239
      1.55543300	      2.36218553	    -34.04068354	     -0.57851864	     -3.13797785	    595.82882294	      2.07792401	     -3.30599067	      0.39593422	     -0.06245599	     -3.80129121	     -0.65640771	      0.09339975	      1.02308913	     -0.03186010	      1.29693137	     -0.03121195	     15.76271691	     -1.23191577	     -0.12112942	      0.00075268	     -0.00005217	      0.00002183	     -0.00073817	      0.00707508	      0.74271929	      0.70127585	     12.54439378	     -0.94903617	     -0.12010193	     -0.11442932	     -0.20802297	     11.74381461	     -0.68123160	     -0.06957170	     -0.02828829	     -0.02393188	     12.36824452	     -0.43974540	      0.00262019	     13.21514513	     -0.23578873	      0.07212333	     14.51568849	     -0.02356167	      0.14583007	      6.33501612	     -0.60202116	     -0.03475774	      0.44200269	     -0.61546718	     -0.03463994	      0.10246874	     -1.22826767	     -0.08457677	      0.26335319	      0.34559154	     -0.00029957	      0.00213500	      0.02570712	     -0.02689840	      0.00801393	     -0.08365745
      1.57395100	      2.06483982	    -34.59656283	     -0.48051581	     -2.04049189	    595.75023711	      3.28944381	     -3.49730931	      0.51004972	      0.01522635	     -4.04656373	     -0.67726024	      0.08292998	      1.08200336	     -0.03179848	      1.33659228	     -0.03109133	     15.68460387	     -1.20149748	     -0.21680167	      0.00075159	     -0.00005351	      0.00002473	     -0.00073399	      0.00707107	      0.74115525	      0.70206970	     12.45251327	     -0.94735060	     -0.20993437	     -0.11246665	     -0.20850908	     11.64225634	     -0.71047657	     -0.16324604	     -0.02827316	     -0.02405223	     12.26206944	     -0.49669729	     -0.10048773	     13.10803876	     -0.31563435	     -0.04214124	     14.41002054	     -0.12683030	      0.01720820	      6.32281314	     -1.05558904	     -0.05310218	      0.39573698	     -0.59096187	     -0.03329760	      0.07488688	     -1.21465276	     -0.07123318	      0.27208631	      0.34620046	      0.00021723	      0.00386260	      0.02645124	     -0.02568475	      0.00936349	     -0.08218634
      1.59246900	      1.74311342	    -35.14672135	     -0.37613306	     -1.19212305	    595.53754072	      4.39653768	     -3.69674490	      0.60259040	      0.08329588	     -4.23416729	     -0.72579541	      0.06658960	      1.14572374	     -0.03171077	      1.35218573	     -0.03100526	     15.56336566	     -1.18047549	     -0.29512795	      0.00075037	     -0.00005341	      0.00002651	     -0.00072921	      0.00706530	      0.73771872	      0.70407543	     12.32874413	     -0.95972365	     -0.28266470	     -0.11072433	     -0.20933583	     11.51865269	     -0.75582037	     -0.23829992	     -0.02808915	     -0.02424257	     12.14134479	     -0.56891946	     -0.18210622	     12.99234803	     -0.40766118	     -0.13123617	     14.30099683	     -0.23658277	     -0.08146236	      6.30981928	     -1.33922573	     -0.06475995	      0.36613270	     -0.57924964	     -0.03990060	      0.05859855	     -1.19512906	     -0.05966835	      0.27789062	      0.34814218	      0.00029319	      0.00499339	      0.02613934	     -0.02544773	      0.01046350	     -0.08092238
      1.61098700	      1.42944804	    -35.64843746	     -0.28656976	     -0.67499276	    595.21583908	      5.24757410	     -3.88068499	      0.66509145	      0.13511892	     -4.35384722	     -0.79438645	      0.04695340	      1.20542849	     -0.03160897	      1.34560264	     -0.03095628	     15.40663042	     -1.17244313	     -0.35838237	      0.00074903	     -0.00005152	      0.00002685	     -0.00072308	      0.00705823	      0.73309409	      0.70686850	     12.18226903	     -0.98572477	     -0.34140038	     -0.10927478	     -0.21038820	     11.38360584	     -0.81287527	     -0.29775191	     -0.02778414	     -0.02446626	     12.01768464	     -0.64904482	     -0.24462945	     12.88030468	     -0.50251058	     -0.19677928	     14.20133547	     -0.34193404	     -0.15072597	      6.30229084	     -1.43280134	     -0.06882754	      0.35672521	     -0.58292015	     -0.05416016	      0.05657472	     -1.17507069	     -0.05177945	      0.28035769	      0.35058649	     -0.00012369	      0.00536963	      0.02469954	     -0.02623441	      0.01108235	     -0.08002099
      1.62950500	      1.14948247	    -36.06968040	     -0.22440442	     -0.50232156	    594.83381985	      5.74000678	     -4.03251028	      0.69292273	      0.16702809	     -4.39897953	     -0.87235573	      0.02692036	      1.25452107	     -0.03150453	      1.31974194	     -0.03094585	     15.22286390	     -1.17618468	     -0.40559334	      0.00074760	     -0.00004782	      0.00002566	     -0.00071516	      0.00705039	      0.72800271	      0.71010435	     12.02139536	     -1.02099234	     -0.38563242	     -0.10814941	     -0.21159061	     11.24537208	     -0.87449679	     -0.34117480	     -0.02741328	     -0.02469290	     11.89928272	     -0.72813534	     -0.28752589	     12.77994157	     -0.59038170	     -0.23813315	     14.11891238	     -0.43284178	     -0.18977821	      6.30373339	     -1.34003380	     -0.06539800	      0.36827152	     -0.60279922	     -0.07405806	      0.06978782	     -1.15948382	     -0.04906870	      0.27931546	      0.35272382	     -0.00098671	      0.00492000	      0.02223655	     -0.02785990	      0.01103375	     -0.07960619
      1.64802300	      0.92177308	    -36.39267003	     -0.19009462	     -0.61628062	    594.46047558	      5.84679206	     -4.14425738	      0.68422739	      0.17831609	     -4.36871289	     -0.94714645	      0.00937925	      1.28935128	     -0.03140759	      1.27858352	     -0.03097429	     15.02116161	     -1.18693949	     -0.43118182	      0.00074615	     -0.00004256	      0.00002316	     -0.00070559	      0.00704253	      0.72303542	      0.71349989	     11.85310277	     -1.05886775	     -0.40985759	     -0.10737707	     -0.21288740	     11.10913726	     -0.93274354	     -0.36333887	     -0.02702215	     -0.02489898	     11.78995124	     -0.79784343	     -0.30602295	     12.69394023	     -0.66327491	     -0.25113554	     14.05541654	     -0.50235244	     -0.19525285	      6.31343203	     -1.08780710	     -0.05552628	      0.39856990	     -0.63754175	     -0.09596132	      0.09672952	     -1.15118723	     -0.05216211	      0.27494869	      0.35411823	     -0.00215240	      0.00368445	      0.01903426	     -0.02991507	      0.01025735	     -0.07973732
      1.66654100	      0.75660427	    -36.61345485	     -0.17220964	     -0.90222763	    594.17841007	      5.62036576	     -4.21546853	      0.63960265	      0.17071882	     -4.26902790	     -1.00596888	     -0.00338396	      1.30901737	     -0.03132687	      1.22709179	     -0.03104051	     14.81124692	     -1.19734408	     -0.42618978	      0.00074484	     -0.00003628	      0.00001979	     -0.00069530	      0.00703561	      0.71857580	      0.71678942	     11.68318805	     -1.09143218	     -0.40486993	     -0.10699391	     -0.21419928	     10.97725829	     -0.97992229	     -0.35549755	     -0.02663885	     -0.02506617	     11.68941307	     -0.85137849	     -0.29233789	     12.61994833	     -0.71581155	     -0.22924980	     14.00667044	     -0.54719475	     -0.16225403	      6.32717552	     -0.72350039	     -0.04110544	      0.44203150	     -0.68234848	     -0.11497406	      0.13340116	     -1.15001264	     -0.06055287	      0.26828620	      0.35483763	     -0.00338749	      0.00181746	      0.01560941	     -0.03182451	      0.00885667	     -0.08038959
      1.68505900	      0.65465666	    -36.73934072	     -0.15149631	     -1.21751528	    594.07319170	      5.17237330	     -4.25051429	      0.56240636	      0.14770728	     -4.11223495	     -1.03735119	     -0.01006916	      1.31467691	     -0.03126954	      1.17077860	     -0.03114179	     14.60278196	     -1.19770091	     -0.38141036	      0.00074386	     -0.00002970	      0.00001618	     -0.00068574	      0.00703074	      0.71480630	      0.71968599	     11.51619301	     -1.10953942	     -0.36102630	     -0.10702898	     -0.21538970	     10.84973886	     -1.00825584	     -0.30860172	     -0.02627485	     -0.02517916	     11.59419158	     -0.88276927	     -0.23871582	     12.55177861	     -0.74408265	     -0.16636961	     13.96409396	     -0.56613442	     -0.08683864	      6.33964872	     -0.30927498	     -0.02462179	      0.48920204	     -0.72680650	     -0.12536507	      0.17391987	     -1.15339825	     -0.07272823	      0.26196209	      0.35529880	     -0.00438049	     -0.00043710	      0.01281950	     -0.03294729	      0.00707077	     -0.08145619
      1.70357700	      0.60646436	    -36.78565941	     -0.10748054	     -1.42758057	    594.21944592	      4.63427797	     -4.25576089	      0.45908149	      0.11377428	     -3.91481392	     -1.03257101	     -0.01050642	      1.30876562	     -0.03124102	      1.11489011	     -0.03127369	     14.40375397	     -1.17604707	     -0.29118864	      0.00074343	     -0.00002354	      0.00001297	     -0.00067850	      0.00702903	      0.71176300	      0.72188731	     11.35480808	     -1.10239937	     -0.27220590	     -0.10748201	     -0.21626621	     10.72457407	     -1.00883685	     -0.21715587	     -0.02593112	     -0.02522527	     11.49869642	     -0.88519409	     -0.14101162	     12.48106936	     -0.74339909	     -0.06005185	     13.91688208	     -0.55707277	      0.03121740	      6.34711895	      0.08685297	     -0.00878861	      0.52719854	     -0.75323721	     -0.12112893	      0.21177244	     -1.15797066	     -0.08660632	      0.26072912	      0.35594333	     -0.00476966	     -0.00279380	      0.01193258	     -0.03271943	      0.00519373	     -0.08277179
      1.72209500	      0.59298624	    -36.77199764	     -0.02504507	     -1.43872236	    594.66542037	      4.10839866	     -4.23726615	      0.33907283	      0.07383395	     -3.69415016	     -0.98745686	     -0.00573147	      1.29431669	     -0.03124457	      1.06337605	     -0.03143012	     14.21890797	     -1.11919759	     -0.15646474	      0.00074368	     -0.00001842	      0.00001070	     -0.00067463	      0.00703130	      0.70940365	      0.72314988	     11.19951195	     -1.05809840	     -0.13897172	     -0.10831069	     -0.21662817	     10.59852421	     -0.97151413	     -0.08224923	     -0.02560554	     -0.02519751	     11.39690670	     -0.85027508	     -0.00143153	     12.39968476	     -0.70706436	      0.08610201	     13.85506609	     -0.51525567	      0.18650603	      6.34912670	      0.40222540	      0.00390420	      0.54242339	     -0.73828503	     -0.09704496	      0.24143615	     -1.16122558	     -0.10006762	      0.27089090	      0.35694035	     -0.00421003	     -0.00498027	      0.01447705	     -0.03083663	      0.00348127	     -0.08414976
      1.74061300	      0.58806036	    -36.71743177	      0.10144126	     -1.21627391	    595.41909951	      3.62350021	     -4.19925560	      0.21413144	      0.03273825	     -3.46544452	     -0.90474014	      0.00206442	      1.27444118	     -0.03128067	      1.01802964	     -0.03160358	     14.05001561	     -1.01627637	      0.01398777	      0.00074461	     -0.00001471	      0.00000966	     -0.00067400	      0.00703790	      0.70766602	      0.72341089	     11.04989908	     -0.96680705	      0.03016213	     -0.10943590	     -0.21635556	     10.46944135	     -0.88774904	      0.08728926	     -0.02529895	     -0.02510035	     11.28550117	     -0.77064678	      0.17051137	     12.30348064	     -0.62872391	      0.26173379	     13.77387437	     -0.43541363	      0.36757746	      6.34865174	      0.59112586	      0.01165067	      0.52622640	     -0.66081018	     -0.05067198	      0.25975891	     -1.16249438	     -0.11140904	      0.29790780	      0.35806119	     -0.00249964	     -0.00678192	      0.02167980	     -0.02744117	      0.00208389	     -0.08542127
      1.75913100	      0.56433627	    -36.63508016	      0.26706895	     -0.78177554	    596.44001915	      3.11231688	     -4.14377357	      0.09690123	     -0.00522079	     -3.23996813	     -0.79602342	      0.00979784	      1.25202531	     -0.03134667	      0.97825267	     -0.03178521	     13.89904401	     -0.86539360	      0.20418688	      0.00074601	     -0.00001249	      0.00000987	     -0.00067504	      0.00704852	      0.70650534	      0.72289536	     10.90836277	     -0.82745254	      0.21944257	     -0.11075959	     -0.21550059	     10.34042602	     -0.75735530	      0.27567166	     -0.02501852	     -0.02495523	     11.16838383	     -0.64683569	      0.35882711	     12.19711310	     -0.50943419	      0.45060781	     13.67880839	     -0.31909187	      0.55785649	      6.35102676	      0.63422427	      0.01370187	      0.48199057	     -0.51680416	      0.01476994	      0.26652859	     -1.16284482	     -0.11962195	      0.34223379	      0.35876871	      0.00024964	     -0.00806526	      0.03348017	     -0.02321146	      0.00103020	     -0.08646400
      1.77764900	      0.50205781	    -36.52861274	      0.45757394	     -0.19289909	    597.64137086	      2.42650124	     -4.07181904	     -0.00094951	     -0.03682320	     -3.02520661	     -0.68167445	      0.01398980	      1.22968302	     -0.03143641	      0.94169388	     -0.03196477	     13.77237858	     -0.68085218	      0.39290428	      0.00074755	     -0.00001162	      0.00001113	     -0.00067499	      0.00706225	      0.70590510	      0.72213329	     10.78398733	     -0.65514601	      0.40799426	     -0.11218217	     -0.21432786	     10.22336064	     -0.59626132	      0.46228818	     -0.02477788	     -0.02480114	     11.05988753	     -0.49540879	      0.54311025	     12.09695201	     -0.36621434	      0.63255906	     13.58827105	     -0.18369383	      0.73741222	      6.36228205	      0.54309713	      0.01053960	      0.42864210	     -0.33460301	      0.08827780	      0.26409279	     -1.16417060	     -0.12443116	      0.39526961	      0.35845259	      0.00349517	     -0.00877804	      0.04760408	     -0.01919763	      0.00025933	     -0.08721276
      1.79616700	      0.39588941	    -36.39486167	      0.65235953	      0.48001836	    598.90460969	      1.39317552	     -3.98551234	     -0.07054045	     -0.06021771	     -2.82692267	     -0.58718938	      0.01149551	      1.20987884	     -0.03154037	      0.90565156	     -0.03213137	     13.68168111	     -0.49429923	      0.55702264	      0.00074882	     -0.00001176	      0.00001307	     -0.00067066	      0.00707774	      0.70586235	      0.72184399	     10.69226522	     -0.48246540	      0.57323109	     -0.11361204	     -0.21326430	     10.13744453	     -0.43795403	      0.62507756	     -0.02459455	     -0.02468727	     10.98227609	     -0.35056271	      0.70180404	     12.02771254	     -0.23375513	      0.78661467	     13.52933361	     -0.06431740	      0.88589070	      6.38751043	      0.35743612	      0.00375471	      0.39489178	     -0.17525873	      0.15282925	      0.25631289	     -1.16811061	     -0.12611185	      0.43911452	      0.35667103	      0.00635564	     -0.00893477	      0.05968085	     -0.01636628	     -0.00032312	     -0.08765159
      1.81468500	      0.25548808	    -36.23271600	      0.82937842	      1.16612145	    600.10113676	     -0.10479596	     -3.89012706	     -0.10716165	     -0.07481590	     -2.65240330	     -0.53584977	      0.00040416	      1.19501597	     -0.03164637	      0.86879081	     -0.03227450	     13.63956307	     -0.34519586	      0.67657061	      0.00074946	     -0.00001249	      0.00001524	     -0.00065953	      0.00709351	      0.70636110	      0.72270487	     10.64934421	     -0.34963677	      0.69569753	     -0.11497174	     -0.21275369	     10.10195237	     -0.32325648	      0.74525473	     -0.02448583	     -0.02465876	     10.95720699	     -0.25343591	      0.81687204	     12.01283885	     -0.15323390	      0.89560882	     13.52703756	     -0.00196774	      0.98710185	      6.42942939	      0.13431209	     -0.00439040	      0.40601459	     -0.10862580	      0.19198384	      0.24725591	     -1.17530426	     -0.12521867	      0.45241613	      0.35329012	      0.00793897	     -0.00859698	      0.06491465	     -0.01517635	     -0.00079523	     -0.08779548
      1.83320300	      0.10148237	    -36.05190558	      0.97051797	      1.79629890	    601.11073376	     -2.06071684	     -3.79479237	     -0.11101312	     -0.08090165	     -2.51318674	     -0.53986983	     -0.01905325	      1.18729478	     -0.03174094	      0.83249955	     -0.03238483	     13.65384283	     -0.26524822	      0.73980544	      0.00074927	     -0.00001339	      0.00001719	     -0.00064063	      0.00710824	      0.70735262	      0.72508049	     10.66528637	     -0.28838115	      0.76381625	     -0.11620564	     -0.21306241	     10.12846073	     -0.28345587	      0.81189553	     -0.02446487	     -0.02474165	     10.99708162	     -0.23450222	      0.87833858	     12.06515712	     -0.15399635	      0.95069577	     13.59435673	     -0.02442901	      1.03356660	      6.48708671	     -0.06847972	     -0.01162520	      0.47352893	     -0.17780502	      0.19731520	      0.23998210	     -1.18512043	     -0.12238612	      0.41963698	      0.34850333	      0.00770356	     -0.00785357	      0.06037708	     -0.01560772	     -0.00119076	     -0.08767348
      1.85172100	     -0.03891414	    -35.87498383	      1.06495804	      2.31180000	    601.83193579	     -4.31848629	     -3.71122889	     -0.08708450	     -0.07927463	     -2.42554248	     -0.59453196	     -0.04395589	      1.18828837	     -0.03181130	      0.80123267	     -0.03245406	     13.72488475	     -0.26732124	      0.74497839	      0.00074826	     -0.00001406	      0.00001851	     -0.00061511	      0.00712072	      0.70875378	      0.72882503	     10.74115927	     -0.31054657	      0.77547003	     -0.11728489	     -0.21413373	     10.21774969	     -0.32868394	      0.82335084	     -0.02453805	     -0.02493300	     11.10185492	     -0.30177497	      0.88555119	     12.18368032	     -0.24165790	      0.95244952	     13.72903433	     -0.13430938	      1.02745168	      6.55492389	     -0.21005722	     -0.01636146	      0.59492035	     -0.37752490	      0.17130502	      0.23576829	     -1.19584121	     -0.11825956	      0.33779916	      0.34276452	      0.00561666	     -0.00680561	      0.04629097	     -0.01758629	     -0.00149457	     -0.08731979
      1.87023900	     -0.13652493	    -35.73118320	      1.10921070	      2.68343140	    602.18680109	     -6.59822085	     -3.65075530	     -0.04388755	     -0.07109698	     -2.40807931	     -0.67965147	     -0.06906309	      1.19836183	     -0.03184738	      0.78156375	     -0.03247477	     13.84691571	     -0.34465126	      0.69740836	      0.00074661	     -0.00001425	      0.00001896	     -0.00058611	      0.00712978	      0.71046284	      0.73326071	     10.87067310	     -0.40769097	      0.73519423	     -0.11820077	     -0.21558446	     10.36192236	     -0.44809669	      0.78431346	     -0.02470448	     -0.02520008	     11.26169059	     -0.44170683	      0.84396989	     12.35679479	     -0.39979684	      0.90732411	     13.91736369	     -0.31172256	      0.97660448	      6.62281902	     -0.27824855	     -0.01814698	      0.76095311	     -0.65971012	      0.12414685	      0.23405458	     -1.20525126	     -0.11349579	      0.21689029	      0.33667437	      0.00204307	     -0.00556095	      0.02557981	     -0.02137113	     -0.00165793	     -0.08677304
      1.88875700	     -0.16767444	    -35.64487709	      1.10451996	      2.92048542	    602.12264773	     -8.56229372	     -3.62062980	      0.00897184	     -0.05785066	     -2.47697556	     -0.76870919	     -0.08830947	      1.21616175	     -0.03184340	      0.78023897	     -0.03244085	     14.01185729	     -0.47731949	      0.60448925	      0.00074462	     -0.00001385	      0.00001843	     -0.00055810	      0.00713413	      0.71238512	      0.73735421	     11.04455583	     -0.55817601	      0.64947183	     -0.11894547	     -0.21685886	     10.54952843	     -0.61786903	      0.70107849	     -0.02495750	     -0.02548773	     11.46284740	     -0.62821454	      0.76018379	     12.56883392	     -0.60007864	      0.82236152	     14.14151306	     -0.52574665	      0.88882397	      6.67768100	     -0.29043283	     -0.01769151	      0.96405349	     -0.95741488	      0.06723826	      0.23316845	     -1.21143135	     -0.10873964	      0.07489511	      0.33086119	     -0.00253704	     -0.00423766	      0.00232815	     -0.02766258	     -0.00162791	     -0.08608296
      1.90727500	     -0.12358847	    -35.62382139	      1.05273033	      3.04643138	    601.61085133	     -9.89327643	     -3.62117489	      0.06356304	     -0.04128590	     -2.64022594	     -0.84038822	     -0.09674215	      1.23840965	     -0.03179879	      0.80198879	     -0.03234877	     14.21275409	     -0.63867531	      0.47238302	      0.00074258	     -0.00001292	      0.00001701	     -0.00053587	      0.00713249	      0.71445855	      0.74001003	     11.25437010	     -0.73371031	      0.52360951	     -0.11949132	     -0.21745046	     10.76990617	     -0.80800568	      0.57849190	     -0.02528701	     -0.02573087	     11.69251704	     -0.82988157	      0.63884273	     12.80530668	     -0.80995402	      0.70206657	     14.38516950	     -0.74276738	      0.76861181	      6.70651261	     -0.28336180	     -0.01646853	      1.20037103	     -1.20701872	      0.00793729	      0.23145528	     -1.21339410	     -0.10455694	     -0.06822348	      0.32588658	     -0.00775931	     -0.00296626	     -0.01953624	     -0.03739540	     -0.00138029	     -0.08532098
      1.92579300	     -0.01604748	    -35.65387542	      0.95151483	      3.04976056	    600.64365498	    -10.34434387	     -3.64493182	      0.11542226	     -0.02335209	     -2.89306474	     -0.88541944	     -0.09178737	      1.26019784	     -0.03171829	      0.84791958	     -0.03219892	     14.44286523	     -0.79770266	      0.30521267	      0.00074078	     -0.00001172	      0.00001499	     -0.00052358	      0.00712384	      0.71666708	      0.74035879	     11.49144021	     -0.90113398	      0.36086912	     -0.11978346	     -0.21706617	     11.01190800	     -0.98347593	      0.41920847	     -0.02568139	     -0.02586913	     11.93729908	     -1.01051993	      0.48213720	     13.05105364	     -0.99275927	      0.54811776	     14.63132611	     -0.92610864	      0.61715300	      6.69996865	     -0.29651222	     -0.01606780	      1.45847441	     -1.35634079	     -0.05117640	      0.22812958	     -1.21128014	     -0.10138481	     -0.19341793	      0.32218250	     -0.01329556	     -0.00188187	     -0.03649775	     -0.05105759	     -0.00094170	     -0.08458338
      1.94431100	      0.12629235	    -35.70400087	      0.79055474	      2.85265006	    599.23237591	     -9.74069123	     -3.67842196	      0.16370578	     -0.00610138	     -3.21650040	     -0.90581475	     -0.07336243	      1.27588140	     -0.03161102	      0.91496314	     -0.03199652	     14.68939603	     -0.92061362	      0.10452401	      0.00073944	     -0.00001066	      0.00001279	     -0.00052412	      0.00710788	      0.71902969	      0.73795468	     11.73982355	     -1.02348475	      0.16180086	     -0.11975161	     -0.21566692	     11.25591853	     -1.10456319	      0.22313167	     -0.02612739	     -0.02586110	     12.17423716	     -1.12874600	      0.28948940	     13.28031100	     -1.10651429	      0.35935150	     14.85126458	     -1.03390856	      0.43268115	      6.65496286	     -0.35550265	     -0.01754493	      1.69645950	     -1.36567445	     -0.10909982	      0.22339289	     -1.20613415	     -0.09952789	     -0.28163999	      0.32000725	     -0.01842058	     -0.00110729	     -0.04507627	     -0.06746401	     -0.00039146	     -0.08397618
      1.96282900	      0.27133512	    -35.73837662	      0.55164561	      2.33810752	    597.41083204	     -7.95442874	     -3.70620973	      0.21005228	      0.00845732	     -3.57945153	     -0.90924249	     -0.04328348	      1.28044959	     -0.03148885	      0.99638758	     -0.03175199	     14.92707295	     -0.97796273	     -0.13217591	      0.00073874	     -0.00001024	      0.00001094	     -0.00053879	      0.00708528	      0.72156282	      0.73285301	     11.96923309	     -1.06768677	     -0.07707032	     -0.11933486	     -0.21340723	     11.46596170	     -1.13500378	     -0.01382360	     -0.02660836	     -0.02569460	     12.36210399	     -1.14632000	      0.05637006	     13.44721150	     -1.11222817	      0.13066034	     14.99418953	     -1.02720598	      0.20947927	      6.57526613	     -0.46168445	     -0.02100204	      1.82472277	     -1.21824064	     -0.16289749	      0.21795977	     -1.19950776	     -0.09914571	     -0.31239011	      0.31940795	     -0.02158221	     -0.00073442	     -0.04205620	     -0.08256291	      0.00015558	     -0.08358524
      1.98134700	      0.40070583	    -35.72731153	      0.21656675	      1.43377213	    595.24659149	     -4.90794039	     -3.71612132	      0.25683379	      0.01850339	     -3.94350156	     -0.90326655	     -0.00471190	      1.27102406	     -0.03136413	      1.08303799	     -0.03148110	     15.12048436	     -0.95804946	     -0.41043769	      0.00073885	     -0.00001096	      0.00000995	     -0.00056736	      0.00705780	      0.72423078	      0.72558063	     12.13799956	     -1.01983514	     -0.36172329	     -0.11850823	     -0.21053877	     11.59341746	     -1.05917622	     -0.29810860	     -0.02710182	     -0.02538959	     12.44583725	     -1.04683906	     -0.22422192	     13.49087828	     -0.99364921	     -0.14568393	     14.99304191	     -0.89059060	     -0.06104960	      6.47004937	     -0.59148861	     -0.02554533	      1.71954579	     -0.94295881	     -0.20712604	      0.21242832	     -1.19307299	     -0.10019140	     -0.26620574	      0.32020263	     -0.02055487	     -0.00080891	     -0.02596206	     -0.08953214	      0.00057798	     -0.08344689
      1.99986500	      0.52011972	    -35.64983028	     -0.21555383	      0.19568139	    592.86093949	     -0.64828082	     -3.70390601	      0.30548187	      0.02258628	     -4.26874933	     -0.89233223	      0.03805017	      1.24800904	     -0.03124767	      1.16485940	     -0.03120515	     15.24066137	     -0.87784743	     -0.72939214	      0.00073987	     -0.00001323	      0.00001021	     -0.00060821	      0.00702818	      0.72690869	      0.71703111	     12.21225245	     -0.89813348	     -0.69058742	     -0.11730080	     -0.20733150	     11.59939703	     -0.89708736	     -0.62832098	     -0.02757840	     -0.02499290	     12.38200343	     -0.85236621	     -0.55161252	     13.36371943	     -0.77507133	     -0.46997615	     14.79589153	     -0.65103615	     -0.38053467	      6.35128237	     -0.70522896	     -0.02962042	      1.28097931	     -0.62711700	     -0.23662041	      0.20682316	     -1.18823776	     -0.10234387	     -0.13329014	      0.32202349	     -0.01351205	     -0.00131864	      0.00108740	     -0.08130464	      0.00078267	     -0.08353488
      2.01838300	      0.65342553	    -35.48894649	     -0.70789967	     -1.18900884	    590.45228468	      4.53260596	     -3.67553130	      0.35568142	      0.02005225	     -4.51944041	     -0.87773137	      0.07979502	      1.21544886	     -0.03114736	      1.23230677	     -0.03095059	     15.28926349	     -0.77855636	     -1.06359107	      0.00074186	     -0.00001725	      0.00001189	     -0.00065843	      0.00699979	      0.72937787	      0.70831289	     12.19382525	     -0.74865461	     -1.03640346	     -0.11580127	     -0.20403840	     11.48724271	     -0.70016831	     -0.97689427	     -0.02800354	     -0.02456671	     12.17575780	     -0.61905847	     -0.89885746	     13.07246743	     -0.51660922	     -0.81614975	     14.41143126	     -0.37262411	     -0.72432122	      6.23123614	     -0.76139564	     -0.03157910	      0.51355833	     -0.38735922	     -0.25027402	      0.20050032	     -1.18572099	     -0.10501175	      0.07459324	      0.32444989	     -0.00059264	     -0.00218781	      0.03308035	     -0.05512952	      0.00073913	     -0.08377243
      2.03690100	      0.82156630	    -35.22999797	     -1.17907695	     -2.50605907	    588.30473911	     10.03765129	     -3.64583226	      0.40579697	      0.01167356	     -4.66841502	     -0.85937476	      0.11521098	      1.18030912	     -0.03106799	      1.27739676	     -0.03074682	     15.30996972	     -0.70293229	     -1.34971134	      0.00074477	     -0.00002292	      0.00001489	     -0.00071393	      0.00697612	      0.73136416	      0.70056776	     12.13389813	     -0.62032689	     -1.33378675	     -0.11415052	     -0.20090420	     11.31894320	     -0.52350098	     -1.27764423	     -0.02834221	     -0.02417430	     11.89997502	     -0.40676454	     -1.19973350	     12.69980423	     -0.28142911	     -1.11807529	     13.93329700	     -0.12121181	     -1.02678856	      6.12094739	     -0.73059436	     -0.03024664	     -0.42991269	     -0.29907977	     -0.25231987	      0.19251525	     -1.18521859	     -0.10746016	      0.31756153	      0.32719310	      0.01527307	     -0.00328198	      0.06250592	     -0.01631341	      0.00049877	     -0.08406676
      2.05541900	      1.02305525	    -34.86995686	     -1.52221099	     -3.63512916	    586.75756009	     15.05521881	     -3.63351047	      0.45386920	     -0.00005075	     -4.69966372	     -0.83809889	      0.13995771	      1.15073213	     -0.03101209	      1.29433416	     -0.03062208	     15.37086839	     -0.67140177	     -1.49690835	      0.00074842	     -0.00002986	      0.00001880	     -0.00076963	      0.00696031	      0.73261650	      0.69479272	     12.11402091	     -0.53812874	     -1.49059036	     -0.11252197	     -0.19819077	     11.19431551	     -0.39579150	     -1.43735843	     -0.02856608	     -0.02386725	     11.67263912	     -0.24613768	     -1.36005054	     12.38014255	     -0.10049900	     -1.28046773	     13.51401672	      0.07318598	     -1.19155600	      6.02980177	     -0.60395835	     -0.02527685	     -1.28984526	     -0.33935962	     -0.24967076	      0.18239118	     -1.18545941	     -0.10903531	      0.53475212	      0.33022047	      0.02924022	     -0.00442918	      0.08384477	      0.02238031	      0.00018342	     -0.08434999
      2.07393700	      1.23388474	    -34.43004028	     -1.64216605	     -4.56103078	    586.12860623	     18.76100003	     -3.65424186	      0.49827059	     -0.01133961	     -4.60882190	     -0.81743610	      0.15116837	      1.13380299	     -0.03098122	      1.27982975	     -0.03059840	     15.52807449	     -0.67942071	     -1.42276460	      0.00075252	     -0.00003738	      0.00002298	     -0.00081984	      0.00695469	      0.73300137	      0.69171474	     12.20557975	     -0.49995416	     -1.42397950	     -0.11109223	     -0.19618140	     11.20493369	     -0.31597902	     -1.37221959	     -0.02866097	     -0.02367819	     11.60528109	     -0.13532346	     -1.29452778	     12.24306122	      0.03033110	     -1.21623811	     13.30288139	      0.21859748	     -1.12932774	      5.96582210	     -0.39372030	     -0.01719254	     -1.80318474	     -0.40609146	     -0.24790934	      0.17095879	     -1.18481822	     -0.10938948	      0.66392403	      0.33371334	      0.03656149	     -0.00545650	      0.09489703	      0.04611245	     -0.00006066	     -0.08460421
      2.09245500	      1.42651049	    -33.95777390	     -1.48989285	     -5.26551827	    586.61613603	     20.51341681	     -3.71481461	      0.53790100	     -0.01808591	     -4.40238062	     -0.80381651	      0.14733005	      1.13368971	     -0.03097674	      1.23337522	     -0.03068719	     15.79668188	     -0.71740773	     -1.09474196	      0.00075664	     -0.00004465	      0.00002666	     -0.00085887	      0.00696056	      0.73256759	      0.69173482	     12.43648544	     -0.49882162	     -1.10103211	     -0.11001105	     -0.19515012	     11.39500040	     -0.27845128	     -1.04868508	     -0.02863169	     -0.02362029	     11.75800347	     -0.06838781	     -0.96863612	     12.36297165	      0.11869097	     -0.88947952	     13.38968804	      0.32568654	     -0.80238002	      5.93597063	     -0.12716210	     -0.00715076	     -1.79983965	     -0.40709096	     -0.24940137	      0.16073465	     -1.18222048	     -0.10861039	      0.66342975	      0.33787251	      0.03431705	     -0.00623160	      0.09499320	      0.04488420	     -0.00012187	     -0.08485720
      2.11097300	      1.59037946	    -33.51813904	     -1.08075381	     -5.62433005	    588.22229173	     19.98943019	     -3.81071496	      0.57211188	     -0.01684543	     -4.09672303	     -0.80468986	      0.12821098	      1.15085204	     -0.03099956	      1.15766865	     -0.03088615	     16.14058903	     -0.79096503	     -0.55407175	      0.00076035	     -0.00005081	      0.00002911	     -0.00088175	      0.00697799	      0.73154454	      0.69490905	     12.77788997	     -0.54525454	     -0.56184080	     -0.10938201	     -0.19530337	     11.74387026	     -0.29827510	     -0.50673156	     -0.02850156	     -0.02369076	     12.11780411	     -0.06360580	     -0.42258741	     12.73359630	      0.14437242	     -0.34039237	     13.77502624	      0.37291772	     -0.25078517	      5.94585388	      0.16272784	      0.00344189	     -1.25747387	     -0.34271209	     -0.25340037	      0.15543846	     -1.17775817	     -0.10720314	      0.52779904	      0.34270451	      0.02235191	     -0.00669167	      0.08296133	      0.01835249	      0.00003802	     -0.08515315
      2.12949100	      1.73678011	    -33.18356489	     -0.49514321	     -5.43533371	    590.73676356	     17.27142074	     -3.92780614	      0.60023202	     -0.00565694	     -3.71722710	     -0.82517228	      0.09509925	      1.18244621	     -0.03104904	      1.05903782	     -0.03117813	     16.47648629	     -0.91877287	      0.08956543	      0.00076321	     -0.00005516	      0.00002977	     -0.00088486	      0.00700578	      0.73027224	      0.70093301	     13.14599158	     -0.66423923	      0.08548417	     -0.10925946	     -0.19670534	     12.16529567	     -0.40732736	      0.14511482	     -0.02830630	     -0.02387445	     12.59540836	     -0.15911730	      0.23372083	     13.26264272	      0.06388382	      0.31980864	     14.36269752	      0.31118397	      0.41270008	      5.99862166	      0.44612438	      0.01331563	     -0.31997487	     -0.30727735	     -0.25560957	      0.15872815	     -1.17256717	     -0.10590255	      0.29314283	      0.34793062	      0.00371187	     -0.00684528	      0.05815781	     -0.02348407	      0.00038757	     -0.08551618
      2.14800900	      1.88461529	    -33.02358478	      0.13986920	     -4.57976192	    593.79252347	     12.85077793	     -4.04693698	      0.62075615	      0.01537127	     -3.29665673	     -0.86463228	      0.05112810	      1.22349989	     -0.03112179	      0.94738459	     -0.03153288	     16.69299609	     -1.10696956	      0.69316528	      0.00076487	     -0.00005727	      0.00002840	     -0.00086659	      0.00704142	      0.72909423	      0.70913104	     13.42066058	     -0.86549382	      0.69853953	     -0.10965543	     -0.19921049	     12.52603628	     -0.61988500	      0.76360491	     -0.02808456	     -0.02414529	     13.04408894	     -0.37422209	      0.85546886	     13.79090050	     -0.14707176	      0.94471093	     14.97928940	      0.11033911	      1.03985966	      6.09342848	      0.70135471	      0.02157940	      0.73039816	     -0.40142518	     -0.24708386	      0.17271505	     -1.16801220	     -0.10534739	      0.02917959	      0.35306916	     -0.01578158	     -0.00674612	      0.02407497	     -0.06447319	      0.00086785	     -0.08592527
      2.16652700	      2.04043268	    -33.08580098	      0.68909559	     -3.17667004	    596.96683784	      7.47733851	     -4.14935752	      0.63077648	      0.04386559	     -2.87205703	     -0.91490300	      0.00138654	      1.26823422	     -0.03121107	      0.83520655	     -0.03191197	     16.69121824	     -1.32414039	      1.13356652	      0.00076506	     -0.00005710	      0.00002513	     -0.00082768	      0.00708138	      0.72825558	      0.71848488	     13.48888804	     -1.11448302	      1.15255808	     -0.11054513	     -0.20244267	     12.69363644	     -0.89887199	      1.22295445	     -0.02786854	     -0.02446607	     13.31185540	     -0.67092136	      1.31621175	     14.14851030	     -0.45077296	      1.40725707	     15.43508037	     -0.19312304	      1.50321655	      6.22430327	      0.91437946	      0.02773459	      1.57177228	     -0.62808399	     -0.21552302	      0.19696247	     -1.16472910	     -0.10574940	     -0.18386713	      0.35762294	     -0.02958343	     -0.00645275	     -0.00985083	     -0.09004108	      0.00144538	     -0.08631063
      2.18504500	      2.19254671	    -33.37192213	      1.05557334	     -1.56614463	    599.87660350	      1.89054764	     -4.22117068	      0.62633416	      0.07554066	     -2.48030811	     -0.96146968	     -0.04743496	      1.31114961	     -0.03130720	      0.73570632	     -0.03227594	     16.43266715	     -1.50608289	      1.35170134	      0.00076370	     -0.00005497	      0.00002041	     -0.00077129	      0.00712165	      0.72783940	      0.72774016	     13.29859664	     -1.33739511	      1.38497093	     -0.11186472	     -0.20584978	     12.59792014	     -1.16071673	      1.45974594	     -0.02767767	     -0.02478944	     13.31049498	     -0.95815485	      1.55312896	     14.23088148	     -0.75080940	      1.64534959	     15.60756818	     -0.49815454	      1.74199129	      6.38024717	      1.07407159	      0.03149563	      1.98304772	     -0.86987154	     -0.15058251	      0.22838823	     -1.16219726	     -0.10674917	     -0.28612021	      0.36123423	     -0.03341762	     -0.00599532	     -0.03165979	     -0.09400026	      0.00214109	     -0.08656947
      2.20356300	      2.32527853	    -33.83005467	      1.20807781	     -0.10922766	    602.23315830	     -3.39432442	     -4.25606768	      0.60388823	      0.10506793	     -2.15338502	     -0.98762415	     -0.08792731	      1.34783464	     -0.03139892	      0.66052633	     -0.03259111	     15.95957672	     -1.59230817	      1.36092755	      0.00076090	     -0.00005143	      0.00001486	     -0.00070263	      0.00715827	      0.72775429	      0.73559079	     12.88400926	     -1.46260287	      1.40560678	     -0.11350451	     -0.20882693	     12.26261318	     -1.32218609	      1.48335201	     -0.02751662	     -0.02506229	     13.05328789	     -1.14318334	      1.57672279	     14.04194685	     -0.94716470	      1.67066689	     15.49074939	     -0.69796636	      1.76958820	      6.54675511	      1.16673636	      0.03254800	      1.93257437	     -0.97293399	     -0.05036601	      0.26202809	     -1.15913002	     -0.10756344	     -0.26047331	      0.36371029	     -0.02704982	     -0.00536474	     -0.03350954	     -0.07977451	      0.00301736	     -0.08659131
      2.22208100	      2.43791014	    -34.37564435	      1.17366507	      1.02712579	    603.86003164	     -8.11626388	     -4.25612635	      0.56233129	      0.12717863	     -1.91457056	     -0.98009057	     -0.11329497	      1.37552067	     -0.03147532	      0.61782008	     -0.03283380	     15.37046473	     -1.56411033	      1.21842507	      0.00075691	     -0.00004716	      0.00000917	     -0.00062816	      0.00718790	      0.72776790	      0.74089847	     12.34219099	     -1.46453205	      1.26999346	     -0.11530601	     -0.21086510	     11.78289445	     -1.35078234	      1.34920640	     -0.02737711	     -0.02523326	     12.63358342	     -1.18791999	      1.44296511	     13.67368385	     -0.99767078	      1.53952062	     15.17555471	     -0.74686392	      1.64267360	      6.70821003	      1.17385849	      0.03040911	      1.55477579	     -0.86039116	      0.07514851	      0.29232862	     -1.15438065	     -0.10733023	     -0.13499469	      0.36494491	     -0.01366756	     -0.00452696	     -0.01613473	     -0.05607270	      0.00413516	     -0.08628418
      2.24059900	      2.54958203	    -34.92630138	      1.00718381	      1.93088802	    604.69312009	    -12.16533669	     -4.23067308	      0.50462159	      0.13770527	     -1.77651151	     -0.93408425	     -0.11898893	      1.39332353	     -0.03152801	      0.61116344	     -0.03299108	     14.77364748	     -1.45503733	      0.98603280	      0.00075208	     -0.00004282	      0.00000394	     -0.00055456	      0.00720803	      0.72757338	      0.74289440	     11.78413639	     -1.37645461	      1.04072501	     -0.11707143	     -0.21167252	     11.27331557	     -1.28025112	      1.11996554	     -0.02724233	     -0.02526200	     12.16967520	     -1.12711257	      1.21387972	     13.24821407	     -0.93862484	      1.31284518	     14.78877538	     -0.68349222	      1.42045180	      6.85027408	      1.07558228	      0.02450901	      1.05432384	     -0.58363073	      0.20511537	      0.31459097	     -1.14775315	     -0.10543164	      0.03222995	      0.36484554	      0.00209639	     -0.00345425	      0.01174147	     -0.03149738	      0.00551028	     -0.08559853
      2.25911700	      2.68715599	    -35.42549695	      0.76305326	      2.83372825	    604.77001573	    -15.48094043	     -4.19360221	      0.43832176	      0.13440431	     -1.74130636	     -0.85586994	     -0.10415113	      1.40211738	     -0.03155282	      0.63942069	     -0.03305901	     14.25366957	     -1.33162388	      0.70760318	      0.00074679	     -0.00003893	     -0.00000035	     -0.00048784	      0.00721717	      0.72687028	      0.74132363	     11.29834622	     -1.26919880	      0.76389455	     -0.11859049	     -0.21123424	     10.82771954	     -1.18707566	      0.84176485	     -0.02709275	     -0.02512854	     11.76108237	     -1.04300105	      0.93410838	     12.87069721	     -0.85796284	      1.03321902	     14.44214435	     -0.60249918	      1.14243266	      6.96164662	      0.85906522	      0.01447631	      0.62028504	     -0.28942007	      0.31210415	      0.32617516	     -1.14025705	     -0.10165318	      0.17507483	      0.36334593	      0.01583236	     -0.00215891	      0.03756948	     -0.01197090	      0.00709055	     -0.08454694
      2.27763500	      2.86609949	    -35.84518348	      0.48310215	      3.92502339	    604.20386098	    -18.01667280	     -4.15979953	      0.37457049	      0.11737029	     -1.80197965	     -0.76156385	     -0.07205583	      1.40400958	     -0.03155057	      0.69731690	     -0.03303985	     13.86315733	     -1.26014659	      0.40980651	      0.00074142	     -0.00003588	     -0.00000338	     -0.00043269	      0.00721486	      0.72544235	      0.73650627	     10.94113107	     -1.21360949	      0.46833545	     -0.11968125	     -0.20980199	     10.50744687	     -1.14805308	      0.54341788	     -0.02691200	     -0.02484175	     11.47449499	     -1.01846611	      0.63098851	     12.61307513	     -0.84457016	      0.72603136	     14.21360463	     -0.59978563	      0.83116735	      7.03505446	      0.52782835	      0.00048957	      0.38873811	     -0.13912905	      0.36893659	      0.32705997	     -1.13371752	     -0.09621399	      0.23975089	      0.36049751	      0.02413205	     -0.00071521	      0.05000611	     -0.00116998	      0.00875979	     -0.08321492
      2.29615300	      3.07491680	    -36.17614124	      0.19620930	      5.19506412	    603.14359859	    -19.74010307	     -4.14136472	      0.32535734	      0.08883851	     -1.94433383	     -0.67251126	     -0.02914545	      1.40145021	     -0.03152665	      0.77637852	     -0.03293993	     13.62797448	     -1.27453263	      0.11484260	      0.00073630	     -0.00003386	     -0.00000502	     -0.00039220	      0.00720165	      0.72321724	      0.72929789	     10.74105525	     -1.24442177	      0.17691109	     -0.12023366	     -0.20782548	     10.34468610	     -1.19946617	      0.24774160	     -0.02669184	     -0.02444391	     11.34581090	     -1.09177483	      0.32678538	     12.51477269	     -0.93905806	      0.41280924	     14.14651932	     -0.71898524	      0.50711289	      7.06760997	      0.10746963	     -0.01648677	      0.43502700	     -0.22403566	      0.35779199	      0.31954035	     -1.12999337	     -0.08974859	      0.20038339	      0.35656872	      0.02493366	      0.00073968	      0.04328215	     -0.00169493	      0.01036235	     -0.08175616
      2.31467100	      3.27060355	    -36.41999358	     -0.08165720	      6.37688968	    601.73620762	    -20.61035927	     -4.14442187	      0.29979195	      0.05245450	     -2.14867485	     -0.60915419	      0.01681088	      1.39621312	     -0.03148956	      0.86609566	     -0.03276887	     13.54900485	     -1.35716155	     -0.15209960	      0.00073171	     -0.00003290	     -0.00000531	     -0.00036783	      0.00717905	      0.72029367	      0.72093929	     10.69966149	     -1.33917445	     -0.08675862	     -0.12024392	     -0.20584219	     10.34180516	     -1.31366739	     -0.02170050	     -0.02643478	     -0.02400691	     11.37801643	     -1.23082668	      0.04590697	     12.57921372	     -1.10577305	      0.11900356	     14.24470940	     -0.92093580	      0.19722572	      7.06055982	     -0.35535986	     -0.03471289	      0.76251052	     -0.51218656	      0.27878769	      0.30723696	     -1.13024592	     -0.08323063	      0.06782878	      0.35206896	      0.01796381	      0.00202611	      0.01988609	     -0.01486274	      0.01173567	     -0.08036944
      2.33318900	      3.39132654	    -36.58908672	     -0.35197761	      7.02813695	    600.10910935	    -20.52184403	     -4.16743976	      0.30078160	      0.01237267	     -2.39164117	     -0.58557468	      0.05849025	      1.38866831	     -0.03144906	      0.95529855	     -0.03253989	     13.59577412	     -1.44412896	     -0.37038761	      0.00072794	     -0.00003288	     -0.00000442	     -0.00035978	      0.00714945	      0.71693145	      0.71281196	     10.78345973	     -1.42493567	     -0.30543786	     -0.11983252	     -0.20434721	     10.46150497	     -1.40731640	     -0.24774259	     -0.02615370	     -0.02361792	     11.52973099	     -1.34260652	     -0.19248048	     12.76099899	     -1.24312885	     -0.13368566	     14.45820654	     -1.09478197	     -0.07311945	      7.01830475	     -0.80102556	     -0.05195370	      1.27996185	     -0.85754290	      0.15262619	      0.29385739	     -1.13460807	     -0.07780622	     -0.11180002	      0.34766279	      0.00525568	      0.00295603	     -0.00989254	     -0.03880436	      0.01273781	     -0.07926263
      2.35170700	      3.38624188	    -36.70841757	     -0.63523054	      6.74391854	    598.37645488	    -19.27258300	     -4.20184736	      0.32353780	     -0.02745746	     -2.64854356	     -0.60607776	      0.09019769	      1.37770668	     -0.03141448	      1.03365772	     -0.03227040	     13.70305461	     -1.45920149	     -0.53980816	      0.00072521	     -0.00003361	     -0.00000266	     -0.00036735	      0.00711587	      0.71351347	      0.70615688	     10.91972553	     -1.41696523	     -0.48248219	     -0.11923907	     -0.20367566	     10.62199373	     -1.38536641	     -0.43375284	     -0.02586959	     -0.02335798	     11.71012526	     -1.32199532	     -0.38948005	     12.96077694	     -1.23655902	     -0.34344810	     14.67818328	     -1.11526188	     -0.29788688	      6.94680643	     -1.16975165	     -0.06594966	      1.79669827	     -1.08070562	      0.01374533	      0.28212916	     -1.14228831	     -0.07457993	     -0.27184305	      0.34401910	     -0.00886562	      0.00337107	     -0.03245016	     -0.06668964	      0.01326413	     -0.07861529
      2.37022500	      3.24772473	    -36.80767451	     -0.95694971	      5.39860848	    596.65569950	    -16.64090209	     -4.23500564	      0.35675584	     -0.06365626	     -2.89641240	     -0.66446446	      0.10847811	      1.36138428	     -0.03139346	      1.09311295	     -0.03198184	     13.78849180	     -1.36082320	     -0.68496994	      0.00072376	     -0.00003486	     -0.00000035	     -0.00038938	      0.00708165	      0.71049479	      0.70183837	     11.01615675	     -1.27129418	     -0.64406265	     -0.11878564	     -0.20393588	     10.71943655	     -1.20008906	     -0.60567539	     -0.02560875	     -0.02328137	     11.80434883	     -1.11676183	     -0.56956308	     13.05352599	     -1.02879338	     -0.53281934	     14.76846077	     -0.91867914	     -0.49687079	      6.85190262	     -1.41557044	     -0.07494485	      2.07818802	     -1.08064924	     -0.10378952	      0.27319476	     -1.15193811	     -0.07441528	     -0.35072880	      0.34167348	     -0.01907184	      0.00317548	     -0.03779844	     -0.08789277	      0.01325562	     -0.07855039
      2.38874300	      3.02095668	    -36.90118573	     -1.31970059	      3.24777168	    595.07817062	    -12.56793447	     -4.25454767	      0.38636744	     -0.09348853	     -3.11753958	     -0.74633716	      0.11230384	      1.33799860	     -0.03139135	      1.12903376	     -0.03169792	     13.79359601	     -1.16873698	     -0.83592759	      0.00072377	     -0.00003644	      0.00000217	     -0.00042437	      0.00705011	      0.70834705	      0.70022037	     11.00671708	     -1.01381893	     -0.81858686	     -0.11880641	     -0.20501746	     10.67978600	     -0.88316730	     -0.79131861	     -0.02540055	     -0.02340370	     11.73117656	     -0.76253042	     -0.76040999	     12.95151026	     -0.65752032	     -0.72926386	     14.63430982	     -0.54362658	     -0.69741656	      6.73813799	     -1.51742978	     -0.07812284	      1.96112869	     -0.89498375	     -0.17990810	      0.26658138	     -1.16212064	     -0.07776926	     -0.31810027	      0.34094869	     -0.02148659	      0.00235635	     -0.02466189	     -0.09298453	      0.01270270	     -0.07911950
      2.40726100	      2.77853698	    -36.97312075	     -1.68317724	      0.79701770	    593.78771443	     -7.30406015	     -4.25251649	      0.40064953	     -0.11480985	     -3.30265558	     -0.83405495	      0.10286808	      1.30711859	     -0.03141074	      1.14091929	     -0.03144137	     13.72019828	     -0.94714592	     -0.99845548	      0.00072535	     -0.00003826	      0.00000465	     -0.00047061	      0.00702403	      0.70749535	      0.70117756	     10.89242383	     -0.72062323	     -1.00778475	     -0.11955670	     -0.20666906	     10.50468104	     -0.52297542	     -0.99156108	     -0.02527529	     -0.02370219	     11.49367802	     -0.35743778	     -0.96383165	     12.65921587	     -0.22797692	     -0.93575283	     14.28201103	     -0.10160662	     -0.90445751	      6.60847557	     -1.48373713	     -0.07580228	      1.45141050	     -0.65543518	     -0.21334408	      0.26062553	     -1.17175662	     -0.08458320	     -0.18684346	      0.34192837	     -0.01576389	      0.00098632	      0.00002822	     -0.07936619	      0.01164487	     -0.08030010
      2.42577900	      2.57845419	    -36.98718824	     -1.97246117	     -1.45865293	    592.92873029	     -1.37365188	     -4.22794783	      0.39476263	     -0.12600746	     -3.45251436	     -0.91264578	      0.08298147	      1.27017310	     -0.03145099	      1.13244800	     -0.03123044	     13.62888520	     -0.76008958	     -1.14112866	      0.00072848	     -0.00004034	      0.00000697	     -0.00052610	      0.00700528	      0.70824156	      0.70421726	     10.74000667	     -0.46753952	     -1.17591241	     -0.12112727	     -0.20861200	     10.27009108	     -0.20766816	     -1.16986148	     -0.02526072	     -0.02412593	     11.17764284	      0.00051921	     -1.14448149	     12.27150739	      0.15452010	     -1.11845003	     13.81662982	      0.29539217	     -1.08659021	      6.46492106	     -1.34817071	     -0.06930136	      0.72056361	     -0.48130058	     -0.21572793	      0.25312115	     -1.18041464	     -0.09427403	     -0.00393227	      0.34445928	     -0.00506870	     -0.00079263	      0.02642517	     -0.05283974	      0.01016351	     -0.08200108
      2.44429700	      2.43787402	    -36.91529680	     -2.10835341	     -3.21926496	    592.62268582	      4.61447239	     -4.18711127	      0.37302075	     -0.12601288	     -3.57703033	     -0.97425055	      0.05623606	      1.23043109	     -0.03150799	      1.11077260	     -0.03107659	     13.60036938	     -0.63865688	     -1.20980188	      0.00073299	     -0.00004282	      0.00000916	     -0.00058848	      0.00699461	      0.71068013	      0.70865324	     10.63970127	     -0.29323410	     -1.26586764	     -0.12339215	     -0.21064120	     10.07941089	      0.01633429	     -1.26857913	     -0.02537630	     -0.02461053	     10.89996078	      0.25902768	     -1.24552419	     11.91768275	      0.43350651	     -1.22154881	     13.38125577	      0.58734572	     -1.18963388	      6.30977490	     -1.15848764	     -0.06053152	      0.00701818	     -0.40837088	     -0.20125128	      0.24202873	     -1.18834401	     -0.10584112	      0.17223751	      0.34817137	      0.00595246	     -0.00280054	      0.04709898	     -0.02400170	      0.00836728	     -0.08407315
      2.46281500	      2.33675562	    -36.76054311	     -2.03775317	     -4.39308531	    592.93258278	     10.15287066	     -4.14122791	      0.34807688	     -0.11442873	     -3.69198050	     -1.01937754	      0.02632178	      1.19240016	     -0.03157436	      1.08513818	     -0.03098366	     13.69198239	     -0.58040540	     -1.15609842	      0.00073856	     -0.00004592	      0.00001135	     -0.00065478	      0.00699172	      0.71463154	      0.71376372	     10.65778468	     -0.19829410	     -1.22788845	     -0.12601407	     -0.21267454	     10.01078393	      0.14556677	     -1.23763889	     -0.02562610	     -0.02509172	     10.75072143	      0.41281714	     -1.21714983	     11.69877860	      0.60277929	     -1.19561689	     13.08899626	      0.76761635	     -1.16476720	      6.14705374	     -0.96324347	     -0.05149965	     -0.49493331	     -0.39931794	     -0.17967102	      0.22613650	     -1.19623878	     -0.11804569	      0.29375589	      0.35252885	      0.01349075	     -0.00485547	      0.05891636	     -0.00265886	      0.00637552	     -0.08632279
      2.48133300	      2.24026302	    -36.55904698	     -1.75020235	     -5.00769161	    593.82597060	     14.91000257	     -4.10231089	      0.33707611	     -0.09180154	     -3.81403921	     -1.05491639	     -0.00323896	      1.16081150	     -0.03164055	      1.06508140	     -0.03094801	     13.91526530	     -0.56870953	     -0.96094549	      0.00074473	     -0.00004989	      0.00001371	     -0.00072131	      0.00699540	      0.71962637	      0.71889010	     10.81229754	     -0.16644568	     -1.04240793	     -0.12851975	     -0.21473968	     10.09017782	      0.19612584	     -1.05723136	     -0.02599302	     -0.02551506	     10.76353170	      0.47819333	     -1.03946262	     11.65530639	      0.67908966	     -1.02074673	     12.98783504	      0.85365806	     -0.99214204	      5.98365802	     -0.80055135	     -0.04386630	     -0.69416694	     -0.40022058	     -0.15517940	      0.20551598	     -1.20479966	     -0.12958500	      0.33589877	      0.35692879	      0.01579747	     -0.00679990	      0.06196101	      0.00609894	      0.00431039	     -0.08852999
      2.49985100	      2.12181176	    -36.36424510	     -1.27985622	     -5.13082937	    595.15698035	     18.70232509	     -4.07866223	      0.35575882	     -0.06003544	     -3.95517076	     -1.09023280	     -0.02913329	      1.13947679	     -0.03169645	      1.05853233	     -0.03095948	     14.23744164	     -0.59003783	     -0.64316405	      0.00075091	     -0.00005485	      0.00001637	     -0.00078354	      0.00700384	      0.72496346	      0.72347708	     11.07467250	     -0.18340440	     -0.72804944	     -0.13043038	     -0.21691170	     10.29301338	      0.18302914	     -0.74569699	     -0.02643724	     -0.02584108	     10.91702579	      0.47074817	     -0.73054395	     11.76858449	      0.67841605	     -0.71484235	     13.06173730	      0.86175056	     -0.68954541	      5.82998996	     -0.69070265	     -0.03862814	     -0.60426944	     -0.38507732	     -0.12883690	      0.18158574	     -1.21420790	     -0.13919991	      0.29983341	      0.36084340	      0.01318740	     -0.00850722	      0.05787270	      0.00275458	      0.00230551	     -0.09046911
      2.51836900	      1.97602595	    -36.22513630	     -0.69655582	     -4.84856689	    596.68279701	     21.42381708	     -4.07182266	      0.41260282	     -0.02271403	     -4.11751830	     -1.13289520	     -0.04846015	      1.13034515	     -0.03173313	      1.07013470	     -0.03100345	     14.59758588	     -0.63874257	     -0.25280571	      0.00075644	     -0.00006081	      0.00001937	     -0.00083631	      0.00701489	      0.72984152	      0.72708167	     11.38689079	     -0.24194865	     -0.33488718	     -0.13140363	     -0.21922847	     10.56264765	      0.11488708	     -0.35278438	     -0.02690158	     -0.02604675	     11.15468435	      0.39986256	     -0.33972129	     11.98175024	      0.61036807	     -0.32686804	     13.25297115	      0.80133449	     -0.30560876	      5.69983297	     -0.63350126	     -0.03596860	     -0.31127802	     -0.36176927	     -0.10143732	      0.15670038	     -1.22370845	     -0.14571656	      0.20736052	      0.36396001	      0.00735047	     -0.00986953	      0.04898962	     -0.00832397	      0.00052594	     -0.09193096
      2.53688700	      1.82038758	    -36.16762485	     -0.08876797	     -4.27539066	    598.11423105	     22.97977851	     -4.07608246	      0.50538605	      0.01507872	     -4.29023360	     -1.18521241	     -0.05917502	      1.13301646	     -0.03174419	      1.10011554	     -0.03106412	     14.92861881	     -0.71289773	      0.14573663	      0.00076068	     -0.00006752	      0.00002254	     -0.00087446	      0.00702650	      0.73353439	      0.72937981	     11.68442777	     -0.33740170	      0.07221801	     -0.13133204	     -0.22161870	     10.83490561	     -0.00103753	      0.05693542	     -0.02732347	     -0.02612452	     11.41113004	      0.27440189	      0.06907628	     12.22770032	      0.48454274	      0.07992406	     13.49189745	      0.68216980	      0.09720692	      5.60928177	     -0.61049658	     -0.03530144	      0.07134654	     -0.35124515	     -0.07500915	      0.13341160	     -1.23155983	     -0.14809313	      0.09006077	      0.36624241	      0.00043213	     -0.01078119	      0.03802237	     -0.02171962	     -0.00082160	     -0.09274449
      2.55540500	      1.68933199	    -36.18430942	      0.45736350	     -3.55203908	    599.18299457	     23.25514923	     -4.08048013	      0.62145455	      0.04761585	     -4.44964537	     -1.24256617	     -0.06053946	      1.14481345	     -0.03172659	      1.14400405	     -0.03112836	     15.17789407	     -0.80957315	      0.49287231	      0.00076312	     -0.00007451	      0.00002556	     -0.00089375	      0.00703706	      0.73555720	      0.73018686	     11.91728173	     -0.46292879	      0.43265131	     -0.13036091	     -0.22387603	     11.06024346	     -0.15399766	      0.42300773	     -0.02764986	     -0.02608013	     11.63571544	      0.10784471	      0.43621695	     12.45406923	      0.31605141	      0.44689357	     13.72356497	      0.52041932	      0.46157809	      5.57441010	     -0.59115686	     -0.03548433	      0.44477596	     -0.36642029	     -0.05255203	      0.11374975	     -1.23548948	     -0.14556482	     -0.02313302	      0.36786792	     -0.00579411	     -0.01113723	      0.02754382	     -0.03336822	     -0.00151284	     -0.09279765
      2.57392300	      1.62451718	    -36.23529054	      0.87490763	     -2.81974817	    599.69808149	     22.14204963	     -4.07231410	      0.74130563	      0.06976394	     -4.56331087	     -1.29427129	     -0.05329427	      1.16135954	     -0.03168093	      1.19336717	     -0.03118843	     15.31947540	     -0.92365367	      0.74664257	      0.00076350	     -0.00008114	      0.00002793	     -0.00089189	      0.00704561	      0.73576868	      0.72948797	     12.06178327	     -0.60898326	      0.70303641	     -0.12882388	     -0.22569475	     11.21555019	     -0.32985002	      0.70202479	     -0.02784947	     -0.02593086	     11.80463411	     -0.08227318	      0.71911163	     12.63575873	      0.12464853	      0.73254189	     13.92082823	      0.33753038	      0.74757737	      5.60755584	     -0.54119543	     -0.03513770	      0.74799972	     -0.40652712	     -0.03673263	      0.09886391	     -1.23352959	     -0.13790575	     -0.11404277	      0.36907124	     -0.01035292	     -0.01085728	      0.01932987	     -0.04142218	     -0.00137162	     -0.09205620
      2.59244100	      1.66347409	    -36.25936014	      1.12347212	     -2.19187613	    599.57253237	     19.62211801	     -4.04109025	      0.84389052	      0.07808573	     -4.59730250	     -1.32693899	     -0.03947008	      1.17755095	     -0.03161121	      1.23754682	     -0.03124235	     15.35527349	     -1.04880101	      0.88597609	      0.00076188	     -0.00008671	      0.00002913	     -0.00086942	      0.00705187	      0.73437911	      0.72745980	     12.12041919	     -0.76498213	      0.86077397	     -0.12712681	     -0.22675810	     11.30275358	     -0.51360984	      0.87113693	     -0.02791798	     -0.02570422	     11.91858177	     -0.27772501	      0.89548132	     12.77189931	     -0.06934640	      0.91544599	     14.08068678	      0.15539316	      0.93512890	      5.71284611	     -0.43113425	     -0.03298949	      0.95639497	     -0.46367986	     -0.02877998	      0.08912539	     -1.22487787	     -0.12568849	     -0.17592765	      0.36998904	     -0.01299386	     -0.00992803	      0.01408261	     -0.04566678	     -0.00035290	     -0.09057608
      2.61095900	      1.82901637	    -36.19200185	      1.18933028	     -1.73896536	    598.82376181	     15.85402732	     -3.98218070	      0.91175376	      0.07150276	     -4.52509402	     -1.32923361	     -0.02197984	      1.18880415	     -0.03152395	      1.26613558	     -0.03129211	     15.30846759	     -1.17850967	      0.90834164	      0.00075863	     -0.00009070	      0.00002878	     -0.00083000	      0.00705594	      0.73186666	      0.72446625	     12.11396216	     -0.92078173	      0.90191581	     -0.12562599	     -0.22684994	     11.33954930	     -0.69152977	      0.92592077	     -0.02787534	     -0.02543591	     11.99225688	     -0.46229169	      0.96103180	     12.87438043	     -0.24832881	      0.99163791	     14.21187556	     -0.00760387	      1.02094489	      5.88256993	     -0.24361233	     -0.02818039	      1.06770106	     -0.53034986	     -0.02826168	      0.08450908	     -1.21034374	     -0.11035467	     -0.20952884	      0.37061008	     -0.01386998	     -0.00843928	      0.01165509	     -0.04653751	      0.00140463	     -0.08850510
      2.62947700	      2.12284441	    -35.98488677	      1.08317650	     -1.48493218	    597.56065499	     11.20754880	     -3.89939046	      0.93436777	      0.05138521	     -4.33562597	     -1.29617829	     -0.00415164	      1.19232800	     -0.03142690	      1.27158617	     -0.03134146	     15.21442301	     -1.30703188	      0.82656386	      0.00075434	     -0.00009286	      0.00002680	     -0.00077992	      0.00705813	      0.72883594	      0.72101599	     12.07208297	     -1.06780895	      0.83810056	     -0.12454306	     -0.22594647	     11.34963488	     -0.85251361	      0.87733356	     -0.02775706	     -0.02516567	     12.04424293	     -0.62344026	      0.92632650	     12.95749847	     -0.39929547	      0.97133012	     14.32431619	     -0.13867378	      1.01501570	      6.09642756	      0.02157792	     -0.02048576	      1.09088496	     -0.60138696	     -0.03355251	      0.08491893	     -1.19211505	     -0.09400111	     -0.21906732	      0.37086973	     -0.01328374	     -0.00658779	      0.01145232	     -0.04460235	      0.00359647	     -0.08607165
      2.64799500	      2.52589500	    -35.62070186	      0.83659353	     -1.40908976	    595.96394122	      6.21989799	     -3.80531568	      0.90874885	      0.02099702	     -4.03779947	     -1.23130929	      0.01078020	      1.18798412	     -0.03132778	      1.25111859	     -0.03139401	     15.11198368	     -1.43038318	      0.66563992	      0.00074972	     -0.00009332	      0.00002343	     -0.00072704	      0.00705876	      0.72586839	      0.71767681	     12.02557546	     -1.20022820	      0.69341743	     -0.12393963	     -0.22424769	     11.35590037	     -0.98938034	      0.74862815	     -0.02760327	     -0.02493072	     12.09102858	     -0.75357712	      0.81374781	     13.03271358	     -0.51497846	      0.87591544	     14.42464814	     -0.23154796	      0.93764080	      6.32481739	      0.34573283	     -0.01041262	      1.04234402	     -0.67149076	     -0.04252834	      0.09022510	     -1.17299107	     -0.07894906	     -0.21003600	      0.37080852	     -0.01160055	     -0.00464093	      0.01275758	     -0.04058499	      0.00583965	     -0.08355896
      2.66651300	      3.00471547	    -35.11831317	      0.49621914	     -1.45385343	    594.25903568	      1.49095922	     -3.71883535	      0.83796079	     -0.01544832	     -3.65956649	     -1.14583337	      0.02024958	      1.17836822	     -0.03123349	      1.20725113	     -0.03145222	     15.03608368	     -1.54712623	      0.45844876	      0.00074550	     -0.00009249	      0.00001919	     -0.00067930	      0.00705819	      0.72340549	      0.71495774	     12.00068886	     -1.31586799	      0.50011475	     -0.12374552	     -0.22213130	     11.37653401	     -1.09978047	      0.57113893	     -0.02744859	     -0.02475833	     12.14461442	     -0.85080265	      0.65343255	     13.10749085	     -0.59431949	      0.73409722	     14.51629620	     -0.28652735	      0.81581314	      6.53543355	      0.69378474	      0.00087132	      0.94526197	     -0.73221461	     -0.05317561	      0.10003745	     -1.15552930	     -0.06725496	     -0.18824759	      0.37066014	     -0.00925460	     -0.00287539	      0.01494101	     -0.03554188	      0.00778650	     -0.08126561
      2.68503100	      3.52012494	    -34.52711479	      0.11579902	     -1.53871339	    592.68118891	     -2.44304245	     -3.66032497	      0.72928855	     -0.05357648	     -3.24184735	     -1.05504259	      0.02291581	      1.16810104	     -0.03114988	      1.14679875	     -0.03151694	     15.01214118	     -1.65839161	      0.24008021	      0.00074221	     -0.00009097	      0.00001476	     -0.00064313	      0.00705682	      0.72168651	      0.71319382	     12.01535102	     -1.41632852	      0.29290380	     -0.12381435	     -0.22004408	     11.42303717	     -1.18623438	      0.37867088	     -0.02731566	     -0.02466009	     12.21197388	     -0.91876602	      0.47785588	     13.18586373	     -0.64207374	      0.57674260	     14.60105414	     -0.30972560	      0.67843580	      6.70080416	      1.02119660	      0.01178323	      0.82754544	     -0.77189617	     -0.06398688	      0.11343484	     -1.14147167	     -0.06030960	     -0.15927453	      0.37080530	     -0.00674330	     -0.00151490	      0.01756035	     -0.03084241	      0.00921294	     -0.07945809
      2.70354900	      4.03408419	    -33.91364712	     -0.25227530	     -1.57805590	    591.43785676	     -5.21643285	     -3.64626773	      0.59332800	     -0.08918647	     -2.82934483	     -0.97327839	      0.01898988	      1.16263645	     -0.03108162	      1.07872761	     -0.03158749	     15.05267266	     -1.76670852	      0.04179733	      0.00074021	     -0.00008937	      0.00001081	     -0.00062236	      0.00705514	      0.72074963	      0.71247767	     12.07717867	     -1.50582519	      0.10290095	     -0.12398011	     -0.21836971	     11.49946165	     -1.25489729	      0.20152192	     -0.02721381	     -0.02463054	     12.29517727	     -0.96532566	      0.31603600	     13.26913016	     -0.66738045	      0.43134454	     14.68021062	     -0.31152227	      0.55113227	      6.80404534	      1.28351464	      0.02068729	      0.71728246	     -0.77915790	     -0.07410391	      0.12886881	     -1.13152968	     -0.05861332	     -0.12795659	      0.37163511	     -0.00456351	     -0.00068517	      0.02034748	     -0.02787632	      0.01005229	     -0.07832590
      2.72206700	      4.51279463	    -33.34557694	     -0.56408826	     -1.49801887	    590.67645015	     -6.69314049	     -3.68508088	      0.44364356	     -0.11832760	     -2.46109265	     -0.90940795	      0.01011821	      1.16696452	     -0.03103186	      1.01161154	     -0.03166228	     15.15647217	     -1.87370504	     -0.11381519	      0.00073956	     -0.00008817	      0.00000788	     -0.00061767	      0.00705369	      0.72049150	      0.71266731	     12.18332743	     -1.58881888	     -0.04722058	     -0.12409954	     -0.21731933	     11.60266919	     -1.31311073	      0.06170714	     -0.02714301	     -0.02465071	     12.39180147	     -1.00008552	      0.18889712	     13.35620815	     -0.68137249	      0.31757481	     14.75469380	     -0.30429660	      0.45205206	      6.84108003	      1.44580280	      0.02626746	      0.63742079	     -0.74801195	     -0.08323073	      0.14432935	     -1.12543900	     -0.06174810	     -0.09804949	      0.37341111	     -0.00310979	     -0.00039472	      0.02309926	     -0.02764541	      0.01037636	     -0.07795053
      2.74058500	      4.92650091	    -32.87780777	     -0.78867048	     -1.24742251	    590.46476132	     -6.96593433	     -3.77527455	      0.29591315	     -0.13746557	     -2.16346379	     -0.86469597	     -0.00118471	      1.18451104	     -0.03100176	      0.95156520	     -0.03173972	     15.31039339	     -1.97754601	     -0.21534222	      0.00074010	     -0.00008758	      0.00000627	     -0.00062685	      0.00705307	      0.72075476	      0.71346531	     12.32213804	     -1.66727261	     -0.14570727	     -0.12407438	     -0.21688417	     11.72356949	     -1.36652844	     -0.02945947	     -0.02710039	     -0.02469528	     12.49563758	     -1.03151031	      0.10693507	     13.44376432	     -0.69440881	      0.24505112	     14.82449746	     -0.29987072	      0.38976266	      6.81917281	      1.48918555	      0.02779568	      0.60162734	     -0.68175156	     -0.09138339	      0.15772340	     -1.12220507	     -0.06852190	     -0.07210056	      0.37618159	     -0.00258240	     -0.00054390	      0.02554912	     -0.03044498	      0.01034350	     -0.07829692
      2.75910300	      5.24782312	    -32.54408461	     -0.90931135	     -0.80043217	    590.78789289	     -6.30113824	     -3.90622329	      0.16621448	     -0.14379813	     -1.94748585	     -0.83388948	     -0.01230434	      1.21646118	     -0.03098988	      0.90135303	     -0.03181894	     15.49325190	     -2.07148969	     -0.26225552	      0.00074152	     -0.00008760	      0.00000602	     -0.00064566	      0.00705385	      0.72139391	      0.71453290	     12.47622033	     -1.73887748	     -0.19144672	     -0.12385143	     -0.21686803	     11.84918473	     -1.41707950	     -0.07105267	     -0.02708490	     -0.02474023	     12.59777256	     -1.06476071	      0.07056370	     13.52641579	     -0.71391034	      0.21370290	     14.88794405	     -0.30743697	      0.36362503	      6.75299960	      1.41276245	      0.02521600	      0.61242865	     -0.59359044	     -0.09853057	      0.16732633	     -1.12051781	     -0.07725355	     -0.05154519	      0.37976135	     -0.00294220	     -0.00096009	      0.02731289	     -0.03576191	      0.01013605	     -0.07922958
      2.77762100	      5.45097374	    -32.35579895	     -0.92220937	     -0.15344449	    591.56103913	     -5.05088208	     -4.06116271	      0.06883941	     -0.13555676	     -1.81078517	     -0.80873716	     -0.02116648	      1.26164926	     -0.03099210	      0.86086742	     -0.03189995	     15.68055697	     -2.14450506	     -0.26227930	      0.00074345	     -0.00008802	      0.00000696	     -0.00066903	      0.00705649	      0.72228249	      0.71559133	     12.62602885	     -1.79715952	     -0.19138835	     -0.12340695	     -0.21698276	     11.96499179	     -1.46261291	     -0.06995202	     -0.02709689	     -0.02476828	     12.68786107	     -1.10099861	      0.07270422	     13.59713089	     -0.74343533	      0.21633386	     14.94122358	     -0.33246391	      0.36630505	      6.66003332	      1.23121361	      0.01905335	      0.66180312	     -0.50364699	     -0.10419553	      0.17217167	     -1.11926740	     -0.08615477	     -0.03693165	      0.38375510	     -0.00392458	     -0.00145181	      0.02795700	     -0.04240418	      0.00990425	     -0.08054721
      2.79613900	      5.51385914	    -32.30762457	     -0.83393205	      0.67825075	    592.65354587	     -3.56460854	     -4.22131322	      0.01398061	     -0.11230702	     -1.74289960	     -0.78209879	     -0.02654082	      1.31698534	     -0.03100229	      0.82856631	     -0.03198295	     15.84824731	     -2.18378102	     -0.22770187	      0.00074553	     -0.00008854	      0.00000879	     -0.00069219	      0.00706117	      0.72326851	      0.71647782	     12.75255572	     -1.83329746	     -0.15698821	     -0.12272687	     -0.21696362	     12.05662331	     -1.49804090	     -0.03731995	     -0.02713281	     -0.02477097	     12.75504845	     -1.13797390	      0.10230114	     13.64758485	     -0.78280926	      0.24210162	     14.97823949	     -0.37640558	      0.38720126	      6.55674596	      0.96988840	      0.01022226	      0.73355544	     -0.43345692	     -0.10718962	      0.17232122	     -1.11798084	     -0.09372581	     -0.02807445	      0.38761472	     -0.00510222	     -0.00186690	      0.02716853	     -0.04878771	      0.00972868	     -0.08202584
      2.81465700	      5.42273434	    -32.38681281	     -0.65927123	      1.66036086	    593.91718478	     -2.12748967	     -4.36948262	      0.00587781	     -0.07538884	     -1.73157920	     -0.75089110	     -0.02802474	      1.37815380	     -0.03101397	      0.80308571	     -0.03206719	     15.97444316	     -2.17800425	     -0.17223319	      0.00074745	     -0.00008885	      0.00001116	     -0.00071132	      0.00706774	      0.72412424	      0.71715142	     12.83847193	     -1.83863128	     -0.10126183	     -0.12178398	     -0.21665838	     12.11054288	     -1.51708107	      0.01427425	     -0.02717905	     -0.02474817	     12.78837136	     -1.17112293	      0.14718022	     13.66843981	     -0.82868203	      0.27934091	     14.99084689	     -0.43675261	      0.41523556	      6.45638239	      0.65884404	     -0.00020078	      0.80676903	     -0.39984527	     -0.10569388	      0.16897660	     -1.11699565	     -0.09905951	     -0.02399282	      0.39073041	     -0.00598098	     -0.00213531	      0.02495370	     -0.05329410	      0.00960844	     -0.08346077
      2.83317500	      5.17651441	    -32.58100366	     -0.41996196	      2.73670922	    595.21072866	     -0.93690832	     -4.49188405	      0.04230556	     -0.02829741	     -1.76740695	     -0.71704970	     -0.02592739	      1.44022264	     -0.03102232	      0.78425346	     -0.03214978	     16.04000047	     -2.12004808	     -0.10921252	      0.00074897	     -0.00008869	      0.00001374	     -0.00072375	      0.00707569	      0.72454383	      0.71766437	     12.86853754	     -1.80674176	     -0.03716551	     -0.12051336	     -0.21605956	     12.11449417	     -1.51373006	      0.07239518	     -0.02721053	     -0.02470621	     12.77737826	     -1.19453836	      0.19556046	     13.65021254	     -0.87507945	      0.31704137	     14.97004571	     -0.50720232	      0.44030656	      6.36830299	      0.32699414	     -0.01119533	      0.86023286	     -0.40988664	     -0.09779694	      0.16435483	     -1.11732126	     -0.10197095	     -0.02273503	      0.39254118	     -0.00611602	     -0.00228214	      0.02176563	     -0.05464950	      0.00947540	     -0.08469861
      2.85169300	      4.78859296	    -32.88047120	     -0.14340099	      3.82720727	    596.41475554	     -0.11000102	     -4.57820815	      0.11550794	      0.02348954	     -1.84503248	     -0.68654001	     -0.02117452	      1.49800407	     -0.03102546	      0.77310726	     -0.03222553	     16.02954023	     -2.00843818	     -0.05071093	      0.00074990	     -0.00008789	      0.00001625	     -0.00072786	      0.00708416	      0.72421231	      0.71811755	     12.83076828	     -1.73468082	      0.02322760	     -0.11880987	     -0.21527643	     12.05896762	     -1.48326391	      0.12551928	     -0.02719671	     -0.02465537	     12.71396750	     -1.20177945	      0.23680173	     13.58549813	     -0.91405680	      0.34556350	     14.90865412	     -0.57817791	      0.45397675	      6.29843310	     -0.00180370	     -0.02193944	      0.87780584	     -0.45854283	     -0.08239198	      0.16127148	     -1.12026507	     -0.10292954	     -0.02139827	      0.39263148	     -0.00523073	     -0.00240766	      0.01846850	     -0.05227848	      0.00922715	     -0.08565262
      2.87021100	      4.28677164	    -33.27440384	      0.13959370	      4.83096558	    597.43538457	      0.29441025	     -4.62103869	      0.21385363	      0.07348391	     -1.96120888	     -0.66672660	     -0.01503449	      1.54632027	     -0.03102463	      0.77107960	     -0.03228759	     15.93388018	     -1.84795075	     -0.00671024	      0.00075009	     -0.00008634	      0.00001846	     -0.00072302	      0.00709200	      0.72291956	      0.71860878	     12.71902338	     -1.62375433	      0.06958566	     -0.11657148	     -0.21446730	     11.94004810	     -1.42321772	      0.16388259	     -0.02711261	     -0.02460721	     12.59552554	     -1.18701828	      0.26221560	     13.47238698	     -0.93698279	      0.35740949	     14.80504747	     -0.63825103	      0.45019202	      6.25024724	     -0.30938116	     -0.03183029	      0.85369856	     -0.53024203	     -0.06010678	      0.16246910	     -1.12694070	     -0.10283987	     -0.01662712	      0.39078915	     -0.00330858	     -0.00264348	      0.01609710	     -0.04653930	      0.00876743	     -0.08629854
      2.88872900	      3.71235831	    -33.74438414	      0.39786191	      5.63672930	    598.20124488	      0.25682984	     -4.61562471	      0.32360216	      0.11562913	     -2.11144070	     -0.66289890	     -0.00852675	      1.58040589	     -0.03102320	      0.77893297	     -0.03232888	     15.75325987	     -1.64976712	      0.01574805	      0.00074946	     -0.00008398	      0.00002018	     -0.00070948	      0.00709798	      0.72066079	      0.71918138	     12.53615215	     -1.48019981	      0.09428272	     -0.11377343	     -0.21376324	     11.76252000	     -1.33462163	      0.18044476	     -0.02694895	     -0.02457195	     12.42801867	     -1.14676197	      0.26596133	     13.31754497	     -0.93667218	      0.34804191	     14.66625028	     -0.67667874	      0.42599336	      6.22571774	     -0.58136971	     -0.04041136	      0.79530626	     -0.60443601	     -0.03378740	      0.16987351	     -1.13778203	     -0.10275269	     -0.00556326	      0.38703092	     -0.00061891	     -0.00310104	      0.01547740	     -0.03871033	      0.00804283	     -0.08665625
      2.90724700	      3.11732315	    -34.25935831	      0.60312284	      6.13832169	    598.66082261	     -0.20704692	     -4.56014175	      0.43065583	      0.14550517	     -2.28738397	     -0.67580225	     -0.00191323	      1.59647051	     -0.03102539	      0.79603766	     -0.03234356	     15.49968710	     -1.43089822	      0.01304978	      0.00074802	     -0.00008081	      0.00002127	     -0.00068843	      0.00710090	      0.71767409	      0.71979372	     12.29587287	     -1.31534792	      0.09303253	     -0.11052328	     -0.21321646	     11.54126871	     -1.22296042	      0.17150348	     -0.02671707	     -0.02455633	     12.22697803	     -1.08152353	      0.24554278	     13.13683004	     -0.90966511	      0.31624442	     14.50819452	     -0.68628615	      0.38169515	      6.22566494	     -0.80487807	     -0.04728069	      0.72119581	     -0.66313064	     -0.00812837	      0.18408038	     -1.15218864	     -0.10358329	      0.01314939	      0.38162620	      0.00234870	     -0.00383057	      0.01688060	     -0.03065299	      0.00706676	     -0.08677016
      2.92576500	      2.55739397	    -34.77506662	      0.73319157	      6.25029113	    598.78503188	     -1.03435810	     -4.45604239	      0.52246821	      0.16086911	     -2.47626914	     -0.70195465	      0.00513074	      1.59224907	     -0.03103522	      0.82024830	     -0.03232826	     15.19691676	     -1.21225418	     -0.01495450	      0.00074587	     -0.00007690	      0.00002164	     -0.00066208	      0.00709992	      0.71439995	      0.72033450	     12.02196967	     -1.14450712	      0.06506345	     -0.10705612	     -0.21279525	     11.29967383	     -1.09793564	      0.13681628	     -0.02644707	     -0.02456265	     12.01519141	     -0.99636352	      0.20176980	     12.95237846	     -0.85742472	      0.26390137	     14.35220641	     -0.66530435	      0.32043371	      6.24920610	     -0.96741924	     -0.05204311	      0.65413349	     -0.69694048	      0.01158922	      0.20431135	     -1.16841953	     -0.10590018	      0.03881215	      0.37513619	      0.00502599	     -0.00480339	      0.01989772	     -0.02423434	      0.00592405	     -0.08670043
      2.94428300	      2.08174699	    -35.23862612	      0.77521286	      5.92086177	    598.57430559	     -2.09806882	     -4.30823233	      0.59003416	      0.16163314	     -2.66244996	     -0.73633210	      0.01274776	      1.56735800	     -0.03105592	      0.84831883	     -0.03228292	     14.87767200	     -1.01527266	     -0.06501638	      0.00074327	     -0.00007238	      0.00002129	     -0.00063362	      0.00709475	      0.71137577	      0.72067839	     11.74476982	     -0.98435119	      0.01314987	     -0.10367301	     -0.21241927	     11.06534572	     -0.97163858	      0.07955347	     -0.02618005	     -0.02458925	     11.81780593	     -0.89972874	      0.13854583	     12.78717562	     -0.78570064	      0.19560742	     14.21905556	     -0.61721282	      0.24756503	      6.29259133	     -1.05769438	     -0.05433175	      0.61224949	     -0.70682913	      0.02118663	      0.22882526	     -1.18384599	     -0.10982439	      0.06886541	      0.36842517	      0.00692899	     -0.00592122	      0.02360810	     -0.02074580	      0.00475347	     -0.08652406
      2.96280100	      1.72375877	    -35.59696840	      0.72809759	      5.14164786	    598.06551181	     -3.20243500	     -4.12486524	      0.62925192	      0.14946049	     -2.83038586	     -0.77498034	      0.02032267	      1.52333499	     -0.03108970	      0.87666963	     -0.03221102	     14.57870646	     -0.85802608	     -0.13042764	      0.00074058	     -0.00006747	      0.00002032	     -0.00060709	      0.00708579	      0.70909937	      0.72074137	     11.49598460	     -0.84960845	     -0.05627497	     -0.10065546	     -0.21200760	     10.86478951	     -0.85578956	      0.00633836	     -0.02595702	     -0.02463165	     11.65686241	     -0.80110361	      0.06279108	     12.65950079	     -0.70245179	      0.11847782	     14.12332417	     -0.54885569	      0.17035552	      6.34825876	     -1.06797677	     -0.05389206	      0.60284195	     -0.70123416	      0.01895438	      0.25551419	     -1.19560908	     -0.11504566	      0.09973336	      0.36255202	      0.00777959	     -0.00704438	      0.02694488	     -0.02057283	      0.00371108	     -0.08633390
      2.98131900	      1.49729117	    -35.80695652	      0.60301084	      3.95347082	    597.33362579	     -4.10377833	     -3.91663782	      0.64085858	      0.12710473	     -2.96800308	     -0.81569279	      0.02663608	      1.46335642	     -0.03113777	      0.90226326	     -0.03211917	     14.33471213	     -0.75226593	     -0.20115918	      0.00073829	     -0.00006244	      0.00001893	     -0.00058686	      0.00707404	      0.70790625	      0.72050129	     11.30323955	     -0.75043188	     -0.13324540	     -0.09819572	     -0.21151293	     10.71862990	     -0.75935405	     -0.07291449	     -0.02580779	     -0.02468343	     11.54714816	     -0.70874476	     -0.01575015	     12.57933351	     -0.61558984	      0.04194487	     14.07037499	     -0.46810708	      0.09778571	      6.40504747	     -0.99723759	     -0.05069698	      0.62155556	     -0.69082805	      0.00612055	      0.28235424	     -1.20153392	     -0.12093511	      0.12792434	      0.35850177	      0.00755026	     -0.00802450	      0.02906320	     -0.02322609	      0.00292652	     -0.08622485
      2.99983700	      1.39935843	    -35.84491327	      0.42148461	      2.44666885	    596.48469220	     -4.55627398	     -3.69590213	      0.62889919	      0.09775022	     -3.06932763	     -0.85688170	      0.03056351	      1.39179313	     -0.03120047	      0.92330864	     -0.03201593	     14.17223804	     -0.70235868	     -0.26483724	      0.00073684	     -0.00005761	      0.00001737	     -0.00057693	      0.00706095	      0.70789957	      0.71998154	     11.18538629	     -0.69138715	     -0.20525255	     -0.09637209	     -0.21093156	     10.63837547	     -0.68749256	     -0.14597542	     -0.02574371	     -0.02473681	     11.49422635	     -0.62851260	     -0.08543098	     12.54745879	     -0.53164137	     -0.02307967	     14.05651994	     -0.38230108	      0.03982947	      6.45002464	     -0.85370123	     -0.04504311	      0.65627356	     -0.68388308	     -0.01369756	      0.30755350	     -1.20093685	     -0.12671585	      0.15095676	      0.35684955	      0.00643251	     -0.00873012	      0.02955682	     -0.02765068	      0.00247015	     -0.08626758
      3.01835500	      1.41665707	    -35.71294644	      0.21151513	      0.75431312	    595.63960008	     -4.36976472	     -3.47597497	      0.59850324	      0.06458631	     -3.13539269	     -0.89593630	      0.03179399	      1.31378580	     -0.03127713	      0.93953344	     -0.03191024	     14.10494366	     -0.70608760	     -0.30881356	      0.00073657	     -0.00005329	      0.00001592	     -0.00058007	      0.00704802	      0.70895232	      0.71922022	     11.14948039	     -0.67207215	     -0.25933654	     -0.09517113	     -0.21029323	     10.62512470	     -0.64193106	     -0.20033288	     -0.02575661	     -0.02478342	     11.49460674	     -0.56398138	     -0.13461655	     12.55685283	     -0.45561459	     -0.06597199	     14.07158162	     -0.29783595	      0.00586913	      6.47149712	     -0.65536386	     -0.03757246	      0.69294614	     -0.68413143	     -0.03576903	      0.32949410	     -1.19492049	     -0.13162716	      0.16781435	      0.35753238	      0.00475187	     -0.00906088	      0.02847954	     -0.03262974	      0.00234386	     -0.08648187
      3.03687300	      1.53209242	    -35.43958491	      0.00254831	     -0.96216458	    594.91240649	     -3.46160159	     -3.27049622	      0.55409834	      0.03065136	     -3.17285630	     -0.92841632	      0.03107846	      1.23487805	     -0.03136588	      0.95187362	     -0.03180986	     14.13132125	     -0.75660040	     -0.32291754	      0.00073766	     -0.00004974	      0.00001484	     -0.00059709	      0.00703659	      0.71077615	      0.71825414	     11.18999537	     -0.68872917	     -0.28485016	     -0.09453117	     -0.20964316	     10.67020271	     -0.62220540	     -0.22585703	     -0.02582414	     -0.02481606	     11.53754104	     -0.51736557	     -0.15418843	     12.59540490	     -0.39167689	     -0.07872117	     14.10248242	     -0.22062151	      0.00257921	      6.46209825	     -0.42760904	     -0.02918931	      0.72061575	     -0.69127988	     -0.05571517	      0.34669595	     -1.18597272	     -0.13501742	      0.17885477	      0.35985367	      0.00286198	     -0.00895200	      0.02622144	     -0.03711990	      0.00249559	     -0.08682439
      3.05539100	      1.72808076	    -35.07410802	     -0.17937887	     -2.53324912	    594.39014908	     -1.88703993	     -3.09245361	      0.49904654	     -0.00113419	     -3.19074764	     -0.94872094	      0.02984052	      1.16065580	     -0.03146338	      0.96166643	     -0.03172068	     14.23537171	     -0.84450851	     -0.30210264	      0.00073999	     -0.00004711	      0.00001429	     -0.00062647	      0.00702753	      0.71302617	      0.71713473	     11.29031000	     -0.73594156	     -0.27610924	     -0.09437448	     -0.20902958	     10.75733584	     -0.62695167	     -0.21733267	     -0.02591943	     -0.02483125	     11.60769432	     -0.49048942	     -0.13990957	     12.64893974	     -0.34389929	     -0.05811596	     14.13655462	     -0.15663627	      0.03194079	      6.42084832	     -0.19856299	     -0.02089732	      0.73393728	     -0.70286681	     -0.07056949	      0.35793666	     -1.17703868	     -0.13636360	      0.18538442	      0.36272066	      0.00105754	     -0.00837504	      0.02333678	     -0.04043278	      0.00284799	     -0.08719612
      3.07390900	      1.98564474	    -34.67609266	     -0.31513877	     -3.80394044	    594.12109400	      0.16017253	     -2.95278390	      0.43678104	     -0.02789089	     -3.19655559	     -0.95205430	      0.02933754	      1.09633990	     -0.03156500	      0.96966891	     -0.03164679	     14.39015236	     -0.95933180	     -0.24811509	      0.00074324	     -0.00004539	      0.00001429	     -0.00066452	      0.00702129	      0.71540162	      0.71596994	     11.42619114	     -0.80766137	     -0.23408267	     -0.09461240	     -0.20850466	     10.86593062	     -0.65453080	     -0.17605256	     -0.02602078	     -0.02483193	     11.68815290	     -0.48510989	     -0.09387803	     12.70393034	     -0.31638126	     -0.00705595	     14.16390875	     -0.11189730	      0.09009161	      6.35359236	      0.00606242	     -0.01361797	      0.73296890	     -0.71584563	     -0.07910951	      0.36249147	     -1.17047165	     -0.13527968	      0.18922145	      0.36501242	     -0.00046810	     -0.00734091	      0.02040342	     -0.04226626	      0.00332940	     -0.08746506
      3.09242700	      2.28110582	    -34.30248898	     -0.39408998	     -4.65533524	    594.11417199	      2.37679726	     -2.85868038	      0.37230744	     -0.04687733	     -3.19293544	     -0.93698057	      0.02973336	      1.04628326	     -0.03166535	      0.97529838	     -0.03159128	     14.56370514	     -1.09012784	     -0.16942820	      0.00074695	     -0.00004444	      0.00001473	     -0.00070597	      0.00701799	      0.71771298	      0.71496703	     11.57087376	     -0.89741344	     -0.16638303	     -0.09513253	     -0.20813400	     10.97518915	     -0.70282968	     -0.10975425	     -0.02611837	     -0.02482888	     11.76363699	     -0.50242341	     -0.02437195	     12.74990178	     -0.31257190	      0.06569076	     14.17900501	     -0.09164131	      0.16766944	      6.27178419	      0.16723231	     -0.00803588	      0.72141752	     -0.72734133	     -0.08160612	      0.36040484	     -1.16729010	     -0.13156463	      0.19235698	      0.36593071	     -0.00162587	     -0.00590529	      0.01792823	     -0.04265040	      0.00389380	     -0.08750053
      3.11094500	      2.58400421	    -33.99522682	     -0.41408811	     -5.02211447	    594.34648557	      4.40254696	     -2.81200436	      0.31270840	     -0.05588072	     -3.17624678	     -0.90723716	      0.02962933	      1.01340273	     -0.03175915	      0.97646546	     -0.03155706	     14.72619496	     -1.22575107	     -0.07930251	      0.00075057	     -0.00004398	      0.00001533	     -0.00074490	      0.00701761	      0.71989772	      0.71443863	     11.70085515	     -0.99810279	     -0.08541838	     -0.09578864	     -0.20800137	     11.06848213	     -0.76864288	     -0.03076379	     -0.02621526	     -0.02483951	     11.82361576	     -0.54214005	      0.05604927	     12.78146815	     -0.33415526	      0.14741471	     14.18161643	     -0.09907332	      0.25177146	      6.19001959	      0.27515469	     -0.00449932	      0.70468811	     -0.73504664	     -0.07934040	      0.35270831	     -1.16703065	     -0.12528897	      0.19663087	      0.36520276	     -0.00241394	     -0.00417220	      0.01627586	     -0.04186500	      0.00452082	     -0.08721498
      3.12946300	      2.85898535	    -33.77329201	     -0.38066684	     -4.90148669	    594.77329292	      5.88629401	     -2.80868704	      0.26623750	     -0.05374901	     -3.13784372	     -0.87146122	      0.02647502	      0.99873219	     -0.03184184	      0.97021388	     -0.03154691	     14.85635616	     -1.35519429	      0.00727611	      0.00075363	     -0.00004370	      0.00001580	     -0.00077586	      0.00702014	      0.72197755	      0.71474434	     11.80085258	     -1.10190279	     -0.00543888	     -0.09640908	     -0.20819684	     11.13678524	     -0.84713895	      0.04692619	     -0.02632243	     -0.02488363	     11.86444107	     -0.60164916	      0.13346153	     12.79938561	     -0.38003574	      0.22435400	     14.17682836	     -0.13423183	      0.32880820	      6.12300773	      0.32957058	     -0.00300098	      0.68819607	     -0.73759475	     -0.07408865	      0.34145516	     -1.16821980	     -0.11688618	      0.20341288	      0.36308320	     -0.00289082	     -0.00229359	      0.01562169	     -0.04034095	      0.00519873	     -0.08660016
      3.14798100	      3.07176529	    -33.63214779	     -0.30574942	     -4.34921820	    595.33626023	      6.55245942	     -2.83985890	      0.24033755	     -0.04082248	     -3.06790811	     -0.84064339	      0.01768358	      1.00131853	     -0.03190973	      0.95401452	     -0.03156259	     14.94531582	     -1.46812232	      0.07665498	      0.00075577	     -0.00004330	      0.00001585	     -0.00079478	      0.00702555	      0.72397447	      0.71617677	     11.86636917	     -1.20042545	      0.06042780	     -0.09682738	     -0.20878570	     11.17999033	     -0.93170289	      0.11056137	     -0.02644941	     -0.02497692	     11.88961787	     -0.67563630	      0.19543061	     12.80999050	     -0.44582479	      0.28447423	     14.17368133	     -0.19340307	      0.38719159	      6.08275027	      0.33780127	     -0.00324035	      0.67588942	     -0.73477628	     -0.06764454	      0.32947109	     -1.16918215	     -0.10720281	      0.21338129	      0.36019307	     -0.00314200	     -0.00046235	      0.01594890	     -0.03854520	      0.00590243	     -0.08574205
      3.16649900	      3.19752664	    -33.55008581	     -0.20580352	     -3.46218781	    595.96841340	      6.25261643	     -2.89449685	      0.23899478	     -0.01914172	     -2.96031103	     -0.82432309	      0.00187342	      1.01853241	     -0.03195966	      0.92719127	     -0.03160329	     14.99686376	     -1.55563267	      0.11882120	      0.00075682	     -0.00004262	      0.00001529	     -0.00079957	      0.00703375	      0.72582977	      0.71883538	     11.90325063	     -1.28529060	      0.10242510	     -0.09693060	     -0.20976669	     11.20576835	     -1.01434980	      0.15079905	     -0.02659525	     -0.02512463	     11.90811957	     -0.75640203	      0.23309883	     12.82310958	     -0.52411039	      0.31944823	     14.18270787	     -0.26938427	      0.41918630	      6.07650807	      0.31140824	     -0.00473945	      0.66919353	     -0.72751910	     -0.06146523	      0.31985232	     -1.16876329	     -0.09746073	      0.22643465	      0.35728411	     -0.00324964	      0.00110501	      0.01708712	     -0.03687167	      0.00657668	     -0.08480882
      3.18501700	      3.22876854	    -33.49836937	     -0.09928510	     -2.35261890	    596.59727170	      4.99199874	     -2.96271024	      0.26031855	      0.00770488	     -2.81650401	     -0.82707596	     -0.02034467	      1.04670634	     -0.03198864	      0.89186489	     -0.03166443	     15.02463530	     -1.61128905	      0.12879966	      0.00075677	     -0.00004160	      0.00001410	     -0.00079031	      0.00704435	      0.72736901	      0.72254235	     11.92478739	     -1.34918605	      0.11555708	     -0.09670913	     -0.21103620	     11.22662245	     -1.08683695	      0.16302490	     -0.02674406	     -0.02531811	     11.93144648	     -0.83502730	      0.24239880	     12.84917623	     -0.60565707	      0.32575434	     14.21312816	     -0.35273270	      0.42187037	      6.10579414	      0.26265820	     -0.00697456	      0.66681229	     -0.71771957	     -0.05650524	      0.31533082	     -1.16666906	     -0.08909696	      0.24171887	      0.35501902	     -0.00327618	      0.00219655	      0.01876792	     -0.03556987	      0.00713164	     -0.08401513
      3.20353500	      3.17916476	    -33.45145287	     -0.00361037	     -1.12251694	    597.14943417	      2.92758807	     -3.03867730	      0.29572332	      0.03526265	     -2.64696547	     -0.84651280	     -0.04633529	      1.08192974	     -0.03199364	      0.85302104	     -0.03173742	     15.04751043	     -1.63222149	      0.10717448	      0.00075576	     -0.00004037	      0.00001240	     -0.00076914	      0.00705668	      0.72832803	      0.72683645	     11.94754573	     -1.38723719	      0.10015652	     -0.09628394	     -0.21237308	     11.25620298	     -1.14230208	      0.14787170	     -0.02686742	     -0.02553552	     11.97040114	     -0.90320905	      0.22447913	     12.89643675	     -0.68134903	      0.30500551	     14.27050240	     -0.43378711	      0.39735037	      6.16640718	      0.20182067	     -0.00949100	      0.66551587	     -0.70793907	     -0.05321067	      0.31765687	     -1.16336922	     -0.08348456	      0.25778443	      0.35382680	     -0.00326393	      0.00263977	      0.02067852	     -0.03472595	      0.00745445	     -0.08357146
      3.22205300	      3.08201252	    -33.39426141	      0.06754519	      0.15354356	    597.55843308	      0.33882371	     -3.12218635	      0.33131697	      0.05933338	     -2.46980140	     -0.87305111	     -0.07191470	      1.12076476	     -0.03197190	      0.81764861	     -0.03181095	     15.08458276	     -1.61987673	      0.05965945	      0.00075404	     -0.00003914	      0.00001043	     -0.00073974	      0.00706975	      0.72842766	      0.73104298	     11.98711179	     -1.39819843	      0.06152235	     -0.09589893	     -0.21345473	     11.30589642	     -1.17686479	      0.11082872	     -0.02693221	     -0.02574597	     12.03243927	     -0.95514451	      0.18524803	     12.96896600	     -0.74421980	      0.26343791	     14.35541893	     -0.50477406	      0.35219184	      6.24947234	      0.13596001	     -0.01197324	      0.66151620	     -0.70087638	     -0.05159967	      0.32715120	     -1.15970265	     -0.08161113	      0.27289978	      0.35385100	     -0.00324251	      0.00233686	      0.02251243	     -0.03428870	      0.00743679	     -0.08363099
      3.24057100	      2.98364352	    -33.32481324	      0.10573142	      1.43119420	    597.77502138	     -2.42451220	     -3.21801871	      0.35100848	      0.07711267	     -2.30700196	     -0.89152310	     -0.09192828	      1.16066163	     -0.03192178	      0.79318075	     -0.03187336	     15.15072294	     -1.57997371	     -0.00426403	      0.00075192	     -0.00003818	      0.00000851	     -0.00070671	      0.00708241	      0.72746962	      0.73439475	     12.05460034	     -1.38485647	      0.00858867	     -0.09588092	     -0.21391388	     11.38235433	     -1.19043161	      0.06088694	     -0.02691096	     -0.02591490	     12.12009572	     -0.98860757	      0.13398442	     13.06584482	     -0.79066731	      0.21051528	     14.46341957	     -0.56108364	      0.29603588	      6.34333753	      0.06930996	     -0.01425359	      0.65175651	     -0.69861667	     -0.05137748	      0.34253763	     -1.15641664	     -0.08384346	      0.28547897	      0.35497609	     -0.00323367	      0.00129264	      0.02401927	     -0.03412060	      0.00701060	     -0.08424940
      3.25908900	      2.93200931	    -33.25229148	      0.10782100	      2.68317009	    597.77816703	     -5.00675464	     -3.33324085	      0.34055361	      0.08781330	     -2.17942022	     -0.88519158	     -0.10107480	      1.19998964	     -0.03184398	      0.78567956	     -0.03191554	     15.25340846	     -1.52130275	     -0.07336111	      0.00074973	     -0.00003774	      0.00000695	     -0.00067471	      0.00709359	      0.72542119	      0.73618006	     12.15438591	     -1.35318809	     -0.04809998	     -0.09656942	     -0.21342978	     11.48620348	     -1.18617457	      0.00849010	     -0.02679085	     -0.02600879	     12.23054728	     -1.00465591	      0.08127928	     13.18141720	     -0.82030069	      0.15689576	     14.58594191	     -0.60119861	      0.23962416	      6.43587059	      0.00452987	     -0.01627037	      0.63465393	     -0.70193071	     -0.05207057	      0.36114829	     -1.15388817	     -0.08985807	      0.29447868	      0.35690049	     -0.00325061	     -0.00037487	      0.02504508	     -0.03405434	      0.00617775	     -0.08537085
      3.27760700	      2.96146475	    -33.19231065	      0.07545045	      3.87635669	    597.58436056	     -7.10769758	     -3.47319997	      0.29188572	      0.09248379	     -2.10202201	     -0.84204063	     -0.09533309	      1.23773758	     -0.03174275	      0.79830972	     -0.03193336	     15.39116031	     -1.45338115	     -0.13687009	      0.00074776	     -0.00003795	      0.00000599	     -0.00064769	      0.00710251	      0.72245875	      0.73589388	     12.28319266	     -1.31030625	     -0.09862807	     -0.09821897	     -0.21182477	     11.61186966	     -1.16875652	     -0.03672386	     -0.02657917	     -0.02599876	     12.35608232	     -1.00608667	      0.03677230	     13.30627845	     -0.83458308	      0.11219359	     14.71182103	     -0.62549985	      0.19261322	      6.51651295	     -0.05625542	     -0.01801170	      0.61026241	     -0.71000026	     -0.05315931	      0.37956002	     -1.15217016	     -0.09872500	      0.29960853	      0.35922207	     -0.00329612	     -0.00244824	      0.02554826	     -0.03394048	      0.00501895	     -0.08684544
      3.29612500	      3.07749319	    -33.16174862	      0.01446561	      4.94996438	    597.25078518	     -8.52636146	     -3.63743199	      0.20710120	      0.09316161	     -2.08101688	     -0.76129480	     -0.07359082	      1.27303245	     -0.03162641	      0.83056165	     -0.03192889	     15.55358986	     -1.38358450	     -0.18647960	      0.00074625	     -0.00003880	      0.00000577	     -0.00062837	      0.00710882	      0.71895140	      0.73336286	     12.43043994	     -1.26183248	     -0.13567232	     -0.10088949	     -0.20913565	     11.74828780	     -1.14196335	     -0.06789696	     -0.02630340	     -0.02586421	     12.48514266	     -0.99531305	      0.00716469	     13.42858072	     -0.83494033	      0.08299489	     14.82886191	     -0.63461226	      0.16160464	      6.57761048	     -0.11126247	     -0.01947835	      0.58002563	     -0.72068160	     -0.05417344	      0.39453385	     -1.15130600	     -0.10910511	      0.30131253	      0.36150960	     -0.00336413	     -0.00464835	      0.02559034	     -0.03367812	      0.00367626	     -0.08847032
      3.31464300	      3.24755427	    -33.17488986	     -0.06599730	      5.80523340	    596.86770217	     -9.17923743	     -3.81690228	      0.10092166	      0.09172933	     -2.11369434	     -0.65698905	     -0.03837063	      1.30467416	     -0.03150684	      0.87841063	     -0.03190981	     15.72283469	     -1.31482459	     -0.21766565	      0.00074533	     -0.00004013	      0.00000630	     -0.00061801	      0.00711253	      0.71538734	      0.72881125	     12.57963198	     -1.20971825	     -0.15578899	     -0.10435902	     -0.20564467	     11.88026525	     -1.10670653	     -0.08222738	     -0.02600625	     -0.02559784	     12.60367105	     -0.97255424	     -0.00506517	     13.53535868	     -0.82114780	      0.07156534	     14.92514891	     -0.62801107	      0.14883803	      6.61490725	     -0.15950047	     -0.02067403	      0.54627149	     -0.73114876	     -0.05474915	      0.40391445	     -1.15166506	     -0.11952662	      0.30058028	      0.36335292	     -0.00344425	     -0.00668545	      0.02531086	     -0.03322701	      0.00231604	     -0.09003839
      3.33316100	      3.40424394	    -33.24125969	     -0.15555067	      6.31339744	    596.53962691	     -9.09315805	     -3.99381781	     -0.00026625	      0.08889631	     -2.19060093	     -0.55602902	      0.00503486	      1.33084451	     -0.03139800	      0.93527852	     -0.03188705	     15.87618432	     -1.24483701	     -0.23016429	      0.00074506	     -0.00004164	      0.00000746	     -0.00061652	      0.00711393	      0.71226988	      0.72283593	     12.71067035	     -1.15151911	     -0.15978967	     -0.10810973	     -0.20185627	     11.99043640	     -1.06031768	     -0.08128371	     -0.02573723	     -0.02521085	     12.69673791	     -0.93516760	     -0.00194550	     13.61386872	     -0.79072443	      0.07557900	     14.99009580	     -0.60350227	      0.15190819	      6.62738845	     -0.20126622	     -0.02161245	      0.51158330	     -0.73870265	     -0.05468277	      0.40715289	     -1.15400381	     -0.12867830	      0.29866045	      0.36440954	     -0.00352589	     -0.00830915	      0.02489180	     -0.03260480	      0.00108855	     -0.09137998
      3.35167900	      3.46316511	    -33.36433787	     -0.24522173	      6.34326682	    596.36050678	     -8.37941633	     -4.14451091	     -0.06430388	      0.08380077	     -2.29887111	     -0.49038183	      0.05043382	      1.34904214	     -0.03131379	      0.99344948	     -0.03187146	     15.98983688	     -1.16758427	     -0.22753426	      0.00074538	     -0.00004298	      0.00000908	     -0.00062271	      0.00711338	      0.71002289	      0.71628016	     12.80309675	     -1.08161738	     -0.15215679	     -0.11143365	     -0.19839651	     12.06189956	     -0.99760410	     -0.07029542	     -0.02554273	     -0.02473505	     12.75061274	     -0.87855067	      0.01078589	     13.65316122	     -0.73970995	      0.08896808	     15.01550829	     -0.55788654	      0.16462839	      6.61675737	     -0.23817691	     -0.02232400	      0.47819341	     -0.74153479	     -0.05400599	      0.40530830	     -1.15916466	     -0.13563163	      0.29674552	      0.36446714	     -0.00359984	     -0.00934737	      0.02451429	     -0.03187411	      0.00009869	     -0.09238889
      3.37019700	      3.35115806	    -33.53993920	     -0.32905517	      5.80214593	    596.39103270	     -7.19912473	     -4.24452667	     -0.06354964	      0.07447424	     -2.42533790	     -0.48595256	      0.09233102	      1.35618621	     -0.03126598	      1.04551525	     -0.03187051	     16.04352783	     -1.07636598	     -0.21590263	      0.00074618	     -0.00004377	      0.00001095	     -0.00063480	      0.00711119	      0.70893884	      0.71003898	     12.84005669	     -0.99404431	     -0.13962625	     -0.11365496	     -0.19583657	     12.08141955	     -0.91337120	     -0.05657743	     -0.02545747	     -0.02421941	     12.75526315	     -0.79836324	      0.02537904	     13.64595662	     -0.66460542	      0.10370146	     14.99682526	     -0.48860898	      0.17884730	      6.58674629	     -0.27253614	     -0.02285008	      0.44756461	     -0.73922327	     -0.05306350	      0.40057232	     -1.16761422	     -0.13993512	      0.29571245	      0.36351178	     -0.00365806	     -0.00973123	      0.02431556	     -0.03112464	     -0.00060694	     -0.09302964
      3.38871500	      3.03445602	    -33.75386569	     -0.40365091	      4.67608849	    596.64524753	     -5.72986170	     -4.27382198	      0.01386069	      0.05885336	     -2.55834946	     -0.55259849	      0.12663346	      1.34883674	     -0.03126261	      1.08546542	     -0.03188616	     16.02508832	     -0.96741753	     -0.20216406	      0.00074733	     -0.00004375	      0.00001290	     -0.00065087	      0.00710764	      0.70917671	      0.70486489	     12.81215832	     -0.88580163	     -0.12926417	     -0.11438769	     -0.19450351	     12.04252340	     -0.80543829	     -0.04747427	     -0.02549892	     -0.02372210	     12.70676112	     -0.69321630	      0.03423714	     13.59044469	     -0.56473191	      0.11202779	     14.93430630	     -0.39575619	      0.18673882	      6.54234867	     -0.30626103	     -0.02322785	      0.42034285	     -0.73275547	     -0.05250998	      0.39548414	     -1.17907581	     -0.14158769	      0.29600380	      0.36176502	     -0.00369312	     -0.00950157	      0.02436202	     -0.03045454	     -0.00103812	     -0.09332848
      3.40723300	      2.53488155	    -33.98025903	     -0.46606732	      3.05227113	    597.08950453	     -4.14042629	     -4.22024546	      0.15691227	      0.03579661	     -2.68797395	     -0.67947956	      0.15073989	      1.32363548	     -0.03130715	      1.10920866	     -0.03191468	     15.93353129	     -0.84254043	     -0.19203898	      0.00074871	     -0.00004275	      0.00001478	     -0.00066924	      0.00710304	      0.71078701	      0.70124169	     12.72000721	     -0.75933775	     -0.12648709	     -0.11370974	     -0.19437340	     11.94746473	     -0.67692706	     -0.04832162	     -0.02566565	     -0.02330076	     12.60874824	     -0.56673692	      0.03201157	     13.49131966	     -0.44404494	      0.10861558	     14.83364264	     -0.28357598	      0.18297878	      6.48903729	     -0.33981890	     -0.02347577	      0.39674817	     -0.72402979	     -0.05315397	      0.39208828	     -1.19238415	     -0.14093549	      0.29768200	      0.35966162	     -0.00369904	     -0.00879269	      0.02464844	     -0.02995518	     -0.00124613	     -0.09335440
      3.42575100	      1.92676524	    -34.18312986	     -0.51114672	      1.11120428	    597.65225551	     -2.57492596	     -4.08098286	      0.33263525	      0.00574914	     -2.80523744	     -0.83778796	      0.16328140	      1.27813355	     -0.03139806	      1.11456947	     -0.03194838	     15.77970716	     -0.70972252	     -0.18840757	      0.00075022	     -0.00004074	      0.00001650	     -0.00068870	      0.00709773	      0.71373185	      0.69936441	     12.57456995	     -0.62316998	     -0.13345491	     -0.11216874	     -0.19509802	     11.80732050	     -0.53686032	     -0.06087015	     -0.02593911	     -0.02300440	     12.47232143	     -0.42811123	      0.01716744	     13.35950551	     -0.31158871	      0.09211724	     14.70554099	     -0.16080265	      0.16632222	      6.43202541	     -0.37141388	     -0.02357896	      0.37720698	     -0.71512947	     -0.05570878	      0.39132223	     -1.20563416	     -0.13853072	      0.30058550	      0.35776497	     -0.00367610	     -0.00779781	      0.02511410	     -0.02970192	     -0.00129905	     -0.09319366
      3.44426900	      1.31534793	    -34.32227642	     -0.52959456	     -0.91128864	    598.24068801	     -1.14359690	     -3.86262979	      0.49529436	     -0.02909510	     -2.90147006	     -0.98989636	      0.16355952	      1.21191772	     -0.03152863	      1.10100014	     -0.03197832	     15.58441739	     -0.58147426	     -0.19028078	      0.00075181	     -0.00003780	      0.00001800	     -0.00070854	      0.00709204	      0.71788491	      0.69921670	     12.39527033	     -0.49034613	     -0.14816508	     -0.11061132	     -0.19614659	     11.64012725	     -0.39873736	     -0.08247303	     -0.02628839	     -0.02286889	     12.31424454	     -0.29076274	     -0.00726347	     13.21047529	     -0.18025855	      0.06588291	     14.56418051	     -0.03948306	      0.14030556	      6.37561844	     -0.39636996	     -0.02346411	      0.36285687	     -0.70781432	     -0.06059339	      0.39285880	     -1.21662349	     -0.13497379	      0.30445926	      0.35663959	     -0.00363783	     -0.00672726	      0.02565740	     -0.02975136	     -0.00125628	     -0.09292267
      3.46278700	      0.80499896	    -34.36249701	     -0.50841684	     -2.77987947	    598.75901707	      0.08137247	     -3.58035928	      0.60053503	     -0.06519290	     -2.96866734	     -1.10127073	      0.15120186	      1.12758544	     -0.03168724	      1.06933857	     -0.03199720	     15.37434193	     -0.47150102	     -0.19261435	      0.00075345	     -0.00003413	      0.00001924	     -0.00072840	      0.00708624	      0.72302003	      0.70068092	     12.20620894	     -0.37528590	     -0.16440359	     -0.10989590	     -0.19700833	     11.46744593	     -0.27754482	     -0.10614406	     -0.02667739	     -0.02291454	     12.15385025	     -0.16955138	     -0.03381239	     13.06149076	     -0.06419906	      0.03777837	     14.42481380	      0.06741930	      0.11303883	      6.32278770	     -0.40667274	     -0.02296437	      0.35558399	     -0.70338145	     -0.06786624	      0.39542585	     -1.22339313	     -0.13077260	      0.30900479	      0.35671752	     -0.00361208	     -0.00576622	      0.02614483	     -0.03014081	     -0.00115237	     -0.09259049
      3.48130500	      0.46927645	    -34.28350792	     -0.43435001	     -4.31374532	    599.12359719	      1.06494334	     -3.25642365	      0.61937792	     -0.09852749	     -3.00120042	     -1.15042603	      0.12663810	      1.03107276	     -0.03185827	      1.02187575	     -0.03200141	     15.17656078	     -0.39105802	     -0.18704639	      0.00075507	     -0.00002999	      0.00002024	     -0.00074806	      0.00708037	      0.72880313	      0.70360070	     12.03127627	     -0.29023429	     -0.17260529	     -0.11059228	     -0.19738447	     11.31008359	     -0.18632206	     -0.12150917	     -0.02707269	     -0.02314281	     12.00930293	     -0.07750534	     -0.05158525	     12.92836149	      0.02424910	      0.01912523	     14.30102266	      0.14882456	      0.09611640	      6.27512260	     -0.39099252	     -0.02179707	      0.35744759	     -0.70270951	     -0.07727508	      0.39738819	     -1.22461408	     -0.12626585	      0.31389411	      0.35819958	     -0.00363234	     -0.00503820	      0.02642515	     -0.03088422	     -0.00099370	     -0.09221706
      3.49982300	      0.33276088	    -34.08722247	     -0.29876806	     -5.41955889	    599.27333547	      1.80376699	     -2.91827941	      0.54722215	     -0.12561583	     -2.99811707	     -1.13370798	      0.09194734	      0.93112982	     -0.03202362	      0.96265216	     -0.03199165	     15.01318902	     -0.34637428	     -0.16365093	      0.00075660	     -0.00002573	      0.00002103	     -0.00076721	      0.00707426	      0.73479301	      0.70777565	     11.88947972	     -0.24265046	     -0.16170121	     -0.11277711	     -0.19729212	     11.18410436	     -0.13354752	     -0.11672327	     -0.02744880	     -0.02353302	     11.89419821	     -0.02329182	     -0.04822961	     12.82255941	      0.07691669	      0.02268945	     14.20232797	      0.19767385	      0.10257033	      6.23313216	     -0.33580780	     -0.01958581	      0.36969573	     -0.70632690	     -0.08833932	      0.39731666	     -1.21976232	     -0.12162518	      0.31879056	      0.36101295	     -0.00372478	     -0.00458591	      0.02635384	     -0.03196147	     -0.00076554	     -0.09180082
      3.51834100	      0.36885647	    -33.79915123	     -0.10172076	     -6.09335628	    599.17639257	      2.31791732	     -2.59623797	      0.40509956	     -0.14419626	     -2.96457503	     -1.06436564	      0.05116754	      0.83804419	     -0.03216503	      0.89756940	     -0.03197221	     14.89796153	     -0.33789200	     -0.11368888	      0.00075792	     -0.00002170	      0.00002165	     -0.00078533	      0.00706756	      0.74045371	      0.71292546	     11.79204101	     -0.23430821	     -0.12191731	     -0.11599581	     -0.19704166	     11.09843565	     -0.12215451	     -0.08131767	     -0.02778850	     -0.02404220	     11.81560583	     -0.01025000	     -0.01283185	     12.74962935	      0.09067015	      0.05973602	     14.13294327	      0.21160196	      0.14387633	      6.19668951	     -0.22820887	     -0.01595015	      0.39187256	     -0.71454457	     -0.10038484	      0.39438195	     -1.20916991	     -0.11691291	      0.32335852	      0.36482448	     -0.00389952	     -0.00437679	      0.02581941	     -0.03330415	     -0.00044699	     -0.09132880
      3.53685900	      0.51187016	    -33.46239019	      0.14634080	     -6.39519600	    598.83346048	      2.64224933	     -2.32024134	      0.23339493	     -0.15336818	     -2.91125686	     -0.96747433	      0.00972622	      0.76190815	     -0.03226667	      0.83390368	     -0.03194929	     14.83590970	     -0.36128596	     -0.03289837	      0.00075889	     -0.00001821	      0.00002214	     -0.00080177	      0.00705988	      0.74518652	      0.71866541	     11.74224554	     -0.26213644	     -0.04806907	     -0.11939268	     -0.19711181	     11.05489737	     -0.15025883	     -0.00952702	     -0.02807871	     -0.02461003	     11.77425508	     -0.03710560	      0.06070391	     12.70948916	      0.06663447	      0.13659612	     14.09216857	      0.19200193	      0.22645823	      6.16537321	     -0.06039791	     -0.01066248	      0.42153777	     -0.72773373	     -0.11251316	      0.38852943	     -1.19401747	     -0.11216282	      0.32722824	      0.36909988	     -0.00415037	     -0.00432917	      0.02475878	     -0.03478589	     -0.00003089	     -0.09078891
      3.55537700	      0.67784606	    -33.12559413	      0.42546608	     -6.41070589	    598.27674416	      2.82031784	     -2.11595530	      0.08061304	     -0.15330526	     -2.85148348	     -0.87307929	     -0.02684852	      0.71086535	     -0.03231739	      0.77911106	     -0.03192918	     14.82594278	     -0.40960308	      0.07565125	      0.00075943	     -0.00001550	      0.00002248	     -0.00081600	      0.00705109	      0.74839045	      0.72451621	     11.73786343	     -0.32018174	      0.05759121	     -0.12195270	     -0.19797890	     11.05046676	     -0.21300095	      0.09683873	     -0.02830502	     -0.02516777	     11.76666466	     -0.09977483	      0.17073722	     12.69841776	      0.00837087	      0.25169945	     14.07622050	      0.14210203	      0.34866149	      6.13851481	      0.16523854	     -0.00382925	      0.45479112	     -0.74656748	     -0.12354358	      0.38045053	     -1.17627271	     -0.10745187	      0.32996366	      0.37319614	     -0.00446139	     -0.00434763	      0.02316299	     -0.03622616	      0.00045663	     -0.09018485
      3.57389500	      0.78853375	    -32.82921772	      0.70895441	     -6.21456534	    597.56343708	      2.90309226	     -2.00117500	     -0.00944055	     -0.14484425	     -2.79708008	     -0.80883294	     -0.05423807	      0.68980445	     -0.03231218	      0.73929877	     -0.03191673	     14.86488462	     -0.47552367	      0.20019781	      0.00075953	     -0.00001372	      0.00002263	     -0.00082791	      0.00704137	      0.74955026	      0.72993854	     11.77484550	     -0.40169099	      0.18398529	     -0.12277859	     -0.19995481	     11.08061333	     -0.30447139	      0.22698247	     -0.02844863	     -0.02564843	     11.78815570	     -0.19318778	      0.30645673	     12.71176531	     -0.07988176	      0.39411736	     14.08062371	      0.06522373	      0.49927333	      6.11496465	      0.43241340	      0.00397624	      0.48724563	     -0.77167631	     -0.13200182	      0.37137617	     -1.15852719	     -0.10294735	      0.33120065	      0.37647224	     -0.00481210	     -0.00435483	      0.02109762	     -0.03741361	      0.00094671	     -0.08954909
      3.59241300	      0.79369584	    -32.59533715	      0.96682889	     -5.84596440	    596.76377880	      2.95080940	     -1.98366127	     -0.00902034	     -0.12916070	     -2.75489485	     -0.79264879	     -0.06991303	      0.69982106	     -0.03225225	      0.71798214	     -0.03191428	     14.95088797	     -0.55287767	      0.32105941	      0.00075928	     -0.00001290	      0.00002251	     -0.00083805	      0.00703130	      0.74833897	      0.73437534	     11.85046761	     -0.50043501	      0.31189931	     -0.12133505	     -0.20307165	     11.14211503	     -0.41881535	      0.36179071	     -0.02848769	     -0.02599608	     11.83535849	     -0.31219769	      0.44856710	     12.74617077	     -0.19394236	      0.54427113	     14.10211807	     -0.03578259	      0.65826677	      6.09285416	      0.71035955	      0.01169674	      0.51489623	     -0.80236816	     -0.13623686	      0.36272358	     -1.14366913	     -0.09893773	      0.33106243	      0.37839542	     -0.00517436	     -0.00430935	      0.01875491	     -0.03815193	      0.00133558	     -0.08894549
      3.61093100	      0.68581897	    -32.42473207	      1.16978769	     -5.30081435	    595.94730489	      3.03145432	     -2.06106474	      0.08622891	     -0.10755937	     -2.72525633	     -0.82737440	     -0.07315233	      0.73849283	     -0.03214428	      0.71551312	     -0.03192106	     15.08445447	     -0.63712989	      0.41372773	      0.00075890	     -0.00001303	      0.00002205	     -0.00084762	      0.00702171	      0.74471115	      0.73731417	     11.96438146	     -0.61104835	      0.41696538	     -0.11760465	     -0.20704081	     11.23406350	     -0.55035752	      0.47680295	     -0.02840332	     -0.02617392	     11.90714117	     -0.45147001	      0.57230613	     12.80040840	     -0.32933770	      0.67700679	     14.13940106	     -0.15790112	      0.79995846	      6.06971507	      0.95746295	      0.01792855	      0.53474651	     -0.83504198	     -0.13469763	      0.35567861	     -1.13439557	     -0.09583706	      0.33065105	      0.37861615	     -0.00550705	     -0.00420642	      0.01650486	     -0.03832343	      0.00150837	     -0.08845693
      3.62944900	      0.50208881	    -32.30189622	      1.29390030	     -4.54059556	    595.17302533	      3.20989249	     -2.22278315	      0.25586571	     -0.08134498	     -2.70270191	     -0.89996468	     -0.06509478	      0.80072705	     -0.03199892	      0.72927077	     -0.03193360	     15.26644684	     -0.72519585	      0.45397816	      0.00075860	     -0.00001403	      0.00002124	     -0.00085813	      0.00701347	      0.73896054	      0.73838040	     12.11703117	     -0.72885441	      0.47467499	     -0.11211389	     -0.21130082	     11.35662947	     -0.69334311	      0.54721352	     -0.02818833	     -0.02617043	     12.00364002	     -0.60506181	      0.65249374	     12.87463984	     -0.48067276	      0.76670462	     14.19259185	     -0.29701990	      0.89820658	      6.04314205	      1.12897248	      0.02120226	      0.54538386	     -0.86268435	     -0.12631496	      0.35086515	     -1.13264795	     -0.09411679	      0.33217211	      0.37700406	     -0.00576321	     -0.00406527	      0.01487629	     -0.03794849	      0.00137107	     -0.08816148
      3.64796700	      0.31298042	    -32.20559642	      1.32547160	     -3.51396817	    594.48655938	      3.52814111	     -2.45270410	      0.45987729	     -0.05177172	     -2.67873086	     -0.98552381	     -0.04876024	      0.87978167	     -0.03182943	      0.75455255	     -0.03194689	     15.49393552	     -0.81514427	      0.42391021	      0.00075861	     -0.00001580	      0.00002010	     -0.00087080	      0.00700738	      0.73172026	      0.73743215	     12.30613813	     -0.84976392	      0.46635934	     -0.10581345	     -0.21514517	     11.50817360	     -0.84194378	      0.55382526	     -0.02785542	     -0.02600142	     12.12387973	     -0.76641503	      0.66949742	     12.96847425	     -0.64152329	      0.79327323	     14.26174127	     -0.44761009	      0.93245738	      6.01187828	      1.18710436	      0.02033791	      0.54740652	     -0.87648144	     -0.11089466	      0.34823951	     -1.13909604	     -0.09415664	      0.33836233	      0.37366030	     -0.00591419	     -0.00391087	      0.01442588	     -0.03720287	      0.00088197	     -0.08810666
      3.66648500	      0.20059156	    -32.12034543	      1.26434764	     -2.18616914	    593.92228808	      3.98333668	     -2.73150886	      0.64975512	     -0.02006821	     -2.64548274	     -1.05488333	     -0.02857993	      0.96813703	     -0.03165038	      0.78588003	     -0.03195591	     15.75577596	     -0.90594256	      0.31703867	      0.00075902	     -0.00001826	      0.00001875	     -0.00088597	      0.00700395	      0.72389070	      0.73461335	     12.52285347	     -0.97034424	      0.38427146	     -0.09983168	     -0.21790156	     11.68199758	     -0.99059440	      0.48809520	     -0.02744108	     -0.02570664	     12.26301493	     -0.92883655	      0.61425125	     13.07863584	     -0.80495672	      0.74715816	     14.34495108	     -0.60318942	      0.89275901	      5.97691825	      1.11070142	      0.01477243	      0.54320701	     -0.86939047	     -0.08945001	      0.34723354	     -1.15282814	     -0.09609346	      0.35127096	      0.36891526	     -0.00597635	     -0.00375819	      0.01551933	     -0.03636232	      0.00007232	     -0.08829237
      3.68500300	      0.23200076	    -32.04388834	      1.12395965	     -0.56930391	    593.50643377	      4.51235845	     -3.03781697	      0.78266606	      0.01249508	     -2.59854229	     -1.08394072	     -0.00941142	      1.05814494	     -0.03147658	      0.81821963	     -0.03195726	     16.03010591	     -0.99690727	      0.14040482	      0.00075981	     -0.00002135	      0.00001734	     -0.00090265	      0.00700340	      0.71649164	      0.73034462	     12.74945027	     -1.08765955	      0.23377386	     -0.09516462	     -0.21911943	     11.86427191	     -1.13421099	      0.35431476	     -0.02700207	     -0.02534097	     12.41044460	     -1.08599377	      0.49040159	     13.19724157	     -0.96421114	      0.63146156	     14.43684644	     -0.75712345	      0.78185481	      5.94211237	      0.90118746	      0.00474978	      0.53579721	     -0.84022758	     -0.06439087	      0.34707348	     -1.17140953	     -0.09974912	      0.37087370	      0.36329973	     -0.00601769	     -0.00360549	      0.01811229	     -0.03568131	     -0.00095455	     -0.08866877
      3.70352100	      0.43568994	    -31.98796379	      0.92778808	      1.25628209	    593.25823732	      4.99204360	     -3.34841587	      0.83402473	      0.04453149	     -2.53767319	     -1.06203389	      0.00455955	      1.14258053	     -0.03132185	      0.84772940	     -0.03195033	     16.28543524	     -1.08652985	     -0.08726719	      0.00076078	     -0.00002497	      0.00001609	     -0.00091843	      0.00700565	      0.71046049	      0.72525493	     12.96003555	     -1.19846548	      0.03166877	     -0.09240531	     -0.21870558	     12.03440968	     -1.26777950	      0.16800227	     -0.02660359	     -0.02496259	     12.54989650	     -1.23183333	      0.31270185	     13.31163907	     -1.11287368	      0.46033211	     14.52819413	     -0.90304264	      0.61354821	      5.91387090	      0.58242182	     -0.00870243	      0.52706077	     -0.79599068	     -0.03940891	      0.34715987	     -1.19138503	     -0.10464688	      0.39428430	      0.35746972	     -0.00613157	     -0.00343854	      0.02165298	     -0.03526246	     -0.00204963	     -0.08914946
      3.72203900	      0.79015159	    -31.97282146	      0.70360071	      3.13769729	    593.18817354	      5.26078672	     -3.63852174	      0.80372219	      0.07446266	     -2.46584911	     -0.99589337	      0.01070989	      1.21521372	     -0.03119775	      0.87200937	     -0.03193736	     16.48577682	     -1.17090766	     -0.34037041	      0.00076161	     -0.00002903	      0.00001519	     -0.00092989	      0.00701035	      0.70645123	      0.72006587	     13.12473968	     -1.29781354	     -0.19838530	     -0.09161140	     -0.21695276	     12.16833925	     -1.38517309	     -0.04853978	     -0.02630239	     -0.02462150	     12.66193452	     -1.35959327	      0.10264615	     13.40626041	     -1.24406045	      0.25465341	     14.60712106	     -1.03420020	      0.40841428	      5.89984723	      0.19456730	     -0.02399990	      0.51643193	     -0.75039941	     -0.01888775	      0.34734487	     -1.20914560	     -0.11009562	      0.41625711	      0.35207688	     -0.00638903	     -0.00324292	      0.02520424	     -0.03500027	     -0.00306227	     -0.08963329
      3.74055700	      1.22979250	    -32.01824519	      0.47758314	      4.86525154	    593.29362154	      5.15890190	     -3.88306875	      0.71379537	      0.10044407	     -2.38781286	     -0.90713563	      0.00856526	      1.27135967	     -0.03111251	      0.89005102	     -0.03192235	     16.59866803	     -1.24260346	     -0.59184310	      0.00076198	     -0.00003341	      0.00001481	     -0.00093349	      0.00701693	      0.70470228	      0.71545254	     13.21646375	     -1.37775651	     -0.43111626	     -0.09235189	     -0.21444850	     12.24398257	     -1.47773166	     -0.27127238	     -0.02613125	     -0.02435165	     12.72838189	     -1.46028216	     -0.11642133	     13.46614701	     -1.34881755	      0.03728104	     14.66175085	     -1.14181785	      0.18913554	      5.90690149	     -0.21541099	     -0.03934151	      0.50096448	     -0.71837011	     -0.00683572	      0.34794274	     -1.22187903	     -0.11533022	      0.43110944	      0.34761428	     -0.00679938	     -0.00301706	      0.02778495	     -0.03465492	     -0.00388454	     -0.09002648
      3.75907500	      1.66576711	    -32.13436735	      0.27002481	      6.20678389	    593.55423997	      4.57459343	     -4.05942611	      0.59898534	      0.12037539	     -2.30886120	     -0.82430948	      0.00000988	      1.30825025	     -0.03107037	      0.90199785	     -0.03190920	     16.60362473	     -1.29087308	     -0.81730944	      0.00076158	     -0.00003795	      0.00001507	     -0.00092655	      0.00702463	      0.70501710	      0.71191952	     13.21811521	     -1.42719621	     -0.64363648	     -0.09389895	     -0.21190211	     12.24726439	     -1.53373699	     -0.47820725	     -0.02609098	     -0.02416853	     12.73731360	     -1.52181801	     -0.32289755	     13.48107714	     -1.41496482	     -0.17038289	     14.68346984	     -1.21364913	     -0.02278180	      5.93905813	     -0.60323102	     -0.05305034	      0.47691061	     -0.70865896	     -0.00564563	      0.34944774	     -1.22818760	     -0.11967965	      0.43533931	      0.34430977	     -0.00730454	     -0.00277712	      0.02879866	     -0.03402666	     -0.00447570	     -0.09026129
      3.77759300	      2.01330930	    -32.31513645	      0.09345613	      6.95424819	    593.93070583	      3.47799155	     -4.15108789	      0.49429906	      0.13215432	     -2.23378695	     -0.77303037	     -0.01118720	      1.32511662	     -0.03107137	      0.90873089	     -0.03190015	     16.49825000	     -1.30378694	     -0.99736460	      0.00076027	     -0.00004248	      0.00001598	     -0.00090810	      0.00703261	      0.70685578	      0.70973241	     13.12791186	     -1.43369655	     -0.81758036	     -0.09548371	     -0.20994941	     12.17661552	     -1.53991236	     -0.65135833	     -0.02615229	     -0.02407220	     12.68691116	     -1.53021464	     -0.49871076	     13.44887165	     -1.42797878	     -0.35004605	     14.66968525	     -1.23455115	     -0.20855858	      5.99624287	     -0.93390615	     -0.06382019	      0.44186413	     -0.71868557	     -0.01523759	      0.35213746	     -1.22811285	     -0.12269919	      0.42957626	      0.34212964	     -0.00780724	     -0.00255069	      0.02832960	     -0.03311706	     -0.00485610	     -0.09030916
      3.79611100	      2.21583655	    -32.53673002	     -0.04642547	      6.97158436	    594.36984204	      1.93116851	     -4.15117493	      0.42419390	      0.13424241	     -2.16601010	     -0.76804985	     -0.02076852	      1.32301985	     -0.03111174	      0.91140536	     -0.03189518	     16.29993760	     -1.27198533	     -1.11837390	      0.00075811	     -0.00004680	      0.00001749	     -0.00087928	      0.00704010	      0.70949841	      0.70892026	     12.96088995	     -1.38726477	     -0.93972514	     -0.09652749	     -0.20898753	     12.04433253	     -1.48523103	     -0.77724975	     -0.02626602	     -0.02405361	     12.58675059	     -1.47335925	     -0.62977543	     13.37663450	     -1.37468635	     -0.48694852	     14.62502480	     -1.19006740	     -0.35256999	      6.07422691	     -1.18388300	     -0.07080882	      0.39621656	     -0.73506570	     -0.03309010	      0.35582099	     -1.22269816	     -0.12420524	      0.41861262	      0.34088192	     -0.00821167	     -0.00236509	      0.02711855	     -0.03215749	     -0.00507889	     -0.09018425
      3.81462900	      2.25865571	    -32.76213816	     -0.14773921	      6.23058509	    594.81578169	      0.07207573	     -4.06430902	      0.39686885	      0.12634091	     -2.10735943	     -0.80954915	     -0.02558059	      1.30455015	     -0.03118457	      0.91117975	     -0.03189248	     16.04240322	     -1.19289183	     -1.17229350	      0.00075533	     -0.00005074	      0.00001946	     -0.00084316	      0.00704659	      0.71222783	      0.70932583	     12.74592546	     -1.28496273	     -1.00166040	     -0.09677893	     -0.20909124	     11.87417536	     -1.36594778	     -0.84660182	     -0.02637772	     -0.02410053	     12.45596501	     -1.34637119	     -0.70577823	     13.27942455	     -1.24885154	     -0.56975579	     14.56052885	     -1.07221387	     -0.44238304	      6.16571869	     -1.33916203	     -0.07358884	      0.34339225	     -0.74031712	     -0.05524448	      0.35986889	     -1.21343030	     -0.12422179	      0.40924404	      0.34034392	     -0.00845361	     -0.00223827	      0.02619284	     -0.03147885	     -0.00519912	     -0.08993428
      3.83314700	      2.16866636	    -32.95078493	     -0.20902053	      4.82226520	    595.22322400	     -1.92065728	     -3.90582495	      0.40508068	      0.10974507	     -2.05865277	     -0.88443679	     -0.02414317	      1.27345836	     -0.03128074	      0.90922233	     -0.03188969	     15.76795016	     -1.07361909	     -1.15580093	      0.00075231	     -0.00005417	      0.00002167	     -0.00080401	      0.00705194	      0.71448718	      0.71066965	     12.51910679	     -1.13437265	     -0.99889789	     -0.09631927	     -0.21005375	     11.69592894	     -1.18966754	     -0.85361078	     -0.02644270	     -0.02420017	     12.31888501	     -1.15619989	     -0.71969299	     13.17684830	     -1.05621060	     -0.59029758	     14.49119943	     -0.88494525	     -0.46873893	      6.26213184	     -1.39162009	     -0.07203083	      0.28928168	     -0.72233693	     -0.07779881	      0.36346509	     -1.20179201	     -0.12291375	      0.40696643	      0.34034319	     -0.00851550	     -0.00217409	      0.02632929	     -0.03131673	     -0.00525419	     -0.08962314
      3.85166500	      2.00091826	    -33.06941367	     -0.22684744	      2.93887468	    595.56828637	     -3.86807082	     -3.69841228	      0.43214367	      0.08709368	     -2.02047794	     -0.97206905	     -0.01622501	      1.23418574	     -0.03139007	      0.90681617	     -0.03188537	     15.51802273	     -0.93096950	     -1.06913976	      0.00074945	     -0.00005699	      0.00002391	     -0.00076635	      0.00705639	      0.71598051	      0.71261417	     12.31565947	     -0.95402293	     -0.92987122	     -0.09545181	     -0.21152780	     11.53873931	     -0.97624289	     -0.79522151	     -0.02643764	     -0.02433851	     12.19960707	     -0.92298560	     -0.66733584	     13.08870637	     -0.81626380	     -0.54337869	     14.43271625	     -0.64640382	     -0.42560841	      6.35528400	     -1.33603235	     -0.06620027	      0.24147162	     -0.68141386	     -0.09808757	      0.36592711	     -1.18901757	     -0.12054767	      0.41331090	      0.34076869	     -0.00843375	     -0.00216162	      0.02764110	     -0.03168460	     -0.00525919	     -0.08931293
      3.87018300	      1.81829280	    -33.09996590	     -0.19532016	      0.83456858	    595.85341701	     -5.62061021	     -3.46748575	      0.45963452	      0.06167611	     -1.99354259	     -1.05174603	     -0.00245472	      1.19126999	     -0.03150227	      0.90533037	     -0.03188017	     15.32510210	     -0.78799569	     -0.91557277	      0.00074714	     -0.00005915	      0.00002597	     -0.00073415	      0.00706043	      0.71669557	      0.71482236	     12.16295792	     -0.77003182	     -0.79567033	     -0.09454424	     -0.21317391	     11.42522554	     -0.75453626	     -0.67113735	     -0.02636520	     -0.02449847	     12.11702738	     -0.67701525	     -0.54759871	     13.03082837	     -0.55948064	     -0.42720380	     14.39805466	     -0.38643208	     -0.31076922	      6.43839954	     -1.16958435	     -0.05632309	      0.20818045	     -0.63107894	     -0.11499008	      0.36695742	     -1.17608721	     -0.11745223	      0.42519778	      0.34152827	     -0.00829683	     -0.00217912	      0.02951048	     -0.03237524	     -0.00521447	     -0.08905019
      3.88870100	      1.67297385	    -33.04206750	     -0.10809003	     -1.22003603	    596.10344567	     -7.06905515	     -3.23691593	      0.47339424	      0.03668711	     -1.97848547	     -1.10845862	      0.01567474	      1.14870912	     -0.03160794	      0.90596717	     -0.03187704	     15.20796550	     -0.66811724	     -0.70227152	      0.00074566	     -0.00006065	      0.00002767	     -0.00071035	      0.00706462	      0.71684673	      0.71699954	     12.07632300	     -0.60990974	     -0.60124745	     -0.09389884	     -0.21474173	     11.36773752	     -0.55593355	     -0.48522094	     -0.02625015	     -0.02465951	     12.08142944	     -0.45210290	     -0.36395334	     13.01193608	     -0.32069148	     -0.24495927	     14.39459576	     -0.14006498	     -0.12741515	      6.50631571	     -0.89457032	     -0.04284446	      0.19638621	     -0.59258110	     -0.12842048	      0.36673204	     -1.16388307	     -0.11396812	      0.43654026	      0.34249175	     -0.00822113	     -0.00220181	      0.03089204	     -0.03305495	     -0.00511945	     -0.08885976
      3.90721900	      1.59542782	    -32.91007738	      0.03739989	     -2.97715447	    596.35260390	     -8.14045711	     -3.02613368	      0.46625245	      0.01467270	     -1.97523161	     -1.13518021	      0.03569679	      1.10944917	     -0.03169923	      0.90935102	     -0.03188034	     15.17076833	     -0.58894119	     -0.44239169	      0.00074516	     -0.00006145	      0.00002883	     -0.00069670	      0.00706932	      0.71676439	      0.71891642	     12.05809424	     -0.49575554	     -0.35776707	     -0.09368652	     -0.21607659	     11.36729004	     -0.40693801	     -0.24792876	     -0.02612910	     -0.02479972	     12.09320238	     -0.27778901	     -0.12686825	     13.03214624	     -0.13109683	     -0.00720156	     14.42237603	      0.06053937	      0.11352828	      6.55522034	     -0.52332709	     -0.02656021	      0.20936094	     -0.58579560	     -0.13846552	      0.36581680	     -1.15333524	     -0.11041738	      0.44123186	      0.34345805	     -0.00830180	     -0.00220902	      0.03082559	     -0.03338394	     -0.00498557	     -0.08874848
      3.92573700	      1.59220859	    -32.72645645	      0.23518913	     -4.23978334	    596.62702873	     -8.78997242	     -2.84879969	      0.43774614	     -0.00280449	     -1.98209403	     -1.13214397	      0.05425835	      1.07515741	     -0.03177020	      0.91515612	     -0.03189427	     15.20530701	     -0.55807367	     -0.15692063	      0.00074566	     -0.00006152	      0.00002930	     -0.00069386	      0.00707457	      0.71677543	      0.72042030	     12.09957505	     -0.43930268	     -0.08464703	     -0.09393952	     -0.21708600	     11.41505973	     -0.32346709	      0.02165751	     -0.02603851	     -0.02490009	     12.14385471	     -0.17310132	      0.14425973	     13.08352530	     -0.01170804	      0.26630813	     14.47414736	      0.19286798	      0.39169475	      6.58231999	     -0.08295382	     -0.00874948	      0.24490383	     -0.62060137	     -0.14466832	      0.36500295	     -1.14544878	     -0.10710089	      0.43610534	      0.34416140	     -0.00856206	     -0.00218822	      0.02891312	     -0.03312493	     -0.00484272	     -0.08871594
      3.94425500	      1.65119916	    -32.51441444	      0.46767311	     -4.87820363	    596.92974801	     -8.99823155	     -2.71272287	      0.39202485	     -0.01529218	     -1.99527560	     -1.10422370	      0.06771283	      1.04634532	     -0.03181702	      0.92203288	     -0.03192110	     15.29526204	     -0.57231290	      0.12537500	      0.00074706	     -0.00006085	      0.00002899	     -0.00070152	      0.00707994	      0.71711483	      0.72143253	     12.18492127	     -0.44038070	      0.19038341	     -0.09458027	     -0.21770774	     11.49584305	     -0.30858532	      0.29583817	     -0.02600529	     -0.02494863	     12.21903891	     -0.14373231	      0.42124662	     13.15269838	      0.02984884	      0.54686657	     14.53755191	      0.24753791	      0.67767327	      6.58575439	      0.38295479	      0.00878588	      0.29565659	     -0.69214303	     -0.14579585	      0.36514388	     -1.14120340	     -0.10430367	      0.42258157	      0.34431148	     -0.00893670	     -0.00213618	      0.02554976	     -0.03223338	     -0.00473449	     -0.08876433
      3.96277300	      1.75098462	    -32.29290977	      0.70606280	     -4.83674687	    597.23434710	     -8.77717517	     -2.62058094	      0.33528850	     -0.02331390	     -2.00946312	     -1.05778981	      0.07310832	      1.02277558	     -0.03183816	      0.92797822	     -0.03195989	     15.42092212	     -0.62024667	      0.37095646	      0.00074916	     -0.00005943	      0.00002784	     -0.00071845	      0.00708466	      0.71788852	      0.72193185	     12.29566454	     -0.48898051	      0.43424505	     -0.09546634	     -0.21789981	     11.59238331	     -0.35401994	      0.54133411	     -0.02604220	     -0.02494244	     12.30269496	     -0.18310192	      0.67028167	     13.22480296	     -0.00138602	      0.80009678	     14.59888872	      0.22788263	      0.93638521	      6.56493169	      0.81768872	      0.02385951	      0.35177272	     -0.78174993	     -0.14019366	      0.36698476	     -1.14135073	     -0.10229480	      0.40634030	      0.34365272	     -0.00930851	     -0.00205761	      0.02181237	     -0.03091594	     -0.00470306	     -0.08890040
      3.98129100	      1.87020818	    -32.07582249	      0.91551676	     -4.13284228	    597.49046663	     -8.17955295	     -2.57111740	      0.27382314	     -0.02795187	     -2.01955652	     -0.99840067	      0.06901106	      1.00400547	     -0.03183437	      0.93106254	     -0.03200609	     15.56293505	     -0.68714792	      0.54742646	      0.00075165	     -0.00005729	      0.00002591	     -0.00074254	      0.00708775	      0.71908453	      0.72193510	     12.41445099	     -0.56994469	      0.61441842	     -0.09643609	     -0.21764812	     11.68916401	     -0.44460479	      0.72525102	     -0.02614839	     -0.02488751	     12.38091133	     -0.27655112	      0.85796853	     13.28738734	     -0.09166114	      0.99205878	     14.64706802	      0.14625897	      1.13326301	      6.52121267	      1.16067779	      0.03425288	      0.40467834	     -0.86336913	     -0.12658450	      0.37096534	     -1.14615776	     -0.10131573	      0.39511992	      0.34202614	     -0.00957924	     -0.00196187	      0.01904621	     -0.02961390	     -0.00477137	     -0.08912956
      3.99980900	      1.99380762	    -31.87508792	      1.06371641	     -2.85067191	    597.63982742	     -7.30258350	     -2.56064160	      0.21319348	     -0.03024351	     -2.02295384	     -0.92994836	      0.05590043	      0.98993152	     -0.03180867	      0.93026217	     -0.03205237	     15.70426267	     -0.76041474	      0.63093393	      0.00075420	     -0.00005456	      0.00002338	     -0.00077089	      0.00708832	      0.72060913	      0.72148473	     12.52703137	     -0.66854779	      0.70636802	     -0.09734379	     -0.21698550	     11.77451962	     -0.56394120	      0.82252315	     -0.02631275	     -0.02479634	     12.44416796	     -0.40698513	      0.95879317	     13.33275658	     -0.22405510	      1.09674525	     14.67608341	      0.01868770	      1.24177584	      6.45859790	      1.36096512	      0.03822150	      0.44976778	     -0.91334850	     -0.10499312	      0.37704398	     -1.15519497	     -0.10154932	      0.39548389	      0.33942048	     -0.00972778	     -0.00185912	      0.01831307	     -0.02886755	     -0.00493179	     -0.08944638
      4.01832700	      2.11447393	    -31.70555876	      1.12968072	     -1.13173755	    597.63755646	     -6.27774350	     -2.58465208	      0.15855177	     -0.03058775	     -2.02139774	     -0.85532185	      0.03611390	      0.98123873	     -0.03176600	      0.92606323	     -0.03209035	     15.83051174	     -0.83355909	      0.61257209	      0.00075647	     -0.00005141	      0.00002052	     -0.00080006	      0.00708590	      0.72231512	      0.72064876	     12.62246813	     -0.77487434	      0.69998009	     -0.09807817	     -0.21601603	     11.84078063	     -0.69910209	      0.82234969	     -0.02651725	     -0.02468487	     12.48744353	     -0.55974836	      0.96154939	     13.35804575	     -0.38337723	      1.10250882	     14.68507181	     -0.13996013	      1.24986656	      6.38392562	      1.39071507	      0.03499580	      0.48646257	     -0.91973931	     -0.07741375	      0.38462797	     -1.16728836	     -0.10307219	      0.40988130	      0.33599948	     -0.00981275	     -0.00175796	      0.01993327	     -0.02908134	     -0.00514573	     -0.08982728
      4.03684500	      2.22916537	    -31.58807599	      1.10941464	      0.83665183	    597.47138177	     -5.24607748	     -2.63916101	      0.11535898	     -0.02847020	     -2.02130636	     -0.77837895	      0.01320989	      0.97961140	     -0.03171285	      0.92051725	     -0.03211283	     15.92969610	     -0.90710464	      0.50128618	      0.00075818	     -0.00004807	      0.00001766	     -0.00082646	      0.00708062	      0.72399991	      0.71953608	     12.69250340	     -0.88521991	      0.60254717	     -0.09856495	     -0.21492973	     11.88326510	     -0.84248803	      0.73118796	     -0.02673747	     -0.02456977	     12.50888350	     -0.72476796	      0.87231758	     13.36361971	     -0.55843651	      1.01504346	     14.67645877	     -0.31824403	      1.16294608	      6.30619534	      1.25372811	      0.02508585	      0.51590675	     -0.88703679	     -0.04787829	      0.39265349	     -1.18071040	     -0.10580932	      0.43530864	      0.33208778	     -0.00991785	     -0.00166546	      0.02332494	     -0.03030012	     -0.00535417	     -0.09022965
      4.05536300	      2.33289940	    -31.54758335	      1.01621874	      2.83622241	    597.17115197	     -4.32642379	     -2.72108697	      0.08944448	     -0.02278428	     -2.03218878	     -0.70615828	     -0.00908010	      0.98749069	     -0.03165668	      0.91663361	     -0.03211555	     15.99282090	     -0.98595783	      0.32207370	      0.00075917	     -0.00004474	      0.00001517	     -0.00084699	      0.00707320	      0.72538184	      0.71831408	     12.73152132	     -0.99997910	      0.43709824	     -0.09876132	     -0.21399104	     11.89959931	     -0.99020716	      0.57113033	     -0.02694085	     -0.02446655	     12.50856877	     -0.89527463	      0.71285064	     13.35139050	     -0.74095578	      0.85579341	     14.65383226	     -0.50716849	      1.00233168	      6.23500265	      0.98533549	      0.01025281	      0.53823583	     -0.83405969	     -0.02175398	      0.39978255	     -1.19360194	     -0.10951095	      0.46424290	      0.32810512	     -0.01008544	     -0.00158902	      0.02721574	     -0.03214158	     -0.00549525	     -0.09059818
      4.07388100	      2.41391905	    -31.60549703	      0.87556141	      4.63835655	    596.80422521	     -3.58637383	     -2.82744113	      0.08580956	     -0.01264175	     -2.06365213	     -0.64945251	     -0.02774252	      1.00726118	     -0.03160513	      0.91727705	     -0.03209812	     16.01600462	     -1.07448884	      0.11001863	      0.00075939	     -0.00004157	      0.00001332	     -0.00085959	      0.00706485	      0.72609301	      0.71720303	     12.73797696	     -1.11920574	      0.23662279	     -0.09865440	     -0.21349204	     11.89041778	     -1.13811096	      0.37422447	     -0.02708597	     -0.02438834	     12.48860687	     -1.06418753	      0.51493543	     13.32442090	     -0.92218348	      0.65636012	     14.62106373	     -0.69695544	      0.79969244	      6.17848378	      0.64315920	     -0.00687389	      0.55144750	     -0.78577712	     -0.00438412	      0.40465013	     -1.20450861	     -0.11376014	      0.48750916	      0.32446145	     -0.01029206	     -0.00153932	      0.03013619	     -0.03395679	     -0.00552304	     -0.09087625
      4.09239900	      2.45381976	    -31.76897934	      0.71646419	      6.03182118	    596.45806147	     -3.02302031	     -2.95385192	      0.10658047	      0.00184007	     -2.12194288	     -0.62038544	     -0.04086777	      1.04003888	     -0.03156519	      0.92393113	     -0.03206378	     16.00331557	     -1.17174854	     -0.09802867	      0.00075898	     -0.00003863	      0.00001228	     -0.00086389	      0.00705690	      0.72573113	      0.71643580	     12.71667496	     -1.23826752	      0.03600482	     -0.09827029	     -0.21367109	     11.86105220	     -1.27789563	      0.17454798	     -0.02712701	     -0.02434497	     12.45435776	     -1.22055258	      0.31253122	     13.28779696	     -1.08956369	      0.45069322	     14.58283163	     -0.87390163	      0.58926406	      6.14138926	      0.29164629	     -0.02342617	      0.55240178	     -0.76266937	      0.00051351	      0.40609583	     -1.21280362	     -0.11802111	      0.49786992	      0.32145513	     -0.01047906	     -0.00153166	      0.03098923	     -0.03514811	     -0.00542083	     -0.09101904
      4.11091700	      2.43338556	    -32.02239722	      0.56249663	      6.85544270	    596.21722650	     -2.55842824	     -3.09338406	      0.14910122	      0.01920294	     -2.20718771	     -0.62757725	     -0.04767227	      1.08452074	     -0.03154235	      0.93579043	     -0.03201837	     15.96823083	     -1.26920630	     -0.27191705	      0.00075823	     -0.00003586	      0.00001207	     -0.00086142	      0.00705054	      0.72398526	      0.71619824	     12.68000362	     -1.34600864	     -0.13613829	     -0.09768753	     -0.21461592	     11.82253149	     -1.39570464	      0.00020088	     -0.02702542	     -0.02434285	     12.41529881	     -1.34848185	      0.13381415	     13.24942349	     -1.22590946	      0.26716185	     14.54535278	     -1.01975501	      0.39989590	      6.12392839	     -0.01470933	     -0.03699018	      0.53874494	     -0.77228509	     -0.00791638	      0.40333996	     -1.21875800	     -0.12173838	      0.49280105	      0.31922948	     -0.01060190	     -0.00158335	      0.02946996	     -0.03546179	     -0.00520270	     -0.09100668
      4.12943500	      2.34107887	    -32.32627924	      0.42563046	      7.02823524	    596.14454206	     -2.05469986	     -3.23629954	      0.20527306	      0.03684508	     -2.31252225	     -0.67155864	     -0.04846096	      1.13645316	     -0.03154007	      0.94961324	     -0.03196882	     15.93177612	     -1.35216483	     -0.39466087	      0.00075753	     -0.00003316	      0.00001259	     -0.00085549	      0.00704661	      0.72080178	      0.71658068	     12.64632009	     -1.42657470	     -0.26363088	     -0.09704118	     -0.21619324	     11.79024683	     -1.47438598	     -0.13276234	     -0.02676605	     -0.02438534	     12.38400605	     -1.42974992	     -0.00489611	     13.21931694	     -1.31223583	      0.12244692	     14.51599628	     -1.11476544	      0.24884700	      6.12185829	     -0.24423598	     -0.04615831	      0.51009240	     -0.80665430	     -0.02734594	      0.39612471	     -1.22319777	     -0.12446180	      0.47528567	      0.31781187	     -0.01064900	     -0.00170699	      0.02617359	     -0.03507984	     -0.00490264	     -0.09085507
      4.14795300	      2.17913365	    -32.62575369	      0.30529341	      6.56620066	    596.27279631	     -1.35005642	     -3.37090654	      0.26305824	      0.05170908	     -2.42558919	     -0.74332718	     -0.04460607	      1.18908591	     -0.03155965	      0.96049627	     -0.03192170	     15.91711913	     -1.40434700	     -0.46499824	      0.00075732	     -0.00003038	      0.00001363	     -0.00085046	      0.00704556	      0.71651550	      0.71756187	     12.63526409	     -1.46429540	     -0.34511340	     -0.09650601	     -0.21805109	     11.78006999	     -1.49869942	     -0.22269392	     -0.02637098	     -0.02447296	     12.37302880	     -1.44926662	     -0.10157478	     13.20715251	     -1.33342060	      0.01900518	     14.50152044	     -1.14353124	      0.13910217	      6.12787002	     -0.39288047	     -0.05076320	      0.46789113	     -0.84661193	     -0.05305553	      0.38483647	     -1.22694321	     -0.12593609	      0.45234320	      0.31720116	     -0.01061718	     -0.00190362	      0.02234635	     -0.03446696	     -0.00455827	     -0.09061952
      4.16647100	      1.96425024	    -32.86538828	      0.19278655	      5.57806981	    596.60666894	     -0.30833354	     -3.48519931	      0.30995115	      0.06127055	     -2.53178062	     -0.82683916	     -0.03832639	      1.23451574	     -0.03160043	      0.96332140	     -0.03188229	     15.94256371	     -1.41385445	     -0.49496735	      0.00075798	     -0.00002740	      0.00001496	     -0.00085059	      0.00704751	      0.71186890	      0.71902175	     12.66175489	     -1.44964686	     -0.39161746	     -0.09625980	     -0.21970717	     11.80346325	     -1.46131189	     -0.28000782	     -0.02590344	     -0.02460246	     12.39098591	     -1.40111622	     -0.16625757	     13.21920798	     -1.28427773	     -0.05281327	     14.50588871	     -1.10112935	      0.06135120	      6.13378993	     -0.47958716	     -0.05171937	      0.41478131	     -0.87093466	     -0.07953334	      0.37052637	     -1.23033683	     -0.12611207	      0.43201315	      0.31744030	     -0.01047726	     -0.00216006	      0.01937430	     -0.03408770	     -0.00419750	     -0.09038400
      4.18498900	      1.72366273	    -33.00424521	      0.07873324	      4.23972199	    597.12977144	      1.13406550	     -3.56866603	      0.33672367	      0.06431286	     -2.61806343	     -0.90384190	     -0.03210029	      1.26538475	     -0.03166020	      0.95435742	     -0.03185414	     16.01590289	     -1.37807149	     -0.50314962	      0.00075974	     -0.00002414	      0.00001633	     -0.00085890	      0.00705232	      0.70788757	      0.72076541	     12.73129171	     -1.38373648	     -0.42001197	     -0.09643915	     -0.22068769	     11.86381772	     -1.36688413	     -0.32075971	     -0.02545802	     -0.02476487	     12.43977965	     -1.29235046	     -0.21470297	     13.25631044	     -1.17315033	     -0.10850475	     14.52897298	     -0.99656088	      0.00018635	      6.13279549	     -0.53471811	     -0.05055253	      0.35457252	     -0.86588141	     -0.10219405	      0.35473704	     -1.23307524	     -0.12508644	      0.42018319	      0.31863076	     -0.01017547	     -0.00245207	      0.01822618	     -0.03417823	     -0.00383081	     -0.09023442
      4.20350700	      1.48850317	    -33.02590638	     -0.03990536	      2.75406151	    597.81103104	      2.94064554	     -3.61379770	      0.33969240	      0.06105569	     -2.67634916	     -0.95892625	     -0.02796456	      1.27636231	     -0.03173555	      0.93250137	     -0.03183893	     16.13220867	     -1.30524319	     -0.50617429	      0.00076260	     -0.00002064	      0.00001759	     -0.00087636	      0.00705961	      0.70564066	      0.72254933	     12.83831977	     -1.27910128	     -0.44486340	     -0.09710347	     -0.22065574	     11.95542346	     -1.23209456	     -0.35864492	     -0.02513897	     -0.02494411	     12.51402899	     -1.14242322	     -0.26040316	     13.31363529	     -1.02094565	     -0.16142387	     14.56672767	     -0.85146266	     -0.05786406	      6.12092192	     -0.58640089	     -0.04880525	      0.29293749	     -0.83061834	     -0.11847341	      0.33918203	     -1.23437067	     -0.12301098	      0.41865453	      0.32088608	     -0.00967945	     -0.00275118	      0.01910268	     -0.03469201	     -0.00344855	     -0.09022568
      4.22202500	      1.28567024	    -32.94147059	     -0.15622964	      1.30725822	    598.60633475	      4.97648338	     -3.61731839	      0.32110565	      0.05275507	     -2.70555257	     -0.98339815	     -0.02706876	      1.26513280	     -0.03182177	      0.89980271	     -0.03183657	     16.27514489	     -1.21169339	     -0.51202068	      0.00076634	     -0.00001701	      0.00001864	     -0.00090168	      0.00706871	      0.70595893	      0.72411326	     12.96762000	     -1.15604312	     -0.47213552	     -0.09821992	     -0.21948525	     12.06487117	     -1.08108430	     -0.39880393	     -0.02503362	     -0.02511780	     12.60240033	     -0.97796185	     -0.30833769	     13.38193643	     -0.85546697	     -0.21646808	     14.61229878	     -0.69408348	     -0.11788668	      6.09753405	     -0.64972216	     -0.04752327	      0.23769609	     -0.77639546	     -0.12793108	      0.32543062	     -1.23330759	     -0.12001695	      0.42512975	      0.32425454	     -0.00902865	     -0.00303170	      0.02144282	     -0.03540160	     -0.00302523	     -0.09035957
      4.24054300	      1.13034305	    -32.78614298	     -0.25480745	      0.03286546	    599.45433492	      7.03734439	     -3.58121301	      0.28817716	      0.04118955	     -2.71173857	     -0.97683409	     -0.02940863	      1.23283323	     -0.03191252	      0.86114558	     -0.03184528	     16.42041775	     -1.11573731	     -0.51778340	      0.00077049	     -0.00001345	      0.00001945	     -0.00093168	      0.00707859	      0.70919982	      0.72521657	     13.09742564	     -1.03584116	     -0.49728234	     -0.09967476	     -0.21727023	     12.17367595	     -0.93796120	     -0.43597947	     -0.02518963	     -0.02526095	     12.68971217	     -0.82475518	     -0.35305577	     13.44915897	     -0.70309984	     -0.26806571	     14.65708759	     -0.55074731	     -0.17441455	      6.06491879	     -0.72215353	     -0.04697914	      0.19746402	     -0.72060757	     -0.13156425	      0.31471623	     -1.22921167	     -0.11619386	      0.43484919	      0.32865162	     -0.00833818	     -0.00327428	      0.02425245	     -0.03604847	     -0.00253108	     -0.09058651
      4.25906100	      1.02215443	    -32.61101748	     -0.31732967	     -1.00701743	    600.26999234	      8.89422490	     -3.51317600	      0.25122915	      0.02825603	     -2.70629562	     -0.94590880	     -0.03364378	      1.18391605	     -0.03199933	      0.82321313	     -0.03186168	     16.53998914	     -1.03104635	     -0.51232862	      0.00077450	     -0.00001018	      0.00002005	     -0.00096199	      0.00708784	      0.71513707	      0.72567346	     13.20305604	     -0.93377496	     -0.50808592	     -0.10130602	     -0.21427906	     12.26112894	     -0.81948254	     -0.45738259	     -0.02560356	     -0.02535155	     12.75902264	     -0.70022411	     -0.38149071	     13.50182407	     -0.58121168	     -0.30292392	     14.69135621	     -0.43824542	     -0.21406819	      6.02738440	     -0.78613402	     -0.04669984	      0.17878303	     -0.67905793	     -0.13085242	      0.30788610	     -1.22192204	     -0.11164249	      0.44293671	      0.33382621	     -0.00774508	     -0.00346654	      0.02657012	     -0.03644545	     -0.00194770	     -0.09082966
      4.27757900	      0.94608525	    -32.47174098	     -0.32955084	     -1.81968154	    600.94273631	     10.33766961	     -3.42587389	      0.22134661	      0.01567119	     -2.70259357	     -0.90181608	     -0.03736228	      1.12542580	     -0.03207172	      0.79299563	     -0.03188103	     16.60650533	     -0.96238988	     -0.48214024	      0.00077774	     -0.00000741	      0.00002046	     -0.00098799	      0.00709475	      0.72300870	      0.72538771	     13.26063992	     -0.85492858	     -0.49050877	     -0.10294246	     -0.21087790	     12.30715834	     -0.73093734	     -0.44854676	     -0.02622373	     -0.02537630	     12.79369104	     -0.60942427	     -0.37881474	     13.52637197	     -0.49431204	     -0.30587843	     14.70479169	     -0.36019409	     -0.22139311	      5.99014377	     -0.81702328	     -0.04575188	      0.18338006	     -0.66013376	     -0.12700184	      0.30545481	     -1.21195939	     -0.10657352	      0.44632750	      0.33935874	     -0.00733671	     -0.00360381	      0.02784014	     -0.03650478	     -0.00128312	     -0.09101670
      4.29609700	      0.87719931	    -32.41588153	     -0.28656416	     -2.46245986	    601.34361340	     11.21040688	     -3.33473172	      0.20816951	      0.00475049	     -2.71198867	     -0.85780158	     -0.03784555	      1.06575644	     -0.03211833	      0.77617901	     -0.03189775	     16.59784307	     -0.90532097	     -0.41769747	      0.00077964	     -0.00000530	      0.00002071	     -0.00100561	      0.00709746	      0.73169612	      0.72438152	     13.25094415	     -0.79424676	     -0.43494207	     -0.10443403	     -0.20745548	     12.29538752	     -0.66659961	     -0.39956753	     -0.02696472	     -0.02533424	     12.77976413	     -0.54586068	     -0.33473394	     13.51096273	     -0.43516962	     -0.26624716	     14.68770160	     -0.30846812	     -0.18529388	      5.95813287	     -0.79291188	     -0.04314969	      0.20734566	     -0.66316383	     -0.12064997	      0.30770654	     -1.20058316	     -0.10138235	      0.44449403	      0.34468409	     -0.00711340	     -0.00369110	      0.02803555	     -0.03622058	     -0.00058055	     -0.09110324
      4.31461500	      0.78809815	    -32.47126194	     -0.19487678	     -3.01509981	    601.34032015	     11.42459995	     -3.25450344	      0.21835486	     -0.00371792	     -2.74044275	     -0.82685262	     -0.03275776	      1.01307831	     -0.03212865	      0.77584047	     -0.03190611	     16.50151172	     -0.84940554	     -0.31786812	      0.00077977	     -0.00000396	      0.00002077	     -0.00101202	      0.00709428	      0.73996489	      0.72279736	     13.16317769	     -0.74023963	     -0.34042642	     -0.10566937	     -0.20436727	     12.21638171	     -0.61393102	     -0.30931927	     -0.02772732	     -0.02523693	     12.70877048	     -0.49610780	     -0.24778848	     13.44789021	     -0.38973612	     -0.18222233	     14.63306393	     -0.26841771	     -0.10355215	      5.93495474	     -0.70245489	     -0.03821970	      0.24269990	     -0.68075167	     -0.11205075	      0.31473840	     -1.18966091	     -0.09664801	      0.43892954	      0.34914667	     -0.00700516	     -0.00374319	      0.02752692	     -0.03564475	      0.00008589	     -0.09107974
      4.33313300	      0.65705299	    -32.63781989	     -0.07067893	     -3.55378552	    600.81718728	     10.96594739	     -3.19546040	      0.25484007	     -0.00947143	     -2.78690821	     -0.81940316	     -0.02050468	      0.97376860	     -0.03209507	      0.79181705	     -0.03190096	     16.31826024	     -0.78313830	     -0.19068663	      0.00077791	     -0.00000344	      0.00002065	     -0.00100608	      0.00708393	      0.74668925	      0.72086239	     12.99820433	     -0.68028760	     -0.21529374	     -0.10658418	     -0.20189624	     12.07056347	     -0.55927391	     -0.18609586	     -0.02841683	     -0.02510518	     12.58042645	     -0.44579369	     -0.12606145	     13.33612254	     -0.34329843	     -0.06165518	     14.53893673	     -0.22515161	      0.01628407	      5.92217868	     -0.54767540	     -0.03077311	      0.28034969	     -0.70307172	     -0.10153083	      0.32634578	     -1.18128258	     -0.09305238	      0.43197351	      0.35209988	     -0.00692214	     -0.00378028	      0.02681915	     -0.03487219	      0.00062952	     -0.09096387
      4.35165100	      0.47402316	    -32.88523703	      0.06519580	     -4.13396542	    599.69859614	      9.88818568	     -3.16047999	      0.31671936	     -0.01267258	     -2.84370708	     -0.84170479	     -0.00056090	      0.95126195	     -0.03201478	      0.82085383	     -0.03187849	     16.06387526	     -0.69847829	     -0.05041434	      0.00077408	     -0.00000368	      0.00002032	     -0.00098844	      0.00706588	      0.75100397	      0.71883154	     12.77019112	     -0.60536801	     -0.07415622	     -0.10716312	     -0.20022478	     11.86984113	     -0.49273666	     -0.04458624	     -0.02895498	     -0.02496326	     12.40430874	     -0.38455329	      0.01582921	     13.18303109	     -0.28539949	      0.08093089	     14.41028317	     -0.16836524	      0.15985292	      5.91916839	     -0.34074635	     -0.02103055	      0.31291050	     -0.72191006	     -0.08988422	      0.34181302	     -1.17716516	     -0.09123382	      0.42567995	      0.35304767	     -0.00680324	     -0.00381936	      0.02630661	     -0.03402660	      0.00097776	     -0.09078588
      4.37016900	      0.24333930	    -33.15760416	      0.19349768	     -4.78305126	    597.97349949	      8.29977297	     -3.14421301	      0.39947352	     -0.01379224	     -2.89837633	     -0.89505009	      0.02618165	      0.94564527	     -0.03189101	      0.85742219	     -0.03183728	     15.76816448	     -0.59369501	      0.08749127	      0.00076858	     -0.00000464	      0.00001975	     -0.00096145	      0.00704061	      0.75236355	      0.71693417	     12.50573693	     -0.51287717	      0.06714427	     -0.10743356	     -0.19941657	     11.63703119	     -0.41094511	      0.09920938	     -0.02928407	     -0.02483298	     12.19960575	     -0.30864414	      0.16185114	     13.00444775	     -0.21226255	      0.22949443	     14.25937354	     -0.09451040	      0.31116513	      5.92354193	     -0.09698528	     -0.00938527	      0.33628525	     -0.73303285	     -0.07844213	      0.35979530	     -1.17803078	     -0.09160149	      0.42117075	      0.35180157	     -0.00663887	     -0.00386475	      0.02614695	     -0.03323572	      0.00109880	     -0.09057638
      4.38868700	     -0.01650654	    -33.38467219	      0.30142688	     -5.49826362	    595.71536610	      6.34394565	     -3.13470614	      0.49545235	     -0.01349096	     -2.93643925	     -0.97534809	      0.05731629	      0.95405210	     -0.03173356	      0.89499007	     -0.03177911	     15.47083934	     -0.47409014	      0.21097699	      0.00076192	     -0.00000618	      0.00001894	     -0.00092861	      0.00700980	      0.75053196	      0.71534110	     12.24022331	     -0.40720553	      0.19614195	     -0.10745236	     -0.19940758	     11.40282243	     -0.31744207	      0.23262650	     -0.02936585	     -0.02472993	     11.99268951	     -0.22114262	      0.29925667	     12.82278647	     -0.12677391	      0.37122128	     14.10448898	     -0.00652537	      0.45739382	      5.93223748	      0.17140111	      0.00380785	      0.34970420	     -0.73644801	     -0.06877666	      0.37841040	     -1.18323149	     -0.09417711	      0.41857792	      0.34860077	     -0.00646562	     -0.00390264	      0.02627696	     -0.03260016	      0.00101811	     -0.09036174
      4.40720500	     -0.27533993	    -33.49706516	      0.38466816	     -6.24482980	    593.09039789	      4.17526098	     -3.11687186	      0.59459621	     -0.01249198	     -2.94460503	     -1.07298522	      0.08918374	      0.97162553	     -0.03155816	      0.92742362	     -0.03170929	     15.21509119	     -0.35081054	      0.31363478	      0.00075479	     -0.00000820	      0.00001789	     -0.00089399	      0.00697631	      0.74555528	      0.71415822	     12.01211311	     -0.29843262	      0.30601255	     -0.10729173	     -0.20000785	     11.20090702	     -0.22127406	      0.34863129	     -0.02918026	     -0.02466296	     11.81302911	     -0.13042363	      0.42089976	     12.66365762	     -0.03687206	      0.49885268	     13.96725938	      0.08786957	      0.59120139	      5.94290879	      0.45716068	      0.01826932	      0.35461373	     -0.73502555	     -0.06221666	      0.39552719	     -1.19084624	     -0.09854964	      0.41739445	      0.34413096	     -0.00634630	     -0.00390431	      0.02652410	     -0.03216886	      0.00081587	     -0.09016613
      4.42572300	     -0.49529525	    -33.44155002	      0.44632498	     -6.95426524	    590.34909261	      1.93744551	     -3.07666697	      0.68530938	     -0.01151696	     -2.91367123	     -1.17329463	      0.11750365	      0.99268669	     -0.03138476	      0.95017056	     -0.03163630	     15.04026945	     -0.23841687	      0.39416472	      0.00074797	     -0.00001062	      0.00001664	     -0.00086145	      0.00694392	      0.73776523	      0.71343546	     11.85645645	     -0.19991337	      0.39508292	     -0.10703041	     -0.20092239	     11.06235885	     -0.13463717	      0.44533409	     -0.02872824	     -0.02463533	     11.68835578	     -0.04787628	      0.52472389	     12.55173746	      0.04664780	      0.61013515	     13.86924859	      0.17825550	      0.71012988	      5.95517135	      0.75497544	      0.03364575	      0.35311205	     -0.73252183	     -0.05942941	      0.40916761	     -1.19827082	     -0.10397525	      0.41691038	      0.33940345	     -0.00635077	     -0.00383825	      0.02673321	     -0.03192804	      0.00060412	     -0.09001591
      4.44424100	     -0.63589107	    -33.19274677	      0.49355197	     -7.52608727	    587.80063770	     -0.25319366	     -3.00487022	      0.75552621	     -0.01131030	     -2.84020911	     -1.25810102	      0.13826992	      1.01180550	     -0.03123484	      0.96093079	     -0.03157098	     14.97498854	     -0.15200729	      0.45393741	      0.00074217	     -0.00001338	      0.00001528	     -0.00083400	      0.00691691	      0.72781813	      0.71317714	     11.79877447	     -0.12557705	      0.46444031	     -0.10675142	     -0.20180094	     11.01025781	     -0.07039919	      0.52357406	     -0.02803873	     -0.02464573	     11.63992264	      0.01435059	      0.61128597	     12.50660175	      0.11216081	      0.70527701	     13.82836071	      0.25328774	      0.81397089	      5.97121941	      1.05588105	      0.04927795	      0.34659764	     -0.73200605	     -0.06024234	      0.41791770	     -1.20307807	     -0.10957672	      0.41648392	      0.33551544	     -0.00654309	     -0.00368667	      0.02684482	     -0.03180215	      0.00049165	     -0.08994259
      4.46275900	     -0.66082601	    -32.75890159	      0.53367205	     -7.83673458	    585.77379694	     -2.31662806	     -2.89962069	      0.79431811	     -0.01263262	     -2.72640214	     -1.30903407	      0.14847623	      1.02462492	     -0.03112826	      0.95963403	     -0.03152562	     15.03176823	     -0.10453352	      0.49408332	      0.00073801	     -0.00001652	      0.00001396	     -0.00081343	      0.00689940	      0.71672327	      0.71335745	     11.85028713	     -0.08752064	      0.51504491	     -0.10653980	     -0.20231822	     11.05539281	     -0.04000031	      0.58398648	     -0.02717526	     -0.02468839	     11.67857860	      0.04515792	      0.68075496	     12.53914276	      0.14874822	      0.78388348	     13.85558886	      0.30194586	      0.90163247	      5.99552405	      1.34228234	      0.06402303	      0.33509033	     -0.73512978	     -0.06373528	      0.42122395	     -1.20379688	     -0.11456391	      0.41560548	      0.33336937	     -0.00697091	     -0.00345904	      0.02690797	     -0.03166477	      0.00054865	     -0.08998198
      4.48127700	     -0.54645887	    -32.18110139	      0.57156649	     -7.75761628	    584.57039329	     -4.20984483	     -2.76725501	      0.79426327	     -0.01612810	     -2.57841408	     -1.31243663	      0.14639365	      1.02842288	     -0.03108029	      0.94783381	     -0.03151291	     15.20424976	     -0.10472187	      0.51356821	      0.00073587	     -0.00002010	      0.00001283	     -0.00080013	      0.00689474	      0.70579725	      0.71394411	     12.00540624	     -0.09418189	      0.54578416	     -0.10646962	     -0.20227040	     11.19386747	     -0.05187578	      0.62500820	     -0.02623606	     -0.02475300	     11.80240258	      0.03584851	      0.73087533	     12.64924133	      0.14734715	      0.84289718	     13.95270694	      0.31448968	      0.96907417	      6.03362599	      1.58624580	      0.07624061	      0.31743133	     -0.74210230	     -0.06852200	      0.41944604	     -1.20031006	     -0.11840628	      0.41387191	      0.33344867	     -0.00765336	     -0.00319609	      0.02704759	     -0.03136063	      0.00078505	     -0.09016840
      4.49979500	     -0.28942917	    -31.52689043	      0.60901286	     -7.18075829	    584.41871045	     -5.91970457	     -2.62149583	      0.75404326	     -0.02213373	     -2.40444602	     -1.26402709	      0.13167795	      1.02243081	     -0.03109915	      0.92791165	     -0.03154425	     15.46778337	     -0.15587869	      0.50932543	      0.00073587	     -0.00002418	      0.00001210	     -0.00079324	      0.00690494	      0.69650874	      0.71491147	     12.24221510	     -0.14921887	      0.55352847	     -0.10657771	     -0.20165807	     11.40728831	     -0.11036793	      0.64290727	     -0.02534371	     -0.02482430	     11.99654774	     -0.01880583	      0.75702013	     12.82530782	      0.10180385	      0.87670368	     14.11148550	      0.28352518	      1.00950650	      6.09031349	      1.75269272	      0.08400291	      0.29231532	     -0.75201133	     -0.07309853	      0.41359243	     -1.19377802	     -0.12090434	      0.41100659	      0.33571189	     -0.00856800	     -0.00296259	      0.02741510	     -0.03074147	      0.00115168	     -0.09052233
      4.51831300	      0.09043461	    -30.87965473	      0.64542614	     -6.04575255	    585.43481211	     -7.44844140	     -2.48143145	      0.67993786	     -0.03055396	     -2.21324058	     -1.17092218	      0.10557495	      1.00786003	     -0.03118470	      0.90241817	     -0.03162781	     15.78354131	     -0.25572391	      0.47844595	      0.00073788	     -0.00002882	      0.00001189	     -0.00079101	      0.00693033	      0.69022917	      0.71622453	     12.52608414	     -0.25117537	      0.53521679	     -0.10683728	     -0.20071511	     11.66571347	     -0.21514596	      0.63389772	     -0.02462504	     -0.02488166	     12.23551000	     -0.11974661	      0.75442059	     13.04593225	      0.00990795	      0.87950517	     14.31470128	      0.20529449	      1.01596426	      6.16762315	      1.80720749	      0.08550413	      0.25985673	     -0.76324934	     -0.07616111	      0.40477071	     -1.18623786	     -0.12213833	      0.40697049	      0.33959728	     -0.00964060	     -0.00283264	      0.02813863	     -0.02971459	      0.00156171	     -0.09103028
      4.53683100	      0.55437934	    -30.32508039	      0.67892848	     -4.35851036	    587.59921765	     -8.79399866	     -2.36873244	      0.58481163	     -0.04088802	     -2.01305954	     -1.04970484	      0.07097459	      0.98753623	     -0.03132807	      0.87361864	     -0.03176641	     16.10545123	     -0.39715107	      0.42111328	      0.00074158	     -0.00003398	      0.00001231	     -0.00079138	      0.00696947	      0.68794998	      0.71780366	     12.81579775	     -0.39391946	      0.49072029	     -0.10715327	     -0.19984766	     11.93285153	     -0.36123018	      0.59710586	     -0.02418550	     -0.02490031	     12.48743072	     -0.26325617	      0.72132452	     13.28336550	     -0.12587701	      0.84868948	     14.53877825	      0.08080830	      0.98493562	      6.26318757	      1.72580120	      0.07954182	      0.22321245	     -0.77401187	     -0.07684978	      0.39350142	     -1.18014687	     -0.12232314	      0.40210910	      0.34407979	     -0.01073979	     -0.00287352	      0.02927364	     -0.02829707	      0.00191959	     -0.09161786
      4.55534900	      1.05503510	    -29.93698212	      0.70696100	     -2.19469303	    590.75343473	     -9.93107229	     -2.30445961	      0.48438544	     -0.05239903	     -1.81124733	     -0.92121054	      0.03193384	      0.96517131	     -0.03151278	      0.84323691	     -0.03195606	     16.38843131	     -0.56953127	      0.34241746	      0.00074647	     -0.00003953	      0.00001331	     -0.00079259	      0.00701929	      0.69004823	      0.71950074	     13.07087327	     -0.56764926	      0.42466230	     -0.10739086	     -0.19948776	     12.17241651	     -0.53962630	      0.53654185	     -0.02408533	     -0.02485589	     12.71956117	     -0.44123204	      0.66117677	     13.50816536	     -0.29836283	      0.78722094	     14.75760321	     -0.08374367	      0.91898890	      6.36953957	      1.50278436	      0.06589149	      0.18975313	     -0.78290271	     -0.07491163	      0.37915396	     -1.17807286	     -0.12163635	      0.39724470	      0.34772734	     -0.01167853	     -0.00313356	      0.03075248	     -0.02666227	      0.00214366	     -0.09212368
      4.57386700	      1.54790654	    -29.76599972	      0.72619051	      0.31229310	    594.61626114	    -10.80079850	     -2.30601023	      0.39251503	     -0.06421725	     -1.61473516	     -0.80447827	     -0.00722813	      0.94455230	     -0.03171670	      0.81244569	     -0.03218531	     16.59601949	     -0.76002735	      0.25170964	      0.00075205	     -0.00004522	      0.00001477	     -0.00079375	      0.00707536	      0.69617635	      0.72111163	     13.25843745	     -0.76007051	      0.34584895	     -0.10742696	     -0.19992593	     12.35428457	     -0.73834575	      0.46067046	     -0.02432530	     -0.02473210	     12.90379294	     -0.64205041	      0.58233526	     13.69414716	     -0.49636051	      0.70348991	     14.94689119	     -0.27756644	      0.82675002	      6.47487467	      1.15370588	      0.04543439	      0.17134856	     -0.78956316	     -0.07079370	      0.35980057	     -1.18255553	     -0.12009649	      0.39365849	      0.34875520	     -0.01222386	     -0.00363668	      0.03234095	     -0.02516376	      0.00217375	     -0.09228857
      4.59238500	      1.99880096	    -29.83384801	      0.73166454	      2.99250713	    598.81580610	    -11.31354110	     -2.38493163	      0.31787300	     -0.07517163	     -1.43121568	     -0.71251535	     -0.04265355	      0.92898801	     -0.03191469	      0.78206928	     -0.03243585	     16.70579842	     -0.95455313	      0.15946548	      0.00075778	     -0.00005064	      0.00001638	     -0.00079509	      0.00713234	      0.70531885	      0.72242912	     13.35825492	     -0.95739241	      0.26423360	     -0.10720221	     -0.20121351	     12.45922348	     -0.94348239	      0.37944543	     -0.02484731	     -0.02452884	     13.02117706	     -0.85172273	      0.49513170	     13.82269977	     -0.70591815	      0.60838106	     15.08829817	     -0.48660306	      0.71994701	      6.56526253	      0.71240417	      0.01999629	      0.18347286	     -0.79506050	     -0.06568081	      0.33268981	     -1.19600033	     -0.11755643	      0.39296677	      0.34514331	     -0.01211998	     -0.00438179	      0.03362219	     -0.02432546	      0.00196383	     -0.09177622
      4.61090300	      2.38520876	    -30.13324344	      0.71563132	      5.66173420	    602.93136920	    -11.36323779	     -2.54596299	      0.26312681	     -0.08347624	     -1.26994937	     -0.65119850	     -0.07112970	      0.92111170	     -0.03208133	      0.75281140	     -0.03268430	     16.71182440	     -1.13842650	      0.07316764	      0.00076321	     -0.00005528	      0.00001772	     -0.00079782	      0.00718445	      0.71600658	      0.72332443	     13.36512877	     -1.14508284	      0.18687459	     -0.10675371	     -0.20318115	     12.48139937	     -1.14016099	      0.30024223	     -0.02555002	     -0.02426790	     13.06460596	     -1.05504898	      0.40770918	     13.88561791	     -0.91167837	      0.51099221	     15.17240953	     -0.69515042	      0.60896266	      6.62760725	      0.22362376	     -0.00803080	      0.24310060	     -0.80174978	     -0.06147942	      0.29536614	     -1.22042314	     -0.11383595	      0.39692344	      0.33491602	     -0.01113450	     -0.00534305	      0.03403159	     -0.02479263	      0.00146817	     -0.09023695
      4.62942100	      2.69283459	    -30.63198665	      0.66750769	      8.13844831	    606.53977103	    -10.84845477	     -2.78704890	      0.22625318	     -0.08663543	     -1.14151752	     -0.62112403	     -0.09021198	      0.92289920	     -0.03219361	      0.72538406	     -0.03290495	     16.62409577	     -1.29703573	     -0.00543507	      0.00076795	     -0.00005856	      0.00001830	     -0.00080381	      0.00722601	      0.72662332	      0.72382944	     13.28858583	     -1.30855607	      0.11520707	     -0.10621438	     -0.20553848	     12.42843079	     -1.31335015	      0.22502024	     -0.02631363	     -0.02399404	     13.03928244	     -1.23658933	      0.32300398	     13.88594517	     -1.09801894	      0.41540932	     15.19997231	     -0.88723849	      0.49935108	      6.65226476	     -0.26551513	     -0.03612279	      0.36568657	     -0.81257912	     -0.06072736	      0.24729811	     -1.25692465	     -0.10895446	      0.40715263	      0.31666727	     -0.00913755	     -0.00646821	      0.03295428	     -0.02724590	      0.00063174	     -0.08741701
      4.64793900	      2.91000979	    -31.27960617	      0.57618163	     10.25251824	    609.26105371	     -9.69493608	     -3.09981728	      0.20332598	     -0.08179348	     -1.05685329	     -0.62088609	     -0.09874731	      0.93574297	     -0.03223349	      0.70063048	     -0.03307280	     16.46567273	     -1.41682021	     -0.08004545	      0.00077169	     -0.00005996	      0.00001770	     -0.00081502	      0.00725205	      0.73570399	      0.72417107	     13.15031532	     -1.43400613	      0.04525859	     -0.10576951	     -0.20798257	     12.31930022	     -1.44863680	      0.15036993	     -0.02702492	     -0.02376987	     12.96112850	     -1.38143871	      0.23857607	     13.83683496	     -1.24985715	      0.32029276	     15.18123211	     -1.04753372	      0.39113552	      6.63440881	     -0.71207663	     -0.06195787	      0.56171218	     -0.83012312	     -0.06640935	      0.19172149	     -1.30483460	     -0.10337879	      0.42478247	      0.29034345	     -0.00620864	     -0.00767336	      0.02987052	     -0.03228996	     -0.00060371	     -0.08330256
      4.66645700	      3.02345908	    -32.01483680	      0.43364645	     11.84768679	    610.79723393	     -7.87517394	     -3.47005936	      0.19206171	     -0.06645919	     -1.02627367	     -0.64931051	     -0.09727740	      0.96047112	     -0.03218999	      0.67976670	     -0.03316608	     16.26841415	     -1.48667012	     -0.15678282	      0.00077419	     -0.00005915	      0.00001565	     -0.00083285	      0.00725886	      0.74213673	      0.72471169	     12.98021522	     -1.50954436	     -0.02943577	     -0.10557429	     -0.21026644	     12.18084697	     -1.53316043	      0.07024285	     -0.02759472	     -0.02366351	     12.85373018	     -1.47602768	      0.14913158	     13.75890346	     -1.35335721	      0.22116667	     15.13371812	     -1.16200897	      0.28083191	      6.57388647	     -1.08106594	     -0.08360286	      0.83331592	     -0.85562502	     -0.08164095	      0.13719168	     -1.36054834	     -0.09818980	      0.45000944	      0.25816116	     -0.00273688	     -0.00883278	      0.02450868	     -0.04033770	     -0.00226436	     -0.07826835
      4.68497500	      3.01786228	    -32.77233012	      0.23805464	     12.78325814	    610.95862300	     -5.42089010	     -3.87798767	      0.19487903	     -0.03933625	     -1.05898085	     -0.70512443	     -0.08771454	      0.99723361	     -0.03206057	      0.66472330	     -0.03316801	     16.06829558	     -1.49943294	     -0.24000915	      0.00077528	     -0.00005611	      0.00001222	     -0.00085765	      0.00724446	      0.74524098	      0.72579861	     12.81191828	     -1.52649525	     -0.11376689	     -0.10565950	     -0.21221282	     12.04360351	     -1.55671811	     -0.02012830	     -0.02796551	     -0.02373206	     12.74448290	     -1.50907993	      0.05029037	     13.67664920	     -1.39675886	      0.11401460	     15.07895186	     -1.21866559	      0.16485266	      6.47402378	     -1.34714225	     -0.09958802	      1.17150603	     -0.88789246	     -0.10909979	      0.09808335	     -1.41627448	     -0.09505595	      0.48179938	      0.22535999	      0.00054776	     -0.00976526	      0.01696102	     -0.05150469	     -0.00426986	     -0.07317581
      4.70349300	      2.87883519	    -33.48807691	     -0.00462158	     12.93841581	    609.67646483	     -2.42457721	     -4.29843959	      0.21992819	     -0.00096862	     -1.16301778	     -0.78505262	     -0.07258260	      1.04521719	     -0.03185151	      0.65844688	     -0.03306785	     15.90079169	     -1.45280138	     -0.32865019	      0.00077489	     -0.00005118	      0.00000783	     -0.00088852	      0.00720889	      0.74475531	      0.72758529	     12.67823735	     -1.48026209	     -0.20741539	     -0.10586700	     -0.21368502	     11.93736331	     -1.51257877	     -0.12065670	     -0.02811145	     -0.02400551	     12.66028667	     -1.47235435	     -0.05789786	     13.61425840	     -1.37101221	     -0.00126275	     15.03836273	     -1.20802758	      0.04290793	      6.34023731	     -1.49487495	     -0.10891325	      1.55444671	     -0.92142104	     -0.15003602	      0.09322579	     -1.45919072	     -0.09590488	      0.51810341	      0.20036594	      0.00268118	     -0.01022457	      0.00774381	     -0.06550596	     -0.00632844	     -0.06935272
      4.72201100	      2.59752300	    -34.10363616	     -0.28070109	     12.22057404	    607.00419607	      0.97085899	     -4.70133790	      0.27908576	      0.04594509	     -1.34510507	     -0.88239021	     -0.05426347	      1.10215852	     -0.03157754	      0.66492949	     -0.03286181	     15.79640865	     -1.34908205	     -0.41437946	      0.00077302	     -0.00004506	      0.00000325	     -0.00092347	      0.00715417	      0.74079591	      0.72990440	     12.60667412	     -1.37031439	     -0.30299580	     -0.10585013	     -0.21455516	     11.88668031	     -1.39761182	     -0.22450997	     -0.02803534	     -0.02447572	     12.62304725	     -1.36081493	     -0.16900666	     13.59110757	     -1.26988634	     -0.11881859	     15.02877536	     -1.12309355	     -0.07985140	      6.17919798	     -1.51841630	     -0.11104601	      1.94743340	     -0.94358069	     -0.20292219	      0.14236094	     -1.47176247	     -0.10228844	      0.55687882	      0.19398377	      0.00273878	     -0.00990766	     -0.00218592	     -0.08154844	     -0.00784466	     -0.06840777
      4.74052900	      2.17559855	    -34.56927906	     -0.57090055	     10.58036089	    603.11123959	      4.58982041	     -5.05275848	      0.38311457	      0.09664853	     -1.60975711	     -0.98712753	     -0.03426854	      1.16372694	     -0.03126094	      0.68874567	     -0.03255402	     15.77677724	     -1.19425644	     -0.48255655	      0.00076983	     -0.00003862	     -0.00000060	     -0.00096002	      0.00708414	      0.73383415	      0.73225103	     12.61553605	     -1.19972545	     -0.38685581	     -0.10515713	     -0.21471150	     11.90699367	     -1.21220086	     -0.31878138	     -0.02776608	     -0.02509410	     12.64581848	     -1.17275188	     -0.27075917	     13.61792948	     -1.09013613	     -0.22719165	     15.05857379	     -0.95941458	     -0.19292026	      5.99879582	     -1.42182837	     -0.10597612	      2.30551451	     -0.93276881	     -0.26239356	      0.26107111	     -1.43401232	     -0.11466421	      0.59763235	      0.21749679	      0.00019792	     -0.00850006	     -0.01146219	     -0.09828655	     -0.00792266	     -0.07189420
      4.75904700	      1.62951995	    -34.84653208	     -0.85333624	      8.03366708	    598.27393225	      8.24000937	     -5.31721544	      0.53551385	      0.14498509	     -1.95753259	     -1.08781587	     -0.01280703	      1.22312985	     -0.03093042	      0.73404088	     -0.03215757	     15.85228251	     -0.99738992	     -0.51558942	      0.00076561	     -0.00003276	     -0.00000282	     -0.00099570	      0.00700411	      0.72469760	      0.73389907	     12.71178457	     -0.97528836	     -0.44218525	     -0.10339417	     -0.21410877	     12.00268555	     -0.96098949	     -0.38740197	     -0.02735718	     -0.02577948	     12.73106806	     -0.91096181	     -0.34776138	     13.69528289	     -0.83293119	     -0.31180839	     15.12636095	     -0.71664842	     -0.28267048	      5.80864551	     -1.21999832	     -0.09431394	      2.57982779	     -0.86134074	     -0.31956136	      0.45559277	     -1.32800848	     -0.13200249	      0.64242761	      0.27995355	     -0.00480146	     -0.00577408	     -0.01846109	     -0.11399741	     -0.00554784	     -0.08090550
      4.77756500	      0.99232843	    -34.91059123	     -1.10584779	      4.68358416	    592.86615393	     11.71771771	     -5.46148970	      0.72736445	      0.18453627	     -2.38246369	     -1.17468786	      0.01086607	      1.27141578	     -0.03061954	      0.80309582	     -0.03169510	     16.02182858	     -0.77075912	     -0.49722237	      0.00076076	     -0.00002816	     -0.00000276	     -0.00102834	      0.00692044	      0.71455296	      0.73412770	     12.89129296	     -0.70842242	     -0.45298494	     -0.10042545	     -0.21282810	     12.16785453	     -0.65455111	     -0.41489533	     -0.02688307	     -0.02643528	     12.87193828	     -0.58502694	     -0.38510556	     13.81527385	     -0.50659814	     -0.35840266	     15.22315203	     -0.40170587	     -0.33557926	      5.62066217	     -0.93876010	     -0.07734541	      2.72740066	     -0.70506246	     -0.36417490	      0.71895806	     -1.14376155	     -0.15200648	      0.69522053	      0.38529159	     -0.01146953	     -0.00172597	     -0.02163075	     -0.12704713	      0.00005819	     -0.09572002
      4.79608300	      0.31175990	    -34.75240756	     -1.30750506	      0.72961775	    587.34733665	     14.80191059	     -5.45924247	      0.93518458	      0.20974270	     -2.86893264	     -1.24239903	      0.03749640	      1.29866113	     -0.03036477	      0.89477341	     -0.03119872	     16.27404994	     -0.52945064	     -0.41606751	      0.00075581	     -0.00002512	     -0.00000018	     -0.00105595	      0.00684017	      0.70481999	      0.73247798	     13.14070129	     -0.41531394	     -0.40735549	     -0.09652927	     -0.21110428	     12.38884357	     -0.31010875	     -0.38950579	     -0.02643015	     -0.02697065	     13.05538403	     -0.21256339	     -0.37140646	     13.96526282	     -0.12835357	     -0.35595594	     15.33668419	     -0.03098932	     -0.34109075	      5.44926028	     -0.61313167	     -0.05696957	      2.72118143	     -0.45478476	     -0.38761033	      1.02943093	     -0.88472950	     -0.17182237	      0.75952123	      0.53012964	     -0.01864079	      0.00330225	     -0.01989789	     -0.13642903	      0.00904574	     -0.11559405
      4.81460100	     -0.35533549	    -34.37975526	     -1.44019439	     -3.54381204	    582.24112655	     17.24902390	     -5.29501285	      1.12272303	      0.21657933	     -3.38904777	     -1.29056149	      0.06691377	      1.29580533	     -0.03020266	      1.00336453	     -0.03070889	     16.58879715	     -0.28881248	     -0.26759051	      0.00075125	     -0.00002354	      0.00000474	     -0.00107639	      0.00677062	      0.69699375	      0.72893702	     13.43936037	     -0.11440595	     -0.29945444	     -0.09243582	     -0.20929152	     12.64661496	      0.05089826	     -0.30509316	     -0.02608161	     -0.02731936	     13.26489732	      0.18307245	     -0.30064957	     14.13092120	      0.27777394	     -0.29851675	     15.45484275	      0.37140462	     -0.29342274	      5.31082274	     -0.28346158	     -0.03549500	      2.55522458	     -0.12262690	     -0.38487007	      1.35195658	     -0.57089745	     -0.18883670	      0.83578737	      0.70300202	     -0.02512450	      0.00858035	     -0.01290246	     -0.14198461	      0.02069828	     -0.13876308
      4.83311900	     -0.95138616	    -33.81635655	     -1.49070710	     -7.79576498	    578.09663614	     18.80284128	     -4.96660876	      1.24675442	      0.20281272	     -3.90219994	     -1.32171384	      0.09751709	      1.25667326	     -0.03016606	      1.11839398	     -0.03027179	     16.93889231	     -0.06019583	     -0.05493981	      0.00074755	     -0.00002296	      0.00001144	     -0.00108728	      0.00671894	      0.69239285	      0.72397961	     13.76110726	      0.17829685	     -0.13050548	     -0.08921400	     -0.20776735	     12.91840657	      0.40794322	     -0.16216649	     -0.02589853	     -0.02745073	     13.48196453	      0.57821990	     -0.17319822	     14.29752476	      0.68653576	     -0.18620735	     15.56681765	      0.77937156	     -0.19257315	      5.22228860	      0.01026003	     -0.01531328	      2.24254548	      0.26085692	     -0.35471582	      1.64330417	     -0.23793489	     -0.20126948	      0.92009927	      0.88554102	     -0.02995601	      0.01306125	     -0.00091830	     -0.14414733	      0.03346743	     -0.16267696
      4.85163700	     -1.42771881	    -33.09870916	     -1.45295157	    -11.66360093	    575.42843221	     19.22363833	     -4.48588266	      1.26645126	      0.16809186	     -4.35822650	     -1.33792503	      0.12634544	      1.17971340	     -0.03027907	      1.22574060	     -0.02993499	     17.29333315	      0.15218934	      0.21083978	      0.00074512	     -0.00002262	      0.00001908	     -0.00108625	      0.00669145	      0.69188900	      0.71845273	     14.07714754	      0.45298868	      0.09073192	     -0.08801566	     -0.20681294	     13.18003329	      0.74580755	      0.03157056	     -0.02590320	     -0.02737057	     13.68770521	      0.95381402	      0.00365953	     14.45100616	      1.07670624	     -0.02579837	     15.66358298	      1.17034049	     -0.04491562	      5.19896961	      0.23522669	      0.00149594	      1.80861374	      0.65486258	     -0.29864837	      1.86077855	      0.06806584	     -0.20849945	      1.00447779	      1.05563239	     -0.03251408	      0.01555957	      0.01539568	     -0.14344531	      0.04528039	     -0.18444784
      4.87015500	     -1.75345141	    -32.27210277	     -1.32934652	    -14.79752021	    574.64227931	     18.33063458	     -3.87873602	      1.15490486	      0.11405503	     -4.70455189	     -1.33779247	      0.14984001	      1.06907375	     -0.03055167	      1.31006433	     -0.02974144	     17.62244077	      0.35068372	      0.51154201	      0.00074422	     -0.00002160	      0.00002666	     -0.00107149	      0.00669290	      0.69569912	      0.71333853	     14.36082527	      0.70600581	      0.34848325	     -0.08972848	     -0.20652591	     13.40995266	      1.05505487	      0.26162682	     -0.02607184	     -0.02711232	     13.86614005	      1.29627468	      0.21605202	     14.58050880	      1.43224516	      0.16954297	     15.73973853	      1.52665851	      0.13696211	      5.25189869	      0.37232414	      0.01354097	      1.28605978	      1.01592160	     -0.22001783	      1.97238083	      0.29949218	     -0.21109890	      1.07817769	      1.19191007	     -0.03255858	      0.01500184	      0.03513451	     -0.14012624	      0.05402688	     -0.20141152
      4.88867300	     -1.92215696	    -31.38800149	     -1.13044689	    -16.89450065	    575.96496159	     16.04744622	     -3.18485526	      0.90987106	      0.04449422	     -4.89602538	     -1.31537439	      0.16491062	      0.93466862	     -0.03097523	      1.35800494	     -0.02972283	     17.90349553	      0.53991208	      0.82397426	      0.00074500	     -0.00001899	      0.00003317	     -0.00104238	      0.00672555	      0.70331549	      0.70947745	     14.59296825	      0.93597450	      0.62198255	     -0.09463348	     -0.20679868	     13.59400246	      1.32854028	      0.50859672	     -0.02634145	     -0.02672253	     14.00823082	      1.59425194	      0.44525852	     14.68179622	      1.73914682	      0.38183134	     15.79627323	      1.83245961	      0.33567128	      5.38521366	      0.42033559	      0.02037267	      0.71347519	      1.30227476	     -0.12390420	      1.96441141	      0.41774251	     -0.21047835	      1.12934096	      1.27836207	     -0.03022154	      0.01069869	      0.05705256	     -0.13407958	      0.05810217	     -0.21163240
      4.90719100	     -1.95500995	    -30.50300960	     -0.87316209	    -17.73185227	    579.39838717	     12.43769685	     -2.45624377	      0.55982334	     -0.03455130	     -4.90471001	     -1.26171807	      0.16965792	      0.79090294	     -0.03152121	      1.36112159	     -0.02989362	     18.12431929	      0.72132885	      1.12273219	      0.00074745	     -0.00001394	      0.00003771	     -0.00099986	      0.00678853	      0.71361090	      0.70735746	     14.76520192	      1.13874629	      0.88812825	     -0.10218705	     -0.20736433	     13.72819555	      1.55663983	      0.75065757	     -0.02663026	     -0.02624717	     14.11409368	      1.83399630	      0.67005100	     14.75892529	      1.98081333	      0.59044293	     15.84165119	      2.06892512	      0.53103213	      5.59427312	      0.39577062	      0.02251367	      0.13670138	      1.47621963	     -0.01752301	      1.84273934	      0.40263637	     -0.20805937	      1.14694289	      1.30763504	     -0.02593790	      0.00258645	      0.07935912	     -0.12501429	      0.05690043	     -0.21418640
      4.92570900	     -1.89858571	    -29.67764380	     -0.57921582	    -17.19637259	    584.70882377	      7.71798470	     -1.75298611	      0.16159654	     -0.11507632	     -4.72656889	     -1.16849330	      0.16351092	      0.65405863	     -0.03214396	      1.31754144	     -0.03024748	     18.28284404	      0.88963106	      1.38192408	      0.00075134	     -0.00000584	      0.00003951	     -0.00094636	      0.00687764	      0.72509868	      0.70704844	     14.87917457	      1.30427590	      1.12309086	     -0.11103681	     -0.20789741	     13.81743962	      1.72449546	      0.96506472	     -0.02686469	     -0.02572420	     14.19118444	      1.99680403	      0.86810539	     14.82190874	      2.13556140	      0.77344778	     15.88886582	      2.21173562	      0.70133180	      5.86510764	      0.32727616	      0.02120941	     -0.39132278	      1.50693448	      0.08952616	      1.62683991	      0.25800378	     -0.20405854	      1.12320309	      1.28198325	     -0.02030754	     -0.00861301	      0.09965799	     -0.11277455	      0.05116587	     -0.20915075
      4.94422700	     -1.81590584	    -28.97292185	     -0.27478253	    -15.30295079	    591.44923790	      2.24148138	     -1.13575918	     -0.21208553	     -0.18808719	     -4.38280979	     -1.03238610	      0.14698459	      0.53901135	     -0.03278741	      1.23181322	     -0.03075686	     18.38247372	      1.03326917	      1.57553396	      0.00075626	      0.00000571	      0.00003804	     -0.00088533	      0.00698570	      0.73626783	      0.70829013	     14.94152260	      1.41776019	      1.30252369	     -0.11932383	     -0.20814137	     13.87003330	      1.81373747	      1.12832513	     -0.02700167	     -0.02518409	     14.24832743	      2.06117730	      1.01621893	     14.88025663	      2.17909417	      0.90788568	     15.94838054	      2.23378200	      0.82368205	      6.17538581	      0.24622994	      0.01798126	     -0.81535929	      1.37560715	      0.18580648	      1.33963888	      0.01146444	     -0.19623117	      1.05634309	      1.21152878	     -0.01392545	     -0.02137186	      0.11524133	     -0.09768135	      0.04307552	     -0.19734347
      4.96274500	     -1.77185043	    -28.44401537	      0.00964163	    -12.19985277	    599.00544726	     -3.54537416	     -0.65650494	     -0.49268902	     -0.24522095	     -3.91543666	     -0.85844124	      0.12134938	      0.45644302	     -0.03339354	      1.11321129	     -0.03137629	     18.42546512	      1.13954988	      1.67812348	      0.00076163	      0.00002080	      0.00003301	     -0.00082058	      0.00710343	      0.74587869	      0.71067094	     14.95696678	      1.46556159	      1.40203419	     -0.12520676	     -0.20801158	     13.89051439	      1.80927908	      1.21667893	     -0.02703609	     -0.02465523	     14.28835745	      2.01040023	      1.09094164	     14.93536135	      2.09276001	      0.97056822	     16.02014674	      2.11411337	      0.87503855	      6.49667779	      0.17749106	      0.01417759	     -1.08753622	      1.08257616	      0.25966240	      0.99906847	     -0.29251990	     -0.17930821	      0.95284807	      1.11035336	     -0.00725551	     -0.03354967	      0.12375051	     -0.08076716	      0.03586994	     -0.17991860
      4.98126300	     -1.81741413	    -28.13219196	      0.24120488	     -8.16243811	    606.65889232	     -9.16411763	     -0.35011755	     -0.63647688	     -0.28038429	     -3.37881472	     -0.66088004	      0.08830802	      0.41155456	     -0.03391014	      0.97334594	     -0.03204842	     18.40834946	      1.20241283	      1.66806023	      0.00076676	      0.00003917	      0.00002439	     -0.00075565	      0.00722065	      0.75312693	      0.71380534	     14.92375958	      1.44385246	      1.40010551	     -0.12742143	     -0.20762356	     13.87534310	      1.70897245	      1.20900959	     -0.02699117	     -0.02416959	     14.30415599	      1.84319151	      1.07164085	     14.97680916	      1.87515208	      0.94131724	     16.09013207	      1.85057387	      0.83567598	      6.79771208	      0.13435209	      0.01071356	     -1.17865441	      0.65330162	      0.30163145	      0.61715419	     -0.60538737	     -0.14615957	      0.82774084	      0.99185281	     -0.00061962	     -0.04285086	      0.12396380	     -0.06373516	      0.03289658	     -0.15794244
      4.99978100	     -1.97835775	    -28.05729691	      0.38967892	     -3.57449778	    613.66454744	    -14.17089096	     -0.22987245	     -0.63728130	     -0.29068764	     -2.83021883	     -0.46102286	      0.04963156	      0.40445266	     -0.03429651	      0.82403814	     -0.03271161	     18.32291099	      1.22887320	      1.53350454	      0.00077097	      0.00006020	      0.00001251	     -0.00069356	      0.00732743	      0.75765166	      0.71743123	     14.83499316	      1.36556056	      1.28380262	     -0.12565464	     -0.20723190	     13.81499398	      1.53122419	      1.09246466	     -0.02689876	     -0.02376391	     14.28175807	      1.58205189	      0.94614710	     14.98641905	      1.55122167	      0.80864254	     16.13533040	      1.46981714	      0.69494453	      7.04842465	      0.11928303	      0.00807120	     -1.08615317	      0.13817106	      0.30674366	      0.20800511	     -0.88888669	     -0.09126018	      0.70159713	      0.86546885	      0.00567794	     -0.04746046	      0.11629742	     -0.04854014	      0.03623461	     -0.13211462
      5.01829900	     -2.25138634	    -28.21279594	      0.43389224	      1.11084393	    619.34172827	    -18.21329059	     -0.28780470	     -0.52631633	     -0.27641959	     -2.32189710	     -0.28282589	      0.00694664	      0.43154087	     -0.03452665	      0.67605155	     -0.03330727	     18.16326700	      1.23998115	      1.27817298	      0.00077369	      0.00008281	     -0.00000190	     -0.00063687	      0.00741524	      0.75942854	      0.72138772	     14.68598357	      1.26090218	      1.05447892	     -0.12059041	     -0.20711275	     13.70232291	      1.31518409	      0.86802163	     -0.02678091	     -0.02347364	     14.21003869	      1.27324492	      0.71613473	     14.94920537	      1.17221286	      0.57491881	     16.13614964	      1.02730825	      0.45622783	      7.22449161	      0.12839321	      0.00646602	     -0.83463747	     -0.39749860	      0.27539580	     -0.20067267	     -1.12446886	     -0.01552026	      0.59451044	      0.73658530	      0.01115243	     -0.04660752	      0.10262921	     -0.03672374	      0.04549577	     -0.10286513
      5.03681700	     -2.60799662	    -28.56514310	      0.36659638	      5.43455110	    623.16593749	    -21.06361078	     -0.49939780	     -0.35941009	     -0.24031695	     -1.89600754	     -0.14732399	     -0.03801574	      0.48702355	     -0.03459035	      0.53872433	     -0.03378593	     17.93562774	      1.26475509	      0.92309760	      0.00077459	      0.00010553	     -0.00001766	     -0.00058812	      0.00747769	      0.75862251	      0.72549963	     14.48391464	      1.16971722	      0.72985407	     -0.11362570	     -0.20744532	     13.54282791	      1.11142098	      0.55246137	     -0.02664099	     -0.02332197	     14.09194465	      0.97602207	      0.39875201	     14.86561310	      0.80373707	      0.25762819	     16.08986457	      0.59429491	      0.13769746	      7.31157928	      0.15579068	      0.00601029	     -0.46806207	     -0.89150496	      0.21188885	     -0.56155167	     -1.31251411	      0.07012783	      0.51939991	      0.60965774	      0.01499665	     -0.04081199	      0.08537766	     -0.02890228	      0.05754097	     -0.07099444
      5.05533500	     -3.00441809	    -29.05876060	      0.19644857	      9.00405712	    624.83876417	    -22.62172951	     -0.83043734	     -0.19699983	     -0.18661118	     -1.58248965	     -0.06792147	     -0.08282024	      0.56397110	     -0.03449241	      0.42006638	     -0.03411114	     17.66447386	      1.32959977	      0.50378644	      0.00077366	      0.00012661	     -0.00003328	     -0.00055025	      0.00751094	      0.75547186	      0.72945500	     14.25340803	      1.12863143	      0.34180468	     -0.10638247	     -0.20823547	     13.36012260	      0.96669129	      0.17619660	     -0.02646708	     -0.02331021	     13.95010399	      0.74526289	      0.02414686	     14.75736426	      0.50665901	     -0.11346426	     16.01688836	      0.23694321	     -0.23100670	      7.30806423	      0.19582281	      0.00678144	     -0.03671956	     -1.30220072	      0.12126253	     -0.81378287	     -1.46213567	      0.14534637	      0.47836268	      0.49239959	      0.01612781	     -0.03171502	      0.06632060	     -0.02480340	      0.06753707	     -0.03863105
      5.07385300	     -3.39469569	    -29.62650969	     -0.05236540	     11.54593195	    624.31203188	    -22.89129708	     -1.24340590	     -0.08474927	     -0.12029725	     -1.39901144	     -0.04797735	     -0.12387469	      0.65489565	     -0.03425010	      0.32678504	     -0.03426148	     17.38965128	      1.44865116	      0.06536818	      0.00077115	      0.00014426	     -0.00004708	     -0.00052672	      0.00751367	      0.75024575	      0.73276172	     14.03286955	      1.15953002	     -0.06781346	     -0.10020925	     -0.20930053	     13.19159260	      0.91047552	     -0.22067599	     -0.02624421	     -0.02341568	     13.82179828	      0.61636408	     -0.36851204	     14.66186589	      0.32066832	     -0.50033236	     15.95469391	     -0.00137398	     -0.61293847	      7.22493216	      0.24347188	      0.00880710	      0.41522055	     -1.61434048	      0.00688005	     -0.90068047	     -1.57858856	      0.18624487	      0.46460000	      0.39771973	      0.01347822	     -0.02151906	      0.04599602	     -0.02384713	      0.07109790	     -0.00974881
      5.09237100	     -3.74305509	    -30.20335770	     -0.34282797	     12.92021182	    621.75947264	    -21.94348212	     -1.70165316	     -0.04165282	     -0.04684153	     -1.35191637	     -0.08110420	     -0.15655613	      0.75209850	     -0.03388946	      0.26394317	     -0.03423116	     17.15398104	      1.61994255	     -0.34230116	      0.00076755	      0.00015691	     -0.00005751	     -0.00052098	      0.00748685	      0.74327781	      0.73481782	     13.86172143	      1.26503271	     -0.45159563	     -0.09584287	     -0.21031864	     13.07484441	      0.94985680	     -0.59243485	     -0.02596912	     -0.02359788	     13.74439936	      0.59977928	     -0.73477640	     14.61670550	      0.25866414	     -0.86006473	     15.94131357	     -0.10574081	     -0.96683900	      7.08234295	      0.29349905	      0.01199634	      0.85614108	     -1.82911934	     -0.12866188	     -0.79045617	     -1.65671901	      0.17404786	      0.46890089	      0.34141311	      0.00645232	     -0.01222489	      0.02421338	     -0.02577698	      0.06646602	      0.01052982
      5.11088900	     -4.03202406	    -30.73909257	     -0.63080091	     13.10291279	    617.51446663	    -19.88665865	     -2.17109377	     -0.05852255	      0.02783925	     -1.43729923	     -0.15403312	     -0.17609987	      0.84801963	     -0.03344147	      0.23423394	     -0.03402972	     16.98707965	      1.82818325	     -0.67024712	      0.00076339	      0.00016349	     -0.00006345	     -0.00053530	      0.00743336	      0.73503836	      0.73507369	     13.76450802	      1.43171316	     -0.76202743	     -0.09331471	     -0.21093019	     13.03144561	      1.07336094	     -0.89279889	     -0.02566094	     -0.02380987	     13.73836633	      0.68563041	     -1.02948734	     14.64187467	      0.31214614	     -1.14884922	     15.99664332	     -0.08339794	     -1.25042523	      6.90383337	      0.33905268	      0.01605421	      1.26503859	     -1.94685380	     -0.27941344	     -0.48895898	     -1.68386108	      0.10201646	      0.48621407	      0.33660040	     -0.00466409	     -0.00503334	      0.00130029	     -0.03079357	      0.05540863	      0.01780106
      5.12940700	     -4.26411841	    -31.20615599	     -0.87351696	     12.16143171	    612.00501385	    -16.85461620	     -2.62056671	     -0.10543768	      0.09755150	     -1.64185445	     -0.25125367	     -0.17913627	      0.93569018	     -0.03293910	      0.23713894	     -0.03368118	     16.89360719	      2.05086543	     -0.87824089	      0.00075909	      0.00016361	     -0.00006439	     -0.00056963	      0.00735773	      0.72618300	      0.73322568	     13.73998763	      1.63698171	     -0.95935944	     -0.09209144	     -0.21085808	     13.05627056	      1.25870497	     -1.08257475	     -0.02536256	     -0.02400985	     13.79644119	      0.85231379	     -1.21405156	     14.72867725	      0.46056798	     -1.32880124	     16.11089502	      0.04640863	     -1.42665819	      6.71041597	      0.37077853	      0.02043191	      1.62396533	     -1.95775466	     -0.43231961	     -0.03885086	     -1.64875391	     -0.02265444	      0.51770274	      0.38810641	     -0.01859714	     -0.00023698	     -0.02096527	     -0.03912717	      0.04221663	      0.01037526
      5.14792500	     -4.45664157	    -31.60106148	     -1.03885680	     10.24356619	    605.70856179	    -13.01470974	     -3.02246039	     -0.14440612	      0.15634050	     -1.94387330	     -0.35957397	     -0.16519413	      1.00933369	     -0.03241553	      0.26849605	     -0.03322199	     16.85161673	      2.26396772	     -0.94406716	      0.00075494	      0.00015764	     -0.00006054	     -0.00062074	      0.00726596	      0.71752727	      0.72936395	     13.76055267	      1.85511637	     -1.02092343	     -0.09136944	     -0.21000407	     13.11768536	      1.47904851	     -1.13896416	     -0.02513167	     -0.02416964	     13.88428566	      1.07281675	     -1.26570545	     14.84062050	      0.67757976	     -1.37716308	     16.24561900	      0.25851156	     -1.47284439	      6.51698376	      0.37682159	      0.02433836	      1.91162489	     -1.84869910	     -0.56778988	      0.49214076	     -1.54985743	     -0.18179703	      0.56746837	      0.48992031	     -0.03339225	      0.00241237	     -0.03950692	     -0.05048110	      0.03149746	     -0.00984522
      5.16644300	     -4.63158954	    -31.94013115	     -1.11209456	      7.57950516	    599.12916496	     -8.58542760	     -3.35446794	     -0.14288453	      0.19914608	     -2.31490151	     -0.47049362	     -0.13715565	      1.06504977	     -0.03190293	      0.32092413	     -0.03269799	     16.82124319	      2.44603913	     -0.87002727	      0.00075100	      0.00014655	     -0.00005271	     -0.00068242	      0.00716529	      0.70994051	      0.72401221	     13.78189941	      2.06116204	     -0.94771402	     -0.09039959	     -0.20848607	     13.16822675	      1.70647390	     -1.06232481	     -0.02502514	     -0.02427881	     13.95203284	      1.31754323	     -1.18451659	     14.92566019	      0.93307995	     -1.29357919	     16.34661453	      0.52293254	     -1.38822744	      6.33216674	      0.34383407	      0.02681996	      2.10406688	     -1.61857929	     -0.66509650	      1.02709705	     -1.39820511	     -0.35150535	      0.63743458	      0.62699831	     -0.04700201	      0.00321042	     -0.05103703	     -0.06380823	      0.02622202	     -0.03805973
      5.18496100	     -4.80522777	    -32.25122793	     -1.09711588	      4.47798644	    592.78212174	     -3.84559235	     -3.60219203	     -0.08401427	      0.22239232	     -2.72207525	     -0.57975750	     -0.10033976	      1.10138082	     -0.03143121	      0.38509840	     -0.03216006	     16.75929821	      2.58141844	     -0.68237298	      0.00074729	      0.00013179	     -0.00004212	     -0.00074653	      0.00706381	      0.70418906	      0.71803972	     13.75826876	      2.23402607	     -0.76403021	     -0.08872637	     -0.20660147	     13.16073050	      1.91477084	     -0.87608555	     -0.02508241	     -0.02434473	     13.95136874	      1.55655170	     -0.99361013	     14.93415405	      1.19479802	     -1.10068326	     16.36282951	      0.80566371	     -1.19498341	      6.16080585	      0.25971718	      0.02693060	      2.18268975	     -1.28797149	     -0.70944060	      1.49451857	     -1.21443785	     -0.50731206	      0.72466772	      0.78013324	     -0.05787180	      0.00223086	     -0.05331206	     -0.07755346	      0.02704318	     -0.06827168
      5.20347900	     -4.98163529	    -32.56364400	     -1.01162508	      1.29886592	    587.16541784	      0.87795806	     -3.76145984	      0.02932854	      0.22448184	     -3.13104726	     -0.68509062	     -0.06087659	      1.11956015	     -0.03102598	      0.45145183	     -0.03165888	     16.63366968	      2.66278343	     -0.42314908	      0.00074377	      0.00011498	     -0.00003020	     -0.00080477	      0.00696967	      0.70077148	      0.71246839	     13.65700081	      2.35952038	     -0.50970496	     -0.08628522	     -0.20473137	     13.06327946	      2.08294396	     -0.61924700	     -0.02531275	     -0.02438823	     13.85107682	      1.76333445	     -0.73186593	     14.83505373	      1.43220561	     -0.83702391	     16.26332908	      1.07264454	     -0.93137270	      6.00704250	      0.11843444	      0.02399103	      2.14391700	     -0.89619379	     -0.69686484	      1.83949560	     -1.02298054	     -0.62846129	      0.82245181	      0.93107663	     -0.06527857	     -0.00064284	     -0.04587979	     -0.09016344	      0.03281806	     -0.09503890
      5.22199700	     -5.15130715	    -32.89856493	     -0.87873028	     -1.59723856	    582.70725390	      5.24425908	     -3.83901090	      0.17715911	      0.20617760	     -3.50946681	     -0.78356118	     -0.02420115	      1.12333676	     -0.03070626	      0.51177213	     -0.03123862	     16.43272994	      2.69178280	     -0.13808323	      0.00074052	      0.00009774	     -0.00001831	     -0.00085042	      0.00689016	      0.69979445	      0.70822552	     13.46763392	      2.43214785	     -0.22847553	     -0.08336719	     -0.20322150	     12.86803455	      2.19824852	     -0.33496224	     -0.02568939	     -0.02443474	     13.64580407	      1.91894469	     -0.44254562	     14.62475362	      1.62153977	     -0.54575079	     16.04632809	      1.29566316	     -0.64044120	      5.87638430	     -0.07468720	      0.01786227	      2.00396228	     -0.49002801	     -0.63510644	      2.03080912	     -0.84620721	     -0.70108730	      0.92320013	      1.06574113	     -0.06933329	     -0.00552643	     -0.03010139	     -0.10054109	      0.04161427	     -0.11462645
      5.24051500	     -5.29371558	    -33.26242793	     -0.71842998	     -3.90444242	    579.70160600	      8.94428430	     -3.85104057	      0.32967262	      0.17079205	     -3.83055692	     -0.86997103	      0.00580421	      1.11838442	     -0.03048242	      0.56031825	     -0.03093086	     16.16786366	      2.67682904	      0.13447684	      0.00073766	      0.00008149	     -0.00000761	     -0.00087952	      0.00683071	      0.70093827	      0.70591460	     13.20383929	      2.45427142	      0.04267310	     -0.08049417	     -0.20227998	     12.59237171	      2.25684136	     -0.06000439	     -0.02615259	     -0.02450380	     13.35649743	      2.01399474	     -0.16272263	     14.32699956	      1.74892613	     -0.26401610	     15.73858529	      1.45657676	     -0.35935331	      5.77606636	     -0.30008771	      0.00911139	      1.79608643	     -0.11241516	     -0.54074457	      2.06349772	     -0.69979109	     -0.71993015	      1.02063896	      1.17525417	     -0.07071958	     -0.01235767	     -0.00862091	     -0.10822738	      0.05157265	     -0.12543812
      5.25903300	     -5.38246510	    -33.64499626	     -0.54249745	     -5.41476665	    578.26020456	     11.74603900	     -3.82000304	      0.45614863	      0.12400934	     -4.07609404	     -0.93708710	      0.02691533	      1.11134056	     -0.03035536	      0.59432496	     -0.03075026	     15.86980650	      2.62889442	      0.36984885	      0.00073542	      0.00006729	      0.00000110	     -0.00089127	      0.00679422	      0.70354053	      0.70568099	     12.89908919	      2.43299045	      0.27959865	     -0.07825069	     -0.20192431	     12.27355418	      2.26178477	      0.18131198	     -0.02662244	     -0.02460104	     13.02406822	      2.04768779	      0.08287326	     13.98568674	      1.81025196	     -0.01675928	     15.38726752	      1.54797244	     -0.11311138	      5.71378511	     -0.52571937	     -0.00102506	      1.56233505	      0.20403899	     -0.43425471	      1.95678096	     -0.58970133	     -0.68824316	      1.11021943	      1.25592033	     -0.07032700	     -0.02083005	      0.01538728	     -0.11329977	      0.06139004	     -0.12790239
      5.27755100	     -5.39169393	    -34.02236785	     -0.35533052	     -6.04266891	    578.30277693	     13.52429967	     -3.77013157	      0.53301709	      0.07311090	     -4.23818681	     -0.97738407	      0.03839351	      1.10850535	     -0.03031748	      0.61389505	     -0.03069343	     15.58063326	      2.55724722	      0.55718936	      0.00073398	      0.00005577	      0.00000738	     -0.00088756	      0.00678089	      0.70678343	      0.70721623	     12.59809421	      2.37638653	      0.47122765	     -0.07710784	     -0.20199865	     11.95934893	      2.21979707	      0.37747482	     -0.02701888	     -0.02471652	     12.69912368	      2.02503446	      0.28232209	     13.65378723	      1.80875116	      0.18385671	     15.04797441	      1.57107204	      0.08607528	      5.69552597	     -0.71380452	     -0.01090982	      1.34366370	      0.43885014	     -0.33482627	      1.74795362	     -0.51143261	     -0.61598371	      1.18835667	      1.30896569	     -0.06892998	     -0.03044001	      0.03890083	     -0.11612137	      0.07045962	     -0.12401044
      5.29606900	     -5.30269335	    -34.36311093	     -0.15989412	     -5.83200332	    579.58763182	     14.26648341	     -3.72223301	      0.54945146	      0.02558834	     -4.31920751	     -0.98553162	      0.04093651	      1.11437232	     -0.03035510	      0.62129249	     -0.03074132	     15.34348076	      2.46698236	      0.69516302	      0.00073348	      0.00004723	      0.00001117	     -0.00087204	      0.00678849	      0.70992006	      0.70989282	     12.34621446	      2.29099026	      0.61544790	     -0.07727905	     -0.20225423	     11.69702023	      2.13864382	      0.52587358	     -0.02728261	     -0.02482963	     12.43048615	      1.95421105	      0.43277112	     13.38141437	      1.75234561	      0.33483776	     14.77226482	      1.53305542	      0.23527373	      5.72351775	     -0.83067415	     -0.01892996	      1.17182339	      0.58313187	     -0.25646240	      1.48341349	     -0.45223980	     -0.51684888	      1.25169603	      1.33987199	     -0.06700936	     -0.04058092	      0.05950627	     -0.11710286	      0.07875988	     -0.11661273
      5.31458700	     -5.10967913	    -34.63529231	      0.03593075	     -4.94759038	    581.77054296	     14.05728303	     -3.68909615	      0.50918705	     -0.01244849	     -4.32966704	     -0.96088932	      0.03649046	      1.13045059	     -0.03045194	      0.61980138	     -0.03086440	     15.19238386	      2.35941950	      0.78677424	      0.00073393	      0.00004159	      0.00001265	     -0.00084894	      0.00681307	      0.71245090	      0.71297605	     12.17918974	      2.18170034	      0.71419186	     -0.07865894	     -0.20245174	     11.52303483	      2.02659812	      0.62808057	     -0.02738851	     -0.02491815	     12.25487000	      1.84568851	      0.53585823	     13.20545391	      1.65256625	      0.43791684	     14.59720132	      1.44584408	      0.33649138	      5.79510164	     -0.85556870	     -0.02389526	      1.06471789	      0.63871296	     -0.20615840	      1.20864319	     -0.39667958	     -0.40512025	      1.29722105	      1.35651389	     -0.06475019	     -0.05060413	      0.07562330	     -0.11658109	      0.08655603	     -0.10856419
      5.33310500	     -4.82256726	    -34.81312623	      0.21696909	     -3.65199494	    584.47507493	     13.05057606	     -3.67322929	      0.42796246	     -0.03741139	     -4.28494653	     -0.90883355	      0.02770670	      1.15492742	     -0.03059238	      0.61260497	     -0.03102924	     15.14489342	      2.23497449	      0.83637445	      0.00073523	      0.00003858	      0.00001219	     -0.00082216	      0.00684986	      0.71419259	      0.71583486	     12.11576681	      2.05394776	      0.77062938	     -0.08087586	     -0.20243824	     11.45592685	      1.89395751	      0.68715699	     -0.02734663	     -0.02496725	     12.19004610	      1.71329394	      0.59508983	     13.14299549	      1.52535990	      0.49701715	     14.53905594	      1.32678628	      0.39422321	      5.90289854	     -0.78459599	     -0.02524220	      1.02521621	      0.61734654	     -0.18407962	      0.95986572	     -0.33405273	     -0.29346058	      1.32319169	      1.36611755	     -0.06217575	     -0.05981551	      0.08657194	     -0.11482496	      0.09401758	     -0.10192102
      5.35162300	     -4.46460822	    -34.88229071	      0.36324203	     -2.26563928	    587.35828415	     11.43648474	     -3.66781699	      0.32753852	     -0.04848406	     -4.20224611	     -0.83978340	      0.01736703	      1.18339207	     -0.03076397	      0.60216500	     -0.03120452	     15.19967164	      2.09650758	      0.84925687	      0.00073719	      0.00003775	      0.00001026	     -0.00079464	      0.00689405	      0.71523914	      0.71807882	     12.15536870	      1.91620542	      0.78889558	     -0.08343298	     -0.20217629	     11.49434390	      1.75478588	      0.70739504	     -0.02719229	     -0.02497478	     12.23336226	      1.57541159	      0.61555163	     13.19028513	      1.39199296	      0.51795589	     14.59274046	      1.19942059	      0.41515877	      6.03631210	     -0.62891235	     -0.02301030	      1.04259055	      0.53933242	     -0.18510372	      0.75993073	     -0.26431069	     -0.19224564	      1.33024464	      1.37250821	     -0.05932071	     -0.06745812	      0.09253874	     -0.11210743	      0.10093083	     -0.09748900
      5.37014100	     -4.06531014	    -34.84244538	      0.45546384	     -1.10938382	    590.15998169	      9.40998093	     -3.66036601	      0.22869605	     -0.04707126	     -4.09833383	     -0.76608132	      0.00795073	      1.21032856	     -0.03095843	      0.59020481	     -0.03136553	     15.33970796	      1.95082054	      0.83197369	      0.00073956	      0.00003858	      0.00000734	     -0.00076807	      0.00694158	      0.71585536	      0.71958834	     12.28140057	      1.78049908	      0.77455268	     -0.08586989	     -0.20172644	     11.62074285	      1.62647404	      0.69471572	     -0.02697122	     -0.02495082	     12.36592375	      1.45382872	      0.60415892	     13.32734093	      1.27744832	      0.50856864	     14.73692524	      1.09156032	      0.40817893	      6.18398658	     -0.40900228	     -0.01767691	      1.09595325	      0.43064956	     -0.20102156	      0.61900817	     -0.19882349	     -0.10988780	      1.32185272	      1.37545653	     -0.05635022	     -0.07277993	      0.09443692	     -0.10876514	      0.10666410	     -0.09493088
      5.38865900	     -3.65202850	    -34.70604113	      0.48078325	     -0.43954070	    592.72806510	      7.14677884	     -3.63753878	      0.14585977	     -0.03589021	     -3.98798224	     -0.69825824	      0.00119281	      1.23077897	     -0.03117114	      0.57802134	     -0.03149649	     15.53962205	      1.80743567	      0.79159859	      0.00074209	      0.00004056	      0.00000389	     -0.00074307	      0.00698948	      0.71635281	      0.72045478	     12.46860698	      1.66011348	      0.73403539	     -0.08787780	     -0.20119825	     11.80902775	      1.52634488	      0.65601122	     -0.02672596	     -0.02491262	     12.56057613	      1.36944518	      0.56876812	     13.52623333	      1.20548803	      0.47760430	     14.94268658	      1.02978671	      0.38300981	      6.33639845	     -0.14780536	     -0.00995016	      1.15933930	      0.31840216	     -0.22284573	      0.53827343	     -0.15506495	     -0.05297601	      1.30371495	      1.37254248	     -0.05357880	     -0.07523276	      0.09364226	     -0.10519662	      0.11040065	     -0.09336222
      5.40717700	     -3.24428295	    -34.49447277	      0.43659154	     -0.39730881	    595.01533440	      4.79079380	     -3.58953236	      0.08500239	     -0.01813861	     -3.88301919	     -0.64241098	     -0.00220306	      1.24160387	     -0.03139954	      0.56678508	     -0.03159077	     15.77364128	      1.67575725	      0.73437146	      0.00074459	      0.00004321	      0.00000028	     -0.00071948	      0.00703595	      0.71698969	      0.72087431	     12.69109093	      1.56586648	      0.67347623	     -0.08933725	     -0.20069625	     12.03270053	      1.46696048	      0.59787826	     -0.02648761	     -0.02487737	     12.79019821	      1.33672863	      0.51668528	     13.75948083	      1.19241584	      0.43300843	     15.18205034	      1.03251736	      0.34824096	      6.48752909	      0.13500496	     -0.00057789	      1.20774376	      0.22558927	     -0.24280640	      0.51378136	     -0.14801284	     -0.02553460	      1.28227312	      1.36210241	     -0.05139121	     -0.07471873	      0.09164101	     -0.10179912	      0.11150596	     -0.09208187
      5.42569500	     -2.85350910	    -34.23374862	      0.33168620	     -0.98930437	    597.04789801	      2.45396078	     -3.51275972	      0.04498283	      0.00305251	     -3.79183987	     -0.59963953	     -0.00241399	      1.24198215	     -0.03164066	      0.55757540	     -0.03164933	     16.02046780	      1.56264169	      0.66509959	      0.00074690	      0.00004615	     -0.00000322	     -0.00069688	      0.00708011	      0.71791549	      0.72104724	     12.92730270	      1.50320301	      0.59822647	     -0.09028721	     -0.20028617	     12.26989293	      1.45265035	      0.52608955	     -0.02627418	     -0.02485662	     13.03271710	      1.35968333	      0.45399402	     14.00501786	      1.24252119	      0.38109299	     15.43291483	      1.10486334	      0.31029437	      6.63476845	      0.42540796	      0.00976686	      1.22283641	      0.16684746	     -0.25567566	      0.53853464	     -0.18311600	     -0.02780913	      1.26300443	      1.34513155	     -0.05010744	     -0.07170288	      0.08968687	     -0.09888179	      0.10983995	     -0.09100105
      5.44421300	     -2.48842670	    -33.95089838	      0.18523580	     -2.09831815	    598.87449391	      0.22548516	     -3.41022009	      0.02107171	      0.02490214	     -3.71900936	     -0.56752077	     -0.00011785	      1.23307508	     -0.03188855	      0.55104758	     -0.03167844	     16.26335007	      1.47192087	      0.58736038	      0.00074895	      0.00004904	     -0.00000638	     -0.00067501	      0.00712135	      0.71915905	      0.72112337	     13.16034107	      1.47163842	      0.51308423	     -0.09085816	     -0.19998942	     12.50368526	      1.47881777	      0.44580801	     -0.02609411	     -0.02485428	     13.27132893	      1.43095986	      0.38572327	     14.24630157	      1.34693861	      0.32664064	     15.67900732	      1.23716347	      0.27343944	      6.77700510	      0.71292410	      0.02046966	      1.19682322	      0.14647126	     -0.25919980	      0.60264817	     -0.25440885	     -0.05566939	      1.24918944	      1.32503047	     -0.04986417	     -0.06707241	      0.08857072	     -0.09660226	      0.10586552	     -0.09055841
      5.46273100	     -2.16296335	    -33.67108371	      0.02424156	     -3.51423738	    600.51524521	     -1.81391930	     -3.28982684	      0.00862928	      0.04508253	     -3.66502912	     -0.54275983	      0.00376278	      1.21710737	     -0.03213209	      0.54693351	     -0.03168731	     16.48707877	      1.40598400	      0.50383511	      0.00075062	      0.00005162	     -0.00000902	     -0.00065410	      0.00715872	      0.72064504	      0.72119603	     13.37518431	      1.46661177	      0.42253930	     -0.09120447	     -0.19979693	     12.71932257	      1.53405932	      0.36182873	     -0.02595176	     -0.02486778	     13.49158228	      1.53414987	      0.31612470	     14.46926697	      1.48601211	      0.27321281	     15.90666078	      1.40736390	      0.24013875	      6.91196680	      0.98595924	      0.03087087	      1.13327610	      0.15924077	     -0.25372861	      0.69314305	     -0.34759751	     -0.10133062	      1.24158827	      1.30592442	     -0.05057784	     -0.06183153	      0.08856022	     -0.09495919	      0.10052055	     -0.09130218
      5.48124900	     -1.90208094	    -33.41586920	     -0.11987856	     -4.97473425	    601.92822044	     -3.57726573	     -3.16198213	      0.00531814	      0.06169519	     -3.62693702	     -0.52370670	      0.00818309	      1.19640021	     -0.03235407	      0.54381636	     -0.03168610	     16.67499482	      1.36811980	      0.41667316	      0.00075181	      0.00005365	     -0.00001100	     -0.00063501	      0.00719046	      0.72222137	      0.72131618	     13.55581899	      1.48247004	      0.33093280	     -0.09145853	     -0.19968871	     12.90127699	      1.60382830	      0.27872570	     -0.02585188	     -0.02489028	     13.67830472	      1.64799649	      0.24890947	     14.65914045	      1.63389673	      0.22348670	     16.10147654	      1.58597034	      0.21152651	      7.03421789	      1.22821866	      0.04018228	      1.04494861	      0.19351614	     -0.24140337	      0.79478992	     -0.44511673	     -0.15510852	      1.23898763	      1.29109241	     -0.05199878	     -0.05683298	      0.08949249	     -0.09384042	      0.09494401	     -0.09350502
      5.49976700	     -1.74238372	    -33.20421738	     -0.21499669	     -6.20571063	    603.00274074	     -4.96093098	     -3.03802622	      0.01144418	      0.07319152	     -3.60022806	     -0.51162966	      0.01208061	      1.17290598	     -0.03253181	      0.53950954	     -0.03168398	     16.80756964	      1.36404699	      0.32792614	      0.00075237	      0.00005491	     -0.00001216	     -0.00061915	      0.00721389	      0.72368784	      0.72150352	     13.68380343	      1.51496923	      0.24260492	     -0.09171277	     -0.19964998	     13.03172728	      1.67395104	      0.20096204	     -0.02580169	     -0.02491275	     13.81399698	      1.75073445	      0.18746194	     14.79877896	      1.76351212	      0.17959207	     16.24659893	      1.74156098	      0.18793102	      7.13446135	      1.41795982	      0.04748050	      0.94994289	      0.23512492	     -0.22527654	      0.89202379	     -0.53042645	     -0.20738714	      1.23918502	      1.28227912	     -0.05380815	     -0.05264970	      0.09094500	     -0.09309547	      0.09018551	     -0.09701684
      5.51828500	     -1.72684549	    -33.05685666	     -0.23197782	     -6.95572824	    603.57960023	     -5.84419183	     -2.93029293	      0.02886360	      0.07833638	     -3.58188590	     -0.51029624	      0.01447412	      1.14846513	     -0.03263933	      0.53205074	     -0.03168743	     16.86262800	      1.40180452	      0.23980308	      0.00075211	      0.00005522	     -0.00001237	     -0.00060827	      0.00722576	      0.72482557	      0.72175116	     13.73836969	      1.56240934	      0.16181834	     -0.09202452	     -0.19967999	     13.09060923	      1.73302543	      0.13274877	     -0.02581077	     -0.02492577	     13.87889304	      1.82348725	      0.13479034	     14.86876528	      1.85066951	      0.14318008	     16.32287027	      1.84554881	      0.16913569	      7.20012837	      1.52993011	      0.05177676	      0.86771115	      0.27071666	     -0.20856286	      0.97120113	     -0.59062232	     -0.25020563	      1.23996683	      1.27972657	     -0.05570616	     -0.04956165	      0.09241111	     -0.09260057	      0.08698095	     -0.10133851
      5.53680300	     -1.89457097	    -33.00181269	     -0.14842608	     -7.02614014	    603.49402192	     -6.10319109	     -2.85305446	      0.05911246	      0.07628221	     -3.57360587	     -0.52411197	      0.01454797	      1.12554583	     -0.03265140	      0.52100389	     -0.03169882	     16.81738578	      1.48995416	      0.15457855	      0.00075087	      0.00005445	     -0.00001154	     -0.00060392	      0.00722296	      0.72542929	      0.72202740	     13.69824442	      1.62537396	      0.09230291	     -0.09243395	     -0.19979324	     13.05741194	      1.77368143	      0.07751560	     -0.02588875	     -0.02492149	     13.85284112	      1.85269902	      0.09309568	     14.84938533	      1.87733878	      0.11512404	     16.31095409	      1.87613910	      0.15429743	      7.21728294	      1.53971481	      0.05216245	      0.81548687	      0.29013159	     -0.19406523	      1.02268689	     -0.61767045	     -0.27831640	      1.23985612	      1.28253574	     -0.05747240	     -0.04760340	      0.09344364	     -0.09230238	      0.08561856	     -0.10581685
      5.55532100	     -2.26778148	    -33.07630378	      0.04752130	     -6.30143494	    602.63317771	     -5.64108265	     -2.82258428	      0.10150163	      0.06676001	     -3.58363784	     -0.55562721	      0.01174381	      1.10786803	     -0.03254945	      0.50847925	     -0.03171570	     16.65287087	      1.63449855	      0.07422623	      0.00074853	      0.00005256	     -0.00000964	     -0.00060693	      0.00720357	      0.72534378	      0.72227949	     13.54573616	      1.70544138	      0.03651893	     -0.09298288	     -0.20001485	     12.91520432	      1.79304624	      0.03713007	     -0.02604142	     -0.02489533	     13.71940704	      1.83193817	      0.06313874	     14.72479697	      1.83440133	      0.09507146	     16.19562267	      1.82185031	      0.14177951	      7.17396180	      1.43021658	      0.04802721	      0.80516715	      0.28786315	     -0.18375444	      1.04247648	     -0.60888902	     -0.28976691	      1.23853095	      1.28910876	     -0.05899894	     -0.04663683	      0.09375538	     -0.09223462	      0.08589655	     -0.10986464
      5.57383900	     -2.83960657	    -33.31976035	      0.35367375	     -4.78031662	    600.99446784	     -4.43146851	     -2.85439328	      0.15201308	      0.05032803	     -3.62541233	     -0.60355411	      0.00587751	      1.10019164	     -0.03232862	      0.49914032	     -0.03173147	     16.36084706	      1.83527551	     -0.00006946	      0.00074509	      0.00004965	     -0.00000680	     -0.00061689	      0.00716790	      0.72450323	      0.72244522	     13.27321242	      1.80336292	     -0.00513329	     -0.09372192	     -0.20037273	     12.65694725	      1.79266666	      0.01114771	     -0.02626603	     -0.02484720	     13.47215451	      1.76315765	      0.04372047	     14.48924001	      1.72387190	      0.08118424	     15.97192541	      1.68452237	      0.12923936	      7.06472562	      1.19920143	      0.03931677	      0.84073383	      0.26373753	     -0.17848449	      1.03300452	     -0.56707772	     -0.28601898	      1.23684190	      1.29757644	     -0.06029813	     -0.04642952	      0.09327301	     -0.09250201	      0.08718217	     -0.11313303
      5.59235700	     -3.56731663	    -33.75613749	      0.75132625	     -2.59948959	    598.72466573	     -2.56368127	     -2.95693163	      0.20369779	      0.02855617	     -3.71200679	     -0.66235868	     -0.00273573	      1.10683732	     -0.03200419	      0.49871422	     -0.03173778	     15.95178287	      2.08303954	     -0.06837737	      0.00074074	      0.00004598	     -0.00000326	     -0.00063195	      0.00711924	      0.72296737	      0.72247477	     12.89059668	      1.91733480	     -0.03487973	     -0.09469836	     -0.20088805	     12.29270879	      1.77795274	     -0.00358455	     -0.02654764	     -0.02478184	     13.12166099	      1.65705782	      0.03158160	     14.15379381	      1.55994900	      0.07033577	     15.65166772	      1.48095296	      0.11416460	      6.89533192	      0.86557225	      0.02674947	      0.91665830	      0.22279949	     -0.17785984	      1.00271743	     -0.50026519	     -0.27151980	      1.23640879	      1.30619114	     -0.06148480	     -0.04672288	      0.09214272	     -0.09323143	      0.08858741	     -0.11559086
      5.61087500	     -4.37564399	    -34.37157387	      1.20531858	     -0.03227035	    596.11647244	     -0.26604643	     -3.12392700	      0.24871804	      0.00398070	     -3.84799964	     -0.72387283	     -0.01321919	      1.12931527	     -0.03161376	      0.51131443	     -0.03172822	     15.45999744	      2.35884933	     -0.13228356	      0.00073584	      0.00004195	      0.00000059	     -0.00064902	      0.00706374	      0.72093886	      0.72235638	     12.43022722	      2.04211905	     -0.05759001	     -0.09592823	     -0.20156448	     11.85421698	      1.75705246	     -0.01266660	     -0.02685875	     -0.02470770	     12.69974452	      1.53181039	      0.02190857	     13.75022506	      1.36768164	      0.05881533	     15.26680517	      1.24156175	      0.09472280	      6.68520839	      0.47070281	      0.01186084	      1.01814980	      0.17424149	     -0.18031560	      0.96411305	     -0.42066292	     -0.25262969	      1.23889826	      1.31364861	     -0.06273321	     -0.04727196	      0.09068690	     -0.09450301	      0.08924714	     -0.11749130
