PathFileType	4	(X/Y/Z)	2_1_32_p1_0-362.trc
DataRate	CameraRate	NumFrames	NumMarkers	Units	OrigDataRate	OrigDataStartFrame	OrigNumFrames
60.0	60.0	363	27	m	60.0	0	363
Frame#	Time	RHip			RKnee			RAnkle			RBigToe			RSmallToe			RHeel			LHip			LKnee			LAnkle			LBigToe			LSmallToe			LHeel			Neck			Head			Nose			RShoulder			RElbow			RWrist			RThumb			RIndex			RPinky			LShoulder			LElbow			LWrist			LThumb			LIndex			LPinky			
		X1	Y1	Z1	X2	Y2	Z2	X3	Y3	Z3	X4	Y4	Z4	X5	Y5	Z5	X6	Y6	Z6	X7	Y7	Z7	X8	Y8	Z8	X9	Y9	Z9	X10	Y10	Z10	X11	Y11	Z11	X12	Y12	Z12	X13	Y13	Z13	X14	Y14	Z14	X15	Y15	Z15	X16	Y16	Z16	X17	Y17	Z17	X18	Y18	Z18	X19	Y19	Z19	X20	Y20	Z20	X21	Y21	Z21	X22	Y22	Z22	X23	Y23	Z23	X24	Y24	Z24	X25	Y25	Z25	X26	Y26	Z26	X27	Y27	Z27	
0	0.0	0.32141978268351556	0.536112995381212	0.9627936285937329	0.32611347907493177	0.7072714647530992	1.4197239044045946	0.322198524340609	0.8834849019918943	1.8265243565458562	0.3478013251285072	0.680083042125831	1.881545944106478	0.40820779658871137	0.7151721573110239	1.8822556993844424	0.28906149722162733	0.9467567123799818	1.87296479150036	0.09065285200432283	0.5084696258088082	0.9564602423031765	0.0650232112265919	0.7275798998392433	1.4210806901687436	0.05404312054074194	0.8758981098077924	1.8173971377165463	0.07683035892694853	0.7018348590113589	1.8883416402225823	0.0014318131248116288	0.7260563512882681	1.8778586559003771	0.06413775841532061	0.9713964177171868	1.888448039342697	0.21466503029876793	0.32024100282975954	0.2757900045437564	0.23050013558519183	0.18086166730700814	0.04075320958365014	0.22572103489107934	0.14974148814203955	0.18781040337534913	0.38633303039120287	0.37525256589382433	0.35602022332079575	0.43272369392729776	0.44712863245937334	0.6673238594434017	0.322524893198754	0.3059306707017551	0.8634305439648188	0.19696034979720461	0.3383883911112337	0.9191818281794748	0.21171455043270748	0.2916205961444521	0.9307882647006527	0.20762019659786876	0.33217624297878623	0.9354364506079544	0.057999069973418124	0.3793768059804025	0.3594940008860781	-0.016453596824032496	0.4278843007282479	0.6587164582864624	0.12466841140556595	0.29547922193416304	0.862797131418082	0.21044400492782248	0.2816590154118172	0.8953840742089371	0.22322636696931805	0.29136302609640785	0.9282752301774915	0.2118763933428812	0.31839227236124784	0.9365377276769556
1	0.016666666666666666	0.32149574809879194	0.5358540900253823	0.9625665903382439	0.3261304642311163	0.7073495473036248	1.4195828989800265	0.32232232816537126	0.8839894654740509	1.8266997235835627	0.3423719945554684	0.6960313030308884	1.8869395083590779	0.402019943050534	0.7284093183221964	1.882730653446758	0.2880766380116588	0.9432723803083041	1.8678308787239069	0.09011924747887302	0.5095927750510391	0.9599716975943028	0.07184923637364146	0.7117841107016757	1.4181482942928338	0.053977801923545746	0.8757191505722751	1.8173375095625461	0.07674146772971657	0.7025030459011562	1.88840679059675	0.001395056600308567	0.726143781313564	1.8778763057039476	0.06327334501171283	0.9674482700246336	1.8825179269684276	0.21473211259110553	0.3204904702089982	0.2758547007722777	0.2305167724964668	0.18119402506203094	0.040711568915854236	0.22777044791945472	0.16111725430583176	0.18815347416046552	0.38922881809477844	0.38814328226755734	0.3570475797510475	0.4326317004712166	0.4474723841187939	0.6673656672980463	0.32206316397912266	0.30691586808281446	0.8669670774519607	0.19675144743047604	0.3389459812214287	0.919107603809723	0.21121322393742217	0.29273584966998684	0.9339173619886216	0.20790528036862857	0.33193296959831736	0.9358791913416327	0.057951805386581255	0.37751678596208343	0.3562105755173874	-0.01617059295747754	0.4279644901459985	0.6626129614788636	0.1252724979172875	0.29453672432594585	0.8594789774317002	0.2122742772736291	0.2898088622996285	0.8922764325372576	0.22303338406871762	0.29154539674449864	0.9284210123391481	0.2125875715255245	0.31701046217280254	0.9304600088744533
2	0.03333333333333333	0.3214357434786397	0.536035775555349	0.9626900656279797	0.32612611333796193	0.7074153584157004	1.4196165146682331	0.3219559953669663	0.8847566561874304	1.8229496628719886	0.3426869975322518	0.6970476014267071	1.887492743711715	0.4020523848057293	0.7288462617523268	1.8829925641788177	0.28812946170456916	0.9430214939683356	1.8679022586458243	0.09011130621847008	0.5096643292474683	0.9599739228793492	0.07183642776569182	0.7117708061109133	1.418073062788356	0.05404788956351492	0.8757613710631559	1.8173287592491691	0.07668299655658045	0.7029842652521494	1.8885383051150666	0.002354967545500059	0.74203233295364	1.8825072100341558	0.06334149163672236	0.9673399624232368	1.8824803272943922	0.2146670363115231	0.32043003751548954	0.27583783425211017	0.23051409762572292	0.18117920565461923	0.04066936806855326	0.2277538742102206	0.16113127981640965	0.1881743148758697	0.3865241634305452	0.3772546265266214	0.35904452642434537	0.4369151676912198	0.44832902508688843	0.6669470700237103	0.3220925275041144	0.30689326874204265	0.8669665927307831	0.19680319293277979	0.3387387534405735	0.9189793794973218	0.21093173090526376	0.29027322801406813	0.9306408952634224	0.2077908218996012	0.3315454368703862	0.9356801559190314	0.057962389224869744	0.3774807927073988	0.3562054207518431	-0.01622765505819997	0.4279966909053639	0.662551889348719	0.12519321763074837	0.29460915824611583	0.8595216326892627	0.2121534657723	0.28755885274060466	0.8920093549186449	0.22309659659688508	0.29146717651882337	0.9284272876301938	0.21218948672514362	0.3179369706719696	0.9334048583351604
3	0.05	0.3210189151223985	0.537166432895475	0.9667908171084245	0.3252920128730744	0.7044597432203946	1.4151889898266095	0.3219633482501219	0.8848159437234399	1.8229570091342044	0.3424655863427879	0.696634145084858	1.8872649918697006	0.40191662408663587	0.7287636866408056	1.8829081122609728	0.2919962709062585	0.9469035370153508	1.8685769257678186	0.09015166807631525	0.5095425082230159	0.9599689580521685	0.07187155320850798	0.7116734684741579	1.4180817468715707	0.054107203851419	0.8758469192586738	1.817414312379741	0.07660145189956707	0.7030219963955303	1.8885984866086938	0.002368202177776388	0.7419774686302947	1.8825024921620204	0.06488482675040594	0.9873148480681643	1.8836463076726797	0.21466841493359035	0.3206113641446062	0.2758523823792623	0.2305151817111395	0.18124115303437505	0.04069036437861664	0.22777886970925873	0.16119507751094275	0.18817853048010225	0.3865241044266339	0.37731808223332197	0.3590163913259077	0.4369173107146309	0.44812370160826875	0.6670218402274771	0.3225155076412733	0.3059522517317518	0.8633721665378946	0.1966983844030211	0.3392517139903289	0.9188774704443523	0.21126966592102184	0.2923477421607303	0.9336738060216483	0.20787032714575107	0.3315749181257445	0.9356289695707787	0.05793645456619408	0.3775146929320899	0.3562205789400384	-0.019992391506204046	0.4261954263292807	0.6629446671656444	0.1251948715027253	0.2947104609629244	0.8595161705365869	0.21178624592980635	0.2879398512784215	0.8888240994375414	0.22306887887851745	0.2915894725695014	0.9283979428552762	0.21218647668904217	0.31799908235568486	0.9334547454892987
4	0.06666666666666667	0.3215063925640608	0.5360841535105396	0.9628658410007014	0.3260991858570894	0.7073279676408172	1.4197837600628158	0.3219854629615632	0.8850168273726482	1.8231204203792624	0.3422854151963589	0.6960235865402981	1.88702823330965	0.39778629583671227	0.748395812645238	1.893534065151535	0.2962438694514531	0.9659602461761672	1.8778430308937848	0.09015347637525838	0.509482250152383	0.9599134496354533	0.07185813764239385	0.7117591496654713	1.4181055654617374	0.05403724529928535	0.8757234431703955	1.817312065448876	0.07651089623886868	0.7028455031697427	1.8885200492014578	0.0025711714305907446	0.7245313452727428	1.8738682577023351	0.0627901896098668	0.9683414716696056	1.8789454954638607	0.21466918245189706	0.3204881087186679	0.2758439215159578	0.2305124518409707	0.18124812172125054	0.04067530551588787	0.2277229398365749	0.16127467763959338	0.18815104297244126	0.38653945150326213	0.37724135175187823	0.3590769466843421	0.4369581437370332	0.44815240762466635	0.6669598836091697	0.32250588282465625	0.30578446655724983	0.8634134666958817	0.19681307448944582	0.33868738469781023	0.9188735413946605	0.2112837594306807	0.29179209712095316	0.9335944979962504	0.2126130415676402	0.31942493473016104	0.9349577624013768	0.057960637399575576	0.37740683986027623	0.3562322275302268	-0.02000737568371253	0.42608295851064276	0.6629121752894752	0.12511519591226844	0.2947403636244064	0.85949905271944	0.2094834749806672	0.277595687703428	0.8889330005003652	0.2230727944160919	0.2913406585137824	0.9283253731313291	0.21213625837158773	0.3177788482064028	0.9334759684722524
5	0.08333333333333333	0.3214532973591426	0.536042607123002	0.9628419284983235	0.32606667422570773	0.7073972946245446	1.419750537992495	0.3220375442348022	0.8851734222963167	1.8232057410970754	0.3425117460900766	0.6969125906541294	1.8875154486950427	0.39683726883937265	0.7455822015774166	1.8888661050512343	0.29625927729300194	0.9660693465522214	1.8777321700846967	0.09012269430682715	0.5094917223789662	0.9599190142106282	0.07188631349678565	0.7118155906199749	1.4182231668277085	0.05415102603467886	0.8754819177720586	1.8172712032926248	0.07736195221499054	0.7015666609086032	1.8843728300003104	0.002549243547477303	0.7245661416491961	1.8737954934334349	0.06290915234650839	0.9680743724261993	1.8787410204965365	0.21468955408034124	0.3202891998241232	0.27581339148682754	0.23046672892849734	0.18126810577025732	0.040649306210807944	0.22767097443276121	0.16136241602274562	0.18812816263277568	0.38656500543175254	0.3772001656115799	0.35903459305753166	0.4327499765122219	0.44722888543629447	0.6671372253092314	0.3225270077697064	0.30576023905284894	0.8634124210345949	0.1968457829558723	0.3386187700349351	0.9188821341783727	0.21127627572411967	0.2917358541954639	0.9336586591141858	0.2126158375000966	0.3194402468155765	0.9349471684693231	0.06375827995672588	0.36528235566971673	0.35815106376107564	-0.01999999470543838	0.42620940323981915	0.6629329136919544	0.12513125792710394	0.29480315927227135	0.8595269255550984	0.21221294972346563	0.2898876060691558	0.8921178526607431	0.2230784931475091	0.291392120220022	0.9283992712902561	0.2121601754120668	0.317882983861179	0.9335926714080492
6	0.1	0.3215042471985397	0.5359767059739869	0.9627003064999358	0.3260605712311492	0.7075104984071193	1.4199495881227415	0.3230499736577133	0.8887981839444855	1.8287112584089884	0.3422600366025396	0.6968783219501896	1.8874567341028379	0.3977376212870538	0.7491464715246242	1.8939556260183783	0.29312003659297653	0.9503233810278686	1.8736257143675004	0.09068499272457552	0.5084017689753394	0.9564528370753579	0.0718622425824289	0.7120576698524904	1.4183408584983535	0.05411137225406058	0.8752887481577498	1.8172023705573759	0.07740202338868808	0.7013245161854478	1.88439127546552	0.002531420402481726	0.724527302872782	1.8737894111655873	0.06283536627654306	0.968173883570628	1.8788212532386965	0.2146978182514611	0.3202775982042132	0.27581242560661895	0.23044829107603237	0.1813182422522193	0.040632719690175866	0.2275863173268659	0.16085468717585236	0.18489006155324494	0.3865833452224214	0.3771919842092604	0.35904905342827015	0.432730765171411	0.4471892149784508	0.6671795803840839	0.32254767924594707	0.30574611012798897	0.8634019180042697	0.1968478276080383	0.3386996517131352	0.9189993974801022	0.21137373938608642	0.29170032041117255	0.9337761234961582	0.21267776900251598	0.3193844371930908	0.9348758804079058	0.0579935841064051	0.3773196750186973	0.3562214292012991	-0.019982089904365268	0.42601255685050665	0.6628876268328611	0.12517186687518822	0.29465482512339075	0.8595201740756583	0.2123038742773771	0.2898436212763474	0.8922145430051464	0.22315868562636373	0.29147651521215595	0.9285352921645613	0.21249464629247186	0.32005587589879314	0.9372558398705265
7	0.11666666666666667	0.32090477679946233	0.533597858953381	0.9590168674198986	0.32652469701203846	0.7068448101692995	1.4232621318847554	0.3177831339635961	0.906098047739301	1.8383480473238003	0.3395024641547885	0.681689424658326	1.8830401754113892	0.3975917674921497	0.7493714710594227	1.8940249046569977	0.29748468316293225	0.9699875604345858	1.8836140034477593	0.09066258731528101	0.5084306791748378	0.9563857259837394	0.06530110670784062	0.7272934434444656	1.421249348494774	0.05340454495569145	0.8716800613922672	1.811966043522757	0.07079881001245132	0.7172237895306355	1.8898041252275684	-0.003963091739688141	0.7390325165940997	1.8786868974381012	0.06167458417600893	0.984213602139184	1.8870649934100023	0.21471227098910287	0.32020936162739827	0.27579272118229237	0.23051090436549584	0.18116617761175605	0.04068901605487658	0.22762370331741935	0.1612088428121168	0.18817483180107553	0.3865712354225694	0.377242368968142	0.3590461861337568	0.4326529425844712	0.44745863591328683	0.667280840735191	0.3225618026358986	0.30589487386039893	0.8633789778675279	0.19685456975332896	0.33884355878384104	0.9189219397249173	0.2113192656956476	0.29156563985265194	0.9337333157620791	0.2127461959033255	0.3192316566818776	0.9348867016924517	0.06377052720227484	0.3652793627981478	0.3582472530915028	-0.020258094898083234	0.42585406819423777	0.6589265604750588	0.12515198986446804	0.294586880885732	0.8594058315846632	0.21181218433077836	0.28771625472981	0.8890414861134216	0.2231099536730596	0.2913217279201775	0.9284184004912593	0.21263133056391226	0.31671952613140525	0.9305244129200655
8	0.13333333333333333	0.3208913268295928	0.533682803411103	0.9591076041555913	0.32608450060242294	0.7074960034261795	1.4199314978162603	0.3177201351724531	0.9061157353878384	1.83841241540372	0.3393729649784183	0.6814268791549958	1.882884775374732	0.3974960265586666	0.7492793076923199	1.8939588542078445	0.29638549675146425	0.9663167156128813	1.8787918617102135	0.09065547248261469	0.5083874180302504	0.9564620289471096	0.07187340098289655	0.7118750264471123	1.418285489734305	0.053499713696111555	0.8717929576564108	1.8120209876552522	0.07023708333005144	0.7139140995776547	1.884174410441331	-0.0027842934768287976	0.7374925807789899	1.874580349734525	0.06677584014507179	0.9839110871807082	1.8822055930599322	0.21471141043391628	0.3203572604269054	0.2758115980079626	0.23048968247920462	0.1812170887747191	0.04062410860378496	0.22754213323161937	0.16071858830973956	0.1849651456718654	0.38925184448824524	0.388154214947631	0.3569793824654015	0.43694581203019395	0.44822897240994874	0.667026190262022	0.32214452653733333	0.3068416122321703	0.8669492780277738	0.1981481541429863	0.33633256570298764	0.9251419627732713	0.2112548580988038	0.2918529116961224	0.9339368809693765	0.21267133210865521	0.3194342250452465	0.9351023674566995	0.0637619016042489	0.36529777454675644	0.35819879434195573	-0.02028412133073817	0.425973973332058	0.6589975432528844	0.1251112646267857	0.29461911178107586	0.8594169254981513	0.20954291572483116	0.2775205771510954	0.8888373608649598	0.2230909474169482	0.2912471700487371	0.9284113610148272	0.2122299646307177	0.3177585248072531	0.9334847151340853
9	0.15	0.3214360568493827	0.5362442453811217	0.962812383083955	0.3265502925068812	0.7069800526311045	1.4234864029915113	0.3176924595578177	0.906626771032846	1.8386440775978439	0.3420238846217985	0.696034513942475	1.887027094830429	0.39648577896301895	0.7466909829767904	1.8894450420666016	0.29746237666263126	0.9700818732900884	1.8839915087237944	0.0906440869860075	0.5084293454464857	0.9565059331555196	0.06521410845213121	0.727483042804737	1.421351868407735	0.05406857763652095	0.8755958805665178	1.81727284828699	0.07100912470510638	0.7169857876710637	1.8898057395062646	-0.0039259604946395	0.7389654073489843	1.8786667145568865	0.0655731864792251	0.9859828036687668	1.8871395625716973	0.2146891484022375	0.32032367108349974	0.2758205207724913	0.23049532516787039	0.18121134466610592	0.040584934450056606	0.22750919225269575	0.16066416074461842	0.1849926560354712	0.3862241693315737	0.3753827930528149	0.35605527807316134	0.4326283328887734	0.44745025133876454	0.6673582895515042	0.32213667968114534	0.3068546988891352	0.8669813987001457	0.1968299244892487	0.33880055193684905	0.9189950526081243	0.21127750144894858	0.29182867310349087	0.9339341231286227	0.21267034980290678	0.3195310109221208	0.9350916876087871	0.06377052935017992	0.36524606811380333	0.35821030047112234	-0.020632140001044234	0.4268014075459396	0.6623197079158336	0.1251333053929604	0.2945828882498296	0.8594261116252171	0.20999230811076716	0.2794904077018149	0.8922770933252905	0.22309621795764736	0.2911613874421914	0.9284639761649777	0.2121872235859455	0.31767754981852636	0.9334332956438971
10	0.16666666666666666	0.3204437820055665	0.5345987012780143	0.9630942791451608	0.3260952127742938	0.707422956498001	1.419861142242967	0.31648604587723456	0.9026699403734413	1.8327928240865128	0.34165244979352144	0.6955585854906537	1.8865160181834424	0.3961614584338054	0.7458667136371573	1.8885048886277755	0.29627376932421695	0.9663091981032291	1.878318985092645	0.0906140907306333	0.5084641240905826	0.9564697313448227	0.06525724057249623	0.7274699690140025	1.421357526864731	0.05402192243444461	0.8755193842890723	1.8172805422668883	0.07744436422829833	0.7016863455591407	1.884478594455534	-0.003856736809906232	0.7388460583625646	1.878654991100119	0.06177386432297787	0.9845501471293823	1.8872235011076146	0.2146947832257927	0.32031869747019004	0.2758295236100387	0.230504843044407	0.18117392870018725	0.04057604449357076	0.22756940790825067	0.16064054660471466	0.18498137100101958	0.3865110473852124	0.3773140786566089	0.3590512768831494	0.4326997287223477	0.44731003933357527	0.6672868169468207	0.3230121453564735	0.3078372146984219	0.8669718015263831	0.19701338888878722	0.33806583797431133	0.9189730000546844	0.21133217399781234	0.2914807390513041	0.9338844044128312	0.2127345910850711	0.31927545019005626	0.9349860973429281	0.06376978308970134	0.3652870365038076	0.3581903343312287	-0.02064392474319128	0.4268617548552109	0.662264845420306	0.12512174960172856	0.294569612416165	0.8593924164295519	0.2094575568574417	0.27731479447950025	0.8890957564550921	0.22302584976036366	0.2910317536171056	0.9284659616046014	0.21219307560143852	0.31759985094102183	0.9334434423210921
11	0.18333333333333332	0.3204511667751104	0.5345768989718848	0.9631061903380559	0.32606517144668573	0.7073511891600489	1.4200183529302934	0.3163115133012711	0.9023000649090717	1.8325826731438193	0.34200002292511406	0.6958084936944141	1.8867869726731459	0.3962937299797478	0.7459696012028764	1.8886678515541233	0.2961623393868225	0.966166293658952	1.8783479489733217	0.09009820309624533	0.5095525241599508	0.9598762469706648	0.06515876637142397	0.7276038761721745	1.421317407837944	0.05402154593027675	0.8756010333804423	1.817271269174209	0.07751122835367207	0.7017240355746317	1.8845416293745467	-0.003842147818014114	0.7388090029841218	1.8786668181038249	0.06676934041012392	0.9842675228830317	1.8822784158675891	0.21470378060327677	0.32032279722998674	0.27584446070374863	0.23050015672822677	0.18119860272359717	0.040561028040380274	0.22759979361583807	0.16123179931540135	0.18821407156437603	0.3864927567781402	0.3772086294810658	0.3590630481020432	0.43699517639912305	0.4480823005998218	0.6670767656369264	0.322183242402001	0.30679970608151746	0.8669155114486906	0.1982521201776564	0.3357540043666734	0.9251698328640002	0.21132801246046515	0.291389721250941	0.9338347574151822	0.21268922043724042	0.3193492936370249	0.9348001331581196	0.05800458085081777	0.37738977422507636	0.35625032600725504	-0.02065999232010853	0.42680223871696576	0.6622460285952103	0.12508130466887155	0.29464737175936895	0.8594108922484263	0.20971168555267014	0.2773249595304971	0.8923229148278126	0.22302506781069198	0.290999695847155	0.928451711314548	0.21222377935893358	0.3174115387051913	0.9334465518702265
12	0.2	0.3213528883652109	0.5360540000662319	0.9627505421952405	0.32648072715278265	0.7068820652095135	1.423464581375261	0.3166007545193112	0.9026598206566381	1.8329390637834666	0.3413628330435581	0.6971089887197649	1.887015435373957	0.39613299992056017	0.7462938307235063	1.8887591891591413	0.29128616009235564	0.959006219696285	1.8737309124409773	0.09069018934684898	0.5083762200627575	0.9562510466123267	0.0651562779645202	0.7274182188853718	1.421275947603811	0.053463528249360306	0.8716642883693111	1.8118967718028987	0.07647056617119141	0.7035531953467011	1.8885229289358878	0.0025437640990338037	0.7244034644061457	1.873756491648585	0.0648600655374627	0.9870376608299368	1.8835096991415294	0.21477662279636275	0.32000141072064076	0.2758699440245161	0.23061304117108694	0.18151412994621652	0.04369248568132749	0.22761712514456062	0.160630858131119	0.1848745200557074	0.38649586257842655	0.3772183137822764	0.3591059982587694	0.43263242439559635	0.44755163913658685	0.6670715576362078	0.32115226308538647	0.31724926071676346	0.8670548112637994	0.1979781711722039	0.3368806356867783	0.9252681159043545	0.2130623682769661	0.30254379350546845	0.933995303896219	0.2127110227041276	0.3193649264363657	0.9346943093422423	0.05797097474897843	0.37739708204448746	0.356218206226515	-0.019994136228243413	0.4258661543474823	0.6626836407974929	0.12551478679520403	0.2938652594149864	0.856223870507209	0.21266423861688935	0.28967451996842675	0.8950810459842853	0.2231579057870268	0.2914261976344041	0.9283480637458815	0.21241031572692448	0.32035536116740854	0.937282157311373
13	0.21666666666666667	0.32089542667248067	0.5335987825334573	0.9590442438413012	0.3260281682349887	0.7074555632610761	1.4200588530844556	0.3164166711510792	0.9021559262187933	1.832485190904883	0.34133066301052145	0.6972263918368294	1.8870352099548042	0.39909500712242	0.760414823451737	1.8926318119067305	0.2912031453978896	0.9589412244252219	1.8732702657394085	0.09063140968782021	0.508423082460343	0.9563663924666023	0.0651167932026001	0.727608880167395	1.4214089813332011	0.05408719239950728	0.8755562346725275	1.8171697586251938	0.07755637494530149	0.701790012262832	1.8842962684862163	0.00254972627171386	0.7243831092451729	1.8736907049895637	0.06543649739917898	0.9863604408351635	1.8871124946999451	0.21477682377729776	0.3199056596718475	0.27588412385985206	0.23059755536599255	0.18146465468899714	0.043671213035651586	0.2256125083950274	0.15033110898595786	0.18762972652258547	0.3865139700243974	0.3771550048990661	0.3591349467331229	0.43262740078182993	0.44761928746643004	0.6671448183565287	0.3207508155920915	0.3182836073311342	0.8705471933520676	0.19797200913872193	0.3369080043322393	0.9253117879973117	0.21290345529136112	0.30290497917042486	0.9341533374932236	0.21268603560076574	0.3194296363505167	0.9349539026570283	0.05799073620547141	0.3772865067165338	0.35622098009505093	-0.019991905432019612	0.4258423664099407	0.6626630845444443	0.12514023990970471	0.29458670188949	0.8594330028458363	0.2099429165059459	0.27714894248616245	0.8919909959393391	0.22316177758088893	0.29138371080657394	0.9283513679709983	0.21241984257010954	0.32042221133169196	0.9371967871285076
14	0.23333333333333334	0.32146864228829547	0.5362157146730091	0.9627601430009307	0.326060045993192	0.7075244696151368	1.4198921618134182	0.3165848016220889	0.9020293654627263	1.832566949488639	0.3414560641501471	0.697173648565569	1.8870754788145176	0.39918882636997977	0.7604361439238099	1.892760772855818	0.28825306346442947	0.9433807205736758	1.8691039408725902	0.09067316770989221	0.5083635504302704	0.95629370432544	0.06511110659855543	0.7274502559906659	1.4213050729381342	0.05346756814766773	0.8718122470059567	1.8119721079847217	0.07643505039788913	0.7031747255725497	1.8884847561501765	-0.0038984643119818795	0.7386894540104035	1.8786313294413741	0.06544551256479693	0.9867630183371945	1.8870129948703014	0.21471061259737434	0.3200732847710404	0.2758959805224691	0.23041916891575098	0.1810859210797081	0.040598893390814496	0.2255421534467457	0.1504351776698129	0.18758491338173433	0.38650061498435484	0.37721570614803274	0.3591179606490646	0.43264098851498584	0.4474941958419402	0.6671118272990678	0.32122579085509834	0.31740290994913606	0.8671143620800551	0.19795876770094017	0.3368007352712187	0.92510625483663	0.21139297504258223	0.292234358853767	0.933909507479153	0.21268383440812677	0.3194449431995551	0.9350162078955964	0.057988452505600835	0.3773026503207884	0.3562504426650672	-0.020013608909303354	0.4259189198124228	0.6626985580127976	0.1251318692854151	0.29452195275905185	0.8594206531501449	0.20998539123200274	0.2770892016480209	0.8918370715822083	0.22318620560356434	0.29132587260105974	0.9283199607179586	0.21242118906415622	0.32017376326841807	0.937211839555322
15	0.25	0.3209630542960591	0.5335876577962444	0.9589257064474724	0.32604673799893535	0.7075278154857909	1.4198667426948346	0.31654882438086696	0.9019725344939249	1.8324900538608087	0.3414665956191387	0.6970343974190676	1.886980656850645	0.3991228158262654	0.7601850061196396	1.8924562909153666	0.28825189940749757	0.9432776572172005	1.8691562700383186	0.09066467554526116	0.5084328579271943	0.9563294647356075	0.06514687378428485	0.7273788651221507	1.421271176956073	0.05356113697575817	0.8717730379002852	1.811955780633338	0.07657492780136772	0.7035357874278689	1.8885631409587518	0.0025810884145324154	0.7245320286688793	1.8738340665982287	0.06487474002597357	0.9876297577342356	1.8833628038604286	0.21476389235725882	0.3199369729246624	0.27592834673912475	0.23038037111553417	0.18112061144904262	0.040596276793092446	0.2255342988701374	0.15023671100296068	0.18766155303495838	0.38646936313236	0.3771042018905571	0.35912173944978104	0.4326363558613011	0.4474826607521908	0.6670128527292347	0.32126755804041174	0.3174546569259468	0.8671106763773602	0.1967155354327032	0.3393006616030151	0.9191832110095282	0.2129460760687404	0.3030872690385958	0.9340206234985488	0.2126746395867285	0.31932098249474966	0.9350731262921054	0.06378830210932399	0.3670799446915571	0.3614175673919611	-0.019980745224315307	0.425871183039403	0.6626505586215218	0.1250690994486904	0.29456259765299214	0.8594378738735504	0.20953438735669977	0.27756254897717236	0.8886597709610187	0.22307724519648992	0.29149944212288587	0.9282692113175994	0.21233543821598772	0.32036849005571244	0.9371936578492334
16	0.26666666666666666	0.321494538753373	0.5360188361952952	0.962634375096632	0.3260333503285651	0.7074616489013125	1.4196780419537476	0.3164677530983041	0.9017858794080906	1.832195907497028	0.34116163023279145	0.6967155736131218	1.886707969922351	0.3990062776702855	0.7601828965532785	1.8923405124459722	0.28824369717681064	0.94330160987345	1.868708890027883	0.09065987891367505	0.508439722794024	0.9563288859997972	0.06458269874703328	0.7242324274242984	1.416427457207105	0.05349507349368648	0.8718080269595858	1.8119717559204105	0.07652029681912888	0.7036764123546314	1.8885016743204905	0.0025074540011313998	0.7245598088187607	1.873849010993472	0.06541812515572157	0.9866840177447743	1.8868644820612728	0.21472058868230615	0.3200666027661762	0.2758875964641399	0.23039656138901254	0.18110333327356462	0.04068342663920791	0.22550555439038142	0.15043849465282838	0.18763039734191678	0.3864439726462552	0.37718717459463397	0.3590805147749241	0.43262785652873553	0.44746586386395104	0.6669172745104198	0.321302639165956	0.31732168131482646	0.8670883008991926	0.19805157252302144	0.33666857344986084	0.9251247688054789	0.21301564855582117	0.3026601979382286	0.9341158873819854	0.21281801813395063	0.3191166213246024	0.9349616602458213	0.06373692276981681	0.36519353307388197	0.35820963552405666	-0.019965085548955173	0.425900889308956	0.6626749433278007	0.125111457995496	0.2946532407541806	0.859455875221356	0.2098355642271233	0.27719185291092696	0.8921948549384006	0.22310769576484116	0.29129359947467126	0.9284153164926283	0.21236098555949215	0.3203880265009421	0.9372277943342586
17	0.2833333333333333	0.3215337756221852	0.5359454621243588	0.9625816985923434	0.3219721096591535	0.7061165732457305	1.4197336686602382	0.31655205716485374	0.9020779380066495	1.8324431301473403	0.34103140127001946	0.6969578314852835	1.8867721468706564	0.39896689201974866	0.7603961513375433	1.8925031043839065	0.29537882122521775	0.9627240139111095	1.873860045627553	0.09069704432080986	0.5083862413221704	0.9561904812383903	0.06515885454252805	0.7273401227283794	1.4212871181802	0.05406866159011973	0.8756250418626568	1.8172468601168548	0.07752816577995802	0.7024071032727413	1.8844353901909887	-0.003864261939605568	0.7390422237924649	1.8787788846237203	0.06547093366878329	0.986347294069422	1.8870986263656468	0.21472396310576158	0.3199671060913213	0.27586950383604003	0.2303681398319598	0.18104906801840423	0.040670184029451904	0.225431664583154	0.1504465768484224	0.18762853642773955	0.3864912017965182	0.3770986930001631	0.3591366108387064	0.4326099686821782	0.44746359036895894	0.6669954676122589	0.3190478821720001	0.3063814128167802	0.8674161653209344	0.1983151996443135	0.3358954142372841	0.9251929745665473	0.2114654080015464	0.29221086248528766	0.9341661760975656	0.21286361235203805	0.31911539534018235	0.9350780872430932	0.05796519162637213	0.3773053989873515	0.3562025937043976	-0.01995585958503313	0.4258971592094698	0.6626561839496492	0.125120488134956	0.2946807863446088	0.8595088098043281	0.2102487444225161	0.27943514201751973	0.8956337736586338	0.22311937275448618	0.2916019691502325	0.9286947995410118	0.21241479113817477	0.32046590120079094	0.9373911461666258
18	0.3	0.32117562003261474	0.5331953877459185	0.9585775234400129	0.3261007415901884	0.7075615649136504	1.4198060587796282	0.3165039465574076	0.9028386390018256	1.8328525492808756	0.34109896454102756	0.6961188312447347	1.8864812505401187	0.3958792220779977	0.7459233852784173	1.8883053710596658	0.29225717510359595	0.9627904819338404	1.8782242492089551	0.09071224085856103	0.5086084168655018	0.9562351906692179	0.0646243318924068	0.7239959884189413	1.4164147461578698	0.05349127706268991	0.8719723608483798	1.8120374416563858	0.07642106003280161	0.7037161227028512	1.8885649098504937	-0.0038873733672598436	0.739001964222532	1.878657102202715	0.06495718614970454	0.9875534938339605	1.8834579581504083	0.21467541549617863	0.32021884291587716	0.27591600371826985	0.23035168423729363	0.18110679178327782	0.040637512968718856	0.22539295545068327	0.15037203385228692	0.1877191106794398	0.38644639712090884	0.37709870729246947	0.3591246715441442	0.42817295412893375	0.4611069495716958	0.6666226462817014	0.318648382310805	0.3071883051132281	0.8709695128731951	0.1997645805776616	0.3330469906621816	0.9314330962118307	0.2109606611528087	0.293055796926869	0.9375271195774284	0.21245925803326146	0.3201355882727355	0.9382960547118658	0.05793809129825282	0.37736608062723503	0.3562235995677736	-0.019967445932999334	0.42594403916018664	0.6628017988705284	0.1252263269132277	0.2946497565727903	0.8597067948056889	0.21026425607315366	0.2795473358174893	0.9034245433184054	0.22312951889401866	0.29125835109229425	0.9290994560082048	0.2120799693963833	0.32121045331264325	0.9404734154787875
19	0.31666666666666665	0.3215730204429326	0.5362305690739791	0.9627199875248706	0.3260491421399605	0.7076201917891172	1.419807152582576	0.31629880647338193	0.9028411114750141	1.8326685775938416	0.3411227566878881	0.6972936184682436	1.8868663468398885	0.39841281667050255	0.761655219047199	1.8888289142855967	0.28813000645733744	0.9437976560437058	1.8690647785574102	0.09111986723165565	0.5111953711738567	0.9603017842700468	0.06517916863792243	0.7273502065264573	1.4212543278264118	0.05344369759482581	0.8718995053635864	1.8120283378686324	0.07776921365365437	0.7019581788153305	1.884299597494852	0.0025450470343005736	0.7244100977238078	1.8737315664257508	0.06099507925188559	0.9863545354394958	1.8837180881303888	0.2146348238137814	0.32010685973326225	0.275879733355553	0.23046131917776114	0.18139380357887688	0.04373564564370378	0.2252923258760838	0.15057945489022784	0.19114752699865115	0.38611707717417015	0.3751182546381104	0.356198316169263	0.4279621125724188	0.461350200659778	0.6665482535638049	0.3232124052509426	0.2956469073711925	0.8708587170398324	0.22310253547377876	0.2726734615594472	0.9267793549311917	0.21110493846253764	0.29254757983511026	0.9377750419507735	0.21728807429862843	0.3079755724448078	0.9376383221394679	0.05793570773691915	0.37729597520029223	0.3562648349675694	-0.020366365565092658	0.4268365930264654	0.6660941064992346	0.12512175900735942	0.2947533639154455	0.8595437455679837	0.2104516063720826	0.27867893056243154	0.8998042150065894	0.22298109665417043	0.2910896354336402	0.9290578144935058	0.21238865955641478	0.32016450089374887	0.9374754414483488
20	0.3333333333333333	0.3214777237187023	0.5361753486486321	0.9626244901510224	0.3260208323422375	0.7076188744433044	1.4198622691340004	0.3156733217146962	0.9035743652388604	1.8287451765146074	0.3408660572423725	0.6978365859683963	1.8834207548441078	0.39853945863114826	0.7614237641133994	1.888730059141703	0.2881320424727992	0.9435301834454878	1.868819073251474	0.09111853073630864	0.5113277742233517	0.9601694992353117	0.06526290800947106	0.7271306660535521	1.4211792541805686	0.05515343171547362	0.8737730783565409	1.8124707655904433	0.07112377877606738	0.7177922866239879	1.8896705734632364	-0.002754329364258316	0.7372786925470574	1.8745334422844653	0.062075593085948656	0.9841216068936058	1.8786064279836692	0.21468510129858112	0.3199711044272222	0.2758539999428669	0.23045699832058314	0.18137385125763825	0.043681767229560055	0.22518586110465266	0.14983312691645145	0.18801536736549684	0.3861218347902718	0.3752351610741425	0.356160687553648	0.42793196207644474	0.4612938746071713	0.6666035666955905	0.3230144420078546	0.3114053986269304	0.8815977765815798	0.2230618143067823	0.27385058343514207	0.926975260352763	0.21097696471563365	0.2933658411081649	0.945229740033817	0.21752291072951216	0.31089948592690797	0.9481862548485337	0.057967582006161804	0.37727743860189017	0.3562430344078517	-0.020569997966489013	0.4291998320136028	0.6661026967259576	0.12533993987778036	0.2972054839301692	0.8630903355070041	0.2112250026635081	0.2836724105906507	0.9131961196397959	0.22372282147764233	0.29295312687062613	0.9360160256197576	0.2119790834055331	0.3213576113292239	0.9408934052437617
21	0.35	0.321062897140417	0.5371077140950109	0.9666178758717481	0.32603816667630015	0.7074560381853309	1.419797369917898	0.3157844012046799	0.9035733352031804	1.8288570014758507	0.34086504747831275	0.6978386103264288	1.88349359333936	0.39660326964635434	0.7506662268640483	1.8900173743561073	0.29226554317491826	0.9625652855441601	1.8781765385982774	0.09046665718563486	0.5090681576005397	0.9521669421023642	0.06515173846228688	0.7271603139242587	1.4211769159541252	0.05352785342178008	0.8716177708000987	1.8118153823790113	0.07742601237997711	0.7018301388253432	1.8842799037985578	-0.0038605780426665542	0.7387164910401577	1.8785526954269245	0.06486372849062667	0.9873447698343384	1.883332338639602	0.21467946391613282	0.32011991384551264	0.275854949382277	0.230454225915093	0.18131739548872064	0.043702427234769345	0.22517398938292163	0.149891661363052	0.18802494706765563	0.38613548613199666	0.37531048538499406	0.3561710011356949	0.4279366816302758	0.46126996343522314	0.6667077106538818	0.3277634759170663	0.2998081781962662	0.8815554146572807	0.22314250060383248	0.27735239566792624	0.9309024554521006	0.21106652950384008	0.2968172502638089	0.9515841206679495	0.21778463735137094	0.3108257800595137	0.9483843680231719	0.05804202696812595	0.37667247429889006	0.3532393620587692	-0.01990041765680227	0.42844330135574804	0.6666213542662845	0.12537398873406871	0.2973121112472216	0.8632285232230773	0.21231155938798038	0.2851384069082527	0.9120401989378978	0.22358978719618444	0.2943798572398515	0.9395811134891933	0.21202314140281597	0.3219829605385277	0.9480072553873639
22	0.36666666666666664	0.3212032285465975	0.5359674439577589	0.958636264021841	0.3260221733302514	0.7074111073312916	1.4196323824603982	0.3158046873324113	0.9040278960491623	1.828990763192933	0.34081354521948354	0.6982556632114943	1.883584592688165	0.39859677413315714	0.7616418336900741	1.8889130501134825	0.2922619226786993	0.9627791982949307	1.8779557744999196	0.0908471223661812	0.511439163665717	0.956262774875438	0.06518341819103735	0.7272912411004323	1.4212266603838688	0.05515326661966101	0.8742084396402676	1.8126062034645416	0.07737495065867216	0.7023031964379327	1.884305584368995	-0.0027016300792610448	0.7372960237257277	1.8745250718085409	0.06703434571663604	0.9894786346801897	1.8850329442698786	0.2146352037776552	0.3201601883211633	0.2758358730089056	0.23045056899975783	0.18132579099500487	0.043718895012139984	0.22516370904671484	0.1503571594681801	0.19128509786894163	0.3861319870174276	0.3751802627840079	0.35615496463340274	0.4278850533572488	0.4612794919089419	0.6667901935649558	0.3311393682910141	0.3023107638613034	0.8853402208193503	0.22225347056859085	0.2803740233016678	0.9344895662441134	0.21058020521492216	0.29831875042209083	0.9549646556312882	0.218096990549165	0.31437023986928136	0.9594129767399437	0.057920794933401444	0.37736709699147014	0.35625632909589083	-0.020262299680382734	0.42943205595514194	0.6699249680526713	0.12539038661504334	0.2972499743479985	0.8634856677066453	0.21265892806757627	0.2877792618111115	0.9228436493260598	0.2235798135774339	0.2945461059452011	0.9400267066597372	0.21193540144049358	0.3257185158611819	0.9553025738341805
23	0.38333333333333336	0.3205343740485488	0.5365667312414228	0.96265822413474	0.32598587718046684	0.7075350826280169	1.4197672648660205	0.31586208379667685	0.9033887693322404	1.8287864544725536	0.3408780032025515	0.6977708790165987	1.883410693265294	0.39562417515049114	0.7471758696474003	1.8848350899145863	0.29225856252393145	0.9625008152624234	1.8779508814999955	0.08995713698750227	0.5126463332493933	0.9563355001949567	0.06519938714478932	0.7271271983015779	1.421221719574459	0.05515183413214811	0.8739936773902169	1.8125604945690257	0.07676779767557504	0.6987336258084511	1.878635979964503	-0.002714298275572145	0.7371353750359309	1.8745129218171523	0.06360051462793954	0.9869702307676201	1.8886472936191157	0.2146312868610291	0.3199589547880113	0.27580724612307944	0.23029254866845866	0.18101563280803176	0.04068821021422276	0.2215248514121442	0.1488860632806837	0.19168258799155824	0.386098211147285	0.37519895172008566	0.3561823437773842	0.4277703328408303	0.4613186093495666	0.6667541445884302	0.33115519080942646	0.30240607353770277	0.8856510648083603	0.2221768729328133	0.28170714743726016	0.9420881476842423	0.21284818189704988	0.31465528179244706	0.9698973345182174	0.21562825789258264	0.33954741057462495	0.9680746259861069	0.0580505869701876	0.37665780638481433	0.35329718595624254	-0.016140140466867788	0.4301817317507685	0.6662904222293473	0.1252377398690075	0.29791651117746304	0.8706629642385072	0.21232730802510186	0.28780061928283673	0.9241231421544962	0.22308577929079274	0.2984037699772238	0.9548061308253654	0.21139550576622315	0.3266969639635889	0.9596771371160866
24	0.4	0.3205729373710231	0.5366835887037289	0.9630012469684289	0.32199862247424343	0.7060914601047578	1.4202455605614426	0.3180077695382989	0.9059438005484844	1.8384513931793114	0.34210267316116644	0.6977439777607712	1.8877471195083815	0.39746994270340263	0.7498876546283693	1.8941819204551567	0.2936508947795332	0.9510830145586182	1.874972308518637	0.08971093442200247	0.5133078626260806	0.963900095869349	0.07228454458446068	0.7111080329019864	1.4222993725871216	0.05405908721545636	0.875620802919975	1.8173258480478607	0.07568457689360453	0.6993154934490394	1.8826667666202581	0.002537501617080108	0.7241485282751788	1.8736335961650183	0.06540424796795904	0.9866706789530717	1.8872426256857895	0.21449740229256015	0.320219245984833	0.2758011120392367	0.22480472630052267	0.16955985126989392	0.04734321324596823	0.21952597933417922	0.1385786116404413	0.19440979448523685	0.3860676130668419	0.375201943220994	0.3560818573706749	0.4274959187973332	0.4623402348782366	0.6699787380425486	0.33329143679630513	0.32896932453148153	0.8893480642728753	0.22337575960794154	0.2966854949622069	0.9527324680665783	0.2190614910612737	0.32160904156509573	0.9928807923476306	0.21678721753060723	0.34576443240991733	0.978781574502038	0.057891203176001285	0.3774427922530993	0.35618518249402986	-0.01609023994101685	0.4298632725331034	0.6661514035623992	0.12323874790033514	0.2878028071096675	0.8744619447893925	0.21309079173054452	0.2900529864030027	0.9312752989363782	0.224273801970174	0.3007681921168615	0.973142012095086	0.21255090054903272	0.33045254694028786	0.9710083327335131
25	0.4166666666666667	0.3168911947594156	0.5334714475876106	0.9587418091780004	0.32590254616807507	0.7075535634408205	1.420192173581514	0.31689412135987455	0.9022467163926315	1.8329613431644967	0.3418896108359489	0.6963611025197997	1.8870621432941979	0.39624189599728105	0.7460101217854062	1.8887687992833375	0.2965953322919265	0.96636200386209	1.8792004628393901	0.09029119637819559	0.5121696103491307	0.9597271850779473	0.07179614532955862	0.7115660473731512	1.418217864658756	0.054000452316106735	0.8756484050887132	1.8173229339723933	0.07625585810078814	0.7032281351983876	1.8884321406298898	0.002439387237404503	0.7244532708050662	1.8737766284345776	0.06537601628850587	0.9864665238501752	1.8872244155372182	0.21453404728050357	0.3203402321603067	0.2758517168801244	0.2247630694015227	0.1695771864851533	0.04724534340288149	0.21941439568701224	0.13831416801034244	0.19454681689354983	0.3860810025014292	0.3751618082621375	0.3560411334032932	0.42746985461118736	0.46238888319550125	0.6698995636638936	0.3332652766402579	0.32988249047504803	0.896678873092818	0.22636541264798857	0.31740091711188834	0.9783875141178068	0.22116080386385553	0.326997191140864	1.0086455351713586	0.22168279885646644	0.35157151841705736	0.9934431512657356	0.06387021701258001	0.36646111408630094	0.3584414302671491	-0.016033038038819367	0.42981039921333797	0.6662322199348244	0.12482309223467482	0.30147747240527567	0.8779204021932847	0.2131048071600887	0.290623584699874	0.9321739730389385	0.22447263858516034	0.3038635964230872	0.9844242632889721	0.21299301627698553	0.33642749655255205	0.9860102367918724
26	0.43333333333333335	0.3165256108379157	0.5345781992966194	0.9625482321544919	0.325914464697593	0.7078000547906873	1.420359331818445	0.31682605548071063	0.9023898841469997	1.8329324392622275	0.3419179451715716	0.6974212715104862	1.8874780735848349	0.3961899675174774	0.7465203873717187	1.8890022615745075	0.2966310729006035	0.9664083224755255	1.8792317551127493	0.08927741450445305	0.5108255770581259	0.9596419946947813	0.07116907229355794	0.7083945058014011	1.4134166886385269	0.05406693641496275	0.8755611008807179	1.8173624086676696	0.07652691698327048	0.6984807295920977	1.878687539388361	-0.003913077997710388	0.7387702126100844	1.8785692904156435	0.06626433230685905	0.9901620862929725	1.8935655579652322	0.21456752070481735	0.32029079053670256	0.2758772844564317	0.22471824587487502	0.1695767231225006	0.04725785681883992	0.2194012999052974	0.13846218295608045	0.19446610148989626	0.3860922571257395	0.3750242973841641	0.35604475627063736	0.4274566909304272	0.46227095348445674	0.6699721131854424	0.33358462739234285	0.3300233700342423	0.9001088126737607	0.22842505384070488	0.32236175020973407	1.0017327807493914	0.2232216597252492	0.3391165830913844	1.016717278927179	0.237618850787073	0.3571550515053477	0.9997067370388693	0.058081096987684634	0.37662258699195467	0.3532276944619086	-0.016424901555172254	0.42771053625036676	0.6586216405340276	0.12313033100573893	0.29039001063208636	0.8782863468762736	0.21486562998276124	0.3022058744054531	0.9362899536016474	0.22163524450524552	0.3062170056794301	0.9992509372102792	0.20478687363600587	0.34848630318998125	0.9947646213019138
27	0.45	0.32126048270959834	0.5341956517404632	0.9576072517694993	0.3215547548920337	0.7067097496864985	1.4166932387957987	0.3166587347579633	0.9018845292170132	1.8325672784251033	0.34182219375907924	0.6972645646500709	1.8873635843772956	0.399194008903738	0.7601243013245733	1.8926522185226138	0.2935061832113626	0.9506821522782661	1.8747197247958118	0.08985091480336142	0.509880200092262	0.9556463052505973	0.06953402306880292	0.6938133234034704	1.4112071733123692	0.053990837105856074	0.875449088377164	1.8171609247978142	0.07073632248288894	0.7174395619005783	1.8896905214634965	-0.003972533874362622	0.7390463824059482	1.8786186008445838	0.0628650774612475	0.9682109816187098	1.8786702479956197	0.21454086325507649	0.32005021260910865	0.2758430300647744	0.22454106648984265	0.16918712044373657	0.044309214678473124	0.2194049718722974	0.13842968828171975	0.19449017285587095	0.38611625791318016	0.3750863659739218	0.3560511692619877	0.4275448814952592	0.46189350495813813	0.6699716087410433	0.34277991713904915	0.319643309568296	0.906321719223362	0.2289631231935585	0.3232738562618244	1.0081357715281758	0.2281876742253374	0.3425877849618784	1.0205146600839514	0.25627712385330326	0.3723714969860538	1.011189813234134	0.05810364687592199	0.3785520442645164	0.3564757513071948	-0.016095061344773308	0.42669463434377874	0.6551688877164519	0.10819892076300273	0.31210254623282757	0.8788521551627442	0.20658405009091754	0.30604547632771	0.9482326861715391	0.21387868608968247	0.30846304691238374	1.000004057716818	0.18721336577944128	0.38731627236506877	1.0016427401905414
28	0.4666666666666667	0.3220177969356449	0.5326377793228806	0.9533803606875687	0.3215208857375867	0.7066919135499538	1.416564853158294	0.3166371696474361	0.9017313965340178	1.8324580412473117	0.3416902170592798	0.696635072809667	1.8869954646762135	0.39910413508983783	0.7600982794660552	1.8925670581186889	0.2954848187020383	0.9625092131362091	1.8740191225252014	0.09413510186818226	0.5110659575666241	0.951564511675418	0.0628925202175675	0.7088389388010632	1.4139838878593396	0.054055932609975266	0.8757285006935255	1.8172449709364202	0.07076790970475373	0.7175371281637619	1.8897253431909933	-0.002796516271431075	0.7373684514863316	1.8745465760426523	0.06710975560125466	0.989338128142043	1.8850681140100045	0.21454107239630169	0.32027627907510164	0.27585571909830936	0.22454970441898625	0.16926522475381012	0.04429686794944456	0.2157324961864874	0.13657398764526357	0.19513652367319256	0.3861095957507123	0.3753101268291357	0.35602321137137505	0.42786154170087765	0.46052152566169186	0.6668196559209331	0.3460460164556875	0.3318479302883387	0.906648291542262	0.2288905370279319	0.3271584959934796	1.0157202040513775	0.23404750512303457	0.33101222162638677	1.0236266533951113	0.2717548066862066	0.3878295291635468	1.0230107663441486	0.058038772130201	0.3766354230249413	0.3532348723393673	-0.01608391770230375	0.4267895028823989	0.6552083809268574	0.10793289311072106	0.3115143961573198	0.8786983422612537	0.2049033684289451	0.3080048207442046	0.9519270620164736	0.20187949270665986	0.30380846651226673	0.9972954548144951	0.15659780738451629	0.38103788190554283	1.0125703338597065
29	0.48333333333333334	0.3175765434866243	0.5280569891120822	0.945582411616479	0.32150049807835435	0.7066898822409337	1.4163526562199853	0.31667727054900524	0.90205480264175	1.8326785580024993	0.3415106026094834	0.6972743917128535	1.8872038708440313	0.3992174799749988	0.7601607891119343	1.8927172146116353	0.29242516786028533	0.9623184299232652	1.8781375736863333	0.09399508377364238	0.5112839829398631	0.9514492086357196	0.06283803593620797	0.7088771339393427	1.413852304601227	0.054057802368453534	0.8756422229225568	1.8171696076060644	0.0708212495547002	0.7177406834704785	1.8897390129399738	-0.003998731023160201	0.7390447420044914	1.8786364715960417	0.06498606851613872	0.9873858998931825	1.8834604077850425	0.2145263188066242	0.32047116711521406	0.2758528090211943	0.22451445877036258	0.16919642352589026	0.04431707084536465	0.21565193306071437	0.13645021600628354	0.19517752427086443	0.3860357229648939	0.3751479424050637	0.3559912119449571	0.42764126911187633	0.46142171080594446	0.6699212102806108	0.35085225553052624	0.3338160240569146	0.9104243931483958	0.23317538138733834	0.3293270681334743	1.0154581963973612	0.24578184546864548	0.33586356436917514	1.0264558676513507	0.2893337094427657	0.3757023558486705	1.0263506451141704	0.058013887284554845	0.3766991559951771	0.35322717504952306	-0.015803386750203822	0.42678655254366654	0.658981236950744	0.09639789298794295	0.3364844049306856	0.8794642968147495	0.19993877699764176	0.32291716233668455	0.9598372026866209	0.18508162141115606	0.3171310590852777	1.0021139329759259	0.1386694366808304	0.33730775178221983	1.0121101848179617
30	0.5	0.3175221358167892	0.5239772408989327	0.9375501254590977	0.32152556349694483	0.7065843054556614	1.416188118159472	0.31648016233338305	0.9021565907586004	1.8326082625264999	0.341144538256617	0.6963454861206618	1.8866943493240471	0.39190029792404907	0.7443216730220326	1.8884793714422754	0.29232770972145217	0.9471547111058536	1.869710098606992	0.09499043024573214	0.5091451531032115	0.9431344487683246	0.06293389368205085	0.7085829247251552	1.4138731862753677	0.054140745131255906	0.8756987454953563	1.817316178220419	0.07075721591871506	0.7181160674140021	1.8898158321327845	-0.004008773927319022	0.7391921171876071	1.8787179650818944	0.06648917634996385	0.9900319644696011	1.8934216552523442	0.2144283311944116	0.32052381409770253	0.2758565725587196	0.22453507813705112	0.16917771054594824	0.04434570177151128	0.215636330243619	0.13646407090252957	0.1952921948089068	0.3860404822836389	0.375214143340024	0.3560502476390542	0.42760894053275655	0.46136137232375646	0.6700511700671595	0.35372214188468537	0.3487228513649389	0.9177049124533008	0.2373006527343927	0.333466098232003	1.0231061149108984	0.26024607454271764	0.3407146881779811	1.039361342681854	0.3042458240083773	0.3673004218816908	1.0347691726723207	0.058000174282167256	0.37673197120471946	0.35321491721970644	-0.01581494057655467	0.42709166606017646	0.6591145764098123	0.09065707301689133	0.35167396456504163	0.883764881099115	0.17719466749714954	0.356230622955766	0.9853946295453259	0.15474096673206705	0.31749086485651795	1.0200516083050373	0.12823833635401577	0.3280644753133854	1.021421803595269
31	0.5166666666666667	0.31742154612034024	0.5241452426209041	0.9375241763238745	0.3215010875352933	0.706637474191003	1.4160165595523855	0.3159397945664295	0.9030625105700878	1.8286599896040774	0.3415576722559633	0.6964570839837759	1.8868832602598882	0.3962546912209481	0.7460093973673144	1.8886837834164942	0.2923647745922654	0.9624921603614637	1.8778225201618952	0.09457950453411787	0.5067031311017468	0.9389236726317246	0.06456852743935923	0.7235837629130712	1.4160868574752092	0.05408672179161286	0.8757690887926257	1.8173953232444517	0.07652073694949667	0.7031334953597952	1.8883510852042493	0.0025122154940086312	0.7243571410231138	1.873761768047388	0.0663066275753733	0.9901630468861851	1.8936478611606993	0.21435209164382843	0.32043392957102673	0.27582063911849725	0.22451999108448786	0.1691571678987788	0.04446224885247838	0.2155328031900251	0.1365030208522885	0.19533476599119648	0.3862954799549578	0.3771556627757818	0.3589839552253328	0.42763281105875806	0.4610789598569665	0.6703179066427152	0.3545213110543678	0.3493598456364523	0.9218886800071502	0.24754794963832674	0.3477040016784301	1.0298574364065889	0.26872809160884215	0.34470811848617683	1.0428547400930754	0.3182022515671007	0.3480352216623299	1.0480267511105688	0.057882334545430854	0.37735944607283556	0.35622143514127175	-0.016230839812356245	0.427925217644262	0.6623260558805221	0.08029829444006982	0.36283739831461564	0.8916416436019656	0.16237286871257461	0.35577444528116986	0.9930484833198665	0.14060107898599908	0.3288892463888477	1.0249478532954464	0.12451974728886914	0.3261602386337284	1.0261974539968126
32	0.5333333333333333	0.3169130054029053	0.5255271699126988	0.9408289010703538	0.32156269114253766	0.7065305787620986	1.4159834850330795	0.3158746797428821	0.9034378154552788	1.8288202235901885	0.3414989851928905	0.6963699514387887	1.8868416975967988	0.3962415410874975	0.7458646063163197	1.8886189444606167	0.28930023177639747	0.9470071927562812	1.8736584711211404	0.09091675978996361	0.5045191367868361	0.939451405969195	0.06310736347450374	0.7084568551551697	1.413789652826738	0.054052332672009804	0.8754264529342544	1.8171983515548913	0.07750390534152157	0.7015550881299997	1.8841712983006869	0.0024958071927348386	0.7243103249763637	1.873683190643038	0.06338381645119781	0.9671749227770452	1.8823180448634482	0.21430072531374775	0.320457504824211	0.27582224293847013	0.22451628509176952	0.16922978674389133	0.04439796989589321	0.2155404505298545	0.1365346208306112	0.1952822069866441	0.38636860904008996	0.37709125128645987	0.35902009378465866	0.4271417385398635	0.46329164186976113	0.6766207213903785	0.3573467427513916	0.3609526573139597	0.9222199992397763	0.2570016272008251	0.337344744521192	1.0321114933529385	0.28327929860488216	0.32204037164285965	1.0480846386239027	0.3294058106004373	0.3644455587951124	1.0539431488988942	0.05782774137536126	0.37749791168761365	0.35622196526446953	-0.01634701991921994	0.42790996484905763	0.6622340904040115	0.07980545704402402	0.3626541497602069	0.8917439833878748	0.15249896584170824	0.3664018702961314	0.9982401512986804	0.13430698976546374	0.31701653017500353	1.0286143481923238	0.1164872107422172	0.3262100578081575	1.0309684325081603
33	0.55	0.31683287864698334	0.5257252430199858	0.9410236769776396	0.323218796904104	0.6932706351730993	1.4175497364089267	0.31587334720498317	0.9028949970794895	1.828498263795676	0.3416772451049868	0.6960907858967298	1.886776829283515	0.39637402158988677	0.7458144084860563	1.8886125903626443	0.29231113605566383	0.9624886214113435	1.877601361248235	0.0913005316664424	0.503999128539707	0.9435643083061761	0.0647154743134922	0.7231940354910266	1.415940587221837	0.05410509668275014	0.8757989750864775	1.8173764763846678	0.07655760216402327	0.7026448520374612	1.888331550823485	0.002536156399172361	0.7243115954866457	1.8737868435719323	0.06630194764395421	0.9902994330244262	1.8936151070266452	0.21428198610131408	0.3201995196769818	0.2757788248770283	0.22451026119411585	0.16911055666137434	0.044434193500653744	0.2155056903951843	0.13646648206431805	0.1953044434523591	0.38636599706059843	0.37714770494227895	0.35900284671388694	0.42728417919960293	0.4624240366487434	0.6734048615276228	0.36664222515742784	0.38595832552670406	0.922491983946796	0.26290840532548426	0.3386032164042214	1.02923055488168	0.29264702244254104	0.3355596043978753	1.0517453097102287	0.3312832690406337	0.3657493808015801	1.065257972832105	0.05654242270417194	0.3672896943007977	0.36177062749675126	-0.015986193081260133	0.42775396377448194	0.6662144054432088	0.07368206309640644	0.37778473962251763	0.896071331437271	0.1428387031342282	0.34949139952537006	0.9981350351558396	0.1275780660237411	0.3299591594323379	1.0363900705117728	0.08954929997071179	0.37243434850505797	1.0386542170322497
34	0.5666666666666667	0.31285097431541026	0.528133976579169	0.9459332642315045	0.3255413466345547	0.7079412718137749	1.4160706253708286	0.3158982113778023	0.9034920287065872	1.828881958011312	0.34165521282627515	0.6969332674682958	1.8870995561206945	0.39627522297282525	0.7462457652415894	1.8887920646917136	0.2923167075888387	0.9625560008996312	1.8780245398435196	0.0903394795691164	0.5055696583206702	0.9436105097153005	0.06477826398293562	0.7233297483058083	1.4160417075363854	0.05408112174247643	0.8757323496644986	1.8173624492562364	0.07658209619115665	0.7027641315265242	1.8883239388986635	0.002532129620136443	0.7243364287389186	1.8737673448781316	0.06628393697133321	0.9900518644922429	1.8936244620900788	0.21426974048553885	0.3201354670260569	0.27576088209431715	0.22452216269216194	0.16896630328407516	0.04448305096291984	0.21552894338382875	0.13637659354155487	0.19543093323089042	0.3863810891541378	0.3771489470226909	0.35899716945744736	0.4273538598654647	0.46229006895298547	0.6733554464432318	0.3672902060256956	0.3882182228848397	0.925841709362612	0.2753336723286127	0.34291864710258874	1.0292670196882185	0.29997491432635265	0.33603977106257593	1.0552874699183648	0.34200656972436305	0.3771410566626942	1.074544077773335	0.05652936623076781	0.36728598724381545	0.3617886218922543	-0.022136422758031356	0.44016685659069155	0.6658774454492342	0.06873091709726568	0.36641188303979394	0.9038568205475592	0.1322392148469172	0.34922114747570054	1.0062002013836766	0.12212278312037288	0.3309908823852953	1.0428138360175192	0.07671753282262489	0.3868406899412411	1.046009386507934
35	0.5833333333333334	0.3120036371884255	0.526099541640989	0.9456657131407795	0.32609923047964173	0.7072408948502844	1.4197043176736426	0.3159062286210824	0.9035268710461073	1.828906275586632	0.3419922634443192	0.6974329931113604	1.8874052303992348	0.39695415128731587	0.7506790581284986	1.8901548878759424	0.289263155932991	0.947036323250527	1.8738544945247	0.09024984845735362	0.505329468234632	0.9437756152748445	0.0646941841305598	0.7231648023624004	1.4159582056349902	0.05404717452568228	0.8753906593787865	1.817177670371153	0.0764455441198741	0.7028750730392914	1.8882981616806795	-0.0038780225802344916	0.7385717021762584	1.8786162338716619	0.0654439348192344	0.9860013387871649	1.8872050671196183	0.21427935900243317	0.3204371871541525	0.27577374416024975	0.22455822429153216	0.16896303693992593	0.04447194137051467	0.21550075330062482	0.13632615105491616	0.19545386460684672	0.3863502871925891	0.377249126197553	0.35901438275967096	0.42700251599434685	0.4634092162401561	0.676718076468228	0.3702728597678276	0.39950362622878705	0.9299208299124493	0.2756837597139029	0.3441185115645904	1.0327005667789793	0.3072273645927736	0.35141155431832566	1.063641274426535	0.34375160325350423	0.3793258752688725	1.0844682182849137	0.05784229405746504	0.3794081061779221	0.35949205351860886	-0.021815891775407163	0.4393279880076536	0.6626463759562713	0.06500141389317553	0.36616375186076794	0.9079320003189729	0.13159492644928972	0.349606114136344	1.006775592910984	0.12157514875802217	0.3316158203355576	1.0429515054352956	0.06661300241410203	0.3979700162624555	1.047529444290767
36	0.6	0.31632945076215463	0.5309176682564161	0.953724674280331	0.31921357700489916	0.6916916202450936	1.417850975843571	0.3164034411980258	0.9019237754008084	1.8323325137259943	0.3419358464484809	0.6972839215527876	1.8872059230608205	0.39911565609438765	0.7603610176795061	1.892491667752245	0.28816767763592194	0.9433778185477761	1.8684917738844558	0.08975446161366192	0.5064140162768153	0.9477197595289409	0.07131276826786223	0.7079715983265559	1.4131720993635786	0.05503351268830153	0.8740045291921564	1.8127120891361177	0.07666779888323572	0.6975736673158061	1.878467217650832	0.002516134975642328	0.7241151838907859	1.8736636331086005	0.06755120244855803	0.9885216268154927	1.888844670158529	0.21415402982980045	0.320350305771978	0.27579532110776744	0.22457497549875627	0.16867964563242535	0.04452262921416898	0.21557258358114395	0.13652013033746963	0.19861553109326227	0.3864451499690848	0.3771510085561068	0.3590185479332794	0.42668236262364434	0.4647716849874424	0.6802182887066327	0.37057052894975967	0.3999921699097154	0.9300734964931806	0.2846520931326507	0.36129072775242405	1.0426397766913953	0.31612627189068265	0.3522283562446852	1.075264158146061	0.35060630172144075	0.3861070373383849	1.091463037813997	0.056863843847539515	0.36730001259990025	0.36543696924284447	-0.022079740000389626	0.4423937389700622	0.6696642788700923	0.05551802040817771	0.3761162259341428	0.9118885176020761	0.12940831457046253	0.3396162929931591	1.0138936716267226	0.11064303782408966	0.3545559660394003	1.0448569434639066	0.05774395240708148	0.3972869117043714	1.048320218471993
37	0.6166666666666667	0.3167360946237227	0.5298027094059122	0.9499476276722107	0.3260082008239384	0.7072846628411376	1.4196792206474966	0.3164958397083738	0.9017701135748223	1.8323618593290087	0.34218914327747285	0.6968865268389944	1.8872295599285933	0.39925057344999165	0.7603229958606554	1.8926440453590796	0.28822498062955565	0.9432297053895564	1.8687035202388553	0.08974331942773621	0.5061518379530239	0.9475865859927215	0.07126244328805788	0.7078987667403802	1.4129998365525427	0.05504355812379162	0.8739205279571434	1.8126565469702782	0.07554930117407957	0.6992714882138328	1.8826659851241883	0.0024888260939256975	0.7242564615658783	1.8737203202141517	0.06664063858579462	0.9846242873895765	1.8823238599168641	0.21420133933860688	0.320227693224097	0.2758260130676874	0.2245719056230456	0.16871559865831115	0.044472416923096746	0.21355601111274713	0.12635329765974024	0.20126358689885254	0.38645083419060466	0.3770920359354241	0.35904995511265186	0.4267575129117513	0.4646957144542299	0.6802296226157355	0.3728166342708447	0.41260193114552474	0.9335835474759291	0.29151592517842956	0.35999412634049865	1.0392084210515722	0.3171889780983042	0.35309715880129383	1.0792008118940661	0.3539669818699346	0.39906900653895766	1.0930083994823176	0.05683044627910158	0.3673381329015558	0.3654782443870024	-0.026014907684523383	0.4411589798478162	0.670143050093943	0.05166252770559012	0.3741243561763673	0.9123855916020985	0.1294647053210654	0.3394550757874498	1.0182604921430671	0.0987673938520827	0.3788699425271335	1.0497459232042665	0.046904743478425714	0.40832730828757524	1.0530133210734414
38	0.6333333333333333	0.31666067605561177	0.5299089265506355	0.9499984198491545	0.32603759555994	0.7073206108478073	1.4195551832702085	0.3165504694291994	0.9018124804888246	1.832385695130848	0.34172022664936275	0.697650633413576	1.8872529611602464	0.3955530756732954	0.747455738261604	1.884964736053817	0.291298093462956	0.958686373470331	1.872906487340984	0.09024406950647997	0.5050731445300759	0.9439378836330736	0.07130248708916467	0.7080173313486172	1.4130127568969848	0.055082384379166634	0.8739624962840855	1.8126830063481327	0.0765286067054693	0.6985958601309764	1.8786281948615473	-0.0038856925228153067	0.7387684076972386	1.8786016745559573	0.0654235579819306	0.9858532671237304	1.8873268633701819	0.21422958935852648	0.320301542435976	0.2758318897962576	0.22452243549399642	0.16864928180505465	0.04455840092940239	0.21564092101055293	0.13781663168542704	0.20167538147083824	0.38619814089420235	0.37517588398008217	0.356135006858274	0.4267453844745776	0.4650377906942784	0.6803605299334795	0.37760439199525586	0.4169093934932768	0.9367704545730285	0.2982958100432433	0.3733066797981434	1.039737061984791	0.3181399050482195	0.35338551176778277	1.082877727985846	0.35760722842886017	0.4107995257184678	1.0980717385216936	0.05684585741846337	0.36740928054028377	0.36545082601405754	-0.03279147992444466	0.45366490770167545	0.6654350179779958	0.04764695398953028	0.3727312866571902	0.9199502555808328	0.12351574754470541	0.35273109112443934	1.0231958174349753	0.08225750100803686	0.4035148321246465	1.0529424230456774	0.04232888902994735	0.40737531352206996	1.053258579606732
39	0.65	0.31691048604633026	0.5297630481553108	0.9499207404194344	0.3233019669442333	0.6932777693843976	1.4177122804195283	0.31657113357476585	0.9015343302095201	1.8323018034257603	0.34594412277484415	0.6987798559601	1.8874470428490737	0.3999921321072732	0.7491100983090494	1.8852173006768216	0.29123987913962324	0.9585726256438243	1.8727859903972386	0.09043466126355645	0.5049838145133113	0.9437550774973625	0.07132128902050999	0.7079166449572023	1.4129358939861574	0.05397057732563521	0.8757078432430055	1.8173103405044457	0.07741337762793749	0.7013589575097756	1.8841848139077428	0.002503033592623124	0.7242699524527043	1.8737335523032697	0.0653953969813559	0.9862299339293168	1.8871673485313334	0.21420176285813955	0.32024756815346456	0.2758100751825101	0.22454171791965252	0.16863182567330273	0.044543474488784	0.21363158841344085	0.12776394339235117	0.20427456038600209	0.3861812856393154	0.37510611106632324	0.3561113313961434	0.42686725711418994	0.4647721498026875	0.6802294940228523	0.37792809430655666	0.41711024523817736	0.9367280411721745	0.3061568092969867	0.37499617754430375	1.0433785223888792	0.3260682248039592	0.3696049231542492	1.086764953107818	0.36960500755535924	0.4488319006640793	1.102766810109465	0.056795921939995525	0.36745291797264007	0.3654483167037245	-0.0325578381758896	0.4511700106785303	0.665830028549473	0.04724637701303927	0.37330419992883684	0.9203478871508795	0.11321051722497472	0.3760057536675659	1.0226054660162558	0.07597565703039157	0.4164695427886706	1.0581716490323343	0.03684550398332563	0.41947251580616896	1.058012015458274
40	0.6666666666666666	0.3163280056969411	0.5269467288178608	0.9456837979516567	0.32608901536023616	0.7074008193707643	1.4194918815082063	0.3166535213538881	0.9016083274217044	1.8324079135363687	0.3418877837748264	0.6970827044069335	1.8871990244769634	0.39615270940200775	0.746395917381555	1.8887272728810178	0.29128689866026786	0.9584123636282661	1.8730540491270635	0.08983035562815196	0.5062014276591708	0.947360123313313	0.06368255759598394	0.7207186847792572	1.4067744415980585	0.05395072504215921	0.8754671336832975	1.817190829561994	0.0765902846629326	0.697775209237613	1.878616197501123	-0.0039039555644426465	0.7386845935762123	1.8786514138994996	0.06143741659643713	0.9849090098838615	1.8870577168118114	0.21424150579961018	0.3201223234458386	0.2758308640647022	0.2245713161328915	0.16703991412447994	0.04176518740352152	0.2135805017780276	0.1276044958452921	0.2043490015763313	0.3861969018142798	0.3749836668900488	0.35616057156338693	0.42725189577509615	0.4633240250896925	0.6767754041725832	0.3867313917648847	0.4055994357326218	0.9357712064997142	0.3067521932420184	0.373080877472451	1.0435290525738654	0.32993760183248805	0.3717144066015027	1.0867796354940231	0.3722875028103571	0.4608093198176855	1.1031774873792963	0.05675280553592429	0.36750683489348435	0.3654370543630138	-0.03907397593416374	0.46385517927710856	0.6651462822481907	0.0412021332948395	0.3826603630303875	0.9205436448037732	0.10243053884061902	0.4011830741478862	1.0290167883731662	0.07548907172486263	0.4169239225647848	1.0583744700302524	0.03561057941388844	0.4213183400410213	1.0543376851167336
41	0.6833333333333333	0.32056444596250727	0.5284020488813508	0.9455943742671109	0.3260889989713779	0.707282645419476	1.4194285960824498	0.3166190646211343	0.9017624842608553	1.832389582663123	0.34183059819759154	0.6978706131553791	1.887415702180406	0.3986766725912001	0.7618816882175233	1.889188515649612	0.2882443709740347	0.9430840991608785	1.8686683457648505	0.09053901032267486	0.5050135668427466	0.9435156187361243	0.06368365433813462	0.720806021597474	1.4067784018469984	0.055116629724068215	0.8739964633729198	1.812692871359168	0.07632659968308118	0.7032779706490331	1.888408115847649	0.0025097811931945797	0.7243158099146969	1.8737894805620203	0.06659636926467159	0.9846306461456301	1.8822747243698883	0.21425835276408162	0.3201525067059262	0.27585785989034	0.22447556600712804	0.16866493637417798	0.04464556728973647	0.21360752452196588	0.12749393603645015	0.2043831401236417	0.3861978665203324	0.3750484278209692	0.3561712016128193	0.43170853583436025	0.45020401872893373	0.6773615132852326	0.38695944135308025	0.4056120882965644	0.9356593976974678	0.3122056801745777	0.3758024854379668	1.0438411383503732	0.3355889735669744	0.3738556301847659	1.0902552158422332	0.3751351071593196	0.47240022218967076	1.103409280412867	0.05672202982198869	0.36756943797900005	0.36542432631025823	-0.039495841955830786	0.4644429067626765	0.6680980150119746	0.03707484774618224	0.37841046345378365	0.9168535655847263	0.0974082684692742	0.40064726895388814	1.0250026972133768	0.07521057859338431	0.41719205121687397	1.0584001561808254	0.0293033196676931	0.43389058972557115	1.055263525171067
42	0.7	0.3209920843935872	0.5310328349186991	0.9497439965319041	0.3260516780157173	0.7072699588373206	1.419524233922772	0.31667205798320963	0.901874647748837	1.8325470467849567	0.3460133450441721	0.6989796497514476	1.8875595243083887	0.39878387442662344	0.7618024447469885	1.8891090383762263	0.2892971587775176	0.9467687379065896	1.8739681467176934	0.09051414621578777	0.5049342636511173	0.9435153825159849	0.06411122418281184	0.7240623937222607	1.4116090307958022	0.05511362175868673	0.8740804122632307	1.8127379265991423	0.07733895941384795	0.7020949744022699	1.8843371487714633	-0.003863567422234521	0.7388287377881197	1.8786487633197944	0.067559343937452	0.9884439090289817	1.8886789355876186	0.2143019891494082	0.32025809828167734	0.27586450191421225	0.22455119166455467	0.16709270162466852	0.04190613627562965	0.21357053182392097	0.1274914086845431	0.20441179145409336	0.38648189286016515	0.37688902633914717	0.3590921002309147	0.4314853393829082	0.451103970690957	0.6805020473749995	0.39434021958136817	0.42083225322614737	0.9394856115453695	0.307421879817091	0.38936732621738346	1.0451795727342246	0.33951013633082294	0.37568616844281655	1.0903197119040438	0.37538580174724734	0.473010716739279	1.1032613673604155	0.05670193843708242	0.36749227597513195	0.3654154068516867	-0.045577204958732416	0.47644690027475023	0.6644469922525744	0.03069302097563965	0.39115662526301215	0.9176695388275431	0.09147539948514741	0.4140906155449167	1.0257410463792789	0.07492763363001576	0.41724586179214906	1.0581629451656416	0.017885498334210576	0.45909791340098893	1.0614263374574828
43	0.7166666666666667	0.32145315302198574	0.5302848968991294	0.9459090693572108	0.3255860251770052	0.7078262382195111	1.4158782725387966	0.3160755051684516	0.9030531033276932	1.8286921457640903	0.3422438867393468	0.6967767442921357	1.8871542152090548	0.3993964607250252	0.7602824731790868	1.8925664603148047	0.28931486307908083	0.947102174196431	1.8737711613985395	0.09063807964302574	0.5047820143797194	0.9431261430683089	0.0640801029540038	0.724305477340218	1.4118479770029049	0.05409437449600828	0.8757768209806606	1.8174822078343	0.07728013854804952	0.7024370473254817	1.8844366367253522	0.0025059225587441693	0.7246174300124139	1.8739644688512858	0.06628022001509745	0.9901243128651116	1.893575332697607	0.2143909208324623	0.32016659475673753	0.2758465911875249	0.22454886129027624	0.16870443901454749	0.04474874909792262	0.21361658554141594	0.12750344928971258	0.20438584817888478	0.386484916945746	0.37687959034342344	0.35905246697709464	0.4318017646994686	0.4503112770435432	0.6772544288320793	0.39862414482723807	0.42269245016905854	0.9393453246371323	0.30984303737721297	0.4020955518069076	1.0459199752097492	0.34378093826616807	0.37691609239740365	1.0906757709902453	0.3783028351455136	0.48527830097919683	1.1037396343576498	0.05685534414131099	0.3667930590051806	0.3625004752261564	-0.045885615244327806	0.47677903187797804	0.6643199919677867	0.02424651476228441	0.40684378015543005	0.9184878586087195	0.09261211826915067	0.42739230804268186	1.0261336249460935	0.07460596489421156	0.41830259347187815	1.0585713948691995	0.011325734096228035	0.47256312530386524	1.0587790118247589
44	0.7333333333333333	0.32148793983909474	0.5303500840474056	0.9458836421743695	0.3248564416965922	0.7047563575581755	1.4108505103114255	0.315953367991476	0.9029809558933202	1.8285104220004182	0.342018085849715	0.6966774387444012	1.8870547686282058	0.39935528112528257	0.7604452488069782	1.8926597766048758	0.288223390072133	0.9433995949610905	1.8686505047568007	0.09063470612975202	0.5050430315820302	0.9433280804622451	0.06416853930722484	0.7238782625118245	1.4115814631644905	0.055168158386239896	0.8741159681228944	1.8127767970014455	0.07724822942171161	0.7025781931776659	1.8843495240109598	-0.0038761464962833985	0.7389736364596063	1.8787741347552982	0.06753729180610407	0.9884564449285516	1.8887033296493163	0.21437970802221434	0.32015449260835976	0.2758452080022032	0.22451736750947554	0.16878091049050642	0.04470476209031479	0.21351895725441783	0.12696952847791365	0.20148830066936746	0.3862071797726352	0.3749563338470633	0.35617108199757797	0.4317627995348284	0.4504823542969583	0.6772819325352517	0.4030665298797059	0.4238846963515657	0.9392554458806459	0.3100947961501485	0.4208254578689953	1.0562386861958808	0.3463506245657806	0.3898851412234668	1.091423163573594	0.3784879399813713	0.4858508809047989	1.1037651468312875	0.05687100787343406	0.36677222939819637	0.3624956511994378	-0.046112548797001024	0.47702147936873707	0.6642733783318603	0.024122810667897815	0.4071636847614943	0.9185610021453253	0.08621553338934375	0.44128008536175556	1.0302638189326911	0.06858663923466787	0.4295531371065839	1.0562759944634728	0.011271020140329954	0.4724920641917605	1.058680983828765
45	0.75	0.3215305140323709	0.5302047986537929	0.9459808288512632	0.32570464467848986	0.7076852492149843	1.4155115761267818	0.31594680783055906	0.9031825149047815	1.8286050195083539	0.34201064234387024	0.69628953542038	1.8868882384218943	0.3993517058511599	0.7602676183278044	1.8926062851547778	0.2912261113606414	0.9588025730379867	1.8727876514304467	0.09066178901134421	0.5048923663225826	0.9433742921268162	0.07035519986182187	0.7091595015113544	1.4045812117364722	0.055072848893664046	0.8741584314398829	1.8126194135048068	0.07726155341719981	0.7025895274654328	1.8844370057173405	-0.003933646691462234	0.7390978118936452	1.8787967715777065	0.06662254758920103	0.9844962517749936	1.8823082424068167	0.21436226584874776	0.32013768526684155	0.27580595349146386	0.22452426065157216	0.16875913124306297	0.04474504034670843	0.21353728486171933	0.12703068854281607	0.20141715004241306	0.38649383445190627	0.3768721252535484	0.3591145956059686	0.43221864885825695	0.4492921147819952	0.6740621012608636	0.40363615729752955	0.4242439012197634	0.9429911155299806	0.3149148012111262	0.40949214685934965	1.0587429519508589	0.3525309220266177	0.404608505394599	1.0956198549022085	0.3823831634544895	0.4876415594809464	1.103608105205674	0.05694629771709398	0.366696039484472	0.3624767922087095	-0.05252503343042879	0.4923810282865797	0.6676320323705537	0.01823212949295306	0.419475717898846	0.9231034773704783	0.08611120920106073	0.4420959347994411	1.0303551985898303	0.06888398889035208	0.42952888541192275	1.059510126586758	0.01117162054277307	0.4726446522402146	1.0587498706380085
46	0.7666666666666667	0.3214362824866497	0.5301958800412709	0.945975689161135	0.32566712009968424	0.7033589543744585	1.406125320356303	0.31599621757092866	0.9025320390460424	1.8282016174983415	0.3420580243204864	0.6971531870844224	1.8872398438224103	0.3994612909620059	0.7601888712069624	1.8926569301267018	0.29129243870390786	0.9587545188840746	1.8721666357679052	0.09062962404518606	0.5047236027474112	0.9433075317291482	0.07087577362614662	0.7084318464113399	1.4086790177385877	0.055159864767838344	0.8743704430243583	1.8127680503481756	0.07656331467593319	0.6990718579766254	1.8788964602715041	-0.002936428868316936	0.7549965405625488	1.8833495151305037	0.06666209629462704	0.9848662932861977	1.8823954688271254	0.21443430172809927	0.31998939555569	0.2757950554082259	0.22455317377472495	0.16875683889394053	0.04475508943700125	0.21351269522491567	0.12702670962748744	0.2014044691565626	0.3862268351689805	0.3749024389039894	0.35612717066253363	0.43203616966452435	0.449497836322613	0.6740498263364024	0.4043022014900673	0.4277515581017356	0.9468971138518955	0.32576689827837213	0.42338225963845566	1.062262823101724	0.3583938543950849	0.4311710368435982	1.0978191741986012	0.38268331385414567	0.48829385355692284	1.103606704182307	0.05700854568421915	0.36655092210802787	0.3625018477080337	-0.052692379050145975	0.4927565412429801	0.6676027464604462	0.017807433566161157	0.4198130032569716	0.9191398937524644	0.0858714409912767	0.44160260905221826	1.0302212803154278	0.06896841130174707	0.4295031085324001	1.0593693332467171	0.011175478093141806	0.4725681902443726	1.0586666830883158
47	0.7833333333333333	0.32144972200424843	0.5300378240614756	0.9458102129868076	0.32567148418903247	0.7035065876787769	1.406352161420863	0.3159312842337655	0.9027076781355277	1.8283491515194088	0.34218180605955356	0.6971565961937242	1.8873171725311704	0.3995002919733171	0.7606450709332537	1.8929774988621952	0.2912330488355313	0.9585812643718166	1.872460354344928	0.09074282401874943	0.5046930353103538	0.9430087103672206	0.070863081075035	0.7083578627573144	1.4086348715632784	0.05511965243503315	0.8740863963311646	1.8126726137455245	0.07714359769381343	0.7024812190447293	1.8844910830431512	-0.0039039629707554088	0.7391749918093271	1.8789247510754248	0.06541290068969052	0.9866339329954468	1.887052037398338	0.21444696192026463	0.3199259478513785	0.27577744647182295	0.2246390627375208	0.16867276913844545	0.044777536083930314	0.21364410057010674	0.12707700027245772	0.20129324590478606	0.38622242186742617	0.37494027462117635	0.35609234365061293	0.4320266293848268	0.4494395384428846	0.6740217304237404	0.41153321808958426	0.441640700149833	0.9468442606002989	0.3300316304563471	0.42441586509368295	1.061639343246104	0.3650980636643821	0.4447705202939314	1.0985227155595076	0.3828333095708267	0.4882365580731772	1.1032714584868042	0.05699412554330204	0.3665495712891716	0.36247876049747446	-0.05232213303167326	0.48993534996038435	0.6676344861613852	0.017529143309095163	0.417286771268852	0.9148578065691553	0.08585201055420306	0.44175816330914913	1.0300552054114525	0.06904384763043414	0.42906580201406397	1.0591587113646328	0.005389492113626153	0.48481457388344606	1.0595847458608312
48	0.8	0.32150044267720057	0.5300738932954105	0.9457284159014484	0.3249033122805683	0.7047724058269057	1.4108513586529956	0.3166094347329765	0.9019380808356375	1.83245993529691	0.34092779580923366	0.6960102416762842	1.8864834341690189	0.3959366439464297	0.7618162213579273	1.8975556698517426	0.29317939088627903	0.9504150012468638	1.8737908636861358	0.09074273468577684	0.5047670213198759	0.9431266326532143	0.07075502359734294	0.7083451461402461	1.4085863436004442	0.054476611885913316	0.8700001373767481	1.8073431624608745	0.07636685395295571	0.7032623899452044	1.8884816497166572	-0.003908464724709224	0.7386178191314315	1.878700742846429	0.06657784744103432	0.9846194638923905	1.8822061472837257	0.21441035095205757	0.32008301486000823	0.2757917209093996	0.2247141565719631	0.1685684012064557	0.044832941151592066	0.21566220860157553	0.1375547926496159	0.19854357281679857	0.3863080692643424	0.3750262744472121	0.35621507512136097	0.4322229407188043	0.4492496562182303	0.6740751920119947	0.4066161013972995	0.45608458511640465	0.9474775469023607	0.33858648515514517	0.42666510005812175	1.0654589240890784	0.36596111721739893	0.44722485745135526	1.1021053907459406	0.386439539916824	0.490030074887479	1.1030339462389644	0.06409338188395014	0.36665461842192953	0.3621603081723423	-0.05281195310240075	0.4904282906050158	0.6635332674342721	0.01686296134360424	0.4150108989965444	0.9068458398640155	0.08638048274189254	0.44096804827540603	1.0263908406297473	0.06951428876876604	0.4288772789632253	1.055991394493993	0.005903411298055263	0.484529424997463	1.056614097875056
49	0.8166666666666667	0.32145214604207495	0.5301818221355303	0.945688569213219	0.3253670854234724	0.7041534967362968	1.4143869809540626	0.31660497082046685	0.9017222140142709	1.8323201386501824	0.34088768857457025	0.6966967065683646	1.8866693894242905	0.39490153213383805	0.7586686428147458	1.8924651428793715	0.29196892756698173	0.9467546470603047	1.8684717383143103	0.09435010831492667	0.5066657454876919	0.942855502272623	0.07074209790134776	0.7085366946048994	1.4087331240885936	0.054506266677342693	0.8698953564591904	1.8072924291864885	0.07638752766342352	0.7032725841286652	1.8885459393058255	-0.003921163559850416	0.738853217891444	1.878798670005783	0.06605009597719988	0.9855935179237746	1.8785309313915979	0.2145199882457579	0.3201162372458282	0.2758092347512838	0.2247632198956604	0.16855560201272302	0.044831742395528146	0.21560452547559303	0.13599967144580974	0.19558023689220244	0.38630740192461793	0.3750844636384197	0.35615311758769513	0.43215600261609294	0.449497593174981	0.6740622472660973	0.41158195889570154	0.4428430428618916	0.9506234774576645	0.33762195127320954	0.43852129279793894	1.06547468459174	0.3685310396675882	0.4597023178013571	1.1029849007631842	0.3902018489573646	0.4915602457920405	1.1028860041147255	0.06411426446859644	0.36658450466170994	0.3621336522606066	-0.052442004963882786	0.489397710563239	0.6600419388433243	0.010673670942380071	0.42738935606100703	0.9070229909400955	0.08632073007057466	0.44108342665379824	1.0262857742916514	0.06918132190726582	0.42909015186865346	1.0527273044411152	0.005897679428886894	0.484467610001097	1.0565641946446565
50	0.8333333333333334	0.32142959534098764	0.5302381169694229	0.9458380540392388	0.3253995812763007	0.7043456628969139	1.4145506989994685	0.31602678448235616	0.9027728384027812	1.82856326609311	0.3408782327436594	0.6955293616329586	1.8861842057019387	0.39489598509398044	0.7582103044665752	1.892138227879437	0.291928447302383	0.9467259617845271	1.86857998664474	0.09431364419695605	0.506632940120684	0.9430082518871126	0.07076191034049752	0.708571448059343	1.4088110585537603	0.0545379535355385	0.8699769337389188	1.8073529491377909	0.07566704205202199	0.6999519162829345	1.8829459128547061	-0.0038965060690798574	0.7387333938399876	1.878716405201383	0.06533505859719548	0.9865857343198275	1.8868847214844833	0.21446181590017516	0.32017979294001486	0.27581236438475976	0.2284269366671223	0.1698613483874795	0.04428436865999201	0.21934502735860398	0.13737607484767886	0.19511557106524519	0.38658719941429165	0.3769346764678508	0.3591626274441186	0.4318705824185211	0.45048831031792363	0.6772656950182098	0.4073564010486511	0.45673662056169456	0.9515444485706727	0.34798764832934853	0.42495043233778795	1.072025288610669	0.36817190158741747	0.45711049970398854	1.0998763066380908	0.394098822571432	0.49330639677591	1.1031016272482495	0.0641074268402199	0.36666981080063976	0.36216294549023453	-0.05243913319391271	0.48912835586069947	0.6600545838109098	0.010634507143419807	0.4274291808755001	0.9071485428583306	0.08628547883874686	0.4413846220093897	1.0263220504363215	0.06926523729384523	0.4292867385570216	1.0526947788532304	0.005309209692732713	0.48543356853087105	1.0595009650718217
51	0.85	0.3217386522111365	0.5287659336977343	0.9420187537514195	0.32702229302232116	0.7059940129302535	1.4149623980455022	0.3220642371486022	0.8853691439994004	1.8233460460582251	0.34140343655068583	0.6959776253273476	1.8866132109203828	0.4013604706381627	0.7448777835682407	1.8918225880072752	0.29316134681124567	0.9502521903495086	1.8737422293313284	0.0912551896398614	0.5034943159066253	0.9395347482917819	0.07081714523759558	0.7083145851069272	1.4086611178054265	0.05407973778576012	0.8754999116857339	1.8171804285615982	0.07653661862424392	0.7033904840722951	1.8885653733948518	-0.0038775105681053954	0.7387445714519121	1.8788044877462406	0.0653300521847165	0.9870736350135768	1.8868599368892256	0.21457667362154936	0.3201541913063891	0.27585305407751987	0.2332921845563063	0.15947267706481474	0.04728425629480036	0.21961851861244805	0.13760750451660292	0.1949127344207104	0.3868720822637147	0.37713374118881154	0.36251968344178614	0.4318878488640431	0.4505054714405711	0.6772741823837077	0.410141916127653	0.46982020111129136	0.9518289264429267	0.3513128244587826	0.43883743782916257	1.0730428810816386	0.36845475975055403	0.4576715614948533	1.0996700762621525	0.3973332281887579	0.5059873536618715	1.1040764468636328	0.06419160842453246	0.36646552529418974	0.3621371335089895	-0.05277919588123716	0.48981549558608933	0.6633021339382263	0.010632599143080703	0.4273541292319823	0.9070003067103807	0.08633194062358776	0.44095737844583177	1.0262458684885691	0.06914668956526486	0.4289394758574745	1.0527082054150823	0.005310778583248987	0.4853679629373584	1.0594701508580475
52	0.8666666666666667	0.31764642657471814	0.5273506334567196	0.9422249510795971	0.326258402225961	0.707167130219168	1.419196600370672	0.3162414168200855	0.9030752424557529	1.8288145401967346	0.3416739052242424	0.6971771904788723	1.8872533122664175	0.400418681293536	0.7636719374034973	1.8979842599715344	0.2932711165053965	0.9507313017036855	1.874027338684075	0.09131507755531065	0.503303370164735	0.9395879874008507	0.07099872766660585	0.7080006351495379	1.4086301400987413	0.05339904500722393	0.8719204470553241	1.8119905863795527	0.07643385194744376	0.7032508966702457	1.8885863975767307	-0.003874329707574266	0.7387256177110697	1.8788282835962444	0.06531411574068323	0.9867254095028104	1.8871051215818562	0.214623543489418	0.3201258554973531	0.2757988321165924	0.23340387556873046	0.15940482822112695	0.04732331015453357	0.22339131715281327	0.1391591916879736	0.19432748143212436	0.3896012485402103	0.38816716505785265	0.36050356876979117	0.43210348285264755	0.44945525012326015	0.6741852067077189	0.4098216749593639	0.46980159652059283	0.9518215314967903	0.35207887887462447	0.44222669134075854	1.0808613362872144	0.3733577866902341	0.46144394799185906	1.103133092022645	0.40128940005732777	0.5081012618291638	1.1042430800789498	0.06422878898170506	0.36649440740124967	0.36213227257754466	-0.05246097049119687	0.48903574359020524	0.6600128830099719	0.016593944514289638	0.41218647332201913	0.9026005091974117	0.08432376120363573	0.4269416378298107	1.0256110066959123	0.06858461959713051	0.43001342529701353	1.0560685765323172	0.011078944023275835	0.4704376465011671	1.0543859147219223
53	0.8833333333333333	0.31771057534571295	0.5272698725905692	0.9422822339498766	0.32545170196976597	0.7041808761432214	1.4145931300042938	0.3225446260218193	0.8839151823392456	1.8268266015884727	0.3414580678213561	0.6970974506446131	1.8870849082623846	0.399269544311252	0.7603235080130913	1.8926823379495168	0.28816228122168186	0.9432758451984375	1.8679773245381937	0.09136456238271722	0.503370515013556	0.9394446667359243	0.07755808492960536	0.6928321780099221	1.4057682517677934	0.053401943783335515	0.8718515629927979	1.811917556915977	0.07638198376048767	0.7028768951415594	1.888566312563879	0.0012807688331317186	0.7260500604138429	1.8778851697034808	0.06535638984708214	0.986864952540134	1.8868749480974207	0.21989945234097535	0.3083148488789114	0.2780514858313563	0.23546096147653817	0.1698848437382843	0.0440326001991035	0.2235457473672255	0.13926737412903042	0.1941642569784656	0.3941298602655346	0.37554632771201724	0.36253695668291674	0.4321535063582908	0.44946815320888206	0.6742296385098465	0.41059678603901895	0.4717605703673344	0.9554706977470324	0.3503112372278054	0.46867697391157587	1.0875701726517093	0.37561434435475793	0.4743296604738201	1.1040713149264068	0.40634340761160803	0.4957593578171796	1.1033949485093415	0.06429668042840272	0.36655760828363554	0.3621157183301916	-0.052454813262191924	0.48926069929480226	0.6599165644967241	0.010453619395479407	0.42456685638165753	0.9029963256587604	0.08460507813943291	0.4264989245660317	1.0256978978569453	0.07411505057174922	0.4189054911261535	1.0552242251472372	0.011211178592278707	0.47023549772073026	1.0543844757815484
54	0.9	0.3147643668717534	0.5154037351626415	0.9461007117539889	0.32952831561249707	0.7058815845103426	1.414815499212347	0.3224369840021875	0.883833398879081	1.8267366793630955	0.3414075701646528	0.6964651393620421	1.8867724047020928	0.3992614501160062	0.7600527848790368	1.892476435782753	0.2881299983480716	0.9430816253357511	1.8680437826876723	0.09133659026523996	0.5031866876636742	0.9396464185423908	0.0776044357070387	0.6926166252281408	1.4058159180870151	0.05346252850293744	0.8719542428488412	1.8120991775425497	0.07656433298851603	0.7031688560559398	1.888577359559996	-0.0050431162204933	0.7403953019269892	1.882838600638812	0.06474156945738768	0.9879143113110667	1.8834880594367118	0.21990012826909872	0.30772518790498843	0.2749551588992294	0.23561574572541485	0.1697893627509997	0.044070904251107004	0.22357471402600101	0.1393693715276038	0.19416525148619973	0.39411830363262285	0.37557190457030654	0.36253540345470414	0.43178688886723704	0.4505649245859745	0.6773799842970533	0.41065938319390743	0.4718935620984856	0.955525512453116	0.3508633337197031	0.4676394566578579	1.0842616005208745	0.37570139777418127	0.47409343826416317	1.1041027513943844	0.41013528208576494	0.4974309210820472	1.1034698922747512	0.06443656537340625	0.3643342698249058	0.3589885181858636	-0.05239003375326253	0.4891039958804547	0.6599249024669097	0.016838914609134274	0.4146041352686674	0.9064929828126917	0.09181191051078592	0.4255905415682198	1.021828871304999	0.0742443389878264	0.4190770398328313	1.055212885371578	0.011207657907128535	0.47018707977462637	1.0543654795840196
55	0.9166666666666666	0.31737899757332516	0.5282209335489616	0.9461994403275422	0.33034716711658296	0.7089408092222024	1.4196469491279413	0.32190999169582674	0.8851964690186369	1.8231718131527024	0.34141896763796414	0.6973705195262854	1.8871423737419728	0.3993058268646954	0.7605933022774419	1.8929013858993364	0.2881386153910366	0.9428828728463226	1.8681357838095614	0.09144654962944261	0.5031559982646399	0.9395410092828075	0.07759169788572393	0.6927160615674224	1.4057258683435998	0.05402342141914521	0.875636209260581	1.817292458761922	0.07570220528543924	0.699434864329746	1.8828047076440084	0.0012668191129013252	0.7260674711861327	1.8778708367572678	0.06531753988098281	0.9866917250221126	1.8872023790770722	0.21997426753973207	0.3083827016321039	0.27799374646621033	0.23563814284584655	0.16991336111093505	0.0439481917070297	0.2237532463936443	0.1387084482439471	0.19421134171620028	0.39391246635951527	0.3755121646687523	0.35910033516670464	0.42752069815071425	0.46392798012299563	0.6768807519362742	0.41040910693432775	0.47299551423517977	0.9592407259717736	0.34958262829463344	0.46968954695055926	1.0831067513132415	0.37559598971037145	0.47441780559295305	1.1041753002237231	0.4102821513996012	0.49755553400383384	1.1036186201262204	0.06422540013719952	0.3660783537327756	0.35855523411963597	-0.05200179103608808	0.4880264052294371	0.6565832020599799	0.017412115375651106	0.4134172647672369	0.9030701796840253	0.09061080509176728	0.4132396807893036	1.0212861239812439	0.07496129620565116	0.41761241349583283	1.0517081864773992	0.011393320827973473	0.4697594587867757	1.0541703737701886
56	0.9333333333333333	0.31730993944527813	0.5283198638895036	0.9461728468159515	0.33040954470227757	0.7088406886058928	1.4195155169386784	0.31592720902373117	0.9028751850856359	1.8285130321438656	0.34152460946794166	0.6970068372420484	1.8869615732734752	0.3993303734169095	0.7603484542226568	1.8926100626422684	0.2880573237943547	0.9430785742866657	1.8680570042695466	0.09509786118784071	0.5049537151495019	0.9392837239973185	0.07772788235391281	0.6924267298352836	1.4055655366752517	0.05336061604273958	0.8716985320271492	1.8119113888890486	0.07568079636997582	0.6989991724895436	1.8826685822554172	0.00128639376113419	0.7258032915528977	1.8777723485413382	0.06534859166152601	0.9865196775809466	1.887144217128629	0.2201125469195132	0.3078337979593041	0.2750364805706211	0.23914787328046527	0.1712854738387957	0.0434346323336281	0.22387961435041068	0.13889272951102777	0.19408938192481212	0.38953727607307614	0.38809785863013396	0.35707535464112933	0.4274422204619665	0.46401689875110036	0.6769545182304633	0.4104327639650691	0.47320801871332274	0.9592647404912803	0.356150557233734	0.4704281748096576	1.0857867092191733	0.3752533351941249	0.4755569651842283	1.107302311926973	0.4103784384640607	0.49840196746213894	1.1038759305425718	0.06989804782051534	0.3543483428868673	0.36049343743778	-0.045914785245080685	0.47614603755255447	0.6605388754696151	0.016929879023336983	0.4142518285340435	0.9065878159472265	0.0921695846167689	0.4279778583267037	1.0252330972821675	0.07498049038866132	0.41778813023553046	1.0518390953214984	0.011553562241231195	0.4722844958681835	1.0583425590600577
57	0.95	0.3173679626398823	0.5281972006408576	0.946164928936467	0.32625158428543993	0.7074504529564811	1.4198189557592205	0.3160772732837074	0.9029507694799331	1.8287017281241815	0.34144759230984384	0.6970589111473956	1.8870830585655507	0.39936352844092743	0.7605515418752372	1.8929536566242988	0.28915810495127675	0.9466433245661154	1.873034589868601	0.09512786661359669	0.5048126249839031	0.9393448579646367	0.07773528012395693	0.6923913281680091	1.4056784211194115	0.05340998630419189	0.8716641912475342	1.8119545424717245	0.0819499595364738	0.6837829244088375	1.8774102451777688	0.0014163177546089724	0.7255311240872293	1.8775975698286929	0.06480307027711163	0.987416203197641	1.8836440178527292	0.22385240928843878	0.3088431587544082	0.2746875380230881	0.23928060754176875	0.17110195817117685	0.04345375188149085	0.22600702724313756	0.14943413421594337	0.19129435525620497	0.39396921945422286	0.37566494834698216	0.3591546951818335	0.427498903401851	0.4640032085473214	0.6770049312013292	0.4149279259355568	0.47481285951329194	0.9591685272716652	0.36027467906035116	0.4578771318240529	1.0875615470292268	0.375427759970849	0.47486403939183625	1.107303991999674	0.4113332349576862	0.5001534841689063	1.1071437166526195	0.06993559475396792	0.35424896669606815	0.3604344333384935	-0.04576374483954941	0.4762205227871431	0.6606618653924577	0.01741883625539676	0.41396582042895624	0.9104423008859561	0.09201317776756548	0.4253019607546386	1.021779241439585	0.07432460017878682	0.4187422089909042	1.0552451204353666	0.011569035528829123	0.47236985390270625	1.0583374066882012
58	0.9666666666666667	0.31788563406511666	0.5308420847004743	0.950305403958425	0.3302575724629719	0.7089734925072528	1.4197869882001777	0.3219979860835843	0.8850779150604073	1.8231286694582316	0.3415415982532702	0.6973993572665832	1.88723451965465	0.3994441322570817	0.7603510201909688	1.8928612278366044	0.288167498158515	0.942993554829449	1.8680073329589668	0.09460210131913974	0.5060843841174345	0.9432635078945655	0.07765224514369591	0.6926030513955183	1.405808321689091	0.053452484561368224	0.8717946735182616	1.8120770880769899	0.07564853192536454	0.698830272463129	1.8825872235416834	0.001369784954376624	0.7257624592615792	1.8776757359711667	0.06536623237680396	0.9862878098847654	1.8873298431200172	0.2240009808499204	0.30920552533212614	0.2777643618396574	0.23923691239569017	0.17137059933448998	0.04337238769206949	0.23274108994191833	0.15002864831302182	0.19082153042189018	0.3978335105685079	0.3779471322048567	0.362297458373756	0.42728157261057303	0.4648114860349672	0.6801463890958106	0.41476504882222703	0.4754210262388036	0.9592532854368698	0.3603481980288077	0.4578711212372864	1.087696060462157	0.37551872850242113	0.4746968332970948	1.1073595529686906	0.4108637632154406	0.49764285721675006	1.1036342907296701	0.06997395927352275	0.3542349798219381	0.36050325476571915	-0.04513598810420716	0.4748949568757844	0.6577436671468524	0.01746387140937816	0.41404262655780605	0.9105976980910083	0.09233188584660643	0.4274251113371479	1.02546071742672	0.07443513570033003	0.41856614872989345	1.0552259171676568	0.011549364035104577	0.47243642687324183	1.058377665686587
59	0.9833333333333333	0.3224346641131258	0.5316715889672166	0.9500165092713415	0.3348131732787505	0.6906686225964777	1.4121670190318285	0.3219591802475096	0.8848508815593007	1.8230221122019312	0.34163689585991336	0.6975628188056455	1.8872975766840439	0.39945124157070905	0.7602644601063869	1.8926835506168616	0.2881800599355685	0.9427728237111458	1.868102320686925	0.09520104286491046	0.5048661637421217	0.9396106937999487	0.07775426179013549	0.6923089809767367	1.4056906610957915	0.053427209844475756	0.8715025582785937	1.81191551595546	0.07559630673424682	0.6989608319833789	1.8827145783387333	0.0013333933633086807	0.725854194172365	1.8777734962429191	0.06532242241782034	0.9864334514093088	1.8871410360489407	0.22408093583719618	0.3091741222835202	0.2777480522036717	0.2392819829080423	0.1714934232742843	0.04326118450095256	0.23657917921385735	0.15182565472177362	0.190106283081475	0.3981763892722934	0.3775864570732995	0.36212817215909454	0.43187687842032635	0.4506664596034619	0.6775690402286345	0.41767235424292287	0.4876943669036305	0.9594093579095294	0.3646058264554723	0.4457405578916703	1.0898865233942696	0.3757777167646211	0.47426377802095615	1.1073926064800403	0.41134007210645673	0.4972790063541729	1.1036111482191449	0.0699452295460528	0.35436903627978666	0.36045845839305396	-0.04550572695600241	0.47545306761477746	0.6609163317432319	0.023685617260275404	0.40144883232502204	0.9103351837234637	0.09241139196133093	0.42710814270259045	1.025500973252094	0.07436932180673857	0.4185186035247515	1.055317818686367	0.021705014168972216	0.46109559746871015	1.0571178777704597
60	1.0	0.32243077934434766	0.5326025416917806	0.9575903435043487	0.3356616922415644	0.693492639257751	1.4167675458295657	0.3161502813941741	0.9024552145887512	1.8284824430398676	0.3421770011592805	0.6980526716284337	1.887861198642039	0.39770226093366196	0.7497244792678737	1.8941154456835858	0.28806554881438373	0.9432297180405583	1.8681149155052776	0.10057673634087073	0.49320788992604575	0.9428123414372025	0.07603798527144393	0.6781025908653757	1.4038606799939015	0.05340522332181758	0.8715210512822363	1.8118786440527792	0.07628506451572016	0.7022684850549896	1.8884227981033215	0.0024996051764695983	0.7241804710521724	1.8737884769566433	0.06270129895969269	0.9682568731422527	1.8785421835017313	0.22413406352524892	0.3096435032306658	0.2777433756808252	0.2393714436101172	0.17127200497348719	0.04331508769572935	0.23876185340716763	0.16228570033666573	0.18722624306579772	0.39795247637925407	0.3774578688361584	0.3587458705696921	0.4301569181806238	0.47658944931391933	0.6760243512047119	0.41774330823206585	0.4882254297613764	0.9593265001423863	0.3651444321513811	0.4454134295091681	1.0939272195792642	0.38009656686959564	0.4614065545078616	1.1061712725251578	0.41127730078097396	0.49750414645481583	1.1035189541148485	0.0642026510645817	0.36712146368012	0.3614606990052139	-0.044943633073359836	0.4752034564365268	0.6651294242477405	0.027660962196706912	0.4060793454138514	0.9140376816583996	0.0920988904493608	0.4277407721587071	1.025337198683697	0.07494684952728252	0.41808226219410266	1.0519577638352102	0.01565207750962633	0.47372744643210557	1.0580924458167595
61	1.0166666666666666	0.3222723954931879	0.5325029927071865	0.9535914091505996	0.33026202996876514	0.7086385304657995	1.4195623542550073	0.31612830051777113	0.9028207029540616	1.8286726837277831	0.3418625775057216	0.6972126164982472	1.8874017064023658	0.39751569651803925	0.749368128355581	1.8938895360994978	0.28916333495853386	0.9469843848002425	1.8731503119283899	0.10071182536195933	0.49310806774421406	0.9427544427559831	0.07775749507979504	0.6924436982910027	1.4059178856088486	0.05338498385466674	0.8717485062565938	1.8119766438085683	0.075605461346018	0.6984528338492156	1.8825638102402913	0.0025348856391852123	0.7239505000038796	1.873671419411572	0.06266989544023367	0.9682408147004516	1.8786937463452302	0.22419216315481139	0.3095247984199927	0.277745777550804	0.2394138083866269	0.17129669890710486	0.04331696905558616	0.2388925401459937	0.16227099695550531	0.1871895937470073	0.3980615002708272	0.37806687069257044	0.36223678286907	0.4345664420504676	0.46318604629956156	0.6766151367730079	0.4183659304163852	0.4868393947349835	0.9555348028285046	0.36490182005260574	0.44559371102869905	1.089915990504865	0.38026865742519483	0.46125933566644767	1.106103363575242	0.4144004723386981	0.5096041059960705	1.1041453775056789	0.07006231554813654	0.35431947784932016	0.36044820944004174	-0.03893351891237916	0.4628511268439646	0.6617698426939613	0.027815186133910767	0.40574577090581576	0.9141040798385848	0.09234445489296689	0.4271680037160387	1.0256175270926797	0.07430292219732793	0.41876148831468285	1.0554293141395654	0.011533711586694044	0.47252237271575026	1.0583489458939304
62	1.0333333333333334	0.3222749762664027	0.5324845682923901	0.9535791925306015	0.33565812936796924	0.6936055867426114	1.4168380786338615	0.3161263992440353	0.9028337663016783	1.8287074678948532	0.3416792942709287	0.6977289324817723	1.887503323245431	0.40040854884943716	0.7637437847961548	1.8979651908194117	0.28915399813310416	0.9466664469534579	1.8732623334639615	0.10067809573536375	0.49322727421482915	0.9429071502571206	0.07775698837765779	0.6924559509232497	1.4060548671108473	0.05400422962303611	0.8754572471053034	1.8172165007728638	0.0755607895367423	0.6987108141152323	1.8826321004849713	0.0025418104321929965	0.7240643412109542	1.8736910704199856	0.06271056885728171	0.9683248345565648	1.8787539492630525	0.22633707135888012	0.3211122992157813	0.2752469200061179	0.2394258941060836	0.17144853180566322	0.04328037666782403	0.23895808906952315	0.162045273549843	0.187192987271597	0.39844110980466696	0.37822101075176945	0.3656552440007243	0.4388632729306821	0.4644687860843279	0.6796136626043884	0.422935014632211	0.4758751703727567	0.9619577975627297	0.3653226961978457	0.4450771688971296	1.093827563361706	0.38027537019614027	0.46118727448521013	1.1060519568019913	0.4115268168387097	0.4968485390971598	1.1032890716465016	0.06997248089770482	0.3550557199023537	0.36340529995173165	-0.03926393155411426	0.4637110995744711	0.6648301266361949	0.03400558473112575	0.3931821550770269	0.9136477704106358	0.0982473959848962	0.4135794873776262	1.0248142722254632	0.07452898615383441	0.4184398536262831	1.0554316830542148	0.0177607627954029	0.4598061311003111	1.0572632085069809
63	1.05	0.3222491583190165	0.5325390621638788	0.9535370090713042	0.3357286648431034	0.6937835759771256	1.4168501033331402	0.316192977087296	0.9025820508381154	1.8287185408074436	0.34213393953424776	0.6962806071994325	1.8871259153955504	0.40056777263522286	0.7632026634356319	1.8978175891019065	0.28914731228959073	0.9467016709973949	1.87348981013684	0.1007450176689308	0.49309646736790935	0.9428432145708402	0.08491757638058878	0.6801919431010239	1.4078625763997388	0.05393984753317017	0.8755581572007848	1.8172906131931708	0.07557079395616964	0.69866966533324	1.8827089961249641	0.002514515559514903	0.7241448862167419	1.8737273979981277	0.06263796114744893	0.9683012025545934	1.8788905409100376	0.23151496735993252	0.30931124056144726	0.27754148006798	0.2394111776863827	0.17177391197279043	0.04328662341471603	0.23894807440390914	0.16171713986012975	0.18407094510191235	0.39852595976627375	0.37814459395893574	0.36568103224285076	0.4395592092292767	0.46671466961728464	0.6871486494183722	0.4229976166923951	0.47549902687437956	0.9620588070586064	0.3678024658761536	0.4572270618026898	1.0945780113688492	0.3803512857380379	0.4613733938768937	1.1060610354042275	0.4148358216491869	0.5092785216451161	1.1042578934357719	0.07007745601398879	0.35498551764292857	0.36344332016004194	-0.0388216688155622	0.462540382782044	0.6616419392025108	0.03404996611096351	0.3931098407515719	0.913635289200521	0.0968446697440459	0.4012322629737278	1.02429178654456	0.07444106208977487	0.4185356085399717	1.0555522476271673	0.0279286464206636	0.44826653809396905	1.0559860718621328
64	1.0666666666666667	0.32274478754900804	0.5314459422485842	0.9499762087025804	0.33576178156192027	0.6935906633880013	1.4167721107414444	0.3162029237137932	0.9026631635886786	1.8287241156305059	0.34165954916638364	0.6966997208527245	1.8871232527481356	0.3974931707377954	0.7494586922288781	1.89397041478236	0.2891813540686768	0.9467577084688888	1.8732796273348464	0.10079125162123088	0.49307269659996056	0.9428538239330736	0.08500627838528292	0.6800497074642984	1.407863044645679	0.05398423447306105	0.8756040749087155	1.8173066944320582	0.07554420108022109	0.6990341292968265	1.8827544960981402	0.001337969243128997	0.7258216847416713	1.8777227051335197	0.06271884697932686	0.9681607861111857	1.878800759440304	0.23160584229495454	0.30945011221924784	0.27754182632757685	0.2395439296098855	0.17172028866249686	0.043350035571432216	0.24092685148492013	0.17226823247443918	0.18134995833414186	0.3983332044330047	0.3780267216345817	0.36218766885213594	0.4388492648533382	0.4646578933267014	0.6798484508392026	0.423088771681508	0.47582597823060896	0.9619523188417133	0.3674768914359363	0.4581939287193857	1.0905097863527409	0.38044517919265236	0.46180251004798584	1.1058498170674134	0.41491256459817444	0.509636373789215	1.1043812071012693	0.07028843067848353	0.35532955162527136	0.36707043093355624	-0.03916876728972059	0.4635240577969539	0.6648662324708182	0.03435437175620817	0.3954267996663492	0.9175768919463887	0.09089057313009447	0.41416346599079734	1.0286182216801207	0.07439299446786772	0.4185705304496154	1.0556486123353919	0.023947016689557232	0.44695359497923715	1.0562380579059518
65	1.0833333333333333	0.3223353096584174	0.5325037621442825	0.9536069613228005	0.3304467984490706	0.7090223526928413	1.4197556466501557	0.32304974464058883	0.8884265987412928	1.8286469302033455	0.3415792067870781	0.6971226184791968	1.887192294683126	0.39744617737487226	0.749364160914153	1.893820144387943	0.28907480402446173	0.946689904439372	1.8730136281871659	0.1008018946349165	0.492985555018932	0.9428825803116853	0.08338529649200685	0.6656685637277214	1.4058066969103202	0.052820953203590634	0.8773516988653336	1.821957872650329	0.07563356893111345	0.6987764374456477	1.8826131628119238	0.0013636777797031456	0.7256411201584791	1.8775830285863488	0.0626047110801432	0.9682384315690905	1.879117728661753	0.23167867244354792	0.3085775234158928	0.27457918053392266	0.23956725160886003	0.1717470453661275	0.043407305818606884	0.24098548975419684	0.17246021988688298	0.1811991782031798	0.3986033235906518	0.37825994796551166	0.3656677088183418	0.4437409857501472	0.4530271192099514	0.6838780161661787	0.42325979206176945	0.4754179421284251	0.9620310226451378	0.3678745584506199	0.45792576193909396	1.094505929519482	0.38057861602428344	0.46171349602242173	1.1059686367298938	0.4155535966684732	0.5120638503277206	1.1079332481739184	0.07015251921954181	0.3549741033559468	0.36352937005143565	-0.03264875302024034	0.4534428450522967	0.6693852817672988	0.03443757620809708	0.39552256790548723	0.9175999412559281	0.09711364961714752	0.40070043847917913	1.0245919363728042	0.07516077841743632	0.41784602056084835	1.0585243008882417	0.030091843992531706	0.43453475723912655	1.055148104385215
66	1.1	0.3223780469202181	0.5324690273944316	0.9535756435902336	0.3357957488403993	0.6938402488341731	1.4169116491975104	0.317175988659235	0.906132473992332	1.834085447738327	0.34155274110721845	0.6971195229632999	1.887239321035679	0.3974000970546221	0.7495647174618185	1.8939295553471465	0.28904451232802875	0.9466399155666183	1.872983626437455	0.10022129440189384	0.4942260569539544	0.9465636838101732	0.08331206153169597	0.6658468474547697	1.4057845594401004	0.053913528096641794	0.8757820555803456	1.8173008990553432	0.07567827612379685	0.6994667672062063	1.8828178475527417	0.0025554976532411143	0.7242080983374731	1.8736922435120995	0.06264160475809903	0.9683137941177078	1.8791697644891678	0.2317468758183719	0.30857386782552343	0.2745956604720767	0.2398114624499713	0.17196102497208907	0.04641482439864795	0.24103800723233784	0.17241704725300436	0.18119042710339872	0.39862467418502195	0.37841373132169687	0.3657719284104257	0.44343577940031675	0.4507680702536582	0.6804028380979721	0.4234761940322805	0.4750983798068319	0.9619152926375671	0.3674817207822964	0.45849391290047686	1.0905184405016102	0.3806741295710131	0.461813683952684	1.1058708388517033	0.41932169151744203	0.5121184108186261	1.1046103603129684	0.07405653927663086	0.35677732578084426	0.3630385452429439	-0.03265984758955234	0.45342104252302384	0.6692677406884712	0.034434398076568624	0.3956037469911855	0.9174686905332063	0.09709163661915356	0.400410400834959	1.0244684472909682	0.07487166355736978	0.4177220615209847	1.0551010738907531	0.030019194054453833	0.43458583406514967	1.0550370669566287
67	1.1166666666666667	0.32205517909169556	0.5333197663256285	0.957210307732279	0.3357897794438532	0.6936506129379938	1.4169240109347987	0.3157976492519737	0.9029785806540453	1.8284578214825986	0.3408311505466268	0.6957649160259249	1.8862882364378462	0.3948228554406947	0.7801964821059716	1.9032310812893944	0.2877746096785272	0.943355088690725	1.8675774361915776	0.10397806165076673	0.4958233377258023	0.9465088229783074	0.08505961746532396	0.68005719760096	1.407999380323954	0.05576461744713264	0.8779498602656125	1.8179258917840655	0.06984994224883923	0.714527660108123	1.8841728301133727	-0.002804162465243668	0.7373970576198233	1.87455818539436	0.06364429443761342	0.9721696005064716	1.8851472344765354	0.23181598693467856	0.3087093762063236	0.27457508688005544	0.23989251219741792	0.17195700113509793	0.046668371016427034	0.2450319426066175	0.17419204978850392	0.18386165120854767	0.3986796108154807	0.37829444675539725	0.3657207166179589	0.44790016998568505	0.43721546430100555	0.6809184513098747	0.4262010079956516	0.4880377247679867	0.9621115089739148	0.3716985535765242	0.4591954360696366	1.0902353650592291	0.38084786282977484	0.4617317160563943	1.1057177393860875	0.4191724824995818	0.5113343853310744	1.1042374552775944	0.07412502145624614	0.3567694771804048	0.3630279890859028	-0.03330279199179933	0.4542484984215669	0.6685235406135314	0.03457807879654497	0.39540207014282736	0.9173991449534424	0.10410758141760536	0.40074916644047887	1.0240346302895709	0.07509675407954934	0.4177634028228697	1.0551153264609845	0.03418035968605167	0.4352346341522471	1.0547619775557742
68	1.1333333333333333	0.32205295938193734	0.5333583830775417	0.9572270389037302	0.3358151704647358	0.693752892125899	1.4167924173388775	0.31598635235854383	0.9025638912653693	1.8283504220388247	0.3408795939844548	0.6966389231625729	1.886693270413715	0.4000659973036786	0.7637438651739031	1.8976418903565915	0.287898771077935	0.9432673821434954	1.867710986914782	0.10438710050704526	0.4954555777856486	0.9499762034459431	0.08513696163818528	0.6798149894693842	1.4078940380536158	0.055115864753759444	0.8741711739624031	1.8126879568199488	0.0707739411361067	0.718181306451004	1.889943549715874	-0.0027333451387712322	0.7374263376810378	1.874616561905444	0.0635881462511903	0.9720039153789694	1.8850638856712958	0.23185169119011564	0.30891522927544796	0.27456035656762	0.24199899101182962	0.18233629297396303	0.04351090010039267	0.2451352758182113	0.17394595603000698	0.1839940550874302	0.3986974566223776	0.37855602112092723	0.36574708620846474	0.44851159277051067	0.4392648364848912	0.6844267683937267	0.43065590276831345	0.4739606288731581	0.9613693965566372	0.3722602487261248	0.4587201073323371	1.0940627446706463	0.38105321816964344	0.46177848172230057	1.1057926431836869	0.42267216917973616	0.5237960679525264	1.105097872870351	0.07419342586661516	0.35670349283902214	0.3629625590588589	-0.032525709549538026	0.4509234294795859	0.6652360727973893	0.04030468319058666	0.3808373340424229	0.9131019936405789	0.10262839001047667	0.4145674885423346	1.0248093259435394	0.07885083392670487	0.4188805043161555	1.0549593245121138	0.03027640794761758	0.43410387577921034	1.0550231683852336
69	1.15	0.3266306942889153	0.5342685147517229	0.9568350864329834	0.33585555243733606	0.6938381955890534	1.4167818801630552	0.3159267421248805	0.9030803061756187	1.828606811409792	0.3414838759560524	0.6955247196578866	1.886539951016832	0.40025668241779194	0.7633399266837295	1.8976192236184937	0.2878190283183073	0.943553956215229	1.867729284697273	0.10409953803421049	0.4958688163556538	0.9463990711709851	0.09205175432322148	0.6643805462546191	1.4089393711036071	0.05507183849200222	0.8738748690488342	1.8125804113245367	0.06981041558820508	0.7190627623318725	1.8941487909542394	-0.003900222359197276	0.7389943406611394	1.8787590792056084	0.06397502117266961	0.9663853815908262	1.8738632026050852	0.23190346726800176	0.3096615209614469	0.2775843285968159	0.2421383127027546	0.1823776627018657	0.04345178140966475	0.24992767356212836	0.16320365437493978	0.18657461726211297	0.39873934234201186	0.37863639356833084	0.36570225797483646	0.4514681520764734	0.451679479869377	0.6834578063287005	0.4307884228132371	0.47344454498667526	0.9613982744704475	0.3718038310605806	0.45903060561232556	1.0902437172251143	0.3809622230460805	0.461552612788038	1.1058231454317626	0.4198122969433742	0.5111069582515086	1.1043585804305611	0.07418165425724504	0.354894576474184	0.35980663690638787	-0.028570535689561066	0.4521903374112801	0.6649127201383043	0.040372069993341864	0.3808773328342304	0.9130644494365214	0.10830622230671558	0.40196938945373994	1.0236548081440968	0.07908583586512603	0.41866734900293556	1.0548580031008028	0.04022455583341567	0.4230918305239026	1.0537342687885352
70	1.1666666666666667	0.3265896024804233	0.5341229169621872	0.9567003857488824	0.3359197495849366	0.6938950942739437	1.4168160830612206	0.3164663584163646	0.9015261782870589	1.8322618751120856	0.3414223128359298	0.6961553085735346	1.8867004230806588	0.3960016923140041	0.7618732941379615	1.8975245873380204	0.28789676537320485	0.9432602837746548	1.868051621486409	0.10408418444590954	0.4958272196269278	0.9462638077219951	0.08987018956924954	0.6506952775705869	1.4029049846000137	0.055164556246711856	0.8736806156516713	1.8125254395029942	0.07094145133107888	0.717233529307351	1.8899026729017006	-0.002783048891303375	0.7373144518143124	1.8745620577701376	0.0640636477341217	0.9664237158558137	1.873935670355289	0.2319897394555875	0.3098770752056801	0.27769743057700697	0.2421932787192226	0.18241800988830112	0.043497325359269624	0.2502919552075552	0.16364363872025287	0.19001469008690658	0.3987973024387421	0.3786906060956785	0.3657108582849617	0.4514272655531992	0.4518929244016022	0.6834474474614148	0.4334353372207692	0.48603704152122806	0.961575488576128	0.3723043967550908	0.4585090204566218	1.0940577698284188	0.3810113299943643	0.46161038510101254	1.1057219936704434	0.4207349611814013	0.513864055701254	1.1078046305490776	0.07429059544752839	0.354946982530669	0.3597567854644518	-0.0281459199690242	0.4517296395941784	0.6617677551355061	0.04047556445704495	0.3809226899180413	0.9129692437341418	0.10839869468095184	0.4022113353063953	1.0235738271019283	0.07964773596038181	0.41879823890947454	1.054750196799724	0.04051226396376446	0.42302824930578536	1.0537691679303183
71	1.1833333333333333	0.32662473275835985	0.5339957379973557	0.9566926851700642	0.33606536876493537	0.6936497040874725	1.4166456811366621	0.31591190302864486	0.9032635948573234	1.8287994641269867	0.34174415484052045	0.696692868285162	1.8870173449680039	0.40030670876923496	0.7637535095932851	1.8977878880604104	0.2889641870305023	0.9469661254774636	1.8731827168852275	0.10411641178011517	0.49593768879580186	0.9463322848885863	0.09167454451543118	0.6645867673382301	1.4049548919612196	0.05420117842958776	0.8753765274560482	1.8171868492986212	0.07104772761569479	0.7175818261593587	1.8899177827158855	-0.0038852945850412247	0.7390619263470379	1.8787041678081393	0.06284010254298926	0.9681998829109796	1.8787337039258962	0.2319927097732407	0.31001539700382486	0.27768776827037117	0.24588500011913203	0.18348926071936847	0.04312066778606169	0.2504715332854265	0.16390648272245079	0.19297777927643217	0.39882083653129863	0.37868057785855996	0.3657901421862084	0.451271807115081	0.45172399274878994	0.683456226819274	0.4307527024631685	0.47332448531817584	0.9614642397627933	0.3729056559385469	0.4579631235578566	1.0908755876624818	0.3811661007541723	0.4622019837816824	1.1057714247387787	0.42422677518450147	0.5272394870923564	1.1089531819795762	0.0743104647584855	0.355142105174729	0.3597354756710153	-0.022158194814971444	0.43991865857576745	0.6584851939687266	0.040572305216586314	0.38090731361138735	0.9128876278151045	0.10843373094524307	0.4022412919324779	1.0234837647106891	0.07968921876234611	0.41890085349629114	1.0547999409649964	0.04064912900818966	0.4229563947179136	1.0538289379040817
72	1.2	0.3320613803722688	0.5192955310748913	0.952366693499746	0.336439806943319	0.6929397723900381	1.4206625931126726	0.31670686054458336	0.9016859278114836	1.8325466960515948	0.34238425594257765	0.6955034112316402	1.8869312264857685	0.40072407927438436	0.7630897394011884	1.897864147111187	0.2891187228057525	0.9469888936237415	1.8735189474046183	0.10808269871348511	0.49753369213647175	0.9462485174765168	0.09218804108325464	0.6640406193921174	1.4088702413965049	0.05411300123004222	0.8757709159844403	1.8173951040593899	0.07647638377710568	0.7034323662706055	1.8886790344013695	-0.0038338297764767583	0.7390581118878408	1.8788137527944508	0.06481327089157489	0.9870269603720303	1.884150701173599	0.24078608393947715	0.2994175592488302	0.27967320539526036	0.24606059325397409	0.18341224877301623	0.04316281823868784	0.25708240240629066	0.16362111488979802	0.19299576087477296	0.39886261382331994	0.37851505822740483	0.3658370404648185	0.4509825896287152	0.44925264834702	0.6801540209914798	0.4378906677236391	0.4719727505236387	0.9608832021144064	0.37280014968702235	0.4582926526603602	1.0911460416517011	0.3809343546381288	0.4626198075882108	1.105787638055077	0.4240469033519698	0.5251251035625448	1.1059102121137114	0.07435730284805454	0.3551705121218261	0.359764662437315	-0.02294167204474581	0.44183719113080044	0.6650904750651446	0.04459528204707993	0.3855458839684311	0.9165744488330809	0.10879612672884575	0.40477344742129534	1.0274228984679046	0.08110367709485364	0.42002845312219467	1.0554648418057964	0.040793068829036584	0.4228649051803353	1.0538250103094826
73	1.2166666666666666	0.3321422869279672	0.5192577245796297	0.9523172311393916	0.33644628629225154	0.6930758118409192	1.4207220831520555	0.31675170396815466	0.9016926247453448	1.8325306626560944	0.3423864968130986	0.6957623398039151	1.8870349650174663	0.4006696634221562	0.7633775547511443	1.8979758950759384	0.2891596443747083	0.9470588279273113	1.873708664605342	0.10820658351127603	0.49724474384169987	0.9462510614875443	0.0912518179690942	0.6614662893851962	1.4002745345463004	0.054099251115489924	0.8756563242591132	1.8174324035728322	0.08287429507290837	0.6878741908838217	1.883244857274913	0.002689710645691029	0.724252718185805	1.8737831928243924	0.06471044932859196	0.9869937936460592	1.8843380270440684	0.2408072408874348	0.2994487780158644	0.27965455778294357	0.24604525416991765	0.1832943077356272	0.04312513950258699	0.2572828639986151	0.1652576509941932	0.19584654054321743	0.3988976121273584	0.3785975624784718	0.3657993599179232	0.4557888889391115	0.43780269194721966	0.6840972012661997	0.43789942537919324	0.472030307112397	0.9608807708261716	0.372741890679291	0.45835982661886243	1.091083828175915	0.38038388410528545	0.47646278437600537	1.1069090851464105	0.42724553611638866	0.5402567949467392	1.1098287592009415	0.08006420514857711	0.34381840046650436	0.3651876378069005	-0.022460857482500464	0.44099574110329276	0.6618375681675351	0.044651191964915224	0.3854180892443212	0.9164715628193054	0.11451193857754884	0.39196594618245634	1.0262626660714407	0.0814149908630735	0.4192076629560048	1.0552514462174962	0.040854723187918586	0.42239473247535575	1.0537064770440654
74	1.2333333333333334	0.33165624752848133	0.5203836261214692	0.9559473164779829	0.3359991810236651	0.693745336778294	1.4172242888715114	0.3164666312309661	0.9011946574630998	1.8320653068372952	0.34215255976948034	0.6964953061006872	1.8871156370210993	0.399381880417107	0.7602532554487454	1.8927049029255798	0.2840198324568616	0.9394611529939652	1.8678468973967985	0.10768569778418409	0.49828222599577926	0.9501148859399043	0.0911947734803841	0.6616461274285911	1.4001915269284437	0.05419697491480187	0.8755373114610011	1.8172723448498098	0.07657940077346868	0.7035221747649163	1.8884981624203176	0.0026108489231836643	0.7244779638002503	1.8737357503521703	0.06482029204570373	0.9869208338176921	1.8839462952523973	0.24088640172119058	0.29925423530223805	0.2796841018713237	0.246032129334448	0.18338093210933573	0.04316896082200605	0.2571885952998314	0.163654643625964	0.19289636001607496	0.3989378285127376	0.3784921581428818	0.36581573351533636	0.45536072567777536	0.43528288463902826	0.6808280104208853	0.43796807809948923	0.47199937145000803	0.9608904869545695	0.372743136199981	0.45831221432999214	1.0910692597161742	0.38041146626915634	0.4764405537659536	1.106875504018785	0.42741749160724724	0.5404286614640469	1.1100187663240073	0.08012904973009483	0.3436688300789499	0.3652114557607371	-0.02245671828148053	0.4409353690567101	0.6617634673880024	0.044690436833839865	0.3856268696425087	0.9164456020606322	0.10883322022808856	0.40466931310600057	1.0271863211614602	0.08147702462352015	0.4195750868544297	1.0552290192563443	0.04098445216013353	0.42266558861254494	1.053714995336119
75	1.25	0.3323195927045729	0.5191171970515488	0.9522576440820226	0.3361237163847217	0.6935043588556615	1.4169351711775202	0.31655057253654506	0.9018448866513709	1.8324633341844032	0.34212718167926864	0.6962671565978547	1.8870890151082589	0.4004647861747841	0.7633949630419773	1.897806853310889	0.28508611305512377	0.9431648244251404	1.872777390558464	0.10850808701372185	0.49704145133378247	0.946266012055533	0.09128810277948737	0.6614400432809133	1.4000146590783566	0.05414560296083642	0.8755162970490903	1.817292814453212	0.0766738850619093	0.7030495202390876	1.8884779110874552	0.002594192285000539	0.7243355068238624	1.8737637978719242	0.06477418442752168	0.9867741835811866	1.88414405545553	0.24097276164734366	0.2992435469279075	0.27971579072768643	0.2459056380424964	0.1836389051603189	0.04306911430415146	0.2572566808149701	0.16366363777514856	0.19286978924671783	0.39895926057647557	0.3785313099988469	0.36577727985646935	0.4553586278316278	0.43533109789102165	0.6807337912854001	0.4380284356186479	0.4718770346021616	0.9608587856166078	0.3727421962683612	0.4581502546664159	1.091038508806252	0.380388612394405	0.4764061202265503	1.1068667461975383	0.42758653314310824	0.5401938411021427	1.1098836576357791	0.08025667469383782	0.3449697064011433	0.3653942446995247	-0.02244033778372956	0.44112662083388415	0.6617930062166408	0.04468301407732487	0.38575837529040696	0.9164247867704188	0.1160594969093324	0.4050476439207116	1.0264751146663174	0.08056518528084765	0.41884820007829787	1.0544882924896808	0.04118126864466463	0.42257878010816574	1.0538662948986672
76	1.2666666666666666	0.332481398426288	0.5190493255116922	0.9522272110859791	0.33612199449876656	0.6935351111632019	1.4169349489740546	0.3226362383099956	0.8840154206380385	1.8271209157385313	0.34239782835830307	0.6971641219930504	1.8875437306382	0.40064882433428023	0.7634506668081488	1.8978919759545245	0.2891886903643476	0.946895840929313	1.8735419323587248	0.11245756524695011	0.4984756713368466	0.9461731591307428	0.0913023047881795	0.6615481769383948	1.4000468110313662	0.053522191024808236	0.8716777159575689	1.8120678442474565	0.08292202254784554	0.6876325416854895	1.8832886349550586	0.0014864656495942132	0.7257569587904673	1.8777107236333967	0.06469297485756162	0.9869286609536263	1.8842304036263509	0.24106429025073894	0.2992097769836258	0.27970349180416715	0.24597498409521854	0.18375477002649257	0.04312649825762267	0.2573695387087126	0.16522243466311526	0.19572787942167863	0.40166474929529705	0.38943780225766605	0.36383044615003357	0.46042496547145795	0.4384750277093724	0.6839076682349825	0.4380702110143411	0.4717058102202678	0.960874726485645	0.37277629769330284	0.4579881898692743	1.0910441042173666	0.38040921753100365	0.47623000625137796	1.1068088433013037	0.42489937818792345	0.5274378663869629	1.1090577843305371	0.08006131997258846	0.3447751699511048	0.36180131542162686	-0.02241735383094416	0.441131022232919	0.6617686942192657	0.04475538301872541	0.38578657303792696	0.9164359385635675	0.116203026422154	0.4051187093372666	1.0266825480543615	0.08094239570941916	0.4208712215238719	1.058389681970559	0.04508143969359293	0.423786046770075	1.0537464230837041
77	1.2833333333333334	0.33781691090418164	0.5081219065020968	0.9556131411504887	0.33611181041277416	0.6936145399696776	1.416976972695941	0.3226567714894883	0.8840913079612499	1.827171200894502	0.3426356750114398	0.6981601399027818	1.888074262566018	0.400610922555059	0.7638257071207276	1.8980917803644153	0.2851545761400203	0.9431335520480539	1.8725725048201578	0.11254271168844966	0.49840958175109706	0.9462134692139925	0.0919396406211708	0.6647069924350714	1.4048788902596137	0.0541623500617532	0.8751883917207913	1.8171864000151334	0.07667975505771453	0.7024301246802493	1.8885664816299468	0.002645426606993984	0.7243449121794788	1.8738267997693476	0.06264057879143348	0.9681616322898414	1.8791305262842246	0.24113529655673777	0.29915931678609026	0.2796710833483657	0.246018508727325	0.18368278951681535	0.04309287442670019	0.2611598974686638	0.16640698969613857	0.19540507138142188	0.40166648041866065	0.38941652241927593	0.36374434528832356	0.45607894128787985	0.43772030727788097	0.6841370599516537	0.43811830729400436	0.4717176135449399	0.9608460837571866	0.37339863535929047	0.45682734220311955	1.0876223848003381	0.3849362106754899	0.4636105145487805	1.105412905739216	0.4248600222631611	0.5272266459594325	1.1089663453424456	0.07999441879237572	0.3453104490656093	0.36475894206088405	-0.022378034766283594	0.44090198677160586	0.6618045439690672	0.04512624413487709	0.38830346796081944	0.9203736257113218	0.1177998832170486	0.4183752168016167	1.0270453264781076	0.08188729516320079	0.41999663354730854	1.05528317977782	0.045198839093048775	0.4236943557846148	1.053712323279752
78	1.3	0.33303407119557776	0.5217555948360503	0.9564127572967392	0.33611767554960087	0.6936907381384063	1.4170225205747384	0.322615409122447	0.8843058768503294	1.8272116137527192	0.342296267539453	0.6977098816599321	1.8877677845693628	0.4005662707945514	0.7636998800488854	1.8980433212521686	0.28520971185601424	0.9432439699184358	1.8725033778203708	0.10867640166074273	0.4973160312155022	0.9464208074971583	0.0919324509262175	0.6645742059488703	1.4047560294467758	0.05415898550923959	0.8753160094870873	1.8171673543310853	0.08288577239741733	0.6879000199837177	1.8833636733664452	0.002682024878074138	0.7243196622364569	1.8737996575461824	0.06265426177733675	0.9681835400763957	1.879339471257295	0.24114841185392896	0.2992394335414907	0.27967803458165535	0.2459592278701413	0.18372918105472763	0.04296230948271843	0.2611246070356143	0.1665158175551871	0.19546630266455464	0.405604563445845	0.39108961875963166	0.3634373352219539	0.4604735822855347	0.43864124368328017	0.6839135012960801	0.43804272969813235	0.47186000464984423	0.9608934992280209	0.3728804100951792	0.45774695483808014	1.090938748656172	0.38489158269855084	0.4634067909335269	1.105468025354173	0.42483344809454904	0.5274801877889305	1.109066733676623	0.08000898129220864	0.3452553032836063	0.36479522577538087	-0.022257373695577596	0.443142886632298	0.6655680359889534	0.04516412926824841	0.3882843437662034	0.9203611774733617	0.11774418715615391	0.41890539936085336	1.0272811822290033	0.0823135349537829	0.4197968820791429	1.0589685791479897	0.05088332151966559	0.4124207573096205	1.0528045920961306
79	1.3166666666666667	0.33786230933731065	0.5082708380566618	0.9556136123755484	0.3399833746391199	0.6951095990436277	1.417041328932691	0.31591769595120567	0.9027504091559486	1.8284331569639112	0.34193348242577876	0.6954034659346533	1.8866248526211855	0.39743997154321214	0.7483785070167744	1.8932745190833729	0.28703301592572666	0.9550840543337563	1.8718365279909106	0.11272475332711303	0.4985047857307047	0.9463113829742456	0.09201535856629439	0.6644301791105055	1.4049240649490984	0.054130393145296996	0.8756392402793456	1.817410562149804	0.08306319028977624	0.6883731850963826	1.8832756611671004	0.0036025083394307716	0.7400924396395616	1.8782756373168659	0.06314010334976504	0.9674564667759048	1.8829282900370843	0.24122185904088597	0.2994687436161092	0.27965195219741257	0.24600131863950334	0.18372404100383147	0.042995512812930424	0.2611405794344635	0.166692471864739	0.1953842992228379	0.40559812008970336	0.3909868654592497	0.36332971417714177	0.4606847754247129	0.4385875986493485	0.6839269463086569	0.4380720847712931	0.47213238990991313	0.9608969398920273	0.37277263055048476	0.45821495975877835	1.090902187764601	0.38041984471499257	0.47638166853486197	1.1067946671100113	0.42770086695198767	0.539856140607848	1.109915318441492	0.08007504307360838	0.34526481363968864	0.3648346800312039	-0.022181526540212344	0.4430907184857825	0.6657069512714592	0.04524802810318558	0.3881462409686813	0.9203653844345424	0.11776658183775275	0.4190245204065236	1.027513010639615	0.08205974638782955	0.4210996350413093	1.061959883496514	0.045328198740937985	0.42374503876060515	1.053766577694336
80	1.3333333333333333	0.33743393614351885	0.5054805495581729	0.9514879211591236	0.3400459273119019	0.6951086265808576	1.4168960759105451	0.31607624479436275	0.9030286304745417	1.8286080267012332	0.3422816779917438	0.695924294742333	1.886961273661682	0.4000740003835306	0.7641970474998193	1.8938616637792949	0.28819330214359495	0.9588005799002679	1.8764535618661324	0.1128033756456095	0.4982062962662762	0.9462650716619877	0.09200366791175292	0.6644294466889321	1.4048491869776332	0.05422927312238599	0.8755290907926252	1.8173092739019885	0.07797309768096507	0.7017807624142636	1.884360162765313	0.003639544572245437	0.7401446938451252	1.878155492655709	0.06271250731300146	0.9684738488687321	1.8790624491600703	0.24332271372603678	0.3108829004919441	0.27712679635852344	0.2460454138232065	0.18364262146056926	0.04291797815239811	0.26119918513732465	0.16671718289802695	0.19531280058541786	0.4056262308666065	0.39116668980889535	0.36340635799920584	0.4653505106461445	0.43861238355120524	0.6802646035977212	0.43811575991576274	0.47199749408240627	0.9609077848761578	0.3728897838176205	0.4582468268498008	1.090942109338122	0.38492227679797064	0.46379004521127076	1.105502017870697	0.42779187758222265	0.5399689827234687	1.1099458332394867	0.08012377962826554	0.34520728390736827	0.364810833108964	-0.022122535505662143	0.4431178186755346	0.6656981616685878	0.04516768011806978	0.38821557723713856	0.9204019797765551	0.11759122493091644	0.4193857027603647	1.0275933494436633	0.08183826695730084	0.4216243385634277	1.0620659451945547	0.04527470533632362	0.4237315022332243	1.053780513305323
81	1.35	0.33749137791294526	0.5055952211420168	0.9515482183241922	0.33999122469582643	0.6951548668886787	1.4172227433505658	0.31609552983860295	0.9030133501601628	1.8287177538081845	0.342366133456859	0.6959803950550312	1.8870936702309673	0.4057916446776674	0.7464092169062488	1.8920183583060812	0.2851268358993941	0.9434601680412738	1.8723072537339633	0.11293582181692811	0.49829069872114723	0.9463566545207007	0.09197719480582094	0.6645546098606293	1.4049772913770782	0.05423967706178503	0.8754517682457259	1.8173025007870287	0.07780112078858649	0.7017361998424296	1.8844331637520197	0.0036246873691650324	0.7402404243032268	1.8781906795090242	0.06478109184208165	0.9869974199151194	1.8838443238058895	0.24337523656655735	0.3108942091027305	0.2771553061863584	0.24600828026673996	0.18368293647420766	0.04290881259639552	0.2631387803660332	0.17715181890665202	0.19259602031434578	0.4056128885289197	0.39110853972579235	0.3633957432972564	0.4651195297213717	0.43952118278437985	0.6835949251775751	0.43813647067371947	0.47199853598426267	0.9608887378914608	0.3728646796403211	0.4581630872596625	1.0908593625206624	0.3849472012896153	0.46369545391017314	1.10544568176093	0.42785926152921894	0.5399045961644271	1.1099062497961807	0.08010978040912342	0.34529597825642344	0.3647876966189573	-0.022043699340620268	0.4431323361357737	0.6657524547224903	0.04515164592895566	0.38824660978521897	0.9203970229818182	0.11771463902950727	0.4189282377206245	1.0272196577144381	0.08212403825668638	0.4182856421990332	1.0552369527135683	0.04527139771756609	0.4236841280735463	1.053766572259433
82	1.3666666666666667	0.3321641696536451	0.5203679957556371	0.9556764464589602	0.34006556526485837	0.6951666317273417	1.417056765769068	0.31710495082666423	0.9066999161440302	1.8342267148351743	0.34208641915486887	0.6965525203173423	1.8872245613057983	0.3976988547758697	0.7493696110357974	1.8939584936922207	0.28942963682463224	0.9628254743667061	1.8816902008954044	0.11282543528082574	0.49844329867169535	0.946329286026148	0.09198470468057306	0.6645046941112119	1.4049584672053437	0.054279158935864893	0.8757803308828742	1.8174223818775264	0.07774996519971294	0.7019094092052844	1.8842612143486661	0.0026541978087738206	0.724366146397002	1.873596568606001	0.06487182923595874	0.9872550702560297	1.8840887912278372	0.243418001678918	0.310894110408387	0.27711011884897097	0.24595896452653376	0.18375654482417575	0.042804600242757694	0.263167179601392	0.17724898639708553	0.19255367332667297	0.4056816730529478	0.39117198891953414	0.36331704574270635	0.47256185362393	0.45303696453279907	0.6823662191773797	0.4380576350855274	0.47236477566308777	0.9609017569471582	0.3729059774603059	0.45823561398018975	1.0908696287757724	0.3849404274439121	0.4637311515375224	1.1054772777451805	0.4277679979091991	0.5408008635742318	1.110056298026468	0.08019796429668345	0.3451480859485754	0.36479445810155786	-0.015970550006353935	0.43103477031838383	0.6663906997307868	0.04518585926142935	0.3882384407942164	0.9204278219068844	0.11780545208031588	0.4191674140525356	1.0273098156731726	0.08161759296837402	0.4195277992934292	1.058318520214278	0.04527417205549449	0.4237129277424852	1.0537859940402476
83	1.3833333333333333	0.3370899126273427	0.5067328253821962	0.9548170900829542	0.34003923346197346	0.69505016119717	1.4170286657452345	0.31702534487425726	0.9066856973005895	1.8341471511322136	0.34197881494351506	0.6958482304263471	1.8868103021352358	0.3971480286087193	0.7499378641691993	1.889891829608436	0.28942093702595434	0.9625561658413474	1.8814439669320957	0.11285119851944485	0.49858135783457264	0.9463374810057715	0.09203243081453741	0.6646839755931047	1.4050610847948615	0.05318526469750587	0.8777462466121628	1.8222822290590088	0.07788907560020204	0.7018569904544938	1.8843327676462915	0.003656244572843511	0.7402123273298965	1.8782243255202813	0.0656585401022267	0.9911837523954596	1.8903245591339208	0.24341415774973243	0.31103479166460724	0.27714723842874095	0.24603521511122645	0.1835805876938865	0.04284952069898258	0.26323333434922996	0.17719158822704129	0.19267768214537406	0.40569340616111	0.39123833205049596	0.3633304561548986	0.472676868543025	0.45302073843179014	0.682366425160723	0.4384931556522767	0.4720084455643942	0.9649688475090095	0.37290864937651386	0.45838456774766706	1.0908040924559843	0.3849769930701525	0.46391001154953343	1.1054479043181622	0.43054390490784944	0.5529748184565186	1.1107371735852878	0.08018954363985834	0.34515067716132175	0.364765437661028	-0.01595751148570145	0.4310564092265908	0.6663692606511519	0.04517903512663772	0.38823964081100676	0.9204244764247704	0.11778798786163065	0.4193451320695554	1.0273042400628984	0.08221458409313934	0.41831334299365686	1.0552173012853479	0.0452906706231405	0.4237526978925202	1.0536572170616787
84	1.4	0.33748287863795157	0.505596903594625	0.951481003251944	0.34017600747993637	0.6952039419211405	1.416956461819053	0.31616500857582147	0.903053892619781	1.828759120101444	0.3427630658793673	0.6966693212496754	1.887520936029498	0.39782875016147606	0.7493572216745517	1.8939501711584361	0.2881289585716451	0.9589344227150476	1.8771201266097435	0.11290898603169038	0.4986314456807891	0.9463143811955959	0.09250285055461906	0.6639541714123308	1.4088592609808435	0.05413832226156788	0.8759758556345317	1.8176371469938923	0.07671218400893706	0.7028487753267245	1.8884900408816212	-0.0038052782432829585	0.7386502744935683	1.8786522438274345	0.06606774639326359	0.9902677913555209	1.8940058946427514	0.24332251069389974	0.31132336365584723	0.27712117771487493	0.250742295999363	0.1732994010729748	0.045834243919167295	0.2632855353669537	0.17727003529367943	0.19273845028339445	0.40567680907429915	0.3911811277122607	0.3633592177135397	0.47444304654642533	0.44092138946049786	0.6830840746697577	0.4385865173025014	0.4708847251608828	0.9575602852288814	0.3734762343547803	0.45682533258616587	1.087337326307564	0.3850029751350225	0.46357433485281024	1.1054670043741368	0.4305182399223862	0.5524194826628449	1.110496987111906	0.08015550129537369	0.3454555582808876	0.36476429380097813	-0.01596126189332091	0.4310966859040758	0.6663087136954364	0.045117912570981765	0.3882903238106812	0.9203689134436869	0.11937603513597406	0.43224324312407086	1.0278033490274099	0.08192651070021265	0.421345063728704	1.0620447829068378	0.04516178459770746	0.4237670949663392	1.0537547531420226
85	1.4166666666666667	0.3374987485668578	0.5054949213586011	0.9513470454569245	0.34018258385982464	0.694913488910936	1.4166484686815088	0.3159876031976238	0.9026594489375304	1.8284819567684727	0.3468581620094663	0.6976405576237806	1.887430577186877	0.3977330230181079	0.7491899129050416	1.8937687069995386	0.2880772576776243	0.9589912574869704	1.8770346720393076	0.11279940395350378	0.49839470511626305	0.9461864534779957	0.09252827638640013	0.6639809009379705	1.4087600662367485	0.05413008089275753	0.8761802313288939	1.8176967835149045	0.07778048473045629	0.701623203519698	1.884353734283142	0.002586730935135553	0.7244471311585344	1.8737147774037872	0.06614076147633029	0.9902110712718868	1.8942149143781557	0.24336697997905493	0.3112833601252777	0.2771600022685644	0.250764987804153	0.17338560845078285	0.04587414085110592	0.26333577236859096	0.17711769090838667	0.1927627278501547	0.4056731740027889	0.3911405002819027	0.3633385277277905	0.47862037589103273	0.4278394946758702	0.6836743744163339	0.43853469808920814	0.47157444036970014	0.9649888330054266	0.37297692486783623	0.4579153981217568	1.0908799392715067	0.3849844707711799	0.4635261181897215	1.1055951190045503	0.42776316836060246	0.5399072723589837	1.1098129063999853	0.08017516459149089	0.345345009144457	0.3647811302378992	-0.016358281270569947	0.4320522915951655	0.6696652623562573	0.04511975473431528	0.38825026602582197	0.9204079695622995	0.11934367111581139	0.43245382672109967	1.0279024516681234	0.08200201733707413	0.42134583613399096	1.062017987335985	0.045168317358734306	0.423890897716672	1.0537984889556267
86	1.4333333333333333	0.33751997836776315	0.5054655487986964	0.9513659804134194	0.34015588364475324	0.6952417562175814	1.4169825901384085	0.3219706418920828	0.8846389421992221	1.8229588116338082	0.34638080737052024	0.6970129555653468	1.8869794963537894	0.40058702058894075	0.762945328359373	1.8974822338386022	0.2850978621912262	0.9430254428003844	1.8724963979837175	0.11273808424905883	0.498342272328126	0.9462355457584649	0.09249815917158252	0.6639655448375411	1.4087536604776931	0.05300373098454908	0.8777524225968127	1.8223484991764085	0.08311639834619661	0.6881557910634231	1.8830938422321915	0.0036051470827988766	0.7400049827729128	1.8781823006791938	0.06604412877446955	0.9901266272278172	1.8942947042754685	0.24339816831693947	0.3111707336649698	0.27716812977267036	0.2508605840286321	0.17344327565614506	0.04601368801640498	0.2680859934814974	0.1663611840709261	0.19539967418175008	0.4056355767954708	0.39114310319635553	0.3633474079205349	0.4785698058402027	0.42779553988918845	0.6836344938861428	0.43849861833761145	0.471861458730201	0.9649994438685683	0.37299300883823266	0.458057095607201	1.0908421546930336	0.3850131502940939	0.46366844766726006	1.1055056289933898	0.42763641990465323	0.5401720219006448	1.1098691164117045	0.08016374777509987	0.34337413658895005	0.36169816932661036	-0.015969454560644736	0.4312608279759777	0.6663690789226581	0.045081830981896526	0.3882183624114029	0.920435355828561	0.11917619190038022	0.4328845417490867	1.0280358853460547	0.08177226198022869	0.4218180114532638	1.0621412221232533	0.04509029027092774	0.4241523481544033	1.0537929643300155
87	1.45	0.33232537535070783	0.519972700859237	0.9553958013849775	0.34013608833791875	0.6952476462218762	1.4168973941755534	0.32246379133420583	0.8839102094392919	1.8268870660203835	0.34243442448573397	0.6961333375595593	1.8870546159673216	0.3967155515442414	0.745747422668195	1.888683637089069	0.28509613240845266	0.9431374147943578	1.8725403722539404	0.11268465698506301	0.4986481781736803	0.9462250486547891	0.09249028399614656	0.6639817147942505	1.4087622341098716	0.05409027586986795	0.8760478187285032	1.8176535094493218	0.08423007653637173	0.6861882973264006	1.8789801651549571	0.0036058304622372094	0.739986078023048	1.8781975030118438	0.06519666653232138	0.9862823944032406	1.8882419336192975	0.2433714325609551	0.31106581511461606	0.27716188696522254	0.250898975371804	0.1733328167844277	0.046001784952618446	0.26811349243714383	0.1663108467455724	0.19544584780951468	0.40567302019966456	0.39109790654381626	0.36332906761902717	0.4787185125555115	0.42796667806682454	0.6836048413952853	0.4384719867754196	0.47177496749912423	0.9650409859738672	0.37302725848730717	0.4580260850777232	1.090904130015547	0.38502559210441784	0.4636176533391718	1.1056017964611105	0.4276936711515087	0.5402638162092063	1.1098289364735212	0.08012207210766678	0.34343967815528736	0.36168190360422736	-0.016387008328461593	0.4321931106805452	0.6696093895926332	0.045069543284572196	0.38823396339526817	0.920398553873622	0.11769385873288615	0.41931814793015854	1.0274405790089234	0.08163223844033204	0.42167293021529034	1.062136745780469	0.045080466758270425	0.4242061827559284	1.0537877699238345
88	1.4666666666666666	0.3323111460616715	0.5201937504036014	0.9555061828843141	0.3401683651878777	0.6950705911661204	1.416812836694483	0.32353789034278607	0.8875886813780295	1.8324231302037426	0.34633006751237616	0.6992240390039993	1.8877615801075438	0.4005459461363932	0.7635640314332816	1.8977393472623225	0.28619374121232094	0.9413241687133141	1.866815177447753	0.11396190863852307	0.5131990449441373	0.9499649505425586	0.0925214128241182	0.6640497250219836	1.4088833895949904	0.054088031436902925	0.8759666885441	1.817712599333604	0.08411340215526361	0.6862933788486785	1.8790091854709368	0.002704732207332963	0.7241497574102945	1.873694831702316	0.0639148876043606	0.971409156169953	1.8895137009195957	0.2433901414203609	0.3110078861257107	0.2771916661203783	0.2509394726050773	0.17319927499006274	0.045998543136065696	0.2681929966879767	0.16612927741861827	0.1955487576374426	0.40568206234267895	0.3911669176469428	0.3633434687351848	0.4831770275554992	0.42868900119274644	0.6833264244348706	0.43846390445812977	0.4717313337308176	0.9650614489722894	0.37302402491039066	0.45805704570490147	1.0909850684487492	0.38506421368468596	0.4636277014392233	1.105635603294851	0.42784368302563375	0.5402810798125448	1.1098605931824166	0.08014665692970807	0.3433735335189756	0.36167178644180165	-0.016375365302301353	0.43219727962047005	0.6696657089242687	0.04505312862840951	0.3883107277859781	0.9203812115786474	0.11928264146877625	0.4324326756171453	1.027760922331089	0.08243181197512375	0.42042582588203775	1.0590209375997295	0.04511396545294501	0.424146427383689	1.0536884993786895
89	1.4833333333333334	0.3323528156876164	0.5200242623913254	0.9554695287819278	0.3400910667634533	0.6951852712196103	1.4171216007950398	0.31782005740978775	0.9056607312679921	1.8382824558268962	0.34629198644227255	0.6970874262917804	1.8869369647342116	0.3975857949858462	0.7490283148764598	1.8936310944768309	0.2862281159948395	0.9468146731905398	1.8781537895716691	0.11217221982673176	0.49989897245911574	0.9499208274323417	0.09250751203382757	0.6641090372181975	1.4088956930591383	0.05294684876062712	0.8779047944992059	1.822504978725515	0.08297581934539036	0.687966169696247	1.8831493776391945	0.002693654334506574	0.7241796497962109	1.8737408482914215	0.06390801056803677	0.9716406050712146	1.88955300453146	0.24335949675671373	0.3108338511924137	0.27716064429729764	0.25105390557420654	0.1730536198677774	0.046097913990088925	0.26821875686337454	0.16613503452648853	0.19564417262358538	0.4057057065546809	0.3910378611420765	0.3633379217260625	0.48316040085720674	0.4288013986633557	0.6834291165924633	0.438501543951917	0.471579385184485	0.9650278587212586	0.37351116788435673	0.45684220652413227	1.0876034887778552	0.3850303950211045	0.4635569809445147	1.1056061170878568	0.42773690822457217	0.5403865081856614	1.1098791228181315	0.08014128383791982	0.3433061824979357	0.36167625364852235	-0.016353002332313495	0.43218507801638834	0.6696683907892141	0.04665986851490039	0.4002465828453614	0.9203940063049183	0.1191187755844859	0.43271843640070745	1.0279685219882153	0.08161502587399092	0.42202835557188806	1.0621809108591678	0.04506866504851799	0.4242181716265732	1.05375541427455
90	1.5	0.33222770674693647	0.5202529512089253	0.9555812149787176	0.3401002575264493	0.6953939647029199	1.4172089593657184	0.32366130025974055	0.8876237124311627	1.832610250575522	0.34572729409076225	0.6969384759195325	1.886719578617625	0.3974203781355817	0.7491409781838549	1.8936562395367935	0.28516269981612796	0.9430526724525704	1.8730010469897596	0.11200207642527522	0.5002462417495654	0.9499456940764773	0.09196800803867486	0.6648129515393699	1.4051376121214312	0.052990220476112834	0.8782926006293119	1.8226343220106025	0.08298984659848861	0.6885382330445279	1.883224842164173	0.003606045948903896	0.7400945545120026	1.8782692781825616	0.0660900067892168	0.9904145740775299	1.894471895149899	0.24338821114805734	0.31079394541296534	0.27722400986944884	0.2511184247617251	0.17258215268677488	0.0460254678328876	0.2729309726841638	0.155485625601521	0.1982507931496233	0.4056864245295503	0.39101530035232723	0.363382153234259	0.4831210553480049	0.42884617794462776	0.6834341640442503	0.4385218287951287	0.4714467168698102	0.9650395714985122	0.3729852713546125	0.4575432872338567	1.0908647905950806	0.38500668825376766	0.46322437687302664	1.105654900758855	0.4249278306973746	0.5273897304278325	1.1090485783289954	0.08014647365585831	0.34530805116443636	0.3647921211150514	-0.016409573091681937	0.4322111895614769	0.6697356376093043	0.0447479939019491	0.38587873394595507	0.9164536759050489	0.11907427700096117	0.43273422286052454	1.0279116651057036	0.08147000298886295	0.42183992275035026	1.0621426972549883	0.04504413320321554	0.4242123806973505	1.0537109317416118
91	1.5166666666666666	0.33221042905483983	0.5201879853672343	0.955542752262072	0.34004656771936154	0.6951944888705303	1.4170078843233143	0.32353144846485815	0.887898811570325	1.8326394968446784	0.3465061565997931	0.6976224559740958	1.8873032098058506	0.3975365609341938	0.749146189327854	1.8937079444885327	0.2892221751232685	0.9621160356366226	1.8823116879861768	0.11223246032123621	0.4994809021540122	0.9498585173820645	0.09189840177214106	0.6646801111858959	1.4049381886549583	0.053492967768589535	0.8722587663674776	1.8122710873446541	0.07020894639775829	0.7135571237714442	1.8838658008122697	-0.0027390079605206148	0.7372114612924195	1.8743793464705796	0.06527276021232062	0.9863787607127741	1.8877248648715501	0.2434194951001079	0.31098566801215194	0.2772648365345723	0.25129710927107596	0.17252089266024812	0.04616092984117621	0.2731265769371624	0.15586720476877292	0.20157185304449785	0.4056846163552437	0.3909465194493245	0.3634012108085591	0.47889992444192825	0.4418222040071102	0.68291788000883	0.4428040479844187	0.472542195700904	0.9647935417120144	0.3730063250511173	0.4575593256232349	1.0907296524116645	0.3849931366932481	0.46329030450111414	1.1055601287138992	0.42467702901361887	0.527698618098205	1.1090503380758632	0.08021122793049733	0.34531980253610506	0.36475277908564724	-0.015989220260930945	0.43121312292863734	0.6663115505500119	0.046634844378147716	0.40026302636468164	0.920334866185487	0.1118240836843821	0.43181435934177004	1.02843022892084	0.08100673437600009	0.42199914075361566	1.0585078091701074	0.045017855055341345	0.42396459201961184	1.0537047753167714
92	1.5333333333333334	0.3323455115511628	0.5200264141018577	0.955429193622573	0.3401272657192292	0.6952244140519183	1.416976366389944	0.3160945847496336	0.9027735653575946	1.8286905881654891	0.34244127441570993	0.6960052946501991	1.8870719395218887	0.40042452101869636	0.7635168737155203	1.897822845181323	0.28802741764740214	0.9585580341541486	1.877533412543365	0.11281756331472169	0.49865031859592257	0.9462422503984481	0.09190634253913738	0.6647739441277727	1.4050349817901977	0.054100839849323096	0.8759578573050056	1.8174543121455269	0.07016947777094402	0.7141975199921846	1.8840224929953515	-0.0027971085137771558	0.7374655512685788	1.8745014014957648	0.06521489340749508	0.9861649947874915	1.887822631817576	0.24343212332856634	0.31079223295148534	0.27721393924277804	0.2512393837413008	0.17266071821605258	0.04612408733553576	0.27304496118914756	0.15535335270710984	0.19836417261749184	0.40566770503971655	0.3910800213061326	0.36341504160253585	0.483022539057839	0.4284081684722218	0.6835091977071484	0.44722564533157044	0.45841466505566825	0.9640495243359748	0.3729542841687181	0.4575813462745014	1.0907933496079072	0.38496072459970215	0.4633820636427083	1.1056674185313515	0.42490471546994835	0.5272675313034589	1.1090376868732301	0.08021622590002887	0.3451964185605464	0.3647717903483563	-0.016388634486301668	0.4321668989751664	0.669641252474542	0.046594181882524045	0.400268794816661	0.9203590843629778	0.11751182273496165	0.4195930219277395	1.0274579606082952	0.08107827317860428	0.4220733274543957	1.0622821615894835	0.04497521605319203	0.42420132614956235	1.0537602700371227
93	1.55	0.3324104085318591	0.5199704339195699	0.9554073299330155	0.34015651254261553	0.6951170296292336	1.4168898646897439	0.31604011551017624	0.9028371119887769	1.8286421816789606	0.3424029577196679	0.6963658862074913	1.8871802209400463	0.3994551306688982	0.7605178858531395	1.8929867457823955	0.285041537078324	0.9431152256044801	1.8731555287212887	0.11269585327275601	0.4988296553209561	0.9462110010598482	0.09198364676935177	0.6646699877470997	1.4049486524872865	0.05414032868530115	0.876119793999095	1.8174720824722965	0.07086735041327524	0.718121171199765	1.8898732865042276	-0.0040070065983672095	0.7393667467770221	1.8787417904126986	0.06528683822855999	0.9864913099748052	1.8875999284715377	0.243446649281119	0.3107511407690787	0.27722316417102116	0.25120722584551036	0.17269865659005268	0.04612656381668229	0.2731332649200701	0.15583486591353402	0.20155070603297437	0.40569628282189335	0.39102517402075826	0.3634039352729956	0.483019903575304	0.42838106367813145	0.683545371589909	0.44719672136324773	0.45839367657654834	0.9640847939668097	0.3728568107711427	0.45781600281123397	1.0909090413500757	0.38489107955417234	0.4635144503511691	1.1057281529715002	0.4249068168730636	0.5271814579018805	1.1089826051617098	0.08018904142257775	0.3452450430451438	0.36479007823943554	-0.01640172004792836	0.4321590077400175	0.6696091621316902	0.04656387142968926	0.4002202961061585	0.9203460716514732	0.11895145924831417	0.4327653866306036	1.0279085777368997	0.08068639062895457	0.42250132400407353	1.0587221089093806	0.044966067301088035	0.4240977860198818	1.0537033660322268
94	1.5666666666666667	0.3375668232867472	0.5055400954639531	0.9514628739275737	0.340151275533266	0.6951754940054916	1.41706765164145	0.3175758626225426	0.9058933334240031	1.8381662791468558	0.34207447609941294	0.6965724616705278	1.8871497217165736	0.3975265008061113	0.7496221889877344	1.8939780853293824	0.2861518183780247	0.9469851011056805	1.8781556187539485	0.11275642865090901	0.498548853576575	0.9461899354877903	0.0918787164342173	0.6648177520335449	1.405006907762755	0.05410977150232401	0.8761036137487874	1.8174730686897778	0.0707892781546129	0.718157915238936	1.8897975803725207	-0.0028304326907439697	0.7376198587271592	1.8745769274954844	0.06533946430334127	0.9861964875086958	1.8877966657176668	0.24344693689008554	0.3107686537575639	0.27721571007653384	0.25121069295588827	0.1724177225314226	0.04609608322616217	0.2731440739687952	0.1558920589854467	0.20152901915975685	0.4057068040322693	0.39101963194955414	0.36341857166639846	0.4789608767816486	0.4413403358627212	0.6829370578119611	0.44721763028447087	0.4584093048395468	0.9640768556041808	0.3729262439677919	0.4573609213372619	1.0907287532217447	0.3849388247398616	0.463121843744414	1.1056441275009816	0.42468693115399425	0.5265250833669316	1.1089351440879118	0.08022335181480113	0.34524708950916416	0.3647626019068093	-0.016357137641668927	0.4322108209129173	0.6696070344215762	0.04500871515347568	0.38828108187081845	0.9203154479989366	0.11330044626633479	0.4456127997871776	1.028940518871085	0.0807023405309484	0.4228817814707684	1.0587673744872017	0.04494827652563774	0.4242685235767819	1.053705639819935
95	1.5833333333333333	0.338056749119959	0.5082821428989117	0.9555025725776423	0.3401875449941801	0.6951040868803336	1.4169700849460938	0.31754864189157456	0.9057631569263045	1.837988055275404	0.3420114838696338	0.6965987258119085	1.8870876607201812	0.40040667406675023	0.763598445271275	1.897814979639418	0.2902689413286079	0.9606921166884388	1.8763548699371637	0.11872884745831228	0.48558224035705166	0.9455639860059971	0.09187740580337801	0.6648527487487849	1.4049822057038663	0.05404496622932645	0.876354731678867	1.817555374161631	0.07021114890108014	0.7145972676862286	1.8842373706608715	-0.0040041123169553905	0.7392522478547303	1.8786611411018201	0.0652613533612008	0.9863909422879178	1.8878980972852681	0.24341789787389603	0.31077252264887323	0.2772127404123054	0.251228395759238	0.17229851951475236	0.04603216275353254	0.27317329337117296	0.1557807792310179	0.20154707254678678	0.4056772655604123	0.3911908385834966	0.3634108631549405	0.4788786437393269	0.4413423529174768	0.6828881790886541	0.4477487129194299	0.46073327460844127	0.9677353777072925	0.37299645334509446	0.45731542079197224	1.0905986577195879	0.3849950199266407	0.4630560096552632	1.105617976031192	0.4245864781868774	0.5263686289021797	1.1087834318152818	0.08021878434796269	0.3453171507241457	0.3647662115815626	-0.016000435751894308	0.4312575623412209	0.6662863082305904	0.045012062801899705	0.388283870085575	0.9203030868538036	0.11169367494284296	0.43237257452102795	1.0284798957787173	0.08075492128211247	0.4233305063895837	1.0625093452693863	0.044826050445533686	0.424534173495237	1.0536972173183743
96	1.6	0.3330840068759907	0.5221266402123981	0.9563304678224432	0.34014386938737506	0.6950451168856621	1.4167087730613825	0.31722447614033045	0.9065794425504188	1.8342312314482985	0.34220997385454505	0.6971151857878194	1.8874104469294755	0.4004954946629062	0.7637234611924527	1.8978417415874096	0.28511141254497063	0.9432432027082239	1.8728325344219947	0.11316110135510182	0.4979900391088804	0.9423985024112311	0.09176734967241616	0.6650573195457298	1.4050151174445584	0.05399511913917841	0.8756690246493662	1.8174499254070164	0.07087843213945826	0.7167524657558061	1.8896541982831159	-0.003964507550127779	0.7388112287366898	1.8785644941771549	0.06525182377077993	0.9863717036500028	1.887761482480793	0.24840240422894927	0.2990646049984086	0.2794824537563419	0.2512001534631613	0.17240292648048872	0.04610184915488887	0.2729630986383388	0.15534177271253752	0.19818103300061593	0.4056958808425955	0.3909651523671672	0.36336991228815396	0.47436892492119903	0.440989197321805	0.6831479844547953	0.43898906120642134	0.47372704785923087	0.9687831913971406	0.37306236721900793	0.45719696784473524	1.0908648865114692	0.38501799514402696	0.4629551187242974	1.1057536499911496	0.4246267448259046	0.526574929575044	1.1087980183374788	0.08015664042163452	0.3433248878615	0.36160415149234204	-0.015578739846509019	0.43022414298434997	0.6628732874132464	0.04501272040599959	0.38837393896585365	0.9202156094101656	0.11309430419381522	0.445800551893858	1.0289494287631298	0.08069822248029496	0.4234580591672765	1.0625221977826635	0.0447910174541098	0.4247006884992029	1.0535640882951647
97	1.6166666666666667	0.33307381756146565	0.5220950280414032	0.9562695018035278	0.3400415477283894	0.695021777127798	1.4168260386038587	0.3170997139460517	0.906921445917279	1.8344231364605335	0.34221531660221083	0.6973051545410431	1.8875131370843135	0.40044657466944455	0.7639063054507743	1.8979820587784844	0.28506098205457586	0.9432395953961953	1.8733303873872276	0.11307622355456297	0.4977283225106925	0.9422999849153288	0.09175115299720732	0.6649448615409274	1.4049026884707374	0.054042519609608215	0.8754797660205671	1.8173688349174786	0.0772367759793931	0.7016726318660848	1.88427373043853	-0.002738297918026918	0.7370234714061918	1.8744149567515365	0.06320231354639723	0.9674998162544587	1.8829850965371644	0.24345224620418984	0.3106397027164737	0.2772020539893698	0.2511300986527273	0.1726259748043262	0.046041771768521464	0.27297476447988017	0.15527966602450544	0.198160474882698	0.4057087551785292	0.3909272536152692	0.3633469270624625	0.4742662580876033	0.44083203648535263	0.6831556112785322	0.43900131853259516	0.4738120479810989	0.9687561599356989	0.3730812957960859	0.45756366374176916	1.0908441349488065	0.3850213926328383	0.46328708633424287	1.1056911124714748	0.4246536589846585	0.5268168728003427	1.108816711881857	0.08008972412833004	0.3434944834017429	0.361615401870404	-0.01598424389340269	0.4312090509427843	0.6661783385216603	0.04502377579879429	0.38841057536151624	0.9202210529341315	0.11309291993488729	0.44601827851596815	1.0289839916327304	0.08074589105429887	0.4234257030426194	1.0625034308344525	0.04476364739805739	0.4247042330337563	1.0535521955115443
98	1.6333333333333333	0.3329369626313292	0.5222149177433	0.956361756066235	0.34014678969470746	0.6949066490295579	1.4164765534151662	0.3171300804658284	0.9071128708947709	1.8344121864066378	0.3421170213257733	0.6975700139197276	1.887555075733073	0.40045055138138663	0.7641548922306256	1.8980398735557562	0.2861676373766343	0.9469231499811236	1.8779215199338424	0.11303458813208804	0.49781477220806974	0.9423079820268981	0.09170134501271743	0.6650660748455913	1.404877369904896	0.05401622992434689	0.8757217899342901	1.8173837443827883	0.07548807724076795	0.6998624560086659	1.8828844688267674	-0.003969716381725187	0.7388845339488611	1.8785383410091203	0.0652750346002789	0.9862936623709995	1.8877407271871751	0.24349073937661955	0.3106954661384181	0.277248659174873	0.25104481073571316	0.1728723513612241	0.04601527936830163	0.2729252564752478	0.1535343053094896	0.19524266707882498	0.4056369591358392	0.3909222753783856	0.3633694521033799	0.4695497818157204	0.44001936652437995	0.6834240762542296	0.43895182677136824	0.4738383924935175	0.9687266740605571	0.3730669635236723	0.45725339163043965	1.090799260663819	0.3849809736247599	0.463154805257722	1.1057078942621759	0.42430234467234423	0.5268964386611883	1.1087282764830568	0.08009080159346561	0.3434963393084542	0.36159744391905585	-0.01600580838042075	0.4312164443581273	0.66613959133153	0.04658901971427692	0.40041059714330984	0.9202642650424147	0.11297024414239555	0.446367368006364	1.0291703136666064	0.08012913881970869	0.42394287707245687	1.0591240092349576	0.034888847015379656	0.4357696258033061	1.0548212769683625
99	1.65	0.33301487579542327	0.5219077158460995	0.9562698681052597	0.340054953800796	0.6950686350507821	1.4167607019946444	0.31593950891958905	0.9034222422358607	1.8288698451902519	0.3423650949852832	0.6965338405539037	1.8872180894734008	0.400456502351448	0.7636617814483299	1.8977650486392441	0.2850403254486604	0.94330199711875	1.8728896034195028	0.11306697531828565	0.4975584393133128	0.9422382924296347	0.09177217846155998	0.6649878742452174	1.4049018133014266	0.05400698234468123	0.8754125292235352	1.8172607264292913	0.07660249086618456	0.6980677051742041	1.8785691903931387	0.0024976595857017507	0.7243367380335819	1.873505194829189	0.0653178120227478	0.9860847193504667	1.8876401100010272	0.24344865457628884	0.3107834363607974	0.2773050995656563	0.2509736089390595	0.1728111336740938	0.04600465596837488	0.27287397798718094	0.155064996141375	0.19817341127589674	0.40562798791924654	0.3909533653166023	0.3633795430320204	0.4665110591443762	0.4138552275877456	0.6853549457904738	0.43896320868468497	0.47380017607668945	0.9687576838063672	0.3728599203061445	0.4581149805991246	1.0908842973640347	0.3811113355090116	0.46239590327427504	1.1058812554531754	0.4243924954522039	0.5267407875461969	1.108798200130976	0.08009302048732382	0.3434937676389959	0.36159414565380155	-0.016302399778182437	0.43128008333626877	0.6623419205821709	0.04499218277917592	0.3883978693349333	0.9202193850242107	0.1131391602854664	0.44596688303881743	1.0289532774571537	0.0802809584163964	0.42404673219822436	1.0590727668839715	0.0408298316611029	0.4239888872615421	1.0538007370303937
100	1.6666666666666667	0.33302889136745817	0.5218740238262061	0.9562373879435319	0.34010557908590777	0.6951561913951376	1.4167421480099052	0.31603549390725383	0.9028562907369952	1.8285994400642336	0.34531167657707373	0.7113374073610202	1.8915125978136262	0.40059391060030897	0.7635528894621126	1.8977569081610426	0.2850763262432349	0.9431455404935037	1.8726708397622833	0.11299337652755673	0.4976029757955408	0.9421715626347502	0.09110479025907613	0.6621215389834871	1.4000598363834742	0.05340245539339969	0.8718711165232761	1.8121050083309298	0.07554477237654592	0.6995781214044986	1.882759335970225	-0.0039280095172243585	0.7385768090586003	1.8783911296275138	0.06531763111885205	0.9861561049430401	1.8876220687474938	0.24133011050134748	0.2990298538875619	0.2797808313962107	0.25099186135240364	0.17274509927060483	0.04600075489945164	0.27293159877789236	0.15511706085949584	0.19821653387322577	0.40302072181610726	0.3799596772759627	0.36541496605114376	0.46646912485245173	0.4136926609755506	0.6853696852256383	0.43837515438619956	0.4715672983814507	0.9651146720452128	0.3728754543655115	0.45797985070731495	1.0909446748661704	0.38483876292583674	0.4636890838373884	1.1058205459568393	0.4241115833817451	0.5268543637724645	1.1087680711047805	0.08003990817495701	0.3434850800153311	0.36162015088306876	-0.016262963853653396	0.4312186696903984	0.6622993783415163	0.046556337339914766	0.40047060679948276	0.9202670895198382	0.11305600674278019	0.44566520400526954	1.0288909596796567	0.08061707805003222	0.42378109123364177	1.0625854881544576	0.040841011471472	0.42406781875858995	1.053784973434315
101	1.6833333333333333	0.33293116624415126	0.5218560058073496	0.9563110299899749	0.3400165473997457	0.6949734586128398	1.4166823677571907	0.31606864535920665	0.9032135068665799	1.8287571904074724	0.34533841864473463	0.7119685060821348	1.891833352766682	0.4005386824003411	0.763904339122031	1.8979770678050742	0.2850879408234355	0.9431380956052329	1.8727319186721998	0.112826873829399	0.49763384821726	0.9421743300967226	0.08529560898560831	0.6800897498904429	1.4077518581686868	0.05521413942950243	0.8738541014987731	1.8126548916542877	0.07013406558953102	0.7135968897062502	1.883940887924458	-0.002829567170573281	0.7372219840707103	1.8744197563991702	0.06529242219150054	0.9861732921511129	1.8874835921943947	0.2413071399641498	0.299019765151568	0.27981683841195526	0.25098417118537797	0.17266144440875278	0.046043893582145466	0.2727917888782488	0.1549910035636965	0.19819221105829668	0.39936042241127356	0.3803331798705517	0.36883404404203757	0.4650119571745596	0.42481025732076666	0.6847813471657332	0.438877980544975	0.473917008443633	0.9688563129767732	0.3723168149892725	0.459149305155077	1.0944027640917187	0.3810192668884135	0.46218605996737067	1.1060077720229196	0.4236483749865776	0.5267117790154988	1.1085611883786952	0.0800311775996986	0.3434758349284297	0.36162236905533407	-0.01639965482993466	0.4289687942113545	0.658544242504034	0.04496662248479158	0.3884641753273146	0.9203129598253904	0.11157084700681835	0.43200539640034663	1.0285715845503398	0.08040025525271902	0.4228051675114641	1.0625174974513902	0.040707960327135244	0.4240110947565172	1.0538337464223473
102	1.7	0.33249027566494443	0.518953517188753	0.9520518593055247	0.3400797024150274	0.6948341348899658	1.4163819576513674	0.3159650578938209	0.9034919319923221	1.8288244483740197	0.3450058165492092	0.7113331782698435	1.8913927925445628	0.4004859609939572	0.7636813756750032	1.8978405951549384	0.2850926073838247	0.9433957753579127	1.8725957450260455	0.11286981582463138	0.4976663756428077	0.9420883911212913	0.09169456164738417	0.6652273366350785	1.4048286033444797	0.05512771529950115	0.8739845220803565	1.8126308691506179	0.0706168094747041	0.7171283640158691	1.8896257726150385	-0.0028799625152238755	0.7372486863516283	1.8743769237872014	0.06320173602496736	0.9674574511963203	1.882741511393824	0.24126043277804907	0.2992426415399208	0.27981485700472597	0.2508669096541132	0.17268489282796687	0.04612611367690306	0.27070385243456685	0.1447106965591844	0.2008248825124004	0.39935082421359597	0.38029851318644003	0.3687755166833828	0.46206422530649455	0.4128034675342312	0.6856346764938583	0.4382932506543359	0.47162398205015327	0.9651703119522694	0.3721317247960451	0.4594573329320221	1.0945533814937791	0.37633626286501165	0.47510166142173627	1.1073977479640253	0.4235454376033462	0.5264740773397243	1.108632618059465	0.08001075432884261	0.34360728438123583	0.3615784561137172	-0.016348998663021842	0.428994065238569	0.658509221621736	0.046119769698735824	0.40072455378414257	0.9167229663609976	0.11156105244892828	0.43208562989093785	1.0284134123970907	0.08001898389845141	0.42259051878716714	1.0589670357200478	0.04071989100582352	0.4239730533871714	1.053780996678486
103	1.7166666666666666	0.332273041717154	0.5191897333257971	0.9521266412121476	0.339586163891745	0.6955788913554989	1.4129331864587036	0.3153308791565556	0.9041565893025637	1.8247803429540774	0.3420460387892465	0.6962960709373234	1.8870098061172458	0.39943166205923925	0.7601515280100047	1.8926247005880374	0.28505125108116086	0.9436332979726095	1.8720737320794947	0.1121660622541305	0.49810499071522857	0.9385480832241458	0.08531464054059333	0.6802037443517815	1.4077770939511562	0.055822140104980246	0.8784746087667988	1.8180996859152743	0.06973816627813931	0.7195965036458145	1.894245033084714	-0.0029855554506378764	0.7552334323500938	1.8833018893055888	0.06562653465859383	0.9912782616758493	1.890263302550442	0.24119683736523218	0.2990844241790723	0.2798452341176616	0.2509892329928605	0.17258562210528658	0.04628822011342332	0.26618552453892663	0.1556923580541708	0.20173936556086372	0.39905082191001096	0.37814354974542835	0.36575998435392193	0.4644491722935931	0.42222446827386156	0.6814532298036544	0.43828612960594826	0.471763036558644	0.9651211638897615	0.3719390725972141	0.45976342893529915	1.0944920033470213	0.3761879770125658	0.4752725373502341	1.1075013842530435	0.4237147912506147	0.5273995471407155	1.108831102129746	0.07998835877470542	0.34347415263789194	0.36160505232973283	-0.016410782788422684	0.4290536985638707	0.6585799861114965	0.04450474509859301	0.38603785436646587	0.9163331592616675	0.11012084018319383	0.4185384679876735	1.027860136733576	0.08001313173771747	0.42011553679052394	1.0586539747899166	0.03484255956341819	0.4356180081966771	1.0548821288028343
104	1.7333333333333334	0.3323787870506701	0.519021620087078	0.9520133670488847	0.34002775774008404	0.6949036087605153	1.4164819402900104	0.3151879631242659	0.9047934373767209	1.8250319147170944	0.3421039911285002	0.6970003375031709	1.8873332313008884	0.3994025062217823	0.760793914527674	1.8930263035970571	0.2850009164667764	0.9437669639458297	1.8724568227320697	0.11270955305591929	0.49794038853691175	0.9420159962858405	0.08523358952255235	0.6803504583832005	1.407878474448517	0.05415269716100539	0.8761748148640282	1.8175640293855662	0.07057253932449362	0.7180562838583822	1.8897905379979714	-0.0017948264251249142	0.7533819034236663	1.87898854603405	0.0656248217242514	0.9910129006368331	1.8901552988286492	0.24136471917930136	0.29932005843420534	0.2831787574309228	0.25104666041388113	0.1724434631704158	0.046299635844628526	0.26244014055718146	0.15449143266405732	0.20220059783096692	0.39906054274363656	0.37810970197403554	0.36574345814950304	0.4616395181981855	0.41053018190238416	0.6823646408200116	0.4337991927976498	0.48578543617636943	0.9659358600016177	0.37187278957329867	0.4596154397561784	1.094515932435425	0.3761669981130435	0.4751179661226856	1.1075718022877867	0.42368722963123295	0.5276553924771858	1.1089984558468085	0.07999722363609069	0.3435750351933634	0.36152386262718167	-0.01609537786224279	0.42910572597148344	0.6624186503400296	0.0424779125410434	0.39598931921134867	0.9165490093526044	0.11015916845610055	0.4185481076402144	1.0278849495098945	0.08019340749237672	0.4223725050983372	1.0625085694276935	0.0347479207894519	0.43567777856524137	1.0549360477912286
105	1.75	0.3322473974126068	0.5192660756999771	0.9521601335043052	0.3360087342834591	0.6938615436020719	1.416880252640095	0.3169747111225183	0.9078291658194925	1.8345762116360165	0.3418873319578289	0.6976577366599556	1.8876576119795438	0.4005062854392836	0.7643723557062924	1.8984683260311666	0.286288909812362	0.9472440652535876	1.8775783516930822	0.10887756466018643	0.4965213766553126	0.9422244033670377	0.08524659912722782	0.6802133589565164	1.4078115204228336	0.05411240554784627	0.876038421383651	1.8175567167075763	0.07075826242397093	0.7174169511704788	1.889924007577309	-0.003955357669705391	0.7391171402863589	1.8786910937531511	0.06558948215886941	0.9908081743763559	1.890201788406553	0.24131652882298604	0.2993926038393822	0.2832303745421884	0.2511353147639399	0.17227546807689456	0.046455099390621195	0.2623324463215419	0.15442071172111296	0.20238629715491188	0.3990312795223984	0.37806484603476137	0.3657362633811813	0.4644209073142041	0.42237964739697115	0.6814242926965184	0.433854881504838	0.4857070349729808	0.965889928331695	0.37185194253190074	0.4596087301644522	1.094348292329902	0.37611336757751374	0.47517448875522805	1.1074666884621032	0.42601922067130293	0.5401086112973357	1.1095922871161745	0.07996617822143377	0.34361590998468766	0.36155650221189245	-0.016128687316334774	0.4291243942925366	0.6624589561523095	0.04088447922513031	0.38397954637603976	0.9166466602224119	0.11013032451708007	0.4185127708018814	1.0280792322020897	0.08002935558140988	0.42245612881038375	1.0626007885219233	0.034688011645749264	0.4356890073244251	1.0550319175987524
106	1.7666666666666666	0.3321673334257559	0.5194949215198866	0.952309084532289	0.33602146031091595	0.6936365782272838	1.4168234466546352	0.31700145587485556	0.907050550567402	1.8343479930502962	0.3419081769004695	0.6964817186273033	1.8871897955884902	0.4003880759504737	0.7638142378693762	1.8981324985522794	0.2893454042879975	0.9626326697518256	1.8821385985152144	0.10883516529893772	0.49671901443567673	0.9423424232234975	0.08520559021868465	0.6803512539084016	1.4077908518533007	0.05411439515567723	0.8755747580043772	1.8172996738253275	0.07074798888928191	0.7174061688218811	1.889834141138824	-0.003969649961616776	0.7390681984579203	1.87860551640077	0.06270042903341241	0.9681306367103322	1.878919006897166	0.24133279432517116	0.30150203481964843	0.2863508152752414	0.2511677382113876	0.17225573446419282	0.0466306155775558	0.2604883639804808	0.14501889369125284	0.21129889396596613	0.3990254419255966	0.37828263938333995	0.3658191817901319	0.4643635953086869	0.42241023983961673	0.681509777397079	0.4338180297667728	0.4856986688379429	0.9658778865671914	0.37188190373079233	0.4598479590616492	1.0944311397229758	0.37614463845321444	0.47536735703870653	1.1075079222890398	0.42613228667655934	0.5398124261701751	1.109533298685918	0.07992425194494807	0.34361562540263724	0.3615598157538281	-0.0164740409570278	0.4300262827726858	0.6658494220328958	0.0408157309770247	0.38391420321038355	0.9167009748018642	0.103114003768746	0.4175063460561885	1.0286255181237849	0.07978515088850792	0.4216356541111763	1.0624593417973274	0.03457320408944167	0.4356358246855257	1.0549677273255182
107	1.7833333333333334	0.33210414238625435	0.5195001362157703	0.9522646009882376	0.3359809202444679	0.6937237833493257	1.416719135133055	0.3169884749765092	0.906611618950433	1.8340501125395376	0.34184275365805655	0.6969466297883202	1.8872692882365665	0.4003507217648473	0.7638345801466453	1.898000273314867	0.2851902889757128	0.9433182770059328	1.8725722658058865	0.10868644724803131	0.4965764011717292	0.9422665154038816	0.08516922902053088	0.6803824973285436	1.407824181018124	0.0541044808333599	0.8755707991846071	1.8172980419254197	0.0709025943494124	0.7174982036767698	1.8898466922550385	-0.003918465470588678	0.7390082372851288	1.8786534994538397	0.05927211730768883	0.9657378526569372	1.8825242889744747	0.2412527860144281	0.3014562451101923	0.28638590874186576	0.2509805921362545	0.17231171079582283	0.04650895484709566	0.25568852917954143	0.15573119780337458	0.20891786073583876	0.39901079259807104	0.37836344690892004	0.36580928536374485	0.4643926469707139	0.4223731288976175	0.681465756905369	0.43341890614371686	0.4860166748119191	0.961801529432009	0.3718640629174316	0.4597294899732094	1.0943101584847932	0.37609272538317295	0.47529293701277014	1.1074721556367504	0.4232431677599933	0.5278268124963479	1.1088958970613874	0.07440077871791584	0.35513841353524844	0.35971965870112677	-0.022627816679643736	0.44235578043023743	0.6652707733065419	0.03483965901991458	0.39609143211450193	0.9171884744396073	0.10866601374657005	0.40489156011109695	1.027552572787956	0.07966269625920123	0.4190637244715643	1.0584337331267588	0.034517032227551016	0.4356162769318544	1.054920121240321
108	1.8	0.332291219927107	0.5192321539667049	0.9522236268911879	0.3360265690597842	0.693359343446219	1.4168048190813982	0.3169512634720267	0.9070273987409422	1.8343695175580101	0.34013900312732825	0.6971256533724499	1.8910732196463416	0.3964807827717228	0.7504275955925831	1.8900515783030774	0.28939536722795156	0.9631566307692815	1.8821943757402817	0.10873948306284381	0.4964537585458789	0.9423810413428649	0.08518957798808029	0.6802223796484751	1.4078240288991855	0.054001652007821456	0.8760750031223844	1.8175964145362395	0.07650346095228555	0.7037349474298316	1.88859750094078	-0.003824130640673069	0.7388486881897897	1.878650219871525	0.060062831087522466	0.9694523612831065	1.888724136840797	0.2412911123890498	0.3009060408981223	0.28645170977446976	0.25108959513932283	0.17272774114606076	0.04980661347877873	0.26056765117578756	0.1447701284600897	0.21184561750618194	0.3989787302165551	0.3781703449319976	0.36585934018431837	0.45706620170782264	0.42466168581712244	0.6850625506750158	0.43072323510908966	0.47318167152002244	0.9615448683751179	0.36830561785653015	0.4576969084204334	1.0911127911244878	0.37601974755080425	0.4752409988909933	1.1073650855259634	0.4226199342472371	0.5253571750772094	1.1055815330646823	0.07461240294360824	0.3551878484541711	0.36332314443464386	-0.016482712827872233	0.4296472180454247	0.6657365052502652	0.03471139470274708	0.39601202342830555	0.9174562638173338	0.10295012594580846	0.4170981645746035	1.0286455809611204	0.07522654783144309	0.4206282444567665	1.0594611596178574	0.03372724657568529	0.4361265318889889	1.0579743088793303
109	1.8166666666666667	0.3317605461854259	0.5203171907933224	0.9557213027384673	0.3359859634358868	0.693290846116537	1.4168230404576858	0.31684444752544505	0.9066488833568398	1.8342138537127397	0.33958172223383876	0.6973083253754966	1.887378990994275	0.39643702161951866	0.7500552918783009	1.8898659218139178	0.28819758352635216	0.9596632554485385	1.8773280149243619	0.10819665849642233	0.49746957021295896	0.946172961369184	0.08515119056417188	0.6802524653561902	1.4078872643487206	0.05400056996383952	0.8761250920755835	1.817570790468259	0.07652170792087606	0.7034973902635712	1.8885494667132252	-0.0038081907843529844	0.7388356701558039	1.8786271158415853	0.0613910818727068	0.9840486577657668	1.887587287399936	0.24133680489769807	0.30105581779182333	0.28648757721460355	0.25093179622624917	0.1728305218778361	0.04968742851343539	0.26049532181276946	0.14464341758127036	0.21193492265707448	0.39893906265622825	0.3781963862588932	0.3658431895763962	0.4570002260821837	0.4248067059406933	0.6850308087149698	0.43068499474801086	0.47339957271598104	0.9615523906130103	0.3718903497342791	0.4600877554497825	1.0943196485397029	0.37609754000235407	0.47549818687238876	1.1074027048498691	0.4256450391988962	0.5379348533995291	1.1062761385224764	0.07435841086943713	0.35506327966157586	0.3597307804982301	-0.016487498597254152	0.4298156721986318	0.6657967057733315	0.03468672219653152	0.39615157826752007	0.9175526668397268	0.10302107864596351	0.41667204674346464	1.0289285975441482	0.07549690743959392	0.4200048240571053	1.0627048566673898	0.03384552056506766	0.435872204436853	1.0581378661749063
110	1.8333333333333333	0.3317731582199799	0.520287726823749	0.9556836374516107	0.3359967283315319	0.6936596971450152	1.4170597365790596	0.3170224141913105	0.906331192714973	1.8341741186781007	0.33940472687037293	0.6980369826613013	1.8876513468400717	0.3964036709290263	0.7503831705961546	1.8899829783457218	0.28938456395006074	0.9629875934224155	1.8822603307233292	0.10814965453031211	0.4972952557042817	0.9461798856388975	0.08514389113354294	0.6801455070374869	1.4078760435632605	0.05405869262462079	0.8756131765850019	1.8173941751260676	0.076665878963442	0.7031118559856264	1.8886292252610566	-0.0037861162478752997	0.7386873894771169	1.8786827592634134	0.059294712700619145	0.9656308062833507	1.882450247549674	0.2375218295140999	0.29980920072411754	0.2869615386315967	0.24885309282600374	0.16255482068413596	0.052840750501832665	0.25837400615242245	0.13408577488257997	0.2147939686421708	0.3988885401036767	0.3782160791902207	0.36582099197767337	0.45979452892938133	0.43669687956978287	0.6841091248187491	0.4333620176908695	0.4860872567573883	0.9617365124554416	0.37188207532207795	0.4602512373747279	1.0942992410756118	0.37610484881289397	0.47552018923398326	1.1073237966762723	0.42534183130643927	0.5376552229135592	1.1060798256755773	0.07454917192235366	0.3571361685815956	0.3665594844616653	-0.016347203194496798	0.4319142448975639	0.6695464097889786	0.0353478867129777	0.39821319698617164	0.9254590998268608	0.10156264461662584	0.40461748852364116	1.0355131141822427	0.07469183699199829	0.41764172001630456	1.0587756991514796	0.02989440696843235	0.4346074154588038	1.0583157644573473
111	1.85	0.3322233367211527	0.5189315707508764	0.9520416496633047	0.3359345488551083	0.6936841224191772	1.4171026529553818	0.3169323022098577	0.9064538341676264	1.8342712852645389	0.3404986798657886	0.6967498159034463	1.8910930557696426	0.39666789233053784	0.7500602684424941	1.889976473607548	0.2881465348118697	0.9591196590470169	1.877368049830337	0.1080400703730236	0.49697431855407154	0.9460076907646419	0.08512160829562043	0.6802327836984657	1.4079653739077571	0.052357729215725735	0.8737690035529915	1.8169951142445326	0.07663691262665011	0.7035694027854307	1.8887315380158285	-0.002919505285023663	0.7548480962378135	1.8833238786278068	0.05929144574015439	0.9651734298761007	1.8825554113019831	0.23748122708250902	0.29979673039651866	0.2869180369148438	0.2489947732995289	0.16285030478469778	0.055588202282059934	0.253585992629383	0.1445814640439089	0.21232972588217872	0.39886559078573663	0.37818812159166504	0.3657871672929051	0.45687820060721335	0.42500003093054023	0.6848354906022538	0.43328264669069366	0.4863472048449355	0.9617026799709841	0.3675615195936196	0.4596453773044525	1.0907278794120565	0.3760913576599093	0.4754486028982376	1.1072839403531942	0.4256579023142841	0.5373759455569466	1.1061413312552886	0.07451830338594559	0.3572060526190172	0.3665131933960321	-0.016447760152490346	0.42975709141334756	0.6658045238785917	0.03528082451520479	0.3983262300293864	0.9256544263874235	0.10137599448732912	0.40489847195181117	1.0316932729307793	0.07431461396418818	0.4178798040148369	1.0590425415862488	0.03397882705405434	0.4358114051827116	1.0618065713820473
112	1.8666666666666667	0.3323835331048954	0.5187502054070928	0.9520358660445462	0.3352355961434176	0.6948027333665335	1.421561337009089	0.3160511443726439	0.9024837804294155	1.8285938032684796	0.3403834643039245	0.6963605071449105	1.8908311074864448	0.3955469875820047	0.7465420746636884	1.8846893425070048	0.28816985679804724	0.9590057324651863	1.877107743160187	0.10439439509286409	0.49561466744454613	0.9463952977396655	0.08510525567066574	0.680226724444185	1.4080294007757441	0.052979485244904166	0.8774243685318751	1.8221989823359663	0.07566099296143598	0.7046744381241032	1.8927894125977403	0.0014414675347488462	0.7261191264619992	1.8779652229767971	0.05931949716058421	0.9653469520153468	1.882560492361793	0.2374583273122044	0.29987540084543274	0.2869450511977265	0.24907230700555497	0.16262429210882892	0.055744332093958286	0.25343610717106346	0.14506675616618353	0.21521475960951592	0.398860656135998	0.37820575705003845	0.36581149738503344	0.45696006053109867	0.4241113870996342	0.6814284392996205	0.43329314201579733	0.48642527557290677	0.9616716650206183	0.3628905673286437	0.4725618153861521	1.0919079485037304	0.37601421500080684	0.47558796868252473	1.1072877124866007	0.4254358258984276	0.5372818876869838	1.105961103123019	0.07447104733061614	0.3571082197719478	0.3665851535196658	-0.01637580976880674	0.429590181650851	0.6658452106178666	0.03467986508359416	0.39933014823247087	0.9292776735571074	0.09860736861636837	0.41645510696037424	1.0365689733575114	0.07046618666280263	0.4165093339844286	1.059151055545927	0.023795861820411816	0.4472626527383788	1.063167016920149
113	1.8833333333333333	0.33231476603815086	0.5189192961764983	0.9519902395129158	0.33596859811639485	0.6936105997828718	1.4169991925462355	0.3170909424235777	0.9062981204608609	1.8342053258248239	0.3404208443768798	0.6964327705890285	1.8908897813448013	0.3965835241010477	0.749917074030068	1.8898818159964292	0.28831511120290826	0.9591804673066112	1.8769521978143593	0.10436130917819453	0.4956952485394965	0.9463757520799129	0.08506663007568183	0.6802077075410962	1.4079979662712092	0.05302445694407391	0.8773921951053055	1.8222008662178872	0.07662163759603656	0.7031544390662846	1.8887026199428116	0.002530514091767883	0.7246037198161819	1.8739580747183342	0.05933188089302131	0.9651688156380723	1.8825232217074015	0.23741085697975456	0.29978422467993954	0.2869639440846904	0.24903374925227337	0.1627682597117509	0.055792415663232786	0.2511647126020609	0.1345496421082619	0.21790092566047015	0.3988661097076523	0.37826732491665727	0.3657852501170412	0.45274104581417934	0.4376510135524843	0.6806809438005885	0.43329715914952216	0.4863077515517227	0.9615754365109684	0.3680458344842826	0.45875491524493645	1.087108697530662	0.376106241048705	0.47561370740528164	1.1070096230217787	0.4248281534010841	0.5375856897447228	1.1055634118948787	0.07443117094229466	0.3570808986716928	0.36662106649286763	-0.015984507625487185	0.4286398352611658	0.6624928964591882	0.03488959302192852	0.39928043678257535	0.9331739320305574	0.09768050345695814	0.4031041475312692	1.0360948837881343	0.0689610252947692	0.4040796020122583	1.0586575913552962	0.02361564482962807	0.4473952782558601	1.0632679314827023
114	1.9	0.332127393617836	0.5188877009364484	0.9519576722285373	0.33555918352549113	0.6940893125446097	1.413377007982734	0.32301282298831274	0.8886210911842799	1.8286715453685456	0.33943773633076374	0.6974343388322247	1.8874370791225974	0.3964204628044484	0.7497762346547989	1.8897396845928924	0.2922717486940072	0.9628083175777994	1.8771680617922866	0.10428213651858473	0.4955394875809967	0.9463714909548961	0.0851340604602879	0.6800823396374168	1.4080111784383287	0.052969411033013516	0.877587990422921	1.8222470565218285	0.07655885952208567	0.7033916790338403	1.8886460211581524	-0.0029181635090772054	0.7548251389566836	1.8833075913722752	0.0595966398062336	0.9700918603132788	1.885090305589312	0.23730235818878234	0.2996674801101595	0.28696864444461245	0.24408330261733793	0.172721408214501	0.04949733233337329	0.2531844010746955	0.14503417206101923	0.21523401909798706	0.39907989642972286	0.3803017107065061	0.36894040908317743	0.45257841363280166	0.4381787450379587	0.6806421990016364	0.42883585856721246	0.5004538434471754	0.9623656917521142	0.37158982177720407	0.4604008545512996	1.090400739824924	0.3762374669324258	0.4753923814959652	1.1069884788797248	0.42492023069039686	0.5377166223914225	1.1056183531213255	0.07434210252133334	0.35701430569553894	0.36668275987190324	-0.016250286076710866	0.4318348298940087	0.6696091639017023	0.035126179141459477	0.40179503687809304	0.9373863130900648	0.0974714335283597	0.40309337918352534	1.0362052117308655	0.0692601647512638	0.406228018100824	1.0627449319240643	0.023670713498569015	0.4473097623381019	1.0633820083709595
115	1.9166666666666667	0.3315680733033497	0.5163654978511079	0.9478442535959369	0.33598304387554667	0.6936350808848106	1.4169674199550781	0.3160920394169893	0.9022688575939171	1.8284252947710506	0.34043598574585104	0.6970757078344173	1.8910755178230947	0.3989954355355141	0.7597774927386635	1.8922013585421598	0.28794160301882166	0.9434132205894714	1.8680791424500525	0.10040806180732063	0.4943302436298193	0.9467173708602962	0.08502516941796778	0.6802337568286766	1.4080653537960297	0.054078687624782455	0.8759715501489063	1.8175593505091583	0.06977738124955353	0.7196235917465438	1.8941289852101855	-0.002970934094939048	0.7551119557986649	1.8832778121600071	0.060318455467116214	0.9691482486025872	1.8886839427337754	0.23729266801975554	0.29957786227996286	0.28690230616212375	0.24054942477970642	0.1716203419614947	0.049881182806923025	0.251091255297451	0.1345924114906638	0.2177768048185124	0.3987581767563316	0.3781868343225533	0.3657888617202062	0.4482502057126394	0.45168489280512214	0.6799985745699169	0.42885400097264575	0.5004786948297255	0.9623218973276648	0.3715692069824371	0.4602796698253002	1.0902884996773856	0.376232068684538	0.4752568986553197	1.1067980355500144	0.42096276858118686	0.5356243427614727	1.1055152462346136	0.07413279791483098	0.35671230617610494	0.3631125545748424	-0.01580356287962657	0.43169276152543457	0.6735814580527261	0.02906206629640355	0.41417954880665675	0.9381744350036185	0.09127927725701765	0.4169483123227901	1.0402066988610001	0.0684502139915696	0.4044509973562351	1.0588528204901806	0.01746970114360622	0.4599297706180264	1.0645766967419592
116	1.9333333333333333	0.32663806957835784	0.5298980536922275	0.9485001177272865	0.335544318249826	0.6942272056277446	1.4132774084513449	0.3159942067708217	0.9026923010767643	1.8285572582572407	0.3405610735575335	0.6973328335903277	1.8913122972254623	0.3986174247613834	0.7612458133625827	1.8889439632057008	0.2921562919838424	0.9626662568708081	1.8773760090955076	0.10034470725779852	0.49443759719510744	0.9465162001674072	0.08454509533692549	0.6769464830067031	1.4030810272167622	0.05415403555758501	0.8756258794440394	1.8173723446060315	0.06963164414300578	0.7194447752642124	1.8941785827457052	-0.0029571448076709567	0.7551340068505958	1.8832582420582222	0.06288526443953187	0.9679050456856405	1.8788382749889958	0.2372424503802056	0.2996631110844555	0.28688624709568494	0.24021541455960102	0.17127369045784888	0.047088758660966894	0.2509211863457925	0.13346513681105163	0.2116907053392537	0.3987021066038571	0.3782131162602194	0.3656896845954481	0.4481586662563955	0.4519317989810492	0.6799864872540697	0.4292492921096981	0.4994627493668237	0.9587742958937797	0.3742166832674046	0.47257852285799495	1.0908136656113447	0.38070340346771286	0.4629078384820879	1.1053619132603045	0.4208250457605708	0.5353933088554034	1.1050992656828762	0.07413573333153907	0.3567425179810993	0.3630725361976215	-0.015416329902358628	0.43096659310144236	0.6702409993946121	0.029004604404847832	0.41434228206186885	0.9382384218093698	0.09135335806193032	0.41648945451399993	1.0402998528852703	0.06873430038862936	0.40643190128996304	1.0629978818501562	0.017339169497620703	0.46035441745454553	1.0646737848500292
117	1.95	0.32671413016502987	0.5297845891775288	0.948488408145244	0.3360066153643181	0.6934546002478383	1.4167222246214446	0.31712180581550314	0.9062458435865478	1.8340466788399918	0.34066590885900716	0.6963247289271748	1.8908792450330099	0.40201583137244207	0.7329622179992192	1.8840455986312978	0.28906949182759795	0.9472701895186896	1.8730499427479999	0.10029753772571713	0.4945067179011644	0.9466943378656744	0.08513262034332147	0.6799259539870292	1.4079539629575504	0.05478755356330765	0.8795156318834069	1.822729091918594	0.06977901835772048	0.7189990929622876	1.8941378870932652	-0.0029117499857145425	0.7552181997255549	1.8833037422667092	0.06360522292765002	0.9718650653900468	1.8851339167992014	0.2371866890186142	0.2995733470755423	0.28683561825779147	0.2402269103273982	0.17118731723087866	0.047098764326757206	0.2510074216643813	0.13361529963285626	0.21158352988097245	0.39873056590873457	0.3782327292419951	0.3657110960275907	0.4437306162189524	0.45101052263260827	0.6801986408068854	0.4291276124940999	0.4997830904252166	0.9587602143084683	0.3747942830838107	0.4716229755016359	1.087269028423685	0.37630697000614066	0.4755981895325515	1.106611625669389	0.423836596065762	0.5486653702612498	1.1059193907463136	0.07411941130884102	0.3567185535663454	0.36312151885617455	-0.01582569143787107	0.43198538744571596	0.6736705542923881	0.028987194969535217	0.41447174557913063	0.9383304236058602	0.09112810623602323	0.41740853204241196	1.0403859769852584	0.06871549615902452	0.40671388537314046	1.0630478241412449	0.011072432881293262	0.4727626012707323	1.0659265555312298
118	1.9666666666666666	0.32663246226789516	0.530327554216982	0.9487367894581445	0.33597594658906205	0.6935030586390165	1.416697791962416	0.31589795585292657	0.9025288376238976	1.828409192309607	0.3412563864192351	0.6946166401628394	1.885985628048988	0.3955570231852548	0.7463184170355728	1.8844723018116152	0.2890133923664381	0.947018540411472	1.8729911047676115	0.10066157370167801	0.4942319614243584	0.9502325421982075	0.08454146055700118	0.676861931894415	1.4031099329855345	0.0541335430760782	0.8757013494454	1.8173868229074897	0.07083539245702965	0.7177222455586008	1.889865726361093	-0.0017506990734803124	0.7533893818476942	1.879021284483878	0.06277722689488252	0.9680562879029855	1.878997270124304	0.23204139292424902	0.3111494600436544	0.284567250304717	0.2401774216876078	0.17096560533472469	0.04693788682626487	0.2509533904407651	0.13382676743726804	0.21147349751310218	0.3987055595746578	0.3782374839038535	0.365719270083836	0.4437100207126682	0.45107139562648124	0.6802291236059459	0.4291074568088279	0.49993138715164226	0.958726521522316	0.37475115761405303	0.4715661425001203	1.0871925425608102	0.3762854210963438	0.4755697200335529	1.1064928205632403	0.42391513244678314	0.5482508717618666	1.1058156952553269	0.07408034132173753	0.35673174268306024	0.3631361026824954	-0.015852505907545254	0.432100695829698	0.6737479418153048	0.028519727061733086	0.41543365108299746	0.9416153207128772	0.09043172418696345	0.4187706366560795	1.043418314661174	0.07050282697159803	0.4190699522872999	1.0636485187347857	0.011132583809197285	0.4728088704054726	1.065904096739879
119	1.9833333333333334	0.3266881968104754	0.5303965447326137	0.9487583351308964	0.3359992797334516	0.6934635505422575	1.416742426823624	0.3159006702272206	0.9019892269609995	1.8281501504098459	0.34027906509269135	0.696683942585155	1.8908826018190514	0.3985146784093494	0.7607254147085944	1.8885293136216084	0.28783422478476023	0.9432548040312999	1.8676523808836252	0.10063967380065979	0.49439930272798555	0.9502877448723033	0.08507525826640368	0.6761918767317473	1.4070783621466818	0.054064476187015285	0.8754714096454373	1.817293265851698	0.07081247980824223	0.7177088878040042	1.889894870021815	-0.0027653004321253664	0.7375603030513349	1.8745710083064393	0.06271726041872047	0.9678963162553005	1.8789615583469812	0.23197322113161015	0.3110174152749491	0.2845293270375011	0.24018490197988113	0.1707305694159494	0.04686326402306999	0.25081472625394885	0.1334796537393163	0.2081368138300485	0.3986607038966808	0.378257562821164	0.36570746783792757	0.4392098882285961	0.46461049570130325	0.6795235304021404	0.42904834159433725	0.5000349525372993	0.9587545761659321	0.3742799972826769	0.4724491737975053	1.090801079971818	0.376311271255973	0.47562113908484094	1.1064759862538214	0.424073821679092	0.5482207037998349	1.1059409038603727	0.07405126594206836	0.3566517312749611	0.3631550943413124	-0.01575480026407884	0.43201688871690697	0.6737224162917546	0.028490651269140757	0.41558002435825736	0.9417050194903017	0.09044321787624097	0.44548136684255774	1.0448965454972956	0.0705981665398311	0.4192656618737569	1.0636595886602611	0.01110379200869098	0.47290091935048556	1.0659681226989053
120	2.0	0.3266349679158491	0.5305248654311293	0.9488382684593359	0.3359341007875748	0.6936640312318407	1.4168637105574284	0.3219709296068186	0.884376291597837	1.8227584132191192	0.3415159870493804	0.6961887496773642	1.88665520020752	0.39873317738555153	0.7607322851708221	1.8885194413408353	0.2879835028502525	0.9432466902387394	1.8678825283735159	0.10073233305936949	0.4940933631586017	0.9504229053538161	0.0850099367989453	0.6761746954207294	1.4071990042325302	0.054722570796054006	0.879675981069873	1.8227497116162334	0.0699559225564025	0.7187459456626919	1.8939376543257143	-0.002914975319144808	0.7549389772111419	1.883253425185916	0.06408804708317735	0.9713139647754244	1.8889198997496641	0.22980966821121926	0.29923680373961303	0.28700474941118304	0.23997566105485207	0.17094790387704367	0.04672554433759018	0.24922070474795557	0.14287258845242654	0.20573573989221888	0.39844105586161505	0.3780255074224851	0.3622002943802415	0.43905807128475594	0.46470681957715315	0.6794402942332078	0.42907785763310596	0.5002016842174534	0.958771582505448	0.3742422735500482	0.4725894235033287	1.0907447541937696	0.37625837764835784	0.4756608485146639	1.1064059710648855	0.4210155128705827	0.5355620611468069	1.1049889271230486	0.07407638898168628	0.35649423234897837	0.3632045097456406	-0.01594554727826224	0.43239323348747744	0.6736754018697958	0.028512600820808847	0.4155294288849097	0.9417102398449573	0.08613356407327385	0.444327396947786	1.0452881876343882	0.07040241129508938	0.41916441723674047	1.0637549019162267	0.01108773844576855	0.4727981497311798	1.0660121346569937
121	2.0166666666666666	0.3265688291821304	0.5307447294604035	0.9488313457507921	0.33594800675838415	0.6936481261495603	1.4168039895157394	0.31617669609624	0.9024255829174528	1.8284241227112858	0.34170563624947364	0.6967143850833968	1.886987311952944	0.3991624083934764	0.7599778063115236	1.8923584382596992	0.2880421995013977	0.9432594275908384	1.8681242672783056	0.10072029803786368	0.49410443358123557	0.9503378727109779	0.08503663747183805	0.6760816051201095	1.4071345969429554	0.05518319697742403	0.8741837085347625	1.812849358999998	0.070902054749359	0.7174377162111664	1.8897980966819312	-0.0029591140224074354	0.755028165805848	1.8831629118301911	0.06409692875167734	0.9711400726923408	1.8888133242230658	0.2298502796471095	0.29952151461511584	0.2869966504063521	0.23986550201909693	0.17122342936705628	0.04674660686379469	0.24905072629333821	0.14233292480801574	0.2023254454887754	0.39837118719393255	0.3780231006831742	0.362237926581837	0.43896673090781246	0.4647453194967716	0.6795008022655971	0.4291145145672358	0.5001973945177852	0.9587181176867604	0.37429428680745735	0.47253266138358185	1.0907533766674673	0.3807797841211596	0.4632162396443033	1.1050915751957224	0.4240800252151867	0.5481506042812148	1.1057118235497165	0.07433519860046707	0.3566858237975217	0.3667436148054589	-0.01596607026527215	0.43000886389995224	0.6700773912708595	0.02848406303404283	0.4154903375572174	0.9417054276758674	0.08619034142676671	0.4445118878906416	1.0453380309307765	0.07042100932513583	0.41914260646252227	1.0637806291357177	0.011014244575412838	0.47277431386853536	1.0660799713255613
122	2.033333333333333	0.326747935952729	0.5303373004185378	0.9488048441984623	0.3359670076233288	0.6937000999348308	1.416834466075628	0.322096900668064	0.8849228892865946	1.8231863066450777	0.3418744248019569	0.6970365723930506	1.8872256469751312	0.3992083276062092	0.7602380140907607	1.8925423768341423	0.2891447909090641	0.9467624580834827	1.8732490054268514	0.10074638199254779	0.4939846589197657	0.9504890547371467	0.08330555543914543	0.662001166012733	1.4051463087717817	0.0551958495454872	0.8742750263356103	1.812839779981556	0.07086121512680582	0.7176140288995905	1.8898547219737667	-0.001763211177625973	0.7533597485114261	1.8790732820756506	0.06618620678897716	0.9899440124569956	1.8936411873402628	0.22989803690586116	0.2994984146227541	0.2870069749693755	0.23995110436519718	0.17102790185883981	0.04676944516164669	0.25093931889503396	0.13284445867586156	0.20437152074950624	0.39860871661294306	0.378146744060837	0.36571124539935007	0.4390257156740187	0.4645965502041634	0.6795866505418433	0.42909904120096687	0.5001678928143861	0.958776212172514	0.3742013562258585	0.4726693894752914	1.090800566627642	0.3762693709619674	0.4757649773657732	1.1063852142593218	0.4240598255442682	0.5482475656717025	1.1056274067246008	0.07425830793600682	0.35675410903482374	0.36678831486693764	-0.015976480668732734	0.43236359916151373	0.673593560402285	0.028488474369161607	0.415516292955209	0.9417379742934167	0.08559184735672146	0.44565953637472816	1.0484885202424679	0.07038740503111121	0.4192121129579916	1.063812053107527	0.011001707713477266	0.4728303304009142	1.0660915035557708
123	2.05	0.32673547887991056	0.5304236375141999	0.9488404300620129	0.33598035454684755	0.6938286025830095	1.4169211786930909	0.31681985554566633	0.9020863767691193	1.832754152711713	0.34181044934066995	0.6972522752647474	1.8872887828721177	0.4003328529639366	0.763685777335069	1.8978019756880966	0.2891482437382303	0.947040297220629	1.8734472580828534	0.10073181219845664	0.4939702040665488	0.9503597995634869	0.08328810506388402	0.6619876610858837	1.405093989645868	0.0540338188113008	0.8759941087743659	1.817445270203373	0.07092642816068069	0.7174083576987339	1.8898083848315903	-0.0027283976596662258	0.7373710448441915	1.8745785704723295	0.06479660667337486	0.9871691847287163	1.8841141369969356	0.22982787039061203	0.2992616938820303	0.28697298049203596	0.23986401309613128	0.17103774326107865	0.0467206953314664	0.2510432761710168	0.13271727238047823	0.2041399610916725	0.39862470738369227	0.3780948290420121	0.36571322029909015	0.4390430060617354	0.46441679402512087	0.6795727093361431	0.4291531397038394	0.5002020244694887	0.9587259021808597	0.3742314587564764	0.47287390350643205	1.0907168263633202	0.37890880325825477	0.487555554094314	1.1070114188319025	0.4240805687606702	0.5482125602332031	1.1056569042253885	0.07423697594138866	0.35669834362014186	0.36682706013159255	-0.016066864408625363	0.43000593104306867	0.6700290025456879	0.028487670479247953	0.41549309334181045	0.9417053043481404	0.0914978844952769	0.4324306220635855	1.044318556295943	0.07040205947739646	0.41915462183256685	1.0638263335471652	0.010949609578694416	0.4727875852652458	1.06614377439907
124	2.066666666666667	0.3267024351316316	0.5306606742937455	0.9489051226638727	0.33601644986122864	0.6937372904166111	1.4168620332305821	0.3166987842915158	0.9019219489266677	1.8325811673262156	0.34189297116480416	0.6975862365877449	1.887434531751007	0.4003469543429458	0.7637087175489335	1.897849173086565	0.2891272078940839	0.9469768654539191	1.8734791410205618	0.10452394991237374	0.4956150479532001	0.9502549841850801	0.08325760908326138	0.6620605521493379	1.405134305279684	0.05414448794384654	0.8756732559273928	1.8172777493954588	0.07036969425735103	0.7133792513485796	1.883973006519317	-0.0039003870937604755	0.7389046057015056	1.8785248410585158	0.0648092058073133	0.9869147786171625	1.8837040706688897	0.2297856641087848	0.29699663224970296	0.2836713198772726	0.23974523478590973	0.17113694941342114	0.0466792472900159	0.2509255586210567	0.13073664637540747	0.19836145547418638	0.3983098958566192	0.3779078788850448	0.3622642135101287	0.438994369717721	0.4645541032710548	0.6796028734452904	0.42917021131432237	0.5000723443264754	0.9587694676016445	0.3742374163538778	0.4725281981331773	1.0907250198414036	0.38074635564724113	0.4631381723689535	1.1050882878433357	0.4241400520039662	0.5481760806829634	1.1056053898526892	0.0702997138739115	0.35492589968190624	0.3673552652502025	-0.015946968962370998	0.43240199821257475	0.673811549958661	0.028519518545646542	0.4154712603985852	0.941660441831156	0.08623861552010016	0.44399725399746814	1.045266890439674	0.07049999395178345	0.4191116829681728	1.0637541877061631	0.010942272835596525	0.4728174709128001	1.0661152290287248
125	2.0833333333333335	0.32674876535838165	0.5303899132460089	0.9488823744737461	0.3358819444668463	0.6937391413999499	1.4170764650289196	0.31608708598526375	0.9026813243114337	1.8285798565316522	0.34165535757022014	0.6969039636703351	1.8870974202803517	0.3972701721402732	0.7492574446773025	1.8936584999274246	0.28911231920516106	0.9470908679431593	1.8731580859357242	0.10068620856462482	0.4940951255479111	0.9504739700910222	0.08381960717521553	0.6651326051492824	1.4099183031755715	0.05414976326559236	0.8757442110242896	1.8173961110292478	0.07078771935226907	0.7172574327103459	1.8897747230544895	-0.002969359073179347	0.7549954508568592	1.8831409927284533	0.06487637074376522	0.9866690590393418	1.8837716566937803	0.22953088457142642	0.2966291910433831	0.2803525643194204	0.2397335782048302	0.17115709430330028	0.04663654066492999	0.2422134615016775	0.13958784120379103	0.19285982675819838	0.3984953292294121	0.3779016194896406	0.36569274692616965	0.4389049224669092	0.4644365704498294	0.6795736946468628	0.42922065606598586	0.5000447335133744	0.9587662435530709	0.3742076176930109	0.4728544818109928	1.0907366521385866	0.376260239968874	0.4756935033396519	1.1064505244245282	0.4242045279574182	0.5478290227990928	1.105630442343674	0.07025658996518395	0.3548974058206339	0.3674074576198903	-0.015872197952593543	0.4322450186468566	0.6739816129768355	0.028502745545157814	0.4153552801777357	0.9416298756495703	0.09035296235904314	0.41861934945368934	1.0435750262974215	0.06880514306931812	0.4068860299015507	1.0632546328642785	0.010931866404188964	0.47276237991687753	1.0660901700172696
126	2.1	0.3262576424291368	0.5313688468863895	0.9523207850494647	0.33592814941286725	0.6938372082491733	1.4170298783273698	0.3220568335857767	0.8848860601077276	1.8231872339264954	0.34140006448628435	0.696629162932282	1.8868171112100423	0.39721499647162134	0.749327811273288	1.8936211112438672	0.2891467790715516	0.9467064539738778	1.8731220320551965	0.10012721241785115	0.49502114694921473	0.9541065549045357	0.08325395264783617	0.662044582507771	1.4051561654914777	0.055249769070197026	0.8740349611489284	1.812734061664694	0.07003930718396535	0.7139913286775271	1.8841528323774621	-0.002957364810822429	0.7550050905573706	1.883134245972166	0.06545431852244121	0.9857991844231521	1.88752310322038	0.2295286118694907	0.296771240799333	0.2803367164475267	0.2397151006999791	0.17107620723855002	0.046539595747527994	0.2423763138283631	0.1400472698727882	0.19618307759537332	0.3985207881245708	0.37787098224500476	0.3657447816337455	0.43624759674129915	0.45212239485716516	0.6805950280919608	0.42919099677201766	0.49998517340898907	0.9587602159487048	0.3742142303983967	0.4732777290051732	1.090665088610404	0.3762870277228144	0.47597590519109073	1.106395653031398	0.42416864992808784	0.5480760223744815	1.1056105290918896	0.07003869404840779	0.3546505798827048	0.3636461485834815	-0.015835029607945673	0.4317235290620656	0.6739514941607678	0.028465962666781208	0.4152489462787501	0.9416406162173326	0.09043057899658856	0.41816659467099737	1.0435275269622515	0.06875175773746936	0.40666453368263333	1.0631853481451217	0.011009354512577294	0.4724803526161538	1.0660000015253885
127	2.1166666666666667	0.32612199900878436	0.5316139934312623	0.952458849538368	0.33593959725404476	0.693743135329782	1.4168865146668193	0.3171422955672692	0.9065908071513062	1.8342791896750676	0.34180822049069903	0.697073063354794	1.8871337926569018	0.39736845082595357	0.7495760395019586	1.8937774463063517	0.28515554952687877	0.9431928895302867	1.8728583790040227	0.10008782666784692	0.4951150649932853	0.9541772943403696	0.08385230984191845	0.6651036530522831	1.4099214726479556	0.05414058799852145	0.8756064570504787	1.8173618231222912	0.07109674602351272	0.7174552259940549	1.889746558806427	-0.002901703613204659	0.7549281213738511	1.8831450096189315	0.06323283373763544	0.9673649908210837	1.882827840482706	0.22956500013638992	0.29682674417686816	0.2802914589128058	0.23971796404660514	0.17126660064603358	0.046670288530834846	0.24605084747588682	0.14107865401054415	0.1922640121843456	0.3984445904999838	0.37774935137589355	0.36572754378796113	0.436253162251547	0.451967975983686	0.6805290094307499	0.4291955970443643	0.5001865066393415	0.9586667067994233	0.3742006706007672	0.47335911853144075	1.0906918141914028	0.37886398240317165	0.4877997757092343	1.107079841631726	0.42813452335021657	0.5497439992816467	1.1054322853987868	0.07025334144451706	0.354881076204244	0.3672754086948141	-0.01634573032903614	0.43271781531334863	0.6773357690852952	0.028405297454561523	0.4151801153615002	0.9416697841320549	0.0906080159580545	0.4180115613728811	1.0436641913752494	0.06870072758931405	0.40649975233637853	1.0632757046279346	0.017072386769867175	0.4599461572991388	1.0649064433178002
128	2.1333333333333333	0.32609892290977627	0.5316211533287649	0.952505316950984	0.33593642616948033	0.6938814093139964	1.417112919760157	0.31768770902164256	0.9053095646283456	1.8380516708688777	0.3416209370952115	0.6962250835189101	1.886701537486986	0.39928672716135755	0.7602084707214467	1.8926149201248854	0.28911384008418584	0.9468011365042706	1.873592650907607	0.10002943808958839	0.49497042243177547	0.9542217600702574	0.0832516951139524	0.6619398431487121	1.405050387775373	0.05414056238707092	0.8754492528840786	1.8173305670165965	0.0712955490979742	0.7171207104242961	1.889799717055121	-0.0028958883090390826	0.7549477733298281	1.8832205018030619	0.06318833796231005	0.9673024686680628	1.8827206610082006	0.22948115034172345	0.2968140354360904	0.2802682221258154	0.2396292170820078	0.17141590549909466	0.0466454028700469	0.24241808430769826	0.14036965240897867	0.19605173237345522	0.3984071314570922	0.3778432328306294	0.3657438060512389	0.4362088003473473	0.45215690328544245	0.6806091176962529	0.429169760680035	0.5002357091945351	0.9587296863136305	0.37420015706693355	0.47291957045247474	1.0906744820442882	0.3762642145328797	0.47573605908163047	1.1063299330912335	0.4241330707776273	0.5482329562706266	1.1056009779771017	0.0702356553217364	0.3548471190855393	0.367300897919437	-0.01652582971520953	0.430050209264217	0.6735273402374455	0.028332781670228277	0.41524138646860476	0.9416726919078805	0.09126262540350441	0.41702805423449973	1.04068741622322	0.06877377406510742	0.40639209211891963	1.063176391642644	0.017135849622988863	0.45961282574338647	1.0649340948150987
129	2.15	0.32648987726973805	0.5305961054172856	0.9490316807655792	0.33598318141928807	0.6936057381526579	1.4169120188482114	0.3161474943859069	0.9026644832906584	1.8286552729821175	0.3415047854653876	0.6957567190488609	1.8864975579697418	0.39925056629364664	0.7599415900968581	1.8924570993590917	0.28910274686023846	0.9470019655177314	1.8734262069046428	0.09996742182679452	0.49495605779478913	0.9542149554976089	0.08328425141874561	0.6619286848241666	1.4050867024170126	0.05410598992702112	0.8757367706223541	1.8173413788900534	0.07118302249485002	0.7171513960040966	1.889717481769585	-0.0017232796387111546	0.7532839169564869	1.8791214756452481	0.06527196247562962	0.9857993746587375	1.8875858749386805	0.22945162128468907	0.2968911568160898	0.2802376881784196	0.23951806801776726	0.17142183915909112	0.046597941486927266	0.2423856422892662	0.14044607265920936	0.19603077967707544	0.397867872121804	0.3757638746945021	0.3591942918025844	0.4360873003886874	0.45229557398155934	0.6806486447227106	0.4291494761041127	0.5003962819801924	0.9587040566691473	0.37368823081127606	0.4736851362937604	1.0869859712780057	0.376213680652926	0.47597495185134026	1.1063088296265964	0.42400422869035703	0.5481683678159867	1.1056200683618216	0.07017570652511775	0.3549631944924862	0.3673362417950923	-0.016661990963288312	0.42986316484308346	0.6733460482599303	0.028277979970892764	0.41523947306914266	0.9416860156411841	0.09151357997929631	0.41692836276965384	1.0406647121403079	0.070611517698434	0.4186521248858092	1.0637124797212938	0.01714133936842825	0.4596447519639708	1.0650413575304862
130	2.1666666666666665	0.32210655031389696	0.5298033081654582	0.9492014704174271	0.335961328776731	0.6936404729821691	1.4169044301399232	0.32207877617286257	0.8852020517534579	1.8233400108262485	0.34174698558687333	0.696563930881147	1.8869715226692498	0.39930044644747686	0.7602387292589345	1.8927017231255103	0.29222865699140566	0.9624202021537194	1.8776226776847222	0.09996374445998626	0.49487055034319927	0.9541182752691307	0.08323162506719953	0.6620038637779595	1.405160092058562	0.05411939608827999	0.8756686959252264	1.8173594480142639	0.07744933470941841	0.702333289809742	1.884550994138476	-0.0017025400641941895	0.753329781999106	1.8791823576583024	0.06529656048340735	0.9857474776547404	1.887584895666735	0.2294112865869673	0.29687856958126924	0.2802544564872649	0.23957539407202585	0.17138539740825515	0.04662206641776781	0.2480847194347532	0.15228138617394765	0.1930451426765096	0.39780412448083546	0.37592730088465603	0.35924664530172956	0.43607476016939417	0.45230879910548183	0.68061432702798	0.4291651771756791	0.5002808037513271	0.9586667947906619	0.37367624644409125	0.4735574404033844	1.0869791567771268	0.376208609562998	0.4759217871576596	1.1062992596738634	0.42395762813645677	0.5482563088177657	1.105491854571213	0.0702386986458906	0.3547910869114219	0.3672759349428634	-0.016730211245423843	0.4294981751711376	0.6730659397628276	0.02436386007463709	0.41346419894582953	0.9419835473304312	0.0908492860827113	0.4177740607938212	1.0435450040288063	0.07063993988368593	0.418647927593189	1.063753975388663	0.017222218386077164	0.4594778624032772	1.0649783034246787
131	2.183333333333333	0.32195059918372154	0.5300519198536745	0.9492824285790316	0.33594696275476005	0.6936460977083795	1.416807556181234	0.322006988584656	0.8849102031556018	1.823023312743565	0.3419524802817328	0.6959030084509855	1.8867463414038268	0.39638020437405447	0.7456234631405009	1.8884042342089367	0.28804252014233633	0.9433323274454599	1.8681954139680315	0.0999116655339151	0.4948379065755021	0.9540794549118251	0.08331582337297364	0.6619199120740837	1.4051771535483129	0.054109613676109065	0.875593794356622	1.8173012662144654	0.07113154091918067	0.7172292778749401	1.8898932360382403	-0.0028964621179652997	0.7550363388112336	1.8832957906778593	0.06473408423047598	0.9868371737340912	1.8838355585037831	0.2293313775725369	0.2969786491092939	0.28025969746114693	0.239552554989467	0.17128192190845112	0.04667115672309468	0.24815599887731482	0.15365602979691526	0.19601294858135868	0.39800223738825125	0.37800975220597266	0.3622484128855975	0.431656455928564	0.4656458256230698	0.680052840664114	0.42914427661280624	0.5003348493857612	0.9586172769609882	0.3742180407880475	0.4724387717155248	1.0834540955639895	0.376273753218242	0.475767470634429	1.1062443201005172	0.42090359596533683	0.5354130374889648	1.1049581909374753	0.07019130069568516	0.35481587375984575	0.3673108942244469	-0.016772464571243494	0.42957682019954674	0.6730587730173421	0.024365134894214553	0.41331590824055925	0.9420098171016669	0.09090269507025632	0.41731470040996244	1.0435307348094436	0.06885719483297546	0.40624527147363604	1.0632721503201852	0.017292227555224096	0.45943816121148107	1.0649859242624315
132	2.2	0.321531329060598	0.5310448204850057	0.9528727898314229	0.3363035490197014	0.6934056931557373	1.4208715648148913	0.3162839027241458	0.9029118890889625	1.8288694228069495	0.3407647791690715	0.6966479778897953	1.8910958248283383	0.4002383657006521	0.7633428528017099	1.8976839033532107	0.2890665166867789	0.9469553985139065	1.8731844319392605	0.09928413010684192	0.496132713423493	0.9578275059345298	0.0832161124051022	0.6617520395596646	1.4049654184020675	0.05336209822365649	0.8718867985869923	1.812074775472261	0.06873253014560927	0.7150380512552829	1.8881344820020232	-0.0039020459874150636	0.7386423623724797	1.8784987334013163	0.06474537519743231	0.9872123673851823	1.8837383690913847	0.22409997344957736	0.30881275107437073	0.2780337184665038	0.23958055954352067	0.1713124350940767	0.04677352311154626	0.24701362258296655	0.13111536744963131	0.20196407552496962	0.39816906647818273	0.37843816101302113	0.36566625055039337	0.43159318684658243	0.46614537363299796	0.6800987638312285	0.4289392514878405	0.5005965152881756	0.9586903813655586	0.3694704353713372	0.485374787986858	1.0847824304462652	0.37620728763690336	0.47580993599425037	1.1063401516773592	0.42106157205261463	0.5355705001961475	1.1053276818362678	0.07015201448040925	0.3548690512808132	0.3673127856304464	-0.016131514951819907	0.43108732789707005	0.6737935508099842	0.02441975452107718	0.41326179602789526	0.9421545773804445	0.0909013992188274	0.4168732481988737	1.04357546807056	0.06884110735584976	0.4061904794943119	1.063244417618475	0.01714075603371393	0.45956582264183127	1.0650109885427128
133	2.216666666666667	0.3214591367627083	0.5312146087925685	0.9529013865232354	0.33636793739940796	0.6932976006832391	1.4207104131648525	0.31601250579146684	0.9030902219665542	1.828708174987816	0.34153501996367813	0.6959900923171799	1.886849679606208	0.3959439747615111	0.7619443282491153	1.8977768668527628	0.2878922653064983	0.9435748946906574	1.8677362319595727	0.09981136681317908	0.49503805464062123	0.9541926696134241	0.08321786148271623	0.6618043710834393	1.4049962505017848	0.054550653618573475	0.8698890944720494	1.807314609607891	0.06972376180542454	0.7139418150714052	1.8839924934902441	-0.0027908639615090054	0.7372600485270489	1.874489226197691	0.06406820861605647	0.966394927744513	1.8737793446347522	0.2239938076512416	0.3089259180165645	0.2780393518143474	0.23966672682352927	0.1712576471870683	0.04693621783349405	0.24606974995801903	0.14381244587340286	0.20541511809834087	0.39813357425772733	0.3784837361489383	0.3656639359115192	0.4342576522064693	0.4784927011734587	0.6790542741291511	0.4289567489659357	0.5005137720096202	0.9586545230414514	0.3744947061217753	0.4718337756993229	1.0873570966586432	0.37626271560736857	0.4754864174781117	1.106397542589024	0.4250391967638973	0.5371404625017956	1.1053426933709543	0.06882638610686478	0.3430325666567317	0.3694783849454174	-0.016125535600985574	0.4310756475912686	0.6737621993422275	0.030400888172833058	0.40082837875094984	0.9416039954581552	0.09090200713022743	0.4167016728399445	1.0435782137377645	0.06884332613886014	0.4062145534427637	1.063297792758204	0.01721437292012187	0.45945968872692583	1.065033826280643
134	2.2333333333333334	0.32144324516873474	0.5311841394758653	0.9529297596241055	0.3363608361874399	0.6933157584628584	1.4207682316118915	0.31595071888700405	0.9030685472023822	1.8286495366204036	0.34170993203277894	0.6968932946888097	1.887261184382436	0.39501549166460936	0.7809498625960183	1.9039023838549156	0.2878900657714361	0.9434033494221465	1.8678096845644745	0.09599262457532882	0.4934313098134081	0.9544511436100559	0.08321635627618298	0.6616380744343805	1.4049085300262532	0.05455384104236921	0.8698492326272065	1.8071753426954857	0.07628865988333793	0.6983648218286327	1.8786091659040178	-0.003911600175112504	0.7387039396393877	1.8784719991760876	0.06616780802683166	0.9853984709875403	1.878554974875293	0.22420144239949444	0.30931299337854923	0.28134666710039885	0.23975985358020419	0.1712535315808036	0.04696820502968162	0.24445869354592856	0.1542279432322469	0.20648351442744511	0.3936989517242668	0.3910317692438525	0.36357579486092756	0.4342365231217932	0.47855145208634475	0.679058092797461	0.4289444117226484	0.5005425678511874	0.9585868048559975	0.374527679050744	0.47189510502760745	1.0873647355140608	0.3762984365584973	0.47559827772194996	1.1064559750874954	0.4251953187377971	0.5373059967453552	1.1052476265043802	0.06874076128215216	0.3431487976877747	0.3694579121777689	-0.0160903517362908	0.4310764176921606	0.6738159551239673	0.024388862938754426	0.412995996391126	0.9422384316683786	0.09091675171247246	0.41658555422413346	1.043593128691463	0.06882878110162552	0.40612445522477175	1.0633200028425045	0.017104864571468044	0.4595475444986488	1.0651310236622684
135	2.25	0.3214166171300993	0.5312194009818972	0.953096775850842	0.3362849850536517	0.6932348132870185	1.42076216382497	0.316646354691745	0.9018587328914367	1.8324835719896937	0.34162902030182896	0.6966303175820558	1.8870840288961563	0.399155340471383	0.7604180722402974	1.8928340191833979	0.2880805282915499	0.9433775516352247	1.868162632938361	0.09927208594278338	0.49601123156173	0.9579139256130028	0.08314137646011711	0.6618796599867933	1.4050211246357176	0.05454667112754835	0.8699051743784748	1.8073381152175645	0.06998931842482256	0.714162378213724	1.8840591376930842	-0.0027960547059094876	0.7372782626645378	1.8745447142934415	0.06457587808296043	0.9655133158405328	1.8774668057017854	0.22444463785837557	0.3114010145852294	0.28481322308364426	0.2397990248696939	0.17113784859219702	0.0472023280199719	0.24265700581898314	0.14411070830698927	0.2157461245213192	0.3935589381488092	0.39115844451133824	0.3636131486993512	0.43162328446283726	0.4662060356364558	0.6800759521985869	0.42896142629195544	0.5004441497623885	0.9585806166377644	0.3719506887541325	0.4592215399117635	1.0866476367263678	0.37620807825325253	0.4752618243420081	1.1063854097943127	0.41795475024974704	0.5225573478613464	1.104416480358373	0.0687289304422831	0.34315143144369814	0.369427329540024	-0.016129852669155537	0.4312494906053593	0.6739714994620002	0.0244070083354872	0.412816551780652	0.9422516460712834	0.09095760071782806	0.4166112555737445	1.0435878172897652	0.06889004806703738	0.4058947076399939	1.063252819340937	0.01710251919609424	0.4593610379691438	1.065128807844894
136	2.2666666666666666	0.3213551970768936	0.5313057959623998	0.9530481003261458	0.3362535489812558	0.693285679947985	1.4207368022065283	0.3161225161485897	0.9028102464190796	1.8286188244252901	0.3411350363616029	0.6964665599578787	1.8868223113170142	0.3948016697414054	0.7587535312072167	1.8926344183922479	0.2880306145836242	0.9435926257988891	1.8678288079473242	0.09597929716147822	0.4934902004595155	0.9544188127797901	0.0831179382141729	0.6617984637490639	1.4049730225264927	0.05456892944149825	0.8699216994172274	1.8073759518557873	0.07051722247337643	0.717886643347652	1.8896746297990514	-0.0027923559808392326	0.7373336487454842	1.8745245247310889	0.06484633239953631	0.9867876832657101	1.883653133215275	0.2245550603348536	0.31142123210024947	0.2849580905074815	0.240379969286652	0.17166907442848606	0.05352267476840171	0.2404014048039363	0.1335034015071777	0.21870392700330554	0.3936644393608269	0.3911508689725856	0.36371830029215096	0.4319453860092223	0.4686327471051831	0.6836447860397453	0.4262103262090878	0.4879452982104608	0.9583831376369725	0.37158325767884465	0.4597184885396497	1.0828284426461234	0.3762133142435932	0.4752170516575216	1.1064634061566885	0.41772198616365963	0.5223339032666807	1.1043684462599812	0.06870774993579093	0.3430366487115572	0.36941348941059404	-0.015798281319340038	0.43094203916406193	0.6777606647651118	0.03033469557024248	0.40048403048058645	0.9417689282173999	0.0901253390845936	0.41748233245867916	1.046422886075399	0.06873879299910424	0.40588796636114505	1.0633055032496763	0.017077972214473193	0.4593124530160787	1.0651702040282596
137	2.283333333333333	0.3213276749472701	0.5313121858470127	0.9530155612980786	0.3361840575356714	0.6932312485541141	1.4207402975869643	0.3162692286702565	0.902874650201639	1.8287648490088286	0.34170986492561506	0.6964107597317184	1.8870771672531177	0.4002236988532041	0.763808660668435	1.8979595250823065	0.2892207297417173	0.94710770390789	1.8730598615386382	0.09539012425284936	0.4944149486325601	0.9580657862860603	0.08309812135572979	0.6619748558010566	1.4051213720571343	0.05413254416692358	0.8752067246079525	1.8171467396215752	0.07069698482473726	0.7178517655647835	1.889762656741884	-0.0027772160009404316	0.7374006740891107	1.8747202332712483	0.06277474431804983	0.9682728990628584	1.8787777545306141	0.22460772716661861	0.3116183082568246	0.28506112188013083	0.23839481328466075	0.16148264560084563	0.05702307900079159	0.24059740659447504	0.13531781394060116	0.2249401825240502	0.3935674637459787	0.39127449619645216	0.36378422556705037	0.4314330380768927	0.4668164124344835	0.6802718733754608	0.42612082144821234	0.4881143316768712	0.9583386093914665	0.37201770701358766	0.45896066893089604	1.0866801450160704	0.3762484151812871	0.47502039565114806	1.106401566663088	0.4178352761473487	0.5218088947027225	1.1043298077117611	0.06866974062219666	0.3431037434736625	0.36941687070133195	-0.01580414764752416	0.4309333044091353	0.6776990499885255	0.029761580344972244	0.40136898660814685	0.9450147112151893	0.08998347155574533	0.41762162032522854	1.0465319290982906	0.0685873549187478	0.4057502947465559	1.0633576993383562	0.017032092763894204	0.45933972717073207	1.0651666673602667
138	2.3	0.321707550903941	0.5341367156975411	0.9572863178013284	0.3361797646845791	0.6932629164714574	1.4208155124027146	0.31619695308733947	0.9035290364917592	1.8290353347418034	0.34189348828828164	0.6972607753668927	1.8874719338852952	0.39607168072301974	0.7622108451722797	1.8979846838746768	0.2891915642450026	0.9473172808254764	1.8730994971182953	0.09537121451077227	0.49431033848147654	0.958117659589236	0.08314422438229975	0.6617366288057351	1.4050092589936156	0.054638284960734085	0.869734214741845	1.8073475183218994	0.0704245940252035	0.7180112418635051	1.8897911338483069	-0.00285113593287774	0.7375654252332444	1.8746960681371276	0.06488182071976585	0.9866535299327566	1.8836364208239804	0.22069457080165725	0.3105690470614203	0.28539479843693716	0.23853214703611558	0.1616260124090198	0.057309271399075906	0.24069366817513277	0.13522509283587908	0.22514424954318618	0.39346250429523694	0.39138496444783416	0.3636824646220496	0.4271272632819461	0.4659388294746585	0.6803922517852523	0.4265032830548267	0.48710383275301167	0.9546098625398164	0.3720130903770608	0.4589448126822472	1.086640663405453	0.37620146575749003	0.47490652341676853	1.1063827495091265	0.417574239140172	0.5218185172222659	1.104200839316714	0.06304003794176942	0.3549374202173779	0.3675550787507838	-0.015814192008804115	0.4285386917772669	0.6741179045903364	0.024328539890623297	0.4125283967084565	0.9423573312252524	0.0889724509171105	0.4044473051406046	1.045918904901277	0.06871861630171198	0.4056505663890793	1.0632812168230537	0.023086456573123068	0.446556174662744	1.0640167768900721
139	2.316666666666667	0.32169355983436454	0.5340376186296701	0.9573167511364734	0.33569617702350296	0.6936281852471716	1.4169715939637382	0.3171794237630869	0.9066303739423206	1.8342108920256572	0.3417184178937487	0.6980206472326781	1.8876774304608284	0.3960669188975984	0.7622968218379451	1.8980140551302427	0.28918255369543433	0.9470771855006891	1.8731697375747536	0.09504653087458204	0.494563109412609	0.9544630500967642	0.08315930116083153	0.6657019557991548	1.4059035288293544	0.055135692111226306	0.8736966286430705	1.812596458860623	0.07008916073846262	0.7135520376613633	1.8839416476071489	-0.002810175315020909	0.7371336658698352	1.8745677569232104	0.06326347641200702	0.9674000917089381	1.8825493193787843	0.22067983416065945	0.31071009217204315	0.2854265968516079	0.2385892411483745	0.1614147852850127	0.05730478742544899	0.24058033132040896	0.135519490488707	0.22506763164527896	0.39344743955038103	0.39138392611331857	0.36361199352336304	0.42771199718093617	0.46711314979496626	0.6804516474343452	0.4238025097077091	0.47472599150226374	0.9544211557117928	0.372022736174529	0.45898582101720903	1.0867139558032681	0.3766824121673281	0.4739169332765369	1.1029623777068724	0.4174595009145361	0.5214745363509148	1.104086660347238	0.06303525096959298	0.3549286455602726	0.367559802949583	-0.015827760457770054	0.4307349855034797	0.6776554522183857	0.0298520827613924	0.4011228567920341	0.9449954119315268	0.08926104371645681	0.4042723412440096	1.046004418676415	0.06875116812081902	0.40553492108507433	1.0633814467851586	0.023199498907135213	0.446375842540084	1.0640518391680975
140	2.3333333333333335	0.3217353336954106	0.534018495675851	0.9572821031569743	0.33570035104915835	0.6937567540607522	1.417057203286217	0.31745161247280684	0.9058753489135037	1.8380656182648736	0.34140948729977316	0.6979335989603374	1.8875570452535682	0.3959983390578731	0.7623554094203877	1.8980695972330206	0.2891103115296512	0.9471797562444658	1.8733325452035885	0.09590105027423064	0.4931617566763251	0.9545787284595317	0.08369092147160623	0.6648210779093057	1.4098165785270997	0.05515622901930464	0.8735255224539101	1.8125608741255383	0.06999103039314243	0.7135943768512095	1.883943183157047	-0.0028166373963868035	0.7372326202953321	1.8745655342897407	0.06327791450841742	0.9673190460432621	1.8824435974485338	0.22063147214920667	0.31070574592865335	0.2854549553277967	0.23848816913591211	0.16147117280594253	0.05727979631574773	0.23569125419064282	0.146100827473199	0.22268581639570084	0.39341091336635453	0.3912439413615067	0.36371977148500834	0.4226914337095116	0.47917990112861764	0.6797979574967487	0.42377042603639253	0.47497870113904517	0.9543666590876828	0.37198335666689525	0.45887827675037174	1.0866932060540564	0.37660850317458866	0.473838874283941	1.102896593797863	0.4144137877365511	0.5088403489142107	1.10327848623512	0.06299010387014743	0.35491844891213886	0.3676531516233989	-0.015788646864768795	0.4308550624562347	0.6779234976877812	0.030692177970058312	0.39978256767105447	0.9457049247743279	0.08899186228404773	0.404648994049914	1.0460286680840376	0.06526980997659611	0.4043538752414582	1.0634958650294315	0.023148893263282337	0.44637623600024845	1.0641105951119099
141	2.35	0.3211592294557111	0.5352374010264608	0.9610077290463871	0.3355771911786961	0.6936133657765651	1.4170052625021123	0.3158662900684903	0.903003150054978	1.8286728575767943	0.3415384792338944	0.6975905311820222	1.8874823110141394	0.3929967476550254	0.7480910015216666	1.893914635936502	0.28902056749968486	0.9470582547874674	1.8730432643448065	0.09494768496677741	0.49455012718597124	0.9546076445069558	0.0825381730049111	0.6626623963746149	1.4012429363758339	0.05341916170628682	0.871392248693895	1.811824922569048	0.06990363199055502	0.7132654873362535	1.8838726730256057	-0.002809986576406347	0.7371603988164597	1.8745426892238957	0.0632725264850996	0.966993884403054	1.882418314556895	0.22056693172447006	0.3105609625805407	0.28546969005972506	0.23831851394901704	0.16175095402469178	0.05723566016633006	0.2356837278455859	0.14596364236402715	0.22270734558563685	0.38956629231192696	0.38958721747055286	0.36416800488581413	0.42269595928656206	0.4791436671635704	0.6798258760128717	0.4194660437525636	0.4888024556309879	0.9549770440723312	0.37194494038581427	0.4586399598048555	1.086580807627816	0.37660170137430027	0.4735674196168088	1.1027632822154165	0.41409960629958104	0.5089548590231837	1.1032543088401516	0.06293511507988811	0.35505270552657675	0.3677496497805485	-0.027216540335339736	0.4292726594693709	0.6817913612559935	0.030149617997457863	0.40066515909454536	0.9489188935083548	0.08895089396099262	0.40455977150386013	1.0460689058461914	0.06533853821574387	0.40436164813106984	1.0635041000497272	0.016251784511558152	0.44602616504626547	1.064593191892496
142	2.3666666666666667	0.3215700807827262	0.5341492658736304	0.9574379258724153	0.3301747985493047	0.7090392185154527	1.4200942434126027	0.31590468706450237	0.9034146391480574	1.8288368039956502	0.3417856436422268	0.6978669986587194	1.8876238039856248	0.4002509153261611	0.7641903590381851	1.8981601128251318	0.2890855559134819	0.9472129532257286	1.8730659050236178	0.09493735582919394	0.49436134222929157	0.9545495274270741	0.08250549340524617	0.6624102266272375	1.4010670403574816	0.05456695919236316	0.8694796635815732	1.807096336037722	0.06979495424172974	0.7129683057898286	1.8836847671105983	-0.002799078538084861	0.7369773439571219	1.8743604099480364	0.06667342877138198	0.9840117072151724	1.882133350656184	0.22045842836767132	0.31034147067056567	0.2853822470771506	0.2382459150430546	0.16143276248901609	0.05708600027604306	0.24041802543886281	0.13555210816850655	0.22499041380386553	0.3895085713687441	0.3896001151737401	0.36414813385870476	0.4227000721397787	0.4791458450381406	0.6798153107126328	0.41938252816372534	0.4891177841079747	0.954893316976266	0.3714841521922046	0.4590930313509578	1.0826115258109035	0.37604220057989973	0.4746831474093006	1.1062642296873912	0.41380457443844193	0.5089625031774677	1.1032600042091656	0.06288440337555302	0.35493436035107406	0.3677592477284286	-0.026897311772103867	0.4283420760545521	0.6786223139015941	0.030133962113622778	0.40061654836516736	0.9489391115271071	0.08892846607605026	0.4043663892969605	1.0460232985586329	0.06517703258211908	0.40424936050384175	1.0635240023498163	0.01616703030633192	0.4459693507776036	1.0646371298990365
143	2.3833333333333333	0.321490402113766	0.53420620997384	0.9574150639264368	0.3301850280317253	0.7090106727551657	1.4199514887709144	0.31631463905927193	0.9028086981855641	1.8327584588756656	0.341480091875172	0.6973962195810154	1.8873735767507682	0.38767446987979587	0.76497277770046	1.8996797667414471	0.2889969748338007	0.9473482677727751	1.8730917874909634	0.09541550680636841	0.4933124800789867	0.9508314324121597	0.0825372578086046	0.6624458165065237	1.401054448529713	0.055193582494053935	0.8733457431277168	1.8125016511370051	0.07044082788784935	0.7167594884215481	1.8895549226340964	-0.002806090889309344	0.737189223883283	1.8745533494216646	0.06286384144406637	0.9680263859905401	1.8788699623822966	0.22039031072677975	0.3102379514862698	0.2852565378119002	0.23769604639259723	0.16155174073549475	0.053678168286330805	0.2333683896870813	0.13341153318872706	0.2222482870271453	0.38948670218525533	0.3895951372797897	0.3641910205671592	0.42263217397273833	0.47912095640045343	0.6797982561534809	0.4214562032788216	0.4993703836377203	0.9515590218092373	0.36754329149156023	0.4710253623907081	1.0802717135866962	0.3760004541761155	0.4715423374793534	1.0987908151152708	0.4135907522422138	0.509125294413062	1.1030198534393707	0.06291726051593591	0.354819845020418	0.3677182817698163	-0.026700622871114913	0.42794742152062965	0.6786154301643017	0.029553228060671618	0.3870535602194094	0.9456249722076019	0.08882608350257536	0.4041441152130534	1.0459521518110457	0.06508714334383331	0.4042780733529786	1.0635629313996375	0.016187685832117254	0.44584382122837085	1.064645087049375
144	2.4	0.3214589177960731	0.5343017340983469	0.9575224680097139	0.33032158127983324	0.7089624104343143	1.4199841144870327	0.31580004830554576	0.9018998844537522	1.831987469123647	0.34157219425357743	0.6983864762084359	1.8874926479148217	0.3986743771203589	0.7617589034230792	1.8890181303211453	0.2838517584540943	0.9399026462503065	1.8672111146630026	0.09409515403180294	0.47979238829723847	0.9546657146003941	0.082682060821739	0.6624807845774382	1.4010306174985467	0.055171592202241986	0.8737882584138958	1.812726177514254	0.07639311207228466	0.7026137465511078	1.8881899446895527	0.0025837550685484426	0.7242268808151935	1.87372233420273	0.062482675032318434	0.9885137295931113	1.8937493787121207	0.2203634417905314	0.30996842758760834	0.2852989514595961	0.2375502238929577	0.16083441147472136	0.05057933290862474	0.24034077546970922	0.13364997568901255	0.2219146287764713	0.3894540963821617	0.3895386079121918	0.3642700729993441	0.42248900574566584	0.47919180682003987	0.6799386919495358	0.41912730432725925	0.48955490202103924	0.9546130017162407	0.36290785342820875	0.47013035086153115	1.076222284701179	0.37618422871327867	0.47430755911560035	1.0989993276962404	0.4135698644718725	0.5088645256814528	1.1028450016082973	0.06281790668517845	0.3546865577566709	0.3676989713004381	-0.02074448276876541	0.41345725864196414	0.675285527862366	0.030552802000928542	0.39946058769091974	0.9458731372169121	0.08845969993035424	0.4045554011019719	1.0459909840602206	0.06498300712743971	0.40437326285771386	1.0636658079793073	0.016055415373817328	0.44631933156565373	1.0646766239965568
145	2.4166666666666665	0.32143278704087475	0.5343284465120449	0.9574615764368034	0.33037469711967077	0.7088590279199312	1.4197956197367885	0.31595127663610684	0.9024736755784304	1.8323756193174565	0.3415511411256038	0.6983673217418314	1.887498512446318	0.3944765743946905	0.7820819964638059	1.899912798871827	0.28500143459181493	0.9437850945738735	1.872038974569291	0.09350058976324094	0.4809563297679607	0.9582692679696297	0.08325503066854176	0.665421496247853	1.405774177920267	0.05404949886070752	0.8749830656866204	1.817085878046209	0.08274812101314047	0.6871964265259186	1.883016912323652	0.002655047821861212	0.7240010321212735	1.8737198995993878	0.06149787704579047	0.9844012935544391	1.8872579897523076	0.2151538459053701	0.32183283602699425	0.2829569632735779	0.23764779770783923	0.16063843834585806	0.0505390432773205	0.2401584835103446	0.1338226337534	0.21862106070734794	0.3893821470925458	0.38958329873145114	0.3642186473040472	0.42240349693665835	0.479080765527509	0.6799026349398163	0.4185420268393196	0.48765282008848065	0.9513098313558527	0.3627756621220648	0.47040894315482695	1.0762191666505523	0.3754971609106039	0.47216967241897667	1.0950708444244064	0.4132784894149445	0.5088252807217444	1.1028534792682414	0.06279279797145411	0.35471375318930515	0.3675838566902997	-0.026021278220889787	0.43859710252635786	0.6735560970878076	0.03052689466419485	0.3996004594382965	0.9458568633956157	0.08839152684602405	0.4045743976922852	1.0459772674277676	0.06495754358189731	0.4043078251131899	1.063607808056697	0.016185244348863613	0.4460616091520779	1.0646392419303867
146	2.433333333333333	0.3213901292240058	0.5344289709800236	0.9574109449221916	0.3357207493611215	0.6934555900110972	1.4167896402848872	0.31605720731386516	0.9024522629307936	1.8324407707042616	0.341418600270177	0.6983492352308548	1.887415249972921	0.3944311539167791	0.7820853642821107	1.8998839405315022	0.28504364588889675	0.9435360516925202	1.8723850357990357	0.08770372627032648	0.49361332979657896	0.9588598654000837	0.08311778243735674	0.6656700038279862	1.40593005882689	0.054010507391895377	0.8753393529880779	1.8173019560824968	0.08269331280979761	0.6876077669046011	1.883022913292372	0.002571181879646899	0.7242568998858839	1.8738022640402432	0.06147558287859219	0.9844468616403763	1.8875479682404952	0.21485856735607248	0.31958318653507056	0.2793813111326634	0.23750544281296831	0.1609640475237358	0.050309908092661705	0.24001836313508343	0.1327809363434938	0.21544462527037667	0.38932530889594663	0.3897683293469722	0.36416532293062365	0.42257229013870606	0.4783357788054183	0.6764585673565381	0.41819491021699284	0.4880120424210607	0.9473685164604019	0.36277841309935616	0.47039152058265515	1.0762150255407463	0.37545454403259904	0.47207118395715836	1.094993599553627	0.4092586178957859	0.5074168609640198	1.1027455261923698	0.06268954476806825	0.3527123123523682	0.3643807174638289	-0.026940381184885603	0.42579592799595317	0.6747178341705993	0.024586270060837707	0.4119877299817616	0.9464885309179978	0.08848915120530383	0.4041242215850609	1.045940931651349	0.061709564928454724	0.40292913276441633	1.0637462069525336	0.016122652458448055	0.4461635763875448	1.0647184752538528
147	2.45	0.32134297177411464	0.5342279531951196	0.9572814478027765	0.33032515157856523	0.7088039233779373	1.4196593642380297	0.3170496059644332	0.9061835718287947	1.8379840501295233	0.3413350163071361	0.698594160250083	1.887504694217797	0.39140298832460685	0.7677404110324842	1.8958429295225605	0.28502940477474853	0.9436489288734796	1.8724665385475163	0.09363721921095344	0.4801665590209885	0.9508426842964498	0.08258794233562293	0.6625410155847954	1.4010819968677555	0.05399410594363355	0.8751079931717705	1.817174726444827	0.08288643563170466	0.6875191992274474	1.883034418100759	0.002623067033664908	0.7242721300079538	1.873855737504739	0.059272174875548804	0.9652443779704374	1.8825792868492888	0.2146532587992455	0.3189055564655913	0.2760311958043532	0.23367812477859812	0.15980379125128502	0.050773364332627975	0.23982009769130605	0.13208330415528727	0.21221599176592423	0.3892072847816954	0.3895650329204468	0.36400185091867765	0.42249032808700715	0.4782497475892126	0.6764072858515617	0.4180867108080002	0.48819169474159946	0.9473817813781059	0.36293979069113097	0.47059055516712817	1.0762848616077925	0.37555803559414225	0.4722324880374135	1.0948521415137495	0.4081289392763122	0.5230010992863486	1.1041786778361629	0.06262618633557922	0.3545814245118001	0.36747023659898	-0.027010329886091675	0.4256323399596986	0.6744911365975425	0.02457335827823008	0.41197204282797784	0.9465043567813851	0.08835119028116883	0.4042231677539976	1.0460047051362544	0.061607538709244576	0.40294541023694724	1.0637802511116707	0.01696202935496505	0.4594813241564814	1.0653387722978953
148	2.466666666666667	0.3212815975474961	0.5344635693816973	0.9575765424197339	0.32741034026708465	0.6949290017758876	1.4179206673935212	0.31619893480525035	0.902354832355865	1.8324867487412044	0.34110470703912577	0.6972893465016672	1.8868986260922604	0.39664879665605157	0.7504413823087813	1.889927884647325	0.28897577110586226	0.9470082645508391	1.873093742135451	0.08723231297248647	0.49386293244404966	0.9551676405735796	0.0751571860827478	0.6790329993132068	1.4080244076046073	0.054019784363581264	0.8753054199920509	1.8173621287795987	0.08274975672570749	0.6875461744420005	1.883025713948497	0.002633187734929555	0.7241930034742992	1.8737856450037158	0.060318533827144	0.9698549042813513	1.8890576821707559	0.21459923326831398	0.3189444814050331	0.2760144124555729	0.23371808798277793	0.15976827449429384	0.05072179515472273	0.23974541345710976	0.13220755769836046	0.20885879794004758	0.38914514306564113	0.38944417915324386	0.36409169047682804	0.4222722389454934	0.47899840402413735	0.67979104638825	0.4181095103775837	0.4880378646735242	0.9474657644552941	0.36274281827623317	0.4709196743048053	1.0763569347777748	0.37541258007507894	0.47241146167364956	1.0951046214405276	0.404396429832214	0.5215645296310237	1.1042672508343714	0.05867787628443199	0.35061185423872104	0.3648637029537577	-0.026965120930046396	0.42543098138725	0.6745719817093387	0.02446892084168354	0.41211466147041964	0.9465800127709388	0.08843600850032696	0.4039436637137657	1.0459775988906856	0.06161393781543597	0.4028803933581731	1.0636638172141175	0.01689346148300738	0.45952591332344445	1.0653933981260255
149	2.4833333333333334	0.3211869125552117	0.5343782661584283	0.9575577776274715	0.3273541813906765	0.6948634487581188	1.417876946681094	0.3159133432577545	0.9022319217269515	1.832142115188052	0.3410722873071216	0.6975465682272409	1.8869360140516722	0.3954978412629395	0.7472041179409794	1.8847535455091988	0.28778743941737867	0.9435954965839214	1.8677446574449932	0.08717035304934055	0.49385129083676566	0.9551171180527654	0.08310528535891065	0.6657000358361863	1.4059046784738678	0.05465978447136416	0.8791079135097146	1.8226785210153806	0.0826615020216088	0.6881322061198653	1.8831200503024892	0.002682305157664429	0.7242379588344653	1.8738699793965576	0.060257059114953354	0.9696028054870607	1.8890378393379479	0.21450280425742038	0.31869314263973575	0.2758780327298292	0.2335729688665298	0.1595928773514151	0.050695416758361554	0.23957531044911956	0.131560057550069	0.20550736650741921	0.38233511619502714	0.3763847544517446	0.3632787522933063	0.4222336164911652	0.47888704043190344	0.6798210411026396	0.41809444399986695	0.4880001292688391	0.9474632592101202	0.3627082805404069	0.47117805680210384	1.0764060650524863	0.3753845809499497	0.47252104183012816	1.095121175208883	0.40410381121334926	0.5215746596664315	1.1042401581274932	0.057331472456951436	0.34047464120596543	0.37026680508219467	-0.0266965738982689	0.4268238257442705	0.6753123519581335	0.02334335167449905	0.39953395390142415	0.9465038057383451	0.08844274554388999	0.4040834346411438	1.0460330283482189	0.06160439518213154	0.4029519899572155	1.0637747759835086	0.011022040036640708	0.4745935155136864	1.0706346579845005
150	2.5	0.3211300811074328	0.5344809371624814	0.9576415801349308	0.330662746220379	0.708166942586707	1.4234262874356423	0.315645620081875	0.9030583257454181	1.8285360376703583	0.3408396466516883	0.6968929543127261	1.8866237286849754	0.39021851691091664	0.7638671034271737	1.8904428589655817	0.28901673492484736	0.9470384428874908	1.8730717554808831	0.08716411436422081	0.4939305460638868	0.9551219540435985	0.07509675092712877	0.6791837618774885	1.4080052605847526	0.05469458782478695	0.8791474572532841	1.822580080929835	0.08275477308528872	0.6881627600267515	1.8831258172668321	0.0026145612591585462	0.7243333287682806	1.8738493844765662	0.05979303786262423	0.9705117506289556	1.8853910951301642	0.21455915594249902	0.3185523084890313	0.2758344360360511	0.23344145958145815	0.15968679389833856	0.05050306603722171	0.2312258573829609	0.14021041565633185	0.20023284375002112	0.38231332744533836	0.37617894735341434	0.3633132366743252	0.4222629783713911	0.47887133938007814	0.6797981517155994	0.4186028391394094	0.48767758630427527	0.9515015441457615	0.3583895803747649	0.4839634281283505	1.0745826923663477	0.37523725426757454	0.47298962272313594	1.0952118148473509	0.40401101142515516	0.5219230007047303	1.1043789546997393	0.06112882673895911	0.34240159532732706	0.36982766383153115	-0.0271582606462826	0.4276675536382346	0.6785168513900457	0.022763449353031512	0.4004370533919413	0.9497100011036503	0.08831506036611732	0.403653118697841	1.0459306642906199	0.06157904550175232	0.4028479483780183	1.0636967983067196	0.00992840673660101	0.46167575015502865	1.0699847559122733
151	2.5166666666666666	0.31861836417862105	0.521534781362366	0.9576520869521339	0.32662595390541066	0.7067758713860561	1.4235077804296021	0.3162889557606011	0.901728693728151	1.8322657027950144	0.3415191566035299	0.6964756730120241	1.8867912310799773	0.396708255141164	0.7502826165664852	1.8898680740164886	0.29219823424302255	0.9624215952188154	1.8776818249553482	0.08708938846512902	0.4939226813247638	0.9551877519122643	0.07588304930117652	0.6777280706179312	1.4039226179120328	0.05402657850546254	0.8750079778464305	1.8170462030536616	0.0821773633803359	0.6842518372167458	1.8774309900323554	0.002563553772630745	0.7241444604441143	1.8737966130130566	0.05934563119769109	0.9658078037301336	1.8824431582951806	0.21436689197523368	0.31881681115714233	0.2758592551721717	0.23349703517417844	0.15946807468143312	0.05058102258207908	0.23117618632602385	0.1406368689688145	0.20327685892469363	0.3821766706055009	0.37607466341821666	0.36323488308740887	0.4222290721595094	0.47861715197600785	0.6797335554723092	0.4188166131852704	0.48992239667791937	0.9507887307182306	0.3536263998806366	0.49778357187839706	1.0758401541796165	0.37524270592242165	0.47320706403388657	1.0950822488768588	0.4040521644916328	0.5215383616089552	1.1043041078761322	0.05137411485162419	0.35242055977552444	0.3684577307575105	-0.027827735479264794	0.4285018840141608	0.6815264933743188	0.022666630420101554	0.4004250952989488	0.9498616368872409	0.08877437432448078	0.4029648961587463	1.0430453337006989	0.05827735451822258	0.40175813996290105	1.0637734589549757	0.009840643105861377	0.46141648306028565	1.0699541027625603
152	2.533333333333333	0.31849565647757094	0.5215630748434081	0.9577587032357132	0.3281021079510846	0.6941358576150092	1.4214330791141874	0.31606515182329176	0.901976954634208	1.8322059517299558	0.3415134597390106	0.6961043846698255	1.8866755936241557	0.3904006266912046	0.7638182328574368	1.89058209704491	0.2910724440929913	0.9589705068306168	1.8725603161153888	0.08744430813734856	0.49362963940881693	0.9590030788407122	0.07581980416557985	0.6778698813747286	1.403974411237049	0.05411873124182399	0.8750483275553568	1.8171550587611525	0.08295299520309948	0.6878357655081312	1.8830392583089033	0.0023038308384392926	0.7418059375781125	1.8824069772636405	0.06139790540687796	0.9846175909846393	1.887333846774898	0.21038704944183498	0.31805101605211367	0.27608393908427026	0.23343479955145832	0.1593171464369327	0.05057539658973611	0.22878595076324368	0.12880726333190998	0.2032352347835909	0.3821005737281085	0.37592290844316417	0.36326764396178457	0.4221489569365236	0.47860781443366346	0.6797489655258703	0.41876424546445035	0.4899402204321275	0.9508110858155154	0.3535551765319163	0.49752569182470474	1.0758439418130452	0.3751272639797142	0.47321700021871727	1.0951065029891447	0.4037907193104182	0.5211249928592564	1.1039947661045562	0.05129806204193504	0.35233801119449754	0.3684342648899034	-0.0342996487601711	0.440670236833287	0.6809464916691979	0.022594490613007	0.40037319870642	0.9499460470393434	0.08845288187715308	0.40275124072631463	1.0429907468868262	0.058136153991220046	0.4018093693904036	1.0637351743224557	0.009761067930244059	0.4615393609312128	1.0699437447758269
153	2.55	0.3185846236179778	0.5214265050884999	0.9576278844602648	0.3239323876071331	0.6926923552186895	1.4215781872076527	0.31619953941614865	0.9018223342412144	1.8321952340114813	0.3384424730941961	0.6826724484182842	1.8829039891829464	0.39142699016256344	0.7670970482402618	1.8956447792915307	0.29227208729140874	0.9626103633972436	1.8775315898174596	0.0879867647730542	0.49247627417092465	0.9552768228218724	0.06914291204735779	0.6929490454462895	1.4068428475494665	0.05298408521745139	0.876911023539877	1.8217814670320285	0.08294383942227589	0.6875680450223352	1.8830503929828952	0.0014758581578632583	0.7258554044569046	1.877930459347379	0.06135622324845137	0.9842629844035987	1.8875013874672746	0.2051022659666876	0.32965282557542724	0.2738563054000352	0.23157931929803624	0.14849259234665435	0.05409089797587887	0.2285765191754959	0.13036490829420944	0.20637173344930126	0.37809784938879276	0.3740158406496268	0.36379961386511966	0.42235127476665785	0.4774682401337774	0.6763932218347785	0.4189576122201298	0.489421711446811	0.954822650708079	0.3539413591575221	0.4973993883845324	1.0802400113560573	0.375495146545762	0.47308408975786065	1.098737191198027	0.40383947365363937	0.5214252656673302	1.1042688092992887	0.05129290737812198	0.3523511325842751	0.3683653528605764	-0.03392455787641872	0.4396499588723318	0.6776993997542957	0.016571801842962603	0.4125277351953687	0.9506164416058149	0.08757918573519653	0.4039890769696624	1.0459633819689786	0.057912317092236175	0.4016548020175541	1.0637753076728043	0.009656909130282018	0.4616591350040898	1.0699641339454513
154	2.566666666666667	0.3185648398568912	0.5213322924811937	0.9576136280893935	0.3238531831377899	0.6925577173354018	1.4215383746661459	0.3172641253657381	0.9056222507484696	1.8379000319911036	0.3387549311133661	0.682339636654294	1.8829745904805157	0.3915200840798027	0.7672424454620868	1.8958328949599983	0.2922909465803818	0.9627106550546201	1.877659409636593	0.08802396099057602	0.49247879500944414	0.9552692196773469	0.0691086605675194	0.693114965133162	1.406866099916022	0.052960614110005466	0.8767243479623962	1.8216622025308347	0.08291223469794551	0.6870527993708203	1.8829042017640352	0.001462337762473291	0.7256399574522111	1.8777611469507818	0.06266246519864553	0.9682856357190003	1.8788481084469133	0.20295551046771038	0.3181507385222526	0.2764137211539929	0.22709332944900937	0.15835682937856133	0.05135000506458754	0.22826023715720034	0.13034609144485731	0.20675102301596351	0.3779984722761962	0.3731909619901635	0.36009280328482113	0.4223090568133549	0.47751599313578647	0.6763331175032707	0.4188394728625972	0.48925478958843405	0.9547813153038338	0.3582845318664127	0.4844759818823392	1.0821868175275116	0.3760427356746815	0.4748450914264529	1.1027245210304575	0.40869036143844384	0.5078617694865194	1.1028146573968385	0.050887551378530606	0.35217772625616806	0.36472780005965155	-0.03389124193928717	0.4392908732377595	0.6776159882456283	0.01642919532548208	0.41272744276657775	0.9506808221733932	0.08188366582516618	0.41598133348597593	1.0471944261927815	0.0578191173091175	0.40160368734362034	1.0638770123271855	0.005532783213782326	0.45738835572488723	1.0663475181653368
155	2.5833333333333335	0.317896334558056	0.5188953413325665	0.9536878239952387	0.3237817486080152	0.692539028975004	1.4214310982335416	0.3172494829789946	0.9053604645172977	1.8377981167823687	0.3387388949348055	0.6822102691662476	1.882926463122656	0.3967144114372943	0.7503737109642035	1.8901106667626593	0.2922617589445187	0.9628470312218773	1.877788768310116	0.08793824139341878	0.49239017653039513	0.9551975257399992	0.0690322550191243	0.6932117798279642	1.406912769343323	0.05295150258565924	0.8770333352869615	1.821833175908315	0.08227649818446832	0.683499173439585	1.8773138620087608	0.0014380155433011586	0.7258525426342413	1.8778308269084074	0.06075054080308533	0.985419278915581	1.8837181547581303	0.1991788606981215	0.3170403511506295	0.2768549593656416	0.22688752349101018	0.1589969424146115	0.05130051291017805	0.22484475014831742	0.12915434602998682	0.2103108825697606	0.3738232637548197	0.3717520883982502	0.3642225962001254	0.4220707978051577	0.4783680703264273	0.6797563390280134	0.41867826081599196	0.48956749864567534	0.9547135740449925	0.35932550986435413	0.4821037177021714	1.0828152434654261	0.37608311189238364	0.47434151665481666	1.1027946795079755	0.4041429158884623	0.5210538328313815	1.104162363024691	0.04514269289131292	0.3645634438690384	0.3663027436251123	-0.03409280813432232	0.43697888625336934	0.6736557276770536	0.016460675978538106	0.41259909605338957	0.9506853149667556	0.07767515982711835	0.4152364522768142	1.047434411648341	0.05445961566609357	0.4000930148929311	1.064049751290125	0.005455835992377647	0.457197398743614	1.0664199760804438
156	2.6	0.3093058930149601	0.5334847769860761	0.9585761160880141	0.3229806188660882	0.6898095700184504	1.4170424441905167	0.32238610364669296	0.8831828862260385	1.8264123712773332	0.3420298044594285	0.6965326743617087	1.8870722663458515	0.39725968414294327	0.7489639560494311	1.893427328335329	0.2913059748619113	0.9582165247156154	1.872861613676425	0.08786637140640145	0.49248639880096096	0.9554025421384883	0.06810112150564823	0.6942617813048593	1.4108242652185683	0.05238750646732282	0.8732865384020918	1.816521552634388	0.0821130065373241	0.6840175623198647	1.8773488123014281	0.0014373138861448033	0.7257366050277565	1.8777201747242585	0.06472338841152074	0.9874935991457267	1.8837069507361601	0.19911428619063906	0.31713721178410836	0.27693220286923664	0.22320356467284472	0.15799836948912205	0.05522459661123019	0.22493348791336018	0.1295522421494683	0.21656668576802102	0.3747800215817616	0.36099277226863774	0.3626321166710691	0.42209329862727146	0.4784899357622581	0.6796611973624122	0.41434035181808637	0.48741566309175594	0.9549035911189366	0.3582307709636406	0.48459186734610005	1.0821801761283316	0.37610541229215105	0.4748786184131967	1.1027316091507176	0.4087732657877682	0.5082041627672116	1.1030364815893328	0.044936699828687345	0.36256024444030016	0.3596334414853848	-0.03403487904031121	0.4370743300889639	0.6738126835325926	0.016414710907217533	0.4125396360634611	0.950809856673096	0.07704799161052671	0.41618014341284404	1.0506383233207595	0.05736813020427765	0.40238391849457367	1.0676453774769985	0.009227611572147647	0.4590844827064225	1.066333515219638
157	2.6166666666666667	0.30918961564257724	0.5334640182688835	0.9586012924710119	0.32288667937486937	0.6898947273558391	1.4172197663439452	0.32187559843884805	0.8841523669627178	1.8225817070387893	0.34207985740766766	0.6977463268841291	1.8875052058566666	0.39863579013745865	0.7613989511323046	1.8887956527523633	0.2923194881855098	0.9454687434308261	1.8690664291820451	0.08783923977226506	0.49245425384161373	0.9554041269613182	0.06806371556648824	0.694509114209113	1.4109603222964842	0.05299235091984002	0.8771448214858385	1.821801210408079	0.08191447367404622	0.6839667445106457	1.8772949283159461	0.0026167031952343362	0.7240628189338553	1.8737655285219197	0.0647551233229024	0.9874969201051284	1.8836611838388047	0.19920831242170567	0.31723463276959607	0.2801888132395382	0.2173033638326997	0.14621310242483831	0.05911918453235858	0.2215200585793341	0.12880009115111118	0.21992468456032063	0.3706990687779819	0.35830272653534023	0.35956204046529244	0.42222803355333294	0.47762844968956825	0.6762978578859824	0.4141648643845242	0.4875030181741803	0.9548515448026973	0.3586588944298046	0.483680772517871	1.0863354033783694	0.37598224215354625	0.4744891583523749	1.1029889590255098	0.40879331866831753	0.5078373304091744	1.1031053952045864	0.04472616896569598	0.3645777244091977	0.3628745733941429	-0.03843789242266259	0.4358302569925722	0.6701942200875086	0.012176344541213005	0.410906238213094	0.9508742512787303	0.08097332983133508	0.41773507282572914	1.0505311781257118	0.057865985443522755	0.40168553091214987	1.0640455973350176	0.003258867731108463	0.471401725627373	1.067446121022577
158	2.6333333333333333	0.30819172008237955	0.5316259954174117	0.9583928876917799	0.3229101485228928	0.6897753003476143	1.4171772259396418	0.31591020859251145	0.9016087925215667	1.8280592831094533	0.3418598071882052	0.6973500627963141	1.8873629049020806	0.39669175420503905	0.7505388016034654	1.8900210527933754	0.29526018042711305	0.9613311689703811	1.87318515980288	0.08779282580191738	0.49236462635083994	0.9553916903585509	0.06843749846588884	0.6936268253686358	1.4148179366762998	0.05412393851688075	0.8752845073994409	1.8171853481397318	0.08259105167100403	0.6877999230252247	1.8831328076973304	0.0014188078616005787	0.7258973342853116	1.8778866845679394	0.06478082834794163	0.9872059739432157	1.8836503115226295	0.19906645964476155	0.31717529395154687	0.2802834892504973	0.21710586467793186	0.1465249380953648	0.05920915105128538	0.21929498806709996	0.11839586851879359	0.2226264950674853	0.36671779490561257	0.3568703139370879	0.3636305270462297	0.42198628718377973	0.4785294450995044	0.679696691579751	0.41120099327149584	0.47552853582367427	0.9546592357581526	0.35648530106916104	0.4707173482016234	1.0856946275283161	0.37589105654937793	0.47413165201795376	1.1031427763068749	0.40098735483355563	0.5081652852533544	1.1035322303769666	0.04088091418377433	0.3628439628962479	0.3669152369831862	-0.044924541179449294	0.44819023540235475	0.6696139006698572	0.01115683826008144	0.39793337521212674	0.9507460940027369	0.07655919682222884	0.4171375302636125	1.0507639161019173	0.05189877539576924	0.4132104763178052	1.0650220122592229	0.0022747027379905384	0.45784916708494694	1.066806586294704
159	2.65	0.30850198605068574	0.5344239986750329	0.9624335858218795	0.32280491728188865	0.6897535327572422	1.417170296728246	0.31590764991142983	0.90192441078601	1.828199898332905	0.34526291960183214	0.7120053081444759	1.8917311139369022	0.40036772966458745	0.763579004185525	1.8976470806209649	0.29120802366261234	0.9585996962006076	1.872854047153893	0.08731930903274729	0.49258885397803426	0.9515654991140724	0.06843238190821889	0.6937800097720341	1.4149952653124498	0.0529931437805249	0.8771764650896651	1.8218275468506266	0.08261823003407638	0.6878001136872566	1.883138762268316	0.0014152566173309996	0.7259188141354197	1.8779504269348406	0.06483181892391834	0.9874944428909295	1.8836926620063992	0.19520111586860567	0.3162792735651269	0.2806791790866826	0.21701315994856826	0.14663864423625314	0.059302325378148044	0.21572926279794233	0.11760557815818246	0.22305594634012835	0.3664258751268692	0.356646650144563	0.36362951720281556	0.4189656157615322	0.46468114437303915	0.6774285749883605	0.4106120095694367	0.47336803699709673	0.9512297367661873	0.355910550654753	0.4682359974058566	1.0818657573795905	0.3753178796945084	0.4714835820899107	1.0993798130305386	0.39709717215882173	0.5059088275566606	1.1032717190220278	0.039573050331856804	0.35018692086171976	0.36922234673166954	-0.04531801708942373	0.45154173604877257	0.6767652398927778	0.010660886875744577	0.3982604079996129	0.9466506263590195	0.07655702859846328	0.417430178575778	1.0508314700620087	0.051923856062371807	0.41324483550263047	1.065068010908442	-0.0015021360831425586	0.45906468396845557	1.0707732118193487
160	2.6666666666666665	0.30374806158443646	0.5302658010349279	0.9589567532435177	0.32284955291602285	0.6897166100250747	1.4172081810712502	0.31657698442268684	0.9010218212989748	1.8321480399369539	0.3423002824790956	0.6971731734362876	1.887483228319726	0.4003847839855724	0.763568951922429	1.897760026721385	0.29639425515510714	0.9653598236623963	1.8787500075186014	0.08555906998714723	0.48019390891869806	0.9590563321340995	0.06854177387298785	0.6935056333445223	1.4150332091399282	0.0530267919045027	0.8770675454259269	1.8218147876469697	0.08254931157122217	0.6874431187989104	1.8831003234512487	0.0014145754986020906	0.7257425884272138	1.8778555924635525	0.0648730749264341	0.9873321340626833	1.8837527114830885	0.1951394931859152	0.31632392994088104	0.28078256562637405	0.21702755723199324	0.1466975940664499	0.05934600618414994	0.21081525457738876	0.12737332614950325	0.22079676011231994	0.3663083332507791	0.35658169522485955	0.36362494673235357	0.4145959940783093	0.46333224381455107	0.6776682009418608	0.4103859687939427	0.4729288109606627	0.9510745540802861	0.35370055699293074	0.4556838382264781	1.0812821142907634	0.3751910555295302	0.4714491218424038	1.0994653827660426	0.3967388978219366	0.5051857753203518	1.102856897185738	0.033594276745891744	0.36226661389011716	0.3673488713928968	-0.0516725503277454	0.4641392835271211	0.6800792154899351	0.011072965947161314	0.39782747841738725	0.9507676713127388	0.07624471909346572	0.41733427948483415	1.0507576053842336	0.048372407253492684	0.4118810223608421	1.0650790896009266	0.00463123792036016	0.44628548504647075	1.0696482575450696
161	2.683333333333333	0.30099923240629217	0.5170438755149679	0.9590574487057316	0.32346202564950555	0.6927223550512628	1.4217243062537643	0.31616327870216715	0.9025784988932041	1.8287137505700475	0.342606603021078	0.6979959499056401	1.8879371415105217	0.4004774551311491	0.7638884925470767	1.897979193496146	0.29222638061544126	0.9507321470269117	1.8802070091429521	0.08508646284153538	0.48036360881693946	0.9552064551712424	0.06842158467366379	0.6936574190971757	1.4150041049499393	0.05304384834759821	0.8772974292526852	1.8219406966020089	0.07626227379900621	0.702381329219081	1.8883091072353213	0.0013471309286023322	0.7259011729272873	1.8779287489105159	0.06482882644446283	0.9875384726552324	1.8837904141263506	0.19503395427355055	0.31628314171579114	0.2806972695499791	0.2132274151263224	0.14498494158660202	0.05977991169818067	0.21069690957659915	0.12746910599776662	0.22074266098138068	0.35954129009491925	0.34339193221746406	0.36609688084644965	0.414720886045745	0.46243940403468964	0.6741108927581783	0.40753373238017265	0.4607504131068717	0.9509127686543668	0.3541954045782268	0.457428172593894	1.0847960563472208	0.3727259334011906	0.4592229135479043	1.0988857084708563	0.3965679561222391	0.504430551833131	1.1024529381263235	0.028234463539256165	0.34745453711258895	0.3701110169425836	-0.051337295080750606	0.46325203995414094	0.6769608325628316	0.010981045663620272	0.39799604236075703	0.9508044914215619	0.07614662001025267	0.41750298786020257	1.0507936314367818	0.04832283800494587	0.4120742607480871	1.0651074471083182	0.0060540063207467675	0.45917045790797983	1.07422472292619
162	2.7	0.30098970951662607	0.5170404252132292	0.9590002571195033	0.32263466856160455	0.6895928633394203	1.4170076304367152	0.3170974724497372	0.9061914787725821	1.8341305451890955	0.34244212134040874	0.696784955240629	1.887412551756399	0.3975167198020209	0.7492176552094797	1.893722624762728	0.29639425587800516	0.9652805251464636	1.8786301804396586	0.08159911484365036	0.47799741346840663	0.9591650732814702	0.0680069889426971	0.6943574071318184	1.4110644716217604	0.05310402332079824	0.8772268051887614	1.8219222877506531	0.08253798229838372	0.6872722963620675	1.883125848948031	0.0013957886895879484	0.7259035428538797	1.877910615291437	0.06567796192520019	0.9913583891384614	1.8898768909285437	0.18976886865536682	0.3275117488368411	0.2783377641084235	0.20950613713058777	0.14344481682963628	0.059938009099461426	0.21075678716912452	0.12739069293441818	0.22058969464242867	0.35740663927903393	0.3665448466397621	0.3585550482082831	0.4146632960623768	0.4625188568944722	0.6739150164387823	0.4067407498390873	0.4591106612667401	0.9436924591361804	0.35292070989015834	0.45592121835774974	1.0767181763563283	0.37499198448540644	0.4712572227841905	1.099345709903439	0.38988360441876346	0.49117326829736785	1.1018623360210402	0.02796137854990285	0.34743282497827555	0.3700637499089794	-0.05223651133943182	0.46446472480505535	0.6763729294053534	0.005062956569781432	0.4101227044520978	0.9514908812571435	0.07602416586814563	0.4176567334625592	1.0508540082615776	0.04819662070891422	0.4120389375326127	1.065119288991941	-3.19886905311086e-05	0.471630625626274	1.0753775221284796
163	2.716666666666667	0.29630281949237924	0.5129098234765195	0.954870554383216	0.32341810956477124	0.692459711288444	1.4215785171968025	0.3170803410580582	0.9058480052815614	1.834060862093723	0.34235727975698244	0.6968028936312964	1.8874380516502107	0.39743025778918806	0.7489828932891994	1.8936322571523894	0.29343552316857285	0.9496600189008518	1.8746223808346507	0.08158729465116757	0.47792328913054016	0.9591198433666895	0.0679833759953454	0.6943418089997847	1.4109326730835419	0.0540905811800786	0.8749670937967973	1.817212436940779	0.07491207080780099	0.6860223480127406	1.8838111104015534	0.0012925453374685015	0.725810622712698	1.877878344387083	0.06361644358496331	0.9719945544001098	1.884866076881359	0.18598918113712576	0.3266664541024636	0.27859872580941414	0.20941071377150983	0.1433460041272943	0.05985835465711416	0.21549789558916388	0.11708620750423085	0.2199080082323819	0.3573574947740893	0.36662290220784005	0.358533665246189	0.41494584739489687	0.46465562776665237	0.6773154191780059	0.4064447506206822	0.45912326017179994	0.9436734479470259	0.3527307902436425	0.45541641414848566	1.0765706489878626	0.368620747821439	0.45782149563383173	1.0987516113157876	0.38976271170979593	0.49070648820420354	1.1016062708453902	0.02389113576255981	0.34572664582244544	0.37049420221280854	-0.0520785154767767	0.4645178125166085	0.6799550088996386	0.005014180323293037	0.410301181772674	0.9516155444153199	0.07585639654395616	0.41764156971838473	1.050873669701688	0.048223098930021045	0.41144045674022306	1.065117759925491	-0.0007133200393225307	0.4724010547820288	1.0714116226630166
164	2.7333333333333334	0.29665385275624995	0.5119678282497823	0.9512042967728789	0.32263577808986593	0.689566281526034	1.4168490043072508	0.3170516009916657	0.9059358313695409	1.8340595547960363	0.34245446218906983	0.6978534878393661	1.8878616880012176	0.3974633016005331	0.7492015836529072	1.8937107620734	0.2934441018299558	0.949758984229317	1.874633103161237	0.08203481149224784	0.47693435848270754	0.9557052939319848	0.060899454025313826	0.7101236564610879	1.409638884902089	0.0541259080810035	0.8747604529524863	1.8170731797647748	0.07727699958264048	0.7004179372223792	1.884172676885337	-0.0038633374578514847	0.7386070011729555	1.8787957945494225	0.06280423036244666	0.9681790408980475	1.878537671451055	0.18559683901597757	0.3270769477177389	0.2784522749256495	0.20942453659929947	0.14341432982796187	0.05962396852761428	0.2153730501342336	0.1167095721401814	0.21697302279850292	0.3544878913317877	0.3532498198090143	0.35770811038931916	0.4149569227113339	0.464511721539268	0.6772723950484044	0.4061528483618991	0.4587034690513358	0.9437025041744813	0.3499714027777673	0.44270507691793665	1.0757653825723386	0.3679306176926592	0.4580306780743978	1.0950502058044278	0.3861137253307334	0.489044819941566	1.1016016035308636	0.01771472762929825	0.35710201587742796	0.3651175127082772	-0.052198108676341795	0.4646904625827196	0.6799976156362363	0.005003185767752974	0.4101977999668136	0.9516274128854959	0.07586918344552554	0.41758061572979316	1.0508352746215177	0.04818182552443688	0.41136734254568974	1.065189906755781	-0.0008428012375985561	0.47266050597074094	1.071495926818639
165	2.75	0.2966772894538781	0.5117163696356528	0.9511988843762138	0.32259420464217303	0.6896503289489102	1.4170835165399955	0.3170209332803124	0.9063412910004106	1.8342937491815263	0.3424182062990469	0.6977066893385084	1.8878099572956173	0.3974598317076336	0.7495499545802895	1.8939277413297726	0.2944928800981211	0.9532960916937434	1.8799842965509044	0.08203803086556304	0.4767683246244668	0.955653780929842	0.06210305551616107	0.7083350586358202	1.4097986455625995	0.05307731858526582	0.8763748180615825	1.82149501221017	0.0773101384143948	0.7004944107137855	1.8842049432152141	0.002505457851452793	0.7243368173658356	1.8739283317871636	0.06370578869791466	0.9721269403028313	1.8845547863939103	0.18553929113464177	0.32634542557454044	0.2754171626081035	0.20556901576572056	0.14204645159370805	0.05663051400568344	0.20688574952978958	0.1248214669364539	0.20879114026182674	0.3546503411726489	0.3548921620158732	0.3606428660417842	0.41492420547980424	0.4644127707707914	0.6773279497035505	0.4025083833423612	0.45871531247058733	0.9472736228779649	0.34455161758426245	0.45701452922853564	1.0729862102528456	0.3677750311088085	0.4584088236165107	1.0950901931005883	0.38292566221314606	0.48773677171887847	1.1019565533715125	0.01269606859425196	0.34256275565033034	0.371397490451633	-0.05219597248394826	0.4620275703642288	0.6759877076681544	0.00438253180987418	0.4113110901564072	0.9548255754974847	0.07579765487099654	0.4174948908719489	1.0508059405179282	0.04813723818235717	0.41139435148443143	1.0651551886196735	-0.0008733524482166585	0.47271655050972294	1.071536793077971
166	2.7666666666666666	0.2966365598201367	0.5117739091901112	0.9512960614676599	0.31855899338134436	0.687781370533358	1.4170153950849105	0.315724212695761	0.9025293312010426	1.8283918682224656	0.34223479171115195	0.6976544866869058	1.8876095745534558	0.3992493440645677	0.7603709856700559	1.8926201250129413	0.2933233711233284	0.9498375250476535	1.8744548752992616	0.08201307632405723	0.47679906266219546	0.9557081470054841	0.06205990277942222	0.7086944865830856	1.40994210173672	0.05420077298565231	0.8746004776362165	1.8170247263351118	0.07727676122842374	0.7008726373143311	1.8841907918293894	-0.003867492290266745	0.7386901655332969	1.8788357672042022	0.06373045328175571	0.9720345272842307	1.8846243987349498	0.18552354520270545	0.32631233505051227	0.27537836845211117	0.20074868893012837	0.15233642549252885	0.053329789795865244	0.2067047286868506	0.12349969732924194	0.2053263865819283	0.3520178408784205	0.3419100827969683	0.3599210482145431	0.41489367875975675	0.46428411917081536	0.6774420269435326	0.40241465595124404	0.45862207097658597	0.9472689679983222	0.3343536262952037	0.4850579774765731	1.0754723208829209	0.36241747201457314	0.47295418930219046	1.099767189424073	0.3828045112092348	0.4877184267719741	1.1020787766238116	0.012630960702995615	0.34215523937527254	0.37152604769612557	-0.05174644745582876	0.46376566953357196	0.676826781855765	0.0043265170145295115	0.4113564781307414	0.9548907948924181	0.07584617582731405	0.41757447873638504	1.0507955832100389	0.047842422276808495	0.41154442244433553	1.0651944859668472	-0.0008833171847893767	0.47272871110322157	1.0716291865572773
167	2.783333333333333	0.2945227705046661	0.4984378435767214	0.9550023063698779	0.3185109819286652	0.6877701173438835	1.417085286234211	0.3158693745114067	0.9020201490042234	1.8282110321051694	0.34248732825737305	0.6981460539326736	1.887891838106701	0.3958978048543488	0.7472009054766081	1.884953531127462	0.29225224991366056	0.9459504035017275	1.869106232915515	0.08203075927102656	0.47662726163601515	0.9557978345767134	0.06122403508128648	0.7102126431090156	1.4140089805538911	0.05307215404118318	0.8765558841094412	1.8216223216950065	0.07593599159320252	0.6852813456436351	1.8797144299780988	0.002480281919627399	0.7243688457209478	1.8739311120652453	0.06369606375690944	0.9721108967740381	1.8846168033463973	0.1854446614672895	0.3262895330903838	0.27545383825449465	0.1985710309503403	0.14186701401879528	0.056635468973495924	0.20649619864432836	0.1229807235305934	0.20226706929347166	0.35194168588938946	0.34173026973284615	0.3598531355269558	0.41492324048609297	0.4641923849446674	0.6774548263681514	0.40144343687175976	0.45626101921746287	0.9437594296903943	0.33367618750610173	0.48561642851545256	1.0755913310785976	0.3627716646171435	0.4722428724671672	1.0965147624236604	0.38274234447226274	0.4879599987991328	1.1022903818130354	0.011357549554566559	0.32984087103782966	0.37380289973884534	-0.052249376546945114	0.4647948536431304	0.6800822389597031	0.004256647937310129	0.4114154432369438	0.954917426332011	0.07565406858531008	0.41798137065429514	1.0510239623945776	0.04774143702175033	0.4113208273623919	1.0652392769389636	-0.001061558531104846	0.47293503262828407	1.071644834654233
168	2.8	0.2903686646542157	0.49592361984532163	0.9473395785903541	0.322573747566816	0.6894974146357606	1.4171431082249109	0.3154981518527432	0.9016005813820788	1.8277306704057747	0.34494814282041114	0.7127255563164531	1.8917739499186264	0.39856792046527717	0.7614247279132732	1.8886540924830089	0.2919583673467241	0.9458127887774365	1.8686025168566036	0.08050468052558589	0.4634490786908681	0.9554343273485336	0.06208201969219428	0.7087673707749305	1.4099766968280731	0.0536428738679934	0.8758323331535653	1.8126724504258296	0.07710861163905897	0.7011178196854059	1.8841364859064325	-0.0038640915205430237	0.7387035717406217	1.8787768444520632	0.06375424627542645	0.9719493922459264	1.8845405571306477	0.18541446292967817	0.32618878572784216	0.275457003388825	0.2004089842478964	0.15255192735934472	0.05325450272127759	0.20639840347703658	0.12280330248978469	0.20186713808704573	0.35194933636592574	0.3435219988974416	0.3626360765611728	0.41487361615248636	0.4641725448172973	0.6774656180231632	0.40206466855208045	0.45861000424013454	0.9472269322622987	0.33401833730832137	0.4853048377415734	1.0755601920669307	0.3624356275404633	0.4731894213670141	1.099734870618613	0.38273415144047396	0.48810167867857396	1.1023005131585586	0.011356046512498151	0.32944479381341885	0.37389539018723367	-0.0631804479359885	0.461241063094942	0.6776805557227095	0.004254325867168786	0.4113143412733324	0.9547788478030932	0.07580391752194243	0.4180287443458493	1.051007438840094	0.04778102217457467	0.4114250284894758	1.0652391238146623	-0.002290594277483618	0.46000112037748464	1.0708644651315788
169	2.816666666666667	0.29458301984440594	0.49753544367742	0.9471887821421764	0.32252271636289487	0.6896035229671075	1.4170134216779229	0.3155740833932321	0.9016094670954505	1.827857945308144	0.34192648422139443	0.6979203175485533	1.8875264094210646	0.39568470975947845	0.7473106219655523	1.8849118018787059	0.28807205268336533	0.9428454780388698	1.8680509393479798	0.08049705726315902	0.46347881336787616	0.9554834702282023	0.06207228239200212	0.7087293433692619	1.4099123039302852	0.05427200593530569	0.87498999574908	1.8171140616427879	0.07589665566432348	0.685777221738097	1.8797493361601514	-0.00382159110192538	0.7387127731510038	1.8787874820994206	0.06505879988510914	0.9702700567640113	1.8797599266876006	0.18532033063628792	0.32616301984001594	0.27544554695173934	0.1931561210389284	0.1522076090591209	0.05026970626370355	0.20625567901295377	0.12245895446999833	0.19880668940368593	0.3494119415302721	0.3323862379086997	0.3646411982220076	0.4148396299986653	0.4641548466450879	0.6774269651321569	0.39784630926698655	0.4562392263608419	0.9474378133290889	0.32890305798585595	0.4850545475745766	1.0718655088336324	0.3622133472377632	0.4738073793952548	1.0996714861161512	0.38270733724471695	0.48794206505172616	1.1023941003346225	0.011253507940484195	0.3291184996845051	0.3739365807716392	-0.056820090296463906	0.4486781232038297	0.6783442675366576	0.00419683941373167	0.41140330199412795	0.954852144510115	0.07563826419802278	0.4184640435882742	1.0511244943220612	0.047792517354431636	0.41162669490964016	1.0652516473663247	-0.002246371921601855	0.45976161433134344	1.0709297018142918
170	2.8333333333333335	0.294550815053804	0.4974213162419586	0.9471199308652033	0.3188831001898948	0.6914815430576362	1.418033129620977	0.3166727785866373	0.9061908606080327	1.8338740568790008	0.3417095528533131	0.6986725376153372	1.887817413801168	0.3966662574799608	0.7515257396196907	1.8904321997972242	0.289185112923405	0.9465457286073476	1.8732738670830662	0.08047930724743589	0.46338052433492816	0.9554874402540161	0.06201475085423081	0.7090968422633289	1.4099537823347712	0.05367258029276675	0.8760767576171811	1.812602453383826	0.07581361066813254	0.6855323107016758	1.879782246441938	-0.0038379832260384984	0.7385977276534158	1.8787245591084623	0.06507119355001843	0.9702659903758749	1.8797291391216702	0.17962325552614838	0.31321591828314466	0.278440203032422	0.1931409123466239	0.15200272605788046	0.050311619141365366	0.2062564394411405	0.12281595643859201	0.2018061378619624	0.3491146818412706	0.3305461272269924	0.3618152064244774	0.4143818808747539	0.4618643340842908	0.6739293358668144	0.40130562598123337	0.45613539661180835	0.9437548331484175	0.3293236778474656	0.48429498522546394	1.0757611686608841	0.36274508934038124	0.4725562195666967	1.0963458266205672	0.38268588394262104	0.48806618259391527	1.10243139646886	0.011323143924863601	0.32896854273126586	0.3739009645211354	-0.06109484422081306	0.4465532618580793	0.674628294415616	0.0032367171921713657	0.39860342884832833	0.9547200383418236	0.07560319848415685	0.41849808731383625	1.0511450190754972	0.04805041329259256	0.4114834973159235	1.0685291790676563	-0.0021687774455779506	0.4597820390219158	1.0710358847968064
171	2.85	0.29410295573376144	0.4984816199959303	0.9511465345113809	0.3180358016831193	0.6882928825141518	1.4132514620988892	0.3149461660185548	0.9030155401835398	1.824221379024091	0.34181063032117576	0.6981642326577681	1.8876147246986643	0.3945729473266553	0.7664160555014045	1.8910302079917154	0.28799439773680324	0.9426872909976574	1.8677333485030032	0.07991922182009976	0.4644421634768673	0.9592376439148582	0.06191661452849108	0.7092569785238749	1.4100677014746663	0.05368416452343268	0.8759276289425985	1.8126009689662492	0.07390943521436888	0.6835065668072816	1.8782688261294536	0.0024936080608833422	0.7242418280402184	1.8738866071735927	0.06382665472208968	0.9719830034484397	1.8845739297622055	0.1795567601002421	0.31321811183462966	0.27841920754470123	0.19305979512406013	0.1520668778404783	0.05024614599546603	0.2026038787923463	0.1211695055641468	0.19913497824302853	0.3450540300566761	0.3286571307662829	0.3622558239710712	0.41435336272730716	0.4618850569643633	0.6740049328434032	0.40129100247403304	0.4562149018172298	0.9437744386178714	0.32950676541359714	0.4842639688631242	1.0757615191630114	0.362747019771274	0.4723452083478836	1.096455179894366	0.3827505976358361	0.48799479943474544	1.102513052012925	0.011180154516847661	0.3292319211378875	0.3738650514320636	-0.06125620374660084	0.4465021640584684	0.6746378673018195	0.003207821541540364	0.39859794389319864	0.9547840325999447	0.07546136004393336	0.4186618641094239	1.0512058529053585	0.04455146242086242	0.40921637923179277	1.0686890239760236	-0.002168566661787832	0.4598328315865381	1.071026314449505
172	2.8666666666666667	0.2945158284746906	0.5010991212913711	0.9549298094548295	0.31849749891512585	0.687660786884436	1.4168962873181505	0.3147106692645978	0.9031951183594006	1.8241159924597823	0.3415099957490609	0.698084087517476	1.8873948519995065	0.39432001055182747	0.7664831962474509	1.8909086075818398	0.29106130641974626	0.9588769705698095	1.8717271695133118	0.07990405048532051	0.46439896723624124	0.9591509557778539	0.05540239768075313	0.7243474371553471	1.4128820707783134	0.05364052413272972	0.8763163678176816	1.812665585597771	0.07712276622194435	0.701602785939661	1.8841748250956865	-0.0038274957292275106	0.7388847995199556	1.8788547395888453	0.06389411168649964	0.9720098910009856	1.884586356412928	0.17945034743845908	0.31315659525619133	0.278490356266172	0.1931249763149786	0.15226652842166988	0.05353919849086315	0.20261574647486422	0.12118086538684404	0.19921853569520742	0.34517012333242775	0.33054899854795383	0.3650320754513379	0.41431160670370926	0.4619190806636058	0.6739970613177405	0.4013571174245857	0.45622085181515165	0.9437880735326873	0.3272904026983088	0.4705115517392835	1.0751425443699352	0.3623707238315104	0.4729640537522004	1.0997386728050471	0.38270154211884816	0.4882222545768456	1.1025449948825974	0.007171218403898086	0.32708502692893093	0.37087561682441034	-0.06777523676813976	0.4586775268337429	0.67392034714257	0.0032307274826825654	0.3984396828147565	0.9548374234110653	0.07137940977161013	0.417431677272298	1.0515124381718488	0.04453242061040279	0.40923335250560255	1.0687525267223512	-0.002338533225741139	0.46003652514313015	1.0710263487986904
173	2.8833333333333333	0.2944783444623743	0.5012232107706042	0.9549634641487937	0.3225427721797375	0.6893035297681425	1.4168622010076517	0.31536455266482166	0.9020925355065597	1.8278364933505373	0.3415715448159611	0.6980013071007926	1.887413535709015	0.394454599302579	0.7667859380625598	1.8911723203150828	0.2879415776191297	0.942728031618654	1.8676372835144477	0.08043018071843516	0.4633748578872993	0.9556204011237216	0.05540601175979319	0.7243146993617815	1.412850084050892	0.05352622703207968	0.8759403217069617	1.8125529105038631	0.07745273794508199	0.701293578380433	1.8842135524425827	0.0024682596639313543	0.7244437290674502	1.873964452586498	0.06371731846495542	0.9716788429488579	1.8844102858106957	0.17935108225486884	0.3130455185677204	0.2785571272587292	0.18952029333339698	0.15080937319789098	0.054156155323559996	0.20272498382063028	0.1215361377954208	0.2024116060265567	0.34482249779276697	0.32866604608990746	0.3622229685932152	0.41464891751611666	0.4640938378117945	0.6774223584627992	0.4013674679339573	0.4563545134202083	0.9437898615675347	0.33446408353443247	0.46948200428834114	1.0744391343899127	0.36289175796381107	0.47167490112370186	1.0961984446405755	0.38269993809056846	0.48818738184878663	1.1026114648156788	0.0072839954548298115	0.32742326106325415	0.37432377807496287	-0.06790662971550124	0.45629257985704347	0.6700676131200383	0.0031715773991185196	0.3983727807322058	0.954797166296369	0.07138122950515614	0.41751799801164446	1.0514907064598602	0.0445909424621393	0.4091978897859295	1.0686900748117756	-0.002319826449343797	0.45997753311216405	1.0709717193937234
174	2.9	0.2902272181716703	0.4998879626338528	0.9552727767803589	0.3192290669639663	0.6906101220026252	1.4216289425023396	0.31667459067969267	0.9060082800048254	1.8337923482129002	0.34156050733360377	0.6979652211929849	1.8875231714958887	0.40086976742944025	0.7531174515919752	1.8906085691755599	0.2935077744289538	0.966033731295555	1.882904007857645	0.08040716065967381	0.4634918556012885	0.9556558553455315	0.05542138166009248	0.7246040324222153	1.412984762941832	0.054614640936652525	0.8742835714252937	1.8080434281865754	0.07526315859112252	0.6819926372889821	1.8740950414013027	0.0024748401379351115	0.7242449662394438	1.8738274934835244	0.06409700265847082	0.9663305795805416	1.873491966376943	0.1792626694648014	0.313014374367929	0.2786592719166557	0.1875440786933951	0.14043589417348726	0.057435409131480764	0.20278824806985518	0.12202680668594552	0.20562267453778924	0.3448249327464431	0.3286994266028087	0.3622624635995224	0.41461490211056407	0.4641981535321715	0.6774837980916625	0.4009821383575144	0.4575830049841143	0.9478410123046381	0.32906944375519487	0.4831710854365094	1.071834918015323	0.36277682661988847	0.47185724579031496	1.0962498376793446	0.3826720203171788	0.4882729719265411	1.1028350541702614	0.006014799476537389	0.3157306784462401	0.3764374426317202	-0.06789830434241584	0.4565063040616497	0.6699856304418724	0.0031554690601676375	0.3984110175081826	0.9548540706485187	0.0657410792837823	0.42910026359296194	1.0525177588928116	0.04466070070426392	0.4093767816834965	1.0686524883625317	-0.0024139619909024196	0.45975542976261424	1.0709977706827685
175	2.9166666666666665	0.2901702344401918	0.49981104928738435	0.9554413251060319	0.3183588075965225	0.6877097269940026	1.4170394047185888	0.31545794544279293	0.9022060947313383	1.8279416137924371	0.3418464641758377	0.6979456421408694	1.8875484827057123	0.39989374775486375	0.7495652620476381	1.8854095164535758	0.29121728930435165	0.9588651333153576	1.8719944408391274	0.07985374806410593	0.46449663349515885	0.9593152086471454	0.05549812311512434	0.7284836942233661	1.4136673706248584	0.05356957397465781	0.8768132110783544	1.8128932877946304	0.07635799228987401	0.6982686883123238	1.878659435163359	-0.0029320968318236555	0.75488410582568	1.8834517334053298	0.0637537714085077	0.9722241474542754	1.8847086849163062	0.17917108984775823	0.313047835343692	0.27875813051050524	0.18738917137591543	0.14028012196392864	0.05788882690254465	0.20281776088523137	0.12214996542733648	0.20592229783661653	0.3448982143322407	0.3287810053678457	0.36226199516037977	0.414008822891436	0.46297215278456355	0.6777271893215471	0.4012801383622238	0.4565784623139754	0.9438287157269754	0.3270782710273378	0.47014521509043217	1.075138839881285	0.3623045858133688	0.4728643645123367	1.0998233571053504	0.38274876962174664	0.4882516154647881	1.102569105993743	0.007067954357475869	0.32761833314739247	0.37431389099674545	-0.0683783974836377	0.45741493424138874	0.673425764274616	-0.002730526906919132	0.4104471384851668	0.9555793631960592	0.06948982482398572	0.43068468348830785	1.0525025913834951	0.047552867230650976	0.4120190145983533	1.072057836885955	-0.003500006507054773	0.4464641519110434	1.0703458954636778
176	2.933333333333333	0.28969917835246556	0.5008519452247481	0.959413445382951	0.31911032828396985	0.6906058771955353	1.4218046864444303	0.31558234482039144	0.9017099254105068	1.8278886316904184	0.34208991878785894	0.698124225903827	1.8877235332790134	0.3961871879760088	0.746553283812603	1.8887622665205626	0.29200732045166894	0.9458859332586066	1.8685755676450744	0.07986394248347085	0.46438661692479694	0.9594440499929583	0.05543620635243447	0.7285119131049277	1.4137112334930109	0.053697947208414455	0.8763263391007027	1.8127618025930994	0.07643168794727594	0.6976587199171643	1.8785224142993417	0.0025671055252939274	0.724536436782058	1.8739920151375529	0.06384540265515493	0.9721885124243613	1.8845856740924545	0.17905695767052623	0.31360062069533357	0.2821338959723441	0.1859970324328437	0.1298136277257074	0.06473789736538982	0.2032091431673532	0.12432740564592905	0.21515863513365338	0.34244801137071307	0.31777752744985677	0.36440911084258526	0.4143694652122107	0.46523175630628827	0.6810466343755656	0.4008302763927384	0.4574347549666072	0.9478469997703738	0.32700891824418377	0.4703027280655409	1.0750418944976334	0.36225494069065495	0.47271137565418	1.099830464830181	0.382719528784542	0.48819638788128783	1.102688795440394	0.00011334364188239697	0.3270421355337081	0.37478168906972537	-0.06790220735610152	0.4564935790564104	0.6703287913000128	-0.0035580320805358202	0.39747384076162556	0.9554478686966652	0.06958144960413147	0.43038629420806435	1.0524045166698595	0.04751058925047884	0.4117197485017366	1.072153105736007	-0.0034805646412516306	0.4465735318141659	1.070317131499015
177	2.95	0.2901882388195238	0.4998014153535336	0.9554447368648438	0.3191823962436838	0.6904978272369001	1.4216015190944264	0.31562042020697983	0.9020912077811094	1.8280135401466782	0.34175229804507007	0.6979076032696314	1.8875868123599382	0.3955726023267165	0.7478763556037621	1.8852812067693732	0.29626382494713216	0.9655329147862375	1.8778172430725721	0.08043039869272739	0.4633365840072352	0.9558825460604699	0.05584348989933755	0.7279752608084645	1.4178222926356883	0.053627892392491563	0.8764954441965688	1.8127482334808471	0.07523007316769761	0.6996744431825634	1.882845197109815	0.0034355672953313935	0.740313950465021	1.8785151018593877	0.06703036010858393	0.9698946511729822	1.8783663374489474	0.17539211071165534	0.3112548897814193	0.27956130972653503	0.18583019375832113	0.12955970639257003	0.06507972171395422	0.2032690505309783	0.12491847292835956	0.21827938168893132	0.3402006707320318	0.34125352406806764	0.3603462265532875	0.41460879537012657	0.46422589921713364	0.6774708970437979	0.4011478301105286	0.4561124735727614	0.9438282617607793	0.32680914825785373	0.4702994678628379	1.0750413413116926	0.3627143264577241	0.47174536995874555	1.0964540444146098	0.38269653867338976	0.48816851016973073	1.1027157894021742	-1.5988902494278698e-05	0.32716372869722077	0.37476951859615465	-0.06798412912045652	0.4565673832171663	0.6703496866347571	0.002437491068538796	0.38747434754822324	0.9583500986786216	0.07518446160936987	0.41851535939141205	1.051426942180141	0.04758627769136498	0.4114370903392669	1.0722467722187285	-0.003598518227126552	0.44680070333829364	1.070375484700302
178	2.966666666666667	0.29012030762304214	0.4997727930123631	0.9554320000616011	0.3190856819362407	0.6903149712299618	1.4218438958492057	0.3155003174593072	0.9021303930910801	1.8280304908182325	0.3418613745376194	0.697436614278857	1.8874622507596794	0.3955821902599519	0.7477591134287396	1.8852648537567755	0.2962243405817877	0.9657620747097936	1.8779599586622027	0.0804200248880294	0.463362165679774	0.9558934338168746	0.05187547299535429	0.7256382369487343	1.4177804747784224	0.054183497365361454	0.8801711989083084	1.8181434635445768	0.0760437343197449	0.7027604615514464	1.888404293872508	0.0025605969200661483	0.7245440784840212	1.8740726800056076	0.06778978318606924	0.9736470657711481	1.8848378951803617	0.1792310394396317	0.3131061812408564	0.28251728076428917	0.18578890970384165	0.12937339408014437	0.06539893258144651	0.20324065248392542	0.12490732165858758	0.21845430939603735	0.3378143237778941	0.3302541821215499	0.3623157533397547	0.4145712810764784	0.46430411693739865	0.6774196358358652	0.40180786191982815	0.4583879688454331	0.9473583460345172	0.3268215887921018	0.46996713298693665	1.0751351144674781	0.36265710143971575	0.47226833458444484	1.103662055427289	0.38275070066456807	0.48807733897783373	1.1026656496752087	-0.0001545569321120069	0.3273277390003885	0.3747512533338401	-0.06896806576933642	0.44579514959404504	0.6752858567080022	0.0025358835235730105	0.3874317203106216	0.9584288761396496	0.07532351021532065	0.4185552376587229	1.051407248945992	0.04768281936436961	0.41157069913097893	1.0722571494149054	-0.003601649367604979	0.446623259979211	1.0704219121436067
179	2.9833333333333334	0.29016066557246467	0.49973184890063366	0.9552922621793283	0.3191060848855479	0.6901955074910391	1.421634629546994	0.31537181628749766	0.9022835242138276	1.8280210870841576	0.3422436662030803	0.6991461848682508	1.8882532311273839	0.39059769619366336	0.7652847824807052	1.8913575124775623	0.2920283508673857	0.9465584864327966	1.8687252280412527	0.07904590386538728	0.45018771065164165	0.9557074507294284	0.05190643545393321	0.7254226756945281	1.4177878700941065	0.05422748820148986	0.8798841632193031	1.8180766078999009	0.07550357835254533	0.6857876939348774	1.8797820589856817	0.002509628209072172	0.7244474651004632	1.873973339001715	0.06790452689948684	0.9735377300341552	1.8847335306895125	0.17360234715528872	0.29987441183257485	0.2854797409961118	0.1857929303971774	0.12942509863377868	0.06530996276708564	0.2033568327374821	0.12512610375147448	0.2214406186486172	0.33773818693087426	0.3302414145039501	0.3622644471251965	0.4145585940845479	0.46438564963897994	0.6773225971209313	0.40186458830950034	0.4585875943712463	0.9472998577833742	0.3264740803804413	0.471157077633888	1.0711549632459272	0.36225060484916183	0.4728195771771482	1.0999290597465001	0.382771447686714	0.4879511687645925	1.1025645771991786	-0.0001817595147724247	0.32711054878272267	0.37483206773804023	-0.07275376158552144	0.44331161146123926	0.6756915448473486	0.0025628239643242672	0.38735685218140875	0.9584488634792035	0.07534787109609342	0.41820703230875905	1.051335620068744	0.04765235530884364	0.41133824473162167	1.0722545386022644	-0.010524071440219452	0.4455887051949181	1.0708091248481724
180	3.0	0.2904620909538358	0.49918980581529493	0.9590915769150018	0.3183644404161564	0.6871625469017332	1.4170898924937312	0.3155135796022165	0.9017327870449469	1.8277744539795722	0.34181853655319744	0.6978825349530081	1.8874918694423437	0.3986167125033698	0.7615170456395782	1.888822177221422	0.2952423579222083	0.9617569716433527	1.872932029005702	0.07903385499047348	0.45018821447821067	0.9557697151182545	0.06199761554557227	0.7089431105579521	1.4100546248705432	0.05474247744832415	0.8787628212003339	1.822474405316798	0.0757224834143384	0.6857512531689451	1.8796675324049859	0.0024545333498597562	0.7243897041687771	1.8739269266866228	0.06423525080700415	0.9707137684344951	1.888477738913651	0.1734873063856118	0.2997203737648484	0.28565517731286827	0.18429902624189534	0.11901486058927305	0.06871886180979088	0.20330012179210982	0.1253001482359779	0.22149346064795442	0.33771528328626027	0.33034554618349876	0.36218060341792685	0.41450745050981036	0.46439877967392196	0.6772872750345315	0.4018712489677991	0.45847867004914994	0.947234420077569	0.33110035915937147	0.47167889721645195	1.0708903643490855	0.3598171751021222	0.4602392725294998	1.0991713391490616	0.38279232175109806	0.48791217771098755	1.1017798391895763	-0.0038168125764571907	0.3245777888423696	0.3755037483292458	-0.07259059964630618	0.44351306000723206	0.6797666470208373	0.00255388993687272	0.3874434207590414	0.9585271382697793	0.06962155735953279	0.42985674933786866	1.0523563330223618	0.047651748785441324	0.41194317486010773	1.0721789520528309	-0.0035493125640973524	0.44633510007289207	1.0704325431490318
181	3.0166666666666666	0.2909158396048051	0.4980736816419757	0.9552347080055362	0.3183597032828332	0.6872378349274203	1.4170302178356842	0.3155898581660981	0.9018042194268469	1.8278930802049305	0.3422222262528173	0.6981129283909154	1.8877498245962385	0.39863025029650223	0.7616425945092914	1.8889227242236424	0.2922638994700442	0.9463011047832441	1.8691975215315506	0.07903776291904269	0.4499959850141393	0.955633368705762	0.06194872066314291	0.7092283325281626	1.4101340096173793	0.054776481969524594	0.8787121715707729	1.8224733731613838	0.07557367150381468	0.6858950770509635	1.87958985104957	0.002499738627040376	0.7243772856400886	1.8738626153940547	0.06378720596163794	0.9716488654123542	1.8849229516787187	0.17349059179600884	0.29985452040052746	0.2855134555935929	0.1857335093123199	0.12941098495395822	0.06537495056241312	0.20331008314610785	0.12525179186231936	0.22143414465433728	0.33765084105761656	0.3303493481225661	0.3620980095033009	0.4143691983069657	0.4635657823910553	0.6699450739963374	0.4019353062316343	0.45841836061707536	0.9471842694753406	0.3286876932066454	0.45828103268150555	1.0703784402307088	0.3603196848593438	0.45884311198493977	1.0958960337612815	0.382742609193706	0.48799778243060776	1.1017069549146208	-0.00015292958114195674	0.32674655951458886	0.3750007988032925	-0.07304133693128087	0.44435899562932146	0.6830927372758088	0.0025638625798486917	0.38735555266579097	0.9585348898852408	0.0696453798028386	0.42959179110499723	1.0523307483665618	0.04770975085165966	0.4116432180257678	1.072260402186397	-0.0032244137609868354	0.44625837713758004	1.0742759219854505
182	3.033333333333333	0.2905364166546868	0.498501759085052	0.9514601151567152	0.31825354912842047	0.6873044635173384	1.4170707630022623	0.31554299883738285	0.9020392820334816	1.8280340594456115	0.3452631944885486	0.7133726322366696	1.8923093844716903	0.39867473948165655	0.7620423739379399	1.8892200000720223	0.29538481441203845	0.9621180058882659	1.8737002864609356	0.07901884970949663	0.45014579603044425	0.9557276603483974	0.05452722798734356	0.7258872661482904	1.4170658991083658	0.0547877075249573	0.8786836550186891	1.8224927708442016	0.07556773474088842	0.6854747012860924	1.879634819587556	0.002494428690834062	0.7244136013953917	1.8738877721348226	0.06380616814606621	0.9716317170134116	1.8849222091698519	0.17341957225756616	0.2999013105664928	0.2855051892156624	0.18577800816749304	0.12939278664615175	0.0653568921762237	0.20318523439058922	0.12487529778544655	0.218411610858162	0.3329507225388308	0.3430150183175395	0.3599801080696939	0.410016135938538	0.47668342185722284	0.6692620903453482	0.4018729822471424	0.45856012861595086	0.9471492717356526	0.3282983680956587	0.45736590793587323	1.070435768584187	0.3577041220396653	0.4460989137866243	1.0950414877354708	0.38264325605958094	0.4882143453240554	1.101710845092214	-0.003880314413218142	0.3246901048525886	0.37542043509609535	-0.07687356793668543	0.44197593741553487	0.6835758554088412	0.0025572425643281987	0.3873185417428028	0.9585185378810511	0.069603141213081	0.4296004993193954	1.0523187079210752	0.047652003475900914	0.4116844157608929	1.0722225233580656	-0.009512814351647313	0.45878313977442153	1.071551389837426
183	3.05	0.29055483040607016	0.4984158901540134	0.9514013760178455	0.3182787957100082	0.6872313959364429	1.4170964940212387	0.31548443300752227	0.9022142316438894	1.8281529570805335	0.34203529854445885	0.6979020282725897	1.8876333186899252	0.39023735838442575	0.7642594967201082	1.8906398332282905	0.29233769033465673	0.9461849349377767	1.8695802460642723	0.07900490469107511	0.45012570946266006	0.9556692304439626	0.05536129557021952	0.7245404489079101	1.4130935083359963	0.05482975663787038	0.8784425753729533	1.822423527651571	0.07698735538613571	0.7013856242006146	1.8840997012895218	0.0024877074696541047	0.7246062514518742	1.8739625394800976	0.06384155828568458	0.9714964342212375	1.8847912393205644	0.1681423324292386	0.3108849710676983	0.27997072159767783	0.18558462353571448	0.12932438587029085	0.061723252480640506	0.2032291444115659	0.12487189339207654	0.2183500785594917	0.3329454412826497	0.34277204798704664	0.35995046192341135	0.41025007473724934	0.47571155840120427	0.665707849013816	0.3985366356042172	0.44467823181053495	0.9434630083628416	0.3246238196230021	0.4543475438244168	1.06710533210523	0.3576407686974267	0.44575501328586037	1.0948626308628064	0.3827783140989731	0.4875748667983227	1.0949503697662855	-0.003941316259417537	0.324750733238141	0.3753899126825623	-0.07692869066758438	0.44208507530569824	0.683456865121416	0.0025817427766035494	0.38725992626692657	0.9585089461875771	0.06964761590034499	0.4295231166499783	1.0522890850778601	0.04767908496619442	0.41153750025559055	1.072263969890088	-0.009017194141326876	0.45845604513076477	1.0753575461788
184	3.066666666666667	0.2905140053321961	0.49874805884841134	0.9513756532325406	0.3183003043767957	0.6872840273538409	1.416854783692212	0.3154792936295414	0.9018533008902188	1.8278975799116712	0.3448489939140349	0.7121715476917376	1.8915519172444963	0.39848627813398163	0.7615243041246608	1.8886889794035286	0.2921362160010054	0.9461312407395205	1.8690450810797805	0.07902953685433077	0.4501726312436241	0.9557421442236753	0.05530313441415076	0.7248397595996446	1.4131613506596914	0.05416301595407264	0.8750375987346428	1.817247790590601	0.0771198559186473	0.7012423463421877	1.8840957638984648	0.0025196720230759584	0.7246158497914519	1.873953433492809	0.06375992111555855	0.9718530582139259	1.8849529210519707	0.16812755804190743	0.3108867201243134	0.2799310105983598	0.1855470836043706	0.12948033493907202	0.061481301520093144	0.20305338021051275	0.12428669298047913	0.21530200228536453	0.33760668865908283	0.3303566243649438	0.36210252216006805	0.4101843631279425	0.4757224349085379	0.6657391355993464	0.3942527810202793	0.4425855518844679	0.9436252268937405	0.3291974983751672	0.44104460998381806	1.0659207597097424	0.357654124075586	0.44559018107626347	1.0947404839933	0.382354674886087	0.48833756472821815	1.1020274905131637	-0.003929452072114431	0.3246349241410691	0.37544136719959	-0.07696454950965977	0.44227857657305775	0.6834357826814992	0.002598129373436065	0.3872675217452063	0.9585312492925719	0.0696567930514431	0.42985741634695734	1.0523680923311236	0.04769221600096693	0.4116824460232831	1.0722820276040448	-0.009249434118745814	0.4592005983123531	1.0753654302716065
185	3.0833333333333335	0.2904848028799865	0.4988569023667579	0.9512326950654693	0.313771575248472	0.6860491020022598	1.4132520453584092	0.3155655145263258	0.9018189132137587	1.8279816309304948	0.3422615082226769	0.6969980076910516	1.8873418345746775	0.3956243762587572	0.7470285287601763	1.8847917379220152	0.2952672251724771	0.9617705856035146	1.8731213259472077	0.07956121932465283	0.4489599495285607	0.9522796441800195	0.05587274898195931	0.7277841898173244	1.4178141438348413	0.054905944710317324	0.8787822117756241	1.8226191261066038	0.07603941218364885	0.7024649755165208	1.8883630527495412	0.0025151019019584333	0.7246208159038099	1.8740408449514454	0.06386136846617986	0.9721425098456014	1.8848063547807683	0.1680888304225427	0.31072896313887916	0.27989869411716467	0.18554874395200088	0.12920795212086808	0.06145939642724685	0.2029049013281359	0.12399770605803248	0.21220281397235352	0.33756913729789984	0.3301650294853004	0.36192274157056314	0.41018101618985436	0.4758486323108785	0.6657199063457885	0.3897076326189841	0.4558652090820248	0.9442728822670666	0.3291154675404548	0.44091160773358495	1.0657228658712372	0.362081768291484	0.4326791571846157	1.093280385538165	0.3822394897011818	0.4885679255155248	1.1020855783680665	-0.003963564448165101	0.3245438266526832	0.37544809091844095	-0.07691860812796658	0.44114341795508716	0.6763351792778974	0.0025834062031445905	0.38726966608466357	0.9585186305538215	0.06968890957192629	0.43020331547890767	1.052436594796706	0.04765822267727051	0.41170435843578523	1.0722726091823558	-0.0082168337731414	0.47244066316495126	1.076026325909873
186	3.1	0.29046236593474173	0.4989945478254975	0.9513250477673441	0.31824845651121486	0.6873412580078578	1.4170753019438278	0.31546420284677157	0.901963717586197	1.828028453805012	0.34183074260778495	0.6958373951565344	1.8866865134325792	0.3955341672085544	0.7465464884316888	1.8845130485961075	0.29635453354270386	0.9653945225770105	1.8785656293702888	0.07907421084515574	0.45025619868629524	0.9557699902092721	0.055878906320410426	0.7280406968057676	1.4178887543098058	0.05481163708283466	0.8788283419120718	1.8226133289969924	0.07599465832626807	0.7027195818612524	1.8883858135307097	0.0024888890019441304	0.7247064939392766	1.874008214134207	0.06379208490661677	0.9719761602373895	1.8849999153265602	0.16806764874558977	0.3106039323897883	0.279899509455167	0.18556255621148338	0.12906856818647466	0.06141415716913878	0.20285203652027162	0.12382837518690486	0.2121820550447367	0.33756189515569385	0.33012512151914714	0.36178197407379414	0.41020138527319105	0.475801900792255	0.6657742993437573	0.38546805396403455	0.45389608267002574	0.9444150051446377	0.3235241591616563	0.4538345120707381	1.070775085016205	0.3574216077862382	0.4453321831641692	1.094660577087191	0.37877472680551433	0.48772537688778433	1.1022689270566821	-0.003987957073944105	0.3244081961922492	0.3754617431401931	-0.077093356895098	0.44190623889889974	0.6837108765786143	0.0025623020582114333	0.38737649773832566	0.9585109951085133	0.06974391881520783	0.43043261171187097	1.052479714628361	0.04771242240308078	0.41182426597261984	1.0722425674235	-0.009701843991280728	0.4597934984077582	1.0715411469481193
187	3.1166666666666667	0.29007371110920743	0.5002623574839753	0.9552184815724006	0.3149615387945682	0.6883286266779066	1.4216051816191289	0.31666627663696134	0.9054550947227946	1.8336256517344593	0.3415485952576746	0.6963739913849387	1.886776210540433	0.40064698163297885	0.7518429353377138	1.8899367736292647	0.2924774572286575	0.9624748963106604	1.8780969409162427	0.0785044040587055	0.45143490287463955	0.959301653782208	0.05127243194418882	0.7267202667002801	1.413693888763458	0.0558797069768971	0.8770195798054972	1.8180858900990378	0.07485831823868293	0.6821096564749389	1.8739714631200481	0.002460207241447976	0.7244773678982033	1.87387655653003	0.06377400439471109	0.9717091512873911	1.8847767805052031	0.17309786375652816	0.2993961503723559	0.2821342829486473	0.18551908640083004	0.12908254099069622	0.06147187030216033	0.2027257690781783	0.12352748115320006	0.2091381145744175	0.33755808889709593	0.3300676861805045	0.36183836620182686	0.40998901986341146	0.47672555365541985	0.6692047872947294	0.38814024591198	0.4657107804622896	0.9444706620856099	0.32332535228129	0.4539356572782653	1.0709005899390114	0.35730706202306883	0.4456419324853745	1.0946764638891289	0.38217173247060104	0.4888114701525766	1.102020318220023	-0.003987108373851931	0.3244526946145662	0.3754536678657077	-0.07709989402262214	0.4422391218482998	0.6835311013271237	0.0025326742423706383	0.38758989617873396	0.9585762360685888	0.06969960951979429	0.43040494534965185	1.0525076239508375	0.04768370585415248	0.41200354252373966	1.0722860180432028	-0.009573365104394375	0.4594367730869068	1.0716095627524818
188	3.1333333333333333	0.29008221105672277	0.5001084750785747	0.9552719371054254	0.3191009391330781	0.6904031711204069	1.4216470755622905	0.3156875460736067	0.9021980170570509	1.828243070501601	0.34640006096193976	0.6993441743276106	1.8878332038019066	0.4000229486458368	0.7493053457431934	1.885285441011043	0.29245437495282983	0.9622390436837963	1.8784660346925077	0.07904400282943917	0.45046116033356737	0.9558980037748186	0.055372902918111186	0.7289799305618859	1.4137742836752214	0.05481786585617104	0.8786178302202637	1.8225154930661986	0.07712119201662587	0.7013809897509565	1.8842449512303505	0.002471237197999649	0.7246123216358812	1.8740902958268668	0.06376442657346527	0.9715336329230769	1.884711136403563	0.1730625344410924	0.29933377787213644	0.28216559767553645	0.18550590880386458	0.1290296255518517	0.061559753159445126	0.2027072958385342	0.12348537700947654	0.20918603368178243	0.3328827002702659	0.34256394569242055	0.3597883041612759	0.4099932836139426	0.4767839389318768	0.6692659272226071	0.38537674337666594	0.45401735739501103	0.9444959665799346	0.3170675203372136	0.46883273717443374	1.0759096935504822	0.35713970621745017	0.44608891253756583	1.0948603066127722	0.38213960394053736	0.4889845731196203	1.102029149378055	-0.003997944940316901	0.32451614871198226	0.37542628505972764	-0.07714365946609315	0.4420845331517986	0.6836450530252228	-0.0032547760128159393	0.3997016909771046	0.9592759035097375	0.0696831242700529	0.4302141397485271	1.052449814659112	0.04763509877993836	0.4119813506321896	1.0722679587505148	-0.009106601402001828	0.4589038421556358	1.0754358020635877
189	3.15	0.29008633482562685	0.5002124058422057	0.9552787382558101	0.319139125238609	0.6903112011722001	1.4215516231651497	0.3153956116280732	0.9019292476652421	1.8278174724582652	0.3467065830366316	0.7005378546865242	1.8883450512057989	0.4000871125986734	0.7494759392171522	1.8852823275513793	0.2912928828937056	0.9587554362237773	1.872916247279037	0.08068424886659468	0.4659506785698932	0.9596670347431506	0.05543434929194399	0.7288855848911958	1.413879667997364	0.054822809738507255	0.8785831473473881	1.8225064433050226	0.07706996459433359	0.7010652809498958	1.8841068485375867	0.0024845972420510865	0.7244949128725805	1.874016737681273	0.06374658416725591	0.9717101898919132	1.8848615108791273	0.17311489541673344	0.2993159806283923	0.28211815688939396	0.1839972512358933	0.11861086758962627	0.06465071112558572	0.20085048977231512	0.1138703250001621	0.21477659284984563	0.3375706563211515	0.33007960584389123	0.3618554598379248	0.4099927853938598	0.47679768987702625	0.669215569788699	0.3880569374378217	0.46569862787633787	0.944488201395399	0.31631428155462693	0.46664360710072417	1.0641568136982986	0.35714808519467284	0.4462521660076003	1.094746492784067	0.3788665549464199	0.4875965334338191	1.0952839361610096	-0.003946614784307826	0.32438027367628763	0.3755183890217269	-0.07817443230301517	0.428987843952119	0.6846608692003733	0.003390871247726662	0.4006280935930255	0.9587880754882074	0.06977768896012115	0.4305029017450003	1.0525201914690812	0.04775618263036206	0.41191992063649685	1.0722740936502548	-0.008486672306867928	0.4725156864251261	1.0722684205212745
190	3.1666666666666665	0.2899960684726956	0.5000993333701993	0.9554645438781203	0.3190933751480714	0.6903274384993667	1.421681105955163	0.31552829776275565	0.9023069846063849	1.8280973224888046	0.3426914585955378	0.6986914610515796	1.888159094284822	0.3951309390939952	0.7668990284639915	1.891437195491162	0.29241830688648957	0.9625182365206257	1.8782204072823026	0.07873663457038585	0.4539327795690581	0.9629711175880502	0.055488161718779704	0.7286071789256002	1.4138244057004645	0.0548210101912061	0.8786044180350358	1.822517880439533	0.07562883184602623	0.6854048385980438	1.8796754133457823	0.0025129143828740317	0.7243112420591076	1.8739209695634786	0.06374581932478053	0.9717479454317006	1.8849327960559685	0.17124427787539384	0.28773199212377615	0.2846434347802624	0.18410370294509698	0.1185881892433287	0.0648089834175603	0.20083676006593681	0.11384435489547694	0.2148543999826999	0.33753872570640764	0.3299781956254619	0.3618560409960855	0.40999385198920635	0.47676309464472855	0.6691612571198948	0.38537229505977283	0.45429325670177517	0.9443969956703069	0.317043132970227	0.46741539911526164	1.0675745726171881	0.3527213014403049	0.45900117480906427	1.0961826328646986	0.38218927593159185	0.4884222259178659	1.0950290814898325	-0.0038909704600427206	0.3243395101805245	0.37556464951152996	-0.07820606293131198	0.42865158268165027	0.68468674658876	0.0026416553738099645	0.38763195069579937	0.9586134837502692	0.06983545923209089	0.43041324695597216	1.0524739395029485	0.04768466727012186	0.41186275999572175	1.0723690400641772	-0.007981745105549316	0.47224300985787115	1.0761306117902343
191	3.183333333333333	0.2903468570919919	0.49973564471121806	0.95929858832722	0.31914324073613815	0.6904454725150183	1.4216703386193488	0.3156132184293377	0.9019006571254902	1.8279924291077119	0.34263194690787013	0.6983821224274284	1.8880021956871764	0.40028351408546936	0.7494577353991686	1.885405976329657	0.29242286710316356	0.9621337591089745	1.8779816162465286	0.07842418473548564	0.45136043804576137	0.9593746338837991	0.05595255239962189	0.7280482853746666	1.4179081544440495	0.05412581110530337	0.8747317035739924	1.8171009226525248	0.07716195546864214	0.7007468189866446	1.8840687483821459	0.0024631218612893324	0.7243995904607147	1.8739605742931387	0.06280653964285351	0.9676997299050752	1.8785874174667891	0.17122095384645375	0.28771118184565936	0.2847260865141723	0.1840207764348281	0.1185677047857576	0.06488390677864031	0.20104412811420122	0.11440997683782882	0.2209588926052799	0.3328737904033363	0.3426524663595831	0.35981865588437156	0.4099810164316159	0.47673653172463826	0.6692626788419325	0.3880120857768407	0.46578029538124976	0.9445702889704966	0.3170833145592118	0.467288733162593	1.0676390420968263	0.35276959086673737	0.45893987335060543	1.0962082035015783	0.3825634876887549	0.4878657960708568	1.0981070383547782	-0.003929041289328947	0.3243683828916774	0.3755441073991927	-0.07825940753210672	0.4285649877958274	0.6845864563159747	0.0026536593572158724	0.3873667166079766	0.9586155056911546	0.06983622281247504	0.43000123872492724	1.052410726703085	0.04769205524290771	0.4116992054016915	1.0724082992350867	-0.00896361303904855	0.4588945944306354	1.0754669482038597
192	3.2	0.28754698017460445	0.48691469896449807	0.9552750827008032	0.3190664115025973	0.6902551635355451	1.4214379958691665	0.3155347343794848	0.9017564678438066	1.82775309431848	0.3427931726374889	0.6994980553745967	1.888485161632953	0.4001287011288094	0.74951426480338	1.8853161029468761	0.2952925918959835	0.9617593957703694	1.8728633043796157	0.07867672360322586	0.45358526976289065	0.9629652426397022	0.05049806533118988	0.7275946116022334	1.417642376070426	0.05414083180986202	0.8799002366005267	1.8180559465329549	0.07497721590292099	0.6859164916841458	1.8838310657131607	0.0013911253399912285	0.7261641423989709	1.8780341520858066	0.06373331828063324	0.9719938349263959	1.8850119894298394	0.17141710167538313	0.2876827389995179	0.28832520460236677	0.18889439200734048	0.10834837617650653	0.07122695371910046	0.20119164320737	0.11448827816477906	0.22420379938169188	0.33285045225095755	0.3423932376734677	0.359920785254239	0.41033855671384334	0.4769027400655574	0.6731764097693	0.3880051922914302	0.4660296366159166	0.9445612538848216	0.3169054050209671	0.4666181232506992	1.0675469055017686	0.35252118131747545	0.45813322155665365	1.0958871435177306	0.37918236836712615	0.48711236226518323	1.0982032100905732	-0.003866100113077446	0.32416539793039884	0.3756444613165151	-0.0782136884234356	0.42867942338349374	0.6847641379969684	0.002614702287183793	0.3874076558417794	0.9586417919266632	0.06974220049099794	0.4298552317380537	1.0524548177628053	0.047578414254836214	0.4118742567242237	1.0724093744704146	-0.008917563244087063	0.4586246946216791	1.0754729196674848
193	3.216666666666667	0.287607908763859	0.48680262758138665	0.955157526729036	0.3186649663018188	0.6908617367233523	1.4178714390900216	0.31570678618468473	0.9022038007581892	1.8280837282987756	0.34282492555146327	0.6988336463818352	1.8883134820345677	0.40032348169616555	0.7496067604452863	1.885512621635905	0.2953013686785899	0.9622681124585556	1.8729540922715116	0.07792919001878085	0.4393261035285526	0.9592865934150492	0.054610688161003076	0.7297654001285363	1.4178117516625321	0.05301559189303294	0.8817144513066448	1.8226355939139354	0.07636768424524738	0.7014571217209506	1.8883747153072852	0.0014051344896194562	0.7261641422730253	1.8780711211361203	0.06320729988823041	0.973060945494143	1.8815971867748822	0.17143740696027177	0.28963705960748076	0.2914358532491419	0.18893912805485708	0.1081504052664752	0.07122959376393942	0.2011865387971318	0.11495011411790287	0.22745817327400916	0.33748450980096756	0.33005279771791257	0.36197222300662885	0.4103291223494695	0.47696895333405287	0.6731558838252616	0.38801994696614717	0.46610685064696616	0.9445751466242022	0.31722347290598407	0.4658648954540963	1.0675020999413882	0.35474859797673597	0.43239842981093013	1.0938016050015116	0.3822341526418338	0.487988674766196	1.0948720718775162	-0.003870122321317925	0.3242159206983719	0.37568180484428715	-0.07817095183448429	0.4285924215813083	0.6848208678590523	0.0027022377860564948	0.38729337272036035	0.958617966367988	0.06957416626369342	0.4300047282421651	1.052532703656795	0.047479493151360776	0.4116952055661833	1.072487610656475	-0.007883380434544025	0.47194488189286926	1.0761638750679303
194	3.2333333333333334	0.2875964843978751	0.4868929739852798	0.9554101385775803	0.31863679246990634	0.691099654596303	1.4180722515921982	0.31560060135002777	0.902736760581612	1.8283776949949275	0.342809521585875	0.6988745591824069	1.8884171719526055	0.3970835101331907	0.7510286918841462	1.8903432794866188	0.296393821319582	0.9658957326531319	1.8783956464503409	0.07840142865979531	0.4511337751869137	0.9593412995687137	0.05134580066153391	0.7261896816870471	1.4136158184129823	0.053523499571780424	0.8759999775579339	1.8126034454184778	0.07620777042335564	0.701920508501728	1.8883434463192725	0.0013459779270247377	0.7262830257266593	1.8780236371276624	0.06229985139473908	0.9690327751540114	1.8751071456280273	0.1714560271685703	0.28949554920350734	0.2916024147930779	0.1889941882673369	0.10757025160888763	0.0714808324171859	0.2011658006152165	0.114817096513913	0.22782511329032396	0.33754316287083264	0.3299027049609883	0.36203339591377093	0.4103635239649835	0.47676044545392043	0.6732198203383252	0.3881208362023774	0.46611730489797226	0.9445874503719928	0.31736043162923955	0.46675194762121036	1.0676026840134605	0.3572366972023863	0.44568555625617984	1.0946265331255534	0.3822343443440499	0.48817223080675354	1.0948916361446768	-0.0038672777175864353	0.3242567572752249	0.37579728131231444	-0.07811343478027889	0.42849769524822595	0.6849352732962906	0.002787810375940266	0.38709265669101156	0.9586391444245497	0.06974666702356698	0.42944873619532814	1.0523981197311365	0.04761330782900697	0.41169504019474407	1.0724929971723092	-0.0089514102247739	0.4586888483393761	1.0755061415939935
195	3.25	0.2905610005435755	0.5023492526794976	0.9593784300722938	0.3190124097252601	0.6905786156491986	1.4216793541381956	0.3154587231317081	0.902624516483608	1.8282253197413667	0.3455092284853464	0.7133332267120363	1.8924145171384155	0.39591186894283303	0.7478499080130105	1.8852686091062472	0.29624323321961915	0.9657384076092056	1.8780094592256271	0.07875884893678751	0.4534876083344558	0.9629834231223922	0.05710931863099292	0.7120648192174462	1.4147210812178495	0.05295702690576157	0.8814541575417019	1.8225901175263	0.07614415257651233	0.7016170042206086	1.888305224782625	0.0013379469352732972	0.7260831239127593	1.8779675988213123	0.0636688298883476	0.971920543782258	1.8851285603883996	0.17151887411305944	0.2895594250311827	0.29174859710124923	0.18725561149028133	0.09728409954735624	0.07464131699915416	0.20118429241460403	0.11611602492433391	0.23093163563109786	0.33759042609367995	0.3300897022873223	0.3620650601305859	0.41032397850442826	0.47674159929367393	0.673117807710696	0.3881434832142985	0.4660547717083584	0.944500487484596	0.3177015608963374	0.46590133497796316	1.0676568566815086	0.35485077895202266	0.43270816973789333	1.0938856204035963	0.382196306452777	0.4881926917010379	1.0947450154319496	-0.0038280040390825396	0.3242548286521757	0.3758467174655995	-0.07809367600343191	0.42850317146802985	0.6849333082128928	0.0027962516510285375	0.3871638196473323	0.9586548992474784	0.06959795269670208	0.4300458822693429	1.0525113910975983	0.04754451776553882	0.4119574583134293	1.0724490226199161	-0.0019837415554285315	0.4595083678026798	1.0750970326962097
196	3.2666666666666666	0.29056195329669987	0.5022444256274678	0.9591500241565732	0.3191036499431801	0.690343722011609	1.421604533430647	0.3152955250400037	0.9023699527394692	1.8280397573977198	0.3427180101591571	0.6985421099053801	1.8881203940263565	0.395882238183845	0.747638782724157	1.8851624612996853	0.2950086422341201	0.9622352877868225	1.8725598025184216	0.07930761499380101	0.45242722483439474	0.9594519096125432	0.05141368693157185	0.7261085282608591	1.4136986152821243	0.05293233925203548	0.8815170481870981	1.8226624010398307	0.07476329424221863	0.6857162565801215	1.8838171645626907	0.0013971080797544682	0.7259523841233111	1.8779166646228862	0.06369524518700458	0.9718840848453232	1.8852852582944837	0.1733963751778332	0.3011801261791415	0.2894722205823226	0.1874762797024345	0.09911624603839359	0.0803775171980772	0.2011744244308378	0.11615226137613688	0.23116976335802986	0.3376572254011397	0.3301772713012514	0.3621575220493204	0.41000031003205706	0.4767195076771493	0.669330146414376	0.3881648420899217	0.46596534073566626	0.9444891890880239	0.31692018209123174	0.4669315492237808	1.0639528047743296	0.3525837466056712	0.45838496237527676	1.0959027593839599	0.3822081274537254	0.4881257960057255	1.094783078637254	-0.003824998941035764	0.32456427843806884	0.3758086243504437	-0.07804640980079297	0.42853871414322786	0.684931874266588	0.002813696103585756	0.3871056411450665	0.9586449446691662	0.0697892750565568	0.43002009535271263	1.0524341199192464	0.04774934427649639	0.4117364359518732	1.0723958090962107	-0.0029621150270391938	0.44643393615247895	1.0744009318867442
197	3.283333333333333	0.2910907671393895	0.5014738911791508	0.9553744115316576	0.3191979964315074	0.6903055844189454	1.42157526017148	0.3154236688096887	0.9021786884228254	1.8280181013318024	0.3429720473441942	0.6983286790732673	1.8881382008251304	0.3959979789153683	0.7475467988400056	1.8851953446678784	0.2950564434109564	0.962291725148433	1.8726271928669282	0.07931201086321923	0.45252151812816116	0.9594159533139409	0.061687895781937	0.7134732056765354	1.4189123527682637	0.05296722359971387	0.8814707972457219	1.8226332304644857	0.07475076524295408	0.685814936616208	1.8839219291452443	0.0013542883984835853	0.7261730134354663	1.8780665605034352	0.0637313903623464	0.9720163481693764	1.8850220149720658	0.17156524100800116	0.2905174130574898	0.29516251357391177	0.1919658601001731	0.08961118112222954	0.08321695165529024	0.19956448282008885	0.10647624190224689	0.23691866459663125	0.3379135252452868	0.33189454627638976	0.36505219963358865	0.4103992545628558	0.4766245487443501	0.673166537364303	0.3925211636573723	0.468242737824091	0.9442982874109646	0.3175348060911634	0.46618663172104424	1.0639402655535242	0.35727233490013965	0.44561560914841325	1.09454452423828	0.38178600667532286	0.4890194800965943	1.0985836337068964	-0.003743367028234013	0.32459553929473084	0.375850392668732	-0.07792605815921368	0.42845950016718687	0.685010996431564	0.002788638408254741	0.38718248567693103	0.958666262852219	0.07522492665128365	0.41833370462848873	1.0514402546430537	0.0477774934785001	0.411716327993989	1.0723634227344314	-0.0029130183858909926	0.445962167383265	1.0743766891320206
198	3.3	0.2948722202308239	0.5041687263025048	0.9589454041074369	0.31920779564557644	0.6903692551436886	1.421690603655593	0.3155344442184506	0.9016345931710439	1.8278168520481832	0.34570415792967923	0.7118750424572224	1.8918158963563545	0.39891349019785105	0.761050727818115	1.8886926713810988	0.29510653940626413	0.9618609716744129	1.8725411232214035	0.07880711995334272	0.4534546290156752	0.9629869450876731	0.05844135021639353	0.7102538210894312	1.4149444802821152	0.0540786230787141	0.8797509312447004	1.8181262625426202	0.07611379065235227	0.7015532727267769	1.8883897947619577	0.0013231472495698906	0.7262932271615843	1.878117933166185	0.06366997115625007	0.9720963418456323	1.884919509555498	0.17343813860237006	0.30184453861203187	0.29270494020676896	0.19188520170951553	0.08976119716570104	0.0832917988350117	0.20143262111814808	0.1166537426624194	0.23751509632988765	0.3376997527576926	0.33018393270340846	0.3621478118414732	0.41006329107122075	0.47687503975492335	0.66931273489931	0.392593378250322	0.46841374097720845	0.9443760660577116	0.32292387932083577	0.45363258058347766	1.062630068743249	0.3573575934078283	0.44574020093712485	1.0944706203105266	0.3817733457436677	0.48895643358152496	1.0985728183535364	-0.0037356108483376817	0.3246527618530231	0.3759539395184001	-0.07417330671034682	0.4313305392455675	0.6846071312887697	0.0026506455194398736	0.387337790608866	0.958605212660957	0.06869177038278507	0.4311632674998087	1.0558768047925502	0.047504963559084824	0.41174040643082077	1.0723166897513725	-0.0033252026055522765	0.44660084515135795	1.0705076168888652
199	3.316666666666667	0.2924131260396095	0.49131900637467946	0.9588731226977182	0.31920372576098777	0.6906541321731957	1.4217279395464146	0.31739088811374544	0.9056186888346427	1.8381072093295134	0.3420076910655411	0.698307455907269	1.8878865007817753	0.3967728610065893	0.7513499996719271	1.8905405218817657	0.2943354957084666	0.9536731988341984	1.8794451339921183	0.07879527269214916	0.45378273886723186	0.9629827012472488	0.05455131361611694	0.7298466069252784	1.4179154571742731	0.05406545167214957	0.8798095676356465	1.8180629461012292	0.07464891221154023	0.6858813617903203	1.8837167198869165	0.002477611504841139	0.7242314476474427	1.8737811213318347	0.06373097459824816	0.9719439933627207	1.8848441037999748	0.17160257546408214	0.29043818197104104	0.2951645012203776	0.19199601310222228	0.08957286870268616	0.08335597435423385	0.19960411156316027	0.10692165246624216	0.2399133029516255	0.3377089690150687	0.3300764413256939	0.362114162097579	0.4101109222624987	0.4767266100075781	0.6693301127706863	0.39713627461336654	0.4704255319325625	0.9442692509922792	0.32371674975102244	0.45399770630207675	1.0584360939378472	0.3574242521613559	0.44542394296795706	1.0943182970211192	0.38181343202397866	0.488518719447927	1.0984787899513266	-0.0037380738399101763	0.32452858076840607	0.37591520750669016	-0.0730379622642287	0.44453912772522036	0.6836900349821213	0.0026153537292338204	0.38751716194119384	0.9585673477872224	0.06951532714740971	0.4305983163099506	1.0524160338711686	0.04749118943740891	0.41211731085455083	1.0691426183021824	-0.0016911457591591717	0.4592140683154203	1.0750592874663443
200	3.3333333333333335	0.2948430491864399	0.5043620794925412	0.9591325341582843	0.3192169111772674	0.6906779408550497	1.4217375687348348	0.3174098681002449	0.9056425631731759	1.8381791073533622	0.34220089271797205	0.6986728158339788	1.8880843098000533	0.39733396435670587	0.7504882535926285	1.8943297347064991	0.2943199426821558	0.9536317244811059	1.879533085703387	0.07883949754204654	0.4539664384045351	0.9630210177364408	0.06162303709316216	0.7137229894309124	1.4189472006005546	0.05404875610353333	0.8796646038960076	1.8179827350894675	0.07564972949597977	0.6846271009599487	1.8796648749791465	-0.0038711694921926124	0.7385575820933348	1.878631654550912	0.06372776665601876	0.971801444774187	1.8847909640984597	0.17356673254842017	0.30169327322721057	0.29275921101829766	0.19202728372733505	0.0895176881263309	0.08324206407828726	0.20150979826255555	0.11641240536322554	0.23755078203741065	0.33768669407608876	0.3302574790330145	0.3620491608186445	0.41009578112972345	0.47692693411859766	0.6693001934119142	0.40158639447291916	0.4571287514946828	0.9436407284044939	0.3236683382699809	0.4544852449489295	1.0585280964184935	0.3575395827197863	0.4455244443912042	1.094417978919822	0.381921410789667	0.4884086427642246	1.0984513104028342	0.002071824933124408	0.31331217490091035	0.37771830653466737	-0.0729546319326061	0.4445347581846923	0.6833501023646841	0.002629858842801652	0.3874631648794288	0.958535074811964	0.06930878321343094	0.430222789644719	1.0523842014430347	0.04744377235260531	0.41188100205983197	1.0690739353747787	-0.0031683045799508107	0.446226721457554	1.0704427240605288
201	3.35	0.2948400867655052	0.5044035081228598	0.9590367818210466	0.3192547214809124	0.6907639381032914	1.4217640320711429	0.31747608465512644	0.9052690364157524	1.838097136426644	0.34231598833917176	0.7001567543931625	1.888623996848293	0.3972983562598699	0.7506380512979374	1.8943168510986494	0.29439043086195954	0.9534652301585982	1.8796082013673383	0.07886508117596937	0.4538854806473269	0.9629955394704347	0.06253767032510028	0.7125069065586095	1.4149520977235366	0.05585957726871094	0.876768444076259	1.8178975071761787	0.07589154288767834	0.6843499963256584	1.879669953061845	0.002519373294156715	0.7243675535766375	1.8738645685419135	0.06370531479690018	0.9719061363030653	1.8847883936839809	0.17370782117619313	0.3016766482407422	0.2926868764827816	0.1922430967264961	0.08796485439574873	0.08050592414116445	0.2015413212392547	0.11575913063504253	0.2345892141582664	0.33782351358194007	0.3300693160663475	0.36226016885622064	0.4098796739800726	0.47778301269857865	0.6729421771017952	0.4015914668952526	0.45690775813899376	0.9437194020256808	0.32873790164572797	0.43676173119087425	1.0497601034497595	0.36253916608329884	0.4314521937908954	1.089478449552103	0.3818040612753528	0.4883246905672587	1.098505571494957	0.005894544979770028	0.3151061024735095	0.37724311263969423	-0.07295687843059336	0.4445569041389206	0.6831306686435905	0.0024378214149003777	0.3852440519983492	0.9550342607337893	0.06929027499652361	0.4301746714055661	1.0523674122176645	0.04742497958200574	0.4118769912638773	1.0690243969861561	-0.0021469897328942767	0.4593583531259177	1.0711139602111566
202	3.3666666666666667	0.2943650469973319	0.5016592187604734	0.9552766911134126	0.31885098417968016	0.6912803022243145	1.4180770778621643	0.3175018344646382	0.9049564902503707	1.8378980571054366	0.3423451189019518	0.6990139193710567	1.8881964798735826	0.396775447621181	0.7513453114376897	1.8904421358404884	0.29330235912566305	0.9498533221153239	1.8743639962058412	0.07856678739152033	0.4513094462563334	0.9593345238438038	0.06173634686648426	0.7138002658939774	1.4190049525198727	0.054113293270217744	0.8747321866492475	1.816991503827235	0.07603905895663848	0.6842108476117338	1.8795955478983397	0.0025026971816615147	0.7242570468095685	1.8737835523085742	0.0636743968639478	0.9717747583889096	1.8847751298268856	0.1738858416657969	0.3011036509174766	0.2893039909514904	0.19396602014774086	0.09779352685171558	0.0771841427926354	0.20143529662610055	0.1159990220342149	0.2343569295240616	0.34474533812077135	0.32872182358443064	0.3621703451844047	0.41462297274882515	0.4647997982560848	0.6773123986421442	0.4016326710855584	0.45720409807814083	0.9436783316684719	0.3280023541448432	0.4375013803515601	1.0533817070565479	0.35481451111251333	0.43240049316906665	1.0936060239219354	0.38176764866681445	0.488333305049061	1.0984733561139015	0.005999742781621663	0.3152426036774442	0.37710590709950487	-0.07181910620297506	0.4576893194817195	0.681832657856444	0.0025089123365820607	0.3850776350425104	0.9550093567605653	0.06554238160820018	0.4284154051394962	1.0524800132497518	0.047622618406971864	0.4116386938486192	1.0722929741829599	-0.0017579547976440905	0.4593743812910979	1.0749783938648858
203	3.3833333333333333	0.2944058927413479	0.5019281335186048	0.9552690988266388	0.3229408920211169	0.6929805426402501	1.4179954575662437	0.3175155067670912	0.9051976039599111	1.8379672016437236	0.3421341307351913	0.6994181803946715	1.888208298687741	0.3967294209694325	0.7514122307083677	1.8904238829065325	0.2903911565644568	0.9502023846419319	1.8787110128385565	0.07854153950172471	0.4515831010261883	0.9592515078476399	0.062084699291001216	0.7129609856539797	1.4108013100692403	0.05512168776939078	0.8731696067968371	1.812527903366596	0.07727828459164147	0.7003486413719077	1.8841468323068369	-0.0038615068138212107	0.7386726602762037	1.878746169135681	0.06361940379415766	0.9718417367825435	1.8848867204724589	0.17769360879299592	0.30295489914692236	0.2885037808800806	0.19390384769481722	0.0978285867067461	0.07411383502214851	0.20125062919411055	0.11453191201026716	0.22808727789100858	0.34493112169947715	0.3286805940715978	0.3621788787418769	0.41471778250314256	0.4646678150476824	0.6774093758592125	0.4017308137500707	0.45716363207772187	0.9436782527937154	0.32929400644749207	0.43893155002365974	1.0537601630840225	0.3551548521597059	0.43237473154212674	1.093702242063836	0.382608285180711	0.4868982499011773	1.0978867254604177	0.00603835032834628	0.3154911765424699	0.3769881880764474	-0.061390972409287994	0.4474325093861497	0.6821528217717823	0.002534050561627081	0.38505957165310467	0.955016106959672	0.06955132838246032	0.42983895648627507	1.0523347508967256	0.0478147414906064	0.41201039912339493	1.0722643792535955	-0.0016904995928517397	0.45940421629446415	1.075008347707432
204	3.4	0.2945137434482821	0.501524547368954	0.9551710387184678	0.3234250849725514	0.6926810125211036	1.4216345117878861	0.31547940223311577	0.9027907874194937	1.8242310485760274	0.34266065493584885	0.6995491754175109	1.8885503921448503	0.39888180185079886	0.7620565783267463	1.8893366860118148	0.2923232772569784	0.9459220179942075	1.8687619410264367	0.07941538237518382	0.4528440983668105	0.9591278680617729	0.06209313546712445	0.709086524354307	1.4100090023590264	0.055099900950865505	0.8733023946673462	1.8124705433020005	0.07616242914761827	0.6845502213443341	1.8795941610635403	0.002560195157974859	0.7241422132050174	1.873771637947756	0.0648080071838422	0.9700691422833062	1.879862384675203	0.1777294286354544	0.3033893272920338	0.29172033115322016	0.1939232035948098	0.09811364238273099	0.07399517043144237	0.201395221047765	0.11431231433931158	0.22787456327145408	0.345050193362718	0.3282829588092232	0.36236004855867504	0.4147788382315916	0.46442402177553793	0.6773985981696846	0.40179802712449186	0.4571345743889535	0.9436092196600031	0.3289894554760437	0.4372977544785085	1.0531386324598626	0.35905881162716763	0.4204091885508932	1.0884935484109517	0.38226022247480096	0.4872716188923663	1.094447306060719	0.010073465313448833	0.31721572598162834	0.37648462211027117	-0.06393695703549601	0.462248375536797	0.6812968706357909	0.0033114962533053534	0.39837850212634013	0.9551811573433993	0.07495724851355913	0.41827402008974773	1.0514714893046504	0.04777304511449967	0.4123145843467545	1.0723370497084117	-0.0006879323056824313	0.4728527760315909	1.0756534577858456
205	3.4166666666666665	0.3013388532683101	0.5164366089261361	0.9551570165583285	0.3229910424486048	0.693107462493908	1.4179347654663033	0.31597643565233013	0.9021079671469265	1.8281816733713214	0.34549056595849353	0.7137279574117952	1.8926733098787587	0.3994826111289589	0.7609968725146462	1.8931577258624743	0.2962300613685884	0.9493287417316305	1.8695100604443091	0.08036393147379357	0.4670686972454362	0.9629857930130831	0.0621100482619759	0.7091742964222182	1.4100354699607702	0.05508613169706196	0.87340472704551	1.8124857254313447	0.07735610765551444	0.7004668201286222	1.8839899168096108	0.002545992100591967	0.7243150802557491	1.873807796234471	0.06395333127355056	0.9663320023751637	1.8737458054653484	0.17983020992719706	0.31424803671436696	0.2859731665002762	0.1956190351496278	0.10799201375362953	0.06772136869501308	0.2012639449576943	0.11408627931839858	0.22451615625794147	0.34927011430637	0.32980749341244436	0.3620248683939254	0.41486511910978585	0.46420829921321705	0.6774084411203003	0.40183690307681147	0.4566636673047901	0.9436536590767041	0.3332426800661705	0.4396544428161588	1.053113706826643	0.35721200309461065	0.44612445231061054	1.090462635428391	0.3823434197291113	0.4871303378992784	1.0944551634498265	0.010177326877214194	0.3170514240715803	0.3765984105744858	-0.06384647770261019	0.4625354978045088	0.6813696285196774	0.0033911075875541256	0.398333000874946	0.9551815437042841	0.07512172849843186	0.4179950419775985	1.051280961779203	0.047836462261589205	0.4122816460848991	1.0722653360302183	-0.0005117853011764107	0.47306956259423577	1.0757187210881256
206	3.433333333333333	0.30158045596960786	0.5166347048545459	0.9551462429904818	0.3228219880408367	0.6894560045660673	1.4167744124373893	0.31581427406684787	0.9016679924066678	1.8277424470198522	0.34533850562509694	0.7142349513087671	1.8927095849796387	0.39411513935556863	0.7779071556138254	1.8987034897460435	0.2958852082668983	0.9488131356065753	1.8687625048650487	0.08097850577159897	0.4660856926388278	0.9594961644504681	0.06240239789172969	0.7083449817605466	1.409796280859465	0.055112715576051956	0.8731666318312025	1.8123336125338714	0.08361896778815996	0.6855700008003759	1.8787653725544922	0.002588035554121173	0.7242024400172253	1.8736960248323475	0.06398133771666312	0.966060607789273	1.8735397646674101	0.17994091585220034	0.3124574264764878	0.28272404323300493	0.19584541958979446	0.10807568102852579	0.06777385481441939	0.20147662921236187	0.11406215049078092	0.2242580699777593	0.3494290124352029	0.330009514928696	0.3620444440445895	0.41450540630074295	0.46209863329782863	0.6740816398481269	0.4061358284632734	0.458393678855512	0.9435536432402805	0.33686603058130116	0.45329120314700083	1.0581027459691195	0.3654111957621092	0.44451979652170137	1.0901648190660667	0.38252965374634523	0.48736606519524417	1.0944302371010188	0.01723403176564229	0.3173865759798294	0.37626872855959537	-0.06368429047451082	0.46258781189437614	0.6815580884202157	0.0034450504902308865	0.39845404682988755	0.9551879909643652	0.07515958028243908	0.4179509036751477	1.0513168583079926	0.04797980202823115	0.4122191754853073	1.0722510535773073	-0.0004140891069101213	0.47348361633000924	1.0756389108123767
207	3.45	0.3061015707757696	0.5177350166145146	0.9546804458123643	0.3228726430802341	0.6893196681726703	1.4166142963677917	0.3160121461472687	0.9018667729554899	1.828029949738403	0.3425463855705631	0.6985765752032139	1.8882014569230554	0.3994124681101473	0.7606601463853067	1.8930331275788896	0.29222087797525287	0.9460379000991719	1.86866738430788	0.08480278272454327	0.46616365876948124	0.9556586775936493	0.06251053009042579	0.7086309625819928	1.4099234327058392	0.05514811652672762	0.8731853001332891	1.8124684685224095	0.08168152172015587	0.6662285559341512	1.8687233875453375	0.0025955182588814876	0.7240667403647854	1.8736775237970553	0.06395536788226736	0.9663093611130968	1.8736527246945753	0.18511290822969448	0.30121121123207617	0.28481458198615284	0.19942362172022227	0.11007551849552424	0.06681606747045345	0.20134218840863805	0.1132830560029323	0.21816842043683707	0.35425255463469035	0.31948471271699946	0.3668873677445664	0.41456344456104915	0.4620498853160069	0.6740584749645011	0.40621876224479053	0.45839152858737287	0.943677150231775	0.3418385654276759	0.44275658909182836	1.0646623832457773	0.3650298185238145	0.4458474738898086	1.093893346417597	0.3826331295260078	0.4874366388271134	1.094491703121559	0.017270134629428793	0.3173217421841805	0.3763076965771676	-0.05725502760901741	0.4500542758907599	0.682194457380054	0.0036319132671637716	0.3981657401617947	0.9552246044071528	0.0754742093446974	0.418107300547934	1.0512718808099648	0.04824074564018472	0.4122722386086115	1.0721690318451096	9.585660983075519e-05	0.4730049218286607	1.0793289357633689
208	3.466666666666667	0.3060497182154725	0.5179041234847002	0.9547827672629543	0.32378317556228303	0.6922208736310952	1.421278600826132	0.31601086988428895	0.9020861728031035	1.8281830497494824	0.3424858138592557	0.6981576063431969	1.8879771802726948	0.39653833624711743	0.7467303397795804	1.8891201152276742	0.2933091163952217	0.9496111925553627	1.8739907555786721	0.08654559906349661	0.4816952278246755	0.9594112713576198	0.06243921102070811	0.7089199909317179	1.4099718714890854	0.05515372557459942	0.8736521723728323	1.8124759480130108	0.07663162069007041	0.6971639468085182	1.878345261507609	0.002577060467709447	0.7243553433589703	1.8737175381237094	0.06403111028786503	0.966700041966231	1.8736818974120728	0.18877442765418764	0.3024129874225866	0.2808061998960262	0.19955962710040634	0.11004005411881358	0.06674827518676112	0.20126696616775883	0.11316244892497242	0.21492626603487855	0.35411948603883986	0.31768671752611777	0.3640283373445361	0.4149978935236578	0.46418380762537353	0.677332020450567	0.4067538424989342	0.4603152305154714	0.9472012316786841	0.33927475437501325	0.4702366242124307	1.0743288019517812	0.362991190390699	0.47154447741813915	1.0960934246082552	0.3822342835075393	0.4888024760938045	1.0986565047875079	0.017396169929519138	0.3174741910634356	0.3762595640103458	-0.05730897618501654	0.4501957169781417	0.6819540447654455	0.0036951868512247205	0.39806343775465686	0.9551207443301564	0.07563266264698024	0.41763993232238344	1.0510822426693989	0.04830870662630677	0.4121958766900601	1.0720982857260613	0.001377987690303428	0.48591582626550384	1.079908610729554
209	3.4833333333333334	0.30616164100322446	0.5174888984682218	0.9545925975507301	0.32377501255501817	0.6921895081816022	1.4211832352422065	0.31603899306077354	0.9016073268640866	1.827978619747098	0.34252966678701724	0.6989550949203304	1.8883346636557377	0.39674165541367346	0.7469451542124436	1.8893769589802087	0.296417373865109	0.9652520832052176	1.8781274348903712	0.08627165722123203	0.47926564939605143	0.9555421779887232	0.06295594862192408	0.7124281431850741	1.4147934821747732	0.05457137519139627	0.8748469686508359	1.8080989244286567	0.07665660688147376	0.6964865015012693	1.8781457679332638	0.0026031151218536895	0.7242151820277516	1.8735815139631904	0.06607196495827378	0.9857141122059199	1.878592653863997	0.18889394502565585	0.30248139933448104	0.2806396025544217	0.2016056024060515	0.11995581548873514	0.0635495881083455	0.2032016267394052	0.1232849796013511	0.21221827582060607	0.3567123728651675	0.32868747356621425	0.3619900010619002	0.41508191166517483	0.46405283825392996	0.6773650512349139	0.4067454707522543	0.4609414351289691	0.9511982484178019	0.34408562481875393	0.4570038111607545	1.0732026580737881	0.36302749207526297	0.47188353728753635	1.0961537361092737	0.38550264685990165	0.49021587084223656	1.0986969915382536	0.0214044662659864	0.3198207235070185	0.3756486997526697	-0.05696495574026744	0.44958145263745153	0.6817017836175175	0.003758354307393396	0.39805864675161257	0.9549914493924873	0.07577313123837975	0.41768449646259764	1.051055112949015	0.05163570185873178	0.41382554667216015	1.0718902222113897	0.004041128484564898	0.4739594101457428	1.0789925875822897
210	3.5	0.3066780058861065	0.5202624365869857	0.9587369368359973	0.3230219490004342	0.6892613159388589	1.4164209155968042	0.3159314911550564	0.9016642427774905	1.827847276810366	0.3423331634336671	0.6990106374142534	1.8882252492567744	0.3965698447389156	0.7471712837957466	1.8893205512940743	0.2921328993260812	0.945895282381655	1.8684826086592434	0.0860538745767921	0.4829650567226353	0.9630116494228365	0.06913796374957122	0.6934485622973254	1.4069492016631944	0.05397131806393293	0.8708470568655884	1.8027596955182352	0.07655018681929414	0.697487348099361	1.8782882400906726	0.0025924257103935875	0.7242812768528293	1.8736054936300264	0.06488293416607437	0.987197432509121	1.8834134010266346	0.19279099948436695	0.30386115162618194	0.2802083716007239	0.201637235893309	0.11993590921957796	0.06347391233262659	0.20324227382252957	0.12339546462431616	0.21221642336063398	0.3570512104544558	0.3305883213040599	0.36483017761112346	0.4149455990403491	0.4650742182750585	0.6809395442603271	0.4072082701649386	0.460492312942168	0.9550833522106535	0.3466807813995669	0.47084785835745857	1.0814832656529387	0.3630363839117203	0.47209399316766587	1.0964556726960077	0.38598662427283115	0.49021283371604224	1.1018918112250624	0.022845375012540296	0.3320251921381026	0.3733584654950857	-0.05599423034958682	0.46317774497729225	0.680631747734288	0.004544143016494974	0.411067176141082	0.9549593552967716	0.07564365203360067	0.4178629047854928	1.050933061511522	0.05128531541350709	0.4140568592187098	1.068839791764495	0.0048050984864028866	0.4847008653880778	1.071730033625569
211	3.5166666666666666	0.30930820488763405	0.5336408895120549	0.958911201178569	0.32327131914681756	0.6928838009676725	1.4176085219863068	0.3158694029758596	0.9019432510719773	1.828067738617221	0.34198148901576586	0.6996333075977077	1.8882598877856547	0.3904330312600348	0.7654065743674995	1.8912851175665018	0.29325301275627774	0.9498054893235562	1.8739516684138373	0.08735792318927188	0.4935875661191615	0.9594397324931935	0.06867819690735263	0.6944121461526171	1.4029320571376362	0.05439853865798788	0.8698999449041408	1.8070834076334743	0.07651722457655785	0.6977778681675201	1.8783687117123031	-0.0027561667514488194	0.7371499136687135	1.8745639314440459	0.06484261720217405	0.9872968172321819	1.8834354561139672	0.1949260099096076	0.31539641697805587	0.27760250059310654	0.20524717594916808	0.121404861635499	0.0630078003353633	0.2066459716759941	0.12464625227432335	0.21186926751350857	0.3611271054908385	0.3328298746348304	0.3642932013261504	0.4150637861030756	0.46503173773458123	0.6809551914619977	0.4077073009722178	0.4600017769454732	0.9552408652217382	0.34670646352924006	0.47069243611138273	1.0814598073843809	0.3625732609538698	0.47359730825252344	1.0999198008190196	0.38926864404200223	0.502892658987674	1.1031192721814598	0.032827975568080564	0.3226394489510744	0.37463879327172805	-0.0518513053048632	0.46463297703089107	0.6802341279076233	0.010012933998555311	0.39903150964879563	0.9499130145174574	0.07540220347579445	0.4176696672707003	1.0509137921024887	0.048320596506754195	0.4114072311514643	1.0651744022960905	0.010399954562462942	0.47268942237135664	1.066635397153959
212	3.533333333333333	0.3186339503258198	0.5213730666578694	0.957729150000902	0.323873003263378	0.6925198672263657	1.4213583393996387	0.3158660278711077	0.9016858807329652	1.8279195375451722	0.3421414281002042	0.7002201201345603	1.8885749751092933	0.3934318157664511	0.7798589156537801	1.8954415868922838	0.29227232826915595	0.945744682371134	1.8689396051142833	0.08795016386689587	0.4924152750018853	0.9557515743186414	0.0692936818389304	0.6932773945982984	1.4069560986734857	0.054427216058449183	0.8699233804042252	1.8071625379873275	0.07646825072890068	0.6986650988689016	1.8786014987684383	-0.0027685721623739307	0.7373613797441908	1.8746417359049017	0.06479065358238133	0.9874374498737097	1.883537350614295	0.19886135652930487	0.31690571991648214	0.2773042524455557	0.21322498323106376	0.1438620427857701	0.05591589380574392	0.20682944315272078	0.12448800956482065	0.21200039206428883	0.3639395654933862	0.3440364418687053	0.36226853144145316	0.41966776679205275	0.46497130183205443	0.6773121193515527	0.407657991326579	0.46056548057515934	0.9551672806614492	0.3518909383039546	0.45691831526706084	1.0801485532923625	0.36783758174758696	0.45951257708394067	1.102387709015989	0.38950548080334085	0.5025827016078872	1.1033193818272757	0.03828445060667915	0.3370263042265045	0.3718664333948819	-0.05165195189695477	0.4618769722920829	0.6763706444375982	0.009878837053690715	0.39665198872720897	0.9462359672311318	0.07582651831200656	0.41753292620158006	1.0508113090012652	0.05184030392770532	0.4130141774054019	1.0650488753621752	0.010474686104493787	0.4726035005022826	1.0667452082666542
213	3.55	0.31914847675440755	0.5209727859130985	0.9614395544712284	0.3239535537218569	0.6923823482310338	1.4212587393521272	0.3160632628777829	0.9020182025621934	1.8281801581847514	0.3425138977530207	0.7009044984942282	1.8890870746201527	0.39065021698213187	0.7662676095663735	1.8919188177304918	0.2924124978974276	0.9462419917185885	1.8693571555646937	0.08745116411629052	0.49339971318344744	0.9593427207485574	0.06927325450723355	0.6933461307454625	1.4069625129449157	0.05333146387309502	0.871401508167523	1.8115355397367998	0.07064352277829407	0.7168800612330033	1.8894310556961909	-0.0027883294555899308	0.7372093719787101	1.874582736413551	0.06481041535590816	0.9870895352206999	1.883485803611804	0.1993000635079373	0.3168234525905229	0.28055462735032305	0.21695855439274744	0.14516163190040085	0.05550823026446208	0.21206816793251712	0.11483365984414355	0.21735451378554554	0.36799506086687644	0.34624151215650234	0.36175742266613264	0.41974879676978866	0.4648224927827606	0.6772831500555916	0.4078189542274401	0.4609105756864818	0.9551605037177409	0.3572814658601586	0.4427841598908263	1.075373079657622	0.37120059323838595	0.4702999076238176	1.099288012939435	0.39314522720415096	0.5045236982542262	1.1032047710524824	0.039727125598255114	0.3496794613652343	0.36946559103354665	-0.04502209997921601	0.4492474566649852	0.6769800234157706	0.010914071638937902	0.3952929448861889	0.947155839448231	0.08005588519453777	0.4181866031373032	1.0503831093088618	0.052017997531388686	0.4130857601354324	1.064957349871635	0.01069506686202451	0.47228391820900445	1.066712442747147
214	3.566666666666667	0.3188299587513548	0.5249742625434716	0.9654683964365991	0.33064185386166617	0.7083055958618716	1.42362629643088	0.3161206979576987	0.9022521811786746	1.8284796204739462	0.34260887288452957	0.6994118220302055	1.8885142037060658	0.39692751192809883	0.7516351659206614	1.8905854154654425	0.2893754864146049	0.9461672576674645	1.8740018413236281	0.08782478746558035	0.49619426937564315	0.9632676209523563	0.06926384329705661	0.6935006501821144	1.4069793969831847	0.05332074755384496	0.8713822378155239	1.811575539353	0.07508056367286504	0.6818867692494248	1.8740266380344683	-0.003874208523051668	0.7385006737604339	1.8785404245988269	0.06481988183563221	0.9871692588802998	1.8836278273875455	0.2045872510848477	0.3056325578776794	0.2828896803406073	0.2220769773781368	0.1361286145937598	0.06469271842711544	0.2154732055716752	0.11574637742979864	0.21714096893195628	0.37090042391368316	0.35738490567450537	0.35973408334496637	0.4194996622646613	0.46601629706746817	0.6807714908097031	0.4104626089095163	0.4732332612743499	0.9553894219425858	0.35820958417980053	0.4415695008382851	1.0795192616954126	0.3753348846753869	0.4709957442982782	1.0993080402077755	0.3966643162665817	0.5064303703420115	1.1030929947165584	0.045708168545632435	0.3380132462911654	0.3713214505349969	-0.044868898578182555	0.4492146441291054	0.6770483927872013	0.011191412694407108	0.39776197484223974	0.9507452816911357	0.08097882453517921	0.41739266770128236	1.047118233352188	0.05550151955842151	0.4148591513515136	1.0647891613623373	0.011061422629243766	0.4747287263436638	1.0706269460641107
215	3.5833333333333335	0.3192759943616961	0.5239072492920355	0.9618529237815773	0.32749927369728793	0.6944420525318257	1.417655784554912	0.3218939743210231	0.8844154953983346	1.8228837356057566	0.3421245898509295	0.6988064467177949	1.8880344524601613	0.3967717711071895	0.7512370746696777	1.890370599489933	0.28931763917365566	0.9460754032000279	1.873637163452448	0.08788524619045883	0.4960866294950664	0.963209415304529	0.07640843422560416	0.6813225053674599	1.4088854064304344	0.05338890598523292	0.8714750879295287	1.8116752194985835	0.07528431548968313	0.6806352405081003	1.8738476619519435	-0.0038790440900946257	0.7382554296910797	1.878484829034505	0.06478960877232613	0.9878364219836168	1.8834610519214074	0.204644489230607	0.3056058331869403	0.28296202111475377	0.22420180559104125	0.14659131546400803	0.06140282490360061	0.21568135365387883	0.11596897220948385	0.22014087754175948	0.3748867937088883	0.359318883965701	0.35940677834601437	0.4195915946821248	0.46569977588357786	0.6808893905919273	0.41970034979499066	0.46042989635518855	0.9545422505624392	0.3650635114848116	0.44089756247670703	1.0788241537198398	0.3754382934436286	0.4709621666146873	1.0992868423137736	0.4003461862935398	0.5078501341697625	1.1029613578700517	0.04978258474665329	0.33991595858052565	0.37088826697282506	-0.03833482454584727	0.43666706916188974	0.6777950482703093	0.010923597899993922	0.3978348477660661	0.9466082431271715	0.08093592298280199	0.41742652857890566	1.043367796776807	0.06149755178650128	0.40335177458290644	1.0637915202039527	0.011082441170816944	0.4747678123469301	1.0706219727599147
216	3.6	0.31918373597292643	0.5237244422720587	0.9617049667986893	0.32333700651942826	0.6931536284702025	1.4176723717016224	0.31595917398694445	0.9019345049073212	1.827999590887623	0.3446157406618925	0.7115247040996674	1.8910085442096958	0.40408204028287104	0.7442612514188373	1.8828423623719277	0.28814614933246985	0.9425391313892115	1.8681950359855377	0.08803483497898687	0.4952677305019175	0.9555268103824373	0.06932161313801688	0.6973677617440335	1.407706894638055	0.05343467858383095	0.8718609558262367	1.8120020413230649	0.06859883992428348	0.6969809997066938	1.8792486947727671	-0.003952792346057901	0.7385646146707258	1.878594851550046	0.06476089653158376	0.9880255045563535	1.8831587374878853	0.20848245013808547	0.3089381783948649	0.2857754684182257	0.22575733719919622	0.13732391831319193	0.06416677790543918	0.2156870482830962	0.11683591535244787	0.22315265142779028	0.3750759085092273	0.3601966957666156	0.3631554841121341	0.4196565717337601	0.46564924354946924	0.6807743535659304	0.4153937964903531	0.474511834177329	0.955216082527426	0.3653038309902756	0.44097743582684873	1.0787973363517251	0.3756576997309567	0.4708186550169405	1.0990944523564334	0.4043120477250211	0.5102805718402769	1.100083350166921	0.05115603346529771	0.3521835157898666	0.3685333664336954	-0.028027253876282836	0.42578177292558583	0.6779166087951931	0.02150841540783012	0.38701330878052537	0.9498472965769426	0.0818784715273526	0.41705485469566794	1.04687530379655	0.0648575418476881	0.40504277022621205	1.0636977637984955	0.011284369665363912	0.47462036920692896	1.0705752397288564
217	3.6166666666666667	0.3188738206140552	0.5208129021042671	0.9575533037108351	0.33011640589961555	0.7087041328442306	1.4199303533504388	0.3159263429457201	0.9021028216102623	1.8282344886414044	0.3449485871611426	0.7117141475458485	1.8914187423339024	0.39941977368425097	0.7600663052313711	1.8925765022007248	0.28806802070206183	0.9426426509154875	1.8683175522673003	0.0877249186906874	0.49284972948740763	0.9515866750676109	0.06935437025457665	0.6972849301121176	1.4077954927908851	0.05403808590750326	0.8758865676195065	1.8173506411600868	0.0694411832860366	0.6960784476850279	1.8834847444287277	-0.003948916528186907	0.7387833154882754	1.878781588065793	0.06468810220914152	0.987943025046522	1.8833711933035402	0.20865499665670126	0.3088923473692583	0.28581744265648695	0.22584838148597755	0.13705400675370427	0.06422688517857306	0.21576928299605866	0.11692466181747295	0.22328762515546305	0.37944338875396055	0.3624786778863732	0.36598124054936765	0.42654213469747565	0.46462100643733195	0.6804884961822307	0.41798994305064674	0.48688172028881577	0.9554287508795937	0.3678608630747376	0.45647231057497006	1.0866964901695628	0.3801376796458605	0.45827191914811316	1.0980218672399789	0.40946694959597546	0.4963856504379295	1.101917382647181	0.05133515226064409	0.3526735940942281	0.36854485791950636	-0.027831253081989415	0.42586419709018963	0.6780625261758383	0.02154692975730728	0.38382366586105593	0.9387512079173569	0.08268650738368677	0.4151682334028269	1.0436525646602417	0.06485531118976796	0.4048209121443815	1.063531194738744	0.017348905976877847	0.45940479892199587	1.065205736650383
218	3.6333333333333333	0.3189257938710871	0.5206741473643135	0.9573971122282479	0.3261996929694562	0.7073073353628756	1.4198888796937523	0.31599221020191803	0.9022341123654473	1.8282965117408787	0.3418924815822293	0.697651163992154	1.887448438259484	0.39945129282079045	0.7605821645114712	1.8929928894627654	0.2880990277451098	0.9429299904959714	1.8682275842606333	0.08779672979865742	0.4928266056564404	0.9514837680290917	0.07655092898326221	0.681120806235306	1.4087673629866824	0.05401380439770814	0.8759636871171709	1.817289289107352	0.0687049018870095	0.6980482527793758	1.8796417872489193	-0.002803896083040123	0.7372233944766927	1.8748089946438575	0.06473873670287728	0.9878064345445845	1.8834421613945316	0.2090251554582551	0.3088474392155735	0.28598294262541374	0.2260369574661529	0.1371721703698635	0.06440165763015054	0.21933262916610075	0.11755662379429574	0.22309047379768152	0.38643050308516036	0.37779242003661445	0.36644934632189474	0.4266461275193571	0.4645554243209511	0.6805623097489976	0.42236646950131096	0.4730495791859232	0.9548001394581052	0.3680362120470324	0.4565288531006205	1.0867864631064112	0.3802775245546899	0.4583844034346648	1.0981295634182773	0.41346451681524027	0.5090650565191962	1.1029846725222072	0.05279440479546157	0.36491308521558696	0.36633065099929735	-0.027623625058135187	0.4285928670284431	0.68185540986998	0.022632618024632366	0.3963915151921772	0.9386306492539338	0.08791846004689763	0.40393847999969423	1.045568180114017	0.06505400244278756	0.40429775731734163	1.0634474009735135	0.023637450280345057	0.44705490264636827	1.0638274449625837
219	3.65	0.31859196497565806	0.52164508081455	0.9609907377096399	0.3301933951576798	0.7089551023896258	1.420074246422639	0.31602643193449126	0.9023561957272146	1.8283988474235127	0.3421515666615472	0.6977314261248933	1.8876450843151766	0.39957568595480797	0.7606505958046107	1.8931297463859644	0.28808833663045796	0.942741743419134	1.8682413599581955	0.08930272865131589	0.5068880246696383	0.9591490825263095	0.07657921336234684	0.6812678513588454	1.408874543240351	0.053437209182655564	0.8719441623056813	1.812011771593772	0.06917918797550472	0.6967502599233447	1.8836127512100076	-0.004004858153233121	0.7388175697623675	1.878748903248481	0.06476795786388921	0.9877533685990317	1.8832437600928869	0.22014875257262628	0.3097698069555078	0.28536497824844	0.23001626764757088	0.1383743257204291	0.06404959431695105	0.21943927771435112	0.11758308426266324	0.22307480146161035	0.38631718004476895	0.37486582744026964	0.3598581770157918	0.4270171420222681	0.4643860617898729	0.6844512383927746	0.41985532821511046	0.46001722688702423	0.954713050439328	0.36614095801487095	0.44275060533880267	1.0822754474870884	0.38089099035229673	0.4604641430223999	1.1016057754643804	0.413125945758836	0.5094156092948899	1.1031588112838853	0.06247226558552381	0.3548789577057731	0.36775642515549256	-0.027465279213344802	0.42876179360466643	0.6821218648708481	0.028440685411882216	0.3815267535028561	0.9343968581223376	0.08879921919561173	0.4012595416610499	1.0388701561149685	0.06823885308693792	0.405655494982239	1.0633217556650747	0.02385358443503537	0.4467469032884823	1.0637979730257392
220	3.6666666666666665	0.31941178452418933	0.520313243870364	0.9572710116909694	0.33614462802003964	0.6931257299536995	1.4207184004263445	0.31704226979826966	0.9065863446219786	1.834279679056735	0.3423040671693457	0.6978513756596934	1.887806125561267	0.4006658571379213	0.7641459787434044	1.8982919182001403	0.28912209774630143	0.9466289793125284	1.8735267956912165	0.09581728724461029	0.49289698772244933	0.9547616747546545	0.07604481704981451	0.6781022632115781	1.4041018834183123	0.05333045759343357	0.8716881523505594	1.8118203890425841	0.06999937536559064	0.6997603668447664	1.8892526086465833	-0.0039590032973614115	0.7386458856343668	1.8787349072428934	0.06468665098770669	0.9878038820626105	1.8833114264492683	0.22029757945001352	0.3097084872452927	0.2853973126742407	0.23025601269390514	0.13839250482400736	0.06411144564379605	0.22814366834046762	0.10914177907013467	0.2278215471510556	0.38671024764510115	0.3768685135352827	0.3628405376423142	0.42698374783886406	0.46402177052031357	0.6802621623495515	0.4209693072090956	0.46097804652385654	0.958235280755121	0.3661674982967057	0.44254098978048384	1.082223745014048	0.38053634778293577	0.46103796965587707	1.10507974384691	0.41041568299794307	0.4961260584017094	1.1022231258300565	0.06254495269990831	0.354911281858421	0.3677761986262204	-0.021275546718458507	0.41691843329986183	0.682750182364671	0.028564402896644782	0.3811834474031344	0.9342654695965389	0.08958066475584885	0.4013814845614928	1.0390094996135102	0.06870824729430364	0.4059277818204357	1.063253099997383	0.030286866840284282	0.43413921067276856	1.062648381071556
221	3.683333333333333	0.327264711354984	0.5193155124578815	0.9603900776324702	0.33628619652657665	0.6930785794592357	1.4206671172299221	0.3170109329704425	0.9064013279960221	1.8341932468476503	0.34232030806362557	0.6981794281702335	1.887910698166377	0.40072139355796316	0.76394022712399	1.8981994297131763	0.2850956810271411	0.9431655686543249	1.8725442683053153	0.09998663920386129	0.49445466084212836	0.954539806917337	0.08488571070622003	0.6802093170470682	1.407904014217304	0.05333409902486335	0.8717609469428869	1.81186312568376	0.0715019255025812	0.7154126334165005	1.8937824871155364	-0.003912110375995015	0.7386499561239527	1.8787981254384232	0.06063762430876379	0.9857951265335577	1.8833545355734418	0.22039665383096113	0.3094891510100741	0.28538514466482245	0.23231540070679624	0.14877244736551218	0.06073051534664021	0.231716970451584	0.10982635994205928	0.2246241942758214	0.3912938977954066	0.3643396896829302	0.3649096945750007	0.4359227856832597	0.4372739678493746	0.681246735955961	0.42514447976611586	0.4475003871662715	0.9609909403350464	0.36264436045637854	0.43122191812618343	1.0811486200211382	0.38045551291786794	0.46022134622762795	1.1052404507168916	0.4109138064510619	0.49428285617489903	1.1018061976992748	0.062731751898368	0.3547342160259874	0.3678699835403036	-0.021021548582562097	0.4167968960820671	0.6826916638939293	0.028693405529909052	0.38115757830509206	0.9339760161507255	0.09694113549978442	0.4004489181731593	1.0355212278297234	0.0718912171149976	0.40454058921120517	1.058824416009046	0.04040752760592389	0.42305296449322216	1.0613744185528944
222	3.7	0.3278923054962332	0.522157490351984	0.9645601988205451	0.3364457417587808	0.6930376771911223	1.420480702501562	0.31586301490244956	0.9029874572242309	1.8286148142572691	0.34163036739279995	0.6969220068974	1.8870767935836534	0.40055108863759126	0.7634121268090516	1.8977687558033196	0.28511951350588244	0.9434232028435269	1.872477889544457	0.10007011589994382	0.4947847118625501	0.9546455674813078	0.08276509245619801	0.6626773569454668	1.4010099519914394	0.0543421018951615	0.8701778955186045	1.8073012946957323	0.07081632468935446	0.7117616843221971	1.8880503035668803	-0.002769982938469146	0.7368425167712109	1.874704444999336	0.060769882711898315	0.9860463991194963	1.8835792911264575	0.22564218941949535	0.29796029445038763	0.28763809157844783	0.23569110461472662	0.14976032755056742	0.054079961668791254	0.23178936253486493	0.10972192506525887	0.2245126049036162	0.39144509943129063	0.364907012501582	0.36865478167863025	0.43621016425438097	0.43707901783860426	0.6812795533693758	0.4253256876382	0.4475610916808537	0.9609424617159414	0.3670368548745056	0.41787512105495517	1.0798443548513474	0.38050193173069063	0.4596718037116785	1.1052411050214417	0.4479846110881262	0.3881333970163695	1.084055619315266	0.06853762107531178	0.3430488195132733	0.3696414703091494	-0.020980923940519508	0.41691626466751813	0.6827147749936999	0.029335012324002	0.38040987930212733	0.9303496398273069	0.09752323196622864	0.40010480657589254	1.032327157737569	0.07441666131785211	0.4174968148083778	1.0592002321400764	0.04045130217875714	0.4233022296013957	1.0612578082755029
223	3.716666666666667	0.331555531143119	0.5206005710463899	0.9562031639661381	0.33597742559763283	0.6937378647559637	1.4168102163462926	0.3169020159197345	0.9067722608571869	1.8341796817103737	0.3417568744201777	0.6966484395026276	1.8871083837765665	0.4005181000916918	0.7637253420186909	1.898076157130622	0.28515539617945507	0.9434053629877935	1.8726409168064806	0.09959222121694719	0.4958569262827542	0.9579556176936407	0.08409805613852768	0.6773203592826135	1.3989943662255686	0.054503652656612354	0.8702479992704865	1.8074013170957302	0.0701681398781338	0.7140289540477646	1.8841668407504661	-0.002771261935215635	0.7372930498402385	1.8747527527780243	0.06085511837968072	0.985629260730315	1.8835226257191326	0.22574158232338964	0.2979235407564594	0.28761565082954854	0.2358902077399784	0.14990418684073203	0.05413778397820549	0.23726459376938963	0.12037335175589906	0.21859818242821455	0.3914985277917459	0.3643094745685738	0.36483842656131926	0.44063557871276376	0.4238482762973889	0.6818815077912348	0.4322899557632965	0.4461083706325612	0.9602993846137923	0.3669824355982886	0.41792007117489605	1.07966832680649	0.37985928530235097	0.4573730941527308	1.1018141237262296	0.41220662321005697	0.49079054708970754	1.0974144137700301	0.06300917027514888	0.35485114627371295	0.36782973803642394	-0.02003716173523331	0.42736379111347395	0.6780158074102619	0.03526559478835711	0.36810521569433796	0.9295207161645033	0.10085994037293404	0.40123168433347295	1.0304913225148347	0.07730067103212429	0.40553167234192716	1.0581723817220816	0.04056176920276587	0.42377793140570014	1.0608191237824258
224	3.7333333333333334	0.3311785171489092	0.5215717862453836	0.9595883015938501	0.3360087121785209	0.693809383668306	1.4169352123812635	0.3159404120240382	0.9027740620082506	1.8284697317029441	0.3419618152322848	0.6964392847853585	1.8870825905150708	0.39767030848073415	0.7492203733231234	1.8938337017851752	0.28825192733911603	0.9588942905293348	1.876837012044703	0.09930718243141763	0.49613869966945734	0.9543533561275429	0.09113404007146819	0.66549016592573	1.4010448759611787	0.05447770421520098	0.8700878953105547	1.807279356829813	0.0706224950413069	0.7134750226715738	1.8883535714360706	-0.002808402066733419	0.7374866497216124	1.874742682335441	0.060744412959822615	0.9855774339938269	1.883384572145099	0.22970206313720332	0.298658914290403	0.28727881028995367	0.23767013959155933	0.16015822036289346	0.05060614789469136	0.24244115065121855	0.11050733187594745	0.22077054973855773	0.3980974098068301	0.37714071486624084	0.3623402486351966	0.44081503573415337	0.4238206843699098	0.6819560485464792	0.4328825189529325	0.4452896365615531	0.956814011909925	0.36710644953407223	0.4180950270806947	1.0796246319892067	0.3800115534984492	0.457581670994459	1.1015500076581806	0.41582614587756384	0.49286447990689053	1.1010274060132694	0.0687300652324912	0.34310775143249	0.36972419535480067	-0.020212927165075754	0.427725058749999	0.6777966871779275	0.03486174124163889	0.3661025882662739	0.9213988892008046	0.10705580685614687	0.38798622719030246	1.0265315630214065	0.07846025052271334	0.4071163309434364	1.0619278743472107	0.040941637692293906	0.4232726773109295	1.0607816594610402
225	3.75	0.33129116006291087	0.5215089198360635	0.9595935630975742	0.33609515275993007	0.6938487700313035	1.416979434680499	0.3159834880882268	0.9031290875628337	1.8286722802897002	0.3417277828843577	0.6952101054910852	1.8865368495682635	0.40058730383191826	0.7631329489550887	1.897767101384442	0.29215916478780024	0.962462601074143	1.8773980678702862	0.10312536989971587	0.4974263513954551	0.9541273578703459	0.09128414386472489	0.6654092765235335	1.4010918338134486	0.055136513543922794	0.874269720010251	1.8127351058356713	0.07137599757129473	0.7167673465890546	1.8938933666666027	-0.0027711200990146664	0.7374015862729448	1.8747574871579606	0.06072647102576059	0.986122478900252	1.8835685832119846	0.22977595062804995	0.2964113214064587	0.2838615847484227	0.23781309411843712	0.15987660653352578	0.050573061263529666	0.24269909515426047	0.11074875350676157	0.2174385773020792	0.398337978988366	0.37684730171903785	0.362312683390746	0.4495407636043384	0.41062085785493413	0.6823957641654037	0.43507258803673443	0.4556265277101873	0.9534158463082583	0.36969455553011726	0.4272955255417662	1.0731382489579324	0.38015319593080804	0.45815933773146744	1.1013991835388142	0.41717662815971523	0.49432235463023383	1.098145523931435	0.07025603198275605	0.3547251706733431	0.36741858020656243	-0.01636796462274245	0.42945300829224853	0.6774128021513521	0.03491749925931864	0.36598396746041517	0.9212247343984207	0.11264474722722645	0.3766582252981777	1.0255558961405824	0.08018776337812075	0.41956623123426456	1.0624081218581298	0.04095831908518037	0.4232333680503275	1.0608697162635974
226	3.7666666666666666	0.3314758393127812	0.5212441748334379	0.9594648764398531	0.3361551899338178	0.6938349490167481	1.4169293106998908	0.3171414323920553	0.9068894738884671	1.8342262627076356	0.34176441533427415	0.6958587341894859	1.8868425840689798	0.3977727457149009	0.7491253710514822	1.8939233907038358	0.2933569687046018	0.9662500571104045	1.8822054697962918	0.1071027808837145	0.49872038156280646	0.9539601828427902	0.09131880374292553	0.6616976379496453	1.400006170050514	0.0551449706173943	0.8742024069595601	1.8127262371002142	0.07134988521419412	0.7166698814053001	1.8938166501646378	-0.002745952977825861	0.7373835764769048	1.874679396504576	0.06079428801873539	0.9854788686842001	1.8838249041061876	0.23498298947034155	0.28498065476296564	0.2861790423040988	0.23774797797629837	0.16013592981963648	0.05040880861867205	0.24970010356473155	0.11076428325723725	0.21711935509684102	0.3984549007558232	0.3774309344541299	0.36579553822593397	0.44964210727600723	0.4107710432111856	0.6824509010011087	0.43522403821351463	0.4554573353417105	0.9534767251427735	0.3703381107433145	0.4294950753669899	1.0766043777127137	0.3802714738425649	0.4581736812079739	1.1013993051925766	0.42028386119786	0.5069581814724685	1.0989809805414474	0.07035083661955596	0.35466417991638177	0.3674572533054538	-0.016336851724947855	0.42955054477964083	0.677485695366912	0.03492706107733521	0.3660257794172374	0.9210993070567587	0.11257905614628858	0.37689686152322266	1.0254786321885312	0.08016342952279304	0.41698299190398064	1.0582046833739316	0.04101177659786175	0.4232487867998123	1.0606936210354112
227	3.783333333333333	0.3316305968922253	0.5212862758056059	0.9595484935794879	0.336144845422401	0.6937274120737531	1.4170828006220852	0.3224248921578617	0.8897108080304178	1.8248976113252173	0.3420624930868703	0.6958954522950574	1.8869914880401708	0.4029207884512836	0.7325600390408555	1.888285792937454	0.28522072211464894	0.9431818887594684	1.8723229102967258	0.10722075938762117	0.49942073569928325	0.9611208414712415	0.09199015851270474	0.6647340191773765	1.4049113141370415	0.054073961397255725	0.8757572167059525	1.8172337983676377	0.07087749502862616	0.7176876569188692	1.8897887585145796	-0.002760536382221382	0.7372113200066341	1.874681650369013	0.06067723601010521	0.9857918554779468	1.8835517362742538	0.23516709887104212	0.2870802337421892	0.2895402218398928	0.2377106332514024	0.16017138445250004	0.05029018719478379	0.24771207758552624	0.0997403373029927	0.21690004935664106	0.3986539450712539	0.3772811374824794	0.3658973313520298	0.4499940335757051	0.41042758028557697	0.682667725262769	0.44015423105423984	0.4437479705025138	0.9563286627182932	0.3701283356166626	0.42964456700673975	1.0727230399506846	0.3803662662278779	0.458152611494575	1.1012214661476725	0.41587973857862687	0.5062939843520606	1.099187976597556	0.07604317584119558	0.34279840331073824	0.3692831088922459	-0.016192975636899466	0.42953091863738324	0.6776691454479029	0.040089721941732034	0.38040470077680105	0.9208021485567546	0.11379454736503407	0.390065393035319	1.026037179663786	0.08052652421563021	0.4197196809211683	1.0622880783710238	0.04480481494806852	0.4241750649769161	1.0605149182971405
228	3.8	0.33667966842379043	0.5070167021019316	0.9586294507073511	0.33616544466003223	0.6936982146534845	1.4171402211440083	0.3222981813147706	0.8852278753481572	1.8234084982942291	0.3462225562002547	0.6963115120732727	1.8866845484457626	0.4004343415155045	0.7632355705166405	1.8976524502502992	0.28913656535279936	0.9465954090503936	1.8733531412436717	0.11321813441445508	0.4855751717946235	0.9565306942716011	0.09204144306352711	0.6645150788479044	1.4048709501097614	0.05282785532906709	0.8780656143222114	1.8223749707488854	0.0765482312280604	0.7037640106729683	1.8887219603942773	0.0026248266330855894	0.7245859714201525	1.8739515377104317	0.059425734378747944	0.9710907518463215	1.8854258493073544	0.23538852528375268	0.28722063019145916	0.28976665703487015	0.2398490538262592	0.17072138421879557	0.04692396411429927	0.24976443128419842	0.11013189730734342	0.2142459321698848	0.3986882891771945	0.377258228372582	0.36586217036968727	0.4587397680180862	0.39794880423270734	0.6832924149117078	0.4450935365537576	0.4291057743319274	0.9595203951087172	0.37328532746568327	0.4412915911506957	1.0769549973475134	0.3815179444799705	0.45954366066838487	1.1014033910762042	0.4165081872797259	0.5048909841477772	1.0991067983116811	0.07606271083921264	0.34266364987823894	0.3694245983369883	-0.010114925934249784	0.4177208040740567	0.6783520588428928	0.03858776493053353	0.3656718242071398	0.9169850381002987	0.113346729781936	0.39116701030201523	1.0290304472370468	0.08016654517904526	0.4186239580350183	1.058653280473571	0.048484655235913554	0.425876142738122	1.0605940326743226
229	3.816666666666667	0.341668304931161	0.49325953573699005	0.9578649932590367	0.34021381363864	0.6949622272908115	1.4170121014729895	0.32327489478719473	0.8888659719452802	1.8287131544469857	0.3464292504445297	0.697517123538227	1.8872660811004505	0.4018542752409668	0.7506362617628898	1.893809542294057	0.29025819223541127	0.9505784550707435	1.8781131624546468	0.11375717583749022	0.48547522732824927	0.9600243585254457	0.09587998772789835	0.6670944929396946	1.4052057772140378	0.05293198187247573	0.8782646639452361	1.822486980873063	0.0763737670682114	0.7042252974281826	1.8887938709553402	0.00356891499753548	0.7403874779765347	1.8783729358216372	0.061516988218584985	0.9894878755783445	1.8902506035302664	0.2354622095052661	0.28721789441052364	0.2897208275493914	0.23997710148871093	0.17063536040954647	0.04692085729341475	0.24986854496036967	0.110594896416523	0.21410556958479085	0.3987462358845321	0.3774279281767492	0.36586526032454875	0.46170711180316415	0.4092507545918295	0.6824755548664618	0.44943949092654717	0.41558960919855875	0.9587856115675664	0.37077916221123164	0.42864499669564515	1.068678172852057	0.38161596295248124	0.4596354862073925	1.1014275461404892	0.41961150754912835	0.5175494145629078	1.0998187508265655	0.07999205912174293	0.34461632785237706	0.36896489402227817	-0.010316783696064652	0.4200957937636539	0.6778529845183093	0.04021937382836006	0.3802514119636828	0.9206951693345072	0.12083107358168983	0.391225216429613	1.0254266726443033	0.086261103361902	0.40735862550512075	1.057582173999213	0.048726815709951674	0.4261597757900483	1.060759714051411
230	3.8333333333333335	0.3423023093289814	0.4960919892546802	0.9619559214056569	0.34027875624406034	0.6948198186650633	1.417040794797219	0.3232685991482065	0.8888844659823887	1.8287322953832401	0.346366648458451	0.6973566957384802	1.8871523880633636	0.4018566096757348	0.7507298526760591	1.893810431004687	0.289074240328974	0.9468035681108833	1.8731264468360649	0.11809211564140942	0.4863341694793684	0.9529577191826488	0.0960043202646092	0.6671192679125166	1.4052294206493297	0.05287746130936486	0.878179928067355	1.8225201693896997	0.07648830056795912	0.7041053960719531	1.8888273422345305	0.003588687201674292	0.7402825466910966	1.8784384405360528	0.060655861535181876	0.9859328590582405	1.8843181135740519	0.24039446265162784	0.27602838153428627	0.2918409519101795	0.24008735682147203	0.17045287628668748	0.04706009495343622	0.25209645578863055	0.1214544785864876	0.21429272309824898	0.3988736210159997	0.3767455576181379	0.3624208328865732	0.4624218942195451	0.4106179950327783	0.6823377489815285	0.4536292379470124	0.4169395153532551	0.958684314555959	0.37485436441778947	0.43095638400614295	1.080323253503293	0.3811868512181032	0.4607431559617444	1.1051654406257465	0.4282854726959252	0.506022572206822	1.1019819636239874	0.08003617660541992	0.3446450784732466	0.36899119099869837	-0.010251732341091294	0.4200084823266804	0.6779308399436312	0.04061328397833	0.38266073438475384	0.924495627271136	0.12254369934916255	0.40393357740235236	1.025850850035881	0.0869010115060328	0.40715860295751055	1.0574860749721295	0.054621130201265855	0.414600682819247	1.059844694174945
231	3.85	0.34244241331324754	0.4961425983189101	0.9620667895776164	0.3403961056534149	0.69494237827355	1.4171175652194243	0.3222634177380864	0.8849494107291705	1.823155417996259	0.34618169601636695	0.6973810966017935	1.8870850515225899	0.4070364631365301	0.7340468200871665	1.888076570259912	0.28911699820450953	0.946660715373072	1.8731035503977913	0.11878833848432321	0.4861568083588487	0.9566044273050561	0.09657462141584201	0.6662932713696047	1.4087930428036177	0.05276639450606977	0.8780936641330844	1.8224878800702264	0.07668862635329014	0.7036493927659722	1.8887316240824357	0.0015224498334423732	0.7260388919253028	1.8779215557564113	0.05404227217053146	1.0022429218235172	1.8933336495119082	0.24048402575320116	0.27579418175190096	0.2917345137382321	0.2448162304180242	0.1601789866740329	0.050034218519650675	0.26066834274409323	0.11303369368139443	0.21939204082932384	0.39907927024001016	0.3765665472644961	0.36234664229192476	0.4710685237045612	0.3988914543672013	0.6825960088614385	0.4571603266989517	0.43112734217570564	0.9624499333379573	0.3736247883105464	0.45493884158409525	1.0786757388894745	0.3812741992527713	0.4611707214114701	1.105261539000309	0.43149806128208656	0.5197244522202066	1.1031366985064572	0.08018792771412324	0.34452219267985557	0.3689026910068998	-0.01020501344457538	0.42034123776899013	0.6780123113645113	0.04065363423691094	0.3827473830554989	0.9245831432622362	0.12790047747624134	0.39187696417354495	1.0249681964350632	0.08667817928631603	0.4070288603179791	1.057584536218075	0.05455289076963734	0.4144224325030185	1.0598635829572514
232	3.8666666666666667	0.34736951182028913	0.48194600732193243	0.9615319996582897	0.3405386030380606	0.6949554233987887	1.4171881608172732	0.32218132681374356	0.8849072966555559	1.8231275216875809	0.34627261098715933	0.6967949438945115	1.8869046430738068	0.4101435411380015	0.7477523847662523	1.8919499304095397	0.2851769730299574	0.9432504234449023	1.8722734427382006	0.12486672637764698	0.4729188394557762	0.9559781462405703	0.09664132853293572	0.666235673952243	1.4088448340563469	0.05280564380090044	0.8782583007928242	1.822604003414158	0.0765141685913614	0.7034846486626275	1.888697168878806	0.002690845699552251	0.7244500853030177	1.8738383457713448	0.054053534461130565	1.0021606052942749	1.8934369099064345	0.24266446325258376	0.2869772115873941	0.2892546861037998	0.24491120969508828	0.1600090172877971	0.05015083885702652	0.2606553569237558	0.11228052505606816	0.21662188935360085	0.4036208454000809	0.3636764602306867	0.364397059472756	0.4795656091676919	0.4017496152833044	0.6855585354907399	0.45728926323510133	0.4316216123842664	0.9624546025779627	0.3765664084192834	0.4677188985941138	1.0795110826347218	0.3820489840961427	0.46078812092100035	1.1015738486095918	0.4323362606839311	0.518774106229076	1.0997655755188465	0.080378081675049	0.34445280654601546	0.36881515515564295	-0.010166328739567488	0.4203365057525853	0.6778649906239277	0.04046441005605628	0.3800339433509588	0.9206588143393497	0.12774462462760333	0.3910606447917753	1.0250452917786073	0.08674446551042313	0.4063878024246537	1.0573406057147916	0.054511421316566236	0.41418595530489744	1.059660648997863
233	3.8833333333333333	0.34786124289331993	0.48163784319637226	0.9654678918753183	0.34103637160281525	0.6945966125810796	1.4210201628823937	0.323078835467444	0.8887158093765682	1.8286880985082576	0.35175761265561606	0.6814252055189346	1.881661305694141	0.40672641331165704	0.7348015116544564	1.8843515733564355	0.2851139087565764	0.9432522898012187	1.872559435375968	0.12528316184665722	0.47294278600610073	0.956122804831139	0.10302749467907264	0.6516995410898949	1.4060718038107027	0.05280049175369225	0.8781109837919191	1.8225414458511546	0.07673679969291701	0.7031951422433576	1.8886789309998213	0.0027117440211806873	0.7243264736112485	1.8738463001422283	0.05393543265040458	1.0020220573313825	1.8933424624991435	0.2427611973110832	0.2871356218913025	0.2893626035680807	0.24501097631457824	0.1599198104546558	0.050174035749348006	0.26097173400992185	0.1128245150207877	0.2229214362102553	0.4037348333654476	0.3635903842347378	0.36443137528923936	0.4839680081511574	0.40249006756523376	0.685293871611954	0.4604261290275569	0.4438380356119453	0.9627204819123708	0.38163581334188434	0.4545094100953908	1.0820024990541999	0.38595900668497235	0.46132541462842125	1.101287103128032	0.4327389471184567	0.5183116334594532	1.0997725969202932	0.08050709542117163	0.34453258207503246	0.36878957335078427	-0.009559591783356013	0.4191545982366252	0.6743222178395742	0.047009599868637814	0.3707649936478687	0.9275806146873732	0.12813040029520978	0.3915965089179789	1.029298419923859	0.08688356799950522	0.406876056260057	1.0575476820580842	0.05452861119000647	0.4142318817425496	1.0595918975268779
234	3.9	0.353109622990764	0.46700570879164033	0.96133890472281	0.3410718991143004	0.6944079324545908	1.4209878234018019	0.3221141119909455	0.8847595560346102	1.8230497901756908	0.3460242650247124	0.6972629064220554	1.8869172224987896	0.4065924397913327	0.7349493986382567	1.8842819236427408	0.28519278654606467	0.9429412292751296	1.8723022051311284	0.12555205747306183	0.4728142435955492	0.9562302207658151	0.10299081268453754	0.6517731864377955	1.406181490362503	0.05289330521775399	0.8780847727566563	1.8224986306455462	0.07655537049152544	0.7036153723448979	1.8886513357875767	0.0026804716859693527	0.7243788883148102	1.873766534877209	0.054961105372407275	1.0059227576130236	1.8995656572696145	0.24766811878675235	0.27589564630991614	0.2916072083318159	0.24538491292307796	0.16022941588024225	0.0528547198778564	0.2609652994223947	0.11291177464665164	0.2229633436247911	0.4122001117737259	0.35199927234719164	0.3662091763893186	0.4841988682096294	0.40292709297547946	0.6853044696156216	0.46053667169977514	0.44384904272980585	0.9626284899570217	0.3819349088081318	0.4538478136532722	1.0746173953208669	0.3860433822829022	0.4614447294608611	1.1011560785972356	0.4353511968669832	0.5317461081384467	1.1001218458515818	0.08052719709907624	0.34459428441798645	0.3686912423766038	-0.008868230182980621	0.417856083889209	0.6709463801101863	0.047053838473096576	0.3706008616482306	0.9276895414753883	0.12935389304773423	0.40466930914007054	1.0301049175662194	0.08691106583406266	0.4073599004627185	1.0577737677745287	0.05447014533954273	0.41439736152012446	1.0596153156078283
235	3.9166666666666665	0.352676243202126	0.4640777033397601	0.9575230246160809	0.3412881418340442	0.6947955266769298	1.4210904411575944	0.3219538688599687	0.8848691525655417	1.8229478995564807	0.3457596288261966	0.6981405080740409	1.8871462655519389	0.40212299379113975	0.7331623597733921	1.8840699672230692	0.28824911126885977	0.9585297010564835	1.8765850739557588	0.1312909718939802	0.4598269320556434	0.9553543683823161	0.1030681748915293	0.6516089211463884	1.406000761648974	0.053108665753394284	0.8775457318901374	1.8222227742413988	0.07679055839437442	0.6980534060894118	1.8786823533932977	0.002636747559228671	0.7242966589486655	1.8735752630797722	0.0601175618709085	0.9696986779841235	1.8889908471347614	0.25152048903650553	0.27732606980318797	0.29131047063391025	0.2539802815772565	0.15016908476524995	0.05586640208627647	0.2613005703341575	0.1133596660599702	0.2263289701435282	0.41232057058936866	0.35247635444060466	0.36942077638333126	0.48424327286307056	0.402681068849776	0.6854668067358861	0.4600913250436325	0.44154108326340746	0.9589393967352656	0.3822805068582968	0.45264732327484125	1.0780165123042065	0.3861008088186683	0.46131500956116483	1.1014265555129858	0.43826950183899366	0.5448213739532609	1.101128568213761	0.08064629732083314	0.3448414848278902	0.3685896004339523	-0.008698677736844726	0.41781039122004343	0.6709751626595445	0.047178107864005045	0.3707020425067014	0.92757007843414	0.12960114377260143	0.4075599089141839	1.0294808111882263	0.0876000583226104	0.40640302562988584	1.0573404082611644	0.05470812045933495	0.41413552396449627	1.059635795273632
236	3.933333333333333	0.3527859760475377	0.46414743902981526	0.9575489761291224	0.34128508489075576	0.6947812400190787	1.4210188032634279	0.32176087110717844	0.8851740213867163	1.8229651103823004	0.3450267484060641	0.6989294003080171	1.8835116827265757	0.3987455353221505	0.7612885146054986	1.8887197778340201	0.2839638028964755	0.9396468493380744	1.8674078408209558	0.13600940543779613	0.4607008791804554	0.9551526287462522	0.1030678622720849	0.6515735934132298	1.4059852619393103	0.05304091152021182	0.8776887688221627	1.8222924724937615	0.07679245104657965	0.6987669466250762	1.878720633989124	0.00263822271202787	0.7243474380306207	1.8735912992287882	0.06213362337443298	0.9887134914919667	1.8939909791103466	0.2516276477744709	0.277353388769402	0.2913838810295486	0.25429289431902546	0.15017781512173614	0.059343671435551665	0.2659921483676741	0.10321981971046752	0.22887174443567865	0.41243876004981506	0.3526011254857045	0.3693540677555025	0.4845406431873586	0.40287174952090304	0.6852333936580179	0.4608962235542783	0.4438631316126038	0.9626543998968397	0.38193277176077023	0.45412409301531353	1.0817301329501814	0.3862617835456028	0.4613955391337835	1.101503887598446	0.4387064881554238	0.5444648223637021	1.1008225876870996	0.08063911476999197	0.3449584985075101	0.36858920873146456	-0.008599061089934273	0.41786983698380353	0.671016864265981	0.04750929946629802	0.3697558964449569	0.9200844594351125	0.12970935673491024	0.4049273243071447	1.0254059700170939	0.08793263869589951	0.4068020840801401	1.0572190687074368	0.05857177278197656	0.41544384457526234	1.059386350751441
237	3.95	0.35284336559418034	0.4641926445489622	0.9575463855169005	0.341448508349429	0.694702235152114	1.4208675635657149	0.31703634075475084	0.9012066386685716	1.8235608898164506	0.34557932749329073	0.6987477840327573	1.8835889478410504	0.40229051311025316	0.7333435699063687	1.8840755237605809	0.2892495474544058	0.9573322302644188	1.8706503195287396	0.13603766416295965	0.4610306232847764	0.9551141002409983	0.10309992928776447	0.6515392491703105	1.405938870858853	0.05429214778651199	0.8761558235197698	1.8176811956518375	0.07774007578178416	0.702116091173751	1.8842842120801555	0.002649789151575221	0.7244640601784881	1.8736096173757542	0.06542531786054898	0.9915421497355092	1.8903221813028974	0.2516753588348347	0.2775445249973138	0.29145359207045424	0.2589128866727626	0.14000103528808872	0.06225125261743573	0.2680560281195808	0.11320249015723664	0.2264526723049769	0.41244702188946986	0.3520097604265088	0.36616316748574895	0.4890693151374077	0.40270078854533964	0.6815242286798877	0.4604029282333599	0.4417381831765398	0.9589749006660502	0.3820147288412108	0.45402485282424687	1.08200562331562	0.39331902975627475	0.460487858739804	1.100937925118412	0.44338987393371987	0.5445203793275202	1.1005672268488889	0.08066445804977923	0.34511857771439836	0.36865247556523467	-0.00858108992470206	0.4178705191883281	0.6710056534082873	0.04762983112207371	0.36960955546536967	0.9198433348479647	0.13004867426309635	0.40480467913563123	1.025204646202411	0.08824001937897642	0.4078518986080154	1.0574883751032722	0.06247312626990236	0.41672326973059876	1.0592600454055565
238	3.966666666666667	0.35289494906777324	0.46770928364571107	0.9649118832510734	0.3413251059051045	0.6949033533875731	1.4210635891848244	0.3218317460414232	0.8853919084807671	1.8231091542482403	0.34582012377641586	0.6991809769390575	1.8838023104102524	0.40231049868180646	0.7335127596068138	1.8841541029129836	0.28810056201235856	0.9586271616999945	1.8768002202913192	0.13749556551021075	0.47416650203990757	0.9553355290896075	0.10310706847195665	0.6516553989667051	1.4060805741306655	0.053090385608408064	0.8776053755963249	1.8222347897287021	0.07765318533833454	0.7015009555930196	1.8842456338464684	0.0026492093108640446	0.7242593850418891	1.8735450307099784	0.06335238031803833	0.9725314899488802	1.8855731890148	0.25179386670061304	0.2775482805484443	0.29150800431439683	0.25889690344863825	0.13999649883854343	0.06234996280661694	0.268174594153935	0.11475766992768138	0.22916936785555703	0.41252978410580937	0.35183859665128703	0.36611597748065466	0.48906307390431286	0.4039207106960024	0.684856972092823	0.46039613065815127	0.44193967290280484	0.9590016010102116	0.38551870688441664	0.4567624070815569	1.0854135777062301	0.39324248808007717	0.4617660662447402	1.1041038328135862	0.4477567184770214	0.5305688081798164	1.0990368542283329	0.08073944911871006	0.34515903936226094	0.36863643061786	-0.008634732477253174	0.41833360740223813	0.6710196541154807	0.04772190336786074	0.3693605200875403	0.919636271414175	0.13023840827650235	0.40468216280661967	1.0250161497877064	0.08851301485065678	0.40990417497988313	1.06094339576416	0.06298267384649175	0.415260947023181	1.0557229149364855
239	3.9833333333333334	0.3529208553080709	0.46761205043861115	0.9650300327384085	0.34133911176148723	0.6951013340195115	1.421211844226377	0.3218577178799306	0.8851541000257662	1.8229747678866304	0.3456964997792593	0.6988061620733025	1.8835960227873427	0.4042002683324437	0.7442704452146656	1.8830892970686766	0.28814969508083765	0.958769885208675	1.8767985362115271	0.1374383175906672	0.4741275342191045	0.9552933510624123	0.10313396129783126	0.6517235487884097	1.40613295572737	0.053114563698434286	0.8776775667534747	1.8222957585360193	0.0771585342464219	0.6978769131164434	1.878618686891043	0.0026986733682880203	0.7242286570708885	1.8735474736798508	0.06124014592453547	0.984747663196645	1.8877606161520686	0.2518613042460317	0.277341305998517	0.2914519714905672	0.2590671185232506	0.13975986800350604	0.062475967513924674	0.26629400798444014	0.10459757410905376	0.23169510880534042	0.4151158590578029	0.3628823154462501	0.3640086136213847	0.48957875845260196	0.402982875945211	0.6851898051065297	0.46386312040339545	0.4534559505619785	0.9627192258423924	0.38563872174351405	0.45679618655747045	1.0853281781815023	0.39725726712279	0.4622156840040986	1.1036356053263041	0.4478224729690518	0.5299972322658826	1.0989808547147102	0.08084956314251276	0.3450727382291912	0.36854525611997785	-0.007710673809784083	0.4318206773498217	0.673396152671046	0.05155936610613751	0.37411149475044825	0.9232799394814719	0.13067748831881248	0.4070495362371107	1.028766870245012	0.08880676672404073	0.409700386001262	1.0609148394791963	0.06321115684115788	0.4153896924960816	1.0558816646383675
240	4.0	0.3533512734614055	0.4666868130651302	0.9614261019155416	0.3408558906432493	0.6949276126533178	1.4169992540984082	0.3220476482443699	0.8849102046072638	1.822941811562382	0.3417901133808165	0.696720111061773	1.8869891599775765	0.4027029962578167	0.7320606704510846	1.887780196124001	0.2894075112813225	0.9574954147364371	1.8705577466796421	0.13832486351555934	0.4758099806225356	0.9561238445208252	0.10378604512750948	0.6545614743992895	1.4109000322255412	0.05419330004710442	0.875922112135646	1.8176203505794735	0.08303458405099899	0.6876641968200845	1.8832484806982643	0.0027336447546764415	0.7242909294716062	1.8737905321964479	0.05617264280400366	0.9896462024146673	1.890948546924902	0.25190350973673403	0.2773233897963585	0.2914915283153063	0.25915332211363684	0.13978054805616733	0.06220111232202765	0.26625605024271465	0.1029749164081899	0.2290696983995304	0.41255500770832787	0.352262460913931	0.3693226778106763	0.4894749878404387	0.4040040933943935	0.6886551511021018	0.46410117765380804	0.4534240274248512	0.9625786701532906	0.3863297996928931	0.45553238292784176	1.0818146269888758	0.39735286221091365	0.4623292956821841	1.1037463498831221	0.4477701466691811	0.5307430968646325	1.098937961024887	0.08461738528198932	0.3469213548821039	0.36817787741214614	-0.001759950914035225	0.42012505127640243	0.6739418584571669	0.05123124367410935	0.37161822419728757	0.9195583504479344	0.12974558872827097	0.40519987194112883	1.0254314848399644	0.09417774895547223	0.39714100171099215	1.0597309682385525	0.06248818629757275	0.4156932310963507	1.0590657215322052
241	4.016666666666667	0.35762716559837615	0.4679145359482344	0.9612091226599342	0.34204273777357375	0.6974145387469369	1.4254034483676596	0.3232108802678703	0.8885960031837795	1.828621830596308	0.34198552691299183	0.696446304266871	1.8870482975653515	0.4027520799918734	0.7320561992111378	1.887937470164699	0.29336648990863157	0.9664346852030291	1.882357613809227	0.13812316687929185	0.4731956569119826	0.9519218836268767	0.10431555019455943	0.6540559886278874	1.414500833141659	0.05483283841918923	0.8796463616895429	1.8228105788358253	0.08303877399238256	0.6876138681536857	1.8832711620922307	0.002772878441203462	0.7242515853045605	1.8738303248493864	0.0561737305465857	0.9896994647625688	1.8909278513844	0.25199735630437126	0.27743121805952087	0.2915122138018952	0.25921600277294915	0.13981711758685927	0.06218120025529109	0.2663410238596382	0.10310079356975438	0.22904973682441626	0.41289709539535385	0.35163761785998426	0.36979218445094425	0.4894583598509777	0.4037708413496496	0.6886925551404268	0.464069285996888	0.4534983554021736	0.9625957053791433	0.3857467385954768	0.45666555331130754	1.0854026028858736	0.3973396698021501	0.4622370722185254	1.1037722995579027	0.45222420521186785	0.5199896948738151	1.1039738262969578	0.08463199417842644	0.3468831444446732	0.36819344616618827	-0.0013478264035267833	0.41945920941436743	0.6703051387248673	0.051294891604462885	0.3717082617871841	0.9195101856022555	0.13055079480446147	0.4195246848816608	1.0291258663610938	0.0953836012497809	0.40971885413946185	1.060357975611592	0.06252409472824559	0.4159848392893529	1.0591571523186576
242	4.033333333333333	0.36183238420179464	0.45188280633400335	0.956805246113397	0.3414604844018399	0.6941844724966976	1.4206311039847563	0.3232149410488955	0.8885713214851784	1.8285250483271414	0.3419298618835889	0.6969105733272081	1.8871981949322831	0.4026870238639635	0.7324440880033775	1.8880541892087832	0.2883233112365484	0.9590927376655167	1.8762627591963197	0.14873483261859538	0.46012158616574034	0.9477764945287775	0.10441980934695183	0.6539413653657232	1.4143367261290973	0.05429850042187115	0.8757694960803086	1.8175694306580876	0.0780852462499004	0.7012426039421042	1.8844738392062361	0.002746957752076635	0.7243487105613092	1.8738694382777121	0.05222480118418595	0.9876915654116273	1.890536434926112	0.25211013060276316	0.27742006560465193	0.2914850741630937	0.2638729061722296	0.12955766667827365	0.0652110306957419	0.26636303381481785	0.1030001888224074	0.2290352784177865	0.41555613950354925	0.3634038901680356	0.37086008623940864	0.4923302212808151	0.4160865019984749	0.6878770645921816	0.4642076863126979	0.45349566783682815	0.9625720875524678	0.385808839032157	0.45697986376514693	1.085395003961558	0.39737071781802685	0.4625608296274111	1.1036946902072597	0.45045408217047067	0.5469350080702023	1.1059149825888588	0.09012411360404506	0.335558355502767	0.369963915675419	0.0020846372066028736	0.42164527279539976	0.6661600171422813	0.05140536019984438	0.37214215999706124	0.9195190748144121	0.13087198756234622	0.42179789825115616	1.0330456477426628	0.09437088034744325	0.3972394340142653	1.0598523137614435	0.0625579940333316	0.4161826998748142	1.059285757297212
243	4.05	0.3623673325671304	0.4541950663027985	0.9607261923583298	0.34089938555254423	0.6949151548952627	1.4170019469775434	0.3231833582569897	0.8883463577916204	1.8284838162877244	0.3415467409141813	0.6965161133056382	1.8868956740256688	0.40262490224899694	0.7321824891335481	1.8878971399448812	0.28831810714441	0.958896882548083	1.87631596254722	0.14889108973558488	0.4600226669111955	0.9478078541362258	0.10440998830745085	0.6539481333469948	1.4143719063011844	0.05438066118769189	0.8756751795758461	1.8175732664309274	0.07680567179708545	0.7027717664422096	1.8885541439999944	0.002698937981266458	0.7244344445027043	1.8738646079532952	0.06333075109686163	0.9724623139959097	1.8854812220945816	0.2521750812797127	0.27715569475999785	0.29137127134696467	0.26396774861901706	0.12952453029242292	0.06509620238459421	0.26836010507167096	0.11297114612343657	0.22639885255855227	0.41994417847407434	0.3484151732490586	0.36955566064013834	0.49254430721644826	0.4153719114020024	0.6843966219644171	0.46875879196931747	0.4401893780192836	0.9617317083896968	0.38630526476195526	0.45599033122869426	1.0814486575182718	0.39736436472128056	0.4626689824119109	1.1035072023281038	0.45515665153829743	0.531870819091829	1.1015307823450469	0.09013288678476114	0.3355790092944556	0.36991376629168715	0.002185264713574091	0.4218218147180326	0.6661290891785304	0.05504638554882844	0.37464272432992873	0.9192661102519709	0.1308460540591226	0.42239212773891527	1.0331267673252398	0.09527950902544047	0.4099570686703493	1.0605262874239296	0.06405928699184905	0.4286044899037746	1.0597177364035841
244	4.066666666666666	0.36234532954737947	0.4542833231063566	0.9607585348762864	0.34094278780967296	0.6951414940390102	1.4170086362121563	0.3221743729971747	0.8847407324697548	1.8229748713533538	0.3416871286430576	0.6964729802267453	1.8868681744832398	0.4045941722180401	0.7430024747304815	1.886844702596546	0.2871671623799515	0.9553073364988298	1.8712236828252575	0.14845983303856267	0.46141739344693206	0.9511279462352861	0.1069880711065462	0.6540386734694383	1.4062241222535665	0.05440396917252081	0.8757421553383383	1.8175337772087934	0.07790910605478442	0.7016178858270821	1.8845056443750108	0.003620066334629002	0.7401762659196337	1.8783174815905168	0.06253554833662243	0.9686472751727147	1.879438945060605	0.25220188994140913	0.27701168024900763	0.29127551242627253	0.26374300229718584	0.12931688516499446	0.06161133993908874	0.2683430227962674	0.11300865464508648	0.2262736635800588	0.42027751281433307	0.35041078920369745	0.37284990135922097	0.4923552610672159	0.4164424934985403	0.688020199045562	0.46879147917285724	0.4402116059392475	0.9618288142522607	0.386347403368143	0.45598197709623206	1.081605575470401	0.4013838189376184	0.4629837960858294	1.1033582617713982	0.45521146516395605	0.531752828916802	1.1018135343780386	0.0901600858899306	0.33561439566049905	0.3697942609742122	0.002562259865451255	0.421953326792549	0.6698613167147355	0.055146293279973606	0.3747717256539677	0.9193139873855205	0.13078086354174986	0.4226807278084389	1.033298405999617	0.09434931329005715	0.39721260069254594	1.0599803143806112	0.06421845713124656	0.4286791220385431	1.05970930452266
245	4.083333333333333	0.35774845028413127	0.4505091729903871	0.9572238590765204	0.340839445326868	0.6953089509110256	1.4171994718210104	0.32209483944188705	0.885096261780689	1.823048664744116	0.3417805576236202	0.6964533228306052	1.8869421034643432	0.4027149623771395	0.7323641001565744	1.8879484911298094	0.2871713386783698	0.9554893551904919	1.8710365379351042	0.1482863339110353	0.461328155087982	0.9510747394475848	0.10760857650131071	0.6569521322576769	1.4109849993607015	0.05444465050951881	0.8758942790955491	1.8176463232088818	0.07783464076596741	0.7019193538929389	1.88456577670683	0.0035935702083696873	0.7402781082737693	1.8783584400831987	0.06467934481270916	0.9872125531890371	1.88421993970615	0.25598868343629433	0.2782214381072193	0.29085328695255164	0.2637139038592736	0.12953404529264742	0.06141760684270151	0.2683638868954434	0.11253542045391253	0.22321034685821997	0.42484747945323753	0.3376587596777172	0.3748994175533573	0.4923894943548209	0.4160280202832731	0.6879292337582482	0.46940529508793666	0.44258085102110944	0.9657371883809394	0.3863346435095391	0.45583748343140407	1.0815831820264825	0.4014255924110038	0.46279137315069063	1.1033568747661253	0.45523093111519886	0.5317984858800211	1.1017272233886872	0.09016922006780952	0.33554206642082324	0.36972163020570864	0.002354326041260312	0.4218156419647134	0.6660687457293687	0.0572040490100745	0.389153144308811	0.9232649090696861	0.13057607775590474	0.4232437779973885	1.0363319969906066	0.09459432278588906	0.3967291914439157	1.0598672872536365	0.06433747243774952	0.42870536207993726	1.0597544553514822
246	4.1	0.35774309068803384	0.4504390343326898	0.9571789078144101	0.34093303041244255	0.695272588988834	1.4170405752408863	0.3214741380334529	0.8858490511486307	1.8190959353930758	0.34177989998088826	0.6967260064296935	1.8870625680777393	0.4046605497646109	0.7431973619858829	1.8870387115033578	0.2871087834091388	0.9556722550315916	1.871195762855782	0.14899325420200452	0.4603103273559001	0.9478998602175716	0.10695029458629783	0.6539822587103986	1.4061598011096155	0.053261975827829273	0.8778726791044764	1.8223728901978353	0.07794321816683297	0.7014270435924111	1.8844822271458856	0.003641320911612093	0.740243508433694	1.8783172422826058	0.06460540648201336	0.9874148191756194	1.8844424829938575	0.25597221106612783	0.2784304261276461	0.2908162897977645	0.2590958304616549	0.13975318910017026	0.05834957926098196	0.27034756307721547	0.12250636582140907	0.2172666330589167	0.4245634397232485	0.3374733086580767	0.3713696579726354	0.49266109616264286	0.41529013787596925	0.6843794062269211	0.4694767675209839	0.44283828602446923	0.9657735373817938	0.38642852329801997	0.4560385823701042	1.0813888103613043	0.4014399066302174	0.4630487982750279	1.1032709829148764	0.45521205105595575	0.5322025180723773	1.1016620749034283	0.0901979924086022	0.3355061058782899	0.36974066135244515	0.0037070957564011016	0.4356665293640118	0.6725319488005393	0.055616848805994996	0.37733501007493336	0.9232347108071371	0.13152008118525918	0.42207945653849394	1.033113577146356	0.10011354395439684	0.38450371499633695	1.0585776783530636	0.06446521370906502	0.42885674835608883	1.0598192750048658
247	4.116666666666666	0.3624484195078714	0.4540319913421855	0.9607833899926825	0.3410598915346389	0.6950710688843403	1.4169368652987167	0.32162028797773223	0.8863272041648534	1.8192349714918974	0.3411448055999704	0.6964195548664859	1.8865661425741955	0.3992452446862907	0.7601968178213544	1.8924156058359143	0.28781513642730294	0.9600468812012796	1.8725804655836626	0.1490284134363329	0.46051809726089193	0.9478420265692257	0.10704909635829277	0.6539477162191281	1.4061154491429502	0.05435376970432347	0.8760359564147754	1.8176379647489733	0.07639677695149247	0.7036418142410495	1.888587421504878	0.0026151279284024145	0.7245798292080032	1.873669706054968	0.06255144174033103	0.988618659052907	1.8940619104970937	0.25817875321713013	0.2895441007114127	0.288315381816095	0.26381917867565724	0.12947562966851797	0.06154302189404772	0.27394476168665055	0.12389245427409061	0.21683036640229056	0.42459128170374344	0.33689418729163245	0.3682056925042435	0.4927484330496943	0.4151312705281575	0.684266428354939	0.4733075464784052	0.4434322173869465	0.9653788552322694	0.38647210621090766	0.45577502238799245	1.0814008911599515	0.4015205448222329	0.4628876525366613	1.1033212938347259	0.45050426083949313	0.547204680839132	1.106042662769849	0.09185051008326968	0.3469877012205462	0.3675275420891577	0.007847877625286593	0.43689026891105703	0.6683888071637304	0.06087340929069187	0.39143154203565145	0.9230619070750394	0.13116067490045885	0.4228641438096088	1.0332076383013384	0.09491958854380049	0.3961824758133024	1.0595334640254526	0.06537224101103736	0.42727395439841204	1.0562652379217985
248	4.133333333333334	0.3623321954872972	0.45078472119577506	0.9532553292206625	0.34099323399095727	0.695536311305172	1.41712879054725	0.32164313896755087	0.8863395174438399	1.8192887128568729	0.34127274003456626	0.6963861737620636	1.8866508513753275	0.3964018376655041	0.7456512555219004	1.8884750147503389	0.28837110950569955	0.9594642055165433	1.8758679419216924	0.1490274069529083	0.46006422665189495	0.947640759465305	0.10702970362211053	0.6540645729307977	1.4061693387908984	0.05560032605326452	0.8919186002607905	1.8218342213541483	0.07757986423260496	0.7018210693491386	1.8843532940666758	0.0037020669631550214	0.7402145751309094	1.8780997897081704	0.06207791894045859	0.9896807457192722	1.8908546400779285	0.2582362177812197	0.28949646838590853	0.28826136339099373	0.26378934128622133	0.12947684310526136	0.06146438276780656	0.2740550696586711	0.12388753152098872	0.21679457560958057	0.42457021346485546	0.33686970388792176	0.3681278304710387	0.4930646078764195	0.4145476170037252	0.6806930215882674	0.47329577636179104	0.44352165954515826	0.9653612563664069	0.3902666556585791	0.45647019736875644	1.081233681298721	0.40150341792078376	0.46307459003582385	1.1032993759677563	0.4503601447322123	0.5438381191452429	1.0991053414558727	0.09193279637942091	0.34694751312452865	0.3674598342086749	0.0078017028786176125	0.4347616801871346	0.6647858114596729	0.06130929008553357	0.39124203564304194	0.9264355539594176	0.12973647965401974	0.4096211509565754	1.0327669297139679	0.09483703157379636	0.39546830142640693	1.0595462805563602	0.06756006887871162	0.4156004839110989	1.0557271798325252
249	4.15	0.36435557327061524	0.4636927049812064	0.9570470605961556	0.3410096933808537	0.6954948447051151	1.4171234171534397	0.321621123836398	0.8860722175950131	1.8191889321774999	0.3407322395773047	0.6965565698567541	1.8864374929105234	0.3991258501667308	0.7599432315813667	1.8923489044312565	0.28844578578593955	0.9595237861868405	1.8757989181314552	0.14904939419527471	0.46033808097806617	0.9476734491025544	0.10700124914423989	0.654356632868055	1.4062654989879502	0.05431551266683712	0.8759495227189713	1.817688085514135	0.07645663171320564	0.7037599130460951	1.8885882409050523	0.00268248057759251	0.7244504768531701	1.873685513370612	0.06262330998477933	0.9881295044529608	1.8942359117999235	0.2583425582517072	0.2895911104988231	0.28826852561519706	0.2684434485092976	0.11956379148672587	0.06451626805829722	0.27412919669788255	0.12384141036642128	0.2167740671106745	0.42464223288969505	0.33669774647127027	0.3682024738292415	0.49300136721095894	0.414433394936277	0.6807114689639602	0.47371567256947594	0.44336063431099554	0.9688512340192622	0.38653031394314297	0.4559699657623573	1.0817442867318936	0.4015632859895599	0.4631416531140812	1.1035092881121082	0.45044884641795696	0.5440507271028336	1.099205073692311	0.09204592180321616	0.3469624256435592	0.3673618938199841	0.008207534190422895	0.43406281327424245	0.6611715333384925	0.0613440130218862	0.3912140560105012	0.9262679029510428	0.1298771756465891	0.4092697614009339	1.0326668739295897	0.10025423308416873	0.3833889929499581	1.0582910574851723	0.06766643369091836	0.41543418634731233	1.0556461190228539
250	4.166666666666667	0.3623663624563039	0.4507395407120598	0.9532342754597701	0.3410022696474215	0.6956670798443498	1.417272397089362	0.3220725333670762	0.884677113103031	1.822824369852871	0.34109483761378145	0.6963137228019967	1.8865147674288267	0.40443109822231926	0.7430480395435586	1.886674147109691	0.28721126288218907	0.9557130608464959	1.871060805835214	0.14925107604385254	0.4601918471785313	0.9477934079930068	0.10702828028766108	0.6541874759527678	1.4062178695366228	0.05426700058434742	0.8761039966534427	1.817774646159361	0.07673221134005509	0.7034973497777747	1.8886281038205637	0.0036871021388865583	0.7401847053403752	1.878241638756379	0.06241376057459491	0.9883393697654387	1.8941557417826151	0.2583353658333811	0.28985667116048147	0.2882861952342417	0.2704522228785782	0.12968961882556407	0.061515393636282695	0.278599480979214	0.11368316829598432	0.21913591245442451	0.42463198649293477	0.3368134134784491	0.36813503576738593	0.49309949984138224	0.4146634891899691	0.6806778500652058	0.4736674105506039	0.44350929276999806	0.9690085291806027	0.39073022399610025	0.45631355090098513	1.084974506517158	0.40157764577693134	0.4633054355835236	1.1036113353685355	0.4501011619501574	0.5450486706253573	1.1019651869768154	0.0920017734837903	0.3471637471075665	0.367366968461334	0.008233200695798637	0.434254090150423	0.6611645581037907	0.06106326314450121	0.388997628469346	0.9225667696076242	0.13628622209671892	0.3950074027790862	1.032268261704527	0.10052417586520088	0.382417652554749	1.058151016870772	0.06770897344294827	0.4154733410410487	1.0556627178820353
251	4.183333333333334	0.3643400945543317	0.46380853893508506	0.9568833549615253	0.3410041967220544	0.6955235144765995	1.41724707603389	0.3221283074774525	0.8847524249358802	1.8229457306611476	0.34089991699342653	0.6963645476778386	1.8865021073455226	0.402364752245664	0.7321964596621023	1.8877051403209133	0.288306535630315	0.9592634903426666	1.8763671446655672	0.14927132415202482	0.46027078923822484	0.9477983238484574	0.10701854991537936	0.6544067760006499	1.4063192650587477	0.05377322476062863	0.8815223716190514	1.827608129548083	0.07663778543689762	0.7033972309227512	1.8885855379171173	0.003687365171014581	0.7401256246865776	1.878201570796144	0.062423120660258444	0.9883532784202828	1.8942129361831337	0.2583381308214203	0.2899143383382537	0.28832320693813085	0.2707844668105	0.1299967496500425	0.06472424871651636	0.2786235284239646	0.11370550495610128	0.219168919905484	0.4245958106962358	0.33684952490938436	0.3681870603295399	0.4929117637647548	0.41406200191726344	0.6807555660797975	0.4692163967613259	0.45661009119618307	0.9698145339526758	0.3908004225548072	0.456069481415369	1.0850688729928666	0.4016070440488435	0.46303903681486064	1.1034983020961784	0.4462484817272787	0.56138110516155	1.1076666867226985	0.09569897987272324	0.34895343730785294	0.3668969134903043	0.008309707121274134	0.434265562350894	0.6611147271947748	0.06147502131441152	0.39134840354785	0.9263420524905693	0.14220502752909017	0.40952844060552734	1.0324446946726966	0.10044709615775868	0.38354989470070383	1.0585284702280806	0.06929803817558622	0.4288226025421219	1.0564097144003752
252	4.2	0.364335123282681	0.4636906736621252	0.9569611307060506	0.34153897627772	0.6950377066972174	1.4211231370046766	0.32214557589885817	0.8851887569652603	1.823167662995498	0.34208299262995145	0.6966662816920995	1.887120029253158	0.4005254301019491	0.7635497890396606	1.8978226847650037	0.2882709604736003	0.9588399261001415	1.8761475936115302	0.14938010994376014	0.46024429150410023	0.947822711051797	0.10707246890556053	0.654118165296341	1.406091457238188	0.0543129218602954	0.8757206067440473	1.8174644430111662	0.07558248136241216	0.6994480354339577	1.882813197072617	0.0025937444662147546	0.7242959215628173	1.873479771535271	0.06536778927198943	0.9858843226732658	1.887887164092821	0.2631156556679206	0.2786003731887171	0.2904657664241651	0.2708427432533581	0.1297970974646748	0.06482062083879485	0.27407418020074853	0.1239592738568958	0.21679454149276284	0.42495478515320834	0.3366782110810754	0.371795267730767	0.49278138848178565	0.41418115239819275	0.6807721086107089	0.46537974541043725	0.4561108968331431	0.9701598748664104	0.3902054552314916	0.45753508342042243	1.08897404354422	0.4013771307904306	0.4636577398728797	1.1039802230172364	0.44615697636388185	0.5615313622634879	1.1078452880892795	0.09578843704789795	0.3489780827665097	0.36688059741218565	0.009459481094272457	0.448177441805761	0.6637393586180345	0.0608898898813966	0.3891933438815272	0.9191940253620811	0.13590060222804173	0.39572673301129613	1.03550398505826	0.10035835206767343	0.3829219892699672	1.0584565714121206	0.06932775332469333	0.4290480171857092	1.0564272009520916
253	4.216666666666667	0.36432428551660345	0.4636871723277258	0.9570123833495868	0.3410766429924779	0.6955880845585778	1.4172860485966292	0.32209146118778575	0.8850771405769029	1.8231308157075075	0.34203257674797677	0.6971653351959337	1.8872931432870013	0.3974811920245319	0.749384410212155	1.8938189277677497	0.2881928498283743	0.9588153400875268	1.8762555527227898	0.14882340085865636	0.4612203617939662	0.9509411509736597	0.10703916693996976	0.6541034299049493	1.4060667559545248	0.05426918036157472	0.8757291019790567	1.817569568032393	0.07575637459779268	0.6992610069321092	1.8827831474072747	0.0026401081441296023	0.7241308977950207	1.8735159500376037	0.062359487990141266	0.9878574087330326	1.8939098362423785	0.25839058719840685	0.28992474755147557	0.2883165474991294	0.2753635785089056	0.11978993353613247	0.06782524771135846	0.27407699601053154	0.12391373990644285	0.21688839035611315	0.4249189820764934	0.33680220784187825	0.37177243004887284	0.4928097030243454	0.41440891596855356	0.680689290549726	0.46532938832475207	0.4561173783208857	0.9701807544962897	0.3897017239413762	0.4586371899649761	1.0926073183398184	0.401367803657615	0.463526658370268	1.1038912150915479	0.4461687758558991	0.5613193334920625	1.1076835664463507	0.09574299609602757	0.34910330568184283	0.3668794188129096	0.009870872484323856	0.44737031215856005	0.6599951149698925	0.06451660246853798	0.3914934304683083	0.9190962065570715	0.13588134772285115	0.3953228530484229	1.035467804634127	0.10032098806018461	0.3830626659155205	1.0584216903233314	0.06934370066404791	0.42930577146762566	1.0563908745401773
254	4.233333333333333	0.36194496243113594	0.4516548457995037	0.9568654367743573	0.3410491267693071	0.6956784916705931	1.4173720070885494	0.32314429151671303	0.8891867715404103	1.8288314806916117	0.34165407896240335	0.6974739833527716	1.887295788960937	0.3974079379004012	0.7497694563908246	1.8940160219229314	0.289296151814333	0.9626612972186921	1.8814181700833201	0.1488649272786765	0.46119344766996406	0.9509770907013197	0.10704270879086579	0.6540811582883534	1.4061100813681977	0.054309352863039353	0.8756731739627263	1.8175391943755197	0.07686333225275767	0.6972403171471341	1.878440650577103	0.002693162878828299	0.7238777832000985	1.873384221275941	0.062345552728236116	0.9876620199114169	1.8939291732076655	0.2631283773114039	0.27875916982966253	0.29052350500456914	0.275426406210756	0.11976552313581124	0.0677881744327767	0.27408950451449426	0.12390710247871192	0.21694486937544089	0.425215391676749	0.338737790117963	0.37496792114629823	0.4927813106657646	0.4142825405918019	0.6807457838831809	0.4653272120789801	0.45593342883025073	0.9702087238615978	0.38961213192977956	0.45866903970934936	1.0925853011354993	0.4013222810134255	0.46361199237733985	1.103930340046464	0.45037549111907266	0.5476047454522998	1.1064143714761057	0.0957942247493372	0.34909751251556226	0.3668775468248394	0.009625002208931224	0.44739408786988616	0.6561714109372078	0.06486460055385776	0.3939017460205188	0.9228302880441229	0.1359660686692498	0.3955265778337436	1.0353927589667566	0.10049086711882932	0.3826534949097519	1.0582346078904084	0.06953193352259508	0.428673655949007	1.05624504403413
255	4.25	0.3619289774627557	0.4515991064198185	0.9568549421516043	0.3409355304212635	0.6957464100469204	1.4174486492180995	0.32195467223574115	0.8849703496957934	1.822939272505172	0.3416523928122159	0.696761289820853	1.8869210833941203	0.3963218886677047	0.7459126016913085	1.8885821787755963	0.2871070337538286	0.9553588751274252	1.8712704248276346	0.14867434413335798	0.4609509289687721	0.9508365972729192	0.10702450115630814	0.6538671599301521	1.4059708785233582	0.05431766872255442	0.8753604388260635	1.8173744939940235	0.07588565002272805	0.6985554394919284	1.8825076212873568	0.002658402415661766	0.7238938110179519	1.8734245551647735	0.06525407736993621	0.9858585828359727	1.8879590841150113	0.2631419532027699	0.27870964002821574	0.29051698550948535	0.2753968151759759	0.11969113785452894	0.06782092052630408	0.2743335196792493	0.12411735082611648	0.22022149553142986	0.42498744924709914	0.33667961309017863	0.3718604962721015	0.49287838464390377	0.41442035158094437	0.6807713084272983	0.46489153378934006	0.45701479434769937	0.9738904256798813	0.3895570422603193	0.45858963826607513	1.0925843623480276	0.4012690627178409	0.46360258241485186	1.1039692295981636	0.4503270381163141	0.5475220495662948	1.1063948673935575	0.09582812851559219	0.3489801893328242	0.36685248066450804	0.013412351512790698	0.4496701334035667	0.6558146053255429	0.0648612464117048	0.3939120326773749	0.9227851975083003	0.13561609877851488	0.39564903935143264	1.0316698420259556	0.10040791979203054	0.3830623861307844	1.0583431302054196	0.06941104567706549	0.42906899107502855	1.056324699935602
256	4.266666666666667	0.36439313201294055	0.4635614670421377	0.9571213958003886	0.3414518483031569	0.6951810002779455	1.4212039315633909	0.32314593048671925	0.8888339827509347	1.8287479589444884	0.3418247592281447	0.6962529660144752	1.8868248287506868	0.40568159942802895	0.7464005945214087	1.891963542322755	0.28825289696048434	0.9589372682313091	1.876379352478162	0.14880774500670313	0.4610995167303676	0.9509391498288934	0.10702773543264411	0.6538585318554107	1.4060110911414763	0.054334316969399436	0.8758103629895451	1.8175695294364138	0.0759472781297835	0.699041217152865	1.8826968913181514	0.0026471150514372466	0.7241625487482594	1.8735234017814832	0.06619106221208657	0.9899900853633177	1.8940734783929896	0.26318265912503347	0.2787064531786679	0.29054276114014954	0.27913200805498556	0.12023071123608961	0.06744561240625083	0.274396558200563	0.12464293847363543	0.22318398039818954	0.4252878987780123	0.3386479732372643	0.3750735110727267	0.49285837287290646	0.4144400394254892	0.6807534629194035	0.4621273886457866	0.4437172070322732	0.9700770448863039	0.3856402789533966	0.4577070725736641	1.092772916856858	0.39727064377132837	0.4628657258193532	1.1042838456213822	0.4434779480507721	0.5485997356355364	1.107317394366791	0.09586070225636933	0.34896621004408296	0.3668279497987259	0.013800790047118976	0.4486685556158204	0.6521460828013202	0.06490979180679933	0.3937827321832233	0.9228379208722846	0.13563775818913487	0.39607538023209093	1.0317477295577102	0.10029723314826125	0.382721015625407	1.0583307804448148	0.06923115414775276	0.42892811562066396	1.0562927998937248
257	4.283333333333333	0.3643716381767885	0.4635959028744727	0.9571100815657715	0.34130636930938085	0.6951594915790091	1.4212006377236805	0.32309465153272293	0.8884815097204848	1.8286004225386163	0.34204212474445067	0.6959759633625161	1.886854180975636	0.4026998043422461	0.7322708950190921	1.8879712504041068	0.28823136421373796	0.9589242337446386	1.8765784290596146	0.1487250226160792	0.46106309199430157	0.9509382293327283	0.10701930111972484	0.653763038108963	1.4059316753057822	0.05433770293934373	0.8753338799754883	1.8172891298338418	0.07585021393298695	0.6988694928986908	1.88264713605439	0.002582867036607416	0.7243005096174222	1.8735167758184368	0.06320358707901753	0.967341961682737	1.8829205254122563	0.2631767637971805	0.2786258455720904	0.2905182771237645	0.2735142604812782	0.10944634110013504	0.07088300730612969	0.2743796180698554	0.12463295959549972	0.2231771186366087	0.4252782331071979	0.33859932406751386	0.3750504063066904	0.49282351747228215	0.4143204228807384	0.6807213505203145	0.4621004250363331	0.4437579189806249	0.9700650286658892	0.3855609590605839	0.4578074478507424	1.0927306925374354	0.39259867167497886	0.4755910723170342	1.1055626634358116	0.4476640805163675	0.5347762956501042	1.1060003498075697	0.09584966579043896	0.3489218163625133	0.3668343039465071	0.00996170431893562	0.4462472841607735	0.6525185654052468	0.06489007326495427	0.39366032455207645	0.9228503459815309	0.13552295143939794	0.39598014055594377	1.0317533577048954	0.10032929391268179	0.3825697086932831	1.0582763796361696	0.06921577298311161	0.428490643009687	1.0561874343196485
258	4.3	0.36197498845128423	0.4517399371686283	0.956980240185843	0.3413610173018939	0.69507821348235	1.4211636115463413	0.32205058484087973	0.8851135185740187	1.8232550814788948	0.34182773486118306	0.6948002622831229	1.8863089255594157	0.40268278588293355	0.7318143960114643	1.8877725861483108	0.2882281557670833	0.9591492275114222	1.8765567891408328	0.1488343079994289	0.46104924963497096	0.9510521507998237	0.10693179939787306	0.654030594200959	1.40616268808947	0.054401112427761744	0.8757902062880397	1.8175596862348087	0.08232247553628276	0.6841789267680619	1.8774750906553417	0.002723210992098078	0.7241033907886676	1.8734727005588359	0.06528479431855869	0.9860727324694398	1.8880167675980732	0.2631497648163622	0.27856811938103465	0.2905111615206585	0.2771460846372698	0.10987358870673343	0.07064643217824815	0.2743951249794006	0.12451499104275325	0.2232218932814465	0.4252525338449933	0.3386653373062765	0.37500879257499026	0.49281717631842836	0.4144553543258688	0.6806895703699998	0.46204578722781703	0.443811997275653	0.9700903565574723	0.3855038873477666	0.45759515431863285	1.0927450960421714	0.3925348610340111	0.475413021186432	1.1055261548147062	0.4434767329729731	0.5486538870389811	1.107571880388544	0.09587426670437435	0.3488574298243978	0.3668461406753358	0.008535805962277253	0.43302538015015896	0.6536010652285573	0.07066243899554386	0.38187509299095623	0.922388246980202	0.1395139092287699	0.3979092977634415	1.0315580662317019	0.10023657983985411	0.38272632850697985	1.0582730982006683	0.06788875127219429	0.41575268940578397	1.0556136961480653
259	4.316666666666666	0.3577581753661872	0.45036723450384164	0.9571314336248322	0.3413573985564998	0.6948827445988452	1.42104435888707	0.3221860006647205	0.8853777436119323	1.8233261768460567	0.3420947439232452	0.6959725629217561	1.88691125910927	0.39758833385802106	0.7492436723617886	1.893794389949445	0.28818363071268777	0.9590157408043407	1.8765820483617892	0.14914003223588346	0.4598220694260409	0.9477819972751556	0.10694216359781301	0.6541174776796631	1.4061556996771374	0.05440374194943621	0.8759094867506952	1.8175862913324188	0.07793369581654505	0.7189612134605958	1.8931345623631464	0.003593934828597991	0.7403188174746923	1.8781237903966406	0.06531314033157741	0.9860404963726447	1.8879770066608956	0.26320909572968165	0.27854209712845024	0.2905343531463399	0.2735496614509541	0.10941465463771322	0.07084735740076475	0.27408431385515164	0.12393412597804665	0.21695282248258216	0.4252623763200126	0.3387007930362207	0.3750386805045001	0.49288248465080214	0.4145973532412748	0.6807364576153786	0.4619822615988035	0.4437604471823091	0.9701327538905996	0.38550521817144184	0.4573738945857465	1.0930033582736915	0.39713457605823693	0.4623734145974301	1.1043183562362449	0.4477470388945591	0.5347728797237812	1.1064297184743999	0.09582433292881867	0.34884693181773574	0.36682726763886286	0.009584398736604374	0.4470860606889831	0.6561155281633001	0.06490234750704034	0.39369207386970617	0.9227810680390351	0.13533855942749315	0.39657733701759607	1.0318331660345785	0.1003175390912905	0.38254922602996283	1.058242539149662	0.06794522014318977	0.41540378668235356	1.0555662946204736
260	4.333333333333333	0.3614754693439632	0.45274271330834337	0.9604452398781314	0.34086955711646183	0.6954557399656407	1.4173417534728028	0.32213719433722676	0.8853306513201756	1.8233413079073841	0.3421173146042874	0.6968349353035784	1.8872247653171452	0.3975759827016874	0.7495475865990453	1.8939027829432826	0.28813160486768585	0.958938620793873	1.8768279140930992	0.148627442074253	0.46102390202650334	0.9509873298771531	0.10691755345387212	0.6540574988420553	1.4061409824954811	0.054420335358827336	0.8758874192404392	1.8175470853951377	0.07722237226120117	0.7027083434285106	1.884532017107325	-0.0016934799839652794	0.7533851821968572	1.8789112564156005	0.06539867545960013	0.9855980112434767	1.8878419129186192	0.2631620083827894	0.2785765173738557	0.29053593379458575	0.27350036004370126	0.10938773466627623	0.0708040689611397	0.27415092795716234	0.12440205431658466	0.21986790161837566	0.425211012876512	0.33881422843084746	0.3749890137506402	0.49275695156177646	0.4143404597048012	0.6807689435067176	0.4619854916353455	0.44361530960469303	0.9700545943335647	0.3854054718120749	0.4572310547149329	1.0929458953013376	0.3897541981494184	0.46336285171976166	1.104965311838908	0.4434537584793522	0.5488581171236337	1.1079662651361213	0.09584451529070673	0.34872860836822944	0.36684013489089423	0.009629631842942703	0.4472522472556449	0.6559881439534053	0.06490647159060872	0.3937030874217619	0.9228084595005474	0.1394335542683487	0.3976541622005402	1.0315625625122506	0.09485571755617021	0.3942316522767857	1.0594204619672971	0.06932053402570706	0.42793358078303245	1.0560502875883557
261	4.35	0.3576725801508707	0.4506816743090658	0.9571573429086527	0.34142604698102635	0.6948388933828463	1.421006191462872	0.3221295295521825	0.8852331191838649	1.823268359611254	0.3423822091014041	0.6974145037047161	1.8874983756986121	0.4006595195586418	0.763902153851397	1.8979828523869664	0.28508557541253177	0.9433505459004232	1.8724873707346545	0.14860967580533005	0.461088054261766	0.9511304462384881	0.10691267120605871	0.654129221056645	1.4062930808866958	0.05436600248445737	0.8759062470753733	1.8175119241021256	0.07223208271482276	0.7338800086843761	1.8944679646614173	-0.0017026114040836567	0.7533530393150186	1.8789692918504661	0.06486041520234995	0.9868862170561309	1.8841478392709325	0.2631179083900006	0.27853110712593	0.29056343202619406	0.2732162975313634	0.10931673109264589	0.06756954667760012	0.2740387243381028	0.12382244639551913	0.2169762418465241	0.4251491291836172	0.3389543731035987	0.37501401402957213	0.492807221203139	0.41442990255161716	0.6807762680080948	0.4618786620066944	0.4437431880192019	0.9701981410931045	0.38530809626404583	0.4571308346891371	1.0929707136500526	0.38967513330810066	0.463289366984751	1.1050195237382887	0.4436354191746097	0.5482277833276538	1.1079890578508342	0.09579102607372121	0.34859488598924593	0.3668806626375355	0.009977615497830643	0.44599829811734104	0.6525283843231061	0.06493257313501198	0.39369362468710367	0.9229088446422514	0.13488532945300352	0.3974828068947455	1.035102700698672	0.10021321533027812	0.38277841620311737	1.058384042862154	0.0678306444653004	0.4155333198283968	1.0556624963039525
262	4.366666666666666	0.3576869916034541	0.45074550992937085	0.9570774212422836	0.34146482762603303	0.6947745284924681	1.4210291161800268	0.3162534613203462	0.9029102365864838	1.8286505443190015	0.34240961202709286	0.6975122819857883	1.8875973266030048	0.4006545381212472	0.7641823325480838	1.8982100109296982	0.2850772460524779	0.9434985788099395	1.8723437269862895	0.14854956775193748	0.4610165448135729	0.9510798353555513	0.10696116569454238	0.6540439113688087	1.4061970521001603	0.055671720334235064	0.8918137102235244	1.821708328235396	0.0708489538739888	0.717905156710573	1.8898569663976807	-0.0016669414240827428	0.7531878175206481	1.8789305654062998	0.06623868853652647	0.990013506380199	1.8938616569839013	0.258332788560595	0.2896513617803348	0.28838915281365607	0.27320285511049036	0.10923931160031686	0.06753324424865782	0.2740298127134143	0.12382569952642639	0.21696295024630305	0.42512183388694247	0.3388582103108705	0.37504234530376096	0.48984776043734746	0.40229491224758046	0.6817638380764606	0.4618280165843085	0.4435702999003023	0.9701372951235485	0.3852935014804483	0.45711388072726467	1.092952157143322	0.3858810421570261	0.46227264369590343	1.1051177771826257	0.4481994619309152	0.5329862665665863	1.1033913526310852	0.09572514623966627	0.34858903415469783	0.3669125247891922	0.008490855431654823	0.4329218086899132	0.6536652432719348	0.06126317956610033	0.3914232967392339	0.9230690775032371	0.13501518499193738	0.39728504022317757	1.0350959493901963	0.10027467650885577	0.38261220071786284	1.0583414235694668	0.06542294975085071	0.4272285687981046	1.0562946945157041
263	4.383333333333334	0.3534257118264373	0.4667510782725081	0.9614680660974918	0.34226898332788797	0.697356395746299	1.4253068540017098	0.31723916319839074	0.9010143317953988	1.8236884430110176	0.34211892065276994	0.697439671105193	1.8873395681472682	0.4006168359904532	0.764172942037219	1.898020499416729	0.2892300682310916	0.9571767878955119	1.8706792751399524	0.1445570970473972	0.45912755917843234	0.9481374046534715	0.10755417900428457	0.6571884242291076	1.4110884147106977	0.054427160455213716	0.875855448942734	1.817604278504868	0.07724230578353515	0.7025619111859348	1.8845212587647977	0.004759122428497825	0.7386942672249204	1.8740593554645286	0.062308701094595804	0.9881301500557031	1.8936941357984152	0.26302680662145483	0.278235381631206	0.2904784112364311	0.27323732642698445	0.10922092293341722	0.06749234053220689	0.27400620406687	0.12398671244060651	0.21687268356697534	0.4245729829394162	0.3367903018607424	0.3683360000504572	0.4898875368620115	0.40239129496600573	0.6817874310009898	0.46181804980334223	0.4437234700452173	0.9701945216348783	0.382541306176672	0.4452354615882337	1.092302779169439	0.389643305707936	0.46315145228501803	1.1049574557248873	0.4411548891759341	0.5354308544905326	1.1073334612776964	0.0940375185598864	0.3369563673788121	0.36911579552300666	0.008146100738204709	0.4358062730859618	0.6609928022650756	0.06120180890436747	0.3913809228785089	0.9232529573529699	0.1352604899500489	0.3967998855419884	1.0389066272008658	0.10033116310152	0.3831611063875893	1.0585801080075992	0.0647022613155269	0.4285960914804372	1.0598425071687934
264	4.4	0.36055084217471317	0.46509751906952684	0.9611183744445343	0.3414313700623979	0.6946407783667888	1.420973934765298	0.3220659526216679	0.8852161447324063	1.8231331784874532	0.3417300712755223	0.6958002692616497	1.8865187811011674	0.40569416400042785	0.7461480160337359	1.8916447719104434	0.28817237025587417	0.958696134876393	1.8769570615642106	0.14905622096247786	0.46026543720560936	0.9479529333586757	0.10769035480723277	0.6571219768647059	1.4108792843556397	0.05492885448778207	0.8791774373534466	1.82269013647332	0.07740214369893028	0.7031462265129	1.8843226320171718	0.0037855460585218613	0.7228533128890487	1.8695988317200776	0.06006155332635168	0.9693105201005239	1.888970336093129	0.2630724560509086	0.2782342327779012	0.29055332572532405	0.27347041005460526	0.10941268493555861	0.07066165418023058	0.2704808748221504	0.12280881876249378	0.2205284896392731	0.42497619926068847	0.3366589409004512	0.37182981415686467	0.4925270991323979	0.41557640323021433	0.6844585758847049	0.46132780288950487	0.44465211826789663	0.9738622931040174	0.3852173537478827	0.45710255023974417	1.0929983032808777	0.38965080920443107	0.4630652656192598	1.1048664137832607	0.4452998669186559	0.5211486303262888	1.10575528734402	0.09195939100092777	0.3468445438071306	0.36743467640279215	0.004502537144248799	0.4313993208824039	0.6614716481971747	0.06515477932113652	0.3932751932430903	0.9265897666729305	0.13478243615320826	0.39725738383849274	1.0389802495503913	0.10027730362822132	0.3833082688457377	1.0586126239267672	0.06464798951634862	0.4285085413101083	1.0598004528598515
265	4.416666666666667	0.3581379686345504	0.4532409908090036	0.9608993493684601	0.3413117556253055	0.6945642084843788	1.4207987752327353	0.32211560477321244	0.8854574154428881	1.8231599814917214	0.3414748446424889	0.6962984507452338	1.8865868751539623	0.39986866452484354	0.7641925017913564	1.893696220724638	0.2894290371204159	0.9574208544511467	1.8705782815871181	0.14912508219848591	0.460009694762323	0.94800935278624	0.10697722946042754	0.6541059399251994	1.4060928704099998	0.05496251554076664	0.8792523211887375	1.8226492810432755	0.07765868420091494	0.7026445383176109	1.8842853159756334	0.004808039363913619	0.7384148891335901	1.874092894775201	0.06203419515818942	0.9879740112428952	1.8937525782015907	0.26088484929603006	0.2670510618859047	0.29298436887988555	0.2732341242975024	0.10915135207424428	0.0675841631746247	0.2704198670585093	0.12279655132854629	0.2205641495291572	0.4249075702747691	0.33665118051343035	0.37194824624508876	0.49253382589341743	0.41557566949876884	0.6844494392408629	0.4612915118242929	0.44479018343524984	0.973895988119355	0.3852270549484095	0.45714366519778954	1.0930318278703754	0.3896449438287318	0.46327754828496714	1.1050070091429907	0.44110015823816523	0.5353452708220644	1.1072193619119701	0.09033486672817775	0.3351916467889326	0.3696453164436136	0.005016275713453546	0.4324298301143622	0.6615250571107694	0.06149556883455596	0.3910655877510609	0.9266417575330856	0.13519605819392766	0.39569982940765913	1.0357752764030035	0.10024338085409261	0.38284024475854483	1.0583562456216253	0.06310984136845332	0.4157928202479773	1.0590683862655843
266	4.433333333333334	0.3581462659512573	0.45331069527097506	0.9608854428701391	0.3421797299362791	0.6971188003301418	1.4252157767727216	0.3230096416353197	0.8837826766127764	1.8183385944671473	0.34125909466115734	0.6970111389073268	1.8868221111228374	0.3968527506083433	0.7498802793902374	1.8896780162578661	0.289405721485883	0.9574741451559213	1.8703849986946484	0.14910518785797505	0.46006601048752455	0.9479999701591846	0.10769564005424358	0.6569463826949018	1.4108064191416063	0.05436295795592644	0.8752136602578477	1.8173617179557162	0.07756416779967741	0.7024395655090678	1.8843361142284243	0.0036557369252056956	0.7400914498390287	1.8781899628677765	0.05919133316874969	0.9652068443143071	1.8826993245516164	0.26079614680838265	0.26718353326106037	0.2930290316249684	0.2731624175187974	0.10915380190491814	0.06760852490311697	0.2682932986559694	0.11254131973278682	0.22319134579469915	0.42925483628561206	0.32484900726910954	0.3770146292486424	0.4924696829802254	0.4155727343778925	0.6844809283520412	0.46174085060975284	0.4435936161482381	0.9702693380310421	0.38260398293358844	0.44496730157371406	1.0924235016844182	0.38969318992032387	0.46293100267237797	1.1049337535249788	0.4416562752783066	0.533683662725467	1.1042189338326003	0.0902545869875955	0.33526134910744004	0.3697029391196146	0.0032576838300600345	0.4203900313398009	0.6664893269533574	0.06139733638049757	0.390961127972155	0.926743228449103	0.13312332959512257	0.3841239012088201	1.0383899678828863	0.10009517746118714	0.38251628640609464	1.0584391852888824	0.06281963351923152	0.4157994316634621	1.0592818773643509
267	4.45	0.35809919195568873	0.45325207825181113	0.9608865687961852	0.34128969792116354	0.6944293321277899	1.420877564456935	0.3220522548632428	0.88544093026791	1.8231934872641256	0.34146460849248533	0.6966520282553943	1.886800825386457	0.3970092227438743	0.7500027436236874	1.8898145522304928	0.2883204010668485	0.959206233812369	1.8762988480486174	0.1383681787347284	0.4729419471636932	0.9519546814806373	0.1069694779648569	0.6540571632642284	1.4060243916089745	0.05426359056139917	0.8754287423216539	1.8173883578402914	0.07747616149670221	0.7023386074619641	1.8844147332694983	0.0037906771514518343	0.7229474653113185	1.8697572443944286	0.05920043639064744	0.9656162509845736	1.88272356126528	0.25234513806864745	0.2766962360714381	0.29131753816964695	0.26859550177675023	0.11897399936917186	0.0646682935627419	0.2682911912762372	0.11256725576644064	0.22317695438646595	0.42482270959348123	0.33734610656045766	0.3750387527645163	0.48918785909742607	0.4044895953500366	0.6890715494927111	0.46127560431946707	0.44479956570807483	0.9739532630791393	0.38258344528897364	0.4450045546605598	1.0924500399988757	0.39038449009821624	0.44942006757241115	1.1039011309653535	0.441082182742663	0.5352126436073628	1.1072779321487967	0.09021259396846333	0.3353168017244145	0.3697294174099002	0.0032103660628437017	0.42032355570448693	0.6666601433562452	0.06173653179777683	0.3933250902605518	0.9308815557344662	0.12925922103238136	0.4084907340812399	1.0400928986175344	0.09434811584926855	0.39497334158095976	1.059865343369068	0.06248556401879268	0.4162239387034361	1.0595450003292237
268	4.466666666666667	0.35577726118685327	0.4788434488046886	0.9617759533717564	0.3413384568685042	0.6942114680693648	1.420729467890866	0.32202534371851305	0.8852085076766792	1.823088827202064	0.3417707813953969	0.6962870884807916	1.8868199907603673	0.3976332707614281	0.7486334111099694	1.8935267778212501	0.2883261937834795	0.9593138211877454	1.876456318861727	0.13879876425419532	0.4719703725394321	0.9486997316346115	0.10692816903978296	0.6542027541061459	1.4060591701140646	0.05430553545525488	0.8754585272910151	1.8174442755093925	0.07755291923605014	0.7017964096429004	1.8843051697225914	0.0026584155352927055	0.724452891436821	1.8737305719160782	0.05919217372735914	0.9656485433821712	1.8827653929172365	0.25703511108547844	0.2657054748367998	0.2935370441059179	0.2732839449932422	0.10917341573871468	0.07101020743164045	0.26614133008893276	0.10281965258021812	0.22876666885593383	0.42913586601180237	0.3250583955157293	0.37706692584987234	0.4891221415178446	0.40443574410642247	0.6890411012626464	0.46092730894141726	0.44515297326938025	0.9703033154812885	0.3826181382383047	0.4449517104340944	1.0923027344746616	0.39421525518174744	0.4503473549346225	1.103601252211527	0.4414333675368414	0.5341983207719622	1.1040546789922996	0.09020762880707882	0.3352131004828986	0.36973768168212645	0.003225917864538797	0.42011300641973043	0.6666336041462656	0.05606603448675924	0.3768759495517905	0.9271757894956317	0.12714768625432374	0.39657507201611714	1.042727574745377	0.09387132258177565	0.3949896075181527	1.0600478399335131	0.06222021541941214	0.4163131302198374	1.0596292798053892
269	4.483333333333333	0.35330251996102197	0.46691742079235043	0.9615554060309064	0.3413756804007389	0.6940167050121254	1.4206851469205943	0.3161774880317436	0.9028836362149563	1.8284964076489691	0.34159753006734067	0.6962685061107023	1.8868226753911521	0.3975863540442537	0.7489488945725067	1.8936898056339746	0.2893870135842359	0.9577082493767691	1.87068739725655	0.13814080840729434	0.47311138989002827	0.9520451706415213	0.10686476539364204	0.6541412064839958	1.4060908344861007	0.05429601006772099	0.875352009698542	1.817315963647171	0.07758372154260365	0.7018809655766365	1.8843241459733258	0.003810213674877588	0.7229102952443525	1.8696885685487927	0.059226092614987784	0.9655961026301725	1.8826712678657962	0.25226945812805035	0.27675698540010124	0.29143803515733374	0.27331789255466116	0.10907810649016968	0.07106987401098985	0.26605267787034054	0.1028428014282327	0.22878069066200182	0.42469758928034473	0.33757708370603823	0.37505485162486174	0.4891245286862029	0.4044178976418267	0.6889977953724044	0.4608582600866163	0.44520498598471053	0.9703004527677735	0.3826649985998392	0.4450096237876578	1.0923743465672129	0.3904468927326155	0.44946813400211905	1.1038210144724874	0.4412657262944418	0.5346872106422704	1.1040650838649513	0.09014617632647386	0.3351596189598204	0.3698187901143029	0.0027308880786896593	0.42087386409054206	0.6699971413346446	0.05545833999432019	0.377844080078992	0.9308872699225553	0.12568212157745537	0.38362562340783674	1.0422554371582153	0.0936006534617295	0.39437492305386157	1.060009089543974	0.05847172121531058	0.41496979766426795	1.0597570625588193
270	4.5	0.35291275175427567	0.46766129572101117	0.9650079659507966	0.3412528538171978	0.6940210534680964	1.4206114134349825	0.32313756607288435	0.8833778081329242	1.81827065648322	0.341276776526954	0.6969824751948159	1.8868754397857472	0.3969077089878867	0.7500548564366538	1.8898211534641554	0.2933591547448516	0.9608154845322127	1.8713849744589788	0.1438909506128278	0.4600951368496502	0.9514289819496817	0.10693189192058673	0.654137534412611	1.4061022187411654	0.05539944098288279	0.8736069913380479	1.8127028354440355	0.07747413762536202	0.70246821244398	1.8843485217206293	-0.0026017591478303534	0.7374595324512325	1.8745729895750163	0.059219297190152224	0.9648554645183143	1.8827300449057387	0.25219821231152145	0.27675793492716744	0.2915279402086314	0.273232934628379	0.10909407526497118	0.0710483895570143	0.26393849712605594	0.09274364858676601	0.23137743148394752	0.4245836026980957	0.337753977197069	0.3750641042711892	0.4849065667010076	0.4035184827544243	0.6891919658338864	0.4612578727492323	0.4441475069169886	0.9666633045004367	0.3853096030990573	0.4569749125272126	1.0929260084216912	0.38589283350700787	0.46222941663689704	1.1050663204336342	0.4412492792807141	0.5346744563125577	1.103928300266511	0.0900914103153944	0.3352347052909073	0.3698938530027322	-0.0010594516898874494	0.41900425972836564	0.6704905722800342	0.055367171760825055	0.37780101365900565	0.9308393182709896	0.12543847020074256	0.3838628942984765	1.0421704095642348	0.09317806344840669	0.3945777150660582	1.060039388525283	0.05487236497693779	0.41363243060979815	1.0597250892819994
271	4.516666666666667	0.35282043708267585	0.46765293449393336	0.9649114300106475	0.34114261666153933	0.6941695627806532	1.4208021142392595	0.32298477768508205	0.8830735325118326	1.8180509044947242	0.34068786125465317	0.6981704163696758	1.8835445534838846	0.3957477418924754	0.7469846499654185	1.884904654919305	0.2922780941104065	0.9572106628898046	1.8662294090537714	0.13757790772361242	0.47393597408386245	0.9552446259685949	0.10683193753353115	0.6541925780084561	1.4061255969609492	0.05428494111808556	0.8758366499037586	1.8175818921128066	0.07761897812846812	0.7024943226302884	1.8843127089627663	0.0037089557037140136	0.7402703741466854	1.8782081547057725	0.06128407270440077	0.9838782848660087	1.887695694898723	0.2522279456527224	0.2785648205248172	0.2946084186140404	0.26871680089946154	0.11892141617256158	0.06817390076710175	0.2639076642097213	0.09260471630198744	0.23139230715058626	0.4200444677722884	0.35033798949085904	0.37306128227872437	0.484869194812498	0.4035247994759311	0.6892161061749073	0.4613846986213258	0.4442598854855056	0.966693727995178	0.38487660244997984	0.45735786610472867	1.0894332969991605	0.3858123297845907	0.46216459637223223	1.1050915383640527	0.4410524921560018	0.5343206225636319	1.1037471620441202	0.09008394481982035	0.33522292104721874	0.36989820780714205	0.0022285537479337864	0.4211771096336837	0.6661528561135622	0.051236843765856015	0.37593253683272715	0.927448084781863	0.1253221375773654	0.38386557293249074	1.0419958553251165	0.08730777079804107	0.40654095470987334	1.0612196765974289	0.05473812779372845	0.4137970455938199	1.059661778357812
272	4.533333333333333	0.3532322393729149	0.4667846418554822	0.9614192602030796	0.3418733035060087	0.6972280182515236	1.4254866988967503	0.32203370730189007	0.8843823509688832	1.8227262463491685	0.34069070216591435	0.6968868546707544	1.8830492924053754	0.39573602907302846	0.7464100365892545	1.8845859335533321	0.2911044591495274	0.9587157204147891	1.8718648351731053	0.1379709539570454	0.47293765615775973	0.9519581645221302	0.10678761205686449	0.6541414541752364	1.4061367119759747	0.05315473072951571	0.8774808895515243	1.822171902436459	0.07769515236462556	0.7021445266164065	1.8844093122657917	0.003690187991568166	0.740271687901209	1.8782367473713957	0.061285695289694464	0.9841390873120852	1.8877479041261633	0.25209577447424597	0.2785879485524486	0.2946929531662881	0.2682949427980876	0.11857724194787264	0.06504803086924142	0.2637507167111638	0.09219696334402652	0.23143592178931796	0.4199242057466502	0.35068132824026027	0.37304019736580607	0.48482541238519605	0.40332092852086737	0.6891235788979949	0.4609000628337964	0.4453513040000933	0.9703169787807293	0.38586859582143623	0.45548446766629064	1.0892643733205987	0.39043438481227705	0.44934685338528313	1.1036777985737205	0.4411644241643933	0.53399602933175	1.103814419826013	0.08461143087036803	0.346419003508104	0.36815841064330185	0.0024595308347452874	0.4210664309774542	0.6699243582780484	0.05110435792134729	0.3759274444205476	0.9275452686165732	0.12536139705556237	0.38338085140572403	1.0419665923056032	0.0926747589898638	0.3947274824945735	1.0601575930564024	0.05456616913270748	0.41381215836380447	1.0598787470326447
273	4.55	0.35320183229379304	0.4667961314556753	0.9613156688915292	0.34194940881142794	0.6971114502805192	1.4254416818922562	0.3231825942737562	0.8887163762900684	1.8287597033453138	0.3376095135434828	0.6840507916798236	1.8796154918311734	0.3968410150001995	0.7505681255560273	1.8902198812993123	0.2934049078400764	0.9660294065981473	1.8825044566688929	0.13795569674762775	0.4728790382800841	0.9518480973072618	0.09677215341989212	0.6662991587848073	1.4087519968157043	0.05435348616144624	0.8758295561071017	1.8176724645440259	0.07737778689497689	0.7028289174339056	1.8843504429755518	0.003663420309840818	0.7403024551855032	1.8781945442305046	0.06138938416556475	0.9840693046984036	1.8878700040021037	0.25203300948198337	0.2786288579353296	0.29463268402125187	0.26845906605373304	0.11898825879848231	0.06823989873269512	0.2636661816608693	0.0922083350669062	0.231392714517892	0.412770517328076	0.3526060713554438	0.3731136008444469	0.48473651729990913	0.4032979348765364	0.6890666809913174	0.4612508009227089	0.44415654714275077	0.9666810659096915	0.3858502217864547	0.4554292802518183	1.0893170087050124	0.3903916515333467	0.449347101456992	1.1037113238570333	0.4410786858443887	0.5340326080104693	1.1037370380297669	0.09003025141074082	0.3352213588913494	0.36985288021241935	0.00277198916026911	0.4202650401853293	0.6663194058424163	0.05103725427996032	0.37602242565579375	0.9275225303752291	0.12537739208775073	0.3838426186184642	1.0419227121481054	0.08723660080281677	0.4066368806601906	1.0612378102261915	0.05453866563418057	0.4139389051359599	1.05982290019449
274	4.566666666666666	0.3532535880271208	0.4667699896145093	0.9613490253819752	0.3419763852742374	0.6971950387037337	1.4253688518953267	0.3232082253087554	0.8889432043973867	1.828806474308486	0.3407009959087305	0.6982746601868934	1.8836982429801232	0.396891859915264	0.7505836216011547	1.8901790232959472	0.29342246300835867	0.9661372346762316	1.8823678795602985	0.13787708261678183	0.4731041888046316	0.9518932575225041	0.09677249251147065	0.6663580888961952	1.4087898013416258	0.054470049593678405	0.8936012927726438	1.8265257544812927	0.07744136226342693	0.7026104306514657	1.884440214479724	0.0036838421314935605	0.7402867086818142	1.8782193960601143	0.061480508220230344	0.9844394529809967	1.8879436814667523	0.2518234577932107	0.2767356184635342	0.29143399066810044	0.26841653692635303	0.11900475202641249	0.06816679394144406	0.2599650818292474	0.09093107320819191	0.23171328220821164	0.41270089824446415	0.3520433406328695	0.3698445512010421	0.48500783403397685	0.4023383372696374	0.6855025401974373	0.4613476715738866	0.4438276805268559	0.9665412039567132	0.38542230579861375	0.4560454190514421	1.085728640167183	0.3903371033013992	0.4495683643408879	1.1036693648154283	0.43638496817860895	0.533860351720212	1.103895762290385	0.08456847412033988	0.3464361152601933	0.3680855580460833	-0.0013144355544669221	0.4190302428808187	0.6702704737007411	0.046953857656444345	0.3713461524036559	0.9238235931428413	0.12403412052009953	0.37075154240051195	1.0412217116481846	0.08688790349766025	0.406160755012068	1.061152204147092	0.050876847508165624	0.4125413165908193	1.0599807578243103
275	4.583333333333333	0.35364981313957167	0.46559795988129565	0.9578091012016724	0.34114734076009773	0.6943268439773859	1.420895855435028	0.32209409215020385	0.8851550083623058	1.8231973892345656	0.3406967330461681	0.6979437946908166	1.8834917460099627	0.3968653467361242	0.7502526404962414	1.8898987238069496	0.29223724245842153	0.9626221931064693	1.8770271276287662	0.13774453925889502	0.47296375264295454	0.9517615661310997	0.10303896468514546	0.6518294877788585	1.405982973251505	0.05442056888603214	0.8935552741746292	1.8265781968895165	0.07768823569213132	0.7025663030319456	1.88449463342706	0.003646399801272993	0.7402046448204054	1.878329142385704	0.06136968999276346	0.9843918423876846	1.887956690867532	0.25173195974187906	0.27682554864137643	0.29143720698883724	0.2637340922407973	0.12919728572668857	0.06521866024028782	0.2553330056430492	0.10092634209448632	0.22936390862207287	0.41259637898009477	0.35220637309421465	0.3699248037675229	0.4849417825430264	0.40208245331152814	0.6855164540981863	0.461403228404684	0.4436373699344347	0.9665058102074324	0.38151772315429877	0.4552154827662345	1.085996266710402	0.38580746035239005	0.4621542817053891	1.1051050530568305	0.4365560017733332	0.5336362258616032	1.103981410434988	0.08080555736204491	0.3448380142807479	0.3686389574237592	-0.0014234108435866154	0.41908935642047324	0.670491588870753	0.047210333345201715	0.37370073928953923	0.9278449028404326	0.11877958574903705	0.3826399467573315	1.0421780247414059	0.08632117070988843	0.40707355755234553	1.0614657137407317	0.04852469485781433	0.42515741626345077	1.0608647732416414
276	4.6	0.35321783935322165	0.4666066196872153	0.9613552751682003	0.34207941256373364	0.6970467838817349	1.4252777965701904	0.31724823956594006	0.9013866459352119	1.8237866197813883	0.34157178069528904	0.6957907452926702	1.8865167475636075	0.3965203068016797	0.7453401240537926	1.88830635114693	0.28946405030945066	0.9577910081018547	1.8704491152100893	0.1317773485988341	0.45898078699687533	0.9520027542006253	0.10307536165095349	0.6517039553988722	1.4061044024206846	0.05358934882593202	0.8817085378806578	1.8278008727581205	0.08239378759026383	0.6850826804688833	1.877798727445007	0.003706143240345992	0.7399026050942448	1.8782422059419934	0.062112088480975346	0.9882611290185641	1.8942974031099256	0.25172375619122966	0.27682711716579705	0.2914073787828695	0.2683074830274735	0.11888163642531523	0.06841514361079792	0.2532650547030221	0.09083518201008593	0.23188370034791994	0.4129393546868952	0.3545451151451509	0.37642404325601014	0.484446772436063	0.40277006304840407	0.6891060735216439	0.4608726136479014	0.443651579779711	0.9627590507339427	0.3815739099805517	0.4552509404788865	1.0856226573048018	0.39035392927283763	0.44940556055025355	1.1035261892875523	0.43630123662962145	0.5330288658954522	1.1035369362356866	0.08077384879034645	0.34466420726995567	0.3686483033743538	-0.007386327371393482	0.431804466271544	0.6773807097744863	0.047237063334218024	0.3709180942641612	0.9275565532287529	0.12441525382695996	0.36981448083093205	1.0382165996921568	0.08591449612863919	0.4044758154414341	1.0572433324883614	0.05076937954178311	0.41253474100596543	1.059958017049683
277	4.616666666666666	0.3532011010712841	0.46663047928134893	0.9612878599280853	0.3419887950471785	0.6970703122073618	1.4253737707776726	0.3231680959655616	0.888718845867981	1.8286433666599027	0.3417272936818251	0.6962767364255862	1.8868474359749958	0.3976231953634124	0.7487895514810181	1.8936093372273308	0.29450327434284296	0.9648366542219469	1.876662231375085	0.13332850309953606	0.47201464388063774	0.9520756350930396	0.10298808082964786	0.6517616905790298	1.4060913856900628	0.05173886524852626	0.8797067916049363	1.8273814617129436	0.08236873451880325	0.6840008697832918	1.8775590842946142	0.0024847067473212987	0.7415663536758665	1.88210873589282	0.05483693117092182	1.0057993819322728	1.8997124039415467	0.25183665488537404	0.2786659741542554	0.29461721108556066	0.2637584578744148	0.12905531440810739	0.06532406251569126	0.2531125190177316	0.09004270000386234	0.2290425203462797	0.4129041692907384	0.3539700658996928	0.37322500381783286	0.4845201204586154	0.4026373930425017	0.6891158805673561	0.46086707374555624	0.44368187290356575	0.9627598214754576	0.38160135409799545	0.4554902946488722	1.0856249314286923	0.3903621965949644	0.4496190328828325	1.103511584530429	0.43633840772286353	0.5332407694782616	1.1036923515837727	0.08073612046402188	0.3447051567968441	0.3686832492352986	-0.0014854679961950634	0.41996970695077995	0.6779175786079261	0.04720037318520985	0.37110812472059374	0.9276013554346425	0.11928176886970554	0.38178700936056104	1.0392585309920845	0.08578170357416773	0.4047254890947732	1.0572757760819727	0.04497107264740459	0.4240413370181168	1.0608653217955726
278	4.633333333333334	0.3531586497428591	0.46673024607514735	0.9614239482054531	0.34198545976014477	0.697135488798162	1.4253973224569632	0.32225645286951143	0.8850082928035051	1.8231943919594094	0.34175008392975664	0.6948932750513955	1.88624332361937	0.4016138134531899	0.7284069430196471	1.882527230396576	0.2883699952631206	0.9588576332562909	1.8767848267339768	0.12589044736528	0.47195072469493166	0.9526906923524511	0.10295395455022831	0.6517129561677086	1.4060620136917554	0.052944056153631465	0.8775856903706437	1.8224917283124578	0.07594669193167974	0.6998190263634968	1.8829309613034941	0.0035759945034984785	0.7401634787818253	1.8783059623615197	0.059866318188958684	0.9697946191645334	1.8891743112263304	0.25183191723723736	0.27866981035643384	0.29463128964262325	0.26346740185573864	0.12887042594097178	0.06212343520940027	0.25276028326038613	0.08980834795206329	0.22595878085060384	0.4128868960427595	0.3547340704313145	0.3763727001859529	0.48434864518253573	0.4026269572736232	0.6892020120621642	0.46072216077556843	0.4436367756688125	0.9627423357593008	0.38158189452510693	0.45557681729112504	1.0854755586712512	0.3857896437246854	0.4623140089759935	1.1047173239436454	0.4354678269664034	0.5316950593452833	1.1001631570380197	0.08066731361719004	0.3446697169776652	0.3687355788757728	-0.001536408618569137	0.41990701298376365	0.6779248418151373	0.047507111232991846	0.37344949895497365	0.9315494795416052	0.11931816027213937	0.381711065864971	1.0391923775892635	0.08591930146987913	0.40490792246496393	1.0573359701239695	0.05426792539913861	0.4138907167897665	1.0598901440038289
279	4.65	0.35313487961584533	0.4665737532123128	0.9614144447442216	0.34128280000736494	0.6943200584653044	1.4208561504702737	0.32221084816868656	0.8851063172624539	1.823127465552358	0.3420315695513289	0.6954913846620945	1.886559107767256	0.40177882147435784	0.7286875101438327	1.8826809337138515	0.29228603926319896	0.962517528080445	1.8776571141900258	0.13165505028282762	0.45901595123550354	0.9520861080446325	0.09668693362145933	0.6662407943748995	1.4088533538846948	0.05295562134463299	0.8782820451778418	1.8227665618470923	0.07908380446267342	0.7180531051882278	1.8890099861502403	0.0036075743955893682	0.7403535033168359	1.8783569846522734	0.05477407995845021	1.0062277803719784	1.8996451085074266	0.25170521321793643	0.27865855824521085	0.2946225490866088	0.26337143069036606	0.12897939629033053	0.06202959121159083	0.25268297065740597	0.08960602410805411	0.22599719048227362	0.41310485592041585	0.3566618610716662	0.3796813123253868	0.48426678017925023	0.40264570178595704	0.6892464672136297	0.4607341877887419	0.44354409384273324	0.96275375132847	0.3820311951676238	0.4543929608676264	1.0819381271433792	0.38579614810138085	0.4622954212318722	1.1046804464016096	0.4355401886306234	0.5312589316877029	1.1002975007525393	0.0806120126196895	0.3446054932532427	0.3688023376654374	-0.002784141487129208	0.40732170533506995	0.6789972482981884	0.047485315242375696	0.37351630486101595	0.9315335689709101	0.12097997455569055	0.3936556005056902	1.0367792534349025	0.08588150279137981	0.4054338131613126	1.0573836409267292	0.050853778798188136	0.4126265186944738	1.0599595551753949
280	4.666666666666667	0.3531375827955572	0.46650656668707674	0.9613288879812117	0.3418948031517537	0.6971420386660331	1.4253604146280852	0.32321789015256297	0.8889203430432188	1.828778572051339	0.34185633806747845	0.6957592954775872	1.886621383906471	0.3965443756932732	0.7454077420891831	1.888452652614524	0.289381827401	0.962702872336186	1.8821773479248534	0.13170582778637013	0.45874590091258655	0.9520958183781202	0.10293833492836987	0.6515873127041174	1.406067656434206	0.05290053939071662	0.8779184809690008	1.822608702664284	0.0790057009003218	0.7179983944144275	1.8888636037506448	0.0036329477556736323	0.7401787097908822	1.8782114003393808	0.05277856451399861	0.9869499220938346	1.8946856757248447	0.25170292280566664	0.278579653973491	0.29467015828559867	0.2586710372337241	0.13911656119424923	0.0588806416185678	0.25273593729592275	0.09003571073328039	0.22879451433025516	0.4128701074111544	0.35445882710027	0.376385406936164	0.48430747990676043	0.4027701697840373	0.6892611119031745	0.46062725727613124	0.44334970804315454	0.9627206995137104	0.3819506403689771	0.4542110570330259	1.0817606231478272	0.38625608610839707	0.46099413393892485	1.1012675493158888	0.4330520092989653	0.5173852887382349	1.0994827785942423	0.0805740874381285	0.34449525465259234	0.3688831705741947	-0.009079019111249063	0.41921955579309567	0.6745945725359042	0.04722286703908359	0.3709944405692015	0.9276073103453867	0.12498386704840135	0.36893667274355124	1.0352291898649517	0.08592542759363762	0.40511035856867933	1.057313657814756	0.050780103816736366	0.4125983830932468	1.0599375143162764
281	4.683333333333334	0.35310335615560395	0.4667237928682642	0.9612568657193984	0.34195512985119586	0.697142471106151	1.4253301525093462	0.31728963736451893	0.906704478367989	1.8342704013461022	0.342258428629986	0.6959054451499136	1.8868357492579242	0.3967516508560024	0.7453492969946539	1.8885105747986726	0.28922765041238513	0.9627276578757334	1.8824731623073863	0.1258094944191243	0.4717684823877207	0.9527199264747026	0.10292218097561272	0.6516565439450775	1.4061226739546218	0.05295609667206199	0.8776850613146226	1.8225156548250443	0.08534124604861744	0.7025866313887213	1.8836549804130047	0.0036736178376297756	0.7400669919452575	1.8782685559182193	0.05902716409190185	0.9658184798891606	1.883263011311585	0.2495109234515001	0.26593189777633663	0.29393401962519244	0.25674808216122835	0.12872745691739462	0.06219746136791658	0.25265619117270643	0.09024983006753225	0.22877083726712272	0.4128750393061453	0.35424481740448344	0.3764616490350749	0.4840558302754982	0.40236073164657843	0.6893286818046621	0.4605922926384337	0.4432776008749331	0.9627072143287909	0.38193931636495604	0.45428766214370875	1.0817087396971274	0.386229072563857	0.46112123320569465	1.1012631058017073	0.4355312276399337	0.5306966285233066	1.1000545959038786	0.080549727947539	0.3445114601015122	0.3690625130118537	-0.009424878573042368	0.41985798470543284	0.6780705936013008	0.04724928987740999	0.3710332384076743	0.9275753270121299	0.12038037881626255	0.3947986837283036	1.0397599929181485	0.08579290447644107	0.40523991021438394	1.0573663929336556	0.04494614095139462	0.42400401725099485	1.0608930070555795
282	4.7	0.35308920988789244	0.4665131980521648	0.9611812716469297	0.3411518239734571	0.6943785394272988	1.4209213835209764	0.3173971619657424	0.9064369260578975	1.8342001962719214	0.34211012866039214	0.696055596758263	1.8868352692826835	0.39669407081219554	0.7455202809110525	1.8885428785869167	0.2881857339987463	0.9590859170798044	1.8773203236379725	0.12594272376984011	0.47140105135816573	0.9527079448332566	0.09660998728071829	0.6662936997558653	1.4089023721694947	0.05283979597965437	0.8780728592475284	1.8226755083640895	0.07750471122397036	0.7024200443986659	1.8843171537735677	0.0036805014303307715	0.7400990491785748	1.8781770661048665	0.054832747283469895	1.0059221340816438	1.8997266875481222	0.24569618730860843	0.2645522615190403	0.2942502023355276	0.2567089062464846	0.1287913376211536	0.06220524580478567	0.2479379987371577	0.10012043243394463	0.22641619676305508	0.41281378904317284	0.35432823764292115	0.37647009362779027	0.48401268061741926	0.4020689467595106	0.6892859229226992	0.46013200961175715	0.444464088065545	0.9664049932171356	0.38133911038035617	0.45533679221286427	1.0855922376311529	0.38564038613445256	0.46219562270123815	1.104768078946157	0.4329415432055818	0.5180559048233256	1.0997531586314664	0.08048813086289631	0.3443478774902685	0.36896602846687443	-0.0030797380718246554	0.4070415086837542	0.6750716623608501	0.04722351859437818	0.3710850356486283	0.9276035095576557	0.1192151956685908	0.381795843044033	1.0391749783510393	0.08569557892495222	0.40547215496386474	1.0575017135412907	0.04491730478629571	0.42392585342537037	1.0609246459972888
283	4.716666666666667	0.35254751383145894	0.46411028502964474	0.9573763724225127	0.3411376851943267	0.6945496451986093	1.4210059265782595	0.31731026844804544	0.9067962776628384	1.8342646141278045	0.34617551884000075	0.699027808409827	1.8876190088871516	0.40191734550196606	0.7294247606377298	1.8833107742605775	0.2882303017835423	0.9586823541602932	1.8765547313299267	0.1251783226200904	0.4725729107243357	0.9559755425265622	0.09665103819606602	0.6662143870733666	1.40893807254929	0.055319339057374024	0.8922609521157244	1.8219604865943893	0.07744079909009079	0.7030171295675094	1.8844031114043507	0.0035400968659246345	0.740184746222983	1.8782428294988505	0.05398576298584279	1.002133801291625	1.8934061026193791	0.24563288794119173	0.2645838578918389	0.29427343399111344	0.25219367656232233	0.13915837569920336	0.05928524758449443	0.2525796517012525	0.0902545472496348	0.22870703360574976	0.4082921155794517	0.3508332770503539	0.36998141349858576	0.47979650952519404	0.4013329256910706	0.6895511065738298	0.4604884665201166	0.4436572843117055	0.9626912477315142	0.38147065668553876	0.4556152395516687	1.0855802852810548	0.3888219123536712	0.4732389063468037	1.1020369475453766	0.4354845619314146	0.531557867370461	1.1002518993302077	0.08044124373238751	0.34439166244482317	0.3689882732719192	-0.009040817261359533	0.41864442673007024	0.6745359959124434	0.04720917594100784	0.37113339061772593	0.9276958216660649	0.11911336470190931	0.3818536404011418	1.0392775291440817	0.08548445634071114	0.40529572734249475	1.0575173778881135	0.04489474926565009	0.42392602747828306	1.0610036268658443
284	4.733333333333333	0.3524953233688826	0.46420898197956867	0.957389212773787	0.341061271245073	0.6944911534985669	1.4209717394502879	0.3230820376420679	0.8888667713961259	1.8286740707775615	0.342381079239392	0.6963448733716741	1.8870767273814617	0.40588033439266763	0.746446469957105	1.8920185802897196	0.2890967128816586	0.9472427190204564	1.873290570207654	0.12513103555547206	0.47262684059209004	0.9559754086338513	0.09659422083606373	0.6663836113297985	1.4090167849713775	0.05278981591500092	0.8780069627977684	1.822523595332827	0.07751017830774813	0.7023466266617862	1.8844706144166739	0.0036245605548513755	0.7401136798370188	1.8782471553124902	0.05400087457622209	1.0018634122138477	1.8935141641691173	0.24556687075549627	0.2645361636486413	0.2941953466577832	0.251994078657913	0.13932947793990494	0.05925008501233486	0.24794184722285104	0.10012534660191642	0.22639357211716357	0.4081933139735128	0.3510744976713928	0.36996034234546843	0.47924088397059295	0.40208799330365363	0.689613883610933	0.4600102474072347	0.444971225030904	0.9663995042648189	0.38148218838022774	0.45563594202721763	1.0855117289777825	0.38627915500040544	0.46134681998245847	1.1012901265302557	0.4355292266272543	0.5314714635292864	1.1005483481531664	0.08039608105637727	0.3443825393368628	0.3690152879845559	-0.009044803179327727	0.4186288157341286	0.6745654110804079	0.04723988932457711	0.3711844743627471	0.9276805816578959	0.11925226534568423	0.38141092403852606	1.0392676290389062	0.08572612300179827	0.40747912200429465	1.061689725618411	0.04478795907171102	0.4239991553095491	1.0611538871154798
285	4.75	0.3524958123797994	0.46420172061892623	0.957347208986236	0.34101836942754704	0.6946844672607705	1.4211532644040392	0.3172096852743628	0.9068472599419719	1.8342872954156186	0.34261521413198104	0.696874137601139	1.887380762682276	0.40203493161362397	0.7293684976552383	1.883288468444711	0.28908463869386264	0.9475425582724347	1.8734518735921109	0.12511087683698846	0.4723789170435635	0.9559423165437089	0.09656481234364517	0.6662585338867208	1.4089787189477097	0.05286730927567125	0.8782236038089117	1.8226552870645194	0.07740555936217329	0.7023390076527057	1.8844308435351151	0.003633049990493066	0.7401533930523816	1.8782455222057708	0.05493484759683306	1.0055109896175747	1.8996261402854326	0.24550840715486866	0.26456259156331025	0.2941712614421846	0.25191966565565255	0.1392140566952424	0.05914397885466306	0.25265770680444455	0.09024586532808365	0.2286650753411634	0.4040379550157697	0.3638154090525655	0.3716012356865956	0.4751120200231243	0.40032067520874026	0.6863523478061884	0.46039468230762004	0.44378193616125494	0.9627214019112277	0.3814399638811462	0.4555685589134784	1.0855735823982025	0.385762511563413	0.46231048978423417	1.1046497403010933	0.43560663526334864	0.531205014766294	1.1005108653936735	0.08035034477733342	0.34431095168274434	0.36895346765835935	-0.008734293534104076	0.4184315300204006	0.6784438580741309	0.046934394638798047	0.3745469544835942	0.9354537101790261	0.11924298180047473	0.3816636583801319	1.039415974682069	0.08172290176305362	0.4069320647759857	1.0620729680254875	0.044770047446166264	0.42409331612900364	1.0612049956729233
286	4.766666666666667	0.3517915703828553	0.46538725907785927	0.956797918634877	0.3410165682507026	0.6945841326226453	1.4211211523684735	0.32312059214913147	0.8889817201275056	1.8288360601042515	0.3426925823310642	0.6978525635068373	1.8878524052595225	0.40306057154485003	0.7328847822498855	1.888383043317455	0.29024248258851926	0.9508504299644294	1.8785640538220152	0.13100758143640753	0.4592299826754808	0.9551124247282096	0.09650663178377351	0.6664358924165852	1.4089834697763735	0.05282309858321853	0.878179414442215	1.8225825619428375	0.07753855986318077	0.7022518219197846	1.8844634991224734	0.003610390058753185	0.7401581369996599	1.8782400987593786	0.054036888127654295	1.0015452985870212	1.8935407853350965	0.2406379659824467	0.27552724421732044	0.29202293918905914	0.24804006334002796	0.1389444705690174	0.05942938736926359	0.24795002672540425	0.10030581258471674	0.22634997987535613	0.40361086103450466	0.3641066807061091	0.3680525228807862	0.47089193066343354	0.3993447609653439	0.6864938258541077	0.46031590225792735	0.4440846223688718	0.9627985065416518	0.3813963375458703	0.45534212608874153	1.0856482848765816	0.3856900991288102	0.46216721668899846	1.1045776823537523	0.43552520307578746	0.5310055865447331	1.1003492246187851	0.08039280587697778	0.34419002543856625	0.3689248686122903	-0.003134725944999186	0.40681969867103396	0.6751903794177556	0.04689548382518864	0.37461356311951666	0.9356405090807889	0.11906095523042493	0.3816632350780863	1.0396243185135032	0.07562736481859864	0.4185819873946289	1.063387039483069	0.041107571122975924	0.4227337063804989	1.061420542061164
287	4.783333333333333	0.3525195227912895	0.46426055441496816	0.9572685036810809	0.3410022658690413	0.694645257756142	1.4210990725290085	0.32348922852209744	0.8877036059907374	1.8324758517949116	0.34225167591674976	0.6967986014652477	1.8872431921918802	0.3966540725085776	0.7460362538056601	1.8888826476493794	0.2851588560745378	0.943385623744122	1.872883823426652	0.1309100654921403	0.45905811699480714	0.9550955078037542	0.09646360872350306	0.666461494807661	1.4090062345616507	0.05282500991583146	0.8781906277217659	1.8226155588835113	0.0773655489434671	0.7029068304873548	1.884514076386891	0.003556517108613389	0.7403938476456353	1.878259992254632	0.06202521931312389	0.9878119390701268	1.894093737383578	0.24051643058848585	0.2755554668005608	0.2919063471841629	0.24341713045767605	0.1490320598727411	0.05650259461135507	0.2478195809947931	0.10024638050777224	0.22630448305861758	0.40353136910572746	0.3635162140213894	0.3646267929667501	0.46392923033669253	0.38683225763961804	0.6910390162685588	0.4603711162468707	0.443978215475517	0.9627633810996614	0.3813556013961211	0.45553308554973676	1.0858254383170305	0.38564123753574187	0.4624644325956873	1.1046977677995813	0.43538384085892734	0.5315839101226202	1.100397996526397	0.0803242199306768	0.34427174957211515	0.36889883955502134	-0.0027795191599911786	0.4067902097749714	0.6789946261876934	0.04745828900585206	0.37669267953470187	0.9432312300163582	0.11379491072446751	0.3937104654246928	1.0408323500963494	0.07534951471503291	0.41840501052766194	1.066615932404422	0.04102583177374918	0.4228484838653987	1.0614411824623409
288	4.8	0.3521026347239656	0.4652376021218509	0.9606598629667122	0.34095081703187885	0.6941406371423903	1.4207641333723342	0.3171148238423677	0.907553906177713	1.8344612615953249	0.34186212085854517	0.6965873577570967	1.8870198218809147	0.39222088956951323	0.7667113732591413	1.899773710658452	0.2932089849073135	0.9614707528272407	1.872159560528435	0.12668374922006526	0.45822922851238784	0.9552909706661368	0.09648599840731276	0.6662890796742866	1.4089603000394728	0.05276731993527305	0.87807282288709	1.8224672834978164	0.07762257336382161	0.7026327293258015	1.884487718385185	0.002609123604327793	0.7245486987719933	1.8738029893048527	0.06114737815308425	0.984088237603733	1.8880122787979756	0.24054495145187946	0.27544356141277937	0.2918574751827068	0.247976446829024	0.13879834030081917	0.05940105181107208	0.24784789731376264	0.10013324469771795	0.226292316990368	0.4038889200673723	0.3642605536057941	0.37152145313312834	0.46388711310824876	0.3869111857962699	0.691034122920692	0.4608759015991788	0.443636095214766	0.966519063968842	0.38145933463487197	0.4558384686528886	1.0856934600368955	0.38827491183134266	0.4744373707356988	1.105355057961036	0.4354445281767391	0.5318870097006191	1.1005664099729329	0.0803028210949511	0.34424299998350827	0.36891047843657504	-0.002724836008593314	0.4059582979488338	0.6717794253750723	0.04739068909208483	0.3770633153521705	0.9433670801350313	0.11306912302399294	0.3803314467480429	1.0402801636413417	0.07935717023457343	0.41926602075650166	1.0665797182549168	0.04128331955480498	0.42508701828499873	1.0657111158221573
289	4.816666666666666	0.34726973204873335	0.4789627603692266	0.9613860163751957	0.34084120139039187	0.6944855675199746	1.4209514640820335	0.31704238226615494	0.9071189435563211	1.834345943326066	0.34164758785972443	0.6959449777527417	1.8867184529108059	0.39733086839010195	0.7497354698948957	1.8939629288336104	0.2921285214118227	0.9630058678336804	1.8778745048321046	0.12014983825022718	0.47208857568809887	0.9592509490037614	0.0964241179526744	0.6665360722695366	1.409038615164938	0.052782321681704526	0.8780704612211238	1.82245802156042	0.0709437808054192	0.7185021158359608	1.8897764182289305	-0.0026168902888918768	0.737308711523652	1.8746199405969026	0.06120564237438311	0.9841070254879137	1.887960584147192	0.24043919600678976	0.27546414306056183	0.2918064966095994	0.24797994263084705	0.13869964866418008	0.059325567128125214	0.25260634705658636	0.09022341446628813	0.22859277853167603	0.4037719511356861	0.3645149592451005	0.3715044972617354	0.466728821569812	0.39842112061753027	0.6901141318640047	0.460522598154305	0.44394937091647035	0.9627386951996619	0.3814714216524242	0.4557722583686388	1.085575224864976	0.3856811284634399	0.46244224104471937	1.1045126721760135	0.4352197900267921	0.5316122301854471	1.1000442177602694	0.08025523181134663	0.3442590846183685	0.36887711095416714	-0.002318350271265057	0.40575659125619135	0.6755578957495533	0.041548423582381394	0.38871763711293006	0.9441487281097803	0.10709870074791916	0.3929625381870253	1.0440005223593196	0.07359596540552096	0.40626267593167653	1.0663321527774146	0.04108881931725944	0.4253215331729298	1.0657973844972477
290	4.833333333333333	0.34721526688027676	0.4788049240056061	0.9612602418791134	0.3407941150466847	0.6946466985911108	1.4209709313209835	0.3168934923403462	0.9073499570815658	1.8343231285877364	0.34109727884132757	0.6952097184796411	1.8861606056624576	0.396706990348418	0.7502912167864569	1.8899281177588014	0.2931934105367346	0.9613770697861004	1.8716242472043052	0.12073029949759215	0.47074371745488947	0.9559825604299724	0.09636885567139193	0.6664701227597981	1.4090304925335932	0.052796898678529026	0.8779062555581804	1.8224405586902912	0.07119520396255974	0.718048173147347	1.8899237106374274	0.002643419126624411	0.7245313015566687	1.8738457956404757	0.05401729318099399	1.0017195309209919	1.8933550143421745	0.24038900739786698	0.2755765131787611	0.2917999312399403	0.2432678243049774	0.14905514815851412	0.05636661556834339	0.24771632816219605	0.09981701310770508	0.2232464141310523	0.40366591841757227	0.3638273104412002	0.3680432887762046	0.4667743940300997	0.39767573948684476	0.6866540852892082	0.46042291901179655	0.44385964420189283	0.9626718302126672	0.38106370235706327	0.4557632923827014	1.0820773890394164	0.3856191917049978	0.46222056171837167	1.1045418758812422	0.4309715782716442	0.5450480923828819	1.1014712307370473	0.08027815358205259	0.344226932760355	0.3688302580439056	-0.0018394458549101773	0.40448907585882937	0.672362071544085	0.040924857251959296	0.38959880581931583	0.9478526674112107	0.10614786400213422	0.39365145752084507	1.0468375021415877	0.07247427696631112	0.40722774043599	1.0699663570726603	0.03722082551124956	0.42379664630340147	1.0661262881214875
291	4.85	0.34711505441494994	0.47917385722190464	0.9613325129798557	0.340875332205903	0.6946529033259179	1.4209785463540274	0.3165687316627419	0.9025356722334987	1.832739577547424	0.34128778911927243	0.6957383006815893	1.8864108756843738	0.4003471433382093	0.7635074424873535	1.897724092677168	0.2921312297835042	0.9627818061539888	1.877638768900357	0.11584239860262967	0.4713136775946306	0.9596942262540199	0.09638767918021945	0.6663722518411461	1.4091105096591154	0.05278413276794798	0.8779774592935714	1.8225113233743995	0.0777220691914374	0.7025607154544615	1.8846131604091179	0.0026888252477864543	0.7244888221817114	1.8738981635182892	0.054018359219424224	1.0019587889617603	1.8933844672623752	0.24034176147552966	0.2756036601983776	0.2917719727410348	0.24324525196209398	0.14903490303046887	0.05636487710410793	0.25244728499889046	0.08987036392847789	0.225588115434196	0.4036204612907628	0.36450244663027376	0.37141477452883814	0.4598991174270682	0.3988561821586445	0.6869773729672466	0.46038589308597994	0.4438297789572461	0.9626224589551714	0.38050305666293377	0.45669612906875956	1.0856974853223686	0.38561217165606326	0.4622328333725707	1.1046878987687676	0.4281937621066947	0.5324953464069522	1.1010158962106582	0.08022903319071974	0.3442352101418605	0.3689121966058406	-0.0022684905789272483	0.405779344213108	0.6758228340795626	0.040340699018431736	0.3909038634029701	0.9514812787457887	0.10023747425460461	0.4066549274819409	1.0486601167751428	0.07161415381275399	0.40759839463652964	1.0705986925834174	0.0315785203772587	0.43583787651688766	1.0707467673979274
292	4.866666666666666	0.3422302307985536	0.4929948913718259	0.96224807352375	0.34088712347216005	0.6945496578218826	1.4209782751595816	0.3163466376520663	0.9023844039860247	1.8325088937512186	0.3416485016208635	0.6967244535856825	1.8869333907032315	0.3993904426529754	0.7605731667811502	1.8928830156489103	0.288063009213229	0.9591772154739315	1.87688592108117	0.1097926314514195	0.48417736695338637	0.9605184392404011	0.09634320372995255	0.6663945545309321	1.409080128777218	0.05279220505728352	0.878152016403076	1.8225795715580533	0.07773108904482962	0.7027376176677382	1.8846232871229238	0.002650877652798074	0.7245207463354352	1.8738989342892376	0.06123090530941368	0.9846120431075985	1.8880104941619813	0.24033748358465068	0.2755807453042603	0.291786111087193	0.24320833409732848	0.14912184550265334	0.05636873401583412	0.25245429739590175	0.08977281550130858	0.22560468823818133	0.4036090481952008	0.36458530701886577	0.3714745782497987	0.45988218905312994	0.3988207949109915	0.6870102139748547	0.4603060140251601	0.44367625451557674	0.9625842353193798	0.38125549177224444	0.4551633760444236	1.0857943565867856	0.3817377678307835	0.46170804458320996	1.105020831352582	0.43066205294649423	0.5456471330108321	1.1016591669065923	0.08019722163032166	0.34420240053345796	0.3689325759702303	-0.0022900061316235487	0.405777253219525	0.6756592002836944	0.04051827945146647	0.39367131242558756	0.9553893898615649	0.08929511179193476	0.41988288130613627	1.0531524512311992	0.06806212342806083	0.4067085217506572	1.070671004867782	0.031030777618850026	0.43606236595561176	1.0709322289703458
293	4.883333333333334	0.34233601085487325	0.49305005159779447	0.962260973622665	0.3408679930047751	0.6945250439815813	1.4208222335271898	0.3163544285105386	0.9026413374948463	1.832646343172813	0.3414461790524782	0.695614449479301	1.8864285037887796	0.39634451619048144	0.7459197888572936	1.8885890553510172	0.28896430477952023	0.9475574787038837	1.873365462938688	0.11622872619608186	0.47061347351234734	0.9566230513779771	0.09634974942799428	0.6664464917808425	1.4090109495096408	0.05275941009565576	0.8779756527081392	1.8224451540300863	0.07121355475415883	0.7180332042662511	1.889944232999469	0.0035306620953437892	0.7403925862802048	1.8784264189053026	0.06127763875758217	0.9843510666274501	1.8878811051780817	0.24032866117267374	0.2756212719203214	0.29183318655099383	0.24315119612798694	0.14928399452696856	0.056370925128662985	0.2524616900031588	0.08975475925947296	0.225579019638365	0.3988595602684114	0.37699186067048246	0.36600685288017926	0.45965688326873483	0.3999571763090495	0.6902556888470504	0.4602273878707926	0.4437142811053686	0.9625828008847889	0.3813041732359044	0.4550858494042728	1.0857784667296353	0.38173224375644277	0.46165332290149064	1.1050618960266618	0.42783806909775485	0.5328149685018697	1.1009182225430392	0.08019296626031028	0.3441833321993309	0.368936478956974	-0.0022227984729841733	0.40584722040706583	0.675686510742071	0.040450826519995334	0.393807254502659	0.9555314483488404	0.08770513334294668	0.4069497836734279	1.0568724939092349	0.0645494570671279	0.40530480010025255	1.0710080454482516	0.024195634089135165	0.4488575371411903	1.0687275234059797
294	4.9	0.34226895846184113	0.4929010854331598	0.9620457907081127	0.34072417524761583	0.6944911624791287	1.4208106122667081	0.3164381810311037	0.9019535288673106	1.8323883455964756	0.3413061850040999	0.6967311011313354	1.886797447339945	0.39624709004591113	0.7463257853108642	1.8887293276136097	0.29104496819020687	0.9590546465922051	1.8724979047775268	0.11208204303647071	0.46936742511923313	0.9567997759512824	0.0963058727366874	0.666466849660439	1.4090721503425652	0.05275015387509405	0.8781977554894763	1.822626386657875	0.07106366401979967	0.718238990477575	1.8899608980494507	-0.002824596215979883	0.7548632004171956	1.8833583245306813	0.06143150646386696	0.9843819746155813	1.8880968661865212	0.24028486945867075	0.2756725318482442	0.29180836199194804	0.24306767329856396	0.14879338481925566	0.05371454676026896	0.2524486829738851	0.0897649645071975	0.22555745597859422	0.39876194612525945	0.3770685351042827	0.36601928570634323	0.4594776049690266	0.4000017726696674	0.6902822275114433	0.4597739292479556	0.4441417570028433	0.9588415169404256	0.38077202677173233	0.4562076544127761	1.0895303676786798	0.3817287056460747	0.4616780746451688	1.105112213542141	0.42794243485983546	0.5329274502069045	1.1011019349726379	0.080143946488657	0.34420732112351854	0.36890315352673364	-0.002220834917327988	0.40567558025493244	0.6753211009553918	0.04037219031963593	0.3939652075220802	0.9556814589132583	0.08664568765156123	0.40766661724590986	1.057415566468083	0.06429609204488475	0.40563905515798454	1.0713334728270159	0.02270763652892381	0.4364422891595719	1.068193805055098
295	4.916666666666667	0.34267202510385164	0.4954960765750884	0.9658304797517403	0.3406242116114018	0.6944224361064717	1.4207277906238562	0.31666233821428996	0.9024950476647142	1.8328517444715247	0.3411356386696338	0.6968691079696017	1.8868136487407277	0.3966982598699853	0.750830608431176	1.8901634559731137	0.2921646854929199	0.9626745689869204	1.8779302001022604	0.10651110974490013	0.484724052530989	0.9616866300461708	0.09630004637947445	0.6664601449686743	1.4090322715010148	0.053944877418196764	0.876212076370183	1.8177475737739162	0.06998412365896205	0.7198933576239538	1.8942420719267687	-0.002899752967993452	0.7550223855741879	1.8834182636238885	0.06133029541113723	0.9839653110945825	1.8879694192426133	0.24030200920303724	0.2754790915879013	0.29189902520477073	0.24334842701475348	0.14903843126769176	0.0563575037701888	0.2524547546204806	0.08975360099070916	0.2255699527953582	0.39884689364740794	0.37695981533653794	0.3661132608776118	0.4595527882776031	0.4000926526361415	0.690329264504614	0.4567966863049088	0.4321045946908205	0.958627258669973	0.37805483105259013	0.4440104406941175	1.0887735665108178	0.38171573812919685	0.4613557351135638	1.1050542330234663	0.42751224988653413	0.5325819705293632	1.1008345577900527	0.07869385107439629	0.33274155920220705	0.37109411892520794	-0.0024888298122834347	0.4063171006694604	0.6790014203718665	0.04025684006794803	0.3941237474893126	0.9557792714145197	0.08639264655623588	0.4105286504863948	1.0615507713184984	0.061224308317647	0.40436620060275835	1.0716648566439575	0.016581637835764364	0.44873384565842783	1.0693833573618592
296	4.933333333333334	0.3425708846474974	0.49191691101784146	0.9583887551577253	0.3407103611137797	0.6945498081420733	1.4208421965621225	0.3175514969910901	0.9064516509355005	1.8383412425799328	0.3413096519763552	0.6962851572169835	1.8866981396215323	0.3972677289598088	0.7497358288381157	1.8938938114058446	0.29207395701614985	0.9629232161754925	1.8779972379019978	0.10665189769895439	0.4810552802679404	0.9541609155545688	0.0925393204534973	0.664150710412968	1.409025651430891	0.05345312583088175	0.8819981700832886	1.827776851756875	0.0765250776628926	0.704135854616581	1.8888397284068896	0.003502629271403753	0.7405005811576937	1.8785336986288077	0.06217336737687808	0.9884306449238731	1.8941850710378942	0.2402740429022866	0.2755075867359033	0.2918871450921455	0.24327080894524986	0.14864047876334072	0.0538126881604008	0.2524141927816765	0.08983603931050861	0.2255226513829035	0.39874320178312	0.3771324322903254	0.3660990687809336	0.4591854995733758	0.4002664854153105	0.6866106115544705	0.45684891764731733	0.43206535313690986	0.9586734589925239	0.37806600907611104	0.4437295903366817	1.0888361201360037	0.38628716510709127	0.4484450006751767	1.1038658896420412	0.42787244078747205	0.5324338354070041	1.1010301276888579	0.0786567655021816	0.33276901894069444	0.3710593112782606	-0.0024800629617592173	0.40627801042540546	0.6791142459332553	0.039597707318619536	0.39519224834595623	0.9588959188408414	0.08631716827976901	0.4106893228225119	1.0615427770360322	0.061176012892166884	0.404414337216313	1.0716236603377696	0.016463112247876905	0.44906512454479086	1.069430933389494
297	4.95	0.3420845065801189	0.4923153965517615	0.9543708246475202	0.33662205723491007	0.6929328536939795	1.4207939702709989	0.31602599888970795	0.9039220160521545	1.8289988531287098	0.34153507574629116	0.6973017064212543	1.8871671840577688	0.39682472744746483	0.7513002548662012	1.890378015325411	0.288009560675032	0.9439441669277149	1.8686899950700988	0.1066092394419223	0.4811496059361536	0.9540461646459505	0.09252200926938099	0.6642478131592049	1.4089592987019446	0.0527991247175403	0.878267429772503	1.8225392295814444	0.0701623065645293	0.719062306410716	1.8940894067893574	-0.003783451663889487	0.7389714494734719	1.8788932700281076	0.06127986159421973	0.9845646374435377	1.8880747347764613	0.24024314947175515	0.2754825706731887	0.2918796581040078	0.2432484133113818	0.14859377594050885	0.05380389898238947	0.25248351793543555	0.08997267331312062	0.22548266001991948	0.39873225142792434	0.3771437408417187	0.3660474065379026	0.45912068124976657	0.4002638958411794	0.686638311453268	0.4525256732302085	0.4456999955965288	0.9594214006525701	0.3780363612412915	0.4439945136780332	1.0887831351928603	0.3855094927996236	0.4620986551783008	1.1048362782964347	0.4276521082928161	0.5327388779370283	1.1009590387135764	0.07861947943572227	0.33271511284571265	0.37101193984762326	-0.0025761139288576944	0.4063102797987742	0.6791356201566503	0.03375902338372811	0.4072652653863284	0.959521500571972	0.08648333444282924	0.4107268312097984	1.0614862370519	0.06116535987907381	0.4044372196786523	1.0716012132832051	0.01644671055958585	0.44917387711981915	1.0694869108380527
298	4.966666666666667	0.3421392783244324	0.49225862025389294	0.954253372633567	0.33660191368519105	0.6929297479494506	1.4207999313698387	0.3160231888885381	0.9042353912036257	1.82925963361678	0.3414563122727558	0.6955410293993928	1.8865540722747496	0.397293141740647	0.7497616914914781	1.8939885666516794	0.29211655622707844	0.9630238580329531	1.878023939610134	0.10668572052708596	0.48088971057208685	0.9540648107916521	0.09254724973312871	0.6641527302935765	1.4089867047869211	0.05595099380677497	0.8961257304522914	1.827262256958111	0.07015346651497534	0.719537222110895	1.89420681881706	-0.0029290223575946313	0.7549723223216586	1.8833971636097218	0.062258622207439475	0.9888914630627615	1.8941442960898813	0.23535973367504112	0.2866903215902499	0.28973100044773775	0.2432913839497629	0.14849568220259166	0.053848884747286885	0.25248144055457755	0.09001398427945588	0.22551323178845267	0.39872222020690384	0.37721934942099705	0.3660133219518795	0.4590837009821876	0.40044330961121244	0.6865097252333892	0.4525322246020911	0.4457400946459171	0.9594769052920878	0.37813882699871015	0.4439673113987574	1.088729627133571	0.39017153197333276	0.44941354527163685	1.103595899786451	0.42796623877739054	0.535580671076519	1.1045932027127456	0.07859888766904785	0.3327387489812462	0.37103462407280413	-0.002630593048661422	0.40606009942234234	0.6791088100562098	0.03377139467168316	0.4072003973405809	0.9595661592120232	0.0863273881490414	0.4077931712951097	1.0575138274234224	0.06121074483223814	0.40430707573567193	1.0716412511623954	0.02216937710485118	0.43737178939875093	1.071465587124477
299	4.983333333333333	0.3372054198649002	0.5060272276492407	0.9549674921301873	0.33663996883532227	0.6928531692490242	1.4206467618109482	0.3170092949799917	0.9076971789588502	1.834614158656987	0.3416693937758504	0.6952159929831266	1.8864759333514425	0.39733519223859864	0.7495337697315292	1.8938998732263392	0.2920768721497939	0.9630517801223858	1.8784696591995234	0.10654617856891649	0.48116760509344814	0.9540463938939785	0.09249411452582647	0.6642748898435115	1.409038612512664	0.05477557632268442	0.8981087720638734	1.832072968804923	0.07035291912107954	0.7195524211465142	1.894155269832439	-0.002879932703054019	0.7549855326613153	1.8834271611797209	0.0622678821031352	0.9890155379668089	1.894320745994733	0.23527463742998098	0.28672007665175425	0.28969038231965066	0.243116717265106	0.14903608512908956	0.05370012812135918	0.24780948502950256	0.10016012644879539	0.22307619520320132	0.39866681123620995	0.37721008815738455	0.3659921039644738	0.45433751520096166	0.411237000504567	0.6824958534928547	0.45256039819086114	0.4455728605194877	0.9593735173654605	0.3780226071712256	0.44397002645413386	1.0886543804066773	0.38177355345607145	0.46118550878303194	1.105089323849357	0.42717203348187366	0.5332862885666901	1.1010537447726614	0.07854007039427154	0.33285279206766416	0.3709934361930745	-0.0027002713561682895	0.40613145308441917	0.6789666925381522	0.03373323183757261	0.4073043114348565	0.9595092656477301	0.0864508826149806	0.40760011855343514	1.0573497532272924	0.06123445192413223	0.40430522937368246	1.0716183496995724	0.017719655294697417	0.46204165820070275	1.0701316876290903
300	5.0	0.3366697485784604	0.5033533632096515	0.9508888338497217	0.3361671953379773	0.6935389837703121	1.4169842444584082	0.31623655923466276	0.903433638399954	1.8288903728738979	0.3413303916373251	0.6959718047502367	1.8865667286117338	0.3956847510356321	0.747143053864726	1.884963283606527	0.2922061800431523	0.9630446528315706	1.8775194484175668	0.10658493794221183	0.48133934750230384	0.9537356555996797	0.09198539487599405	0.6648189404528018	1.4049946930497512	0.052906949285418545	0.8779733484406232	1.8224293027650864	0.07598502586260687	0.6999143660370526	1.8829596201111376	0.0036778826918156884	0.740231779739266	1.8781639625512512	0.06130584076561963	0.98484704051644	1.887898321671875	0.23522704503464148	0.28687429670195086	0.2896569656572462	0.24302832446289638	0.14935660125918063	0.053732149907972974	0.24777990370215702	0.10035361412245099	0.22293948484945614	0.39860291882127535	0.37724260826959255	0.36588789893919377	0.4543288565712314	0.41117125118332953	0.6823817479329223	0.45240119912168897	0.44587755031575355	0.9593837991468743	0.3778263080197101	0.44397497107506084	1.088941049420864	0.3852973068805827	0.4621671222604621	1.104982306494229	0.42417698384526187	0.5205781489010575	1.1003941282447285	0.07853640324434706	0.3328339953488449	0.3709376981005771	-0.008751019380760405	0.4180430191523925	0.6781060150054096	0.03374919378007649	0.40746009208868444	0.9593575094321211	0.08729987751455327	0.4065211047410804	1.056987257621355	0.06140868007429277	0.4039771273729522	1.071487306649196	0.02366818878510465	0.45001844802998975	1.0719623979727275
301	5.016666666666667	0.3366588050572571	0.5032343493928861	0.9510186449623401	0.3361422272508715	0.6934705872359491	1.416880628006969	0.316071057299673	0.9038961537009678	1.8288817889489692	0.34152501394108	0.695619393868883	1.8864411911001782	0.39578288165007064	0.7470895508701939	1.8848415635995905	0.291053366272659	0.9596484415599543	1.8724274078403842	0.10649396819241592	0.481334780069682	0.9538071007620705	0.09127773990618827	0.6621618601506937	1.4003231661002453	0.05294540709101933	0.8779345114596411	1.8224333195664737	0.07653979837441637	0.7035758099565507	1.8886215317030757	0.0036048543389297296	0.7403678422035334	1.8782423569869775	0.06224470179059182	0.988785914165266	1.894021389653303	0.2351751561810836	0.2869782576450901	0.2896199135246065	0.24310079628611161	0.1500064165826564	0.056351456144902716	0.24302973127780156	0.11067319015938494	0.2205200930166728	0.3985746430791352	0.3772580585917992	0.3659076474960477	0.45430077770823374	0.4112012537009064	0.6823422278834363	0.45190755882588507	0.4470985590766512	0.9627730193321913	0.37769329358371095	0.4438377185670092	1.0889492565544616	0.38522783556769963	0.4622460143343721	1.1051462269288526	0.42402771270080386	0.5246139743066999	1.1075157016990664	0.07470922132514073	0.33104090816688764	0.3713735371407508	-0.00880607190398678	0.4180709889324126	0.6781656103511907	0.03424627816808148	0.40658353840204436	0.9561891681337985	0.08789915550448489	0.4059458666975008	1.0540605414347937	0.061415827938788706	0.40420438074194753	1.0714693108510454	0.024266357962424184	0.4492857464402976	1.0688490419049568
302	5.033333333333333	0.3364838693959372	0.5032901424372345	0.9509565776812535	0.33615654995331545	0.6935422086802767	1.4170715391745432	0.31611692519585494	0.903451239948948	1.8288252650242847	0.34171297146897367	0.6962001787929379	1.8867972435309868	0.39593403530028004	0.7473075618613989	1.8850812393984697	0.2921768096897949	0.9629184833114909	1.8778965485156858	0.10645296206337407	0.4813705928481152	0.9537536246164505	0.09235122543710786	0.6644624121012495	1.4089021844450444	0.05293457973682889	0.8777390761159526	1.8222640024856058	0.07647387237891774	0.7034389530942391	1.8885872172749338	0.0026460886683752345	0.72446517921594	1.8737081685501868	0.0613895791477151	0.9845765715082369	1.8876703643980992	0.23507654000319309	0.2868336539482914	0.28954454727668527	0.2430740460172101	0.14996348793108777	0.05631045875153933	0.24293628337824982	0.11064083883843141	0.21731792295798943	0.3985379914257138	0.37727112629084075	0.36594997502356974	0.4542533136181753	0.4113184296283238	0.682425370048729	0.44756581616825086	0.46082316258771633	0.9636321909004599	0.37766596011208053	0.44357782970651305	1.0889171258725607	0.3814336988222391	0.46094952727000565	1.1053961504235286	0.42644453738201915	0.537501982811698	1.1081313873186034	0.07466645863405508	0.3311157252093318	0.3714082513862814	-0.008875123245131823	0.4182352006309849	0.678222751745016	0.03431599701387705	0.4065088572049299	0.9561053999837918	0.08864760293174348	0.4199307666383247	1.0576205790030255	0.06453188820786467	0.40595736759175693	1.0714003603845514	0.023652982092667765	0.4505348472821944	1.0718422242423815
303	5.05	0.3368716803000871	0.5062573919850959	0.9549227578293272	0.336533790059881	0.692805926899374	1.420683698131599	0.3160881621670799	0.9037074900096495	1.8290195776274014	0.34179916949055594	0.6956445656981979	1.8866556235051588	0.3959719869981406	0.7471518600230768	1.8850734045463162	0.2921510122369643	0.9629361452768344	1.8779783378416444	0.10059219660787586	0.49413980729882395	0.9543579748709309	0.09174291670474037	0.6614595362426423	1.4041783687945806	0.054085862396270015	0.8759998218526612	1.8176489915504668	0.07649369033524529	0.7035174105223342	1.8885703750748326	0.002664765497281266	0.7244165135610303	1.8736881694811303	0.06524633317858548	0.9863999994504716	1.8877317213118368	0.2350578889866073	0.28697495099442366	0.28956800194607124	0.23817649269375699	0.15995601275295754	0.05056509520475386	0.24280121059728052	0.1102811486517258	0.21736047716400894	0.39854503895217064	0.37731172814793446	0.36600128049031394	0.44990870213315887	0.4105281920061279	0.6825408000560295	0.44744688544225314	0.461072368976508	0.9636294479266139	0.37759369360237954	0.4434465329315262	1.089044753000466	0.38136750198093083	0.460870046518411	1.1054032840096077	0.42394907866384524	0.5234156353789565	1.1036418780513144	0.07461780517132348	0.331090399880908	0.3714356305744619	-0.008951971923481735	0.4182672706602131	0.6781707760810146	0.03432539242255507	0.4064293971872692	0.956065075805678	0.09479492007048199	0.40702157866767735	1.0495572515537852	0.06475988682131231	0.4056984845643173	1.071146089805812	0.024207963357911602	0.4496177126337569	1.0687793948352857
304	5.066666666666666	0.3364195210994784	0.5033615111566704	0.9508677782609115	0.3365187691304242	0.6928193948531424	1.4207032320343542	0.3160573567359705	0.9035096805407397	1.8289338707372758	0.34073261581619424	0.6968039796216462	1.891086172737801	0.395945707887679	0.7472453222649328	1.88508543790311	0.2920932218079185	0.9628118147463391	1.8781451761986183	0.10058409976148737	0.49411582810454885	0.954416607376116	0.09190736090904891	0.6649760277185511	1.4051068738802186	0.05295598220573184	0.8780550344338663	1.8225321566260904	0.07653692556657776	0.7033492344202886	1.8885678338741283	0.0026557686630146295	0.7244215704782687	1.873729221535869	0.06613147058688751	0.9906449171997787	1.8940410361520974	0.2350257124940488	0.28699018221747685	0.2894975289896424	0.24283282100788486	0.1497631014005791	0.053572444754096914	0.24273217945665937	0.10986450391408882	0.21443765678776822	0.3984913524264226	0.37736325535907106	0.36595615418962363	0.4499015084385311	0.4102951484965064	0.6825851294034987	0.44353759129396914	0.45903894698402986	0.9605100913910205	0.37444965422904125	0.4319175139572612	1.084592097971037	0.3811964418906525	0.4608811003189874	1.1054020746587716	0.4236307516128126	0.5228974507852876	1.1034646006643154	0.07461079231699017	0.33109362994464264	0.3713327068694144	-0.009090811343959948	0.4183214498188016	0.678058434691287	0.034325156185635024	0.4064801631369624	0.9560642222286403	0.08933263288873929	0.41924066749882555	1.0506359216927477	0.06449257455098334	0.40604443782671795	1.0683967205044713	0.024222279816915413	0.4496577511195891	1.068738665145021
305	5.083333333333333	0.33153059422955417	0.5170481323525822	0.9515930190609492	0.3365258902028712	0.6929296916992402	1.4205374703795537	0.31707582997883066	0.907473809421769	1.8344995218527427	0.34177090311214664	0.6963939933523695	1.886947520351222	0.3969374580069463	0.750919951167826	1.8902659795152852	0.28910335907196844	0.9474400421104608	1.8740129396762693	0.10054003430227451	0.4941683708170149	0.9542832762506953	0.09224103590513681	0.6644398100977532	1.4089997113659778	0.052901027358503265	0.8776992380179796	1.8222571989761458	0.07571315928363419	0.6997977429919575	1.8829143660661205	0.0026479069236393904	0.724289695133052	1.8736253920275352	0.0652520725413968	0.9861953419896307	1.887940565923969	0.2350308008861546	0.2870793539327215	0.28952527270052236	0.24467124662141232	0.16024352530415825	0.05015450227347177	0.24273260154775522	0.10970824214645646	0.21442219417099742	0.39846792655682595	0.3774791580428594	0.36598333359721247	0.44971453042639276	0.4106436716044944	0.6824739061036919	0.43875659947902357	0.47413960769261604	0.9646898731901304	0.3747572875094653	0.43182838013503355	1.0883903537434936	0.3810447967010691	0.4610474388817069	1.1055981684558596	0.4230006696242022	0.5247715420702066	1.1074291756422274	0.07460662583090903	0.33113375743746526	0.3713389114203798	-0.009190524867448023	0.41837838941151917	0.6780388597169044	0.03432180477412527	0.4064238507909334	0.956093754126085	0.08881948875104462	0.42023697312809744	1.053532441616837	0.06455535866899803	0.4060566311484329	1.0683242396427135	0.024091754643108386	0.4497448578915142	1.0686863152172892
306	5.1	0.3367637515240234	0.5033237779806542	0.9549869211507922	0.3365273386942077	0.6930207141113105	1.4208309086762674	0.3170384105889469	0.9074990484008648	1.8345918366122071	0.3398103827718483	0.6975871060193352	1.8875351221398056	0.3968551903550035	0.7503411218045889	1.8900324130699355	0.28904533571447855	0.9472965347159465	1.8739156501722876	0.10055157604422976	0.49421144546432993	0.9545121739997228	0.09161586815468284	0.6614617027801708	1.4043400062204423	0.05288883021782364	0.8777613400244854	1.822361130792672	0.07582142542239287	0.6996215065065203	1.8828715979677448	0.0026737991650857677	0.7243339372928647	1.8736571395446961	0.06520116968716404	0.9865165991343058	1.8878653312673794	0.234957297445738	0.2872361607304499	0.28945808494615827	0.23995969555155877	0.17056440169679374	0.047011506868546445	0.24281934037557296	0.1097466286974616	0.21431167318371613	0.39842107310481206	0.37749049063695245	0.3659193206885052	0.44972966091912786	0.4104737170351615	0.6825830112830743	0.43869422201196606	0.4742392399559839	0.9646750673717356	0.3747029174061986	0.43190148524891514	1.0884510028022218	0.3809724908484547	0.46090840168070035	1.1056439029321612	0.42298577076653426	0.5245708046412002	1.1074223508570826	0.07042738739027189	0.35452702569469813	0.3673641708775003	-0.009162141207312496	0.4185800892327064	0.6783108450632739	0.0343004968248757	0.4063819121296279	0.9561104953118817	0.09488833366722896	0.4068354180371449	1.0493782634010127	0.06464315493474193	0.4056999054806933	1.0680720955514642	0.024066624878131118	0.4495232953271109	1.068603835086419
307	5.116666666666666	0.3313398871631446	0.5176309893610761	0.9519064704404002	0.3364154449576515	0.6929858770294932	1.4208175496746889	0.3172470603266661	0.907062650351245	1.8345518387199344	0.33981557053211203	0.6973816413593442	1.887426962417971	0.39668868402875274	0.7504552203087299	1.8900426381472013	0.28912800581097764	0.9471557259216118	1.8739748700737333	0.10041717229435455	0.494593190685786	0.9545040712593484	0.09214887687835797	0.664583865230657	1.409082734173495	0.05357795895851572	0.8812568561768009	1.8274574489699777	0.07635032112903357	0.7036334378345999	1.888653692828638	0.0025932016347486953	0.7245414383454877	1.8737587388810097	0.06567896292102	0.9911677804718881	1.8903329889399765	0.2349135342359407	0.28724337582382614	0.28946328764297846	0.24464893421986889	0.1603318514163423	0.05011996165091127	0.24272865110651054	0.10932290967743559	0.21118166330630844	0.3983627413074404	0.377657735926654	0.36597495100168814	0.4495733195799475	0.4108914009994607	0.68244527606199	0.44308464251733065	0.4603067545040958	0.9639117197019375	0.37233858884046894	0.4572481917381835	1.0864710678898035	0.380989217941158	0.46118243644238216	1.105522569875068	0.4180827789604527	0.5205650348468415	1.1037594815049774	0.06911167285071823	0.34264903308557143	0.36963074694602066	-0.009696151971439877	0.4196754975034763	0.6818064649755124	0.034266402871767056	0.4064285148325293	0.9560707838878083	0.09478471056399392	0.4072609040224935	1.0494631311487197	0.06460707901963811	0.40594996414107243	1.068169090584633	0.01774170204701286	0.4623750031805478	1.0697255417112856
308	5.133333333333334	0.33184266256159045	0.5201203166002564	0.9558095363908324	0.3364399835566319	0.6927905026497031	1.4205552317889516	0.3169351088476746	0.9075229611852498	1.8344586382436343	0.34109790737072043	0.6964156997302133	1.8866524852427766	0.3913684060023809	0.7676126147195054	1.8958395869931461	0.29212147422434337	0.9629959444813035	1.877759869374845	0.10038837297262893	0.4944518630297592	0.9544523851859982	0.08514995790910021	0.6764308262622457	1.4070542390539489	0.05403123171550825	0.8757546402697683	1.817444754708592	0.07743436953679243	0.7023636709971767	1.8843411713305935	0.0026354291191266845	0.7243696006393412	1.8736081641731899	0.060974059909816254	0.9852474463635897	1.8840027633428744	0.23493632151626512	0.2873088871363671	0.2894365822104521	0.23991391146254631	0.17063602719824714	0.04698453586051281	0.24288384879620664	0.1098805865167732	0.21423168002733078	0.39841054838444484	0.37763912715142434	0.36597981121893103	0.44526116091141954	0.42407253092430297	0.6818384159878349	0.43870588791935383	0.4739847970411961	0.9647096658702057	0.36572709688191196	0.4435626843566567	1.085850554700303	0.38080662561176654	0.4610510478692291	1.1055563453675619	0.4146623816216107	0.507423935397383	1.1029038643418048	0.07458728208572821	0.33118870379551607	0.3713954179045281	-0.009286826087010598	0.4187125455559708	0.6784100506268512	0.03420217797955967	0.40638056894690444	0.9560756456821272	0.09479247298674665	0.40679081962916835	1.0493201721367047	0.06458370659435989	0.40575757257822687	1.0680742850746738	0.017727478213564827	0.46245558651317376	1.0697483865309259
309	5.15	0.33171038096903654	0.517155407059426	0.9557996900769877	0.3360047837093047	0.6934247074707086	1.4167494716721087	0.31700791662054034	0.9075858580753513	1.8345236674601082	0.3412009638437886	0.6965488280000937	1.8867304766117705	0.39048879286676724	0.7646813981509417	1.8910298443736961	0.29218805279541504	0.9629223448450813	1.8780495422839885	0.10034412210216791	0.4944095457735361	0.9544386201345448	0.08504651694156269	0.6767403617772008	1.4071357328230019	0.05403465588291804	0.8758357466122387	1.8175096549291978	0.07725066719561621	0.7029057779357938	1.8844866003763183	-0.001617824305405239	0.7531584575883867	1.8789299493679652	0.061948431560296516	0.9891201766425174	1.8903411405929897	0.2349198160286092	0.2873092804825615	0.2894508914097352	0.23989506912408967	0.1705886426870353	0.04692079887639181	0.2426682825370103	0.10958926636867766	0.21107911308150984	0.3983654177015676	0.37766639721065354	0.36596686088375413	0.44524265319166906	0.424033946829388	0.681838094995685	0.43598484746988064	0.4611026884250262	0.9643900252103278	0.3653992495930471	0.4438130849115809	1.085976098687996	0.3804764147438711	0.46120093499111325	1.1057568721175206	0.41502757935758644	0.5095691672419499	1.106559251747567	0.07454657800658618	0.33117139953968405	0.3713703110723997	-0.00931407397863709	0.4187944638412489	0.6784622710103119	0.03416300634627124	0.406241902967232	0.956007012691461	0.09485659815050346	0.4066541828803992	1.0492328887693825	0.06775726872999771	0.4069665091113925	1.0678968794666714	0.01769238889090323	0.46249072375953587	1.0696950319291345
310	5.166666666666667	0.3311891399375854	0.5176440244657209	0.9517337422758035	0.3364417842072967	0.6927602518030166	1.42056669219161	0.3164448293312054	0.9025568918046235	1.832715711133457	0.34053326272933016	0.6975290795912318	1.8833265442206606	0.3956192179877118	0.747683551561881	1.8852232153716824	0.29216163190233263	0.9628491231522239	1.877870969939275	0.10029958178211903	0.49446000449442995	0.9543411259800473	0.08502170063057463	0.6766796019817345	1.4072357785860865	0.054041210502772205	0.875936717514817	1.8175757107181119	0.07610488423586403	0.7041492671133466	1.8888421913352915	0.0036351551342418856	0.7404090617927805	1.8782736737488448	0.06246730808383934	0.9885207232034794	1.8937940623215597	0.23485879179082367	0.2873760429182677	0.28942261292637594	0.2398865862647449	0.1706414613603857	0.04695846111156298	0.2427401620035864	0.10947726912570009	0.21107554757629127	0.39826981822268875	0.3777715770718719	0.36592291776401514	0.44521102765089426	0.42403938964609134	0.6818147391277323	0.44028864415763913	0.4472843595131991	0.9636268674159622	0.36230668284943623	0.4326678436770858	1.089124226379209	0.3803696253781247	0.4607178449170855	1.1059707254227527	0.4149954908616287	0.5092395577828791	1.106514590446178	0.07456224252983563	0.33111423134921003	0.37136047296237024	-0.00978060356311365	0.4197242165435859	0.6817744537066757	0.03414602914761963	0.40617618213072504	0.9560701251578129	0.0893346262120054	0.4187093263046191	1.0503271999521564	0.0677333371310039	0.4071158753571284	1.0679086055807347	0.017637337738640436	0.4626538024392984	1.0697254170212256
311	5.183333333333334	0.33158202422013117	0.5165449174728105	0.9483539117143841	0.33638944681757643	0.6928717988569525	1.4205793377517402	0.3174440718405919	0.9064499674883113	1.8383161530227112	0.3405603671448109	0.6974827071624947	1.883311856755392	0.3966140730917612	0.7510039301219796	1.8902215248559169	0.29213919922562465	0.9628856163577952	1.8778741237146401	0.1002485994297352	0.4942881017971549	0.9543737265209038	0.08495471055700947	0.6767684658963151	1.4072017594949133	0.0539693003531821	0.8758365548668854	1.8173952963563924	0.07614727904835417	0.7039525883637736	1.8887634920015945	-0.003855866364258457	0.7389808887654422	1.8786580283914929	0.06095493210951301	0.9856537469370038	1.8839540998739515	0.2348716667142498	0.287533288523134	0.28945703343810336	0.23990553929737074	0.17068932853357502	0.046904355937695645	0.2428125297888101	0.10953598875684102	0.21100660244977945	0.39827266554033497	0.377851101013531	0.36599475547860283	0.44519856362195565	0.4241462905026723	0.6817433687059107	0.4370547664692252	0.43225482256246384	0.9597312365060283	0.3594331562420935	0.42040404228869865	1.088395320832298	0.37752786062231525	0.4491275835946389	1.1054590526699406	0.41108828715911105	0.49395658310989715	1.10201090862659	0.07452286354875975	0.3311482319183714	0.371361067815879	-0.009392180012232416	0.41845871013284763	0.6783848826661314	0.03976930227276196	0.3914260487613887	0.951566735992235	0.09491720624652115	0.406566882781017	1.0491820056039005	0.06786971521105264	0.4070479604456186	1.067919111150958	0.01771426816484885	0.46228761749839054	1.069691171308472
312	5.2	0.327933023178232	0.51811423946399	0.9566541050376924	0.3358914648227042	0.6934245151759164	1.4169107879541816	0.31600445343918504	0.9032595029386289	1.8287543581332448	0.34081301769363964	0.696120105808629	1.8828288106406486	0.39562225170108895	0.7475527458429149	1.885110319092644	0.2916732022990578	0.9465274117343508	1.8686504262568537	0.10076476638988043	0.49307102619371246	0.9508839547095138	0.08446476226566131	0.6773490178147835	1.4031312054698744	0.053012988587926586	0.8776436594538016	1.8220990054087147	0.07644343790303026	0.7033868015968621	1.8885243593691294	0.0026176439830169337	0.7244153921971237	1.8737907753443013	0.06574854013741571	0.9916960196256508	1.8903177289889856	0.23483062985532555	0.287385115159604	0.28935197425506837	0.23989970060578059	0.17035619715005082	0.04705709907164134	0.24287566091926505	0.1095746819252677	0.2109016070647471	0.3984887518982662	0.37970264092309736	0.3691268222550582	0.44568096556620285	0.4235192970740835	0.6824399528334718	0.43770338404028153	0.43076400384761526	0.9603106603249489	0.3601714015275461	0.419692858170887	1.0847876473329254	0.3732050648656364	0.46219241592678034	1.10678827585885	0.41104613432111636	0.49394627802264934	1.1021250255386823	0.06897013065637696	0.34257921750561027	0.3696016999536999	-0.009519192930895919	0.4186290655737297	0.6786127039395117	0.04005613141420054	0.3939166756299698	0.9553988572855325	0.09541497936551595	0.4060155910222256	1.0488619186242678	0.06812831640861787	0.4068936957920679	1.0676996932663225	0.023854440487112313	0.4495031034126968	1.0684800665135858
313	5.216666666666667	0.32703057817701897	0.5161226038808727	0.948768758988188	0.33584990135829285	0.6934517095275408	1.4168714330350878	0.315801874434159	0.9030451139254005	1.8284936377994554	0.34120220633877313	0.6951059785869687	1.8860881803528642	0.3984835282920477	0.7613373246759568	1.888755334556689	0.29169417105622886	0.9466917824057578	1.8686517120798047	0.10068663275482834	0.49331028836227503	0.9506335468765628	0.07784934349822878	0.692614186058495	1.4059300791137326	0.05411036686569683	0.8756805118298866	1.8172944889357006	0.07548962414740554	0.7005326075077549	1.8830413450439882	-0.0038570858838199735	0.7389514366600363	1.8786368870098884	0.06490938601904211	0.98745051520445	1.8837350864092617	0.22975616812291683	0.2991105086115116	0.28713647287012417	0.2399429679358133	0.17044455906174183	0.04714327676481704	0.24287544616829396	0.1095515627806531	0.21091585023255513	0.3982275158935277	0.37772062286189995	0.366045025277035	0.44533862277235065	0.423502094480706	0.6785663242419921	0.4377591083004088	0.4307651298286634	0.9601528142034572	0.36072293848541204	0.4187646257623873	1.088540150445268	0.3775919442874824	0.4488646835561304	1.1053658960885422	0.407021660925165	0.4919335800929778	1.101901721670881	0.06891285592922582	0.3428029978276416	0.3696169852165503	-0.0096305398616331	0.4184712339754424	0.6782925952949209	0.035821629777079846	0.3895990468534726	0.9516223498224236	0.09458938665084721	0.3925898706871974	1.0479828134296207	0.06826947367999132	0.40660372666196115	1.0674454342797146	0.023934526411862316	0.44915772551124994	1.0683396610455473
314	5.233333333333333	0.33185120792847383	0.519978135428286	0.952678093700831	0.3359046385218878	0.6933959817587125	1.4169281740400899	0.31591457034732756	0.9027741997958927	1.8284312021038565	0.34065074675432555	0.6965080530450423	1.8829445163693797	0.39861479608245126	0.7614864908069556	1.8889734694985039	0.287788658907803	0.9432654107803381	1.8675205587931376	0.10010589502775019	0.49452666057617034	0.9543449157627124	0.0777845837509117	0.6928675272798601	1.4061027278313134	0.05416305641607384	0.8758353331688951	1.8174239925229605	0.07628026339001549	0.7045305734679375	1.8887535403328286	-0.0038078565664680986	0.7390734895373255	1.8787482023193809	0.06488234647052893	0.9877202108855015	1.8836517834453521	0.2297686822268572	0.29918585788909324	0.2871578706370923	0.2398697937894386	0.17059887752870326	0.047042441570692116	0.24294734591449932	0.10955656200717527	0.2108766275855792	0.39827979990036955	0.3777183497107638	0.36610696179416535	0.4453414901860385	0.42364394453391424	0.6785330138351418	0.4377747852565701	0.4306786299375404	0.9601245081877678	0.3608890010114347	0.4176254832420538	1.0884525467676376	0.37765190905655605	0.4478338385737823	1.105363352876059	0.40736223175365716	0.49352463812705055	1.105474175921302	0.0689035237559761	0.3428103261898999	0.3695576219955778	-0.015569513461887105	0.42791709135806005	0.6744206568411039	0.03037883705590457	0.40049756169543316	0.9490528886308951	0.09530356686606525	0.39135374908594417	1.0450297966745143	0.07228849238810757	0.40706784404088425	1.0636725631122153	0.03022706979562111	0.43615830476512024	1.0671766064024395
315	5.25	0.3320090957604947	0.5164900969679086	0.9524927134796032	0.3358579751808867	0.693526815141988	1.416965522066	0.3157327850500856	0.9032328906617146	1.8286063804278803	0.34067977567474583	0.6969263978922063	1.883124276256891	0.39561148401343893	0.7476575022222044	1.8851637176241394	0.2909899518597477	0.9591608758347381	1.8721071864474472	0.10058987232037993	0.4933947106560414	0.9508201063461105	0.07762773784588865	0.693180044351392	1.4061218649916436	0.05408366011853079	0.8759377139814697	1.8174343137048936	0.07631022875876661	0.7043581309813678	1.8887456213833094	-0.003858058713187901	0.7391455593008723	1.8787930579293495	0.06487876984783611	0.9874545096299449	1.8838255342465418	0.22974834647508896	0.2992203874684131	0.2871445566224546	0.23990254552891951	0.17071554656888088	0.04711917288512408	0.2429838898088636	0.10962705288494498	0.21086570463445067	0.3982421935340237	0.3777939969639409	0.3661133041771322	0.4452160130774746	0.4244097582200206	0.6817790240646806	0.437792692697634	0.43027616181445205	0.9602050180921846	0.3571052779097375	0.4066993486208478	1.0874690349263716	0.3749483566841489	0.43578236141579596	1.1047289660224482	0.4039337293334113	0.48040725312958305	1.1047739958679945	0.06884853312021816	0.3428856460562276	0.3695568217531225	-0.020360208998308173	0.41337756541966003	0.6758451339767659	0.03013480200674365	0.3975608157195964	0.9451491320373007	0.10066702708104086	0.3788448485487996	1.0434937093319057	0.072889399417605	0.40633857203746604	1.0630802590135178	0.0362737027404763	0.4207092511995938	1.0620487227281765
316	5.266666666666667	0.32702823099461786	0.5307965688842551	0.9534470420330426	0.3358053891401573	0.6933412398344401	1.416741018744886	0.3158071323449877	0.9036053837707049	1.8288240359449799	0.34033041800427527	0.6976197785418904	1.8832071036123847	0.3984345499683497	0.7617524850529657	1.8889576996184636	0.2921584667847756	0.9628651084606871	1.8771873951697036	0.10055597057790366	0.4935801447669721	0.9506751082798247	0.07765787078748118	0.6929662020443632	1.4059829996359259	0.05411219127145786	0.8760414691832056	1.8174506676988935	0.07570973617121186	0.7008808433356147	1.8831087321546545	-0.002876334561079048	0.7549134343201253	1.8831914225138144	0.06491308786818809	0.9874041795767321	1.8838362727389202	0.22974275680132258	0.2993386944117844	0.2871156881353204	0.239886413827529	0.17062856077901498	0.04705942221108032	0.24285789076606612	0.10960213481443434	0.21091898370167458	0.3982477745074773	0.37776978678363415	0.3660615261443162	0.445460590059026	0.423579753862664	0.67850320186083	0.4394205694746859	0.4037102761110122	0.9514037942703688	0.3538428774555721	0.3906523554307644	1.0754893071215328	0.3723475789259723	0.4236125447322062	1.1036610321020717	0.40057032206600174	0.4775496264189758	1.100796032460505	0.06881431440225187	0.3429103206203042	0.3695533159186886	-0.020949037671693642	0.41433049234677316	0.6791263383332325	0.03563380094266431	0.38537887578357827	0.9407081442130206	0.10679283611416734	0.3655479187397413	1.0393403009234479	0.07407473628505065	0.40515431409092906	1.0623932883141398	0.036568962573500084	0.42020254193282414	1.0618327097657172
317	5.283333333333333	0.32714244172336865	0.5337054105059409	0.9532615449986696	0.3357176125614784	0.6934615656725505	1.4168126172373907	0.3157101651239158	0.9039277786242244	1.8289809729356608	0.3403743803725752	0.6979692662140963	1.8833475053054913	0.39842366473127755	0.7620416875701526	1.8891528516948701	0.28895128508076584	0.9471730088597337	1.873113367661534	0.10056829198957498	0.49373518316662146	0.9502171578170894	0.07813080709467778	0.6923731866392961	1.4099808231380997	0.05410032328032119	0.8759349511166367	1.8173863125355147	0.07717814227035176	0.702831165390852	1.8843445609750453	-0.003924914799333755	0.7391879434348523	1.878666541012298	0.06506855956089369	0.987459399070989	1.883699926099443	0.22971116025170948	0.2995292432714364	0.2870938224205444	0.23983210216554698	0.1707343622984102	0.04701312118913191	0.2428470267900869	0.1095488422781395	0.21093611083485936	0.3982129009715806	0.3779170171720265	0.366063178892423	0.44592051965890395	0.4258245425591823	0.6820640530271314	0.44091361722845274	0.3783875014773051	0.950655337508864	0.3538656622607318	0.39213090220031965	1.0792626275755741	0.3657795806468875	0.4092169650963895	1.102882765527826	0.39636816221926774	0.47281565006929577	1.0965048057743738	0.06884489580396662	0.3428761123441432	0.3694939291269782	-0.020292701112485757	0.41313334611501346	0.6798246872575366	0.03533617409181652	0.3716400036340089	0.9368195210605558	0.11751991326501146	0.33877193597568184	1.026401795095569	0.08076308033074373	0.3897159334985567	1.0564884023868464	0.04719576667186912	0.409096567339079	1.060536886969626
318	5.3	0.32151173606323696	0.5311201992058775	0.9533716506173787	0.3356081846642872	0.693393734477114	1.4168667068930387	0.31589869906324014	0.9034315658481786	1.8287685018138413	0.3408538192128347	0.697306037539822	1.8868065286569256	0.3984275518400451	0.7619042963916876	1.8890895672928825	0.28909029505163336	0.9469995801986257	1.8729225824701359	0.10000912919030347	0.49447136921548784	0.9465414269654867	0.07809838066012287	0.6925577854891093	1.4102073817543617	0.05410248377872078	0.875918382339026	1.817443752349221	0.07047837143192039	0.7190135344696188	1.8898275740391839	-0.0028469277218976566	0.7379555907521269	1.8746680545267558	0.06510426014079666	0.9871290588924506	1.8837879149155474	0.22937361654390617	0.2994456923533024	0.2837277325926891	0.23981947652852018	0.1707594821020581	0.04703123673616279	0.24269262874615688	0.1096516112936114	0.21095178243830406	0.39818515859547593	0.37787206038573173	0.3660835638250385	0.4454370938504427	0.42362184801830044	0.6785104044216799	0.44012203443907527	0.37597598292456796	0.9467858589547349	0.3553153105092924	0.3636494057135844	1.0661242048517157	0.36047517284757624	0.3803406885867179	1.0973886676179332	0.3888032156186316	0.47087428163615735	1.0936637938016707	0.06878960558943634	0.34299448018397005	0.36946485360395215	-0.027369221064901934	0.4259669700679028	0.6782033974035812	0.04097561193186872	0.3569645941861359	0.9322598471159192	0.12348320244704476	0.32595520414865303	1.0219070255545437	0.10267664633088341	0.3530305476920959	1.0522053134807352	0.05494505569923738	0.4119235723779041	1.0598911705713145
319	5.316666666666666	0.3209313297092426	0.528063656038601	0.9493034100294446	0.3316581041108421	0.6918684006920598	1.416948259738597	0.31704351025478805	0.9073772114427272	1.8344878893651044	0.3414842262464621	0.6960476221924191	1.886547666499337	0.39878236632219133	0.76141418057446	1.888978408969176	0.29230779621336966	0.9628237801679995	1.877744776566215	0.09357476183950567	0.5073495541341808	0.9433520799360299	0.07819872106833392	0.692242130207069	1.4100502244515178	0.05517279907080242	0.8745881870329055	1.812907621222617	0.07095001496094511	0.7185091341394511	1.8898239378024708	-0.0018130496127987086	0.7534354611789522	1.8792201452071335	0.06589001009446643	0.9911315206554958	1.8900458625795207	0.22959793395765535	0.2996497258636607	0.2870082807349556	0.2397795443633778	0.1706327936085196	0.046903807663172134	0.23778268446852222	0.11998209369860995	0.20855261034342865	0.39814489428128363	0.3779167609612417	0.36601465011534223	0.44564168331920384	0.42280879500906016	0.6753052554830613	0.440185938201569	0.37453907450562723	0.9428699745924286	0.3519663960874352	0.35897578638628946	1.0554499234256673	0.3629952192957991	0.35117420948199235	1.0916008996605449	0.3862532967965698	0.4560368164393554	1.0905327347960634	0.06880614583001207	0.34288065170537896	0.3694691951319155	-0.02791946823484426	0.4261512775845986	0.6778177483850968	0.04100075601685839	0.35627503211385025	0.920651914677572	0.12386785837100256	0.32492003156667115	1.013802758002451	0.11447477012485664	0.329739382399441	1.0435935360914221	0.0694824161865804	0.4020177773028451	1.054694661462352
320	5.333333333333333	0.32080051406526294	0.5282324453100915	0.9491639577296589	0.32577287163979674	0.7079288935133045	1.4163983701478648	0.31594704795116757	0.9034390211870962	1.8288197687640702	0.340796641312361	0.6976727702285878	1.8833725417101415	0.3956209510044062	0.7470288639262376	1.8848193222711465	0.2923175949843837	0.9628874453359487	1.877480895704883	0.0940810676328354	0.5065846859997707	0.9394918318427959	0.07214083272750967	0.7109161231901557	1.4180068175711562	0.05473445803471182	0.8798741638034158	1.8227685137409901	0.07733859375891815	0.7032287664193809	1.8845080021793894	-0.00297909363863033	0.755112517933945	1.8833821138875086	0.06635293997625526	0.9897209870437957	1.8935298773150824	0.22933224622765763	0.2995512728609285	0.2837167238899034	0.23967413404830698	0.1709174086689559	0.046840264144413835	0.23775229316574112	0.12011333943610476	0.20848865903227862	0.398139855927151	0.37812401203239665	0.36603815059119443	0.448192480887268	0.4349032804282612	0.6742021364870167	0.43212440198000984	0.3740665888833016	0.9360645616661645	0.34756939773510653	0.34383010224728666	1.0427870111131472	0.3624478518463332	0.35007197063931633	1.0910614810638342	0.37916630687324043	0.44208087174448696	1.0907404918401258	0.06874968864337624	0.3428012883669907	0.3695233565124014	-0.03427041066158	0.43831448810420254	0.677421081650422	0.04548509100539348	0.3567818316920144	0.9166113164877214	0.12757198040215736	0.3234557883732728	1.0020556037315596	0.12037551858700998	0.3183997825207005	1.0426442649285201	0.07030723044710445	0.40039832772069783	1.0507652396364582
321	5.35	0.3205279359356258	0.5281597237719943	0.9489837965458365	0.3310979668407095	0.692387487532446	1.41356907228841	0.31597459854502463	0.9031620719944691	1.8288413694023389	0.3415158620187992	0.6959034446773535	1.8865831465088159	0.3957095307886859	0.7469254228209384	1.8847987680319878	0.2911615666271164	0.9590300510170473	1.8726770723256834	0.09058502794081315	0.5046874648491337	0.9434540903937649	0.07810255520176733	0.6923618398315515	1.4099865273218342	0.054069217571210026	0.8760188288712467	1.8175873997862393	0.07644892472401947	0.7043677770783676	1.8886762533866144	-0.0029564728222678514	0.7550485286250055	1.883394411048632	0.06545698492958561	0.9857990180039884	1.8874063198113091	0.2242036316344737	0.31097825160303433	0.28143958894409987	0.23956274352027343	0.17099210828262906	0.04683438507224802	0.23780620682901232	0.12038448634113005	0.20827682612088586	0.3980770277227462	0.378264116643148	0.3659309080500669	0.4490292555533328	0.43626643130443526	0.6743556924572365	0.4270027308488347	0.36980907329726487	0.9323539411922415	0.34704719548946283	0.34219648078094594	1.034890890098956	0.3542068678271909	0.34778295984799645	1.0836399466290607	0.37622592292493334	0.4281657587503239	1.0818025886063152	0.0687062851292882	0.3428327766909444	0.3695297965667663	-0.03821195115601326	0.4388380893350273	0.6813071042935696	0.050850913729626704	0.3422302418350866	0.9084479910289218	0.1316316853443372	0.3075418476426821	0.9867767024504307	0.1282062641163071	0.31778104001850094	1.038977722909994	0.08033883411282916	0.3895428462679603	1.0492023834932012
322	5.366666666666666	0.3163746256961535	0.5271839441050745	0.9490824348746592	0.32568399942589904	0.7078383831074436	1.416463721184917	0.3159403846197746	0.9031337448910345	1.828789177106842	0.34182021635456267	0.6967985402506915	1.8870752433945375	0.3957782687947134	0.7471980812270839	1.8849863227979817	0.2911471568067667	0.9590007913573125	1.8728166155789336	0.0904635869390593	0.5049635047995522	0.9434985782413511	0.07149550030381106	0.7077949795068951	1.4130786554785728	0.05349855364131772	0.8717449338794372	1.8120376237408082	0.07641966992631473	0.7037834170402647	1.888551265162012	-0.0038267333334335613	0.7389406050622656	1.8787631911607963	0.06350944169479764	0.9669124622147905	1.8821858050445306	0.22418956317467212	0.31115364868497536	0.28139244985693324	0.23944918414729946	0.1712963460154998	0.04677561422225041	0.2378980517664446	0.12037482524321977	0.20819927566502724	0.3981304742761583	0.3782340284992615	0.3659231192167877	0.44906399310398204	0.43717905968206666	0.6776494152925373	0.42165257877769696	0.36553854632578814	0.9251409782189535	0.3314403945696536	0.3233191059073851	1.0271201582375977	0.3449670745143816	0.3471391787325539	1.0767264169632167	0.36830306034111804	0.39153740169150564	1.0801682318411436	0.06865971583793282	0.3429832638737261	0.36943369686394945	-0.037895374955771964	0.43512386972727685	0.6743170491454763	0.05024377240983373	0.3368972823207958	0.8897978355932976	0.13455391183198834	0.305296209184696	0.9686566024170715	0.13291647693975092	0.3145676304439535	1.0167438569369398	0.10313992516114424	0.3504165250468924	1.0337679687082042
323	5.383333333333334	0.3166015643468184	0.5270234084595897	0.9528976420350205	0.33152419080770074	0.691975683328491	1.4170000125941902	0.3163775258094982	0.9021258910767928	1.8325127193940771	0.34151555092555336	0.695889979639883	1.8865906736177365	0.3956009415196388	0.7465839769406203	1.8846443307498593	0.2911433334379728	0.9590525790888141	1.8727558993136235	0.09036588925692728	0.5052843560600468	0.9436654093145301	0.07153548748139579	0.7078755378125589	1.413354808501673	0.05402033449484322	0.8756448968926644	1.8173188709662655	0.0764139076819961	0.7039935642085857	1.8885103276364983	-0.002976084034371402	0.7549029063787	1.883303332128539	0.061412172832778326	0.9837807172227585	1.887137777077775	0.2202616597407488	0.30824341868783534	0.2784153204213427	0.2392219978495972	0.17112601324269097	0.04360628763226184	0.23779832668279227	0.11903540137643773	0.20513684167835775	0.3979944211122	0.37833186959993365	0.3658354194900077	0.4491458696108198	0.4363010761628417	0.6745488246191408	0.4186601572781926	0.3537842651039593	0.9249320373990476	0.328341364491503	0.30881538114140655	1.0186775427561388	0.34198835339654365	0.3406267411542124	1.0499817690056021	0.35162899326405744	0.37591726108874424	1.0631686138087135	0.06857324022326537	0.3430260562829218	0.36940232635396436	-0.03941444058164351	0.4220675394428971	0.6713553532145722	0.054035508210547506	0.336523411424432	0.8851822211009355	0.14385309702293558	0.3176989541267595	0.9643080940643943	0.13654107102139912	0.31275663541842896	1.0016171811484833	0.12098601244223112	0.30884476750517853	1.0167907848533346
324	5.4	0.31678398480683195	0.5275201721667742	0.9528377896890843	0.33152684425634193	0.6921271342200807	1.4171552088118646	0.3167423882825688	0.9020494328838002	1.8327080320323834	0.3406465913122086	0.6983905979079844	1.883585595440399	0.3984907637481222	0.7611431349552605	1.8887116712879566	0.2923135813015862	0.9625445203457816	1.8779324866092237	0.09042759458581046	0.5054657774456236	0.9438700816719238	0.07143497870932473	0.7081629315376267	1.4133396418797561	0.05408341219363256	0.8757113609217517	1.8175791127345011	0.07639150478330121	0.7033523105277497	1.888424849553496	0.0013499307252126769	0.7259940114912826	1.877875543007271	0.06024275199751678	0.9695220641307529	1.8887692203542528	0.22016633250011655	0.3080726370317298	0.2782511752963895	0.23946701351463207	0.1712056512788625	0.046836886310713255	0.23767008736558248	0.11878312408253561	0.2051968997674062	0.38974236819874863	0.38828092695297955	0.36057581862749005	0.4420773019493066	0.43689227268540093	0.6714355671694026	0.4140795415157998	0.34921460623106826	0.917669867451724	0.3132148083991451	0.2931835868297334	1.0119718685345838	0.33020343633960425	0.3215587202852037	1.0313665646874113	0.3494155844206569	0.373173847968948	1.043668526517375	0.06864894043430474	0.3409455322405613	0.36623294016733116	-0.0382175376171165	0.43510055982803697	0.6738565749871388	0.054242230575116845	0.33588956788203983	0.8844254985792092	0.1489514426145117	0.30166644046781843	0.9551993352943509	0.14055466187559335	0.2905561725613269	0.9734870997463848	0.12602486280081443	0.31157880276328304	0.9936558870477971
325	5.416666666666667	0.31688983513833335	0.5272128083253512	0.9525875651889854	0.33158497772458934	0.6919878788104439	1.41699104105363	0.31670416553607905	0.902064113068632	1.8327404676660743	0.3413373117765706	0.6968289942487541	1.8868235299495502	0.39854106177284815	0.7611262163726304	1.888738701047321	0.29227529811000313	0.9624484025343785	1.878007260678761	0.09011402383447496	0.506222823437051	0.9517129189398309	0.07143744002481134	0.708066012722138	1.41327339356737	0.054010606539207945	0.875676224042073	1.817492498980978	0.07655143726965921	0.7036737079825343	1.8885065847203297	0.003382438582230536	0.7401835957054537	1.8784684277186148	0.060177332220705704	0.9695591032245718	1.8887453974781612	0.2201299598574247	0.30818594387696885	0.27819106030684015	0.2393016022892304	0.17093491926034396	0.04366215687784163	0.2330299245298071	0.12829586483835537	0.19958475501888753	0.3897207919279573	0.3891519609652853	0.3641340498902623	0.4420764648332479	0.43681448882455043	0.6712264644503751	0.4092753433102369	0.34585283369731895	0.9136535376690372	0.3035416246106147	0.2779623616420742	1.0113979481943725	0.31572038285542553	0.30138493021027074	1.020399360989848	0.32729335169601464	0.3550668389222029	1.0252267291800172	0.06858764741040291	0.3410064751215496	0.3662145392010399	-0.03812717720302297	0.4343076048300826	0.666845130569786	0.06353625327862106	0.3264132739112173	0.8804838475653657	0.16727394583301158	0.3013639800552558	0.94957915006497	0.16624481747283487	0.26940966200648897	0.9641386471686587	0.13181722497914442	0.30039824552367533	0.9884246804690242
326	5.433333333333334	0.31692896645822505	0.5229889514508766	0.9452285776651486	0.331555913603038	0.6921690494058799	1.4171331086952061	0.3177788370618273	0.9058957468743358	1.838351000925473	0.3413912962637473	0.6968922957172194	1.8870050220693568	0.3966853474526901	0.7505405304170694	1.8901644080160207	0.2923298133397905	0.9626629139930347	1.878179453175235	0.09086930184667623	0.5044423564492316	0.9478512005110307	0.07142892847526923	0.7077987159507654	1.4130161009682973	0.05399877412859053	0.8756932513214429	1.8174278046361336	0.07653693613584611	0.7031096880981191	1.8884549725984205	0.0025462292413647503	0.7242749009496532	1.8738818729226954	0.06135410892504093	0.984683631217205	1.88743959964922	0.22019858543916965	0.3082683371975335	0.27821536788914425	0.23931848311322187	0.17089236373518252	0.043608676276395426	0.23280687865801664	0.1286978278472696	0.19949556484504735	0.38974139418645526	0.3890048392400669	0.3641196878022558	0.4416480593108901	0.4344292144052845	0.6673744571237206	0.40226835676450484	0.3335663109425705	0.9100497899119842	0.30055775045116073	0.2637870923087689	1.0031374625614182	0.31138260123489225	0.27687382251274173	1.0154033389255979	0.3279518549094318	0.3427311963311309	1.0134025198835726	0.06853999753018111	0.34108350422262496	0.3661978139437818	-0.03904451770934791	0.42131110398721267	0.6679503236549972	0.0658902000858311	0.3371461808239651	0.8766663752311898	0.178497341346839	0.27685434930021374	0.9380000485463642	0.1804421941717422	0.2589145774686007	0.9596126055508112	0.13420111570255808	0.30118202662355775	0.9750289831314441
327	5.45	0.31697993855187984	0.526701282208752	0.9529163606630553	0.3260983096089172	0.7075355086835909	1.4200288628130628	0.3235935305435088	0.888252513220757	1.832796089513845	0.3412840076724201	0.6968304506478081	1.8868961967504727	0.39715726282319874	0.749239731857129	1.8935794214070336	0.29239984139522823	0.962412597313868	1.877827069543689	0.0904404215163534	0.5054043893947688	0.9516592965662626	0.07151904922242149	0.7077079471015417	1.4129238341526416	0.054012844224188845	0.8757145863170281	1.8173828719688154	0.07653637885514784	0.7041494708917728	1.8885707543543664	0.0034324908569333262	0.740246225283074	1.8784122309956146	0.05937637050018629	0.9656943299497383	1.8825088304353828	0.22018483305957778	0.3083201378794095	0.2782012020041667	0.23938152203673646	0.17091454884891616	0.043601362207345694	0.22879169130641067	0.1276162959480987	0.19688070453217107	0.3936204938273273	0.39082084518221005	0.3637020281597759	0.44583359592299826	0.4353391086896923	0.6670846775223714	0.3886561096865478	0.3582246184138711	0.9109583047272753	0.29372334570013936	0.251205850495472	0.9995203548793257	0.3021081808751893	0.2507775672801481	1.011741315028825	0.3175204933838172	0.3278306034071886	1.012864116017806	0.06846752496657743	0.34103520753768135	0.36610285498861744	-0.03144354634128341	0.418765447074301	0.6603393889065413	0.07376035942200204	0.34022190489214577	0.8759281204125826	0.1899902211172312	0.2776971765688002	0.9336639686640651	0.19396952994089497	0.27213440458999705	0.958361747774835	0.1460292233983567	0.32158068590060135	0.9724025802523167
328	5.466666666666667	0.317148739878034	0.5298438158146208	0.9579576331801952	0.32613353809338064	0.7074710662099246	1.4198615156967054	0.3175094587850606	0.9061593970349012	1.8382618591984599	0.34147821229061387	0.6970306864079988	1.8870073280651156	0.3986327979652622	0.7615195181267185	1.8890314238432637	0.28924557191832007	0.9472351825455608	1.87400347357642	0.08995624487015448	0.5063440976701514	0.9556697681049354	0.0713591614355662	0.7082485603204766	1.4131944783760206	0.054045096820247815	0.8755412748274165	1.8172839994463605	0.08277338656774441	0.6887269521796079	1.8832454130049543	0.0034999768060286055	0.7400975763313031	1.8783372066725461	0.061496080928262684	0.9840869778034654	1.8873422124967378	0.2201133968585889	0.30837755509322523	0.27815515791464945	0.23925274233038518	0.17121291883311038	0.043572040703320665	0.22875179162190232	0.1278008097995217	0.19670874347744718	0.38940012356727166	0.3889183311066816	0.3606844026701326	0.440786768006474	0.44873686163230414	0.6625244048263678	0.3883556241120194	0.35744238784720417	0.9039088651811586	0.29264372486403484	0.2499940450119801	0.9817733256865459	0.29680047921828107	0.26315861983613814	1.0081930655360771	0.30791054486972785	0.33529750794378166	1.0029366314859198	0.06823106557565291	0.34088237832287527	0.3625225291673135	-0.03240544592232815	0.40787489222124224	0.6649403002391505	0.08003799954791906	0.32822043710427207	0.8752852353740819	0.19562110883982473	0.2650650586613187	0.9213128567651663	0.20624994245906225	0.2725239314494567	0.950798656362288	0.1592220978204733	0.3498865494730867	0.9653057504651101
329	5.483333333333333	0.31710627092984345	0.5339012267009776	0.9665863920668866	0.3252206606283618	0.7045529573078835	1.4153119551642903	0.3165102675620399	0.9021020587532826	1.8325602820089948	0.34132266232111635	0.6964006821945613	1.8866329104110828	0.3955710006109686	0.746901985236234	1.8847121411665582	0.2912110122474506	0.9590754875544152	1.8730116159405183	0.08943269018425454	0.5073719658044282	0.9595385836939141	0.07135853095041478	0.7083051912806412	1.4132496496595273	0.05408009560315467	0.8756952274320671	1.8174321341565984	0.0829926510986972	0.688517563984186	1.883284704803398	0.002333140815815823	0.7417739796867587	1.8824066007930926	0.061366777409486414	0.9844021604841555	1.8873553622061952	0.2201038863151298	0.3083779043371898	0.2781513856396341	0.23926277452556882	0.17114234931402367	0.043470042264338975	0.22879640284571873	0.12804635421027413	0.19650971097458508	0.3895965735914384	0.3891673433098915	0.36416936705314645	0.43703177319244857	0.4478073409221746	0.6665523030870719	0.37713094808152975	0.35572310813091074	0.9017536382480168	0.2906664788828283	0.24470895705176146	0.9644160460465578	0.2902636415082255	0.24866990787277424	1.003447001146835	0.2880251580702483	0.2993322761993059	0.9985670768331231	0.06848614825608407	0.34299987640219765	0.3692151225361918	-0.032345542853298895	0.4076867924757759	0.6649642805637613	0.0901848498430178	0.31768455570253507	0.8746614883752075	0.19511920528835033	0.2620725158174171	0.9142166097457679	0.21214726364522443	0.2934157638148532	0.940156606122585	0.17895170456092738	0.3891264793873914	0.9709992368969602
330	5.5	0.31281603453875023	0.5323494129430515	0.9675301016731702	0.3251430167303175	0.7043918596946702	1.4152986254715783	0.315881216172076	0.9028160533596568	1.828547247874093	0.3415894512014729	0.6967786202248527	1.8868806059613141	0.39867754305972514	0.7610532742626617	1.8886766153223	0.29116875114648844	0.9589978071970335	1.8728370013878315	0.08941430737857407	0.5072942883216416	0.9597789245889142	0.07136438410711599	0.7083569770430291	1.4132462381458097	0.05409407620235816	0.8759013521289346	1.8174791277132667	0.08289991581637166	0.688522844127967	1.8832569006794806	0.0035511329479607614	0.7401700622461662	1.8784037949746086	0.06482205520314602	0.9870363987358075	1.8838335476505446	0.22008197541202187	0.30834204205749727	0.27815359241013204	0.23912178510532706	0.17138290566605874	0.043422935639339355	0.22864675712778215	0.128343145898045	0.1964459717116965	0.38955153273796145	0.38924526265158743	0.36417834767428653	0.43680573485742225	0.4482290922171137	0.6664467717397742	0.36915327907208645	0.3543248418013424	0.8985600001012451	0.2818689788600102	0.2537050385374499	0.9618758845209056	0.27849383041381487	0.24369739372281185	1.0004661846598613	0.2787035737582013	0.30996409741309666	0.9992671195026899	0.06846226529379947	0.34099288417400814	0.36608167577376016	-0.03186647693905079	0.40770907433132675	0.6690329082218777	0.09638929431937661	0.3057156356944761	0.8742359282480324	0.20788698463981214	0.2741495252562421	0.9096400004401295	0.2187822212904282	0.30474474058307804	0.9359295361604729	0.19638677711148264	0.349569804612743	0.9607260893112334
331	5.516666666666667	0.3132118030007441	0.5349773733874184	0.9711890850968995	0.3260257156047508	0.707297388059104	1.4198884097174875	0.31597417586516535	0.9027173406376328	1.8284329650818087	0.34114975835781003	0.6969541933838835	1.8830759332842433	0.39875502875056945	0.7605146660762588	1.8882623919736696	0.29116240618002404	0.9590087328255555	1.8727624994383625	0.09034371883760414	0.5088851044841551	0.9599928322135752	0.07189696292196393	0.7115741260842816	1.4182391761312847	0.054129841798517826	0.8758811166064072	1.8176140474289824	0.07604366383525435	0.6996307449692137	1.882880349090723	0.0023841046319478523	0.7418518250633769	1.8823828025895275	0.06242912350908829	0.9890184023535163	1.893712822927901	0.21477547810304953	0.3202529082599506	0.27582679372509644	0.23905165931719335	0.17149756590294374	0.04344268820918238	0.22397241799856402	0.13853689826782373	0.19401511444911318	0.3894669019694847	0.38933169716324834	0.36411615296756805	0.4322705862848415	0.46188118544934376	0.6660167205844437	0.3609431446768559	0.356251628416684	0.9021431476024395	0.2756076330076479	0.23279069567538305	0.9500849503390844	0.2573810721795593	0.24789345285697897	0.9831415625433965	0.24348784668682255	0.32596456485620784	0.9870580883426737	0.06274407613590433	0.35270288966623264	0.3642107921631424	-0.03078315237933829	0.4206422865983707	0.6680280768865168	0.10644032219703796	0.29157874014638624	0.8667855878330089	0.19773621839123343	0.24246616409032012	0.8835317658894152	0.22087700288220302	0.28005741472395257	0.9290349167917445	0.20039765043997046	0.3472681095528811	0.9562940357418074
332	5.533333333333333	0.3091478920140484	0.5334504514621288	0.9713595519212181	0.32607445539021723	0.707459676971895	1.4199711550714211	0.31581604315734635	0.9031026095248592	1.8286218770986473	0.34144164457647813	0.6973071929885674	1.8870001197731985	0.3985637025803119	0.7612919524903464	1.8886469902235474	0.2881063045489799	0.9435991186232155	1.8688144522832786	0.08968373436774865	0.5098333193500715	0.9636040327819086	0.07185974671974311	0.711677630893739	1.4182656556347686	0.05357338615996688	0.8813460676800293	1.8274235568908597	0.07671310147057823	0.7037242099109058	1.8886022134321936	0.002420121529187049	0.7419106494962314	1.8824487047403877	0.06241667084058661	0.9887446197239943	1.8936990999467387	0.21471720765527852	0.3200548735219272	0.27580192818875837	0.2354967879284866	0.17022059706442288	0.04378775283587168	0.22396562408179846	0.13791937050799719	0.19095946177376158	0.38946157502497425	0.3885789400517129	0.3605756883554614	0.4322345724657952	0.4617075844127072	0.6661071723229331	0.35413823376659087	0.34198072869244855	0.8951905338780001	0.27164633790812975	0.2271950141561627	0.9363742034308196	0.2499751696428379	0.26086478309560374	0.9785789761392186	0.2318103484795368	0.3214433732557633	0.9766394944843233	0.06244396013192529	0.3525045341382193	0.3606354599054702	-0.03214411348757231	0.40546357025320656	0.6613498875590861	0.11143112068843933	0.28057691404418245	0.8627259749959459	0.20093131430914427	0.25455786585105733	0.8864084168427068	0.22319217834580957	0.2906456727977122	0.9290205596867858	0.21124972799403796	0.3254090548183714	0.958691541137386
333	5.55	0.31243560098390233	0.5324107129220192	0.963625402786734	0.32597158498453715	0.7074072690450497	1.4198424098492066	0.31611976630803335	0.9035983458631132	1.829008996374268	0.3413974793230712	0.697608470182061	1.887201428496342	0.39670766416706443	0.7507102604518818	1.8900734010955975	0.28929100169514566	0.9473738437169636	1.8737053720084522	0.08938474286717535	0.50982065986189	0.959453396675131	0.0712996267411906	0.7083924985984623	1.4133963325755217	0.052980831838544115	0.8779112950378962	1.8223487975015078	0.07671186037955965	0.7037408084770171	1.8886370318820818	0.002437165345233417	0.7420050444190077	1.8825085747596908	0.06566097027876809	0.9915487793735557	1.8901200511056724	0.21475055020712988	0.3202204692333184	0.27583348104636424	0.230798025161924	0.18050930316325023	0.04068407895002859	0.22853426850727893	0.1278281052816488	0.19344468996329608	0.3894358640876209	0.3883573997629518	0.3606253294317528	0.42799204903120963	0.4608678414849436	0.6666761526657318	0.35117653731632525	0.3307436915265639	0.8914259433783572	0.26639971378858374	0.2216719595422872	0.935180705830823	0.24286475052454176	0.26727662851252043	0.9689144117747189	0.2269951041576955	0.31458180783552103	0.973954479910752	0.06239398935822486	0.35256527405967353	0.36056769229357827	-0.031066831584875623	0.4185839301711511	0.660439080961716	0.11239839716951365	0.2802738208145585	0.8668233264932429	0.20804890235097798	0.222009332326175	0.8889776784519097	0.2264836364722453	0.26698012961219914	0.9356730293052702	0.21653815867133858	0.3100480050172281	0.9581650975726351
334	5.566666666666666	0.31284341991233994	0.5323857902306953	0.9669958115117308	0.3265044729353955	0.7070376490926334	1.4233944260761302	0.3165478709350481	0.902251312462077	1.8326055160655979	0.341594144720543	0.696660394513716	1.886843712661157	0.3986680125681342	0.7611589694587869	1.888734544746913	0.28822166870839366	0.9433506108947852	1.8689194674291887	0.09028364944904615	0.508449685869788	0.959747550553801	0.07195341992435356	0.7114077969209829	1.4182560761567713	0.05403954076404688	0.8758637869269382	1.8175289553839526	0.07644558176537797	0.7041717407831329	1.888741591119009	-0.002895675123621496	0.754864866221919	1.8833661834730768	0.06572872401632236	0.9912797969706258	1.890195503469171	0.21473166297899451	0.32009701904091126	0.2758289928790261	0.23073811654567397	0.18056489670075537	0.04056379219501942	0.22395551553815304	0.13783682097679636	0.19096147718709397	0.389397507109042	0.38846571983902733	0.3605700436430292	0.42791962560927627	0.4607680529402977	0.6667887196307133	0.3505752420873504	0.3304360635182735	0.8876612324078821	0.2556011423351837	0.2202059892827969	0.9256015433946837	0.23126381234583085	0.27738510761332136	0.9591297102363273	0.22541400226377192	0.3133870394071719	0.9623762080781562	0.06231249896076126	0.352633195136448	0.3606032570797488	-0.030987210103280337	0.4186049092535923	0.6603571360416418	0.1120738479208078	0.2804855755480993	0.8630047762523879	0.20164055849424434	0.24413726441088043	0.8861732821932324	0.22174811580708195	0.2778869790599678	0.9328767654229114	0.21602530310649876	0.310533349564716	0.9535687541178838
335	5.583333333333333	0.31272894168743615	0.5324602407479715	0.9673049720174505	0.32649241306844623	0.7070099171794846	1.423312712266484	0.31596801093974325	0.9034330473487369	1.8288178223357445	0.3416703011054983	0.6972334127473082	1.887105367362304	0.39868816907563537	0.7613892849792313	1.8888459693258057	0.2882707985078042	0.9434931197688193	1.8689854503358239	0.08968649010948296	0.5097360337809166	0.9634894434051221	0.07190878072355279	0.7114616789078966	1.418283857596239	0.05401307543131183	0.8754573657768833	1.8172087301831408	0.07642202169921136	0.7041769794693693	1.8887025371237138	-0.003889495824808158	0.739121978307743	1.8788116506385533	0.06488898877681322	0.9870035534694593	1.8836446395814122	0.2146638479959441	0.32013520341669727	0.2758252191306744	0.2307000204216243	0.180644907428999	0.040520616834079044	0.2239420549569485	0.13794778368576188	0.19085275433741797	0.38935758498787615	0.38909808902621223	0.3642790709864595	0.42757248260371505	0.46183668387051846	0.6700948946883838	0.3433955338507077	0.31858252099127515	0.891667763925594	0.2555504733369	0.21957222854454692	0.9185242425490622	0.22194264264925986	0.2838528251803631	0.9537623979407879	0.22338702445139336	0.299685324260839	0.9555223266230619	0.0622156348400129	0.352820695022577	0.36064290845732505	-0.030972930368748756	0.4208722072630173	0.6639439417355449	0.1185933748171944	0.2814333541552238	0.862491622539306	0.20403721415593246	0.25592717337956816	0.8831844148205384	0.2213221477981985	0.27923314514940273	0.9288950395761931	0.21637057075835722	0.3100571356569615	0.9504962912024061
336	5.6	0.3126116789532996	0.5325334493044199	0.9674752639093744	0.32189462222781917	0.7060872470224703	1.4199227627278785	0.3159697507092364	0.9038335957311483	1.8289803807808684	0.3418392509372702	0.6971284936837395	1.8872727275723336	0.39647196178325805	0.7466228568064962	1.8890853208451384	0.2933967378397926	0.9507865299925972	1.8747958291977538	0.08958083815049693	0.5098734255269807	0.9634451984491921	0.06966897620027335	0.6938028659744341	1.4112493612527954	0.053396652147219205	0.8717867622655964	1.811925321566031	0.08243331858583265	0.684584161176293	1.8775608525317116	0.002710953437055975	0.7241220400732151	1.8736890608138335	0.06472855415794697	0.9878106892101955	1.8836577913219041	0.21452667619497567	0.3202793971841053	0.2758240715315434	0.230453783063195	0.1802712599373541	0.03725646525830022	0.2200441711261504	0.13676158033467486	0.1912336104273348	0.3863221230924196	0.37785395311648184	0.3629214766628171	0.4275153190536104	0.4616221304206546	0.6700824431467686	0.34314617822278515	0.3178860273787792	0.8879880346487627	0.251154148140741	0.23074694800415033	0.9150536415323716	0.21776110729751233	0.2950501467557185	0.9512501241390761	0.21792129869662086	0.30956616501987316	0.9486514320313159	0.062246476655493814	0.35475686768195397	0.3638228166084077	-0.021353826832087926	0.41132208313462487	0.6675175842980784	0.11877822080414241	0.2816191160030148	0.8628999390292315	0.2085843601375319	0.2766914239678013	0.8794803766401889	0.22363493592932673	0.2909432801392811	0.9286322996006574	0.21673396679495063	0.31032121874579843	0.9509009876610944
337	5.616666666666666	0.3126096764296771	0.5328175163836343	0.9674610100393768	0.3222680224563095	0.7056239407843036	1.42335316243939	0.31708143767351565	0.9075482189067294	1.8345450476233363	0.34169544606698143	0.6966750371342119	1.8870829037654644	0.397448180319334	0.749731868477719	1.8940417066246704	0.29753259603171595	0.9700483960998877	1.8842314989461983	0.0900729280265818	0.5087505401778971	0.9599481166703077	0.06456153596806052	0.723749089162137	1.4162432002384489	0.05404778964910853	0.875616736235941	1.8172152118475153	0.07738350601666105	0.6975892345492138	1.8786172564347277	0.0026959749237729013	0.7242014703333718	1.8737109481204528	0.06477178038046784	0.9875712719856812	1.8837243354596331	0.21459159471575162	0.3200161714014548	0.2758025460174284	0.23032163831599925	0.1805357313471095	0.037153868508718164	0.21986624210061106	0.13692260350047367	0.19114819519407691	0.38630849962710306	0.3778053793308103	0.36294563048260753	0.4273327692695316	0.4619839477812658	0.6700784249152564	0.34232776577938795	0.3162595472778256	0.8845385860030966	0.25017947947940256	0.2309996491126324	0.9149454141517381	0.2178595842533245	0.29498460793889586	0.9481512391875369	0.21779381979085616	0.3100864989684338	0.948336624982388	0.056515335341587536	0.36672923042945876	0.36192970485814585	-0.021600732668423144	0.4115466550238387	0.6636861388834866	0.11878683784934546	0.2811175268523559	0.8628125643036828	0.207856300155155	0.25098964388304285	0.8791045741975312	0.22827667489231307	0.279164505034006	0.928090336260695	0.2166835285177344	0.31034548117945815	0.9504439373551559
338	5.633333333333334	0.31651426362900464	0.5350942675910815	0.9677872303990848	0.3264275154422195	0.7070713832500288	1.4233303709733434	0.3158956252935349	0.9038519902161873	1.8289747033852781	0.34157769835756574	0.6965346419104769	1.8869126914082204	0.39623830459831294	0.7462420477455257	1.8887623499021395	0.29331584150285567	0.9505049154916606	1.8747884955603478	0.08851806663285092	0.4956585966820592	0.9597751694011162	0.06360254952246261	0.7123346022593865	1.4189925552978555	0.05337856075854229	0.8718997255100066	1.8119438114114568	0.07725958196473552	0.6977936596769304	1.8786140385448022	0.002659893070803987	0.7242809052261026	1.8736583829549804	0.06477509825513451	0.9875554701342082	1.8836483591980262	0.21454914208493142	0.320176362791379	0.2757503272926562	0.23035496553634394	0.1811752269749193	0.040178995786777	0.2196904611899202	0.13680306529349398	0.1878788171744862	0.38624115176787893	0.37718922333748517	0.3592399517185385	0.42730918972299875	0.4618994616401531	0.6700250374349296	0.3390061917926733	0.3139549743856876	0.8845648555187057	0.24418074014843477	0.24413480951362396	0.9116796960462443	0.21832499736409905	0.2943478310392543	0.9448792650435089	0.21324328501955786	0.3087374038181232	0.9518712682891278	0.056462708271651174	0.3668194213328153	0.3618905688570853	-0.021115640581753567	0.4107444581971794	0.6605561038638227	0.1190049472285033	0.28373629740978357	0.8664252654382285	0.2099658533614285	0.26243504480920066	0.8789125481304142	0.22345070241206832	0.29099602557212495	0.9285375117208274	0.21660301317324587	0.3108454987876722	0.9502007999811606
339	5.65	0.31653818029286374	0.5350273799040485	0.9676621066988862	0.32187042896644624	0.7061269980700021	1.4197607819691629	0.3164466694847309	0.9026000415576286	1.8326376331881837	0.34164483276806273	0.6969499689804712	1.8870914853974659	0.39626189394699235	0.7460377645465414	1.8886338063914472	0.2953541137136703	0.9627179744784257	1.873906912616357	0.08849509444179114	0.4956462367003529	0.959888889753391	0.06514959476109278	0.7270978855913165	1.421210642192308	0.05337030168847812	0.871671945726176	1.8117969273024976	0.07731905178695261	0.6975952104476357	1.8785734898616815	0.0026335416308632866	0.7242129236254743	1.873641610488115	0.0647785713329418	0.9873563925095216	1.8834836296938573	0.2145851259991956	0.32018677193762074	0.27574169312945923	0.23012770321468887	0.18087280982991352	0.03697752210446725	0.2195869626605475	0.1369207779303432	0.1878303151931655	0.38623366769169043	0.37715171523922114	0.3592352623600846	0.4273087878063669	0.46188023494374175	0.6701458346744005	0.33437608245932504	0.3135337775793964	0.8884814798453543	0.235302506588401	0.2786788654689454	0.9086354324783122	0.21295401133824243	0.3077154388384966	0.9442483120597511	0.21264269807852737	0.30706985775204615	0.9485559305587699	0.05639123314769954	0.36691441287411347	0.36189479972788724	-0.02099984872526505	0.4115271590290694	0.6678510959628352	0.119215363929097	0.28415522669806603	0.8668056149507672	0.2170161096470097	0.28182908406182	0.8884431874669897	0.2259433699247018	0.3050407856487386	0.932347412952705	0.2171685938492972	0.31050804336680987	0.947408738991826
340	5.666666666666667	0.3171152983465182	0.5375108661204635	0.9713192372212662	0.32642747888466994	0.7069500531483857	1.423411160205014	0.31648556479889994	0.9024866130398517	1.832667813858856	0.3414820445368168	0.6963755317670038	1.8868279139028066	0.3962898895335099	0.7459327805263657	1.8887005576117815	0.29641871240206663	0.9663356070676593	1.8789102511058429	0.08886885734718251	0.498257699950079	0.9637867237827517	0.06359310969650266	0.7122055970318426	1.4190326898563237	0.05278427969109168	0.8727648911005953	1.8074605240358275	0.07594043367747785	0.6991647404965404	1.8826706605254477	0.0026241772167626587	0.7242738273240166	1.8736999085275956	0.06485575842922521	0.9878558397164132	1.8835256270429468	0.21446973553031587	0.32026287725899616	0.275696427997761	0.23034954481514375	0.17957266437677455	0.03720854894082384	0.2195205852881361	0.13693126193212868	0.18778506276311635	0.38610212185529175	0.37732585602379487	0.35909115394265184	0.42724023774416375	0.4619128357880399	0.6700649027480656	0.3341882178207875	0.3134131162548685	0.8886252660820902	0.23085767250400138	0.2756617286840947	0.9119172518633515	0.2121338111439954	0.3054408564460632	0.9410555072663805	0.21263000169761545	0.3095726776701818	0.9518175803185963	0.05636981458086109	0.36693528121306684	0.3618965865606453	-0.020868761186536525	0.41166866080744924	0.6680668857602892	0.11927147063198577	0.2845394456499946	0.8670989454037402	0.21270781821927312	0.2944923805023994	0.8925369312001626	0.22539097928618373	0.3063636000832275	0.9358723380931332	0.21871108769457423	0.32187916490311347	0.9478480017297208
341	5.683333333333334	0.3170865474472276	0.5374513939633044	0.9714253811090424	0.3222421321236176	0.7054838522951192	1.4234445239570546	0.3165373678672505	0.902412843350253	1.832677399546377	0.3411854701138563	0.6960508677591566	1.8865552151392548	0.3962116421106778	0.7456820890769121	1.88851321122074	0.29648478095721464	0.9665600957690164	1.878974301338016	0.08882439190568642	0.49839437209582155	0.9639355555535389	0.06342186216756585	0.7125929333126622	1.4190614834177884	0.053390680488145915	0.8766249772372161	1.812811303938097	0.07596466912486043	0.699336290483496	1.8827465858562988	0.0026690041324206604	0.7243652124658246	1.8737435646365008	0.0648803818998982	0.9875622513393442	1.8835801103024887	0.21449765519773933	0.32028596455203406	0.27567420786563385	0.22540457144430748	0.1894834549151436	0.03095934516220893	0.21577508906983156	0.1354114671905354	0.1882940502769857	0.3858389713802649	0.37544164147535336	0.3560731143561475	0.4272359609505383	0.46197293451069765	0.6700722358210748	0.3340613794132617	0.313533093412592	0.8887661152150022	0.2244086256250267	0.27658012506250623	0.9159614499211516	0.2114586224564419	0.306418991772599	0.9443523831509472	0.20759319018635	0.3214806383767068	0.9526047844149534	0.05636464100252592	0.3669956039538403	0.36186237603433213	-0.020819629499156157	0.41172157365767464	0.6679799097503417	0.1191638095622078	0.2848836678066152	0.8670384628769309	0.21271937251616785	0.29567373127464547	0.8926775686762609	0.22517449251683436	0.3073617936815175	0.9360265107730062	0.2125676238611256	0.32455376702324856	0.9519989496035381
342	5.7	0.31708800059388464	0.5375193930410609	0.9713772210456593	0.32226960658538273	0.7054237792080725	1.4234393777230947	0.316544888503977	0.9019881270200554	1.8323936501976867	0.33700531868104355	0.694628339970794	1.8862499924580534	0.3919192969720143	0.7437670365988056	1.888049890949606	0.2953549738825864	0.9625550810362886	1.8734418405847182	0.09019019398130901	0.5115854061028428	0.9642966582267362	0.06343546122102926	0.7124701857870998	1.419024285489261	0.05277496779549823	0.8728471014909682	1.8075195546675518	0.07698420627687468	0.6981103208964498	1.8787249608463927	0.002649142871498621	0.7244839163981117	1.873766809756585	0.06488450132403066	0.9875378949143582	1.8834544236117496	0.21442053452463897	0.3201555629955694	0.27564745613172814	0.22536250867430418	0.18961018531482077	0.03101764247410166	0.21571087859478308	0.1355304264295988	0.18821543295314194	0.3820282522384972	0.37347435556809894	0.3566031745620285	0.4272104176733085	0.4620800274347013	0.6700979152834516	0.3255717517901391	0.32387590724067034	0.8893795027649063	0.2262056508316785	0.2864497474184226	0.9243360245269491	0.21200439570093887	0.30877072900050073	0.9517582596833747	0.2070997469278577	0.32267540539831313	0.9559061476481445	0.05640287603405407	0.3669965277989211	0.36181985008543105	-0.02086323764366821	0.4117243544849843	0.6678848143441937	0.11911099088864692	0.2850914463225912	0.8670931903608494	0.21289032297733498	0.2965268673789758	0.9031834893690427	0.22508951114429168	0.3074856278034984	0.936344358218545	0.21170871327645585	0.3232040560503847	0.9517059082420863
343	5.716666666666667	0.31656096649741616	0.5348552773050752	0.9675298973643682	0.3214523910181407	0.7021880951320538	1.4188832962098534	0.3163740629639887	0.9020212463352558	1.832254143851003	0.3413424921748986	0.6982146855360797	1.8873998700684498	0.39495585935333316	0.7588036621972589	1.8926453554009668	0.29514915810224984	0.9625785806560808	1.8729853323375771	0.09017496998554338	0.5115986206997205	0.9642720067297033	0.06292268839400025	0.7090453839702503	1.4141490395592304	0.05282364341825197	0.8730372181011433	1.8075951437596733	0.07588247813578418	0.6993153245078221	1.8826863324608716	0.002646624056153378	0.7242303747750465	1.8736694223164518	0.06496224401663987	0.9876738221904973	1.883704354572873	0.21446302649152243	0.32031813674242665	0.2756525977751322	0.2251758933672288	0.1914822311915811	0.0338954039373541	0.21562388828446674	0.13534443047138658	0.18834007291015953	0.38227349115724757	0.37541617693090895	0.35953155045392143	0.4275052418444833	0.46098101634788125	0.6668711952068568	0.3258012228148651	0.32355911159814443	0.8926708686072855	0.22430019543550442	0.27721198198798397	0.9247996972996319	0.21159397298690888	0.30942675647322376	0.9550284663281741	0.2071210866357279	0.3227295834163745	0.9561763981814566	0.0563454848456558	0.3671423793705072	0.3618215723132542	-0.02094536986916339	0.4120563624996718	0.6677722627282864	0.11375092693520243	0.29701767964114095	0.8740367508176468	0.2136995622445468	0.2979076335190053	0.913047494627223	0.22304129749589374	0.2967452189126198	0.9432926302402407	0.2109977728730897	0.3238509193422944	0.9550375520406205
344	5.733333333333333	0.31706327431820847	0.5374165846887287	0.9710153661911732	0.32151310052188253	0.7021836819681455	1.4188471468585993	0.3157838910029195	0.9028751976171288	1.828454544117664	0.3445104911619312	0.7127022488930296	1.8917185046562701	0.3950245950473477	0.7586911484956199	1.892587542519222	0.2920314816836948	0.946907047801392	1.8689284167555689	0.09013586060550084	0.5116332423409369	0.9642061307676763	0.06286710949530412	0.7091560001320677	1.4140728438481145	0.05340352502941473	0.8717522176049987	1.8117636008287663	0.07583612511351868	0.699276339348618	1.8827175676135348	0.00257459349687395	0.7244286946640192	1.8737116392846416	0.06497211756164219	0.9874838212694313	1.8836092306773158	0.20934286379575337	0.3317368887069716	0.2733983541284504	0.22513954370169542	0.19146583678414394	0.03388450239487631	0.2155382941632438	0.13541565090778288	0.18835538217837078	0.3861111767713732	0.37733725981900634	0.3591111271660796	0.42748095763920413	0.4610913214976409	0.666833501302063	0.3258391585028199	0.32394148632433145	0.8927389567932228	0.21949750980108476	0.28994057130720935	0.9252995374146705	0.20671424375723332	0.3223972706592362	0.9557864608772205	0.20712937478143403	0.32322971603505646	0.9561856396709176	0.05632329676267623	0.3671681825827907	0.3618448804646847	-0.020995207009689654	0.41179074374558017	0.6676983183915761	0.1189179930028082	0.2857432140611446	0.8739964278096253	0.2132622451798856	0.298502025522484	0.9101559105047478	0.21913949086668874	0.32045657125365623	0.943713765043261	0.21089735119756645	0.3241811463915464	0.9549387147002543
345	5.75	0.3124854535919632	0.5500663733722998	0.9677496742901991	0.3223107883912833	0.7052195875387153	1.423376515746853	0.31630463748567805	0.9019674902793923	1.8321987019916377	0.3372168285199603	0.6958745831408651	1.8869395523336685	0.39196678897040377	0.7445659778275634	1.8886223830830549	0.2951602405276924	0.9626448294458675	1.8729505084428495	0.08867135947839816	0.49855426965808153	0.9639129938760679	0.0629653750795536	0.7090447777735843	1.414069301263247	0.052742773665030246	0.873055291946765	1.8075711415248854	0.07575672542509855	0.698993895895319	1.8826113491250556	0.0025691291383533933	0.724312558211792	1.873646303386384	0.0649549874800137	0.987916226513604	1.8836845617986813	0.2091750827240313	0.3318237441666542	0.27336088938918973	0.2250972723592713	0.19139868963347773	0.03395698865667955	0.21193805058729087	0.13440382029325915	0.1919880113497958	0.3858383739386814	0.3754228750201474	0.3561494411978926	0.4274884573745134	0.4609460817405438	0.666749641134319	0.32960274165414605	0.32547514452827947	0.8924841111113228	0.22143260272410026	0.3009674607643783	0.9256666811032581	0.20700534486049288	0.3224446664069496	0.9557683606696517	0.20738381640174194	0.3233701509737026	0.9562133062077783	0.05624802701440804	0.3672254653448534	0.3618294843384316	-0.021057526661807238	0.4117696610162964	0.6675170702679013	0.11317910112100621	0.29724912731661085	0.870543012492547	0.21323929684743784	0.2982764525109647	0.9100899156318176	0.22371147648532108	0.3090642803125263	0.943130304241642	0.2059110793979247	0.3358771241884689	0.9554744835743091
346	5.766666666666667	0.31248900951497544	0.5500062682141298	0.9674943782776635	0.32150010159477493	0.7022583582827909	1.4185616911687473	0.31615479995197876	0.9017974887532587	1.8319811976600733	0.3373453422991666	0.6969188621545476	1.887335067487528	0.39908583201657544	0.7606931966506462	1.8927922976968332	0.2920102538166182	0.946927854442964	1.8687726677147762	0.08919928065566926	0.49736549426049004	0.9602994474962768	0.06283263440080777	0.7091623381439074	1.4140763765672806	0.05282880420784988	0.8727853792849295	1.8073771292556702	0.07677112188230471	0.697619887854468	1.8784389458871822	0.002615063929829123	0.7243227132606438	1.873571564766208	0.06502611637762967	0.9877391694092587	1.883549124321304	0.20915467820177344	0.3318018281271474	0.273327142183345	0.22163143270657146	0.1906455888107362	0.037584262337690806	0.21189110892811544	0.13450070530644484	0.1919531768703994	0.38581312566409787	0.3753701364553833	0.3560542678554982	0.4275062636640773	0.4610106964618367	0.6665586191142835	0.32964846623467914	0.325667570912774	0.892509011777009	0.22138027119309042	0.3015071745992025	0.925819061301221	0.20699582979016662	0.32284589274921016	0.9559108578166826	0.20745032420586895	0.3234786310216511	0.9562726815043474	0.04656177833634263	0.3774971079311138	0.3602827913229935	-0.021467474575620607	0.41182571019620035	0.6636202408065515	0.11314714097923145	0.29721647650383964	0.8705656521422497	0.21377199241137934	0.3004408559586264	0.91348911084405	0.2173850398456476	0.30922723290044735	0.9436052233058196	0.20585925126104115	0.3359793712339131	0.9555139985606608
347	5.783333333333333	0.31744554095713723	0.5362660625091183	0.9667551396002969	0.3222717854264614	0.7053541475320382	1.4233210974581196	0.31622784492326583	0.9020557188888091	1.83214845138192	0.33746681081215985	0.6959703644875954	1.8869896809416171	0.39915374478589877	0.7602997499539298	1.8925597079533838	0.29518530766850537	0.9626101627355044	1.8731124725723414	0.08918584464628665	0.49738409542236284	0.9602623458251465	0.06283209601051423	0.7092898241533074	1.414170336197663	0.05286260044680573	0.8725830474390969	1.807356645171107	0.0756438237443453	0.6992014604089092	1.8825725062803336	0.002551721348778377	0.7243858643515568	1.873646955839301	0.06500846352897462	0.9874657759750131	1.8835074511928547	0.20907690636703016	0.33196593064135743	0.27333425285567003	0.2215970914636308	0.19068065423862765	0.03755288780649262	0.2118888449157902	0.1344945921353309	0.19199593996586634	0.38192605276750896	0.37362309267142213	0.35649774642192045	0.4275026152682585	0.46097405364794797	0.6665194993935255	0.32961895945261827	0.3257927185776506	0.8925323663918994	0.22118291366936452	0.3016364971729036	0.9259557526437552	0.20689219100459572	0.3229029897178577	0.9559129583245279	0.2073049711842523	0.3237066130945742	0.9562217479989901	0.046457217330102066	0.3776812209717584	0.36027660349452695	-0.021163276368587013	0.4116389105223635	0.6673610462508512	0.1131712247592682	0.2972748426441995	0.8706633860215081	0.21398095901192005	0.300675647603063	0.9135934424555301	0.2239671179406957	0.3093449809802197	0.9432880519357291	0.20581673516751328	0.3361140931834138	0.9558247657994713
348	5.8	0.31748274044131347	0.5362398994125771	0.9667889944932283	0.32651188586960883	0.7067816541695016	1.4234054692162434	0.31656159255772504	0.9017955138678668	1.8324443459964013	0.34160132837401397	0.6976275049554772	1.8873622107912142	0.3992079276709295	0.7604306390267607	1.8927931807232319	0.2923983197695554	0.9465270725286148	1.869554146388222	0.09063869871987652	0.5102906483001284	0.9604054236686974	0.0634739863117286	0.7125041823159883	1.4191242272492584	0.05331185692308874	0.8716071950021527	1.8117921930705418	0.07598325906718462	0.6991494322049341	1.8826445978553936	-0.0038652353465235697	0.7385900970150546	1.8786613299381816	0.06532972545795313	0.9866330171899248	1.8868933460529633	0.209136148776886	0.3318270873186105	0.27340212314278906	0.22158077810995017	0.19068730324693103	0.037508232254105024	0.21181852077065066	0.13469110572288667	0.1920202217947687	0.38185275475071623	0.37365974759929976	0.3564490347835756	0.42320455443797544	0.4745087393847065	0.6658573542354334	0.3291295941894499	0.3258363326439232	0.8893411260274466	0.22552397522289672	0.3064483880144283	0.936436009200554	0.20758100958829406	0.3250293768357459	0.959383164288239	0.20667657950416315	0.338864065348901	0.9569314450216333	0.04670601751403445	0.37720162629278237	0.360800560404002	-0.021192275593071897	0.4116169619996806	0.6675319362310287	0.11318779218599752	0.29772167882824785	0.8707235880934129	0.214372536199229	0.3007242803523334	0.9167100755785655	0.22439957050286993	0.30891698397211276	0.94707994050969	0.21118865426169184	0.32673572791307964	0.9591208391319298
349	5.816666666666666	0.3174346998409302	0.5362441001515899	0.9668795650518893	0.32640034845888066	0.7067427122999973	1.4234330356056162	0.31656490901945	0.9016850495777337	1.8323541857306747	0.34153581596982746	0.6969752382892346	1.8870893179893942	0.3962435159585458	0.7460018872964919	1.8886306959990686	0.29543691100127484	0.962249728056988	1.8736250487536779	0.08918043083350453	0.49736833161656663	0.9602824251952956	0.06347777323090717	0.7123325857608016	1.4191320473511069	0.053343480776482495	0.8712638187446706	1.8116436706202317	0.07581251920003332	0.6991111722526824	1.8826043915160013	0.0024768274489113977	0.7244184579984545	1.8737822744157717	0.06535698592585489	0.9863348321682055	1.8868892086066995	0.2090965663269313	0.331811550258751	0.27341410528406873	0.22159833479813856	0.19065283163460922	0.03757830383229587	0.2117813364557288	0.13463445535546634	0.19201921445101233	0.38190346424495564	0.3735552820960316	0.3565298447589361	0.4274768937173207	0.4611621751519436	0.666608321215369	0.3291290675884538	0.3259520232760831	0.889373061397756	0.22168017831135878	0.3020034301318854	0.9301426395540467	0.20745032692069207	0.32551662319222224	0.9592795981231217	0.20809348158934513	0.34972876716397777	0.9572292257644146	0.04644387088364744	0.37707509541848383	0.35724439269581626	-0.021235322051702206	0.4115842959041661	0.6675091505462779	0.11320032576572661	0.2976628173520757	0.8706364430706622	0.2143888691392915	0.3009921792304937	0.9166992212215299	0.2248610668008456	0.3082798297668899	0.9436332185692008	0.21114761872167362	0.3269155264930188	0.9589972245286795
350	5.833333333333333	0.3174176309288692	0.5363011885575376	0.9668103029025785	0.3255705071570443	0.7037572011696419	1.4187735004086846	0.3165074479511303	0.9020469659213048	1.8325023210084552	0.3414908105395028	0.6975489259874968	1.8873274708909076	0.39631247613970927	0.7461477452424452	1.8888062853311276	0.29537192706931875	0.9624637097588519	1.8735959144308836	0.09058586166457296	0.5103622974622397	0.960473265098412	0.06344719752883492	0.7125221449901017	1.4190949032995088	0.054434062906654354	0.8700475799384461	1.807262385753938	0.07760583231942346	0.7013291235120978	1.8841919239551914	0.002501224010459998	0.7245088619117158	1.8738337742786153	0.06488494591267581	0.9874614346723503	1.8835530504969338	0.20907153156838162	0.33196684218192735	0.2734074999029686	0.22159910222689275	0.19062805987586376	0.03759773613864896	0.21172569140932773	0.1347044063009118	0.19196082885051846	0.38185225885399116	0.37361242169085	0.3564603197072533	0.42317862699143416	0.47445693000953215	0.6659154367125237	0.32913570528910346	0.3260137464057838	0.8893466652326008	0.22182340802681907	0.3034086757247331	0.9335910421596295	0.2121452912338507	0.3135269361115044	0.9586717827390083	0.20398750219976447	0.34692620077430725	0.9573632647033938	0.04643905781247234	0.37707130445786147	0.3572134305887988	-0.021170077815597065	0.41169732491714567	0.6675914312172069	0.1131831001616915	0.29773621664875455	0.8706708368215959	0.21442382479056415	0.30104134662869	0.9168017520758613	0.22445381139061812	0.3091874964040977	0.9469301093600769	0.20611766960417785	0.33869372119858737	0.9596292183303533
351	5.85	0.31747507625354277	0.5360929955661685	0.9667221263991439	0.3256134803482401	0.703828178124191	1.4187689847494802	0.31639514335388375	0.9016148614940771	1.8322484645652546	0.3372796471799507	0.6954416475171137	1.8867741078109395	0.39490018508675634	0.7585442361825309	1.892460213034115	0.2922224315164664	0.9465058194525973	1.8692547342414587	0.08922715479180539	0.49728047953252713	0.9601635832614122	0.06339991357893553	0.7125274028825543	1.4190487262600233	0.05513073808624454	0.8737357478786031	1.8124927914354034	0.07700566601243695	0.6984915633818207	1.878735187462501	-0.002944661262686663	0.7548033323038777	1.8832815855077025	0.06673329004655335	0.9846950973949253	1.8822029053046316	0.20526501241018186	0.3308781518568408	0.27372026694165913	0.22157152485997114	0.19059035466088234	0.03758333397548064	0.21171996046815753	0.13473099830246602	0.1920116764889158	0.3818306004600465	0.3735419431739604	0.3565096639103168	0.42319249810023296	0.4744379309358177	0.6659526882967868	0.3290397275705038	0.3259395604412325	0.8894028553156952	0.2251535929122065	0.3046313551003949	0.9333267453143558	0.2076460945371017	0.3252658678290473	0.959412003335273	0.20844760412513502	0.35173701158426857	0.9602956106772995	0.040527385525919134	0.3892819666178763	0.35521336726650166	-0.021175175136743912	0.4117250837478977	0.6676087985193067	0.11320244056958284	0.29785961268072786	0.8706999422150105	0.214464215861529	0.30121196535806566	0.9168082567613174	0.22441746557678213	0.30940299401228416	0.94691891402687	0.2061271052651335	0.3387275441889157	0.9597306543598411
352	5.866666666666666	0.31743218399672335	0.5361961260756167	0.9667994389544328	0.32366208283339737	0.6927765555097194	1.421418396983285	0.3165310622490726	0.901851718859876	1.832500660441434	0.34144357937220104	0.6967800546048393	1.8870380406282659	0.39622962910452125	0.7458894288101875	1.8886543314828035	0.2923940772667605	0.9468156703045969	1.869663412637169	0.0892069524791329	0.4972355121268923	0.9602769847592745	0.06339479772043996	0.7124406167776596	1.4190106943320044	0.054488014310836455	0.8746124536415048	1.8081304152410773	0.07767658629047137	0.7016814477797825	1.8842395996284365	-0.0038326525861563884	0.7389096491498756	1.8787317438676954	0.06697719112696408	0.9891364069127111	1.8850259231923536	0.2090293714759483	0.3321378239267664	0.27339214094063224	0.21957744107565264	0.18001697202413067	0.040873524966326215	0.20703166855392305	0.14458709640549047	0.18960935831848075	0.38181662177874587	0.373543533352349	0.35649534896885066	0.4231445295229306	0.4745834886604243	0.6658993519917268	0.3290708509718485	0.3259724968030388	0.8893839704891778	0.22195010155414832	0.3036262166672192	0.9336266101263828	0.2121492560396933	0.3136011432346256	0.9586453597150587	0.20428553391160467	0.3491971520801016	0.9604569068910593	0.04038405153505272	0.3900378708256124	0.35819747229936194	-0.02117807332432626	0.4116345451633123	0.6676384921880814	0.11459525573426457	0.30926122881313794	0.8704805282483682	0.2141217078854293	0.3013344555221779	0.9136465829929047	0.2244145829198126	0.30871222866489534	0.9401276869932912	0.20612810974758966	0.3387817147025512	0.9596498348280982
353	5.883333333333334	0.3133544988797915	0.5341989270244126	0.9670105253859106	0.3236505893301866	0.6925606726799124	1.421177131369631	0.3162883106613938	0.9021768343988158	1.8323217152348736	0.34125408785460193	0.6972699834308558	1.887073839545225	0.3908246022325622	0.763028805538745	1.8943715863642783	0.29227872749892414	0.9467871096927614	1.86930347065151	0.09062549207366248	0.5102126634556947	0.9605102964165264	0.0634916938395259	0.71246299443538	1.4190823966336295	0.053975776130209666	0.8754753952646324	1.8171539060345976	0.0776989473221694	0.7014846033084741	1.8842226862000564	0.0025472151992328987	0.7245101965017342	1.873889529221489	0.06485321376231731	0.9874529132267703	1.8836160715794077	0.2089906727373247	0.33212850311972714	0.27339017245675046	0.22151694207808312	0.1907066266347972	0.03750992028810789	0.2070288768390863	0.14462128271553973	0.18958958117814817	0.3817888730659902	0.373569864299048	0.35645496863654935	0.4231078160866394	0.47441302202213215	0.6659200759293165	0.32903359643881275	0.32597464706759605	0.8893725545960218	0.2212778644736158	0.3045390485528836	0.9369185411567006	0.21182491489375033	0.31124447622606016	0.9554322164732009	0.20802727520991415	0.34968225018016014	0.9572561181711688	0.040519221233302496	0.38930435866690205	0.3552083924538954	-0.021152931711864865	0.4116230776566899	0.6676863119415335	0.11316425181305251	0.2977796373578145	0.8706172035190599	0.21437247414408564	0.30096719087541873	0.9167393400688445	0.224817835900412	0.3083482544198475	0.9436242630946461	0.20606502679191943	0.3388208869421229	0.959716345556712
354	5.9	0.3169121126083452	0.5335674242634973	0.9628253884286276	0.3223082556621821	0.7052277552231498	1.423303490137194	0.3164170455638859	0.9022073373037592	1.8324510003440453	0.34135223631632033	0.6978646571571793	1.8873842486306027	0.3909678721854654	0.7636170424790373	1.8948000011058668	0.2923019629444959	0.9471280428347344	1.8693748446456737	0.08921513101995757	0.49712289662107745	0.9602027098745132	0.06350582532342312	0.7121387327321901	1.4189183948525825	0.05337653768756086	0.8766340071817719	1.8127575980855706	0.07757310527282327	0.7019996897496122	1.8842349924104456	0.0025023899901304024	0.7245428932630275	1.8738198862716275	0.0649220970020544	0.9877268660565173	1.8835491691530712	0.20899548866129797	0.3321435979862664	0.27336679351790605	0.21955725585376049	0.18001828727115307	0.04087443462071791	0.2070295105543824	0.14462689605389764	0.18954728324653056	0.3818080619870316	0.3735873421034758	0.35650665674420406	0.42306937463147176	0.4745507133441984	0.6658530085490825	0.32904516565708625	0.32601643411571574	0.8893239304748801	0.22146933132761495	0.3017106632619374	0.9307831481220912	0.21192104790731509	0.31132009785797154	0.9553593500974467	0.20414021646771247	0.3493100692401684	0.9603802153060647	0.04036893067143044	0.39005603523601123	0.3581824293895614	-0.021098718439109633	0.41172672344747385	0.6677123257412966	0.11361370831445364	0.29748370202083285	0.8743845844268803	0.21435984750408044	0.3007246755915708	0.9169262020002676	0.22484237934788023	0.3082362948943752	0.9436267687128174	0.20579756631464505	0.33645593315719735	0.9561613274876266
355	5.916666666666667	0.31692836026041304	0.5336891540052363	0.9630245696371214	0.32633959914467164	0.7069241797384731	1.4233195041160935	0.31639199891869496	0.902108959018755	1.8323402847296997	0.34151704372890274	0.6968744787116076	1.8870048197277878	0.399126898371538	0.760567291434812	1.892715350723963	0.29222972539066344	0.9467762782663375	1.8692861794133346	0.09064207911461218	0.510262994875691	0.9604148162298567	0.06354763117533314	0.7122117004206643	1.4189457943153663	0.05528109173695415	0.8874371334221915	1.8071037820852038	0.0769896132020485	0.6989184965433918	1.878799003203107	0.0034675150411631397	0.7402467867639579	1.878333195305753	0.06632434026499871	0.9865270570590559	1.8786171777392218	0.20894820000243405	0.33213890069930235	0.2733271660913047	0.21956042555038943	0.17995811059519481	0.04093369458043916	0.20698215530014935	0.1447515290603386	0.18949663118864515	0.38176238620452524	0.3735381716953991	0.3563944063623529	0.42305115706722324	0.47468990626582513	0.6658252782698105	0.32534512052448294	0.3245871384574585	0.8894993763389399	0.22576903750266275	0.3030073346464402	0.9299512808695906	0.20729928831296057	0.32290000711096706	0.9560778128387036	0.2023001909113856	0.3366118842069346	0.9570477627312671	0.0404589554582778	0.38934361397562006	0.35517416114450046	-0.021144214564999743	0.4116790238516142	0.6675442564931185	0.11460521776511617	0.30931928842427814	0.8704203722714678	0.21424386360143227	0.3010000960065006	0.9168341603217969	0.2200126010004171	0.319379132523057	0.9441904366820794	0.2057272957276799	0.3364693672952716	0.956130794647278
356	5.933333333333334	0.31742132118824046	0.5364044359090155	0.9669578354148038	0.3264174398001011	0.7068457251206933	1.423219210344463	0.31648095787393427	0.9023741477886459	1.832661215722683	0.341839929121494	0.6964294430600589	1.8870366342731077	0.3962311519367199	0.7462198015820579	1.8887991184821187	0.2924213522076714	0.9468190310499592	1.8699113708765744	0.08917114068186328	0.4973600626823957	0.9602912394636118	0.06507691835733291	0.7270993720986392	1.421182582927212	0.05529587902196145	0.8872475546913594	1.8070471310914753	0.07644647571028702	0.7035234278558877	1.8884958727042838	-0.003843451914780599	0.738982519007076	1.8788319041834047	0.0650570349591501	0.988140901066746	1.8832735041424271	0.2089433113273257	0.3314205828636938	0.27029991998230324	0.2195079796555734	0.17997086264589068	0.040897274092496494	0.20696650256224233	0.14475097486105884	0.18946785987851003	0.38175109038442345	0.37362130439394864	0.3564212124050758	0.42303237799811305	0.4745891845776745	0.6658332672649613	0.3253682677958371	0.32467950258026307	0.8895060168394378	0.22546463743261977	0.30467574262492375	0.9330559878947201	0.20731414388067973	0.323238134920738	0.9560970033769038	0.20404811831307196	0.3496586482512672	0.9603397010365656	0.0404160365391507	0.38946916846108104	0.35513852189835915	-0.026944157663954423	0.4227152543170518	0.6637652472457419	0.10817359475296077	0.30910554127587836	0.8741830266079513	0.21408999882149823	0.30159659522400506	0.916890404505655	0.21997021486324111	0.31973730880342077	0.9441421013615354	0.20601206881755607	0.3390096932660791	0.9595726300422206
357	5.95	0.31647146341490723	0.5348717715635981	0.9671657734207287	0.32228671479729243	0.70521250109342	1.423427760379901	0.3164535817936012	0.9019872382450522	1.8323640301125361	0.3415207366533049	0.6969422983057894	1.887094949364431	0.39620948846139126	0.7463669856123646	1.88881615933262	0.2922718697844254	0.9465556771515967	1.8692508412345334	0.09005842607733977	0.5114929470089954	0.9640091122542378	0.06341733938932288	0.7123728806820896	1.4189273494883003	0.05526403817917201	0.8873256123515124	1.8069541097779611	0.07641162985921574	0.7033962214916867	1.8884984596949397	-0.0038389935083356715	0.7388438998297245	1.878769986263393	0.06637433217877337	0.9864291323997023	1.878620346468456	0.20886934028221907	0.3323857154745483	0.2733368384931064	0.21952236142783932	0.1799526554376738	0.04099349099541563	0.20697699617066698	0.14469877666785574	0.18952358563441532	0.381756798928653	0.3736288507657492	0.35644924394197003	0.4230627158822317	0.47461497770710215	0.6658720104671454	0.3253590956366555	0.3246462135804659	0.8895119501899308	0.2255384410091226	0.30306503741312213	0.9300642426018675	0.20713326072366106	0.323141077976069	0.9560829229659135	0.20223583044455917	0.33673861701838737	0.957037434724014	0.04032571109691421	0.3896597911519498	0.3550855569830706	-0.02116196680551694	0.41175073369356613	0.6675142133313154	0.1131407780337992	0.29787792196192875	0.8701837178854059	0.21397717231597235	0.3014450053616944	0.9169570884038343	0.21981991023066863	0.31968626495492	0.9442375076563139	0.20566238064305764	0.3366680215187686	0.9559874834872406
358	5.966666666666667	0.3169330735344645	0.5336619157627697	0.9628476804996816	0.32147228024515007	0.7022407624704567	1.418559069710617	0.31621998377630534	0.9018664206011193	1.8320911624233378	0.34157015057622414	0.6974014678999778	1.8872185994197685	0.3938854902061194	0.7772158462054675	1.898301479461971	0.292119304112663	0.9466246660776145	1.868931270247312	0.08918483278250272	0.4971715016474719	0.9601117548626475	0.06299986266540533	0.7087034702507469	1.4139937006268237	0.053927536606082	0.8713418427964029	1.8028971363319233	0.0820197418021658	0.6847795310663606	1.8776849031875071	0.002552943652338153	0.7244170145841453	1.8738360963517804	0.06634958114362077	0.9863223675934172	1.8786064894510768	0.20887704708700136	0.3321890930443508	0.2733207128722377	0.2194968601639782	0.17994880019225917	0.04097998365022656	0.20698916876754417	0.14472913266799534	0.18953731121913492	0.38174548406117975	0.3736533930531799	0.3564547417635568	0.4230103006518881	0.4746834625479426	0.6658353228021316	0.325430630438914	0.32476893610516927	0.8895694649047308	0.22103374083981756	0.3024922979709546	0.9335507420851133	0.20711070567937	0.32322645155753166	0.9560567131393995	0.20367103667523032	0.34735336883043694	0.9572404378413325	0.040336196485358446	0.38955645257691845	0.35506518244080437	-0.02082215620844495	0.41088321432006486	0.664310676783775	0.10856753935916012	0.30836232298382005	0.8711496915505019	0.21392239921114412	0.3016711143414707	0.9170637217775464	0.2197912502261066	0.31983523335465164	0.9443283350109632	0.20567130169183861	0.3367011089515199	0.9559066675731402
359	5.983333333333333	0.3169583462645547	0.5337007821290061	0.9628254728585025	0.3222856594468928	0.7053255037739746	1.423278289521287	0.3163579318758164	0.902092034097069	1.8323652994362154	0.3416544088033145	0.69693474305522	1.8870988081223201	0.39920327353893614	0.7602718611314042	1.8925672524581807	0.29222776306705256	0.9468000106826584	1.8693220022300796	0.08917834453135615	0.4972063279475738	0.9600904214820106	0.06443209824561343	0.7106936935316883	1.4149966810478705	0.055250158849873846	0.887526860357795	1.8070759329939325	0.07640911330713272	0.7035295784235389	1.8885201836518357	0.0025015193138649768	0.7245931328087203	1.873894805860075	0.06843274537557223	1.005474039996746	1.8835093578103272	0.20883577311579438	0.33234672762388484	0.27329368639153256	0.21947787466806562	0.17996555408013856	0.040995271723065496	0.20698288085179964	0.14465372423355596	0.18956950760260488	0.38176830872382417	0.3736736454287385	0.3564179056419899	0.42301891166613714	0.47469972279651074	0.6658570126198269	0.3259540365338881	0.3265951671733389	0.8931715477324971	0.22072788701226867	0.3019989096460451	0.9335489676963804	0.2069938112787373	0.3228974103315933	0.9559840702097125	0.20223766027077	0.3364257659057681	0.9570291088488345	0.040336296022287055	0.38760454636637887	0.35186248770941664	-0.02083121573593483	0.4109239168952267	0.6643538205052149	0.11353142097324721	0.297664240512151	0.8739385178893355	0.21407141006557387	0.3013261330418793	0.9169253380487263	0.21994191169200855	0.31971819476062163	0.9443214722649231	0.20604354126771718	0.33886366902682313	0.9594899839140636
360	6.0	0.3082753781188928	0.548040404812842	0.967790696052557	0.3222966090766742	0.7052177662348629	1.4233081880427356	0.3158210006485145	0.9032246653572289	1.82870400799361	0.34193718493177927	0.6960279775699032	1.8868561314410675	0.39625505128421146	0.745753649897606	1.888484827251364	0.29250118584245205	0.9467079646592758	1.8698788045449588	0.09046767615402253	0.5105492911812406	0.9605593470518698	0.06336714923040421	0.7126833831331767	1.4190132636133097	0.05394464195674595	0.8711962523060749	1.8028840713005256	0.07678965325927999	0.6985934515169394	1.8787427669942711	-0.0038496100614424313	0.7389293539195173	1.8786758221554323	0.06624584050934859	0.9857563765370309	1.8784632272237018	0.20507872568326072	0.3303408354139907	0.2705417304428212	0.21942104657727546	0.1800651840389071	0.04090794646732257	0.2033302116363793	0.1430161007916539	0.18999547074862103	0.3817139951053048	0.37368788995125063	0.35636316176574273	0.42300197481988155	0.47471334062020587	0.6657289647190199	0.3290854756758659	0.32611848993739984	0.889181576315586	0.2256659786913193	0.30425602957837894	0.9323303763713751	0.20682147042573643	0.32397901654722033	0.9594839192273616	0.20379867552144107	0.3470249590841488	0.9573759544227867	0.04036823353348504	0.3895542384841473	0.3551243074543907	-0.02730746596503587	0.42371809525681886	0.6670128178718102	0.10802813014672727	0.30867634389783893	0.867291196804011	0.213622355312774	0.3016866636861887	0.9133610461321804	0.21930463777467818	0.3200543196520259	0.9405503591112131	0.20554399481451602	0.3365514168541887	0.9559298846611736
361	6.016666666666667	0.30828088996186237	0.5480803756527484	0.9677093578451837	0.32185415225762987	0.7059381061760979	1.4196652565109797	0.3159121672663428	0.9032457491255518	1.8287401887449524	0.34159733135463866	0.6965718176375892	1.8869108304336903	0.39616924305858936	0.7459159385983988	1.8884716157932158	0.2935323273470052	0.95028600642009	1.8747457799774556	0.08910457940366566	0.4974422078598165	0.9603074059042868	0.06339589955119977	0.7126623679994081	1.4190262314631776	0.0539704604332682	0.8711605423250037	1.8028786258963942	0.07677109317357075	0.6983749161540611	1.8786589694698805	0.0025401978538301144	0.7244811628990822	1.8737506763477372	0.06623862884484445	0.9858531932641681	1.8785220628058876	0.20507988471689204	0.3304280103999888	0.2705486337078033	0.21945275453242127	0.18000263542613218	0.04098327529746848	0.2033115557466683	0.14308338634339476	0.19003990464665335	0.38172440431953575	0.37367143887143045	0.3563594216161768	0.42304257920188226	0.4747102733294681	0.6657454057431558	0.3291177399027001	0.32622805753424294	0.8892078131804642	0.22565258608796462	0.3048614311650526	0.932435736845726	0.20677170975127473	0.3241114791875052	0.9592117195212146	0.20230280849094223	0.33668509327992263	0.9570715256612845	0.04030329059739915	0.3897013142616414	0.35506764960497617	-0.027262777464718113	0.42370284916274414	0.6670406972636185	0.11308148607485241	0.2979837355211883	0.8702860676700476	0.21383432387904455	0.3018725449434605	0.9135706294630966	0.2195082239450017	0.3201872100836208	0.9406054211067774	0.2059504767533974	0.33897285667192056	0.9594441812005552
362	6.033333333333333	0.31186708116912715	0.5513757570685374	0.9718743317611397	0.3222871780109459	0.7053018363616145	1.4235115239491456	0.31592952248242695	0.902746327877469	1.828515349220813	0.34173521027412246	0.6972072407447487	1.8872034487720162	0.39869423113760083	0.7613432666454886	1.8888908920723804	0.29245851196175754	0.946596489558198	1.8696785756051226	0.08847143613012667	0.4987283955726726	0.9638807261590358	0.06333100600933013	0.7128236808817864	1.4191242561591508	0.05392729204232448	0.8710987180146186	1.8028818414906684	0.07573988786531725	0.6999237193014376	1.8829414138440346	-0.0038067308971131944	0.7387066606711671	1.878684529575103	0.0661831783206389	0.9858706177101344	1.8785312906141731	0.20504311339273612	0.3303763344358528	0.270553600004495	0.21948270909186748	0.18001164709484876	0.041024841519860224	0.20337080096680646	0.14310488620901135	0.1900988113147927	0.38171603384821573	0.373727501205459	0.35638978243113206	0.4230196831086455	0.4747759854178346	0.6656994131129899	0.32911188002975905	0.3262708873170051	0.8891918801028891	0.2261144051903683	0.3035752617878499	0.9290236962037826	0.2067635580867401	0.32424925954503886	0.9592430697381679	0.20369393922781664	0.3474370221175484	0.9573442772565849	0.04015697343068291	0.3903970865800887	0.358124702228373	-0.02732458083914457	0.42364066050663207	0.6669876579856885	0.10812636270601851	0.30881979065615406	0.8674448350526287	0.21701428471109557	0.3042950569817107	0.9133907278060758	0.2195844446843647	0.32034637920156034	0.9405032489194112	0.20590466327567677	0.339049034330999	0.9594268936385182
