Coordinates
version=1
nRows=302
nColumns=63
inDegrees=yes

Units are S.I. units (second, meters, Newtons, ...)
If the header above contains a line with 'inDegrees', this indicates whether rotational values are in degrees (yes) or radians (no).

endheader
time	pelvis_tilt	pelvis_list	pelvis_rotation	pelvis_tx	pelvis_ty	pelvis_tz	hip_flexion_r	hip_adduction_r	hip_rotation_r	knee_angle_r	knee_angle_r_beta	ankle_angle_r	subtalar_angle_r	mtp_angle_r	hip_flexion_l	hip_adduction_l	hip_rotation_l	knee_angle_l	knee_angle_l_beta	ankle_angle_l	subtalar_angle_l	mtp_angle_l	L5_S1_Flex_Ext	L5_S1_Lat_Bending	L5_S1_axial_rotation	L4_L5_Flex_Ext	L4_L5_Lat_Bending	L4_L5_axial_rotation	L3_L4_Flex_Ext	L3_L4_Lat_Bending	L3_L4_axial_rotation	L2_L3_Flex_Ext	L2_L3_Lat_Bending	L2_L3_axial_rotation	L1_L2_Flex_Ext	L1_L2_Lat_Bending	L1_L2_axial_rotation	L1_T12_Flex_Ext	L1_T12_Lat_Bending	L1_T12_axial_rotation	Abs_r3	Abs_r2	Abs_r1	Abs_t1	Abs_t2	neck_flexion	neck_bending	neck_rotation	arm_flex_r	arm_add_r	arm_rot_r	elbow_flex_r	pro_sup_r	wrist_flex_r	wrist_dev_r	arm_flex_l	arm_add_l	arm_rot_l	elbow_flex_l	pro_sup_l	wrist_flex_l	wrist_dev_l
      0.00000000	     -0.14969533	     -2.69369139	     86.55234280	      0.24392882	      0.87198607	      0.70550596	     11.01792408	     -3.05732219	    -13.70159538	     15.04813736	      0.26263954	     38.24448304	     15.66482658	      0.00000000	      9.43438492	      1.82658247	      6.11422898	     10.77588336	      0.18807464	     31.66007920	    -10.65818760	      0.00000000	      0.39413847	     -0.01853414	      1.14219447	      0.73195454	     -0.02465040	      1.21358163	      0.64753008	     -0.04506390	      1.21358163	      0.45046085	     -0.04506390	      0.99942017	      0.36599698	     -0.03779481	      0.92803301	      0.22521072	     -0.02870938	      0.85664586	      2.81529165	     -0.20966187	      6.35254301	      0.00000000	      0.00000000	     28.20880827	     -3.79395367	      4.76384798	     16.73764478	     -6.42183913	     39.13431953	     39.64426225	     52.81907131	     -1.71011670	      7.72899352	     23.61648542	     -2.80366410	     55.47734084	     37.79844598	     43.19078593	     -7.72119444	      0.38229269
      0.01666667	      0.11195118	     -3.10724421	     86.36552617	      0.24460429	      0.87097889	      0.70556760	     11.55028802	     -2.78979186	    -13.93939630	     15.24873636	      0.26614066	     38.23562108	     15.73125327	      0.00000000	      9.76640687	      1.50761760	      6.67839305	     10.87032269	      0.18972292	     32.05787554	    -10.83293587	      0.00000000	      0.48922503	      0.00097746	      0.97855061	      0.90853980	      0.00130002	      1.03971003	      0.80374780	      0.00237660	      1.03971003	      0.55913528	      0.00237660	      0.85623179	      0.45429436	      0.00199324	      0.79507237	      0.27954318	      0.00151409	      0.73391296	      3.49448545	      0.01105724	      5.44240495	      0.00000000	      0.00000000	     28.28845838	     -1.91313790	      5.10979055	     15.95923350	     -6.68689569	     39.33511371	     40.78400321	     51.93077240	     -0.60958577	      8.49559309	     22.71681705	     -3.51949771	     55.68167464	     38.52428035	     42.87026059	     -6.72679909	      0.38929619
      0.03333333	      0.45957115	     -3.38653680	     87.05812667	      0.24382635	      0.87027048	      0.70619189	     11.78932328	     -2.58053455	    -14.75588586	     15.29371583	      0.26692570	     38.18850515	     15.61724098	      0.00000000	     10.36993312	      1.32189915	      8.01943649	     11.60647983	      0.20257129	     32.20612682	    -11.62333445	      0.00000000	      0.54034015	      0.04820057	      0.60764959	      1.00346570	      0.06410675	      0.64562769	      0.88772484	      0.11719486	      0.64562769	      0.61755476	      0.11719486	      0.53169339	      0.50175986	      0.09829060	      0.49371529	      0.30875036	      0.07466268	      0.45573719	      3.85959567	      0.54525446	      3.37956473	      0.00000000	      0.00000000	     28.32340138	     -0.03012442	      7.34928380	     16.01035093	     -6.77270933	     40.76828527	     41.09124275	     49.85078694	      0.83301320	      9.58486474	     21.95050814	     -4.05714100	     54.85464523	     38.84928077	     41.12768450	     -4.59531130	      0.55632013
      0.05000000	      0.78330611	     -3.49731951	     87.31308844	      0.24341397	      0.86989011	      0.70640959	     11.84659976	     -2.33090262	    -15.28226603	     15.27553205	      0.26660833	     38.14318026	     15.80753962	      0.00000000	     10.45169976	      1.14524881	      9.61682340	     11.72107850	      0.20457141	     31.85539584	    -13.35323317	      0.00000000	      0.56363619	      0.08862054	      0.40805003	      1.04672877	      0.11786532	      0.43355316	      0.92599789	      0.21547198	      0.43355316	      0.64417980	      0.21547198	      0.35704378	      0.52339256	      0.18071500	      0.33154065	      0.32206172	      0.13727321	      0.30603752	      4.02599693	      1.00249325	      2.26945185	      0.00000000	      0.00000000	     28.33859167	      0.99969032	      8.26647252	     16.31874520	     -7.30004730	     43.95443334	     41.49431331	     47.66667733	      0.71114349	      8.50120610	     21.48344534	     -4.49222541	     54.65472006	     39.31147003	     39.77057884	     -3.69564794	      0.55309444
      0.06666667	      1.06830491	     -3.60922630	     87.56109632	      0.24302978	      0.86952361	      0.70678503	     11.94466946	     -2.07967773	    -15.43383036	     15.28955989	      0.26685316	     38.06644996	     15.68214897	      0.00000000	     10.70968562	      0.91538787	     10.06030523	     12.11955331	      0.21152611	     31.84088624	    -13.69907146	      0.00000000	      0.57918476	      0.12213582	      0.30260722	      1.07560402	      0.16244064	      0.32152017	      0.95154264	      0.29696103	      0.32152017	      0.66195026	      0.29696103	      0.26478131	      0.53783097	      0.24905936	      0.24586836	      0.33094617	      0.18918838	      0.22695541	      4.13705883	      1.38162479	      1.68301056	      0.00000000	      0.00000000	     28.34572595	      1.35869153	      8.50432715	     16.26770894	     -7.59287668	     45.31786960	     41.81463985	     48.75751385	      0.68333895	      7.61259581	     21.27900624	     -4.68663035	     54.53767803	     39.61292638	     38.98445189	     -3.20067692	      0.85355457
      0.08333333	      1.33210534	     -3.63847462	     87.82932042	      0.24252129	      0.86932328	      0.70702527	     11.92383445	     -1.85567569	    -15.61994680	     15.25353722	      0.26622445	     38.03589942	     15.65872207	      0.00000000	     10.83446312	      0.71386058	     10.49699349	     12.38879184	      0.21622521	     31.76027836	    -14.02751255	      0.00000000	      0.58061773	      0.15470603	      0.23218503	      1.07826519	      0.20575902	      0.24669660	      0.95389687	      0.37615225	      0.24669660	      0.66358801	      0.37615225	      0.20316190	      0.53916163	      0.31547654	      0.18865034	      0.33176497	      0.23963964	      0.17413877	      4.14729440	      1.75006558	      1.29134349	      0.00000000	      0.00000000	     28.34293001	      1.41753323	      8.61517595	     16.31372893	     -7.88391630	     46.82592077	     41.92580763	     50.44319133	      0.30352984	      6.31078351	     21.22020423	     -4.76539579	     54.56790127	     39.79470066	     38.06344062	     -2.92128510	      1.13810044
      0.10000000	      1.36072744	     -3.62018797	     87.93522546	      0.24238182	      0.86920899	      0.70710293	     11.89791600	     -1.84544498	    -15.60552930	     15.27654302	      0.26662597	     38.04828369	     15.67148208	      0.00000000	     10.81208510	      0.69437596	     10.51986078	     12.42959210	      0.21693731	     31.68363455	    -14.01189682	      0.00000000	      0.57511558	      0.15699317	      0.24369966	      1.06804714	      0.20880092	      0.25893089	      0.94485738	      0.38171320	      0.25893089	      0.65729960	      0.38171320	      0.21323720	      0.53405233	      0.32014048	      0.19800598	      0.32862104	      0.24318242	      0.18277475	      4.10799307	      1.77593816	      1.35538441	      0.00000000	      0.00000000	     28.34579330	      1.41264975	      8.62315697	     16.05682331	     -7.85927561	     46.97279893	     41.88264182	     50.51479049	      0.29528887	      6.27852818	     21.19592115	     -4.73790268	     54.58713973	     39.82640399	     38.03385347	     -2.91172351	      1.15199097
      0.11666667	      1.70841496	     -3.40415209	     88.41577692	      0.24110509	      0.86928050	      0.70706655	     11.55595604	     -1.60682860	    -16.01947872	     15.18470690	      0.26502313	     38.05653855	     15.65887356	      0.00000000	     10.75012707	      0.50503814	     11.31724104	     12.77738279	      0.22300740	     31.82660059	    -14.14091739	      0.00000000	      0.54323106	      0.20723634	      0.22539962	      1.00883440	      0.27562434	      0.23948710	      0.89247431	      0.50387445	      0.23948710	      0.62085878	      0.50387445	      0.19722467	      0.50444436	      0.42259635	      0.18313719	      0.31040223	      0.32100910	      0.16904972	      3.88024514	      2.34429897	      1.25360509	      0.00000000	      0.00000000	     28.33262527	      0.63005170	      8.34469237	     16.17190894	     -8.46635310	     48.82316180	     41.62295585	     53.17988311	     -0.72342415	      3.31399159	     21.48002898	     -4.20829482	     55.23400636	     39.34379245	     36.74240287	     -3.07486932	      1.82693475
      0.13333333	      1.67154508	     -3.34444862	     88.76664861	      0.24079613	      0.86924660	      0.70681600	     11.39498646	     -1.71868715	    -16.55039137	     15.09937633	      0.26353383	     38.21114120	     15.96749232	      0.00000000	     10.68179798	      0.64001542	     12.02075023	     12.73702559	      0.22230303	     31.65037419	    -14.45436605	      0.00000000	      0.54146266	      0.19750395	      0.25331306	      1.00555031	      0.26268026	      0.26914513	      0.88956901	      0.48021111	      0.26914513	      0.61883768	      0.48021111	      0.22164893	      0.50280223	      0.40275006	      0.20581686	      0.30939177	      0.30593362	      0.18998480	      3.86761365	      2.23420420	      1.40885126	      0.00000000	      0.00000000	     28.32696367	      0.41974292	      7.85782960	     15.73387387	     -8.34715508	     48.55342859	     41.08309133	     55.56024080	     -1.37680262	      2.24658912	     22.23258724	     -4.33922238	     59.04923556	     39.07636243	     31.68527594	     -3.38662215	      0.05147755
      0.15000000	      1.65417002	     -3.28040970	     88.89639799	      0.24051135	      0.86920336	      0.70632646	     11.27018974	     -1.75583968	    -16.59444081	     15.06312333	      0.26290110	     38.36145979	     15.91692233	      0.00000000	     10.59938474	      0.70684329	     12.29624650	     12.70832192	      0.22180206	     31.91005738	    -14.26847180	      0.00000000	      0.54236697	      0.19777185	      0.28625067	      1.00722971	      0.26303655	      0.30414133	      0.89105470	      0.48086246	      0.30414133	      0.61987121	      0.48086246	      0.25046933	      0.50364197	      0.40329635	      0.23257867	      0.30990849	      0.30634859	      0.21468800	      3.87407306	      2.23723467	      1.59204034	      0.00000000	      0.00000000	     28.32321227	      0.28451510	      7.81640872	     15.41607462	     -8.30383084	     48.61222769	     40.57974724	     55.45529860	     -1.40457132	      2.19996648	     22.00052755	     -3.97691487	     59.30046755	     38.55134360	     31.65552000	     -3.49277466	      0.03186994
      0.16666667	      1.71416312	     -3.07744211	     89.36985381	      0.23968270	      0.86945182	      0.70589267	     10.88629560	     -1.77357030	    -17.06076213	     14.88240327	      0.25974694	     38.43777974	     15.95933881	      0.00000000	     10.45121322	      0.72591064	     12.51497033	     12.76462380	      0.22278471	     32.24651375	    -13.51186195	      0.00000000	      0.52416846	      0.19816873	      0.33966794	      0.97343324	      0.26356442	      0.36089719	      0.86115636	      0.48182746	      0.36089719	      0.59907213	      0.48182746	      0.29720945	      0.48674283	      0.40410568	      0.27598020	      0.29950986	      0.30696337	      0.25475096	      3.74408287	      2.24172435	      1.88913119	      0.00000000	      0.00000000	     28.31539557	     -0.49069117	      6.45705758	     15.03295250	     -8.48674142	     48.65292594	     40.02119873	     53.38145649	     -0.60398705	      1.63042772	     22.47408993	     -3.38052731	     62.21893890	     37.15882815	     30.49383367	     -2.87966110	     -1.55155828
      0.18333333	      1.69135989	     -2.98560330	     89.45554714	      0.23952241	      0.86952116	      0.70502865	     10.73509752	     -1.80520395	    -17.06047278	     14.89743654	      0.26000932	     38.60125205	     15.92768809	      0.00000000	     10.33803923	      0.78664608	     12.60687872	     12.77309764	      0.22293261	     32.43381831	    -13.45952746	      0.00000000	      0.52616126	      0.19739449	      0.35755748	      0.97713408	      0.26253468	      0.37990483	      0.86443034	      0.47994497	      0.37990483	      0.60134971	      0.47994497	      0.31286280	      0.48859335	      0.40252685	      0.29051546	      0.30064854	      0.30576407	      0.26816811	      3.75831728	      2.23296600	      1.98862746	      0.00000000	      0.00000000	     28.31154769	     -0.51377579	      6.48811479	     14.69052319	     -8.47365800	     48.80265513	     39.74503421	     53.35704246	     -0.59735427	      1.72687788	     21.96123593	     -3.23045820	     62.43136003	     36.91292780	     30.45433365	     -2.91226621	     -1.54236615
      0.20000000	      1.67953351	     -2.64370413	     89.83718291	      0.23894245	      0.87005369	      0.70459824	     10.16881063	     -1.83601358	    -17.34315420	     14.60298650	      0.25487020	     38.78985868	     15.94070866	      0.00000000	      9.93677307	      0.78887887	     12.39189430	     12.61896991	      0.22024257	     32.90038270	    -12.15787105	      0.00000000	      0.48898458	      0.19297473	      0.38722913	      0.90809327	      0.25665640	      0.41143095	      0.80335277	      0.46919877	      0.41143095	      0.55886048	      0.46919877	      0.33882549	      0.45407108	      0.39351408	      0.31462367	      0.27940579	      0.29891786	      0.29042185	      3.49276799	      2.18296878	      2.15365224	      0.00000000	      0.00000000	     28.29559143	     -1.10373877	      5.75883353	     14.71324481	     -8.61287726	     49.70535618	     39.19774904	     50.95077867	      0.11887741	      1.84907848	     22.80727056	     -2.74247910	     67.40256899	     35.26179371	     25.62703892	     -1.97793453	     -4.20425205
      0.21666667	      1.63537349	     -2.39054841	     89.92742181	      0.23867138	      0.87046560	      0.70378999	      9.74985736	     -1.86617121	    -17.35799432	     14.39757315	      0.25128506	     38.87186323	     15.91280026	      0.00000000	      9.56040840	      0.84293945	     12.48156021	     12.43515144	      0.21703434	     33.12598354	    -11.94997249	      0.00000000	      0.47090473	      0.18939865	      0.38928133	      0.87451717	      0.25190021	      0.41361141	      0.77364938	      0.46050388	      0.41361141	      0.53819701	      0.46050388	      0.34062116	      0.43728213	      0.38622173	      0.31629108	      0.26907496	      0.29337851	      0.29196099	      3.36362538	      2.14251543	      2.16506595	      0.00000000	      0.00000000	     28.28283475	     -1.32419483	      5.59142074	     14.63538886	     -8.59114111	     50.16021782	     38.80220883	     51.30710469	      0.53641060	      2.10378411	     22.53854306	     -2.48447389	     68.17790102	     34.54060709	     25.44527826	     -1.74102543	     -4.85478026
      0.23333333	      1.57936190	     -2.15505004	     90.13144201	      0.23850027	      0.87084544	      0.70337106	      9.40776947	     -1.94998493	    -17.64481624	     14.30578348	      0.24968302	     38.99802558	     16.00901494	      0.00000000	      9.33604929	      0.88428970	     12.26078258	     12.45942473	      0.21745798	     33.32516449	    -11.30133053	      0.00000000	      0.45226792	      0.17898874	      0.39974371	      0.83990676	      0.23805503	      0.42472769	      0.74303097	      0.43519323	      0.42472769	      0.51689701	      0.43519323	      0.34977575	      0.41997599	      0.36499385	      0.32479176	      0.25842589	      0.27725356	      0.29980778	      3.23050454	      2.02475646	      2.22325459	      0.00000000	      0.00000000	     28.26431270	     -1.58368563	      5.16622662	     14.43455157	     -8.52264249	     50.02681449	     38.58530821	     52.36459186	      0.57125028	      2.23998629	     22.85855252	     -2.26949904	     70.53286003	     33.77963845	     23.42507258	     -1.43022222	     -5.65390797
      0.25000000	      1.56159711	     -1.93635308	     90.16422679	      0.23857369	      0.87118331	      0.70321560	      9.14890925	     -1.94100155	    -17.51580242	     14.26238533	      0.24892558	     39.02814649	     15.71804353	      0.00000000	      9.16361897	      0.79067638	     11.20635648	     12.53887946	      0.21884473	     33.75643741	     -9.79061923	      0.00000000	      0.42869263	      0.17548153	      0.41634645	      0.79612509	      0.23339043	      0.44236811	      0.70429913	      0.42666579	      0.44236811	      0.48995281	      0.42666579	      0.36430315	      0.39808398	      0.35784193	      0.33828149	      0.24495497	      0.27182089	      0.31225984	      3.06210860	      1.98508213	      2.31559407	      0.00000000	      0.00000000	     28.24024543	     -1.63052973	      5.05636000	     14.53914443	     -8.53607199	     50.58405531	     38.37986865	     53.12607845	      0.41649918	      1.99953846	     22.86872035	     -2.09814518	     70.79690770	     33.27731666	     24.19039857	     -1.34055463	     -5.77009163
      0.26666667	      1.52979829	     -1.71849414	     90.70095219	      0.23812734	      0.87140760	      0.70314935	      8.78108377	     -2.05871152	    -18.40377738	     14.14636014	      0.24690056	     39.11316322	     15.96206368	      0.00000000	      8.98977408	      0.91858805	     11.98143922	     12.59333885	      0.21979523	     33.67978187	    -10.16460289	      0.00000000	      0.40355063	      0.16072795	      0.40892758	      0.74943387	      0.21376817	      0.43448556	      0.66299332	      0.39079393	      0.43448556	      0.46121801	      0.39079393	      0.35781163	      0.37473711	      0.32775643	      0.33225366	      0.23058883	      0.24896759	      0.30669569	      2.88252176	      1.81818670	      2.27433253	      0.00000000	      0.00000000	     28.20390821	     -1.71064776	      4.24403164	     14.18115572	     -8.45333123	     49.26691916	     38.51354115	     55.06169832	      0.20229854	      2.31922008	     23.45287958	     -1.97573128	     72.60531822	     33.06002077	     23.23118001	     -1.46976797	     -5.72245805
      0.28333333	      1.48359969	     -1.47865478	     90.93122218	      0.23800111	      0.87165980	      0.70323196	      8.46793062	     -2.11384367	    -18.67062143	     14.08198944	      0.24577708	     39.07333179	     15.72716280	      0.00000000	      8.76367203	      0.95412016	     11.92577813	     12.60438507	      0.21998802	     33.86557364	     -9.70816778	      0.00000000	      0.36590393	      0.14907780	      0.44602303	      0.67952018	      0.19827347	      0.47389947	      0.60114356	      0.36246775	      0.47389947	      0.41819160	      0.36246775	      0.39027015	      0.33977839	      0.30399944	      0.36239371	      0.20907750	      0.23092151	      0.33451727	      2.61361515	      1.68639784	      2.48064629	      0.00000000	      0.00000000	     28.15617459	     -1.58422615	      3.63461013	     14.06019548	     -8.44801960	     48.43845511	     38.68223497	     56.04850826	     -0.07629608	      2.50661463	     23.82705093	     -1.83849670	     72.89814252	     32.91271652	     24.14295884	     -1.40067612	     -5.30013112
      0.30000000	      1.40463805	     -1.35836710	     91.05697598	      0.23801387	      0.87172578	      0.70326301	      8.36139419	     -2.23338018	    -18.76612252	     14.19523930	      0.24775366	     39.11045578	     15.64799951	      0.00000000	      8.69951021	      1.01906675	     11.83868857	     12.71608954	      0.22193763	     33.94090422	     -9.42339768	      0.00000000	      0.34196605	      0.13358170	      0.49539636	      0.63506515	      0.17766366	      0.52635864	      0.56181602	      0.32479054	      0.52635864	      0.39083300	      0.32479054	      0.43347182	      0.31754967	      0.27239980	      0.40250954	      0.19539940	      0.20691805	      0.37154727	      2.44262929	      1.51110290	      2.75524595	      0.00000000	      0.00000000	     28.09989898	     -1.37038889	      3.10778293	     13.90456375	     -8.42106246	     47.29477565	     39.04124975	     56.50366627	     -0.20476955	      3.21835480	     24.04326351	     -1.80499797	     72.58051783	     32.98670152	     25.54076292	     -1.33097416	     -4.88862825
      0.31666667	      1.41520784	     -1.27751440	     91.02274472	      0.23820171	      0.87177295	      0.70307608	      8.29476784	     -2.14541388	    -18.15224430	     14.22272626	      0.24823340	     38.98691690	     14.82625423	      0.00000000	      8.66368723	      0.84688326	     10.52788430	     12.79073264	      0.22324040	     34.43247722	     -7.56255995	      0.00000000	      0.32264148	      0.13499473	      0.50649606	      0.59917750	      0.17954299	      0.53815206	      0.53006769	      0.32822618	      0.53815206	      0.36874695	      0.32822618	      0.44318405	      0.29960488	      0.27528125	      0.41152805	      0.18435734	      0.20910683	      0.37987204	      2.30459584	      1.52708736	      2.81697911	      0.00000000	      0.00000000	     28.04981702	     -0.90621821	      3.21490510	     14.02453725	     -8.42650346	     47.06752434	     39.36689782	     55.54176120	     -0.36669436	      3.98554299	     23.93034088	     -1.85600573	     71.17782766	     33.16170766	     27.32832732	     -1.17917554	     -4.63882655
      0.33333333	      1.40443634	     -1.23702659	     91.47008670	      0.23734191	      0.87173784	      0.70277835	      8.15069038	     -2.26836898	    -18.90853939	     14.20603826	      0.24794214	     39.00805813	     15.19287609	      0.00000000	      8.63165114	      1.04772411	     11.97969238	     12.80231802	      0.22344260	     34.06771680	     -8.98682306	      0.00000000	      0.30642557	      0.13644247	      0.42067137	      0.56906292	      0.18146848	      0.44696333	      0.50342656	      0.33174622	      0.44696333	      0.35021378	      0.33174622	      0.36808745	      0.28454678	      0.27823348	      0.34179549	      0.17509157	      0.21134938	      0.31550353	      2.18876719	      1.54346448	      2.33964794	      0.00000000	      0.00000000	     28.00562907	     -0.46918238	      3.25059028	     13.96811011	     -8.40467338	     46.16893370	     39.88093525	     55.08579427	     -0.48338857	      5.24939031	     23.84851313	     -1.95246397	     69.98608475	     33.58770847	     28.31998674	     -1.27253447	     -4.09571263
      0.35000000	      1.35657888	     -1.29596272	     91.49406185	      0.23711695	      0.87168921	      0.70243245	      8.16031214	     -2.31003514	    -18.76310904	     14.14293563	      0.24684079	     38.98776324	     15.28857444	      0.00000000	      8.59350151	      1.19678918	     12.98559531	     12.63895537	      0.22059139	     33.49487536	    -10.41023991	      0.00000000	      0.30572876	      0.13662772	      0.32726775	      0.56776889	      0.18171487	      0.34772199	      0.50228179	      0.33219664	      0.34772199	      0.34941740	      0.33219664	      0.28635929	      0.28389973	      0.27861125	      0.26590505	      0.17469342	      0.21163634	      0.24545082	      2.18378999	      1.54556009	      1.82016507	      0.00000000	      0.00000000	     27.98125840	      0.16345319	      3.87168193	     14.24439169	     -8.28844825	     46.41520952	     40.08836009	     54.54777182	     -0.59528650	      5.87166223	     23.19485078	     -2.20198524	     66.93759131	     34.13122604	     31.13622799	     -1.38880152	     -3.55593264
      0.36666667	      1.38890643	     -1.44905160	     91.53242773	      0.23684532	      0.87148503	      0.70238109	      8.23839262	     -2.24052059	    -18.57600235	     13.94846391	      0.24344662	     38.94511894	     15.37878235	      0.00000000	      8.88489476	      1.11844597	     12.22168928	     12.82358782	      0.22381383	     33.67807675	     -9.42842893	      0.00000000	      0.31807791	      0.15033050	      0.21751547	      0.59070249	      0.19993957	      0.23111019	      0.52257020	      0.36551358	      0.23111019	      0.36353124	      0.36551358	      0.19032604	      0.29536715	      0.30655396	      0.17673132	      0.18174972	      0.23286195	      0.16313660	      2.27199870	      1.70056869	      1.20975580	      0.00000000	      0.00000000	     27.97129766	      0.68971590	      4.87092992	     14.54509318	     -8.22091400	     46.75507448	     40.30398026	     54.04788983	     -0.68640520	      6.66857856	     22.71747786	     -2.44885779	     65.10046221	     34.68561755	     31.65463984	     -1.67974737	     -3.71320973
      0.38333333	      1.33399035	     -1.56142600	     91.72467408	      0.23630263	      0.87128526	      0.70265961	      8.28228758	     -2.30980328	    -18.66050962	     13.77681073	      0.24045071	     39.01143672	     15.64890530	      0.00000000	      9.00935758	      1.31635799	     13.29550080	     12.74175720	      0.22238562	     33.13346833	    -10.82420172	      0.00000000	      0.32514462	      0.14948951	      0.12661394	      0.60382608	      0.19882105	      0.13452731	      0.53418010	      0.36346881	      0.13452731	      0.37160779	      0.36346881	      0.11078720	      0.30192930	      0.30483902	      0.10287382	      0.18578764	      0.23155926	      0.09496045	      2.32247554	      1.69105529	      0.70418874	      0.00000000	      0.00000000	     27.99398416	      0.77888414	      5.20871154	     14.73353148	     -8.19317976	     46.97730135	     40.51881437	     53.41982383	     -0.87029435	      7.05997635	     22.51873704	     -2.58294876	     64.22408178	     35.07228078	     31.47031128	     -2.19389348	     -3.93776096
      0.40000000	      1.37236717	     -1.72521373	     91.70385387	      0.23634873	      0.87092224	      0.70356572	      8.48008135	     -2.20868307	    -18.29457626	     13.63719034	      0.23801387	     39.02270996	     15.55229889	      0.00000000	      9.51098762	      1.14722328	     11.73620032	     13.16986380	      0.22985749	     33.69905094	     -8.83825353	      0.00000000	      0.33474798	      0.15942172	      0.08263087	      0.62166047	      0.21203088	      0.08779530	      0.54995745	      0.38761796	      0.08779530	      0.38258346	      0.38761796	      0.07230201	      0.31084697	      0.32509277	      0.06713758	      0.19127499	      0.24694424	      0.06197315	      2.39107133	      1.80341035	      0.45956809	      0.00000000	      0.00000000	     28.02380536	      0.94201753	      5.92805320	     15.07271927	     -8.21165166	     47.48158193	     40.58828066	     53.12640819	     -1.02546236	      7.17285821	     22.36632810	     -2.65285748	     63.42756540	     35.27164448	     31.78988025	     -2.53296433	     -4.66939032
      0.41666667	      1.31074408	     -1.85247142	     91.85431753	      0.23631890	      0.87056160	      0.70474152	      8.62976204	     -2.30324444	    -18.68134821	     13.54522454	      0.23640877	     39.16475887	     16.12880670	      0.00000000	      9.89552216	      1.18447299	     11.20082069	     13.42732102	      0.23435096	     33.91285547	     -8.08318881	      0.00000000	      0.33974416	      0.14647466	      0.09265335	      0.63093888	      0.19481130	      0.09844419	      0.55816568	      0.35613849	      0.09844419	      0.38829360	      0.35613849	      0.08107168	      0.31548643	      0.29869112	      0.07528085	      0.19412981	      0.22688925	      0.06949001	      2.42675855	      1.65695064	      0.51531014	      0.00000000	      0.00000000	     28.04179884	      0.89531966	      5.66954985	     15.12409009	     -8.21031785	     47.24519896	     40.68291602	     52.96925498	     -1.15655138	      6.91180273	     22.71629135	     -2.64886298	     64.24954429	     35.21098583	     31.22597030	     -2.77514965	     -5.42785112
      0.43333333	      1.49265950	     -1.93225353	     92.21523574	      0.23653123	      0.87023941	      0.70602765	      8.63881226	     -1.89266615	    -17.46131105	     13.13612779	      0.22926868	     38.86795380	     14.31370404	      0.00000000	     10.33022615	      0.87628651	     10.13893517	     13.81630237	      0.24113997	     34.53192040	     -6.15274572	      0.00000000	      0.33703183	      0.15427880	      0.08252950	      0.62590182	      0.20519080	      0.08768759	      0.55370960	      0.37511347	      0.08768759	      0.38519368	      0.37511347	      0.07221331	      0.31296776	      0.31460532	      0.06705522	      0.19257999	      0.23897786	      0.06189712	      2.40738468	      1.74523262	      0.45900430	      0.00000000	      0.00000000	     28.07383603	      0.73567357	      5.08034492	     15.21916782	     -8.25714043	     47.14777517	     40.76662692	     52.40023051	     -1.31882701	      6.46737651	     22.88770218	     -2.58625784	     64.06718992	     35.29117734	     31.96428444	     -3.07544003	     -5.05347027
      0.45000000	      1.48177770	     -2.09939176	     92.73251295	      0.23601054	      0.86970307	      0.70752558	      8.85784401	     -2.18123417	    -19.52856685	     13.29686175	      0.23207402	     39.27797948	     16.30481569	      0.00000000	     10.79423662	      1.07830320	     11.21234537	     14.13255139	      0.24665955	     34.42499626	     -7.07341101	      0.00000000	      0.34546671	      0.14310515	      0.11759275	      0.64156622	      0.19032985	      0.12494230	      0.56756725	      0.34794587	      0.12494230	      0.39483390	      0.34794587	      0.10289366	      0.32080038	      0.29182003	      0.09554411	      0.19739968	      0.22166988	      0.08819456	      2.46763413	      1.61883412	      0.65401561	      0.00000000	      0.00000000	     28.08865406	      0.15324418	      3.88883169	     14.90623191	     -8.33279450	     45.55397452	     40.98999819	     53.89695600	     -1.10239558	      6.18929356	     24.12062737	     -2.37900956	     68.27669331	     34.77763844	     27.93578162	     -3.10976060	     -6.87477124
      0.46666667	      1.46748360	     -2.21989293	     92.82939416	      0.23640464	      0.86931644	      0.70881033	      9.04616919	     -2.18361428	    -19.55595967	     13.28178016	      0.23181079	     39.31505301	     16.21810258	      0.00000000	     11.22589945	      0.99376558	     10.28043176	     14.52742478	      0.25355139	     34.91242218	     -5.75171173	      0.00000000	      0.34039267	      0.12868175	      0.19609711	      0.63214323	      0.17114673	      0.20835318	      0.55923112	      0.31287682	      0.20835318	      0.38903478	      0.31287682	      0.17158497	      0.31608863	      0.26240783	      0.15932890	      0.19450037	      0.19932804	      0.14707283	      2.43139081	      1.45567374	      1.09063328	      0.00000000	      0.00000000	     28.10952682	     -0.25981850	      2.71456186	     14.82363635	     -8.33854876	     44.72310643	     41.04203751	     54.48874085	     -0.95567295	      5.67072507	     24.86550580	     -2.24504723	     70.40582861	     34.48834444	     26.28350364	     -2.99430018	     -7.57158880
      0.48333333	      1.40064293	     -2.36826623	     92.97407033	      0.23667427	      0.86894961	      0.70991297	      9.23845091	     -2.27179618	    -19.78856402	     13.26108115	      0.23144953	     39.35928144	     16.34717118	      0.00000000	     11.63883672	      0.99450555	      9.55257145	     14.87745414	      0.25966056	     35.35685681	     -4.64608142	      0.00000000	      0.33464920	      0.11059219	      0.23098733	      0.62147703	      0.14708761	      0.24542404	      0.54979517	      0.26889384	      0.24542404	      0.38247057	      0.26889384	      0.20211391	      0.31075525	      0.22551959	      0.18767720	      0.19121855	      0.17130730	      0.17324050	      2.39036579	      1.25104094	      1.28468223	      0.00000000	      0.00000000	     28.12622120	     -0.57419813	      1.73395267	     14.82005130	     -8.28825441	     44.18837526	     40.99977418	     54.74873458	     -0.85950453	      5.32869663	     25.13864351	     -2.12886597	     70.61620195	     34.19455338	     26.56014241	     -2.61517788	     -7.47577212
      0.50000000	      1.29008633	     -2.45354679	     92.71471667	      0.23752862	      0.86877221	      0.71087376	      9.41462639	     -2.14443979	    -18.05110181	     13.12165112	      0.22901602	     39.07815776	     14.55182500	      0.00000000	     11.91622706	      0.87753355	      7.86919625	     15.17020774	      0.26477007	     35.91334054	     -2.86430882	      0.00000000	      0.31272596	      0.09079461	      0.31231875	      0.58076337	      0.12075684	      0.33183868	      0.51377747	      0.22075802	      0.33183868	      0.35741450	      0.22075802	      0.27327891	      0.29039732	      0.18514837	      0.25375899	      0.17869161	      0.14064086	      0.23423907	      2.23377023	      1.02708682	      1.73702321	      0.00000000	      0.00000000	     28.14120493	     -0.79828794	      0.92694611	     14.99106703	     -8.22552782	     44.25881571	     40.82385430	     53.69920248	     -0.96485829	      5.30453704	     25.01840131	     -2.04665880	     69.08830831	     34.10424409	     28.27278973	     -2.91151749	     -6.34627361
      0.51666667	      1.08779196	     -2.74653657	     92.58098489	      0.23770980	      0.86824603	      0.71178372	      9.94159008	     -2.54705211	    -19.03527264	     13.54215260	      0.23635515	     39.44310546	     15.99391358	      0.00000000	     12.36692867	      1.05454199	      7.43713568	     15.39278227	      0.26865473	     36.15109926	     -2.50265846	      0.00000000	      0.31952580	      0.07218990	      0.33081862	      0.59339137	      0.09601257	      0.35149478	      0.52494894	      0.17552253	      0.35149478	      0.36518604	      0.17552253	      0.28946629	      0.29671166	      0.14720965	      0.26879013	      0.18257704	      0.11182216	      0.24811397	      2.28234084	      0.81662663	      1.83991392	      0.00000000	      0.00000000	     28.13132193	     -1.32586809	      0.50978872	     15.27564681	     -8.14237045	     44.56442955	     40.14975023	     54.72219176	     -0.12008130	      4.58864643	     24.70906687	     -1.98980355	     67.90523456	     33.71644483	     28.19828225	     -1.70040447	     -7.17139773
      0.53333333	      0.93842245	     -2.90183429	     92.63413083	      0.23765679	      0.86789733	      0.71293390	     10.19759710	     -2.75735569	    -19.20066846	     13.62601476	      0.23781882	     39.42933270	     16.17672436	      0.00000000	     12.66584272	      1.25809382	      7.54490652	     15.53693714	      0.27117071	     36.21356629	     -2.67701000	      0.00000000	      0.29567313	      0.06095242	      0.34294981	      0.54909456	      0.08106672	      0.36438418	      0.48576138	      0.14819973	      0.36438418	      0.33792482	      0.14819973	      0.30008109	      0.27456207	      0.12429418	      0.27864672	      0.16894762	      0.09441531	      0.25721236	      2.11196357	      0.68950602	      1.90738398	      0.00000000	      0.00000000	     28.10372260	     -1.58114578	      0.38231825	     15.41335125	     -8.04725245	     44.41978679	     39.68344204	     54.84742077	     -0.03532091	      4.58102603	     24.86926753	     -1.90929877	     67.78741334	     33.38039546	     27.96723200	     -1.65688507	     -7.03306843
      0.55000000	      0.77943964	     -3.11825152	     92.62434558	      0.23757208	      0.86737244	      0.71427965	     10.62360430	     -3.02542664	    -19.37722111	     13.92374191	      0.24301514	     39.50801350	     16.37843158	      0.00000000	     13.05445687	      1.47751435	      7.54049971	     15.68568700	      0.27376688	     36.18983267	     -2.92381512	      0.00000000	      0.27768030	      0.05091563	      0.36608829	      0.51568008	      0.06771779	      0.38896881	      0.45620096	      0.12379627	      0.38896881	      0.31736081	      0.12379627	      0.32032725	      0.25785393	      0.10382716	      0.29744674	      0.15866652	      0.07886831	      0.27456622	      1.98344260	      0.57596781	      2.03607325	      0.00000000	      0.00000000	     28.05218703	     -2.02841441	      0.26871832	     15.62879921	     -7.91473940	     44.38404030	     38.94577221	     55.18184017	      0.35963214	      4.11310043	     24.94201327	     -1.77791303	     67.45386561	     32.93209663	     27.74260057	     -1.32550461	     -7.12247710
      0.56666667	      0.64201544	     -3.34709925	     92.45928881	      0.23733370	      0.86678403	      0.71573896	     11.10640865	     -3.29238299	    -19.57003022	     14.26806251	      0.24902467	     39.54702574	     16.57455405	      0.00000000	     13.42152750	      1.66596091	      7.46201447	     15.74780457	      0.27485104	     36.07154067	     -3.21630907	      0.00000000	      0.26025720	      0.05004515	      0.40757175	      0.48332364	      0.06656005	      0.43304498	      0.42757655	      0.12167978	      0.43304498	      0.29744795	      0.12167978	      0.35662528	      0.24167483	      0.10205207	      0.33115205	      0.14871096	      0.07751994	      0.30567881	      1.85899113	      0.56612073	      2.26679180	      0.00000000	      0.00000000	     27.98866300	     -2.31421479	      0.43393765	     15.91227734	     -7.73897494	     44.40868822	     37.94037044	     55.74985263	      0.88981355	      2.90801711	     25.06616207	     -1.55266051	     67.23051307	     32.33620646	     27.80806672	     -0.75242290	     -7.43391982
      0.58333333	      0.56398172	     -3.51023302	     92.17924115	      0.23714810	      0.86624860	      0.71688289	     11.51110244	     -3.47043992	    -19.74401822	     14.58022439	      0.25447292	     39.57790377	     16.71956165	      0.00000000	     13.63439951	      1.77536820	      7.38924950	     15.67897136	      0.27364967	     35.85762075	     -3.56084075	      0.00000000	      0.23966209	      0.05725608	      0.46760144	      0.44507648	      0.07615058	      0.49682653	      0.39374086	      0.13921242	      0.49682653	      0.27390981	      0.13921242	      0.40915126	      0.22255022	      0.11675659	      0.37992617	      0.13694292	      0.08868966	      0.35070108	      1.71188238	      0.64769218	      2.60065893	      0.00000000	      0.00000000	     27.88474405	     -2.25578806	      0.87596605	     16.22451164	     -7.52190969	     44.45335066	     36.80125344	     56.37785215	      1.25450471	      1.27191892	     25.30687130	     -1.27877442	     67.47557214	     31.64100122	     28.42176964	     -0.21101356	     -7.95149989
      0.60000000	      0.41122648	     -3.61493789	     91.74696968	      0.23681323	      0.86572903	      0.71746065	     11.88542827	     -3.74682266	    -19.84125918	     14.94135892	      0.26077591	     39.66916885	     16.87505932	      0.00000000	     13.67512192	      1.97176703	      7.44430757	     15.47633791	      0.27011305	     35.52507111	     -4.28589435	      0.00000000	      0.21769477	      0.06292685	      0.56541044	      0.40428096	      0.08369272	      0.60074860	      0.35765074	      0.15300036	      0.60074860	      0.24880336	      0.15300036	      0.49473414	      0.20215137	      0.12832044	      0.45939599	      0.12439079	      0.09747370	      0.42405783	      1.55497200	      0.71184117	      3.14464326	      0.00000000	      0.00000000	     27.78785218	     -1.78453428	      1.54067611	     16.58107057	     -7.28895325	     44.77215318	     35.33907864	     57.12198757	      1.62394869	     -1.05317097	     25.78393955	     -0.85651537	     68.72406393	     30.54702687	     30.25003804	      0.25178257	     -8.95956777
      0.61666667	      0.38400164	     -3.72274815	     91.33778255	      0.23656495	      0.86512228	      0.71739983	     12.25362442	     -3.87721358	    -19.91053883	     15.30130273	      0.26705811	     39.91019278	     17.02125646	      0.00000000	     13.63898592	      2.07050799	      7.82569545	     15.16603711	      0.26469728	     35.14125963	     -5.45936280	      0.00000000	      0.20644424	      0.07766465	      0.62848901	      0.38338760	      0.10329398	      0.66776957	      0.33916724	      0.18883383	      0.66776957	      0.23594512	      0.18883383	      0.54992788	      0.19170412	      0.15837375	      0.51064732	      0.11796224	      0.12030254	      0.47136675	      1.47461056	      0.87855803	      3.49546731	      0.00000000	      0.00000000	     27.69641131	     -1.12927003	      1.98648631	     16.94302216	     -6.77948867	     45.30094079	     33.45000919	     57.00512346	      1.45680875	     -2.39364454	     26.29282563	     -0.32003889	     70.53174854	     28.92484403	     32.41307627	     -0.15874614	     -9.72108118
      0.63333333	      0.32586909	     -3.81162460	     90.95992643	      0.23619239	      0.86433332	      0.71674997	     12.62116522	     -4.06190256	    -19.94161447	     15.72730298	      0.27449322	     40.30265268	     17.15875107	      0.00000000	     13.51669553	      2.26964529	      8.82080458	     14.79363379	      0.25819762	     34.68874022	     -7.35897390	      0.00000000	      0.19834749	      0.08901428	      0.65647929	      0.36835112	      0.11838899	      0.69750925	      0.32586509	      0.21642932	      0.69750925	      0.22669135	      0.21642932	      0.57441938	      0.18418548	      0.18151792	      0.53338942	      0.11333576	      0.13788312	      0.49235947	      1.41677629	      1.00694736	      3.65114088	      0.00000000	      0.00000000	     27.62491613	     -0.09557641	      2.56889727	     17.36756500	     -6.26972114	     47.12851118	     31.20308111	     55.51439625	      0.90208795	     -3.35895677	     26.71801718	      0.31502708	     72.93454242	     26.64124653	     33.86225577	     -1.30333759	    -10.01042883
      0.65000000	      0.31471018	     -3.91062714	     90.70047475	      0.23601206	      0.86323483	      0.71563977	     12.96975586	     -4.17844671	    -20.02571050	     16.15155619	      0.28189783	     40.87958241	     17.32678850	      0.00000000	     13.43106356	      2.36823552	      9.48670672	     14.49336287	      0.25295690	     34.49287612	     -8.65649227	      0.00000000	      0.19702602	      0.10124323	      0.63721050	      0.36589702	      0.13465350	      0.67703615	      0.32369404	      0.24616279	      0.67703615	      0.22518104	      0.24616279	      0.55755918	      0.18295836	      0.20645519	      0.51773353	      0.11258067	      0.15682576	      0.47790787	      1.40733714	      1.14528366	      3.54397362	      0.00000000	      0.00000000	     27.58756737	      1.44313920	      3.60028511	     17.77624920	     -5.81211501	     49.90664230	     28.70478444	     54.03734637	     -0.05581022	     -3.73715582	     26.99708834	      0.74092733	     76.11940381	     24.04988589	     33.98925194	     -2.84241286	     -9.20401686
      0.66666667	      0.33186320	     -3.88890249	     90.48233347	      0.23586642	      0.86218123	      0.71465513	     13.19635989	     -4.25812783	    -20.02470140	     16.59423428	      0.28962403	     41.42419698	     17.49382819	      0.00000000	     13.22865369	      2.43460119	     10.22328413	     14.19057253	      0.24767221	     34.24731552	     -9.89168500	      0.00000000	      0.18211628	      0.10838573	      0.60234911	      0.33820814	      0.14415302	      0.63999593	      0.29919883	      0.26352906	      0.63999593	      0.20814069	      0.26352906	      0.52705547	      0.16911318	      0.22102017	      0.48940865	      0.10406124	      0.16788949	      0.45176183	      1.30083836	      1.22608102	      3.35008502	      0.00000000	      0.00000000	     27.51198584	      2.94895722	      4.06215198	     19.07084804	     -5.87533568	     58.53102129	     25.81569793	     46.08693788	     -1.37759403	     -4.74334705	     28.65987512	      1.40579950	     91.34593731	     20.05178903	     21.53441917	     -3.90189508	     -9.97286303
      0.68333333	      0.35632302	     -4.08682233	     90.29466827	      0.23618246	      0.86064832	      0.71314535	     13.57494931	     -4.27027567	    -19.93943916	     16.99215639	      0.29656908	     41.89541306	     17.56256596	      0.00000000	     13.26651996	      2.37096518	     10.38414380	     13.97952993	      0.24398883	     34.26914963	     -9.88452815	      0.00000000	      0.20367638	      0.11049431	      0.52624503	      0.37824740	      0.14695744	      0.55913534	      0.33461992	      0.26865588	      0.55913534	      0.23278173	      0.26865588	      0.46046440	      0.18913389	      0.22532001	      0.42757408	      0.11638068	      0.17115569	      0.39468377	      1.45484001	      1.24993379	      2.92681696	      0.00000000	      0.00000000	     27.51287270	      4.06920282	      4.39297505	     18.94136480	     -5.48724075	     59.73356867	     23.31935899	     46.62279862	     -2.28063256	     -3.38959683	     27.74686528	      1.24009814	     93.30049475	     17.12080175	     22.40970929	     -5.69342314	     -7.61841909
      0.70000000	      0.12520848	     -3.90037873	     90.21214772	      0.23626617	      0.85969176	      0.71165605	     13.44939359	     -4.55897011	    -19.89549631	     17.32540020	      0.30238528	     42.48850373	     17.63433404	      0.00000000	     12.78323333	      2.69612549	     11.32334545	     13.58694581	      0.23713694	     33.81798618	    -11.10824302	      0.00000000	      0.17467212	      0.08273582	      0.39438994	      0.32438359	      0.11003865	      0.41903932	      0.28696882	      0.20116388	      0.41903932	      0.19963277	      0.20116388	      0.34509120	      0.16220053	      0.16871489	      0.32044183	      0.09980765	      0.12815779	      0.29579246	      1.24766548	      0.93592420	      2.19347855	      0.00000000	      0.00000000	     27.39037343	      5.65182343	      5.30326244	     21.55991882	     -5.50035149	     79.90632647	     19.37602083	     31.38325821	     -2.99543463	     -6.26114994	     29.13925436	      2.03426501	    124.33680940	     12.06104283	      5.84981731	     -6.53395282	     -7.09486821
      0.71666667	     -0.30644872	     -3.78532944	     90.12460756	      0.23710942	      0.85890365	      0.70981610	     13.31495120	     -4.98787075	    -19.72421822	     17.64125887	      0.30789805	     42.84692756	     17.48606730	      0.00000000	     12.32461120	      3.08680653	     11.63283647	     13.17377363	      0.22992572	     33.50172459	    -11.16725509	      0.00000000	      0.16510441	      0.02079197	      0.27350724	      0.30661539	      0.02765332	      0.29060144	      0.27125003	      0.05055359	      0.29060144	      0.18869783	      0.05055359	      0.23931883	      0.15331595	      0.04239898	      0.22222463	      0.09434066	      0.03220676	      0.20513043	      1.17932427	      0.23520291	      1.52116519	      0.00000000	      0.00000000	     27.25379131	      6.44376883	      5.43151644	     23.87813993	     -2.93720045	    116.54977686	     11.49739726	      5.01069045	      0.24201477	     -9.58275383	     28.43422102	      1.01924677	    136.05457784	      9.79298948	      5.28327451	     -8.50878958	     -4.18163225
      0.73333333	     -0.26953112	     -3.66584395	     90.13370462	      0.23658279	      0.85815705	      0.70795624	     13.06663901	     -5.00719112	    -19.69807056	     17.88720399	      0.31219060	     42.78556415	     17.16240304	      0.00000000	     11.93235464	      3.08106096	     12.03240110	     12.94291899	      0.22589655	     33.40635351	    -10.97419170	      0.00000000	      0.16459763	      0.03381227	      0.17416888	      0.30567425	      0.04497032	      0.18505444	      0.27041744	      0.08221115	      0.18505444	      0.18811863	      0.08221115	      0.15239777	      0.15284536	      0.06894998	      0.14151222	      0.09405108	      0.05237520	      0.13062666	      1.17570439	      0.38249113	      0.96867508	      0.00000000	      0.00000000	     27.04723991	      6.41623101	      5.37371098	     23.19834043	     -4.18294218	    116.81296899	     10.97870835	      4.96359785	     -1.08594117	     -7.62413459	     27.53150114	     -0.17603935	    139.86821143	      8.75612510	      8.38719058	    -10.74595123	     -1.77886074
      0.75000000	     -0.36939460	     -3.41838635	     89.83634668	      0.23639701	      0.85796959	      0.70633664	     12.59374375	     -5.07142900	    -19.45241713	     17.87232059	      0.31193084	     42.57674137	     16.90570229	      0.00000000	     11.31445573	      3.26465491	     13.03350950	     12.57455175	      0.21946733	     32.80829924	    -12.42821325	      0.00000000	      0.14492749	      0.02771159	      0.22140625	      0.26914485	      0.03685641	      0.23524414	      0.23810138	      0.06737795	      0.23524414	      0.16563763	      0.06737795	      0.19373047	      0.13457967	      0.05650947	      0.17989258	      0.08281157	      0.04292525	      0.16605469	      1.03520258	      0.31347901	      1.23139516	      0.00000000	      0.00000000	     26.93585964	      5.81218936	      3.88769560	     22.33481335	     -6.14936010	    112.56625580	     11.26318868	      5.14743207	     -2.22780444	     -6.96682725	     27.43002799	     -0.88695567	    152.50462450	      7.49619667	      7.37353094	    -11.41350803	     -0.31795540
      0.76666667	      0.08982820	     -3.15681936	     89.90279189	      0.23538831	      0.85831326	      0.70500016	     11.93530219	     -4.55543774	    -19.32788648	     17.56510413	      0.30656890	     41.78406877	     16.28049552	      0.00000000	     10.84253922	      2.86515305	     13.40368610	     12.46660394	      0.21758329	     32.53343340	    -12.54596467	      0.00000000	      0.12433413	      0.10838877	      0.13577430	      0.23090090	      0.14415706	      0.14426020	      0.20426853	      0.26353645	      0.14426020	      0.14210147	      0.26353645	      0.11880252	      0.11545667	      0.22102638	      0.11031662	      0.07104452	      0.16789420	      0.10183073	      0.88810622	      1.22611542	      0.75513595	      0.00000000	      0.00000000	     26.53133606	      5.18514579	      3.82402362	     21.81096566	     -8.16999976	    111.15697461	     10.82234113	      4.41151848	     -3.16289195	     -6.61251274	     27.10882008	     -1.81553900	    155.39797638	      6.99971056	      9.11490022	    -12.68176522	     -0.01172517
      0.78333333	      0.42669406	     -2.91440117	     89.67501988	      0.23513844	      0.85880784	      0.70429572	     11.53467602	     -4.04662093	    -18.30507718	     17.47899759	      0.30506606	     40.91631148	     15.12110524	      0.00000000	     10.36639829	      2.56057842	     14.08881084	     12.26388275	      0.21404513	     31.88184195	    -13.63902052	      0.00000000	      0.09639155	      0.16691411	      0.13359234	      0.17900875	      0.22199577	      0.14194186	      0.15836168	      0.40583498	      0.14194186	      0.11016590	      0.40583498	      0.11689329	      0.08950919	      0.34037126	      0.10854377	      0.05507813	      0.25854996	      0.10019425	      0.68851520	      1.88816585	      0.74300050	      0.00000000	      0.00000000	     25.88123372	      4.61938486	      3.13809441	     21.04646583	    -10.29921890	    106.36298512	     10.48054923	      4.44150228	     -3.87194757	     -6.41530930	     26.98198177	     -2.64948440	    159.04547166	      6.02454279	      8.74730495	    -12.20740124	     -0.18598461
      0.80000000	      0.64137369	     -2.66528831	     89.55782349	      0.23491966	      0.85949511	      0.70437788	     11.32491920	     -3.85706422	    -18.35606551	     17.73206894	      0.30948299	     40.27356194	     14.92770133	      0.00000000	     10.10808393	      2.33048413	     13.65794171	     12.31779193	      0.21498603	     31.09320232	    -13.80443417	      0.00000000	      0.05737187	      0.20945011	      0.09080620	      0.10654529	      0.27856865	      0.09648158	      0.09425624	      0.50925700	      0.09648158	      0.06557030	      0.50925700	      0.07945542	      0.05327551	      0.42711067	      0.07378004	      0.03278228	      0.32443822	      0.06810465	      0.40980150	      2.36934154	      0.50503683	      0.00000000	      0.00000000	     24.87538898	      4.61652959	      2.97282825	     20.64115125	    -12.11804288	    105.96772059	      9.41979808	      4.20968578	     -4.16261667	     -6.32940419	     26.82536333	     -3.62176661	    159.17940594	      5.17636211	      8.70490476	    -11.92888288	     -0.74214886
      0.81666667	      1.10962670	     -2.34729774	     89.01793264	      0.23571286	      0.86043884	      0.70388868	     10.94626831	     -2.91163574	    -15.78938348	     17.38275728	      0.30338635	     39.42097392	     12.58220605	      0.00000000	      9.46880913	      1.75982183	     13.76214871	     11.84870309	      0.20679888	     30.41251615	    -14.89921537	      0.00000000	      0.03169161	      0.27779428	      0.07483028	      0.05885448	      0.36946639	      0.07950718	      0.05206614	      0.67542901	      0.07950718	      0.03622034	      0.67542901	      0.06547650	      0.02942883	      0.56647809	      0.06079960	      0.01810858	      0.43030334	      0.05612271	      0.22636998	      3.14246443	      0.41618358	      0.00000000	      0.00000000	     23.08722116	      4.56450975	      3.05758765	     20.06839019	    -13.99684835	    102.60585190	      8.91570277	      4.05170257	     -4.42920423	     -6.06944011	     25.98900459	     -4.59867267	    162.08750394	      2.65514941	      6.01776796	     -8.04022389	     -2.02748943
      0.83333333	      1.30635687	     -1.95540585	     88.89864570	      0.23614076	      0.86148682	      0.70496855	     10.75366590	     -2.67916830	    -15.49421416	     17.57639795	      0.30676601	     39.15247066	     12.66142511	      0.00000000	      9.19832105	      1.50904042	     13.19793012	     11.98173152	      0.20912067	     29.80879156	    -15.09238784	      0.00000000	     -0.02813208	      0.30054472	     -0.01234374	     -0.05224408	      0.39972448	     -0.01311522	     -0.04621819	      0.73074443	     -0.01311522	     -0.03215215	      0.73074443	     -0.01080077	     -0.02612345	      0.61287079	     -0.01002929	     -0.01607467	      0.46554377	     -0.00925780	     -0.20094461	      3.39982198	     -0.06865217	      0.00000000	      0.00000000	     21.13924815	      4.80969354	      2.75445080	     19.95067780	    -15.38195700	    102.32763771	      7.77939577	      3.66572582	     -4.70760811	     -6.28657716	     25.64224384	     -5.61955499	    161.92107952	      1.40977445	      5.81014725	     -7.44371631	     -2.35809997
      0.85000000	      1.53097958	     -1.60342241	     88.35187355	      0.23715622	      0.86270758	      0.70489097	     10.31157111	     -2.14670065	    -14.12475265	     17.06274424	      0.29780107	     38.86921104	     12.13569837	      0.00000000	      8.53976224	      1.12619000	     12.60967759	     11.42332112	      0.19937457	     29.67569935	    -15.17621143	      0.00000000	     -0.02842732	      0.32785450	      0.01801494	     -0.05279237	      0.43604648	      0.01914088	     -0.04670324	      0.79714542	      0.01914088	     -0.03248958	      0.79714542	      0.01576308	     -0.02639761	      0.66856089	      0.01463714	     -0.01624337	      0.50784661	      0.01351121	     -0.20305349	      3.70875563	      0.10019371	      0.00000000	      0.00000000	     17.96030960	      4.98477470	      2.70323142	     19.42358259	    -16.57889367	    102.76041215	      6.43609142	      2.49372183	     -4.84545755	     -7.57432530	     25.25139205	     -6.53120170	    159.89662287	      0.68181453	      4.01500860	     -4.33340049	     -3.69382136
      0.86666667	      1.71934791	     -1.10854279	     87.77296964	      0.23791724	      0.86414706	      0.70640457	     10.16350096	     -1.63084950	    -11.78968192	     17.20491008	      0.30028233	     38.52372117	     10.13909432	      0.00000000	      8.10091679	      0.83365143	     11.74147484	     11.47587340	      0.20029178	     29.91270531	    -14.97404201	      0.00000000	     -0.08665647	      0.35016255	      0.05537946	     -0.16092974	      0.46571620	      0.05884067	     -0.14236792	      0.85138523	      0.05884067	     -0.09903968	      0.85138523	      0.04845703	     -0.08046920	      0.71405148	      0.04499581	     -0.04951551	      0.54240180	      0.04153459	     -0.61897853	      3.96110884	      0.30800393	      0.00000000	      0.00000000	     15.07819109	      4.76460807	      2.44025320	     19.29700824	    -17.22361118	    106.31056384	      4.13899528	      1.63805940	     -4.32640363	     -9.03719234	     25.06612170	     -7.17875205	    154.07461570	      0.48947818	      3.06645433	     -3.08515728	     -5.01790373
      0.88333333	      1.86511458	     -0.71846307	     87.50052714	      0.23811075	      0.86590584	      0.70783144	      9.96839998	     -1.33809279	    -10.68534134	     17.20442543	      0.30027387	     38.20980527	      9.27084664	      0.00000000	      7.71332803	      0.63302410	     11.17289675	     11.39404411	      0.19886358	     30.15009297	    -14.61750989	      0.00000000	     -0.11681760	      0.36313793	      0.04390481	     -0.21694197	      0.48297345	      0.04664886	     -0.19191964	      0.88293357	      0.04664886	     -0.13351084	      0.88293357	      0.03841671	     -0.10847682	      0.74051088	      0.03567266	     -0.06674958	      0.56250066	      0.03292861	     -0.83441644	      4.10788894	      0.24418539	      0.00000000	      0.00000000	     11.97188191	      4.41928153	      1.76545608	     18.99069226	    -17.71681333	    108.64713420	      2.36696248	      1.20049486	     -3.40499488	    -11.90880214	     24.86036314	     -7.62006988	    149.13847367	      0.38707040	      2.19142350	     -2.83039010	     -7.15938510
      0.90000000	      1.83863656	     -0.36824295	     87.22712002	      0.23834831	      0.86814714	      0.70957509	      9.85720759	     -1.27805962	     -9.91642595	     17.32934348	      0.30245410	     37.74734799	      8.62287568	      0.00000000	      7.34977656	      0.60899062	     10.58716871	     11.23599179	      0.19610505	     30.19022278	    -14.25617997	      0.00000000	     -0.14576938	      0.34231570	      0.00667912	     -0.27070831	      0.45527989	      0.00709656	     -0.23948451	      0.83230640	      0.00709656	     -0.16659982	      0.83230640	      0.00584423	     -0.13536144	      0.69805019	      0.00542678	     -0.08329262	      0.53024703	      0.00500934	     -1.04121609	      3.87234372	      0.03714726	      0.00000000	      0.00000000	      9.03826127	      4.22266544	      0.60263351	     18.88392361	    -18.03264732	    109.38216591	      1.53899263	      1.02166465	     -1.54581530	    -16.19669866	     24.74286564	     -8.03687310	    143.03463270	      0.34515509	      1.55812948	     -2.50650183	    -10.35303322
      0.91666667	      1.59666333	     -0.07451652	     86.98346364	      0.23881184	      0.87087981	      0.71148198	      9.80896053	     -1.43386720	     -9.22462633	     17.49215800	      0.30529575	     37.10796598	      7.87410539	      0.00000000	      7.00935126	      0.79543681	     10.05782653	     10.97635838	      0.19157359	     29.85638585	    -13.93838555	      0.00000000	     -0.16781453	      0.28026788	     -0.06703009	     -0.31164837	      0.37275628	     -0.07121947	     -0.27570249	      0.68144333	     -0.07121947	     -0.19179523	      0.68144333	     -0.05865133	     -0.15583257	      0.57152226	     -0.05446195	     -0.09588922	      0.43413495	     -0.05027257	     -1.19868242	      3.17044633	     -0.37280127	      0.00000000	      0.00000000	      6.21696724	      4.37603660	     -0.84961511	     18.99459414	    -18.03248699	    110.08456607	      1.06729440	      0.93777068	      1.86504154	    -21.20625979	     24.76818457	     -8.52031321	    136.19821566	      0.34308456	      1.16809259	     -1.37109374	    -14.41677080
      0.93333333	      1.15511728	      0.21213082	     86.76354244	      0.23972817	      0.87428187	      0.71373654	      9.75463729	     -1.74442783	     -8.45082270	     17.61951832	      0.30751861	     36.28855480	      6.91912850	      0.00000000	      6.64272229	      1.15558948	      9.44609969	     10.59324525	      0.18488701	     28.96199411	    -13.63510844	      0.00000000	     -0.18915570	      0.17652523	     -0.22335367	     -0.35128104	      0.23477856	     -0.23731327	     -0.31076389	      0.42920344	     -0.23731327	     -0.21618604	      0.42920344	     -0.19543446	     -0.17564998	      0.35997025	     -0.18147485	     -0.10808356	      0.27343758	     -0.16751525	     -1.35112022	      1.99688870	     -1.24222608	      0.00000000	      0.00000000	      3.29587917	      4.97577774	     -2.28555483	     19.75219077	    -17.58243125	    111.41901444	      0.74360555	      0.87391845	      7.71111441	    -23.82318119	     24.90871438	     -9.33674735	    129.68832987	      0.35188142	      0.97590997	      1.25704056	    -19.11772082
      0.95000000	      0.81762409	      0.55822999	     86.48212594	      0.24042772	      0.87812539	      0.71617586	      9.57433846	     -1.90930633	     -7.44734633	     17.61703759	      0.30747531	     35.15550602	      5.59479340	      0.00000000	      6.25819052	      1.43545881	      8.83232466	     10.30967759	      0.17993782	     27.88299430	    -13.49160774	      0.00000000	     -0.21710569	      0.09356658	     -0.42017293	     -0.40318699	      0.12444355	     -0.44643374	     -0.35668295	      0.22749779	     -0.44643374	     -0.24813010	      0.22749779	     -0.36765131	     -0.20160435	      0.19080097	     -0.34139051	     -0.12405419	      0.14493463	     -0.31512970	     -1.55076427	      1.05844388	     -2.33687579	      0.00000000	      0.00000000	      0.23868812	      5.41984003	     -3.05045450	     21.08152836	    -17.34946039	    110.63567781	      0.59676616	      0.78327286	     21.76203772	    -24.40239687	     25.27100997	    -10.19137495	    124.28428952	      0.34770020	      0.87572391	      6.57572418	    -22.75751668
      0.96666667	      0.74615994	      0.87843360	     86.26957993	      0.24004560	      0.88130693	      0.71844354	      9.45044296	     -1.92161051	     -6.75704210	     17.78181919	      0.31035129	     34.31029623	      4.64535331	      0.00000000	      5.93342248	      1.51798558	      8.43470487	     10.10513415	      0.17636786	     27.10561228	    -13.35916259	      0.00000000	     -0.25828365	      0.07258592	     -0.41937903	     -0.47965856	      0.09653927	     -0.44559022	     -0.42433420	      0.17648541	     -0.44559022	     -0.29519238	      0.17648541	     -0.36695665	     -0.23984220	      0.14801721	     -0.34074546	     -0.14758328	      0.11243559	     -0.31453427	     -1.84489427	      0.82110645	     -2.33246036	      0.00000000	      0.00000000	     -2.11489039	      5.24665536	     -4.72668642	     21.78678492	    -18.13795801	    103.11933479	      0.83338128	      0.76575209	     47.97133725	    -24.45809922	     26.52800836	    -10.22404399	    122.54655555	      0.31327306	      0.80135515	     13.42073708	    -24.02162651
      0.98333333	      0.41415560	      1.32330496	     85.79911151	      0.24063904	      0.88465014	      0.72053759	      9.26697983	     -2.12542484	     -5.70859762	     17.98922158	      0.31397115	     33.53515726	      3.57173843	      0.00000000	      5.41111308	      1.81586564	      7.75294514	      9.75900512	      0.17032677	     26.25479664	    -13.35787058	      0.00000000	     -0.30920336	      0.01349750	     -0.39527802	     -0.57422157	      0.01795168	     -0.41998290	     -0.50799021	      0.03281783	     -0.41998290	     -0.35338852	      0.03281783	     -0.34586827	     -0.28712624	      0.02752411	     -0.32116339	     -0.17667880	      0.02090763	     -0.29645852	     -2.20860870	      0.15268647	     -2.19841777	      0.00000000	      0.00000000	     -4.27222266	      5.54248985	     -5.58065557	     22.94214737	    -18.04294759	    101.71269224	      0.91689065	      0.75575252	     67.24116329	    -24.41546999	     28.04024761	    -10.73663317	    121.45132009	      0.27441942	      0.73166884	     26.41338850	    -24.40161206
      1.00000000	     -0.43497443	      2.04100266	     85.55981849	      0.24328614	      0.88879610	      0.72338799	      8.88312859	     -2.67002930	     -4.08141278	     18.18456983	      0.31738062	     32.73497971	      1.57172255	      0.00000000	      4.71929175	      2.49745076	      6.57427707	      9.42608290	      0.16451618	     25.45400737	    -12.43955636	      0.00000000	     -0.38434205	     -0.16901268	     -0.88167938	     -0.71376163	     -0.22478686	     -0.93678434	     -0.63143556	     -0.41093742	     -0.93678434	     -0.43926453	     -0.41093742	     -0.77146945	     -0.35690003	     -0.34465065	     -0.71636449	     -0.21961305	     -0.26180064	     -0.66125953	     -2.74531686	     -1.91190521	     -4.90363619	      0.00000000	      0.00000000	     -6.74226179	      6.40740058	     -4.04198178	     26.12490582	    -15.31133865	    107.84707151	      0.71867958	      0.71004799	     69.37527915	    -24.48480376	     28.48057488	    -13.36165077	    115.80703362	      0.27199858	      0.66797427	     49.00810552	    -24.48198098
      1.01666667	     -0.98236212	      2.80847170	     85.43459268	      0.24479486	      0.89266817	      0.72617531	      8.38113093	     -3.08585219	     -3.27330000	     18.27770595	      0.31900615	     32.22546273	      0.54116104	      0.00000000	      4.02795825	      2.93506833	      5.35286122	      9.20241139	      0.16061238	     25.16416033	    -11.19783679	      0.00000000	     -0.46833098	     -0.28750758	     -1.41132716	     -0.86973746	     -0.38238509	     -1.49953511	     -0.76942097	     -0.69904594	     -1.49953511	     -0.53525548	     -0.69904594	     -1.23491127	     -0.43489215	     -0.58628546	     -1.14670332	     -0.26760432	     -0.44534925	     -1.05849537	     -3.34524136	     -3.25234328	     -7.84937827	      0.00000000	      0.00000000	     -8.94834054	      6.42689063	     -1.45365701	     29.45127202	    -12.46651222	    113.68580319	      0.61863287	      0.69432703	     69.63473052	    -24.52583875	     28.36603224	    -15.05323305	    110.96078729	      0.29138747	      0.61123274	     66.39376888	    -24.47115424
      1.03333333	     -0.86316104	      3.51141748	     85.42474188	      0.24388648	      0.89696658	      0.72895431	      7.72429759	     -3.04597137	     -3.33218637	     18.00598773	      0.31426377	     31.56380525	      0.46473612	      0.00000000	      3.43290672	      2.83103815	      4.51021923	      9.11705385	      0.15912261	     25.01540737	    -10.17577148	      0.00000000	     -0.54219378	     -0.26998102	     -1.60331088	     -1.00690807	     -0.35907476	     -1.70351781	     -0.89077016	     -0.65643185	     -1.70351781	     -0.61967327	     -0.65643185	     -1.40289702	     -0.50348114	     -0.55054530	     -1.30269009	     -0.30980952	     -0.41820060	     -1.20248316	     -3.87283594	     -3.05407930	     -8.91713412	      0.00000000	      0.00000000	    -11.19742486	      5.45740200	      0.02078769	     31.75530471	    -10.99617372	    117.57007597	      0.51011096	      0.64398966	     69.72834621	    -24.56732828	     29.14853521	    -14.38272408	    111.15903653	      0.28811958	      0.58002296	     68.97883767	    -24.52364059
      1.05000000	     -0.64375762	      4.04677911	     85.51095228	      0.24247840	      0.90042683	      0.73118145	      7.17505145	     -3.02273335	     -4.15442002	     17.68522399	      0.30866539	     31.31357120	      1.31986473	      0.00000000	      3.01979696	      2.60424086	      3.33080982	      9.12611796	      0.15928081	     25.21515625	     -8.43378591	      0.00000000	     -0.60342396	     -0.23117091	     -1.65029011	     -1.12061863	     -0.30745731	     -1.75343324	     -0.99136522	     -0.56206894	     -1.75343324	     -0.68965324	     -0.56206894	     -1.44400384	     -0.56033949	     -0.47140371	     -1.34086071	     -0.34479645	     -0.35808373	     -1.23771758	     -4.31019700	     -2.61505153	     -9.17841849	      0.00000000	      0.00000000	    -12.99460124	      4.63042634	      0.87298402	     33.16144776	     -9.97926726	    119.53564236	      0.45099844	      0.60508625	     69.76925516	    -24.59546136	     30.38594388	    -12.95714220	    113.18890956	      0.27666112	      0.56496880	     69.39873673	    -24.55810781
      1.06666667	     -0.56806408	      4.28858718	     85.58607857	      0.24103746	      0.90274075	      0.73250151	      7.00897392	     -3.05329311	     -4.37291527	     17.55516195	      0.30639538	     31.22604804	      1.35435555	      0.00000000	      2.87573768	      2.59851065	      3.30085549	      9.15854144	      0.15984670	     25.03220723	     -8.29503333	      0.00000000	     -0.63320860	     -0.20990908	     -1.59158860	     -1.17593170	     -0.27917908	     -1.69106289	     -1.04029842	     -0.51037294	     -1.69106289	     -0.72369411	     -0.51037294	     -1.39264002	     -0.58799751	     -0.42804660	     -1.29316574	     -0.36181540	     -0.32514917	     -1.19369145	     -4.52294574	     -2.37453350	     -8.85193831	      0.00000000	      0.00000000	    -14.37784738	      4.38026228	      1.23876798	     33.50935550	     -9.22630603	    119.75039794	      0.45387188	      0.59848950	     69.78623134	    -24.60955532	     31.49801326	    -11.01775658	    113.58946932	      0.29924831	      0.59394322	     69.56037330	    -24.56192154
      1.08333333	     -0.40958503	      4.36549201	     85.78272900	      0.24011169	      0.90398615	      0.73230163	      6.73455888	     -3.16681079	     -6.14976072	     17.15395383	      0.29939297	     31.79157174	      3.81325569	      0.00000000	      2.75244664	      2.41991420	      2.83231232	      9.10410687	      0.15889664	     25.44307397	     -7.24873958	      0.00000000	     -0.64992060	     -0.19554910	     -1.45626073	     -1.20696754	     -0.26008031	     -1.54727702	     -1.06775455	     -0.47545809	     -1.54727702	     -0.74279425	     -0.47545809	     -1.27422813	     -0.60351627	     -0.39876373	     -1.18321184	     -0.37136463	     -0.30290556	     -1.09219554	     -4.64231784	     -2.21209058	     -8.09928528	      0.00000000	      0.00000000	    -15.45874455	      4.77245812	      0.91509427	     32.79253361	     -8.78273792	    120.05571708	      0.43335527	      0.55010529	     69.78850979	    -24.63411201	     33.10666571	     -9.02314245	    118.89803676	      0.26931875	      0.54755810	     69.60597704	    -24.57603815
      1.10000000	     -1.75495033	     -2.77585327	     84.92509452	      0.24041437	      0.87127089	      0.71093072	     15.51429947	     -4.60180028	     -6.59063612	     21.59897128	      0.37697316	     40.38337848	      6.78891995	      0.00000000	      9.70126485	      3.67537745	      6.53719129	     10.14086161	      0.17699142	     32.20824628	    -11.89644719	      0.00000000	     -0.11689408	     -0.07363328	     -0.60473699	     -0.21708400	     -0.09793226	     -0.64253305	     -0.19204529	     -0.17903195	     -0.64253305	     -0.13359825	     -0.17903195	     -0.52914486	     -0.10854785	     -0.15015298	     -0.49134880	     -0.06679328	     -0.11405794	     -0.45355274	     -0.83496275	     -0.83295434	     -3.36336569	      0.00000000	      0.00000000	      0.11147187	      2.90547282	     -0.40951565	     -9.72195176	    -23.32807959	      4.17923343	     92.79825990	     86.32823091	      4.65281961	     17.53486930	      0.18279948	    -18.79444098	     15.39525380	     86.11228120	     88.97022351	    -10.66836678	     14.27296694
      1.11666667	     -1.85062867	     -2.65087995	     85.22217013	      0.23996177	      0.87191434	      0.71073637	     15.33719326	     -4.85480678	     -7.25272516	     21.54127701	      0.37596621	     40.79661909	      7.64669835	      0.00000000	      9.56649933	      3.82656347	      6.85411013	     10.17204148	      0.17753562	     32.12267121	    -11.80843647	      0.00000000	     -0.11884265	     -0.09198832	     -0.77598395	     -0.22070268	     -0.12234446	     -0.82448295	     -0.19524658	     -0.22366040	     -0.82448295	     -0.13582526	     -0.22366040	     -0.67898596	     -0.11035728	     -0.18758258	     -0.63048696	     -0.06790669	     -0.14248991	     -0.58198796	     -0.84888114	     -1.04059026	     -4.31578994	      0.00000000	      0.00000000	     -1.16682481	      3.30432379	      1.38263879	     -8.18917732	    -23.63703797	      9.21379390	     88.65052524	     87.27708728	      2.50764782	     13.24412139	      1.55689790	    -18.14632091	     17.17142736	     84.42375435	     88.64152874	    -10.58948421	     15.29617185
      1.13333333	     -1.99739762	     -2.59970268	     85.60747374	      0.23944614	      0.87228190	      0.71057974	     15.21477985	     -5.21867979	     -8.18326386	     21.53536053	      0.37586295	     41.20539197	      8.90476071	      0.00000000	      9.58211836	      4.04540828	      7.23179843	     10.32125467	      0.18013988	     32.04257429	    -11.79015052	      0.00000000	     -0.09354411	     -0.11344242	     -0.95716031	     -0.17372076	     -0.15087841	     -1.01698283	     -0.15368361	     -0.27582389	     -1.01698283	     -0.10691156	     -0.27582389	     -0.83751527	     -0.08686506	     -0.23133178	     -0.77769275	     -0.05345110	     -0.17572230	     -0.71787023	     -0.66817620	     -1.28328331	     -5.32343848	      0.00000000	      0.00000000	     -2.25850732	      3.37765426	      2.76858659	     -5.92110893	    -23.87351615	     15.58715146	     83.11657215	     87.70485766	     -1.90923946	      8.62910943	      3.27243477	    -17.60469840	     19.59275204	     80.60001482	     88.29038696	    -10.55968676	     13.34468263
      1.15000000	     -2.16628000	     -2.41920094	     85.86998309	      0.23916318	      0.87255258	      0.71087051	     15.00583983	     -5.54527949	     -8.80937465	     21.58256130	      0.37668676	     41.52345745	      9.91596165	      0.00000000	      9.50705065	      4.26880233	      7.41381009	     10.49909958	      0.18324386	     31.96807165	    -11.74369344	      0.00000000	     -0.09566685	     -0.13332512	     -1.04527561	     -0.17766290	     -0.17732241	     -1.11060534	     -0.15717107	     -0.32416670	     -1.11060534	     -0.10933764	     -0.32416670	     -0.91461616	     -0.08883624	     -0.27187659	     -0.84928643	     -0.05466404	     -0.20652061	     -0.78395671	     -0.68333873	     -1.50820044	     -5.81350936	      0.00000000	      0.00000000	     -2.77838725	      3.23734565	      3.73667905	     -3.16305759	    -23.42671095	     21.60392766	     76.66502874	     87.79803586	     -5.84399716	      5.36562061	      5.80406035	    -17.22190214	     23.38741562	     74.98887847	     88.10761618	    -10.82257979	      9.86438139
      1.16666667	     -2.28555429	     -2.33886034	     86.08053729	      0.23906019	      0.87255191	      0.71139005	     14.88977676	     -5.78141959	     -9.36774119	     21.58416417	      0.37671473	     41.67994570	     10.85238691	      0.00000000	      9.56954364	      4.41549832	      7.49624606	     10.71349880	      0.18698583	     31.92483148	    -11.64661358	      0.00000000	     -0.09125931	     -0.14055701	     -1.05231158	     -0.16947766	     -0.18694083	     -1.11808105	     -0.14992992	     -0.34175032	     -1.11808105	     -0.10430026	     -0.34175032	     -0.92077263	     -0.08474339	     -0.28662386	     -0.85500316	     -0.05214557	     -0.21772281	     -0.78923368	     -0.65185612	     -1.59000905	     -5.85264131	      0.00000000	      0.00000000	     -2.75037449	      2.63716631	      4.20066724	     -0.21646223	    -22.42561019	     27.01291929	     69.74161923	     87.66208757	     -9.25092894	      3.89172871	      8.93709912	    -16.77772787	     28.59514306	     68.33125958	     88.11556638	    -11.78221622	      6.49557685
      1.18333333	     -2.35292390	     -2.38557522	     86.21866465	      0.23893631	      0.87229473	      0.71201752	     14.88831394	     -5.95002613	     -9.96277466	     21.51938937	      0.37558420	     41.72453493	     11.80458218	      0.00000000	      9.79175438	      4.49690190	      7.41846022	     10.97572989	      0.19156262	     31.94027086	    -11.51541285	      0.00000000	     -0.07876900	     -0.13229651	     -0.97394644	     -0.14628191	     -0.17595435	     -1.03481810	     -0.12940959	     -0.32166573	     -1.03481810	     -0.09002509	     -0.32166573	     -0.85220314	     -0.07314489	     -0.26977904	     -0.79133149	     -0.04500861	     -0.20492729	     -0.73045983	     -0.56263909	     -1.49656454	     -5.41679794	      0.00000000	      0.00000000	     -2.41479364	      1.60483186	      4.22678943	      2.52068850	    -20.99503451	     31.03392871	     62.90493321	     87.21722103	    -10.82469805	      4.68893079	     12.39081500	    -15.96020158	     34.85253304	     61.49358344	     88.01526662	    -13.11417394	      4.73550855
      1.20000000	     -2.37024649	     -2.51923761	     86.37492087	      0.23868409	      0.87188024	      0.71282437	     14.97304230	     -6.07469509	    -10.58596453	     21.41030711	      0.37368035	     41.71163685	     12.69786920	      0.00000000	     10.14573115	      4.53045811	      7.27646247	     11.30680920	      0.19734105	     31.98423567	    -11.31129123	      0.00000000	     -0.07015317	     -0.11056773	     -0.85192744	     -0.13028145	     -0.14705509	     -0.90517291	     -0.11525464	     -0.26883439	     -0.90517291	     -0.08017806	     -0.26883439	     -0.74543651	     -0.06514423	     -0.22546972	     -0.69219105	     -0.04008552	     -0.17126942	     -0.63894558	     -0.50109708	     -1.25076432	     -4.73816486	      0.00000000	      0.00000000	     -1.86886800	      0.39528766	      4.02167346	      4.94055520	    -19.33301144	     33.46233054	     56.57915182	     86.70683691	    -10.47461503	      7.02700118	     15.67911327	    -14.70745726	     41.09924232	     55.41037866	     87.79341355	    -13.89158541	      5.27608251
      1.21666667	     -2.32792548	     -2.76169037	     86.45649177	      0.23839557	      0.87140858	      0.71368677	     15.20058613	     -6.07159201	    -10.91435775	     21.32011921	      0.37210628	     41.49439100	     13.07672062	      0.00000000	     10.62363782	      4.50270799	      7.21094032	     11.66476364	      0.20358853	     31.91632493	    -11.27163445	      0.00000000	     -0.05834495	     -0.07622530	     -0.75513509	     -0.10835241	     -0.10137964	     -0.80233103	     -0.09585492	     -0.18533418	     -0.80233103	     -0.06668245	     -0.18533418	     -0.66074320	     -0.05417912	     -0.15543862	     -0.61354726	     -0.03333831	     -0.11807298	     -0.56635132	     -0.41675216	     -0.86227579	     -4.19983484	      0.00000000	      0.00000000	     -1.41117267	     -0.66334779	      4.34752888	      7.25823410	    -17.79095931	     35.33963314	     51.03061544	     86.61061752	     -9.42232638	      9.27196575	     17.74141228	    -13.22986021	     44.86749396	     51.08163305	     87.64735162	    -12.81303518	      7.35165773
      1.23333333	     -2.18816659	     -3.06637718	     86.68659453	      0.23772649	      0.87097370	      0.71494657	     15.44328662	     -6.02968923	    -11.51077037	     21.14791012	      0.36910066	     41.19151564	     13.53369035	      0.00000000	     11.18714647	      4.39274440	      7.18757884	     12.03574083	      0.21006331	     31.93615582	    -10.98441365	      0.00000000	     -0.05836550	     -0.03195704	     -0.63484532	     -0.10839057	     -0.04250287	     -0.67452316	     -0.09588868	     -0.07770035	     -0.67452316	     -0.06670593	     -0.07770035	     -0.55548966	     -0.05419820	     -0.06516680	     -0.51581183	     -0.03335005	     -0.04950146	     -0.47613399	     -0.41689891	     -0.36150445	     -3.53081924	      0.00000000	      0.00000000	     -0.93040596	     -1.16160508	      4.17861166	      8.90228033	    -16.59975263	     35.97005253	     47.04342251	     86.21380310	     -8.39846495	     11.19510284	     19.56092504	    -11.97610288	     48.28403206	     48.47105526	     87.04720023	    -11.82853870	     10.02222791
      1.25000000	     -2.10906038	     -3.49698555	     86.86864247	      0.23728491	      0.87065301	      0.71616063	     15.91445399	     -6.00269997	    -11.85807694	     21.12990986	      0.36878650	     40.79104966	     13.60399247	      0.00000000	     11.73147361	      4.31899444	      7.18866373	     12.08832882	      0.21098114	     31.69287042	    -10.80532595	      0.00000000	     -0.04333633	      0.00017312	     -0.54665209	     -0.08047989	      0.00023025	     -0.58081784	     -0.07119725	      0.00042093	     -0.58081784	     -0.04952909	      0.00042093	     -0.47832058	     -0.04024211	      0.00035303	     -0.44415482	     -0.02476238	      0.00026817	     -0.40998907	     -0.30954705	      0.00195841	     -3.04031493	      0.00000000	      0.00000000	     -0.44199432	     -1.15936728	      4.15505678	      9.81604163	    -15.47271030	     35.56070544	     44.50591715	     85.96638183	     -8.40865731	     12.07472812	     20.01101079	    -10.97837896	     48.85747516	     47.54848545	     86.64009296	    -11.60336486	     10.92444930
      1.26666667	     -2.12932570	     -3.72742555	     87.28302257	      0.23701532	      0.87052288	      0.71739296	     16.15058561	     -6.16320288	    -12.54113180	     21.15281122	      0.36918620	     40.55024929	     13.90380269	      0.00000000	     12.32907052	      4.33014621	      6.64955314	     12.66671309	      0.22107585	     31.76753423	     -9.81763855	      0.00000000	     -0.04837807	     -0.00606242	     -0.45159429	     -0.08984292	     -0.00806302	     -0.47981893	     -0.07948034	     -0.01474017	     -0.47981893	     -0.05529130	     -0.01474017	     -0.39514500	     -0.04492388	     -0.01236249	     -0.36692036	     -0.02764323	     -0.00939069	     -0.33869572	     -0.34555974	     -0.06857930	     -2.51163197	      0.00000000	      0.00000000	     -0.47245282	     -0.28312471	      3.24327806	      9.93442878	    -14.48833978	     33.45741038	     43.52007690	     85.00078075	     -6.87886047	     13.49836284	     20.96320519	    -10.74923492	     50.27051600	     48.18840975	     84.89786835	    -10.06600770	     13.65480944
      1.28333333	     -2.18915391	     -3.89442405	     87.29630817	      0.23732028	      0.87061138	      0.71819973	     16.46375467	     -6.23492048	    -12.57466749	     21.34352478	      0.37251478	     40.32786265	     13.95289925	      0.00000000	     12.65530330	      4.23369336	      5.34457738	     12.86468540	      0.22453112	     31.93021146	     -8.09934687	      0.00000000	     -0.04905540	     -0.01563280	     -0.36787796	     -0.09110078	     -0.02079163	     -0.39087033	     -0.08059311	     -0.03800960	     -0.39087033	     -0.05606542	     -0.03800960	     -0.32189321	     -0.04555284	     -0.03187842	     -0.29890084	     -0.02803025	     -0.02421521	     -0.27590847	     -0.35039781	     -0.17684142	     -2.04602684	      0.00000000	      0.00000000	     -0.50504683	      0.46022393	      2.76386416	      9.66605281	    -13.53166660	     31.00246328	     43.49185306	     84.92687632	     -6.11569327	     14.27181088	     21.02962777	    -10.64099550	     49.83286094	     49.10229142	     83.74460825	     -9.36364572	     13.66642797
      1.30000000	     -2.06532128	     -3.88293714	     87.29175437	      0.23747779	      0.87087898	      0.71902504	     16.57378832	     -6.10924208	    -12.59845352	     21.48863051	      0.37504735	     40.15946097	     13.89794362	      0.00000000	     12.75119308	      4.07789919	      5.14344970	     12.99183524	      0.22675030	     31.91015069	     -7.92152429	      0.00000000	     -0.07144323	     -0.00723215	     -0.35073517	     -0.13267722	     -0.00961876	     -0.37265611	     -0.11737408	     -0.01758425	     -0.37265611	     -0.08165247	     -0.01758425	     -0.30689327	     -0.06634218	     -0.01474780	     -0.28497232	     -0.04082266	     -0.01120260	     -0.26305137	     -0.51031185	     -0.08181155	     -1.95068377	      0.00000000	      0.00000000	     -0.65193422	      1.38891658	      2.47837647	      9.76623214	    -13.01620309	     30.17924795	     43.80186201	     84.51347831	     -6.26562223	     14.14443227	     20.98633745	    -10.71139331	     49.19279702	     50.06716200	     83.47537985	     -9.42483438	     13.19747452
      1.31666667	     -2.25154476	     -3.90185264	     87.02347512	      0.23789948	      0.87099109	      0.71986394	     16.89207791	     -6.23541041	    -12.12252802	     21.82713515	      0.38095537	     40.06368772	     13.63024102	      0.00000000	     12.85355847	      4.14333272	      4.31373428	     13.02138145	      0.22726598	     31.90990768	     -7.18625097	      0.00000000	     -0.07407672	     -0.03466545	     -0.29686526	     -0.13756788	     -0.04610505	     -0.31541934	     -0.12170065	     -0.08428558	     -0.31541934	     -0.08466229	     -0.08428558	     -0.25975711	     -0.06878765	     -0.07068979	     -0.24120303	     -0.04232744	     -0.05369678	     -0.22264895	     -0.52912263	     -0.39214252	     -1.65107554	      0.00000000	      0.00000000	     -0.94174783	      2.14759330	      2.30839842	      9.82379929	    -12.35449285	     29.07255452	     43.90649140	     83.74626594	     -6.32069742	     13.43423689	     20.77720237	    -10.78545441	     48.29339660	     50.55128329	     83.29477747	     -9.39458588	     12.40057419
      1.33333333	     -2.20201855	     -3.88052886	     86.97606571	      0.23810014	      0.87095906	      0.72077554	     16.98724517	     -6.17206310	    -12.12937236	     21.90510230	      0.38231616	     40.07252986	     13.61056551	      0.00000000	     12.88734460	      4.06784709	      4.30295403	     13.01108066	      0.22708620	     31.89352146	     -7.16369889	      0.00000000	     -0.08236334	     -0.03280000	     -0.28646369	     -0.15295696	     -0.04362400	     -0.30436767	     -0.13531474	     -0.07974992	     -0.30436767	     -0.09413306	     -0.07974992	     -0.25065573	     -0.07648260	     -0.06688576	     -0.23275175	     -0.04706241	     -0.05080720	     -0.21484777	     -0.58831312	     -0.37104017	     -1.59322509	      0.00000000	      0.00000000	     -1.10368603	      2.22619502	      2.25552544	     10.23948020	    -12.15685778	     28.96864280	     44.03039843	     83.69529480	     -6.35034320	     13.28439674	     20.88188144	    -10.84838064	     48.15443866	     50.45338064	     83.29796666	     -9.45986969	     12.35728556
      1.35000000	     -2.19471490	     -3.68937970	     86.23642472	      0.23904193	      0.87108632	      0.72164859	     17.23891253	     -5.96718110	    -11.12989958	     22.40295353	      0.39100530	     39.99734118	     13.24858941	      0.00000000	     12.74224953	      3.90064257	      3.55502487	     13.05428683	      0.22784029	     31.94196299	     -7.18769497	      0.00000000	     -0.10739717	     -0.04240062	     -0.14713208	     -0.19944729	     -0.05639283	     -0.15632784	     -0.17644281	     -0.10309287	     -0.15632784	     -0.12274423	     -0.10309287	     -0.12874057	     -0.09972901	     -0.08646335	     -0.11954482	     -0.06136674	     -0.06567856	     -0.11034906	     -0.76712725	     -0.47964431	     -0.81830451	      0.00000000	      0.00000000	     -1.17264263	      2.43936873	      2.03452974	     11.06782287	    -11.81052619	     29.52701374	     42.41137291	     83.03133412	     -6.44525267	     10.24659876	     20.49617228	    -10.44075085	     47.01570718	     49.44518228	     83.56560539	    -10.56874299	     11.27201126
      1.36666667	     -2.19442355	     -3.63460875	     85.81022725	      0.23968540	      0.87077610	      0.72266154	     17.56224787	     -5.68669924	     -9.72599976	     22.76659450	      0.39735203	     39.84120974	     11.84830287	      0.00000000	     12.64776693	      3.79004698	      3.05971783	     12.86407196	      0.22452041	     31.96343464	     -7.05622526	      0.00000000	     -0.10625437	     -0.04585252	     -0.11864001	     -0.19732499	     -0.06098386	     -0.12605501	     -0.17456530	     -0.11148583	     -0.12605501	     -0.12143812	     -0.11148583	     -0.10381001	     -0.09866781	     -0.09350247	     -0.09639501	     -0.06071375	     -0.07102556	     -0.08898001	     -0.75896433	     -0.51869293	     -0.65984015	      0.00000000	      0.00000000	     -1.09245243	      2.20420921	      2.68740878	     12.50068565	    -11.97286775	     32.83753321	     40.51681967	     80.76226365	     -7.38189619	      7.69485755	     20.18723379	    -10.31813369	     46.19784130	     48.31760923	     83.32684262	    -11.73766296	     10.63428540
      1.38333333	     -2.01766875	     -3.62235445	     85.46377010	      0.23981969	      0.87018714	      0.72340680	     17.84896007	     -5.41831016	     -9.23496184	     23.11473125	      0.40342817	     39.91048578	     11.63445013	      0.00000000	     12.64776789	      3.57920093	      3.01980467	     12.83868580	      0.22407734	     32.02568690	     -7.41265911	      0.00000000	     -0.09795836	     -0.02226553	     -0.05808008	     -0.18191847	     -0.02961315	     -0.06171008	     -0.16093579	     -0.05413640	     -0.06171008	     -0.11195661	     -0.05413640	     -0.05082007	     -0.09096413	     -0.04540386	     -0.04719006	     -0.05597341	     -0.03448930	     -0.04356006	     -0.69970676	     -0.25187210	     -0.32302398	      0.00000000	      0.00000000	     -0.41007216	      1.65225688	      3.00167093	     13.24219163	    -12.29364033	     34.42954505	     39.16200938	     80.86617542	     -7.30254603	      5.89931637	     19.81745505	     -9.74684633	     44.78427474	     46.84349604	     82.19555254	    -12.39693321	     10.58459676
      1.40000000	     -1.94904599	     -3.64609021	     85.25052823	      0.23988445	      0.86946787	      0.72415817	     18.21676619	     -5.23560732	     -8.51214193	     23.52751041	      0.41063252	     40.04051529	     11.01958206	      0.00000000	     12.69027079	      3.51762046	      3.20015408	     12.78008741	      0.22305460	     31.96892287	     -7.97117531	      0.00000000	     -0.08083958	     -0.01284836	     -0.06380763	     -0.15012719	     -0.01708831	     -0.06779561	     -0.13281135	     -0.03123950	     -0.06779561	     -0.09239156	     -0.03123950	     -0.05583168	     -0.07506764	     -0.02620037	     -0.05184370	     -0.04619174	     -0.01990211	     -0.04785572	     -0.57742906	     -0.14534319	     -0.35487891	      0.00000000	      0.00000000	      0.60623184	      1.39762883	      3.95169831	     13.89507373	    -12.76876456	     36.23418356	     38.41746459	     80.93953867	     -7.44963201	      4.44998869	     19.43101925	     -9.48400570	     43.19242964	     45.58712412	     80.56069208	    -12.97246698	     10.38219336
      1.41666667	     -1.93653609	     -3.66201748	     85.11466669	      0.23992855	      0.86882563	      0.72479907	     18.57374298	     -5.13231683	     -7.89314051	     23.94061473	      0.41784255	     40.22907341	     10.54699628	      0.00000000	     12.73118393	      3.52711156	      3.45721993	     12.73051470	      0.22218940	     31.94025181	     -8.49534828	      0.00000000	     -0.06150822	     -0.01455417	     -0.09195766	     -0.11422692	     -0.01935704	     -0.09770502	     -0.10105186	     -0.03538700	     -0.09770502	     -0.07029775	     -0.03538700	     -0.08046295	     -0.05711654	     -0.02967886	     -0.07471560	     -0.03514580	     -0.02254440	     -0.06896825	     -0.43934709	     -0.16463964	     -0.51144093	      0.00000000	      0.00000000	      1.89706950	      1.29857827	      4.86018665	     14.09979444	    -13.50719761	     36.64991076	     39.25964019	     81.32489088	     -7.72669822	      4.15349404	     19.39995228	     -9.57544548	     42.14649314	     44.59931810	     79.44451423	    -13.65390105	     10.41519176
      1.43333333	     -1.91660962	     -3.66331231	     85.05920525	      0.23998091	      0.86843782	      0.72521614	     18.86373442	     -4.99381568	     -7.21210926	     24.26976859	      0.42358737	     40.40921194	      9.87729703	      0.00000000	     12.69782299	      3.55777405	      3.94087546	     12.57417846	      0.21946081	     31.73776657	     -9.24694703	      0.00000000	     -0.04025822	     -0.01994728	     -0.14692459	     -0.07476354	     -0.02652988	     -0.15610738	     -0.06614023	     -0.04849982	     -0.15610738	     -0.04601112	     -0.04849982	     -0.12855902	     -0.03738378	     -0.04067650	     -0.11937623	     -0.02300355	     -0.03089834	     -0.11019345	     -0.28756043	     -0.22564763	     -0.81715052	      0.00000000	      0.00000000	      3.25920176	      1.42313041	      5.71323820	     13.82926506	    -14.43381491	     34.62573540	     42.11123409	     83.09389686	     -7.78644909	      5.69578667	     19.77132121	    -10.06112949	     41.71683853	     44.00256489	     79.45736634	    -15.04723345	     10.58128619
      1.45000000	     -1.91617753	     -3.62081152	     85.09810133	      0.24003873	      0.86838506	      0.72543402	     18.99611980	     -4.92142218	     -6.82876627	     24.43020879	      0.42638758	     40.50686339	      9.48563837	      0.00000000	     12.63139630	      3.60514994	      4.25332494	     12.46289404	      0.21751854	     31.64629403	     -9.75010480	      0.00000000	     -0.02303251	     -0.03458061	     -0.20297297	     -0.04277367	     -0.04599221	     -0.21565878	     -0.03784011	     -0.08407929	     -0.21565878	     -0.02632386	     -0.08407929	     -0.17760135	     -0.02138799	     -0.07051677	     -0.16491554	     -0.01316078	     -0.05356536	     -0.15222973	     -0.16451892	     -0.39118273	     -1.12887476	      0.00000000	      0.00000000	      4.76769252	      1.83640282	      6.09977197	     13.16443700	    -15.30685473	     30.03844841	     46.76429737	     85.70509334	     -6.93462192	      8.99015724	     20.58658196	    -10.85159625	     41.44313045	     43.79659903	     81.64536391	    -16.66114571	     11.07355230
      1.46666667	     -1.97699763	     -3.44112404	     85.36750516	      0.23998413	      0.86884722	      0.72556467	     18.86223676	     -4.97383131	     -6.68243778	     24.44607673	      0.42666453	     40.47395918	      9.06334811	      0.00000000	     12.45483935	      3.73025709	      4.44238580	     12.40912812	      0.21658014	     31.58820743	     -9.77317601	      0.00000000	     -0.02317264	     -0.06215335	     -0.32905441	     -0.04303392	     -0.08266395	     -0.34962032	     -0.03807034	     -0.15111964	     -0.34962032	     -0.02648401	     -0.15111964	     -0.28792261	     -0.02151812	     -0.12674310	     -0.26735671	     -0.01324085	     -0.09627553	     -0.24679081	     -0.16551987	     -0.70309107	     -1.83010194	      0.00000000	      0.00000000	      6.19144758	      2.95262373	      6.81238903	     12.97229114	    -16.08702892	     25.76460856	     52.51323785	     86.42845808	     -6.87944794	     12.98151170	     21.61474309	    -12.02399491	     40.67239061	     44.07063605	     84.03650963	    -18.04014819	     11.07265590
      1.48333333	     -1.95540620	     -3.28895814	     85.64581783	      0.23985967	      0.86959186	      0.72530461	     18.56806259	     -4.91137776	     -6.48687431	     24.18191990	      0.42205412	     40.37318868	      8.63885347	      0.00000000	     12.22029922	      3.75952467	      4.65145537	     12.25302894	      0.21385570	     31.43043872	     -9.67264502	      0.00000000	     -0.00455065	     -0.08534450	     -0.38248807	     -0.00845100	     -0.11350819	     -0.40639357	     -0.00747626	     -0.20750663	     -0.40639357	     -0.00520093	     -0.20750663	     -0.33467706	     -0.00422573	     -0.17403451	     -0.31077156	     -0.00260024	     -0.13219864	     -0.28686605	     -0.03250480	     -0.96543410	     -2.12728390	      0.00000000	      0.00000000	      7.38251355	      4.05001468	      6.41775853	     12.87814995	    -16.86413384	     20.71777556	     59.39625543	     87.57367591	     -4.82851995	     18.16142444	     23.12557536	    -13.13175905	     39.93828958	     44.64315292	     86.93742865	    -18.98155751	     11.25669148
      1.50000000	     -2.09812341	     -2.98526304	     86.13921643	      0.23985232	      0.87078365	      0.72507720	     18.02528690	     -5.05450840	     -6.41744936	     23.83377433	      0.41597784	     40.14609926	      8.04745818	      0.00000000	     11.84544842	      3.97475518	      4.80691887	     12.10187736	      0.21121761	     31.18209202	     -9.34661095	      0.00000000	      0.00234137	     -0.13901472	     -0.44139284	      0.00434816	     -0.18488957	     -0.46897990	      0.00384664	     -0.33800038	     -0.46897990	      0.00267595	     -0.33800038	     -0.38621874	      0.00217420	     -0.28347881	     -0.35863168	      0.00133786	     -0.21533379	     -0.33104463	      0.01672417	     -1.57256227	     -2.45489457	      0.00000000	      0.00000000	      8.35850399	      5.68165090	      6.09326617	     13.22532319	    -17.21157556	     16.23560970	     66.60232629	     87.73912967	     -4.13435309	     22.54177446	     25.09215515	    -14.25319075	     38.91709922	     45.55181989	     87.92174835	    -19.12453274	     10.80028234
      1.51666667	     -2.38847587	     -2.60141787	     86.69362204	      0.24014076	      0.87228671	      0.72473474	     17.30428444	     -5.32839313	     -6.30680147	     23.37955614	      0.40805023	     39.84626060	      7.34915280	      0.00000000	     11.36992996	      4.31987431	      4.89989969	     11.91428336	      0.20794347	     30.78772145	     -8.87619318	      0.00000000	      0.00846123	     -0.22322211	     -0.43838185	      0.01571336	     -0.29688541	     -0.46578072	      0.01390096	     -0.54274225	     -0.46578072	      0.00967034	     -0.54274225	     -0.38358412	      0.00785710	     -0.45519453	     -0.35618525	      0.00483475	     -0.34577105	     -0.32878639	      0.06043774	     -2.52513319	     -2.43814833	      0.00000000	      0.00000000	      9.28493012	      7.64410843	      5.34132660	     13.63408090	    -17.16286805	     11.90739477	     74.05569414	     87.54046808	     -4.01373909	     25.59554894	     27.55002737	    -14.89420879	     37.33426275	     46.79376452	     88.36202752	    -18.36356505	     10.78824564
      1.53333333	     -2.81497243	     -2.17906279	     87.15384790	      0.24090309	      0.87394316	      0.72440944	     16.50633589	     -5.66796784	     -6.00369515	     22.85028742	      0.39881275	     39.44498702	      6.48442025	      0.00000000	     10.81668339	      4.74502409	      4.73607736	     11.64680657	      0.20327512	     30.24790047	     -8.28751609	      0.00000000	      0.01114509	     -0.33695930	     -0.33969408	      0.02069755	     -0.44815587	     -0.36092496	      0.01831027	     -0.81928285	     -0.36092496	      0.01273772	     -0.81928285	     -0.29723232	      0.01034933	     -0.68712741	     -0.27600144	      0.00636830	     -0.52194996	     -0.25477056	      0.07960827	     -3.81175103	     -1.88927658	      0.00000000	      0.00000000	     10.45597386	      9.77886060	      3.94337593	     13.98315116	    -16.88923315	      7.88300564	     81.69443549	     86.78439724	     -4.03705775	     26.99375132	     30.58983105	    -14.78812332	     35.32203818	     48.30686117	     88.52138475	    -16.27020792	     11.91633272
      1.55000000	     -3.22061177	     -1.71967331	     87.57886350	      0.24168789	      0.87583585	      0.72391267	     15.57323615	     -5.97980005	     -5.74911773	     22.17311033	      0.38699378	     39.01553789	      5.67475186	      0.00000000	     10.20110214	      5.12841907	      4.39622131	     11.37851003	      0.19859246	     29.71994284	     -7.57574069	      0.00000000	      0.01097197	     -0.45069882	     -0.19287162	      0.02037604	     -0.59942943	     -0.20492609	      0.01802584	     -1.09582912	     -0.20492609	      0.01253986	     -1.09582912	     -0.16876267	      0.01018857	     -0.91906504	     -0.15670819	      0.00626938	     -0.69813248	     -0.14465371	      0.07837165	     -5.09839522	     -1.07269408	      0.00000000	      0.00000000	     11.75319067	     11.87882554	      2.36971179	     14.54367533	    -16.82335467	      4.81683940	     89.33076572	     85.38267916	     -4.02863356	     26.25709731	     34.00022785	    -13.71583224	     33.29112907	     49.82282336	     88.49008432	    -14.12412618	     13.66075647
      1.56666667	     -3.43030108	     -1.21477061	     88.00413518	      0.24195130	      0.87782073	      0.72349834	     14.52028625	     -6.15231460	     -5.78639044	     21.35729679	      0.37275515	     38.62073558	      5.16428480	      0.00000000	      9.55700438	      5.32749543	      4.03551801	     11.18176300	      0.19515858	     29.30918804	     -6.77471481	      0.00000000	      0.00360770	     -0.52706935	     -0.03027884	      0.00669987	     -0.70100224	     -0.03217127	      0.00592710	     -1.28151642	     -0.03217127	      0.00412324	     -1.28151642	     -0.02649399	      0.00335011	     -1.07479982	     -0.02460156	      0.00206144	     -0.81643043	     -0.02270913	      0.02576947	     -5.96231392	     -0.16840185	      0.00000000	      0.00000000	     13.04862385	     13.46565589	      0.96577410	     15.87312874	    -17.17741799	      2.88353941	     96.57411390	     84.22657325	     -3.56914856	     23.25648996	     37.68438419	    -11.74732742	     31.97918458	     51.10619067	     88.31069138	    -13.06275586	     14.74114755
      1.58333333	     -3.43478813	     -0.59653577	     88.42115469	      0.24147407	      0.87972456	      0.72329113	     13.38143043	     -6.19557415	     -6.07656715	     20.59640015	      0.35947500	     38.29108208	      4.90468974	      0.00000000	      8.84362505	      5.36269701	      3.67337172	     11.08801186	      0.19352231	     29.17176975	     -6.05278060	      0.00000000	     -0.01879424	     -0.55821851	      0.10811451	     -0.03490279	     -0.74243062	      0.11487167	     -0.03087706	     -1.35725249	      0.11487167	     -0.02147994	     -1.35725249	      0.09460020	     -0.01745233	     -1.13831919	      0.08784304	     -0.01073903	     -0.86468047	      0.08108588	     -0.13424539	     -6.31467944	      0.60130046	      0.00000000	      0.00000000	     14.11715134	     14.40894653	      0.01331387	     18.73072827	    -17.81770675	      2.30274143	    102.76157553	     84.32725177	     -3.07929873	     18.66865206	     41.40653757	     -9.23648393	     31.37955738	     52.23066707	     87.96013513	    -13.01820933	     14.45065472
      1.60000000	     -3.31803993	      0.14579021	     88.76993908	      0.24034876	      0.88129534	      0.72356821	     12.25618051	     -6.17054615	     -6.41530954	     20.05827884	      0.35008301	     37.99693655	      4.73394039	      0.00000000	      8.08238784	      5.31335483	      3.38737077	     11.12278026	      0.19412914	     29.25467091	     -5.47976645	      0.00000000	     -0.05946772	     -0.55265486	      0.18433447	     -0.11043751	     -0.73503096	      0.19585537	     -0.09769952	     -1.34372502	      0.19585537	     -0.06796566	     -1.34372502	      0.16129266	     -0.05522173	     -1.12697379	      0.14977175	     -0.03397986	     -0.85606238	      0.13825085	     -0.42477199	     -6.25174229	      1.02521301	      0.00000000	      0.00000000	     14.97378630	     14.77915399	     -0.30457726	     23.66705929	    -18.45530447	      3.27402674	    107.35639382	     85.26387269	     -3.09442783	     14.23242339	     44.96252615	     -6.64107943	     30.99563345	     53.43414777	     87.36331469	    -13.32451878	     12.96424442
      1.61666667	     -3.02673896	      0.86137562	     89.11806063	      0.23848458	      0.88249517	      0.72372673	     11.13919759	     -6.01003191	     -6.83111230	     19.54476777	      0.34112055	     37.62645297	      4.55385668	      0.00000000	      7.41683805	      5.09359702	      2.90724053	     11.31788503	      0.19753436	     29.68227225	     -4.54804232	      0.00000000	     -0.06890560	     -0.49539883	      0.12204582	     -0.12796458	     -0.65888044	      0.12967369	     -0.11320500	     -1.20451270	      0.12967369	     -0.07875221	     -1.20451270	      0.10679010	     -0.06398574	     -1.01021729	      0.09916223	     -0.03937266	     -0.76737278	      0.09153437	     -0.49218578	     -5.60405060	      0.67878226	      0.00000000	      0.00000000	     14.94288495	     14.61538733	      0.71624435	     30.56390101	    -19.05118744	      6.56976581	    109.84079843	     86.44972015	     -4.63306514	      9.62745556	     47.75808025	     -4.42998725	     30.05301539	     54.99765487	     85.95830404	    -13.77079323	      9.85579262
      1.63333333	     -2.56658781	      1.71633303	     89.23140209	      0.23609382	      0.88326466	      0.72406337	     10.03228745	     -5.69917136	     -7.05376771	     19.29239738	      0.33671585	     37.26496880	      4.34485168	      0.00000000	      6.66836057	      4.74544402	      2.49960579	     11.62919461	      0.20296774	     30.31824265	     -4.03546063	      0.00000000	     -0.10603758	     -0.38519256	     -0.02398753	     -0.19692239	     -0.51230610	     -0.02548675	     -0.17420914	     -0.93655718	     -0.02548675	     -0.12119035	     -0.93655718	     -0.02098909	     -0.09846650	     -0.78548466	     -0.01948987	     -0.06058987	     -0.59666327	     -0.01799065	     -0.75741583	     -4.35737523	     -0.13341144	      0.00000000	      0.00000000	     14.71944814	     14.19256163	      3.17006242	     38.85419887	    -19.00763767	     11.14045132	    110.60282991	     87.09744532	     -6.29427962	      6.91092326	     49.80227428	     -2.80543894	     28.05756465	     57.82539700	     83.54243647	    -13.65635576	      6.61164189
      1.65000000	     -2.10621297	      2.43649760	     89.38320506	      0.23368749	      0.88365255	      0.72386594	      9.04949351	     -5.38818130	     -7.30023155	     19.11535894	      0.33362595	     36.93407523	      4.11298630	      0.00000000	      6.05444009	      4.39227743	      2.20891671	     11.98275483	      0.20913853	     31.02138571	     -3.46116164	      0.00000000	     -0.12445500	     -0.26934680	     -0.21154102	     -0.23112538	     -0.35823124	     -0.22476233	     -0.20446712	     -0.65488980	     -0.22476233	     -0.14223962	     -0.65488980	     -0.18509839	     -0.11556891	     -0.54925199	     -0.17187708	     -0.07111359	     -0.41721819	     -0.15865576	     -0.88896962	     -3.04690483	     -1.17652768	      0.00000000	      0.00000000	     14.25150352	     13.88797869	      5.94987037	     46.68174767	    -18.27785839	     15.75003528	    110.07388478	     87.51646524	     -8.73915282	      4.29189416	     51.29045921	     -1.75519059	     26.08521297	     61.88801451	     79.23574207	    -13.04312981	      2.48363344
      1.66666667	     -1.76615695	      3.00466401	     89.07846289	      0.23216884	      0.88383612	      0.72298184	      8.30545097	     -5.10704720	     -6.97228623	     19.03138661	      0.33216036	     36.63919029	      3.79665886	      0.00000000	      5.43142100	      4.16422005	      2.14778947	     12.08835912	      0.21098167	     31.42325406	     -3.76280143	      0.00000000	     -0.12363198	     -0.17073500	     -0.32956158	     -0.22959696	     -0.22707755	     -0.35015918	     -0.20311499	     -0.41512507	     -0.35015918	     -0.14129899	     -0.41512507	     -0.28836639	     -0.11480466	     -0.34816281	     -0.26776879	     -0.07064332	     -0.26446851	     -0.24717119	     -0.88309090	     -1.93138844	     -1.83292266	      0.00000000	      0.00000000	     13.57418878	     13.51243289	      8.65770901	     52.80632763	    -16.84228434	     19.02700071	    108.69483961	     87.95154407	    -10.34107457	      1.61863767	     52.40687283	     -0.94317478	     23.80605508	     66.60074450	     79.24555508	    -12.14419124	     -2.81568538
      1.68333333	     -1.57898533	      3.42904217	     88.88151420	      0.23145330	      0.88391117	      0.72187728	      7.68749323	     -4.91332778	     -6.54060638	     18.93968166	      0.33055980	     36.30856363	      3.24450286	      0.00000000	      4.91996184	      4.07645603	      2.47458682	     12.12822412	      0.21167744	     31.64514135	     -4.32636287	      0.00000000	     -0.11634929	     -0.11475922	     -0.47427426	     -0.21607227	     -0.15262976	     -0.50391640	     -0.19115025	     -0.27902557	     -0.50391640	     -0.13297561	     -0.27902557	     -0.41498997	     -0.10804195	     -0.23401700	     -0.38534783	     -0.06648199	     -0.17776203	     -0.35570569	     -0.83107135	     -1.29817924	     -2.63777113	      0.00000000	      0.00000000	     13.12056151	     13.42291993	     10.67191954	     56.80765844	    -15.06308101	     21.01917281	    106.84946231	     88.05713755	    -13.83090629	     -1.83608850	     53.65985559	     -0.23998737	     21.58315792	     71.20028928	     81.75654368	    -11.00779337	     -8.83006457
      1.70000000	     -1.58527751	      3.71722142	     88.42497854	      0.23157416	      0.88389259	      0.72073797	      7.32965791	     -4.88574036	     -5.93068269	     18.95578869	      0.33084092	     36.14975336	      2.93962215	      0.00000000	      4.45345002	      4.15924513	      2.71830156	     11.96399009	      0.20881102	     31.60220823	     -5.12852212	      0.00000000	     -0.09585263	     -0.09023463	     -0.55144908	     -0.17800791	     -0.12001206	     -0.58591465	     -0.15747628	     -0.21939649	     -0.58591465	     -0.10954997	     -0.21939649	     -0.48251794	     -0.08900875	     -0.18400646	     -0.44805238	     -0.05477019	     -0.13977345	     -0.41358681	     -0.68466572	     -1.02075222	     -3.06699434	      0.00000000	      0.00000000	     13.03068425	     12.80045727	     11.87060647	     59.10058478	    -13.20199238	     21.60986946	    104.67828652	     87.91987158	    -17.90798537	     -5.05607011	     55.23327292	      0.47016861	     19.76756774	     75.38311291	     85.57901713	    -11.02863113	    -13.71657063
      1.71666667	     -1.56211650	      3.90347763	     87.84231834	      0.23205644	      0.88392358	      0.71986674	      7.13833859	     -4.83847913	     -5.43404851	     18.96082718	      0.33092886	     36.10981896	      3.04125391	      0.00000000	      4.07336480	      4.19125958	      2.91340918	     11.72678056	      0.20467093	     31.38964549	     -5.96036423	      0.00000000	     -0.07196832	     -0.06318916	     -0.53711342	     -0.13365236	     -0.08404159	     -0.57068300	     -0.11823675	     -0.15363813	     -0.57068300	     -0.08225259	     -0.15363813	     -0.46997424	     -0.06682978	     -0.12885534	     -0.43640465	     -0.04112270	     -0.09788001	     -0.40283506	     -0.51406249	     -0.71480844	     -2.98726368	      0.00000000	      0.00000000	     13.56422051	     11.50068423	     12.05573769	     60.45461322	    -11.49677245	     21.36357195	    102.30217627	     87.78817355	    -22.92322580	     -7.13464300	     57.08973643	      1.33364666	     18.86521952	     78.96430992	     87.40045147	    -12.72834683	    -16.16469619
      1.73333333	     -1.46303374	      4.06545923	     87.22792198	      0.23251340	      0.88404960	      0.71946623	      7.03120929	     -4.76151274	     -5.22688739	     18.97752050	      0.33122022	     36.22145925	      3.58987471	      0.00000000	      3.74384069	      4.12933535	      2.93917756	     11.49415829	      0.20061091	     31.16639465	     -6.56282298	      0.00000000	     -0.05387164	     -0.02311296	     -0.42329109	     -0.10004502	     -0.03074024	     -0.44974679	     -0.08850572	     -0.05619686	     -0.44974679	     -0.06156990	     -0.05619686	     -0.37037971	     -0.05002520	     -0.04713195	     -0.34392401	     -0.03078225	     -0.03580198	     -0.31746832	     -0.38479973	     -0.26145845	     -2.35421807	      0.00000000	      0.00000000	     14.62800962	      9.27007095	     11.03279632	     61.54542966	    -10.04512003	     20.80701007	     99.76624323	     87.97773624	    -27.18803988	     -6.85436585	     58.95959054	      2.43793585	     18.68167006	     81.68644635	     88.07096176	    -15.39248994	    -16.34696922
      1.75000000	     -1.32143633	      4.27719070	     86.69207937	      0.23293702	      0.88426446	      0.71953375	      6.89827247	     -4.65664537	     -5.13759191	     18.99835959	      0.33158393	     36.43396227	      4.24843931	      0.00000000	      3.41731711	      4.01035824	      2.85324516	     11.33006736	      0.19774698	     30.95019799	     -6.90459669	      0.00000000	     -0.04550666	      0.02167306	     -0.28014285	     -0.08451041	      0.02882517	     -0.29765177	     -0.07476289	      0.05269588	     -0.29765177	     -0.05200956	      0.05269588	     -0.24512499	     -0.04225748	      0.04419570	     -0.22761606	     -0.02600250	      0.03357157	     -0.21010713	     -0.32504950	      0.24516998	     -1.55807046	      0.00000000	      0.00000000	     15.81182922	      6.54208979	      9.27155357	     62.80534073	     -8.68132326	     20.72777025	     96.77461507	     88.36435837	    -29.94615188	     -4.78638530	     60.50453142	      3.45299412	     18.89447751	     83.57485406	     88.37137032	    -17.92054745	    -15.35304751
      1.76666667	     -1.21535351	      4.52689056	     86.08708942	      0.23370207	      0.88440608	      0.71999210	      6.76525652	     -4.59037533	     -5.06013947	     19.03649720	      0.33224955	     36.70830913	      5.12214069	      0.00000000	      3.09945132	      3.91464813	      2.68432087	     11.21924097	      0.19581269	     30.71643361	     -7.31046580	      0.00000000	     -0.04009908	      0.05605918	     -0.13482941	     -0.07446800	      0.07455870	     -0.14325625	     -0.06587878	      0.13630228	     -0.14325625	     -0.04582924	      0.13630228	     -0.11797573	     -0.03723600	      0.11431587	     -0.10954889	     -0.02291261	      0.08683566	     -0.10112206	     -0.28642371	      0.63415262	     -0.74988071	      0.00000000	      0.00000000	     16.83025650	      3.84602970	      7.16597087	     64.39445862	     -7.26820421	     21.53531037	     93.32735760	     88.61610123	    -31.57067895	     -1.50645656	     61.59146716	      3.92152364	     19.70887677	     84.95472425	     88.47751696	    -20.88320581	    -13.67861730
      1.78333333	     -1.25689670	      4.83587509	     85.56398838	      0.23468163	      0.88438844	      0.72076764	      6.64694260	     -4.65282766	     -4.83815752	     19.19315602	      0.33498377	     37.02338177	      5.71376735	      0.00000000	      2.77193536	      3.95759998	      2.42282136	     11.13689858	      0.19437555	     30.47385977	     -7.56797881	      0.00000000	     -0.04517209	      0.07121502	     -0.06690507	     -0.08388910	      0.09471597	     -0.07108664	     -0.07421323	      0.17315219	     -0.07108664	     -0.05162719	      0.17315219	     -0.05854194	     -0.04194681	      0.14522166	     -0.05436037	     -0.02581133	      0.11031206	     -0.05017880	     -0.32265975	      0.80559851	     -0.37210593	      0.00000000	      0.00000000	     17.54530872	      0.96087943	      5.17866170	     66.26839233	     -5.40349525	     22.89547396	     89.24214650	     88.65414895	    -31.48184972	      1.44860717	     62.24192946	      3.49128336	     20.69013403	     86.06540282	     88.47320253	    -22.93765537	    -12.12218917
      1.80000000	     -1.18072249	      5.00686015	     85.10268995	      0.23583426	      0.88412901	      0.72149133	      6.60397259	     -4.55255908	     -4.50260695	     19.26522784	      0.33624166	     37.15637553	      6.22611209	      0.00000000	      2.63744382	      3.85047620	      2.12302117	     11.16086202	      0.19479379	     30.40306165	     -7.84497119	      0.00000000	     -0.02079699	      0.08010955	     -0.07341060	     -0.03862210	      0.10654570	     -0.07799876	     -0.03416738	      0.19477836	     -0.07799876	     -0.02376888	      0.19477836	     -0.06423428	     -0.01931209	      0.16335939	     -0.05964611	     -0.01188340	      0.12408969	     -0.05505795	     -0.14855085	      0.90621524	     -0.40828774	      0.00000000	      0.00000000	     17.33698599	      0.05329233	      3.20899753	     68.05074288	     -3.45794592	     24.59752333	     84.96274150	     88.40768014	    -30.92013478	      3.27141983	     62.54544071	      2.50618500	     21.70488131	     86.61573283	     88.48617549	    -23.87273204	    -11.56245021
      1.81666667	     -1.29292961	      5.21527316	     84.25526690	      0.23689917	      0.88399434	      0.72203360	      6.64965873	     -4.80347195	     -4.80675266	     19.47956649	      0.33998257	     37.56458645	      7.77613114	      0.00000000	      2.37387560	      4.00498011	      1.86023342	     10.99095391	      0.19182833	     30.04164040	     -8.66576740	      0.00000000	     -0.02769742	      0.09860454	     -0.11160734	     -0.05143687	      0.13114404	     -0.11858280	     -0.04550409	      0.23974707	     -0.11858280	     -0.03165538	      0.23974707	     -0.09765642	     -0.02571982	      0.20107437	     -0.09068096	     -0.01582630	      0.15273843	     -0.08370551	     -0.19783988	      1.11543425	     -0.62072655	      0.00000000	      0.00000000	     17.33294469	     -2.33917816	      2.39745658	     69.54249772	     -1.02703611	     26.45290064	     81.14670560	     88.09538088	    -29.69084932	      3.98695130	     62.94925608	     -0.03706198	     24.11424710	     88.26448395	     88.22464543	    -30.68072342	    -10.22577902
      1.83333333	     -1.37425148	      5.34304607	     83.64651935	      0.23791821	      0.88387701	      0.72257446	      6.69811123	     -4.91066943	     -4.65872556	     19.58792369	      0.34187376	     37.67184289	      8.49686737	      0.00000000	      2.22164971	      4.09012403	      1.45158501	     10.87040493	      0.18972436	     29.87596635	     -9.12868114	      0.00000000	     -0.02197820	      0.10225619	     -0.20878163	     -0.04081571	      0.13600074	     -0.22183048	     -0.03610798	      0.24862571	     -0.22183048	     -0.02511888	      0.24862571	     -0.18268392	     -0.02040895	      0.20852083	     -0.16963507	     -0.01255834	      0.15839484	     -0.15658622	     -0.15698807	      1.15674250	     -1.16118077	      0.00000000	      0.00000000	     16.82180629	     -3.46790616	      1.60203408	     70.30351845	      0.95436012	     28.09606887	     78.03460588	     87.30946593	    -29.14944059	      2.38298637	     63.10956489	     -2.55821717	     25.50854935	     89.14784015	     88.18895539	    -32.46088077	    -10.84122110
      1.85000000	     -1.36175279	      5.41509014	     83.18752972	      0.23857875	      0.88380685	      0.72320167	      6.70997388	     -4.92576379	     -4.72104693	     19.55126687	      0.34123398	     37.70510074	      9.18644246	      0.00000000	      2.15330437	      4.08252432	      1.20685734	     10.82781333	      0.18898099	     29.71472362	     -9.54800715	      0.00000000	     -0.01505027	      0.11072173	     -0.34152485	     -0.02794987	      0.14725991	     -0.36287015	     -0.02472610	      0.26920882	     -0.36287015	     -0.01720096	      0.26920882	     -0.29883424	     -0.01397569	      0.22578376	     -0.27748894	     -0.00859973	      0.17150797	     -0.25614364	     -0.10750261	      1.25250640	     -1.89945876	      0.00000000	      0.00000000	     16.37658319	     -4.00702494	      1.26744056	     70.53257360	      2.32540167	     29.46768942	     75.96756942	     86.14424490	    -29.05955983	      0.06466378	     63.28560786	     -5.02012244	     26.72316718	     89.48225667	     88.16199723	    -33.41188521	    -12.40678124
      1.86666667	     -1.24224986	      5.48947991	     82.87804401	      0.23890332	      0.88395729	      0.72371299	      6.65661055	     -4.86467170	     -5.00344853	     19.48597865	      0.34009449	     37.57510305	      9.94839921	      0.00000000	      2.07903814	      3.97497956	      1.12856913	     10.84657814	      0.18930850	     29.61707299	    -10.03543020	      0.00000000	     -0.00964926	      0.13055762	     -0.49000839	     -0.01791964	      0.17364163	     -0.52063391	     -0.01585277	      0.31743779	     -0.52063391	     -0.01102814	      0.31743779	     -0.42875734	     -0.00896030	      0.26623309	     -0.39813181	     -0.00551359	      0.20223375	     -0.36750629	     -0.06892369	      1.47689387	     -2.72527965	      0.00000000	      0.00000000	     16.40199332	     -4.41334756	      1.61008782	     70.41714737	      3.07526366	     30.47728058	     74.76891780	     84.98130588	    -29.25100579	     -2.49767546	     63.30233284	     -7.02902953	     27.20619443	     89.23102390	     88.21622550	    -32.92892906	    -14.51252511
      1.88333333	     -0.98896845	      5.51257608	     82.58828057	      0.23889945	      0.88417896	      0.72432637	      6.60768018	     -4.64834824	     -5.19390019	     19.35093393	      0.33773751	     37.37157850	     10.49592157	      0.00000000	      2.03960919	      3.76753203	      1.33799721	     10.87078450	      0.18973098	     29.39406225	    -10.88666640	      0.00000000	     -0.00444661	      0.16679494	     -0.59516052	     -0.00825781	      0.22183726	     -0.63235806	     -0.00730534	      0.40554521	     -0.63235806	     -0.00508204	      0.40554521	     -0.52076546	     -0.00412913	      0.34012823	     -0.48356793	     -0.00254080	      0.25836536	     -0.44637039	     -0.03176173	      1.88681767	     -3.31010428	      0.00000000	      0.00000000	     17.03032156	     -4.58884548	      2.39836053	     70.20681058	      3.28293069	     30.93521925	     74.52633512	     84.87859379	    -29.45183014	     -3.29355397	     63.08946827	     -8.21211534	     26.66734453	     88.65893130	     88.41471738	    -30.52923148	    -15.98706918
      1.90000000	     -0.81487526	      5.48714908	     82.43386249	      0.23900339	      0.88449013	      0.72506739	      6.60422020	     -4.46562491	     -5.32109599	     19.21251198	      0.33532159	     37.12447895	     10.69443752	      0.00000000	      2.04213936	      3.57699754	      1.17443826	     10.85725348	      0.18949482	     29.15585321	    -11.05791342	      0.00000000	      0.00093186	      0.17868982	     -0.65276282	      0.00173056	      0.23765746	     -0.69356050	      0.00153096	      0.43446643	     -0.69356050	      0.00106502	      0.43446643	     -0.57116747	      0.00086533	      0.36438428	     -0.53036979	      0.00053247	      0.27679053	     -0.48957212	      0.00665620	      2.02137498	     -3.63047100	      0.00000000	      0.00000000	     18.34776915	     -4.51040543	      2.93472656	     69.79765625	      3.23715358	     30.55709235	     75.06379723	     85.49784759	    -29.58557607	     -3.24539367	     62.94239075	     -8.61960698	     26.07970046	     88.03297612	     88.59405241	    -29.66261712	    -16.67880613
      1.91666667	     -0.45328834	      5.57611541	     82.29436818	      0.23851316	      0.88494387	      0.72570110	      6.45258289	     -4.18863903	     -5.73067164	     19.13875440	      0.33403428	     36.87927393	     11.22357650	      0.00000000	      1.94480810	      3.27124467	      1.52126626	     10.97850570	      0.19161107	     29.10158444	    -11.50948032	      0.00000000	     -0.00781295	      0.23151825	     -0.67952975	     -0.01450944	      0.30791927	     -0.72200035	     -0.01283590	      0.56291347	     -0.72200035	     -0.00892943	      0.56291347	     -0.59458853	     -0.00725511	      0.47211201	     -0.55211792	     -0.00446432	      0.35862177	     -0.50964731	     -0.05580716	      2.61898072	     -3.77934058	      0.00000000	      0.00000000	     19.60042540	     -4.21309089	      5.12067160	     69.62149102	      3.18428606	     29.79844395	     75.76306633	     87.68560702	    -28.68821266	     -0.46235936	     62.09715166	     -7.80392925	     23.34988622	     87.13444352	     88.67479752	    -24.86774287	    -18.63637874
      1.93333333	     -0.29931529	      5.60903654	     82.23312651	      0.23847653	      0.88532356	      0.72605469	      6.33988816	     -4.04557383	     -5.93119721	     19.03659863	      0.33225132	     36.64076758	     11.33388787	      0.00000000	      1.83789166	      3.15485082	      1.97497606	     10.94062057	      0.19094985	     28.81853955	    -11.99151449	      0.00000000	     -0.00544389	      0.24116587	     -0.66328491	     -0.01010985	      0.32075060	     -0.70474021	     -0.00894377	      0.58637069	     -0.70474021	     -0.00622182	      0.58637069	     -0.58037429	     -0.00505520	      0.49178544	     -0.53891899	     -0.00311064	      0.37356593	     -0.49746368	     -0.03888517	      2.72811652	     -3.68899167	      0.00000000	      0.00000000	     20.99439523	     -4.03127935	      6.50099531	     69.13603472	      3.35094722	     28.08078066	     76.64278669	     88.14087991	    -27.08970506	      1.63082685	     61.21790531	     -6.54059719	     20.87212360	     87.29327732	     88.75100986	    -21.97947405	    -18.08100751
      1.95000000	     -0.33337053	      5.70010218	     82.26755513	      0.23857208	      0.88558086	      0.72668007	      6.24277478	     -4.08506353	     -6.06162012	     19.03589396	      0.33223903	     36.38063285	     11.18765949	      0.00000000	      1.74384875	      3.19862860	      2.21331422	     10.96470490	      0.19137020	     28.64531245	    -11.90456859	      0.00000000	     -0.01325219	      0.21158650	     -0.62403725	     -0.02461065	      0.28141005	     -0.66303958	     -0.02177203	      0.51445142	     -0.66303958	     -0.01514593	      0.51445142	     -0.54603260	     -0.01230599	      0.43146719	     -0.50703027	     -0.00757230	      0.32774749	     -0.46802794	     -0.09465909	      2.39350881	     -3.47070800	      0.00000000	      0.00000000	     22.00513159	     -3.74351822	      7.23988384	     68.86300999	      3.66353013	     26.54792544	     76.88455177	     88.20887606	    -27.15444856	      1.75169158	     60.74344006	     -5.03668616	     19.32682775	     87.51400579	     88.55413742	    -22.22517869	    -17.80352338
      1.96666667	     -0.24730463	      5.74114022	     82.25351313	      0.23873206	      0.88570519	      0.72664091	      6.15386975	     -3.94290081	     -5.87553257	     19.05956106	      0.33265209	     36.19232936	     10.73196750	      0.00000000	      1.59184672	      3.14333587	      2.69721857	     10.86274767	      0.18959071	     28.43735196	    -12.29851687	      0.00000000	     -0.01778081	      0.21361400	     -0.66425049	     -0.03302075	      0.28410662	     -0.70576615	     -0.02921210	      0.51938108	     -0.70576615	     -0.02032169	      0.51938108	     -0.58121918	     -0.01651126	      0.43560167	     -0.53970352	     -0.01015996	      0.33088809	     -0.49818787	     -0.12700658	      2.41644429	     -3.69436195	      0.00000000	      0.00000000	     22.57771016	     -2.82093188	     10.18042731	     68.77935505	      4.59571348	     25.61538165	     76.69108992	     88.76639024	    -24.90344249	      2.23147819	     59.98586421	     -3.98605579	     17.39749171	     88.96753432	     88.54715689	    -22.63029565	    -15.93132495
      1.98333333	     -0.26875774	      5.83239843	     82.39772587	      0.23870510	      0.88572750	      0.72685640	      6.07365852	     -3.92995051	     -5.76052104	     19.16378880	      0.33447121	     35.99784292	     10.12969802	      0.00000000	      1.48522558	      3.20204681	      3.22711377	     10.86072129	      0.18955535	     28.30831345	    -12.54251095	      0.00000000	     -0.03535332	      0.19108067	     -0.73772583	     -0.06565466	      0.25413729	     -0.78383369	     -0.05808198	      0.46459353	     -0.78383369	     -0.04040531	      0.46459353	     -0.64551010	     -0.03282910	      0.38965170	     -0.59940223	     -0.02020089	      0.29598395	     -0.55329437	     -0.25252526	      2.16154272	     -4.10300972	      0.00000000	      0.00000000	     22.41403419	     -2.02676764	     12.28502365	     69.49915535	      5.28283501	     27.00040534	     75.54183987	     89.17070001	    -25.41517920	      1.44764527	     59.61785308	     -3.17079094	     16.47058436	     90.33456130	     88.29663057	    -24.95187435	    -14.05570488
      2.00000000	     -0.30051831	      5.91638837	     82.49912046	      0.23862084	      0.88567129	      0.72709297	      6.05942812	     -3.94129206	     -5.65497200	     19.35341589	      0.33778083	     35.90710689	      9.56111545	      0.00000000	      1.39517393	      3.26125983	      3.58897705	     10.82921663	      0.18900549	     28.25935652	    -12.63880834	      0.00000000	     -0.05620489	      0.17082509	     -0.81803143	     -0.10437809	      0.22719736	     -0.86915840	     -0.09233901	      0.41534411	     -0.86915840	     -0.06423656	      0.41534411	     -0.71577750	     -0.05219186	      0.34834651	     -0.66465054	     -0.03211547	      0.26460806	     -0.61352357	     -0.40146588	      1.93240753	     -4.54964542	      0.00000000	      0.00000000	     21.64745188	     -1.00803387	     14.59778446	     71.16452550	      5.98550410	     30.37548514	     73.14375932	     89.41599198	    -27.71868577	      1.34839342	     59.48273282	     -2.71683799	     16.34097191	     91.52253787	     87.90666270	    -28.43490869	    -12.44099706
      2.01666667	     -0.30780770	      5.97866397	     82.58692668	      0.23856401	      0.88557126	      0.72744412	      6.09753741	     -3.92441851	     -5.52945974	     19.56815607	      0.34152875	     35.93183444	      9.08573956	      0.00000000	      1.35464040	      3.27845696	      3.72684914	     10.80440917	      0.18857251	     28.35818628	    -12.64701940	      0.00000000	     -0.08099762	      0.15569037	     -0.88379585	     -0.15042068	      0.20706820	     -0.93903309	     -0.13307099	      0.37854558	     -0.93903309	     -0.09257218	      0.37854558	     -0.77332137	     -0.07521439	      0.31748381	     -0.71808412	     -0.04628204	      0.24116439	     -0.66284688	     -0.57855792	      1.76120066	     -4.91540736	      0.00000000	      0.00000000	     20.39511303	     -0.16347500	     16.66653528	     73.37284404	      6.81419150	     34.15091035	     69.85597838	     89.52797806	    -29.89508082	      2.30986823	     59.51153156	     -2.53871668	     16.82556134	     92.32750168	     87.45447872	    -31.95926846	    -11.34952336
      2.03333333	     -0.41070628	      6.01637865	     82.59287812	      0.23879226	      0.88549561	      0.72783145	      6.21179976	     -4.00952163	     -5.42925358	     19.81004145	      0.34575045	     36.06719844	      8.83356709	      0.00000000	      1.32077958	      3.36548079	      3.63379028	     10.68945498	      0.18656618	     28.47193399	    -12.58366590	      0.00000000	     -0.10382664	      0.13198704	     -0.88519210	     -0.19281645	      0.17554276	     -0.94051661	     -0.17057678	      0.32091328	     -0.94051661	     -0.11866346	      0.32091328	     -0.77454309	     -0.09641342	      0.26914796	     -0.71921858	     -0.05932654	      0.20444792	     -0.66389408	     -0.74162329	      1.49306374	     -4.92317291	      0.00000000	      0.00000000	     19.04518294	      0.64318713	     18.36033329	     75.21999501	      7.54034621	     36.72437075	     67.06769433	     89.57302966	    -30.80097697	      4.59752921	     59.64579386	     -2.51256980	     17.56032151	     92.59691166	     87.22149266	    -33.73523949	    -10.81747822
      2.05000000	     -0.49354437	      5.99419035	     82.61335922	      0.23914679	      0.88548345	      0.72805801	      6.34942064	     -4.06138529	     -5.38931924	     19.98650339	      0.34883029	     36.21740594	      8.63013944	      0.00000000	      1.34552998	      3.41229056	      3.48697893	     10.56281484	      0.18435590	     28.65128409	    -12.51118389	      0.00000000	     -0.11333610	      0.11664216	     -0.85444895	     -0.21047647	      0.15513408	     -0.90785201	     -0.18619988	      0.28360375	     -0.90785201	     -0.12953183	      0.28360375	     -0.74764283	     -0.10524390	      0.23785670	     -0.69423977	     -0.06476025	      0.18067871	     -0.64083671	     -0.80954844	      1.31947947	     -4.75218873	      0.00000000	      0.00000000	     17.93327254	      1.11253835	     19.53515382	     76.00881274	      7.92172036	     37.43948756	     65.65126531	     89.56601934	    -30.64360194	      6.18170482	     59.76314977	     -2.63751638	     18.28665239	     92.47284492	     87.31403401	    -34.27222937	    -10.82626481
      2.06666667	     -0.54767497	      5.91482016	     82.38228072	      0.23982701	      0.88552216	      0.72829826	      6.57031282	     -4.07334748	     -5.24020911	     20.15325656	      0.35174068	     36.36962732	      8.67281578	      0.00000000	      1.50979310	      3.26378032	      1.45458268	     10.61559102	      0.18527702	     29.58134911	    -10.07378762	      0.00000000	     -0.11310261	      0.11139495	     -0.74200774	     -0.21004285	      0.14815529	     -0.78838322	     -0.18581628	      0.27084569	     -0.78838322	     -0.12926497	      0.27084569	     -0.64925677	     -0.10502708	      0.22715659	     -0.60288129	     -0.06462683	      0.17255078	     -0.55650581	     -0.80788062	      1.26012199	     -4.12682445	      0.00000000	      0.00000000	     17.37525359	      1.13277135	     20.04312261	     75.42742690	      7.78741552	     35.83656859	     66.45215423	     89.52902082	    -29.20662773	      7.37344216	     59.86356276	     -2.77776225	     18.68974190	     92.10688891	     87.58877883	    -33.37875918	    -11.34148309
      2.08333333	     -0.62986114	      5.83379025	     82.64842580	      0.23995899	      0.88574792	      0.72820042	      6.66340404	     -4.10039337	     -5.26735879	     20.22966970	      0.35307434	     36.37552934	      8.17811106	      0.00000000	      1.52959796	      3.35095756	      2.02237004	     10.36826091	      0.18096029	     29.71063803	    -10.59531947	      0.00000000	     -0.09859924	      0.10365535	     -0.72087984	     -0.18310864	      0.13786161	     -0.76593483	     -0.16198869	      0.25202762	     -0.76593483	     -0.11268907	      0.25202762	     -0.63076986	     -0.09155925	      0.21137399	     -0.58571487	     -0.05633960	      0.16056214	     -0.54065988	     -0.70428449	      1.17257004	     -4.00931738	      0.00000000	      0.00000000	     17.24588070	      1.08645181	     20.09684471	     73.65298596	      7.44997290	     32.56783783	     69.02707221	     89.42579046	    -27.65555428	      7.10895040	     59.82300962	     -3.02455601	     18.45951857	     91.65650130	     87.91628123	    -30.83810938	    -12.69387971
      2.10000000	     -0.56351439	      5.71371764	     82.65845751	      0.23995021	      0.88605624	      0.72817138	      6.76911785	     -4.00586527	     -5.32884133	     20.20849486	      0.35270477	     36.31964539	      8.10202185	      0.00000000	      1.59608531	      3.26926768	      2.11029627	     10.19562736	      0.17794727	     29.94712299	    -10.71757817	      0.00000000	     -0.09314510	      0.13667568	     -0.69757864	     -0.17297977	      0.18177865	     -0.74117731	     -0.15302809	      0.33231324	     -0.74117731	     -0.10645554	      0.33231324	     -0.61038131	     -0.08649454	      0.27870904	     -0.56678265	     -0.05322311	      0.21171062	     -0.52318398	     -0.66532614	      1.54610258	     -3.87972313	      0.00000000	      0.00000000	     18.00653636	      0.43548194	     20.78380222	     71.52409461	      7.14515554	     29.33746955	     72.87103714	     89.16080476	    -27.65080865	      5.99204367	     59.61601322	     -3.52919444	     17.77267620	     92.03106681	     88.08504892	    -29.77340574	    -13.49346145
      2.11666667	     -0.59350472	      5.66667316	     82.52755977	      0.24030721	      0.88647423	      0.72805137	      6.84500040	     -3.96200155	     -5.00053233	     20.20109438	      0.35257561	     36.23654762	      7.92057555	      0.00000000	      1.58291675	      3.30168020	      2.20656587	     10.07116762	      0.17577503	     29.91907177	    -11.20897257	      0.00000000	     -0.07170992	      0.13362887	     -0.60378373	     -0.13317250	      0.17772640	     -0.64152021	     -0.11781223	      0.32490524	     -0.64152021	     -0.08195727	      0.32490524	     -0.52831076	     -0.06658983	      0.27249599	     -0.49057428	     -0.04097505	      0.20699112	     -0.45283780	     -0.51221680	      1.51163652	     -3.35806396	      0.00000000	      0.00000000	     18.62089404	     -0.18122603	     19.38649584	     68.71315371	      6.61368890	     24.98782396	     77.75901400	     88.70402604	    -24.08534838	      4.45277660	     59.04842321	     -3.20455489	     15.68209142	     92.00654288	     88.29681100	    -23.78526940	    -15.16121879
      2.13333333	     -0.44681910	      5.56721098	     82.52482920	      0.24017766	      0.88679436	      0.72809431	      6.86491554	     -3.76939323	     -4.94656870	     20.01384911	      0.34930756	     36.13377757	      7.98860645	      0.00000000	      1.65392698	      3.13622031	      2.15887288	     10.07540651	      0.17584902	     29.81771370	    -11.29205242	      0.00000000	     -0.06167720	      0.16260251	     -0.61462142	     -0.11454072	      0.21626133	     -0.65303526	     -0.10132947	      0.39535173	     -0.65303526	     -0.07049087	      0.39535173	     -0.53779375	     -0.05727344	      0.33157903	     -0.49937991	     -0.03524235	      0.25187128	     -0.46096607	     -0.44055405	      1.83939207	     -3.41833997	      0.00000000	      0.00000000	     19.63678253	     -0.54639183	     19.32908061	     66.79703900	      6.24642129	     23.16578045	     82.15947308	     88.06888456	    -24.05808533	      2.57094022	     58.42345013	     -3.24160599	     14.14621073	     93.17206201	     88.09484824	    -23.12263689	    -15.51496290
      2.15000000	     -0.05479146	      5.52406220	     82.42334097	      0.23982872	      0.88710857	      0.72803597	      6.77698246	     -3.34400346	     -4.86926461	     19.77953050	      0.34521793	     36.01687111	      8.17719369	      0.00000000	      1.66747279	      2.74899041	      2.13247404	     10.22979066	      0.17854353	     29.54055686	    -11.53193130	      0.00000000	     -0.04588562	      0.20257805	     -0.56976720	     -0.08521418	      0.26942881	     -0.60537765	     -0.07538548	      0.49254828	     -0.60537765	     -0.05244267	      0.49254828	     -0.49854630	     -0.04260938	      0.41309717	     -0.46293585	     -0.02621904	      0.31379341	     -0.42732540	     -0.32775637	      2.29160346	     -3.16887422	      0.00000000	      0.00000000	     20.01886804	     -1.17601797	     17.45383421	     65.53171291	      5.46899917	     22.53497589	     85.40186396	     88.02241795	    -23.52554065	      1.25684104	     57.53370748	     -2.42228093	     12.22152301	     94.40749706	     87.87197476	    -20.33116199	    -14.05077350
      2.16666667	      0.10263061	      5.54951728	     82.33091564	      0.23987271	      0.88721648	      0.72813931	      6.67049926	     -3.15483062	     -4.78129137	     19.58232488	      0.34177604	     36.06996762	      8.40751718	      0.00000000	      1.59730543	      2.59514870	      1.98936223	     10.31151933	      0.17996996	     28.95178851	    -11.66346913	      0.00000000	     -0.05183104	      0.20539556	     -0.56427481	     -0.09625543	      0.27317609	     -0.59954199	     -0.08515322	      0.49939876	     -0.59954199	     -0.05923770	      0.49939876	     -0.49374046	     -0.04813031	      0.41884262	     -0.45847329	     -0.02961626	      0.31815772	     -0.42320611	     -0.37022395	      2.32347563	     -3.13832723	      0.00000000	      0.00000000	     20.29360779	     -0.92346904	     16.64298167	     65.23475536	      5.34631562	     22.93308289	     87.22169931	     88.39881672	    -24.34178277	      4.51803382	     56.73412806	     -1.87170267	     11.10117463	     96.24993862	     87.43342938	    -19.99625938	    -11.13906393
      2.18333333	      0.18474845	      5.55233565	     82.26335319	      0.23990910	      0.88703004	      0.72833810	      6.61058847	     -3.05591796	     -4.72349389	     19.42035523	      0.33894914	     36.14405760	      8.69061757	      0.00000000	      1.59804909	      2.52350791	      1.80913207	     10.46787031	      0.18269880	     28.26697591	    -11.73899123	      0.00000000	     -0.05998270	      0.19815731	     -0.52958709	     -0.11139387	      0.26354922	     -0.56268628	     -0.09854558	      0.48179969	     -0.56268628	     -0.06855423	      0.48179969	     -0.46338870	     -0.05569994	      0.40408239	     -0.43028951	     -0.03427412	      0.30694568	     -0.39719032	     -0.42845044	      2.24159514	     -2.94540451	      0.00000000	      0.00000000	     20.25996088	     -0.67894952	     15.78268328	     65.64430642	      5.60273253	     23.54498761	     87.35779014	     88.51536142	    -24.51330704	     11.34301464	     56.12872618	     -1.25827116	     11.02712314	     97.84216982	     87.32963730	    -21.17790215	     -7.76445435
      2.20000000	      0.15429560	      5.52394168	     82.18309329	      0.24022294	      0.88652601	      0.72842792	      6.64931541	     -3.07490308	     -4.69567736	     19.39654357	      0.33853355	     36.26745113	      8.91851085	      0.00000000	      1.64358622	      2.54708962	      1.58456514	     10.63373022	      0.18559360	     27.69269251	    -11.73142691	      0.00000000	     -0.06501753	      0.17649952	     -0.43462227	     -0.12074406	      0.23474436	     -0.46178616	     -0.10681730	      0.42914094	     -0.46178616	     -0.07430854	      0.42914094	     -0.38029449	     -0.06037528	      0.35991782	     -0.35313059	     -0.03715102	      0.27339776	     -0.32596670	     -0.46441372	      1.99659788	     -2.41723868	      0.00000000	      0.00000000	     20.04138146	     -0.35536148	     14.96608801	     66.56787236	      6.10774603	     24.21505162	     85.56477627	     88.44043545	    -23.93221638	     18.88515971	     55.81196119	     -0.77091764	     12.27324704	     98.61651467	     87.68565504	    -22.83909316	     -5.67164734
      2.21666667	      0.06198672	      5.48417294	     82.04564177	      0.24080050	      0.88566411	      0.72844982	      6.79341363	     -3.15497168	     -4.66829412	     19.56567310	      0.34148542	     36.46260418	      8.98526928	      0.00000000	      1.74962539	      2.62183871	      1.40973900	     10.88064762	      0.18990313	     27.40023586	    -11.66675487	      0.00000000	     -0.06733521	      0.14425424	     -0.29212228	     -0.12504823	      0.19185813	     -0.31037992	     -0.11062502	      0.35073975	     -0.31037992	     -0.07695742	      0.35073975	     -0.25560699	     -0.06252748	      0.29416324	     -0.23734935	     -0.03847534	      0.22344981	     -0.21909171	     -0.48096870	      1.63183276	     -1.62469646	      0.00000000	      0.00000000	     19.71674151	      0.10036289	     13.94580376	     68.10877384	      6.43697350	     25.67771321	     81.45120065	     88.55014812	    -23.41928981	     23.24690199	     55.78111447	     -0.45099562	     14.51479863	     98.19769530	     88.22679467	    -24.08533603	     -5.96461005
      2.23333333	     -0.06094781	      5.43921578	     81.91517592	      0.24127383	      0.88450163	      0.72838566	      7.02654330	     -3.28479929	     -4.62858820	     19.93389645	      0.34791213	     36.73652538	      8.83483242	      0.00000000	      1.89213146	      2.73610413	      1.37338895	     11.15018976	      0.19460752	     27.54566369	    -11.57846184	      0.00000000	     -0.06744426	      0.10760807	     -0.15178733	     -0.12525073	      0.14311873	     -0.16127404	     -0.11080417	      0.26163825	     -0.16127404	     -0.07708204	      0.26163825	     -0.13281392	     -0.06262874	      0.21943437	     -0.12332721	     -0.03853765	      0.16668489	     -0.11384050	     -0.48174759	      1.21728396	     -0.84419561	      0.00000000	      0.00000000	     19.44307418	      0.83340977	     12.86189334	     70.18898071	      6.44372762	     28.15923897	     75.42064080	     88.97652656	    -23.76944176	     23.82070805	     56.05566857	     -0.41080911	     17.42649386	     96.46295508	     88.62155302	    -25.16964603	     -8.59446780
      2.25000000	     -0.02912003	      5.38722861	     81.85118073	      0.24150789	      0.88336552	      0.72804922	      7.20828205	     -3.25684080	     -4.59839628	     20.29063351	      0.35413836	     37.03290445	      8.47016151	      0.00000000	      1.98536188	      2.69996559	      1.58089318	     11.31731536	      0.19752442	     28.13360571	    -11.47810621	      0.00000000	     -0.05791861	      0.09305184	     -0.07968903	     -0.10756065	      0.12375895	     -0.08466959	     -0.09515449	      0.22624625	     -0.08466959	     -0.06619518	      0.22624625	     -0.06972790	     -0.05378322	      0.18975132	     -0.06474733	     -0.03309469	      0.14413731	     -0.05976677	     -0.41370685	      1.05262107	     -0.44320646	      0.00000000	      0.00000000	     18.99085398	      1.69103976	     11.96104878	     72.25743869	      6.27499546	     31.57824094	     68.52789484	     89.28892178	    -25.74383476	     21.19447360	     56.38678853	     -0.83790298	     20.56613226	     93.68980382	     88.82591589	    -26.87158944	    -12.49798682
      2.26666667	     -0.01189183	      5.39097499	     81.92936689	      0.24167505	      0.88236487	      0.72794157	      7.39509979	     -3.26220974	     -4.67624131	     20.75872387	      0.36230808	     37.42784491	      8.05904279	      0.00000000	      2.04481432	      2.68903534	      2.05265401	     11.41746987	      0.19927244	     28.89052079	    -11.58877210	      0.00000000	     -0.05293708	      0.08014236	     -0.15854195	     -0.09830945	      0.10658934	     -0.16845083	     -0.08697033	      0.19485814	     -0.16845083	     -0.06050179	      0.19485814	     -0.13872421	     -0.04915737	      0.16342630	     -0.12881534	     -0.03024825	      0.12414052	     -0.11890646	     -0.37812427	      0.90658643	     -0.88176278	      0.00000000	      0.00000000	     18.53916376	      2.77275778	     11.82164298	     73.27517322	      6.51426579	     35.05472478	     62.54547307	     89.44699892	    -29.09794825	     15.94242310	     56.42528731	     -2.11611040	     22.95898833	     90.51400337	     88.96054911	    -26.81352367	    -16.14080073
      2.28333333	      0.01771460	      5.54656638	     82.11492084	      0.24193948	      0.88201434	      0.72796770	      7.38037147	     -3.23449374	     -4.69448088	     21.09984906	      0.36826184	     37.74401865	      7.53754986	      0.00000000	      1.91650408	      2.66435035	      2.59647431	     11.38418032	      0.19869143	     29.50795046	    -11.77583351	      0.00000000	     -0.05157004	      0.06888176	     -0.43340859	     -0.09577072	      0.09161274	     -0.46049663	     -0.08472442	      0.16747910	     -0.46049663	     -0.05893940	      0.16747910	     -0.37923252	     -0.04788794	      0.14046368	     -0.35214448	     -0.02946712	      0.10669784	     -0.32505645	     -0.36835964	      0.77920421	     -2.41048858	      0.00000000	      0.00000000	     17.74928991	      3.90547085	     12.41111176	     71.99225090	      7.20347133	     37.60474387	     59.85629918	     89.51403191	    -32.64603013	      9.17859870	     55.59493993	     -4.44141756	     24.35703876	     87.73789729	     89.00059573	    -25.77437159	    -18.08445159
      2.30000000	      0.03390182	      5.72323219	     82.31706415	      0.24254481	      0.88235860	      0.72812546	      7.33084291	     -3.15785445	     -4.54792868	     21.31190317	      0.37196288	     37.83896552	      6.95313731	      0.00000000	      1.71969138	      2.61099212	      3.02588001	     11.19294159	      0.19535368	     29.84166725	    -11.87581061	      0.00000000	     -0.03194180	      0.05370132	     -0.83105321	     -0.05931912	      0.07142275	     -0.88299404	     -0.05247719	      0.13056938	     -0.88299404	     -0.03650629	      0.13056938	     -0.72717156	     -0.02966116	      0.10950772	     -0.67523073	     -0.01825155	      0.08318334	     -0.62328991	     -0.22815710	      0.60748002	     -4.62206864	      0.00000000	      0.00000000	     16.68792525	      4.69903578	     13.27438828	     67.46290041	      7.80100042	     38.26239106	     62.54108771	     89.55884128	    -35.21427012	      2.40167154	     53.62708499	     -7.50736366	     24.81774832	     85.90549822	     88.86330076	    -23.75852988	    -17.05750478
      2.31666667	     -0.33567618	      6.17188889	     82.66786091	      0.24345192	      0.88315121	      0.72863327	      7.18373611	     -3.39884203	     -3.83933289	     21.72835259	      0.37923129	     37.89159562	      5.64070947	      0.00000000	      1.44592282	      2.96764531	      3.36816178	     11.26308874	      0.19657798	     29.95516886	    -12.07362818	      0.00000000	     -0.05364164	     -0.02764280	     -1.30629679	     -0.09961788	     -0.03676492	     -1.38794033	     -0.08812784	     -0.06721069	     -1.38794033	     -0.06130703	     -0.06721069	     -1.14300969	     -0.04981162	     -0.05636919	     -1.06136614	     -0.03065083	     -0.04281869	     -0.97972259	     -0.38315684	     -0.31270084	     -7.26523083	      0.00000000	      0.00000000	     16.19719421	      5.35869697	     13.00073339	     61.17105715	      7.97218706	     39.14400005	     68.72603771	     89.56070826	    -38.42014451	     -6.40900022	     50.49504664	    -10.77807183	     23.68880215	     85.79921523	     88.50340775	    -18.32902641	    -10.66442223
      2.33333333	     -0.44158295	      6.26132167	     83.04664516	      0.24425688	      0.88394113	      0.72806343	      7.18234661	     -3.35448807	     -3.50883740	     21.88001021	      0.38187822	     37.79864661	      4.79925648	      0.00000000	      1.50121131	      2.98503600	      3.45471145	     11.43743668	      0.19962093	     30.21987640	    -11.90226362	      0.00000000	     -0.02392700	     -0.08287230	     -1.53745073	     -0.04443483	     -0.11022016	     -1.63354140	     -0.03930967	     -0.20149571	     -1.63354140	     -0.02734617	     -0.20149571	     -1.34526939	     -0.02221861	     -0.16899320	     -1.24917872	     -0.01367189	     -0.12836919	     -1.15308805	     -0.17090818	     -0.93746804	     -8.55083971	      0.00000000	      0.00000000	     15.89182789	      5.69469185	     10.56999361	     53.13320412	      5.91932768	     39.06914059	     79.25776759	     89.57137274	    -36.64904906	    -11.37948832	     47.04139173	    -12.59682748	     23.82898347	     86.05675183	     85.15050639	    -15.59213393	     -2.36735985
      2.35000000	     -0.79775620	      6.08534022	     83.10436328	      0.24534875	      0.88402605	      0.72683788	      7.60541203	     -3.42185478	     -2.31007065	     22.21991133	      0.38781061	     37.63710701	      3.28918463	      0.00000000	      1.85559158	      3.20664058	      2.70822257	     11.70197438	      0.20423798	     30.56101926	    -11.25147356	      0.00000000	      0.00301244	     -0.15873879	     -1.41526721	      0.00559439	     -0.21112259	     -1.50372141	      0.00494913	     -0.38595750	     -1.50372141	      0.00344291	     -0.38595750	     -1.23835880	      0.00279735	     -0.32370015	     -1.14990460	      0.00172131	     -0.24588639	     -1.06145040	      0.02151752	     -1.79568498	     -7.87129162	      0.00000000	      0.00000000	     16.94329877	      5.60652495	      6.19730826	     44.85897618	      1.93085028	     37.45085573	     92.77926638	     89.59385659	    -24.87793303	     -6.21613450	     44.06372577	    -13.56617641	     26.30131298	     86.92931553	     68.59171971	    -13.23643914	      5.62793080
      2.36666667	     -0.90854079	      5.56646810	     83.33385318	      0.24590150	      0.88343563	      0.72458878	      8.21661551	     -3.31319014	     -1.76650071	     22.47894927	      0.39233168	     37.53530133	      2.36008970	      0.00000000	      2.61376087	      3.17933242	      2.28212996	     12.24152168	      0.21365486	     31.10232411	    -10.72817520	      0.00000000	      0.05032295	     -0.18903524	     -1.06020692	      0.09345474	     -0.25141686	     -1.12646985	      0.08267557	     -0.45962027	     -1.12646985	      0.05751410	     -0.45962027	     -0.92768105	      0.04672989	     -0.38548065	     -0.86141812	      0.02875453	     -0.29281558	     -0.79515519	      0.35945178	     -2.13840439	     -5.89655282	      0.00000000	      0.00000000	     18.12247804	      4.72628983	      0.09024240	     37.30810598	     -2.43837808	     33.73903087	    105.25212561	     89.53931985	     -6.99034450	      4.89741607	     41.64160470	    -13.81712115	     30.81031253	     87.31699151	     48.85899505	    -10.95841241	     10.22273511
      2.38333333	     -1.03676638	      4.97496745	     83.52869925	      0.24643281	      0.88262771	      0.72218965	      8.91672614	     -3.23661025	     -1.26299067	     22.75557040	      0.39715963	     37.52140854	      1.49448214	      0.00000000	      3.46722275	      3.21315539	      2.13805196	     12.83493000	      0.22401179	     31.50554360	    -10.51024522	      0.00000000	      0.09766387	     -0.21355074	     -0.70678387	      0.18137157	     -0.28402249	     -0.75095786	      0.16045197	     -0.51922727	     -0.75095786	      0.11162004	     -0.51922727	     -0.61843589	      0.09069067	     -0.43547267	     -0.57426189	      0.05580513	     -0.33079010	     -0.53008790	      0.69760325	     -2.41572870	     -3.93091985	      0.00000000	      0.00000000	     18.77637310	      3.77387085	     -5.97785470	     31.44015630	     -6.03650678	     30.95841659	    113.71851144	     89.35194799	      3.38849346	     11.34407926	     38.72331514	    -13.97398396	     34.26495264	     87.53516186	     42.18524460	     -7.22952929	     15.56837811
      2.40000000	     -0.86230302	      4.43126450	     83.87273346	      0.24631841	      0.88173031	      0.71999548	      9.51108436	     -2.91893924	     -1.03481149	     22.99325697	      0.40130804	     37.66453989	      0.64611934	      0.00000000	      4.40791991	      3.02086752	      2.51258640	     13.71575154	      0.23938502	     32.05698220	    -10.49869266	      0.00000000	      0.12640188	     -0.19245882	     -0.50825966	      0.23474093	     -0.25597023	     -0.54002589	      0.20766565	     -0.46794437	     -0.54002589	      0.14446471	     -0.46794437	     -0.44472720	      0.11737678	     -0.39246202	     -0.41296097	      0.07222603	     -0.29811871	     -0.38119474	      0.90287598	     -2.17713266	     -2.82678775	      0.00000000	      0.00000000	     18.70839916	      2.64988649	    -11.25866276	     26.55401905	     -9.42455711	     28.57530126	    119.23010477	     88.93359783	      5.24669393	     13.78205947	     35.17473563	    -14.33991790	     36.55083763	     87.57480943	     43.56394178	     -3.61190557	     19.95133495
      2.41666667	     -0.76771450	      4.02905204	     83.57252318	      0.24658893	      0.88087580	      0.71791361	     10.15259552	     -2.62311121	     -0.10108621	     23.40146908	      0.40843269	     38.09757740	     -0.17552314	      0.00000000	      4.99208301	      2.97193541	      2.71859920	     14.15594627	      0.24706787	     32.42265529	    -10.81939960	      0.00000000	      0.14903337	     -0.16816683	     -0.37353138	      0.27676987	     -0.22366188	     -0.39687709	      0.24484692	     -0.40888082	     -0.39687709	      0.17033023	     -0.40888082	     -0.32683996	      0.13839238	     -0.34292579	     -0.30349424	      0.08515767	     -0.26049042	     -0.28014853	      1.06453044	     -1.90233678	     -2.07746947	      0.00000000	      0.00000000	     17.76748801	      1.98893836	    -14.71770337	     21.80333429	    -12.05430561	     25.24282694	    122.79432282	     87.72709072	      2.66452259	     15.29082950	     30.58892507	    -14.75610779	     36.17465207	     86.99060568	     53.93449381	      2.34522062	     23.04024545
      2.43333333	     -0.40811525	      3.71669270	     83.44101101	      0.24598218	      0.87999383	      0.71617121	     10.67489780	     -2.15725547	      0.44886377	     23.79742274	      0.41534338	     38.70479645	     -0.80661432	      0.00000000	      5.57534095	      2.72835105	      3.27926683	     14.75953244	      0.25760244	     32.96011840	    -11.15943501	      0.00000000	      0.16028006	     -0.09181618	     -0.54866344	      0.29765610	     -0.12211552	     -0.58295491	      0.26332411	     -0.22324186	     -0.58295491	      0.18318408	     -0.22324186	     -0.48008051	      0.14883606	     -0.18723155	     -0.44578905	      0.09158403	     -0.14222326	     -0.41149758	      1.14486444	     -1.03864299	     -3.05150146	      0.00000000	      0.00000000	     16.22889754	      1.65081765	    -15.37331839	     17.78346322	    -14.15503829	     22.61852189	    125.07802196	     84.06009334	     -3.36992569	     16.29394604	     24.89648128	    -15.44185380	     33.05610711	     86.72168288	     70.67129019	      7.01967749	     23.71018838
      2.45000000	     -0.04975251	      3.53608842	     83.25100142	      0.24538667	      0.87905341	      0.71464516	     11.13531570	     -1.69167419	      1.11325515	     24.29632547	      0.42405088	     39.44260082	     -1.48458924	      0.00000000	      5.95671454	      2.49322786	      3.80408432	     15.20394326	      0.26535887	     33.73987885	    -11.17801324	      0.00000000	      0.15187843	     -0.01555450	     -0.86412397	      0.28205343	     -0.02068748	     -0.91813172	      0.24952107	     -0.03781920	     -0.91813172	      0.17358186	     -0.03781920	     -0.75610847	      0.14103431	     -0.03171873	     -0.70210073	      0.08678334	     -0.02409392	     -0.64809298	      1.08485244	     -0.17595558	     -4.80599829	      0.00000000	      0.00000000	     14.69774849	      1.09166053	    -14.92411576	     14.00752001	    -15.95362953	     20.45353276	    127.27233240	     79.17257386	     -8.68872375	     16.48223558	     19.11009112	    -16.31729001	     29.09884933	     86.44812924	     84.81981950	      8.52222168	     23.48513102
      2.46666667	      0.17626125	      3.38240427	     82.90579898	      0.24529961	      0.87820081	      0.71326014	     11.63252921	     -1.32904060	      1.87272597	     24.85438141	      0.43379079	     40.23590035	     -1.95855609	      0.00000000	      6.20878207	      2.33961216	      4.01337941	     15.40492203	      0.26886661	     34.75899235	    -10.90013724	      0.00000000	      0.14603109	      0.04438211	     -1.25768829	      0.27119433	      0.05902821	     -1.33629381	      0.23991448	      0.10791067	     -1.33629381	      0.16689893	      0.10791067	     -1.10047725	      0.13560447	      0.09050401	     -1.02187173	      0.08344216	      0.06874789	     -0.94326622	      1.04308546	      0.50205935	     -6.99488495	      0.00000000	      0.00000000	     13.49711670	      0.56828835	    -13.37425846	     10.19678548	    -17.51670635	     18.41273364	    129.58353732	     77.79300671	    -10.10906925	     15.37175125	     13.47471633	    -17.25329082	     24.87016837	     85.39714850	     88.10043705	      7.06319486	     23.41283698
      2.48333333	      0.12875165	      3.60565947	     82.45328427	      0.24575099	      0.87768304	      0.71237319	     11.86371218	     -1.30045741	      2.53167723	     25.57035622	      0.44628691	     41.27875508	     -2.04241052	      0.00000000	      6.02102475	      2.48863563	      4.26191654	     15.42086711	      0.26914490	     35.88520271	    -10.70972369	      0.00000000	      0.06745538	      0.05227185	     -1.50810750	      0.12527138	      0.06952156	     -1.60236422	      0.11082244	      0.12709378	     -1.60236422	      0.07709475	      0.12709378	     -1.31959406	      0.06263906	      0.10659276	     -1.22533735	      0.03854400	      0.08096910	     -1.13108063	      0.48182700	      0.59130964	     -8.38764150	      0.00000000	      0.00000000	     13.46890933	      0.06822637	    -12.44175359	      6.13144067	    -19.32333250	     15.74645020	    132.82174544	     78.02363397	    -10.38513213	     14.14681236	      9.22252448	    -18.04814902	     21.58273220	     83.77100791	     88.51934190	      5.35976157	     23.45311343
      2.50000000	      0.50821043	      3.13796251	     82.19547889	      0.24606886	      0.87708628	      0.71094405	     12.40268207	     -0.67600545	      3.26855259	     25.71614916	      0.44883147	     41.62591107	     -2.72847601	      0.00000000	      6.39986538	      1.97958513	      3.68799959	     15.27779773	      0.26664787	     37.25519912	     -9.39596671	      0.00000000	      0.09304168	      0.14126807	     -2.04093021	      0.17278771	      0.18788653	     -2.16848835	      0.15285818	      0.34347919	     -2.16848835	      0.10633734	      0.34347919	     -1.78581393	      0.08639851	      0.28807385	     -1.65825579	      0.05316402	      0.21882424	     -1.53069766	      0.66458744	      1.59805267	    -11.35104154	      0.00000000	      0.00000000	     14.05028740	     -0.39206059	     -9.64816759	      3.82803117	    -21.64398632	     14.37731267	    135.35237147	     82.40210454	     -8.89564601	     10.98847775	      3.41974346	    -17.96067133	     16.37899096	     82.99643905	     88.74921275	      0.15366255	     22.50151572
      2.51666667	      0.66479758	      2.88479856	     81.86312455	      0.24698135	      0.87690893	      0.70978031	     12.69040258	     -0.34298104	      3.75520555	     25.78983617	      0.45011755	     42.06790476	     -2.87861553	      0.00000000	      6.45093396	      1.65771240	      2.87998261	     14.91466537	      0.26031002	     38.45401065	     -8.02889225	      0.00000000	      0.06766446	      0.19066789	     -2.28518908	      0.12565967	      0.25358830	     -2.42801340	      0.11116595	      0.46358991	     -2.42801340	      0.07733371	      0.46358991	     -1.99954045	      0.06283322	      0.38880996	     -1.85671613	      0.03866347	      0.29534456	     -1.71389181	      0.48332049	      2.15687333	    -12.70953611	      0.00000000	      0.00000000	     15.70401346	     -0.18866264	     -8.04247009	      1.74177204	    -24.10356350	     11.49658777	    138.62884987	     85.59279114	     -8.33461643	      8.14926490	     -0.34158474	    -17.89232254	     13.41129805	     81.69118096	     88.73918434	     -2.22261152	     21.59821071
      2.53333333	      0.71453579	      2.57993998	     81.58028158	      0.24848960	      0.87701806	      0.70878083	     12.89528285	     -0.07765041	      4.19455324	     25.64271340	      0.44754978	     42.15839221	     -3.15363143	      0.00000000	      6.51335752	      1.08621476	     -0.43630335	     14.49646816	      0.25301110	     39.96417389	     -3.60168694	      0.00000000	      0.03612838	      0.22247281	     -2.39560180	      0.06709402	      0.29588884	     -2.54532691	      0.05935532	      0.54092040	     -2.54532691	      0.04129113	      0.54092040	     -2.09615157	      0.03354882	      0.45366656	     -1.94642646	      0.02064376	      0.34461039	     -1.79670135	      0.25806143	      2.51665695	    -13.32361853	      0.00000000	      0.00000000	     17.98580207	      0.09035502	     -7.39000206	      0.67578608	    -26.27645124	      7.56566748	    141.63549166	     86.70195100	     -7.17450658	      5.23211445	     -3.19173016	    -18.00345683	     11.71891458	     80.53629446	     88.63493001	     -3.72124674	     20.95010627
      2.55000000	      0.64357489	      2.22067208	     81.37881923	      0.24999366	      0.87755317	      0.70774331	     12.97973523	     -0.00119749	      4.33504596	     25.20932806	      0.43998578	     41.92872408	     -3.13441872	      0.00000000	      6.40798258	      1.00408846	     -0.78880334	     13.61875814	      0.23769217	     39.95338963	     -3.34904228	      0.00000000	      0.01221442	      0.24160813	     -2.44374813	      0.02268340	      0.32133881	     -2.59648239	      0.02006707	      0.58744600	     -2.59648239	      0.01395986	      0.58744600	     -2.13827961	      0.01134231	      0.49268730	     -1.98554536	      0.00697932	      0.37425099	     -1.83281110	      0.08724637	      2.73311947	    -13.59139397	      0.00000000	      0.00000000	     20.51869352	      0.46687730	     -7.29205983	      1.11430398	    -28.23159661	      3.60493243	    144.23155481	     86.89916655	     -7.62958056	      4.17069839	     -5.65448864	    -17.89218090	     10.18387564	     79.46527823	     88.43957368	     -4.05070293	     20.75347256
      2.56666667	      0.69305372	      1.85908853	     80.73820544	      0.25224783	      0.87860519	      0.70684520	     12.81943959	      0.29556105	      4.84307811	     24.33555721	      0.42473560	     41.18542259	     -3.10720152	      0.00000000	      6.17935824	      0.66559913	     -2.10945317	     12.66487686	      0.22104380	     39.59798278	     -2.58215295	      0.00000000	     -0.00607171	      0.26345246	     -2.28207637	     -0.01127577	      0.35039177	     -2.42470614	     -0.00997521	      0.64055831	     -2.42470614	     -0.00693936	      0.64055831	     -1.99681682	     -0.00563819	      0.53723226	     -1.85418705	     -0.00346937	      0.40808786	     -1.71155727	     -0.04336960	      2.98022692	    -12.69222413	      0.00000000	      0.00000000	     22.69947823	      0.66109702	     -8.61289459	      2.33038809	    -29.86665606	     -1.55015152	    146.05280444	     86.88665261	     -6.84548144	      4.46417916	     -7.38337868	    -17.63529194	      9.24100844	     77.85545542	     88.25260435	     -3.35848014	     19.42938910
      2.58333333	      0.42055307	      1.55461129	     80.22930884	      0.25521136	      0.87976953	      0.70641311	     12.61949233	      0.32504904	      5.58489883	     23.45184591	      0.40931193	     40.14589564	     -3.48324022	      0.00000000	      5.89208029	      0.61713710	     -3.54288305	     11.61699841	      0.20275487	     38.60385819	     -1.84031387	      0.00000000	     -0.01167721	      0.22302204	     -2.11591676	     -0.02168575	      0.29661931	     -2.24816156	     -0.01918450	      0.54225578	     -2.24816156	     -0.01334589	      0.54225578	     -1.85142717	     -0.01084346	      0.45478654	     -1.71918237	     -0.00667236	      0.34546113	     -1.58693757	     -0.08340917	      2.52286988	    -11.76809426	      0.00000000	      0.00000000	     24.53873490	      0.92951253	    -10.75573420	      4.40486905	    -30.93140401	     -6.86694143	    147.36962319	     86.39951267	     -5.71734768	      8.06983388	     -8.91612121	    -17.74347957	      8.37179559	     76.44923722	     88.04577714	     -3.06724227	     17.51589326
      2.60000000	      0.25427666	      1.24312719	     79.70567415	      0.25835919	      0.88110051	      0.70592555	     12.26884511	      0.45918357	      6.34594303	     22.32683072	      0.38967671	     38.78406798	     -3.83467616	      0.00000000	      5.57331562	      0.47249100	     -4.69677140	     10.65471632	      0.18595988	     37.21051191	     -1.54665453	      0.00000000	     -0.00097826	      0.18358008	     -1.89526703	     -0.00181672	      0.24416150	     -2.01372122	     -0.00160718	      0.44635660	     -2.01372122	     -0.00111805	      0.44635660	     -1.65835865	     -0.00090841	      0.37435650	     -1.53990446	     -0.00055898	      0.28436554	     -1.42145027	     -0.00698758	      2.07669456	    -10.54090665	      0.00000000	      0.00000000	     25.69048551	      0.81162608	    -13.81037100	      6.80813642	    -32.17443596	    -12.27971977	    147.91799595	     85.64726470	     -5.34751448	     12.00728378	    -10.02893815	    -17.90406816	      7.83080355	     75.03048047	     87.98638861	     -3.16908853	     15.17076083
      2.61666667	      0.14209852	      0.84520547	     79.03935706	      0.26189128	      0.88247362	      0.70512828	     11.86818907	      0.70565275	      7.36684372	     21.00935476	      0.36668241	     37.22019648	     -4.23420271	      0.00000000	      5.26470504	      0.25389344	     -5.73765633	      9.72065166	      0.16965738	     35.54832477	     -1.58867785	      0.00000000	      0.03199405	      0.14526100	     -1.56176965	      0.05941615	      0.19319713	     -1.65938026	      0.05256302	      0.35318760	     -1.65938026	      0.03656600	      0.35318760	     -1.36654845	      0.02970967	      0.29621623	     -1.26893784	      0.01828140	      0.22500929	     -1.17132724	      0.22853029	      1.64322149	     -8.68609428	      0.00000000	      0.00000000	     26.45281940	      0.02552155	    -17.93066895	      9.04026684	    -33.80486556	    -18.08745694	    147.94449898	     84.76482547	     -5.40873984	     15.94666773	    -10.64066431	    -18.41324793	      8.19484319	     73.76441564	     88.04383141	     -3.61885577	     12.53409378
      2.63333333	     -0.12193627	      0.31412907	     78.96402065	      0.26467657	      0.88364583	      0.70443153	     11.53899044	      0.60545305	      7.41539344	     19.55596620	      0.34131600	     35.71891917	     -4.02603376	      0.00000000	      5.29738450	      0.20198034	     -6.31626450	      9.09885579	      0.15880499	     33.69540996	     -1.48087459	      0.00000000	      0.09720207	      0.10087619	     -1.47811912	      0.18051397	      0.13416534	     -1.57050156	      0.15969329	      0.24527038	     -1.57050156	      0.11109225	      0.24527038	     -1.29335423	      0.09026185	      0.20570674	     -1.20097178	      0.05554127	      0.15625723	     -1.10858934	      0.69430470	      1.14113169	     -8.22085511	      0.00000000	      0.00000000	     27.17614787	     -0.24481773	    -20.66812034	     12.62815667	    -36.01317088	    -21.19728968	    146.20849797	     84.29268699	     -6.34626353	     16.46673093	    -11.65878874	    -18.97105926	      7.75324943	     73.35358340	     88.07129585	     -3.85242880	     11.95276407
      2.65000000	     -0.10680284	      0.07891184	     77.83697524	      0.26860383	      0.88517654	      0.70310139	     10.79519843	      1.04064669	      9.41548552	     18.03385939	      0.31475022	     34.03442554	     -4.80720973	      0.00000000	      4.47231628	      0.00684675	     -5.90509746	      7.76397609	      0.13550695	     31.50819990	     -3.35019156	      0.00000000	      0.10397198	      0.06844439	     -0.86868690	      0.19308637	      0.09103104	     -0.92297983	      0.17081557	      0.16641569	     -0.92297983	      0.11882958	      0.16641569	     -0.76010104	      0.09654838	      0.13957180	     -0.70580811	      0.05940959	      0.10602036	     -0.65151518	      0.74266148	      0.77425665	     -4.83137595	      0.00000000	      0.00000000	     27.09804108	     -3.45364142	    -28.47925331	     14.25031894	    -38.97211113	    -27.22187846	    144.94059191	     83.73678268	     -8.33662082	     18.41866996	    -11.23317873	    -19.77397283	      9.68511347	     72.77031661	     88.35108200	     -5.58043092	      9.60150004
      2.66666667	     -0.28586133	     -0.22918543	     77.48207552	      0.27149875	      0.88619138	      0.70260606	     10.22074652	      0.98922116	      9.78515305	     16.54077812	      0.28869104	     32.82283699	     -4.28071687	      0.00000000	      4.18769305	     -0.07927334	     -5.99277402	      7.04874679	      0.12302384	     29.72889210	     -3.46382130	      0.00000000	      0.13019858	      0.03554932	     -0.69546635	      0.24179178	      0.04728059	     -0.73893300	      0.21390325	      0.08643461	     -0.73893300	      0.14880396	      0.08643461	     -0.60853306	      0.12090240	      0.07249217	     -0.56506641	      0.07439547	      0.05506589	     -0.52159976	      0.92999544	      0.40214100	     -3.86797521	      0.00000000	      0.00000000	     27.42615509	     -4.90272432	    -32.87808611	     19.40171846	    -42.07640437	    -28.22274273	    141.16186118	     83.11424592	     -9.30447904	     17.97958667	    -11.72602687	    -20.35216257	      9.51359053	     73.27036801	     88.45513490	     -5.78101946	      9.95003913
      2.68333333	     -0.67374330	     -0.57903258	     76.71470673	      0.27429923	      0.88676591	      0.70187590	      9.84065291	      0.79345445	     10.71443056	     15.19148902	      0.26514150	     31.82807794	     -3.96736156	      0.00000000	      3.66259536	      0.35880719	     -1.28088605	      5.60800549	      0.09787816	     26.16293324	    -10.71829228	      0.00000000	      0.18291356	      0.00059163	     -0.48233000	      0.33968877	      0.00078687	     -0.51247563	      0.30050868	      0.00143849	     -0.51247563	      0.20905191	      0.00143849	     -0.42203875	      0.16985353	      0.00120646	     -0.39189313	      0.10451681	      0.00091644	     -0.36174750	      1.30653325	      0.00669266	     -2.68257478	      0.00000000	      0.00000000	     27.75038923	     -6.15529146	    -36.60466113	     26.30005772	    -45.55156704	    -26.12111640	    135.79493768	     80.90350340	    -11.55463002	     16.19522239	    -12.20921282	    -20.70543955	      9.06223711	     74.23361841	     88.54704725	     -5.65733592	     12.26630568
      2.70000000	     -1.23590479	     -0.89220868	     76.12718007	      0.27698734	      0.88709357	      0.70168680	      9.54160272	      0.37282694	     11.25951225	     13.90641285	      0.24271269	     31.07219754	     -3.42167712	      0.00000000	      3.67415010	      0.63741704	     -1.30137313	      5.15026921	      0.08988916	     24.60880688	    -10.99248270	      0.00000000	      0.22072378	     -0.05026012	     -0.29544368	      0.40990614	     -0.06684596	     -0.31390891	      0.36262710	     -0.12220245	     -0.31390891	      0.25226521	     -0.12220245	     -0.25851322	      0.20496411	     -0.10249043	     -0.24004799	      0.12612157	     -0.07785292	     -0.22158276	      1.57660791	     -0.56855252	     -1.64316912	      0.00000000	      0.00000000	     28.00008358	     -7.52928010	    -40.36486148	     35.21450956	    -48.23759154	    -22.25588634	    129.24228696	     80.06192995	    -11.29374416	     16.34329117	    -12.17059251	    -21.50975359	      9.51317784	     74.92068060	     88.51207046	     -5.92270735	     13.68400853
      2.71666667	     -1.86180426	     -1.37327209	     75.77467547	      0.27923384	      0.88679215	      0.70123328	      9.43799262	     -0.12831036	     11.46559813	     12.66346918	      0.22101923	     30.41970349	     -2.87376878	      0.00000000	      3.92655892	      1.02094587	     -0.02450337	      4.70338842	      0.08208961	     22.78622476	    -12.93015045	      0.00000000	      0.30833679	     -0.07750691	     -0.55601828	      0.57261226	     -0.10308420	     -0.59076942	      0.50656652	     -0.18845031	     -0.59076942	      0.35239812	     -0.18845031	     -0.48651599	      0.28632155	     -0.15805210	     -0.45176485	      0.17618364	     -0.12005821	     -0.41701371	      2.20241888	     -0.87677371	     -3.09240686	      0.00000000	      0.00000000	     28.18554291	     -7.21959683	    -40.13564737	     48.51987946	    -48.28592975	    -11.99441290	    119.90819901	     79.30524361	    -10.51661380	     15.76183283	    -14.13156576	    -21.13826448	      6.65473318	     75.97951282	     88.49477907	     -6.28594864	     15.35542536
      2.73333333	     -2.46265198	     -1.89696734	     75.33772266	      0.28108227	      0.88628143	      0.70144478	      9.47627699	     -0.58494305	     11.76010197	     11.49893396	      0.20069426	     29.72700216	     -2.56056014	      0.00000000	      4.43358535	      1.34515780	      0.33496055	      4.60902818	      0.08044272	     21.42126230	    -13.77210578	      0.00000000	      0.36152941	     -0.09715009	     -0.68836428	      0.67139627	     -0.12920962	     -0.73138705	      0.59395667	     -0.23621073	     -0.73138705	      0.41319197	     -0.23621073	     -0.60231875	      0.33571621	     -0.19810846	     -0.55929598	      0.20657791	     -0.15048549	     -0.51627321	      2.58236844	     -1.09898125	     -3.82847564	      0.00000000	      0.00000000	     28.25857791	     -7.58308803	    -40.92622670	     61.19667780	    -47.59125092	     -2.45981365	    109.70433894	     81.42344759	     -8.46220952	     16.55529612	    -15.00558827	    -21.05822832	      5.32840129	     76.04576857	     88.44479521	     -6.69837345	     15.41569222
      2.75000000	     -3.11383660	     -2.47181616	     75.47928808	      0.28201663	      0.88564827	      0.70213618	      9.62536044	     -1.16165007	     11.55459250	     10.37433288	      0.18106627	     29.17283302	     -2.54765400	      0.00000000	      5.26538629	      1.75658413	      0.69962585	      4.89202501	      0.08538194	     20.24851562	    -14.10618457	      0.00000000	      0.39173806	     -0.12484218	     -0.93688410	      0.72749676	     -0.16604010	     -0.99543935	      0.64358646	     -0.30354127	     -0.99543935	      0.44771743	     -0.30354127	     -0.81977358	      0.36376796	     -0.25457817	     -0.76121833	      0.22383913	     -0.19338053	     -0.70266307	      2.79814581	     -1.41223968	     -5.21066827	      0.00000000	      0.00000000	     28.28232316	     -7.63148895	    -41.50156170	     73.23953180	    -45.48094950	      6.75306521	     98.07107365	     85.30493488	     -5.41767068	     17.19175323	    -15.52410045	    -21.05412183	      4.38061428	     75.34803418	     88.38562256	     -7.23032218	     14.19315733
      2.76666667	     -3.63185071	     -3.25413284	     75.51176872	      0.28241211	      0.88479606	      0.70327051	     10.08644027	     -1.55634888	     11.38398434	      9.31412161	      0.16256209	     28.71180684	     -2.49709359	      0.00000000	      6.41835405	      2.00411954	      0.44842676	      5.41597770	      0.09452664	     19.44366257	    -13.90464441	      0.00000000	      0.40766103	     -0.12710979	     -1.04180990	      0.75706729	     -0.16905602	     -1.10692302	      0.66974630	     -0.30905474	     -1.10692302	      0.46591579	     -0.30905474	     -0.91158367	      0.37855403	     -0.25920228	     -0.84647055	      0.23293751	     -0.19689306	     -0.78135743	      2.91188196	     -1.43789135	     -5.79423414	      0.00000000	      0.00000000	     28.27386199	     -8.01089729	    -42.52995867	     84.22630193	    -43.30023006	     15.43289082	     85.63039010	     87.19419290	     -3.09011341	     18.31472191	    -15.07735910	    -21.06257164	      4.59877463	     73.85293729	     88.37172617	     -7.83504411	     13.04409404
      2.78333333	     -4.00100618	     -4.18679562	     75.90352668	      0.28177206	      0.88386787	      0.70439391	     10.69396437	     -1.86767575	     10.56893206	      8.27186901	      0.14437135	     28.53617672	     -2.01377699	      0.00000000	      7.82984094	      2.15391174	      0.26829869	      6.16056570	      0.10752216	     19.08764687	    -13.51082333	      0.00000000	      0.41620531	     -0.10498070	     -1.06765439	      0.77293487	     -0.13962433	     -1.13438279	      0.68378370	     -0.25525007	     -1.13438279	      0.47568104	     -0.25525007	     -0.93419759	      0.38648825	     -0.21407664	     -0.86746919	      0.23781971	     -0.16261510	     -0.80074079	      2.97291288	     -1.18756265	     -5.93797344	      0.00000000	      0.00000000	     28.24758574	     -8.38164740	    -43.36153076	     93.93726808	    -41.12347213	     23.73146533	     72.41590147	     87.88312360	     -2.11289588	     18.38967185	    -13.57569810	    -21.25624256	      6.49677613	     71.35792826	     88.38404547	     -8.75481943	     11.22839898
      2.80000000	     -4.38263767	     -5.17775792	     76.18397507	      0.28079710	      0.88280456	      0.70559946	     11.58052476	     -2.20828596	      9.05035969	      7.57495963	      0.13220799	     28.78257895	     -0.38575790	      0.00000000	      9.26769206	      2.33879317	      0.11243970	      6.78570585	      0.11843291	     19.09877596	    -13.22255492	      0.00000000	      0.42814219	     -0.07823826	     -0.92218355	      0.79510285	     -0.10405689	     -0.97982002	      0.70339480	     -0.19022852	     -0.97982002	      0.48932370	     -0.19022852	     -0.80691060	      0.39757283	     -0.15954347	     -0.74927413	      0.24464044	     -0.12119107	     -0.69163766	      3.05817682	     -0.88504690	     -5.12890823	      0.00000000	      0.00000000	     28.21915389	     -8.58070928	    -43.87443617	    102.64675138	    -39.34977354	     32.87391893	     58.96351520	     88.05372818	     -2.78019100	     18.48142102	    -11.06019041	    -21.57313713	     10.05293438	     68.19157646	     88.39073696	    -10.05207472	     10.28958651
      2.81666667	     -4.73888068	     -6.14493960	     76.44141595	      0.27961707	      0.88151442	      0.70682922	     12.58997551	     -2.53943571	      7.05510796	      7.19002660	      0.12548964	     29.39898424	      1.95311535	      0.00000000	     10.62965519	      2.54696861	      0.28181918	      7.27345823	      0.12694579	     19.64091766	    -13.22785660	      0.00000000	      0.44580425	     -0.04703071	     -0.63924999	      0.82790307	     -0.06255084	     -0.67920312	      0.73241180	     -0.11435046	     -0.67920312	      0.50950968	     -0.11435046	     -0.55934374	      0.41397383	     -0.09590501	     -0.51939062	      0.25473255	     -0.07285056	     -0.47943749	      3.18433517	     -0.53202075	     -3.55531668	      0.00000000	      0.00000000	     28.21417227	     -8.59331577	    -44.10561777	    110.58495347	    -37.63124744	     43.68853702	     45.10404469	     87.81290259	     -3.08347131	     18.54512450	     -7.71884802	    -21.85931705	     14.99376050	     64.57216387	     88.39699932	    -11.00800237	     10.74646557
      2.83333333	     -5.16736648	     -7.05780484	     76.84031265	      0.27842723	      0.88007135	      0.70806200	     13.69124260	     -3.01255643	      4.14030155	      7.12422336	      0.12434115	     30.29688340	      5.25735384	      0.00000000	     11.91255616	      2.87939472	      0.74373637	      7.57953809	      0.13228790	     20.46923140	    -13.35194696	      0.00000000	      0.47883669	     -0.03059222	     -0.26735861	      0.88924762	     -0.04068765	     -0.28406852	      0.78668080	     -0.07438192	     -0.28406852	      0.54726246	     -0.07438192	     -0.23393878	      0.44464775	     -0.06238365	     -0.21722887	      0.27360729	     -0.04738735	     -0.20051895	      3.42028262	     -0.34606530	     -1.48696836	      0.00000000	      0.00000000	     28.25207135	     -8.50646927	    -44.22890574	    117.84273510	    -35.65865912	     59.04287282	     30.53154879	     86.11443883	     -2.70099514	     17.09219094	     -3.85073154	    -21.93444544	     20.86325954	     60.68037254	     88.33701520	    -11.43566705	     12.29715976
      2.85000000	     -5.87592471	     -7.80536492	     77.22536494	      0.27822555	      0.87877273	      0.70950065	     14.78050222	     -3.71222376	      1.91743832	      7.29536917	      0.12732821	     31.12886426	      7.62630236	      0.00000000	     13.04820442	      3.47475767	      1.07834602	      7.71006635	      0.13456604	     21.22825363	    -13.34973789	      0.00000000	      0.52380293	     -0.07182389	      0.09888856	      0.97275441	     -0.09552577	      0.10506910	      0.86055583	     -0.17463260	      0.10506910	      0.59865436	     -0.17463260	      0.08652749	      0.48640340	     -0.14646327	      0.08034696	      0.29930099	     -0.11125520	      0.07416642	      3.74147192	     -0.81248619	      0.54998853	      0.00000000	      0.00000000	     28.30943104	     -8.04206526	    -44.28980517	    125.44574222	    -28.22559157	    151.57721432	      6.10592774	     13.92571243	      4.46837815	      5.61510673	     -0.21503803	    -21.96086334	     26.74270637	     56.89125336	     88.10390569	    -12.01613309	     13.82671714
      2.86666667	     -6.71002746	     -8.85380961	     77.89277367	      0.27835909	      0.87710853	      0.70885875	     15.92321408	     -4.42465695	      1.31789004	      7.31997528	      0.12775767	     31.63652242	      7.43599161	      0.00000000	     14.29773646	      4.19592178	      1.63067330	      7.61247127	      0.13286269	     21.85751396	    -13.19776772	      0.00000000	      0.65604898	     -0.14636787	      0.66570280	      1.21834857	     -0.19466927	      0.70730922	      1.07782287	     -0.35587884	      0.70730922	      0.74979838	     -0.35587884	      0.58248995	      0.60920709	     -0.29847336	      0.54088352	      0.37486639	     -0.22672383	      0.49927710	      4.68609228	     -1.65574263	      3.70243924	      0.00000000	      0.00000000	     28.38662443	     -8.00594006	    -44.47172128	    126.77339086	    -32.75769693	    150.42663300	      8.65902015	     15.21206675	      4.28219591	     12.33212373	      3.57082614	    -21.57517504	     33.26189745	     53.11906002	     87.79905752	    -11.04742295	     15.14765156
      2.88333333	     -7.54294002	     -9.68851431	     78.36008987	      0.27883989	      0.87525204	      0.70925372	     17.11184919	     -5.19319802	      0.09631040	      7.76581003	      0.13553895	     32.33867847	      8.30419150	      0.00000000	     15.40672276	      4.90716039	      1.55436934	      7.57859075	      0.13227136	     22.24395506	    -12.78985438	      0.00000000	      0.75095733	     -0.22162809	      1.03516386	      1.39460285	     -0.29476536	      1.09986160	      1.23374779	     -0.53886654	      1.09986160	      0.85826913	     -0.53886654	      0.90576838	      0.69733897	     -0.45194401	      0.84107064	      0.42909702	     -0.34330191	      0.77637290	      5.36401310	     -2.50710130	      5.75727085	      0.00000000	      0.00000000	     28.42790957	     -8.43997256	    -44.51607282	    122.04664321	    -35.93241431	     83.64216319	      6.16377446	     69.78632960	      5.03103474	     17.15177750	      6.04679635	    -21.15587329	     38.32920183	     50.07640686	     86.68317767	    -12.67975812	     14.44366806
      2.90000000	     -7.97049754	    -10.38524658	     79.11488462	      0.27796681	      0.87332213	      0.70981684	     18.13528404	     -5.70960056	     -0.73990225	      8.46398782	      0.14772446	     32.89808980	      8.24651909	      0.00000000	     16.39815994	      5.38834117	      1.62604690	      7.78431096	      0.13586186	     22.57360996	    -12.29179229	      0.00000000	      0.80895417	     -0.25603399	      1.21622903	      1.50230878	     -0.34052521	      1.29224335	      1.32903080	     -0.62252104	      1.29224335	      0.92455372	     -0.62252104	      1.06420040	      0.75119484	     -0.52210451	      0.98818609	      0.46223641	     -0.39659665	      0.91217177	      5.77827871	     -2.89630769	      6.76430100	      0.00000000	      0.00000000	     28.45193030	     -8.95415528	    -44.53443922	    121.12099185	    -37.30452040	     69.11149143	      4.76942705	     70.27776780	      4.07038473	     19.07377953	      7.31553712	    -20.54834194	     40.77068726	     48.00291755	     85.71491156	    -12.71632085	     13.38887180
      2.91666667	     -8.21137763	    -10.98152583	     79.89704760	      0.27655979	      0.87151751	      0.71092967	     19.12334504	     -6.08249035	     -1.09016670	      9.32711573	      0.16278888	     33.27707690	      7.51655407	      0.00000000	     17.35078678	      5.75498797	      1.54687677	      8.20506506	      0.14320540	     22.63981871	    -11.72979576	      0.00000000	      0.83891486	     -0.27198925	      1.29116543	      1.55794879	     -0.36174570	      1.37186327	      1.37825323	     -0.66131465	      1.37186327	      0.95879580	     -0.66131465	      1.12976975	      0.77901634	     -0.55464047	      1.04907192	      0.47935595	     -0.42131134	      0.96837408	      5.99228497	     -3.07679676	      7.18107479	      0.00000000	      0.00000000	     28.46378012	     -9.57324433	    -44.53635889	    120.46562117	    -38.62199456	     58.02051254	      5.25282802	     63.75138546	      1.94990921	     19.40107836	      8.15017292	    -20.14603529	     42.89404758	     46.58376539	     84.25348087	    -14.10146669	     11.34705398
      2.93333333	     -8.29792796	    -11.44789933	     80.66257692	      0.27509119	      0.87010411	      0.71184885	     19.95664031	     -6.35788847	     -1.42548895	     10.23488540	      0.17863245	     33.66135944	      7.03313622	      0.00000000	     18.07640531	      6.02759191	      1.81132408	      8.57447448	      0.14965281	     22.42012048	    -11.60675594	      0.00000000	      0.84582626	     -0.27754366	      1.29406167	      1.57078395	     -0.36913307	      1.37494052	      1.38960797	     -0.67481966	      1.37494052	      0.96669484	     -0.67481966	      1.13230396	      0.78543427	     -0.56596704	      1.05142510	      0.48330513	     -0.42991513	      0.97054625	      6.04165241	     -3.13962943	      7.19718277	      0.00000000	      0.00000000	     28.46919511	     -9.96949179	    -44.52792350	    120.35877823	    -40.31189308	     57.32709944	      7.50030502	     62.99540537	      2.00393430	     16.66623894	      8.28673185	    -19.76177502	     42.83421862	     45.98448085	     84.40627002	    -14.03553492	     10.18172740
      2.95000000	     -8.30084987	    -11.79448268	     81.51679147	      0.27394121	      0.86938556	      0.71242910	     20.45887337	     -6.55086718	     -1.52828467	     10.82962856	      0.18901268	     33.74933255	      6.26735475	      0.00000000	     18.61040072	      6.27311046	      2.38528187	      8.92314557	      0.15573827	     21.89623179	    -11.86031506	      0.00000000	      0.84086902	     -0.29064152	      1.24217325	      1.56157786	     -0.38655323	      1.31980907	      1.38146372	     -0.70666580	      1.31980907	      0.96102921	     -0.70666580	      1.08690159	      0.78083098	     -0.59267620	      1.00926576	      0.48047256	     -0.45020372	      0.93162993	      6.00624335	     -3.28779505	      6.90859495	      0.00000000	      0.00000000	     28.47193755	     -9.76976384	    -44.51022282	    123.09862679	    -42.60697861	     91.48862554	      9.72906869	     36.86556681	      1.99260071	     10.22667315	      8.52753108	    -19.77870325	     43.48182098	     45.49928923	     84.09954286	    -14.67432159	      7.30318352
      2.96666667	     -8.12247807	    -12.08121597	     82.16149428	      0.27280168	      0.86877784	      0.71248898	     20.87261094	     -6.54805551	     -1.60652121	     11.40938669	      0.19913136	     33.77834560	      5.83613460	      0.00000000	     18.99270085	      6.32720414	      3.14932835	      9.21297330	      0.16079672	     21.53676322	    -12.51417711	      0.00000000	      0.83798952	     -0.27175058	      1.25341727	      1.55623034	     -0.36142827	      1.33175585	      1.37673298	     -0.66073436	      1.33175585	      0.95773822	     -0.66073436	      1.09674011	      0.77815707	     -0.55415378	      1.01840153	      0.47882721	     -0.42094165	      0.94006295	      5.98567535	     -3.07409691	      6.97113081	      0.00000000	      0.00000000	     28.47369806	     -9.89442840	    -44.47998761	    127.23184520	    -43.33880301	    119.01306864	     11.22684883	     21.73206821	      1.52368548	      3.55900732	      8.84952956	    -19.63688115	     44.08521778	     45.37574495	     83.90517618	    -15.14861214	      5.68697905
      2.98333333	     -7.98058208	    -12.08528750	     82.60172034	      0.27242947	      0.86867276	      0.71214974	     20.94538188	     -6.52610384	     -1.49509558	     11.84903741	      0.20680472	     33.69143169	      5.48092014	      0.00000000	     18.99312874	      6.35273693	      3.54865593	      9.35449886	      0.16326680	     21.36297608	    -12.80257337	      0.00000000	      0.81545344	     -0.25909984	      1.22708873	      1.51437858	     -0.34460278	      1.30378177	      1.33970845	     -0.62997535	      1.30378177	      0.93198173	     -0.62997535	      1.07370263	      0.75723006	     -0.52835639	      0.99700959	      0.46595009	     -0.40134565	      0.92031654	      5.82470235	     -2.93098919	      6.82469936	      0.00000000	      0.00000000	     28.47391599	     -9.93822118	    -44.41629255	    128.71721335	    -43.47032893	    122.35348497	     11.89379952	     24.53018898	      0.32803827	     -0.08194212	      8.81268771	    -19.72598677	     43.85468306	     45.67934304	     83.88667149	    -15.32464686	      4.70167103
      3.00000000	     -7.74572143	    -11.89332716	     82.82510125	      0.27229139	      0.86889548	      0.71143077	     20.79420215	     -6.36836900	     -1.23500809	     12.22921530	      0.21344007	     33.49649338	      5.09110212	      0.00000000	     18.70956564	      6.23988305	      3.73684293	      9.37407657	      0.16360850	     21.22518353	    -13.00926568	      0.00000000	      0.79236088	     -0.23485922	      1.17452755	      1.47149339	     -0.31236277	      1.24793553	      1.30176969	     -0.57103672	      1.24793553	      0.90558925	     -0.57103672	      1.02771161	      0.73578631	     -0.47892493	      0.95430364	      0.45275501	     -0.36379694	      0.88089567	      5.65975453	     -2.65677452	      6.53236990	      0.00000000	      0.00000000	     28.47318313	     -9.81314888	    -44.31591921	    129.96240139	    -43.21182287	    125.94132505	     12.26623598	     27.12047440	     -0.52376251	     -2.15139780	      8.28143875	    -19.87341123	     42.63191809	     46.41143983	     83.99189906	    -15.22765110	      4.55264416
      3.01666667	     -7.42547983	    -11.34983334	     82.78220561	      0.27243254	      0.86962486	      0.71061156	     20.31686074	     -6.12120187	     -1.08213287	     12.62735547	      0.22038893	     33.39271309	      5.08963130	      0.00000000	     17.98734788	      5.99038330	      3.58343130	      9.24006769	      0.16126960	     21.09279047	    -12.97829368	      0.00000000	      0.73789670	     -0.20552564	      1.09413885	      1.37034796	     -0.27334910	      1.16252253	      1.21229049	     -0.49971504	      1.16252253	      0.84334214	     -0.49971504	      0.95737149	      0.68521088	     -0.41910789	      0.88898781	      0.42163418	     -0.31835922	      0.82060414	      5.27072235	     -2.32494715	      6.08527203	      0.00000000	      0.00000000	     28.46929977	     -9.30489735	    -44.14572485	    130.59073057	    -42.93598119	    126.75929768	     12.92155338	     27.88066287	     -0.73604796	     -2.86841256	      7.47047742	    -20.22214105	     41.14742060	     47.38866874	     83.65356456	    -15.50444385	      4.45605168
      3.03333333	     -7.01943531	    -10.76517458	     82.81593369	      0.27233421	      0.87058524	      0.70998801	     19.72605790	     -5.79077546	     -0.79946507	     12.88369689	      0.22486293	     33.15819540	      4.62842194	      0.00000000	     17.24463152	      5.67999000	      3.11132876	      9.10701621	      0.15894742	     20.81615510	    -12.74687315	      0.00000000	      0.69287501	     -0.17140401	      0.87172007	      1.28673817	     -0.22796733	      0.92620258	      1.13832435	     -0.41675171	      0.92620258	      0.79188684	     -0.41675171	      0.76275507	      0.64340373	     -0.34952706	      0.70827256	      0.39590878	     -0.26550481	      0.65379006	      4.94913688	     -1.93895645	      4.84824554	      0.00000000	      0.00000000	     28.46260937	     -8.37818171	    -43.73834891	    130.47194035	    -41.96329163	    128.56645131	     13.15206812	     30.72359612	     -3.06898409	     -4.60372752	      5.67514161	    -20.48421208	     37.17825122	     48.79508886	     84.70356447	    -14.65660523	      5.29920328
      3.05000000	     -6.49631617	     -9.96738430	     82.59695308	      0.27181757	      0.87171042	      0.70961388	     18.97606958	     -5.36024989	     -0.55719326	     13.15320833	      0.22956679	     33.07588910	      4.59394140	      0.00000000	     16.20362987	      5.26788570	      2.53678524	      8.79163616	      0.15344300	     20.71313910	    -12.65424342	      0.00000000	      0.62171546	     -0.11812334	      0.73278231	      1.15458778	     -0.15710404	      0.77858121	      1.02141633	     -0.28720509	      0.77858121	      0.71055860	     -0.28720509	      0.64118452	      0.57732498	     -0.24087711	      0.59538563	      0.35524821	     -0.18297305	      0.54958673	      4.44085136	     -1.33623484	      4.07551539	      0.00000000	      0.00000000	     28.45117192	     -7.42919143	    -42.77591407	    131.07704159	    -41.83533816	    127.91587835	     15.02003595	     31.49145644	     -3.67065926	     -5.86533507	      4.25934599	    -20.62838751	     34.32225026	     49.95184718	     84.78847501	    -14.83138181	      5.51854846
      3.06666667	     -7.02994155	     -9.55481040	     82.25697029	      0.27513578	      0.87339311	      0.70762326	     18.59858985	     -5.55355192	      1.25042063	     13.24717997	      0.23120691	     32.93244912	      2.80491351	      0.00000000	     15.46814935	      5.58781294	      1.11815734	      8.27308523	      0.14439258	     20.53021333	    -11.51089836	      0.00000000	      0.63176661	     -0.26792162	      0.91064338	      1.17325378	     -0.35633576	      0.96755860	      1.03792937	     -0.65142463	      0.96755860	      0.72204606	     -0.65142463	      0.79681296	      0.58665848	     -0.54634577	      0.73989775	      0.36099144	     -0.41501059	      0.68298254	      4.51264575	     -3.03078297	      5.06472531	      0.00000000	      0.00000000	     28.44466814	     -6.00610413	    -43.30417804	    118.04688637	    -52.73215366	     56.35606539	     37.17497632	     86.28752224	     -3.63588873	     16.60032456	      3.58382868	    -21.95725176	     32.81302617	     51.36290116	     86.03364116	    -13.42258005	      6.20985401
      3.08333333	     -6.89517427	     -8.62429836	     81.85137262	      0.27602746	      0.87482317	      0.70811242	     17.88720391	     -5.40102119	      1.76075915	     13.54033814	      0.23632348	     33.20274061	      2.80410475	      0.00000000	     14.42768986	      5.47492510	      0.21844639	      8.03432344	      0.14022540	     20.92946229	    -11.16894409	      0.00000000	      0.54455742	     -0.29404214	      0.80099356	      1.01129758	     -0.39107605	      0.85105566	      0.89465338	     -0.71493406	      0.85105566	      0.62237467	     -0.71493406	      0.70086936	      0.50567602	     -0.59961074	      0.65080727	      0.31116011	     -0.45547128	      0.60074517	      3.88971919	     -3.32626352	      4.45488588	      0.00000000	      0.00000000	     28.41710370	     -4.38021252	    -42.15809084	    114.40435679	    -54.06525208	     50.12271935	     43.48632821	     87.16738263	     -3.22638237	     19.97368702	      2.16826552	    -22.69437691	     29.94769885	     52.86425636	     86.34785452	    -13.80722146	      5.76809254
      3.10000000	     -6.74961650	     -7.47527884	     81.17493078	      0.27712738	      0.87637426	      0.70908187	     16.98352568	     -5.25599667	      2.08503452	     13.73522079	      0.23972483	     33.64856714	      3.41984330	      0.00000000	     13.20780816	      5.35510913	     -0.56458649	      7.82600779	      0.13658960	     21.58058512	    -11.18830792	      0.00000000	      0.43890211	     -0.31529395	      0.68423940	      0.81508510	     -0.41934095	      0.72700437	      0.72107227	     -0.76660571	      0.72700437	      0.50162122	     -0.76660571	      0.59870948	      0.40756450	     -0.64294742	      0.55594451	      0.25078866	     -0.48839033	      0.51317955	      3.13503386	     -3.56666822	      3.80553428	      0.00000000	      0.00000000	     28.37037298	     -2.34810845	    -39.77996500	    110.00157532	    -54.69023877	     43.75952565	     49.81544103	     87.75970696	     -2.86649224	     22.80098612	      0.67965502	    -23.34096408	     26.99603331	     54.25166982	     86.69940317	    -14.64565413	      4.64358427
      3.11666667	     -6.47159847	     -6.06675135	     80.02000824	      0.27809554	      0.87805661	      0.71042730	     15.88312858	     -5.01553323	      2.35632081	     13.90736958	      0.24272939	     34.10116424	      4.64676544	      0.00000000	     11.66563678	      5.14723633	     -1.25777192	      7.49699822	      0.13084730	     22.35877134	    -11.76978039	      0.00000000	      0.31059883	     -0.30484149	      0.61482882	      0.57681308	     -0.40543919	      0.65325562	      0.51028281	     -0.74119161	      0.65325562	      0.35498340	     -0.74119161	      0.53797522	      0.28842207	     -0.62163277	      0.49954842	      0.17747617	     -0.47219947	      0.46112162	      2.21857636	     -3.44842795	      3.41949345	      0.00000000	      0.00000000	     28.28959517	     -0.27002137	    -36.01528648	    105.57568025	    -54.73489271	     38.46227658	     56.09015399	     88.16661717	     -3.12104259	     25.01996132	     -0.61906875	    -23.62055066	     24.33841320	     55.16076611	     87.13057653	    -16.06793258	      2.58282733
      3.13333333	     -6.34460075	     -4.62787140	     78.96669228	      0.27950315	      0.87972863	      0.71195988	     14.77142691	     -5.03898867	      1.99857753	     14.09352229	      0.24597837	     34.65729251	      6.47802292	      0.00000000	     10.12483460	      5.13204749	     -1.62801873	      7.15612106	      0.12489787	     23.01094768	    -12.50275423	      0.00000000	      0.19100157	     -0.33689143	      0.52056442	      0.35470902	     -0.44806560	      0.55309970	      0.31379649	     -0.81911782	      0.55309970	      0.21829570	     -0.81911782	      0.45549387	      0.17736406	     -0.68698900	      0.42295859	      0.10913830	     -0.52184482	      0.39042332	      1.36430515	     -3.81098321	      2.89522316	      0.00000000	      0.00000000	     28.13438240	      1.72257134	    -32.67784201	     98.72577475	    -54.37606781	     29.52712428	     62.99946665	     88.53441477	     -0.85664380	     26.51706458	     -1.87349175	    -24.09836571	     21.72920415	     56.27114804	     87.46680141	    -17.49910807	      0.93058029
      3.15000000	     -6.04843231	     -3.13550389	     77.75593154	      0.28077026	      0.88139778	      0.71321332	     13.53366054	     -4.96684935	      1.50269722	     14.23147784	      0.24838615	     34.99380585	      8.46210025	      0.00000000	      8.42436760	      5.01083190	     -1.97035195	      6.69042204	      0.11676989	     23.46292700	    -13.30225376	      0.00000000	      0.07019591	     -0.35290087	      0.52431159	      0.13036083	     -0.46935816	      0.55708106	      0.11532486	     -0.85804317	      0.55708106	      0.08022691	     -0.85804317	      0.45877264	      0.06518392	     -0.71963545	      0.42600316	      0.04010994	     -0.54664345	      0.39323369	      0.50140237	     -3.99208521	      2.91606376	      0.00000000	      0.00000000	     27.84146474	      2.67092221	    -30.04169893	     91.35534500	    -54.23825582	     21.08250815	     70.38733629	     88.68775623	      1.13425867	     27.28160896	     -2.65203862	    -24.37728785	     19.94145226	     57.06684790	     87.82078929	    -18.81656805	     -0.61296358
      3.16666667	     -5.78349059	     -1.79893937	     76.66073119	      0.28205657	      0.88282204	      0.71404948	     12.44431484	     -4.94513790	      1.05826302	     14.48716829	      0.25284879	     35.19332623	      9.99236094	      0.00000000	      6.86430537	      4.94141779	     -2.33504348	      6.22666089	      0.10867573	     23.62186126	    -13.84506979	      0.00000000	     -0.01443918	     -0.38330381	      0.56695873	     -0.02681501	     -0.50979406	      0.60239365	     -0.02372213	     -0.93196488	      0.60239365	     -0.01650254	     -0.93196488	      0.49608888	     -0.01340822	     -0.78163313	      0.46065396	     -0.00825055	     -0.59373760	      0.42521904	     -0.10313763	     -4.33600934	      3.15325434	      0.00000000	      0.00000000	     27.35286743	      2.72253560	    -28.33320962	     82.84757393	    -54.13573633	     12.62914924	     78.10208511	     88.64269502	      1.72352649	     26.55937595	     -3.16867475	    -24.73025210	     18.95873172	     57.68257483	     88.10133893	    -20.06071372	     -2.10148206
      3.18333333	     -5.53221862	     -0.66185335	     75.83496339	      0.28318865	      0.88398349	      0.71434856	     11.47713288	     -4.93497957	      0.72024125	     14.78679460	      0.25807825	     35.30653278	     10.89458216	      0.00000000	      5.56013174	      4.88532460	     -2.75937274	      5.94546428	      0.10376793	     23.61809659	    -14.00971576	      0.00000000	     -0.06437064	     -0.42133862	      0.62404461	     -0.11954271	     -0.56038037	      0.66304739	     -0.10575452	     -1.02444273	      0.66304739	     -0.07356920	     -1.02444273	      0.54603903	     -0.05977458	     -0.85919372	      0.50703624	     -0.03678138	     -0.65265353	      0.46803345	     -0.45979304	     -4.76626677	      3.47074889	      0.00000000	      0.00000000	     26.84175730	      2.20941512	    -27.23182443	     73.36181021	    -53.82592082	      4.29132719	     85.83120271	     88.36631715	      0.55297323	     24.23791694	     -3.46371880	    -25.09999039	     18.66940183	     58.02249349	     88.31755494	    -20.96510070	     -3.45031686
      3.20000000	     -5.22774216	      0.24241389	     75.15859618	      0.28424700	      0.88486740	      0.71437873	     10.68106924	     -4.83777451	      0.38880592	     15.10360964	      0.26360772	     35.36728210	     11.53325538	      0.00000000	      4.58038188	      4.72785690	     -3.31981117	      5.94406576	      0.10374352	     23.68867953	    -13.85875684	      0.00000000	     -0.09068539	     -0.45519981	      0.74434572	     -0.16841185	     -0.60541575	      0.79086732	     -0.14898703	     -1.10677282	      0.79086732	     -0.10364434	     -1.10677282	      0.65130250	     -0.08421046	     -0.92824345	      0.60478090	     -0.05181763	     -0.70510451	      0.55825929	     -0.64775670	     -5.14931129	      4.13982758	      0.00000000	      0.00000000	     26.57550908	      1.37841951	    -26.59882759	     63.12547009	    -53.15977066	     -4.30021685	     93.50371970	     87.66359199	     -0.79156554	     21.42839192	     -3.33816707	    -25.50817695	     19.40707161	     58.07618808	     88.46366173	    -21.75093037	     -4.14124356
      3.21666667	     -4.92113233	      0.96943665	     74.70189196	      0.28513270	      0.88552913	      0.71433815	     10.04864126	     -4.69252953	      0.18597465	     15.46729630	      0.26995525	     35.47638987	     11.79841706	      0.00000000	      3.88855216	      4.52497866	     -3.97149718	      6.19872747	      0.10818820	     23.87008234	    -13.45403866	      0.00000000	     -0.10317271	     -0.48797205	      0.88959959	     -0.19160203	     -0.64900283	      0.94519956	     -0.16950244	     -1.18645524	      0.94519956	     -0.11791609	     -1.18645524	      0.77839964	     -0.09580617	     -0.99507260	      0.72279966	     -0.05895288	     -0.75586871	      0.66719969	     -0.73695232	     -5.52003742	      4.94768602	      0.00000000	      0.00000000	     26.46451752	      0.61450032	    -26.02963426	     52.40165004	    -51.90114435	    -12.65166136	    101.11824392	     85.75808119	     -2.75737991	     18.75621346	     -2.90663348	    -25.82468768	     20.75576182	     57.76536813	     88.55168202	    -22.33512287	     -4.32245688
      3.23333333	     -4.58407512	      1.60009865	     74.35652698	      0.28580891	      0.88596413	      0.71436112	      9.50655728	     -4.47037156	      0.25393248	     15.84934320	      0.27662322	     35.66255862	     11.75981570	      0.00000000	      3.35034934	      4.27269257	     -4.60269290	      6.59518138	      0.11510763	     24.28377310	    -12.97247606	      0.00000000	     -0.10419329	     -0.51289941	      1.04063875	     -0.19349736	     -0.68215622	      1.10567867	     -0.17117916	     -1.24706364	      1.10567867	     -0.11908251	     -1.24706364	      0.91055890	     -0.09675389	     -1.04590449	      0.84551898	     -0.05953605	     -0.79448119	      0.78047906	     -0.74424227	     -5.80202076	      5.78772051	      0.00000000	      0.00000000	     26.22387461	      0.19992552	    -25.15665865	     41.58581729	    -49.88648878	    -20.04972362	    108.47622800	     81.73745580	     -5.18359110	     16.45507435	     -2.41781784	    -25.91915317	     22.24713945	     57.17786419	     88.55442934	    -22.52868800	     -3.81062878
      3.25000000	     -4.11646380	      2.21300251	     74.38255456	      0.28587779	      0.88631612	      0.71465278	      8.90231484	     -4.13369681	      0.21801375	     16.19809635	      0.28271011	     35.89486560	     11.46708145	      0.00000000	      2.84391049	      3.92492634	     -4.73561601	      7.04507258	      0.12295971	     24.76467941	    -12.83322175	      0.00000000	     -0.09547769	     -0.50861543	      0.96403975	     -0.17731162	     -0.67645852	      1.02429223	     -0.15686030	     -1.23664755	      1.02429223	     -0.10912145	     -1.23664755	      0.84353478	     -0.08866058	     -1.03716858	      0.78328229	     -0.05455595	     -0.78784530	      0.72302981	     -0.68198760	     -5.75355943	      5.36169986	      0.00000000	      0.00000000	     25.57159040	      1.01508114	    -22.31798624	     32.56699158	    -46.27458856	    -24.45799683	    114.78594154	     79.15432961	     -6.63480829	     14.65362259	     -2.81924046	    -25.46907845	     22.11766296	     56.38541404	     88.56064881	    -22.30458427	     -3.08079483
      3.26666667	     -3.93266303	      3.00994549	     74.40339680	      0.28611236	      0.88667619	      0.71543117	      8.38277693	     -4.03655521	      0.90337227	     16.88490558	      0.29469720	     36.26440744	     10.48910756	      0.00000000	      2.32795184	      3.88432906	     -5.11291196	      7.66065790	      0.13370370	     25.50589239	    -12.41621585	      0.00000000	     -0.10246507	     -0.55692974	      1.06790137	     -0.19028787	     -0.74071655	      1.13464521	     -0.16833986	     -1.35411896	      1.13464521	     -0.11710732	     -1.35411896	      0.93441370	     -0.09514906	     -1.13569112	      0.86766986	     -0.05854854	     -0.86268416	      0.80092603	     -0.73189772	     -6.30010057	      5.93934705	      0.00000000	      0.00000000	     24.14450932	      1.07602018	    -22.17316006	     22.22090305	    -42.33828151	    -28.95653360	    120.48775332	     75.19530868	     -8.07857219	     12.73623849	     -1.97962675	    -25.42734307	     23.82367648	     55.31879635	     88.45898592	    -20.83261303	     -0.69451066
      3.28333333	     -3.69762172	      3.86019459	     74.79338726	      0.28583674	      0.88703841	      0.71649763	      7.76479807	     -3.90525971	      1.48467364	     17.56407194	      0.30655089	     36.51670372	      9.21513580	      0.00000000	      1.79453306	      3.83017183	     -5.04585151	      8.29757779	      0.14482005	     26.32042543	    -12.22343992	      0.00000000	     -0.09945576	     -0.58562716	      0.91271189	     -0.18469928	     -0.77888412	      0.96975638	     -0.16339586	     -1.42389387	      0.96975638	     -0.11366798	     -1.42389387	      0.79862290	     -0.09235461	     -1.19421090	      0.74157841	     -0.05682902	     -0.90713646	      0.68453392	     -0.71040251	     -6.62473151	      5.07622971	      0.00000000	      0.00000000	     21.94738586	      2.11217247	    -20.06578366	     14.35664234	    -37.29967930	    -29.61838981	    124.06566631	     74.69161897	     -7.48687000	     12.45900653	     -2.06036566	    -24.99805053	     23.89655098	     54.11264710	     88.35852794	    -19.54106567	      1.50260823
      3.30000000	     -3.44060895	      4.80359633	     74.98433303	      0.28522308	      0.88744169	      0.71780995	      7.20557444	     -3.85472722	      1.73158225	     18.42924773	      0.32165105	     36.80365377	      8.66065031	      0.00000000	      1.19041236	      3.82755696	     -4.93782579	      8.91170692	      0.15553863	     27.15358499	    -12.41344716	      0.00000000	     -0.10124267	     -0.60325648	      0.72492132	     -0.18801776	     -0.80233112	      0.77022890	     -0.16633158	     -1.46675781	      0.77022890	     -0.11571025	     -1.46675781	      0.63430616	     -0.09401394	     -1.23016062	      0.58899857	     -0.05785006	     -0.93444429	      0.54369099	     -0.72316626	     -6.82415798	      4.03179491	      0.00000000	      0.00000000	     18.99518642	      2.84683503	    -17.85959435	      7.95889068	    -32.45452494	    -27.36239366	    125.06967981	     74.79417790	     -6.86066188	     12.88679454	     -2.25448382	    -24.24507750	     23.69847048	     52.47576583	     88.15827671	    -19.15364189	      2.88511244
      3.31666667	     -3.19945692	      5.63776432	     75.98995243	      0.28428696	      0.88777467	      0.71952668	      6.65881028	     -3.49962895	      3.06146556	     19.20595632	      0.33520717	     36.73157615	      5.39702288	      0.00000000	      0.80852840	      3.76099883	     -4.00409625	      9.58494746	      0.16728889	     27.98070298	    -12.45946995	      0.00000000	     -0.10486048	     -0.63449805	      0.23691990	     -0.19473640	     -0.84388241	      0.25172739	     -0.17227529	     -1.54271856	      0.25172739	     -0.11984505	     -1.54271856	      0.20730491	     -0.09737344	     -1.29386842	      0.19249742	     -0.05991728	     -0.98283748	      0.17768992	     -0.74900794	     -7.17756883	      1.31767738	      0.00000000	      0.00000000	     16.21388492	      4.14762176	    -14.82453632	      3.94053943	    -27.46880030	    -22.37167929	    122.70737975	     76.02843573	     -5.68064820	     14.10782842	     -3.09915657	    -23.80685288	     21.99600053	     51.57510775	     88.02435450	    -16.97694715	      5.86855250
      3.33333333	     -2.94164488	      6.40935453	     76.72224270	      0.28294795	      0.88804443	      0.72138176	      6.34745320	     -3.21985136	      3.88213567	     20.13777441	      0.35147047	     36.83265983	      3.24019187	      0.00000000	      0.50712111	      3.71127029	     -3.06223155	     10.21975116	      0.17836831	     28.85576646	    -12.66314291	      0.00000000	     -0.11858097	     -0.65401514	     -0.24348774	     -0.22021672	     -0.86984013	     -0.25870572	     -0.19481668	     -1.59017241	     -0.25870572	     -0.13552619	     -1.59017241	     -0.21305177	     -0.11011429	     -1.33366767	     -0.19783379	     -0.06775717	     -1.01306945	     -0.18261580	     -0.84701202	     -7.39835005	     -1.35420574	      0.00000000	      0.00000000	     13.51968493	      4.81630570	    -12.00634183	      1.56375007	    -23.40671241	    -15.99914601	    116.87047320	     76.94056837	     -5.70068710	     14.06376614	     -3.64463102	    -23.21293678	     21.09310722	     49.81354415	     87.66280590	    -16.29507645	      6.85977118
      3.35000000	     -2.70560650	      7.03619363	     77.47637883	      0.28116526	      0.88799669	      0.72320406	      6.28598009	     -2.96814370	      4.47458655	     21.18560528	      0.36975857	     37.14134970	      1.40760528	      0.00000000	      0.36332938	      3.67114218	     -2.04053705	     10.81104009	      0.18868825	     29.85577623	    -12.66149811	      0.00000000	     -0.14171248	     -0.66516266	     -0.76869705	     -0.26317424	     -0.88466634	     -0.81674061	     -0.23281943	     -1.61727650	     -0.81674061	     -0.16196319	     -1.61727650	     -0.67260992	     -0.13159420	     -1.35639970	     -0.62456635	     -0.08097451	     -1.03033697	     -0.57652279	     -1.01223804	     -7.52445309	     -4.27526237	      0.00000000	      0.00000000	     11.48246570	      5.02400188	     -9.25754604	      0.70135947	    -19.96219910	     -9.42796665	    107.88179924	     77.95179822	     -5.63303890	     13.61817549	     -3.85099606	    -22.65990425	     21.17789350	     47.31685150	     87.07376101	    -16.07374352	      6.81123512
      3.36666667	     -2.45621633	      7.45185758	     78.16862511	      0.27929472	      0.88746582	      0.72477055	      6.46614777	     -2.62071505	      5.21943490	     22.22362035	      0.38787535	     37.52666927	     -0.55295252	      0.00000000	      0.43965581	      3.58548549	     -1.01801328	     11.41929842	      0.19930436	     30.90644603	    -12.59222344	      0.00000000	     -0.16296887	     -0.66478550	     -1.31394364	     -0.30264948	     -0.88416472	     -1.39606511	     -0.26774155	     -1.61635947	     -1.39606511	     -0.18625712	     -1.61635947	     -1.14970068	     -0.15133289	     -1.35563060	     -1.06757920	     -0.09312041	     -1.02975275	     -0.98545773	     -1.16407031	     -7.52018658	     -7.30776032	      0.00000000	      0.00000000	     10.33099196	      5.21327396	     -6.59891494	      1.00552972	    -17.15236622	     -2.80908808	     96.00071971	     79.95869848	     -5.81567048	     12.50870658	     -3.76158607	    -21.99035536	     22.08230889	     43.90732124	     86.54288209	    -15.98197826	      5.73083916
      3.38333333	     -2.30078205	      7.67860704	     78.79464990	      0.27735117	      0.88639808	      0.72604608	      6.90742770	     -2.32672463	      6.01025734	     23.28557360	      0.40640993	     38.07129215	     -2.30021482	      0.00000000	      0.68782529	      3.56682619	     -0.12836437	     11.96493644	      0.20882754	     31.88724195	    -12.36557010	      0.00000000	     -0.17975575	     -0.66617001	     -1.79723246	     -0.33382440	     -0.88600612	     -1.90955949	     -0.29532072	     -1.61972577	     -1.90955949	     -0.20544285	     -1.61972577	     -1.57257840	     -0.16692119	     -1.35845389	     -1.46025137	     -0.10271244	     -1.03189735	     -1.34792434	     -1.28397735	     -7.53584844	     -9.99566777	      0.00000000	      0.00000000	     10.16966671	      5.51265119	     -4.36851905	      2.29622491	    -15.02015661	      4.12086450	     81.37392882	     83.11625823	     -6.83128236	     10.49452064	     -2.98028425	    -21.25167799	     24.65519991	     39.49531487	     86.08347156	    -16.04240797	      4.16947832
      3.40000000	     -2.24749169	      7.74762850	     79.42878234	      0.27537965	      0.88457323	      0.72700648	      7.58769397	     -2.11853642	      6.70674570	     24.43513384	      0.42647354	     38.85505134	     -3.73004749	      0.00000000	      1.04213940	      3.62023779	      0.58897404	     12.39830706	      0.21639128	     32.84649565	    -11.97909757	      0.00000000	     -0.19444184	     -0.66894995	     -2.16337431	     -0.36109793	     -0.88970344	     -2.29858521	     -0.31944849	     -1.62648492	     -2.29858521	     -0.22222757	     -1.62648492	     -1.89295252	     -0.18055869	     -1.36412274	     -1.75774163	     -0.11110407	     -1.03620348	     -1.62253074	     -1.38887859	     -7.56729566	    -12.03203892	      0.00000000	      0.00000000	     11.14085104	      5.92606921	     -2.72453890	      4.97518221	    -13.36117291	     12.57604892	     63.91854238	     85.30473566	     -9.21014050	      7.46617537	     -1.34075264	    -20.37156100	     29.25358382	     34.26990307	     85.71508669	    -16.23820309	      2.62061818
      3.41666667	     -2.13024102	      7.50374015	     79.89611537	      0.27304727	      0.88114108	      0.72722870	      8.65463892	     -1.80924152	      7.45529095	     25.72732227	      0.44902648	     39.96178858	     -4.83856489	      0.00000000	      1.69198984	      3.58608979	      1.08450496	     12.91399832	      0.22539179	     34.06319195	    -11.58910229	      0.00000000	     -0.18936125	     -0.62179058	     -2.27990228	     -0.35166278	     -0.82698147	     -2.42239617	     -0.31110160	     -1.51182160	     -2.42239617	     -0.21642098	     -1.51182160	     -1.99491449	     -0.17584086	     -1.26795534	     -1.85242060	     -0.10820102	     -0.96315360	     -1.70992671	     -1.35258850	     -7.03381935	    -12.68013249	      0.00000000	      0.00000000	     13.50642952	      5.79484994	     -1.85720125	      8.87141215	    -11.90374470	     24.26400726	     44.77917769	     84.26918524	    -12.64885185	      4.36616862	      1.24588826	    -19.03177024	     36.67006009	     28.83432004	     84.58023229	    -16.61664329	      1.70908118
      3.43333333	     -1.57603844	      6.80103143	     80.02263911	      0.26858772	      0.87510917	      0.72671308	     10.32761625	     -1.22310745	      7.70454546	     27.38477351	      0.47795446	     41.43003389	     -4.96837021	      0.00000000	      2.96688790	      3.17576030	      1.35044497	     13.97615670	      0.24392995	     36.15908374	    -11.30866472	      0.00000000	     -0.17742447	     -0.42504921	     -2.06792720	     -0.32949499	     -0.56531545	     -2.19717265	     -0.29149066	     -1.03346466	     -2.19717265	     -0.20277843	     -1.03346466	     -1.80943630	     -0.16475636	     -0.86676036	     -1.68019085	     -0.10138034	     -0.65840123	     -1.55094540	     -1.26732526	     -4.80824171	    -11.50119072	      0.00000000	      0.00000000	     17.68512254	      3.84417147	     -0.90099007	     12.39352066	    -11.65322508	     42.32340459	     29.07084882	     72.62152651	    -13.83252534	      2.67895271	      5.22293703	    -16.63490957	     50.07936297	     23.29943460	     78.91734301	    -17.09522298	      0.58559336
      3.45000000	     -0.20678650	      5.70998153	     80.23482405	      0.26188423	      0.86955888	      0.72571020	     11.89701063	     -0.05220184	      7.11701039	     28.35366045	      0.49486473	     42.39267655	     -4.46212790	      0.00000000	      4.57838878	      2.02748689	      2.08034303	     15.24911754	      0.26614731	     38.15817943	    -11.47771772	      0.00000000	     -0.13290035	     -0.05845468	     -1.95877625	     -0.24680924	     -0.07774473	     -2.08119976	     -0.21834198	     -0.14212672	     -2.08119976	     -0.15189181	     -0.14212672	     -1.71392922	     -0.12341126	     -0.11920079	     -1.59150570	     -0.07593926	     -0.09054630	     -1.46908219	     -0.94929389	     -0.66125106	    -10.89412586	      0.00000000	      0.00000000	     22.12110734	      0.91099593	      2.26310302	     19.21522891	     -8.97296265	    119.62962718	     11.55664071	      5.05472422	     -7.26467220	     -6.33080102	     11.63630400	     -7.66200394	    144.29214131	      2.78164471	      2.34509967	    -10.53999222	     -7.01680010
      3.46666667	      1.03254041	      4.57779020	     80.25437160	      0.25565509	      0.86366720	      0.72541866	     13.55530352	      1.00319463	      6.64870901	     29.27998349	      0.51103212	     43.28909166	     -3.84942369	      0.00000000	      6.40379281	      0.96968844	      2.63582939	     16.77132150	      0.29271478	     40.08801804	    -11.68110912	      0.00000000	     -0.08305449	      0.27583373	     -1.71885215	     -0.15424048	      0.36685886	     -1.82628041	     -0.13645021	      0.67066214	     -1.82628041	     -0.09492297	      0.67066214	     -1.50399563	     -0.07712440	      0.56248015	     -1.39656737	     -0.04745733	      0.42726645	     -1.28913911	     -0.59324988	      3.12028634	     -9.55973998	      0.00000000	      0.00000000	     26.41846087	     -1.61800090	      5.11150258	     17.32815851	    -11.27489047	    121.61120724	     12.13632727	      5.66082213	     -6.96322368	     -3.02210250	     12.58697158	     -5.24217701	    144.63428806	      3.27672870	      2.73717137	    -10.53599678	     -5.21966458
      3.48333333	      1.88945953	      3.88679401	     80.61354186	      0.25126155	      0.86125234	      0.72496253	     14.24005977	      1.61126121	      5.97293547	     29.21062493	      0.50982158	     43.61531296	     -3.40806067	      0.00000000	      7.29301474	      0.21782255	      3.06820000	     17.26008389	      0.30124529	     41.00293215	    -11.18242494	      0.00000000	      0.00934204	      0.48643138	     -1.64209782	      0.01734911	      0.64695374	     -1.74472894	      0.01534805	      1.18270926	     -1.74472894	      0.01067702	      1.18270926	     -1.43683560	      0.00867502	      0.99193087	     -1.33420448	      0.00533804	      0.75348221	     -1.23157337	      0.06672929	      5.50260908	     -9.13285547	      0.00000000	      0.00000000	     27.67858079	     -2.89083444	      7.53193775	     16.22571104	    -12.62087404	    124.52412361	     12.45304452	      5.95305374	     -6.30045479	     -1.74680275	     12.83680056	     -3.80502926	    143.67563340	      3.36703485	      2.62454834	    -10.25366869	     -4.26442585
      3.50000000	      1.78206129	      3.81557733	     80.94799479	      0.24888415	      0.86170851	      0.72533963	     14.24609034	      1.32660942	      5.86402994	     28.84132522	      0.50337609	     43.54307442	     -3.51790338	      0.00000000	      7.28882856	      0.43198064	      3.32541957	     16.97938299	      0.29634614	     40.65502153	    -10.78348597	      0.00000000	      0.05414633	      0.49142475	     -1.51389979	      0.10055514	      0.65359492	     -1.60851853	      0.08895700	      1.19485014	     -1.60851853	      0.06188384	      1.19485014	     -1.32466232	      0.05028028	      1.00211335	     -1.23004358	      0.03093921	      0.76121694	     -1.13542484	      0.38676180	      5.55909506	     -8.41985646	      0.00000000	      0.00000000	     27.93586827	     -3.00929949	      7.72726373	     15.70823165	    -13.00971406	    124.89738137	     12.84872969	      6.09833388	     -6.09468020	     -1.56089116	     13.15360657	     -3.42836584	    143.32322587	      3.13470561	      2.36300495	    -10.20683382	     -4.25088572
      3.51666667	      1.13286322	      4.07546517	     80.45009626	      0.24899241	      0.86466624	      0.72516737	     13.57942624	      0.64726834	      6.52187954	     27.78567060	      0.48495144	     42.99065950	     -3.45750873	      0.00000000	      5.76275404	      1.10257874	      2.97354214	     14.45752500	      0.25233141	     39.10843352	    -10.55623637	      0.00000000	      0.08128557	      0.38723415	     -1.29398898	      0.15095543	      0.51502142	     -1.37486329	      0.13354406	      0.94152112	     -1.37486329	      0.09290127	      0.94152112	     -1.13224036	      0.07548178	      0.78964788	     -1.05136605	      0.04644657	      0.59982570	     -0.97049173	      0.58061468	      4.38047016	     -7.19677851	      0.00000000	      0.00000000	     27.87584937	     -2.82962081	      7.11830457	     15.90741215	    -12.56521898	    126.07779935	     12.84634148	      5.92893090	     -4.90127104	     -2.32052952	     13.26393628	     -3.85583977	    139.03372888	      3.30068062	      2.09389063	     -9.12135033	     -5.37133582
      3.53333333	      0.54687727	      4.45355601	     80.69270393	      0.24888926	      0.86845659	      0.72622690	     12.68084911	     -0.06407438	      6.62920234	     26.62564216	      0.46470512	     41.94275204	     -4.05654606	      0.00000000	      4.63101155	      1.73760206	      3.32188243	     12.89025345	      0.22497736	     37.13226560	    -10.62905379	      0.00000000	      0.05864534	      0.24778974	     -1.14952582	      0.10891027	      0.32956036	     -1.22137118	      0.09634843	      0.60247598	     -1.22137118	      0.06702576	      0.60247598	     -1.00583509	      0.05445807	      0.50529284	     -0.93398973	      0.03350995	      0.38382631	     -0.86214437	      0.41889782	      2.80304713	     -6.39331775	      0.00000000	      0.00000000	     27.67928977	     -1.98150788	      5.38318522	     16.60462103	    -12.02722066	    123.89863079	     13.46439028	      5.88933504	     -4.18710654	     -4.21622660	     13.78130452	     -4.53492848	    136.89600054	      3.23695121	      1.84089872	     -8.08514935	     -7.29620277
      3.55000000	      0.14578183	      4.76750966	     81.47331965	      0.24840032	      0.87265186	      0.72747772	     11.62144210	     -0.71464409	      5.95418515	     25.23823734	      0.44049034	     40.58503416	     -4.57207094	      0.00000000	      3.79554483	      2.10107350	      3.47433523	     11.84744995	      0.20677701	     35.17600140	    -10.06981874	      0.00000000	      0.03398929	      0.11743310	     -1.12403171	      0.06312152	      0.15618603	     -1.19428369	      0.05584101	      0.28552685	     -1.19428369	      0.03884636	      0.28552685	     -0.98352774	      0.03156246	      0.23946958	     -0.91327576	      0.01942148	      0.18190388	     -0.84302378	      0.24278213	      1.32842675	     -6.25152714	      0.00000000	      0.00000000	     27.22549026	     -0.48829948	      3.87805822	     17.78988991	    -11.50394280	    121.54774481	     14.64796541	      5.92896490	     -3.31648876	     -7.85632040	     14.26671132	     -5.19219808	    136.30641869	      2.81211988	      1.49896689	     -7.28074613	     -9.92714741
      3.56666667	      0.71006754	      4.30473857	     81.88637049	      0.24470867	      0.87451810	      0.72690916	     11.22472706	     -0.59244292	      4.49637041	     23.98455051	      0.41860938	     39.35774480	     -3.93901712	      0.00000000	      3.83960486	      1.69497440	      4.81767894	     11.43873496	      0.19964359	     33.90055357	    -11.51351006	      0.00000000	      0.07911010	      0.18496256	     -0.64410111	      0.14691536	      0.24600020	     -0.68435743	      0.12996998	      0.44971796	     -0.68435743	      0.09041493	      0.44971796	     -0.56358847	      0.07346164	      0.37717565	     -0.52333215	      0.04520351	      0.28650700	     -0.48307584	      0.56507552	      2.09233344	     -3.58229716	      0.00000000	      0.00000000	     27.26213530	     -1.46788348	      1.19453082	      7.45730291	    -18.78961269	     49.28787917	     34.01945399	     68.65753965	     -9.62650635	      6.11974770	     15.72659748	     -4.33295256	    134.86044623	      3.58488721	      1.51235713	     -5.85607885	    -13.26330838
      3.58333333	      0.71353858	      4.22311191	     82.56439226	      0.24286793	      0.87721552	      0.72745605	     10.57613162	     -0.98579851	      2.82607654	     22.87622221	      0.39926540	     38.14881212	     -3.10552587	      0.00000000	      3.75332618	      1.65618353	      4.73407838	     11.25275640	      0.19639765	     32.76494377	    -11.19208279	      0.00000000	      0.08881194	      0.13736481	     -0.39992540	      0.16493266	      0.18269519	     -0.42492074	      0.14590914	      0.33398879	     -0.42492074	      0.10150317	      0.33398879	     -0.34993473	      0.08247077	      0.28011431	     -0.32493939	      0.05074714	      0.21277808	     -0.29994405	      0.63437481	      1.55389815	     -2.22426510	      0.00000000	      0.00000000	     26.98596868	     -1.26084532	     -0.94194259	      4.58174123	    -20.17794506	     40.12062371	     42.96530060	     74.17639996	     -9.93974114	      6.79156105	     16.92157404	     -4.29768715	    133.93445704	      4.03767577	      1.43904495	     -4.28041875	    -17.12127772
      3.60000000	      1.02754621	      4.12478070	     83.28223096	      0.24056951	      0.87938648	      0.72802832	      9.93814163	     -0.95998581	      1.47220590	     21.85995736	      0.38152823	     36.76859955	     -3.01466442	      0.00000000	      3.78318757	      1.32996391	      4.82384568	     11.27439641	      0.19677534	     32.04619541	    -10.98953646	      0.00000000	      0.09438680	      0.14728058	     -0.31357391	      0.17528573	      0.19588317	     -0.33317228	      0.15506808	      0.35809800	     -0.33317228	      0.10787468	      0.35809800	     -0.27437718	      0.08764759	      0.30033456	     -0.25477881	      0.05393262	      0.22813762	     -0.23518044	      0.67419550	      1.66606738	     -1.74400404	      0.00000000	      0.00000000	     26.71583645	     -0.68499674	     -1.05796971	      2.89300133	    -21.94355027	     35.60135468	     52.29616516	     74.04459676	    -11.05573341	      5.73176941	     17.67170378	     -3.91231289	    134.31489225	      3.61537556	      1.30916126	     -3.37452998	    -20.98900722
      3.61666667	      1.07000978	      4.10756812	     83.78706772	      0.23807431	      0.88084646	      0.72889773	      9.48982103	     -1.44625290	     -0.89009079	     21.24431494	      0.37078324	     36.10212970	     -0.75947612	      0.00000000	      3.87554736	      1.37058075	      5.03442681	     11.44642027	      0.19977772	     31.41869598	    -11.41482577	      0.00000000	      0.09098778	      0.14377326	     -0.15396506	      0.16897341	      0.19121844	     -0.16358787	      0.14948383	      0.34957030	     -0.16358787	      0.10398993	      0.34957030	     -0.13471943	      0.08449125	      0.29318243	     -0.12509661	      0.05199042	      0.22270478	     -0.11547379	      0.64991662	      1.62639187	     -0.85630746	      0.00000000	      0.00000000	     26.50255854	     -1.07058252	     -1.45350445	      0.65847847	    -22.60031227	     27.90973744	     62.52830806	     79.00880101	    -11.44017824	      8.71721330	     18.48955787	     -3.08787094	    137.72930802	      1.98290579	      1.08957104	     -1.00188743	    -22.64550696
      3.63333333	      1.36731525	      4.22636814	     84.18989127	      0.23549982	      0.88219843	      0.73013314	      8.95982802	     -1.56212070	     -2.73434297	     20.72147795	      0.36165802	     35.39423556	      0.89942150	      0.00000000	      3.80479044	      1.18168005	      5.34917408	     11.54351257	      0.20147230	     30.99746297	    -11.86553166	      0.00000000	      0.06634881	      0.18598330	     -0.11092996	      0.12321637	      0.24735779	     -0.11786308	      0.10900445	      0.45219979	     -0.11786308	      0.07583005	      0.45219979	     -0.09706372	      0.06161150	      0.37925714	     -0.09013059	      0.03791171	      0.28808813	     -0.08319747	      0.47392289	      2.10388026	     -0.61695917	      0.00000000	      0.00000000	     26.13558104	     -1.16536523	     -0.28947257	      0.49307864	    -23.19178892	     23.32562287	     71.56793050	     79.23302662	    -12.04694140	     10.70441807	     19.29988924	     -2.29896335	    141.10572989	      1.01765019	      0.98591794	     -1.49224033	    -23.53189600
      3.65000000	      1.67785495	      4.39892179	     84.47507518	      0.23348979	      0.88335368	      0.73174786	      8.49568683	     -1.51625443	     -3.95797579	     20.32724675	      0.35477738	     34.79966941	      1.94285377	      0.00000000	      3.73704886	      0.95189960	      5.55868517	     11.71199430	      0.20441286	     30.72177666	    -12.02142794	      0.00000000	      0.03315886	      0.22837768	     -0.05778593	      0.06157931	      0.30374231	     -0.06139755	      0.05447669	      0.55527749	     -0.06139755	      0.03789726	      0.55527749	     -0.05056269	      0.03079132	      0.46570777	     -0.04695107	      0.01894697	      0.35375703	     -0.04333945	      0.23685041	      2.58345400	     -0.32138800	      0.00000000	      0.00000000	     25.67227976	     -1.35910356	      0.85204108	      1.60945353	    -23.27940200	     19.39410886	     79.50891625	     77.78055138	    -12.12244702	     13.02734892	     20.29080867	     -1.63533779	    143.73897357	      0.66154530	      0.99491677	     -2.58226546	    -23.89999429
      3.66666667	      1.77501912	      4.62545784	     84.88527696	      0.23180072	      0.88453722	      0.73349462	      8.02660142	     -1.78495748	     -5.83169275	     20.02559138	      0.34951250	     34.47803694	      3.89216722	      0.00000000	      3.60078295	      0.97567953	      6.22757424	     11.76746127	      0.20538094	     30.22952656	    -12.47463365	      0.00000000	     -0.01145775	      0.23451164	      0.01586190	     -0.02127819	      0.31190048	      0.01685327	     -0.01882394	      0.57019159	      0.01685327	     -0.01309506	      0.57019159	      0.01387916	     -0.01063967	      0.47821613	      0.01288779	     -0.00654696	      0.36325853	      0.01189642	     -0.08184156	      2.65284254	      0.08821911	      0.00000000	      0.00000000	     25.16230055	     -1.28499994	      1.21534923	      3.55480625	    -22.78249966	     15.56324736	     86.17923367	     75.90543237	    -11.29842179	     14.28969180	     21.07784602	     -0.87800874	    150.70569122	      0.42831071	      1.04458027	    -12.90200579	    -23.90349742
      3.68333333	      1.77205928	      4.85724614	     85.18346586	      0.23137635	      0.88558214	      0.73526015	      7.66177639	     -1.89073195	     -6.55226672	     19.86746370	      0.34675266	     34.09259029	      4.37435678	      0.00000000	      3.47511807	      1.01429022	      6.65313478	     11.87385786	      0.20723791	     29.75896873	    -12.52145868	      0.00000000	     -0.05392741	      0.21051934	      0.14272967	     -0.10014860	      0.27999072	      0.15165027	     -0.08859734	      0.51185672	      0.15165027	     -0.06163364	      0.51185672	      0.12488846	     -0.05007699	      0.42929104	      0.11596786	     -0.03081412	      0.32609446	      0.10704725	     -0.38519811	      2.38143688	      0.79381960	      0.00000000	      0.00000000	     24.44280018	     -0.92139347	      0.57861798	      6.30410395	    -22.36852990	     12.73010866	     92.06670676	     73.23070848	    -10.81737304	     14.79726136	     21.89166751	     -0.42431104	    155.95473706	      0.32550607	      1.14321670	    -20.25285763	    -23.83360674
      3.70000000	      1.79411766	      5.06441070	     85.55467446	      0.23115368	      0.88648707	      0.73705537	      7.33735977	     -1.90661740	     -7.05563802	     19.71976076	      0.34417475	     33.66224242	      4.44035038	      0.00000000	      3.43483386	      1.02144774	      7.14578948	     12.07136931	      0.21068514	     29.29221199	    -12.49046750	      0.00000000	     -0.09588706	      0.19212934	      0.25813597	     -0.17807185	      0.25553203	      0.27426946	     -0.15753284	      0.46714328	      0.27426946	     -0.10958932	      0.46714328	      0.22586897	     -0.08904072	      0.39179016	      0.20973547	     -0.05478986	      0.29760835	      0.19360197	     -0.68491165	      2.17340555	      1.43567480	      0.00000000	      0.00000000	     23.58841260	     -0.56382925	     -0.46865789	      9.71839599	    -22.38629452	     10.78981694	     97.65837519	     72.17180446	    -11.18279151	     15.11825313	     22.65738720	      0.03678764	    158.62513293	      0.27340707	      1.23887550	    -24.63506816	    -23.77709600
      3.71666667	      1.86512477	      5.29700658	     85.89098120	      0.23073088	      0.88717952	      0.73864738	      7.07880280	     -1.86963531	     -7.31171529	     19.74495852	      0.34461454	     33.35464837	      4.24873430	      0.00000000	      3.39009423	      0.98026353	      7.50923144	     12.31606428	      0.21495587	     29.05587698	    -12.25191722	      0.00000000	     -0.13583699	      0.19399675	      0.36682250	     -0.25226288	      0.25801568	      0.38974891	     -0.22316660	      0.47168370	      0.38974891	     -0.15524810	      0.47168370	      0.32096969	     -0.12613823	      0.39559817	      0.29804329	     -0.07761726	      0.30050096	      0.27511688	     -0.97027006	      2.19453003	      2.04015673	      0.00000000	      0.00000000	     22.44332943	     -0.10430351	     -1.39115898	     13.71894369	    -23.04409462	      9.68289753	    102.85090787	     72.40822850	    -11.01962771	     14.52391926	     23.37901631	      0.64175593	    158.29391116	      0.24231251	      1.24375680	    -25.07815930	    -23.83642488
      3.73333333	      2.06606862	      5.42236276	     86.20135097	      0.23040293	      0.88730657	      0.73998332	      6.96453420	     -1.67624456	     -7.54245594	     19.86133556	      0.34664570	     33.07526442	      4.00930246	      0.00000000	      3.54655731	      0.80473123	      7.76243967	     12.70589828	      0.22175976	     29.06095849	    -12.20291824	      0.00000000	     -0.16449239	      0.21482805	      0.51570837	     -0.30547881	      0.28572130	      0.54794014	     -0.27024454	      0.52233291	      0.54794014	     -0.18799835	      0.52233291	      0.45124482	     -0.15274763	      0.43807735	      0.41901305	     -0.09399095	      0.33276864	      0.38678128	     -1.17495267	      2.43017782	      2.86821524	      0.00000000	      0.00000000	     21.39622084	     -0.04632754	     -3.03161669	     17.98618357	    -24.06929156	      8.74802625	    108.08900226	     74.06089498	    -10.87095503	     13.98533527	     24.01087176	      1.45101127	    157.33627843	      0.22661079	      1.18889192	    -25.26380094	    -23.85578855
      3.75000000	      1.92442407	      5.51819248	     86.54712918	      0.22997004	      0.88707567	      0.74070987	      6.95469616	     -1.86058118	     -7.69854739	     20.13556971	      0.35143199	     33.04149873	      3.77910835	      0.00000000	      3.60636535	      0.98115367	      7.94571361	     12.80748397	      0.22353276	     29.03935094	    -12.04298717	      0.00000000	     -0.17037875	      0.20514682	      0.63088042	     -0.31641037	      0.27284527	      0.67031045	     -0.27991525	      0.49879397	      0.67031045	     -0.19472587	      0.49879397	      0.55202037	     -0.15821371	      0.41833539	      0.51259035	     -0.09735442	      0.31777242	      0.47316032	     -1.21699836	      2.32066184	      3.50876766	      0.00000000	      0.00000000	     19.90878132	      0.52431820	     -3.76409559	     23.00747270	    -24.93595362	      8.46217334	    112.50586902	     74.86842278	    -10.13709595	     13.21075753	     24.47926687	      2.07601335	    156.92174027	      0.21223204	      1.07306546	    -25.18426184	    -23.82100448
      3.76666667	      2.24282181	      5.61390564	     86.48514840	      0.22975979	      0.88642185	      0.74166783	      7.06328781	     -1.53183438	     -7.47708441	     20.57149669	      0.35904035	     33.04465534	      3.46770329	      0.00000000	      3.89840116	      0.67861615	      7.56485707	     13.43262255	      0.23444349	     29.62822639	    -12.13422904	      0.00000000	     -0.20511859	      0.25787582	      0.73490573	     -0.38092573	      0.34297485	      0.78083733	     -0.33698932	      0.62699928	      0.78083733	     -0.23443003	      0.62699928	      0.64304251	     -0.19047312	      0.52586038	      0.59711090	     -0.11720476	      0.39944965	      0.55117929	     -1.46514155	      2.91714289	      4.08732517	      0.00000000	      0.00000000	     19.26445613	      0.44091217	     -4.43696029	     29.31701667	    -25.27908251	      8.42830887	    115.50964016	     80.05186289	     -7.23274853	     12.33730289	     24.88562282	      2.72625533	    154.48886816	      0.21194792	      1.05499489	    -23.22188260	    -23.78611948
      3.78333333	      2.14623448	      5.61723589	     86.72781963	      0.22999842	      0.88592918	      0.74174961	      7.17465339	     -1.58802036	     -7.38617983	     20.87554750	      0.36434704	     33.06042024	      2.99455327	      0.00000000	      4.03403407	      0.69888024	      6.97866572	     13.53750697	      0.23627407	     30.03571202	    -11.37764189	      0.00000000	     -0.20004930	      0.23737917	      0.79098154	     -0.37151156	      0.31571430	      0.84041789	     -0.32866100	      0.57716372	      0.84041789	     -0.22863635	      0.57716372	      0.69210885	     -0.18576578	      0.48406361	      0.64267250	     -0.11430817	      0.36770034	      0.59323616	     -1.42893217	      2.68528068	      4.39920205	      0.00000000	      0.00000000	     18.33493824	      1.60579273	     -5.07298650	     35.41755689	    -24.28649430	      7.50108322	    116.74255627	     81.87306826	     -1.23558149	     11.29392091	     25.13405272	      2.82444914	    153.55375012	      0.21493220	      1.04237636	    -20.18086347	    -23.78478880
      3.80000000	      2.02017882	      5.56071974	     86.90509434	      0.23039582	      0.88541573	      0.74121294	      7.30255493	     -1.67510593	     -7.34692957	     21.10404150	      0.36833501	     33.25991067	      2.69904157	      0.00000000	      4.17936480	      0.76659920	      6.54540047	     13.65597962	      0.23834181	     30.37243081	    -11.04613920	      0.00000000	     -0.18562107	      0.20909187	      0.78633492	     -0.34471689	      0.27809219	      0.83548086	     -0.30495686	      0.50838597	      0.83548086	     -0.21214632	      0.50838597	      0.68804306	     -0.17236773	      0.42638014	      0.63889713	     -0.10606388	      0.32388331	      0.58975119	     -1.32587274	      2.36528906	      4.37335895	      0.00000000	      0.00000000	     17.84704784	      2.93461165	     -5.12183233	     41.41086697	    -22.69355407	      7.53031937	    116.09023278	     82.20989809	      3.09213900	      7.84418745	     24.94510256	      2.63217983	    154.34817751	      0.22099952	      1.06075150	    -20.74784021	    -23.58501732
      3.81666667	      1.72462336	      5.46451092	     87.09944848	      0.23125997	      0.88501542	      0.74027985	      7.45863409	     -1.89405106	     -7.26114215	     21.29463111	      0.37166143	     33.47595859	      2.20932446	      0.00000000	      4.27973988	      0.97460049	      6.03850251	     13.67784648	      0.23872346	     30.67990093	    -10.64462385	      0.00000000	     -0.15729786	      0.14543019	      0.76758419	     -0.29211786	      0.19342216	      0.81555820	     -0.25842466	      0.35359897	      0.81555820	     -0.17977572	      0.35359897	      0.67163617	     -0.14606679	      0.29656125	      0.62366215	     -0.08988000	      0.22527137	      0.57568814	     -1.12356289	      1.64513544	      4.26907298	      0.00000000	      0.00000000	     17.62225814	      4.46000492	     -5.35819817	     46.38632132	    -20.54082236	      7.37887037	    114.18884782	     82.23205695	      7.63871225	      4.66858171	     24.43805194	      2.13009594	    155.65627927	      0.24077456	      1.13036661	    -22.41333223	    -23.21214752
      3.83333333	      1.59139682	      5.31418075	     87.21256082	      0.23220786	      0.88469007	      0.73904666	      7.57590768	     -1.96151766	     -7.32514742	     21.32378858	      0.37217032	     33.58123572	      2.07714321	      0.00000000	      4.33540668	      1.03891135	      5.96239485	     13.58994776	      0.23718933	     30.80926290	    -10.67464681	      0.00000000	     -0.10909792	      0.09632592	      0.80860514	     -0.20260575	      0.12811347	      0.85914296	     -0.17923697	      0.23420684	      0.85914296	     -0.12468801	      0.23420684	      0.70752950	     -0.10130833	      0.19642782	      0.65699168	     -0.06233855	      0.14920885	      0.60645386	     -0.77927554	      1.08965808	      4.49721922	      0.00000000	      0.00000000	     17.42895747	      5.47233098	     -6.36734209	     49.93961353	    -19.07879172	      7.78809880	    112.57715883	     82.33290226	      7.70162445	      4.81219264	     23.75909585	      1.66155559	    156.07988072	      0.27850867	      1.22618759	    -22.27629646	    -22.76995899
      3.85000000	      0.86148967	      5.39244282	     87.59176590	      0.23309065	      0.88459655	      0.73813144	      7.66877840	     -2.65505258	     -7.14749572	     21.76947608	      0.37994903	     33.98602910	      1.36597922	      0.00000000	      4.24528664	      1.73090037	      5.69697193	     13.56236648	      0.23670795	     30.63215021	    -10.43863379	      0.00000000	     -0.09695986	     -0.01883811	      0.78085150	     -0.18006416	     -0.02505469	      0.82965472	     -0.15929536	     -0.04580298	      0.82965472	     -0.11081543	     -0.04580298	      0.68324506	     -0.09003693	     -0.03841468	      0.63444184	     -0.05540287	     -0.02918024	      0.58563862	     -0.69257460	     -0.21310049	      4.34286179	      0.00000000	      0.00000000	     17.25368902	      7.00434481	     -6.06582974	     52.38021256	    -17.55542305	      8.44698223	    110.12575181	     82.55857118	      8.40818004	      4.85591497	     23.04188717	      0.87413532	    156.73843776	      0.31854760	      1.18533332	    -22.62047138	    -21.87714897
      3.86666667	      0.40242358	      5.33744612	     87.91091099	      0.23372327	      0.88441753	      0.73711623	      7.78362145	     -3.05490713	     -6.97929707	     22.00902178	      0.38412990	     34.20236816	      0.69290327	      0.00000000	      4.23961465	      2.15895606	      5.60608615	     13.44309008	      0.23462618	     30.72657713	    -10.10527580	      0.00000000	     -0.06666202	     -0.09650740	      0.80783772	     -0.12379804	     -0.12835484	      0.85832758	     -0.10951904	     -0.23464810	      0.85832758	     -0.07618803	     -0.23464810	      0.70685800	     -0.06190236	     -0.19679789	      0.65636815	     -0.03809068	     -0.14948996	      0.60587829	     -0.47616017	     -1.09171103	      4.49295104	      0.00000000	      0.00000000	     16.93115351	      8.01782170	     -6.41520687	     53.52950604	    -16.92135915	      9.29731820	    108.35398180	     83.14052158	      7.50751445	      6.96176379	     22.27326289	      0.31414025	    156.72474904	      0.39473846	      1.16621904	    -22.41654359	    -20.80154871
      3.88333333	     -0.20722401	      5.30049284	     88.32804687	      0.23420478	      0.88435708	      0.73618078	      7.92452381	     -3.63117518	     -6.79409166	     22.36359214	      0.39031832	     34.41190231	      0.01360410	      0.00000000	      4.23144714	      2.74810535	      5.50294893	     13.30094199	      0.23214523	     30.78172500	     -9.61305829	      0.00000000	     -0.04645587	     -0.19219294	      0.86733638	     -0.08627320	     -0.25561661	      0.92154490	     -0.07632235	     -0.46729792	      0.92154490	     -0.05309441	     -0.46729792	      0.75891933	     -0.04313892	     -0.39191985	      0.70471081	     -0.02654488	     -0.29770687	      0.65050228	     -0.33182963	     -2.17412501	      4.82386473	      0.00000000	      0.00000000	     16.54401332	      8.90850240	     -6.98235445	     53.56663742	    -16.99494466	     10.43762992	    107.40278700	     83.55185553	      4.04646562	     10.97584884	     21.70187879	     -0.22421035	    155.87893667	      0.50975760	      1.12658348	    -20.59744697	    -19.73062708
      3.90000000	     -0.50231565	      5.26304367	     88.49984840	      0.23478102	      0.88422213	      0.73543818	      8.01524841	     -3.84240778	     -6.38300219	     22.54794060	      0.39353580	     34.58034519	     -0.45821347	      0.00000000	      4.26772650	      2.97337364	      5.06996009	     13.25638078	      0.23136749	     31.22397715	     -8.71125234	      0.00000000	     -0.04435675	     -0.24663811	      1.02888571	     -0.08237491	     -0.32802869	      1.09319107	     -0.07287370	     -0.59967591	      1.09319107	     -0.05069532	     -0.59967591	      0.90027500	     -0.04118967	     -0.50294444	      0.83596964	     -0.02534544	     -0.38204244	      0.77166429	     -0.31683579	     -2.79001966	      5.72235368	      0.00000000	      0.00000000	     16.38916280	      9.34060293	     -7.98661370	     53.19679972	    -18.22687706	     12.71251068	    107.15765234	     83.19299738	     -4.25302788	     14.69575261	     21.52493386	     -0.70817631	    152.88912053	      0.71715516	      1.08493237	    -14.05171758	    -20.47733978
      3.91666667	     -1.09473516	      5.20131778	     88.91946197	      0.23537895	      0.88433124	      0.73476744	      8.12937007	     -4.42518823	     -6.33529234	     22.76483128	      0.39732126	     34.83734037	     -0.59009870	      0.00000000	      4.26704621	      3.53289257	      5.11868884	     13.04397000	      0.22766022	     31.27361871	     -8.19139396	      0.00000000	     -0.05048269	     -0.34949498	      1.16082468	     -0.09375141	     -0.46482832	      1.23337622	     -0.08293802	     -0.84976210	      1.23337622	     -0.05769667	     -0.84976210	      1.01572159	     -0.04687823	     -0.71269016	      0.94317005	     -0.02884581	     -0.54136772	      0.87061851	     -0.36059283	     -3.95355712	      6.45615860	      0.00000000	      0.00000000	     16.36964940	     10.15398603	     -9.15587072	     52.26784448	    -18.92900173	     13.31496243	    106.97887326	     83.15672470	     -8.01788213	     18.21563952	     21.40740481	     -1.20574204	    151.28355784	      0.87326205	      1.08192562	    -10.41788766	    -19.88918306
      3.93333333	     -1.42965587	      5.17956277	     89.17433838	      0.23591213	      0.88445117	      0.73443231	      8.18733894	     -4.75700917	     -6.37211231	     22.86795184	      0.39912105	     35.05872150	     -0.42044477	      0.00000000	      4.30140214	      3.81718147	      4.98953346	     12.98379857	      0.22661003	     31.40059779	     -7.66779267	      0.00000000	     -0.07756244	     -0.41593242	      1.33337588	     -0.14404120	     -0.55319011	      1.41671187	     -0.12742733	     -1.01129808	      1.41671187	     -0.08864611	     -1.01129808	      1.16670389	     -0.07202448	     -0.84816939	      1.08336790	     -0.04431918	     -0.64427931	      1.00003191	     -0.55402074	     -4.70511069	      7.41583662	      0.00000000	      0.00000000	     16.71843520	     10.60883350	    -10.52519360	     51.39457236	    -19.92496476	     13.61503193	    107.39950531	     83.42561165	    -11.23146904	     20.21682603	     21.48795568	     -1.53694708	    150.17537072	      0.87540131	      1.08780763	     -6.38179902	    -19.60891990
      3.95000000	     -1.50868025	      5.15931049	     89.46930672	      0.23578983	      0.88458971	      0.73411947	      8.14661532	     -4.83093591	     -6.40303299	     22.77034745	      0.39741753	     35.16894109	     -0.34180626	      0.00000000	      4.32920065	      3.89341001	      5.18982190	     12.95336217	      0.22607882	     31.51835336	     -7.41777164	      0.00000000	     -0.10240786	     -0.42764998	      1.41503519	     -0.19018163	     -0.56877447	      1.50347489	     -0.16824587	     -1.03978816	      1.50347489	     -0.11704194	     -1.03978816	      1.23815579	     -0.09509593	     -0.87206384	      1.14971609	     -0.05851585	     -0.66242982	      1.06127640	     -0.73148907	     -4.83766211	      7.87000124	      0.00000000	      0.00000000	     17.22997959	     10.69260327	    -10.50835615	     50.72918758	    -20.57667709	     13.40130439	    108.29089858	     83.58447977	    -11.43317177	     20.16420166	     21.28650883	     -1.61374851	    150.04900430	      0.72746165	      1.08242313	     -6.02872461	    -19.50724963
      3.96666667	     -1.53796353	      5.09697309	     89.63875661	      0.23594242	      0.88492161	      0.73387879	      8.14579905	     -4.95222156	     -6.96678723	     22.63311207	      0.39502233	     35.34534690	      0.80310105	      0.00000000	      4.36314106	      3.85290774	      4.83350203	     12.86580243	      0.22455061	     31.52722024	     -6.67865519	      0.00000000	     -0.12347443	     -0.45580545	      1.61140028	     -0.22930437	     -0.60622125	      1.71211279	     -0.20285615	     -1.10824537	      1.71211279	     -0.14111893	     -1.10824537	      1.40997524	     -0.11465836	     -0.92947847	      1.30926273	     -0.07055329	     -0.70604264	      1.20855021	     -0.88196554	     -5.15616239	      8.96212492	      0.00000000	      0.00000000	     18.51733167	     10.88786696	    -12.76204292	     49.38945470	    -21.47248216	     11.60275535	    111.06434901	     84.71261757	    -11.99708271	     20.28022238	     21.51893031	     -1.62525736	    151.03578128	      0.62600356	      1.11654453	     -4.45945988	    -19.11071211
      3.98333333	     -1.30804337	      5.07205015	     89.81909153	      0.23550106	      0.88523592	      0.73353704	      7.99668389	     -4.82356042	     -7.62694616	     22.28408577	      0.38893067	     35.51703941	      2.04134548	      0.00000000	      4.36259283	      3.58266862	      4.55926794	     12.84788529	      0.22423790	     31.58698316	     -5.91102717	      0.00000000	     -0.13598735	     -0.43066985	      1.74208597	     -0.25254210	     -0.57279090	      1.85096635	     -0.22341361	     -1.04713068	      1.85096635	     -0.15541994	     -1.04713068	      1.52432523	     -0.12627785	     -0.87822196	      1.41544485	     -0.07770317	     -0.66710760	      1.30656448	     -0.97134403	     -4.87182349	      9.68895955	      0.00000000	      0.00000000	     19.82246545	     10.66145445	    -13.94477687	     48.44024420	    -22.05484329	      9.24890433	    114.30586186	     85.39410002	    -10.43424439	     19.97737788	     21.54326408	     -1.46745667	    152.20246614	      0.55922106	      1.13725897	     -5.00627082	    -18.76544559
      4.00000000	     -0.94954559	      5.03124791	     90.00519338	      0.23486627	      0.88556252	      0.73306688	      7.80623092	     -4.54972309	     -8.24948110	     21.82884691	      0.38098525	     35.61544212	      3.21649663	      0.00000000	      4.32831743	      3.21692311	      4.61272166	     12.76318138	      0.22275954	     31.53018869	     -5.49281593	      0.00000000	     -0.13510255	     -0.38537297	      1.84660105	     -0.25089894	     -0.51254605	      1.96201362	     -0.22195998	     -0.93699584	      1.96201362	     -0.15440870	     -0.93699584	      1.61577592	     -0.12545623	     -0.78585256	      1.50036336	     -0.07719760	     -0.59694273	      1.38495079	     -0.96502399	     -4.35941611	     10.27024108	      0.00000000	      0.00000000	     21.08776919	     10.17405753	    -15.18901075	     47.77407263	    -22.39911998	      6.34082226	    117.81194004	     85.83570314	     -7.88486715	     19.88310801	     21.50460244	     -1.32627009	    153.27209683	      0.54480974	      1.17284797	     -5.67354109	    -18.13626094
      4.01666667	     -0.54542797	      4.99894440	     90.21075498	      0.23418980	      0.88595334	      0.73251685	      7.52361813	     -4.18607832	     -8.76821249	     21.21370573	      0.37024901	     35.60929558	      4.17581108	      0.00000000	      4.28591274	      2.82395878	      4.86776885	     12.67893444	      0.22128915	     31.44246578	     -5.24198274	      0.00000000	     -0.13073173	     -0.33147497	      1.90390464	     -0.24278190	     -0.44086172	      2.02289868	     -0.21477916	     -0.80594825	      2.02289868	     -0.14941330	     -0.80594825	      1.66591656	     -0.12139749	     -0.67594377	      1.54692252	     -0.07470011	     -0.51345474	      1.42792848	     -0.93380369	     -3.74971121	     10.58894645	      0.00000000	      0.00000000	     22.06718097	      9.46440445	    -16.42934996	     47.55465950	    -22.51611383	      3.62064241	    120.95672617	     86.00916205	     -5.66609983	     19.80020507	     21.36373044	     -1.35809828	    153.84092007	      0.59087609	      1.24853647	     -5.74789729	    -17.11029522
      4.03333333	     -0.14629784	      4.89233614	     90.33759448	      0.23369629	      0.88632846	      0.73175313	      7.24996650	     -3.81218916	     -9.27572780	     20.49298771	      0.35767011	     35.63278211	      5.27398866	      0.00000000	      4.25241741	      2.43816003	      5.08422312	     12.46967825	      0.21763694	     31.23432372	     -5.07850962	      0.00000000	     -0.11138722	     -0.27801574	      1.90873728	     -0.20685721	     -0.36976093	      2.02803336	     -0.18299807	     -0.67596746	      2.02803336	     -0.12730446	     -0.67596746	      1.67014512	     -0.10343418	     -0.56692969	      1.55084904	     -0.06364666	     -0.43064638	      1.43155296	     -0.79562779	     -3.14496963	     10.61582413	      0.00000000	      0.00000000	     22.71936602	      9.24778281	    -17.14106939	     47.77257535	    -22.34307134	      1.28158808	    123.11224233	     85.87793597	     -2.67754204	     19.88294377	     21.07310211	     -1.67823740	    154.41847855	      0.68913186	      1.30792605	     -5.33486399	    -15.81079104
      4.05000000	      0.03784955	      4.59997005	     90.22254335	      0.23416880	      0.88653334	      0.73095145	      7.20328510	     -3.51786549	     -9.11708547	     19.75978565	      0.34487332	     35.51228713	      5.71987246	      0.00000000	      4.38138403	      2.21986619	      5.16743381	     12.22498982	      0.21336632	     30.94949415	     -4.99289866	      0.00000000	     -0.07221883	     -0.25391601	      1.87536038	     -0.13411760	     -0.33770829	      1.99257041	     -0.11864832	     -0.61737138	      1.99257041	     -0.08253891	     -0.61737138	      1.64094033	     -0.06706241	     -0.51778552	      1.52373031	     -0.04126584	     -0.39331590	      1.40652029	     -0.51585191	     -2.87234866	     10.43019184	      0.00000000	      0.00000000	     23.14938986	      9.28776642	    -17.19043651	     48.33429318	    -21.96564318	      0.50231144	    124.03953012	     85.61693853	     -2.20822450	     19.65641373	     20.54374561	     -2.46030804	    154.43533578	      0.86811304	      1.39298360	     -5.05536258	    -15.09832765
      4.06666667	      0.13375452	      4.43075013	     90.33360612	      0.23459842	      0.88691756	      0.73022549	      6.93379267	     -3.43300967	     -9.82179098	     18.98474094	      0.33134624	     35.51682932	      7.01830461	      0.00000000	      4.35654717	      2.13481137	      5.85543431	     11.91091298	      0.20788465	     30.46296165	     -5.44931106	      0.00000000	     -0.05729784	     -0.25636725	      1.82830947	     -0.10640782	     -0.34096844	      1.94257881	     -0.09413463	     -0.62333132	      1.94257881	     -0.06548570	     -0.62333132	      1.59977078	     -0.05320678	     -0.52278409	      1.48550144	     -0.03273999	     -0.39711286	      1.37123210	     -0.40927276	     -2.90007755	     10.16850877	      0.00000000	      0.00000000	     23.15816966	      9.75939650	    -17.85080222	     48.87645749	    -21.49495556	     -1.36194335	    123.46328306	     84.57509843	      4.80592090	     19.85770402	     20.19582621	     -3.29322453	    153.79206559	      1.12701790	      1.48231634	     -2.95687979	    -12.95315415
      4.08333333	     -1.56448364	      3.61667151	     90.67943811	      0.24058903	      0.88482914	      0.72847548	      7.68728837	     -4.70665507	     -8.77133760	     18.97357081	      0.33115128	     36.38406603	      5.99096804	      0.00000000	      4.93899362	      3.50463143	      5.60868071	     11.56176450	      0.20179086	     30.11450040	     -4.69053944	      0.00000000	     -0.00556682	     -0.58042949	      1.44380502	     -0.01033814	     -0.77197122	      1.53404283	     -0.00914573	     -1.41125626	      1.53404283	     -0.00636232	     -1.41125626	      1.26332939	     -0.00516935	     -1.18361182	      1.17309158	     -0.00318088	     -0.89908528	      1.08285376	     -0.03976324	     -6.56593448	      8.03001038	      0.00000000	      0.00000000	     24.50160765	     12.27808030	    -18.31790661	     49.66316301	    -18.75165379	     -1.13213952	    121.83089246	     84.21970111	      6.97194988	     18.84780509	     11.25835758	    -16.58984841	     48.50066030	     34.38441161	     82.77778890	    -12.90472655	     10.49506390
      4.10000000	     -1.68713437	      3.34017604	     90.71546781	      0.24168680	      0.88462718	      0.72847359	      7.74963973	     -4.72600522	     -8.74429174	     18.50405305	      0.32295665	     36.29758197	      6.06739659	      0.00000000	      5.15339143	      3.57034327	      5.68953669	     11.43213435	      0.19952838	     29.86912614	     -4.60085349	      0.00000000	      0.01082100	     -0.61665146	      1.46858483	      0.02009568	     -0.82014644	      1.56037138	      0.01777782	     -1.49932636	      1.56037138	      0.01236732	     -1.49932636	      1.28501173	      0.01004838	     -1.25747565	      1.19322517	      0.00618312	     -0.95519311	      1.10143862	      0.07729332	     -6.97568463	      8.16782825	      0.00000000	      0.00000000	     24.53430230	     12.74870904	    -18.83123526	     50.09150873	    -19.12983234	     -0.65611626	    120.61584368	     84.15474841	      7.14815466	     18.82726248	     10.92057371	    -16.84399941	     48.27465923	     33.17834871	     82.51493901	    -12.93011604	     10.91970669
      4.11666667	     -1.93593275	      3.17826121	     90.95895147	      0.24262172	      0.88454407	      0.72810102	      7.65663923	     -4.92237662	     -8.98959515	     18.10298553	      0.31595670	     36.29902601	      6.19462206	      0.00000000	      5.12898458	      3.80238639	      6.09676580	     11.11080823	      0.19392019	     29.37487962	     -4.89897400	      0.00000000	      0.02127848	     -0.67760096	      1.46756462	      0.03951626	     -0.90120928	      1.55928741	      0.03495841	     -1.64751898	      1.55928741	      0.02431917	     -1.64751898	      1.28411905	      0.01975920	     -1.38176388	      1.19239626	      0.01215852	     -1.04960389	      1.10067347	      0.15199005	     -7.66515759	      8.16215417	      0.00000000	      0.00000000	     24.54956616	     13.62502561	    -19.48213938	     50.05783955	    -19.32502362	     -0.56235972	    118.97979291	     83.01840290	      9.21665071	     16.13203174	     10.11385987	    -17.06425685	     46.32607495	     32.44063634	     81.42198935	    -12.47288895	     11.38488369
      4.13333333	     -2.21764493	      2.94386538	     91.18293656	      0.24377880	      0.88405624	      0.72815446	      7.76841008	     -5.13677352	     -9.13588024	     17.89218627	      0.31227756	     36.42784054	      6.10435417	      0.00000000	      5.32586285	      4.04056732	      6.22393699	     11.00783066	      0.19212289	     29.17295980	     -4.91943605	      0.00000000	      0.03082823	     -0.73548933	      1.47658561	      0.05725110	     -0.97820082	      1.56887221	      0.05064770	     -1.78826877	      1.56887221	      0.03523358	     -1.78826877	      1.29201241	      0.02862709	     -1.49980985	      1.19972581	      0.01761525	     -1.13927298	      1.10743921	      0.22020295	     -8.32000245	      8.21232619	      0.00000000	      0.00000000	     24.66243486	     13.86519701	    -19.59872731	     49.84569873	    -19.53203920	     -0.45590168	    118.71523643	     82.76427763	      9.64591925	     15.86642489	      9.73396802	    -17.34196502	     45.60983962	     31.70494081	     81.40192794	    -12.62697875	     11.28225236
      4.15000000	     -2.55162234	      2.78946667	     91.46735564	      0.24478582	      0.88360670	      0.72759409	      7.84210855	     -5.47437260	     -9.57916503	     17.90396629	      0.31248316	     36.74652340	      6.18240818	      0.00000000	      5.35537993	      4.40179689	      6.98592463	     10.82640945	      0.18895649	     28.91247300	     -5.75242897	      0.00000000	      0.03792260	     -0.80340048	      1.36083034	      0.07042606	     -1.06852264	      1.44588224	      0.06230304	     -1.95338793	      1.44588224	      0.04334174	     -1.95338793	      1.19072655	      0.03521493	     -1.63829426	      1.10567465	      0.02166897	     -1.24446734	      1.02062275	      0.27087735	     -9.08822692	      7.56853010	      0.00000000	      0.00000000	     24.84844745	     14.14299238	    -19.42965916	     49.10975057	    -18.74874317	     -1.00152321	    118.81032423	     81.42041650	     11.73070699	     15.17675302	      8.10984761	    -17.82953042	     41.20260647	     32.24676248	     83.48339637	    -12.02095452	     10.95706517
      4.16666667	     -2.72195586	      2.76862760	     91.53508857	      0.24577363	      0.88332272	      0.72697950	      7.83094313	     -5.59980388	     -9.65104263	     17.94888645	      0.31326717	     37.00165987	      6.01768645	      0.00000000	      5.32127747	      4.53291234	      7.01002717	     10.79238398	      0.18836263	     29.05227226	     -5.77062421	      0.00000000	      0.02341542	     -0.83994797	      1.30686674	      0.04348477	     -1.11713080	      1.38854591	      0.03846919	     -2.04224949	      1.38854591	      0.02676148	     -2.04224949	      1.14350840	      0.02174356	     -1.71282189	      1.06182923	      0.01337957	     -1.30107940	      0.98015006	      0.16725399	     -9.50165939	      7.26840076	      0.00000000	      0.00000000	     25.03429250	     13.70804315	    -19.00431869	     47.54244886	    -18.24690582	     -1.77113140	    120.29894595	     80.95763776	     11.54052236	     14.91255859	      7.47988928	    -18.41722146	     40.67906542	     32.35113682	     83.52918198	    -12.19406399	     10.35603710
      4.18333333	     -3.04294106	      2.61617204	     91.77273478	      0.24654962	      0.88313245	      0.72564412	      7.95359114	     -5.87145992	     -9.53189950	     18.10679318	      0.31602316	     37.29695739	      5.37318231	      0.00000000	      5.34410398	      4.82357210	      7.01044285	     10.68850517	      0.18654961	     29.15360339	     -5.59339268	      0.00000000	      0.03294158	     -0.90174735	      1.10570849	      0.06117582	     -1.19932397	      1.17481527	      0.05411973	     -2.19250849	      1.17481527	      0.03764894	     -2.19250849	      0.96749493	      0.03058956	     -1.83884319	      0.89838815	      0.01882282	     -1.39680664	      0.82928137	      0.23529844	    -10.20074632	      6.14961890	      0.00000000	      0.00000000	     25.24463247	     13.61584733	    -18.80938790	     45.23560568	    -17.44457988	     -1.89525949	    122.40306719	     78.96906683	      8.97021692	     14.88825270	      6.02714753	    -19.10927888	     38.14180249	     32.79966088	     84.48532105	    -12.16893491	      9.06448676
      4.20000000	     -3.03468330	      2.70548535	     91.63847906	      0.24732285	      0.88301863	      0.72418358	      7.96224772	     -5.83266028	     -9.47468578	     18.43421548	      0.32173776	     37.72460627	      5.25007698	      0.00000000	      5.16048989	      4.77403726	      6.88464963	     10.68491482	      0.18648694	     29.48824962	     -5.70890106	      0.00000000	      0.00399468	     -0.90378627	      1.00001575	      0.00741852	     -1.20203573	      1.06251673	      0.00656286	     -2.19746593	      1.06251673	      0.00456552	     -2.19746593	      0.87501378	      0.00370946	     -1.84300095	      0.81251280	      0.00228256	     -1.39996493	      0.75001181	      0.02853360	    -10.22381099	      5.56178760	      0.00000000	      0.00000000	     25.58011282	     12.95149505	    -17.93313864	     42.64183118	    -16.89924303	     -2.49936408	    124.39534558	     78.44017124	      8.84826869	     14.23411255	      5.38484409	    -19.56681181	     37.93142280	     32.83422531	     84.36587298	    -12.18715530	      8.57414951
      4.21666667	     -3.20330795	      2.46839227	     91.58014396	      0.24808054	      0.88272628	      0.72211563	      8.36051190	     -5.91392840	     -8.85282768	     18.89941226	      0.32985697	     38.01763111	      4.42496495	      0.00000000	      5.24747595	      4.88486060	      6.57910417	     10.60659447	      0.18512000	     29.79039241	     -5.33334708	      0.00000000	      0.03179274	     -0.93651926	      0.90468422	      0.05904231	     -1.24557061	      0.96122698	      0.05223230	     -2.27705292	      0.96122698	      0.03633593	     -2.27705292	      0.79159869	      0.02952274	     -1.90975007	      0.73505593	      0.01816637	     -1.45066833	      0.67851316	      0.22709240	    -10.59409314	      5.03158222	      0.00000000	      0.00000000	     26.02880878	     12.47591507	    -17.51014383	     39.28060059	    -17.16404061	     -1.71963389	    125.95404296	     75.78076967	      5.16478980	     11.30298535	      4.80265214	    -20.02561198	     38.07822407	     32.38102090	     83.51029670	    -11.75678231	      6.78871509
      4.23333333	     -3.21972127	      2.25604155	     91.32713779	      0.24881774	      0.88229513	      0.71985119	      8.81749948	     -5.83336781	     -8.15141651	     19.49328037	      0.34022192	     38.39365291	      3.80305342	      0.00000000	      5.35605907	      4.84113769	      6.11204185	     10.64805935	      0.18584369	     30.23759539	     -5.05951941	      0.00000000	      0.05665392	     -0.94171545	      0.94899132	      0.10521199	     -1.25248155	      1.00830328	      0.09307672	     -2.28968695	      1.00830328	      0.06474976	     -2.28968695	      0.83036740	      0.05260883	     -1.92034615	      0.77105545	      0.03237205	     -1.45871723	      0.71174349	      0.40467326	    -10.65287353	      5.27800502	      0.00000000	      0.00000000	     26.60614213	     11.64433032	    -17.06745694	     35.60223376	    -17.97541160	     -1.01754575	    126.97602859	     75.70365146	      2.07119161	      8.57357248	      4.97886311	    -20.27320175	     40.15532443	     31.66474422	     81.68057357	    -11.43480514	      5.92990636
      4.25000000	     -3.25052293	      2.04273482	     91.00982537	      0.24946046	      0.88194176	      0.71735834	      9.25153706	     -5.76956268	     -7.49763932	     20.04950169	      0.34992982	     38.80104207	      3.46361351	      0.00000000	      5.39892826	      4.82920081	      5.86166162	     10.58893091	      0.18481171	     30.51781465	     -5.06362527	      0.00000000	      0.08982802	     -0.94642239	      1.08537161	      0.16681962	     -1.25874178	      1.15320734	      0.14757846	     -2.30113140	      1.15320734	      0.10266445	     -2.30113140	      0.94970016	      0.08341430	     -1.92994454	      0.88186443	      0.05132773	     -1.46600829	      0.81402871	      0.64163258	    -10.70611938	      6.03651129	      0.00000000	      0.00000000	     27.11971466	     10.65723771	    -16.89903837	     31.59146948	    -19.04765607	     -0.12298493	    126.73166697	     75.85162236	     -0.23667354	      5.73607562	      5.68250050	    -20.31836698	     43.48744647	     30.53094731	     79.17484665	    -10.79558380	      5.21104889
      4.26666667	     -3.29682163	      1.73871241	     90.79944624	      0.24978635	      0.88151721	      0.71497166	      9.75251349	     -5.78007954	     -7.15888398	     20.57895310	      0.35917049	     39.19757192	      3.46118397	      0.00000000	      5.62078295	      4.86812951	      5.82842933	     10.68809142	      0.18654239	     30.71759550	     -5.23095997	      0.00000000	      0.14372443	     -0.95191455	      1.20391701	      0.26691065	     -1.26604635	      1.27916182	      0.23612487	     -2.31448503	      1.27916182	      0.16426266	     -2.31448503	      1.05342738	      0.13346251	     -1.94114414	      0.97818257	      0.08212414	     -1.47451563	      0.90293775	      1.02660926	    -10.76824773	      6.69582521	      0.00000000	      0.00000000	     27.45640744	      9.81125783	    -16.42999507	     27.58932845	    -19.61861553	      0.65569073	    124.89866821	     75.56191781	     -0.85567403	      4.74919413	      6.14745945	    -20.02604903	     45.15855634	     29.44356189	     78.66638750	     -9.48493260	      5.36273857
      4.28333333	     -3.43897576	      1.70398895	     90.31145865	      0.25067385	      0.88158689	      0.71271229	      9.95425128	     -5.73155472	     -6.13983359	     20.92529499	      0.36521529	     39.49983096	      2.92685487	      0.00000000	      5.46041228	      5.00632957	      6.03703439	     10.58889958	      0.18481116	     30.59399907	     -6.15956196	      0.00000000	      0.16810496	     -0.97946352	      1.43324962	      0.31218772	     -1.30268648	      1.52282772	      0.27617964	     -2.38146761	      1.52282772	      0.19212716	     -2.38146761	      1.25409342	      0.15610227	     -1.99732201	      1.16451532	      0.09605517	     -1.51718899	      1.07493721	      1.20075693	    -11.07988725	      7.97130441	      0.00000000	      0.00000000	     27.63817082	      9.02146552	    -16.94262199	     23.40229836	    -19.85081908	      1.62102254	    121.55425818	     74.30638218	     -4.19803568	      3.98467249	      8.39495580	    -20.27161374	     55.54080207	     27.61062618	     69.44690998	     -9.89922220	      3.60440759
      4.30000000	     -3.52963790	      1.63027431	     90.10953649	      0.25138499	      0.88157569	      0.71081094	     10.08668822	     -5.74170824	     -5.88586598	     21.13425637	      0.36886236	     39.80902496	      2.94125397	      0.00000000	      5.46950030	      5.05354810	      5.99485066	     10.70086342	      0.18676530	     30.59955405	     -6.26881636	      0.00000000	      0.20089410	     -1.01222851	      1.45413305	      0.37308043	     -1.34626391	      1.54501636	      0.33004892	     -2.46113239	      1.54501636	      0.22960187	     -2.46113239	      1.27236641	      0.18655026	     -2.06413637	      1.18148310	      0.11479089	     -1.56794195	      1.09059978	      1.43496647	    -11.45053130	      8.08745176	      0.00000000	      0.00000000	     27.76720770	      8.70568206	    -16.97976604	     19.96606076	    -18.61282743	      2.14398315	    116.29146375	     73.69888375	     -5.16936307	      5.14777542	      8.46038554	    -20.06445345	     56.12914248	     26.81001139	     69.51192864	     -9.42565590	      3.91815966
      4.31666667	     -3.52311814	      1.61915309	     89.80182357	      0.25201199	      0.88131504	      0.70894562	     10.16145212	     -5.67514047	     -5.70994041	     21.35586483	      0.37273016	     40.10166474	      2.93675155	      0.00000000	      5.42919712	      5.00544859	      6.03196365	     10.85915609	      0.18952803	     30.86408398	     -6.40085901	      0.00000000	      0.23424303	     -1.03153582	      1.47271884	      0.43501273	     -1.37194264	      1.56476377	      0.38483787	     -2.50807619	      1.56476377	      0.26771636	     -2.50807619	      1.28862899	      0.21751808	     -2.10350784	      1.19658406	      0.13384647	     -1.59784898	      1.10453913	      1.67317453	    -11.66893950	      8.19082039	      0.00000000	      0.00000000	     27.84806484	      8.24561935	    -17.15301150	     16.80299883	    -17.06064759	      2.38251348	    109.90565712	     73.25488236	     -6.23643246	      6.52000258	      8.44402748	    -19.86202480	     56.57625255	     26.15125755	     69.55154775	     -9.10254465	      4.09317633
      4.33333333	     -4.14046870	      1.63517343	     89.03073743	      0.25376321	      0.88081776	      0.70851877	     10.58590975	     -5.97059852	     -3.73692612	     21.94368515	      0.38298956	     40.14395143	      1.44308236	      0.00000000	      5.44720636	      5.60729966	      5.93192946	     10.97985261	      0.19163458	     30.38274618	     -7.72336991	      0.00000000	      0.24476496	     -1.12489435	      1.59254997	      0.45455300	     -1.49610949	      1.69208435	      0.40212435	     -2.73506813	      1.69208435	      0.27974187	     -2.73506813	      1.39348123	      0.22728874	     -2.29388456	      1.29394685	      0.13985870	     -1.74246135	      1.19441248	      1.74833162	    -12.72502988	      8.85728519	      0.00000000	      0.00000000	     27.89727681	      7.86224197	    -17.40694004	     14.06750878	    -14.89483620	      2.19956252	    102.80605885	     70.93190502	     -7.95088399	      8.63566980	     11.27814385	    -20.33681873	     70.87881858	     24.20593848	     56.10278151	     -8.57130750	      0.87800187
      4.35000000	     -4.44598523	      1.74919376	     88.63283133	      0.25444773	      0.87964230	      0.70817571	     10.74690756	     -6.23463453	     -3.30402896	     22.45804111	      0.39196676	     40.46712409	      1.27474186	      0.00000000	      5.52163866	      5.91101792	      5.69344528	     11.41382085	      0.19920875	     30.70604005	     -8.08236672	      0.00000000	      0.24272293	     -1.16062325	      1.51340932	      0.45076075	     -1.54362892	      1.60799740	      0.39876950	     -2.82193936	      1.60799740	      0.27740803	     -2.82193936	      1.32423315	      0.22539251	     -2.36674292	      1.22964507	      0.13869188	     -1.79780541	      1.13505699	      1.73374560	    -13.12920228	      8.41712861	      0.00000000	      0.00000000	     27.95077967	      7.23368661	    -16.72182831	     12.41052193	    -12.88982554	      2.33853679	     94.49187462	     71.48510649	     -7.67510231	      9.74776174	     11.40770604	    -20.36304348	     71.65898974	     23.70183523	     55.94517080	     -7.77407018	      0.95759168
      4.36666667	     -4.49039297	      1.89798819	     88.23700115	      0.25489941	      0.87830162	      0.70739812	     10.75028251	     -6.19275104	     -2.74203594	     22.86275221	      0.39903030	     40.46583893	      0.76277167	      0.00000000	      5.52482662	      5.96693958	      5.67078085	     11.83971526	      0.20664201	     31.08405175	     -8.52648670	      0.00000000	      0.25191425	     -1.14888121	      1.50467070	      0.46782996	     -1.52801201	      1.59871262	      0.41386992	     -2.79338977	      1.59871262	      0.28791280	     -2.79338977	      1.31658687	      0.23392757	     -2.34279856	      1.22254495	      0.14394380	     -1.77961699	      1.12850303	      1.79939831	    -12.99637399	      8.36852705	      0.00000000	      0.00000000	     27.98141535	      6.24500038	    -15.60014285	     10.76917547	    -11.38395420	      1.92584739	     86.13963012	     74.63010692	     -6.84509386	     10.64156202	     12.88658603	    -19.88213151	     80.81184155	     22.38174531	     47.14285424	     -7.53324770	     -0.59813314
      4.38333333	     -4.58128990	      2.05138910	     87.89127680	      0.25482803	      0.87649956	      0.70692908	     10.80440080	     -6.33585399	     -2.63767707	     23.38959668	      0.40822547	     40.59951317	      0.75221129	      0.00000000	      5.56321082	      6.11143629	      5.63335140	     12.29577885	      0.21460183	     31.65329563	     -8.92282821	      0.00000000	      0.25557819	     -1.12575594	      1.45720323	      0.47463426	     -1.49725541	      1.54827843	      0.41988941	     -2.73716300	      1.54827843	      0.29210031	     -2.73716300	      1.27505283	      0.23732991	     -2.29564152	      1.18397762	      0.14603738	     -1.74379596	      1.09290242	      1.82556946	    -12.73477639	      8.10452720	      0.00000000	      0.00000000	     28.02603681	      5.29083013	    -13.78661267	      9.91495850	    -10.61226911	      2.55153032	     77.52038658	     77.08136030	     -6.52378388	     10.82250500	     13.15272870	    -19.39916738	     81.83095751	     21.87713695	     47.26709026	     -6.65944378	      0.03391849
      4.40000000	     -4.52422863	      2.12526525	     87.74500577	      0.25425038	      0.87467548	      0.70623381	     10.77373380	     -6.36839699	     -2.74470299	     23.70238265	      0.41368462	     40.80915749	      0.69366441	      0.00000000	      5.63266772	      6.15579609	      6.04808663	     12.72222219	      0.22204467	     32.10191112	     -9.57489086	      0.00000000	      0.27004479	     -1.07482788	      1.39939909	      0.50150017	     -1.42952108	      1.48686153	      0.44365658	     -2.61333650	      1.48686153	      0.30863419	     -2.61333650	      1.22447420	      0.25076359	     -2.19178901	      1.13701176	      0.15430359	     -1.66490838	      1.04954931	      1.92890291	    -12.15866792	      7.78303790	      0.00000000	      0.00000000	     28.07178762	      4.23404435	    -11.62977314	      9.44018203	    -10.19951728	      3.42126524	     68.95820775	     82.45739154	     -6.50520628	     11.02691160	     13.66670865	    -18.60186495	     83.97155110	     21.26363382	     46.06845610	     -5.90754444	      0.17266317
      4.41666667	     -4.33588135	      2.09229621	     87.38729248	      0.25325116	      0.87280773	      0.70564012	     10.86602892	     -6.29334554	     -2.84353604	     23.92012019	      0.41748485	     41.05884929	      0.80798509	      0.00000000	      5.79129837	      6.07896104	      6.12354693	     13.11707941	      0.22893622	     32.51967672	    -10.12315893	      0.00000000	      0.28969099	     -0.99139963	      1.42619748	      0.53798514	     -1.31856151	      1.51533482	      0.47593333	     -2.41048906	      1.51533482	      0.33108783	     -2.41048906	      1.24792279	      0.26900705	     -2.02166213	      1.15878545	      0.16552943	     -1.53567803	      1.06964811	      2.06923377	    -11.21491090	      7.93208252	      0.00000000	      0.00000000	     28.11986309	      3.05259452	     -9.41691834	      9.39061884	    -10.49794927	      5.33255258	     60.55019592	     84.09395825	     -6.61815473	     10.75944249	     14.47532594	    -17.48854651	     85.61028051	     20.89437153	     46.58307057	     -5.41841596	      0.66492956
      4.43333333	     -3.91364644	      1.88758346	     87.12071915	      0.25198674	      0.87129000	      0.70487006	     10.95869230	     -6.00281327	     -3.20396808	     23.82273616	      0.41578518	     40.94904384	      0.92826247	      0.00000000	      6.03886532	      5.77031138	      6.62851560	     13.42327116	      0.23428028	     32.73447419	    -10.78572942	      0.00000000	      0.32388482	     -0.87045111	      1.45530860	      0.60148650	     -1.15769997	      1.54626539	      0.53211037	     -2.11641482	      1.54626539	      0.37016796	     -2.11641482	      1.27339503	      0.30075944	     -1.77502390	      1.18243824	      0.18506779	     -1.34832877	      1.09148145	      2.31347687	     -9.84671702	      8.09398987	      0.00000000	      0.00000000	     28.17637971	      1.90443514	     -6.78384842	      9.50227833	    -10.83679622	      7.53650343	     52.64924192	     85.27551386	     -7.43801791	      9.96576961	     15.47314619	    -16.05650246	     87.33921038	     20.40270692	     47.18265081	     -5.41906947	      0.21613150
      4.45000000	     -3.28354500	      1.57980665	     86.92536366	      0.25005271	      0.86997016	      0.70405150	     11.06784930	     -5.52276998	     -3.69347411	     23.55253762	      0.41106933	     40.82759908	      1.03683510	      0.00000000	      6.36037014	      5.30609668	      7.31446084	     13.71036675	      0.23929104	     32.71622188	    -11.67807697	      0.00000000	      0.36046366	     -0.71207974	      1.49490966	      0.66941706	     -0.94706605	      1.58834152	      0.59220575	     -1.73135067	      1.58834152	      0.41197392	     -1.73135067	      1.30804596	      0.33472655	     -1.45207300	      1.21461410	      0.20596894	     -1.10301151	      1.12118225	      2.57475588	     -8.05518840	      8.31423907	      0.00000000	      0.00000000	     28.22601362	      0.52457496	     -4.24232613	      9.42812623	    -11.44871882	      9.92157417	     45.96418001	     85.63778433	     -8.88824744	      8.57068109	     16.73296027	    -14.29038987	     89.29708862	     19.87353060	     48.30108066	     -6.37009977	     -0.89579211
      4.46666667	     -2.00500382	      1.30515854	     86.92743714	      0.24598775	      0.86949936	      0.70368956	     10.89041566	     -4.56222759	     -4.83676760	     22.83866540	      0.39860991	     40.25060681	      1.62351878	      0.00000000	      6.52811431	      4.41093112	      9.31133403	     13.79195199	      0.24071497	     32.37762019	    -13.91891375	      0.00000000	      0.37396108	     -0.44565861	      1.51042871	      0.69448312	     -0.59272596	      1.60483050	      0.61438065	     -1.08357435	      1.60483050	      0.42740011	     -1.08357435	      1.32162512	      0.34726026	     -0.90878705	      1.22722333	      0.21368136	     -0.69032519	      1.13282153	      2.67116658	     -5.04137937	      8.40055136	      0.00000000	      0.00000000	     28.25697363	     -1.19619303	     -1.45765070	      9.04338425	    -13.00574938	     13.10946279	     40.89539784	     84.67529321	    -11.17344952	      6.67619768	     20.35490086	     -6.66386828	    144.98254093	      8.85814353	      3.67768168	     -1.65016479	     -9.52932793
      4.48333333	     -1.30163531	      0.89976335	     87.29303337	      0.24333375	      0.86870141	      0.70332289	     10.98601683	     -4.02320437	     -5.53062249	     22.40767671	      0.39108774	     39.76132749	      1.38818893	      0.00000000	      6.86769358	      3.88823532	     10.34912168	     13.81533338	      0.24112305	     32.20531984	    -14.44995258	      0.00000000	      0.39951015	     -0.28599029	      1.40824416	      0.74193031	     -0.38036708	      1.49625942	      0.65635523	     -0.69535678	      1.49625942	      0.45660015	     -0.69535678	      1.23221364	      0.37098513	     -0.58319139	      1.14419838	      0.22828010	     -0.44299895	      1.05618312	      2.85366108	     -3.23517931	      7.83223154	      0.00000000	      0.00000000	     28.29637058	     -2.20667779	      0.64179473	      8.42006081	    -13.89912366	     16.56636497	     37.01307764	     83.71761728	    -13.38274140	      4.62528573	     21.31306023	     -4.87485233	    149.07256481	      7.44246066	      3.48671913	     -4.57033143	    -10.72476943
      4.50000000	     -0.70840531	      0.50473661	     87.61250543	      0.24123595	      0.86813761	      0.70307452	     11.11313722	     -3.52577005	     -5.92314163	     22.01681683	      0.38426594	     39.12036570	      1.10579097	      0.00000000	      7.15748149	      3.39448510	     10.99782585	     13.67903795	      0.23874425	     32.05688827	    -14.54168496	      0.00000000	      0.42094053	     -0.15316146	      1.33801975	      0.78172865	     -0.20370475	      1.42164599	      0.69156319	     -0.37239678	      1.42164599	      0.48109293	     -0.37239678	      1.17076728	      0.39088537	     -0.31232686	      1.08714105	      0.24052542	     -0.23724711	      1.00351481	      3.00673608	     -1.73259310	      7.44166445	      0.00000000	      0.00000000	     28.32240454	     -3.27516468	      2.01857173	      7.12807175	    -14.39399000	     18.23197807	     34.38560729	     83.82817266	    -14.33984423	      2.49681153	     22.49352560	     -3.50659871	    151.31346848	      6.55850172	      4.24766819	     -8.28756665	    -11.75849444
      4.51666667	     -0.29396797	      0.27185399	     88.52823387	      0.23911250	      0.86797754	      0.70318544	     11.06136268	     -3.20854435	     -6.39134587	     21.67891529	      0.37836845	     38.50863721	      0.25567999	      0.00000000	      7.34710617	      3.15876398	     12.45129418	     13.56305689	      0.23672000	     31.71562188	    -15.06018462	      0.00000000	      0.41457209	     -0.06371228	      1.07887981	      0.76990183	     -0.08473734	      1.14630980	      0.68110049	     -0.15491004	      1.14630980	      0.47381444	     -0.15491004	      0.94401984	      0.38497165	     -0.12992209	      0.87658985	      0.23688649	     -0.09869033	      0.80915986	      2.96124700	     -0.72072608	      6.00040586	      0.00000000	      0.00000000	     28.33734080	     -3.18006466	      3.68185243	      6.56953389	    -15.08723056	     23.61904723	     32.24582101	     79.97293356	    -16.25300541	      0.52819379	     23.55509531	     -2.40618721	    158.42755752	      4.79576059	      3.06209134	    -12.20998866	    -11.22656661
      4.53333333	     -0.01661033	     -0.04192117	     88.87073185	      0.23819048	      0.86787136	      0.70324068	     11.31418293	     -2.96109366	     -6.38395204	     21.56074391	      0.37630597	     38.16952623	      0.00868515	      0.00000000	      7.46254049	      2.87387905	     12.85596396	     13.07489846	      0.22820003	     31.54774682	    -14.81514960	      0.00000000	      0.42345490	      0.00481680	      0.91017320	      0.78639809	      0.00640634	      0.96705903	      0.69569405	      0.01171156	      0.96705903	      0.48396660	      0.01171156	      0.79640155	      0.39322022	      0.00982241	      0.73951573	      0.24196213	      0.00746122	      0.68262990	      3.02469600	      0.05448857	      5.06211030	      0.00000000	      0.00000000	     28.34300355	     -3.41065392	      5.08358500	      5.46563776	    -14.97913119	     24.95026280	     31.10421794	     79.65821941	    -15.99092797	     -0.83364436	     24.53759086	     -1.85570199	    160.78337182	      3.67432321	      4.62804737	    -15.16613315	    -11.18374773
      4.55000000	      0.20190737	     -0.12367690	     89.43720448	      0.23746361	      0.86818935	      0.70333173	     11.31097210	     -2.69535152	     -6.03258800	     21.34305392	      0.37250656	     38.02226467	     -0.90482984	      0.00000000	      7.55647614	      2.70127835	     13.58416034	     13.02605497	      0.22734755	     31.49510617	    -14.81395669	      0.00000000	      0.39767993	      0.05274248	      0.64503419	      0.73853140	      0.07014750	      0.68534883	      0.65334836	      0.12823807	      0.68534883	      0.45450840	      0.12823807	      0.56440492	      0.36928559	      0.10755247	      0.52409028	      0.22723431	      0.08169811	      0.48377564	      2.84058799	      0.59663352	      3.58748666	      0.00000000	      0.00000000	     28.33898867	     -2.41568134	      7.26908162	      5.62441812	    -15.44753749	     31.75704485	     30.09498708	     72.41957978	    -16.36835400	     -2.91685676	     25.46850746	     -1.32867347	    169.98455652	      2.20372696	      3.47243156	    -17.76101336	     -7.93691493
      4.56666667	      0.46622477	     -0.33553662	     89.74264292	      0.23687978	      0.86841319	      0.70308689	     11.58000064	     -2.43476704	     -5.78746523	     21.28615321	      0.37151346	     38.25339038	     -1.20847734	      0.00000000	      7.64857768	      2.41554826	     13.83394876	     12.70188643	      0.22168974	     31.62536854	    -14.53122608	      0.00000000	      0.39971339	      0.11047048	      0.39746641	      0.74230774	      0.14692574	      0.42230806	      0.65668914	      0.26859792	      0.42230806	      0.45683244	      0.26859792	      0.34778311	      0.37117386	      0.22527140	      0.32294146	      0.22839623	      0.17111877	      0.29809981	      2.85511281	      1.24966416	      2.21058895	      0.00000000	      0.00000000	     28.33444659	     -1.75257735	      9.49781352	      5.92919329	    -15.52496954	     35.87137015	     29.66799991	     69.39823409	    -15.71288668	     -3.13266139	     26.19608496	     -0.90010016	    173.90353218	      1.56570363	      4.66317502	    -18.50694806	     -5.68502488
      4.58333333	      0.72491926	     -0.61870272	     89.87269731	      0.23651468	      0.86856892	      0.70258930	     12.00138901	     -2.18856883	     -5.50986399	     21.30172879	      0.37178530	     38.74262306	     -1.19751589	      0.00000000	      7.76983040	      2.11499534	     13.95994550	     12.31338768	      0.21490916	     31.82765916	    -14.36402824	      0.00000000	      0.41664277	      0.16355763	      0.18938015	      0.77374729	      0.21753165	      0.20121641	      0.68450241	      0.39767403	      0.20121641	      0.47618102	      0.39767403	      0.16570764	      0.38689448	      0.33352672	      0.15387138	      0.23806968	      0.25335077	      0.14203512	      2.97603765	      1.85019664	      1.05327561	      0.00000000	      0.00000000	     28.33483973	     -1.06128475	     11.66421005	      6.38037229	    -15.26711916	     37.57191140	     29.62962524	     69.43430038	    -14.34800897	     -1.76401460	     26.73324566	     -0.31824458	    175.32202111	      1.28858753	      5.93629098	    -17.54198992	     -3.93990733
      4.60000000	      0.83856918	     -1.06564939	     89.87828634	      0.23649234	      0.86842944	      0.70181267	     12.64673142	     -2.08161282	     -5.17918228	     21.38843484	      0.37329861	     39.45023632	     -1.02643144	      0.00000000	      7.98527044	      1.92732594	     13.96951442	     11.79322522	      0.20583061	     31.98648009	    -14.17249765	      0.00000000	      0.46912632	      0.18727255	      0.05546669	      0.87121449	      0.24907249	      0.05893335	      0.77072763	      0.45533447	      0.05893335	      0.53616447	      0.45533447	      0.04853335	      0.43563070	      0.38188618	      0.04506668	      0.26805878	      0.29008518	      0.04160001	      3.35092239	      2.11846451	      0.30848906	      0.00000000	      0.00000000	     28.34285191	     -0.67286843	     12.91833432	      6.98921266	    -14.82516169	     38.63957666	     29.77613021	     69.20920446	    -12.85566589	     -0.12001729	     27.01983159	      0.42246445	    174.88500943	      1.24540961	      5.43375476	    -15.61750649	     -2.92852497
      4.61666667	      1.04826615	     -1.46165965	     89.86354240	      0.23643273	      0.86823341	      0.70114198	     13.14224009	     -1.92111755	     -5.19975075	     21.29712074	      0.37170488	     40.10601487	     -0.37195303	      0.00000000	      8.27802781	      1.63279601	     13.64251668	     11.52634390	      0.20117265	     32.48466360	    -13.54448456	      0.00000000	      0.51149684	      0.22081982	     -0.09921466	      0.94990079	      0.29369036	     -0.10541557	      0.84033816	      0.53690131	     -0.10541557	      0.58458974	      0.53690131	     -0.08681283	      0.47497597	      0.45029578	     -0.08061191	      0.29226930	      0.34204990	     -0.07441099	      3.65357081	      2.49795797	     -0.55180216	      0.00000000	      0.00000000	     28.35523820	      0.18846639	     14.70850683	      8.19021223	    -14.30434174	     40.47998174	     29.74076317	     66.97963276	    -11.57612164	      1.01267915	     26.99838197	      1.13645721	    168.23168279	      1.64772036	      3.57845360	    -13.12263128	     -3.65901976
      4.63333333	      1.02391297	     -1.92111130	     89.55934051	      0.23691915	      0.86775842	      0.70041579	     13.69958365	     -1.94022094	     -5.07113256	     21.20780166	      0.37014597	     40.71880665	      0.48704830	      0.00000000	      8.51258352	      1.53589672	     13.15969851	     11.05108315	      0.19287779	     32.75985004	    -13.19004613	      0.00000000	      0.57402286	      0.21323802	     -0.10118353	      1.06601786	      0.28360657	     -0.10750750	      0.94306216	      0.51846692	     -0.10750750	      0.65605073	      0.51846692	     -0.08853559	      0.53303763	      0.43483497	     -0.08221162	      0.32799666	      0.33030569	     -0.07588765	      4.10018789	      2.41219112	     -0.56275245	      0.00000000	      0.00000000	     28.37150723	      0.75254869	     15.14602275	      9.10125992	    -13.55350013	     41.08376859	     29.77716993	     64.20218268	    -10.37818854	      1.52382753	     27.23184849	      1.75110143	    154.10091672	      3.71147624	      2.55315490	    -10.64253099	     -5.47006714
      4.65000000	      0.66231422	     -2.27885850	     89.30594433	      0.23794866	      0.86704181	      0.70027920	     14.16039558	     -2.31050553	     -5.12899881	     21.17316865	      0.36954151	     41.30486893	      1.51786416	      0.00000000	      8.71206600	      1.78057509	     12.75507651	     10.67434731	      0.18630251	     32.90865956	    -12.92303561	      0.00000000	      0.62158022	      0.14852043	     -0.03416537	      1.15433663	      0.19753218	     -0.03630070	      1.02119414	      0.36111258	     -0.03630070	      0.71040403	      0.36111258	     -0.02989470	      0.57719939	      0.30286287	     -0.02775936	      0.35517094	      0.23005815	     -0.02562403	      4.43988535	      1.68009285	     -0.19001752	      0.00000000	      0.00000000	     28.38640715	      1.11781619	     14.53144516	     10.27708741	    -12.56363749	     42.59378734	     29.35747119	     59.67270392	     -9.77073089	      1.00381303	     28.01777166	      0.96455989	    129.21341149	      9.50637905	      3.51965599	     -9.72865128	     -7.30696081
      4.66666667	      0.09652587	     -2.65282943	     88.86178654	      0.23944956	      0.86616004	      0.70007187	     14.58169675	     -2.83063458	     -5.13754488	     21.07476851	      0.36782410	     41.79317764	      2.63503467	      0.00000000	      8.85993698	      2.21064674	     12.38090733	     10.21769747	      0.17833246	     32.78587936	    -13.02215261	      0.00000000	      0.67091136	      0.06286083	      0.09494083	      1.24594948	      0.08360491	      0.10087463	      1.10224027	      0.15283983	      0.10087463	      0.76678459	      0.15283983	      0.08307323	      0.62300828	      0.12818581	      0.07713942	      0.38335875	      0.09737143	      0.07120562	      4.79225272	      0.71109433	      0.52803241	      0.00000000	      0.00000000	     28.40201632	      1.23430797	     13.69672383	     11.32342066	    -11.51614080	     43.95511637	     28.89210847	     55.33961675	     -9.34472828	     -0.26713569	     27.91654656	      0.12706581	    113.40840408	     13.29622748	      5.61017237	     -9.49182288	     -7.56678545
      4.68333333	     -0.37013235	     -2.98556059	     88.29946893	      0.24090872	      0.86533603	      0.69996768	     14.90712773	     -3.20254741	     -4.98623061	     20.93921261	      0.36545820	     42.08447023	      3.54449576	      0.00000000	      9.00952902	      2.54371615	     11.99575740	      9.87216871	      0.17230185	     32.65099793	    -13.22801231	      0.00000000	      0.71357650	     -0.00676551	      0.29212510	      1.32518292	     -0.00899812	      0.31038292	      1.17233483	     -0.01644965	      0.31038292	      0.81554658	     -0.01644965	      0.25560946	      0.66262714	     -0.01379622	      0.23735164	      0.40773761	     -0.01047977	      0.21909383	      5.09700558	     -0.07653276	      1.62471218	      0.00000000	      0.00000000	     28.41516071	      0.87396801	     12.31598063	     11.85310428	    -10.43305439	     43.32693264	     28.51787381	     53.53287339	     -8.69293312	     -1.60159093	     28.11683172	      0.75058227	    111.71289477	     13.67160468	      4.85043863	     -8.68102467	     -8.33898510
      4.70000000	     -0.82351091	     -3.24974302	     87.71844672	      0.24226282	      0.86472697	      0.70017691	     15.07802009	     -3.61341335	     -5.25796073	     20.68224080	      0.36097320	     42.20658180	      4.79881457	      0.00000000	      9.23474837	      2.88480238	     11.56972161	      9.80249570	      0.17108582	     32.52018676	    -13.48104146	      0.00000000	      0.74368811	     -0.07489860	      0.51500424	      1.38110320	     -0.09961514	      0.54719200	      1.22180520	     -0.18210847	      0.54719200	      0.84996115	     -0.18210847	      0.45062871	      0.69058878	     -0.15273323	      0.41844094	      0.42494339	     -0.11601794	      0.38625318	      5.31208983	     -0.84726799	      2.86429906	      0.00000000	      0.00000000	     28.42292040	      0.11142891	     10.38167723	     12.41264174	     -9.51452916	     43.61125175	     28.11817985	     51.00700445	     -8.03880461	     -3.18877707	     28.45564035	      1.54317217	    111.66986350	     13.63522566	      5.64288180	     -8.37958028	     -9.64648511
      4.71666667	     -1.09072250	     -3.35404995	     87.50190928	      0.24278885	      0.86455258	      0.70092681	     14.95057230	     -4.03087601	     -6.46980813	     20.32320557	      0.35470685	     42.16495124	      6.67735340	      0.00000000	      9.56710213	      3.11326145	     11.06629978	     10.19963210	      0.17801716	     32.60689996	    -13.27133359	      0.00000000	      0.74007719	     -0.11423532	      0.63679888	      1.37439736	     -0.15193298	      0.67659881	      1.21587282	     -0.27775176	      0.67659881	      0.84583422	     -0.27775176	      0.55719902	      0.68723568	     -0.23294867	      0.51739909	      0.42288011	     -0.17695051	      0.47759916	      5.28629738	     -1.29225281	      3.54168435	      0.00000000	      0.00000000	     28.42708875	     -0.55651248	      8.96248698	     13.50566896	     -8.99491515	     46.98753200	     27.75279867	     45.42140912	     -7.65682652	     -5.17926450	     28.91002617	      2.51532558	    113.94742261	     13.18689744	      5.86089007	     -8.01657143	    -11.43867867
      4.73333333	     -1.34335546	     -3.46148484	     87.40857016	      0.24313653	      0.86452333	      0.70184679	     14.82058093	     -4.29110517	     -6.87167334	     19.98278096	      0.34876532	     41.73331777	      7.18480518	      0.00000000	     10.02212597	      3.35886029	     10.66790414	     10.80187541	      0.18852829	     32.71675883	    -13.10080942	      0.00000000	      0.73572814	     -0.15097402	      0.77002500	      1.36632073	     -0.20079545	      0.81815156	      1.20872776	     -0.36707823	      0.81815156	      0.84086369	     -0.36707823	      0.67377188	      0.68319715	     -0.30786622	      0.62564531	      0.42039506	     -0.23385876	      0.57751875	      5.25523253	     -1.70784831	      4.28264805	      0.00000000	      0.00000000	     28.42744662	     -1.44115641	      7.36160563	     13.91890564	     -8.30300846	     47.00052882	     27.66418961	     44.52714279	     -6.48413850	     -5.92336076	     29.18258406	      3.32450889	    114.52887235	     13.24804794	      6.43276204	     -7.23565074	    -12.99753775
      4.75000000	     -1.53371917	     -3.48294725	     87.55878348	      0.24290929	      0.86481167	      0.70301815	     14.53283859	     -4.73236490	     -8.57062094	     19.64822172	      0.34292616	     41.33481173	      9.01608812	      0.00000000	     10.55060668	      3.50758748	      9.36914001	     11.65916334	      0.20349079	     33.09134570	    -11.48245987	      0.00000000	      0.71432085	     -0.17725547	      0.83225100	      1.32656525	     -0.23574977	      0.88426669	      1.17355773	     -0.43097895	      0.88426669	      0.81639730	     -0.43097895	      0.72821963	      0.66331834	     -0.36145935	      0.67620394	      0.40816293	     -0.27456872	      0.62418825	      5.10232241	     -2.00514931	      4.62873039	      0.00000000	      0.00000000	     28.42633630	     -2.19192491	      6.23976175	     14.54752333	     -7.79906251	     48.57518600	     27.72819174	     41.54967032	     -5.57025331	     -6.45088317	     29.19795971	      3.69207576	    111.97589876	     14.32885815	      7.10586268	     -6.08214413	    -13.82223134
      4.76666667	     -1.68617703	     -3.54499160	     87.81387859	      0.24264224	      0.86520933	      0.70397252	     14.26572343	     -5.00162402	     -9.57605713	     19.29709594	      0.33679786	     40.68825893	      9.73852975	      0.00000000	     11.05889005	      3.61075571	      8.22322137	     12.41591391	      0.21669858	     33.32339530	     -9.94505750	      0.00000000	      0.70501581	     -0.19509319	      0.83860191	      1.30928486	     -0.25947395	      0.89101453	      1.15827047	     -0.47434959	      0.89101453	      0.80576257	     -0.47434959	      0.73377667	      0.65467768	     -0.39783404	      0.68136405	      0.40284603	     -0.30219935	      0.62895143	      5.03585742	     -2.20693321	      4.66405223	      0.00000000	      0.00000000	     28.42551798	     -2.70198768	      5.69263663	     15.06070739	     -7.34454841	     50.22610773	     28.00754988	     38.33355174	     -4.33404831	     -6.51686541	     27.97446776	      2.76131172	     97.91330907	     17.77074146	     15.11091325	     -5.68640955	    -12.32427940
      4.78333333	     -1.61680967	     -3.51797531	     87.97646672	      0.24220390	      0.86606142	      0.70483082	     13.84001891	     -4.97108761	    -10.35776927	     18.77226601	      0.32763785	     39.85856993	     10.15516558	      0.00000000	     11.28811539	      3.56280582	      8.08378967	     12.85095403	      0.22429146	     33.11406021	     -9.77301262	      0.00000000	      0.68596463	     -0.18008283	      0.87390893	      1.27390491	     -0.23951016	      0.92852824	      1.12697129	     -0.43785338	      0.92852824	      0.78398897	     -0.43785338	      0.76467031	      0.63698675	     -0.36722490	      0.71005101	      0.39196019	     -0.27894830	      0.65543170	      4.89977674	     -2.03713295	      4.86041929	      0.00000000	      0.00000000	     28.42111302	     -3.23564340	      5.49517058	     15.10863612	     -6.97098214	     49.73316226	     28.52641870	     37.53288380	     -3.15596656	     -5.76868279	     27.52295018	      2.81374833	     95.43838125	     19.47161019	     13.59581176	     -3.62951772	    -11.12720687
      4.80000000	     -1.50169603	     -3.53949744	     88.33616514	      0.24130695	      0.86698634	      0.70543292	     13.44094599	     -5.10048485	    -12.29103743	     18.32184089	      0.31977645	     39.30561338	     11.87470360	      0.00000000	     11.58232142	      3.38736649	      6.99266494	     13.31639976	      0.23241502	     33.22432885	     -7.96368589	      0.00000000	      0.68241422	     -0.15348732	      0.77691544	      1.26731145	     -0.20413814	      0.82547265	      1.12113832	     -0.37318907	      0.82547265	      0.77993121	     -0.37318907	      0.67980101	      0.63368984	     -0.31299134	      0.63124379	      0.38993149	     -0.23775186	      0.58268658	      4.87441653	     -1.73627926	      4.32097060	      0.00000000	      0.00000000	     28.41768869	     -3.17684230	      6.26636610	     15.60026451	     -6.86546986	     52.01108085	     29.08366357	     33.52796497	     -2.21832750	     -5.56761674	     25.63339949	      2.03129003	     84.09177665	     22.40296636	     20.91734204	     -3.49143238	     -7.59153552
      4.81666667	     -1.26818174	     -3.48929677	     88.52465699	      0.24061758	      0.86811824	      0.70588614	     12.96195405	     -4.89409419	    -13.23165623	     17.66653748	      0.30833925	     38.68652420	     12.51366059	      0.00000000	     11.69229043	      3.19106353	      7.10019132	     13.62665839	      0.23783005	     33.01651899	     -8.00505158	      0.00000000	      0.67402309	     -0.11342558	      0.74919615	      1.25172827	     -0.15085602	      0.79602090	      1.10735253	     -0.27578296	      0.79602090	      0.77034098	     -0.27578296	      0.65554663	      0.62589784	     -0.23129745	      0.60872187	      0.38513679	     -0.17569623	      0.56189711	      4.81447950	     -1.28309286	      4.16680420	      0.00000000	      0.00000000	     28.41122307	     -3.41612280	      6.70904493	     15.59715738	     -6.81550046	     52.11851440	     29.61554518	     32.57727054	     -1.51892976	     -4.90259077	     24.90295263	      1.74001649	     81.84953770	     24.34448516	     20.18777488	     -2.94705586	     -5.46436879
      4.83333333	     -0.92174525	     -3.35222948	     88.67766237	      0.23982468	      0.86945191	      0.70636037	     12.46549690	     -4.53408420	    -13.80453457	     17.02336348	      0.29711374	     38.21163676	     13.02210904	      0.00000000	     11.72097061	      2.87222909	      7.22077973	     13.90718960	      0.24272625	     32.87512209	     -7.94450451	      0.00000000	      0.64873884	     -0.06126137	      0.73619890	      1.20477290	     -0.08147763	      0.78221133	      1.06581304	     -0.14895091	      0.78221133	      0.74144362	     -0.14895091	      0.64417403	      0.60241889	     -0.12492419	      0.59816160	      0.37068937	     -0.09489387	      0.55214917	      4.63387668	     -0.69300092	      4.09451741	      0.00000000	      0.00000000	     28.40190999	     -3.78385286	      6.81056839	     15.56082937	     -7.03265213	     52.55875759	     30.06543230	     32.00748005	     -0.92946879	     -4.47307059	     24.45188378	      1.58834136	     81.01592234	     25.83296903	     19.97196905	     -2.84970524	     -3.56319753
      4.85000000	     -0.74575514	     -3.28690388	     88.93219346	      0.23924107	      0.87053194	      0.70664938	     12.11301691	     -4.46155385	    -15.10332178	     16.56108755	      0.28904551	     38.15533122	     14.39271153	      0.00000000	     11.79810780	      2.75233219	      7.61630566	     14.12836427	      0.24658647	     32.87749071	     -8.09410009	      0.00000000	      0.63788964	     -0.03452179	      0.63479665	      1.18462485	     -0.04591398	      0.67447144	      1.04798889	     -0.08393628	      0.67447144	      0.72904407	     -0.08393628	      0.55544707	      0.59234432	     -0.07039683	      0.51577228	      0.36449014	     -0.05347425	      0.47609749	      4.55638191	     -0.39051739	      3.53054852	      0.00000000	      0.00000000	     28.39614982	     -3.72614283	      7.35669720	     15.97707124	     -7.19557470	     55.73017672	     30.08056626	     29.33410508	     -0.63986341	     -4.63323605	     23.34961009	      1.00270098	     77.45061883	     27.61389005	     23.51452275	     -3.42967999	     -2.10706362
      4.86666667	     -0.69056486	     -3.23087064	     88.90894964	      0.23932660	      0.87135234	      0.70685273	     11.90837981	     -4.31106070	    -15.11422190	     16.19285232	      0.28261859	     38.21176052	     14.54761192	      0.00000000	     11.82653264	      2.68211883	      7.74811146	     14.24530707	      0.24862751	     33.11096226	     -8.13988922	      0.00000000	      0.62606677	     -0.03078020	      0.65506428	      1.16266861	     -0.04093766	      0.69600580	      1.02856510	     -0.07483897	      0.69600580	      0.71553172	     -0.07483897	      0.57318125	      0.58136561	     -0.06276697	      0.53223973	      0.35773455	     -0.04767852	      0.49129821	      4.47193236	     -0.34819173	      3.64327101	      0.00000000	      0.00000000	     28.38688214	     -3.90996173	      7.21982695	     15.70671994	     -7.29549350	     56.37418183	     30.25279327	     29.60528314	     -0.44829826	     -4.19482718	     23.03829340	      0.63958241	     77.86794710	     28.65785951	     23.90659803	     -3.42992705	     -2.20636677
      4.88333333	     -0.61678314	     -3.08624754	     89.10259025	      0.23922999	      0.87203202	      0.70715068	     11.63669840	     -4.24783914	    -15.66553148	     15.94882647	      0.27835953	     38.41992223	     15.12939414	      0.00000000	     11.78092639	      2.63856802	      8.05369273	     14.34830340	      0.25042514	     33.35397698	     -8.23512411	      0.00000000	      0.59294020	     -0.02865613	      0.61071741	      1.10114924	     -0.03811266	      0.64888724	      0.97414145	     -0.06967452	      0.64888724	      0.67767135	     -0.06967452	      0.53437773	      0.55060427	     -0.05843559	      0.49620789	      0.33880603	     -0.04438835	      0.45803805	      4.23531255	     -0.32416391	      3.39662700	      0.00000000	      0.00000000	     28.37118709	     -4.02322545	      6.90415508	     15.91637094	     -7.39744096	     58.56684263	     29.93702742	     30.57097707	      0.10615928	     -3.90435249	     23.01162003	      0.31341898	     79.29160085	     29.38783185	     26.64441820	     -5.15253660	     -3.90349287
      4.90000000	     -0.61534010	     -2.95929915	     89.02759172	      0.23959658	      0.87238011	      0.70727951	     11.50743366	     -4.20938267	    -15.82747928	     15.88371452	      0.27722312	     38.73546532	     15.55176460	      0.00000000	     11.67379025	      2.60713645	      8.10239567	     14.31921070	      0.24991737	     33.71538884	     -8.16019644	      0.00000000	      0.56036009	     -0.03427880	      0.63051767	      1.04064473	     -0.04559080	      0.66992503	      0.92061559	     -0.08334547	      0.66992503	      0.64043555	     -0.08334547	      0.55170296	      0.52035038	     -0.06990132	      0.51229561	      0.32018976	     -0.05309786	      0.47288825	      4.00259610	     -0.38776860	      3.50675013	      0.00000000	      0.00000000	     28.35062173	     -4.06950688	      6.72887516	     16.00345876	     -7.49582711	     60.45339351	     29.74487820	     31.68907448	      0.54616335	     -3.75102476	     22.99560517	      0.08505197	     80.45912101	     29.62482038	     29.55598398	     -5.72431867	     -5.55688072
      4.91666667	     -0.58768632	     -2.83034691	     88.89377298	      0.23985900	      0.87241812	      0.70727867	     11.42126022	     -4.14006274	    -15.69924798	     15.90882335	      0.27766135	     39.02591317	     15.67012915	      0.00000000	     11.54593667	      2.49588667	      7.54800672	     14.25953293	      0.24887580	     34.21706742	     -7.38470104	      0.00000000	      0.52598816	     -0.03075568	      0.67206546	      0.97681261	     -0.04090505	      0.71406955	      0.86414595	     -0.07477936	      0.71406955	      0.60115187	     -0.07477936	      0.58805728	      0.48843260	     -0.06271698	      0.54605318	      0.30054963	     -0.04764055	      0.50404909	      3.75708082	     -0.34791440	      3.73782646	      0.00000000	      0.00000000	     28.32793215	     -4.14710839	      6.54006557	     15.85459498	     -7.64112206	     61.10347450	     29.75616760	     34.48918021	      0.87220348	     -3.56104628	     22.73576410	     -0.16912908	     79.85535027	     29.93640029	     34.56691977	     -5.71032130	     -6.05991671
      4.93333333	     -0.49738548	     -2.65315456	     88.76280076	      0.24008351	      0.87225570	      0.70706580	     11.30633168	     -4.03472016	    -15.59658479	     16.05499173	      0.28021247	     39.24593128	     15.67808497	      0.00000000	     11.26212006	      2.38894135	      7.55428097	     14.06503117	      0.24548110	     34.41619175	     -7.33993089	      0.00000000	      0.48875558	     -0.01669745	      0.70977004	      0.90766800	     -0.02220761	      0.75413067	      0.80297655	     -0.04059819	      0.75413067	      0.55859876	     -0.04059819	      0.62104879	      0.45385844	     -0.03404945	      0.57668816	      0.27927494	     -0.02586436	      0.53232753	      3.49113227	     -0.18888494	      3.94752806	      0.00000000	      0.00000000	     28.29871221	     -4.13638922	      6.53798680	     15.62929031	     -7.95625228	     61.68289224	     30.29166433	     35.10419884	      1.13581368	     -3.70881528	     22.71384936	     -0.61374889	     80.31918682	     30.74291763	     34.94358655	     -5.04943003	     -6.17840191
      4.95000000	     -0.47728510	     -2.37533624	     88.03144114	      0.24098182	      0.87218780	      0.70650496	     11.21915020	     -3.87900303	    -14.63186277	     16.34098031	      0.28520391	     39.35021265	     15.17837650	      0.00000000	     10.64075145	      2.19347903	      6.40884993	     13.53170176	      0.23617275	     34.53203227	     -6.60417102	      0.00000000	      0.44079443	     -0.00337916	      0.87221754	      0.81859933	     -0.00449429	      0.92673114	      0.72418117	     -0.00821610	      0.92673114	      0.50378395	     -0.00821610	      0.76319035	      0.40932171	     -0.00689079	      0.70867675	      0.25186994	     -0.00523433	      0.65416316	      3.14855053	     -0.03822579	      4.85101231	      0.00000000	      0.00000000	     28.26231823	     -4.11501996	      6.67379122	     15.06296453	     -8.09734710	     59.51743218	     30.44958804	     44.28950444	      1.15203146	     -4.90807098	     22.83551127	     -0.94090031	     80.01398644	     30.95273838	     38.16241729	     -2.09857511	     -5.26901928
      4.96666667	     -0.33166218	     -2.14004999	     87.80686707	      0.24135048	      0.87176318	      0.70568318	     11.05160772	     -3.73058098	    -14.47421240	     16.61422150	      0.28997287	     39.44761366	     15.02616074	      0.00000000	     10.10741036	      2.03463502	      6.20364181	     13.16002625	      0.22968579	     34.40015060	     -6.71243758	      0.00000000	      0.41035106	      0.01832441	      0.90401136	      0.76206296	      0.02437147	      0.96051207	      0.67416576	      0.04455398	      0.96051207	      0.46899023	      0.04455398	      0.79100994	      0.38105200	      0.03736715	      0.73450923	      0.23447460	      0.02838452	      0.67800852	      2.93109660	      0.20728944	      5.02783998	      0.00000000	      0.00000000	     28.22541914	     -3.92077211	      6.69557163	     14.78425770	     -8.56364624	     59.65434156	     31.52369637	     44.73353231	      1.45678984	     -5.34905776	     22.91378539	     -1.66252861	     80.31995559	     32.15966986	     38.34739537	     -1.00539969	     -4.94477057
      4.98333333	     -0.60111599	     -1.73649887	     86.04008787	      0.24378168	      0.87147153	      0.70380076	     11.05496018	     -3.55392031	    -11.19197931	     17.13793912	      0.29911346	     39.39456637	     12.88637247	      0.00000000	      8.56907617	      2.32178347	      7.23149406	     11.48476957	      0.20044704	     32.96049581	    -10.46516582	      0.00000000	      0.37625569	     -0.00412401	      1.25085441	      0.69874444	     -0.00548494	      1.32903281	      0.61815047	     -0.01002713	      1.32903281	      0.43002263	     -0.01002713	      1.09449761	      0.34939103	     -0.00840969	      1.01631921	      0.21499250	     -0.00638810	      0.93814081	      2.68755676	     -0.04665168	      6.95687697	      0.00000000	      0.00000000	     28.20356386	     -3.52698077	      6.76276630	     13.36135418	     -8.52222860	     54.18097992	     32.53790386	     57.12996858	      1.53756758	     -5.28791547	     22.60803964	     -2.24270783	     78.57858239	     32.74548382	     40.09718980	      3.17711583	     -2.00361872
      5.00000000	     -0.74762295	     -1.31006523	     84.49230377	      0.24631210	      0.87090449	      0.70177165	     11.01000532	     -3.37247707	     -8.74908706	     17.78276160	      0.31036774	     39.44559810	     11.50849972	      0.00000000	      7.11047188	      2.42386997	      7.09943580	     10.10780273	      0.17641444	     31.69298976	    -12.78892280	      0.00000000	      0.35522738	     -0.02197594	      1.49182846	      0.65969277	     -0.02922800	      1.58506774	      0.58360306	     -0.05343230	      1.58506774	      0.40598937	     -0.05343230	      1.30534990	      0.32986415	     -0.04481333	      1.21211062	      0.20297693	     -0.03404073	      1.11887134	      2.53735365	     -0.24859621	      8.29710234	      0.00000000	      0.00000000	     28.19746729	     -2.80672818	      6.90152897	     12.64224578	     -8.72278570	     52.98024396	     34.01120929	     58.88764652	      2.00185174	     -4.59658105	     22.37545283	     -3.15873254	     78.12300081	     33.83710827	     40.01361176	      5.53093858	     -0.36947756
      5.01666667	     -0.76655668	     -0.94599231	     83.14954687	      0.24917809	      0.87003529	      0.69898769	     10.94688737	     -2.78540725	     -4.76784167	     18.39324886	      0.32102275	     39.22779137	      7.84929737	      0.00000000	      5.48398866	      2.48639135	      8.14947918	      8.49389645	      0.14824646	     29.71946358	    -16.61199867	      0.00000000	      0.36860016	     -0.03609446	      1.67219702	      0.68452735	     -0.04800563	      1.77670933	      0.60557320	     -0.08776007	      1.77670933	      0.42127312	     -0.08776007	      1.46317239	      0.34228211	     -0.07360383	      1.35866008	      0.21061813	     -0.05591032	      1.25414776	      2.63287407	     -0.40830776	      9.30025815	      0.00000000	      0.00000000	     28.21931545	     -1.95847545	      6.88143399	     11.31671170	     -8.70811283	     49.53959521	     36.02211233	     63.22252301	      3.59873408	     -2.00253273	     21.79293310	     -4.29573944	     77.25976292	     35.43031613	     40.58447661	      6.36546279	      1.56858737
