Coordinates
version=1
nRows=235
nColumns=63
inDegrees=yes

Units are S.I. units (second, meters, Newtons, ...)
If the header above contains a line with 'inDegrees', this indicates whether rotational values are in degrees (yes) or radians (no).

endheader
time	pelvis_tilt	pelvis_list	pelvis_rotation	pelvis_tx	pelvis_ty	pelvis_tz	hip_flexion_r	hip_adduction_r	hip_rotation_r	knee_angle_r	knee_angle_r_beta	ankle_angle_r	subtalar_angle_r	mtp_angle_r	hip_flexion_l	hip_adduction_l	hip_rotation_l	knee_angle_l	knee_angle_l_beta	ankle_angle_l	subtalar_angle_l	mtp_angle_l	L5_S1_Flex_Ext	L5_S1_Lat_Bending	L5_S1_axial_rotation	L4_L5_Flex_Ext	L4_L5_Lat_Bending	L4_L5_axial_rotation	L3_L4_Flex_Ext	L3_L4_Lat_Bending	L3_L4_axial_rotation	L2_L3_Flex_Ext	L2_L3_Lat_Bending	L2_L3_axial_rotation	L1_L2_Flex_Ext	L1_L2_Lat_Bending	L1_L2_axial_rotation	L1_T12_Flex_Ext	L1_T12_Lat_Bending	L1_T12_axial_rotation	Abs_r3	Abs_r2	Abs_r1	Abs_t1	Abs_t2	neck_flexion	neck_bending	neck_rotation	arm_flex_r	arm_add_r	arm_rot_r	elbow_flex_r	pro_sup_r	wrist_flex_r	wrist_dev_r	arm_flex_l	arm_add_l	arm_rot_l	elbow_flex_l	pro_sup_l	wrist_flex_l	wrist_dev_l
      0.00000000	     -1.98874877	     -5.64760023	     70.74933147	      0.20199188	      0.88504010	      0.58433964	      7.42454001	      7.75077057	     16.25860683	      4.29014594	      0.07487717	     36.01243013	    -15.61236393	      0.00000000	     13.19317404	     -6.16177711	    -13.08546982	     17.91502141	      0.31267611	     48.82462277	     15.94936459	      0.00000000	      0.71171806	      1.01508597	     -0.08498827	      1.32173162	      1.35006434	     -0.09030004	      1.16928161	      2.46808002	     -0.09030004	      0.81342257	      2.46808002	     -0.07436474	      0.66090139	      2.06996331	     -0.06905297	      0.40667570	      1.57236816	     -0.06374120	      5.08373096	     11.48285549	     -0.47267926	      0.00000000	      0.00000000	     28.24092707	     12.31628956	     30.41862409	     21.67535250	     -7.40117717	     89.21450726	     34.29704510	     25.47527405	      1.54277558	     -5.53026476	     17.50272011	     -0.72698318	     69.96585400	     30.70403482	     40.56654452	      8.53744058	      1.88260530
      0.01666667	     -2.19666645	     -5.46103729	     70.21382219	      0.20328153	      0.88541638	      0.58264515	      7.14379078	      7.58936546	     16.74029840	      4.76923892	      0.08323892	     35.69041195	    -16.73346839	      0.00000000	     12.38297787	     -5.82323089	    -12.76145498	     17.26663430	      0.30135962	     48.48568719	     15.32784447	      0.00000000	      0.79668750	      0.96347877	      0.04078529	      1.47952835	      1.28142677	      0.04333437	      1.30887789	      2.34260229	      0.04333437	      0.91053414	      2.34260229	      0.03568713	      0.73980401	      1.96472592	      0.03313805	      0.45522724	      1.49242862	      0.03058897	      5.69065913	     10.89906459	      0.22683555	      0.00000000	      0.00000000	     28.30564919	      9.00057573	     24.63276950	     21.74805003	     -6.48456030	     90.88250178	     33.50336546	     23.75791194	      1.93560759	     -1.41986686	     17.28617596	     -0.89346583	     69.89017166	     30.23472104	     39.38152430	      5.90778376	      0.71220277
      0.03333333	     -2.31886132	     -5.26876701	     69.80710985	      0.20439017	      0.88583599	      0.58177668	      6.98557099	      7.49950600	     16.77254558	      5.24253422	      0.09149948	     35.59647351	    -17.09945915	      0.00000000	     11.77201602	     -5.65632601	    -12.88557314	     16.84051561	      0.29392245	     48.28349016	     15.19168377	      0.00000000	      0.84157349	      0.92464530	      0.14020937	      1.56288613	      1.22977825	      0.14897245	      1.38262109	      2.24818259	      0.14897245	      0.96183434	      2.24818259	      0.12268320	      0.78148514	      1.88553670	      0.11392011	      0.48087509	      1.43227558	      0.10515703	      6.01127529	     10.45977261	      0.77980245	      0.00000000	      0.00000000	     28.32862617	      6.67744591	     20.54005158	     21.63353151	     -5.74367292	     91.39902764	     32.80904288	     21.98305797	      1.96203118	      1.02415632	     17.21049430	     -1.06276805	     70.29896685	     29.99213677	     36.40586554	      3.68651650	      0.04153152
      0.05000000	     -2.37470800	     -5.04589494	     69.51083232	      0.20518441	      0.88642957	      0.58125316	      6.76141862	      7.41768256	     16.85581779	      5.47582323	      0.09557114	     35.50489112	    -17.29003189	      0.00000000	     11.26564519	     -5.55308323	    -13.08584868	     16.56219903	      0.28906490	     48.15009400	     15.15765082	      0.00000000	      0.86999810	      0.88587427	      0.24615156	      1.61567348	      1.17821278	      0.26153604	      1.42931988	      2.15391471	      0.26153604	      0.99432083	      2.15391471	      0.21538262	      0.80788024	      1.80647482	      0.19999815	      0.49711692	      1.37221925	      0.18461367	      6.21430945	     10.02118694	      1.36902115	      0.00000000	      0.00000000	     28.33315963	      4.17344854	     15.60171692	     21.16246506	     -5.27395902	     90.55609816	     32.14066771	     20.42261580	      2.14261117	      2.22776288	     17.61014933	     -1.01883183	     72.73404263	     29.30386439	     31.24355556	      2.62140246	     -0.91454057
      0.06666667	     -2.43400262	     -4.81708047	     69.15126369	      0.20605809	      0.88700005	      0.58105999	      6.56382602	      7.33144889	     17.14372101	      5.62172845	      0.09811767	     35.44507573	    -17.39642037	      0.00000000	     10.79915557	     -5.45887857	    -13.43263376	     16.29526393	      0.28440601	     48.04323199	     15.10189405	      0.00000000	      0.87929442	      0.84911956	      0.34111736	      1.63293766	      1.12932902	      0.36243720	      1.44459280	      2.06454930	      0.36243720	      1.00494559	      2.06454930	      0.29847769	      0.81651280	      1.73152461	      0.27715786	      0.50242883	      1.31528620	      0.25583802	      6.28071209	      9.60541029	      1.89719244	      0.00000000	      0.00000000	     28.32599969	      2.09466005	     11.21752199	     20.63234223	     -4.86297225	     89.34887827	     31.52714800	     19.00414451	      1.97817636	      2.32994364	     17.57833952	     -1.01280847	     73.15397911	     29.00045971	     28.21259706	      1.79314157	     -0.69927774
      0.08333333	     -2.45021720	     -4.61641554	     68.94597197	      0.20661756	      0.88756866	      0.58111392	      6.39679897	      7.26937387	     17.32586181	      5.67134198	      0.09898359	     35.43374445	    -17.36270083	      0.00000000	     10.48324206	     -5.41532816	    -13.74100547	     16.15142873	      0.28189561	     47.99059367	     15.14635609	      0.00000000	      0.87679677	      0.82239429	      0.39728426	      1.62829929	      1.09378440	      0.42211452	      1.44048942	      1.99956947	      0.42211452	      1.00209103	      1.99956947	      0.34762372	      0.81419348	      1.67702643	      0.32279346	      0.50100168	      1.27388875	      0.29796319	      6.26287167	      9.30308868	      2.20957584	      0.00000000	      0.00000000	     28.30777770	      0.50574413	      7.75044078	     20.19583477	     -4.58496280	     88.33858781	     31.00267062	     17.47532323	      1.88233750	      1.65495242	     17.70641327	     -0.99874640	     74.23679451	     28.74028347	     24.93685228	      1.35055179	     -0.42657275
      0.10000000	     -2.45502383	     -4.46260384	     68.68444184	      0.20707514	      0.88804362	      0.58129085	      6.28664543	      7.23410133	     17.52221083	      5.72009437	      0.09983448	     35.45264670	    -17.24350757	      0.00000000	     10.22949845	     -5.43194426	    -14.31262678	     16.04363432	      0.28001424	     47.99533593	     15.48797507	      0.00000000	      0.86331329	      0.81793640	      0.43781750	      1.60325912	      1.08785541	      0.46518109	      1.41833741	      1.98873056	      0.46518109	      0.98668076	      1.98873056	      0.38309031	      0.80167272	      1.66793590	      0.35572672	      0.49329722	      1.26698348	      0.32836312	      6.16656052	      9.25266013	      2.43500957	      0.00000000	      0.00000000	     28.28812698	      0.07069349	      7.01241032	     19.89740577	     -4.41908553	     87.90737204	     30.52653893	     16.06169671	      1.79817536	      0.69688958	     17.57537032	     -0.92306611	     74.18311131	     28.65519026	     23.36942033	      1.07560152	      0.29023618
      0.11666667	     -2.44718802	     -4.34732188	     68.67684197	      0.20713731	      0.88843030	      0.58106891	      6.09381562	      7.16844969	     17.71910971	      5.57279544	      0.09726363	     35.33732750	    -17.39435629	      0.00000000	     10.05585257	     -5.26656452	    -13.58728382	     15.89032402	      0.27733847	     47.84151785	     14.63830235	      0.00000000	      0.86303863	      0.80769148	      0.46191139	      1.60274905	      1.07422966	      0.49078086	      1.41788617	      1.96382105	      0.49078086	      0.98636685	      1.96382105	      0.40417247	      0.80141768	      1.64704446	      0.37530301	      0.49314028	      1.25111410	      0.34643355	      6.16459866	      9.13676752	      2.56901261	      0.00000000	      0.00000000	     28.27663265	     -0.80239959	      5.18592122	     19.54224068	     -4.37158301	     87.66487252	     30.14057603	     14.82396601	      1.74335897	     -0.21393416	     17.68230491	     -0.77149588	     75.69571702	     28.45559948	     21.06918831	      1.15949323	      0.68367608
      0.13333333	     -2.45434664	     -4.30207024	     68.64146846	      0.20710050	      0.88853388	      0.58095782	      6.06430932	      7.13217372	     17.74201835	      5.59272820	      0.09761152	     35.32371744	    -17.36653622	      0.00000000	     10.02460265	     -5.23417494	    -13.58433078	     15.91616730	      0.27778952	     47.83083687	     14.65390189	      0.00000000	      0.86323042	      0.81013920	      0.45788903	      1.60310522	      1.07748514	      0.48650710	      1.41820126	      1.96977245	      0.48650710	      0.98658605	      1.96977245	      0.40065290	      0.80159577	      1.65203586	      0.37203484	      0.49324986	      1.25490562	      0.34341677	      6.16596858	      9.16445667	      2.54664143	      0.00000000	      0.00000000	     28.29281316	     -0.78865099	      5.17433348	     19.39855710	     -4.48283977	     87.67167239	     30.02065986	     14.79289504	      1.70481893	     -0.25079552	     17.46212691	     -0.65566421	     75.75807464	     28.50252989	     21.05002341	      1.17226937	      0.76778598
      0.15000000	     -2.51906731	     -4.31440833	     68.42922574	      0.20774531	      0.88844722	      0.58058888	      5.99482135	      7.07745338	     17.95323078	      5.42254756	      0.09464131	     35.31835049	    -17.15412543	      0.00000000	      9.91045933	     -5.18138349	    -13.70944404	     15.75738974	      0.27501833	     47.84814418	     14.63734004	      0.00000000	      0.88633913	      0.80522189	      0.53023511	      1.64602040	      1.07094512	      0.56337480	      1.45616656	      1.95781651	      0.56337480	      1.01299699	      1.95781651	      0.46395572	      0.82305452	      1.64200848	      0.43081602	      0.50645418	      1.24728871	      0.39767633	      6.33103179	      9.10883108	      2.94900860	      0.00000000	      0.00000000	     28.29293091	     -0.66351101	      5.24166609	     19.02744459	     -4.53978068	     87.96739281	     29.84187803	     14.01113715	      1.23055865	     -1.20486250	     17.32568899	     -0.45420441	     75.75761009	     28.64299265	     20.16531657	      0.90431041	      2.18612357
      0.16666667	     -2.51685655	     -4.32869396	     68.45038665	      0.20774808	      0.88834653	      0.58041335	      5.94525135	      7.04655115	     18.13071830	      5.23121859	      0.09130199	     35.29477349	    -16.99349107	      0.00000000	      9.93518164	     -5.10211231	    -13.17245691	     15.74249033	      0.27475829	     47.78396672	     14.05781205	      0.00000000	      0.89519387	      0.82668677	      0.50229760	      1.66246454	      1.09949340	      0.53369120	      1.47071402	      2.01000621	      0.53369120	      1.02311708	      2.01000621	      0.43951040	      0.83127703	      1.68577966	      0.40811680	      0.51151378	      1.28053781	      0.37672320	      6.39428033	      9.35164608	      2.79362854	      0.00000000	      0.00000000	     28.30390837	      0.74098464	      8.31574761	     19.38786482	     -4.62528072	     90.51047156	     29.75594912	     11.94728561	      1.19135586	     -1.78417904	     17.34399215	     -0.33629474	     76.16813626	     28.93921803	     18.88524113	      0.29786959	      2.29429314
      0.18333333	     -2.48243758	     -4.33561393	     68.46645095	      0.20778736	      0.88814367	      0.58048290	      5.89088822	      7.05701425	     18.42595841	      4.99086963	      0.08710711	     35.25438453	    -16.88101356	      0.00000000	     10.00045240	     -5.12979937	    -13.07559948	     15.83546624	      0.27638102	     47.86218815	     13.89889014	      0.00000000	      0.89572879	      0.84965371	      0.48572862	      1.66345793	      1.13003943	      0.51608666	      1.47159282	      2.06584802	      0.51608666	      1.02372843	      2.06584802	      0.42501254	      0.83177375	      1.73261384	      0.39465450	      0.51181943	      1.31611359	      0.36429646	      6.39810114	      9.61145267	      2.70147686	      0.00000000	      0.00000000	     28.31208227	      2.23102785	     11.46585165	     19.36369769	     -4.81872901	     90.90372142	     29.82942186	     12.41390272	      0.99184586	     -1.75560531	     17.31385929	     -0.25327938	     75.64555455	     29.35458339	     18.41633614	     -0.49156569	      2.72489208
      0.20000000	     -2.46354685	     -4.30501262	     68.57580298	      0.20780656	      0.88789151	      0.58063301	      5.78697370	      7.03126889	     18.71435393	      4.69497638	      0.08194280	     35.22623895	    -16.82911902	      0.00000000	     10.08943153	     -5.15839727	    -13.15126401	     15.97765642	      0.27886271	     48.00314110	     13.99134777	      0.00000000	      0.89613997	      0.85571495	      0.47299485	      1.66422154	      1.13810089	      0.50255703	      1.47226836	      2.08058533	      0.50255703	      1.02419837	      2.08058533	      0.41387049	      0.83215558	      1.74497393	      0.38430832	      0.51205438	      1.32550246	      0.35474614	      6.40103819	      9.68001868	      2.63065546	      0.00000000	      0.00000000	     28.32078675	      3.10019684	     12.99377128	     19.12129892	     -5.00491797	     90.10789553	     29.96682309	     14.23048792	      0.66193060	     -1.56941156	     17.30757121	     -0.23742576	     74.86661041	     29.77437128	     18.39492764	     -1.35770682	      3.23725829
      0.21666667	     -2.50192005	     -4.26661039	     68.81904183	      0.20770061	      0.88748846	      0.58107136	      5.69809534	      6.94458771	     18.88544288	      4.40386589	      0.07686196	     35.21364199	    -16.85275637	      0.00000000	     10.29902270	     -5.18904235	    -13.53072186	     16.20667358	      0.28285981	     48.23804225	     14.62893760	      0.00000000	      0.90634804	      0.83383579	      0.48070798	      1.68317895	      1.10900160	      0.51075222	      1.48903920	      2.02738834	      0.51075222	      1.03586518	      2.02738834	      0.42061948	      0.84163479	      1.70035794	      0.39057523	      0.51788727	      1.29161164	      0.36053098	      6.47395342	      9.43251720	      2.67355355	      0.00000000	      0.00000000	     28.33279945	      2.88903257	     11.79532618	     18.61965083	     -5.18263486	     87.95898026	     30.19675867	     16.90833999	      0.37809145	     -1.10848138	     17.48473508	     -0.22656621	     74.62123351	     29.94604631	     18.36345001	     -1.72830180	      3.72667838
      0.23333333	     -2.61921105	     -4.18359697	     69.17384071	      0.20748300	      0.88719965	      0.58136560	      5.54489954	      6.74014307	     18.97664860	      4.08136992	      0.07123334	     35.14949608	    -17.04606932	      0.00000000	     10.48104259	     -5.01050302	    -13.22676919	     16.28662910	      0.28425530	     48.33908764	     14.72850231	      0.00000000	      0.91816117	      0.79194318	      0.48707167	      1.70511710	      1.05328443	      0.51751365	      1.50844698	      1.92553065	      0.51751365	      1.04936640	      1.92553065	      0.42618771	      0.85260446	      1.61493054	      0.39574573	      0.52463729	      1.22671999	      0.36530375	      6.55833339	      8.95861966	      2.70894649	      0.00000000	      0.00000000	     28.34294299	      2.11422188	      9.35216008	     18.15306911	     -5.28153540	     86.03038670	     30.41009833	     19.16705102	      0.16760904	     -0.92937176	     17.76024040	     -0.25926389	     74.91045590	     30.00609018	     18.34254570	     -1.86500195	      4.16240533
      0.25000000	     -2.76498330	     -4.06441947	     69.42384763	      0.20739133	      0.88702865	      0.58181640	      5.44808042	      6.53029128	     18.91393224	      3.97924884	      0.06945099	     35.19048120	    -17.17612969	      0.00000000	     10.63286873	     -4.83607063	    -13.19474840	     16.35542901	      0.28545609	     48.47310109	     15.12458017	      0.00000000	      0.91734301	      0.74821153	      0.51486131	      1.70359771	      0.99512133	      0.54704014	      1.50710284	      1.81920151	      0.54704014	      1.04843133	      1.81920151	      0.45050365	      0.85184472	      1.52575295	      0.41832482	      0.52416980	      1.15897966	      0.38614598	      6.55248941	      8.46391846	      2.86350415	      0.00000000	      0.00000000	     28.34837819	      1.29791735	      7.11079771	     17.95040838	     -5.28450079	     85.04204707	     30.49610586	     20.06689568	      0.20384432	     -1.00802741	     18.12549488	     -0.31158666	     75.75244137	     29.97358391	     18.07405550	     -1.74591658	      4.42572023
      0.26666667	     -2.94458495	     -3.95816010	     69.79012999	      0.20703168	      0.88689947	      0.58233589	      5.45152191	      6.30235916	     18.46778229	      4.06110588	      0.07087967	     35.34392691	    -17.20842858	      0.00000000	     10.87321531	     -4.57775998	    -12.83504905	     16.44334084	      0.28699044	     48.52503529	     15.25983405	      0.00000000	      0.91399591	      0.70451346	      0.51701924	      1.69738180	      0.93700291	      0.54933294	      1.50160388	      1.71295404	      0.54933294	      1.04460592	      1.71295404	      0.45239184	      0.84873660	      1.43664386	      0.42007813	      0.52225726	      1.09129136	      0.38776443	      6.52858137	      7.96959722	      2.87550592	      0.00000000	      0.00000000	     28.35105541	      0.59065562	      5.35063832	     18.03156136	     -5.16310403	     85.09744428	     30.43168805	     19.44218073	      0.21092762	     -1.34209801	     18.63847075	     -0.36193795	     77.50128360	     29.81279106	     16.95834918	     -1.38322553	      4.28047235
      0.28333333	     -3.13507505	     -3.93246174	     70.11639878	      0.20668826	      0.88662255	      0.58285065	      5.58425272	      6.10726454	     18.02410765	      4.26375236	      0.07441652	     35.50753265	    -17.30651850	      0.00000000	     11.21619891	     -4.37961123	    -12.74066854	     16.62615938	      0.29018122	     48.60958735	     15.57312335	      0.00000000	      0.92075176	      0.66011920	      0.52120889	      1.70992809	      0.87795854	      0.55378445	      1.51270306	      1.60501383	      0.55378445	      1.05232718	      1.60501383	      0.45605778	      0.85501008	      1.34611508	      0.42348222	      0.52611755	      1.02252465	      0.39090667	      6.57683772	      7.46740046	      2.89880748	      0.00000000	      0.00000000	     28.35450960	     -0.38210508	      3.02561850	     18.10089452	     -5.02814529	     84.93015464	     30.36183522	     19.03619785	      0.22833517	     -1.50990943	     18.91155465	     -0.45812393	     78.36862747	     29.72122160	     16.78563277	     -1.04594005	      4.51466472
      0.30000000	     -3.26157118	     -3.99473640	     70.39899392	      0.20623807	      0.88624295	      0.58339226	      5.84165344	      6.00911584	     17.58951587	      4.57540010	      0.07985580	     35.71477976	    -17.36917651	      0.00000000	     11.57753660	     -4.23708614	    -12.54685339	     16.77800182	      0.29283137	     48.60294336	     15.53691197	      0.00000000	      0.93074370	      0.64221870	      0.48723860	      1.72848413	      0.85415087	      0.51769101	      1.52911883	      1.56149055	      0.51769101	      1.06374698	      1.56149055	      0.42633377	      0.86428860	      1.30961238	      0.39588136	      0.53182695	      0.99479677	      0.36542895	      6.64820920	      7.26490639	      2.70987491	      0.00000000	      0.00000000	     28.35807842	     -0.58417609	      2.65121199	     18.31117766	     -4.90668714	     85.08066948	     30.28460904	     18.61800676	      0.11724902	     -1.72940285	     18.98369492	     -0.54265236	     78.36882824	     29.72273668	     17.11006075	     -0.91552679	      4.61293857
      0.31666667	     -3.35176185	     -4.05055202	     70.52419852	      0.20593116	      0.88585506	      0.58428847	      6.18048282	      5.97197315	     17.02636297	      5.00435056	      0.08734239	     35.98282907	    -17.00008889	      0.00000000	     11.88669523	     -4.20531848	    -12.83368698	     16.97822320	      0.29632590	     48.59412578	     15.74469009	      0.00000000	      0.93050724	      0.63216235	      0.47170145	      1.72804499	      0.84077593	      0.50118279	      1.52873034	      1.53703955	      0.50118279	      1.06347672	      1.53703955	      0.41273877	      0.86406902	      1.28910547	      0.38325743	      0.53169184	      0.97921949	      0.35377609	      6.64652016	      7.15114697	      2.62346196	      0.00000000	      0.00000000	     28.36310209	     -0.47217755	      2.89039479	     18.98081002	     -4.77579903	     86.86513160	     30.22604779	     16.47365191	      0.08284552	     -2.21901965	     19.33936232	     -0.61450817	     79.10057019	     29.75641208	     16.18939846	     -0.96317074	      4.41725692
      0.33333333	     -3.29081898	     -4.26055111	     70.64373672	      0.20556495	      0.88537916	      0.58501748	      6.66420545	      6.12485941	     16.54237140	      5.46453665	      0.09537416	     36.21114563	    -16.63144363	      0.00000000	     12.25229576	     -4.35569053	    -12.95241084	     17.18893923	      0.30000358	     48.61002213	     15.69120613	      0.00000000	      0.94805224	      0.64940536	      0.43991435	      1.76062781	      0.86370913	      0.46740900	      1.55755502	      1.57896420	      0.46740900	      1.08352890	      1.57896420	      0.38492506	      0.88036131	      1.32426741	      0.35743041	      0.54171705	      1.00592891	      0.32993576	      6.77184232	      7.34620334	      2.44667166	      0.00000000	      0.00000000	     28.36982387	     -0.17704972	      3.55673009	     19.37880211	     -4.72128568	     87.64521649	     30.17230686	     15.82033837	     -0.16745195	     -2.38748598	     19.46297547	     -0.59959809	     78.78020419	     29.83035587	     16.25406087	     -1.18133753	      4.28318830
      0.35000000	     -3.13542735	     -4.47057252	     70.79199978	      0.20488744	      0.88502071	      0.58570460	      7.04781881	      6.33291146	     16.31832187	      5.73084571	      0.10002213	     36.24422517	    -16.50760273	      0.00000000	     12.56843426	     -4.50457961	    -12.54122615	     17.36581391	      0.30309063	     48.52276613	     15.07116361	      0.00000000	      0.94303566	      0.71440082	      0.32826910	      1.75131153	      0.95015309	      0.34878592	      1.54931329	      1.73699415	      0.34878592	      1.07779546	      1.73699415	      0.28723547	      0.87570292	      1.45680615	      0.26671865	      0.53885058	      1.10660687	      0.24620183	      6.73600943	      8.08144495	      1.82573427	      0.00000000	      0.00000000	     28.37089784	      2.59397908	      9.88015518	     19.90233943	     -4.78767008	     88.23690091	     30.24817293	     16.04994964	     -0.40759019	     -1.83300372	     19.14352143	     -0.56389207	     76.13474328	     30.15079212	     18.20815829	     -1.57885890	      4.57941949
      0.36666667	     -2.98249216	     -4.63658947	     70.82132866	      0.20465399	      0.88475429	      0.58633365	      7.47856501	      6.54431447	     15.64082956	      6.16506996	      0.10760077	     36.52319512	    -15.61949661	      0.00000000	     12.78846190	     -4.78227091	    -12.91284304	     17.59555121	      0.30710030	     48.56099410	     15.34095462	      0.00000000	      0.94655540	      0.74234130	      0.30519685	      1.75784804	      0.98731393	      0.32427165	      1.55509587	      1.80492865	      0.32427165	      1.08181817	      1.80492865	      0.26704724	      0.87897135	      1.51378239	      0.24797244	      0.54086176	      1.14988668	      0.22889764	      6.76115060	      8.39751329	      1.69741332	      0.00000000	      0.00000000	     28.37563096	      3.03066170	     10.83524944	     20.18328387	     -4.81767065	     88.31014645	     30.31550014	     16.47915581	     -0.53635920	     -1.20352987	     19.32534467	     -0.45747493	     75.58576919	     30.19469291	     18.54897844	     -1.87706891	      4.57977647
      0.38333333	     -2.80778524	     -4.76365306	     71.01269719	      0.20421454	      0.88473257	      0.58644221	      7.69366430	      6.72489628	     15.35300325	      6.29539953	      0.10987545	     36.53718317	    -15.37201371	      0.00000000	     12.91529839	     -4.93151496	    -12.48443743	     17.66327100	      0.30828224	     48.51538362	     15.13221297	      0.00000000	      0.94064782	      0.78592991	      0.22227443	      1.74687707	      1.04528678	      0.23616658	      1.54539031	      1.91090999	      0.23616658	      1.07506640	      1.91090999	      0.19449012	      0.87348557	      1.60266828	      0.18059797	      0.53748617	      1.21740543	      0.16670582	      6.71895332	      8.89059636	      1.23622367	      0.00000000	      0.00000000	     28.37467818	      4.53500285	     14.23031907	     20.36651220	     -4.89267635	     87.94022426	     30.39324055	     17.40127079	     -0.46059303	     -0.19200462	     19.19706844	     -0.30148806	     73.98986692	     30.30485494	     19.87532953	     -2.01033466	      4.80874923
      0.40000000	     -2.60346181	     -4.77947029	     71.32054196	      0.20378990	      0.88501022	      0.58595932	      7.70456172	      6.87105987	     14.83759204	      6.32097819	      0.11032188	     36.62918772	    -14.89985946	      0.00000000	     12.90421916	     -5.07777865	    -12.13183728	     17.70712121	      0.30904757	     48.55686418	     15.31053802	      0.00000000	      0.93431842	      0.81848012	      0.12936441	      1.73512273	      1.08857856	      0.13744968	      1.53499173	      1.99005256	      0.13744968	      1.06783252	      1.99005256	      0.11319386	      0.86760808	      1.66904466	      0.10510858	      0.53386954	      1.26782571	      0.09702331	      6.67374303	      9.25881082	      0.71948603	      0.00000000	      0.00000000	     28.37168796	      5.35862142	     16.04557361	     20.44415201	     -4.96860311	     87.59562939	     30.42956885	     18.16873770	     -0.21387227	      0.55432540	     19.19944654	     -0.07875454	     73.50630978	     30.20663890	     20.55875730	     -1.74706237	      4.83132203
      0.41666667	     -2.35673984	     -4.66780320	     71.72917296	      0.20348342	      0.88557688	      0.58480792	      7.42372252	      7.01181086	     14.65615172	      6.13721190	      0.10711455	     36.58532270	    -14.88731442	      0.00000000	     12.66655780	     -5.21119800	    -11.79599722	     17.61112407	      0.30737210	     48.66316489	     15.67189338	      0.00000000	      0.93137770	      0.84030452	      0.03069446	      1.72966154	      1.11760501	      0.03261287	      1.53016043	      2.04311640	      0.03261287	      1.06447158	      2.04311640	      0.02685765	      0.86487734	      1.71354897	      0.02493925	      0.53218922	      1.30163170	      0.02302085	      6.65273781	      9.50569275	      0.17071339	      0.00000000	      0.00000000	     28.36704340	      5.28033747	     15.97814309	     20.40478543	     -5.07381379	     87.39515987	     30.48244687	     18.30127833	      0.11297617	      0.94923470	     19.21392486	      0.18127126	     73.84393018	     30.00495435	     21.05847135	     -1.26318711	      4.90273505
      0.43333333	     -2.27103219	     -4.37147506	     72.52677793	      0.20357729	      0.88588596	      0.58470393	      7.05361832	      7.01172112	     14.55681497	      5.90405262	      0.10304516	     36.53846494	    -15.50215618	      0.00000000	     12.56907069	     -5.20439629	    -11.35631737	     17.79827243	      0.31063846	     48.76929680	     16.19771323	      0.00000000	      0.86619379	      0.57858534	      0.30697992	      1.60860848	      0.76951850	      0.32616617	      1.42306977	      1.40677239	      0.32616617	      0.98997288	      1.40677239	      0.26860743	      0.80434755	      1.17985122	      0.24942119	      0.49494313	      0.89622869	      0.23023494	      6.18713561	      6.54507307	      1.70733024	      0.00000000	      0.00000000	     28.33305484	    -12.63077441	    -24.60373496	     18.41701309	     -5.12434139	     79.40007723	     31.25481529	     23.13743239	      0.21309989	      1.33960398	     20.73340321	      0.39538409	     78.25471864	     28.93766144	     21.93988957	      0.46245558	      5.71438110
      0.45000000	     -1.93989291	     -4.19046106	     73.07256045	      0.20314915	      0.88643920	      0.58364983	      6.72082280	      7.23741993	     14.14936010	      5.77278063	      0.10075403	     36.60855724	    -15.43340738	      0.00000000	     12.32479504	     -5.42135162	    -10.94181976	     17.80173729	      0.31069893	     48.87483157	     16.41080043	      0.00000000	      0.84794422	      0.59972066	      0.17452923	      1.57471721	      0.79762848	      0.18543731	      1.39308756	      1.45816081	      0.18543731	      0.96911545	      1.45816081	      0.15271308	      0.78740100	      1.22295037	      0.14180500	      0.48451533	      0.92896730	      0.13089692	      6.05678075	      6.78416005	      0.97067923	      0.00000000	      0.00000000	     28.31546368	    -12.90182744	    -25.57168773	     18.25235018	     -5.30066795	     78.82534101	     31.29011433	     23.21063290	      0.73813488	      1.87612864	     20.86288448	      0.67108420	     79.57176733	     28.50513168	     23.70048038	      1.94751786	      5.28124638
      0.46666667	     -1.64237624	     -4.09328256	     73.57410629	      0.20266525	      0.88659493	      0.58373664	      6.76042847	      7.52071827	     13.56744676	      6.02401495	      0.10513890	     36.84806239	    -15.24368477	      0.00000000	     12.29276991	     -5.67134584	    -10.60484059	     17.91796708	      0.31272752	     48.87719304	     16.48608250	      0.00000000	      0.77678348	      0.58684537	      0.12461840	      1.44256461	      0.78050434	      0.13240705	      1.27617758	      1.42685583	      0.13240705	      0.88778584	      1.42685583	      0.10904110	      0.72132114	      1.19669508	      0.10125245	      0.44385408	      0.90902348	      0.09346380	      5.54848674	      6.63851219	      0.69309016	      0.00000000	      0.00000000	     28.26376058	    -15.59298940	    -32.91369537	     17.56853923	     -5.63145441	     75.01609382	     31.87264050	     26.20046791	      0.93623780	      3.27137376	     21.19997069	      0.92229805	     79.95681276	     28.06671466	     28.13195063	      3.99922537	      4.97414458
      0.48333333	     -1.30502643	     -3.92636290	     74.18964679	      0.20234297	      0.88669670	      0.58278170	      6.45580920	      7.79432505	     13.18681238	      5.95336004	      0.10390573	     37.04323466	    -15.26646439	      0.00000000	     12.07008410	     -5.93127859	    -10.21542280	     17.95738534	      0.31341550	     48.92443628	     16.60017378	      0.00000000	      0.76560690	      0.60903144	     -0.01232650	      1.42180857	      0.81001182	     -0.01309691	      1.25781558	      1.48079905	     -0.01309691	      0.87501213	      1.48079905	     -0.01078569	      0.71094257	      1.24193692	     -0.01001528	      0.43746778	      0.94338971	     -0.00924488	      5.46865352	      6.88948550	     -0.06855632	      0.00000000	      0.00000000	     28.25120120	    -15.49719999	    -33.21005960	     17.43179113	     -5.82560447	     74.39006134	     31.93118104	     25.89158963	      1.34858863	      4.60084807	     21.59516220	      1.20773325	     82.04542043	     27.58463409	     31.15791971	      5.11555381	      3.53241647
      0.50000000	     -0.99131301	     -3.79942819	     74.79509561	      0.20227199	      0.88648888	      0.58141352	      6.09157233	      8.06757361	     12.89293674	      5.79743215	      0.10118428	     37.26516818	    -15.35021457	      0.00000000	     11.78839772	     -6.16483999	     -9.67298018	     17.87526996	      0.31198232	     48.96996040	     16.59298268	      0.00000000	      0.76668441	      0.62898298	     -0.13032008	      1.42380962	      0.83654736	     -0.13846509	      1.25958582	      1.52930921	     -0.13846509	      0.87624361	      1.52930921	     -0.11403007	      0.71194314	      1.28262209	     -0.10588507	      0.43808347	      0.97429463	     -0.09774006	      5.47635007	      7.11518124	     -0.72480121	      0.00000000	      0.00000000	     28.24248168	    -15.45617467	    -33.51067455	     17.26019957	     -5.98169642	     73.90496243	     31.91249252	     25.90906459	      1.59386859	      5.90014566	     21.88947128	      1.56674064	     83.41300849	     26.79515588	     35.41250034	      6.36543190	      1.56708494
      0.51666667	     -0.61956111	     -3.58995926	     75.37591990	      0.20248805	      0.88624764	      0.57969346	      5.55907896	      8.40178081	     12.64546946	      5.64883775	      0.09859082	     37.45065228	    -15.50677466	      0.00000000	     11.31448222	     -6.47654085	     -9.23646163	     17.70681821	      0.30904228	     49.04975432	     16.78924207	      0.00000000	      0.75912459	      0.65724889	     -0.24448816	      1.40977028	      0.87414102	     -0.25976867	      1.24716579	      1.59803495	     -0.25976867	      0.86760349	      1.59803495	     -0.21392714	      0.70492309	      1.34026193	     -0.19864663	      0.43376379	      1.01807853	     -0.18336612	      5.42235104	      7.43493087	     -1.35976980	      0.00000000	      0.00000000	     28.24453621	    -15.44304036	    -33.34433902	     17.46445200	     -5.90716180	     75.08484718	     31.19894166	     26.22677565	      1.82601462	      7.10341921	     22.34166990	      1.82224674	     85.11397630	     26.29293538	     38.16168542	      5.48513170	      0.05563423
      0.53333333	     -0.38847229	     -3.39413972	     75.95081867	      0.20272013	      0.88570540	      0.57736428	      4.86943407	      8.55971380	     12.51194676	      5.19826043	      0.09072676	     37.66297735	    -15.63380957	      0.00000000	     10.96722485	     -6.64972953	     -8.66523354	     17.77448887	      0.31022335	     49.23280799	     16.91338699	      0.00000000	      0.76471481	      0.67685577	     -0.35035775	      1.42015188	      0.90021817	     -0.37225511	      1.25634996	      1.64570712	     -0.37225511	      0.87399256	      1.64570712	     -0.30656304	      0.71011417	      1.38024429	     -0.28466568	      0.43695804	      1.04844959	     -0.26276832	      5.46228143	      7.65672784	     -1.94858472	      0.00000000	      0.00000000	     28.24517224	    -15.70840729	    -32.73217054	     17.71142076	     -5.75628445	     77.59051502	     29.97061501	     26.78802311	      2.09489103	      7.44993013	     22.56609557	      2.20071118	     86.71709417	     24.90473683	     41.50819233	      3.74367074	     -3.19232472
      0.55000000	     -0.15209516	     -3.29985555	     76.44366661	      0.20345087	      0.88477742	      0.57363387	      4.00968375	      8.76061055	     12.98064570	      4.41804126	      0.07710937	     37.71429566	    -16.36218466	      0.00000000	     10.49402108	     -6.82066378	     -7.80272752	     17.61214598	      0.30738994	     49.47296424	     16.76357893	      0.00000000	      0.85709996	      0.73250533	     -0.60365221	      1.59172034	      0.97423209	     -0.64138047	      1.40812953	      1.78101346	     -0.64138047	      0.97957955	      1.78101346	     -0.52819568	      0.79590302	      1.49372487	     -0.49046742	      0.48974692	      1.13465076	     -0.45273915	      6.12217932	      8.28624679	     -3.35733248	      0.00000000	      0.00000000	     28.30811490	    -12.53195798	    -24.68139265	     19.68111337	     -5.43247668	     90.90898697	     27.94342158	     19.73106714	      2.85889515	      3.54808571	     21.38101898	      1.74811474	     82.95972478	     24.19099559	     49.60894521	      1.38706822	     -5.54785366
      0.56666667	      0.08001660	     -3.22367515	     76.77390682	      0.20404637	      0.88378739	      0.57108487	      3.44038704	      8.97022853	     13.10218889	      3.92454916	      0.06849630	     37.95446615	    -16.58933879	      0.00000000	     10.24779604	     -7.08059548	     -7.38296816	     17.73672616	      0.30956427	     49.77679353	     16.83720081	      0.00000000	      0.87628736	      0.76201066	     -0.70544445	      1.62735325	      1.01347417	     -0.74953473	      1.43965250	      1.85275271	     -0.74953473	      1.00150882	      1.85275271	     -0.61726389	      0.81372044	      1.55389213	     -0.57317361	      0.50071060	      1.18035451	     -0.52908334	      6.25923296	      8.62001696	     -3.92347038	      0.00000000	      0.00000000	     28.32098460	    -12.34814235	    -23.12671787	     20.32843747	     -5.46758616	     97.72114716	     26.35772257	     20.70267274	      2.06887072	      0.92172253	     21.26203036	      1.54981565	     83.72353726	     22.88955908	     50.74060185	     -1.81024717	     -7.48001554
      0.58333333	      0.31913530	     -3.15552897	     76.84197663	      0.20497242	      0.88278674	      0.56872221	      2.85003356	      9.17546067	     13.37596609	      3.30834545	      0.05774152	     38.25221054	    -16.56114026	      0.00000000	      9.94369705	     -7.38369884	     -7.20401875	     17.78151297	      0.31034595	     50.15187794	     16.93571915	      0.00000000	      0.88347780	      0.79098829	     -0.75701166	      1.64070662	      1.05201442	     -0.80432489	      1.45146567	      1.92320893	     -0.80432489	      1.00972678	      1.92320893	     -0.66238520	      0.82039748	      1.61298332	     -0.61507197	      0.50481921	      1.22524086	     -0.56775874	      6.31059356	      8.94781772	     -4.21027173	      0.00000000	      0.00000000	     28.33341167	    -12.39473734	    -21.99881876	     20.43657131	     -6.18672581	    101.26816008	     25.75063297	     21.08529187	      0.09382818	      0.21478817	     20.85658260	      1.10420032	     83.85872051	     21.76989436	     50.67401309	     -5.32335241	     -8.93783148
      0.60000000	      0.55941066	     -3.06977425	     76.60194134	      0.20548498	      0.88244925	      0.56675336	      2.36682323	      9.34392123	     13.97096407	      2.85599563	      0.04984653	     38.38658992	    -16.83539372	      0.00000000	      9.53326666	     -7.62316523	     -7.10035217	     17.64912350	      0.30803532	     50.48124356	     16.86511574	      0.00000000	      0.88697356	      1.03937391	     -1.19537527	      1.64719860	      1.38236729	     -1.27008623	      1.45720886	      2.52713371	     -1.27008623	      1.01372208	      2.52713371	     -1.04595336	      0.82364365	      2.11949127	     -0.97124241	      0.50681669	      1.60999018	     -0.89653146	      6.33556343	     11.75760550	     -6.64831866	      0.00000000	      0.00000000	     28.33538782	      8.01086592	     18.90024114	     23.36123275	     -5.95713089	    118.81084758	     23.99455726	     11.44586621	      0.18768256	     -2.11560120	     19.96478871	      0.38084115	     83.89873146	     21.03996382	     46.11554037	     -7.80424754	    -10.34810639
      0.61666667	      0.45754895	     -2.85411501	     76.55145877	      0.20662190	      0.88187798	      0.56545390	      1.88856814	      9.18038888	     14.20425004	      2.44095871	      0.04260277	     38.67453308	    -16.88460909	      0.00000000	      9.17742820	     -7.50586115	     -6.89885009	     17.50122079	      0.30545393	     50.80969000	     16.93213069	      0.00000000	      0.87524391	      0.99846315	     -1.19931475	      1.62541546	      1.32795599	     -1.27427192	      1.43793821	      2.42766331	     -1.27427192	      1.00031626	      2.42766331	     -1.04940041	      0.81275149	      2.03606606	     -0.97444324	      0.50011437	      1.54661942	     -0.89948606	      6.25177970	     11.29481486	     -6.67022886	      0.00000000	      0.00000000	     28.33378653	      7.41087840	     17.39364512	     23.51028707	     -6.63453359	    121.87834527	     22.91136033	     13.05405891	     -0.66206774	     -2.03682946	     19.55373551	     -0.75097812	     84.75432433	     20.20636015	     46.03397639	    -10.29343501	    -10.24219909
      0.63333333	      0.31293330	     -2.61482517	     76.32236933	      0.20721792	      0.88219155	      0.56413389	      1.42114659	      8.92814819	     14.48777570	      2.18087769	      0.03806350	     38.69262769	    -17.06519449	      0.00000000	      8.64435882	     -7.20533635	     -6.44479777	     17.04575538	      0.29750455	     50.90367981	     16.59600559	      0.00000000	      0.90714636	      0.90507960	     -0.99828485	      1.68466151	      1.20375587	     -1.06067765	      1.49035076	      2.20061055	     -1.06067765	      1.03677758	      2.20061055	     -0.87349924	      0.84237611	      1.84563833	     -0.81110644	      0.51834343	      1.40196831	     -0.74871364	      6.47965575	     10.23844150	     -5.55216086	      0.00000000	      0.00000000	     28.34715528	      1.51824418	      5.48825384	     23.28487275	     -7.16292127	    126.83069573	     21.00467603	     12.29702700	     -0.35400966	     -2.77415204	     22.02428645	      2.87411420	    134.94592556	     10.22034180	      3.95023259	     -6.79146213	    -15.66516393
      0.65000000	     -0.13204012	     -2.34087791	     76.20554881	      0.20808771	      0.88189567	      0.56444438	      1.29903738	      8.45654091	     14.23790496	      2.42315738	      0.04229207	     38.82268187	    -16.99714037	      0.00000000	      8.42313102	     -6.68049778	     -6.14345223	     16.84273703	      0.29396122	     51.08035592	     16.55765973	      0.00000000	      0.87881965	      0.82198511	     -0.95118978	      1.63205596	      1.09324020	     -1.01063914	      1.44381280	      1.99857460	     -1.01063914	      1.00440297	      1.99857460	     -0.83229106	      0.81607192	      1.67619204	     -0.77284170	      0.50215755	      1.27325494	     -0.71339233	      6.27732084	      9.29845996	     -5.29023219	      0.00000000	      0.00000000	     28.33790066	      1.39926732	      4.34139449	     23.42193186	     -7.63215715	    130.05322991	     19.17209407	     14.77971705	     -0.41982918	     -3.02673317	     21.51753381	      1.14085159	    135.72934921	     10.19657180	      4.18574033	     -9.19203416	    -15.20516346
      0.66666667	     -0.69661526	     -2.05024140	     76.13910559	      0.20864751	      0.88156458	      0.56546571	      1.32122144	      7.89546368	     13.92053964	      2.93698060	      0.05125998	     38.80011640	    -17.18616267	      0.00000000	      8.48465894	     -6.06307062	     -5.95250008	     17.07303051	      0.29798060	     51.27099580	     16.60013992	      0.00000000	      0.84458010	      0.73032042	     -0.88987084	      1.56846970	      0.97132617	     -0.94548777	      1.38756064	      1.77570108	     -0.94548777	      0.96527059	      1.77570108	     -0.77863698	      0.78427708	      1.48926941	     -0.72302006	      0.48259307	      1.13126634	     -0.66740313	      6.03275118	      8.26153071	     -4.94919464	      0.00000000	      0.00000000	     28.33432795	      1.49420904	      3.85218719	     23.19549752	     -8.28685771	    131.32522480	     17.47668888	     15.75453775	     -0.89661908	     -2.96127994	     21.03937183	     -0.58158247	    135.73823340	      9.87761762	      4.07720929	    -10.28222377	    -14.87434251
      0.68333333	     -1.29915953	     -2.00350356	     75.84893309	      0.20933947	      0.88084263	      0.56721588	      1.94117698	      7.41144332	     13.04990636	      4.06330217	      0.07091800	     39.01756750	    -16.61354252	      0.00000000	      8.64890452	     -5.42655999	     -5.71322658	     16.97309101	      0.29623632	     51.31486333	     16.24271981	      0.00000000	      0.84199474	      0.62409585	     -0.78618189	      1.56366842	      0.83004748	     -0.83531826	      1.38331315	      1.51742665	     -0.83531826	      0.96231578	      1.51742665	     -0.68790916	      0.78187631	      1.27265626	     -0.63877279	      0.48111579	      0.96672447	     -0.58963642	      6.01428420	      7.05989710	     -4.37250783	      0.00000000	      0.00000000	     28.32088039	     -0.66874295	     -1.10964061	     23.00023108	     -7.29248148	    147.65416465	     13.50580370	      7.01217362	      0.24622693	     -5.94133992	     21.02919255	     -2.81740855	    133.57997455	     10.93393532	      5.50995426	    -12.61974255	    -14.93811327
      0.70000000	     -1.73267373	     -2.07769387	     75.42901531	      0.20937052	      0.87989918	      0.56931023	      2.79681691	      7.11597368	     12.59763898	      5.40993337	      0.09442115	     39.06136845	    -16.49590497	      0.00000000	      9.11494422	     -5.03296209	     -5.83825810	     17.33270110	      0.30251270	     51.43603558	     16.00185106	      0.00000000	      0.83718132	      0.58662781	     -0.68399271	      1.55472942	      0.78021499	     -0.72674225	      1.37540518	      1.42632686	     -0.72674225	      0.95681453	      1.42632686	     -0.59849362	      0.77740657	      1.19625143	     -0.55574408	      0.47836540	      0.90868648	     -0.51299453	      5.97990242	      6.63605114	     -3.80416226	      0.00000000	      0.00000000	     28.31413420	     -0.76212586	     -0.77428156	     22.10188139	     -8.41446550	    148.58844891	     11.83383015	      7.27084809	     -0.94584546	     -6.04561478	     20.85961782	     -4.49284137	    133.12265487	     10.96996558	      5.27689318	    -13.30183292	    -14.58615423
      0.71666667	     -1.97960699	     -2.27543955	     74.74230481	      0.20907499	      0.87882936	      0.57190454	      4.19462848	      6.96419744	     10.54669140	      7.45120829	      0.13004812	     39.87302738	    -13.99087077	      0.00000000	      9.65629807	     -4.91375114	     -6.42253026	     17.75916642	      0.30995593	     51.51516502	     15.88178914	      0.00000000	      0.82230565	      0.60836067	     -0.60509427	      1.52710382	      0.80911970	     -0.64291267	      1.35096595	      1.47916814	     -0.64291267	      0.93981313	      1.47916814	     -0.52945749	      0.76359303	      1.24056909	     -0.49163910	      0.46986545	      0.94235068	     -0.45382071	      5.87364703	      6.88189762	     -3.36535283	      0.00000000	      0.00000000	     28.31447954	      0.31067480	      2.85413161	     21.17868803	     -9.71664384	    150.33197847	     10.21450215	      5.55403981	     -2.13014015	     -5.90950896	     20.43796263	     -6.19499621	    129.38561014	     11.22980753	      6.32526705	    -13.46043932	    -13.93497889
      0.73333333	     -2.31141630	     -2.66993002	     73.70525473	      0.20821093	      0.87748754	      0.57521889	      6.79765477	      6.08558296	      1.72123816	     11.07259981	      0.19325332	     43.16521329	     -2.43860044	      0.00000000	     10.36521953	     -4.71295179	     -7.02761465	     18.10366936	      0.31596864	     51.35997259	     15.29424268	      0.00000000	      0.81435810	      0.64997296	     -0.49094276	      1.51234443	      0.86446403	     -0.52162668	      1.33790892	      1.58034425	     -0.52162668	      0.93072987	      1.58034425	     -0.42957492	      0.75621293	      1.32542485	     -0.39889099	      0.46532422	      1.00680811	     -0.36820707	      5.81687848	      7.35262408	     -2.73047635	      0.00000000	      0.00000000	     28.31860705	      2.10742446	      8.16488986	     20.23987233	    -11.54050000	    147.12930697	      9.39820125	      5.05082953	     -3.50861247	     -5.32141883	     19.89467516	     -7.71273985	    124.21507162	     11.47673930	      7.57059291	    -12.81024527	    -12.44109661
      0.75000000	     -2.56902789	     -3.01663267	     72.98144668	      0.20662671	      0.87649204	      0.57798044	      8.79456001	      4.98360951	     -5.18881817	     13.78286637	      0.24055640	     45.30428608	      6.38740750	      0.00000000	     10.92734619	     -4.45969867	     -7.24643381	     18.24605222	      0.31845369	     51.02330900	     14.50879112	      0.00000000	      0.78083636	      0.71035803	     -0.49607272	      1.45009120	      0.94477618	     -0.52707727	      1.28283606	      1.72716451	     -0.52707727	      0.89241788	      1.72716451	     -0.43406363	      0.72508464	      1.44856209	     -0.40305909	      0.44616990	      1.10034459	     -0.37205454	      5.57743603	      8.03571210	     -2.75900767	      0.00000000	      0.00000000	     28.31034562	      5.01039817	     15.61624580	     19.43228437	    -13.47668408	    141.25436661	      9.12836471	      4.87760496	     -4.47163454	     -4.57174912	     19.12700605	     -9.03235687	    118.84889252	     11.57458854	      7.71183772	    -11.74349033	    -10.51882279
      0.76666667	     -2.60979219	     -3.39938607	     72.70893682	      0.20494099	      0.87594219	      0.58003268	     10.10045228	      4.71106841	     -6.61153018	     15.21440128	      0.26554140	     45.81187991	      7.92703623	      0.00000000	     11.48440758	     -4.40427482	     -7.14215060	     18.37829380	      0.32076174	     50.60505927	     13.75798903	      0.00000000	      0.74547641	      0.78252674	     -0.58982394	      1.38442423	      1.04076057	     -0.62668794	      1.22474319	      1.90263552	     -0.62668794	      0.85200498	      1.90263552	     -0.51609595	      0.69224939	      1.59572854	     -0.47923195	      0.42596522	      1.21213393	     -0.44236796	      5.32486342	      8.85209903	     -3.28042382	      0.00000000	      0.00000000	     28.29375556	      7.66375795	     22.45555174	     18.59804870	    -15.33618152	    134.42574406	      9.22974353	      4.95163311	     -5.28535108	     -3.81879659	     18.29549624	    -10.10129429	    114.53805361	     11.51707809	      7.07354242	    -11.12866643	     -8.05107733
      0.78333333	     -2.59948199	     -3.78971867	     72.62905460	      0.20313926	      0.87566533	      0.58153235	     11.23970792	      4.57237390	     -7.33547792	     16.39642664	      0.28617163	     46.07526668	      8.31513984	      0.00000000	     11.92153500	     -4.35321283	     -6.91838590	     18.31059974	      0.31958025	     50.08501825	     12.98409122	      0.00000000	      0.71895494	      0.84841496	     -0.70638013	      1.33517121	      1.12839189	     -0.75052889	      1.18117106	      2.06283613	     -0.75052889	      0.82169360	      2.06283613	     -0.61808261	      0.66762155	      1.73008778	     -0.57393386	      0.41081085	      1.31419477	     -0.52978510	      5.13542321	      9.59743968	     -3.92867437	      0.00000000	      0.00000000	     28.27909627	      9.76167408	     27.92726363	     17.87859514	    -16.90550134	    130.80780810	      9.21622781	      4.49116145	     -6.25107924	     -3.21418391	     17.37354851	    -10.98716167	    110.73004547	     11.38422811	      6.64750273	    -11.42252403	     -5.62992040
      0.80000000	     -2.54870626	     -4.17377522	     72.71258996	      0.20133821	      0.87556000	      0.58259670	     12.24487819	      4.57914632	     -7.37316902	     17.41069235	      0.30387391	     46.07673351	      7.60447770	      0.00000000	     12.32201222	     -4.32173431	     -6.54225901	     18.23266351	      0.31822001	     49.52736485	     12.14893381	      0.00000000	      0.70445795	      0.90544272	     -0.83389310	      1.30824885	      1.20423882	     -0.88601142	      1.15735396	      2.20149344	     -0.88601142	      0.80512499	      2.20149344	     -0.72965646	      0.65415965	      1.84637880	     -0.67753815	      0.40252727	      1.40253078	     -0.62541983	      5.03187267	     10.24254917	     -4.63786327	      0.00000000	      0.00000000	     28.27391464	     11.43063658	     32.09929032	     17.39515969	    -18.28738666	    130.26492090	      9.11444917	      4.91690489	     -7.98182923	     -2.78564898	     16.42570141	    -11.73632290	    107.68535270	     11.28823341	      6.37209631	    -12.73448437	     -3.48631854
      0.81666667	     -2.50185990	     -4.56078788	     72.87198566	      0.19963119	      0.87550011	      0.58381877	     13.20079268	      4.72547070	     -6.70256798	     18.25827735	      0.31866706	     45.76114897	      5.84524955	      0.00000000	     12.64827371	     -4.24926251	     -5.94276179	     17.95711172	      0.31341072	     48.81999015	     11.05414979	      0.00000000	      0.69613307	      0.94905685	     -0.96050605	      1.29278872	      1.26224561	     -1.02053768	      1.14367701	      2.30753682	     -1.02053768	      0.79561048	      2.30753682	     -0.84044279	      0.64642916	      1.93531672	     -0.78041117	      0.39777043	      1.47008906	     -0.72037954	      4.97240888	     10.73592086	     -5.34204650	      0.00000000	      0.00000000	     28.26952465	     13.01856421	     35.45983295	     17.16504731	    -19.52690448	    130.96865471	      8.87132719	      5.81562341	     -9.86752249	     -2.57421104	     15.41345102	    -12.40740780	    104.59128552	     11.14729183	      6.59405327	    -14.39496538	     -2.28283590
      0.83333333	     -2.51611897	     -4.92708345	     72.99765588	      0.19838967	      0.87532340	      0.58537368	     14.19872496	      5.06681235	     -4.80336428	     19.08746627	      0.33313913	     45.21891679	      2.60281076	      0.00000000	     12.97619034	     -4.08209162	     -4.86666412	     17.65860147	      0.30820074	     48.04846300	      9.37594368	      0.00000000	      0.70086717	      0.96892714	     -1.06104988	      1.30158042	      1.28867310	     -1.12736550	      1.15145467	      2.35584946	     -1.12736550	      0.80102109	      2.35584946	     -0.92841864	      0.65082525	      1.97583623	     -0.86210303	      0.40047550	      1.50086815	     -0.79578741	      5.00622409	     10.96069765	     -5.90124111	      0.00000000	      0.00000000	     28.27230619	     14.24840362	     37.45149098	     17.01625804	    -20.67663347	    130.75418850	      8.66432168	      6.52796055	    -11.66035513	     -2.61990962	     14.25244296	    -13.11757989	     99.94917136	     11.07169663	      8.02667156	    -16.11877818	     -1.75887221
      0.85000000	     -2.65103398	     -5.20613797	     73.03866769	      0.19742256	      0.87503940	      0.58726323	     15.28628696	      5.04610281	     -4.30675603	     20.19102622	      0.35239989	     45.14155966	      1.43692277	      0.00000000	     13.29128345	     -3.95411373	     -4.74668586	     17.44087290	      0.30440066	     47.50034295	      8.86747571	      0.00000000	      0.71288734	      0.96166846	     -1.12728068	      1.32390308	      1.27901906	     -1.19773572	      1.17120261	      2.33820070	     -1.19773572	      0.81475894	      2.33820070	     -0.98637059	      0.66198718	      1.96103433	     -0.91591555	      0.40734383	      1.48962445	     -0.84546051	      5.09208298	     10.87858600	     -6.26959696	      0.00000000	      0.00000000	     28.28567624	     14.91766150	     37.89041708	     16.79368559	    -21.67759656	    129.13965165	      8.39631672	      5.89019628	    -12.90579330	     -2.85368923	     13.26591494	    -13.83285805	     97.73915852	     11.10747197	      7.02910183	    -17.90515872	     -1.97270892
      0.86666667	     -2.70641437	     -5.28063903	     73.16816882	      0.19699932	      0.87509810	      0.58845895	     15.86410153	      5.41278552	     -2.18334660	     20.78331765	      0.36273732	     44.65712821	     -1.73208415	      0.00000000	     13.17455802	     -3.66046299	     -3.33359414	     16.83093302	      0.29375520	     46.81064668	      7.10587359	      0.00000000	      0.71031151	      0.94962413	     -1.21513446	      1.31911950	      1.26300009	     -1.29108037	      1.16697078	      2.30891611	     -1.29108037	      0.81181502	      2.30891611	     -1.06324265	      0.65959527	      1.93647353	     -0.98729675	      0.40587200	      1.47096778	     -0.91135085	      5.07368408	     10.74233808	     -6.75821334	      0.00000000	      0.00000000	     28.28567490	     15.48183364	     38.14372498	     16.11074676	    -22.62426695	    120.96446714	      8.12093222	      7.60475906	    -12.90619764	     -3.20113435	     11.69995286	    -14.34933121	     90.81753730	     10.82406567	     10.28528113	    -19.24685282	     -2.25679665
      0.88333333	     -2.78095011	     -5.20837982	     73.16616212	      0.19730847	      0.87528755	      0.58911984	     16.20518909	      5.64425916	     -0.71136029	     21.33109782	      0.37229789	     44.48942967	     -3.67413534	      0.00000000	     12.90913451	     -3.47709569	     -2.61339031	     16.34713529	      0.28531133	     46.39558140	      6.16136859	      0.00000000	      0.70785837	      0.92226702	     -1.28011166	      1.31456377	      1.22661513	     -1.36011863	      1.16294051	      2.24240002	     -1.36011863	      0.80901133	      2.24240002	     -1.12009770	      0.65731728	      1.88068690	     -1.04009072	      0.40447027	      1.42859161	     -0.96008374	      5.05616152	     10.43286894	     -7.11959699	      0.00000000	      0.00000000	     28.28619496	     15.70640186	     37.39243098	     15.18675316	    -23.24170870	    113.13202098	      7.80649130	      6.77162017	    -11.93292542	     -3.49098001	     10.28472579	    -14.84968323	     86.89884629	     10.53771682	     11.49483130	    -20.16063759	     -2.75681721
      0.90000000	     -2.79350942	     -4.92420652	     73.08239555	      0.19807640	      0.87588342	      0.58846472	     16.08301691	      5.78997134	      0.25857473	     21.67535804	      0.37830636	     44.60502309	     -4.72848841	      0.00000000	     12.22758866	     -3.29592054	     -1.82225348	     15.70350769	      0.27407791	     46.05902267	      5.13898512	      0.00000000	      0.70940170	      0.88289006	     -1.31615460	      1.31742989	      1.17424377	     -1.39841427	      1.16547605	      2.14665888	     -1.39841427	      0.81077520	      2.14665888	     -1.15163528	      0.65875042	      1.80038940	     -1.06937562	      0.40535213	      1.36759670	     -0.98711595	      5.06718539	      9.98742888	     -7.32005706	      0.00000000	      0.00000000	     28.29223859	     15.29024691	     34.78365923	     13.79665588	    -23.66884873	    105.42303346	      7.57454294	      5.44215947	    -10.59813082	     -3.40509855	      7.31602312	    -13.74837344	     56.48086581	      8.81519125	     39.62537270	    -20.13759447	     -2.27451925
      0.91666667	     -2.80312350	     -4.43051972	     73.08161973	      0.19937875	      0.87684942	      0.58717628	     15.60224179	      5.76312876	      0.51525696	     21.89850750	      0.38220106	     45.06322451	     -4.84157818	      0.00000000	     11.31206474	     -3.19362470	     -1.81494924	     15.12429649	      0.26396877	     45.93501383	      5.17256954	      0.00000000	      0.66713746	      0.83974339	     -1.40632934	      1.23894098	      1.11685870	     -1.49422492	      1.09604013	      2.04175207	     -1.49422492	      0.76247140	      2.04175207	     -1.23053817	      0.61950384	      1.71240471	     -1.14264259	      0.38120234	      1.30076251	     -1.05474700	      4.76529616	      9.49934514	     -7.82158189	      0.00000000	      0.00000000	     28.28490614	     15.60417795	     33.86470967	     12.51880284	    -23.64461399	    102.35362476	      6.90663781	      3.02926014	    -10.04676536	     -2.37408059	      6.19169931	    -14.01429648	     55.71171831	      8.22696899	     39.17023325	    -20.49365695	     -2.81635928
      0.93333333	     -2.92911675	     -3.98289693	     72.19212162	      0.20197160	      0.87773599	      0.58491506	     15.11319312	      5.87902711	      1.88084568	     22.10968874	      0.38588687	     45.55085240	     -5.17813973	      0.00000000	     10.10769074	     -2.98675352	     -1.72183880	     14.25874233	      0.24886200	     45.64136405	      4.00181347	      0.00000000	      0.67767583	      0.78733106	     -1.29307678	      1.25851179	      1.04715032	     -1.37389408	      1.11335362	      1.91431675	     -1.37389408	      0.77451571	      1.91431675	     -1.13144219	      0.62928978	      1.60552551	     -1.05062489	      0.38722397	      1.21957582	     -0.96980759	      4.84057069	      8.90644646	     -7.19170514	      0.00000000	      0.00000000	     28.30303109	     13.70527498	     29.53796947	     10.28993914	    -24.25551736	     93.00514176	      7.87035206	      3.34470389	     -9.68734978	     -2.45393707	      4.88861548	    -14.06649760	     53.54585759	      7.82800766	     39.10125653	    -20.83812971	     -3.76104920
      0.95000000	     -2.88955419	     -3.30323459	     71.57033702	      0.20398964	      0.87899034	      0.58214004	     14.15602369	      5.93659995	      2.82978542	     22.02611225	      0.38442818	     46.14246129	     -5.07992608	      0.00000000	      8.60125112	     -2.49358971	      1.11693277	     13.30146410	      0.23215434	     44.83243835	     -0.21923598	      0.00000000	      0.65531750	      0.73731726	     -1.12498188	      1.21699013	      0.98063196	     -1.19529325	      1.07662113	      1.79271319	     -1.19529325	      0.74896237	      1.79271319	     -0.98435915	      0.60852783	      1.50353736	     -0.91404778	      0.37444842	      1.14210444	     -0.84373641	      4.68086739	      8.34068033	     -6.25681173	      0.00000000	      0.00000000	     28.31693507	     11.30510452	     24.12169568	      7.63334381	    -24.70030425	     84.31615722	      8.82701705	      4.41293281	    -11.72279452	     -1.70665971	      4.04526338	    -12.46889389	     24.59853721	      6.46299659	     68.04725576	    -20.93449412	     -3.09410123
      0.96666667	     -2.85078107	     -2.81772204	     70.45371320	      0.20667787	      0.87994395	      0.57942913	     13.52972633	      6.07736130	      3.88784354	     22.14162024	      0.38644417	     46.86320398	     -4.27886815	      0.00000000	      7.31178271	     -2.45725308	      0.85163917	     12.59061497	      0.21974769	     44.64720243	     -1.02509409	      0.00000000	      0.61551283	      0.72204167	     -0.93291901	      1.14306888	      0.96031543	     -0.99122645	      1.01122603	      1.75557213	     -0.99122645	      0.70346962	      1.75557213	     -0.81630413	      0.57156522	      1.47238738	     -0.75799670	      0.35170403	      1.11844255	     -0.69968926	      4.39654662	      8.16787983	     -5.18861566	      0.00000000	      0.00000000	     28.31121247	     10.62372830	     22.85703215	      5.47597245	    -25.01987957	     78.55957227	      9.31900730	      3.63086892	    -13.30345061	     -1.72801116	      3.15351733	    -12.44385596	     24.23631651	      6.53323404	     67.01301199	    -21.54745915	     -3.09768094
      0.98333333	     -2.62996650	     -2.37007022	     69.41911836	      0.20900404	      0.88093881	      0.57624997	     12.82011482	      6.27976344	      4.57208304	     22.09922974	      0.38570432	     47.65460666	     -2.80735377	      0.00000000	      5.97691476	     -2.43270378	      1.81426027	     11.88347563	      0.20740578	     44.22854684	     -3.14669715	      0.00000000	      0.57806192	      0.73128980	     -0.72401579	      1.07351879	      0.97261544	     -0.76926678	      0.94969793	      1.77805803	     -0.76926678	      0.66066697	      1.77805803	     -0.63351381	      0.53678830	      1.49124616	     -0.58826283	      0.33030458	      1.13276790	     -0.54301184	      4.12903848	      8.27249650	     -4.02675861	      0.00000000	      0.00000000	     28.31026719	      9.41857664	     20.91325656	      3.04735365	    -25.44683162	     69.06427561	     10.39194953	      4.45049147	    -14.97300964	     -2.07596962	      2.41567949	    -12.22453940	     24.42154534	      6.38446079	     65.92204923	    -21.91553853	     -2.69080210
      1.00000000	     -2.44983201	     -1.98007681	     68.13812513	      0.21173955	      0.88169406	      0.57309445	     12.28541747	      6.44038601	      5.15956554	     22.16514018	      0.38685468	     48.49092149	     -0.77755118	      0.00000000	      4.53655449	     -2.38043997	      2.68634703	     10.95269582	      0.19116060	     43.68188110	     -5.34669884	      0.00000000	      0.54186240	      0.74605456	     -0.49101083	      1.00629267	      0.99225257	     -0.52169901	      0.89022574	      1.81395706	     -0.52169901	      0.61929454	      1.81395706	     -0.42963448	      0.50317343	      1.52135446	     -0.39894630	      0.30962018	      1.15563852	     -0.36825812	      3.87046895	      8.43951842	     -2.73085494	      0.00000000	      0.00000000	     28.30535578	      8.53649377	     19.83343661	      0.94053188	    -25.65289716	     61.66447148	     11.16307808	      4.24804646	    -15.74764685	     -2.32158177	      1.59471503	    -11.86582050	     23.94050229	      6.08429231	     65.05406798	    -22.44547238	     -2.31107801
      1.01666667	     -1.91434604	     -1.77063488	     67.37332382	      0.21383306	      0.88235958	      0.57008904	     11.67103403	      7.05191048	      5.92482939	     21.94073026	      0.38293798	     48.85353342	      0.33881264	      0.00000000	      3.63296823	     -2.85334759	      2.67420662	     10.78843292	      0.18829368	     43.75430793	     -5.79014689	      0.00000000	      0.49777533	      0.80821687	     -0.41079649	      0.92441857	      1.07492844	     -0.43647128	      0.81779509	      1.96509850	     -0.43647128	      0.56890742	      1.96509850	     -0.35944693	      0.46223417	      1.64811584	     -0.33377215	      0.28442882	      1.25192793	     -0.30809737	      3.55555940	      9.14271087	     -2.28472686	      0.00000000	      0.00000000	     28.29920846	      8.20494031	     19.87093863	     -0.10569051	    -25.57029767	     60.03806181	     10.59842201	      3.52288182	    -16.01268309	     -0.77886381	      0.81023293	    -11.37337999	     23.24817140	      5.54015001	     64.48165704	    -22.55088077	     -1.45311210
      1.03333333	     -1.69871334	     -1.38529170	     66.01614516	      0.21644102	      0.88270014	      0.56649773	     11.13214742	      7.10858635	      6.13587349	     22.08540560	      0.38546304	     49.51420329	      2.80137564	      0.00000000	      1.91911435	     -2.52784238	      6.46068629	      9.44517582	      0.16484942	     42.45931220	    -11.52402394	      0.00000000	      0.46420351	      0.83486165	     -0.15034714	      0.86207234	      1.11036600	     -0.15974384	      0.76263995	      2.02988262	     -0.15974384	      0.53053819	      2.02988262	     -0.13155375	      0.43105938	      1.70244988	     -0.12215705	      0.26524589	      1.29320070	     -0.11276035	      3.31575925	      9.44412197	     -0.83618569	      0.00000000	      0.00000000	     28.30307066	      6.94782217	     18.48091619	     -3.21091580	    -25.64398835	     43.93047850	     13.26531060	      8.28586287	    -17.32390079	     -0.26611531	      0.23880453	    -10.56151591	     15.19042940	      4.78795914	     71.46304998	    -23.06154375	     -1.26199203
      1.05000000	     -1.44755401	     -1.17416589	     65.17935797	      0.21880447	      0.88259258	      0.56349446	     10.61323982	      7.42050923	      6.91347805	     22.02538695	      0.38441552	     49.68070847	      3.59021469	      0.00000000	      1.16600792	     -2.69385636	      6.22689206	      9.35509457	      0.16327720	     42.79882069	    -11.70269883	      0.00000000	      0.43944673	      0.86922746	     -0.07958437	      0.81609653	      1.15607253	     -0.08455839	      0.72196704	      2.11343966	     -0.08455839	      0.50224367	      2.11343966	     -0.06963632	      0.40807024	      1.77252864	     -0.06466230	      0.25109986	      1.34643334	     -0.05968828	      3.13892408	      9.83287492	     -0.44262439	      0.00000000	      0.00000000	     28.30312482	      6.60999803	     18.72432644	     -4.09457268	    -25.26106016	     43.44290788	     12.66833468	      7.50884683	    -17.47796093	      1.45140945	     -0.46764100	    -10.21178765	     14.68517861	      4.07266259	     71.25570697	    -23.20819701	     -0.94216312
      1.06666667	     -1.37689109	     -0.79890062	     64.17568584	      0.22145803	      0.88225151	      0.56048037	      9.99058674	      7.48046112	      7.84573238	     22.11741374	      0.38602169	     49.87394608	      4.17850246	      0.00000000	      0.23512876	     -2.58408319	      5.81562995	      9.13680977	      0.15946741	     43.10933696	    -11.94811131	      0.00000000	      0.40587973	      0.87594930	      0.02513571	      0.75375924	      1.16501257	      0.02670669	      0.66681980	      2.12978314	      0.02670669	      0.46387994	      2.12978314	      0.02199375	      0.37689991	      1.78623582	      0.02042276	      0.23191968	      1.35684547	      0.01885178	      2.89915830	      9.90891372	      0.13979728	      0.00000000	      0.00000000	     28.30499437	      6.38189636	     18.86373600	     -5.11982566	    -24.93451382	     43.12351429	     12.45477967	      6.89050723	    -17.58905636	      3.40482451	     -1.17336927	    -10.01107300	     14.09336002	      3.54862120	     71.32444392	    -23.43899228	     -0.97622923
      1.08333333	     -1.35745405	     -0.61677766	     63.86551115	      0.22323215	      0.88137776	      0.55717559	      9.57272607	      7.47398973	      8.19243507	     22.29515620	      0.38912388	     50.13231112	      4.33977367	      0.00000000	     -0.19625471	     -2.50678980	      5.81862172	      9.22752721	      0.16105073	     43.58738203	    -12.03751222	      0.00000000	      0.41504650	      0.88006077	     -0.00882354	      0.77078286	      1.17048083	     -0.00937501	      0.68187990	      2.13977977	     -0.00937501	      0.47435665	      2.13977977	     -0.00772059	      0.38541218	      1.79461993	     -0.00716912	      0.23715757	      1.36321414	     -0.00661765	      2.96463566	      9.95542350	     -0.04907386	      0.00000000	      0.00000000	     28.30953401	      6.32993033	     19.00149621	     -6.21924270	    -24.50027184	     43.16777161	     12.19864506	      6.80871404	    -17.69892011	      3.79397025	     -1.92665325	     -9.94966251	     13.97699073	      3.11915280	     71.33185595	    -23.49889986	     -0.90504396
      1.10000000	     -1.49255523	     -0.01933309	     62.62342272	      0.22596193	      0.88089648	      0.55502754	      8.80177023	      7.26165110	      9.66372029	     22.45098190	      0.39184355	     50.34562275	      4.31515975	      0.00000000	     -1.30255822	     -2.03031790	      5.14102889	      8.84352922	      0.15434870	     43.77072645	    -12.42364917	      0.00000000	      0.35581210	      0.84971751	      0.16871830	      0.66077865	      1.13012429	      0.17926319	      0.58456370	      2.06600316	      0.17926319	      0.40665765	      2.06600316	      0.14762851	      0.33040712	      1.73274395	      0.13708362	      0.20331103	      1.31621243	      0.12653873	      2.54153026	      9.61217444	      0.93836057	      0.00000000	      0.00000000	     28.30877486	      6.24596997	     19.39564183	     -6.89096012	    -24.06777806	     43.18007866	     11.88065542	      6.56162756	    -18.34827897	      6.20878386	     -2.42677727	     -9.95643061	     13.09975289	      2.90359699	     71.42245914	    -24.18748554	     -1.27028072
      1.11666667	     -1.46234979	      0.09231342	     62.44358324	      0.22702221	      0.88006555	      0.55257664	      8.47098276	      7.23454441	      9.87398171	     22.62637513	      0.39490474	     50.55610260	      4.28916617	      0.00000000	     -1.61564533	     -1.96993127	      5.21847869	      8.84251918	      0.15433107	     44.17432955	    -12.44942504	      0.00000000	      0.36639523	      0.85151451	      0.16083664	      0.68043259	      1.13251429	      0.17088893	      0.60195073	      2.07037237	      0.17088893	      0.41875311	      2.07037237	      0.14073206	      0.34023461	      1.73640838	      0.13067977	      0.20935824	      1.31899597	      0.12062748	      2.61712450	      9.63250239	      0.89452514	      0.00000000	      0.00000000	     28.30263716	      6.28679750	     19.46280608	     -7.69496026	    -23.76356117	     43.33412711	     11.75391637	      6.64921071	    -18.43334255	      6.26303436	     -2.93728760	    -10.00178196	     12.94536037	      2.62970449	     71.38131464	    -24.26939657	     -1.23822324
      1.13333333	     -1.66550579	      0.53753314	     61.00743217	      0.23012433	      0.87943623	      0.55139855	      7.94241952	      7.56899948	     13.98239766	     23.01423718	      0.40167421	     50.34287866	      1.01355049	      0.00000000	     -2.99980011	     -1.45841467	      5.20658791	      7.48522668	      0.13064185	     43.88807654	    -13.48360620	      0.00000000	      0.33227732	      0.80463462	      0.42830959	      0.61707221	      1.07016405	      0.45507894	      0.54589841	      1.95638862	      0.45507894	      0.37975975	      1.95638862	      0.37477089	      0.30855272	      1.64081092	      0.34800154	      0.18986326	      1.24637903	      0.32123219	      2.37342368	      9.10218777	      2.38212946	      0.00000000	      0.00000000	     28.29953248	      6.39155858	     19.22657587	     -7.97311402	    -23.65987601	     50.17732704	     11.11109898	     11.55817372	    -18.31276618	      7.19476933	     -3.42408140	     -9.91629047	      8.12420847	      2.63956591	     70.76670483	    -26.11629319	     -3.56722320
      1.15000000	     -1.78403962	      0.89334255	     61.37413718	      0.23013571	      0.87908486	      0.55068689	      7.52381129	      7.46841983	     14.88915443	     23.12375002	      0.40358557	     50.25989124	     -0.46880834	      0.00000000	     -3.37641380	     -1.16313424	      6.68772939	      7.26356293	      0.12677309	     43.89153880	    -14.24559824	      0.00000000	      0.28850508	      0.76092475	      0.40504000	      0.53578278	      1.01202992	      0.43035500	      0.47398499	      1.85011244	      0.43035500	      0.32973245	      1.85011244	      0.35441000	      0.26790582	      1.55167775	      0.32909500	      0.16485180	      1.17867244	      0.30378000	      2.06076292	      8.60773297	      2.25271099	      0.00000000	      0.00000000	     28.28777636	      6.48743560	     18.90904537	     -7.99453072	    -23.35029053	     57.73072091	     10.22837193	     15.02398395	    -17.13480207	      7.19823103	     -3.54960424	    -10.12906286	      4.54055216	      2.66013318	     71.12856520	    -26.38509042	     -4.16938310
      1.16666667	     -1.98421019	      1.11715587	     61.60998533	      0.22952108	      0.87863556	      0.54987018	      7.43590990	      7.15344813	     14.97447135	     23.41597633	      0.40868588	     50.42741881	     -0.76975089	      0.00000000	     -3.60942449	     -0.82497405	      7.20795714	      6.99382315	      0.12206524	     44.07269541	    -14.14904381	      0.00000000	      0.26429795	      0.73178873	      0.43708177	      0.49082773	      0.97327902	      0.46439938	      0.43421511	      1.77927113	      0.46439938	      0.30206613	      1.77927113	      0.38244655	      0.24542708	      1.49226359	      0.35512894	      0.15101985	      1.13354075	      0.32781133	      1.88785385	      8.27814052	      2.43091767	      0.00000000	      0.00000000	     28.27884239	      6.31310330	     18.83154164	     -8.83113259	    -22.99455500	     59.19717952	     10.36054344	     15.61573405	    -17.15232626	      5.73294631	     -3.69022665	    -10.20309512	      3.06839560	      2.65693664	     70.25681932	    -26.56618460	     -3.83860604
      1.18333333	     -2.13360774	      1.24973778	     62.07349912	      0.22853321	      0.87809089	      0.54963408	      7.48723179	      7.02921346	     15.33078289	     23.72670492	      0.41410912	     50.34768689	     -1.70732613	      0.00000000	     -3.75304230	     -0.60151593	      8.48421606	      6.68604842	      0.11669356	     44.05818957	    -14.69681999	      0.00000000	      0.23653272	      0.70741205	      0.40460074	      0.43926492	      0.94085802	      0.42988829	      0.38859961	      1.72000165	      0.42988829	      0.27033325	      1.72000165	      0.35402565	      0.21964429	      1.44255464	      0.32873810	      0.13515480	      1.09578126	      0.30345056	      1.68952959	      8.00238654	      2.25026795	      0.00000000	      0.00000000	     28.26919760	      6.18740220	     18.71335700	     -9.24011460	    -22.70598159	     63.13091877	     10.25879332	     16.13718707	    -16.36364868	      5.45996343	     -3.95362695	    -10.04292907	     -1.78571484	      2.80153734	     67.41886068	    -26.72351005	     -5.81811730
      1.20000000	     -2.31305291	      1.34895548	     62.67281165	      0.22702541	      0.87751197	      0.55012827	      7.75675526	      6.87641825	     15.35594206	     24.17930596	      0.42200850	     50.21343760	     -2.61239407	      0.00000000	     -3.76224493	     -0.39332406	      9.75228196	      6.42048356	      0.11205858	     44.09056784	    -15.17822957	      0.00000000	      0.19987003	      0.67972876	      0.36901055	      0.37117863	      0.90403926	      0.39207371	      0.32836647	      1.65269252	      0.39207371	      0.22843146	      1.65269252	      0.32288423	      0.18559931	      1.38610290	      0.29982107	      0.11420573	      1.05289986	      0.27675791	      1.42765163	      7.68922773	      2.05232598	      0.00000000	      0.00000000	     28.26248503	      6.18200811	     18.63214158	     -9.70576315	    -22.35289443	     65.71694571	     10.49271445	     14.78362951	    -15.87512447	      4.41429351	     -4.07863423	    -10.03938523	     -5.55341071	      2.99698591	     65.02099737	    -26.35750480	     -6.70397919
      1.21666667	     -2.67907889	      1.34084173	     63.26218375	      0.22576058	      0.87683247	      0.55109029	      8.23695034	      6.55623897	     15.13870143	     24.59222318	      0.42921526	     50.11546638	     -3.17715300	      0.00000000	     -3.44441026	     -0.08839405	     10.25059375	      6.40047128	      0.11170930	     44.12886332	    -15.18600023	      0.00000000	      0.19550006	      0.63212936	      0.37327305	      0.36306317	      0.84073205	      0.39660261	      0.32118706	      1.53695933	      0.39660261	      0.22343702	      1.53695933	      0.32661392	      0.18154136	      1.28903819	      0.30328435	      0.11170874	      0.97916838	      0.27995479	      1.39643741	      7.15077376	      2.07603271	      0.00000000	      0.00000000	     28.26639682	      6.13215677	     18.34666638	    -10.28671494	    -21.74908663	     66.86676139	     10.60648586	     14.70991382	    -15.31296812	      3.42233725	     -4.14936253	    -10.38178205	     -6.97751493	      3.27333055	     63.66355786	    -26.16013493	     -5.80911503
      1.23333333	     -3.02606701	      1.23072269	     63.88299782	      0.22418510	      0.87632635	      0.55242894	      8.81028002	      6.30948534	     15.02757024	     24.95952416	      0.43562588	     49.90233487	     -4.06461568	      0.00000000	     -2.91161618	      0.17167641	     10.69800310	      6.60482712	      0.11527598	     44.18587207	    -15.36662233	      0.00000000	      0.19800623	      0.58641487	      0.35180736	      0.36771737	      0.77993178	      0.37379533	      0.32530443	      1.42580912	      0.37379533	      0.22630132	      1.42580912	      0.30783144	      0.18386858	      1.19581721	      0.28584348	      0.11314076	      0.90835664	      0.26385552	      1.41433870	      6.63364232	      1.95664702	      0.00000000	      0.00000000	     28.27564803	      6.39991593	     17.95508422	    -10.00512960	    -21.65190705	     75.91972035	     10.93541593	      8.07869953	    -14.30427522	      2.36638691	     -4.21364516	    -10.64639582	     -7.75850021	      3.59154827	     59.45769957	    -25.86451807	     -6.18113628
      1.25000000	     -3.41906161	      1.03530720	     64.38956299	      0.22297138	      0.87609100	      0.55375727	      9.43287853	      5.98814378	     14.72772952	     25.19570709	      0.43974805	     49.75377523	     -4.52158547	      0.00000000	     -2.30326505	      0.42690144	     10.71004332	      6.84496501	      0.11946718	     44.15960519	    -15.34991009	      0.00000000	      0.22305918	      0.53606283	      0.35784185	      0.41424321	      0.71296357	      0.38020696	      0.36646393	      1.30338317	      0.38020696	      0.25493434	      1.30338317	      0.31311161	      0.20713276	      1.09313933	      0.29074650	      0.12745602	      0.83036133	      0.26838138	      1.59328944	      6.06404998	      1.99020899	      0.00000000	      0.00000000	     28.29154877	      6.87002526	     17.34738441	    -10.24087322	    -21.28417698	     76.46939892	     11.25691788	      8.55562434	    -13.94262283	      1.43755628	     -4.12997336	    -11.09982360	     -8.58971820	      3.72814011	     58.44355488	    -25.93396544	     -5.00167421
      1.26666667	     -3.74315232	      0.63949105	     65.06895045	      0.22153784	      0.87619427	      0.55496966	     10.16397412	      5.80457749	     14.41606345	     25.29981584	      0.44156509	     49.48313467	     -5.17965127	      0.00000000	     -1.14650864	      0.49890328	      9.45269462	      7.78946597	      0.13595183	     44.58249360	    -13.89544617	      0.00000000	      0.27110615	      0.49992270	      0.24698332	      0.50347122	      0.66489720	      0.26241977	      0.44540029	      1.21551206	      0.26241977	      0.30984721	      1.21551206	      0.21611040	      0.25174917	      1.01944238	      0.20067395	      0.15491005	      0.77438027	      0.18523749	      1.93648409	      5.65522562	      1.37364712	      0.00000000	      0.00000000	     28.31805887	      7.21373159	     16.71134882	     -9.72319522	    -21.10568534	     80.37515121	     11.20363931	      6.93754558	    -13.35679972	      1.07992778	     -4.57600744	    -11.38102256	     -6.42734008	      4.50094872	     48.37071682	    -25.66707127	     -5.41513157
      1.28333333	     -3.98773347	      0.27857844	     65.67521768	      0.22038611	      0.87685742	      0.55566992	     10.59717089	      5.60251864	     14.16102152	     24.98365724	      0.43604708	     49.15823695	     -5.61300420	      0.00000000	     -0.28305999	      0.53093201	      8.80399739	      8.36668044	      0.14602612	     44.70409947	    -13.10403758	      0.00000000	      0.32051684	      0.47100197	      0.14567497	      0.59523182	      0.62643262	      0.15477966	      0.52657711	      1.14519419	      0.15477966	      0.36631869	      1.14519419	      0.12746560	      0.29763194	      0.96046722	      0.11836091	      0.18314332	      0.72958205	      0.10925623	      2.28941973	      5.32806850	      0.81020049	      0.00000000	      0.00000000	     28.34312647	      7.50414941	     15.83705646	     -9.43234903	    -20.98789751	     80.92513434	     11.24137086	      7.30071060	    -13.25020875	      0.93873114	     -4.84530851	    -11.43657975	     -9.85705864	      5.21340415	     42.22386943	    -25.30340069	     -6.40257621
      1.30000000	     -4.12239890	     -0.16677126	     66.03071545	      0.21951710	      0.87783397	      0.55610939	     10.83187239	      5.47802367	     13.94858026	     24.23170315	      0.42292300	     48.72995765	     -5.65693111	      0.00000000	      0.43165649	      0.47043497	      8.62243953	      8.61817640	      0.15041555	     44.59018059	    -13.03807352	      0.00000000	      0.38042865	      0.46797227	      0.08673199	      0.70649405	      0.62240311	      0.09215274	      0.62500623	      1.13782777	      0.09215274	      0.43479191	      1.13782777	      0.07589049	      0.35326605	      0.95428905	      0.07046974	      0.21737693	      0.72488904	      0.06504899	      2.71736382	      5.29379588	      0.48237730	      0.00000000	      0.00000000	     28.35773852	      7.78955105	     15.02409632	     -9.27888161	    -21.04301343	     80.97690736	     11.24755408	      7.33497881	    -13.31512424	      1.09275057	     -4.97784923	    -11.54116040	    -11.26024182	      5.34517643	     40.48122366	    -25.55328642	     -5.22115388
      1.31666667	     -3.96264962	     -0.48810017	     66.91851626	      0.21741197	      0.87936862	      0.55683889	     10.81943275	      5.46056276	     13.09907801	     23.48408073	      0.40987453	     48.14543178	     -5.71280654	      0.00000000	      1.47911964	      0.03384215	      6.53058271	      9.66985795	      0.16877086	     45.42139150	     -9.76925559	      0.00000000	      0.38668155	      0.50282936	     -0.11334514	      0.71810630	      0.66876304	     -0.12042921	      0.63527911	      1.22257930	     -0.12042921	      0.44193834	      1.22257930	     -0.09917699	      0.35907248	      1.02536962	     -0.09209292	      0.22094983	      0.77888267	     -0.08500885	      2.76202761	      5.68810625	     -0.63039164	      0.00000000	      0.00000000	     28.37153846	      6.99929169	     14.09793428	     -8.88632803	    -21.31259045	     80.98041422	     11.19659384	      7.17140530	    -13.40428841	      1.71760682	     -5.23491133	    -10.61046922	    -19.05873335	      7.00947364	     28.47730598	    -23.21448835	    -10.45081105
      1.33333333	     -4.06838767	     -0.59712505	     66.93686318	      0.21609429	      0.88104957	      0.55782673	     10.93754641	      5.23586464	     13.02342128	     23.26369439	      0.40602806	     47.68426265	     -5.67797729	      0.00000000	      1.79161716	      0.14950977	      6.43543923	      9.64346393	      0.16831020	     45.19838698	     -9.72781719	      0.00000000	      0.36597826	      0.51862583	     -0.12618999	      0.67965823	      0.68977235	     -0.13407687	      0.60126569	      1.26098684	     -0.13407687	      0.41827656	      1.26098684	     -0.11041624	      0.33984742	      1.05758179	     -0.10252937	      0.20911998	      0.80335141	     -0.09464249	      2.61414613	      5.86679912	     -0.70183087	      0.00000000	      0.00000000	     28.37773577	      6.95804668	     14.01603438	     -8.69407286	    -21.56124502	     80.86869199	     10.98345826	      7.07025520	    -13.45664372	      1.85453814	     -5.21206024	    -10.25736575	    -19.12857177	      7.01467651	     28.35918737	    -23.23813848	    -10.35414942
      1.35000000	     -3.39193302	     -1.09119476	     67.96461304	      0.21383147	      0.88328521	      0.55760091	     10.06381381	      5.56734935	     11.57266959	     21.17381650	      0.36955281	     46.62132118	     -5.24994491	      0.00000000	      2.69928148	     -0.71016165	      6.20899063	     10.44157139	      0.18223980	     45.50193407	     -8.53914844	      0.00000000	      0.37507228	      0.63757820	     -0.31711616	      0.69654674	      0.84797900	     -0.33693592	      0.61620626	      1.55020763	     -0.33693592	      0.42867011	      1.55020763	     -0.27747664	      0.34829212	      1.30014946	     -0.25765688	      0.21431630	      0.98760863	     -0.23783712	      2.67910382	      7.21241210	     -1.76370496	      0.00000000	      0.00000000	     28.37915736	      5.42172724	     13.10809429	     -8.62210575	    -22.09867706	     79.21835863	     10.97516391	      5.76296890	    -13.74484037	      3.35653317	     -5.29859637	     -9.47140618	    -20.54874656	      7.47980193	     26.51955772	    -23.06177617	     -9.86981558
      1.36666667	     -3.11729830	     -1.36387651	     68.72783969	      0.21211211	      0.88551840	      0.55809585	      9.53276053	      5.46738233	      9.93106135	     19.84399473	      0.34634304	     46.01452792	     -4.11661088	      0.00000000	      3.56994398	     -1.22227215	      4.43692825	     11.21854488	      0.19580055	     45.95997276	     -5.77836464	      0.00000000	      0.36505879	      0.69559072	     -0.39385909	      0.67795068	      0.92513566	     -0.41847528	      0.59975508	      1.69125927	     -0.41847528	      0.41722569	      1.69125927	     -0.34462670	      0.33899359	      1.41844859	     -0.32001051	      0.20859459	      1.07747002	     -0.29539431	      2.60757842	      7.86866133	     -2.19052608	      0.00000000	      0.00000000	     28.38614490	      3.91246680	     11.74320762	     -8.73417941	    -22.30566670	     76.64313386	     11.03034671	      5.11148464	    -14.37701651	      3.42342979	     -4.78429042	     -8.81313836	    -22.15258877	      7.27234914	     24.82487923	    -22.09095260	    -10.76617183
      1.38333333	     -3.23995080	     -1.65391495	     68.53203051	      0.21212562	      0.88768351	      0.55857528	      9.31573426	      5.26915059	      9.54594705	     18.89972520	      0.32986243	     45.27218807	     -3.74505661	      0.00000000	      4.09024463	     -1.21953026	      3.71267968	     11.33150504	      0.19777207	     45.69974326	     -5.52623022	      0.00000000	      0.37930000	      0.71389277	     -0.33335310	      0.70439802	      0.94947738	     -0.35418767	      0.62315196	      1.73575888	     -0.35418767	      0.43350197	      1.73575888	     -0.29168397	      0.35221798	      1.45577013	     -0.27084940	      0.21673202	      1.10581990	     -0.25001483	      2.70930194	      8.07569777	     -1.85400995	      0.00000000	      0.00000000	     28.38921553	      3.58705367	     11.78210382	     -8.53270146	    -22.32537438	     76.13977334	     10.64441539	      4.93455951	    -14.47362565	      3.68235223	     -4.40767035	     -8.40709606	    -22.44667941	      6.78037881	     24.66146123	    -22.14925733	    -10.65493520
      1.40000000	     -3.07301899	     -1.77383944	     68.96345880	      0.21280522	      0.88973669	      0.56016813	      8.83702287	      5.16892125	      7.31964501	     17.93895342	      0.31309380	     44.92907959	     -1.88425118	      0.00000000	      5.55327319	     -2.92305165	     -7.89142315	     13.72954594	      0.23962578	     48.47259583	      8.67971338	      0.00000000	      0.34532335	      0.72468016	     -0.30960893	      0.64130000	      0.96382461	     -0.32895949	      0.56733174	      1.76198733	     -0.32895949	      0.39467006	      1.76198733	     -0.27090781	      0.32066727	      1.47776778	     -0.25155726	      0.19731776	      1.12252956	     -0.23220670	      2.46661018	      8.19772688	     -1.72195198	      0.00000000	      0.00000000	     28.39776334	      2.80143542	     10.72431954	     -8.58744196	    -21.98904408	     72.32293415	     10.60383911	      6.16182605	    -14.96873632	      3.26532723	      3.50509470	     -6.57926308	   -112.17344326	     13.03371420	      7.33423115	      7.44715148	     -9.55965530
      1.41666667	     -3.05955442	     -1.89698433	     68.73081086	      0.21362231	      0.89248087	      0.56017737	      8.16659927	      5.00960985	      6.14399563	     16.74895802	      0.29232446	     44.22379499	     -0.62862581	      0.00000000	      5.76390277	     -2.99129650	     -8.03601571	     13.71435289	      0.23936061	     48.04922943	      8.45412664	      0.00000000	      0.33124121	      0.74282832	     -0.26274308	      0.61514804	      0.98796167	     -0.27916453	      0.54419618	      1.80611279	     -0.27916453	      0.37857558	      1.80611279	     -0.22990020	      0.30759058	      1.51477552	     -0.21347875	      0.18927123	      1.15064108	     -0.19705731	      2.36602282	      8.40302258	     -1.46129820	      0.00000000	      0.00000000	     28.40118077	      2.63948259	     10.95290107	     -8.29923843	    -22.06366316	     71.77682360	     10.46524303	      6.16687453	    -15.08681603	      2.74674759	      5.94575615	     -8.29493049	   -138.19570199	     14.26446353	      5.86481222	      9.73372631	     -1.63997491
      1.43333333	     -2.97170947	     -1.91979687	     68.19705757	      0.21482687	      0.89536405	      0.55986257	      7.30904278	      5.03328555	      5.71765906	     15.52248411	      0.27091846	     43.24796615	     -0.12611131	      0.00000000	      5.67839374	     -3.07980695	     -8.34703676	     13.47121479	      0.23511705	     47.62701648	      8.17084509	      0.00000000	      0.30732954	      0.76477508	     -0.19037015	      0.57074169	      1.01715086	     -0.20226828	      0.50491170	      1.85947413	     -0.20226828	      0.35124693	      1.85947413	     -0.16657388	      0.28538621	      1.55952934	     -0.15467574	      0.17560810	      1.18463660	     -0.14277761	      2.19522417	      8.65128866	     -1.05878165	      0.00000000	      0.00000000	     28.40345980	      2.62056575	     11.42512531	     -8.01221717	    -22.22550171	     71.46347243	     10.36676617	      5.89510226	    -15.20299273	      2.09421108	      6.21456783	     -7.99991396	   -139.35170940	     14.58087833	      5.26044555	     10.10074476	     -1.93585785
      1.45000000	     -2.97993464	     -1.99590285	     67.50189142	      0.21628887	      0.89785226	      0.55934755	      6.61400762	      5.02493909	      5.45905784	     14.43143529	      0.25187606	     42.25479660	      0.40131502	      0.00000000	      5.67256865	     -3.09614110	     -8.71154571	     13.26763721	      0.23156395	     47.30066224	      7.81815053	      0.00000000	      0.31013044	      0.78364005	     -0.12906259	      0.57594325	      1.04224126	     -0.13712900	      0.50951331	      1.90534241	     -0.13712900	      0.35444808	      1.90534241	     -0.11292977	      0.28798713	      1.59799878	     -0.10486335	      0.17720854	      1.21385843	     -0.09679694	      2.21523074	      8.86469293	     -0.71780741	      0.00000000	      0.00000000	     28.39960481	      2.49983559	     12.14577528	     -7.78507445	    -22.35549695	     71.24557822	     10.11647638	      5.74803624	    -15.25296750	      1.70923330	      6.34270936	     -7.61278787	   -139.99542875	     14.96327900	      4.99809198	     10.51019761	     -2.36872802
      1.46666667	     -2.87098909	     -1.64287502	     66.36132865	      0.21784894	      0.90076279	      0.55863010	      5.79159273	      4.61048762	      2.70120059	     13.94537542	      0.24339272	     42.06941564	      4.72956647	      0.00000000	      4.53512736	     -2.52964815	     -5.79484857	     11.84328893	      0.20670439	     46.02762668	      3.15378465	      0.00000000	      0.24360078	      0.81124995	     -0.01645287	      0.45239101	      1.07896244	     -0.01748117	      0.40021172	      1.97247314	     -0.01748117	      0.27841133	      1.97247314	     -0.01439626	      0.22620769	      1.65430090	     -0.01336796	      0.13919349	      1.25662618	     -0.01233965	      1.74001602	      9.17702172	     -0.09150592	      0.00000000	      0.00000000	     28.38977296	      2.76578107	     13.70180420	     -7.63021446	    -22.72870247	     69.50871244	     10.16787027	      6.20593299	    -15.36342534	      1.48287559	      7.17367716	     -8.22974620	   -150.30030840	     15.69479816	      5.63328389	     10.59542441	      0.23767140
      1.48333333	     -2.74970393	     -1.17271615	     64.86154883	      0.21990516	      0.90357384	      0.55730878	      4.74550586	      4.30561655	      1.55686269	     13.31310161	      0.23235746	     41.61680269	      7.72899653	      0.00000000	      2.39190870	     -1.44675401	      2.41783976	      8.96638271	      0.15649290	     42.94446137	     -8.44748948	      0.00000000	      0.17877332	      0.84089601	      0.17284045	      0.33199994	      1.11839170	      0.18364298	      0.29370669	      2.04455456	      0.18364298	      0.20432003	      2.04455456	      0.15123539	      0.16600891	      1.71475515	      0.14043287	      0.10215108	      1.30254792	      0.12963034	      1.27695997	      9.51238386	      0.96128673	      0.00000000	      0.00000000	     28.37124200	      2.40535205	     14.85977692	     -7.59347313	    -23.14387321	     68.65133843	     10.04949419	      6.04580435	    -15.23169122	      1.71076621	      7.61082528	     -8.54533772	   -156.65907045	     16.17078966	      5.40898386	     10.73259345	      1.50487005
      1.50000000	     -2.48156106	     -0.83784258	     63.57093891	      0.22220847	      0.90584957	      0.55649125	      3.82163502	      4.30853340	      0.97785648	     12.71321172	      0.22188740	     41.10332912	      9.89563624	      0.00000000	      0.81457760	     -1.30863713	      4.84617659	      7.16234686	      0.12500653	     41.38847716	    -12.89668515	      0.00000000	      0.12394335	      0.88514143	      0.34783769	      0.23017519	      1.17723811	      0.36957755	      0.20362653	      2.15213288	      0.36957755	      0.14165485	      2.15213288	      0.30435798	      0.11509379	      1.80498041	      0.28261813	      0.07082123	      1.37108408	      0.26087827	      0.88531494	     10.01289693	      1.93456890	      0.00000000	      0.00000000	     28.35058511	      1.86778680	     15.87474302	     -7.64205757	    -23.44005023	     66.71137502	      9.91918250	      6.23166774	    -15.13556095	      2.20807099	      8.14860274	     -9.63707615	   -167.35676895	     16.91153879	      4.01541589	      9.89296153	      4.50758103
      1.51666667	     -2.10273974	     -0.47575489	     62.36874196	      0.22466093	      0.90788820	      0.55592835	      2.79042765	      4.50716137	      1.33195821	     11.99384750	      0.20933213	     40.49672470	     10.93503509	      0.00000000	     -0.80389736	     -1.44401231	      5.03930559	      5.47046726	      0.09547767	     40.42006461	    -14.49674315	      0.00000000	      0.05436710	      0.93235173	      0.53584799	      0.10096514	      1.24002780	      0.56933849	      0.08931971	      2.26692000	      0.56933849	      0.06213616	      2.26692000	      0.46886699	      0.05048529	      1.90125165	      0.43537649	      0.03106536	      1.44421283	      0.40188599	      0.38833876	     10.54694926	      2.98022575	      0.00000000	      0.00000000	     28.32601382	      1.49350597	     16.94099643	     -7.65783444	    -23.71002127	     65.28332453	      9.83007920	      5.54501269	    -15.02410548	      2.92473626	      8.40902042	     -9.95991436	   -171.10112443	     17.21053726	      3.33034983	      9.74452060	      4.47793459
      1.53333333	     -1.60379440	     -0.27333276	     61.45367318	      0.22642362	      0.90943389	      0.55458401	      1.81810694	      4.85847958	      2.02662151	     11.21363871	      0.19571492	     40.18604562	     11.58619116	      0.00000000	     -2.34990802	     -1.69889122	      5.92981201	      3.81641449	      0.06660900	     39.48635560	    -16.75204463	      0.00000000	      0.00623702	      1.00486590	      0.68398529	      0.01158277	      1.33647164	      0.72673437	      0.01024680	      2.44323094	      0.72673437	      0.00712829	      2.44323094	      0.59848713	      0.00579170	      2.04912254	      0.55573804	      0.00356383	      1.55653728	      0.51298896	      0.04455040	     11.36724401	      3.80412096	      0.00000000	      0.00000000	     28.31010573	      0.86111352	     17.71034561	     -7.97604083	    -24.03795154	     61.49464232	      9.98959137	      4.84052078	    -15.54277702	      3.49487500	      8.56579198	    -10.51929052	   -178.12300328	     17.97187681	      2.91788948	      8.14940740	      6.34346415
      1.55000000	     -1.22486542	     -0.48122745	     61.12918350	      0.22715962	      0.91001987	      0.55339458	      1.47967100	      5.29490424	      2.30488935	     10.68377263	      0.18646701	     39.97835090	     11.89679326	      0.00000000	     -2.68712421	     -2.09942171	      5.64235612	      3.45324908	      0.06027057	     39.47664041	    -17.05113229	      0.00000000	      0.02350516	      1.08075360	      0.69439873	      0.04365143	      1.43740228	      0.73779865	      0.03861663	      2.62774429	      0.73779865	      0.02686405	      2.62774429	      0.60759889	      0.02182689	      2.20387273	      0.56419897	      0.01343085	      1.67408732	      0.52079904	      0.16789500	     12.22570083	      3.86203740	      0.00000000	      0.00000000	     28.29410053	      0.30705963	     18.45871160	     -7.98980269	    -24.43176988	     60.50339006	      9.77365725	      4.17298547	    -15.40600497	      4.95210246	      8.52647889	    -10.20374564	   -178.88346472	     18.37385469	      2.80961231	      8.18523864	      6.23934333
      1.56666667	     -0.56397159	     -0.35152734	     60.92428209	      0.22808963	      0.91092825	      0.55135109	      0.12295441	      6.15765828	      6.62656285	      9.25271194	      0.16149029	     38.89006474	      7.01366989	      0.00000000	     -4.00399464	     -2.60715607	      5.99500022	      2.23921213	      0.03908162	     39.12381686	    -17.70818139	      0.00000000	     -0.02053696	      1.16847411	      0.73151495	     -0.03813919	      1.55407057	      0.77723464	     -0.03374017	      2.84102795	      0.77723464	     -0.02347169	      2.84102795	      0.64007559	     -0.01907062	      2.38275240	      0.59435590	     -0.01173482	      1.80996640	      0.54863622	     -0.14669346	     13.21801282	      4.06846672	      0.00000000	      0.00000000	     28.28137409	     -0.05566936	     19.11887657	     -8.81330605	    -24.65671118	     52.63162431	     10.40783439	      5.38329580	    -16.56208751	      4.81280008	      8.40982474	    -10.63880603	   -185.01749269	     18.98594010	      3.03875020	      6.10174290	      8.28262103
      1.58333333	     -0.11875295	     -0.36330256	     60.46772177	      0.22881178	      0.91102191	      0.55012244	     -0.30427292	      6.51156335	      7.10619035	      9.03240749	      0.15764525	     38.91285613	      6.99330230	      0.00000000	     -4.76974542	     -2.92299498	      5.27483754	      1.59615480	      0.02785816	     39.11751229	    -17.60681229	      0.00000000	     -0.04235943	      1.23410817	      0.79472369	     -0.07866569	      1.64136387	      0.84439392	     -0.06959230	      3.00061061	      0.84439392	     -0.04841259	      3.00061061	      0.69538323	     -0.03933496	      2.51659338	      0.64571300	     -0.02420418	      1.91163356	      0.59604277	     -0.30256914	     13.96047844	      4.42001476	      0.00000000	      0.00000000	     28.27506432	     -0.39542246	     19.51744519	     -9.18441179	    -24.91732723	     49.90315902	     10.54052124	      5.27245125	    -16.74062780	      4.78573511	      8.43359703	    -10.21288870	   -185.18829343	     19.28362583	      3.75821170	      6.43094709	      8.55772133
      1.60000000	      0.06513673	     -0.41689316	     60.62519902	      0.22860383	      0.91050916	      0.54908305	     -0.40487956	      6.67602610	      7.17555139	      9.06640960	      0.15823870	     39.02409340	      6.51108681	      0.00000000	     -5.02541074	     -3.05834137	      5.26598236	      1.32100386	      0.02305587	     38.96177642	    -17.81258425	      0.00000000	     -0.03599457	      1.26755061	      0.73282440	     -0.06684551	      1.68584231	      0.77862592	     -0.05913548	      3.08192255	      0.77862592	     -0.04113819	      3.08192255	      0.64122135	     -0.03342456	      2.58478920	      0.59541982	     -0.02056730	      1.96343589	      0.54961830	     -0.25710560	     14.33878601	      4.07574946	      0.00000000	      0.00000000	     28.26788984	     -0.95927208	     19.71856960	     -9.34178400	    -25.10332851	     49.68020602	     10.52505372	      5.09593722	    -16.81463143	      4.53747699	      8.40782519	     -9.77368520	   -184.64420836	     19.61042827	      4.03272915	      6.37669584	      9.02786170
      1.61666667	      0.22185797	     -0.43201553	     60.82893301	      0.22809946	      0.90965912	      0.54861127	     -0.46375203	      6.80958490	      7.35765292	      9.20110418	      0.16058956	     39.03746604	      5.72454920	      0.00000000	     -5.19754549	     -3.16584428	      5.39679095	      1.19395758	      0.02083849	     38.81181824	    -17.97241955	      0.00000000	     -0.03271950	      1.28945647	      0.72548283	     -0.06076338	      1.71497711	      0.77082551	     -0.05375487	      3.13518446	      0.77082551	     -0.03739512	      3.13518446	      0.63479748	     -0.03038333	      2.62945964	      0.58945480	     -0.01869592	      1.99736807	      0.54411212	     -0.23371212	     14.58658949	      4.03491787	      0.00000000	      0.00000000	     28.26585266	     -1.33817220	     19.99833734	     -9.71217182	    -25.23196109	     49.84801064	     10.64849680	      5.36730235	    -16.78123531	      3.67409592	      8.41835635	     -9.21042961	   -183.30027220	     19.50599041	      4.80030733	      6.61994366	      9.93199620
      1.63333333	      0.24411575	     -0.46010421	     60.97498565	      0.22789373	      0.90809252	      0.54869753	     -0.67861369	      6.99532577	      9.93570763	      8.91068973	      0.15552087	     38.49784176	      2.19736918	      0.00000000	     -5.20877533	     -3.18763736	      5.55026981	      1.23205134	      0.02150335	     38.79871508	    -18.09629701	      0.00000000	     -0.01636037	      1.27870358	      0.71127858	     -0.03038285	      1.70067576	      0.75573349	     -0.02687846	      3.10903988	      0.75573349	     -0.01869827	      3.10903988	      0.62236876	     -0.01519224	      2.60753234	      0.57791385	     -0.00934832	      1.98071184	      0.53345893	     -0.11686052	     14.46495061	      3.95591807	      0.00000000	      0.00000000	     28.24953502	     -0.87208542	     20.39072542	     -9.65645145	    -25.23461687	     52.26039767	     10.33954489	      6.50314678	    -16.22013073	      4.15560289	      8.06435385	     -7.95103203	   -175.52833387	     18.08432593	      7.10456235	     10.62019329	      8.09976331
      1.65000000	      0.17268916	     -0.24902013	     61.80323982	      0.22757793	      0.90639983	      0.54812253	     -2.31751947	      7.36980475	     21.20991750	      6.55574604	      0.11441935	     34.64678433	    -13.39418533	      0.00000000	     -5.33799766	     -3.10217952	      6.51076968	      1.23430873	      0.02154275	     38.71064103	    -18.18993150	      0.00000000	      0.00311142	      1.23139495	      0.60206483	      0.00577822	      1.63775528	      0.63969389	      0.00511176	      2.99401368	      0.63969389	      0.00355605	      2.99401368	      0.52680673	      0.00288927	      2.51106058	      0.48917768	      0.00177787	      1.90743078	      0.45154863	      0.02222459	     13.92978596	      3.34850399	      0.00000000	      0.00000000	     28.21352784	     -0.68368793	     20.62117298	     -9.76267751	    -24.95178155	     55.33923653	     10.25202162	      5.88087481	    -16.16403561	      3.23938954	      7.68073815	     -6.82291369	   -165.45572784	     17.61732656	      5.42021243	     11.71492917	      5.21019434
      1.66666667	     -0.08842256	     -0.22497510	     62.08901642	      0.22703014	      0.90405484	      0.54919668	     -1.85403403	      7.20129219	     20.85597220	      7.24341780	      0.12642149	     35.20273591	    -13.41230684	      0.00000000	     -5.13107882	     -2.89723599	      7.16085937	      1.29118878	      0.02253550	     38.73917493	    -18.23904993	      0.00000000	      0.03038650	      1.17205224	      0.57593030	      0.05643078	      1.55882948	      0.61192594	      0.04992199	      2.84972782	      0.61192594	      0.03472874	      2.84972782	      0.50393901	      0.02821691	      2.39004893	      0.46794337	      0.01736285	      1.81550892	      0.43194772	      0.21704777	     13.25848936	      3.20315154	      0.00000000	      0.00000000	     28.16571266	      0.19549963	     21.48778927	     -9.57046531	    -24.64451612	     56.89620209	     10.22278188	      7.02478587	    -16.36340945	      3.18135532	      7.37756628	     -6.97711243	   -164.00801135	     17.09116671	      6.48107246	     12.02206215	      5.81937475
      1.68333333	     -0.38804141	     -0.00528639	     62.45551355	      0.22626500	      0.90174124	      0.55051519	     -1.42524713	      6.95334625	     20.67159825	      8.09386061	      0.14126452	     36.03576878	    -13.55395284	      0.00000000	     -5.07681144	     -2.59003661	      8.04294958	      1.28013613	      0.02234259	     38.82063480	    -18.18133574	      0.00000000	      0.03124291	      1.09224959	      0.54235369	      0.05802121	      1.45269195	      0.57625079	      0.05132898	      2.65569565	      0.57625079	      0.03570753	      2.65569565	      0.47455948	      0.02901217	      2.22731536	      0.44066237	      0.01785220	      1.69189461	      0.40676527	      0.22316501	     12.35574578	      3.01640851	      0.00000000	      0.00000000	     28.11371751	      0.94867313	     21.76743643	     -9.35898363	    -24.29458943	     57.83544998	     10.43229133	      7.68099886	    -16.72681156	      3.16269794	      7.29779892	     -7.38070619	   -162.93334393	     16.82631073	      7.11581486	     11.88338503	      6.30034540
      1.70000000	     -0.63378837	     -0.06851912	     62.86427984	      0.22468451	      0.89907691	      0.55221970	     -0.07748944	      6.67437653	     16.50737491	      9.89862375	      0.17276358	     38.52373067	     -8.20343918	      0.00000000	     -4.66888790	     -2.46250286	      9.26975109	      1.32848711	      0.02318647	     39.04666524	    -18.27000933	      0.00000000	      0.05759191	      1.04121436	      0.49148600	      0.10695394	      1.38481510	      0.52220388	      0.09461776	      2.53160861	      0.52220388	      0.06582180	      2.53160861	      0.43005025	      0.05347985	      2.12324433	      0.39933238	      0.03290802	      1.61284105	      0.36861450	      0.41137328	     11.77842513	      2.73349769	      0.00000000	      0.00000000	     28.03351674	      2.00590084	     22.57183001	     -8.82401100	    -24.13222280	     61.90592202	     10.24672621	      6.63997362	    -16.84094627	      3.81217402	      6.87978571	     -6.57219030	   -152.15467872	     15.98562628	      7.72002422	     12.75162778	      1.97315121
      1.71666667	     -0.78895830	      0.02673341	     63.39105080	      0.22313161	      0.89651787	      0.55393842	      0.74031986	      6.65985459	     16.45136169	     11.09873610	      0.19370949	     39.66572303	     -8.35386656	      0.00000000	     -4.46900435	     -2.38992581	     10.59275440	      1.33529343	      0.02330527	     39.32320003	    -18.20814690	      0.00000000	      0.05244584	      0.99048263	      0.40845487	      0.09739716	      1.31734190	      0.43398330	      0.08616327	      2.40825946	      0.43398330	      0.05994035	      2.40825946	      0.35739801	      0.04870120	      2.01979218	      0.33186958	      0.02996755	      1.53425759	      0.30634115	      0.37461537	     11.20453759	      2.27170344	      0.00000000	      0.00000000	     27.95137623	      2.72434928	     22.63339642	     -8.53705327	    -23.88016343	     62.55960944	     10.38347401	      7.21375256	    -17.28195593	      3.86795189	      7.22117935	     -6.96061959	   -151.25120057	     16.10791032	      7.99902184	     12.37885854	      2.06080167
      1.73333333	     -1.17822060	     -0.04246611	     63.71358069	      0.22057900	      0.89360913	      0.55623079	      2.99327474	      5.62931424	      8.53683782	     14.06425630	      0.24546758	     43.32895686	      1.97448128	      0.00000000	     -3.82018456	     -2.04440352	     11.54733875	      1.60591989	      0.02802859	     39.67437747	    -18.24449445	      0.00000000	      0.06470151	      0.93575904	      0.37416489	      0.12015718	      1.24455952	      0.39755020	      0.10629812	      2.27520452	      0.39755020	      0.07394736	      2.27520452	      0.32739428	      0.06008183	      1.90819983	      0.30400897	      0.03697045	      1.44949075	      0.28062367	      0.46215645	     10.58549336	      2.08099287	      0.00000000	      0.00000000	     27.87780459	      3.30308904	     22.31961759	     -8.06030841	    -23.78477426	     64.98159118	     10.35103648	      7.25621546	    -17.31390985	      3.94588438	      4.59057384	     -4.61733121	   -115.57453740	     13.29415285	      9.12852625	     10.05135752	    -12.35544114
      1.75000000	     -1.47844333	      0.09723982	     64.32515074	      0.21895025	      0.89083746	      0.55832773	      4.17681317	      5.45273030	      8.77023439	     15.74989399	      0.27488751	     44.56168688	      1.39555903	      0.00000000	     -3.39838010	     -1.77574298	     12.51383535	      1.97338845	      0.03444213	     40.13584402	    -18.14231787	      0.00000000	      0.04557241	      0.86074827	      0.24286919	      0.08463252	      1.14479520	      0.25804851	      0.07487091	      2.09282334	      0.25804851	      0.05208470	      2.09282334	      0.21251054	      0.04231854	      1.75523787	      0.19733121	      0.02604007	      1.33329907	      0.18215189	      0.32551915	      9.73695655	      1.35076556	      0.00000000	      0.00000000	     27.85507953	      3.81614111	     20.90790088	     -7.51478671	    -23.43436003	     66.02225184	     10.51234568	      8.20925989	    -17.65732802	      3.06376276	      4.77122529	     -5.02450709	   -113.63691730	     13.33905161	     10.73289375	      8.96205920	    -13.00349212
      1.76666667	     -1.79445350	      0.00618960	     64.77495065	      0.21687669	      0.88830340	      0.56031625	      5.57288620	      5.15265238	      8.11804905	     17.30413962	      0.30201421	     45.75336187	      2.21175246	      0.00000000	     -2.47129565	     -1.46395879	     12.81983928	      2.95101861	      0.05150499	     40.79086427	    -17.98261933	      0.00000000	      0.06595873	      0.81123199	      0.22868676	      0.12249196	      1.07893855	      0.24297968	      0.10836360	      1.97242947	      0.24297968	      0.07538423	      1.97242947	      0.20010091	      0.06124928	      1.65426428	      0.18580799	      0.03768882	      1.25659836	      0.17151507	      0.47113661	      9.17681856	      1.27188714	      0.00000000	      0.00000000	     27.82326997	      3.36208191	     18.99215370	     -7.08217411	    -23.27313225	     69.10409843	     10.41978775	      7.62412935	    -17.27418016	      2.42543402	      0.09570603	     -7.09967848	    -39.71903350	      4.53780901	     24.74431708	    -21.44765173	    -16.47936019
      1.78333333	     -2.36220215	      0.01116414	     65.34346121	      0.21558046	      0.88527016	      0.56272282	      7.16253660	      4.82067928	      8.39965141	     19.21031557	      0.33528326	     46.89384569	      1.53982614	      0.00000000	     -1.37531296	     -0.90358493	     13.03145322	      4.25285044	      0.07422624	     41.43854639	    -17.85005647	      0.00000000	      0.07690012	      0.71152675	      0.14136337	      0.14281122	      0.94633057	      0.15019858	      0.12633921	      1.73000613	      0.15019858	      0.08788915	      1.73000613	      0.12369295	      0.07140945	      1.45094534	      0.11485774	      0.04394073	      1.10215493	      0.10602252	      0.54928988	      8.04893285	      0.78622063	      0.00000000	      0.00000000	     27.86199129	      3.62613961	     17.28241132	     -6.57275220	    -22.75975163	     70.10170361	     10.49595053	      8.50323644	    -17.28483557	      1.16542841	      0.58197011	     -7.79419226	    -40.59494757	      4.56952766	     23.55239306	    -21.57723309	    -15.95071337
      1.80000000	     -2.83673612	     -0.15758383	     65.94224303	      0.21398074	      0.88216334	      0.56538634	      8.93593516	      4.62159587	      8.39905684	     21.17516913	      0.36957642	     47.90795986	      1.01009843	      0.00000000	      0.33202011	     -0.46404756	     11.91006866	      6.49741672	      0.11340131	     42.66644363	    -16.36728492	      0.00000000	      0.09289584	      0.63286382	      0.03320300	      0.17251687	      0.84170888	      0.03527818	      0.15261858	      1.53874510	      0.03527818	      0.10617066	      1.53874510	      0.02905262	      0.08626308	      1.29053590	      0.02697743	      0.05308068	      0.98030606	      0.02490225	      0.66354571	      7.15908212	      0.18466510	      0.00000000	      0.00000000	     27.92850998	      4.22364801	     16.03819843	     -5.84889342	    -22.42092504	     72.33587040	     10.55486823	      8.38165452	    -16.95018287	      0.15430126	      1.26842892	     -8.00139491	    -47.66696032	      5.57589669	     13.51117557	    -16.17071337	    -18.53212837
      1.81666667	     -3.19696306	     -0.39338672	     66.53776167	      0.21256775	      0.87919256	      0.56767147	     10.56708782	      4.69491387	      9.09945819	     22.93820892	      0.40034727	     48.65458221	     -0.46505089	      0.00000000	      1.93705091	     -0.23934874	     10.56683094	      8.63981271	      0.15079318	     43.75035835	    -14.49155091	      0.00000000	      0.11626874	      0.57432696	     -0.06699259	      0.21592268	      0.76385485	     -0.07117963	      0.19101791	      1.39641857	     -0.07117963	      0.13288354	      1.39641857	     -0.05861852	      0.10796715	      1.17116753	     -0.05443148	      0.06643596	      0.88963246	     -0.05024444	      0.83049598	      6.49690141	     -0.37259269	      0.00000000	      0.00000000	     27.98816324	      4.70952002	     15.11986856	     -5.29591694	    -22.15206605	     73.78444839	     10.69141023	      8.49915563	    -16.75675211	     -0.80262679	      1.80080065	     -8.21685942	    -53.28365883	      6.21288795	      8.12835346	    -12.30208700	    -19.02289145
      1.83333333	     -3.51266431	     -0.62489998	     66.95064492	      0.21130310	      0.87651792	      0.56942917	     12.09614382	      4.71524278	      9.43535673	     24.62180964	      0.42973165	     49.45238700	     -1.29716089	      0.00000000	      3.09505314	     -0.01472866	     10.40995898	     10.15338834	      0.17721006	     44.07823598	    -14.10626781	      0.00000000	      0.14569897	      0.53087093	     -0.10255439	      0.27057755	      0.70605833	     -0.10896404	      0.23936883	      1.29075957	     -0.10896404	      0.16651935	      1.29075957	     -0.08973509	      0.13529606	      1.08255199	     -0.08332544	      0.08325239	      0.82231906	     -0.07691579	      1.04071315	      6.00531809	     -0.57037674	      0.00000000	      0.00000000	     28.03388652	      4.88364168	     14.28964490	     -4.96987222	    -21.99767212	     74.46746802	     10.91070692	      9.06110344	    -16.73199123	     -1.61773262	      2.18245136	     -8.46481869	    -54.43092738	      6.17382354	      7.33405864	    -12.03293140	    -18.45930273
      1.85000000	     -3.41982974	     -1.07188027	     67.76595061	      0.21014705	      0.87391475	      0.57164973	     13.38202756	      5.40474232	     10.36569604	     25.80199987	      0.45032985	     49.69792806	     -3.50323033	      0.00000000	      5.28574737	     -1.30142959	      1.40916444	     13.35583183	      0.23310324	     47.15908154	     -2.12969847	      0.00000000	      0.17326762	      0.53681959	     -0.22294615	      0.32177529	      0.71397005	     -0.23688028	      0.28466137	      1.30522314	     -0.23688028	      0.19802756	      1.30522314	     -0.19507788	      0.16089631	      1.09468250	     -0.18114374	      0.09900512	      0.83153354	     -0.16720961	      1.23763327	      6.07261052	     -1.23995959	      0.00000000	      0.00000000	     28.07670494	      5.24211018	     14.03700730	     -4.32141495	    -21.86002074	     76.89469762	     10.87659369	      8.36531321	    -16.45683509	     -1.92785070	      3.18304514	     -8.00060523	    -69.29740686	      7.91629477	      7.10217542	     -6.21006595	    -19.23004235
      1.86666667	     -3.24294161	     -1.18274033	     68.02230137	      0.20903722	      0.87235692	      0.57259509	     14.16070356	      5.75258955	     10.56183199	     26.80236527	      0.46778952	     50.21164659	     -3.94568550	      0.00000000	      5.54869360	     -1.57236093	      1.69796043	     13.91427656	      0.24284994	     46.91716865	     -1.97124373	      0.00000000	      0.16684780	      0.56234333	     -0.19728348	      0.30985305	      0.74791663	     -0.20961370	      0.27411425	      1.36728157	     -0.20961370	      0.19069035	      1.36728157	     -0.17262304	      0.15493487	      1.14673052	     -0.16029283	      0.09533683	      0.87106982	     -0.14796261	      1.19177716	      6.36134022	     -1.09723152	      0.00000000	      0.00000000	     28.07682918	      5.05611374	     13.87203555	     -4.07628747	    -21.93346885	     77.45776349	     10.91025924	      8.94545832	    -16.45714844	     -2.53309586	      3.73667310	     -7.79793399	    -69.03754189	      7.82822078	      7.35691296	     -6.05321059	    -19.62329685
      1.88333333	     -2.92880208	     -1.38825918	     68.33551806	      0.20757593	      0.87108763	      0.57357748	     14.74385407	      6.42726324	     11.53161752	     27.38598453	      0.47797560	     50.24192377	     -5.60250493	      0.00000000	      6.03553727	     -2.08275837	      1.42662529	     14.78396335	      0.25802884	     46.88847129	     -0.98842467	      0.00000000	      0.17679908	      0.61008123	     -0.11505705	      0.32833358	      0.81140804	     -0.12224811	      0.29046321	      1.48335150	     -0.12224811	      0.20206367	      1.48335150	     -0.10067492	      0.16417563	      1.24407764	     -0.09348385	      0.10102300	      0.94501582	     -0.08629279	      1.26285817	      6.90136088	     -0.63991278	      0.00000000	      0.00000000	     28.04246910	      4.37596856	     13.06927053	     -3.92497086	    -22.00237789	     79.54322067	     10.58643562	      8.59528876	    -16.16482367	     -3.05896221	      3.30197704	     -8.99391213	    -29.80456790	      2.31855565	     32.12219464	    -26.94202164	     -9.22147951
      1.90000000	     -2.58425755	     -1.49288016	     68.61267044	      0.20636060	      0.87015983	      0.57435896	     15.17048198	      6.93750799	     11.88925804	     27.88330785	      0.48665553	     50.36111376	     -6.37398594	      0.00000000	      6.17822496	     -2.48218711	      1.98866839	     15.18815368	      0.26508329	     46.62010371	     -1.01804147	      0.00000000	      0.16474681	      0.67087128	     -0.13435703	      0.30595131	      0.89225880	     -0.14275435	      0.27066254	      1.63115642	     -0.14275435	      0.18828913	      1.63115642	     -0.11756240	      0.15298389	      1.36804071	     -0.10916509	      0.09413633	      1.03917961	     -0.10076777	      1.17677002	      7.58903007	     -0.74725350	      0.00000000	      0.00000000	     27.98396177	      3.74675691	     13.41902301	     -3.36146840	    -22.03636461	     82.37331695	     10.00132603	      8.06661161	    -16.18930420	     -3.78936050	      3.02903451	     -9.62513674	    -19.06749227	      1.25349291	     65.21729519	    -29.41416456	      5.90132425
      1.91666667	     -2.19049476	     -1.33656690	     68.68694972	      0.20545977	      0.86962602	      0.57555158	     15.51406743	      7.36435609	     11.87537140	     28.68455592	      0.50063995	     50.56300964	     -6.57974534	      0.00000000	      5.94876187	     -2.86486390	      2.28848182	     15.37776004	      0.26839254	     46.47763219	     -0.94920393	      0.00000000	      0.10755228	      0.72660576	     -0.16974119	      0.19973534	      0.96638567	     -0.18035001	      0.17669764	      1.76666925	     -0.18035001	      0.12292150	      1.76666925	     -0.14852354	      0.09987305	      1.48169447	     -0.13791472	      0.06145537	      1.12551233	     -0.12730589	      0.76823517	      8.21950972	     -0.94404958	      0.00000000	      0.00000000	     27.87131538	      2.99163751	     13.52490879	     -2.64417936	    -22.07929216	     83.16118470	      9.62988662	      8.85370097	    -16.48016429	     -4.60990108	      3.24746267	     -9.27980905	    -18.33069697	      1.26656818	     66.00385356	    -29.50071370	      5.05747778
      1.93333333	     -1.84654709	     -1.21083429	     68.76591844	      0.20481161	      0.86915959	      0.57636054	     15.72135121	      7.74896613	     11.98110304	     29.16095152	      0.50895462	     50.70040753	     -6.77648025	      0.00000000	      5.84188721	     -3.19582190	      2.67752628	     15.68258400	      0.27371273	     46.54124965	     -1.04898692	      0.00000000	      0.06871398	      0.77840203	     -0.25715245	      0.12760873	      1.03527470	     -0.27322448	      0.11289020	      1.89260670	     -0.27322448	      0.07853321	      1.89260670	     -0.22500839	      0.06380780	      1.58731742	     -0.20893636	      0.03926317	      1.20574475	     -0.19286434	      0.49081709	      8.80543945	     -1.43020478	      0.00000000	      0.00000000	     27.74330097	      2.07743551	     13.56669487	     -1.84570009	    -22.15081376	     84.43557840	      9.29739122	      9.89214203	    -16.90916001	     -5.40050889	      3.07998473	     -8.97301483	    -17.31305018	      1.28043890	     67.20914294	    -29.52789761	      4.10948983
      1.95000000	     -1.45258872	     -1.16800599	     69.21348144	      0.20370132	      0.86897194	      0.57650338	     15.67711342	      8.13601917	     12.08956303	     29.06360955	      0.50725568	     50.56584140	     -7.40185099	      0.00000000	      5.75726774	     -3.22761779	      5.80073847	     15.80008496	      0.27576350	     46.14737097	     -4.05187245	      0.00000000	      0.05044167	      0.84146863	     -0.45424131	      0.09367522	      1.11915328	     -0.48263139	      0.08287062	      2.04594684	     -0.48263139	      0.05764978	      2.04594684	     -0.39746115	      0.04684013	      1.71592284	     -0.36907106	      0.02882237	      1.30343491	     -0.34068098	      0.36029980	      9.51886148	     -2.52635389	      0.00000000	      0.00000000	     27.58978450	      1.40019489	     13.78362663	     -0.62069531	    -22.02724603	     92.68920906	      8.04211553	      5.71428819	    -16.20598474	     -5.04894123	      2.59406479	     -9.10615930	    -14.45684806	      1.25010537	     77.23295420	    -27.84214905	      8.40527310
      1.96666667	     -1.11958466	     -1.01826764	     69.09405479	      0.20374767	      0.86868399	      0.57685107	     15.71522113	      8.48661229	     12.20517793	     29.34633084	      0.51219010	     50.66623756	     -7.32528288	      0.00000000	      5.55591522	     -3.54751699	      5.95568700	     16.00811657	      0.27939434	     46.45660102	     -4.16263998	      0.00000000	      0.01636087	      0.88791255	     -0.57681938	      0.03038377	      1.18092369	     -0.61287059	      0.02687927	      2.15887057	     -0.61287059	      0.01869884	      2.15887057	     -0.50471696	      0.01519270	      1.81063127	     -0.46866575	      0.00934860	      1.37537654	     -0.43261454	      0.11686404	     10.04424434	     -3.20809635	      0.00000000	      0.00000000	     27.46901339	      0.93252410	     13.88310298	      0.09781898	    -22.10068176	     93.05759377	      7.93330921	      5.98634335	    -16.33308732	     -5.19002016	      2.04318251	     -8.86216539	    -14.44611908	      1.43931277	     77.25149872	    -27.94815697	      8.17197606
      1.98333333	     -0.55458692	     -1.02751654	     69.73868933	      0.20259808	      0.86848092	      0.57650650	     15.49086990	      8.92139517	     11.84553445	     29.06179272	      0.50722397	     50.51496272	     -7.62984498	      0.00000000	      5.78259461	     -3.96841968	      7.37965133	     16.67572898	      0.29104638	     46.84111924	     -4.90074177	      0.00000000	     -0.00188000	      0.96838355	     -0.87233985	     -0.00349134	      1.28795012	     -0.92686109	     -0.00308865	      2.35452776	     -0.92686109	     -0.00214865	      2.35452776	     -0.76329737	     -0.00174577	      1.97472773	     -0.70877613	     -0.00107423	      1.50002611	     -0.65425488	     -0.01342864	     10.95454836	     -4.85169252	      0.00000000	      0.00000000	     27.46818576	      0.73755507	     14.64769342	      1.08876511	    -22.38311477	     96.55867213	      7.72021789	      4.95101998	    -16.17630435	     -4.43922364	      1.39417711	     -8.18357360	    -18.48743806	      1.73519379	     73.47364584	    -29.07366434	      4.52479930
      2.00000000	     -0.39991130	     -0.93686714	     69.62183115	      0.20310977	      0.86808753	      0.57642812	     15.39623297	      9.09666030	     11.96832506	     29.16092391	      0.50895414	     50.58646254	     -7.54306223	      0.00000000	      5.66655647	     -4.12293394	      7.41540473	     16.88298672	      0.29466371	     47.15166405	     -5.00833156	      0.00000000	     -0.00622775	      0.98841354	     -0.96146131	     -0.01156555	      1.31459000	     -1.02155264	     -0.01023157	      2.40322867	     -1.02155264	     -0.00711769	      2.40322867	     -0.84127865	     -0.00578309	      2.01557288	     -0.78118731	     -0.00355854	      1.53105257	     -0.72109598	     -0.04448418	     11.18113161	     -5.34735937	      0.00000000	      0.00000000	     27.48251878	      0.60131334	     14.65594467	      1.44243456	    -22.43228638	     96.48420456	      7.79324639	      4.85878773	    -16.19769549	     -4.32835906	      0.86524733	     -8.03952993	    -18.65070060	      1.84756457	     73.30687484	    -29.14575379	      4.42711666
      2.01666667	     -0.14021760	     -0.91082183	     70.08438366	      0.20288092	      0.86765303	      0.57633901	     15.13560660	      9.33506883	     11.86131023	     28.95597443	      0.50537709	     50.38220744	     -8.16732810	      0.00000000	      5.95233534	     -4.43285180	      7.38298411	     17.57063094	      0.30666536	     47.73960138	     -4.33761581	      0.00000000	     -0.00562342	      1.01469694	     -1.12431478	     -0.01044326	      1.34954693	     -1.19458446	     -0.00923872	      2.46713414	     -1.19458446	     -0.00642701	      2.46713414	     -0.98377544	     -0.00522191	      2.06917000	     -0.91350576	     -0.00321322	      1.57176556	     -0.84323609	     -0.04016756	     11.47845471	     -6.25310154	      0.00000000	      0.00000000	     27.53159106	      0.84056704	     15.02866542	      1.79976972	    -22.63904931	     96.03945595	      8.30046577	      5.04163657	    -16.66009748	     -4.12374571	      0.80608545	     -6.94731729	    -31.42792141	      2.61042766	     58.89194842	    -29.26149623	     -7.21252330
      2.03333333	     -0.14997556	     -0.86802956	     70.02120928	      0.20335157	      0.86738994	      0.57633304	     15.00392996	      9.31918276	     11.80125623	     28.96424542	      0.50552145	     50.32653202	     -8.23295265	      0.00000000	      5.86136454	     -4.43250136	      7.36826012	     17.60855462	      0.30732725	     47.92898342	     -4.38372192	      0.00000000	      0.00963774	      1.00961859	     -1.12659788	      0.01789825	      1.34279272	     -1.19701024	      0.01583385	      2.45478664	     -1.19701024	      0.01101498	      2.45478664	     -0.98577314	      0.00894961	      2.05881423	     -0.91536078	      0.00550701	      1.56389920	     -0.84494841	      0.06884144	     11.42100741	     -6.26579941	      0.00000000	      0.00000000	     27.56784276	      0.89978149	     15.04504485	      1.80140158	    -22.60500897	     95.99705898	      8.31632438	      4.99976263	    -16.66291132	     -4.12552543	      0.60655712	     -6.92436571	    -31.45427161	      2.52777046	     58.86200383	    -29.27267793	     -7.27734017
      2.05000000	     -0.26085724	     -0.74074447	     70.07489527	      0.20385643	      0.86732461	      0.57626089	     14.68770335	      9.23146141	     12.08395997	     28.74467493	      0.50168922	     50.21009679	     -8.74209570	      0.00000000	      5.70806832	     -4.30919531	      7.32455573	     17.58884158	      0.30698320	     48.04965131	     -4.29141175	      0.00000000	      0.01828358	      0.98039730	     -1.14623338	      0.03395444	      1.30392841	     -1.21787297	      0.03003810	      2.38373799	     -1.21787297	      0.02089631	      2.38373799	     -1.00295421	      0.01697813	      1.99922617	     -0.93131462	      0.01044724	      1.51863542	     -0.85967503	      0.13059780	     11.09045034	     -6.37500619	      0.00000000	      0.00000000	     27.47600578	      1.87578575	     15.56624684	      1.75414233	    -22.43215418	     95.48404461	      8.39105453	      4.61600067	    -16.79289985	     -4.38781237	      0.32328839	     -6.91081316	    -31.22575637	      2.38408002	     59.09328327	    -29.27155077	     -8.81587149
      2.06666667	     -0.22057174	     -0.70048418	     70.04498230	      0.20432385	      0.86740668	      0.57655021	     14.52490234	      9.60583956	     13.32000752	     28.74777892	      0.50174339	     49.68282632	    -10.65349436	      0.00000000	      5.52499492	     -4.43608981	      6.84088648	     17.40362516	      0.30375056	     48.16924935	     -3.75180346	      0.00000000	      0.02269481	      0.97460524	     -1.14247527	      0.04214653	      1.29622496	     -1.21387997	      0.03728530	      2.36965517	     -1.21387997	      0.02593790	      2.36965517	     -0.99966586	      0.02107440	      1.98741500	     -0.92826115	      0.01296781	      1.50966351	     -0.85685645	      0.16210675	     11.02492935	     -6.35410469	      0.00000000	      0.00000000	     27.37264280	      2.65891119	     16.61950172	      1.68112215	    -22.50606985	     93.38900419	      8.87692925	      5.64000611	    -17.47153090	     -4.98340770	      0.20004307	     -6.94432241	    -30.54551865	      1.86532865	     61.48374811	    -29.43443066	     -9.46849191
      2.08333333	     -0.23222774	     -0.69391630	     70.12415995	      0.20417761	      0.86776185	      0.57691975	     14.52133224	      9.60172861	     13.44959939	     28.72171513	      0.50128850	     49.44213007	    -10.99868510	      0.00000000	      5.43961414	     -4.47275900	      6.46059456	     17.22015122	      0.30054834	     48.15149159	     -3.26481351	      0.00000000	      0.03161471	      0.96900302	     -1.17151465	      0.05871167	      1.28877402	     -1.24473432	      0.05193980	      2.35603395	     -1.24473432	      0.03613245	      2.35603395	     -1.02507532	      0.02935742	      1.97599097	     -0.95185566	      0.01806464	      1.50098568	     -0.87863599	      0.22582069	     10.96155600	     -6.51561305	      0.00000000	      0.00000000	     27.23120650	      3.45073539	     17.82801946	      1.79642795	    -22.46564834	     93.32626661	      8.89112745	      5.35665933	    -17.62110049	     -5.40526195	     -0.23987196	     -7.37557581	    -26.13073757	      1.43864999	     72.83644826	    -30.51688021	     -4.31551002
      2.10000000	     -0.28218862	     -0.69711351	     70.15262000	      0.20393800	      0.86808727	      0.57766830	     14.61593123	      9.54991721	     13.61622377	     28.69195145	      0.50076902	     49.25182813	    -11.11952493	      0.00000000	      5.46073176	     -4.42982079	      6.28379626	     17.15101051	      0.29934160	     48.04968042	     -3.18115116	      0.00000000	      0.04024762	      0.95370111	     -1.18412850	      0.07474385	      1.26842248	     -1.25813653	      0.06612281	      2.31882889	     -1.25813653	      0.04599900	      2.31882889	     -1.03611243	      0.03737394	      1.94478731	     -0.96210440	      0.02299749	      1.47728303	     -0.88809637	      0.28748469	     10.78845775	     -6.58576746	      0.00000000	      0.00000000	     27.21834967	      4.19261263	     18.59739440	      1.94509170	    -22.40192693	     93.15006679	      8.96894391	      5.23581212	    -17.73291984	     -5.78459914	     -0.41508854	     -7.38346980	    -25.12289968	      1.26208145	     73.89093720	    -30.72558961	     -5.14105649
      2.11666667	     -0.22814192	     -0.65845908	     70.23902040	      0.20346611	      0.86859895	      0.57852378	     14.68693010	      9.54510485	     13.69081849	     28.67836071	      0.50053182	     49.06733035	    -11.04099374	      0.00000000	      5.49318483	     -4.45200843	      6.27439493	     17.16001759	      0.29949881	     48.04994384	     -3.17601367	      0.00000000	      0.04174491	      0.94770550	     -1.17589331	      0.07752447	      1.26044831	     -1.24938665	      0.06858271	      2.30425115	     -1.24938665	      0.04771026	      2.30425115	     -1.02890665	      0.03876432	      1.93256105	     -0.95541332	      0.02385304	      1.46799582	     -0.88191999	      0.29817972	     10.72063415	     -6.53996584	      0.00000000	      0.00000000	     27.21636312	      4.22459568	     18.64352504	      2.03792195	    -22.35805594	     93.13499161	      8.98619638	      5.23087209	    -17.73951427	     -5.81709231	     -0.36495498	     -7.40657923	    -25.05974841	      1.26731656	     73.95817168	    -30.72845597	     -5.16114715
      2.13333333	     -0.32950833	     -0.79125301	     70.03477827	      0.20338412	      0.86866147	      0.58053898	     15.01553470	      9.61098394	     14.23900277	     28.60061274	      0.49917486	     48.68036138	    -11.42468106	      0.00000000	      6.27402589	     -4.81331019	      3.57975069	     18.02154587	      0.31453531	     48.82958105	     -0.06414478	      0.00000000	      0.04915376	      0.93259185	     -1.09514176	      0.09128346	      1.24034716	     -1.16358812	      0.08075472	      2.26750383	     -1.16358812	      0.05617784	      2.26750383	     -0.95824904	      0.04564419	      1.90174130	     -0.88980268	      0.02808646	      1.44458478	     -0.82135632	      0.35110042	     10.54966555	     -6.09084992	      0.00000000	      0.00000000	     27.37412253	      5.19937469	     19.82937922	      2.07658554	    -22.30620870	     92.01254525	      9.31314198	      5.51071901	    -18.26558000	     -6.48188164	     -0.30158321	     -7.98309142	    -18.56084771	      1.03995309	     80.73586319	    -30.35267894	     -0.14379486
      2.15000000	     -0.62482468	     -0.82296380	     69.83003251	      0.20317746	      0.86868912	      0.58226071	     15.37407399	      9.31936336	     14.31156726	     28.68518761	      0.50065097	     48.55573109	    -11.08609474	      0.00000000	      6.86741652	     -4.62286507	      2.94418319	     18.50644971	      0.32299848	     49.18902172	      0.69507042	      0.00000000	      0.06176952	      0.88983238	     -1.00993556	      0.11471218	      1.18347706	     -1.07305653	      0.10148115	      2.16353845	     -1.07305653	      0.07059639	      2.16353845	     -0.88369361	      0.05735918	      1.81454619	     -0.82057264	      0.03529511	      1.37835036	     -0.75745167	      0.44121353	     10.06596185	     -5.61695860	      0.00000000	      0.00000000	     27.55604727	      5.48215586	     19.87461536	      2.12258388	    -22.08206501	     92.17702054	      9.23259908	      5.62194148	    -17.99416819	     -6.58324013	     -0.10066063	     -8.23474031	    -17.69572688	      0.97783683	     81.41609347	    -30.11787379	     -0.24102122
      2.16666667	     -0.89059646	     -0.75689420	     69.73625418	      0.20269674	      0.86898735	      0.58393678	     15.46731131	      8.98939702	     14.35398394	     28.51710352	      0.49771735	     48.28429000	    -10.99240625	      0.00000000	      7.34522194	     -4.32001259	      3.02492449	     18.82110085	      0.32849018	     49.40504178	      0.92932231	      0.00000000	      0.05396009	      0.84856645	     -0.92171811	      0.10020929	      1.12859338	     -0.97932549	      0.08865104	      2.06320446	     -0.97932549	      0.06167099	      2.06320446	     -0.80650334	      0.05010734	      1.73039670	     -0.74889596	      0.03083280	      1.31442943	     -0.69128858	      0.38543156	      9.59915338	     -5.12631959	      0.00000000	      0.00000000	     27.70859798	      5.59574243	     19.82382074	      2.14312505	    -21.96375730	     92.36628801	      9.34010593	      5.79358697	    -17.88560718	     -6.71494324	      0.27751519	     -8.44053730	    -17.48540288	      1.00287424	     81.58643603	    -29.95729926	     -0.40829802
      2.18333333	     -1.41901923	     -0.86248399	     69.28609349	      0.20312326	      0.86860327	      0.58633061	     16.08602787	      8.49635922	     14.09764077	     28.83749291	      0.50330920	     48.37787009	    -10.05606039	      0.00000000	      8.41764693	     -4.45974023	     -0.36794611	     19.80694583	      0.34569642	     50.49882843	      5.02063171	      0.00000000	      0.07821066	      0.78006224	     -0.76434142	      0.14524502	      1.03748278	     -0.81211276	      0.12849230	      1.89664333	     -0.81211276	      0.08938697	      1.89664333	     -0.66879874	      0.07262642	      1.59070292	     -0.62102740	      0.04468957	      1.20831641	     -0.57325606	      0.55865094	      8.82422006	     -4.25103767	      0.00000000	      0.00000000	     27.83054489	      5.68826632	     19.35105068	      2.11068542	    -21.43267038	     94.01152569	      8.68514775	      5.10189566	    -16.78088206	     -6.84846326	      0.56192219	     -8.98197515	    -13.86763700	      0.90519969	     82.89586821	    -28.99673471	      0.51086283
      2.20000000	     -1.74424450	     -0.83290090	     69.24843324	      0.20259572	      0.86896095	      0.58814689	     16.13614101	      8.10783452	     14.00305503	     28.59182338	      0.49902146	     48.10441991	    -10.05519315	      0.00000000	      8.94239235	     -4.10953030	     -0.19354397	     19.97873670	      0.34869474	     50.60257461	      5.26099507	      0.00000000	      0.07016938	      0.73783636	     -0.64921393	      0.13031155	      0.98132235	     -0.68978980	      0.11528127	      1.79397532	     -0.68978980	      0.08019658	      1.79397532	     -0.56806219	      0.06515929	      1.50459590	     -0.52748632	      0.04009478	      1.14290852	     -0.48691045	      0.50121286	      8.34655243	     -3.61073312	      0.00000000	      0.00000000	     27.90863084	      5.71285912	     19.32077871	      2.00220564	    -21.33317077	     94.11463668	      8.80528512	      5.19063077	    -16.63864913	     -6.95386084	      1.10051836	     -9.15938353	    -13.75316911	      0.98705100	     82.98601125	    -28.85266679	      0.25752632
      2.21666667	     -2.52902782	     -0.87597281	     68.74598324	      0.20309819	      0.86874106	      0.59039781	     16.62834858	      7.34541100	     13.84018286	     28.73409529	      0.50150457	     48.31361478	     -9.18435737	      0.00000000	      9.70977343	     -3.50711379	     -1.02769146	     20.35967195	      0.35534331	     50.79747533	      5.81380475	      0.00000000	      0.09963236	      0.64020019	     -0.41309018	      0.18502726	      0.85146626	     -0.43890831	      0.16368601	      1.55658275	     -0.43890831	      0.11386983	      1.55658275	     -0.36145391	      0.09251861	      1.30549624	     -0.33563577	      0.05692993	      0.99167010	     -0.30981763	      0.71166401	      7.24207264	     -2.29748365	      0.00000000	      0.00000000	     27.95497438	      5.67035156	     18.34186790	      1.51047522	    -20.78759769	     93.75941248	      8.32584119	      4.84109678	    -15.57697309	     -7.24202691	      1.62159931	     -9.58397478	    -13.40601465	      0.85417853	     83.13134613	    -27.98633049	     -1.31436846
      2.23333333	     -2.96035742	     -0.88440342	     68.67911455	      0.20317488	      0.86911942	      0.59213619	     16.56637233	      6.84697348	     13.64704445	     28.19687833	      0.49212837	     48.17025511	     -8.87766384	      0.00000000	     10.18001376	     -3.16245214	     -1.23820448	     20.46147455	      0.35712010	     50.75153106	      6.08088527	      0.00000000	      0.10387644	      0.58079766	     -0.26876700	      0.19290893	      0.77246088	     -0.28556494	      0.17065860	      1.41215142	     -0.28556494	      0.11872038	      1.41215142	     -0.23517112	      0.09645966	      1.18436258	     -0.21837319	      0.05935500	      0.89965557	     -0.20157525	      0.74197899	      6.57009925	     -1.49480142	      0.00000000	      0.00000000	     27.98475616	      5.89432950	     18.08487128	      1.15642990	    -20.51719875	     93.36001576	      8.28987183	      4.50046916	    -15.28270650	     -6.94007677	      2.19962464	     -9.82422833	    -13.46562447	      0.85986243	     83.00700576	    -27.69059383	     -1.80841328
      2.25000000	     -3.38408097	     -0.94102316	     68.44920086	      0.20361136	      0.86958257	      0.59376126	     16.62140419	      6.39308736	     13.30755315	     27.77910486	      0.48483684	     48.06618317	     -8.25535236	      0.00000000	     10.43722902	     -2.89986386	     -1.79134975	     20.28907586	      0.35411118	     50.55167794	      6.26961011	      0.00000000	      0.11868787	      0.52187254	     -0.08730891	      0.22041524	      0.69409047	     -0.09276571	      0.19499230	      1.26888089	     -0.09276571	      0.13564836	      1.26888089	     -0.07639529	      0.11021355	      1.06420248	     -0.07093849	      0.06781825	      0.80838056	     -0.06548168	      0.84777557	      5.90352651	     -0.48558594	      0.00000000	      0.00000000	     28.02372417	      6.11048928	     17.43941781	      0.65536063	    -20.18561283	     92.07438908	      8.10618450	      3.81052881	    -14.64476896	     -6.03037310	      2.72154239	    -10.03583511	    -13.80152453	      0.89577875	     82.59294986	    -27.12707133	     -2.66540255
      2.26666667	     -3.79903862	     -0.98225014	     68.04720876	      0.20426122	      0.87019386	      0.59519760	     16.77195680	      5.79624098	     12.28849828	     27.50510080	      0.48005457	     48.24464460	     -6.38343765	      0.00000000	     10.41465048	     -2.69070095	     -2.77764563	     19.80801902	      0.34571515	     50.27101938	      6.59484822	      0.00000000	      0.13915474	      0.46343194	      0.14713057	      0.25842427	      0.61636448	      0.15632623	      0.22861732	      1.12678842	      0.15632623	      0.15903995	      1.12678842	      0.12873924	      0.12921909	      0.94503042	      0.11954358	      0.07951302	      0.71785608	      0.11034792	      0.99396840	      5.24243481	      0.81829606	      0.00000000	      0.00000000	     28.07988500	      5.81921937	     16.19886396	     -0.10423621	    -20.06815525	     88.39918884	      8.37271664	      4.52173230	    -14.34345697	     -5.33651328	      3.32090679	    -10.05184327	    -16.16932116	      0.86982622	     80.32550336	    -26.79135405	     -4.93516376
      2.28333333	     -3.95893053	     -1.16434733	     68.11230447	      0.20460054	      0.87116079	      0.59612090	     16.54484918	      5.65608690	     12.08595856	     26.53388256	      0.46310361	     47.87962367	     -6.21216345	      0.00000000	     10.59343859	     -2.68081291	     -3.00469404	     19.59997508	      0.34208410	     49.99917888	      6.40896275	      0.00000000	      0.17235466	      0.43855793	      0.22902363	      0.32007983	      0.58328205	      0.24333761	      0.28316147	      1.06630976	      0.24333761	      0.19698414	      1.06630976	      0.20039568	      0.16004854	      0.89430734	      0.18608170	      0.09848345	      0.67932624	      0.17176773	      1.23111208	      4.96105504	      1.27376075	      0.00000000	      0.00000000	     28.11483635	      6.16947284	     16.00915125	     -0.45794772	    -19.95727209	     87.33697790	      8.37692854	      3.81679842	    -14.23940615	     -3.48211291	      3.64157523	    -10.15982754	    -16.34273273	      0.86082203	     80.15854412	    -26.60927609	     -5.00842989
      2.30000000	     -4.01785229	     -1.32028913	     68.01510532	      0.20502491	      0.87260851	      0.59691158	     16.16958290	      5.58617781	     11.89056115	     25.38630586	      0.44307462	     47.29809619	     -5.85548495	      0.00000000	     10.58959028	     -2.74156780	     -3.30156251	     19.22294136	      0.33550362	     49.66984274	      6.12416766	      0.00000000	      0.19905756	      0.42979862	      0.28667171	      0.36966979	      0.57163217	      0.30458869	      0.32703166	      1.04501237	      0.30458869	      0.22750288	      1.04501237	      0.25083774	      0.18484485	      0.87644535	      0.23292076	      0.11374149	      0.66575806	      0.21500378	      1.42184823	      4.86196797	      1.59438204	      0.00000000	      0.00000000	     28.13420597	      6.27319021	     15.71057906	     -0.65866527	    -19.89414792	     86.02481534	      8.31618070	      3.21575193	    -14.10391003	     -1.50894935	      3.75492074	    -10.17484654	    -16.47349196	      0.87955197	     80.02693552	    -26.41986384	     -5.16440244
      2.31666667	     -3.79307801	     -1.28716090	     67.94493641	      0.20509579	      0.87469711	      0.59691653	     15.31099605	      5.52185363	     11.03625021	     23.95623726	      0.41811522	     46.82171345	     -4.65421613	      0.00000000	     10.17010690	     -2.76967042	     -2.57884719	     18.58792397	      0.32442047	     49.26696224	      4.74546928	      0.00000000	      0.19257183	      0.45509373	      0.32075846	      0.35762515	      0.60527466	      0.34080586	      0.31637626	      1.10651489	      0.34080586	      0.22009035	      1.10651489	      0.28066365	      0.17882220	      0.92802713	      0.26061625	      0.11003554	      0.70494019	      0.24056884	      1.37552133	      5.14811128	      1.78396231	      0.00000000	      0.00000000	     28.13927678	      5.69947816	     14.97052974	     -1.11966269	    -20.18978647	     80.04373103	      8.96719191	      5.59347785	    -14.77798233	     -0.07966225	      3.73874383	     -9.95924662	    -16.43095159	      0.90362846	     79.51796698	    -26.12046947	     -5.70065077
      2.33333333	     -3.77815979	     -1.48836894	     67.83789718	      0.20540669	      0.87617668	      0.59683493	     14.66191672	      5.49526908	     10.81511339	     22.40948901	      0.39111937	     46.16849375	     -4.29999260	      0.00000000	     10.20455531	     -2.86100575	     -2.82754823	     18.22534366	      0.31809225	     49.11970146	      4.57422442	      0.00000000	      0.23618292	      0.47231130	      0.29498730	      0.43861529	      0.62817403	      0.31342400	      0.38802491	      1.14837770	      0.31342400	      0.26993346	      1.14837770	      0.25811388	      0.21931946	      0.96313721	      0.23967718	      0.13495492	      0.73161021	      0.22124047	      1.68703096	      5.34287992	      1.64063084	      0.00000000	      0.00000000	     28.13101202	      5.64048428	     15.17843612	     -1.17853951	    -20.31796583	     79.63551646	      8.90737825	      5.34751741	    -14.66540825	      0.97149495	      3.44381647	     -9.83909564	    -16.23056657	      0.93196675	     79.72600814	    -26.02168978	     -5.69953017
      2.35000000	     -3.57720449	     -1.58961571	     67.85504877	      0.20549637	      0.87767047	      0.59655759	     13.72140717	      5.56144253	     10.35567142	     20.72919009	      0.36179262	     45.53577426	     -3.92182964	      0.00000000	     10.08490070	     -3.06179821	     -2.99341003	     17.87094093	      0.31190676	     49.00941637	      4.49524403	      0.00000000	      0.25572702	      0.50786596	      0.21478716	      0.47491065	      0.67546172	      0.22821136	      0.42013392	      1.23482529	      0.22821136	      0.29227041	      1.23482529	      0.18793876	      0.23746811	      1.03564026	      0.17451457	      0.14612242	      0.78668437	      0.16109037	      1.82663252	      5.74508128	      1.19458174	      0.00000000	      0.00000000	     28.11860025	      5.40473473	     15.26631292	     -1.07629306	    -20.63808674	     79.49777082	      9.09699319	      5.40741217	    -14.42784560	      1.34705147	      3.09248000	     -9.68787593	    -15.96151281	      0.94389703	     79.98742536	    -25.80900627	     -5.44597388
      2.36666667	     -3.05650520	     -1.48781862	     68.42829379	      0.20475028	      0.87926041	      0.59604413	     12.43528792	      5.74565143	      9.18033992	     19.12430013	      0.33378200	     44.94703466	     -3.59792730	      0.00000000	      9.78392197	     -3.42916185	     -2.86274216	     17.66331824	      0.30828306	     48.97076477	      4.73214565	      0.00000000	      0.23088545	      0.56564609	      0.05984640	      0.42877737	      0.75230930	      0.06358680	      0.37932171	      1.37531190	      0.06358680	      0.26387898	      1.37531190	      0.05236560	      0.21440023	      1.15346550	      0.04862520	      0.13192795	      0.87618579	      0.04488480	      1.64919169	      6.39870167	      0.33284771	      0.00000000	      0.00000000	     28.08988001	      4.92061350	     14.85090122	     -0.87011391	    -21.01260016	     79.76206385	      9.25381025	      5.90174099	    -14.04129412	      1.17824434	      2.93177825	     -9.55061062	    -15.47981497	      0.96442623	     80.27816307	    -25.34005243	     -4.53056969
      2.38333333	     -2.76885345	     -1.43447091	     69.02472959	      0.20412413	      0.88008733	      0.59540813	     11.50353524	      5.75589213	      7.80380414	     18.04614039	      0.31496457	     44.75376356	     -3.09957230	      0.00000000	      9.67464876	     -3.60912230	     -2.99063988	     17.65380542	      0.30811703	     48.93970041	      5.03322865	      0.00000000	      0.23634758	      0.59243710	     -0.10163375	      0.43892109	      0.78794134	     -0.10798586	      0.38829544	      1.44045156	     -0.10798586	      0.27012165	      1.44045156	     -0.08892953	      0.21947236	      1.20809773	     -0.08257742	      0.13504901	      0.91768507	     -0.07622531	      1.68820714	      6.70176695	     -0.56525642	      0.00000000	      0.00000000	     28.05048692	      4.31094931	     13.89617344	     -0.60007055	    -21.26601062	     80.45329164	      9.40724914	      6.50459439	    -13.48152084	      1.09034340	      2.74043156	     -9.55747930	    -14.76036995	      1.00148805	     80.43764513	    -25.02202557	     -3.39507870
      2.40000000	     -2.57145821	     -1.37809104	     69.47484236	      0.20329323	      0.88055003	      0.59516644	     10.89828540	      5.49919635	      5.03411243	     17.50093565	      0.30544895	     44.99371699	     -0.84061300	      0.00000000	      9.53665935	     -3.77121813	     -3.83835190	     17.62503719	      0.30761493	     48.95329233	      5.91668119	      0.00000000	      0.24124629	      0.60860535	     -0.22273975	      0.44801849	      0.80944511	     -0.23666098	      0.39634353	      1.47976304	     -0.23666098	      0.27572039	      1.47976304	     -0.19489728	      0.22402131	      1.24106802	     -0.18097605	      0.13784813	      0.94272968	     -0.16705481	      1.72319814	      6.88466541	     -1.23881166	      0.00000000	      0.00000000	     27.99256163	      3.66858951	     12.66339810	     -0.12044414	    -21.50715968	     82.18212987	      9.45365331	      6.66363467	    -12.69039455	      1.07197275	      2.71318365	     -9.62826908	    -11.72148369	      1.01492849	     80.86379167	    -24.62568389	     -1.36888010
      2.41666667	     -2.21117868	     -1.18798104	     70.07624882	      0.20224889	      0.88127206	      0.59463566	      9.85159822	      5.60250930	      3.80449313	     16.57650659	      0.28931462	     44.70755399	     -0.71729943	      0.00000000	      9.01127308	     -3.90557009	     -4.00498714	     17.23707986	      0.30084380	     48.75073633	      6.09915289	      0.00000000	      0.21998325	      0.63768796	     -0.39749999	      0.40853090	      0.84812499	     -0.42234374	      0.36141049	      1.55047451	     -0.42234374	      0.25141886	      1.55047451	     -0.34781249	      0.20427645	      1.30037329	     -0.32296874	      0.12569843	      0.98777865	     -0.29812499	      1.57131839	      7.21365376	     -2.21077568	      0.00000000	      0.00000000	     27.88777634	      3.15124905	     11.66624164	      0.56276419	    -21.85509419	     83.45912178	      9.65743870	      7.79307802	    -12.22404009	      1.38495436	      2.74005745	     -9.53774145	    -10.23171934	      1.02577713	     82.06377247	    -24.30448028	     -0.67700448
      2.43333333	     -1.88089326	     -1.11976491	     70.52483282	      0.20110568	      0.88189920	      0.59428948	      9.10684321	      5.59817276	      1.66822510	     15.90264044	      0.27755344	     44.70422031	      0.78665088	      0.00000000	      8.67453427	     -4.08875381	     -4.57256754	     17.00087997	      0.29672133	     48.60864939	      6.48415354	      0.00000000	      0.21861492	      0.67238831	     -0.51297862	      0.40598977	      0.89427645	     -0.54503978	      0.35916245	      1.63484493	     -0.54503978	      0.24985499	      1.63484493	     -0.44885629	      0.20300582	      1.37113423	     -0.41679513	      0.12491657	      1.04152949	     -0.38473396	      1.56154452	      7.60619099	     -2.85303318	      0.00000000	      0.00000000	     27.74689858	      2.45887316	     10.55328413	      1.19324031	    -22.05593866	     85.28155679	      9.42618090	      7.83194100	    -11.37457759	      2.04622694	      2.87434013	     -9.65531968	     -0.45664549	      1.08199878	     85.09977954	    -22.83062248	      3.53469663
      2.45000000	     -1.48150622	     -1.02463267	     71.02319744	      0.19998699	      0.88280714	      0.59371608	      8.16154704	      5.80255321	      0.50388699	     14.91082175	      0.26024293	     44.37416218	      1.24228840	      0.00000000	      8.16331032	     -4.26111699	     -4.75607187	     16.48586861	      0.28773269	     48.32463900	      6.53073229	      0.00000000	      0.21057128	      0.71598333	     -0.66146765	      0.39105193	      0.95225783	     -0.70280938	      0.34594756	      1.74084187	     -0.70280938	      0.24066192	      1.74084187	     -0.57878419	      0.19553649	      1.46003321	     -0.53744246	      0.12032043	      1.10905818	     -0.49610074	      1.50408961	      8.09934663	     -3.67888461	      0.00000000	      0.00000000	     27.54712953	      1.96855190	      9.79377518	      1.81361270	    -22.29287844	     86.61081172	      9.32981464	      8.28481141	    -10.84970123	      2.78870117	      2.93657062	     -9.61173727	     10.59391662	      1.22635224	     86.55803691	    -21.12494634	      6.10987418
      2.46666667	     -1.06719667	     -0.97996157	     71.52561325	      0.19883013	      0.88376667	      0.59303321	      7.23840990	      6.11828314	     -0.07513429	     13.79093207	      0.24069717	     43.87556459	      1.21063784	      0.00000000	      7.70453806	     -4.44083769	     -4.73733309	     15.94048240	      0.27821390	     47.99774183	      6.45043560	      0.00000000	      0.20828946	      0.77073136	     -0.82023103	      0.38681435	      1.02507271	     -0.87149547	      0.34219875	      1.87395624	     -0.87149547	      0.23805402	      1.87395624	     -0.71770215	      0.19341759	      1.57167539	     -0.66643771	      0.11901660	      1.19386288	     -0.61517327	      1.48779076	      8.71866732	     -4.56187893	      0.00000000	      0.00000000	     27.30290736	      1.55221427	      9.46776963	      2.24928519	    -22.52353749	     87.11270251	      9.30428500	      8.72844636	    -10.73021842	      3.36353755	      2.95246467	     -9.47561825	     22.70759389	      1.64755056	     87.28644541	    -19.67064675	      7.99317276
      2.48333333	     -0.76116553	     -0.97302249	     71.85901816	      0.19780536	      0.88460481	      0.59214285	      6.43831138	      6.34910922	     -0.41330168	     12.74883716	      0.22250918	     43.36357316	      1.24542326	      0.00000000	      7.30212203	     -4.46740966	     -4.35618909	     15.39426073	      0.26868054	     47.58202631	      5.83326931	      0.00000000	      0.21708277	      0.82833924	     -0.94368759	      0.40314440	      1.10169119	     -1.00266806	      0.35664528	      2.01402402	     -1.00266806	      0.24810389	      2.01402402	     -0.82572664	      0.20158306	      1.68914937	     -0.76674616	      0.12404109	      1.28309748	     -0.70776569	      1.55060049	      9.37033913	     -5.24850725	      0.00000000	      0.00000000	     27.05544455	      1.16558815	      9.68756664	      2.34586381	    -22.76566582	     85.85684639	      9.46551207	      9.85071659	    -11.39198844	      3.56963016	      2.83871262	     -9.47165934	     35.64521497	      2.85242975	     87.42093185	    -19.18384479	      9.56772211
      2.50000000	     -0.53357995	     -1.01393279	     72.09255335	      0.19698934	      0.88499570	      0.59162275	      5.78027017	      6.58156190	     -0.22023201	     11.80281864	      0.20599805	     42.76249420	      0.80405002	      0.00000000	      7.12367924	     -4.53017400	     -4.35195132	     15.11677567	      0.26383751	     47.36290915	      5.74645125	      0.00000000	      0.22600351	      0.88756741	     -1.04100612	      0.41971112	      1.18046466	     -1.10606901	      0.37130117	      2.15803141	     -1.10606901	      0.25829941	      2.15803141	     -0.91088036	      0.20986686	      1.80992747	     -0.84581748	      0.12913841	      1.37484192	     -0.78075459	      1.61432049	     10.04034010	     -5.78976376	      0.00000000	      0.00000000	     26.92102287	      0.71017945	     10.53746174	      2.45705387	    -22.94439409	     85.77182031	      9.48403196	      9.61739930	    -11.84043183	      3.46647517	      2.86462379	    -10.02576721	     50.42310212	      5.27595586	     86.35242977	    -20.06580485	     11.33707560
      2.51666667	     -0.40635329	     -1.04886930	     72.41766535	      0.19601331	      0.88485320	      0.59140758	      5.31938613	      6.66841791	     -0.41745321	     11.15846847	      0.19475201	     42.34744746	      0.69770107	      0.00000000	      7.25596849	     -4.54330553	     -4.32078910	     15.27898657	      0.26666862	     47.35508003	      5.89444925	      0.00000000	      0.23495334	      0.93613505	     -1.11684157	      0.43633185	      1.24505962	     -1.18664416	      0.38600485	      2.27611876	     -1.18664416	      0.26852818	      2.27611876	     -0.97723637	      0.21817767	      1.90896659	     -0.90743377	      0.13425234	      1.45007319	     -0.83763117	      1.67824823	     10.58974691	     -6.21153773	      0.00000000	      0.00000000	     26.83006996	      0.36208162	     11.55999250	      2.53397232	    -23.09193960	     85.81260994	      9.56122088	      9.45108695	    -12.32335628	      3.27592842	      3.59474245	    -10.95406067	     65.90127236	      8.33907508	     83.88318447	    -22.77168727	     13.21854766
      2.53333333	     -0.62333258	     -0.74833240	     72.43010744	      0.19538720	      0.88448633	      0.59262200	      5.38677317	      5.81777133	     -4.99243122	     11.88942633	      0.20750964	     43.39526443	      6.22769322	      0.00000000	      7.24186941	     -4.18671039	     -4.77552320	     15.53235608	      0.27109075	     47.34381848	      6.26774758	      0.00000000	      0.20160358	      0.93131004	     -1.00448691	      0.37439800	      1.23864236	     -1.06726734	      0.33121452	      2.26438724	     -1.06726734	      0.23041273	      2.26438724	     -0.87892604	      0.18720908	      1.89912744	     -0.81614561	      0.11519628	      1.44259925	     -0.75336518	      1.44003419	     10.53516546	     -5.58665483	      0.00000000	      0.00000000	     26.78181461	     -0.38000682	     12.05767506	      2.50140276	    -22.94919623	     85.96101363	      9.38698948	      9.32669810	    -12.48221997	      3.18207023	     12.06599929	    -10.14402618	    155.76616364	     14.49262762	      5.38457059	    -29.98879908	      8.93166687
      2.55000000	     -0.54062572	     -0.76542279	     72.49578882	      0.19422209	      0.88409636	      0.59266585	      5.21780760	      5.79906517	     -5.25507140	     11.73640397	      0.20483889	     43.11869334	      6.32030281	      0.00000000	      7.38507733	     -4.14790532	     -4.71599901	     15.70636437	      0.27412777	     47.36880113	      6.30335813	      0.00000000	      0.19745362	      0.96906538	     -0.95213767	      0.36669111	      1.28885696	     -1.01164627	      0.32439655	      2.35618558	     -1.01164627	      0.22566974	      2.35618558	     -0.83312046	      0.18335543	      1.97611813	     -0.77361186	      0.11282500	      1.50108228	     -0.71410325	      1.41039145	     10.96226145	     -5.29550408	      0.00000000	      0.00000000	     26.85150586	     -0.89250914	     12.37807023	      2.64341745	    -23.10099967	     86.47648880	      9.40240748	      9.73988502	    -12.52316250	      2.99830165	     11.90609756	     -8.95624036	    157.39416838	     12.40862367	      7.35330759	    -31.59406734	      6.50540398
      2.56666667	     -0.51743058	     -0.99640676	     72.73678527	      0.19298471	      0.88315600	      0.59274773	      5.28958472	      5.72359073	     -6.08688374	     11.51629618	      0.20099729	     43.01841580	      7.15400890	      0.00000000	      7.99647261	     -4.15034164	     -4.58647358	     16.21612797	      0.28302482	     47.53979642	      6.50134654	      0.00000000	      0.22781188	      0.99692346	     -0.97092829	      0.42306944	      1.32590820	     -1.03161131	      0.37427214	      2.42391970	     -1.03161131	      0.26036620	      2.42391970	     -0.84956225	      0.21154611	      2.03292632	     -0.78887923	      0.13017171	      1.54423444	     -0.72819622	      1.62723747	     11.27739756	     -5.40001186	      0.00000000	      0.00000000	     26.97274594	     -1.09029895	     12.59503938	      3.05930641	    -23.12047116	     88.40637574	      9.20305338	     10.59149488	    -12.16135764	      2.84727403	     12.05647624	     -8.02023788	    159.78373000	     11.33107379	      9.49337842	    -34.25180305	      4.36907278
      2.58333333	     -0.61564198	     -1.04455722	     72.87875080	      0.19240879	      0.88246289	      0.59284729	      5.28964825	      5.55522799	     -6.32132142	     11.36770814	      0.19840394	     42.95627011	      7.34376018	      0.00000000	      8.27852398	     -3.99262682	     -4.48880162	     16.40769994	      0.28636839	     47.58706306	      6.62537155	      0.00000000	      0.23355865	      0.99253882	     -0.92034651	      0.43374176	      1.32007662	     -0.97786817	      0.38371350	      2.41325887	     -0.97786817	      0.26693418	      2.41325887	     -0.80530320	      0.21688256	      2.02398515	     -0.74778154	      0.13345541	      1.53744262	     -0.69025988	      1.66828605	     11.22779758	     -5.11869119	      0.00000000	      0.00000000	     27.17963496	     -1.17475010	     12.60944011	      3.27729275	    -23.01170119	     89.31213028	      9.25996400	     11.22021431	    -12.05678464	      2.24936025	     12.15769772	     -7.34050516	    161.04663184	      9.79457304	     10.82878837	    -34.49292906	      2.50266981
      2.60000000	     -0.83042631	     -1.28438150	     73.20843084	      0.19189673	      0.88127279	      0.59329841	      5.90662209	      4.88159344	    -10.38085715	     11.97786473	      0.20905318	     43.98467753	     12.15597848	      0.00000000	      9.21591988	     -4.09428527	     -5.95787291	     17.34058635	      0.30265033	     48.15996020	      8.77823836	      0.00000000	      0.27212224	      0.96332377	     -0.94613440	      0.50535821	      1.28122062	     -1.00526780	      0.44706963	      2.34222542	     -1.00526780	      0.31100851	      2.34222542	     -0.82786760	      0.25269271	      1.96440984	     -0.76873420	      0.15549065	      1.49218853	     -0.70960080	      1.94374195	     10.89731120	     -5.26211568	      0.00000000	      0.00000000	     27.37642324	     -1.05206086	     11.93130368	      4.09596357	    -22.45040924	     97.79729131	      8.48164502	      6.90293094	    -10.97434821	      1.62692910	     12.37220303	     -6.77118808	    165.26312967	      8.60266115	      9.45879916	    -32.80432901	      1.88474522
      2.61666667	     -1.08484753	     -1.30561139	     73.58998524	      0.19239681	      0.88036678	      0.59341562	      5.96885710	      4.66600870	    -10.41363118	     11.77735934	      0.20555370	     44.19519305	     12.07602107	      0.00000000	      9.74016852	     -3.89170564	     -5.77875555	     17.88319375	      0.31212061	     48.33590172	      8.88440125	      0.00000000	      0.29218154	      0.89841698	     -0.95827258	      0.54261034	      1.19489458	     -1.01816461	      0.48002506	      2.18441105	     -1.01816461	      0.33393428	      2.18441105	     -0.83848851	      0.27131978	      1.83205191	     -0.77859647	      0.16695253	      1.39164790	     -0.71870443	      2.08702354	     10.16307257	     -5.32962459	      0.00000000	      0.00000000	     27.53980956	     -0.77248737	     10.55722628	      4.32930033	    -21.75326094	     98.88683877	      8.38934988	      7.51759682	    -10.59818742	      0.96752208	     12.58314135	     -6.76570987	    165.74230515	      8.11877381	      9.65088658	    -29.89689419	      1.41819600
      2.63333333	     -1.37757362	     -1.19877592	     73.99385408	      0.19359226	      0.87944733	      0.59379444	      5.97858590	      4.44576124	    -10.21707831	     11.65487739	      0.20341598	     44.49875131	     11.76284999	      0.00000000	     10.24526131	     -3.71916569	     -5.78661453	     18.64607298	      0.32543537	     48.55422685	      9.16553252	      0.00000000	      0.29630603	      0.80206751	     -0.96725550	      0.55026992	      1.06674978	     -1.02770897	      0.48680117	      1.95014694	     -1.02770897	      0.33864816	      1.95014694	     -0.84634857	      0.27514978	      1.63557606	     -0.78589510	      0.16930926	      1.24240257	     -0.72544163	      2.11648432	      9.07314805	     -5.37958493	      0.00000000	      0.00000000	     27.64300346	     -0.36667705	      8.23537727	      4.49813440	    -20.75353556	     99.60286161	      8.28456896	      7.52971998	    -10.22748689	      0.30299060	     12.79249138	     -7.06805177	    166.18070951	      7.89690805	      9.68367426	    -25.96256786	      1.54369599
      2.65000000	     -1.02835443	     -0.90689432	     75.58830071	      0.19581285	      0.87902880	      0.59176377	      2.53340774	      6.68000333	     10.67921966	      5.77403891	      0.10077599	     37.72318966	    -15.14859695	      0.00000000	     10.62205625	     -4.66485174	     -7.52792271	     19.97409336	      0.34861369	     49.60250161	     13.01162821	      0.00000000	      0.30235766	      0.73165623	     -1.17072311	      0.56150842	      0.97310278	     -1.24389331	      0.49674341	      1.77894895	     -1.24389331	      0.34556457	      1.77894895	     -1.02438273	      0.28076933	      1.49199338	     -0.95121253	      0.17276717	      1.13333550	     -0.87804234	      2.15971056	      8.27664158	     -6.51121075	      0.00000000	      0.00000000	     27.63081588	     -1.00462734	      3.74462962	      4.32908032	    -19.60311994	    101.55589363	      8.27330761	      5.47673615	     -9.46066166	     -0.24873476	     12.72318929	     -7.49813206	    168.86919101	      7.79493609	      7.42207871	    -21.60471189	      1.88047820
      2.66666667	     -1.33415705	     -0.66403311	     75.83389969	      0.19771272	      0.87822780	      0.59225672	      2.43009375	      6.44625751	     11.06927451	      5.78304335	      0.10093315	     38.00899749	    -15.49399153	      0.00000000	     10.92934010	     -4.52269936	     -7.64408226	     20.70702000	      0.36140568	     49.94966474	     13.30683384	      0.00000000	      0.28310824	      0.61990324	     -1.17103063	      0.52576031	      0.82447131	     -1.24422004	      0.46511852	      1.50723273	     -1.24422004	      0.32356440	      1.50723273	     -1.02465180	      0.26289431	      1.26410668	     -0.95146238	      0.16176805	      0.96023012	     -0.87827297	      2.02221383	      7.01246941	     -6.51292103	      0.00000000	      0.00000000	     27.66232289	     -0.53370212	      1.15602370	      4.59539375	    -18.53155777	    101.28332465	      8.35016401	      5.11379583	     -8.95325814	     -0.60896933	     12.83570768	     -8.16126175	    167.67967605	      7.92230035	      6.43488544	    -17.32710548	      1.41993074
      2.68333333	     -1.63535079	     -0.48302416	     75.89735286	      0.19962954	      0.87761655	      0.59252211	      2.33138259	      6.22935859	     11.67408825	      5.74698667	      0.10030384	     38.14729920	    -15.99235655	      0.00000000	     11.17865544	     -4.45440954	     -8.23907249	     21.27150572	      0.37125781	     50.40701375	     14.13788091	      0.00000000	      0.27364222	      0.51601689	     -1.14972436	      0.50818096	      0.68630246	     -1.22158213	      0.44956680	      1.25464346	     -1.22158213	      0.31274569	      1.25464346	     -1.00600881	      0.25410416	      1.05226163	     -0.93415104	      0.15635916	      0.79931016	     -0.86229327	      1.95459900	      5.83728621	     -6.39442195	      0.00000000	      0.00000000	     27.64725833	     -0.89754322	     -2.23824856	      5.01575521	    -17.65997293	    101.33214758	      8.56564788	      4.87509409	     -8.31310137	     -0.71706679	     12.95369879	     -8.93024725	    164.20529835	      8.56099516	      4.58774856	    -13.59982425	      0.17362127
      2.70000000	     -1.92444493	     -0.27496064	     75.81606943	      0.20171868	      0.87743621	      0.59268597	      2.17210530	      6.02032638	     12.44287453	      5.70754859	      0.09961552	     38.07230957	    -16.67262569	      0.00000000	     11.29791039	     -4.49487747	     -9.35091236	     21.71806416	      0.37905173	     50.93232892	     15.58898210	      0.00000000	      0.25705575	      0.42225017	     -1.14590108	      0.47737823	      0.56159273	     -1.21751990	      0.42231688	      1.02665907	     -1.21751990	      0.29378901	      1.02665907	     -1.00266345	      0.23870197	      0.86105255	     -0.93104463	      0.14688165	      0.65406552	     -0.85942581	      1.83612348	      4.77657842	     -6.37315806	      0.00000000	      0.00000000	     27.62941499	     -1.03192499	     -4.93442567	      5.65656556	    -16.70695087	    103.25916963	      8.27098856	      4.40270943	     -7.81347652	     -0.65689261	     12.91204256	    -10.14614849	    154.09058723	      9.99739926	      5.53830539	    -11.40955499	     -1.35971043
      2.71666667	     -2.23314069	     -0.11662608	     75.71861462	      0.20331426	      0.87766004	      0.59247809	      2.11950508	      5.76346530	     12.81881857	      5.77723711	      0.10083181	     38.14238029	    -16.91557826	      0.00000000	     11.27865805	     -4.26697252	     -9.53389189	     21.74015709	      0.37943732	     51.21496219	     16.04444685	      0.00000000	      0.25284849	      0.35042503	     -1.16972107	      0.46956493	      0.46606529	     -1.24282864	      0.41540478	      0.85202341	     -1.24282864	      0.28898054	      0.85202341	     -1.02350594	      0.23479511	      0.71458671	     -0.95039837	      0.14447763	      0.54280837	     -0.87729080	      1.80607146	      3.96407799	     -6.50563768	      0.00000000	      0.00000000	     27.61192415	     -0.69552924	     -5.87501929	      6.32774130	    -15.94155848	    106.26603008	      7.68366167	      4.12932570	     -7.36558643	     -0.54589946	     12.60410866	    -11.26258785	    144.42894254	     11.39799550	      5.40212350	     -9.68966416	     -2.77945835
      2.73333333	     -2.41627082	     -0.07343244	     75.55646919	      0.20434707	      0.87814355	      0.59215230	      2.27537073	      5.63306689	     13.08304767	      6.02238864	      0.10511051	     38.26856051	    -16.99184842	      0.00000000	     11.28233434	     -4.13722015	     -9.62409360	     21.65402589	      0.37793405	     51.47908009	     16.39271709	      0.00000000	      0.26009400	      0.32034283	     -1.20701232	      0.48302058	      0.42605597	     -1.28245059	      0.42730844	      0.77888157	     -1.28245059	      0.29726144	      0.77888157	     -1.05613578	      0.24152329	      0.65324311	     -0.98069751	      0.14861771	      0.49621105	     -0.90525924	      1.85782547	      3.62378221	     -6.71304044	      0.00000000	      0.00000000	     27.61100818	     -0.25762108	     -5.56633276	      6.86392036	    -15.54321331	    109.05471718	      7.02917262	      4.09697962	     -6.96244557	     -0.55441986	     12.26085925	    -11.94504343	    137.33474519	     12.51419675	      4.76540797	     -8.56923379	     -3.78435757
      2.75000000	     -2.33959511	     -0.19728474	     75.47470155	      0.20450629	      0.87879170	      0.59161141	      2.58393256	      5.76512766	     13.25091199	      6.29917737	      0.10994139	     38.45505554	    -17.01886646	      0.00000000	     11.30635720	     -4.20601016	     -9.38836103	     21.37076590	      0.37299023	     51.67231951	     16.59511102	      0.00000000	      0.28324708	      0.34570112	     -1.20087866	      0.52601816	      0.45978249	     -1.27593357	      0.46534663	      0.84053771	     -1.27593357	      0.32372309	      0.84053771	     -1.05076882	      0.26302324	      0.70495373	     -0.97571391	      0.16184738	      0.53549104	     -0.90065899	      2.02320559	      3.91064023	     -6.67892682	      0.00000000	      0.00000000	     27.62202861	     -0.53785472	     -5.10178524	      6.95161969	    -15.77120844	    109.39006027	      6.80992420	      4.26194612	     -6.73126405	     -0.64722052	     12.61014553	    -11.82868927	    136.34591453	     13.30155180	      4.15081551	     -7.97735033	     -4.25743451
      2.76666667	     -2.22202797	     -0.42189798	     74.97224292	      0.20444704	      0.87944096	      0.59183739	      3.46457088	      5.97981095	     13.22681941	      7.32790283	      0.12789603	     38.97810637	    -16.43714815	      0.00000000	     11.46866438	     -4.43229809	     -9.75699522	     21.28595064	      0.37150992	     51.80299314	     16.77471041	      0.00000000	      0.30263626	      0.40752768	     -1.21337707	      0.56202581	      0.54201181	     -1.28921313	      0.49720112	      0.99086279	     -1.28921313	      0.34588299	      0.99086279	     -1.06170493	      0.28102803	      0.83103044	     -0.98586887	      0.17292636	      0.63126037	     -0.91003280	      2.16170057	      4.61003458	     -6.74843924	      0.00000000	      0.00000000	     27.63486119	      0.38907245	     -1.82048241	      7.28310967	    -16.17902825	    111.87964426	      6.09860433	      3.84215900	     -5.77961135	     -0.30279564	     12.46148229	    -11.51848297	    132.89633853	     13.53043139	      4.96203765	     -8.40812672	     -4.54075260
      2.78333333	     -1.94750784	     -0.64167817	     74.44382508	      0.20411759	      0.88023731	      0.59194445	      4.20898199	      6.35236168	     13.53988782	      8.18727602	      0.14289492	     39.38415140	    -16.15410269	      0.00000000	     11.54214891	     -4.75428061	     -9.87003266	     21.17014712	      0.36948877	     51.84762404	     16.55364078	      0.00000000	      0.31794703	      0.48640164	     -1.14170481	      0.59045944	      0.64691417	     -1.21306136	      0.52235518	      1.18263694	     -1.21306136	      0.36338166	      1.18263694	     -0.99899171	      0.29524561	      0.99187021	     -0.92763516	      0.18167493	      0.75343613	     -0.85627860	      2.27106386	      5.50227258	     -6.34981962	      0.00000000	      0.00000000	     27.59398392	      0.06588506	     -0.32157651	      7.17586433	    -16.96996747	    112.24157816	      5.72285740	      3.89800836	     -4.81771212	      0.06621924	     13.01953486	    -10.63895366	    134.78598057	     13.40258377	      6.90254169	     -9.68869478	     -4.27484703
      2.80000000	     -1.68376872	     -0.77288431	     73.82578207	      0.20392238	      0.88126917	      0.59218023	      4.87025669	      6.68332213	     13.58967047	      9.04604753	      0.15788331	     39.81967787	    -15.41834077	      0.00000000	     11.37758985	     -5.06513707	    -10.21657428	     20.86655396	      0.36419007	     51.72801344	     16.40470525	      0.00000000	      0.31991232	      0.56141518	     -1.04722785	      0.59410917	      0.74668218	     -1.11267959	      0.52558395	      1.36502486	     -1.11267959	      0.36562779	      1.36502486	     -0.91632437	      0.29707058	      1.14483782	     -0.85087263	      0.18279790	      0.86963211	     -0.78542089	      2.28510172	      6.35084074	     -5.82436712	      0.00000000	      0.00000000	     27.48169561	      0.15536791	      1.68848813	      6.89499329	    -17.79072381	    112.58899614	      5.19490090	      3.78454439	     -3.80296181	      0.28715429	     13.76311736	     -9.42209481	    140.06677616	     12.72839656	     11.22064856	    -11.66927207	     -3.41167176
      2.81666667	     -1.47729533	     -0.81925950	     73.24070079	      0.20393287	      0.88246309	      0.59231826	      5.38734525	      6.91613310	     13.35808155	      9.79132449	      0.17089085	     40.29908637	    -14.33144339	      0.00000000	     11.04048370	     -5.28063862	    -10.60991965	     20.44376707	      0.35681105	     51.50615843	     16.20658242	      0.00000000	      0.31519351	      0.61654523	     -0.94798215	      0.58534587	      0.82000516	     -1.00723104	      0.51783142	      1.49906807	     -1.00723104	      0.36023466	      1.49906807	     -0.82948439	      0.29268869	      1.25725903	     -0.77023550	      0.18010157	      0.95502856	     -0.71098662	      2.25139572	      6.97448296	     -5.27239235	      0.00000000	      0.00000000	     27.26321618	      0.30684516	      3.28092708	      6.50766011	    -18.57429515	    112.43582727	      4.67567006	      3.42762048	     -2.91042492	      0.02197671	     14.38859544	     -7.87406143	    149.09102403	     11.22126309	     18.13537504	    -13.80140282	     -1.52977069
      2.83333333	     -1.40289406	     -0.84496850	     72.67506671	      0.20417101	      0.88372554	      0.59246814	      5.89339856	      6.99514686	     12.73165358	     10.50898101	      0.18341632	     40.69229787	    -12.86726954	      0.00000000	     10.65741067	     -5.33275351	    -10.97814415	     19.92294953	      0.34772107	     51.13851415	     15.88180932	      0.00000000	      0.31359882	      0.64300188	     -0.88728820	      0.58238437	      0.85519251	     -0.94274371	      0.51521150	      1.56339478	     -0.94274371	      0.35841209	      1.56339478	     -0.77637717	      0.29120786	      1.31120944	     -0.72092166	      0.17919037	      0.99600992	     -0.66546615	      2.24000501	      7.27376591	     -4.93483076	      0.00000000	      0.00000000	     26.99392524	      0.34362069	      3.92204693	      6.35231120	    -19.25212174	    111.26463263	      4.31983021	      3.02301184	     -2.30022682	     -0.81840450	     14.47495012	     -6.47503132	    158.95437597	      9.34250370	     24.79163411	    -14.98982105	      0.86523633
      2.85000000	     -1.70701393	     -0.91618879	     71.87023321	      0.20430444	      0.88467237	      0.59355489	      7.68156028	      5.94668465	      4.36041731	     13.15753366	      0.22964228	     43.70771606	     -1.42873772	      0.00000000	     10.38756237	     -4.98431661	    -11.37546359	     19.29125826	      0.33669597	     50.46737279	     15.28746032	      0.00000000	      0.32107806	      0.62010882	     -0.78482238	      0.59627407	      0.82474473	     -0.83387377	      0.52749915	      1.50773259	     -0.83387377	      0.36696012	      1.50773259	     -0.68671958	      0.29815309	      1.26452591	     -0.63766818	      0.18346400	      0.96054857	     -0.58861678	      2.29342849	      7.01479502	     -4.36494661	      0.00000000	      0.00000000	     26.81956320	      0.23594457	      3.52265623	      6.72237146	    -19.92393665	    108.34540071	      4.48742411	      3.10930796	     -2.11425718	     -2.06330614	     14.03908451	     -4.88290619	    185.13319624	      6.35560751	      9.54113264	    -13.13033902	      2.28927437
      2.86666667	     -1.74458916	     -0.91196800	     71.77760418	      0.20485323	      0.88574415	      0.59370394	      8.03765963	      5.95742723	      4.31079245	     13.69921459	      0.23909640	     43.57721438	     -1.45445402	      0.00000000	     10.13357264	     -4.95024758	    -11.55201371	     18.96135527	      0.33093808	     49.94291333	     15.18397637	      0.00000000	      0.32326944	      0.59466126	     -0.87848661	      0.60034367	      0.79089948	     -0.93339202	      0.53109936	      1.44585940	     -0.93339202	      0.36946464	      1.44585940	     -0.76867578	      0.30018800	      1.21263325	     -0.71377037	      0.18471616	      0.92113030	     -0.65886495	      2.30908125	      6.72692715	     -4.88587896	      0.00000000	      0.00000000	     26.62817391	      0.76761690	      2.85595537	      7.68785907	    -20.41563844	    107.18591548	      4.66394825	      2.27509930	     -1.55853147	     -3.35894777	     13.61617034	     -5.14273382	    185.31774709	      6.10292750	      9.75345304	    -13.15331673	      1.93359426
      2.88333333	     -2.06176963	     -0.99902737	     71.49361079	      0.20531761	      0.88628352	      0.59431593	      8.78043764	      5.63652033	      3.71627530	     14.54976731	      0.25394134	     43.70590636	     -0.70848715	      0.00000000	     10.05811566	     -4.61643550	    -11.60994349	     18.63324372	      0.32521145	     49.25150550	     14.59594105	      0.00000000	      0.34999458	      0.52788282	     -0.82025763	      0.64997493	      0.70208415	     -0.87152374	      0.57500609	      1.28349429	     -0.87152374	      0.40000880	      1.28349429	     -0.71772543	      0.32500496	      1.07645865	     -0.66645933	      0.19998690	      0.81769049	     -0.61519322	      2.49997626	      5.97151606	     -4.56202688	      0.00000000	      0.00000000	     26.57041825	      0.41404902	     -0.20013510	      8.52984263	    -21.24482276	    101.46556808	      5.98840759	      2.89401732	     -1.46006510	     -5.28633320	     13.57525096	     -5.73427623	    182.35614344	      6.68976271	      7.62394709	    -12.65398051	     -0.48830691
      2.90000000	     -2.24907098	     -1.07445587	     71.53932283	      0.20500705	      0.88648976	      0.59482820	      9.61951556	      5.03894441	      0.44676326	     15.69277107	      0.27389052	     44.51854430	      2.92446189	      0.00000000	     10.11905325	     -4.39582210	    -11.46312043	     18.54246941	      0.32362714	     48.76668084	     14.18069161	      0.00000000	      0.36331977	      0.46815785	     -0.84858973	      0.67472114	      0.62264994	     -0.90162658	      0.59689805	      1.13827900	     -0.90162658	      0.41523817	      1.13827900	     -0.74251601	      0.33737874	      0.95466749	     -0.68947915	      0.20760092	      0.72517651	     -0.63644229	      2.59515678	      5.29589525	     -4.71960148	      0.00000000	      0.00000000	     26.59402751	      0.19620166	     -3.76097905	      9.77074695	    -22.82101837	     93.49409878	      9.22997151	      5.81245207	     -3.21023503	     -6.31118827	     13.38149697	     -6.87897139	    171.01526533	      7.96315754	      9.26973879	    -12.68108449	     -3.32181028
      2.91666667	     -2.29563899	     -1.17322953	     71.67505597	      0.20462864	      0.88628312	      0.59517988	     10.17419694	      4.84407342	     -0.81690175	     16.35458647	      0.28544138	     44.83412756	      3.93117165	      0.00000000	     10.23598742	     -4.37604489	    -11.45165741	     18.57287259	      0.32415778	     48.50280039	     14.09013369	      0.00000000	      0.37242142	      0.42816163	     -0.84324169	      0.69162381	      0.56945497	     -0.89594430	      0.61185115	      1.04103219	     -0.89594430	      0.42564044	      1.04103219	     -0.73783648	      0.34583053	      0.87310720	     -0.68513387	      0.21280160	      0.66322237	     -0.63243127	      2.66016894	      4.84344999	     -4.68985732	      0.00000000	      0.00000000	     26.62169316	     -0.59198007	     -7.64838588	     10.34259905	    -24.66825399	     83.76577096	     12.58815638	     11.55472203	     -5.02920908	     -6.22404089	     12.94250508	     -8.04322386	    160.46629163	      8.88067978	     10.08826502	    -12.11658290	     -5.98621782
      2.93333333	     -2.36430930	     -1.30710437	     72.01940509	      0.20406021	      0.88572188	      0.59566581	     10.75796420	      4.75936150	     -1.27211808	     16.97064340	      0.29619360	     45.00994487	      3.56373001	      0.00000000	     10.53917245	     -4.36103189	    -11.34478812	     18.77492753	      0.32768430	     48.34294132	     14.15410947	      0.00000000	      0.38681354	      0.39155778	     -0.81337902	      0.71835142	      0.52077185	     -0.86421521	      0.63549596	      0.95203359	     -0.86421521	      0.44208919	      0.95203359	     -0.71170664	      0.35919505	      0.79846462	     -0.66087045	      0.22102526	      0.60652300	     -0.61003426	      2.76297042	      4.42937992	     -4.52377009	      0.00000000	      0.00000000	     26.60044951	     -1.48873879	    -11.52324288	     10.97535027	    -25.85549485	     82.02842019	     13.83170897	     11.28287745	     -5.11272296	     -5.41841178	     12.37373090	     -8.77726888	    157.28846748	      8.60998935	      7.26986014	    -11.26058334	     -8.79957413
      2.95000000	     -2.34578490	     -1.43071523	     72.35679389	      0.20321113	      0.88501009	      0.59605177	     11.30159383	      4.73480231	     -1.72822868	     17.59922700	      0.30716446	     45.25108274	      3.19024777	      0.00000000	     10.78104086	     -4.39517626	    -11.20173907	     18.88141125	      0.32954279	     48.31008378	     14.20752633	      0.00000000	      0.39992795	      0.38520226	     -0.81173875	      0.74270620	      0.51231900	     -0.86247243	      0.65704163	      0.93658076	     -0.86247243	      0.45707765	      0.93658076	     -0.71027141	      0.37137309	      0.78550444	     -0.65953774	      0.22851883	      0.59667829	     -0.60880406	      2.85664535	      4.35748495	     -4.51464742	      0.00000000	      0.00000000	     26.57747490	     -1.63656921	    -13.01158886	     11.52126756	    -27.24451758	     81.29968122	     14.94826343	     10.75024757	     -4.72182462	     -3.85049564	     11.63335073	     -9.11902686	    156.25031441	      7.48657809	      6.45516880	    -11.33417432	    -10.47947779
      2.96666667	     -2.33300872	     -1.61872838	     72.71657789	      0.20210563	      0.88411653	      0.59701857	     11.86508055	      4.63005370	     -2.71562055	     18.05702447	      0.31515453	     45.51360081	      3.49716638	      0.00000000	     11.30763785	     -4.45560779	    -10.93082966	     19.31177052	      0.33705398	     48.32706926	     14.05970549	      0.00000000	      0.40956019	      0.38656361	     -0.80010756	      0.76059422	      0.51412960	     -0.85011428	      0.67286643	      0.93989075	     -0.85011428	      0.46808634	      0.93989075	     -0.70009411	      0.38031759	      0.78828051	     -0.65008739	      0.23402269	      0.59878703	     -0.60008067	      2.92544745	      4.37288484	     -4.44995821	      0.00000000	      0.00000000	     26.47611813	     -3.20697210	    -15.56170562	     11.80359688	    -28.26582631	     80.76693209	     15.28225656	     10.30843202	     -4.67527559	     -1.29768167	     11.49561200	     -9.65471669	    154.49957173	      6.98824365	      5.15552960	    -10.88649619	    -13.05233749
      2.98333333	     -2.17728532	     -1.75794576	     72.91829585	      0.20079640	      0.88329784	      0.59787621	     12.45183877	      4.64150726	     -3.46497643	     18.75955461	      0.32741599	     45.80232050	      3.65369404	      0.00000000	     11.62237078	     -4.61020126	    -10.75939502	     19.56876669	      0.34153941	     48.37400612	     13.89313503	      0.00000000	      0.40568538	      0.42309884	     -0.80512335	      0.75339831	      0.56272146	     -0.85544356	      0.66650050	      1.02872253	     -0.85544356	      0.46365782	      1.02872253	     -0.70448293	      0.37671944	      0.86278316	     -0.65416272	      0.23180862	      0.65538011	     -0.60384252	      2.89777007	      4.78617875	     -4.47785455	      0.00000000	      0.00000000	     26.45931050	     -3.92090756	    -15.86019645	     12.01779711	    -29.55616133	     80.59665495	     15.73676834	      9.77138311	     -4.40735942	      0.79277110	     11.31721780	     -9.88498311	    154.08769083	      5.79375765	      4.91113560	    -11.11115836	    -14.55670554
      3.00000000	     -2.15342569	     -1.90100501	     73.16428086	      0.19900162	      0.88245713	      0.59873653	     13.11619036	      3.96615754	     -6.99483687	     19.66231457	      0.34317213	     46.66447291	      7.33699635	      0.00000000	     12.08915329	     -4.54140057	    -10.15807950	     19.99604849	      0.34899688	     48.22835849	     13.24019652	      0.00000000	      0.41132369	      0.45711358	     -0.85607887	      0.76386922	      0.60796106	     -0.90958380	      0.67576368	      1.11142596	     -0.90958380	      0.47010184	      1.11142596	     -0.74906901	      0.38195518	      0.93214601	     -0.69556408	      0.23503035	      0.70806893	     -0.64205915	      2.93804396	      5.17096023	     -4.76125385	      0.00000000	      0.00000000	     26.55340417	     -4.10040920	    -14.84129588	     12.46298950	    -30.61702545	     81.60940393	     15.79157417	      8.14137943	     -4.24163997	      3.21150152	     11.42390698	    -10.23002782	    153.42861856	      4.90685396	      4.20950053	    -10.75216150	    -15.86369571
      3.01666667	     -2.05162772	     -2.07855488	     73.22277279	      0.19790343	      0.88162277	      0.59987073	     13.64275560	      3.99625164	     -7.32877491	     20.17946464	      0.35219810	     46.70235043	      7.19546966	      0.00000000	     12.55751427	     -4.71684095	    -10.13527711	     20.48934931	      0.35760661	     48.07032859	     13.08063345	      0.00000000	      0.41202412	      0.50034323	     -0.87724337	      0.76517000	      0.66545650	     -0.93207108	      0.67691443	      1.21653454	     -0.93207108	      0.47090237	      1.21653454	     -0.76758795	      0.38260560	      1.02029992	     -0.71276024	      0.23543058	      0.77503167	     -0.65793253	      2.94304710	      5.65998272	     -4.87896445	      0.00000000	      0.00000000	     26.72792309	     -4.55850084	    -13.77781508	     12.75021333	    -31.55664545	     81.29695186	     15.84546540	      7.35084332	     -4.17327297	      5.11342631	     11.73707303	    -10.67271658	    152.76323030	      4.13976981	      3.61640582	    -10.21076333	    -16.59339375
      3.03333333	     -2.08270274	     -2.15804598	     73.24995483	      0.19739649	      0.88104085	      0.60094796	     13.79828985	      3.96350024	     -7.49562289	     20.18525562	      0.35229917	     46.57790908	      7.09057027	      0.00000000	     12.73214316	     -4.73780073	    -10.21851383	     20.52394398	      0.35821040	     47.72351223	     13.04343759	      0.00000000	      0.40790693	      0.50946578	     -0.86130185	      0.75752396	      0.67758949	     -0.91513321	      0.67015029	      1.23871510	     -0.91513321	      0.46619683	      1.23871510	     -0.75363912	      0.37878237	      1.03890262	     -0.69980775	      0.23307802	      0.78916250	     -0.64597639	      2.91363841	      5.76317882	     -4.79030249	      0.00000000	      0.00000000	     26.71802678	     -4.64516042	    -13.57447901	     12.83520564	    -32.14608725	     81.21878453	     15.69627496	      7.25804959	     -4.20012975	      5.25243472	     12.37627833	    -11.37591254	    152.52525533	      3.82498731	      3.45339970	    -10.11855179	    -16.59459130
      3.05000000	     -2.16654262	     -2.41000110	     73.18830042	      0.19652261	      0.88009060	      0.60231762	     14.32909877	      3.91309443	     -7.50963525	     20.59127882	      0.35938561	     46.37619372	      6.75856802	      0.00000000	     13.39183385	     -4.75841401	     -9.97943206	     21.03746870	      0.36717310	     47.48405074	     12.64687220	      0.00000000	      0.42990217	      0.54370706	     -0.92350648	      0.79837132	      0.72313038	     -0.98122563	      0.70628628	      1.32196934	     -0.98122563	      0.49133519	      1.32196934	     -0.80806817	      0.39920716	      1.10872743	     -0.75034901	      0.24564610	      0.84220223	     -0.69262986	      3.07074823	      6.15052296	     -5.13626599	      0.00000000	      0.00000000	     27.14657263	     -3.69134516	     -9.61744051	     13.43413919	    -32.66880422	     79.83493086	     15.67901572	      6.24448383	     -4.04005591	      6.69603972	     12.66449971	    -12.28648363	    146.84216351	      3.65212303	      3.08307564	     -5.21173691	    -16.41085957
      3.06666667	     -2.41829528	     -2.54186008	     73.06715710	      0.19626131	      0.87942987	      0.60332832	     14.46030448	      3.79511653	     -7.13302517	     20.51483320	      0.35805138	     46.06090133	      6.20270324	      0.00000000	     13.72125249	     -4.56307321	     -9.80847000	     21.04854277	      0.36736637	     47.19742243	     12.42781086	      0.00000000	      0.44410619	      0.52806691	     -0.89146865	      0.82474961	      0.70232899	     -0.94718544	      0.72962206	      1.28394188	     -0.94718544	      0.50756897	      1.28394188	     -0.78003507	      0.41239701	      1.07683404	     -0.72431828	      0.25376228	      0.81797564	     -0.66860149	      3.17220613	      5.97359850	     -4.95808118	      0.00000000	      0.00000000	     27.26600132	     -3.78214023	     -9.28403435	     13.70611327	    -32.92031762	     79.52159784	     15.49851250	      6.28326047	     -3.60619449	      5.99079856	     13.18679483	    -13.32407208	    144.42625044	      3.63663464	      2.90128293	     -2.67192580	    -15.44713657
      3.08333333	     -2.79858296	     -2.58568748	     73.09833889	      0.19607458	      0.87894210	      0.60402174	     14.41736969	      3.51008418	     -6.91765634	     20.35415852	      0.35524708	     45.76559767	      5.67966286	      0.00000000	     13.97630924	     -4.18440413	     -9.47938995	     20.93946462	      0.36546260	     46.95479299	     12.34739943	      0.00000000	      0.45767159	      0.48847855	     -0.86517268	      0.84994191	      0.64967647	     -0.91924597	      0.75190866	      1.18768675	     -0.91924597	      0.52307286	      1.18768675	     -0.75702609	      0.42499384	      0.99610546	     -0.70295280	      0.26151355	      0.75665328	     -0.64887951	      3.26910240	      5.52576708	     -4.81183087	      0.00000000	      0.00000000	     27.33559732	     -3.80304705	     -9.20035034	     13.88011193	    -32.92515225	     79.43742052	     15.24478303	      6.43211596	     -3.36006700	      4.67639408	     13.80360935	    -14.49068628	    143.01953822	      4.06082760	      2.82970334	     -1.60259869	    -14.13458413
      3.10000000	     -3.21327778	     -2.68484735	     73.03499251	      0.19593515	      0.87838309	      0.60428934	     14.26943144	      3.18048480	     -6.89308765	     19.96475875	      0.34845077	     45.46251236	      5.54571890	      0.00000000	     14.29912187	     -3.80574809	     -9.34850974	     20.89380886	      0.36466576	     46.86705953	     12.34135278	      0.00000000	      0.48720105	      0.45208322	     -0.85106761	      0.90478106	      0.60127068	     -0.90425934	      0.80042260	      1.09919513	     -0.90425934	      0.55682208	      1.09919513	     -0.74468416	      0.45241489	      0.92188809	     -0.69149244	      0.27838668	      0.70027690	     -0.63830071	      3.48002836	      5.11405575	     -4.73338275	      0.00000000	      0.00000000	     27.48182725	     -3.95896838	     -9.09839324	     14.19995442	    -32.94480002	     79.42384680	     15.30148173	      6.48294685	     -3.31153987	      4.38147127	     14.14519680	    -15.66441047	    142.76577013	      4.41402638	      2.94044084	     -1.48794981	    -13.60928186
      3.11666667	     -3.71515580	     -2.72748967	     73.12551860	      0.19582697	      0.87798525	      0.60407637	     14.04131441	      2.74216033	     -6.91353949	     19.51792595	      0.34065207	     45.23953501	      5.26900528	      0.00000000	     14.52976334	     -3.26017109	     -9.02526234	     20.75486764	      0.36224078	     46.83149670	     12.29259514	      0.00000000	      0.52794475	      0.40182455	     -0.84013133	      0.98044620	      0.53442665	     -0.89263954	      0.86736043	      0.97699621	     -0.89263954	      0.60338806	      0.97699621	     -0.73511491	      0.49024950	      0.81940062	     -0.68260670	      0.30166763	      0.62242623	     -0.63009850	      3.77105657	      4.54551965	     -4.67255841	      0.00000000	      0.00000000	     27.61977196	     -3.98080130	     -8.94894500	     14.27728008	    -32.70783712	     79.64438988	     15.21265493	      6.63906094	     -3.54451391	      4.30218985	     14.81796505	    -16.90149393	    142.75959340	      5.34229415	      3.43044291	     -1.72698945	    -12.70283752
      3.13333333	     -4.02668892	     -2.60407517	     73.19735354	      0.19539134	      0.87812639	      0.60402144	     13.78443307	      2.44371164	     -6.63210690	     19.33598741	      0.33747664	     44.87720261	      4.54515766	      0.00000000	     14.42463975	     -2.61658014	     -7.66591937	     20.36946344	      0.35551420	     46.59061662	     10.79589282	      0.00000000	      0.53343271	      0.37393469	     -0.83053285	      0.99063788	      0.49733313	     -0.88244115	      0.87637660	      0.90918480	     -0.88244115	      0.60966024	      0.90918480	     -0.72671624	      0.49534561	      0.76252761	     -0.67480794	      0.30480345	      0.57922483	     -0.62289964	      3.81025649	      4.23002395	     -4.61917455	      0.00000000	      0.00000000	     27.69857826	     -3.43575265	     -7.98795260	     14.72731057	    -32.46049995	     81.06418599	     15.33720356	      6.92988290	     -4.93279374	      5.30121513	     15.98614297	    -17.80544268	    144.78912796	      6.82276212	      6.23787841	     -6.17653762	    -11.37609770
      3.15000000	     -4.31401649	     -2.65964604	     73.19468712	      0.19484060	      0.87796780	      0.60385833	     13.84866098	      2.07781517	     -7.02534626	     19.33125529	      0.33739405	     44.73818129	      4.83877384	      0.00000000	     14.56556193	     -2.01636245	     -6.12540232	     20.22928911	      0.35306770	     46.34556020	      8.83080432	      0.00000000	      0.56953166	      0.36359142	     -0.85458648	      1.05767724	      0.48357659	     -0.90799813	      0.93568356	      0.88403619	     -0.90799813	      0.65091773	      0.88403619	     -0.74776317	      0.52886710	      0.74143563	     -0.69435151	      0.32543039	      0.56320312	     -0.64093986	      4.06810768	      4.11301891	     -4.75295362	      0.00000000	      0.00000000	     27.83673585	     -2.62929651	     -6.30756292	     15.74445230	    -32.22240224	     84.76991908	     15.60728777	      6.26605431	     -5.75996639	      6.83328829	     17.07757093	    -18.13637722	    153.21937094	      7.11715913	     11.26081182	    -11.44861360	     -9.83166757
      3.16666667	     -4.42480264	     -2.70541203	     73.10525320	      0.19441476	      0.87780788	      0.60375803	     14.05105568	      1.72359356	     -8.27198722	     19.63104250	      0.34262633	     44.85487433	      6.37203716	      0.00000000	     14.65988038	     -1.75310740	     -5.38528200	     20.25110606	      0.35344848	     46.25199438	      7.71338763	      0.00000000	      0.59623908	      0.37535785	     -0.89534517	      1.10727560	      0.49922595	     -0.95130424	      0.97956119	      0.91264509	     -0.95130424	      0.68144165	      0.91264509	     -0.78342702	      0.55366761	      0.76542974	     -0.72746795	      0.34069101	      0.58142932	     -0.67150888	      4.25887614	      4.24612312	     -4.97964124	      0.00000000	      0.00000000	     27.92875365	     -1.97538962	     -4.64272726	     17.61346535	    -31.95540593	     92.01826294	     16.12363069	      4.65130924	     -6.33544303	      8.50812386	     17.73140761	    -17.62656837	    172.63186477	      5.83326924	     11.16847862	    -16.63939111	     -6.08524518
      3.18333333	     -4.39272852	     -2.75977817	     73.10782356	      0.19424715	      0.87755478	      0.60357206	     14.31356894	      1.64660697	     -8.84687176	     19.99977080	      0.34906185	     44.88516898	      7.03080835	      0.00000000	     14.76460889	     -1.77006870	     -5.20910012	     20.39325898	      0.35592951	     46.30794975	      7.51654302	      0.00000000	      0.61968037	      0.39800195	     -0.93594615	      1.15080841	      0.52934259	     -0.99444279	      1.01807288	      0.96770193	     -0.99444279	      0.70823269	      0.96770193	     -0.81895288	      0.57543519	      0.81160557	     -0.76045625	      0.35408536	      0.61650502	     -0.70195961	      4.42631490	      4.50227763	     -5.20545171	      0.00000000	      0.00000000	     27.99615319	     -1.19038725	     -2.82298420	     18.83760952	    -31.38825717	     94.86003981	     16.17498427	      6.37446008	     -5.70300588	     10.14379625	     18.39926681	    -17.43111149	    181.28962905	      5.74723060	     17.60124971	    -20.94960989	     -2.13505388
      3.20000000	     -4.42457266	     -2.68836418	     73.21954722	      0.19375109	      0.87733499	      0.60354566	     14.66992455	      1.33492817	     -9.76079379	     20.73579130	      0.36190783	     45.20193597	      8.21885412	      0.00000000	     14.84580595	     -1.56529739	     -4.45380061	     20.57384572	      0.35908135	     46.26143252	      6.93080100	      0.00000000	      0.62491982	      0.41029331	     -0.96012360	      1.16053859	      0.54569010	     -1.02013133	      1.02668077	      0.99758714	     -1.02013133	      0.71422086	      0.99758714	     -0.84010815	      0.58030054	      0.83667011	     -0.78010043	      0.35707918	      0.63554433	     -0.72009270	      4.46373975	      4.64131993	     -5.33991943	      0.00000000	      0.00000000	     28.02629023	     -0.53478893	     -1.01933029	     20.24211236	    -30.65805554	     99.24720812	     16.07652991	      5.96602319	     -4.48913526	     10.81549590	     18.80496591	    -17.02440123	    196.47510112	      4.37227051	     13.73338446	    -20.06218155	      1.79663864
      3.21666667	     -4.36675338	     -2.67167844	     73.31241001	      0.19371485	      0.87717309	      0.60293946	     14.73898132	      1.39561450	     -9.60464611	     20.86525062	      0.36416732	     45.25572026	      8.34847678	      0.00000000	     14.84202003	     -1.56439513	     -4.13189981	     20.58484098	      0.35927325	     46.34401937	      7.14189232	      0.00000000	      0.63915812	      0.42274563	     -0.93182783	      1.18698055	      0.56225168	     -0.99006707	      1.05007288	      1.02786372	     -0.99006707	      0.73049382	      1.02786372	     -0.81534935	      0.59352223	      0.86206288	     -0.75711011	      0.36521495	      0.65483298	     -0.69887087	      4.56544255	      4.78218307	     -5.18254683	      0.00000000	      0.00000000	     28.00484292	     -0.61098570	     -0.92832361	     20.77855198	    -29.96591962	     99.26601407	     16.22856074	      6.13393076	     -4.35959539	     10.65897809	     19.32939064	    -17.15922853	    196.59067235	      4.24125372	     13.83389647	    -20.09412514	      1.79673580
      3.23333333	     -4.46276747	     -2.49748744	     73.63893915	      0.19282788	      0.87681990	      0.60295816	     15.28063202	      1.04308055	     -9.67056606	     22.16276770	      0.38681327	     45.72675951	      8.40084748	      0.00000000	     15.09923296	     -1.28067798	     -3.59079946	     21.13076035	      0.36880134	     46.49150495	      7.28708364	      0.00000000	      0.62062289	      0.42059511	     -0.93091642	      1.15255877	      0.55939150	     -0.98909869	      1.01962135	      1.02263496	     -0.98909869	      0.70930990	      1.02263496	     -0.81455187	      0.57631042	      0.85767756	     -0.75636959	      0.35462392	      0.65150183	     -0.69818731	      4.43304724	      4.75785606	     -5.17747785	      0.00000000	      0.00000000	     28.03422321	     -0.58705857	      0.26595184	     21.49203036	    -29.01252003	    100.81243859	     15.44165756	      8.68607882	     -2.28024759	      8.26014099	     20.18245952	    -17.14431718	    198.25888908	      4.10270015	     15.05984872	    -20.02329260	      1.31779829
      3.25000000	     -4.44290670	     -2.33216975	     73.79033779	      0.19241756	      0.87657860	      0.60226209	     15.39672893	      0.89207232	     -9.72639526	     22.82681359	      0.39840305	     46.17011718	      8.75916338	      0.00000000	     15.11415391	     -1.12199832	     -3.07267887	     21.39958231	      0.37349317	     46.70370093	      7.45975268	      0.00000000	      0.60633013	      0.43366819	     -0.85502766	      1.12601569	      0.57677869	     -0.90846689	      0.99613977	      1.05442083	     -0.90846689	      0.69297471	      1.05442083	     -0.74814920	      0.56303816	      0.88433617	     -0.69470997	      0.34645704	      0.67175202	     -0.64127074	      4.33095550	      4.90574127	     -4.75540733	      0.00000000	      0.00000000	     28.03035860	     -0.62225421	      1.40591703	     21.63043509	    -28.06268769	    101.46204842	     14.70045030	      9.68202206	     -1.46197137	      5.74860248	     20.80863549	    -17.06673301	    196.60020860	      3.97228536	     12.33505304	    -19.93978782	      0.01930902
      3.26666667	     -4.37402530	     -2.27711016	     73.96064369	      0.19193472	      0.87612830	      0.60127511	     15.54544526	      0.88787207	     -9.46754918	     23.40000720	      0.40840717	     46.58777065	      8.62462634	      0.00000000	     15.29524820	     -1.07661290	     -2.75478419	     21.86357216	      0.38159132	     47.05413112	      7.87589537	      0.00000000	      0.61251269	      0.45102521	     -0.73390984	      1.13749732	      0.59986354	     -0.77977920	      1.00629710	      1.09662271	     -0.77977920	      0.70004076	      1.09662271	     -0.64217111	      0.56877929	      0.91973062	     -0.59630174	      0.34998975	      0.69863806	     -0.55043238	      4.37511690	      5.10208744	     -4.08178635	      0.00000000	      0.00000000	     28.03061729	     -1.25482759	      1.14423033	     21.31320996	    -27.25958369	    102.71614822	     14.47910026	     10.23382529	     -2.66407669	      2.58383753	     21.71042767	    -16.90587962	    190.56218854	      4.81630604	      6.85725566	    -20.49335982	     -3.87395737
      3.28333333	     -4.11762471	     -2.23825081	     74.07451115	      0.19162243	      0.87568860	      0.59971035	     15.58138683	      1.14427824	     -8.98957140	     23.89467769	      0.41704080	     46.97637752	      8.14448170	      0.00000000	     15.39715121	     -1.27138472	     -2.57006233	     22.39811547	      0.39092086	     47.59508918	      8.40371403	      0.00000000	      0.62596526	      0.48695464	     -0.59768861	      1.16248009	      0.64764968	     -0.63504415	      1.02839833	      1.18398152	     -0.63504415	      0.71541570	      1.18398152	     -0.52297754	      0.58127134	      0.99299791	     -0.48562200	      0.35767655	      0.75429274	     -0.44826646	      4.47120727	      5.50852833	     -3.32416475	      0.00000000	      0.00000000	     28.04526797	     -2.11368579	      0.03820253	     20.91398177	    -26.33751318	    106.39051556	     14.19555444	      9.88043252	     -4.23263660	     -0.18308240	     23.00767048	    -16.84513514	    174.56746147	      7.41788003	      6.72489488	    -21.38377201	     -9.54189934
      3.30000000	     -3.85062195	     -2.12967952	     74.29271985	      0.19136246	      0.87529246	      0.59789802	     15.44834095	      1.40642659	     -8.53310294	     24.24775915	      0.42320323	     47.37134419	      7.52966509	      0.00000000	     15.44286131	     -1.41917155	     -2.17511439	     23.04150390	      0.40215011	     48.19840860	      8.64169070	      0.00000000	      0.63740457	      0.51354891	     -0.49191479	      1.18372402	      0.68302005	     -0.52265946	      1.04719196	      1.24864281	     -0.52265946	      0.72848968	      1.24864281	     -0.43042544	      0.59189388	      1.04722893	     -0.39968076	      0.36421297	      0.79548726	     -0.36893609	      4.55291709	      5.80936794	     -2.73588247	      0.00000000	      0.00000000	     28.05913270	     -3.36947986	     -2.07331116	     20.73108275	    -25.13135024	    112.41384157	     14.08016879	      8.81818580	     -6.27790331	     -2.01373463	     24.52921188	    -17.04998386	    158.77432568	     10.75053609	      9.16901947	    -21.72401552	    -13.77795233
      3.31666667	     -3.62472665	     -2.04232280	     74.65483210	      0.19157072	      0.87454991	      0.59612414	     15.39597866	      1.64122357	     -8.20817849	     24.71556014	      0.43136790	     47.85491985	      6.87498937	      0.00000000	     15.51708732	     -1.56346668	     -1.71744777	     23.64597842	      0.41270018	     48.91449689	      8.83284925	      0.00000000	      0.65609759	      0.52016717	     -0.46989660	      1.21843884	      0.69182234	     -0.49926514	      1.07790273	      1.26473447	     -0.49926514	      0.74985394	      1.26473447	     -0.41115953	      0.60925222	      1.06072490	     -0.38179099	      0.37489416	      0.80573895	     -0.35242245	      4.68643949	      5.88423512	     -2.61342394	      0.00000000	      0.00000000	     28.08429359	     -4.61454723	     -5.04093602	     20.89376951	    -23.38991549	    119.66803875	     13.91786562	      7.99571829	     -7.96697907	     -2.72055520	     25.02908710	    -20.16716987	    122.22159742	     17.18240449	     36.63200993	    -23.29326766	    -12.16572490
      3.33333333	     -3.34824241	     -1.91558740	     75.00165245	      0.19144000	      0.87448507	      0.59429779	     15.20792500	      1.85164030	     -8.10013638	     25.02239099	      0.43672311	     48.25436044	      6.56087312	      0.00000000	     15.45301822	     -1.72323191	     -1.23665974	     24.07220908	      0.42013931	     49.56302818	      8.93262953	      0.00000000	      0.67481336	      0.55193368	     -0.46570434	      1.25319588	      0.73407180	     -0.49481086	      1.10865086	      1.34197155	     -0.49481086	      0.77124418	      1.34197155	     -0.40749130	      0.62663168	      1.12550316	     -0.37838478	      0.38558835	      0.85494527	     -0.34927825	      4.82012432	      6.24358420	     -2.59010783	      0.00000000	      0.00000000	     28.11097273	     -4.92823377	     -5.93274567	     20.97277867	    -21.88847662	    123.01468422	     13.92287486	     11.02305419	     -9.17758415	     -2.60369751	     25.88321540	    -19.55395139	    120.61529444	     18.63899003	     35.40949741	    -21.71303887	    -11.58817504
      3.35000000	     -3.00970686	     -1.79941447	     75.31235906	      0.19136528	      0.87479441	      0.59231179	     15.02784973	      2.13391341	     -8.00206823	     25.36876180	      0.44276842	     48.54228353	      6.19296388	      0.00000000	     15.28692630	     -1.97285229	     -0.87917896	     24.26536138	      0.42351045	     50.23094724	      9.09826258	      0.00000000	      0.70224966	      0.59451205	     -0.50426876	      1.30414784	      0.79070102	     -0.53578555	      1.15372596	      1.44549659	     -0.53578555	      0.80260113	      1.44549659	     -0.44123516	      0.65210903	      1.21232896	     -0.40971836	      0.40126545	      0.92089916	     -0.37820157	      5.01609909	      6.72523917	     -2.80459154	      0.00000000	      0.00000000	     28.13938124	     -5.34055642	     -7.04412451	     21.42449655	    -20.24351458	    126.93592882	     13.81940786	     13.75849117	     -9.07727848	     -1.96779720	     26.41298605	    -18.75021545	    118.65131465	     19.77071084	     34.52609360	    -19.07630767	    -10.53427776
      3.36666667	     -2.80216374	     -1.63995174	     75.48428921	      0.19160207	      0.87540904	      0.59058248	     14.80791989	      2.31052268	     -7.74507039	     25.59389570	      0.44669775	     48.80580783	      6.06659759	      0.00000000	     15.07850145	     -2.16992750	     -0.82523035	     24.33567000	      0.42473757	     50.77681835	      9.50684408	      0.00000000	      0.73165664	      0.62055967	     -0.50624826	      1.35875955	      0.82534436	     -0.53788877	      1.20203870	      1.50882878	     -0.53788877	      0.83621038	      1.50882878	     -0.44296723	      0.67941636	      1.26544527	     -0.41132671	      0.41806861	      0.96124693	     -0.37968619	      5.22615023	      7.01989508	     -2.81560093	      0.00000000	      0.00000000	     28.17476244	     -5.27188347	     -7.83901411	     22.09488800	    -18.48744271	    131.10353615	     13.62756276	     16.32530732	     -7.94486933	     -1.46010824	     27.01070512	    -17.73257315	    116.88796973	     20.71555025	     34.02142495	    -15.85225268	     -8.71707121
      3.38333333	     -2.64940519	     -1.53065044	     75.50071852	      0.19288940	      0.87627125	      0.58844408	     14.52752876	      2.57691163	     -7.21803804	     25.61820815	      0.44712208	     48.89224618	      5.85509850	      0.00000000	     14.76659620	     -2.54714943	     -1.57559442	     24.17267024	      0.42189268	     51.39923818	     10.72975808	      0.00000000	      0.78340222	      0.63463923	     -0.53454847	      1.45485627	      0.84407018	     -0.56795775	      1.28705151	      1.54306183	     -0.56795775	      0.89535040	      1.54306183	     -0.46772991	      0.72746730	      1.29415632	     -0.43432064	      0.44763603	      0.98305617	     -0.40091136	      5.59576373	      7.17916592	     -2.97299825	      0.00000000	      0.00000000	     28.22150999	     -4.30047771	     -7.93904363	     23.37624770	    -15.29866224	    148.91504863	     12.12524020	      7.01761553	     -4.66693086	     -2.37685689	     25.93993322	    -17.60024204	    105.06264133	     21.87989413	     44.05701821	    -11.72035928	     -4.87572326
      3.40000000	     -2.57505961	     -1.43797457	     75.53693447	      0.19380664	      0.87738484	      0.58605774	     14.21196510	      2.69273324	     -6.93408670	     25.51962407	      0.44540146	     48.97470737	      5.94182930	      0.00000000	     14.32614202	     -2.64140533	     -1.63989396	     23.65736461	      0.41289890	     51.74666442	     11.15200397	      0.00000000	      0.85209349	      0.63507558	     -0.51513334	      1.58242282	      0.84465052	     -0.54732917	      1.39990439	      1.54412276	     -0.54732917	      0.97385765	      1.54412276	     -0.45074167	      0.79125401	      1.29504611	     -0.41854584	      0.48688622	      0.98373207	     -0.38635001	      6.08641858	      7.18410193	     -2.86501710	      0.00000000	      0.00000000	     28.25623654	     -2.94372955	     -8.69668329	     24.50481014	    -13.63391630	    150.73638858	     13.19681329	      9.00149958	     -3.78318710	     -2.59456941	     25.95347572	    -15.99316243	    104.83831630	     21.81633136	     43.77512194	    -10.32114952	     -4.10307912
      3.41666667	     -2.35952100	     -1.25276307	     75.27473027	      0.19564284	      0.87860740	      0.58410637	     13.73576434	      3.14276302	     -5.94580909	     25.26022414	      0.44087408	     48.86780227	      5.51122355	      0.00000000	     13.73838404	     -3.30402962	     -3.54389976	     23.24299510	      0.40566679	     52.38075776	     13.59200401	      0.00000000	      0.89401333	      0.65228118	     -0.48098233	      1.66027216	      0.86753397	     -0.51104373	      1.46877450	      1.58595647	     -0.51104373	      1.02176784	      1.58595647	     -0.42085954	      0.83018078	      1.33013179	     -0.39079815	      0.51083922	      1.01038355	     -0.36073675	      6.38584783	      7.37873520	     -2.67507944	      0.00000000	      0.00000000	     28.30575739	     -2.03361917	     -8.66579525	     25.25642267	    -11.36591860	    155.65895046	     12.68388293	     11.45124653	     -3.24794651	     -3.55887229	     25.83193806	    -14.03250757	    104.38215708	     20.32183070	     43.90327261	     -5.06392757	     -4.42176229
      3.43333333	     -2.28759821	     -1.08040448	     75.03351199	      0.19720674	      0.87966535	      0.58172054	     13.23648670	      3.34271758	     -5.30096709	     24.88515797	      0.43432794	     48.90539894	      5.50950825	      0.00000000	     12.90071650	     -3.50200773	     -4.35747670	     22.30444658	      0.38928603	     52.64720981	     14.73985137	      0.00000000	      0.95064918	      0.64625338	     -0.44379565	      1.76545059	      0.85951699	     -0.47153288	      1.56182154	      1.57130046	     -0.47153288	      1.08649695	      1.57130046	     -0.38832120	      0.88277283	      1.31783988	     -0.36058397	      0.54320094	      1.00104648	     -0.33284674	      6.79039204	      7.31054743	     -2.46825828	      0.00000000	      0.00000000	     28.34704943	     -0.98562628	     -9.69862152	     25.83653300	     -9.44164611	    157.62979678	     13.30704326	     12.32435982	     -4.70720491	     -4.25514437	     25.57057219	    -12.11693443	    104.69902345	     19.48082253	     44.86645247	     -4.94728739	     -6.00924573
      3.45000000	     -2.27211777	     -0.98056177	     74.78044429	      0.19889683	      0.88030080	      0.57986115	     12.93348045	      3.56502450	     -4.36244117	     24.60826100	      0.42949518	     48.94110819	      5.19570617	      0.00000000	     12.18614365	     -3.74069103	     -5.60423593	     21.47247522	      0.37476539	     52.86640297	     16.24800338	      0.00000000	      0.99183734	      0.59530901	     -0.32428908	      1.84194113	      0.79176098	     -0.34455715	      1.62948957	      1.44743432	     -0.34455715	      1.13357090	      1.44743432	     -0.28375295	      0.92102015	      1.21395412	     -0.26348488	      0.56673586	      0.92213365	     -0.24321681	      7.08459494	      6.73425453	     -1.80359859	      0.00000000	      0.00000000	     28.37221632	     -2.23612276	    -16.92561516	     25.51931318	     -7.10119959	    163.00465520	     12.60365124	      7.93235414	     -5.68303616	     -5.27034209	     25.45010345	    -10.30756009	    103.90002011	     18.91113058	     46.50975338	     -5.76113784	     -7.74682499
      3.46666667	     -2.21389834	     -0.83792891	     74.52831390	      0.20044373	      0.88068175	      0.57765526	     12.54816832	      3.75801942	     -3.61122668	     24.32786924	      0.42460142	     49.10020444	      5.09726069	      0.00000000	     11.27937881	     -3.82086605	     -6.08365067	     20.49120272	      0.35763896	     52.95294506	     16.81008025	      0.00000000	      1.03151562	      0.58327339	     -0.28799846	      1.91562766	      0.77575361	     -0.30599837	      1.69467702	      1.41817091	     -0.30599837	      1.17891921	      1.41817091	     -0.25199866	      0.95786541	      1.18941109	     -0.23399875	      0.58940803	      0.90349048	     -0.21599885	      7.36801295	      6.59810521	     -1.60176105	      0.00000000	      0.00000000	     28.39267581	     -1.47055099	    -18.61021343	     25.17232691	     -5.32006973	    162.70588780	     12.66935762	      7.48755462	     -7.45750573	     -5.75516948	     24.86674853	     -8.64721122	    102.32385447	     18.80767024	     45.71167635	     -7.27820966	     -9.72079582
      3.48333333	     -2.20958827	     -0.73828318	     74.34915275	      0.20210407	      0.88066319	      0.57589894	     12.29669854	      3.99846269	     -2.53658041	     24.12699896	      0.42109557	     49.24213585	      4.42720277	      0.00000000	     10.49908521	     -3.86560229	     -6.51644396	     19.66835402	      0.34327754	     52.98626462	     17.25054162	      0.00000000	      1.04005966	      0.54568626	     -0.22601699	      1.93149479	      0.72576273	     -0.24014306	      1.70871401	      1.32678157	     -0.24014306	      1.18868418	      1.32678157	     -0.19776487	      0.96579940	      1.11276342	     -0.18363881	      0.59429009	      0.84526802	     -0.16951274	      7.42904212	      6.17291211	     -1.25703871	      0.00000000	      0.00000000	     28.40076901	     -1.99698344	    -23.36968232	     24.44875318	     -3.78171353	    158.63516230	     12.61841802	      7.18400645	     -8.70763697	     -6.60612876	     23.34555884	     -7.90251104	     90.84557358	     20.52564869	     53.43085399	     -8.36128324	     -8.73358687
      3.50000000	     -2.12668059	     -0.58073622	     74.37369107	      0.20275015	      0.88082651	      0.57400353	     11.97586337	      4.14103616	     -1.93849792	     23.97500068	      0.41844270	     49.51613385	      4.09857762	      0.00000000	      9.58217050	     -3.77411812	     -6.19875819	     18.70781338	      0.32651294	     52.82098136	     16.96448815	      0.00000000	      1.04108079	      0.55178472	     -0.27076576	      1.93339114	      0.73387368	     -0.28768862	      1.71039163	      1.34160937	     -0.28768862	      1.18985124	      1.34160937	     -0.23692004	      0.96674762	      1.12519940	     -0.21999718	      0.59487357	      0.85471453	     -0.20307432	      7.43633600	      6.24189911	     -1.50591791	      0.00000000	      0.00000000	     28.40638725	     -1.15728303	    -23.51941475	     23.79909845	     -2.43368474	    154.08922963	     12.71676981	      4.99120490	     -8.20983875	     -8.04597213	     22.54071708	     -6.57479124	     87.51468967	     21.73037376	     50.40704440	     -8.37604868	     -9.75606027
      3.51666667	     -1.54203446	     -0.76691472	     73.99978001	      0.20284126	      0.88058031	      0.57231560	     11.96255938	      4.95688062	     -0.83177425	     23.94312963	      0.41788645	     49.50216371	      3.38041985	      0.00000000	      9.03822934	     -4.46330680	     -6.91699271	     18.25560034	      0.31862033	     52.95922814	     17.35872432	      0.00000000	      1.04618461	      0.64821090	     -0.24309685	      1.94286943	      0.86212050	     -0.25829040	      1.71877669	      1.57605998	     -0.25829040	      1.19568439	      1.57605998	     -0.21270974	      0.97148702	      1.32183167	     -0.19751619	      0.59778988	      1.00407869	     -0.18232263	      7.47279202	      7.33269135	     -1.35203173	      0.00000000	      0.00000000	     28.40755185	     -1.10256221	    -23.63562790	     22.26435088	     -5.99840781	    113.65549449	     19.83761905	     29.47034167	    -10.02611412	     -4.64732078	     20.87482937	     -4.94133409	     78.98223909	     23.63673189	     50.78322529	     -6.84432719	     -8.50648276
      3.53333333	     -1.28485034	     -0.77447243	     74.07408721	      0.20282531	      0.88122377	      0.57104062	     11.82063848	      5.27063910	     -0.48610625	     23.88432029	      0.41686003	     49.51477878	      2.97885272	      0.00000000	      8.25165095	     -4.62001708	     -6.94601454	     17.31892123	      0.30227220	     52.58808997	     17.27893179	      0.00000000	      1.02968155	      0.69030174	     -0.35337708	      1.91222161	      0.91810131	     -0.37546314	      1.69166382	      1.67839965	     -0.37546314	      1.17682305	      1.67839965	     -0.30920494	      0.95616229	      1.40766331	     -0.28711888	      0.58836004	      1.06927739	     -0.26503281	      7.35491236	      7.80883134	     -1.96537729	      0.00000000	      0.00000000	     28.40262684	     -0.42608585	    -23.40222977	     21.19034409	     -5.30335625	    107.12505800	     21.11219899	     23.95211115	     -6.26035244	     -4.87815240	     19.65972182	     -3.60395406	     74.76091409	     25.33406007	     46.29055267	     -4.67976965	     -8.12180819
      3.55000000	     -0.92921901	     -0.75265026	     74.19659031	      0.20253997	      0.88219530	      0.57044874	     11.71670996	      5.70753765	      0.00389915	     23.96496346	      0.41826752	     49.35210450	      2.22958004	      0.00000000	      7.57507443	     -4.87526270	     -6.84134556	     16.56708210	      0.28915013	     52.10752279	     17.02507467	      0.00000000	      0.99602652	      0.74778720	     -0.50099361	      1.84972085	      0.99455698	     -0.53230571	      1.63637197	      1.81816981	     -0.53230571	      1.13835871	      1.81816981	     -0.43836941	      0.92491023	      1.52488767	     -0.40705731	      0.56912955	      1.15832238	     -0.37574521	      7.11451783	      8.45911840	     -2.78637617	      0.00000000	      0.00000000	     28.39248303	      0.40522555	    -22.24583726	     20.19125507	     -4.93227822	    100.16585768	     22.95693215	     18.10067128	     -2.12399398	     -2.52345403	     18.83922877	     -2.45297380	     72.68102442	     26.85170100	     43.21771365	     -1.90519233	     -6.78174694
      3.56666667	     -0.74443377	     -0.59215193	     74.57432928	      0.20173219	      0.88369500	      0.56985672	     11.43528695	      5.88548354	      0.21949801	     23.92982870	      0.41765430	     49.00240836	      1.20538442	      0.00000000	      6.82513030	     -4.84125977	     -6.45808069	     15.69685731	      0.27396184	     51.46906978	     16.68034907	      0.00000000	      0.96015393	      0.78294280	     -0.69600294	      1.78310187	      1.04131393	     -0.73950313	      1.57743690	      1.90364713	     -0.73950313	      1.09735993	      1.90364713	     -0.60900257	      0.89159894	      1.59657697	     -0.56550239	      0.54863196	      1.21277840	     -0.52200221	      6.85828353	      8.85680559	     -3.87095956	      0.00000000	      0.00000000	     28.38332537	      1.60145841	    -20.31961518	     19.24814447	     -4.74848388	     94.59440535	     25.10709130	     13.28776241	      0.10997029	      0.08426422	     18.19646802	     -1.56201698	     72.47768844	     28.01136474	     41.79215503	      0.84786208	     -5.48765043
      3.58333333	     -0.58998084	     -0.44789535	     74.76935104	      0.20128716	      0.88528308	      0.56962787	     11.19727002	      6.16016864	      0.93073616	     23.93871032	      0.41780931	     48.47862670	     -0.32829160	      0.00000000	      6.15770523	     -4.73806167	     -5.57662838	     14.85557754	      0.25927874	     50.73922047	     15.66324673	      0.00000000	      0.93362134	      0.82531325	     -0.92171241	      1.73382820	      1.09766663	     -0.97931944	      1.53384651	      2.00666664	     -0.97931944	      1.06703583	      2.00666664	     -0.80649836	      0.86696078	      1.68297878	     -0.74889134	      0.53347124	      1.27841023	     -0.69128431	      6.66876390	      9.33610857	     -5.12628793	      0.00000000	      0.00000000	     28.37596392	      3.59569493	    -16.40651924	     18.66023579	     -4.72954626	     91.38599375	     27.50427087	     10.99268235	     -0.08016643	      2.01776279	     17.77141162	     -1.11765564	     74.27412328	     28.90132726	     41.28486493	      3.47118159	     -4.86109456
      3.60000000	     -0.63765724	     -0.37966870	     75.05621807	      0.20063202	      0.88666249	      0.56965861	     11.12549092	      6.02929388	      0.68133010	     24.01284586	      0.41910322	     48.12627147	     -0.67297639	      0.00000000	      5.79476977	     -4.56819913	     -5.48757013	     14.21280828	      0.24806030	     50.14557302	     15.73759487	      0.00000000	      0.91585344	      0.82089356	     -1.12221289	      1.70083143	      1.09178844	     -1.19235119	      1.50465562	      1.99592061	     -1.19235119	      1.04672890	      1.99592061	     -0.98193628	      0.85046151	      1.67396615	     -0.91179797	      0.52331866	      1.27156413	     -0.84165967	      6.54184955	      9.28611216	     -6.24141142	      0.00000000	      0.00000000	     28.37308037	      4.28529302	    -16.18320736	     18.53307285	     -4.93030342	     91.31312842	     29.61442993	     10.77138476	      0.52435578	      1.77754120	     17.26689925	     -1.14093649	     75.90032233	     30.14181063	     42.12121722	      4.85265636	     -3.87363528
      3.61666667	     -0.81072886	     -0.09443739	     75.50223542	      0.19982419	      0.88827266	      0.56946138	     10.73577282	      5.75572865	      0.51904611	     23.87827246	      0.41675447	     47.71214180	     -1.43006548	      0.00000000	      5.18186501	     -3.97589438	     -3.62565155	     13.33253100	      0.23269656	     49.22523537	     13.94963293	      0.00000000	      0.88815036	      0.79643367	     -1.30099892	      1.64938404	      1.05925678	     -1.38231136	      1.45914223	      1.93644881	     -1.38231136	      1.01506705	      1.93644881	     -1.13837406	      0.82473643	      1.62408753	     -1.05706163	      0.50748912	      1.23367575	     -0.97574919	      6.34396922	      9.00941691	     -7.23576572	      0.00000000	      0.00000000	     28.36973164	      5.51585622	    -14.56030174	     18.68605361	     -5.10778271	     93.61660326	     31.22801651	     10.44565228	      0.34650429	      0.11389173	     17.37124156	     -0.81418084	     79.02913464	     29.80444326	     43.39598964	      8.31451138	     -2.79482807
      3.63333333	     -0.99043012	     -0.06093064	     75.66666105	      0.19927375	      0.88908683	      0.56931681	     10.72208003	      5.48618302	      0.17106357	     23.93975381	      0.41782753	     47.50626999	     -1.50990309	      0.00000000	      4.99863171	     -3.63901746	     -3.04446352	     12.88323338	      0.22485484	     48.76149218	     13.40287347	      0.00000000	      0.88858227	      0.77012057	     -1.35476640	      1.65018614	      1.02426035	     -1.43943930	      1.45985182	      1.87247114	     -1.43943930	      1.01556068	      1.87247114	     -1.18542060	      0.82513750	      1.57042986	     -1.10074770	      0.50773591	      1.19291676	     -1.01607480	      6.34705432	      8.71175786	     -7.53480428	      0.00000000	      0.00000000	     28.37370869	      5.63004852	    -15.24414431	     19.01324223	     -5.55680049	     96.58991411	     32.57325380	     13.01180523	      0.65482303	     -2.10961434	     17.27233062	     -0.72376651	     81.31341187	     30.17625946	     44.42206928	      9.17000840	     -1.38994869
      3.65000000	     -1.10339324	     -0.11793273	     75.64654989	      0.19879284	      0.88942865	      0.56925839	     10.84789422	      5.32083593	     -0.08451359	     24.04981927	      0.41974853	     47.46221970	     -1.41049266	      0.00000000	      5.05057758	     -3.43150704	     -2.70927994	     12.79038999	      0.22323442	     48.52610945	     12.90646357	      0.00000000	      0.89061475	      0.75592534	     -1.30966256	      1.65396064	      1.00538071	     -1.39151647	      1.46319096	      1.83795688	     -1.39151647	      1.01788359	      1.83795688	     -1.14595474	      0.82702485	      1.54148296	     -1.06410083	      0.50889727	      1.17092836	     -0.98224692	      6.36157206	      8.55117869	     -7.28395028	      0.00000000	      0.00000000	     28.37781596	      5.11958558	    -16.43427240	     19.53574117	     -5.99367475	     99.56476069	     33.47518465	     16.54688764	      1.01429864	     -4.05380516	     17.32877659	     -0.56005660	     83.22973273	     30.41325985	     45.42904564	      9.15073917	     -0.14118037
      3.66666667	     -1.11578538	     -0.38641299	     75.55307643	      0.19830109	      0.88914515	      0.56933111	     11.25794965	      5.31463444	     -0.35060976	     24.25451227	      0.42332110	     47.54167870	     -1.14822986	      0.00000000	      5.39834363	     -3.41094961	     -2.45691312	     12.89933155	      0.22513581	     48.46080322	     12.39649686	      0.00000000	      0.90750741	      0.75573484	     -1.20583591	      1.68533200	      1.00512733	     -1.28120066	      1.49094392	      1.83749368	     -1.28120066	      1.03719021	      1.83749368	     -1.05510642	      0.84271138	      1.54109448	     -0.97974168	      0.51854973	      1.17063326	     -0.90437693	      6.48223465	      8.54902361	     -6.70649760	      0.00000000	      0.00000000	     28.37937068	      4.01883777	    -18.60779093	     20.06512459	     -6.40139905	    101.73867959	     34.04562920	     20.81927775	      1.52905547	     -6.15099142	     17.32376752	     -0.49451506	     84.13624944	     30.70362399	     45.92982105	      8.65660744	      0.53734965
      3.68333333	     -1.24896999	     -0.54291830	     75.69156702	      0.19768131	      0.88875931	      0.56942942	     11.48317286	      5.08067790	     -1.01563723	     24.27092494	      0.42360755	     47.78671604	     -0.49081826	      0.00000000	      5.77121594	     -3.22600848	     -1.99064934	     13.17240706	      0.22990187	     48.40050629	     11.74403745	      0.00000000	      0.89443412	      0.71000664	     -1.03147623	      1.66105361	      0.94430883	     -1.09594350	      1.46946582	      1.72631014	     -1.09594350	      1.02224876	      1.72631014	     -0.90254170	      0.83057153	      1.44784554	     -0.83807444	      0.51107966	      1.09980028	     -0.77360718	      6.38885349	      8.03173710	     -5.73676137	      0.00000000	      0.00000000	     28.37549209	      1.79547537	    -23.99150188	     19.18735175	     -7.05134118	     97.44959124	     34.44473202	     29.17961182	      1.77322913	     -6.29892617	     17.42064413	     -0.63277901	     84.27989741	     30.96429603	     45.75086828	      8.35945727	      0.82068497
      3.70000000	     -1.25331752	     -0.64853334	     75.82396561	      0.19719156	      0.88833552	      0.56997723	     11.56697085	      5.10735320	     -1.19481130	     24.14899323	      0.42147944	     47.86419320	     -0.58978531	      0.00000000	      5.95552600	     -3.24280110	     -1.99794934	     13.21270110	      0.23060514	     48.35042798	     11.72570009	      0.00000000	      0.88589046	      0.70372683	     -0.96534880	      1.64518717	      0.93595668	     -1.02568310	      1.45542944	      1.71104141	     -1.02568310	      1.01248421	      1.71104141	     -0.84468020	      0.82263788	      1.43503975	     -0.78434590	      0.50619781	      1.09007286	     -0.72401160	      6.32782696	      7.96069862	     -5.36898043	      0.00000000	      0.00000000	     28.36592175	      1.67667961	    -24.03735202	     19.50172987	     -7.08493004	     97.32190742	     34.64500156	     29.16150945	      1.80966015	     -6.38583175	     17.64283511	     -0.85107284	     83.99751334	     31.01746856	     45.60894841	      8.32705677	      0.68794456
      3.71666667	     -1.19155188	     -0.93732529	     75.97536036	      0.19600055	      0.88763320	      0.57116698	     11.98715364	      5.00329369	     -2.23946729	     24.27477521	      0.42367475	     47.97444949	      0.38495432	      0.00000000	      6.97054690	     -3.44261346	     -2.46777851	     14.46331053	      0.25243239	     48.71746647	     11.96671288	      0.00000000	      0.86068210	      0.69668436	     -0.87905584	      1.59837273	      0.92659019	     -0.93399683	      1.41401462	      1.69391834	     -0.93399683	      0.98367357	      1.69391834	     -0.76917386	      0.79922940	      1.42067874	     -0.71423287	      0.49179375	      1.07916407	     -0.65929188	      6.14776616	      7.88103277	     -4.88904485	      0.00000000	      0.00000000	     28.34762660	     -0.63579277	    -28.37660182	     19.52443425	     -7.72850441	     94.98113665	     36.05413817	     26.45498913	      1.00895590	     -5.70651652	     17.34498286	     -1.46738722	     81.08727367	     32.20132020	     43.79954213	      7.14655405	      1.79185130
      3.73333333	     -1.14342624	     -1.15028056	     75.93161721	      0.19532200	      0.88728362	      0.57229537	     12.21680450	      5.00475253	     -2.78434482	     24.21788600	      0.42268185	     47.87634562	      0.83461012	      0.00000000	      7.53474885	     -3.60137765	     -2.90593251	     15.07123805	      0.26304273	     48.80400471	     12.05671144	      0.00000000	      0.84740847	      0.70393372	     -0.83411128	      1.57372227	      0.93623184	     -0.88624323	      1.39220738	      1.71154444	     -0.88624323	      0.96850314	      1.71154444	     -0.72984737	      0.78690351	      1.43546164	     -0.67771541	      0.48420920	      1.09039333	     -0.62558346	      6.05295398	      7.96303900	     -4.63907670	      0.00000000	      0.00000000	     28.32067895	     -1.32977851	    -29.01529704	     19.64014832	     -7.94912482	     93.14208206	     36.68302795	     24.15118010	      0.68140339	     -5.24594543	     17.20337424	     -1.88389353	     78.95813973	     32.62251898	     42.98837945	      6.78385072	      1.57034848
      3.75000000	     -1.06712638	     -1.18510745	     75.92950705	      0.19471665	      0.88725385	      0.57370863	     12.16492279	      4.91618452	     -3.73977331	     23.98891837	      0.41868561	     47.78566769	      1.84744577	      0.00000000	      7.94727366	     -3.80505939	     -3.62535048	     15.72282127	      0.27441500	     48.93242663	     12.58430311	      0.00000000	      0.79893932	      0.70898483	     -0.84970912	      1.48371021	      0.94294982	     -0.90281594	      1.31257741	      1.72382571	     -0.90281594	      0.91310775	      1.72382571	     -0.74349548	      0.74189505	      1.44576186	     -0.69038866	      0.45651393	      1.09821750	     -0.63728184	      5.70674366	      8.02017818	     -4.72582719	      0.00000000	      0.00000000	     28.28230739	     -1.80819537	    -28.92895543	     20.03372028	     -7.93925430	     91.95851718	     37.26985843	     21.36551783	     -0.15233051	     -4.63661159	     16.93370496	     -2.49411800	     75.82060858	     33.50375461	     42.93273109	      6.16844601	      2.59814778
      3.76666667	     -1.00004557	     -1.21453361	     75.66842186	      0.19478361	      0.88740748	      0.57506530	     12.02040707	      5.01115802	     -3.86050115	     23.56217902	      0.41123760	     47.49896353	      2.20281170	      0.00000000	      8.17215973	     -3.94843095	     -3.91883766	     16.11679853	      0.28129120	     48.90245142	     12.36740747	      0.00000000	      0.75148399	      0.71464065	     -0.83854939	      1.39558091	      0.95047206	     -0.89095873	      1.23461304	      1.73757727	     -0.89095873	      0.85887105	      1.73757727	     -0.73373072	      0.69782803	      1.45729521	     -0.68132138	      0.42939795	      1.10697836	     -0.62891205	      5.36777496	      8.08415791	     -4.66376017	      0.00000000	      0.00000000	     28.23382689	     -2.29365549	    -28.47358315	     20.23497604	     -7.72201701	     90.87543121	     37.22468803	     20.77894309	     -0.34891105	     -4.98191243	     16.94477577	     -3.01283401	     74.29211350	     33.89438079	     42.35358955	      6.16180072	      2.13089308
      3.78333333	     -0.95139082	     -1.32716778	     75.33994824	      0.19484617	      0.88756378	      0.57621606	     11.83892152	      5.08482160	     -4.09731593	     22.89257468	      0.39955080	     47.20196095	      2.75170357	      0.00000000	      8.43365713	     -4.09370773	     -4.18515032	     16.45211432	      0.28714356	     48.88166184	     12.27690815	      0.00000000	      0.71928525	      0.72518246	     -0.84505007	      1.33578464	      0.96449267	     -0.89786570	      1.18171374	      1.76320862	     -0.89786570	      0.82207112	      1.76320862	     -0.73941881	      0.66792829	      1.47879206	     -0.68660318	      0.41099959	      1.12330762	     -0.63378755	      5.13778264	      8.20340898	     -4.69991497	      0.00000000	      0.00000000	     28.15825301	     -2.99606475	    -27.78839331	     20.25855475	     -7.51907807	     89.79608225	     37.22884636	     20.32510252	     -0.74492350	     -4.97232089	     16.69037250	     -3.32142741	     72.29720962	     34.17106658	     41.51997590	      5.90517961	      2.17085482
      3.80000000	     -0.96361335	     -1.50568714	     75.12695242	      0.19485041	      0.88740455	      0.57779595	     11.97506033	      5.13701541	     -4.11763142	     22.62989219	      0.39496613	     47.01880914	      2.91976863	      0.00000000	      8.65668587	     -4.16795596	     -4.17046191	     16.39663161	      0.28617521	     48.87230954	     12.31525730	      0.00000000	      0.69231426	      0.71555233	     -0.85167084	      1.28569681	      0.95168460	     -0.90490027	      1.13740309	      1.73979393	     -0.90490027	      0.79124596	      1.73979393	     -0.74521199	      0.64288302	      1.45915431	     -0.69198256	      0.39558837	      1.10839056	     -0.63875313	      4.94513151	      8.09447106	     -4.73673772	      0.00000000	      0.00000000	     28.06939091	     -3.21952510	    -27.59433582	     20.51663781	     -7.34822395	     89.53911918	     37.29288367	     20.29754559	     -0.80050378	     -5.00105734	     17.00199956	     -3.54750927	     71.84763266	     34.10506082	     41.36671663	      5.79953619	      2.20564259
      3.81666667	     -0.78050731	     -1.72763256	     74.72557563	      0.19516330	      0.88737404	      0.57740343	     11.36698833	      5.05613946	     -6.05831090	     21.31948784	      0.37209526	     47.09648587	      5.87914003	      0.00000000	      8.80591896	     -4.56088745	     -4.92569631	     16.58451996	      0.28945448	     49.16011289	     13.08946885	      0.00000000	      0.69392656	      0.76888947	     -0.93391121	      1.28869101	      1.02262300	     -0.99228066	      1.14005194	      1.86947787	     -0.99228066	      0.79308866	      1.86947787	     -0.81717231	      0.64438020	      1.56791942	     -0.75880286	      0.39650963	      1.19100980	     -0.70043341	      4.95664801	      8.69783152	     -5.19413397	      0.00000000	      0.00000000	     28.01060177	     -4.51851407	    -24.91376652	     20.02227800	     -7.29540098	     87.79264545	     37.36181651	     22.20660771	     -1.62882849	     -3.85149390	     14.87036972	     -3.52491377	     64.55374722	     35.38039241	     43.71386245	      4.29092895	      5.34278429
      3.83333333	     -0.78383207	     -1.84100812	     74.06419866	      0.19608553	      0.88728476	      0.57799053	     10.91523975	      5.14012243	     -6.12960350	     20.22541529	      0.35300009	     46.94509317	      6.81791987	      0.00000000	      8.65336642	     -4.49831753	     -4.11449853	     16.25307030	      0.28366959	     49.00278004	     11.66525933	      0.00000000	      0.66423808	      0.76685251	     -0.81717492	      1.23355653	      1.01991383	     -0.86824835	      1.09127673	      1.86452518	     -0.86824835	      0.75915770	      1.86452518	     -0.71502805	      0.61681148	      1.56376563	     -0.66395462	      0.37954564	      1.18785453	     -0.61288119	      4.74458615	      8.67478891	     -4.54488174	      0.00000000	      0.00000000	     27.92445096	     -6.56418279	    -25.92912817	     19.76721290	     -7.16711406	     86.94093017	     36.99648169	     23.04673998	     -1.27706986	     -4.07965699	     14.81623069	     -3.48613194	     63.79283329	     35.40929155	     43.78602658	      4.22019033	      5.69682015
      3.85000000	     -0.75429296	     -1.88898131	     73.20386580	      0.19786259	      0.88732994	      0.57806991	     10.10926588	      5.38366986	     -5.64866912	     18.67778110	      0.32598878	     46.60544465	      7.41764349	      0.00000000	      8.18313353	     -4.72314885	     -5.10044481	     15.70698647	      0.27413863	     49.02196912	     12.08556833	      0.00000000	      0.63465495	      0.76347807	     -0.67074675	      1.17861770	      1.01542584	     -0.71266842	      1.04267461	      1.85632059	     -0.71266842	      0.72534714	      1.85632059	     -0.58690341	      0.58934058	      1.55688449	     -0.54498173	      0.36264184	      1.18262753	     -0.50306006	      4.53327682	      8.63661665	     -3.73049220	      0.00000000	      0.00000000	     27.82284179	     -8.32744757	    -26.78293501	     19.70613801	     -7.05865768	     86.81395607	     36.84705525	     23.41383162	     -1.33855885	     -3.87126811	     14.58433438	     -3.48918240	     63.36929458	     35.57468042	     43.67990454	      3.78799213	      5.66146081
      3.86666667	     -0.80102586	     -2.03362134	     72.39164214	      0.20001583	      0.88704293	      0.57861388	      9.35219522	      5.68617196	     -4.60180230	     16.94230199	      0.29569895	     46.11467203	      7.47374160	      0.00000000	      7.96031785	     -5.03618444	     -6.75863084	     15.41672279	      0.26907257	     49.06227777	     13.13618517	      0.00000000	      0.57939838	      0.71320629	     -0.40081859	      1.07600073	      0.94856437	     -0.42586975	      0.95189360	      1.73408978	     -0.42586975	      0.66219441	      1.73408978	     -0.35071627	      0.53802934	      1.45437028	     -0.32566510	      0.33106823	      1.10475655	     -0.30061394	      4.13858469	      8.06793225	     -2.22923275	      0.00000000	      0.00000000	     27.63240543	    -11.79011865	    -33.92155145	     19.40664637	     -7.13972632	     85.30191777	     36.96294103	     25.00816236	     -0.92382799	     -3.85871408	     14.88561637	     -3.62907280	     63.89259326	     35.77536991	     45.51161052	      4.34502050	      6.01803135
      3.88333333	     -0.80871015	     -2.02340531	     71.23787000	      0.20292296	      0.88701034	      0.57811320	      8.05655840	      5.95520931	     -3.55293618	     14.68982749	      0.25638586	     45.49239800	      8.16815717	      0.00000000	      7.01715411	     -5.15298215	     -7.81329367	     14.37046303	      0.25081189	     48.66407907	     12.79862083	      0.00000000	      0.55363948	      0.68943136	     -0.06405977	      1.02816389	      0.91694372	     -0.06806351	      0.90957431	      1.67628342	     -0.06806351	      0.63275457	      1.67628342	     -0.05605230	      0.51410963	      1.40588844	     -0.05204856	      0.31634960	      1.06792918	     -0.04804483	      3.95459148	      7.79898548	     -0.35628123	      0.00000000	      0.00000000	     27.61196380	    -13.46780125	    -36.32170961	     19.55633917	     -7.44022573	     85.65670478	     37.14918785	     25.35800215	     -0.02901236	     -4.01961213	     15.23028985	     -3.56869546	     65.68149096	     35.75000025	     47.48643664	      5.05695093	      6.18103252
      3.90000000	     -1.07279590	     -2.21802661	     70.02699672	      0.20643007	      0.88640115	      0.57759193	      6.91013576	      6.21039522	     -0.76290634	     12.18438675	      0.21265767	     44.51601687	      7.06674437	      0.00000000	      6.34139076	     -5.09501724	     -9.18030170	     13.38579196	      0.23362614	     48.01590877	     12.24494990	      0.00000000	      0.55525181	      0.62376975	      0.38166900	      1.03115813	      0.82961377	      0.40552331	      0.91222319	      1.51663378	      0.40552331	      0.63459729	      1.51663378	      0.33396037	      0.51560683	      1.27199128	      0.31010606	      0.31727088	      0.96621935	      0.28625175	      3.96610812	      7.05620819	      2.12272846	      0.00000000	      0.00000000	     27.55758392	    -15.73137618	    -42.02493107	     19.69578699	     -7.94644735	     85.64306390	     37.74521514	     25.84313527	      1.15896876	     -4.29708391	     15.83049663	     -3.60565765	     68.32765863	     35.61977908	     51.86542030	      7.46744609	      5.49145495
