RHip_x,RHip_y,RHip_z,RKnee_x,RKnee_y,RKnee_z,RAnkle_x,RAnkle_y,RAnkle_z,RBigToe_x,RBigToe_y,RBigToe_z,RSmallToe_x,RSmallToe_y,RSmallToe_z,RHeel_x,RHeel_y,RHeel_z,LHip_x,LHip_y,LHip_z,LKnee_x,LKnee_y,LKnee_z,LAnkle_x,LAnkle_y,LAnkle_z,LBigToe_x,LBigToe_y,LBigToe_z,LSmallToe_x,LSmallToe_y,LSmallToe_z,LHeel_x,LHeel_y,LHeel_z,Neck_x,Neck_y,Neck_z,Head_x,Head_y,Head_z,Nose_x,Nose_y,Nose_z,RShoulder_x,RShoulder_y,RShoulder_z,RElbow_x,RElbow_y,RElbow_z,RWrist_x,RWrist_y,RWrist_z,RThumb_x,RThumb_y,RThumb_z,RIndex_x,RIndex_y,RIndex_z,RPinky_x,RPinky_y,RPinky_z,LShoulder_x,LShoulder_y,LShoulder_z,LElbow_x,LElbow_y,LElbow_z,LWrist_x,LWrist_y,LWrist_z,LThumb_x,LThumb_y,LThumb_z,LIndex_x,LIndex_y,LIndex_z,LPinky_x,LPinky_y,LPinky_z,Time
0.3176276055722855,0.7708680876102184,0.6311281569583099,0.30658785277844636,0.34091243409576405,0.6988407291796479,0.3054444298355338,-0.03617566856862435,0.7356406667327048,0.2824309733905493,-0.0754343751943419,0.5720540484782926,0.3409191237194026,-0.050485553992165644,0.5753148793509029,0.28258173663206276,-0.11635905062910629,0.8223379817962468,0.10418421440260486,0.7746681267698774,0.6474967044886926,0.1035194147272022,0.32124098478250956,0.7178218139035492,0.10227334678848943,-0.03870612288939343,0.7360683922000986,0.11526783912922518,-0.06922928978473608,0.5747216698066723,0.06076169022360734,-0.06305037558032246,0.6177883026247977,0.10715867831596478,-0.08758951204986126,0.7751697766936746,0.23972813259225464,1.4051663828057497,0.6373988667186932,0.25470290478259466,1.6564062903099481,0.6840239920141788,0.24425448840113992,1.5568666739710058,0.596716629550688,0.3927300488214235,1.2679878674138827,0.6524415887075234,0.40941917676376927,1.0425147445605285,0.5198542479748093,0.24459954934011957,0.9386402934892983,0.3786052325653917,0.125643968478882,0.9062788272990069,0.4021870421814905,0.14092344901753343,0.857617491761079,0.4039186600168382,0.1822035548554131,0.8242739024030065,0.3322077501760353,0.06882325249761963,1.2865414426213548,0.6261832727394792,0.08813892291808154,1.041912410976643,0.5081206316170632,0.1770974710389271,0.888156005402841,0.4010122118268592,0.2547083155030703,0.7949972948616488,0.39367403455616057,0.24181146315691357,0.7799828455429375,0.4066225649476426,0.21176629150221324,0.7849147705202087,0.36256060209340457,0.0
0.31866808579485284,0.7697735266466808,0.6363515663871763,0.3074754138793529,0.34256594109638394,0.6933958209183374,0.3044850258985258,-0.03890465014846538,0.7389990531541106,0.28455508152647935,-0.07999909500973575,0.5792629872850856,0.3416318966088213,-0.05751716313947905,0.5861144088039131,0.28319500140945686,-0.11757763261379439,0.8241958152355789,0.10425447332303293,0.7726481093555013,0.6495364625412963,0.10415709411449359,0.3236457212602233,0.7144609313699493,0.10204974398264345,-0.03707954814676441,0.7356191045201786,0.1146203404787942,-0.07053090859612905,0.5766438898016585,0.058540547377354396,-0.06284357993400788,0.6172851507208484,0.10665604411215815,-0.0866211876241087,0.7725728166484179,0.23834463908967152,1.4018816671114331,0.6440179358181313,0.257184021045324,1.6562634015106914,0.6906115123972258,0.24437591655478327,1.5558306302274671,0.5967602109452612,0.3929917403614156,1.2687706269756782,0.6536099231593776,0.40969849081842497,1.041466550723124,0.5204185121251548,0.24991877330287868,0.9281740446725603,0.38553723412309104,0.1281752831623613,0.8942673338461774,0.3994741172866596,0.13887074525976095,0.8605856249142179,0.4011514382962401,0.1868536329134863,0.8144720427077824,0.34052062722374254,0.07175594292091976,1.2843396857324498,0.6377976689403305,0.08827899811921394,1.0516962977351763,0.5167051283306067,0.17501054826123494,0.8907878636357214,0.4041140702991369,0.24520359494886912,0.8007357452283991,0.39933527348705844,0.23674382932512056,0.7768647451652708,0.43120282029322743,0.20958944331642979,0.780441538785053,0.390476363139858,0.0208333333333333
0.31942394926314804,0.7691243322138437,0.6406826806867001,0.3081841700149427,0.34426018434343697,0.6883798591822461,0.3037186865835604,-0.04118016200925481,0.741900375493509,0.2858762875799272,-0.08278975031146744,0.5837383823779768,0.341779427689561,-0.062434567942842426,0.593959164651955,0.28374609578700255,-0.11867979357745789,0.8258956095135354,0.10431523964975102,0.7711048562834615,0.6513151465303587,0.10474215108692089,0.3258302761701768,0.7114855098529234,0.10185200114605489,-0.03565935886998578,0.735215149210869,0.11440827791038713,-0.07095873972825978,0.5772727675375973,0.0571477155571426,-0.0626859561021526,0.6169154698079327,0.10631293941366877,-0.08580165303054008,0.7705543589910258,0.23728273794158855,1.3999163021098366,0.6484139142666011,0.25899454859723536,1.6561658852282004,0.6946909941203117,0.2444153355966292,1.5557402724414628,0.5968816351391828,0.3931366858559685,1.2687832701078212,0.6541622392056147,0.41010323337694027,1.0404440813234035,0.5224491440493,0.2543450009480257,0.9188712239317843,0.39227382133673716,0.13031945871288134,0.8844493041949637,0.3985899692580888,0.13856954502934235,0.8590730421056876,0.40142389671800327,0.18974789902200612,0.8054557608069709,0.3510595763095817,0.07367610624501952,1.2829946208930603,0.6454445288638586,0.08789342840976226,1.0562769008906938,0.5243267800576525,0.1735106764365152,0.8895672727680168,0.40916349482976705,0.23857423359886104,0.8024442684875167,0.4092781856849441,0.23323690689255194,0.7730476279738513,0.4493176231082151,0.20889037280502465,0.7763847346526594,0.4080168858486939,0.0416666666666666
0.3199211556900422,0.7688721630169153,0.6441885004411063,0.30872454921559633,0.34597647576318347,0.6837733418173024,0.30312707617603224,-0.04303637037381845,0.7443720819964164,0.2865128190853349,-0.08408654159949085,0.5858892242583312,0.3415189710712179,-0.06560036497584967,0.599306145513236,0.2842364771344617,-0.1196675776788358,0.8274365310804559,0.10436711486234518,0.7699952806366452,0.6528502278191037,0.10527702405048085,0.32780054773949013,0.7088739559466058,0.10167854155761838,-0.03443204698195382,0.7348541287953482,0.1145228128328932,-0.07072984162816083,0.5769282735549639,0.056421681675292726,-0.06257104331680792,0.6166617605307945,0.10611376998621237,-0.08511824255483355,0.7690614630888623,0.2365088919306021,1.3990711263394078,0.6509952488789025,0.2602743560852504,1.6561042193469666,0.6968430639923147,0.24439262471252368,1.5563825745727948,0.5970533440964434,0.3931455248031632,1.2682588349379502,0.6541188484226769,0.4105900399870576,1.039433454545797,0.5255933279685148,0.2579477468008572,0.9107653407882554,0.3986770910487948,0.13212198897620164,0.8766206653853281,0.3990622912995898,0.13969012958517704,0.8539850131662734,0.40426141685245914,0.1913200842469597,0.7972810889900273,0.36291837284952033,0.07476930014276109,1.2823631484382654,0.6498632141619967,0.08711661324946435,1.0569104811228427,0.5309426626141137,0.17249774468408033,0.8856230171719406,0.4155070833220609,0.2342694762631025,0.8010661218428978,0.42212355617584046,0.2308654321584556,0.7689016069965561,0.4619491408673051,0.2092541949943553,0.7728042589440263,0.41728739619015376,0.0625
0.3201856647884067,0.7689686777611039,0.6469360262346195,0.30910697951169436,0.34769612728188387,0.6795567666694348,0.30269185896133577,-0.044507441464982145,0.7464416209083488,0.28658290357714405,-0.08416966937375983,0.5861245034275148,0.3410077808633887,-0.06737715081209447,0.6026123500059637,0.28466760282159626,-0.12054302907666753,0.8288177463866794,0.10441070044040149,0.7692762954979396,0.6541591777707558,0.10576415141117017,0.3295624341952834,0.7066046762451316,0.10152778849622854,-0.03338410440556579,0.734533645796794,0.11485510665520159,-0.07006127274286447,0.5759303783942341,0.056200932644125554,-0.06249238081002531,0.6165065235341785,0.10604294159550468,-0.0845582904826675,0.7680411883092915,0.23598956383930852,1.3991469783385948,0.652170386469835,0.2611633121562907,1.6560688817514806,0.6976483488221124,0.24432766308831266,1.5575445105812662,0.5972477797810342,0.3929988967010808,1.2674303595937042,0.6535000623870066,0.4111155461965197,1.0384207885747347,0.5294982481040693,0.2607965253866699,0.9038899047632591,0.40460914010172844,0.13362836779808174,0.8705773444572326,0.40041877661497394,0.14190278018616437,0.8462268079267609,0.40918938026993906,0.19200391965433433,0.7900040595464066,0.3751907922595262,0.07522108228698661,1.2823021687031435,0.6517930864866774,0.08608295209805805,1.0548532991112693,0.5365098518159033,0.1718716421232429,0.8800838812197062,0.4224914336793298,0.23173856775164986,0.7975445624984392,0.43649216998577034,0.2292041414220794,0.7647967952612619,0.4700795410451968,0.21026602491077914,0.7697600124801512,0.42039312013447927,0.0833333333333333
0.3202434362711128,0.7693655351516182,0.6489922586514653,0.3093418889336173,0.34940045082579885,0.6757106315845718,0.3023946992248654,-0.04562754150557216,0.7481364404748226,0.2862047685897974,-0.08331933413423354,0.5848532103868931,0.34040311117567046,-0.06812752202517469,0.6043347767483459,0.28504093021816806,-0.12130819192969233,0.8300384218825458,0.10444659786350598,0.7689048139502322,0.6552594677485389,0.10620597157498558,0.3311218337646771,0.7046560773426354,0.10139816524077999,-0.032502023063717925,0.7342513027383848,0.1152963207862018,-0.06917009151940792,0.5745990525958836,0.056323955375962007,-0.06244350781386002,0.6164322594628299,0.1060848600072614,-0.08410913109972029,0.7674405940196775,0.23569121645030483,1.399944696645844,0.6523477738541994,0.2618012854572785,1.656050350326233,0.6976874754185842,0.24424032990984268,1.5590130544266776,0.5974373841569461,0.3926774410478031,1.2665308822027206,0.6523261926750472,0.41163638755306997,1.0373922015946453,0.5338110886772343,0.2629608512307611,0.8982784253780777,0.40993206533800336,0.13488408902428142,0.866115268450636,0.40218711840805316,0.14487777809120403,0.8367036962179326,0.4157331685407745,0.19223313631011762,0.7836807047655613,0.3869706099555671,0.07521701035053843,1.282668582022772,0.651973507489835,0.08492684441528142,1.0513616155356191,0.5409854234789347,0.17153225787331583,0.8740786492835252,0.4294631438048855,0.23043075287456005,0.7928228476580349,0.4510048121407568,0.22782777098267182,0.7611033057958426,0.4746909911165902,0.2115109775806541,0.7673118960820301,0.41943928365191263,0.1041666666666666
0.3201204298510317,0.7700143938936659,0.6504241982758681,0.30943970551174566,0.3510707583211886,0.6722154344086417,0.3022172612520157,-0.04643083671841387,0.7494839889413546,0.2853808802091594,-0.08170756183466826,0.5821255421562513,0.33985686285313166,-0.06850534220410487,0.6052010010398707,0.28535791669393895,-0.12196511039664937,0.8310977240183942,0.10447540861124474,0.7688377490764102,0.6561685691156774,0.1066049229479238,0.33248464467479066,0.7030065658332515,0.10128809507016734,-0.03177229487930726,0.7340047021432983,0.11572261087720868,-0.0683540533369133,0.5733206961710614,0.056597623209949856,-0.06243177504657851,0.6164510702087953,0.10622393098719828,-0.08375809869167006,0.7672067395873841,0.2354357256692582,1.4013364076751276,0.6522441858292584,0.26241577542115935,1.6560329847987,0.6980239359684679,0.24400609662258566,1.5604781766083768,0.597549112611848,0.3919866538295529,1.266110316508313,0.6501634627982695,0.4120948429479169,1.0362005894078279,0.537767876995198,0.26429283210402726,0.894281557140876,0.4142616049455282,0.13582701898973432,0.8630388062443353,0.40393840315778123,0.14824950716709626,0.8268683406931236,0.4234951955032603,0.19301951736091177,0.7788214168781266,0.3957671869502944,0.07502412973461432,1.2831999030309391,0.6514383944014449,0.08393246751317086,1.0486263155268913,0.5441418722935495,0.17156690483564296,0.8695992515109111,0.4348579204393986,0.22947626488488285,0.787940204348315,0.463055655579946,0.22653156148633563,0.758638655438169,0.4766217452059156,0.21213929125776565,0.7655561215681418,0.41745881649079064,0.125
0.31984260524103464,0.7708669126924558,0.651298845692053,0.30941085727645995,0.3526883616943136,0.6690516729875732,0.30214120932818117,-0.046951493326333554,0.7505117145534607,0.2844941073097724,-0.08025893048530158,0.5792506801155338,0.33981049129860175,-0.06879874151701666,0.6054187697596952,0.28562001961867084,-0.12251582863627788,0.8319948192445642,0.10449773416320383,0.7690320139593607,0.6569039532353955,0.10696344393598156,0.3336567651527449,0.7016345483111147,0.1011960012632852,-0.031181411775230275,0.7337914465347128,0.11594585277465039,-0.06806538337345343,0.5727006951454732,0.05676311402396915,-0.062426027843284236,0.6164803729119783,0.10644456030103104,-0.08349252754419523,0.7672866843797755,0.23549374293513647,1.4029534450511156,0.6518315335766209,0.263083553870041,1.65600720990756,0.6988252498511461,0.24381402399653726,1.5618929368142471,0.5977036181634108,0.391063986535768,1.266119742820079,0.6474526192977623,0.41258349690694784,1.0349972022146736,0.5415253988686962,0.265252260874562,0.8916440654071826,0.4178125734559267,0.13692686593309963,0.8610716268476517,0.4044498164438721,0.15204870007641663,0.8163904288505112,0.4334121146376596,0.1946461412605,0.7749500010736697,0.4021273542512675,0.07478438895083278,1.2839943731275787,0.6508803096637682,0.0830607209248528,1.0472646839556154,0.5459369679051654,0.17176023917517294,0.8674061331048294,0.4390447535473358,0.22854886325293136,0.7844708861997743,0.4721648803332133,0.22366980585180532,0.7573089007632309,0.4775552349835327,0.21226071562107054,0.7644982425820986,0.41660211656914925,0.1458333333333333
0.31943592215399297,0.7718747502531962,0.6516832014842451,0.3092657722581408,0.35423457287143423,0.6661998451672946,0.3021482077387563,-0.04722367755215702,0.7512470655566574,0.28367383934655205,-0.07888793943426685,0.5766007765067714,0.3401450697440379,-0.068964396641279,0.6055749237948166,0.28582869636212566,-0.12296239080731686,0.8327288740113954,0.10451417599896931,0.7694445216819716,0.6574830914709173,0.10728397294515558,0.33464409342565965,0.7005184313703599,0.10112030709902822,-0.030715865674383558,0.7336091384358066,0.11591361584399083,-0.06819546252189976,0.5727756951728272,0.056792841182209036,-0.06241094564169199,0.6165063785269502,0.1067311537144754,-0.08329975194297393,0.7676274877642159,0.2358550483170856,1.404596012623843,0.6516196040742008,0.26395139752850005,1.6559542930724505,0.7006129805937601,0.24397134435784995,1.5629268375094725,0.5979801525318874,0.3900813647788914,1.266551528696749,0.6447413517670361,0.41289648126601464,1.0338615656620846,0.5451075198988982,0.26604247800519243,0.8900657429869948,0.4203729930994175,0.13802317238012296,0.8600841157829684,0.4037692784916047,0.15545609429596594,0.8068778090610218,0.4427128777291694,0.19654751745127627,0.7715085877355392,0.40742560516131743,0.0746429721219255,1.284789107429551,0.6507770140648399,0.08234843470997373,1.0477641567944724,0.5467894286060315,0.17147823021230757,0.8676557663027817,0.4420631770725163,0.22731084655729725,0.7831390860242666,0.47803588796005403,0.21950499109739854,0.7573241907805005,0.47857999595204603,0.2116594542437108,0.7644049822227541,0.4179443164095412,0.1666666666666666
0.3189263403027779,0.7729895652810952,0.6516442662366693,0.30901487848716863,0.35569070377881085,0.6636404487937342,0.30221992076913545,-0.0472815556187101,0.751717490196461,0.28293274670039364,-0.07684711435012948,0.5740826478385146,0.3405068509130694,-0.06887082532518475,0.6057723774137042,0.28598540429406516,-0.123306841068506,0.833299054769227,0.10452533559812724,0.7700321853271299,0.657923455185467,0.10756894838144258,0.33545252772065487,0.6996366216051212,0.101059435856291,-0.030362148499663802,0.7334553803697574,0.11575276649744547,-0.06811145133247036,0.5729292174325439,0.056787943289746054,-0.062379397178599166,0.6165275250514042,0.1070681169932471,-0.08316710617368452,0.7681762091080692,0.23641606468524048,1.4062423928668526,0.6517818310691997,0.2650370748956133,1.6559059142426538,0.7035495408822655,0.24457021249053587,1.563387168892765,0.5981882007971395,0.38931266345078397,1.267273675929815,0.6428366265055412,0.4126348441631694,1.032749626226095,0.5485975406613495,0.26657399309082425,0.8891643947491945,0.42191913982611184,0.13884135536219738,0.8598765226538145,0.4024810447878683,0.15741573315379095,0.8000381692069167,0.4481980999526704,0.19760190042726186,0.7684598802091531,0.412575474561394,0.07459602426898168,1.2853732029416198,0.650967639519531,0.08187646957830799,1.0496441796450349,0.5470128978572506,0.17034083836863806,0.8693770597798754,0.44396747561360067,0.22586599968410004,0.7831406379021666,0.48159890980126624,0.2153837443899997,0.7584653536259334,0.47975728670157747,0.2101395189114772,0.7652121956228402,0.4206580928182563,0.1875
0.31833981940026074,0.7741630164813613,0.6512490405335504,0.3086686039939241,0.3570380663427042,0.6613539817128208,0.3023380127047132,-0.04715929374881886,0.7519504367183878,0.2823281597595654,-0.07403246262063576,0.5718467074496273,0.34079136132444576,-0.06840680013381387,0.605453294673522,0.28609160078425133,-0.12355122357858427,0.8337045279683987,0.10453181444026367,0.7707519179777227,0.6582425157422688,0.1078208086508393,0.3360879662648509,0.6989675256095338,0.10101181081396816,-0.030106752173968035,0.7333277748597435,0.1156092964904393,-0.06751442417592257,0.572707790384535,0.05679848596642613,-0.06232663291671714,0.6165223459375212,0.10743985590306186,-0.08308192452200516,0.7688799077786993,0.23711944146633446,1.407616433135266,0.6521316638551352,0.2662728560865183,1.6559574103092518,0.7070854230164163,0.24544894255072403,1.5632869294908427,0.5978793636961179,0.3889893748171517,1.268097780108563,0.6423750741293232,0.41162666662685504,1.0316513765325661,0.5518543145226206,0.26663935443134507,0.8885403112870309,0.42266701732566947,0.13933312008441942,0.8598733160591896,0.400969554042944,0.15736087596820902,0.7965687806137326,0.4489686867145678,0.19733580292398709,0.7661217873791504,0.4173661821012047,0.07458433553880475,1.2856792796276757,0.6511343737702753,0.08171754792747399,1.051881531174607,0.5469167094282908,0.16857793140548538,0.8711884412473502,0.44484166363584243,0.2244426486208153,0.7834087524107708,0.4839109064207725,0.2124112355826855,0.7600989046411506,0.48069901234518025,0.2077978713855247,0.7660627467234802,0.4234827611583921,0.2083333333333333
0.3177023191593127,0.7753467625592032,0.6505645249591137,0.3082373768087876,0.3582579724893742,0.6593209417704826,0.3024841478308841,-0.04689105816530889,0.7519733533679543,0.2819406982236989,-0.0714645168873437,0.5702507458410943,0.3411261307626134,-0.06743784765826327,0.6040341681298792,0.286148743202446,-0.12369758249629109,0.8339444600592495,0.10453421400496468,0.7715606327166377,0.6584577445045469,0.10804199215934245,0.3365563072853676,0.6984895499777318,0.10097585525095433,-0.029936168620192535,0.7332239244289431,0.11552300545047481,-0.0667212629200159,0.5723150891266413,0.05681566187236408,-0.062256390427686,0.6164786353450517,0.10783077620963541,-0.08303154127361446,0.7696856431434707,0.23792692293308879,1.4081008047992412,0.6524718566833623,0.267601243066141,1.6561264765195551,0.7099407008534522,0.24642710485341063,1.5625524766464018,0.5967237614742003,0.3892030732069116,1.2687734370833523,0.6435271336987384,0.4101179159879148,1.0307055985255682,0.5542268517859843,0.266231583901086,0.8879622439523288,0.4227476129071148,0.13943869144725618,0.8598584669360883,0.39918311701305553,0.1555068409690482,0.7962424639829473,0.44596617639908265,0.19572700785763614,0.7646657012255488,0.42115734681332984,0.07458014234644689,1.2857210743118346,0.6511593720427967,0.08178027558007336,1.0536586839742368,0.5469205797782556,0.16663424775157748,0.8722408277164804,0.4449681651206898,0.22315814691370978,0.7841100948059019,0.4848257189636951,0.21048518507094366,0.7617422939062315,0.4809705873036638,0.20507633421443,0.7661248847936187,0.42549967824615775,0.2291666666666666
0.31703979929280446,0.7764924622198306,0.649657720097583,0.3077316249621393,0.3593317341450848,0.6575218268126477,0.302639990433042,-0.046511015091003347,0.7518136883906755,0.28177096129707113,-0.07022652285097802,0.5693806243399193,0.34157516062395316,-0.06598550494880633,0.6015183394462189,0.28615828891841055,-0.12374796198036134,0.8340180174921188,0.10453313577181617,0.7724152426267638,0.658586612835525,0.10823493731294848,0.33686344900932763,0.6981811013038496,0.10094999244614394,-0.029836889761231472,0.7331414316005334,0.11546992733976033,-0.06603602120795352,0.5721536799292286,0.056826483563660546,-0.062181363270701125,0.6164140417901117,0.10822528367868325,-0.08300329071418641,0.7705404745697461,0.23875316622496678,1.407347886008317,0.6527160936180956,0.26892308251125013,1.6561940008047775,0.7107763495535848,0.24739591586354642,1.5610306341994318,0.5947024433913797,0.3898816732835987,1.269078396776984,0.6459835196252219,0.40836923953956905,1.0299631016092468,0.5554773811926985,0.26543678467084353,0.8873581076293252,0.42238651476013994,0.1389661120327734,0.8602379223175954,0.3970721740505352,0.15268936779035192,0.7981889364737622,0.44050401288815755,0.19243425101642064,0.7641624284375782,0.42340867548362876,0.07458176877214115,1.285612618442793,0.6511058378377385,0.08186505042322262,1.0547536129869741,0.5471502804647508,0.16480091569212035,0.8726127651109983,0.4444610691891129,0.22204373554071954,0.7862835616178587,0.48361837537057656,0.20875697499883988,0.7631137577194335,0.4800695160092321,0.20245819216128122,0.7654109829769499,0.42585148032912956,0.25
0.31632678986850843,0.7768944524004381,0.6501372914844029,0.30734228169509464,0.36037643127917784,0.6554047358242017,0.3029057656831676,-0.0454501628466393,0.7510097405636096,0.281754379927524,-0.07044204759684813,0.5690774794320153,0.34208679730712677,-0.06412026013970822,0.5983198742581552,0.28602451720359634,-0.12345023125458193,0.8336688218705387,0.10458251441589717,0.7729464594738717,0.6585894683857396,0.10856056615725272,0.33731840448066974,0.6974998603237271,0.10093631955957004,-0.02980713159528818,0.7330843308683144,0.1154210698904746,-0.06547679986344267,0.5723773636612653,0.05683059025558309,-0.06211545271545398,0.6163587756075498,0.10854956649866489,-0.0832407152352499,0.7714660288603367,0.23945361854818017,1.4057191882082358,0.6528752709273803,0.2700567634788366,1.6558433453450605,0.7090544177559839,0.24825663426549865,1.5588777574702628,0.5920490851135531,0.3907802459498701,1.2689784930211527,0.6489690990004681,0.4065197218746128,1.0292594799226542,0.5564249775147707,0.2641806667842498,0.8867360802644829,0.4219732571927337,0.13792482926461846,0.861084928778845,0.39515945431436517,0.1497054115204906,0.8013180807975389,0.4334648038589597,0.18728116439476566,0.7647293134561102,0.4238690685074461,0.07458742058096698,1.2855156377745907,0.6510600572177908,0.08187219006765067,1.05535123121885,0.5474465108627846,0.16324526995226488,0.8728467504909396,0.4431383648097581,0.22096286965376497,0.790153136989189,0.4805834072297225,0.2069323328608193,0.764022748098207,0.47783274075384824,0.20029476279637815,0.764324860717495,0.4241453191584441,0.2708333333333333
0.3158456728642937,0.777392054591473,0.6497210649084466,0.3069389389512157,0.3611211354131309,0.653620256988621,0.30292449462024895,-0.04502962080740967,0.7507818887187362,0.2819034718436929,-0.07156992308280787,0.5694749315997304,0.34259019740353297,-0.061930452287597824,0.5949233585469565,0.28584130296891774,-0.12293816807391782,0.8328753005080638,0.10447993245435348,0.7736385143398616,0.6588145000241599,0.1089057428242531,0.33768863830494833,0.6969241778251917,0.10093583169947673,-0.029886831298823927,0.7330542783939642,0.11536646504960646,-0.0650087677184093,0.5729084909312016,0.0568299505951116,-0.06206956670492621,0.6163328712864793,0.1087553348354375,-0.0831647423500759,0.7718805282194003,0.23984787265983187,1.4039092721989752,0.6531115995022525,0.27085541132395097,1.6549919980164638,0.7052268423166218,0.24887179721857633,1.5565412937954515,0.5891609328615621,0.39161321187371656,1.2686178644467225,0.6516189528982945,0.4047902335017298,1.0283665317161872,0.5578514933741902,0.26249258162996847,0.8862069915794594,0.4216900198517568,0.136612618528121,0.8619250896273966,0.3942927296016143,0.14683187441319362,0.8049296300679204,0.42543088495380793,0.18091078663497845,0.766523516941559,0.4220029782199181,0.07459429592822373,1.285495152882764,0.651041591796459,0.08183833169860588,1.0557500560717163,0.5476955631281758,0.16215158474382754,0.8732922988500008,0.44092949118060293,0.21972927373880596,0.7945508312839372,0.4767729542439768,0.20544989669190178,0.7645025326450197,0.47483611262784414,0.19881231419935158,0.7629970178237272,0.4211260629345638,0.2916666666666667
0.3155379288200521,0.7780788233950349,0.6484052227671614,0.3064606905349,0.3615424391797661,0.6524101680704393,0.30276808841938785,-0.04498150668443318,0.750747751790302,0.2823028521420588,-0.07315376382346424,0.5709589982412149,0.34303371578095504,-0.05987915700341637,0.5917991477033274,0.28563380986898085,-0.12239047237496502,0.8317965695094895,0.10428985897037962,0.7743255733333467,0.6593409063252131,0.10916413663522305,0.3377966101482781,0.6966853414257752,0.10093683148539795,-0.03000120274637251,0.7330311446678597,0.11531971856717788,-0.06468687941211147,0.5736217181790249,0.056824092548628524,-0.06204956256976642,0.6163393753603293,0.108841546355747,-0.08278543356044776,0.7718086762019657,0.23984747255443092,1.4023970520293862,0.6536123337272148,0.2712891059451277,1.6538701095212003,0.7001855404932029,0.24910118107156803,1.5543911926384442,0.5864421259975328,0.39222324504045336,1.2682088866302488,0.6534825619034342,0.40343023190066174,1.0270954913868213,0.559882560192956,0.2607299958286985,0.8859285839304051,0.42147106018900726,0.1353424865524751,0.8624133719974627,0.39492765273403946,0.14433622254114456,0.8084373376657055,0.41799636968810905,0.17451979171988857,0.7695665431340561,0.4169997102992081,0.07460248618726473,1.2855167015234614,0.6510300128505929,0.08181934093749416,1.056147040196913,0.5478626580323195,0.1617411219798786,0.8739100942774384,0.43804429039030707,0.21843816836816005,0.7981575153113483,0.47285131117646056,0.20454203988889919,0.7646357768430132,0.47192094593495915,0.1980685878195686,0.7613366268888109,0.4181852745039044,0.3125
0.3152570396651956,0.7787652202681917,0.6466451100624844,0.30577773807787156,0.36162296169738395,0.6517695348496237,0.3025335395140377,-0.044946978512190566,0.7505073883705621,0.2829043560134419,-0.07508127384027999,0.5733750132256431,0.3434046022035066,-0.05861820763432601,0.5894175106194742,0.2853828075825407,-0.1219229509027238,0.8306784283211799,0.10414115754830003,0.7747510191509557,0.6598667494699885,0.10924733968885089,0.33743408497526584,0.6969533096734978,0.10093886641624394,-0.030102346400418215,0.7330164805482637,0.11530536710429345,-0.06462809414873102,0.5744354038392941,0.056814975249522504,-0.06205270005379899,0.6163657081639157,0.10886851657137957,-0.08223166650177854,0.7714605935205412,0.23965173729456013,1.4013760994632012,0.6541811067480169,0.27138356516818263,1.6528343904859142,0.6946172675126563,0.24896203985103588,1.552542719008886,0.5842262266045994,0.39255616649191116,1.2679435377848065,0.6544526611192552,0.4025287280470944,1.0254008235137395,0.5625765880093794,0.2592837463288242,0.8859429933111306,0.42125489748970735,0.13430380786041785,0.8625314321048856,0.39691569787004516,0.142719979627779,0.811196255267531,0.41328800362038054,0.16918177992047545,0.7734176342475977,0.4093354560085186,0.07461108411646503,1.2855439387241088,0.6510204905966026,0.08182647822552327,1.056535602067595,0.5479283097953566,0.16204183370943218,0.8744959940815822,0.4348679854554679,0.21744088154266472,0.8004007739418175,0.46926038118823354,0.20400418033731912,0.7644080383865726,0.46961016605552136,0.1980401352478996,0.7594032540548459,0.4162427334586829,0.3333333333333333
0.31495082460684826,0.7790649520636111,0.6451212414354206,0.30482329838842337,0.36134071286931113,0.6513038833159255,0.30225522854942105,-0.04487063055810128,0.7499465104967336,0.28349161052228866,-0.07729886888803297,0.5758288220328333,0.3437368765465564,-0.05822109746021088,0.5881589016526216,0.28510235545115764,-0.12154469115559928,0.8296925127177606,0.10410376263076743,0.7747847238799712,0.6600457581511409,0.1091652175983201,0.33655791319140094,0.6976501642975684,0.10094116106699907,-0.03011141016086559,0.7330152858321471,0.11533196640747174,-0.06487475396797523,0.5752670806477713,0.05680819340008428,-0.06206749764522476,0.6163915915736722,0.1088977062415476,-0.08168447615121927,0.7710850447762322,0.2396445204257734,1.4009750704870805,0.6542106799372178,0.27114733443436206,1.6521949723197067,0.6889465214758341,0.24872516347531237,1.5508675663241085,0.582833335300612,0.392614517481628,1.2678828104256104,0.6545821640509737,0.4020091118240069,1.0235801234562998,0.5657897015296695,0.2583481523250173,0.8860816133426099,0.42105779146388234,0.13356514383756174,0.8623279409098881,0.39962581198881675,0.14199456697376564,0.8131543201409351,0.4114022354150745,0.1652856531000264,0.7771903495194218,0.40128152015048846,0.07461370342717542,1.28555506551276,0.6510277237416826,0.08183993530463127,1.0567500306915993,0.5479323532891992,0.16264591616068586,0.8749037209893953,0.4319504508818769,0.21692893303472305,0.8011237083896305,0.46693752033739655,0.20357642910944374,0.7639804450628277,0.46821091827003336,0.19874437342795576,0.7576133158332596,0.41548357572432315,0.3541666666666667
0.3146784179510396,0.7788583540185494,0.6438956763078612,0.3037288039869601,0.36069450504986805,0.650737919176795,0.3019373355040379,-0.04483506623491168,0.7490938924924823,0.28388117408041613,-0.07919326571403937,0.5774672305158309,0.34402184791857304,-0.058195062026297414,0.587940231774378,0.2848413088449303,-0.12119336543703968,0.8288925734786511,0.10416754148898474,0.7745894434968773,0.6598691141862889,0.1089965926071297,0.33536699577081147,0.6985236601935709,0.1009303601502352,-0.02995078876765958,0.7330036553310225,0.11536705075590269,-0.06523122073352323,0.5759606181019999,0.0568079382310244,-0.06208075627435363,0.6164023690459608,0.1089401117210026,-0.08127001959192443,0.7708395311633953,0.24001304093345535,1.401339791660987,0.6532619806622992,0.27062475497923244,1.6521221288589323,0.6838020553562987,0.24865833402962806,1.5492437775853918,0.5824242187469986,0.392516237362064,1.2679317783215438,0.6542366216944386,0.4017139745881142,1.0222176116862158,0.5687182267701238,0.2580185106559381,0.8861092873523324,0.4209411986786043,0.13312994612279294,0.8618658111762819,0.4020626385546471,0.14156152563070595,0.8148616307125883,0.410505941639311,0.16265127825539738,0.7800133548146083,0.3952212616056362,0.07460455128598704,1.2855103643183885,0.6510567921910723,0.08183978558242952,1.0565887393108542,0.547965644443849,0.16303691888952632,0.8750980677360004,0.42990797554817956,0.21665891831801565,0.8004906219536762,0.4665938909557298,0.2031967423393703,0.7636442430267834,0.4679960375393087,0.2000003174902697,0.7565255500359704,0.41593248273666644,0.375
0.31445165545120324,0.778417869568583,0.6424966576919868,0.3026896620788933,0.3597918651811858,0.650203884671704,0.301581525978111,-0.04484111941373449,0.7480075963044248,0.28402118479647465,-0.07981933750285464,0.5780215997803494,0.3441484549564775,-0.058136670331458265,0.5880885532831754,0.28463781085729223,-0.12082884364021707,0.8282543395229341,0.10429658026075513,0.7744559715432642,0.6594884889417826,0.10881388823371535,0.3341142307015527,0.6993636434650595,0.100892332841413,-0.029631272281235355,0.7329460086149499,0.11536457513479223,-0.06538047607403012,0.5763583211253982,0.05681201341687532,-0.06208665242361273,0.6163957477396815,0.10897919923645838,-0.08101596153584985,0.7707457775806499,0.24065692314555853,1.4024391963927956,0.6513648799978958,0.26989652639173034,1.6526522926154659,0.6799782881492644,0.24874913182542058,1.547847637047914,0.5827396737163202,0.39242959126679855,1.2679717980298308,0.6539276175153761,0.40149753241162967,1.0217885226048367,0.5704068724384279,0.25834364662068593,0.886005443161683,0.4209652094083893,0.13311438251428567,0.8613414436669562,0.403411851332139,0.14115639715324044,0.8165480312837483,0.4096336667763403,0.16122925791638315,0.7814191139274599,0.39238551793047893,0.07459255283628088,1.285415750982269,0.6510783492693872,0.08182676827344237,1.0560129447014779,0.5480521772918572,0.1632068492939832,0.8751324568470947,0.4290135848504544,0.21626792812576806,0.7992438816256416,0.4671611051237414,0.20323500360175373,0.7633680921450513,0.46891847705200873,0.20125358544485675,0.7562664523891313,0.41770394534504923,0.3958333333333333
0.3142321302873313,0.7778280932552237,0.6409162099268504,0.30177469105280125,0.3587874863743218,0.6499287819812019,0.30117375684785097,-0.04486304603450526,0.7468143511232663,0.28391230447617816,-0.07908720530975363,0.5775803457968398,0.3440057201133969,-0.05804383980006382,0.5881444743765076,0.28450126958965516,-0.12051047404812953,0.8277481469672906,0.10445904837567192,0.774470116759517,0.6589070189840621,0.10861260556554359,0.33281543630627286,0.7001994090364342,0.10082948151055737,-0.02922458767077679,0.7328409331884335,0.11534161909423293,-0.06520897275193933,0.5764667581061812,0.05681253413598887,-0.06208887379399342,0.6163782179236124,0.1090021418701931,-0.0809068329505992,0.7707529036852704,0.24141795190636994,1.4038424343679168,0.6487732192836967,0.26896358993696273,1.6537276047880158,0.6775941583416845,0.2488471795561086,1.546851993352765,0.583287715622103,0.39241345847130715,1.2679721521642036,0.6538414750486022,0.4013456192721957,1.0224177347672423,0.5702521070912296,0.2591763542456524,0.885974647447051,0.4211233539777604,0.13374713710568248,0.8609687937476628,0.4036068841569083,0.14121424527375173,0.8178029579993357,0.4093862674842128,0.16112420033424218,0.7814034727836335,0.39335361032485283,0.07459735150429603,1.2854246731924726,0.6510582576266164,0.08182104334296397,1.0551662083536864,0.5481361637950148,0.16355926915578564,0.8750908022009165,0.42897048143952915,0.21561899280749677,0.7984172913397879,0.46645524120673393,0.2041526424885247,0.7627977967907529,0.4703320560749049,0.20195567568673795,0.7563763650155286,0.42059286428270815,0.4166666666666667
0.3140564047941558,0.7767696287071038,0.6396075301578763,0.3009703522820286,0.3577042654931676,0.6499879476927436,0.30068839636755496,-0.044998447233187244,0.7456861460857315,0.28354605533331834,-0.07789066484916239,0.5762123064807987,0.34357855647626484,-0.05825669850745773,0.5884990137216037,0.2844142646899926,-0.12035726610103921,0.8273778124243775,0.10463668946051463,0.774471580523935,0.658033092167969,0.1083178915215319,0.3313505006880565,0.7012386036377732,0.10075406257016484,-0.028780817637509254,0.7327138124642381,0.11536929531631283,-0.06465923441710422,0.5762647532161478,0.056803716175988436,-0.062092844124814,0.6163542969559767,0.1090008745700295,-0.08093437380723646,0.7708010222886221,0.24219675050432343,1.4049518139617136,0.6457854775188239,0.2678109803224575,1.6551161877849447,0.6759065687980581,0.24886473217605903,1.5461120141265643,0.5838104614492015,0.39242355645070515,1.2679595780252266,0.6538481818221689,0.4013395615391911,1.0238931591283702,0.5680950210762088,0.2601167052861601,0.8861821085921402,0.4213395910630574,0.1350116982258274,0.8607987648097282,0.4030204836692165,0.14210337062088985,0.8185254380998226,0.40999500925303306,0.1617450484913788,0.7805472147202822,0.39810984495634516,0.07462634321850925,1.2856894929911338,0.651014757645752,0.08184741889104248,1.0541352588017217,0.5481885968988714,0.16429962741318688,0.8750396351315028,0.42923009608855583,0.21464733046528878,0.7990214406905828,0.46357899839512157,0.2058437671208313,0.7617187127720481,0.4713901744301342,0.20188028083773923,0.7564114937283336,0.4238389594204659,0.4375
0.31403710062141243,0.7751569044048012,0.6387704810760766,0.30024675510626553,0.35648016701549656,0.6503816980874917,0.30014473328952457,-0.045314544641303287,0.7446605418056067,0.2829629272844995,-0.07696756466341323,0.5740740611012448,0.3429177175876065,-0.059113205275351265,0.5897779679989689,0.2843536020824872,-0.1204434405614664,0.8271517394923241,0.1048705996934207,0.7743197583743582,0.6569171736288556,0.10789877492435969,0.32982924435631,0.7025426088529616,0.1006731132217164,-0.028313825191641884,0.7325803065250925,0.11541948391091472,-0.06344664813383437,0.5754832422150782,0.056788318691923606,-0.06209663242584271,0.616323372101196,0.10896917285188953,-0.08109823170452884,0.7708688576092567,0.24291017894253014,1.4055511557388434,0.6427793249207191,0.26655973586450055,1.6563853296674567,0.6744111507527519,0.24877201815581834,1.5456343889440292,0.5843043298798334,0.3924300489972833,1.2679575216983636,0.6538393269245749,0.40150996052700916,1.0257311009591203,0.5646284883386417,0.2607565218132958,0.8866304657652956,0.4215219738451883,0.1365722234417779,0.8607583050781196,0.40189691759287477,0.1437135754352219,0.8193014579240602,0.4106460706976502,0.16183191706790795,0.7798893134454231,0.4055417115907239,0.07467300441622467,1.286082023491855,0.6509905397758335,0.08191620739661976,1.0529808346015557,0.5481900971693502,0.16529732622739268,0.8750244590657098,0.4293983582659978,0.21342385636325878,0.8017380894385864,0.4593580664259363,0.207955290769626,0.760353052079217,0.4717484980869141,0.20102866292196875,0.7563603493135446,0.42663746284370224,0.4583333333333333
0.314232594264459,0.7733879602414908,0.6383037638661813,0.2995186677446669,0.355138575071341,0.6511292209559799,0.2996230677789922,-0.045648774799872685,0.7435391184217089,0.2823484856221777,-0.07637359948509971,0.5718315590657114,0.34206274056465213,-0.060680812251230086,0.5921783840830539,0.28430833567997926,-0.12076170378844711,0.8270560886641476,0.10524573481669725,0.7740690238130253,0.6556887490185026,0.10743381214630773,0.32855341597427645,0.7038876961235025,0.10058746988764067,-0.02782416618362274,0.7324425723910393,0.1152859350638496,-0.06170580853307901,0.5743414756264101,0.05677378993773681,-0.06209436910324338,0.6162929030618933,0.10891698288235387,-0.08138035122578732,0.7710419458003974,0.24346348867429832,1.4058196157773273,0.6402319927929478,0.2654184401762008,1.6571680668557676,0.6734505155950588,0.2486427192707834,1.5457522732346518,0.5846168522832971,0.3924570520803615,1.2679996627323573,0.6538204018484559,0.4018350488869194,1.0274148613843082,0.5612056621968443,0.2609730893099327,0.887242437735294,0.42161504884306533,0.1382779503624625,0.8607503842599211,0.4004291112764613,0.1458201536638092,0.8203842791075172,0.41078342803008894,0.16077699328151376,0.780044556949975,0.41410813899881094,0.07472688062343659,1.2862855294285294,0.6509505898671996,0.08201245388553038,1.0519577443604406,0.5480859992443003,0.1663548742170143,0.8750618429817003,0.4293009966418325,0.21238207256762304,0.8062125884196905,0.4547960975871238,0.21058415139457526,0.7592032666692895,0.4717271019563257,0.19958865705195328,0.7563538316426638,0.4287590017794525,0.4791666666666667
0.3145787401069545,0.7718251806135487,0.6380993943514325,0.2987222071639681,0.3537532204302778,0.652259581447971,0.29916370577514684,-0.04578884949432582,0.7420628131179473,0.28196161035615447,-0.0758828709346222,0.5704584368892687,0.3410591587898662,-0.0627906493576336,0.5954351821208603,0.2842864983288529,-0.12131137790933406,0.8271022766708297,0.10576548944308331,0.7738289495752437,0.6544003529551452,0.1070183470984985,0.3276655271603537,0.7050254354823184,0.10049761130148378,-0.02731162453822482,0.7323019217197495,0.11475162686429727,-0.06035637680283227,0.5738255670913067,0.056763846483114444,-0.06208667484717799,0.6162808673697918,0.10887773488097792,-0.08173315646150921,0.7714599403711981,0.2437670472955456,1.4058479736631897,0.6386247220218046,0.26451197045812935,1.6574373783590641,0.6732525102508508,0.24866986013861528,1.546538016699773,0.5843397606319254,0.3925298015893436,1.2681212960510106,0.653817557328894,0.4022911192175811,1.0286564212667528,0.5587708523355867,0.2609573131686588,0.8879319146351582,0.42163183626637096,0.14044031931288467,0.8607120911010073,0.39901574103996007,0.14820858368434447,0.8213822475656419,0.4105828051070637,0.159200173595588,0.7807621242077447,0.4223452358076468,0.07475432320554956,1.2861400694075562,0.6507215324596798,0.08211167723475611,1.051309144389762,0.5478823210515659,0.16731285481689437,0.8751565873350553,0.4288662338376107,0.21198122842719758,0.8113308130635336,0.4501214847804088,0.21388271695639716,0.7586176150009,0.47190051979793246,0.19789736492874016,0.7563722845904308,0.4305857477560756,0.5
0.3149856871046219,0.7705312934275442,0.6380532143809575,0.2979662723907421,0.3523505073410037,0.6537037000883007,0.29872116559998335,-0.0456827116840173,0.7401257766505756,0.281896228748593,-0.07532862912945146,0.5703333109338465,0.3401022278041732,-0.06497626306413044,0.59869379092815,0.28432191985078276,-0.12219455776921097,0.8273831493172155,0.10632331842013022,0.773598557463713,0.6531313198337371,0.10668158441011759,0.327082986480114,0.7059115020060415,0.10040621546341143,-0.02678177828129777,0.7321617337472803,0.11382198959430181,-0.059903255979451925,0.5742116070827366,0.05675748488137788,-0.06208017755037809,0.6162973268937615,0.10886668262874191,-0.08212375396763946,0.7720874377944794,0.24380646837143122,1.4055169008915462,0.6381491808839663,0.2638013647595907,1.6574228442061598,0.6731055399827091,0.24899102151252245,1.5476299987004345,0.5832159801510182,0.3925930030718531,1.2682594469232777,0.6538256705639579,0.4028453011454994,1.0293724793146752,0.5575611836297537,0.26096065206862884,0.8886147774530363,0.42162737119447147,0.14324153150338026,0.8607195642838331,0.3980642910928364,0.1504944155186298,0.8221208268401781,0.41023915788936277,0.1579986489889813,0.7815766578508174,0.42874235336505634,0.07471474900884074,1.2857074279554976,0.6501579628962482,0.0821992367059276,1.0509886784860378,0.547665884364703,0.16802077666825105,0.8752688782311356,0.4283171005739262,0.21245130759686515,0.8161957179513776,0.4454480098866642,0.21737746028856011,0.7586339669024873,0.47260622474648295,0.19624964476107182,0.7563724477996345,0.4325720133083618,0.5208333333333334
0.3153962986786682,0.7694804700226958,0.6380249221243053,0.29744191754053206,0.35096077366958656,0.6552184368501324,0.2983098886586423,-0.04539322015485235,0.7378397607241596,0.2820013697238367,-0.07478468261095722,0.5708792089050877,0.3395156920782213,-0.06655630602527483,0.6008714055791297,0.2844462822333332,-0.12350054816954986,0.8279494755842477,0.10681200767217455,0.7733408083030607,0.6519729052501357,0.10642461276875567,0.3267269907787019,0.7066140949379585,0.10031694861491662,-0.026247814001015585,0.7320243872820618,0.11276612854035242,-0.05985761828431635,0.5746400876988706,0.05675394895372537,-0.062080267262456953,0.6163374228273976,0.1088455955784988,-0.08257336579720162,0.7727471738702794,0.2437178568278543,1.4047886278213388,0.6384333304453301,0.26322738929724765,1.6573654230109218,0.6720950764329005,0.24958404118796185,1.5485892166165953,0.5814168933834278,0.39250772432456726,1.268234285799247,0.6538221794920972,0.40345606744872864,1.0295929914092228,0.5574669598681822,0.26105243976961495,0.8892001544142167,0.4216368997017367,0.1461111252830665,0.8609448242187889,0.3977257704072763,0.15226436387693393,0.8227911761715878,0.40974195419637194,0.1574901605711269,0.7823220222032563,0.4322688616642598,0.07465605219422627,1.2850619569181603,0.6495278035866152,0.08226266173406971,1.0508059232289604,0.5474841431659949,0.1683881916918894,0.87515581906485,0.428271446198903,0.21410499188053464,0.8197621915019397,0.4419408476013006,0.2204257278357059,0.7590519425861744,0.47374078485308574,0.19483153511601883,0.7564219025600849,0.434565368228102,0.5416666666666666
0.31574279104733716,0.7687687920519091,0.6378918383425105,0.29718868066310367,0.3497020203652386,0.6565730946735068,0.29807991956202307,-0.045003319076554416,0.7354828957583998,0.28208448707989936,-0.0745404970468945,0.5713015031136061,0.339482092339111,-0.06708620510712468,0.6016988770789856,0.28462116884643696,-0.1250346384192689,0.8286205050844296,0.10718970202831515,0.773091962761321,0.6508945249836298,0.10625791415345881,0.326637389989486,0.7071457538802167,0.1002324552073746,-0.02572504675343605,0.7318896985595427,0.11192800028149488,-0.059815082872643165,0.574625392999436,0.056754307977546645,-0.06208747487122737,0.6163916320472648,0.10876892782931369,-0.08308965598869059,0.7734227092546461,0.2436860434958506,1.4038730558091403,0.6388376914196507,0.262878786040246,1.6573921215538738,0.6700911854858009,0.2503563214091741,1.5491043092576273,0.5793150663291604,0.39225760762279166,1.2678959467215491,0.6537866755880626,0.4040657301096203,1.0294549039725587,0.557988950623143,0.2611548933456965,0.8895867203733943,0.4216650955970022,0.14841189189053955,0.8612472083564027,0.3979561279640801,0.15347217335644672,0.8233037039481605,0.40922611750807447,0.15759129415988235,0.7829218712427692,0.43305533475349023,0.07472269850779714,1.2841848120670087,0.6494899384472083,0.08227768623517842,1.0505088478102464,0.5473542327851482,0.1684561044174039,0.8745488534632064,0.42908376253127667,0.2172529020454571,0.8206617977604346,0.44107722610267397,0.22298999067999536,0.7594645472039737,0.47470578864964136,0.19375233556446697,0.7566529269662422,0.4356855451778178,0.5625
0.3160144226002812,0.7685800295608597,0.6375968233878846,0.2970909954415599,0.34872818063575933,0.65776015982158,0.29812250939383134,-0.04457573192925361,0.7333390097521858,0.28209477427260987,-0.07464795482677196,0.5713683590859407,0.33992661784819483,-0.06650552650169937,0.6015446762631584,0.2847513105600998,-0.12639091833241775,0.8291947180644071,0.10747501149227809,0.7729265266996413,0.649893948274395,0.10618440045841884,0.326848753438582,0.7074641489139941,0.10015403812351312,-0.025227433375990677,0.7317584017472144,0.11150210803798506,-0.05990666417132193,0.5744989710494689,0.05676034579952524,-0.06209593203480166,0.6164499069981039,0.10864296431427516,-0.08361108831376746,0.7741927097810772,0.24375451350122307,1.4030943446773831,0.6390450787647203,0.26285640043248637,1.6574963294788496,0.6676115696928961,0.2512168884025251,1.5490971167132654,0.5771704646990408,0.392173513678825,1.2672736590276261,0.6536920615618538,0.40456101728159677,1.0291284850069082,0.5584224787805394,0.2612103126899775,0.8897276403155644,0.4216999148677067,0.15045337179708784,0.8610051083103665,0.3987126487829896,0.15442630750170505,0.8233580636970987,0.4089969895344967,0.15818287138807538,0.7831578029870306,0.43237085791299257,0.07501692765248223,1.283081194758065,0.6504741806974018,0.08224254382525997,1.0497328542580215,0.5472856316578208,0.1684383355025472,0.8735582019754164,0.4304651872417922,0.2215978654118264,0.8187021343827583,0.4425483680478013,0.22550912338769416,0.7594351278321791,0.4747289024591357,0.19304464208947655,0.757103464652121,0.43521692478431395,0.5833333333333334
0.31633906308865223,0.7688841678163579,0.6372133980458735,0.2970593010090461,0.3480789157949478,0.6588756127171038,0.2983288783851737,-0.044147819339761585,0.7315530279446626,0.2820785699537124,-0.07481445675148568,0.5712828891809708,0.3406122982058828,-0.06495712761321945,0.600313763173949,0.28479663425294127,-0.1273789969079501,0.8297378100801898,0.10771160340246543,0.7728723567190654,0.6491385771431866,0.10618973471141224,0.3273100284691717,0.7075596866557065,0.10008245661504131,-0.02476831522077022,0.7316357454772062,0.11150535879238685,-0.060170180515149635,0.5745574515915383,0.05677276641576419,-0.06209887486883423,0.6165000026239364,0.10853111988617277,-0.08408286784871141,0.7750259221414266,0.24384533416884607,1.4026689956176368,0.6390795103401735,0.26302931616340264,1.657602472988304,0.6651874208622688,0.25204996020787085,1.5487485329413566,0.5751333355575028,0.3927385368519454,1.2665963919126684,0.653512009646789,0.40479510947877895,1.0287744819743367,0.5584314340761494,0.26123525777734896,0.8897294796071238,0.4216270759216538,0.15305635718329536,0.8595907033520391,0.4001067142203334,0.155389569661787,0.8228498861779077,0.4094123226478782,0.15903512925427282,0.782878334429234,0.43182980286426437,0.07552556602837056,1.2819361532098001,0.6523573104030855,0.08225656159275946,1.0483354294719223,0.5470620430747706,0.16862307201184396,0.8724178048138815,0.4321140807339448,0.22629574165632904,0.8151916586303133,0.4446035765752878,0.22824048652279638,0.7585786589038642,0.47381474821815206,0.19275964459757733,0.7574600416601985,0.4337611810573929,0.6041666666666666
0.3168529872996511,0.7692608525117658,0.636999158870226,0.2970924938718047,0.3477207027526099,0.6598935290762008,0.2985305363861312,-0.04373002305266267,0.7300719416289315,0.2820699174741839,-0.07484672864043479,0.5711912573002376,0.3412460438000391,-0.06281357639291657,0.5977011593384587,0.28478928055230884,-0.12809583013612064,0.8303136410852237,0.10792600888942767,0.7728655127380542,0.6487945627311198,0.10625645909811393,0.3279770508335521,0.7074526002440736,0.1000191016978824,-0.024358755593569287,0.7315265372674526,0.11190560862313448,-0.06032683461219661,0.5746895682167779,0.05678816060740094,-0.06209735649399146,0.6165282318116296,0.10850712310203893,-0.08449735411165117,0.7758891524828327,0.2439038528937734,1.4026668733684193,0.6389680551543403,0.2631489439806551,1.6576638426305919,0.6630991986176829,0.2526842714221545,1.5482333142382807,0.573450543293316,0.3941404288402255,1.2661102106018616,0.6532410820956527,0.4047573531181905,1.0285079503667092,0.5581131672831223,0.261261315503152,0.8897796095228078,0.42122068259835854,0.15651129074892356,0.856810679889999,0.40227192291674735,0.15655862401155357,0.821552088737267,0.4112649353458391,0.15981103430755972,0.7821932926912426,0.432480058976353,0.07616498432727917,1.281073927569585,0.6547455873220549,0.08245638220679287,1.0465458293483831,0.5463680934691403,0.16910729942817052,0.8710575137682802,0.43418356720316187,0.23060406275888484,0.8111054666913176,0.44695641838059785,0.23092024894297394,0.7566357451906747,0.4730198758950522,0.19309822664798904,0.7572054064701402,0.4329080759620436,0.625
0.31755650389204765,0.769254558847417,0.6372262000040055,0.29722244475433435,0.3477127715866602,0.6606648893031143,0.2986609917048309,-0.043296227685818645,0.7287143705724285,0.282071734953205,-0.0747920754955804,0.5710928981982037,0.34160133627434197,-0.06059967755986214,0.5939354412048843,0.2847632841208638,-0.1286538580937392,0.8308030961289042,0.1081188825031699,0.7727975734294483,0.6488793414238936,0.10637639360683034,0.328850014234754,0.7071480572484645,0.0999675314891837,-0.024008035943933234,0.731430531037049,0.11265027498989463,-0.06001378504637751,0.5744916796834111,0.05680096874955165,-0.06209428824508869,0.6165215706734533,0.10858949323298048,-0.0848526036228327,0.7768084730771484,0.24391953169729258,1.4031225523266335,0.6387128154815054,0.2631992633039967,1.6576826309069725,0.6615246347911847,0.25295040091655596,1.5476484393098757,0.5723911675133007,0.3961784771871062,1.2658381480726624,0.6529044406929694,0.40468397055602395,1.0282295699328037,0.5577031550982169,0.2612571768164194,0.8899196881911869,0.4205716092793894,0.1603767832939005,0.8529169346478556,0.40501677560421867,0.15828354461487984,0.8190560074658841,0.41565976912622327,0.16045552762326665,0.7812447992720254,0.4346963231228264,0.07681262950814771,1.2806683112810346,0.6572007115425491,0.08275522983094322,1.0445547350700095,0.5454945155869162,0.16971704697044232,0.8693368829251048,0.43704992096532197,0.23415826004813695,0.8063619018467545,0.4514204752765384,0.2331153744611204,0.7538112186304888,0.47351136738713506,0.19435170190012818,0.7560857612567277,0.43389531793360925,0.6458333333333334
0.3183633931275403,0.7688414614100636,0.6379817320627175,0.29750964124019236,0.3480877964557499,0.6611212807763749,0.2987681185779852,-0.04280662270204927,0.7274621022205288,0.28207918891345285,-0.07472966181526672,0.5709759742914962,0.3415889281865442,-0.05869934340733865,0.5895665765545175,0.28475639696395033,-0.12912335710937378,0.8312184124670582,0.1082795184936931,0.7726015119106986,0.6493476676450969,0.10655027209670499,0.3299217170704456,0.7066421080904964,0.09993278970664554,-0.02373065890495804,0.7313489387805839,0.11354444884803704,-0.059090221625292864,0.5737341952023844,0.05680961248881533,-0.062085370506185046,0.6164787312838961,0.10875141458440156,-0.0851592917579779,0.7777910864743969,0.24386419386235292,1.4039893926413896,0.6384735367498574,0.26340990601076764,1.6576699054593567,0.6607172555377638,0.2528695062745638,1.5472808649576146,0.5717555569092209,0.39850652515269674,1.2656328126809147,0.6525753019310119,0.40485785875622465,1.0276493538935887,0.557494672557088,0.26115518490999645,0.8899895886329566,0.42045786606890345,0.16395442923309023,0.8484408627219342,0.4078525810256369,0.16059783969574515,0.8155707756750349,0.42252532260376785,0.1613589342184091,0.7799764485711254,0.43852329765256254,0.07735042589796147,1.2805533659992554,0.6593033759389728,0.08278580179298548,1.0424528654842653,0.5454286359428904,0.17014483463775432,0.8673210199530229,0.4409812351918784,0.23684136238166384,0.801153036838196,0.4589009775816926,0.23472348044824737,0.7508133805716063,0.4756688184263499,0.19670421599500076,0.7540840574449865,0.437298733060867,0.6666666666666666
0.31919130887918873,0.7682586367697515,0.6393480230742269,0.298032134553112,0.3486739070084137,0.661398352307699,0.29894617442404237,-0.04224511057273392,0.7266065792957945,0.28208639284373715,-0.07467596185258821,0.5708526310264495,0.3413180628710021,-0.05735337398759306,0.5853253019248109,0.2848120812807737,-0.12957583394067163,0.831740753564933,0.10841481679074158,0.7722486355886825,0.6501912532023337,0.10678169064823752,0.33120351662393643,0.7059280287385338,0.09991555228954883,-0.02354901020189995,0.7312886654854613,0.11426040845065366,-0.058102668219635036,0.5730301481703869,0.05681719556763318,-0.0620685285199605,0.6164206096471985,0.1089762720456807,-0.08544419483106214,0.7788076757591608,0.24371822272357885,1.4049521011709114,0.6385007899566548,0.26391283144815675,1.6576249819589977,0.660815155936384,0.25275065919452555,1.5473996074570449,0.5707690576229442,0.4008063786794338,1.265438728483057,0.6523424127934936,0.40536633850832093,1.0266181583259413,0.5576999116545905,0.26100851397896246,0.8898083265329187,0.4218156196437257,0.1668467623146739,0.8439567450233494,0.4104181906175025,0.16268953400270963,0.812143081991136,0.4300124055655885,0.16296884567560938,0.7782353742780701,0.4435253239380681,0.07775587211543017,1.2804247167241247,0.6609033417556072,0.08219992573057441,1.0403907199643871,0.5470624413938522,0.1701684739772666,0.86523303859693,0.44573744587421593,0.23849776996399147,0.7966110595088628,0.4677167996525345,0.23584949725708715,0.7483895642415281,0.4789139444901315,0.20007718896849386,0.7512826918892234,0.443212989526801,0.6875
0.3200085722806757,0.767618091232888,0.6412662266851135,0.29880208853539275,0.34922511892301134,0.6617160690240356,0.29923860052671525,-0.04164945814362411,0.7264383540722381,0.28208437214359106,-0.07462147061911409,0.5707335431920069,0.34109114704434035,-0.056685260977101345,0.5820048699303477,0.2849213319589423,-0.1300167508310343,0.8323790108962228,0.108571916210107,0.7717402154070842,0.6514117589769001,0.10707379348775801,0.33277049975873196,0.7049848133335892,0.09990320920747045,-0.023475744973537993,0.7312534044474139,0.11459057937457025,-0.05794288269404939,0.5731823943797624,0.0568265273263312,-0.06205198648846189,0.6163735107331405,0.10923693416974894,-0.08569554287684938,0.7797782578015756,0.24358516380368983,1.4055506536459499,0.638714606703476,0.26456873747360043,1.6575527361712468,0.661571199317498,0.25293309839652445,1.5477577092775536,0.5688492767819069,0.4028270638924936,1.2652888879847066,0.6522350361549625,0.4061551239153861,1.025338775010664,0.558083890603267,0.2610289981172064,0.8893158247671944,0.42489828259112783,0.16919293204742186,0.8398557372085714,0.4126327362147688,0.1636369511023354,0.8098107272207185,0.43613836971294073,0.16536122949937704,0.7758975294862074,0.4490245205974441,0.07809923959593447,1.2801449537841028,0.6622072568268458,0.08088547263482254,1.038373745143932,0.5507516117711884,0.16987486781100353,0.8633897593319165,0.45040805014631335,0.23892126743053319,0.7938510882414027,0.47545838616490604,0.23642315818819634,0.7469472949661543,0.48231584884293544,0.2040853561301338,0.7480398078063741,0.4511176531334521,0.7083333333333334
0.3208544966649669,0.7670405479315971,0.643054862573782,0.2997325652629199,0.34964949118772815,0.6622206666122898,0.29959451320409014,-0.04112450988116717,0.7269130967229385,0.28207453129212984,-0.07458265448351525,0.5706560633479021,0.34109183774492047,-0.056488642095721256,0.5798720217678561,0.2850179539792234,-0.13036500771544002,0.8328747089216022,0.10878149294993635,0.7711541206415475,0.6529871867667822,0.10743372526539995,0.334672709446977,0.7037888867161813,0.09987998087997223,-0.02348386811847783,0.7312341519141853,0.11462550997787152,-0.05864928979818561,0.5738827896847062,0.05683664433855509,-0.062042579204153236,0.6163471944047842,0.10944989173590479,-0.08583772751573301,0.7805675179052075,0.24367501038858513,1.4055685605362067,0.6386005811624724,0.2651949031397427,1.657502599166074,0.6625354859371122,0.25348886191170544,1.5477218147978902,0.5662211473780678,0.40439071840275875,1.2650717694523148,0.6522028690738272,0.407132791869665,1.0242168462505008,0.5580278927148584,0.26138916682132973,0.8885429456441624,0.429232257567705,0.17095245454426372,0.8365725215424641,0.4144733113858537,0.16323047778831784,0.8090436292228884,0.4401553407527763,0.16818484879179835,0.7729332767484004,0.4551617785450334,0.07845246336991508,1.2798136195830472,0.6635381176974395,0.07889626221722737,1.0363590665361588,0.5564813472928432,0.1694742808475747,0.8619438787040294,0.454500294215311,0.23838886379403612,0.7928594561819943,0.4811126439257793,0.23625628266334364,0.7466079526003268,0.48548672248519537,0.20819887771945653,0.7448197737698684,0.4602307228773108,0.7291666666666666
0.32177382716563113,0.766719439314187,0.6440386842901461,0.30071422616307386,0.35009062707501576,0.6628966174558502,0.2999335348915973,-0.04079807176412298,0.727719869355937,0.28209630672269514,-0.07464799942058102,0.5707688304336803,0.3411307112904234,-0.05643765800219495,0.578945212482578,0.28507180332530524,-0.13052346899984935,0.8330212919401877,0.10895875611684389,0.7705967541159603,0.6549261259810146,0.10787089045133054,0.3368031065528395,0.7023563315590634,0.0998577129466945,-0.023507053466079286,0.7312168425826993,0.11461439661598187,-0.05947187470618838,0.5743631386643337,0.05684408169620153,-0.062037253150755915,0.6163411569775402,0.10952553722340698,-0.08578830708018334,0.7810575518668258,0.24411402655493247,1.4051268194300541,0.637737173304818,0.2658823724827235,1.6575634458164392,0.6632876854947853,0.25428371428422974,1.5468737891071758,0.5635204916555279,0.4054456037324353,1.2645822750118068,0.6521467497838622,0.408200878021834,1.0235152997716914,0.5571529502303199,0.2620737027079108,0.8875999111978393,0.4341323168505911,0.1711411001250476,0.834918436520449,0.41599191130316204,0.16169337549154716,0.8098005617256789,0.44251443609524754,0.17095038634489812,0.769733640791367,0.46243007663617874,0.07887966764173249,1.2795956261262822,0.6652641906946735,0.07632965177893046,1.0346186109879267,0.5639404147695617,0.1689755071076454,0.8605811579977798,0.45903252888966684,0.23772262598102567,0.7924732164655501,0.48516295366844964,0.23542935920322022,0.7472868136121944,0.4886203324568793,0.21197590134785294,0.7418967205214374,0.4697796406804729,0.75
0.32273835645058113,0.7665721979138166,0.6445262022114397,0.30168675518911786,0.3507379992248561,0.6636110452483128,0.3002260315355241,-0.040738640199337775,0.7286275666253134,0.28219373542967874,-0.07490288158711542,0.5712207757568907,0.34089609728819525,-0.056617275112687236,0.5796978252924199,0.28511907837314737,-0.130427706274255,0.8329005003310143,0.10891694909346825,0.770038805531045,0.6572947429989145,0.10835810935397679,0.338894485943351,0.7008214787889699,0.09986544586415129,-0.023489849538373936,0.7311952182713982,0.11466757072248558,-0.05992795513382752,0.5744680637410784,0.056846494022238736,-0.06202903430693116,0.6163496408469562,0.10945179981432504,-0.08552386544598684,0.7812198209137743,0.24485592193285666,1.404474348767823,0.6361155629247508,0.26687280710592703,1.657727843408703,0.6633783581033981,0.25516382647344893,1.545343244229388,0.5611418192072914,0.40619215306883155,1.2637834108192627,0.6520057064033324,0.4094461485877071,1.0231649169563206,0.5555908254605557,0.2629225262093279,0.8867506661205891,0.438996177409239,0.16892367280457127,0.8355596009739649,0.417520400891333,0.15940072655737314,0.8117854013412495,0.44412887017849423,0.17340369099384018,0.7672403688764189,0.4701443841316586,0.0794344226079647,1.2795222358321536,0.6676653133134786,0.07331531655823087,1.0335303328920464,0.5723811296318579,0.16829780206971903,0.8589898173132119,0.46534593301011695,0.23734729319649664,0.7918554741443277,0.488050107690327,0.23439540271435103,0.7486905230856717,0.49176691793455063,0.21512416461866854,0.7396034913087881,0.47871942130645745,0.7708333333333334
0.32367916320180085,0.7661412400997527,0.6453717675132756,0.3026082925617413,0.3515466168276742,0.6643417665066075,0.30050281521843486,-0.04090649606383512,0.7297181680562671,0.28230259029015875,-0.0751948668704753,0.5717474126203481,0.34033433578375977,-0.05737480065252229,0.5822974492829404,0.28515064971905063,-0.1300679232660113,0.832668545107479,0.10854051923348347,0.7692597724801139,0.6600711750244507,0.10880548086839548,0.34062575870231454,0.699454925448572,0.09990519409700022,-0.023436765582176056,0.7311630262817883,0.11465833255599794,-0.05986086143876501,0.5740993660513594,0.05684461230768069,-0.06201182871646104,0.6163558896192748,0.1092941882663303,-0.08506405753368537,0.7811102548320034,0.2457747939699868,1.4037759385527027,0.6339416597845438,0.26813634139185016,1.657775454918455,0.6624856010979855,0.2559745551971544,1.5435629696331528,0.5592421678719177,0.40702840455755107,1.2628523506957656,0.6519078541306386,0.41113248918770984,1.0230031474653243,0.553641350266037,0.263755026564607,0.8862564665066226,0.4432669862871289,0.164876830542469,0.8384176597661052,0.4194940016237969,0.15675676091643034,0.8150047664478001,0.4452044872500749,0.17560704205609382,0.7661859882535341,0.4770054216746949,0.08009128070002908,1.2795259825802952,0.6705890155976479,0.07011489795531868,1.0331987684270505,0.5806433612739714,0.16741371326538296,0.8574646015585554,0.47347790273588874,0.23673280366651117,0.7917023850619384,0.4893001461028609,0.23355759669695642,0.7505098016428264,0.4946954329706792,0.21760314579296436,0.738407408182679,0.48626834513671996,0.7916666666666666
0.32456688652495536,0.7649614836093425,0.6469400003597707,0.3034306884966933,0.35231976850655705,0.6651870112087594,0.3008132021429121,-0.041194627969455125,0.7312396355896269,0.2822497654491818,-0.07512516148619233,0.5715953548534536,0.3396052614546655,-0.05874503143914781,0.5857527986524971,0.285120514076444,-0.12953061336184798,0.8323846962483885,0.10794327326947553,0.7680654476030503,0.662959252056164,0.10913183978517473,0.3417657946986141,0.6984660359434078,0.09995832405006867,-0.02340160908428482,0.7311148283234894,0.11441181366872391,-0.059089272071583654,0.5728472472116901,0.056840776339016415,-0.06198364923320929,0.6163504656771953,0.10914560477373098,-0.08446058751513599,0.780870742957647,0.24674994996879657,1.4029996676348877,0.6314637900674877,0.26935902171525233,1.6574250924784097,0.6607292001909673,0.2565522977389283,1.5418431582032026,0.5579896135799385,0.40820344312284634,1.2620540814441132,0.6520550311252555,0.4132934983394877,1.0231268755947744,0.551400206162745,0.2645131051621298,0.8861681541627083,0.44631535598560323,0.16018350634744596,0.8430067415452094,0.42206785775259736,0.15386293067738127,0.819617365272636,0.4455952215174348,0.17763776324656708,0.7663817394170419,0.4825762007829342,0.08075214907386699,1.2796455304957963,0.6735258558477013,0.0671338036911821,1.0335256201299574,0.587478014025723,0.16625110183576014,0.8562920346167565,0.48270258452716597,0.23498473711686657,0.7932892223088059,0.4886456926215639,0.2327756558058433,0.7525405098604716,0.4972856714021425,0.2197036762718501,0.7383675331402041,0.49276419534734284,0.8125
0.3254201786439207,0.7629956419197899,0.6488000230077966,0.30414582531951423,0.3529878083159368,0.6661000886097853,0.3011593252138147,-0.04150884515263356,0.7332397160214332,0.2819142891464226,-0.0744128949450251,0.5702145285001011,0.33876984706865876,-0.06042323972106964,0.5887857441186672,0.28507016148926195,-0.1289170636438797,0.832095432453973,0.10735836870666005,0.7665291689233791,0.6655308420806373,0.10933029797626287,0.34226977650276075,0.6978274463183245,0.10001788489957415,-0.023438013670931554,0.7310687787460305,0.11388316832088062,-0.05755406788608057,0.5705406283781473,0.05683753596261691,-0.06195119325956574,0.6163451051161195,0.10906924288032338,-0.0838440964781573,0.7807090427497473,0.2476680240937087,1.4020256921899301,0.6289663357005273,0.27031755412306235,1.6565934619967022,0.6585037600776695,0.2568398820057979,1.540280133280606,0.5573161890176999,0.4096280188901271,1.2615931051545959,0.652193566346986,0.41565588488331384,1.0236663247159605,0.5487479008743685,0.2652243036877745,0.8865389572308926,0.44754076868929693,0.15550267772866444,0.8489753006746047,0.4248026487099378,0.1506911238531627,0.8250293651190564,0.4462152025014214,0.17940125815962338,0.7670572992203841,0.48731518792780465,0.08130680900753867,1.280077580343858,0.6759415935808963,0.06462054319315047,1.0342570276532375,0.5920701258711042,0.16469922727114525,0.8550479022630233,0.4924959419591102,0.23153899915376971,0.7970309974358726,0.4868806698336521,0.23139603091521013,0.7547368623109593,0.4994110904344238,0.22165021838442162,0.7389485438415344,0.4991336212208244,0.8333333333333334
0.3262681833235673,0.7606360591114142,0.6502425008337946,0.30478219982125904,0.3535989396059948,0.6669095284797917,0.3014692621538898,-0.04179638149206623,0.7354530031764173,0.2812890337829266,-0.0730990371440827,0.5679089267449517,0.3376921210890793,-0.062099455243734454,0.5908042237477278,0.28506125277589156,-0.1281823772067144,0.8317829096101217,0.10688430773855245,0.764962715709121,0.6675888462610844,0.10942028862572743,0.3422729041888894,0.6974118501434589,0.10008712655163964,-0.023571758887416847,0.7310566142259437,0.11317085496122622,-0.055497051826878696,0.5675832632352007,0.056840467897566166,-0.06192937704671419,0.6163391058874967,0.1090548653571611,-0.08336359276961991,0.7807459551153948,0.24840303084386822,1.40086822668732,0.6267976400448596,0.2710790894160932,1.6554453303444139,0.6559349493751128,0.256973945382084,1.5389159644443788,0.5566905696887875,0.4110332275355723,1.2614993407038835,0.6515916900932316,0.4179623449589017,1.024316208661816,0.5458419449349684,0.2657730662632627,0.8874889809856279,0.4468397265404801,0.1509306637513293,0.856182740704913,0.4266184195496619,0.1473311725865072,0.830005852655741,0.44801268088707324,0.18091400703975263,0.767480538138206,0.4918551169775306,0.08165689452147398,1.2809645490995354,0.6773982859257208,0.06245298934696323,1.03496674183017,0.5943171273901409,0.16260330592851613,0.8533301436023317,0.5020705638676548,0.226365085921162,0.8024841677606253,0.4850999119483155,0.22886293003466224,0.7572937286426424,0.5006230508602858,0.2232823394283267,0.7393804834094129,0.5060843591519706,0.8541666666666666
0.3271278639536744,0.7583007951996543,0.6509874825351429,0.3053657874853981,0.3541272761428863,0.6676057153158124,0.3016638335032298,-0.04205205683688426,0.7376026493880519,0.28043057327364324,-0.07142191663176249,0.5655707240823692,0.3363472987417344,-0.06357377557994903,0.5917360235076461,0.28507341195045405,-0.12722800811520496,0.8313396225400418,0.10646128917087706,0.7637193473279,0.6691758755341843,0.1094138963580146,0.3420168322421455,0.6971822463865124,0.10016754358465497,-0.023805805708903255,0.73109182135284,0.1124622386823985,-0.053425952897284336,0.5648106840336087,0.056856245054292584,-0.061938898683676406,0.6162897358279945,0.10902466687419704,-0.08306055861864614,0.7809196658049302,0.24883019429113523,1.399667524486764,0.6253589549712959,0.27179680619299557,1.6542357651310469,0.6528566003225524,0.2571994543061471,1.5378051231836098,0.5556533833068918,0.41215466062454265,1.2616664704766625,0.6499177079073057,0.42021587302428454,1.0245314033363138,0.5437432533271886,0.2660907347715875,0.8890188317646096,0.44495521866163934,0.1464790121699749,0.8645935773893081,0.42681447764752123,0.14365220920385882,0.8338618096025758,0.44990045165573944,0.1824143899412971,0.7676254679436465,0.4955760434349435,0.08177514221507332,1.282141058964158,0.6777616720285226,0.0602644467378727,1.0354446436149576,0.5946181695629265,0.15950635990626733,0.8519150293772153,0.5098546136816555,0.21992196331993785,0.8093480420738397,0.4838833318722937,0.2251931319628342,0.7606703658322592,0.5003715348418969,0.22430961799358543,0.7393860795843625,0.5135981171527315,0.875
0.32799910939566956,0.7561183512568004,0.6512909418582944,0.30594040173847653,0.35443760558851534,0.6684034332245014,0.3017325280324451,-0.04232440669949733,0.7396833055045544,0.2795044363596178,-0.06975456261393444,0.5639213284669236,0.3353070945239217,-0.06470843047682157,0.5917095319541529,0.28507402310691116,-0.1261176362118346,0.8307604582663741,0.10600672862677696,0.7629332349445543,0.6702921871569819,0.10933889056116286,0.3416248803173295,0.6972279579702864,0.10025672321052681,-0.024125179245343423,0.7311662359858625,0.11199093955654466,-0.05202478233724191,0.5631689332526064,0.05686810889056629,-0.06198877363779171,0.6162057235515765,0.10888162956864034,-0.0828697437189791,0.7811083769840763,0.2489165653488681,1.398502737494122,0.6248591987811861,0.2723589906222913,1.6530771712260721,0.649511601554907,0.2576978081775551,1.5368465260594917,0.554284761372674,0.41290595374182115,1.2619906601851685,0.6476060959276566,0.42297820487144455,1.0240205353966911,0.5441046594532876,0.2666988104148433,0.8913453385436857,0.44319861381377523,0.14271909290411122,0.8742243207490437,0.42626174913586523,0.1396165604169548,0.8375443833168331,0.4494066227244002,0.18385203795444233,0.7690339920848553,0.4953559295523868,0.08178355604602258,1.2831601224170976,0.6774967032175474,0.05739649141914503,1.0358719077123695,0.5939525364140239,0.15476601027841205,0.8527270417133878,0.5141476960216881,0.21291956738190873,0.8183583410402818,0.48343050115123365,0.22083978009277147,0.7657286763145903,0.4985692332407158,0.22430435758146489,0.7404267968489512,0.5197438688324912,0.8958333333333334
0.32888177842184285,0.7539139072345237,0.6514887343041271,0.3065537277891454,0.35444299033933985,0.6694542588649698,0.3017271709204908,-0.042672883277650606,0.7418517842484162,0.27879335600091737,-0.06856859816850253,0.5632364764662152,0.3354876375645166,-0.06541470066750935,0.5910396049766945,0.2850679257945519,-0.12503818664951674,0.8301926099140386,0.1054748026542483,0.7623663763791482,0.67085903905523,0.10921847235267687,0.34092558833593173,0.697705157343492,0.10034621948694138,-0.024479751426077542,0.7312579123459082,0.11198880565954633,-0.051993231234344746,0.5634523564137152,0.05680831073271318,-0.062077414867626204,0.6163122928139789,0.10862777955765701,-0.08266394567332822,0.781264527901002,0.24880501284615192,1.397382975516132,0.6249914481814672,0.27242979245641197,1.651882945900751,0.6467026972204104,0.2584868694303213,1.5356347320455657,0.5526064129176683,0.4135081164660857,1.2624017722716567,0.6450969665036288,0.42730410363942173,1.0228606066998789,0.5477094255510417,0.2684019957489632,0.8949479069610297,0.44296180126077933,0.14095133887125585,0.8847881008346876,0.4266085518666246,0.13617024124702215,0.8432279003302608,0.4451582736998277,0.18459407480604445,0.7739233670392089,0.4882150327550687,0.08185710250471703,1.2836614965933149,0.6773339950277806,0.05292416175728942,1.03633579834908,0.5939758843896951,0.14823596177396886,0.8574420232400648,0.5139955110244768,0.20613548502712525,0.8305577248342458,0.4839000110974029,0.2163003577201532,0.7734351732348398,0.4957985091905657,0.22249438453264653,0.74532934483904,0.5211553515294223,0.9166666666666666
0.32979086266222113,0.7516242696849977,0.6515712363651734,0.30713051923744217,0.35427921897730097,0.6705216927670826,0.30170620625016004,-0.0430781964748546,0.7440802191081939,0.2785334686990766,-0.06823165705004944,0.5636075372281396,0.3370735066728904,-0.06571190008292681,0.5903320163679606,0.28504919283804564,-0.12410132414694099,0.8296985993607309,0.10490008400372272,0.7617398883727352,0.670960565391046,0.10906943936299293,0.33977751055017835,0.6985864966036124,0.10042395444609534,-0.024796867092558655,0.7313413025836117,0.11257373440186838,-0.05366396534179894,0.5660725886947345,0.05662438898277521,-0.06221336710682198,0.6168591315717912,0.10843865596949784,-0.0823323338569342,0.7814043738487828,0.2487047507163495,1.396365193893016,0.6251640176171422,0.2719252696081064,1.6506476301423019,0.644786888474866,0.2594565247830717,1.5337715225609256,0.5500440530551676,0.41431836724670557,1.2628580362922612,0.6421800869677129,0.4338981805285648,1.0213562161953473,0.5538416207906062,0.2713724656745173,0.8998517151119256,0.4455494463830947,0.14214423987956026,0.8956107726517712,0.428756523884298,0.134587318372548,0.8522418180125567,0.43817513601970554,0.1839341378652694,0.7825571269397018,0.475966681663768,0.08201024392375819,1.283682556418288,0.6774526890899278,0.04614672871776282,1.0366415347120321,0.5961967550322274,0.14046568685723698,0.8661612014149872,0.5097774410599415,0.20050024413985224,0.845584174463199,0.4848534165973003,0.2118586054543795,0.784109300065207,0.4928130487067426,0.21833696930072366,0.7554940205765084,0.5161564035142285,0.9375
0.3307336528627292,0.7497406881356513,0.6512557083014018,0.3074281872349321,0.3542858460252872,0.671110479311438,0.3016967028454332,-0.043389199264788625,0.7460092796503518,0.2787994319412322,-0.06886708547795259,0.5651000403364494,0.33926386246022655,-0.06577202766581798,0.5903540739077721,0.28498109708272046,-0.12328004067531928,0.8291221343266661,0.10439957179700644,0.761200607455403,0.670868437873499,0.10896108785855052,0.33842928143759143,0.6994765133805375,0.10048837605329125,-0.02506858304973554,0.7314154236307777,0.11365353454333686,-0.056710289795255324,0.5707671015688346,0.05643020648372225,-0.062301476409671715,0.6175746888334709,0.10847741299823022,-0.08192796534619944,0.7815427790963823,0.24869500341284625,1.3954743720494807,0.6250935703865196,0.27120207518253237,1.6495918776071286,0.64303526014471,0.26043927648523085,1.5314286429050585,0.5460665188935544,0.415573140718695,1.263479183084669,0.638163418403301,0.4426745234621219,1.0198346376934688,0.5613753499213786,0.27536170906775936,0.9057158479925963,0.4517554407490453,0.14589648407908787,0.9065903349312631,0.4327834745008494,0.13532212003566527,0.8639315621438427,0.43132903654421684,0.18198462906642798,0.7933278447850661,0.46404814847266873,0.08208329962387985,1.2835230288387736,0.6773107495588916,0.03689203207137511,1.0368453815084986,0.6011064168375133,0.13234328624226338,0.8775932446048845,0.5033588338557353,0.19706695534444418,0.8619931571896102,0.4847710925006592,0.20776115912640358,0.7974865621343101,0.4899438456320812,0.21233622705643265,0.7697227506610855,0.5060211754514405,0.9583333333333334
0.33166217648890395,0.7489539750504159,0.6504144845671492,0.30725293225012557,0.35477234947766734,0.6709379616610289,0.3016611717898283,-0.0434082623047507,0.7471899155299736,0.2795100387211823,-0.07032150647592748,0.5675038908551853,0.34120698235924096,-0.06585404171870818,0.5914686979905833,0.2848357966692107,-0.12252479424814099,0.8282926476565108,0.1040232998812026,0.7611561824908201,0.6706713431979321,0.10898662704841361,0.3372698468775022,0.6999295889488403,0.10055390636318862,-0.02538523476369331,0.7315111212571276,0.11495594079362009,-0.06030249229260626,0.5764550894261741,0.05648068527277311,-0.06206264806046892,0.6177068524014769,0.10868799454391542,-0.0816157473380999,0.7816556782245074,0.24871858739541208,1.3945733948913166,0.6248929149395213,0.27058101416943503,1.6488465135952584,0.6405126385783522,0.26123266604729745,1.5293711783794879,0.5408356449224827,0.4173123897813957,1.264491002774627,0.6328240900862296,0.4531972396178354,1.0185298614347889,0.5693536054716791,0.2806671996577871,0.9127824185187535,0.4605651461361884,0.15145729634265054,0.9186894141652727,0.4380944412698785,0.13875216231792178,0.8771022775107585,0.4272058209726318,0.18033728014625267,0.8062108884908944,0.4552075895384754,0.0818979476195343,1.283383502049056,0.6761645578217492,0.02556152181547261,1.0374406379662546,0.6081600397904625,0.12487471042485396,0.8900859594085382,0.49681393161392085,0.19643088870577582,0.8787910842227724,0.4824815292059421,0.20458293694154792,0.8132499157215525,0.48728926316539384,0.2059850096486034,0.7860261389118582,0.49331713857606485,0.9791666666666666
0.3324990283040661,0.7495120626304568,0.6491686139011721,0.30669477044445986,0.3558379671396037,0.6700613623795946,0.3014971067416103,-0.04304599801338267,0.7473815274770775,0.28044151808013545,-0.07212872798966623,0.5700431900873174,0.34258933418309157,-0.06614533306882062,0.5934469540049716,0.28461935829826784,-0.12186201145896684,0.8272132860049972,0.10366645284030925,0.7617821966993172,0.6701846882195689,0.10916154102498013,0.33647951577943525,0.6998586977792902,0.10063515939341415,-0.025834362423612645,0.73165444511158,0.11616529491996916,-0.06354907337817561,0.5816951081622118,0.056930256508956674,-0.061258504493164646,0.6167774707486207,0.10891026687805365,-0.08147773072525011,0.7817019126984507,0.24869027058612908,1.3934938463104483,0.6247849664773466,0.26996280953137014,1.6481900310647661,0.6372436309265016,0.2616792999741271,1.528261140855797,0.5351809815695399,0.4193686180879337,1.2658616193623458,0.6273104688896511,0.46489156008882176,1.0177283236437096,0.576251167309709,0.2879934967405518,0.921924864484469,0.46862011627229233,0.15921389681890288,0.9329161643150097,0.4428883557606063,0.1458350837015801,0.8920375147118487,0.42532902631111535,0.18156480900360222,0.8235415243818378,0.44781302350551844,0.0813524782495904,1.283221469538791,0.6735457273769886,0.013220196449561815,1.038837211551365,0.6163468742348692,0.1188219769811734,0.9021624611976271,0.4912011710691893,0.1980741032174109,0.8950207006873171,0.479001801745657,0.20294212134062,0.830774101307156,0.48552801414424673,0.2008083869896793,0.8029234282434504,0.4813334785603506,1.0
0.33320209934380407,0.7512740561286111,0.6476350582417528,0.3060160663613958,0.3573989958059274,0.6686096081226984,0.30115588284754524,-0.04233823428139499,0.7466227489898393,0.28132435174499343,-0.07371339672601768,0.5717288493774545,0.3433888171015813,-0.06665088043547075,0.5959165250523879,0.2843435930645734,-0.12131561067214144,0.8259537241424882,0.1032290463319562,0.7629780819460706,0.6693266626749508,0.10942358728666791,0.336009035516621,0.6994996672148567,0.10073549617650127,-0.026431296801032803,0.7318466984718155,0.1170642523496353,-0.06588037480812611,0.5854798327474734,0.05774027113828649,-0.0598717167697533,0.6148733685342752,0.10908983866995292,-0.08152130424339035,0.7816955132632155,0.24856909393700066,1.3922719015402547,0.6248716899537515,0.26909094522962146,1.6472337060637134,0.6341853783603713,0.26181287409855375,1.528079277139006,0.5303025079007656,0.4214505008180756,1.2672706716391702,0.6230476627334883,0.4769638649455901,1.01804173479645,0.5797798298754635,0.2974113284324814,0.9337546441700875,0.47221309159986113,0.16984731457885996,0.9491026589760176,0.444634223601835,0.1567949103655436,0.9099929530444624,0.4228766945604856,0.18737988285366725,0.8463567502571117,0.44040109388466975,0.08045238987070716,1.2829482412419486,0.6694985408715595,0.0012200996505560458,1.0411283419262967,0.6245288623517402,0.11437819418024445,0.9126415313799038,0.48712423250294545,0.20067126013233552,0.9088315559282162,0.47658913206704206,0.20284995600453568,0.8484619363920937,0.4857386775273299,0.1970609107734725,0.8188908548746695,0.47439847339072994,1.0208333333333333
0.3337335690096411,0.7540701622287829,0.6458216002861757,0.3053406423621076,0.3592900143798812,0.6666394238701964,0.300727982443246,-0.04136207630753165,0.7451440735789785,0.2819826809678719,-0.07474986638143993,0.5721801620184662,0.34352432140972,-0.06729843110121075,0.5986844947871297,0.2839806353721021,-0.12072675655552909,0.824447770608623,0.10276457141485416,0.7646404248337267,0.6682037413286686,0.1097063112636725,0.3356773587440084,0.6991257206729896,0.10085443119931467,-0.027174371085451718,0.7320872557597147,0.11760049517919482,-0.06720771733116448,0.5876335223109107,0.058820154617927944,-0.0580848215714696,0.6122069075980556,0.10928268590554154,-0.08173306088783033,0.7816950850008274,0.24843967754172597,1.3912004746621804,0.6248734359659274,0.2679146077698694,1.645832143178334,0.6321043348827997,0.2618525228560146,1.5283674010027768,0.5270035857749372,0.4233081240408686,1.2684887960704192,0.6198548676737541,0.4885280942293689,1.020267405078493,0.5781161559008798,0.30796714133860625,0.9482018351961222,0.4697635414508371,0.1826090379978233,0.9661688541476097,0.44185222537696034,0.17023426125908525,0.9309361492543938,0.4186984950285161,0.1972513815729793,0.8724199674992867,0.43405895347015133,0.07926361440924394,1.2827626145758186,0.6644421635352777,-0.009459615772747534,1.0443236536291232,0.6311809545079983,0.1115627015981581,0.9209076629299079,0.4851418641872655,0.20302063495931322,0.9188540070710456,0.4754936045370438,0.20364043937271656,0.8643051555758914,0.48751755381649764,0.1933800486903813,0.8320527574056825,0.47544943321659816,1.0416666666666667
0.3340854293873996,0.7577250980586009,0.6437558603000149,0.3046063753819514,0.36135117680574536,0.6642231046973996,0.30029070835260574,-0.040205435872125064,0.7431751969661219,0.2823301112641795,-0.07521912884955231,0.5718877813530516,0.34283624719286077,-0.06803743754459018,0.6015946900866174,0.2834703648357218,-0.11976880622748429,0.8225495635130095,0.1024519341899647,0.7667258547930875,0.6668826378546869,0.1099877643963259,0.3353682757688328,0.6987839578247639,0.10099406555161243,-0.028083099654876903,0.7323844015554238,0.11787427671456088,-0.06787200953258418,0.5887100644202844,0.06007117525063175,-0.0563332798341459,0.6089610334656367,0.10954805096483491,-0.08204280486624363,0.7817032534812226,0.24849725248163582,1.3905554492672174,0.624235326133858,0.2666099905288001,1.6441858677226397,0.6304554790618928,0.26202346432453005,1.5287337201298623,0.5251691490649869,0.424749784785005,1.2694700011787257,0.6167172348826089,0.49868704715657364,1.0246780475561024,0.5714073709098905,0.31862715351329485,0.964873333665061,0.46207688962573723,0.1958259931600678,0.9841299889417527,0.43499059409434093,0.1845454186248581,0.9536682469129184,0.4141243634201443,0.20932051826254922,0.8989401592068931,0.43005754584105205,0.07783113542912165,1.2830985026667585,0.6589456545698937,-0.018175923144253564,1.0484383041943763,0.6348856750378382,0.11031293524424209,0.9278786195436335,0.485277504201859,0.20420385582021727,0.9265360650435853,0.47307202916422064,0.20410689008451796,0.8787123732029699,0.48795903955988884,0.18833517297235347,0.8422201678680535,0.4825563056366783,1.0625
0.33436878295161976,0.7619080309416523,0.6416186128464731,0.3037782238302407,0.363442110113576,0.6615230847816514,0.29973900680511256,-0.038947416478736716,0.7407727116336627,0.28235553615681047,-0.07529802790307849,0.5716377788744518,0.34142279316274526,-0.06866404787241989,0.6040860165316723,0.2828043617203796,-0.11832988760863661,0.8203327337477365,0.10250578762818503,0.7691328815785818,0.6653694185763362,0.110299566974108,0.33519000150498035,0.6982583912944473,0.10114932565766806,-0.029127436398819817,0.7327287703045166,0.11801999053784559,-0.06823977646314504,0.5893109218036326,0.061247302192604575,-0.05513169647684851,0.6057522021945785,0.10989628325865665,-0.08241916045026354,0.7816878255552303,0.2488749751777128,1.3901709175440824,0.622695736740959,0.26533712073503857,1.642356932485567,0.6278840345520131,0.26240791724107165,1.528847753945542,0.5241784624129711,0.4256251244827085,1.2701342504244448,0.6137225583993993,0.5068757874411214,1.0305417051724146,0.561873021401795,0.32960668484019423,0.9837525132085008,0.4509237810436503,0.2091464011193237,1.005147649814835,0.42559792894780685,0.19971950266684493,0.9783770512046801,0.4098218001834861,0.22270297538339584,0.9257604723218061,0.4275608385774798,0.07630325902070079,1.2840202263769904,0.6539010034609313,-0.024470054468764428,1.0533694463814212,0.6360858324434322,0.10938773174500313,0.9371872353329603,0.4872883078142208,0.20298982434585588,0.9366738687839941,0.46704303664998714,0.20249279734253828,0.8963849248664327,0.48371524407986166,0.18170172557854208,0.8537070291482762,0.48993704458095694,1.0833333333333333
0.3347001010868889,0.7661546271245535,0.6396339105566334,0.3029198847801856,0.3654109408915575,0.6587147561562264,0.2989102323810294,-0.037628865205340506,0.7378626865945803,0.28222325042914054,-0.07529752627362923,0.5718233509202951,0.3399335166559414,-0.06877774608404598,0.6051737053556229,0.2820594986006826,-0.11673519530298902,0.8180409013377851,0.10305652450403852,0.7717105199909406,0.6636727582310944,0.1106873663189939,0.3353522015745058,0.6973241216695164,0.10130174615848102,-0.030188131188902206,0.7330798898329622,0.11805743952905798,-0.06815945515115275,0.5892069494425857,0.06195462040498873,-0.05460689234032358,0.6037427249104657,0.11028997200495841,-0.08298201227818797,0.7817156243461186,0.24955278394823244,1.389406669719974,0.6204496599441017,0.2640474917343361,1.6399226088939818,0.6240242762030109,0.2628960153755696,1.5282567006404832,0.5230928729196656,0.4260149933305833,1.270371006370671,0.6117260221765723,0.5134676189243798,1.0365512160967936,0.5519515547599751,0.3419388102076675,1.0053227618698746,0.43815501824071995,0.22379400578892228,1.031305656471986,0.41472360029523814,0.21673419186861848,1.0071264160743858,0.40393750818308405,0.23792788786423053,0.9548567597452148,0.42398976223740914,0.07514340606055342,1.2849073010778738,0.6505250897925111,-0.028569618022268334,1.0587910126701765,0.6374475850867922,0.10625030179411388,0.9535447168239843,0.491130956440912,0.1979595997198032,0.9550654319250299,0.4579440289906769,0.19724762051731975,0.9229374456733944,0.4737698310466788,0.1736529344727303,0.8738447396727667,0.4925618704919098,1.1041666666666667
0.3350557908460024,0.7701108884918034,0.6378768100339265,0.30203818527440995,0.3672043519469867,0.655805012037116,0.2978000732438824,-0.03625097913629688,0.7343933598752341,0.282196126299424,-0.07538136322826687,0.5722116968001002,0.33915848487810885,-0.068148498499503,0.6043238603437092,0.2813116825120385,-0.1153445229175557,0.8157510656464393,0.10409630082164799,0.7743921916955185,0.6617141779140818,0.11116927410278166,0.33596685599398246,0.69592536248376,0.10143453667218642,-0.031143883024409402,0.7333986395301767,0.11782965350709207,-0.06702200262568533,0.5874269917584289,0.06189691066642377,-0.0545452803776557,0.6038971781305393,0.11066767672939609,-0.08387921145884236,0.7819419134901684,0.25042354731639294,1.387692017607987,0.6178057270480131,0.262660051007207,1.6365063067314018,0.6196888213519298,0.26325734894117125,1.5265249519228892,0.5207228522117817,0.42630120568853863,1.270247444665912,0.6106373706365487,0.5193091583705004,1.0416742884657981,0.5423167841802643,0.35550779284329054,1.0291711388335787,0.4266668903497709,0.2403234010037495,1.061678446751914,0.40258165307135274,0.23537012076240116,1.0408283835477956,0.3942485105368819,0.25495075865759276,0.9868769181267152,0.4177375286579773,0.07489802949848566,1.285011210655231,0.6497085688466442,-0.03128999938363246,1.0640753448900502,0.6414353265698696,0.09919705025199035,0.9784461006188189,0.4965425031329058,0.18855986613772618,0.9845467077322281,0.44784117586573263,0.18807141010161907,0.9597453472423415,0.45967640879508864,0.16402186561624427,0.9066880453944515,0.4888509293471102,1.125
0.3353496164111419,0.7737585668711612,0.6363067433760827,0.30104301267971906,0.3688847203451307,0.6526491875957523,0.29655403646992057,-0.03479129055611482,0.7304627893377826,0.2823241913047262,-0.07532136948068253,0.5722153710890922,0.33927387862998537,-0.06694569261992482,0.6021142860091825,0.2805912214370217,-0.11420860145406814,0.8134749343444191,0.10555817465270527,0.7772246458941539,0.659292008029825,0.11173702528913347,0.3370129949023015,0.6941321888553948,0.10154416630469104,-0.031933761786732975,0.7336777653845004,0.1170688972674135,-0.06448866469221376,0.5834126693020858,0.06109279431575598,-0.05484137567550092,0.6061775902563303,0.11101173389920099,-0.08507800791024256,0.7823979388627088,0.25135989168711015,1.385045479607813,0.6150363587683004,0.2613013607332188,1.632397753686791,0.6152239457388895,0.2633565012497828,1.5236301348125123,0.5166176399773179,0.42673478167814327,1.2700066317457441,0.6092794550077842,0.5243536596263754,1.0451605537599398,0.5330815851089026,0.3687544328617132,1.0530203588346578,0.420962328468622,0.25779905605188713,1.0928595035296274,0.3908060239931278,0.25396702092689205,1.0768728533515561,0.3819183813148628,0.27226811540414103,1.019158811808251,0.4108432863487851,0.07572425892575217,1.2841454480738195,0.6513661373457957,-0.033076836516930726,1.0680564575781926,0.6483804580847227,0.0888690419181506,1.0089263847116259,0.5028329483606764,0.17552659560177702,1.0234173515536609,0.43856949432591774,0.1757308426437253,1.003719433684532,0.4438637399024958,0.15304448209211735,0.9493717463393347,0.48050816781157196,1.1458333333333333
0.3355173833558622,0.7773659775735702,0.6347839739607534,0.29992057957101365,0.37036331288792634,0.6492523519109801,0.29533241151969564,-0.03326082123142743,0.7263753445852184,0.2823841622089207,-0.07478793838287401,0.5714099064870696,0.3398146704354633,-0.06549163353716043,0.5995761848833816,0.2799092116499239,-0.11327084717976818,0.8112946453873633,0.10739658862442815,0.7802216885769576,0.6562717878987663,0.11237341800638109,0.3383636297770542,0.6921034730375897,0.10162610522807436,-0.032534925447391366,0.7339235686213946,0.11561517128404579,-0.06094294483796989,0.5777583603458635,0.059871415302295256,-0.05547811921381493,0.6095408299264786,0.1113834618828999,-0.08637101248345383,0.7828712827903146,0.25226154036461923,1.3818678430140148,0.6124880745050292,0.26018658352033724,1.6282454487573714,0.6099871991548531,0.2632702346454721,1.520246230978859,0.5113100691197404,0.4270143550752651,1.2697792132059726,0.6072292013009314,0.5274397908634261,1.0457846490851983,0.5268010958072045,0.3805204765860889,1.074176855823178,0.42439894816690016,0.27516230966966626,1.1222016185325348,0.38311425904536733,0.27136147193073756,1.1106867404001388,0.3717499418767436,0.2884136252050058,1.0482081005491035,0.40724896444816067,0.0774534614714041,1.2826596497601932,0.6544327358126263,-0.033686203316375535,1.0689602162909548,0.657286290169834,0.07740659418946347,1.0405723419007409,0.5092985204147913,0.16025848228770231,1.0676929700709907,0.4318316917050863,0.16123342320753625,1.0508514816847585,0.42842334114470315,0.14190856557912018,0.9957091588327851,0.4705886496364561,1.1666666666666667
0.3355131836340784,0.7812055649710676,0.6329524381304428,0.2987582132881789,0.37139318212746664,0.6458366206048081,0.29420662886267285,-0.03180724875215997,0.7224884197690303,0.28217923972792625,-0.07373668292283284,0.569789589814008,0.34025015468411923,-0.063995000535423,0.597220751629224,0.27926495233946874,-0.11255860702132824,0.8091728814278677,0.10959971335154485,0.7832944021641357,0.6527833037620203,0.11305358619422232,0.3398851824198323,0.6900199519903494,0.10164824536002656,-0.03296290831160144,0.7341261586472064,0.11353701807623208,-0.05710617687267735,0.5716078275438276,0.05862966987339578,-0.056325340462574286,0.6128116564459819,0.1118523276526566,-0.08758100270242922,0.7830960622858825,0.2530707428316711,1.378405189480176,0.6105362141012398,0.2593882863273054,1.6244349679046024,0.6034812281346293,0.263082461084498,1.517382229729093,0.5050364892358065,0.4265712420064651,1.2693742065343872,0.6058006075524286,0.5274969143918012,1.0420829439178603,0.5272885348374494,0.3909006969669072,1.0912846419694533,0.43575741752777547,0.2920318570041015,1.1489541565287653,0.3817277506185008,0.28788413503773624,1.1389183991942504,0.3677781681200675,0.3031971933615715,1.0733293433383329,0.40758270757724874,0.07991142030380441,1.2809060261723644,0.6574747559338907,-0.03260714528807977,1.0651397040874735,0.6669510438130928,0.06695433655874952,1.0698372508102805,0.515356657297376,0.14415160998980212,1.1128531475472512,0.42987572431057985,0.14539695595768115,1.0978361187456458,0.4153445875964004,0.13182225306542997,1.0412239319578296,0.4610359563189911,1.1875
0.3353862081838124,0.7853353269322104,0.6305139564551988,0.29758527119527195,0.3719730560248218,0.6425530405577727,0.29314943014804623,-0.030689666638343424,0.7189764289586762,0.2817232064973624,-0.07239769284602156,0.5676353192325,0.3403170108346538,-0.06258179023192234,0.5950812174772501,0.2787156282625227,-0.11215615166898356,0.8072021451561929,0.11211381052387127,0.786374810793659,0.6492078494949589,0.11372975656692688,0.3416433521970695,0.6879007659322283,0.10156222178882601,-0.033239415910815306,0.7343076531359445,0.11108813526179781,-0.05352362179414324,0.5658311872521513,0.057580961058220595,-0.05723748195315424,0.615435206745684,0.11242982680278671,-0.08866433674764607,0.7829882825602557,0.2536488662817918,1.374806847146111,0.6094035959527335,0.2588425387973974,1.6210007513895128,0.5962641479782412,0.2627025753220948,1.5154880702414026,0.4974394794885049,0.42510678813272673,1.2684470413830877,0.6065756257250002,0.5243987493413949,1.0336197293908462,0.5354158919217787,0.40011096628193554,1.1043036896974396,0.4501003793116478,0.30818702983102014,1.1722967757249847,0.3851919524176557,0.304046067115816,1.160842899306746,0.3695205642616933,0.31712239242394247,1.0958990486234184,0.4084974191238989,0.08284258977531818,1.278957439163756,0.6594349266511359,-0.029401291944177985,1.0562408048199967,0.6757691595807881,0.058759896867376385,1.0940636566287174,0.5204603965821476,0.1284391488008851,1.1535240821148354,0.4348382347030902,0.12878687388028334,1.140996163506588,0.40705527725957336,0.12264341227854762,1.0834526099792672,0.45267762813116896,1.2083333333333333
0.33530259431173043,0.7895179703621249,0.6278487448502099,0.29636291073968246,0.372453384459952,0.6393568233600683,0.29214482464866853,-0.030002931603659258,0.7157922864009987,0.2811493373121248,-0.07105404415956962,0.5653556536430103,0.33998315192742457,-0.06140833076517805,0.5932556951985005,0.2784051641251846,-0.11212965268486678,0.8059028556187195,0.11473090894472762,0.789388810195202,0.6460694992042298,0.11434906505018282,0.3438046608314557,0.6855965993048799,0.10138449831193887,-0.033338346134650185,0.734563840374241,0.10873547950979534,-0.050573703296589924,0.5610521450928215,0.05679116101184188,-0.05815248061965976,0.6172553985976792,0.11308902175968648,-0.08963299538523148,0.7826168075764913,0.2537381154304043,1.3713990476410574,0.6091139078081779,0.2584767654708073,1.6178372838654882,0.5897993305493543,0.26201673462086833,1.5140311052240663,0.4887035252547378,0.4226058101323375,1.2668690199708386,0.6095638168202636,0.5187015436946294,1.0214249655382046,0.5487266788257117,0.40753328706856584,1.1135147143642672,0.46314931127857717,0.32299036559691985,1.1901814781353697,0.39113868698045373,0.3190889733838426,1.1771387857596374,0.37412655133577877,0.33001882344132816,1.1157305533758934,0.40771432237471034,0.08576900327249759,1.2768918681579935,0.6597770216201397,-0.023851458476201334,1.0436255142436717,0.6813802282438984,0.053055370742974256,1.1115021707993502,0.5241937301708743,0.11430563315385042,1.184765121392511,0.44657318206830493,0.11209900684666776,1.1758264417797721,0.40538624153742653,0.11291065304106232,1.119777762215242,0.44653302959609353,1.2291666666666667
0.3353958303589221,0.7932016786922113,0.626002251193261,0.2951046384441524,0.37312012657421756,0.6361456548353748,0.2912501799663484,-0.02955870362669326,0.7128141616918059,0.28055716558709376,-0.06981856089296634,0.5633198224060875,0.3393253526799791,-0.06065561448489845,0.5920418181008509,0.2783832274532874,-0.11237675568622307,0.8056225418308041,0.1171635112449327,0.7920466348185478,0.6438759898857598,0.11491867890154057,0.3462260945134199,0.6830336251055823,0.10123009125383292,-0.03331758612047338,0.7349211161988806,0.10705454415157208,-0.04867464731969537,0.5579653115732762,0.05633640537177946,-0.05910179288422606,0.6180503081309524,0.11380078176169102,-0.09048504830599982,0.7820341940947307,0.2532641046789462,1.3684535549006294,0.6093292574311177,0.25830192605109537,1.6149731887908112,0.5853282109911422,0.26106218332848685,1.512157507638919,0.4800060184747447,0.4191078267736586,1.2648249212511589,0.6134901274001046,0.5111053863665127,1.0072445062720434,0.5644738781341003,0.4122820777348275,1.1190493785998068,0.4736080590951016,0.3357506915916457,1.2009834764212846,0.3996067064123854,0.3317532023210936,1.1880922449299605,0.38098645977021656,0.3406352724104802,1.1308663731703554,0.4061477407367039,0.08812168440995685,1.2752206424519739,0.6578759990587342,-0.01604632114631374,1.0296106488072725,0.6813302769759175,0.04971877600359462,1.121787976958203,0.5264485918837953,0.10259957969465229,1.2049000839170474,0.4611742185156375,0.09638846698864798,1.1991351864930762,0.4094708166508113,0.10140498154417202,1.1475198012517793,0.442287295889654,1.25
0.33569388462030675,0.795753875176447,0.6257559641377803,0.2938898823106731,0.37390654411409907,0.6329071351472207,0.2905338840203338,-0.029167724141525533,0.7099873493323641,0.2799225727438095,-0.06859874051586932,0.5616099127508891,0.3384565740223603,-0.06036028513062446,0.5916179130485069,0.2784974169896713,-0.1126633452131002,0.8059509232934245,0.11927719715617441,0.7939081732697759,0.6428790211811144,0.11550544831404234,0.34848349313942817,0.6802948017168242,0.10120322310753026,-0.03338836574841325,0.7352164606566951,0.10640799972103895,-0.04816286024655448,0.5571327319194171,0.05626679689384961,-0.060147527331250256,0.6177520352417617,0.1145394657263159,-0.09121428168709522,0.7812284433658452,0.2524976704424635,1.365954386700195,0.6093318804232841,0.2583851743047559,1.6126694412687854,0.5825078853213765,0.26002060959366946,1.5096526309716494,0.47282013854605953,0.414802757903585,1.2625576160911898,0.6177110202349849,0.5022740150425197,0.99276430615105,0.58078205051617,0.41448144889631355,1.1214509825156138,0.48161219258452154,0.34678640859805443,1.2056575481042064,0.41234126571474683,0.3422027983395913,1.1942771788505802,0.39147778991542304,0.34796930361086054,1.1408082175878267,0.40532854104889715,0.0894859383094789,1.274695697739455,0.6529541472316993,-0.006515186566887384,1.0162246051305523,0.674989520220699,0.04848196901217061,1.1262666020476138,0.5278228464475181,0.09313304709900244,1.2162605294568802,0.47277800040874485,0.08226815672559375,1.2121710643502706,0.4156383817530459,0.08842762295200741,1.1666562861574474,0.4366775573747466,1.2708333333333333
0.3361734819468547,0.7968882908188162,0.6269613155674607,0.292776309338571,0.3745782884142549,0.629755361922019,0.29003341193544374,-0.028802871798636692,0.7073445169434174,0.27916754218918094,-0.06732771187527273,0.560052059340653,0.33750201321250617,-0.06030243502175496,0.5917308198059145,0.27856593638890265,-0.11293059261676802,0.8061354319262042,0.12114806618682043,0.7947285563694501,0.6429820778249155,0.11613025106258022,0.35036940238855085,0.6774592810244281,0.10130808541363251,-0.03363295271360921,0.7352427710621959,0.10678015103526661,-0.04882582183036569,0.5582984013463509,0.056463552953856994,-0.0611272963842983,0.6169059488568841,0.115279244044152,-0.09182485888142917,0.7802146109498715,0.2517429074227027,1.3637292976553395,0.6086278417111388,0.25862474980169736,1.6110887375516323,0.57976272890512,0.2590947860793657,1.5069861086334917,0.46799345890884997,0.410242510149108,1.2602336282659894,0.622689751966595,0.4929938377980897,0.9793887830458803,0.5954284298692654,0.41552795798755116,1.1221796971401596,0.48660971007202386,0.3574430692687598,1.20724951018386,0.4290441613253404,0.3519677788114979,1.1979769762389787,0.4051221329664664,0.3527732678061616,1.1474705960572416,0.40579012824990385,0.08989963053033775,1.2755541776303858,0.644999194000484,0.0035029083835302448,1.0046089721507,0.6648395232304333,0.04826847223142876,1.127903181223636,0.5293938164415156,0.08477136229256339,1.2231115176365472,0.47752337438799464,0.06934720731466258,1.21994704408968,0.420102080222728,0.07522508945463052,1.180860752727012,0.4266526814402586,1.2916666666666667
0.33676452671439355,0.7968700247622774,0.6289456846275339,0.291772562684839,0.3750023081554146,0.6268500035312076,0.2897471943671524,-0.028472568187827077,0.7049146312171223,0.27834561763621835,-0.06605743696289669,0.5584485134385077,0.33657682375296977,-0.06031501759042349,0.591980198411007,0.2785284353053574,-0.11330006917043492,0.8057570188325468,0.12289714263240416,0.7946464860677848,0.6439095932717094,0.11673056641122523,0.35209793342699014,0.6745368758323428,0.10149986258317123,-0.03386957887614232,0.7349226430738073,0.10786546948743987,-0.04978042125686268,0.5601447702740363,0.056676469938885574,-0.061620713265290915,0.6164142910443613,0.11599920042486764,-0.09232580469603066,0.7791249899986864,0.25110713029084464,1.3615436522974511,0.6072745330939011,0.2587037892552574,1.6101309880363102,0.5762917231981537,0.25831186588552624,1.5044457330111642,0.4653604140006304,0.40619939218877726,1.258100747654491,0.6284444659961885,0.4843724135995572,0.9682303100062163,0.6058323929130538,0.41668546359533276,1.1228571016559448,0.48760344777212355,0.3681101494779851,1.2082611641744623,0.4454948661320379,0.36146357492695325,1.201759060615222,0.41857649360239435,0.35673360276500643,1.1529445061701127,0.4073499457759812,0.08998631121477246,1.2772700616174113,0.6350491851047658,0.012237881544244631,0.9954051046556873,0.655186972855155,0.04768984444818718,1.129528697171635,0.5309792813975204,0.07685822221661912,1.2287083647270725,0.4753217677424699,0.057411134059628846,1.2262761066633865,0.42133399540729166,0.06280903947246322,1.1940431682420414,0.41292798121855756,1.3125
0.3373432888199278,0.796253578453308,0.6312820631238782,0.2908844315012826,0.3751585099570841,0.6243415200170289,0.2896111459002648,-0.028178157077677415,0.7026356973102899,0.2776283958335404,-0.06475565207376477,0.5565638469778932,0.33576566386591056,-0.060543126246165466,0.5922410856782441,0.27838517355890496,-0.11373576763809068,0.8048990091515199,0.12452177391167513,0.793994542422143,0.6455202238884166,0.11725561158406346,0.3540339396574779,0.6715504145313065,0.10175148275310705,-0.03391127937650433,0.7342951540758965,0.10921847860855581,-0.05021491919902089,0.5612050057487773,0.05675510653552739,-0.061380505377853355,0.616683561695175,0.11669244775501153,-0.09272783559898064,0.7781439844813747,0.2506102199294731,1.3592638815960902,0.6055461777885452,0.258406809878404,1.6097099812769289,0.5726017791957246,0.2575127835186019,1.5016530044940772,0.46435074835443235,0.4032391900807651,1.2565309900414208,0.6338370361523102,0.47770037029663215,0.9600956132686843,0.6105988295149432,0.41790532003759095,1.1240459989866358,0.4853190650292237,0.37706039770920496,1.209452319775009,0.4568786520887975,0.36887911899338854,1.2063183578725778,0.4283914178723066,0.3602955113220663,1.157943369711016,0.4093721382640594,0.09048223460173246,1.279026151233172,0.6249295293320679,0.018219766695962595,0.98916417598064,0.6494178590173619,0.04649397310783324,1.1318084064062097,0.5307228179016406,0.0702673081349275,1.2338996455408016,0.4688193154710286,0.047724764659503274,1.2313213881199117,0.4203650843636818,0.052314205077938436,1.2067164894696139,0.39906367548972005,1.3333333333333333
0.33783333640459,0.7953468328014838,0.6340193843494469,0.29014339081428425,0.375040519702194,0.6223879267371644,0.28954378603864644,-0.027958613027503326,0.7004617140863056,0.2770570081073548,-0.06329828221753947,0.5542006368340056,0.33515392831812507,-0.061017252341937486,0.5922839123492353,0.27815755116784974,-0.11404355571113109,0.8039476650192354,0.12588259663860554,0.7929872098688124,0.6479790217516241,0.11771651068121039,0.35637278568644426,0.6685874461518689,0.1020537988514712,-0.033723315551782485,0.7334174979760725,0.11038764611178009,-0.05017259336143673,0.5610765794168924,0.056818924177255446,-0.06052440843795529,0.6171712541858355,0.11735347082230735,-0.09302322707458952,0.7772782494647809,0.25030038778623503,1.357149857382855,0.6037121772738558,0.25776706543633315,1.6097885124730065,0.5691790158886076,0.2565690573494577,1.4983593596341316,0.46458827821463505,0.40138528636053195,1.2557590826961091,0.637602031874831,0.47410305334710623,0.9555671988832279,0.6097846369527009,0.4184672393944824,1.1252766543971906,0.48265019852764457,0.3822589945855439,1.2109497329721886,0.46228976298855295,0.372379949551626,1.2106653499995348,0.4336195636529287,0.36248789287308336,1.162235682713458,0.4110483367523238,0.09148072511918905,1.2801584073024213,0.6172015621616429,0.02054183978193742,0.9861824683744358,0.6476790303435901,0.04531310728112799,1.1340708966467663,0.5277469353814606,0.066460449232014,1.2380403549117323,0.46207631175768527,0.04254823461319286,1.2340267310970208,0.41972419764032054,0.045844292665671284,1.2164951075901789,0.38964383041650885,1.3541666666666667
0.3382918546222212,0.7940842537144673,0.6372069660042241,0.28958645123114735,0.3746689233613031,0.6211020305594768,0.28954447939281686,-0.02786272798783751,0.698518550081173,0.2765058597064573,-0.06174561602631513,0.5515338092198295,0.33486346723387994,-0.06131735471480976,0.591458473822021,0.2779367899870184,-0.11418980130695597,0.8032634899222548,0.12685017196337173,0.7916627729161742,0.6514450018112806,0.11814311215786406,0.35899591938847497,0.665841543625724,0.10239778869512695,-0.03333199367725956,0.7323191660239097,0.11108757211028845,-0.050243471979237966,0.560366008239209,0.05714733250835853,-0.059277651433332794,0.6169049340216314,0.11794643916543128,-0.09314876221699096,0.7762990700668542,0.25028105400324496,1.355609941864067,0.6020309385343922,0.2568844845769969,1.6101169187555657,0.5659986646441857,0.2554211724554726,1.4951474418034576,0.46529626520570777,0.4002846048759452,1.2557171649829397,0.6387898363253054,0.4742708987048484,0.9549403414769845,0.6039647394295844,0.4180559505473135,1.126057722455795,0.4820218222175412,0.38312567296824385,1.213043810296115,0.46366806002855093,0.3721078278978023,1.2133499768107452,0.4355901785861911,0.36245994980216073,1.1655270895848007,0.4116655147649607,0.09245937440653992,1.280344330412678,0.6141635492075606,0.018373090402490494,0.9863893492643507,0.6470713939162271,0.04445750851597775,1.1360211080466682,0.5235257453020845,0.06600700865392976,1.2404028521905168,0.4587526555528556,0.0434324371526037,1.234376726034816,0.4211789108572407,0.04555545704562752,1.2207004357620035,0.38875951062513414,1.375
0.3388430566167939,0.7924085919595145,0.6405006195518006,0.2891902308147182,0.3741476707836354,0.6204259173580557,0.28968731808535786,-0.027907559932623102,0.696986233255048,0.2759322093975941,-0.06040289488163604,0.5490919741510811,0.33496836593677576,-0.06099379121708351,0.5894042793174415,0.27779681184419813,-0.11437501142546716,0.8029519310868953,0.1274301160424844,0.7899761690389758,0.655673083629119,0.11855660730455483,0.36146819476624786,0.6635790294515372,0.10277064525962469,-0.032745792895936904,0.7310189433857532,0.11132851869341287,-0.050693834930470895,0.5596377269380661,0.05787000047967289,-0.05784771779551506,0.6154281859972541,0.11844362419460994,-0.09298690558702656,0.7750041626373019,0.2506253075969781,1.3546775671117213,0.6006562842584641,0.25581656006212533,1.6102588554943758,0.5631244345031701,0.2539281469773683,1.492635073739711,0.4649039028685651,0.3998236646088292,1.2562539591556339,0.63605567218055,0.4783145805141246,0.9580591384277306,0.5937259151175782,0.4168956405453399,1.1263677876745213,0.4832295538537251,0.38001645054750194,1.2154112658798082,0.46157814195865116,0.36928567973152304,1.2132849922314104,0.43548953598528073,0.36012726632404873,1.167610302870937,0.4108291074680662,0.09299540481849133,1.2795683327773035,0.6165277919937112,0.011040946701586092,0.9897852089496112,0.6445723678700767,0.04379437875625793,1.1376127771519704,0.5194619392061375,0.06857847794568747,1.2404430007279568,0.45991822365835217,0.05000756995458991,1.2330661375010543,0.4239532602590853,0.05164746195367399,1.2182424753599472,0.39669994130108266,1.3958333333333333
0.33957425003045344,0.790461584050006,0.6435227796409158,0.2888375669391769,0.37367019015594344,0.6200498612214541,0.2900130901497468,-0.028097312479204245,0.6958803428207149,0.2754605062929305,-0.05959676410591238,0.547404414602713,0.3354070754810634,-0.05996302193089731,0.5865330114508054,0.2776749710315523,-0.11475953067853012,0.8028370473567363,0.12776265337800902,0.78790534996891,0.6601988883300526,0.1189792802125911,0.36334656968284423,0.6618314620862538,0.1031601502617961,-0.031966440134168356,0.7295427822793595,0.111407894063413,-0.05132042432819647,0.559075819824338,0.0588506200739873,-0.056452344705867956,0.6130302987349331,0.1189158543748292,-0.09245184257380765,0.7733846024767306,0.2511235176573195,1.3540660762107115,0.5996463264695564,0.25470964351893244,1.6098526414858438,0.5608034738878783,0.25191220544725523,1.4906926793742115,0.46198333035965533,0.4002766844694262,1.2573715212508785,0.6281388147483412,0.4857734565331161,0.9643522910760194,0.5798207070549017,0.41543456852014243,1.1265377211285064,0.4843079919450704,0.37340704298327565,1.216617190962583,0.4547173222279146,0.3644077418845635,1.2103393736431276,0.43263912850833075,0.35571108916595595,1.16786338442255,0.40908268406193504,0.09300402018508552,1.2778631711436692,0.6235764549525519,-0.0012063305683805339,0.9967772366106744,0.6389944981221509,0.04304360451349702,1.1386688796327085,0.5148249357066007,0.07365464486537313,1.2375522999109287,0.46410176960096183,0.060553857639735614,1.2304206458611031,0.425646108616768,0.061997764076497666,1.209934033120069,0.409189327523771,1.4166666666666667
0.3404972231145969,0.7884958830674611,0.6462045491504484,0.2883971432796452,0.3734685757134508,0.6195349041243903,0.29047913345820153,-0.028444262465603,0.695034075186375,0.27522042731457586,-0.05945127132101645,0.5467847470967719,0.336065079449252,-0.05839141739604185,0.5834921574417169,0.27746510629911897,-0.11521017551503003,0.8025071625320217,0.12804767042660722,0.785650847623566,0.6647398285159984,0.11944364845950604,0.36470080714683034,0.6602194626002499,0.1035624749509425,-0.031043654351096767,0.7279340042957188,0.11177137709764116,-0.05192435739539232,0.5588097317740712,0.059870427566599764,-0.055288879357270754,0.6102253610864884,0.11944413099130997,-0.09162828182808475,0.7715093028077243,0.2512881073681974,1.353400957829987,0.5991504965852587,0.2539184081769856,1.6087506258007067,0.5589762006686119,0.24938670875982297,1.4889032204269692,0.4563224273918218,0.40182653243777156,1.2591042456102952,0.615314306148303,0.4958201648723475,0.9728785877180923,0.5635990610836041,0.4141092566700324,1.1269682919516708,0.48373273723689714,0.3642115994420735,1.2152777501421699,0.44260098339243936,0.35719434269351236,1.20519194574001,0.4255288451489747,0.3494227085339477,1.1652716770652973,0.4078792515306822,0.09246048892583467,1.275229215223914,0.6338157061860616,-0.016816423220559474,1.0076116436430578,0.630546463368238,0.04183627050815689,1.1391312326562053,0.5082771855233117,0.0804768875125575,1.231605183864597,0.4694117281540268,0.0733150180343917,1.2261865278205086,0.42478718206194377,0.07385646816558808,1.1972886906675428,0.42199793348766346,1.4375
0.34156031316061536,0.7867872508936352,0.6485945940466963,0.2878537688757954,0.3736464138557977,0.6186607733228928,0.2910048024386428,-0.028891033196479968,0.6942306513447022,0.27520611101361353,-0.059778636351866477,0.5471832205193189,0.33686747391156424,-0.056482871494250644,0.5806776015871213,0.2771607821858015,-0.11550257207064692,0.8016610913269832,0.12842272650896236,0.7835956368995857,0.66916567405319,0.11996299585685637,0.3660485392732755,0.6583574558432733,0.10398507715611781,-0.030102367285724962,0.7262602449671931,0.11273311528819094,-0.05253485208980901,0.5587497830478253,0.06079466525031874,-0.05445879096365364,0.6073939272895392,0.11993067318636574,-0.09073295178372594,0.7694149367197781,0.25084659540947546,1.3522993249245827,0.5991904012949804,0.25383362345218213,1.6070521024736728,0.5571133254617018,0.24666778666072697,1.487150628015603,0.44936798677610745,0.404345488885659,1.2612455792663704,0.5994942157010256,0.5075786713127454,0.9825341646798224,0.5467291517215913,0.4133531848480225,1.1277600194040107,0.4808585127097493,0.3541595201518104,1.2110410514936647,0.42730705024683013,0.34808201438878716,1.198448253122003,0.41419821578625915,0.3418779176951394,1.159370209527995,0.40845106581926466,0.09125352168674661,1.2719309177766775,0.6448729861266559,-0.033558427193197335,1.0216478767271897,0.6200831530631492,0.03989473219166091,1.1390022596593914,0.5002116434842985,0.08771601975144484,1.223521046794705,0.47468221274217726,0.08667134016060893,1.2202241844397619,0.42219251499042565,0.08520648959002414,1.181510542011907,0.4342503146576095,1.4583333333333333
0.3426984673115686,0.7854666829134862,0.6506920546068301,0.2873649241476627,0.37408879110747245,0.6175922566703766,0.29149504175922747,-0.029238461482521766,0.6932844035851081,0.2752724008091466,-0.060211719962767064,0.5481125087014234,0.3377480618475646,-0.054433822900059645,0.5783318528445757,0.2768352339540295,-0.11562608857473892,0.8004310685335928,0.12889420806273996,0.7819256361351036,0.6732784143268551,0.12052110944652676,0.3676346448706654,0.656267079039422,0.10443410643764352,-0.02926254699530878,0.7245898065318028,0.11426288074743823,-0.05321812399746523,0.5584256524876612,0.06157199142625776,-0.053890286011191876,0.6048199852361759,0.12020420661108262,-0.08982332814746202,0.7671274503005077,0.2500346092923996,1.350753308731325,0.5993483790216684,0.2545645004053194,1.60507040320185,0.5544724381362001,0.24428314231047338,1.485634561430342,0.4436067451659379,0.4075832488266129,1.2633070602129715,0.5833477798983793,0.5200688198045644,0.992504015628492,0.5304470541737711,0.4136492449011991,1.128721276873517,0.4751091331264331,0.34522445462255347,1.2041367205933764,0.41258740234146873,0.3388016044479324,1.1903748744438696,0.40115970612352647,0.3344320217010268,1.1507691459817142,0.4112773228278117,0.08928285414679506,1.268610143491202,0.6538840043614428,-0.04962748290154176,1.0374095309287916,0.608785592944205,0.03712883071149186,1.13808372790911,0.49251597830179294,0.09387500207021136,1.2147078386666805,0.47909218266454784,0.09855374984278001,1.2130558222077545,0.4195324363257613,0.0946898600961794,1.163922730459183,0.44608581547562154,1.4791666666666667
0.34388458288963697,0.7844844520178983,0.6524279755891528,0.2871614752789298,0.37462323986916723,0.6166717615589479,0.29184810288729934,-0.02925735364792592,0.6920886250578102,0.27527560702348264,-0.060507150651333205,0.5489628812061059,0.3386031088429472,-0.05250810495734649,0.5767235908907458,0.27654766446453005,-0.11557724708819135,0.7989321920338289,0.12942520003697128,0.7805349945896335,0.6768622370600841,0.12114869993269123,0.369151202189521,0.6542660065438546,0.10490108476302468,-0.028549916058240726,0.7229632433029214,0.11604280223808006,-0.0537927113110268,0.5574943633403222,0.06214716605520618,-0.05345272523516028,0.6028282153174056,0.12027067682195976,-0.08873945298891692,0.7647429503050729,0.24927943986068984,1.3492385541632488,0.5992133600781131,0.25585469318432863,1.6031789599144264,0.5505585078888355,0.24279808867171887,1.484506677973552,0.44067447250495845,0.4113106095142991,1.2647369068583256,0.5695252021995183,0.5317579497753615,1.0020658663957782,0.515813827148178,0.4151698265153677,1.1297117156452254,0.4663923024655851,0.3385917168262005,1.1951854414770784,0.40104064084981367,0.3309211195589734,1.1815319497791514,0.3897065063012106,0.3284740800504069,1.1407306528377568,0.4161518245445041,0.08681310219055324,1.2659572269600996,0.6588728121884502,-0.0637998984665088,1.0527111626520655,0.5983368315049329,0.033617074518801825,1.136101328976414,0.4866591532308094,0.09802333439613904,1.2064118476837251,0.4820158712635435,0.10646749321532607,1.2057264221056874,0.4172139120260908,0.10093824987207363,1.146739778282611,0.4555285735931414,1.5
0.34512302956621255,0.7838795903125988,0.6536713672181255,0.28736434046136333,0.3751225836574929,0.6161739958911863,0.29203793198160266,-0.028886569248628674,0.6907190687993976,0.2752137598677767,-0.060638589730889716,0.5494212463500704,0.3392902092079974,-0.051067133572469364,0.5760983713751561,0.27630954116854506,-0.11520433770467975,0.7969649674467377,0.13006633412284224,0.7793612430603087,0.679795767450285,0.12194205319938213,0.37023234522410914,0.6526810357579731,0.1053692056423253,-0.027933232614899717,0.7214050470982943,0.11766043348233324,-0.053808130432416605,0.5560206787509099,0.06241482389794374,-0.05316026846618887,0.6017889662686767,0.1202861490957121,-0.08745964026095043,0.7624891764543037,0.24884004398245518,1.348047974143629,0.5988447745560542,0.2573303351702254,1.6016075600028596,0.5456294882737343,0.24258585259558538,1.483289598564185,0.4402982460087157,0.41522037109207377,1.2651768276321238,0.559923853993059,0.5406838791111954,1.0098135073531382,0.5046028579831014,0.4175367402549757,1.1306558323305214,0.4555612316577068,0.33424406881426083,1.1856650012474745,0.39271770906094866,0.324568712493631,1.1731740652109839,0.38151442963872667,0.3245864319654196,1.130813767258163,0.4216346049527498,0.08477096951314082,1.2643463991566417,0.6595741770528224,-0.07431736858064623,1.0643339711416413,0.5919672351211128,0.029792396558961855,1.1331761131910931,0.48266666301698047,0.0999412426963929,1.1997268301889323,0.4834540947070154,0.10843927997942808,1.1994985298691418,0.4146977470295775,0.10243928669167557,1.1331816763384412,0.4590988937149836,1.5208333333333333
0.3463959796242553,0.7837998574784375,0.6543929497933825,0.2879107079046555,0.3754709355022696,0.616158069421163,0.29215817205243233,-0.028314845516407436,0.689424265995806,0.27518022942198783,-0.060662725830387385,0.5495069423350244,0.3396762527679152,-0.05037165243840165,0.5764279935367355,0.27611013378468785,-0.11458571776665813,0.794643748231539,0.13094732299246495,0.7785881471398906,0.681935965537126,0.1229522738848868,0.37095959624051056,0.6516018890723079,0.10582543007643234,-0.02738036710065815,0.7199419942846652,0.11877846397837612,-0.05293149246268754,0.5541428817834232,0.062339731744272334,-0.05308780581424822,0.601798423952461,0.12035656716496573,-0.08624112137249179,0.7605445083155538,0.24879463388550782,1.346982873757148,0.5985266604484609,0.25876751210177396,1.6003016789431566,0.540561190207192,0.2435639870469058,1.4809710629007502,0.4414502852350268,0.4187351134190177,1.264632770780273,0.5551784863334309,0.5455773840329855,1.013996084597077,0.4985347684487389,0.4201547703633744,1.1312746845104924,0.44374531463624756,0.3315141445828796,1.1776115771972362,0.38688196102575007,0.3193684203308711,1.1667374866760367,0.37630750427718507,0.32265886224457974,1.1226214962848329,0.42504496381158385,0.08420063334379385,1.2636244074020666,0.6573368247733847,-0.07879489808019971,1.068780644597888,0.5936639736518462,0.026254311377773436,1.130082312012598,0.48011330239472755,0.09977060414378659,1.1956225396417404,0.4838041130951384,0.10418885494275325,1.1955363486155632,0.41227458264410044,0.09856453011123212,1.1266197663890214,0.4550873283177781,1.5416666666666667
0.34766280521192283,0.7841386380551044,0.6547537940738042,0.28866487005427843,0.3756343856095061,0.6164868624665951,0.29232097732563284,-0.027815132141622942,0.688454359141387,0.27524102052164867,-0.0606801377852042,0.5494619197998937,0.33975043635427904,-0.050363302876558894,0.577208974102663,0.2759645299771598,-0.11412319803820184,0.7925733970464195,0.13214539471924916,0.778415267918332,0.6831413318712637,0.12414578650591944,0.3717989167299707,0.6507388913512995,0.10625975780253408,-0.02683214842356868,0.7185916252122662,0.11921243429963928,-0.05124531508281338,0.5519208766562806,0.06210259971510681,-0.05315421914313494,0.6023531841341792,0.12044598181295396,-0.08534741055549927,0.7588363536982039,0.2491406020643893,1.3458311546854844,0.5984056635991712,0.26007690881835477,1.5990069754351968,0.536320971675285,0.24518814857607285,1.4771224558218041,0.44335508132681267,0.42110898575197997,1.2634761228149713,0.5542553693751688,0.5466690007956293,1.013992235424897,0.49691147318416906,0.4223555654079087,1.1310918978203341,0.4321067618618999,0.3298712437897622,1.1725132788328174,0.38375090053489347,0.31586558849860735,1.162899987646104,0.3732773119938052,0.32246056327305544,1.1172743595151926,0.4238585350499853,0.08518128072766777,1.2632554727459777,0.6542204539820808,-0.07625627891448217,1.06462846527322,0.6042278380756009,0.023107032782348966,1.1277008864174687,0.4797230701854762,0.09770774246922828,1.1946989959444745,0.48263846920756776,0.09540041313664402,1.1945000044392031,0.4110193197334908,0.0904606768235733,1.1283595247988605,0.44563837374288,1.5625
0.34888814013146785,0.7844445399193116,0.654871337903346,0.28956249331242545,0.3757377694656985,0.6170592570502668,0.29252726792744754,-0.027460903630101632,0.6878703018344232,0.27539087779575355,-0.06082056144159674,0.5495943796766767,0.33968087949250825,-0.05079551736536453,0.5778022617233266,0.27593267403874916,-0.11404218626379134,0.7910867940507748,0.1335987033436352,0.7787104505962283,0.6835438694113498,0.12546625263154723,0.3730390663750373,0.649707296525789,0.10665656482042768,-0.026214846986659893,0.7173567962690871,0.11895881850001272,-0.04903688320003732,0.5495295136509324,0.061958675065835384,-0.05318580112543461,0.6027426963992151,0.12042514632333398,-0.08486998582026768,0.7572890374441192,0.2498192871907466,1.344614980699493,0.5985003797594125,0.26116236084296945,1.597561478607015,0.5337456463727639,0.24680854736361682,1.472352282105166,0.4451241679721861,0.42191185337545756,1.2622224401540119,0.5544721008624576,0.5448819204824613,1.0106644620838747,0.49659100646967835,0.42319562942647243,1.129740876650911,0.42216831859774734,0.32930245434653876,1.1704522667517594,0.38381877177862456,0.31525441384177444,1.1612516440155785,0.37238702858708317,0.32389635884117585,1.1153380980780674,0.41711042669894793,0.086856026790997,1.2628624548564191,0.6514157046345719,-0.06819124673783654,1.053439368346383,0.6200859557377807,0.02005580080865993,1.1261033865953791,0.48267035554848137,0.09390941970902228,1.1969126125689495,0.4784321801696719,0.08456487606837895,1.1965406020074687,0.41072394826156555,0.0802901058554949,1.1362168371120482,0.43437971916920326,1.5833333333333333
0.350040272593033,0.7842262012757867,0.6546603078301712,0.2905658249845129,0.37593199823230394,0.6178087763408268,0.29267012279702576,-0.027139077948463472,0.6874960554154508,0.27550905610891185,-0.06102694820315371,0.5498414715379464,0.33965997512881885,-0.051472806154105016,0.5779498724175851,0.27605425769777364,-0.11418376576746232,0.7899987142587136,0.13515283648429272,0.7791012224070735,0.6833208400469486,0.12681683559551776,0.37448395090779923,0.6484037102015883,0.10699110304619135,-0.02552945874298268,0.7162516046913003,0.11821277549475723,-0.04652851743459868,0.5473931874241516,0.06196679391698533,-0.05312212750662666,0.6027587461368159,0.12017732089910133,-0.08475599993082304,0.7560178118309349,0.25066324627275094,1.3433681929782892,0.5989107416716781,0.26190918125956963,1.5960232748319543,0.5330876641738742,0.2480243028533641,1.467534726561787,0.44581511014923897,0.4213216006186531,1.2612435961407147,0.553241142992609,0.5408035372993234,1.0052307327893697,0.49531931741904633,0.42171921752427255,1.1270256012071977,0.4155640075673642,0.3300513383717396,1.1702017939211748,0.38642458875001107,0.31789547909106874,1.1608080453733667,0.3741586110233769,0.3267229954471933,1.1167811612323948,0.4061684989452392,0.08859244517174011,1.2624131397429195,0.6488660401577873,-0.05702038483766077,1.0380089363625777,0.637100851383645,0.017140951157169147,1.1247049491019605,0.48813341050045633,0.08844667651065538,1.201276368891082,0.4705687497990085,0.0735179624606936,1.2013472059710526,0.40969508967824714,0.06987826080776949,1.1465657767757333,0.4220321506421636,1.6041666666666667
0.3511182247491439,0.7832196211807273,0.6540395489232174,0.2915594627104056,0.3761642988783376,0.6184348789624113,0.292668169538333,-0.026785532171346632,0.6871185390388355,0.27538719312011717,-0.06096409122890775,0.5495910986055844,0.33971945169658857,-0.052202085082176025,0.5775811498247233,0.2762571122817389,-0.1142560810414269,0.7890599797042718,0.13664764111650538,0.7794690207313064,0.6819901188979165,0.1280492929347762,0.37577010266920935,0.6469335093640319,0.107237356319283,-0.024856873483155212,0.7153178279654985,0.11725075919356731,-0.0440074083632641,0.5461416334844997,0.06201797241809727,-0.053012442754044396,0.6026348046900462,0.11971623286503948,-0.08486011016776221,0.7550803724513675,0.25138009151796037,1.3420028338298124,0.5997545809103786,0.26226071093441666,1.5945841680791335,0.5334620959566096,0.2487362847645793,1.4633001748322718,0.4450313757471465,0.4198510793514736,1.260598255277445,0.5500641655657692,0.5349487409734586,0.9983436575684486,0.4941900068986439,0.41764068315655045,1.122613386054531,0.4134593826528058,0.3318234482906055,1.1702416381472591,0.3893252235782655,0.32229320527358374,1.1606776881074004,0.3777581586291884,0.33011539707215964,1.1202319484926977,0.3942982255038723,0.09039532888754798,1.261752157739834,0.646446147141595,-0.04440951190166858,1.0208585209755405,0.6532848437338555,0.014811409458094092,1.1232714956534746,0.49337018296988056,0.08118187684608583,1.2058037950552585,0.46136978479418533,0.06303740249232949,1.2074707487440723,0.4076696082372393,0.06009521462480484,1.1568507625499194,0.4073807315230986,1.625
0.3521217053376481,0.7814228666818797,0.6531118927797067,0.29247632915670324,0.3761961017571074,0.6185426273461804,0.2925351307829449,-0.02643562310075756,0.6866885987895133,0.2749658690630356,-0.060315810437745615,0.548282653247002,0.3397813794526844,-0.05274146916035913,0.5766013375970198,0.27634976934819583,-0.11400295635982122,0.7880538745378247,0.13794132298278766,0.7800028132584127,0.6787847440684551,0.12907378505903214,0.37665294817135975,0.6454106704175148,0.10737646360363513,-0.02428651046940143,0.7146059252042709,0.11631556219527535,-0.04198927328836448,0.5461026929576325,0.062035288435705084,-0.052908077099659494,0.6025530749243123,0.11920434118065672,-0.08508194678162649,0.7543468311183458,0.2517672260962928,1.340385709023433,0.6007436237367205,0.2622541511918201,1.5934730515404363,0.5333662841118612,0.24899077155128096,1.4600396742613833,0.4429469676934821,0.41802103308542604,1.2599577804559368,0.5459302074059031,0.5281559074176285,0.9900120230606113,0.49642575191469407,0.4115772388218375,1.1160226532383173,0.4160178789496496,0.33357771494413824,1.1697974317780178,0.38973738840945915,0.325883744632358,1.1604046173448983,0.3802550335592564,0.33288698262049743,1.1231351980664968,0.38438887957817114,0.09233875987615012,1.2603939994689342,0.6445066912870625,-0.03113101626274642,1.0042691872637897,0.6678079290399064,0.013408551253706973,1.122043725891867,0.4964614295243617,0.07201014267036479,1.2084093826015396,0.4547933657933332,0.053249632308521144,1.2120583145840174,0.40738095605325,0.050816424682278885,1.1650814988230676,0.39309961927467635,1.6458333333333333
0.35298843252101403,0.7789669892369226,0.6520476791737854,0.29340914574812055,0.37584274862382805,0.6181294609684471,0.29229234435952256,-0.026208553571558116,0.6863437238674887,0.2744576190227353,-0.05906507447862145,0.5461094754241742,0.33981583211717414,-0.053056232649759526,0.5752726879202129,0.2761540835885183,-0.11335494078827753,0.7867689493353697,0.13901441807779186,0.7805717808473609,0.6742607765211189,0.12990909611105464,0.3770419444553748,0.6439132452509565,0.10739473817486993,-0.023961309131010314,0.714161438157594,0.11569608679440474,-0.040884325783603244,0.5465523040635384,0.0619926374168744,-0.052887746265970925,0.6026020084142357,0.11879000929749102,-0.08551636540010736,0.7536858828033239,0.25193516799237836,1.3385262737750796,0.6011498171773539,0.26197645486152166,1.5927412287529235,0.5319834549623106,0.24886990082772054,1.457880161843343,0.44010125352286533,0.4162685541188895,1.2587415080898463,0.5416184462182849,0.5212509105691492,0.980305874166372,0.5041813064978777,0.4046055094896087,1.107168324732267,0.4216911325533549,0.3342785684811501,1.168788270909991,0.3863550803000761,0.32702106694996697,1.159965611816638,0.3790122085336066,0.33424760319416835,1.1233846838705286,0.37730741985055233,0.09426083915192617,1.258084342348327,0.6432417915618668,-0.017875443925228045,0.9904739258527292,0.6794077357802865,0.012820987630386874,1.121015189843365,0.49733198842841947,0.061333361446846334,1.207900207583328,0.45308101412723945,0.04408009761928389,1.2122515790122852,0.4120148253025301,0.04167381196035006,1.169152444537945,0.385821233242285,1.6666666666666667
0.3537124935315885,0.7759678026301492,0.6510316812400078,0.29445626194593033,0.3751065945328367,0.6175781553136281,0.29190344478835933,-0.026360649892914978,0.6863069487800718,0.2741166410028913,-0.05756440576369094,0.543993953244782,0.33986507680946704,-0.053387578661461994,0.5741587611050938,0.27573029074548683,-0.1125466870799903,0.785363914381744,0.14011757376031922,0.7805418305774781,0.6703935932822636,0.1306039204007319,0.37714739136164227,0.6424790233070964,0.10728595442917213,-0.024086698417519425,0.7140337373101578,0.11566641784486523,-0.04057172054191827,0.5461849000421604,0.06187704911503024,-0.053057069742430775,0.6028774153930657,0.11849654652328748,-0.0863683741315659,0.7531857534145318,0.2521751500762076,1.3365948833556178,0.6004491430728639,0.2615319040464271,1.592120355607947,0.5297156208787062,0.24849137103864521,1.4567699022121459,0.4371610995704269,0.4148716381827818,1.2564782013514673,0.5375011870566518,0.5143990892035855,0.9700819022829684,0.5168033277221641,0.39755893307573265,1.0967950530134787,0.4276510575993295,0.3333080246409791,1.1671356317865922,0.3799816617428181,0.3256810140429034,1.1594817081130018,0.3740132412891245,0.3339073112644916,1.1203764108044723,0.3725268487338018,0.09600613813299883,1.2551441766256655,0.642428119706229,-0.0056319545483448814,0.9810900647194498,0.6867731974339768,0.012551890372845374,1.1192969521635734,0.4967780349024588,0.0499963530800067,1.2036645658914062,0.45604805838257606,0.03549833671058523,1.2067631346753063,0.4218493154786972,0.033034179378353824,1.1677999610461776,0.38928366239327344,1.6875
0.3544402470066227,0.7724662193967344,0.6503204490827156,0.2956053531170894,0.37418196354916,0.61713724878261,0.2913718485914661,-0.02707601457333242,0.6865779136732786,0.27401684326214637,-0.056433652065902215,0.5428934368009566,0.3399700928003711,-0.05381921041596084,0.5736218709584562,0.27539191451390355,-0.11188317700325501,0.784430898650106,0.14157278396162393,0.7794270439882153,0.6684431895391599,0.13115044745076823,0.37747334096460283,0.6411591566511622,0.10709142615512549,-0.024658209862802344,0.7142646950444006,0.11622016672792237,-0.04052488922965449,0.5445819610658907,0.06176835814050331,-0.05336387130067132,0.6032647783857601,0.11831096982686455,-0.08768644806648879,0.753134308621533,0.25266593859991837,1.3344937586420347,0.5987024538637651,0.26105729952780143,1.5912561506236327,0.5274255003819908,0.2480031142846418,1.45644527088964,0.434469640928365,0.41397384543347215,1.2528839418953275,0.5340927193743833,0.5067027376691314,0.9604671132209476,0.5313342657768472,0.39062832686148596,1.0861707982680093,0.4317650229068891,0.330084453111445,1.1647775436446317,0.3722726689011652,0.3222163967558521,1.158728267843754,0.36697144992858954,0.3315309996487375,1.114665499385718,0.3687293392025096,0.09772995239908065,1.2519321908575602,0.6419782504537783,0.0050209939194722775,0.9760469262929742,0.6905588099474189,0.012238203177886356,1.1150538179387632,0.4962703588644367,0.03904271679092772,1.1951700030599612,0.46275725331803585,0.027567322940777537,1.1959834294639626,0.43436374519521115,0.02563385851357225,1.1606846099208086,0.40131263920064125,1.7083333333333333
0.3552881986341169,0.7684270622544083,0.6500278776928079,0.2967690331739312,0.3733107118865218,0.6167344353316602,0.2908184667430509,-0.02810542350147184,0.6867451722510878,0.2741360173238379,-0.056001913701036146,0.5429839093632263,0.34012375015493523,-0.05405483620882145,0.5736826510410612,0.2753563622804076,-0.11143443130880074,0.7843031715669643,0.1434244155198616,0.7771757545030309,0.6680806950320526,0.13148185265132317,0.3783278509387985,0.6400756353833792,0.10692842589576858,-0.025373114386298454,0.7147993813539945,0.11712940340382363,-0.040224136333534416,0.542291661261187,0.06184970479420539,-0.05350043622334252,0.6033113468071681,0.11825146823436376,-0.08923777591330817,0.7536664837420368,0.253378065695601,1.331720864677795,0.5962784440533413,0.2606144400917587,1.5898724090710958,0.5254238653676606,0.2474486832861828,1.4561464713482877,0.43212941863986554,0.41368472331451084,1.2477983183257166,0.5320362831794624,0.49703243503370986,0.9520293784201508,0.5436843782778438,0.38374834110841793,1.0762985777227543,0.43353163152358665,0.323926682646367,1.1619335809382172,0.36510114814139727,0.3163539264148089,1.1569610795924126,0.3590248056243623,0.32679929749596714,1.1072411521063987,0.3638960157027422,0.09980689253658678,1.2484298797513977,0.6421680814294104,0.01456702971862708,0.9733465561209165,0.6940966429331674,0.012166114120192839,1.1066613921881605,0.4977796879237525,0.02976260873034256,1.182653250824394,0.4718075106192895,0.020425176793682553,1.1813751855936894,0.44685658851597104,0.019686619321112542,1.1478638991583587,0.41714153040760377,1.7291666666666667
0.3561664011094676,0.7637273257953187,0.650026784398014,0.2977891477531381,0.37253568045810836,0.6162387580646541,0.29036518465643885,-0.02894120216678195,0.6863762230928628,0.27453438689224,-0.0557883058292963,0.5434089576415472,0.34025793374790037,-0.05382577211942062,0.5740798352020982,0.2755122570002904,-0.11113906229412306,0.7846101149119405,0.14545555053773127,0.7738295331356544,0.6688492587717698,0.1315426491636595,0.37950793450409503,0.6393299709422974,0.1068890124464854,-0.0260020806290909,0.7153897240539273,0.11825578152835398,-0.03938290387965061,0.5396249153523192,0.06228087388306326,-0.05303442964664916,0.6024046767439429,0.11831334832492649,-0.0906740547917904,0.7545512734959707,0.2541815496602546,1.3280108934481638,0.5935375709770493,0.2600455394585137,1.5876279282188779,0.5234942442638729,0.24654565777143755,1.45500910193639,0.4304827640235587,0.4139668556470878,1.2414791304912292,0.5314823909486615,0.485575100803937,0.9449495422984255,0.5500682792085011,0.3770570358187161,1.0676404902692886,0.4328951680520332,0.31451053847724814,1.1586145412130537,0.3605793557922392,0.3076549841791748,1.1533420590762926,0.35025564645427903,0.3197757135794206,1.0989866129201955,0.3566716317033931,0.10233601952499022,1.244576228649891,0.6431230668889633,0.023634270602109562,0.9706648206161466,0.7009538142519571,0.012946238757108347,1.0940898802655459,0.5023612846844685,0.02354601022106624,1.1679010496256077,0.4802448399353007,0.014296209380572394,1.1648899091224751,0.45758571661709163,0.015038454433781018,1.1304126591155075,0.43275942329426537,1.75
0.3568618232546662,0.7582281084473899,0.6503058981125828,0.29845137866581667,0.37169722107771913,0.6155942726538224,0.29002199988241034,-0.029366094473556398,0.6854303293395271,0.2752924535630766,-0.05493983736139289,0.5429813118021845,0.34030042550544337,-0.053299517125026764,0.5745148524972538,0.2756470264201947,-0.11106258914826438,0.7848417261156301,0.14739194958273275,0.7694340528976936,0.6708510244661462,0.1312885194132985,0.38077406316690654,0.6387496908000023,0.10692412168722239,-0.026505220417408548,0.7157336756536117,0.11953245745878868,-0.037981098549140495,0.5364229532476199,0.06306242049553575,-0.05162094731833583,0.6000375758373417,0.11843899079992257,-0.09177064511903432,0.7554706587277202,0.25495360178038146,1.3236395773975995,0.5907655402321978,0.25917791537746177,1.5842654148255728,0.5216883647288937,0.24477573748774606,1.4529615192323062,0.42976817197619743,0.4144788619615153,1.234667579165195,0.5316237915831584,0.473922185118025,0.9393458224116347,0.5481381139970585,0.37053127463562885,1.0606025636932817,0.4289616859426223,0.3022136208125483,1.1539923080726402,0.3600141216802241,0.296247189828054,1.1472747075293412,0.3410078657604136,0.31065843662495374,1.0905555924006884,0.3475772824527368,0.1049301073868187,1.240564125544353,0.6443789893015257,0.03174601872531998,0.9671971990380657,0.7119751802803506,0.014686780435991498,1.078726165559935,0.5090773225103574,0.021186271864380317,1.1534296714283963,0.48409806191194765,0.00959017002973106,1.1482261497517718,0.464999351980771,0.011803327595336682,1.1106781877573813,0.4455466921360015,1.7708333333333333
0.3572367259190889,0.7519566312896155,0.651166388709903,0.2985861761001945,0.370623418467842,0.6147852652367698,0.2897520828195606,-0.029493603593419265,0.6841123624572811,0.2762257000563195,-0.05301533966065269,0.5410448468138086,0.34023681206879575,-0.0528501927899254,0.5748881286065868,0.27572306559377074,-0.11123660825912755,0.7848327409168554,0.1490359345291216,0.7641449843332246,0.6740961519068234,0.13063442632720915,0.38238865828809526,0.6377083394159476,0.10691428515739398,-0.026781102130343973,0.7157338338890474,0.12074406095195772,-0.036204899883121706,0.5327333545756278,0.06399598791719056,-0.04923587624080292,0.5961436444815619,0.11854320530285165,-0.09246482610936511,0.7563098586334049,0.255588276710253,1.3188581346552353,0.5882758824581995,0.2581825313325605,1.5799765848664653,0.5201290835953523,0.24185143753946975,1.4505064846490632,0.42961454978955954,0.41479272068991135,1.2280462881123433,0.5313154646556025,0.4638132963572461,0.9352211396074562,0.5368359466114093,0.3637358093638679,1.0555607259886075,0.42053152414559913,0.2881043920289468,1.1468291276551048,0.3627995810217213,0.28291189507502185,1.1385980953167403,0.33257077826989917,0.2995819901461763,1.0824908967318663,0.33838521946334854,0.1072055924682761,1.2366034548416371,0.6451989192291755,0.03785022733890295,0.9635484273334126,0.7253073108056375,0.017005640472456923,1.062308430061875,0.515953534034044,0.0222247256474191,1.1404022531516997,0.481379332866142,0.00691246854474049,1.1323435094196106,0.46773853246851427,0.010510952375397974,1.091177967838457,0.4534417364174548,1.7916666666666667
0.3573074829957863,0.7451501048191488,0.6530032542294274,0.29817560591028197,0.3693211757429386,0.6138169787105346,0.28954338859542544,-0.029357224982877475,0.6826027394114285,0.2767832094692762,-0.050044843569850554,0.5374681291202998,0.3400081198503778,-0.05244646590410061,0.5748307045621114,0.27583809329449605,-0.11136950557936488,0.7845211086932087,0.15036381489582804,0.7581177663770035,0.6785155848571727,0.1295250756996675,0.3848492808944297,0.635474848325044,0.10679830451728381,-0.026701030119380215,0.7154827196486012,0.1215389037804684,-0.03421852426750451,0.5288603419808886,0.0648395976541348,-0.046234582985622615,0.5912138171217672,0.11854123865212353,-0.09275203798464834,0.7570779552447089,0.25600471184371615,1.3134714316175722,0.5865401980063557,0.25738140556655065,1.575186235797736,0.5179367510259407,0.23795602082135875,1.4477824622629527,0.42946580499621734,0.414744676079188,1.2218523290123786,0.5301296727080737,0.456496399606863,0.932320944920706,0.5166499995799565,0.3563361353800365,1.0520056123504187,0.4076739628590917,0.2734631743297318,1.136812825358081,0.36648906329693387,0.26851636332520995,1.1279943441837565,0.32610041453944344,0.2868308429604993,1.0747968506519496,0.3309742144299662,0.10925399382448753,1.2325613832775362,0.6451995706422932,0.041468987643668714,0.9603975753728506,0.7384673550136459,0.0197025978847863,1.0464155121470118,0.5221410164056418,0.025181292843754526,1.1277226830553702,0.47404969944861863,0.0064862935325131175,1.117496550867585,0.4662093283529857,0.011530342710010093,1.0734270928721825,0.4548571856397012,1.8125
0.3571478179859372,0.7380790412591298,0.6559542261941245,0.2973546207124214,0.3680867344667193,0.612656430845927,0.28937754150871475,-0.02879275786922772,0.6810257124525548,0.2764337791401617,-0.04622277773559591,0.5323019673190891,0.3394579544689639,-0.051578731193924664,0.5734652248829908,0.2760659469488422,-0.11107490947917786,0.7839509158103382,0.15146205153216563,0.7514220219751011,0.6843312164254548,0.12803376025965382,0.38820120252689905,0.6319301494245637,0.10658248073229637,-0.026279664028649785,0.7150908676541612,0.12161025183963453,-0.031993220014221786,0.5249568335239476,0.0654615735446876,-0.04307744748116526,0.5859697582385863,0.11838730774983532,-0.09263015117241656,0.757695330370988,0.2562112473015424,1.307298231258278,0.5858796110791393,0.2567121640263067,1.5701488932324534,0.5136442684773503,0.2335428573563701,1.4445290746818833,0.42920941127613443,0.4143722708663345,1.2160872044155635,0.5284238398407627,0.45259625623952193,0.9298859014094714,0.4912222843953412,0.3484231348337043,1.0483793286061953,0.3922139087110441,0.2590463785405146,1.1252045787703453,0.3676736249888045,0.2533971206071741,1.116743535332781,0.32105081257520024,0.2729267805265793,1.0665476864506782,0.3261449813124916,0.11143301080151416,1.2280707058796283,0.6443571229133109,0.042962281315525305,0.9579395924668936,0.7497141894342109,0.022656189721613693,1.03245748028953,0.5280940824457344,0.028380079066946805,1.1138488885410927,0.4662141856247035,0.007432181396321479,1.103464563018399,0.46317315502441575,0.014135164739800433,1.0572882297119959,0.45061662385039136,1.8333333333333333
0.35686440682518605,0.730916077261278,0.659684190792787,0.29632913432440067,0.3673029544908193,0.6111470402751038,0.28924747189117145,-0.02768239027248691,0.6794575000553598,0.27515504466435087,-0.04190561600239804,0.5260373566213576,0.33851771463278535,-0.049934582799582995,0.5704485269169814,0.27641034081592863,-0.11027964837768892,0.78344352543592,0.15236188678681425,0.7441949517243791,0.691750466477056,0.126297283977583,0.3918751744800223,0.6276234992622892,0.10628952597895751,-0.025604348829075155,0.7146294635330236,0.12089575988583466,-0.029454618509670336,0.5209196619414824,0.06578025085736974,-0.040042106185514965,0.5810095684171416,0.11807524915719572,-0.09208570942531556,0.7579297100276878,0.2563120837549981,1.3008592051819112,0.5858199411939492,0.2558198321374012,1.565100240761409,0.5069067336884375,0.2290743294466,1.4405689490834497,0.4292741632014444,0.41370051782311645,1.210740236371259,0.5267060828621677,0.45181128260208336,0.9268657056119738,0.4668456157192321,0.34028333152323287,1.0432438280315008,0.3764842191947083,0.24517682112203737,1.1137508344966394,0.3638204981763085,0.2378406023853805,1.1055990385788046,0.3154472834342873,0.2586184158580498,1.0564181503000736,0.3230451004420617,0.11389539640136867,1.2230323902029716,0.6428239220814442,0.04330869861691585,0.9561514992221417,0.7587955767606045,0.025303704076937456,1.0215947789709634,0.5335369933695924,0.03076172909091009,1.0991028067450754,0.4601761763726231,0.008163495131737789,1.0899313193343931,0.4613249640679497,0.016404635517994037,1.0415909771817118,0.44492279944058943,1.8541666666666667
0.3566836311048876,0.7238364251096914,0.6635745426438456,0.2952882760637175,0.3672062220960105,0.6088927842874587,0.28920925567388467,-0.026099954238676004,0.6778548997739486,0.273352660421017,-0.03770161663543171,0.5198899865967933,0.3372927791819496,-0.04785390894485569,0.5665672862777927,0.27681531863651426,-0.10923483329446144,0.7832090405328169,0.1530607220512373,0.736842567505699,0.7005589972294493,0.12441298054043513,0.39519994742902487,0.6230342670098975,0.1059361089717187,-0.02474732013003368,0.7141214284077526,0.1196411978039347,-0.02650138022040087,0.5164358324358537,0.06570501545823595,-0.037342123914123435,0.5768749613715781,0.11759153820718037,-0.0910970681783889,0.7575932497058765,0.25639133222846217,1.2949948953244923,0.585354625326207,0.2546951129907653,1.5603321388044813,0.49885611106307065,0.22481398643966907,1.4358360530556031,0.430204051842489,0.41282208719420344,1.2056439763760116,0.525221715672715,0.4532842961176129,0.9228018365860188,0.44849386970812233,0.33215086692062623,1.035894350856615,0.3616402839831361,0.2323994630771909,1.102612510274593,0.3549303982739471,0.22307782021996142,1.09393364165454,0.3083140132632667,0.24475406335744856,1.043112757423574,0.3204924713425479,0.1164067667350676,1.217684186811703,0.6413211843773987,0.04349522794012856,0.9549179733387915,0.7667919362863374,0.02668262128644977,1.0139119756436117,0.5372488061231397,0.03200122241128462,1.084776682091457,0.45503230561495434,0.007442759655015844,1.076469336992997,0.4605374671038911,0.016523062618126284,1.0258488317920404,0.44168000048613937,1.875
0.35683538335620074,0.717178451576073,0.667139673940027,0.294275045008544,0.3678909480390924,0.6053307517206291,0.28931702179634966,-0.024222683597337563,0.6760786739039548,0.2713815938108322,-0.03438128773898864,0.5152659643695355,0.33589311527749355,-0.045882509033224085,0.5626836977119394,0.2771745463832508,-0.10826321107272072,0.7831038455528521,0.1536526691202069,0.7299186461566151,0.7102585176025552,0.12246387240214951,0.3978570917450301,0.6181196041163308,0.10553656663826885,-0.02377948540871358,0.7135406709780145,0.1181631707836794,-0.02296639719053991,0.5114319450137591,0.06526003961910998,-0.03530027798916611,0.5741857137617877,0.11692142022427923,-0.08967070291459875,0.756737753742851,0.25641986233570113,1.2898058968012105,0.5840124345546555,0.2538135465228806,1.5558518350604698,0.4909304283914226,0.2207248174496482,1.4303390794530162,0.4320200230041031,0.4119307167443276,1.2003615771134584,0.5237832473955011,0.45624462525086107,0.9180843694314208,0.43707832493047305,0.3242485965630868,1.0254547975948674,0.34763810889239105,0.22145265018241306,1.0897297549990481,0.343001687294345,0.2110003351115899,1.0798077810163615,0.3010753496274693,0.2320039487500299,1.0253506035397335,0.3181362981351039,0.1185429573767175,1.2120635286644397,0.6411146023020898,0.043799236989798346,0.9539839722787828,0.7741967761729038,0.025647197971566928,1.0073081116400855,0.539376513183518,0.03164571465301614,1.0700690720637083,0.45009452799973904,0.0048731379760068895,1.0617392409792394,0.45873350230938653,0.013905727785440487,1.0101972932537175,0.44048452986350933,1.8958333333333333
0.35734344645923083,0.7113650140069717,0.6702368198267613,0.29315111603918653,0.36924764827363193,0.6001674226146931,0.2895619082999057,-0.022191312007516076,0.6741068412888397,0.26940372627024645,-0.03256493585590635,0.5128459243393708,0.3344096099383543,-0.044163381995069854,0.5590388781018221,0.27741477919332835,-0.10747872274716656,0.7829519053920088,0.1543061741733575,0.7236706317552788,0.7205564755844058,0.12054817101001931,0.399880991136427,0.6125861915650661,0.10509926844771068,-0.022737505237726094,0.7128518792661941,0.11667235516425598,-0.01910447395250125,0.5067543886234034,0.06466873110564339,-0.034032613717290106,0.5731722387463142,0.11608519410309179,-0.08785041765388654,0.7555191990234233,0.2562895205575215,1.284667801460846,0.5820273589628098,0.2534590016861622,1.5513403117889284,0.48397421125066975,0.21666351706918952,1.4243227142208807,0.43391132167167906,0.4111076946660237,1.1943516302692767,0.5219361775314926,0.459908776964461,0.9132593011071749,0.4306957130807438,0.3169158358393014,1.0104947936592201,0.3348918606274456,0.2127062328719786,1.0728592321683506,0.33058998556522845,0.20267554767054852,1.0611442963609203,0.2959809258478371,0.2209845376972086,1.0023317689111881,0.3158966294913793,0.1199328110355585,1.2058365591806561,0.6431119304878565,0.04374929734630064,0.95304675527211,0.7800104897273215,0.02139049335156571,0.9984554176326623,0.5420391393124265,0.029066056894504644,1.0521399621243963,0.44696550731695694,0.0008517356055875371,1.0438005198479736,0.4545954590676087,0.008795037092266223,0.9935521991183578,0.43892055736271385,1.9166666666666667
0.35803412168792,0.7065843716140612,0.6729315740137352,0.29178232985023006,0.3709644445625787,0.5936543648328483,0.289882766607106,-0.01998730948759804,0.6720553177250442,0.2676143083693564,-0.032177199410823296,0.5120997236800889,0.333153296284737,-0.042602011584636314,0.5558680671527418,0.27757368171573377,-0.10673549420981061,0.7827282685561968,0.15510162138443834,0.7178509510444209,0.7314380343886522,0.11873773192867838,0.40141556180458676,0.6064132988303094,0.10462586801577764,-0.021591446265533373,0.7120503189582961,0.11543400824900872,-0.015771753325356713,0.5036244368753677,0.0641919035558619,-0.03334547440911453,0.573399651602047,0.11512065412871424,-0.08568427050353737,0.7539831650838689,0.2558457124469359,1.2790506159103476,0.5797182203659811,0.25318846233294534,1.5463620078206395,0.47820586278248917,0.21247196666011733,1.418073800550652,0.4346869014836209,0.41023665891141103,1.1873694954884662,0.5195257881481452,0.46358296110331765,0.9088176162903683,0.42696316198312484,0.31051469919778396,0.9903864738440459,0.32499377873338015,0.20585633787695906,1.0515315920376034,0.32026580248220565,0.19722338127358285,1.03725175191797,0.293597451757292,0.21247346273951748,0.9742727391027853,0.31352510376253706,0.12023150567273266,1.1988869788544723,0.6473321170269494,0.04253775501283419,0.9520247615259346,0.7828839642497673,0.014094336072593583,0.9854784798754945,0.5467538715793749,0.024593524799153176,1.0294862760583654,0.4466776466027157,-0.004039629085878596,1.0222227256438134,0.4478523013573371,0.0012441950113239553,0.973520208516545,0.4374521047164337,1.9375
0.358720801740737,0.7025981481482484,0.6752421854185264,0.29020100746819916,0.3728167013791629,0.5863403452293736,0.290164590672054,-0.017452054749276802,0.6700002977573849,0.26629705817221444,-0.03236137596652663,0.5117498133894123,0.33257262979887076,-0.04130122915517112,0.5536427576554555,0.2777272297826736,-0.10594871547110421,0.7825686553300506,0.15593398389469354,0.7121202128109092,0.7426463359759858,0.11708402079266475,0.40245896558940125,0.5999938030702496,0.10413515248586795,-0.020321727678430962,0.7111792560004435,0.11474646425574077,-0.013658141214374905,0.502428716421167,0.06393214231306735,-0.033177889945441935,0.5743133402745051,0.11406595730413574,-0.08319426241322928,0.7521078702557717,0.2548912314417717,1.2725815834523282,0.57736841090434,0.2522696524904854,1.5404231424861883,0.4736611653452778,0.20783818108594043,1.411608735413239,0.4335311388608729,0.40907865700184814,1.179723560047436,0.5168905623073313,0.46717011851776763,0.9054509145590243,0.42397936308502693,0.3052258890960812,0.9662853386731219,0.31903299110304056,0.20000425062194643,1.0261793568436683,0.3138207470086004,0.19229525639387363,1.0084821862512876,0.29265390105937095,0.20687706389195532,0.9423430804134265,0.31082172936018204,0.11926338828013369,1.1917355046566542,0.6529858482453286,0.039315216200464194,0.9512836440969099,0.781597848671398,0.004566315194765438,0.9685668393833657,0.5528393290273288,0.019546297797181218,1.003389776301041,0.44805193261904486,-0.009839473201751879,0.998626573856676,0.43839887562426894,-0.009014890711217522,0.9484758617345413,0.4391334257512991,1.9583333333333333
0.3593664884617723,0.6990031095028991,0.6770908851573483,0.2885537790855456,0.3749391011297447,0.5785893887246736,0.2903128266486463,-0.014552219959907783,0.6680702394203434,0.26558964710083904,-0.032290465566324075,0.511111782798413,0.33281850444016436,-0.04053021712115286,0.5527308288794157,0.27793348012865254,-0.10522796920953259,0.7826953181840441,0.15663053474920333,0.7064879984155453,0.7535943398162482,0.11569682320653513,0.40287350237971187,0.5936921638833874,0.10366401726947583,-0.01895150720173651,0.7102985026165755,0.11462840352033907,-0.01291677499551315,0.5029605752821903,0.06377405354997549,-0.03358501722587972,0.5756035065586911,0.11296303453126212,-0.08037807271287958,0.7499543777330805,0.253294596989442,1.264659307835377,0.5754021445211719,0.250449720415571,1.533201998918052,0.4703735759836357,0.20252641960284326,1.40472659826776,0.43027988385855287,0.40735456546346027,1.1718430547920122,0.5143423907086367,0.47102022301332286,0.903604577690425,0.42027462344671584,0.3011072315010358,0.9400462106590325,0.31582827652591766,0.1940388581815795,0.9964194858875313,0.31080466542514606,0.1861482047123478,0.9748442132955599,0.29237828141383265,0.20381216800501628,0.9081132133324626,0.3079180982796431,0.11726290274572498,1.1852091001447553,0.6587614479635739,0.03371405757030016,0.9513607985969966,0.775098056777483,-0.006526617697590062,0.9485137662445855,0.558759581738444,0.01495369843501487,0.9760114242918078,0.4497582352424267,-0.01698996305558129,0.9741987864554039,0.4272732536623345,-0.021647720745940555,0.9190361683666998,0.4455834012829263,1.9791666666666667
0.3600515746802766,0.6956321163637234,0.6784265640834631,0.28693202463777984,0.3776775186747623,0.5703847901207382,0.29034970247136005,-0.011487148099886338,0.6664342724695801,0.2653652350817689,-0.03187495380113124,0.5107159245783357,0.3336860034113906,-0.04045145776716273,0.5533783183962989,0.2782699889697398,-0.10454939611913865,0.7829849571807758,0.15712397425972086,0.7012113302906717,0.7638563666630417,0.11474385241394375,0.4027137580735599,0.5875336882019013,0.10322080802294113,-0.017462101705245328,0.7094106911942912,0.11483836366749314,-0.01361905355735385,0.5052171078003054,0.0634509530991388,-0.034438746092432124,0.5771654675074775,0.11183601594661212,-0.07732931774996084,0.7477462934520956,0.25114050436452573,1.2546964780529335,0.5741409928203905,0.24806662916148065,1.5247803616572808,0.46775838841424044,0.19678462462395668,1.397035465714345,0.4254007551919903,0.40493185365564793,1.163771195044516,0.5117439731840893,0.4754168356644304,0.9026254326561706,0.4147940691349087,0.29832463999165465,0.9127905081073623,0.31294843716525944,0.18741029726235087,0.9619672127619053,0.3087639581712986,0.17921348570503756,0.937138039390499,0.29309088063879085,0.2026259500656702,0.8727238544008511,0.3055032784073042,0.11457956654580179,1.1797770230490134,0.6633571518118474,0.0263170051741586,0.9523824300375234,0.7636768589466564,-0.018512801596912612,0.9263075995547132,0.5638094884918261,0.010754607355764835,0.9479897290026211,0.4521055103216018,-0.025417661194519624,0.9479142551740689,0.41796441083606756,-0.03526266847266478,0.8874004178940583,0.45585365373268216,2.0
0.360810919914093,0.6924253617734454,0.6793809072501633,0.28531014608203603,0.3810938548695054,0.561564280561997,0.29036673766646454,-0.008521401021489988,0.6650112785892471,0.2654174409641199,-0.0315756500449772,0.5111905683365937,0.33485909228078237,-0.040904204139585294,0.555451757451965,0.27872849120415844,-0.1037151434906645,0.7829954593640304,0.1574295771994881,0.6963799051944367,0.7733012026640499,0.11429030789149155,0.40233430974440104,0.5814238883729628,0.10278285618103566,-0.015867952698251128,0.7084650996161297,0.11511410448062903,-0.01580627496484857,0.5091698693678497,0.06280262220831037,-0.035649035188792415,0.5789932663949229,0.11069735821062153,-0.07434410183739917,0.7458046136150008,0.24880913166821783,1.2427920870989304,0.5734399939360754,0.24556861291388116,1.5154401264430484,0.46447518882288574,0.19127364518649284,1.3880695939702914,0.4197539298337227,0.40192198608759044,1.1554149097278221,0.5087289084673814,0.48027863725013065,0.9006001274444946,0.4075278368706978,0.29694685779030977,0.8852716671316073,0.30914907574157036,0.18061493125418837,0.9249020942964024,0.3057209781297966,0.1731680057872891,0.8984979578655339,0.2947228062250401,0.20277357414956715,0.8369613717702356,0.30393596079440277,0.11147502616527452,1.1750945631741452,0.665851467196386,0.01814600374323922,0.9539464503194004,0.7496847547592916,-0.030355234841002547,0.9035841573865481,0.5686783189831508,0.005919510837678367,0.9182971253929738,0.45673626958791,-0.034410382674778375,0.9182675404661096,0.41535844838515734,-0.048263173792768954,0.8558774045941843,0.4686384696738102,2.020833333333333
0.3615703918063457,0.6889624523137967,0.6803333387056871,0.2836567694636843,0.38487492468992623,0.5520427228103588,0.29042478615390394,-0.005921043615784202,0.6635934095907389,0.2656253406437159,-0.03175670896027621,0.5122699131173332,0.33597909371347756,-0.0414818526021185,0.5580935152881593,0.2791315048198098,-0.10275328315076183,0.7826576724487508,0.15751322084062142,0.6917616340661792,0.781938246253169,0.11419035428745472,0.4019785660005953,0.5752797950825351,0.10235843037484002,-0.01439941342804027,0.7074523200694227,0.11517453555745825,-0.01914029026354725,0.5144855685038223,0.061946053180133916,-0.03728579298445823,0.5809234090689724,0.10959035997638941,-0.07170488391888993,0.7441937836964345,0.2468473323096622,1.2301485152896454,0.5726052242024939,0.24316763337593725,1.5055643261034504,0.45991019432941405,0.18660361856695643,1.3778788791958436,0.41413923451173706,0.39852929357918665,1.1468970270855285,0.5052056506759478,0.4850231387365117,0.8954459540116717,0.4001274415364171,0.29656918218798894,0.8590851398616498,0.30517852483342645,0.17476549104624903,0.889168418323963,0.3019053430526129,0.1691147185175607,0.8623586471422978,0.2969466403477136,0.20372899520498022,0.802601243663608,0.30226223189584267,0.10836559328575743,1.1702546253572645,0.6658491847688783,0.010049178970389507,0.9555706546439067,0.7366005676877027,-0.04105179735030713,0.882370783437599,0.5744081787256773,-0.0007552295350542549,0.8869136352173682,0.4650633250190024,-0.04327259319329449,0.8861511898522261,0.42269048798635334,-0.059808738099277406,0.8262828056018697,0.48401035261439346,2.0416666666666665
0.3622288382613069,0.6845344219436301,0.681624698955332,0.28201962449880624,0.388790649316741,0.5419207582077017,0.290511081280175,-0.0038937440816366325,0.6621936721166347,0.2658986035382671,-0.03236029588781231,0.5133561347725213,0.3367026761934505,-0.04190689770763335,0.5602698224581351,0.2793425709024971,-0.10190277665122266,0.7822396015384647,0.1572591498632324,0.6869792298423052,0.7898843741960663,0.11422786664670809,0.40143852889107107,0.5689783601564445,0.10199609441857284,-0.013412084941783267,0.7064397415954413,0.11478278026255205,-0.022909016091397782,0.5203656849062731,0.061092370745369474,-0.03919423102976498,0.582564520627321,0.10858022103742865,-0.06943986892675502,0.7426002600912611,0.24552009936589458,1.2184452112552155,0.570473293933742,0.24099411726018027,1.4956372122402681,0.45496411598361775,0.18301542399651527,1.3671335167815017,0.40904840950777266,0.39494971612632634,1.1382889241193823,0.5013902279218576,0.48889035743337056,0.8864021300843599,0.3949926871884227,0.29666872703515323,0.8359984092803714,0.3025724846060317,0.1710436068204756,0.8572299437775023,0.2990755032484951,0.16751424869378584,0.8298455774216948,0.29976505056947844,0.20515998644676217,0.7721416236775493,0.29973093374135934,0.10563371291257032,1.1644038251098148,0.6637444743749298,0.002833355638292911,0.956614701439346,0.7280620403918239,-0.049984588701024284,0.8640451082108668,0.5808056862305109,-0.009355382445466794,0.8564326880950198,0.47677339266078556,-0.051690149812096825,0.8547118999293409,0.4395365037765383,-0.0699745422450002,0.7995635782872648,0.5033656535669355,2.0625
0.36277077173285255,0.6787284365075139,0.6832615472454081,0.28049373585449394,0.39284061363166267,0.5314984924308684,0.29056609779291154,-0.002489384323171015,0.6609076053941987,0.26610701977463547,-0.03323214610729345,0.5142909531599104,0.3368298096300717,-0.04215183099362084,0.5614225713283771,0.27940220815917,-0.10126784270742623,0.7818587118012947,0.1565751822105352,0.6817668965241127,0.7971162135123021,0.11430882509759129,0.40032429339134684,0.5625372870891401,0.10173062818248915,-0.013149977138566263,0.7055126297545021,0.11393722635279752,-0.02621410268331837,0.5252916348563237,0.060357446140952904,-0.04092895771344519,0.5836582657835427,0.1077061237436687,-0.06747749036969583,0.7408106203322493,0.2445023201147699,1.2080688219999327,0.5659481704968783,0.2393303185716985,1.4856359746078527,0.45041295800361436,0.1804783824626507,1.356245734321722,0.4044402716981109,0.3913396202171012,1.1292129095520558,0.4971222268018036,0.49160490052542627,0.8742622098544344,0.3931800418947011,0.29719428935559566,0.8155950486936279,0.3020342138955886,0.1704372459211607,0.8278211919473298,0.2986990122579743,0.16903351836837435,0.7997482239010513,0.30318867633613894,0.2070097915058981,0.7458902144338743,0.29755990280241706,0.10317882902974596,1.1567042169469974,0.6607218436025023,-0.002815202039605145,0.9554300007227019,0.7263093986911275,-0.056911450700369105,0.848151443647118,0.5869962093788572,-0.01869185827160577,0.8292717268075828,0.4905429162360331,-0.059529247110842204,0.825770222547304,0.46307937125530874,-0.07919234510871907,0.7752033470375758,0.5274621580099759,2.083333333333333
0.3633035625666984,0.6716703962779764,0.6851530449842353,0.2791479237753342,0.3969003449630707,0.5210039725386688,0.2905809131332529,-0.0016818090176573125,0.6596576512208113,0.26616738923118677,-0.03435671817942627,0.5151224210940012,0.33634577066854493,-0.0422227719845194,0.5613402232993037,0.27936378414299623,-0.1008015503798292,0.7815868455735482,0.15551753434368104,0.6761977609903267,0.8031124827023235,0.1144429735102167,0.3985309754296005,0.5562078711562064,0.1015651670163851,-0.013686138192054123,0.7047236438294704,0.11279178724582772,-0.028172435426394284,0.5278670934338622,0.05978812434125573,-0.04215340179734208,0.5843326895138324,0.10700595557538939,-0.06586394097220763,0.7389388949771076,0.24322862972733028,1.197687925391183,0.5589382734424959,0.2384848327356306,1.474791136720655,0.4457696418244321,0.17899379864818943,1.345150431812306,0.3995207525640243,0.3877047919783909,1.1190350720969267,0.49151246881947086,0.49335584029135754,0.8604088318176057,0.3938242101024392,0.2983896674994699,0.7951190590956748,0.30311658435893296,0.17334878861047232,0.7979157928781018,0.3009420317632245,0.1742104557304587,0.7699485458617062,0.30726186765711094,0.20924734745846924,0.7211984417400477,0.2975157189968159,0.10062495722487527,1.1463349842838157,0.6579845358844072,-0.0067890159616531475,0.9499005890455481,0.7299809126826518,-0.062145606635905085,0.8326567587800504,0.5932104462621415,-0.027835422991464298,0.8048315952884944,0.5061737664452072,-0.06637139884569393,0.7979429579788709,0.49043353506923887,-0.08755736129265745,0.7519003337644461,0.5544604108438593,2.1041666666666665
0.36394487822813715,0.6637610229673785,0.6874345825298531,0.2780223847486875,0.40059854611173956,0.5105532812581817,0.29061578467898985,-0.0014630954865422208,0.6583690889916716,0.26612976030101243,-0.0354399696167445,0.5154693040317492,0.33542855894116685,-0.0420703814821705,0.5600552277485916,0.27916649742793676,-0.1003819049663548,0.7814464891850258,0.1542887469174693,0.670600803642653,0.8072358594461647,0.11464806938883339,0.3962230226391445,0.5502237588318326,0.10149627976523624,-0.015008613003969412,0.7040908634104642,0.11152647019137454,-0.028396220128197466,0.5279278684428065,0.059364841242989005,-0.042773070739255896,0.5848189480076257,0.10659323499283468,-0.06478620539162863,0.7371973633921912,0.2414203698165167,1.1862527135266774,0.5505092047619347,0.23845870532356078,1.4626332605484427,0.4405600368466118,0.17866177453404425,1.334081337860757,0.3932059838014017,0.38398487669287984,1.107534893150466,0.483837175676179,0.49415015273358676,0.8459768223720493,0.395530676401024,0.30029617059638725,0.7725955464874766,0.3051320880223667,0.17927887526956504,0.7668402921935716,0.3051533028526594,0.1823719451922744,0.7394280908719798,0.31186920162252263,0.2118540763672428,0.6958417431914766,0.2997168045134117,0.09777142950582957,1.1334411426415447,0.6558216040262443,-0.009478676943851813,0.9394030200239823,0.7352659237282796,-0.06627599641067225,0.8158719349572249,0.6010921252662617,-0.0366973759062901,0.7811669366219718,0.5240684840928234,-0.07151563731156771,0.7697542972545094,0.518676261310582,-0.09502122817079166,0.7291023916351669,0.5816700357364923,2.125
0.3646595968455108,0.6553983930859509,0.6902578850453,0.27720010982438276,0.4036247727974168,0.5005620221411657,0.29066343150229396,-0.0018474691323929898,0.6571461557802979,0.26601884562828937,-0.03582242238861696,0.5145521499691171,0.33436082955953816,-0.04166918693877537,0.5579656661622511,0.2786855339090386,-0.09985508221694156,0.7812305690642932,0.15314457357703637,0.6650279310300363,0.8098756178583914,0.11494728615466396,0.39354341887501454,0.5446729329082702,0.10150951319108503,-0.01713507315821708,0.7036243098067537,0.11039220888016302,-0.027257877501275916,0.5261230559142187,0.0590130385740614,-0.04291697242772394,0.5852144292486806,0.10660146309262077,-0.0645156038784239,0.7357736790458044,0.23904452192814862,1.173971322995191,0.5419206420355116,0.23879348054009586,1.4495684931440638,0.4352123297417624,0.1793511383747656,1.3232663899275534,0.38530976936311323,0.3803383425347411,1.0951969403803203,0.4745966009648467,0.49376451122589204,0.8315216879937228,0.39739384177921355,0.3026671281474198,0.7489563196178377,0.30760590481011063,0.18691499269716066,0.7370069303878561,0.3103679590867983,0.191434769881827,0.7091245178216503,0.31625724817553874,0.21482501224944572,0.6703491303084307,0.30264440401784853,0.09464273465392534,1.119435967120054,0.6534271237580481,-0.011157322637889636,0.9251477135707477,0.7395670760963129,-0.06927881108292142,0.7974609887849216,0.6123829995852365,-0.044891331134579354,0.7576011910238745,0.5431035546211471,-0.07480726638552558,0.7426766837196561,0.5437712521428657,-0.10207221559562882,0.7068386825390577,0.6084776534061933,2.145833333333333
0.36529080400398917,0.6468824801464982,0.693454378532118,0.27671992912751897,0.4059103506170467,0.4916455455661308,0.29060259684734013,-0.002880486979834229,0.65613078820277,0.26573458660131616,-0.03510719876571141,0.51192230869289,0.3332872763187412,-0.0410531324630891,0.5553942378952611,0.277892799500161,-0.09922629851920478,0.7807985959045209,0.1523524470813078,0.6590300245242597,0.8125647906702613,0.11535350143343996,0.3906316266413715,0.5396726225884239,0.10156363747588923,-0.020109512509927194,0.7033976737455266,0.1096102957534538,-0.02534926536717362,0.5230170421605178,0.05878238553696509,-0.04288274361015035,0.5854478217450556,0.10703440377549253,-0.06518290687908629,0.7347551679472069,0.23610091242975068,1.1610669177602901,0.5338190436955925,0.23877698337640718,1.4360603739519,0.42995582639597507,0.1805990036947649,1.3119638223732184,0.37681525371801533,0.3770610360337697,1.0827464617070461,0.46526952151741185,0.49219728836842025,0.8171401806483667,0.39905718053148104,0.3051559672711157,0.7264212333197403,0.3099766026856656,0.1944844039867059,0.7105178539585745,0.3151955529629714,0.1990109291673446,0.6801737313603976,0.3195216735389026,0.2178601438161414,0.646593418680079,0.3045924824535388,0.09152746546853763,1.1059070823807096,0.6492855083273774,-0.011583381628340307,0.9088785846533887,0.7426345246324222,-0.07014597797087622,0.777767405035059,0.6272232068511147,-0.05106235357607142,0.7346887172425054,0.5608101780295165,-0.07684728547030702,0.7193402451780202,0.5617386306690262,-0.10905054845835949,0.684770819704827,0.634715123451899,2.1666666666666665
0.3656665136365805,0.6384182793429114,0.6966353397793105,0.27645508882576253,0.4074703954194038,0.4840185834208429,0.2903525685502407,-0.004546416448236723,0.655315811375888,0.26532153377403955,-0.03349558052017925,0.5080751147005169,0.3321278925117944,-0.0403635267363891,0.5525291109403924,0.27698672820324177,-0.09862348550905888,0.7801619217207487,0.15207264171268117,0.6522838182615804,0.8160504772983597,0.115817945020873,0.3877468458441336,0.535462031195864,0.10163902279604639,-0.02371703756782187,0.703520288985976,0.10923057753783247,-0.02310533817239542,0.5191788098256238,0.05886030040212446,-0.04271130224276738,0.5851622249596672,0.10777278939386323,-0.06651386906378318,0.7340996457694923,0.2327776103978617,1.1473263144279182,0.5264043981440156,0.2378778304980007,1.422230356386471,0.4241550114051643,0.18202561528742256,1.2992101008100807,0.3685581071102956,0.3742428370208003,1.0705909805286675,0.457196608374386,0.48974942868780674,0.8028745801226185,0.4005301953342816,0.307450550866984,0.7060086128471751,0.31168409533550945,0.20017808715129068,0.6867415217885509,0.3184486961247407,0.2037930443446208,0.6526537831787125,0.3217032642276336,0.22041797273310137,0.625449892321324,0.30534238003887043,0.08883570501692972,1.0938468035091833,0.6421822744197673,-0.010175461442044814,0.8921050859310994,0.7453983028993927,-0.06773487083476938,0.7575045634191675,0.6436760950454947,-0.053596166642183335,0.7132041587424562,0.5749491164172256,-0.0779137516222013,0.7002151041905283,0.5715319829225275,-0.11484222786372814,0.6630367899635562,0.6571171915167434,2.1875
0.3655963119038487,0.6301504369225096,0.6994029440043099,0.2763134480266965,0.40826587886949106,0.4775411549894938,0.2899760779635535,-0.006587466547000487,0.6544671821591801,0.26513605936019113,-0.03155634611060893,0.5042547756460009,0.3308418880496464,-0.03995768895690927,0.5503379495304608,0.27620200287271307,-0.09799175328369195,0.7790139134498928,0.15214973928172323,0.645106613874675,0.8191336584488892,0.1162401018241937,0.38513744980556475,0.5321498766007525,0.101788284198664,-0.027309334719246722,0.70385349281943,0.10921603030527299,-0.021105721536887938,0.5154519363394927,0.05931551740681133,-0.042141239729936386,0.5840103614977639,0.1086993876654202,-0.06793603494328672,0.7336966344101802,0.22954704975867696,1.1331406899285448,0.5197919366798088,0.23609530597711625,1.4084504925833294,0.4173127067000659,0.18353868224127623,1.2852585739639153,0.3606746220715496,0.37179164523262187,1.0588952509383094,0.45084785185697007,0.48678848889402415,0.7887039761321416,0.40184863352818273,0.30919503056857645,0.6876906230254543,0.31274548010111003,0.20276708589561976,0.6640200273228427,0.32039264511717047,0.2057813936082839,0.6270250223972667,0.3238328382967197,0.22216058360930063,0.6064116410413061,0.306200023061318,0.0866235980058591,1.0837920964468766,0.6323076502265532,-0.006599336877362366,0.8761480211053773,0.7490722431267509,-0.06208695481878048,0.7379025947885696,0.6591653209607475,-0.05198102531041507,0.6935282076621769,0.5844784221232897,-0.0775314296892531,0.683436515015069,0.5759425648517409,-0.11741724927204945,0.6432676157535595,0.6705224149661139,2.208333333333333
0.36500203000041087,0.6221278400397124,0.701440576826706,0.2764452656492274,0.40828292760742235,0.4722249323485051,0.2895773259496315,-0.00855711001445049,0.653300225139597,0.2655631295609469,-0.029851758869726304,0.5014498550908147,0.3296294123136577,-0.040270191009256426,0.5501077937387648,0.2755362173747752,-0.09710571059835785,0.7767727000358762,0.15223281507843003,0.6380049814540454,0.8206533136289134,0.11653549536172428,0.38290125383994694,0.5294429475848297,0.10208529681842816,-0.030274160558026814,0.7039476895024267,0.1094759780987552,-0.020041881304927782,0.5127526778638909,0.06006365052621015,-0.04121322728906059,0.582055954082266,0.10972907390298882,-0.06900073072559604,0.7333249173311394,0.22705103114987296,1.119952375050118,0.5140372447596986,0.23386420451685053,1.3957004330774498,0.4099919698378348,0.185096383455513,1.2714119772711134,0.3534612681528669,0.36968218619258975,1.0479960721820827,0.44601029830595684,0.48357437191980984,0.7743309089093154,0.40299773710024794,0.3099775618346928,0.6720499141887832,0.31384035175591474,0.2021774390146241,0.6424650289638372,0.32296014071186785,0.2053619563362375,0.604847917407204,0.32733074524196276,0.2230175345121132,0.5894647742149117,0.3078833523705187,0.08473468411536436,1.075949911195658,0.6209566768928626,-0.001265650780286663,0.8623753323278931,0.7545448547980828,-0.05448725721048155,0.7202612522292475,0.6719986779804115,-0.047407634587112925,0.6757131789647587,0.5895523770984574,-0.07529314393776854,0.6674401437654465,0.5790156777236428,-0.11542998156550383,0.6279794442648271,0.6723808829636406,2.2291666666666665
0.36407083679748364,0.6142904436711814,0.7027917410623292,0.2770561834106587,0.4076654624356223,0.4682740847588799,0.2891559244373044,-0.01016283436902024,0.65178577787352,0.2666378692582963,-0.028647455450488163,0.49984750860327776,0.32870458220696847,-0.041384794409698486,0.5517571248058746,0.27481887006292643,-0.09584956726329105,0.7733863164052012,0.15209332263289085,0.6311257865650931,0.8212615791232517,0.11666599342106378,0.3810543602455914,0.5268547903677141,0.10251877383769259,-0.03253997365424452,0.7035670091812145,0.10980180796620123,-0.020246768840486172,0.5116767671514793,0.06104911349693368,-0.04034518507490914,0.5796068903453042,0.11076225545464802,-0.0696351298619535,0.7327051962633061,0.22587531634155855,1.1093685677751361,0.5092765292310758,0.23164253611957747,1.3851491018459556,0.40354463112697647,0.18645726018213488,1.2590150109782465,0.3474798710799055,0.3680864589518719,1.0383130830191072,0.4425766099630877,0.4803530144262946,0.7597015327624392,0.40420153875146636,0.3096894627898153,0.6602834517565928,0.31558563402709733,0.19932907150639145,0.6237098002189445,0.3283119755119837,0.20275729529727057,0.5874451457108562,0.3335091277969336,0.22302518565911206,0.5762609556295246,0.3097544540064976,0.08331195501526689,1.069920877791234,0.6098689777139278,0.004832446055240193,0.8521772436743785,0.7616320782892755,-0.046214697567875614,0.7055146549823212,0.6813571158028238,-0.041467019454199616,0.660301415555431,0.5904984818343356,-0.07115658592646859,0.6529726114578697,0.5822065531918121,-0.10892667703440573,0.618987300300699,0.6646477845373578,2.25
0.3630959945597681,0.6067310371825035,0.7038658219615643,0.2781274969353521,0.4066757461627911,0.46582684231959104,0.28862756519961974,-0.011436236818946705,0.6501425526015614,0.2680448954918473,-0.02795526158163846,0.49940899940089906,0.3281107061216061,-0.04295533952414501,0.5541438180948611,0.27390921775562227,-0.0941855751769213,0.7695359975921018,0.15167974553119212,0.624527968665439,0.8217742250484225,0.11659866590828807,0.3796636146171849,0.5240681287534964,0.10297153313609021,-0.03434176832896749,0.7030225235833198,0.11002553553111474,-0.021507778563026082,0.5118894138334305,0.062214485242942555,-0.039765355569036404,0.5769769983858513,0.11169154263755307,-0.06999874104306328,0.7317291231813865,0.22604711395608304,1.1018381263416714,0.5057388243875769,0.2296997410030221,1.3771845462221501,0.3989530372288106,0.18724403073900014,1.2489568945662175,0.34284064619458576,0.367287988130238,1.029968678245416,0.44083837972788387,0.47746281263237517,0.745747672142263,0.40581096310869563,0.3087787695890381,0.6523989673551914,0.3181056845315397,0.19544990243419488,0.6086229588668629,0.3369940004100385,0.198486186787461,0.5752881749001869,0.34223848936537876,0.22233688779328692,0.5682834112931696,0.311356140424999,0.08260264856311875,1.064549006154316,0.6009556958028858,0.010729935379529557,0.8462181386801217,0.7688541579376729,-0.03790184303371761,0.6938896998303907,0.6868467609907866,-0.03444516728831508,0.648231764913126,0.5873367714265646,-0.06500343345291465,0.641947280683049,0.5835806747685466,-0.0990881030212783,0.6154365580177235,0.6521538746707543,2.270833333333333
0.3622536153998319,0.5999128920859653,0.7048107815940216,0.2794606462912909,0.40546572370091033,0.46486949335516115,0.2879780118276643,-0.01245660984146911,0.6485967558179134,0.2694608528650978,-0.027866587406896848,0.5002976270627902,0.3279590728105782,-0.04460908774957848,0.5566605866605947,0.27279231002896825,-0.09196189352860372,0.7657917565781794,0.1510556708830458,0.6186293546948622,0.8214853210916014,0.11630017756742385,0.37882865892335593,0.520961772354956,0.10335935124354333,-0.035790172854351904,0.7027169754027497,0.11017380418528432,-0.02325729957531246,0.5122757622318443,0.06338640956230746,-0.039352315796114076,0.5745061429553346,0.11244872675886614,-0.07022504570248568,0.7305015590599108,0.22687400804090888,1.0960947882543421,0.5035639839090948,0.2281966788141438,1.3709350923415848,0.39593703340129327,0.1873812846968263,1.241502036164389,0.3390784039271837,0.3673238692651946,1.0228670604585264,0.44080104468035747,0.4750942044841949,0.7340979474688064,0.4077817235079206,0.30785114370473515,0.6464355203754701,0.32146738379738293,0.19152820296827508,0.5966226517659745,0.3476756337838281,0.19368215081907186,0.5680357207197236,0.35167195690938496,0.22123848122993736,0.564542653699463,0.313078939561272,0.08251387939933306,1.0586030720039072,0.5952473727057023,0.01581820767487043,0.8435655578848348,0.7742533450314326,-0.03014481433784949,0.6845845812029063,0.688836085168481,-0.02584964123818132,0.6396967111675451,0.5806581366147707,-0.05666280400360149,0.6348674466991667,0.5808924465674801,-0.08747294393953867,0.6138140395002789,0.6398852297475168,2.2916666666666665
0.36152794084538475,0.5943804573085794,0.7053014398579351,0.2809230621520235,0.4039956573178989,0.46522338527052876,0.2872981296890978,-0.013096962846362997,0.6473205260524449,0.2707753036319006,-0.02848301411113189,0.50244861739794,0.32853426059238133,-0.046160507046270914,0.5594068653656145,0.27161059904660023,-0.08910323322739745,0.7622127706272762,0.1503400686961365,0.6140203890042681,0.819457740640516,0.115798266764616,0.3784892743306636,0.5176514078344284,0.10375022216003567,-0.03689464353689233,0.7026597280432634,0.11029468998331458,-0.024800641522350633,0.5122056256824089,0.06434034225734718,-0.03898856582120999,0.572540516159197,0.11302459026715636,-0.0703725115663674,0.7292055600619893,0.22768056586751312,1.0904108274417474,0.5029838706077114,0.22730217751752063,1.365298790407288,0.3937084063541898,0.18734399219122316,1.236504589667781,0.33565010127899453,0.36784294770248316,1.0169705903729438,0.44176997427780595,0.4731732362418962,0.7260345371432027,0.4095083490802996,0.30699854495115575,0.6403666495258562,0.325808461289269,0.18799682430801937,0.5871530278853327,0.3584717920424866,0.18941378763708933,0.5643034441526703,0.36018491803192776,0.22008121613549184,0.5624117142272808,0.3152688442439505,0.08267246708721299,1.0518289546605524,0.5923365070228541,0.019764051421486826,0.8422784450934578,0.7764906368812551,-0.023866824380310563,0.6764481248900036,0.6887074605072019,-0.016192054311471492,0.6341302453279646,0.5719968708173293,-0.046427654872360904,0.630651928283269,0.5738165825498576,-0.07542257673787603,0.6108776757993987,0.6311169852306499,2.3125
0.360770721469055,0.5903797899472553,0.7050862096506421,0.2824898772291573,0.4022235242276961,0.4665719647982848,0.2866654718417633,-0.013216937043864133,0.646562278763991,0.2719899829385667,-0.0294266479082074,0.5050971444065335,0.3299214543247737,-0.047483100112555694,0.5623313942040148,0.27055759334787033,-0.0859170633587546,0.7589461987664914,0.14961127337198313,0.611030400794629,0.8158205479419799,0.11520883316675162,0.37835251172772544,0.5145632127714128,0.10422953040936596,-0.03777016485388558,0.702614059163806,0.11033266168714738,-0.02560158017755758,0.5119664679407563,0.06493140333799274,-0.03869843575697997,0.571265421155187,0.11345864004200938,-0.07050987047113333,0.7280180947542036,0.22844104936275822,1.084518722198999,0.5042271651552451,0.22720181549946686,1.3603019684907667,0.392279331121948,0.18775119290241535,1.2338037442659393,0.33253493810867263,0.3685326521377273,1.01234954612934,0.44319319960955533,0.47166825929510015,0.7217066018856414,0.4104734584045618,0.30581142836464253,0.6340751317330068,0.3308492530607464,0.18481374928161443,0.5806046975145573,0.3678939578804383,0.18591391902147117,0.562275219488028,0.3673966216095581,0.21902434755503164,0.5603600514183382,0.3174812015401619,0.08265096391014011,1.0450553288636302,0.5913203342501621,0.022386160324635182,0.8408093275688522,0.7752043516847273,-0.01961067999527563,0.6690112262694893,0.6880986925230794,-0.007109565713813033,0.6307863015114226,0.5634817940489087,-0.03542457131027616,0.6281002498337431,0.5634352684762167,-0.06389305006828248,0.605547926227739,0.626834272066406,2.333333333333333
0.35993839227363594,0.5879304933156336,0.7042839884265966,0.2840963886011678,0.40025724094576004,0.4685554932019068,0.2861087137314523,-0.012927906104845732,0.6465911970630436,0.2730282889797115,-0.03004234984664935,0.507166657634671,0.3317635227743855,-0.04850483459716379,0.564810466603098,0.2696956893366584,-0.082902359184855,0.7564002314145044,0.14891911409975644,0.6096728212194991,0.8111553120829573,0.11464372021031634,0.37811982604247396,0.512092613045349,0.10472509744615496,-0.03858552621527486,0.7024059942273865,0.11026781062034216,-0.025623301091654185,0.5119736666557293,0.0651706770738457,-0.03848764837220732,0.5706048703696209,0.11379840493633296,-0.07071009078483605,0.7270348778655424,0.22943877332853482,1.0795651764977978,0.5067038356660928,0.22796682619094286,1.3567685517842971,0.3920705741401169,0.1888379857103864,1.2329125514626267,0.3304439275265474,0.369534996935607,1.0090720019711208,0.445597833457406,0.47061541994340456,0.7199932666392712,0.4114361814506211,0.3041500044782953,0.6287956669572161,0.33565935353948384,0.18205554374962488,0.577405543096957,0.374744122184589,0.18299588047883256,0.5607046615088324,0.3733495017340901,0.2179183170885055,0.5588319005741965,0.3187675356208716,0.08216656122380385,1.0392014946598835,0.5914846122781243,0.02374488909871325,0.8383188491161596,0.7709953633416234,-0.01669379622371083,0.662596258273281,0.6874315158083574,0.000328265121756503,0.6286391795268789,0.5568922194322833,-0.025209161138238814,0.626173406648543,0.5512635663542145,-0.05320050471347242,0.5980227082458112,0.6253419478522418,2.3541666666666665
0.35918075831665325,0.5870955347470515,0.7030849153318075,0.2855602162861395,0.3983606207819975,0.4707885233304017,0.2856457238439837,-0.01246672217586886,0.6473516387848237,0.273735859683051,-0.030142869326924712,0.5082064587772401,0.3336361554434476,-0.04928272411666184,0.5660906499469108,0.2689602304704236,-0.08037943529432674,0.7547178960076131,0.14830779418271425,0.6098756821607452,0.8058042803940754,0.11408245445743603,0.377701800301422,0.5102844306835744,0.10510206739703472,-0.03924482456576532,0.701962750778034,0.11016716610002097,-0.02515976924257951,0.5123034068450307,0.0651641927940971,-0.03834591877377954,0.5704630775730254,0.11406274616266557,-0.07098374354539425,0.7262452964025181,0.2307761755451321,1.0764788746682141,0.508673444147768,0.2294766735815787,1.355006372686897,0.39274563624167,0.19044295395247543,1.2328201570780164,0.33008875181255376,0.3712802809066919,1.007012164237714,0.4499224922491253,0.46969113778144705,0.7191820339476755,0.4144762916717496,0.3027306557413508,0.6255822970521594,0.33898459643128187,0.1802999971462072,0.577155836728105,0.37828120630613704,0.18105497713754126,0.5593778172917495,0.3772476505476595,0.21694635037467563,0.5587715285023511,0.31916492846775324,0.08140097570024969,1.0346034984094155,0.5919477596245352,0.024332629507320055,0.8344422274284216,0.7654050242409713,-0.01333579582887643,0.657973038724204,0.6849208615456942,0.00712495044617096,0.6267666433563648,0.5516677890638924,-0.016436018219895623,0.6240604416240448,0.5381248584991237,-0.042874645921144,0.5888830099821797,0.622773497526424,2.375
0.35855339774967787,0.5879092432069799,0.7015001857535107,0.28657565268990515,0.3967275929252266,0.47300138690689614,0.2852670755640229,-0.011869514021982594,0.6484119724356261,0.2740438403771737,-0.030026520687289705,0.508729829250438,0.33535029509673653,-0.04969092529627454,0.5662052860509272,0.2683079519415635,-0.07846358731019618,0.7537516223143531,0.14773036856279198,0.611503766522326,0.7998747122833721,0.113410892289253,0.3771727749211844,0.5090628871466212,0.10531085867749024,-0.03930282134620493,0.7012932198570733,0.11007769441041187,-0.024440511751790545,0.5128305641797407,0.06493954696911247,-0.038419751363566915,0.571026086159594,0.11424192401041729,-0.07126178272483547,0.7256029686113123,0.232357010801584,1.075269604358378,0.5083152883419909,0.23164405024008874,1.3546548688507412,0.39346819848490144,0.19235753130350255,1.2329070260356196,0.33112173895221364,0.3739799847709099,1.005834301234902,0.45594204765945734,0.4682989941333549,0.7178995578278633,0.42144857960791127,0.30291992046311367,0.6245725485327281,0.3404558880008889,0.18016997271995164,0.5787726347200615,0.37881564875181173,0.18090051925135442,0.5592723971362136,0.3770241749086315,0.21715658691866258,0.5598087050082293,0.32072026899426587,0.08096346253907169,1.0313891766995853,0.591463005931214,0.02489683676800513,0.8293325136489281,0.7601766499107115,-0.007998717266891183,0.6558152966878764,0.6779724669057171,0.015599315301161697,0.6249106687505436,0.5452939150680693,-0.008030168499079645,0.6216303253816527,0.5236836583318087,-0.03216511062514234,0.5792490699199349,0.6156929525987962,2.395833333333333
0.35785892868451963,0.5900293797709311,0.6995665721923056,0.2868274214427283,0.3951525365415065,0.47529072791751636,0.28492832870327267,-0.011000175901692999,0.6494413972003701,0.2740807207228233,-0.02989361165646435,0.5096398514767927,0.33660602470527284,-0.04923580091802125,0.5660630562869801,0.26775710073189346,-0.07711849336193549,0.7534261689813214,0.14705906107013234,0.6141411816761462,0.7933615960196657,0.11257395303590896,0.3765871498187414,0.5085237440349714,0.10534418460029038,-0.038421067081897325,0.7005654387497386,0.10998901798796404,-0.023636269496866938,0.5134148349996813,0.06441689567334108,-0.03897156353299102,0.5725894877229671,0.11429303254920178,-0.07139280823015742,0.7250381326197154,0.23402276996137214,1.0756162821009683,0.5051914763226393,0.2345262891355977,1.3554302438458472,0.39389630969320805,0.19444888132404653,1.233435383666213,0.3322677520436118,0.37745472383706935,1.00517663690554,0.4623822065819618,0.46632789046809264,0.7156268079243256,0.433024027071748,0.3059855455428472,0.6249138915195941,0.3417721806413816,0.18199427943446023,0.5808712195542719,0.37729744090045547,0.1830035692601727,0.5615641728810421,0.37165925272221806,0.21979610859558046,0.5599847006835913,0.32583990858828416,0.08131694047703131,1.0299126551853992,0.5891299055405513,0.02579098893165472,0.8235916596560326,0.7560622125623591,-0.000568633702878619,0.6559825157080637,0.6658826364156674,0.026963507061201257,0.6232359103682378,0.5365599502940744,0.0018123255398535105,0.6188362583678614,0.50858959194479,-0.020740495639874276,0.5705277577840729,0.6038208610953866,2.4166666666666665
0.3568909765551544,0.5927287942990958,0.6974713898897039,0.28622702519113274,0.39323685931042107,0.47795825681278903,0.28456318789806295,-0.009881462647163247,0.650455090173086,0.27408831795210487,-0.029604832724221396,0.511367766317343,0.33689575095149116,-0.047622354885816974,0.566207371409988,0.267337686465241,-0.0762037540967819,0.7537283454600914,0.1462024309488336,0.6172163147047639,0.7861532815844177,0.11163243808412154,0.37588343634716026,0.5088286833628513,0.10518082653778119,-0.03671170142198811,0.7000606633605937,0.10989052255284913,-0.022906183953552144,0.5140052452052294,0.06354770093135886,-0.040053069210336585,0.5752555559725484,0.11414897927703457,-0.07120369111961258,0.7244496312320216,0.23585487195345167,1.0773642039880698,0.500491535409401,0.23801816002066,1.3574071680101587,0.3943056680278302,0.19647147289848843,1.234782247555252,0.3325265958796066,0.38151095163389726,1.004762137593735,0.46848333354001953,0.4643653987774604,0.7128598468499556,0.4488183688150141,0.3123833783981289,0.625310577603121,0.34528766217904205,0.18629347468069712,0.5822072062496753,0.3747000108314265,0.18772104147091478,0.5655406750037916,0.3639657793276106,0.2254278884836606,0.5573477742447183,0.3346061465038376,0.082481348368315,1.0305594445874808,0.5850743598489996,0.026666133188211847,0.8180785073690305,0.7524094087980102,0.008174371921796788,0.6576702076770327,0.6500590605703696,0.04054661171546356,0.62208014933102,0.5263951788626944,0.014065235544373077,0.6152707744359636,0.4956739385129699,-0.008963725037504816,0.5637927973009317,0.5900490025149595,2.4375
0.35564839423731753,0.595367705976908,0.6952953782234903,0.2849625501323539,0.39097638461370365,0.4809432774088366,0.28413483336395956,-0.008766718108752153,0.6515952567121484,0.2741808373611907,-0.029078743001804574,0.5137609103701342,0.33599981326450024,-0.04517588327034311,0.5663556808245611,0.26708486900634415,-0.07566763715757124,0.7545754945049774,0.14511767977119397,0.6204200503448858,0.7781509618088436,0.11070181241538196,0.3750780174167983,0.5099449922871806,0.10484425638859432,-0.03446774004241189,0.6998524030130175,0.10981613704273087,-0.022377650700847476,0.514613177642347,0.0624223011100469,-0.04136873232329792,0.5788398382466371,0.11377022784967934,-0.0706211685913117,0.7238065250678796,0.23825305330326185,1.0804150327622373,0.4960365520374823,0.24178296851142678,1.3606731208427398,0.3951097962050948,0.1982004524072861,1.236865002883911,0.3317438233898864,0.38629310178313575,1.0043513277037357,0.4743078380371558,0.4630635925940161,0.710623909586678,0.46768150139545733,0.32155973555129447,0.6246424781547777,0.3514027560248052,0.19375696727749425,0.581923206108914,0.3723519080035753,0.1956343152407901,0.5685274230894667,0.3581640308942403,0.23416417620938781,0.5513392762002874,0.3447239822996059,0.08438066801895305,1.0331972263813267,0.5803409489857265,0.027081774105424283,0.8137208026073794,0.7477993012446349,0.017728915106940527,0.6603084813410067,0.6324081934018686,0.05517839016820861,0.621785517822619,0.5160203210152282,0.028576832337655907,0.6112655597370572,0.48685570673270656,0.0024905246282204696,0.5598168647326964,0.5774231388586503,2.458333333333333
0.35426300811101663,0.5977494273300055,0.6929658618068311,0.2832534292185457,0.38872585340891447,0.4836383639375916,0.2837023658745999,-0.007933018510226042,0.6529514877809508,0.2743149191216519,-0.028705822500028885,0.5166971143590223,0.33416948188828205,-0.042533943834978556,0.5665205005428304,0.26705037954721395,-0.0755535716709429,0.7558015985455527,0.14377780946327967,0.6236845964209001,0.7696502351213105,0.10985419306239762,0.3744146620330671,0.5115793249827426,0.10441323198100821,-0.03183413232447084,0.6996414013164849,0.10981363372932756,-0.022234993017370357,0.5151420679362649,0.06131191384674375,-0.04254504120330881,0.5826384626101235,0.11317768120236239,-0.06968073138952013,0.7232085577042943,0.24141453562521079,1.0844133428965974,0.4930939832151924,0.24555394913916279,1.3648227797729713,0.39629256565705184,0.19989073401118002,1.2392893767935045,0.3301742873856487,0.3920699343222335,1.0035810980343154,0.47989974129398716,0.462644470387554,0.7097374199986093,0.4881346467453196,0.33265281777552674,0.6218839902212627,0.3594021166469311,0.20454677274166766,0.5794785859516138,0.3715308942210554,0.2074127783222554,0.5684799205572107,0.3549638614965421,0.24649238142418117,0.5423236113676491,0.3542059725110025,0.08704146089116782,1.0369874627112867,0.576138939201287,0.027176975906363775,0.8113671132171069,0.7410296345358095,0.027762787665961245,0.663637997454549,0.6151104602613103,0.07011862873956201,0.6223468499416225,0.5063157953419941,0.044582643940884875,0.6083429503149484,0.48118197682445085,0.013391907903488369,0.5591075709057267,0.5667161535556282,2.4791666666666665
0.35283348877316756,0.5998400243818368,0.6906256520798676,0.28116140302289844,0.3865234655245763,0.4856239074066312,0.2833372794655954,-0.007477104114323105,0.6544013975848015,0.2744825177386526,-0.028888291386494777,0.5199783896150197,0.33190173641014464,-0.04023324564353639,0.5673801877498643,0.2672313646520298,-0.0757508560932395,0.7570623157421271,0.14221287180931377,0.6268095549659674,0.7613055510308304,0.10907418567256778,0.37400841337691054,0.5134213180050092,0.10394310042042569,-0.028891713562707047,0.6990869702560882,0.1098804565765287,-0.02258143209658084,0.5154096497871153,0.060569648591146656,-0.043312408440507155,0.5854830870082479,0.11245377706554949,-0.06849713399515,0.7228099812121901,0.24509497312204814,1.0886324881593192,0.49202193077913486,0.24925083419077204,1.3690077639805882,0.39690744018362023,0.20235554143987644,1.2416055544071658,0.32821518376680525,0.3986687113669421,1.0020649516300464,0.4848174011862152,0.4630174942659888,0.7107024321068651,0.5084742579389022,0.34539721184442285,0.616069305619635,0.37007181685829244,0.21867660092333518,0.5748076746031313,0.37231155423455936,0.22376779322839735,0.5650480549227588,0.3523578825276198,0.2630251085415071,0.5306885382139626,0.3628258979972778,0.09022552342186149,1.0410604736234648,0.5730062493598946,0.02748263597903175,0.8115976619078084,0.7317629989614776,0.037338522869258914,0.6671156755192045,0.6007965346122435,0.08449954417675795,0.6235393484292142,0.49833143413876957,0.06090507352068576,0.6078237132090535,0.47710648069035877,0.02389898109881012,0.5615121970419257,0.5575592747028971,2.5
0.35134563862170387,0.6013405190791801,0.6888045316000788,0.27871368085740583,0.3839264112030595,0.48726798886447337,0.283019237406383,-0.007339132370027951,0.65565551115205,0.27469918630558293,-0.029533593792274583,0.5231497029725788,0.3297633509336674,-0.03858745539294959,0.5695441333290958,0.2674927591734276,-0.07606843009017733,0.7580391301752647,0.14051994316113303,0.6294402446618522,0.7535704705108546,0.10831427044787209,0.37358162287237573,0.5153721324287561,0.10347079486776707,-0.025884692068612422,0.6981514353197318,0.10996810294450672,-0.02305026981198273,0.5153757354290952,0.060418288492400565,-0.043312196495395826,0.5864461137383334,0.1117288018228649,-0.0672334943945345,0.7226578766510293,0.2490483606737666,1.092305058447419,0.4926697885173464,0.25299535305897936,1.3725564527758134,0.3953782971551354,0.20660479354180028,1.243549202652889,0.3265814061271413,0.405252581245939,0.9997663519753108,0.48825870158691476,0.4641513119823656,0.7136127283232974,0.5267712513921173,0.3598118965017956,0.6067640344941567,0.38496929909237754,0.23668161314369968,0.5682731121097417,0.37368995948952693,0.24478687686870204,0.557897898992832,0.34996504747013,0.28300041672793264,0.517053154244954,0.370255174639039,0.09329768991769624,1.0450714127482972,0.5709683736879726,0.02835708284809016,0.8142725883215939,0.7206489527229156,0.04527721251999557,0.6701200334841597,0.5911051712317306,0.0966581408361575,0.6252186925933989,0.4934131217065152,0.07595741245698068,0.6095973460603468,0.4744696431138056,0.033921935088752395,0.5662275191715419,0.5500674288424697,2.520833333333333
0.3497236188541109,0.601954534129172,0.6879822860463045,0.27606241205526855,0.3807368164553989,0.4890521075309748,0.2827200073722956,-0.00755304401402436,0.6566721381158518,0.2749517041152712,-0.030608226802543395,0.5262804989627158,0.3281950962019179,-0.037880116210477495,0.5730707006228568,0.2677034441311655,-0.07662409006313314,0.7589407318199998,0.1387564492522242,0.6314218853919619,0.7465475087091178,0.1075677293363692,0.372872788701635,0.5174190685407295,0.1030670937002225,-0.023162540657704525,0.6970354916021768,0.11004642381732571,-0.022946207264657514,0.5151271867853547,0.06089411847176142,-0.04204283946319807,0.5852748111212632,0.11112233762439913,-0.06597842860461967,0.722550103709912,0.2533388124109823,1.095025811673701,0.4945033821488194,0.2573424527775221,1.3752729100759529,0.3907767570218131,0.21332607304633466,1.2451417425500897,0.32585730489312636,0.4108214285339169,0.9970635097048438,0.48987500945106754,0.4661124045621803,0.7177755550170454,0.5419653977070019,0.37523050919323575,0.594194692478549,0.4039246260929633,0.2585860028074688,0.5598719998768764,0.37453479058723127,0.2688839202669949,0.5461572303742503,0.3493573865270169,0.3040902722285184,0.5023613796078501,0.3750027385881794,0.09575443728017707,1.048954331063932,0.5700266304777561,0.02979633574051383,0.8183382234731552,0.7090024061275326,0.051344228617288865,0.6727045635997103,0.5851580010573292,0.10473840939688078,0.6271450565019498,0.4927740344484037,0.08804463268994996,0.6123046948386169,0.47420895707835464,0.0434495143973234,0.5724085512942797,0.5435950092985958,2.5416666666666665
0.3480327665259711,0.6018185196294168,0.688224883603348,0.27338805017746376,0.3774596647431726,0.49073439628834725,0.2825039459722345,-0.008278116418491313,0.6576976227954021,0.27521753926151615,-0.032350060655202836,0.5296308109050913,0.3272956035167351,-0.03855227202313868,0.5771636925763294,0.2678972075660352,-0.07780467114403108,0.7603723478855068,0.13686926690764417,0.6329117731764298,0.7402826442255509,0.10687328308265279,0.3720657389760074,0.5194705413084175,0.10280367765432029,-0.020891918860655792,0.6959489755114209,0.11012732553005872,-0.02196822147469689,0.5147077429689438,0.061878676044633624,-0.03932423266890277,0.5823413999546345,0.11065608160519169,-0.06475827393151012,0.7222212925625787,0.2581459697763641,1.096724804799747,0.4965809870707608,0.2633983000874842,1.3771198799484419,0.38398955459714573,0.22246561133661696,1.2463792429866183,0.32571536986966515,0.41499407132187305,0.9944433554328406,0.4905430162863317,0.46871012742703466,0.7218989276464124,0.554842630083692,0.3905094876908326,0.5790786148504236,0.4248792807796078,0.28284227824036107,0.5486119986738807,0.37503471612385125,0.2936036634318336,0.529713495099824,0.35196779485460955,0.3248406735159318,0.48699446400757757,0.3776804803152783,0.09771794728913688,1.0526210111821206,0.5698369886772249,0.031588755061535564,0.8225839598286371,0.6981613669745861,0.056401097952207914,0.6756696520909483,0.5801480781684665,0.10829930216722611,0.6291198716615498,0.495907754598074,0.09604143177311208,0.6146006155653496,0.4770182669728756,0.05305973610377977,0.5796519244350259,0.5355112241448778,2.5625
0.34656290481760443,0.6012114101755515,0.6894584258992403,0.2707471729625519,0.37474962765991404,0.4916998281801609,0.28248250959685184,-0.009508529439220259,0.6588132518910562,0.27527866742547424,-0.03447444603769146,0.5323126036999574,0.32689928767158416,-0.04081629600401606,0.5803738655967237,0.2681603777310709,-0.07978863797398426,0.7626834884949374,0.13481678017073453,0.6341104722328201,0.7348808431697401,0.10627263395427135,0.3715758641718105,0.5214249124192534,0.10269376388318836,-0.01905044614776609,0.695003189876189,0.11020207339198165,-0.020394015856063416,0.5141365037667609,0.06306084094876788,-0.03565154747385056,0.5786196499994553,0.11026196221968577,-0.06368965842896968,0.7216772446729934,0.26350727588718176,1.097438940976771,0.49785013218056623,0.2721610577713527,1.3779417297028533,0.37732089347570164,0.23336893275844084,1.2469535575147452,0.32545963205960887,0.41816746275552513,0.9921590784163298,0.49154774802288614,0.47130700630300876,0.7247693004311819,0.566855993315874,0.40509665155839525,0.5625196160396883,0.44586490071161744,0.30727450429465136,0.5331494519902047,0.37833507956041534,0.3176679421668712,0.5097770220784384,0.35866723696461567,0.34598372033583974,0.47031650997168106,0.3834813630023232,0.09978460084110717,1.0559274155273182,0.5696450714316799,0.03347685585226818,0.8266041290507377,0.6889146100376302,0.06138158439085066,0.6798249258728364,0.5736244853245057,0.10922037405675035,0.6313245298094503,0.4996170638693014,0.10009985612540281,0.6164087413558592,0.4816851409844034,0.06316415144969971,0.5877828981679835,0.5235247860284741,2.583333333333333
0.3455155382205241,0.6001172005154145,0.6917104483712954,0.2680867516845499,0.3727907991501098,0.4917603732694931,0.2826990527176713,-0.010958178569935736,0.6598078920636483,0.27477684848876094,-0.0360193458126378,0.5327215437355602,0.3267215721402456,-0.044003000060058625,0.5816062588688531,0.26852486747674903,-0.08228484750284179,0.7656096017969525,0.13269540316837497,0.6350820701417366,0.7304515017173243,0.1057584467898778,0.37153207341106975,0.5232157808467063,0.10266869736805621,-0.01770070020191375,0.6942231693374429,0.11017428005686905,-0.018643982403487677,0.5135740756619941,0.06405912095188608,-0.03188197267389905,0.5752685812471464,0.10993120893952706,-0.06295933910326909,0.7211233582795517,0.2692422352847102,1.0971696463819391,0.4977096699322509,0.2836455526391034,1.3776368766610565,0.37261301615532244,0.24536599708497012,1.2464364524800327,0.32516990685926345,0.4208437130305481,0.9900967786219096,0.4931043782007516,0.4732165059178199,0.7256101011852876,0.5784694654719187,0.41923175462532025,0.5454523865590819,0.46688593842151754,0.3303158017094545,0.5130480067823828,0.38908575888588004,0.34092195195020286,0.48831532225318175,0.3701164457759385,0.3679973462949324,0.45134184144998807,0.39835895397763366,0.10243525552217804,1.0588665858066428,0.5687369260112142,0.035058743318918256,0.8307505755218628,0.6816300067108053,0.06655317452695714,0.6852488002414369,0.5652915582920183,0.11024937847938818,0.6338658870668531,0.5006777264404269,0.10170904597092854,0.6185421187880373,0.48525770614858815,0.07320813847165465,0.5963410230531109,0.5086799670979545,2.6041666666666665
0.34471849317811737,0.5984046889790762,0.6949062246346013,0.26536325204033157,0.3714274368328948,0.49123049650259126,0.28306197990701465,-0.012345384341722304,0.6605037729819356,0.2736830962952997,-0.03604066665636738,0.529956094876016,0.32627243461710376,-0.04685541990959338,0.5806798326716229,0.2690034827372774,-0.08478586834982085,0.7684877148295439,0.13063352084679816,0.6357522523086782,0.7271390063595933,0.10527439086765757,0.3717372239356588,0.5247275720282599,0.10262084463965263,-0.016926868053443955,0.6935982706813154,0.10996313897587778,-0.01699109882481338,0.5132991860720901,0.06466373743924689,-0.028643820587168883,0.572927945978937,0.10976677112269465,-0.06262190643854099,0.7207067656205058,0.2750096628310654,1.095851329738776,0.49656983461689497,0.2970548702003164,1.3763498286364517,0.36995970282567836,0.2579427687642243,1.2445657729453,0.3255239427268618,0.42312976740027985,0.9879429852144944,0.4948075933271081,0.47437178338508246,0.7242341681507829,0.5892345804433061,0.4330823407588458,0.5282376730467145,0.4896619880969101,0.3510249458845209,0.48910125794968917,0.40969652948393004,0.36278928092762935,0.4667062151764617,0.38796642974745343,0.38915521535816544,0.42964194692196017,0.4241534590324815,0.10567196384585578,1.0616713964264761,0.5666087780762712,0.035552523384613614,0.8353599799601449,0.6767645049305538,0.07158265454244833,0.6912272463355278,0.5567183205594458,0.11265345506513073,0.6364579964622052,0.49884197855261614,0.10280969938106438,0.6211684469838492,0.4860246942425871,0.0820486898172649,0.6043659579218557,0.4947749604819318,2.625
0.3437808355601871,0.5961755240983425,0.6987245548961466,0.26263213929942103,0.3704862902774113,0.49042453217807014,0.28340946767973085,-0.013619136022579734,0.6609254400219692,0.27236303091756153,-0.03414510230752851,0.5242144556687052,0.3251212241571886,-0.048624759540868985,0.5779739323003945,0.2695524162345155,-0.08701502914371448,0.7708829059689355,0.12858238804907646,0.6359520672705224,0.7251730309545235,0.1047865534868507,0.37208725035988965,0.5258260566843171,0.10248929071081248,-0.01650692861247076,0.6931289803234351,0.10971596763279669,-0.015504315150225365,0.5132865339494951,0.06486152474333035,-0.026118260341625482,0.5717196772837798,0.10982836667977296,-0.06246346554179311,0.720496827249401,0.2805719672050294,1.0935316442380258,0.4954758496763528,0.3114696880307524,1.374337033318459,0.3683097869201222,0.27043133420242355,1.2415556640607384,0.3266574583411139,0.4249886746363534,0.9854877614176497,0.49679908646470955,0.47526305619452086,0.7211373732039542,0.5986388195242722,0.44581305249001124,0.511299666731973,0.5152472016773888,0.36858778010778737,0.46280291262217454,0.4393682904396592,0.3819917805109918,0.44452730762650405,0.4153789807882637,0.40719670763576044,0.4056874217583983,0.45920640927368056,0.10916270202085807,1.0645001760014114,0.5631565455064459,0.034064235092097286,0.8402968880954362,0.6746456308592823,0.07595308802035594,0.6968245784534227,0.5496487199155576,0.11615714651252707,0.6388873056639295,0.49558198010035376,0.10463675426340818,0.6236665734607301,0.48493405511413845,0.08862340658911509,0.6107995982345517,0.4851907271546148,2.645833333333333
0.34235702642518007,0.5936748333866615,0.7028577385650048,0.25999497146883915,0.36983742365123756,0.48936171642460125,0.28365262033716887,-0.014838069825734476,0.6611600745366046,0.27115625287567985,-0.030728474311437527,0.5165468514809596,0.32346875927272556,-0.04936807606729619,0.574003295747282,0.2701226098324584,-0.08898344438531458,0.7727820968153222,0.12630532264070948,0.6355857134440228,0.7247066552178026,0.10427996003011307,0.372631809529709,0.5265550583407084,0.10229587984175535,-0.015963130777517945,0.6928408613462905,0.10975861749163754,-0.014209677212458263,0.5130044542897668,0.06476492690160235,-0.024387008269084604,0.5715555159883845,0.11004081114378716,-0.06214668931324867,0.7205336733623068,0.28593663487341603,1.0905979470106018,0.49494724807316215,0.3259843646138225,1.37170075278254,0.36666520102231653,0.2821513508736162,1.2383665910921837,0.3272970762456289,0.4264973963358395,0.9827434553498511,0.4990987228126714,0.4761706702918019,0.7170325778143685,0.6067455428991673,0.4557098964048579,0.4954335390178459,0.5428128808854665,0.3818519410695488,0.43582673533562066,0.47548384918777153,0.3970726663717992,0.4208261675841241,0.45306541842161613,0.4214980452409335,0.38041780107590556,0.5013000311012478,0.11258248755456608,1.0673376411962394,0.5589282252711159,0.030334317226082336,0.8450063126940262,0.6750444033051157,0.07925368840963382,0.7014759023623374,0.5449782761346428,0.1203579082645708,0.6412033481774062,0.49168132614995197,0.10729991893700702,0.6258820945450607,0.4833238350439393,0.09241532778812742,0.6154071538242764,0.48052486442360803,2.6666666666666665
0.3402020447735324,0.5910966059178404,0.7072156601236212,0.2575681643008509,0.3694154235718896,0.48806846273333104,0.2838229997514347,-0.01600787919287068,0.6612166149965343,0.2702109095854244,-0.02669452130184652,0.5082960967081248,0.32202394163550707,-0.04930212092194565,0.5692603201671459,0.27078278687018137,-0.09066568665918744,0.7739967978030706,0.12360004710680081,0.6347873603657457,0.7255446357148024,0.10368026972174778,0.3732424149348844,0.527237896265124,0.10213963564983142,-0.014946309323963292,0.6926787513605992,0.11027209271205657,-0.013266535003491564,0.5119246622876846,0.06461139280202133,-0.023702983331248623,0.5719958694750693,0.11028560403074748,-0.06154793645197582,0.7207769319859719,0.29111253342333865,1.087624490957478,0.49461801177139075,0.3396129512391639,1.368397789183207,0.3640358587981277,0.292857129718504,1.2362509613562764,0.3253666222688856,0.42774470873156095,0.9798164566845713,0.5008938490706694,0.47692754668795756,0.7124675781821701,0.6141156952475446,0.4616335931985761,0.48105764772252657,0.5712899208119087,0.38983629806676057,0.4100260324102335,0.5140641968099905,0.40712772317762724,0.39677338235392157,0.49575981053793516,0.4329491188325436,0.3551248317476197,0.5479506339733146,0.11575515997047958,1.0701163447340332,0.5551899465360673,0.02498503265789425,0.8488741055796883,0.6774793543496054,0.08115870233389125,0.7050322530611043,0.5429199534229431,0.1251004450265646,0.643546364279654,0.48740724436156135,0.11024109384773924,0.6283172310172852,0.4815047025135345,0.09372481292456308,0.6188702447927481,0.47907265006438793,2.6875
0.33722292373246016,0.588619561367311,0.7116079026190976,0.2555983065391618,0.3691793921083131,0.48690623390847104,0.28399284550829995,-0.017061660788057834,0.6610227327538244,0.2695851858203804,-0.02260757766389284,0.5004758184196701,0.3213383975999795,-0.048331484537975096,0.5642124455313406,0.27158822090133383,-0.09182455529964641,0.7739172124712491,0.12048298870322235,0.6338565540327992,0.7272673611335762,0.10292786637975221,0.3736046398376227,0.5282660041703576,0.10216447427444962,-0.013506724719320948,0.6924100987085628,0.11115890909028317,-0.012694032688068804,0.510052265580783,0.06462327645730837,-0.02414498062796888,0.5724212211403735,0.1105050837442833,-0.06088960974749337,0.721098416703923,0.29603553472140187,1.0849072342724821,0.4940288413304481,0.3515041219576466,1.3644960677280211,0.35946270073772335,0.3028553729522469,1.2356362634515055,0.32035228631952806,0.4287774603948791,0.9768444442119073,0.5015908254683192,0.47739378822954937,0.7080429758300049,0.6208534676995653,0.464129911413576,0.4682177514328884,0.6004328422725163,0.39330161229580174,0.38803784065292746,0.5499754728536694,0.4126108930190153,0.3754995745242064,0.5357426376610068,0.44247353770082604,0.33245246187401334,0.5947216364837528,0.11859108807671724,1.0725634089148772,0.5535872194766116,0.019041249214543234,0.8517640433670312,0.6812291633619425,0.08146490115533397,0.7074668380415641,0.5432451779035916,0.13017561521830529,0.6460693649942804,0.4833136986622051,0.11288580460159331,0.6310456640513816,0.4795067949598253,0.09327959587314277,0.6216358273408594,0.4793099779704324,2.708333333333333
0.3336169611503361,0.5864250320163144,0.715487454908942,0.254360972198882,0.36910470407732365,0.4862479262132673,0.28418427277434677,-0.01790342815464882,0.6605426786630785,0.2692704296050631,-0.018713915411919108,0.4942825836117853,0.32157687582224925,-0.04626271634420816,0.5594773617592836,0.27243712714788987,-0.0921540497244282,0.7723320620102349,0.11713332916777332,0.6330821619247685,0.7296546975118239,0.10208248006541837,0.37355470489986103,0.5298079193247831,0.10245942549648782,-0.012000112754674927,0.6919053309478032,0.11221839226956669,-0.012064504230918774,0.5078037011614853,0.06481934714902574,-0.025321144717505545,0.5726386013773798,0.1107050742750177,-0.0604030200874723,0.7213919379106019,0.3009229956344609,1.0821574865249572,0.4930582492683871,0.36163314853342765,1.3600071284223358,0.35365087377293014,0.3129889612461015,1.2353595537172062,0.31430874253565366,0.4297093988519213,0.9738328261202017,0.501905446315415,0.4776289561039474,0.7038149356458108,0.626841911369338,0.4646103007262589,0.45735618629320907,0.6292057459496827,0.3945577618306374,0.37284633961978675,0.5783725980558201,0.41455711028733355,0.35933897089181666,0.5678922275373014,0.4498580081851866,0.3160225354711991,0.6352778470589171,0.121367240480587,1.074487843593495,0.5545692287764817,0.013450130019115556,0.8541872693757427,0.684853652538298,0.0803468736646244,0.7088126413545056,0.5452021986369674,0.1351013276862763,0.6486533783593451,0.48005462181660097,0.11502314365639214,0.6334118181176233,0.47739553066963086,0.09173553891771166,0.623433899346213,0.4809656959345528,2.7291666666666665
0.3297344123716517,0.5846665139150491,0.7184100326058268,0.2538208909162294,0.3693886622141604,0.48614473185629203,0.28435589933502753,-0.018459729249960907,0.6598817886086651,0.2692981107814101,-0.015941213461817698,0.4914928070341002,0.32263636713552346,-0.04336137408916947,0.555819374964003,0.27317736469992515,-0.09152124715217677,0.7700030572893735,0.11367481553033561,0.6327561717993867,0.7324424740520601,0.1011702411118483,0.37319595249655124,0.5318640508399283,0.10294527205789224,-0.010714336034272909,0.6914490304894125,0.11330356462174848,-0.0109277427994737,0.5055730874805838,0.06506955115136606,-0.02676668354525999,0.5728830257287282,0.11089183634831754,-0.059962750374433646,0.7216461085964601,0.3063758081668635,1.0788584208436316,0.49122162546036297,0.3714436742208136,1.354629635530988,0.3492486301842399,0.32421421077168666,1.2332565904602342,0.30940447807983334,0.43096852719272805,0.9701977265020008,0.5036712918632348,0.47748356964083666,0.6981921335408265,0.6333527607618146,0.46372994890464087,0.44885297445743255,0.6550723809725392,0.39494203600990757,0.365597022175728,0.5968032995659737,0.412964678189339,0.34855209661489783,0.5907843799627297,0.45372503628045036,0.30731260521148784,0.6653152878450268,0.12512575871835355,1.076398333851189,0.5558757248610945,0.008942308728103312,0.8568202438733249,0.6866101624572776,0.07840476557850107,0.709310965474607,0.547647688088978,0.13914194872719038,0.6507830339022793,0.4779370812708526,0.1167698262505556,0.634869860783806,0.47541553337651504,0.08960321642612551,0.6242201637862187,0.4836754541232177,2.75
0.3256827257101513,0.5834776755659643,0.7204903747901883,0.25359680502641885,0.3702541443191001,0.48654882875545546,0.28449836735943507,-0.018734097852658865,0.6592351664440541,0.2697544090582191,-0.0154605356016225,0.49265124633034313,0.3241463730469687,-0.040405402548329146,0.553575211716665,0.27374448155668896,-0.09019787585273303,0.767933000721935,0.11006155167376255,0.633257031393653,0.7347069951842031,0.1000831072279392,0.3727089789238176,0.5344130237594231,0.10343061328979014,-0.009719384566338002,0.6913786201349563,0.11430288434329547,-0.009378393729626566,0.5036177647463469,0.06525808200562909,-0.02834973069551039,0.5733220300062798,0.11105199521793857,-0.0593441501781059,0.7218970676416392,0.3128715484978727,1.0751265768023113,0.4873468977583244,0.3831803162532157,1.348259702282722,0.34839661350448076,0.3368988987812759,1.2278763122212553,0.3060116367698773,0.4335030215119913,0.9647558745611498,0.5086860288331718,0.47654216915230885,0.688978512263037,0.6426198146603045,0.46127280263787596,0.44227393304009044,0.6757220991875867,0.3938561876112324,0.3642196514744219,0.6073389098844305,0.4074028737984191,0.3422570839818686,0.6066636213351212,0.4528369190916557,0.3041332104955762,0.6862205284214851,0.13107943683206408,1.0790417620455024,0.5542185242799396,0.005998536176905924,0.8599388475085927,0.685458545921646,0.07631389317637034,0.7094685434696961,0.5496359908132075,0.14176084299418928,0.652183718727334,0.4766982486133377,0.11814405384511863,0.6354142942888721,0.4744663586524781,0.08707986651348396,0.6248453029706619,0.4860323938622173,2.770833333333333
0.32122018088296134,0.5828836807892782,0.7220481520453519,0.2533227324058886,0.3713615739661854,0.4874619221627457,0.28468777907949516,-0.01879478940703204,0.6587283573084425,0.2705358255210827,-0.017111594083497786,0.495967960071471,0.3256175667371184,-0.038124949891634306,0.5524824715956937,0.27422901140181527,-0.08881528382037747,0.7664198473555677,0.10619888670551575,0.6347910514057076,0.7355320595025578,0.09877694984920746,0.37217913375630074,0.5373241760079268,0.10382964219306702,-0.00906536284561249,0.6915797896217794,0.1150642530112207,-0.007831558461373622,0.5022289241583482,0.06533971859003677,-0.02997166589994142,0.5738611377109301,0.11118578694333077,-0.05863771924488294,0.7221807547944855,0.3203976108848201,1.0716950939042795,0.4805781134217335,0.3982417603299014,1.3411428676396409,0.3511538215969129,0.35084078191130047,1.2193141499516544,0.30434256229077405,0.43839292065282454,0.956408400870203,0.5173491757804636,0.47454099053969345,0.6758514882777494,0.6553655967694533,0.4571750950098175,0.4369795742879287,0.6904613904899637,0.3906232490178693,0.36496293348649606,0.6163383562548606,0.39889554567711794,0.33909489214164384,0.6202079017976112,0.4469332360940179,0.30335941586257587,0.7024304859052336,0.13954646189690184,1.0824566466476444,0.5485682296740082,0.004744593073674978,0.8635117250760127,0.6812216369025362,0.07433532609826929,0.7098809849312854,0.5510906067679395,0.1427093831397513,0.6533598395890596,0.47591022014737505,0.11883159876168761,0.6354591957843623,0.47539475717007024,0.08394785678159392,0.6264564269680655,0.48642612662918183,2.7916666666666665
0.31608428565769,0.5827493138565585,0.7231836012985863,0.25290616716296266,0.37204985636043225,0.48879561669926785,0.284966326934225,-0.01867015835455789,0.6583751805304955,0.2714073915651665,-0.019513850637686028,0.4993705349870683,0.3267234932283275,-0.036814326618183665,0.5524344257975472,0.27482856744802286,-0.08793565579082954,0.7651895239703242,0.1021556995964196,0.6371468846072045,0.7352071119561552,0.09734477914868817,0.3715686100604066,0.5403540585394757,0.1041782591674139,-0.008853959292816266,0.6917210168531072,0.11541789056471546,-0.006582499004698275,0.5017603960223938,0.06531360376424622,-0.0312506246511104,0.5743064484095617,0.11130860809277768,-0.058086158918827145,0.7225510289126733,0.3286332335236415,1.0688277136851416,0.47129083176965564,0.41648273836849314,1.3330617647747234,0.356131462038914,0.3656399719894879,1.208308617696166,0.3057767317514597,0.4460311801992801,0.9448339127798131,0.5284403613831115,0.47144590778827367,0.6606675259791084,0.6700212630615363,0.45172837350857686,0.4325653645448777,0.7002346491904168,0.3856678938146799,0.3651529138750249,0.6298447184961372,0.38935669614018636,0.33697979305488174,0.635233772218405,0.4359827935409023,0.30361188208275997,0.7159864734363721,0.14982715831554672,1.0862443820695213,0.5402455242908377,0.0049520227538294385,0.8677941504996795,0.6740366132678037,0.07211976882774333,0.7109787609736926,0.5526393719905897,0.14169731321735762,0.6551157779960772,0.47567873251253184,0.11854424263107685,0.635809818814026,0.4777369774575715,0.07985146534840976,0.6296762759102208,0.48415172287471026,2.8125
0.3103155594739863,0.5829433028141602,0.7239321723887938,0.25239795024909983,0.3721916232313419,0.4903647813612667,0.2852488197600328,-0.01839196928007271,0.6582496277561631,0.272244716140535,-0.021499867868252392,0.5022218767340306,0.3273124116664748,-0.036373823817912994,0.5537227436261489,0.27560314336460046,-0.08775013729631348,0.7641656760927729,0.09818386150479996,0.6399669652258416,0.7347319607463428,0.09582402793415572,0.3708174250686787,0.5433592099419129,0.10440917119561223,-0.009008419457547087,0.6917188402116787,0.11535093530328672,-0.005783138679646305,0.5022793074043861,0.06519125987198793,-0.03183597124094225,0.5744875250274718,0.11144144809083556,-0.05774638365501692,0.7230754093655618,0.33713733463254547,1.0658670188185186,0.4609286891184149,0.4367794662373737,1.323300473316255,0.3615705187740469,0.3805093472349984,1.19542495320419,0.3112754576994106,0.4558184838667336,0.930722316797596,0.5402236751191212,0.4673875371645181,0.6455678975281838,0.6841865535219915,0.4451612082514962,0.4287025202388696,0.7068494313973334,0.3795276032228435,0.3638855623406434,0.6493813185430934,0.3797319188521824,0.3337745113411412,0.652953960531974,0.42025837514030484,0.3048615378917072,0.7262961393768865,0.16081130771709207,1.0901950940340606,0.5305435889032575,0.006286808809860482,0.873390017168496,0.6642331417223856,0.06911000602582688,0.712952368474079,0.5545191049119054,0.13863946458245177,0.6577496998918012,0.4765383203417533,0.11732039215259299,0.6371574329728539,0.4803900394330938,0.07461138237650126,0.6344692079874437,0.47960533003706557,2.833333333333333
0.30413857634309893,0.5834024761317503,0.7244980746883785,0.25178560558178137,0.3722731721030082,0.49196032669082496,0.28540606408640873,-0.018134944334017605,0.6584472193031389,0.2729030532112196,-0.02281970184319125,0.5047506085762364,0.3273345522122909,-0.03641157018384037,0.5563450020933387,0.27635778787040477,-0.08804075260011965,0.7635459418969941,0.09440621709833388,0.6430876605173748,0.7345464868663528,0.09409884242975591,0.36995386926280366,0.5464400161158781,0.10434770981077617,-0.009119870854197382,0.6916891101933965,0.11510654775187759,-0.0054624500316412805,0.5031936506949801,0.06499949780916815,-0.03167914060250445,0.5742192635367483,0.11161417864545976,-0.05748991168178267,0.723762030175595,0.34536847267329845,1.0618819030879945,0.45126629081684055,0.4576374566705367,1.3115890080371915,0.36631097361203874,0.3943096667099638,1.1814484998789623,0.31963971723496953,0.4665523233596501,0.9154210916935666,0.551135154712386,0.46280262466711525,0.631939836967803,0.6961735561392719,0.43774059004571125,0.4257844245100553,0.7119480232329477,0.37236905418398736,0.3610925255727475,0.6723412708408442,0.37045517349759277,0.32912324107712254,0.6725400311381595,0.4016787384771215,0.3070171675758891,0.7336599748226935,0.17143287539187163,1.0939379879123454,0.5202833452488873,0.008525885312330221,0.8805569056583062,0.6527082968722296,0.0650942872767988,0.7157074345068658,0.5562815941295597,0.13398283173475622,0.6608622781663334,0.4787704322118639,0.11532521047452333,0.6394060946920865,0.48305232802760584,0.06834814853616662,0.6402681970774343,0.4739207951924596,2.8541666666666665
0.2976314308368912,0.5839723558937068,0.7251662141808141,0.2510202602823958,0.3727107604290745,0.4933622657218839,0.2853967555311841,-0.018026920661643173,0.65874368535306,0.27312941643758915,-0.023778904480976963,0.5072571669940967,0.32695198860620434,-0.036423573399557985,0.5595593790024321,0.2768966045332222,-0.08839304662581005,0.7633513572882158,0.0905979359767614,0.646480770683216,0.7344635276509728,0.09202125592947137,0.3690871136254436,0.5498075614973894,0.10394210188415345,-0.008706016618119677,0.6917410314021886,0.11497446121887142,-0.005500071994109096,0.503656104066307,0.06480481546555053,-0.03081294129954347,0.5733701256965007,0.11182407319987374,-0.05716980569886744,0.7245174604603898,0.35280215635734613,1.056391000815598,0.44346653644464795,0.4775117805960908,1.2984997375327334,0.36998758685635,0.40646082516152204,1.167836428267901,0.32761401276660584,0.47688478765167885,0.9004831890515561,0.5595102261500526,0.4583848508810328,0.620942680939172,0.7053601159092762,0.43010478041857225,0.4252202770033974,0.716196108917505,0.3650803464133463,0.35775557494143495,0.6942341011224161,0.36274547815175606,0.3248765525315751,0.6918179325515912,0.38370366508308024,0.3094846080206345,0.7397110103409476,0.18090981253948224,1.0967456446845538,0.5110039319524375,0.011466975172717525,0.8887040823204888,0.6410932798607504,0.06016826354561797,0.7188229159911796,0.5576693804831705,0.128309444628046,0.6637896865249627,0.4823084682449329,0.11269952715331517,0.6420028012409327,0.4859135282417757,0.06127819161663664,0.6460999311339107,0.46862536065690286,2.875
0.2907330370938893,0.5844012255110003,0.7260715487904279,0.2500795205720075,0.3733643564898,0.49441829064745973,0.28527776040950537,-0.017929795912540916,0.6586977424145063,0.2728443362276238,-0.024451313203115256,0.509651514686274,0.32655203295330915,-0.03617987936666992,0.5622628673888843,0.27720150053619785,-0.08863986133439135,0.7634585268008195,0.08646774208819517,0.6500782797304006,0.7342593884596462,0.08958087373710087,0.36834592446861847,0.5535506934027807,0.10328899677193729,-0.007718479098724307,0.6919788273328014,0.11505137440114373,-0.0057562319651915245,0.5033826811805603,0.06472556230547684,-0.029362930137903642,0.5720901254068271,0.1119945161935318,-0.056690443205039284,0.7251922164562133,0.3592171938930404,1.0494626957508761,0.4377326661696592,0.49517869916016255,1.2849027283795251,0.372399260076791,0.4174538634457795,1.1562194425871235,0.33193854767613973,0.48561350600060704,0.8874362452975405,0.5639764773063565,0.454694339211202,0.6137174857525748,0.7113112289100328,0.4228085817217423,0.42806507294307977,0.7188743591222917,0.358832133099863,0.3559647760027771,0.7114966084461078,0.3572672936457283,0.32334673897158484,0.7079934727550218,0.36938640411165147,0.31223681201954967,0.7445145410170297,0.18902668607368767,1.0979317217059406,0.5046128976375767,0.014849274851973727,0.8969459190678566,0.6311926042124445,0.05446905309847367,0.7219588695271746,0.5586602434223101,0.12211104627950964,0.6662178071983818,0.48693103024927914,0.10963693098613603,0.6447198536100791,0.4887583322253319,0.0534730373864435,0.6510994972166351,0.4652105246840213,2.895833333333333
0.2834620579117562,0.5845795323805096,0.7271493715730765,0.2489230766997435,0.37373498628003265,0.49513165204920817,0.28508372309906266,-0.017768887214121315,0.6582034657840783,0.2722309917714921,-0.024549292575243603,0.511309315997207,0.32646052409710313,-0.03592220624843035,0.5637016624500023,0.2772966387784938,-0.08893710735168825,0.7638140481305022,0.08201678532916243,0.6537568242199593,0.7338982498033624,0.0869351810791299,0.3677928389069761,0.5575781047349313,0.10247553139580358,-0.00664637164367822,0.6924920702904177,0.1152761355611092,-0.006229243274916002,0.5027086315588805,0.06485597479184976,-0.027935230394202974,0.5709525224606685,0.11201779182959014,-0.055977376795264336,0.7256479691641553,0.36485011378328214,1.0412191282005832,0.4341534283546073,0.5100781304865634,1.2711011916525299,0.3740333415981036,0.4283451808310237,1.1471183334355437,0.33200510997599275,0.49187446464113405,0.8771708678153177,0.5649022733005016,0.4517773556621214,0.6105102725819995,0.7134319600917097,0.41575066606805844,0.43401613374789655,0.7182252746480944,0.35274621239689746,0.3572317759807128,0.7238868054511245,0.35202718931493315,0.32574868466140616,0.718521828273624,0.35986598966259736,0.3163841175690065,0.7459027368431972,0.19614824259023866,1.0969044869638254,0.501863664479087,0.018548358733431407,0.905206025036753,0.6237370249637553,0.04835457057137614,0.7253734023777222,0.5587500730909493,0.11606845084307993,0.6682640188496248,0.4921290763711709,0.10623544454978637,0.6475125989358912,0.491474181331654,0.045081579228852225,0.6549359488754452,0.4648615526866347,2.9166666666666665
0.2759358128078702,0.5846704589581141,0.7282166515600684,0.24751030579393127,0.3735390558007078,0.49560447506019495,0.2847581926785604,-0.01782149871002807,0.6576151808731486,0.2715001889419183,-0.0242037321562776,0.5118400469027797,0.3267392242885483,-0.03612334382063709,0.5638253016415048,0.27715452783218353,-0.08947998988606584,0.7643954629905515,0.0774684519195386,0.6573072928959331,0.7335821626472326,0.08426513500453338,0.36738275126494,0.5616369612105733,0.10154644996461437,-0.005891084096427079,0.6932021383748495,0.1155041242415405,-0.007094102830426177,0.5020330044889569,0.06508867474297297,-0.02744706099573064,0.5707210661561437,0.11183635139463077,-0.05501711557724566,0.7258129638855082,0.37010007939171374,1.0315276757082157,0.4331561308621258,0.5225311991283368,1.2566953323161554,0.3767288781427293,0.43998414904983474,1.1390429864309963,0.3296406092237264,0.49521312699959275,0.8692531074473696,0.564425692708529,0.4491692466605688,0.6099485525704352,0.7123971032885815,0.40876359225296016,0.4422006480909184,0.7125892227502892,0.34481253997672734,0.36198719835802945,0.7317553039518285,0.3442719337619135,0.33184189858618146,0.7218745003860485,0.35444831146885813,0.32230909978837974,0.7425564977895135,0.2029153704504646,1.093443557438717,0.5016034822179525,0.022630648593385424,0.9142202644417933,0.6179881320934708,0.04249697128184003,0.7294997344791891,0.5573544172622146,0.11078646075206244,0.6699200470350067,0.4972799509980691,0.10227033825017574,0.6498247930639623,0.4950113762117962,0.036658919542016735,0.6575793488478817,0.4683298250330209,2.9375
0.26826835798653653,0.5848757467384048,0.7290539892539244,0.24583654788196274,0.37287020838028184,0.4958678696766696,0.28418015023796495,-0.01845967709327806,0.6574879896275261,0.27084073297937106,-0.02427244562042289,0.5115910500708986,0.3273104494850926,-0.03702902498008059,0.5631720804685533,0.2767320903576851,-0.09039151856481491,0.7651664016605697,0.07298311368398039,0.6604247427180578,0.7336850778839387,0.08165253144061364,0.3669933196693902,0.5653588602251167,0.10057046294620933,-0.005341596446737817,0.6937839487454578,0.11553167740039089,-0.008621632303390178,0.5015022637498453,0.06511087336161173,-0.028485823249119087,0.5718148896405608,0.11146861598130176,-0.053929644392199626,0.7257007166198233,0.3751688007158051,1.020552687596678,0.43464594004754314,0.5335459371164638,1.2417111497671227,0.3814515130205085,0.4524457647478848,1.129671653186445,0.32629649820392703,0.4958816172468487,0.862464242466019,0.5643272310494264,0.4462509853875596,0.6097769407769276,0.710435320735623,0.40216401817250313,0.4518871483361685,0.7014209207551245,0.3350680980730482,0.3700278295794507,0.7328372351688847,0.3340860302606845,0.33984652840106233,0.7185304127914651,0.3513910893071579,0.3287824671872415,0.735473609878805,0.21002677322870925,1.0881842141785496,0.5014192867450771,0.027118601568261923,0.9243177846561347,0.6130587553256007,0.03750707667557092,0.7340634452622273,0.5547685469745833,0.1064149059238208,0.6708806918193849,0.5018386250398307,0.0973802226320851,0.6507249321221793,0.5008564648907927,0.02891162317891386,0.659143081280768,0.475153995855194,2.958333333333333
0.26057524898195533,0.5851208594411939,0.7295856725605746,0.24390998319717663,0.37177278113120815,0.4958954662485474,0.2831997851541433,-0.019931510911955344,0.6584122687389803,0.2705591418915476,-0.02552916425208883,0.5111921031496154,0.32810181182364706,-0.038427822335360066,0.5623916715302502,0.27598989947396085,-0.09169304603803444,0.7661031321475236,0.06860729614603904,0.6629289678140675,0.7343417173091372,0.0791231901210627,0.3663189157613322,0.5684227007594366,0.09963039429331395,-0.00483385117185757,0.693929536503318,0.11528898297871973,-0.010835514021241777,0.5010529579157754,0.06469213878653066,-0.031046810092943078,0.5740677310264753,0.11096513002592304,-0.05289757123494282,0.725364961954606,0.380141743905569,1.0092935389086997,0.4377323413498275,0.5439694488989351,1.2273965278020456,0.38576120669256336,0.4651253488553183,1.1180131120813401,0.3223795997450544,0.49505437893574744,0.8561155422758286,0.5648507283533202,0.4426971473013376,0.6086189466553746,0.7087853623740773,0.396229001079895,0.46201040658732834,0.6855863113759408,0.32478320425337315,0.3793403134737108,0.7260681097175927,0.32375821535838345,0.3470683832644875,0.7107134382511744,0.3488196297296273,0.33447636339826037,0.726331153940266,0.21789732086302807,1.0820620442921334,0.49944624702847673,0.03182816976405889,0.9347876719108885,0.6089565943734755,0.03369822408449279,0.7382311705141748,0.5520499183437615,0.10294167269804204,0.6709499051415736,0.5053277018302321,0.09144694058698531,0.6495715981221166,0.5096678661413055,0.022154953654122095,0.659992245369327,0.4832448285454511,2.9791666666666665
0.25302423690144626,0.585090925809186,0.7300278588305579,0.24181051053901365,0.3700554934629783,0.4958193736159508,0.28175876547179096,-0.022254179075941516,0.6606123573373271,0.27102770759138517,-0.027897279184085487,0.5109918254131101,0.3290346945236322,-0.03988133958344401,0.5617341469124512,0.2749196319307245,-0.09323613936664317,0.7672169404783531,0.06443219133150811,0.664880998216465,0.7353142094262859,0.07673039945616872,0.36489221260275617,0.5706724388543097,0.098766683751489,-0.004484276199687401,0.6936401566818784,0.11495005906410191,-0.013209906005004213,0.500649322753193,0.06386690181320068,-0.03463165998403909,0.5769752409718488,0.11035847509830538,-0.052015073992393156,0.7248471409718492,0.3852635190819538,0.9989800315673937,0.4416694302325209,0.5541362466073504,1.2148854809761054,0.38590704488881705,0.4773327997248996,1.10461656467176,0.3186734665335058,0.49402504090106214,0.8500663015186593,0.5655304039408441,0.4385949058291457,0.6063940141796911,0.7071632110665421,0.39056048274857513,0.47029256088086613,0.6682753937139205,0.3141292158923429,0.38618996702799135,0.7146094497458829,0.31461207264177715,0.3510449315847421,0.7010376489492329,0.34501421246783565,0.3375111015718085,0.718088171786512,0.2263496890853009,1.0755441926144287,0.49534649707853706,0.03644713739365674,0.944552394385564,0.605949149218294,0.031093782061656562,0.7415133316746572,0.5500936274504331,0.10029459107291822,0.6700852169666616,0.5080408634929678,0.0847163608255097,0.646295057114981,0.52082473627211,0.016358844859111998,0.6605735055671526,0.49016443888798894,3.0
0.24584386775074227,0.5845606871614771,0.7307056504770153,0.23972855379155772,0.36767473082084545,0.49582019437257374,0.28000942040919685,-0.025082159086284583,0.6635661570904428,0.2723782209373366,-0.030620451489864357,0.5108553553230142,0.32999243295451436,-0.04108011519362592,0.5611495848587248,0.27357051830707757,-0.09479019175628597,0.7685382758639895,0.060596198287721906,0.6664356105524751,0.7363652288684859,0.07452021963121352,0.3626876460857795,0.572099623266804,0.09798323252691568,-0.004359735797057757,0.6931197545324708,0.11478233842457278,-0.015066989556198895,0.5005660622045575,0.0628090020973915,-0.038547250602019,0.580019143276242,0.10964587067724434,-0.05119592213508756,0.7241521651820116,0.3908732079273962,0.9901498866521932,0.4462672814454791,0.5642901117108399,1.2036994803523378,0.3810763551393736,0.4883459049788536,1.090372078509753,0.3160535102386152,0.49330542940807753,0.8436965374143175,0.5659943018268332,0.43411889720177355,0.6029311371569963,0.7067234336486667,0.38424339685131526,0.47343279213907374,0.6554864315363172,0.30286597657954495,0.387578092928755,0.702513287962065,0.3060324715254651,0.34994430782420965,0.692246430493832,0.33806339475350283,0.3343339915101421,0.7164250201053632,0.23479975283704815,1.0688051819085036,0.4896774704533883,0.04073870536604634,0.9529951249731566,0.6036690276312336,0.029453672844944385,0.744023954347722,0.5489499443394918,0.09814573456464215,0.6680868165031215,0.5112591700129544,0.07767229416748836,0.6413147718359226,0.533066475424455,0.011569241713965037,0.6612527791409085,0.49478740543367283,3.020833333333333
0.23935037305321366,0.5835606105671903,0.7317852880537132,0.2378153437814558,0.36499018736538924,0.4957028291902187,0.2782209831109014,-0.027953219318242933,0.6664522289365664,0.27427643595493745,-0.03285352866279688,0.5105409106717904,0.33084664090534366,-0.041998308408357964,0.5609072327361104,0.27202608169238646,-0.09622698010490627,0.7700652315337325,0.057120219730551106,0.6677401838956205,0.7373091408776635,0.07244323975567891,0.36055881372887894,0.572777476533589,0.09728156515479541,-0.004353321013091743,0.692554727787382,0.11501519052059136,-0.016175788624048434,0.5012776361082132,0.06167870455810403,-0.04226410648324405,0.5827544298308577,0.10879738385309866,-0.05030913734669777,0.7232635050020922,0.3970957688964468,0.9825128774435673,0.451676137025658,0.574394781399981,1.1927222443388323,0.3737253522184742,0.49710336032806735,1.076059046703039,0.3145680268991603,0.4929071451566096,0.8359730454025643,0.56610329540564,0.4294178995476272,0.5975640504598956,0.7105097926253106,0.3768817674831866,0.4695563830773951,0.6526399709992028,0.29161978874032163,0.38257931134689704,0.6920144055048215,0.29725379092324816,0.34343321841893076,0.6865681281679935,0.3268583675076221,0.3229397120622422,0.72625672538954,0.24263858346583064,1.0620904232583863,0.48333064866350356,0.0445648370678913,0.9599152594320394,0.6014485272079461,0.028530376237046483,0.7459238766248754,0.5480437950045222,0.09605349538405972,0.6647010916102079,0.515801469933074,0.07086495173375496,0.635145247572229,0.545278281240014,0.00795654308800408,0.6622526552612812,0.4975993261910193,3.0416666666666665
0.2339161272336046,0.582142597025474,0.7333523650761797,0.236032890762124,0.36255183908579125,0.49498930375406996,0.2766052282262376,-0.030624169959930017,0.6688589586016654,0.2761057450656838,-0.03408165107455757,0.5102520765058582,0.33150130511552073,-0.04277046895493685,0.5616934942513253,0.2703662668642886,-0.09755645352966022,0.7717472145191944,0.05392912506651087,0.6688508129400572,0.7378559044827087,0.0703912506607506,0.35951492920822326,0.5727685818642023,0.0966660403825083,-0.004445145544658413,0.6920701261338533,0.11566573437571562,-0.01672234832983708,0.502968380415911,0.06060658442964867,-0.04533464261565479,0.5847487499770351,0.1078033368444912,-0.04949114447961829,0.7222151365044774,0.40366718643120536,0.9754511071859824,0.45802075816808097,0.5839676485237031,1.1818018451851844,0.3668657085358331,0.5028200300528263,1.0625059222415312,0.3140024991455017,0.4930430545782216,0.826481804963777,0.5658675744290897,0.4249440424236423,0.5904017231016465,0.719955354447708,0.36933377285267704,0.4603124811533461,0.6604725844700104,0.28195438798614597,0.3725474853252681,0.6838120776971769,0.28943524315607777,0.3339642925343415,0.684341318725912,0.3128259042065654,0.30616232735436066,0.7467789182364082,0.24959404939409607,1.05569035704571,0.4773634984918421,0.04769626202184621,0.9649180157984895,0.5992965748387677,0.028253547229039135,0.746878207744133,0.5472011587891855,0.09381088740879986,0.660128836009425,0.5209758845587904,0.06489425140855931,0.6282078300425387,0.5564446290547158,0.005592523708967472,0.6632818826116338,0.4998767374453049,3.0625
0.22975395111601243,0.5802058473722485,0.7354243617511773,0.23418965936763386,0.36069429163285555,0.4935685130598906,0.27524995095268134,-0.03297737107055067,0.6708192415926831,0.2774333985626405,-0.034246314080609366,0.5104959362375462,0.3319173604927555,-0.043479464423994606,0.5638542216393942,0.26868733698250585,-0.09881895171309885,0.7735221052203082,0.0510656782569263,0.6697064332531029,0.7377855810599382,0.0683330110929439,0.3596576456065197,0.5720993045034489,0.09612199422445589,-0.0047701549288322875,0.6917059408054781,0.11639269735917876,-0.016926721599706353,0.505381010539687,0.05973317575151413,-0.047210042783038544,0.5856866335574819,0.10676243574362236,-0.049131142239578096,0.7211600650445882,0.40998720391706095,0.9687602758358131,0.464380654742973,0.5927124840329987,1.171609799387505,0.36250007679640583,0.5060160400859416,1.0506022567800246,0.31422780044818316,0.4941720447022541,0.8159433725752386,0.5653321798620876,0.4215233190522184,0.582890060031302,0.7325384170401648,0.36301908352167694,0.44937502227736686,0.6758071193205248,0.2758532170124296,0.36117912206576763,0.677713508972272,0.28485534388348527,0.3254820403957342,0.6845208603890557,0.2994993024879926,0.2893941943456968,0.7712473665339714,0.2559277528963356,1.0498045684979433,0.47279753562539134,0.04981198087823595,0.9673781652022201,0.5979124269845106,0.02843083932102635,0.7462840504767297,0.547036747683204,0.09173360112863249,0.6551598095604334,0.5253225266814056,0.06054365246567647,0.6211818923962014,0.5652883307047939,0.00429017892617196,0.6635530534191109,0.5025784417254409,3.083333333333333
0.2267545892601718,0.5777268110586592,0.7377400059388677,0.23210142555078736,0.35932634914472295,0.49180640053816316,0.2741403944227592,-0.03484346340995062,0.6723583170909359,0.2782393382821929,-0.03349736323153233,0.5112505122956016,0.3320752867230456,-0.04423178633449485,0.566965471125461,0.2671707944524826,-0.10001779280356385,0.7753524932452891,0.0486911884018536,0.670246339899795,0.7371275457337861,0.06632403958482838,0.36030817807697885,0.5708516777617825,0.09559573758852619,-0.005352707376494598,0.6913686637470681,0.11675944534365515,-0.016955435720035966,0.5081051183080584,0.05922154495439427,-0.04775987007680842,0.5856530933118216,0.10588146254967311,-0.04940637864471488,0.7203302814974278,0.415496074095218,0.962866631033618,0.46863704601179645,0.6006419168078229,1.1625942031487453,0.36150409525947214,0.5082081599967991,1.0411989297419766,0.31491393169102344,0.49642938988922225,0.8056736864454499,0.5645680363772521,0.419712313097951,0.5765356870433309,0.7434762471464769,0.35853403678465046,0.4392887117097918,0.6945475722833203,0.27378604104095977,0.3523454473783749,0.6743149467448831,0.2833974355326943,0.3201295701257252,0.6867638345974036,0.2897887804193446,0.276452019624995,0.791616755319813,0.26198486655185454,1.0445333197986042,0.46999731956562746,0.0508385099619981,0.9671640119909332,0.5975574735336813,0.028632557361100333,0.7442221152526689,0.5478898942683625,0.09041062402598594,0.6506966454761428,0.5277171319232842,0.058567783484944576,0.6151542375206824,0.5704955107736311,0.0036758793665701444,0.6627917715531497,0.5054057099824669,3.1041666666666665
0.22463686019576207,0.5749765723205349,0.7398992460618283,0.22975423096790976,0.3581287775041608,0.4900007303242401,0.27323381222548593,-0.036046194971832896,0.6732104372844302,0.27860964618477646,-0.03199468405610128,0.5116850902443114,0.3319045699328762,-0.04530614376534881,0.5703325974950372,0.26602517870398845,-0.10111998181450432,0.7772328088389021,0.046846300918488196,0.6703996083205412,0.7361589957298594,0.06438492895776786,0.3610065778871636,0.56918192942142,0.09505206927464763,-0.005883279763134394,0.690900117824031,0.1165760978717938,-0.017141173699474002,0.5107961853961752,0.059158692554894185,-0.04766206835512611,0.5851852109067837,0.1053071056286021,-0.05001871726000731,0.7198734197516317,0.41997036151678646,0.9580714214299744,0.4694322746044465,0.6076947743719077,1.1544613621651658,0.3637947886942879,0.5105422435439906,1.0347564285589055,0.315766065315346,0.4992996931906622,0.7965529293163542,0.5636287624429539,0.41921572903361404,0.5714862522292773,0.74947344353772,0.35544086353094606,0.4304794518719207,0.712512504848426,0.27347754069712454,0.347397294725755,0.6755962280518798,0.2818029030445237,0.31750615285296596,0.6915773721239482,0.28399720212872986,0.26801796851325,0.803923353990835,0.2674149775118272,1.0399190260363464,0.4682674093100293,0.05118051475564818,0.9647971565527399,0.5974925671939627,0.02864473358635073,0.7417336935877454,0.5489658878586928,0.08997085552678923,0.6472675380665222,0.527818293359068,0.05899018423318376,0.6110614608747644,0.5714775057743865,0.00343628547578486,0.6615663256666635,0.5073822183092536,3.125
0.2231593945506904,0.5723824039015398,0.7416851530978645,0.22735315220416238,0.3568453111546788,0.4882212631362278,0.27252408173662956,-0.0365302320389982,0.6731314528354813,0.2784580367478426,-0.03005841761262666,0.5111054660518433,0.3313210236124675,-0.04686381512759247,0.5734879440899576,0.2653440342146823,-0.10201141887929875,0.7791018444788959,0.04539721576657517,0.6701124414390948,0.7351823690311986,0.06249057473130772,0.36177661241996334,0.5672274600920872,0.09455385908696733,-0.006047635528047296,0.6902621729787604,0.1158196757785645,-0.017849589425259875,0.5131751051800183,0.059398641142195965,-0.047582678547573184,0.5847952524336498,0.1050199712098491,-0.050552578793383554,0.7197092858441395,0.4233342440909381,0.9538353135206427,0.46772389955794824,0.6137229206639087,1.1466404477651408,0.36867068438751105,0.5131137890641307,1.0308772722454935,0.3166233063066374,0.5020715483059854,0.7886792824509687,0.562469513326968,0.41931926725481233,0.5669965653369753,0.7503519141687596,0.3534100080654711,0.42266427929743033,0.7258372404797999,0.27291984350312637,0.3462807194607143,0.6807077231338912,0.2782251242093355,0.3168594255823107,0.6976332503973333,0.28069170910797525,0.2626041193135462,0.8094161753026619,0.271421788008699,1.0358897648976975,0.46721677761923874,0.05143328424557448,0.9607309556292307,0.5968235154710607,0.028648603303439123,0.739709484934855,0.5491380832986981,0.08995811427607346,0.6449366687446149,0.5260243507025966,0.060963501953220686,0.6090300896244906,0.5690373883697752,0.00341545042893446,0.6602372416329084,0.5082137325115156,3.145833333333333
0.22214017985182571,0.5702582264975681,0.7431335166588032,0.22518844310845457,0.35533208512519576,0.48661269949019603,0.272040532807143,-0.0364732859782725,0.6724105907343693,0.2778398337740593,-0.028226725409571503,0.5098542375425343,0.33035270609796125,-0.04856795737872923,0.5761330024333731,0.265127824496885,-0.10248705168469603,0.780683119404192,0.0442132534024605,0.669599371108269,0.7340480398842977,0.060651228236041424,0.3624878098584754,0.5651857238066773,0.09422291128082534,-0.006030498209859916,0.6896174579547953,0.11450707443899523,-0.018959451621813672,0.5149416392110552,0.05961495617661175,-0.04745281245145778,0.5845313910487026,0.10493089606061712,-0.05095386333229699,0.7196102955911304,0.42558013308228226,0.9492642800191164,0.4657911342271906,0.6184058267084945,1.1392768975229142,0.37517505419624264,0.5155839009474391,1.028475489521132,0.3172946254805405,0.5044835927764811,0.7821315430231776,0.561248450584088,0.4197727797856875,0.5628448507314601,0.7469997307757251,0.3525430940671581,0.4160984767109118,0.7320915367423584,0.2726864965298073,0.3487832458797463,0.6847254377744745,0.2746851683750034,0.3174521928787368,0.7018442718303741,0.27905321197440547,0.2591847363763516,0.8102376297399152,0.2738535563168615,1.0322964704782271,0.4676340035480955,0.051941421220081774,0.9550288758604333,0.5953473826119766,0.028906039174516476,0.7380220172174663,0.5481785004181418,0.09005770320801182,0.6435255351776906,0.5227783649909828,0.06373826199190347,0.6086669982333673,0.5643358970922461,0.0036086854524070176,0.6585564118953918,0.5079022920449037,3.1666666666666665
0.22146391440551946,0.5687149061217598,0.7444139455095662,0.22343687532262368,0.35353704000771935,0.48540898192892623,0.2718252045107821,-0.03619373545699327,0.6716893438021412,0.2772475458842845,-0.02714719145545756,0.5091240772958856,0.32917296470404345,-0.04981251029444176,0.577965077993201,0.26534140790526944,-0.10242354444747799,0.7815508963439936,0.04327539662694167,0.6692942698179578,0.7321792923738868,0.05892139693640423,0.3626215297196802,0.5634481230995572,0.09414724339717472,-0.006353104202293791,0.6891695807966616,0.1128708367947691,-0.019859933034172113,0.5157975194647945,0.05957010757304308,-0.046975889539825635,0.5842153837083016,0.10497321161336456,-0.05146931805995497,0.7194597566859909,0.42698069660754817,0.944453666835567,0.465269418302372,0.6210203535331698,1.1336729055099202,0.38206174492812367,0.5179543410346308,1.0264641433026602,0.31794723805018665,0.5066438408473507,0.7778117011808912,0.5607102256567116,0.4209464792772188,0.5592189693102214,0.7394904405249482,0.35254963451311133,0.41081632137361757,0.7313031376186946,0.2732958765417328,0.3524608171757394,0.6853563362245196,0.27334913034114405,0.31698469139668994,0.7038531991929813,0.2798151669951463,0.25838648935812064,0.8059471285052943,0.27524697756463545,1.0291415102717787,0.46977024964711567,0.05271384825892074,0.9478236784179115,0.5933649359983824,0.029639563630703553,0.735978065973063,0.5467229603257833,0.09055199581886422,0.6425368197556197,0.5183116321976167,0.06732278238454635,0.6096703561081581,0.5573974027070479,0.00426620378285456,0.6562725320738668,0.505867086451029,3.1875
0.2211669952194031,0.5676628917212359,0.7455699568550452,0.2220597766783451,0.3515704693796146,0.48466116482823696,0.27188661054838087,-0.03591583261756229,0.6713876594051126,0.27716853610616676,-0.027434118255100524,0.509982522389741,0.32798098687618304,-0.050222336979465446,0.5787401547428032,0.2658677781021861,-0.10192128470948225,0.7815610303665312,0.0426524689668517,0.6694092081082131,0.7292582764236709,0.05740299402243033,0.361959038218391,0.5622698612277209,0.0943431675732197,-0.00729651667337855,0.6889774086366125,0.11136955805437387,-0.0201218802199477,0.5157227401524236,0.05925166285909449,-0.0461601925044439,0.583811973660054,0.10509737500942729,-0.052162540077716826,0.7192959725210893,0.4279679667281683,0.9408419354654279,0.46646553902024945,0.6209299864171632,1.1313660199484086,0.3882276025895232,0.5203571822626727,1.0244901808534497,0.31924326991673524,0.5084264137928917,0.7767219748325298,0.561427431232175,0.4231957179151631,0.5556519565282069,0.7288232472719478,0.35267046852387884,0.40506410074383264,0.7271762011095801,0.27373150473048047,0.3529243608234629,0.686041765089366,0.2735839068248665,0.3122478987002005,0.7080113335901234,0.2834742751832682,0.25974617040165615,0.7971585290949532,0.2759126807842186,1.0266930191471026,0.47228881324782535,0.05363728347212305,0.9396377975140872,0.5912232419174019,0.031057520448503045,0.7330839847391608,0.5453129585755507,0.0918877619556912,0.640854210458267,0.5135362683435427,0.07191057692061645,0.6116134599843221,0.5480405528196037,0.005901603971471542,0.6534827895643291,0.5011924566329116,3.208333333333333
0.2214075692980115,0.5668509825443049,0.7463035397095676,0.2208460379530156,0.34967760171575724,0.4842567512013897,0.27213625359913163,-0.035709221793704754,0.6715522912913295,0.2774891040684998,-0.02924164109422598,0.5124977728503752,0.3268616453564093,-0.04982397366536536,0.5785224687334686,0.2665531782236223,-0.101218034116096,0.7811125840010821,0.04240001052844446,0.6697655727222191,0.7254390759661999,0.05618846078840984,0.3611007879145024,0.5614468370849093,0.09473406618992737,-0.008641984748742032,0.6889882890212974,0.1104120875705018,-0.019812908679459104,0.5151840847048865,0.05875942061197243,-0.04516632323695799,0.5833914368916715,0.10527459847742733,-0.05271757036860489,0.7191380065009633,0.4287612990027004,0.9398129532653937,0.469013285253163,0.6183778020061548,1.132741775564571,0.3935948445373024,0.5224801324741217,1.0234450676210116,0.3216070696011406,0.5095466609510186,0.7786318047752171,0.5627873156496047,0.42642281015002637,0.5516272530995018,0.7186768822855772,0.35250982967055033,0.3963872507517624,0.7258516326944588,0.27343027358529304,0.34764911619012334,0.691144211099544,0.2735616525567539,0.301775912081644,0.7192664190927573,0.2888963202337948,0.26057932531992584,0.7888065704389686,0.27560944971870077,1.0252271445077579,0.47387054743459733,0.054646798583489364,0.9311145310904101,0.5892181999946087,0.03322948148235008,0.7292987113302392,0.5438542303225566,0.09414088306372342,0.6375062551409513,0.509681139493321,0.07726760676759573,0.6137390894271296,0.5370330313577006,0.0089667840631996,0.650591726841183,0.493195822745058,3.2291666666666665
0.2222626241572116,0.5661003659788066,0.7462249981026049,0.21961793171630567,0.348013935327849,0.4842201513599542,0.2724686980185369,-0.03555091813695167,0.6719928333608524,0.27766946755363386,-0.031943619495100356,0.5158747860397559,0.325820160305215,-0.04905603896394466,0.5778344697442549,0.2673195550828483,-0.10061396611891255,0.7807798262054902,0.042441691786413806,0.6700750206971502,0.7210266783588749,0.055233048366655525,0.360720519777928,0.5607085952711796,0.09516792896794687,-0.009916152595066674,0.6891878087565153,0.11017639926831503,-0.019140371560120994,0.5147716268084596,0.05816518475124483,-0.044119082323633554,0.5830112837499953,0.10552105482928725,-0.052842962517249736,0.7189902059586118,0.4293443246438825,0.9414847873615608,0.472581433008759,0.6141612386792017,1.1371567884171863,0.3985181995968012,0.5236321023154636,1.0251036440517778,0.3248178185870336,0.5101846531365161,0.7827045379307079,0.5637860297901837,0.4303524975203512,0.5478405734190911,0.7130699220431098,0.3525417829968428,0.3844882973587725,0.7313769725816996,0.2729662791252062,0.3377672411430679,0.701388823729982,0.2728286727917658,0.2874958071468196,0.7374191621496085,0.2949882627988629,0.2598432634476715,0.7849106416597463,0.273983997317944,1.0247933347548557,0.4743388217455984,0.055597052114874757,0.9227814728448451,0.5876352820050896,0.03612440224755638,0.7249062832908553,0.541857605589417,0.09710089981947706,0.632977494736505,0.5066004877494087,0.08288191690764504,0.615347400393629,0.5253161589151123,0.013534996365409498,0.6479754337533938,0.48206522750870184,3.25
0.22358843977736245,0.565502647949162,0.7452958550937866,0.21843263971079735,0.34647425567989454,0.48469789723514145,0.2729149291803739,-0.0353968127795925,0.6724677301646317,0.27731445897720575,-0.03462692803461895,0.5192838533993098,0.324923438533678,-0.04854078089254707,0.5772737236897737,0.26815879151176286,-0.10048616263439852,0.7808656482738121,0.04261829036762382,0.6701842724431842,0.7163390417566242,0.054448180250282155,0.3607547554231715,0.5601030608139292,0.09553266868463509,-0.010828088456764695,0.689645438191583,0.1105063721181913,-0.01826737965208626,0.5146522043361985,0.057498829380605,-0.04312968830407093,0.5827236230629782,0.10587002726204484,-0.0526303777704855,0.7189083953304247,0.42966963986176154,0.9451470570192231,0.47662053502763835,0.6087955810971618,1.1441807645266433,0.40297735975742277,0.523318340574612,1.0309279396042976,0.32836088771124217,0.5108964602590689,0.7887609077125481,0.5644220447435316,0.4349123316978898,0.5456304763795351,0.7130378699515812,0.35398629545128035,0.371517348462855,0.7428584193621555,0.2730984462906255,0.3268074596288043,0.7133870684774632,0.2728898748440951,0.27379360533874353,0.756566160171127,0.3021202472892581,0.25962739156407727,0.7834306785453379,0.27115902692528826,1.025468997027942,0.4737156833638272,0.056170010963360856,0.9152297290507452,0.5867102322259821,0.03971063032411111,0.7203189666320935,0.538985411466027,0.10065749606425105,0.6289615904779338,0.50289891545745,0.08832748361744054,0.6160973223042767,0.5135804044340052,0.01942588264666842,0.6453940615179163,0.4692649553042924,3.270833333333333
0.22515938793226697,0.5653595526781985,0.7437743559933546,0.21752484267988945,0.34488753348105833,0.4855897601278502,0.27359269092299454,-0.035210143921870704,0.6727943927762897,0.2763484136075526,-0.036833379990837314,0.5223117869304892,0.32425957241133524,-0.0485411898117322,0.5769597196402545,0.2690794932482491,-0.10109502096955347,0.7813783487735553,0.042930387858914024,0.6701695450836338,0.7115825590812429,0.0538533682319562,0.36084375267270713,0.5598043531834997,0.09582135310590492,-0.011385970804446574,0.6904414066051822,0.11097549450598515,-0.01742664064261118,0.5146320061585665,0.05683214372155725,-0.04233008233458291,0.5825895663504013,0.10631783051165128,-0.05226201559137169,0.7189074582912058,0.4296661178236625,0.9501710658596239,0.47988367536556,0.6024501214672606,1.154001269660503,0.406919685472404,0.5216688765794728,1.040992903621344,0.33169021795019266,0.5119809276116751,0.7968631821038911,0.56535994353785,0.44011738644473364,0.5459367771854347,0.716312101244954,0.3584326421975458,0.36024646041653147,0.7559814375895006,0.2748088390996484,0.31836371363438415,0.7229254407059519,0.27579502330124694,0.264541438957281,0.7703885496128872,0.31110600885238177,0.2618015499879375,0.7788533463806432,0.26783284226880233,1.0275079518188057,0.4717759773570107,0.056179928759953326,0.9092141771649473,0.5864078022823017,0.04383173324420503,0.7160182867995107,0.535409625014695,0.1048632842136186,0.6267192492913537,0.497573729182662,0.09341850264145521,0.6159031007165598,0.5028911252259604,0.026411160950482217,0.6419862119753521,0.4569973285822477,3.2916666666666665
0.22690877800904036,0.5660473037077682,0.7418743150449624,0.21708228406916866,0.34334305012989297,0.4865183681441415,0.2745525920713979,-0.03491963098434635,0.6727861928531715,0.2749266183610015,-0.03854051968286126,0.5248109723896894,0.32379634107306077,-0.048784800184895595,0.5766556574411809,0.2700597913767831,-0.10235113708960901,0.7822253038638786,0.04360714577900466,0.6704055001841542,0.7067589924557938,0.053452684265766263,0.360879381880221,0.5598621802992323,0.0960574304160391,-0.011653844939302146,0.6915888941079287,0.11123467958002982,-0.01692463925025299,0.5145800948113708,0.05631414106095997,-0.04185046999762148,0.582669226841351,0.1068402518269971,-0.05167015165430763,0.7189273600860004,0.42922829638806037,0.9562652592263367,0.4812707659607213,0.5951748749554658,1.1668543025828786,0.4099288315824158,0.5192157547326913,1.054145604910819,0.33424151621715315,0.5132920387071169,0.8066383617383007,0.566429439989948,0.44571290621256443,0.5492351772228135,0.7193632582927131,0.3671912819731139,0.3526137174275837,0.7665188287446929,0.27939478612422547,0.3141629763942855,0.7289404204637702,0.2824526636196255,0.2610167475605622,0.7766611769808195,0.32212694792504837,0.26602343834362707,0.7679876331730244,0.2646228669518914,1.030967598147543,0.4685639612744654,0.05576144944181121,0.9052300310268723,0.5863159639547513,0.0482898112173299,0.7126008772015682,0.531574871467227,0.1095840912177514,0.6261472084353961,0.49074219324740986,0.09796477098722876,0.6146454158370941,0.4945919188962759,0.03415719787518782,0.637297681402859,0.4472176164804342,3.3125
0.2289276610621564,0.5678869101836209,0.7395898050142531,0.21713299777248848,0.34217347642946466,0.48722324699539665,0.2757068358558612,-0.0344986466471149,0.6723415664293769,0.273322889637769,-0.03962098756172914,0.526470204571782,0.32344540731227134,-0.04890486496612979,0.5762332928128282,0.2709975929061137,-0.10388890088894481,0.7833883776478532,0.044779632420225216,0.6713448220129891,0.7019221467127621,0.05313733638494053,0.3609675061699683,0.5602393980980735,0.09624877543343077,-0.011582390929864683,0.6930341643173636,0.11121770607824719,-0.017036056067275387,0.5145447382341862,0.056068711257905524,-0.04174962541128631,0.582984692287795,0.10743189764305842,-0.050812156228444455,0.7189307569761243,0.42838066442883527,0.963382064525348,0.481125211344121,0.5872613413541198,1.1822347208909065,0.41109504523168305,0.5163736597525984,1.069162227605251,0.33553831692893604,0.5146115466698362,0.8175332644158526,0.5664393768290272,0.45130600822132033,0.5555334520031152,0.719892982471827,0.38041561100256027,0.3490208229353472,0.7724033128507879,0.287375226534414,0.31414152625963004,0.7327631463396358,0.29245527194400683,0.26286688839798433,0.775564834720423,0.334941336621555,0.27045031477068143,0.7531101330256823,0.2616348519801749,1.0354534166306528,0.4647575997499035,0.05513103678833098,0.9030245338352192,0.5860368812923621,0.05301600402790277,0.710571813987687,0.5278163535119105,0.11440142099774872,0.6264704865045715,0.48335729724062604,0.10156437570624233,0.612260325666181,0.4893362989067245,0.04224058892314829,0.6317220957139503,0.4416880354310021,3.333333333333333
0.23124559859383936,0.5710481208419718,0.7367251880556864,0.21762796093380815,0.34179766187177446,0.4877128211401344,0.2768653282140967,-0.03406662576282227,0.671683619363316,0.2718076020993981,-0.0397416041357694,0.5265985447190838,0.3231380356004786,-0.048976159556338716,0.575773386847228,0.27178275098816024,-0.10526884979887409,0.7848197130980143,0.04621743734607976,0.6731575634706193,0.6974090414874742,0.05283515459783945,0.36131965736241956,0.5609941770827672,0.09641743252505912,-0.011156543402323388,0.6947300212827383,0.111006449014004,-0.017719590645878247,0.5146022916694866,0.056093641963905094,-0.04190763538342107,0.5834424669633479,0.10807230393122959,-0.0499516119139526,0.7189456379155834,0.42731650420203493,0.9714247401916101,0.480982406621805,0.5796562023020426,1.1985797712712862,0.4102863905901919,0.513455963325066,1.0851997478489306,0.3353791284645267,0.5160081651380326,0.8288399973346252,0.56494347267221,0.45696151421346143,0.5640688224674573,0.7182008658008827,0.3966261743481502,0.3486820975986703,0.7731810042280769,0.2979601288291063,0.3179960534833103,0.7337766746665915,0.3047834233537735,0.26989954589012594,0.7654313648796485,0.3490451844019108,0.27275431827498453,0.7399185634315966,0.259002450186987,1.0403177381368451,0.46203986758107407,0.05438765330299147,0.9018883870324982,0.5855383555761459,0.05783026350814384,0.7098937725194884,0.5245666965276053,0.11902594751845985,0.6275753787620695,0.47618107264428466,0.10426656816646335,0.6094333938286013,0.48628135609324974,0.0501490668652351,0.6257813031265228,0.44192386804725764,3.3541666666666665
0.23374778867066032,0.5756324613212462,0.7331207400247663,0.21854856765181116,0.34261216291012675,0.4880946142059272,0.2778837296536237,-0.03374600529650154,0.6712734996737556,0.27069173863408147,-0.03893216883528049,0.5248001466861727,0.32270690128678176,-0.04956869114507453,0.5754605977985455,0.27238527978158494,-0.10623121940630559,0.786246386056422,0.04759022955541355,0.6757694968967721,0.6936014630893096,0.05261806036839153,0.36222377790847704,0.5622600138465894,0.09659921463893843,-0.010576719961229011,0.6966320604387137,0.11067252392883851,-0.01850709404168739,0.5147553027586385,0.05621536817736355,-0.042029787738964285,0.5838485960876427,0.10868575563512577,-0.04940471111864722,0.7190487012685816,0.42622426087391097,0.9802280251701555,0.4821034948011859,0.5732258648517814,1.2144053424541656,0.4084213688194859,0.5109528263166657,1.1014306954317883,0.3340091544429735,0.5176181261918174,0.8397956651832192,0.563226855067359,0.4633461320489023,0.5733479354164854,0.7159804161646797,0.4135831441823542,0.3510061626949992,0.7681783456761879,0.31014571362063004,0.32550389202593555,0.7286548873663026,0.31827554721006984,0.28144798532873855,0.744491936513701,0.363684218110334,0.2718991413877905,0.7317572196265527,0.2571205741676167,1.0452599461165,0.46218448614332686,0.05354920007773632,0.9012992236309094,0.5849427154860527,0.06245005887028447,0.710065412119163,0.5223713013326369,0.12351383972324192,0.6304329970475455,0.46863060636912846,0.1071454247322226,0.6079609497037507,0.48290046170848194,0.05734678855032023,0.6200121610481197,0.44751871685285,3.375
0.2362980555685566,0.5817861036196756,0.7288144216529083,0.21985631524774896,0.3447335631028324,0.4884891584211831,0.27871358242958433,-0.03361541024188602,0.6715013214078014,0.27035065390859675,-0.03792037928409861,0.5219210553699084,0.3220425369324108,-0.05112414280052987,0.5753811631195206,0.2728022780467893,-0.10691588000786031,0.7874111142226377,0.0488696692767274,0.6791935589939759,0.6905821589639725,0.05262603192390066,0.36404534385967835,0.5640048913629336,0.09680306902720096,-0.010100225045432926,0.6985835108704571,0.11025129474810352,-0.01908500068359504,0.5149594328435246,0.05616813279177174,-0.04186145679336948,0.5840530807365384,0.10918505701756477,-0.049288619511675416,0.7193788541266102,0.4251787651350525,0.9902722891131847,0.4846566810634353,0.5675077478724991,1.2298897889190787,0.40629288677105213,0.5092027551790868,1.1172429284201921,0.33215647706317786,0.5191161725496898,0.8506220846809245,0.5628489588669585,0.47103693068048735,0.5820414114494881,0.7134318482574019,0.43021484637410323,0.35622684128081256,0.7564057435896125,0.3243167065235694,0.3351461058613937,0.7153766784830511,0.33287493192625833,0.29488699359169535,0.7160285136539546,0.3789673788075431,0.26988102395355595,0.7260561625872912,0.2558522239369251,1.0508954044396719,0.4654178886205459,0.05264969255023344,0.9009845598600291,0.5843304000008063,0.0669621149857522,0.7107904120799524,0.5211410775341638,0.12804305019127835,0.6358596890843076,0.45976528465089733,0.11138204147402272,0.6097154833345012,0.47643019007689213,0.06395794473376507,0.6152324129550413,0.45563224923927903,3.395833333333333
0.23879133837188107,0.5895067667559489,0.7239962838519169,0.22145703051279558,0.34782532618920686,0.4890377659273423,0.27927862102911777,-0.03397956465036632,0.6726350596189778,0.2708996641961532,-0.037333730315521535,0.5193910926872253,0.32145144344381316,-0.053360704616159084,0.5752344619366648,0.2730544192691189,-0.10774045585430654,0.7884471213223043,0.05028169615454036,0.6835795380092663,0.6882384493540249,0.053009346717493834,0.36688660419523844,0.5659365514523101,0.09698323962740822,-0.00982187337653255,0.7003462565037079,0.10981929843176742,-0.019711094245259297,0.5151972449468382,0.0559111831710432,-0.04139163705654235,0.5840444100432975,0.1095381580576521,-0.04964674314743413,0.7200963836736735,0.4241011596063243,1.0026370437380403,0.4881784102732738,0.5611919333000567,1.2461624048764164,0.4043541613335665,0.5079683672098954,1.1327588120458014,0.33070507694589274,0.5198097713849835,0.86246772976872,0.5639980240998677,0.47976942200343076,0.5899920938992909,0.7085350627165627,0.44708859585852456,0.36420477035624016,0.7388431715216472,0.3419721067275572,0.34392634843032,0.6960298376141221,0.35001834401817933,0.3064114694393445,0.6874963715635953,0.39619880357931536,0.27001895230669604,0.718031531127471,0.2543230378906812,1.0581915547619727,0.47092399049310113,0.05188941241021608,0.9007774172471078,0.583981821256401,0.07172367522450679,0.7122692193294222,0.5200085465005286,0.13279272327241148,0.6431641381398153,0.45029727192992547,0.11707601118564799,0.6151068239124371,0.46627328905305343,0.07078807337628704,0.6122180066713501,0.4628543355719798,3.4166666666666665
0.2411718976796913,0.5984227914761682,0.718934762883621,0.22333402800511795,0.3512996227202292,0.48994847556379983,0.27942415942644533,-0.03534639246947863,0.6749352130866756,0.27198763420616445,-0.03679406461162451,0.5174397755859407,0.32142803962781485,-0.05547614012454132,0.5744418004531111,0.27323317534032676,-0.10904626088397094,0.7897605489908271,0.0519914359903489,0.6888732589748106,0.6866016822844677,0.05393436886138562,0.37018788410541936,0.5676598997041875,0.09709006493094542,-0.009747641051852551,0.7018102264788022,0.10955710890976011,-0.020599869939557258,0.515440090180857,0.05571884068390572,-0.04088185636069427,0.5839269103083865,0.10977421393900082,-0.050559677796739644,0.7212815532212477,0.42283198298653124,1.0177037331623329,0.4921540247348757,0.5537766657578544,1.2631986000852717,0.4035171996080206,0.5067963502945992,1.148473682460251,0.3302614753910233,0.5194123848522363,0.8757285947254204,0.5657066294276278,0.48852915543414344,0.5980851211107299,0.6998770151368864,0.46491053242085745,0.3736958022452376,0.7188862226388095,0.3634240598280206,0.34970545940798214,0.6745227428392703,0.3705900889085049,0.31367374405989495,0.6645744681184673,0.4161649889276331,0.2734489921250055,0.7068653283081037,0.2518216402349376,1.0671095942398188,0.4783160007706587,0.05164188076762034,0.9006351148649554,0.5844080657184564,0.07674049578558913,0.7147330182565725,0.5183281941293334,0.13796022138537622,0.6508461328947667,0.44215603931735825,0.12347331143459268,0.6228475746961709,0.4541942803032655,0.07793232482554896,0.6113757345313912,0.46713505804733935,3.4375
0.24354606270172915,0.6081905333590621,0.7138796021468887,0.22557197961920752,0.35467811054728865,0.49156904717294314,0.2790452146800953,-0.03793037601917683,0.6786400261691582,0.2731978764703963,-0.03565657841636073,0.5152482884458736,0.32214554336997225,-0.056810992524204025,0.5726750840374464,0.27343185658865354,-0.1108865113321075,0.7916158678423816,0.054001360048394585,0.6947543416212034,0.6859089927280249,0.05544699913809212,0.3731324662388661,0.5689027867712855,0.09717321236946756,-0.009902803632202847,0.7030840194143694,0.10960779647853042,-0.021358116281744423,0.5154998368252832,0.05582422079380204,-0.04071637906292039,0.5838300429252916,0.10995722623510844,-0.052021276044387624,0.7229162205991584,0.4213850113621306,1.034758937047651,0.4960234715197559,0.5457820672637687,1.2800174856789208,0.40529987403112666,0.5053863911957743,1.1646956604470542,0.3312993877072826,0.5184029212111769,0.8898039294491947,0.5673883887839533,0.4963014808189156,0.6071005335265102,0.6887410609253908,0.4839554214437245,0.3833973475205518,0.6998980906106047,0.38765306047567777,0.35332190752278403,0.6518863573499915,0.3944433846191325,0.3179845579853793,0.6465225489449352,0.43801452260158735,0.27927337360732446,0.694844217428683,0.24831299090860612,1.076592189369703,0.4873536590215535,0.052077194297085315,0.9005297085104372,0.5858650670524155,0.08158816443332753,0.7178676925961888,0.5161678195157805,0.14360289358697853,0.6582996109897826,0.4363747607780408,0.1300593513928222,0.6311585976020933,0.442131549584956,0.08456033749311301,0.6124624884298782,0.4681985031913444,3.458333333333333
0.24609895681808863,0.6190123632668278,0.7089651903690909,0.22821987973246605,0.3577641441770918,0.4942685960702494,0.2782729973397902,-0.04133736222577665,0.6836851414521052,0.27437877888625917,-0.03421829481760321,0.5128728148076378,0.323393509606569,-0.057255460297900795,0.5703209196158343,0.2736995704617325,-0.11308864770744727,0.7940310788239504,0.05622923684110906,0.7010249568512964,0.686317570932454,0.05733592258169271,0.3753490328133935,0.5695498684153995,0.09735190257370306,-0.01027068768923714,0.7043242084752119,0.11000825555207469,-0.021446109447636877,0.5151134380832485,0.056229117746309606,-0.04113336496107739,0.5838356314967504,0.11012780345875955,-0.05387895925504501,0.7249247056838733,0.41989820935917976,1.053044492618765,0.4992256459532897,0.5375942243036671,1.296762998766349,0.4111734161212597,0.5033174486739647,1.1819122922606549,0.3346421470873091,0.5173563154874414,0.9045787587942509,0.5697341611651725,0.5026559298208069,0.6172749744795436,0.6771712550857383,0.5048231110467492,0.39363452937811017,0.6823956158229486,0.4148771305595803,0.3584374408472145,0.6248917633953022,0.42227753707198323,0.32391974967620374,0.6268517935949264,0.4599832180006042,0.28794820864529774,0.6812634733238817,0.24411910185823404,1.086289297564111,0.49690066960004464,0.052976259188533846,0.9005529723757633,0.5881060778707832,0.08596252436452878,0.7212006366006846,0.5131753507517768,0.14967971066246372,0.6662489641039665,0.4316916974559941,0.13714283580347017,0.6394128358051704,0.43017287808660254,0.09061738303601799,0.6146988836820462,0.46615799164142135,3.4791666666666665
0.2488498074705265,0.6312098856858482,0.7042040243697048,0.23127868348823008,0.3605999467748695,0.49818879589330156,0.2774889950113953,-0.044790862552337565,0.6893704435844046,0.2754194541303593,-0.033331472355319636,0.511550084918121,0.3248556451546829,-0.05700313438022137,0.5683715600539055,0.2740741881213995,-0.11542438283881001,0.7970029427673663,0.05853576589344392,0.7077809561859226,0.6875188439777218,0.05931369895330767,0.3770617611461783,0.5694503246791376,0.09764641200558302,-0.010723134258668707,0.7054964341180786,0.11080298755957058,-0.020940169142485976,0.5143755559783086,0.05685798143035943,-0.04208644947647258,0.5839628985668883,0.11022773125232724,-0.05594563388843969,0.7271806001682096,0.41823544388832656,1.0726227575314327,0.5016213081286047,0.5289508955834503,1.3152122945621192,0.4215421999359873,0.49988674873434213,1.2011942488881657,0.3413299266376155,0.5162364593479163,0.920975947358755,0.5735573462654603,0.5076096476396951,0.6296203612580503,0.664782189770098,0.5280861039164387,0.4075123203668435,0.662404238439158,0.44676643721807247,0.3698878416805022,0.5896839168169501,0.4552998865339049,0.33674252086243367,0.599127563515638,0.48091967335312036,0.3027089807847621,0.6607943778828145,0.23952358686022973,1.0974753159527761,0.505244443952624,0.05409018583105457,0.9014468091199876,0.5907466792458516,0.09030201562050083,0.7252412451438376,0.5074684063878361,0.15653303240210598,0.6758453242454998,0.4254127290992414,0.14530881682904678,0.6485605084098647,0.41714150227488406,0.0975979846260438,0.6180890964727063,0.4600460561368238,3.5
0.25169155637558127,0.644483553833345,0.6995069042583564,0.23474742899191992,0.3633311253753257,0.5031632347673091,0.2770609073762972,-0.04769558848181494,0.6947033393137203,0.27618515306798974,-0.03347954139304515,0.5124079901739933,0.3264210290583778,-0.05603085109888551,0.5677203508439996,0.2745666136968162,-0.1177300188461473,0.8005566747866694,0.060745868719977045,0.715210743089499,0.6886553544347732,0.061278192105704274,0.3788429894906075,0.5684336922667222,0.09795361356982597,-0.011107750463329805,0.7064356494083992,0.11192302742161303,-0.020676318003871832,0.514002278318006,0.05762844446905664,-0.04331512231266723,0.5841288440958318,0.1101492828834659,-0.05813846592755237,0.7295468224643654,0.41591372723455167,1.0943817238814335,0.5038541208730962,0.5193774825652107,1.3371025167908448,0.43508587054020986,0.49435861791940006,1.2237103240813025,0.3518376349488549,0.5146228701229304,0.9402840221577443,0.5785214568548448,0.5109857669265963,0.6467919114508882,0.6489955322464248,0.5527919369506334,0.4294116909336704,0.6344444899282262,0.48331703293897743,0.3912121690088414,0.5460806862447533,0.4926303224508423,0.3600909482747337,0.5614338711022016,0.5011939160666244,0.3270953135428732,0.6286850244950414,0.23472705707703986,1.1115469886534073,0.5114007348860385,0.05536465468090583,0.9046071184033297,0.5936564840438752,0.095916782850276,0.73155688050188,0.496993622345303,0.1651031051454923,0.6876057374191642,0.41668053064214444,0.15469967264676482,0.6596384119281131,0.40324819571081133,0.10744652510713651,0.6245577169702455,0.4482512010755329,3.520833333333333
0.25456212506866016,0.6579888297274745,0.6947390069264341,0.23858502856705638,0.36598766209362227,0.5089269434129937,0.27707951822353266,-0.04997196664584705,0.6992060558247299,0.27676127087903224,-0.03480278138692599,0.5158310061558057,0.3281235432483687,-0.0543339855268585,0.5687472425019637,0.2751338959886827,-0.11994653593990028,0.8044643526618559,0.06273504210128222,0.7232348665310506,0.6889656478665609,0.06330003699452466,0.3810666561660999,0.5668283756695895,0.0982178626681478,-0.011450962573100923,0.7071391004562646,0.1131002166671285,-0.021739625240644593,0.5151197303029149,0.058404198244691966,-0.04454525283544473,0.5842303932791421,0.10989318563347993,-0.06059860312478066,0.7319412514438182,0.41248568649098877,1.1193304032602445,0.5070239063314832,0.5087479522816833,1.3625090779164726,0.44958830231678776,0.4863275417352648,1.249809259361913,0.36531918595510376,0.512275566114307,0.9634465590715635,0.5837191541395439,0.5125016557883062,0.6712594841324335,0.6288957287610012,0.5758909511380392,0.4614188805291311,0.5975244114468738,0.5212974401737468,0.4228117875482964,0.49762494425503134,0.5306027469597858,0.39469159881188,0.5156003456724023,0.5218896738126022,0.36195102969881987,0.5858315879971633,0.22998708311931396,1.1282622644972218,0.5155305761682322,0.05680502137987292,0.9110090139631473,0.596865035231122,0.1040588221953361,0.7413718160753886,0.48209282568706296,0.17637174255291177,0.7013512014285881,0.40731903102752565,0.1655416638550508,0.6730298179029491,0.3895222053263777,0.12118454110788099,0.6366213685786708,0.4303357045492574,3.5416666666666665
0.25743142625996474,0.6708764783078963,0.6897510612817738,0.24269575322802858,0.36836755074775684,0.5154165819222546,0.2773987781534297,-0.05176915780990796,0.7029651979666586,0.277336015631993,-0.037397069731423684,0.5214941166002388,0.3297790332260263,-0.05263683442391233,0.5714292661139941,0.27571311908303164,-0.12207773121550146,0.8081980462887799,0.06453283430055869,0.7313014744978807,0.688522029165524,0.06547859432874363,0.38338253472235273,0.5656138849166705,0.0985083380260803,-0.01196745369104564,0.7077351760960724,0.1141021650668157,-0.02464079283530675,0.5184213676273675,0.059084272845984095,-0.045744286351660335,0.5844491451704922,0.10962576196942349,-0.0635844317745828,0.7343504578622518,0.4078553136363037,1.1473422311628272,0.5120763586490364,0.49726290121872463,1.389927935206082,0.46341044858520314,0.47611595185032707,1.2784528358449616,0.3796183199420463,0.5094147063842437,0.9903769725952657,0.5885206314938926,0.5126323942962171,0.7027687524752362,0.6072313660440631,0.5935644439982906,0.5018744813067454,0.5556876116951799,0.5564963059312512,0.46299416602725557,0.4480568658927275,0.5647134289786986,0.4385168012586912,0.4648345821734271,0.5430196600370114,0.40544655794613116,0.5371271165645604,0.22547962435496888,1.1460796662289647,0.5179604679568294,0.05844323357746626,0.9202600165344094,0.5999691912669534,0.11485793008968057,0.7545894453789403,0.4652742089369585,0.19075288784885702,0.7169071754026319,0.3980540999850285,0.17880024388503496,0.6895884572150445,0.3743667298109315,0.1381179756077424,0.6548517417472881,0.40794261773569146,3.5625
0.260303963616832,0.6827665061321555,0.684342359832741,0.24694702614306682,0.37016193700940503,0.522714628119988,0.27786570718538733,-0.0530458111240687,0.7060257475265143,0.27791912474944513,-0.041222119081958754,0.5286837645044326,0.3310455346524124,-0.05210733958076117,0.575496354767222,0.276297868573555,-0.12412601049307492,0.8114055229389052,0.0663651146588976,0.7388146920547705,0.6878307537534964,0.06789728019376304,0.38504826329338776,0.5654188468438437,0.09890909884759717,-0.012780058763505117,0.7080905383755691,0.11487009602367204,-0.028508110675814193,0.5229279822248936,0.05964046229196297,-0.047068940957463036,0.5852250491722042,0.10960902316472408,-0.06712506718146086,0.7368886232877739,0.40224364520060873,1.1766004315988348,0.5196341742391053,0.48474123444482653,1.4177004105170796,0.47550078677997865,0.4647749009337464,1.307644742930297,0.39231295036943425,0.5065115897318786,1.0197520835196294,0.5926105141228388,0.5124031254211456,0.7384945449146121,0.5871839813678207,0.603724266055455,0.5475437830733779,0.5129415876405257,0.586618410756676,0.5102022354712018,0.39881654234116054,0.5922476244838935,0.48880174232206575,0.4123890079487995,0.5629608864436624,0.45523460351715894,0.486395060382415,0.2209639475594623,1.163622284326291,0.5186426887434861,0.06049398940085554,0.9311305014782734,0.6014669812183583,0.1276936720679276,0.7705025065334262,0.44815921078216825,0.20803305686425175,0.7343706651836351,0.38689072040933925,0.1952463187800182,0.7104959560674909,0.35473333128314266,0.15627733140358785,0.6775162430660031,0.38370867587797214,3.583333333333333
0.2632540058945662,0.6939005667950351,0.6784246125269758,0.2512271534716514,0.37117114697140846,0.5307846752486618,0.278459559116297,-0.05360565486505906,0.7082680894673488,0.2784502353088603,-0.04594917869418717,0.5367094299772691,0.33190764644252313,-0.05321399129169304,0.5804530424862033,0.27697283291482416,-0.12601422489990138,0.8141826355994939,0.06849973680110678,0.745655015956221,0.6869638294675244,0.07063221380700314,0.3857386875011892,0.5659582067633518,0.09943244129131089,-0.013771151282062882,0.7077990041666105,0.11550259556058978,-0.031577788518206994,0.526563179570674,0.06004000133993427,-0.04851949983367595,0.5867869172098898,0.11005569685221543,-0.07095673320224113,0.7397563561344813,0.39591623094021583,1.2046362514604334,0.5297313951054493,0.47059603892451884,1.4448675998066374,0.4847392079391596,0.453482081954827,1.3355826422627695,0.4018298272914772,0.5035970281159893,1.04959549793199,0.5960038241042882,0.5122624448501514,0.7753816092065536,0.5686582393646794,0.6073687675983858,0.5962386394695669,0.4708191114380044,0.6115765148563004,0.5626634165807594,0.35014189528244666,0.6134263016294029,0.5431005371731342,0.3610997104616472,0.5797666829826806,0.5093447601136392,0.43559262893630446,0.2159122172705218,1.1803121471684448,0.5180994857220257,0.06328246989655262,0.9427313021596692,0.5994421225892449,0.14202637069842616,0.7887550987652172,0.4302005276520777,0.22733820036574462,0.7538539607612469,0.37245356993613077,0.21427005523686893,0.7353738963052274,0.33095374893407775,0.17422406178598532,0.7023198285721248,0.35941402090115404,3.6041666666666665
0.2663202116281172,0.7046794258241265,0.6723703356665589,0.2555547807800259,0.37147302072557814,0.5394495974721116,0.2792514562589077,-0.05336398247633668,0.7098033107025549,0.2789400839863616,-0.05087357677609798,0.54464807088867,0.3328185862906178,-0.05541133502004414,0.5855262433946323,0.2778246039101196,-0.12755659722825904,0.8167200047232306,0.07101997520843349,0.7519980552551169,0.6855797151130097,0.07371377002633002,0.38563170772391586,0.566934097936631,0.10005218477478342,-0.014840314023502721,0.706822613408154,0.11623630522404847,-0.033325216570812374,0.5287958746291904,0.06035407388140387,-0.04994919394606512,0.5890061624717294,0.11093654335515009,-0.07481806408489333,0.7429752772176038,0.38891415667423945,1.2294257040980603,0.5414770176181157,0.4550330475263674,1.4704404565105513,0.49064515994465163,0.44314278298611287,1.3610206490797627,0.4079671425700385,0.5002640987793628,1.0775756101811644,0.5989650432589515,0.5118129362443185,0.8111299104218401,0.549502490930083,0.6070822444291443,0.6460373437861536,0.43051310419105676,0.6311703881523103,0.6167106997655282,0.30386117212673514,0.6291342922496445,0.5978458897035849,0.3139962650904249,0.5922644651230174,0.5645884683749293,0.38756909031697434,0.2101573516178714,1.1957864273844747,0.5178600380097566,0.06686748499813604,0.954640897186706,0.5935253928910971,0.15706791035268136,0.8088419265471763,0.4108408200694237,0.24712602105660608,0.7747958844114179,0.35658447360132806,0.2342899303912096,0.7617841539981558,0.30728578716456917,0.1915746818788182,0.7278027392384928,0.3354483673432296,3.625
0.26940472120114556,0.7151387171049165,0.6669211603278304,0.2600003561411685,0.37134998957224646,0.548452409732558,0.280283227736054,-0.05250762046592859,0.7111892492611973,0.2794000852284071,-0.05512976161114015,0.5512721186200557,0.33424610828313994,-0.05777818380740957,0.5896792790487659,0.2788458788476011,-0.12859360060758324,0.8189912766173624,0.07382434673182346,0.7579794965109112,0.6833338162820545,0.07712594657890501,0.3848940854295777,0.5685076214012569,0.10075213913796487,-0.01615295888622452,0.7058109952415395,0.11725708631278597,-0.0350581936734672,0.5309597677650637,0.06077140131409611,-0.05139358359095431,0.5916198577050059,0.11200041054392565,-0.0785514129495436,0.7463615764184139,0.3812477450709736,1.2496310098394179,0.5535195523644406,0.4396036372275336,1.4929051316425803,0.49422289647484524,0.4344958582826832,1.3826556899881697,0.4121751167013525,0.49658497713286226,1.1013491415221992,0.6014459320399299,0.510023503294295,0.843803714959757,0.5289453664213178,0.6047277075774344,0.69355317793511,0.3939910409858296,0.6438213562363456,0.6682095322729419,0.2634861998996874,0.6384499418121233,0.6491376943939551,0.2739342548439806,0.5997655197296268,0.6163409474494164,0.34622971351117937,0.20413688290689025,1.209298229727367,0.5195729971869775,0.07099600838790002,0.9661890021134063,0.585147903612514,0.17141167326897658,0.8294488798409714,0.39162035447862775,0.2657193116196635,0.7956614063269581,0.3428988791987852,0.2540429844903241,0.787010426980422,0.28799549666182733,0.20756793846163019,0.753332392711393,0.3125452190379239,3.6458333333333335
0.27239539392941065,0.7250062143405142,0.6624503825879657,0.2644452870664759,0.37099286135227805,0.5574321821526568,0.2815053734344242,-0.05144664173057459,0.7130968848092953,0.279919015494693,-0.05843604164257058,0.5560494097478409,0.3362066650209107,-0.059465263234961895,0.5917487387852018,0.27994978675739696,-0.12916628023441007,0.8209353179589769,0.07676497668419179,0.7636955706442566,0.6799694787414541,0.08085192074124517,0.38350620036502864,0.5707644477363572,0.10151430543975783,-0.017904161155926038,0.7054849569222241,0.11842192059648501,-0.03764972043351815,0.5336782346110127,0.06134866929420524,-0.05300324125417747,0.5943404481454823,0.11301631132977466,-0.08197614024450098,0.7497800603459671,0.37333573818891064,1.265080282399759,0.5648517732886678,0.4262149375447953,1.5113138202782002,0.4973051637894792,0.42786782244588306,1.3995357736219234,0.4172595698296874,0.49323299724778435,1.1201585216334615,0.6031000877261499,0.5056343793843254,0.8727836871886159,0.5083727169525886,0.6008634111667155,0.7364950999142091,0.36261931623643956,0.6484773697430378,0.7161612072442783,0.23090803377895902,0.6403352621959244,0.696680079910203,0.24121413443637219,0.6018829456986404,0.6628082843992055,0.31305181904828655,0.19829412926827233,1.2203305589647686,0.5245759036792071,0.07545238139853198,0.9764475243850614,0.5756650890639219,0.18392504819289482,0.8494182579712114,0.37539263787410193,0.28214903073314734,0.8157621154930269,0.33264441535883693,0.2732292523113212,0.8103079515850813,0.27418988598853355,0.22120120575717228,0.778140890108152,0.2931414542060088,3.6666666666666665
0.2754066809059657,0.734015868102461,0.6585640766982455,0.26859518273301347,0.37043234809387204,0.565983657084111,0.2828194973134366,-0.05050515417818188,0.7156703530789409,0.2806333311749398,-0.06124725764305664,0.5594838735699295,0.3383060801767637,-0.06008750421214598,0.591318779760711,0.2810238814207346,-0.12953376682929782,0.8226944531344769,0.07974593227422978,0.7691433993308944,0.6754825508601715,0.08484715315952389,0.38153657894961457,0.5735574532439033,0.10228804036939428,-0.01997876459352567,0.7060275910910597,0.11941287587154248,-0.04038042957628946,0.5363915572000568,0.061957839030089536,-0.05465500222642425,0.5969003453586064,0.11387164735640085,-0.08493682837430244,0.7531697897133748,0.36582076828025595,1.2772137805449972,0.5748804101505915,0.4158401808819343,1.5263459408643882,0.5014990362736431,0.4226454302978333,1.4124167243019405,0.42587487620421083,0.4906034092470798,1.1358004012066782,0.6040641835721634,0.49851642989018913,0.8997134750228022,0.49005993557354904,0.5953044233347506,0.7771435489571439,0.33599868245150405,0.6460362809427667,0.7633404873298287,0.20370589900925357,0.6360336419210093,0.7440776825628855,0.21280170480333213,0.5993321416128107,0.7076430987694092,0.28482669900181345,0.1925699926746543,1.229550016765772,0.533687577361446,0.08017077016557808,0.985278643361575,0.5652488513218004,0.19480964979887289,0.8688545452288118,0.3635750217698703,0.29648009857503066,0.837025722942767,0.3226707344627724,0.291998382022682,0.8332746551854647,0.26389557145825693,0.23318196776392142,0.8012631510925843,0.2796796773835368,3.6875
0.2786750929516686,0.7419876086048682,0.6546992006348431,0.2722152277468548,0.3697109229769314,0.573899087785226,0.2841633499602792,-0.049710045083847285,0.7184708638029271,0.2814324901278508,-0.06388087899283813,0.5621092399755512,0.34020407435089933,-0.060095532885903996,0.5896933726228276,0.2819927921712863,-0.12997563479429491,0.8244605942656292,0.0827642486053381,0.7741106702694245,0.6702064366279552,0.08903932881924673,0.37934250200398695,0.5767833370514459,0.10300693164625548,-0.02204388797750416,0.7072292155324925,0.12010043197121435,-0.04256261188112386,0.5390223734302227,0.0624407742394991,-0.05592481401079993,0.5990571460080208,0.1145323054636949,-0.08742183657102219,0.7564226614272167,0.3589985913894237,1.2883988527596917,0.5830004627302946,0.40792255877509065,1.5397931020199611,0.507948960881534,0.417492913059791,1.4235499573184924,0.43871171770175266,0.48840515659437367,1.1508237540512054,0.6049368601861234,0.49006078909888096,0.9271562263982074,0.47542381210570084,0.5877435991582882,0.8205772622458849,0.3114161046139058,0.6380926428998008,0.8135407105192316,0.17680642777188277,0.6278402659459368,0.7951574841509965,0.18483169294699953,0.5940920372438968,0.755742194397452,0.2563433342317818,0.18658738011095571,1.238444172448447,0.5463041523179725,0.08502971159430804,0.9937286397480757,0.5537995190687648,0.20540750446293435,0.8886587666314174,0.3550462753847255,0.30919140512260046,0.8620971380426414,0.3097363634703667,0.3099253633873402,0.8577362821467874,0.25533475473996237,0.2460081671137275,0.8229967465172384,0.2722168273653273,3.7083333333333335
0.2822098695468997,0.74882550713089,0.6508108020698468,0.27526183620146377,0.3688181060560876,0.5813296140565011,0.2855640967093141,-0.048911481763498146,0.7210326980597264,0.2820758458831889,-0.06616505417822091,0.5640953020224652,0.3418744345528175,-0.06030659900291815,0.5889088184916447,0.2828579941993881,-0.1305698521959951,0.8262032944250904,0.08583644454956636,0.7783452191263845,0.6644181819274453,0.09337027952709859,0.3772639982788075,0.5804887581673466,0.10362733564327926,-0.023816432465546294,0.708899567669486,0.1204095115756975,-0.04459719418172115,0.5419684867697686,0.06268235110774065,-0.056424225135030606,0.6005228892319768,0.11503878972201144,-0.0894885570189399,0.7594682169873819,0.3526915425076101,1.3005789089392377,0.588762750271596,0.4008540398559203,1.5531060606308926,0.5172560197196712,0.4110856257118324,1.4348743864230562,0.4539016245738863,0.4859979615250363,1.1664623220883716,0.6061840488448853,0.481314410972017,0.9567523829835788,0.4638431505507936,0.578084173356818,0.8699198335799028,0.2857112862778176,0.6256917038055482,0.8686058654617282,0.1478893680998379,0.6168963099330592,0.8516237307115955,0.15575299999705314,0.5878630265334535,0.8088030698757244,0.22492556638342626,0.1800831320515668,1.2478855828815705,0.5605200989732058,0.08975568234359993,1.0028865413383385,0.5424282553804151,0.21689173775738088,0.9095663067109842,0.3485496032207964,0.3205269350135981,0.8913086502111536,0.29523392684801486,0.32597298976586386,0.884076289491718,0.24927287522406932,0.26136183918630973,0.8451535126939214,0.26896955042427606,3.7291666666666665
0.2858542058815298,0.7546967258041991,0.6472404041315107,0.27789684244043966,0.36759554380737325,0.5885111392338142,0.2871324231987267,-0.04796083591309522,0.723127391723978,0.28258353312844564,-0.06799408929255815,0.56577728222541,0.343325743332243,-0.06107029835713326,0.589721464579097,0.2836455866354593,-0.13120977538437184,0.8277383817341913,0.08893990088182273,0.7818157492755299,0.6581562985260078,0.09778322671397312,0.3750742849743902,0.5847825196631853,0.10413555436422618,-0.025174944408723463,0.7110065045032401,0.12019171763828462,-0.04711427905455287,0.5452958163857744,0.06265344565519144,-0.05609160851988355,0.6011538446407303,0.11546807022636657,-0.09112914546100509,0.7623793405891842,0.3466187018703877,1.3143021779403234,0.5925012471451068,0.3931513724896438,1.5665078792753047,0.5292095065288739,0.4026705832958999,1.44693826519556,0.4681113192678882,0.4828447598505484,1.1828987739729933,0.6079223492911814,0.4721934129954662,0.988502044184297,0.4542914148733717,0.5664919458229658,0.9240949236165102,0.25935194393862504,0.6095896289258481,0.9269288345682039,0.11993628466527388,0.6034265918115946,0.9121101998649862,0.1276019362511596,0.581002051834401,0.8658786860678149,0.1917544563165713,0.1731552210873834,1.2573234576757477,0.5744184813822152,0.0940799156963478,1.012778006753709,0.5331578841405099,0.2291245961456337,0.9315566158346571,0.3448874586312696,0.330435785150564,0.9226185643166133,0.28258091216949277,0.33937857883295375,0.9119292623301996,0.24645797013706622,0.2780860310937475,0.8691360346025769,0.26885284118280606,3.75
0.2895769344447905,0.7600050680115638,0.6442046446210596,0.28034755154910185,0.366012908924344,0.5953382969497216,0.2889622026409837,-0.046778837729231845,0.7246285837941278,0.28310049309099944,-0.06946692055758841,0.567554452946487,0.3444853892719447,-0.06211604524273858,0.5913389257925519,0.2843418478630718,-0.1317643928792361,0.8289533397940222,0.0921214556680065,0.7847439679864077,0.6513742061599104,0.10222305458345891,0.3722618294113307,0.5896870473600778,0.10453261310400637,-0.026175376524215213,0.7135519215241225,0.1195072758113444,-0.04992406638946348,0.5486386627150787,0.06246324426155364,-0.05527128886969902,0.6012879062372589,0.11584389983591377,-0.09227537913604329,0.7652192839942636,0.340686376539188,1.3287215521335929,0.5953208692019998,0.3840555147086724,1.5792901900193075,0.5431480401615794,0.3924120671593684,1.4592721573551384,0.47898257944720257,0.47886732290753165,1.2000357804183288,0.6099319170396748,0.4628259312412625,1.020589248114116,0.44775601441752166,0.5534443741093609,0.9793818793923733,0.23656779489451032,0.5909912150666028,0.984897256308534,0.09725171145232937,0.5880743182318028,0.9728364623181471,0.10423846031664634,0.5734553625640939,0.925134533891762,0.16002698421895842,0.16616602341556003,1.2655018543476966,0.586506256501105,0.0978430323777998,1.0225778636473988,0.5268685431188146,0.24092509093216352,0.9536301100262986,0.3453594861212732,0.33879121853178984,0.9534539113027602,0.2725867780155408,0.3497649057822014,0.9408344572444745,0.24521559896419243,0.29343608820249567,0.8946625949004066,0.2722792261660307,3.7708333333333335
0.29346063739184064,0.7650143844996078,0.6416910003631788,0.28265442180258693,0.3643601413229437,0.6013931310335806,0.29100851609574413,-0.0453285792433,0.7253861585949412,0.28354669575572317,-0.0704593143713105,0.5692953011817345,0.34544558964746863,-0.06294038999470578,0.5927978891627654,0.2849027755826835,-0.13215763477599946,0.8298309918696911,0.09552426102143995,0.7874328223439407,0.6440390017274873,0.10661872174723927,0.3688560979553057,0.5950861536696178,0.10482666464931045,-0.02698699019533271,0.716457800881395,0.11871990837566113,-0.05185446786604813,0.5511148104869253,0.06227609009098191,-0.05443728920736921,0.6014950123062489,0.11611757089310434,-0.0929103857683433,0.7678908968352174,0.3348477717314685,1.3423705793000693,0.5984474217952301,0.37349698540152015,1.5906921088356023,0.5581852526458857,0.3811216514567823,1.4711611669451878,0.48669256130131666,0.47434482296592917,1.2172100855954067,0.6120051076547756,0.45372428908338946,1.049871688031586,0.44608191764908767,0.5396499803939847,1.0322877726004742,0.22087641636849867,0.5718537444696348,1.04000502811488,0.0808219157747392,0.5722656616416185,1.0307153564960214,0.0875712323485852,0.5657041955608055,0.9843099183182717,0.1331210142474183,0.159612457506914,1.2717659201159133,0.5955905621568707,0.10092423621904953,1.0317212463819423,0.5224182551538451,0.2513611485656351,0.9745044922095446,0.34914365840425576,0.3456244953872348,0.9821148736033629,0.2645886926283695,0.3568324049980897,0.9696128800856532,0.24419322659580672,0.3059087460032427,0.9203901395046142,0.27922940008996666,3.7916666666666665
0.2975475511100479,0.7697766739288218,0.6395128341070447,0.28467792813410864,0.3630534369204784,0.6063899800872834,0.29310862333794957,-0.043639309006642646,0.7253668445909663,0.2837407647879754,-0.07072792446048083,0.5704390802946695,0.3464109120333925,-0.06316099812116345,0.593834722188322,0.28528976988228444,-0.13233038913737816,0.8303765140510267,0.09917846569454053,0.7900839630279556,0.6364120824851317,0.11085702998935767,0.36540449666198643,0.6007859508104617,0.10503604771718415,-0.027737228334435343,0.7196133374234808,0.11829090748494558,-0.05202321914195125,0.5523018617887212,0.06215944543535401,-0.05381036247098063,0.6019748830119004,0.11622955176908004,-0.09315229397078859,0.7702520216902611,0.32892302604945034,1.353938913639466,0.6026401582878588,0.36223001624261764,1.6003050269621342,0.572636930073412,0.36948469757441615,1.4820837494824222,0.49278853375197496,0.4693731590197513,1.2330688449820932,0.61402980090181,0.4451698597847071,1.0735029431198901,0.44891078746769364,0.5260987774116451,1.08053042265487,0.21245506053342908,0.554199169174816,1.090847266751158,0.06865145174651772,0.5575796762633367,1.0841141464044202,0.07604213357664866,0.5580992274129318,1.0405096958926696,0.1142442665673598,0.15417357626815614,1.2765310314008853,0.6009403491432703,0.1031159442018507,1.0403298953969062,0.5183656077284551,0.26015898705195445,0.9933941976090386,0.35364914398442704,0.3509598416664072,1.0080358073790496,0.25959258841473903,0.36087500409793716,0.9964248565532079,0.24460463468278082,0.31601956837043155,0.9449661725615635,0.28720123689215815,3.8125
0.30181919375132327,0.7744206483351632,0.637221626905804,0.2863551172860976,0.36243495317860347,0.6103932592742597,0.2950765196722154,-0.04193113571274602,0.7249564536699628,0.2836925587105972,-0.07043827996587672,0.570727634718056,0.3474530087293448,-0.06266623678280335,0.5947249712361342,0.2854949763860454,-0.13218610596329108,0.83059146413455,0.10289692639097432,0.7927574305220707,0.6291120311475961,0.11483556856509886,0.3624652263347621,0.606611400714878,0.10517561125925455,-0.02841258751360133,0.7229478746265183,0.1185038282009277,-0.05139424410667438,0.5535106891709473,0.06208641346720736,-0.0533851740321137,0.6025359511196443,0.1161503639128094,-0.09324954445240152,0.7722932674677339,0.322621836101332,1.362678422272127,0.6078298160463426,0.3515254893658106,1.6078761318598012,0.5846029944609588,0.3578786602062187,1.4917351168005548,0.4986930943363125,0.4638081281478019,1.2463649808567911,0.6158599124831785,0.4375912309569656,1.090546573076244,0.45341972559501864,0.5140228704165508,1.1221975032404756,0.20962122606447445,0.5391182068502041,1.1353099912222955,0.05934918557422135,0.5448149125647467,1.1309083812918637,0.06725878786057946,0.5500752163061903,1.0900865479624668,0.10543475858432963,0.15036740467521553,1.2806262715115588,0.6025059373269188,0.1041307396223337,1.0483175004791077,0.5146913172109531,0.2669243462975183,1.0097742442244753,0.3570247248409939,0.35464883975677997,1.0308881130516794,0.2600140892424152,0.36315628826885504,1.0198998373558927,0.2479053706697977,0.32458002465707353,0.9674908156703427,0.2926217214353855,3.8333333333333335
0.30623477938744637,0.7791685356765097,0.634356678778415,0.287760573368492,0.3626833409959209,0.6135704355932593,0.29677213187450086,-0.040593415284080864,0.7248832147119132,0.2835956332556604,-0.07007021139123437,0.5706289628678611,0.34841243353639073,-0.061497524846393925,0.5956960645882595,0.2855526027847115,-0.13164985531769088,0.8304397491380485,0.10646264804265634,0.7954232102931471,0.6226844685371294,0.11850937214315893,0.36043370438227285,0.6124410460275211,0.10523395129438445,-0.02894961787501081,0.7263784671434743,0.11929100861237342,-0.051824423428242554,0.5564404246263551,0.06203420117343183,-0.053169066370074534,0.6029737480247804,0.11590844211581894,-0.09345970446267822,0.7742435902541415,0.3155677717235609,1.3686748037500365,0.6133679419256723,0.34212313498125735,1.6133788386468237,0.5940755530397169,0.34679723815360436,1.4999153546699378,0.5055051814645715,0.4575474511039862,1.2569158611590452,0.6180781544663835,0.4308569294851821,1.1021429598848433,0.4566624230744898,0.5037650774887191,1.1561398596902346,0.21070706663705427,0.52696012401269,1.1725443160953644,0.053901314928519295,0.5338382182633317,1.170275707630782,0.06066664985801913,0.5408841357609944,1.1311421965057038,0.10539698309154692,0.1477927378579734,1.2844324295571654,0.6015851617474681,0.10390052863459714,1.0549028845045956,0.5121252243389102,0.27106823187626145,1.023365043253836,0.35944158589433545,0.35676343997270865,1.050055235188937,0.2673580611922444,0.36508757899573385,1.0397979311107857,0.254076906770408,0.33136433733891807,0.9874704616042781,0.2947262557104414,3.8541666666666665
0.31071195566269333,0.7840910795480167,0.630877417309041,0.28895208811438117,0.36371433962587585,0.6160001888695625,0.2981573645493323,-0.03994004756039615,0.72564704175676,0.28362195666372486,-0.06988466725741849,0.5708022286075938,0.34890332785586675,-0.05967374732072673,0.5961187546655478,0.2855250640097212,-0.13079705287358231,0.8299172440186519,0.10982280645675167,0.7980037065520038,0.6173218330058637,0.12188609532006031,0.3595358807986392,0.6180952856603678,0.10518246588366094,-0.029363666672047484,0.7297092374282668,0.12032588992502391,-0.05364785389312641,0.5610706691964418,0.06200588373962079,-0.053179559917428135,0.6032320708621547,0.11557803477543974,-0.09392109808187485,0.7765569762352756,0.30742003785453653,1.372905181707682,0.6187989470000889,0.33384104826639993,1.6172344035918278,0.6032107729665617,0.33686412988715175,1.506611717409263,0.513623795992528,0.4503661701135543,1.2657369033119685,0.6222143598089662,0.4234822384978306,1.1106912678935392,0.45755880097855267,0.4939601958842395,1.183730137947967,0.21423625667575552,0.5177907557504162,1.2053441040429833,0.0532227278013023,0.5242550765798919,1.2051285040361241,0.0573401359217037,0.5306431930859032,1.166240062641603,0.11057662837447899,0.14503471049490121,1.2876665351304664,0.6012805235901123,0.1027295205562383,1.0594892685660036,0.5107101838582537,0.2727290981385456,1.0346559581144397,0.3621712074857391,0.3578276772221898,1.0654635486556028,0.280432438232779,0.36717407146739933,1.056504230776622,0.26317182325430266,0.33599774949563244,1.0043762757378267,0.2966232239396053,3.875
0.3151337881443192,0.7890485533675876,0.6271774551065975,0.2899459728358643,0.36516801630775575,0.617801433904325,0.2992711498631518,-0.0400394342628876,0.7271455440821084,0.2837262215131158,-0.0698099860034612,0.5711914808250934,0.34861150840081734,-0.057434794960425466,0.5950141119310338,0.2854980755796592,-0.1298994253969448,0.8292640991618712,0.11306740185845825,0.8004707369020051,0.6129521601093527,0.1250105933893982,0.3597261515335324,0.6233084095816516,0.10501421873649133,-0.029735012236381128,0.7327175672251083,0.12125795611259366,-0.05563794607103076,0.5660791296965001,0.061999677951732834,-0.05332593865027995,0.6033799075757291,0.11518979492835182,-0.0946355030010759,0.7795367136806978,0.2981494327041213,1.3765486122975326,0.6238160114767397,0.32591733140061285,1.6200639472806482,0.6136517957810609,0.32832973194585635,1.5119757012949397,0.5223313260415408,0.44199400530035104,1.2738797978159642,0.6292587183437006,0.4144697202288351,1.1187475624688046,0.4571645170797637,0.4829783511885852,1.2084502958931689,0.2189791148094879,0.5110526896349811,1.237213392184815,0.055736998903158114,0.515793861332674,1.238620512672167,0.0586547869258455,0.52019654336359,1.1993969949599133,0.11856964838588026,0.14060373415851196,1.2896805488939744,0.6048946403847071,0.10099934337180946,1.062365871682541,0.5096266185881668,0.2729099286887872,1.044238557495871,0.3661650553999741,0.3582823987763201,1.0779074022670836,0.29633630377327586,0.369033795211697,1.0699747786724179,0.2763361932060276,0.33930706674598216,1.017438956189995,0.3023848571507146,3.8958333333333335
0.31942817737896295,0.7938573951527769,0.6237543964044456,0.2908218540545044,0.36657847558021783,0.6192273897545026,0.3001556948045133,-0.04080250615272937,0.7289727897835225,0.2836704808116106,-0.06973455702614736,0.571093712273416,0.3476425339107426,-0.05553289674844904,0.5927189610176561,0.2855715799159669,-0.1292814144939069,0.8289154395489815,0.11624742152818388,0.8028611262795808,0.609427249973465,0.12792823999928077,0.36048198240953966,0.6279188901195117,0.10476645813554245,-0.030168871616957,0.7353882712516844,0.12186584890844712,-0.05684488181270985,0.5700656093322913,0.062002504176693715,-0.05346036411904305,0.6035153691799129,0.11475761918435157,-0.09542915846678729,0.7828618974631617,0.288106121017865,1.3800856838340376,0.627721814557729,0.3170725988774433,1.6224203163079824,0.6247296700607852,0.32081141942365027,1.5161028513519514,0.5299721960280732,0.4328089781484195,1.2811921001728461,0.638601370903192,0.404536110862072,1.1277088207003323,0.456427648342441,0.4707825205859986,1.2331268030730467,0.22402201377920472,0.5057159031616439,1.2690405088347112,0.06026272071419214,0.5083017696908639,1.2709951063830405,0.06536330249889821,0.5101627231124561,1.2319444829734358,0.1276202533451663,0.13380160764819798,1.289930740830194,0.6134082967220398,0.09893792168809586,1.064006534653861,0.5081302042196445,0.2725001236222704,1.0518590613692598,0.3715803081776923,0.35803769978779704,1.088135399358194,0.3133913649752776,0.3701678605756431,1.079654742055081,0.29433683390164866,0.3426778227898888,1.0264242133490022,0.3136326374390189,3.9166666666666665
0.3235910396677384,0.7985013584227827,0.6208880417824783,0.29169776891104626,0.36770255213783076,0.6206036388421473,0.30085924795371427,-0.04205079584594898,0.7308762340235871,0.2832899620741698,-0.06965674563206119,0.5700282594825745,0.34632136132304814,-0.05469366648022644,0.590371721542635,0.28579282940986533,-0.12905343414260487,0.8291095617563295,0.11924679392207982,0.8050880714710726,0.6066839238823298,0.13059512833544507,0.3610939191238647,0.6319030752654275,0.10450395488169285,-0.03071919595480238,0.7379105097621882,0.12204133521947881,-0.05717905990128773,0.571770979235943,0.062004324224056405,-0.05351566725371114,0.6036520247948222,0.11439164905468026,-0.09595637332858942,0.785754269926577,0.27782881962597744,1.3833551587897064,0.6298633091710076,0.306129328151684,1.6247267466118238,0.6345309078894878,0.31362781215636615,1.519079300136584,0.534651456996572,0.4239194510959706,1.2868081847787058,0.6485693198371549,0.3946940551093536,1.1375076035223328,0.4540053398076088,0.45872410432972954,1.2584139960277407,0.22843020717713597,0.5006729152785396,1.3001203400944754,0.06959209833181129,0.5016742469843044,1.3016592299271241,0.07714845308785714,0.5004612414943022,1.263861779846953,0.13452326087656064,0.1247820161471953,1.2883513910510527,0.6254236902372433,0.0967700615303709,1.0643345529556163,0.5063361920624032,0.2715965151149946,1.0571799825475607,0.3780286379370982,0.35696786077270143,1.0963230725904882,0.3313729089414467,0.3703640433531783,1.0856195532925863,0.3159400742657492,0.3461713678367885,1.0321201355105623,0.32905384492938183,3.9375
0.32760876565993385,0.8032327733076813,0.6185159348309482,0.29261268969647636,0.368640302174762,0.622238115641751,0.30151910084240924,-0.04347722813772162,0.7328518946335542,0.28263337924215143,-0.06948782412499613,0.5680960639472028,0.34488399790257396,-0.054799108133644615,0.5880682603681989,0.28612438018909625,-0.12908918383591864,0.8297466298130185,0.12187031161175109,0.8069408055723777,0.6047645247991832,0.13282749287618656,0.3613786482466445,0.6350989610062658,0.10428493922052612,-0.031242770051826657,0.7404028346869647,0.1217753065755417,-0.05678812473198292,0.570607271349046,0.06200458249467132,-0.05351500498003068,0.603734091609347,0.11419411538995414,-0.09598083579969137,0.7876895288261905,0.26790992425828886,1.3862594711498533,0.6304339018875776,0.2931842119544951,1.6270960211712409,0.6415133575871096,0.3062591049799484,1.5211236398999826,0.5360777952166031,0.4161664745006307,1.290601532017133,0.657324534744821,0.38538515734267653,1.1475912850075942,0.4482789567702286,0.4481741342049165,1.2834721503665374,0.23182200806892372,0.49439816793453417,1.3295578845843699,0.08747803829163381,0.4954165660507577,1.330499005986911,0.09264419198756028,0.49119758736296393,1.2956590529884682,0.13696907036390282,0.11431388857982493,1.2853304330904858,0.6390797935731816,0.0947786984529396,1.0633241880900555,0.5048149458346285,0.2698550065720529,1.0605209243013007,0.38486096147645604,0.35528605179667,1.1023459776535462,0.349336855532324,0.369501176717805,1.0888730494543686,0.3382715294786117,0.34836761521670334,1.0356766831475515,0.3463965199787854,3.9583333333333335
0.33134014202643247,0.8082104440691297,0.6163613475476368,0.29354785451833626,0.3694749317891123,0.6242497895468916,0.30233845489758937,-0.04484442488511799,0.735026823785183,0.2818419147719016,-0.06893213949340365,0.565699218609154,0.3435792779549006,-0.055182052063218065,0.5853711220744728,0.28649478600469935,-0.12928844996410216,0.8306614314037636,0.12396992030890251,0.8083737639404558,0.6034911101231768,0.13446770455239918,0.3616297850658512,0.6371265744488126,0.10411068762488657,-0.031516219807334045,0.7427261528774382,0.12121314129497542,-0.05582836727113835,0.5672836594006627,0.062006244659879424,-0.053496666081133175,0.6037337994080044,0.11408216108058537,-0.09563054673158972,0.788756817655258,0.2589227379941509,1.388942731610836,0.6306130379848385,0.2795004335302291,1.629416550150065,0.6448473318416592,0.29837925269902693,1.5225488519425838,0.5368440246516795,0.4093554172413843,1.2935598755036015,0.6633946110099902,0.37687846631670985,1.1576211954481377,0.44037691947285085,0.4396387532406561,1.3073528310368743,0.23503318682497729,0.48539515638545605,1.3562243115615558,0.11332528289341738,0.48847179214471503,1.3569850803358086,0.1094204777429585,0.48332178681905513,1.326935756554672,0.13627718479376677,0.1036529707644529,1.281560860799306,0.6528579955166797,0.09294162286236601,1.0616028476420678,0.5040115287912789,0.26728959243620165,1.0622563463883536,0.391311054055012,0.3531098347037264,1.1062720210898276,0.3651847236227692,0.36738029706207653,1.0902532178407032,0.3583892330809113,0.34840902529882367,1.0381341766908307,0.3633784313543371,3.9791666666666665
0.3345041430470264,0.8129730184797918,0.6141761004139181,0.2945273246159945,0.3701113884614304,0.626437338854268,0.30335774889486716,-0.04624353118283751,0.73744237471384,0.2810302255512429,-0.06778852439995815,0.5632349785051569,0.3426913236295557,-0.05552950215163994,0.5826963987924806,0.2868179642028938,-0.12963261835420758,0.8317677407047713,0.1254419002515621,0.8095469840566025,0.6022183309660477,0.1355941373853743,0.3620034205571796,0.6377772799161542,0.10391069379736896,-0.03153832448490905,0.7445953799831593,0.1205805274094077,-0.05459814712577212,0.563247380088532,0.062009584162045606,-0.05347953479450838,0.6036775272482318,0.11390081074699833,-0.09517156882634707,0.7892982879692847,0.25128844044896037,1.3913287883538419,0.6321924149005282,0.2664823074194843,1.6318586044376175,0.6441665766530011,0.2897419669365693,1.5237232709135127,0.5404861531405303,0.40279250294762486,1.2968577317234347,0.6659167021829469,0.3692709945248063,1.167573574444623,0.4326988101517514,0.4326863850245754,1.3295721165375858,0.23918769227040712,0.4736023145440384,1.3792512237591898,0.1418859138754689,0.48007353838774725,1.3804679294386673,0.12411879575452249,0.4773838827565654,1.3557641796790738,0.1349290649127277,0.09431774046771875,1.2779882233540216,0.6650894367669535,0.09093077200719879,1.0599119162780557,0.5042479182427773,0.26453329205949005,1.0626310347904033,0.3966251407922339,0.3504498497227759,1.1085916160732179,0.3769950488875041,0.36406104389712685,1.0900103982045182,0.3742983675131972,0.3471643451332703,1.0403967930149771,0.37739188746389496,4.0
0.3369105518654478,0.8167702216788123,0.6118611693266848,0.2956118467576183,0.3705768022280705,0.6284759960924391,0.30435401383985067,-0.04785707368811527,0.7398510282052106,0.28029274205839727,-0.0662134439407696,0.5609927022500449,0.34229668678393943,-0.0559168182431887,0.5809261174067063,0.2870002719480541,-0.13001801884501746,0.8328689932164922,0.12625483917108743,0.810476153218656,0.6003943529784952,0.13643737073716697,0.3624256058586679,0.637417368513021,0.10363017221103676,-0.03150335657029339,0.7459312882248307,0.12004314402920924,-0.05345537260289271,0.5596650302486568,0.06201310235876564,-0.053466265856859665,0.6036026709011248,0.1136683083338814,-0.0946899399917489,0.7894674573364628,0.24506507264299543,1.3929774150399241,0.6366284505202381,0.25512316241313904,1.6348713070773835,0.6401378970080556,0.2804118011554759,1.5249624156505484,0.5484162426228689,0.396213798196206,1.300982970746872,0.6645638998304182,0.3627759502594968,1.1779822860253655,0.4257316459317543,0.4266270820571541,1.3495486075504934,0.2447997342181672,0.46039840652387487,1.39835120349378,0.1669196031157706,0.47038853331837605,1.400634179001839,0.1343652658209878,0.4723256356135627,1.3803881682569148,0.13352137638821898,0.08751919839469692,1.2754791521271716,0.6737821284109092,0.08870292934905005,1.058274508432857,0.5056080980183588,0.26227761787432846,1.062197753474744,0.4002809260375385,0.3477501914617963,1.1099657978244961,0.38406220371661076,0.3603300562568311,1.0885651548239235,0.38494610831322207,0.34597306932732075,1.042815264580076,0.38639824228736247,4.020833333333333
0.33868123489878565,0.8193537978470811,0.6094226167884003,0.29682378484938415,0.37098564893439606,0.6302366123887625,0.30507795732627624,-0.0495370349309949,0.7419216399864564,0.2797272017816412,-0.06454387493071394,0.5592217746381977,0.34211584995533406,-0.056388941333664726,0.5807388917195324,0.28700725689083817,-0.13028977031869127,0.8335902460854882,0.12656683234776825,0.8108553155468442,0.598249024832419,0.13714085113416413,0.36281005374079756,0.6369498515859701,0.10330695815371975,-0.03157048252989435,0.7469588883103172,0.11967575624470547,-0.052654942840631845,0.557036436814248,0.06201526370199337,-0.05345460582882248,0.6035298670743492,0.11354859427020725,-0.0941817212040909,0.7892511371882649,0.2398307056665146,1.3935982179845523,0.6438293496701787,0.2456679467271201,1.638456753541209,0.6356515434325851,0.27094077125453986,1.5262920636819415,0.5594971345888555,0.3897340746007473,1.3058630694542455,0.6599886711729543,0.35815934456951454,1.1898183280586292,0.41867294242047237,0.42085610254749356,1.366787753967393,0.2523023754211604,0.44724834931198476,1.41398637665516,0.1853822849742696,0.46016454498604087,1.4177249065717652,0.1414258639424129,0.4663350232137541,1.4008326325826275,0.13192055269434497,0.08344534545106191,1.2742741650594929,0.6776078198102151,0.08644360821226268,1.0558995188764293,0.5082413885526481,0.2606522451518798,1.0616337266300444,0.4021445677170099,0.3456640155629003,1.1110050126869797,0.3870440711765817,0.3573759784398498,1.0867729449696628,0.3903470223690685,0.3451960546376194,1.0448492172417556,0.3904649113538664,4.041666666666667
0.3401219337213193,0.8210358517315082,0.6069019829964043,0.298101794596643,0.371286999427749,0.6317005370155032,0.3054783053683301,-0.050922994125842266,0.7436528366756786,0.2794040457473209,-0.06302374004314588,0.5581139920971109,0.341631972338005,-0.05690631473391223,0.5824803626069398,0.2869178701790285,-0.1304119929416458,0.8337548865628149,0.12672916855023994,0.8104421178570488,0.5963814249868367,0.13770305134032115,0.3631640331363329,0.6370880358713408,0.10303408581336561,-0.031752403783151625,0.747722187902123,0.1194859642052818,-0.05228373110750816,0.5554512751894105,0.06201201633909484,-0.05344346724251334,0.6034718894006781,0.11362104703268873,-0.09366422457266164,0.7886766643727917,0.23490810354955563,1.393364137333166,0.6523645771065785,0.2374961609881915,1.6418276533657021,0.6355325967044453,0.2620948447965828,1.527354715925909,0.5717505959715288,0.38324957349281097,1.3113494687641551,0.6545711183156253,0.3555637766694725,1.203269915998885,0.4119948118782527,0.41440919433818885,1.3814749893717042,0.26229632103908007,0.43514706048839313,1.4280194406204894,0.19879751105092888,0.45024009290095013,1.4333158751716852,0.1491136269361426,0.45842663471599776,1.41892325430497,0.13156073009309005,0.08112328340079963,1.273897061113901,0.6770359734561271,0.0839348413903218,1.0519677723906855,0.5129526678789963,0.2592924377974873,1.0613114515410453,0.4023817376753132,0.3441576887640615,1.1120283806171716,0.3870798953531275,0.3556081172531388,1.0851601239389337,0.39207790262036435,0.34428364116952465,1.0457583130527075,0.39140153779662695,4.0625
0.3414435667770182,0.8222755725662557,0.6044081892563085,0.299340345452293,0.37143773880481223,0.6326841296450347,0.3056648920653272,-0.05182112203891513,0.7452719295014872,0.27931456427322776,-0.061760391345095283,0.5576443935108224,0.3405503454079538,-0.05737622049899908,0.5854900894373163,0.2868741851939177,-0.13044260569311525,0.8337174411118129,0.12708670500411387,0.8094859450066364,0.5949211484308892,0.13811171206690023,0.363612619782137,0.6375831834261342,0.10288343246180326,-0.03186480871873032,0.7478175466585286,0.11941789918479892,-0.052156443126042125,0.554853703441027,0.06199839577374001,-0.05343447366603993,0.6034432993527243,0.1138511858540493,-0.09313597127992844,0.7879449755854667,0.22967422123709644,1.3925746636381562,0.6609598539191108,0.2296437250433182,1.6439474321653327,0.6431541233860238,0.2544621830014937,1.527730400100706,0.5831123329209936,0.376387668197387,1.3172040252926795,0.6512494049042712,0.35368056242767437,1.2171654802441965,0.40715502854401275,0.4064036786899383,1.3938455009938175,0.2747169976462105,0.42491156830783827,1.4425592957835531,0.20960174367261705,0.44124120649594367,1.449244540877188,0.1595358940484098,0.44880983826059473,1.4364300006065733,0.134927229389259,0.0791480406293538,1.273704910074399,0.6736814964609167,0.08066704346014508,1.0464019692968127,0.5205761518348058,0.257831327841724,1.0612995050628504,0.40132875149467745,0.34235143017201475,1.1127152980802133,0.38467212366205195,0.35418634647157693,1.0835329160536236,0.3923660579320273,0.34268291879052715,1.045522366377028,0.39097059740480755,4.083333333333333
0.3426840100780275,0.8233633647978305,0.6021856139231555,0.3004982453649824,0.37160704260318406,0.6329805063975734,0.3057682528126231,-0.0521926098780522,0.7467871613202552,0.2793763620056437,-0.06085305710281829,0.557637903417294,0.3392097269190073,-0.05772494317424809,0.5882576887159394,0.28692839280104077,-0.1303625693226275,0.833986855811581,0.1277606284173895,0.8084407173557406,0.5936116451220261,0.13845174336589114,0.3642381762114186,0.637740892519009,0.10286857565292919,-0.03167907713030316,0.747010019196116,0.11939979658209915,-0.051938685228105325,0.5550622684824851,0.0619761405436004,-0.05343483447110738,0.603455162773432,0.11418737462430022,-0.09263882185809476,0.7872856078332905,0.22364702741305767,1.391358398106524,0.6688098678778978,0.22124129519174113,1.644245461512995,0.6567987140377336,0.24808534905649504,1.5274201907771776,0.5910493613424883,0.3690528366557876,1.322853270826472,0.651306739194871,0.3511835186690434,1.2302190333122855,0.4044795208420993,0.39710164043204993,1.40418964111942,0.288284350750899,0.4168913851369934,1.4576565083075825,0.21821629345046895,0.43338564304813937,1.4653527783414042,0.17175884941407504,0.43813088259116106,1.4535130278503166,0.1425559449780049,0.07658707565470702,1.2734170813895733,0.6685247922367049,0.07649016344041212,1.0397607794344843,0.5309287610075416,0.2561769658170322,1.061503323538532,0.39955763425015534,0.3394627872614456,1.1126402239978936,0.37994445871849747,0.3521773487082066,1.0817195946634939,0.39217315162958893,0.34050672699017753,1.044693273731549,0.3902324439477938,4.104166666666667
0.34379186921526905,0.82423797833598,0.6005198406465782,0.30160213983127615,0.37197192390004563,0.6326726142025648,0.3058412341308546,-0.05195415430049055,0.7479137568665579,0.27952266117393565,-0.06052858889546278,0.5580371297718434,0.3382895524120689,-0.05799657926720249,0.5900536236208499,0.2869791292505585,-0.1300588042733127,0.8345759538781744,0.12861658756652422,0.8074110032115602,0.592333183815284,0.13883171574034792,0.3649650875516259,0.6373898495531013,0.10294080928387417,-0.03121956856979649,0.7457592909225812,0.11944595640531952,-0.05164539865774768,0.5559238827336919,0.061954857391892104,-0.053451701424478706,0.6035036644566318,0.11451807618108992,-0.09220528746471404,0.7866290345822563,0.21663772354183525,1.3898218500545523,0.6748008721864938,0.21161730953282726,1.642735527944533,0.6707601304674489,0.24231671596245657,1.5268071223120496,0.5932078692411235,0.3618270815831442,1.3274821065991695,0.6540827943837352,0.3478623478132323,1.2417758891799129,0.4028510270982951,0.38758837532309465,1.4136034428299529,0.3007893505182332,0.41057671581863053,1.4715477608097167,0.22553629491507143,0.42665256446019884,1.4799730932150792,0.18406730112930894,0.4269026556523812,1.4693779226435313,0.15189441220997757,0.07325606299062265,1.2730664012054056,0.6615558192488075,0.07184737483831924,1.032648628752052,0.5427841086433267,0.2545225733955967,1.0617396986176921,0.39780712095936266,0.33576542865041314,1.1121977617671102,0.3737265931841428,0.34975087201406746,1.0801092353180388,0.3909923125907866,0.33834308500654975,1.0438279585879413,0.3896899184168532,4.125
0.34470572557858836,0.8247076964410209,0.599372280274374,0.3026193358341701,0.37248739785627977,0.6320131614275099,0.30584314286565994,-0.05105664410718057,0.7483467112295686,0.27975976275605546,-0.06102576552469146,0.5589130716934552,0.3381970618098846,-0.058228959093129744,0.5912860660594612,0.28691354655226353,-0.12947885058010503,0.835050492338931,0.129413789720878,0.8062627507081425,0.5911071201305222,0.13928629614832216,0.3657016957554594,0.6366353596552509,0.1030291782648267,-0.030722380354911163,0.7446992403847651,0.11963827022726198,-0.051665570336352745,0.5574853327348113,0.06194265281366208,-0.05347949111827857,0.6035643880177404,0.11473089286952622,-0.09174622322341089,0.7857966358875004,0.20901409835956375,1.3882427052833939,0.6776910936936837,0.20067586578660151,1.6396062643240232,0.6799080766506136,0.23618487346635003,1.5261624127294018,0.589099217855525,0.3555192040912161,1.3304582563818235,0.6582339754953992,0.3442071957617261,1.251174674984993,0.40126785893363115,0.37865910971439426,1.4229460574988424,0.3100445424927781,0.40513150774795115,1.482765008467728,0.23439640969635472,0.42098574558416735,1.4919619264569266,0.19535750044293498,0.41586342113081975,1.4834062891581374,0.16010346711370282,0.06937938235937564,1.272660444176325,0.6531406239911826,0.06750322926353912,1.0256089531888328,0.5542156663563773,0.25316911654596436,1.0618683945233087,0.3965354056622037,0.3323144040674063,1.112225828824669,0.36744328403324544,0.34781271842266037,1.0791288717707908,0.38835850450310405,0.3364803498294069,1.0433836736079511,0.3891676630872718,4.145833333333333
0.3454300460427982,0.824855383355117,0.5981352597106016,0.30347497597971934,0.3730403211289665,0.6309561182115491,0.30571568863169934,-0.04963682527266368,0.7479205207024614,0.2801135233771726,-0.06216107235935365,0.5603409234185658,0.3389858138375444,-0.05836888331662234,0.5925216431436233,0.28672180138763853,-0.12871291440659544,0.8350841358319184,0.13000486275957215,0.8050105735512567,0.5898571517855873,0.13983105775225405,0.36642947076442806,0.6353531175044016,0.10313330107603173,-0.03035480315719412,0.7439344010904819,0.12000011125265861,-0.05218842766851432,0.5598457111286878,0.06194073619655491,-0.05349959489149115,0.6036097061042663,0.11485892540625273,-0.09123444079417535,0.7848664295280091,0.20148894355953528,1.3869538785575168,0.6772091278088787,0.18898524309009418,1.6350767160512183,0.6825267393359064,0.2287321838543468,1.5254563417397706,0.5810918465667116,0.35027685444239876,1.3317394538625367,0.662595464634118,0.3407577631842701,1.2577116348807926,0.3998272785625414,0.37062278753832384,1.4315003017983439,0.31507189410363573,0.39957692173511916,1.4910525777305346,0.24592925073628086,0.4160144653935631,1.501102099178864,0.2043821901807598,0.40650477008773656,1.4951827999970315,0.16653271660303426,0.06531563367782299,1.2720291141467743,0.6447684489865082,0.0639937783047308,1.019431630816582,0.5631389010723401,0.25214570058799923,1.061914284993885,0.3956165652132882,0.32951606278857104,1.1130910362899595,0.3618971456791421,0.3467572865116336,1.0787621846457984,0.38481914914503557,0.33459165420835946,1.0436468448431002,0.3879816346707635,4.166666666666667
0.34604367032051436,0.8249295357776563,0.5962287964660008,0.30422201406314414,0.3736860018360784,0.6291156997308965,0.3054701517380291,-0.04787721777704261,0.7465960649705835,0.28059498945305067,-0.06320589280136632,0.5624803606313418,0.3405403682401645,-0.0585924376130345,0.5945061747939193,0.2864513279145865,-0.1279222843635552,0.8346624841469497,0.13042501924308444,0.8037704075524148,0.5884307165812233,0.14051294277304283,0.3671005181057718,0.6334878899113965,0.10334340812898182,-0.03016119996470168,0.7431898076203788,0.12049470760366568,-0.05313173136379296,0.5629590082730191,0.061948869994909686,-0.053494115870081696,0.6036302436684576,0.11499784663773423,-0.09084971829571378,0.784069559882255,0.19454604096635633,1.3859706643760108,0.6744928589141393,0.17717642827694396,1.6296987042928301,0.6801824614133869,0.2192343656036281,1.524655743859344,0.5731648795325281,0.34547542572594336,1.331909410399125,0.6665004100355411,0.3377552958995341,1.2615960915615256,0.398782449376137,0.36385064872768225,1.437981472897069,0.3162358186902531,0.3926960145167204,1.4966161409960714,0.25691948387806834,0.4110684228250339,1.507452249133567,0.20891670292776499,0.40045523834200614,1.503890738979747,0.17162413389860948,0.06158305534142865,1.2708461062011018,0.6380124201717798,0.061376581927758495,1.0149271565060083,0.5683209872638397,0.25105666538900123,1.0620704084846617,0.3945920787188562,0.32650529679909523,1.1147072607765565,0.35668528078817774,0.34605461303461876,1.0787595504122491,0.38123494870957153,0.33214890160262467,1.0445769984489992,0.3854379938924224,4.1875
0.3465458729722442,0.8249484401903966,0.5939590166457894,0.30502067336196775,0.37458673900173733,0.6263427683774297,0.3051924789884901,-0.04583672529962947,0.7444512806668283,0.28121699467837097,-0.06343824156543693,0.5653127122491878,0.34248645054635324,-0.059312340690461436,0.597998845327519,0.2861460904335107,-0.12722956560809323,0.833913193980823,0.13079657684222157,0.8025575428731826,0.5868062543514135,0.14137008469415732,0.36756560245180764,0.6313102101335095,0.10373366385110164,-0.030157690304809442,0.7422960992868085,0.1210935025426165,-0.054482696595034436,0.5665422105377736,0.06196682507080836,-0.053464842011292056,0.6036267385169792,0.11517700616741948,-0.0907651519055041,0.783678110590804,0.18825949074530132,1.384870771883064,0.6711025690682719,0.16555682546318973,1.624411865607488,0.6762749660277079,0.20771914604381908,1.523980911689873,0.5684091568633636,0.3405743093146303,1.3315696068028733,0.670155889058098,0.33506240774352203,1.2640305859647736,0.3974960745987344,0.35879482174690047,1.4420006220495114,0.3144107800064999,0.3843543100393283,1.4991142797277133,0.2622905374544882,0.40580058336423463,1.5108130103534163,0.20682514984903644,0.39785017949981427,1.507947650851031,0.17473655898708376,0.05870191990189021,1.2687388756239653,0.6334382303582611,0.05976477165817011,1.0123141334155505,0.5694562567886975,0.24941566553553104,1.0625642883058575,0.39304320965391004,0.32238127996633603,1.1169639364509512,0.3509760545920825,0.34492334926520357,1.0789871058933151,0.3773706857908441,0.32884845908459304,1.04603475190829,0.38108845963297444,4.208333333333333
0.3468390897995321,0.824796019204351,0.5921312376993897,0.3059258964858049,0.375827429559348,0.6228917267528826,0.30495112385789047,-0.043513586751433714,0.7416341256149979,0.2819128998453839,-0.06263921053137712,0.5680102789640904,0.3441685786243188,-0.060352012797299036,0.6023049581037712,0.28582903370411683,-0.12664986974735137,0.8329618881724218,0.1311827297925212,0.8013078612522171,0.5851505666537439,0.14239565116363515,0.36766849141634295,0.6291668465723632,0.10429520003350193,-0.030316249434602607,0.7412815363410494,0.12172372773393558,-0.0561279434298744,0.5699894535864899,0.06198475752962121,-0.05345911385494866,0.6035997196278635,0.11538448400783546,-0.09094429856970238,0.7838664507437979,0.1824566294570749,1.3831247900181438,0.6679352911583455,0.15411526327527003,1.62005812153693,0.6745267126936931,0.19508756152643308,1.5236210624747777,0.5681901294074121,0.3356977076887643,1.33068241213983,0.6745801425229141,0.33226326534528333,1.265802064304025,0.395576492682757,0.3552002677137844,1.4434762529986642,0.3107562644729407,0.37614888701649674,1.4978183383503583,0.2593406105035131,0.4003450391798239,1.5105595371975413,0.1987544457391182,0.39678698318985617,1.5059468602298167,0.17446963893307624,0.05671081266030795,1.2654166958476092,0.6310663942194741,0.05954411588243745,1.011141326632963,0.5664883410872625,0.2469875160578056,1.0633781015987485,0.39066294132566476,0.3173140094075376,1.1198132722976935,0.34492905240784566,0.3427742557070436,1.079570927294853,0.3721955486461738,0.32463889117034583,1.0479305947666677,0.37482091936379636,4.229166666666667
0.3469378926860956,0.8245928561464204,0.5908346238976747,0.30679393845949127,0.3773127965006825,0.6189731765926386,0.3047178106569964,-0.040927107805259114,0.7382451288850452,0.2824568140520711,-0.0611208047496675,0.5693325341573268,0.344990475928105,-0.06076906578914762,0.6052429073334145,0.2854982763835389,-0.12609076717789158,0.8318881652457977,0.1315578355513721,0.8000099755365798,0.5836929410253899,0.1435577052812831,0.3673769747373533,0.6272255762167303,0.10497907049679248,-0.030518604087640816,0.7402216672313969,0.12220455028568847,-0.05755804525451001,0.572422843513716,0.061988316160461035,-0.05352993536183204,0.6035544431284241,0.11564897901137589,-0.09121911685347502,0.7844269060261667,0.17696058093576228,1.380443276282008,0.6653976567441218,0.14264437129695523,1.6167926618070987,0.6775940481242587,0.18253807774535954,1.5232122175574463,0.5728251186716327,0.33121351512356834,1.3289022454876573,0.6807162082149032,0.3289164619104641,1.2663734036586634,0.3943694144338603,0.35188736919810715,1.4417221709615629,0.3067570978287938,0.3695139719313159,1.492618097456726,0.2498291902739545,0.394956127126038,1.506260164151705,0.18885072100718758,0.39497299195137947,1.498255112701054,0.17114589506822442,0.055001540169478454,1.2606636768214843,0.6314171068150073,0.060612133373518645,1.0106685074870105,0.559992115523424,0.24364937263254283,1.0641683143605558,0.3871838516198849,0.31196093099493566,1.1229472209059685,0.33991389349550755,0.3390613984236252,1.0807553347756722,0.3657509310708343,0.31960305097485,1.0499150250283498,0.3671615270277632,4.25
0.3469700265984512,0.8245674746369875,0.5893588181303469,0.3074099308514659,0.3788354903840522,0.6146296772732988,0.30441689877357786,-0.038125832490071856,0.734328089580892,0.282593324588323,-0.059435148323414566,0.5688084011866513,0.3447784532575038,-0.05980917464435527,0.6051425383610671,0.28514524906761807,-0.12545910674757496,0.8307275198024485,0.13189903354688876,0.7987510335126247,0.582598424837994,0.14483093491839222,0.36680212734870515,0.6254336647257406,0.10574479207226997,-0.030625208287545475,0.7391447114407527,0.1223021197729304,-0.05806736153226035,0.5728722451722867,0.06199000293572067,-0.05359660508835314,0.6034852812830391,0.11600843155289606,-0.09151688743644255,0.7850296463641695,0.1718208634377052,1.3769218093612963,0.6639110709469291,0.13108656066400545,1.6140195363543977,0.6860459356930688,0.17116408663085309,1.5218982872884883,0.5818905775829306,0.3272895049186713,1.3263107474142404,0.6885904642676175,0.32482543596397545,1.26463797710391,0.3961243585295039,0.3477589534290082,1.4361758193694112,0.30355463320023973,0.3642835596264969,1.4841969973301994,0.23876692169963934,0.3897227196141302,1.4983245336988342,0.18131176559861403,0.39151695472177545,1.486696813332519,0.1675958057239982,0.052901851722856094,1.2544383047205772,0.6350555696112286,0.06219140603871469,1.0102170934991017,0.5515342541804928,0.23908962697023467,1.0646420968620076,0.3823901106783839,0.3064743326362992,1.1256532320238044,0.3368121577093146,0.3333166518695566,1.082667825003486,0.3591136931699309,0.3138483868089439,1.0514497455092022,0.3593124068767273,4.270833333333333
0.3469935037958692,0.8247089434033361,0.5872925464315681,0.3076883600196919,0.3802922215629766,0.6099587477711438,0.3040291380755391,-0.035248605341021644,0.7300254078821458,0.2822668444254664,-0.057917966472694565,0.5668901956433009,0.3438412454680083,-0.05747872084644956,0.6018544247869683,0.28477620622815036,-0.12477403561249814,0.8294834320041238,0.1322761485189773,0.7976621264040609,0.5818486060993121,0.14617623950558492,0.36617718555872636,0.6236073015622403,0.1065707883895031,-0.03060050483323863,0.7380513111566296,0.12185788934958727,-0.05715443516034664,0.5707244471624001,0.06203346275189557,-0.05344259492331159,0.6033682803485704,0.116380339499973,-0.09191994076550689,0.7857253517915633,0.1671263860294663,1.3729341141445481,0.6638275376619389,0.11970968576097268,1.6110343397757279,0.6981647579169841,0.16184010875759483,1.5190482982332545,0.5937466040700696,0.32400037196959286,1.3232980373689711,0.6974113428312854,0.31997952034345656,1.2601675220903243,0.4018818182021294,0.34256786873645106,1.4273360160719402,0.30151598610899044,0.3596511448186511,1.4734061063563901,0.23059132478532948,0.3844915396556716,1.4877244245131949,0.1769229127145328,0.3868788722489391,1.4729972828981182,0.16627015005684898,0.050306475332892786,1.2471927112096257,0.6410959391361895,0.06370218003643137,1.0094088259743614,0.5427971774423013,0.2330885546711547,1.0648273658833658,0.3763557488635777,0.30051595796214087,1.127275196073623,0.3352815017145505,0.32547564916685945,1.0853453052466389,0.3525204628744935,0.30742738554949794,1.0522640554503226,0.35267486643099455,4.291666666666667
0.34696445215685995,0.8248770156794414,0.5848833272109266,0.30773500180861335,0.3817285806547007,0.6051503081739017,0.3036188388325929,-0.03256403192491464,0.7256641118116361,0.281677890172569,-0.05663683108925503,0.5643100106193394,0.3426967425952957,-0.05436853829092914,0.5962077610834388,0.28440791746881144,-0.12412838215636104,0.828146977363645,0.1328235398887561,0.7968284896682407,0.5812731532675145,0.1475486063205036,0.3657784319418434,0.621609198268407,0.10745043412504665,-0.030538677934931036,0.7369712724860203,0.12092712559472579,-0.05492656344828585,0.566327565224648,0.06215000111711613,-0.05293603333010185,0.6031980038709117,0.11666144209478888,-0.09246155291299125,0.7867941746504163,0.162719277778745,1.3689640832889982,0.6650605659628943,0.10893879476663013,1.607643093320732,0.710578733024881,0.1549745287818594,1.5148355296934006,0.6054492882875578,0.32135745255120124,1.3201095761625952,0.706197139380403,0.31435933207364264,1.2536151105697355,0.41054605484266804,0.33664328898246865,1.41664913710319,0.3005488252495616,0.35539918100625445,1.4611579563887263,0.2263853416812756,0.379098692033005,1.4755817807238136,0.1739346441880599,0.3816207808784426,1.4586881636062312,0.16638112793729098,0.04756135963173718,1.2398580647710464,0.6474227986138451,0.06511600918242899,1.008244407964714,0.5349559132675095,0.22612675973630525,1.064858281718601,0.3697176704299465,0.2940333964798403,1.1275026127528336,0.33526735176677736,0.31614913709811454,1.0886694042264653,0.34544335198251575,0.3005583207575972,1.052407681626649,0.3484933814701027,4.3125
0.34682328628708287,0.8250037014322014,0.582379453802021,0.30771451909796294,0.3831428529066472,0.6003683492567158,0.3032653232148685,-0.030284928915601195,0.7215743633096167,0.2810839418893846,-0.05575738267062314,0.5616922993872997,0.3417015962975475,-0.05120811226138339,0.5894955679128087,0.2840515369901352,-0.12356537532935973,0.8267369779195403,0.13359166219227106,0.7962029529816144,0.5808171329594586,0.1489033440722237,0.3657340871999707,0.6194399624644205,0.10838393561819201,-0.030583447199554706,0.7359664287142422,0.11976366695770074,-0.05213195620540797,0.5607662642972132,0.06233299945259551,-0.05213805395577897,0.6029998071410316,0.11696967537843013,-0.09312426798120005,0.7883941027968605,0.1584304853920394,1.3656254445544491,0.6667802630224244,0.09918615336062994,1.6040126853594778,0.7200745234734631,0.15033983266139272,1.5100611884043735,0.6142550298768438,0.3192385078911795,1.3169752176053897,0.713935173468939,0.30811478381465707,1.2460186420310773,0.42008715741196156,0.330350452679833,1.4058311926114033,0.30043291715849607,0.35178081993733157,1.4486983111085676,0.2247658542867862,0.3736131657700766,1.4632265374737798,0.17112094888978835,0.37573392577665743,1.4455271219775812,0.16533399297978457,0.044898798265524044,1.2333334616748888,0.6527552755075627,0.06641537524723007,1.0069656347812113,0.5287737702527349,0.2192594780309583,1.0647420218731019,0.36352220438495053,0.2876215285981131,1.1262722475867137,0.33762481697437124,0.3065970591592683,1.0920483006518171,0.33830381991120717,0.29384928833211954,1.0521066501042358,0.3474972800643177,4.333333333333333
0.3465768031685106,0.8250091742281827,0.579775984939586,0.3077007050543089,0.384421528711007,0.5956627893880236,0.30298930313376776,-0.028360762786966837,0.7178778088446955,0.2805987724412339,-0.0555724760176449,0.5594201473364528,0.3409682549232642,-0.04844805542388662,0.5830706156240757,0.2837093954919747,-0.12304742269816593,0.8253170563422365,0.13444568886104014,0.7956236255720679,0.5806205464278037,0.1501464026291538,0.36594234150227806,0.6171743489158401,0.1093727945819432,-0.0308591032424132,0.7351044341480769,0.11861864127276664,-0.04942912390505346,0.5550284520045549,0.06255391704533769,-0.05118561284929019,0.602793809797016,0.1175719630857097,-0.09403021937754338,0.7906089293376054,0.15435361304827308,1.3634963375556117,0.667733475800702,0.09070759142212312,1.6002168203550764,0.7254816315579945,0.1472134803103626,1.5055568765424288,0.6190592344676069,0.3175080450832014,1.3142830790168254,0.7195989118763595,0.3017934239433547,1.2381113926108773,0.4293089821113609,0.32381411143783045,1.3961958460457402,0.3010240769649125,0.3485041360849892,1.4375851982528205,0.22388207649586428,0.36824513594793573,1.4520413959730791,0.16910790275540308,0.36925154480410405,1.4350291199009806,0.1618851848092251,0.04225157089678588,1.22808807165152,0.6575472434459234,0.06725770187416485,1.0057866875872874,0.5244950411879301,0.2132404723081025,1.0644467559370794,0.358649107515173,0.28175033844817493,1.1238781517235101,0.34290200072220534,0.29816394507915767,1.0946134615008207,0.3324573316189281,0.287932446349901,1.0517546528706032,0.3493613352247269,4.354166666666667
0.3462912985886099,0.8248221121166268,0.5771540886891957,0.30766976915840505,0.385519605072621,0.5910104924267671,0.30277107516334884,-0.026596898588810064,0.7145375795892062,0.2802454065714114,-0.056076283896081804,0.5577977195249199,0.34054773906714747,-0.0462789883616821,0.5780212719615831,0.28338330119858746,-0.12252675538348336,0.8239622477604293,0.135182914601169,0.795015385301655,0.5807196626905762,0.15118355504357642,0.36619497459140116,0.6149190097778285,0.1104074202391989,-0.03138109508315204,0.7344304401438891,0.11764160762623012,-0.04693641319108236,0.5498084422833371,0.06278220599965789,-0.05019116053787287,0.6025824312040464,0.11859522905192449,-0.09524312181022813,0.7934308823171313,0.1506238321741148,1.3626016567380976,0.6674727724639543,0.08357413026612218,1.596255350327365,0.7279106416205183,0.14472824308384347,1.5018741254383572,0.6201244197142789,0.31607917718449136,1.3122872441414448,0.7225743160738486,0.2961076009007466,1.2305417957493991,0.43790856117553884,0.31709471143934814,1.388417029192452,0.3024335448745128,0.34400323353151563,1.4293548303577157,0.2220880207821011,0.36306493158774134,1.4430882714831221,0.16949482052352288,0.3629981695214941,1.428123274577542,0.15661770348566018,0.03969072002314622,1.2241656731918797,0.6625473639842849,0.06718087446123311,1.0047027344491959,0.5218837430980727,0.20806787492477505,1.0640916968294591,0.35532470178266884,0.2760168124561782,1.121137820345122,0.3504023225826457,0.29148267173563014,1.0960248878389804,0.32873544466367194,0.2830019003414304,1.0517360484196878,0.3529116214838234,4.375
0.34599375728946075,0.8244766619508338,0.5748156486563162,0.3075743164282171,0.38650289262635956,0.5865132094983202,0.3026123782489519,-0.024887975848625746,0.711515730341296,0.28009591932218103,-0.05672265818846571,0.5572197283956917,0.340462970154318,-0.0449618547915838,0.5752398988209022,0.2830775765730808,-0.12198981796691839,0.8227318386382929,0.1357122102237641,0.7944970837435775,0.5808452192804406,0.15199697016228317,0.36633966893100245,0.6128162682771289,0.11144547021732776,-0.03197939875654625,0.7339348499384029,0.1169616731892498,-0.044765738954745234,0.5457111040960434,0.06299309418496046,-0.04925180215770791,0.6023730658562829,0.1199783685515503,-0.09646460195472392,0.7965337323822689,0.14718539360726957,1.3622418890723313,0.6672072021080844,0.07779268467148798,1.59228336479969,0.7299394239560446,0.14218541859151554,1.499268310891041,0.6185638782126741,0.3147824792062513,1.310875117417436,0.7230680280473281,0.2915804523061028,1.224217080030933,0.4452014301722317,0.31058883757309597,1.3828411089857853,0.3049207999927471,0.33677879315044035,1.424760453555269,0.21820659954212507,0.3579254767248965,1.4369712121882618,0.1731839607872632,0.3582156365511706,1.4250404924484164,0.15102182149821605,0.0376336946156285,1.2212816398797173,0.6673585837728424,0.06597663139480728,1.0035580176975487,0.5206372071688087,0.2035027698920563,1.063925223788862,0.3531678280574524,0.26975934359477344,1.1191403191510894,0.35848260092099116,0.28632126380897954,1.0967760133704627,0.3268824502250547,0.2789078693269145,1.0521388392028392,0.3570676692791643,4.395833333333333
0.34562859228897547,0.8240023454747806,0.5729622489892988,0.30740477580338404,0.3873245106443008,0.5824774326711819,0.30254360376058564,-0.023266557212734518,0.7088468031867666,0.2802069929211243,-0.056809355344945626,0.5576986882467044,0.34058549518090914,-0.044717486136498924,0.5750153538605292,0.28279842978493547,-0.12146035414212102,0.8216748309298824,0.13600234013131912,0.7941604398760774,0.580542360466558,0.15257690921271067,0.3663512952060678,0.6109806159551628,0.11241404221837817,-0.032441504314377936,0.7335625270132874,0.11666782794937693,-0.04325504194821834,0.5431323040980724,0.06316501826032239,-0.048492667461670524,0.6021858898958595,0.12167362069478549,-0.0972752235052091,0.7993904565417307,0.1440027346021147,1.3616026374923231,0.66877007111184,0.07324379491877707,1.588529975791101,0.7340983762331222,0.13905296012272952,1.4976983029011137,0.6166358657010127,0.31334919408043627,1.3096916226105568,0.7221547314193935,0.2882991297234558,1.219854669200836,0.4500833302102899,0.3048755953784773,1.3796907460091825,0.30856959707499915,0.32765470397131435,1.4231862534873132,0.2120955164699024,0.3527661585229001,1.4335270562554303,0.17959816900264647,0.3553325048666005,1.4248776772776837,0.14709439663742863,0.03621001827445769,1.2188783237994767,0.6709625773889671,0.06386820924725514,1.002343578618487,0.520152029456493,0.19966122031939015,1.0640471244916894,0.3516449624645052,0.2629863266022776,1.118759005130457,0.36578089766714295,0.28210220448273426,1.0975355423663087,0.3262375084777019,0.27548519213121186,1.052818278140253,0.3611802276921473,4.416666666666667
0.34513710626921834,0.8233379508098069,0.5714479400019701,0.3072214487700052,0.3877765364620178,0.579226299494706,0.3025934127799177,-0.021845194994678782,0.7066254330164127,0.2804607781903615,-0.056097240006154535,0.5584199459834996,0.34070855006173406,-0.04519906543796698,0.5762981884401367,0.2825598220741546,-0.12099658024961038,0.8208168079208522,0.13596253299491806,0.7939169854857943,0.5794463569438683,0.15287702786480148,0.3663079687887391,0.609376057917536,0.11326296596457708,-0.03272543091694391,0.7332761911756676,0.11667160732544075,-0.04236173000645657,0.5420787180430671,0.06327749998531473,-0.04808113478263254,0.6020338656707738,0.12367929933096784,-0.09758058535026921,0.8017225292169857,0.14114213887135882,1.3603456595995473,0.6729795101966023,0.06953519980613469,1.585129490792451,0.7409465026630544,0.1350048230951986,1.496840233903062,0.6172399930152208,0.3116485913164021,1.3083977961953677,0.7211962059131779,0.2858363696936307,1.217324534378936,0.4525826795278371,0.3001253811318993,1.3787214968393047,0.31309552946266017,0.3190284480740964,1.423227703745466,0.20465200893957067,0.3478158898679222,1.431660795407482,0.1873564145673925,0.3533980706488399,1.4258763861098043,0.14639795854717907,0.034704608054862494,1.216279677246265,0.6731216126870805,0.06127200846892904,1.0012841269741726,0.5191556120359228,0.19685668542936752,1.064195952385857,0.35045137980386776,0.2563300254439001,1.1203177936266986,0.3720564965460268,0.27820875708717385,1.09855765758756,0.326857239526169,0.27269850043715815,1.0535098383522123,0.3650121225848467,4.4375
0.34456254644449136,0.8224242322992921,0.5700699353824447,0.30710288231547167,0.38772288564128915,0.5769598070178688,0.3027646433977053,-0.020730517429677908,0.7048881962135537,0.2806196122759615,-0.054906496777093076,0.5585567147509326,0.34075071865005907,-0.04568004242214952,0.5774707881246857,0.28237778346844733,-0.1206295554649271,0.8201434407833427,0.13558074084296357,0.7936738394701714,0.5775787602365109,0.15289842421969999,0.36633988426702074,0.6078023100472677,0.11401576624802524,-0.03293183335615546,0.7331160958772758,0.11674952345065931,-0.04153513158347869,0.5421968123747846,0.06332519819614359,-0.04809999159207953,0.6019192103686876,0.1258864503657654,-0.09758819672861767,0.803720896387576,0.13838314380736202,1.358533832453622,0.6794840234970727,0.06626809610075629,1.5821465258513303,0.7488274834168164,0.13025699684792605,1.4961473476367106,0.6219402844141989,0.30979520121314197,1.306962968654924,0.7209192789043308,0.28363886425655,1.2159617327985544,0.4540734868849675,0.29614739844409244,1.3792204848153773,0.31776171354595106,0.31216588583369853,1.4238324697059859,0.19726752695220473,0.34328398109955793,1.4302260686772479,0.1950903886564005,0.35111671792414245,1.4267768041008686,0.14909412260968782,0.03213888295315908,1.2129621910564612,0.6745897010552769,0.058535403819696546,1.0004093765668838,0.5167862475055609,0.19506113950621395,1.0639655805371284,0.3496548444071472,0.2505462689209742,1.123270911268247,0.3776728754869225,0.2739282367082198,1.1000666074382446,0.3295142814685135,0.27041493161521624,1.0537875166996038,0.3689644253001724,4.458333333333333
0.3439935547056843,0.8213246417333472,0.5688820894626178,0.307039332195256,0.38723918266346463,0.5757398378479688,0.30299929655563185,-0.01994845858605153,0.7035036331311543,0.2805507901625213,-0.05357689430347852,0.5582433978223372,0.34076076092142504,-0.045836513587054976,0.5779153664699389,0.28223718484176086,-0.12031258320026265,0.819613221541589,0.13502674472339596,0.793507344322549,0.5753359161387436,0.15269078899872907,0.3665184205512614,0.6061061307091892,0.11470293843693459,-0.033139424485852984,0.7331717740997968,0.11672320869641942,-0.04036778845010021,0.5428556098461821,0.0633286208658358,-0.04834294452060892,0.6018784595733164,0.12812190184882735,-0.09746473872771043,0.8057441067289932,0.13526215259621405,1.3563936051200247,0.6874704750361136,0.06343551345930998,1.5796076242328865,0.755786651310977,0.125434806562596,1.4950355736820526,0.6300485556831016,0.307993583871196,1.3056727435884175,0.7212016881894708,0.28146365197463186,1.21545698090959,0.45553238154773423,0.29290986570431987,1.3806018406831153,0.32161720654543635,0.30698173067972767,1.4247054728427193,0.19151540350763124,0.33913138024026446,1.428888256300094,0.201613341435439,0.34810476963734704,1.427402674497823,0.15448097478355705,0.028384942856514127,1.2087813628333517,0.6759532745701567,0.05596467210958393,0.9992715414636254,0.5140891307317185,0.19368314711403617,1.0632159252152042,0.34992644685356467,0.24607992664530998,1.126216892889651,0.38279109700587416,0.26839910568795505,1.1027341485120692,0.3339496214006664,0.2678439688929562,1.0535491755327253,0.37323803997505733,4.479166666666667
0.3434053613937932,0.8202726082912081,0.5680049886900231,0.3069177089506147,0.3866099246315432,0.5754119660592223,0.30318172023287665,-0.019430285278020834,0.702311160369662,0.2803198173831357,-0.052228150493467636,0.5580274396403742,0.3407818975562127,-0.04582831702565091,0.5779977909025609,0.28208923338170866,-0.11996835915175183,0.8191350854510674,0.13440254468977478,0.7936071659750213,0.5731048668258821,0.15225561043138047,0.3667736514931022,0.6043591702919885,0.11525124436340983,-0.03332401296616089,0.7334825737621425,0.11653048049724993,-0.038933910903769554,0.5434384610475084,0.06331145580245023,-0.048427373506290596,0.601997242387607,0.1303073462856206,-0.09719422083228998,0.8077578235703942,0.13179709058892963,1.3542392771184422,0.6959605385132317,0.06127175339929661,1.5774913255061989,0.7611699070715301,0.12100218959519352,1.493227017950208,0.6399068847698342,0.3063832317287931,1.3046738886298372,0.7216401774441166,0.279351448603131,1.2160063245824337,0.45676936903995524,0.2904946631442136,1.3825147869410577,0.3241387645163406,0.3037055540593101,1.4258872525686097,0.18851152731554566,0.3354499057590101,1.4278096187972644,0.20610797860093777,0.34483195496636265,1.4278777577433082,0.16210030685079108,0.024270964983760496,1.2040024035489443,0.6768671017082635,0.05389936119641783,0.9974656474706348,0.5133215552093846,0.19202233362442694,1.0623706425209665,0.35250196107615467,0.24270122086490753,1.1281402129894695,0.3869017151958519,0.260881423719861,1.1071336276170427,0.338242745204587,0.2635681489176434,1.0537459445086461,0.3765757884488705,4.5
0.3427298161853397,0.819632194704238,0.5673170664699501,0.3066609287195624,0.38619759653728847,0.5755718227795671,0.3032524493896765,-0.01905705261730288,0.7014203214812069,0.2800637638915703,-0.05117884546246495,0.5580284246055354,0.340805689085813,-0.0458338341753792,0.5780650252615593,0.2819278059202486,-0.11955721243303125,0.818587865249871,0.13358910984053537,0.7941247845044623,0.5709711190328606,0.15156392340477737,0.3670558510507377,0.6027374522449199,0.11554129083767342,-0.03341105871921936,0.7340057360640871,0.11620497047857628,-0.03756468614630847,0.5437602632253393,0.06327517558236777,-0.048170088651924146,0.6023311097266595,0.13240509348552373,-0.0967295401577878,0.8092824885594487,0.12867748980982913,1.3524661350785132,0.7036326276924801,0.05982633264142066,1.5758088846612925,0.7653066904032755,0.11723933700778821,1.490941199343505,0.6502062063087146,0.30501197162234867,1.3037340994268554,0.7220224461710347,0.2775887695580954,1.2177314650998166,0.4573800949326674,0.2888537331817232,1.3845711530483957,0.3254251890131471,0.3031220493014512,1.427308352396238,0.1881500986583631,0.3327190944270411,1.427288483333269,0.20854907494904906,0.34180671350737046,1.4280749655997473,0.1715834400888044,0.020728119801973952,1.1992840419931157,0.6768035156590306,0.052672590143570154,0.9953350893127745,0.5155275778969435,0.18988619503718585,1.0626015856370459,0.3581323587587102,0.2395684656901636,1.1300655800090325,0.3884333400107236,0.2513548269910035,1.1135690973041108,0.34069613287405986,0.2566316747649817,1.0564691964619886,0.376832714334426,4.520833333333333
0.342024537052199,0.8196917280666353,0.5665202619431582,0.30633838718724,0.38615341823130783,0.5757420337829413,0.3032814199733441,-0.01878759931175239,0.7012483721764544,0.279857773053754,-0.05090494391162222,0.5581094826138983,0.34081261774431293,-0.045862260325184624,0.5781340392200214,0.2818285453126669,-0.11911568753858265,0.8180047706195048,0.132475930181029,0.7951066435276694,0.5688437727714419,0.1506388593224034,0.3674823664717465,0.6013121253477065,0.1155767558366601,-0.03335297112707564,0.7345945057344757,0.11583350762088304,-0.03650574359576469,0.5439818939240529,0.06320900113091167,-0.04765570061612907,0.6028438950706528,0.1342565679170583,-0.09612598039412273,0.8099505786631553,0.12654481903138234,1.3515286526752688,0.7087846749800616,0.0588261858946805,1.5746342750431095,0.7686439031874943,0.11453967098878434,1.4886142612282742,0.6598666698143754,0.30399225475851716,1.3026147896654796,0.7224250982265961,0.27679218322026494,1.2202277418101601,0.457002051939624,0.2879251619365664,1.3864167978722381,0.32580658123614986,0.30540870611094056,1.4287388388346836,0.18953716837927836,0.33133070944295573,1.4278276293158472,0.20963807568321227,0.33910525038144557,1.4278488446473632,0.18167461823244926,0.01826982163792713,1.1956543483652957,0.6760312559705222,0.052490600460329176,0.9938241637927533,0.5197410658575786,0.18735108353540564,1.0655721855384948,0.3662021551973458,0.23576558373262482,1.134794070105631,0.3854416932849518,0.2406455906960294,1.1230354261580815,0.34104890512706126,0.24740493509671496,1.0643257455493962,0.3725210180596106,4.541666666666667
0.34136774932801506,0.82037026469796,0.5654650068950526,0.30605168554254014,0.3863296215408842,0.5757490399823841,0.3033451333998874,-0.018710812302706326,0.702121535520855,0.27973280736652645,-0.051502024108648785,0.5582180679750782,0.3408130832007976,-0.04578994306877811,0.5780431461288518,0.28186665587375564,-0.1187401099869577,0.8176486015764741,0.1311074820662152,0.7965022150784332,0.5667783022944981,0.1495525146604185,0.36816669626703086,0.6000230051414438,0.1155008246149323,-0.03305867155359625,0.7349102965840209,0.11550154622411737,-0.03571310355133389,0.5442180539052376,0.06310918153713403,-0.04700677637669154,0.6034474759712309,0.13562304627832128,-0.0954578576376583,0.8098018610814356,0.12547641550580402,1.3516434187486166,0.7100485191610528,0.057908948587276375,1.573980573123348,0.771519107560019,0.1133016463889526,1.4865380155492824,0.6672434014921016,0.3035527662861425,1.3014038537741293,0.7229700971063758,0.2774381725532413,1.2227310017996948,0.45474729000628095,0.2876212723675717,1.3878055325164536,0.3256184642865867,0.30943299902883914,1.4299073299352019,0.19201307703091974,0.3311282608621567,1.4296262669922606,0.21038371080731996,0.33658976125982,1.427230585981846,0.19031677103322853,0.01700548329846089,1.194097273702992,0.6753160539035492,0.05347470819031332,0.9935650427706373,0.5243156454261643,0.18413287406432569,1.0728414783535696,0.37544573021267436,0.23080187722830353,1.14492814327781,0.37725566006673605,0.22999766696985563,1.1371292347474875,0.33947888675678256,0.23715136018943378,1.0792390731524832,0.36345958426972497,4.5625
0.3407282838582594,0.8212484196960865,0.5642529878913976,0.305784270152885,0.386461223364946,0.5759509195719248,0.3033966851607583,-0.018871052167988178,0.7038295426739068,0.2797250684986215,-0.05268844848086152,0.5583759057523783,0.3408519242480439,-0.04550141076315614,0.5776507739996906,0.2820321735995301,-0.11851177587990058,0.8177603773846143,0.1295502238498206,0.7981792927210644,0.5649621881294715,0.14839841695567527,0.3690529738368657,0.5987974841987692,0.11540570920955315,-0.03239146662409079,0.7346097388876324,0.11526907494033956,-0.035027968717840335,0.5444486017736127,0.06298913953221262,-0.04629867246993678,0.6040542439194241,0.13640262330198616,-0.09475189213719859,0.8090563493367996,0.12521000695222348,1.3524394855736448,0.7073516714981001,0.05700064432746221,1.5737066586796506,0.7741158107700097,0.11354925521054061,1.4848958348370866,0.670438239633409,0.303758695868489,1.300338716510165,0.7233176307776583,0.2792653771152772,1.2246607933962097,0.44989400955895786,0.28767716594131887,1.3884366213885186,0.3252374074531168,0.3135967961626368,1.4305544623336304,0.19566924770110572,0.3316584481383066,1.432087023461915,0.21198416978955606,0.3344050351124128,1.4263396237916341,0.19606268668065338,0.01675028922009649,1.1949269086999192,0.6750793634348355,0.05580615563160715,0.9941580065757689,0.5279899499570019,0.17974854095517478,1.085145317816047,0.38502693138864813,0.22462936011643797,1.1614464915032154,0.3652399842400682,0.22041296271153776,1.1566141127720002,0.3358526326032826,0.22692358752755268,1.1013390847070414,0.3509797744626259,4.583333333333333
0.3400728025405497,0.822018871138343,0.5629435088336284,0.3054475510447677,0.3863128773048869,0.5769233401149608,0.3033378758090693,-0.019177120780757576,0.7057750298481668,0.27985162811725595,-0.054123470079123305,0.5586210302119974,0.3409266155914497,-0.04516327132361362,0.5772166631390176,0.28223498677935316,-0.11840907792383644,0.8182978426085041,0.12780563227296432,0.7999776553758946,0.5633891326162004,0.1472741271736018,0.37001310630835454,0.5976113903622443,0.11521802869782195,-0.031427385149302434,0.7337704290076617,0.11517658513362233,-0.03452624437716251,0.5446075860883954,0.06288705861597688,-0.0456117965261681,0.6045836564186511,0.13666462140211805,-0.09401431218129462,0.8077770703884533,0.12551414704068098,1.3532514285359711,0.7021741752505928,0.05626724206739525,1.5735627636029355,0.7765502240808595,0.11469772783270253,1.4838281189501248,0.6691532506982059,0.30442288840901044,1.2995244763230829,0.7227633582160844,0.2814915553073755,1.2257847133334883,0.4430992706751579,0.2878098023273995,1.3880022714272555,0.3249997596201565,0.31734622414999764,1.4304811584234298,0.20100105836770388,0.3326122667884982,1.434355023184061,0.21526691613756552,0.3329080791768031,1.4252541412645283,0.19946416534463185,0.017111037815072918,1.1977883979398578,0.6751663306363241,0.05932585543917868,0.9949173551976951,0.5295382143779518,0.17397223061498535,1.102229757809922,0.39400558125699253,0.21699462449015242,1.1836768568462344,0.35251199727070237,0.2117159812469844,1.180980426921105,0.3307384294596376,0.2167975560066293,1.1295762364742685,0.3378633079879072,4.604166666666667
0.3394208462734891,0.8228222948454273,0.5613347663683869,0.30500021233211844,0.38579578814006255,0.5789505670556649,0.3031475558244791,-0.01954175366365278,0.7076188417655082,0.28007748326404847,-0.05551160272497412,0.5589408856721977,0.34090718748022275,-0.04522828152701232,0.5774340264789861,0.28238914217324596,-0.11829920436107716,0.8189862741294572,0.12585594416712556,0.801817824205888,0.5618111200629193,0.1462150865818704,0.3709516213824682,0.5964849618211172,0.11482794316541484,-0.030497551980817494,0.7328476645396369,0.11522519885367197,-0.0344652465608687,0.5446503687547739,0.06284221828273526,-0.04503792107581712,0.6049606846381368,0.13647653097848886,-0.09322423622655417,0.8058509341758321,0.1262658905265378,1.3537862005805579,0.6969256221814444,0.05568119283582655,1.5733264791199313,0.7789849960337183,0.11591316462651688,1.4832831078907733,0.66561245218024,0.30537896235584505,1.2988873209469134,0.7210583594033579,0.28330864685169843,1.2259187581841984,0.4364819953059126,0.287938628349918,1.3865030792651345,0.32496048886724216,0.32094571808773165,1.4297779821469265,0.20751943858845207,0.3337738006730445,1.436000734975719,0.2197808927501168,0.33206928570513694,1.4239734870617196,0.2025939392563627,0.017613505270563098,1.2023991627560637,0.6751714619000344,0.06292096119959752,0.9971241660198935,0.5266266475663256,0.16670320681510212,1.124323259640253,0.40018209473288474,0.20706815465623452,1.2107705121148968,0.3429973972293009,0.20251989999864944,1.209752128035825,0.32647573384519357,0.20581802758780626,1.1637737656796863,0.32687102227404424,4.625
0.3387455829969023,0.824027581128768,0.5592237097565277,0.3044760957159051,0.3850734733715989,0.5817924824129963,0.30287396774743136,-0.01996152228905078,0.7094970559112244,0.2803338395179654,-0.056562402807612086,0.5591727470433321,0.3406924309247683,-0.046040448672376326,0.5788233247329022,0.2824988160810873,-0.11812730443191966,0.8196167661292943,0.12371372738679932,0.8037573692358017,0.5600715200490105,0.14516399658175277,0.37180959756688253,0.5955077909236056,0.11423309529825432,-0.029858126170727264,0.7321856768082124,0.11536285977865396,-0.03496570020496417,0.5445991034581112,0.062848625814621,-0.044758787224208334,0.6051099197961257,0.13587404922664326,-0.09243393469766356,0.8034032648388694,0.12731048780220502,1.354178661303301,0.6938735452826087,0.05509690115472722,1.5730078436485349,0.781235184941071,0.11691901415533343,1.4829993625485633,0.6625067160141788,0.3065855885236668,1.2982681815748016,0.7186062446270859,0.28412076721094703,1.2248848810822413,0.43245235086661926,0.28807996039633443,1.3843332408219189,0.32490426048871235,0.32399537396523326,1.4289044925739292,0.21331455824229167,0.3347901006183865,1.4369205747753464,0.22417737528009152,0.331439515095288,1.4225133488521742,0.20672868771611042,0.01793069160994652,1.2090134053516903,0.6749058555767397,0.06498994540256425,1.0045258246643314,0.5165084009863667,0.15777129415987598,1.152707780505815,0.40100164426899365,0.19437449258925737,1.2425849498981678,0.3398214498110439,0.19156348913691154,1.2432675680088292,0.32598520121066143,0.19283357011103813,1.2042187917262195,0.31969564713098847,4.645833333333333
0.3379490691608921,0.8257501677970454,0.5566984064416904,0.3039380808967444,0.3844763591038378,0.5848161383183733,0.30257295245033766,-0.02051468060774389,0.7116604082309769,0.28054220899586135,-0.05692030882389839,0.55905101161704,0.3404116461904591,-0.04760424423014201,0.5813499443061748,0.28263827938166647,-0.11807079679450447,0.8202298127689558,0.12142739592683223,0.8058759160676304,0.5582991979004159,0.14406182565710093,0.3725707007397333,0.5947726562247491,0.1135267702577411,-0.029555338219270713,0.7318209522678231,0.11554237266793532,-0.03596978037384117,0.5444932828580266,0.06285682622911913,-0.04505463597199868,0.6049848025849559,0.13492160140521667,-0.09183447314999865,0.8008693467458454,0.12833249967130417,1.3545051110801605,0.6943895729062717,0.05493534647921838,1.5728893559916197,0.7824735639693818,0.11814089351760801,1.4826710194137334,0.6604391483373707,0.3079830128192487,1.2977000755492216,0.7158891325292621,0.28370487467718836,1.2228522860322097,0.43215629468727657,0.28820494026867416,1.381991624231141,0.3246653005543254,0.3255184934043694,1.4282657113092623,0.21674525105871123,0.33529022833041255,1.436900555582151,0.22737020470515512,0.33080752772216443,1.4209624396624658,0.21127455690964225,0.018120860044239066,1.2179233421569962,0.6744274305274294,0.06459174034443213,1.0205020993277194,0.4989612182824159,0.1470683544550977,1.1875559050407105,0.39580539665646614,0.17962907885779641,1.2780590319670213,0.34403655001693734,0.17851480753118432,1.2815773742381664,0.3299181999014684,0.1775002281633084,1.2489912483911068,0.3174056240651729,4.666666666666667
0.3369591582555613,0.8277109045740655,0.5540099461529792,0.30342250068149335,0.3841571785293841,0.5876128853058868,0.3022809898832024,-0.021356105002889883,0.7142125110460991,0.2806328805862427,-0.05644715267622276,0.5585160609420482,0.3402862559284241,-0.0497063891888666,0.584630765726931,0.28287894728464685,-0.11836330718626419,0.8210216749001208,0.11904617285161626,0.8081368924845955,0.5566735815883447,0.1429460165682691,0.3731833293262234,0.594308641036875,0.11280057475735637,-0.02957026864339575,0.7316533596061444,0.11575839579294514,-0.037371443452882444,0.5443314222361962,0.0628209327561822,-0.04600921608762744,0.6046472873866349,0.13365302304484328,-0.09152841294586812,0.7985197212345787,0.12906267340022054,1.3546138816826687,0.6991317229385344,0.056223703574224,1.5732145536216209,0.781992674896092,0.1198955849459803,1.4821602868097064,0.6583966292575321,0.309401217510443,1.2976036453989501,0.713220881854423,0.2821916354517424,1.2203899498825028,0.4351824428035647,0.28834275517843194,1.3798168585978257,0.3242969164929864,0.32532773774416157,1.427897186915494,0.21759605771572688,0.3351594958551765,1.435631871929726,0.2288352025758727,0.33043366918778017,1.4194668769702805,0.21506541590361763,0.018596817456654605,1.2286486174606293,0.6738006017132484,0.06172789091591782,1.045274558814409,0.47720806313236197,0.13461295311938828,1.2268211661629531,0.38648134926118116,0.16420659171417812,1.3144182901251398,0.35393819623399697,0.16362774896234644,1.3232344574867563,0.3358110501141564,0.1604291796370649,1.294523597087105,0.31929524476852356,4.6875
0.3358000634849072,0.8295723292845011,0.5513426209579109,0.302902550842807,0.383885549760511,0.5904231218952467,0.30199290028967146,-0.02253324337216263,0.7170604339439766,0.2806280546069572,-0.055775864661371154,0.5580017333466142,0.3403854979138867,-0.05205398487166326,0.5881799815464354,0.2832526119518191,-0.1190304213763545,0.8221789063389433,0.11660169966680042,0.8104332850793543,0.5551911539707721,0.1419200686438724,0.3735307397988842,0.5941570571385244,0.1120682510592354,-0.02981391728902233,0.7315983407874492,0.11601130853497757,-0.0390344736199935,0.5441095859353795,0.0627276266901394,-0.04739060827304987,0.6042357400690053,0.1320545158062538,-0.09138633340427105,0.7963123525157659,0.12962931516963022,1.3545084225715656,0.7082542218787843,0.05957826780419713,1.5740356433463696,0.7802260103194716,0.1219241036003044,1.4816566604471864,0.6559387667824683,0.31060875294459483,1.2984138533401801,0.7109040817916457,0.27998155611141284,1.218118571807244,0.4405531737525047,0.28862536745925743,1.3781036627234176,0.3239675257231121,0.3243964516585359,1.4277272859644055,0.21656225383309063,0.3346743844307497,1.4333501707080738,0.22852810197657317,0.3306782638945075,1.4182478091341053,0.21776789082370238,0.019645342298568458,1.2398193542348392,0.6733123272189624,0.05687498949527213,1.0762523644157702,0.4553618338114873,0.12077984008989581,1.267875316325081,0.375820699962244,0.14936037759363655,1.3493811021571467,0.36512459584004986,0.1477006406694733,1.3654579246965595,0.34048822892036096,0.14301134994084128,1.338474805544949,0.3217324453503802,4.708333333333333
0.3345669438238893,0.8313111282969563,0.5487793425474516,0.3022913019730537,0.3833478545463898,0.5935420454520439,0.301676816572274,-0.02381883353711868,0.719952288987144,0.2806635791126898,-0.056005096563813125,0.5581885821108991,0.3406331875797147,-0.05432140945715534,0.5914988923868953,0.28371855281899927,-0.11986184207454104,0.823695817582282,0.11413121902659361,0.8126957365502059,0.553799470448552,0.14103435175566503,0.37361676095848645,0.5943882242311768,0.11128046865567555,-0.030067632290990742,0.7316776113679134,0.11628221196845706,-0.040772633889074136,0.5438601928499313,0.06259187492962064,-0.048919639116938946,0.6038314306568605,0.13017036644633795,-0.09124058547981836,0.7941014023716748,0.13043642636151415,1.3546129008794132,0.7205347087344318,0.06472844174963067,1.5754761255141183,0.7784021969191601,0.12398778230734497,1.4815525435599168,0.6536456261728512,0.31146283056172464,1.3001067493341916,0.7092867013116716,0.2777721906092999,1.2164831713417563,0.44728028257013536,0.28911860748212,1.3773158079320256,0.3237967429045878,0.3241294532047776,1.4279280586956826,0.21466447709955508,0.3344105864375459,1.4312148604670674,0.2270555202834078,0.3316963593218787,1.4175336226927637,0.21978412998325952,0.021129018954050404,1.2499840251968282,0.6735881126387595,0.05081625015325042,1.111001320428115,0.4358618459599387,0.10670228595840887,1.3089301022891804,0.3652954305435347,0.13620058526309747,1.3830181271532254,0.3724383816938796,0.13232094213862075,1.405934117295132,0.3420730913899163,0.1273032363290632,1.3802063239220657,0.32070995184448736,4.729166666666667
0.33336226287967,0.8331151615608127,0.5463852398355102,0.30153005996156057,0.3824898632756124,0.5967185488313095,0.30130721172280994,-0.024975449727077742,0.7226592595755712,0.28085525752754936,-0.05757047230243559,0.5593956458139729,0.3409425129144792,-0.05618742421461022,0.5941228019437265,0.28417104990122116,-0.12063034973442559,0.8252997781456645,0.11171559952969178,0.8149122446534569,0.5525372185669449,0.14025857668428895,0.3735719633776567,0.5950252293751107,0.1103839427092974,-0.030167584909123496,0.7320365028762412,0.11653442310909151,-0.04236106743385013,0.5436346832357726,0.06243534356275901,-0.050415646385378786,0.6034476734858238,0.12812690695745807,-0.0910775014411562,0.7918123380430295,0.1318446712243489,1.3553548182462642,0.7330265405921313,0.07115299635777333,1.5777166461976262,0.7772885615700775,0.1263652701469938,1.482187533483266,0.6517894137479322,0.31200156364735243,1.302300710797693,0.7086775347799357,0.27632897235046194,1.2156836126024755,0.45383887247253274,0.2897419989515361,1.3778634893926653,0.3237963292793283,0.3255249768229437,1.4287982559830192,0.21309778168433155,0.33486564171616173,1.4304577877801758,0.2253402088326028,0.3333637162329487,1.417494386333384,0.22105449262838806,0.022721364079707783,1.2583860682210308,0.6750321594020792,0.04466496729489359,1.148632974287558,0.41948889915102144,0.09401490019144265,1.3486233384754045,0.3547294863589713,0.1260784623136064,1.4164411780792228,0.3725221421871798,0.11962353041451344,1.4440472433344114,0.33951204371379096,0.11556645272729274,1.4193399455576228,0.3147387176543229,4.75
0.33222707921373756,0.8349979371265406,0.5443079912093913,0.300696238681219,0.3815056231259654,0.5995115467135764,0.30086377963582267,-0.02606616152899903,0.7250891370065065,0.2812148600020422,-0.05999239291939129,0.5614164780734233,0.3412690368552781,-0.057382506305401156,0.5956302490572601,0.28452377331522655,-0.12129371225772553,0.8266831296601386,0.10950210656656317,0.8171120855273268,0.5513685289657984,0.1395641198272067,0.37341626637188896,0.5959980013895749,0.10936483107265782,-0.03014034848910306,0.732746486949456,0.1167218066628481,-0.04356339856712515,0.5434771206697379,0.06227344309959773,-0.05172451307913583,0.6031098149135677,0.12599740747939306,-0.09104086501299885,0.7896405119042526,0.13411452548137925,1.356658616656735,0.7425526250471217,0.07843324864759266,1.5805931703375409,0.7768060395276805,0.12935796446726927,1.4837303435972582,0.6497240168523086,0.3123241457550285,1.304672146662566,0.7090726774927137,0.27591983648008506,1.21560308793664,0.4582999532999089,0.29036338096731806,1.3796706711026014,0.3239272565493575,0.3285741152447471,1.4303607886785552,0.21300686997450674,0.33613010043060987,1.4312210222722792,0.22400729144388207,0.335460735590985,1.4182884499967656,0.22049095637510957,0.023974637248354094,1.2646964604856055,0.6774660468589216,0.03952579096395563,1.187471771253467,0.4067579070834419,0.0840765695939742,1.3851563849776918,0.34411318651001177,0.12046119529301019,1.449202598614613,0.3648071252498062,0.11181639599752272,1.4791184652748763,0.33219426067495333,0.10953179161567565,1.4544844593831332,0.3045260500778404,4.770833333333333
0.3311209314366647,0.8367444264049977,0.5427616099679402,0.2999508942332481,0.3806735630400886,0.6017249862460251,0.3003453788502727,-0.027278511748963674,0.7272089482792494,0.28169122728851703,-0.06267144333161642,0.5638635843212406,0.341600286013906,-0.057784456535797626,0.5958643604950927,0.284762675312743,-0.12189460640717918,0.8277284289891397,0.10766678099741865,0.8193314175736881,0.5500567559947399,0.13894330611584713,0.3731092627678666,0.5971309882992245,0.10828989126673022,-0.030115806563149813,0.7336595728256349,0.11681602924549023,-0.04423063315435906,0.5434053489755807,0.06212815525188833,-0.0527064148489222,0.6028602861784367,0.12378301818888404,-0.09126187308327693,0.7879642229702915,0.13723770830262683,1.358143722997276,0.7471051327004818,0.08601952141930176,1.583599466174737,0.7766262679619884,0.132737071212631,1.4860973143403218,0.6468948207335582,0.31247138777319183,1.307080313659379,0.7098968777595266,0.2761208275106761,1.2159545000989698,0.4596698824429831,0.29090806945231834,1.3820711438297124,0.32416980324095984,0.33244024488696,1.4323057754511934,0.21518117064631476,0.33796895489100093,1.4326930933093385,0.2234187936827844,0.3379704058969927,1.4199002866955925,0.21712355272915293,0.024257150265066238,1.268467756251928,0.6803260929569621,0.036071825736511035,1.2233958368103324,0.3983748429920819,0.07755950689258045,1.4162177895959789,0.3347218631347536,0.11997410710566062,1.4786332563187823,0.3514341612169687,0.1101525597515822,1.5088198265016315,0.3210199036496263,0.10952338966928306,1.4833962832476535,0.29167724082106394,4.791666666666667
0.3299998413606084,0.8381637699643396,0.5418471836417609,0.2993838004468906,0.38016872682740244,0.6033397808422523,0.2997788096923196,-0.028575512560653174,0.7289861578467999,0.2822219315055646,-0.06529146530223898,0.5664066456955057,0.34192308355392714,-0.05752808542090374,0.595289584656506,0.28491203112296604,-0.12236561271288862,0.8284625431380216,0.10629092035244865,0.8215628312526135,0.5483943612989095,0.13835891975815603,0.3727566507362485,0.5982079925043599,0.10728788915734609,-0.030265256949841737,0.7345750647917882,0.11683004349755846,-0.04442018313296051,0.5434041951297062,0.06203450548729679,-0.05326874811633046,0.6027203935368868,0.12160972158939572,-0.09169709665744177,0.7869449363361525,0.14077217265342412,1.3596236019717896,0.7462147499752432,0.09316625306232577,1.5863105146517085,0.7766921144885811,0.13598856599120696,1.4889589601982514,0.6436240194946948,0.3125055339473761,1.309329015210404,0.7104430319421761,0.2762911654141898,1.216500985075453,0.4584423692645396,0.29143480660661486,1.3841490770209288,0.3245310544382912,0.3362963017591468,1.434322583335251,0.2197089468899425,0.3400732678820414,1.4341268372117693,0.2236970329973184,0.3409551252805735,1.4219036765171285,0.2114620962353611,0.023216394567594556,1.2695087424094114,0.6828892191797669,0.03420174201806581,1.2523549494582922,0.3944257569434588,0.07453407628518352,1.440048299776271,0.32778857650549487,0.12363093059278743,1.5017215182320403,0.33634399508620694,0.1137913145323716,1.5309717375720444,0.30857334834196687,0.1140139767089291,1.505041001042269,0.278108273095708,4.8125
0.3288816839908962,0.8392055028249324,0.5415245888008031,0.29898250143339866,0.3800013039102425,0.6043679211857169,0.2991892964346527,-0.029651231528283056,0.730410968943138,0.2827498342092825,-0.06759088332359675,0.568738135297545,0.3421620399581962,-0.05695638732725557,0.5946698730796908,0.284987752056519,-0.12256879494158496,0.8289421528444152,0.10522732114618842,0.8237711616512512,0.5464225497793368,0.13772401201751616,0.3725343234698975,0.5990783518652573,0.10645266218732313,-0.03068158078193861,0.7354048423799516,0.11680163053140834,-0.04434446143158252,0.5434425626880165,0.06200746712395214,-0.05338845804011234,0.6026838437889815,0.11973184701015305,-0.09227447298209107,0.7864766478026985,0.14421109153691972,1.3610866909591237,0.7413313013387808,0.09905710621371266,1.5885498967311438,0.7771954767255399,0.13877356055580295,1.4918074131528065,0.6403741084010987,0.31252784707081505,1.31099421861809,0.7105832580195869,0.27608197911099835,1.217046292599701,0.45605411461513307,0.2920773880254301,1.3853006401970702,0.3249703294769636,0.33953576502513794,1.436298640046098,0.2254986906883077,0.34216986956567136,1.4353622925510856,0.22419861916517267,0.34414420516049854,1.423765641128218,0.20496564256775845,0.021303086096050146,1.268586756693917,0.684693868701638,0.032940523747819236,1.2737950870689672,0.39353573426708366,0.07473242101396943,1.4571313218066078,0.3229064396064,0.1296343644998977,1.5176252725416683,0.32307978436160456,0.12054040040947654,1.5458832354493712,0.29745009374567255,0.1203632782512406,1.520870059673245,0.2654628808167905,4.833333333333333
0.32780713548612866,0.8399081263772736,0.5418179614375411,0.29871085272326836,0.3801572635893158,0.6048087647282524,0.2985869878940891,-0.030205884303884933,0.7314755591670602,0.28320751733102045,-0.06922161200800464,0.5705200636213217,0.34225896659361543,-0.05642585246336436,0.5943611576974112,0.2849931908621799,-0.12245477034298227,0.8291962392569434,0.10420387829619354,0.8259230128818854,0.5443672567627966,0.13695883936909203,0.3725369959417725,0.5996933736490635,0.1057964811420743,-0.031206461273250136,0.7361266845855389,0.11676335309152336,-0.044210451372948704,0.5434933462259114,0.06201614529476146,-0.05321285804696682,0.6027156350959663,0.11827877906911871,-0.09304326413521355,0.7864836350472376,0.14743923008459506,1.3623565355742406,0.7352705396511069,0.10322785397362039,1.5902906445686882,0.778119167432171,0.14104515185661726,1.4939331914703928,0.6369853145271337,0.31256328438405045,1.3115868431211775,0.7106070576188569,0.275518611032433,1.2174763261441583,0.45377114101317184,0.29287153112580555,1.3855361158759858,0.32537498678622534,0.34144862398559006,1.4381565907318365,0.23078464409751018,0.34401252221096534,1.4365133242843324,0.2237672657693993,0.347072785049248,1.4253618192729949,0.1984580430367308,0.019436070948467485,1.2671653085568553,0.6859792808990732,0.031323839577698416,1.2900063226874485,0.3936159490190425,0.07771915022268869,1.4695557483103319,0.3189454747181083,0.1369852357701261,1.527365999498266,0.3133362705112644,0.12894181055027698,1.5554063084902043,0.2887586138543759,0.12638276494340311,1.5325385807617886,0.2552033643166203,4.854166666666667
0.3267864011275027,0.8403595479196683,0.5427235688479433,0.2985408939766938,0.38066017547226433,0.6046909984869829,0.2979739658198743,-0.03017485113261477,0.7321186596580775,0.2835007399294828,-0.0699252132799961,0.5714842144758251,0.3423105163593835,-0.056153047546610636,0.5943305404795934,0.28493191872104556,-0.12208096105765169,0.8292114797880284,0.10313904677816134,0.8279426823727041,0.542581558377641,0.1360792272896964,0.37277517742420974,0.6000727051657144,0.10528686750308845,-0.03151076224024846,0.7366976859523614,0.11673626366754983,-0.044142071307178926,0.5435345822757266,0.06201981916001946,-0.05302528020286118,0.6027641853831514,0.1171766708072568,-0.09401863222721836,0.7870722135481051,0.1505681584161785,1.3630499636724216,0.7303648878644622,0.10621008841996933,1.5915867208431331,0.7789998042000226,0.1430411951579301,1.4946204036851438,0.6332334710072316,0.31257514354374794,1.3109951947972724,0.7106392642622033,0.2747933772798876,1.2178735454459657,0.4517664486094227,0.2937399438430889,1.3851657789124787,0.3256915808969161,0.3415612085367562,1.4395639025332576,0.2346172453760482,0.34533311826939816,1.4374124463151483,0.22212693332055286,0.34960620605790954,1.4267977948673167,0.1919965036146609,0.01826107655136211,1.266346839039616,0.6874983911983574,0.0294470616660035,1.302629445894624,0.39350803002581397,0.08279657238458832,1.4783486827171837,0.3159493116983408,0.1456025290905792,1.53144496540926,0.3074008393436226,0.13888294274063195,1.5604193587092576,0.28228881447958365,0.13138416588539018,1.539568845758059,0.24865440595207106,4.875
0.3258325935032495,0.8406229363315834,0.543938162125305,0.2984510634378532,0.38144635500139723,0.6041737342985078,0.2973481752712502,-0.029640011096346702,0.7322581160301747,0.2835671953641059,-0.06982375906377228,0.5716532655725487,0.34244327464467533,-0.05619833886242073,0.5945231855278317,0.28480621125857486,-0.12145828665345053,0.828981793430097,0.10217828277010367,0.8296944135804372,0.5414194575325161,0.13515301430681964,0.3732467981473922,0.6002275130758943,0.10489342572414226,-0.031365295405338486,0.737049579705416,0.11673197332200416,-0.04415892078199551,0.5435432550972723,0.06201110825085857,-0.05297292935083626,0.6028048633526238,0.11631376846990661,-0.09510960461352932,0.788420151380751,0.15345224760483933,1.3628587609218734,0.7277763543458826,0.10910543944080787,1.5924942315084027,0.7794532989916483,0.14506263874904785,1.4936131142719296,0.6296225527465984,0.3125541686398825,1.3097090987213553,0.7106135908955872,0.27407355428682373,1.2183747247812322,0.4497038388019166,0.29459437052000736,1.3842741754455756,0.32597767002913014,0.34018671563057234,1.4399343228469914,0.2372586024298381,0.34591429765398163,1.437614272055902,0.22035296308127883,0.35179628522667983,1.4278336531057376,0.18606725732266843,0.01800489613149655,1.2663206163189147,0.6900663161618736,0.028131848970397867,1.3111817991782955,0.39334399136670806,0.08894660659427693,1.4831349962224298,0.3149428175981045,0.15520593038869526,1.5299277613514215,0.3047164867253885,0.15029548590071834,1.5608557767356286,0.277744246629527,0.13582866517807132,1.541155621197027,0.2456685588087092,4.895833333333333
0.32500586318802516,0.8406974932443462,0.5450470526368559,0.2984667052261914,0.382333967923914,0.6034740495727253,0.29670607205620814,-0.02866989297818745,0.7318773112607329,0.28347751304821656,-0.06942508836745444,0.5714202981580385,0.34263731189386626,-0.05652391238980895,0.5948801366838558,0.2846189028229054,-0.12050636946140353,0.8285334137303444,0.10141516647032336,0.8310636583179781,0.5408853602391004,0.13418003671960363,0.37397974492672914,0.6001188247184707,0.1046253528959075,-0.030814116636237246,0.7371606616187889,0.11674973480137153,-0.04416470350178979,0.5435154201437598,0.062004521516636914,-0.052998006643107234,0.6028448164665148,0.11568816209187867,-0.09622358305742648,0.7904509439835654,0.1556885882869333,1.3619002599851282,0.7279615729790325,0.11231931292642597,1.59310613362347,0.7796669983557221,0.14708799093290853,1.4913207020151642,0.6271238312762616,0.31252336526740326,1.30840848451737,0.7105037463261183,0.27346415031317095,1.2189184817261594,0.44765837950923626,0.29534593098609185,1.3827563079012377,0.32623888270194124,0.33819280800377477,1.438907787560289,0.23947538763261675,0.3458299960975549,1.436934043554032,0.21956321594448058,0.3533864861153018,1.427943416801145,0.18197946267998324,0.018692661933378346,1.266752181977259,0.694094214905723,0.02793711344474669,1.3146917699640306,0.3938138170611738,0.09515285682463381,1.4839488855012635,0.3164571002418302,0.16487902573959604,1.5241058787373576,0.3042349789604932,0.16204439026604467,1.557425242076408,0.27510206620109406,0.14024675928768668,1.538437445120416,0.24448302087807003,4.916666666666667
0.3243787065294503,0.8406303036145011,0.5458929321557389,0.29863636975129276,0.3832071679075902,0.6026696028609759,0.2960655642832173,-0.0273497296492671,0.7309931400522626,0.28337799005301345,-0.06921140122956992,0.5712346582303077,0.34277998408629984,-0.0569743140807752,0.5953359840324086,0.2843786320651141,-0.11922236355512641,0.8278608547571938,0.10082974347982214,0.8320539274746892,0.5406908446221317,0.13310524745215296,0.3749682881163937,0.5997328931277888,0.1045313259015173,-0.03007133745902732,0.737105868063165,0.11677679401035657,-0.04406615486641916,0.5435034772580593,0.06200842801674113,-0.05302612957315136,0.6028883493600063,0.11538801275793938,-0.09720266087573592,0.7926875278439778,0.15713384669413377,1.3606648234523646,0.7304059402787284,0.11549225069222122,1.5936603081014904,0.7800687413154951,0.14890785608885665,1.4885684360876132,0.6262842649818464,0.31251302949664245,1.3074279307145475,0.7103395254160366,0.2730378900707173,1.2192053721678082,0.44604119337528114,0.2959116608373778,1.3807089710465763,0.3263508960722742,0.3363856650396476,1.4367792411332843,0.24176598095406007,0.3454510138806422,1.435638942064999,0.21983287012801994,0.35395527016862605,1.426807155043447,0.18103141985932614,0.020207650710915792,1.2673835270084242,0.699103651542944,0.0289553932589285,1.3140369750601488,0.39527491293199213,0.10072695730231734,1.4820727133165708,0.3198750759335276,0.17353693811753618,1.5164917893607999,0.30491572640299414,0.17241573242423436,1.5520920319369853,0.2736956887868346,0.14460179258074735,1.5337395118062924,0.2436457935133404,4.9375
0.32397709239878164,0.840539169906518,0.54658205532422,0.2989255673094376,0.384158589721565,0.6017201358275892,0.29550512268791196,-0.02581758619663102,0.7295630074814781,0.28332952509143366,-0.06930274493508698,0.5712267977900792,0.34279150900598,-0.05729005187902757,0.5959062617197733,0.2840823207007814,-0.11772723105685141,0.826912383131182,0.10045151752845102,0.8327603421521678,0.5408215050444042,0.13191090328594812,0.3761255031046368,0.5991426741018453,0.10462877433490955,-0.029244989716601957,0.7369780423905015,0.1167979423567885,-0.04398979081127589,0.5435851989209008,0.06202112702601774,-0.05304728546591278,0.6029309200975833,0.1154640252049113,-0.09775679191382121,0.7946439319636857,0.1581667615837675,1.3595142761582355,0.7335939827557906,0.11833460895722386,1.59429978936894,0.7807699633101955,0.15049359233755288,1.4861437814525995,0.6268401062868182,0.3125432460757426,1.3066668020437873,0.7101354231103448,0.2728479588297547,1.2189350251470952,0.4452380155667751,0.2962055185997836,1.3784416295274597,0.3262165800618746,0.33511505736733227,1.4342093586939224,0.24366888540613493,0.34508095606129746,1.4340472154745576,0.2206568636760447,0.35333461563793755,1.424399250584265,0.18354696433995576,0.02232552107166179,1.268207006882836,0.7039395563514175,0.031082914615860734,1.3116925989262653,0.3973392578559683,0.1052990269628539,1.479265509555398,0.32379621088954136,0.18036906650290918,1.509561482512537,0.305741530750336,0.18034267335076584,1.5470440920240478,0.27221585048914865,0.14845609980832064,1.529040562810631,0.24289968388722277,4.958333333333333
0.3237401304743287,0.840484638571178,0.5471999902090713,0.2992450044002837,0.3854022290307362,0.6006066126651329,0.295130581299245,-0.024137703946537373,0.7276077914697212,0.2833202532363585,-0.06951521675838701,0.5712833036044809,0.34267077297741644,-0.057293263634974514,0.5965939285642254,0.28370991426612807,-0.11616695284772621,0.825657288280321,0.10027959984391314,0.8332615118460509,0.5415470263034047,0.13064501151636887,0.37736499591675887,0.5984240197097506,0.10484665848761114,-0.028225353018804203,0.736749465644148,0.11680351854423096,-0.044131250552329415,0.5438052226773958,0.06203781667961048,-0.05307107868684376,0.6029694358813065,0.11586698857161044,-0.09769378087899258,0.7961457478547416,0.15927249338642135,1.3585166630691872,0.7361331388666994,0.12072013050343434,1.5948264003654518,0.7815238281460026,0.15187481120360957,1.484346252244818,0.6281927751922368,0.31261323904085003,1.3059183659026385,0.7098787050139361,0.27289514182844776,1.2180555710259342,0.445329429496918,0.2961265268793054,1.3762022635450983,0.32586300634901133,0.33428036687824925,1.4316458527548037,0.24405760782861713,0.3447500368588068,1.4322431968417095,0.22179184683831693,0.35172571350516946,1.4208838480077854,0.18864115620197267,0.024797832370446898,1.269256880197049,0.7075897552402429,0.03398538880392056,1.309242785826262,0.399431889612255,0.10868523710479541,1.4766229466453806,0.32689780726743506,0.1847365954516476,1.5046067044428122,0.30593699735515556,0.185443922878165,1.5434161978091474,0.2703164356858362,0.1513582632077913,1.5253111855762085,0.2423853438690898,4.979166666666667
0.323552451249774,0.8404751830860548,0.5476243407297274,0.29957539220747315,0.3870399217892059,0.5992927933062158,0.29497915262413094,-0.022281305280927546,0.7254528771308231,0.2833668393359293,-0.06957477196150373,0.5713248480308889,0.3424908801376555,-0.05695957523518964,0.5973019317374306,0.2832719309572077,-0.11467658746302528,0.8241099239415363,0.10011432113524649,0.8335934586161999,0.5428333046338472,0.12939676582335058,0.3786699493639096,0.5975611493401587,0.1050941648327381,-0.026859005630601937,0.7362682349169366,0.11678517461557099,-0.044368918570425055,0.5441820492510324,0.06205388804155444,-0.05309722105092159,0.6030006066316358,0.1164975508369006,-0.09711241268271648,0.7971363887966341,0.16051837569001415,1.3577343216972135,0.7375209320371506,0.12243172124206238,1.5950312139786214,0.7820551797899291,0.1529840251698985,1.4828769126588335,0.6299512326204821,0.31271345637683706,1.3052517207843553,0.7095653814703985,0.27307866901237915,1.2167152030335704,0.4459040863588757,0.29574123424895443,1.3740227000397152,0.3253586098522268,0.33374639586005184,1.4292986883518952,0.2423335960191228,0.34440446459349905,1.4302421893955009,0.2232833611549026,0.34958750113779535,1.416656770688845,0.19494304346571406,0.02736070675771865,1.2703863416702454,0.7094957774412315,0.03708779084910494,1.3067072973447216,0.40135538345336047,0.11077205503658846,1.4743534371608493,0.32865576081505066,0.1861823474147593,1.501602054999071,0.30552991688830516,0.18723621749956365,1.5411905861283783,0.2691636345623809,0.15290088017206505,1.5226724224500767,0.24204154800066674,5.0
0.3233670724921557,0.8405388904301119,0.5476778997597926,0.2999640573845851,0.3889239579275139,0.5976658456234668,0.2949864766756274,-0.02034785909853809,0.7235827769896095,0.28349454401332863,-0.06923000117167621,0.5713689573679608,0.34233538600600455,-0.05630984593525577,0.5979425215560404,0.2828365817190993,-0.11333479624238561,0.8223651198467389,0.09976802524002995,0.8337567860891479,0.5443125125579287,0.12827142768303193,0.38005980198972555,0.5964744899608893,0.10537372474804921,-0.025217857704806224,0.7354297458895707,0.1167365358176112,-0.04439056457574433,0.5446681894817298,0.062067006110692866,-0.05311624570117414,0.6030191120564425,0.11726059661515309,-0.09625424795323562,0.7975377670009499,0.1616419285369364,1.3572930456248549,0.7379186956101705,0.123340108476131,1.5950446608141196,0.7822400626966217,0.15381534379653566,1.4812969227696322,0.6316824011653238,0.31283529556522705,1.3049681472856256,0.7092362654056082,0.27325443068967703,1.2150664036320995,0.446370611904888,0.2953715394515124,1.3718318126933455,0.3248006332243025,0.33358948018542395,1.4273828354856144,0.23894071083637183,0.34412837342043084,1.42821731101631,0.22487124498010705,0.3473880969534152,1.4122504559561393,0.20139384508139252,0.029704814816788133,1.2712741251962094,0.7093781805801587,0.03977052986418754,1.303940508750447,0.4031877173872861,0.11158408350837497,1.4723914267327796,0.32926789763395203,0.1850821921792704,1.5000527392318648,0.30491319514658666,0.1857448600652038,1.5400261902427501,0.2693705317386714,0.15293370597195122,1.520948812884858,0.24168347145204544,5.020833333333333
0.323249994804641,0.8406365861521667,0.547354377828292,0.30043657096478926,0.39081224600039627,0.595711922441855,0.29502613385397,-0.018587889570057303,0.722185303779487,0.2836884214905264,-0.06826434401871523,0.5714750464530038,0.3421767701615569,-0.055445251223814815,0.5984940249471551,0.2824639940523307,-0.11215606681335842,0.8206500155949585,0.09932441252418545,0.8337183889066273,0.5457669786934773,0.12736145916169547,0.3815309066840168,0.5951121768545292,0.10576271189513106,-0.023593214850214192,0.7342719918513257,0.11666163450838618,-0.04405851601783201,0.5450487687410172,0.06207889913284574,-0.05311434583842415,0.6030211888116946,0.11804248576438789,-0.09524653254765357,0.7973025442359125,0.1624848979599922,1.3571604306457843,0.7378489694147203,0.12354155390545747,1.595071139221782,0.7820859588679734,0.15433445092157544,1.4794869932553314,0.6325450527404242,0.3129504002659274,1.30521810451963,0.7089622491437139,0.2733587538181976,1.2132134517820974,0.4464846169300596,0.29528010335148436,1.3698138247486333,0.3243518026643311,0.3337576446526137,1.4260582929209866,0.2349224865151712,0.3440943221190178,1.4265210079738322,0.2256836297624735,0.3454135414569848,1.4082301327010074,0.2072422098599968,0.03153782860288471,1.2716420997988942,0.7074186034431413,0.04152665947763957,1.3013265823601055,0.4049100456515274,0.11162031388066428,1.470870957792015,0.32881064140489846,0.18291716266369962,1.4995229685517764,0.303957764896012,0.18268266561643426,1.5395969776649978,0.26939027184262565,0.1521590037492098,1.5197638912136,0.24120406778634876,5.041666666666667
0.3232852649431263,0.8406433401850818,0.5467632198103638,0.30095054602326304,0.3925470106758355,0.5937048994706685,0.2949809256816753,-0.017128167745746367,0.7210872066598005,0.28390558416213413,-0.06663800137907466,0.5717082757375981,0.3419739102492404,-0.054575865669836084,0.5989402085492922,0.28214770463808425,-0.1111528228689369,0.8191834137778014,0.09897910223428062,0.8334729056559375,0.5472019554771035,0.12671163401749744,0.3830368789198747,0.5935449412243905,0.1062750835919291,-0.0221560847245863,0.7328567078108126,0.11657636333646762,-0.043442132819438664,0.5451297640636582,0.06209073892079617,-0.053091005534191535,0.6030086536595927,0.11870596751069912,-0.09403819236931445,0.7963578054317538,0.16309843381546663,1.3570950817341454,0.737893189879185,0.1232844721539607,1.5950443433134975,0.7816812586443587,0.15429010981946562,1.4776132613688369,0.6320910560079799,0.31299317739028004,1.3058501523352775,0.7087973474481902,0.2734113530812105,1.2112596262008348,0.44635310681713214,0.2953784582850821,1.3685547784647434,0.3241400334666905,0.33379804302912625,1.4253171806459137,0.23126974282557758,0.34430751888004063,1.42550866573212,0.22513358215418863,0.34385483727130306,1.405304693794903,0.2118481244615322,0.03272409151667645,1.2714568809037332,0.7046307172391895,0.042291155071880165,1.299368953096644,0.40606834132164926,0.11185551846777034,1.4698784716926725,0.32694220823210274,0.18157717959386982,1.4994335299771362,0.3020910361200093,0.18079344246536794,1.5393665136976689,0.26715672156647496,0.15212590589332636,1.5184682337431838,0.24037543177140192,5.0625
0.32350435284250223,0.8405126460062924,0.5459400589973453,0.30141403649754583,0.3939717303243502,0.5920389160413735,0.2948154102932962,-0.01592099433288907,0.7200979727386061,0.2840932725755818,-0.06472048778396669,0.5720735744979708,0.34192123849782663,-0.053897526761446816,0.5992272042639833,0.2818576113098931,-0.11033128142304872,0.8179878726719051,0.09880113938801326,0.8330746105145767,0.5485716360035562,0.1263203157271436,0.3845027096668258,0.591986680859758,0.10680045565638413,-0.020860037828880046,0.7312404137749637,0.11650531221446567,-0.04274436125901104,0.5452536250980935,0.06209332041759284,-0.05309919302151477,0.6029955712868504,0.11917690108588998,-0.09258712116079873,0.7946921921898178,0.16355412874989483,1.3568436005411955,0.738199892962731,0.12293713882318998,1.594791312084887,0.7811081406736757,0.15352206060491552,1.4759411461589855,0.6311611368016357,0.3129208621421633,1.3066359276630637,0.7087423176612384,0.27343694400684915,1.2094383306367629,0.44612066765674163,0.2953403407202633,1.368563795615018,0.3241650723659529,0.333225294817331,1.4249325478596617,0.22853072571748131,0.34447164787503187,1.4252487833865386,0.2241345740362225,0.3428686143416284,1.4041624457809867,0.2149236578267194,0.03337034836911608,1.2709085723429905,0.7026308107377137,0.04256885584263913,1.2982595685280447,0.40602503998653117,0.11315526132549697,1.4689596105622007,0.32368136440553824,0.18252231931545038,1.4991072592655776,0.2988174175557482,0.18214282539889673,1.5386759562854337,0.2621608427691945,0.15424663076190157,1.5165603675722303,0.23833316870078122,5.083333333333333
0.323899812311799,0.840341915735453,0.5448311751641992,0.30175993415977753,0.3949260134197139,0.5908883719933873,0.29458330467232624,-0.014957567077672332,0.7191868956195827,0.2842067859787167,-0.06318282436894089,0.572431160682828,0.342338838444056,-0.05363486334082954,0.5992377682390011,0.28159018701189115,-0.10966495615246075,0.8169859971169733,0.09876460611448241,0.8325852185054508,0.5497544316463109,0.12616795247490056,0.38581350942185483,0.5906317274242936,0.10722646000080287,-0.019716548463985295,0.7296200440883465,0.11647077795638697,-0.042189884820552234,0.5461637137169317,0.062075512306490166,-0.05320825856907153,0.6030027176403635,0.11947835963276983,-0.09102475370191589,0.7925388832783966,0.16385295637533337,1.3563022882339841,0.73839945110091,0.12276985016422685,1.5942843044692045,0.7804350747995135,0.15219327384262402,1.4747551390368865,0.631004218511654,0.3128252099100399,1.3074277236432044,0.7087243437358621,0.27344257070216,1.2082211845895843,0.44586982910256134,0.2948827751688619,1.3697846442850237,0.3243134970131336,0.33194122980398855,1.4244935171634132,0.22693459368216135,0.34413824470426424,1.4255742280939006,0.2241853798898309,0.3422969850845374,1.405020231456153,0.21647281540171923,0.03377827377896944,1.2701843711554508,0.7026443723236038,0.04289389756671268,1.2978883286726997,0.40473778462122484,0.11585670935520057,1.4673626623852927,0.3196274830685025,0.1863527735839302,1.4982552417093453,0.2938105662675934,0.18729490389084116,1.5373156871113864,0.25492831622628703,0.1590518362671745,1.5140844051214946,0.23384946579161087,5.104166666666667
0.3244309676021556,0.840255949977881,0.5434753744124865,0.30199305292362794,0.39542219157223685,0.5901653207409729,0.2943499274621109,-0.0142971845202077,0.7184287536492969,0.28422424550695397,-0.06254621791032497,0.5725665021342925,0.34332873736616043,-0.05391892252101009,0.5988480051141513,0.28135703307956583,-0.1091529312677121,0.8161840387852131,0.09883818011112869,0.8320222492063939,0.5507072254099586,0.12623956536032083,0.3868192461302362,0.5895015875803312,0.10755410254459144,-0.01884125589440884,0.7282639554805753,0.11646854484365605,-0.041790094331419024,0.5479433541017624,0.062055718772143914,-0.05334603596575232,0.6030241694379835,0.11967365758038277,-0.08960042566457382,0.7902776080292301,0.16399991515465917,1.3555404009176408,0.7381135174340048,0.12274556199499437,1.5935812688720825,0.7797631819088116,0.15055236861473886,1.4742975716192557,0.6319627491941893,0.31290420216695036,1.308037932609037,0.7086305275216025,0.27344007115391494,1.207950513361782,0.4456438619100531,0.2939336384949802,1.3718350168890767,0.3244212775780976,0.33011640956286137,1.423843546773088,0.22671535276767193,0.34296031681325234,1.4265142567379328,0.22518232331933807,0.34170639352000465,1.4076249056231709,0.2163270935059061,0.034253391149865337,1.2692704198229974,0.7046514903193106,0.04342509261353148,1.2980042909507996,0.40282855914322735,0.11970760400526888,1.464948799653848,0.31540865899828846,0.19261406398978068,1.4970970214012622,0.28714774670181303,0.19548952042898016,1.535729626272631,0.24620556764528578,0.16627456020064732,1.5114253110069382,0.22670076761452526,5.125
0.3250194665270981,0.8402206857006942,0.5421206975931935,0.30214540445735816,0.395586700393733,0.5897763123675545,0.2941244801696303,-0.013977438820039823,0.7179369608970868,0.28413216597742114,-0.06278715629031434,0.5724147904375422,0.34461831469945914,-0.054383493680212176,0.5981102241212164,0.2811657912575716,-0.10890387578441774,0.8156493899437224,0.09895816273812744,0.8313621071602909,0.5514568258611784,0.1265486889723884,0.3874111155858747,0.5885397133819694,0.10784027224460414,-0.018282340949504344,0.7272694903964987,0.11646164519813833,-0.04141655176848014,0.5497124802598403,0.06208163385326981,-0.05328292471795653,0.6030194246311198,0.1198323735305164,-0.08858912623188911,0.7882472531995093,0.1640220731648921,1.3547356005773663,0.7375725227258916,0.12272170375378058,1.5927369716120239,0.7791833378120085,0.14885505200568966,1.474674815275721,0.6336622980975656,0.31327382620073196,1.3082609319671974,0.7084248330663598,0.27345601246868867,1.2084242077481608,0.4454525871910924,0.2926218197785111,1.3744317941045618,0.3243837423593547,0.3279286838153047,1.423340922628904,0.22789776701342002,0.3409118414190311,1.4282459353594792,0.2257384826763722,0.34100656763258286,1.411513928144708,0.21440342974278823,0.03488983124190134,1.2680425460598428,0.707682034321625,0.044211762271499075,1.298188802845696,0.4008679526117826,0.12381678959105746,1.4625373055526938,0.3117454748550061,0.19973075057228648,1.496029193609638,0.27998690502387535,0.20483177563809535,1.5344891229511965,0.23796911622264544,0.17471990112383745,1.5089591201523949,0.21865938803024804,5.145833333333333
0.32560203779605884,0.8400028855730722,0.5410288814286863,0.30221956162958397,0.39539601415409836,0.5898302840099167,0.29391001508428666,-0.01407110054963781,0.7178144382463092,0.28393410803055597,-0.0633418786990886,0.572106935930182,0.3457119616097075,-0.05446616478464738,0.5973601312945579,0.2810370629072683,-0.10907377153090135,0.8154343625551693,0.09903422389217274,0.8305772661895909,0.551963180594726,0.1271381594170894,0.38753349742708126,0.5877566063907806,0.10811095511691872,-0.018041859420893827,0.726551852784588,0.1164138122132173,-0.0411228310106582,0.5506214258975207,0.06218319711292451,-0.05286055040773109,0.6029604880955611,0.12000120713237507,-0.08815004468437196,0.7866393985013169,0.16386530028547655,1.3540825121388609,0.7375953513600586,0.12266706908218392,1.591814590105129,0.7787678565981047,0.1474488262843783,1.475722971598357,0.6357460761657817,0.3138902392165114,1.3081417470837042,0.7082180005310633,0.2734927877856192,1.209257245068146,0.4453233978948805,0.29112539005650084,1.3773880352923988,0.3242085866503568,0.3256274890673211,1.42344607066299,0.22971670777527042,0.33834702909038916,1.4306693414333826,0.22521915612557547,0.3405706062052172,1.4160075680124227,0.2111665623789647,0.0355139111154238,1.266643416364042,0.710745481315908,0.045471181646039444,1.2979524498262303,0.3990695902303787,0.12701231476147867,1.461048588846473,0.30954647230909427,0.20550101842920743,1.4953712868259332,0.2743561099020351,0.21243458181405375,1.5339042534939595,0.23336955227038406,0.1820680153036177,1.5070813468365347,0.21248315738139162,5.166666666666667
0.32616565607887704,0.8394191310980494,0.5402110147376984,0.3021953831711898,0.3946332748916239,0.5905528651088143,0.29375468484586764,-0.014643374951732083,0.7180667847579226,0.28368436816097103,-0.06357884183493796,0.5717772772127333,0.3462614846713703,-0.05412864889429202,0.5970658489755076,0.2810241228771667,-0.10968273549562628,0.8155817857986116,0.09907050009128299,0.8296643588854848,0.5520633810108305,0.1280408183716558,0.3871277673677938,0.5872301971510722,0.10835914369162875,-0.018110539387094546,0.7260195308153734,0.11631915810328333,-0.04095494631457359,0.5505001943805298,0.062348844637718635,-0.052116521641941124,0.6028566301941037,0.12016854185282938,-0.08812720506556344,0.7854540401265145,0.16338959754148044,1.353755609149398,0.7388623141165727,0.12260789859588195,1.59089698479723,0.7786499920078762,0.14661690807078953,1.476990643360954,0.6379701502173257,0.3146490445527169,1.3080187014490499,0.7081687097390852,0.2734697336435538,1.2103321493952581,0.44532927353543605,0.2896800217424673,1.3804043137027935,0.3239463159379228,0.32369689129519935,1.4243951749244086,0.23091563402376575,0.3358130482615792,1.433463863977516,0.22379700490810964,0.34074284044513314,1.4203388060059752,0.20723530601215903,0.035818814192116306,1.2656223690166433,0.7131886119061221,0.04736656096381653,1.2970699206376402,0.3975512716176691,0.12859053015450145,1.4606088013865333,0.30928806561816324,0.20817926574981901,1.4953099672296803,0.2717921505910907,0.21544299213975818,1.5341633096324747,0.2342900438951778,0.1857691083414052,1.5061966607494026,0.20983124571705822,5.1875
0.32669875941950305,0.8385974797412044,0.5394690232154968,0.30206807315099043,0.3932234856017467,0.5918545080261053,0.2936966849114458,-0.015542483126988693,0.7185129958337725,0.28345747056794734,-0.06318088498560714,0.5714732520866288,0.346198614493336,-0.05364247850812526,0.5974468381016326,0.2811362054865176,-0.11052861377676196,0.8160491444274269,0.09916902090289617,0.828682305843676,0.5515766241532569,0.12922707709213843,0.386194692782755,0.5870239547622899,0.10855857913685055,-0.018384670128552882,0.7256855701508084,0.11619783625037508,-0.04062993843504174,0.549565313855948,0.06254861527075349,-0.051180677400170224,0.6027288464312799,0.12029253799072179,-0.08820519600293067,0.784614789303939,0.1625344659353027,1.3538857441063978,0.7413920990248479,0.12256828123002997,1.5901352518754572,0.7789262082385787,0.14640660631399902,1.4779894871445456,0.6400887578348493,0.3154623236195996,1.308247374149478,0.7083508261442817,0.27330210230390295,1.2116068770873876,0.4454984524704605,0.2886918363393325,1.3829667933281269,0.3236601867147655,0.3226496809882162,1.426170592352835,0.23100080157859396,0.33386925623579516,1.4362928797114676,0.22150136370338686,0.3416778041529588,1.4239681142553198,0.20305577545877124,0.03567775839459249,1.2654287541092017,0.7143997910307945,0.04968553106067718,1.295616073631018,0.3965391215187023,0.12850010658759642,1.4608798457126617,0.31072365559343207,0.20728839496612017,1.4958594849299858,0.27261865970208105,0.212718593008633,1.5354064843066368,0.2399614850943311,0.1844358816145686,1.5063966704283525,0.21077730924020893,5.208333333333333
0.32718788742075766,0.8378893982615252,0.538639425477812,0.3018797106549137,0.3915223617127252,0.5930921353061576,0.29373950289362044,-0.016497678710275257,0.7188787332292642,0.2832918741227921,-0.062042825074080946,0.5712784862655205,0.34553688200592947,-0.05296124502435506,0.5980930550568869,0.2812620221612486,-0.11133186726760265,0.8165921636620035,0.0993484226639283,0.8277528442648133,0.550447964027872,0.13059584105571073,0.38485321443038867,0.5871345252650908,0.10867007581648465,-0.018740228554385327,0.7256535945366849,0.11608194571946023,-0.0398932485856122,0.5480115781661421,0.06275765799785743,-0.05017697356093387,0.6025925242257404,0.12035216498402523,-0.08828416192754095,0.784092912069546,0.16147404253429476,1.3544054677875872,0.7444958551001687,0.12260042965018723,1.5897391179802478,0.7794221293258733,0.1467288570433301,1.4784919700991572,0.6418007275410373,0.31624724842406354,1.3089171662729473,0.7087242591401103,0.27312512171653447,1.2128193646773513,0.4457285076789809,0.288470862801638,1.384551586686519,0.32352172663526657,0.3225972405805063,1.4283983262060884,0.2308252136266754,0.3329272612403783,1.438794347625748,0.21845542478557875,0.3433478867463558,1.4266545682258576,0.19898191228055728,0.03529674982282719,1.2659768410697942,0.7136335835062232,0.05196504639441259,1.2937232353954216,0.3963036547791625,0.12696158414766118,1.4617452621143228,0.31319562322874706,0.20366795040852276,1.4968197955851237,0.2762999577051766,0.20571455440185787,1.5374371903310773,0.2480952547731853,0.1786759396120158,1.5073127162017614,0.21480400748098671,5.229166666666667
0.3276605770963223,0.8374716442733159,0.5377735867873717,0.30172166974747877,0.3900409824019681,0.5936259983015487,0.2938742535867311,-0.017454359999683935,0.7190043244373308,0.28321025705534625,-0.06015586775042421,0.57139824380373,0.34432803604309054,-0.0518646968646278,0.5981378811272464,0.2812934992428795,-0.11200410884181179,0.8169231315380376,0.09952899128871727,0.8269526855576887,0.5487927573568667,0.13205237171740705,0.3832092637388341,0.5875491666304259,0.10867340075892994,-0.01917030198396584,0.7259591911486154,0.11600448680069728,-0.03894277885164225,0.545965307295616,0.0629560772380749,-0.04922007187935982,0.6024631003580958,0.12035139032535304,-0.0884687880397772,0.7838955290432488,0.16055158699421646,1.354946800187147,0.7470995909265934,0.12274328589744199,1.5897703359708444,0.779820266308832,0.14749362722660353,1.4785433197960371,0.642661133444827,0.3168988453291236,1.3098019094462672,0.7091788919306174,0.27328018374675356,1.213538630831782,0.4458618145855553,0.2889299311701111,1.3849754283272133,0.3237397594344072,0.3232094059113532,1.4304520185142977,0.23162065559771694,0.3329886062276632,1.440696282403277,0.2151532522008175,0.3453741802792113,1.4284076266802348,0.19514518463405364,0.034900437948536756,1.26691971530233,0.7104904882037139,0.053865186715104554,1.2915166308801687,0.3968569755102922,0.12440759091132127,1.4629749598091022,0.31589208181336004,0.19886232412017454,1.4978288626716574,0.28177730761149367,0.19746332638276262,1.539426478630085,0.2565494973674747,0.17097664941642332,1.508265655763305,0.22113199241763865,5.25
0.32813645974071304,0.8371712836126962,0.5370823440318055,0.30167069204537705,0.389000199080586,0.5934147762051041,0.2940862069927217,-0.018566360130353524,0.7189276077780068,0.28323360889591215,-0.05783877449945345,0.5719209234899235,0.34284430275618527,-0.05037307180868686,0.5969699779069297,0.28125823088984614,-0.11264853157268814,0.8169897182404628,0.09972828860367254,0.8262703488968546,0.5468148431184889,0.13355664173631068,0.3813108136911093,0.5882365479981002,0.10860786457998146,-0.019700958182012507,0.7264184797243659,0.1159821364582092,-0.03821546677746286,0.5438206249267147,0.06311860625221981,-0.04844195235829096,0.602358910261095,0.12030046318496063,-0.08881468734557153,0.7840309231537205,0.1600355864932051,1.3551594170099615,0.748422250126175,0.12287912300030542,1.589980473258929,0.7799626678366616,0.1484711509848245,1.4782530288537628,0.6423481836657934,0.31729064035529125,1.310557684452906,0.7095792480728548,0.2739802522856893,1.2134513612374045,0.44581416492522785,0.2897884074950525,1.384462287220443,0.32418713792635956,0.32405335618668885,1.431798309416021,0.23352134429034135,0.3337222290464982,1.4418167372427633,0.21233898644906715,0.3471649485384239,1.4293346886591953,0.1918146084161532,0.03456774393111298,1.268030210759738,0.7055266250448629,0.05528654452131404,1.2892321740393413,0.3976823390466909,0.12174821811515898,1.4636935118168704,0.31801304849434286,0.19442814684421844,1.4984812761250343,0.2876366384793425,0.19076209777663822,1.5401654431133096,0.2638722881641606,0.1644465589281079,1.5085897013818785,0.22798023481565308,5.270833333333333
0.3285935188894373,0.8367838792783248,0.5367381323616611,0.30172558882055434,0.3883356112651243,0.5927598709579518,0.29438368003952875,-0.019985599217805225,0.7189219237052966,0.2833053324284745,-0.055806183187128745,0.572433492043024,0.3415569554436031,-0.04878628676743629,0.5945727863624094,0.2812393723750818,-0.11328646712067149,0.8169440399729176,0.10009390053485556,0.8256946993771797,0.544724456136125,0.1350586209760769,0.3793062910069044,0.5890210767772934,0.10856264288088985,-0.02032145991556876,0.7267838159729058,0.11600756557652434,-0.03798242444698112,0.5424586951331534,0.06321518841253716,-0.04798703203360837,0.6022970192004019,0.12019807960199416,-0.08929895417614163,0.7845034827343911,0.16000907925596491,1.3550363117125304,0.7483128356371136,0.12277458166831975,1.5900237654283902,0.7798264969450961,0.1492430352155148,1.4776482106052622,0.6409925294871343,0.3173363115638651,1.310925385718339,0.7097334515384155,0.2751552250994253,1.2126083403182732,0.4455942602955517,0.29084628650872235,1.3834355893518684,0.32433206844067874,0.3246730922487516,1.4321286559587179,0.23539018260231181,0.33472200173505284,1.441967773648108,0.21096585211618268,0.34817571789564805,1.4295093143509443,0.18967978975866193,0.034445140754929375,1.269258062973499,0.7000037630433897,0.05617654043680345,1.287213446560997,0.3981027290579716,0.12034899749017203,1.4628979372960587,0.3189369015168966,0.1916703430921091,1.4984051779470313,0.29239443680504057,0.18757112126509362,1.53891338001672,0.2686705782706575,0.1613133737047163,1.5080373966453617,0.23240135861709185,5.291666666666667
0.32903467258138974,0.8363086083216916,0.5368604287600223,0.3018348075847451,0.38793324829523,0.5918280712983193,0.29478077691074134,-0.021779724508195,0.7193752407974334,0.28328514107930947,-0.05470339471699906,0.572188651980102,0.3408182306503153,-0.04751158388121168,0.5912617348461677,0.2812681707390075,-0.1138051150306751,0.8169217090574746,0.10072314468120067,0.8252278766973017,0.5427639212317876,0.13647820724112394,0.3774259540902054,0.5896828606281349,0.1085972034402957,-0.021042340956302447,0.7270074713084339,0.11606918546494527,-0.03829556225171257,0.5425380465583999,0.0632342679254791,-0.047912910450305865,0.6022829417261284,0.12000381935396794,-0.08996867635475848,0.7853253215960961,0.16044162893517727,1.3546669881170046,0.7469948734188983,0.12233885840243794,1.5897820027824157,0.7794509230909175,0.14951337166445045,1.4767051267595368,0.6389091471736281,0.31711157115228295,1.310752942927828,0.7094571679012974,0.2766035137602852,1.2113721864884621,0.44527058773744854,0.29199639699405944,1.3823360314463866,0.32370527111035446,0.3244993348383206,1.431387544689419,0.2360848840001157,0.3354160035293288,1.4413020204753892,0.21139016246614264,0.3479129528618943,1.4291689368534382,0.1887941861559301,0.03475401303200706,1.2705769098304747,0.6950638712683669,0.05644349632341787,1.2856050936498962,0.39809674848533916,0.12138040431796004,1.4602510711440697,0.31835174209355777,0.19144300494607835,1.4973355845122776,0.29483134531718824,0.1891334255583994,1.535931497858598,0.2692422629252799,0.16240420520166143,1.5067795924681506,0.23204689913579282,5.3125
0.3294912193306124,0.8357900008411567,0.5375699074812466,0.30194045998257335,0.38775061442800435,0.5906215396460366,0.29521130795331585,-0.023774173250222935,0.7202518722735554,0.28308671799494134,-0.05466122789469686,0.5708258615555819,0.34065588957764664,-0.04668660198623112,0.5873944741092783,0.28133334346576666,-0.11415484673878472,0.8169462327927106,0.10155820852712218,0.8248356710723825,0.5411712096115879,0.137768771741884,0.3757981188830181,0.590183387437829,0.10868841437237883,-0.021797816624208682,0.7271877541005394,0.11615951506849367,-0.039085532972900294,0.5435908959166866,0.06320589324605903,-0.04808073850468293,0.6022962877905192,0.11965161306738073,-0.09095010143549886,0.786565509942628,0.16122832675698207,1.353987042154587,0.744828301359014,0.12163038704974263,1.5893528105026191,0.7789266257578639,0.14926158868036327,1.4755059915387845,0.6363047330445504,0.316878148352196,1.3099461438808506,0.7089139637565263,0.278104961893153,1.2100325193002643,0.4449119932088286,0.2932449175721493,1.3813889734667966,0.32222979755099024,0.3232975580525316,1.4299208315931304,0.23530166293050306,0.3353243477634187,1.4403562324561596,0.2127650623947891,0.3462635337742619,1.428642413772729,0.18846537502479463,0.03564524498390188,1.2717503551186373,0.6913504771442315,0.05620265039706636,1.284055910585948,0.39835831250556364,0.12476629773989756,1.4561267487742269,0.31641488838684984,0.1936910412508414,1.4952726789021122,0.2947120957228905,0.1952355720554988,1.5319842927772709,0.2652321225389685,0.16721736800384807,1.5049943761052005,0.22745007355062635,5.333333333333333
0.3299603746398289,0.8352375399682579,0.5387910169259289,0.301996380270954,0.38780988082926626,0.5891266163321248,0.2955604718735182,-0.025475388262356638,0.7208828418851301,0.28276562307794284,-0.05530696148667629,0.5686976183018857,0.3408427895182995,-0.045999635862560034,0.5833248479651233,0.2814211647894191,-0.11441910365933829,0.8169723676542535,0.10249918685973801,0.8244683198751214,0.5401118487551798,0.13892307981538154,0.37443161176807366,0.5906189461627366,0.10877866812889778,-0.02239119575756149,0.7273754760582037,0.11625849468728504,-0.04019314755317522,0.5445404260648767,0.06318054494659653,-0.048250815556563104,0.6023018427956863,0.11912811134496003,-0.0922500916993486,0.7882732773134885,0.16220208536859979,1.3530214565846552,0.7422431545132697,0.12068499873202501,1.5888508913164092,0.7783270231323115,0.14868408593187155,1.4742795501612302,0.6334363762988187,0.3168964564456193,1.3085733878069121,0.708715988348916,0.2794327284956036,1.208605668506732,0.4444772039380235,0.2946582531942902,1.3804120539970328,0.3201485156874901,0.3216196187134223,1.4283296707391517,0.2332658057615644,0.3346782781560129,1.4393297097050493,0.21418248957285593,0.3439099513380731,1.427944672665876,0.18875935712879321,0.03713287140610506,1.2724582952536092,0.6890600947344131,0.055960843981094424,1.2819033443527692,0.3994884442361242,0.1290032894736002,1.4511440002928016,0.31385466097444015,0.19721012580076364,1.4925878496283838,0.29339155981573906,0.20335299911741567,1.5275957173666235,0.25961312027300965,0.17383754469150475,1.502768698744354,0.2218849540347902,5.354166666666667
0.3304333067583773,0.8347283752215506,0.5401289188186509,0.30200716542060674,0.3880994640518257,0.5873864995753685,0.29582296498864685,-0.02640089370483692,0.7206665266463794,0.28242804205764654,-0.056091113247212235,0.5663916860916582,0.34109498558362916,-0.04524010122377168,0.5796024636713797,0.28152596977104116,-0.11466153430917472,0.816982786486265,0.10353486190800835,0.8241219927369977,0.5396708251846627,0.13993235240304552,0.37330661520940844,0.5910480722243369,0.10883853224338215,-0.0227066181478673,0.7275553085266453,0.11633956588276248,-0.041430895070589155,0.5448864826856463,0.06318814383716724,-0.04827560778825111,0.6022793987660351,0.11850740331356056,-0.093660184367607,0.7901866870879627,0.1632097801983362,1.3520338702437513,0.739626612986674,0.1196345130478556,1.5883328502322895,0.7778022490797043,0.14821356724779247,1.4732572756349358,0.6307640745897486,0.31724328719459866,1.3069384991442448,0.7094237024236416,0.2804325019082585,1.2071361118485666,0.44392366343423484,0.2961756828843104,1.3791411748133882,0.31783977554844633,0.3204460624701252,1.4270767394285189,0.2303199480716163,0.33420162980290036,1.4379709782215688,0.21558890540793993,0.3419147713424532,1.426912330037245,0.19039067710382968,0.039013511492809155,1.2727798037344025,0.6880292000128485,0.056401429335991064,1.2787117649629038,0.40151561633057054,0.13244602935622643,1.4458737514692912,0.3116149557059199,0.20035640302597313,1.4899163595201699,0.2927021135688912,0.20979486642757245,1.5231437421378207,0.256503113578242,0.1795591967034525,1.5004257248119544,0.21827311744019362,5.375
0.3309480771781264,0.83435413137756,0.5412066228014383,0.30203320207122125,0.3885078084209124,0.5855234235801902,0.2961101796533735,-0.026479078640209847,0.7196325794128575,0.28206106762564914,-0.056584139905835294,0.564066689522096,0.3412213775205267,-0.04477514718558975,0.5771787239034792,0.28164927438794685,-0.11480723171836335,0.8170382301339307,0.10467098836870946,0.8238538941972469,0.5397212211100649,0.14077306004183804,0.37242042256677466,0.5914574197266493,0.10887644557552113,-0.022834086219586727,0.7277283375820398,0.11639571913111108,-0.042602420472687225,0.544792638323298,0.06322692864968217,-0.04814651930166656,0.6022337603833754,0.11795891982711121,-0.0949189552689358,0.7917973375755152,0.16415610086167792,1.3513032089100743,0.7372566907129552,0.11881026182641063,1.5878612443486675,0.7775897642379774,0.1482877764923506,1.4726174821809999,0.6288694874541106,0.31784479803535365,1.3053468478436605,0.7111207883069695,0.28112906196175463,1.2058777704787302,0.44355305388364696,0.29765815847388777,1.3776230840904213,0.31569582775444527,0.32059759504537155,1.4263762182538287,0.22700128618063564,0.33439219249018015,1.4362817663535232,0.2168909852049741,0.3410036616447357,1.4255767544672606,0.19340956610727383,0.040935823622036856,1.2732096252251734,0.687932376775756,0.05791456889176498,1.2745866699159984,0.4040952362322575,0.13438988247888253,1.4410644347866746,0.3102005153155054,0.20214326892024975,1.487860730473639,0.29324897708686576,0.21228621042472168,1.519374986330586,0.2569657227626221,0.18250091093232257,1.4985470632830489,0.2169170501262766,5.395833333333333
0.33153019264950917,0.8340990623823243,0.5419833075789524,0.3021294423427314,0.3889083080353751,0.5837029388762836,0.29650489825317466,-0.02608239389377444,0.7182070530626994,0.28153126989114724,-0.056501995477848545,0.5614760176045113,0.34109292421246573,-0.04506719868061849,0.5769202124971858,0.2817986516481754,-0.11479921150328273,0.8171970849511884,0.10583620690026135,0.8237022773704822,0.5399255047582466,0.14141325340443703,0.3717643341235708,0.5918240481446299,0.10891658938491851,-0.02290724906733836,0.7279393514095213,0.11644191354477539,-0.04350157256154266,0.5445030290744549,0.06326222011405888,-0.047999782462952126,0.6021962193047903,0.11772989998415878,-0.09591138871005225,0.7929604777201866,0.16500086629518718,1.350926732074102,0.7352308277844103,0.11851322382565424,1.5875637595129535,0.7777454469925369,0.14891349472639423,1.47247735121114,0.6282072375636164,0.31859700506532596,1.3039179444744988,0.7135063728913434,0.28173009215107164,1.2050672958309285,0.4439133365253942,0.2990033208494099,1.3760580091586339,0.3141189633501152,0.32232185998752483,1.4262065600455784,0.22420312619547794,0.33538305450795547,1.4346246058349306,0.21748123828117827,0.3413931658162126,1.4241343987954198,0.19721858267164402,0.04268765059000108,1.274022767467072,0.6884002220924905,0.06034716936974997,1.2700400063788668,0.4068118149901768,0.13486843206965157,1.4377934883018915,0.3095039124252694,0.20238556910969818,1.4867071836342354,0.29465560246956113,0.21101938311074597,1.5172321025758688,0.2593778653519785,0.1825884537045513,1.4975115579443932,0.21689383561280262,5.416666666666667
0.3321343029709878,0.8338942121818487,0.5426005565142017,0.30230351693896895,0.3893005141095175,0.5820355873538655,0.2969940753684396,-0.025682342280434867,0.7167824116139854,0.2807815423723726,-0.055713725128910215,0.5586039228640354,0.3406322964465278,-0.04609059259537089,0.5786762606099763,0.2819688780078339,-0.1147418717683132,0.8174192548436087,0.10693922714151641,0.8236484219917521,0.5400585263396775,0.1418265244304528,0.3712852972406191,0.5921693948842657,0.1089636716053252,-0.022917078188568002,0.7282237188757139,0.11649411583670331,-0.0440424625952907,0.5441576704555039,0.06323909205877704,-0.04807607032704625,0.6022112880815539,0.11793964375900479,-0.09666732401814845,0.794066894003074,0.1657758555491522,1.3507923753005247,0.7332800456583431,0.11884071861468073,1.587533476938799,0.7781938135137989,0.1497325740820734,1.4727327252575872,0.6287210068990037,0.3194113118527629,1.3027035458840102,0.7161447839338251,0.28253621688781894,1.2047175065456295,0.4452229581132413,0.30004128765146315,1.3745918774110786,0.3135200496172259,0.32515918739066796,1.42632601078766,0.22278280082383414,0.3370690450559349,1.433375859425088,0.21687801025118403,0.34285849147999836,1.4229261624725122,0.20077987109859255,0.04422288591943724,1.2748882706148021,0.6889565205412158,0.06322384324605826,1.2657465115434312,0.40934783514181305,0.13419925014988504,1.436776880424222,0.3091934520553721,0.201282502691634,1.4863844070794194,0.29669685811042884,0.2076067905883,1.5170230599478678,0.26278203549750784,0.18107794511015826,1.497208369796568,0.21803806894111463,5.4375
0.3327053539590006,0.8337074704250437,0.5431353800103117,0.30251755634141025,0.3898074822270872,0.5804860836541903,0.29746209908305754,-0.02546183069958205,0.7154997931413715,0.27991735383820504,-0.05435059607837808,0.5558524038995762,0.3398986625716751,-0.04755976128209208,0.5814396941975779,0.2821274130880095,-0.11469462644149697,0.8176184970139193,0.10792198040810472,0.8236787649310646,0.5401224050872795,0.14202001032361847,0.37095692942199987,0.5925382601062151,0.10899809226967072,-0.02280807429972742,0.7285623654309156,0.11655372795198252,-0.04435532667983433,0.543865481894282,0.06312617589583473,-0.04852487433503123,0.6022994052068167,0.11841817250009004,-0.09719580521502175,0.7954011498623176,0.16652321006880502,1.350720275622556,0.7310010622757595,0.1196595821319426,1.5876942868951116,0.7791525710472489,0.15050272239495072,1.4731186977834945,0.6297525738146287,0.320198270427301,1.3017889420968656,0.7186175603744094,0.2837365713831192,1.2047229969335453,0.4472075351271605,0.3006234886479288,1.373345653208021,0.3140013515047509,0.32837646165046686,1.4264948505624488,0.2228038888494565,0.3390731379055051,1.4329168501552145,0.2146717721788984,0.3448036444846987,1.4224121624737605,0.2023359048028306,0.04542610141882692,1.2752225511137434,0.6891864502216449,0.06600353877892498,1.2624032364106497,0.41153025841908736,0.13296124523926023,1.4376221706118146,0.3091612977728577,0.1994399789424468,1.4865861635144852,0.2991555228470549,0.20381266177871896,1.5180308008250982,0.2672436595745004,0.17950279935583036,1.4972236760969302,0.22040753989345416,5.458333333333333
0.33323495614225707,0.833521156798959,0.543580309675278,0.30271442621794165,0.39050005549237854,0.5788935437393203,0.29774660267954545,-0.02529056135269514,0.714313543228446,0.2790787498576659,-0.052747450411205446,0.5535289934422518,0.3390396842996426,-0.04929673687276252,0.5844522551336199,0.28224258841561123,-0.11454972415758347,0.817754042621818,0.10875651250126156,0.823804002404987,0.5400974047122832,0.14204878749951722,0.37084830124693563,0.5929230880018759,0.10900807189270505,-0.022646478162991757,0.7288965222890859,0.11660315771657934,-0.04458085536342445,0.5437043113138246,0.06293595435801219,-0.04929960852318888,0.6024449064419656,0.11891166530936208,-0.09746662318524868,0.7967275617025684,0.167232237178848,1.3507281329467236,0.7284727721526679,0.12062360720447347,1.5878742913608537,0.7810929197510663,0.15113481409712606,1.4735916759573389,0.630609059675729,0.32083957419824866,1.3012149642237825,0.7205651636116928,0.28522396308431935,1.2050423709558968,0.449465215499926,0.3009052476887857,1.372431831562747,0.3149147920483857,0.3313137081927786,1.4266621692042616,0.22345304914005604,0.3409042502780908,1.4334171182506155,0.2106338852629639,0.3466173243360031,1.422682483411132,0.20055957717767908,0.04627263109793793,1.274775950658785,0.6890342135980789,0.06819365250275262,1.2605839035998667,0.4131465342771024,0.1320860583747988,1.4393071196314005,0.30944982949456484,0.1978626211765765,1.4869554154384041,0.30118001145722895,0.20111652988116696,1.5192081853922572,0.27180825065405284,0.17915135397592996,1.4972714878649975,0.22288885900339817,5.479166666666667
0.33371521936337817,0.8333188889083497,0.5438655317001185,0.3028863545160301,0.3912636966791333,0.5771230123469385,0.29781080153482314,-0.0250509156102198,0.7131952389182341,0.2783210138770853,-0.05116645063859447,0.5515061406271258,0.3381742423552525,-0.05117150370717305,0.5875206566447047,0.2823130809788417,-0.11433594336072658,0.8178202343483015,0.10949228272675557,0.8240427944019186,0.539920437641451,0.1419654673798225,0.3710091927857797,0.5932090424439765,0.10900977859052749,-0.022535014455141653,0.7291767849531605,0.1166191667777699,-0.044673823306664126,0.5436727821210171,0.06270117506082112,-0.050259244970573935,0.602615048345219,0.11935560094609182,-0.09755945591750392,0.7976956000177932,0.1679112176862749,1.3509742118660564,0.7263107437169797,0.1215278268681336,1.5879763749448201,0.7840841678294375,0.15146471369538397,1.4742313507860922,0.631069854190718,0.3212032109875893,1.300959672442076,0.7216893679006036,0.28669280760053373,1.2054984364948478,0.4517759030607723,0.3011485195720764,1.3720384130929069,0.3151994163801717,0.33320645850400565,1.426904555197607,0.2236646993266065,0.342088582055335,1.4347338835676016,0.20511303432576475,0.3479109818932937,1.4234202049569593,0.19568384274374032,0.04704339938449238,1.273825714898324,0.6887209735585944,0.06962662184988687,1.2605675372758225,0.41380917160399233,0.13263113321253212,1.4411638929789823,0.30975325965331874,0.1973830662222889,1.4873348393072439,0.3016767233923946,0.20064915530692,1.520211396054583,0.274384665665484,0.18096082579451145,1.4974156589789662,0.22383035705848162,5.5
0.33408917719165643,0.8331143202973748,0.5438358554498331,0.3030983877288478,0.3918980547929415,0.5752163021898209,0.2978003341828697,-0.02482431077057061,0.7121992192398454,0.2776403071428723,-0.04963643963341909,0.5495485160596048,0.3373825093926522,-0.05297290041856898,0.5904645235184948,0.2823547262616331,-0.11435351526912665,0.8178219825539835,0.11026454080647846,0.8244044472761457,0.5397313168731386,0.14178068444583583,0.3713683180629231,0.593242463647234,0.10905263916443081,-0.022546379291521326,0.7293676800203531,0.11660485320604262,-0.044589405724452656,0.5436881575057378,0.06245217930224396,-0.05126962037542445,0.6027811654628232,0.11984464144104195,-0.09766771000444734,0.7982980187043449,0.16862481428569387,1.3513536421997268,0.7251257879978423,0.122579675986776,1.5879696544914628,0.787481032622575,0.1514128763687858,1.4747752397929275,0.6311976335972256,0.32124982163712534,1.3010304247491753,0.7219325679347881,0.28787148609192087,1.2056449880123734,0.4540532504906667,0.3012934359599605,1.372425325290891,0.3143278532650591,0.3333139404608934,1.4272838249567856,0.2224928713185115,0.3421847539514573,1.436893444522891,0.1982487794426186,0.34834145341761924,1.4246679322740177,0.1884309185559001,0.048028723149064464,1.272824344078132,0.6884217535936432,0.07059837756943055,1.262152387954688,0.4133190685540999,0.13502320185528038,1.4429667760752118,0.30949669194407015,0.19818556376918672,1.487809993410351,0.3002140373305736,0.20279875089687416,1.521442755818339,0.27358568361411784,0.1850838229166693,1.4977631892444963,0.22320732179210828,5.520833333333333
0.3343038309236913,0.8329172743998353,0.5433881695398117,0.30340348680500673,0.3922857518446885,0.5734446603202638,0.2978673584546519,-0.024701570723066196,0.7114019920396324,0.2770489286776495,-0.04822321664766868,0.5477494450046886,0.33676217366573047,-0.054414231652083526,0.5928104674181525,0.28237680806466137,-0.11478093371245525,0.817793509856636,0.11114422919877213,0.8248592736575673,0.5397320724720616,0.14152136300902418,0.37179629728593416,0.5930333493510284,0.10918246416938049,-0.022773728748448935,0.7293809962047912,0.11659100316759391,-0.04439104247790726,0.543685519622836,0.06221640978478307,-0.052213427165311466,0.6029321180769629,0.1204429042751217,-0.09792388698848417,0.7987444600610416,0.1695135011569825,1.3515138988753468,0.7250189586135988,0.12396707538695856,1.587781215032045,0.7904358057739069,0.15109954141494522,1.4747755475872053,0.6310222392143765,0.32111529803342087,1.3014346540604347,0.7216886065625846,0.28864098325355486,1.2051945162654012,0.4559242444273929,0.30113112887119964,1.3735727148444552,0.31253977560144935,0.3314264985220271,1.4278030619782596,0.21922368303001677,0.3412045962577389,1.4399468281849703,0.18982682154084027,0.3477127366196549,1.4268326744250597,0.1792530053901324,0.04929468552896329,1.271994921800894,0.6881548779898743,0.07153318758425625,1.2646283152599866,0.4119739289015827,0.13856690699127336,1.4444893467614643,0.30841382588469085,0.1999341258737159,1.4884995120722404,0.297267169469956,0.20681758147161508,1.523138914121253,0.2699869676715639,0.19062714407996081,1.498161959650061,0.22273657214046672,5.541666666666667
0.3343960222456149,0.8326724483117317,0.5426953626854438,0.30379516814735413,0.3924003009443785,0.5721987928179424,0.29803758775038974,-0.024620979637317963,0.7108288520004105,0.27659895042317534,-0.047292334185045685,0.5465145159600048,0.33643420730617535,-0.055250370967135684,0.5940734866991431,0.28236995543044907,-0.11539282696671349,0.8177731653785575,0.11202055453886486,0.8253410194431099,0.5398141476925118,0.1412713763374233,0.3721602984642658,0.5927615288671297,0.10936838457243772,-0.02325314734103659,0.7291504822708236,0.11659646076167247,-0.044134113368279694,0.543688481084407,0.06202714219314881,-0.05296585669650038,0.6030658310633409,0.12109417382407499,-0.09829087502373582,0.7991536560847815,0.17082916961062172,1.3513114557067865,0.7254599303572489,0.12554535265106098,1.5873192609981872,0.7924714380780491,0.15072876973308033,1.4740428852683323,0.6305685334313105,0.3209939411684634,1.3020628896011812,0.7215057414098355,0.2890628908190023,1.204269869242656,0.45659621063915024,0.300657619926919,1.3750593471417734,0.31029035968555757,0.3278522300698879,1.4284024176023586,0.21375173038604212,0.3397141647621269,1.4434480457855874,0.1803966328514456,0.34636456951640604,1.4298903015829625,0.16882259852103873,0.050778532908738946,1.2713624034530084,0.687845409401187,0.07264817440830734,1.2672073968500068,0.41020509651403925,0.14207199457378716,1.445452195429127,0.30668154222273214,0.20213929147634863,1.4894642319831461,0.293655114681141,0.21126027232750816,1.5249937003176726,0.265644988352799,0.19621723404252156,1.4984104809989556,0.22360776012623268,5.5625
0.334470387632412,0.8322928924383225,0.5421112988556048,0.3042526924798056,0.39227783298121766,0.5717019062406172,0.29825259652820735,-0.024453854609200604,0.7103996025704138,0.2763822663609679,-0.04718840277341498,0.546302415330946,0.33641380907975826,-0.055518686777599274,0.5943409217269924,0.282298547542967,-0.1158137410816382,0.8177185345756071,0.11271288110099119,0.8257612330622669,0.5396761227895501,0.14113487792327542,0.37236125122805097,0.5925398066135696,0.10953610794196648,-0.023929478911903848,0.7288272357225419,0.1166060742996682,-0.043991835787728355,0.5437301723711414,0.06191826105310079,-0.053402790581096767,0.603179511769538,0.12166608183692412,-0.09866251264539268,0.7995494490428068,0.17273719018001626,1.3508941818371911,0.7257730469313005,0.12718114019057658,1.5865597104591684,0.7935044250429062,0.1505927829048299,1.4727236221065356,0.6299821044909886,0.3209626735417068,1.3026892566191945,0.7215589926217031,0.28934665484102007,1.2030963161155261,0.45561080134626813,0.299999549797257,1.3764532072328086,0.3078903837928634,0.32324141877389173,1.4289265436188348,0.20692822070029038,0.3381842487692487,1.4467661147850914,0.17144399692936804,0.3450222382372227,1.433213090530583,0.15814414325608123,0.05237227177973851,1.2709729641217262,0.6873657476696713,0.07393813892528289,1.2694970562979584,0.4082045100860702,0.14478879282059293,1.4457993277699959,0.30461537636244707,0.20444141686887882,1.4907104219005993,0.28968210588829973,0.21505706474328423,1.5267314952061968,0.26196235469899476,0.2007715457248549,1.4985122957108878,0.22530862318304692,5.583333333333333
0.3346000311461478,0.8318011406488128,0.5418708393993426,0.30476155714531755,0.39205995291706436,0.5718838472436247,0.2984515360376611,-0.024133280864547496,0.7099908856778471,0.27647106680849687,-0.04779181972694724,0.5473082652285668,0.33652297544686116,-0.055575646041620484,0.594404558712366,0.2821227010469605,-0.11588227324174066,0.8175279170661446,0.1131696204847158,0.8260604183009433,0.5392772009117544,0.14117580500152566,0.3724116324184883,0.5924286428550553,0.10966265861185141,-0.02477089563527146,0.7287547796606039,0.1165946865831774,-0.044245750547951705,0.5437109414627305,0.061894484311585896,-0.053497349143045395,0.6032823946642001,0.12207468891638204,-0.09900438322536682,0.7999449314044741,0.1750752985067162,1.350396815619015,0.7257228373351494,0.12888586991880666,1.5855898061910998,0.7936216246316626,0.15093074309352333,1.471179169833339,0.6294724173889116,0.3209959961731572,1.30311355651768,0.7216818803982665,0.28971807244043957,1.2017899747984735,0.4535371246708339,0.29935201778677034,1.3775359502235984,0.30560449577686377,0.31874145890111205,1.4292328220038553,0.2003272529611868,0.3367030148336474,1.449511490271429,0.16455152290822037,0.3441368723815821,1.4360344579242867,0.1487105096801382,0.053922341356042895,1.2708881511906243,0.686766931946917,0.07529833131233618,1.2713067006477088,0.4061019310724739,0.14657153667267514,1.4457818620046672,0.30239473389099236,0.20658948978244726,1.4920424905486047,0.2853080097112068,0.2180147818314877,1.528406252437476,0.2585271915212546,0.2039184898788256,1.4985699187233197,0.22650285345494137,5.604166666666667
0.3347892991069978,0.8313881077370029,0.5420219878206336,0.3052988910225341,0.39192362419363946,0.5726248842991107,0.29863204337481364,-0.023744114186829993,0.7096368414523097,0.2768336405367039,-0.0486454455080448,0.5493005378600674,0.3366066747215385,-0.05561407122266371,0.5947507543135742,0.28185348149147493,-0.11572524170189974,0.817217172923963,0.11349400498501885,0.8262702194498529,0.5389251153247094,0.14136852749629022,0.37242050727576104,0.5926013639548484,0.1097619591320028,-0.025789154322053406,0.7292179174528151,0.11655402064273236,-0.044882582434312986,0.5434720282463713,0.061913758892213344,-0.0534059326670151,0.6033931279808914,0.12234586149127175,-0.09933116638738612,0.8002546483854928,0.17742524018209174,1.349821800770877,0.7254787104888613,0.13052031746430975,1.5846144736941399,0.7930209470454774,0.15166352640948622,1.4696352005302793,0.6291025276549703,0.3210507479887418,1.303299291894057,0.7217436633533432,0.29027433717900475,1.2005524132907095,0.45140842547966226,0.2989964782814408,1.3781512409786782,0.3037907828673777,0.3155932196064642,1.4293181179878647,0.19559519811400172,0.3352264703535861,1.4513369479694733,0.1609732430200208,0.34370819367237415,1.437782486124943,0.14248544801702945,0.05520973373878761,1.2710344334569255,0.686556969145459,0.07667402208704902,1.2722463861862796,0.4042543115612127,0.14759494777379106,1.4457305308851962,0.3001227462356412,0.2082140443988838,1.4930099413632,0.28144098084687247,0.22035828757854087,1.5299854019204684,0.2548848188517723,0.20599163794090167,1.4986248609713733,0.2260389818709425,5.625
0.3350102863770976,0.8312404705959847,0.5425044339885232,0.30584359518674736,0.39187154598815055,0.5739716235901553,0.2988660438231145,-0.023491773832450144,0.7095768852244285,0.27736707469881916,-0.04938412498468561,0.551784304425527,0.33672637788633536,-0.05538673118632846,0.594678668100765,0.28156846369753863,-0.11557870389874839,0.8169724025031779,0.11381817086255741,0.8264264087861627,0.5389501035500489,0.14163208057552348,0.3724806058857408,0.5932288009432907,0.10983800789443024,-0.02696039473009601,0.730194906400506,0.11646584555789538,-0.045650469695761114,0.5431911214710287,0.061926725594854945,-0.053336447308263195,0.6035019329570595,0.12250960581131294,-0.09959337265688466,0.8003007694236531,0.17934053115158866,1.3491403628465053,0.7253359707802671,0.13176982051773992,1.5839245634191064,0.79193919122586,0.15249537785978798,1.46794088367802,0.628756996216833,0.3210398774155763,1.3033079095054896,0.7218223314213212,0.29102129611165484,1.1998796616310814,0.44958341413768,0.2990722402141016,1.3781135427495805,0.30279229859420004,0.3143282114365037,1.4292222919516866,0.19408695979157853,0.33381039160654613,1.4518290474738145,0.16172061092833678,0.3437310021981728,1.4381689077915372,0.1408912081230124,0.0560701904114663,1.2712226283365577,0.6872528532569508,0.07806230727075503,1.271870490878848,0.4031830391156802,0.14818449146147492,1.445820247309645,0.2981883437731181,0.20910518479704004,1.493241376316286,0.2798244093630371,0.22213073679777862,1.531096056516724,0.2524983974513443,0.20732224722149503,1.4987522865411886,0.2233481162545548,5.645833333333333
0.33522240950608984,0.8313519286977273,0.5431452091190703,0.30638965233330634,0.39167672727424324,0.576055072460699,0.29925871146010435,-0.02352946726888759,0.7100269193591835,0.2779850893112569,-0.04995931114523658,0.5542317336652031,0.3370053409384809,-0.05467616833386241,0.5931896195918787,0.28136568789052685,-0.11557564521969381,0.8169666682292563,0.11425091918563979,0.8264896258279107,0.5394402653317951,0.1418885471802737,0.3725787044622769,0.5943294461798798,0.10987622508525122,-0.028200878530278944,0.7313807703536191,0.11630086842794896,-0.04652091270932823,0.5434514041607134,0.061925192461722886,-0.05334253215208404,0.6035652761284706,0.12251506648153233,-0.09963489821928939,0.800002232807214,0.18056377624177772,1.3484357270525456,0.7255270669532654,0.13240271625597022,1.5838270370480583,0.7904297560493441,0.15319035218075094,1.4661218809040326,0.628484937971064,0.32086796555278596,1.3031355429939835,0.7220921046724607,0.29194595514770333,1.2002900333914144,0.4475534847326642,0.2995233362164213,1.377211326934233,0.30271248192379185,0.31487269898818454,1.428946489328707,0.19657516426363444,0.33282528359269203,1.45080307464226,0.16708554750627055,0.3443070954115742,1.4372004982253768,0.14391650807287737,0.05664514876813604,1.2713683544323806,0.6885582096092313,0.07936746914608339,1.2699416544195188,0.4032863667858325,0.14851619772025637,1.4458696481118176,0.2973004654902565,0.20951402878527114,1.4928347822282588,0.2810722318501305,0.22289288229379584,1.5313218607299983,0.2535590419695698,0.20736882063543707,1.4992135502126414,0.2188906208856244,5.666666666666667
0.33537518321864596,0.831592231105881,0.543686760327496,0.306925521689729,0.3911667901405734,0.5788018738156918,0.29987959354747545,-0.023873232753895426,0.7110065089879265,0.2786696059271636,-0.0506594721363524,0.5564104059925132,0.33750940146399744,-0.05363693264093544,0.5903747997073401,0.2813016453609386,-0.1156849088725229,0.8172229628604643,0.11486134490275651,0.8264606201693468,0.540148478099992,0.14207576595756302,0.37257743324553383,0.5958167070532915,0.1098359996508248,-0.02940083830595165,0.7325137001305347,0.11612146891299426,-0.04760901848677263,0.5446635536474563,0.06192858567716803,-0.053357239214240716,0.6035581863402354,0.1223093481798161,-0.0993428745326422,0.7994395469680979,0.18120112556001752,1.3480597891705204,0.7258664826798725,0.1323282921603836,1.5844961305270706,0.7886618929234481,0.15362254248454527,1.464971552750524,0.6286541215259022,0.32063588412678645,1.302749819222925,0.7225020820003295,0.29292084776135896,1.2016360106883537,0.4448192475689483,0.30041242487621966,1.3751633906411829,0.30332081549252266,0.31720900582171047,1.428495360190102,0.20215009426751482,0.33293332480737337,1.4483273108127632,0.17568028440287153,0.34544113768938667,1.4350037019283057,0.1501760086168738,0.05738532011444669,1.271628066143104,0.6894704118879589,0.08052424502562582,1.2663954962985529,0.4043862101887551,0.14822264237051225,1.4452912743932438,0.2979080798466266,0.20931841197759357,1.492317084052562,0.2838974268885302,0.22161547745834903,1.5305688776516475,0.25784533241755836,0.20500016536343488,1.5003371178477258,0.214039069812276,5.6875
0.33547830344574137,0.8318903088806904,0.5440133721290361,0.3074017968389726,0.39049343420423066,0.5817566918972477,0.3007064406118823,-0.024481003976398352,0.7123902987626967,0.2794485085435064,-0.05183915299168371,0.5585239434457758,0.3383062413131588,-0.05257701473440838,0.5872883856414133,0.28134394355898296,-0.11580331683601744,0.817668020918463,0.11557606440248262,0.8264303609358861,0.5406207489764288,0.14221598172073177,0.3723132720651257,0.5975433421239629,0.10966740411704574,-0.030472073093135668,0.7334980230717493,0.11609189945472842,-0.048802106675678414,0.5466722877754937,0.06194609804715988,-0.053337261333899794,0.6034955223165912,0.12190410350678843,-0.09886346381884752,0.7987000506293641,0.181646052516504,1.3485001989856915,0.7257775349226688,0.13176510503666405,1.5858680273816559,0.7870815147926921,0.15377055972361003,1.4654641640629869,0.6293286258089479,0.32068167606618386,1.3022506284915991,0.7226475559808953,0.29374666263630195,1.2029472218411106,0.441749233346565,0.3019319862904772,1.3718876670168971,0.304120016170523,0.32140641132996367,1.4278214054661478,0.2079112382394617,0.3345925731001128,1.4446101863333658,0.18460705715466277,0.3469708570495396,1.4316843751269928,0.1578352069167345,0.05863938893442072,1.2722160787190009,0.6893046444224984,0.08173174836046918,1.2612350620819441,0.4055183238563648,0.14657385471995932,1.4434093115404492,0.2998039881207213,0.20715731718249242,1.4919482787800888,0.28703347092727993,0.21682713408854945,1.5289828786254105,0.26282874238657195,0.19962258929240884,1.5019326311745638,0.21027810119242596,5.708333333333333
0.3356657413942234,0.832256878114164,0.5443696135661279,0.3077612694610499,0.38986287907953027,0.5845856201379029,0.30166417006913926,-0.025324601124787877,0.7140489148982769,0.2802815496157759,-0.05352947126774533,0.5607289922250255,0.3394194441992534,-0.051729472808253435,0.5848337820382762,0.2814231440617639,-0.1159002654998743,0.8182464218066788,0.11619871336740939,0.8264375010847079,0.5407828267827937,0.14245711245983747,0.37180334820356004,0.599297613795134,0.10933708593865538,-0.031381507575525255,0.7342248128915262,0.11630177591587053,-0.04982106843493966,0.5489445208578576,0.061972489704270065,-0.05328469542705012,0.603404244343213,0.12131041897395596,-0.0984577983570311,0.7977374616428584,0.18226028840056613,1.3499015997097308,0.7249963675340273,0.13158178927558448,1.587784412769646,0.7850749136794062,0.15379769123104164,1.4678504910761554,0.6298060933151417,0.3213142323243887,1.3018467224746102,0.7220182556097849,0.29440276284945904,1.2033435921938918,0.43911644712788034,0.3040791950355036,1.3678766003534355,0.30448977338996575,0.32728742998012866,1.4268044269019002,0.21135979230753588,0.3377257784216312,1.4401410799788414,0.1911918692677239,0.34842178201583685,1.427479408021724,0.16581116056433312,0.06033602913677934,1.2731149076267219,0.6882967451646957,0.08314320217790822,1.2541392602143744,0.40587644369846404,0.14315494765608092,1.439459891511356,0.3026536888368976,0.2011579669560825,1.4907252115115837,0.29130731090486084,0.20718762081543063,1.5262764104170914,0.26757347153255634,0.19143887973543225,1.5025649202119105,0.20929325384681574,5.729166666666667
0.3360801968465793,0.8326951214295388,0.5451597300670943,0.30803464921476376,0.3891465445555083,0.587650015577937,0.302710479450764,-0.02640084663921248,0.7159572807816988,0.28101066073732917,-0.05553134457444952,0.5627731798125203,0.34074644063032244,-0.051230127262570736,0.5833269303111469,0.28154056782009823,-0.11606285610775864,0.8189648624039734,0.11664555514901136,0.8263603020019124,0.5413062081822339,0.14291927302541407,0.3713110105532038,0.6009148857485492,0.10884786844192783,-0.0321315864207513,0.7346184274033674,0.11670503106228688,-0.0505710551440143,0.5510162279075946,0.062003122385239154,-0.05321571981443619,0.6033117079618772,0.12048664679290468,-0.09810293601313116,0.7964587819608329,0.18319626706779712,1.3519121570184611,0.723744329777302,0.13283103622707138,1.590160459312336,0.7805639170919976,0.15404997279868637,1.4717716989520342,0.6292740037964463,0.32257210135677994,1.3016070116544909,0.7202634563071075,0.2950822064869073,1.2028721998252048,0.43657938820310743,0.3067002650372956,1.363946705347663,0.3038145713832321,0.33427025195344784,1.4254276210196646,0.21228703898531248,0.3420249051783072,1.4356287335652504,0.19416602350058695,0.34923268456830037,1.4228560249683946,0.17316038494588817,0.062254177741037954,1.2741028587355399,0.6871022726051901,0.0843851908408685,1.2440326724933821,0.4057118287851261,0.13821851201079302,1.4323065884415604,0.3066293355840215,0.19055716852625149,1.4866817221231654,0.2986949697530084,0.19244554686618243,1.5212759756549084,0.27370671391939494,0.1808060442362004,1.5000504507477428,0.2129566902180447,5.75
0.3367315653005307,0.8331307377162019,0.5465729334195609,0.30833254498512125,0.38811973517505804,0.5915023159666266,0.30384097464080506,-0.027771657061383723,0.718201691941268,0.281494288641817,-0.05769561152441299,0.5643735598035097,0.3420939225487638,-0.05117668722322999,0.5829108176322618,0.281742653300245,-0.11638721826794474,0.8198571694542308,0.11704558746302837,0.8260236938424128,0.5428775868737645,0.14355702112351362,0.37109604935060464,0.6024500378789691,0.10824971150447063,-0.032724822035462786,0.73483058469228,0.11729443404380846,-0.05127559693717116,0.5529479648883922,0.06203781995034962,-0.05315593038901945,0.6032482492861843,0.11941030545566488,-0.09752345007875021,0.7949196936005075,0.18448216149090418,1.3540488124951884,0.7220141230558216,0.13585518463177954,1.5928346957993496,0.7722966301619845,0.15489435797425388,1.4767089460004639,0.6277009341852431,0.32426919174908087,1.3013745955937062,0.7171384499216015,0.2959255956437059,1.202068620204462,0.43277560608166477,0.3097656770406963,1.36070341498939,0.301513966110609,0.3414031398495162,1.423807582018809,0.211335447012808,0.347165156350991,1.4317531813465896,0.19310839158285725,0.34944246953985714,1.4183036094581638,0.17754428373944378,0.06438744816663525,1.2749809061582986,0.6860666718805134,0.0847126465184253,1.2299237011274708,0.405650495727285,0.13244526867386414,1.421128054853498,0.31196778227223443,0.17656479067160652,1.478680138866395,0.30972510534057507,0.1740694918444873,1.5126893372102366,0.2820349849152949,0.16815647568831632,1.4929756249603339,0.22198317023010558,5.770833333333333
0.33761187044273033,0.83338643855703,0.5485000474661024,0.30870869003452894,0.38681064780189167,0.5962138877405496,0.3050415279093316,-0.029530112531933786,0.7208536559052121,0.28176834437134246,-0.059816069760816395,0.5656659805173107,0.3432521229060096,-0.05163205435845561,0.5837997631011866,0.2820376704123354,-0.1169082218808039,0.8209567123425093,0.1175971394439702,0.8253633255766495,0.545354035108698,0.14427039028857772,0.3711718432715082,0.6041171315719336,0.10760896297616197,-0.033181694128303935,0.7351181532478144,0.1181706450176167,-0.052245480871591914,0.5551876346878171,0.06207181614816583,-0.05313326198120864,0.6032387192016274,0.11814106693639424,-0.09664973460042164,0.7933224307644904,0.18609597695735258,1.356067671515842,0.7194077823131394,0.1403180913136004,1.5953805729108486,0.7613082128945203,0.15650686629292912,1.482136377027245,0.6259173812202471,0.32627542243272856,1.301082170034766,0.7123258632862284,0.296778314540942,1.2010844324803598,0.4273024924463884,0.31329766249849483,1.3582503465448752,0.2973803540529427,0.3479632702727123,1.4220909629149607,0.20850414222640146,0.3525367934923569,1.4289844718740288,0.18812987767517875,0.3495287926000019,1.4140866046871874,0.17666214008436756,0.06683009523404687,1.2756311671536913,0.6852419753905198,0.08354458450583599,1.212475083626748,0.4057575317105029,0.12659698604929664,1.40607419397001,0.31820458676382174,0.16160872836823797,1.4669292415266966,0.32301059559906853,0.15471283287411508,1.5001454777034575,0.29110650024888113,0.1545102963098368,1.4808413324217233,0.23534006627397025,5.791666666666667
0.3387876926091962,0.8332485020780585,0.550628378494395,0.309115730473496,0.3852973791264214,0.6016094203101495,0.3062507499475177,-0.03154373729367864,0.7236876702602755,0.28198170029587555,-0.06160616947965847,0.5669637686773719,0.34409258324744385,-0.052443945095915635,0.5858381994510115,0.28240991524205256,-0.11763987286743552,0.8222741200555573,0.11846431771256126,0.8243732907997395,0.5480747335603786,0.14501301934646094,0.3713187260484858,0.606083464446883,0.10696359999494076,-0.03352578368503083,0.7355900981775301,0.11931031995169838,-0.053491953286057624,0.5578510995837066,0.0620927289006092,-0.053159685933408966,0.6032856522408193,0.11676683534858993,-0.09574388988800728,0.7918026849530211,0.1878747984850408,1.3580571204610163,0.715922112006439,0.14575462115603421,1.5973832688607452,0.749709996132988,0.15884124190917265,1.4876948245924089,0.6247551586770517,0.3286076101457138,1.3009416106823017,0.705756622284085,0.2972950209794582,1.1997191657773558,0.4212937534954138,0.3172237057030427,1.3562157462086222,0.29220184048624376,0.3540208258693792,1.4205376940429928,0.20394857602087557,0.3572666714180932,1.4273954582423771,0.18047134031221168,0.34961340261993357,1.4103438295104016,0.17083354671277037,0.06949413799687862,1.275951101693106,0.6850226675680089,0.08080694459568988,1.1938827989245533,0.4054947556843609,0.12141557370682833,1.3875425684841067,0.32431035274517445,0.14765956043033251,1.451750684800408,0.3368680271260969,0.13695224858342325,1.483894947093975,0.29949046130718815,0.14153266892619173,1.4635548983886266,0.2508790258697571,5.8125
0.340164877216155,0.8326135980519845,0.5528061402950959,0.30948568705899,0.38352711970217557,0.6076097219028769,0.3073700761621148,-0.03331068262424228,0.7260574196242295,0.28220315247431516,-0.06300132494895838,0.5682416536375556,0.3446662916632443,-0.05315678958018742,0.5880314516812631,0.28284553841473115,-0.11858064718804953,0.8237464554464397,0.1196781205462075,0.8230450253365936,0.5506666091825143,0.14566544794193212,0.37122149305098473,0.6085440651532558,0.10631552781943585,-0.033713949081877,0.7361993371330398,0.12036648746503689,-0.054688809637856654,0.5606334506326112,0.06209240008240346,-0.05322352709178644,0.6033629507023509,0.11538384308650357,-0.09493323737857584,0.7903178490051788,0.18946924481808508,1.360176711215544,0.7122630185248368,0.1515996768374585,1.5989142587006546,0.7390204144866628,0.16178108218419213,1.4930650750330112,0.6242268224975961,0.33119578912686154,1.3011779874058342,0.6979382117705227,0.2973822531154774,1.1980340617224399,0.41575208465283764,0.3213923801234774,1.3543352703699716,0.2872370039737915,0.35996095455602295,1.4194454151072908,0.19901205931269345,0.3607560093514145,1.4267440411653962,0.17244659123251677,0.3495595354742074,1.4072391199449752,0.16242976945564225,0.0720594877467354,1.2758767398003739,0.6862888534475076,0.07670702087908637,1.175831334806814,0.404325787367419,0.1175416811821981,1.3663135062307403,0.32934223664945395,0.1355063765777859,1.4336470273388173,0.3504160186880752,0.12236132508502184,1.4645307531625482,0.3075354931686842,0.1308981186226723,1.4425390976247665,0.26547382875504105,5.833333333333333
0.3414188849811681,0.8315831825358478,0.5553943380896316,0.3098035895894253,0.3815462972104053,0.6141343175145572,0.30836679339082335,-0.0343602117973925,0.727440556717582,0.2824168243863239,-0.0641618381545079,0.5691723246150557,0.3450857415719742,-0.05343922480186643,0.5893038878906814,0.28332051643789063,-0.11967339183896353,0.8252582188894856,0.12101813454996341,0.821482244707963,0.5533280358398569,0.14598385651518492,0.3706984330219607,0.6118393523370286,0.10566590179329763,-0.0336926340522726,0.7369261084873178,0.12085644339508345,-0.05569564351226511,0.5634420895200448,0.062075160159737894,-0.05330178581722,0.6034367784235749,0.11414209523881699,-0.09393153727500872,0.7886939742208988,0.19063608649907046,1.3623309055892738,0.7090506465236934,0.15713508246849425,1.6005108989553285,0.72961158843676,0.16521408035055396,1.4977804303492235,0.6238340174765254,0.33383708751672014,1.3018099293569403,0.6893945619446458,0.29746022554057,1.196616910919713,0.4102963067409401,0.32544279982275987,1.3529337015558653,0.2827770883621536,0.36578410283721424,1.4188259825314158,0.19568378935564726,0.36303032992573203,1.4267629156056167,0.16649555757168066,0.34934611051032005,1.4047276869330474,0.1536408859405216,0.07411719073902955,1.2754990292694435,0.6891021641311483,0.07110967261772394,1.157877732855939,0.4031331926722033,0.11527832466776786,1.3446108523886795,0.33279363943285983,0.12580971546714112,1.4147247021937608,0.3631489110266556,0.11149309764008089,1.4440339608900203,0.31607192560376945,0.1235528669600098,1.4211277292466729,0.27542669696463273,5.854166666666667
0.34231411660336686,0.8303694762455347,0.5588326675101278,0.3101234912974556,0.3795968812066325,0.6209567053173569,0.30932193093283367,-0.03476639276409242,0.7280488304369523,0.2826131628343558,-0.06521185057512718,0.5695698719911486,0.34528626208014535,-0.053467612499431445,0.5898191006302632,0.2838096019127838,-0.12079866098138797,0.8267369822174618,0.12214860913460429,0.8199141534231388,0.5565724170518958,0.14579340896803866,0.3698821529531833,0.6161673342409643,0.10505104579352505,-0.0335239245152852,0.7378635677298624,0.12055633535059783,-0.05673002223899255,0.566459730009255,0.062047035422080316,-0.05338264573863672,0.6035016675093101,0.1131881536614178,-0.0925030471119901,0.786796485678816,0.1916022556738481,1.364392423562063,0.7059988578941314,0.16204943698363172,1.6027383366443424,0.7213215525267143,0.1691588937129722,1.50172445083873,0.6229887106405257,0.336431876826496,1.3027429008535516,0.6800356510691923,0.29818078632458045,1.1960426771089903,0.4041306823026094,0.3288501329371599,1.3523097382832792,0.27823966072057243,0.37117788367874793,1.4183344749351958,0.19461067759793457,0.36468039538904473,1.4270445447737832,0.1637063769136614,0.348920104699288,1.402288415126285,0.14548137446938006,0.07528289937314143,1.2751108755492138,0.6914503545855788,0.06363963277895855,1.1383663410113691,0.4053907150458915,0.11448038968175758,1.3238565307346646,0.33473379457704927,0.12024794880051165,1.3969324353699941,0.37363604696501485,0.10501154728030157,1.4240657013762636,0.3236981865309271,0.11983866737376363,1.401038011025837,0.27891095804647703,5.875
0.3428149538448393,0.8290909655444598,0.5631420862846399,0.31051325510235295,0.3778828859770138,0.6277590045483782,0.3102757124060457,-0.03504410474297491,0.7285031699280281,0.2827624013901466,-0.06618265560152022,0.5696448968868305,0.34510743409028016,-0.05354538816569851,0.5904466987541833,0.28430112697690835,-0.12182991203619396,0.828166044080861,0.12286407036595641,0.8185438563554427,0.5607738543334163,0.14508099821970363,0.36908493786452684,0.6213157858226702,0.10452577750465718,-0.033315065093891996,0.7390480287746225,0.11964394939367953,-0.05789692838782568,0.5695635507889465,0.06200358547532006,-0.053476717583564884,0.6035925636256602,0.11257899920234447,-0.09085201326231522,0.7849059983918173,0.1929501003171238,1.366697304103569,0.7022694096794951,0.16671038759227846,1.6058520958595959,0.7144898818526604,0.1740587203784674,1.505441778807763,0.6207776634829097,0.33909729214893336,1.30391705497183,0.6695324020814051,0.2999640303108607,1.196011452008709,0.3978149530586902,0.33140506854224605,1.3520262417998308,0.2734761571315216,0.37573939465765127,1.4174632912943683,0.19377156514834398,0.36652424211626555,1.4267792016865923,0.16290687485024719,0.34841993010009503,1.3990984980908139,0.1380336079106398,0.07526137431149563,1.2750426993365482,0.690444952550982,0.05452094199609966,1.1171896807895254,0.4155976300547948,0.1147610911684199,1.3011090422432903,0.33629096950629367,0.12061150482960714,1.377411625397253,0.37911490043354035,0.1045108159009378,1.4011619869029752,0.3268614664419952,0.12017653184757879,1.377869483358937,0.27839671082119427,5.895833333333333
0.3429239116698933,0.8277224985214461,0.5681314926547897,0.31098122881598944,0.3764225129616939,0.6343499879690658,0.3111154428020541,-0.035593727255860325,0.729164229896537,0.2827943607214263,-0.06692643715599636,0.5697698241951521,0.34455112468041577,-0.05363387296337521,0.5911098099938101,0.2847832591464361,-0.1227053107971059,0.829505723360623,0.12311824134752068,0.8174323035510013,0.5659326861590608,0.1438921020297103,0.3685259965580672,0.6268596726238214,0.10410984102928056,-0.033025979415949286,0.7402994006493324,0.11844798669098233,-0.059031405892610016,0.5721388238398805,0.06194851543118405,-0.053576541830146436,0.6037113994511694,0.11226524386359027,-0.08930720480070069,0.7836690472833491,0.1951440636338069,1.3698253472896533,0.6976402033752336,0.17163816983660027,1.6097824555546567,0.709901006960695,0.18053921188802274,1.5094712174679263,0.6162395156089702,0.34205004143804,1.3053423858498872,0.6582034032259969,0.3027695824911807,1.1956376062306167,0.39323013249415273,0.33337828235058353,1.3515317089705952,0.26883565799976433,0.37889559801740114,1.4158660303978634,0.19039839455503033,0.3691560126482403,1.4250891320137071,0.16208830030915483,0.3484358125426765,1.3945969796027236,0.1315714423679893,0.07393967143841812,1.2752666269154223,0.6849088050154545,0.044768715897928996,1.0964778741283558,0.4359456635769149,0.1156342286709319,1.2710414009143016,0.3403069761925215,0.1269089069595112,1.349017752185736,0.37764053207384246,0.11113450911169787,1.367789777847629,0.3239527969176775,0.12477106559266049,1.3427819352392332,0.27941235619443583,5.916666666666667
0.3426829077982601,0.8262405045838718,0.5735194589352112,0.31145899290374424,0.37515291101918924,0.640727147508094,0.3116740613570008,-0.03637165499676871,0.7299997287416622,0.2826309291200467,-0.06701814486885835,0.5700836809942424,0.3437566482194958,-0.05346795730376844,0.5908331356915271,0.2852293817497867,-0.12341147838372135,0.8306784000589189,0.12291486729255033,0.8165012841937056,0.5718090712535239,0.1422468353966861,0.36821904849366516,0.6325396317424027,0.10375868906037217,-0.0325103657984918,0.741349614078223,0.11715234594862511,-0.059894074593252564,0.5734451518979269,0.06193771900807643,-0.05358054159595233,0.6037043288585302,0.11210382200711898,-0.08796219334837187,0.7833002250372556,0.19823901780469527,1.3738357945000133,0.6928828930196862,0.17720382973033932,1.6143774144068486,0.707315207744365,0.18858079229281405,1.5138025507534862,0.6092457508193851,0.34535995160022087,1.3070080215737028,0.64723399504524,0.30609241285666206,1.1947004031323456,0.39156153831544144,0.3351088165901787,1.351059986596352,0.2643450289345083,0.3806144243885691,1.4137031744689381,0.18410038968441977,0.3730698438087132,1.4216476380265453,0.160109268560236,0.3496363249281372,1.3889861014438027,0.1271384818103343,0.07150023227544547,1.2752228920805495,0.6762891993185258,0.03554682963747206,1.077976187435059,0.46526379304425775,0.11644106726154585,1.231159304792069,0.35021872360571515,0.1372307019357441,1.306893963561327,0.37060602205717597,0.12383813497793517,1.319717274957217,0.3178024941352906,0.13268166860756753,1.2900464852578573,0.287027590121245,5.9375
0.3422092707350882,0.8247140746530786,0.5789162406462982,0.31184996237868645,0.3740266361796832,0.6468567245570742,0.3118732367983309,-0.037122273766923064,0.7308049138612965,0.28222684781688634,-0.06615753366912501,0.5705019323082179,0.3427827280196971,-0.05290342828326584,0.5890720964527657,0.28561338678310344,-0.12394527438977813,0.8316358799496585,0.12225836958068026,0.8156381145661692,0.5781312105775043,0.14013386889894383,0.3680216454443248,0.6383654420984761,0.1034013732131925,-0.03175443460370618,0.7420515051360906,0.11584579781344684,-0.06032461348749324,0.5731956817251331,0.062039329334795806,-0.053376908448700154,0.6033927264346888,0.11196346543755747,-0.08677010338507787,0.783278065855693,0.20198806599162972,1.3781074398980557,0.6887530147899243,0.18361806247477563,1.6194825364110321,0.7049081962718677,0.19734102214386812,1.518107116963934,0.6005897076075297,0.3488064106161556,1.308688507370433,0.6379598727522,0.30937488297686383,1.1935992805719058,0.3919283058796579,0.33670732185627245,1.3511771216610369,0.2597636705898016,0.3819882550972358,1.4114848088826146,0.17683730262074743,0.37868955964096057,1.4170186631475967,0.15664972509101097,0.35250281907407255,1.3832003333728002,0.12499509640188179,0.06857785024575876,1.2744595902207858,0.6673297438352823,0.027651411775619094,1.0617156100931238,0.5004179761302343,0.11660326446697838,1.1836793545582946,0.3664666183778731,0.1493985660870775,1.252771919423555,0.36143776426460184,0.13998347782757062,1.2595072100964233,0.31240235062460187,0.1419785727331104,1.2218168693408906,0.30342951385687184,5.958333333333333
0.3415584719645259,0.8232298899288253,0.5841552154606796,0.3121214300413455,0.3730349756981475,0.6526160536313259,0.3118188975642039,-0.03777903117252272,0.731452362616262,0.281646707804985,-0.06468324744560908,0.5708880216556091,0.3415539737523423,-0.05216642275618813,0.5863460748682918,0.28592962571767094,-0.12439535254202036,0.8323771403082757,0.12119360098463107,0.8147959043217965,0.5847657173968405,0.13755106510976012,0.36781283426467326,0.6443809795371531,0.102999372422653,-0.030853801797891336,0.7423837971312877,0.11474684100959354,-0.06034465395637781,0.572008460552835,0.06217214797558757,-0.053121998078360676,0.6030128446784794,0.11183897462361875,-0.08575483656116195,0.7831247156360285,0.20622839303409302,1.3819921708324874,0.6847567737938628,0.1908976171050276,1.6248451779530124,0.7003330110012058,0.205792572020067,1.5219762860383663,0.5912127345043725,0.35220815533325356,1.3099063125669608,0.6308889095539089,0.31287105135539345,1.1918429190486588,0.39286730889638594,0.33814066453156,1.351624270304732,0.2552659171779868,0.38334661193064934,1.409590376714759,0.17094086717835624,0.38493181268334503,1.4125814938026156,0.1530260512460963,0.3567822580208732,1.378352584685853,0.12408231578477782,0.06615357818067596,1.2734729149784054,0.6601671322591759,0.021501737047977282,1.048150635834729,0.5373348095701669,0.11611067471331629,1.1343631270142212,0.3852358291708574,0.16210471432009926,1.1939163880895323,0.35207015640271555,0.15687996161725265,1.194453421663071,0.30868271467127767,0.15084514373696656,1.146776726347176,0.3266469105464517,5.979166666666667
0.3406756136827187,0.8218008946172332,0.589377426006989,0.3123389495895245,0.3722828824510853,0.65797038813109,0.3117458129927514,-0.03842516792703042,0.7319627080651427,0.28103853401993356,-0.06331927723738173,0.5710994267052605,0.34013758031566316,-0.051741829073162,0.5837185411850687,0.2861835074205855,-0.12497828274748861,0.8329062485370042,0.11982616986167335,0.8139653427953695,0.5917990940718523,0.13454597347677744,0.3676308020566581,0.6504869296239024,0.10254960209346667,-0.029803848380359654,0.742295483106541,0.11413326434501103,-0.06005953066482541,0.5709560248045088,0.062092918795483384,-0.05323963388178726,0.6032221404423107,0.11181039124590497,-0.08495701063197317,0.7829923260018193,0.21105383305126588,1.3854422726940818,0.6794124963166114,0.1989371237899908,1.630158587575056,0.691851473840783,0.2131344983606688,1.5250283771872815,0.5818481959664098,0.35579504022952135,1.3102507064840465,0.6255704956300949,0.3177378782898165,1.1878110816895824,0.39459003238884777,0.33935881121468237,1.3511309919431722,0.2517656247652451,0.3828520353622161,1.4084074931666495,0.16810557684273475,0.38866191673505046,1.4097832765049068,0.15252013616829108,0.36062191501956753,1.3753007231181906,0.12437755441196956,0.06502544651981018,1.2734036037049687,0.6555759315855669,0.01737465378104562,1.039693053946982,0.5710601266511603,0.11549389118080736,1.0899728705532492,0.40209084185714844,0.1742718495313574,1.139124127768181,0.3423444893140951,0.17220365844989916,1.13351548314717,0.30516769288759926,0.15813505638142208,1.0758152708034074,0.3511023175040632,6.0
0.3395398897860064,0.8203371200022259,0.594680239043075,0.3125493591667778,0.37190253059996015,0.6629576988967015,0.31178810488500447,-0.03904137321342761,0.7323799083356953,0.28050735966690016,-0.0625833490207408,0.5710968533787683,0.33895420117842,-0.05192147738449177,0.581885426744299,0.2863683320539594,-0.12575468429088402,0.8332166917183457,0.11825503194546841,0.813085514777383,0.599290136946869,0.131239860879165,0.36753942230427095,0.6565674160499091,0.10207091592308438,-0.028575827892351427,0.741665397243588,0.1140336923217809,-0.059511941054010586,0.5705393244466189,0.06163457757596483,-0.05400950621546801,0.6044533598936811,0.11193174841830783,-0.08428500308364532,0.783270000420419,0.21639533632819563,1.3888911553994436,0.671970784371906,0.20732677448461084,1.6350650645087565,0.6792469614053962,0.21884640112932013,1.527178411423174,0.5728842324317385,0.3598322758385638,1.3096677778581953,0.6215958537068931,0.32483568970626725,1.180414371529566,0.39832783164864183,0.3403887878063916,1.3485489809824982,0.250479342607716,0.37843007030555015,1.408561785119595,0.1689317909422974,0.3870215787172103,1.409319061300378,0.15686082098657556,0.3613344577359313,1.3743742073663832,0.12749760622212036,0.0654393850636441,1.274911112114777,0.6536981928869491,0.015465307185047596,1.0388929931042874,0.5963091080149829,0.1153201121414964,1.0555831174447323,0.41458288106919916,0.18415617906845855,1.09508832409885,0.3322200227613833,0.1839654577670986,1.0844293761322563,0.3012673012456687,0.16316895444123602,1.0185367699053052,0.3702925862344586,6.020833333333333
0.33825806822504234,0.8186599036581901,0.6000314309674067,0.3126823387814365,0.3718515551989429,0.6675609139185111,0.31187842980165986,-0.03952973721041424,0.732689066534402,0.2801527428266085,-0.06280137641121653,0.5710353482090367,0.3384816519651387,-0.05265905406818393,0.5810102329528835,0.2864600467021196,-0.1263778465410559,0.8333016048642269,0.11651165573676048,0.8120783028349039,0.6069655685682392,0.12780897778365702,0.36746995372277347,0.6626397959019222,0.10159274641726988,-0.027288445178984835,0.740545813899614,0.1142001140109424,-0.05873985698469616,0.5704973974609429,0.06083865035629379,-0.05535895048844439,0.606587220279397,0.11217185891572218,-0.08359515247224154,0.7839817519906098,0.22171481465944926,1.3925171424732523,0.6631089353619051,0.21522404414509685,1.6391634754550335,0.6638704728672847,0.22272736848174635,1.5285714298502622,0.5642376527457122,0.3641364396717427,1.3083962155035684,0.6189627805944377,0.333962161324556,1.1700834764946693,0.4040261823669611,0.3413927633340026,1.3441144643559662,0.25173549513835813,0.369384304471309,1.4102388099080736,0.17320675684777148,0.3791405105832436,1.4111730499645094,0.16400361436294547,0.35728331396666524,1.3749433284867343,0.13409288722073687,0.06716009632925288,1.2777896271925568,0.6546106362711137,0.015443944544230787,1.0455072236166112,0.6095813189060111,0.11583001582626914,1.034530635019478,0.4209801317775783,0.19001899652313042,1.0659444699299203,0.3232260594101332,0.19077406400375096,1.0522922175654084,0.29827108856794987,0.1655975583891559,0.9823986728827229,0.3787863295923067,6.041666666666667
0.33702584866240276,0.8166342493381105,0.6054730411658683,0.3126517314302638,0.37198221807911575,0.671746482960504,0.3118982622168942,-0.039842711247926044,0.7328304839042563,0.2801647370796688,-0.06420633802217093,0.5711342857036703,0.3388462009343981,-0.053839238037732134,0.5813368140297753,0.2864364699608451,-0.12644603430280374,0.8331560036116274,0.1145950250051947,0.8109687329138058,0.614364715502336,0.12438438711355163,0.36738325796995536,0.6687345537000766,0.10112785987838575,-0.02612177516571658,0.7393502958136461,0.11439633559728166,-0.05793631031150205,0.5705801943680677,0.05984815942177788,-0.057050012810747446,0.6092482896305166,0.11241789188522643,-0.08281530041992387,0.7847358046961499,0.22642752495130208,1.3958603371880731,0.6537778803004692,0.22186234708286268,1.6422178655498778,0.6476535273577411,0.22483930551549164,1.5292917279555922,0.5558660448189663,0.36826966088361623,1.306723936558401,0.6172340575047907,0.34430594756724653,1.1582379707236,0.4101465363842005,0.3422410951799039,1.339215422472273,0.2543803151185378,0.35593789271960263,1.412601815025024,0.18081859212593704,0.3653538879816172,1.4146688427150793,0.17145574115112844,0.34835243996165355,1.375616285851542,0.1426509418474486,0.06968300769525068,1.2814807652749487,0.6577694622042956,0.016229154224029808,1.0559156736621655,0.6113892464336297,0.11695820159265768,1.0288593115733582,0.4196597552160254,0.19168284189385992,1.0538792458965422,0.31732987383158506,0.19244520742668755,1.039473534789061,0.29724056134212684,0.16572691374644283,0.9712083691459243,0.37346318651635346,6.0625
0.3360274425755416,0.8143283333756209,0.6111348717935927,0.3124704042444,0.372252990974165,0.675503205766002,0.3118107724866737,-0.0399703414863522,0.7327526659937195,0.28062562478750624,-0.06653105085959676,0.5714666043425419,0.33977728490352666,-0.05537225099024307,0.5832273853914973,0.2863021439531798,-0.12597977369657387,0.832797889770632,0.11254329820339257,0.8098736327408821,0.6212778807373468,0.1210051633826103,0.36746347263694024,0.6747565783668783,0.10068397085825702,-0.0251537750600659,0.7386046236384246,0.11449626505004888,-0.05745433878782778,0.5711396321637259,0.05879780752394103,-0.05885501030996528,0.6120788302396638,0.11256432422185986,-0.08195244964992297,0.785154799391711,0.23028950600250167,1.3983354227982134,0.64451800234927,0.22714680957036087,1.6443236234986478,0.6324299213407134,0.22564380862945346,1.5295230069809,0.5476214850532055,0.3718089005052687,1.3047923795526062,0.6155060981007986,0.35494053429611855,1.146341653456334,0.41547371666823274,0.3419577618189851,1.3346667102458623,0.2569331444902391,0.3389295133817356,1.4142137314200247,0.1915819416831373,0.34660026806962374,1.4180312989723656,0.17954219114718595,0.33524729983869805,1.375255575626088,0.1515043756777366,0.07237894206627295,1.2856165917159805,0.6615996326658461,0.016766684938010423,1.065894500770256,0.6059074181776324,0.11868071275495917,1.036592594101096,0.4108183568994106,0.1912378114677349,1.0570386060351828,0.3140022835092968,0.19102322825581655,1.0435860542589022,0.29664750222275293,0.16512798173435012,0.9812635471998804,0.3556885848027064,6.083333333333333
0.33530034963600097,0.8119446008004887,0.6170912903813924,0.31222281718539535,0.37275079145110784,0.6788191956980874,0.31164896437903594,-0.03993069696819457,0.73250896475693,0.2813107602962004,-0.06892260616793122,0.571991772838744,0.3408820445267912,-0.05700472588002497,0.5862136463205355,0.2861046074852806,-0.1253219900220992,0.8323337284502863,0.11045454049738139,0.8088932687322996,0.6279159991036184,0.11768316241684887,0.3679205153797553,0.6805559959055238,0.10028019532172143,-0.02436574044047808,0.738566277629293,0.1143845647231256,-0.0575804615462024,0.5725953393290011,0.057804254569152086,-0.06056881435830583,0.614756025288079,0.11261973403828995,-0.08111994579918325,0.785218909856797,0.2332301980132832,1.3998579396840547,0.6360474768347719,0.23142783211791168,1.6457395114400497,0.6197469719021177,0.22621878748299995,1.5296079715448363,0.5388815195544541,0.37440434984837195,1.3026316230914816,0.6135611319983725,0.3647847894599154,1.1353017130000054,0.42003697244774724,0.33931187704425336,1.329853081417852,0.25882291853705564,0.31980941386737133,1.4137819321612801,0.2043377751831764,0.32482049875002994,1.4190056655436745,0.1897524325943156,0.31923808890477495,1.373606885865293,0.16039337915195154,0.07459625179178564,1.2900692791674684,0.6641559520448135,0.01671534840866365,1.073734620106325,0.5977544732283829,0.12123524362756861,1.0504746040214636,0.39739636571646497,0.19181056939496455,1.067973203506713,0.30953936412963023,0.1904502302992832,1.0561962067525112,0.2935426460288215,0.1660321780870953,1.000831730395557,0.33200714299360673,6.104166666666667
0.33469343914811467,0.8096033539080905,0.6232511255576355,0.3120039382235593,0.3734874178855009,0.6817137071429545,0.3114703227673514,-0.03983255537405467,0.7322912878154506,0.2819006573325478,-0.07049381059531828,0.5726650286591232,0.34194968177814555,-0.058329960941184235,0.5889719094803265,0.28592610245514427,-0.12478788183030458,0.8319521227191445,0.1084504151849654,0.8080618685849101,0.634541136478984,0.11444529282092837,0.36871046125836,0.6859469173982162,0.0999192574855977,-0.02374682924791567,0.7390619683807653,0.11401390023750521,-0.05838580936624996,0.5745489650837329,0.05699690247813806,-0.06195873644681599,0.616917797822142,0.11264548363347411,-0.08046990285351491,0.785102481760721,0.2352183177369629,1.4007400832832624,0.6293034933161699,0.23476907166328478,1.6465526462828748,0.6107996131900911,0.22766786121871613,1.5296733438840817,0.5297747635336123,0.37601517344641455,1.3004197033554639,0.6120614667925572,0.3724691549581408,1.1257442004039766,0.42415161519079014,0.33391083607094163,1.323910918118772,0.260004158569264,0.30022750194374226,1.4105110896891397,0.2167403150130375,0.3027296978850331,1.4162120086162135,0.20121575173370018,0.30205077086271337,1.3707358042925015,0.16900820886655932,0.07593626379729264,1.2945105687248604,0.6643459945238104,0.016264709917908744,1.0799083123167545,0.589001868163447,0.1248177239315544,1.0627639144869216,0.3835945258438054,0.19534614840287476,1.078009539532464,0.3009485856595632,0.19388591245212206,1.0677293769141154,0.28691229622216446,0.1692885459911673,1.0170726632055542,0.3106496927804614,6.125
0.3340106379466224,0.8073152038626438,0.6292788587810371,0.3118744999773363,0.37423344275477666,0.6842312194758794,0.31131828891754415,-0.03984238117327257,0.7322620538908379,0.282185095923218,-0.07075118035871332,0.5732619647332515,0.34295767822066275,-0.05906587353512809,0.5906120380198279,0.28582653914332323,-0.12450060462100242,0.8317622560477451,0.10664622099388654,0.8073762148463337,0.6410198448721647,0.1113331634640099,0.369625553258305,0.6907436160713365,0.0995715009634486,-0.023280510620689324,0.7395655694569504,0.11344890755647422,-0.05972984901922088,0.5760946292374419,0.056518432021190446,-0.06276568947218066,0.618167811177181,0.11261962175354848,-0.08004636305823111,0.7848835993414974,0.2364104186209572,1.4011641222872337,0.6247251910898078,0.23692658321156035,1.6467095114402799,0.6062105594094555,0.23021301279664463,1.5296268604029486,0.521543504294725,0.37696048556757095,1.2986442121745467,0.6112119006001511,0.37670922244230354,1.1184151476840187,0.4273690186145691,0.3260068905324143,1.3168388066408836,0.26016121173198303,0.2819417804359411,1.4037330868894007,0.22607317359935347,0.282738590983118,1.408969156913212,0.21011946003169574,0.2853677718821864,1.365874451166575,0.17555279075638772,0.07651583989855144,1.2983477329417592,0.6626796110972576,0.015827464302767782,1.0848113829336536,0.5793970176294455,0.12945516546550317,1.07017455995638,0.3720372062858469,0.20192113264892086,1.0826402057634283,0.28923913187047723,0.20171162942146628,1.0730133365150574,0.2783517570239704,0.17401060331297483,1.0237109239540514,0.2969371103507289,6.145833333333333
0.3331784175458025,0.8051627814883564,0.6346628657476626,0.31182800231162966,0.3747002007070283,0.6863909647310538,0.311204674183931,-0.04009641138094279,0.7323900388764937,0.2820483874274127,-0.06977491571847731,0.5732960192141631,0.34380904303847165,-0.05920285035687932,0.5910087803333326,0.2857956551405251,-0.12439815451428257,0.8316968103942309,0.1051287883259571,0.8069580507559008,0.6468535046078465,0.10841785654719488,0.3704863574006541,0.6949580247967296,0.09918852232133997,-0.022898065216232666,0.7395974816493535,0.11270432054035712,-0.06123148742447363,0.5768051659879894,0.05642077883656784,-0.06289282972468485,0.6183591284956499,0.11247954649548184,-0.07985016293111928,0.7845570990293786,0.23716989296209157,1.4010482229161414,0.6220900910306763,0.23795793724081638,1.6464073056459194,0.6051708299773744,0.23327871307628717,1.5295067060884882,0.5146931399730823,0.37762196239401774,1.2978252953430807,0.6102568468421878,0.37723859422000905,1.1135039664333641,0.4287808595647232,0.3157127077790622,1.308663157615605,0.2589897142895375,0.26641480674194445,1.3925218155312462,0.23085971506927916,0.26587692191702395,1.3966433232862103,0.2129775484718343,0.2702982331956453,1.3571587013155744,0.1781032255886873,0.07680921001817867,1.3014474526122457,0.6603369508875476,0.015762731721931995,1.0884447346647939,0.5686092208835323,0.1353444688045231,1.0733586925866847,0.3619989648127814,0.2107139116047541,1.0813228810005857,0.27732185818672295,0.21227466613558255,1.0711133681453384,0.26979011430152566,0.17933865666435525,1.0214693808099697,0.29176201256988654,6.166666666666667
0.33227619812874326,0.8033332148296476,0.63909849656929,0.311812106741932,0.37484516133621837,0.6881608959199794,0.3111253226696016,-0.04068206847531128,0.7325490258593217,0.28152097653579244,-0.06822156537026254,0.5723756456825518,0.3442215232851574,-0.058966713028741305,0.5902316914268407,0.28578898866041075,-0.12436576971366804,0.8316334992495442,0.10389854079697226,0.8070461109421894,0.6515578964265282,0.10585005450729865,0.371157581244108,0.6987322171399023,0.09872852540751771,-0.022544243685759968,0.7390646179433259,0.11166686229121497,-0.06244036351797265,0.5770313688279322,0.05655029085400763,-0.06261154866222121,0.6179094000545996,0.11223259509707989,-0.0799755210832093,0.7841037860000761,0.23792467964876562,1.4004783386506405,0.6205914780947231,0.2384238434213541,1.6462603941004625,0.6051237854890605,0.23625890636517816,1.5295315960489397,0.508310381171629,0.3784387886374304,1.2979570936381843,0.6084303299744318,0.3752599446866901,1.109860111697744,0.4281588764090892,0.3031703854479212,1.298138583255816,0.2566963159088529,0.2530994278504713,1.3765717009559468,0.23162694850824508,0.25115185385068084,1.379760643659359,0.20985169748249502,0.2566036084592302,1.3429541478930807,0.17642895327482594,0.07728298208959575,1.3044325884605832,0.6574609199728637,0.01607609711837245,1.0912134688486164,0.557577808401837,0.14282271498388638,1.073878292205724,0.3513713429315557,0.2207447002890967,1.0752741599138103,0.2663800893031293,0.22361904955633827,1.063521326187117,0.2614362083688609,0.1851608397997444,1.0140819348577228,0.29211967210618145,6.1875
0.3314442265056258,0.8018980145451073,0.6428659853661145,0.31182067545052955,0.37481605521386685,0.6895665150171358,0.31106976280981297,-0.04157206571445994,0.732683955971391,0.2807494338452216,-0.06677804994954348,0.5705358263121812,0.34403667642281843,-0.058631780603937284,0.5884606637170521,0.2857927923115606,-0.12440210744945701,0.831528470445125,0.10287883908478854,0.8075718062757113,0.655122248869463,0.1038512048774094,0.37163226446057795,0.7019890920240912,0.09816173897384002,-0.022196004170546124,0.7380815722538263,0.11030117238251082,-0.06313946866936529,0.5772758452897434,0.056667843946055,-0.06234907314998718,0.6174758645870172,0.11191362579328888,-0.08047838870378547,0.7834658479807296,0.2390332624942803,1.3999015329975157,0.6190478651807811,0.23894377122800453,1.6468454517983178,0.6038012693206616,0.23886734812137145,1.5299173495474996,0.5015995034336451,0.37996397868639353,1.2984358590680865,0.6051521723478649,0.37252179719186795,1.1058587812718343,0.42643037577557563,0.28920072706396655,1.283720539163134,0.25351440975057976,0.2394801153043929,1.357288414681334,0.2295835627520471,0.23637700981958776,1.360565827147647,0.20282670892916269,0.24242116026145566,1.3235512541298915,0.1719096978150762,0.07818228295000534,1.3077663611457389,0.6534765510702958,0.01658513111653187,1.0938143686556197,0.5475998796239164,0.1518569384770998,1.0722332807835602,0.3400702170643122,0.23095117917762464,1.06628299736871,0.2560572151719745,0.23447319545238837,1.0527990731505337,0.25245173951469363,0.19130347276338674,1.005135088639713,0.2925752319456797,6.208333333333333
0.3307702979360644,0.8007077430708682,0.6465465075556285,0.3119745637743862,0.3746177286209941,0.6909260830089894,0.311034519923908,-0.04257535985157172,0.7328117271713156,0.2798554423045505,-0.06560639182406182,0.5681640384549929,0.34344910171791965,-0.058296935243538836,0.5860369287632224,0.2858366934496549,-0.12466738030208445,0.8314192133347843,0.10204381366052226,0.8080156547007887,0.6581485997611427,0.10254060594208304,0.37211463382230947,0.7044308011283974,0.09747319976491647,-0.0218352636857609,0.7367545015797079,0.10888177947651537,-0.0631930597883302,0.5772540296878365,0.05668384118170146,-0.062270760976760826,0.6173110331469142,0.1115006717843466,-0.0811831484054736,0.7826478007329051,0.24057541313228825,1.3996306497411095,0.616823338034009,0.23973898260586107,1.6480751972520493,0.6013315600273523,0.24103783372267637,1.5306727233682031,0.4947670324250987,0.38242685495155565,1.2986593788530871,0.599942015392822,0.3699614494334251,1.1009738178183746,0.4247123945061622,0.27526707583668353,1.2659535386748422,0.2491134984120903,0.22393861353633707,1.3368158678218092,0.22525800078488223,0.22025508895441892,1.3409536584877837,0.19235192738383827,0.22596463150361398,1.3007109880717778,0.1661403676680995,0.07952009632215952,1.3109997770604633,0.6484798366213832,0.017555213614198727,1.0968578277631176,0.5385302341854334,0.16176747717796552,1.0677029184870788,0.3296364519671008,0.24026676695677313,1.055084290238613,0.24701505554876685,0.24415698128419838,1.040327024147233,0.2433785573016356,0.19708423353238058,0.9965046695862744,0.28816219876517213,6.229166666666667
0.3302655606386938,0.7994775686748092,0.6504289179722353,0.3124213602949151,0.37408570726939916,0.6926601431071335,0.3110306119046813,-0.04348651734207605,0.7329468341001807,0.2789673327490089,-0.0646060457633214,0.5657218439560955,0.3426955779287835,-0.05793114506101114,0.5833418802493651,0.28595257375844224,-0.12532076301327327,0.8313725962677225,0.10150549890119658,0.807879733064195,0.6612233470514919,0.10181024482356231,0.37275531202067413,0.7059747331304853,0.09673132832805148,-0.021489600892705407,0.7353366124646635,0.10786769870772774,-0.0622577119806737,0.5760057899596303,0.05665498301196458,-0.062276555212836114,0.6172662894941148,0.11097125035723185,-0.08183050356299329,0.7818165222697685,0.24228780372160474,1.3994931746001402,0.6142912555065492,0.24073459242954975,1.649350273366733,0.5992435006751919,0.2428178897010888,1.5314473759956122,0.48844491807634294,0.3853841105374743,1.298418223847153,0.5934474022836967,0.36754442715964686,1.0958488373085058,0.4232695162290617,0.26244038462697555,1.2474037076763642,0.24320270405874844,0.2066163999307628,1.315794701784664,0.21899641107128304,0.20289736470034125,1.3205072537215794,0.1778738348340382,0.20761749015233263,1.2753902403141006,0.15979841764265365,0.08116331912147388,1.3133860397379633,0.6427734841939444,0.02005375066022934,1.1004793922030331,0.5292693716224286,0.17157042800998834,1.0596788045343837,0.3205817166657109,0.2479106906356079,1.040708126257462,0.24136096916215655,0.25199892028339255,1.0254608530039926,0.2366122954275336,0.20201442647585222,0.9884774867581618,0.27651113290515417,6.25
0.3299114454058391,0.7978318347616803,0.654546616447808,0.3131054185277514,0.37319614097165626,0.694827581695623,0.311060610134789,-0.044230314761450285,0.733079879509717,0.27827491468152876,-0.06384991653418844,0.5635433103439995,0.34183511492685237,-0.05752041533202776,0.580666810656541,0.28613285109965886,-0.12631195327498562,0.8314277420240594,0.10145924666371611,0.8070589746913827,0.6642526579743416,0.10146878995465514,0.37337796150754216,0.7069184746066296,0.0960957094588495,-0.021234073192656133,0.7342233684358785,0.10750552449629287,-0.06011183958736918,0.5732598878551287,0.056633160737846674,-0.06226854834772775,0.6172017514474407,0.11039325759224822,-0.08237200145464336,0.7811184156935358,0.24379712280997606,1.3991135432910848,0.6121727613938499,0.24182502823346877,1.6502760587991574,0.5985143723205402,0.24425839494082052,1.5317461879121712,0.48315958942331794,0.38806292606465487,1.2977261581581523,0.5874285334388889,0.365058181249724,1.0913388011800345,0.4217483119591577,0.2503676666424007,1.2296760761338545,0.2370428389499835,0.18762853141448646,1.2927654040407033,0.21224515145778278,0.1843849080992681,1.2966147330854891,0.16197878670596688,0.1893382456488606,1.247304117860043,0.15356024865151519,0.08294199432646215,1.3147023159767373,0.6361815015370953,0.025406187845606158,1.1038887153008736,0.519702730140671,0.18048382635171956,1.0486647602705648,0.31216565763046966,0.25363156370454487,1.022354703322294,0.2400647376275617,0.25751621347277,1.007424544283708,0.2338512296911513,0.20668799778484134,0.980667726910201,0.25745137809153523,6.270833333333333
0.3296747475611017,0.7954678592623731,0.6589160581572733,0.3137736297643195,0.3720746485000739,0.6972475779750384,0.31111197710785354,-0.044816861710735054,0.7331996635843175,0.2778887475984952,-0.06345385572303283,0.5618311205409652,0.34101516909327534,-0.05708111807259705,0.5781939955619032,0.286339779231358,-0.127428430473096,0.8315694393192976,0.10203254105187712,0.8056688082083744,0.6667743177000091,0.1014167535935791,0.3736262302205392,0.7075747725722228,0.09567197874388905,-0.021088538822956457,0.7335981823511957,0.1076740831629672,-0.05711635778594688,0.5699347282542636,0.0566226144158707,-0.06224033025582241,0.6171043531954112,0.10986673770311853,-0.08296785840813951,0.7805135150642473,0.24481975941782702,1.3982868282249132,0.6109399643149278,0.24285547376507705,1.650886423664044,0.5993203162128566,0.24537426748312974,1.53141552690832,0.47903514658822965,0.3899372967617457,1.2966686709737734,0.5832060311388645,0.3625924729941969,1.08792312268041,0.42009034994561567,0.23785288226921528,1.2117214660076239,0.2338928696916498,0.16683137017141134,1.2659554538213005,0.20768092232046362,0.16413370259772017,1.266531127149443,0.15147163263131458,0.17200009805850305,1.216400753299628,0.15055899926879168,0.08473716649921591,1.3151066837039505,0.62896077143283,0.034126791818134536,1.1058725171517274,0.5108084897638346,0.18789185105691175,1.035814312949054,0.3041792087220325,0.25784687653931104,1.001499095024225,0.24078765326761548,0.26128799793023455,0.9876063661925722,0.2332492988195881,0.21216231768591653,0.9725290602573718,0.23269534900820626,6.291666666666667
0.32943827303117884,0.7924527540236814,0.6634187765696014,0.3142363506008987,0.3707960183804965,0.6997246958194118,0.311173822261781,-0.04526023725250308,0.7333055912073558,0.27776898418967877,-0.0634096725192925,0.5607637504622789,0.3405550707351242,-0.05666832572328041,0.5761781675701236,0.286538051314145,-0.12848300550966213,0.8317502802762873,0.1031377752965887,0.8037314955456523,0.6686607529049513,0.10156679134229755,0.37322712779412004,0.7080842746608056,0.09543897510247862,-0.02096162269866257,0.7333436881728435,0.10814692988418344,-0.05396286103948738,0.5668002408381606,0.05661336933111279,-0.062219089399825574,0.617005766209346,0.10943132827528901,-0.08371139818843323,0.7799280143640869,0.245254227691828,1.3970874415859318,0.6106610111225074,0.24365905540516297,1.6513060652497613,0.6013769263512206,0.2462015666009878,1.5307221711528283,0.47606435039786327,0.39090608459313225,1.2954339915524025,0.5811684056652846,0.3604866389546545,1.0854824759162174,0.4191981524693301,0.2245874858073184,1.191584294587246,0.2366339939654224,0.14529015936550563,1.2349793384088894,0.20661660441865687,0.14232126329058756,1.2300485916738921,0.15214495248171298,0.154921478745238,1.1831597612437625,0.15559823994219066,0.08637799631738902,1.3146997387658175,0.6220705407515776,0.04542538302144336,1.1059726971828652,0.5033842585627792,0.192932288139053,1.0220808827843515,0.2982170542675109,0.26133529820117635,0.9810052767746849,0.24002575636096124,0.26466053969587733,0.9690301956659215,0.23090759839443065,0.2179493774748441,0.9630523865873275,0.20843338923184865,6.3125
0.32896498333328617,0.7891694344138777,0.6679398277460162,0.3144935111994232,0.3694735428341314,0.7018875269486992,0.3112417576649519,-0.04556625926984936,0.7334045915026101,0.2778310182332725,-0.06366396052035557,0.5603515825470347,0.34059002957015017,-0.056399801008734055,0.5750510006255544,0.28670151859802123,-0.1293527836186726,0.8319127155053975,0.10444898561085954,0.8012328258344777,0.6702263496233262,0.1017356212524214,0.3721201278406745,0.7086499475186607,0.09535254289415218,-0.02081648466176228,0.7333294066234385,0.1088587103149509,-0.05118482452320916,0.5636508905627529,0.05660034466864025,-0.06221990612755975,0.6169382578715629,0.10910545493042959,-0.08444759539217507,0.7794294855381213,0.2452592823293301,1.3957693223553802,0.6109241997006161,0.24422720546960258,1.6515160412089283,0.6039162289247295,0.2467662012185073,1.5299515648907915,0.47478318438422346,0.3911704139861154,1.2942540361913397,0.5810897866485898,0.35900855019597244,1.0834442014451788,0.4205672821607359,0.21171578729470902,1.1684151841209507,0.2450760336163489,0.1256166878214317,1.1999695591949822,0.20651312442221606,0.12158051391238356,1.1891608227455561,0.1626882951922731,0.1382749795410153,1.147757229203979,0.17028868578200812,0.08756283452873381,1.3135334698590453,0.6163309990464922,0.057855652643250724,1.1048419892270673,0.4975215026656199,0.1948440903856875,1.0079251242679947,0.29695067420177235,0.2641988649119727,0.9621648022513373,0.23801321376689347,0.26794307182338234,0.9527705895861089,0.22669252453016825,0.22159877366057695,0.9502024540115721,0.19538269244723439,6.333333333333333
0.32808439108227316,0.7859258666998742,0.6724763231400819,0.31466867909197205,0.36830390659073425,0.7033933089000248,0.31131972118052487,-0.045732164114429916,0.7334903427497732,0.27795391878827186,-0.06414822100702662,0.5601250654357013,0.3409552193489809,-0.05637599293740971,0.5750573834341192,0.2868144017974312,-0.12996391637457297,0.832013862301546,0.10557653754049176,0.7983107504715119,0.671864379408134,0.10180256799211752,0.37051821922477507,0.7094645511714114,0.09542784143519925,-0.020810723485268245,0.7335581413498569,0.10981588793474079,-0.04912221217405217,0.5604866346057269,0.05658502202581346,-0.062238444248531005,0.6169147161949937,0.10892321215515212,-0.08496979043540764,0.7791594644499524,0.2451117979414516,1.3945729151922248,0.6111469768592984,0.24465020352109476,1.6514507562849485,0.605994758797164,0.24702879702052766,1.5292336966410187,0.4756383217902154,0.3910463528207276,1.2933055311928574,0.5820465966749305,0.35818539488400974,1.081173235162875,0.4250838430583056,0.20070091530194653,1.1422762018368242,0.2570428025033429,0.11072761890100669,1.1602204942012881,0.20369198440604924,0.1059520772240997,1.145342827146575,0.17624890857852893,0.12385077692787862,1.1099054397258,0.19162956734613268,0.08806888192683943,1.3118110997262353,0.6121917524274262,0.07016586274754469,1.103593035170491,0.4930296365559579,0.19390697120542316,0.9934547615827308,0.30208851044007834,0.2654344381657139,0.9438852821716501,0.23916019031047075,0.26959364435018773,0.9363897343833574,0.2257519759903519,0.22101621069463068,0.9320800862570816,0.20147115018047126,6.354166666666667
0.32683662739818337,0.7828190179892768,0.6767295881267958,0.31488768875955536,0.3673745533349801,0.7042920857592158,0.3114335118951346,-0.04571275406893864,0.7334804802207019,0.27799611402396535,-0.0647994103456491,0.5595079118553513,0.34149688255546856,-0.056526820553670074,0.5756838970814182,0.28688001957887327,-0.13032464261767682,0.8320568102369846,0.10631702976281136,0.7952045986856005,0.6737212876265304,0.10184208823360633,0.36875575419763323,0.710360768044088,0.09568885131657778,-0.021079159108700285,0.7340017745165294,0.11080985408254035,-0.04800506450429474,0.5583718434891445,0.056570820826964255,-0.062264707426825425,0.6169218690465059,0.10888817088004792,-0.08530248759308683,0.7791791944207334,0.24490976180743163,1.3936785425565281,0.6111236104224724,0.2449181509789955,1.6511836799815276,0.6071066128640771,0.24691602320024067,1.5287245246164511,0.47819235091247003,0.39077858772197044,1.2926373338654893,0.5831169533048293,0.3580298424054785,1.0780928593004002,0.4326932615110983,0.19229521954476728,1.1133455675172723,0.2712038786159574,0.10277116814627132,1.1156962861365838,0.19725507042491533,0.09779501605781775,1.099208559644589,0.1883627636884055,0.11327132397639732,1.0695186954745284,0.21593406390979336,0.08792857100177402,1.3098815921822695,0.6096968694785689,0.08128443447973766,1.102746871620611,0.48995737656807903,0.19117845121795846,0.97876632441636,0.3135445691067261,0.26391061940796073,0.9250209802390497,0.24669039901790563,0.2676849191510315,0.9174269060307176,0.23238891502447206,0.21624403410709298,0.9090109308803902,0.22612607554901476,6.375
0.32531815224441585,0.7799065383488054,0.6801702369496448,0.31517388212249586,0.36659819280522393,0.7048600637424506,0.31161705154266334,-0.04541263177431516,0.7332249092726985,0.27797295498525315,-0.0655443964641438,0.5586839954729093,0.3421675767285618,-0.056651014271155854,0.5760053899904423,0.2869110206932494,-0.13049007401592097,0.8320697342500821,0.1067091953430896,0.7921243618908295,0.675642471369843,0.1019469921805718,0.36697768105886497,0.7109622016897288,0.09610200142409922,-0.021527999149421814,0.7344607860356913,0.11138535079949093,-0.04797336222687009,0.5584591190488801,0.05655979327353827,-0.06229337980827073,0.6169428375456397,0.10897816747801191,-0.08557591176172744,0.7794346126241206,0.24455218406809676,1.3933852976313734,0.6110431309985682,0.24496560844196327,1.6509504573105838,0.6073640891951162,0.2464716010381796,1.5286322459015802,0.48205338282126065,0.39052217974039605,1.2920559768792779,0.5842559900223292,0.35857077142379523,1.0737018716329323,0.4430602718317068,0.18683137124796761,1.0822510722106131,0.28686792955609514,0.10233218968886901,1.0693300547797886,0.18947808504624164,0.09661429288317253,1.0526439025937735,0.20048870390035506,0.10681285806099514,1.0278970596683763,0.24086246951528015,0.08732644212045873,1.3080490760821304,0.6085678588266387,0.09003165531491852,1.101555957360709,0.4889111329383642,0.18745407232781386,0.9640230765758875,0.3298173487937263,0.2594198281695984,0.9063182246839354,0.2594507298652881,0.26174660524371324,0.8965694319629997,0.24580282779834306,0.20872245173548243,0.88341598963843,0.2628555615876342,6.395833333333333
0.3236252670019155,0.7772873182491437,0.6825360159250877,0.31546833527934226,0.3657974498218291,0.705361830283787,0.3118495535720701,-0.04478049458861759,0.7327047390210091,0.2780694258814851,-0.06632717837232904,0.5584830201218564,0.3428589260058456,-0.05668228603897259,0.5759016452414042,0.2869131004631112,-0.13049130059865008,0.8320628593132698,0.10690288756601966,0.7891559111832896,0.677387406547631,0.10208428391197226,0.36507421520652633,0.7111592606174182,0.09658380687036905,-0.02195788321035587,0.7347031328155923,0.11127532084179215,-0.04896545958019196,0.5608077548201489,0.05655315019467561,-0.06232277283274403,0.616973640806721,0.10919458951152322,-0.0857943879210404,0.7798077805979132,0.24396395839120955,1.3940215257715105,0.6111020560819106,0.24485653502813612,1.6509767041515655,0.6072735338026055,0.24597057756781932,1.52906147507986,0.48757092013639747,0.3904357464990085,1.2912067723074692,0.5854522959343722,0.3596619968588637,1.0678913901013027,0.45569190478195276,0.18477177972888648,1.0511485171232082,0.3021490711401943,0.10688650644270005,1.0265238265198413,0.18605119444441817,0.10039545528084284,1.0097317089533344,0.21547098180013635,0.10353772949444241,0.9885900950624945,0.2641686058921019,0.08635124088805314,1.306412165923757,0.6087817587785088,0.09551195744324142,1.0987317015172842,0.49026128253281787,0.18309559862047353,0.94918212281245,0.34862972772299233,0.2527050517315762,0.8893955351218745,0.2744276941917322,0.25290997535721454,0.8762058291838096,0.26288414964666246,0.19981159825376615,0.8581212319157637,0.30389335285980934,6.416666666666667
0.3219591056763937,0.7751058368511935,0.6838220468304388,0.31569846067941415,0.3647888751461913,0.7060615411888176,0.3120484112944111,-0.04392239720995347,0.7321479306148119,0.2784214691474064,-0.06723629859333519,0.559413594736922,0.34341714364809944,-0.05677248697513084,0.5762395675735235,0.28688677271668495,-0.13033257339580348,0.8320327876014227,0.10706133899456996,0.7862557083820388,0.6788493989627005,0.10218683193269619,0.36288939197613723,0.7112701205444935,0.09703948474868437,-0.022240532596855184,0.7346493979640686,0.11076290956937113,-0.05040497853112893,0.5642582400700363,0.056552574433952105,-0.06235027026005252,0.6170087556555393,0.10954877738723767,-0.08594454522768961,0.7801960299027695,0.2431900053046882,1.3955299642234438,0.6113355188034297,0.2447523109898374,1.6513206911011746,0.6073046381071838,0.24574216676995658,1.5298914111558384,0.4949103323460492,0.39059728339054856,1.2899004596836603,0.5863243285780331,0.3611139687610723,1.061255482586769,0.46944364108280756,0.18611467137753718,1.0236187794368337,0.31438894343030066,0.11185959706551424,0.9915709781599301,0.19375516147179517,0.10735241802206062,0.9743302862943275,0.23374546487110603,0.10243094574959843,0.9556141923744186,0.2838432049577697,0.0849297984328033,1.3048851888485375,0.6101128380112951,0.09786740770337071,1.0937986184442179,0.49273036146540566,0.17852412518518815,0.9341829192014678,0.367696341493555,0.2448311667403375,0.8746764507738685,0.28979022312683045,0.24271891745908103,0.857798445060986,0.2812992015804458,0.19047572214377567,0.8355217191989291,0.3419980620146694,6.4375
0.32049803459096843,0.7735395061063008,0.6842470517609482,0.3158108993518869,0.3634800958411852,0.7071437431296527,0.3121699500606385,-0.04309048805435628,0.7318337950749081,0.279010133023725,-0.06837227057852041,0.5613513540393791,0.34373411591794206,-0.05706247431231657,0.5776868649679353,0.28683368086410915,-0.1300138850793592,0.8319838069378755,0.10728345108071599,0.7833917078955291,0.6800434145852177,0.1022328750485196,0.36045361962743533,0.7117097614074979,0.09741568847139054,-0.02241493414510387,0.7343527655815155,0.11035350142583995,-0.05157674555709027,0.5674850957463983,0.056560959641489064,-0.062370603658778986,0.6170314020691963,0.11000831717814503,-0.08610517977383571,0.7805854701305835,0.2423405524324231,1.3975048802398238,0.6116678886366123,0.24475902079668577,1.651908814033052,0.6074492454936073,0.24587962846866693,1.5307491160235387,0.5035070759974312,0.39083384497075735,1.2882549452536036,0.5874643285446208,0.36290840258487556,1.0549295563565242,0.4824303225949511,0.18950478049182917,1.0024703080829336,0.321908579068626,0.11579571330306146,0.9637814206039129,0.2142320974007873,0.11641397372275737,0.9466158849343383,0.2551463513439142,0.10374336351519005,0.9301422854457218,0.29965572100506344,0.08303445263504969,1.3034111988202643,0.6112733374848284,0.09837661378570406,1.0871608626338025,0.49436334701816076,0.17462254573116587,0.919501324940035,0.38455958297226284,0.2369425814311733,0.8612781607936961,0.3047861090462667,0.23249315159657652,0.8414190338314816,0.29888881734025824,0.18210853506333402,0.8171929357829913,0.3710151066072581,6.458333333333333
0.3192309751095351,0.7726745449077524,0.6842815455353276,0.31580036096049424,0.36204047888025,0.7084452118105218,0.3122547030618508,-0.042506750550060285,0.7318830093117611,0.2797386543355193,-0.06966925148183162,0.563914008439711,0.34381089444291,-0.05751109195257749,0.5800481488912033,0.28675487400180955,-0.12953139135029323,0.8319237784979258,0.10753584152038825,0.7806382273201428,0.6809809678039654,0.10226050696736498,0.35806968501413067,0.7124390835944149,0.09772958697844494,-0.022637347794102147,0.7338893144122481,0.1102525757088274,-0.05250140322842855,0.5701588336369411,0.05658044563359148,-0.06238042346304135,0.6170263643706695,0.11048975597136187,-0.08627353613106867,0.7810220492944218,0.24156461244284433,1.3996102612409271,0.611912855088119,0.24488568836601377,1.6526410809846424,0.607408440156164,0.24618259580826996,1.531194277776899,0.5127470182393428,0.39091021308417917,1.2865812963376355,0.5900181082603968,0.36519849367411605,1.0500980746203543,0.49258746297128914,0.192893236959541,0.987916126395197,0.32501456733367273,0.12139842208542898,0.9386392150740618,0.24328409421412367,0.12589130958600672,0.9233823420352134,0.28080669385703727,0.10798610732539099,0.9103096235354526,0.31351793182518933,0.08084177596159073,1.3020330494807149,0.6113049436849682,0.09849685405145833,1.079348609027042,0.49477951926687125,0.17236594992718982,0.9062224394022514,0.39629078532747314,0.23030934263441877,0.8487405024892075,0.31797972235244454,0.2234734873150574,0.8270155220170378,0.3129497360609866,0.1766723569492973,0.8036107915989141,0.38673226948827877,6.479166666666667
0.3180841338780814,0.7724356482708848,0.6841216928090017,0.3156993128856463,0.36085905010713526,0.7094032731798724,0.3123304369665915,-0.042193851176103095,0.7322632960119299,0.28051483479791217,-0.07102467185149554,0.5666830480067332,0.3438471946170214,-0.05798429651647159,0.5827492055066417,0.2866485317353811,-0.12887400014812625,0.8318527830499236,0.1077470219923229,0.7780985695404478,0.6816200378387085,0.10235432862265831,0.35604108509803867,0.7129322404093086,0.09802469914181401,-0.02294705344267642,0.7332998972483552,0.11039098228497787,-0.05381652313066564,0.57261566229888,0.056606829595208505,-0.06238425851350218,0.6169930658123347,0.11092505857361262,-0.08627136058429356,0.7815290096446054,0.24101889941108146,1.4016440440734832,0.6118910971968776,0.24502894278263865,1.653410295387265,0.6072852237602069,0.2463194589899944,1.5310220765423537,0.5223024645250585,0.3909023335483598,1.285206273572454,0.5938377223335944,0.3681669433870493,1.0472834222520468,0.4987757883381351,0.19530256796371898,0.9782266087141326,0.32613944245102267,0.13023351053484572,0.9138929204417943,0.27521544187980834,0.1328758547742647,0.9022555831167343,0.31130779004778736,0.11378326076035714,0.8934696436210212,0.32865479487021065,0.07867970858704897,1.300654742409013,0.611265884917672,0.09877161230903361,1.0710242688952651,0.49503599483315164,0.17177462082203862,0.8956114575001206,0.40121964457242454,0.2257582965767252,0.8380063454572062,0.32714887696905637,0.21668476965355318,0.8155314838781477,0.3214538070855286,0.17504689148352393,0.794600418661821,0.3887480741124365,6.5
0.31709700442742,0.7726611948485196,0.6833969560854547,0.31553912130700634,0.3601350053521538,0.709506807800822,0.31233838970885097,-0.04204425331852228,0.7328912536905863,0.2812602631107686,-0.0723707002241814,0.569232626408675,0.3440491452572257,-0.058394984540979904,0.5853571316508268,0.28651234860660985,-0.12803692787171467,0.8317675336153462,0.10795284856486002,0.7758242773055937,0.6819275815286068,0.10255757175627866,0.3543568142620266,0.7128312294441062,0.0983369815550219,-0.02321382901800373,0.7326602378362373,0.11069999352361554,-0.05596188844748688,0.5749456990695405,0.05663075892339657,-0.0623926879830465,0.6169509455898694,0.11131613405562908,-0.08598472403579745,0.7820826329665199,0.24074473703473315,1.4033477634513865,0.6118139749524356,0.24499918634173165,1.6540963111792526,0.6076746069511423,0.24599398437623438,1.5303264685501066,0.5318162164984007,0.3911138914325879,1.2842092281251378,0.5980641217968699,0.3717883089689058,1.045816358961306,0.5018828964057345,0.19731170920932728,0.9709549312524284,0.3286320319691734,0.14087021376967274,0.8913929963930037,0.3040082641302657,0.13546007262208012,0.8840675991125013,0.3436521450486925,0.1190015210842977,0.8771956898984431,0.3474090946395809,0.07678468325040426,1.2990302170324872,0.6128863614662892,0.09887686777077132,1.0632723361595082,0.4961380515644338,0.1716370573375115,0.8882542369064159,0.40121609959788745,0.22306115280509453,0.8299229187140613,0.33265304614356594,0.212526409827888,0.8075437399415589,0.32580025860141565,0.17583548534100013,0.7891633244470342,0.382621127978673,6.520833333333333
0.31638743589290313,0.7732239534600113,0.68172812615598,0.31534034001245126,0.3597045667907128,0.7088009654274601,0.31218043839285026,-0.04198794002878953,0.7336991735747084,0.28188135563493116,-0.07357436953219701,0.571156811357072,0.34430199528132605,-0.05871783507387484,0.5875997545588746,0.2863507519683343,-0.12706292427701862,0.8316799291421609,0.10825700484518205,0.7738489101487761,0.6819632136033859,0.10284488495531353,0.3528745148273772,0.7123495624433058,0.09869688800522641,-0.023385988711864772,0.7321766695760252,0.11118434371856581,-0.05875105150575067,0.5769068449639411,0.05664802179986511,-0.06241394399830181,0.6169305517337881,0.1116973014841684,-0.08557643733304135,0.7826357063412452,0.24059081167258917,1.4044266086554635,0.6122868422756143,0.24467627073884574,1.65459726260283,0.608983399353606,0.24504739281435936,1.5293019462754318,0.5407116566794616,0.39162576339287525,1.2832783992646226,0.6027263429622761,0.37574522020147,1.0445512513911894,0.5040636657129124,0.19984169030467508,0.9632144082013259,0.33484118009786773,0.15243072873782892,0.8716992521968793,0.32459237332410196,0.13494080366531663,0.8699811904788521,0.37194955725127543,0.12334427843873015,0.8598941377027758,0.3689378988435998,0.0751265698508974,1.2970773209089737,0.6165410194689428,0.09852826670535539,1.0572335756457176,0.49855823312064185,0.17074093042763144,0.8832303664861557,0.4004323837253536,0.2213020515028889,0.8233491459385396,0.33955025541049577,0.21051804670585766,0.8009644628780667,0.3320401258172856,0.1769250490263985,0.7848730167520552,0.37678141364523143,6.541666666666667
0.3160443436915559,0.7741135200888642,0.6791985944622643,0.31512748364556786,0.3593149306322547,0.7078494540173834,0.31179319451235427,-0.042016129866348284,0.7346470426948551,0.28227075263783247,-0.07449028231150161,0.5721157006866221,0.3443281820146561,-0.05894062068816958,0.5892284287566489,0.2861795493886774,-0.12606343565834316,0.8316273352897615,0.10869877464483842,0.7722331674229629,0.6818048021890133,0.1031656243344813,0.35159460836280976,0.7119037671607369,0.09910230340609937,-0.023589169697680712,0.7320573827119016,0.11184671452838259,-0.06145662984946912,0.5781170595962992,0.05666094566521494,-0.06244565926731459,0.6169413845491899,0.11208009047965638,-0.08529295191334037,0.7831531363126615,0.24031561741300964,1.404743558680388,0.6136991676794871,0.24409386472682404,1.6548437960823976,0.6110870620652957,0.24354425225147702,1.5281503926053321,0.5481580539036615,0.39216185316539287,1.2819870854867186,0.6083782599450327,0.3796569060592285,1.0430477864295176,0.5066689132099065,0.20320703998933876,0.9525149045921305,0.3457473139803975,0.1659939377920096,0.8519709712587122,0.3360282271773273,0.13436242115561525,0.8584639771238852,0.3922708068712302,0.12767402203336714,0.8416796376415422,0.39043544193074187,0.07365279920868867,1.294977171710935,0.6214600630809497,0.09786890712685786,1.0535001911092092,0.5022924099455499,0.1690426854563259,0.878764603589791,0.40154295801121864,0.21956844971361061,0.8162414677840625,0.3524362587019834,0.2095645252386647,0.7927087999856963,0.34547839907581124,0.17760367525920806,0.7794000918723186,0.3752241670962601,6.5625
0.3160657063860469,0.7753947529775062,0.6761588432459982,0.31492851538568906,0.3589278722194994,0.7070521212972504,0.31119636350634033,-0.0421261803220854,0.7357190074075276,0.28237969521965034,-0.07505119835818398,0.5720824046013545,0.3440986269469627,-0.059017352757213565,0.5899714966390928,0.28601593913170714,-0.12514390006520912,0.8316441823004258,0.10921596026312479,0.7710955455197712,0.68143660419942,0.10344947350923041,0.35056737402756566,0.7115862715388063,0.09951067864313681,-0.02391658934218345,0.7323307159997292,0.11252711245864158,-0.06336038359130089,0.5781475561151515,0.05666896122042927,-0.06247320794035445,0.6169546165363518,0.11245482796523022,-0.0851793370778049,0.7836290487016501,0.23976967126311444,1.4044210466745084,0.6159154891274544,0.24335761493942507,1.6548218187444954,0.6136392037617026,0.241781167141097,1.5270699275882618,0.5535196540017535,0.39241237308571114,1.2801610726610058,0.6150031509358663,0.38327701727740493,1.0414233308235963,0.5100078998371791,0.20729486824648674,0.9382042618958878,0.3615647091213703,0.18190251402147128,0.8313477365216417,0.3400817174203855,0.13510154973910143,0.8468705433628599,0.4054530693748664,0.13206425335989394,0.8238499002156606,0.40982727916701567,0.07256441362294992,1.2930548655397751,0.6267789331613011,0.0971385567681852,1.0518016603462697,0.5068813664867784,0.16719774702444293,0.873986912377217,0.4045996279155055,0.2172194102349927,0.8084527638449027,0.36936375692285034,0.20873593915475475,0.7824084078723191,0.36446817447987145,0.17840770871050837,0.7725590208218447,0.37644611335077444,6.583333333333333
0.3163154006920486,0.7770914983157386,0.6728370235198946,0.31476273407587385,0.3587563215537208,0.7060976188801747,0.310489000373852,-0.04230640823527719,0.7369112101117945,0.28229271297929226,-0.07520791757760725,0.5715664461693079,0.3438277117178627,-0.05889352660272876,0.5897673536471159,0.28586775061840164,-0.12433380395741925,0.8317153893313636,0.10971584338574178,0.7706183548726371,0.6807941912115233,0.10365970588293842,0.3497751929956656,0.7111379018690722,0.09988368691611843,-0.02430598876786741,0.7328527150839156,0.11289735835830964,-0.06413984920270177,0.5766173640704687,0.056667705168514895,-0.06247898082027857,0.6169355027795437,0.11280994123095656,-0.08514097251572181,0.784067615684882,0.23899561483359938,1.403809262252161,0.618548830458973,0.24256621541969353,1.6546327266204395,0.616333410437176,0.2401601434825999,1.5261405988944872,0.5571193988665328,0.3922673920044262,1.2779040988155403,0.6219969657491403,0.3863952875909503,1.039683504754192,0.5143554311848918,0.21197297703282858,0.9216745728677261,0.3812094478418726,0.19745769836633065,0.8132843581237567,0.3390215227355291,0.1362538926260532,0.8343094034173032,0.414496836231058,0.13586074650965682,0.8080456947220422,0.4253501568016018,0.0720716642294146,1.2916577923776817,0.6318412965643805,0.09644897606764241,1.0511859044969052,0.5116909304396104,0.1656035685846085,0.8693138446639472,0.4085929278692164,0.2141505969867658,0.8016576800614204,0.385079125577795,0.20776318125263582,0.7718887010853458,0.38380764400153566,0.17983860867796914,0.7657111260864442,0.3786041647096373,6.604166666666667
0.31660010181221054,0.7791604340785857,0.6692025166828258,0.31463097790896244,0.3589573362255581,0.7044782528022927,0.3097735115121501,-0.042586750454540245,0.7382052477701543,0.2821735431023614,-0.07502290139670903,0.5711855041019309,0.3436413679036553,-0.058604038711393705,0.5890776828565814,0.28573986044502714,-0.12364395760474249,0.8317802036030469,0.11018864784198812,0.7709130623755273,0.6798184478579886,0.10383601195451815,0.34919974692362243,0.7103775238755645,0.10020109104961467,-0.024656742648345914,0.7333632990913562,0.1128002499445568,-0.06359507019283102,0.5733898187917073,0.05665769877308782,-0.06245747658983827,0.6168816337394467,0.11313652714026616,-0.0851349758869212,0.784461368421897,0.23817541257928249,1.403313478462253,0.6211715176781328,0.2418092225740328,1.654439875068768,0.6188800505648966,0.23899529277835593,1.5253403776897374,0.5598726874835679,0.3917659469747099,1.275518511481696,0.6286231474974205,0.38871757925008454,1.0378288911926212,0.5199566523325627,0.2169478930587258,0.9052244958427019,0.40205515757074717,0.20755023528942623,0.8011944799394046,0.33790327848013657,0.1369230950439261,0.8219401836932181,0.4210481331136474,0.13846454319410087,0.7960020877760347,0.4349832366031611,0.07202858959655499,1.2909704526494932,0.6359896598058605,0.095895638576257,1.05069789971917,0.5160869406322587,0.1642435642563599,0.865299216475425,0.41291991045563703,0.21079737233646473,0.7966950776017466,0.39824025693373394,0.206842625954669,0.7623546844202278,0.4014269136222435,0.18179511340389753,0.760075410948483,0.38173081948066184,6.625
0.31685553988116794,0.7815937931396761,0.6651249039793348,0.31450457049307223,0.35943278910539445,0.702239505897557,0.3091013430770796,-0.04308945586024222,0.7395600329759047,0.2821370194960449,-0.07478257756721707,0.5710391535648195,0.34341396705991656,-0.058282744781110805,0.588504253321988,0.2856390241605187,-0.12311274171680256,0.8317937982943776,0.11072314321498644,0.7719331540472262,0.678468010017134,0.10403274697060627,0.3488715359249749,0.7095116676931021,0.10043952911178305,-0.02492004365048632,0.7336205143227914,0.11247667647582024,-0.06163509399367812,0.5690148632792188,0.056646996086511275,-0.062420324561999294,0.616814296704814,0.11342797593811599,-0.08517271915852526,0.7847913755595696,0.23747965892154949,1.4031036307612792,0.6234042418479311,0.24118958813806973,1.6543214034109983,0.6209316680749395,0.238314346368509,1.5247002390018305,0.5621139749325117,0.3910214194266092,1.273442069082768,0.6342599580018728,0.38996468719067334,1.0360712570672062,0.5268281680777493,0.22145980437619625,0.8908947231021721,0.42119501450755326,0.20869022015896044,0.7948925008317272,0.34248939103940523,0.13764592517813104,0.8108786348814532,0.42570325182008484,0.13980331206797358,0.7885362951599222,0.4389936451583437,0.07209497084212829,1.2908670902519295,0.6384757445622689,0.09563648854820128,1.0499234203823224,0.5193663710329868,0.16296226329317937,0.8620264329739752,0.4176587600248951,0.20770817380049106,0.7928652157064374,0.41119513862614293,0.20625980290135965,0.7541141127662473,0.41764633793076217,0.1837720652668372,0.7560736418408969,0.38609567524688876,6.645833333333333
0.3171870003599347,0.7844274460833639,0.660667835985326,0.314351015419488,0.3600695958707344,0.6997067050317074,0.3084858120543741,-0.04393798004782318,0.740930293380688,0.28219761701344936,-0.07471789501781001,0.5708802014819466,0.34291167116164656,-0.05812796405918041,0.5881972922238144,0.2855676494193301,-0.1227596162129706,0.8317634843167968,0.1113811740689141,0.7735747650720093,0.6767821056162795,0.1042890291375863,0.3487840858848723,0.7088934500984099,0.10058030197491248,-0.025074854781091185,0.7336022388126187,0.11229033590554441,-0.05883814285610064,0.5648174025350295,0.05664491550414911,-0.06238269322988642,0.6167463226615643,0.11367781130107722,-0.08523397922731554,0.7850448859508619,0.2369406307065524,1.4029940941872305,0.6251519501551692,0.24081632628439906,1.6542702733247348,0.6221310042497472,0.23783901805016855,1.5242614151952096,0.5637532388347527,0.3901644268144414,1.2720364865996063,0.638609601682935,0.39002155961991175,1.0346537807823455,0.5350012989188537,0.2246913790539461,0.8801703305119087,0.436215225895874,0.2036482527069967,0.7908050375583653,0.3532694077642173,0.13952611745609322,0.800597131196991,0.4300370898092051,0.14056724258872488,0.7848234108996301,0.44083502142752007,0.07211831490802421,1.2910322917477053,0.6390002907804404,0.09567638174240416,1.0489619676299509,0.521263576762301,0.16175426679097724,0.8592827620507909,0.42275301174412816,0.2054476185716634,0.7892781227710075,0.42467643685149264,0.20617098215877316,0.7473837224653114,0.43157270364041894,0.1852712818184097,0.7532228622098366,0.3914707516446454,6.666666666666667
0.31771210278635476,0.7875107137997934,0.6563335245525045,0.3141767707408255,0.36093058868179345,0.696918543255961,0.307924755184102,-0.04507269159198253,0.7422814003797336,0.2822938989478494,-0.0747568664145189,0.5706622753838466,0.3420535730689862,-0.05839245940193113,0.5882113676568869,0.28552462771091125,-0.12257612902366567,0.8317169730174141,0.11211779991884697,0.7756209433143804,0.6749485723451303,0.10463531536181003,0.3488334740702357,0.7085579060742009,0.10061185384612284,-0.025082735526074554,0.7334587193492811,0.11236529858860486,-0.05634995868202471,0.56213614762571,0.05665776147929183,-0.062346009931241154,0.6166710711067241,0.11387134448918687,-0.08525009814132822,0.7852357814506554,0.23647908832956904,1.4027087902660211,0.6266141084983762,0.2407248096968007,1.6543089237763242,0.6223929925596976,0.2372977027086584,1.5239550937336082,0.5653474240568582,0.3893162151930395,1.271439067854211,0.6415413197624872,0.3889951468062512,1.0336536005826025,0.5442544334160595,0.22652121750585671,0.8741656856773723,0.4452858267806891,0.19904068513822581,0.7852909005297631,0.36688181885276727,0.14275050986324073,0.7902923952968063,0.4359776460600162,0.14141050845639225,0.7834223621220153,0.4438730887411887,0.07212154909948358,1.2912081417169163,0.6383376873807995,0.09566651635685747,1.0481483819778417,0.5225803114544596,0.16068777248352334,0.8567947188939093,0.42767778367131576,0.20436206695829534,0.7856481645690486,0.4366179085354367,0.20617941202427248,0.7422984710952285,0.44200165164732574,0.18596331632423269,0.7505652241420632,0.3976628716045939,6.6875
0.3184409461417296,0.7904258430327878,0.6529373270779697,0.3140153223077727,0.3621002089459734,0.6937541235529652,0.30741468358814017,-0.046232713957328544,0.7435862867642158,0.2823505255131891,-0.07467811643769995,0.5705759347335413,0.3410191259198851,-0.05924661232751091,0.5889384873785266,0.28551174593563866,-0.12256602756984354,0.8316680870943488,0.11285018963662209,0.7776472385116593,0.6732610238614957,0.10505024442374827,0.34894056770091897,0.7081726445905941,0.10051500868853029,-0.024861356473071167,0.7332993999943372,0.11261665755857987,-0.05501606369472154,0.5615960081658554,0.056688751054490207,-0.062298663822786635,0.6165763589185552,0.11398297200337393,-0.08514627642623845,0.785397986420195,0.23601599064874973,1.4022384939877552,0.6280404599374593,0.24080708082774854,1.654497232941867,0.6221147949426142,0.2367050591157622,1.523733909127431,0.5678003394818566,0.38866526527940437,1.2715658460807786,0.6428676231770072,0.3871389176320831,1.0328692423423205,0.5536865025932407,0.22760377807583645,0.8730986491095551,0.4481181347465382,0.19800597640312176,0.7783467201166354,0.3811108533140186,0.14652537442737038,0.7806763535332623,0.44398710855638907,0.14215207096881297,0.7831044861234376,0.44913440262022164,0.07211033931901986,1.2912870316357936,0.6377216558539439,0.09518813809727594,1.0477915645762244,0.5244341095926426,0.15961112513911857,0.8546266190158399,0.4320245300425496,0.20399977676920297,0.782373464973846,0.44573645394830974,0.20535547681796418,0.7389459628502161,0.44985610334437687,0.18564334322102868,0.7477486113626486,0.40432870121602527,6.708333333333333
0.31933707908389547,0.792835739544368,0.6509857234732848,0.31386032690201754,0.363538260610158,0.6902350307954395,0.3069594109961349,-0.04718471616069947,0.7448181080362548,0.28233299479562446,-0.07433850791366349,0.5707766496035487,0.3400691214111522,-0.060631026523384916,0.590639299643075,0.28553043599755723,-0.12273048672313676,0.8316297833390608,0.11355265501295297,0.7793296540139675,0.6719131198823112,0.10546304062616277,0.349135843784911,0.7074398679951969,0.10030221578305848,-0.02433917648852825,0.7331605636117058,0.11296307573160906,-0.05503459997251097,0.5632288057579804,0.05672499179131781,-0.0622533923529371,0.6164973055509317,0.11399775386623892,-0.08492103147693632,0.7855566236022894,0.23546824521701035,1.4017358850152069,0.6297354160658569,0.2409247325261918,1.6547849570050086,0.6217459831286181,0.2362664244104346,1.523630769102011,0.5712554518970193,0.38841453475266374,1.272120177734921,0.6427971657402325,0.3847444476890813,1.0319161808671147,0.5622667060120914,0.22871342595608768,0.8755342182045477,0.44667879627744134,0.1991719808928067,0.7722138485468771,0.39582132315863183,0.15011372972856973,0.7731707921383487,0.45349332328836034,0.14247236649672296,0.7825871128616699,0.4561938897182667,0.07207077548871185,1.2912895446786494,0.637638638238224,0.0942134850808889,1.047989215749181,0.5270985422431056,0.15837284169203822,0.8532412718241758,0.43584169932608485,0.20376571559982648,0.7799553557497501,0.45404656155652745,0.20355414640645508,0.7372333485495861,0.45772963865273886,0.18433171269629778,0.7454097979450368,0.41078455898571714,6.729166666666667
0.32039334159235716,0.7947551903280968,0.6502583435228823,0.31361592905991775,0.3651546060764644,0.6864845006673532,0.306568082548738,-0.04790774593717376,0.7459489155405312,0.2822472460704286,-0.07374453085887978,0.5712677194254507,0.3393425351837078,-0.06232420361594721,0.5930739926629214,0.2855698579039354,-0.12299867205224599,0.8316255057715283,0.11425415155366446,0.7807242827762613,0.6708795285524187,0.10583977105116492,0.34942644300714504,0.7063804064102238,0.10006576461837928,-0.023575126033667224,0.7330984894891995,0.11339629039516202,-0.05611316550857872,0.5665666401321893,0.05670883980960016,-0.062306824061143455,0.6165945793045929,0.11393775983367839,-0.08469908258941514,0.7856773963124891,0.23475559511227734,1.4011450293656322,0.6319468035573163,0.2410476211167093,1.6549189765763304,0.6213287332368462,0.23617384212109466,1.5235033234645634,0.5751292115775664,0.38849053922512194,1.2727477370870344,0.6421200985022494,0.3822169766452874,1.0307434564689033,0.5693918367629079,0.2299709279257836,0.8792228518979129,0.4436683743366454,0.20115117345677413,0.7669877525422193,0.412155027597889,0.15345046913996416,0.7679984887029884,0.4644024461183612,0.14242733912782574,0.7810206876852349,0.46425700406093007,0.0720146052225916,1.2913114659099736,0.6378296202034591,0.09308343326479047,1.0485862108664308,0.5301786110740145,0.1572794434317484,0.852920911134257,0.43926428255438565,0.2042476065614729,0.7780546273172484,0.46442548758957447,0.20214647947304548,0.736527306829318,0.4673003281928909,0.18248488496915705,0.7443246089533448,0.41634379717594605,6.75
0.3215425872937962,0.7963086693880636,0.6501017495528548,0.31316610978268294,0.3669203353010718,0.6826078629086187,0.3062495807495682,-0.048499245529891113,0.746949477924126,0.2821179782173685,-0.07304192900653833,0.5719088314483277,0.33885396807953144,-0.06410678117374347,0.5958412709143613,0.28560548548294007,-0.12322837421835958,0.8316563317407654,0.11494895035620042,0.78201365258204,0.6700587197645819,0.106207766554637,0.3496955519579559,0.7051781737446792,0.09990406834655595,-0.022745937332299265,0.7331636641222344,0.11390386084667448,-0.057545965803061226,0.5704108444655743,0.05657927688523133,-0.0625614626481056,0.6170189042070519,0.11384495968094123,-0.0846030283894589,0.7856602684810581,0.2339124678531352,1.4002577760948078,0.634503623949857,0.2411399582368699,1.6546282490081687,0.6209504366111924,0.23651700563208336,1.5230326474033955,0.5787426467485305,0.3885591529901681,1.273317703803928,0.6414894973613601,0.38003995208777,1.0298257903725974,0.5745587551500841,0.2308818334386994,0.8827434591039243,0.440466682776538,0.20397896540967336,0.7610870694835977,0.4306999931545732,0.15691625008731885,0.7639984300746959,0.4765992675511817,0.14195340447765556,0.7788467126718001,0.472354151050995,0.07196001812815281,1.2914194583282377,0.6380264402830748,0.09209786829610297,1.0492881515872876,0.5332681061338846,0.15695397581107112,0.853593709396119,0.44181600081556494,0.20653455969977358,0.7759368211057422,0.4759254179305258,0.2026340992692691,0.736347861576526,0.4770941978049531,0.18085518736580147,0.7446811541104563,0.4203506806286691,6.770833333333333
0.3225995539880498,0.7974359151702454,0.6498697196606615,0.31251096871820017,0.3688395345783875,0.6786073307694415,0.3060099475773882,-0.04900721082838755,0.747790370967297,0.2819725714966231,-0.07244859899491134,0.5724927218907315,0.33858950792563053,-0.06583900725279651,0.5987298342205594,0.28561974601221163,-0.12332857816897272,0.8316905959891286,0.11553409751031095,0.783162221852621,0.6693352310498031,0.10658021823074178,0.3497878918257518,0.7039395374027441,0.09980984645847346,-0.02198246564107892,0.7333194905489198,0.11437559099693329,-0.05862087298052359,0.573406770707958,0.05641832156241608,-0.06286618637098693,0.6175114036713506,0.11374714255721932,-0.08460591115175226,0.7854975108855721,0.23308196054723174,1.3990418893070182,0.6369180875636592,0.2410501576927187,1.653846625290102,0.621131717172267,0.23718554788701274,1.5220725263305874,0.5815210471060837,0.3884938160508262,1.2738726430914802,0.6411322732537562,0.3784714381269182,1.029548476541451,0.5772936134399506,0.23115215149453464,0.8857167109124803,0.4372517112083656,0.20726476594546606,0.755159684424869,0.44859283498110947,0.16054616927949644,0.7604250488569092,0.4883936851101758,0.14091558639245794,0.7773024792016937,0.4791301122649261,0.07191952367068814,1.2915442250378086,0.6381510141198553,0.09132355580237458,1.0498486330760368,0.5360769663872831,0.15778115178831986,0.8551530855430205,0.4424619962191124,0.2105506295788242,0.7739002870490372,0.4841292961047843,0.20528350364583509,0.7370191333328215,0.4837237058788218,0.18003502718512737,0.7462716047849398,0.42231953504410213,6.791666666666667
0.32340320268079253,0.7980603966840893,0.649111216074388,0.3117562990634561,0.37087369530545,0.6743382022473633,0.30585404141970024,-0.049410840766292125,0.7484451383570572,0.28183370437113775,-0.07212852613425441,0.5728788329193695,0.338601061951848,-0.06737126549048864,0.6015722808412753,0.2856172765195408,-0.12333115501090623,0.8317097683299065,0.11588751477180208,0.7839945980421591,0.6685059305199748,0.10692538908325272,0.3496301832157841,0.7027162387110855,0.09972525147297262,-0.021353651795263884,0.7334916642514064,0.11466322481521388,-0.05909711871163191,0.5749054326586325,0.056473744134251255,-0.06279230042721018,0.6173897373446944,0.11367064632021665,-0.08462877961823337,0.7853539073645014,0.23241199810850766,1.3977141469971874,0.6387599625403226,0.24066006251767413,1.6526338787095722,0.622263995448785,0.23785641774890842,1.5207287364710755,0.5832110268099024,0.38851148688966947,1.274367546778016,0.6412779081133375,0.37749031342925315,1.0298368608089938,0.5774842243226004,0.23091642563594666,0.8880317621527618,0.4341315188083236,0.2100484868779406,0.7515233136866676,0.4606660322636955,0.1638936767030501,0.7577299463399616,0.49751150867475025,0.13950417993980793,0.777311358491147,0.483037425141888,0.07189893699150614,1.2915064629008688,0.6381844769052186,0.09077570554834097,1.0501982133554604,0.5382322746420789,0.15965361166570113,0.8574231071118253,0.44063288029334785,0.2152712055094428,0.7728659245974973,0.4868550674511458,0.2094408174648189,0.7385509841386539,0.4859755074572342,0.18023925380941216,0.7488105301327038,0.42242995707352415,6.8125
0.3239277274018299,0.7983148399711989,0.647728371894672,0.310989566660709,0.3729026032434737,0.6697705843609492,0.30579057911908497,-0.049673647848465854,0.7488783710282791,0.2817350109226647,-0.07213799380110547,0.573009688919569,0.3389225154043663,-0.06834797468686629,0.6037981184602902,0.28561166367393465,-0.1233059151499015,0.8317223470983334,0.11598756567394393,0.7844529264731397,0.6674667341810496,0.10722665294097865,0.349259299721517,0.701591075902359,0.0996580508107921,-0.020977123315376267,0.7336067890148653,0.11472751574556861,-0.05912067159756312,0.5750481742278273,0.05696413835506038,-0.06198166571506587,0.6161021413364183,0.11364523061355096,-0.08465601072437995,0.7853551394764526,0.2320243514128496,1.396558333666339,0.6397211469812609,0.24000598683319582,1.651033314816762,0.624179162944599,0.23820873773522566,1.5191701960156683,0.5839031335462888,0.38881139067375925,1.2747494553688314,0.642169169399508,0.376982016864792,1.0304431536496632,0.575552266405977,0.23030255262950572,0.8895828359883329,0.43133503116261607,0.2122566151026584,0.7507258740151413,0.46446603037452355,0.16693331147799806,0.7561698719696943,0.5032362829065364,0.1380782188641741,0.7789022987495715,0.4838692054622462,0.07189472502638444,1.291187359483318,0.6381312320869885,0.09064675914887027,1.0504368252827467,0.5390251210465199,0.16210126877438907,0.8600926151882177,0.4368671212317393,0.21983516626430177,0.772841081606403,0.4864298822922788,0.21419264165048219,0.7400361071972716,0.4857576538038909,0.18130437871630198,0.7519404338055886,0.42152176807786135,6.833333333333333
0.32422732468712445,0.7984049736461332,0.6459559043095544,0.31024692148114813,0.3747398388053901,0.665279761180883,0.30583775052011847,-0.04977654465018004,0.7490186468308476,0.2817197042284847,-0.07247141444317384,0.572832506825457,0.3393324625247005,-0.0683340749509789,0.604498958090203,0.285609395291577,-0.12327747085204009,0.8317347961122624,0.11588326813958001,0.7846471169843885,0.666397257099639,0.1075061460802676,0.3487404102013483,0.700613968196085,0.09963929287960763,-0.020931022526887902,0.7335414222048481,0.11466983604199554,-0.05895971096939581,0.5745237719276135,0.05790656501919901,-0.06042332058360684,0.6136451141214336,0.11366209841373592,-0.08469242253523912,0.7854403990307369,0.23198521060728278,1.3956603673140164,0.6396314002566528,0.23920469107784417,1.6491462627652949,0.6264664579159627,0.23807423397320848,1.5176101955759553,0.5834097495154016,0.3893763735361794,1.2750992341264322,0.6437627688225397,0.3767741543170119,1.0311327556748804,0.5726527401753776,0.22937718418285621,0.8904750129809257,0.4288934005178503,0.21437404242932978,0.7516585229742317,0.4616740047082313,0.17018397674510571,0.755132351290996,0.5061092667053576,0.13690734079681482,0.7813268835339519,0.48377873257965676,0.07190175457208374,1.2906174108002417,0.6380108935504449,0.09118365880579082,1.0505928464636618,0.5377947514745197,0.16457835001059795,0.8628982809944469,0.43228906742874684,0.22379074134014526,0.7731448117512025,0.48564290203486316,0.21857938475946287,0.740924489372764,0.48497700176839964,0.18278248622044946,0.7552741511200831,0.42045668355727517,6.854166666666667
0.3243654425753719,0.7984528879223656,0.6439762851485291,0.30952029020040395,0.3762564679454616,0.6613480977585631,0.30601551185937054,-0.049728067529410266,0.7487884805553394,0.28178905411601196,-0.07306576931256963,0.5723555373794227,0.3394328704881413,-0.06731005664056944,0.6032802156823739,0.2856104645680152,-0.12324132015373747,0.8317475226013136,0.1156132962827735,0.7847711392629556,0.6654837686643641,0.10776693413586953,0.34806416216992764,0.6997569579084854,0.09965261341710308,-0.021138106272687168,0.7332417274965753,0.11462265274959876,-0.058837458588633144,0.5740886042245484,0.05906573972779403,-0.05851287993545942,0.6106402456615383,0.11368165323711342,-0.08473155753160878,0.7854952340574269,0.2322070247552904,1.3948085534424548,0.6387346984808142,0.2383644971827697,1.6472153677688366,0.628822325965003,0.23740427106752449,1.5163482489326732,0.5812247551020089,0.39008320695680954,1.2755074669384134,0.6457727339673656,0.3766701327881815,1.0316741317473617,0.5704425608614441,0.22837310893592305,0.8910062105156231,0.4268138803378574,0.21634354220186092,0.7533938391349103,0.4552852846163379,0.17370772699026588,0.7542032934253622,0.5065109993642988,0.13615518487462877,0.7837836169966026,0.485104464975998,0.07191877251235579,1.2899012153446,0.6378436874123827,0.0922604083193935,1.050506563769126,0.5349175278261611,0.16673048564558407,0.8655537473673043,0.4279065745592456,0.22694603246064993,0.7734238965190623,0.4845952688531376,0.22183782433572735,0.7415464435042384,0.4839256881847416,0.1842745684079929,0.75847871374172,0.4195697849034937,6.875
0.3244023794996261,0.7985144155447463,0.6416970017863042,0.30876504695438833,0.3773974051911395,0.658131883348728,0.306308536063675,-0.04957524051765423,0.7482602031496034,0.28188815586729365,-0.07375523064905272,0.5717435535909245,0.33904679893477474,-0.06575393513536462,0.6007349363393185,0.2856131901881764,-0.1231963450172039,0.8317650606137612,0.11521835366073445,0.7849661045019463,0.6646505941377415,0.10795014366765739,0.3471498937774202,0.6990013807660381,0.09968550816132112,-0.021496041614027003,0.7328727236342596,0.11462785946570905,-0.05880446673577022,0.5739753607254184,0.060058908332338096,-0.0568771952738344,0.6080613812822654,0.11370128400683417,-0.0847654821252593,0.7855148260454966,0.2324326929779671,1.3938005012424735,0.6378146472771362,0.237577030132257,1.6455533906870459,0.6310298438737626,0.23628638879335342,1.5156237971003341,0.5773841046302945,0.39081862191098105,1.2759609568120556,0.6478950671554948,0.3765934217098651,1.0319443497880436,0.569936757599935,0.22761670003732215,0.8914095155601603,0.4253513567929269,0.21812089110781263,0.7554244872108402,0.44756750589790945,0.17686844420804154,0.7537112123250794,0.504329319245155,0.1358318370544502,0.7860372995415599,0.4875503296090258,0.07194437685465706,1.2891401291910933,0.6376502353861985,0.09338237306804724,1.050301748482442,0.5317164525703392,0.16837633401093066,0.8675997629960827,0.42455078332501833,0.22912592000116266,0.7737610050449716,0.4824667462273222,0.22350894452515993,0.7422118939827266,0.4827167103069254,0.18559849343157464,0.7612351226118139,0.4187733392119949,6.895833333333333
0.32438361168456076,0.7986595010052756,0.6390030266087584,0.30795032735984945,0.3780423210019258,0.6556197035098836,0.30664647096258685,-0.049416583392994554,0.7477406669971246,0.28196927405783473,-0.07432255744921494,0.5712213162423944,0.338310305223407,-0.06416080718500212,0.597799930806505,0.28561682304097635,-0.12314659506853186,0.8317939156313409,0.11479090122956247,0.7852150388501988,0.6637359979674389,0.10799588118817142,0.3459655668157313,0.6984555798046713,0.09975901232863682,-0.021975817713010562,0.732644028700309,0.1146479430929017,-0.05879275585040328,0.5739846815853532,0.06060203481531345,-0.05597837572447303,0.6066300662539124,0.11376302200444538,-0.08478078926367401,0.7855846033391931,0.23240723735583155,1.392753533176723,0.6377155040252694,0.23694393693284999,1.644404730801205,0.6327875236876896,0.23494407153038732,1.5155398131357518,0.5726702348448832,0.39150585546865435,1.2763056750942003,0.6499216762435817,0.37659057992224365,1.0320082285303915,0.5705365962015978,0.22727744191872457,0.891870948101914,0.42454444333922536,0.22054245710260473,0.7574033155966937,0.4397027667345806,0.1791548729990853,0.7539510139547029,0.4995741673842816,0.13570694633548894,0.7883179781544878,0.48915180557393034,0.07197413925018495,1.2884267219826901,0.6374508692458984,0.09426507264844379,1.0506328911878375,0.5290224916398094,0.16934421161968433,0.8687515430687904,0.4227384120607659,0.22998449841642232,0.7743419815622095,0.47983806495087566,0.2234377307769616,0.7429245914343209,0.48207249492647997,0.18652234309604965,0.7632249973607825,0.41812914258298317,6.916666666666667
0.3243065516789661,0.7990361949117334,0.635979108574434,0.3070754607057018,0.37808131296027936,0.6538994726125387,0.3069674118638926,-0.0493377641507393,0.7475197816809241,0.28202394630707195,-0.07463155683647696,0.5709193815917276,0.3374130482878781,-0.06265658614916761,0.595000674062836,0.28562200822496786,-0.12309443084157835,0.8318395572155693,0.11445409152846939,0.7854474262527966,0.6627035835383994,0.10795184309986386,0.3446674473715148,0.6983167488726125,0.09989041526358225,-0.02259251473380597,0.7326157149837251,0.11465047341390358,-0.05875783631042071,0.5739637868369697,0.06060465969353514,-0.055961487023536836,0.6065881861703385,0.11387696871927568,-0.08477686617667242,0.7857338467538136,0.23204818047108333,1.39186341998961,0.6387385679040366,0.2365755198459926,1.6438123508948141,0.6336697315136236,0.23364310750766087,1.5161119936857117,0.5680668952266918,0.3920803476350626,1.2763037715985464,0.6516641348839984,0.37665311166616977,1.0319897836162255,0.57079581092612,0.2272857024052588,0.8925748533606109,0.42403214459235583,0.22495251179021664,0.7587553520889201,0.43184040254951606,0.18054728420294433,0.7546389296075929,0.49314292758510203,0.1353951766394368,0.7906150343770202,0.48933239898350733,0.07200087195298482,1.287863864298059,0.6372718250054761,0.09503132502603634,1.0519340014850986,0.5266684013750902,0.16959009518803925,0.8693361564839981,0.42240966243111666,0.22942100475201427,0.7750397609823503,0.4780517878629591,0.22196909814451576,0.7438009289970062,0.4823353057968271,0.18670249840344905,0.764461904048254,0.4175889669627729,6.9375
0.3241854993424872,0.7997485329792928,0.6327375980335952,0.3061962528174268,0.3776767083632311,0.6529166093658567,0.30727931100191613,-0.04931883174710566,0.7475962197718895,0.282057863837332,-0.07469044513612952,0.5708410833116032,0.33653184903989597,-0.061065093772338284,0.5925168104431205,0.28562850830282255,-0.12303985640402058,0.8319068465911706,0.11423943581644236,0.7856309980880111,0.6615982211816926,0.1079472902195672,0.3435515579494446,0.6985288861407102,0.10008873314025343,-0.023420445329432757,0.732787824935182,0.11463405626170489,-0.058707087340915315,0.5739191878840717,0.06006561712349905,-0.05683085013682926,0.6079613087009115,0.11398520152661956,-0.0847899743566807,0.785881428066399,0.2314271339844205,1.3910607309787124,0.6406322804141737,0.23650950703692664,1.6436040238552858,0.6334639987593151,0.23264101311838645,1.5171435030806864,0.564489009689845,0.3924566509490766,1.2758660707232345,0.6528435453498573,0.37667152701055306,1.0319008801633769,0.5701028752452546,0.2274017551963424,0.8933405771618437,0.4237869997036078,0.23160872219647696,0.7587968474305126,0.42391685814257174,0.1811594788987469,0.7553249641848239,0.48659024038932286,0.13453441744301425,0.792380143603483,0.48913591342054724,0.0720176295199325,1.2875541425142227,0.6371532203898314,0.09579565167976442,1.0537155782837921,0.5244699935711825,0.1693612017721598,0.8699787790898724,0.4231498152504739,0.22796712401701028,0.7754259348390315,0.4776392042557698,0.2198809130020718,0.7449435183600994,0.4831027567036573,0.18614099794241962,0.765452830917233,0.4162506833708812,6.958333333333333
0.3241735019539281,0.80072331364459,0.6291710129202226,0.3054454625621484,0.37723009739460533,0.652230584379416,0.3075964725742195,-0.0492781919783484,0.7477974420630207,0.2820796785244637,-0.07463021930362733,0.5708910498053269,0.33591004560390164,-0.05948281932168663,0.5906255316632286,0.2856345224384515,-0.12298474102336586,0.8319960403829795,0.11410540173866883,0.7857270915995744,0.6604647621989456,0.10805966844263776,0.34275556274095254,0.6986061391335577,0.10035356839060419,-0.0244898865949041,0.7331863574084898,0.11461181548624877,-0.05866348125469127,0.5738877721135397,0.059073246385670575,-0.05844920195999133,0.6105333186957985,0.11402463745942781,-0.08486253233891103,0.7859341221975958,0.23065642685258614,1.3901910104573856,0.6429960418270677,0.23662778864085518,1.6435425742472214,0.6326359916867927,0.23213414343097866,1.5181886664905857,0.5626430390983216,0.39258530754544035,1.2751631646842965,0.653288039638901,0.37664613159689864,1.031673507933906,0.5688770341065753,0.22733940099144492,0.8936564806271027,0.42411055915620977,0.23752377397108798,0.7586362608965278,0.41724684495925457,0.18096704936804148,0.7560685185401693,0.4811010852642735,0.1330488660879534,0.7934407102582915,0.4886915741189236,0.07202349418771167,1.2875199066579253,0.6371230316374152,0.09644132216879947,1.0550620517608675,0.5227203311506566,0.16901352469194814,0.8709180708654447,0.4243660299506407,0.226300483688322,0.7753663337737046,0.4781777960596266,0.21786520849510618,0.7461959881558317,0.48395004175850775,0.18537550903947864,0.7664882102116505,0.4135570906052106,6.979166666666667
0.32442108702118344,0.8018134957376448,0.6250766263971267,0.304937386962109,0.3769638440939183,0.6514299468143312,0.3078547955918164,-0.0491742495773418,0.7480155103360273,0.282099338956035,-0.07459771707039559,0.5709513658233738,0.3357526343003574,-0.05863438041402467,0.5898064043548851,0.2856382088109423,-0.12293424894401953,0.8320947777591152,0.11408909375992382,0.7857147414688994,0.6593671518817977,0.10825494133505734,0.3421097833074753,0.6981642516719644,0.10065855597739526,-0.025651925821211535,0.7337977382146862,0.1145952176470704,-0.05864416951072315,0.5738777400244992,0.05790939243971674,-0.06035475949581721,0.6135615941912398,0.1139799606274856,-0.08499851085968943,0.7858665175855786,0.2298320047065715,1.3893207827476635,0.6455205131841788,0.23675043709565569,1.6434498202618066,0.6320308528788088,0.23219122129874484,1.5188558010752211,0.5628183564916389,0.39256428440869506,1.274411844085302,0.6532711540929299,0.3768062512210434,1.0313523333749939,0.5673762695898501,0.22699076029465,0.8934022440990173,0.4246675990407156,0.23727968196315388,0.762023073602851,0.41295372827447896,0.17987699183481928,0.7575582002274986,0.4769625552137333,0.13132374305950295,0.7946467731953328,0.48648473560266925,0.07202550890295134,1.2876330963496825,0.6371554258989626,0.09679795855563528,1.0556615380367063,0.5217644318233601,0.16876346483006696,0.8719050108906001,0.4254004799676118,0.22463708919497286,0.7752046565703496,0.47908193955385703,0.21628070474799482,0.7473765342914982,0.48475874041603584,0.18499857982397494,0.767181466481929,0.4108344127172642,7.0
0.3248297548882804,0.8029126359743889,0.6205089708856717,0.30467353277493003,0.37674818542116073,0.6506277333507424,0.3079623462444018,-0.04901079650768486,0.7482312730525713,0.282117436126192,-0.07463035103794792,0.5709801111088446,0.33611465079708136,-0.05911710220136816,0.5901670994971534,0.2856383623113467,-0.1228939250784408,0.8321841508369673,0.11421437183124387,0.7855885841688609,0.6583967270359142,0.10845883963061251,0.34140759716833124,0.6974385727234421,0.10097143046441272,-0.02672452012066681,0.7345524371245901,0.11458518210388197,-0.058647399394708206,0.5738889996030562,0.056959818505086746,-0.061908695202113374,0.6160300991419948,0.11386446976456642,-0.0851711155872609,0.7856974817299776,0.2290450774737401,1.3886886321515957,0.6479417387372737,0.23681124276689863,1.6432089983111162,0.6320141389574945,0.23282503613307706,1.5189900187683958,0.5650826935103727,0.3925734671362995,1.2736810511646548,0.6533127624296634,0.3774012826240109,1.0311410794377864,0.5652511535654241,0.2266184484254482,0.8930792620055266,0.42459211812542497,0.2280975519989756,0.7722928942472774,0.4085704194920915,0.17807810542839267,0.7603862540873524,0.47368404799841124,0.12989366862291046,0.7969361705470221,0.48149628678162487,0.07203137541344438,1.2877240328138475,0.6371875236372507,0.09682868115653366,1.0559428538687712,0.521617116177034,0.16864985255650725,0.8726594676875188,0.4259687681699543,0.22288813233598648,0.775397889048598,0.4798691860318548,0.21526820108380731,0.7483616700143012,0.48554183623806946,0.1852573062200204,0.7670772578208949,0.41004137972159693,7.020833333333333
0.3251153456210017,0.8039384149047709,0.6158177779215692,0.30454444635559874,0.3764302154397531,0.650225900699382,0.30790022220073865,-0.04879089836779654,0.748449778234976,0.28212805741811386,-0.07468468093411991,0.571004976506088,0.33689473645574075,-0.060453074237514934,0.5908278469273259,0.2856345907026003,-0.12286667444442866,0.8322547103661352,0.11434748694153422,0.7852910666401195,0.6576052530555031,0.10867025811044197,0.34067590621069005,0.6969127349137195,0.10128139013437346,-0.027672454744553196,0.7353915374314444,0.11457668436556442,-0.058644904926836265,0.5739371443410871,0.05647404741159338,-0.062701761293434,0.6172941461514381,0.11369134879559605,-0.08535170356382724,0.7854449722831659,0.22840755506212884,1.3884578784113217,0.6499248190389001,0.23685149495176655,1.642791107136714,0.6323553700110893,0.2340505759948774,1.5185693857636227,0.5694518837915948,0.3926742721244011,1.2729855826292988,0.6535909652164817,0.37847043394873736,1.0312171501142413,0.562254929473285,0.22665117699844956,0.8932546812419148,0.4234550834721938,0.2130422716030797,0.788565209584459,0.40114392369654456,0.1761863161387756,0.7643681710938838,0.47055577675036697,0.1290717848979555,0.8003137314488517,0.47455331841039394,0.07204399256721998,1.2877715583525575,0.6371822732119653,0.0966543999911208,1.0562676435522682,0.5219326157483183,0.16862830276326,0.8732256191304136,0.4262352634369543,0.22105886981161543,0.7762214531776017,0.47995987305970034,0.2146533356276141,0.7490195136982307,0.4863174463215857,0.18608281710657382,0.7661947448325732,0.41189039658847737,7.041666666666667
0.32505082164739124,0.8048085306244127,0.6113910054826864,0.30440077847049735,0.3760315719840856,0.6503625814153807,0.30773787898350735,-0.04849727872799242,0.7486768632012047,0.28213311221377935,-0.07475519124429762,0.571039376798561,0.33786241597342415,-0.06147518669926672,0.5906835062943632,0.285628455393346,-0.1228514271858389,0.8323075414177943,0.11433469092406466,0.7847924350655958,0.6569676487881294,0.108925664162509,0.34004251444296785,0.6966817771080047,0.10158817415603821,-0.028536864128187553,0.7362797898328343,0.11457256410526911,-0.058624910922526,0.5740275391344821,0.05643718925041659,-0.06276286719766533,0.6174014282595115,0.11346939583757769,-0.08552295464164543,0.7851148575825896,0.228036060932588,1.3885237777454704,0.6510799168350756,0.2369047032049749,1.6422757013428133,0.632795779313256,0.23573299646458715,1.5176844942673933,0.5754096102013488,0.39276933276658094,1.2724282774077673,0.6538177964452553,0.37988058499801824,1.0315974579399974,0.5587313387078301,0.22722939688698304,0.8940611223417348,0.4213084779269387,0.19790791808150549,0.805881391789199,0.39237575857255064,0.1747227024030168,0.7687587515271361,0.4676369409934876,0.12896027464988094,0.8041032552995758,0.4673827486401946,0.07206345214853571,1.2878623958679327,0.6371476782910572,0.09644045487364575,1.0564075849056165,0.5223059086706419,0.16867532529432894,0.8738207175065824,0.426354269785046,0.21926377809934117,0.7776052358802512,0.4790945445085796,0.21399488068836048,0.7493860257549224,0.48694034851024837,0.18722926441924648,0.7649463320032759,0.415706779593466,7.0625
0.3246513506503867,0.8054565598109942,0.607488984103739,0.30417398853053146,0.3756130724872915,0.6507342029008528,0.3075831914804686,-0.04812559887590008,0.7489246648710083,0.282139031626278,-0.07487099848195547,0.5710433606998739,0.33882006943445936,-0.061512682101340234,0.5895738905970529,0.28562381257203723,-0.1228448230340537,0.8323470723020765,0.1141505602545843,0.784195392736172,0.6563996429870612,0.10922106261163236,0.339533838801105,0.6964516727399744,0.10188712776470794,-0.029327410045617355,0.7371897507850941,0.11458628020553108,-0.058638917304484,0.5741188650335945,0.05657538906887254,-0.06254503128568482,0.6170635020617492,0.1132060175860185,-0.08568824038348301,0.7847117254611883,0.2279617383670564,1.3885777979075664,0.6512561352462147,0.2369701006909518,1.6417126900019592,0.6333009316205878,0.2375376096035744,1.5165522829678142,0.5817818996619963,0.39275256667865793,1.272153705570844,0.6536880206750331,0.3814639541744658,1.0321810001956386,0.555325064851373,0.22820372110217724,0.8951509123122906,0.4185027213266827,0.18624769359089968,0.8190950759172662,0.3859574527184465,0.1735469039920695,0.7729598915205613,0.465795250787902,0.12950045187545692,0.8078188566189674,0.46106064963647064,0.07208284380852381,1.28796401740737,0.6371093531869381,0.09633696086128392,1.0560803410427697,0.5224208156316918,0.1687881945509353,0.8744655814829169,0.42629815757726064,0.217796750969632,0.7791998671243578,0.4776931914386147,0.21309669478074378,0.7496741575921125,0.48708983725895083,0.1884687005336658,0.7638227762088827,0.42012296065426624,7.083333333333333
0.324144158257181,0.8058066123744977,0.6041700257975628,0.30392741258207423,0.375169744936355,0.6509567762029674,0.3075057476860851,-0.04771693914154104,0.7492059694558434,0.28211971861420804,-0.07496120540673909,0.5709299576320883,0.33968976033952064,-0.060794182416592527,0.5879879987275292,0.285623605616192,-0.12284394290483408,0.8323779865185689,0.11384131966384932,0.7836074543000181,0.6557337247835352,0.10958112934177341,0.3391317053717895,0.6959598739301687,0.10218794970480799,-0.030066097745846065,0.7381725801140411,0.1146179734874357,-0.058707402579791276,0.5741157697954892,0.056575552042308255,-0.06256552351306133,0.6170840138675623,0.11290881350639605,-0.08586809114779788,0.7842510474901945,0.22805390026024774,1.3883819521700191,0.6508509949970865,0.23704332022751434,1.6410364968020579,0.6339055148267795,0.23913642019040884,1.5153531871617356,0.5874324028627005,0.39267493847494833,1.2721715186938392,0.6533811457282577,0.38302416129944616,1.0328507535670723,0.5524180840171716,0.22941576184681678,0.8960727823065097,0.4158290959480847,0.17940019937445853,0.8256740205022455,0.3828744698825707,0.17243698979947192,0.7766563911792281,0.4650926123196487,0.1304144665000731,0.8116584980746995,0.4555110573339419,0.07208636653507305,1.287890571724146,0.6370868135249486,0.09651502415447555,1.0557495487616297,0.5218968347521451,0.16890732379225376,0.8749498109411642,0.4261477666779352,0.2172866789554863,0.7807409681014597,0.4761580373809793,0.2122967691916335,0.7500048829355784,0.48672857441419065,0.18965490180218797,0.7630960982383143,0.4239578041337231,7.104166666666667
0.3237152679923888,0.8057393461545411,0.6013090998226018,0.3037634297992756,0.37463350883363195,0.6510763007318731,0.3074953684563064,-0.04729778094909838,0.7495091922923942,0.28201372372743416,-0.07484442060523107,0.57066584632174,0.34035173962159804,-0.059962615743817504,0.5865196437611487,0.28562662634223035,-0.12284763222232223,0.8324024445125365,0.11345028215937085,0.782987443092779,0.6547366723713914,0.11006738337510145,0.3388530608331637,0.6952000717270749,0.10253212073353528,-0.030849282313683668,0.7394134361806619,0.11463356373673353,-0.058759473652294156,0.5738162378734687,0.05644573171200579,-0.06280832438773225,0.617431233535857,0.11258660073123757,-0.08606608689668316,0.7837564826973235,0.22812396465346224,1.3879009812275331,0.6505006144381155,0.2371242821133193,1.6402140573102937,0.6345659163506752,0.24035640330129193,1.5142161493123953,0.5917389530330682,0.3927376306937653,1.2722736741873155,0.6535159983422689,0.3843002073805054,1.033541610740918,0.5499744974485035,0.23067178958156292,0.8967152089364786,0.41400568256852344,0.1796306356349876,0.8248309475718798,0.3820112278713582,0.17228106541100824,0.7791050704196194,0.46433358922630574,0.13129708672949747,0.8158601511532447,0.45055973266407345,0.07206174826276937,1.2875285418502864,0.637084853348551,0.09708364669282596,1.0561482293147328,0.5204702434030124,0.16894872677935174,0.8750832408797937,0.42612218288033754,0.21832967382654594,0.7822488586878832,0.4741030246089053,0.21231490519161772,0.7503691971942512,0.4859580743222732,0.19057994847140222,0.7627585018171006,0.4267186389577619,7.125
0.3234059980261233,0.8051984701416837,0.5988092494077599,0.30372961811845695,0.37394166602900436,0.6514044867574822,0.30750687022980006,-0.04685541478608657,0.7498069283423155,0.2818387458287762,-0.07445944629361212,0.570513866478006,0.34065884444408,-0.059435102992076494,0.5859718352919451,0.28562927373240415,-0.12285680066551015,0.8324193106827301,0.11302507534918692,0.782262709304266,0.6532666912949899,0.11068743355806193,0.3387085451990561,0.6943124002605067,0.10294592623991054,-0.03173941555491219,0.7410312420784212,0.11460928825102526,-0.05883621128333022,0.5730794586385914,0.056496604158741956,-0.06275306798498459,0.6173072448527318,0.11224777408661112,-0.08624157619735265,0.7832506572571107,0.2281054233682437,1.3872314904293657,0.6504502157877382,0.2372030745931298,1.6393589641820638,0.6351257496655547,0.24117369526293236,1.5133878530752047,0.5946071676978204,0.3930907305401711,1.272216304163049,0.6545292883955467,0.3850663755312049,1.034195541956568,0.5481221675782135,0.23179760578034156,0.8971765985282971,0.41315514184791824,0.18912917257142658,0.8162829027510363,0.38217792792617344,0.17447546437186617,0.7791450332254071,0.4626063609874964,0.13218785551695766,0.8192758901438943,0.44678462419294585,0.07200574187888333,1.2869879276029406,0.6371017785219307,0.09798264646460757,1.0570490362378986,0.5182994346167326,0.1689532741529413,0.8748337746925187,0.426132257426334,0.22092742242804114,0.7838913068639878,0.4702955677054887,0.21399978527625607,0.7508516312065913,0.48365431461900044,0.19110617111066835,0.7627105066608697,0.4279425668182393,7.145833333333333
0.3231560575492908,0.804514745536404,0.5972677637416611,0.30380495828926146,0.3734095096555768,0.6517328755646022,0.3074924367166153,-0.04640270036378856,0.7501862850778342,0.28177618117039105,-0.0740037754985006,0.5710170396325995,0.3406559283624635,-0.05918735597994246,0.587023474336108,0.2856334295672758,-0.12287956120795827,0.8324476217755938,0.11252417578255189,0.7814637983861344,0.6519234768987325,0.11146298319713778,0.3387926789142895,0.6932168636004165,0.1032448157973461,-0.03210948295224919,0.7425075436973704,0.11461606853177966,-0.05925748793225549,0.572399725233906,0.05694828508228156,-0.062030618227834323,0.6161685549182135,0.11180414249882817,-0.08626057285535696,0.7826796158718583,0.22804584582517262,1.3865350329724586,0.6505434523830533,0.2372416422731245,1.6386560271511663,0.6353636371094022,0.24166267621022725,1.5131051283468961,0.5963435534005562,0.3937154265108267,1.2719491971813595,0.6563436688026663,0.3853143671187623,1.0347235633115528,0.5473650516473734,0.23282819589188766,0.8972957202770404,0.4130950072002445,0.20555045673174133,0.8016864450829382,0.3826007052656866,0.17905540271455195,0.7764928417703492,0.45964070276253444,0.13400055526186877,0.8196626625722576,0.44437320731067254,0.07192213470054716,1.2864527488454665,0.6371429297562325,0.09904723283978056,1.0574264381631795,0.5158096509418568,0.16908333413135945,0.8742988502150677,0.4256832207923543,0.22439508651284207,0.7858240033372433,0.46359321747428905,0.21783606093439842,0.7516380584225105,0.47748237062550425,0.1914235356309316,0.7628912747267288,0.42678517927864607,7.166666666666667
0.322926174807916,0.8035197831710463,0.5960807355601696,0.30396770651136906,0.3728044881178282,0.6521062461662845,0.307469218566262,-0.04600866492839391,0.7505569746204857,0.28202985749884,-0.07371950021748341,0.5725206965390556,0.3405242065884371,-0.05928685184700797,0.5897564811424019,0.2856364887892349,-0.1229049708890131,0.832467900088182,0.11205011333073091,0.7806586744792405,0.650398733853484,0.11228205581268726,0.33893224782995646,0.6920885964858611,0.10349761053648476,-0.03235193735785012,0.743839233623141,0.11477205121768087,-0.060376457001473156,0.5728208698487678,0.057759129097205986,-0.060707487767417516,0.614137308337863,0.11136081495490531,-0.08626792158214924,0.7821151010202505,0.2279897349966478,1.3859892130788338,0.6506445883522829,0.23720270342640332,1.6382150508568896,0.6352335009613264,0.24191614878704248,1.5133441436867456,0.5973523563292988,0.3944990172640471,1.2716046514649422,0.6586039611229542,0.3853522979561499,1.0351416422244755,0.5477376664711412,0.23383588721423404,0.8968411922744562,0.41342402103716114,0.22115270710428875,0.7862697594630229,0.38325390496309,0.1846891517778346,0.7723451210048182,0.4548360646370688,0.13783677947838865,0.8160394549978904,0.4419617915418634,0.0718306577966585,1.2858870846225758,0.6372126726856113,0.1001150712932416,1.056774690464106,0.5133535319469344,0.1694342377096042,0.8737071310903382,0.42439459867073964,0.22784874323541848,0.7880314023562008,0.4545089607962771,0.22351881527132378,0.7527483987522839,0.46637272974327915,0.19183447315255325,0.7632300540872733,0.42335648712911034,7.1875
0.3227256146258809,0.8022007424705155,0.5952171345370898,0.30421958188876425,0.3721166916415164,0.6525097145978705,0.3074352877109006,-0.04569627672342809,0.7509090535641483,0.2826329741296848,-0.07358969860083156,0.5748924424553681,0.34034484880245486,-0.06017140115668733,0.5937726745586843,0.28563794453611596,-0.12293168440070833,0.8324789159360622,0.11162800676750839,0.7798682044252592,0.648665845048945,0.11312953392926363,0.3391084192033589,0.690953688943576,0.10369379451676664,-0.03246213518323904,0.7449616484274783,0.11510150074086366,-0.062021892279787945,0.5746170801487891,0.05877122594172242,-0.059039954416659685,0.6116042158258947,0.11093078101939165,-0.08626921224684844,0.7815718336484139,0.22795783603542907,1.3856513587374126,0.6507881199907678,0.2371395829770134,1.6379345376228596,0.6351083500530166,0.24196102688111013,1.5139210891477055,0.5977737719414506,0.3952917657221084,1.2713377696156185,0.6608756243781927,0.3856349915770493,1.0356553331593144,0.5484339730130712,0.2348085347959366,0.896097679653912,0.4132803831498724,0.22857797806421382,0.776284476030547,0.383491205661154,0.19010751181030422,0.7683622052349158,0.4474417127985786,0.14390928916890416,0.8095320165042642,0.4378922200967302,0.07176570329989745,1.2850344025849973,0.6372961531943632,0.10104822908087946,1.055429657850986,0.5111498015481394,0.1699862515431559,0.8733581845912047,0.4223638413054489,0.23088842036935248,0.7903424156650174,0.44493780269788696,0.2303147253085689,0.7539619083367288,0.45175977309033977,0.19247271754491047,0.7636773630308914,0.41940428858331547,7.208333333333333
0.3225636418270667,0.8005447828597174,0.5946459303462259,0.3045623035254309,0.37133621045240095,0.6529283968947004,0.3073887160826911,-0.04548850399241358,0.7512325785027001,0.28346904379920135,-0.0733741921544119,0.5777695354823942,0.3400866974548167,-0.06195027162936409,0.5983391258591415,0.285637289945753,-0.12295835643507398,0.8324794396348012,0.11128297486666858,0.7791132550658664,0.646698193374815,0.11399030007142,0.3393023602918013,0.689838231000296,0.10382285179763154,-0.032435432839935885,0.7458101246821266,0.11555997773688217,-0.06333455055303988,0.5766248969823152,0.05984092721391458,-0.05725893078320522,0.6089076000449041,0.11052703025683608,-0.08627003471856928,0.7810645347024747,0.2279694679764908,1.385362415673588,0.6510120234386766,0.23720575018246254,1.6375349867339004,0.6355018860667969,0.2417767329188822,1.5146633183469393,0.597490694052379,0.39591128770920475,1.2711850288985957,0.6627486807678682,0.3863856591703194,1.036428709805135,0.5487333794896,0.2358320133255321,0.8957193284566058,0.41204125594392704,0.22749134253837267,0.7738217073314194,0.38099698009566396,0.19461764473334425,0.7654407310275753,0.4379610814772025,0.15118505962425963,0.8019420033109765,0.4322014133433618,0.0717542546314339,1.2837736492776357,0.6373655406558748,0.10171757468165193,1.0537483719989131,0.5094395127265385,0.170717513278072,0.8733950094194975,0.4200515126925412,0.23372398769018393,0.7927341310383722,0.4360472414311507,0.2374789664885066,0.7550865522556909,0.4362150370381067,0.19341956716728526,0.7641611285919679,0.41681389486038933,7.229166666666667
0.3224495212353547,0.798539063763559,0.5943360926613819,0.3049975905253529,0.37045313477624203,0.6533474090921146,0.3073275756137935,-0.04540831497887242,0.751517606030019,0.28437522927221265,-0.07290428465559204,0.5806827693307012,0.33974527051954223,-0.06394814659967307,0.6024751694356902,0.28563401815598,-0.12298364168413937,0.8324682414999655,0.11104013640199573,0.7784146932427392,0.6444691617207946,0.11484923676370944,0.3394952383525886,0.688768312682756,0.10387426643851935,-0.03226718673946097,0.74631999895883,0.11606430017231163,-0.06348257029296395,0.5774827013285871,0.06084641924372128,-0.055565636607061646,0.6063449580282569,0.11016255223178748,-0.08627597886642724,0.7806079251285593,0.22800342738242335,1.3848798208985922,0.6511427767740751,0.23754638616279183,1.6368214187945462,0.6364487092642597,0.2413898623016177,1.5153740249647925,0.5964665748364526,0.39627337530359585,1.2710054476067958,0.6641324939725533,0.3875580803112866,1.0372881523528545,0.5487517639917928,0.23703467366658157,0.8960738358894343,0.4100822173817545,0.22329278499829214,0.776004455416054,0.3753992956337259,0.19779469771976158,0.7636029676943755,0.4286505022885045,0.15792937364575665,0.7947444103150249,0.4267147109710206,0.07180409129915413,1.282286094926628,0.6374010390965541,0.10202311331340885,1.0516907196635776,0.5085037423326614,0.1715623824922064,0.8736224027397466,0.41802180818602847,0.23658098244575881,0.7952625081047753,0.4278805603229451,0.24406830349678466,0.7562679025899354,0.4219601555163499,0.19482357424463098,0.7644019407722036,0.4161007738520168,7.25
0.32239251767462607,0.7961707446069466,0.5942565911563618,0.3055271619925143,0.36945755483879944,0.6537518672254539,0.30724993823636765,-0.045478677926326844,0.7517541927399832,0.28514319220427115,-0.07217602966472363,0.5828808843519191,0.3394059522028101,-0.06527630169000811,0.6054684351849484,0.2856276223046311,-0.12300619483993454,0.8324440918471215,0.11092461014727405,0.7777933857975543,0.6419521329765834,0.11569122653068505,0.3396682206430257,0.6877700240176907,0.10383752249886992,-0.03195275329333419,0.7464266078293329,0.11641596110304572,-0.06238659930910248,0.5768837347543915,0.061651174054294475,-0.05419393093605764,0.6042789307500884,0.10985033650879476,-0.0862926345595374,0.7802167258727938,0.227982094381974,1.3840562229856812,0.6508636712500536,0.2382165208040423,1.6358138632507127,0.637480195527591,0.2408696679598576,1.515862259404268,0.5948202451673138,0.39653975647440876,1.2705587098703568,0.6653357281723353,0.3891461150110658,1.037845313999796,0.5488461658914029,0.23840712985758458,0.8970160366194939,0.40814255048107084,0.21959534632992506,0.7798128183556277,0.3694350196103937,0.19916341953792482,0.7627457950811546,0.422102734112398,0.1626119586019677,0.7890782256835046,0.4236326503377934,0.07190629895846296,1.2808159801434997,0.6373996812534417,0.10198114540448522,1.0491352163248648,0.5084154454686973,0.17234352739598208,0.8735585455001873,0.4167164624663865,0.23924643575527987,0.7976889438782842,0.4207457078134875,0.2490448651097158,0.7579612191379891,0.41029367579540216,0.196851909230502,0.7642352402103101,0.41593694609333987,7.270833333333333
0.3224018959687622,0.7934269848147868,0.5943763955049696,0.3061527370308989,0.3683395608658329,0.6541268873300582,0.3071538758825737,-0.04572256107829911,0.7519323952264704,0.2855970777955544,-0.07124789042831249,0.5837549763531404,0.3392054632763175,-0.06560023289363841,0.6071443792520094,0.2856175955295404,-0.12302467059448945,0.8324057609918365,0.1109615148762878,0.7772701995719885,0.6391204900318812,0.11650115189689993,0.3398024744204172,0.686869455031835,0.1037021040381231,-0.0314874889130755,0.7460652878653796,0.11648066363027662,-0.06060941053042165,0.5754246052905236,0.06210763832255277,-0.05339889324298067,0.6031054611003339,0.10960337265240683,-0.08632559166701478,0.7799056578813042,0.22790683122268088,1.3828587449457592,0.6502387142613741,0.23910621117206923,1.6345687526480428,0.6384492623318351,0.2402702292315353,1.5160406580361752,0.5926962615018017,0.3969826504957875,1.269681339393228,0.6667073680621464,0.39100965900500995,1.0379413922050715,0.548651796442132,0.23982135127971055,0.8981806891614342,0.4065950912913432,0.21607444288441507,0.7842618042719783,0.36485253960714353,0.19830014120138784,0.7631216918088006,0.41973825959495964,0.16438486630691357,0.7859587249983336,0.4237406379979067,0.07203765620622661,1.2794346605954567,0.6373772920177659,0.10178797678895618,1.0462843036104625,0.5088007889720892,0.1729882566621421,0.8729122874763021,0.4161576944049199,0.24144373271702368,0.7994408682723432,0.4156533233282643,0.2518130406326816,0.7602969458005165,0.4020778005025459,0.19946183826050318,0.7640849103464831,0.4142849066285633,7.291666666666667
0.3224869209416443,0.7902949438119862,0.5946644753810093,0.3068760347444907,0.3670892430831026,0.6544575854412685,0.30703746048457153,-0.046162932678311425,0.7520422700833584,0.2857527982871771,-0.07001164012037911,0.5835638439578141,0.33923678031343546,-0.06508802726199886,0.6072373702292337,0.28560343096854196,-0.12303772363983347,0.8323520192496766,0.11117596936282124,0.7768660014077182,0.6359476157763883,0.11726389538690714,0.3398791669420681,0.6860926957519239,0.10345749511571878,-0.03086675001020496,0.7451713756387144,0.11648345921056402,-0.05812160378643044,0.5730707761597285,0.06205431356136734,-0.05344974014785217,0.6032138763863703,0.10943465022717255,-0.08638044005797453,0.7796894421002166,0.22796930326902606,1.3811486405203024,0.6500050885079266,0.24005442877124028,1.6328573391379608,0.6403508348940082,0.23951000408478443,1.5159167094584833,0.5898414525323098,0.39746282068623884,1.2685471930559444,0.6679145523202714,0.3925056669991697,1.037871712847559,0.5471658886958871,0.24083572670821246,0.8992597912596675,0.40569271659877393,0.21473668674699672,0.7862813408653172,0.3620568795201017,0.1951804053473286,0.7652435962702036,0.42228682000226203,0.1627001762209918,0.786727390079651,0.425847071145773,0.07219405313126016,1.277812559210553,0.6373517011731891,0.10170405015227073,1.0434422543505366,0.5090425290391466,0.17365766110884093,0.8720355137219244,0.4160806876581586,0.24378072014391775,0.7996111398462128,0.4146180476354345,0.2521332290128584,0.7622482557337077,0.3996029591037231,0.2020656216498803,0.7646453083683926,0.4113260406030903,7.3125
0.32265685741715355,0.786761781023451,0.595089800458285,0.30769877423727365,0.3656966917163683,0.6547290775944253,0.30689876397452115,-0.04682276096988566,0.7520738739045257,0.2857233034065231,-0.06886179273072116,0.5829705477284125,0.33929381677919646,-0.06450495776313903,0.6068518708692523,0.2855846217594698,-0.12304400866799653,0.8322816369362086,0.11159309238065859,0.7766016581464203,0.6324068930998042,0.11796433952525978,0.3398794654652828,0.6854658362046917,0.10309317979109678,-0.030085892996242744,0.7436802077210813,0.11648229304641328,-0.056556422437294133,0.5718059980004052,0.06188813376994091,-0.05370064219898238,0.6036081600381276,0.10935715879764082,-0.0864627696015319,0.7795827994756575,0.22828019904133734,1.379400786095111,0.6506292299614757,0.2406245217548411,1.6311641248194462,0.6430144651721854,0.23883603428649425,1.515587541063902,0.5871859711240083,0.3984441581176052,1.267019734496636,0.6697879518680715,0.39326249780735123,1.0379225401329237,0.544153828870413,0.2415827232318559,0.900370680809424,0.4049746014533764,0.2142285783221435,0.787653916787332,0.36019996433657214,0.19197619970228363,0.7677507513744452,0.426168711777656,0.15966337910930495,0.7896491081431278,0.42737881528108657,0.07233010559098549,1.276542393138906,0.6373482271749992,0.10165252021983039,1.041083218090329,0.5092365954114171,0.17466538337761556,0.8713767674367797,0.4154590520159797,0.24526419230726637,0.7988562918913265,0.4148701761775697,0.2514880684586717,0.7638069589084411,0.3998833597961269,0.20457062381121308,0.7662619040493595,0.40619744549056586,7.333333333333333
0.32292097021917143,0.7828146558740879,0.5956213404106006,0.3086226746132317,0.3641519969913898,0.6549264798248687,0.3067358582845825,-0.047725014196544666,0.7520172632838498,0.2855376447724411,-0.0679746484001557,0.5822484291972934,0.33932298980260556,-0.06414633649331725,0.6063520251124948,0.28556066104015804,-0.12304218037100846,0.8321933843669992,0.11223800270358411,0.7764980366297716,0.6284717048918294,0.11858736683651094,0.3397845372473667,0.6850149664168738,0.10259864212369697,-0.029140274282708933,0.741527120684225,0.11653916838294924,-0.05675554799635533,0.5726436555809654,0.0617284767090006,-0.0539614420224325,0.6039890516479627,0.10938388792836055,-0.08657817016680219,0.7796004509537524,0.22894102442389522,1.377796719022508,0.6525252779160451,0.24055191195359663,1.6296761837600704,0.6465837074566655,0.2383625214746244,1.5150775090676545,0.5851558476262216,0.40014795778166423,1.265048033522575,0.6726741945414241,0.39292067934673636,1.0382737773258566,0.5391881877269424,0.24200653981144774,0.9014578546259159,0.4043565894539226,0.21462226345145852,0.7881782790148905,0.35923088013018134,0.1895889858158047,0.7701902404848886,0.4301433307084819,0.15595658810967802,0.7944371367451407,0.42698601270450487,0.07242061915876095,1.2758539227258747,0.6373847143775665,0.10167556688164175,1.0395261623765217,0.5092578908390972,0.17619047204211338,0.8711914644477889,0.4137505107526789,0.24548274580596632,0.7971712377524498,0.415759230282268,0.2503596733317438,0.7647369479919172,0.40228986501280417,0.20678149496573295,0.7693281201024308,0.39822565281758937,7.354166666666667
0.323288524171579,0.7784407277888036,0.5962280649117601,0.3096494549763486,0.36244524913392684,0.6550349081679394,0.3065468153469156,-0.04889266060181005,0.7518624948152087,0.28522487400378066,-0.06752650726950368,0.5816708298968155,0.33927071651266866,-0.06430747554879668,0.6061019768993918,0.2855310419484407,-0.12303089344089885,0.8320860318576151,0.11313581910538202,0.7765760036994482,0.6241154340421634,0.11911785984521371,0.3395755495456239,0.6847661764152044,0.10196336617295922,-0.02802525028112346,0.7386474510998895,0.11671608846529713,-0.05956066197696121,0.5765971336698207,0.061694720139273684,-0.05404198224426885,0.6040572908082342,0.10952782718388063,-0.08673223162290003,0.7797571174806279,0.23005328530098063,1.3765179766548148,0.6561073716656595,0.23957202119823254,1.6285805900274068,0.6512021160377484,0.2382036672871351,1.514410969684963,0.5841771123882752,0.40279551467019475,1.2625811599410326,0.6769199081762071,0.3911207395345081,1.0391053276910438,0.5318415360267088,0.24205137540779553,0.9024658095243531,0.40375452419918534,0.21598988797654534,0.7876531745248576,0.359098712974556,0.18892022523744403,0.7721091469648942,0.43297007258208037,0.15226191635993652,0.8008047334420623,0.42331880571668534,0.07244039940794504,1.2759769083168166,0.6374790071352616,0.10181537002771164,1.0390900547557955,0.5089813180723842,0.1784119756759822,0.8717350205818715,0.41041278714255225,0.24402497723891495,0.7945508907743464,0.41663473127712775,0.24923015799369772,0.7648021156513322,0.4061933371868022,0.20850288533467182,0.7742373792406505,0.3867371941107603,7.375
0.32376878409825766,0.7736271561925041,0.5968789436355676,0.3107808344306085,0.3605665383697398,0.6550394786589779,0.30632970709368035,-0.050348668429204296,0.7515996250924805,0.2848140427193913,-0.06769366947958674,0.5815110913593371,0.3390834140383916,-0.06528368702583985,0.606465870170374,0.2854952576221519,-0.12300880256969762,0.8319583497236227,0.11431166035983659,0.7768564261971277,0.6193114634405064,0.11954070107592116,0.33923366961735946,0.6847455562264188,0.10117683599832336,-0.02673617740300642,0.734976535539819,0.11707505653858212,-0.06581344589245919,0.5846798170353831,0.061906241821487455,-0.05375210549055797,0.6035136171112999,0.10980196612874993,-0.08693054383894117,0.7800675200024101,0.2317184875568746,1.3757460963443529,0.6617896505043432,0.23742027131947438,1.6280644176890269,0.6570132452057337,0.2384736733619865,1.5136122791310505,0.5846757957594942,0.40660812377497535,1.259568183559281,0.6828717206082984,0.3875032062878495,1.0405970944931737,0.5216864445309459,0.24166142898170678,0.903339042319945,0.40308424928793696,0.21840359773900764,0.7858773502940987,0.359752548943323,0.19087137951675395,0.7730545541778227,0.4334083331857924,0.14926147699790593,0.808465155790266,0.41502733661828595,0.07236425191189627,1.2771411102570893,0.6376489498024555,0.10211410954804685,1.0400938627748304,0.5082817798614754,0.1815089428528697,0.8732628516659457,0.4049036044598959,0.2404794832050095,0.7909901643017793,0.4168462004897471,0.24858163680615628,0.7637663545538834,0.4109646387511681,0.20953944513926154,0.7813831041770629,0.3710586008966783,7.395833333333333
