Coordinates
version=1
nRows=250
nColumns=63
inDegrees=yes

Units are S.I. units (second, meters, Newtons, ...)
If the header above contains a line with 'inDegrees', this indicates whether rotational values are in degrees (yes) or radians (no).

endheader
time	pelvis_tilt	pelvis_list	pelvis_rotation	pelvis_tx	pelvis_ty	pelvis_tz	hip_flexion_r	hip_adduction_r	hip_rotation_r	knee_angle_r	knee_angle_r_beta	ankle_angle_r	subtalar_angle_r	mtp_angle_r	hip_flexion_l	hip_adduction_l	hip_rotation_l	knee_angle_l	knee_angle_l_beta	ankle_angle_l	subtalar_angle_l	mtp_angle_l	L5_S1_Flex_Ext	L5_S1_Lat_Bending	L5_S1_axial_rotation	L4_L5_Flex_Ext	L4_L5_Lat_Bending	L4_L5_axial_rotation	L3_L4_Flex_Ext	L3_L4_Lat_Bending	L3_L4_axial_rotation	L2_L3_Flex_Ext	L2_L3_Lat_Bending	L2_L3_axial_rotation	L1_L2_Flex_Ext	L1_L2_Lat_Bending	L1_L2_axial_rotation	L1_T12_Flex_Ext	L1_T12_Lat_Bending	L1_T12_axial_rotation	Abs_r3	Abs_r2	Abs_r1	Abs_t1	Abs_t2	neck_flexion	neck_bending	neck_rotation	arm_flex_r	arm_add_r	arm_rot_r	elbow_flex_r	pro_sup_r	wrist_flex_r	wrist_dev_r	arm_flex_l	arm_add_l	arm_rot_l	elbow_flex_l	pro_sup_l	wrist_flex_l	wrist_dev_l
      0.00000000	     -2.75356747	     -2.63090824	     83.60173220	      0.26098211	      0.92086949	      0.63004154	      3.39235613	     -4.16444472	     -3.90353475	     10.12163030	      0.17665577	     34.53499972	      8.38608216	      0.00000000	      3.89732314	      4.57372031	     -2.78780230	     12.51793195	      0.21847913	     31.99761829	     -6.74432914	      0.00000000	      0.24754663	     -0.39272824	      2.25372493	      0.45971885	     -0.52232856	      2.39458273	      0.40669436	     -0.95487944	      2.39458273	      0.28292105	     -0.95487944	      1.97200931	      0.22987180	     -0.80085143	      1.83115150	      0.14144815	     -0.60833604	      1.69029369	      1.76820085	     -4.44262040	     12.53454192	      0.00000000	      0.00000000	     20.64183315	     -1.26218125	    -22.68513474	      7.06152805	     -8.39943531	     49.18150084	     37.93029007	     55.05541689	      8.45410783	     12.37584524	     24.89522230	     -9.66942729	     89.02592748	     42.89196663	     44.44073110	     10.58072780	     -1.64847653
      0.01851852	     -2.94785530	     -2.61788252	     83.54701907	      0.26107680	      0.91989934	      0.62990214	      3.19513020	     -4.34870507	     -3.82354348	      9.86103669	      0.17210756	     34.78339870	      8.53777446	      0.00000000	      3.83669609	      4.77926189	     -2.56361086	     12.52264960	      0.21856147	     32.08332692	     -6.71006660	      0.00000000	      0.24203172	     -0.41249228	      2.23662273	      0.44947711	     -0.54861473	      2.37641165	      0.39763391	     -1.00293372	      2.37641165	      0.27661805	     -1.00293372	      1.95704489	      0.22475065	     -0.84115425	      1.81725597	      0.13829692	     -0.63895054	      1.67746705	      1.72880837	     -4.66619513	     12.43942464	      0.00000000	      0.00000000	     20.97217542	     -1.36657010	    -22.57729868	      7.24449723	     -8.26700147	     49.07629953	     38.16732014	     55.06009877	      8.46324812	     12.38667280	     24.91699597	     -9.90225753	     88.96404658	     43.18308965	     44.45639131	     10.66766421	     -1.66335573
      0.03703704	     -3.04934327	     -2.83630143	     83.62624697	      0.26136070	      0.91888980	      0.63015371	      3.26712634	     -4.36281602	     -3.60973305	      9.69914303	      0.16928198	     34.85359053	      8.24240377	      0.00000000	      4.11794377	      4.79905022	     -2.65737967	     12.59514867	      0.21982681	     32.27684525	     -6.36625326	      0.00000000	      0.27477975	     -0.42669945	      2.21885557	      0.51029347	     -0.56751027	      2.35753404	      0.45143565	     -1.03747704	      2.35753404	      0.31404577	     -1.03747704	      1.94149862	      0.25516047	     -0.87012552	      1.80282015	      0.15700915	     -0.66095745	      1.66414168	      1.96272426	     -4.82690950	     12.34060901	      0.00000000	      0.00000000	     21.10299975	     -1.45476296	    -22.45302085	      7.42572801	     -8.15896581	     49.10520143	     38.33503951	     54.99119722	      8.37947532	     12.36566461	     24.94728327	    -10.12886525	     88.93530937	     43.50111956	     44.47259173	     10.58211983	     -1.53498440
      0.05555556	     -3.40321543	     -2.63647880	     83.64389057	      0.26156864	      0.91826873	      0.63039641	      2.95340374	     -4.73522234	     -3.89042004	      9.58644451	      0.16731502	     34.98085075	      8.46348474	      0.00000000	      3.94582173	      5.19119316	     -2.55095240	     12.53814007	      0.21883183	     32.44441545	     -6.42569361	      0.00000000	      0.23370649	     -0.47180450	      2.23849113	      0.43401632	     -0.62749999	      2.37839682	      0.38395639	     -1.14714547	      2.37839682	      0.26710314	     -1.14714547	      1.95867973	      0.21701984	     -0.96210374	      1.81877404	      0.13353989	     -0.73082517	      1.67886834	      1.66934206	     -5.33714689	     12.44981609	      0.00000000	      0.00000000	     21.39822492	     -1.30516235	    -22.33132907	      7.54443435	     -8.19449306	     48.90092656	     38.86897859	     55.04680896	      8.46231563	     12.28650086	     25.21977048	    -10.57239032	     88.88103085	     44.27426514	     44.54755678	     10.70619883	     -1.41055331
      0.07407407	     -3.78686000	     -2.52621690	     83.66627840	      0.26212159	      0.91773547	      0.63071166	      2.82407733	     -5.14150078	     -4.36237049	      9.66252593	      0.16864289	     35.22556186	      9.00411528	      0.00000000	      3.82652857	      5.56897171	     -2.52112982	     12.34019614	      0.21537705	     32.43589290	     -6.46744427	      0.00000000	      0.21139793	     -0.52685513	      2.26572088	      0.39258709	     -0.70071733	      2.40732843	      0.34730565	     -1.28099557	      2.40732843	      0.24160669	     -1.28099557	      1.98250577	      0.19630411	     -1.07436299	      1.84089821	      0.12079277	     -0.81609860	      1.69929066	      1.50999424	     -5.95989064	     12.60125980	      0.00000000	      0.00000000	     21.58899231	     -1.00760898	    -22.31313664	      7.61313319	     -8.04953887	     48.54412798	     39.15746896	     55.33326632	      8.50688400	     12.12395547	     25.61552112	    -11.06906564	     89.08801996	     45.08268689	     44.73810898	     10.74873045	     -0.84967849
      0.09259259	     -4.08142867	     -2.58421053	     83.60538375	      0.26231901	      0.91721045	      0.63130093	      3.11073262	     -5.78162701	     -8.18458696	     10.24945836	      0.17888679	     36.01174525	     13.93109369	      0.00000000	      3.93078240	      5.88251507	     -2.41883455	     12.15838992	      0.21220394	     32.39882503	     -6.79849606	      0.00000000	      0.21273964	     -0.56766325	      2.36035895	      0.39507879	     -0.75499212	      2.50788139	      0.34950996	     -1.38021643	      2.50788139	      0.24314014	     -1.38021643	      2.06531409	      0.19755003	     -1.15757890	      1.91779165	      0.12155943	     -0.87931037	      1.77026922	      1.51957799	     -6.42152021	     13.12760840	      0.00000000	      0.00000000	     21.54098099	     -1.01743144	    -22.92898007	      7.05953447	     -7.71253476	     45.72362151	     39.35811148	     60.62548036	      9.46658678	     11.75764330	     26.06796481	    -11.16559566	     89.51566726	     45.72811491	     44.32843303	     10.09512415	      0.66693438
      0.11111111	     -4.13214313	     -2.63847502	     83.66784895	      0.26234282	      0.91687754	      0.63179650	      3.17323002	     -5.80160933	     -8.12123685	     10.35301486	      0.18069420	     35.95692814	     13.73066949	      0.00000000	      4.09854947	      5.90747343	     -2.52718100	     12.21713980	      0.21322931	     32.54264656	     -6.73961459	      0.00000000	      0.22178667	     -0.57252017	      2.35789656	      0.41188003	     -0.76145182	      2.50526509	      0.36437332	     -1.39202554	      2.50526509	      0.25347999	     -1.39202554	      2.06315949	      0.20595110	     -1.16748313	      1.91579095	      0.12672890	     -0.88683374	      1.76842242	      1.58420001	     -6.47646265	     13.11391329	      0.00000000	      0.00000000	     21.40208480	     -1.01436745	    -22.81677552	      7.11472799	     -7.75735386	     45.69772305	     39.50755477	     60.53341583	      9.41910426	     11.68801820	     26.14819522	    -11.20573551	     89.51408778	     45.83091487	     44.33342990	     10.03578952	      0.72454949
      0.12962963	     -4.20739909	     -2.71089851	     83.61241594	      0.26267530	      0.91651004	      0.63223928	      3.24970023	     -5.84274561	     -8.10351542	     10.38862187	      0.18131566	     35.85169989	     13.69665193	      0.00000000	      4.25978105	      5.93704081	     -2.62750747	     12.22684719	      0.21339874	     32.73780862	     -6.68398792	      0.00000000	      0.22677972	     -0.58449748	      2.36513021	      0.42115261	     -0.77738165	      2.51295085	      0.37257640	     -1.42114718	      2.51295085	      0.25918654	     -1.42114718	      2.06948893	      0.21058764	     -1.19190726	      1.92166830	      0.12958193	     -0.90538660	      1.77384766	      1.61986484	     -6.61195241	     13.15414469	      0.00000000	      0.00000000	     21.50031359	     -0.98835130	    -22.74090843	      7.10641155	     -7.79503697	     45.67476697	     39.77776779	     60.45807706	      9.36175724	     11.62068065	     26.24871987	    -11.32657737	     89.54338701	     45.98491411	     44.33972532	      9.95998724	      0.79921240
      0.14814815	     -4.40503166	     -2.62008942	     83.18094800	      0.26354923	      0.91631416	      0.63267015	      3.33331134	     -6.10006786	     -8.52382319	     10.62539915	      0.18544820	     35.94850926	     14.77980154	      0.00000000	      4.18145907	      5.96685411	     -4.28283512	     12.12583094	      0.21163567	     33.20664537	     -4.90765004	      0.00000000	      0.19902384	     -0.62026607	      2.52661536	      0.36960717	     -0.82495387	      2.68452882	      0.32697626	     -1.50811492	      2.68452882	      0.22746434	     -1.50811492	      2.21078844	      0.18481353	     -1.26484656	      2.05287498	      0.11372222	     -0.96079214	      1.89496152	      1.42160736	     -7.01657381	     14.05227666	      0.00000000	      0.00000000	     21.66037643	     -1.06159523	    -23.83871519	      6.39021938	     -7.59265661	     43.18378818	     40.31503934	     63.61802050	      9.55936127	     11.72077245	     26.90336181	    -11.20906615	     90.70073318	     46.00781631	     43.63079457	     10.29280495	      1.18700314
      0.16666667	     -4.40755129	     -2.67576023	     83.13469115	      0.26371601	      0.91613824	      0.63299595	      3.41537998	     -6.06893850	     -8.25883266	     10.69824512	      0.18671960	     35.78245782	     14.56866018	      0.00000000	      4.28141537	      5.93995477	     -4.40317750	     12.12106318	      0.21155246	     33.29446338	     -4.82868215	      0.00000000	      0.20260407	     -0.62119495	      2.50312997	      0.37625601	     -0.82618928	      2.65957560	      0.33285822	     -1.51037340	      2.65957560	      0.23155619	     -1.51037340	      2.19023873	      0.18813814	     -1.26674074	      2.03379310	      0.11576796	     -0.96223098	      1.87734748	      1.44718060	     -7.02708150	     13.92165796	      0.00000000	      0.00000000	     21.77877875	     -1.03848770	    -23.69624020	      6.35087246	     -7.55546167	     43.09991743	     40.38401744	     63.65537307	      9.42493136	     11.72332898	     26.85135467	    -11.24661293	     90.63848436	     45.93401112	     43.56995816	     10.12174324	      1.12891670
      0.18518519	     -4.33354185	     -2.65535477	     83.02953076	      0.26386464	      0.91612487	      0.63327378	      3.42249613	     -5.96656899	     -7.78790766	     10.76659981	      0.18791262	     35.59219196	     14.27435394	      0.00000000	      4.29315024	      5.78165459	     -5.08375389	     12.18544111	      0.21267607	     33.54212023	     -3.97077049	      0.00000000	      0.19653717	     -0.60860365	      2.48168484	      0.36498918	     -0.80944286	      2.63679014	      0.32289092	     -1.47975892	      2.63679014	      0.22462233	     -1.47975892	      2.17147424	      0.18250442	     -1.24106456	      2.01636893	      0.11230134	     -0.94272706	      1.86126363	      1.40384537	     -6.88464622	     13.80238659	      0.00000000	      0.00000000	     21.88078790	     -0.86568216	    -23.13534758	      6.30807114	     -7.60895559	     43.16076718	     40.59117549	     63.22047100	      8.86610875	     11.88480960	     26.62711846	    -11.29019701	     90.33976825	     45.94581360	     43.34039615	      9.40293713	      0.90334010
      0.20370370	     -4.25959753	     -2.67591940	     82.83165354	      0.26409486	      0.91611163	      0.63358168	      3.53295672	     -5.86258008	     -7.23761895	     10.90942434	      0.19040537	     35.42508121	     13.99805258	      0.00000000	      4.32483033	      5.62300557	     -5.79330439	     12.20447670	      0.21300830	     33.67605541	     -3.21827260	      0.00000000	      0.19629156	     -0.59493792	      2.49006849	      0.36453306	     -0.79126744	      2.64569777	      0.32248740	     -1.44653207	      2.64569777	      0.22434162	     -1.44653207	      2.17880993	      0.18227634	     -1.21319742	      2.02318065	      0.11216100	     -0.92155885	      1.86755137	      1.40209099	     -6.73005679	     13.84901391	      0.00000000	      0.00000000	     21.98191882	     -0.92513086	    -22.77599190	      6.23032764	     -7.66741998	     43.02780204	     40.79307340	     63.31412470	      8.42314104	     11.99823509	     26.43027203	    -11.28590460	     90.21112074	     45.92313582	     43.06471335	      8.71588683	      0.39979001
      0.22222222	     -4.17918114	     -2.72519900	     82.36357106	      0.26465950	      0.91611604	      0.63399119	      3.75142727	     -5.68634498	     -5.96696185	     11.06254643	      0.19307786	     35.18765562	     13.11255109	      0.00000000	      4.40782039	      5.51609173	     -6.09742690	     12.24069364	      0.21364041	     33.66663023	     -3.51678090	      0.00000000	      0.19791551	     -0.58573704	      2.64422094	      0.36754889	     -0.77903027	      2.80948475	      0.32515538	     -1.42416105	      2.80948475	      0.22619763	     -1.42416105	      2.31369332	      0.18378434	     -1.19443498	      2.14842951	      0.11308892	     -0.90730668	      1.98316570	      1.41369067	     -6.62597458	     14.70636359	      0.00000000	      0.00000000	     22.01797375	     -1.19878276	    -23.37474278	      5.38704199	     -7.36094505	     39.76332912	     41.12511385	     69.42673569	      9.11520466	     11.81046932	     27.04856115	    -10.80497263	     92.51790417	     45.45651880	     41.84239936	      7.93601987	     -1.77712826
      0.24074074	     -4.14796184	     -2.96187723	     82.43826398	      0.26467369	      0.91580234	      0.63441770	      4.08270616	     -5.61008316	     -5.76258886	     11.23954346	      0.19616704	     35.20686230	     12.90094321	      0.00000000	      4.80037671	      5.40454933	     -6.16955455	     12.46733444	      0.21759603	     33.82669884	     -3.30705396	      0.00000000	      0.23042366	     -0.58002153	      2.61917599	      0.42791978	     -0.77142864	      2.78287449	      0.37856303	     -1.41026435	      2.78287449	      0.26335120	     -1.41026435	      2.29177899	      0.21397141	     -1.18277991	      2.12808049	      0.13166408	     -0.89845335	      1.96438199	      1.64589315	     -6.56131957	     14.56707111	      0.00000000	      0.00000000	     22.12402990	     -1.22696681	    -23.09951600	      5.31399135	     -7.41205852	     39.82329056	     41.26633255	     69.07190267	      8.82782911	     11.74586469	     26.97014630	    -10.87354264	     92.47980108	     45.59784366	     41.84495859	      7.56280577	     -1.62954382
      0.25925926	     -4.00673881	     -2.83040225	     82.28240302	      0.26469667	      0.91636297	      0.63469886	      3.99912008	     -5.47155480	     -5.53291088	     11.26512371	      0.19661350	     35.04848820	     12.79572404	      0.00000000	      4.57121996	      5.28505025	     -6.23863981	     12.27224604	      0.21419110	     33.72258217	     -3.27131968	      0.00000000	      0.20349196	     -0.56161755	      2.64068803	      0.37790491	     -0.74695134	      2.80573104	      0.33431694	     -1.36551690	      2.80573104	      0.23257096	     -1.36551690	      2.31060203	      0.18896263	     -1.14525050	      2.14555903	      0.11627530	     -0.86994558	      1.98051602	      1.45352270	     -6.35313001	     14.68671463	      0.00000000	      0.00000000	     22.15163545	     -1.19733174	    -23.19449962	      5.45614953	     -7.36734304	     39.82296036	     40.94029026	     69.24475648	      8.80670370	     11.86486271	     26.77182614	    -10.74020267	     92.23741433	     45.46155763	     41.57793048	      7.05055524	     -2.07631139
      0.27777778	     -3.81408504	     -2.81838462	     82.00811080	      0.26487174	      0.91663204	      0.63457054	      4.05738164	     -5.22161345	     -4.81784477	     11.31184745	      0.19742898	     35.02544767	     12.27768585	      0.00000000	      4.46261357	      5.09542813	     -6.41856745	     12.15120799	      0.21207859	     33.68646188	     -3.32232326	      0.00000000	      0.20718721	     -0.53176610	      2.66604683	      0.38476737	     -0.70724891	      2.83267476	      0.34038787	     -1.29293610	      2.83267476	      0.23679426	     -1.29293610	      2.33279098	      0.19239404	     -1.08437743	      2.16616305	      0.11838677	     -0.82370569	      1.99953512	      1.47991752	     -6.01544449	     14.82775265	      0.00000000	      0.00000000	     22.03748324	     -1.40682650	    -23.02807710	      5.45325588	     -7.51033918	     39.96531434	     40.92132838	     69.31538906	      9.09750990	     11.98533847	     26.46565979	    -10.72813818	     92.17444612	     45.54391077	     40.99098481	      5.79953988	     -3.07397609
      0.29629630	     -3.69068044	     -2.83010287	     82.10462282	      0.26477659	      0.91689855	      0.63464249	      4.04005863	     -5.00751435	     -4.06105404	     11.21347824	      0.19571212	     34.83483798	     11.17031109	      0.00000000	      4.52221967	      4.90604740	     -6.77228178	     12.32639527	      0.21513618	     33.84553062	     -2.64597632	      0.00000000	      0.20743836	     -0.51568599	      2.63361991	      0.38523377	     -0.68586237	      2.79822116	      0.34080047	     -1.25383893	      2.79822116	      0.23708130	     -1.25383893	      2.30441742	      0.19262726	     -1.05158688	      2.13981618	      0.11853028	     -0.79879761	      1.97521494	      1.48171143	     -5.83354311	     14.64740387	      0.00000000	      0.00000000	     22.08608431	     -1.20275827	    -22.64828948	      5.55455730	     -7.55414742	     40.52005403	     40.74178593	     67.90811145	      8.82109407	     12.21870069	     26.47033144	    -10.74533259	     92.19160821	     45.72014890	     40.84505787	      5.16664793	     -2.83802010
      0.31481481	     -3.58388547	     -2.86158881	     82.11311570	      0.26472296	      0.91714472	      0.63456154	      4.11874096	     -4.88241047	     -3.90175666	     11.28093914	      0.19688953	     34.83567847	     10.97591023	      0.00000000	      4.51872602	      4.79588336	     -6.68453047	     12.35140037	      0.21557260	     33.72369936	     -2.62940972	      0.00000000	      0.21398855	     -0.50084947	      2.63901834	      0.39739814	     -0.66612980	      2.80395699	      0.35156180	     -1.21776540	      2.80395699	      0.24456752	     -1.21776540	      2.30914105	      0.19870977	     -1.02133224	      2.14420240	      0.12227306	     -0.77581583	      1.97926376	      1.52849884	     -5.66570938	     14.67742831	      0.00000000	      0.00000000	     22.03297374	     -1.27414699	    -22.61325940	      5.51595364	     -7.51256481	     40.53345990	     40.46387246	     67.73172534	      8.83588946	     12.36078783	     26.48985601	    -10.59860757	     92.28157852	     45.54843874	     40.76542955	      5.21676036	     -2.73979803
      0.33333333	     -3.52001731	     -2.95221571	     82.23109668	      0.26445909	      0.91712462	      0.63410487	      4.19140863	     -4.78331113	     -3.51955737	     11.28101975	      0.19689094	     34.86296509	     10.40625678	      0.00000000	      4.58248013	      4.72468473	     -6.57367910	     12.43788337	      0.21708202	     33.74874150	     -2.49028024	      0.00000000	      0.23932156	     -0.48992518	      2.61461591	      0.44444406	     -0.65160050	      2.77802940	      0.39318139	     -1.19120409	      2.77802940	      0.27352061	     -1.19120409	      2.28778892	      0.22223400	     -0.99905544	      2.12437542	      0.13674834	     -0.75889411	      1.96096193	      1.70944995	     -5.54213167	     14.54170929	      0.00000000	      0.00000000	     21.80152854	     -1.34804257	    -22.55519705	      5.32624410	     -7.53193166	     40.60391343	     40.39350348	     67.50622752	      8.74141547	     12.37380123	     26.46702203	    -10.54622206	     92.34075318	     45.51645993	     40.77973544	      5.23022639	     -2.52782530
      0.35185185	     -3.47300408	     -2.98559397	     82.25436421	      0.26425611	      0.91712048	      0.63399756	      4.28170858	     -4.74132186	     -3.50081310	     11.33215556	      0.19778343	     34.93939023	     10.28089261	      0.00000000	      4.61321897	      4.67727340	     -6.59545564	     12.54317043	      0.21891962	     33.64346175	     -2.46041912	      0.00000000	      0.24531663	     -0.48091836	      2.60883259	      0.45557750	     -0.63962142	      2.77188462	      0.40303068	     -1.16930491	      2.77188462	      0.28037237	     -1.16930491	      2.28272851	      0.22780102	     -0.98068872	      2.11967648	      0.14017392	     -0.74494254	      1.95662444	      1.75227212	     -5.44024470	     14.50954419	      0.00000000	      0.00000000	     21.83961470	     -1.36697924	    -22.46455437	      5.23164874	     -7.56683335	     40.63396774	     40.34834880	     67.32306629	      8.66662048	     12.39859049	     26.51698295	    -10.49108549	     92.33714680	     45.53158557	     40.80408165	      5.26216410	     -2.37288032
      0.37037037	     -3.03909480	     -2.73786259	     82.26664525	      0.26405031	      0.91774795	      0.63408583	      3.88413183	     -4.27296958	     -3.12880095	     11.01989442	      0.19233344	     34.77931632	      9.70908099	      0.00000000	      4.25818249	      4.32087904	     -6.01853793	     12.54697547	      0.21898603	     33.28661334	     -3.13864201	      0.00000000	      0.19943415	     -0.42583536	      2.63552224	      0.37036916	     -0.56636102	      2.80024238	      0.32765037	     -1.03537608	      2.80024238	      0.22793329	     -1.03537608	      2.30608196	      0.18519455	     -0.86836346	      2.14136182	      0.11395667	     -0.65961897	      1.97664168	      1.42453820	     -4.81713471	     14.65798405	      0.00000000	      0.00000000	     21.82418454	     -1.67435622	    -22.66725860	      5.30529867	     -7.73113791	     40.49954063	     40.19810835	     65.99411077	      9.13680002	     13.25813393	     26.58647080	     -9.85828844	     92.09040905	     44.57365010	     40.64674524	      7.18772938	     -1.15937781
      0.38888889	     -2.97267411	     -2.83544161	     82.23352417	      0.26383563	      0.91765398	      0.63402937	      4.02580798	     -4.15638726	     -2.49195791	     10.91075154	      0.19042854	     34.91291212	      8.87849899	      0.00000000	      4.29431214	      4.37925475	     -5.01091880	     12.48828025	      0.21796161	     32.72650697	     -4.68255359	      0.00000000	      0.21423904	     -0.41694461	      2.64191419	      0.39786332	     -0.55453633	      2.80703383	      0.35197332	     -1.01375912	      2.80703383	      0.24485380	     -1.01375912	      2.31167492	      0.19894237	     -0.85023344	      2.14655528	      0.12241619	     -0.64584720	      1.98143564	      1.53028805	     -4.71656078	     14.69353416	      0.00000000	      0.00000000	     21.70346138	     -2.10205600	    -23.54720103	      5.26256621	     -7.82558519	     40.66134252	     40.36891581	     64.61877172	      8.78891660	     13.60236713	     26.21322995	     -9.77322397	     91.12289095	     44.22911512	     40.58084892	      8.60151818	     -0.86416529
      0.40740741	     -2.91883163	     -2.87561235	     82.22528536	      0.26391574	      0.91760869	      0.63393101	      4.13499318	     -4.10933328	     -2.42170477	     10.86127653	      0.18956504	     35.21846535	      8.82509300	      0.00000000	      4.30946718	      4.31012413	     -5.02091938	     12.55988925	      0.21921142	     32.57367166	     -4.68378961	      0.00000000	      0.22567128	     -0.40940302	      2.62465456	      0.41909413	     -0.54450602	      2.78869547	      0.37075535	     -0.99542251	      2.78869547	      0.25791971	     -0.99542251	      2.29657274	      0.20955835	     -0.83485464	      2.13253183	      0.12894857	     -0.63416528	      1.96849092	      1.61194738	     -4.63124887	     14.59754129	      0.00000000	      0.00000000	     21.68609173	     -2.12810257	    -23.52106136	      5.27502726	     -7.82104232	     40.69831719	     40.48496530	     64.51787188	      8.74740980	     13.54736985	     26.17074263	     -9.79118346	     91.15399380	     44.24701632	     40.62217720	      8.50055903	     -0.81503439
      0.42592593	     -2.72245659	     -2.79523773	     82.15930336	      0.26353655	      0.91780219	      0.63366061	      3.94458336	     -3.84288116	     -1.23915531	     10.47573842	      0.18283613	     35.10519674	      7.29566322	      0.00000000	      3.91481239	      4.53659221	     -1.69464498	     11.99215635	      0.20930261	     31.16231846	     -9.41153078	      0.00000000	      0.21651418	     -0.38292436	      2.63144292	      0.40208848	     -0.50928940	      2.79590810	      0.35571114	     -0.93104229	      2.79590810	      0.24745405	     -0.93104229	      2.30251256	      0.20105507	     -0.78085936	      2.13804737	      0.12371620	     -0.59314984	      1.97358219	      1.54653913	     -4.33171696	     14.63529609	      0.00000000	      0.00000000	     21.48068524	     -2.59356264	    -24.38296199	      5.29384152	     -8.12336098	     40.91420146	     40.83700518	     64.33370953	      8.72738164	     13.20947152	     26.17944661	     -9.71583624	     91.82219636	     44.45558984	     40.36293819	      6.82159885	     -1.82970584
      0.44444444	     -2.64228843	     -2.81688599	     82.15854835	      0.26347661	      0.91773744	      0.63365747	      3.98360078	     -3.78401607	     -1.21358625	     10.36766258	      0.18094985	     35.28298392	      7.33131360	      0.00000000	      3.91634642	      4.45853001	     -1.70755189	     12.01046399	      0.20962214	     31.08657954	     -9.40849473	      0.00000000	      0.21937073	     -0.37242311	      2.62075280	      0.40739339	     -0.49532274	      2.78454985	      0.36040418	     -0.90550955	      2.78454985	      0.25071881	     -0.90550955	      2.29315870	      0.20370766	     -0.75944521	      2.12936165	      0.12534844	     -0.57688340	      1.96556460	      1.56694321	     -4.21292472	     14.57584084	      0.00000000	      0.00000000	     21.53164483	     -2.68984089	    -24.56421078	      5.32508410	     -8.20836754	     40.90552771	     41.08449721	     64.30530482	      8.77205752	     13.10111286	     26.05549599	     -9.76772795	     91.72546958	     44.57861863	     40.27574019	      6.66154861	     -2.00462501
      0.46296296	     -2.63593323	     -2.83711232	     82.18341874	      0.26342396	      0.91762078	      0.63368975	      4.05905950	     -3.79268871	     -1.24291028	     10.41356336	      0.18175097	     35.35783640	      7.26123111	      0.00000000	      3.95294421	      4.45480251	     -1.80704009	     12.07123381	      0.21068277	     31.10249806	     -9.34208218	      0.00000000	      0.22792880	     -0.36853309	      2.61173359	      0.42328657	     -0.49014901	      2.77496694	      0.37446422	     -0.89605136	      2.77496694	      0.26049982	     -0.89605136	      2.28526689	      0.21165468	     -0.75151268	      2.12203354	      0.13023851	     -0.57085776	      1.95880019	      1.62807259	     -4.16892006	     14.52567871	      0.00000000	      0.00000000	     21.42330164	     -2.70607267	    -24.52106419	      5.37760585	     -8.21172525	     40.88926921	     41.16792965	     64.23309537	      8.74164082	     13.03307186	     26.01271866	     -9.79505337	     91.73437286	     44.63215276	     40.28459867	      6.60472559	     -1.98088271
      0.48148148	     -2.57622475	     -2.82493571	     82.12502739	      0.26330568	      0.91750774	      0.63363472	      4.00882638	     -3.83419622	     -2.17046324	     10.40113116	      0.18153398	     35.48960479	      8.58508058	      0.00000000	      3.84056710	      4.49544898	     -0.95372716	     11.90083356	      0.20770873	     30.68077463	    -10.53763826	      0.00000000	      0.22096791	     -0.36621077	      2.64360652	      0.41035951	     -0.48706032	      2.80883193	      0.36302818	     -0.89040486	      2.80883193	      0.25254423	     -0.89040486	      2.31315570	      0.20519080	     -0.74677700	      2.14793030	      0.12626107	     -0.56726048	      1.98270489	      1.57835170	     -4.14264946	     14.70294638	      0.00000000	      0.00000000	     21.26857597	     -3.38866286	    -25.88560149	      5.21842813	     -8.23033337	     40.11909725	     41.26059608	     67.29861871	      9.46646354	     11.73614329	     26.37606368	     -9.80006432	     93.47856335	     45.10781482	     37.78067223	      4.53897582	     -4.02594686
      0.50000000	     -2.61451699	     -2.89712766	     82.13436307	      0.26326128	      0.91722234	      0.63366891	      4.06619266	     -3.86542925	     -2.21126698	     10.48180533	      0.18294201	     35.38245252	      8.60240514	      0.00000000	      3.95442623	      4.52322753	     -1.02779648	     11.98513842	      0.20918013	     30.73571166	    -10.46977425	      0.00000000	      0.23390976	     -0.36868690	      2.64544940	      0.43439381	     -0.49035358	      2.81078999	      0.38429034	     -0.89642533	      2.81078999	      0.26733546	     -0.89642533	      2.31476823	      0.21720860	     -0.75182632	      2.14942764	      0.13365604	     -0.57109601	      1.98408705	      1.67079400	     -4.17065993	     14.71319595	      0.00000000	      0.00000000	     21.31731933	     -3.38728661	    -25.80059128	      5.20930787	     -8.23748879	     40.13650152	     41.31294193	     67.18649078	      9.37363733	     11.66636873	     26.41808226	     -9.83596406	     93.45191099	     45.24576373	     37.85420845	      4.49032906	     -3.98463070
      0.51851852	     -2.66891554	     -2.89932965	     82.12211485	      0.26337166	      0.91701462	      0.63377328	      4.01621539	     -3.91397943	     -2.27703898	     10.52919412	      0.18376911	     35.21527334	      8.69596254	      0.00000000	      3.97802461	      4.56705490	     -1.03171887	     12.02273973	      0.20983639	     30.81971487	    -10.40904902	      0.00000000	      0.23291012	     -0.37656822	      2.66499383	      0.43253739	     -0.50083573	      2.83155595	      0.38264804	     -0.91558797	      2.83155595	      0.26619298	     -0.91558797	      2.33186960	      0.21628034	     -0.76789791	      2.16530749	      0.13308484	     -0.58330417	      1.99874538	      1.66365371	     -4.25981500	     14.82189620	      0.00000000	      0.00000000	     21.38553615	     -3.37572952	    -25.76674969	      5.22834520	     -8.20312247	     40.16458692	     41.24035875	     67.13195633	      9.31122202	     11.58463702	     26.51643035	     -9.87160092	     93.38735997	     45.39081406	     37.95374105	      4.46535939	     -4.06900121
      0.53703704	     -2.89619291	     -2.79280994	     81.88042220	      0.26384170	      0.91693033	      0.63400127	      4.00854898	     -4.21763471	     -2.97664057	     10.76391076	      0.18786568	     35.36652310	      9.85719220	      0.00000000	      3.84435475	      4.76479165	     -1.67902364	     11.90175935	      0.20772489	     30.84379407	     -9.87206962	      0.00000000	      0.21274600	     -0.40676178	      2.69429316	      0.39509059	     -0.54099317	      2.86268648	      0.34952040	     -0.98900059	      2.86268648	      0.24314740	     -0.98900059	      2.35750651	      0.19755593	     -0.82946862	      2.18911319	      0.12156306	     -0.63007400	      2.02071987	      1.51962339	     -4.60137061	     14.98485024	      0.00000000	      0.00000000	     21.44388422	     -3.29683429	    -25.78005414	      5.48771473	     -8.09865786	     40.80329042	     40.87892002	     66.32302994	      9.31544727	     11.14849376	     26.63093628	    -10.10660929	     93.26666068	     45.57882236	     39.33674658	      4.16106895	     -5.15737125
      0.55555556	     -2.97396991	     -2.81907425	     81.85462057	      0.26386933	      0.91676514	      0.63409673	      4.09930103	     -4.43516166	     -4.52051983	     11.00828377	      0.19213080	     35.64789662	     11.79076697	      0.00000000	      3.92220251	      4.84018156	     -1.72993271	     11.97581308	      0.20901737	     30.84663289	     -9.89572249	      0.00000000	      0.21540265	     -0.41985619	      2.70641536	      0.40002426	     -0.55840874	      2.87556632	      0.35388501	     -1.02083835	      2.87556632	      0.24618369	     -1.02083835	      2.36811344	      0.20002290	     -0.85617075	      2.19896248	      0.12308107	     -0.65035724	      2.02981152	      1.53859959	     -4.74949723	     15.05227032	      0.00000000	      0.00000000	     21.40542562	     -3.35453765	    -26.19322968	      5.51204395	     -8.07346936	     40.91429269	     40.76926445	     66.25501421	      9.40560326	     11.02769571	     26.79647407	    -10.00222450	     93.49853682	     45.21764961	     41.95077760	      4.01153311	     -6.65720691
      0.57407407	     -3.00744175	     -2.88193628	     81.88717830	      0.26376668	      0.91648907	      0.63411056	      4.16362449	     -4.45125343	     -4.52013064	     11.06121485	      0.19305462	     35.71718565	     11.72699359	      0.00000000	      4.03245978	      4.87095859	     -1.81350010	     12.03870837	      0.21011510	     30.95291386	     -9.83025461	      0.00000000	      0.22541400	     -0.42192343	      2.69764611	      0.41861633	     -0.56115816	      2.86624899	      0.37033266	     -1.02586462	      2.86624899	      0.25762566	     -1.02586462	      2.36044035	      0.20931944	     -0.86038625	      2.19183746	      0.12880156	     -0.65355939	      2.02323458	      1.61010964	     -4.77288220	     15.00349837	      0.00000000	      0.00000000	     21.41210991	     -3.34517762	    -26.09221727	      5.45015097	     -8.09125260	     40.93196705	     40.81885818	     66.15378127	      9.32541346	     11.01540905	     26.85091354	     -9.97705131	     93.47617928	     45.26370877	     42.00086965	      3.95834379	     -6.56005768
      0.59259259	     -3.04760962	     -2.92780177	     81.89084090	      0.26395307	      0.91629568	      0.63410645	      4.19195310	     -4.45920963	     -4.56792575	     11.02461284	      0.19241579	     35.86852110	     11.81728456	      0.00000000	      4.09798373	      4.88500544	     -1.75822035	     12.06242993	      0.21052912	     31.07621688	     -9.76374116	      0.00000000	      0.23171586	     -0.42981562	      2.70707089	      0.43031953	     -0.57165478	      2.87626282	      0.38068599	     -1.04505370	      2.87626282	      0.26482806	     -1.04505370	      2.36868703	      0.21517135	     -0.87648001	      2.19949510	      0.13240244	     -0.66578440	      2.03030317	      1.65512324	     -4.86216026	     15.05591616	      0.00000000	      0.00000000	     21.60654371	     -3.31617657	    -26.03859023	      5.43756333	     -8.08861186	     40.95117441	     40.82786191	     66.08974267	      9.16825310	     11.11428164	     26.87342922	     -9.97263079	     93.43991787	     45.24746839	     42.13568208	      3.82527033	     -6.55696915
      0.61111111	     -3.04015543	     -2.82406196	     81.99671874	      0.26367414	      0.91629784	      0.63399155	      4.04427633	     -4.51771656	     -5.10662178	     11.00605778	      0.19209195	     36.08888307	     12.45595316	      0.00000000	      3.94428964	      4.90861877	     -1.75936266	     11.95742748	      0.20869648	     31.23942558	     -9.61438353	      0.00000000	      0.21468649	     -0.42529170	      2.67329604	      0.39869427	     -0.56563796	      2.84037704	      0.35270843	     -1.03405425	      2.84037704	      0.24536519	     -1.03405425	      2.33913403	      0.19935787	     -0.86725484	      2.17205303	      0.12267186	     -0.65877685	      2.00497203	      1.53348410	     -4.81098480	     14.86807058	      0.00000000	      0.00000000	     21.57085833	     -3.31837807	    -25.89215879	      5.24718720	     -7.94636180	     39.93302721	     40.96804636	     67.52467756	      9.34497788	     11.91284330	     26.60857546	     -9.87544157	     92.28700907	     44.75365808	     47.36793698	      3.73248445	     -7.35805638
      0.62962963	     -3.02241227	     -2.79574157	     82.12808702	      0.26367534	      0.91618482	      0.63398366	      3.93407403	     -4.42490270	     -4.59229064	     10.90186613	      0.19027346	     36.09326433	     11.71942213	      0.00000000	      4.00155643	      4.71111900	     -3.28472471	     12.14072965	      0.21189571	     32.07300095	     -7.24962924	      0.00000000	      0.20835447	     -0.42411832	      2.62509686	      0.38693509	     -0.56407736	      2.78916541	      0.34230556	     -1.03120128	      2.78916541	      0.23812833	     -1.03120128	      2.29695975	      0.19347796	     -0.86486208	      2.13289120	      0.11905375	     -0.65695928	      1.96882264	      1.48825517	     -4.79771125	     14.60000119	      0.00000000	      0.00000000	     21.71941217	     -3.18902471	    -25.55509725	      5.41622748	     -8.05072159	     40.58521097	     41.02480995	     66.16644981	      8.93221462	     12.09259925	     26.49556576	    -10.01173215	     91.87198865	     44.95490482	     47.12065293	      3.55257608	     -6.75643231
      0.64814815	     -3.06079348	     -2.88093211	     82.14923778	      0.26359968	      0.91593822	      0.63397324	      4.03121816	     -4.44100830	     -4.52876173	     10.96343398	      0.19134802	     36.17839577	     11.68091644	      0.00000000	      4.13956248	      4.74247923	     -3.33859893	     12.17269280	      0.21245357	     32.28481017	     -7.23440031	      0.00000000	      0.22123831	     -0.42732626	      2.61617209	      0.41086166	     -0.56834393	      2.77968285	      0.36347242	     -1.03900108	      2.77968285	      0.25285326	     -1.03900108	      2.28915058	      0.20544189	     -0.87140372	      2.12563982	      0.12641557	     -0.66192838	      1.96212907	      1.58028311	     -4.83400016	     14.55036432	      0.00000000	      0.00000000	     21.79673026	     -3.20329919	    -25.49141351	      5.40109175	     -8.09902974	     40.56998749	     41.08074151	     66.07793429	      8.83441658	     12.09046187	     26.48007980	    -10.03252635	     91.87483456	     44.97672292	     47.10057208	      3.51561351	     -6.68723384
      0.66666667	     -3.08908815	     -2.92493384	     82.20925422	      0.26357999	      0.91580853	      0.63388267	      4.06792305	     -4.44957276	     -4.42123202	     11.04375141	      0.19274982	     36.15822101	     11.56173496	      0.00000000	      4.20282368	      4.75558398	     -3.32583237	     12.16260443	      0.21227749	     32.49631380	     -7.13784321	      0.00000000	      0.22919925	     -0.43077098	      2.61792575	      0.42564592	     -0.57292540	      2.78154611	      0.37655144	     -1.04737656	      2.78154611	      0.26195182	     -1.04737656	      2.29068503	      0.21283442	     -0.87842818	      2.12706467	      0.13096445	     -0.66726425	      1.96344431	      1.63714729	     -4.87296748	     14.56011763	      0.00000000	      0.00000000	     21.82692218	     -3.20992260	    -25.47812351	      5.43799141	     -8.11084909	     40.58228049	     41.01585965	     66.03214426	      8.74495096	     12.13385056	     26.45559491	    -10.02607835	     91.86413545	     44.96880347	     47.07780982	      3.50800722	     -6.64451815
      0.68518519	     -3.07508909	     -2.93254994	     82.34849561	      0.26357952	      0.91591506	      0.63384369	      3.98838579	     -4.35387503	     -3.97872241	     10.98853530	      0.19178612	     35.81672114	     10.79282726	      0.00000000	      4.18882900	      4.70402758	     -3.49652206	     12.07228338	      0.21070109	     32.64959721	     -6.66945812	      0.00000000	      0.23082452	     -0.43418695	      2.59984603	      0.42866422	     -0.57746865	      2.76233641	      0.37922160	     -1.05568215	      2.76233641	      0.26380934	     -1.05568215	      2.27486528	      0.21434365	     -0.88539403	      2.11237490	      0.13189313	     -0.67255559	      1.94988453	      1.64875647	     -4.91160963	     14.45956369	      0.00000000	      0.00000000	     21.76917823	     -3.23651252	    -25.68636700	      5.55234442	     -8.04657632	     40.73141450	     40.73932754	     66.02239244	      8.74616886	     12.19108172	     26.44132689	    -10.01894923	     91.85813281	     44.89214865	     47.07805032	      3.60287982	     -6.62573434
      0.70370370	     -3.10316935	     -2.77250659	     82.45557353	      0.26386177	      0.91622788	      0.63375259	      3.72662076	     -4.27497487	     -3.03892215	     10.90755383	      0.19037273	     35.40652464	      9.45369636	      0.00000000	      4.04938594	      4.60741078	     -4.57501349	     12.13311797	      0.21176286	     33.06021287	     -5.01699628	      0.00000000	      0.21217003	     -0.44435244	      2.56384091	      0.39402097	     -0.59098874	      2.72408097	      0.34857415	     -1.08039851	      2.72408097	      0.24248913	     -1.08039851	      2.24336079	      0.19702109	     -0.90612349	      2.08312074	      0.12123396	     -0.68830192	      1.92288068	      1.51550934	     -5.02660363	     14.25931398	      0.00000000	      0.00000000	     21.64983850	     -2.85534080	    -25.47459126	      5.91210311	     -8.00057999	     41.82665823	     40.28109281	     64.30454090	      8.50449065	     12.17147342	     26.39829959	    -10.19042464	     91.60079992	     45.06428667	     46.79610404	      3.50050593	     -5.96906374
      0.72222222	     -3.14890672	     -2.74368004	     82.51316611	      0.26400377	      0.91641222	      0.63380772	      3.70348666	     -4.26390666	     -2.78965182	     10.94431917	      0.19101440	     35.02906153	      8.82052370	      0.00000000	      4.06187738	      4.59175779	     -5.01206903	     12.18254164	      0.21262546	     33.19007485	     -4.35262121	      0.00000000	      0.21512298	     -0.45276905	      2.55378899	      0.39950489	     -0.60218284	      2.71340080	      0.35342554	     -1.10086268	      2.71340080	      0.24586405	     -1.10086268	      2.23456537	      0.19976320	     -0.92328665	      2.07495356	      0.12292127	     -0.70133926	      1.91534174	      1.53660194	     -5.12181408	     14.20340824	      0.00000000	      0.00000000	     21.50773446	     -2.72420403	    -25.40890003	      6.12663160	     -7.89986504	     42.57226308	     39.71560578	     63.30363304	      8.45595337	     11.99432014	     26.39845871	    -10.19399599	     91.64526316	     44.97877800	     46.73702992	      3.56209946	     -5.78471973
      0.74074074	     -3.22451029	     -2.68531328	     82.30325055	      0.26436981	      0.91667017	      0.63389447	      3.73233238	     -4.22572659	     -1.72414717	     10.97721793	      0.19158860	     34.70192244	      7.44129753	      0.00000000	      3.87329768	      4.84584292	     -3.54684753	     11.82583846	      0.20639982	     32.52504805	     -6.63608953	      0.00000000	      0.22025260	     -0.46339894	      2.60405363	      0.40903110	     -0.61632059	      2.76680698	      0.36185299	     -1.12670818	      2.76680698	      0.25172670	     -1.12670818	      2.27854692	      0.20452656	     -0.94496312	      2.11579357	      0.12585233	     -0.71780496	      1.95304022	      1.57324229	     -5.24206149	     14.48296506	      0.00000000	      0.00000000	     21.10590617	     -2.84330213	    -25.68907069	      6.79063103	     -8.13927853	     45.52095184	     38.93700825	     58.87706627	      8.15823473	     10.92614932	     26.62775324	     -9.93157585	     92.60625050	     44.25982299	     46.84249123	      4.24461710	     -7.18746248
      0.75925926	     -3.25010011	     -2.70314754	     82.35334962	      0.26426096	      0.91659621	      0.63393022	      3.84009297	     -4.24426735	     -1.79242416	     11.05956708	      0.19302586	     34.81497779	      7.26937183	      0.00000000	      3.95226446	      4.86905911	     -3.65854444	     11.91726264	      0.20799547	     32.62240352	     -6.53853766	      0.00000000	      0.23083014	     -0.46260864	      2.60435498	      0.42867465	     -0.61526949	      2.76712716	      0.37923083	     -1.12478665	      2.76712716	      0.26381576	     -1.12478665	      2.27881060	      0.21434887	     -0.94335154	      2.11603842	      0.13189634	     -0.71658078	      1.95326623	      1.64879659	     -5.23312146	     14.48464107	      0.00000000	      0.00000000	     20.88947706	     -2.84964883	    -25.56057722	      6.68608105	     -8.14840447	     45.60494474	     38.85631969	     58.77978768	      8.06623615	     10.89484329	     26.60852235	     -9.89331720	     92.61951568	     44.26942950	     46.82412818	      4.19080917	     -7.01421760
      0.77777778	     -3.25791210	     -2.70632998	     82.40338597	      0.26420282	      0.91659222	      0.63400649	      3.92468352	     -4.24204023	     -1.85785221	     11.09450157	      0.19363558	     34.99565077	      7.12312567	      0.00000000	      3.99049752	      4.87139826	     -3.74518856	     11.98695889	      0.20921190	     32.68765141	     -6.45568417	      0.00000000	      0.23859828	     -0.46130929	      2.61018893	      0.44310087	     -0.61354135	      2.77332574	      0.39199312	     -1.12162740	      2.77332574	      0.27269398	     -1.12162740	      2.28391532	      0.22156237	     -0.94070190	      2.12077851	      0.13633506	     -0.71456808	      1.95764170	      1.70428367	     -5.21842290	     14.51708778	      0.00000000	      0.00000000	     20.70934962	     -2.85537111	    -25.46007578	      6.60353644	     -8.13677912	     45.69961447	     38.72188793	     58.70387689	      7.97713691	     10.87390372	     26.59292002	     -9.83032136	     92.62516595	     44.23612123	     46.80872113	      4.13813764	     -6.87606096
      0.79629630	     -3.06716412	     -2.55688916	     82.33969876	      0.26443936	      0.91726499	      0.63412270	      3.72409574	     -4.03365546	     -2.01818191	     10.89691829	      0.19018710	     35.04083139	      7.16113786	      0.00000000	      3.75533993	      4.66394348	     -3.85047846	     11.94001298	      0.20839254	     32.47958730	     -6.39089018	      0.00000000	      0.22888009	     -0.43801762	      2.64142450	      0.42505322	     -0.58256343	      2.80651353	      0.37602711	     -1.06499604	      2.80651353	      0.26158706	     -1.06499604	      2.31124643	      0.21253805	     -0.89320553	      2.14615740	      0.13078209	     -0.67848929	      1.98106837	      1.63486762	     -4.95494291	     14.69081062	      0.00000000	      0.00000000	     20.37159784	     -2.79138078	    -25.27284879	      6.86187989	     -7.87577769	     46.27805197	     37.74447562	     58.55164814	      7.85044293	     10.58103142	     26.48819260	     -9.32711805	     92.68549213	     43.41954348	     46.78519830	      4.11006568	     -6.66949613
      0.81481481	     -2.92419415	     -2.49189563	     82.17859187	      0.26430499	      0.91739287	      0.63419122	      3.73833878	     -3.98479365	     -2.66752592	     10.94915798	      0.19109886	     35.39331220	      8.14257080	      0.00000000	      3.62379931	      4.54814476	     -3.94202336	     11.91811800	      0.20801040	     32.44237381	     -6.52379511	      0.00000000	      0.22761692	     -0.40996790	      2.64828485	      0.42270737	     -0.54525730	      2.81380266	      0.37395183	     -0.99679594	      2.81380266	      0.26014337	     -0.99679594	      2.31724925	      0.21136507	     -0.83600654	      2.15173144	      0.13006031	     -0.63504027	      1.98621364	      1.62584487	     -4.63763884	     14.72896587	      0.00000000	      0.00000000	     20.23769721	     -2.80721215	    -24.69124125	      7.32931699	     -8.24854186	     48.40068496	     37.40656809	     57.29803690	      8.07042337	      9.04408659	     26.26373569	     -9.11265065	     92.37057548	     42.92504490	     46.29749828	      5.18216634	     -6.85546334
      0.83333333	     -2.91220008	     -2.51922231	     82.19179578	      0.26427482	      0.91735870	      0.63421242	      3.80833715	     -3.98075035	     -2.69742813	     10.96591329	      0.19139129	     35.56457036	      8.06529565	      0.00000000	      3.66673109	      4.53210981	     -3.98164172	     11.98892431	      0.20924620	     32.50340155	     -6.45118351	      0.00000000	      0.23444405	     -0.40702297	      2.64315438	      0.43538605	     -0.54134055	      2.80835153	      0.38516814	     -0.98963565	      2.80835153	      0.26794611	     -0.98963565	      2.31276008	      0.21770475	     -0.83000124	      2.14756294	      0.13396133	     -0.63047858	      1.98236579	      1.67461043	     -4.60432524	     14.70043173	      0.00000000	      0.00000000	     20.16123636	     -2.80488704	    -24.61287060	      7.30378560	     -8.25744728	     48.43520731	     37.45062829	     57.21799616	      7.99149554	      9.03178278	     26.19765127	     -9.13000673	     92.37399155	     42.93821392	     46.25488100	      5.15431098	     -6.73730785
      0.85185185	     -2.91778139	     -2.54860577	     82.21361964	      0.26413071	      0.91734930	      0.63429198	      3.88681077	     -4.01059117	     -2.69643568	     11.02610382	      0.19244182	     35.61713887	      7.99329301	      0.00000000	      3.74775843	      4.55271341	     -4.02127377	     12.04867492	      0.21028905	     32.60771511	     -6.37308114	      0.00000000	      0.23898227	     -0.40488826	      2.63697490	      0.44381398	     -0.53850138	      2.80178583	      0.39262398	     -0.98444530	      2.80178583	      0.27313284	     -0.98444530	      2.30735304	      0.22191894	     -0.82564813	      2.14254211	      0.13655447	     -0.62717191	      1.97773118	      1.70702648	     -4.58017692	     14.66606332	      0.00000000	      0.00000000	     20.05265670	     -2.80121103	    -24.52940774	      7.32697946	     -8.28761880	     48.43913422	     37.51915879	     57.15210163	      7.93096455	      9.01112984	     26.13514258	     -9.15579115	     92.38489910	     42.98243767	     46.22106346	      5.12829103	     -6.62197653
      0.87037037	     -2.93178489	     -2.55602939	     82.09681497	      0.26450416	      0.91741286	      0.63421529	      3.85528362	     -4.02491331	     -2.63762994	     10.95926410	      0.19127524	     35.49857132	      8.12980551	      0.00000000	      3.75216390	      4.53930577	     -3.66480961	     12.00009911	      0.20944124	     32.77233357	     -6.11982961	      0.00000000	      0.24038256	     -0.40937406	      2.65086864	      0.44641445	     -0.54446750	      2.81654793	      0.39492450	     -0.99535209	      2.81654793	      0.27473322	     -0.99535209	      2.31951006	      0.22321924	     -0.83479558	      2.15383077	      0.13735459	     -0.63412042	      1.98815148	      1.71702857	     -4.63092125	     14.74333612	      0.00000000	      0.00000000	     20.19712047	     -2.80578969	    -24.55800748	      7.38731747	     -8.26285507	     48.49950740	     37.61956121	     57.16892446	      7.87280023	      9.02299457	     26.00806302	     -9.21380549	     92.33706419	     42.89751060	     46.06711395	      5.15531900	     -6.52435490
      0.88888889	     -2.99210832	     -2.55605383	     82.06662855	      0.26453265	      0.91744834	      0.63433290	      3.86538791	     -4.11433439	     -2.61219581	     11.02763645	      0.19246856	     35.25577198	      8.26103534	      0.00000000	      3.81633117	      4.60355108	     -3.37236174	     11.97420812	      0.20898936	     32.99782861	     -5.87608794	      0.00000000	      0.23820296	     -0.41728609	      2.65641484	      0.44236672	     -0.55499050	      2.82244076	      0.39134365	     -1.01458940	      2.82244076	      0.27224217	     -1.01458940	      2.32436298	      0.22119527	     -0.85092980	      2.15833706	      0.13610917	     -0.64637615	      1.99231113	      1.70145995	     -4.72042371	     14.77418240	      0.00000000	      0.00000000	     20.20592659	     -2.78354656	    -24.51365341	      7.44575396	     -8.31854307	     48.54268324	     37.79511254	     57.17166302	      7.77475589	      8.99888587	     25.94881073	     -9.27059186	     92.26237635	     42.93744660	     45.85693146	      5.22229253	     -6.33888440
      0.90740741	     -3.10667577	     -2.56116790	     82.00437250	      0.26450324	      0.91745338	      0.63437639	      3.86896256	     -4.27163759	     -2.61062671	     11.08971948	      0.19355212	     35.04136196	      8.45229746	      0.00000000	      3.87318210	      4.73426595	     -3.01711794	     11.91347867	      0.20792943	     33.23326586	     -5.61002879	      0.00000000	      0.23722757	     -0.42808093	      2.65710912	      0.44055532	     -0.56934764	      2.82317844	      0.38974118	     -1.04083598	      2.82317844	      0.27112739	     -1.04083598	      2.32497048	      0.22028952	     -0.87294264	      2.15890116	      0.13555183	     -0.66309737	      1.99283184	      1.69449282	     -4.84253713	     14.77804379	      0.00000000	      0.00000000	     20.30712517	     -2.75995874	    -24.47532296	      7.51281517	     -8.35444503	     48.59733013	     37.98859719	     57.20817656	      7.62894985	      8.97242991	     25.90541136	     -9.37436403	     92.19486607	     43.00883745	     45.56787834	      5.37219375	     -6.05273622
      0.92592593	     -3.41054729	     -2.49047568	     82.16151888	      0.26405368	      0.91749970	      0.63442128	      3.91238792	     -4.94075321	     -5.40104684	     11.49482263	      0.20062250	     35.52347051	     12.08698901	      0.00000000	      3.72323669	      5.25466116	     -1.24430857	     11.48233358	      0.20040453	     32.70877430	     -7.27486406	      0.00000000	      0.22270203	     -0.46429657	      2.62654285	      0.41357994	     -0.61751443	      2.79070178	      0.36587717	     -1.12889067	      2.79070178	      0.25452615	     -1.12889067	      2.29822499	      0.20680111	     -0.94679356	      2.13406606	      0.12725194	     -0.71919538	      1.96990714	      1.59073835	     -5.25221561	     14.60804335	      0.00000000	      0.00000000	     20.44777340	     -2.62926135	    -24.43713556	      7.48374990	     -8.25415216	     48.03944682	     38.20282687	     59.87605832	      7.24904025	      8.62631257	     26.05871306	     -9.55025348	     92.25983081	     43.42766305	     39.32178230	      7.27661241	     -2.84779878
      0.94444444	     -3.46283085	     -2.56688181	     82.14211704	      0.26413963	      0.91739159	      0.63442504	      3.99167781	     -4.99184428	     -5.23116681	     11.60718112	      0.20258353	     35.35336222	     12.07900380	      0.00000000	      3.89801605	      5.28962330	     -1.14408167	     11.56340400	      0.20181947	     32.84504358	     -7.10198950	      0.00000000	      0.23634287	     -0.46896183	      2.62282798	      0.43891234	     -0.62371923	      2.78675473	      0.38828770	     -1.14023378	      2.78675473	      0.27011626	     -1.14023378	      2.29497448	      0.21946799	     -0.95630696	      2.13104773	      0.13504631	     -0.72642187	      1.96712098	      1.68817347	     -5.30498997	     14.58738237	      0.00000000	      0.00000000	     20.50074060	     -2.65181761	    -24.31310936	      7.49623538	     -8.24632348	     48.06031940	     38.33981861	     59.77507200	      7.16216030	      8.61383266	     26.10641477	     -9.62262100	     92.28377545	     43.50718139	     39.38409407	      7.23991982	     -2.70842818
      0.96296296	     -3.59205085	     -2.57615885	     82.19159292	      0.26413298	      0.91738873	      0.63457224	      3.94394221	     -5.09438530	     -4.82561565	     11.55043659	      0.20159315	     35.12203642	     11.65879281	      0.00000000	      3.95197589	      5.41189969	     -1.00924602	     11.54638537	      0.20152244	     32.81006760	     -6.85331716	      0.00000000	      0.23153544	     -0.48568693	      2.62188148	      0.42998447	     -0.64596361	      2.78574907	      0.38038958	     -1.18089919	      2.78574907	      0.26462186	     -1.18089919	      2.29414629	      0.21500381	     -0.99041278	      2.13027870	      0.13229935	     -0.75232905	      1.96641111	      1.65383450	     -5.49418763	     14.58211822	      0.00000000	      0.00000000	     20.71427861	     -2.70390735	    -24.30452986	      7.58025635	     -8.19172197	     48.12492076	     38.34565246	     59.83566759	      7.11169683	      8.58822014	     26.29831573	     -9.65741995	     92.34813027	     43.53339006	     39.47980526	      7.53074440	     -2.38176476
      0.98148148	     -3.66315376	     -2.59427563	     82.28731383	      0.26415867	      0.91737633	      0.63468749	      3.93497373	     -5.13033695	     -4.36564264	     11.54684619	      0.20153048	     35.01272542	     11.15534400	      0.00000000	      4.02861081	      5.45561223	     -1.07873596	     11.62092492	      0.20282340	     32.77832952	     -6.66636558	      0.00000000	      0.22917461	     -0.49626543	      2.61059524	      0.42560017	     -0.66003302	      2.77375744	      0.37651096	     -1.20661977	      2.77375744	      0.26192366	     -1.20661977	      2.28427083	      0.21281154	     -1.01198447	      2.12110863	      0.13095037	     -0.76871515	      1.95794643	      1.63697131	     -5.61385380	     14.51934753	      0.00000000	      0.00000000	     20.87265315	     -2.70113828	    -24.25948560	      7.64454878	     -8.14447226	     48.17698597	     38.35117228	     59.88827735	      7.09826216	      8.51752925	     26.46681271	     -9.70037887	     92.40207884	     43.55095083	     39.61537863	      7.92037753	     -1.95679481
      1.00000000	     -3.78386362	     -2.54789363	     82.09457700	      0.26447522	      0.91736779	      0.63481310	      4.00299239	     -5.23095409	     -3.81086533	     11.65714869	      0.20345563	     35.11294289	     10.78049044	      0.00000000	      3.94366484	      5.63645817	     -0.68577423	     11.50518351	      0.20080333	     32.44884029	     -7.61935669	      0.00000000	      0.21915659	     -0.51296072	      2.66212491	      0.40699570	     -0.68223776	      2.82850772	      0.36005236	     -1.24721270	      2.82850772	      0.25047406	     -1.24721270	      2.32935930	      0.20350881	     -1.04602950	      2.16297649	      0.12522607	     -0.79457616	      1.99659369	      1.56541358	     -5.80271427	     14.80594013	      0.00000000	      0.00000000	     21.03434115	     -2.55675471	    -24.25940117	      7.66488519	     -8.04060846	     47.86652538	     38.20328541	     61.15037528	      7.61366404	      8.14628913	     26.45572760	     -9.54106968	     91.41983234	     42.91009569	     40.52370009	     10.95066929	     -0.15794011
      1.01851852	     -3.77306589	     -2.59377676	     82.13468591	      0.26440860	      0.91733933	      0.63490903	      4.08713598	     -5.21798936	     -3.87420052	     11.65311906	      0.20338530	     35.31816891	     10.77218305	      0.00000000	      4.04515811	      5.60252322	     -0.74429250	     11.60042728	      0.20246565	     32.46431569	     -7.59639041	      0.00000000	      0.22315688	     -0.51066557	      2.65825138	      0.41442464	     -0.67918521	      2.82439209	      0.36662443	     -1.24163227	      2.82439209	      0.25504599	     -1.24163227	      2.32596996	      0.20722348	     -1.04134923	      2.15982925	      0.12751184	     -0.79102097	      1.99368853	      1.59398726	     -5.77675108	     14.78439670	      0.00000000	      0.00000000	     21.11880777	     -2.55635197	    -24.18920927	      7.69793625	     -8.07524500	     47.92613533	     38.26994789	     61.12333592	      7.58910949	      8.26760521	     26.45754087	     -9.56463510	     91.35189145	     43.00596271	     40.60872555	     10.79983291	     -0.13403536
      1.03703704	     -3.74855021	     -2.61845397	     82.14507156	      0.26454164	      0.91738912	      0.63492311	      4.13824949	     -5.16519262	     -3.88059545	     11.56008343	      0.20176152	     35.56708686	     10.67297650	      0.00000000	      4.08309836	      5.55606092	     -0.77903179	     11.60498107	      0.20254513	     32.48791639	     -7.56344757	      0.00000000	      0.22775582	     -0.50976174	      2.65561206	      0.42296533	     -0.67798311	      2.82158782	      0.37418003	     -1.23943468	      2.82158782	      0.26030213	     -1.23943468	      2.32366056	      0.21149405	     -1.03950613	      2.15768480	      0.13013967	     -0.78962093	      1.99170905	      1.62683704	     -5.76652671	     14.76971761	      0.00000000	      0.00000000	     21.15396619	     -2.57341941	    -24.21259278	      7.76710374	     -8.06657590	     47.99515141	     38.31295624	     61.14135805	      7.64427205	      8.39695058	     26.39533981	     -9.59227135	     91.33191686	     43.02680477	     40.64161035	     10.70158716	     -0.15540293
      1.05555556	     -3.71736777	     -2.62038077	     82.16421896	      0.26451512	      0.91747932	      0.63497972	      4.19723428	     -5.12441864	     -3.89888165	     11.47696171	      0.20031077	     35.76361177	     10.59430039	      0.00000000	      4.10441049	      5.52016459	     -0.78723054	     11.60284218	      0.20250780	     32.56973043	     -7.51913901	      0.00000000	      0.23148422	     -0.50694651	      2.65634713	      0.42988934	     -0.67423886	      2.82236883	      0.38030542	     -1.23258975	      2.82236883	      0.26456331	     -1.23258975	      2.32430374	      0.21495625	     -1.03376533	      2.15828205	      0.13227008	     -0.78526015	      1.99226035	      1.65346862	     -5.73468034	     14.77380585	      0.00000000	      0.00000000	     21.11873210	     -2.57393842	    -24.30178488	      7.84967955	     -8.11538415	     48.07175688	     38.37301124	     61.17481903	      7.73706681	      8.58331883	     26.31299820	     -9.61097683	     91.29019968	     43.09658164	     40.65826532	     10.54927052	     -0.24777046
      1.07407407	     -3.49786389	     -2.49012140	     82.17519733	      0.26434095	      0.91780036	      0.63477342	      3.98785212	     -4.91947393	     -3.98107667	     11.19562631	      0.19540054	     35.81099687	     10.67203855	      0.00000000	      3.88194781	      5.32614989	     -0.70386949	     11.46004848	      0.20001558	     32.63848603	     -7.53297046	      0.00000000	      0.21924790	     -0.48615621	      2.62643215	      0.40716528	     -0.64658776	      2.79058416	      0.36020238	     -1.18204022	      2.79058416	      0.25057843	     -1.18204022	      2.29812813	      0.20359360	     -0.99136975	      2.13397613	      0.12527825	     -0.75305597	      1.96982412	      1.56606583	     -5.49949631	     14.60742771	      0.00000000	      0.00000000	     20.72786284	     -2.83207350	    -25.31192302	      8.00878594	     -8.31744248	     48.22193857	     38.66811325	     61.67108292	      8.46839823	      9.70450350	     25.97206150	     -9.72866505	     90.98421613	     43.33123728	     40.62790296	      9.47151737	     -1.25140538
      1.09259259	     -3.49339456	     -2.47878208	     82.18037186	      0.26427122	      0.91789272	      0.63503045	      4.12475251	     -4.92695976	     -3.92395535	     11.22601982	      0.19593101	     35.93574753	     10.55662912	      0.00000000	      3.93660119	      5.31801205	     -0.76114175	     11.51783370	      0.20102412	     32.70677133	     -7.46566102	      0.00000000	      0.22584407	     -0.48184363	      2.60514883	      0.41941501	     -0.64085203	      2.76797063	      0.37103922	     -1.17155461	      2.76797063	      0.25811718	     -1.17155461	      2.27950523	      0.20971880	     -0.98257554	      2.11668343	      0.12904730	     -0.74637579	      1.95386162	      1.61318158	     -5.45071154	     14.48905626	      0.00000000	      0.00000000	     20.56532122	     -2.88731077	    -25.27590445	      7.98537351	     -8.32869894	     48.17209570	     38.71617981	     61.61798922	      8.43440313	      9.69789406	     25.93422441	     -9.74722986	     91.00599412	     43.36587345	     40.64875827	      9.34589252	     -1.25229811
      1.11111111	     -3.46477989	     -2.43281634	     82.15485066	      0.26442774	      0.91798926	      0.63524956	      4.19374000	     -4.89464850	     -3.79890257	     11.23265288	      0.19604678	     36.00132268	     10.44015666	      0.00000000	      3.94503967	      5.26739418	     -0.80131963	     11.57619829	      0.20204278	     32.73553007	     -7.37234573	      0.00000000	      0.23351342	     -0.47534612	      2.57037175	      0.43365777	     -0.63221033	      2.73101999	      0.38363920	     -1.15575654	      2.73101999	      0.26688249	     -1.15575654	      2.24907529	      0.21684056	     -0.96932580	      2.08842705	      0.13342957	     -0.73631113	      1.92777882	      1.66796301	     -5.37721033	     14.29563659	      0.00000000	      0.00000000	     20.29931078	     -2.99113977	    -25.27993570	      7.91019768	     -8.29917765	     48.09263087	     38.76990951	     61.58921820	      8.40119974	      9.67625982	     25.85865706	     -9.81059634	     91.01693742	     43.37405503	     40.65116175	      9.17491379	     -1.31559231
      1.12962963	     -3.25001055	     -2.33641497	     82.32851837	      0.26424169	      0.91819953	      0.63513205	      3.98494507	     -4.72276700	     -4.23509477	     11.03379602	      0.19257607	     35.87554563	     10.89142427	      0.00000000	      3.78570047	      5.13808792	      0.10983071	     11.46471914	      0.20009710	     32.43370236	     -8.42075113	      0.00000000	      0.23846941	     -0.44268955	      2.49614274	      0.44286155	     -0.58877710	      2.65215166	      0.39178140	     -1.07635537	      2.65215166	      0.27254669	     -1.07635537	      2.18412490	      0.22144270	     -0.90273253	      2.02811597	      0.13626142	     -0.68572611	      1.87210705	      1.70336318	     -5.00779272	     13.88279706	      0.00000000	      0.00000000	     19.50516420	     -3.92599747	    -26.12024710	      7.30366535	     -8.14742880	     46.26977274	     39.06833414	     64.04274077	      8.35291766	      9.90375642	     25.80633653	    -10.04129866	     92.09912314	     44.12741961	     40.10021965	      5.34197807	     -3.94373340
      1.14814815	     -3.19454709	     -2.17462887	     82.24803977	      0.26464899	      0.91843587	      0.63520656	      3.81401194	     -4.65606803	     -4.24031395	     10.96206854	      0.19132419	     35.68992013	     10.94960114	      0.00000000	      3.54037428	      5.09162199	      0.18977882	     11.27883553	      0.19685282	     32.40911422	     -8.54944555	      0.00000000	      0.23695712	     -0.42592335	      2.45874488	      0.44005306	     -0.56647805	      2.61241644	      0.38929685	     -1.03559002	      2.61241644	      0.27081829	     -1.03559002	      2.15140177	      0.22003838	     -0.86854289	      1.99773022	      0.13539730	     -0.65975526	      1.84405866	      1.69256099	     -4.81813008	     13.67480142	      0.00000000	      0.00000000	     19.09548068	     -3.90543288	    -25.50451385	      7.05509148	     -8.03431287	     45.89464460	     39.04090226	     64.42993905	      8.13918352	      9.25171517	     25.65901376	    -10.10368387	     92.02070820	     44.03665276	     39.52582661	      5.46359693	     -4.13276169
      1.16666667	     -3.24444202	     -2.18105655	     82.25118961	      0.26479903	      0.91833506	      0.63575910	      3.94032552	     -4.68551908	     -4.18481113	     11.15255625	      0.19464883	     35.63555406	     10.78649596	      0.00000000	      3.67492002	      5.12048953	     -0.00285272	     11.40632772	      0.19907797	     32.53248363	     -8.45716843	      0.00000000	      0.24508767	     -0.42206499	      2.42442582	      0.45515230	     -0.56134644	      2.57595244	      0.40265453	     -1.02620882	      2.57595244	      0.28011069	     -1.02620882	      2.12137260	      0.22758841	     -0.86067493	      1.96984598	      0.14004309	     -0.65377867	      1.81831937	      1.75063669	     -4.77448361	     13.48392910	      0.00000000	      0.00000000	     18.88980731	     -3.87992651	    -25.29411259	      6.99664805	     -8.06488740	     45.86727656	     39.19106368	     64.27305929	      8.04517655	      9.17139375	     25.71179106	    -10.19997715	     92.01688589	     44.13435663	     39.55938683	      5.41592550	     -4.00203293
      1.18518519	     -3.05390363	     -2.00440471	     82.22912691	      0.26515122	      0.91853744	      0.63568584	      3.66078104	     -4.45211240	     -3.84775885	     11.14757991	      0.19456197	     35.47313187	     10.47435958	      0.00000000	      3.40157967	      4.92666989	      0.09550000	     11.25638791	      0.19646103	     32.82473739	     -8.43254651	      0.00000000	      0.23244166	     -0.37271020	      2.29618165	      0.43166741	     -0.49570457	      2.43969300	      0.38187840	     -0.90620759	      2.43969300	      0.26565757	     -0.90620759	      2.00915895	      0.21584533	     -0.76003065	      1.86564759	      0.13281716	     -0.57732811	      1.72213624	      1.66030753	     -4.21617238	     12.77067349	      0.00000000	      0.00000000	     18.90696061	     -3.15285857	    -22.48685103	      6.95848892	     -8.00740641	     45.79460560	     39.31497254	     65.70257179	      7.54718248	      8.45355665	     25.26524136	    -10.38631740	     91.09617483	     44.00362842	     38.19494316	      6.55173299	     -3.85964594
      1.20370370	     -2.97702941	     -1.97520255	     82.31349592	      0.26526071	      0.91849057	      0.63595999	      3.54146886	     -4.27156868	     -3.02545579	     11.15451408	      0.19468300	     35.20102960	      9.38474011	      0.00000000	      3.47882273	      4.74401714	     -0.80660169	     11.44331550	      0.19972353	     33.41463383	     -7.10504184	      0.00000000	      0.22226830	     -0.35004781	      2.21889427	      0.41277445	     -0.46556359	      2.35757516	      0.36516458	     -0.85110625	      2.35757516	      0.25403044	     -0.85110625	      1.94153248	      0.20639834	     -0.71381750	      1.80285159	      0.12700410	     -0.54222406	      1.66417070	      1.58764021	     -3.95981086	     12.34082425	      0.00000000	      0.00000000	     18.89235856	     -3.00595449	    -21.77999912	      7.01235176	     -8.05344610	     45.86650257	     39.59722602	     65.00026560	      7.34993101	      8.46594994	     25.23227066	    -10.55804116	     90.65054507	     44.22973954	     38.26120539	      6.57891396	     -3.29748949
      1.22222222	     -3.01398608	     -2.07470107	     82.38583999	      0.26514074	      0.91822296	      0.63620521	      3.66497634	     -4.26993355	     -2.68702127	     11.39112161	      0.19881258	     35.13655134	      8.88830331	      0.00000000	      3.70314767	      4.74746432	     -0.99935271	     11.61648516	      0.20274591	     33.87592354	     -6.74967349	      0.00000000	      0.24157269	     -0.33979647	      2.15925008	      0.44862464	     -0.45192930	      2.29420321	      0.39687977	     -0.82618113	      2.29420321	      0.27609343	     -0.82618113	      1.88934382	      0.22432440	     -0.69291296	      1.75439069	      0.13803463	     -0.52634473	      1.61943756	      1.72552956	     -3.84384560	     12.00910119	      0.00000000	      0.00000000	     18.56432684	     -3.05167034	    -21.47733136	      7.05915604	     -8.01661799	     45.81236829	     39.74912016	     64.78431041	      7.26247083	      8.44458909	     25.27541331	    -10.62035801	     90.61542521	     44.27895043	     38.32527575	      6.54575049	     -3.05457976
      1.24074074	     -2.82837022	     -1.83147288	     82.21617034	      0.26518521	      0.91834235	      0.63661119	      3.33649303	     -4.08171057	     -2.26891731	     11.41345446	      0.19920236	     34.82724468	      8.67258709	      0.00000000	      3.35855599	      4.55449535	     -1.43104405	     11.43904618	      0.19964902	     34.12266394	     -6.20138940	      0.00000000	      0.18779187	     -0.28413201	      2.11104630	      0.34874828	     -0.37789557	      2.24298669	      0.30852326	     -0.69083857	      2.24298669	      0.21462733	     -0.69083857	      1.84716551	      0.17438353	     -0.57940199	      1.71522512	      0.10730427	     -0.44012048	      1.58328472	      1.34137854	     -3.21415812	     11.74100619	      0.00000000	      0.00000000	     19.45940498	     -2.33161730	    -18.36027743	      6.99586078	     -8.20705675	     44.69198095	     40.66411498	     65.49942443	      7.35917925	     10.24474779	     24.92015182	    -10.59905323	     88.90795637	     44.04886489	     38.56345258	      8.41731133	     -2.21541847
      1.25925926	     -2.82565001	     -1.79104684	     82.27923681	      0.26500276	      0.91819924	      0.63696389	      3.24088868	     -4.07026631	     -2.04634310	     11.46306064	      0.20006815	     34.64615766	      8.38568292	      0.00000000	      3.41010393	      4.51707257	     -1.83519532	     11.58754256	      0.20224077	     34.37619439	     -5.59094760	      0.00000000	      0.17314082	     -0.26807317	      2.07492408	      0.32153981	     -0.35653731	      2.20460683	      0.28445305	     -0.65179310	      2.20460683	      0.19788264	     -0.65179310	      1.81555857	      0.16077856	     -0.54665480	      1.68587581	      0.09893266	     -0.41524534	      1.55619306	      1.23672754	     -3.03249728	     11.54010525	      0.00000000	      0.00000000	     19.87773067	     -2.13873086	    -17.53875888	      6.64839044	     -8.20156801	     43.13807032	     41.49494060	     66.12735164	      7.50004839	     11.49008079	     24.74497256	    -10.61274851	     87.54026368	     43.98264116	     39.97702881	      9.56584904	     -1.00305768
      1.27777778	     -2.89438168	     -1.69301257	     82.26214597	      0.26494452	      0.91817005	      0.63742122	      3.14449924	     -4.15377091	     -1.94536391	     11.51229116	      0.20092739	     34.54486974	      8.33219961	      0.00000000	      3.39413874	      4.59010689	     -2.01874645	     11.68971367	      0.20402399	     34.35278470	     -5.42074131	      0.00000000	      0.15130075	     -0.26352348	      2.04633103	      0.28098062	     -0.35048623	      2.17422672	      0.24857200	     -0.64073100	      2.17422672	      0.17292163	     -0.64073100	      1.79053965	      0.14049788	     -0.53737709	      1.66264396	      0.08645325	     -0.40819787	      1.53474828	      1.08072612	     -2.98103034	     11.38107931	      0.00000000	      0.00000000	     20.29811814	     -2.12273474	    -17.24150922	      6.56655734	     -8.35166328	     42.78817156	     42.15349595	     66.02364321	      7.49254082	     11.51565804	     24.85440566	    -10.75562707	     87.28886507	     44.20931872	     40.22186609	      9.64579480	     -0.86065358
      1.29629630	     -2.97060753	     -1.63973016	     82.18821414	      0.26507945	      0.91800375	      0.63765068	      3.08112153	     -4.22351400	     -1.72068328	     11.47788218	      0.20032684	     34.52068176	      8.25803641	      0.00000000	      3.37515979	      4.65693411	     -2.17901426	     11.72503080	      0.20464039	     34.28958750	     -5.24747451	      0.00000000	      0.14583852	     -0.25190747	      2.04463594	      0.27083672	     -0.33503693	      2.17242568	      0.23959811	     -0.61248782	      2.17242568	      0.16667885	     -0.61248782	      1.78905644	      0.13542565	     -0.51368971	      1.66126670	      0.08333213	     -0.39020467	      1.53347695	      1.04170998	     -2.84962766	     11.37165168	      0.00000000	      0.00000000	     20.91474445	     -1.72346440	    -15.98230155	      5.77928005	     -8.22584392	     40.37805236	     43.29445508	     66.71173159	      7.42633584	     13.40896804	     24.63244248	    -10.79673837	     86.03690083	     44.24520787	     41.64718850	     10.43943094	      0.09787951
      1.31481481	     -3.04916513	     -1.59381679	     82.11882289	      0.26541552	      0.91802349	      0.63788160	      3.07075194	     -4.28420023	     -1.68981635	     11.48865506	      0.20051486	     34.50681246	      8.31239313	      0.00000000	      3.36686846	      4.71592293	     -2.24400103	     11.77326456	      0.20548223	     34.15141206	     -5.21874950	      0.00000000	      0.15608049	     -0.25026052	      2.02524575	      0.28985707	     -0.33284649	      2.15182361	      0.25642463	     -0.60848342	      2.15182361	      0.17838439	     -0.60848342	      1.77209003	      0.14493634	     -0.51033125	      1.64551218	      0.08918439	     -0.38765354	      1.51893432	      1.11486731	     -2.83099702	     11.26380931	      0.00000000	      0.00000000	     21.21264896	     -1.73658591	    -15.88390541	      5.67092324	     -8.24717076	     40.29622433	     43.63053906	     66.66622334	      7.44596336	     13.38300560	     24.64520399	    -10.92766408	     86.00233437	     44.34774598	     41.69485191	     10.41630102	      0.13342997
      1.33333333	     -3.22891196	     -1.37258577	     82.05579610	      0.26543839	      0.91797175	      0.63795316	      2.89435826	     -4.49127909	     -1.67521886	     11.51850423	      0.20103582	     34.68206975	      8.34702637	      0.00000000	      3.16581586	      4.93526927	     -2.40419474	     11.81115932	      0.20614362	     34.00838209	     -5.17083344	      0.00000000	      0.12656963	     -0.25515495	      2.03024795	      0.23505246	     -0.33935608	      2.15713845	      0.20794125	     -0.62038374	      2.15713845	      0.14465643	     -0.62038374	      1.77646696	      0.11753256	     -0.52031197	      1.64957646	      0.07232189	     -0.39523501	      1.52268596	      0.90407422	     -2.88636378	     11.29163004	      0.00000000	      0.00000000	     22.19315545	     -1.53041309	    -15.25150635	      5.17797028	     -8.50743401	     39.52589999	     44.68645771	     66.60980136	      7.47034334	     13.54776759	     24.65965602	    -11.16471384	     85.69144768	     44.82561235	     41.79388930	     10.46728636	      0.22659525
      1.35185185	     -3.34942876	     -1.29951164	     81.69611350	      0.26564385	      0.91791038	      0.63782025	      2.95670073	     -4.63564083	     -1.57616336	     11.65079980	      0.20334482	     34.89550286	      8.62094922	      0.00000000	      2.97719462	      5.10466919	     -2.47329674	     11.62926000	      0.20296888	     33.71152315	     -5.58451444	      0.00000000	      0.13151534	     -0.23907592	      2.06862262	      0.24423714	     -0.31797098	      2.19791153	      0.21606655	     -0.58128920	      2.19791153	      0.15030888	     -0.58128920	      1.81004479	      0.12212514	     -0.48752362	      1.68075588	      0.07514786	     -0.37032861	      1.55146696	      0.93940091	     -2.70447466	     11.50505842	      0.00000000	      0.00000000	     22.97611738	     -0.95584230	    -13.53607719	      4.27639504	     -8.27632900	     37.05144805	     45.66774278	     67.82769979	      7.46226084	     15.31543193	     24.36872921	    -11.22084770	     84.86320284	     45.10207714	     42.00805527	     10.43485091	      1.05104158
      1.37037037	     -3.42847867	     -1.30343690	     81.63918166	      0.26528997	      0.91784196	      0.63792528	      3.01894624	     -4.72568779	     -1.62681519	     11.69831832	      0.20417417	     35.04031017	      8.65526583	      0.00000000	      2.99518309	      5.20966455	     -2.63591314	     11.69739203	      0.20415800	     33.45743851	     -5.75555360	      0.00000000	      0.13239340	     -0.22796353	      2.02457427	      0.24586778	     -0.30319150	      2.15111016	      0.21750911	     -0.55427054	      2.15111016	      0.15131241	     -0.55427054	      1.77150249	      0.12294051	     -0.46486324	      1.64496659	      0.07564959	     -0.35311551	      1.51843070	      0.94567279	     -2.57876909	     11.26007471	      0.00000000	      0.00000000	     23.67299445	     -0.99668142	    -13.34291319	      4.12623442	     -8.48610304	     36.86473456	     46.31070307	     67.98724079	      7.55359906	     15.20453564	     24.34673220	    -11.38011521	     84.74076722	     45.39961688	     42.00914523	     10.40939780	      1.09627483
      1.38888889	     -3.48638714	     -1.38221994	     81.57598610	      0.26501367	      0.91776116	      0.63789359	      3.16138657	     -4.77061649	     -1.61984519	     11.78941031	      0.20576403	     35.13689935	      8.60119689	      0.00000000	      3.08000333	      5.26032802	     -2.82839073	     11.79829932	      0.20591917	     33.37208092	     -5.78831060	      0.00000000	      0.14914246	     -0.21522877	      1.97486414	      0.27697246	     -0.28625426	      2.09829315	      0.24502614	     -0.52330723	      2.09829315	      0.17045491	     -0.52330723	      1.72800612	      0.13849369	     -0.43889451	      1.60457711	      0.08522000	     -0.33338936	      1.48114810	      1.06530966	     -2.43471088	     10.98360188	      0.00000000	      0.00000000	     24.10696329	     -1.05130448	    -13.15033102	      4.12721478	     -8.53660471	     36.75416595	     46.61145742	     67.93781395	      7.51482836	     15.05247069	     24.29251437	    -11.46325211	     84.69792645	     45.52507365	     42.01870676	     10.31943624	      1.16719851
      1.40740741	     -3.54694105	     -1.40264206	     81.68672793	      0.26387685	      0.91751746	      0.63801550	      3.34726490	     -4.91409653	     -2.13415535	     12.15216850	      0.21209535	     35.33634480	      8.84334814	      0.00000000	      3.03873982	      5.61834514	     -0.69358396	     11.67492875	      0.20376595	     32.39689010	     -9.04582897	      0.00000000	      0.12712086	     -0.18099289	      1.81022907	      0.23607615	     -0.24072055	      1.92336838	      0.20884686	     -0.44006612	      1.92336838	      0.14528643	     -0.44006612	      1.58395043	      0.11804443	     -0.36908071	      1.47081112	      0.07263686	     -0.28035799	      1.35767180	      0.90801161	     -2.04742783	     10.06795100	      0.00000000	      0.00000000	     25.23500733	     -0.80817116	    -10.86767903	      4.12362318	     -8.61103904	     35.44902312	     47.32190297	     78.26143938	      8.63375312	     12.62356471	     23.00136009	    -11.89943412	     80.95485433	     46.54152246	     42.96934099	      9.66223978	      3.45239676
      1.42592593	     -3.60896167	     -1.49433688	     81.82851571	      0.26294394	      0.91730447	      0.63823681	      3.52298639	     -5.00425434	     -2.32554844	     12.34306868	      0.21542719	     35.38621270	      8.78866577	      0.00000000	      3.21591910	      5.73128665	     -0.59950614	     11.84412132	      0.20671891	     32.23241098	     -9.32679429	      0.00000000	      0.12171622	     -0.15902976	      1.70027474	      0.22603919	     -0.21150958	      1.80654191	      0.19996758	     -0.38666496	      1.80654191	      0.13910947	     -0.38666496	      1.48774039	      0.11302568	     -0.32429348	      1.38147322	      0.06954865	     -0.24633710	      1.27520605	      0.86940678	     -1.79897644	      9.45641800	      0.00000000	      0.00000000	     25.77855268	     -0.68640631	     -9.69967434	      4.32311674	     -8.74333588	     35.40034838	     47.75588527	     79.17395868	      8.41472575	     12.05262348	     22.80884860	    -11.99870151	     80.47387169	     46.63031690	     43.66097993	      9.89409519	      2.59618532
      1.44444444	     -3.74288142	     -1.67129657	     82.02539543	      0.26202209	      0.91697017	      0.63838273	      3.81624613	     -5.16067296	     -2.56900560	     12.60396177	      0.21998063	     35.47332633	      8.77068657	      0.00000000	      3.45109478	      5.92850192	     -0.21266784	     11.88742385	      0.20747469	     32.03783705	     -9.75972982	      0.00000000	      0.12200916	     -0.15120545	      1.58956170	      0.22658321	     -0.20110325	      1.68890931	      0.20044884	     -0.36764094	      1.68890931	      0.13944427	     -0.36764094	      1.39086649	      0.11329770	     -0.30833816	      1.29151888	      0.06971603	     -0.23421725	      1.19217128	      0.87149921	     -1.71046632	      8.84066531	      0.00000000	      0.00000000	     26.19210618	     -0.62252369	     -8.99535185	      4.52154064	     -8.78283383	     35.41033373	     48.04769799	     79.12078722	      8.34437929	     11.35622523	     22.40213402	    -12.22378515	     79.38340781	     47.12013107	     44.03633853	      9.43097352	      2.86571320
      1.46296296	     -3.85339915	     -1.88111168	     82.18763878	      0.26127041	      0.91664179	      0.63851867	      4.12505246	     -5.19845213	     -2.07133832	     12.80494616	      0.22348847	     35.42533769	      7.87110215	      0.00000000	      3.81456028	      5.97220373	     -0.84621793	     12.08952706	      0.21100205	     32.41644087	     -8.58510687	      0.00000000	      0.12032376	     -0.14062392	      1.50157832	      0.22345325	     -0.18702981	      1.59542697	      0.19767990	     -0.34191300	      1.59542697	      0.13751802	     -0.34191300	      1.31388103	      0.11173264	     -0.28676029	      1.22003239	      0.06875300	     -0.21782645	      1.12618374	      0.85946058	     -1.59076589	      8.35132815	      0.00000000	      0.00000000	     26.50157504	     -0.48582235	     -8.17824007	      4.60146060	     -8.82567900	     35.43006044	     48.40948418	     76.84473904	      8.14597575	     11.32243917	     21.95054104	    -12.33986071	     78.05933349	     47.40076233	     45.42069599	      9.46005850	      2.98653620
      1.48148148	     -3.96314675	     -2.09705278	     82.38149012	      0.26036963	      0.91631351	      0.63861566	      4.47774075	     -5.32034797	     -2.25247571	     13.07392825	      0.22818309	     35.56599735	      7.81244771	      0.00000000	      4.15125138	      6.06277411	     -1.02490266	     12.14927745	      0.21204489	     32.79147081	     -7.79266804	      0.00000000	      0.11867577	     -0.12994838	      1.44595322	      0.22039277	     -0.17283134	      1.53632530	      0.19497242	     -0.31595649	      1.53632530	      0.13563453	     -0.31595649	      1.26520907	      0.11020232	     -0.26499074	      1.17483699	      0.06781133	     -0.20129004	      1.08446491	      0.84768914	     -1.47000206	      8.04195802	      0.00000000	      0.00000000	     26.65057527	     -0.46198980	     -7.61903535	      4.52433085	     -8.96307722	     35.50330006	     48.88796574	     71.60959322	      7.84956448	     12.20854917	     21.87348983	    -12.31965232	     77.77305712	     47.57433217	     45.56002773	      9.43510334	      2.94700774
      1.50000000	     -4.04083121	     -2.16778320	     82.38912211	      0.25987381	      0.91639008	      0.63885042	      4.60304199	     -5.40147809	     -2.25765681	     13.06561161	      0.22803794	     35.59863252	      7.78775549	      0.00000000	      4.30256838	      6.17862755	     -0.96383129	     12.05179681	      0.21034354	     32.99935638	     -7.77685146	      0.00000000	      0.09713006	     -0.12520696	      1.43255471	      0.18038023	     -0.16652526	      1.52208938	      0.15957497	     -0.30442820	      1.52208938	      0.11100994	     -0.30442820	      1.25348537	      0.09019497	     -0.25532203	      1.16395070	      0.05550012	     -0.19394558	      1.07441604	      0.69379029	     -1.41636617	      7.96743955	      0.00000000	      0.00000000	     26.56262424	     -0.45258158	     -7.59732867	      4.62487766	     -8.98765044	     35.43783680	     49.01486412	     71.56528045	      7.86716429	     12.18643886	     21.97360596	    -12.24731351	     77.72288934	     47.58318071	     45.55080968	      9.42568881	      2.93881869
      1.51851852	     -4.16694888	     -2.44301911	     83.17373657	      0.25784450	      0.91609902	      0.63880922	      5.06456471	     -5.61463501	     -2.79635703	     13.57860800	      0.23699142	     35.84715764	      7.24944107	      0.00000000	      4.62882976	      6.37210873	     -0.37892562	     11.86596791	      0.20710021	     33.43749114	     -7.10836824	      0.00000000	      0.11620595	     -0.11310128	      1.31408688	      0.21580607	     -0.15042470	      1.39621731	      0.19091475	     -0.27499445	      1.39621731	      0.13281178	     -0.27499445	      1.14982602	      0.10790884	     -0.23063613	      1.06769559	      0.06640008	     -0.17519388	      0.98556516	      0.83004747	     -1.27942429	      7.30855698	      0.00000000	      0.00000000	     26.38575948	     -0.66780852	     -6.87039252	      4.28443926	     -9.33368527	     35.09063015	     49.69009033	     70.43428043	      8.24591027	     12.58119380	     21.99733478	    -12.06622424	     77.59147897	     47.59497940	     45.42644001	      9.37998614	      3.12505693
      1.53703704	     -4.17855301	     -2.53561219	     83.75086281	      0.25646776	      0.91610603	      0.63892012	      5.13254890	     -5.70952231	     -3.49180381	     13.61213169	      0.23757652	     36.04069034	      7.21432390	      0.00000000	      5.04391406	      6.15921645	     -2.50120084	     12.34120818	      0.21539472	     34.76800366	     -3.25626201	      0.00000000	      0.10978030	     -0.10077179	      1.20044267	      0.20387299	     -0.13402648	      1.27547034	      0.18035805	     -0.24501653	      1.27547034	      0.12546790	     -0.24501653	      1.05038734	      0.10194199	     -0.20549384	      0.97535967	      0.06272846	     -0.15609550	      0.90033201	      0.78414969	     -1.13995065	      6.67650202	      0.00000000	      0.00000000	     26.08964707	     -0.73374307	     -6.40501253	      4.48857671	     -9.86977125	     37.21586435	     50.25239929	     54.63153041	      6.19262933	     15.83059498	     21.71878162	    -12.20691659	     76.54390621	     48.12278154	     44.67302640	      9.17247920	      4.18634852
      1.55555556	     -4.26337249	     -2.55656869	     83.92557538	      0.25538775	      0.91614742	      0.63891928	      5.24064083	     -5.87559036	     -3.71517710	     13.73253195	      0.23967790	     36.19876861	      6.96739640	      0.00000000	      5.07956573	      6.32168344	     -2.34186456	     12.19069035	      0.21276768	     35.00866850	     -3.11599354	      0.00000000	      0.09896225	     -0.10118937	      1.22467252	      0.18378279	     -0.13458187	      1.30121455	      0.16258508	     -0.24603185	      1.30121455	      0.11310395	     -0.24603185	      1.07158845	      0.09189634	     -0.20634537	      0.99504642	      0.05654703	     -0.15674234	      0.91850439	      0.70687745	     -1.14467445	      6.81126114	      0.00000000	      0.00000000	     25.76467927	     -1.07030843	     -6.39569073	      4.28035121	    -10.25871760	     37.17240921	     50.80899795	     54.52961146	      6.37975477	     15.76818795	     21.76088228	    -12.34584986	     76.29251788	     48.59757618	     44.65366477	      9.26446495	      4.11935703
      1.57407407	     -4.29744641	     -2.59269421	     84.07372174	      0.25436902	      0.91629312	      0.63953233	      5.37854689	     -5.97595928	     -3.97903524	     13.79114095	      0.24070082	     36.28250920	      6.72136167	      0.00000000	      5.17055429	      6.40855959	     -2.20442525	     12.11275811	      0.21140751	     35.04611511	     -2.99394957	      0.00000000	      0.08313526	     -0.10115198	      1.27098668	      0.15439049	     -0.13453213	      1.35042334	      0.13658292	     -0.24594092	      1.35042334	      0.09501529	     -0.24594092	      1.11211334	      0.07719940	     -0.20626912	      1.03267668	      0.04750349	     -0.15668442	      0.95324001	      0.59382686	     -1.14425143	      7.06884660	      0.00000000	      0.00000000	     25.46009137	     -1.40519214	     -6.42737133	      4.22624619	    -10.57549928	     37.03293922	     51.22090962	     54.43824771	      6.47829719	     15.65608392	     21.84361657	    -12.52178985	     75.97582124	     49.13880330	     44.64447688	      9.36907865	      4.05458856
      1.59259259	     -4.41112216	     -2.77070778	     84.47107094	      0.25279097	      0.91574441	      0.63905580	      5.69937057	     -6.20570085	     -4.15251984	     14.17132152	      0.24733622	     36.69199998	      6.32533720	      0.00000000	      5.31424858	      6.61774023	     -1.89902898	     12.04114250	      0.21015758	     35.17452023	     -2.82270478	      0.00000000	      0.10512009	     -0.10901087	      1.28885823	      0.19521853	     -0.14498446	      1.36941187	      0.17270180	     -0.26504903	      1.36941187	      0.12014175	     -0.26504903	      1.12775095	      0.09761452	     -0.22229497	      1.04719731	      0.06006562	     -0.16885784	      0.96664367	      0.75086232	     -1.23315277	      7.16824281	      0.00000000	      0.00000000	     25.13545533	     -3.00017256	     -7.04322123	      3.49510126	    -11.03429323	     36.25773627	     52.41057301	     53.94319159	      6.57142661	     15.02443406	     21.29413957	    -13.01950807	     74.70870309	     50.47899244	     44.76688224	      9.51885329	      4.37049789
      1.61111111	     -4.40844319	     -3.07812807	     84.77239012	      0.25173273	      0.91545814	      0.63908660	      6.07985423	     -6.16035172	     -3.71826862	     14.30527045	      0.24967407	     36.48241737	      4.98697053	      0.00000000	      5.67481501	      6.74537309	     -0.53680451	     12.11883794	      0.21151362	     34.67213448	     -4.17187169	      0.00000000	      0.12774477	     -0.12818186	      1.29577852	      0.23723481	     -0.17048188	      1.37676468	      0.20987188	     -0.31166138	      1.37676468	      0.14599950	     -0.31166138	      1.13380621	      0.11862379	     -0.26138845	      1.05282005	      0.07299336	     -0.19855370	      0.97183389	      0.91246810	     -1.45001886	      7.20673140	      0.00000000	      0.00000000	     24.97544724	     -4.53800773	     -9.05669953	      3.17342256	    -11.16087236	     36.31413455	     53.17456138	     47.20976269	      5.13406755	     15.33869545	     18.59753431	    -13.24034867	     67.34131833	     52.19877814	     50.44504151	     10.47041427	     10.14136466
      1.62962963	     -4.44155864	     -3.33573907	     84.96491198	      0.25097785	      0.91509444	      0.63907967	      6.42623419	     -6.20589561	     -3.56094534	     14.49509591	      0.25298715	     36.52540067	      4.40161049	      0.00000000	      5.99119052	      6.83157376	      0.08867294	     12.24181362	      0.21365995	     34.44413936	     -4.61095182	      0.00000000	      0.14035656	     -0.15731904	      1.41414848	      0.26065617	     -0.20923432	      1.50253276	      0.23059179	     -0.38250552	      1.50253276	      0.16041351	     -0.38250552	      1.23737992	      0.13033510	     -0.32080499	      1.14899564	      0.08019974	     -0.24368719	      1.06061136	      1.00255288	     -1.77962446	      7.86506960	      0.00000000	      0.00000000	     24.82362714	     -5.83452173	    -11.00804228	      2.43004750	    -11.20638928	     34.99785278	     54.05992839	     45.08478555	      4.75438475	     15.26422054	     17.66128621	    -13.61409596	     65.74260346	     53.49064411	     49.59124821	     10.39647024	     11.64953502
      1.64814815	     -4.41880166	     -3.66209481	     85.24126437	      0.25023519	      0.91482467	      0.63899653	      6.75055962	     -6.19344050	     -3.62186847	     14.56057371	      0.25412995	     36.51821004	      4.02120649	      0.00000000	      6.37782008	      6.82871091	      0.43953517	     12.37142452	      0.21592209	     34.33442947	     -4.66414280	      0.00000000	      0.15780082	     -0.18354029	      1.48176186	      0.29305190	     -0.24410858	      1.57437198	      0.25925096	     -0.44625985	      1.57437198	      0.18035055	     -0.44625985	      1.29654163	      0.14653384	     -0.37427535	      1.20393151	      0.09016739	     -0.28430390	      1.11132140	      1.12715545	     -2.07624443	      8.24111496	      0.00000000	      0.00000000	     24.89458266	     -6.40338109	    -12.05559279	      1.83387513	    -11.30667467	     33.95174784	     54.73629178	     44.69292828	      4.69964784	     14.84023875	     16.39029536	    -14.16337716	     64.25967098	     54.49497216	     48.77404636	     10.18987245	     11.00543787
      1.66666667	     -4.33520604	     -3.98485836	     85.46610335	      0.24959501	      0.91471161	      0.63869189	      6.95568162	     -5.95207667	     -2.43723226	     14.36206429	      0.25066531	     36.14879386	      2.07144064	      0.00000000	      6.61744904	      6.89693517	      2.14251486	     12.20234837	      0.21297116	     33.83059418	     -6.52704121	      0.00000000	      0.17120137	     -0.21602684	      1.56424524	      0.31793807	     -0.28731570	      1.66201057	      0.28126673	     -0.52524766	      1.66201057	      0.19566605	     -0.52524766	      1.36871459	      0.15897759	     -0.44052193	      1.27094926	      0.09782446	     -0.33462557	      1.17318393	      1.22287427	     -2.44373881	      8.69986276	      0.00000000	      0.00000000	     24.87803818	     -7.00039249	    -13.93957156	      1.19584463	    -11.38933087	     31.72168052	     55.12569667	     57.18934067	      6.51706613	     13.32102811	     14.99483867	    -14.97716121	     62.92614317	     55.68372810	     46.96103865	      8.74862957	     10.70544595
      1.68518519	     -4.17495409	     -4.39014302	     85.73424135	      0.24894051	      0.91475281	      0.63834159	      7.22641474	     -5.81791702	     -2.82972009	     14.13465730	      0.24669631	     36.08450426	      2.30979186	      0.00000000	      7.08642290	      6.67420392	      1.87608829	     12.31375887	      0.21491564	     34.02925914	     -5.76447043	      0.00000000	      0.18990197	     -0.23959433	      1.56125663	      0.35266695	     -0.31866047	      1.65883517	      0.31198995	     -0.58254967	      1.65883517	      0.21703896	     -0.58254967	      1.36609956	      0.17634297	     -0.48858077	      1.26852102	      0.10850999	     -0.37113162	      1.17094248	      1.35645078	     -2.71033903	      8.68324103	      0.00000000	      0.00000000	     25.18097400	     -6.46209390	    -14.38223780	      0.69436327	    -11.53383687	     28.93725165	     55.64443109	     81.29159466	      8.57035096	      9.08133917	     13.00765171	    -15.96888945	     60.17050028	     56.52513415	     48.75595329	      8.14932604	      9.18271849
      1.70370370	     -3.94239438	     -4.84122736	     85.96760757	      0.24838126	      0.91499059	      0.63783364	      7.52551222	     -5.55978990	     -2.88847897	     13.84556857	      0.24165076	     35.87141547	      2.20450489	      0.00000000	      7.57563193	      6.41281782	      1.91063168	     12.35185452	      0.21558053	     34.05239766	     -5.58051988	      0.00000000	      0.21224369	     -0.25057495	      1.44593391	      0.39415775	     -0.33326468	      1.53630478	      0.34869516	     -0.60924793	      1.53630478	      0.24257331	     -0.60924793	      1.26519217	      0.19708949	     -0.51097244	      1.17482130	      0.12127604	     -0.38814060	      1.08445043	      1.51603544	     -2.83455395	      8.04185061	      0.00000000	      0.00000000	     25.68573089	     -5.14377983	    -12.93172671	      0.63800349	    -12.23721311	     29.24420547	     56.31077628	     86.88257000	      7.22175443	      8.31808170	     10.76237514	    -17.42405188	     57.11822782	     57.52157781	     51.35845631	      6.53519225	      6.77732015
      1.72222222	     -3.60484425	     -5.28778186	     86.10009903	      0.24794243	      0.91537972	      0.63707942	      7.82342864	     -5.19368459	     -2.93359378	     13.55286543	      0.23654212	     35.58602394	      2.21438749	      0.00000000	      8.10058843	      6.02249348	      1.72263225	     12.51321577	      0.21839682	     34.08308641	     -5.27245648	      0.00000000	      0.22776706	     -0.25279473	      1.26933996	      0.42298620	     -0.33621699	      1.34867371	      0.37419850	     -0.61464510	      1.34867371	      0.26031497	     -0.61464510	      1.11067247	      0.21150449	     -0.51549901	      1.03133872	      0.13014610	     -0.39157904	      0.95200497	      1.62691731	     -2.85966453	      7.05968808	      0.00000000	      0.00000000	     26.20135648	     -3.45318405	    -10.65037602	      0.75123999	    -13.16221503	     30.55993199	     56.60660761	     88.33785825	      5.30199469	      7.24254520	      7.68986839	    -18.74955160	     51.21337574	     58.36728736	     62.00804166	      5.70027153	      4.87695123
      1.74074074	     -3.22488010	     -5.66555134	     86.03414846	      0.24787030	      0.91583245	      0.63618888	      8.14285524	     -4.76976997	     -2.91880947	     13.41231925	      0.23408913	     35.33774287	      2.36358486	      0.00000000	      8.52630969	      5.59793397	      1.70155722	     12.66906392	      0.22111688	     34.00091660	     -5.43298190	      0.00000000	      0.23161814	     -0.24835017	      1.07182787	      0.43013804	     -0.33030573	      1.13881711	      0.38052544	     -0.60383861	      1.13881711	      0.26471637	     -0.60383861	      0.93784939	      0.21508060	     -0.50643567	      0.87086014	      0.13234660	     -0.38469442	      0.80387090	      1.65442520	     -2.80938683	      5.96118507	      0.00000000	      0.00000000	     26.53434606	     -2.04547983	     -7.31190753	      0.95836161	    -14.27513795	     32.33461883	     56.95750875	     88.85400694	      2.92119412	      6.75083120	      5.05314995	    -20.33823639	     46.48906847	     58.91541653	     72.85444632	      2.51213796	      1.30521964
      1.75925926	     -2.83536717	     -6.05094125	     85.89894486	      0.24802984	      0.91609407	      0.63499345	      8.53006291	     -4.33637766	     -2.88354260	     13.43588434	      0.23450042	     35.18052155	      2.63795489	      0.00000000	      8.98583084	      5.19545088	      1.95363922	     12.96041992	      0.22620200	     33.75628267	     -6.16784739	      0.00000000	      0.23744399	     -0.26077462	      0.88594785	      0.44095723	     -0.34683025	      0.94131959	      0.39009673	     -0.63404742	      0.94131959	      0.27137473	     -0.63404742	      0.77520437	      0.22049049	     -0.53177161	      0.71983263	      0.13567549	     -0.40393989	      0.66446089	      1.69603865	     -2.94993468	      4.92737615	      0.00000000	      0.00000000	     26.68430493	     -1.77489828	     -5.33494404	      0.88029451	    -15.20756891	     33.30902832	     57.04988875	     89.08098254	      1.25496790	      5.64483409	      2.00289958	    -21.54201420	     39.71574346	     59.29956520	     85.03919732	      0.92784943	      0.17633100
      1.77777778	     -2.42397204	     -6.37663233	     85.51623140	      0.24888504	      0.91620360	      0.63368746	      8.95396976	     -3.82224288	     -2.68670740	     13.64351434	      0.23812425	     35.03243226	      2.87108198	      0.00000000	      9.43009740	      4.69719455	      1.81902682	     13.40569618	      0.23397354	     33.64489540	     -6.76879140	      0.00000000	      0.23751411	     -0.28489291	      0.84369786	      0.44108746	     -0.37890758	      0.89642897	      0.39021193	     -0.69268863	      0.89642897	      0.27145488	     -0.69268863	      0.73823562	      0.22055560	     -0.58095363	      0.68550451	      0.13571556	     -0.44129912	      0.63277339	      1.69653955	     -3.22276562	      4.69239436	      0.00000000	      0.00000000	     26.81333930	     -2.65036264	     -4.54103238	      0.45760966	    -16.14758752	     33.18042677	     57.22688749	     89.15854389	      0.74859849	      5.20458887	      0.20585242	    -23.00633579	     35.84614781	     58.59659232	     87.84881856	     -0.86053872	     -1.36682705
      1.79629630	     -1.99303744	     -6.61234856	     85.83325288	      0.24982102	      0.91619819	      0.63214575	      9.10518816	     -3.29818634	     -2.91120495	     13.80582858	      0.24095716	     34.94024431	      2.63527520	      0.00000000	      9.78934083	      4.26182463	      2.51457156	     13.85273308	      0.24177580	     33.46597049	     -7.60821899	      0.00000000	      0.22794988	     -0.33962766	      0.54920835	      0.42332572	     -0.45170479	      0.58353387	      0.37449886	     -0.82577070	      0.58353387	      0.26052392	     -0.82577070	      0.48055730	      0.21167426	     -0.69256873	      0.44623178	      0.13025056	     -0.52608325	      0.41190626	      1.62822319	     -3.84193604	      3.05453206	      0.00000000	      0.00000000	     27.05524696	     -3.28127415	     -3.88474709	      1.32278439	    -17.15402547	     34.93874370	     56.61099827	     89.09036854	      1.53376430	      4.79539709	     -2.46974305	    -24.46961567	     29.96010813	     57.84396031	     88.65929635	     -0.76479711	     -2.07001759
      1.81481481	     -1.65623676	     -6.90595769	     86.20598267	      0.25109840	      0.91581062	      0.63161136	      9.59136459	     -2.87019749	     -3.18943471	     14.41632650	      0.25161236	     35.01547550	      2.22089469	      0.00000000	     10.58814757	      3.84513455	      2.81485580	     14.83375135	      0.25889780	     33.71721630	     -7.88184376	      0.00000000	      0.20341865	     -0.43531317	      0.43081469	      0.37776877	     -0.57896651	      0.45774061	      0.33419650	     -1.05842043	      0.45774061	      0.23248717	     -1.05842043	      0.37696286	      0.18889456	     -0.88769061	      0.35003694	      0.11623342	     -0.67430010	      0.32311102	      1.45299906	     -4.92434961	      2.39606208	      0.00000000	      0.00000000	     27.36116628	     -5.06860602	     -5.49788382	      1.67378999	    -18.14431940	     35.18941775	     56.34153209	     88.93037134	      2.89986832	      4.64698738	     -3.72951035	    -26.16971766	     25.84108800	     56.35293014	     88.73986943	     -1.02514715	     -2.16285098
      1.83333333	     -1.08505808	     -7.46433397	     87.43316709	      0.25235672	      0.91440790	      0.63092625	     10.09361194	     -2.16086188	     -3.66678903	     14.70746626	      0.25669371	     34.97380655	      1.03569323	      0.00000000	     11.68106122	      3.23978366	      3.68874986	     15.69883738	      0.27399640	     34.49747785	     -7.61406432	      0.00000000	      0.22148275	     -0.54571188	     -0.08118271	      0.41131561	     -0.72579680	     -0.08625663	      0.36387401	     -1.32684387	     -0.08625663	      0.25313263	     -1.32684387	     -0.07103487	      0.20566888	     -1.11281567	     -0.06596095	      0.12655524	     -0.84530771	     -0.06088703	      1.58202913	     -6.17320196	     -0.45151390	      0.00000000	      0.00000000	     27.61596717	     -4.76989223	     -6.00670436	      3.23750097	    -19.03415159	     37.09555122	     55.52930218	     88.60986206	      6.15796372	      4.25268302	     -7.14297589	    -27.38691013	     16.00114227	     55.90287015	     88.86582877	      4.33410903	      1.17892918
      1.85185185	     -0.47448668	     -8.08224424	     88.55162069	      0.25369466	      0.91250505	      0.63173637	     11.00313101	     -1.48334293	     -4.27954110	     15.35024997	      0.26791240	     35.27632385	      0.38405453	      0.00000000	     13.23465289	      2.55411616	      3.96746224	     17.03491541	      0.29731536	     35.59228900	     -6.84510694	      0.00000000	      0.21364544	     -0.67026711	     -0.36575420	      0.39676095	     -0.89145525	     -0.38861384	      0.35099809	     -1.62968744	     -0.38861384	      0.24417537	     -1.62968744	     -0.32003493	      0.19839116	     -1.36680868	     -0.29717529	      0.12207700	     -1.03824375	     -0.27431565	      1.52604801	     -7.58219557	     -2.03421516	      0.00000000	      0.00000000	     27.78459330	     -4.67925578	     -7.44229446	      3.98271018	    -20.14465778	     37.64337185	     55.00833750	     88.10596153	      7.71034601	      2.36895528	     -8.16755936	    -29.63547474	     10.57036231	     54.11733990	     88.66699893	      6.31081678	      2.50161293
      1.87037037	      0.33415790	     -8.94437072	     89.53194297	      0.25511444	      0.90945246	      0.63339129	     12.42087202	     -0.64078189	     -4.80064637	     16.20185178	      0.28277566	     35.95371347	      0.09270278	      0.00000000	     15.28435344	      1.71877999	      4.34166601	     18.67415139	      0.32592543	     36.82698869	     -6.57741576	      0.00000000	      0.22719983	     -0.78568027	     -0.50119284	      0.42193280	     -1.04495476	     -0.53251739	      0.37326660	     -1.91030301	     -0.53251739	      0.25966668	     -1.91030301	     -0.43854373	      0.21097776	     -1.60215921	     -0.40721918	      0.12982198	     -1.21701874	     -0.37589463	      1.62286566	     -8.88777236	     -2.78748421	      0.00000000	      0.00000000	     27.90232834	     -4.25760392	     -9.17629673	      3.84657952	    -21.42504579	     36.95857090	     54.78709528	     87.29231777	      8.00307925	     -0.06688993	     -7.92636308	    -32.61110489	      7.53694951	     51.58340667	     88.17234250	      6.55751024	      2.43616960
      1.88888889	      1.41859152	     -9.86300703	     90.74552527	      0.25659533	      0.90537931	      0.63555829	     14.08569493	      0.37026517	     -5.68636782	     17.21785305	      0.30050823	     36.98196443	      0.19178176	      0.00000000	     17.61540877	      0.62631302	      4.57143237	     20.62391427	      0.35995521	     38.25243919	     -5.84403578	      0.00000000	      0.23705243	     -0.88716673	     -0.62320804	      0.44023006	     -1.17993175	     -0.66215855	      0.38945343	     -2.15705719	     -0.66215855	      0.27092722	     -2.15705719	     -0.54530704	      0.22012688	     -1.80911040	     -0.50635654	      0.13545176	     -1.37422127	     -0.46740603	      1.69324177	    -10.03580750	     -3.46609617	      0.00000000	      0.00000000	     28.00449659	     -3.69673907	    -11.22581768	      3.26295086	    -22.73472237	     35.90219396	     54.42905320	     86.28300948	      7.08440176	     -3.77896906	     -6.93410323	    -35.79762278	      4.93187140	     48.53742247	     87.48473426	      7.11853333	      2.03155472
      1.90740741	      2.66000763	    -11.09872620	     91.70856788	      0.25880784	      0.89951303	      0.63845929	     16.40578057	      1.53802900	     -6.30170193	     18.53395610	      0.32347856	     38.45158044	      0.36323728	      0.00000000	     20.49023169	     -0.59889239	      4.91883213	     22.91606400	      0.39996077	     39.72133118	     -5.70446631	      0.00000000	      0.28012462	     -0.97569133	     -0.70012355	      0.52021943	     -1.29766947	     -0.74388127	      0.46021674	     -2.37229590	     -0.74388127	      0.32015443	     -2.37229590	     -0.61260811	      0.26012372	     -1.98962976	     -0.56885039	      0.16006321	     -1.51134587	     -0.52509266	      2.00090214	    -11.03721546	     -3.89387716	      0.00000000	      0.00000000	     28.08937401	     -3.33918222	    -13.31710013	      2.06071744	    -23.86618440	     33.69539436	     54.42519864	     85.23094828	      5.29642676	     -6.81255163	     -5.57224559	    -39.26054854	      2.86882554	     45.33745737	     86.83528520	      6.78027207	      0.88766154
      1.92592593	      4.10602146	    -12.44341642	     92.88932081	      0.26110750	      0.89231468	      0.64211474	     19.10879883	      2.67512643	     -7.60297568	     20.16376493	      0.35192409	     40.17881888	      1.23547188	      0.00000000	     23.70577048	     -1.84174170	      5.76866939	     25.53419621	      0.44565580	     41.24164323	     -5.89502606	      0.00000000	      0.29763083	     -1.04031941	     -0.73932498	      0.55273022	     -1.38362482	     -0.78553279	      0.48897770	     -2.52943262	     -0.78553279	      0.34016228	     -2.52943262	     -0.64690936	      0.27637999	     -2.12141935	     -0.60070155	      0.17006626	     -1.61145477	     -0.55449373	      2.12594728	    -11.76830126	     -4.11190374	      0.00000000	      0.00000000	     28.14418986	     -4.06006989	    -16.05534707	      0.09785079	    -24.76616118	     29.97450987	     54.54096702	     84.69502499	      2.59919909	    -10.08022756	     -2.39432648	    -42.94343210	      3.09357937	     40.66492621	     86.35129879	      6.02432572	     -2.00300645
      1.94444444	      5.77032556	    -14.14348988	     94.12934422	      0.26386786	      0.88337413	      0.64636046	     22.47640375	      4.00981758	     -8.23872763	     22.10728906	      0.38584498	     41.71110025	      1.02274657	      0.00000000	     27.49997305	     -3.03460230	      7.29690406	     28.44745451	      0.49650174	     42.69120050	     -6.82872472	      0.00000000	      0.33623169	     -1.07390241	     -0.89098030	      0.62441588	     -1.42829021	     -0.94666657	      0.55239505	     -2.61108633	     -0.94666657	      0.38427920	     -2.61108633	     -0.77960777	      0.31222475	     -2.18990180	     -0.72392150	      0.19212279	     -1.66347484	     -0.66823523	      2.40166937	    -12.14819888	     -4.95536515	      0.00000000	      0.00000000	     28.18860565	     -4.91658003	    -18.30053329	     -1.56283167	    -25.35929003	     26.03987596	     54.21735395	     83.74078024	      1.60302551	    -12.90328954	      0.58171636	    -46.22968880	      1.92130792	     35.66806778	     86.37735990	      4.97679543	     -4.97127830
      1.96296296	      7.42795163	    -16.06828347	     95.09670271	      0.26739735	      0.87317883	      0.65113735	     26.28771529	      5.32365637	     -8.56016688	     24.30819353	      0.42425801	     43.06792838	      0.61407012	      0.00000000	     31.61830294	     -4.17287186	      8.73264158	     31.49893023	      0.54976004	     44.16261081	     -7.68652302	      0.00000000	      0.38131649	     -1.09874666	     -1.09961850	      0.70814285	     -1.46133306	     -1.16834466	      0.62646486	     -2.67149263	     -1.16834466	      0.43580661	     -2.67149263	     -0.96216619	      0.35409049	     -2.24056419	     -0.89344003	      0.21788424	     -1.70195858	     -0.82471388	      2.72370554	    -12.42924199	     -6.11574821	      0.00000000	      0.00000000	     28.23524074	     -5.51375625	    -20.06445154	     -2.52907029	    -25.89228051	     22.93825694	     53.36754890	     81.85647924	      2.44527098	    -14.91310792	      2.97618012	    -49.41802934	     -0.60155431	     30.91721153	     85.87351070	      3.10864246	     -7.29801555
      1.98148148	      9.17031466	    -18.07508275	     96.01380763	      0.27109108	      0.86219797	      0.65700872	     30.40156098	      6.59880434	     -8.95361136	     26.76057731	      0.46706018	     44.16229603	      0.12936788	      0.00000000	     35.98049103	     -5.18706921	     10.44595891	     34.61192947	      0.60409213	     45.42727716	     -8.62517212	      0.00000000	      0.41382374	     -1.09745078	     -1.39643395	      0.76851207	     -1.45960954	     -1.48371108	      0.67987102	     -2.66834183	     -1.48371108	      0.47295915	     -2.66834183	     -1.22187971	      0.38427672	     -2.23792164	     -1.13460259	      0.23645888	     -1.69995126	     -1.04732547	      2.95590159	    -12.41458274	     -7.76654672	      0.00000000	      0.00000000	     28.28702313	     -5.79303122	    -20.95243281	     -2.53980377	    -26.82182867	     21.30901469	     52.08881665	     79.08887632	      5.72494499	    -15.25390758	      4.80312731	    -52.77129687	     -3.38128747	     26.46399947	     84.67266012	      0.28867258	     -8.71640850
      2.00000000	     10.80646034	    -20.19140134	     96.73118524	      0.27534410	      0.85077305	      0.66360792	     34.73331993	      7.73444435	     -9.25887230	     29.29195359	      0.51124103	     45.09801356	     -0.27316832	      0.00000000	     40.52422915	     -6.08827907	     11.94036386	     37.68443025	      0.65771738	     46.51726721	     -9.18655012	      0.00000000	      0.46336421	     -1.09608030	     -1.85411330	      0.86051368	     -1.45778679	     -1.96999538	      0.76126106	     -2.66500963	     -1.96999538	      0.52957896	     -2.66500963	     -1.62234914	      0.43028001	     -2.23512694	     -1.50646706	      0.26476631	     -1.69782838	     -1.39058498	      3.30976422	    -12.39907953	    -10.31202195	      0.00000000	      0.00000000	     28.33855608	     -5.39552156	    -19.90472636	     -1.10718457	    -28.14838114	     22.86462377	     50.15294481	     74.75966741	      9.38941343	    -14.15866056	      3.64112654	    -56.71747718	     -7.75471272	     23.55996143	     81.72317362	     -3.46486952	     -7.96920504
      2.01851852	     12.52630018	    -22.33967073	     97.39666804	      0.27984205	      0.83935453	      0.67085142	     39.16697332	      8.91266532	     -9.51526866	     31.72308588	      0.55367230	     45.83766579	     -0.72887011	      0.00000000	     45.21533199	     -7.00360993	     13.37271950	     40.71174510	      0.71055400	     47.44333587	     -9.42852297	      0.00000000	      0.50813185	     -1.08370127	     -2.32591089	      0.94365166	     -1.44132269	     -2.47128032	      0.83480982	     -2.63491127	     -2.47128032	      0.58074389	     -2.63491127	     -2.03517203	      0.47185124	     -2.20988363	     -1.88980259	      0.29034654	     -1.67865327	     -1.74443316	      3.62953501	    -12.25904552	    -12.93601857	      0.00000000	      0.00000000	     28.37595655	     -4.93448886	    -18.17183188	      0.67505812	    -29.34903695	     25.43012497	     47.55875650	     71.44085651	     12.32539341	    -12.26678581	      0.85606405	    -60.94462954	    -12.12280128	     21.26759435	     77.32402852	     -7.21860175	     -5.71468910
      2.03703704	     14.32382444	    -24.47267515	     98.04829586	      0.28449770	      0.82830540	      0.67839907	     43.54681093	     10.12156003	     -9.82875477	     33.89044586	      0.59149987	     46.43975825	     -1.13686682	      0.00000000	     49.94045294	     -7.94492117	     14.68834944	     43.57510965	      0.76052914	     48.20508449	     -9.39974386	      0.00000000	      0.53877001	     -1.07445641	     -2.64968295	      1.00054978	     -1.42902703	     -2.81528814	      0.88514524	     -2.61243333	     -2.81528814	      0.61576024	     -2.61243333	     -2.31847258	      0.50030183	     -2.19103152	     -2.15286740	      0.30785318	     -1.66433299	     -1.98726222	      3.84838028	    -12.15446585	    -14.73674168	      0.00000000	      0.00000000	     28.39367723	     -4.66923181	    -17.03984792	      2.05592197	    -30.49677137	     29.17560453	     44.26068491	     67.89054086	     13.13411634	    -11.33147295	     -1.78356628	    -65.17099483	    -15.25286652	     19.21477090	     72.27223689	    -10.39561083	     -2.89190899
      2.05555556	     15.73746795	    -26.53196042	     98.29928931	      0.28994277	      0.81825997	      0.68603312	     47.69290283	     11.18311383	     -9.96300664	     35.84204997	      0.62556178	     46.99708284	     -1.28279898	      0.00000000	     54.29623689	     -8.86095337	     15.46742128	     45.98836375	      0.80264837	     48.74879067	     -9.27687004	      0.00000000	      0.54878762	     -1.12988644	     -2.62374298	      1.01915349	     -1.50274896	     -2.78772691	      0.90160318	     -2.74720589	     -2.78772691	      0.62720937	     -2.74720589	     -2.29577511	      0.50960418	     -2.30406443	     -2.13179117	      0.31357725	     -1.75019409	     -1.96780723	      3.91993508	    -12.78150137	    -14.59247132	      0.00000000	      0.00000000	     28.39058536	     -4.97778607	    -17.66329599	      1.57256668	    -30.87083372	     30.07080092	     40.83391035	     67.77347967	     12.49024287	    -10.62642278	     -0.43263981	    -69.20059978	    -16.84907451	     16.86265520	     70.89809659	    -11.80770769	     -1.18995547
      2.07407407	     17.66347855	    -28.17968014	     99.15953363	      0.29472605	      0.80916328	      0.69365997	     51.29651427	     12.31562195	    -10.82420331	     37.28112680	      0.65067841	     47.48214331	     -1.39986442	      0.00000000	     58.45148075	     -9.85921464	     16.63907191	     48.27111238	      0.84248984	     49.24149075	     -8.70263399	      0.00000000	      0.50415103	     -1.13063995	     -2.51447324	      0.93625887	     -1.50375114	     -2.67162781	      0.82826972	     -2.74903798	     -2.67162781	      0.57619421	     -2.74903798	     -2.20016408	      0.46815464	     -2.30560099	     -2.04300951	      0.28807190	     -1.75136129	     -1.88585493	      3.60110038	    -12.79002528	    -13.98474580	      0.00000000	      0.00000000	     28.36717280	     -6.27015731	    -18.61699163	      1.20596530	    -31.96610734	     34.18696742	     37.35745028	     65.17995333	      8.89692974	    -11.99444441	      1.68164177	    -72.44776518	    -16.81427782	     16.58399955	     67.15230865	    -15.28554274	      0.43925011
      2.09259259	     18.76340155	    -29.69001459	     99.33531949	      0.30053223	      0.80172895	      0.70075998	     54.40585176	     13.23511606	    -10.97411856	     38.51099002	      0.67214357	     47.86317053	     -1.64215376	      0.00000000	     61.85849413	    -10.76215041	     16.95512206	     49.98192552	      0.87234917	     49.51849277	     -8.25402747	      0.00000000	      0.45938130	     -1.22086886	     -2.24996017	      0.85311701	     -1.62375559	     -2.39058268	      0.75471754	     -2.96842055	     -2.39058268	      0.52502689	     -2.96842055	     -1.96871515	      0.42658148	     -2.48959579	     -1.82809264	      0.26249047	     -1.89112587	     -1.68747013	      3.28131469	    -13.81071276	    -12.51360347	      0.00000000	      0.00000000	     28.32065158	     -7.35854776	    -19.09463381	      0.09038877	    -32.19551629	     35.66812677	     34.30095843	     69.91667763	      3.39018577	    -12.86267122	      5.51180334	    -75.25595538	    -17.30469735	     16.74038925	     66.44190641	    -17.00119584	     -0.04847625
      2.11111111	     19.59501066	    -31.15298453	     99.26478026	      0.30643415	      0.79546998	      0.70695771	     57.13099982	     14.19770361	    -10.74736058	     39.42039106	      0.68801562	     48.02191337	     -2.14779372	      0.00000000	     64.86959097	    -11.77846900	     16.84554095	     51.35509093	      0.89631542	     50.02343450	     -7.32404590	      0.00000000	      0.43906474	     -1.31871699	     -1.95479486	      0.81538714	     -1.75389359	     -2.07696954	      0.72133947	     -3.20632848	     -2.07696954	      0.50180710	     -3.20632848	     -1.71044551	      0.40771552	     -2.68912768	     -1.58827083	      0.25088159	     -2.04269261	     -1.46609615	      3.13619556	    -14.91759029	    -10.87198260	      0.00000000	      0.00000000	     28.23185200	     -8.12893890	    -17.93016037	     -0.82262784	    -32.50927894	     38.49150824	     31.77083399	     75.99638058	     -3.87835329	    -12.78133113	      9.43039476	    -77.06622139	    -18.95479559	     17.65516643	     65.82057152	    -18.68228054	     -1.48122837
      2.12962963	     20.76890768	    -31.81055001	     99.64817302	      0.31059669	      0.79135970	      0.71229313	     58.75821978	     15.09248067	    -11.23024489	     39.80609711	      0.69474746	     48.03358029	     -2.31273854	      0.00000000	     66.98214438	    -12.51091957	     17.65960858	     52.46056254	      0.91560954	     50.37035654	     -7.19807846	      0.00000000	      0.29817105	     -1.33038471	     -1.74724792	      0.55373345	     -1.76941166	     -1.85645091	      0.48986521	     -3.23469738	     -1.85645091	      0.34077969	     -3.23469738	     -1.52884193	      0.27688163	     -2.71292050	     -1.41963893	      0.17037494	     -2.06076591	     -1.31043594	      2.12980596	    -15.04957790	     -9.71766875	      0.00000000	      0.00000000	     28.07315745	     -9.41718020	    -15.40379106	     -0.73337984	    -32.72024603	     42.97916885	     28.67166571	     86.12219108	    -14.49056610	    -12.48215383	     14.15385187	    -77.85267473	    -19.70591231	     17.72473569	     67.33684791	    -18.57795333	     -4.08373311
      2.14814815	     21.93322239	    -32.52169324	    100.05225388	      0.31409299	      0.78783507	      0.71648440	     60.21965843	     15.92747069	    -11.71203164	     40.02167400	      0.69850998	     47.94801775	     -2.48836948	      0.00000000	     68.99873282	    -13.20851259	     18.36060814	     53.44363871	      0.93276746	     50.88787757	     -6.81256096	      0.00000000	      0.20280491	     -1.31195892	     -1.57749710	      0.37662900	     -1.74490537	     -1.67609067	      0.33318819	     -3.18989692	     -1.67609067	      0.23178573	     -3.18989692	     -1.38030997	      0.18832464	     -2.67534663	     -1.28171640	      0.11588273	     -2.03222437	     -1.18312283	      1.44861521	    -14.84114172	     -8.77356564	      0.00000000	      0.00000000	     27.78235534	    -10.45819308	    -11.92741525	     -1.00165699	    -32.92850210	     47.24243800	     26.24061035	     87.14906933	    -20.50559039	    -11.97003470	     18.71705041	    -77.84732366	    -20.42598115	     17.36515555	     68.72804535	    -17.90659184	     -7.37279952
      2.16666667	     22.83507969	    -33.09420348	    100.43380682	      0.31726424	      0.78516589	      0.71948022	     61.32401011	     16.56141421	    -12.06278087	     40.12044316	      0.70023383	     47.88191534	     -2.64116005	      0.00000000	     70.57996417	    -13.71845441	     18.90267543	     54.16415376	      0.94534282	     51.37662994	     -6.37521297	      0.00000000	      0.11911250	     -1.30734983	     -1.55871918	      0.22120382	     -1.73877527	     -1.65613912	      0.19568992	     -3.17869037	     -1.65613912	      0.13613367	     -3.17869037	     -1.36387928	      0.11060786	     -2.66594777	     -1.26645933	      0.06806088	     -2.02508488	     -1.16903938	      0.85080865	    -14.78900272	     -8.66912844	      0.00000000	      0.00000000	     27.44739994	    -10.98336251	     -8.47485887	     -1.73002214	    -32.69593488	     46.74911911	     24.84547390	     86.80650439	    -21.41007058	    -12.25454655	     19.82924612	    -78.46325858	    -20.42844923	     16.60367175	     69.23502639	    -16.75548337	    -10.00457109
      2.18518519	     24.54383698	    -33.65228563	    101.52016314	      0.31924421	      0.78208335	      0.72185328	     62.56643652	     17.22319941	    -13.25659914	     40.04997134	      0.69900387	     47.90749223	     -2.62599594	      0.00000000	     72.51959437	    -14.14838846	     20.20299725	     54.95078323	      0.95907209	     51.85645319	     -5.96609027	      0.00000000	      0.06493237	     -1.19731682	     -1.65355949	      0.12058590	     -1.59243137	     -1.75690696	      0.10667739	     -2.91115611	     -1.75690696	      0.07421120	     -2.91115611	     -1.44686456	      0.06029620	     -2.44156845	     -1.34351709	      0.03710236	     -1.85464375	     -1.24016962	      0.46380541	    -13.54428730	     -9.19660183	      0.00000000	      0.00000000	     27.34192817	    -11.82055505	     -5.63915328	     -4.57942052	    -32.54953655	     35.67724012	     26.34937474	     86.06969746	    -15.22853230	    -12.02968990	     17.25079938	    -78.93136120	    -19.90981110	     16.08809124	     67.34194962	    -15.69162947	    -12.36414450
      2.20370370	     26.46117292	    -34.22120388	    102.78019984	      0.32134876	      0.77940849	      0.72324041	     63.81316655	     18.04131300	    -14.28417401	     39.74208224	      0.69363019	     47.86030891	     -3.02768687	      0.00000000	     74.48813138	    -14.66102943	     21.51264143	     55.57073703	      0.96989233	     52.32787162	     -5.35283366	      0.00000000	      0.03972598	     -1.06507110	     -1.86178712	      0.07377513	     -1.41654457	     -1.97814881	      0.06526582	     -2.58961388	     -1.97814881	      0.04540283	     -2.58961388	     -1.62906373	      0.03688955	     -2.17189300	     -1.51270203	      0.02269943	     -1.64979514	     -1.39634034	      0.28375873	    -12.04829734	    -10.35470142	      0.00000000	      0.00000000	     27.50535831	    -12.12901691	     -3.33247260	     -7.03952302	    -31.75158336	     24.23573698	     28.33511532	     84.97871410	     -7.57222378	    -10.16590256	      9.18048364	    -80.52017043	    -14.70696204	     15.74848472	     56.78176259	    -14.07915054	    -13.99822385
      2.22222222	     28.71567145	    -34.76242197	    104.51410167	      0.32301006	      0.77705737	      0.72385885	     65.08666011	     18.74108177	    -15.65583093	     39.22712880	      0.68464255	     47.83279294	     -3.35634568	      0.00000000	     76.52281966	    -14.99136973	     23.07665837	     55.99852773	      0.97735869	     52.62729102	     -4.75760258	      0.00000000	      0.02958123	     -0.91109633	     -2.09858214	      0.05493531	     -1.21175812	     -2.22974353	      0.04859901	     -2.21523963	     -2.22974353	      0.03380839	     -2.21523963	     -1.83625938	      0.02746913	     -1.85790764	     -1.70509799	      0.01690272	     -1.41128822	     -1.57393661	      0.21129580	    -10.30650395	    -11.67168431	      0.00000000	      0.00000000	     27.63872265	    -11.86729714	     -2.28603962	     -8.07632764	    -31.40879720	     19.96436885	     29.15345154	     80.73388271	     -2.15447302	     -9.00327488	      1.79064273	    -81.11218573	    -14.09364567	     16.24996278	     52.39977347	    -13.39728705	    -14.69959554
      2.24074074	     30.51630018	    -35.31461366	    106.12745344	      0.32523794	      0.77567960	      0.72369029	     66.15371041	     19.27762488	    -16.47944999	     38.53797509	      0.67261455	     47.74149664	     -3.90764940	      0.00000000	     78.21108603	    -15.22274671	     24.06061996	     56.09045825	      0.97896318	     52.75189361	     -3.96121002	      0.00000000	      0.02459074	     -0.83378682	     -2.26722481	      0.04566746	     -1.10893647	     -2.40892636	      0.04040012	     -2.02726928	     -2.40892636	      0.02810475	     -2.02726928	     -1.98382171	      0.02283496	     -1.70025809	     -1.84212016	      0.01405115	     -1.29153579	     -1.70041861	      0.17564917	     -9.43196328	    -12.60962424	      0.00000000	      0.00000000	     27.68264541	    -10.95867424	     -2.82701959	     -8.51935494	    -31.26312215	     20.04369863	     29.45519879	     78.83913982	      0.13687676	     -8.74024414	      0.00373731	    -81.36665806	    -13.08279817	     16.82092968	     53.22651563	    -12.53883121	    -14.84860800
      2.25925926	     32.88915428	    -35.76070974	    108.16722523	      0.32639893	      0.77405679	      0.72309828	     67.23569572	     19.79086515	    -18.03461606	     37.66714645	      0.65741573	     47.74436967	     -3.82099367	      0.00000000	     80.04469177	    -15.30081214	     25.68645326	     56.20227609	      0.98091476	     52.73992526	     -3.36888136	      0.00000000	      0.06628630	     -0.68669138	     -2.65707183	      0.12310029	     -0.91329953	     -2.82313882	      0.10890176	     -1.66962141	     -2.82313882	      0.07575861	     -1.66962141	     -2.32493785	      0.06155346	     -1.40030106	     -2.15887086	      0.03787599	     -1.06368494	     -1.99280387	      0.47347640	     -7.76799020	    -14.77783637	      0.00000000	      0.00000000	     27.77426402	     -9.83415103	     -1.30671697	     -6.56345614	    -33.11844491	     30.08293328	     29.57664448	     67.71306587	      1.93282210	     -8.97026412	    -13.52334100	    -78.00027911	    -41.05428114	     21.33487269	     70.12718472	    -11.69133624	    -12.07846999
      2.27777778	     33.47589165	    -36.30898497	    108.82513214	      0.32924834	      0.77395245	      0.72241452	     67.78085896	     20.06086282	    -18.01628655	     37.03158529	      0.64632309	     47.70030322	     -3.84861649	      0.00000000	     80.83441986	    -15.48323296	     25.73524203	     55.93030818	      0.97616803	     52.60984762	     -2.69058098	      0.00000000	      0.09309462	     -0.73067059	     -2.72439223	      0.17288601	     -0.97179188	     -2.89466675	      0.15294515	     -1.77655247	     -2.89466675	      0.10639784	     -1.77655247	     -2.38384320	      0.08644766	     -1.48998346	     -2.21356869	      0.05319426	     -1.13180874	     -2.04329417	      0.66496554	     -8.26549183	    -15.15225228	      0.00000000	      0.00000000	     27.76332940	     -9.02330865	     -1.41311420	     -6.59930494	    -33.12957563	     31.97594791	     30.50190150	     68.61562828	      2.89076982	     -8.16260097	    -13.77088353	    -77.71928358	    -40.46321461	     22.24871737	     70.88053374	    -11.11108957	    -12.28811604
      2.29629630	     34.00580242	    -36.46981785	    109.31776351	      0.33143085	      0.77414399	      0.72154273	     67.94777727	     20.44886269	    -17.98470148	     36.43726196	      0.63595019	     47.60854323	     -3.89114483	      0.00000000	     81.31869796	    -15.76564789	     25.80763292	     55.82233941	      0.97428362	     52.62020156	     -1.83365963	      0.00000000	      0.10089582	     -0.74714332	     -2.86313752	      0.18737363	     -0.99370062	     -3.04208361	      0.16576175	     -1.81660427	     -3.04208361	      0.11531384	     -1.81660427	     -2.50524533	      0.09369186	     -1.52357466	     -2.32629923	      0.05765187	     -1.15732500	     -2.14735314	      0.72068877	     -8.45183467	    -15.92391193	      0.00000000	      0.00000000	     27.70860554	     -8.82492101	     -0.38486525	     -5.11050927	    -33.59080967	     37.13963728	     30.98626699	     73.16884104	      1.52734021	     -7.90430881	    -15.22896235	    -75.78025448	    -47.93477766	     24.03529928	     79.46061798	     -9.61747994	    -10.46664993
      2.31481481	     33.84687641	    -36.54756973	    109.19059386	      0.33409165	      0.77493913	      0.72051262	     67.73839150	     20.81333790	    -17.45765914	     35.91369539	      0.62681223	     47.48746003	     -3.90515974	      0.00000000	     81.27866623	    -16.13896742	     25.40295068	     55.60063294	      0.97041411	     52.69153293	     -1.10334865	      0.00000000	      0.10452892	     -0.81473915	     -2.87822754	      0.19412066	     -1.08360307	     -3.05811676	      0.17173057	     -1.98095677	     -3.05811676	      0.11946611	     -1.98095677	     -2.51844910	      0.09706556	     -1.66141608	     -2.33855988	      0.05972783	     -1.26203094	     -2.15867066	      0.74663965	     -9.21649221	    -16.00783812	      0.00000000	      0.00000000	     27.63962967	     -9.04148370	      0.28543868	     -4.78223236	    -33.29243371	     38.74779284	     31.99282231	     76.09296307	      0.35597487	     -6.33049852	    -14.79537329	    -75.03626416	    -47.34523930	     24.54793092	     80.00739510	     -9.54625595	     -8.65909788
      2.33333333	     33.87320435	    -36.51075665	    109.38271603	      0.33603415	      0.77557134	      0.71933178	     67.54025848	     21.00031729	    -17.25680397	     35.48283498	      0.61929230	     47.38916227	     -3.91494474	      0.00000000	     81.25467827	    -16.36633167	     25.10407836	     55.30763119	      0.96530027	     52.85431565	     -0.22254377	      0.00000000	      0.11728667	     -0.84235248	     -2.92102070	      0.21781308	     -1.12032879	     -3.10358450	      0.19269027	     -2.04809581	     -3.10358450	      0.13404694	     -2.04809581	     -2.55589312	      0.10891240	     -1.71772517	     -2.37332932	      0.06701760	     -1.30480399	     -2.19076553	      0.83776697	     -9.52885968	    -16.24584085	      0.00000000	      0.00000000	     27.54894478	     -9.44038223	      0.82535449	     -5.22619640	    -32.50549111	     36.59933394	     32.87212347	     82.53228232	     -1.02365089	     -4.96592669	    -13.72424211	    -74.08419695	    -46.15813183	     25.00311789	     80.81539245	     -9.59481695	     -5.79232725
      2.35185185	     34.06898765	    -36.20106032	    109.66130106	      0.33719385	      0.77638174	      0.71803924	     67.11551967	     21.24036318	    -17.31679757	     34.97985012	      0.61051356	     47.27899160	     -3.92314099	      0.00000000	     81.12378713	    -16.60866746	     25.01235881	     55.06731913	      0.96110603	     53.13101811	      0.63702576	      0.00000000	      0.10640829	     -0.82462886	     -3.00641483	      0.19761084	     -1.09675638	     -3.19431576	      0.17481818	     -2.00500260	     -3.19431576	      0.12161403	     -2.00500260	     -2.63061298	      0.09881074	     -1.68158316	     -2.44271205	      0.06080170	     -1.27735010	     -2.25481113	      0.76006377	     -9.32836654	    -16.72077738	      0.00000000	      0.00000000	     27.44752674	     -9.28567884	      1.63085994	     -5.18084779	    -31.94361205	     35.66568236	     33.34956438	     83.48307913	     -1.17935887	     -4.10285665	    -13.59496861	    -73.07525459	    -44.71232830	     25.63344460	     80.51863523	     -9.73816036	     -2.38411028
      2.37037037	     34.71121493	    -35.86583258	    110.21336869	      0.33750247	      0.77683758	      0.71678322	     66.81482515	     21.54354249	    -17.80136799	     34.39175854	      0.60024942	     47.15312333	     -3.95425616	      0.00000000	     81.21180924	    -16.79956369	     25.39662843	     54.83255576	      0.95700864	     53.38497129	      1.21691545	      0.00000000	      0.11066676	     -0.73817896	     -3.08577100	      0.20551923	     -0.98177801	     -3.27863169	      0.18181441	     -1.79480832	     -3.27863169	      0.12648104	     -1.79480832	     -2.70004962	      0.10276515	     -1.50529453	     -2.50718894	      0.06323498	     -1.14343920	     -2.31432825	      0.79048157	     -8.35042800	    -17.16213256	      0.00000000	      0.00000000	     27.42064267	     -9.15514916	      2.18328163	     -5.70060873	    -31.38844167	     32.63561811	     33.96322087	     84.81879791	     -0.99490554	     -3.61359974	    -12.94078172	    -71.73907598	    -42.37072375	     26.66827874	     80.16744049	     -9.86444619	      0.15172579
      2.38888889	     35.00775313	    -35.37201897	    110.49228199	      0.33779626	      0.77812429	      0.71521040	     66.13741831	     21.84350655	    -18.01266244	     33.71167754	      0.58837977	     46.95597113	     -4.05351135	      0.00000000	     80.86513220	    -17.00076276	     25.61141296	     54.47811658	      0.95082250	     53.50978392	      1.51431583	      0.00000000	      0.08132015	     -0.68416861	     -3.21069431	      0.15101965	     -0.90994425	     -3.41136271	      0.13360088	     -1.66348756	     -3.41136271	      0.09294080	     -1.66348756	     -2.80935752	      0.07551389	     -1.39515663	     -2.60868913	      0.04646633	     -1.05977718	     -2.40802073	      0.58086170	     -7.73945216	    -17.85691855	      0.00000000	      0.00000000	     27.50366532	     -8.30929182	      2.18544394	     -5.38302154	    -30.51161151	     31.21628795	     33.82176859	     84.97555520	     -0.97620122	     -3.65822810	    -13.02834017	    -70.64858088	    -40.77167352	     27.37705507	     80.41037291	     -9.25790405	     -0.19656408
      2.40740741	     35.55584496	    -35.12417631	    110.80159445	      0.33782725	      0.77875558	      0.71371447	     65.83258706	     22.23896025	    -18.28333342	     33.12649390	      0.57816639	     46.78318693	     -4.30453754	      0.00000000	     80.88290860	    -17.28250095	     25.96266974	     54.24852763	      0.94681542	     53.62372688	      1.72971680	      0.00000000	      0.10356247	     -0.58879883	     -3.15262243	      0.19232587	     -0.78310245	     -3.34966133	      0.17014278	     -1.43160549	     -3.34966133	      0.11836155	     -1.43160549	     -2.75854463	      0.09616811	     -1.20067858	     -2.56150573	      0.05917560	     -0.91204940	     -2.36446682	      0.73973638	     -6.66061018	    -17.53394018	      0.00000000	      0.00000000	     27.71100587	     -8.64227524	      2.10533585	     -7.09839025	    -29.27551342	     23.82361600	     34.77304261	     86.01822810	      2.17361513	     -2.26826719	     -8.73117728	    -69.98238931	    -32.67452746	     26.82507611	     79.99030590	     -9.60146209	     -2.72384303
      2.42592593	     35.25278569	    -34.98739676	    110.52570230	      0.33876868	      0.78041574	      0.71151037	     65.14845512	     22.51679298	    -17.68767493	     32.49852947	      0.56720634	     46.54608814	     -4.70062493	      0.00000000	     80.30535140	    -17.60437667	     25.58143675	     53.78653373	      0.93875211	     53.62360061	      1.89562908	      0.00000000	      0.12985272	     -0.61322969	     -3.24504851	      0.24114949	     -0.81559548	     -3.44786404	      0.21333504	     -1.49100666	     -3.44786404	      0.14840868	     -1.49100666	     -2.83941744	      0.12058124	     -1.25049798	     -2.63660191	      0.07419785	     -0.94989278	     -2.43378638	      0.92752501	     -6.93697686	    -18.04798628	      0.00000000	      0.00000000	     27.89616586	     -7.73811111	      1.89296365	     -6.71374038	    -28.12763422	     22.94031694	     34.63361440	     86.02679882	      2.58136167	     -2.60679924	     -8.46024724	    -69.57711058	    -29.66504392	     26.48755660	     80.82739050	     -9.64836633	     -6.08851753
      2.44444444	     34.47045531	    -34.88200901	    109.86830064	      0.34017728	      0.78265890	      0.70890598	     64.18131917	     22.75673446	    -16.65582702	     31.79583301	      0.55494197	     46.23938050	     -5.13275535	      0.00000000	     79.35516241	    -17.99001265	     24.76115016	     53.22074238	      0.92887718	     53.62891346	      2.03223097	      0.00000000	      0.14956777	     -0.69496869	     -3.21183554	      0.27776230	     -0.92430836	     -3.41257527	      0.24572488	     -1.68974688	     -3.41257527	      0.17094100	     -1.68974688	     -2.81035610	      0.13888863	     -1.41718016	     -2.60961638	      0.08546302	     -1.07650651	     -2.40887666	      1.06834760	     -7.86162485	    -17.86326575	      0.00000000	      0.00000000	     28.00853768	     -7.10579945	      1.20785674	     -7.01290408	    -26.72822433	     20.82413131	     35.10667218	     86.06212332	      3.69032260	     -2.19551986	     -5.73617107	    -69.82631065	    -22.86341013	     25.43153555	     80.63623315	    -10.59573008	     -9.53865359
      2.46296296	     33.65398359	    -34.70222061	    109.27971865	      0.34138304	      0.78524780	      0.70620372	     63.04556821	     22.85686596	    -15.85350529	     30.96790116	      0.54049184	     45.97500215	     -5.21833968	      0.00000000	     78.27419386	    -18.24542965	     23.99969693	     52.60251029	      0.91808700	     53.50467435	      2.10653315	      0.00000000	      0.16682075	     -0.77933003	     -3.28852213	      0.30980281	     -1.03650894	     -3.49405476	      0.27406981	     -1.89486304	     -3.49405476	      0.19065943	     -1.89486304	     -2.87745687	      0.15490975	     -1.58920980	     -2.67192423	      0.09532138	     -1.20718222	     -2.46639160	      1.19158393	     -8.81593720	    -18.28977354	      0.00000000	      0.00000000	     28.07881918	     -6.27841820	      1.48389270	     -6.47592275	    -25.62745131	     20.53572672	     35.47002691	     85.77035958	      5.01393666	     -1.61138588	     -5.47024643	    -69.34138645	    -21.69468627	     25.02784269	     81.72578900	    -10.64912354	    -12.16808133
      2.48148148	     31.98880016	    -34.59984124	    108.05226159	      0.34312748	      0.78839110	      0.70350229	     61.71780799	     22.81281579	    -13.96587459	     30.40805706	      0.53072071	     45.63903093	     -5.99038677	      0.00000000	     76.66993641	    -18.47399657	     22.45096954	     51.85247748	      0.90499646	     53.32745123	      2.14793005	      0.00000000	      0.17596662	     -0.94807152	     -3.16423328	      0.32678761	     -1.26093512	     -3.36199786	      0.28909556	     -2.30514108	     -3.36199786	      0.20111225	     -2.30514108	     -2.76870412	      0.16340260	     -1.93330743	     -2.57093954	      0.10054733	     -1.46856278	     -2.37317496	      1.25691196	    -10.72477460	    -17.59851626	      0.00000000	      0.00000000	     28.09565886	     -6.42861971	      1.05651951	     -7.26819922	    -23.89250966	     16.95275984	     36.89399439	     85.54127672	      7.42783928	      0.47367879	     -1.71382445	    -69.49104148	    -16.01073582	     24.27840298	     82.07000523	    -11.32472042	    -13.41728957
      2.50000000	     30.47166423	    -34.36858501	    106.96924033	      0.34437872	      0.79170136	      0.70071758	     60.28384580	     22.67494691	    -12.50071384	     29.76188535	      0.51944289	     45.29493946	     -6.43525963	      0.00000000	     75.01825991	    -18.61869063	     21.05723438	     51.08112854	      0.89153388	     53.09441445	      2.06340107	      0.00000000	      0.17979375	     -1.08601585	     -3.10553121	      0.33389498	     -1.44440108	     -3.29962691	      0.29538316	     -2.64053893	     -3.29962691	      0.20548628	     -2.64053893	     -2.71733981	      0.16695648	     -2.21460352	     -2.52324411	      0.10273415	     -1.68223855	     -2.32914840	      1.28424880	    -12.28522848	    -17.27203291	      0.00000000	      0.00000000	     28.08307007	     -6.93152146	      1.70334622	     -7.58259476	    -22.51470523	     14.60217527	     38.31508621	     84.38088439	      9.43593014	      2.61674789	     -0.14042975	    -68.87500222	    -15.09537511	     24.63227313	     83.08214350	    -10.83767460	    -12.91224948
      2.51851852	     28.91605000	    -34.05986732	    105.81825401	      0.34515947	      0.79525372	      0.69794329	     58.78051749	     22.48117929	    -11.02297845	     29.15115676	      0.50878367	     44.84575988	     -6.92416020	      0.00000000	     73.23587806	    -18.71112198	     19.64693791	     50.30538328	      0.87799457	     52.83827357	      1.80672892	      0.00000000	      0.16413961	     -1.21632044	     -2.96034648	      0.30482366	     -1.61770619	     -3.14536813	      0.26966496	     -2.95736152	     -3.14536813	      0.18759516	     -2.95736152	     -2.59030317	      0.15242004	     -2.48032064	     -2.40528151	      0.09378937	     -1.88408036	     -2.22025986	      1.17243279	    -13.75926010	    -16.46455900	      0.00000000	      0.00000000	     28.03525383	     -7.98567623	      2.17756314	     -8.06409700	    -21.22746500	     12.16443981	     39.72807121	     83.25703386	     11.06174761	      4.17012335	      2.36873523	    -67.96347171	    -13.93167424	     25.49933892	     84.32092210	    -10.38048551	    -11.14995695
      2.53703704	     27.56963766	    -33.71522600	    104.70982581	      0.34548253	      0.79879107	      0.69517545	     57.30392410	     22.29842345	     -9.90914888	     28.50128561	      0.49744128	     44.40238795	     -7.02935534	      0.00000000	     71.50526142	    -18.79387958	     18.50455463	     49.57658217	      0.86527459	     52.62548359	      1.26423158	      0.00000000	      0.14787231	     -1.31800771	     -2.79592136	      0.27461366	     -1.75295025	     -2.97066644	      0.24293941	     -3.20460394	     -2.97066644	      0.16900326	     -3.20460394	     -2.44643119	      0.13731422	     -2.68768132	     -2.27168610	      0.08449424	     -2.04159394	     -2.09694102	      1.05623710	    -14.90956681	    -15.55007580	      0.00000000	      0.00000000	     27.95253933	     -9.10246485	      2.83887308	     -8.18398813	    -20.33580436	     11.08239329	     40.60885358	     81.99581438	     12.10606160	      4.33545265	      4.21255391	    -66.66956732	    -13.48992270	     26.91106753	     84.88349854	    -10.30424843	     -9.36146695
      2.55555556	     26.38934462	    -33.45335208	    103.81917608	      0.34582109	      0.80207605	      0.69257177	     55.96466706	     22.07095536	     -8.86857730	     27.71224106	      0.48366985	     43.87980480	     -7.11340214	      0.00000000	     70.00386490	    -18.81766789	     17.39809057	     48.87951309	      0.85310844	     52.40710611	      0.88644111	      0.00000000	      0.14726686	     -1.41081038	     -2.64497329	      0.27348929	     -1.87637780	     -2.81028412	      0.24194473	     -3.43024435	     -2.81028412	      0.16831130	     -3.43024435	     -2.31435163	      0.13675201	     -2.87692452	     -2.14904080	      0.08414828	     -2.18534527	     -1.98372997	      1.05191246	    -15.95936914	    -14.71054794	      0.00000000	      0.00000000	     27.84348572	    -10.29945496	      2.73189188	     -8.24839252	    -19.54687927	     10.52838971	     41.27794927	     81.00531650	     12.63166781	      3.94499002	      5.55605220	    -65.38641257	    -13.02824545	     28.58131289	     85.47846232	    -10.11317600	     -8.43156386
      2.57407407	     24.38007558	    -33.15801736	    102.11407905	      0.34724084	      0.80591973	      0.68986324	     54.47791896	     21.83499879	     -6.51903073	     27.34107257	      0.47719174	     43.29289299	     -8.10293109	      0.00000000	     67.93477409	    -18.93669481	     15.39504008	     48.03997403	      0.83845572	     52.29148835	      0.67587535	      0.00000000	      0.12657692	     -1.61263543	     -2.34609437	      0.23506600	     -2.14480512	     -2.49272527	      0.20795322	     -3.92096178	     -2.49272527	      0.14466476	     -3.92096178	     -2.05283257	      0.11753933	     -3.28848617	     -1.90620167	      0.07232605	     -2.49797228	     -1.75957078	      0.90412628	    -18.24245451	    -13.04827305	      0.00000000	      0.00000000	     27.73357365	    -10.36810623	      0.79001961	     -8.38789277	    -18.27796476	     10.31250621	     41.56826019	     79.79443317	     12.19603552	      3.02630629	      8.12857427	    -64.86101076	    -10.64273466	     30.42637798	     86.29360174	     -8.95366056	     -7.27187651
      2.59259259	     23.66203007	    -32.87058523	    101.53930776	      0.34696359	      0.80863617	      0.68756598	     53.40426022	     21.65405323	     -5.96572876	     26.67050472	      0.46548812	     42.91150679	     -7.89251391	      0.00000000	     66.80082774	    -18.87356528	     14.87045808	     47.51760087	      0.82933859	     52.17438414	      0.23654569	      0.00000000	      0.12990987	     -1.65260270	     -2.18887769	      0.24125563	     -2.19796160	     -2.32568255	      0.21342893	     -4.01813821	     -2.32568255	      0.14847399	     -4.01813821	     -1.91526798	      0.12063431	     -3.36998743	     -1.77846313	      0.07423050	     -2.55988159	     -1.64165827	      0.92793323	    -18.69457230	    -12.17388107	      0.00000000	      0.00000000	     27.69855146	    -10.58907025	      0.53487355	     -8.28194712	    -17.65162947	     10.18693585	     41.55191789	     79.22353425	     11.59986857	      1.63235841	      9.27352752	    -63.21341412	    -10.08781252	     32.48306471	     86.09371111	     -8.03058299	     -5.91126139
      2.61111111	     22.60363520	    -32.71640619	    100.89717468	      0.34671173	      0.81140469	      0.68512086	     52.43616259	     21.17600002	     -5.20041421	     26.17849895	      0.45690100	     42.60155510	     -7.70535502	      0.00000000	     65.59819652	    -18.57065551	     14.02543211	     46.82228316	      0.81720300	     52.03500224	     -0.01645417	      0.00000000	      0.13778856	     -1.73942724	     -2.02618071	      0.25588713	     -2.31343823	     -2.15281700	      0.22637283	     -4.22924338	     -2.15281700	      0.15747855	     -4.22924338	     -1.77290812	      0.12795046	     -3.54704002	     -1.64627183	      0.07873238	     -2.69437279	     -1.51963553	      0.98420990	    -19.67674879	    -11.26900925	      0.00000000	      0.00000000	     27.68966932	     -9.93921753	     -0.46427293	     -8.21205744	    -17.01932036	     10.87137660	     41.36987038	     78.44861504	     10.13636421	     -0.29974803	     10.91976111	    -61.93130047	     -9.12719691	     34.72365874	     85.70038478	     -5.73575998	     -2.63006971
      2.62962963	     21.95710077	    -32.52314366	    100.70204976	      0.34604040	      0.81419785	      0.68241057	     51.41073099	     20.75798204	     -4.81711708	     25.31937194	      0.44190640	     42.22528302	     -7.45061710	      0.00000000	     64.61655590	    -18.20124189	     13.66318622	     46.11774814	      0.80490655	     51.77383354	     -0.21639020	      0.00000000	      0.14710081	     -1.78075903	     -1.95279819	      0.27318092	     -2.36840951	     -2.07484808	      0.24167193	     -4.32973750	     -2.07484808	      0.16812152	     -4.32973750	     -1.70869842	      0.13659782	     -3.63132381	     -1.58664853	      0.08405341	     -2.75839574	     -1.46459865	      1.05072640	    -20.14430229	    -10.86087772	      0.00000000	      0.00000000	     27.70530825	     -8.61719456	     -0.40043476	     -7.97809812	    -16.45386062	     11.51856308	     41.06879329	     77.95916339	      8.72722942	     -1.74494428	     12.19556989	    -60.56091098	     -8.10475286	     36.43472910	     85.10093896	     -4.16089097	      0.13202258
      2.64814815	     21.07798785	    -32.37795472	    100.30242580	      0.34538081	      0.81719766	      0.67965870	     50.34445784	     20.23831782	     -4.26104076	     24.51088661	      0.42779567	     41.90605643	     -7.16327576	      0.00000000	     63.52438785	    -17.77150640	     13.12337775	     45.33339445	      0.79121699	     51.35606920	     -0.38806367	      0.00000000	      0.16825365	     -1.84614388	     -1.87748835	      0.31246385	     -2.45537137	     -1.99483137	      0.27642392	     -4.48871424	     -1.99483137	      0.19229710	     -4.48871424	     -1.64280230	      0.15624034	     -3.76465661	     -1.52545928	      0.09614014	     -2.85967688	     -1.40811626	      1.20181900	    -20.88394885	    -10.44202694	      0.00000000	      0.00000000	     27.72498916	     -7.43342223	     -0.29788086	     -7.67221169	    -16.20516972	     13.22832832	     41.01570772	     78.16361092	      6.64540358	     -3.41545226	     13.52089227	    -59.49930986	     -6.18578273	     37.62921799	     84.64449337	     -2.37139447	      2.41088102
      2.66666667	     20.40361017	    -31.95116184	    100.17210490	      0.34429270	      0.82045621	      0.67647176	     48.94381076	     19.77451110	     -3.89793496	     23.53191430	      0.41070938	     41.53384323	     -7.00002249	      0.00000000	     62.23791947	    -17.28259396	     12.91263873	     44.54168068	      0.77739898	     50.87038967	     -0.65283267	      0.00000000	      0.16364923	     -1.88235786	     -1.88605262	      0.30391299	     -2.50353595	     -2.00393091	      0.26885932	     -4.57676490	     -2.00393091	      0.18703471	     -4.57676490	     -1.65029604	      0.15196468	     -3.83850415	     -1.53241776	      0.09350917	     -2.91577232	     -1.41453947	      1.16893010	    -21.29360858	    -10.48965887	      0.00000000	      0.00000000	     27.71195021	     -6.26255878	      0.66552558	     -7.29947342	    -16.08597943	     14.69458298	     41.38977786	     79.84277911	      4.81187759	     -4.63803862	     14.12808972	    -58.35994853	     -3.98869420	     37.79536381	     85.10194069	     -1.18479390	      1.68679978
      2.68518519	     19.77971099	    -31.44815985	    100.13907181	      0.34323656	      0.82400634	      0.67286543	     47.23729916	     19.31778389	     -3.73318281	     22.18761591	      0.38724695	     40.95753132	     -6.80968785	      0.00000000	     60.82994547	    -16.76370684	     12.82795375	     43.68113802	      0.76237968	     50.30746043	     -1.01000474	      0.00000000	      0.15731403	     -1.92828132	     -1.92480041	      0.29214788	     -2.56461416	     -2.04510044	      0.25845121	     -4.68842321	     -2.04510044	      0.17979420	     -4.68842321	     -1.68420036	      0.14608180	     -3.93215128	     -1.56390033	      0.08988923	     -2.98690777	     -1.44360031	      1.12367836	    -21.81310399	    -10.70516244	      0.00000000	      0.00000000	     27.69501439	     -5.35861991	      0.86091813	     -6.93991142	    -15.68589617	     15.67715867	     41.79845800	     81.92203541	      3.35063337	     -5.78231745	     14.08000811	    -56.97644337	     -2.34186518	     37.40599395	     85.92433995	     -0.74589849	     -0.45707926
      2.70370370	     18.64750320	    -30.95630898	     99.69899327	      0.34211134	      0.82738999	      0.66898926	     45.60111298	     18.59515488	     -3.29771242	     21.41486223	      0.37375985	     40.61908408	     -6.67507461	      0.00000000	     59.08991637	    -16.02327219	     12.39794559	     42.77638659	      0.74658879	     49.71901452	     -1.73608526	      0.00000000	      0.16059217	     -2.03177885	     -1.94216101	      0.29823572	     -2.70226587	     -2.06354608	      0.26383688	     -4.94006709	     -2.06354608	      0.18354079	     -4.94006709	     -1.69939089	      0.14912589	     -4.14320343	     -1.57800582	      0.09176237	     -3.14722544	     -1.45662076	      1.14709382	    -22.98388870	    -10.80171691	      0.00000000	      0.00000000	     27.74610628	     -4.65243321	     -0.05422537	     -6.79062506	    -15.08034398	     16.48339884	     42.48155827	     84.69488952	      1.37446471	     -8.05918253	     13.60577641	    -55.58790094	     -0.66086183	     36.33692980	     86.81192431	     -1.48565677	     -3.99715973
      2.72222222	     17.69143742	    -30.46388213	     99.49477323	      0.34085911	      0.83053897	      0.66522349	     43.95906786	     17.86904860	     -3.08378985	     20.46088184	      0.35710976	     40.22142188	     -6.51764785	      0.00000000	     57.48109439	    -15.29317538	     11.99913339	     41.89571374	      0.73121815	     49.20416618	     -2.19788594	      0.00000000	      0.16876656	     -2.12989722	     -1.98298268	      0.31341638	     -2.83276330	     -2.10691910	      0.27726658	     -5.17863210	     -2.10691910	      0.19288330	     -5.17863210	     -1.73510984	      0.15671663	     -4.34328641	     -1.61117343	      0.09643321	     -3.29921080	     -1.48723701	      1.20548267	    -24.09382334	    -11.02875476	      0.00000000	      0.00000000	     27.82558622	     -4.08701560	     -1.96035537	     -6.71917099	    -14.27635348	     17.02013116	     43.17492440	     85.67307146	      0.20582394	     -9.92283418	     12.55394280	    -54.00971986	      0.22036725	     35.63111803	     87.25282692	     -3.35695776	     -5.89318435
      2.74074074	     17.07371751	    -29.80336086	     99.75571881	      0.33905399	      0.83343385	      0.66162192	     42.24486400	     17.20853171	     -3.27809759	     19.37718615	      0.33819570	     39.84644396	     -6.49375404	      0.00000000	     55.94771772	    -14.55919838	     11.85758611	     41.06006696	      0.71663336	     48.79099070	     -2.38810571	      0.00000000	      0.15498940	     -2.19423369	     -2.06676829	      0.28783081	     -2.91833080	     -2.19594131	      0.25463209	     -5.33505979	     -2.19594131	      0.17713739	     -5.33505979	     -1.80842226	      0.14392316	     -4.47448134	     -1.67924924	      0.08856094	     -3.39886798	     -1.55007622	      1.10707379	    -24.82161032	    -11.49474522	      0.00000000	      0.00000000	     27.87827001	     -3.55565578	     -4.30763576	     -6.58183081	    -13.40483506	     17.50715264	     43.67213592	     85.94010472	     -0.68061591	    -11.29760820	     11.13719587	    -52.04021685	     -0.11149374	     35.27665612	     87.58526169	     -5.21723867	     -6.52798705
      2.75925926	     16.47331917	    -29.02054743	    100.16009703	      0.33700905	      0.83633565	      0.65824378	     40.51593064	     16.50387603	     -3.52403886	     18.44220963	      0.32187728	     39.49474114	     -6.51814692	      0.00000000	     54.33410904	    -13.74290260	     11.82369026	     40.20489017	      0.70170771	     48.41958692	     -2.63871476	      0.00000000	      0.12395968	     -2.26559266	     -2.17517078	      0.23020552	     -3.01323824	     -2.31111895	      0.20365336	     -5.50856200	     -2.31111895	      0.14167352	     -5.50856200	     -1.90327443	      0.11510896	     -4.61999656	     -1.76732626	      0.07083056	     -3.50940304	     -1.63137808	      0.88543159	    -25.62883733	    -12.09764730	      0.00000000	      0.00000000	     27.88645681	     -2.68222154	     -7.61625994	     -6.10249968	    -12.46544754	     18.94757569	     43.48772527	     86.08910423	     -2.01560919	    -12.90548591	      9.21456639	    -50.00614622	     -1.41237167	     35.75060579	     87.79663585	     -7.76569753	     -6.01403347
      2.77777778	     15.76755269	    -28.26426329	    100.40852737	      0.33493251	      0.83891106	      0.65454214	     38.91454894	     15.80528725	     -3.44754270	     17.85137271	      0.31156523	     39.31785825	     -6.71776879	      0.00000000	     52.65428668	    -12.93177007	     11.70975135	     39.37136514	      0.68715995	     48.14714373	     -3.04781891	      0.00000000	      0.14002088	     -2.34863312	     -2.41199740	      0.26003278	     -3.12368204	     -2.56274724	      0.23004031	     -5.71046656	     -2.56274724	      0.16002987	     -5.71046656	     -2.11049773	      0.13002339	     -4.78933265	     -1.95974789	      0.08000793	     -3.63803270	     -1.80899805	      1.00015515	    -26.56820753	    -13.41480594	      0.00000000	      0.00000000	     27.83176462	     -0.87711741	     -9.87230125	     -4.55244778	    -12.03889017	     24.41702655	     42.20705115	     84.16698398	     -5.13487083	    -15.28372523	      4.70086198	    -47.85258856	     -6.90845225	     38.35604732	     88.19169577	     -9.06928146	     -2.44423980
      2.79629630	     15.56290948	    -27.33806889	    101.08218540	      0.33203276	      0.84144642	      0.65110732	     37.14192051	     15.40713278	     -3.50202869	     16.87013219	      0.29443935	     38.93777619	     -7.09608622	      0.00000000	     51.09800646	    -12.29213134	     12.04203618	     38.65295757	      0.67462138	     47.86701402	     -3.41133770	      0.00000000	      0.11513541	     -2.36058214	     -2.54846776	      0.21381796	     -3.13957424	     -2.70774699	      0.18915596	     -5.73951940	     -2.70774699	      0.13158826	     -5.73951940	     -2.22990929	      0.10691474	     -4.81369909	     -2.07063005	      0.06578837	     -3.65654173	     -1.91135082	      0.82240070	    -26.70337723	    -14.17381312	      0.00000000	      0.00000000	     27.60229803	      0.58441699	    -11.96799080	     -3.71342986	    -11.49899924	     27.72345140	     41.10603475	     83.01349490	     -6.22928639	    -16.21014034	      2.64460047	    -45.60931740	     -8.71160909	     39.41530256	     88.12488061	    -10.79956241	      0.49179994
      2.81481481	     15.63130489	    -26.34431502	    101.78793614	      0.32873147	      0.84399567	      0.64730726	     35.25600108	     15.27606970	     -3.81544943	     15.64292106	      0.27302048	     38.47541147	     -7.23383319	      0.00000000	     49.48194971	    -11.97303247	     12.48638678	     37.88271003	      0.66117802	     47.74765891	     -3.35393656	      0.00000000	      0.10014614	     -2.31577340	     -2.56352584	      0.18598141	     -3.07997863	     -2.72374621	      0.16453010	     -5.63057145	     -2.72374621	      0.11445703	     -5.63057145	     -2.24308511	      0.09299571	     -4.72232512	     -2.08286475	      0.05722351	     -3.58713300	     -1.92264438	      0.71533390	    -26.19649189	    -14.25756168	      0.00000000	      0.00000000	     26.85988176	      1.81268560	    -12.95019216	     -3.61676499	    -11.18957888	     29.52075938	     40.40526165	     83.29773623	     -5.95754556	    -15.86990682	      2.25098602	    -43.45113356	     -8.02720231	     38.54112395	     88.01994455	    -11.22488461	      1.07671298
      2.83333333	     15.50829619	    -24.90994132	    102.59670049	      0.32449705	      0.84758717	      0.64306876	     32.70385402	     15.04693941	     -3.71764153	     14.01105984	      0.24453913	     37.98969547	     -7.81421562	      0.00000000	     47.32484877	    -11.22484368	     13.61078984	     37.16303441	      0.64861731	     47.25167586	     -4.64742560	      0.00000000	      0.02924594	     -2.26148876	     -2.69352054	      0.05431264	     -3.00778005	     -2.86186557	      0.04804816	     -5.49858378	     -2.86186557	      0.03342519	     -5.49858378	     -2.35683047	      0.02715778	     -4.61162788	     -2.18848544	      0.01671113	     -3.50304609	     -2.02014040	      0.20890086	    -25.58241317	    -14.98055319	      0.00000000	      0.00000000	     25.78210844	      2.88614309	    -12.87927811	     -2.43962905	    -11.33605023	     34.33960067	     38.88030924	     83.21151145	     -6.00329615	    -15.71899406	      1.65323037	    -42.31343676	     -4.33316761	     36.63819504	     87.99089631	    -12.83767126	     -0.68046203
      2.85185185	     15.47945118	    -23.80623212	    103.31060910	      0.31982785	      0.85094245	      0.63846379	     30.46468557	     14.93272048	     -3.05923565	     12.35396300	      0.21561733	     37.44306958	     -8.91551922	      0.00000000	     45.33835510	    -10.54310781	     14.92856798	     36.26293753	      0.63290766	     46.72690945	     -6.20034637	      0.00000000	      0.03578921	     -2.17809325	     -2.67340826	      0.06646415	     -2.89686403	     -2.84049627	      0.05879810	     -5.29581594	     -2.84049627	      0.04090349	     -5.29581594	     -2.33923222	      0.03323386	     -4.44156777	     -2.17214421	      0.02044996	     -3.37386645	     -2.00505619	      0.25563876	    -24.63902652	    -14.86869470	      0.00000000	      0.00000000	     23.61525853	      3.46596926	    -13.28374790	     -1.90679398	    -11.78749015	     39.10921853	     37.74299233	     82.66422414	     -6.67411384	    -15.51738189	      2.92087084	    -41.24889430	      4.23401200	     32.44693374	     87.58975315	    -15.24422456	     -4.99923835
      2.87037037	     15.28999762	    -22.66913435	    103.91568181	      0.31495523	      0.85459673	      0.63375630	     28.07526083	     14.68945468	     -2.60467231	     10.57284455	      0.18453095	     37.06051609	     -9.55783121	      0.00000000	     43.18961017	     -9.80100983	     16.24090199	     35.29347158	      0.61598728	     46.22967283	     -7.75103583	      0.00000000	      0.02774986	     -2.09538862	     -2.69468373	      0.05153427	     -2.78686687	     -2.86310146	      0.04559025	     -5.09472790	     -2.86310146	      0.03171532	     -5.09472790	     -2.35784826	      0.02576852	     -4.27291648	     -2.18943053	      0.01585627	     -3.24575698	     -2.02101280	      0.19821449	    -23.70345520	    -14.98702250	      0.00000000	      0.00000000	     21.75787600	      3.63850942	    -14.15439986	     -1.50048801	    -12.06510494	     42.45660117	     36.87460014	     84.32280010	     -6.25926492	    -14.81866706	      4.04055041	    -40.02246852	     13.32153642	     28.42034135	     87.20956989	    -16.67362614	     -8.78508609
      2.88888889	     14.97745662	    -21.52704210	    104.46251470	      0.31002904	      0.85838298	      0.62955949	     25.79146201	     14.32362583	     -2.35403311	      8.99689407	      0.15702542	     36.87048656	     -9.94269213	      0.00000000	     41.01924988	     -9.03164225	     17.48814817	     34.27017548	      0.59812740	     45.78142911	     -8.98071724	      0.00000000	      0.00180909	     -2.00906532	     -2.82568372	      0.00335965	     -2.67205688	     -3.00228895	      0.00297215	     -4.88484143	     -3.00228895	      0.00206761	     -4.88484143	     -2.47247325	      0.00167992	     -4.09688601	     -2.29586802	      0.00103371	     -3.11204219	     -2.11926279	      0.01292213	    -22.72694875	    -15.71560512	      0.00000000	      0.00000000	     20.71603334	      3.62994304	    -14.86706409	     -1.02376157	    -12.27826126	     45.10387767	     36.33999970	     85.77562337	     -5.33699176	    -14.01316266	      4.23089341	    -38.49011944	     20.07476917	     25.62479402	     87.00759244	    -16.99108645	    -11.29703091
      2.90740741	     14.67018002	    -20.40986587	    104.79474023	      0.30523158	      0.86206925	      0.62564914	     23.49354913	     14.06482981	     -1.72360634	      7.32605183	      0.12786373	     36.46984152	    -10.66537546	      0.00000000	     38.94085849	     -8.46588254	     18.47906026	     33.33998080	      0.58189244	     45.51866928	     -9.78001175	      0.00000000	     -0.01913166	     -1.90438827	     -2.94448210	     -0.03552940	     -2.53283640	     -3.12851223	     -0.03143140	     -4.63032964	     -3.12851223	     -0.02186557	     -4.63032964	     -2.57642184	     -0.01776566	     -3.88342856	     -2.39239171	     -0.01093183	     -2.94989743	     -2.20836158	     -0.13665551	    -21.54282100	    -16.37632610	      0.00000000	      0.00000000	     20.02442533	      2.99278477	    -15.50861236	     -1.19840746	    -12.41910633	     45.76789020	     36.31715529	     86.57114723	     -4.79338485	    -13.22080150	      4.37668852	    -36.95456671	     27.33044925	     23.90063745	     86.12928560	    -18.47216668	    -12.18043787
      2.92592593	     14.15762933	    -19.27615759	    104.83747127	      0.30080244	      0.86593702	      0.62239494	     21.36858874	     13.65097342	     -1.63493460	      6.13436875	      0.10706493	     36.31207212	    -10.52261573	      0.00000000	     36.80713617	     -8.03898775	     18.72379958	     32.31637094	      0.56402708	     45.32448101	     -9.75750688	      0.00000000	     -0.04227609	     -1.81045490	     -3.15469035	     -0.07851092	     -2.40790501	     -3.35185850	     -0.06945538	     -4.40194004	     -3.35185850	     -0.04831734	     -4.40194004	     -2.76035406	     -0.03925757	     -3.69187963	     -2.56318591	     -0.02415656	     -2.80439463	     -2.36601776	     -0.30197385	    -20.48022788	    -17.54544133	      0.00000000	      0.00000000	     19.91289415	      2.35044037	    -15.06364312	     -1.15819807	    -12.49484404	     46.31746795	     36.38108762	     87.12962108	     -4.38281312	    -12.33286898	      3.09755438	    -35.44513345	     29.08680798	     23.91991184	     86.99081259	    -18.35086714	    -12.18910870
      2.94444444	     13.36342957	    -18.10244383	    104.76600029	      0.29617522	      0.87011344	      0.61967592	     19.23854547	     12.97321515	     -1.19960512	      5.15964936	      0.09005287	     35.96097339	    -10.84285908	      0.00000000	     34.53396664	     -7.26002534	     19.26738536	     31.24591387	      0.54534407	     44.76407002	    -10.45482898	      0.00000000	     -0.07216442	     -1.73900466	     -3.38925146	     -0.13401655	     -2.31287620	     -3.60107968	     -0.11855893	     -4.22821594	     -3.60107968	     -0.08247672	     -4.22821594	     -2.96559503	     -0.06701188	     -3.54617831	     -2.75376681	     -0.04123475	     -2.69371822	     -2.54193860	     -0.51546325	    -19.67196856	    -18.84999985	      0.00000000	      0.00000000	     20.04126488	      2.38924034	    -13.29916468	     -1.03741974	    -12.62137710	     46.81397785	     36.75291022	     87.53323111	     -4.13132450	    -10.42411516	      2.09326665	    -34.30842711	     31.88033859	     24.19493817	     87.37469477	    -19.28289334	    -11.64441442
      2.96296296	     12.53895931	    -17.01706101	    104.34608822	      0.29179068	      0.87424554	      0.61758836	     17.31651283	     12.30115099	     -0.45643899	      4.47419004	      0.07808935	     35.35259707	    -11.35778616	      0.00000000	     32.29759398	     -6.63680090	     19.41203104	     30.06305146	      0.52469923	     44.11461872	    -11.01167145	      0.00000000	     -0.09566814	     -1.66265577	     -3.51529850	     -0.17766529	     -2.21133217	     -3.73500465	     -0.15717318	     -4.04258124	     -3.73500465	     -0.10933911	     -4.04258124	     -3.07588618	     -0.08883743	     -3.39048764	     -2.85618003	     -0.05466477	     -2.57545379	     -2.63647387	     -0.68334793	    -18.80829459	    -19.55103565	      0.00000000	      0.00000000	     20.43238044	      2.01176637	    -11.33013984	     -1.25025689	    -12.85520451	     46.29589151	     37.41377617	     87.81137147	     -4.21957420	     -8.88978540	      1.22049297	    -33.14086036	     33.45563056	     24.88566428	     87.60179507	    -19.91356641	    -10.86029902
      2.98148148	     11.79507780	    -15.96076283	    103.89690958	      0.28705441	      0.87841615	      0.61629374	     15.53873599	     11.62464524	     -0.04449783	      3.91038926	      0.06824917	     34.60240196	    -11.53055918	      0.00000000	     30.19876258	     -6.09411089	     19.31996039	     28.89936154	      0.50438901	     43.50429289	    -11.26195449	      0.00000000	     -0.13401310	     -1.56457072	     -3.54984974	     -0.24887572	     -2.08087906	     -3.77171535	     -0.22017012	     -3.80409726	     -3.77171535	     -0.15316357	     -3.80409726	     -3.10611853	     -0.12444456	     -3.19047262	     -2.88425292	     -0.07657508	     -2.42352005	     -2.66238731	     -0.95724215	    -17.69873693	    -19.74319932	      0.00000000	      0.00000000	     21.02602208	      1.37917249	     -9.08211156	     -1.62322620	    -13.26234783	     45.05474273	     38.19127817	     87.96352599	     -4.64442665	     -8.07376825	      0.53434425	    -31.73599632	     33.54786281	     25.78831608	     87.70626295	    -20.05522209	    -10.10642976
      3.00000000	     10.89109752	    -15.11399709	    103.07771228	      0.28274608	      0.88249451	      0.61505857	     13.96319294	     10.82837721	      1.72297670	      3.44163644	      0.06006789	     33.53514023	    -13.23958528	      0.00000000	     28.05956660	     -5.39200498	     19.41368173	     27.47188206	      0.47947479	     42.57732457	    -12.43668222	      0.00000000	     -0.15143475	     -1.48397422	     -3.39394680	     -0.28122948	     -1.97368572	     -3.60606847	     -0.24879215	     -3.60813493	     -3.60606847	     -0.17307478	     -3.60813493	     -2.96970345	     -0.14062231	     -3.02612024	     -2.75758177	     -0.08652982	     -2.29867607	     -2.54546010	     -1.08168329	    -16.78701321	    -18.87611390	      0.00000000	      0.00000000	     21.95068373	      1.13425961	     -6.79161590	     -2.56071316	    -13.58851426	     42.22306825	     39.34005702	     88.29268960	     -4.14106171	     -6.51235666	     -0.46445233	    -30.42280556	     31.34930790	     27.95838177	     88.04465806	    -19.04240316	     -8.18967261
      3.01851852	     10.18379572	    -14.37602750	    102.29285163	      0.27821751	      0.88644155	      0.61435094	     12.70636282	     10.09902362	      2.36363692	      3.22673088	      0.05631708	     32.90441819	    -13.49490145	      0.00000000	     26.16710148	     -4.89889899	     19.17740915	     26.04622457	      0.45459238	     41.84879545	    -12.93214481	      0.00000000	     -0.16751223	     -1.37611368	     -3.06822881	     -0.31108697	     -1.83023119	     -3.25999311	     -0.27520585	     -3.34588279	     -3.25999311	     -0.19144973	     -3.34588279	     -2.68470020	     -0.15555186	     -2.80617101	     -2.49293590	     -0.09571649	     -2.13160008	     -2.30117160	     -1.19652314	    -15.56687312	    -17.06456814	      0.00000000	      0.00000000	     22.91239189	      0.64815354	     -4.95034452	     -3.36784738	    -14.00159385	     40.17626736	     39.76798222	     88.40774334	     -4.65113246	     -6.38473879	     -0.55209399	    -29.00064735	     31.04002873	     29.68091168	     88.17980715	    -18.29606268	     -6.68617719
      3.03703704	      9.68880605	    -13.73800253	    101.94707689	      0.27327050	      0.88998661	      0.61385320	     11.72875037	      9.45319434	      2.21517975	      3.17747675	      0.05545743	     32.43112081	    -13.45501812	      0.00000000	     24.46921993	     -4.47852470	     19.11526824	     24.46741494	      0.42703695	     41.26440504	    -12.87227046	      0.00000000	     -0.17015849	     -1.25047854	     -2.72532984	     -0.31600133	     -1.66313645	     -2.89566295	     -0.27955338	     -3.04041351	     -2.89566295	     -0.19447414	     -3.04041351	     -2.38466361	     -0.15800917	     -2.54997583	     -2.21433049	     -0.09722856	     -1.93699125	     -2.04399738	     -1.21542507	    -14.14566329	    -15.15746696	      0.00000000	      0.00000000	     23.66269354	     -0.00048129	     -3.84946845	     -3.99986118	    -14.48804111	     38.92315536	     39.64071815	     88.28598851	     -4.94324762	     -6.64917751	     -0.32808094	    -27.50855708	     31.71038663	     30.99434587	     88.28723482	    -17.97417526	     -5.77774949
      3.05555556	      8.70086535	    -12.93150222	    100.41026626	      0.26989570	      0.89395834	      0.61340273	     10.63734789	      8.53119233	      2.59197770	      3.50588084	      0.06118916	     32.30288039	    -12.63619713	      0.00000000	     22.31120563	     -3.94433303	     18.42969609	     22.90851184	      0.39982896	     40.61797683	    -13.49937662	      0.00000000	     -0.19181714	     -1.19176698	     -1.91888949	     -0.35622361	     -1.58505008	     -2.03882008	     -0.31513638	     -2.89766224	     -2.03882008	     -0.21922781	     -2.89766224	     -1.67902831	     -0.17812139	     -2.43025123	     -1.55909771	     -0.10960431	     -1.84604705	     -1.43916712	     -1.37013064	    -13.48150644	    -10.67228769	      0.00000000	      0.00000000	     23.68529677	     -0.89609306	     -4.80657613	     -5.79497413	    -14.08961500	     34.15794917	     39.34111992	     88.34437423	     -3.67179868	     -6.01209571	      2.10902493	    -26.77314648	     37.96787998	     31.99071604	     88.40032978	    -17.25234967	     -1.54257498
      3.07407407	      7.84196372	    -12.06451030	     99.13373275	      0.26668220	      0.89740979	      0.61314559	      9.63520163	      7.68813076	      2.49464936	      3.92325318	      0.06847369	     32.26272035	    -11.69389328	      0.00000000	     20.16068952	     -3.48789287	     17.76478875	     21.21293142	      0.37023550	     40.15306425	    -13.55929213	      0.00000000	     -0.20179283	     -1.13095063	     -1.26164968	     -0.37474947	     -1.50416433	     -1.34050278	     -0.33152545	     -2.74979335	     -1.34050278	     -0.23062903	     -2.74979335	     -1.10394347	     -0.18738482	     -2.30623452	     -1.02509036	     -0.11530442	     -1.75184252	     -0.94623726	     -1.44138603	    -12.79353967	     -7.01691702	      0.00000000	      0.00000000	     23.31892407	     -1.22646923	     -5.61306073	     -6.85495427	    -13.72606751	     31.37731039	     38.38647212	     88.04643849	     -2.80489206	     -5.94470419	      3.83571919	    -25.86987844	     42.69493165	     32.91038092	     88.51842951	    -16.49731954	      2.31462209
      3.09259259	      7.34987120	    -11.28560334	     98.46817349	      0.26268782	      0.89998187	      0.61347990	      8.96036695	      7.02096245	      0.87943853	      4.52101860	      0.07890666	     32.61026469	     -9.46616259	      0.00000000	     18.43404475	     -3.15423985	     17.56264702	     19.76469416	      0.34495899	     39.89301260	    -13.23409009	      0.00000000	     -0.18928621	     -1.02715659	     -0.70000955	     -0.35152343	     -1.36611826	     -0.74376015	     -0.31097832	     -2.49742853	     -0.74376015	     -0.21633521	     -2.49742853	     -0.61250836	     -0.17577118	     -2.09457772	     -0.56875776	     -0.10815814	     -1.59106556	     -0.52500716	     -1.35205249	    -11.61940077	     -3.89324312	      0.00000000	      0.00000000	     22.41273240	     -1.65838329	     -6.70658637	     -8.26447091	    -13.38241838	     27.59269803	     37.86140937	     87.89799290	     -1.71278010	     -4.84233109	      6.49428047	    -24.59023412	     50.72460095	     32.48974502	     88.46029581	    -17.26689051	      5.40767512
      3.11111111	      6.64197020	    -10.40906401	     97.31101669	      0.25971929	      0.90252936	      0.61358061	      8.12919750	      6.25001163	      0.58045228	      5.03312609	      0.08784462	     32.65119714	     -8.37175518	      0.00000000	     16.37827547	     -2.75472395	     17.07794209	     18.05181006	      0.31506352	     39.34828662	    -13.26101941	      0.00000000	     -0.17802589	     -0.95367124	     -0.25692239	     -0.33061188	     -1.26838275	     -0.27298004	     -0.29247873	     -2.31875625	     -0.27298004	     -0.20346579	     -2.31875625	     -0.22480709	     -0.16531484	     -1.94472639	     -0.20874944	     -0.10172399	     -1.47723675	     -0.19269179	     -1.27162111	    -10.78811978	     -1.42892524	      0.00000000	      0.00000000	     21.22326631	     -1.05096273	     -6.62321028	     -8.81009651	    -13.23062975	     25.81196140	     37.23463858	     87.57572483	     -1.09848639	     -3.55229011	      7.58719020	    -23.38734127	     54.16343132	     32.69134411	     88.53755877	    -15.99622258	      8.59225391
      3.12962963	      6.14020432	     -9.69482430	     96.47332962	      0.25610776	      0.90467702	      0.61409917	      7.60718870	      5.55856946	     -0.19489743	      5.63390668	      0.09833022	     32.69613592	     -7.00613014	      0.00000000	     14.66606242	     -2.40515168	     16.76474133	     16.43410322	      0.28682921	     38.66872780	    -13.18017764	      0.00000000	     -0.14928028	     -0.85135115	      0.02852499	     -0.27722840	     -1.13229703	      0.03030780	     -0.24525257	     -2.06997518	      0.03030780	     -0.17061243	     -2.06997518	      0.02495937	     -0.13862166	     -1.73607526	      0.02317655	     -0.08529875	     -1.31874293	      0.02139374	     -1.06629409	     -9.63065447	      0.15864743	      0.00000000	      0.00000000	     19.84394989	     -0.27891516	     -5.82988465	     -9.19893292	    -13.43655734	     24.08425115	     37.24911540	     87.55766938	     -0.27105675	     -1.41833301	      8.59571341	    -21.86029127	     57.75260167	     31.92615586	     88.48662326	    -14.86920243	     10.16229531
      3.14814815	      5.75096638	     -9.19272509	     95.87935773	      0.25185556	      0.90660862	      0.61500109	      7.70923597	      4.56813049	     -5.83923600	      6.99367449	      0.12206265	     34.33321674	      0.60179582	      0.00000000	     13.33647769	     -2.03080827	     16.61465565	     14.96405787	      0.26117208	     37.72333878	    -13.18108112	      0.00000000	     -0.10574302	     -0.72865429	      0.18779812	     -0.19637537	     -0.96911021	      0.19953550	     -0.17372521	     -1.77165005	      0.19953550	     -0.12085370	     -1.77165005	      0.16432335	     -0.09819297	     -1.48587184	      0.15258597	     -0.06042156	     -1.12868550	      0.14084859	     -0.75531184	     -8.24268311	      1.04447678	      0.00000000	      0.00000000	     18.61090558	      0.21306000	     -4.41580368	     -9.37216415	    -13.85139279	     22.29031080	     37.60850105	     87.76702683	      0.96849561	      1.03730931	      9.59780693	    -20.03415607	     62.19826511	     30.20527115	     88.15786525	    -14.94203304	      9.54547519
      3.16666667	      5.31201870	     -8.75229556	     95.74799608	      0.24742182	      0.90851933	      0.61540735	      7.57141434	      3.81877074	     -6.12277793	      7.72504667	      0.13482750	     34.37792674	      0.51402529	      0.00000000	     12.06915152	     -1.57779878	     16.40510969	     13.38706758	      0.23364841	     36.75408113	    -12.64705679	      0.00000000	     -0.07358094	     -0.61469039	      0.10899077	     -0.13664716	     -0.81753822	      0.11580270	     -0.12088612	     -1.49455822	      0.11580270	     -0.08409565	     -1.49455822	      0.09536693	     -0.06832726	     -1.25347664	      0.08855500	     -0.04204415	     -0.95215542	      0.08174308	     -0.52558128	     -6.95350064	      0.60617398	      0.00000000	      0.00000000	     17.67451514	      0.01022092	     -2.41151642	     -8.82233731	    -14.56748448	     22.41009531	     37.79134858	     87.85502350	      1.62664524	      2.52455916	      9.19809572	    -18.70525257	     62.30175609	     29.71036132	     87.98507550	    -14.45488786	      9.48874052
      3.18518519	      4.91806056	     -8.35132526	     95.49106472	      0.24320723	      0.91025476	      0.61598445	      7.34432735	      3.04765559	     -7.19334613	      8.19636838	      0.14305361	     34.71956301	      2.24010341	      0.00000000	     10.98699276	     -1.13969670	     16.27128365	     12.11276611	      0.21140765	     35.99182913	    -12.35102687	      0.00000000	     -0.07241232	     -0.47862635	     -0.07920575	     -0.13447693	     -0.63657305	     -0.08415611	     -0.11896621	     -1.16373211	     -0.08415611	     -0.08276005	     -1.16373211	     -0.06930503	     -0.06724208	     -0.97601486	     -0.06435467	     -0.04137640	     -0.74139222	     -0.05940431	     -0.51723399	     -5.41431701	     -0.44051862	      0.00000000	      0.00000000	     17.84364306	      1.05956510	      2.72773720	     -7.79393456	    -15.43276494	     22.17277596	     38.44730143	     87.80978419	      3.97352021	      6.59276748	      8.14963608	    -17.67657326	     60.18962605	     29.69140850	     87.68102076	    -13.65333709	      7.49083821
      3.20370370	      4.55497034	     -7.98222066	     95.64274699	      0.23881571	      0.91169790	      0.61587287	      7.11601166	      2.29039184	     -8.73003972	      8.76681819	      0.15300984	     35.32588394	      3.79449397	      0.00000000	      9.95494659	     -0.68547112	     16.36434072	     10.87135584	      0.18974095	     35.22163413	    -11.89576483	      0.00000000	     -0.07610822	     -0.35408622	     -0.33186216	     -0.14134058	     -0.47093467	     -0.35260354	     -0.12503820	     -0.86092524	     -0.35260354	     -0.08698409	     -0.86092524	     -0.29037939	     -0.07067409	     -0.72205262	     -0.26963800	     -0.04348824	     -0.54847956	     -0.24889662	     -0.54363341	     -4.00549414	     -1.84571777	      0.00000000	      0.00000000	     18.64721232	      0.39392871	      5.49906474	     -6.70581997	    -16.15895090	     22.41823349	     38.65273838	     87.69775415	      5.87611856	      9.43935976	      6.77389559	    -16.96856350	     56.81631517	     30.59944707	     87.52649487	    -12.93565789	      6.46606963
      3.22222222	      4.06973914	     -7.68872162	     95.94940450	      0.23470230	      0.91267777	      0.61553641	      6.99411743	      1.25240991	    -11.78412209	      9.56844999	      0.16700096	     36.21059208	      7.24022484	      0.00000000	      9.09938664	     -0.07419037	     16.72280884	      9.89569848	      0.17271252	     34.56422443	    -11.51129815	      0.00000000	     -0.07625955	     -0.26371596	     -0.63579934	     -0.14162161	     -0.35074223	     -0.67553680	     -0.12528681	     -0.64119899	     -0.67553680	     -0.08715704	     -0.64119899	     -0.55632443	     -0.07081462	     -0.53776959	     -0.51658697	     -0.04357471	     -0.40849603	     -0.47684951	     -0.54471433	     -2.98320771	     -3.53612521	      0.00000000	      0.00000000	     20.13986296	     -0.74930062	      6.80626801	     -5.66998550	    -16.57277099	     22.65827288	     38.57145217	     87.21841262	      7.16478514	     11.21756018	      4.62450162	    -16.50342843	     50.26631049	     32.63441353	     87.96558906	    -10.60690477	      6.89459643
      3.24074074	      3.66824917	     -7.36382520	     96.04914171	      0.23136839	      0.91344186	      0.61466083	      6.71324068	      0.61518647	    -11.89399037	     10.04777721	      0.17536679	     36.38177793	      7.07547757	      0.00000000	      8.25037223	      0.39441258	     16.74409034	      9.12626308	      0.15928334	     34.10005836	    -11.13924133	      0.00000000	     -0.06294520	     -0.17843131	     -0.81560707	     -0.11689554	     -0.23731365	     -0.86658251	     -0.10341268	     -0.43383789	     -0.86658251	     -0.07194007	     -0.43383789	     -0.71365619	     -0.05845092	     -0.36385713	     -0.66268074	     -0.03596689	     -0.27639010	     -0.61170530	     -0.44961130	     -2.01845070	     -4.53616183	      0.00000000	      0.00000000	     21.84333530	     -2.06830808	      6.81742174	     -5.20668750	    -16.72166366	     22.21282826	     38.31722264	     86.46693785	      7.41120835	     11.53531812	      4.02569704	    -16.28192295	     49.71819886	     33.77566679	     87.61343112	    -10.21279189	      6.49149922
      3.25925926	      3.10701335	     -6.93144126	     96.70433705	      0.22778338	      0.91386611	      0.61312515	      6.09068412	     -0.13585056	    -12.13824026	     10.26892850	      0.17922661	     36.38337761	      6.33184728	      0.00000000	      7.35473034	      1.07714894	     17.38897868	      8.57351289	      0.14963603	     33.83635071	    -10.72270576	      0.00000000	     -0.04460717	     -0.13683375	     -1.16017331	     -0.08283998	     -0.18198889	     -1.23268414	     -0.07328513	     -0.33269759	     -1.23268414	     -0.05098154	     -0.33269759	     -1.01515165	     -0.04142222	     -0.27903139	     -0.94264081	     -0.02548854	     -0.21195548	     -0.87012998	     -0.31862459	     -1.54789078	     -6.45253589	      0.00000000	      0.00000000	     22.97300504	     -2.90328786	      5.68445076	     -4.41512625	    -16.65022465	     22.98377950	     37.56230298	     82.69030638	      7.52658761	     12.09263173	      1.54134697	    -15.76186053	     42.46007549	     35.85583881	     88.02047884	     -7.04663876	      7.56463092
      3.27777778	      2.62548505	     -6.59705703	     97.23840743	      0.22477012	      0.91420191	      0.61167367	      5.59906096	     -0.74815519	    -12.12863573	     10.48595447	      0.18301443	     36.26600651	      5.38055939	      0.00000000	      6.70776255	      1.67307049	     17.89313817	      8.31029652	      0.14504204	     33.73611108	    -10.46860787	      0.00000000	     -0.00129619	     -0.10081359	     -1.34626854	     -0.00240716	     -0.13408208	     -1.43041032	     -0.00212951	     -0.24511817	     -1.43041032	     -0.00148142	     -0.24511817	     -1.17798497	     -0.00120364	     -0.20557908	     -1.09384319	     -0.00074064	     -0.15616026	     -1.00970140	     -0.00925857	     -1.14042353	     -7.48754172	      0.00000000	      0.00000000	     23.39680317	     -3.60110087	      3.19481147	     -3.98960438	    -16.31312271	     23.54263091	     36.26076321	     80.13285233	      6.59129029	      9.60134660	      0.73190597	    -15.61982164	     41.19029596	     36.84714014	     87.95062998	     -5.78195023	      7.55140986
      3.29629630	      2.16907322	     -6.11906575	     97.57015850	      0.22242541	      0.91491199	      0.61020586	      5.00943447	     -1.13677622	    -10.53675456	     10.66922533	      0.18621311	     35.77084938	      2.63256103	      0.00000000	      5.86155844	      2.18713406	     18.62721291	      7.96658789	      0.13904319	     33.44327213	    -10.86304509	      0.00000000	      0.02712417	     -0.06985895	     -1.55211821	      0.05037230	     -0.09291241	     -1.64912560	      0.04456231	     -0.16985506	     -1.64912560	      0.03100022	     -0.16985506	     -1.35810343	      0.02518751	     -0.14245638	     -1.26109605	      0.01549875	     -0.10821152	     -1.16408866	      0.19374526	     -0.79025845	     -8.63241586	      0.00000000	      0.00000000	     22.96364615	     -3.25275464	      1.48358961	     -2.24695603	    -16.60678018	     30.02728953	     34.16456790	     73.25895437	      3.71238150	      5.16146758	     -0.11107368	    -15.51764603	     39.92285847	     37.47812415	     88.05683022	     -4.14563510	      7.77385039
      3.31481481	      1.80259602	     -5.59708794	     97.97305096	      0.22016391	      0.91578666	      0.60875376	      4.34917175	     -1.45959000	     -9.67815700	     10.79502946	      0.18840881	     35.35788427	      0.71860696	      0.00000000	      5.04954857	      2.60662389	     19.44363625	      7.77089248	      0.13562766	     33.23530334	    -11.35896987	      0.00000000	      0.05873473	     -0.03363545	     -1.67467435	      0.10907628	     -0.04473515	     -1.77934150	      0.09649530	     -0.08178123	     -1.77934150	      0.06712793	     -0.08178123	     -1.46534006	      0.05454107	     -0.06858941	     -1.36067291	      0.03356103	     -0.05210131	     -1.25600576	      0.41953633	     -0.38049091	     -9.31403633	      0.00000000	      0.00000000	     21.52809667	     -2.89971373	     -0.33983040	     -0.58183633	    -16.33515777	     35.84175485	     31.55789634	     69.51090865	      1.51474806	      0.26110603	     -0.03784564	    -15.48643828	     41.54357785	     37.02019150	     87.87459154	     -3.38091276	      6.70871005
      3.33333333	      1.51763619	     -5.05644523	     98.44603757	      0.21808254	      0.91669509	      0.60740081	      3.66532933	     -1.69596624	     -9.18217097	     10.90437136	      0.19031718	     35.06743741	     -0.71193864	      0.00000000	      4.31806451	      2.92209000	     19.99987438	      7.77317271	      0.13566746	     33.13432194	    -11.61463313	      0.00000000	      0.09145300	      0.01057739	     -1.80377525	      0.16983737	      0.01406792	     -1.91651121	      0.15024813	      0.02571786	     -1.91651121	      0.10452163	      0.02571786	     -1.57830335	      0.08492326	      0.02156941	     -1.46556739	      0.05225624	      0.01638437	     -1.35283144	      0.65323963	      0.11965351	    -10.03205682	      0.00000000	      0.00000000	     19.44240622	     -2.17441970	     -0.93031323	      1.70617969	    -15.95174245	     44.74179857	     28.39061356	     65.10403199	     -1.00508520	     -4.57460881	      0.14187606	    -15.35310149	     43.45605161	     36.07737679	     87.59474385	     -2.50615570	      5.36446643
      3.35185185	      1.26164425	     -4.52815158	     98.79376149	      0.21633507	      0.91759240	      0.60625231	      3.03837350	     -1.93170005	     -9.08063033	     11.08469094	      0.19346435	     35.02823481	     -1.35570234	      0.00000000	      3.64441591	      3.16103252	     19.85375747	      7.87258273	      0.13740249	     33.06187554	    -11.33368901	      0.00000000	      0.11540775	      0.06139245	     -1.90097173	      0.21432373	      0.08165196	     -2.01978246	      0.18960339	      0.14926960	     -2.01978246	      0.13189951	      0.14926960	     -1.66335026	      0.10716763	      0.12519148	     -1.54453953	      0.06594399	      0.09509690	     -1.42572880	      0.82434599	      0.69448366	    -10.57263448	      0.00000000	      0.00000000	     17.32455790	     -0.97839725	      0.09895209	      4.36989153	    -15.40597671	     56.67636693	     25.09964266	     60.31380815	     -3.81510797	     -8.74574346	      0.38807799	    -15.16951294	     45.70611856	     34.90674174	     87.02082323	     -1.92064634	      3.65799919
      3.37037037	      1.05680828	     -4.07066441	     99.03594791	      0.21475135	      0.91821102	      0.60528533	      2.55550899	     -2.16029936	     -9.22290604	     11.39085010	      0.19880784	     35.27653906	     -1.51837832	      0.00000000	      2.99879441	      3.33852457	     19.60238352	      7.87103047	      0.13737540	     32.80170841	    -11.19247221	      0.00000000	      0.12605471	      0.11997955	     -1.92137883	      0.23409619	      0.15957280	     -2.04146501	      0.20709527	      0.29171828	     -2.04146501	      0.14406792	      0.29171828	     -1.68120648	      0.11705440	      0.24466230	     -1.56112030	      0.07202766	      0.18584833	     -1.44103412	      0.90039615	      1.35723269	    -10.68613263	      0.00000000	      0.00000000	     15.96008194	      0.65679990	      2.00435066	      5.68897218	    -14.58501471	     62.27333577	     22.78705444	     64.85012208	     -5.96783349	     -9.79128956	      0.61857310	    -14.87588948	     47.36132785	     33.85897758	     86.61896589	     -0.90383872	      2.33999723
      3.38888889	      0.93581150	     -3.71349527	     99.24703912	      0.21323417	      0.91865681	      0.60453558	      2.17329863	     -2.31323659	     -9.45875180	     11.62304016	      0.20286032	     35.56110857	     -1.68096389	      0.00000000	      2.47209956	      3.43267676	     19.22344258	      7.86055185	      0.13719251	     32.46958768	    -10.89833051	      0.00000000	      0.13468686	      0.17989126	     -1.92789305	      0.25012697	      0.23925538	     -2.04838637	      0.22127705	      0.43738761	     -2.04838637	      0.15393361	      0.43738761	     -1.68690642	      0.12507022	      0.36683426	     -1.56641311	      0.07696007	      0.27865156	     -1.44591979	      0.96205479	      2.03496593	    -10.72236280	      0.00000000	      0.00000000	     15.60208298	      2.47459112	      4.03999487	      6.92705770	    -14.06794763	     68.88881007	     21.15315996	     69.76751572	     -8.59033244	     -9.69385725	      0.73869568	    -14.50854177	     48.68812758	     32.80115455	     85.54860983	     -0.25953458	      0.76606566
      3.40740741	      0.82113323	     -3.37809075	     99.67251603	      0.21186268	      0.91917478	      0.60433952	      1.84464287	     -2.46465683	    -10.05408057	     11.89708838	      0.20764336	     35.96499245	     -1.73845963	      0.00000000	      2.12368783	      3.46506479	     17.99787597	      8.06522745	      0.14076477	     32.56161651	     -9.03353349	      0.00000000	      0.13456014	      0.21874279	     -2.07456245	      0.24989165	      0.29092792	     -2.20422260	      0.22106886	      0.53185123	     -2.20422260	      0.15378879	      0.53185123	     -1.81524214	      0.12495255	      0.44606031	     -1.68558199	      0.07688767	      0.33883259	     -1.55592184	      0.96114966	      2.47446223	    -11.53809398	      0.00000000	      0.00000000	     15.98389644	      4.33876387	      5.89744634	     11.14280840	    -12.72356475	     99.19353160	     18.28480848	     49.98160663	    -13.06549605	    -12.80701058	      0.56480652	    -14.37084368	     49.96692430	     31.97904804	     82.49995993	     -0.72135535	     -1.15553735
      3.42592593	      0.77627973	     -3.02649079	     99.66725504	      0.21093262	      0.91938498	      0.60389095	      1.61581890	     -2.53631243	    -10.17075599	     12.27909358	      0.21431061	     36.45504788	     -1.94143598	      0.00000000	      1.66078404	      3.47998825	     17.70659624	      8.15695476	      0.14236572	     32.33470960	     -8.91467646	      0.00000000	      0.11339342	      0.25260654	     -2.09922745	      0.21058292	      0.33596670	     -2.23042916	      0.18629405	      0.61418754	     -2.23042916	      0.12959734	      0.61418754	     -1.83682401	      0.10529713	      0.51511525	     -1.70562230	      0.06479300	      0.39128753	     -1.57442058	      0.80995787	      2.85753569	    -11.67527328	      0.00000000	      0.00000000	     17.42732372	      5.44153608	      6.45816421	     11.72543700	    -12.23932712	    103.64989447	     17.66050738	     54.23801422	    -14.06617383	    -11.14854713	      0.24371023	    -14.14676850	     49.74957678	     31.55400655	     81.38165281	     -0.20292347	     -2.12150541
      3.44444444	      0.74343592	     -2.87857756	     99.69091982	      0.21006387	      0.91938352	      0.60332725	      1.53920050	     -2.61242785	    -10.25874390	     12.53590291	      0.21879278	     36.85531045	     -2.10982553	      0.00000000	      1.41426201	      3.49985713	     17.40718602	      8.23083708	      0.14365521	     32.22533540	     -8.53711853	      0.00000000	      0.12201589	      0.27754512	     -2.20210132	      0.22659572	      0.36913501	     -2.33973265	      0.20045991	      0.67482320	     -2.33973265	      0.13945197	      0.67482320	     -1.92683866	      0.11330396	      0.56597000	     -1.78920732	      0.06971988	      0.42991739	     -1.65157599	      0.87154734	      3.13964588	    -12.24742692	      0.00000000	      0.00000000	     19.03097730	      6.35300847	      7.21295369	     12.12026722	    -12.01364763	    106.49534778	     17.59072407	     57.02033814	    -14.74897876	     -9.61371846	     -0.37045267	    -13.95013744	     49.32946101	     31.23349089	     80.33028772	     -0.31176548	     -3.32778891
      3.46296296	      0.78083311	     -2.71362577	     99.57154545	      0.20942319	      0.91942317	      0.60295084	      1.53399860	     -2.62290937	    -10.28864655	     12.85474592	      0.22435764	     37.11065390	     -2.19659007	      0.00000000	      1.13951778	      3.44635350	     17.28366750	      8.19711941	      0.14306672	     32.14573106	     -8.38917633	      0.00000000	      0.12304409	      0.30259496	     -2.25000328	      0.22850519	      0.40245130	     -2.39062849	      0.20214914	      0.73572939	     -2.39062849	      0.14062710	      0.73572939	     -1.96875287	      0.11425875	      0.61705165	     -1.82812767	      0.07030740	      0.46871960	     -1.68750246	      0.87889166	      3.42301472	    -12.51384326	      0.00000000	      0.00000000	     20.66978933	      6.92796549	      7.14363619	     12.11999164	    -12.15929413	    106.91246481	     17.74890139	     57.45379242	    -14.43996398	     -9.24605665	     -0.71622415	    -13.80563933	     49.34195235	     31.07432343	     80.20659410	     -0.38991390	     -3.75882647
      3.48148148	      0.90970130	     -2.48460853	     99.28372079	      0.20879513	      0.91926007	      0.60264353	      1.52818729	     -2.57102652	    -10.38786486	     13.23107848	      0.23092588	     37.40864001	     -1.97786187	      0.00000000	      0.89422908	      3.27868952	     16.43813139	      8.27297817	      0.14439071	     32.65394957	     -7.30629822	      0.00000000	      0.12230579	      0.34821745	     -2.27672837	      0.22713408	      0.46312921	     -2.41902389	      0.20093618	      0.84665590	     -2.41902389	      0.13978329	      0.84665590	     -1.99213732	      0.11357316	      0.71008502	     -1.84984180	      0.06988553	      0.53938883	     -1.70754628	      0.87361803	      3.93910542	    -12.66248016	      0.00000000	      0.00000000	     21.82199103	      6.89364082	      7.09217867	     10.61234029	    -13.84367118	     91.61478709	     20.32624903	     73.13578895	    -12.23660309	     -5.24413526	     -0.70855215	    -13.46753784	     50.62486902	     30.30519337	     79.31297942	     -0.88871298	     -5.26765668
      3.50000000	      0.77434907	     -2.23784352	     99.03036638	      0.20905473	      0.91915319	      0.60258849	      1.42618975	     -2.71034524	    -10.27234222	     13.49943174	      0.23560953	     37.60491482	     -1.97482315	      0.00000000	      0.55075999	      3.36391388	     16.55772438	      8.22396712	      0.14353530	     32.98436171	     -7.31805410	      0.00000000	      0.12565449	      0.34919204	     -2.31786122	      0.23335296	      0.46442541	     -2.46272755	      0.20643777	      0.84902552	     -2.46272755	      0.14361052	      0.84902552	     -2.02812857	      0.11668276	      0.71207240	     -1.88326224	      0.07179898	      0.54089846	     -1.73839592	      0.89753748	      3.95013015	    -12.89124876	      0.00000000	      0.00000000	     22.43434254	      6.88628392	      6.78452014	     10.52889663	    -13.98678135	     91.50750597	     20.59550783	     73.03582981	    -11.93433873	     -5.25887295	     -0.85032230	    -13.29526734	     50.73689121	     29.78458100	     79.35125024	     -0.96226419	     -5.27382362
      3.51851852	      0.58331974	     -1.84720872	     98.71540916	      0.20949573	      0.91917022	      0.60306587	      1.27085187	     -2.90310748	    -10.15700082	     13.96434022	      0.24372371	     37.56370738	     -2.00087888	      0.00000000	      0.07474060	      3.49452374	     16.65226228	      8.17456062	      0.14267300	     33.20567850	     -7.52634341	      0.00000000	      0.10566704	      0.34287806	     -2.27765953	      0.19623426	      0.45602782	     -2.42001325	      0.17360038	      0.83367372	     -2.42001325	      0.12076686	      0.83367372	     -1.99295209	      0.09812242	      0.69919694	     -1.85059836	      0.06037815	      0.53111812	     -1.70824464	      0.75476912	      3.87870522	    -12.66765898	      0.00000000	      0.00000000	     22.76228863	      6.26670915	      5.76523891	     10.43732899	    -14.26191866	     91.12015776	     21.00359603	     72.89866555	    -11.22990701	     -5.35390636	     -0.57269402	    -12.93483297	     51.17101469	     28.73494349	     79.48629322	     -1.05558333	     -5.35530924
      3.53703704	      0.50070868	     -1.60664014	     97.86082375	      0.21087937	      0.91884387	      0.60347745	      1.22718651	     -2.93656219	     -9.38195712	     14.17610216	      0.24741966	     37.37731160	     -1.99367826	      0.00000000	     -0.39547196	      3.59535491	     17.78503368	      7.84700370	      0.13695605	     32.95114721	     -9.98249887	      0.00000000	      0.12022626	      0.34254748	     -1.97660509	      0.22327219	      0.45558815	     -2.10014290	      0.19751972	      0.83286994	     -2.10014290	      0.13740659	      0.83286994	     -1.72952945	      0.11164211	      0.69852282	     -1.60599163	      0.06869729	      0.53060604	     -1.48245381	      0.85876416	      3.87496559	    -10.99328451	      0.00000000	      0.00000000	     22.77897023	      4.91417701	      3.56668747	      8.60671689	    -15.06312054	     81.80071002	     22.29916213	     80.64555230	    -10.22424070	     -4.00373249	      1.27863124	    -12.92574645	     58.55211355	     27.06218126	     74.04899590	     -1.87102385	     -6.55070411
      3.55555556	      0.28100850	     -1.38998899	     97.31442797	      0.21234131	      0.91854780	      0.60421722	      1.13934070	     -3.09926197	     -8.89969738	     14.36907749	      0.25078771	     37.20742822	     -2.01553693	      0.00000000	     -0.64535850	      3.73923595	     17.46339093	      7.83857065	      0.13680887	     33.14858527	    -10.18199806	      0.00000000	      0.12901391	      0.31533197	     -1.83016804	      0.23959173	      0.41939152	     -1.94455355	      0.21195695	      0.76669815	     -1.94455355	      0.14745000	      0.76669815	     -1.60139704	      0.11980232	      0.64302495	     -1.48701154	      0.07371855	      0.48844922	     -1.37262603	      0.92153346	      3.56709832	    -10.17884561	      0.00000000	      0.00000000	     22.55393516	      3.96631007	      1.87449786	      8.42204751	    -15.02822887	     81.94051797	     22.29506297	     81.28767414	    -10.98694647	     -4.36118858	      1.64179474	    -12.74126820	     59.17657893	     26.15345888	     73.96584593	     -1.91474616	     -5.80519687
      3.57407407	      0.07439210	     -1.18951991	     96.69119094	      0.21401370	      0.91834373	      0.60496738	      1.06336673	     -3.09013559	     -7.16921407	     14.46013986	      0.25237705	     36.74702352	     -3.70400299	      0.00000000	     -0.84593274	      3.85265139	     16.69130646	      7.87106907	      0.13737607	     33.38995252	     -9.91611256	      0.00000000	      0.13538244	      0.28586195	     -1.62686519	      0.25141872	      0.38019640	     -1.72854427	      0.22241980	      0.69504476	     -1.72854427	      0.15472859	      0.69504476	     -1.42350705	      0.12571613	      0.58292970	     -1.32182797	      0.07735752	      0.44280017	     -1.22014890	      0.96702321	      3.23372761	     -9.04813615	      0.00000000	      0.00000000	     22.24180991	      3.08363424	      0.15424564	      7.83175900	    -15.09886930	     79.90799423	     22.56649455	     82.94072209	    -11.61266896	     -4.36589027	      2.96666600	    -12.76995693	     65.19589658	     24.86774723	     68.10172628	     -2.86583152	     -6.16185377
      3.59259259	     -0.12002939	     -1.02855441	     96.57540127	      0.21479448	      0.91820592	      0.60558656	      0.88924425	     -3.24729135	     -7.12204885	     14.48607871	      0.25282977	     36.78964402	     -3.66734317	      0.00000000	     -0.95998269	      3.99812288	     16.64897817	      7.97528625	      0.13919500	     33.53222780	     -9.96925958	      0.00000000	      0.13683452	      0.25856268	     -1.63482113	      0.25411539	      0.34388836	     -1.73699745	      0.22480544	      0.62866929	     -1.73699745	      0.15638818	      0.62866929	     -1.43046849	      0.12706454	      0.52726101	     -1.32829217	      0.07818725	      0.40051358	     -1.22611585	      0.97739532	      2.92491270	     -9.09238467	      0.00000000	      0.00000000	     21.95959907	      2.83400543	     -0.36499705	      7.89268178	    -14.94689060	     79.91458226	     22.50315893	     83.03341474	    -11.90783281	     -4.39615815	      2.97698123	    -12.62566140	     65.09871380	     24.01675774	     67.78140766	     -3.11383412	     -5.59542266
      3.61111111	     -0.18792813	     -0.84625836	     96.52180508	      0.21532916	      0.91829580	      0.60605304	      0.62868708	     -3.30643092	     -7.54548171	     14.38133824	      0.25100170	     36.90215307	     -3.11432403	      0.00000000	     -1.03531014	      3.92655002	     15.29791389	      8.09006188	      0.14119822	     34.15121774	     -7.94934055	      0.00000000	      0.12059157	      0.24206897	     -1.64713181	      0.22395061	      0.32195173	     -1.75007755	      0.19811989	      0.58856649	     -1.75007755	      0.13782411	      0.58856649	     -1.44124034	      0.11198133	      0.49362704	     -1.33829460	      0.06890602	      0.37496483	     -1.23534886	      0.86137353	      2.73833259	     -9.16085300	      0.00000000	      0.00000000	     21.83003663	      2.31672100	     -1.36899206	      8.15844645	    -14.73238446	     81.03766347	     22.20887996	     81.65258648	    -12.55019747	     -4.64835381	      3.09514875	    -12.72674489	     65.75632386	     23.76237131	     65.98953499	     -3.60349436	     -4.76914152
      3.62962963	     -0.20437336	     -0.83433255	     96.62419389	      0.21524331	      0.91834826	      0.60635788	      0.51134199	     -3.29454579	     -7.54168363	     14.23166150	      0.24838935	     36.85541288	     -3.25314329	      0.00000000	     -0.86105135	      3.88474533	     14.30349953	      8.30674402	      0.14498003	     34.71674765	     -6.17263759	      0.00000000	      0.12565845	      0.23653517	     -1.71785353	      0.23336031	      0.31459177	     -1.82521938	      0.20644427	      0.57511161	     -1.82521938	      0.14361505	      0.57511161	     -1.50312184	      0.11668644	      0.48234251	     -1.39575599	      0.07180124	      0.36639298	     -1.28839015	      0.89756577	      2.67573313	     -9.55418599	      0.00000000	      0.00000000	     21.57549953	      2.23096738	     -1.45377346	      8.38900228	    -14.50560486	     81.72077222	     21.86078737	     80.98252555	    -13.15057632	     -4.59541768	      3.14171947	    -12.75922013	     66.48947082	     23.57027002	     64.37943989	     -4.06711685	     -4.30144474
      3.64814815	     -0.08104443	     -0.79675347	     96.83686576	      0.21500069	      0.91856144	      0.60636755	      0.31016204	     -3.10353045	     -7.58011365	     13.95195568	      0.24350756	     36.75246475	     -3.48724904	      0.00000000	     -0.66533880	      3.64829720	     12.94923292	      8.58370804	      0.14981397	     35.36736233	     -3.68120671	      0.00000000	      0.12520400	      0.25321501	     -1.82043279	      0.23251635	      0.33677597	     -1.93420984	      0.20569765	      0.61566698	     -1.93420984	      0.14309565	      0.61566698	     -1.59287869	      0.11626443	      0.51635606	     -1.47910164	      0.07154157	      0.39223006	     -1.36532459	      0.89431965	      2.86441887	    -10.12470104	      0.00000000	      0.00000000	     21.41319820	      2.48295869	     -0.68787197	      8.80180756	    -14.28203116	     83.39992346	     21.36757784	     79.64702918	    -13.51800936	     -4.59299114	      3.20800921	    -12.75998179	     67.47638347	     23.51049927	     62.80962369	     -4.41829875	     -4.41781984
      3.66666667	      0.09115840	     -0.64306757	     96.80937920	      0.21478305	      0.91889644	      0.60584041	     -0.02471170	     -2.87916400	     -7.64111828	     13.60341342	      0.23742435	     36.64266523	     -3.38081707	      0.00000000	     -0.87631250	      3.44318226	     12.83968693	      8.43787671	      0.14726873	     35.45335599	     -3.23457897	      0.00000000	      0.11176777	      0.28238604	     -1.85272592	      0.20756393	      0.37557343	     -1.96852129	      0.18362327	      0.68659341	     -1.96852129	      0.12773939	      0.68659341	     -1.62113518	      0.10378755	      0.57584160	     -1.50533981	      0.06386411	      0.43741597	     -1.38954444	      0.79834603	      3.19440732	    -10.30430573	      0.00000000	      0.00000000	     21.25001960	      2.43929024	     -0.15346944	      8.90971830	    -14.27573873	     83.78358730	     21.15053082	     79.05283989	    -13.49663381	     -4.39389299	      3.19768312	    -12.72748154	     67.52598174	     23.85042864	     62.36108328	     -4.41799887	     -4.19975088
      3.68518519	      0.19998326	     -0.69172827	     96.78258273	      0.21448287	      0.91893721	      0.60539145	     -0.00399650	     -2.78500863	     -7.58447121	     13.53842189	      0.23629004	     36.59828350	     -3.23632690	      0.00000000	     -0.82806780	      3.36590692	     12.90274959	      8.49385660	      0.14824576	     35.55106372	     -3.07219186	      0.00000000	      0.12876007	      0.30479678	     -1.85349749	      0.23912033	      0.40537971	     -1.96934109	      0.21153992	      0.74108288	     -1.96934109	      0.14715988	      0.74108288	     -1.62181031	      0.11956660	      0.62154159	     -1.50596671	      0.07357350	      0.47213021	     -1.39012312	      0.91972031	      3.44792210	    -10.30859700	      0.00000000	      0.00000000	     21.23974624	      2.35043349	      0.06328935	      8.84160503	    -14.36060064	     83.85369300	     21.06114304	     78.93341493	    -13.41198877	     -4.18700785	      3.24340386	    -12.61746676	     67.49630269	     24.23752445	     62.19585730	     -4.28396898	     -4.01261755
      3.70370370	      0.68872338	     -0.45796272	     97.18941194	      0.21377307	      0.91926710	      0.60484781	     -0.57414148	     -2.16046269	     -7.88117525	     12.87665477	      0.22474002	     36.19422694	     -3.32016012	      0.00000000	     -1.04312057	      2.84599450	     13.29620688	      8.58588347	      0.14985194	     35.71853612	     -3.20538708	      0.00000000	      0.11139046	      0.37892352	     -1.95949520	      0.20686322	      0.50396829	     -2.08196365	      0.18300339	      0.92131466	     -2.08196365	      0.12730816	      0.92131466	     -1.71455830	      0.10343718	      0.77270085	     -1.59208985	      0.06364851	      0.58695254	     -1.46962140	      0.79565091	      4.28645868	    -10.89812447	      0.00000000	      0.00000000	     20.99412443	      2.11570092	      0.94560122	      8.97616287	    -14.55860678	     84.45674724	     20.94757475	     79.33664437	    -13.45490913	     -4.05482703	      3.28486725	    -12.43950111	     66.90615576	     24.96786618	     62.10871057	     -3.29872715	     -2.59803591
      3.72222222	      0.99779250	     -0.38797654	     97.38702338	      0.21346395	      0.91932666	      0.60440179	     -0.79994636	     -1.79708224	     -8.10916069	     12.54575899	      0.21896480	     36.05200115	     -3.10595172	      0.00000000	     -1.09337587	      2.52012473	     13.36331856	      8.77260087	      0.15311077	     35.75677235	     -3.27567990	      0.00000000	      0.11378866	      0.42442934	     -1.99735512	      0.21131691	      0.56449103	     -2.12218981	      0.18694338	      1.03195750	     -2.12218981	      0.13004905	      1.03195750	     -1.74768573	      0.10566415	      0.86549632	     -1.62285103	      0.06501884	      0.65744105	     -1.49801634	      0.81278099	      4.80122961	    -11.10868995	      0.00000000	      0.00000000	     20.93241501	      1.74657786	      1.03574831	      8.96767882	    -14.67787880	     84.83919212	     20.79447407	     79.32864520	    -13.42673830	     -4.12609169	      3.36778817	    -12.35405330	     66.68017265	     25.65370649	     62.25179997	     -2.54195053	     -1.81790047
      3.74074074	      1.24997644	     -0.37823245	     97.95270887	      0.21273572	      0.91913918	      0.60413210	     -0.95398661	     -1.65646101	    -10.07820907	     12.38527078	      0.21616375	     36.45302745	     -0.97102119	      0.00000000	     -1.07078525	      2.33089312	     14.66731527	      8.99300728	      0.15695759	     35.40264485	     -4.82172083	      0.00000000	      0.12184511	      0.45569196	     -2.14644560	      0.22627855	      0.60607031	     -2.28059845	      0.20017932	      1.10796944	     -2.28059845	      0.13925677	      1.10796944	     -1.87813990	      0.11314537	      0.92924705	     -1.74398705	      0.06962229	      0.70586685	     -1.60983420	      0.87032740	      5.15487862	    -11.93788652	      0.00000000	      0.00000000	     20.99567412	      1.50870442	      0.95354941	      9.24299336	    -14.69705730	     86.39496491	     20.63738521	     78.67724169	    -13.53270496	     -4.43529613	      2.12456925	    -12.11256573	     59.27341894	     26.85638386	     69.42563118	     -0.13164376	      1.28924303
      3.75925926	      1.40337001	     -0.44398811	     98.11497320	      0.21271564	      0.91897037	      0.60399717	     -0.90884543	     -1.47062697	    -10.09393023	     12.29960770	      0.21466865	     36.58364965	     -0.98101162	      0.00000000	     -1.00453980	      2.15418270	     14.37984069	      9.14102822	      0.15954104	     35.16835107	     -4.80757579	      0.00000000	      0.14461801	      0.47332949	     -2.18066188	      0.26857011	      0.62952822	     -2.31695325	      0.23759293	      1.15085332	     -2.31695325	      0.16528393	      1.15085332	     -1.90807914	      0.13429229	      0.96521350	     -1.77178778	      0.08263473	      0.73318738	     -1.63549641	      1.03299200	      5.35439786	    -12.12818717	      0.00000000	      0.00000000	     20.90660588	      1.40491513	      0.86651652	      9.21789700	    -14.78190854	     86.57793712	     20.72140854	     78.34138578	    -13.40703159	     -4.36214319	      2.12476272	    -12.04934733	     59.42376558	     27.16886918	     69.25901636	      0.14609687	      1.59515714
      3.77777778	      1.75456186	     -0.25703779	     98.82249537	      0.21226036	      0.91900024	      0.60441552	     -1.24133084	     -1.00706439	    -10.82387765	     11.99713304	      0.20938947	     36.67954534	     -0.71735654	      0.00000000	     -0.87703638	      1.69535488	     14.04029204	      9.71067091	      0.16948318	     35.33506076	     -4.04611756	      0.00000000	      0.12260916	      0.50307039	     -2.26096137	      0.22769747	      0.66908362	     -2.40227145	      0.20143459	      1.22316534	     -2.40227145	      0.14013001	      1.22316534	     -1.97834120	      0.11385487	      1.02586114	     -1.83703111	      0.07005887	      0.77925603	     -1.69572103	      0.87578498	      5.69083286	    -12.57478884	      0.00000000	      0.00000000	     20.84999190	      0.83400989	     -0.28386925	      9.28987543	    -14.80147776	     87.20579855	     20.56890111	     78.41540215	    -13.74354573	     -4.94577257	      2.50090566	    -12.07495646	     59.68902544	     27.42348437	     68.97774810	      1.83051959	      3.05094303
      3.79629630	      1.90020536	     -0.13985878	     99.09859682	      0.21235004	      0.91906160	      0.60475960	     -1.44324644	     -0.77805097	    -11.05473180	     11.77822825	      0.20556886	     36.87459723	     -0.59983913	      0.00000000	     -0.84623907	      1.38688571	     12.78401003	      9.92864832	      0.17328760	     35.50143901	     -2.30468195	      0.00000000	      0.10811558	      0.50935818	     -2.24312905	      0.20078144	      0.67744638	     -2.38332461	      0.17762309	      1.23845347	     -2.38332461	      0.12356530	      1.23845347	     -1.96273792	      0.10039613	      1.03868320	     -1.82254235	      0.06177724	      0.78899582	     -1.68234678	      0.77225878	      5.76196157	    -12.47561081	      0.00000000	      0.00000000	     20.79991111	      0.74792139	     -1.04150888	      9.31264611	    -14.76893791	     88.01962593	     20.48285125	     76.84789791	    -13.78024593	     -5.23374916	      2.84883033	    -12.11900098	     60.57660302	     27.51237793	     68.13562903	      1.91028859	      3.53319451
      3.81481481	      1.94901402	     -0.15341567	     99.71267381	      0.21221151	      0.91898554	      0.60520756	     -1.51323146	     -0.64412857	    -11.38421680	     11.65338808	      0.20338999	     37.00287584	     -0.80450297	      0.00000000	     -0.69405231	      1.28176616	     13.16544759	     10.03101582	      0.17507425	     35.36921864	     -2.12168418	      0.00000000	      0.11415868	      0.49356193	     -2.23710492	      0.21200408	      0.65643736	     -2.37692398	      0.18755129	      1.20004647	     -2.37692398	      0.13047195	      1.20004647	     -1.95746681	      0.10600775	      1.00647148	     -1.81764775	      0.06523027	      0.76452742	     -1.67782869	      0.81542402	      5.58327121	    -12.44210644	      0.00000000	      0.00000000	     20.77166557	      0.54487824	     -2.38484317	      9.04549483	    -14.63474267	     87.78411653	     20.31539679	     77.12873016	    -14.18184667	     -5.55705803	      3.29327708	    -12.22615833	     61.23983000	     27.39371904	     69.03526802	      2.54962536	      3.52831064
      3.83333333	      2.00810804	     -0.25531440	     99.83543852	      0.21239210	      0.91880940	      0.60544667	     -1.37633278	     -0.57986715	    -11.43223127	     11.67265957	      0.20372634	     37.20763434	     -0.83263733	      0.00000000	     -0.51200865	      1.22525795	     13.11610998	     10.05040433	      0.17541265	     35.31065822	     -2.01749791	      0.00000000	      0.12595225	      0.49180427	     -2.20565343	      0.23390593	      0.65409968	     -2.34350677	      0.20692695	      1.19577290	     -2.34350677	      0.14395083	      1.19577290	     -1.92994675	      0.11695926	      1.00288727	     -1.79209341	      0.07196912	      0.76180481	     -1.65424007	      0.89966433	      5.56338825	    -12.26718267	      0.00000000	      0.00000000	     20.89122144	      0.58830174	     -2.43304621	      8.96956135	    -14.66720065	     87.76612037	     20.41726014	     77.05038162	    -14.08408393	     -5.46442119	      3.39714451	    -12.28720248	     61.25391022	     27.51003360	     68.96121371	      2.50476701	      3.53034192
      3.85185185	      2.12654766	     -0.25631633	    100.44312594	      0.21202397	      0.91884623	      0.60588232	     -1.47277749	     -0.36641885	    -11.57098250	     11.45257106	      0.19988507	     37.08842275	     -1.35464128	      0.00000000	     -0.35197453	      1.04561640	     13.33611874	     10.13451841	      0.17688071	     35.35573839	     -1.44578545	      0.00000000	      0.11942327	      0.48542919	     -2.17284829	      0.22178096	      0.64562082	     -2.30865131	      0.19620050	      1.18027254	     -2.30865131	      0.13648886	      1.18027254	     -1.90124226	      0.11089645	      0.98988721	     -1.76543924	      0.06823846	      0.75192982	     -1.62963622	      0.85302851	      5.49127210	    -12.08473034	      0.00000000	      0.00000000	     21.16043246	      0.74337025	     -3.59561691	      8.48385851	    -14.62415274	     86.56618542	     20.37659751	     76.72808011	    -14.59596041	     -5.50470176	      4.05448678	    -12.25353856	     62.35254104	     27.23288164	     70.35772642	      2.50493129	      2.95635212
      3.87037037	      2.16976308	     -0.33798932	    100.49355971	      0.21214648	      0.91867698	      0.60599148	     -1.36833356	     -0.33503407	    -11.57436999	     11.42517129	      0.19940686	     37.16152033	     -1.36631057	      0.00000000	     -0.24576887	      1.01348403	     13.30189783	     10.10661518	      0.17639371	     35.41656688	     -1.42320418	      0.00000000	      0.12372374	      0.48365618	     -2.16384154	      0.22976737	      0.64326272	     -2.29908163	      0.20326574	      1.17596164	     -2.29908163	      0.14140387	      1.17596164	     -1.89336135	      0.11488987	      0.98627168	     -1.75812125	      0.07069575	      0.74918342	     -1.62288115	      0.88374634	      5.47121544	    -12.03463749	      0.00000000	      0.00000000	     21.32600848	      0.77282282	     -3.58225273	      8.46047755	    -14.61005192	     86.54973178	     20.40315607	     76.72310077	    -14.54491122	     -5.46740001	      4.16951410	    -12.25501109	     62.33633304	     27.25171395	     70.32859939	      2.46708361	      2.96059451
      3.88888889	      2.40057020	     -0.47452817	    100.77299442	      0.21224250	      0.91839300	      0.60660505	     -1.20825130	     -0.05858723	    -11.44527805	     11.28765350	      0.19700672	     37.01607697	     -1.74467421	      0.00000000	      0.18514676	      0.72530124	     12.70507417	     10.42511129	      0.18195252	     35.71562195	     -0.32518213	      0.00000000	      0.12240423	      0.49854166	     -2.16438317	      0.22731690	      0.66306041	     -2.29965712	      0.20109791	      1.21215420	     -2.29965712	      0.13989580	      1.21215420	     -1.89383528	      0.11366457	      1.01662616	     -1.75856133	      0.06994178	      0.77224104	     -1.62328738	      0.87432119	      5.63960302	    -12.03764989	      0.00000000	      0.00000000	     21.96045556	      1.28128527	     -3.47338126	      8.42598735	    -14.50967436	     86.45863852	     20.19688898	     75.87088689	    -14.47234678	     -5.63040542	      4.50547350	    -12.05343241	     62.93306448	     26.88284246	     69.85058877	      2.06150464	      2.92707793
      3.90740741	      2.49082439	     -0.71369208	    100.88378534	      0.21214026	      0.91793086	      0.60703175	     -0.95298536	     -0.00580754	    -11.35612189	     11.21000666	      0.19565153	     36.92689368	     -1.90549165	      0.00000000	      0.59876293	      0.67963162	     12.45860531	     10.61690850	      0.18530001	     35.91532995	      0.08822300	      0.00000000	      0.13548054	      0.50517966	     -2.19829779	      0.25160091	      0.67188895	     -2.33569140	      0.22258098	      1.22829382	     -2.33569140	      0.15484071	      1.22829382	     -1.92351057	      0.12580723	      1.03016236	     -1.78611696	      0.07741358	      0.78252329	     -1.64872334	      0.96772394	      5.71469333	    -12.22627282	      0.00000000	      0.00000000	     22.47263071	      1.59097522	     -3.11209507	      8.52326485	    -14.40073893	     86.48549474	     19.99386215	     75.74126480	    -14.32708708	     -5.59298938	      4.54429648	    -11.85325357	     62.97457054	     26.50430991	     69.47213722	      1.85320148	      2.96552854
      3.92592593	      2.62487413	     -0.97716270	    101.11755422	      0.21206852	      0.91737941	      0.60754935	     -0.72212563	      0.14220717	    -11.15847389	     11.03242989	      0.19255223	     36.69990245	     -2.40216373	      0.00000000	      1.10032224	      0.59140522	     12.34521009	     10.89446747	      0.19014433	     36.11071569	      0.44336672	      0.00000000	      0.14833510	      0.51838655	     -2.29779748	      0.27547312	      0.68945411	     -2.44140982	      0.24369974	      1.26040505	     -2.44140982	      0.16953219	      1.26040505	     -2.01057279	      0.13774397	      1.05709385	     -1.86696045	      0.08475868	      0.80298076	     -1.72334811	      1.05954279	      5.86409230	    -12.77966023	      0.00000000	      0.00000000	     23.04343409	      2.24621286	     -1.99949143	      8.79314055	    -14.28976006	     86.70765516	     19.83054927	     76.18931838	    -14.06251988	     -5.66151028	      4.38584214	    -11.68207720	     62.54238601	     26.14276776	     68.70949638	      1.75126377	      2.95717928
      3.94444444	      2.60961801	     -1.16274569	    101.08652568	      0.21229665	      0.91711108	      0.60814693	     -0.56798221	      0.10259930	    -11.07452765	     10.90079662	      0.19025479	     36.47134063	     -2.41812650	      0.00000000	      1.38682402	      0.62639145	     11.94288728	     11.00282011	      0.19203544	     36.16851814	      0.83268649	      0.00000000	      0.14616600	      0.51001759	     -2.29135016	      0.27144488	      0.67832339	     -2.43455954	      0.24013612	      1.24005676	     -2.43455954	      0.16705312	      1.24005676	     -2.00493139	      0.13572975	      1.04002786	     -1.86172200	      0.08351925	      0.79001724	     -1.71851262	      1.04404913	      5.76942095	    -12.74380217	      0.00000000	      0.00000000	     23.53292194	      2.63197244	     -1.78287011	      8.99850505	    -14.12789359	     87.15876003	     19.71349390	     75.37700447	    -13.89424677	     -5.40324104	      4.46957422	    -11.49897175	     62.60887974	     25.74951314	     67.80790483	      1.31121930	      3.36114102
      3.96296296	      2.60500836	     -1.17962404	    101.12442635	      0.21277656	      0.91704251	      0.60888331	     -0.65092989	      0.13644388	    -11.28385694	     10.65025801	      0.18588207	     36.24853768	     -2.14391675	      0.00000000	      1.50089050	      0.55731195	     11.42801655	     11.08679736	      0.19350112	     36.30120261	      1.64234374	      0.00000000	      0.12213458	      0.49889611	     -2.28225518	      0.22681613	      0.66353182	     -2.42489613	      0.20065491	      1.21301599	     -2.42489613	      0.13958762	      1.21301599	     -1.99697329	      0.11341417	      1.01734894	     -1.85433234	      0.06978770	      0.77279007	     -1.71169139	      0.87239511	      5.64361253	    -12.69321866	      0.00000000	      0.00000000	     23.89846464	      3.12916844	     -1.47523411	      9.32400449	    -13.97097338	     88.19657144	     19.59215918	     74.41544464	    -13.64912067	     -5.70699582	      4.69266828	    -11.52429517	     63.12238856	     25.62524983	     66.64362232	      0.79027384	      3.57459897
      3.98148148	      2.48519459	     -1.21554473	    101.10295444	      0.21343788	      0.91700014	      0.60973750	     -0.69687061	      0.02154466	    -11.66136906	     10.48570071	      0.18301000	     36.11123524	     -1.59050418	      0.00000000	      1.64105711	      0.59610233	     10.74396459	     11.24209704	      0.19621161	     36.40831531	      2.51943641	      0.00000000	      0.11001214	      0.46913138	     -2.22804522	      0.20430355	      0.62394473	     -2.36729805	      0.18073895	      1.14064604	     -2.36729805	      0.12573288	      1.14064604	     -1.94953957	      0.10215728	      0.95665271	     -1.81028674	      0.06286094	      0.72668451	     -1.67103392	      0.78580574	      5.30690799	    -12.39171912	      0.00000000	      0.00000000	     24.19179317	      3.52191448	     -1.43614322	      9.63121619	    -13.76775986	     89.80188082	     19.50389202	     72.90257103	    -13.62892049	     -5.92804652	      5.15159980	    -11.64362233	     64.48398829	     25.53986606	     65.44977327	      0.16085326	      3.58874823
      4.00000000	      2.29617135	     -1.32465258	    101.19530306	      0.21407338	      0.91692585	      0.61093221	     -0.60523346	     -0.09152328	    -11.20478761	     10.41430356	      0.18176389	     35.76167782	     -2.42633137	      0.00000000	      1.88306845	      0.85141020	     11.39247967	     11.46040952	      0.20002188	     36.16712397	      1.69855415	      0.00000000	      0.11697818	      0.42495510	     -2.16886806	      0.21724018	      0.56519028	     -2.30442232	      0.19218345	      1.03323583	     -2.30442232	      0.13369436	      1.03323583	     -1.89775956	      0.10862594	      0.86656844	     -1.76220530	      0.06684133	      0.65825545	     -1.62665105	      0.83556343	      4.80717707	    -12.06259351	      0.00000000	      0.00000000	     24.43371394	      3.77555454	     -1.71145887	     10.10807606	    -13.20308239	     93.86101475	     18.80039090	     69.18247093	    -13.93836112	     -6.71865187	      5.99363851	    -11.80532966	     67.42960976	     25.27087655	     64.01360744	     -0.58107865	      2.80254672
      4.01851852	      2.02369948	     -1.36059257	    100.76573236	      0.21533533	      0.91692451	      0.61202436	     -0.52929849	     -0.42018795	    -11.65884532	     10.46736805	      0.18269004	     35.85400392	     -1.32792866	      0.00000000	      1.96496424	      1.02709842	     10.31891943	     11.56927135	      0.20192188	     36.22282948	      2.59170865	      0.00000000	      0.11175130	      0.37511783	     -2.01669746	      0.20753334	      0.49890671	     -2.14274105	      0.18359621	      0.91206148	     -2.14274105	      0.12772056	      0.91206148	     -1.76461028	      0.10377226	      0.76494027	     -1.63856669	      0.06385469	      0.58105751	     -1.51252309	      0.79822835	      4.24340787	    -11.21626626	      0.00000000	      0.00000000	     24.67579240	      3.92874445	     -1.96081541	     10.30086931	    -12.89083661	     95.43302440	     18.68151777	     67.50507341	    -14.01801100	     -6.72009128	      6.69605152	    -12.01718281	     69.31230374	     25.32636468	     63.73609547	     -1.12306133	      2.33720183
      4.03703704	      1.75309623	     -1.42966519	    100.37508772	      0.21638520	      0.91677660	      0.61312748	     -0.42331098	     -0.70510842	    -11.63847413	     10.49162170	      0.18311334	     35.92950830	     -0.97390849	      0.00000000	      2.04876193	      1.32792375	     10.35200796	     11.57596300	      0.20203867	     36.09164560	      2.08844404	      0.00000000	      0.11533441	      0.32860321	     -1.85895659	      0.21418752	      0.43704227	     -1.97514138	      0.18948289	      0.79896584	     -1.97514138	      0.13181569	      0.79896584	     -1.62658702	      0.10709953	      0.67008766	     -1.51040223	      0.06590208	      0.50900637	     -1.39421744	      0.82382213	      3.71722521	    -10.33895887	      0.00000000	      0.00000000	     24.91520989	      3.97083478	     -2.27383297	     10.26395118	    -12.70093501	     95.67227493	     18.69537190	     66.62186230	    -13.96106434	     -6.55489404	      7.37195607	    -12.13996396	     70.67493192	     25.35986368	     64.86514566	     -1.38749509	      1.73300247
      4.05555556	      1.38458700	     -1.53982474	     99.52534095	      0.21785740	      0.91652163	      0.61374824	     -0.21394760	     -1.12587850	    -11.07436775	     10.62033350	      0.18535979	     35.96886194	     -0.64703035	      0.00000000	      1.86700087	      1.95751303	     12.77362485	     11.12063019	      0.19409161	     35.31248134	     -1.86991451	      0.00000000	      0.12733997	      0.27492248	     -1.62210254	      0.23648306	      0.36564689	     -1.72348395	      0.20920683	      0.66844651	     -1.72348395	      0.14553685	      0.66844651	     -1.41933973	      0.11824789	      0.56062191	     -1.31795832	      0.07276206	      0.42585491	     -1.21657691	      0.90957666	      3.10997803	     -9.02164772	      0.00000000	      0.00000000	     25.17809230	      3.78610106	     -2.74449365	      9.97301557	    -12.63306147	     94.51327100	     18.90581419	     66.39909418	    -13.77776941	     -6.34802992	      7.43819219	    -12.18060770	     68.64077341	     25.65066263	     70.08812464	     -0.94486073	      2.18710295
      4.07407407	      1.01150818	     -1.72936291	     98.64809897	      0.21960355	      0.91618636	      0.61480617	      0.16162064	     -1.58791915	    -10.95836825	     10.82843246	      0.18899180	     36.21900303	      0.27080249	      0.00000000	      2.05152327	      2.30668963	     11.91800500	     11.00481301	      0.19207022	     35.52265737	     -1.32844254	      0.00000000	      0.14027889	      0.22190455	     -1.35767725	      0.26051192	      0.29513305	     -1.44253207	      0.23046418	      0.53953872	     -1.44253207	      0.16032474	      0.53953872	     -1.18796759	      0.13026297	      0.45250776	     -1.10311276	      0.08015536	      0.34373015	     -1.01825793	      1.00199806	      2.51022865	     -7.55099354	      0.00000000	      0.00000000	     25.43742719	      3.56771761	     -3.24347342	      9.79134804	    -12.33665192	     94.46202603	     18.65035278	     65.49953628	    -13.93623715	     -6.58075796	      8.26213663	    -12.14887292	     70.27359978	     25.55473086	     70.33958819	     -0.90115416	      2.23974777
      4.09259259	      0.74780457	     -1.92757519	     97.94154457	      0.22109920	      0.91586007	      0.61563172	      0.46904274	     -1.89307936	    -10.76367816	     10.89617668	      0.19017416	     36.37751524	      0.92796321	      0.00000000	      2.30093063	      2.54168265	     11.20052423	     10.94291476	      0.19098989	     35.80769628	     -0.68540536	      0.00000000	      0.15111197	      0.18726647	     -1.16569439	      0.28063004	      0.24906441	     -1.23855029	      0.24826186	      0.45531971	     -1.23855029	      0.17270587	      0.45531971	     -1.01998259	      0.14032258	      0.38187379	     -0.94712669	      0.08634538	      0.29007577	     -0.87427079	      1.07937769	      2.11839581	     -6.48324250	      0.00000000	      0.00000000	     25.80836539	      3.44375047	     -3.35095453	      9.79865090	    -12.16529842	     94.50676835	     18.70941857	     64.81756547	    -14.12550066	     -6.25409754	      8.75193318	    -11.99843273	     70.63872732	     25.59140071	     69.24265879	     -1.06121410	      2.64638563
      4.11111111	      0.26496692	     -2.34880791	     96.29462036	      0.22387349	      0.91537433	      0.61664751	      1.39706898	     -2.49280430	     -9.74793919	     11.49460159	      0.20061864	     36.81448641	      1.60243827	      0.00000000	      2.58415261	      3.08829868	     10.94012519	     10.58321864	      0.18471201	     35.60540201	     -1.79024028	      0.00000000	      0.17947776	      0.12356254	     -0.78057237	      0.33330814	      0.16433818	     -0.82935814	      0.29486401	      0.30042996	     -0.82935814	      0.20512513	      0.30042996	     -0.68300082	      0.16666304	      0.25196874	     -0.63421505	      0.10255359	      0.19139838	     -0.58542928	      1.28199167	      1.39776419	     -4.34130935	      0.00000000	      0.00000000	     26.17599643	      3.07586268	     -4.25456300	      9.93639102	    -11.70102451	     95.25516072	     18.23008503	     66.22908003	    -14.83667718	     -6.51926474	      9.37685822	    -11.88733240	     70.61346884	     25.73448624	     69.75922092	     -0.97790677	      2.68373051
      4.12962963	     -0.16438368	     -2.80603406	     95.02682135	      0.22649428	      0.91503141	      0.61799219	      2.30202473	     -2.96789603	     -9.05319053	     11.95449565	      0.20864531	     37.15714653	      2.14763537	      0.00000000	      3.05913120	      3.53334760	     10.72432133	     10.42439518	      0.18194002	     35.36867869	     -2.51919211	      0.00000000	      0.20455513	      0.06158825	     -0.53230196	      0.37987933	      0.08191238	     -0.56557083	      0.33606362	      0.14974568	     -0.56557083	      0.23378606	      0.14974568	     -0.46576421	      0.18994989	      0.12559077	     -0.43249534	      0.11688280	      0.09540020	     -0.39922647	      1.46111684	      0.69669864	     -2.96050380	      0.00000000	      0.00000000	     26.53073299	      2.96839073	     -4.83744542	     10.62318129	    -10.99948750	     97.39454623	     17.70886491	     68.94395660	    -15.49512896	     -6.01871637	      9.71781304	    -11.74600379	     69.67591792	     25.93080003	     69.12568612	     -1.54936363	      2.37972347
      4.14814815	     -0.59791752	     -3.27974408	     93.70947319	      0.22917573	      0.91476268	      0.61954701	      3.28021542	     -3.42638166	     -8.37458553	     12.43921541	      0.21710527	     37.49924012	      2.76959898	      0.00000000	      3.54222516	      3.94134058	     10.31035404	     10.23964627	      0.17871554	     35.03806408	     -3.12987519	      0.00000000	      0.22846573	      0.00182808	     -0.33719463	      0.42428371	      0.00243135	     -0.35826930	      0.37534635	      0.00444479	     -0.35826930	      0.26111348	      0.00444479	     -0.29504530	      0.21215328	      0.00372782	     -0.27397064	      0.13054532	      0.00283170	     -0.25289598	      1.63190788	      0.02067960	     -1.87537539	      0.00000000	      0.00000000	     26.81289903	      3.05410189	     -5.11733644	     11.85254310	     -9.95232945	    101.48027034	     16.89537726	     73.49583025	    -16.23489389	     -4.98702617	      9.88578967	    -11.60666785	     68.42618798	     26.29302528	     67.78501092	     -2.48797416	      1.71827342
      4.16666667	     -1.00130283	     -3.71595089	     92.47780308	      0.23188489	      0.91454654	      0.62118404	      4.24991048	     -3.80953973	     -7.78250891	     12.94888386	      0.22600066	     37.84764988	      3.34680772	      0.00000000	      4.04574311	      4.26847684	      9.68691136	     10.17468875	      0.17758182	     34.75283310	     -3.59485418	      0.00000000	      0.25232022	     -0.05170854	     -0.19539567	      0.46858387	     -0.06877235	     -0.20760790	      0.41453688	     -0.12572413	     -0.20760790	      0.28837677	     -0.12572413	     -0.17097121	      0.23430455	     -0.10544405	     -0.15875898	      0.14417577	     -0.08009652	     -0.14654675	      1.80229807	     -0.58493730	     -1.08673210	      0.00000000	      0.00000000	     26.96576974	      3.25648138	     -5.10758771	     13.36566305	     -8.53370649	    106.85885556	     15.82132647	     78.57098447	    -16.44777364	     -3.79000871	     10.04870995	    -11.50772364	     67.48921319	     26.80299415	     66.28382459	     -3.62341083	      0.61569022
      4.18518519	     -1.35379744	     -4.16683705	     91.47277027	      0.23436430	      0.91473124	      0.62242679	      5.08214398	     -4.07787684	     -7.20516673	     13.22830749	      0.23087752	     37.96292127	      3.66596194	      0.00000000	      4.53812163	      4.49820095	      8.87586933	     10.07871732	      0.17590680	     34.45420689	     -3.80440830	      0.00000000	      0.28612725	     -0.11653528	      0.04667938	      0.53136692	     -0.15499192	      0.04959684	      0.47007846	     -0.28334387	      0.04959684	      0.32701483	     -0.28334387	      0.04084446	      0.26569776	     -0.23763874	      0.03792700	      0.16349311	     -0.18051314	      0.03500954	      2.04377834	     -1.31827036	      0.25961672	      0.00000000	      0.00000000	     27.05328990	      3.45338594	     -6.41898943	     12.74180156	     -2.83312267	    189.15634896	      0.81025080	      9.84055236	     -9.57932533	     -9.07878855	     11.74981236	    -11.42630558	     73.39527559	     27.02978523	     59.79708865	     -5.66859289	     -1.75625127
      4.20370370	     -1.57950534	     -4.38390784	     90.47903273	      0.23629972	      0.91476282	      0.62397868	      5.73271942	     -4.24243041	     -6.76452744	     13.58415084	      0.23708816	     38.13378220	      4.14103279	      0.00000000	      4.89909544	      4.63078855	      8.16982717	     10.14736176	      0.17710487	     34.32157100	     -4.36942381	      0.00000000	      0.29821629	     -0.12993952	      0.16402899	      0.55381747	     -0.17281956	      0.17428080	      0.48993954	     -0.31593495	      0.17428080	      0.34083139	     -0.31593495	      0.14352537	      0.27692364	     -0.26497267	      0.13327355	      0.17040079	     -0.20127631	      0.12302174	      2.13012912	     -1.46990182	      0.91228003	      0.00000000	      0.00000000	     26.85787360	      3.29897949	     -6.29956452	     14.03452199	     -2.04355679	    191.07394069	      0.75777227	     11.90436475	     -7.86714683	     -9.78550854	     12.57124331	    -11.23420647	     74.01621797	     27.86595138	     60.92688998	     -6.54240523	     -2.90180680
      4.22222222	     -1.75973012	     -4.47212075	     89.54476600	      0.23807762	      0.91502743	      0.62521574	      6.16471793	     -4.35311443	     -6.40573032	     13.81539813	      0.24112418	     38.20258296	      4.65712057	      0.00000000	      5.07919352	      4.71809599	      7.55084132	     10.11870796	      0.17660477	     34.20418031	     -5.08009628	      0.00000000	      0.30196728	     -0.12791196	      0.31348502	      0.56078343	     -0.17012291	      0.33307783	      0.49610204	     -0.31100514	      0.33307783	      0.34511840	     -0.31100514	      0.27429939	      0.28040681	     -0.26083807	      0.25470658	      0.17254410	     -0.19813563	      0.23511377	      2.15692206	     -1.44696569	      1.74350964	      0.00000000	      0.00000000	     26.50742120	      3.00660679	     -5.81404032	     15.20063384	     -1.39798070	    190.40875041	      0.76523371	     11.41728127	     -5.22162013	    -11.37859211	     13.85234299	    -10.91510808	     75.79153303	     28.86752780	     63.16342494	     -7.19276608	     -3.83968195
      4.24074074	     -1.87496728	     -4.47893909	     88.72642334	      0.23972532	      0.91541226	      0.62603710	      6.43814968	     -4.41452637	     -6.25502492	     13.97685475	      0.24394213	     38.23850793	      5.39302012	      0.00000000	      5.08015124	      4.77249636	      7.49758349	      9.91943263	      0.17312676	     33.95991960	     -6.36135547	      0.00000000	      0.30237288	     -0.12245287	      0.55455795	      0.56153667	     -0.16286232	      0.58921782	      0.49676840	     -0.29773191	      0.58921782	      0.34558196	     -0.29773191	      0.48523821	      0.28078346	     -0.24970590	      0.45057834	      0.17277586	     -0.18967950	      0.41591846	      2.15981924	     -1.38521138	      3.08428496	      0.00000000	      0.00000000	     26.01328326	      2.22338531	     -6.30288103	     15.92645288	     -1.06243417	    183.94573657	      0.84248444	      6.00562259	      0.94422070	    -12.79102289	     15.64485781	    -10.29216915	     78.43672485	     29.82279465	     65.51195156	     -6.25100451	     -4.19521534
      4.25925926	     -2.01743489	     -4.44157563	     88.10122185	      0.24117239	      0.91578580	      0.62656102	      6.61478048	     -4.50652986	     -6.17344311	     14.08984817	      0.24591424	     38.28574963	      5.95356183	      0.00000000	      5.03757551	      4.88803909	      7.66486312	      9.75959989	      0.17033715	     33.63827079	     -7.86009874	      0.00000000	      0.30085837	     -0.12106844	      0.79641135	      0.55872408	     -0.16102103	      0.84618706	      0.49428022	     -0.29436581	      0.84618706	      0.34385103	     -0.29436581	      0.69685993	      0.27937708	     -0.24688277	      0.64708422	      0.17191047	     -0.18753502	      0.59730851	      2.14900127	     -1.36955045	      4.42940098	      0.00000000	      0.00000000	     25.49264231	      1.27659730	     -6.91707278	     16.35946032	     -0.79160490	    170.10698352	      1.34384387	      2.62476935	      8.57575936	    -13.04973831	     17.62036227	     -9.46796572	     81.15708838	     30.76745466	     65.89589814	     -2.97314414	     -4.11233775
      4.27777778	     -2.20727629	     -4.28578420	     87.64853303	      0.24271337	      0.91626938	      0.62704387	      6.64630657	     -4.62599696	     -5.99663546	     14.21715016	      0.24813608	     38.25186007	      6.19428964	      0.00000000	      4.85389161	      5.06912172	      8.14777770	      9.59010369	      0.16737888	     33.13550089	     -9.68031115	      0.00000000	      0.29240917	     -0.13425819	      0.96564018	      0.54303307	     -0.17856339	      1.02599269	      0.48039903	     -0.32643535	      1.02599269	      0.33419444	     -0.32643535	      0.84493516	      0.27153116	     -0.27377929	      0.78458265	      0.16708260	     -0.20796593	      0.72423014	      2.08864947	     -1.51875544	      5.37060100	      0.00000000	      0.00000000	     24.85357717	      0.63013022	     -7.44002711	     17.61754900	     -0.88677307	    146.79019874	      5.68878465	      2.69794053	     13.11071242	    -11.45343163	     19.76657047	     -8.75721221	     84.98020511	     31.92274451	     62.37292404	      0.29956505	     -4.24723936
      4.29629630	     -1.77956227	     -4.17724376	     87.09770998	      0.24186430	      0.91567130	      0.62720883	      6.67360226	     -4.26020086	     -5.90797315	     14.31845098	      0.24990411	     38.22605287	      6.68508052	      0.00000000	      4.78648682	      4.74606883	      8.00134992	      9.69936336	      0.16928583	     33.17532183	    -10.78609739	      0.00000000	      0.27991351	     -0.06321458	      1.26363005	      0.51982737	     -0.08407540	      1.34260693	      0.45986990	     -0.15369994	      1.34260693	      0.31991315	     -0.15369994	      1.10567630	      0.25992768	     -0.12890718	      1.02669942	      0.15994258	     -0.09791939	      0.94772254	      1.99939418	     -0.71509600	      7.02793127	      0.00000000	      0.00000000	     24.81043213	     -0.84523393	     -9.46678376	     12.68721337	     -8.44095346	     67.02330883	     25.18046939	     50.80360243	      4.02130348	      5.03037235	     21.93416106	     -6.99429471	     89.20407250	     32.59917604	     56.28114514	      3.59593639	     -4.41671459
      4.31481481	     -1.89354126	     -4.09820356	     86.81033377	      0.24307122	      0.91564645	      0.62698481	      6.62264894	     -4.28016146	     -5.57018563	     14.35241284	      0.25049686	     38.09624188	      6.68359974	      0.00000000	      4.69024948	      4.79679109	      7.30102346	      9.77916593	      0.17067864	     33.04568570	    -10.83521780	      0.00000000	      0.28522792	     -0.09083001	      1.35807180	      0.52969677	     -0.12080392	      1.44295129	      0.46860095	     -0.22084410	      1.44295129	      0.32598699	     -0.22084410	      1.18831282	      0.26486264	     -0.18522056	      1.10343334	      0.16297923	     -0.14069569	      1.01855385	      2.03735449	     -1.02748728	      7.55318792	      0.00000000	      0.00000000	     24.76896757	     -1.42709904	    -11.04086734	     12.60138748	     -7.84193240	     64.95354532	     26.17876821	     47.88620762	      5.07410108	      5.45640243	     22.50817333	     -6.55384081	     88.20586338	     33.92883093	     53.96418880	      6.40846082	     -3.41503059
      4.33333333	     -1.98280845	     -3.95989153	     86.63891225	      0.24416030	      0.91561686	      0.62659404	      6.37113839	     -4.26555894	     -5.28557167	     14.23016023	      0.24836315	     37.92909780	      6.74263027	      0.00000000	      4.53202766	      4.84564433	      6.79506186	      9.98066975	      0.17419555	     32.87709114	    -10.88709726	      0.00000000	      0.28286899	     -0.11548180	      1.35882829	      0.52531601	     -0.15359079	      1.44375506	      0.46472547	     -0.28078244	      1.44375506	      0.32329097	     -0.28078244	      1.18897475	      0.26267215	     -0.23549048	      1.10404799	      0.16163134	     -0.17888130	      1.01912122	      2.02050493	     -1.30635319	      7.55739530	      0.00000000	      0.00000000	     24.93331932	     -1.57673637	    -11.90808074	     12.93206816	     -7.49709246	     64.81964692	     27.38458281	     47.53778834	      5.68525801	      5.29591961	     22.71596263	     -6.50494001	     87.08274346	     35.42004124	     52.30461611	      7.54051320	     -3.51672992
      4.35185185	     -2.07557646	     -3.78843190	     86.43464218	      0.24541508	      0.91592314	      0.62653515	      6.12626962	     -4.12523621	     -4.09579705	     14.17088510	      0.24732860	     37.43284631	      5.47707527	      0.00000000	      4.45647580	      4.74558045	      4.27852954	     10.41490863	      0.18177445	     33.19725552	     -8.37686043	      0.00000000	      0.28470489	     -0.14671152	      1.36802604	      0.52872544	     -0.19512632	      1.45352767	      0.46774166	     -0.35671439	      1.45352767	      0.32538921	     -0.35671439	      1.19702279	      0.26437696	     -0.29917413	      1.11152116	      0.16268037	     -0.22725614	      1.02601953	      2.03361853	     -1.65963005	      7.60855043	      0.00000000	      0.00000000	     24.74967025	     -1.97935961	    -13.56857075	     13.33691208	     -7.12924848	     64.94976390	     28.15663536	     48.62944467	      6.47088054	      4.93514332	     23.48548055	     -6.55029357	     88.73399701	     37.11374488	     43.13647276	      7.56507561	     -1.89946350
      4.37037037	     -2.15019939	     -3.53646096	     86.37923866	      0.24637748	      0.91636301	      0.62614189	      5.67422286	     -4.10487374	     -3.92189035	     14.01998163	      0.24469484	     37.11715065	      5.41467189	      0.00000000	      4.16703409	      4.76732989	      3.54912366	     10.66402615	      0.18612237	     33.09143288	     -7.91093966	      0.00000000	      0.28601804	     -0.16792617	      1.31597011	      0.53116410	     -0.22334180	      1.39821825	      0.46989904	     -0.40829568	      1.39821825	      0.32689002	     -0.40829568	      1.15147385	      0.26559635	     -0.34243504	      1.06922572	      0.16343071	     -0.26011763	      0.98697759	      2.04299825	     -1.89961438	      7.31903098	      0.00000000	      0.00000000	     24.50849875	     -2.03458934	    -14.28588983	     13.62807652	     -7.11216292	     64.92538868	     29.26705445	     52.00766362	      7.17098207	      3.93887059	     23.46010720	     -7.04012506	     87.27668507	     39.02497243	     41.15848362	      7.13177673	     -0.37717069
      4.38888889	     -2.26093752	     -3.22892676	     86.32932573	      0.24743345	      0.91700134	      0.62583367	      5.16118038	     -4.10009808	     -3.49295074	     13.86976962	      0.24207315	     36.73727680	      5.02924052	      0.00000000	      3.83843952	      4.75122824	      2.18431066	     10.91554329	      0.19051217	     33.19999147	     -6.41656332	      0.00000000	      0.28216016	     -0.19155061	      1.30326099	      0.52399963	     -0.25476230	      1.38471480	      0.46356092	     -0.46573614	      1.38471480	      0.32248084	     -0.46573614	      1.14035336	      0.26201392	     -0.39060999	      1.05889955	      0.16122631	     -0.29671189	      0.97744574	      2.01544178	     -2.16685875	      7.24834663	      0.00000000	      0.00000000	     24.14247151	     -2.20165813	    -15.05394012	     12.86077270	     -7.10969232	     60.10532061	     30.78711599	     61.54625906	      8.42859295	      3.87320175	     23.77524112	     -7.50069778	     86.60747260	     40.54476649	     41.85074936	      6.85642179	      0.37370751
      4.40740741	     -2.43172317	     -2.82843647	     86.18857593	      0.24843219	      0.91787941	      0.62555782	      4.56524120	     -4.22513697	     -3.39416920	     13.72303227	      0.23951210	     36.39261047	      4.98676523	      0.00000000	      3.31746784	      4.92185459	      1.97834106	     10.87796328	      0.18985628	     32.94279533	     -6.47753529	      0.00000000	      0.27002260	     -0.22194473	      1.33498707	      0.50145897	     -0.29518649	      1.41842376	      0.44362013	     -0.53963641	      1.41842376	      0.30860883	     -0.53963641	      1.16811368	      0.25074299	     -0.45258969	      1.08467699	      0.15429091	     -0.34379238	      1.00124030	      1.92874444	     -2.51068314	      7.42479756	      0.00000000	      0.00000000	     23.48610685	     -2.45223520	    -16.05164456	     12.66816507	     -7.51474506	     59.47368516	     32.23883739	     63.14081789	      8.68485634	      3.03572895	     24.52593193	     -7.82588084	     87.11024391	     41.74013589	     43.35711217	      6.66362343	      1.05282452
      4.42592593	     -2.57906861	     -2.55794956	     86.06834080	      0.24929212	      0.91866521	      0.62539208	      4.13913113	     -4.34251724	     -3.44295534	     13.60688293	      0.23748491	     36.05762805	      4.94232595	      0.00000000	      3.01247387	      5.07025105	      1.78232653	     10.90809691	      0.19038221	     32.71284392	     -6.55932563	      0.00000000	      0.27569633	     -0.23953156	      1.31523550	      0.51199566	     -0.31857697	      1.39743771	      0.45294150	     -0.58239703	      1.39743771	      0.31509334	     -0.58239703	      1.15083106	      0.25601161	     -0.48845275	      1.06862884	      0.15753288	     -0.37103438	      0.98642662	      1.96927133	     -2.70962888	      7.31494526	      0.00000000	      0.00000000	     22.80566389	     -2.42658920	    -15.98513691	     12.51426976	     -7.94922780	     59.23996001	     33.51621779	     63.22889618	      9.14431715	      2.64391236	     24.88743352	     -8.20273036	     87.21862056	     42.59021243	     43.61970330	      7.03929796	      1.14788770
      4.44444444	     -2.75939118	     -2.31442345	     85.94868582	      0.25013683	      0.91936781	      0.62517357	      3.71869384	     -4.49954291	     -3.47725830	     13.41031118	      0.23405408	     35.72698584	      4.81770084	      0.00000000	      2.70232614	      5.24167399	      1.69006624	     10.80381099	      0.18856207	     32.50889385	     -6.60845335	      0.00000000	      0.27439953	     -0.26087495	      1.33293283	      0.50958736	     -0.34696368	      1.41624113	      0.45081098	     -0.63429135	      1.41624113	      0.31361122	     -0.63429135	      1.16631623	      0.25480740	     -0.53197620	      1.08300792	      0.15679189	     -0.40409530	      0.99969962	      1.96000839	     -2.95106961	      7.41337252	      0.00000000	      0.00000000	     22.21390969	     -2.37629659	    -15.94973852	     12.19653200	     -8.40830421	     58.74170131	     34.60525141	     63.14211044	      9.61432318	      2.30327449	     25.20791040	     -8.50967542	     87.44598290	     43.29438534	     43.90133207	      7.57822049	      1.46759513
      4.46296296	     -2.98151595	     -2.10611193	     85.48169629	      0.25155658	      0.91997537	      0.62504729	      3.44398153	     -4.60714885	     -2.60131139	     13.24143854	      0.23110670	     35.23604404	      3.89716665	      0.00000000	      2.29418701	      5.47360705	      1.81566417	     10.37038993	      0.18099745	     32.03426165	     -7.32181607	      0.00000000	      0.26342472	     -0.29575638	      1.52548976	      0.48920604	     -0.39335598	      1.62083287	      0.43278047	     -0.71910206	      1.62083287	      0.30106811	     -0.71910206	      1.33480354	      0.24461619	     -0.60310640	      1.23946043	      0.15052088	     -0.45812663	      1.14411732	      1.88161642	     -3.34565529	      8.48431638	      0.00000000	      0.00000000	     21.82074155	     -2.35618729	    -16.74626120	     10.93159150	     -8.55682723	     55.31155821	     35.48002561	     62.09657664	     10.63915142	      3.38043659	     25.67904883	     -8.31738552	     87.84848783	     43.11973355	     44.56977824	      9.90016778	      2.67993041
      4.48148148	     -3.11836474	     -2.04424685	     85.34872758	      0.25210154	      0.92014545	      0.62507578	      3.27960638	     -4.72484641	     -2.58947007	     13.07891092	      0.22827006	     34.94421778	      3.69097193	      0.00000000	      2.25545858	      5.60464925	      1.66935506	     10.34965760	      0.18063560	     31.82316313	     -7.51342017	      0.00000000	      0.26861624	     -0.30904421	      1.55042464	      0.49884722	     -0.41102879	      1.64732618	      0.44130962	     -0.75141008	      1.64732618	      0.30700150	     -0.75141008	      1.35662156	      0.24943704	     -0.63020295	      1.25972002	      0.15348732	     -0.47870948	      1.16281848	      1.91869893	     -3.49596987	      8.62299675	      0.00000000	      0.00000000	     21.54492387	     -2.28683049	    -16.73182840	     10.56455958	     -8.90341128	     55.00925499	     36.09825526	     61.94289988	     10.86474722	      3.56645206	     25.58800807	     -8.58377238	     87.65478982	     43.46708600	     44.52129919	     10.19345062	      2.31349108
      4.50000000	     -3.19988886	     -2.02300208	     84.72082856	      0.25321652	      0.92007391	      0.62527015	      3.28671629	     -4.64080463	     -1.07076502	     12.96684577	      0.22631415	     34.38568540	      2.12788960	      0.00000000	      2.11329883	      5.73089262	      1.99932061	     10.02293167	      0.17493316	     31.29940797	     -8.85777226	      0.00000000	      0.27215329	     -0.31043777	      1.69858714	      0.50541588	     -0.41288224	      1.80474884	      0.44712064	     -0.75479840	      1.80474884	      0.31104400	     -0.75479840	      1.48626375	      0.25272155	     -0.63304471	      1.38010205	      0.15550839	     -0.48086811	      1.27394036	      1.94396375	     -3.51173417	      9.44703211	      0.00000000	      0.00000000	     21.69141762	     -2.05999549	    -16.37703507	      9.49486069	     -9.03206415	     52.21459570	     37.10454302	     60.59986936	     11.01344971	      6.74430992	     25.45266726	     -8.48800415	     87.67609228	     43.01482012	     44.96340927	     11.08405160	      0.39518885
      4.51851852	     -3.31000691	     -2.05597331	     84.37064763	      0.25388902	      0.91977197	      0.62586644	      3.35063451	     -4.72704324	     -0.93277385	     12.87631600	      0.22473411	     34.23575910	      2.10405249	      0.00000000	      2.20744227	      5.82336140	      1.81461061	     10.00469535	      0.17461487	     31.10909709	     -9.13601155	      0.00000000	      0.27312344	     -0.31989654	      1.74815740	      0.50721754	     -0.42546240	      1.85741724	      0.44871450	     -0.77779645	      1.85741724	      0.31215278	     -0.77779645	      1.52963772	      0.25362243	     -0.65233303	      1.42037789	      0.15606273	     -0.49551974	      1.31111805	      1.95089343	     -3.61873364	      9.72272701	      0.00000000	      0.00000000	     22.07986419	     -1.82498794	    -16.26379499	      9.18795185	     -9.26990114	     51.88387531	     37.61814948	     60.47471661	     10.98272403	      6.79397675	     25.18144049	     -8.71192624	     87.13898225	     43.16137817	     44.71688822	     10.87155655	     -0.41033507
      4.53703704	     -3.35620375	     -2.12854208	     83.42905622	      0.25522208	      0.91944221	      0.62683916	      3.70568994	     -4.73538265	     -0.33977657	     12.98486288	      0.22662861	     34.25706756	      2.47442755	      0.00000000	      2.24456467	      5.85416190	      1.65638206	      9.75689659	      0.17028997	     30.76445153	    -10.01764202	      0.00000000	      0.27932198	     -0.30849532	      1.87168746	      0.51872885	     -0.41029878	      1.98866793	      0.45889808	     -0.75007552	      1.98866793	      0.31923709	     -0.75007552	      1.63772653	      0.25937839	     -0.62908366	      1.52074606	      0.15960458	     -0.47785925	      1.40376560	      1.99516898	     -3.48976076	     10.40976417	      0.00000000	      0.00000000	     22.56165954	     -1.37137577	    -15.05458517	      8.67833099	     -9.46393507	     50.62734058	     38.53792704	     60.23386583	     10.29577397	      8.50812549	     24.83435413	     -8.92905603	     86.88004307	     43.35760303	     44.18819400	      9.66896980	     -2.35880410
      4.55555556	     -3.41813857	     -2.26278036	     82.62792186	      0.25632588	      0.91897787	      0.62852163	      4.19890913	     -4.76180742	      0.10832580	     13.10861499	      0.22878849	     34.43589282	      3.06741442	      0.00000000	      2.52462779	      5.87526234	      1.50785511	      9.75570080	      0.17026910	     30.63090082	    -10.69150982	      0.00000000	      0.27887719	     -0.30697441	      1.99713869	      0.51790283	     -0.40827596	      2.12195986	      0.45816733	     -0.74637757	      2.12195986	      0.31872874	     -0.74637757	      1.74749636	      0.25896536	     -0.62598221	      1.62267519	      0.15935043	     -0.47550336	      1.49785402	      1.99199186	     -3.47255588	     11.10748627	      0.00000000	      0.00000000	     23.17771093	     -1.10200476	    -14.73524578	      8.36427092	     -9.62287887	     49.62493082	     39.23944708	     60.09486489	     10.21097947	      9.58744429	     24.78800665	     -9.08266143	     87.01567599	     43.49807571	     43.67318506	      8.88386212	     -3.65396481
      4.57407407	     -3.43553758	     -2.44795848	     82.30529135	      0.25696556	      0.91862426	      0.63040399	      4.56761887	     -4.71311247	      0.51144520	     12.93338183	      0.22573010	     34.56656397	      3.46705043	      0.00000000	      2.84096143	      5.79733852	      1.71743267	      9.68603470	      0.16905320	     30.71994479	    -10.67064561	      0.00000000	      0.28367080	     -0.30589786	      2.02666711	      0.52680505	     -0.40684415	      2.15333381	      0.46604276	     -0.74376005	      2.15333381	      0.32420736	     -0.74376005	      1.77333372	      0.26341671	     -0.62378691	      1.64666703	      0.16208950	     -0.47383578	      1.52000033	      2.02623218	     -3.46037772	     11.27171448	      0.00000000	      0.00000000	     23.73500759	     -1.09456967	    -14.80315418	      8.39704389	     -9.67118795	     49.57171129	     39.53037572	     60.06280421	     10.38443404	      9.75362271	     24.86252487	     -9.26528519	     87.15106250	     43.57561178	     43.64044137	      8.82080343	     -3.79642132
      4.59259259	     -3.53650805	     -2.74543202	     80.82704601	      0.25901759	      0.91800096	      0.63347595	      5.63430292	     -4.68518666	      1.43021624	     13.25393710	      0.23132484	     35.03124646	      4.81964531	      0.00000000	      3.41486800	      5.75831906	      1.26198042	      9.68518302	      0.16903833	     30.79702880	    -11.48466775	      0.00000000	      0.29261777	     -0.31353464	      2.31304692	      0.54342046	     -0.41700108	      2.45761235	      0.48074173	     -0.76232813	      2.45761235	      0.33443285	     -0.76232813	      2.02391605	      0.27172486	     -0.63935985	      1.87935062	      0.16720179	     -0.48566516	      1.73478519	      2.09013945	     -3.54676660	     12.86447303	      0.00000000	      0.00000000	     24.52705146	     -1.33643741	    -15.53106260	      8.59265602	     -9.76006597	     49.38697850	     39.83662547	     59.66996617	     11.65879032	     10.60306552	     25.41734218	     -9.32278825	     88.29454776	     43.66552279	     43.89172005	      8.48446509	     -3.98231450
      4.61111111	     -3.67326404	     -3.03382724	     79.72150611	      0.26075946	      0.91766931	      0.63690335	      6.63774214	     -4.76216409	      1.46142747	     13.41314117	      0.23410348	     35.68792926	      7.37316429	      0.00000000	      3.87144060	      5.73321550	      1.65942565	      9.38060283	      0.16372241	     30.89129903	    -12.25160039	      0.00000000	      0.29795853	     -0.34087285	      2.61835459	      0.55333878	     -0.45336090	      2.78200175	      0.48951606	     -0.82879826	      2.78200175	      0.34053680	     -0.82879826	      2.29106026	      0.27668429	     -0.69510792	      2.12741310	      0.17025350	     -0.52801205	      1.96376594	      2.12828796	     -3.85602190	     14.56250270	      0.00000000	      0.00000000	     24.98577276	     -2.45638720	    -18.23491100	      8.77128747	     -9.50067792	     48.91980983	     39.41917827	     58.16609409	     13.89741272	     10.70472622	     26.80300943	     -9.01120737	     91.23643976	     43.29647499	     45.74686780	      8.73959891	     -3.81660690
