RHip_x,RHip_y,RHip_z,RKnee_x,RKnee_y,RKnee_z,RAnkle_x,RAnkle_y,RAnkle_z,RBigToe_x,RBigToe_y,RBigToe_z,RSmallToe_x,RSmallToe_y,RSmallToe_z,RHeel_x,RHeel_y,RHeel_z,LHip_x,LHip_y,LHip_z,LKnee_x,LKnee_y,LKnee_z,LAnkle_x,LAnkle_y,LAnkle_z,LBigToe_x,LBigToe_y,LBigToe_z,LSmallToe_x,LSmallToe_y,LSmallToe_z,LHeel_x,LHeel_y,LHeel_z,Neck_x,Neck_y,Neck_z,Head_x,Head_y,Head_z,Nose_x,Nose_y,Nose_z,RShoulder_x,RShoulder_y,RShoulder_z,RElbow_x,RElbow_y,RElbow_z,RWrist_x,RWrist_y,RWrist_z,RThumb_x,RThumb_y,RThumb_z,RIndex_x,RIndex_y,RIndex_z,RPinky_x,RPinky_y,RPinky_z,LShoulder_x,LShoulder_y,LShoulder_z,LElbow_x,LElbow_y,LElbow_z,LWrist_x,LWrist_y,LWrist_z,LThumb_x,LThumb_y,LThumb_z,LIndex_x,LIndex_y,LIndex_z,LPinky_x,LPinky_y,LPinky_z,Time
0.2830254146617356,0.8894911972905699,0.468726053735579,0.29996747516441513,0.4534941735747282,0.6006307014718821,0.3009456834463876,0.05952440885038372,0.6681025236099108,0.25694296507416675,0.012919020267508682,0.5036380401284363,0.33351591256035945,0.016067761651013722,0.5300931917812034,0.27376386402235675,-0.0002552847777896605,0.7401504675857131,0.07313820784411484,0.8762295804394753,0.46506386418025175,0.05103171957385257,0.45442659613070796,0.6165386810880021,0.0626618095653674,0.061163033172701296,0.662298096700171,0.06467808825319393,0.054146558323967905,0.45270797673450186,0.011931773419085325,0.019286354675119445,0.5367739389869526,0.08699379717604465,0.007383952381668935,0.7273332394342621,0.1760393164199072,1.4783034107447852,0.44975279546718056,0.173092179717509,1.7289467878725875,0.4066710805278341,0.172343658077479,1.5944823151614367,0.2966592734134595,0.35540121103524913,1.3813289094176118,0.45031307498326617,0.36396058566071465,1.1120643480133579,0.378236607082456,0.21472887131076465,0.9456431062051985,0.2691195536293842,0.17488708361526764,0.8572506344046281,0.2507823641091942,0.15586863547236007,0.8425067716527125,0.284813796458406,0.15022419899139622,0.8355559437278953,0.295355613928952,0.006151411368593943,1.3876734106011523,0.48347684293256465,-0.03763590008395695,1.1101389251137455,0.41007458605207286,0.10268437672044312,0.9447341703491541,0.2752821455310815,0.205776599251852,0.887060159731047,0.24793133257932848,0.20720038395578083,0.8680466180002683,0.25050076985964503,0.15164095367640446,0.8485304951629272,0.2000518349174668,0.0
0.2840339053236159,0.8885810276225888,0.47233056741614776,0.3000312553624956,0.4527621926114207,0.6002192449979915,0.3009392102308197,0.059442086823189376,0.6680949115422979,0.2568942966329617,0.013542389694499028,0.5034566360541411,0.33172740766401937,0.018846546790090138,0.5245700732987618,0.27378823676432906,-0.00041884911325826973,0.7403028964444007,0.07319207414459392,0.8759429493614902,0.4693874710923414,0.05037882563329744,0.4534570752377183,0.6157678869045562,0.06263358034096389,0.059278579605410824,0.6627152569244705,0.06559969670719269,0.05158338695780745,0.4527110750199325,0.011963418679290926,0.018885623288085532,0.5366549480709449,0.08717542020009733,0.006695756634091027,0.7268070998804678,0.17608699124284674,1.4783828056571064,0.44979757860491437,0.1729748460643576,1.7313993614940002,0.4061153486946985,0.17209863776847117,1.5946651508631111,0.2959744559396611,0.3568239527967777,1.3816968503366727,0.4445885705548332,0.36251729846668784,1.1143434226163131,0.3765790908952523,0.21547764187457674,0.9434081504703581,0.2688749661400785,0.1757125513983093,0.8538687495317934,0.2568713845147347,0.15252435161196357,0.8387074092631196,0.29639707150097966,0.1517340565118471,0.8341623257380097,0.29453521628630486,0.007720144864717767,1.3884530527781416,0.48911059969402104,-0.0374272427264004,1.1132971981787598,0.4097921319745634,0.10293603388618053,0.9466461583038193,0.27531173828201216,0.2070947911318538,0.8854513446910075,0.2527973412365616,0.20525394847098866,0.8673478256653306,0.2565128527847897,0.150674805991754,0.8491634699404069,0.20333959356668166,0.0172413793103448
0.2848706394609292,0.8877703928664883,0.4755421454938501,0.3000354440285733,0.4520289205557163,0.6001108250939954,0.30093605411009267,0.059372793127154516,0.668090942854219,0.25683970642432613,0.013882541227653623,0.5033363934861542,0.33054048832289934,0.02073563984902363,0.5209365327659928,0.2738111599752826,-0.0005535115526403983,0.7404322643654732,0.07314232864469643,0.8755708352642737,0.47336210738633916,0.049856290757075164,0.4526368444109851,0.6151804982131136,0.06266215958041436,0.05787960157424425,0.6630635432838398,0.06611497687754113,0.05001983965044989,0.4527115436375636,0.011991863113446657,0.018712055297251062,0.5365712582460397,0.08741620579088515,0.006067266497450451,0.7266359594933245,0.17611529522130853,1.4784356337821085,0.4498396943795935,0.17292540667280518,1.7326238613815887,0.40584833650758,0.17226835318318368,1.5947344645028085,0.2966326577813155,0.35781691656292425,1.3819651886000122,0.4403230369978492,0.3621943844948979,1.1156816602196586,0.3761716011127381,0.21584608583083545,0.9422540815685698,0.26872567085088,0.1760087978722182,0.8522423020802667,0.26107242081240195,0.15022343102083724,0.8365236338250867,0.3033639018150488,0.15255204199202832,0.8335092723224162,0.2939855038079411,0.008631775114488966,1.389176640243302,0.4924277856758268,-0.03733902017094646,1.1156605346754853,0.40945467548195535,0.10309146181372203,0.9476771370615441,0.27538994437727765,0.20795005274341394,0.8843596714492038,0.2559090122663427,0.20398314946837953,0.8667738342658118,0.2601840073077235,0.14995854514622317,0.849691868013368,0.2060587401275271,0.0344827586206896
0.28555308174571914,0.8870531368903739,0.4783717449465274,0.2999886320347674,0.45130314349284134,0.6002627207847592,0.30093587565551183,0.05931560921679356,0.6680900427210296,0.25678281371163636,0.013984107837926056,0.5032671451395676,0.32985352759149594,0.02184801873140857,0.5188573220186968,0.27383268624803375,-0.000661435039512933,0.7405401269416245,0.07300700351353179,0.8751266780660736,0.47699031993888275,0.04945463383329622,0.4519504218253397,0.6147616755618804,0.06274213584854813,0.056921962662349584,0.6633507003293242,0.06626091641309992,0.04923145176724464,0.45284111353725737,0.012015555541808833,0.01876132388653757,0.5365309324650943,0.08770991910962259,0.0054941341379896695,0.726787710723489,0.17612827664753092,1.4784669635413712,0.4498793070998157,0.17292887984098024,1.7328780262617007,0.4058101710646491,0.1727403638597552,1.5947306495420075,0.29826750995556345,0.35843217752944234,1.3821418688574194,0.4374420559558822,0.36276353846395987,1.116221577783444,0.3767920706585074,0.21589156085377775,0.9419062155194114,0.26878682227920103,0.1759474489046105,0.8519915841136134,0.2638828290355198,0.14884829915732717,0.8356396149885076,0.3068151026056582,0.15282693619665547,0.8334631962764945,0.2936684422645196,0.009054345299502366,1.3898213559066324,0.4940177563781698,-0.03734305577789414,1.117355564856205,0.40909621863138673,0.10316885684646088,0.9480875023001694,0.27549958495424315,0.20842446697616293,0.8837746051154769,0.257580089967156,0.2032829908801811,0.8664024941916315,0.26205147577252785,0.14942641998196549,0.8500640922572104,0.2082335646109737,0.0517241379310344
0.28609869685002903,0.886423103562351,0.4808303227520213,0.29989941025319694,0.450593647508022,0.6006322110951481,0.3009383354383828,0.05926961654662048,0.6680916363180852,0.2567272377582689,0.013891722496270128,0.5032387237294738,0.32956489852430587,0.022296661340839116,0.5179971928926737,0.2738528681753992,-0.0007447825174529965,0.7406280397655487,0.0728041309202094,0.8746239176851377,0.48027465562661026,0.049164373750071065,0.45138232565561337,0.6144965794990633,0.06286809771019447,0.056361526452874594,0.6635844726119693,0.06607450296272978,0.048993758673541374,0.45323151566887615,0.012032944784633763,0.01902910223986637,0.5365420336809662,0.08805032531752416,0.004972011721951143,0.7272302460216188,0.17612998381375228,1.4784818633564756,0.449916581074179,0.17297028386701138,1.7324195948606844,0.40594097946407653,0.17340222933632432,1.5946940994421854,0.3005126434795457,0.3587218108920854,1.3822348357586836,0.4358712090725005,0.3639964550924889,1.1161056922677193,0.37821843245615433,0.21567142461764066,0.9420898683424601,0.2691735749424539,0.1757001303631024,0.8527368876953983,0.2657999652174119,0.14828138147977943,0.835739522403277,0.3078514890778523,0.15270751989044426,0.833890510395624,0.2935459974266994,0.00915589860135279,1.3903643826781327,0.4944698673012381,-0.037411172907542437,1.118508918973201,0.4087507634799956,0.10318641532779028,0.9481376496975361,0.2756234811502737,0.20860011671973147,0.8836856107996675,0.25812431863748553,0.2030484766386209,0.8663116558327092,0.26265250052328437,0.14901267934113438,0.8502285455473342,0.20988835702799202,0.0689655172413793
0.28652494944590234,0.8858741367505252,0.48292883588817337,0.2997763695559811,0.4499092186864843,0.6011765750500279,0.3009430940300108,0.05923389657115014,0.6680951488207417,0.25667659782760066,0.013650018173636296,0.5032409619709656,0.3295729741758263,0.022194545580906513,0.5180208972237252,0.27387175835019545,-0.000805716930037257,0.7406975584299397,0.0725517430338387,0.8740759940397137,0.48321766132615956,0.04897602939551014,0.4509170740766373,0.6143703705728686,0.06303463373018268,0.056154156528966825,0.6637726046828207,0.06559272417529152,0.04908229573468749,0.4540144809822834,0.012042479662177783,0.019511063541156556,0.5366126248465141,0.08843118957580436,0.004496551415577109,0.727931457838371,0.17612446501221146,1.4784854016490017,0.44995168061128227,0.17303463704902755,1.7315063059048879,0.406180888804034,0.17414150915103016,1.5946652076648211,0.3030016893704037,0.35873789184660787,1.3822520339535938,0.4355360779912728,0.3656648290991008,1.1154765206325332,0.3802286194292736,0.21524303479666163,0.9425303560572924,0.2700010833580515,0.1754384681153104,0.854098504889185,0.2673211853914026,0.14840510344654037,0.8365075257192874,0.30757387643667655,0.15234257383811065,0.8346576274751837,0.29358013506514,0.009104478201635074,1.390782903467802,0.4943734739452205,-0.03751519492019044,1.1192472272787555,0.40845231208492083,0.10316233360110372,0.9480879749314844,0.2757444541027349,0.20855908486375063,0.8840821536116149,0.2578554425758161,0.20317461067592715,0.8665791695789632,0.2625243239040749,0.14865157206588375,0.8501336307591382,0.2110474073895531,0.0862068965517241
0.2868493042053825,0.885400080323002,0.4846782413328252,0.29962810081523894,0.44925864311345454,0.6018530916742635,0.30094981200170146,0.059207530744896084,0.6681000054043544,0.2566300612801723,0.013306297624748125,0.5032371008338683,0.32971264680640977,0.021563901131999748,0.5183307149730091,0.27388940936523903,-0.0008464012208426117,0.7407502385274916,0.07226787202352909,0.8734963470480493,0.4858218839141685,0.048880119657723924,0.45053918526324305,0.6143682093315024,0.06323633247334207,0.0562557164737745,0.6639228410929239,0.06464132256050367,0.04937262285725347,0.4554185518572966,0.012006743502577251,0.02022542755119401,0.536811626052221,0.08884627704567767,0.004063405385109815,0.7288592386244028,0.17611775400781682,1.4784855808775714,0.449981623903016,0.17309703945208202,1.7305640805612075,0.40643358779942274,0.17473453459428107,1.5946600480659394,0.304990119121277,0.35837826046957,1.3821820191057097,0.43676927501044205,0.36730773912493875,1.1144111105910843,0.3822958501938324,0.21463761680842255,0.9426079030359902,0.27184498533084794,0.17538188464343452,0.8552441963376455,0.26938933283196553,0.14899679109608252,0.8372270408308536,0.30865683251611653,0.1518692912884832,0.8354771106337429,0.29374209142293245,0.009246665682628342,1.3910518560122578,0.4949410675349709,-0.03766090929537237,1.1196979720077407,0.40804754024271167,0.10312418321728811,0.9485482451747668,0.2758543731684941,0.20838063883487834,0.8850795594265456,0.25713094691629684,0.20360781780411055,0.8675022648327031,0.2627165957257962,0.14809906819233803,0.8494053622192111,0.21179888157580984,0.1034482758620689
0.287089225800513,0.8849947781478867,0.48608949606381846,0.2994631949030896,0.44865070687415903,0.602619039992721,0.3009581499247601,0.059189600522373376,0.6681056312442789,0.25661375465028685,0.012944791218809561,0.5032311830842121,0.3298827102579212,0.020689882722490446,0.5186547600159913,0.27390587381334647,-0.0008689983334464052,0.7407876356508982,0.07197055005839,0.8728984166283922,0.488089870267275,0.04886716342482286,0.45023317739026186,0.6144752563231712,0.06346778250450191,0.056622069870445386,0.6640429263933245,0.06350559574325532,0.04947045822588727,0.45744237676245036,0.011973716583550672,0.021174931753485313,0.5370809693492137,0.08928935288835861,0.003668225796791935,0.7299814808303713,0.17611428049622013,1.4784858425310268,0.4500162751226325,0.17315031468856887,1.729708740481758,0.4066678014091599,0.17519052206606972,1.5948295530963905,0.30653495669407016,0.3578332072476077,1.3820451905529059,0.43921475913526065,0.368976703389112,1.1131431334908803,0.3845468534319341,0.21395192057153453,0.9422866701735414,0.27433000583422906,0.17581372976139112,0.8564174189094222,0.272409753529174,0.1502223743244521,0.8380557731440592,0.3102569824578523,0.1515531450047084,0.8364200650204549,0.29398393998552597,0.009634583227812505,1.3910570813966894,0.4963578475612139,-0.0377906546126273,1.1201388259027907,0.4077266393533653,0.10308609916435839,0.9495153459201182,0.27590319557534043,0.20819542359279708,0.8865761628588678,0.25640360962257064,0.20414484097596028,0.8689766040014263,0.2635937961532195,0.14754433980266202,0.848416347837129,0.21186091317191316,0.1206896551724138
0.2872621789033373,0.8846520740932851,0.4871735570589945,0.29929024269165216,0.4480941960538238,0.6034316990302653,0.30096776837049216,0.0591791873580958,0.6681114515158709,0.2566073181446894,0.01239477583485262,0.5032700915366355,0.33012139115420924,0.019716936865705165,0.5191591622446593,0.27392120428733435,-0.0008756712114250803,0.7408113053928536,0.07167780930753082,0.8722956426989902,0.490024167262117,0.048927679584917415,0.4499835686325249,0.6146766720960815,0.06372357238849152,0.05720908030212704,0.6641406051350679,0.062497599994284427,0.048893551748939855,0.46035858444785277,0.011981219755499192,0.022339355620930944,0.5373712968411599,0.08975418226506167,0.0033066648168657113,0.7312660769069337,0.17611889376668924,1.4784873080299346,0.45006335580738427,0.17318537569265874,1.729102195158141,0.4068460914927453,0.1754425188686239,1.5952674702050598,0.307432420523392,0.3574538324787572,1.3818908435746424,0.44198580436499657,0.3705658199550356,1.111902512681161,0.3870257439323775,0.21327524268244424,0.9416528983596599,0.27712546461331955,0.1768142748428589,0.857412546924291,0.2761426531448893,0.15183774749182738,0.8390609195468341,0.3124940556393245,0.15136252457234695,0.8374707555957983,0.2942303338581016,0.010236446969009213,1.390882658111567,0.49852474066114005,-0.037785592455111504,1.1205379955949701,0.40792844969158437,0.10305478333827282,0.950874186896893,0.27586358382975473,0.20807703393464352,0.8883928622214576,0.25584462792768353,0.20458279991027692,0.8708665248916584,0.2650154317356217,0.14699759842967358,0.8473985763880946,0.2115036934588681,0.1379310344827586
0.2873856281858987,0.8843658120273024,0.487941381296195,0.2991178350530458,0.44759789673767497,0.6042483478117624,0.3009783279102031,0.05917537270657773,0.6681168913944859,0.25658727721941854,0.011663561006354661,0.5034041927985895,0.3305366064249704,0.018677872561212495,0.5202198696981106,0.2739354533800192,-0.0008685827983555411,0.7408228033460517,0.07140768194006097,0.8717014651780908,0.4916273217753323,0.049052187026118035,0.44977487716486353,0.6149576171984396,0.06399829069014017,0.05797261135196768,0.6642236218691997,0.06185574216206144,0.047419717289064356,0.464264469643344,0.01204062996488264,0.023594348039038843,0.5376362026402538,0.09023453033700135,0.002974374611573613,0.7326809193047473,0.17612940365735852,1.4784894751749498,0.4501148522331342,0.17320119408803591,1.7287881043025688,0.40695695079479816,0.17548798287222328,1.5958946899027908,0.3076731161375606,0.35750780081705413,1.3817597092719855,0.4444100188862957,0.3719335863910013,1.1109093011075002,0.38961954331391363,0.21267050618441033,0.9409959679562963,0.279855091194572,0.17821504117238807,0.858168068177022,0.27966485940809066,0.15349975487308698,0.8402983588175813,0.31529869359050916,0.15129934145073973,0.8385465837333536,0.2944823174952717,0.010920879645729072,1.3906825144278983,0.5009930020062664,-0.03756280917105178,1.1207071609097181,0.40898644427544023,0.10302988526790768,0.9523583987219543,0.275751729114457,0.2080168481235259,0.8902637114392161,0.25535659791016363,0.20484362964704417,0.8729819131653125,0.2663249189746616,0.14641864432076318,0.8465634571484423,0.21113979841143277,0.1551724137931034
0.2874770383202408,0.8841298358180442,0.4884039257532615,0.2989545628593895,0.447170595010939,0.605026265362077,0.3009894891151984,0.05917723802233364,0.6681213760554794,0.25655907204401723,0.011097857623600877,0.5036438820139217,0.33115007334328483,0.01763114421594697,0.5219513734477835,0.27394867368421755,-0.0008498960378151219,0.7408236851031865,0.0711782001250899,0.871129323983942,0.49290188068355895,0.04923120463653519,0.44959162116210927,0.6153032521784518,0.06428652597427716,0.05886852660311485,0.6642997211467654,0.061683716669302655,0.045150716547542574,0.4688475502097457,0.012143042081550048,0.024743693841619892,0.5378339866644053,0.09072416226539215,0.002667007347158093,0.7341939004744693,0.1761292919515343,1.4784937278545138,0.45012081334797327,0.17320210049085405,1.728732315637401,0.4070035101991294,0.1754117786853226,1.5965085058570412,0.30752317948002345,0.3580238975093627,1.3816623322977415,0.4464116501751563,0.3729466443373898,1.1103477505582275,0.3920365049024748,0.21220025652648297,0.9405700065418834,0.2820950185098122,0.17982818229405934,0.8588136071038536,0.28207761718052765,0.15513098688843474,0.841787682324623,0.3182038960764905,0.15166323318940617,0.8395069137528621,0.29483125407165833,0.011554798781812892,1.390549074599505,0.5032999285592721,-0.037133446492482555,1.120560324963414,0.4108695013590283,0.10300955316288962,0.9537130223496465,0.27560120825761847,0.20798475779775577,0.8918869663086125,0.25485833494588706,0.20502172331589008,0.8751187240240758,0.26692648535838215,0.1458302730830397,0.8461130349834131,0.21097730829980793,0.1724137931034483
0.287553873978407,0.883937989333616,0.48857214740803556,0.2988090169828025,0.44682107695884193,0.6057227307060752,0.30100091255678346,0.05918386475987768,0.668124330674207,0.2565472550833829,0.011020192607237548,0.5039507651732861,0.3318751633909689,0.016671748823189357,0.524205313885772,0.273960917792746,-0.0008217738733804943,0.740815506256952,0.07100739603172698,0.8705926590347914,0.4938503908634348,0.049455251304279337,0.4494183187990933,0.6156987375843247,0.06458286680573179,0.05985268963871654,0.6643766475188106,0.061964543989301415,0.0423503486215763,0.4734844437357463,0.012275379047879297,0.025618683744327853,0.537929212447658,0.09121684321144856,0.0023802151898611734,0.7357729128667567,0.17608817545050218,1.478502688845657,0.44998782320678443,0.17319607543571042,1.7288233124163213,0.40700728203059583,0.17532672720894238,1.596936774453269,0.30733734036785715,0.35883926470109295,1.3815838263132867,0.4482658872549785,0.3736789042838703,1.11025311212804,0.3942353591633612,0.21197774661909496,0.9405060574281221,0.2834292392851467,0.1816188836008864,0.8594681347128708,0.28307791424276063,0.15699581721205308,0.843545810405327,0.32015804170792916,0.1527987107234483,0.840275006902754,0.2953029841405445,0.01203290418358328,1.3904875287161818,0.5050687046899945,-0.03657901910103244,1.1201900400458682,0.4132693337166037,0.10298384454112375,0.9547907152938023,0.275428979730408,0.20797865252761727,0.8930852878356823,0.2543949040222007,0.20529000441855735,0.8770850799125897,0.266498011203826,0.14535657195309912,0.8462100751850548,0.21098452536790224,0.1896551724137931
0.2876335998324403,0.8837841164421242,0.4884570032383581,0.29868978829540316,0.44655812866661165,0.6062950228686212,0.30101225880626314,0.059194334373725885,0.668125180426023,0.2565721958977993,0.01151198206319501,0.5042697318348439,0.3325711698726799,0.015868494457445217,0.5267628040487452,0.2739722382984205,-0.0007863792486258632,0.7407998224000407,0.07091330182908155,0.8701049102488879,0.4944753991915967,0.049714845917460844,0.4492394882506487,0.6161292339642634,0.06488190174933318,0.060880964041922794,0.6644621455363797,0.06258044388859445,0.03940083128898659,0.4774056036084988,0.012426876452971952,0.026183170260608818,0.5379061573663825,0.09170633833638486,0.002109650305928218,0.7373858489322661,0.17599874582707245,1.4785172011979366,0.4496963714913817,0.17319085024033626,1.7289266056361474,0.40699951540604334,0.17527857588313944,1.5971138277793873,0.307251312781589,0.3597492198795055,1.3815086194362582,0.45013833548621196,0.3744123696810219,1.110495111708471,0.3965890706826996,0.21216342486297707,0.9408869069788862,0.2837024234942088,0.18354569371817958,0.8600418785915048,0.28306362276974417,0.15920770941963203,0.8454338278407485,0.3200227138459927,0.1547332908158443,0.8409131325419796,0.2955772146982092,0.012288656505066343,1.3904715013307427,0.506047108721122,-0.03598823963159663,1.1197663086218264,0.4158106899652863,0.1029374867733715,0.9555638555787097,0.2752337403317042,0.20802706390829812,0.8938238539774587,0.25408560342928477,0.20571717460641864,0.8786800657198609,0.26491006684401,0.1451380004350994,0.8468837068565374,0.21108067783707996,0.2068965517241379
0.28806202249376,0.8837482668407548,0.48808311549194533,0.2987093147557081,0.44647499587308764,0.6063079037502638,0.301024370159115,0.059206547240092514,0.6681177329531571,0.25664376518690624,0.01255339633805202,0.5045576915190384,0.3331193188453486,0.01525903022194532,0.5293155043490535,0.27398059824817733,-0.0007544443400337927,0.7407822770531856,0.07125744254184352,0.8698348866585357,0.49475906095156985,0.05000717564530109,0.44891561951816594,0.6165813970536075,0.06511123451961326,0.06178938807512655,0.66460126170608,0.06335924395231744,0.03691335721558214,0.4799144342061022,0.012581461095715386,0.026542572622482948,0.5377863064313112,0.09210361837609606,0.0019011574810788162,0.7387559558364406,0.17593874154909844,1.4785307007333677,0.4494962459771981,0.1731895758750568,1.7289756789880693,0.406999417783427,0.17523458446411153,1.5970264797167382,0.3071484823947454,0.36056665961044554,1.3814293117021572,0.45203175118084077,0.3753447621572332,1.110910231972124,0.3993793701585378,0.21282389649672218,0.9417543523691303,0.28324930085501476,0.18535275466397555,0.8603397478109709,0.28278719215232995,0.16140960968034962,0.8470836482770876,0.3176678262010578,0.1571260820071449,0.8415521054199674,0.2950538656896682,0.012335781221101412,1.3904786642963376,0.5062624880772011,-0.035411500726806475,1.119408852285966,0.4181819093971453,0.10286671669326292,0.9560993102967992,0.2750256389510149,0.20815202457046048,0.8941184107831749,0.2540154876551772,0.20623747508296256,0.8797083286428682,0.26235159824298365,0.14521511045029595,0.8480320309918361,0.21121497993075952,0.2241379310344827
0.2884088441913058,0.883726847302572,0.48703599363865796,0.29880131445088837,0.4465999694424754,0.6059392901249495,0.3010354201374009,0.05922032573822266,0.6681030070903993,0.2567639864984949,0.014041270761466784,0.5047616212193026,0.33350370866923285,0.014936512229039104,0.5312594305207758,0.2739921803982452,-0.0007213175474414489,0.7407653157109355,0.07167072178446654,0.869704007957253,0.4943457903867244,0.050199444419677254,0.4484998975166716,0.6169789902522564,0.0653514763479876,0.06258939158356347,0.6647984883527605,0.06417423329152588,0.035588286845645106,0.48058416438393853,0.012706859143446998,0.02678739194197465,0.537625308982007,0.09257131369088742,0.0015928165691558305,0.7402658696728317,0.176052832631384,1.4785297790653205,0.44984616604906474,0.1731911263691536,1.72898155966588,0.40700803192710894,0.1751650969253833,1.596650354635742,0.3069323004112736,0.36109718127157353,1.3813363596723056,0.4540535072286182,0.3764112920388643,1.1114249550849853,0.40237799393188295,0.21385146548114597,0.9430340160357754,0.28267127517782376,0.1867024012503643,0.8603664664024124,0.28275522779410467,0.16309568597158153,0.848153844138461,0.31413259812459843,0.15940207912888404,0.8422561969526714,0.2934175292489275,0.012290543011590254,1.3904997482598769,0.5061188206852569,-0.03487734953559664,1.1191623561672326,0.42014849104449203,0.10278490462286903,0.9565386824346899,0.27483623671957713,0.2083343199229748,0.8940435881138294,0.25415922422687354,0.20677879684379086,0.8800828991912698,0.25951177103214884,0.14545394857568594,0.8495862251667503,0.21133929815190572,0.2413793103448276
0.28868601859385823,0.8836842984767123,0.4853562477479563,0.29894442587223874,0.4468867090473445,0.6052700414552853,0.3010443472892881,0.059234289124622114,0.6680840714500573,0.256927225408281,0.015692063872442853,0.5047954117705329,0.33382329000489175,0.015085255206971642,0.5317873684694537,0.27400557958854305,-0.000682814048239045,0.7407423742548492,0.07217684300175069,0.8696789544215432,0.49331613057609663,0.050361802236624766,0.4480586168148967,0.6173169110713291,0.06559864039782444,0.06330448824473693,0.6650546631781045,0.0650067797098006,0.035829344674768684,0.4792615296619115,0.012771732421651399,0.026900437520120418,0.5374809144468717,0.09310484630216256,0.0012780301916958912,0.7418618671229452,0.17641547232977692,1.478510194015568,0.45098185426367604,0.17319266736615807,1.7289812262481776,0.40701835870342745,0.17512104050388677,1.596005027806968,0.3067860189434363,0.36119742338522376,1.381223617990524,0.45636698536103726,0.3774476600908687,1.1120224273085835,0.4051685363605992,0.2150623419002244,0.944530165630577,0.28227508164556314,0.1874827072946802,0.8604833988837761,0.28297076738193966,0.16401481970380716,0.8486379890815355,0.31063127163089427,0.16088218857115466,0.8430114410244166,0.29090942920967755,0.012280759169720906,1.3905446733388327,0.5060823597093607,-0.03446848092086381,1.1190376519028058,0.42148436673892986,0.10270793489984559,0.95699972781241,0.27468210098108997,0.20851577227880574,0.8937482339397959,0.25440449003450183,0.20732754674604548,0.8799484929024982,0.2572301260185788,0.14565139350983597,0.8515849759176637,0.211387689547353,0.2586206896551724
0.28898527617967446,0.8836333018477107,0.4834162306645039,0.29913100528991676,0.44722053981021337,0.6043657423355162,0.3010503610265296,0.059247735727391934,0.6680647404910811,0.25712194472114214,0.017126785240251213,0.5045552742776445,0.33422358708577626,0.01584989387424571,0.5304482413356417,0.2740222248440776,-0.0006175063158505301,0.7407107554786385,0.07276783647859181,0.869709835353154,0.49199864638961077,0.05058998007695184,0.44766402088217905,0.6176336871931211,0.0658581592871184,0.06395382748244924,0.665363091402018,0.06589186879885374,0.037520638133289354,0.4762097924297074,0.01278104862889068,0.026885739267714842,0.537382483657846,0.09366798415695171,0.0010318058497856622,0.7434136366958983,0.17694207935122536,1.4784942539846588,0.452640717008589,0.1731907892506162,1.7290090474462814,0.4070224757105443,0.17521375797807992,1.5952413291061478,0.3071039335095436,0.3609023902395834,1.3811037951547458,0.45884498058504675,0.3784291757432585,1.1126388670896408,0.40771082384131857,0.2162922636928544,0.9460378440708666,0.2817847039088333,0.18783131371886935,0.861195586995692,0.2832255860289805,0.16420408577713758,0.8488906603025824,0.30796462819090564,0.16103416297880652,0.8438027740533908,0.28803808722830954,0.012305932588589256,1.3906214794705458,0.5061703894303383,-0.034351847430155145,1.119020712079988,0.42195216238381333,0.10263942937830728,0.9574867099390018,0.2745286296122229,0.20864228882522118,0.8933677375564502,0.25463736321454994,0.20786068056621854,0.8796472575262281,0.25591887643662,0.14578490346866047,0.8540830897696864,0.21128947730279454,0.2758620689655172
0.28934433732677706,0.8837086281971169,0.48170016011712435,0.29934938647878795,0.4475438947280757,0.6033288824209614,0.3010525937750023,0.05925965605310715,0.6680469275841275,0.25733823288143903,0.01804509185003804,0.5039541315814922,0.3347956988827969,0.01718322389693843,0.5275493732632707,0.2740454868098588,-0.0005017909106128579,0.7406722148216042,0.07339967444527082,0.8697924303088013,0.49072548665432913,0.05090588907341061,0.44726369230580476,0.6179773518889359,0.0661402116388272,0.06449597094112118,0.6657100972955183,0.06680679228037875,0.040053599781295426,0.47242624518924414,0.012770957527550182,0.02683828523982692,0.5373268007511863,0.09419769593093909,0.00082983651094223,0.744791492899558,0.17748846318696074,1.4785268024906866,0.45437619342373636,0.17318340199745194,1.7290747797731825,0.4070098026094733,0.1755186330671995,1.5945338086764573,0.3081533258024541,0.36043486179382483,1.381001181173691,0.46100978331238673,0.37951449197121956,1.1131428555267169,0.41044962135559376,0.21739976216260176,0.9474861375598894,0.2806744977955678,0.18791540678272609,0.862797441707928,0.2834143742733673,0.1638630981498143,0.8494556552805494,0.3065107081538071,0.15984133250682725,0.8447067070859612,0.28526995515451614,0.012243472833117552,1.3906864779594539,0.505952599681898,-0.034687983880469814,1.119067705581741,0.42145518119878295,0.102568130680051,0.958022956488343,0.2743094799331757,0.20869223285439875,0.8930211098263033,0.25477562474014187,0.20824163322356748,0.8794991992504525,0.2555439477860203,0.14608892546375163,0.8570984484849226,0.21103686639331357,0.293103448275862
0.2897423979812361,0.8840617023058586,0.4804167121773835,0.2995665059452857,0.44793943700138916,0.6023325024167073,0.30105039094386365,0.05926838547545248,0.668029501894159,0.2575761242068076,0.01833099026313719,0.5030610805481482,0.3354449186615458,0.01885000790105581,0.5239142777507392,0.2740728978872172,-0.00035203018211200227,0.7406341882545635,0.07403509597439765,0.8699712929357672,0.48959384178864396,0.0512652394736471,0.4467532198070086,0.6183483679444641,0.06642840030249328,0.06484301632909387,0.6660832897741535,0.06762576389575405,0.042609998977817455,0.4693758390535969,0.012768292782564904,0.026833234491634654,0.5372951644396444,0.09463213527129383,0.0006164109917414923,0.7459380713764697,0.17798931115192257,1.4786321104615792,0.45598922073085074,0.17317253900793536,1.7291278184843404,0.40696325266320155,0.1760285023205327,1.5938697462921585,0.30989844612841416,0.36006258330955543,1.3809355640292469,0.4623577831072241,0.3808679752028642,1.11339709946136,0.4138589693389942,0.21825310043182616,0.9489262287870984,0.27882557772003375,0.18780939615423514,0.8652404346153814,0.28354796210817224,0.16330602402623162,0.8507684907386792,0.3060642311553721,0.15791568494291697,0.8459102806164461,0.28290142425631615,0.011993296442678046,1.3906511954616858,0.5050572201793974,-0.03553921917086806,1.1191416492070179,0.4201463378231316,0.10247987299843503,0.9587888334484976,0.2739913136056626,0.20864212313622074,0.8929157194196536,0.25476456401625935,0.20825048719335945,0.8796738496613105,0.25598379462385107,0.14685749211127277,0.8605744460275012,0.21074567685454745,0.3103448275862069
0.2901566032894472,0.8846047509276321,0.47949537000186043,0.2997178435579178,0.4484738571042327,0.6015792446860929,0.30104368013770005,0.05927199865481547,0.6680100506669878,0.25782567679197727,0.01803429118434196,0.5023156491482335,0.33587698175995206,0.020545005326009634,0.5203529654566973,0.2740918156148538,-0.00023577391071989348,0.7406111574146877,0.0746503484197982,0.870251130179291,0.48853662252372637,0.05163472360367272,0.44610063603315087,0.6186854995036126,0.06667957537924868,0.06491252877801001,0.6664741711108835,0.06817684158690712,0.04457017874515983,0.4681618320044117,0.012775168589711446,0.026866713870278423,0.5372760071089167,0.09493112687486739,0.0003754162104954578,0.7468544187664612,0.17844229532995098,1.4787368876145226,0.45746721767927084,0.17316380907306844,1.7290723013348128,0.40687421238276933,0.1766895574287744,1.593064183602259,0.3121268498981683,0.3599311700877741,1.380914066516045,0.462738246466344,0.38245250858312174,1.1133306071015758,0.417918421699524,0.21874828483875086,0.9503504140436229,0.276738478513606,0.18756424943138378,0.8681876011313062,0.28360066243833626,0.16303572516286624,0.8528745536191091,0.30592440619833156,0.1562386542071969,0.8474583642175874,0.28113663993091437,0.01156058833055183,1.3904632232302514,0.5034757352702394,-0.03686229114520111,1.1192414684477006,0.4182932956779081,0.10238713192761502,0.9599806939405718,0.2736192612294533,0.208456370197248,0.8933242640121891,0.2546028363629382,0.20787571563545473,0.8802900495006056,0.25702827029611836,0.14819661686304073,0.8642792912664689,0.21059413562673215,0.3275862068965517
0.2905851030952782,0.8850037765563433,0.47882918637027144,0.2997367133456,0.4490576281985708,0.6011281645761865,0.30103303749748345,0.05926936357326097,0.6679873062563508,0.25801173861386983,0.017220959573121284,0.5023902113822317,0.33580932812772946,0.02197512100609462,0.5174202595405258,0.274086269467451,-0.00021831365225375918,0.7406100966566687,0.07520792366426168,0.8705428408549237,0.48754069275072676,0.0519978587788094,0.4453362641846245,0.618911989467769,0.06687381221965802,0.06466172838123363,0.666870786306896,0.06832537894926277,0.04567662596580964,0.469112166369242,0.012782947651045476,0.026905009544206483,0.5372720890685901,0.09506842343981368,0.0001268095972960237,0.747524595184086,0.1788231261517426,1.4786490458544013,0.45870375437344735,0.1731627520452701,1.7288422946061817,0.40679211302663376,0.1774408385432386,1.5919752458373895,0.31462266488766955,0.35999743976333043,1.38092269238789,0.46248298264427196,0.3840691007853789,1.1129399180402961,0.42221288343241165,0.21886205292052324,0.9515898177822617,0.27506086701542987,0.18732792710998974,0.8711267411810929,0.2833846442885706,0.16372605145567476,0.8554925912327437,0.3053658424977105,0.15574052810610997,0.8490564255725641,0.28019504989505317,0.01101814994680447,1.3901270552270923,0.5014511514455858,-0.03850458032837279,1.1193657203798133,0.41615507786105266,0.10235487990235739,0.9616283657321302,0.27330719058068903,0.20820568228968947,0.8944666645002425,0.25433482719170053,0.20752643472265092,0.8814907117715949,0.25806799784091294,0.14991005304999597,0.8678705442253268,0.21062688054542142,0.3448275862068966
0.291038765463073,0.8849639001169909,0.4783546722129376,0.29960704983304304,0.4495324177809501,0.6008546844666183,0.3010194985477036,0.05926111217993557,0.6679615534250448,0.2579892149909877,0.015904635415292148,0.5036809403172537,0.33515865061612643,0.022846159474767272,0.5155035364918946,0.2740472530949948,-0.0003068235422898462,0.7406008177678629,0.07566608862189389,0.8707428507889089,0.4867094565840209,0.052313751815063855,0.4444861860158749,0.6189885462409387,0.06702254348180489,0.06407968986787263,0.6672466042090017,0.06801161960029753,0.04599586758970819,0.47182900809735934,0.012783260251991311,0.026927233196151326,0.5372880863384354,0.09502408726177337,-9.770485865498793e-05,0.7478788572783077,0.17908491779784963,1.478177735074299,0.4595057528195188,0.17317274213243072,1.7284378963337899,0.40686422828345026,0.1782016740188686,1.590606563043212,0.31718529655741623,0.3601164757890724,1.3809330778706042,0.4621195644332818,0.38557206783618436,1.112209661607909,0.4264490547885774,0.2187053612186495,0.9524866816465967,0.2741158923005826,0.1872858223117434,0.8735359649712763,0.2826212409220509,0.16583675285317467,0.858312371655985,0.3037650130414084,0.15691407324305284,0.8503805659743277,0.2800997593725134,0.010448679081810292,1.3896403282886929,0.49928549227405983,-0.04022568309683841,1.119477772363404,0.4139866462076123,0.10246906329599118,0.963621283192788,0.27318481190552996,0.208166507869706,0.8965075457131142,0.2539590177660976,0.20773128097784532,0.8833426407977469,0.25816972244998654,0.15157217592931638,0.8711524509018117,0.21060101520701277,0.3620689655172414
0.29150855491734673,0.8843844776175308,0.4779794893678839,0.29938410179891906,0.4498179727463691,0.6006561586459657,0.3010042575396107,0.05924972998607885,0.6679333258227182,0.2576406788303209,0.014206052033973087,0.5060914122485268,0.3340276785814183,0.022924302898948937,0.514871691724138,0.2739785903590548,-0.0004459348229942407,0.7404952050514743,0.07603228222758719,0.8707835460766769,0.48614870646743275,0.0525320256323922,0.44356530690320223,0.6189340111065863,0.06711765744981645,0.06319240218073519,0.667560471961399,0.06725732646751895,0.045903216282275484,0.4751815964938694,0.012771123879562363,0.026930236611047167,0.5373203694773439,0.09480286076529314,-0.00028092837391475653,0.7478664722141333,0.17922972956199595,1.4772817335929778,0.45986746586118543,0.1731958102201091,1.7278948993328185,0.4072255327782677,0.17882536731030926,1.5890404903653008,0.3194922679514555,0.3601682020368687,1.3809244924631658,0.4619727901594729,0.3869265125507099,1.1111349748669967,0.4305269610124938,0.21844894737720527,0.9531577085637255,0.2739136606848325,0.18747027821515616,0.8750934377772117,0.2811022344476838,0.16923568382137888,0.861113876250988,0.30048725810072335,0.15967781349728336,0.8515584752897994,0.2802749501622318,0.009928095797781117,1.3889826563954324,0.4972735884081536,-0.04183173662346463,1.1195475397172896,0.4119853969597106,0.10272132576211161,0.9657929145139998,0.27327542495747775,0.20864314595223565,0.8996465519489193,0.253400458826609,0.20868468951311506,0.885810502889387,0.25666011225882557,0.15275215389494157,0.8741745128812589,0.21010970378853708,0.3793103448275862
0.2919422435411713,0.8832729225482263,0.47757885964923946,0.299159850841087,0.4499314349274632,0.6005566856769884,0.30098851153352046,0.059238653382936546,0.667902924135266,0.25696290982598846,0.012414968591828822,0.5092491558477855,0.33262234541847924,0.022323932542366774,0.5154635561118324,0.27389531646447723,-0.0005659240829345401,0.740198670293397,0.07636433373118627,0.8705448548351422,0.48590248247076406,0.05262101590673128,0.4426103689089909,0.6187932464376601,0.06712932156507728,0.062115509217963674,0.6677819267488884,0.06618459598847229,0.04592159568600053,0.4776482775562478,0.012747595525197102,0.026919032321612475,0.5373613996193647,0.09447164696410792,-0.0004537509868871928,0.7476002675190022,0.17935115351231307,1.4760607180672067,0.4601694519659992,0.17323282555057812,1.727249948053009,0.4076951467807011,0.17912344934628066,1.5873937223165873,0.32097711450953426,0.3600859502745045,1.380890178243877,0.46211479898104046,0.3881636888334917,1.109849112934683,0.43413659761990475,0.21813002162062622,0.953936431268026,0.2743721061199117,0.18772662627760223,0.8760122206762319,0.2786658864525712,0.17334856056048276,0.8636596694563877,0.29524791602577605,0.16345181455700272,0.8531736691950738,0.2796139490528743,0.009530293814593737,1.3881679685427704,0.49570841230938767,-0.04330346633081342,1.119622745051296,0.41019912664085084,0.10290005425353949,0.9679365550217218,0.2733387308596139,0.2096461383003075,0.9041861349692889,0.2526677087221904,0.21020900186907793,0.8889094593522096,0.25365258236483845,0.15317501196312663,0.8771116178754771,0.2088634606555358,0.396551724137931
0.2922753239368644,0.8816518855900862,0.477140209697268,0.29899434585833745,0.44990590787806745,0.6006159819718335,0.30097335202619147,0.059230278807925765,0.6678721952891343,0.2560497074649359,0.01076534082860822,0.5127001343512807,0.3312094332344422,0.02162145144457305,0.5167157931235697,0.27381380060372024,-0.0006624579787614174,0.7397491321692106,0.07671512644444366,0.8698487523169299,0.48600503342791734,0.05256381575765566,0.4416754252801371,0.6185970202175938,0.06705463884460379,0.061052255475399386,0.6679128785661546,0.06501036343053358,0.04629059781248031,0.4782153362253014,0.012719494094009128,0.02689816734663504,0.5374056576343229,0.0941613084281284,-0.0006838154296480679,0.7473723778190708,0.1795589204137066,1.4746293697312916,0.4609448988413075,0.17327405867709678,1.726534780520713,0.4076578686318769,0.1789985544404512,1.5858484793702312,0.32092014920250933,0.35987468308323867,1.3808341817760026,0.4624798689984642,0.3894910494383965,1.108577259564367,0.43663117646348026,0.21758094952984833,0.9550408091927682,0.27535313107396014,0.1878611761386486,0.8773704223550753,0.27518985602115625,0.1774718800728952,0.8657106938925875,0.28855998759994383,0.1672168607761884,0.8557868549300087,0.27708837384569857,0.009318086149274953,1.3872803782173984,0.49484091581983625,-0.044764100507791796,1.1198040451064297,0.40856583160413684,0.10262061429007505,0.9698233654463168,0.2729281935600883,0.21088348748652125,0.9105193322030156,0.25194496674163874,0.21200195997111487,0.8928415963078198,0.25002948074392456,0.15266627528994528,0.8801252652362098,0.2067482868810928,0.4137931034482758
0.2924834973954929,0.8795526568870049,0.4768196477198457,0.29887855803564406,0.4497350908655151,0.6008625483387082,0.3009594446065983,0.05922459918750232,0.6678454142664776,0.2550337843700914,0.009338802649968237,0.5159500604882189,0.3300796258262496,0.021396480896278262,0.5178887036512341,0.2737429308765526,-0.0008211774658214467,0.7393614452807028,0.07709931019038113,0.8686135774613666,0.4864808684058761,0.05236090212536156,0.4407963063461487,0.6183697928372125,0.06692211478139339,0.06016001554105117,0.6679753389632697,0.06397685555436594,0.046771863903191054,0.4769559100411816,0.012694026343236723,0.026869508671580583,0.5374480001765083,0.09397981561535351,-0.000991290161014919,0.7473919569668803,0.17984801906110331,1.473072807771022,0.4622409421122078,0.1732805463753087,1.7257985626172947,0.406497170252893,0.17852928532853285,1.5846305517031056,0.3188345926022772,0.3597011525146729,1.3807777293277583,0.4628162155318722,0.39139269392571174,1.10747301237113,0.4374535643725086,0.21662623916958504,0.956541634514847,0.2764842718117886,0.18760680245545364,0.8810132555224006,0.2708354534128864,0.18071404099649713,0.8675377423334092,0.28142869482117494,0.16968918344446135,0.8595978011992812,0.27217934688803436,0.009309850746209008,1.3864855409523118,0.49474717429487614,-0.04641153683085536,1.1201227726036367,0.407120983003165,0.10147794150447369,0.9712699231929939,0.27168860295696534,0.21204118718119006,0.9189473871099502,0.2514590731575912,0.213775188463807,0.8979899375768087,0.2468482092321121,0.15110928953416766,0.8832591423015201,0.2037134315213083,0.4310344827586206
0.2925689860133383,0.8770455181434345,0.4767336403189207,0.29876416059060795,0.44938257048011154,0.601302393450877,0.30094699200846325,0.059221399762101036,0.6678262522704638,0.2540566369093997,0.00823583154258012,0.5185029602136096,0.32945669618990137,0.02175730414825399,0.5185871730928143,0.2736851739835761,-0.0011372209996494964,0.7392652095152902,0.07748332055002088,0.8669156562335029,0.4873235182309902,0.05203948005772603,0.4399981094862342,0.6181327324609713,0.06675464168576947,0.059441310718475596,0.6679879319814799,0.06325411684060575,0.04698534878102272,0.47479939216277567,0.012674608064930423,0.026835363559918668,0.5374845529747708,0.09392394284186723,-0.001298359848174939,0.7475374016719876,0.18010175846227358,1.471513071131327,0.4632465602932455,0.1731975501521375,1.7251286761024154,0.40410427158270545,0.1778836734885975,1.5838600566188576,0.3148366572791024,0.3598688847937218,1.3807546700696167,0.4627273294331624,0.3944347433065626,1.1065948751873351,0.4365936707724315,0.2155130749299099,0.9588102134191909,0.2771622516650812,0.1863960773991517,0.8888602369576154,0.2662648329552189,0.18189658244208295,0.8705978947710119,0.27462398652161846,0.16989590945030097,0.8645158852838619,0.2652449678629958,0.009442700956335724,1.3859874272547228,0.49518418063211334,-0.048513278960381365,1.1205050996766945,0.40627192829924724,0.09922475409279019,0.9722576755114968,0.26949214418909917,0.21281452926900923,0.9294354401044452,0.25141090870764726,0.21519213524970562,0.9046069753335395,0.24480379023393883,0.14866826599680205,0.8864354655680468,0.19990746853139918,0.4482758620689655
0.2924914365917177,0.8742437223350296,0.47686803728727345,0.29861204636935235,0.44880931703399446,0.6019404783540797,0.30093624035635796,0.05922309775611178,0.6678150276873018,0.2532577941010739,0.0076215392069666,0.519995440359234,0.32935740228965327,0.022451293496460367,0.5188162346413979,0.2736412705796113,-0.0016419614803065714,0.7395514699051173,0.07780092988594474,0.8648835442530669,0.48855755512394244,0.051653601659573924,0.43929604358137403,0.6178765923783979,0.06655533666134585,0.05881135116706224,0.6679567902114155,0.06286235420389291,0.04673653521637083,0.47293577413411503,0.012662889591049126,0.026801519844960476,0.5375171999501374,0.09389980524504919,-0.001492239141508353,0.7474710486527991,0.18024176629182087,1.470126443529547,0.46284928315965884,0.17303825366579323,1.7246376374041943,0.40075964176695766,0.17717968193077419,1.5834300301840434,0.3095059330693009,0.36057708686940637,1.380789635292184,0.46189656229398596,0.3988737193092903,1.1059615611261464,0.4345725458192933,0.21515599209949646,0.9627017298065192,0.27705116490284193,0.1836570681635852,0.9019953399368934,0.2626992387181655,0.1799836032593639,0.8771184618733,0.26842968572131304,0.16778394602959446,0.8703381565949119,0.25776798737197015,0.009580418694126156,1.3859223112334762,0.49564498777937954,-0.051288430991761474,1.1208901590643343,0.40690382562940397,0.09588778054528885,0.9730121654436529,0.2663936538247909,0.2126390683991839,0.941586379927392,0.2519972168118342,0.21581345754666242,0.912354362338611,0.24436015008831832,0.1461308566512568,0.8895059787461769,0.19612641128113395,0.4655172413793103
0.2921732321355497,0.8712475101290554,0.4773410364889419,0.29841261399388724,0.4479877869699515,0.6027888019427557,0.3009278763397367,0.05923169971686966,0.6678103583282915,0.25274857057678335,0.007532317006744648,0.5204374810229611,0.3295315042329795,0.023183637748702326,0.5186983572337776,0.2736068080238687,-0.00233304420229212,0.7401944741707901,0.07802254875416895,0.8625991734728441,0.4902053434190725,0.051274768099015475,0.438640291655388,0.6175545460612807,0.06631651361003266,0.058239488219437224,0.667871839652124,0.06270942849383958,0.04604623364387159,0.4722790257736004,0.012665332665701846,0.026778265992918424,0.5375448095702869,0.09378913931011316,-0.0015040836861683997,0.7469284789357614,0.18030229762247535,1.469063170398126,0.4605649702146956,0.17296555143951003,1.7244128293659862,0.3966416547468028,0.1764787958839083,1.5831303288181675,0.3034578311171343,0.36172281682590046,1.3808906974789763,0.4601348981470235,0.4044694364928715,1.1056121282137081,0.43202898697018527,0.21669510626450372,0.9690129555258924,0.27645710727871514,0.17940762304109004,0.9201532739480351,0.2616915488429958,0.17478814231746234,0.8884591127932504,0.26285313814829075,0.16410288084106617,0.8769214217091355,0.2516610785386086,0.009573189483806345,1.3863000998932447,0.4956493411760312,-0.054691386566652234,1.1213328550169612,0.4099602771181232,0.09170477220698481,0.9738521140706474,0.26280850431040537,0.2106509734614181,0.9547419348290861,0.25317935179871925,0.21527115931190816,0.920354599968239,0.24600859106040113,0.1448811972295957,0.892206006234184,0.19407972352135205,0.4827586206896552
0.29159089982001873,0.8680999650101192,0.47849603272193136,0.2981818792068383,0.44690943167326375,0.6038416795181474,0.3009221104961634,0.059239759604738394,0.6678122576888423,0.2525544995772749,0.007748985400227497,0.5203070769839911,0.3296586936322561,0.023684572845074987,0.5183697727385415,0.273559342755157,-0.0032394472550504923,0.7411404745776236,0.07821154335527723,0.8601145188406043,0.49211512272225033,0.050956023172153905,0.4379553286274942,0.6171220870811546,0.06602683157888453,0.05778784491834423,0.6677082983420183,0.06274840285249875,0.045091811863790784,0.47311173962072395,0.012697239368659578,0.026781396334514842,0.5375481952796017,0.09349621940978645,-0.0013286602922873252,0.7458737232928917,0.1803445623355569,1.4683842151130895,0.456721334204169,0.1732459618105106,1.7244651660151598,0.3915978391423114,0.175891993379637,1.5828967919385055,0.2971957486736593,0.3629786926553125,1.38105660599679,0.45735791334287973,0.41071956984932867,1.1057217289308074,0.4293616897213857,0.2207386599564788,0.9779693741753802,0.2759238702803281,0.17417174587019357,0.9418271932624852,0.2640203336119584,0.16717601481064076,0.9041614956748176,0.2575325633829501,0.15975887330473637,0.8844702316660592,0.24824060890718844,0.009302656909966034,1.3870600858705824,0.4949333049055571,-0.05838039680228335,1.1219480919418614,0.4158291468306101,0.08694695037813277,0.9748922752416647,0.25973483044087675,0.20606868871585415,0.9680724585879228,0.25419942866856016,0.2133962973377913,0.9278830928187659,0.2496579968473655,0.1461466530349849,0.894179638341238,0.1958642931639963,0.5
0.29081122548812005,0.8648203086008589,0.4805751011363076,0.29795672966401093,0.4456058168379116,0.6050049517979187,0.3009162335142451,0.05922325155495587,0.6678231941970662,0.25257916575474526,0.007964348910966965,0.5201821061880463,0.3296552114670679,0.023669822226560385,0.5181093691007875,0.2734570055047302,-0.004392941440874713,0.7423414582455461,0.07847162135532032,0.8575252437677222,0.49402875950957775,0.0507062643919883,0.43727703224294107,0.6166185651332513,0.06568007885014089,0.05752967944085702,0.6674459817940893,0.06305293566167768,0.04415322755934817,0.47500349064883096,0.012766941996653326,0.02682617442384029,0.5375093254867768,0.09299496978856164,-0.0010252074921765046,0.7444735441827736,0.1803815514553114,1.4680844696598103,0.4520206388869741,0.17408774452621034,1.7247135786773014,0.38523906747632863,0.17560106047654825,1.5828134459001917,0.291124593375588,0.36403120205687556,1.3812734076085542,0.4537758840967262,0.41715059526124987,1.1065630125321357,0.4267803727048594,0.22701139365877612,0.9892665357037244,0.275871455107178,0.16848683453825963,0.9647355736735718,0.26852402423789423,0.15858737983481938,0.9225092094545796,0.251630052173091,0.15559950975618483,0.8935536833631041,0.2479979599560495,0.008709474713305056,1.3881429190431143,0.49330058347739875,-0.0619301987244832,1.1227957815421632,0.4243482265212259,0.08183880490003376,0.9759658443946828,0.2584210267699845,0.1986304204174614,0.9807901922064638,0.2534114999787092,0.2099165783848641,0.934910868987482,0.2537266115284688,0.15003839515554074,0.8952353007716338,0.20286334226728261,0.5172413793103449
0.28993789979342544,0.8614598799331639,0.4835015950773526,0.2977865778327373,0.44415176367570103,0.6060544731983885,0.30090561705206914,0.0591551985915168,0.6678461466584907,0.25267032707563036,0.008036295185282859,0.5202770583541516,0.3297007396546906,0.022914294362579267,0.5183483421288493,0.27327243694440717,-0.005702294502695994,0.7437375434131906,0.07883176219632154,0.8549816618944696,0.49592966402038086,0.05052039441717424,0.4367550857480639,0.6161864871228251,0.06528472445535068,0.05746625290918918,0.6670945330055625,0.06370649174215225,0.04352980952703053,0.47702534247227396,0.01284253787341889,0.02691140805509494,0.5374618623964817,0.09234299724215746,-0.0006997931114509116,0.74297185347148,0.18039069724613305,1.4681658253607999,0.4471728829432938,0.17551947084702027,1.7250150941821363,0.3772504707733809,0.17572740649149104,1.5828615819394785,0.28541722721261376,0.3647342909447631,1.3815135396018885,0.44993302267287055,0.4232938186799151,1.1082105720023951,0.42457304066367396,0.23454702375862607,1.002256487431052,0.27693563626342355,0.1626462821295064,0.9862808050243408,0.2731775815527099,0.1504544148368242,0.9412964719554355,0.24466863498626554,0.1527755821639857,0.9044870109459777,0.25083583130505654,0.007839960148955567,1.3894842432913903,0.49036276580814053,-0.06504933592986503,1.123866595238297,0.4350335364686245,0.07659455002564354,0.9768140038594142,0.2596738668126737,0.18871739971696305,0.992274013969416,0.24913264262719356,0.20428030748360593,0.9417984986608391,0.25571072048935195,0.15542361446784947,0.8955212366823982,0.21502610406762232,0.5344827586206896
0.2890638971243885,0.8580949476063965,0.48705093346452366,0.2976998030943431,0.44263436643043214,0.6067308260265841,0.3008913361322291,0.05904335563243034,0.6678798001089299,0.2527357826327479,0.008004889639107553,0.5204815186540092,0.3299891136298186,0.02143046487715777,0.519395295199045,0.27303712688492104,-0.0069433967776391416,0.7452614294693949,0.0792125529212144,0.8526328783148572,0.49810159260181297,0.05040805620134835,0.4365211462320684,0.6159625344251819,0.06486427550955677,0.05753866539578267,0.6666972962099296,0.06464699459361262,0.04343336890175164,0.47812273578401243,0.012849319583115028,0.02700636710391013,0.5374951320195863,0.09164506472818507,-0.0004355842436092709,0.7416024292323583,0.1803417875737799,1.4686486909233125,0.4427129457282594,0.17740706516975538,1.725229707051978,0.36769581443620486,0.17622260630009956,1.582849212672831,0.27997750575108815,0.36508708347585117,1.381759349333198,0.4463019047352576,0.4286008831097352,1.1104285758176393,0.4231072655088569,0.2421751950946614,1.0161162934702181,0.27994281937977294,0.15675891505939607,1.004028408682909,0.27753705402391726,0.14391048996926675,0.9581080180055389,0.2377652202999977,0.15278688741179772,0.9169000914414341,0.25597221512890195,0.006825698079305055,1.390976381129201,0.48559887793485,-0.06766093100220119,1.1251190342993733,0.4469214206207223,0.07141106543532791,0.9772637987739436,0.2636082044013129,0.17709974005704,1.001901089546628,0.24117009095798006,0.19615852424689229,0.9486279306851754,0.25395542623988204,0.16060936083319205,0.895371066741351,0.23074370622664234,0.5517241379310345
0.2882699153078676,0.8547786187059715,0.49104915983728914,0.29768415877943255,0.4411527881272121,0.6068999773718121,0.30088390525727676,0.0589413306040817,0.6679166357767748,0.2527703995449223,0.007955353252185037,0.5206676494017709,0.3305482954555232,0.019588299976756013,0.5212100012152218,0.2728451121816229,-0.00797196706026795,0.7469089171236144,0.07949132147079489,0.8505843206257083,0.5008175562919087,0.050378262536143706,0.43661027751012765,0.6159891464305658,0.06444791713400329,0.05771530532282707,0.6663033834930612,0.06566409653145046,0.04391032307303142,0.47755821110420643,0.012719557665535784,0.0270319479526848,0.5376779115642284,0.091016114170023,-0.00022951483723783472,0.7405669831753531,0.18023416329492867,1.46945974894221,0.4389962164965766,0.17953429241487318,1.7252228514444916,0.35681117469037693,0.17692701104522918,1.5826501254502423,0.2746564336884058,0.3651008689254488,1.3820249687162278,0.4428778316821398,0.4326326061976896,1.1128828264201873,0.4225103060945664,0.2489156815253607,1.0300607349512234,0.28507216207241703,0.15102035701418154,1.0165197541194524,0.2829494045183051,0.13963706758642644,0.9708006789992569,0.23378760456774875,0.1567147294212866,0.9300432588993733,0.2618592863074281,0.005768979414860792,1.3924753924034694,0.4787667266612446,-0.0698891630203205,1.1264921361137947,0.4586539631595585,0.06635337615065434,0.9772926259094604,0.2697133920738667,0.16460430332380716,1.0090525673407602,0.2314064149681579,0.18590346908436567,0.955170014250036,0.24843168427363957,0.16395127962216466,0.8951498351301399,0.24715522663649364,0.5689655172413793
0.28762633077061445,0.851578972341747,0.4953224943316112,0.2977287618181183,0.43982666433739054,0.6066258503974565,0.30089510073110665,0.05890514105873581,0.667949158280091,0.25279839579036445,0.007939168793225851,0.5207940266823597,0.331271898900203,0.01791536047218438,0.5234970763664146,0.2728089717065262,-0.008887262726200069,0.7488120417629384,0.07956477287030696,0.84890524075724,0.5041716264643863,0.05041902574870743,0.4369860074983829,0.6162409774939707,0.06405604863474233,0.05803691522920325,0.6659311801131503,0.06655622163641335,0.04479334005262236,0.47532799074749726,0.012454822691230109,0.02687029878235965,0.5379803760109735,0.09055432523696548,-1.6020543633973178e-05,0.7399563752959479,0.18014646062530876,1.470354055691854,0.43618976377159385,0.18161144921764133,1.7248189837258274,0.344635750510391,0.17769102416243518,1.5823763906573642,0.2694512097975378,0.3647497002157223,1.3823273860470386,0.4392453153997345,0.4353636074902906,1.1152888605626003,0.4224583906419329,0.2540711157248165,1.043365554023138,0.29147433818428264,0.14581303703995213,1.0239328497750944,0.29059439630826644,0.13767433782474595,0.978559521279756,0.2357645591916135,0.16440457462457453,0.9430034507673074,0.2669135376763878,0.004700361720305298,1.3938785553158126,0.47021974777112596,-0.07193142968690099,1.1278913118962128,0.46902448020928245,0.06132574217999661,0.9770126981234293,0.27674834276994376,0.15210803096764636,1.0135219168451717,0.22261232847037032,0.17439330324652963,0.9613844508736095,0.24012931707879107,0.1643124372817597,0.8953850940579813,0.2612159448114042,0.5862068965517241
0.28716010359504496,0.8486777696952973,0.49961120537422304,0.2978584821953342,0.4387638359680753,0.6061123488044858,0.30092871403005406,0.05895495620021814,0.6679766645027954,0.2528309596454666,0.007963785684581148,0.5208561606335734,0.33204275278649,0.016701641130230878,0.5259330233318955,0.2730053228911814,-0.009886045297272071,0.751122287588295,0.07940734937242269,0.8476661044744485,0.5081209381161522,0.050494944059413065,0.4376093169620612,0.6166726862010576,0.06369444197698987,0.05856568396272563,0.6655616171124923,0.06725115887952808,0.04576958126883158,0.47218663995841836,0.012153189864209255,0.026501795030407234,0.5382827735993682,0.0902971469949497,0.00026811015024881535,0.7396229201307231,0.1802155795224233,1.4710308804019292,0.4339670562295575,0.18325157907334527,1.723868139133928,0.3313573122401433,0.1783780909153671,1.5822371793849843,0.2645701309450178,0.36408589418664467,1.382629839376236,0.43495531589140235,0.4372460739159423,1.1174244025460784,0.42239752008626963,0.2572973590708352,1.0553534812287493,0.2978784934762278,0.14138305288643374,1.0278314434799858,0.30038955251208943,0.13725083605251098,0.9826566391879447,0.24463048880099494,0.17438592520232962,0.954509979955688,0.27086200558641355,0.0036616828569544955,1.3951926076319234,0.4608136115756511,-0.07390295655564119,1.1291559724900768,0.4774044059499802,0.05623684445835034,0.9765661589567842,0.28314708857051013,0.14064653774017186,1.015626140764205,0.2168364494006681,0.162698793021391,0.9675272928157764,0.2305671711791776,0.16143643814039083,0.8967079872908118,0.2709568019921093,0.603448275862069
0.28680613841558517,0.8463442402495561,0.5037155535945259,0.2980961881801612,0.4380604950672389,0.6055806292228222,0.3009807886133753,0.05908361307248902,0.6680026170524364,0.2528630207797991,0.008006341567705062,0.520865788807438,0.3328002974767341,0.015924202533152,0.5282687262148253,0.27345303553313777,-0.01095011258675714,0.7536712356200377,0.07911345797384382,0.8469520065949321,0.5125323538419491,0.050571013785812254,0.43847030312462537,0.617238736872956,0.0633675022517785,0.059328476348325956,0.6651714921931074,0.06777664876656112,0.046583396152580135,0.4691269583350204,0.011960318410170142,0.026141917230618837,0.5384692554801218,0.09018143849700017,0.0006519657515293431,0.7392337168287983,0.1805352467668349,1.47128613064225,0.4313297455623358,0.18411960795382332,1.722353695278093,0.31783168499808834,0.17882250612868353,1.5822597828357596,0.26026780176644526,0.3632342983235299,1.3828682945277302,0.4296871348772598,0.4389167951119106,1.119139289167996,0.4219283022653619,0.2589163834676808,1.0657126515533515,0.3033188456719645,0.13762070885654018,1.0304199984745497,0.31155192308440366,0.13694163371781043,0.9858993682269156,0.2585951066461518,0.18433986823664922,0.9630948405867281,0.2755431816779207,0.002747001503591688,1.3964386575520784,0.45146797845423803,-0.07581837673940858,1.1301302681808438,0.4838530431513317,0.05116103622766456,0.9759849054100441,0.28819582468040944,0.13116345614266361,1.015709746683602,0.2150748211365386,0.1518460271722107,0.9734863147726723,0.22201850270255188,0.15577847297671688,0.8992173588491111,0.2759176629594431,0.6206896551724138
0.28643430782198404,0.8447754415078427,0.507719101751003,0.29842133769980106,0.4377980816131392,0.6052169908831511,0.30104562131082585,0.05927927468868866,0.6680273411708906,0.2528854634546916,0.008029667269861242,0.5208575397801185,0.3335181114468809,0.015465917099481337,0.5302978337395555,0.27412636654545086,-0.01178223122242473,0.755903554763866,0.07879007538450551,0.846823395944551,0.5172527125950521,0.05065816243218612,0.4396017223474146,0.6179087266407113,0.06307952216546701,0.060308753206976776,0.6647614215950062,0.06815306186834794,0.04716420276853496,0.4668241337227469,0.011982115932245914,0.026121080317238983,0.5385057712027709,0.09008722757698819,0.0011349716796775489,0.7385376157212713,0.18110144245681364,1.4709887418660497,0.42708362022155466,0.1841679207361544,1.7203629666136975,0.30526706523637737,0.17893805424665804,1.5821941853314387,0.256477947762244,0.36218965266656555,1.3830448507475468,0.423036912241472,0.4407487559814922,1.1203509200485027,0.42098601369423905,0.2599941660852034,1.0746939753403286,0.3073494859456934,0.1344061184635928,1.0341321564236978,0.3234555660513331,0.1354340351228901,0.9911047816928481,0.2747478326019749,0.1916858227484628,0.967995622152226,0.2837756685820993,0.0020296207581373704,1.3974413548797644,0.44284809863332897,-0.07761030682598428,1.1308117592583846,0.48883798520624655,0.046357033412361484,0.9751743885328642,0.2925552067545293,0.12413576038572187,1.0138372260073556,0.2176260407525012,0.1426838852134111,0.9781030231398878,0.2171024788986063,0.14823663717564808,0.9020557415108598,0.27705889588251675,0.6379310344827587
0.2859784365660898,0.8440018738784412,0.5119633948501884,0.2987812083699525,0.43797368779332335,0.605204963047244,0.30111980724136156,0.059532485202241824,0.6680472577680238,0.25290620580875645,0.007999094387871173,0.5208589683519957,0.33412903324253557,0.015206094186056172,0.5317825705025611,0.2749670262307139,-0.012105087638981687,0.7573550060243862,0.0783885558207494,0.8472716298770279,0.5222054082910231,0.050812935488699695,0.44110226275719494,0.6186714234874003,0.06281535701560967,0.06144804682159854,0.6643422105293665,0.06835074853889696,0.047583719967320644,0.4655150604107854,0.01226506054306704,0.026641596633726165,0.5384123711534908,0.08994998153823362,0.0017039011697041924,0.7375256593356293,0.18185327269282542,1.4700273501238579,0.4203950579431761,0.18359375580968734,1.7179295340738376,0.294490659823605,0.17885606554797254,1.581692036014456,0.2526858469984457,0.3607936466024476,1.3831861640269516,0.414574522977232,0.44268425465613126,1.1210381402678395,0.41992830509519746,0.2616767585444475,1.0827166043365926,0.3097744559669223,0.13177859174540396,1.0414449651346354,0.3355024437342624,0.13233523067999248,1.000044556580152,0.29065317963428966,0.19422040122857076,0.970177054871548,0.29682190522369084,0.0015047174688215407,1.3977862269423895,0.4353899781235647,-0.07911796545957056,1.1313039983282287,0.49264317743140895,0.042160135020646396,0.9740406445452507,0.29743397823246254,0.11950913175579335,1.0100390061465285,0.22372481663745453,0.13588216664550806,0.9795401883342222,0.21694137796379562,0.14018038012998155,0.9039452477491454,0.2763233064342989,0.6551724137931034
0.28548675511308685,0.8439825045825573,0.5167873424971001,0.299119149463701,0.4385079496232484,0.6056977643343064,0.30120182141000845,0.05983401159957811,0.6680594979769111,0.25296740597642725,0.007925226945775207,0.5208468322942215,0.334454956957836,0.015023190888344296,0.5324389613513593,0.2758945478849062,-0.011889949845949186,0.7580136405796809,0.0777531622013128,0.8482378738999369,0.527421599737304,0.051073548901595905,0.44304334660871375,0.6195220761520824,0.06254695525493394,0.06264750203498035,0.6639210102312196,0.06836685296970925,0.04792372358069248,0.46509642118569877,0.012823366032057039,0.027707551171875018,0.5381858917331083,0.08978967602097324,0.0022982181504580743,0.7363786557007388,0.1827224526425543,1.4683871418328107,0.4108626168396111,0.18258682047222247,1.7148863211542964,0.2855922621479385,0.17885551413113737,1.580518849594177,0.2480609971743384,0.35897088071224764,1.3831715487863283,0.40451833259953973,0.44451667933687344,1.1212334641053492,0.4194867889919211,0.26439875642319305,1.0899202235047147,0.31033065953477923,0.12971753754447585,1.0542313013443911,0.34599858128876654,0.12823392218045496,1.0134581666057514,0.30431194190446575,0.19082280008860836,0.9723242916910331,0.31322294118578675,0.0011246396331835921,1.3970656500668874,0.42922439680249536,-0.08018132031490349,1.1315881001153685,0.4952018352837809,0.038851252634149055,0.9725088356743457,0.3036307685927504,0.11686827789364762,1.004570536939409,0.23139912731002227,0.1316819525977399,0.9764792249450629,0.22019918278545894,0.1329806902443114,0.9040209243368458,0.275560763316667,0.6724137931034483
0.2850192039771914,0.8447368743248538,0.5222882341554759,0.2993920020409371,0.4393893430260482,0.6067332828609391,0.30129010236010945,0.06017479187900021,0.668063515211301,0.2530948782733131,0.007886375084697337,0.5207677336012998,0.3342683807143781,0.014861524926046647,0.5321272521184769,0.27683442965010663,-0.011250644641804367,0.7581139421543357,0.07683546391414703,0.8496727098384039,0.5329535456064648,0.05142772918519114,0.44533980520265354,0.6204486860176377,0.06225000269010596,0.06379517714207802,0.6635091950312061,0.06828723887338682,0.04818215435180789,0.46519201200148225,0.013612641024282163,0.029168712082711004,0.5378111263578998,0.08963744462708069,0.002768376056657161,0.7353669161900452,0.18361642369664277,1.4661349913226505,0.3985334114099849,0.181275018423443,1.7109072807221744,0.2780541071627155,0.17918863868981272,1.578509902649503,0.24155147845583969,0.3568968227654711,1.382705806837532,0.39402211196994713,0.4461298055310878,1.1209805340179804,0.42032675124407165,0.2677898779165185,1.0961062220993645,0.30887821628585155,0.12838765726726992,1.0727852393147594,0.3518035560435298,0.12422903674620704,1.0312067149038189,0.3139251908957921,0.1819810455855735,0.9773136806245183,0.3300723222943888,0.0008650317753512667,1.3951513486830014,0.4240537741966763,-0.08078268123832386,1.1314572588417675,0.496583528243853,0.036622074172532486,0.9704098900137063,0.31130150002218226,0.1156972537412288,0.9978074022869969,0.23862599181917238,0.12957178495305624,0.9687886632713976,0.2248739258702672,0.12717759107854248,0.9020917141319723,0.275807471999337,0.6896551724137931
0.28458491233786526,0.8462763559520965,0.528278569807655,0.29957704951767744,0.4407538865022706,0.6082340531161675,0.3013825802858699,0.06054660421272355,0.6680597753132756,0.2531610202611998,0.007979344703969365,0.5205898055405878,0.33345975699351954,0.014744551926556557,0.5310172660777351,0.2777401851600629,-0.010267531744767619,0.7578220177816313,0.07575926069904465,0.8515458335550936,0.5387670976699663,0.05184743867319195,0.447837466318864,0.621422488945623,0.06189736136318778,0.0648061920203107,0.663114749237626,0.06822130883584322,0.04830576378577589,0.46537449644229156,0.014484060639253924,0.030731103052371464,0.5373515776302731,0.08949912866415491,0.0029642250100880806,0.7347333453089335,0.18436004741333123,1.4632687409729295,0.3839474686342723,0.17988118543250542,1.7057426400150475,0.2711280444928864,0.17997745276696575,1.5753494300734057,0.2321346317735626,0.3549316948986128,1.3815022174307698,0.3843179144511218,0.4474219677616528,1.1202737855113698,0.42273648253348584,0.2711726384411449,1.1008043832983088,0.3059617224167405,0.12841602351174597,1.0955438923465546,0.35023183356435694,0.12141796237385377,1.0520590022929248,0.3186883079681695,0.16976639656963563,0.9864011181948433,0.34470379355325215,0.000788290696058779,1.392182801613235,0.41929712361834215,-0.08102713538829509,1.1306659354664113,0.49716882916146227,0.03558217953639205,0.9675678020708577,0.32009552166605654,0.11564771686666081,0.9899772217055277,0.2444115797060726,0.12876112659429245,0.9571319480820499,0.23046779691819477,0.12246457538748728,0.8984404724102816,0.27743035979446684,0.7068965517241379
0.2841790045619714,0.8484049756466392,0.5344457020999909,0.29966847947823955,0.4427406475194478,0.6100746063132063,0.3014772477205905,0.060940773922692995,0.668049059454525,0.2528898141140471,0.008290586083381289,0.5203058342493405,0.3321035815812944,0.014784546621013967,0.5292798885701224,0.2785927839531986,-0.00896283924367962,0.7571849596063348,0.07468639663898002,0.8537916112830563,0.544724498112178,0.052326075578536566,0.4504660355677141,0.6224019793728597,0.06147460005347872,0.065646265441947,0.6627326226039726,0.06820710491469056,0.04833653329145447,0.4654433716635217,0.015225072318402977,0.032039230257278534,0.536947054060207,0.08937862541490224,0.0028483091474128357,0.7345901774507939,0.18472710432897005,1.459653336224624,0.3679814158970676,0.178790642181856,1.6993828128148678,0.26401852606514953,0.18114716600756203,1.5706091052178075,0.21928765592304078,0.3534204907795773,1.3794782962727725,0.3757252612677864,0.4482697901360034,1.1190065480871338,0.4269567406421459,0.27405136121451157,1.1034193836566173,0.3029411498037685,0.13049010049861806,1.1198307710172624,0.34151841894124546,0.12045627786058691,1.0737883265090038,0.3196610735157166,0.1570415826577939,0.9989259120183591,0.3552425986832275,0.0010717911113701474,1.3883778668123603,0.41417128087488436,-0.081036344064403,1.129081175582853,0.49729388840168054,0.03571970595706698,0.964079836051371,0.3294098150716367,0.11654896165614748,0.9812411401691846,0.24887831297255192,0.12887591310618934,0.9425344564724927,0.23777462892610707,0.1183764439458405,0.8935863158811579,0.28022081295973317,0.7241379310344828
0.2838057116600888,0.8507172030193376,0.5405195414353696,0.2996739432413211,0.44529766996554815,0.6121014062225928,0.3015725559390241,0.06134801617622272,0.6680320927023452,0.25215365918200516,0.008890113619713516,0.5199224850874239,0.3304175552885257,0.015270620198270414,0.5266317841737642,0.27939781545612324,-0.007384281107166282,0.7562068798973639,0.07371142363119214,0.8562786985992513,0.5505820892640464,0.05287660312244885,0.4532065750625787,0.6233518452156066,0.06102137531346439,0.06633298679933954,0.6623633936361193,0.06821276333082406,0.048485605207065886,0.46541809513307064,0.015673832302192166,0.03284409892327757,0.5366869707122253,0.089286050960095,0.002467708373824127,0.7349176574373297,0.18459550972869168,1.4550061816470155,0.3516837901568061,0.17842015164291197,1.691994529742523,0.2557532266470059,0.1824170590432658,1.5641192699422768,0.20330355639818704,0.35250762629413757,1.3767916816867747,0.3678045516978379,0.4485937031982723,1.1169646900126828,0.4333534329693231,0.2761668837529333,1.1035271215567495,0.30138012057644475,0.13491843964439545,1.1428303946304463,0.3286818123354377,0.12139616133367895,1.0940402608286248,0.3194987892764644,0.14628696036872482,1.013312150185535,0.3606663155588113,0.0018992060053711142,1.3839471476780463,0.4078273698608852,-0.08092799019054486,1.126788817222628,0.4971167334366703,0.03685218764358855,0.9603829545321088,0.33852783374270484,0.11822585528577774,0.9720149610993031,0.25324188831559813,0.129770288395014,0.9265083271276647,0.24748242363600695,0.11481734653438833,0.8881397736617924,0.28370579524758044,0.7413793103448276
0.283460736970311,0.8528658197307095,0.5462863864348998,0.29961483644494225,0.4482064839499074,0.6141668981739392,0.30166733421204406,0.06175993292003312,0.6680095977829948,0.2511721728380007,0.009756713483236496,0.5194772482551856,0.32870661682195845,0.016511973162065575,0.5226522405042615,0.28017347252976665,-0.005683314208005517,0.754883839068577,0.07288157437413557,0.8588585613697975,0.5560027878598064,0.05349409657558144,0.4560148640230435,0.6242483184285813,0.0606164323246759,0.0669041289683735,0.6620175811496832,0.0682024974411443,0.04890142285902461,0.46537635304338054,0.015805388639506576,0.033050328218927894,0.536544995242756,0.08922938597011579,0.0018709606266681077,0.7356353072048955,0.18404036121801026,1.4489432330768124,0.33601604759467435,0.17902340852987714,1.6838284122020122,0.2452875917762302,0.1834267532226688,1.55615717403832,0.18532330115221454,0.35210994338994195,1.3736370493759473,0.3603260673856826,0.44833884376681943,1.1139647902931178,0.44185829493971857,0.2773064755561036,1.1009579032048615,0.30228305825505997,0.14159202211175814,1.1620319475578402,0.31501997545610816,0.1238621828108599,1.1113055643146708,0.32068430737591297,0.13888380445846213,1.0277227127541448,0.36116633091781775,0.0032925552132582886,1.3790757578194535,0.3999231959782687,-0.08078068859629922,1.1239992117944424,0.49678578159348713,0.038656758074265246,0.9569521685788774,0.34651158362523293,0.12045603064865593,0.9628956035086386,0.2595086181144913,0.13111650891996826,0.910992382298701,0.2597859763874028,0.11226780380781273,0.8827847032222805,0.2880182954552656,0.7586206896551724
0.2831122058786797,0.8547497167832476,0.5515357685556482,0.29952539732276917,0.45127050459912976,0.6162375274023043,0.30176029721409525,0.062168637237247214,0.6679829823172152,0.2503121373485905,0.010746329158093438,0.5190503644532922,0.327288032867479,0.018372204115355548,0.5177702769477185,0.280915551151684,-0.004060622106801241,0.7532133447451005,0.07225059125159636,0.8614156499180904,0.5606856939502805,0.05412248888712758,0.4588322455154459,0.6250723979000199,0.06030281108815788,0.06735847282288336,0.6616985587811219,0.06816720313486921,0.049294443574256976,0.46538647853366427,0.01572720099578247,0.03268158083868178,0.5364753111522939,0.08922110952580403,0.001079550082993784,0.7366870301245332,0.1832493630669052,1.4412114612122473,0.3215792325097588,0.18062176645749206,1.6751958238818696,0.23209248366827712,0.1839078553846048,1.547142607473591,0.16701474974745556,0.35204038377473945,1.3699720319686854,0.3537467728887804,0.4475335137859826,1.1100822389344511,0.45147806847755795,0.27738456474401124,1.095691038754362,0.30574469033784896,0.15003707760809354,1.175323218225504,0.30242828660003673,0.1272127559455281,1.1249133255142378,0.32367075757176184,0.13504535227658088,1.0401310641248536,0.35844586437221015,0.005098500221789411,1.3738989209102008,0.39087905170494863,-0.08055951167089341,1.120662043444403,0.49669046697804164,0.04076239748159877,0.9538629746886804,0.35259993938529977,0.12301976940493872,0.95427982426382,0.269114537625375,0.13255118613352063,0.8977590641161073,0.27475624115656483,0.11147273758097466,0.878078220361444,0.29405702418791135,0.7758620689655172
0.2827183018658649,0.8564062168333056,0.5560634351820236,0.29944699548969433,0.45441696615870203,0.6183913077488927,0.30184968951453717,0.0625645932797997,0.6679543459194893,0.24982034433468348,0.011674329207765538,0.5187435579907841,0.3264330787101677,0.020155283498856723,0.5134907789492369,0.2815800823952363,-0.0026190526099486282,0.7512350659164184,0.07187711161058889,0.8638301811458955,0.5645080051475461,0.05467338742838735,0.46160725764562943,0.62581031606472,0.06006217363167752,0.06764742957546555,0.661418225203177,0.06810749260829159,0.04895767619462944,0.46549854002955277,0.015583011351956123,0.03189334769916552,0.5365242159352762,0.0892868901813459,9.307988290199395e-05,0.7381067357013499,0.18239853767964204,1.431865650951887,0.3087506884217062,0.18306509894002326,1.666343811872066,0.21657027357949932,0.18376986040369309,1.5371870855345897,0.14989930482070946,0.3520871259728374,1.3655208844888678,0.3487119309074356,0.44642754996803624,1.1057229391116057,0.46048612535609545,0.27671976009348603,1.0880601186608587,0.3109674121417648,0.1594346291317219,1.1814833352940326,0.29163713914373435,0.1306494866180787,1.13433269480427,0.32699772305693187,0.1340441387487522,1.0488384872183154,0.35508737037604016,0.007094076857767971,1.36850340382585,0.3812541039959868,-0.08013246455885603,1.1164324110791424,0.49736368694010946,0.042787969064325956,0.9506860289426037,0.3569664434179257,0.12579410582506834,0.9461770833262466,0.28179802037534857,0.13388334750643607,0.8878063095990322,0.2923382894539223,0.1126517604698438,0.8738871654483756,0.30270826013690605,0.7931034482758621
0.2822804364176619,0.8578474278403736,0.5597386835878363,0.2993988443397677,0.45762296657549334,0.6206634410639843,0.30193360553164467,0.06293652595715937,0.6679265719645635,0.24978448439200446,0.012387657719832563,0.5186302894723781,0.3263258417888053,0.021075834293842674,0.5114030569534691,0.28210746127656483,-0.001352119472889289,0.7490905188526841,0.07178032510008911,0.8659474331010889,0.5675147883502465,0.05508156988111261,0.46429039034532515,0.6264490337103246,0.059862741411838,0.06774577419480403,0.6612165701708471,0.0680180016888806,0.04738089193470379,0.46573440798844434,0.015460933771712454,0.03091436966754978,0.5367902176148416,0.08944723472819685,-0.001088604680002967,0.7399683519871584,0.18162896556040387,1.4211551235627735,0.2978757385825741,0.1860005379070627,1.6572975302108786,0.19973738788084514,0.18304446747880415,1.526051112173393,0.13492883141373324,0.35204955865267407,1.3600381979805014,0.34532244410637714,0.44539117776665316,1.1014921860161255,0.4672504299154812,0.2760293082141774,1.079038785959841,0.3164146880494474,0.16865937070861436,1.1809934008692418,0.2829410047103337,0.13350749238193624,1.1391245900436322,0.32906995901604996,0.1346875229227751,1.0533976836559047,0.3529941824041755,0.009046375549017448,1.3628918179022587,0.371324898288133,-0.07934007826154507,1.1112615136139667,0.4987571577763653,0.04438797909299061,0.9469991455574663,0.3603144732469376,0.1289300460200351,0.9383713706196667,0.29570026149694073,0.13515064398976168,0.881150441528419,0.311329505143228,0.11529654737870336,0.8693794808835654,0.314128941074425,0.8103448275862069
0.2818687985306149,0.8590691177176653,0.5625760858511497,0.29934846075295896,0.46081547344166607,0.6229862941675935,0.3020104649272214,0.06327433984702771,0.667903679202464,0.2502125951309404,0.012793219062001794,0.5187089751856232,0.326958874073478,0.02072998998472289,0.5121865890727834,0.2824489264379585,-0.00026854575813978904,0.7470228097370702,0.07193526842786784,0.8676751851137912,0.5697653160457044,0.05534387976038196,0.466818423735569,0.6269745643266286,0.05969745658503213,0.0676765245079093,0.6611375019212231,0.06789110039479926,0.044826136514576835,0.4660762757498389,0.015402114151654912,0.029931361856067613,0.5372990626693718,0.08967384570576392,-0.0024169478380221907,0.7421821406473293,0.1810507227458245,1.40944101609241,0.2890513984679815,0.1887689428335319,1.6479042495167024,0.18262989638994365,0.18176241049806657,1.5135774709763221,0.12260634882648003,0.3518368289955762,1.3534554489267254,0.3430012233572717,0.44465122986213856,1.097980270808263,0.47124659268035374,0.27604421291696984,1.069985360559886,0.3202287261591408,0.17636426354049212,1.1759687523953808,0.2766863034066919,0.1354919057618967,1.1394712470234747,0.3295471200290886,0.1359719926683976,1.054693462430427,0.35238013512618327,0.010721351239633145,1.3569739522153197,0.3614510178478868,-0.07807925052116232,1.105640868081,0.49999039297888015,0.04543126877327078,0.9428271489432454,0.3627381267375307,0.1328328818049326,0.9307621644834287,0.30807618339608006,0.13680484615125638,0.8771537638248336,0.32834988099877804,0.11883043184484274,0.8638673355008846,0.3274799502792954,0.8275862068965517
0.28156292005601735,0.860120840694946,0.5647115196037797,0.29924054814119766,0.46387852669425805,0.6252647661711976,0.3020787300190393,0.0635714548554622,0.6678884431701663,0.2510613335040334,0.012893853797976512,0.5189035484720843,0.32804085197358535,0.01923701902395921,0.5153870364816698,0.2825733736321936,0.0005736692817172977,0.7452433711740389,0.07230306843716285,0.8690653768926985,0.5712053937609096,0.05551482978156844,0.4691169399442639,0.6273763790061484,0.05958387775010008,0.06746213902959948,0.6611956313315597,0.06776188948371994,0.04216492542740967,0.46646505053239695,0.015437477977355396,0.029057490395131565,0.5379548105861292,0.08987572934315345,-0.003771400396319499,0.744386024505692,0.18068088658779058,1.3973193691567158,0.28202882825023573,0.19058430948626523,1.6380358396416699,0.16619496411048018,0.17998699915506292,1.5000963758863928,0.11308784509871816,0.35152140444162516,1.3458542180481863,0.34091918645005187,0.4441966446231609,1.095557971568612,0.47311827366813086,0.2770572421622583,1.0620115982010798,0.32107763245231447,0.18132018523251991,1.1687036659109364,0.27368212191155233,0.13665143779538447,1.1361728477336146,0.3293302807714156,0.13745890452086504,1.0539211307538636,0.35235262433179626,0.011910994297211387,1.350670933688827,0.35231491840296086,-0.07636868933016717,1.1000747449167385,0.5001893595288335,0.04617522127279324,0.9382782241557375,0.3640735484419103,0.1377771499211746,0.9234199111504,0.3168187268561541,0.13962758926535465,0.8749775422609416,0.33970052548694074,0.1229739385066354,0.8572813050167165,0.3413001178991378,0.8448275862068966
0.28135588572721665,0.8610838556752949,0.5663131322299344,0.2990524974872196,0.46670318185782467,0.6274261341537065,0.3021361857958585,0.06382326235291012,0.6678793043458846,0.25215428002312595,0.012786481428690767,0.5191263114426437,0.3291378109149689,0.01705351314752252,0.5198329489242747,0.28246632515118775,0.0011347877813510793,0.7437920389950817,0.07284414744744734,0.870226386792053,0.571715221396641,0.05567179158030339,0.47112696065074633,0.6276363981929284,0.05954708099733681,0.06712596097844194,0.6613684016969352,0.06779103446537076,0.040176139728565735,0.46682973945338313,0.015569011541610155,0.028328404461665437,0.5386064486130467,0.08995915083634665,-0.005025068050798321,0.7461735323496228,0.18040260484031567,1.3855502805609734,0.2765631765350629,0.1909817062115386,1.627784847103189,0.15143312774146822,0.17798845064153607,1.4863827912899388,0.10607900123320554,0.35125722364506085,1.337517521032403,0.33832624520150545,0.44385088635376324,1.0942726650049834,0.4736668786395077,0.2787724355987961,1.0555617181322112,0.3189467800168818,0.1829896690056589,1.1602932330060147,0.27490326732601755,0.13724521619589217,1.1301829071147569,0.3296230099187022,0.13906159328529394,1.051742144265688,0.3522033810068145,0.01249692682489157,1.343998592934263,0.34466653604298914,-0.0742851094100096,1.0946527837121818,0.4992087627796046,0.04722188914423138,0.9330805528766268,0.3653757229996111,0.143666510062317,0.9162101224515429,0.3220994062105078,0.14431438031328211,0.8734694827994697,0.34537707427037473,0.12747217570287164,0.8499084423596113,0.35436083599578233,0.8620689655172413
0.2811610971555126,0.8620066982540645,0.5676230821875365,0.29880208944328274,0.469201245392525,0.6294176317396942,0.3021800697232072,0.06402302007639463,0.6678732513171283,0.2531134029022125,0.012590881216044169,0.5193542271968983,0.3299557089111763,0.014627821772556492,0.5242719702300003,0.2821255837776551,0.0014214977089238579,0.7425856851886581,0.0735345534390515,0.8711992249181056,0.5712495889196462,0.055891848177949774,0.4728201503737697,0.6277284309160638,0.05959768698998575,0.0667409201687234,0.661608769529442,0.0682307668139851,0.039094222534668925,0.4671095670207775,0.015749089188820398,0.027702641592665618,0.5391476119000272,0.08990033041006854,-0.0061288149661090086,0.7474044059760673,0.18003427010222478,1.3747819082949453,0.27261323336447774,0.19005345073922109,1.6175201232767331,0.13899662487814818,0.1762010969051902,1.473259387080101,0.10093688696331539,0.35114163781442426,1.329017929997534,0.33449127898794867,0.44341623600771807,1.0938375632220885,0.4733825874627424,0.28053520300533574,1.0503430207213629,0.31540381522094274,0.18174652989180862,1.1507862402136522,0.2805334055630827,0.13752177777420627,1.122340544390378,0.33112773177438753,0.14063956210626857,1.0482776541303018,0.3519964830565615,0.012550441310198711,1.3370560569164394,0.33879380611361926,-0.07189579832552465,1.0892578362567276,0.4974481715306116,0.049230260510131026,0.9268564991546571,0.36884751629803286,0.15037251987098912,0.9086898408525478,0.32599599087607756,0.15136108643288337,0.8710710785866348,0.3495115790391547,0.13195407441320867,0.8421274640474755,0.36614605381778753,0.8793103448275862
0.2809339141359925,0.862884155710821,0.5690077911756453,0.29851473081649516,0.4712928233011574,0.6312007012541531,0.3022079170545348,0.06415871119311668,0.6678720387818006,0.2535764379059796,0.012392042290209165,0.5196637911982197,0.33042167756324214,0.0124153001624518,0.5276071539066429,0.2815511769248607,0.0014725022184520035,0.7415588437509292,0.07437673973836999,0.8719451034911766,0.5699109097360396,0.05623796372589,0.4741945995704339,0.6276562310747191,0.05972413519385759,0.06641271991973685,0.6618707303119314,0.06919022636925028,0.038859747811319456,0.4672475601206743,0.015910130367733345,0.02716787443972843,0.5395392789697668,0.08974762114298077,-0.007106643421790584,0.7482334700600917,0.17946428761645544,1.365331659506844,0.2702072387374864,0.18823977944993892,1.6077117067873945,0.1286562483400681,0.17490148926233312,1.4612296654585424,0.09694468112864758,0.3511625396574655,1.321128767581673,0.32880101348541174,0.442834928518235,1.093703758496549,0.4729793383208009,0.2816811485189541,1.0455613282304015,0.3132458081062574,0.17842460267657448,1.1401705269427744,0.29008944664477154,0.13754555320378656,1.1133261138377741,0.3341217988196587,0.1419294545197462,1.043415181398065,0.3522020459740561,0.012378119262382671,1.3300342060236343,0.334131089176929,-0.0693194437606719,1.083973345323707,0.4952687123360762,0.05256557746114025,0.919652056368497,0.3761962345459393,0.15801669357129078,0.9006100287895078,0.3307647596719546,0.16091700939350667,0.8666579417467283,0.35622219439197833,0.13610556858509157,0.8343183008424134,0.37664848213514046,0.896551724137931
0.28072899508090166,0.8636774174588124,0.5707283722556376,0.2981996128681492,0.472909406498335,0.6327468563123334,0.30221767181085946,0.06421470010229043,0.6678815026249653,0.25359291284209,0.012197313028713604,0.5201343344276786,0.330567181336266,0.011121443088044287,0.5288726950061493,0.28074213331051284,0.0013420579104688156,0.7407080154697989,0.07534996590910326,0.8724225275415828,0.5679597884748383,0.056725776195340555,0.4752687245503116,0.6275003979324665,0.059910158064228024,0.06617327977707584,0.662142959383232,0.07048002289141195,0.039526808024875945,0.46727471021645045,0.016011842899439355,0.026830418794687352,0.5397641880882391,0.08957047058004121,-0.007999640361562808,0.748921721614754,0.17874843035949647,1.3570065047060662,0.2692733730207586,0.18597052581613857,1.5987313188918182,0.11962736420469508,0.17407420337361146,1.4504362424417125,0.0935436954077564,0.3512730817919918,1.3145647227746826,0.3213285389585695,0.4421463692348584,1.093302890184082,0.47347849303120687,0.28173537087604716,1.040468700614976,0.31521196176441124,0.17379198132544246,1.1289029178301686,0.30307980592750405,0.13729862290808453,1.103803822140219,0.33872970407939995,0.14268669884386295,1.0371542592295508,0.3531769935448396,0.01232913507208035,1.323231868193816,0.32973832866614966,-0.06674406607028739,1.0791074018124236,0.492729908955188,0.057165808233123006,0.9119900183915535,0.38773829910631735,0.1666119441118161,0.8921496287057443,0.3382272350212785,0.17227661334765626,0.8602605214884298,0.3669364428919826,0.1397611347023512,0.8268035622988379,0.3860288047412909,0.913793103448276
0.2806224529578253,0.8643456636588387,0.5727357861335649,0.2978537559938013,0.47403495388646966,0.6340221081933008,0.30220841396725084,0.06418353511144571,0.6679051577204099,0.25360284264602534,0.011944130279449022,0.5205980702994266,0.3304588812246895,0.011342501192547691,0.5277877722788463,0.279731788558538,0.0011005956398681196,0.7400636168014997,0.07634773784507912,0.8726550030129621,0.5658148388158772,0.057313203173994076,0.476073815046413,0.6274025701302509,0.060155959502579646,0.06593170583475286,0.6624551911316099,0.07177642724840588,0.04099359148964755,0.4674329989192185,0.01605763804636415,0.02677598940942927,0.5398202245052299,0.08941092169920245,-0.008825614749217905,0.7496343926933713,0.17807525288107676,1.3492520905419807,0.2694543186335129,0.18355678955661994,1.590855359411193,0.11136298839595143,0.17365695876487813,1.440884156760206,0.09058210824917562,0.35145580449298064,1.3097095265463212,0.3129916845750837,0.4412862005853947,1.092389389402423,0.4753189781001619,0.28050770171414074,1.0348270891901126,0.32220120064138563,0.1685398128738545,1.1178015332755489,0.3180523466326633,0.13684742256688545,1.0946622588520507,0.34432965981839125,0.14274472946085867,1.0298732473106893,0.35504516083092424,0.012503728706267907,1.3169179358616163,0.32514856722948343,-0.06436778715742476,1.0748081017040514,0.4900048287130793,0.06267591710588183,0.9045206104403674,0.40261113810791516,0.17561914818753754,0.8835971411969196,0.3497740134383026,0.1838794377875015,0.8525934527237256,0.38135610422352223,0.14283943919602712,0.8199470006527365,0.3943704467719026,0.9310344827586208
0.2806467509714512,0.8648591017800551,0.5748352759333706,0.297476336940537,0.47473273716372977,0.6349723859102595,0.30218420731622564,0.06408680324621424,0.6679401959919328,0.25396302668099885,0.011671788655189095,0.5205921416447442,0.3302364691331049,0.012959822180847897,0.5253565007278738,0.2786378630737307,0.0008394593822674754,0.739675637597894,0.0772216478607451,0.8727153157192403,0.5639291989002053,0.05793565712050489,0.47664669281364774,0.6274544706934135,0.060474227505731046,0.06559318818008339,0.6628345031472318,0.07284414472811206,0.0425398252017244,0.4679827065804841,0.016075935820375052,0.026907900018414678,0.5397612463094148,0.08926398124159664,-0.009541660926315018,0.7503345080473356,0.17763616805521085,1.341676114809771,0.2701318517072632,0.1812889819303949,1.5842879590762053,0.1038677809901402,0.1736749856496591,1.432541696282089,0.08827172886022149,0.3516752273500351,1.3065145139196148,0.30485014632203067,0.44012127366330955,1.0911824682793534,0.47762316917893455,0.2782325093924607,1.0288935661716414,0.33264364725965334,0.16344975229065933,1.1076374689695376,0.3316320918402135,0.13631417330540946,1.0868822989699483,0.3491129647359078,0.14206259158590853,1.0222296644176752,0.3576738113893625,0.01274790659979384,1.3111889098602592,0.3203897491979651,-0.06235223350178039,1.0708315469623269,0.48777235934685886,0.06860697837575351,0.8976976642884736,0.4191003881009346,0.18405911105039544,0.8752788552261184,0.365535856990727,0.19406264460746656,0.8443326601898976,0.39849823937105644,0.1453130647251351,0.814241164529368,0.4015730382747723,0.9482758620689656
0.28080984889664,0.8651887387970614,0.5768740832652716,0.29707666640576874,0.47512982586735414,0.635543090803566,0.30215586229617486,0.06397870315985843,0.6679769699151187,0.2546847261563974,0.011645746875952396,0.5196864520049953,0.33012920986394567,0.015351201861975583,0.5230995554166886,0.277631156189866,0.0005827104858982662,0.7396227029793457,0.07790417388985794,0.8726672620219514,0.5625380626918013,0.0585301684679621,0.47702289689705113,0.6276188367881306,0.06087108787223538,0.0651765614462826,0.6632683287634574,0.07353375356284766,0.043249727216479385,0.4688423740224243,0.016091087627199938,0.027050089471168576,0.5396808403680848,0.08910152398740451,-0.010036509374357308,0.7508530581662242,0.17756760967558644,1.3342489427381108,0.2708049909218231,0.17940884293147916,1.579043645624668,0.0974519028492756,0.17399439374694473,1.42520740894579,0.08667467102030901,0.3518328695190568,1.304630758012219,0.29754770364147004,0.43869612382180806,1.0901890647705312,0.47861889977548433,0.2755740235752292,1.023188502134309,0.3434471315440832,0.15928131652420688,1.0989109885089776,0.33988198125399977,0.1357498974523409,1.0810356063337896,0.3510283104668166,0.1408391281161108,1.0149292797275524,0.36040827392419655,0.01288901421314404,1.3060637241069073,0.31549091432816334,-0.060729564870913785,1.0669135503581755,0.486523646108745,0.07437352264708173,0.8917970171914141,0.43494934386512313,0.191042635249152,0.867703079299229,0.3839872760319989,0.20168746581790076,0.8360570140739189,0.4165563239856532,0.14722814806278203,0.8100707215378957,0.40745329619460335,0.9655172413793104
0.281107272911823,0.8653353813211988,0.5786707870595421,0.2966843858618053,0.4753852107657244,0.6357435518337754,0.30213381347954704,0.06390708071508672,0.6680038601043304,0.2555671118038379,0.01222492736662561,0.5177431637612038,0.3303543635159828,0.018036029303020545,0.5217385370724292,0.2768256900218313,0.00019988440437265081,0.7399932410875291,0.07843411912183074,0.8725428138351229,0.5616151417858034,0.05902946312486009,0.4772232726099742,0.6277973484622248,0.06133893982539169,0.06477402465560222,0.6637164356690456,0.0737180766280363,0.0429086259583837,0.4696536630212096,0.016108425696571123,0.027125310556154685,0.5396361308872649,0.08892223474386488,-0.010222003028346738,0.7510571833980934,0.17796631835935012,1.3270747037798134,0.2713435865962654,0.17796511646653526,1.5748781256608482,0.09231294562400373,0.17414907547792374,1.418525994138634,0.085423890360219,0.3518377092718523,1.3036401358748326,0.29134741165865624,0.4373001316752983,1.0898723877978935,0.4770250292284501,0.2733375296283823,1.018377177411118,0.35125106540603107,0.1565069353687361,1.0920131589730202,0.34050050952156674,0.1350858953628825,1.0770557962271001,0.34877772488541064,0.13953854041302863,1.008596757004297,0.36201104474990226,0.012866396622703627,1.3016261688707902,0.3105072319264751,-0.059369136670405845,1.0632774384864496,0.4856791232631539,0.07931113219811899,0.887190207844222,0.4477904531304266,0.1961389305741007,0.8615069825165519,0.4025725642331867,0.20631514143294602,0.8285214149142595,0.43293794574165584,0.148667927147058,0.8074597106547866,0.4117485982210266,0.9827586206896552
0.2815052055077259,0.8654005445387464,0.5799722468452033,0.29635533542015696,0.47562839816963154,0.635678054068519,0.3021197394143723,0.06387570391100586,0.6680183344325832,0.2563898947013392,0.013674002674909414,0.5149145643915635,0.33099645235470854,0.02082846560230219,0.5210984741366717,0.2762148716463475,-0.0004435300278068169,0.7407637039086507,0.07886388470893835,0.8723622772753251,0.5610774992023675,0.05936740661511327,0.477278111575812,0.6279314291806057,0.06185597109474151,0.0644582113819751,0.6641367558330876,0.07334951501779277,0.04217798322556544,0.47012778102037633,0.016121366721473677,0.02715625797909898,0.539625374271579,0.08876107819244283,-0.010137061756315645,0.7508922273441084,0.17882186490799296,1.320342353183678,0.2718299457051371,0.17683777365023123,1.571408864036716,0.08838408086179239,0.17362951580522648,1.4122729142782742,0.08407603806317046,0.35169274300298764,1.3031980651121813,0.2861116019458109,0.4362770964614065,1.0903440603141437,0.4730065004332245,0.2720537871353188,1.0150899859863254,0.3536988169590733,0.15509890002208643,1.087215495196059,0.33383391331081236,0.1342088229225247,1.074442794565652,0.3419190423671478,0.13864886249992806,1.0035137475135072,0.36133931190360435,0.01267852040023823,1.2979949315570565,0.3058663541341872,-0.05814324258386553,1.0604663152265603,0.4841561824830472,0.08282032551453333,0.8842653951563065,0.45584448539915945,0.19927107949476833,0.857375561935595,0.4182933680389345,0.20822969484551695,0.8227315910283723,0.4450014663173008,0.14974726891680643,0.806119215115893,0.41424487929643705,1.0
0.28194193272757995,0.8655539464456897,0.5806533602234293,0.2961445505232159,0.47593480537127597,0.6354484066096777,0.30210765278492213,0.06386688251629395,0.668031276787633,0.25700635872741473,0.01605595817225422,0.5116015856816841,0.33200549838348437,0.02361167054524654,0.5207240207159157,0.2757105692746755,-0.0012236477150550998,0.7416143110272971,0.07921405533873573,0.8721551367170731,0.5608668998635399,0.05952103211239562,0.47729228789537576,0.6280147037606678,0.06238787016840967,0.06425167206841258,0.6645002157256621,0.07255177000167215,0.04191977168131588,0.4701537257667622,0.016125287131811748,0.027177642221638244,0.539625708455626,0.08863101999552939,-0.009925800443995674,0.7503043575312772,0.1799420325445837,1.3144393956510247,0.27230970777956287,0.17593335030090826,1.5683270173783772,0.0855982145997235,0.1723158589878816,1.4065688582480578,0.0824608987369353,0.3514899885887798,1.3030352272771017,0.2813469840026434,0.4357656106218125,1.0912823909259788,0.4677101430615154,0.271702663657587,1.0135691865528158,0.35065460654834546,0.15446832792080745,1.0843116413634755,0.32256684441553635,0.1330975713372087,1.072577466287136,0.33097939064082277,0.1382992444062028,0.999437093214789,0.35819388939934027,0.012303255288664189,1.2952026760448931,0.3021509039393002,-0.05704576145672511,1.0587331454293607,0.48159108398698264,0.0846380823036051,0.8829273644849376,0.45900086014110886,0.20048513047686378,0.855659827947688,0.4288510282295702,0.20824280708276066,0.8194313295552591,0.4515161464974103,0.15064514838569762,0.8055945545048616,0.4151932010736117,1.0172413793103448
0.2823376949207614,0.8658908050878037,0.5809057756772451,0.2960668942429568,0.476377231674833,0.6350619368134488,0.30208954984265485,0.0638888576821456,0.66805063537668,0.2573529305546678,0.019091776704879486,0.5083688176304153,0.3332523417661539,0.02610481492300569,0.520148252273284,0.2752454933191363,-0.0017740204540820509,0.7420021485904289,0.0794824216146144,0.871962919591837,0.5608811506132299,0.05955022361667152,0.4774477548705459,0.6280564980939588,0.06289525932602984,0.0641427088507836,0.6647968751235578,0.07161002452578777,0.04243444451520836,0.4696950173843441,0.01612221939648449,0.027198476600653484,0.5396181978159507,0.0884947739441575,-0.009745160714705395,0.7493065935682245,0.18104952629304677,1.3098133426260765,0.2727373389321856,0.1752906508345657,1.565549081821496,0.08400668157016691,0.17052634450487392,1.4017996916055324,0.08059031781427192,0.35132388691422256,1.3029450294085698,0.2767326179836635,0.4355877970677852,1.0921376736255355,0.46224957664232613,0.2718631454098817,1.0134707211118623,0.3440280601082679,0.15377245945058576,1.0825919695789648,0.31035199318849105,0.131905963847404,1.0709953294181882,0.3175910200171142,0.1381837621358838,0.9958877464303649,0.35349021144749404,0.011718230527906947,1.2931184973874705,0.29948940216700914,-0.056088586291023604,1.0578449972853077,0.4785157089279439,0.08503510022603589,0.8824589166306992,0.4591880655791704,0.20006570737409665,0.8557459098804849,0.4341656190794603,0.20732565282347193,0.8181989090132357,0.4538356423284964,0.15153297427976864,0.805353193164564,0.415295086371297,1.0344827586206895
0.28261736544546723,0.866370135936308,0.5811059648952275,0.2960928774034738,0.4769607747807793,0.6345461551531308,0.3020599669322951,0.0639707719599537,0.6680665042961121,0.25742544474983875,0.02206775784903739,0.5057440470268366,0.3345286888851384,0.02777731683342435,0.5190327960701163,0.27484911551017494,-0.0018564015701489599,0.741688110429717,0.07960897765483742,0.8718267745967001,0.5610013065630072,0.05956528421938858,0.4779193034575939,0.6280565550027851,0.06333160396031491,0.06411186903882084,0.6650193256948932,0.07079268400831111,0.04337514049803284,0.4687124226309006,0.01611681234904964,0.02721194884767834,0.5395953470524296,0.08833894198088682,-0.00968291399227448,0.74812696185841,0.18194712443769814,1.3067067549654814,0.27304722427227374,0.1749845546821124,1.5631643401373034,0.08343472377870012,0.16870059209039115,1.3982953165995724,0.07854607254629345,0.3511832084024536,1.302801018707377,0.27256840259997595,0.43545950495825825,1.09242080685146,0.4573712569350393,0.2722209070089287,1.014020783031718,0.3362668101701235,0.15251193180562675,1.0812886649247215,0.3001674168492654,0.13094412795822358,1.0694971094684165,0.3041262599768675,0.13796290941268083,0.9925805853496851,0.34865760850153127,0.010980542054315907,1.2915117391411748,0.29742909469787177,-0.055242219665462805,1.0574066070262291,0.4756909744791361,0.08466435436388015,0.8820308560886232,0.4587356107347453,0.1988324244595326,0.8562519115716796,0.4360222979848429,0.20642171319635144,0.8175310571930209,0.45464819161766495,0.1524709070853305,0.804761379508936,0.4151721119507111,1.0517241379310345
0.2827542925380596,0.8668837877988962,0.5814790337476208,0.2961665092853761,0.4775064319431774,0.6340951664107624,0.3020221558616657,0.06410649898229297,0.6680689688652757,0.25729107120171485,0.024102292791639345,0.5040318017805636,0.3355621255363618,0.028118075640625823,0.5174510134617017,0.2746103288702031,-0.0016217385490818487,0.7410626102421354,0.07949293409790538,0.8717489342420077,0.5612430975473907,0.059636748867320455,0.4787609276679345,0.6280114756728286,0.0636496688707434,0.06415401444510815,0.6651428602068231,0.07016095374260749,0.04431850621220178,0.467288231606563,0.016113090977475125,0.027213312411349406,0.5395635662294074,0.0882284410723283,-0.009725769541539243,0.7471518378980135,0.1825689565432906,1.3050084970980396,0.27322355217465677,0.17494167211562323,1.5612116503918172,0.08338047353967473,0.1671305238748445,1.396014024445352,0.0765605200800008,0.3509604897532682,1.3025201144782934,0.2696577830639924,0.4353251561088266,1.0919144024895544,0.45369816610880587,0.2728675088155497,1.0144712667299736,0.32908383644193295,0.15088563986181663,1.0799214180126246,0.2935847026774118,0.1306433353012975,1.0680655019128587,0.29286829118320507,0.13772084703907367,0.989569029314881,0.34454098263907457,0.010223584739211804,1.290225259034494,0.2954512566466737,-0.054511456314937715,1.057151673840265,0.47356844731148606,0.08412691220134697,0.8812143469049574,0.4584810766202376,0.19797922453279942,0.8560284417584093,0.4362174003593881,0.20628926787226837,0.8162366759405534,0.4554911296382668,0.15334350090656282,0.803070353596544,0.4149353341005097,1.0689655172413792
0.28277509269355755,0.867357318218291,0.581944276984962,0.29622548687589895,0.477801141632368,0.6339577255412439,0.3019892919072683,0.06423265848736864,0.6680695478600244,0.25710962877367727,0.024693785734649483,0.503273545071926,0.33613555117731064,0.027059199378067902,0.5160558563139228,0.274581450758586,-0.0013878818134901195,0.7406790113008019,0.07910904329554343,0.8716690549987252,0.5618085315506544,0.059754974751626395,0.47984923405140556,0.627933105536127,0.06383101043483427,0.0642801755585527,0.6651523825255197,0.06967527288722465,0.04504111005982038,0.46594910782252824,0.016115755119215164,0.02720980785004328,0.5395348442685863,0.08823154831756917,-0.009829039030890212,0.7467143931086674,0.18294188275727552,1.3042894474738327,0.27331046341666976,0.17487411079506343,1.5595843694938267,0.08347111908758992,0.16597070773199074,1.3945924243697938,0.0749718533635702,0.3505866414421258,1.30202249746561,0.2688054159555891,0.4353785024186908,1.0907172528735698,0.45180012506429534,0.2740835860418013,1.0145517493003517,0.32296307287036075,0.14969214848934553,1.0783681369008309,0.2907266020799009,0.13149037891775645,1.0667679942187651,0.28499772577099675,0.13801899285672736,0.9871498559487499,0.3406770312523815,0.00955372312949097,1.2892361312681146,0.2933912058049635,-0.05391290514623547,1.0569450365968134,0.4721293771030134,0.08371156903298321,0.8799754973634071,0.4580378805190105,0.19831727697435064,0.8547534031834021,0.43563852764494926,0.20712884651355457,0.8143163863002618,0.45643961467991007,0.15387177405866478,0.7997274583641746,0.4142493430878146,1.0862068965517242
0.2827067037275562,0.8677957130214127,0.5822519050909264,0.29623907025230906,0.4778153017270092,0.6342136902444713,0.3019748637758963,0.0642780124475204,0.66808975900874,0.25705917097908715,0.023956030868403942,0.5033824268046304,0.3362410849079097,0.025076210696882678,0.5157070228216901,0.2747525170605484,-0.0012935264918278802,0.7407363101310687,0.07853076407419672,0.8715036327393602,0.5628952138873584,0.05987815926974086,0.4809946223675927,0.627845227519925,0.06389360364920807,0.06450322732994654,0.6650794410096412,0.06945374604602701,0.04522425377495702,0.4656106387897565,0.01612940719435361,0.02721569441101849,0.5395171284540377,0.08832661023422465,-0.00996967107336015,0.7468837567861606,0.18312447088055628,1.304110281553166,0.27334775639384046,0.17446099889583483,1.5581905494232797,0.08374544639539197,0.16536137649218452,1.393772458958023,0.07401997904517915,0.35008592684268575,1.3012869178017057,0.27018969262474785,0.4357948451812387,1.089132040300957,0.45173837846726406,0.27597800134784606,1.0144457114804282,0.3173669660861999,0.14992252419632804,1.0767810144896028,0.2903491204513613,0.13385257468474607,1.0657165079674675,0.2801947142917402,0.13957241094372536,0.9855857522536484,0.3359087940110381,0.00898324116926261,1.2885285379364984,0.2912504795048342,-0.05339245556306421,1.0567568208667817,0.4710100848914523,0.08340522355284521,0.8784982606152938,0.4567990662611596,0.19966447078623772,0.85279916974171,0.4342012379324359,0.20842718964125623,0.8124242188593785,0.45699242100706605,0.1538152985195183,0.7948342250541259,0.4128315836141324,1.103448275862069
0.28252904142800545,0.8682417444007279,0.5822109457503996,0.29623710322094515,0.47764206169084644,0.6347288627732952,0.3019842701943713,0.06421207325629152,0.6681407818376752,0.25721449472972036,0.022313768769324383,0.5043226642557451,0.3361017778902992,0.022912648369032056,0.51669007186177,0.27509952243716396,-0.0012643832448862892,0.7411597971799716,0.07781599168075708,0.8712073559705353,0.5644823590158115,0.059985140913064776,0.48210100083341095,0.6277737584245882,0.06387862582482356,0.06482266965934019,0.6649819761893146,0.06968485252194206,0.04447919482678511,0.4668365092838824,0.016152886544104704,0.027235187905012982,0.5395149279101313,0.08843096193264281,-0.010098476740274129,0.7474043799709915,0.18315577251682297,1.3042678026890455,0.2733259646735032,0.17359091484930597,1.5571230852605675,0.08442804751924281,0.16533340178624828,1.3936247858653301,0.0736624883055875,0.34950033933614266,1.3004214559953178,0.27307293948671424,0.43658279269481337,1.087585187344194,0.4525739649226478,0.2784693800832747,1.0144614186459697,0.31154843577217,0.152213982817003,1.075336676754787,0.29057610813711027,0.13784395697370283,1.0649324395124238,0.2773609742281057,0.14295686690845444,0.9847993029778292,0.3295650302869375,0.008488876446567945,1.2880313275154986,0.2889757266245722,-0.052881620973151966,1.0567121523182272,0.46982840123004826,0.08287241898844108,0.8771898769064792,0.45395058695742085,0.20108762852034967,0.8508100236847428,0.4309548606378336,0.20933121985076672,0.810949377982058,0.455923787978725,0.1531779869700442,0.78919913311655,0.41071737415111187,1.1206896551724137
0.2821839109204488,0.8687140101401009,0.5818393394317118,0.29628593699925626,0.47733985131885626,0.6352685381210966,0.3020159521722335,0.06404221123577851,0.6682211069191077,0.2575151535449654,0.02016128279914799,0.5060871747360931,0.3359705985378605,0.021122050899765342,0.5185527240157897,0.2756216385674623,-0.0012001746687094438,0.741812101153009,0.0769588523877412,0.8708060141361286,0.566341050939377,0.06007809411362845,0.4831440734175488,0.6277434101000483,0.06384494638550682,0.06520375019718368,0.6649075919991462,0.0703464783789192,0.04275337472670057,0.4693789182507445,0.016177881734859505,0.027253320151317754,0.5395366284353093,0.0884935745805399,-0.010142467433260936,0.7479353532375693,0.18308363424323246,1.3046527297327497,0.27322683376171425,0.17238375164057596,1.5565944280230135,0.08562886365507669,0.16560347716945914,1.3942548261533703,0.07358653996671125,0.34883854913932405,1.2996150880610213,0.27630815869808245,0.4376542760875598,1.0865574532580624,0.4528369720508161,0.28152676326059817,1.0148198411313205,0.30523481251175794,0.15658682499212,1.07401490604252,0.2901442060267986,0.14331562853458885,1.0641667619939033,0.2756045431632584,0.14846443782143448,0.9844332824282058,0.3216870770441709,0.008099833938910155,1.287748948804801,0.28674735823224784,-0.05243315481450423,1.056967693227685,0.46857634353809735,0.0815070038074362,0.8765888814918965,0.4484649550388719,0.2016139166850417,0.8493223494016964,0.4251006867574999,0.20910388040092795,0.8097265984282336,0.45147245924494533,0.152139115122751,0.7838607940947909,0.4080425021372754,1.137931034482759
0.28164573122305053,0.8691947879022942,0.5813253906943233,0.296433345463537,0.4769119350354173,0.6356370850616431,0.30206634341020766,0.0637869914578421,0.6683248863996378,0.25779152785426496,0.01785967616680241,0.5085235556375327,0.3359207402229759,0.01974884701327098,0.5208612168980354,0.2763281775376454,-0.0011641509213839128,0.7425751000524462,0.07597676523779341,0.8703810467301402,0.5682351432104862,0.0601630622811118,0.4840604995212896,0.6277678806259193,0.06384350419448818,0.06556955789080227,0.6648860154067198,0.07125046966384459,0.0403394580442058,0.4726162459324416,0.016199226825878994,0.02724729418291092,0.5395965569167456,0.08851484410608775,-0.010103290238949741,0.7483516876721322,0.18300436489988625,1.3051481619693728,0.2730592977324966,0.17104907964576385,1.5567097488780937,0.08726089947938251,0.16570272539941805,1.395495419184912,0.0735754014257525,0.34813438749916337,1.2990271080932587,0.2791062190061296,0.4389096018794845,1.0863344260115384,0.45166493032283256,0.28517420091138224,1.0155101965571915,0.29867206580763966,0.16262328220814204,1.072674410558234,0.28896865682551,0.14984381212497702,1.0629880097357993,0.2744069112662261,0.15590629218099974,0.9841432232162033,0.3126188039994738,0.007876105671253672,1.2878109157404805,0.2852819896488407,-0.05225312251380775,1.0574862021428932,0.4677773488539083,0.07875816536893099,0.877047311090271,0.43969783957599373,0.2005173716635042,0.8486739011120928,0.4170047131876818,0.20728018903061768,0.8084150384349296,0.4427762732285892,0.1508577040221175,0.7795127651960769,0.4049597808707677,1.1551724137931034
0.2809803376458204,0.869652649122572,0.5808321933389452,0.29667914763647457,0.4763512136798571,0.635755703434834,0.3021341182068845,0.0634538386508175,0.668449749396261,0.2578319055894606,0.015819412340533832,0.5113330173132532,0.33588229392221614,0.0185101483135965,0.523675866214677,0.27719684160469493,-0.0013802960348456676,0.743429060946403,0.07496874221237637,0.8700043378087194,0.5701031743983386,0.06023654100055262,0.48475539789911093,0.6278448350781908,0.06388513271508471,0.065826986137288,0.6649236271745185,0.07223934516109883,0.03763075447293929,0.47602741454420167,0.016227098399483147,0.027204476939724432,0.5397012853284306,0.08851133712057885,-0.010093485492447169,0.7487525192767847,0.1829819888202941,1.3057957615142761,0.2728427735960659,0.169790315046846,1.5573619086757686,0.0890987569842715,0.165348678950302,1.3970346368111028,0.07379250641226906,0.34755243419498216,1.2987269771424852,0.2811393955719287,0.44022844550425955,1.086772244494375,0.449160633524566,0.28919129738802335,1.016238417833847,0.2925133335036894,0.16965218403356525,1.0712713357195196,0.2876034942639,0.15676428465052153,1.0610438280612278,0.27340531199087525,0.16450177113780381,0.9836549874459535,0.30306654220315077,0.007813967473166096,1.2883094349086197,0.2854401749916007,-0.05258870990214716,1.0580545866154105,0.46820302520329654,0.07445096450318149,0.8784744524726359,0.42810198709374697,0.19719078816484337,0.8490839837231643,0.4077094454552467,0.20360301620515003,0.8069981771280418,0.4308305554310188,0.1494020501425647,0.776353978555302,0.40184172425671544,1.1724137931034482
0.28031626173698404,0.8700487531123506,0.5803795911756087,0.29699444763673355,0.4756600251266449,0.6356365154016684,0.30222267811572906,0.06302741898522089,0.6686010979234888,0.25751814487684876,0.014364364068593132,0.51422631473863,0.33579748412733434,0.01716654255080679,0.5271259606611776,0.27814634254255033,-0.001987057203635319,0.7444371300520025,0.07404052987358853,0.8696958886480486,0.572034746777173,0.060285011786174895,0.4851738009478549,0.6279633640946611,0.06395482320460866,0.06589684582710105,0.6650119594907591,0.07317650351157806,0.035028103513999244,0.47918422553891815,0.016279185130108426,0.027129813117165252,0.5398300833518919,0.08850434285812388,-0.010223964017366305,0.7492563075615507,0.1829476944324725,1.306820995957869,0.2725927543177334,0.16878243968483975,1.5583719055356393,0.0908600334274263,0.16456530947934264,1.3987572951821956,0.07451241659776425,0.34737103756958515,1.298689023311381,0.28217954441469884,0.4414063330174465,1.0874183128980908,0.44587953158201504,0.2930334707312513,1.016546407884492,0.2876596580589988,0.17675619111393615,1.0699340060809988,0.28634987480674323,0.1633728826699637,1.0582057956256852,0.27250846465656137,0.1730374805905336,0.9826894341347219,0.2944014962080294,0.0078061827087044355,1.2891769693793478,0.28746874652388577,-0.05360049493767309,1.05845803356221,0.47045562235286004,0.06888544237881881,0.8804029120795354,0.4154302600382238,0.19118100871990168,0.850581806596376,0.3978645320226358,0.19785575015503065,0.8059152203830522,0.41754635030140225,0.14774141564021015,0.7743968399718592,0.3989935257100628,1.1896551724137931
0.2797751032767934,0.8703185446270085,0.5798951493752829,0.2973606788499116,0.4748520742608297,0.6353177351775183,0.302336953796665,0.06248547889664871,0.6687876420728729,0.2568904481439752,0.013492842779704396,0.5169382026064722,0.33565034020613965,0.015558423751700424,0.53095844348791,0.2790674468902859,-0.0029008790807059145,0.7456627017893303,0.07320181730160981,0.8694392249036607,0.5741153070965616,0.06029988972398881,0.48531198812259346,0.6281119003711815,0.06404179516740399,0.06575079076862476,0.6651540669512592,0.07387780677948103,0.03286425229931341,0.48167427478367064,0.01633422662991463,0.027040067883362204,0.53994086301414,0.08851559264763696,-0.010489880244464674,0.7498782590381559,0.18273763526714829,1.3084659552239304,0.2723083061583865,0.16814309088891355,1.5596970053545571,0.09227569410286805,0.16350949555026667,1.4008748210028839,0.07574957159288002,0.3477826202740292,1.2988725937060108,0.2820688130720031,0.4421757346902212,1.087821077306765,0.44250526429796505,0.2961956486597065,1.0159165108931187,0.28479893374982757,0.18297038251213488,1.0688635730245506,0.28492537550367003,0.16921241415479574,1.0546561573208921,0.2718229023665761,0.18027440680927337,0.9810646709265223,0.28843077688338087,0.007701899370772569,1.2902226412217683,0.2909506461602185,-0.055334149852282896,1.0585490053135937,0.47480704002580454,0.0627854680329052,0.8823578550151217,0.40370687748893097,0.18242577843138352,0.8529505968828656,0.38716403432983537,0.18980936708236446,0.8057173824732948,0.40371716483586256,0.14567994261456158,0.7737758552410701,0.39562322753097195,1.206896551724138
0.2794134431718715,0.8703900418971011,0.5793189386952005,0.29778107969159284,0.4739474129590642,0.6348294667533975,0.30247344625766787,0.061845982536858454,0.6690060226068988,0.2560838965104072,0.012883426519231581,0.5191277987358506,0.33540684235401985,0.013516048306856831,0.5346866677622515,0.2799057656230818,-0.003989799860971479,0.7471535616443292,0.07235941643227928,0.8691993508088832,0.5763437741747708,0.060302662510732144,0.4851850950315745,0.628285204914629,0.06413640715712644,0.0654472084388703,0.6653534657127539,0.07417059979056465,0.03136596502846187,0.4831739585652729,0.016299429676460486,0.026952749167011906,0.5400010099979318,0.08854718625472406,-0.01081670558850631,0.7505269967905898,0.18222986728397209,1.310909657781563,0.2719500729123107,0.16788925001737642,1.5614473801650806,0.09314054071773564,0.16231598112132423,1.4037421377369312,0.07730221482492347,0.3487563915369589,1.2992903315733637,0.2810932018211258,0.44242959294534295,1.0876751946323884,0.43986323099034924,0.2985620081177679,1.013870502265065,0.2841094413939087,0.18772530344129318,1.0681921342849816,0.28282360283886,0.1742395805817481,1.0508913821585624,0.2711768151728033,0.18547798286554854,0.9788990042169735,0.2864305706703861,0.0074231309223319,1.2912442949938836,0.29543248851424697,-0.05775327628484819,1.05828335599646,0.48123335619240254,0.05704421964166527,0.8841399947694114,0.3937523506543126,0.17149975580659133,0.8558390521648245,0.3745914368388453,0.17958485568771448,0.8066055599300693,0.3884921434801627,0.14291955447262272,0.7746627131848289,0.3895884128001511,1.2241379310344829
0.2791965588224167,0.8702482864639451,0.5787015227168427,0.29826030081370547,0.4729628949489979,0.6341908868113819,0.3026157784463366,0.06118545253210442,0.6692325852327715,0.25526658965693555,0.012244318092896172,0.5204547189625389,0.3350391300248874,0.010975782301982762,0.5379948700748192,0.28067211591109664,-0.005215368178186294,0.7489228004199685,0.07139022552729875,0.8689536227073033,0.5786380764506327,0.06035175418705747,0.4848046186684015,0.628488580617084,0.06422186958377234,0.06509446148382393,0.6655821783043628,0.07402262448978618,0.0306506880563479,0.48362644604688065,0.016094709394505073,0.02688183741254058,0.5399982321747819,0.08857229381713576,-0.01115377663712358,0.7510308493965866,0.18143422805818415,1.3142942592526543,0.27145403883084396,0.16794867511571704,1.5637087374625953,0.09337573824106085,0.16107801584833492,1.4075872831705156,0.07902340529561666,0.35010091113850395,1.2999285015475828,0.2801521366137638,0.44242068888025354,1.08694321400247,0.43861143388398083,0.30035078092922723,1.010341914597112,0.2851448554813206,0.1910647428711338,1.0678835629828842,0.27973422720016083,0.17873125465840028,1.0474527421102087,0.2699350056818305,0.18871442453709014,0.9766305086624104,0.2877238498937834,0.007037945831990694,1.292164466523818,0.300729707217279,-0.06071773178235915,1.057811666666332,0.4893421932023577,0.05228377479894135,0.885707824893794,0.38520621868036065,0.1596728019068169,0.858775356101619,0.3598007362208706,0.16805790073010932,0.8082904960478929,0.3712697894704591,0.13933006833277348,0.7769424559340938,0.37895228533683367,1.2413793103448276
0.27905056968995023,0.8699535011022373,0.5782459322348403,0.29878431417262097,0.4719117834708,0.6334187201119339,0.30274443553981784,0.06058992491928846,0.6694370671478916,0.2546168070801116,0.01158889647305532,0.5208540769332731,0.33460971492801983,0.008190786798807291,0.5408745047018593,0.28132388337911907,-0.006534135597488885,0.7508558909640252,0.07022012566976724,0.8687258196961881,0.5808681508468471,0.060502106804626504,0.48417781717651004,0.62872968067023,0.06428583347820148,0.06477266394822564,0.6657874293812762,0.07361412581426613,0.030665097393583828,0.48334992819411526,0.01576659838376993,0.026840164877157516,0.5399253545717206,0.08855407527114084,-0.01146629632769642,0.7512308592385156,0.1804614670760192,1.3187452155608812,0.2708340113302241,0.16821769655881602,1.566429859508151,0.09307157308725116,0.15988851426521403,1.4123916627356676,0.08089525248419274,0.3515281143692336,1.3007227122521994,0.2804486375026498,0.44261330562357604,1.086064795618306,0.43860092384781013,0.30184753978612666,1.0060316189230445,0.2867523003546246,0.19341478391839784,1.0675888770444348,0.27571557653024714,0.18300589186546906,1.0445509118122296,0.267305310973023,0.19076952858058766,0.9747800137229059,0.2890712903431766,0.006704087027723411,1.2930894899153018,0.3066449430355951,-0.0639013757579642,1.0575540997897162,0.498155425854034,0.04849331952613161,0.8870439450404273,0.3774925817235489,0.1482469008669326,0.8612951225767683,0.34394455938257645,0.15637936691453896,0.8103125171109627,0.3527196728184168,0.13492354635050952,0.7801990236573533,0.3634235215843196,1.2586206896551724
0.2789427124204535,0.8695794102465033,0.5782094632103201,0.2993200314229273,0.470811250842237,0.6325330429921551,0.30284799916682736,0.06010486936159965,0.6696002808295423,0.2542621536903301,0.01106134664102469,0.5206667274228831,0.33426668677694027,0.005763236854919966,0.5432577822547062,0.2817134447612166,-0.007815187962298941,0.7527011006297775,0.06886773026768371,0.868563689151396,0.582933439277281,0.06075953614369484,0.4833177103709559,0.6290074791364998,0.0643262258439393,0.06450562556250664,0.6659282392096468,0.07321897691995488,0.031239330915995976,0.48278907026962203,0.015446601670616008,0.026835597695343317,0.5397853044289316,0.08846806362881644,-0.011698920309641769,0.7510808224182524,0.17943734595530403,1.3242914353243593,0.270332774460087,0.1685818818288609,1.5694999088081873,0.09243413830081323,0.1588664033839969,1.4179367796327613,0.08283220948759032,0.35266530638828475,1.3016808418360506,0.28301787756057556,0.44337895972626684,1.0858651401898676,0.4386969450815761,0.3032575291246553,1.0021170594107098,0.28763319744966304,0.195150481910488,1.0665802412401397,0.2712796586926126,0.18723712972547282,1.0419559992457672,0.2626955663048429,0.19282957562452444,0.9736833738748897,0.28644443741901365,0.006552783724062238,1.2942491395827804,0.31260361477522103,-0.06683375661202773,1.0581178200914305,0.5062307647632625,0.044932218741319946,0.888397928131447,0.36983082664232364,0.1375094910816737,0.863348411044547,0.32817055691785774,0.14489534286763892,0.8124863575165996,0.33297510496196125,0.129417272088304,0.7840273202566036,0.3439730115711431,1.2758620689655171
0.27889134205432026,0.8691684516773537,0.5787350584137568,0.2998316863127094,0.4696816587951889,0.6315577885777081,0.30292415305747383,0.05973721258936856,0.6697165911080567,0.25417393963369744,0.01061551289478599,0.5203650779260608,0.33412828196045197,0.004281219871097244,0.5447230898912199,0.28173450790091925,-0.008907212425476565,0.7542235211386396,0.0674263680111504,0.8684915904863099,0.5848614976542899,0.06109534092523196,0.48225324228166344,0.6293146785695165,0.06434345537284264,0.06426440422756706,0.666001868777236,0.07296925509524127,0.032169654451476744,0.4822019959026737,0.015230710993685895,0.026860843927589303,0.5396194045679791,0.08829789036662383,-0.011794264140215442,0.7506162977148161,0.17846968651891795,1.330725452927224,0.2703830335806925,0.16891241764039755,1.5728678242596301,0.09175997480118478,0.15813525018901195,1.423902973549566,0.08457846515680123,0.35315268553781165,1.302893470174835,0.28829913813592545,0.44486955217465474,1.087091421104392,0.43748276793675567,0.3047280185281511,0.9996273578881847,0.28716887610793895,0.1964534276627953,1.0640799588319472,0.26707049975633623,0.19157111091097,1.039158356699631,0.25583453818285234,0.19600309403156385,0.973375379517868,0.2778837535307881,0.00665825307487135,1.2959925537270642,0.3177239338298672,-0.06915134100178918,1.0599971257695524,0.5124026364181025,0.04041199059661649,0.8904072201715917,0.3610733605737968,0.1267834319882295,0.8653261194522552,0.31224006727941445,0.13296369404437214,0.8149244417799927,0.31079984572809866,0.12215513983456396,0.7881701817086969,0.3220390759969193,1.293103448275862
0.27893656655199134,0.8687573246119568,0.5797769170568918,0.3002965890924502,0.4685475395209696,0.6305179021435636,0.3029748028647272,0.05947885293181758,0.6697866488250146,0.2541186528006159,0.010037285788906546,0.5201913742445232,0.33417013244302174,0.003807018009171527,0.545003334917045,0.2814788059346516,-0.009724200784119334,0.7553112093952803,0.06599104126018884,0.8684837328836055,0.5868221634903953,0.06148785369133284,0.4810243328913273,0.6296456573674564,0.06434045902876843,0.0639585902461079,0.6660450199033765,0.07284412714294251,0.03309644662897153,0.48182202186745543,0.015147347931258458,0.02689142489215207,0.5395066630055066,0.08802956998859424,-0.011724234459043189,0.7498712347484676,0.17767249728292123,1.3376373798795003,0.2712890454819957,0.16909009725885712,1.5765626987968098,0.09148776590688884,0.1577484989334648,1.4299697045748203,0.08597671561161647,0.3527917963253705,1.3044113272659472,0.29588441120480236,0.4469877457196523,1.0900070381662672,0.4342588198739372,0.3064282514693312,0.9991013376771941,0.2854805240285892,0.19755440559704562,1.059656987607729,0.26336452823676515,0.1962461048035709,1.0355861962003847,0.24681092406385324,0.2008175265086047,0.9735948533088588,0.2642979724643242,0.007046567593302459,1.298834688258849,0.32142382612874915,-0.07077983238077007,1.0633090385664499,0.5163797460668427,0.03394961301655913,0.8937632083765831,0.35047775729362857,0.11548221754358534,0.8676671943707392,0.2955849349841157,0.1198754675645153,0.8178888893197718,0.28582672983453195,0.11262994673349136,0.7924447118635526,0.2996159163046729,1.3103448275862069
0.27913241662207267,0.868393790118582,0.5811627309919154,0.30070869007054285,0.46745680777720133,0.6294340542553123,0.303002139704998,0.059319932488192985,0.6698118231332822,0.2537427004023599,0.009193271200495024,0.520163646138072,0.3342554698870914,0.0038643878487087495,0.5445237576824296,0.2811772682698441,-0.01031826558457391,0.7559397892929766,0.06460186315869093,0.8684760599632637,0.5890052757249771,0.06192271324429502,0.47966287371895694,0.6299959731881237,0.06432784373367897,0.06346770308783109,0.6661116193093936,0.07286513840022618,0.03349430104051604,0.48206974022771315,0.015194643642586547,0.02690007270840542,0.5395173054655007,0.08767432744171307,-0.011485966615128525,0.748875153643878,0.17716431198982735,1.3446456838862602,0.27298099572055784,0.16904571843539729,1.5806432646631494,0.09220569075430096,0.1576529868555614,1.435880835546114,0.08730615401336608,0.35163624433711266,1.3061866061746994,0.3047221165205186,0.4493629961213022,1.0943098212330815,0.4293075945034723,0.30849348848954916,1.0004777153856537,0.28296046994026,0.19879391188528045,1.053184328367515,0.26025191721498075,0.20132291157942667,1.030857593756312,0.23622746378064322,0.20699974923368286,0.9739201100665354,0.24809335965804552,0.007668233839653748,1.3032294977750791,0.3240180020109098,-0.07181040011885996,1.067787084921337,0.5184691902815324,0.025349240969748686,0.8988501096149143,0.3383263507209808,0.10358877801376024,0.8706700858947402,0.27866922971061686,0.10562123513134064,0.821871635504485,0.26020636387709706,0.10092088896854029,0.796739349921402,0.2792615097869808,1.3275862068965518
0.2795360057642656,0.8681048695224066,0.5827367291029045,0.3010715262520114,0.46649106056188083,0.6283185296862993,0.3030076388485311,0.05925433523832258,0.6697940576025807,0.25279732217408823,0.00812564501014469,0.5202817215568998,0.33427390072168706,0.003960230713972581,0.5439884147623704,0.2809952999955462,-0.010849073349819785,0.7561217459200867,0.06327175901932366,0.8684106482937073,0.5914664182314278,0.06236491907510419,0.47820023223688163,0.6303527697152541,0.06431471032698417,0.0627628015760151,0.6662304717761945,0.07311362679286379,0.032982223190107664,0.4832989748315316,0.015368401654254599,0.026874129727413355,0.5396574727432352,0.08727868361273688,-0.011078768143751102,0.747693212485102,0.17700118369439893,1.3515108957463877,0.27509615131731685,0.16880502863878027,1.5851655826371358,0.09458866881672628,0.15778283594146691,1.4414838161859764,0.08908214031753811,0.3499989611251553,1.3080995340522774,0.31363525960353833,0.4514561245289208,1.0992967085970116,0.423407090359086,0.3107984294084893,1.003148720151949,0.27998669797573134,0.20034976501351226,1.0447283828501834,0.25779267411432977,0.2064160750522424,1.0250027658299807,0.22512679417168827,0.21377567207596748,0.9740018710613499,0.23181516905287775,0.008433946264820365,1.3091640581687114,0.3264667753375266,-0.07232015410797021,1.072904534286719,0.5190617272785158,0.015250338248454773,0.9055866436796035,0.32574612015032023,0.09138491716859304,0.8744851949659791,0.26270710089415106,0.09083748546731922,0.8275490633855621,0.23745070676035024,0.08755108859707719,0.80109345177774,0.26351776905785124,1.3448275862068966
0.2801716816493307,0.8678688440972375,0.5844341624498374,0.30138602011128685,0.4657325756103346,0.6271771694721433,0.3029923239557144,0.05928321753554021,0.6697357414862867,0.2514199218176141,0.007049180726277674,0.5205122126385343,0.33422240521306135,0.003943336318680329,0.5437534802332624,0.2809442329931404,-0.01139470329783273,0.7559108366454881,0.06206624116715091,0.8682706049277891,0.5940658482793771,0.0627504743522162,0.4766919542020252,0.6306882694035212,0.06429227646224031,0.06198831463638453,0.6663751362102491,0.07360010147420866,0.03154216571332744,0.48554999191398834,0.01565174739040237,0.026816695519411987,0.539849866552307,0.08689883669775536,-0.010515794352716611,0.7464413831716628,0.17708789144975107,1.3580021920497811,0.27724298867328007,0.1685010295157973,1.590208307968068,0.09922379163258635,0.1581565242598511,1.4468094990559186,0.09144591087166593,0.34832033446922417,1.3100951087737371,0.32167374257577297,0.45273762583452104,1.1040803450686028,0.41755025968911014,0.31289644132585537,1.006191474010627,0.27693364860863906,0.2021226981500568,1.0347125634150791,0.2554992469294148,0.2109600539683158,1.0184264897069457,0.2144679190210252,0.22040589731945298,0.9735626222666414,0.21768191576912072,0.009290942773679225,1.3161056773494348,0.3294286262843887,-0.07245266010118596,1.078024541875384,0.5186582976601788,0.004778395465191143,0.9134811350238422,0.31415636928913154,0.07923292050663402,0.8791257144144502,0.24851638513781968,0.07631041109968453,0.8354878610340736,0.22013927589888482,0.07299714188877489,0.805834026400799,0.25408307327923024,1.362068965517241
0.28101175769691245,0.8676434296788184,0.5861105373797735,0.30164420525740154,0.46522694258511976,0.6260169794633706,0.30295644984524167,0.059413313469078126,0.669637617023715,0.25018653479881947,0.006385839916007175,0.520581052348707,0.3341883767041527,0.003903956788647073,0.543846494856417,0.2809448783045235,-0.011857534112025246,0.7554256117224111,0.06111091892977852,0.8680940006763832,0.5965245128276789,0.06300966152624342,0.47520554649950464,0.6309683930677468,0.06423451680352656,0.06136502900360217,0.6664792033367861,0.07423896788590156,0.029472767780596692,0.4885777623539906,0.015973287586264973,0.026740478740048864,0.5399848987628696,0.08659077072174791,-0.009865999342834799,0.7452869766248778,0.17717524719069638,1.3638282646649929,0.2792235773596517,0.16830106402874562,1.5958829742045073,0.10638719486413445,0.15883828227338997,1.4521200301525419,0.09402866927375417,0.3469479728698384,1.3123707972184442,0.3282557649264087,0.452792787607739,1.1077618285998392,0.4131163947931164,0.31432633317784897,1.008611761760957,0.27428315824047345,0.20394259555149924,1.0239137154626547,0.2524353887064713,0.2147102864630442,1.0116387802387274,0.20479452861133815,0.2264668445607137,0.9721432097864902,0.2075152374453951,0.010211773188700105,1.323303262488111,0.33289802270990715,-0.07256354990791175,1.082680316683563,0.5179979153470723,-0.004824636302638396,0.9218722823682673,0.30458036073752387,0.06765729325986569,0.8845250751261534,0.2358455167705392,0.06275514377450978,0.8457639235135429,0.20842306234993166,0.05762302172025608,0.8116483707995326,0.2505750086169821,1.3793103448275863
0.28201030417199635,0.8674411037391387,0.5873667393070399,0.30183385665683676,0.464993911545641,0.6248548334284126,0.30289959321785304,0.05965065935000087,0.6695023700308991,0.24975358947549398,0.006628819634577735,0.5200155075099462,0.33428293319660307,0.003988560912387501,0.5441557131966815,0.2808844202129854,-0.012068813517157596,0.7547711795459402,0.06049440186703456,0.8679591552303024,0.5985644326074574,0.0631022663744042,0.4737992500464144,0.6311686592396245,0.06411809918377552,0.06103038091331791,0.6664768914799574,0.0748882212018406,0.027281058067546556,0.4918399946178466,0.016211230816904183,0.026671916965384325,0.5400068038380931,0.08641862547999998,-0.009236031417606677,0.7444141564356854,0.17702766849455376,1.3688358197027812,0.2810652285883588,0.16830519948900544,1.6022444650556467,0.11591392852274345,0.15983026410856122,1.4578136311132954,0.09647876682216913,0.34604110737884464,1.315264362714419,0.33330229457742305,0.45144715098637744,1.109641069231004,0.41173695008440503,0.3149482960149146,1.0096080800415734,0.27254855869468214,0.20575041767699487,1.0131485233904067,0.24825839199985977,0.21786542787330881,1.005001008875343,0.19645003779682527,0.23179734916376665,0.9690712357041806,0.20239085954689293,0.011124341507897807,1.3300214578256413,0.33679644267980524,-0.07309076585012673,1.0868145878328825,0.5178012316666087,-0.012530850835980828,0.9300834569924857,0.2973723732965333,0.0575835163300288,0.8905223825929738,0.22395631074325403,0.05105833344784814,0.8576569355498119,0.20056931104173012,0.04230022191300102,0.8192354258168916,0.25018277931333593,1.396551724137931
0.2831487889030578,0.8673592209900578,0.587768458476032,0.3019457927102735,0.4650493658379593,0.6237236841585141,0.30282084242931745,0.059998801951884465,0.6693398085044486,0.25040115446444433,0.008000262752112861,0.5185267618762881,0.3345741758969866,0.004380082537010263,0.5443089694768659,0.28065523539126863,-0.011911220182239914,0.7539157677392481,0.06018765672353557,0.8679464714228252,0.6000243493461956,0.06304163715382534,0.4725436533748969,0.6312840339916461,0.06394027539851797,0.06098090827517062,0.6663383923732542,0.07536799763116955,0.025594903846903154,0.49447477630612174,0.016300923485215335,0.026656000680222863,0.5399338511477559,0.08642845251010163,-0.00866611458245449,0.743886242166905,0.17663007006927245,1.373199823349204,0.2829291914281252,0.1685496772902559,1.6091804814076092,0.12712102180382073,0.16100979822751504,1.464196428876908,0.09886572182481956,0.3455880216437677,1.3189145934495263,0.3372300235617611,0.4489062969058153,1.1095796172826513,0.41434688489371463,0.31497095878195114,1.008909527248772,0.2719003114382138,0.20754910009460675,1.0030194841306785,0.24357880854759512,0.22077002233463583,0.9985925058836197,0.18984556555443238,0.23634810980399878,0.9637813520028885,0.20194125543403874,0.011848654574965603,1.3357098557644007,0.3414260730615181,-0.07426423362949336,1.0906450706311528,0.5184480477583219,-0.017844750659189376,0.9375012538365712,0.2925168254014678,0.05021511530681045,0.8968068744362004,0.21288566357971592,0.04227568130046236,0.8698146082630325,0.1949595554791856,0.028676013359761984,0.828683607793439,0.2495132222602319,1.4137931034482758
0.2844175896369132,0.8675483964907785,0.5871695862477692,0.30197876059736933,0.4653880750947972,0.6226782177681363,0.30271753048395245,0.060466210069765165,0.6691589545207437,0.2518945316822028,0.010265044211808851,0.5161960170310699,0.3350285967301516,0.005266591073728646,0.5437505428193651,0.28022596949461026,-0.011362871884321198,0.7527649439581785,0.06007278559198635,0.8681288047583902,0.6008535320923778,0.06288880077526145,0.47154198053832047,0.6313218476571844,0.06371835262066387,0.06112273486171409,0.6660781271833868,0.0754860526766017,0.02508593375621611,0.49546847111677117,0.01629909167659698,0.02674343823392682,0.5398078548034143,0.08660907444466961,-0.008074980215093024,0.7435407306851892,0.17615217607374883,1.3773423291961628,0.2851057702866389,0.16908629957847082,1.616403447891204,0.13890515249048999,0.16215938601472207,1.471282096226267,0.10149386155879786,0.34543068665131904,1.3232326387303925,0.3406855292123589,0.4456922422664585,1.1081930047664166,0.42031378542405523,0.3147641707058997,1.0068071122737603,0.2719883349751795,0.20931974301428352,0.9938432328832164,0.23906177657010289,0.22359401598963913,0.9922194544823802,0.1853301394833013,0.24016918286867162,0.9562017627603266,0.20413324568061392,0.012125780985871613,1.3401947153553253,0.34710520776532633,-0.07599084981029071,1.0944003149697055,0.5199000074255435,-0.020910545993067475,0.943792949266712,0.28962061417859175,0.04622556479540163,0.9030541516240205,0.20361312042142202,0.03700152315150118,0.8808672560535181,0.1908502012644079,0.01830826849555666,0.8392973155611063,0.24640062301830612,1.4310344827586208
0.28575273254886174,0.8681819092413406,0.5856783346210249,0.30194204465728036,0.4659321466136275,0.6217987942089085,0.3025853688222985,0.06106915429008026,0.6689527449962608,0.25368169171876254,0.012890286744754847,0.5132842059172645,0.33547412612273775,0.006654710921268505,0.542241642986494,0.2796878527136381,-0.010489376050713232,0.7513653269910243,0.06004448920678791,0.8685781363541322,0.6010668728609011,0.06270476405507706,0.4709050036459475,0.6312761630413959,0.06347567219574918,0.06136233153271124,0.6657272128143481,0.0750948496904656,0.0262441145971338,0.4940387170882953,0.016290324108468666,0.026942142645091188,0.539662588140704,0.08689647668576721,-0.007337428944146624,0.7431221079230301,0.1756929096830463,1.381667104143792,0.2880122240301164,0.16994805723244694,1.6235593425245514,0.1503047574576098,0.16306918272913645,1.4788055696258806,0.10467272830383911,0.34539264150309135,1.3280957579199257,0.3441482600678209,0.4424111857155455,1.106426321543159,0.427869229131718,0.3146220941162097,1.003667448014192,0.2723490956779833,0.2110593466690367,0.9856745764330475,0.23460343942993106,0.22625970412362387,0.9854779439936289,0.1827828202209626,0.24344403099233441,0.9468903253980977,0.206333470663946,0.011793184459602302,1.343646396388556,0.3536618998565837,-0.07797412497759428,1.0982764699685414,0.5218549682471005,-0.02227479794513684,0.9490407020385322,0.2877375810268958,0.045117242621293255,0.9091709324933248,0.19685651031865722,0.03487757146049463,0.8898878084311876,0.18742152415832988,0.011689165604348531,0.8500499635148042,0.2399304079882976,1.4482758620689655
0.2870370965965861,0.8693822327217954,0.5834402077002556,0.3018499151864237,0.4664965430128367,0.6211804898217506,0.3024258939897011,0.06179790638124496,0.6687076576926584,0.25515953168645455,0.015343824251354452,0.510100775785785,0.335675564902144,0.008305280456635296,0.540054219124745,0.27920137422122704,-0.00940201987128852,0.7499281335457858,0.06005862357226058,0.8693226882001265,0.6007836047182687,0.06250141652778154,0.47069844577338815,0.6311238464077576,0.06323177105999668,0.06165866376418344,0.6653059415268222,0.07417479248662354,0.029011311519733123,0.4901217818446834,0.016296318499745287,0.027153894748516833,0.5395256499463013,0.08721527375701293,-0.00637406917049926,0.7424960428650598,0.1751756875927264,1.3863676784061925,0.29190108941195175,0.1710285102590882,1.6303373090950246,0.1610956059632322,0.16365018080535665,1.4864016856660878,0.10883272860358847,0.3454294418864494,1.3332992882589076,0.3475774610900109,0.43954324807437173,1.1049049066763386,0.4353740854156003,0.3146028251176549,0.9995834616964858,0.2728158082554094,0.21285350520274915,0.9783361150966989,0.2295957172461653,0.22861158290688097,0.97780304416037,0.18153650469134314,0.2463292814477604,0.9367708144449292,0.20693652680634064,0.010868371072698623,1.3464023017319202,0.3605611965053972,-0.07988991181058057,1.1024084866023591,0.5238722772282078,-0.022537454046511043,0.9536285345895312,0.2859351796517354,0.045663207977144765,0.9153656765089322,0.19236350696715107,0.034934111455932934,0.8965100597876989,0.18364147307194653,0.008418117892614492,0.8601122961740392,0.23026577525455832,1.4655172413793105
0.28816758605807485,0.8710914928753223,0.5805518940585852,0.30170610080064103,0.466879430408076,0.6208965280771851,0.3022565619343912,0.06256569415085368,0.668437741040056,0.25581838764908044,0.017271356980533437,0.5070637977793588,0.33543758009897096,0.010003452828001256,0.5375298159216121,0.27887102801910574,-0.008184838297560658,0.7486113239896938,0.06008690835951551,0.8703027279116395,0.6002339444318022,0.062248488121604016,0.4708751027207301,0.6308587289605856,0.0629990529264088,0.062009620257890634,0.664826750732585,0.07288031888192102,0.03273261785463034,0.48453716422109583,0.016296634991071226,0.02720031106810298,0.5394164191791114,0.08752823855853455,-0.005176204077440539,0.7416863341401119,0.17449488000319438,1.3914795839794145,0.2965675629031693,0.17210534891658916,1.6364845314899297,0.1716019746115287,0.16396900467178277,1.4937740247496167,0.11451611277854679,0.34559170727113697,1.3384236610126699,0.35041420299890763,0.4373301654659706,1.1037789098018156,0.4419550952336327,0.3146043049246467,0.9946167400990148,0.273425767929336,0.2147737743109972,0.9713858334017631,0.2239117479511827,0.23052770967203157,0.9687287120102884,0.1808750286740601,0.24881405391145886,0.9267610945016961,0.2058834043321941,0.009384954663336248,1.3489011066936636,0.36742904409400756,-0.08149371964458255,1.1067249236458492,0.5253021707111244,-0.022182145977779656,0.9580507994770666,0.2839502348937328,0.046849637621243174,0.9220789718501096,0.18930757425300127,0.03628673999654567,0.9010597837522156,0.17919899288975727,0.008033409740863057,0.8690508667922601,0.21870667476200345,1.4827586206896552
0.28908394636879653,0.8730546254418824,0.5771110308040198,0.3015038944574498,0.4670286170916789,0.6209485796557522,0.3021050347119619,0.06323560597983773,0.6681871834860065,0.2553185101004193,0.01845998813337562,0.504680703606177,0.33459647594715086,0.01179580695286442,0.5346336834077742,0.2786786002657827,-0.006854713370722852,0.7473596245575156,0.06008745842855867,0.8714260964680522,0.5995659709900775,0.06191605703683861,0.4712742537690962,0.6305078386590692,0.06277541187486665,0.06241587570884172,0.6643131599427375,0.07147563895167804,0.03656304669830275,0.4785381517016922,0.016275992393746393,0.026954863045068406,0.5393394531069395,0.08784965769541996,-0.003804721028866427,0.7407351958844286,0.17365486717640616,1.3970438141961854,0.3016231868171101,0.17300617982693178,1.6418364341898064,0.18207538236670578,0.16416814066358126,1.50073468416268,0.12216853232192161,0.34592114178467087,1.3429709878964318,0.35211717565199196,0.43581694536026616,1.1030149296024325,0.4471516638354399,0.31452869575412995,0.9891018251855034,0.27418153281026764,0.21659586786256535,0.9641737340210634,0.21841185285890585,0.23176700060400007,0.9583147236620209,0.1805913465203469,0.25079863389817714,0.9176846455973402,0.2039616291553166,0.007333213158250782,1.3515084040872967,0.3743148543289292,-0.0826454923495738,1.110901767356186,0.5254160272059768,-0.02152487278670375,0.9626515690648848,0.281910848982857,0.04835719797123488,0.929672202456938,0.18680288463513184,0.03850530481008461,0.904451747021324,0.17447310759864185,0.010293998875126349,0.8767017871674316,0.20696097237910674,1.5
0.2897450000565849,0.8749870922774035,0.5733066732260603,0.30126049574825364,0.46702302346065144,0.6212366435295523,0.30198982981794426,0.06371714207972923,0.6679929140926814,0.25362267068505945,0.018746496362143403,0.5033621019725775,0.33305640321641333,0.01383440971276913,0.5311384548126408,0.27853769350091484,-0.005385461174850665,0.746013364423247,0.0600387546003889,0.8726596420131014,0.5986668859777318,0.06150662016210663,0.4717191502137549,0.6301267850575653,0.06254075224185777,0.06285969055024905,0.6638031610501761,0.07021323263714771,0.039853226718283674,0.47320768894905774,0.016243033346323776,0.026423797689997027,0.5392730042522477,0.08820498730666115,-0.0023591407186505688,0.7395806392841825,0.17277762414739745,1.403082091079636,0.3069299815351877,0.17367941840691148,1.6464190648710302,0.19249488495438893,0.16437557125094998,1.5071295621307446,0.13199679257606933,0.3464635074994252,1.3466457030132837,0.3527664024267247,0.43500045107495366,1.1025980523680916,0.4505651499597939,0.3142289874285342,0.9835201510006247,0.27500430242666074,0.21771757891249188,0.9561624429845377,0.21417747574978438,0.23189490508749122,0.9471887220460498,0.18113923627277964,0.25205792014387324,0.9101838728645034,0.20229565589502402,0.004866446024490595,1.354273577114334,0.38133673510432337,-0.08331852988855637,1.1145251969434031,0.5239544830324443,-0.020651935847875884,0.9673624879111901,0.27970951362803276,0.05056372734167995,0.9378849115527703,0.18434672445926897,0.04159733219123079,0.9075366921105843,0.1696925624507865,0.01477662670090013,0.8829694674873467,0.19656913447824456,1.5172413793103448
0.29011110867489853,0.8767421374611944,0.5694482139687763,0.30103732606768097,0.46688115728848817,0.6215888090120087,0.3019137844565084,0.06399954848403935,0.6678644772848296,0.2511354161225865,0.018118006358548523,0.5031754616977089,0.33091938969640267,0.01609242268133593,0.5271039321249003,0.2783817771578856,-0.003753094614726832,0.7444687578344097,0.05997740227539471,0.8740261175920527,0.5973153180639137,0.06106920952953792,0.4720565541724303,0.6298163036329174,0.06227621749620703,0.06330182386155359,0.663325540308897,0.06926614632148184,0.04223813113499977,0.46923896761379924,0.01622479814941375,0.025705444042230553,0.5391644951238671,0.08861110433958545,-0.0009358709536746862,0.7381381962906602,0.17203918996123685,1.4093844740018417,0.3126411760597545,0.17413080396956163,1.6504601402183294,0.2026924871155835,0.16467617351733477,1.5128316493922853,0.1438231802039983,0.3472861085100888,1.3495070935879536,0.35302230288165326,0.4348340412469356,1.1024582387958064,0.45209577721904803,0.3133845236948841,0.9781910255088826,0.2758022219472813,0.21735805128396468,0.9472504477305727,0.21159024633656268,0.23055214148397674,0.9360965213939147,0.18331931888259959,0.25212540718012777,0.9041753992078663,0.20242784164582447,0.0024031395902207753,1.3570681572294947,0.3880902020603225,-0.08366538699956971,1.1173583048289109,0.521453672138456,-0.019496022385255628,0.9717329462658315,0.27704754350721517,0.05423518006221268,0.9458252437160573,0.18199648601230586,0.045703912497805796,0.9106587132161337,0.1645894183191331,0.020578647307195337,0.887842584686615,0.18900679952163849,1.5344827586206895
0.29016705011294064,0.8783288810370048,0.5657893639681997,0.3009011585662602,0.46650502323420723,0.6218714609815854,0.30187346831709505,0.06410334619962399,0.6677971368821712,0.2485818088727162,0.016927134842024544,0.503728659620464,0.3284878675824693,0.018350065013513734,0.5228999946923403,0.27819478664802766,-0.0020256412561438022,0.7427677710311352,0.060013145248130215,0.8755443691890024,0.5954908104778158,0.06067948823687419,0.47215794444325954,0.6296882214247752,0.061999062873504485,0.06368826552969874,0.6628873360463629,0.06870953233021246,0.04360430983231727,0.46692822035947146,0.016243521147067914,0.024924466249148507,0.5389712908031644,0.08908438468059102,0.0003720328524717022,0.7364660842185526,0.17161124236333156,1.415498750760768,0.31899702190708473,0.17438695773321009,1.6542357961771696,0.21245172149383104,0.165113324734597,1.5178969108987033,0.15705410981610562,0.34838774782255016,1.3518864442323688,0.3535276588054646,0.4350212335794559,1.102384876970604,0.45223639300764834,0.3116644824038625,0.9732147313035452,0.2765206511129642,0.21479825630931015,0.9377884359289558,0.21057724335866768,0.2277137448206109,0.9254842782580518,0.1878121702020831,0.2505395744013225,0.8984724167341829,0.20600640280141752,0.00048739492225283306,1.3598665567553483,0.3937837101756593,-0.083983707369696,1.1194922647998116,0.5187994883946727,-0.018028132950175368,0.9752513473056491,0.27388742656579973,0.059964084349247784,0.952683937027683,0.17982046906553564,0.050834065453376445,0.9138601109852522,0.158462210589661,0.026734977650068145,0.891500418769216,0.18499568519282655,1.5517241379310345
0.2899668407913174,0.8798147294186277,0.5622817881272251,0.30087313160245216,0.46582631274478803,0.622077343019914,0.3018670114319276,0.06403927452121967,0.6677872177922197,0.24655748380725004,0.015887312591275,0.5044287523902635,0.32613575377721293,0.02037337050317998,0.5188527761722497,0.2779837470315316,-0.0004306529539600326,0.7411766689627478,0.06029346421300577,0.8772249790135679,0.5933710973913966,0.0603723376755602,0.47202783617770333,0.6297322206834703,0.06176802898269345,0.06396743107269592,0.6624969503143504,0.06851072090613494,0.044061478727790995,0.46612124416983497,0.016296192529656525,0.024202942462216177,0.5387166139516523,0.08962237046945248,0.001460130986363238,0.7347477939516066,0.171653078600428,1.421063841493579,0.32595245385877036,0.17448703323361137,1.6579247585958312,0.2214843164974674,0.16571053620997772,1.522637859279592,0.17079074682193518,0.349613307704032,1.3541195928448029,0.35453682370063766,0.43501198378635475,1.1021264878224055,0.4518979092837561,0.30903483872082793,0.9686507566107994,0.27716199498082,0.20964549431076918,0.928397602538223,0.2111885882422084,0.22355122716914075,0.9154141275685955,0.1949780731963011,0.2472133564889662,0.8913900558451214,0.2139378452953452,-0.00046873088239131637,1.3626719020605595,0.39810466076574924,-0.08445354362313029,1.1211975464539734,0.5164713691557787,-0.016256952847571705,0.9776235638204249,0.27048264200612415,0.06782495786374738,0.9581805753839678,0.17746308993209214,0.056965200121089174,0.9170923856486483,0.15069996061533011,0.03282952185436143,0.8942118122364315,0.18351988014401213,1.5689655172413792
0.28961963295164284,0.8812122209203733,0.5586711705485888,0.3009252468536865,0.46493769564716714,0.6222656827763035,0.30189505833185304,0.06380521903007315,0.6678351147578158,0.24520266394449142,0.01568865886593468,0.5049088616932454,0.32419693109581227,0.022040848959563812,0.515058183672389,0.277744088520474,0.0007667403218281112,0.7400717613806373,0.060895958646909706,0.8791151548341584,0.5909582789011002,0.06009033796435008,0.47185626194509994,0.6297596654096755,0.06163994633743071,0.06410589016058296,0.662178571215045,0.06854979416424996,0.04389716873000355,0.4662816862180363,0.01635859774035548,0.023648374703760057,0.5384779187420932,0.0902063329546869,0.00224669618899042,0.7331224277917765,0.17230811446245686,1.4260796459032241,0.33306746118309793,0.17446974543318755,1.6616128854100811,0.2292971634841335,0.16651048573746036,1.5273466681151322,0.18392756498277676,0.3507023030556876,1.3563720437969964,0.35613255777429753,0.43438500955825055,1.1015587398150062,0.45185389220534283,0.30582141560615744,0.9645941678416119,0.2777567479286898,0.2020515554650532,0.9197922949616716,0.21335926767871433,0.2180801956728986,0.9057656012855939,0.20477369982181337,0.24244760150567557,0.8818076310903304,0.2259162112360779,-0.00041944940061478474,1.3653821915141198,0.40150410661760677,-0.08500152468732716,1.122610605198498,0.5142560869294023,-0.014103532478778411,0.9788436209201847,0.2671271107237931,0.07749763348935387,0.9622391896029093,0.17482848838355694,0.06427872753110014,0.9201630001407135,0.1421012061284965,0.03884088224685801,0.8961646251750328,0.18256920396983806,1.5862068965517242
0.28920545722221197,0.8824395544198962,0.5548489094054064,0.3010190125861804,0.4640338664591759,0.6224629414562252,0.30195737960132846,0.06340475394925826,0.66794079847286,0.2443401537191625,0.01650291004299098,0.5051204277057931,0.322845959107651,0.02332650925010317,0.5115501930109498,0.2774529688474902,0.001452509539683105,0.7396798972274502,0.06174991268527642,0.8812600222795955,0.5879226401039044,0.059726900281969926,0.4718658867411117,0.6295457189046831,0.06163039325103816,0.06409450009104328,0.6619498068335982,0.06867759310680074,0.04348355203325467,0.46675184629115807,0.016406078968770738,0.02333310118531017,0.5383192788521456,0.0908299210018094,0.002725492574108968,0.7316140652814334,0.1736070559458568,1.430779980036954,0.34001544113678334,0.17441267582254172,1.6654003657383902,0.23536058798709575,0.16756936769948078,1.5320023448716606,0.19544142253816377,0.35146843164499314,1.3587042877275348,0.3585499663027836,0.4330881667496483,1.1007339057733603,0.4523651427440769,0.3024998539769706,0.96103384272037,0.27822097912719856,0.19269339908248262,0.912621826324658,0.21636031668992992,0.21110077291373616,0.8964476680138669,0.21652840103444124,0.23670574406374628,0.8697069645529742,0.24049579541480648,0.00038798197272171977,1.3679110762348916,0.40452970984659997,-0.08554929805239686,1.1236706601026865,0.5114418080696937,-0.011401994727132691,0.9791099671378182,0.2640865418496232,0.08842363033200742,0.9645761105092383,0.17284697065302465,0.07316729883803705,0.922731148006919,0.13537463064786584,0.0445378203784348,0.8974810576308733,0.18077971941874812,1.603448275862069
0.2887272997964528,0.8833770469817046,0.5509527834496116,0.3011432366534686,0.46325170913480973,0.6226766003823216,0.30204678930547924,0.06287513217759907,0.6680951342073297,0.24381183091177758,0.017897611187462956,0.5051654706841507,0.32200502326988933,0.02420791166450695,0.508487706538771,0.27709184117533936,0.0016740947357734882,0.7400148105058025,0.06268798349479664,0.8835499383686889,0.5839905088679181,0.059215603444910205,0.47216343465962735,0.6289897935109744,0.061715482913360896,0.06396874449062065,0.6617928498032278,0.06878844674112951,0.04313504878659864,0.4670604926663313,0.016426517559504188,0.023252021933163943,0.5382503782434646,0.09148635588247954,0.002940218647148614,0.7302230805773161,0.1753556540499635,1.4352771588595254,0.34688240916242885,0.17444560086781077,1.6694658319173066,0.23968017782649978,0.16885159366710678,1.5364038089710736,0.20489407783156038,0.35191969045880633,1.3611369518446277,0.361993667998808,0.43119083249683676,1.0998078118785384,0.4532416976468451,0.2994031624155447,0.9577144909493477,0.27827929089871,0.18256703198165242,0.9071719642338554,0.21895970461219866,0.20260259212045817,0.8872841678507136,0.2289281925918833,0.23045696203679558,0.8560285271734297,0.25545241453194517,0.0016914785046598852,1.3702471883423224,0.4073665450539266,-0.08624250854836846,1.1243766601350662,0.507037440633959,-0.007903705471425458,0.9787186586667442,0.261549124751219,0.09978489506225038,0.9648668763852926,0.17280331857455705,0.08386584389573867,0.9244158473833938,0.13333336049511113,0.049451488461404486,0.8983882151551229,0.17788952711365558,1.6206896551724137
0.2881462800426404,0.8839658885578168,0.5471989062381982,0.3013086680201121,0.4626265834842227,0.6229577429925721,0.3021468596228522,0.06229469337398352,0.6682747046447093,0.24359683723170256,0.019269753166288456,0.5052145220467256,0.3214422521090342,0.024712989750248097,0.5060081706350853,0.2766644071219059,0.0015346737662589212,0.7409730158026877,0.06356984507919063,0.8857022487847811,0.5792618817165989,0.05855882015605491,0.4727535664369158,0.6281240574662338,0.06185642166969488,0.063812167711284,0.661662684128477,0.06886328726210074,0.043037310116197054,0.46709151903516294,0.01641991503416785,0.023300704554214437,0.5382376215993967,0.09214084299687018,0.0029365245945745834,0.7289566111894598,0.17722866643238963,1.4394109128341803,0.3537985036736933,0.17466087758625998,1.6739175221411942,0.2429262218942465,0.17017704444725873,1.5404242781933402,0.2125481169749038,0.3521663643651676,1.363591389274348,0.3662757159323024,0.4285386378871263,1.098943514302174,0.45399152282016003,0.2965264097969599,0.9542389918374331,0.2775912268068724,0.17280358055039738,0.9030878696838207,0.2202156114388046,0.19322713188667315,0.8779070623175474,0.2403991479161537,0.22412299679263947,0.8422660348610962,0.2685290598363429,0.003249329153661968,1.3723642798289155,0.41002850664022256,-0.0873033138397336,1.1249374019233,0.5000877740857802,-0.003224940151005667,0.97806036900925,0.2594442700491785,0.11060280210981771,0.9633274593642674,0.17497246298566552,0.09595731987869707,0.9249432935601383,0.13678677215969934,0.053527987036180905,0.8992733221789238,0.1743251351206071,1.637931034482759
0.2874632369387256,0.8842619768333947,0.5437531080135405,0.3015079861471679,0.4621501611009007,0.6233813647966582,0.30224094431076853,0.061738162665141524,0.6684531779103597,0.24367823130274524,0.020293593753478112,0.5054116310532586,0.32094528611325146,0.025067210642851938,0.5039702963056012,0.27615057657122855,0.0011399204396492363,0.7423616191125872,0.0643667953217773,0.8874686968814739,0.5740352326609118,0.057795955189413904,0.47359906633722576,0.6270308540542792,0.062034121606157046,0.06369749890641349,0.6615407642817549,0.06893431135476745,0.04328775398513504,0.4669513116168742,0.016394901807904264,0.023349873301841323,0.5382411209529643,0.09274312807048918,0.0028029133517129858,0.7277444094792481,0.17896978273860217,1.4429911006126452,0.3607161987175126,0.17506859157911744,1.6785816262208368,0.24580753861407606,0.17134992383736997,1.544021868347871,0.21884795643128097,0.3523285968902461,1.365881711437715,0.37104571307430867,0.42482945901050345,1.09822818494932,0.4540182452047689,0.293620865735413,0.9503932457626266,0.2758557299714517,0.16446957192444706,0.8996833494370878,0.21998494316315664,0.18418869578715957,0.8681831304761959,0.24946767517896196,0.21805040062817482,0.8300658712292819,0.2781653694980639,0.004718541243863913,1.3742545607788996,0.41257251368604314,-0.08872117417376604,1.1256055778828054,0.4902862568243833,0.0030447432295114905,0.9775630472305515,0.25732456916385843,0.12003873650219496,0.9609000364870867,0.17836484478864245,0.10828885547589737,0.9243305644870426,0.14444272338955855,0.057628660935916884,0.9003686418573746,0.17092388107052953,1.6551724137931034
0.28677688097760057,0.8843779169652459,0.5406983382404629,0.3017010108078844,0.46179381141182096,0.6239337852637086,0.30232380068202436,0.06122611001688396,0.6686188301286647,0.24394651772927808,0.020925599225323298,0.5056983247897797,0.3203686027553396,0.025619647195990497,0.5019824701451816,0.2754707164772091,0.0005834081734970922,0.7439168128291958,0.06515666536781625,0.8887687787899747,0.5685655719298729,0.0569710776540861,0.4746287735034738,0.6257809386759127,0.06227357029026946,0.06363575858783609,0.6614661130552115,0.0690042044157721,0.043873332862951045,0.4667113171668498,0.01636549746968679,0.023345131158178864,0.5382430839353554,0.09326530668466988,0.0026917200083641027,0.7264819937860144,0.18043834147185,1.446074601491697,0.3676333149210089,0.17566666241055418,1.6831348077757333,0.24860186075420032,0.17226601847244014,1.5472105927756035,0.2240144836106454,0.3526086679577817,1.3678378092326722,0.3763216921389136,0.4200524396660807,1.097666813474321,0.45298750905637386,0.2905351887644093,0.9463012260149442,0.2729576113647692,0.1582717712212634,0.8965261689333429,0.21873673141831637,0.17666455934957725,0.8586125033202326,0.25496095763349197,0.2125321988333569,0.8207553827586339,0.283666962005215,0.005755082984144766,1.3760042398988377,0.41501524754551594,-0.09011534473700397,1.1264933023111825,0.4783069788694625,0.01112113801762948,0.9774720265453596,0.25464895184846303,0.12777117037327707,0.9584547842608334,0.18192179851447382,0.11953863756935536,0.9228926724553159,0.15413798994815936,0.06316680690388417,0.9013135493956899,0.16864889758052504,1.6724137931034482
0.28621470292219875,0.8843585586538294,0.5380514559820206,0.3018462788549503,0.46150833742221814,0.6244649374817487,0.3024001936488506,0.060737250531165216,0.6687739299498606,0.24425864328564972,0.021198218382166782,0.5057418335073315,0.31965903360477677,0.026538806308208235,0.49977418739518653,0.2745974096724274,-0.00010546486430008939,0.745442092431105,0.06602874366690098,0.8896248096997823,0.5630430729463539,0.05611958593613915,0.47575589365292403,0.6244204445361649,0.06262856077556819,0.06359175601796858,0.6614928806887493,0.0690265676645441,0.04452865575915341,0.46635732247389433,0.016342747892927997,0.023286152151783146,0.5382499665519965,0.09372009178073466,0.0027228751730868223,0.7251940001714944,0.18157613142584167,1.4488909899315483,0.3745618665736065,0.1764368036977913,1.6874313350086478,0.25125038647466036,0.1728960732021863,1.5501266477419235,0.2282397919497845,0.35328809062931643,1.369425921618503,0.3824132554272788,0.41467736790598186,1.0972841868656495,0.45095841326884817,0.2873694090636837,0.9420609827752969,0.269407888660133,0.1543932545222107,0.8932617390025777,0.21730229081404975,0.17135440253790352,0.8498911017496298,0.25654704154061725,0.20775522509946204,0.8147573499349882,0.285235537865217,0.006217752956706547,1.377761053634393,0.417132498524637,-0.09089959506432706,1.1276150049159148,0.4654544538275739,0.020881167112223875,0.9777284522634639,0.2514146892081899,0.13428157812457153,0.9557986604346758,0.1857990828944106,0.12912273017550963,0.9208616569242173,0.16414087144957745,0.07125423981584826,0.9011007151782386,0.16869346598452567,1.6896551724137931
0.28580249764502036,0.8841567398413966,0.5358235843790762,0.30192928087132803,0.4612490356124695,0.6248028742468024,0.3024755711911962,0.06025418055878696,0.6689212865577105,0.24451703991458212,0.021269496407354274,0.5049673289996036,0.318877910821846,0.02768675728058241,0.49742812078624127,0.2736808159515505,-0.0009851607853398336,0.7469133679990227,0.06696767724397144,0.8900657722864639,0.55762806054999,0.05527043927975365,0.47693451500234924,0.6229828301084617,0.06313908178029573,0.06350296565518974,0.6616415743623546,0.06896115748147047,0.04477797577858407,0.46598217834779637,0.01632625949061095,0.02315110492444626,0.5382817789038895,0.09414527294019694,0.0028889169319371126,0.7240542924447542,0.1824184475752284,1.4515952452984817,0.38129826724155713,0.17728014438762574,1.6914969306594316,0.25365198840758785,0.17327833009091745,1.5530181201015345,0.23195917831181254,0.3545286291184241,1.3707315870308372,0.3892611418794905,0.4092908326617768,1.0971694856970216,0.44810505012752705,0.28427971182259326,0.9374031639861121,0.26658300081965514,0.15258693603155737,0.8890893568153481,0.21716649316634398,0.16851788539046622,0.8422196752550127,0.25542183630368714,0.20366472894586043,0.8113650342725461,0.28398759556428743,0.006205097956548984,1.3797254345567747,0.4184608266987526,-0.09062045015483838,1.128961007710387,0.45320797007822167,0.031772350244314865,0.9780084937924368,0.24845280103848574,0.1406705947789817,0.9518319015314194,0.191240157115706,0.1376396952529561,0.9179523953798756,0.17394068914778468,0.0822703667544647,0.8984717078736967,0.17286754923440772,1.706896551724138
0.2854765567343135,0.8837376978736706,0.5340592278568843,0.3019548776187297,0.46100777020134803,0.6248710178874133,0.3025529243101542,0.05978573939845301,0.6690590000371371,0.24468533137881382,0.021497285344321923,0.5029212578803265,0.3181205753755091,0.028827957385757094,0.495170204535135,0.27296258481970403,-0.002138142281393189,0.7483918537904507,0.06784628975553941,0.8900820979676387,0.5524563485572317,0.054451876876746144,0.4781390224822181,0.6215056824111591,0.06379493757929021,0.0632692363171693,0.6619105830182386,0.06877226466580065,0.044314052116923214,0.4659734550805708,0.016309063539999308,0.02295701887743358,0.5383458364436616,0.09458824204156535,0.0030620988766061827,0.723270046646194,0.18307289417184341,1.454188594955139,0.3874932134180083,0.17809278074654333,1.6953002957751198,0.25605778695761494,0.1734998711152142,1.5561419100369258,0.23566522248972147,0.35622665265644815,1.3718415484900381,0.39610553827299455,0.4041731511638046,1.0973744870189721,0.44452603057726325,0.2813389891633627,0.9320695081300668,0.26620693867182293,0.15248044246234435,0.8831954489179283,0.22049326563764624,0.1681242502962953,0.8353104774581103,0.25409931486495185,0.2001186776496423,0.8093682112598357,0.28133008657858205,0.005977183827338358,1.3821119462609197,0.41863555439534456,-0.08909052411940413,1.130434929032199,0.44282967569998044,0.04292166706901352,0.9777784170092275,0.24698966807095485,0.14799441223645207,0.9456187331008347,0.19934188477723264,0.14633012495397735,0.9134507974794399,0.18397181202670612,0.09588610164305787,0.8925624156975551,0.1823634331083564,1.7241379310344829
0.2851960533191823,0.8831232406515042,0.5328506919669248,0.3019289104568505,0.46082077201644184,0.6246797501845228,0.3026355298145,0.059367021146120635,0.6691841661555047,0.24476525982454284,0.022174459316074546,0.49991392736292706,0.31744909206542515,0.029824132293755013,0.49317033083270273,0.27255579500594634,-0.003605221105637192,0.7499132758348881,0.06854811674983632,0.8896310697327627,0.5476526777678011,0.053687198608685816,0.47928494644087677,0.6200377970174953,0.06453393653888712,0.06281171777162184,0.6623061364799624,0.06837970992421527,0.04325642846539063,0.4667999681568132,0.01628973492367854,0.022890141771261273,0.5384020000906413,0.09510007774020147,0.0031024616010428482,0.7229981948884739,0.18361649256589008,1.4566367635311979,0.39278766295538603,0.17888155744961362,1.698739433713126,0.2592195905890477,0.17366033123121807,1.5596396456596884,0.2394537097269697,0.35807683895296005,1.3727684812704652,0.40194550044137006,0.3993841933980158,1.0978144178645184,0.44037615810762853,0.27854851468467295,0.9263079502515063,0.26951123465182747,0.15391258189097734,0.8756399316364782,0.2290120224517855,0.16982415262627237,0.8288162510630621,0.25516509676957655,0.19719427657870733,0.8079411733691101,0.2782531297873738,0.005795413349164625,1.3849580428787927,0.41786403569324015,-0.08624644701918344,1.1318347329583185,0.43473462431056975,0.05348203776906485,0.9764720091288587,0.24788241647613873,0.156714444490625,0.9370603929143859,0.21028025187187727,0.15609289871873552,0.9068501412695372,0.19490725573916728,0.11097650338333881,0.8835119611754823,0.19585806216545457,1.7413793103448276
0.284966035682198,0.8823324575666497,0.5323899446859678,0.3018516153282349,0.46073181744888775,0.624270298107492,0.30272619428320086,0.05904023141034802,0.6692956458286519,0.24477732106102176,0.02322738941555777,0.4969686047119699,0.31691699271707774,0.030604340310881186,0.4915985276648216,0.2723693024713638,-0.0053254273246704995,0.751495403748088,0.06906922467247015,0.8886893348301165,0.5433189184969202,0.05297804459064493,0.4802778894903406,0.6186163766400395,0.06527791216375887,0.062234128920256336,0.6628249744819456,0.06769391628489999,0.04201000261260738,0.468450006472009,0.016272035851217108,0.023193729003961293,0.5383851583606104,0.09571115192263205,0.0029947790348473155,0.7232754466219318,0.18403222874823993,1.458989284933421,0.39706259799041477,0.1797439408336263,1.7017639135668012,0.2639160002904778,0.17390652852677893,1.5634021334606643,0.24296637090828574,0.35973923851183,1.3735024969818184,0.40626222533744927,0.39513384773265225,1.0983029951790935,0.43598408478010825,0.2757001393590934,0.9206974012105537,0.27670110661946495,0.1568931868595665,0.8673235920670206,0.24272563022384708,0.17284971689374973,0.8225411500313827,0.259974482745482,0.19517238773445025,0.8068548938079326,0.27537384093265427,0.005735196327469577,1.3879989367035772,0.41708127049562604,-0.08211771065684939,1.1329015700592788,0.4282923824329223,0.06280075322101952,0.9738311276940924,0.25126711048115324,0.16660318906136745,0.9268170481071139,0.22350074967096106,0.1670248789882498,0.8984723395669368,0.20748739145788775,0.12558908430153645,0.8725945654560048,0.21006482885210265,1.7586206896551724
0.2848008476544501,0.8813767050210457,0.5328599834878283,0.30172223782220475,0.46072546927734664,0.6236891038419821,0.30282025465762225,0.05881331268859432,0.669394520648888,0.24475175696648713,0.024228046117567875,0.4950283613778519,0.31661635394850945,0.03105166155513598,0.49074075683650814,0.2722592701968571,-0.007101892303659908,0.7531774348290222,0.0694956333384418,0.8873213995096539,0.5394750225299425,0.05229541488519178,0.4811289388857981,0.6172407408400096,0.0659690142114948,0.06187307533061963,0.6634115826419831,0.06668263101787116,0.04101861201279211,0.47028538512874496,0.01624941816440546,0.023893293620187855,0.5382740062853801,0.09641870656043128,0.002885902451685237,0.723923646604586,0.18427057069954902,1.4612897399307658,0.4007548858836928,0.1807557260988901,1.7044187383146108,0.2703953823474566,0.17439686190659603,1.5671164604436068,0.2458285722606434,0.36097931057869703,1.3741100099552304,0.4092150208408629,0.39178276514885757,1.0986877501858616,0.4318404057572562,0.27231433499068103,0.9157748303814754,0.28691077908256,0.16123020082684753,0.8593229883813569,0.2598147236483133,0.17617244560747292,0.8164092045841699,0.26823061531450143,0.19428022614274806,0.8061419088871422,0.2731005763472325,0.00569333084284348,1.3908112758288884,0.41743041957586036,-0.0770047793833394,1.1333434910628508,0.4224796079073095,0.07037532330295354,0.9700767459639084,0.2567859231177983,0.1769173732102556,0.9160037016649555,0.23806635115354208,0.17861705010340018,0.8895168457365971,0.22219800342156365,0.1375443953758503,0.8617310518490714,0.22174041939618935,1.7758620689655171
0.28473055943113795,0.8803448806784303,0.5340805283420434,0.3015455296648899,0.46071464555151753,0.622980220201844,0.302903456123095,0.05864455656495933,0.6694836057697571,0.2447050165978189,0.024699790449186652,0.49449398536360106,0.31668215929039323,0.03097031714607871,0.49099878635907984,0.2721612281835212,-0.00869985333836492,0.7549863065190564,0.06991131687157869,0.8856975213589707,0.5360521982280887,0.051610940698227775,0.4819257972045056,0.6158959509482356,0.06658113629543916,0.06208682473424908,0.663973557484217,0.06539331763423678,0.04063937979368909,0.47155194827715236,0.016196906009028688,0.024831762334180236,0.5380913019967942,0.09720727425158394,0.0030121425045876414,0.7245653346604287,0.1843311104460636,1.4634039052323033,0.4045495180558324,0.18188791949653899,1.7068202355508895,0.2782800887913618,0.17514662345789542,1.5705293841427166,0.24794456085550717,0.3617050923063943,1.3747172507578032,0.41123655570023326,0.38944006158379707,1.0989347261120395,0.4285472606715466,0.267962695424068,0.9119922172182272,0.29866931009358283,0.16638389510429408,0.8526327294549902,0.2775833525086869,0.17897618535474336,0.8105969316459299,0.27848650660244667,0.19445111074471325,0.8058926067747005,0.27156220279395454,0.005552794147768575,1.393093850936555,0.41948855984874966,-0.07154076399016544,1.1329673835641016,0.416522044243925,0.07600165802811615,0.9657315998484863,0.2637815633962942,0.18664247874688816,0.9059477822887352,0.2524726680287955,0.18996981418530856,0.8815160874126082,0.2383310099987463,0.1453951270870148,0.8526721167590507,0.22883219276855618,1.793103448275862
0.28479597359228304,0.8794231480072703,0.5355307711166447,0.3013261991182956,0.46063714017617424,0.6221690697186111,0.30296159751963636,0.05848968947141753,0.6695636634787214,0.24461881731961962,0.024446973626828888,0.49531759890364935,0.3172287014992226,0.030183960277078023,0.49269734670279497,0.2720505221720731,-0.010004085657532904,0.7568383226576818,0.07033101670449993,0.8840078876603897,0.5330086283649427,0.050935878551555125,0.4827160190502428,0.6145964093634662,0.06711208489173623,0.06296814462171182,0.6644555182794446,0.0639658320666859,0.0411173713343769,0.47189143125304067,0.016094118536103194,0.02594948256100807,0.5378397483292826,0.09803632957643786,0.003572083888760312,0.7248732176344176,0.18428604180995667,1.4651362504734804,0.40874728333447036,0.18305569973094715,1.7090691670061917,0.28681893044508444,0.17601130577898064,1.5735722433533945,0.2494418744353882,0.361945988611021,1.375410956996178,0.4127919967599575,0.38777302633030275,1.0990540897139864,0.42662763866258846,0.2625720201734758,0.9097047848735074,0.3106280599850083,0.17167257224275217,0.8482799939297551,0.2933089594774078,0.18098306361548264,0.805919143085762,0.28887398197907715,0.19520388780221837,0.8062422316370593,0.27090307010190384,0.005289065020540754,1.3948329212954895,0.42310156097700996,-0.06643414487501328,1.1318670569023683,0.41022177717426517,0.0799931329648949,0.961410936070868,0.2711380086345343,0.19475489695730527,0.897975318087306,0.264427575172657,0.1998488771780979,0.8757438191877617,0.25363684542813997,0.14897359425855738,0.8463873189410246,0.23093872892257106,1.8103448275862069
0.28517499065443763,0.8793472327079002,0.5361029639149023,0.3009822850787727,0.46100183254098676,0.6210581355073115,0.30297763161299585,0.058544542108794055,0.6695751614144065,0.24448402170008793,0.02359200578961872,0.4972155232432671,0.318273380592315,0.028662924087623394,0.49586687646339883,0.271849625527823,-0.011246703741676157,0.7586220323666181,0.07072691033878972,0.8819759595935337,0.5303821389181312,0.050195533011586926,0.4835001739471359,0.6132073461559816,0.06774972569997972,0.06351213580952052,0.6649711712765779,0.06263205892970203,0.042525791044313185,0.4714630770465333,0.015961790892734962,0.02728727132131425,0.5374978004843084,0.0986137917032181,0.004513296580225926,0.7250919958184889,0.18424303971089934,1.466516576487128,0.41312951130378106,0.18427968008171752,1.7111766990250044,0.2952747927141327,0.17682173494369668,1.5762357482352436,0.2505281512362051,0.3618710781122552,1.3762092570391495,0.414550741385309,0.38635589980823,1.0989783423617283,0.4263560268008122,0.2564587900809392,0.9090163329758151,0.32199518216948886,0.17645072351773589,0.8472045989716105,0.3045966899694544,0.18225121713521816,0.8036792730933024,0.2977213773116641,0.19576952766680322,0.8071839195078238,0.2718070466012277,0.004982779893802374,1.3962492640374093,0.42785780510714905,-0.062073982848600516,1.130374302071627,0.4041234681240007,0.08298740499488681,0.9577737527069559,0.27731385433513717,0.20047610423904605,0.8930638656135473,0.2717209716649439,0.20696594368138982,0.872997072810493,0.2652647240676975,0.14922318988545702,0.8430115647900686,0.2291624883487791,1.827586206896552
0.2855313861877686,0.8793940092619575,0.5365723812559952,0.30060815716176675,0.4613439478898456,0.6198686680131511,0.3029781311740118,0.058591354120698325,0.6695824861342571,0.24438346664675056,0.02233121006554241,0.49987304249776376,0.3197106180922909,0.026559888631321374,0.5001893157317321,0.2716677618561887,-0.01241611678602394,0.7602617498948268,0.07105340186624622,0.8800082666046374,0.5281016024154299,0.04952543925614428,0.48420959585744805,0.6119379837076083,0.0683080547753435,0.06415657233188243,0.6654642232941647,0.06165015185684625,0.04458233030713582,0.4707350225978095,0.015868918149486638,0.028726537370957882,0.5370974255847549,0.09912174259225892,0.005497043723221864,0.725437078256744,0.18427267607191972,1.4677877059418167,0.4171627319231509,0.18572185771901867,1.7131287514899345,0.30310360917806745,0.17747085468162066,1.5784843675907152,0.2514164366191846,0.36175209930019503,1.377088298765033,0.41725257708928953,0.3850887747135951,1.0986486530610198,0.4277637683005988,0.25031136417774813,0.9096966509991508,0.3324120273035597,0.18021203570857,0.84966089896251,0.3099462830972801,0.1828066229288517,0.8046808634849877,0.3041550954546741,0.19554299500340727,0.8083277042327183,0.2753708408483558,0.004765224530054621,1.3975725807296504,0.4333985258335769,-0.058380878363739674,1.1288297424911375,0.3990631005494462,0.08553141268454298,0.9553459730816646,0.2811657855061447,0.20358491130796497,0.8912705513960419,0.27385111845287247,0.21060614895154006,0.8734495286779601,0.2713887869441777,0.1475310078339514,0.8419618499146423,0.22552539673251215,1.8448275862068968
0.2858285749745444,0.8795604293398648,0.5368545541158335,0.30021209380103875,0.4616296857642765,0.6186275456124701,0.3029629097578218,0.05860664028123012,0.6695905460086218,0.24446738123833195,0.020788134422076263,0.5029731030672725,0.3213323674972579,0.02416386293397661,0.5050876888669991,0.2715048522287499,-0.013500061880189377,0.7617131230555805,0.07130739397846914,0.8781967933936784,0.5261613195302806,0.048944061049654174,0.48483518389752,0.6108202701125277,0.06876336552679145,0.06489693222993223,0.6659212506824408,0.061211124080750925,0.046541163462753214,0.4701969605784481,0.015897126971627235,0.029951360921940333,0.5367709483054344,0.0995471344140227,0.006483537018250721,0.7259319274742737,0.1843651143258983,1.4691525842936166,0.4202581283513349,0.18747128767255206,1.714987680359249,0.3097126901819594,0.17795387204254676,1.5803285545603778,0.25244240752335373,0.361799757426737,1.3780115244142221,0.4211599947065532,0.3840909935186029,1.0982584859364517,0.43044857902593703,0.2450483322460282,0.9112404453946681,0.3418039894900281,0.18279081238579406,0.854441634633617,0.3099235001319482,0.18265057424226508,0.8084347029477362,0.3085955765860528,0.19448626132721303,0.8089879518532183,0.2823376890778648,0.004727894294179298,1.3988343403669712,0.43923714731082075,-0.05505312005886333,1.127491108255689,0.3955257918060934,0.08796884419027967,0.9541320658813869,0.28290376397005423,0.20461212363523612,0.8914383144842121,0.27257701379230664,0.21124010963067943,0.8762100969476619,0.27260441287408993,0.14514698167960693,0.8418845984503451,0.2230674942651497,1.862068965517241
0.28602997179703304,0.8798434446120451,0.5368650134703268,0.29980237343034905,0.4618252457058071,0.6173616466816084,0.30293178091956285,0.05856691536449164,0.6696042494078491,0.24480895809122438,0.019129273794463025,0.506054653881403,0.32287683451367005,0.021826196831499313,0.5098759652384341,0.2713608177170858,-0.014486276113782432,0.7629317996621513,0.07148578936705811,0.876633524660636,0.5245555909361245,0.04846986215654348,0.48536783718369414,0.6098861534649199,0.06909195136328729,0.06572869354480747,0.6663288297916397,0.06139607172923922,0.04752087262784079,0.4703477216147499,0.016070720064274055,0.03068667542263791,0.5366727079101443,0.09987691933897157,0.007432988165816886,0.7266000059961667,0.18442273136240644,1.4706471960299192,0.42221002516949274,0.1893759326865649,1.7168387618475063,0.31442631810772137,0.17836813576329336,1.5818336556462183,0.25414735489132134,0.3620570173477378,1.3789601383117922,0.4258399165627068,0.3833096196493523,1.0982256519737938,0.43336471130432475,0.24142278320662228,0.9130882521264918,0.35041346214461566,0.18440525338963748,0.8590044906875806,0.30754890453992245,0.18195406735609776,0.8133774877047457,0.31271744118583944,0.19289521393376452,0.8085638506197181,0.29265629444577274,0.004885102513231606,1.3999135877763018,0.44459386411205765,-0.051915516487376856,1.1265415368399587,0.3937296057344785,0.09055207270762511,0.9534973492655514,0.28390612626367545,0.20455326348250452,0.8917941206482043,0.270731069789505,0.2104240541860205,0.8791779412166143,0.27177559798616996,0.1430009476745363,0.8409829490836532,0.2254795094425325,1.8793103448275863
0.2860989914375024,0.8802400067489222,0.5365192902953848,0.29938727448345803,0.46189682725596504,0.6160978495969052,0.30288455821437205,0.05844869414458512,0.6696285047022876,0.24535443645411842,0.017498055225279592,0.5088469750323952,0.3241357447161476,0.019843577587353715,0.5139745693221147,0.2712355793927754,-0.015362496576413092,0.7638734275278105,0.0715854907236128,0.875410445105489,0.5232787173064031,0.04812130634123909,0.4857984548323131,0.6091675818589651,0.06927010569379473,0.0666473343176457,0.6666735369719959,0.0621456429599619,0.047086334150743585,0.47177900757183366,0.016294790064260434,0.030882144565873793,0.5368423713406208,0.10009804953756765,0.00830560886642499,0.727464776347512,0.18430237898679191,1.472160801662821,0.42344216546211705,0.19117158089707498,1.7186938907838332,0.31714513582978,0.1787910708346802,1.5830170107103148,0.2569421816475721,0.3624402750032612,1.3799092440038205,0.43048404031219545,0.38248602459928494,1.0988311531990467,0.4352537720452089,0.2395955417210533,0.9148911781280655,0.35835373942446264,0.18542710037126275,0.8609539111345748,0.3064273029322755,0.1810263731000984,0.8177544996261249,0.31843014151905197,0.19080869571866924,0.8069127062399065,0.3056911498979863,0.0052153279306562834,1.4007194447757754,0.44869522179189575,-0.04901275575254666,1.1260104805996332,0.393738755951977,0.09346487789248356,0.95257474770863,0.2855819840499022,0.20432594501977433,0.8909312543782307,0.2706207404606999,0.20976641881639474,0.8799743795644664,0.2719864459702564,0.14155729954133184,0.8379079801623067,0.23474930268009042,1.896551724137931
0.28599904867822046,0.8807470674209196,0.5357329155669169,0.29897507539412616,0.4618106299562777,0.6148630327346996,0.30282105519738645,0.058228491395612744,0.6696682202622852,0.24605302974042365,0.015765291408147593,0.5116958149489087,0.3250778306658228,0.01834498784325684,0.5171046066714651,0.2711290583273979,-0.016116460357691546,0.7644936544658298,0.07160340073973281,0.8746195394282161,0.5223249993145573,0.04791685736816787,0.4861179359597189,0.6086965033888434,0.06927412192727751,0.06764833258958426,0.6669419485737433,0.06325286679711353,0.04544073310883875,0.4747567810536406,0.016394113784859894,0.030717900971220617,0.5371842636329924,0.10019747718027311,0.009061610820579654,0.7285497010533988,0.18391564475728667,1.4735137389791104,0.4246471637987638,0.1927084700778518,1.72051157421216,0.3188171262407024,0.17918460511674017,1.5838464747072059,0.2607223073852559,0.36279923752095566,1.3807776980512931,0.4343096380370111,0.38140577219559063,1.1000103459190964,0.4352426187308328,0.2389943452951927,0.9164755122679178,0.36496484385445305,0.18613779037191103,0.8591600362079399,0.30849751073827464,0.18008558278526282,0.8202226925254078,0.32659040458416067,0.18798065321890506,0.80436501955261,0.3204163909247536,0.0057047953239226235,1.4012342277808172,0.4513833264908425,-0.04643837708647794,1.1257234620603316,0.3951162747021756,0.09671383698113753,0.9507366338856656,0.28851170566570883,0.20443630380088718,0.8882309518654221,0.2731786962781929,0.20991339753375177,0.8772848823129307,0.2746669975293845,0.1406460175907176,0.8323578856524444,0.2497342405587878,1.913793103448276
0.28569355830145515,0.8813615782984606,0.5344214202608326,0.29857405459611364,0.4615328533482727,0.6136840744713311,0.3027410854237431,0.057882821891676324,0.6697283044581904,0.24696566469651482,0.013762491796071263,0.5148565170783408,0.3257945201083837,0.017352800992106225,0.5191784278352289,0.2710411755925324,-0.016735904547228213,0.7647481282894805,0.0715364221070178,0.8743527923287967,0.521688737634029,0.04787497900175671,0.48631717968225446,0.6085048661487351,0.06908029347269935,0.06872716640176095,0.6671206409471159,0.06440763938100456,0.04323589733333162,0.47850544448810234,0.01624693031422998,0.030417470278633937,0.5375862008995204,0.10016215443755004,0.009661205728785718,0.7298782426389159,0.183287741784037,1.4745606022090465,0.42630279393575427,0.19398173387017997,1.7221659833714347,0.3207803329578749,0.17947134211321877,1.5843535721444622,0.26494721547642025,0.36296664641543874,1.3814661222897289,0.43680722320209636,0.37991500327819727,1.1015237434548855,0.43283245788532926,0.23865252190671488,0.9177150420924263,0.3689210325873593,0.18654765751049207,0.8533478600499667,0.31401065908127335,0.1791208795875774,0.8198133630737853,0.3367172204486098,0.18454036355468376,0.801431928164627,0.3349345563799539,0.006327315626393389,1.401445547441713,0.4533142694157059,-0.044089595069889194,1.1253732735091428,0.39725228527388423,0.10005397425973492,0.9477044025265227,0.2923969593906206,0.20492032581241598,0.883762258175246,0.2779107565240972,0.21053061291457248,0.8712410603466855,0.27952663381605125,0.13978932606497207,0.8250313522570699,0.2674847185655651,1.9310344827586208
0.2851459350894745,0.8820804910519687,0.5325003353530416,0.298192490523181,0.46102969697347773,0.6125878531831391,0.3026444624485791,0.05738820040687827,0.6698136656603513,0.24822920694632297,0.011361187984750505,0.5182559300917384,0.3260955034030137,0.01712850122233168,0.5196433922592144,0.2709718522597579,-0.017208566234632853,0.7645924968120345,0.07138145751706738,0.8747021885072093,0.5213642329382588,0.04801413500643249,0.486387085116262,0.6086246182328203,0.06866491373902397,0.06987931379531309,0.6671961904423478,0.06538657208575098,0.040949666315025286,0.4818242809995559,0.015971093280390536,0.029927764468699304,0.5381093039873931,0.0999790334798606,0.010064605291547808,0.7314738636291526,0.18249311766546186,1.475243509284885,0.42859301113631215,0.19508778205775296,1.723453819711502,0.3234277073637171,0.17958944912013616,1.5846214283987698,0.26944846597655187,0.36290611416700613,1.3819760086060353,0.43768534059205466,0.3778412763385703,1.1032892374894006,0.4274948995542548,0.2380975138208238,0.9187636852698602,0.36961732123513585,0.18697733345648582,0.8430724215303892,0.32339473632946364,0.1782306376006807,0.8156173982350234,0.34890109295537836,0.18127077286877435,0.7984060698209258,0.3477561585177263,0.006991374078748738,1.4012359960257375,0.4551629918025361,-0.0414451930922009,1.124881946947794,0.40002485296514234,0.10332239495146807,0.9432163286183762,0.29698741857235783,0.20563010725489062,0.8780712004629836,0.2840027931020134,0.2111101862845568,0.862416771873634,0.2861088719941899,0.13874745077239775,0.8169472266562375,0.2859008517579021,1.9482758620689653
0.2843195938245464,0.8829007573518675,0.5298851918194538,0.2978386616090884,0.46026736037342014,0.6116012472464631,0.30253099982703147,0.056721141715320375,0.6699292122391163,0.2498145467293305,0.009496060356758998,0.5200512134782523,0.32656622442211003,0.01705313022036431,0.519775721356601,0.27092100940065356,-0.01752218250951566,0.7639824078467631,0.07113540966148121,0.8757597126634329,0.5213457859006886,0.04835278914662208,0.486318551378084,0.6090877077352791,0.0680042761352151,0.07110025281137825,0.6671551734096729,0.06590490408565958,0.039467579701224324,0.4833543110930348,0.015444624762702348,0.029530064594028287,0.5385631197215004,0.09963506647766693,0.01023202120937055,0.7333600265491973,0.18168275787761276,1.4755949191859212,0.43100345815583213,0.19582084279305967,1.724239168153285,0.32701023951470026,0.17961916161848857,1.5849072092085112,0.27313408560295255,0.36252498851852627,1.3822883091732914,0.43780928581981254,0.3750234633057093,1.105137223575626,0.4204042994780126,0.23713294498118137,0.9196287864173782,0.36632645963745114,0.1860528636947744,0.8301281716585223,0.3348464113285045,0.17684310772753278,0.8090108956135582,0.36013271010522924,0.17873020503394127,0.7958126711468331,0.355118977306335,0.007719444755607442,1.4009004475208633,0.4572397908190802,-0.03877739747860951,1.123820175450112,0.40391552491631816,0.10602503901615773,0.937982148629576,0.3010730396270296,0.20622959907911725,0.8715764490973491,0.2899044728624125,0.21125774905561645,0.8525026526958058,0.2923490925282024,0.1379728886155533,0.8089745963713897,0.30240060130335633,1.9655172413793105
0.2831779492889388,0.8838193288685803,0.5264915206359781,0.2975208462875964,0.45921204308962765,0.6107511350376422,0.30240051111423727,0.05585816059110506,0.6700798525648337,0.25175214908228205,0.00857571374762719,0.5193442567247281,0.3274362082485515,0.01692722023362227,0.5199799277643428,0.2708885680867985,-0.017664490461486604,0.7628735092069377,0.07079518123185893,0.8776173494974464,0.5216276971947591,0.04890940518675238,0.48610247758406294,0.6099260827502918,0.06707467407023646,0.07238546149109419,0.6669841661993253,0.06572052094751508,0.0394071376465679,0.4820894988716693,0.014615686242162999,0.029382991060826265,0.5388549830032355,0.09911720560143113,0.01012366518275833,0.7355601939241396,0.18094558903691008,1.475592969807917,0.4334140345277537,0.1960918534693585,1.7243876279496637,0.33196166721510845,0.1795760604156773,1.5853657121780893,0.27538472104290623,0.3617403292676593,1.3823778428393643,0.4373982919646413,0.3712946141781377,1.1069453204269308,0.4118320448348189,0.23543985269519563,0.9203023265192075,0.35836244186249544,0.18320425837851465,0.8150620075234573,0.3479046606184554,0.17472315175123002,0.8001771557181434,0.36906577584876044,0.17739667245604193,0.7940441518764895,0.3545031818779487,0.008499852052447037,1.400549983859521,0.4598935252213691,-0.03607584266610872,1.1219232567905555,0.4090415443519005,0.10786299701818824,0.9321779075463792,0.3040539663558756,0.2066076664043273,0.8645101101683972,0.29476941179193406,0.21072280440242527,0.8423046304100633,0.2972901016419071,0.13761118792415497,0.8017808124245237,0.31489910125996,1.9827586206896552
0.28168441626491963,0.8848331572725304,0.5222348527785244,0.29724732299246526,0.4578299446636277,0.610064394933016,0.30225280986533354,0.05477577180833409,0.6702704950078517,0.2540724790419227,0.009008752992883066,0.5152369493180122,0.32893497996521753,0.016551303509519943,0.5206605241193939,0.27087444938977184,-0.01762322718015611,0.7612214487058302,0.07035767491980016,0.8803670837092289,0.5222042674939119,0.04970244689125025,0.48572976285054126,0.6111716913720384,0.06585240095305175,0.07373041787559807,0.6666697451615391,0.06459130823810236,0.04138584030569183,0.47702380843859077,0.013432439199770116,0.02964516427529594,0.5388922287339929,0.09841240302161536,0.009699748912216227,0.7380978282790681,0.18037053775977446,1.4752157990466348,0.4357046397855172,0.1958117514799083,1.7237647983535171,0.3387157282692265,0.1794757263191042,1.5861517349119059,0.2755810189836975,0.36046919621206625,1.3822194284521214,0.4366715921058133,0.3664877789543796,1.1085911467566831,0.4020495228028906,0.23269927427027512,0.9207762865595746,0.3450392619784598,0.17786152766086383,0.7984208262142843,0.3621084607393763,0.17163563145486926,0.7892994790575313,0.3743539941365708,0.17774818754093416,0.7934929317440348,0.3433889413647371,0.009320920364745074,1.4002956869741412,0.46347305376543463,-0.03333016309169231,1.1189264887435815,0.4155201544963793,0.1085373595219442,0.9259796503550434,0.30533034256013647,0.2066531743497526,0.8571042897661819,0.2977512258772178,0.20925485549965772,0.8326286326132669,0.2999747055591224,0.13780789702791937,0.7960332258376355,0.32131148568574563,2.0
0.2798024095347569,0.8859391942341418,0.5170307192230024,0.2970263701574554,0.456087264636948,0.6095679053089237,0.3020877096354574,0.05345049014110993,0.6705060479385185,0.2568060016449976,0.01120378292805394,0.5068311807449516,0.3312920646549876,0.015725912295472575,0.5222220230587096,0.27087857438115265,-0.01738612975513415,0.758981874156712,0.06981979341690453,0.8841008999987592,0.5230697974715882,0.05075037802454258,0.4851913062938615,0.6128564816946993,0.06431375019262472,0.07513060000602785,0.6661984866465485,0.06227515152420627,0.04602118783323193,0.46715120389693054,0.011843045116521327,0.030475204643639776,0.538582191815167,0.09750761090868174,0.008920484098248638,0.7409963921390721,0.18004653066262674,1.4744415447978367,0.4377551734625632,0.19489147421796793,1.7222362786177245,0.34770616048133923,0.17933374013617104,1.5874200750143634,0.27310362611261096,0.3586286491494083,1.3817878848594292,0.43584841932260093,0.36043600763295913,1.1099523212782512,0.39132812056044447,0.22859224701382835,0.9210426475227057,0.3256709140535354,0.16945468169497915,0.7807515248200934,0.37699678823132743,0.1673454086215473,0.7765611661404744,0.374651068919259,0.18026276269447572,0.7945514304836084,0.3192564248988698,0.010170974087979106,1.400248638797154,0.4683272352073085,-0.030529993192354058,1.1145651690836484,0.4234685985742444,0.10774921709181014,0.9195634220418254,0.3043023120410524,0.20625498803462525,0.8495910939807566,0.2980035311049037,0.2066034055219882,0.8242805869022771,0.2994457105036668,0.13870856425656308,0.7923991876327207,0.31955288863874576,2.0172413793103448
