RHip_x,RHip_y,RHip_z,RKnee_x,RKnee_y,RKnee_z,RAnkle_x,RAnkle_y,RAnkle_z,RBigToe_x,RBigToe_y,RBigToe_z,RSmallToe_x,RSmallToe_y,RSmallToe_z,RHeel_x,RHeel_y,RHeel_z,LHip_x,LHip_y,LHip_z,LKnee_x,LKnee_y,LKnee_z,LAnkle_x,LAnkle_y,LAnkle_z,LBigToe_x,LBigToe_y,LBigToe_z,LSmallToe_x,LSmallToe_y,LSmallToe_z,LHeel_x,LHeel_y,LHeel_z,Neck_x,Neck_y,Neck_z,Head_x,Head_y,Head_z,Nose_x,Nose_y,Nose_z,RShoulder_x,RShoulder_y,RShoulder_z,RElbow_x,RElbow_y,RElbow_z,RWrist_x,RWrist_y,RWrist_z,RThumb_x,RThumb_y,RThumb_z,RIndex_x,RIndex_y,RIndex_z,RPinky_x,RPinky_y,RPinky_z,LShoulder_x,LShoulder_y,LShoulder_z,LElbow_x,LElbow_y,LElbow_z,LWrist_x,LWrist_y,LWrist_z,LThumb_x,LThumb_y,LThumb_z,LIndex_x,LIndex_y,LIndex_z,LPinky_x,LPinky_y,LPinky_z,Time
0.3736158181145923,0.5515854567474988,1.0115813922637589,0.3561876360587083,0.13928328026417885,0.9814493171707631,0.3705994882413929,-0.31638899568971285,1.0074208219324219,0.31751292153838967,-0.3054234954670455,0.7976055374508658,0.38660376465710183,-0.30688816218212805,0.8039300081769463,0.35271129335907253,-0.3922440039618792,1.0904426526263649,0.1739865409645716,0.5328222957086755,1.0483315252738712,0.15765877689350238,0.12770352146622288,1.0278430074620515,0.16379807807798827,-0.28953886652474187,1.0246156610288248,0.16296326246666265,-0.29241422435477143,0.8183978158081251,0.11103276662557335,-0.3115784413124041,0.8648046747801132,0.19422234788391132,-0.36739234953001826,1.0738396500413812,0.2678850583279621,1.1130116890653805,1.06448914571701,0.26617619136531545,1.3721335324775714,1.0195100669084565,0.24653620712308466,1.2499437812800833,0.9382168493218248,0.41642570881354884,1.028248792795365,1.0016366848245168,0.43389250711638755,0.7529801285641622,0.9467776828508923,0.30419790114781303,0.5962161459184248,0.8457502184629331,0.21382773290197646,0.5181267614850837,0.8853472994536771,0.2118504789528763,0.5068199375446595,0.899631560737171,0.2321468860897673,0.5126221763152574,0.8561258941465851,0.1115805351543078,1.0200735844716862,1.0582762327131134,0.09466009878485414,0.7735164513062871,0.9942928688038932,0.18696421026744017,0.5987434601463746,0.9114741105940036,0.23500039655751573,0.5415590157059038,0.8457255251959597,0.23525991590626297,0.5279179626244216,0.844706724599766,0.22517361169811814,0.5144282413007263,0.8705053421986783,0.0
0.37384860560933636,0.5541017479473489,1.006077587122931,0.35576246283054586,0.13904416795087465,0.9809838292620692,0.369320274162287,-0.31350245783980635,1.0044850578477034,0.3150597673863334,-0.30144594490547577,0.7925428806748124,0.3839633460294758,-0.3024635698787628,0.798388723601029,0.35267256817941856,-0.39177676484070423,1.0907066515886334,0.17271986357167557,0.5336237889682193,1.0496221548210163,0.1579092207679872,0.12757469016812617,1.027992484170307,0.1631644187337282,-0.28912644623072753,1.024569312346127,0.16287926588709636,-0.291094954222109,0.8191343031292359,0.11095542069346297,-0.30981410409603577,0.8662582938698918,0.19291435777127597,-0.3688393884417179,1.0732082860560046,0.2681464419927753,1.1132019052455582,1.0631437935076866,0.26825656377187673,1.3711877896744276,1.0199069511767933,0.24196219763755258,1.2513722236558351,0.9309083290738543,0.41843742782272364,1.0281414477527613,1.001951858126739,0.43286568021336075,0.7552973621518354,0.9462251200289823,0.30682049213566964,0.594061816478369,0.851120991534475,0.21500558180881077,0.5210906513145737,0.8793094431871578,0.2130648857474253,0.5090822742192401,0.8936717311533846,0.23176201231104898,0.5149287441693006,0.8559071564138314,0.1112104504107089,1.0206909586225086,1.057388311448437,0.09477633808334564,0.7726093483421006,0.9942949937369101,0.18857480001206917,0.6012743464009865,0.9053261113692805,0.23407759216663035,0.5414489693058689,0.8450798830681241,0.234028775027082,0.5290912194420387,0.8446070324458737,0.2252057400331595,0.5141141952053293,0.8715006447930634,0.0166666666666666
0.3741331250091866,0.5560112746767758,1.0015528358324035,0.3555318461537632,0.13863667509066951,0.9807726187838153,0.3682909244724078,-0.31125214891197817,1.0021323028357283,0.31355627267071856,-0.2990313137781233,0.7894663702827998,0.3823016525754553,-0.2997003743541077,0.7949055355162582,0.3526425905444136,-0.3914346849302368,1.0908965371448582,0.17151938935900696,0.5342727512777629,1.0505319022553443,0.1580789401240902,0.1274442971420539,1.0281053200431483,0.1627429747558396,-0.28882190800197627,1.0245390949976103,0.16281139596148833,-0.29009617395639437,0.8196984253635613,0.1108748486396488,-0.3088213698618038,0.8671771778520214,0.1919243839638353,-0.36998786612016576,1.0727271377447167,0.26855165067359615,1.1136832374492944,1.0609642345781827,0.2697375592424872,1.3703420241386377,1.02027007317695,0.23987256817560565,1.2517990720555232,0.9272060566928904,0.4197364285811182,1.0281648138604929,1.0021406175066994,0.43245110804098624,0.7563859929918928,0.9457600218518992,0.3083591277150752,0.5926796505883953,0.8545208678726763,0.21584180401879818,0.5230274095430597,0.8751852297395959,0.2138799512624051,0.510991146372974,0.8894956473353188,0.23153224936082736,0.5164080373694513,0.8557275312151745,0.11100438836957514,1.0210548988656059,1.0568878658176035,0.09483921176712196,0.7722833634689963,0.9942458085678774,0.18952657608725906,0.6030105611133258,0.9011235146895513,0.233990400707132,0.5411710608536733,0.8447436962944967,0.2337998219668974,0.5292973146866444,0.8445249454350894,0.2253649049951205,0.5145763252782743,0.8706814624250276,0.0333333333333333
0.3744633670404457,0.5573676781837144,0.9979319385157492,0.35548158556718207,0.13807942536814333,0.9807945780919642,0.36749265981767754,-0.30958536031979594,1.0003149563008982,0.31280985421506824,-0.29786108965988356,0.78797116118634,0.38142881986188953,-0.2982735203348965,0.7930803335801491,0.3526206376246917,-0.3912069474527938,1.0910189450645575,0.17039053687326264,0.53478295043937,1.051090214221313,0.15817902643864665,0.12731271007521938,1.0281859077146747,0.16251293203523312,-0.2886148025108516,1.0245238672145176,0.1627582648868877,-0.2893764580093595,0.8201129696839253,0.110801220409985,-0.30840811585329514,0.8676636920610767,0.1912255366144861,-0.3708627931471452,1.0723838765259939,0.2690499098473052,1.1143237860217254,1.0582682857879617,0.27071347246805333,1.3696289753379367,1.0205880367006908,0.23971901352163336,1.2514582138628059,0.9263530122465617,0.4204594946914334,1.0282487880856073,1.0022230918451012,0.4325361402969599,0.7565206844180682,0.9453783992029707,0.3090690070104387,0.5919186935718834,0.856337747314246,0.21638270745173555,0.5241326798516442,0.8726449921655266,0.21436368741794606,0.51254034251875,0.8867939321643111,0.23142726289654517,0.5172169321114103,0.8555849004620202,0.11095476550979808,1.0212026233904665,1.0567751073498002,0.09485823062261399,0.7723981620171332,0.9941642984637443,0.18996831277179224,0.6040775365492919,0.8985600963211382,0.23452360570674335,0.5407612251578544,0.8446559853212737,0.23432317285769302,0.5287974714882254,0.8444711177937553,0.22564638678948862,0.5155941959325545,0.8685505967418016,0.05
0.3748333224294163,0.5582245997160988,0.9951396952965417,0.35559748060962443,0.1373910424678761,0.9810285995424793,0.3669067008440186,-0.30844938347682804,0.9989854176476156,0.31262792884290536,-0.2976167601256524,0.7876524082969452,0.38115498345562776,-0.29785795254786357,0.7925130074502161,0.3526059865908868,-0.39108273563069135,1.0910805111172472,0.16933872466113953,0.5351681542551041,1.0513265373633804,0.15822057118849153,0.12718029665483582,1.0282386398189851,0.16245347646281932,-0.28849468042971654,1.0245224872280916,0.16271848486034357,-0.288894380832737,0.8204007232631519,0.11074470595032564,-0.3083822193140964,0.8678202018316329,0.19079092587612517,-0.37148918010443904,1.0721661738183117,0.26959044499078294,1.1149916513079878,1.0553737639964877,0.2712785981394815,1.3690813827400574,1.0208494455397794,0.24095322846002531,1.2505835364613405,0.9275921758024975,0.42074340975637037,1.0283232673951521,1.0022194100226476,0.4330081266789776,0.7559760997640963,0.9450762629655234,0.30920532914616944,0.5916279907522125,0.8569595296958923,0.21667460002741964,0.5246021059214296,0.8713590635194858,0.2145841061341785,0.513723651169457,0.8852572085216992,0.2314167185756451,0.5175123045908786,0.8554771460657729,0.11105399831026926,1.0211713503865785,1.0570502475742125,0.09484290543625266,0.77281340931667,0.994069448591461,0.19004878434445102,0.6046007049747837,0.8973296320303632,0.23546199069318702,0.54025539702695,0.8447557705946516,0.23534894383145277,0.5278529129767688,0.8444562037482135,0.2260454656217513,0.5169473715811627,0.8656108493906159,0.0666666666666666
0.37523698190240107,0.5586356805218642,0.9931009062983538,0.35586533081991206,0.13659015007444747,0.9814535754913234,0.3665142681973534,-0.3077915097966432,0.9980960862802827,0.3128179133777535,-0.29797981275032903,0.7881052665261276,0.3812902789235202,-0.2981286157197468,0.792803446783975,0.3525979146136331,-0.39105123268624625,1.0910878710724454,0.1683693712693345,0.5354421305270289,1.0512703183260041,0.15821466585046,0.12704742456811663,1.0282679089901778,0.16254379392950885,-0.2884510924309343,1.0245338132695756,0.16269066807890553,-0.28860851687826267,0.820584473274066,0.11071547520652508,-0.3085515574877984,0.867749072498265,0.19059366190164923,-0.37189203757383066,1.0720617010401465,0.27012248158091046,1.1155549336532178,1.0525984860632258,0.27152723094767883,1.3687319858127343,1.0210429034859811,0.24302690777517166,1.249408927234785,0.930166527428328,0.420724957378631,1.0283181487561732,1.0021497009200424,0.4337544168847361,0.7550269023637095,0.9448496240228856,0.3090232932466771,0.5916565874527603,0.8567741148543249,0.21676378966564788,0.5246313314335165,0.87099777685601,0.21460921933123323,0.5145348608379816,0.8845760992888221,0.2314702820555704,0.5174510310035549,0.8554021499378387,0.11129450324988047,1.0209982980434302,1.0577134980200293,0.09480274699446908,0.7733887706977649,0.9939802441179781,0.18991676508401828,0.6047054986556994,0.8971258975835497,0.23659033919418632,0.5396895112694954,0.8449820725608277,0.23662725102016086,0.5267248622822592,0.8444908575248071,0.2265574216973965,0.5184154166370901,0.8623650220187026,0.0833333333333333
0.3756683361857026,0.5586545618489449,0.9917403716447588,0.35627093573686686,0.1356953718724373,0.9820483982944596,0.36629658252360425,-0.3075590306928091,0.9975993616033018,0.3131197812863104,-0.2985267108970913,0.788792305248168,0.38156923376538576,-0.29864965003874155,0.7934235171389822,0.3525956988635645,-0.39110162184177455,1.0910476606996689,0.1674878952445444,0.5356186470572082,1.0509510037536425,0.1581724019013872,0.12691446150227514,1.0282781078623522,0.1627630703262123,-0.2884735891868687,1.024556703570212,0.1626762723257299,-0.2884626800092053,0.8206777152880989,0.11074438684251314,-0.3086058739751293,0.8675906097113829,0.1906068548439551,-0.3720963761371033,1.0720581296099734,0.2705727253564437,1.115682239021734,1.0505140699980764,0.27161289456625304,1.368681942798063,1.0211261995094034,0.24505807407756336,1.2483509941969768,0.9328429361441131,0.42059972433506154,1.0280168049187908,1.002035971328954,0.4346051943531011,0.7540836929853731,0.9446984270823393,0.30893378391645665,0.5918148552291305,0.8563265027817777,0.21668316567305623,0.5245122877925172,0.8710421416492978,0.21457024795863677,0.5147466398785283,0.884173597417516,0.23154739940261196,0.5172461762015375,0.8553734700072404,0.11167565777703191,1.0207497027327337,1.0589230978016166,0.09472260089809285,0.7739701381775048,0.9939260251417548,0.1897305594048566,0.6046095455226516,0.8974091049938717,0.2375645616682409,0.5391067618439814,0.8452728347753423,0.23778963709410295,0.525981946143139,0.8446994032507864,0.22718392091744538,0.5195576522824127,0.8598065773788777,0.1
0.3761213760056236,0.5583348849452752,0.9909828914593302,0.3568000948993106,0.1347253315464257,0.982791960307851,0.36623486446869363,-0.30769923757889406,0.9974476430210751,0.31330987221316925,-0.29886906386461604,0.789220099990772,0.38180455741650143,-0.29905434871648323,0.7939068384290907,0.3525986165113151,-0.39122308631959307,1.0909665157684347,0.16669971513346615,0.5357114716477056,1.0503980402907531,0.1581048708181082,0.1267817751445247,1.0282736290696068,0.16309049154384023,-0.2885517213698826,1.024590016361244,0.16266891245195536,-0.28843613847429184,0.8207365095082696,0.11083292714079834,-0.30834009933150075,0.867450278854913,0.19080361485593952,-0.37212720637604,1.0721431309462692,0.2708845921719985,1.115392524103172,1.0493627591524395,0.2715323471038572,1.3689366652578268,1.0211144913297632,0.2466973976851224,1.2474634619415585,0.9352382397885585,0.4204967557238761,1.0274879761505002,1.0018786212466235,0.43548794264958335,0.7534163954712534,0.9446196376686776,0.3091819788731001,0.5919247748803602,0.8560285293598917,0.21647063606913763,0.5243887421937609,0.8714123990612151,0.2144380315120243,0.514580644698585,0.884109683280978,0.2316178955857333,0.5170665870786297,0.8553573273401202,0.1121520545538006,1.0204481110801384,1.0605364821542302,0.09465049446895749,0.7742769554947745,0.9939442452851359,0.18973039461937202,0.6043648992672572,0.8980741625484074,0.23826606366874764,0.5385110771145557,0.8455336900886847,0.2386037604682924,0.5256557844343628,0.8449301403568183,0.22798801625068105,0.520379196283032,0.8579272819226347,0.1166666666666666
0.3765900920884668,0.55773029105879,0.9907532658656408,0.35743860784606524,0.13369865278099202,0.9836631538874603,0.36631033467854374,-0.3081594218684667,0.997593329938005,0.3132824218876752,-0.2988497027937794,0.7891877207210162,0.3818915768560741,-0.2991687617317158,0.7940423830321105,0.35260594472751894,-0.39140480934201827,1.0908510720482603,0.16601024948279663,0.5357343721005845,1.0496408745817938,0.15802316407745814,0.1266497331820784,1.028258865246041,0.1635052434733033,-0.2886750396523392,1.024632609873914,0.16266613350785702,-0.2884923359675313,0.8207653846620514,0.11097460875514101,-0.30768347705708976,0.8673848523411648,0.19115705209049927,-0.3720095388724237,1.0723043764675093,0.271022261763729,1.1147562773040216,1.049173783804326,0.27141060719102283,1.3694676697179766,1.021019637683728,0.2476564733265771,1.2468968597111278,0.9368831510595608,0.4204318089175917,1.0268204120700377,1.0016245432769177,0.4363120357606447,0.7531212309037317,0.9446015556655035,0.3098382907344984,0.5918971133765493,0.8560637246169951,0.21627796701108098,0.5244990287827879,0.8716241689976303,0.21427950839909787,0.5143326685434377,0.884094382539942,0.2316592079385924,0.5169948681867319,0.8553576226507273,0.11274453411433774,1.0200993088941372,1.0624228043742177,0.09461808182619375,0.7743071222269635,0.994015936309949,0.1900704392550535,0.6039568363115547,0.8991681076580667,0.23847582908061354,0.5380111629291588,0.8456952755736769,0.23890517741137282,0.525752532458926,0.845112677220105,0.22889838955780062,0.5207678818670975,0.857006140302466,0.1333333333333333
0.3770684751605347,0.5568944214374236,0.9909762949872643,0.35817227411595254,0.13263395926071653,0.9846408713892509,0.36650421379907705,-0.3088868749750946,0.9979888217584932,0.3131060286765263,-0.2985945425500421,0.7888515310465063,0.3818706943977077,-0.29908028670041154,0.7939491870230154,0.35261696068281007,-0.3916359741313665,1.0907079653086627,0.16542491683923272,0.5357011162179088,1.0487089532712224,0.15793837315627215,0.12651870330214987,1.0282382090257527,0.1639865120055121,-0.28883309470660234,1.024683342339465,0.16266483703967533,-0.2885801991466974,0.820769051267549,0.11114793666541074,-0.30676021370733086,0.8673776812385803,0.19164027670053116,-0.37176838420803776,1.0725295375921697,0.27100843260935437,1.1139489706546928,1.0495670571246105,0.2713209148742034,1.3701714784572017,1.0208735253106573,0.24800238558311746,1.2466820267120646,0.9376895268519146,0.42032810388246106,1.0261145583154334,1.001259509042751,0.4370600429443283,0.7530679143033304,0.9446370312239107,0.3107574219708866,0.5917205489527213,0.8562977627521388,0.216189906482266,0.5248694064957748,0.8714315155840321,0.21414227087249643,0.514148619308322,0.8839992332859432,0.23166915867145968,0.5169948066029576,0.8553838472297999,0.11356055622553045,1.019674902083077,1.0645294125718556,0.09464099079390631,0.7742240220399155,0.9940983178542636,0.19072512100367023,0.6033300890822432,0.9007992753813058,0.23812498150210393,0.5376791290627146,0.8457331474803573,0.23869424529226854,0.5261104146723588,0.8452298389877557,0.22981521490359597,0.5207330258974183,0.8570390419074523,0.15
0.37755051594813005,0.5558809173291107,0.9915767789477733,0.35898689324779437,0.13154987467017887,0.9857040051691857,0.36679772247621595,-0.3098288883123467,0.9985865178869426,0.31289084344476903,-0.2982710742927811,0.7884152651577744,0.38181659468032647,-0.29891816394576654,0.7937907099799779,0.3526309415478225,-0.3919057639099543,1.0905438313191587,0.16494913574947132,0.5356254718017419,1.0476317230034968,0.15786158953138532,0.1263890531919521,1.0282160530428417,0.16451348303137717,-0.28901543720503486,1.02474107198914,0.16266077980354632,-0.2886435858191884,0.8207760699765383,0.11131142489840032,-0.30581145874013366,0.8674007585810231,0.1922263988389319,-0.3714287529646656,1.0728062857387264,0.27091733961124087,1.1131774149797347,1.0500236309588633,0.27126644956325885,1.3709100840578565,1.0207256223528443,0.24794520940524062,1.2467276334193669,0.9377866183027177,0.42022857446333217,1.0254225716581076,1.0009974806150748,0.43771406412386027,0.7531018053161986,0.9447167838117083,0.31175384605650314,0.5914158524943551,0.8565596538562754,0.21616915836044692,0.5252873641755771,0.8710717323135414,0.21403609889624509,0.5140269429043288,0.8839032314014905,0.23165453790336277,0.5170178429088039,0.8554262979252507,0.11467574927857954,1.0191548861573374,1.066813207867024,0.09471120859388743,0.7741426251805941,0.9941632818456846,0.1915922137959039,0.6024849967270013,0.9029361664093677,0.23731280115439302,0.537525405468926,0.8456477154018427,0.23805690839529836,0.5265260667713885,0.8452702452182879,0.23068392799705792,0.5204398653427583,0.8576600365832158,0.1666666666666666
0.3780302051775555,0.5547434199817859,0.9924795178707415,0.3598682647804126,0.13046502269395904,0.9868314475832276,0.3671720813558827,-0.3109327532937908,0.999338817727755,0.31270674971249174,-0.29796763434964363,0.7879895633711193,0.38177209859522476,-0.2987538270163243,0.7936367401650996,0.3526471644931903,-0.39220336190009825,1.090365305849266,0.16458832476020924,0.5355212066541479,1.0464386304230753,0.15780390467963276,0.12626115053869852,1.0281967899314064,0.1650653424418092,-0.28921161782000027,1.0248046570541818,0.16265439366478207,-0.28865076989522215,0.8208088698708431,0.11141138550208712,-0.30511420491316593,0.8674344721067812,0.1928885286585983,-0.3710156557240898,1.073122292325655,0.27086392962128786,1.1125971837181827,1.050275067326534,0.2712292411410575,1.3715783740786924,1.0206127758064159,0.24772062349174756,1.2468749381706186,0.9374858884316861,0.4203754632653678,1.0247523756583856,1.0012554367040911,0.4381702410692171,0.7531356098509463,0.9448071775539673,0.31267393136299704,0.5910779139862381,0.856783308743298,0.21611028381847747,0.5254428617163613,0.8710782339787975,0.21395555749112552,0.5139803566791865,0.8839358834771773,0.2316259370244706,0.517043816941954,0.8554610861168159,0.11607060323550719,1.0185138812412318,1.0692145233910555,0.09480330250769403,0.774076458586892,0.9942029416429208,0.192572400460586,0.6014946121468484,0.9054075645519939,0.23627795580834482,0.5375314059447301,0.8454688141386948,0.23716732099022297,0.5268162148095157,0.8451815852891214,0.23147492639827988,0.5201217768054449,0.8583548530922328,0.1833333333333333
0.3785015335751129,0.5535355706433851,0.9936093118797409,0.3608021882526285,0.12939802701663888,0.9880020909873387,0.36760851108399906,-0.3121457613329915,1.000198120685332,0.31257019021085564,-0.29769327205932455,0.7876160387007702,0.38173583930092314,-0.29860939255160807,0.7934845496863405,0.3526649066895469,-0.39251795132411094,1.0901790246685004,0.1643479024181432,0.5354020885771915,1.0451591221744139,0.15777641007784937,0.12613536302960465,1.0281848123255446,0.16562127612771843,-0.2894111872238584,1.0248729557658325,0.1626514616785167,-0.288602023992566,0.8208585070586915,0.11140746384116476,-0.3048702720494484,0.8674630866112837,0.19359977631242672,-0.37055410306809106,1.0734652287714306,0.27098019033994675,1.1122824863324752,1.0503542431735204,0.2712025734532475,1.3721185247941914,1.0205465499667514,0.24756644389031626,1.2470008802170738,0.9371651278648481,0.4210450496780763,1.024118086211014,1.0023402520388158,0.4382737866521683,0.7531532736949851,0.9448381586707804,0.31339108147661776,0.5908204619912711,0.8569762264089609,0.21592282008618033,0.5251426003987161,0.8718212056651513,0.21389976780078987,0.5140937203846201,0.8841358899192728,0.2315958504849308,0.5170704878934991,0.8554702102636618,0.11766734042333561,1.0177722125228832,1.0717057704162942,0.09489726736900463,0.7740054919360342,0.9942178653921567,0.19354970687834158,0.6005060398510924,0.9078815496793657,0.23530164492227013,0.5376415758683412,0.8452557481677172,0.2362346939820076,0.526827439146749,0.8448790610822472,0.23212226561497806,0.5199251210586409,0.8588093071853039,0.2
0.3786044701285333,0.5524971844647786,0.9940790452382764,0.36192793865224676,0.12825879517416833,0.9894336345971704,0.3678153382406968,-0.31298342475892027,1.0006880099736297,0.31247458957887847,-0.2974273511968941,0.7873272724588576,0.3816912155428133,-0.29849086704391886,0.7933260223452914,0.3526700778181592,-0.39269102563801267,1.090077429496347,0.16427852393702408,0.5352059454952809,1.0439998494825478,0.1579074151948509,0.12614916054928893,1.0282323418626758,0.16611669062882212,-0.2895162256751459,1.0249702469207185,0.1626583165103132,-0.28856120969949434,0.8208673540386173,0.11129097971823482,-0.30514287075377394,0.8674770607146005,0.19431967638375391,-0.3703260148286172,1.0738576991135307,0.27135049083653523,1.1122201452028937,1.050379916134242,0.27119153696963955,1.3725130476293224,1.0205258567168165,0.24766947117249782,1.2470687529879327,0.9370439757620962,0.42233225605282,1.0235332903246508,1.004223420956672,0.4379343655273127,0.7531922657974015,0.944715943680502,0.31380912968407815,0.5906504806035042,0.857133880915826,0.21559658300614265,0.5243614198035413,0.8733400554181965,0.21388272108142137,0.5143774594904565,0.8844333199509741,0.23157522531969776,0.5170971948213579,0.8554511135432359,0.11933280762254211,1.017060652466181,1.0741955771985336,0.09498299946909894,0.7739262095775432,0.994213221301942,0.1943238061089546,0.5997501115950212,0.9097942855386865,0.23458881704074303,0.5377791311336919,0.8450853297275016,0.2354332811635066,0.5264783431405625,0.844370912287205,0.23253222124681544,0.5198640177115177,0.8589882664583025,0.2166666666666666
0.3789677885403609,0.5513339840775205,0.99519723958743,0.3629104584128691,0.12746804369446252,0.9904701140310873,0.36816467408620884,-0.3139523981241369,1.0013532441217305,0.3124255287738709,-0.29718941618619377,0.7871668742489619,0.3816392882903269,-0.29840646450456615,0.7931767306432314,0.3526839194390111,-0.3929642080418686,1.0899231435322738,0.16439779746100205,0.5351175472302445,1.0428205687884289,0.1580969375646605,0.12612057953805567,1.0282523347656725,0.1665438475759345,-0.2896585699041494,1.0250369347523691,0.162674189234715,-0.28865408477918514,0.8207588482552879,0.11108930058838076,-0.30585258944248234,0.867477680739075,0.1950060620624215,-0.3700117096887734,1.0742224541000331,0.2719697150152266,1.1123052959540698,1.050423763027227,0.27120118441486946,1.3727632331344863,1.0205403293917314,0.24809520592682888,1.2470939896403836,0.9371231261109612,0.42411348665385507,1.0229579107830449,1.006616686786404,0.43718386449867525,0.7532800542667399,0.9444166278005788,0.3139125916153693,0.590468313635887,0.8572140928565966,0.21522248444538528,0.5231173380399968,0.8756003509043789,0.2139302699799986,0.51463355715311,0.8847214944095065,0.23156945065539042,0.5171186250636862,0.8554089964979266,0.12090607847845958,1.0165415826056008,1.076543661670985,0.0950465768635134,0.7738577879164452,0.9941985058211692,0.1946358680638314,0.5994752137901902,0.910505369702909,0.23422495485216127,0.5378918008391627,0.8450136805135867,0.2349306118582549,0.5258111034845396,0.8439270225866895,0.2326634572148468,0.5198823286662703,0.8589720243808071,0.2333333333333333
0.37953622592810243,0.5501879528548447,0.9966983466837152,0.3637996951281029,0.12688341247746682,0.9912668249881014,0.3686734002052586,-0.31503331160395087,1.0021838646118286,0.3124348253995634,-0.29708715499600724,0.7871411091864736,0.38159439224087155,-0.2983638637860498,0.7930591261003833,0.3527038249272777,-0.39328318048091454,1.0897477482852795,0.16473653047441458,0.535118357346128,1.0416425836830088,0.1583130004936374,0.1260588424314596,1.0281661966859164,0.16687232823071083,-0.28980469831113104,1.0250883605901984,0.16268463072617756,-0.2889836065153842,0.8205121240178068,0.11086175638341438,-0.3067901711931461,0.8674727372576676,0.1956117130356627,-0.3696706413047605,1.074535565583134,0.272765164301985,1.1124018413659817,1.0505064163445919,0.2712220083164772,1.3728286203119935,1.0205674581922441,0.2487901345081896,1.2470972083916574,0.9373112278792671,0.4261484079705036,1.0223406185399366,1.009163869866499,0.43619637614238305,0.7533574739336892,0.9441534446452753,0.31380919536744595,0.590188342892755,0.8571778455390467,0.21493883113054274,0.5214453699966247,0.878645786932327,0.21404736317965734,0.5146208183049976,0.8849306357500277,0.23157800762832254,0.5171287446975906,0.8553478249889472,0.12227483543378859,1.0163105951154037,1.078746980206124,0.09507221329650652,0.7738243510070641,0.9941816783118154,0.1943297621032594,0.5997822172619872,0.9097413175939641,0.23417766315435237,0.5379686281877262,0.8450333835779262,0.23488043353021237,0.5249692962441955,0.8440009689775098,0.23257738138652612,0.519910144512387,0.8588365529042781,0.25
0.3801525347535737,0.5492527620933791,0.998121274528216,0.36470177353736877,0.1263017158287547,0.992089559411845,0.36929189307510785,-0.31614565888459994,1.003086232676316,0.31249238416588376,-0.29727643987726377,0.7871779963006121,0.3815619634035974,-0.29835734127275454,0.7929784534571152,0.3527246146692009,-0.39357279333813766,1.089595983826238,0.16527962435035035,0.5351597214384525,1.0404618258059408,0.1585516365380293,0.12599390965167623,1.0279787699486227,0.1670967488629648,-0.289910749200072,1.0251474753371197,0.16267415234980287,-0.2895557245683915,0.8201741781991876,0.11067591398840884,-0.30769731603892675,0.8674736959066737,0.196111161923199,-0.36938927736100463,1.0747895103578964,0.27363015868673585,1.1124383113204555,1.0506200072640075,0.2712216013374404,1.3726038814118497,1.0205850495311217,0.2496398741169931,1.2470869758608578,0.9375430480981009,0.4281657258416147,1.021744740438771,1.0115464452002598,0.4352496882782065,0.7532933023307627,0.9443507085357947,0.313666973818146,0.5898059704006717,0.857032589946512,0.21485325810480008,0.519498709901046,0.882411621886086,0.21419580957719428,0.5143162386577007,0.8850887531968483,0.23159675498807042,0.517126606310867,0.8552726816640378,0.12338218190120406,1.0164007888858149,1.080889604159808,0.09505576484765313,0.7738348426309684,0.9941624861311936,0.1934816439444601,0.6005449425677968,0.9078290988807107,0.23430806909769475,0.5380295835183816,0.8450850692387009,0.23531671257443598,0.524099001654558,0.8448954741668558,0.2324052048834549,0.5199073564967188,0.8586430551783959,0.2666666666666666
0.3806756649664235,0.548684313819326,0.9991709150870459,0.3656528517518179,0.12567096095123653,0.9930467361226549,0.36992087092954995,-0.3171477493566695,1.0038767883426936,0.31257190532575263,-0.29783591467588855,0.7871932398839286,0.3815361038110884,-0.29836329862732053,0.792918600868101,0.35274244056113824,-0.39379943220733954,1.0894861115911503,0.16592844547129132,0.5352129841340987,1.0392568548425278,0.15884241997848816,0.12591684250298957,1.0278142193300746,0.1672136855950013,-0.2899501777878216,1.0252112969454064,0.16264802390635918,-0.2902898077848313,0.8198031286665389,0.11057198832196818,-0.3083899914090719,0.8674973187335878,0.19648308441039528,-0.3691693568106065,1.0749740497157045,0.2744423495863343,1.112423663864576,1.0507436098462255,0.27116361507249326,1.37200264441051,1.020580657377999,0.25051571470539663,1.2470594532008554,0.9378257437736219,0.4298929623778082,1.0213583869415195,1.013481417235599,0.43459204068214474,0.7530022905397887,0.9453280871986172,0.3135966736406975,0.5893487881576485,0.8568446300976054,0.21503947603172252,0.5175263259028325,0.8865621581739311,0.2143427678529557,0.5138561408512488,0.8853832642973695,0.23161868765774468,0.5171161058113758,0.8551938289034577,0.12419046978373571,1.0167680041086586,1.0828881480306252,0.09500954968602551,0.7738769799451021,0.9941357286737063,0.192375038123203,0.601533841272408,0.9053762531751621,0.23445395758131277,0.5380999624515306,0.8451124530967293,0.23613754789469088,0.5232554378938177,0.8465916177416419,0.23229913328932872,0.5199045087865828,0.8584698613612023,0.2833333333333333
0.3810498608610049,0.5485284608563212,0.9998409859031612,0.36661038619762104,0.12506262843837718,0.9940825270736812,0.37046802092641296,-0.3179150269415518,1.0043807457695288,0.3126515734277217,-0.2986567869223065,0.7871693656938122,0.381510080400583,-0.2983579164156242,0.7928608187384338,0.3527560545590176,-0.3939680599766297,1.089410765171241,0.166573685731748,0.5352803861626605,1.0380448105320421,0.15921766162072784,0.12576216257181227,1.0278283473286653,0.16720585603482416,-0.2899170710947244,1.0252605836210171,0.16262692255404967,-0.29107352926380026,0.819440413796079,0.11053744335113608,-0.30879951073909834,0.8675421561635106,0.196717396099424,-0.36891676883995916,1.0750864514128993,0.2750809238289885,1.1123927890823249,1.050852480076587,0.2710728282592648,1.3710490567986378,1.0205360970595398,0.2512915240613891,1.2470041557880787,0.9382224814366698,0.43109421741561754,1.0213457169323168,1.0147424443877269,0.434390339542671,0.7524949053176629,0.9470810723658261,0.3136217314174049,0.5888138407964818,0.8567097962190215,0.2155842577369254,0.5157697289082664,0.8905232684842226,0.21452853598893998,0.5133169086941448,0.8860544048992272,0.23163525468525697,0.517102105452604,0.8551221849131272,0.12469621689047838,1.0172371859351501,1.084467333129216,0.09495790976384771,0.773925395223463,0.9941018112470557,0.1913873445529311,0.6025705819639613,0.9028325756937647,0.23453557103685935,0.5381854454801674,0.8450996438748569,0.2371660998982389,0.5224054757596956,0.8488195646325813,0.23240149488807252,0.5199881333585659,0.8584160122431459,0.3
0.3812834104051011,0.5487234446428177,1.0002726091221916,0.3675104113988688,0.12455450369802118,0.995103002041537,0.370901511830698,-0.31842395496501646,1.0045458798690996,0.31271067446515166,-0.2994721028232384,0.787123942733394,0.38148080151570507,-0.29833974422743703,0.79280430504024,0.3527657520416945,-0.3940891147877684,1.0893600433508894,0.16718261149134314,0.5353889756942946,1.0368972952084636,0.15968825994041397,0.12545235614254308,1.0281030855712765,0.16704998043761574,-0.2898171444942261,1.0252813228586477,0.16262137040168329,-0.29179063662223115,0.819114559040497,0.11050911533917818,-0.3089354284654984,0.8675283500567593,0.1968169990734516,-0.3685607787672047,1.0751316925150747,0.2754567916389463,1.1123686356990528,1.0509251320227715,0.27108826147344844,1.369870505184464,1.0204200356074944,0.2518628240361791,1.246924202636759,0.9387263737964318,0.43166846280538923,1.0217168874880296,1.0153016087629483,0.4347972072035617,0.7517853989717806,0.9493736260979158,0.3137266965421125,0.5881865333932185,0.8567011841548888,0.21655292263261056,0.5144442417444182,0.8936251397370035,0.21482663636730243,0.5127484149866465,0.8870027194407988,0.23164033515154797,0.5170898259524703,0.8550622777721378,0.12493779879069633,1.0175613819018052,1.0853834755049172,0.09492294770890379,0.7739573036478601,0.9940673833562914,0.1908632440868565,0.6035432148308915,0.9004464518149231,0.2345551818521857,0.5382697071335969,0.8450645312968454,0.23812757868198633,0.521556903827272,0.8510951537120935,0.2327829164557134,0.5202374207623187,0.8585493323208806,0.3166666666666666
0.381387955003816,0.5491581075048131,1.0006036238553673,0.3683027800263378,0.12417982190699395,0.9960369420203794,0.37124450878554555,-0.3187288404348642,1.0044412129248945,0.31272528751465745,-0.30001836765118584,0.7870511941579333,0.38144503530205964,-0.29832379405112186,0.7927575909918639,0.35277187018523276,-0.3941630762212574,1.0893335093741587,0.16778251124501461,0.5355781086395432,1.0358832331152765,0.1602462787533522,0.12495302253241564,1.028625804245829,0.1667486404341363,-0.28967381595570035,1.0252653522910384,0.1626172498412507,-0.2923055898986661,0.8188220414059201,0.11043116403554368,-0.3088234239256695,0.8672823426836936,0.19678314585190476,-0.36815821426385403,1.0751051437527634,0.2755629679261897,1.1123577718841913,1.0509538320234844,0.2713980434672944,1.3686363461800912,1.0202130121953776,0.25219528977718636,1.246863661270562,0.9390883817847198,0.43174404096972385,1.022331530306631,1.0154298722308948,0.4358886091433924,0.7508382310439738,0.9519145823338143,0.3138923399417813,0.587499088501314,0.8568455789557655,0.21786685104387615,0.5137028190788071,0.895370827967606,0.2152308702325333,0.5123102061536626,0.8876285840769098,0.2316329814704375,0.5170862353819754,0.855010089117041,0.12497935085636486,1.0175534838962408,1.0856355886243063,0.09490929915375901,0.773964993418406,0.9940349185935193,0.1910031492131293,0.6043564180127313,0.8984427809033426,0.23452276383146387,0.5383319642606624,0.8450316303449554,0.23869394582560657,0.5208665307599801,0.8527880833993714,0.23339438845383903,0.5206862245555317,0.8588612614579558,0.3333333333333333
0.3813638232623405,0.5497448239956569,1.0009251616689674,0.36896699802748395,0.12391380592404555,0.9968388041840375,0.3715442931261738,-0.31888197754369746,1.0042043760747057,0.3126739190946812,-0.3001532557035984,0.7869330546887741,0.38139513660249946,-0.29831819469721865,0.7927162007721125,0.3527742568292841,-0.39418440831408025,1.0893367165993193,0.1683975496148053,0.5358769630632252,1.0350365225588651,0.16087541788915133,0.12429690030370799,1.0293380280095241,0.16634475881313468,-0.2895357113803281,1.0252032381907592,0.16258267471835441,-0.2924733268176988,0.8185071793448646,0.11032194100857523,-0.30847856548813113,0.8667258477168951,0.19660924287307807,-0.3678427904153963,1.0749946774496737,0.27550140394262645,1.1123566175157473,1.0509521580899877,0.27209721583281227,1.3675205473872498,1.0199281851505062,0.2523654822209025,1.2468957106765957,0.9388853188075966,0.4316132122304922,1.0230041422348237,1.0155065098983256,0.43748474784381475,0.7496469412866505,0.9544231275006733,0.3140966457125252,0.5868202390451913,0.8571157489922016,0.2193063697262171,0.513589992467435,0.8956016746745813,0.21563888687842309,0.5121826783779823,0.8873015382652452,0.23161673508305158,0.5170974214523198,0.8549578624059382,0.12492607441519916,1.017154603549411,1.0855188421373707,0.09491146470953,0.7739548098348499,0.9940014318246647,0.19181320601375462,0.6049304974148518,0.8970442973160462,0.234431149113481,0.5383693461351329,0.8450070592119562,0.23873551171693722,0.520582270221901,0.853359577962121,0.234105788304029,0.5213043276419952,0.8592734440623737,0.35
0.3812356127744154,0.5504675647374859,1.0012548913606532,0.36951933541886894,0.12370366357528984,0.9974833847637089,0.37185669280115036,-0.3189161798249525,1.0040037178105228,0.3125461595875412,-0.2998525028810799,0.7867823403808059,0.38132786553098397,-0.298321776783736,0.7926739231450636,0.35277311466727884,-0.39415208817020864,1.0893720965061804,0.16902061291745735,0.5362842300283821,1.0343770342673464,0.16155558711798354,0.12356697597790739,1.0301866246915048,0.16589737688244677,-0.2894563407961702,1.0250877284860134,0.16251128562198236,-0.29227190517689955,0.8181432782062774,0.11025694728573979,-0.30805165263108164,0.8662170360628827,0.1962944556064696,-0.3676652980248437,1.0747968921472357,0.2754158818196295,1.112358863806547,1.0509449074015373,0.2731316060195921,1.3666887674331418,1.0196029495735544,0.25253084802469905,1.2470667388869077,0.937852180260302,0.4315124151611669,1.0236063232380144,1.015693409103993,0.4391879902581682,0.7483296917329512,0.9565481388250321,0.31430159821455766,0.586219982001388,0.8574208945727951,0.2206806934297485,0.5140793608864587,0.894385214521047,0.21596653724995324,0.512412260812355,0.8858238323985638,0.23159822745580663,0.5171227267918271,0.8549042867256229,0.12489600166723175,1.0164508687793916,1.0854132412671627,0.09493202525400025,0.7739344075293273,0.9939708374937901,0.193106736313918,0.6052473242369775,0.8963135351665562,0.2343020590401002,0.5384057018448994,0.8449625763782356,0.23848557807898152,0.520916080147432,0.8525953966729769,0.2348036038428099,0.5219629723721255,0.8596788687034527,0.3666666666666666
0.3810677539386638,0.551346908234418,1.0015013017919845,0.3699911731015241,0.1235346879656467,0.9979509598670991,0.37221874929024523,-0.31886566345057066,1.0039501401957909,0.31235999124130476,-0.29918221085612595,0.7866551212408459,0.3812605468706054,-0.29833707645574387,0.7926491485452041,0.35277049041813824,-0.3940815674599548,1.0894304824267793,0.16960300971481046,0.5367639818245136,1.0339165601536966,0.1622589435979434,0.12285004948795714,1.03113865169726,0.1654636881835578,-0.2894661585452346,1.0249207060476329,0.16248368525143134,-0.2919753403416,0.8179058192697696,0.11030360144326257,-0.30791529727415656,0.8665029271439032,0.19585202178644526,-0.3675216900393375,1.0745177819846004,0.27538631703451766,1.1123604259043496,1.0509495736933,0.2743555624194226,1.3662630836056142,1.0192805193664838,0.2528263585948905,1.247366006264595,0.9360589892993562,0.43148518137035613,1.0240808402625776,1.015867731140129,0.44065359143086413,0.7471399357597063,0.9577750290683087,0.3144532583941697,0.5857989030802784,0.8576459256901745,0.22192464780350668,0.5150667099793929,0.8919833248404141,0.21628469030874728,0.5129238989417367,0.8833934086217121,0.23158639597944974,0.5171529394186559,0.8548575808488557,0.12493839542657745,1.015631228365959,1.0854875440814544,0.09497942424858659,0.7739047490676836,0.9939581998615388,0.19453659615027286,0.605381707327156,0.8960461121260155,0.23423290056916513,0.5384735346697954,0.8448487802714526,0.2383797401267334,0.5219373922496624,0.8507059561708921,0.2354723686994324,0.5224507158693136,0.8599928001234904,0.3833333333333333
0.3809184305459567,0.5523687955399975,1.0014649961196471,0.37038676799942416,0.12344151414520238,0.9982182598630723,0.37261845562843837,-0.3187399223721049,1.004021939359862,0.31216523593558343,-0.2983067543844848,0.786610920535234,0.38122479600081893,-0.2983700086256985,0.7926722927888424,0.35277010826549676,-0.39400695432841726,1.0894906323493176,0.17005810936964794,0.5372522679874153,1.0336603232241608,0.1629449625489774,0.12220268128407541,1.032175089432192,0.16510086080824424,-0.2895666078784612,1.02471208138835,0.16264351087550943,-0.29205739141380976,0.8181727907478659,0.11049163423044703,-0.3083823803073647,0.8681096770862641,0.19529272432723774,-0.36725989159047573,1.0741586303277895,0.2754111334436006,1.1123594803974188,1.0509696684321932,0.2755998794694402,1.366241626082768,1.0189981862832354,0.2532760358170296,1.2477469094944982,0.933782458406248,0.4314473053118473,1.0244056629961298,1.0158175128725078,0.44178323545879405,0.7463500805905179,0.957639526414768,0.3145078676308679,0.5856973366087369,0.8577182260237801,0.22304964939106,0.5163103168628759,0.8889678658450605,0.21680796640163402,0.5136220322072558,0.8803639392966207,0.2315898872300879,0.5171752351066831,0.8548262284080019,0.12502256148869678,1.0148822337898569,1.085665938003661,0.09505616001826854,0.7738637665631775,0.993977016266096,0.19573861149874636,0.605443098403659,0.8959391005829129,0.23438896034467127,0.5385870424296615,0.8446327654454278,0.23878017101952484,0.5235015210087975,0.8482727706237597,0.23616842329705878,0.5225751314421094,0.8601788763776974,0.4
0.38079843036505157,0.5534714233252619,1.0009354831039683,0.37067782994371296,0.12345911003238758,0.9982787657750174,0.3730115854736525,-0.31850358684543045,1.0041253016565193,0.3120144190501162,-0.29748346582152446,0.7866556564082794,0.3812379283020113,-0.29841950765094116,0.7927523775343643,0.352774437766181,-0.3939591376208952,1.0895332524135826,0.1703044482696309,0.5376839420818661,1.0336270846295788,0.16357493354942965,0.12164693172682517,1.033282280761169,0.1648478207566266,-0.28973277181821394,1.024479735307251,0.16307945740037438,-0.29283055530233276,0.8192413644180476,0.11081608293055972,-0.30949975547813535,0.8709484507858544,0.19460365215431538,-0.3668023620272429,1.0737053820679598,0.2754571499380628,1.1123567662336966,1.05099006580754,0.27669829189671724,1.3664512931741075,1.0187840242903634,0.25380486983195444,1.2481539728987077,0.9313479451727809,0.43134171057172255,1.0245798540893132,1.0154864451683956,0.44269246559899006,0.746097254785891,0.9561396854342705,0.31445813657811783,0.5860286573361816,0.8576275547187446,0.22404650210728305,0.5174948070450909,0.8860793757050567,0.21766622452822526,0.5144396396487245,0.8771003128452536,0.2316124886758663,0.517180220890308,0.8548116509165626,0.12509052479339625,1.0143323910337798,1.0857830643259478,0.09515654876822215,0.7738106391808826,0.9940277679911688,0.19656310533645055,0.6054768557774984,0.8958631547713536,0.23492478603036965,0.5387353712619655,0.8443193774943717,0.2398272944650512,0.5252879486710409,0.8459785991178936,0.23691384695960202,0.522254647853003,0.8602389338239735,0.4166666666666667
0.38070400856334224,0.554547120745755,0.9999076213257859,0.3708569149766934,0.1235743977724329,0.9981876834246968,0.37336639313647124,-0.31814396351872476,1.0041955715102535,0.3119340529984942,-0.2969650003795633,0.7867426610381365,0.38129218326507625,-0.29847467351137164,0.7928714566521352,0.35278248337282064,-0.3939418252964987,1.089555310479483,0.17031922606969918,0.5380436960213257,1.0338295375498394,0.16414776369878192,0.1211667870933899,1.0344378020322431,0.1647023556180401,-0.2899237379412009,1.0242494136336273,0.16376929098713566,-0.2942675867318471,0.8210871970227147,0.11123248237464281,-0.3111239613420038,0.874381673592986,0.19376716085543622,-0.36614494319826246,1.073143243893794,0.2754840449726251,1.112360515189078,1.0509595580181559,0.27749984135829786,1.3666490645336238,1.0186571064328596,0.25430892511233016,1.2485305392743702,0.9290859916049923,0.4312513806974628,1.0246177724282135,1.0151396478811985,0.44350461025061005,0.7463843458493414,0.9537201502499849,0.31433255003424987,0.5868113685947669,0.8574202749577269,0.22483362091326897,0.5183779180552742,0.8838932239806707,0.21871623858655742,0.5152791181686605,0.8740516435978725,0.23165095606144687,0.5171660423878208,0.8548104087341043,0.12509281738243766,1.0140606251787154,1.0856897028152406,0.09526542975084398,0.7737483433284402,0.9941010572688651,0.19715486207497837,0.6054728550613449,0.895845754017567,0.2358751301657371,0.5388946098024968,0.8439429532580399,0.24143136784070957,0.526917504338103,0.8442869525631096,0.23767959296451163,0.5215420760649868,0.8602070774036565,0.4333333333333333
0.38066032290611596,0.5554714257781547,0.9986722509502677,0.37097114522417596,0.1237105799779758,0.998075137344663,0.37367985759554434,-0.31772487176522884,1.0042183963677829,0.3119321180154153,-0.2968525724339752,0.7868491831163681,0.3813731183635102,-0.2985218688227539,0.7930041322216057,0.3527913752990314,-0.3939384915394147,1.089565468622793,0.17016026962740963,0.5383885473236953,1.034209177502273,0.16470749924427133,0.1207005704803445,1.0356040014800303,0.16463711242558438,-0.2901081995646129,1.02404534713215,0.16462573848421805,-0.29616422082449023,0.8234165759836691,0.11163901437811938,-0.31289457653541963,0.877390606524567,0.19283078023663203,-0.365326269929627,1.072501442237904,0.2754477096105824,1.112387150842867,1.0507930515577726,0.2779110065205134,1.3666936919808406,1.0186184502582978,0.2546958112006783,1.2488219896976243,0.9273149880233844,0.43136846556332376,1.0245245355187445,1.0152525500223977,0.44418231594137303,0.7471603218451873,0.9508326986259799,0.31417023927654125,0.5879350513665116,0.8571950365054465,0.225335744031523,0.5188513132514039,0.8826741041664181,0.21967677396635074,0.5159094082867808,0.8719194798095943,0.23169826442541896,0.5171359343395614,0.854818345224214,0.12502232419542914,1.0140599844804234,1.0853655682507397,0.09535913290698823,0.7736897096547232,0.9941872418002166,0.19777591201905276,0.6054464740749865,0.8958630013740456,0.2371211054715784,0.5390339007333543,0.843553249980707,0.24333665959839265,0.5280569294205542,0.843356139110776,0.23846318196739139,0.520601323044525,0.8601550929270635,0.45
0.38070333422635544,0.5562117876252693,0.9975981739488811,0.3710765147136653,0.12376852837516744,0.9980594758104322,0.3739607484933715,-0.31732971439274515,1.0042064485954458,0.3120181488493713,-0.2970535440458109,0.7870211117028688,0.3814733593589391,-0.2985543226078362,0.7931324190103952,0.35279911298625916,-0.3939340377909334,1.0895704820139236,0.16993942005551216,0.5387990595553511,1.0346102261939574,0.1652945625358256,0.12017558783045823,1.0367446025750142,0.16463194444241777,-0.2902695689307704,1.0238839901281607,0.16554104309768203,-0.29831666177309235,0.8258797458017318,0.11189819183092754,-0.3142989611196235,0.8790436384315323,0.19193740226495087,-0.3644457260936146,1.0718745199137034,0.2753408302243638,1.1124400439122415,1.0504759161698312,0.27796453104219837,1.3666077362912392,1.0186363541039307,0.2548940604181534,1.2489907222734409,0.9262523876137098,0.4318381414125516,1.0242858241652766,1.0161570247995317,0.4446392968612346,0.748278775825705,0.9478022212244506,0.31398722851039423,0.5891601339930207,0.8570573846183716,0.2255960071616271,0.5189410143928135,0.8823673540589111,0.22043689610982026,0.5160357277007541,0.8714058209401851,0.23174858617265442,0.5170924240550947,0.8548308781963518,0.1249592841292572,1.0141791640997482,1.0850688701735607,0.09541989572033305,0.7736615627836637,0.9942737905487222,0.19858834618578503,0.6054238807432888,0.8958589040000882,0.2384749032556716,0.5391091407459889,0.8432087505946633,0.24516722739926308,0.5285167742055829,0.8430990304743737,0.23928647382226081,0.5196407730638948,0.8601616185069338,0.4666666666666667
0.3808439805035579,0.5568429632005173,0.996883244416098,0.37118138694145253,0.12370543148344687,0.9981454042062645,0.37421135633945446,-0.3169957245513133,1.0041782324741226,0.3122014428715041,-0.2973992397588633,0.7873208398607605,0.38158445765550353,-0.29857347478256985,0.7932434501060157,0.35280533692776883,-0.39392274591809967,1.0895711153530394,0.16974735112760103,0.5393011822949767,1.0348427786851178,0.1659020280481677,0.11957359145677487,1.0378369745292062,0.16468381289905204,-0.29037567324782065,1.0237784572829576,0.16640400304389652,-0.3004655059860329,0.8282292792966998,0.11194094601506849,-0.31498592319293206,0.879061023447093,0.19124011547768363,-0.3636441186591052,1.0713684303448998,0.2752576221072819,1.1124762157592787,1.0502294997951682,0.27782473727724893,1.366534445276644,1.0186548814501277,0.25487648538087476,1.249042226460807,0.925860133431885,0.4326625359578853,1.0238953888593105,1.0178453888914742,0.4449853795534307,0.7494471484558404,0.9451141118386314,0.3137647211238844,0.5901745031801888,0.8570523203107884,0.22572599939782684,0.5188034671107812,0.8826096614431318,0.22111159136332215,0.5155655597505853,0.8725590332352663,0.23179762676908436,0.5170377940835095,0.8548426980850701,0.12505140678736182,1.0141919396399015,1.0852604940803745,0.09544891588114926,0.773683032366671,0.9943281317686115,0.1995866265321231,0.6053524299846359,0.8959681666300227,0.2397935544319535,0.5390695117692016,0.8429653310792472,0.24648159542316697,0.5282846574495181,0.8432197810544293,0.24011305306566766,0.5188412000434518,0.860257322265703,0.4833333333333333
0.3810670790326771,0.5574139208379825,0.9965302444355872,0.3712547064662602,0.12356952332689436,0.9982542901465066,0.3744246912173345,-0.31672131332924686,1.0041453183922164,0.3124532815935086,-0.2977496471015729,0.7877132226240139,0.38168541380582266,-0.29858046540903554,0.7933188567922915,0.35281064888765856,-0.39390538142511333,1.0895662925952787,0.16960538081993287,0.5398467054557234,1.0347989210897766,0.16648906840876837,0.118929823604914,1.0388616213092676,0.16479792450510314,-0.29037046849478565,1.0237471205583832,0.1671102109566585,-0.302205945898713,0.8303205910466247,0.11185172741403798,-0.3149005257057485,0.8778299795832532,0.19080400151135504,-0.36302275550594126,1.071031980046287,0.27536936841805304,1.112416081382814,1.0504642126199855,0.2776713625761696,1.3666525027379468,1.0186279120726869,0.25470845310232987,1.24902680526918,0.9258424187372831,0.4337371220525287,1.0233814528576783,1.0200714586415414,0.44549141631633216,0.7503345195143643,0.9434801359800788,0.3135107726950427,0.5906959106482195,0.8571312852275956,0.22577098980309818,0.5186351777877247,0.8829469951225986,0.22179451724559862,0.5146955691889985,0.874698429845806,0.23184051085766152,0.5169795402323052,0.8548473466622324,0.1254109201285896,1.0139654952267634,1.0862628449879246,0.09546052514938924,0.7737156072983152,0.9943048008324258,0.20063998368364916,0.6051129053627697,0.8965096151317475,0.24100341484517857,0.5389018359012929,0.8428644519453389,0.2470056554012251,0.5274594837796701,0.843375977124937,0.24083530019630592,0.5183316108691254,0.8604086221137768,0.5
0.3813530047242574,0.5578730616988521,0.9964680868968483,0.37126488076325664,0.12344748450966936,0.998322805908769,0.3745887467422807,-0.316496260983605,1.0041110599325815,0.312644101934452,-0.2979266083396784,0.7879504568423684,0.3817451020460313,-0.29857493036359706,0.7933372693364125,0.35281569133473467,-0.3938854225039043,1.0895561397880447,0.1695082841519973,0.5403557142890433,1.0345383840308449,0.16702216985167845,0.11826883817457556,1.0397957405403682,0.16497871256170624,-0.2902248513772322,1.0238107673335757,0.16755634328556518,-0.30312281725981,0.831969654897617,0.11175808538167098,-0.3142160110327218,0.8760845544634185,0.19061563460588105,-0.362609537581491,1.0708602348432612,0.27579500664373024,1.1122047847850944,1.0514700514003308,0.2775823242385607,1.3670523565204067,1.0185444511975434,0.2545649434544939,1.2489838477821291,0.9259813995522977,0.4349099288380642,1.0228046597167573,1.0225095206979409,0.44630105144115334,0.7507360199551424,0.9434551244336653,0.3133598539248172,0.5905882334737254,0.8571552428063547,0.22572759353258262,0.5185375514402157,0.8831472010652472,0.22242536639525767,0.5136883774649784,0.8771047532284422,0.23187433153425444,0.5169296137203605,0.8548338813978839,0.1260421766834319,1.0135205970138135,1.0880534638444983,0.09547232462965022,0.7736558371228796,0.994203323255491,0.20156498604612108,0.6046350046269684,0.8976912450523038,0.2420546827384789,0.5386892065448208,0.8429308505672621,0.24691724133229398,0.5262554377563623,0.84343282506454,0.24133052271760447,0.5181666292717095,0.8605510620077772,0.5166666666666667
0.3816928389127767,0.5581180567733348,0.9966550146605815,0.37120138915739115,0.12338362533322766,0.9983333032629867,0.3746882578624892,-0.31631442187581305,1.0040745717223625,0.31256610430685006,-0.2976764493612191,0.7876464248270878,0.38173848481043005,-0.2985669637705216,0.7932972649192618,0.3528205699383734,-0.3938670465860325,1.0895418271276607,0.16948095958318915,0.5407483832774318,1.03426030283734,0.16750296954928864,0.11758749928891443,1.0406245056196581,0.16522991050074687,-0.28997588321801165,1.0239732211872952,0.16764998191596675,-0.3030160470493768,0.8328685303651183,0.11165424607154309,-0.31333249603380214,0.8747221482280056,0.19065033346391558,-0.3624061624222881,1.070843550125431,0.27652328974338614,1.111850690254794,1.0532184275719636,0.2775447451691098,1.367653429385298,1.0184279971005015,0.25464902109905946,1.2488940296580344,0.9264114775048133,0.43599901081944065,1.022245882536522,1.024816967446931,0.44731669806842733,0.7506442752744813,0.9450475648173482,0.31354180221759115,0.5899602623458383,0.8569664883870556,0.22564303830188226,0.5185010172916719,0.8832307177852807,0.22294181257067625,0.5126966376317276,0.8794389826635467,0.23190280280621753,0.5168975570873046,0.8547896714246327,0.12685989527051125,1.0129539736316189,1.090361500209137,0.09550368872343279,0.7734029332179355,0.9941027439888741,0.20218545995894613,0.6039507668678263,0.8994403103118814,0.2429390394060489,0.538594199289459,0.8431623010354423,0.24674860681703936,0.5250532703806654,0.8434928827556021,0.24150766487855518,0.5182602890161909,0.8606519428000311,0.5333333333333333
0.3820843561642748,0.5580958491933462,0.9970879118850551,0.3710870994399907,0.12335727203966868,0.9982937474992506,0.37470710516611216,-0.3161736915320184,1.0040330598878418,0.31207747586679446,-0.296822954979706,0.7865637851209458,0.3816634934728408,-0.2985786167894915,0.7932276296490289,0.3528248467465001,-0.39385455590969226,1.089524383926683,0.16956941559258584,0.54095981102336,1.0341708817703095,0.16796673656960306,0.11689551656040553,1.0413543325418009,0.1655570737785932,-0.2896927265685092,1.0242131492478321,0.1673709177951086,-0.30199644512797835,0.8327649497732844,0.11144252663274005,-0.3127350868189145,0.8745131218446321,0.19090126483009812,-0.3624273039228545,1.0709884005330175,0.2774523600635705,1.1114075098648748,1.0554470634237991,0.2775302743956865,1.3682563870479671,1.0183173433666437,0.25506592905240394,1.2487168459414333,0.9274007033055955,0.43680700034923153,1.021792692034657,1.0266515121992228,0.4483868165490869,0.7502222980039508,0.9476907808570829,0.31420620706642466,0.5891295720309859,0.8565129804666886,0.22559858252794768,0.5184851770830962,0.8832867165134553,0.2234506576711071,0.5117825700727476,0.881580598675932,0.23193385941864786,0.5168882285583289,0.8547092245287196,0.12774075885835423,1.0123627139896574,1.0928343184377627,0.09556893053625085,0.772895393129758,0.9940982006154204,0.20237289344443693,0.6031549443696359,0.9014986266091995,0.2437641720360056,0.5387454675541365,0.8435230919136838,0.24693415877705588,0.5242595935162895,0.8437051426730587,0.24134215422347455,0.5183785527207294,0.8607413795611769,0.55
0.3825238763777836,0.5578593551864759,0.9977664074665007,0.3709747440773674,0.12332166616002443,0.9982283949152064,0.3746398904831343,-0.3160736956739641,1.003983645005785,0.31119256218841224,-0.29538444910188577,0.7847644186554094,0.38154093428620206,-0.2986236619502471,0.7931613243565364,0.35282783757039315,-0.3938510742133656,1.0895035844335272,0.1698049640093424,0.5409576080325047,1.0343743641285288,0.16844806967127954,0.11622745277552321,1.0420099451419906,0.16595830340171433,-0.2894313335460008,1.0244967128172964,0.16679783642045107,-0.3003792402337835,0.8316680831992103,0.11107971488431378,-0.31266887922574277,0.8756617793406144,0.1913593715231477,-0.36268102888781745,1.0712959037758583,0.27845277687059916,1.110940733142545,1.0578187191072352,0.27752879181260764,1.3686764398362792,1.0182431883956582,0.25578331126934584,1.2484541976553565,0.9290107003487593,0.4372021837764859,1.021509823995112,1.0277545458086392,0.4495238239457471,0.7497109628500909,0.9505645045237974,0.3153252508343115,0.5884189445818808,0.8558797788017831,0.22564794229545582,0.5184683390952869,0.8833624172407515,0.224161102705568,0.5109703304308654,0.8834164549537598,0.2319681010455772,0.5169036721026583,0.8545947770850305,0.12855943301762868,1.0118249174248932,1.095126197766279,0.09566460679006912,0.7720695784258693,0.9942175675621581,0.2021162958634052,0.6023585199949688,0.9035652268753487,0.24472118887972358,0.5391595136794811,0.8439618195699612,0.24757002024216535,0.524077428982803,0.8441257254751945,0.24086447501337863,0.5182779633917742,0.860846216301592,0.5666666666666667
0.3830088822608114,0.55748708966143,0.9986824192977339,0.37090737723841094,0.12326260483537116,0.9981766974321218,0.37451252322090184,-0.31601753528791365,1.0039287306025593,0.31003517989495744,-0.2935503219155569,0.7824888185188456,0.38139879953481126,-0.298689264681175,0.7931070370035606,0.3528291383612433,-0.3938556944506373,1.0894783999472886,0.17019296617699337,0.540742451278484,1.034869039326981,0.16894574159426395,0.11560462612181072,1.0426047955923943,0.1664037774228131,-0.28922966642042924,1.0247863943599513,0.16604132187571347,-0.2984736012640788,0.8297682032253417,0.1105966926488845,-0.3131050964184236,0.8777663698324478,0.19197871583075446,-0.3631324649141875,1.071731546443103,0.279389175985292,1.110506405424825,1.0600092000144716,0.2775415483398246,1.3688178879268469,1.0182195672738525,0.25668777270171117,1.2481572854896645,0.9310643980746267,0.43726254464372105,1.0213941058940412,1.0281259487942218,0.45085860274809475,0.7493303923474106,0.9529606898673154,0.3167491754597962,0.5880015877057111,0.8552012554029573,0.22578818204916445,0.5184523350953888,0.8834530461882696,0.2251189919833465,0.5102922797181279,0.8847447421897905,0.23198760370746596,0.5169407418111323,0.8544529743107456,0.12921111936430207,1.0114008343112735,1.0969480726174075,0.09576931993553162,0.7709001858937949,0.9944188030484826,0.20161223191997235,0.6016649479095376,0.9053688582430207,0.2459103995262475,0.5397701931401168,0.8444256729472355,0.248574343600755,0.5244477570457217,0.844718766103581,0.2401188556847424,0.5178515131999293,0.8609280106662287,0.5833333333333334
0.3835408748465424,0.5569594210152733,0.999824710760009,0.370884095489038,0.12322666542813104,0.9981732317886087,0.37438516169959996,-0.3160135670825459,1.0038794867730927,0.3087738215920316,-0.29165547163871913,0.7800197679387958,0.38126084182798875,-0.2987437700778288,0.7930530321236245,0.3528289801726568,-0.3938622428280209,1.0894486465283812,0.17072083884671718,0.5403289910975467,1.035606656735932,0.1694259656309247,0.11501733890026505,1.0431028101740454,0.16683215708212357,-0.2891088638429409,1.0250412368620956,0.1651900846377199,-0.2965173607695388,0.8272858557874692,0.11003620720226243,-0.3138686579168785,0.8800590436159825,0.19267139799495997,-0.36370617375776665,1.0722242046359143,0.2801195979718841,1.1101370911372301,1.0617566628804824,0.2775687905492237,1.368658708944839,1.0182508059605668,0.25764573030044335,1.247877367878165,0.9332720980938761,0.43730688334914747,1.021360957737211,1.028100854232846,0.452387206091533,0.749236053719893,0.9543839678581797,0.3182829118492313,0.5879118735329504,0.8545880145320869,0.22592255409696416,0.5184508558948708,0.8835236023027985,0.22604328865028153,0.5098669929882803,0.8852696308237797,0.23196211939430467,0.5169873857211936,0.8542966456429236,0.12963666571809015,1.0111241529371113,1.098134471816865,0.09585672791580749,0.7695675578852144,0.9946397922683454,0.20122107256192415,0.6011585259050378,0.9066927360554569,0.24724382631727126,0.5404785771634648,0.8448673276371803,0.2498667530368629,0.5251480091724997,0.8454046019813364,0.2392235822008411,0.5171340492565384,0.8609527767784577,0.6
0.3841202138498242,0.556167628745297,1.0011743396150348,0.3708790818837229,0.1232516816910052,0.9982122437663642,0.3743139473942034,-0.31607022632324794,1.0038485760309501,0.30760292770704595,-0.29010848214753504,0.7776779385785416,0.38114685885099464,-0.29876385659574933,0.7929905105589045,0.3528279192600739,-0.39386324096803343,1.0894153605117993,0.17136931949805456,0.5397319114237791,1.0365413693824328,0.16985216591505015,0.1144610969230978,1.0434259760940734,0.16718681149546386,-0.2890726561515439,1.025226360483247,0.16432579615915327,-0.2947609024862573,0.8244836147183237,0.10942478677827394,-0.3146167641627074,0.8816829303701101,0.19335759567134053,-0.3643373560863953,1.07270902473157,0.2805220203589207,1.109835505338086,1.0629210444264634,0.27760433560778414,1.3682280349758023,1.0183349109902027,0.25852559066082403,1.2476050009363284,0.9353081500386651,0.4376797748590899,1.021306952241479,1.0281146996970985,0.4539081399993281,0.7494632777814707,0.9545776143738054,0.319719297076234,0.5880739367767535,0.8541107534819787,0.22588177845161977,0.5184607477290403,0.8835570070286923,0.22647808087626234,0.5099221615787846,0.8847923476495907,0.2318915208189466,0.5170253694576801,0.8541516324104133,0.12983789665764034,1.010992298007086,1.0986897194584087,0.0959069702450436,0.7684708002345546,0.9948317783090337,0.2012257066779799,0.6008883577108044,0.9074093869853854,0.24856619629060456,0.5411619126424891,0.8452581500721676,0.25134211037481485,0.525936644416394,0.8460924812090225,0.23845709990405126,0.5162533577319897,0.860961466484821,0.6166666666666667
0.38473686248126676,0.5550327855872017,1.0026975858103724,0.37088282977755177,0.12328799187164341,0.9982484407841582,0.3743160221123992,-0.31619024459583694,1.0038415201394106,0.3067079611127266,-0.2891865000265095,0.7758122090556503,0.38107437271476485,-0.2987504265818121,0.7929274401395936,0.35282650630714174,-0.39385649497214836,1.0893804913054448,0.1721225445001244,0.5389731055436016,1.0376369021970449,0.17020965321122059,0.11396211511521853,1.0435248663229129,0.16745254379079463,-0.2891172176555565,1.0253298480517556,0.16354420008323153,-0.29345150834350836,0.8217310256979932,0.1088120593973019,-0.3150217293343095,0.882227538777452,0.1940154037382487,-0.36500828153543713,1.0731679639023104,0.28057870685262676,1.1096122657699923,1.0635022000956729,0.2776382863136614,1.3676269167069097,1.0184558110567299,0.2592037032596648,1.2472737137778154,0.9368552447110432,0.4384820598438386,1.0211915579295947,1.02836432993637,0.4552919844345692,0.7498437420784385,0.9538278657735781,0.3208581827478125,0.588280593013992,0.8537893139630695,0.22553638736700982,0.5184380546790255,0.8836058135962546,0.2261394605398936,0.5106830120833105,0.8833962681355123,0.23185962416572026,0.5170437249790332,0.8540657971422414,0.12984536295350954,1.010986224799379,1.0987011742220039,0.09591054106926625,0.7679780992281512,0.9949569171040193,0.20165739323588822,0.6008316097895234,0.9075749372771491,0.2497975180634538,0.5416897752415082,0.8455641075720937,0.2527984322116712,0.52665175579255,0.8466878719599872,0.238163899954515,0.5154111128062622,0.8609939949187779,0.6333333333333333
0.3853608228357801,0.5536144912607621,1.0043447306044069,0.3709174000785852,0.123261828707309,0.9982465990694441,0.3743884586244754,-0.31637375626973774,1.0038593070339725,0.3061889268047992,-0.2889073045733226,0.7746577054525645,0.3810528015566313,-0.2987172045172856,0.7928805439000768,0.3528251983287296,-0.39384679449199356,1.0893464951006724,0.1729748208318382,0.5380997353766601,1.0388499601252148,0.17051638934043833,0.11354578155725059,1.0434500821065724,0.16764279746800873,-0.28922564936064094,1.0253668231328332,0.16294969712468155,-0.2926856144031563,0.8194922065540442,0.10831733018370628,-0.3150659823787833,0.8820143782954675,0.1946622647457571,-0.36570924145508305,1.0736140795878137,0.2804442152991754,1.1095648592333092,1.0635230649600804,0.2776628475978262,1.3670420478699405,1.018578533269758,0.2595886457644758,1.2468331226667408,0.9376889256734702,0.43950587443573275,1.0210471141268693,1.02875004036908,0.45670470460228063,0.7500397681520892,0.9531511424788826,0.3215447879091857,0.5882820583033129,0.8535985625937256,0.2248725324162314,0.518336258363626,0.8837904922461252,0.2250856306329717,0.51222444538821,0.881345875633569,0.23200947720523563,0.517056226162911,0.8540971978050031,0.12965778608966788,1.0111064113313786,1.0981684211649423,0.09586709870759597,0.7682067393193891,0.9949754023292616,0.202386367829055,0.6008821420764285,0.9074680724950531,0.25091378202411474,0.5419793276665386,0.8456992408708043,0.2539846451954039,0.5271786787991461,0.8470813796890658,0.23854801199707565,0.5148400372577517,0.8609943909755555,0.65
0.38594815560291057,0.5521078497031985,1.0060643899301311,0.37101196706920037,0.12316686342300076,0.9982144727093414,0.37453292580882525,-0.31662465727161604,1.00390462167846,0.30602289512997954,-0.28913084912269454,0.7742077623925403,0.3810748928735681,-0.29867422775111957,0.7928569000824875,0.3528241486045946,-0.3938402074700192,1.0893143880683156,0.17392886149872405,0.5371799097846317,1.0401227521345804,0.17081433117579745,0.11319038875159437,1.0433486741712201,0.16776522040856728,-0.28935796778928924,1.0253649988883764,0.16262037704634882,-0.2923723646074143,0.8181677746212076,0.10807187541006819,-0.31496400251450835,0.8816474315485691,0.1953080981015133,-0.36638780368227414,1.0740529875550497,0.28035884390905613,1.1098559921664104,1.0628953529830696,0.2776749869087128,1.3666666026730412,1.018664402153608,0.25967630492040605,1.2462830333791615,0.9378066691226543,0.4403753911162966,1.020934755239907,1.0290452512894086,0.458454684340347,0.7497345576367371,0.9537176234597486,0.32174643869624875,0.58804887248608,0.8535148354370505,0.22397681149476906,0.5182224114898105,0.884170772423019,0.2235522263839516,0.5144212346914782,0.8789170990159899,0.23243653113548352,0.5170797932782714,0.8542655116221856,0.12923334512914533,1.0113705113279627,1.096975889995035,0.09578519019555728,0.7690231515073813,0.9948658495757114,0.20327557854557263,0.6009312756335757,0.9073901157454753,0.25189029454935247,0.5420244316323016,0.8456161333845995,0.2547703951060041,0.5273812449177163,0.8471816222276982,0.2395674002915287,0.5147253940569683,0.8608457738370261,0.6666666666666666
0.3864728679904412,0.5506898799183588,1.007832818234741,0.3711543688388896,0.12304064594343223,0.998199887459013,0.3747327772404121,-0.3169499802813756,1.0039797389618823,0.30612804022948004,-0.2897009686908964,0.7743207716708692,0.3811181112593195,-0.29863157829940196,0.7928511435125983,0.35282319260528106,-0.3938386203363898,1.0892821417615208,0.17497505247895986,0.5362609704173238,1.0414040659730777,0.17113697889119237,0.11282763578510152,1.0433620983180019,0.16781353932985818,-0.2894711925558454,1.0253460608518778,0.16255060887916462,-0.2923543284905199,0.817828132611579,0.10807807906137773,-0.31488401605045246,0.8814510854127281,0.19594530882316588,-0.36697877303478726,1.074479206908751,0.2804708484498366,1.1105403288884508,1.0614933529149635,0.27767628582351717,1.3665672288061448,1.0186974579652803,0.2595823257425492,1.245644003234307,0.9374699212869415,0.44074807407666183,1.0209096756664842,1.0290395107592354,0.46070885681037055,0.7488112216655948,0.956020406092221,0.321630239424483,0.5879004381695557,0.8535405715319143,0.22299494210887114,0.5183463130369597,0.8845279440592431,0.2217598473598531,0.5169973096761965,0.8763888196855931,0.2331294222451541,0.5170477055186342,0.8545137717078468,0.12854492183607358,1.0117754458391655,1.0950458383068538,0.09568515166105174,0.7701768624853853,0.9946726653025566,0.20421168494102865,0.6009550689640079,0.9074209358241072,0.25278308894125173,0.5418558708847335,0.845528219760487,0.2553101512295899,0.5271594977448861,0.8470552236756127,0.2410199990201802,0.5151168594417503,0.8605052521792759,0.6833333333333333
0.3869499907223941,0.5493894889826528,1.0096641964127395,0.3712762775320509,0.12290518893161995,0.9982887921140122,0.3749340470560844,-0.3173509399795364,1.0040789042740441,0.30646192099155056,-0.2904963544693181,0.7749454272148244,0.381158075009449,-0.29860801751117627,0.7928602442317011,0.352822060934454,-0.3938408162676247,1.0892472389539984,0.1760710791198424,0.5353394052896383,1.0426787095031176,0.1714843312259529,0.11239985339960051,1.0435209898284015,0.1677844010492735,-0.2895420656554437,1.0253227604618396,0.16263266449354666,-0.29247565071979625,0.8181035504460688,0.10819359293836744,-0.31485300163264385,0.8814071821743953,0.19656134255285673,-0.3674734609335114,1.0748910728170713,0.2807827367032708,1.1114740243641392,1.0593446488615679,0.27767189709923346,1.366649484574523,1.0186924349437279,0.25947184856323674,1.244965444301715,0.9370043170436599,0.4404903587945806,1.0209907261892062,1.0286704053389883,0.4634505485286974,0.7473903170190432,0.9597675767846847,0.32151269926867343,0.588212326087319,0.8536741037024613,0.22208593431928053,0.519005297363796,0.8843809872641029,0.21991030338678508,0.519595145794778,0.8740784874841624,0.23400129642617395,0.5167755147432109,0.8547490094733243,0.1276455121487713,1.0122840173281322,1.0925210472116553,0.09559477342326408,0.7714181966771688,0.99450156218826,0.20506909870328122,0.6009665950482932,0.907510991681513,0.25384282295133054,0.5415008141788844,0.8459123379367968,0.2559839364225406,0.5265260571355999,0.8470586942834024,0.24271938337209156,0.5158648088493818,0.860096639708165,0.7
0.387412928077447,0.5481438511140856,1.0115729385103382,0.37130380000550167,0.12275231987790142,0.9985612500322569,0.37507647955503715,-0.3178098774986173,1.0041871185186602,0.3070336281816008,-0.2914327505653205,0.7761388794698182,0.38118330817960855,-0.29862067706889417,0.7928886616065219,0.35282055464575035,-0.3938457178652449,1.0892110294295907,0.17715328095430805,0.5343797589692514,1.043968550719925,0.1718340894092888,0.11191526942947899,1.0437556059333837,0.16769946750000067,-0.28956334340308965,1.0253111956458791,0.16273339003156348,-0.29260808914062303,0.8184636896443009,0.10828558421610832,-0.31483434510073915,0.8814010189227012,0.19714036939030294,-0.3679337708539152,1.0752837142917706,0.28122682697340395,1.1124329854639532,1.056680453603172,0.27766729461864703,1.3667649736840906,1.0186756965166837,0.25944286485054335,1.2443646941545237,0.9365396948553589,0.43979990641045397,1.0211214648286902,1.0281828338367611,0.46662716703019286,0.7457754637705108,0.9643050847418652,0.3216494048742376,0.5889947338344482,0.853898533270726,0.2213491293163209,0.5203028538722718,0.8833631056160567,0.2182521335297311,0.5218269688472394,0.8723110217137514,0.23492597142306718,0.5161060690249706,0.8549254945765334,0.12670816727281892,1.0128473642705618,1.0898793353287524,0.09553691881262547,0.7725079040947537,0.9944435162650554,0.20570797010469147,0.6009261136129921,0.907720371832287,0.25537638164475795,0.5410015241365966,0.8471542821658575,0.25708043639958844,0.5255698133368925,0.847680490633193,0.24454687034062733,0.51667636202989,0.8598164159150878,0.7166666666666667
0.3878707655587358,0.5469278367627981,1.0135087956051263,0.371217596886068,0.12258333690284812,0.9989750794321343,0.3751258510351673,-0.318274830884222,1.0042849087273413,0.3078360946924244,-0.2924433209382857,0.7778890973634629,0.3811997117678848,-0.2986681393014569,0.7929365949079537,0.3528187685522185,-0.39385310456344647,1.0891777522733581,0.17814314874974166,0.5333612505536411,1.0452912273103556,0.17216288253213893,0.11144598305939779,1.043984690703665,0.1676093703848937,-0.2895386012064786,1.025331252832613,0.16278922329837947,-0.29271336273658355,0.8186133027298876,0.10832260619718441,-0.31480613426708454,0.8813781146870764,0.19766021233527326,-0.36844013782726753,1.0756364869122124,0.28172768040055296,1.1132443400881193,1.0538492082034199,0.2776649205371151,1.3668306500077023,1.0186640863650789,0.2594903126875819,1.2439808964813002,0.9360774552708993,0.43915759502736695,1.0211800187161097,1.028073811596204,0.4702537169297377,0.7443610583266572,0.9688804782970442,0.32206028907139683,0.5898782094741859,0.8542316228894504,0.22077123149020783,0.5220644997918505,0.8815107667461077,0.217067369073287,0.5233487113032044,0.871311837379162,0.23574143115910873,0.5150729723033277,0.8550590410470084,0.12598760738930986,1.0134165986849522,1.0878310294431732,0.09552686743633962,0.7732092662991532,0.9945191238560069,0.20605868281689696,0.6007724444693325,0.9081757169705156,0.2574073717165416,0.5404506262266683,0.849240710526199,0.2585671301363397,0.5244193018677525,0.8491629097158216,0.246367855127322,0.5172888718028325,0.8597489628618933,0.7333333333333333
0.3882988377495744,0.5458038756000788,1.015313928032526,0.3710568808057689,0.12247133210071842,0.9993368423575537,0.3750706481830077,-0.3186591501353009,1.004350921356559,0.3088082883217512,-0.29349386368745334,0.7800236243330206,0.3812213909827852,-0.29872957528344324,0.7929923822256437,0.35281719635159714,-0.3938629651919685,1.0891501170429918,0.1789358828189294,0.532318839299616,1.0466140106745871,0.1724509129956799,0.11108553140010263,1.0441729304592788,0.16756135664202212,-0.2894935611310278,1.0253843058846837,0.16280709608155003,-0.29281433179197774,0.8185626158517617,0.10832629765450955,-0.3147788284666165,0.8813463250379527,0.19810088758135472,-0.3690082710863016,1.0759244491002016,0.2822143616055116,1.1137969040760785,1.0512407037856133,0.27766451234032363,1.366844645754081,1.0186632844328118,0.25953767849229603,1.2438866940330833,0.9358008837425292,0.4390677777143817,1.0210596399080805,1.0287528889456263,0.47430089790234786,0.7434947121924449,0.9727323764335463,0.32257456814697383,0.5904989193641293,0.8547464471330237,0.2202847059233065,0.5239615766591024,0.8791703962034647,0.2165105692505901,0.524018220201272,0.8710638725882309,0.2362864084619874,0.5138638061351991,0.8551673389352974,0.1257003980806201,1.0139309315921476,1.086986972963204,0.09557499173375869,0.7734239917668998,0.9946910817505563,0.20618090248755444,0.6004783694002276,0.9089549148418878,0.25956583049373216,0.5399734083197978,0.8518181269172713,0.26020220053683263,0.5232333462377396,0.8513691833429149,0.24802152239284952,0.5175850118871697,0.8598486897223232,0.75
0.3886612775561402,0.5448774600234068,1.016765288321073,0.3708743377581854,0.12255373303498707,0.999450823480189,0.3749117123944159,-0.318883284566162,1.004367882695328,0.3098568005381081,-0.2946125029078521,0.7822806184310888,0.38125748627538847,-0.29878004511272016,0.7930411142004332,0.35281666399376976,-0.3938749191843765,1.0891295428017274,0.17943480294445072,0.5313221904113627,1.0478731243582944,0.17267839380451425,0.11090392788379977,1.0443243406715068,0.16756390885898573,-0.2894752968139765,1.0254408424817372,0.1628065775250826,-0.2928772374295078,0.8184552969561857,0.1083163664483297,-0.3147771224583168,0.8813312587119584,0.19845100825282408,-0.36954367611183137,1.0761364099415724,0.2826183240832322,1.1140084878468508,1.0492429703196515,0.2776651016949345,1.3668333852627959,1.018675588409347,0.2594841073583023,1.244073995935686,0.9361102445314825,0.4398041583257454,1.020733096949964,1.0302934141232303,0.4785001162174526,0.7433605537427982,0.9752445605043787,0.3230782262718641,0.590786709469362,0.8554458712916797,0.2198968930653418,0.5257074103139145,0.8767143340257322,0.2164651749749063,0.5240700760829025,0.871261389536852,0.23652305824569636,0.5126939074326283,0.8552349076533248,0.12592940381398884,1.0143281318139092,1.087591028713167,0.0956586590351598,0.7733377904837846,0.9948946011537436,0.2061443888810452,0.6000303533541118,0.9101497794195164,0.2613608508770493,0.5396562494218755,0.8544481296952643,0.2617645945533303,0.5221615499281629,0.8539675463038179,0.24944093007468587,0.5175790954603278,0.8600672981407642,0.7666666666666667
0.3889221292217431,0.5442100938873664,1.0176962441234456,0.3706974269485765,0.12293387640876019,0.9992431624512932,0.37466029680954216,-0.31892316443732005,1.004332316843983,0.31087556863708615,-0.29579369011297557,0.7844060790426823,0.38130589300203577,-0.29880513128704567,0.7930764179082697,0.35281786687746886,-0.39388842224805903,1.0891179220924787,0.17960074960088915,0.5304173763536302,1.0490008040144143,0.17282670164428895,0.11092660190238246,1.0444512834077178,0.16759406754464765,-0.289517597046406,1.025462630777385,0.16279299498893712,-0.29278985815236525,0.8184351211612244,0.10830014442562264,-0.3148189373153635,0.8813474973787343,0.1986994470824207,-0.3699074143800536,1.0762767035876541,0.28288314786233887,1.1138442137912272,1.0481491785805024,0.27766563610643874,1.366813891977062,1.0187011196581095,0.25926527245167763,1.2444762745808609,0.9372912499427205,0.44133395817398324,1.0202462425447956,1.0324833296925582,0.4824334404467763,0.7439284289289243,0.9761881834353061,0.32375592906535966,0.5909124107350305,0.8560747463417877,0.21976638385004896,0.5272030370050977,0.8743137758035195,0.21669002135737597,0.524032429629566,0.871475929482199,0.23665199402759385,0.5117612296435794,0.8552452260658644,0.12659717635749015,1.0145975826691214,1.0894399132628676,0.09568242950025631,0.7732713363038801,0.9950382857688753,0.20590072605485768,0.5994166530371505,0.9118230928968769,0.2625181392557539,0.5394867279895257,0.8567629256239625,0.26317206307757873,0.521322070298195,0.856608473133972,0.25069826161125575,0.5173820361739555,0.8603853210888144,0.7833333333333333
0.38905109217376466,0.5437790659586731,1.0180645593838906,0.37052676365928405,0.123611800606158,0.9987274876010296,0.37433337946585876,-0.3188091601493953,1.0042560607273672,0.3117365441484967,-0.2968594714145015,0.7861708936443346,0.3813559691390578,-0.2988049711801076,0.7931024650263153,0.35282025041877885,-0.39390334467265864,1.0891151830524812,0.17944332461464652,0.529632895511259,1.049898437089451,0.17289022494208564,0.11114892736497756,1.044557912870126,0.16762752558550287,-0.28960721067408535,1.0254357949703328,0.16276584527232874,-0.29246150182351616,0.8185819033253279,0.10828019104660513,-0.3149022723393114,0.8813931415809932,0.19884033251383113,-0.3700257638490876,1.0763534253478217,0.28299294348476167,1.1133972947193371,1.0479715879939897,0.2776650849300956,1.366789182046815,1.0187361833753483,0.25888734283100234,1.244963656706543,0.9392929647712877,0.44336935193189714,1.0196819775503654,1.034979200042342,0.4858001609385969,0.7449375258512133,0.9759129993463729,0.32506287976419956,0.5910715618244129,0.8561533282300398,0.22014445790269954,0.5285808263812778,0.8720004675251571,0.21711368082304325,0.5243027904935349,0.8714225800458668,0.2370384166853737,0.5112339824684436,0.8552238693456498,0.1274869597224529,1.014808856342188,1.0919335189740487,0.09551847569740457,0.7733615917947103,0.994997308809251,0.20536761211464932,0.5986198453856448,0.9138560955509123,0.2630810770960666,0.539405618181364,0.8584709235777566,0.26447800524608023,0.5207922020280059,0.8589807449799463,0.2518667702015063,0.5171532853615941,0.8607492442491015,0.8
0.38904379283113016,0.5435077926186875,1.0179623988089856,0.3703500277029119,0.12452015644965325,0.9979373972821013,0.37394875242857784,-0.3186040791906544,1.0041589767027095,0.31230647965925723,-0.29755591749549176,0.7873605882048271,0.38139644583204857,-0.2987901005570423,0.7931283843147086,0.35282172975087245,-0.39391962314636225,1.0891174050465113,0.17899832987592856,0.5290091080794079,1.0504602781298933,0.17289332645101374,0.11155011504116347,1.0446341479515784,0.16765269137096456,-0.2896935299412451,1.0253826410520628,0.1627286880209286,-0.29189367586259657,0.8188961532865171,0.10826328895712786,-0.3149990956116038,0.8814502715387772,0.19890007826760778,-0.36992992992885587,1.0763745656499488,0.282991175231295,1.1129182143063485,1.0483420073378282,0.27766303001293935,1.3667577793508259,1.0187750121759853,0.2584113346614527,1.2453213416035702,0.9418244710464279,0.44546062981658524,1.0191366823463455,1.0373888781436542,0.4884689951935398,0.7459748563707845,0.9751646350000114,0.32740967065970644,0.591394334700476,0.8553078974876387,0.22119215174711127,0.5302041765962133,0.869926674676149,0.2178649055654437,0.5248366927017284,0.8711048124477396,0.23795342500173094,0.5112068989939335,0.8552617189789855,0.12833826427328326,1.0150301381768887,1.0943397043369645,0.09509668639207233,0.7734743708054088,0.9947198823962504,0.2045701986487367,0.5976057543203588,0.9159759140703612,0.26328601514091576,0.5394812986865769,0.8593646064393445,0.26576204529447867,0.5205653448628587,0.8608217505771748,0.2528834197632056,0.5169945489744969,0.8611045028678264,0.8166666666666667
0.3889122616702676,0.5432984697053591,1.0176410849482627,0.3701478011451125,0.12558714461623066,0.9969183520084467,0.37352007526299125,-0.31838818973189326,1.0040584926091136,0.31253468968183395,-0.2978171835354998,0.7878852908762123,0.38142167248867476,-0.29877377876733935,0.7931601534823657,0.35282025826784336,-0.3939367318348761,1.0891189200411133,0.17833226818407033,0.5285699654974951,1.0506400647555065,0.1728885467199042,0.11207212146996026,1.044651624297189,0.16766862029862323,-0.2897325164928063,1.0253397351874705,0.16268910737714715,-0.2911572248784878,0.8193318444127864,0.10825902186164311,-0.31506988962525306,0.8814932020283711,0.19893403123009384,-0.3697277736370267,1.076362288623686,0.282950493207501,1.1126521504021394,1.0487581203982133,0.2776599976635485,1.3667213408579901,1.0188122752711204,0.2579215064037649,1.2452920184882015,0.9445202111607475,0.44713515640638446,1.0187085370351001,1.0393048298136223,0.49043911023405096,0.7466964976694688,0.9745157682630528,0.3308742178646056,0.5920963430519899,0.8535822692365194,0.2228410669396565,0.5326067159409412,0.8683218617982157,0.21900046251048025,0.525342034564777,0.8706691219355589,0.23940591202309758,0.5115935182962654,0.85556631416396,0.12896944644763336,1.0152018988742026,1.0961382832314177,0.09440638083119396,0.7733556802850898,0.9944395307604083,0.20361740326835237,0.5963556744144123,0.9179739067511654,0.26340137330870356,0.5399802743525635,0.8594551258672238,0.2670739248166501,0.5205283641859995,0.861947343047353,0.2535973704682063,0.5168969686308142,0.8614569642800082,0.8333333333333334
0.3886518959874487,0.5430612511578318,1.0174057191920887,0.36990677753502793,0.12675809731419563,0.9957299564034245,0.37304456516201073,-0.31822035849620744,1.0039591001025854,0.31252444965825393,-0.297824221042311,0.7879288507483628,0.38143429375063986,-0.29876883400507087,0.7932008663443432,0.3528153854075896,-0.3939535053546724,1.0891156238999755,0.1775411530386858,0.5282882598282532,1.0504549794416516,0.17292016855022943,0.1126028149045476,1.0445821981306493,0.1676793661284151,-0.2897164216902837,1.0253241640260302,0.162654449503763,-0.2903431951604357,0.8198348290232033,0.10826798265856014,-0.3151025343176323,0.8815196490750956,0.19897113630395458,-0.36954817780267846,1.076351417226459,0.2829199544173003,1.1126312178152433,1.0489629427233795,0.27765697469278605,1.3666839501950174,1.0188440945925572,0.25750023179645826,1.2447239345232046,0.9470079633171871,0.448069328934813,1.0184793588429462,1.0403797731925546,0.4919636478781172,0.7470248369991426,0.9740552165773878,0.33524310650899874,0.5935213159115649,0.8514306372413851,0.22482269335295657,0.5362870445082738,0.8671508669638897,0.22029721535078683,0.5256943021000697,0.8700523712475832,0.24118587304323244,0.5120170114495342,0.8565070328133426,0.12931637412617009,1.0151540535499617,1.0971272418530882,0.09344871800816378,0.7727973036140654,0.9946475724840168,0.20252247975667848,0.5948904391620278,0.9198909101292483,0.2636235881579202,0.5411745348237783,0.8591123600884558,0.26850782845357235,0.5205330231790921,0.862353092846694,0.2539511334065099,0.516854778456657,0.8617038517580142,0.85
0.3882438099937063,0.5427583277223005,1.0173902042715612,0.3696506183776642,0.12799432410352513,0.9944238699049983,0.3725078221406168,-0.3181009460152256,1.0038508809867968,0.31245674473853513,-0.2977969901452703,0.7878350886531118,0.381443291890214,-0.29878572648272056,0.7932557249884121,0.35280813269957,-0.39396815014316555,1.0891071704375783,0.17671673099231586,0.5281071403499515,1.0499516826951494,0.17298984487578575,0.11302328652447763,1.0444377263405418,0.16768984295539108,-0.28966585968376135,1.0253275712509835,0.16262936230417196,-0.289541824832846,0.8203553498462657,0.10827240445236383,-0.3151463492862943,0.8815895974538027,0.19898195441912517,-0.3694845217863485,1.0763580636911794,0.2829110375559723,1.112712182784475,1.0489928141265046,0.27765472327221846,1.3666481089425133,1.018868437505723,0.25721323978779725,1.2436774840961347,0.948931927203329,0.448222982125826,1.0184763522238502,1.04049970618341,0.4935795670301436,0.7471758991040199,0.9736287928433762,0.3402814471469869,0.5957854087528196,0.8494402125825204,0.22684155466195166,0.5414479514133624,0.865997096650055,0.2213559414809566,0.5260620182586935,0.8689029533691073,0.2429959702536796,0.5120509649208494,0.8583294577367431,0.1294146265158344,1.014779723381803,1.0973808934950344,0.0922586866611479,0.7717494455950583,0.9957122509411687,0.2010637283654107,0.5932736840635934,0.9218787619296436,0.26396538529808344,0.5431225029355078,0.8589059153592535,0.2701554112694768,0.5205101957096009,0.8622720065280609,0.2540647245440576,0.5170152832114951,0.8614236762586043,0.8666666666666667
0.3876599675744855,0.542428202834419,1.017484216639248,0.3694506808844729,0.1292640033019769,0.993033957439781,0.3719233704884266,-0.31799460886006103,1.0037231055229294,0.31243849587108713,-0.29781714972111006,0.7878065550144088,0.3814554919052109,-0.29882244606209885,0.7933214334054378,0.35279982098940893,-0.3939794337665909,1.0890966759823013,0.17589623482468364,0.527997049364073,1.0491872648914962,0.17306865113205805,0.1132802764190266,1.044270372932867,0.16770287084232705,-0.2896151163552375,1.0253334479455165,0.16261665247606458,-0.2888623977540585,0.8208268861775979,0.10824261589946002,-0.31529591274047164,0.8818148000695629,0.19891682344061692,-0.3695615665485275,1.0763630321615676,0.2829175524487876,1.1127746154188438,1.0489616393268502,0.27765367343206,1.3666141750242715,1.0188854291202767,0.25709893727765826,1.2423620260101997,0.9500264333838422,0.4478831236186218,1.0186291884659313,1.0399716017463825,0.4958606118188167,0.74756495850234,0.9731269168844736,0.3458228144980418,0.5985055538306467,0.8479794036555471,0.22884010771281135,0.5478792914540168,0.8641569861199138,0.2219792442317995,0.5267488863951711,0.8667710720760033,0.24472673608711815,0.511831443093185,0.8603362139793599,0.1293820289216678,1.0141583044166356,1.0972285727800202,0.09095401313580101,0.7703562078139252,0.9975794375640791,0.1989326933293158,0.5916278323756254,0.9238173248160424,0.2641722248337137,0.5456460439801892,0.8592152971276033,0.2718630710429337,0.5204877008761845,0.8620092073432823,0.2541596773148769,0.5175720189237419,0.8602245355774989,0.8833333333333333
0.3868511502251372,0.5421915871330572,1.01744746782791,0.36938093967920616,0.1305223629041663,0.9916076530940613,0.37135170115583743,-0.3178800917161495,1.0035804174292313,0.31246717626173814,-0.2978477721139058,0.7878287945272222,0.38146922910268405,-0.2988575405736493,0.7933727192800425,0.352791121492007,-0.39398818758234844,1.0890885196779858,0.17506120057602265,0.5279819758285557,1.048231388878802,0.1731304128953656,0.11339083117480614,1.044122335902657,0.1677174920120636,-0.2896083075679581,1.0253290976247462,0.1626187457452851,-0.28845946688938484,0.8211404834168491,0.10817298535781375,-0.3155776134088946,0.8822183009260651,0.19874873660506992,-0.3697447025670096,1.0763326254947494,0.282931190046422,1.1127963767627977,1.0489307726346953,0.27765439014892995,1.3665826852452674,1.0188969097674065,0.2571480352508296,1.2409915706299401,0.9502735136632368,0.4475289377226046,1.0187804360635773,1.0394669962108964,0.49914557478965943,0.7485823538957529,0.9725601693190398,0.35160620914511587,0.6011457398726336,0.8468890074846143,0.2312407902948968,0.555155164850452,0.8605540118019492,0.22261757633656504,0.5281533457210918,0.8629750421497331,0.24675159953208597,0.5122522466916943,0.8604710736644345,0.12934912398640758,1.0134933255606313,1.0970896843392368,0.08972489235706013,0.7688916467443122,0.999842631320051,0.19606653580134026,0.5901478045335612,0.9251723475673876,0.26387931475170484,0.5483759402110313,0.8600525014020604,0.2731855711162421,0.5204344472386101,0.8618294239711449,0.25448976087177105,0.5183771083167257,0.8585153032806527,0.9
0.3857619188113085,0.5422444025058644,1.0170466021978206,0.36944434472981214,0.13169409702169116,0.9902484971485922,0.37086118749664865,-0.3177637311083509,1.0034427917977187,0.31250299757625855,-0.2978296108693648,0.7878310009593547,0.38147346465082466,-0.2988535814837715,0.7933673164574193,0.3527817244363181,-0.3939970039812599,1.0890861053989787,0.17420901392467594,0.5281150896304552,1.047150816705992,0.1731631304062466,0.11339546649342874,1.0439993876517406,0.1677317423234595,-0.289676542034801,1.025309030592628,0.16263518178844077,-0.28846994529918,0.8211850112329888,0.10812653949508566,-0.3157976338468588,0.8825311415524851,0.19847614537469677,-0.3699886670673681,1.0762468097639375,0.2829458353585527,1.1127996046436532,1.048913274745163,0.277658167383256,1.36655507961653,1.0189054655831773,0.2572922099202773,1.2397302226601001,0.9499916296999473,0.44754738043194375,1.0187709232002713,1.039633488686003,0.5033814291217913,0.7503007919291992,0.9720954627908569,0.35727510543719476,0.6035527151308689,0.8455055399569762,0.23487966558248974,0.5629276969641169,0.8537997939978137,0.22439134151647422,0.5308566458061449,0.8564843956108823,0.24975997802080038,0.5143273660049132,0.8564130986588872,0.12936321753333682,1.012961340965477,1.0972235686378853,0.08874825001027323,0.7676191231145283,1.0020873622799096,0.19272200443706172,0.5890619057333686,0.9253589267115182,0.2628781555289271,0.550769447133463,0.8611541518292749,0.27369730717281426,0.520134852461932,0.8620666624421056,0.255211692153147,0.5187581499622209,0.8576324121502217,0.9166666666666666
0.3843652692987938,0.5427597004058506,1.0161763014506948,0.3695563635013421,0.1326943404057176,0.9890854038232932,0.3704875960652221,-0.3176604839613465,1.003330065835525,0.3125195324632332,-0.29772327082928296,0.7877924158231764,0.3814482730518104,-0.2987671140782774,0.7932626763282639,0.3527706386326939,-0.3940080499233148,1.0890902736085752,0.17340739041132242,0.5284406703040653,1.0459690909999555,0.1731647297624196,0.11333734699288289,1.0438901536368699,0.1677462904986557,-0.28980052066076206,1.0252786725457985,0.1626598118337953,-0.288889264829831,0.8209377807203833,0.10821531675667541,-0.3155882471062113,0.8822515459262711,0.198110534448754,-0.3702728891452485,1.0761060349638345,0.2829587547480412,1.112802115345664,1.0489056523277775,0.2776668612224954,1.366531628162574,1.0189136327459305,0.2574426223356343,1.2387379096923183,0.9496284122713954,0.44805916779909816,1.0185187265920437,1.0407302517370616,0.5081386209295758,0.7524319533374111,0.9719694811922819,0.3627469777836021,0.6059761119802348,0.8432372156306541,0.24045496374367115,0.5709820347424479,0.842855760630333,0.22844661989622178,0.5354773991065596,0.8464825142918431,0.25424081782068736,0.5184296132251662,0.847252388412342,0.12938403684891725,1.0126555845283927,1.097684964709873,0.08806887767075819,0.7666396336824783,1.0042323566234737,0.1892028407194625,0.5885628086095301,0.9241677219060238,0.2610951089528821,0.5522069745014411,0.8621131034462817,0.27320979595877,0.5194529323989597,0.8628940377254413,0.2560631339580447,0.5179772913735317,0.8588630860398467,0.9333333333333332
0.38269305463392184,0.5437073906781329,1.0149643042284082,0.3696228918203223,0.13349849020763543,0.9881483178099527,0.37023671063808206,-0.317579800996437,1.003250709750684,0.31251227685685146,-0.29753626070321193,0.7877319132632866,0.3813941485529567,-0.2986040906168644,0.7930815710336275,0.35275700545851185,-0.3940208641600885,1.089098944487896,0.17275052179157344,0.5289482039047462,1.0447088242139193,0.17314384367929825,0.11326232139464631,1.043793631476401,0.1677622341994129,-0.28992144560381244,1.0252547726681212,0.16268537841252484,-0.2895734490707065,0.820478784756059,0.10851537256065866,-0.3146899864719002,0.8810244705912846,0.1976656470942454,-0.3705865635540319,1.0759182307640311,0.2829712422621022,1.1128079227577667,1.0489048530951555,0.27768147513677716,1.3665102689313107,1.0189230462253298,0.25754930537689064,1.2381605119486436,0.9494274840464334,0.44897522020918734,1.0180240561953826,1.0426186033434819,0.5128074251670935,0.7545511672175466,0.9723741550803298,0.36856217684464326,0.6087520155356367,0.8401078228646515,0.24795299857947634,0.57922856885227,0.8276906761775789,0.2352555455337518,0.5423693949043442,0.8328279272093352,0.2602706499783677,0.5241345830045965,0.8339216898034978,0.12936842547338384,1.0126614587245057,1.0983561218732798,0.08757877161948611,0.765854780493846,1.0064588108730128,0.18568261819214402,0.5887793768806786,0.9216929210593439,0.25853491764248193,0.5521629250408047,0.8625936848669347,0.27169381656348507,0.518674407030342,0.8639150929789059,0.25620742444919287,0.5158175021882847,0.8625387235921695,0.95
0.3808432498741351,0.5448029772137624,1.0136858193318807,0.36961553961795734,0.13417573748902029,0.9873138892729078,0.37010585657827133,-0.31753228757521296,1.0032054768309397,0.3124928146116774,-0.29737334743587235,0.7876628739303174,0.38139466137556355,-0.29851811486937424,0.7930271072427759,0.35274068862741365,-0.3940327421538961,1.0891084433734295,0.172285798068416,0.5295269627588732,1.0434944530187709,0.17311931352725174,0.11319794074679757,1.0437348243916307,0.16777757378060412,-0.29000596470817147,1.025250097558171,0.1627102805852068,-0.29036594985144076,0.8199148216991059,0.10902088917679995,-0.31313010466378166,0.8788857908642992,0.19715266372209983,-0.37090358528122425,1.0756866886328122,0.2829867740770834,1.112814154288483,1.0489113943285098,0.2777008891637174,1.3664890877565912,1.018934334433473,0.25761004785096697,1.2380197788659926,0.949375076647439,0.4501279895258715,1.0173545888943418,1.0449813498111493,0.51673975194037,0.7562421679330558,0.9737051169200402,0.3756560507909159,0.6121219323033298,0.8366617079703271,0.2566683104230196,0.5876796282143855,0.8094387073967915,0.2445154223833404,0.5515835240611755,0.8156677392275212,0.2677469436851369,0.5306729230180571,0.8182222866384008,0.12934474934610513,1.0131010729007865,1.0988716162843053,0.0871575649105942,0.7650828153910327,1.0088054732116651,0.1823550689844623,0.5896549069928803,0.91816690609798,0.25551222345846025,0.5503515031270592,0.8626434574975066,0.26929445462703255,0.5181315936088543,0.864735037553922,0.25469615698406267,0.5124083465268374,0.8684287763302261,0.9666666666666668
0.3789427969167457,0.5456694221639737,1.0125038903572654,0.36956347727547695,0.13483025185636482,0.986421558783438,0.3700972413076697,-0.31754354560648906,1.0031975455569186,0.3124734244438811,-0.297410325219879,0.7875659647538473,0.3816074158996583,-0.29878389992963494,0.7934439903367941,0.35272237687492947,-0.3940412832867646,1.0891165373259588,0.17201509565839182,0.5299754774837178,1.0425376767807029,0.17310754637780354,0.11313709946926986,1.0437495473126899,0.16778913137932974,-0.2900788592744324,1.025254780540233,0.1627377196820161,-0.29116133526311877,0.819330542266459,0.10966901193254469,-0.3111357225300466,0.876150353856574,0.19658312978967418,-0.3711913660713332,1.0754120457340794,0.2830071358810903,1.1128182379360052,1.0489262879556538,0.27772221397064983,1.3664699127032462,1.0189476722195345,0.2576329591644336,1.2381502758218597,0.9493854080189468,0.451341806880521,1.0166630675758321,1.047489669051279,0.519347361104821,0.7571282192715776,0.9767147528171176,0.3846550470929473,0.6161805541930869,0.8335844491911287,0.26574190555255905,0.5963062280109224,0.790252079995956,0.25556696503829923,0.563049748872177,0.7951294693339386,0.2767438090458126,0.5375246928402457,0.8017734155301568,0.12940617454066788,1.0140187706128194,1.0987170874065237,0.08678227715755238,0.7642220910406179,1.0110898595248496,0.17959741419605652,0.590708177037077,0.9142721118460513,0.25266981151276163,0.5468849525802427,0.8627137195180322,0.26649044179543985,0.5174859876711144,0.8660086358850505,0.2511707627846169,0.5076711262918095,0.8765421931926453,0.9833333333333332
0.37710274038383057,0.546060050731584,1.0113963466574296,0.3695096235660596,0.13551875646693118,0.9853950765142092,0.3702180815173406,-0.31764322463073774,1.0032345225916504,0.31245890762404854,-0.29777221588256236,0.7874153006648191,0.3821411206344884,-0.299594964247096,0.7945594849838004,0.35270353027903867,-0.39404607292510513,1.0891247544700244,0.17193779530207298,0.5301169249009339,1.04200176007486,0.17311330536399716,0.11306272793829719,1.043843390994831,0.16779599745066012,-0.2901858394026646,1.0252416888073865,0.16276977635874884,-0.29187686065057084,0.8187975704051104,0.11037153867559912,-0.30898938301941414,0.8732133868365218,0.19597131725525585,-0.37143537114495995,1.075098186965408,0.28303036156674777,1.1128201600134267,1.048946835377111,0.27774229690179897,1.3664584992270528,1.0189621646697988,0.2576072403970737,1.2383119763643329,0.9494307297135933,0.4524466985526274,1.016163595960694,1.049836757207351,0.520387174722389,0.7569779943266366,0.9820084520861054,0.3954334320919404,0.6209068653078227,0.8314832619932464,0.2747363181780579,0.6050104109463499,0.77271445302754,0.2678209800196235,0.576528862217231,0.7719221535716981,0.2875959646092105,0.5446102780060709,0.7858705831247852,0.12963191537006918,1.0152751994207179,1.097573848001982,0.08645157327846706,0.7633301465510998,1.0132876927025056,0.17781660953170292,0.5910690742751472,0.9114201721257088,0.25050744726109525,0.5423767033179946,0.8632002263707119,0.2638591270450209,0.5159410164853754,0.8689141332745274,0.24594115709547143,0.5014013254771539,0.886858383581651,1.0
0.37540222448104954,0.5459809687993986,1.0103072396731185,0.36948730981920974,0.13621348534385502,0.9842415517749561,0.3704717187633508,-0.3178225757564905,1.0033177797467634,0.31245127319164023,-0.2984605151868157,0.787216220737902,0.38297014413931724,-0.3009288522163777,0.7963162459065262,0.35268591122398396,-0.3940486581730312,1.0891361975086404,0.17207010934427458,0.5299664145048991,1.0418776998907306,0.17313598702096394,0.11297454889399888,1.04398125961822,0.16779910637777096,-0.2903477447557714,1.025191771055548,0.16280416441968254,-0.2924281953134733,0.81838654040991,0.11102813011844613,-0.30698260607974287,0.8704751069565853,0.19533237505595655,-0.3716445341155344,1.074752084470742,0.2830525131712447,1.1128215742829237,1.0489658232148908,0.277759119028239,1.3664596879012954,1.0189749241042658,0.257523439477653,1.2383695438589075,0.9495486102597013,0.45328505054420354,1.0160293756365981,1.0517228415788418,0.5202080136754383,0.755833210282559,0.989586819398983,0.40723556791838367,0.6262560683907267,0.8307219394428464,0.28384841123156934,0.6137387435711746,0.7588748102955203,0.2808256604170293,0.5912820948084073,0.7481248098948059,0.300465206022999,0.5520203840854377,0.7718696762814978,0.13002738566638522,1.0166461073162243,1.095494673818028,0.08608559353577433,0.76254500430388,1.0157214252883655,0.17705106768669993,0.5900107499706777,0.9111363046640344,0.24896060300220263,0.5377280434867561,0.8640808942639153,0.2614916899580432,0.5132329875680188,0.8733930851588557,0.23950120014768556,0.49385634316507065,0.8984857665048951,1.0166666666666666
0.3738767819170879,0.5456243440639803,1.009235446238458,0.3695161055384684,0.13685633276359022,0.9830123589841141,0.370851155044602,-0.31802034414315034,1.0034343013860871,0.3124442504132139,-0.29937226866257044,0.7869789215902705,0.3839733148148723,-0.3026005756370838,0.7984566092935004,0.3526707320008335,-0.39405099830248147,1.0891507492013521,0.17243898570085248,0.5297336932443091,1.0419916829214175,0.17317534649430105,0.11288402939933961,1.0441212439085938,0.1677989765381944,-0.29054678289998587,1.025112874798495,0.16283579771485907,-0.29274798593144913,0.8181534218844397,0.1115401373118059,-0.3054114210006419,0.8683327227759225,0.19468235903145809,-0.37183685581153153,1.0743842387963884,0.28307087980713763,1.1128244340687312,1.0489757198916767,0.2777722146041257,1.3664732679506195,1.018982058017048,0.2574483532432404,1.2383303589647428,0.9497762238016749,0.45374413218717247,1.0163137390982695,1.0529048200907738,0.5195539264547215,0.7540315909019133,0.9990165340811277,0.41905061626969875,0.6321737208303108,0.8312465958035725,0.29361183152865755,0.6225015707477792,0.749552830578393,0.29412250856561595,0.605942224080258,0.727039486445543,0.3149037242009006,0.5597938856728709,0.7609880029308651,0.13053568793900636,1.0179822178269362,1.0927865437578013,0.0855712345776573,0.7619878316341336,1.0186994162866578,0.17677676742608203,0.5875390393446904,0.9138088990296431,0.2474840209073501,0.533702276474193,0.8650860619411676,0.258890832679078,0.5100122102566492,0.8777050363026722,0.23227494073830285,0.48595554683571274,0.9096756465410949,1.0333333333333334
0.372524745292454,0.5452110956216506,1.0082178722147968,0.36959584872699064,0.1374513198042266,0.9817933439825957,0.37133678659259584,-0.318172575322193,1.0035617748790684,0.3124137421057782,-0.3003353413046888,0.7866749620964063,0.3850036929508279,-0.30436269647307695,0.8006636612951578,0.35265830987284497,-0.39405314673744946,1.0891642579352445,0.17305826841288416,0.5296191617351909,1.04215162621212,0.17322891196219906,0.11280247960091022,1.0442399044607236,0.16779529830611048,-0.29073567049747046,1.0250347583770067,0.16286089748997512,-0.2928356957804877,0.8181047885228037,0.11183901364714657,-0.30450212248992037,0.8671004390917224,0.19404013007822618,-0.372023590586709,1.074009274836495,0.28308460730134355,1.1128303578536363,1.048973237647005,0.27778197153840434,1.366495419164227,1.0189811314871062,0.25754483265372374,1.2382726037394822,0.9500259627405325,0.45382320248062935,1.01694368767341,1.0533498331821773,0.5190929600347325,0.752100821032663,1.009780109950028,0.4299241470143279,0.6385439134086789,0.8325539082623206,0.304430176646498,0.6312912109622266,0.7441891750429077,0.3073308704280586,0.6189757408453351,0.7117952615731085,0.3300286087364319,0.5680267206179596,0.7533338968892267,0.1310775077342392,1.0192323742923084,1.0898559020741905,0.08486813846580711,0.7618324435381194,1.0220623250467846,0.17621686078578058,0.5843998620169465,0.9182137048930077,0.24553063619381327,0.5307087069639514,0.8659923495566664,0.25551831591001656,0.5072390247450025,0.8799019688286055,0.22480260109255273,0.4788041744917,0.9189171144748619,1.05
0.37135511620229994,0.5448823515767378,1.0073110421674754,0.36969050613328447,0.1380466376643374,0.9806841522402099,0.37188600030553864,-0.3182590738335358,1.0036762517178601,0.3123512339413974,-0.3011612201329424,0.7863071700924622,0.38592060204006895,-0.30595919631597873,0.802627205583608,0.3526488341455415,-0.39405320998828214,1.0891735573672259,0.17390067792662467,0.5296691638555071,1.042260155275266,0.17329177837394988,0.11273671433827259,1.0443310498277847,0.16778804620584056,-0.2908671032796323,1.0249844257882426,0.16287935861830816,-0.2927833634293199,0.8181774821326798,0.11192824728415057,-0.30425533739463295,0.866814220485638,0.1934247048208653,-0.37220399484183203,1.0736394424620586,0.283092876471499,1.1128408850968783,1.0489598022197766,0.2777888981055004,1.3665214438926396,1.0189725386832689,0.25792996759128617,1.2383001078920204,0.9499802022947583,0.4536695602094529,1.0177491613528649,1.0533289930779395,0.5191217031830966,0.7505379406379389,1.0213598566032274,0.43906979005646085,0.6452081308300539,0.8337429436775499,0.31644167138993873,0.6402244820106742,0.7409372190854673,0.32045806526516035,0.6295986772416458,0.7034734010934924,0.3448751927585286,0.5769511683901406,0.7476930703196917,0.13157347916573964,1.0203603889769173,1.087131210458073,0.08403136926738164,0.7623617952079256,1.0252192054553158,0.17481489918963117,0.5815576762571832,0.9223687453945413,0.24299208907738928,0.528838040194162,0.8666643736191965,0.2512947158211591,0.5054161434711656,0.87942217782469,0.21787896851326893,0.4731024961472877,0.9258161274214465,1.0666666666666669
0.3704097890371661,0.5446504742250029,1.006570762052929,0.3697310419053592,0.13865707615405126,0.9797597150607592,0.3724296029869015,-0.318285016827126,1.0037595281739704,0.31233540195447496,-0.30175891082146683,0.7860736121362758,0.3866039897076692,-0.3071597652564261,0.804077213835914,0.35264326212903374,-0.39405039994521035,1.0891804664933604,0.17489140514711687,0.5298029352270484,1.0423088317043028,0.1733599333262385,0.11268725296485232,1.0443980410976543,0.16777786292269012,-0.29092215276799427,1.0249691784130044,0.16289270122975488,-0.2927135384871317,0.8182780463602214,0.11189345759986265,-0.30440064460085636,0.8671245523014618,0.19285002110926905,-0.3723695282603545,1.0732800058976633,0.2830941391659668,1.1128581543003966,1.048937871264226,0.2777939145659383,1.3665468196924988,1.018958546451172,0.2585462006519025,1.2384907124444793,0.9492505501873101,0.4534855535054335,1.0185304385318994,1.0532221976505018,0.5195595180360519,0.7496348120201161,1.033042923863981,0.44596870036445646,0.6520733541941612,0.8337896965025564,0.32957620960835327,0.6498676185197876,0.7371553471819968,0.333828154729221,0.6384114948710043,0.7004826105398003,0.3584309923537645,0.5866692452248882,0.7429006781212852,0.13195061928454066,1.021283326751721,1.085015893409155,0.08314643648746986,0.763758718522127,1.0276632639909122,0.17235716652173905,0.5797680394277923,0.9246531154676167,0.24014553389243,0.5279293983547413,0.867015909840762,0.24656118508829578,0.5044828476005461,0.8771091543433035,0.21223372757011066,0.46903077190909104,0.9307057086312145,1.0833333333333333
0.369738251086312,0.544438884066873,1.0060230622792867,0.36966455343376975,0.1392660781317157,0.9790385845842434,0.3729059473467441,-0.3182296589674383,1.003814787296941,0.31253131161970343,-0.3022389728827178,0.7863664395379313,0.38698282818219687,-0.30782018240366904,0.8048517685107983,0.3526429514116787,-0.39404654580198295,1.0891901001761102,0.17593937118316083,0.5298986983012594,1.0423447929214884,0.17343110355669242,0.1126501576541813,1.0444476068611412,0.16776476519801653,-0.2909068740544811,1.0249844503779084,0.16290239247428143,-0.2926877688467935,0.8183513326408979,0.11183096311152474,-0.3046398528240416,0.8675362755831854,0.1923241311182132,-0.3725066924784827,1.0729342059925373,0.28308873101921,1.112884205889247,1.0489075857345658,0.2777985467091142,1.366568493149204,1.0189417988399634,0.25926479858944745,1.238797753627986,0.9477850734507647,0.4533837928753015,1.019136961175642,1.0532096095011725,0.5201552966120934,0.7495197981896908,1.0437735252243057,0.45071146653118965,0.6591700544545309,0.8323337291149622,0.3433614678307462,0.6611904105577407,0.7305906130183215,0.34746071580366555,0.6470578185035714,0.6999210173945105,0.3697997992145626,0.5968492903697413,0.7389775183853926,0.1321570167819524,1.0219137326547891,1.0838014764436474,0.08227062882250655,0.7658200843311604,1.029491774461818,0.1687823915020505,0.5795208015792966,0.924216790449392,0.2372136763592521,0.5276449514915074,0.8671102709708106,0.2416448438688496,0.5043874661828087,0.8738707778514798,0.20800854819389608,0.4665960099298907,0.9337761035530544,1.1
0.3693719423112804,0.5441623468312349,1.0056554324636162,0.36950480226758786,0.13987816917973134,0.9784408647724571,0.3733000596545368,-0.3180416069120895,1.0038714948055942,0.31307972360200775,-0.30288563684644065,0.7875095279627344,0.3870910927159854,-0.30798443371737816,0.8050229263609568,0.3526488021756829,-0.3940433286441975,1.0892077057091385,0.1769734257917276,0.5298626530198562,1.0424407412439376,0.17350336831661825,0.11262081429259757,1.0444868839808188,0.16774704438335125,-0.2908375310108539,1.0250256958366748,0.16291157106668575,-0.292698301580674,0.8183954039717927,0.1117655732097302,-0.3049057438002995,0.8677696461603168,0.19185310651385862,-0.3725954218980216,1.0726079494684837,0.2830815593520658,1.1129185318265746,1.0488695262214358,0.27780379521023285,1.3665860791967075,1.0189252808824414,0.2600456228211284,1.239037154901642,0.9459934129726626,0.4533635686878851,1.0194954852025253,1.05324355977113,0.5207354534828174,0.7502317544886434,1.0524941192243094,0.45427345410172004,0.6665690353602727,0.8301627098432152,0.3567508060306823,0.6750614269892394,0.7203760659354859,0.3606714371828402,0.6572545494635053,0.6991375259210935,0.3787223207409388,0.6069731353134599,0.736415245759561,0.13219464548674353,1.0222559608918254,1.0835007167137791,0.08144739172869507,0.7679734095542687,1.0313979195597631,0.16413183113558588,0.5810884321252536,0.9208508236214354,0.23423170491903123,0.5276052617809168,0.8672224873941479,0.23664429942340331,0.5053569220735034,0.8699571781538533,0.20469620710809028,0.46587080340692855,0.9350529807452259,1.1166666666666667
0.36929739927666555,0.5437607641701503,1.0054286181187158,0.3693169346985224,0.1405591875216627,0.9777846956832597,0.37363237930114324,-0.317696536734067,1.003956119753862,0.314015223532102,-0.3040110171535507,0.7895322873229349,0.3870941343289155,-0.3079223786554783,0.8049458255698025,0.3526609788137426,-0.3940403915305419,1.0892364054357122,0.17793357080373892,0.5296734722377056,1.0426253054452865,0.17357381286688925,0.11259659252192677,1.0445216003470077,0.1677241777068244,-0.29074405235200257,1.0250838891444276,0.16292073487860398,-0.29271268670444744,0.8184151050128408,0.1116566760844034,-0.30527842281491907,0.8677904320424781,0.1914461805426451,-0.3726165226466969,1.072309425559321,0.2830792843528302,1.1129569075133618,1.0488298327537622,0.277809195197429,1.3666013957591128,1.0189126695295259,0.2608675636772139,1.2390377655303897,0.9444221653797185,0.4533841735238977,1.019614438769678,1.053242463866694,0.5212657455632386,0.7516268309507974,1.0587851898557714,0.45809140024082357,0.674218939266899,0.8286183893587885,0.36843615762594123,0.6916640752865604,0.7071284270572014,0.37242899352997627,0.6701475358108739,0.69607881495192,0.38579325225793926,0.617151295550426,0.7346499186877997,0.13213636725211383,1.0224097670103083,1.0837685508772092,0.08075149907470575,0.7696233675675243,1.0340528949384395,0.15875848423558042,0.5842957038187943,0.915116046345414,0.23128914768042858,0.5275100538248904,0.8676918707558237,0.23178058642925944,0.5072470885496309,0.8659223791749109,0.2017357965184935,0.4666940257490991,0.9350312069799708,1.1333333333333333
0.3694560524802859,0.5432430619995445,1.0053200748123046,0.3691493473079917,0.14142245957952876,0.9769029693528832,0.37392100930317157,-0.31723032354590097,1.0040628626423889,0.31525667532772683,-0.30574643582075756,0.7921424198049306,0.3871651965561831,-0.3079183135519131,0.8049858663893074,0.35267876797306713,-0.3940376112891026,1.0892753977344327,0.17876261726346665,0.5294109060787859,1.0428379239293961,0.17363849224893055,0.11257796303609535,1.0445528200135836,0.1677044570608614,-0.29067284298266594,1.0251397268860898,0.1629145864600433,-0.29268515449574906,0.8183724893914975,0.11145379577657738,-0.3057665235404317,0.8676108777883657,0.19111942731086756,-0.3725706217372396,1.0720512293583477,0.28308478572827334,1.1129934590995503,1.0487977649239402,0.277813541265385,1.3666176171789144,1.0189065713105954,0.26156142191862414,1.2387824305176856,0.9434597933598419,0.45341215545531577,1.0195889210775213,1.053197459390785,0.5217826944948808,0.7533282063130982,1.0629785779433998,0.4630705850426476,0.6819183752138493,0.8287351695637737,0.37746931363000924,0.7102761662462066,0.6925106812142621,0.3820582447778186,0.6861818901879386,0.6894559391304844,0.3920970957031973,0.6285016218622475,0.7317831954878313,0.1320800582915989,1.0224598934695206,1.0841396924356843,0.08028041166143735,0.7704797267876591,1.0375777800336483,0.1533899063490298,0.5882484405557522,0.9086118949580559,0.22858674467795764,0.52715463395351,0.8688318957736124,0.2276626866674838,0.5090190279890484,0.8634720227154097,0.1990466981818967,0.46840116022721556,0.934650544648052,1.15
0.36980249252106334,0.5427109813703629,1.005385142153347,0.36898658134568635,0.14253941682133858,0.9757533279980866,0.37416675240606995,-0.31670258003686375,1.0041650521210024,0.316578914403858,-0.3078132501606641,0.7947749815533248,0.38728110549654293,-0.307946499851232,0.8050960731044596,0.3527008547805536,-0.39403450597838036,1.089320224343267,0.17944230098933936,0.5292174834192709,1.0429906170073369,0.17369431872539942,0.11256724306947336,1.0445767679321807,0.16771073909677128,-0.29066352090674663,1.0251767166532073,0.16286078197819873,-0.2925550201355729,0.8181865607893759,0.11115427172232234,-0.30632218659309074,0.8672743134444909,0.19089452222588407,-0.3724893792002954,1.0718571220244355,0.2830961064909524,1.113023902778976,1.0487774379380106,0.2778162558599003,1.3666379806866837,1.018906254469177,0.2618612739725631,1.2383783446785026,0.9432948155172176,0.4534297044551413,1.0195451407756897,1.0531411863584252,0.5223709413635286,0.7549063208667467,1.0656918732762033,0.46916455256794815,0.689558741329506,0.8309568740980241,0.3838900218462191,0.7295620758745491,0.6785379970334608,0.38961833659026834,0.7049729545055086,0.6794782827458855,0.39865004093219986,0.6423490259215118,0.7260036602141513,0.13207547038626105,1.0224257593509822,1.0843636657098408,0.08008614964523869,0.7705857061393803,1.0416450251266722,0.1487798643364467,0.5917424196869285,0.9033118904492418,0.22629346091818087,0.5264201288914896,0.8709214634065627,0.22479240969346254,0.5094952208314578,0.8642045842283345,0.19682238924848677,0.4701877904273167,0.9345102392455994,1.1666666666666667
0.3703428321866336,0.5422789719348184,1.005709860029949,0.36877603727825076,0.14385865962647526,0.9743859072437089,0.37435872710222146,-0.316153449543549,1.0042421562018107,0.31762538585576194,-0.3094977069443639,0.7967397955699459,0.3872210248781027,-0.3076795696353808,0.8048320621763385,0.352726976447716,-0.3940211560611647,1.0893647916587532,0.17999648283898545,0.5292112841242208,1.0430183659168217,0.1737406147393052,0.11256772847463109,1.0445864340273965,0.16776838405214273,-0.2907221302133126,1.0251946517312873,0.16275243670907436,-0.2923183406685265,0.8178459788285081,0.11086112022260763,-0.3070237920970039,0.8670318309126214,0.19079154690059308,-0.3724210807770374,1.0717563453242016,0.2831097156075644,1.113046597459962,1.0487657177767764,0.2778180057406576,1.3666601995408691,1.0189087440163498,0.2616321489423342,1.2379456885454525,0.943953712049588,0.45343349771256536,1.0195514983314982,1.053093846079057,0.5231368002500417,0.7561407509826734,1.0675496057070126,0.475899907812378,0.6974183878709918,0.8351539000719344,0.38887823898533813,0.7480536791558123,0.6670381547131523,0.3956941003742016,0.7252245485728905,0.6681147551759219,0.40593138859562017,0.6590630895300724,0.7170958824851671,0.13211132543197945,1.0223346390810568,1.0844441319806497,0.08011966127511719,0.7701187282717227,1.0458455288024453,0.14529585928594713,0.5941042707700019,0.9002869106944299,0.22447792009930773,0.5252984186714571,0.8740484831638535,0.22300602914092188,0.5084954932343339,0.8678212586849574,0.1950708575766217,0.47156704222801094,0.9346274457114793,1.1833333333333331
0.37109966292618146,0.542007451309258,1.0062776088324799,0.36850364365045035,0.14523007605307536,0.9729079877574018,0.3744815363836885,-0.31559794743445774,1.0042861167686274,0.31805557208548396,-0.31000351029685386,0.7974954314044813,0.3867902504979131,-0.3068384815562456,0.8038181766105705,0.35275997079963056,-0.3939705649987087,1.0894046085066933,0.18044840823789718,0.529460642673955,1.0428732059786439,0.1737770435821078,0.11258735454202995,1.0445682035033925,0.16787286526172088,-0.29082451254909464,1.0251980718677638,0.16267284258717635,-0.29215060768207757,0.8175826169824167,0.11075932503202274,-0.30808045704255843,0.8673217124317603,0.19081709672329306,-0.3723982203718681,1.0717557502232198,0.2831232915645592,1.113061227139887,1.0487582925373373,0.27782020218989334,1.366668170971214,1.018912726036668,0.2609923247993896,1.2375786812256342,0.9453075332883298,0.45342750414132094,1.01960388645113,1.0530537831284537,0.5240905924579096,0.7570950213157204,1.06919444938836,0.4828101881665452,0.7062137427671069,0.8405343692039728,0.3938720396815989,0.7645802957705625,0.6597032171780309,0.40087141960147,0.7452567117481455,0.658201865072251,0.41369685846810006,0.677755113717873,0.7063752248840887,0.13215765131886942,1.0222781136399388,1.0844734406224423,0.08026193017496,0.7692836414155035,1.0498199640147297,0.14288061013711434,0.5954492808006135,0.8992565583538543,0.22311134938345784,0.5238888811944344,0.8779748579950539,0.22174958887637566,0.5068156720485758,0.8724578249726016,0.19361179107425125,0.4723988809167924,0.9349143805460065,1.2
0.3720618186131068,0.5419233631120233,1.0069996271375798,0.3682248464206913,0.14649029151971155,0.9715035780093433,0.3745195582903857,-0.31503893371478764,1.0042920189403304,0.3177139114655478,-0.30890364186888286,0.7968537696057318,0.3859724106434974,-0.30541886707192406,0.8020457913891663,0.35280353684000176,-0.39385709358547155,1.0894385517200262,0.180814376372131,0.5299784992314088,1.042567503052066,0.1737999122369489,0.11263947673231967,1.0445029306740348,0.16797706283541167,-0.29094024272952707,1.025180352688131,0.1627767119309344,-0.29236864887551073,0.8178245231208706,0.11099024545405219,-0.3095957082203602,0.8684493586856196,0.19094725541452046,-0.372421703635667,1.071824390856382,0.2831356240079725,1.1130680878507833,1.0487530638204587,0.27782264988023114,1.3666332584934346,1.018920631743855,0.26019755638314856,1.2373768671127139,0.9470174611292077,0.4534145873514881,1.0196688092618005,1.053019110235661,0.5250554440379587,0.7579246121732797,1.0712338623191782,0.489364819443141,0.7166875375080395,0.8459049947355962,0.3995405886894674,0.7785751704913446,0.6580303141783188,0.4054214517764629,0.7638754579546896,0.6521062039675185,0.4211070353142262,0.6969891026057519,0.6953801249700688,0.13219566642745167,1.0223768561937303,1.084526323400809,0.0804119579976765,0.7684071625948906,1.0531541474837054,0.1412941425836438,0.596190589659017,0.89921697569491,0.2221261146357385,0.5223629259411441,0.8822096251821157,0.22069088403583775,0.5053166541481364,0.8764788378073276,0.19235415624357877,0.4727587766189627,0.9353704657459263,1.2166666666666666
0.3731735358237891,0.5420319605984829,1.0078797425223898,0.36802334250459834,0.1475204731966155,0.9703711379438695,0.3744603673002079,-0.3144780135717351,1.0042534757199741,0.3166917486911945,-0.3063079492892784,0.7950331818293339,0.38489320770173385,-0.30362663538657814,0.7997820640116089,0.3528536135046391,-0.39370260184674166,1.0894648671997798,0.18111849949580505,0.5307020440374495,1.042176103641419,0.17380320214345635,0.11273303005318841,1.044380532832837,0.16802053637761566,-0.2910508143984686,1.0251272929561241,0.16317208110960596,-0.29319070252595486,0.8188750891789663,0.11156518682624939,-0.3114370510783817,0.8703753348484018,0.19110988219812247,-0.37246209681988307,1.0719106906754492,0.28314416881901644,1.1130696981335841,1.0487462398051308,0.27782056759386575,1.3665488718600416,1.0189331429554873,0.2594133685744315,1.2374312523659938,0.9485378936506846,0.4533953914672981,1.0197067332758558,1.052995476988451,0.5257746819954694,0.7586863274798513,1.0740290194980489,0.4949015946697993,0.7289300471703766,0.8503404103807743,0.4059108417538857,0.7902484645907701,0.6624511936527634,0.4094284828622777,0.7807355474062273,0.6506645934520559,0.4271088099366467,0.7157219438082629,0.6851820101082724,0.13221959451289148,1.022702897156013,1.0846324486436882,0.08052864678400877,0.7679188250158953,1.0553639829780905,0.1403160417806814,0.5965160257087194,0.8993032675501099,0.2215061161260923,0.5209017308560676,0.8862377967478258,0.21985597736722517,0.5043300887388094,0.8794493908579473,0.1914343721334362,0.47284987762297437,0.9358565347136762,1.2333333333333334
0.37436826284531965,0.5423056474030006,1.00901548989366,0.36797647011847334,0.1482752602517638,0.9696264550473234,0.3743040168507273,-0.31392117827767513,1.0041679240037997,0.3152834472704492,-0.3027556869600947,0.792607702736296,0.3837263888433873,-0.3017346425651761,0.79737561461394,0.3528938872976404,-0.3935913496044653,1.0894782378368701,0.18138361750221624,0.5315634955537678,1.041751175805065,0.17378387505161044,0.11286065538075057,1.0442126059184493,0.16795767094161917,-0.29115237199355243,1.0250264872329027,0.1638467943715754,-0.29458845349303364,0.8207071908145233,0.11238624152390332,-0.31337740973774386,0.8728173151088426,0.1912042017699845,-0.3724599973602383,1.0719632215377757,0.2831434650812067,1.113072082332495,1.0487296329660938,0.27780637681748643,1.366486846517954,1.0189402109398082,0.25866454635404246,1.237721352535891,0.9494117243829496,0.4533746666950489,1.0196796520151952,1.0529797586101268,0.526083609175229,0.7593624448357812,1.077374417450708,0.49882888872352205,0.742200931967914,0.8534750888974363,0.41304062722959034,0.8005552281444207,0.6717031479452493,0.41306889135646696,0.7961003582583082,0.652943361165199,0.43100232369202174,0.733629119681143,0.676880073434652,0.1322303764839598,1.0232406542886006,1.0847836075691244,0.08061038413123559,0.7680982005839199,1.0561255562853895,0.13979103848765556,0.5963408701143108,0.8992132973640984,0.221282086035746,0.5196031745517048,0.8897941851451145,0.2193523709538202,0.5037856094134175,0.8816657551159282,0.19109115255394246,0.4728418399855536,0.9361084098903254,1.25
0.37559118690744275,0.5427122739840489,1.0104304081708948,0.3681466564228908,0.14877361194392263,0.9693061006438292,0.3740818480927928,-0.3133810791783166,1.0040419683509958,0.3138512234342368,-0.29899788330637345,0.7902831422234861,0.38263875609219766,-0.30001040018108915,0.7951614509387349,0.3529060973763473,-0.39360698391163396,1.0894762835701124,0.18161565560838575,0.5325847452755359,1.0412933448808266,0.1737442769399286,0.11299402406464587,1.0440282776234837,0.16776655957649547,-0.2912485490386908,1.0248729949133413,0.16470266052872026,-0.29636193433086483,0.8230525569394483,0.11330641150295441,-0.31526854321820275,0.8754406486792699,0.1911793486689836,-0.3723552147418748,1.0719490241089638,0.2831285473836371,1.1130807522730595,1.0486967109630294,0.27777674157731475,1.366589408748727,1.018925912957609,0.25800880379646135,1.2380524557804098,0.9496381860760761,0.45336529451753094,1.0195836183006106,1.0529562803329036,0.5258816578370488,0.7600091554529934,1.0804122450797262,0.5010603281954671,0.75533815038844,0.8556458941649416,0.4210846773152597,0.8107725882084211,0.6835341827484489,0.4166349412479428,0.810457714566253,0.6571726647233748,0.4327826009939968,0.7507988124059132,0.6717656277482889,0.1322312409187638,1.0239145820313098,1.084960471041002,0.08066388115075669,0.7688852054933428,1.055592921534797,0.1396061954402008,0.5956132823433774,0.8990896367247324,0.22143365976032092,0.5184567982783931,0.8929118652175024,0.21913291912438143,0.5036333982530481,0.8832945204259077,0.19136026783380822,0.472724682159669,0.9361430897755061,1.2666666666666666
0.37677201173269015,0.5432638114940321,1.011990618662347,0.36854759742576204,0.14904227673326165,0.9694239318524166,0.37385923044671704,-0.3128783386856655,1.0038922902261684,0.31267596122135966,-0.29574115332355155,0.7885906444324117,0.3817745081601445,-0.29869637429108586,0.7934422375210158,0.35288570753367904,-0.3937505084074403,1.0894678181659325,0.18179591545397514,0.5338258484611458,1.040778379025973,0.17369103600972963,0.11308923358133849,1.0438569928403123,0.16746458122190072,-0.29134149493802813,1.0246781701136665,0.16561396042759824,-0.2982603694326092,0.8255612301207889,0.11418113285991757,-0.31703027890365154,0.8779588242317207,0.19107462122371957,-0.37213351944172574,1.07187049998768,0.2831010989025018,1.113093889524827,1.0486517347762523,0.2777362519066696,1.3669676253139178,1.018883998399488,0.2576110816252085,1.2381540258428725,0.9495876973752787,0.45338055966627844,1.0194940368515626,1.0529257944853632,0.5250561361638428,0.760834365727622,1.0821207149394625,0.502240821619092,0.7671590005390023,0.8578511744999584,0.42981858828163644,0.8218729637915455,0.6959057361231129,0.4202731180064174,0.8242781037329828,0.6619866067885773,0.43298254809421644,0.7674878357199062,0.6702712247956291,0.13222526873978416,1.0246297022768323,1.0851516885039774,0.08068832040637162,0.7699484014628828,1.054459562613069,0.13972276307181947,0.5945543274271614,0.8992164880542675,0.2218325321412546,0.517489083674819,0.8955224097654824,0.21904394591362458,0.5039712195422604,0.8841921245506439,0.1919204905505955,0.4724074173653484,0.9363895478827504,1.2833333333333334
0.37783080649745066,0.5440261705154243,1.0134822675853483,0.3691074173589365,0.14908216032515437,0.9699892406347451,0.37369507605552493,-0.31243974495893423,1.0037423551010018,0.3119165562301218,-0.29347934040981405,0.7877486088612384,0.3812415575840796,-0.2979673023663175,0.7924432981816137,0.3528441725048843,-0.39394697500259673,1.0894669097719765,0.18190165792454405,0.5352589093731344,1.0401683328615468,0.17363298347027117,0.11311179308148489,1.0437109653422971,0.16711189526282272,-0.29141771836785696,1.0244741599860268,0.16645226313574296,-0.30002643417506686,0.8278726580069947,0.11489766956018836,-0.31853332016652797,0.8801335676897087,0.19095538816440666,-0.37182677073005943,1.0717557511602724,0.2830697014862328,1.113103231231432,1.0486085353665469,0.2776933557612622,1.3675937810577419,1.0188118269588813,0.25757193227543806,1.2378751017836085,0.9496054507015139,0.4534231843103803,1.019545176718425,1.0529203124619473,0.523571652841948,0.7619704653217476,1.0820229830480377,0.5033101903770493,0.7768028952083684,0.8607530384332498,0.43836205457063826,0.8341627192196099,0.7075097814512153,0.42387510716883103,0.8379263345139402,0.667017851466418,0.43238888819405663,0.7840579748005971,0.6712376678257163,0.13221435329489797,1.025288006742335,1.085351284321556,0.0806803108657958,0.7709295530371142,1.053511270764112,0.14018921133505008,0.5935235506837374,0.8999439513500425,0.22228506250601776,0.5169079159661006,0.8971033083684754,0.21902494435981562,0.5047703286267435,0.8843998190600451,0.19233841287993697,0.47192416753761396,0.9371585445863462,1.3
0.3787355733965282,0.5450664830598931,1.014727334115891,0.369694082729769,0.14889364797029386,0.9709815125195552,0.3736001554877452,-0.3120895654456796,1.0036117313306092,0.3116166946640159,-0.29245231426567786,0.7876477493410923,0.38106238146565113,-0.2978265592067679,0.792183339898195,0.35279656668301695,-0.3941438836845276,1.0894721995147536,0.18194378798507663,0.5367614483202134,1.0394420629571626,0.17357687389490178,0.11307479973953416,1.0435814644163721,0.166779823638734,-0.29144113185756715,1.0243028701494012,0.16709435473911016,-0.30140461998299345,0.8296443621674943,0.11537190507810405,-0.3195620703835638,0.881683798121212,0.19085006735877683,-0.3714741799326963,1.0716311684400652,0.28304321727649573,1.1131029567406778,1.0485791074032138,0.2776546449773733,1.3682749517192456,1.0186881800841812,0.2577734064435484,1.2373144990210445,0.9497867163475047,0.45348521258652774,1.0198355985563623,1.0529698383571553,0.5215470754501331,0.7631505448463192,1.0805010558249046,0.5048134551374748,0.784097587713806,0.8638229647120201,0.4455755505995844,0.8473294093234952,0.7175500276758615,0.4273475218055617,0.851558148492395,0.6727366747244222,0.4320029749450285,0.800518962940365,0.6731648578533935,0.1322013058287068,1.025794486089709,1.0855451621247212,0.08064816900272975,0.7716351410475872,1.053094507157482,0.14101716981557683,0.59275329501393,0.9015775568054938,0.2226491576069673,0.5169448402947767,0.8971155603162382,0.21915003589390972,0.5056877789210528,0.8844809387259293,0.192411117858306,0.47149589303620815,0.9380947069597441,1.3166666666666669
0.3795130161803242,0.5463445668288284,1.0157120385803746,0.3702045315680039,0.14852287027197453,0.9722935545713094,0.3735499181457351,-0.311842486030929,1.0035066335989,0.3116714672166869,-0.29257773934290154,0.7878850723229734,0.38112955143130856,-0.29804485931432534,0.7923900040392527,0.3527513844004092,-0.39436326241934017,1.089461367179365,0.1819570953313704,0.538217560608671,1.0386629012727502,0.17352624516573645,0.11303966103981805,1.0434563887742727,0.16652136353260244,-0.2913831986480056,1.0241970988786924,0.16745244113924385,-0.3022020617194014,0.8306374516485863,0.11554437183918378,-0.31991963223445374,0.8822407599614139,0.19075595962032782,-0.3710970083519185,1.0715087996923798,0.28302513384308364,1.113094124221502,1.0485687192522843,0.27762212642133943,1.368762346932929,1.0184875649991914,0.2579460187533148,1.2367565942866914,0.9499279140233483,0.4535535663922536,1.020372296361677,1.0530674962088928,0.5192547705032965,0.7639470406319224,1.0784817178669253,0.5067940646978006,0.7897463486287863,0.8658346210820775,0.450774478869565,0.8606772799192477,0.7253316948890747,0.43074493276466186,0.8650146407845656,0.679515731714904,0.43294359511620983,0.8160208291381801,0.675978195782269,0.13219369806038087,1.0260795756970185,1.0856986218876705,0.08060852130609622,0.772052499099253,1.0530436171602082,0.14205239080390736,0.5923853941464914,0.903965373737551,0.22293466938202705,0.5175870053754348,0.895664683335923,0.21949664907787317,0.5063132304307499,0.8851443881105859,0.19219902120726984,0.47142383544167815,0.9383739094902409,1.3333333333333333
0.38020991265169146,0.5476728383252514,1.0166272778903442,0.37063258434000873,0.14807290646528493,0.9737126119999463,0.3735229732237476,-0.3117083721115221,1.0034243471618352,0.3118741782444847,-0.2934226477188116,0.7880172884733024,0.3812734689812322,-0.29830693221909316,0.7926802845282535,0.3527109719185473,-0.39463769218154043,1.0894170448910916,0.18195335935766735,0.5395609725892518,1.038006936227549,0.17348554877416777,0.11306177053209865,1.0433468831417385,0.16636195227714973,-0.29126509912381204,1.0241639264578382,0.16753943491716394,-0.3024295793799715,0.8308914769268265,0.11540780604688841,-0.3195913883948422,0.8815566403968583,0.1906630619196726,-0.37069910486565627,1.0713905628946865,0.28301239760843766,1.1130808336246214,1.0485821138656706,0.27759290985584556,1.3689127990382528,1.0182212963012875,0.2578505344601917,1.2364666567838367,0.9496451705838653,0.45361247575001556,1.021096659693852,1.053176084218733,0.5171798348997062,0.7643699001718454,1.076547012390702,0.5091702392962596,0.7952197086461826,0.865646247852337,0.45395048019778206,0.8734564758237796,0.7303448911072754,0.4340447284728751,0.8779765649134852,0.6867946502338311,0.43595015332368714,0.8292963620952387,0.68073557946614,0.13220608963179117,1.0261501083325757,1.0857454536577837,0.08056742435368858,0.7722791602756842,1.0529729874987606,0.1430298371111961,0.5925729833209485,0.9064582303782238,0.22325842421921488,0.5186199083670266,0.8933288178174328,0.22007482238651163,0.506497530402775,0.886683637877483,0.1918411224009975,0.4718686704749914,0.9374877330195369,1.35
0.3808624109805961,0.5488708006265975,1.0176369051632361,0.37103614840557814,0.14764707899544954,0.9750347093773918,0.37351482177471085,-0.3116987971498644,1.0033633261263828,0.3120731775258565,-0.2944697078114473,0.7878765298459585,0.38139633549415297,-0.29844784830052773,0.79285845866228,0.3526756312193554,-0.3949477347388109,1.0893476437641243,0.1819192743991134,0.5407435184173981,1.0376679643543683,0.17345694799985933,0.11315396259130711,1.043287117738125,0.16628794414613485,-0.2911479594731043,1.0241775285618766,0.1674989646280079,-0.3023717604174171,0.8308036620982368,0.11501362336706393,-0.31875687955754717,0.8797263349240833,0.19056505099131635,-0.37028106460051186,1.0712751062285517,0.28299862606012094,1.1130668737372025,1.048624563212648,0.2775623600530378,1.368722540839171,1.0179382632464646,0.2574042619712891,1.236556321819377,0.9486821244782827,0.45364657210143233,1.0219204754293802,1.053259297526117,0.5159453536169337,0.7648967298839064,1.0741462918071383,0.5118093868360438,0.8022070762243212,0.8624658086984162,0.45535225381013233,0.8852719250207167,0.7328735212488973,0.4370638860845001,0.8903433705245064,0.6935772776885196,0.44095096736688966,0.8397200176465796,0.6878608538659696,0.13225693884421724,1.026115957882165,1.0856000229877862,0.08051954935174506,0.7724365420425907,1.0526515992083136,0.14373625482569144,0.5933471016870939,0.9084184546642413,0.2236999837085501,0.5198507895381219,0.8905666113151385,0.2208317196448336,0.5063460209070466,0.8888807284691362,0.19145944057584402,0.47273734788581506,0.9356246948625841,1.3666666666666667
0.38148032626721995,0.5499303062057488,1.0186813190162447,0.37145842309638216,0.14729336505250745,0.9762012518328802,0.37352858621020635,-0.31181780150906246,1.0033242476553885,0.3122458189687102,-0.29546379316094457,0.7875645018706073,0.38150155634930394,-0.2984891889782453,0.7929566439942906,0.3526456686143187,-0.3952458993185042,1.0892758242846592,0.18185252330859764,0.5417435268545623,1.037702012974091,0.17343174824448535,0.11331499464911454,1.0432911476048519,0.16624908216278603,-0.2910766001630921,1.0241952894031463,0.16749177830672413,-0.30235523034189876,0.8308157795429336,0.11442712793828609,-0.31761539761115093,0.8770726685304345,0.19046126692603707,-0.3698513242320553,1.0711609241345372,0.28298089806720067,1.1130583946765618,1.0486827493325108,0.2775308286659692,1.3682655406311326,1.0176868277370312,0.25667811049546074,1.236999091614193,0.947060733025411,0.4536461786782796,1.0227342722099797,1.0533022926228905,0.5159369353932275,0.7659806287654982,1.0697881236249056,0.5143570800560597,0.811723943044389,0.8562138565479366,0.4552032237402407,0.896274961456978,0.7340523274223081,0.43962662826654975,0.9023251955536463,0.6994575273726874,0.4472343029626137,0.847837551669216,0.6964664627887265,0.13234519313663473,1.0261042845365342,1.0852659688109756,0.08048092911728195,0.772568837351828,1.0522280183253483,0.14408974297971672,0.5944976894084417,0.9095429349776242,0.22424145663731365,0.5211721577873147,0.8875886776465847,0.2216195420884683,0.5060545280991828,0.891161675980803,0.1911944918593911,0.4738208605732161,0.9332652521747327,1.3833333333333333
0.38204967736740303,0.5509814909225873,1.0196233491850566,0.371899782472773,0.1470224616206507,0.977277954860915,0.3735619083713096,-0.31203744549913015,1.003302303162908,0.312425970022054,-0.29639930602813974,0.7872317400887686,0.38162339778214305,-0.2985050758956241,0.7930601965394632,0.35262146064647143,-0.39550105121932205,1.0892178803415815,0.18176297750237777,0.5426440200883826,1.037965820303541,0.17339418247165328,0.11357202164984187,1.0433189075730445,0.16619375848604154,-0.29104796400092603,1.024188660315575,0.16751887822922584,-0.30238067679322644,0.8309246656814459,0.11370497546736734,-0.3162924904497207,0.873942688466255,0.1903534319133128,-0.36942079945430617,1.0710457460754168,0.2829650026349969,1.1130707194861538,1.0486904667350825,0.2775133220748188,1.3676785325073137,1.0174872198748133,0.25578915531675234,1.2377003300229423,0.9449703636459831,0.4536101196115483,1.0234147349223,1.0533041654600834,0.5170722550682562,0.7677580043319875,1.0620018633689257,0.5163011170674651,0.8236315700254591,0.8477857134382498,0.45385991800843306,0.9069022357200875,0.7350060372751172,0.44163969358465904,0.9140213194181035,0.704588187717926,0.45397729657334474,0.8550155725646799,0.7053746070454641,0.13241283237154328,1.0261222470272349,1.0850047248792793,0.08051267277630145,0.7725971650215302,1.0521152157992681,0.14413377043390782,0.5956548610096988,0.9098553427635435,0.2247958153777042,0.5224583538431233,0.8846522193266202,0.22219851359493145,0.5058413074417021,0.8927821244634324,0.19120792220899346,0.47494623617132214,0.9307669036485333,1.4
0.3825423824335141,0.552156275857414,1.020413385995619,0.37233765018687837,0.1468397981467771,0.9783334159769342,0.37360168062596544,-0.31228966184056156,1.0032819509760738,0.3126264123426582,-0.29730422597009104,0.7869665902885585,0.3817725143852707,-0.29853019162555533,0.7931912852884696,0.3526028621934106,-0.39570464789467236,1.0891770259727291,0.18164533129356472,0.5436552741714372,1.038189553110624,0.1733347010854491,0.113967337943565,1.0433086604333228,0.16609845371498733,-0.2910334068037802,1.0241550491695448,0.16742185092395084,-0.3021237637668387,0.8306840804954808,0.11291681369044453,-0.31490847079414713,0.870691722423416,0.19024154391740652,-0.3689888990711302,1.0709256359919708,0.28296254959435113,1.1131286745094726,1.04852862913499,0.27754564305601426,1.3671474729346262,1.0173339594408617,0.25479584174753006,1.2385564327009624,0.9426797451366798,0.45354662931739065,1.023858834893827,1.0532623243921515,0.5190045962037861,0.7700945709773087,1.0501918285563285,0.5172315469573636,0.8369766333524084,0.8386598292311148,0.4518510199553379,0.9174796332310116,0.736227866303538,0.44297943150866237,0.9251298884707264,0.7089634550045623,0.46047288004684067,0.8626028351205187,0.7141890000111928,0.13235671262623863,1.026055961844965,1.0852800034627204,0.08067479188440348,0.7724519147809228,1.0525133490836747,0.14400915160291117,0.5964661069062258,0.9096457201928201,0.22522384162227266,0.5234586278729889,0.8823341475627251,0.22234292147338786,0.5059215340468106,0.8931291312813052,0.19156300641422813,0.47598123172915036,0.9284031616756426,1.4166666666666667
0.3829150802931983,0.5534994015944101,1.0210712383350753,0.3727518451172184,0.1467423662811843,0.9793668887439683,0.3736316915949342,-0.3125022770367742,1.0032429790680608,0.3128330909939642,-0.2981693494152644,0.7868180962304602,0.38192336404354665,-0.2985555912577078,0.7933078881508512,0.3525893291044754,-0.39585740193619884,1.0891480809167393,0.18147812862605778,0.5449734702962592,1.0381331722887506,0.17325709531490854,0.11449602963818184,1.043236073225446,0.1659646873160156,-0.29101113511078397,1.024104070059081,0.16705884199045884,-0.30130436934388133,0.8296972352305415,0.11215736512644409,-0.31364278461719863,0.8677293266360139,0.19012422586143954,-0.3685484437117899,1.0707988540382056,0.2829713979711067,1.1132371142626891,1.0481607836435995,0.2776515289827651,1.366803660137836,1.0172223025758609,0.25370224719034423,1.239480852897394,0.9405254321087205,0.4534754064616532,1.02403916105267,1.0531910873134147,0.5213540698871334,0.7727740539579964,1.0349276923333275,0.517109524588528,0.8504998239364386,0.8304923065500318,0.44965023862751535,0.9282382468531133,0.7377611281394527,0.44334579759446535,0.9354372422652595,0.7121949911476613,0.4658438298473784,0.8713282064153768,0.7229662169271254,0.13210419356927838,1.0258027326194927,1.0864220145964798,0.0809789838477546,0.7722311967937909,1.0530922144252963,0.14387338033966732,0.5967705940327623,0.9093106840886052,0.2253733806105418,0.523854173383606,0.8813929935007889,0.2219675783815523,0.506437070013566,0.892025846682154,0.1920971865038716,0.4767950711159895,0.9264983656891024,1.4333333333333331
0.3831264612703495,0.5549785348311498,1.0216600298866036,0.3731345256326491,0.14671775570249573,0.9803227339639411,0.37364231962504774,-0.31263657188341254,1.0031721313202788,0.31302417187836784,-0.29896031790503974,0.7868317287013187,0.38202839915568576,-0.2985691221706762,0.7933678957158369,0.35258088640424856,-0.3959619501611152,1.0891260095053732,0.18125719500628093,0.5466400896022925,1.0377288526183455,0.17317455292981893,0.11508391293512832,1.0431228964498351,0.16580387395553162,-0.2909738021008804,1.0240427761998607,0.16641709455777703,-0.2999156790852633,0.8279294660087709,0.1115341984633518,-0.31271627815025177,0.8654928679603322,0.1900050383349913,-0.368118734441915,1.070672815699952,0.2829512577626871,1.1133332197081254,1.047852769037004,0.27776236968934176,1.3666265063936236,1.017171741148151,0.252549486156903,1.2403745113944367,0.93884850123454,0.45342982739498205,1.0240259431920016,1.0531672525181865,0.5237558917747087,0.7756204105621645,1.0177589557430127,0.5163330296266527,0.8629549404595125,0.8247113473718509,0.44739752971201446,0.9395429460751926,0.7394467599521097,0.44230857746422425,0.9454807115161962,0.7138801901322023,0.4689445445306991,0.8813251207742088,0.7308713748636884,0.13166206097129518,1.0253522887748066,1.088414589077652,0.08142077217557347,0.7720889771085916,1.0534231206623346,0.1438042928218474,0.5966863869421128,0.9091067951165304,0.22517793468639133,0.5234885084077839,0.8822146840364483,0.2212087887817462,0.5073225310918531,0.889902516118602,0.1925129662588685,0.47727257530450595,0.9253530946742319,1.45
0.3831681122499136,0.5565317832166441,1.0222526967490957,0.3734836650160188,0.1467523309492963,0.981149882337484,0.3736320322621665,-0.31268213351803537,1.0030733499818163,0.313183190216742,-0.29964404908910314,0.7870298279837807,0.38204738719047143,-0.29860556388715065,0.7934076188647412,0.352578544190757,-0.39602274946039406,1.0891118411433012,0.18102061680427312,0.5485391937219636,1.0371006946704302,0.1730994070040282,0.11564160217618008,1.043002642675942,0.16562782622979963,-0.2909237233251116,1.02397465722111,0.16558433885665777,-0.2981478848715043,0.8256236738996783,0.11113893882374616,-0.3122938770673205,0.8643009919859559,0.18989467964675355,-0.3677570309091937,1.0705637311841982,0.2828443819471666,1.1132958830452633,1.0481418711962585,0.27769865341728417,1.3664613675619872,1.0172190032435195,0.25144733669439906,1.2411294906243617,0.9378869083782518,0.45345169908379646,1.023924415560255,1.0533181574023653,0.5259016496365221,0.7783568382294322,1.0007625116697045,0.5154710499777019,0.8735493038334252,0.8216297500035432,0.44482768636789194,0.9517243096408331,0.74083730013273,0.43967046010989597,0.9562386944020737,0.7141151229523238,0.4690014706049659,0.8923336126358383,0.7359245818760939,0.1310958684844375,1.0247626534317125,1.0909884392652058,0.08199700588377275,0.7720408332603745,1.053506357793892,0.14379496251436688,0.5964843070588248,0.9090686707520044,0.22471333570807273,0.5225117787360942,0.8844651810763248,0.22039653121308098,0.5082497746223855,0.8876834840808632,0.19264539993029767,0.4773908998665315,0.9250267552739615,1.4666666666666666
0.38306636091121377,0.5580725654947373,1.0228178318216758,0.37379503787634155,0.14683162311848136,0.9818387384780116,0.37360809806857004,-0.3126467656147103,1.0029773895444265,0.3133101068141397,-0.3002590102277311,0.7873557814809974,0.3819708428749473,-0.29875352827573276,0.7935536535386168,0.35258325240008037,-0.39604433747991735,1.089110551739698,0.18082981900372147,0.5504270296090527,1.0364639949322507,0.17303684608621273,0.11611745015038943,1.0428962177955943,0.16544598152430842,-0.2908695919918905,1.0239056567070557,0.16468477252299202,-0.29624784044091335,0.8231215086783449,0.11099895680633037,-0.31233873955972347,0.8641158753125033,0.1898034966112866,-0.3675173605174681,1.0704872239371863,0.2826354519344153,1.1130287011141473,1.0494663699474367,0.2772875145798586,1.3661127082417044,1.0173897244809758,0.25048732484791414,1.2417199503352354,0.9376632962064274,0.45354608504639343,1.0238041221912542,1.053674318494314,0.5275863931241022,0.7804978607042454,0.9860076253669695,0.5148724543862654,0.8822586148446304,0.8201810449621484,0.44162053689620484,0.9647058322655323,0.7411638818121418,0.43578836380155567,0.9680836579577682,0.7135659624664803,0.46626097948985834,0.9036851895379159,0.7367962813832626,0.13049191898568008,1.0241152304002576,1.0937849030269349,0.08267138634964279,0.771987976418898,1.0536528411492805,0.14381660813169533,0.5963552477961849,0.9091247534807605,0.22413202497401857,0.5212499845308203,0.8873947377911009,0.21987373649279157,0.508819613486575,0.8862949707545787,0.19256591608394952,0.4772727874546049,0.9252299799843249,1.4833333333333334
0.38287128401461284,0.5595157339571623,1.0231790733709927,0.3740595195188979,0.14694479797552107,0.9824011077326911,0.37358644129286794,-0.31256090755324345,1.002933537180952,0.3134177291355682,-0.3008908918003239,0.7876836183915347,0.3818322265938129,-0.2990445728626495,0.7938709236609611,0.35259510818253464,-0.39602528518794744,1.089125346268544,0.1807305081853317,0.5520197050051583,1.035999694222234,0.17298722466234628,0.11649839902470821,1.0428107714329253,0.16526665491727613,-0.29082295305749795,1.0238454428302608,0.16384705731586846,-0.2944680666850443,0.8207791191284369,0.11104210780171733,-0.312560299759714,0.8644882608801472,0.18973596087011693,-0.36741769489083875,1.0704522538981025,0.28234412626265226,1.1125311062043093,1.051826497963904,0.2764863589131793,1.3654736035274342,1.0176851153237094,0.24966406448395195,1.242216925593131,0.9379319552547366,0.45360863900194104,1.0237237476269907,1.053988366471073,0.5287823412950468,0.7816704974236401,0.9750323097818847,0.5144555397079453,0.8895892197719497,0.8189348699292958,0.4377219093108279,0.9778560367499772,0.7396978552077629,0.4313556384002313,0.9803432777417688,0.7127982184994561,0.46173064323817536,0.9144373415056113,0.7342445500288504,0.12993761276760196,1.0234988313566689,1.0964245288383145,0.08336823252034962,0.7718283075479813,1.0541616439189854,0.14385548318228447,0.5963433742421547,0.9092098022318011,0.2235590223451685,0.5199758471573555,0.8903663842508056,0.21981950919270654,0.5088086200330677,0.886207478552495,0.1924330052267207,0.4771043145709266,0.9255337049842314,1.5
0.382636167197321,0.5608488146282593,1.0231442445063197,0.37426198084880363,0.1470946468932473,0.9828302652488105,0.373582832565606,-0.31247766039500235,1.0029707890921924,0.3135108125107567,-0.3015262911108467,0.7879069926147519,0.38171017295266985,-0.2992705122436853,0.7941112412539496,0.35261519494142407,-0.3959511336540073,1.0891567509888218,0.18073611658661978,0.5531763924781916,1.035794549575101,0.1729506979222105,0.11678796199294167,1.042747180432752,0.16509946686809665,-0.2907935559741547,1.023802752286541,0.1631937199436808,-0.29306201056146913,0.8189395043080366,0.11113883716871195,-0.3125994249789555,0.864912581383233,0.18969469665461555,-0.3674618688585052,1.0704644198706461,0.28193532090825035,1.1119093686228945,1.0547143368368341,0.27538491989620306,1.3646058367549492,1.0180899991334793,0.24893265967695788,1.2426674977948533,0.9383350339625652,0.4534580464040726,1.0237650290648383,1.053818010730213,0.5297286932637755,0.7819666542983741,0.9682768215810257,0.5138708779807193,0.8960310570592142,0.8170978888648835,0.4332518589675336,0.9901174642539325,0.7364238677483201,0.4269570508746384,0.9918858055746652,0.711815897069858,0.45633063597277945,0.9239219675017047,0.730037104738622,0.12950948739309165,1.0230091562576975,1.0985158612693395,0.0839992235700588,0.7715069097351497,1.0551731378493434,0.14390395359351338,0.5964092665373071,0.9092986034631375,0.22306511520407854,0.5188432007453438,0.8930030056833809,0.22023214966297605,0.508215814992357,0.8874063461172681,0.192335709609053,0.47698988607982573,0.9257046944023306,1.5166666666666666
0.38238497384129494,0.5621755843207201,1.0226410684390304,0.3743823906736801,0.14729633066282843,0.983089138532517,0.3736041987645402,-0.31246524259653613,1.003070611570278,0.31356981932168804,-0.30202101332880404,0.7879690104508487,0.38168950709337557,-0.29898561436503435,0.793699921708787,0.35264838164462986,-0.39579091797830096,1.0892047859205491,0.180837573622514,0.5539947345246472,1.0358533359664217,0.172928902636205,0.11699134292352537,1.0427054971054126,0.16495711250842982,-0.2907857548484304,1.0237816003231905,0.1628183546444994,-0.29222871897082264,0.8178630492384159,0.1111974576882512,-0.3122819847122009,0.8652089421341268,0.18968739434172105,-0.3676755284390164,1.070531114791701,0.2813072572165205,1.111330918596438,1.0573310496961361,0.27413847040060313,1.363691675317307,1.0185788162952452,0.24831969305562285,1.243019685526226,0.9386520623927037,0.45300192976806,1.0239790160542481,1.0528902393584278,0.530749773972569,0.7818358437052981,0.9648830297678499,0.5128547839163319,0.901724871525998,0.8145942526528789,0.4283073043678411,1.00048852445427,0.7322721189498752,0.4229385684426984,1.001883213397359,0.710548032890384,0.4504483693536583,0.9321705104332282,0.7250850328507163,0.12924876864045126,1.0227333323550811,1.0997096476219326,0.08449534678367569,0.7710103732532414,1.0566806083505862,0.1439349396620344,0.5964417148095489,0.9094120114318995,0.22269942010245547,0.5179606199129346,0.8950264692615758,0.22098075050565527,0.5072079166373786,0.8895279283574802,0.19227939862877502,0.4769274180794765,0.9257621536998945,1.5333333333333334
0.38212772257829636,0.5636783884464056,1.0217504352494822,0.37440066338229494,0.14756289625604663,0.9831271747771175,0.37364904807594695,-0.3125760906018398,1.0031912918129047,0.3135541556088603,-0.3022297941986655,0.7878101535867391,0.3817921265943614,-0.29778801272669964,0.7920962439431918,0.35270131100604474,-0.39551345536550747,1.0892685962811601,0.18101733670706852,0.5547066775250957,1.036134704328894,0.17292382214351656,0.1171107240944973,1.0426862723630639,0.16485322431005672,-0.29079784356467425,1.0237813884491542,0.1627332979261209,-0.2919760228057705,0.8175735126410191,0.11120337270847083,-0.3116481949066584,0.8654633855368599,0.18972700850360197,-0.3680945447622941,1.07065870078643,0.2804103473662881,1.1109439028802495,1.0589794229215213,0.2729208393399895,1.3629616085581928,1.0191182656629874,0.24791407420614645,1.2431812993955225,0.938837072940782,0.45232800351277425,1.0243372360055902,1.051307603119346,0.5318343251552948,0.7817833617354036,0.9632893090927037,0.5112365376268271,0.9066882978174354,0.8114859320308285,0.4228518511265648,1.0085154912687977,0.7283661888103521,0.41936767109403744,1.0100228845785637,0.7093091342382452,0.4442295765784563,0.939712580617496,0.7192768785163135,0.12912655114660723,1.0227026841162943,1.099879343361174,0.08484027733708352,0.7703218464615044,1.0586791130048783,0.14389936371361206,0.5962757245576974,0.9096100540937919,0.2225005288989371,0.517422706766159,0.8962000695084468,0.22183438790426657,0.5060840261681658,0.8919256326008407,0.19224250784729946,0.47688727588627916,0.9257938284112075,1.55
0.3819043013138554,0.5654580404425273,1.0206547022240333,0.37430876518795,0.14788426095604623,0.9829161247214664,0.3737121755394061,-0.3128140941038562,1.0033076572101245,0.3134488498352763,-0.3021304549667277,0.7874224488111683,0.38197924011329565,-0.29567193264144986,0.7892713095760714,0.35277454118861806,-0.39512664043193707,1.0893458431830827,0.18125679571893538,0.5554823438726546,1.0365890482450932,0.17293554523710267,0.11714609010165072,1.042689968586346,0.1647915759280929,-0.29082380812712744,1.0237978700606405,0.16283757852905892,-0.29204777792352943,0.8177715181045587,0.11118150338167329,-0.31082161941457565,0.8657657688703185,0.18982002518761792,-0.3687049137961649,1.0708412290497908,0.27932716041821104,1.1108272489709983,1.0593003949652378,0.27190574771279524,1.362623253080807,1.019662874867965,0.2477513908286527,1.243134728326632,0.9389084223899575,0.45156971152075426,1.0247754213079903,1.0493441160685202,0.53255900053541,0.7821670421664533,0.9621811182397382,0.5086263945225257,0.9112529000052791,0.8075284576258265,0.416689030367811,1.0141912052413717,0.7253683011501371,0.41582768774635204,1.0162421263861952,0.7085531996387641,0.4380176080575965,0.9469761122493118,0.7124734288543271,0.12906300281697813,1.022841789777307,1.0993334861264985,0.08506750051019503,0.7694374993628397,1.0611423807655123,0.14377567325863244,0.5958125001628584,0.9099017848011953,0.22246661189694367,0.5172411485142674,0.8964929470580327,0.22253824816887713,0.5051751716662479,0.8938802354801783,0.1922101406223447,0.4768564200588963,0.925842216913241,1.5666666666666669
0.3817629485572436,0.5674080365968753,1.0195066178533465,0.37413385404697896,0.14820909547259337,0.9825105389197879,0.373788462440419,-0.3131478716741753,1.0034177890265021,0.31334771282488955,-0.3019292468902898,0.7870248289990066,0.3822379862924732,-0.2932278103539124,0.785996710605765,0.3528580621415358,-0.3946925700554073,1.0894365060329787,0.1815428870813917,0.5563425541925779,1.037190331390529,0.1729610189336299,0.11709926587045338,1.0427144280255465,0.16474819932931004,-0.2908533964380994,1.023821032023684,0.1629798985755075,-0.2921234204409729,0.8180394326129595,0.11115288160658154,-0.3099363601700964,0.8661232775494242,0.18995084324872652,-0.36940937322914463,1.0710526626340608,0.2782143973858571,1.1109930191458142,1.0582596964087088,0.2712392644523032,1.362722534777399,1.0201430412134855,0.24774651510826373,1.243007214768033,0.9389041525975894,0.45068581549396525,1.0252703160363803,1.0471143468548432,0.5325351610733646,0.7830720877742278,0.961094932050268,0.5044350186475326,0.9159438307448309,0.8025553474097731,0.4096269165723022,1.0175887056115502,0.7239355102405226,0.41138254010542974,1.0205129396510622,0.7085555973840256,0.43226546388501186,0.9538559357234078,0.7050456793330386,0.12903940283734702,1.0229844987858452,1.0987675324272685,0.0852057406454913,0.7684858606896524,1.0637020376049184,0.14363535558478255,0.5951365302281056,0.910081345669151,0.22253383128578033,0.5172881444428948,0.896219213399754,0.22293534747673777,0.5046841168484792,0.8949494152473907,0.19217642662764223,0.47683038345341416,0.9259119854233331,1.5833333333333333
0.3817088119496246,0.5693286497405758,1.018343241905678,0.3739454306343672,0.1484538150744637,0.9820738394173022,0.3738745922596392,-0.3135460332949364,1.003527588116825,0.31344461427576187,-0.30202627943554294,0.7870455939592959,0.3826308626694861,-0.29142786095968237,0.783567420353709,0.3529327330473788,-0.3942945867353265,1.0895411117088625,0.1818739147708838,0.5572065895361367,1.0379414343701958,0.17299519827730156,0.1169762682078836,1.042753052901975,0.16466845948387615,-0.290871186101484,1.023833459394882,0.16305975129095715,-0.2921313343754741,0.8181624853098495,0.11112238687591305,-0.3091320568471693,0.8665010485401518,0.19008441597881526,-0.37007263835127385,1.0712546323944823,0.27719351898405165,1.1113870608437604,1.0561391295944513,0.2709737934294139,1.3630849898167745,1.0204829813595033,0.2477585393158356,1.2430052393491469,0.9388683098098434,0.4494605803588738,1.02583789305942,1.0445700170634469,0.531789765912043,0.7843335728799403,0.9603006667901823,0.4983004711943957,0.9209183116338631,0.7971098788742618,0.40169958030670394,1.0189054280548784,0.7250938521374491,0.4050073179541753,1.022972009250772,0.7093961920690038,0.42696879053793707,0.9597974351507099,0.6977484928402711,0.12915873079255227,1.0229707422654517,1.0988661870908465,0.08526388040602922,0.7677309299363786,1.065678233678844,0.14362626886663787,0.594488812211345,0.9097269053792321,0.22261704512722352,0.5173874705891099,0.8958451455091904,0.22302901471870262,0.5046024647929178,0.8951453218839811,0.19214025989122457,0.47680487596172083,0.9259955783519038,1.6
0.3817179725843168,0.5710977735063857,1.0171618276846393,0.3738082292063403,0.14855698320351363,0.9817679261810974,0.37396844731743795,-0.31399021388294357,1.003640760050073,0.3138924886247303,-0.3027328363129854,0.7878373034837982,0.38326282731336475,-0.29105663004335575,0.7830384103471979,0.3529678499019938,-0.3940052000726311,1.0896337816853614,0.18224685049820452,0.5579351620012187,1.0388467794414438,0.17303417165832682,0.11678186489188952,1.0427996810994782,0.16450055716469286,-0.2908622827107623,1.0238178744784823,0.16304910213117896,-0.29226354130563514,0.8181746971443471,0.11108820737189622,-0.3085374140076117,0.8668521055616376,0.1901920750876952,-0.3705987100425467,1.071416506573529,0.27630600076385564,1.1118813674050234,1.0535590526082983,0.27100866433304943,1.3634620172661056,1.020652169665442,0.24770518353706525,1.2432591573719842,0.9388209348364862,0.447751104538022,1.0264594110503282,1.0418008058993602,0.5306489023986614,0.785698484124925,0.960159338776308,0.4903918371789905,0.9258012792876847,0.7924562205881152,0.3931737569292557,1.01862516500189,0.7294199956139993,0.3962053966032021,1.0240407800122164,0.7110177727354774,0.421420255112118,0.9642004913045,0.6914487881203386,0.12954059963840356,1.0227315291273849,1.0999289834687513,0.08526686357455038,0.7673562305546375,1.0666934804111103,0.14386291634528303,0.5941287345533472,0.9084582548798869,0.22267484458943845,0.5174610418379538,0.8956366206984254,0.22295148937315545,0.5047532203078023,0.894841384500161,0.19210588763325515,0.4767816908477651,0.9260710044518305,1.6166666666666667
0.3817828627594547,0.5726596347065944,1.016013617876483,0.37372489238287143,0.1485468487399913,0.9815975904228394,0.3740674739835545,-0.31446946211327215,1.003756893031971,0.3147139166259929,-0.3040843925515629,0.7894788908341008,0.38421106975363467,-0.2923701690207422,0.7847637513149677,0.3529199117668593,-0.3938670404578341,1.089628108842716,0.18263155298187403,0.5583853000849224,1.0398920190739862,0.17307760186669743,0.11651296603074024,1.0428547057803828,0.1642328684627365,-0.29082140232245823,1.0237684648531815,0.16295468459077894,-0.2927122539604104,0.8181766227693056,0.1110533644329269,-0.30822725600925016,0.8671236498733058,0.19026991859537826,-0.37096264969623166,1.0715285322651276,0.27559107406429756,1.1123071984974664,1.0513228241711028,0.2711450671770194,1.363695186925205,1.0206888357452366,0.24758900847718274,1.2437585343797526,0.938759484577824,0.44564021319667235,1.0270822970375877,1.0390686372663902,0.5293975085804405,0.7869580193243328,0.9606542392245787,0.48133378513698655,0.9301013891639143,0.7900765043811263,0.3843585201626978,1.0173735628367773,0.7361344582286707,0.38526418631222936,1.0242495194610497,0.7131521959938665,0.414730163888275,0.9667237684783624,0.6871048602301832,0.13020285949351235,1.0222913713254351,1.1018491109763142,0.08523851339863048,0.7673291195746799,1.0669232376769093,0.14433944306380936,0.5941986161366868,0.9062388531120047,0.22271539458264442,0.5175303141459502,0.8955905896724422,0.22285860696992932,0.5049285541371042,0.894477891075675,0.19208721639370746,0.476778638351725,0.926081333023846,1.6333333333333333
0.38191155159089146,0.5739470329089047,1.014969080113644,0.37365324766083535,0.14852862134387362,0.9814433776331529,0.37416828261467944,-0.31497352340839724,1.0038714265701694,0.3158396940590641,-0.30593280746683366,0.7918152222013956,0.3854628580727182,-0.2951756303529681,0.7884973714810841,0.35275796632496514,-0.3938654806557722,1.0894195523366117,0.18298431279424288,0.5585132226112055,1.0410574915435422,0.17312807489205312,0.11616008596303634,1.0429238434869748,0.16389326211039687,-0.2907543764259264,1.023692302982635,0.16279140021803656,-0.2934890560614057,0.8182050489682288,0.11102588279259976,-0.3081773875282988,0.8672708542508328,0.1903297262016313,-0.3711834677823913,1.071596539622487,0.27518944389386607,1.112516872785139,1.0501444582567547,0.2712330693989906,1.3637257046461286,1.0206582437474783,0.247444669390061,1.244411285582151,0.9386838031799121,0.44333906518834976,1.0277269090315504,1.036426344025974,0.528106894353331,0.7879714616865218,0.961417973000585,0.4719058605151103,0.9335791069705104,0.7910455401089349,0.37544188590287647,1.0157474777808373,0.743317867471083,0.37296874938183583,1.024062525578306,0.7152209372576539,0.40647776992886137,0.967357235936051,0.6858349604149674,0.131063888465139,1.0217234006261293,1.1043159276935364,0.08517368116787617,0.767466256329068,1.0667240371341733,0.1449257720747519,0.5946445093063695,0.9035278613454883,0.22275634274090128,0.5176156256571334,0.8956144146463785,0.22282485590709084,0.5050229213246432,0.8942743410260252,0.19210630948901392,0.47682926443280677,0.9259377543810097,1.65
0.3821026313618424,0.57489445981239,1.0140423012490407,0.37357638829680384,0.148560748187813,0.9812535423118862,0.37426818413314866,-0.315490893030356,1.0039781146407079,0.31713236470105566,-0.3080216861760085,0.7945073245977224,0.38692913148416685,-0.29895542881976106,0.7935588764448704,0.3525099611622879,-0.3939454952537639,1.0890188747805831,0.1832996895467987,0.5583859765034467,1.0423272285116398,0.17318850935290847,0.11571480440446003,1.0430130388712302,0.1635351622469477,-0.29067508260418945,1.0236044710318666,0.16257314091688396,-0.29441488881320227,0.8182067936042634,0.11101114107118143,-0.30826432302600737,0.8672926157631727,0.19038161629109523,-0.3712906275954951,1.0716316874124907,0.27526874284683434,1.1124365671953758,1.0504004432963105,0.2712412973142782,1.3635347219894671,1.0205984980904788,0.2472987404232491,1.2451096565931914,0.9386051875937595,0.44103806397771417,1.0284939840461793,1.0336132277370629,0.5266511254799414,0.7886429306614041,0.9619297541634826,0.46281645815863404,0.936156235516338,0.7956098363069644,0.36654137281355514,1.0142329090366704,0.7490682336205841,0.36013523688976545,1.0238686291569716,0.7165352726114913,0.39687006969582483,0.9663149144343729,0.6885452794686808,0.13199798706070257,1.021114445318846,1.1069734952641752,0.08507579453920602,0.7675378338082346,1.0663677905364848,0.14542290991528392,0.5952479390577566,0.9011134069153317,0.22280235449571742,0.5176952528133292,0.8956484919010821,0.22283886331782404,0.5050401670639275,0.8942167544845832,0.1921691116092531,0.4769459635830315,0.9256207752596921,1.6666666666666667
0.3823474938049194,0.5755073674549058,1.0131840529682472,0.3735303229415405,0.1485677538226814,0.9811196142933498,0.3743664563635389,-0.31601041316143763,1.0040745121539345,0.31833754303003114,-0.3099203022417546,0.7969801434935649,0.3885122893002446,-0.3029258747700475,0.7989109012854622,0.3522674128748383,-0.3940873763623863,1.0886008189287217,0.18362123164421468,0.5580609305909416,1.0436675543899914,0.17325930029947456,0.11518371326773275,1.0431232732241429,0.16323003109683457,-0.29060262405542375,1.0235246078880824,0.16231324913228504,-0.2951935685211541,0.8180704664491926,0.1110092558268033,-0.30835301748542326,0.8672485121955882,0.19042823720132548,-0.3713121034575467,1.0716461112147042,0.2758287055207959,1.1120969992151568,1.0519507930345746,0.2712041551262117,1.3631470659306042,1.0205259346975586,0.24716519866789322,1.2457512134706326,0.9385424703451963,0.43890492243537915,1.0293851994619547,1.0305861662235616,0.5248616827051533,0.7888999921893913,0.9617020623852957,0.4547289954031718,0.9376649193005702,0.8031874605966492,0.35786266761847424,1.0131607797732853,0.7524984505581969,0.3474346629142413,1.024007778392247,0.7166361919748943,0.3864801808841871,0.9639416816257214,0.6950535523884662,0.13286854221997296,1.0205487288811375,1.109465605028371,0.08499234509532111,0.7673851865524879,1.0659968264522353,0.1456452398794621,0.5957464601821354,0.8996825686786238,0.22284792063841818,0.5177362053056156,0.8956779274271669,0.22286688071333138,0.5050198217045234,0.8942262143187438,0.19222785643712592,0.4770519652073303,0.9253498687209882,1.6833333333333331
0.38264151503709853,0.5758965962482295,1.0123051924045534,0.3735675468391487,0.14841374605687174,0.9811662638502402,0.37446313447764407,-0.31652244399989676,1.004163558656004,0.3191091562722337,-0.31106755490895366,0.7985008393537967,0.39010498388957954,-0.30624618351982363,0.8034256713037129,0.35213128674400757,-0.39434749005279135,1.0883794787008274,0.18400012132363658,0.5575185751192369,1.0450112817129986,0.17333520296656169,0.11460938046820301,1.0432460320327641,0.1630392040734494,-0.29055345902389895,1.0234696068427593,0.16204558242090306,-0.2956235152459696,0.8177593744114354,0.11102025812522834,-0.30839622035823433,0.8672158653386124,0.19046745375508534,-0.37125937795135494,1.0716465794756014,0.2766873975661882,1.1116015535413966,1.0542700290310296,0.2711553156209881,1.362697578514009,1.0204725845803884,0.24705512298187343,1.2462410113313422,0.9385159119931448,0.4371765640691717,1.030217375567499,1.0278541133058003,0.5227664538538341,0.7886695779719406,0.9605570083953554,0.4482449452234568,0.9378910436574776,0.8125482280677554,0.3496255746660798,1.0127928915145246,0.7536104760716567,0.3355047904407986,1.0247314610267253,0.7154044517510303,0.3758323340770532,0.9608352923913943,0.7036035016486892,0.13354291563062795,1.0200924253673014,1.1114461135608455,0.08498061456209637,0.7669832548377999,1.0656487325455506,0.14550188837073724,0.5959122886281912,0.8995589565216715,0.22288495079447773,0.5177244661099917,0.8957072008988005,0.22288992234420624,0.5049951879995048,0.8942530933986257,0.19218974515396953,0.47697875879261437,0.925558096077994,1.7
0.38297075375649897,0.5762372816401584,1.0112996013276934,0.37371675334151294,0.14804634363341213,0.9814464339037449,0.37455702094898596,-0.3170176594678886,1.004248808380592,0.31918152744065964,-0.3110439145501845,0.7985227548939406,0.39151564820442686,-0.30831692437549985,0.8062757751630036,0.35216921159867487,-0.3948362239101186,1.0884952382722395,0.1844659268765502,0.5567912063824733,1.0462814063309074,0.17340507505825098,0.11407203708019592,1.0433643444346825,0.16298123768843542,-0.2905329597313817,1.0234453271410846,0.16186791967170036,-0.29584235746023796,0.8175084195045107,0.11104472538367395,-0.30842727398744163,0.8672357346651426,0.19049364429269974,-0.3711117594820349,1.0716276024348494,0.27765431538012564,1.1110577487002489,1.056825879090422,0.27110579915711075,1.3624317682583513,1.0204743121170212,0.24698063933236825,1.246508640211598,0.938537445694992,0.43612694160097615,1.0308027666526551,1.0259815308531097,0.52060871592802,0.7879131549291503,0.9587443023811322,0.44342693771107555,0.9369208577822565,0.8217388583578917,0.34171313223620015,1.0132650236299567,0.7527987019665473,0.3249521715658803,1.0260089478205618,0.7131879995482953,0.36515139658919854,0.9579726733563458,0.7116900432059863,0.1339215395845724,1.0197740824341717,1.1126495858404708,0.0850101611145132,0.7663736498990676,1.065380306065475,0.14506635153111294,0.5956002497176334,0.9007415035795718,0.22290772159333475,0.5176657906153017,0.8957364219944854,0.2229034938610982,0.5049881375134434,0.8942778525550563,0.19198099424390114,0.4765855666940608,0.9265775070997503,1.7166666666666666
0.3832993043863668,0.5766848154692292,1.0101061347783842,0.37397601199263814,0.14756348457629737,0.9819418373811251,0.374645752473144,-0.3174858119910241,1.0043306365526505,0.3185358436276976,-0.3098356042162284,0.7970187350886918,0.3924596387918119,-0.30894352914558454,0.8071692644073452,0.35240337224165436,-0.39564853123552807,1.0890033811956026,0.1850238471620615,0.5561048801903701,1.0474339494644835,0.17345815040825266,0.1136463792118263,1.043461839283632,0.1630346278490275,-0.2905366312651422,1.0234471382705186,0.1619384940386363,-0.2962432133466243,0.8178086385335229,0.11107521786082322,-0.30849217646917654,0.8673113683431812,0.19049933466957425,-0.37083846542365184,1.0715780942194075,0.2786259255067052,1.1105728348955324,1.0592444440049633,0.2710497884753526,1.3625586092359834,1.0205201128801222,0.24694775890510307,1.2465504614586427,0.9386036533706775,0.43585612346336966,1.0311198976976546,1.0249904290878142,0.5185264063510144,0.7867290216288805,0.9566368855722379,0.4393324959262338,0.9353408043144587,0.8281712006514383,0.3335916087031389,1.014342518464102,0.7511224906252587,0.31610794078315235,1.027387719870353,0.7110711578029774,0.35446757167463333,0.956516977502493,0.7173645755634983,0.1339966503725889,1.019586386459258,1.1130434807135894,0.08490447022061262,0.7655998687622452,1.0653205270769184,0.14457509342960512,0.5948378717912011,0.9029341956462593,0.2229146938294735,0.5175752620071605,0.8957578814985058,0.2229077216260874,0.5050099047203203,0.8942961759648369,0.19158966305564645,0.4758727466943131,0.9283955123774181,1.7333333333333334
0.3835889780857764,0.5773122213337276,1.0087649297246395,0.3743262828378258,0.14714555246325145,0.9826095283191915,0.3747271928333671,-0.31791627032457526,1.004407222280979,0.3174094475647974,-0.3078531772783743,0.7945039615676477,0.39270044819637456,-0.3083709041918064,0.8064190994820035,0.3527953900068627,-0.39674624347986026,1.0898515470296914,0.1856575626973541,0.5557646794204981,1.0484824342272034,0.17349082914416114,0.11335775673123477,1.0435313712988044,0.16315384239716865,-0.29055505993979597,1.023463738001278,0.16238114882182972,-0.2971127280195067,0.8190828727304661,0.11109419357809927,-0.30861788430922416,0.8674356777629575,0.19048360487837596,-0.3704482228912583,1.0714979158483402,0.27953682119697293,1.110281471870961,1.0612208357799906,0.2709790823793067,1.3631006117769562,1.020545424979946,0.24694991242510256,1.2464528847630694,0.938697200533784,0.43613563218876844,1.031275359026477,1.0244153448175588,0.5163061715799476,0.7854152756749312,0.954336991628151,0.43441874285375504,0.9339982348352411,0.8296189325459866,0.32484062600693175,1.0155037069376096,0.7505324494503531,0.30878584297857403,1.0282960728896633,0.7106256390796757,0.3438718925100023,0.9573230825567112,0.7197545737799871,0.1338823970213564,1.0195307411121926,1.112903938193915,0.08444305781899997,0.7647218570021912,1.0655836030080639,0.14430289651661388,0.5938641529342494,0.9055022771800578,0.22290808670840312,0.5174763261860273,0.8957672650741226,0.22290188244532633,0.5050640593223898,0.8943095453702795,0.19106061933870944,0.4749565802658162,0.9307353510779617,1.75
0.38382311932520674,0.5780941760627313,1.007424299717299,0.37474712032028173,0.14690779150529987,0.9834182598872858,0.37480000557509613,-0.3182986524445767,1.004476746836455,0.31614057995705647,-0.3056776754575359,0.7917147547894343,0.3922251106345678,-0.30710035124465995,0.8047014146259336,0.3532566715982679,-0.3979338782994587,1.090871597269004,0.18632929645117868,0.5559239612689151,1.0494855572727135,0.1735052488827165,0.11319579526797163,1.0435730021407434,0.1632782881800769,-0.2905754086324076,1.0234793531577622,0.1631793980518665,-0.2984405232160184,0.8213420171453429,0.11108566431953791,-0.3088083443579429,0.8676011670512754,0.19045566417074325,-0.36999745891755703,1.071401393177263,0.2802610004650243,1.1102839993057263,1.0624682490093686,0.27089470911216085,1.3639062252463583,1.0204877025805372,0.24697233026477491,1.2463360572053517,0.9387947947292116,0.4365540592975636,1.031405220367452,1.023780625247495,0.5135117390440239,0.78445931027893,0.9515418931177697,0.42749965302007503,0.9336633504718796,0.8254977193040913,0.3155565045704418,1.016379697078157,0.7528271145575969,0.30217152958272603,1.0286251435364886,0.7128951709048443,0.3335332296967384,0.9604996042157944,0.7190896146622062,0.13373410051776904,1.0196564076955608,1.112617015271914,0.08353399100802462,0.7638442806559861,1.0661797137037894,0.14440303900744988,0.5930256860807832,0.9076224754409046,0.22289285548592028,0.5174044761687788,0.895769669216314,0.22288540357294684,0.5051492097743658,0.8943186256792807,0.19047271940894367,0.47397531171910884,0.9332549053685798,1.7666666666666666
0.3840008156163479,0.5789320968582639,1.006308253301482,0.37522454882607936,0.14681746064346823,0.9843546232325345,0.3748629419499977,-0.3186216985940473,1.0045371008385944,0.3149921110463964,-0.303760988608557,0.7892315563216766,0.39125474049091147,-0.3055197512396736,0.8025471165024253,0.3537031462734876,-0.3990067981905209,1.0918763485191492,0.186967944059326,0.5565713068193634,1.0504670878828266,0.17350331176174433,0.11315222442656309,1.0435864619319752,0.1633595966807791,-0.2905855640688879,1.0234812755816252,0.1641388928674136,-0.2999761206489308,0.824072626475054,0.11104531545315006,-0.3090411177631799,0.8677925696988686,0.1904253525303819,-0.3695416390528608,1.0713034540725195,0.2805744333638993,1.1105403202496142,1.062866198330536,0.2708086990164253,1.3647487455522194,1.0203405215408914,0.24700058397895353,1.2462646098629977,0.9388786243813045,0.43681305499922285,1.0316323506061087,1.0229038768674412,0.5097253525448693,0.7844830288869681,0.9475239125318824,0.4182879695080888,0.9349607062244165,0.8172202130121475,0.30597155418057603,1.0170875555709604,0.7581332349088994,0.2949468781653578,1.0289797630501634,0.7176228314961943,0.32337265803666226,0.9654646621260837,0.7167042670567556,0.13362789457602867,1.020032681853618,1.1123840114828263,0.08225889291084282,0.7631146393577519,1.0669771315228145,0.1448458612245447,0.592598387850336,0.908661467158133,0.22287510188010362,0.5173914715650572,0.8957760650887863,0.22285997634877333,0.5052570891234366,0.8943217862688573,0.18991107534392118,0.4730517082912561,0.9356251265256064,1.7833333333333334
0.38412459208650634,0.579711397638643,1.0056210250853175,0.37575000410246573,0.14675572028256822,0.9854038460067251,0.3749133966457235,-0.3188713142605556,1.004584250261172,0.31411485065071676,-0.3023553320765979,0.7873892526293523,0.3900620371399745,-0.3037803223850467,0.8001654917660466,0.3540944768915651,-0.39987219120506234,1.0927597524252528,0.18747045899541065,0.5576915637123909,1.0513136481708423,0.1734855274592859,0.11322300447967953,1.0435705889016949,0.1633909841046077,-0.2905811622469133,1.0234682839529385,0.16496080284940806,-0.3013471856774367,0.8264621851853867,0.11098029377503857,-0.3092649401094355,0.8679731233265656,0.19039734114261034,-0.3691032141712864,1.0712105824086782,0.2803173395339157,1.1108612903846793,1.0627316024560371,0.2707368502273415,1.3653984591115065,1.0201508232858454,0.24702279661173643,1.2462330172498377,0.9389415789923885,0.43684132546615667,1.032058035323581,1.0217587377965647,0.5046307665572392,0.7860831825888533,0.9412075572740699,0.40736157585489974,0.9383335539213766,0.8074144752444663,0.29586472999278307,1.0182904760825968,0.7648123418524615,0.28590756716706,1.030453892912818,0.7235548337380995,0.31282652853784604,0.971469714402556,0.7146099713701058,0.13354826276022594,1.020686731598378,1.1121891008487952,0.0807967100375289,0.7626701618496308,1.0677236471982063,0.14549518510007153,0.5926226988833179,0.90856736588678,0.2228601451157094,0.5174331917136072,0.8957968078034638,0.2228296774110045,0.5053692856419685,0.8943202852905614,0.18945181178290366,0.4722999656953537,0.937527570041427,1.8
0.384205185257722,0.580343785499042,1.005464938871643,0.37631876253908964,0.1466375199577697,0.986532131917887,0.37494664010364354,-0.31902975011248463,1.0046122880797297,0.3135925266383023,-0.3015860068516735,0.7863637361033718,0.38878462727999263,-0.3019723281648535,0.797683994282683,0.3544252691957988,-0.40052490595136253,1.0934961605775597,0.187743505801057,0.5592912803726269,1.0518318971487108,0.17345550514989785,0.11337812709428619,1.0435304587346073,0.16339584996324452,-0.29056597131696704,1.0234478463049723,0.16539870456344666,-0.3021932793578986,0.8278272300667902,0.11090409686349545,-0.30939490256684055,0.8680624157182525,0.19037526414828607,-0.368693582194898,1.0711254462329876,0.2796058529077722,1.1110066835510868,1.0628073599925947,0.270690026630196,1.365684001202349,1.019975262113781,0.24702964857173002,1.246216372747474,0.9389785839297782,0.4367150061830173,1.0327354957457993,1.020329299409595,0.49804404702604665,0.7895733004702823,0.9316683466482064,0.3958263402981781,0.9438314928573143,0.7986446067812059,0.2845710980585591,1.0209498417632294,0.7711636336151786,0.2746284015704257,1.034212383361606,0.7293128609355655,0.30113933028919193,0.9780164857187299,0.7144928396652153,0.1334608568219382,1.0215563169679212,1.1119728905001587,0.07935734178413276,0.7625282949607273,1.0682182057013683,0.14623433884710507,0.5928356369759356,0.9080164206352113,0.2228518328857097,0.5174845862344761,0.8958345999210598,0.22280074415447187,0.5054590505076728,0.8943221733556377,0.1891541057339095,0.47180737174167886,0.9387126700859543,1.8166666666666669
0.38426069983206923,0.5807321438468949,1.005856835910543,0.37692978740798516,0.14646024375764916,0.9876921721918915,0.37495737153912223,-0.3190786424599001,1.0046150137292251,0.31342325308094016,-0.30142672340013243,0.7861311681435071,0.38743912533465397,-0.3002597403821755,0.795337322782417,0.3547012203562584,-0.4009836658716316,1.0940913364633291,0.18774903163708373,0.5612412521457609,1.0519513091923434,0.1734219123098617,0.11354931378396665,1.0434805758759458,0.16339611094725837,-0.29054564917767456,1.0234268124951023,0.16535375096436208,-0.30225303624931554,0.8278474885328477,0.11082960447029741,-0.3093226823278942,0.8679338601521358,0.19036542896303763,-0.36834631662665607,1.0710544660694723,0.2787491221287114,1.1108075637313293,1.0637671345852648,0.2706717033126882,1.3655397574733144,1.0198526781001576,0.24701696572117185,1.2462068339491779,0.9389811330533484,0.43653634802101016,1.0335711887114298,1.0189172842258176,0.49003113725881553,0.79482701550538,0.918893057588436,0.38473455126789147,0.9510273704578597,0.7924549237380596,0.2716442294726794,1.0257438164705188,0.7769790476692591,0.26146127775723493,1.0408879521268972,0.7340701134846581,0.2879686864202725,0.984788838809966,0.7167798118087049,0.13336127355664845,1.022462527930302,1.1117427306443157,0.07814532161765787,0.7625085242990738,1.0685848432740923,0.147012493831447,0.5928408185566015,0.9079886594314033,0.22285229250893662,0.5174973769853498,0.8958830667628115,0.22278028131202898,0.5055017257690639,0.8943376718272831,0.18902908598320495,0.47157906708134634,0.9391541154124525,1.8333333333333333
0.3842908468936731,0.580722815649793,1.0067552552645753,0.37757904088196925,0.14625703956920139,0.9888502610991112,0.3749441336994486,-0.31901256669053424,1.0045903828549176,0.3134788847682092,-0.301643202254362,0.7863898566995895,0.38607576446779424,-0.29887744413928646,0.7934537584329097,0.3549264417476022,-0.40126213677982897,1.0945525370020845,0.18751732439487376,0.5631929115422171,1.0518229678023021,0.17339253081899017,0.11367055031649892,1.0434371275492964,0.16340007725641856,-0.2905242013415465,1.0234080048036518,0.16485392076621821,-0.301426466103383,0.8265319021243063,0.11076419614257277,-0.3090043422256303,0.8675211428929379,0.19037713133195186,-0.36811675430751206,1.0710098316171865,0.2779922777054213,1.1102278813698732,1.0657736102781799,0.27068040054497,1.3650206637912492,1.0198086964859892,0.24698669167505366,1.2462175038137155,0.9389490352348862,0.4363318113916218,1.034282015886477,1.0183340161325662,0.4810377468248961,0.801280168213713,0.9040643596693226,0.3745091868918259,0.9591741180020655,0.7892196098330477,0.25751464443584443,1.0325813307435934,0.7831197752987458,0.24724080226975245,1.0500217895716462,0.7378821775613733,0.2737098661007723,0.9914748959057602,0.7204046566117235,0.13327488385362848,1.0231492647983003,1.1115623151123313,0.07730007757835228,0.7622948758574717,1.0692927538912256,0.14780623801048237,0.5924095186607866,0.9090438707883249,0.2228608396896686,0.5174567930987636,0.8959337395035805,0.22277306973142558,0.5054886326987602,0.8943694389928529,0.18902655499486237,0.4715099802446031,0.9391345414502086,1.85
0.3842651063384119,0.5801721704081417,1.0080312194591026,0.37824951735761575,0.14602618604915124,0.9900045282700217,0.37491495856592555,-0.31886364220154306,1.004548614163341,0.31357686845080474,-0.3019200041634005,0.7867280803397243,0.38482627511141476,-0.298037479073311,0.792315482991632,0.35510167328779424,-0.40136495196129485,1.09488430262551,0.1871235684340576,0.5647118683515697,1.0516888749808442,0.1733685281653401,0.11372549886332955,1.0434085065544314,0.16340742287871063,-0.2905057808888817,1.0233930968385712,0.16401940237267987,-0.29993590530092884,0.8242077344264631,0.11071021458392266,-0.308603904972385,0.8670142371453452,0.1904178404004526,-0.36804449877274464,1.0710023573677314,0.2774463442848017,1.1093409926195925,1.068559033746666,0.2707095981018425,1.3642889246236232,1.0198559906859592,0.24694530369649367,1.2462718641782122,0.938896167248227,0.4360166125138543,1.0345793639000835,1.019327585000123,0.4718506374113768,0.8080402583371579,0.889135650501635,0.3648243262946811,0.9673522659037402,0.7885327189018162,0.24335973904548766,1.0406583551085036,0.790143204532177,0.23314963974671313,1.060135649994857,0.7417416913647916,0.2592544425968101,0.9977974483109864,0.7236982845404236,0.13323273147659553,1.0233995575689485,1.1114952195001553,0.07682555726861956,0.7616091583091649,1.0708120147297657,0.148607496673659,0.5915758116524308,0.9110986872065825,0.2228750167117303,0.5173794575064935,0.8959816738476806,0.2227799297985501,0.5054314700846262,0.8944075725156844,0.18909336880617547,0.4714706378596898,0.9390332975432778,1.8666666666666667
0.38415314710294796,0.5790737447016446,1.0094666050807484,0.3789124970874841,0.14572045486913637,0.9911638593978099,0.37488682424710706,-0.3187056536717788,1.0045121393367396,0.3136127133285767,-0.30207704240371674,0.7869108910397082,0.383791008538817,-0.29777720690699566,0.7919606653915607,0.3552267050309683,-0.4012906151095757,1.0950917858791103,0.1866406734766701,0.5655255263062193,1.0516291235541586,0.17334754138926442,0.11373952631256862,1.0433933708828675,0.16341558895171396,-0.2904953821893187,1.0233844607618015,0.1630594073055784,-0.29837421401551817,0.8215457845062619,0.11066941400042238,-0.3085132119188258,0.866907197824253,0.1904865748168812,-0.36812724850651923,1.0710336006383923,0.2771745617049608,1.1083160432592398,1.071718228134154,0.2707453337904079,1.3635459170127908,1.0199741986306425,0.24690257010208372,1.2463731328906238,0.9388344439051591,0.43546129703045583,1.0343857074265808,1.0219171418537383,0.46332513132227143,0.8141275149353047,0.8761630707066178,0.35495249316773114,0.9746493562161191,0.7894263345530728,0.23029314468276024,1.0489042493237166,0.7979349599077308,0.2203855099420945,1.0693713602887467,0.7471836732857908,0.24537302469504493,1.0034686516151654,0.7260631707425697,0.13324804614201466,1.0231313066921732,1.1115665557191985,0.07657034533992478,0.7603433257547145,1.073314845754216,0.14945092648172872,0.5905047317518942,0.9137450409534479,0.22289462969949458,0.5172898628858965,0.8960240303638447,0.22279843643417213,0.5053531802194023,0.8944354561129915,0.1892207875867603,0.4714385623567358,0.9389911969081406,1.8833333333333333
0.38394573392835274,0.5775891371810129,1.0108628286414145,0.3795385495153097,0.14529992302642425,0.992311397207619,0.3748738912105757,-0.3186060428253076,1.00449917405111,0.3135857617084476,-0.3021093741384338,0.7869306328210943,0.3829485950796353,-0.29788913747276,0.7921023027622901,0.35530225050397296,-0.40103383679340293,1.0951795257884374,0.18610907595558737,0.5656586079111787,1.0515408817675291,0.17332911297461437,0.11374096107793574,1.043385493361548,0.16342274518392969,-0.29049564034838177,1.0233836922914155,0.16222914325751156,-0.2973361768476188,0.8193444426638024,0.11065446466921866,-0.30919966688384093,0.8678140873189697,0.1905753760889297,-0.3683429686148789,1.0710990309338873,0.2772083773136137,1.107441806213111,1.0747728756883232,0.27077301493534917,1.3629453425346378,1.0201089563088632,0.2468711047803327,1.246461876812263,0.9387565124741319,0.4346075885582497,1.0338239982879847,1.025433522664286,0.45605000197438117,0.8187750306866262,0.8665976878419777,0.34420040128205465,0.9804694186783949,0.790475046281567,0.2188234692769679,1.0564653907269217,0.805971250786584,0.20960400285085756,1.0761910950262275,0.7553666237257551,0.23231176981284796,1.008208087810274,0.7286374398855204,0.13330463959788477,1.0224324270958938,1.1117559055335238,0.07629838393819652,0.7585950548209546,1.0765736616962325,0.15036440203446425,0.5893721855012677,0.9165413910446849,0.22292267593158305,0.5172066670134485,0.8960570237768826,0.2228240011246558,0.5052768976128362,0.8944417796309221,0.18942408765350746,0.47149349536180674,0.9388862965403064,1.9
0.3836430301573186,0.5759330681458255,1.0121592336475351,0.38010528083011197,0.1447670974081906,0.9934025656784566,0.3748773550914803,-0.31857521726770804,1.0045096205130704,0.3135320197807682,-0.3020799761896958,0.7868666150412229,0.38223248477914396,-0.2980804106649755,0.7923460980341854,0.3553298556947098,-0.40058952295937533,1.0951489112109243,0.1855457956416924,0.5653134290789575,1.0514002634418114,0.17331466501898726,0.11374136737728319,1.043381284305969,0.16342804173646458,-0.2905051180813984,1.0233905012330873,0.16172977137672395,-0.2969545457214428,0.818125153877814,0.11070038195267456,-0.3110142998205865,0.8702125321304327,0.19067642213566902,-0.36867957421099207,1.071195503970958,0.2774600515078949,1.107021094102308,1.077069421574103,0.2707972747013997,1.362567188171235,1.0202080393542097,0.2468624485672009,1.246429565270325,0.9386380701516228,0.43352401678555186,1.033112939491491,1.0288982063907604,0.4501519500501704,0.8216503249911862,0.8607293661197184,0.33229001738322894,0.9846768014066345,0.79053230809028,0.20892962559440537,1.0629390713949092,0.8133264695317053,0.2006008299922857,1.0799292972410792,0.7662449611026179,0.22002954246664108,1.0121440896210245,0.7331277640465745,0.13335954484704177,1.021544225489908,1.112005104895637,0.07583601935469282,0.7566801029842891,1.079895349975215,0.15126270728784452,0.5883373104975427,0.9190885188835372,0.22296054682689606,0.517141324484444,0.8960768592006881,0.22285212522572997,0.5052212301652255,0.8944287965508735,0.18975110877168377,0.47169311974496364,0.9385844733823043,1.9166666666666667
0.3832508048632448,0.5742084364606503,1.0134078677066174,0.3805973557587799,0.14415081100868815,0.994391463204507,0.3748897023795339,-0.31858021549972243,1.004530581107005,0.31347940396698926,-0.30204483216696165,0.786792623754316,0.3816636469845252,-0.29820308882219326,0.7924964947801497,0.3553094039846693,-0.3999651297500497,1.0949978332321368,0.18496265410684753,0.5646398703490484,1.0513342313967056,0.17330476035031633,0.11373868871916798,1.0433826606309655,0.1634310470039621,-0.29052034414219957,1.0234033794628499,0.16162045073489723,-0.2968999499424022,0.817891971943979,0.1108529716163894,-0.31403047014920277,0.8742159413153267,0.19078539661986582,-0.3691275389401399,1.0713203600907468,0.2776790423243534,1.1071189022922323,1.0779106044548614,0.27085239427357505,1.362421507762121,1.0202537939434637,0.2468802127893134,1.2462004626690781,0.9384571200558756,0.4323653710343657,1.0325298011967137,1.0313125693261278,0.4453377092670744,0.8229525272579394,0.8578171090702944,0.31959306539887167,0.9875233508616705,0.7895800503792854,0.20020438500348095,1.0682572524284035,0.81892742017392,0.1923838479153157,1.0810351072508415,0.7785229244582199,0.20855065425535774,1.0160074616682269,0.7404287575516761,0.13338090632097777,1.0207380831294317,1.1122378188921904,0.07517307825412191,0.755072172510157,1.0822890672321894,0.15194715445557463,0.5875413923030207,0.9210363035027582,0.2230008606052867,0.5170996918642863,0.8960830183067192,0.22288058204359437,0.5051967297757168,0.894410690721531,0.1903122247325177,0.47201661617185364,0.9380873778612754,1.933333333333333
0.38278648956733297,0.5723534487467759,1.0146634501219571,0.38099994975805357,0.1434829407893859,0.9952442671864193,0.3749039994545674,-0.3185899544349297,1.0045500501313163,0.31344018298944076,-0.30203493443851775,0.7867540274210277,0.3813302589584209,-0.2982667622341823,0.792568352290352,0.3552342587509098,-0.39920215674615006,1.0947212582971355,0.1843704026141594,0.5636197224996562,1.0514496631036885,0.17329803092535687,0.11372687890160948,1.043393857643949,0.16343168858024998,-0.29053842262740026,1.023420294848078,0.16179279998158713,-0.2967537943611642,0.8182138728005963,0.11111695756701724,-0.3179422183492953,0.8794268164999394,0.19089991444233087,-0.3696526810986026,1.0714642222020128,0.2775731906671284,1.1074852764197616,1.077005071313819,0.27096016132270934,1.3624426656769386,1.0202638466650478,0.24691944316325587,1.245781843752142,0.9382122166325986,0.4313004218524684,1.0323327873163015,1.0319646556062971,0.4411049752703623,0.8234198665501649,0.8567146095613714,0.30693322153862973,0.9896183672529777,0.7884539039249261,0.19187877189308605,1.0725180770569422,0.8221096526545448,0.1837034287450744,1.0807959493433246,0.7904860612856217,0.19779131652206383,1.020673498074076,0.75040847148073,0.1334138856859721,1.0201403372824163,1.112388836300958,0.07442497474676756,0.7542027827951673,1.0829426914755207,0.1522448700013619,0.5870805373881961,0.9221459617725651,0.22302060358447845,0.5170815126903316,0.8960780901070982,0.22290836539110778,0.5052026138953328,0.8944032019830188,0.19123766986021967,0.47240517945514227,0.9374906998470509,1.95
0.38227243371831465,0.5702293700702602,1.015926679070282,0.3812927830661465,0.14279220068022414,0.995935656152545,0.3749171116424122,-0.3185933360794059,1.0045640701075778,0.31341514760657596,-0.3020582402573254,0.786765628906771,0.3812444171131111,-0.29828915866678046,0.7925887589666688,0.3550893863980163,-0.3983791387844816,1.0943133461215624,0.1837775342170431,0.5621279861916146,1.0517651983000982,0.17329231493551067,0.11370168984146356,1.043418255859658,0.1634308693026343,-0.2905584778931501,1.0234392462806035,0.1620585022068727,-0.2962959663537693,0.8185830140245125,0.11139480436395272,-0.3220511548612509,0.8849144820827288,0.19101660570520473,-0.3701929584841509,1.0716102541279056,0.2770228043918802,1.1077795991681239,1.0747108485100736,0.271048451648196,1.3625279161365746,1.0202670799015936,0.24697183515870974,1.245239213777018,0.9379243583335456,0.43047332944026895,1.0326296797354138,1.030663765522014,0.43685930478197327,0.8241347910865784,0.8562834785753985,0.29510256248296873,0.9917755229433645,0.7879074568433675,0.18307504635277502,1.0759390129810895,0.823089921443896,0.17394457189311274,1.0807274533460642,0.8011134898661905,0.18734784506315127,1.0266818742539745,0.7624009377473318,0.13358036059182246,1.019697294603255,1.1124368485367688,0.07373703462120204,0.7543010760113904,1.081577968967558,0.15219031147119255,0.5869554010651211,0.9224182715359419,0.22298555655119473,0.5170775378921675,0.8960672578915397,0.22293460559703104,0.5052283842070007,0.894415707125663,0.19259587501580583,0.47278151033829774,0.9369214817931388,1.9666666666666663
0.38172727496996783,0.5677394665323318,1.0171596603450077,0.3814575145112544,0.1420994453540918,0.9964502094146004,0.37492899472065633,-0.31859226150512704,1.0045754531132185,0.3134040440117915,-0.302108677225728,0.7868245117672253,0.3812780783452263,-0.29822173028695875,0.7925075598582373,0.3548584811239109,-0.3975663832079191,1.093767889648095,0.18319064707613192,0.5600796403041205,1.0522692249922798,0.17328666566939127,0.11366249442374593,1.0434562965625926,0.1634304637047995,-0.2905806531011912,1.0234584801009068,0.16229533785457234,-0.2955474631039983,0.8187632654714769,0.111511009315832,-0.3254351079615921,0.8894422617199145,0.1911302408851653,-0.3706949841748293,1.071744156829955,0.27614726278306073,1.1078206540368334,1.0717198823310428,0.27095133187905907,1.3626089112527224,1.0202790492889453,0.247029038571221,1.2446567091973644,0.9376240612585213,0.42998727986081964,1.0333366059515972,1.0277780080032262,0.43191700108593234,0.8261312930657364,0.855477690554593,0.28454915440055767,0.9947219983913661,0.7881573904100054,0.1732636955500148,1.0787355013270656,0.8234236240373012,0.16351358563180515,1.0820398659611798,0.8103430479622082,0.17684742434066453,1.0342128156490773,0.7753471400654723,0.13398186454080732,1.0192821033822002,1.1124206653110011,0.07322039501613578,0.75536553487156,1.0785130426178342,0.15208852233974085,0.5870604767684349,0.9221399924316167,0.22289090992292493,0.5170716291395794,0.8960628057864586,0.2229607040111472,0.5052586908818801,0.8944521454309005,0.1943379687932243,0.47304047979695396,0.9365242269076441,1.9833333333333327
0.381171780705088,0.5649032411423299,1.0183326054538044,0.38149531962843397,0.14140623385977663,0.9967858450853214,0.374941123901717,-0.31859094741715693,1.0045871445884353,0.3134121770728163,-0.3021754952072665,0.7869234218021036,0.38128600400300994,-0.298041022056508,0.7923101367571789,0.3545334696597159,-0.3967767354606807,1.0930708758351164,0.1826177240944763,0.5574941309103011,1.0529675053879965,0.1732820940770192,0.11361221283597678,1.0435045249447157,0.16343171712668825,-0.29060357275684356,1.0234760715084028,0.16248407223342934,-0.29466296062783104,0.818794830435277,0.11132893367432278,-0.3273267953140902,0.8919818087142315,0.1912359148528492,-0.37114627238566333,1.071861920656869,0.2751484450268872,1.1076597739121672,1.068607767821909,0.2705301326392292,1.3626681817491775,1.0203012249841084,0.24708357521162982,1.2441190107802593,0.9373465988146725,0.42987184608801615,1.0342433637308144,1.0241238696726371,0.42567436078721554,0.830144355197098,0.8533961314521836,0.2752897549515074,0.9990213736907685,0.7888789383296319,0.16261544779295461,1.0809501503562686,0.8254992641120511,0.15336264739504313,1.0852522720839581,0.8182909333095119,0.16646447924833885,1.0431910804030151,0.7874125551288589,0.13462785987987916,1.0187795935209973,1.1124132466483216,0.07291050575026836,0.757142891239478,1.0745677191383263,0.15232074652770636,0.5872671744710369,0.9216865406603965,0.22281890806761614,0.5170520038464297,0.8960807252272744,0.22299067047492566,0.5052792010904255,0.8945124826665289,0.19629958586870028,0.47308269383932644,0.9364319012238678,2.0
0.3806345245483216,0.5618498023416647,1.0194465225053606,0.38143089348925857,0.14069230283854162,0.9969411402162534,0.3749542386698426,-0.3185905595158923,1.004597438296346,0.3134460299632056,-0.30224980053504436,0.7870528228313799,0.38129427980843555,-0.297905652138444,0.7922010224572804,0.3541189927850601,-0.3959772851914542,1.092197468097026,0.18207191949879772,0.554455023406112,1.0538948128810222,0.17328029693422023,0.11355537921578246,1.0435577569071803,0.16343375564727303,-0.2906251572687777,1.0234906346455404,0.16263823426402363,-0.29381331567814084,0.8187820359768389,0.11082555761307139,-0.3274498346313242,0.8921692205684733,0.1913295658530686,-0.3715569059033627,1.071965734601461,0.2741753204584372,1.1074763129723397,1.0657627052993082,0.26978927649714424,1.3627050597082664,1.0203333335108646,0.24712860255394198,1.2437037157980657,0.937136856781934,0.43004705214992556,1.0351206139174085,1.0206356749003027,0.4179054481268558,0.8365171226411321,0.8494240202436699,0.2669704822163773,1.0050639997893969,0.7893075547676628,0.15206905324536013,1.0826170656825727,0.8303192724301086,0.14451993913041625,1.0899511490922051,0.8248184916253446,0.15708859425743066,1.0532069184400195,0.7960262588382918,0.13545054878396312,1.0181321091476097,1.1124711685375015,0.0727499558706286,0.7591852088789894,1.0707436600306588,0.15306797913528244,0.5875002599995802,0.9212589766395651,0.22291849260684743,0.5170189577456246,0.896127349672319,0.22302726606089285,0.5052820957159179,0.894590607573358,0.19826617209168895,0.4728795099615005,0.936692000658216,2.0166666666666666
0.3801399492344252,0.5587482085952581,1.0205028027098908,0.3812996497187911,0.1399318378372928,0.9969135093270076,0.37496700905130326,-0.31858974592548817,1.0046017868423827,0.31350478162895423,-0.30232457043228506,0.7871984967397743,0.38149494493557745,-0.29812534757779147,0.7925653516051816,0.3536395219877034,-0.39514312772290816,1.0911463263806755,0.18158293144183413,0.5510786836774026,1.0551091602578349,0.17328222896307605,0.11349614462772356,1.0436119522022502,0.16343427470069,-0.29064559466699824,1.0235025106117746,0.16275604594924278,-0.2931339071997117,0.8187739664361725,0.1100695848733371,-0.3260797140334386,0.8903807618795974,0.19140505252956977,-0.3719216236516056,1.072056382199085,0.27334245164360577,1.1074115908206932,1.063556839497569,0.2689014866525339,1.3627139222897735,1.0203738251152445,0.24715775367308257,1.2434674607285872,0.9370336588037482,0.4303311057468617,1.0358072368238413,1.0179794788702503,0.40887591612792007,0.8450749975714569,0.8433811671498856,0.25917514561967037,1.012876951792841,0.7885707570177278,0.14295548116029363,1.0841870329119285,0.8359067112545395,0.13785327155307725,1.0949824448099368,0.8300821342118393,0.14994957802773795,1.0632664676624892,0.7991854537680287,0.136341889740542,1.0173798202383737,1.1126034935153422,0.07264275275259657,0.7610578005726341,1.0678023923791753,0.1542671373875787,0.5876886744525343,0.920870201892131,0.2232950700642812,0.5169766320823002,0.8962022180796355,0.2230693730459239,0.5052679448491714,0.894674031422379,0.200040618373499,0.47250077357392745,0.9372183090265489,2.033333333333333
0.37969397128153964,0.5557526843503322,1.0214689660588223,0.3811454978737606,0.13910967271719954,0.9967497698067812,0.37497722999812205,-0.3185870666918566,1.0045973483808683,0.3135783642985963,-0.3023922048290398,0.7873433987570895,0.38204339424766276,-0.29891540868627403,0.7936682317623779,0.3531526292593669,-0.3943085878257108,1.0900142073265737,0.18121315273577643,0.5475159502443219,1.0566373320017284,0.17328797011961747,0.11343724928738447,1.0436650800579506,0.16343177313289656,-0.29066625316997025,1.0235127010805096,0.162826455716102,-0.29270282301388584,0.8187715971731622,0.10917946551501431,-0.32385603771545635,0.8874698522906235,0.19145462140093505,-0.3722182231764249,1.0721309877312748,0.2727551173266102,1.1075294003739484,1.0623406359243497,0.26813000499755074,1.362687941619398,1.0204112242673764,0.24716785790999213,1.243413611994749,0.937040526018101,0.43053289903566583,1.036228351467778,1.0164458175329683,0.39925198191406974,0.8551235909682587,0.8355921007515954,0.2517539251354308,1.0219125447033177,0.7863796867106412,0.13630572189540124,1.0864360936889792,0.8391030920575226,0.13357684133100547,1.099173012616765,0.834739855510297,0.14566853559450316,1.0717682347391433,0.7972621753025833,0.13717463573082878,1.016643845914506,1.1127772847149149,0.07254548904330932,0.7624801838629011,1.0660831522189793,0.15575407607507882,0.5877137491064347,0.9204976686960513,0.22394219184971925,0.5169210391366373,0.8963132732787527,0.22311347298088044,0.5052418687107538,0.8947497189583209,0.20145668904101788,0.47206986939088824,0.9378417417783209,2.05
0.37928863543686436,0.5529905234730244,1.02230425235429,0.38102551625448533,0.13822519641532427,0.9965791045796162,0.3749841056499864,-0.3185823644819704,1.0045854227247129,0.3136519048325967,-0.30244640518267973,0.7874707422887729,0.3829319263681561,-0.30025145266127534,0.7954700033618577,0.35274429953343733,-0.3935848483568405,1.0890149393810586,0.18103100213307444,0.5439395986940521,1.0583741993420261,0.17329721999710135,0.11337999436184204,1.0437163302048225,0.16342763158063625,-0.2906868120741606,1.0235210869607057,0.1628522103340106,-0.2925079165640586,0.8187649590178421,0.10830429098891324,-0.3215192659702313,0.8844121384186263,0.1914742293688436,-0.3724315807883952,1.072185203378639,0.2724505552028296,1.1078787430374364,1.062195259653731,0.26769325771766367,1.3626468499822992,1.0204279020352405,0.24716111402270857,1.2434710666240303,0.9371199559151614,0.430575350087231,1.036389531723778,1.015982081989392,0.3899315160395085,0.8656843693998867,0.826702916044983,0.24473969827449343,1.0310701478803919,0.7837113974208589,0.13227601299337413,1.089822667475973,0.8389528616617691,0.13094013376059188,1.102016704852525,0.8393245080645654,0.1435401615208578,1.077265605316101,0.7934474491117744,0.13782042480379847,1.016061861874191,1.1129475370695991,0.07248121079452056,0.76332865378734,1.065466592552502,0.1573461042844273,0.5874712746539497,0.9201698835618416,0.22477072174217796,0.5168415863192299,0.8964736294742113,0.2231566876627924,0.5052076546227272,0.894813203650551,0.20239384050975895,0.4716919974307496,0.9384161580176571,2.066666666666667
0.3789155640123532,0.5505602860220464,1.023017839552637,0.3809839496452788,0.13731027661612671,0.9965242061834569,0.37498865246974306,-0.31857675058421675,1.004570565378422,0.3137103161542666,-0.3024853318703899,0.7875657112468193,0.384033353888066,-0.30194379743279076,0.7977173616536992,0.3524865152734802,-0.39309952781104174,1.0883543840253807,0.18105231756904455,0.5405031456929619,1.0600799213351073,0.17330929407045564,0.11332550789347973,1.043764630145001,0.16342603411027573,-0.2907050547158557,1.0235265186667928,0.16285245689087546,-0.2924632060748132,0.8187504402641835,0.10760071532789686,-0.3196908659558966,0.8820212782604141,0.19146642596979446,-0.3725573303333124,1.0722147441440324,0.27235077000307967,1.108455956608598,1.0627819813790917,0.2676962556082329,1.3626726243375984,1.020421687814956,0.24714182478258895,1.2435407798757392,0.9372182737175339,0.43052148851722377,1.0363803456304708,1.0161938418365346,0.3817604017197066,0.8757581297292976,0.8174077220668271,0.23811198997626332,1.039077797849251,0.7826561446936522,0.1300442496702555,1.0942031409108193,0.8375141881775011,0.12874270356759765,1.1037305727932172,0.8439646149811489,0.14197723266679718,1.0794616282549436,0.792065379342372,0.13818520401232842,1.01573048988743,1.11308740380086,0.07248136069177961,0.7636501240611386,1.0653970770935648,0.15881869016594924,0.5869331815152183,0.9199779507406859,0.22566124328070564,0.5167328307861125,0.8966844910983536,0.22319782888200537,0.5051666252779159,0.894872021665317,0.2028461124692178,0.4714305768622391,0.9388702270279295,2.083333333333333
0.37857011926904693,0.5485363463112025,1.02364153427031,0.3810154907011082,0.13645806404413802,0.9965880789032444,0.3749919872420918,-0.31857164812511685,1.0045571303961127,0.3137440643666843,-0.3025130339749588,0.7876212972102916,0.385185074515073,-0.3037522231580983,0.8000927621719167,0.3524009179672665,-0.3929045226860473,1.0880996058705843,0.1812366829641629,0.5373374185558963,1.0615359671565554,0.1733228319469652,0.11327587493947705,1.043808091499479,0.16342955150770602,-0.29071705260517716,1.0235274204563936,0.16283399733074888,-0.29253066585261367,0.8187275433553803,0.10718215668792347,-0.3187093812917722,0.8807476422703858,0.191436926129571,-0.3725864263216394,1.072214575489022,0.27233368509634853,1.1091115460002174,1.0635835671998115,0.2681437953919767,1.3628721838072828,1.0204198941214009,0.24711511571335884,1.2435734893421913,0.9372958742258328,0.4304887650664547,1.0363240307382173,1.0165560956944042,0.3752409686873237,0.8845225498089136,0.8085640406243642,0.23182537902719386,1.0450206756252436,0.7850478841112178,0.12830324250933992,1.0991087224437162,0.8377267283125821,0.12611160789067755,1.10490567032328,0.8485832728691016,0.13955829219936502,1.079262170655791,0.7959123119824453,0.13827142108602347,1.0156578285361406,1.1131949829395706,0.07254111675371669,0.7635967509773505,1.0653121289565912,0.15989062811569726,0.5861392182590403,0.9200356798114793,0.22649168315753593,0.5166072744537338,0.8969164559933143,0.22323592003984916,0.5051205465406788,0.8949378066763114,0.2029526692703656,0.4713081090220127,0.9391826772317813,2.1
0.37825717659831914,0.5469998519066218,1.0241059448940768,0.38107652159954414,0.13580570475801607,0.9966826854265814,0.3749943187976597,-0.31856786530892467,1.0045466016089069,0.3137515582112653,-0.30253754269447497,0.7876405090826666,0.38623254636047055,-0.305433743593512,0.8022801165212573,0.35246334260425627,-0.39297830902566916,1.0882150959781332,0.18153316853298326,0.5346138847213933,1.0626806675096292,0.1733363418141124,0.11323436628281858,1.0438440407245133,0.16343112119374015,-0.2907186997052598,1.0235209510691994,0.1627784707133067,-0.29277866873163394,0.8186968253535257,0.10705137720203975,-0.31856447850380903,0.8806017303500269,0.19139021056379227,-0.3725107552134374,1.07218210283852,0.2723416727506912,1.1096157159780349,1.064277750639811,0.268932863495942,1.3632568157713743,1.0204675872509623,0.24709220004951857,1.2435812033094846,0.9373381265004124,0.4305356296652463,1.0362926396238503,1.0167656606168058,0.37045423311891523,0.8915660650061454,0.8013221266056614,0.22579104574211464,1.0486397826815836,0.7911096837364717,0.12593887631717782,1.1040493239884017,0.8411990032270356,0.1227323734605463,1.1062206854789889,0.8529379054109782,0.13558285738696535,1.078067566651309,0.8047799049011672,0.13821587927276124,1.0157501058296825,1.1132870455683412,0.0725986364025633,0.7632000842589022,1.0652458356114063,0.16029730124156788,0.5851816285998804,0.9203886442242636,0.22715299706405456,0.5165032940893263,0.8970859416172872,0.22326999902551958,0.5050710265256104,0.8950130151983788,0.20292205499093058,0.4712679370642959,0.9393458871280594,2.1166666666666667
0.3779987506690705,0.5460503972578836,1.0242354745834366,0.3811283992962997,0.13545866843690818,0.9967375472439381,0.37499587392173095,-0.31856574597276444,1.0045385438271053,0.31373545007119563,-0.30256391017712514,0.7876293512335306,0.3870389061407334,-0.3067554762343379,0.8039823309562054,0.35260880374534814,-0.3932770831569968,1.0886522178043474,0.1818963841122607,0.5325331682541199,1.0635792191992204,0.17334913554406509,0.11320473068560566,1.0438692470640358,0.16340889979176887,-0.29070976154251366,1.0235016049961956,0.16267698958173799,-0.2932373060067972,0.8186646858684958,0.10707749082119689,-0.3189665603573969,0.8812305574013654,0.19133186027867657,-0.3723566888077551,1.0721255833246834,0.2723788295928699,1.1098302652617935,1.0647851324962492,0.2698372502238374,1.3636957340137026,1.0206037171185258,0.24708838397103022,1.243588679436199,0.9373473333283906,0.43059003038466426,1.0362921654553923,1.0168078188554914,0.36710373777226935,0.8969582833863281,0.7966412133213421,0.21972287284994652,1.0503317375518555,0.7996415515196079,0.12231573741606727,1.1085987706842055,0.8477814186741619,0.1186438813092517,1.1082242104115985,0.856769055297891,0.13005228508189914,1.0772746821527222,0.816224795648065,0.13821361011874822,1.015879032597457,1.1134034560828734,0.07255225225459344,0.7623057433638517,1.0657589059971178,0.15993942597944713,0.5841978628941389,0.920969354453743,0.2275746402088184,0.5164745075158421,0.8970681095106673,0.223300861544795,0.5050096750783581,0.8950886817664535,0.20290132066432903,0.47116862712167784,0.9393615597734744,2.1333333333333333
0.3778208955891038,0.5457440058934695,1.0239530083785338,0.38115812492279655,0.13541062692753164,0.9967427758133417,0.3749978120398777,-0.31856538401045503,1.004532622990813,0.3137028894344382,-0.30258860865273335,0.7875956985895262,0.38749638625828275,-0.3075390890156896,0.8049762412522263,0.35274632664997685,-0.39370497711161906,1.0893217567178217,0.18227025040896697,0.5312026908096052,1.0643019082710834,0.17336124836812544,0.11318879800948117,1.0438820912522226,0.16333910363020884,-0.29069388501994126,1.0234644141775746,0.1625558887703381,-0.2937847926512773,0.8186425376852284,0.10710122661170879,-0.3195286190540859,0.8820953074416752,0.19127173635746164,-0.3721951854042522,1.0720651950910653,0.2724335454676643,1.1097911475693747,1.0650722574831146,0.27059182485670286,1.3640128929623865,1.0208436264037704,0.24711198404156076,1.243598864656562,0.9373324779027228,0.43048958660751213,1.03630813842826,1.016765509593644,0.3645447752637622,0.9010140376429788,0.794720866814933,0.21327847928425123,1.0509983223196777,0.8090766085907941,0.11719031524970498,1.1124478879915412,0.8564604030694323,0.11395382359740899,1.111185027046897,0.8599477635742496,0.12340140272008635,1.078093078784745,0.8273991473945939,0.1383571648607463,1.0159591394928218,1.11358688123598,0.07233017500369336,0.7607936157973663,1.0672800842516166,0.15897383952956504,0.5833366133203246,0.9216711691730115,0.22775390860019562,0.5165345432860851,0.8968335659130677,0.22332750440278673,0.5049132775043479,0.8951545886635159,0.2028771937663683,0.47088313658281655,0.9392503665650802,2.15
0.37773416281189337,0.5460258868592192,1.023402508309922,0.38117135532059315,0.13553287089673,0.9967227610705949,0.3750017038626549,-0.31856580862347755,1.0045281021570858,0.3136629066009183,-0.3025979462982783,0.7875455563802173,0.38758188392856685,-0.3077701252925316,0.8052496077824352,0.35281936685840976,-0.39409719487127526,1.0900165562732482,0.1825826951139669,0.5305944950363144,1.064839155128927,0.17337247245241771,0.11318453149643709,1.0438842970303137,0.1632282308520601,-0.29067554092056624,1.0234139398507691,0.1624544499840564,-0.294243289732326,0.818637802372042,0.10709657057653107,-0.31991918240075895,0.8826253065492439,0.19121675206151562,-0.3720926494488125,1.0720192540124893,0.2724492845130146,1.1096647354409568,1.065060988157628,0.2710336923160719,1.3640910620308873,1.0211671415632924,0.24716111066748414,1.2435972581347705,0.9373085578222669,0.43011547207807493,1.036331312670011,1.0166970018114558,0.36197017917616714,0.9040527491602681,0.7951592555554663,0.20641564070847626,1.051697426234296,0.8180014019202452,0.11064676417655414,1.1156014309859668,0.8658495529441896,0.10872078911992539,1.115070542702595,0.8621024104223076,0.1162403059585413,1.0812745775558665,0.836343453647307,0.13855054118866428,1.015927879227752,1.11382558446143,0.07193563315522182,0.7587503829404356,1.0697515794652144,0.15770754325028388,0.5827005279299409,0.9224439821990194,0.22774716434690184,0.5165821691184272,0.8966361747859302,0.22333826384692224,0.5047841934604317,0.8952018236116608,0.20271613738327218,0.47038565480492234,0.9390425100517961,2.1666666666666665
0.37773759916794303,0.5467504580581858,1.0227844872094198,0.38117829714893886,0.1356671697377279,0.9967001122106784,0.37500806573849055,-0.31856477215076606,1.0045222417544202,0.3136140681765546,-0.30256479927633523,0.7874604829909386,0.38741643247815605,-0.3076608809277223,0.8050796883672022,0.35284189770087876,-0.39430642087497525,1.0904366882559073,0.18275913652999537,0.5306301232936914,1.065086646433493,0.1733818445452852,0.11318722927030606,1.0438793584455135,0.1631238165319583,-0.2906611941724295,1.023366417258279,0.16239795164171195,-0.29449969998146397,0.818645901615325,0.10718154505220055,-0.3198841344031905,0.8823247764330742,0.19116553036372358,-0.3720611233557932,1.0719913440239355,0.2723875626868228,1.1096077858365498,1.0647577318496195,0.27115627706792644,1.3639109866471948,1.0214958155232918,0.24722800774145665,1.243586872407772,0.9372990805561414,0.4294727688618588,1.036354910462446,1.0166331828482504,0.35877463527886794,0.9063063395329478,0.7974998580741499,0.19950818996085115,1.0531726375714856,0.8251921994279344,0.10323248911792565,1.1185389628391031,0.8737291086859578,0.10318836923760634,1.1194994214012854,0.8625535620719922,0.10937311659302722,1.0868229852969506,0.8422535633928447,0.13858909334604555,1.0157103863112924,1.1140337686748678,0.0714238469784,0.7564368909851902,1.0727943527178292,0.15639482589259596,0.5823144221073661,0.9232381800973541,0.2276094278336256,0.5164271721150333,0.8969429859237951,0.22331208911355604,0.5047208508437797,0.8952150130467966,0.20231372802146388,0.46972644990919565,0.9387595030218139,2.183333333333333
0.37783227737669156,0.5477599665999934,1.022153326556323,0.38118438845004454,0.13574091674613487,0.9966799194564925,0.37501515847412725,-0.31856022683461355,1.004511071939072,0.3135489784457771,-0.3024646070097977,0.7873083675125347,0.38720008325998534,-0.3075031846324279,0.8048449011273975,0.3528624210937766,-0.39427507559067926,1.0903436466722902,0.1827494187763666,0.5312145879669774,1.0649130904266926,0.1733882729164704,0.11319279269603738,1.0438703304894639,0.1630798379893934,-0.2906593491725251,1.0233387852201479,0.16239671087729562,-0.2945101370256573,0.8186506202597601,0.10747461342263392,-0.319274027075704,0.8809370738870107,0.19111769068475554,-0.3720718174789904,1.071974416061453,0.27232589806304636,1.1096257193413734,1.0644491103672242,0.27106225570533343,1.3635690507843024,1.0216850048236932,0.24730015543281975,1.2436119664805796,0.9373251727838297,0.42865522669082623,1.0363721135956236,1.0165935760047748,0.3547615934463887,0.9079568515795855,0.8013399237919876,0.19308580006929318,1.0556765657857108,0.8297283842977856,0.09597072696320724,1.1219541482663857,0.8773440760809796,0.09791458463365657,1.1238023332645644,0.8612160128617454,0.10375836669876329,1.0939948452377202,0.8451964951062636,0.13831835837532236,1.0152694937813256,1.114091960456293,0.07087229911661923,0.7541666792528618,1.0759678454942978,0.15514336436261728,0.5821594846545316,0.9238259420411017,0.22735213742384333,0.5159332397445968,0.8980816022561391,0.22323366394128014,0.5048979803971151,0.895173941676452,0.20167039273143564,0.4689801515399691,0.9384089562527005,2.2
0.37801777937380054,0.5489309278549728,1.0214354250996778,0.38118967936194503,0.13578578366265986,0.9966564009083303,0.37501970132495216,-0.3185517813971361,1.004492324192832,0.31350114678495145,-0.3023548405522556,0.7871586186138735,0.3870601817330822,-0.30744318983660057,0.8047388106854463,0.35291931957878836,-0.3940394868903133,1.0897285525797469,0.18254978037668937,0.5321621800380165,1.0643002429490294,0.1733911137673981,0.11320005514027981,1.0438589824045459,0.16312138606024074,-0.2906743699027279,1.023338632128438,0.16245348445057292,-0.2942651422749526,0.8186357936239113,0.10799325589750373,-0.31809295832910867,0.8785608338009883,0.19107859757587964,-0.3720950205912037,1.0719613808037705,0.272445462473331,1.1095934737037194,1.0646264066947786,0.2708910090030938,1.3632469098152111,1.0216347015424068,0.24735840316907698,1.243713570521126,0.9373781352791931,0.42778212798528376,1.0363783315384862,1.0165898547120569,0.35004417091322804,0.9092577529967465,0.8061533635863788,0.18743798075834134,1.0591017911027618,0.8314185795912779,0.0899325664736044,1.1261152728284163,0.8755895696494433,0.0934065131194523,1.1275109679741107,0.8592038452465278,0.10001095266240612,1.1016309448806245,0.8460709154411782,0.13771539754676668,1.0146487667182982,1.113904350098014,0.07036940172179995,0.7521939294669651,1.078851433784835,0.15396324042524384,0.5822386083748348,0.9237978466743075,0.22696940208853178,0.5151057191792003,0.9000309452584971,0.22310717867870367,0.5054077801086034,0.895070511680568,0.2008474718385913,0.4682716896965212,0.9379868648172628,2.216666666666667
0.3782726316590329,0.5501616187604426,1.020558328508445,0.3811921485815876,0.13586065806428177,0.9966250647064481,0.3750195211810649,-0.3185405830838389,1.0044673458181705,0.3135718616579928,-0.3024227859450886,0.7872544375130663,0.38700928401801044,-0.3074567217588776,0.8047408618462439,0.35302595685042537,-0.39369875184352016,1.0888155684009029,0.18219610357709243,0.5331904387307449,1.0633802031809765,0.1733901025689847,0.11320974346279028,1.0438459122021866,0.16324475531323612,-0.2907033180274728,1.0233644709447736,0.16256190558509684,-0.29379735024315284,0.8185985742115623,0.10866854407081193,-0.31645589578283295,0.8755697779008782,0.19105072374126966,-0.3721145662903602,1.0719488551901062,0.27288546726684904,1.1094031475114572,1.0656216140811705,0.27078830934240616,1.3631178504485388,1.021499373233739,0.24737253810584997,1.2438887673063994,0.9373948067175998,0.4269717501596668,1.0363720710167121,1.0166245135825545,0.3448364210805457,0.9104772609676559,0.8113858471951266,0.18246192292410043,1.0631383992962775,0.8312127698566933,0.08570085250654699,1.130696314900725,0.8705404465786653,0.08980710704449896,1.1308802047406161,0.8581369790128016,0.09800995176894844,1.108561286820927,0.8467462923080504,0.13686131427587084,1.0139381012507611,1.1134518954963621,0.06998848655832515,0.750677448450465,1.080997253182407,0.15285190998957127,0.582599738400797,0.9228391780173352,0.22648005946641547,0.514048864718196,0.9025325948107309,0.22295973382009093,0.5061279066072191,0.8949243565354614,0.1999249518743011,0.4678297764904309,0.9374996967277509,2.2333333333333334
0.37854466573183565,0.5513709515775203,1.0195074675420646,0.3811878737149098,0.13597630738547328,0.996585994977917,0.37501525591838514,-0.31852840792812576,1.0044405891024013,0.3138358967787291,-0.30281891365108266,0.7877914619757688,0.3870163224193963,-0.3074760828622344,0.8047737321458015,0.35316688690569187,-0.3933524700868675,1.0878762833050981,0.18174677702649475,0.5340777507553263,1.0622898181116778,0.17338606240983373,0.11322175612787372,1.0438317159832808,0.1634350695562965,-0.2907414734986741,1.0234113915485485,0.16269686102802483,-0.29322357766458274,0.8185480534484242,0.10939865352198569,-0.31453472502522595,0.8724345580742079,0.19103101535792125,-0.3721257209567464,1.0719370829371746,0.2736442339382168,1.10904373899995,1.0674063729584844,0.27090791016865107,1.3632640627117554,1.0217063183472634,0.24730490114849954,1.2441348455507903,0.9372758872071862,0.42633550496762496,1.0363548108831175,1.0166903303033794,0.33934101778372994,0.9116694364745755,0.8166597379605613,0.17789366259172273,1.0674552507847144,0.8307220573215734,0.08324029030449309,1.135393336488537,0.8656453890138729,0.0870579334598415,1.1348003373942575,0.8589462184757299,0.09720110110156774,1.113930351523027,0.8493245035500401,0.13588804068301819,1.0132300851491987,1.1128095442777413,0.06976020614963217,0.7497086390042556,1.0820213551544258,0.15181800167397522,0.58330913010823,0.9209697585653671,0.2259340661347931,0.5128909440866686,0.9052828570288438,0.2228277044805494,0.5068151053653726,0.8947741611968207,0.19901100320628007,0.4679091603562566,0.9370011748284741,2.25
0.3787818343605819,0.5525393445249531,1.018310788938618,0.3811697153660913,0.1360884235980115,0.996540003546732,0.3750091404081123,-0.31851718000194545,1.0044172556752025,0.31423202743347,-0.30345469860000934,0.7886503589903043,0.3870607995527888,-0.30746940585454424,0.8047952913662065,0.3533087562943924,-0.3930530025204094,1.0870659240010525,0.18126748487019934,0.5348072024844878,1.061038955356072,0.17338153344794432,0.11323536402555084,1.0438173146798602,0.1636783954562165,-0.29078784849423034,1.0234757821532376,0.16281391290260191,-0.2927415887872924,0.8184941008605591,0.11007894195660564,-0.3125534403685879,0.8696065806119879,0.19101721722927226,-0.37213318577851895,1.0719296583706945,0.27461485540880737,1.1085704568972217,1.0697123887760958,0.27136446710048956,1.3636320980242653,1.022663621963706,0.24715647605772362,1.2444525714795793,0.9370006501466075,0.4259573421514683,1.0363301116525592,1.0167745483373258,0.33375008360877007,0.9127032500367486,0.8217274815782287,0.17363510965060708,1.0718276600387824,0.8309603849892876,0.08215855782156903,1.140341900005671,0.8627090116135065,0.08516285746048169,1.1402557607711965,0.861373348266906,0.09714889231888407,1.117545986741058,0.8545364323459301,0.13494735006325279,1.012612169265812,1.1121058885252866,0.06968084899488179,0.7492904895163879,1.081965494254518,0.15085877947433474,0.5843996584015734,0.9185021676150136,0.22539622637935663,0.511757473412824,0.9079999142140434,0.22273118855336893,0.5073443297104001,0.8946449883688917,0.19824174790047958,0.46855365760203027,0.9365727585078779,2.2666666666666666
0.37897335421597445,0.5537064920681287,1.0170100579347956,0.38113055088755665,0.13615085252274522,0.9964849474324111,0.375002574108095,-0.3185083687171682,1.004399893813279,0.3146167810461853,-0.3040890188248237,0.7895111824345453,0.38714318158802086,-0.3074518862752285,0.804810780338791,0.35342698685972523,-0.39280887523768576,1.0864141907674931,0.18080251004430145,0.5355216707866077,1.0595605668441284,0.17337901223160473,0.11325144591434655,1.043802220992126,0.16396469230475577,-0.29084238405378693,1.0235552443811817,0.16287605047752518,-0.2925071268295525,0.8184445018652202,0.1106106427675152,-0.31077422047520276,0.8674868247715207,0.19100979881803867,-0.37214420600938164,1.0719306554501982,0.2756584484199079,1.1080556819450853,1.0722004491661008,0.2721482430157529,1.364053009422867,1.0244367304901583,0.2470339766556556,1.2447647649741955,0.9367762131900615,0.4258435844197745,1.036301910903675,1.0168657067911737,0.32827808728271435,0.9135533897183676,0.826273559640039,0.1698186605806858,1.0760947064271185,0.8318165661054631,0.08196923573790671,1.1458366192394396,0.8612909336647738,0.08422656490150777,1.1478130982483714,0.8645002077181984,0.09772377839342644,1.1199989780617206,0.8612019366581332,0.1341909064134011,1.012167189421657,1.1114677156251402,0.06974701926925088,0.7492624646351167,1.081530059432491,0.1499633129237209,0.5858121183095256,0.915848234208494,0.22494440504931695,0.5108054805666121,0.9103197563176887,0.2226700001090535,0.5077559145164541,0.8945349061445388,0.19773444578290889,0.4694545160141707,0.9362501751333958,2.283333333333333
0.3791381322725372,0.5548970271141113,1.0156446265177488,0.38106788192473934,0.13615996737668223,0.9964165012654422,0.37499551957201593,-0.31850201775194187,1.0043868879279239,0.31488212287455086,-0.30454133352787255,0.7901324820349256,0.3872729100432198,-0.3074760110793601,0.8048664727110494,0.35351707182241865,-0.3926109672208666,1.0858943066678866,0.180354217878098,0.536349797351966,1.057913794231387,0.17337851409533026,0.1132716341831645,1.0437844799093527,0.16428676204566223,-0.2909010594164689,1.0236450560115118,0.16288473428517158,-0.2925011538780817,0.8184093618108632,0.11091841158693912,-0.30944314894702707,0.8663623675171434,0.19100939880175025,-0.3721600870679963,1.071940796798337,0.2766374568993831,1.107570393598683,1.0745216640836874,0.27308336273636935,1.364348007562247,1.0266260131252196,0.2471232723055159,1.2449055441452919,0.936981888935427,0.4258920034467827,1.0362756463274454,1.0169512973061934,0.32319617371139797,0.914309550716124,0.8299464371401845,0.16666500215419167,1.0800861765507468,0.8327537858974672,0.08222107391986666,1.1519347501284827,0.8604262270314256,0.08434721863382769,1.157335433999875,0.8675447272845629,0.09895309965750765,1.1222187713904601,0.8674766362705347,0.1337335885688846,1.0119526363341607,1.110989656720508,0.06997697867484312,0.7493475727367904,1.0816534450581838,0.14916165524564365,0.5873798010373978,0.913398470033788,0.2246718223342438,0.5102554966080046,0.911690772710313,0.22264513443751838,0.5080473116889251,0.8944425755790387,0.1975149967599602,0.47016692728603315,0.9360115458856467,2.3
0.37928507279967855,0.556059195365544,1.014253972327403,0.38098438896238096,0.1361364654630841,0.9963358272433345,0.3749878711014137,-0.3184968763593768,1.0043750999715901,0.3149774827402636,-0.3047389547929578,0.7904122968378767,0.38744733750643545,-0.3076050317165152,0.8050282229523869,0.35358422486428165,-0.39245101873749777,1.0854784093243035,0.17989814424615994,0.5372739363618523,1.0563549797353708,0.17337772065694348,0.11329543783437074,1.0437633390005965,0.1646387928186571,-0.2909597965985701,1.023737939397844,0.16287020497057486,-0.2925814394453191,0.8183983776755027,0.11099252011963823,-0.30868421619098724,0.8662298459759838,0.19101674475166672,-0.37217948610037865,1.0719581614953309,0.2774232757617783,1.107179902727871,1.0763304094881505,0.2738881014815512,1.3644142401826733,1.0285238161263384,0.2475586829318289,1.244710636912371,0.9378929168535729,0.42595789741570894,1.0362596697599376,1.0170111946043026,0.3187931212636872,0.9148935965965103,0.8326794112507931,0.1643974462841774,1.0835923713795277,0.8335095683626539,0.08259482150727489,1.1583947437792792,0.8599055488260937,0.08542064179240286,1.1680273777093253,0.8700034075056285,0.10075098996882276,1.1248655471517783,0.8721936062084182,0.13359253531389037,1.0119587313401208,1.1107166573581781,0.07040004656519094,0.7493427647602717,1.082814155818156,0.1485383566108981,0.5888837233276317,0.9114912101945435,0.22461328148262544,0.5102965649867413,0.9116123482366052,0.22266184258964358,0.5080819433215652,0.8943855242201852,0.19748355278902396,0.4704666452769781,0.9358295280485812,2.316666666666667
0.37940991853226547,0.557087428197074,1.012884170619221,0.38088994203266274,0.13607759010282883,0.9962655622906835,0.3749799596594766,-0.3184918823680065,1.004363336683505,0.314874888800053,-0.30465136343814453,0.7903001853324452,0.3876181106770227,-0.307835395979207,0.8052926262515224,0.3536333778743211,-0.3923263586795079,1.0851554723606998,0.17941567664608707,0.5381344262894612,1.0551299589366827,0.17337434698571558,0.11332006389985794,1.0437408344489187,0.16501414352892918,-0.29102452585421706,1.023828806915189,0.16285649647245826,-0.2926426750120521,0.8184111573226014,0.11091639251971919,-0.3084080068637495,0.8666951620146149,0.19103383184092293,-0.3722070417832014,1.07198105458185,0.27791929528460557,1.106925127460812,1.0773561529497178,0.2743119371691265,1.364227322552341,1.0294773300575715,0.24834153185474406,1.2441289571109824,0.9395194374106857,0.4259635340129383,1.0362610571723163,1.0170280039077266,0.3152670857996239,0.9150476185010835,0.8348009407311644,0.1631998365930427,1.0863881101857724,0.8340813003391633,0.08296688027674706,1.1648786438973107,0.8598903315510157,0.08708733846242014,1.17871623824341,0.8714714394063419,0.10278796688443345,1.1280851294768797,0.8751957724353361,0.13365984904791522,1.0120902969657566,1.1106328459302603,0.07103598884268657,0.749214210059289,1.0849144631427547,0.14813067304045405,0.5901371872014253,0.9103485872716547,0.22465984980168807,0.5109240394045482,0.9100803708462253,0.22271001514133404,0.507776349565179,0.894376962683884,0.19749164428594765,0.4703975856535657,0.9356905909520332,2.333333333333333
0.37951359769785453,0.5579074639320776,1.0115812033060707,0.38080795012509544,0.13594067745121546,0.996263866697866,0.37497178094787187,-0.3184870858520477,1.004352604251538,0.31456062760297754,-0.3042628266905667,0.7897614538430829,0.3876489909281752,-0.30799451789761984,0.80544589010323,0.3536666570622918,-0.3922376258805066,1.0849264113369232,0.1789214205403562,0.5387479486659925,1.0543055357722568,0.1733678900248386,0.11334232309893233,1.043721197827089,0.165403424638472,-0.29111453381466174,1.0239180913545036,0.162850105806306,-0.2926692297283628,0.8184341695813354,0.1108149742210483,-0.30838512463675377,0.8672229026175285,0.19106238312467508,-0.37225318196618645,1.0720089672106952,0.27811689773885084,1.106788584774511,1.077573934701964,0.27424411690385436,1.3638182737243265,1.0291898572754958,0.24936919952615677,1.2432776970813997,0.9416818699417118,0.4259189893600567,1.0362794448915371,1.017004670991248,0.31268118686939406,0.9146331247311321,0.8366436098233172,0.16311609111502584,1.0883823148045335,0.8344667729795527,0.08344794314075749,1.1710710512396079,0.8602235540072728,0.08905635102357749,1.1881716684918313,0.8717832368815139,0.1047524608331634,1.13160948944068,0.8769381124374618,0.13377838868870168,1.0122262406991722,1.110674901373669,0.07188179949927472,0.7490136607496731,1.0876459469807243,0.14783171331529701,0.591052958494641,0.9099489459752383,0.22463827832279704,0.5119533960659453,0.9075828516521804,0.2227641708874365,0.5072578864004451,0.8944025659656636,0.19746207397914112,0.4700660125343795,0.9355884762830216,2.35
0.37960029033768733,0.5585170273062012,1.010374243845379,0.38076850825695374,0.13568414013037167,0.9963948933075365,0.3749632236212164,-0.3184831129660513,1.0043441889136477,0.3140726192466983,-0.3036303136542124,0.788861091323808,0.3873516281999823,-0.30778464800476313,0.8051031739145429,0.35368419433125026,-0.392186113189567,1.0847958007158662,0.178465481684034,0.5390474727329184,1.0537941115541458,0.17335913619981055,0.11336046970745839,1.0437083483747587,0.1657954172718869,-0.29124495568461917,1.024011850013732,0.16285017846513916,-0.292682751170423,0.818449913666959,0.11076228961208835,-0.30844315669195643,0.8675210540213681,0.19110087955518668,-0.3723270400126898,1.0720430270663852,0.278125413748405,1.1067039248972228,1.0773082658743864,0.27375774020081783,1.3632725137811894,1.027842006805199,0.25049286263045334,1.2423646048011474,0.9441183921565168,0.4258688542692264,1.0363048730941398,1.0169677670279247,0.31096874710356426,0.9137941062202507,0.8381538046936553,0.16397605042064275,1.0897289939443393,0.8346035271397062,0.08434152951101767,1.176524395747591,0.8606475861591341,0.09135377472275756,1.1954379972827371,0.871116822157801,0.1066533748756962,1.1349543000373972,0.8778778118088466,0.13385364648197656,1.0123072701484561,1.1107631730078515,0.07285301907990437,0.7488075197652533,1.0906245174068718,0.14744639862557088,0.5916581311808051,0.9099784121397427,0.22446405017761883,0.5131849387860203,0.9046582982582412,0.22280542595466868,0.5067524695097249,0.8944336851915529,0.19740073784977163,0.4695466709513624,0.9355174873186385,2.3666666666666667
0.3796711320244941,0.5589511328732466,1.0092729079808882,0.3807805192803055,0.13533644896521835,0.996647068089465,0.374955003459861,-0.3184803782755621,1.0043385984241322,0.3135531189857988,-0.30297432385096107,0.7878928364941193,0.38664690270162305,-0.30699807645159,0.8039929220242203,0.3536855159060507,-0.39217214400248135,1.0847658572583607,0.17810860380953764,0.5391220931246257,1.0534432472576587,0.1733483579628998,0.11337558853614271,1.043702521190268,0.16617957392123345,-0.2913928587821796,1.0241221208780478,0.16285434137967653,-0.2926980169687307,0.8184499864354563,0.11075713496525183,-0.30853354694873414,0.8676111385601146,0.19114397788153126,-0.3724305143530235,1.0720853689217735,0.2780872995521372,1.106645419390625,1.077042855349098,0.27309633908147324,1.362734794815873,1.026053089078848,0.2515500757958738,1.2415536541874972,0.9465128178401798,0.42586021731449314,1.036318382929931,1.0169677747031272,0.30997662499649226,0.912804202653147,0.8390239813602038,0.16548572653790683,1.090686556822891,0.8344776254958715,0.08597731354880359,1.1805759910063207,0.8613407327361184,0.09413949097777624,1.2000826731931067,0.8698072107148143,0.10862939310582806,1.1375617027876233,0.8782276242922498,0.13387454870356877,1.0123459875495522,1.1108353972425733,0.07367955580511446,0.7487156047018562,1.0932104750007774,0.14683521564973645,0.5920351440585798,0.9100208944594876,0.22416365158594936,0.5144712645301512,0.901678700745812,0.2228344856065868,0.506355157108451,0.8944583541205599,0.19732703371108307,0.4689594362428741,0.9354589710907091,2.3833333333333333
0.37973210387384826,0.559255990366806,1.0082924626487337,0.3808186476716317,0.13500420719840478,0.9969047472173201,0.3749480939003224,-0.3184788310520029,1.0043355709458992,0.31321616857431533,-0.3026221189935848,0.7873046098731243,0.3856955005208722,-0.3056512330598829,0.8021484996311159,0.35367004082781744,-0.3921950653039769,1.0848341728455146,0.1779043625549522,0.5391231776286105,1.053147330463716,0.17333434833963896,0.11339142177516287,1.0436999133867984,0.16654692828302325,-0.29149677930945567,1.0242614586071956,0.16285931227681757,-0.2927132926383233,0.8184386707221236,0.11076807965441554,-0.3086500452467547,0.8676268701915167,0.19118600581589631,-0.3725549058019497,1.0721374510223032,0.27805467085733837,1.1066836964203586,1.0770930674396264,0.27258297897305556,1.3623382905455954,1.0246529561133484,0.2523797509184402,1.2409457359587388,0.9485140016492912,0.4259368066457876,1.03629637090645,1.0170718195129913,0.3095835507311493,0.9118077097844012,0.839105326984305,0.16742594983629933,1.0913839892849433,0.8341880719407091,0.08858616780633452,1.1827143659734416,0.8625612611110468,0.09744910110296456,1.2022442098698731,0.8680482570399578,0.11059633279620401,1.138953973165521,0.8780931895307016,0.1338626404665138,1.01237166445421,1.1108725037627796,0.07395323082148493,0.7489059265479728,1.0945606204628255,0.14599831307568112,0.5922597947066662,0.9098421146850152,0.22380213491445033,0.515669973773617,0.8989616672105925,0.22286608374035827,0.5059762285563185,0.8944910942698798,0.19724139883915737,0.4685175926069924,0.9353860657437952,2.4
0.3797947446319326,0.5594710441119953,1.0074720234313825,0.3808430032746497,0.13479458711206582,0.9970316059030665,0.3749422089437051,-0.31847798425700874,1.0043341522918792,0.3131626124226039,-0.3027021442508017,0.7872911207604999,0.3847916747003285,-0.30392648510405773,0.799830187734538,0.35363703500276594,-0.3922543181527175,1.0849965217864574,0.17788780120833858,0.539142090904354,1.0528918901118869,0.17331651772057718,0.11341221066126922,1.0436961396665279,0.16688964983768662,-0.29151363273348047,1.0244289273903038,0.1628627686759874,-0.29271719159533527,0.8184241462532958,0.11077153440825421,-0.3087915885434992,0.8676494294057012,0.19122375612693146,-0.3726765654991636,1.0721973780729506,0.27800036359779967,1.1069306601641333,1.077444777346398,0.27248012375700215,1.3620936925120455,1.0243237579143951,0.252846827175344,1.2406330236514989,0.949833888176304,0.426097575086878,1.0362337942495217,1.017277962178599,0.30978954349955534,0.9107563313806855,0.8386086453327368,0.16973548474676486,1.0917214066218524,0.8338797204848158,0.09228132152038211,1.1830116732489264,0.8635688546451155,0.10118717577231405,1.2024622130042528,0.8655831361381323,0.11244786100562884,1.1390116800431196,0.8773430483250051,0.13383703703557173,1.0123942108699577,1.1108894046351623,0.07338816626411648,0.7494700974296258,1.0941160261393454,0.14504845115639006,0.5924053048768564,0.9094637035964707,0.2234342045228824,0.516621129679931,0.8968528644192933,0.22290896909481522,0.5055308359021767,0.8945475569963743,0.19711853782460576,0.4684144826266047,0.9352712166593482,2.4166666666666665
0.37986362309166566,0.5595877153627795,1.0068554006073076,0.3808178130732568,0.13476329226813777,0.9969517975953273,0.3749358956948759,-0.3184771943892131,1.0043333577768416,0.3132345591072431,-0.3029194676918087,0.787494470840472,0.38409984406166897,-0.30207007902647415,0.7973714331888719,0.35358568102077864,-0.39234938110962225,1.0852501373990004,0.1780515014555921,0.5391760637082542,1.0526724625897703,0.17330149603815642,0.11343858899790132,1.0436892876915902,0.1672007979122832,-0.29145824321641894,1.0246066911614533,0.16286428348697696,-0.2926999991899461,0.8184100061181943,0.11076336424270986,-0.3089512053001396,0.8676827998186102,0.1912503089054464,-0.37275807985320597,1.0722533871402937,0.27793118820991614,1.1074813240770802,1.077735932690818,0.2728786523267341,1.3619169991847428,1.025307062018371,0.2529087748748986,1.2406501480667966,0.950412593649824,0.4262269748998704,1.0361806053620712,1.0173737136407728,0.3107191621972156,0.9095843013739873,0.8379530713934504,0.1724993782717391,1.0914019465063,0.8336518824225396,0.09706776677635998,1.1820134431036118,0.8625224663395255,0.1053813447727287,1.201289193376144,0.8617974258351305,0.11456316736314404,1.1381014128343696,0.8753242126259995,0.13380812420988916,1.0124054616082654,1.1108982944592725,0.0720149757008933,0.7503498769332663,1.0920009238900072,0.14414062501663868,0.5925359513794382,0.9090306752530881,0.2230983943876534,0.5171944913178416,0.8956349519996188,0.22295003356731707,0.5051147803671129,0.8946157909585946,0.19691008736367507,0.46864181309898,0.9350705047031733,2.433333333333333
0.37993180677206184,0.5595573820627979,1.006464535938533,0.3807168899919692,0.1349407039645748,0.9966508003469667,0.37492820249665426,-0.31847600033052337,1.0043330200133689,0.3131358090641789,-0.3027695798502657,0.7872779554007211,0.38356878728855415,-0.30034391630691015,0.7951053191087846,0.3535151910086991,-0.3924788718097664,1.085592981655824,0.17833408012546895,0.539194696095646,1.0524015440637877,0.1733099756649406,0.11346186928142421,1.043678777806798,0.16747414530736213,-0.2913732561788598,1.0247744444391238,0.16286354996277413,-0.2926610080911079,0.8183967361975335,0.11076336665893137,-0.3090538607834994,0.8677030753861534,0.1912435148071748,-0.3727662145160296,1.0722790046244555,0.27792519688378525,1.1083738288595257,1.0774061931112842,0.2736681305859184,1.3617630936320981,1.0273233011098548,0.25271272322856175,1.2408950460951176,0.9504812243638125,0.4261261842537824,1.0362334924692627,1.0169742704258522,0.3125612567574274,0.9083193147245412,0.8374477097511521,0.17596502334093006,1.090088372248143,0.8335081276960221,0.10288742179444688,1.1802808146472215,0.8579080772958487,0.1104460305912703,1.19892741801616,0.8563484927135397,0.1177162238730575,1.1367483851239906,0.8712890048084884,0.13378050614362236,1.0123947155955348,1.1108896121817589,0.07013118877898006,0.7514131388188561,1.088894190412491,0.1434260561067726,0.5926615467383143,0.9086748629134039,0.22283857455328637,0.5173739292608437,0.8953259855232228,0.22296980399777439,0.504897030937766,0.8946673662882543,0.19663231789360774,0.46895933686169655,0.9347844006893571,2.45
0.37998900084139714,0.5593609877561085,1.006280599985421,0.380529015810672,0.13534203113453636,0.9961473325374606,0.3749196154949988,-0.318474206151052,1.0043338427378488,0.31266286355192635,-0.3019262033607425,0.7862228059065742,0.3831204513329848,-0.29899657243553357,0.7933422628857691,0.3534254109081517,-0.3926414055984487,1.0860235879979545,0.1786468945987723,0.5391976122638118,1.0519132701137597,0.17336596675695917,0.11346090839314599,1.043661218294303,0.16770358231712526,-0.2912861094883666,1.0249197663959047,0.16285936712019294,-0.2926095176395595,0.8183879516009124,0.11080716137932962,-0.30895142118770164,0.8676968157426039,0.1911755752398314,-0.3726968817810235,1.0722471611751814,0.27806702262873345,1.1095152760889493,1.0760294464122069,0.2745872177083135,1.3616503884878848,1.0297037091418828,0.252584822527773,1.2411854035214123,0.9503523090387989,0.42566715589682275,1.0364720229435216,1.0157738355094166,0.3154409687410574,0.906931481769298,0.8371354674745662,0.18043104656886993,1.087617320625217,0.8333221968709974,0.10974337173134113,1.1781110356638465,0.8497417119180523,0.11701762166155895,1.1952831047550945,0.8494858011386551,0.12234774818272906,1.1352681212285118,0.8651288052128514,0.13375776167197181,1.0123623025639867,1.1108435735677458,0.06811944626844427,0.7525615437670862,1.0855367922742083,0.14301428914213338,0.5927458041039128,0.9084604707795734,0.22270955551864963,0.517291499741311,0.8955793363111529,0.22297008835346588,0.5048915913876323,0.8946903630097661,0.19645807719386607,0.46907595218058057,0.9346294275256875,2.466666666666667
0.3800239056776807,0.5590375108209075,1.006233731190316,0.3802574138942269,0.13593378524025146,0.995474272439075,0.3749115312786364,-0.31847192308698996,1.0043372963743402,0.31180720962145453,-0.3004114286879296,0.784339934790482,0.3828232176570648,-0.29819810155455045,0.7923064789628519,0.3533187808163489,-0.39283867343492496,1.0865476323631709,0.1789279702234434,0.5391929855680584,1.0510626580358742,0.17346318985233497,0.11341379681808672,1.0436308264217415,0.1678812741868807,-0.29120257938254923,1.0250357298536419,0.16285116839646294,-0.2925589390250116,0.8183903941725026,0.1109205634088507,-0.30852592784447924,0.8676685186864658,0.1910540341158216,-0.37258890420888563,1.0721624922721429,0.2783951982190312,1.1106804926019676,1.073504819111006,0.2753475622010759,1.3615797436138362,1.0317137256515656,0.252801080848778,1.241385079025306,0.9501358085307804,0.42488446118608064,1.0369176827234903,1.013694869333329,0.31931759272211646,0.90522457675835,0.8369117090713303,0.18603420307259413,1.0841277101867053,0.8328399344757402,0.11776883411779043,1.175523111439297,0.8393382347820137,0.12539115921981425,1.190403190955184,0.841646863062669,0.12820325757104206,1.1338737571541375,0.8572265065971276,0.13374737787717933,1.012313105409416,1.1107609634452906,0.06630162035524555,0.7537266752797238,1.0823936798456675,0.14291532477616423,0.5927667641823616,0.9083829772236187,0.2227184547748099,0.5171359543693239,0.8959101827048488,0.22296965770104746,0.5049653582242846,0.8946916950156487,0.19661709558317217,0.4688356122154459,0.9350363232902674,2.4833333333333334
0.38001755226877654,0.5586359261501641,1.006239415024684,0.37991065614452496,0.1366351425414949,0.9946607698673332,0.37490531153487544,-0.3184696790896316,1.004345162035086,0.3107573755091581,-0.29857793435475133,0.782051833559972,0.38280396720804694,-0.29792653911081546,0.7919843081614951,0.35320200996559475,-0.39307849460463423,1.0871864818354642,0.1791745222873825,0.5391779394927547,1.0498025868973149,0.17355237291126405,0.11332711841425352,1.0435879495980744,0.16799534675868125,-0.2911201722404206,1.0251176978121936,0.16284015298837723,-0.2925186992540314,0.81840607007798,0.11109729364773911,-0.3077910532931561,0.8676340379697811,0.1909422042355698,-0.3725187654198557,1.0720730190568086,0.2788896438368321,1.1116204236720393,1.0700523656704382,0.2757759599650174,1.3615194658717444,1.0329178515280164,0.2533847802886274,1.241486183500038,0.9497818917032973,0.4239143178799236,1.0375314960650777,1.010901546678274,0.3240199997764921,0.9030437485365373,0.8367214158567066,0.19273538639174304,1.0801489091111192,0.8316120098438194,0.12697354292820132,1.17241349254396,0.82851195779065,0.1352146263202793,1.1847452001092145,0.8331732159394059,0.13487426817349546,1.1329386003896835,0.8476135178883917,0.1337616525894238,1.0122301980039803,1.110691566617731,0.06488659418575543,0.7547647380108136,1.0797498677036899,0.1430118989394425,0.5927444691982705,0.9083879084024271,0.22279126152715456,0.5170253214956004,0.8960484328904673,0.222979141654244,0.5050182990991089,0.8946767424647215,0.197171483380743,0.46822726448382207,0.9363431182194624,2.5
0.3799553554410042,0.5581634336645631,1.006260247959887,0.3795004287237088,0.13737171717605762,0.9937111714793505,0.37490178481041353,-0.3184684849608196,1.0043585455036714,0.30982961673155723,-0.29696118799338533,0.7800253286674442,0.3830408272057846,-0.2979224577828393,0.7920398571616561,0.3530820994362658,-0.39337218871672147,1.0879691029991965,0.17941598884733043,0.5391640127981435,1.0481781169630844,0.17357685108286833,0.11324973109550324,1.0435440030978362,0.16803210659870432,-0.2910391067342163,1.0251636270451412,0.1628281925151655,-0.2924937296298278,0.8184266842057647,0.11129409890712255,-0.30691880118784454,0.8676107901117087,0.19092628252899432,-0.37256066876702776,1.0720427464382254,0.2794542299291577,1.112155567536775,1.0662533438581723,0.27587617420317545,1.3614664798396927,1.033321475859072,0.2542167369796635,1.2415730523482078,0.9494294034634183,0.42289020074815775,1.0382021792125826,1.0078781284818543,0.3292975494092284,0.9004856522915146,0.8366835096110933,0.2004593518505851,1.0765800968938946,0.8288677612903508,0.13684594586706686,1.168782481480638,0.8190096938819529,0.14570847827564506,1.1789941706764877,0.824467931474397,0.14238694159237872,1.132871856485524,0.8355664422233275,0.13380980705969653,1.012067603776833,1.1107159506798334,0.06396002863969674,0.7554378469645973,1.077873466465995,0.14314101314820768,0.5927146614002012,0.908412989598637,0.2228484067834247,0.5169813536803762,0.8960058986814761,0.2229937771142741,0.5050458405043199,0.8946451840770855,0.19792176599208686,0.4673167631586924,0.9385306203675872,2.5166666666666666
0.37985054418504555,0.5575840434473087,1.0063351590216885,0.37904971331426995,0.13812956531858572,0.9925877501021946,0.3749011896770632,-0.3184694808373602,1.0043774178044402,0.3093113535959767,-0.2960242199469088,0.7788557562730446,0.38337515300458247,-0.29789898984428087,0.7920784523916872,0.3529621324858197,-0.39371575969501865,1.0888806078625395,0.1796644311787439,0.53916216085946,1.046330976110942,0.17350868281112344,0.11324657701773239,1.0435154587915596,0.1679876202773045,-0.2909651699427136,1.025175995866686,0.16281614235465508,-0.2924880952269979,0.8184384890568246,0.11144817215942629,-0.3061736243803202,0.8676099149522529,0.1910695464327158,-0.37271274405114013,1.0721143318617639,0.279915776573295,1.1122319789614024,1.0630439284481215,0.2757878125376284,1.361485678334938,1.0332418524872837,0.25525428834160074,1.241667966288511,0.9495795326948369,0.4218967928287287,1.0387468814331182,1.0054412250596272,0.3348043797142519,0.8978247819405678,0.8370320236698241,0.20912952905389634,1.0742950175294965,0.8237937999233453,0.1464760143524822,1.164875980911792,0.8120398507141902,0.1559955696013993,1.1737808549914017,0.8160505729377314,0.15089471891257727,1.1337827074927695,0.8203274779343078,0.13389025963846557,1.0118036206052865,1.1108881660680172,0.06348962752502538,0.755577608626262,1.0768700358553764,0.14321570410734666,0.5926946810835493,0.9084293347148836,0.22286912612995957,0.5169784979875818,0.8958971613121466,0.22300373703852222,0.5050756050618131,0.8946012529973479,0.19854158204210748,0.4662229902661442,0.941254271079974,2.533333333333333
0.3797332338567205,0.5568545455640092,1.0065619915883428,0.37859406992427613,0.13894442909012195,0.991244586174735,0.37490318012189316,-0.3184728829968243,1.0044007068171354,0.3093432140850518,-0.2959936185318621,0.7788414762979687,0.3837427089944834,-0.297861626689848,0.7920842914931939,0.3528503084233339,-0.3940564933945126,1.089776016708831,0.17990409840607952,0.5391202368261974,1.0444981792884356,0.17334978661513317,0.11335555097574362,1.0435182098720117,0.16788546809143604,-0.29090564243720807,1.0251651289037746,0.16280416105214207,-0.2925024279234988,0.8184336853375929,0.11150959267906177,-0.3057794634248968,0.8676306733894106,0.19137610990726947,-0.37287172721129913,1.0722839110074556,0.28007233992252734,1.1119330591654464,1.0614980526694158,0.27567160813663166,1.3616938787096826,1.033029357138603,0.256556811439536,1.241669618691116,0.9508050865771207,0.420973495495506,1.0389569547010697,1.0045286728434912,0.3402088189868932,0.8953818314043366,0.8377525004089441,0.21860577466998293,1.0735777091875334,0.8161862795126027,0.15533142077341655,1.1611841572402835,0.807877006229804,0.16545242021137244,1.1695870725368098,0.8085522850155655,0.16002142235209738,1.1353738653454255,0.8023185348666444,0.13399709486120603,1.0115215087545701,1.1112205467660656,0.06334757589602852,0.7552389481190347,1.076482793108891,0.14324109532738416,0.5926815746794223,0.9084386433048189,0.22286729564076818,0.5169835844450528,0.8958088316458295,0.22300304417959782,0.5051182074731879,0.8945591932959454,0.1987863738373771,0.46509321691069416,0.9440581933338485,2.55
0.37962752643936054,0.5559781319930298,1.007033203622338,0.3781674162644534,0.13981388361842645,0.9897337210408566,0.374906849064606,-0.31847760368233546,1.004427052479974,0.3099074715301259,-0.29684670493149745,0.7799531058417716,0.38426170700449575,-0.29810133774329595,0.7924344866815982,0.3527656372442111,-0.3942908711853026,1.0903800322246837,0.18011716480450224,0.5389427325480085,1.0429139272684986,0.1731217901583245,0.11355380825015182,1.0435730795923395,0.16777856465878646,-0.29086707606013673,1.0251488149204502,0.16279424111215512,-0.29252943361801076,0.8184145816459208,0.11145979136227648,-0.30583633522740755,0.8676620685519518,0.19178160308217398,-0.37292367645638413,1.0725045581738217,0.2797800698952536,1.1114010017364533,1.0624464031970655,0.2756038321051706,1.362168163607196,1.0328477913276772,0.2581597206831094,1.2414768743875473,0.9533284896839289,0.42011886743785865,1.0386756662002217,1.0058366757276305,0.3453185258544949,0.8934789894504908,0.8383170357817312,0.2285997347214797,1.0740132206962125,0.8067851509624384,0.16386285764854394,1.1583010447649378,0.8057769180012682,0.1742217389141324,1.1667276243910853,0.8027821362132599,0.16908822662609993,1.1371746627705193,0.7832383280225781,0.1341311532922951,1.011416453981944,1.1117191552470367,0.06335726543026679,0.7546386259804925,1.0762679624475837,0.14324674067490342,0.5926709616636234,0.9084447378309812,0.22285585726774995,0.5169736101889235,0.8957793294440382,0.22299166832189415,0.505159546071559,0.8945385932906951,0.19855880259163144,0.4640564039303246,0.9465621585878297,2.566666666666667
0.37955626337005316,0.5550416681743615,1.0077800980438283,0.3777799064693387,0.14064107534097775,0.9882441594919066,0.37491093041645124,-0.31848235609693476,1.004455462323781,0.3108319474465451,-0.29831015678741607,0.7818364507827822,0.3850260740534389,-0.298870677482686,0.7934710802788276,0.35272342971746656,-0.3943361430030766,1.0904803675844945,0.18029942118036774,0.5385951218468292,1.041707681701149,0.17286183005665898,0.11375769198178787,1.0437206842937514,0.16771490769228142,-0.29085595135895165,1.0251417383427623,0.16279065306729845,-0.2925576372069534,0.818386343727765,0.11130749361365276,-0.30633145049059757,0.8676947228870581,0.19219967705332644,-0.3728455193185659,1.0727231651898415,0.2790505490097453,1.110770551956079,1.0660507650495907,0.2755768206723729,1.3628562237153758,1.032691288774131,0.2599668403470598,1.2410733659074846,0.9569214278652791,0.4192909450789784,1.0378862151107882,1.0094256687240972,0.34993381014652036,0.8923590764016994,0.8379898583627132,0.23859256952573027,1.074894522714927,0.7971107576754544,0.17321539786101964,1.1566591988152721,0.8044617883722869,0.18328005888438087,1.1652700936323495,0.799465047585711,0.1781507622975271,1.138961954170382,0.7648392291219965,0.1342778971271034,1.0117028114632354,1.1123369284920055,0.06335485443843372,0.7539774910108952,1.0759821426375036,0.1432450912658417,0.5926670441205433,0.9084417665649656,0.22284009703580998,0.5169406220352335,0.8958125493156537,0.222974124862352,0.5051648846154427,0.8945559443904688,0.1978427705170262,0.46320082899583276,0.9485235951020417,2.583333333333333
0.3795457143424592,0.5541819753566903,1.0087786377518309,0.37739938964655817,0.1412878405354837,0.9869812403643943,0.3749142644896813,-0.31848641336939393,1.004484453728305,0.31182797611615864,-0.299924543434167,0.7839015915352935,0.3858949615656616,-0.3001842294394748,0.7952185459819546,0.35272517032015277,-0.39421256716033914,1.090144378795991,0.18045271626769716,0.5381327949162313,1.0408960176526185,0.17260649879378362,0.11388142769558451,1.0440029537084585,0.16770145584663312,-0.29087326099830024,1.0251438231961676,0.1627957901348004,-0.29257969849899346,0.8183523759365174,0.11108386687642903,-0.3071537880620532,0.8677304653772374,0.19257662181357418,-0.37269149412987107,1.072910787646437,0.27807924965292524,1.1101570959383813,1.071648798349921,0.27556303048029696,1.3636196613195375,1.0325192119083668,0.2617784065637055,1.2404641151054159,0.9610866627097625,0.4184477393410347,1.036740454555689,1.01459483785951,0.3537411098370389,0.8920767367876296,0.8362333242901946,0.24795094053498018,1.0755619984647535,0.7889749747752315,0.18435722675772553,1.15628124614741,0.8030907832309324,0.19372958212807823,1.1649232222042831,0.7985966626170429,0.18833296934831317,1.1408472895674153,0.7481093045361544,0.13435303503265922,1.0124832873307223,1.1128185453546882,0.06322137024716085,0.7533754235365374,1.0756577914615353,0.14323722249772552,0.592674267038497,0.9084286072694944,0.22282192059610229,0.5168899810957653,0.895890985686125,0.22295760926549507,0.505091789661929,0.8946190237101466,0.19671558106440162,0.4626013290576744,0.9497890780720228,2.6
0.3796251546720112,0.5534993418958503,1.0099884083206088,0.3769668374062443,0.14166553580843794,0.9860466751609163,0.3749163618669228,-0.3184891943410837,1.0045118148655217,0.3126629782831325,-0.30131949228662175,0.7856749159101943,0.38658662532031496,-0.30187483401708076,0.7974515430154182,0.3527618279237373,-0.3940310652345655,1.089679375054843,0.18057120962623566,0.5376465425783998,1.0404291030337658,0.1723575214236397,0.11391715967356897,1.0443834571012298,0.1677133916704946,-0.2909096808031535,1.0251428044266009,0.16280727966943315,-0.29259627000426147,0.8183177513046653,0.11084301232356636,-0.30808637532257377,0.8677753664874114,0.1928963808445959,-0.37251759666736245,1.0730606894004613,0.27712156157326884,1.1095923787274955,1.0780526188194646,0.27554962581331216,1.3643259741488487,1.0323230103053538,0.26343969767250586,1.239630333539074,0.9652444251813572,0.41766133675658285,1.0354758728274442,1.020220594397446,0.35659210393601953,0.8924034707598267,0.8328545781246186,0.25632388159914565,1.0754945941013587,0.783762771001673,0.1975914613220523,1.1567092801577146,0.8018439654355984,0.20617259551248335,1.1650732598029911,0.7990509786275455,0.20069062943385624,1.142825270778949,0.7336401236170192,0.13419197203453492,1.0136666360866016,1.1126637474175207,0.0629056277642237,0.7529242260305549,1.075371618087941,0.14323522552586693,0.5926764766242427,0.9084385320442716,0.22280350290319695,0.5168353324012376,0.8959875439780989,0.2229473088917313,0.5049355921380387,0.8947182817471868,0.19547385685275337,0.46236110968829064,0.9502267330919252,2.6166666666666667
0.37982786507191774,0.553000038982449,1.0113904607685478,0.3764491836611896,0.14178624319954808,0.9854438528050689,0.37491740596457823,-0.31849001365498025,1.0045361096992065,0.313309898164407,-0.30244782618774607,0.7870974163598342,0.3869471604479423,-0.3037044024307292,0.7998525267689537,0.3528130489872427,-0.39389583434400166,1.0893657899567433,0.18063301766190193,0.5372436770500109,1.040248103047312,0.1720735745450722,0.11394150468514253,1.044719116607994,0.16772699244777092,-0.2909529953814271,1.0251263478554395,0.16282146152937682,-0.2926162304802484,0.8182899759014342,0.11064977770285728,-0.3088610503612264,0.8678173745183365,0.1931590359154572,-0.372347055816581,1.0731749319880357,0.27629776938148454,1.1089997809938739,1.083940708405322,0.27553768232779907,1.3648690070360807,1.032125474775656,0.26491129106461647,1.2385873284054005,0.9688406712996818,0.41720479707311975,1.0343116848703386,1.0251978488486246,0.35890065625700374,0.8927444516393156,0.8284202387499175,0.26393663624429164,1.0744446579263291,0.7817846534327195,0.21283488419052293,1.1571824739791154,0.8013798980721846,0.22057059752941627,1.1650591593566253,0.7988694195672827,0.2149747478438209,1.1445090709852488,0.7220058645379531,0.13363098286288672,1.0150136282942486,1.111356113843446,0.062439965450030235,0.7527102057250533,1.075102092177898,0.1432717336533162,0.5926239674311977,0.9085484078395931,0.22278854275219168,0.5167894612450871,0.8960751096622724,0.22293823809117938,0.5047904521564182,0.8948149433095485,0.1945786316434054,0.4625815688671016,0.9497450194931598,2.6333333333333333
0.3801551577974844,0.5526175204958729,1.0129766934048425,0.3758571942636974,0.14174000787485874,0.9851350207659129,0.3749176831732874,-0.31848884921332676,1.0045570248719322,0.3138916361805862,-0.3035021123805478,0.7884161934075252,0.38704811041654386,-0.30541523547291316,0.8020852102331999,0.35285043165334495,-0.39383438598838566,1.089268471323197,0.18060770194787998,0.5370338603101734,1.0403222013418736,0.17171127659705715,0.11403200447959577,1.044862236081993,0.16773341181538706,-0.2909981213428074,1.0250892998653243,0.1628385605752668,-0.29265265453306033,0.8182729768857296,0.11055638549592514,-0.3092684460365877,0.8677993904113116,0.19336779475198482,-0.3721860234021702,1.0732575462374936,0.27554232348217167,1.1083276831657385,1.088117002859905,0.275532443396597,1.3651748586223649,1.0319608420578796,0.26614602396561,1.237429290707221,0.971471582249577,0.4174403467425088,1.033432043250818,1.0286581277270608,0.3617734934493737,0.8922313466421709,0.8247313150380158,0.2714207467637781,1.0725308505781361,0.7820672653356819,0.22992206525882708,1.157028256781861,0.8018657171763893,0.23622418554598598,1.164510939510979,0.7959092984926929,0.22987470874362867,1.1454661492464226,0.7133129492424092,0.13263753844761877,1.0162324555393596,1.108739018781849,0.061895219753791,0.7527545128027312,1.0747880371800114,0.14336252112304196,0.5924740094720169,0.9087857580579903,0.22278156558634654,0.5167578866177917,0.8961310999435818,0.2229143122143092,0.5048300454176489,0.8948499049656133,0.19429984748084314,0.4632847320988582,0.9482929624796067,2.65
0.3805288279598127,0.5523157436908321,1.0146736369743696,0.37521539143080035,0.1416098796949702,0.9850814831229245,0.37491777628201234,-0.3184887168641616,1.004574535274381,0.3145603075531476,-0.3047184352615985,0.7899360972856534,0.3870473806273415,-0.30675239945159144,0.8038195407235291,0.35285798839558197,-0.39381622943755895,1.0892931883657475,0.18047504129251438,0.5370781573514436,1.0406441844611334,0.17125913899589648,0.11419822433628668,1.0447556474838384,0.16773390854326325,-0.2910469680933581,1.0250331351648885,0.16286288676870433,-0.292702789519043,0.818262793573742,0.1105853431957701,-0.309232516107637,0.867621266235252,0.1935246945469983,-0.3720438825617346,1.073311466841819,0.27472281778665747,1.107650186787409,1.0898375715664983,0.2755363494781446,1.3652415319276747,1.0318548658349227,0.2670187858889347,1.236288794594339,0.9730710573820573,0.41860441170422635,1.0329769753792646,1.0302699596045655,0.3666278540354422,0.8901555234570846,0.8242139973606912,0.27951388249188347,1.0700581694127054,0.7828724477537946,0.24840505269325464,1.155967511531085,0.8028557673297305,0.2520920371674222,1.1634962908608113,0.7885792743134681,0.24428062822651228,1.1455916636651537,0.7065635812721487,0.13137056143103049,1.0170324319177806,1.1052207997707573,0.061307383587093804,0.7529568156368864,1.0744313176054063,0.14343598171170502,0.5922976946954205,0.908958553369209,0.22278557083949746,0.5167411706443629,0.8961409277449102,0.22286096811686257,0.5051909794462579,0.8947795995362047,0.19447481002272177,0.4643862265353043,0.9457955319972651,2.6666666666666665
0.3808155461361997,0.5521907719517922,1.016318852209856,0.3745588686292002,0.1414255505083054,0.9852704114770041,0.3749196036268607,-0.31849963757945143,1.0045891250556962,0.31541153508647285,-0.3062284468888636,0.7918353434736755,0.3870290498410487,-0.30752163329069715,0.8048046683552177,0.35284453417684697,-0.39380637906777766,1.0893383408203594,0.18022973515754698,0.537404791448408,1.0412155990745693,0.17072690357518724,0.1144043817307745,1.0444143259180312,0.1677326705057389,-0.2911029737392898,1.0249619523298774,0.1628939708158039,-0.29270815160261887,0.8182585465415653,0.11070695536747541,-0.3088720449118385,0.8672607427844765,0.19362951926603325,-0.3719318134882763,1.0733337680199673,0.2737479824083093,1.1071034960067954,1.0890952436266534,0.2755473964957851,1.3651553595544759,1.031811465402396,0.26747636566323785,1.2352730414636262,0.9739196775627803,0.4207289829768518,1.0329381993785265,1.0306530386964952,0.37439423131963767,0.8864397354302289,0.8283999522592869,0.28906544133702344,1.067314366536924,0.7828285418848357,0.26734700359145264,1.1541163978852114,0.8039724683555585,0.26750682875760007,1.162427371855773,0.776526348979522,0.2580826486325218,1.1450417929063257,0.7000341501274501,0.13008716040802032,1.0172281168026711,1.101553697432566,0.060681599629801346,0.7531497733607719,1.0741065446153644,0.14333563429354992,0.5923288470063777,0.9086727561433416,0.22279983191330593,0.5167399233241153,0.8961019756072044,0.22278216055088026,0.5058869441853676,0.8946022945858545,0.19468732022443735,0.4657046541744678,0.9422230699934782,2.683333333333333
0.38090481227899375,0.5524189345153945,1.017747803056669,0.37394215821833127,0.14118392175867817,0.9857348644917842,0.37492617984245974,-0.31853803474218295,1.004602070496665,0.3164055271297332,-0.3079486047119365,0.7940162857796313,0.3869888004593769,-0.3077069346150305,0.8050182342954596,0.3528275912382648,-0.39378991000467534,1.0893614347532892,0.179873232078248,0.5380583981483106,1.0420451658018544,0.17012391944222596,0.11464384200879979,1.043863720293387,0.16773239970423826,-0.29117037331022194,1.0248796692940352,0.1629132933874467,-0.29257156410285406,0.8182797815792637,0.1108173716047995,-0.30853656538548824,0.8669714792091049,0.19368166006174511,-0.37185700439032493,1.0733149179826187,0.2726227730314185,1.106781097666139,1.0865854544160514,0.27556079665876604,1.365029067834402,1.0318071949484684,0.26762464709009176,1.2344662315114252,0.9742216536082149,0.42359568720124274,1.0331116272660947,1.0311369245642559,0.38499055546071875,0.881645697790993,0.8370201557792629,0.30097962238061204,1.0645092236362916,0.7817729593018365,0.2856603754291654,1.1519094242522185,0.8051474308349496,0.2824599929396341,1.1618209186977155,0.7608229457550089,0.27190616330311657,1.1438994354988616,0.692842947434269,0.12900653557165898,1.0168674826498052,1.0984341583626307,0.06008921706434664,0.7532249723781117,1.073890379715115,0.142931815176431,0.592833269331122,0.907621480407657,0.2228192778378273,0.5167567108641977,0.8960224950366309,0.2227067171583098,0.5068128583304294,0.8943557537715521,0.19461393806528132,0.4669935765086294,0.9377622489218601,2.7
0.3807528585070002,0.5530977819288081,1.0188647768868413,0.37341805445178655,0.1408610978662172,0.9865575743437776,0.37493737858928566,-0.3186053313719883,1.0046121733788167,0.31737804159007726,-0.30962386027635586,0.7961463135191967,0.3869107647694652,-0.30753675859823715,0.8047471473146081,0.3528153900004055,-0.39376715329193285,1.0893624835711755,0.17941487225700073,0.5390533951504284,1.0431371785401558,0.16945740121718766,0.11497227965373336,1.0431145272036146,0.16773227327191245,-0.29125694286952114,1.0247916608897552,0.1628883515672325,-0.2923037609740624,0.8183526567077243,0.11077580237442666,-0.3086600542762059,0.867234884600822,0.1936815294218197,-0.3718196558263859,1.0732542645495151,0.2714825026398354,1.1066608978004209,1.083454711861631,0.27557302980121934,1.3649273671906061,1.0318130579826272,0.2675945473715229,1.234014701165748,0.9736842978183938,0.4266308968866134,1.0332397459769596,1.0328267735081176,0.397473084374433,0.8766013753321706,0.8482449288126748,0.3157711430128528,1.0616782495381203,0.7805098554998238,0.30293089504028337,1.1500765381215685,0.8059454355182682,0.29737669753670565,1.161997054390694,0.743597786248239,0.2864251563317638,1.1419288258487692,0.6859636041027217,0.12826892862511083,1.016214851763038,1.0963239221366274,0.05968765171052704,0.7531868851277459,1.0738045699254544,0.14220976344292469,0.5939277916354286,0.905797515845638,0.22283535027199647,0.5167969753012699,0.8959157225614962,0.2226693416776942,0.507795147043051,0.8941120998749985,0.19418230656439792,0.4680108839352891,0.9328845655995304,2.716666666666667
0.38037376242599136,0.554209564730634,1.0196334824902396,0.37301732520642067,0.14043162947246396,0.9878189320276717,0.3749448483348941,-0.3186615180922594,1.0046109356194641,0.31815250754436836,-0.3109966568785012,0.7978767236429819,0.38681143793712075,-0.3073444837306369,0.8044122695317958,0.35280729657805027,-0.39374343649689003,1.0893523285619846,0.178877649201712,0.540345775473271,1.0444556938914529,0.1687421724529432,0.1154662692767714,1.0421800477449095,0.16772982723772759,-0.2913705484945737,1.0247078305158062,0.16279877873486454,-0.29211025319823647,0.8184755732392456,0.11049435488642331,-0.30949187201884354,0.8684003251780448,0.19363033524112902,-0.3718009378798765,1.0731783143152733,0.2705322546919284,1.1066076653356336,1.0809126447385455,0.2755847117747228,1.3648876181746727,1.031826289118254,0.26738992308393955,1.2341589265638786,0.9717009080704612,0.4290577234376721,1.0331718704331618,1.0360119059315513,0.4104227246565641,0.8720373583717579,0.8595056560823581,0.3332172060811718,1.0587489236617083,0.7799966961988206,0.3199034143719691,1.149461089160288,0.8052116883889107,0.3130244200862617,1.1629533662158558,0.7275278448628799,0.3021965612738925,1.1386765184701935,0.6815415151739579,0.12795020592575043,1.0156184339081666,1.0954543759321285,0.059580370755474316,0.7531034177897653,1.0738161717833146,0.14125532941443844,0.5955394130434902,0.9034341119813575,0.2228387974809898,0.5168656322424494,0.8957981141611211,0.22266764083816593,0.5086544368336805,0.8939731559147799,0.1934938968492415,0.4685715518742586,0.928264716122269,2.7333333333333334
0.37980700716293725,0.5557088764577907,1.0200449236469957,0.37272524653165495,0.13994094437938231,0.9894734049323463,0.3749371489904573,-0.3186532861870671,1.004587417910532,0.31863795907137266,-0.31193151300383154,0.7990218176153203,0.38673590179360195,-0.30734799046794875,0.8042950265052163,0.3528004352149149,-0.3937243950483585,1.0893377597607177,0.17829682383449233,0.5419162869736542,1.045901447231993,0.16800631121706533,0.1161624094192622,1.0410987978885358,0.16772915885119677,-0.29150652557444223,1.0246417962456336,0.16265201380708738,-0.29223681108318533,0.8186157505331092,0.10998303603095635,-0.31098881808107326,0.8704497452694654,0.19353082702681662,-0.371769253198322,1.0731234121383955,0.2699349668834998,1.106488140698219,1.0797822569382944,0.27559764777999207,1.3649607241366581,1.0318458786379263,0.2668949604109978,1.2350836398357075,0.9678940248615142,0.43031695304296047,1.032879395705569,1.0403326166845832,0.4222506766327625,0.8683942222468064,0.8684382987565331,0.3524233580638234,1.0558856623906199,0.7808675113053246,0.3377996260330733,1.1506080677964412,0.8019882659485229,0.33007945895991486,1.1645138104351545,0.7152088105338676,0.3199138952060704,1.1339515449997657,0.6818165521560873,0.128047338486945,1.0153631791733955,1.095789160020423,0.05971520906218605,0.753036722489659,1.0738699841995183,0.14020612851120495,0.5974517095159311,0.9008689720769691,0.2228238799831184,0.5169567098110168,0.8956917552202773,0.2226275490052425,0.5092385256796068,0.8939920529585343,0.19270194457855705,0.46857428949672075,0.9245843896587855,2.75
0.379088657108257,0.5575697877531409,1.020094401927247,0.37245795030366435,0.13955480267961295,0.9912740732088319,0.3749112874459468,-0.318573879259128,1.004540308323988,0.3188451433763524,-0.31242872061624066,0.7995868769854984,0.3867392449787327,-0.30759873063493837,0.8044768168352827,0.3527927905356909,-0.3937136781231585,1.0893215298470496,0.17771198604122573,0.5437860316390624,1.0473567444530643,0.16729300800795227,0.1170256070238947,1.039924981930973,0.16774984534464138,-0.2916351460898108,1.0246083884653403,0.16247195177710005,-0.29278535270843414,0.8187288448472492,0.10931920534000902,-0.31292006821024326,0.8730916530836416,0.19338788155744274,-0.3717126593383117,1.073097584894609,0.2697787334714379,1.1062596862158505,1.0803324133588381,0.27561221099544375,1.3651303233640293,1.0318196939442117,0.2660249808552373,1.2367125218162194,0.9624259670331419,0.43028670603121877,1.0323830350940058,1.0452169006105814,0.431680605005388,0.8658075028949292,0.8736496923658198,0.37204641257762733,1.0535277216440857,0.7831853891383355,0.3570943169136657,1.1534188268795145,0.7965367339468504,0.3482815080415409,1.1664454809330504,0.7082414722354731,0.34018053469810305,1.128169431483084,0.6883696479013421,0.12845223609524314,1.0155232882709837,1.096955822016722,0.05993902827337587,0.7530153259220829,1.0739003199386878,0.13922039722476792,0.5993270697226294,0.8984770228126705,0.2227901742447622,0.5170515115096753,0.8956178155409844,0.22242888798349342,0.5094504652886225,0.8940292297700658,0.19197834412776205,0.46806639786465476,0.9222537595205468,2.7666666666666666
0.3782484641323518,0.5597617067507703,1.0197801756524552,0.3720953421062969,0.13948847775734846,0.9928764470527344,0.37487305877640376,-0.318461254212514,1.0044790775975179,0.31882013641849855,-0.31252458811234035,0.7996354498497082,0.3868336740022723,-0.30801520302069063,0.8048796660451218,0.352783872103736,-0.3937113362197377,1.0893048132583238,0.17715636945068236,0.5459104503878764,1.0487521436857754,0.16664821695169477,0.11796375048281593,1.038701919155485,0.1678164834444273,-0.29170931968892555,1.0246185728628783,0.16228229781076622,-0.29368974662196845,0.8187826540321945,0.10860354096356481,-0.3150029204919828,0.8759436129748214,0.19320680363666462,-0.37164651437709856,1.0730791495831018,0.2700681445201803,1.105938355895566,1.0823823844139604,0.27562970945019893,1.3652392468610606,1.0316654387002768,0.26483973738482836,1.2386890914435733,0.9559263325267406,0.42914799114415125,1.0317327317049176,1.0500157284179872,0.43837856353565374,0.8641067005739164,0.875234565531879,0.3906537968469782,1.0520153100348915,0.786272959657621,0.3771802249003534,1.1571693341545157,0.7901037910839147,0.36660924274890533,1.1683729081383867,0.7066044183731323,0.3626975771484891,1.122089627339731,0.7011101161166498,0.12896159112368685,1.0159578108691396,1.0983219205601271,0.06007905208432067,0.7530428123542698,1.0738330818868458,0.13845897836452842,0.6007685154311316,0.896618375475853,0.2227426042485262,0.5171362690374749,0.8955729073323366,0.2219902683851112,0.5093300009382793,0.8937540678340802,0.19148804485136633,0.46730438899755367,0.9211883343647607,2.783333333333333
0.3773242325671075,0.5621790338216499,1.019126461547205,0.3715602375703779,0.13983565681127885,0.9940468109711611,0.3748304169290456,-0.3183509626638984,1.0044147998193058,0.318565679769682,-0.3121804974270245,0.799138350972255,0.38691591963909133,-0.3083508803659923,0.8052123705419768,0.35277485068591935,-0.39371537480469876,1.0892879490221983,0.17664931752673996,0.5481430813269094,1.0500313987068592,0.16608530957341797,0.1188821561810513,1.0374565286755895,0.16792404246109044,-0.29170386974220064,1.0246655195649559,0.16210212146917255,-0.2947577010524596,0.8187935885436882,0.107940508545666,-0.3169618751181808,0.8786184400466712,0.19298869877020228,-0.3715910611777345,1.073043743960062,0.2706751142524874,1.105570597127884,1.0853920496310265,0.27565508323815685,1.3651056652078728,1.0313498517339927,0.2635185029059842,1.2405651458623717,0.9492668397136157,0.42713096526898187,1.0310979106627352,1.0537270187918684,0.44322701375297563,0.8627778676299195,0.8749658498959276,0.4074051917031375,1.0514552266291306,0.7890604025776218,0.3970443484834989,1.1609299988483777,0.7837703992124299,0.38439551644299963,1.1697641310024092,0.7089741138845569,0.3860031062827529,1.11637898776679,0.7178234191855372,0.12931479458608808,1.0164830428482285,1.0992748348687615,0.05998616998722826,0.7531076285715192,1.0736244255522904,0.13806503920430813,0.6014725784439677,0.8955258172064249,0.22269542065186895,0.5172252363537176,0.8954976272970827,0.22133009623405445,0.5090910435958036,0.8928444484145456,0.19128654266318762,0.46665745418688465,0.9209005641595291,2.8
0.3763613979225308,0.5646124801713814,1.0181848111496126,0.37086456899751996,0.140467314868775,0.9947743278262053,0.3747960211581361,-0.3182581711614739,1.004355139567808,0.31804538976346386,-0.31131352400341483,0.7980027156704267,0.38679662574953333,-0.3082589693120256,0.8050410939352757,0.35276785455114434,-0.3937242780822935,1.089270952041604,0.17619141520203044,0.5503218272214122,1.0510706297536547,0.16557508958499795,0.11972465939137394,1.0362073851416496,0.16802476534614944,-0.2916454108745935,1.0247192029531849,0.16194929444823009,-0.2957319306480304,0.8188296729262743,0.10742977097246985,-0.3185355874672654,0.8807387018574043,0.19272452472734475,-0.3715630894882636,1.072975047374907,0.2713421074697049,1.1052830767297237,1.0885780777269751,0.2757017781102723,1.364674371329463,1.0309306986507747,0.2622792313775072,1.2419833247611751,0.9433930819013655,0.42437892493481355,1.0308290842369707,1.0549659325049334,0.44795725405828624,0.8611222553233874,0.8756531221857365,0.4225395333767578,1.051778311378479,0.7909146575103356,0.415782712424162,1.1641203301810326,0.777622013220221,0.40168587952967433,1.170305272183948,0.7134944669683988,0.4082666726829395,1.1117143245846322,0.7348745322215005,0.12927647926355434,1.0169678286725023,1.099567463329614,0.05958823895744471,0.7531860239853738,1.0732933109649399,0.13810761555092096,0.601372898609301,0.8951526041324769,0.2226749754657973,0.5173615662114239,0.895280058850686,0.22055483399451392,0.5090061415895293,0.8911503675479864,0.1912685681701017,0.46637636225827905,0.9208734164372396,2.816666666666667
0.3753917466279385,0.5668476387887424,1.0169961872044304,0.37008658383943516,0.14113943687126318,0.9952063771865316,0.37479523242439805,-0.3181883224961024,1.0043066406620937,0.31725526747201627,-0.3099242871869544,0.7962301501750175,0.386345945160612,-0.3075157280672869,0.8040812102481737,0.35276445744553236,-0.39373709533013984,1.089253631749451,0.17576900485275979,0.5523376545853644,1.0517144018730007,0.16508667753464992,0.12046873586760459,1.0349682316287165,0.16806437995219708,-0.2915826111686528,1.0247482108870483,0.16184082714880121,-0.29637653282488463,0.8189549505675887,0.10714300468665106,-0.3195115668744334,0.8819906036348438,0.1923961043174655,-0.37158866115056455,1.0728613477183973,0.2717641670147905,1.1053096983278936,1.0910829617851914,0.2757930823237589,1.364012917664045,1.0305328129163145,0.2613023440900609,1.2427265853604945,0.9391501507550715,0.4210765583464172,1.0313115727200743,1.052701192713013,0.45429902911402853,0.8587034881577587,0.8794768351287797,0.4369896225671437,1.0526301933292095,0.7922558110551703,0.4325425300278988,1.1666369106096004,0.7712215230771026,0.4186901797843713,1.1703891609139112,0.7182668968470463,0.4281601299474953,1.109252975085411,0.7479905929905524,0.12874366641110827,1.017311107401523,1.099410593259938,0.05891579852791197,0.753252793034512,1.0729064979414855,0.13847894063380425,0.6006581365391682,0.8951973890913412,0.22270074588187994,0.5175613599286699,0.8948838395437344,0.2198002398386736,0.5092177029971884,0.8887738894353812,0.19125872025673046,0.4664103588764035,0.9208982781366983,2.833333333333333
0.37442251922186537,0.568769829763448,1.0155680434869043,0.36930912528073884,0.1416842526235264,0.9954931391082752,0.3748551713549156,-0.31814443146140925,1.0042757582637847,0.3162662724357559,-0.3081533728030531,0.7939977929326184,0.38557788988879027,-0.30614791280367243,0.8023682703329528,0.35276497822291214,-0.39375238725511974,1.0892354340711425,0.1753721948227056,0.5541341702763609,1.0518702192141076,0.16461370264884737,0.12110434490735311,1.0337533030645139,0.16801847941387693,-0.29153707754387187,1.0247408524150237,0.161782637024587,-0.296523846454099,0.819193336730377,0.10707527488717954,-0.3198454789273383,0.882299694721243,0.1919961419657665,-0.37170277619952036,1.0727009418128663,0.2717043410775606,1.105874919285734,1.0921696756287254,0.2759280054816719,1.3632354268244211,1.0302371557148209,0.2606509775732141,1.2427293066578509,0.9369571563066504,0.4176113964500954,1.0326781783278556,1.0470377378636848,0.4631266826273822,0.8557224844943937,0.8864273149204146,0.4515290397851408,1.0535297096138851,0.7942447520821019,0.4465901071512991,1.1685204591563443,0.7648399128741542,0.43534543864382746,1.170997273525856,0.7216699300658223,0.4451674907409754,1.110352255505876,0.7535018413539312,0.1277637369607378,1.0174404462768625,1.0991923774007768,0.05806602012491842,0.7532941769210895,1.0725468770163968,0.1388556524034274,0.5996207050545901,0.8954604893749605,0.22274950329738114,0.5177279367172776,0.8945487725947767,0.21916463316501422,0.5096294319222898,0.8861603426251303,0.19111492870801913,0.46639461110809666,0.9211403897304616,2.85
0.3734516370976765,0.5703468484937619,1.0139021538206747,0.36856103473876856,0.14209380304074737,0.995648929190005,0.37496796486986844,-0.31812272785892115,1.0042618955374678,0.3152075662871144,-0.30623842609942364,0.7916119476659099,0.38460314375414606,-0.3043557805569766,0.8001511183492865,0.35276856296247094,-0.3937685254877252,1.0892162170169395,0.17500359877253824,0.5556922306367076,1.0515193091003299,0.1641493247150326,0.12162976961150646,1.0325842301659252,0.16789056974892444,-0.29150429841880576,1.0247001637322495,0.16175882726254842,-0.29612178731297545,0.8195412022171339,0.10712103536383727,-0.31976428470963514,0.8819988359369391,0.19156553711944635,-0.37192025988042043,1.072520056222716,0.2711211143372658,1.106992584362788,1.091537262028957,0.27602142753997133,1.3624755505391408,1.0299282833579733,0.26020692186908645,1.2421194575179186,0.9365515392686301,0.41438007772256874,1.0346713514173476,1.0390238315814921,0.474162523194689,0.8528945757022712,0.8944160497479486,0.46626973198674626,1.0542716127010814,0.7976523986407097,0.45779928293099525,1.169798770665255,0.7596814688600112,0.4512192865252086,1.1728713660459653,0.7228449833199967,0.45961247952897977,1.115215126918903,0.7507220302103894,0.1264648225741159,1.017307915570357,1.0991931225334728,0.05716736258702299,0.7533145168704707,1.0722744834670381,0.13885685677670337,0.5984688916253503,0.8960934805181973,0.22274964776781642,0.5176608231736366,0.8947552658137766,0.21867223216666312,0.5099402091068231,0.8840802340023406,0.19075143859035998,0.46592206414235204,0.9218224899249811,2.8666666666666667
0.37248324668702015,0.57154199608895,1.0120698828356525,0.3678091471270498,0.14247520062496577,0.9955280168966198,0.37507775418664036,-0.3181103557703461,1.0042532539678009,0.3142323312604989,-0.30445553185433377,0.7894250637470597,0.3835585681987518,-0.30238595277077956,0.7977240304566001,0.35277345235734114,-0.3937846448049871,1.0891969923546931,0.17466589936959173,0.5570139063296728,1.0506746004231813,0.16366316688179136,0.12206436503512164,1.031493830118659,0.16769360423994084,-0.2914855053136969,1.0246327658331207,0.16174312442762454,-0.2953266935577151,0.8199719569522177,0.10716321138705738,-0.31966288432330653,0.8817380988179098,0.1912035717243949,-0.3722158559306065,1.0723768360908952,0.27017934854534137,1.1084187452792524,1.0895348796782875,0.2759176986676414,1.3618850940857783,1.0293431386380991,0.25970543023572623,1.2412004493949684,0.9372171442860291,0.4115380055478815,1.0367936848234927,1.0299065313884617,0.4863553079108441,0.8509945127609283,0.9008333832478188,0.4807437622622671,1.0549165677295653,0.8020602566107919,0.46706269124881644,1.170653014996418,0.7568576476988196,0.46576056971972035,1.1758168651708314,0.722296666685631,0.4726033406900395,1.1221399494367137,0.7429986501179655,0.12499937407864431,1.016899760095861,1.0995351814661378,0.05637379413651028,0.7533372886187991,1.0720772201429374,0.13828728813274027,0.5973136834003557,0.8973212004541419,0.22261359810496306,0.5171818785639007,0.8958968257877955,0.21826855162933168,0.5097788165881139,0.8834247028984599,0.19008758962879926,0.4649288723197882,0.9228677884992578,2.8833333333333333
0.37153161688650227,0.5722796027192155,1.0102647236367037,0.36701248538658043,0.14294712853040564,0.9949404501397839,0.3751218157962865,-0.31809416310958016,1.0042354816067631,0.3134939665226107,-0.3030748422407879,0.7877721099347587,0.3825775484632431,-0.3004711449019565,0.7953634599484551,0.3527779815671001,-0.39380104108067193,1.089179892940571,0.1743531039566211,0.5581022517217937,1.0493812210870592,0.16312680403171134,0.12245146887502822,1.0305251815313523,0.1674395087635191,-0.29148882711459034,1.0245474159435368,0.16172342900864997,-0.2944540313550016,0.8204337308346314,0.10720766883527955,-0.3198200319810237,0.8820769470221482,0.19100950711992404,-0.3725311237394131,1.0723242275351452,0.26908082310904446,1.1098112496964119,1.0869216317647743,0.2755014577991735,1.3615901270926434,1.0283254458035103,0.25890252492193344,1.2403288461636752,0.9382383065811348,0.4092048543346865,1.0385400428265723,1.0209421419439135,0.4984938630727279,0.8504922225864412,0.9038730869957746,0.49439519345672933,1.0556127687750239,0.8061419712864104,0.47591052034865067,1.1715134066903075,0.7565703182210208,0.47876061760815325,1.1788982996505204,0.7219008934509242,0.48551174751533854,1.1285585450598232,0.7355560406204582,0.12354226450645142,1.0163247491338478,1.100156774112125,0.0558295656356812,0.7533949878280017,1.0718590806042216,0.13721239928589285,0.5962627939636133,0.8990860523598934,0.22225613494755556,0.5162362736919768,0.8980447996007535,0.2178343970830509,0.5088712710744895,0.8848746155374319,0.18899207429657347,0.46372674735878294,0.9239669370752015,2.9
0.3706326856556771,0.5725070569983528,1.0087131162553005,0.3661688314186171,0.14356347528423724,0.9937785025485347,0.3750709117381396,-0.31806845085391355,1.0042008915357297,0.31311050234230375,-0.3022902157190651,0.7868868425406467,0.3817786089657455,-0.29886671292991246,0.7933895645672318,0.35278178602200366,-0.3938188384699383,1.0891681026471276,0.17406605107368517,0.5589374980397066,1.0477728971634916,0.16255093566121337,0.12282808640466875,1.0297221370448169,0.16713797243239206,-0.2914965015432954,1.0244584141345476,0.16170578323058898,-0.2937540008998193,0.8208628248716723,0.10736136222555148,-0.320166747953275,0.8829568769392395,0.19101280265565349,-0.3727741751399306,1.0723657852129709,0.2679487199688036,1.110920933196595,1.0843306697129997,0.27478293319629365,1.3616090571501305,1.0268620034854115,0.2577558987753446,1.239779981061591,0.9390252233249845,0.4077511342146388,1.039500585049921,1.0135412552866079,0.5096436794867337,0.8514763210985808,0.9029571019644035,0.5069891959853902,1.056606361101191,0.8084976106677169,0.48543137848373863,1.172744070422045,0.758608186220566,0.49030210429332177,1.181177512631802,0.7238650492357523,0.4990282022592458,1.1326257256016508,0.7325439886119528,0.12232176246069532,1.0158330638828763,1.100717412020252,0.05555805684029682,0.7535024660867301,1.0715596556919358,0.1358324119405977,0.595385824324633,0.9011515855535341,0.22158677290838785,0.5149020118505591,0.9009794653781968,0.21723657242415906,0.5071647351257671,0.8885137910499179,0.1873538105453494,0.4626965299132396,0.9248361166150365,2.9166666666666665
0.36984664601976763,0.5722621315698965,1.00752184932972,0.36530658815165845,0.14430395694427256,0.9920643485432985,0.37492741644931066,-0.3180336432815527,1.004148834281149,0.3130889511108613,-0.30210029886406964,0.7867527738237664,0.38126553321804535,-0.2979082538019394,0.7922382711905026,0.3527857284983598,-0.3938385573496933,1.0891651098462298,0.17382906254514655,0.5594491817666808,1.0460871774835951,0.16197845778325,0.12318534846416912,1.0291193520914907,0.1667980356376954,-0.2914597559370593,1.0243847399177883,0.16169897308024705,-0.2933166257541322,0.8211838228616859,0.10768484301312756,-0.3203439153610979,0.8836270116396749,0.1911655714848062,-0.3728311725494406,1.0724584335656626,0.2669111190216059,1.1116976934064755,1.0819373578612306,0.2738928105757789,1.361825845395248,1.0248560749443185,0.2564551820211715,1.2396571534934766,0.9390944602764741,0.40759983014909185,1.0394172022841608,1.0089738431852542,0.5192860240240466,0.8538541583617121,0.8987246005232123,0.5184302097184883,1.0581203668870423,0.808214930132539,0.4956307040722158,1.174183059072611,0.7633940951881801,0.500405938541402,1.1821428307547273,0.7295311397556694,0.5128219409546243,1.1339137080558643,0.7358072486691527,0.12159040696302982,1.0156632015865612,1.1006938737690848,0.05536824050565296,0.7536164654668924,1.071360961387152,0.13432563712199663,0.5945922423573524,0.9034460269635758,0.2205362652911808,0.5133539712328115,0.9043128457594625,0.21641044460893427,0.5048505160215813,0.8936931465042155,0.1852233309434606,0.4620722063711283,0.9252955693276086,2.933333333333333
0.3692278725721702,0.571663837930085,1.0066664082171286,0.364450915904936,0.1450859830050839,0.9899588420990342,0.3747066442184585,-0.31799290415590664,1.0040836461175984,0.31327778070152307,-0.3022530959653547,0.7870281358761015,0.38112971569147386,-0.2978766433302212,0.7922765019225226,0.35279076258176445,-0.393858566449939,1.0891731335134462,0.1736817566118871,0.5595448936143241,1.044545804114335,0.161453869097409,0.12346207452853747,1.0287413200021858,0.16642875569382218,-0.29134659177921485,1.024337709494146,0.16170549655399497,-0.2931665462133256,0.821313937279755,0.1081391355703105,-0.32003479578763827,0.8832997973183954,0.19137653628600504,-0.37264137095297506,1.0725538588588406,0.2661673909410444,1.112224611474581,1.0795935523200821,0.2730201458941536,1.3621138296218158,1.022139498079705,0.25528330502210544,1.23987667834094,0.938200970931818,0.4088161260761658,1.0383222507508585,1.007784509345395,0.5272083792698989,0.8574752495155936,0.8926790259985429,0.5284050379240262,1.06019206019647,0.8051410352563799,0.505742279706176,1.175363493053823,0.7716450217738445,0.5092617835180909,1.18172114366656,0.7389879124194695,0.5260633454868913,1.13314645781698,0.7450017949465837,0.12148476850825043,1.0159286566607744,1.0997042210724737,0.05493834683615917,0.7536319178864412,1.0716683761721761,0.13281062675262406,0.5936902205566386,0.90609154467364,0.2191313405767499,0.511815468365215,0.9075812006410207,0.21541564946692,0.5022913694332426,0.8993683233558557,0.18280182673899548,0.4619530045159169,0.9252583043715196,2.95
0.36880767124955893,0.5708660375660355,1.0060914101396723,0.36360118282232984,0.1457749962206018,0.9877181527190562,0.3744261947719529,-0.3179509115627784,1.0040131620675774,0.3134632063204117,-0.30241319258938637,0.7872623167845226,0.38140697402900214,-0.2987387328321919,0.7934579046621774,0.35279718409339217,-0.39387580044314674,1.0891924232769272,0.17365715636465567,0.559216955785927,1.0432136673593944,0.16100925054436735,0.1235758233710465,1.0286018186337362,0.16603898159852887,-0.29117413259130576,1.0243117513178759,0.1617233181697357,-0.2933111870816188,0.8212111569688791,0.10864449508698568,-0.3191946216723009,0.8817434217454321,0.19156049235953326,-0.372266045171643,1.0726341698792723,0.26588927848588123,1.1125566119164436,1.0771784350219415,0.2723370347921735,1.3624957641727211,1.0187845708302328,0.2544651874446783,1.2402750345313653,0.9364072691262855,0.41098531805636673,1.0366230553996074,1.0094435809490325,0.533409379075227,0.8619875442613983,0.8864439080561723,0.5367593252477783,1.0627452602030074,0.8001966072411963,0.514825395856778,1.1761893958056646,0.7831207693270211,0.5175435178777288,1.180270765129593,0.7512443475751751,0.5380630941867095,1.1316147108780377,0.7582469421357316,0.1219065442014522,1.01663799674754,1.0977143736583994,0.054046029528810074,0.7534720086581408,1.0727906481884193,0.13141756979669109,0.5926070261659664,0.9090760859149265,0.21752779827251698,0.5105137619647622,0.910311121392535,0.2144131110380651,0.4998961031639075,0.9045603487776084,0.18028915913856844,0.46240775481183866,0.9247148806932618,2.966666666666667
0.3686050635782339,0.5700046453880296,1.005764959460071,0.3627335067123281,0.14625577845772625,0.9855531662218373,0.3741018739498761,-0.3179123004821901,1.003944044842738,0.3135279697224383,-0.3024128446817004,0.7872281724147029,0.38203849347001295,-0.3001711408961346,0.795352442846842,0.35280435064697563,-0.3938882570513381,1.0892210473178816,0.17376420012563493,0.558588702649755,1.0420127020976544,0.16065806607988842,0.12347846780537058,1.0286892229675768,0.16563711918648624,-0.29098147851831774,1.0242920677368839,0.1617492730441692,-0.2937138005607978,0.8209044291899824,0.10912600615474713,-0.31798167973908686,0.8792058125699702,0.19168605429347446,-0.37183062153226953,1.0727085137481265,0.2660880626294816,1.1127207902104042,1.0746948603398623,0.2719603848736019,1.3630932395577986,1.0152152422993237,0.2541074175133814,1.240736834960115,0.9339782829375783,0.4134472836389633,1.0349428565890195,1.0125894663684016,0.5381861191620787,0.8667424411248418,0.8812527032565225,0.5441142004059324,1.065661763455089,0.795305159849177,0.5219969637446307,1.1770511306079858,0.7964299770390559,0.5258955713100512,1.178581202221178,0.7644521670956668,0.54845412894373,1.130860635998455,0.7726389752286564,0.12258618090478435,1.0177140119494497,1.0949948688721574,0.052711771916991806,0.7531764557235126,1.0747210511182725,0.1303078380286608,0.5914534012234643,0.9121070213879288,0.21595281922502862,0.509632761104504,0.9121185182750837,0.21358401011975073,0.49800529479853545,0.90856065685215,0.17782017664419003,0.4635074819857035,0.9236602782460475,2.9833333333333334
0.3686251252131626,0.5691245521636001,1.0056695641736173,0.3618240746406215,0.14653850661172363,0.9835222816020867,0.37374392226339986,-0.31787893272760104,1.003876066970826,0.31348007649662885,-0.3022876368328003,0.7869767240098178,0.3829158087083351,-0.3018449212343285,0.79752538882202,0.3528105373231083,-0.39389586535229015,1.0892543456349657,0.1739857753978525,0.5578316975052622,1.0408376463103597,0.16038196518687334,0.12320576683853224,1.028930088993588,0.16523122527395906,-0.2907929007780506,1.024265540959384,0.1617808214931314,-0.294306232548464,0.8204574094642982,0.10951747378887802,-0.3166084216916987,0.8760870314047823,0.1917734635408872,-0.37140628016138916,1.0727819219763473,0.26659452180727017,1.112822341874299,1.0721162175595929,0.27194389738443087,1.3639393621059148,1.0119660892798672,0.2541894265005366,1.241208344547296,0.9312685482116609,0.4156660801447528,1.033817398468431,1.0157785731611502,0.5422095702676601,0.8709755327946813,0.8779660458177605,0.5514512724413291,1.068758013392903,0.7924873161910624,0.5264824985098233,1.1784124508787017,0.8097367661376256,0.534163591270483,1.1776028515403463,0.7763072325601356,0.5568783446449732,1.1324542354088376,0.7845016608151313,0.12327261701099179,1.018989253444622,1.091982544987045,0.051136829857525656,0.7528578655975208,1.0772119499955362,0.12955951195873722,0.590370973702468,0.9148761312205309,0.21460948566862326,0.509236644609719,0.9128904059435812,0.21304688939477107,0.49680661137378374,0.9110099454485701,0.1755066954456279,0.46519657084790533,0.9220995648547703,3.0
0.36885385650052444,0.5681565124864176,1.0057930720900536,0.3608827608629887,0.14676021863118716,0.9815957550107842,0.37335154133341847,-0.3178485991716534,1.0038023270844283,0.3133738035278653,-0.30213501205392856,0.7866575298656288,0.3839328954747202,-0.3035488034497254,0.7997064574245615,0.35281401546586083,-0.3938994635293031,1.0892866259556773,0.1742912307685787,0.5570821555735318,1.0396346482775018,0.16013158200286542,0.12286249904631152,1.0291798300924615,0.16482945058331736,-0.2906144854471807,1.024225316864931,0.1618154691156371,-0.2950156061018393,0.8199302392894753,0.10975935458613927,-0.3152754010858787,0.8727991542797225,0.19185429831359194,-0.3709879989214333,1.072844832922236,0.2671791342883809,1.112987287262679,1.069410616672284,0.27224524101628894,1.364942846124403,1.0093794725853191,0.25456976592431757,1.2416461837348471,0.928673094477813,0.41739347314067926,1.0334786870677815,1.0180925460401953,0.5463063733726332,0.8741647828547182,0.8770419619194744,0.559155922396934,1.0718345680755441,0.7928182551900969,0.5280170890306138,1.180462272770117,0.8214787413702141,0.5413856687816984,1.1779823549990893,0.7847806525348957,0.5628342161362694,1.1372274882154114,0.7908605973083136,0.12384192327486872,1.0202110739139352,1.0891604403296948,0.049569359127689124,0.752594926785291,1.0799471792552953,0.12907113022406635,0.5894064179844711,0.9173195328412599,0.21361273945614145,0.5092166105786081,0.9129014851690715,0.2128121470312608,0.49627902562600235,0.9119912154329628,0.1734548238262043,0.4671854798530246,0.9201617015923376,3.0166666666666666
0.36924987981388374,0.5670080697937694,1.0061204036677194,0.3599604364397162,0.14706574692237645,0.9797677756941526,0.37290937603830765,-0.31781691267696094,1.0037145834851786,0.3132556783747623,-0.3020180490449317,0.7863881525475962,0.3849837567593657,-0.3051069186437144,0.8016808326729131,0.35281499355685986,-0.393900250346427,1.0893150845587578,0.1746506261564016,0.5564121901364061,1.0384183175003738,0.15986424767602375,0.12253639893513452,1.0293112626208465,0.16444044617476797,-0.29044820935977966,1.0241724198182656,0.16184900723352344,-0.29575876717827587,0.8193786331544979,0.10981747107276497,-0.31416775039937683,0.8698133470675717,0.19194763875050191,-0.37055575395417506,1.0728887954791286,0.26769130618173437,1.11322330419008,1.0667532612110773,0.27270252025246006,1.3659851815708777,1.0074945176572776,0.25502184154453017,1.2419997622077392,0.9265844987231062,0.4185538221769821,1.0338172198392828,1.0192315831365648,0.55106205293526,0.876226973849219,0.8784802413012769,0.5669025201297,1.0747165875865432,0.796229470094588,0.5272762542818726,1.1830374485572588,0.8308471411382217,0.54648095872891,1.1797539208044294,0.7890174100673665,0.5662491509052104,1.1444183441467093,0.7918125101419897,0.12425681294152235,1.021106049849134,1.0869757763144139,0.048234838073260525,0.7523869311333182,1.0826567724514697,0.12866982027632712,0.5885566164586763,0.919486578633756,0.2129915583109275,0.5093623773737439,0.91262264171934,0.21279857849042633,0.4962220089225532,0.9119703937626373,0.1717519118248194,0.4691306155806972,0.9180271827809527,3.033333333333333
0.3697220241896075,0.5656894756822992,1.0065885179972005,0.35910129887970976,0.14748716033462844,0.9780761933191889,0.37240188901568727,-0.3177826329083887,1.0036094912297195,0.3131567980758644,-0.3019572259340045,0.7862280278635663,0.3859489767157246,-0.3063331922643452,0.8032218262350039,0.3528156853652945,-0.39389950060838524,1.0893413965853118,0.1750449402225812,0.5558063333836942,1.0372442276744498,0.15957986381922606,0.1222360346577861,1.0293117075064773,0.16407333514889225,-0.29029897041472713,1.0241137643908358,0.1618763000330663,-0.2964387711102379,0.818864484411611,0.10972567031394574,-0.31346245764662345,0.8676966535539747,0.19205810285391975,-0.3701147903716881,1.0729149484687197,0.26807297463874635,1.113436548668894,1.0645525795618132,0.27311087736431877,1.3669508070319507,1.0062239075125825,0.2553311286205734,1.242234276186973,0.9253006548397807,0.4191638450864633,1.0344986646317325,1.0194205567458223,0.5566942320708255,0.8773368056379153,0.8821348591084002,0.5742623507186937,1.077229625449915,0.8020773404746553,0.5255541449679927,1.1857465473271473,0.8377853529105805,0.5489602118755158,1.182264361271561,0.7900969028360993,0.5680865573966531,1.1520169081036638,0.7905847283234022,0.12449870088277135,1.0215291915458071,1.085737146696875,0.04730547712902682,0.7521910568204491,1.0851166192152344,0.12830581668770205,0.5878657595826099,0.9212647030954604,0.21271878697717095,0.5095024980175312,0.9123841910582042,0.2128902514434765,0.49636518936659335,0.9115542480021022,0.17041851313708706,0.47089097631663934,0.9157845017462357,3.05
0.37015184188783234,0.5643571826271738,1.0070665133964212,0.35831431656027396,0.1479517871816119,0.9765572197610345,0.3718485521073426,-0.31775380818566207,1.0034948096492695,0.31310311397966273,-0.3019499022370861,0.786187092606446,0.38669076879594577,-0.3071030112753062,0.804177526657225,0.35281808966564693,-0.3938975188595368,1.0893692018896781,0.1754655099059184,0.5551935088617959,1.036166590906782,0.15930525879267288,0.12192915625237039,1.029248191084121,0.16373765319246614,-0.29017312217823527,1.0240577857267106,0.16189663495558987,-0.2969626199285405,0.8184655034011791,0.1095932232045895,-0.31324933643376657,0.8668495631254188,0.19217979359079007,-0.36968615039792635,1.0729292603557472,0.26829973754879527,1.1135311753942079,1.0632243530808092,0.2733490277759544,1.367692400375662,1.005565084952718,0.2554144180859375,1.2423635743890054,0.9248627145294535,0.4193821493126991,1.0351452924862978,1.0193119748497916,0.563178473560575,0.8776788206260591,0.8878220500152192,0.5810955372085165,1.0792138032745404,0.8096506040550888,0.52391808330725,1.1881250929814517,0.8425545304956024,0.5491207821205062,1.1843727276063316,0.7907914657646599,0.5697780129945209,1.1581153675581397,0.7906126707734562,0.12457132501698691,1.0215607952386545,1.0854453239690276,0.046856907751364196,0.7520134563550878,1.0870333351326738,0.128064901090511,0.587388235956013,0.9224570429612743,0.21271219342235054,0.5095658227426949,0.9122777258024667,0.21299186556931812,0.4964939058552545,0.911212592826571,0.16938161786094855,0.4724742684838832,0.9135285822026604,3.066666666666667
0.37047003552953417,0.5632086417014446,1.007441986456659,0.3576155900231616,0.14839581935239216,0.975222916721016,0.37131325101192025,-0.3177439380969207,1.0033873486833673,0.3131219428194867,-0.3019856566893311,0.7862392254049755,0.3870827882831922,-0.3074721374979546,0.8046219260237316,0.3528222898876177,-0.39389318007032437,1.0893996455874315,0.17590498699847162,0.5545461193058545,1.0352269589212546,0.15905899585166422,0.121623901353485,1.0291709107009919,0.1634430511383188,-0.29007579034418957,1.0240109757392806,0.1619229206933006,-0.2972818766584678,0.8182772415078173,0.10951898368899499,-0.3133923517370677,0.8670507476154553,0.1923041413235774,-0.36927418032268544,1.0729371717255596,0.2683701736600527,1.113461359316066,1.0629211469731865,0.27341924528001543,1.368066838554939,1.0054892102862036,0.25533885393612854,1.2424394089899757,0.9249653107262717,0.41944413175361916,1.035485193852537,1.01956024387226,0.5703149800430574,0.8774894152865069,0.8949486369938746,0.5874780666569251,1.0805377745158218,0.81827155862497,0.5227449976705694,1.1896735247092929,0.8454901335597631,0.5476232288952307,1.1850471838345669,0.7938402261215848,0.5719955789783642,1.16180702674618,0.7930692671550656,0.1245351742312922,1.0214269636494364,1.085722710238402,0.046842911437821086,0.7519617736559148,1.088009689002279,0.12802002413129468,0.5870610900084079,0.9231297312502462,0.21283440723698102,0.5095587227579041,0.9122709371707597,0.21306237249598048,0.4965301125747795,0.9111039710700243,0.16857800001471202,0.4738248026231715,0.9114683023795469,3.083333333333333
0.37068821904422095,0.5623015421607594,1.0077020216070693,0.3570454989062709,0.14880374840078064,0.9741005775332696,0.37086195878659006,-0.3177532831958,1.0032997036270759,0.3132137906073128,-0.30204915588063413,0.7863384723104486,0.38712226177906,-0.30764686193896096,0.8048172219228199,0.3528269036992975,-0.3938851843195826,1.0894296222867663,0.17635571589282897,0.5539115624918622,1.03446547329549,0.15884706473271976,0.12139095225203739,1.0290854556943736,0.16319849285506186,-0.29000920437777694,1.023975970353142,0.16198415211494668,-0.2974454806631585,0.8183800434571848,0.10950942573546535,-0.31360409348945106,0.8675625247113983,0.19242832711976698,-0.36884549859257953,1.0729446457460516,0.2683252622704717,1.1132674523762727,1.06341371855738,0.27339587989368735,1.3680517930594782,1.0057380658149377,0.2552213008517476,1.2424710850770355,0.9251622466435245,0.41947790046386735,1.0354499867536293,1.0202924095223942,0.5777241789121323,0.8771974196811937,0.9024778271621596,0.5934072107644437,1.0811695451993881,0.8271510668530491,0.5218406734116383,1.18988955003574,0.8470661349637588,0.5449896300623379,1.183997886187507,0.8001504251436132,0.5743629739813162,1.163243606749766,0.7970191992854198,0.12448110113237927,1.0213173046316437,1.0860704740993314,0.047135135667198305,0.7521603698377657,1.0877765042868512,0.12812788464540592,0.5867551271846098,0.9235943519614171,0.21294953769235353,0.5095236663485366,0.9123057826608518,0.2131062055576863,0.49650588727839196,0.911143246147765,0.16805224851027317,0.4747901192759618,0.909863938860278,3.1
0.37085140895891905,0.5615491402706854,1.0078938241026798,0.35662729076585536,0.1491903882721458,0.9731922717107196,0.3705231121275905,-0.3177533429663382,1.0032315328839723,0.31330454283651477,-0.3021092474115237,0.7864315904224058,0.3870311187271689,-0.3076947506705468,0.8048455868146325,0.352830442922581,-0.393873749755068,1.0894550352350372,0.17680979114458534,0.5533614923551775,1.0339185474928234,0.15867859307182422,0.12130479048553344,1.0289859173381881,0.16301268516283243,-0.2899723234999596,1.0239526214032004,0.162090340325178,-0.2975587060390669,0.8187237900649811,0.10951509256742625,-0.31369528917163564,0.8678390472917819,0.192554846031938,-0.36834701973323336,1.072965413120817,0.26823845429608784,1.1130624247274619,1.064211494626538,0.273354903153707,1.3677958227466138,1.005968636811912,0.2551309161885601,1.2423836393400645,0.9251990373444561,0.41948865332520463,1.0351893717333365,1.0211546485492837,0.5848642439178471,0.8772639757985636,0.9093480727951834,0.5986225723085609,1.0813537120393253,0.8352352955630427,0.5207925648612497,1.1885642571933337,0.8476792006622607,0.5415782868947808,1.1817108090336765,0.8087172592749547,0.5761769025326401,1.1632774510229156,0.8008846277279003,0.124461704531585,1.0212829213840924,1.0862336234783863,0.04760747009636056,0.7526352928224258,1.0863954759464123,0.12825256869603757,0.5865729615726815,0.923808959422687,0.21299665694419007,0.5095030369849158,0.9123337573704192,0.21313685583965508,0.4964767204864848,0.91120334685149,0.16786809466646513,0.4752591530406309,0.9089279217707131,3.1166666666666667
0.3709856730396001,0.560926218842615,1.008058028681876,0.35635353627946653,0.14961530438217369,0.9723815071777697,0.37029408633685296,-0.3177074979525592,1.0031759459388783,0.3132682168184499,-0.302118928549627,0.7864735749420776,0.3871178510711323,-0.30737933472052364,0.8044026348965038,0.3528320621204437,-0.39386080885853686,1.0894738453598651,0.17725284883055853,0.5529571575523402,1.0336143520573404,0.15857111748791777,0.12137462805131777,1.0288861147530972,0.1628961760131459,-0.2899614341900498,1.023940342091391,0.1621690007028614,-0.29760040412375105,0.8189961640327278,0.10950785281738602,-0.3136118521090563,0.8678381521186875,0.19268163450561776,-0.3677657693406595,1.0730149727656053,0.2681943549663284,1.1129706144345564,1.0647478523126213,0.2733291701201048,1.3675223249675983,1.0060431764602926,0.25507753513907233,1.24209643823508,0.9250749146703792,0.41952776708084727,1.0349490950899614,1.0217179005313235,0.5911806960709215,0.8778705923914076,0.9147144561407619,0.6028003888245592,1.0815780581005803,0.8414054332244356,0.519315091939217,1.185997821224324,0.8474996174434888,0.5378128473278507,1.1789329990937485,0.8178607295042868,0.5770644614692662,1.1628970718192784,0.8035532722331493,0.12447550077646961,1.0212844932168137,1.086240268626629,0.048187882301359244,0.7533463137163465,1.084134053476852,0.128258433122288,0.5869481446431962,0.9230744016128964,0.21298973259126103,0.5095213015016541,0.912323394658945,0.2131585129019865,0.49647747322872504,0.9112144259065476,0.16795651019711824,0.4753034773005151,0.9086860709836934,3.1333333333333333
0.37108768428952377,0.5605481615438856,1.0082056825036856,0.3562017414068145,0.15015183116307684,0.9715239325873269,0.37017008892075154,-0.3176219382823462,1.003132645108421,0.31302243807385505,-0.3020448417247444,0.7864534696077452,0.3874586965167597,-0.30643685934106135,0.8031574205408724,0.35283163756746727,-0.3938478736408161,1.0894853695684443,0.17766897506986493,0.5527165005821676,1.033578543071829,0.1585418509950557,0.12153599659097009,1.0288154128872515,0.1628608555326855,-0.289971223624603,1.0239371317184294,0.16207484026600316,-0.2973540687937107,0.8187220622770947,0.10950155108008422,-0.3133103905120672,0.8677286147782365,0.19279637161341126,-0.3671754604917265,1.073084898816013,0.2682754209343157,1.1130777048415372,1.0645260132809606,0.2733138743748102,1.3673819204687157,1.0060276123732979,0.25504714798048383,1.2416070147286873,0.9248738901837223,0.41974304470549784,1.0348866484067294,1.021685678367431,0.5963525632619231,0.8788790477955286,0.9181383519014852,0.6058385357683336,1.082295014050562,0.8449428604077105,0.5173465399636792,1.1827634733554002,0.846680313832369,0.534174740487497,1.1762333048315692,0.8261197932288136,0.5770007883014456,1.1627489431452096,0.8045720953139116,0.12450242904194551,1.0212849399291044,1.0861921625888056,0.04883790025825248,0.7542616217595438,1.0812907852864144,0.12807389779047434,0.588285093227925,0.9206443968289806,0.21296245425823618,0.5095863989911339,0.9122579815438758,0.2131712402103354,0.4965225423871059,0.9111554524734395,0.16813195488574945,0.4751697575648639,0.90887127148168,3.15
0.37114076787115324,0.56050858643069,1.008313889302653,0.3561474246355124,0.15083396979247726,0.9705951744470971,0.3701572719851447,-0.31754943709329236,1.0031104783399007,0.3125552017799418,-0.3018876620854136,0.7863949200469265,0.38780476033844563,-0.3048791422904222,0.8011391855233119,0.3528297608207299,-0.3938339958292854,1.0894883244224856,0.17805409137829353,0.5525803439503515,1.0338150122621592,0.1585949077167643,0.12169421372100753,1.0287897331658045,0.1629109547571701,-0.2899963964916843,1.023935736185547,0.16169924805704705,-0.296596577878289,0.8176052298991187,0.10953304600069574,-0.3127513506423843,0.86762825211053,0.19288289540923959,-0.36670114554515487,1.0731418627094875,0.2685352443849258,1.1133636638595306,1.0633143951751733,0.27329699397964735,1.3673935920796154,1.0060035874457673,0.25502752555699076,1.2409821489326212,0.9246564202976943,0.42025147143306796,1.0349857975713375,1.020984624455344,0.600387489524423,0.8800498530988461,0.9198590254004994,0.6077968497107236,1.0837487782794633,0.8457446831693249,0.514935750861332,1.1793952975355881,0.8453877244594469,0.531000367098176,1.1739020301510648,0.8324527387921157,0.5759673871608155,1.1630385527327052,0.8037434305166882,0.1245280371032347,1.02128943942679,1.0861378065344383,0.049510362080856574,0.755319320738338,1.0781920049847127,0.1277139880927084,0.5906012635613062,0.9164467037331867,0.2129357387917713,0.5096959603441853,0.9121336636437698,0.21317631155103717,0.49660963016376036,0.9110342480114286,0.1682463956099609,0.4750980413146011,0.9090896756966432,3.1666666666666665
0.3711385884378307,0.5607354744670724,1.0083546283081497,0.35618820980113863,0.15160944287023803,0.9697088351690006,0.3702649817090868,-0.31753040140882155,1.003117810071475,0.31186144873280275,-0.30166737726844234,0.7863223539801937,0.3878197262910147,-0.30294945637836057,0.7986686129014526,0.3528278451094885,-0.39381727796855304,1.0894804204196908,0.17841274684702155,0.5524556530183828,1.0342453476623408,0.1587051364777965,0.12178213562497175,1.0288001375153668,0.16302533532203892,-0.2900326745444485,1.023922743933567,0.161043570253597,-0.295253498119604,0.8157314820592293,0.10963547913858517,-0.311946733814809,0.8675743731443857,0.1929298278663778,-0.3664385910482966,1.0731624905561505,0.2689738912005792,1.1136897121337785,1.0612359262919322,0.27327402222265207,1.3674914793289612,1.0059931457505789,0.2550160586834892,1.2403110459433484,0.9244609282007856,0.4210605345114647,1.0351319330198014,1.019874634769582,0.603468039148257,0.881283311088169,0.9205739449310948,0.6086799315804383,1.0858944214892248,0.8441775392930876,0.5121772225052154,1.1762133606893066,0.8437556340098692,0.5283177036741495,1.1720402600260382,0.8362377847118625,0.5738495406945276,1.1636966039391727,0.8010352179345064,0.12454632292184153,1.0213320744301893,1.0860780601719395,0.05013788410711904,0.7563725576910324,1.0752371303154786,0.12730198596495912,0.5935212137739536,0.9111924898955654,0.21291828105835614,0.5098367638426692,0.9119625469623739,0.21317507676725744,0.49672129352776495,0.9108776722449686,0.1682704096025488,0.4751621818375549,0.9091263745866903,3.183333333333333
0.3710993298993038,0.5610223267047998,1.00833293750386,0.3563512214565442,0.15229081974203368,0.9690667899002262,0.37049917604363064,-0.31756545613373033,1.0031587252361922,0.31095648544988985,-0.3014115074795502,0.7862459377394084,0.38731372624864324,-0.30095260972308857,0.7961282973078374,0.3528273322388109,-0.39379823128226943,1.0894613807549631,0.17874322374630652,0.5523073265554765,1.0346926713226605,0.1588163347042794,0.12179501974501916,1.0288285243472335,0.16315100009805739,-0.2900774142672712,1.0238866910808724,0.16019159135997496,-0.293381650378924,0.8134529110630657,0.10981292093143938,-0.31098208412157496,0.8675655859457629,0.19293196357101491,-0.36642258756318025,1.0731478903765457,0.26953967322678785,1.113905786881341,1.0586191465318175,0.2732466939174877,1.3675695719267242,1.0059821847462507,0.2550153287620449,1.2396813667918296,0.924321672213768,0.4221058688603685,1.0352106658409301,1.0188708371674209,0.6057729978801756,0.8826759688689627,0.9207862602715811,0.6084781397435279,1.0883407735216044,0.8409254484989817,0.50914900361178,1.1732998101785055,0.8417557616168674,0.5257956967427723,1.1706418644833172,0.8371686159405554,0.5707095700772516,1.164486239258284,0.7969491916474317,0.12455839951928394,1.0214250720549385,1.0860084559599235,0.050640603001768744,0.7572204785528726,1.0728855698956483,0.1270398686413155,0.5964733489797631,0.906033767581822,0.21291468240930211,0.5099805539758921,0.9117771094096685,0.21316948399435967,0.4968331069960526,0.9107196058407536,0.16825161827668422,0.4752898124214984,0.9089961222893101,3.2
0.371049979955495,0.5611789882337708,1.0082776922793966,0.35666819024086666,0.15264969017344193,0.9688570506384747,0.37086245343576935,-0.3176412693843564,1.0032363015202572,0.30999341483602116,-0.30116440714952925,0.7861732916451649,0.3862776110484206,-0.2991831414617402,0.793878218947787,0.35282807979863884,-0.39378025383345183,1.0894358755658753,0.17903152486845755,0.5521738589465635,1.0349984549755464,0.15888162471756379,0.12177490641893363,1.0288594245274139,0.16323404137591738,-0.29012874016626394,1.0238306270451563,0.15925934657591054,-0.2911404448446092,0.8111749372788869,0.11001605698638198,-0.3100555591009516,0.8675824980967727,0.1928881109121384,-0.3666475353740938,1.0731065784190514,0.27014087833661937,1.1139450377861189,1.0558082987180024,0.27321917837455717,1.3675090962201313,1.0059435613662213,0.2550247404775695,1.2391759016998818,0.9242657870151645,0.42330847245862047,1.035088913637954,1.0184424238065484,0.6074814833819676,0.8843384142637755,0.9204946161216134,0.6073904650830781,1.0904919850212114,0.8370550796114504,0.5058919748866297,1.1706646740729187,0.8389948934855094,0.5229592954134725,1.1695910533964429,0.8352843396853429,0.5670682636261919,1.1649906435245623,0.7925405624255986,0.12457178644589081,1.021501177983168,1.0859464817806175,0.05093666807629598,0.7577046462408978,1.07150541954458,0.1270976006444151,0.5988969185328312,0.9020849991216772,0.2129279546408014,0.5100903092036319,0.9116234546160586,0.21316376053262753,0.49692515076663,0.9105879534686017,0.16824799457197756,0.47539327862325104,0.908791487705616,3.216666666666667
0.3709966100643525,0.5611390944840478,1.0082230485365722,0.3571480921591851,0.15259902492380517,0.9691459075609546,0.3713463799417227,-0.3177482384092471,1.0033504216899836,0.30926815256063134,-0.3009809451324997,0.7861058563652185,0.3848526937906612,-0.2979008304503105,0.7922412754726201,0.3528286887450944,-0.3937667327866599,1.0894109431592878,0.17925202957603212,0.5520879454991666,1.0351582299753468,0.1589029863437599,0.12177378870141564,1.0288825527865415,0.16326269578864852,-0.29018177944033935,1.0237731060646609,0.1583742012799061,-0.2887820502795079,0.8092490447147753,0.11014958153245623,-0.3094420393280829,0.867588262488941,0.19280084494701527,-0.36708319855898025,1.0730438208683375,0.2706633927687412,1.1138146547917296,1.0531050023371904,0.27319565857534317,1.3672400684795019,1.005854441758081,0.25503911841495325,1.2388628995850157,0.9243013864317169,0.42459060980552454,1.0346275144711439,1.0187626196304829,0.6088249054917536,0.8862395614573294,0.9193952711329196,0.6058183924431737,1.0918195846678924,0.8338491450409111,0.5025900264476946,1.1683797513093628,0.8350718668289195,0.519591326512106,1.1687362041151814,0.8311968959421893,0.5638391859785488,1.1646536931267437,0.7889927092639286,0.12459636591841239,1.0214317922960947,1.0859242957666417,0.0509799470249824,0.7578197947492429,1.0711111574783545,0.1275346134009045,0.6003377563275827,0.9001166175333793,0.21295696771778239,0.5101364465369581,0.9115421601852245,0.21316110504192448,0.49698564208638973,0.9105013414242965,0.16829108208726307,0.4754830101794728,0.9086053445204951,3.2333333333333334
0.37092767121363646,0.5609195107745745,1.0082265621711086,0.3577539539565534,0.15221775123212122,0.9698412669702651,0.3719133219198131,-0.31787576840899845,1.003491990895696,0.30903930625687986,-0.300899281562733,0.7860336885410003,0.38333913387039575,-0.2972670749516295,0.7914206069252328,0.3528285363358909,-0.3937587541266665,1.089391421235686,0.17937004204198542,0.5520190250196985,1.035303694300675,0.15891029341781768,0.12182654986890085,1.0288958458356934,0.16326502999810305,-0.29023530075496584,1.0237331966202143,0.15766680833707042,-0.2866293397415307,0.8079500155788958,0.11014439851244365,-0.3093428088777816,0.8675450898924615,0.19267970651927394,-0.36766768638993874,1.072965296606587,0.27102429474771117,1.113535392084618,1.050862219701985,0.27317923584871934,1.3667804874639395,1.0057079717644029,0.2550524206686153,1.2387633538789362,0.9244114794539565,0.42589992334243654,1.033840928314153,1.0197305391706961,0.6100858720975204,0.8882428921887,0.9173820884416886,0.6040059798318321,1.0920830871635099,0.8319829149188578,0.49956978772355276,1.1665822257341256,0.8300158727578311,0.5157814166859745,1.1680574308602625,0.8257874875745548,0.5618251521302904,1.1629079852050364,0.7871999107803447,0.12463756230907944,1.0211264428267122,1.085961760075187,0.05083166901511267,0.7577303470473015,1.071287397169693,0.1283152414820221,0.6004932490852019,0.9004641396189151,0.21299578067229197,0.510109127804554,0.9115513475272883,0.21315951463087435,0.4970073712485118,0.9104717367376176,0.16838760689163548,0.475649491342643,0.9085188403840438,3.25
0.37084655509136105,0.5605544043338517,1.0083594586385796,0.3583952851757794,0.15162650396473326,0.9707335398210426,0.3724930114210021,-0.31800802453098337,1.0036429129853384,0.3093671295735285,-0.30092712928323284,0.7859556108853839,0.3821474635617475,-0.2972404492693152,0.7913539651503144,0.35282785712891,-0.39375567641126447,1.0893786180667455,0.17935802769954423,0.5519120919567264,1.035561362204909,0.15891578553367375,0.12192603241460359,1.0289032988195606,0.16326768290985605,-0.29030427775963213,1.023718194338616,0.15724274581298284,-0.2850386117061122,0.8074236688268914,0.11001074540015693,-0.30979152084486183,0.8674534783458117,0.19254310479672557,-0.36830880809667355,1.07287973852418,0.27125256423659694,1.113104417773473,1.049576280456736,0.27317211208152703,1.366208251391814,1.0055235134231122,0.25506110426627737,1.2388254850025942,0.924562469243867,0.42730055725789845,1.032935224073358,1.0213435990240773,0.6115518990071058,0.8901977773717997,0.9150781512395494,0.6017080914374505,1.0914652925810882,0.8308166409392859,0.49689242409379675,1.1653568626865145,0.8240984249862505,0.5115485776445998,1.167533706047699,0.8194214145201537,0.5610309193286009,1.1592841448313282,0.7872529880971323,0.12469432163268171,1.0205922124153195,1.0860555250593524,0.05068002931774842,0.7576323142400126,1.0715235700588293,0.12931507769471523,0.5994383179415159,0.9028009725069697,0.21303656204369004,0.5100223984205263,0.9116392074095598,0.21315300266163445,0.4969892469345365,0.9104994648562885,0.1685380486383944,0.47594036052259936,0.9085750131757485,3.2666666666666666
0.37077555836439674,0.560111899325886,1.0086155961397487,0.35896726104324644,0.15087596137410592,0.9716197233587399,0.3730201281832348,-0.3181310190785152,1.0037856749108605,0.3101153396563859,-0.3010445786507171,0.7858911085950664,0.3816720870042061,-0.2975349093461072,0.7916653833569967,0.3528262196338192,-0.39375676692736733,1.0893709824224587,0.17922387286674987,0.551760825603241,1.0359203286981162,0.15890126281021136,0.12202048858956405,1.028910178500999,0.1632729167858297,-0.29040232827880524,1.0237283908275727,0.15712231921322423,-0.28425631378094335,0.8075616112726386,0.10979829901346491,-0.31066800079768137,0.8673673805510701,0.1924084669551308,-0.3689254390326422,1.0727931462950961,0.27149795840376717,1.1125373903934581,1.0496577739778454,0.2731757058304143,1.36561230153613,1.005357699413098,0.25506506541188423,1.2389467772135725,0.9247217609348097,0.4289949621971034,1.0321140548934302,1.023983253414453,0.6133544267444606,0.8919541556533321,0.9136783237819105,0.5983715339877121,1.0905000742672488,0.8288946279429739,0.49421387989210486,1.1645069080502701,0.8176947987223973,0.5067172670488836,1.1666397894743175,0.8119184423653343,0.560414067816456,1.1535150520915287,0.7880745465507506,0.12476163461525103,1.0199066341508525,1.08618944754873,0.05073443963481987,0.7576039491435221,1.0716172138722118,0.1302817834728227,0.5978407410091113,0.9058968480186704,0.21307331145439884,0.5099082855969007,0.9117688894961784,0.21313661603646222,0.4969439048794283,0.9105639202970093,0.1687307261020946,0.476350094698741,0.908760588798513,3.283333333333333
0.37072321658155416,0.5597154665482287,1.0088444083860204,0.35941382329630667,0.14993780146143776,0.9724246270046941,0.37347529247102923,-0.31824083411198667,1.0039130548680324,0.3110720036604814,-0.3012152788766426,0.7858648148049854,0.38211750748585027,-0.29775648384867937,0.7918532432629967,0.35282254109125843,-0.393761586981831,1.0893657088214423,0.17902561612559942,0.5516181112150065,1.0362301311573134,0.15884018100367814,0.12205488241307105,1.0289187715198531,0.16327014246077556,-0.2905139242623847,1.023764441586339,0.15720641233819765,-0.2842443965591429,0.8079538432053759,0.1095580668961472,-0.31172025808174575,0.8673391956327102,0.19227838966979777,-0.36949263684014083,1.0727037174707394,0.27192561279459604,1.1119315084245036,1.0510230864099301,0.2731899145635652,1.3650557178153746,1.0052821330225126,0.2550630823254991,1.2390113024703138,0.9248589653259915,0.4311674725124528,1.031445582125536,1.0280650971375334,0.6153789389490475,0.8933284712016658,0.9140955520352818,0.5937470754800835,1.089714417095569,0.825211457148223,0.4912456330462366,1.1634080760055292,0.8113695900396145,0.5012665872135444,1.1642396066378173,0.8032189720606542,0.5584803707852566,1.1457394073790774,0.7878271559185448,0.12483234827392192,1.019178169527419,1.0863436437189242,0.05108742513910138,0.7576015228088648,1.0716929405710747,0.13088930188062683,0.596639491777613,0.9081090059884327,0.21310234551028634,0.5098005254812554,0.9118962097196193,0.2131112905145347,0.4968964635550367,0.9106271878949701,0.1689207944935164,0.4768912529927737,0.9090155599051541,3.3
0.3706698431172711,0.5595032591159418,1.0088120379447791,0.35975380308942223,0.14878722800031818,0.9731987747430674,0.37387447217253117,-0.318340602563075,1.0040264081971662,0.3120552473662932,-0.3014065433623343,0.7858918659306047,0.3833271501964838,-0.29762152902621497,0.7915654732929358,0.35281628978116847,-0.39376951255602965,1.089361325964156,0.17885258776313073,0.5515506840233104,1.036335115173514,0.15873414808528638,0.12200926124686551,1.0289250941853185,0.1632522408741806,-0.29061044114943696,1.0238243556129283,0.15734731912853658,-0.28474706772560476,0.8081277396603933,0.10936584602423907,-0.3126220491413546,0.8673424135066382,0.19214384188019168,-0.3700344946903393,1.0726097900112925,0.2726052518372471,1.1114052147007993,1.0531484983980361,0.2732141320086011,1.3645525603260773,1.005328752001916,0.2550476586506004,1.2389150655894867,0.924934453267068,0.43382317791421743,1.030893955198379,1.0335545762797949,0.6174019145056651,0.894130916430167,0.9164755829342818,0.588226872471924,1.0892751427647256,0.81983395286793,0.48818532168065437,1.1611554937577715,0.805622546859023,0.4956289986300479,1.1592882572999206,0.793673827703452,0.5542435346749273,1.1366460223911923,0.7848864436159728,0.12489831668072335,1.0185304718663342,1.0864949851964798,0.0516862985362786,0.7575491343117169,1.0719628535976133,0.13091052666188052,0.5963990081141811,0.9083943458752257,0.21311820249349842,0.5097219242174782,0.9119850507475163,0.2130845497085468,0.49687182553952913,0.9106498414440384,0.16904119462508155,0.47752671512728084,0.9092586469585637,3.316666666666667
0.37058277584767985,0.5595674623335415,1.0083389514231924,0.3600531871972082,0.1474637104186523,0.9740295189553221,0.3742329123619003,-0.31843345167841797,1.0041290921012478,0.3129093992402694,-0.30159827605013767,0.7859759671997488,0.3848564296488449,-0.2970390298530509,0.7906939383025177,0.3528077233379036,-0.39377993107367465,1.0893587541498917,0.1787740067105332,0.551624844611954,1.0361635754589988,0.15862488583986925,0.12189238105143718,1.0289243214004455,0.16321854092339297,-0.29069317199746075,1.0238986048288283,0.15746031998705648,-0.2855133751832714,0.8078900652838642,0.10931778889629926,-0.3131219795242971,0.8672804566515735,0.1919994784799129,-0.37058670729564464,1.0725229108571996,0.27348948035262155,1.1109711929448245,1.055547082253234,0.2732484574348934,1.3640878681231774,1.0054709183962753,0.25501018908253925,1.2386053329329612,0.9249105470584769,0.4368115289457909,1.030381322804961,1.0400525621350958,0.6192104612013742,0.8942548925342091,0.9203712961338174,0.5824886660226288,1.088995039835396,0.8135115186057693,0.4855812448837597,1.1569851954888597,0.8006165816069375,0.49055873133222994,1.1515442218002938,0.7840147006611846,0.5476076380172905,1.127305418039373,0.778581559120481,0.12495058486357458,1.0180681531213802,1.0866156920517238,0.05242455114099616,0.7574260428320287,1.072481949029232,0.13033315352617614,0.5970694165461164,0.906719091225296,0.21311164292521448,0.5096787207533005,0.912023835377394,0.2130644045138694,0.4968819985562896,0.9106095302583616,0.16904174453571474,0.47808374058350583,0.9094110005194747,3.333333333333333
0.3704377339027566,0.5599235953803379,1.0074268478130148,0.36037673082127014,0.14603906769268205,0.974968743631015,0.3745517175981911,-0.31852040142400945,1.004223598035774,0.3134781665306444,-0.30177384896375903,0.7861085695370839,0.386235478106592,-0.2960444755037859,0.7892885031586003,0.3527972871633535,-0.393792042316234,1.0893590683997403,0.17880021658785247,0.5519126495504132,1.0356860436597133,0.15856052953843547,0.12171547719947906,1.0289187508425675,0.16317128444729773,-0.29080688655958686,1.0239702870138028,0.15753574187671437,-0.2863499328076599,0.8073635995506389,0.1094621864881718,-0.3131913086913798,0.8670786503713542,0.191849307438775,-0.3711710822922378,1.0724657180436192,0.2744602031788004,1.1105498973031782,1.0579879731030521,0.2732915363545251,1.363666768685348,1.0056616911949738,0.25495085593377875,1.2381035320316924,0.9247795473722542,0.4399251782595608,1.029865498945776,1.0470648011477461,0.6205968240799742,0.8937342545621008,0.9250308527859846,0.576932414299739,1.0885412246952204,0.8071122172147152,0.4837523004879606,1.1506493802399813,0.7962138686849467,0.4866415747509224,1.1416022419646639,0.7751860703861275,0.5390189345973144,1.1188338454700213,0.7692119596470373,0.12497889529234656,1.0178060345811577,1.086674857943837,0.053249394658126316,0.7573248829472119,1.0729636909040225,0.12933252244032056,0.5982448631443695,0.9037411492227281,0.21307261698337734,0.5096491835756359,0.9120589269405235,0.2130511022346157,0.4969187876355412,0.9105218155793785,0.16891673515891992,0.47833811735862397,0.9094127100971774,3.35
0.3702508544082374,0.5605104243336763,1.0062638231220815,0.360765454739085,0.14455888970033454,0.9760165208310515,0.374822803634055,-0.3186001142883336,1.0043094044887133,0.3136828016084454,-0.30192052206201686,0.7862687281193316,0.3870854582534602,-0.2948001047073311,0.7875644009106545,0.35278533407923934,-0.39380398694826785,1.089361012419809,0.17890684097657875,0.552443648631004,1.0348602100925972,0.15856069570980164,0.12147624906594756,1.0289168750634146,0.163113181076525,-0.29100235846655786,1.024023375095133,0.1575724193853163,-0.2870605832620053,0.8067422604553396,0.10975094833004939,-0.31304234862434044,0.8667348580759584,0.19170074700599973,-0.37178385667541225,1.072450039060994,0.27537664830568126,1.1100968088149699,1.0603418754107827,0.2733399967099547,1.3632952685240407,1.0058694927243825,0.2548794783171907,1.2374785697262385,0.9245701152038572,0.4428715982356263,1.0293948123646812,1.0538514554707445,0.6214203868472704,0.8927050779921382,0.9296430151539059,0.5716055227561652,1.0874677515321005,0.8016391550134461,0.4823569173847395,1.142448203514581,0.792028140143821,0.4838903386921314,1.1305063805927436,0.7679011718182326,0.5291595511421472,1.1120756471346325,0.7576218444536393,0.12497606980629283,1.0176351955007006,1.086652338973011,0.05416415760406547,0.7574198796839836,1.0728817568232305,0.12817392131977767,0.5994983499532328,0.9003870519887247,0.21299280991178748,0.5095842731675939,0.9121970823791815,0.21303330560660577,0.4969510311495499,0.9104578728347499,0.16870722189630827,0.47817420795317694,0.9092420256741984,3.3666666666666667
0.3700892000790496,0.5612061822012475,1.0050691786366837,0.3612380412788876,0.14305123978619888,0.9771493921207259,0.37503349478707076,-0.31866825332332527,1.0043810037576486,0.3136140231462846,-0.3020402849630813,0.7864270183601626,0.38717392315055926,-0.2937089553516267,0.786059897019718,0.35277232349900883,-0.3938139337708205,1.0893620338128012,0.179078477574872,0.5531536498407859,1.0336602702905695,0.15862022187547778,0.12115721931033113,1.0289275399891102,0.1630466747966378,-0.2912925720950747,1.0240523783715327,0.1575461141998719,-0.2874654227244548,0.8061094120341454,0.11006147998559619,-0.3129948319517129,0.8662912569955403,0.19156001893228777,-0.3723964612460636,1.0724591415886915,0.27609719851448444,1.109665803997307,1.0623602971681265,0.27339145473221343,1.3629355691356508,1.0060585693949688,0.2548118702194803,1.2368133519562552,0.924326866390947,0.44519760355579985,1.0290590229264165,1.0592496121282424,0.621738241622358,0.8913045157512182,0.9335925661357766,0.5665158971283168,1.0852317139261658,0.7984974754601706,0.48059878297372893,1.1329865422264558,0.7875785434741263,0.4818054369548429,1.1193786940037773,0.7624002340962754,0.5190067547214227,1.1071355958719964,0.7450988703723669,0.1249454103195052,1.0173873142173415,1.0865581894846645,0.055134425802018244,0.757843625017234,1.0718647376846206,0.12713955809584127,0.600486989044804,0.8975677242464335,0.212879153291608,0.5094690461916765,0.9124735106798927,0.21299195204496718,0.4969323885537565,0.9105295801058608,0.16847933816801888,0.47770101696360256,0.9089426433653449,3.3833333333333333
0.3700286476716787,0.5618621059065896,1.003966562909451,0.3617772497623094,0.14158002124949948,0.9783511335811906,0.37516799240800847,-0.31871839828697807,1.0044296460100406,0.3134563058823534,-0.3021408459867797,0.7865492453529637,0.3865830752867213,-0.293311322237392,0.785496317375132,0.35275918967772524,-0.39382233664502986,1.0893606493018435,0.17930657406745937,0.5539021161004836,1.032176210786505,0.1587314351528633,0.12074828076773958,1.0289513652260902,0.16297379163183867,-0.2916550007112514,1.024060353040194,0.1574523428021945,-0.287501542128241,0.8055091992944747,0.11027274369897677,-0.31327099545152187,0.8657995353738012,0.1914328140709269,-0.3729709743714727,1.0724604207178035,0.27650704726858105,1.1093813888902935,1.063575755544812,0.2734462210465658,1.3625760323791818,1.006141231386108,0.25477152297970784,1.2361949928227873,0.9240901425735322,0.44638551798579373,1.0289413638785103,1.062115705028793,0.6217802711142042,0.8896532869337134,0.936649381492809,0.5617139462710004,1.0814652816982235,0.7989967194847618,0.4778676543048852,1.1229216242779267,0.782765320907459,0.479666035192795,1.1091852516353604,0.7585399420014853,0.5097497609703032,1.1029505634342274,0.7337203742570992,0.1248999556999753,1.016946426067239,1.0864306140769555,0.056053355948091556,0.758589931762782,1.0699238585254607,0.12648631386131196,0.6008868920511852,0.8960159594288848,0.2127802060694773,0.5094087867204159,0.9126579507979844,0.2129220235893852,0.49685130926047083,0.9107655209298453,0.16828614584540214,0.47723764385485035,0.9086167362026629,3.4
0.370113089083816,0.5623640545058634,1.0029996323645802,0.3623204023741021,0.14024053213529764,0.979604031118504,0.3752110403952023,-0.31874504452272967,1.0044488677764036,0.3133249218810082,-0.3022190420086639,0.7866071936213297,0.385719471299293,-0.29383637219926245,0.7861684001233237,0.3527474687835033,-0.39383181459421607,1.0893572065146393,0.17956917240840575,0.5545232492673187,1.0306396479781292,0.15889003025710574,0.12029104898274645,1.0289644923173435,0.16289593685284845,-0.29205948657876296,1.0240514660177296,0.15737584575556204,-0.2873591722923376,0.8051492564912078,0.11034774282343199,-0.31387399075855615,0.8653175238513238,0.19132526543843956,-0.3734796138821319,1.0724361037374088,0.2765825080848612,1.109358173408458,1.0635365419048701,0.273507254113204,1.3623226283458276,1.0060033892683438,0.254787737867225,1.2357126442340725,0.9238919010487978,0.44617102140930187,1.0291285063356221,1.0620783861369278,0.6217649197724491,0.8879168545701284,0.9390232156577608,0.5570632513350262,1.0761879567482056,0.8032798278150192,0.47408848947459387,1.1127896248163238,0.7780787659922235,0.4766603535790948,1.100492124367406,0.7557195973502988,0.502211974016204,1.0976121615005396,0.7260265102382975,0.12485491346814462,1.0163079776707615,1.0863139735308742,0.05682834273655914,0.759499873975036,1.067342336129785,0.12637041717190967,0.6004542581684488,0.8961517594702408,0.21277369108132238,0.509589850083593,0.9123329162716007,0.2128642329026626,0.4968077051874233,0.9109318903046139,0.1681441928284904,0.4771109470349476,0.9083594461441661,3.4166666666666665
0.37035308500465264,0.5626797089777096,1.0021824572780087,0.36278502926504397,0.13910685329613676,0.9808456976418577,0.37515968659820936,-0.3187473247446241,1.004439735177817,0.3132309223912319,-0.302270548086073,0.7866010247708284,0.38500692916581625,-0.2949514605723001,0.7876119429035768,0.35273858931081226,-0.3938447313685365,1.089353982987565,0.17983670244987765,0.5548751778733337,1.029289375435389,0.1590802138133498,0.11988560228125111,1.0289043047861326,0.1628140645819221,-0.29248298149903496,1.0240288395904575,0.15747360470806257,-0.2874615777723653,0.8053898882713733,0.11033013343027942,-0.3146577602233166,0.864923957362687,0.191241932246271,-0.3739127936922274,1.0723947985074482,0.27643344656963753,1.1096107159872524,1.0622301183668397,0.2735690419337058,1.3623333697141926,1.005664034628399,0.25486325685964867,1.2354380723446616,0.9237540259957692,0.4447630806476308,1.0296521416042628,1.0598336201679206,0.6217884103718108,0.8862556125209593,0.9411321819774486,0.5522009062227577,1.0696980163053964,0.8101728614578911,0.46940809242458176,1.1028689954318114,0.7738611029489013,0.47196548659158066,1.0931463508523418,0.7527737902930787,0.49616882797103223,1.0894413368237053,0.723513654519198,0.12482136910419182,1.0155544385196837,1.086231383113057,0.05746237492117373,0.7603273593421476,1.0645039619354606,0.12677581171282368,0.5992602671853334,0.8978742399487865,0.21290706785702176,0.5101169974057678,0.9112558227670072,0.21289273212594365,0.4969862904000081,0.9106119582577556,0.16805934155965657,0.4774554704169178,0.9082194228412817,3.433333333333333
0.3707418882427534,0.5628300795745359,1.0015238834850455,0.36309715095429257,0.13822494135561203,0.9819422619108156,0.37504180163384004,-0.3187319644564096,1.0044124185950742,0.31315681250673544,-0.3023063379056544,0.7865670117034265,0.38465514541443335,-0.2961206066158284,0.789101464754,0.35273271207478485,-0.3938610967827221,1.0893541094336403,0.18009044397890972,0.5548708383176787,1.0282347645024537,0.1592749988980449,0.11962002779520198,1.0287041392934362,0.16272934004421538,-0.29291255098410146,1.0239951187142458,0.1578568522819831,-0.2881709909344736,0.8064645513596013,0.11026423075305268,-0.3154656330783603,0.864705579863522,0.19118178946395437,-0.3742699920797161,1.0723557633631462,0.27622631290106814,1.1100537121989351,1.0600839588846125,0.2735936535860717,1.3626497872545817,1.00542303415841,0.2549209314623134,1.235380890527713,0.9236714767474254,0.44266399761499087,1.0304083125995098,1.0566738144469863,0.6218674252485674,0.8846984328800322,0.9431436530718987,0.5469244475405531,1.0624379070062115,0.8181938224952796,0.4637303087065978,1.0931842951365673,0.7693759022908657,0.4650510078985529,1.0862765641042165,0.7483032774659716,0.4903468668854063,1.0779363520585519,0.725460922689444,0.12479833849800422,1.014807879363964,1.086150516805719,0.05800642925963173,0.7608595735602957,1.0618105156490931,0.12755071196618017,0.5977883787352272,0.9004145756684567,0.21318284888207617,0.5109600225740605,0.9094715908317241,0.213053636241608,0.49750784529237835,0.9095632775953141,0.16807432646365567,0.4781957972146861,0.9082314328752528,3.45
0.37126791421092864,0.5628224239319259,1.0010438453489412,0.36321141243861343,0.13762400901118582,0.9827327049327119,0.37491756860035924,-0.3187117575551206,1.0043830019363227,0.31310350291083044,-0.3023449658602837,0.786551186344051,0.38467991038268057,-0.2970259292023069,0.7902176404012221,0.35272868332021384,-0.3938777361307086,1.0893588696442316,0.18032917237897528,0.5544706988072439,1.0274626013918802,0.1594726704682045,0.11949391823982702,1.0283885453698098,0.16264343931970782,-0.2933482567349761,1.0239514953049444,0.15851765955413888,-0.2895367939016714,0.8083110576918798,0.11017142334415111,-0.3161606165996921,0.864690273904176,0.19113853280220014,-0.3745408572956509,1.0723310856585029,0.27605583281853585,1.1105916494720034,1.0575300049240113,0.27351667387260314,1.3631228887548605,1.0057329586291834,0.2548181996180299,1.2354622230380894,0.9236014157662173,0.44043541946701387,1.0312051746459858,1.053708871924433,0.6220098461193835,0.8831385240670805,0.944865903145188,0.5415482992721988,1.05488174248809,0.8262851186237168,0.45672122191754483,1.0836214946835967,0.763133346288869,0.45596421664841685,1.078914285073215,0.7413156702792438,0.48329279945254977,1.063960051344214,0.7294505775683111,0.12476561965203325,1.0141957030106705,1.0859697977614562,0.05845953538705276,0.7609974990846831,1.059617204069896,0.12852661562469833,0.5966375718574226,0.9026498664101512,0.21360910680725315,0.5120765609689382,0.9070249386118634,0.21334808910637432,0.49836833036609807,0.907822814475395,0.16826095614348663,0.47907559181810044,0.9084374711788741,3.466666666666667
0.371917596451626,0.5626212434712445,1.000770182082548,0.3631429466093697,0.1372641084201376,0.9831622177205369,0.374840773126595,-0.3186967346518606,1.00436427593428,0.31308368694289834,-0.30239436518792956,0.7865745930676418,0.3849791268283055,-0.2975344688242876,0.7907889917991923,0.3527254857682769,-0.39388895684370917,1.0893662890737283,0.18056260599988458,0.5536523440314098,1.026926817986109,0.15971483817681642,0.11941936646948836,1.0281033655247962,0.16255754918192972,-0.2938042896479398,1.0238955214389922,0.15936298304980834,-0.29134749272062677,0.8106665542591397,0.1100870008129774,-0.31660676063433985,0.864803482926591,0.19110809119769864,-0.37469301269589056,1.0723209317734304,0.27593080461157704,1.1111679828011498,1.0547909220383964,0.2732975096010771,1.3635214916967873,1.0068688037024096,0.25445237337920723,1.235568175639961,0.9234911223628322,0.43868911408805844,1.0318687676107845,1.0515445709483302,0.6221967157355361,0.8814331200827423,0.9461898642437087,0.536629974363966,1.0472091013569682,0.833714068680665,0.4481515863535909,1.073957452923165,0.7544227493933607,0.44518677728737455,1.0706938453564079,0.731876851912054,0.47425599484977976,1.0491779360124203,0.7329465110282307,0.12469087030967979,1.0138089294097663,1.0855645012223747,0.05877530110227526,0.7607557981765016,1.0581311095981873,0.12957716449367043,0.5960619570749948,0.9037553269926744,0.21420771798912153,0.5134814818643895,0.9038343069717187,0.21378528836930233,0.4995321547747339,0.9054085721238407,0.16868437510857373,0.4797022563467891,0.9088456777052196,3.4833333333333334
0.3726735447754788,0.5621784659870577,1.000717243075912,0.3629724132762284,0.13702015161075992,0.9833525798915583,0.37481893355097157,-0.31868715803873093,1.004357619485794,0.31310507164737644,-0.30244442770008734,0.7866274989447146,0.38543995586523255,-0.2975632005001108,0.7907117139531901,0.35272331449755057,-0.3938893925264027,1.0893722186610961,0.18079775949148738,0.5524065568269099,1.0266077701336191,0.1600476851223656,0.11928834435975144,1.0280072502486957,0.16247089787798702,-0.29429528494328916,1.0238238625671472,0.1602720006250075,-0.29330836694804835,0.8132040043071277,0.11005167023856877,-0.3167374004977189,0.8649285842658038,0.1910933491780041,-0.3746877170089788,1.0723169605036431,0.27586033579270985,1.111709405355622,1.0521743658891232,0.27294975025610047,1.3637082740756965,1.0087823462985637,0.25383315736383527,1.2356362034643693,0.9233208003004564,0.4380071335624353,1.0322934470876866,1.0504411274871226,0.6223005254454199,0.8794692799168637,0.9475361898575227,0.5322682073181078,1.039257033296902,0.8397499487195064,0.43806091046225354,1.0638055120211174,0.7444764508327466,0.43330321299085883,1.0617846882363748,0.7215688166442877,0.46323270659182136,1.0352037993071095,0.7342382259087379,0.12456799998472948,1.0136596211596065,1.0849258893017124,0.058938018006331604,0.760227657550802,1.0573514228271652,0.13057679008284698,0.595880377982305,0.903476242287029,0.21494737743570708,0.5151460859525147,0.8999677169569371,0.21439530371933832,0.5009834424917378,0.9022047636217244,0.1694064352208639,0.4797156515154555,0.9093796250350445,3.5
0.3735121670672914,0.5615024444939732,1.0008726770637932,0.36280934554586675,0.1368052176402435,0.9834625672177418,0.37482510693628657,-0.3186775977630407,1.0043559160849604,0.31316412063753446,-0.30247519612894924,0.7866916296905415,0.38591981666081987,-0.2971351684714662,0.7900430883170659,0.3527229288406789,-0.3938769282403552,1.0893710879303087,0.1810276589046521,0.5507864910394669,1.026510422835899,0.16048403653661528,0.11903653905074224,1.0281688964217133,0.16238304644683765,-0.29480518067988243,1.0237394450521384,0.16111884693492506,-0.29513046283028,0.8155789238564284,0.11006623808874519,-0.3166367184809538,0.8650006952534088,0.1910975974972708,-0.3745278762843546,1.0723090827620692,0.2758871194764899,1.1120547596117336,1.050429306489266,0.2725223536234347,1.3637003635027092,1.01122304046061,0.2530558293365881,1.2356682367969647,0.9231133665204077,0.43869081764819484,1.0324447770531013,1.0504085868449569,0.6220828307718602,0.8771798802001148,0.950005055218151,0.5278024812113061,1.0311047510076359,0.8433029814612942,0.4266230640937735,1.052565141843876,0.7360186019910087,0.4208628298677055,1.052165108202634,0.7131807570827754,0.4505729979193066,1.0229646853202632,0.7321632022952875,0.12447113531700052,1.0136840610250144,1.0843324922709565,0.05896810817475953,0.7595281454877976,1.0571886389766934,0.13140007107884472,0.5958458147555438,0.9019535125419648,0.21570517965688227,0.5169020788502254,0.8958496574069924,0.21515879824735548,0.5026572842089305,0.8982696328732602,0.17046753519030472,0.47895577831106306,0.9098852421158514,3.5166666666666666
0.37439935573231037,0.5606973411063104,1.0011980395781033,0.3627588612855174,0.1366376435198749,0.9835923826178647,0.37483477229412415,-0.31866466668054716,1.0043523116790147,0.3132461574459777,-0.30247363627061563,0.7867551700556699,0.3861328404449448,-0.2964964262450909,0.7891534028599511,0.3527246667334385,-0.3938528435304526,1.0893564818456487,0.18123558855053498,0.5489444616924616,1.0266451953468272,0.16100807231495634,0.11865136283528321,1.0285755025641445,0.16229938780200964,-0.29527421650528535,1.023646656968527,0.16177912979987352,-0.2965467615479205,0.8174448462478094,0.1100934705951239,-0.31647183792897715,0.8650199910952938,0.19111510516281943,-0.3742920394874452,1.072290583672532,0.27600805783748694,1.1120225796882353,1.0504425418251433,0.2720753007129378,1.3635630231916025,1.0138811100544267,0.2522425890557609,1.2356837985895701,0.9229111818633372,0.4405865694787192,1.0323261614423076,1.0511694297225476,0.6212925535936862,0.8745550408953915,0.9551227713624619,0.5222387449714845,1.023396785578661,0.8429958266050765,0.4139945395624167,1.0396523472698134,0.7314993940562448,0.4082499915955583,1.041382584941995,0.7092530154482266,0.43695672601986013,1.012493782448616,0.7259334466662519,0.12453911962378411,1.013813870173824,1.084285704541586,0.05886690525565891,0.7587361108832589,1.0576675412383714,0.1320394841373526,0.5959001132222618,0.8996017531103606,0.21634157963623618,0.5184994807753252,0.8920808000867753,0.21595791131726974,0.5043510128632259,0.8940386756713965,0.17186882711951437,0.47749582030432003,0.9101994414820924,3.533333333333333
0.37528994317985376,0.5599058160439352,1.0016385350077543,0.36288434798659625,0.13655647942269294,0.9838569124573363,0.37483997735116165,-0.3186492102397652,1.0043449469414993,0.3133307452805871,-0.30243947599355553,0.7868070977851161,0.3858291860518783,-0.2961114592202038,0.7886877540285863,0.3527282516574339,-0.39382209270673824,1.089329193033717,0.18140913458142377,0.5470738142560368,1.027021699416161,0.16159465863152225,0.118139326935914,1.0291850918895742,0.1622270455431933,-0.2956323963311688,1.0235412994668325,0.1621575542675187,-0.29735781915637677,0.8185302542886396,0.11010225078496146,-0.31634485308313715,0.8650071880973051,0.19112896662324277,-0.374100519574753,1.072256275250653,0.276113961042432,1.1115834745364517,1.0524405067162266,0.2716697750347025,1.3633112421836453,1.0164177772898821,0.2515087980599658,1.2356914446582925,0.9227488145546986,0.4431446126680775,1.031939556063488,1.0523208715405197,0.6196857477410473,0.8716753689917973,0.9640335033728191,0.5148647854815037,1.0168711396355399,0.838249434736603,0.40037281840726013,1.0251559711079443,0.7315810203769579,0.39545672104886476,1.0293718757971864,0.7102524477522286,0.42345954282090525,1.0030801657325148,0.7159233640696134,0.12487302624642035,1.014037753730534,1.085163482715633,0.05860554592763956,0.757888943309565,1.0589190088923166,0.13266340804007468,0.5959532408068992,0.8970782225274005,0.2168512334392198,0.5197622667882218,0.8890601620904997,0.2166340986190594,0.5057284793855887,0.8901047408472916,0.17359455299176285,0.4755390773437362,0.9102176703014386,3.55
0.3761376294627276,0.5592098229313633,1.002151793878455,0.36317408041069627,0.13657083211462162,0.9843563410543923,0.37484285672459794,-0.31863382493971093,1.0043361988772976,0.31340057577186675,-0.3023763286053484,0.7868319149466263,0.3850693770689424,-0.29635930831223634,0.7891441662547765,0.3527318067982239,-0.39379797571834046,1.0893160675020845,0.18154649696840666,0.5452986371697863,1.0276448789136254,0.16222117156397864,0.11751057696915906,1.029957268305187,0.16215908475668914,-0.29584149912399293,1.0234224092775712,0.16224633351661052,-0.29754628785603077,0.8188037152555417,0.11008830167040298,-0.31625908560162125,0.8649765170965072,0.19110993541291454,-0.37404244719015295,1.07220019600458,0.2760663236224802,1.110907640003584,1.055759387562067,0.2713593087176565,1.3629733212642656,1.0184623982618781,0.25094564987851053,1.235691062471691,0.9226391294434086,0.44565245648877616,1.0313060857119762,1.0535677754408488,0.6169281047964366,0.8687443819576965,0.9766328793471083,0.5054936433515492,1.0117783220050462,0.830191907293069,0.3862473697511165,1.01022497601649,0.7351458835441933,0.38213541476332336,1.017239808980414,0.714051689433679,0.4111658846531227,0.9936820306944616,0.7042220725955759,0.125470149000718,1.0143534685375402,1.0869890080033602,0.05817045830810112,0.7570069669828314,1.060962559293257,0.13346179748321324,0.5956816411671106,0.895083575578258,0.21741358320880516,0.5206828650345053,0.8867812960790417,0.21713268789232104,0.5065039743831802,0.8868365086738688,0.1755596058708412,0.47328887240128004,0.9099524736675025,3.566666666666667
0.37691448071772493,0.5586062044520943,1.0027451342846578,0.3635661888785665,0.13664664576348157,0.98510978125451,0.3748469966845299,-0.3186200443842822,1.0043296868599176,0.31344420557915464,-0.30228723161017157,0.7868160192653879,0.3841343573424161,-0.2971302626189381,0.7903480215840297,0.3527300149464873,-0.393805124521938,1.089379879871188,0.18165245643480576,0.5436417185566418,1.028509781197292,0.16287197442578036,0.1168012718536805,1.0308605287361916,0.16207646913525334,-0.2959010775264298,1.0233106695836856,0.16215542353054227,-0.29734302285750586,0.8185639921538735,0.11006148091303104,-0.31619819818048994,0.8649346012558762,0.19102573644092072,-0.3741267550600985,1.072124185193847,0.27580260751231916,1.1102131810988827,1.0594204282581048,0.27117775150946727,1.362663793994646,1.019715993960238,0.25059880815047797,1.2356831316831303,0.9225763133090976,0.4474983229426763,1.0305395443626537,1.054580478993016,0.6126171709882888,0.8660197524123605,0.9911202565204594,0.49445273267428,1.0077413766477652,0.8210319698823618,0.3724587509804342,0.9966830190549751,0.7401966949462009,0.36804314190124093,1.006785132647597,0.7175082956351495,0.4006414992150912,0.9836267788267616,0.6937848742503092,0.1262517965667361,1.014669621876021,1.0894957671347638,0.057593373347805316,0.7560941474226708,1.063585239313242,0.13446404847113624,0.5947673523810247,0.8940545865285497,0.21822554924761492,0.5213306122251128,0.8850605202328046,0.21759616811365923,0.5066400952915997,0.8842207274533036,0.17760042482581218,0.4709403958891277,0.9096303586758747,3.583333333333333
0.3776279780975164,0.5580600279408179,1.0034711594473038,0.36400322589210937,0.13670724837648168,0.9860945939253204,0.37485356016851323,-0.31860801932646055,1.0043284727343293,0.3134552290784134,-0.30218062903011883,0.7867586261210245,0.3832402695406427,-0.297896635725073,0.7915658136876197,0.3527173807969293,-0.3938608618607789,1.0895677847488272,0.1817284302619705,0.5421093361370333,1.0296064356898422,0.16353204917129324,0.11608627361851276,1.0318685793958324,0.16198123585452331,-0.29582913996299565,1.0232408716214565,0.16203736197362342,-0.2970766460757808,0.8182347595318995,0.1100287393051133,-0.31619535533962967,0.8648889762556076,0.1908816839045112,-0.3742795481734706,1.0720495036738558,0.27534399659163006,1.1095927550132711,1.0626978672731389,0.27112073765299016,1.362499932200584,1.0201446592863168,0.25045725369343025,1.2356739918192523,0.9225514901165586,0.4483306357816381,1.029851955044732,1.0547493438130395,0.6064980199718492,0.8636869862020267,1.003856425926317,0.482573844035883,1.0040126748062264,0.8128714626588676,0.3597410850630989,0.9864257588008408,0.744207856093376,0.35344637259367545,0.9993984630228323,0.7184127587987632,0.3917766436536675,0.9732518734660229,0.6868663028037689,0.12710934714094163,1.0148191716002057,1.0922735833183994,0.05694166052746409,0.7551609053133161,1.0664209645121745,0.13556018983374257,0.5932169564602306,0.8939882173499956,0.21931404376492114,0.5217062630814088,0.8838811639071101,0.21824928422756928,0.5062845686064237,0.8821185499734759,0.17964375365569946,0.4686949006282578,0.909686076537007,3.6
0.3783093857690114,0.5575499960988923,1.0043756746195633,0.3644621328799218,0.1367148990056128,0.9872515776925869,0.3748617977556415,-0.3185974630456402,1.0043335314043667,0.3134355429308444,-0.30207346826126935,0.7866758719399415,0.38245645744967594,-0.29827196954225754,0.7922575348001099,0.3526965872638963,-0.39394407819782457,1.089824301802691,0.18176270976666342,0.5407540949980263,1.030930030672379,0.16417225482395914,0.1154455676520389,1.0329554554436882,0.16191507507785186,-0.2956433094241794,1.023237701694449,0.161972173610344,-0.296931387184798,0.8180445156847613,0.10998739378626005,-0.3163215694461585,0.8648543518002925,0.19074204611529771,-0.37438938392763615,1.0720098513024157,0.2747477216589098,1.1090069415536932,1.0651796033794088,0.2711352266084992,1.362487737615007,1.020038726741301,0.2504858269142808,1.2356767841652117,0.9225716801988668,0.4481010193977494,1.029414904237764,1.053446868606443,0.5986393769913376,0.8618645481393938,1.0100148736781072,0.47105105972470873,0.9998813918045415,0.8074075687240005,0.3482458738748043,0.9809991395369562,0.7444997804686656,0.3391524464728233,0.9957479192839701,0.7158016086937966,0.38395543121958664,0.963812641762414,0.6841738234708674,0.12792041261036155,1.0146787263562622,1.0948582310668744,0.056300082935899234,0.7542829922943186,1.0690723047124915,0.13663747213596059,0.5913577079145826,0.8944839262319781,0.2205676160170182,0.5217926477097625,0.883296639358778,0.21918770525738984,0.5055970000792593,0.8805913851766303,0.18176433036509287,0.466668566570641,0.9105197551528372,3.616666666666666
0.3789794521166482,0.5570827471186361,1.0054541413374376,0.3649626521253827,0.13669650266851602,0.9884835240772706,0.3748708638401337,-0.3185876972942244,1.004342189940023,0.3133964917238851,-0.30198378580977614,0.7865893014859726,0.3817984830340212,-0.2982982754655001,0.7924531050873181,0.3526817461550103,-0.3939990085191779,1.0899989799418002,0.18173333011643503,0.5396210246686677,1.032470979446019,0.16475171236157282,0.11492040079723148,1.0340946629614267,0.1619311149114027,-0.29535540878746663,1.0233020065113558,0.16195211357704176,-0.29690228118353945,0.8179809408823918,0.10993577964178791,-0.3165739035171489,0.8648581195949148,0.19068187701281267,-0.37436229514209723,1.0720302056596838,0.27408236957360904,1.1084141480668879,1.066582976596723,0.27115350354356726,1.3625512652633716,1.0197933565821438,0.25067987836282146,1.2357041165101654,0.922663778350207,0.44707351992367916,1.029238772154572,1.0505295575504976,0.5894446949064418,0.8605862690064536,1.0056465253255051,0.46104160972828534,0.9948753162068491,0.8060408341584135,0.3376250276298676,0.9811027361763418,0.739940767998437,0.3261442205492927,0.996100903887442,0.7095579716234375,0.37626082074489875,0.9567188492718425,0.6851227046903192,0.12855938130048256,1.0142303414174905,1.0968036517979285,0.055761374826781944,0.7536025875508641,1.0711625468916266,0.13762351544312137,0.589549470893616,0.8950375425887833,0.2218758523792168,0.5216993410651638,0.8831168433980539,0.2203427901678452,0.5047656196709505,0.8797793480601822,0.1840042428675958,0.46485597548361623,0.9122488385837196,3.633333333333333
0.3796376267346389,0.5567208573339606,1.0066256975359231,0.365548460430128,0.1366605092963471,0.98970673914633,0.3748806981206,-0.3185777190654582,1.0043504123512232,0.31335210995110807,-0.3019195987990779,0.7865078470486617,0.3813084930641053,-0.29818574539582965,0.7924068248557704,0.35269392542171873,-0.3939695062790611,1.0899391557607025,0.18162855647466636,0.5387096893092549,1.0341774992879071,0.16524910858625297,0.1144960419182659,1.0352615163077652,0.1620553548475032,-0.2949840444105085,1.023415724519727,0.16194586318912868,-0.29692005222348394,0.8179652744356444,0.1098924262348002,-0.3167743592217265,0.864941420551007,0.19073499117454235,-0.37414527305437506,1.0721213488245633,0.2734380667709918,1.1078445115867948,1.0667583483682206,0.27114579388225524,1.3626474663069656,1.0196374963565271,0.25107016284858896,1.2357408757832067,0.92283965322956,0.4456955414455099,1.0292389862455873,1.0464211913047035,0.579529101738824,0.8595310637277742,0.9900137527406461,0.45315490063388614,0.9886832160803258,0.8095424695634919,0.32742802329529197,0.9860787407325984,0.7326127960363895,0.31503813798231595,1.0002288482091415,0.7010117384417742,0.3676738463498672,0.9528460491712715,0.6885529277677842,0.1289323336831711,1.013543032324745,1.0978018523700979,0.05541031897918807,0.7532456682608524,1.0723899547299214,0.13843658036607692,0.5879321034976756,0.8953993173001007,0.22315249243871965,0.5216246475306108,0.8829933211525833,0.22160347565656752,0.5040753083577576,0.8795615434246953,0.18626254893437214,0.46326132420904526,0.9146785667477613,3.65
0.380272096846258,0.5566107402453384,1.0076955972435606,0.36624412251997424,0.13656286237662085,0.9908754393060417,0.37489145802899954,-0.31856688802828537,1.004356806085602,0.31331324813029,-0.30187667472967816,0.7864287019955225,0.38106607419324057,-0.2980624793855929,0.7922826169704573,0.35274706701344255,-0.39383180355365044,1.0895811429069153,0.18146775314728888,0.5380359043990398,1.0359154205704355,0.16568313889106345,0.11411614178079271,1.0364341979395404,0.1622774989251526,-0.29456075870022647,1.023557198337163,0.16193732034711428,-0.29693886632465577,0.8179594538125187,0.10989243584480947,-0.316676604553232,0.8651220522120561,0.19089694913031555,-0.3737274030126629,1.0722866829851971,0.27293044288321644,1.1073497152448464,1.0659457780819501,0.27112344815779166,1.362777906405548,1.0195954861937813,0.25167463093645026,1.2357204209010435,0.9230368586168435,0.44432993426561385,1.0293652132897395,1.0418113147991384,0.5695345467059523,0.85787380801089,0.9661526459535404,0.4471358536960823,0.9812998091891011,0.8174760889965984,0.3173716089675892,0.9938603922124687,0.7270663557836435,0.30577592219994115,1.006833226619354,0.693749592281317,0.35737349975315935,0.9522183039889793,0.6934092388881001,0.1290356880877992,1.0127712054857987,1.0978644804385451,0.05527614503651479,0.7532203355035136,1.0727036268386148,0.138979469294179,0.5865210532792087,0.8956242285864471,0.22426989983149453,0.5216936891393387,0.8827633076176067,0.2228708566501263,0.5037987712586984,0.8796054472716855,0.18837157104702695,0.4619861854266941,0.9174114401158173,3.6666666666666665
0.3808548891475516,0.5569091432668467,1.0083863314724402,0.3670444578140222,0.13636166779762365,0.9919695398272412,0.3749025229790475,-0.31855502036677863,1.0043621982460014,0.31329017217700506,-0.30184962006878596,0.7863602654624127,0.38107827617755397,-0.2979854018987398,0.7921808442690833,0.35283217881070167,-0.393615026285366,1.0890065993618316,0.18129613177924273,0.5376731519168345,1.037481917058722,0.1660989869070934,0.11373164172864964,1.0375907704572327,0.16257066074021395,-0.29411371119062557,1.023712584069043,0.1619239924762696,-0.29694794760156734,0.8179621571450161,0.10995929735782184,-0.3161879401091075,0.8653539195423722,0.19114980451364513,-0.37312666795736793,1.0725078170122837,0.27264281495668435,1.1069409465043645,1.064833963982524,0.27110419150477977,1.3628925249607455,1.019602740087139,0.2524632451211959,1.2355733270327236,0.9231199924100244,0.4431557045754638,1.0295983532062931,1.0373883777125965,0.5600262040065427,0.8546468461852719,0.939401869249767,0.44196231749666537,0.9735057963741384,0.8276768971134616,0.3073489681365349,1.001621614794725,0.7274990094943501,0.2976945182356221,1.0134783985930993,0.6924443891661867,0.3451257016407876,0.953919400843472,0.6992034332205386,0.1289809848133403,1.0121410069308818,1.0973966033447642,0.05529431194357911,0.7533799203820581,1.0724407595067924,0.13920871511116184,0.5854896039165084,0.8958524977119078,0.225064915143891,0.5219058801312039,0.8825138868145477,0.22401970385583786,0.504039920703182,0.8796957123153876,0.19017208677275932,0.4611475996144602,0.9199845134969555,3.683333333333333
0.38134647543986633,0.5576344879039433,1.0085313203604462,0.36795785447063334,0.13606964175482705,0.9929844739883873,0.3749127595056802,-0.3185421012660149,1.0043669902532837,0.31329363031760604,-0.30184165790334616,0.7863308172652448,0.3812155472925973,-0.29798450444548963,0.7921789065833141,0.3529248029670177,-0.3933789461085567,1.0883783900494441,0.18115505313725458,0.5377119654603639,1.0387138622890382,0.16655734245367698,0.11334684529210781,1.0387059880054954,0.16291394219282812,-0.2936638955267931,1.0238727020819414,0.16190690735063684,-0.29696343788307683,0.8179793310789273,0.11009100217811324,-0.3154026378101303,0.8655569396927154,0.1914749454408674,-0.37238741691076443,1.0727347852634437,0.2725358811856671,1.1066228333839518,1.0640360475961586,0.2710955657630039,1.3628684332131793,1.0195948177548324,0.2533477148202602,1.2353024143325124,0.9230303162916152,0.44227241113950666,1.029833799042558,1.0337410539637761,0.5514743797560046,0.8492620727216195,0.9153650750124431,0.436309955472697,0.966732895413857,0.8365947719979792,0.29734605272905784,1.0069497838336054,0.7353841369115343,0.28986775179040375,1.0177047083211974,0.6997327062965528,0.3314836154090687,0.9564056860149388,0.7059978151012933,0.12891697088803644,1.0118586424766813,1.0969337203626262,0.05535708856623392,0.7535231204239562,1.0721059149087373,0.1391817627171884,0.5851623545372779,0.8961389704203588,0.22544982767031774,0.5221845654925077,0.8823734628932267,0.22489662024401907,0.5046882462148709,0.8798097568827474,0.19155522292243957,0.4607721969447519,0.9219967166625607,3.7
0.3817318594698966,0.5586377487628431,1.008239270834946,0.3690388458409609,0.13574160404879454,0.9939267959990568,0.3749216296987834,-0.31852858724196204,1.004371179810884,0.31332798779297943,-0.3018614471105008,0.7863688719590294,0.38134584505675506,-0.2980570911114585,0.7922918886216783,0.353006892775785,-0.39316778697484756,1.0878112885697078,0.18105823726285442,0.5382114791281822,1.039579699460245,0.16712223250114802,0.11300936932612499,1.0397576865084954,0.1632965691536455,-0.2932345194210081,1.024026911505178,0.16188704775829948,-0.29701954027702926,0.81801120682496,0.11027157725003352,-0.3144697703599264,0.8656748808170248,0.19185576246203412,-0.37160221065262905,1.0729270335088201,0.2724685286518913,1.106480331666242,1.063605467594309,0.2711000468131773,1.3626058517027655,1.019543751230733,0.2541734588132771,1.2349366464520268,0.9229752417686574,0.44175858954307323,1.029846290696408,1.0313129031346868,0.5441484725897379,0.8416718975232595,0.8984046588831232,0.4291579913284306,0.9619365777250637,0.8411873309107605,0.28743851131576825,1.0088532938549142,0.7491306696085497,0.2816119862153859,1.0184818960828024,0.714308418860367,0.31757292650866437,0.9582729620529475,0.7139559558443265,0.12891818935423904,1.012008853279965,1.0967602449981175,0.05540394618006875,0.7535442362742871,1.071978701367632,0.1390012037982351,0.5856960379709706,0.8964407757342359,0.22551069975687793,0.5224072536258624,0.8823494306061994,0.22539513889220408,0.5054895705951259,0.8799508736654831,0.19248600218284934,0.4607413622547989,0.9232009492501985,3.716666666666667
0.38203062008298627,0.5597064284765819,1.0078137515368033,0.3703448154053351,0.13542162181274559,0.9948075794182072,0.37492925495273766,-0.31851550535184414,1.0043751636653766,0.31338705721071625,-0.30191762773909026,0.7864865392932132,0.38143543159713994,-0.2981713712536048,0.7924686814592422,0.35307383311691065,-0.39299499316444114,1.087337641643138,0.1809918087842216,0.5391723619542974,1.040122209645006,0.1678046706701384,0.11275911056788201,1.0407358380545562,0.16371257329839342,-0.29284089144521913,1.0241688730308998,0.16187473170747613,-0.2971332366195816,0.8180651329070072,0.11048184900195127,-0.3135235895944639,0.8656907994117304,0.19227919149020847,-0.3708994276941711,1.0730930716625762,0.2723566498554576,1.1066520852138428,1.0633310461787375,0.2711181353619928,1.362098293423454,1.0194516248037901,0.25474940188417805,1.2344440142732491,0.9233569137000321,0.441614881998743,1.029463849554439,1.0302702584332413,0.537928221922257,0.8322480108285157,0.8908172991133322,0.4201530464048746,0.9588120709106456,0.8406084356574777,0.2777569768468635,1.0078589942960885,0.7653216124600323,0.272794474275998,1.0165163003001654,0.7322576217957616,0.3046396191991546,0.9588372606460094,0.7230385838358917,0.12897324523707912,1.0125217665071753,1.0968475268288438,0.05543489420612482,0.7534589617632547,1.072040566199695,0.1387572565810476,0.5869096444825442,0.896685812524068,0.22545337461333037,0.5224400327056069,0.8823299174488164,0.22554793522239547,0.5062054591647467,0.8800618802487798,0.19295541064846058,0.46085256483650683,0.9235793967100894,3.733333333333333
0.38226477680105597,0.5606432342362149,1.0075651887126134,0.37185429340314,0.1351161868083387,0.995646367005838,0.3749356100227504,-0.3185035634230245,1.004378797654743,0.313456827657181,-0.3020147009123851,0.7866760202577363,0.38149381305265473,-0.2982713418227549,0.7926154522826472,0.35312880634091964,-0.3928488637695895,1.0869483344474458,0.18093586600750647,0.5404944432192982,1.0403572909917143,0.16852003218634365,0.11258998488642408,1.0416310501812773,0.16416281406476646,-0.2924851784384815,1.0243022708119867,0.16190433711030427,-0.2972502586030865,0.8181862745721568,0.11069694296950222,-0.31270059611801554,0.8656146330981015,0.19274122119889023,-0.3703935783791494,1.0732732853392988,0.2722830250599494,1.1071473425332,1.0632767677708297,0.271146281364401,1.3614097091296202,1.0193258782599024,0.2549402515577643,1.2337807722578338,0.9244511273919558,0.4417186827889704,1.0287774125861977,1.030324012017748,0.5323103582593788,0.8217389838295729,0.8924150474415127,0.40952464077293055,0.9563415257948753,0.8357168254283824,0.2684118131130889,1.0053537941252282,0.7802353694841802,0.2636527209972276,1.013313847295957,0.7496115511772976,0.29359942022327296,0.9581186660215244,0.7329665532147973,0.12904722851557737,1.013207420501127,1.0970495313624864,0.05546464084916283,0.7533212302716163,1.0721790331975793,0.1385885884665887,0.5884645307976177,0.8968179579482147,0.2254337267410252,0.5221991349712499,0.8822019144014803,0.22552957054149336,0.5067179311138742,0.8800673262593668,0.19299831967405384,0.46098905280003377,0.9233664803870577,3.75
0.382450022125154,0.5613026395620849,1.0076736342796577,0.37345448624397465,0.13481067573107708,0.9964804327792296,0.3749403005613204,-0.31849242003918815,1.0043806945249183,0.31351993605409173,-0.3021434492043334,0.7869059529534289,0.3815067448912557,-0.298276139614933,0.792613068242437,0.35317751815986986,-0.39269693011414186,1.0866282217423178,0.18088958269717526,0.5419720982081131,1.0402722631454386,0.16913924565372288,0.11246009133805296,1.0424111382987546,0.16466047393982314,-0.2921709238582714,1.02443659515358,0.16202519762279255,-0.2972598827476203,0.818462084406776,0.11088273947215815,-0.3121462773495181,0.8654724161556233,0.1932556514741159,-0.37015145859230114,1.073507127813969,0.27242326277527185,1.107726642217354,1.063772649835658,0.271176257071874,1.3606270970211227,1.0191719263290313,0.25475641472093213,1.2329827951010253,0.9262407565359569,0.44190193765455565,1.0280830540435493,1.0308287178615296,0.5266362090077803,0.8112826242099032,0.900455611499826,0.3978937271121388,0.9537054732668289,0.8277737776663106,0.25952038828467155,1.002860113304781,0.7907839438183819,0.2544750559699757,1.0101894274682601,0.7633665154623028,0.28475401216028995,0.9564911917996255,0.7430413752569214,0.1291177048192439,1.0138508306625793,1.0972503500456834,0.05549787714377541,0.7531636821089192,1.0723255771227338,0.13870791343995537,0.590089921129429,0.8967932275603173,0.22547667526652812,0.5216788702411614,0.8819439923643748,0.2255223413538103,0.5069989797839118,0.8799391509474863,0.19276943311810368,0.4611666623587506,0.9228884235536894,3.7666666666666666
0.3826070191440335,0.5616171378603863,1.0081503353061083,0.3750025515245393,0.13451535920723445,0.9973150163350559,0.3749427968602052,-0.3184812716372039,1.0043794020749068,0.31355911764910777,-0.3022764850167173,0.7871236823728,0.3814282517378782,-0.2981540927459872,0.7924195632509293,0.35322347487666905,-0.3925070899876395,1.08637024630391,0.18086909256559225,0.543398483515611,1.0398873703867082,0.16957787432707444,0.11234334243174604,1.043020808712931,0.16521891094297741,-0.2919059843605235,1.0245784988902922,0.16224431809040818,-0.29706112163586207,0.8189093664593589,0.11100594940558384,-0.3119579778913919,0.86530291438916,0.19384568106355668,-0.37016284732967236,1.0738134436638964,0.27288311810270216,1.1080454838154774,1.065027638859604,0.27119820435700015,1.359859791006943,1.0189999305389816,0.2543381492361043,1.2321574453599833,0.928517475449615,0.44205393102998203,1.0276049658287338,1.031230341186435,0.5203053284862058,0.8022077619944606,0.9104748684822974,0.3861745314797034,0.950493942695937,0.8182803753354455,0.2512916526174984,1.0014856998192627,0.7950582346982211,0.24557400356684528,1.0079711896917571,0.7711827531116493,0.27781816547448895,0.9542730445942595,0.7520953696360684,0.1291737612224307,1.014311148717185,1.097398626450735,0.05553223800775822,0.7529962345823626,1.072463760963963,0.13927582223442792,0.5916087957791758,0.8965642406917717,0.22554360247655098,0.5209420348731582,0.8816023032015893,0.22558802319130306,0.5070774413119445,0.8797223763128064,0.19247897681592455,0.4614095667276721,0.9223775313932454,3.783333333333333
0.38274500098598435,0.5615815884972106,1.0089368389329527,0.3763673587476407,0.13431506288512696,0.9980146089165008,0.3749425871782019,-0.31847004217144004,1.0043746840873615,0.31356030350961817,-0.30237950117649737,0.7872713767310074,0.3812378340654261,-0.2980549705499529,0.7922398109167669,0.3532641823880198,-0.3922914353438495,1.0861756858033187,0.18087867530721358,0.5446655259809174,1.0393064263304426,0.16983527653685912,0.11226767628548834,1.0434085998361284,0.16581837049500034,-0.2916906016182176,1.024722642526029,0.16245269381036648,-0.29655349542250925,0.8192799733160678,0.11105516457263437,-0.3120817677276856,0.8651582934106771,0.19450173086775194,-0.3703286528531335,1.074171571152521,0.2736303375444515,1.107905553713372,1.066939753863573,0.2712058269527048,1.3592669106785054,1.0188350880937151,0.25381061253830195,1.2314162429997242,0.9309953924881684,0.44209480261001444,1.0273789980536332,1.0313632526315915,0.5129621992082004,0.7955644623725798,0.918223985648381,0.3753223341465778,0.9465437099858247,0.8092162721622151,0.2440253266125502,1.0015770532851433,0.7929625416186823,0.23741809383519205,1.0071185351486587,0.7716578904760387,0.2721863018833323,0.9515738315322367,0.7589424597996114,0.1292104195046791,1.01454318033395,1.0974839599421076,0.05556493834846858,0.7528232889598936,1.0725979030406383,0.1403015788498921,0.5928765944895439,0.8960710539270379,0.22560793890994899,0.5201117301313313,0.8812372273255038,0.22568630692445713,0.5070429070249349,0.8795079006931271,0.1923000332900296,0.4616319778949082,0.9220580882676,3.8
0.3828367768957302,0.5612134660998571,1.0099908980750403,0.37744253331231953,0.13433907262119343,0.998317769866167,0.37493990325705473,-0.31845976161527867,1.0043678089736074,0.31351790267736895,-0.3024286979140299,0.7873081757375245,0.3810359326566018,-0.2982795625041547,0.7924818346119106,0.35329450063334117,-0.39211884032626365,1.086052556357886,0.1808958311436804,0.5457373895639073,1.0387064403859785,0.16997297526176713,0.11229698847717873,1.043549307710255,0.16639664702196816,-0.29151533756394743,1.024850814058858,0.1624465785851792,-0.29561490931352635,0.8190742454531145,0.11104957176830603,-0.3122994578947166,0.8650887441755158,0.19515817215362888,-0.3705209941705621,1.074527039473715,0.27454810382757344,1.1073346192364637,1.0692215670684773,0.2711977322737596,1.3590140401995865,1.0187207857429077,0.2531810623204027,1.2308169845005916,0.9333299455416187,0.44192479510453475,1.0273874568329635,1.0313211714737145,0.5046024463545049,0.7916576417298027,0.9214422294437506,0.36601009118691186,0.941865486875121,0.802653044681058,0.23803936075263477,1.0027816973493022,0.7863911876128065,0.23053700733503912,1.0077547398942586,0.7652976370863271,0.2672422754252406,0.9485404784201474,0.762723766066199,0.12922857215543065,1.0145752424387573,1.0975122386776466,0.055595060128429574,0.7526522716350925,1.07272730454712,0.141670911321174,0.5937832443278134,0.8952745194353886,0.22566267667552975,0.5193726831028769,0.8809216298655363,0.22576509973194914,0.5069964532006948,0.8793766588123503,0.19236683730137516,0.4616520711509959,0.9222484308081257,3.816666666666667
0.38282792810005584,0.5605372150925673,1.0112382071622121,0.3781708144679286,0.13465062304438358,0.9980587840446944,0.3749363956367813,-0.3184518402682262,1.0043612216701692,0.3134407400407867,-0.30242168002639863,0.7872299447368305,0.38105876860491283,-0.29904902902055874,0.7934508537619367,0.35331148848016075,-0.39206271798253983,1.0860111097694922,0.18089136188541732,0.546573045175479,1.0382491148219526,0.17007224623658182,0.11246470249749585,1.0434511988130641,0.166887710421354,-0.29137498869588785,1.0249432869543222,0.16207138970111734,-0.2941878995695984,0.8178661691915037,0.11101967586056165,-0.3124101885190575,0.8651044286500021,0.1957360133254646,-0.3706639625911932,1.0748285857796793,0.27549958776542166,1.1064982040413422,1.0715618814085737,0.27117351637322284,1.3591662627727008,1.018697986150835,0.25241945912335073,1.2303580486082448,0.9351422792553106,0.4414777214040607,1.0276509327345518,1.0312231840662611,0.49551697343641044,0.7900027847700843,0.9199698597447836,0.35852876312981463,0.9366461837820121,0.7998975386188005,0.23362271145724545,1.004480734308436,0.7781405046585329,0.22512596471473328,1.009602360346669,0.7544495970150742,0.26259218930318706,0.9456129016794622,0.7625789501240136,0.12923510745609174,1.0144959650723084,1.0975087008759925,0.0556254652560014,0.7524883393458538,1.0728394773480623,0.14319234650462892,0.594290161429734,0.8942948471174972,0.22570394908887464,0.5189384935129493,0.8807427575877107,0.22580594496498585,0.5069822861461996,0.879354393303925,0.19275113843068853,0.4613246956170595,0.9231736156063655,3.8333333333333335
0.38267868459234644,0.5595880490054672,1.0125397243531302,0.3785607041805245,0.13519820062082794,0.9973303278732004,0.3749342588538699,-0.31844721484497646,1.0043575001201208,0.3133514379550665,-0.3023778260537327,0.7870788972284564,0.38154766523448824,-0.3003570600427,0.795149841501044,0.35331211957465636,-0.3921494484350387,1.0860541728852338,0.18085345001569675,0.5470997038699459,1.0380005447885947,0.17020933109097225,0.11271738187174984,1.0431824179810758,0.1672570330029287,-0.2912792213092628,1.0249888280761628,0.16133899748224623,-0.29239635884427173,0.8156469986685847,0.11098424196693142,-0.31239818231767363,0.8651656295086723,0.19619276972268804,-0.37074024052648646,1.075048522858398,0.2763500019593141,1.1055877723015757,1.073664968977627,0.2711315121730029,1.3596861514074778,1.0187764120501877,0.25156711301563534,1.2300422512659561,0.9361388238186317,0.4407736964253762,1.0281415746840485,1.0311144911001273,0.48623230211678525,0.7897205460288199,0.9148575412449744,0.3528687652814978,0.93134329093049,0.8005493499541534,0.23108619183505796,1.0061673621793252,0.7702452896556289,0.22093249347299238,1.0120647550584092,0.7415619084017693,0.25819688331712193,0.9434596387742258,0.7573435240687193,0.12923763125816487,1.014414752126621,1.0975099350850503,0.05567699473762055,0.7523301617266984,1.0729106206409957,0.14460716711478425,0.5944344419778352,0.8935483634341773,0.22572662469051874,0.5189561524350531,0.8807656711511641,0.2258211009174792,0.5069906181172901,0.8794080038249739,0.1934300197208159,0.4606377111710134,0.9247807461303347,3.85
0.3823866513807961,0.5584030388092842,1.01376680979358,0.3786748535999819,0.1358507265014246,0.9964020676267242,0.37493468341117375,-0.3184461337662916,1.004359061826305,0.31327317288097756,-0.30232917663593006,0.7869284458207811,0.382569618478747,-0.3020251771805311,0.7973485804284748,0.35329221274035166,-0.3923633827758463,1.086175498812985,0.18078145695370493,0.5472364696404486,1.0379488099490808,0.17042976715474156,0.11293541977090577,1.0428873415222994,0.1674979412037481,-0.2912463390190585,1.0249851530540066,0.16042831171934296,-0.29057565000822055,0.8129307644495573,0.1109546810894162,-0.3123610831769815,0.8652127298394525,0.19652477904948018,-0.37074334406076,1.075175958622615,0.2769750411370252,1.1047554640653388,1.075246253579951,0.27107155661428584,1.3605506450696903,1.0189315456174615,0.25071064999170806,1.2299065146264547,0.9363011728264052,0.4398929784742943,1.0286664977600029,1.0309539417352394,0.4774531724211276,0.7899075069771723,0.9080543190294958,0.3488779344987075,0.9265524728963409,0.8025995796415117,0.23091659334375447,1.0074693772942174,0.7632256988697423,0.21789687314427775,1.01438892042043,0.7276278753229826,0.2544477436805618,0.9425276906870406,0.7463969030290938,0.12923711516514308,1.0144037519068747,1.097528494831044,0.055787998579907544,0.752188529831194,1.0728974157210556,0.14562452259011438,0.5943321742581247,0.8935924644391477,0.2257274293527059,0.5194176737562572,0.8809918726972682,0.22583225822555397,0.5070023174711803,0.8794808509482845,0.19431640582674486,0.45970315523588223,0.9268031298555073,3.866666666666666
0.38196635598668155,0.5570004947815548,1.0148632795674941,0.3785969974719931,0.13643614922097969,0.995551591805498,0.37493734537700274,-0.3184486278430806,1.0043685429713844,0.31321524975048404,-0.3023074236155031,0.7868453205959108,0.38395569222406467,-0.30381252452423313,0.7997262127882869,0.3532494044685845,-0.3926796384493082,1.0863673235635236,0.1806691673252982,0.5469258584853945,1.0380796781710644,0.1707134018002489,0.11301287104502306,1.0427026821031298,0.16761363207709354,-0.2912851987855546,1.0249365356064228,0.15960704898054684,-0.2891537203931835,0.8105227311414518,0.11095043972190888,-0.31235780992300577,0.8651670041345776,0.19674382572559637,-0.37065083867765664,1.0752139725923995,0.2772922274403619,1.1041240794804548,1.0761024937977417,0.2709982314257663,1.3617655732096272,1.0191238204508586,0.24990737394630097,1.2299396230293669,0.9359476601685371,0.43893973692978716,1.0288884020882825,1.0306597742857948,0.4698261226365469,0.7897209579467819,0.9023285606958098,0.3464565066721287,0.9224417979153372,0.8040417525582384,0.23365373565694292,1.0079515954829643,0.7566169202817099,0.21673708753884485,1.0156788773846075,0.7127581092140022,0.252157030055322,0.9425522868288476,0.7309477795604826,0.12922782910593578,1.01448353287243,1.0975419085507756,0.05595349575346405,0.7521046237696696,1.072744581492466,0.1460206087607871,0.5941650388651577,0.8947371806657474,0.22570711129713444,0.5201617612727228,0.8813548711498352,0.22584871769365022,0.5070102536950482,0.879535080102307,0.19529900747218376,0.4587083528823872,0.9289256899627287,3.883333333333333
0.38142992999011816,0.5553764330940378,1.0158196172933953,0.3783959162365696,0.1368146351255265,0.9949412888693249,0.37494102892035025,-0.31845500884411004,1.0043868357638763,0.31317602103103825,-0.3023330840392485,0.7868587491544149,0.38541954432445813,-0.3054753353668194,0.8019485639764053,0.3531820866704804,-0.3930891972788311,1.0866240345774665,0.18050915956220548,0.5461520071543091,1.0384136815768368,0.17098501148491255,0.11291438335121057,1.0426497121554994,0.16760844072496833,-0.29137473998602664,1.0248532928366294,0.15912294057616405,-0.288430498598409,0.8090991321020841,0.11098318907340005,-0.31235995755566814,0.8649264542433274,0.19685472689177105,-0.3704455097280085,1.0751800634776372,0.27731990333925416,1.1037884485998544,1.0762596484470432,0.27091928660295495,1.3632466365166258,1.0193127413453094,0.2491892816622363,1.230045189370308,0.9354982170900226,0.4380422753334021,1.0285272502084788,1.0301969932709851,0.4636251227053739,0.7884075865967013,0.9004685948884071,0.34556862534980903,0.9185337160807668,0.8041739457712233,0.23936264734301133,1.0070298275341112,0.749843912032559,0.21854410086374054,1.014931218583669,0.6976944555385705,0.2522272402235187,0.9426332781420216,0.7139078373945147,0.12920559210924176,1.014627602010567,1.0975262324756756,0.05610849787918308,0.7520955530589122,1.0724519480241304,0.1457633913352466,0.594065186484273,0.8968787780208337,0.225669958847374,0.5209733274740722,0.8817604877308065,0.22586076450877288,0.5070148667624854,0.8795681260809582,0.19623929023945963,0.4578350686257062,0.9309122293446133,3.9
0.3807935595438008,0.5535554679063923,1.0166239186179111,0.37811331278175075,0.13696073059883146,0.9945821816159949,0.3749448927827664,-0.31846546726642777,1.004410903389425,0.3131548284970748,-0.30240645633057567,0.7869540092120108,0.38670739462658543,-0.3067840049406519,0.8036973136156859,0.35308612363386177,-0.3936086824041729,1.086941544893209,0.1803068643561032,0.5449681280394505,1.0389820162412007,0.17117308968339479,0.11266645224776967,1.042657705234749,0.16748835907082943,-0.29146075869967425,1.0247477799221458,0.1591304206220972,-0.2884704929672491,0.808999762555834,0.1110160515701664,-0.3122904509857397,0.8644990784790232,0.19684611003788835,-0.3701636961287858,1.075091561556082,0.2772055626929507,1.103732924238178,1.0760271774222339,0.2708411448277799,1.3647999375828401,1.0194650722051817,0.24861550844284916,1.2301366187679192,0.9351789373001305,0.4373607790838663,1.0275643892535153,1.029632188119781,0.45871739177204274,0.7855010711377368,0.9042469190353336,0.34607387287103997,0.9142098522823661,0.8032655261674346,0.24742636621089886,1.0041302544887878,0.7425053641416276,0.22391721706233209,1.0113465510554662,0.6839278228450778,0.2550272907486324,0.9417501513095283,0.698414983010518,0.12917440369030792,1.0147407233299308,1.097489724494452,0.05625480583001141,0.7520611380409841,1.072169184293463,0.1450606406754938,0.5940238900765635,0.8996484196472037,0.22562384372859035,0.5216959940403031,0.8821259097018723,0.2258510455853748,0.5070178415082901,0.8796021020205206,0.19695818738322932,0.45722482629314576,0.9326332194979641,3.9166666666666665
0.38007453621789133,0.5516618608271502,1.0172513134716508,0.3777687803149883,0.13692781966691053,0.9944213973610638,0.37494959962989705,-0.3184795067268523,1.00443611725694,0.31315429452260124,-0.3025045161834696,0.7870854331261241,0.38763779821811517,-0.30756104500956627,0.8047309752709223,0.35295734215443914,-0.39426226400333986,1.0873201827970769,0.18008228545096003,0.5435063413337937,1.0397875630623958,0.17124717906132436,0.11230864294310094,1.042664515470752,0.16726135329950945,-0.2914894082443748,1.0246251769363575,0.15967283557126535,-0.2891980974299764,0.8102894901882944,0.11096720624801662,-0.31213130735636374,0.8642111077975647,0.196696976819149,-0.3699101221054144,1.074949110749666,0.27714796019051896,1.1038079166631627,1.0757940967400361,0.2707680705899016,1.3662221843151436,1.0195582971440265,0.24826533613502288,1.2301966628279746,0.9350036004441504,0.43704755538466117,1.0262069604894426,1.0291095411027453,0.45486993303294526,0.7809948541299899,0.9139638998653267,0.3477445580620626,0.909120252843756,0.8015765680174045,0.25694297526290666,0.9989257386402824,0.7342396745114035,0.23256797182285965,1.0046249876406248,0.6727639349534875,0.2601253105962308,0.9389481451351818,0.6866529837642193,0.12914407010120213,1.014678980699873,1.097471364141804,0.05652785891330242,0.7518381816944654,1.0721724074733379,0.14422951168330894,0.5939727571665313,0.9025854213221873,0.2255845400783131,0.5222617317438337,0.8823629044125598,0.2258199179003863,0.5070186126570216,0.87965827550497,0.19728595587939896,0.45707168627597394,0.9340146338027189,3.933333333333333
0.3792692613861581,0.5498673722913361,1.017684912411993,0.3773656283366916,0.13673943918230097,0.9944563255589121,0.3749569985570615,-0.31849595481629134,1.0044600436413313,0.3131739528167385,-0.3025911861087789,0.7871996593731937,0.38809154142386454,-0.30778506334300515,0.8050237626443494,0.3527997546022219,-0.3950376132970143,1.0877697578425547,0.1798604096661769,0.5418896086056322,1.0407909409171343,0.1712142410439302,0.11185968645884964,1.0426704299615406,0.16693266555186453,-0.29144813596828467,1.0244857016254465,0.16065850644881188,-0.29045736164834907,0.8127594900408686,0.11077455115287851,-0.3119877173079282,0.8646168505086734,0.19638651956407524,-0.3698051367002717,1.074743385313496,0.27726668590070325,1.103851118928437,1.0757720135182995,0.2707051824975685,1.367358310637914,1.0195750794102258,0.24815852775687347,1.2302377960002941,0.9349214658289038,0.4371239525876025,1.0246968051623349,1.0287736156999037,0.4521091628527968,0.7752644255236318,0.9286828664816528,0.350345158123448,0.9031312236971415,0.7989903437240233,0.2670913273834523,0.9914920313378012,0.7248574615454395,0.2435033416512389,0.9949718156513111,0.6648765668038681,0.2666948407517557,0.9331619022322161,0.6795862167704629,0.12912576457042035,1.0143430346031743,1.0975134198087435,0.0570564699815225,0.7513851936606607,1.0726591610792728,0.14350105544545153,0.5938932802609163,0.9052328934481988,0.2255756154398727,0.5226613848419954,0.882355873315821,0.2258026062553558,0.5069959224074876,0.8797233149812931,0.19716093571719806,0.4575772544609852,0.9351465994663029,3.95
0.3783681876388618,0.5482355351113937,1.0179304912819043,0.37689937836075765,0.13636297885343812,0.9947290038434414,0.37496849148392175,-0.318513178300196,1.0044829011763285,0.31320663290109746,-0.3026330483426201,0.787254472844017,0.3880545017460062,-0.30765364222747216,0.8048405113917257,0.3526281616051767,-0.39586864354738766,1.0883024679381836,0.17965398126145704,0.5401193836643737,1.0419282899021012,0.17110648731182374,0.11132225914261012,1.0427406952006137,0.16650833162069764,-0.29136330123360954,1.0243388673846592,0.16181684482878717,-0.2918684074683942,0.8157877047424492,0.11043770927945032,-0.3119940641897811,0.8660794455114684,0.19590603843233365,-0.36991512582284075,1.074477743750793,0.2775251052031708,1.1037918916188545,1.0760051243509319,0.2706600134429496,1.3681317678134848,1.0195140301099395,0.24820292463137478,1.230259669585992,0.9348875528192948,0.4373678699529466,1.0232451952131247,1.028657304364563,0.45081929607271276,0.7688665466342877,0.9467734005191546,0.3535770690026613,0.8962092243016785,0.7954713933977513,0.2772008173016654,0.9824022109521964,0.71473946211551,0.25558304436749235,0.9830515275952324,0.6603164075036962,0.2741054233281043,0.9236371655097607,0.6768082359933043,0.129137765305803,1.0137342975561672,1.097635360400521,0.057824425296104084,0.7508405563365593,1.0735564608598627,0.14297424396089584,0.5938212468912261,0.9072086639958068,0.22560235458474567,0.5229076464675789,0.8820787296826915,0.22582073691044757,0.5068991547511297,0.8797564940274962,0.19666180009582235,0.4587147241692768,0.9363938077572416,3.966666666666667
0.37740424412315327,0.5466958793568222,1.01799936523873,0.3763548071576851,0.13577806439133683,0.9952072202991998,0.3749834796607632,-0.31852973739023116,1.0045055861913907,0.3132422629523826,-0.30260987340167056,0.787226763792222,0.3876787929907841,-0.30744694057956923,0.8045503177318082,0.35246063827632074,-0.3966676474092418,1.0888988031423554,0.17943968483872144,0.5381254866702869,1.0431442408202694,0.17095955518965836,0.11071349036017353,1.0429531406409454,0.16601622786521947,-0.2912657659471775,1.0242012109856422,0.16273869135925506,-0.2927816720252626,0.8183510832308597,0.10999622959473263,-0.31220939720630886,0.8685452453292284,0.19528576091903077,-0.37021002464669156,1.074179966309059,0.277725238509411,1.1036467660076508,1.0764550374049424,0.27064073411233935,1.3685581225331405,1.019407917568205,0.24825622100175299,1.2302439354865233,0.9348607937626474,0.4374169169635361,1.022104361028524,1.0285696047458583,0.45143398717278427,0.7623443779056097,0.9662417905030067,0.3572850029091619,0.8883564618325581,0.7916273836458517,0.2868591117323049,0.9726148091181687,0.7048083217888904,0.26810532558626105,0.970002195600416,0.6582647795141199,0.28221197116210794,0.9109356224876416,0.6762332779159046,0.12921289833191613,1.012923524881035,1.0978243125589686,0.05869993072722178,0.7504130069437971,1.0745478767278076,0.14268271713430644,0.593800573138439,0.9082812884685518,0.2256122199818898,0.5229844273785895,0.8818054471605804,0.2257869050272303,0.5066874809608448,0.879748666259867,0.195937131691985,0.4602505232107763,0.9380053409893886,3.983333333333333
0.3764403058021404,0.5451817477586027,1.0178694983979342,0.375707586991799,0.1350293603710091,0.9957292306011654,0.37499921509992146,-0.3185448680023003,1.0045269326774544,0.31327091664385476,-0.30252064809951107,0.787114637521592,0.38723400886069026,-0.30731590993857405,0.8043483148182753,0.3523137645984583,-0.3973466772336546,1.0894615475757206,0.17916431561200113,0.5359218429450616,1.0444136259568184,0.17077150372764724,0.11009034683599467,1.043290198626879,0.16551358807852984,-0.291170475662469,1.0240796535162908,0.1630630825123809,-0.29262046683661735,0.8194229773328593,0.10949364492697564,-0.3126439576683985,0.8717105520865918,0.19461208671702615,-0.37055645257772496,1.073887948150301,0.2776265141606761,1.1034952032254306,1.0768821899469938,0.2706519618159874,1.3687080630115955,1.0193077553147407,0.248233289684887,1.2301879603358752,0.9347942782704943,0.43703458813342794,1.0215343609828504,1.0281492677962458,0.45403352265831703,0.7560847088265333,0.9848586154888005,0.36176105506115475,0.8795908846085293,0.7883525217144431,0.296067251031942,0.9630012863737858,0.6957886570681964,0.28082093608632175,0.9572771624954082,0.6568521177980764,0.2911341927308681,0.8971494174287916,0.6744439065440442,0.12937201393540435,1.012014259325162,1.0980471114842072,0.059545726916630376,0.7502625603194522,1.0752658598624008,0.14263206013766225,0.5938190438149044,0.9084885275013486,0.22551102583054194,0.5228255472341078,0.8820520075848028,0.22552151496876427,0.5063579862105584,0.879716441136438,0.19510986777410805,0.4619905023216113,0.9396828521900221,4.0
0.37549771939882987,0.5437424772799717,1.0174766174116496,0.3749589644263503,0.13421860638479083,0.9961119460561831,0.3750125524225935,-0.3185578810803851,1.0045426494062368,0.31328151923792047,-0.30238442394665327,0.7869366382874345,0.38694023142246603,-0.30725323025733486,0.8042228670251634,0.35220345303440553,-0.3978175805061444,1.0898397726809692,0.1788008267856252,0.53362920621566,1.0457293280982451,0.17049498275348748,0.10952978900683535,1.043605086005999,0.16504834503927593,-0.29107834209443056,1.0239683998158602,0.16268954995299809,-0.2913074081168976,0.8186169824076275,0.10896936635686888,-0.3133142324254001,0.8752268672942038,0.19398373455534149,-0.37077153520558903,1.0736223101809743,0.27714343724281526,1.103452181820114,1.0768295702446677,0.2706917292774082,1.3687035340485476,1.0192510347386774,0.24812529788242407,1.2301556072221844,0.934637512064019,0.4362219961176411,1.0216138847223504,1.0271130212838062,0.4582541502428264,0.7503116997973143,1.000745753228382,0.36752704982266493,0.8700876024948518,0.7859703790290256,0.3051618927425747,0.953888866723597,0.6875797171598107,0.29346527072207174,0.946207946926427,0.6537205629948172,0.3008920655935467,0.8848528281487793,0.6683235855853895,0.1295502281365618,1.0111556962433146,1.0982807364167348,0.06026828165546585,0.7504336032101057,1.0755189982469406,0.14279724645075625,0.5937671290961213,0.9081823045873149,0.22524302721392586,0.5223711353947006,0.8831743614627915,0.22489989038757258,0.505886233402261,0.8796660639531966,0.19417738215418,0.4638401361020208,0.9408178909446692,4.016666666666667
0.3745344433143003,0.5425529425835243,1.0167667116073813,0.3741560526711582,0.13348379648174308,0.9962644712768174,0.37502170098317844,-0.31856714751718473,1.0045478799231657,0.3132661021121755,-0.30223379559010916,0.7867297694666657,0.38683691785098573,-0.3072048647092847,0.8041070151628968,0.35214157161549114,-0.39802618918914495,1.0899413195496057,0.17837831839600385,0.531394240942602,1.047065784860532,0.1700988686932401,0.10908516256979972,1.043736689266068,0.1646161220311111,-0.2909835422527868,1.0238574548256296,0.1618480669641041,-0.2893143975826958,0.8165496688084247,0.10848659760216303,-0.31417125147532254,0.8786573498704725,0.1934452771724765,-0.3707107074391608,1.0733788150776464,0.2763910632079713,1.103594483756487,1.0759352802098736,0.27075341045226575,1.3687107044598632,1.0192464045286949,0.24797222236146044,1.230257617376672,0.9344081930390904,0.43511919176113406,1.022139051305958,1.0254240598535764,0.4634334429368909,0.7452332327124966,1.0133588321344948,0.3748885234828904,0.8603094219667385,0.7843131635175495,0.3145557943434782,0.9451036419688832,0.6795384232063314,0.3056605862602367,0.9374846558751596,0.647119021749234,0.3116005960945014,0.8757209688937782,0.657240069705491,0.12956921228865803,1.0105446529518758,1.098537682848575,0.06075687890145241,0.7508362046240564,1.0754684886727761,0.14309010761451926,0.593519159789433,0.9078029621901902,0.22483788770641325,0.5216212486730086,0.8850915824025327,0.2239217906572129,0.5051472552219729,0.8797088264287298,0.19296255770023674,0.46573860101565157,0.9409803824352172,4.033333333333333
0.37349452700578056,0.5418391444599493,1.0157451810334912,0.3733526550680291,0.1329623792500323,0.9961684672717191,0.37502639846380315,-0.31857067696380453,1.0045416752116834,0.31322874512066595,-0.3021036166200788,0.7865407281986184,0.38681953235078426,-0.3071434009455289,0.8039731022619475,0.3521294458617222,-0.3980038402064042,1.0897956012005052,0.17794064813985644,0.5293767658953217,1.0483694068902079,0.16962129897021855,0.10878858059889696,1.043619798345647,0.16418063740597957,-0.29087932731198524,1.0237403233574367,0.1609482586016489,-0.2873190618073982,0.8144053752145027,0.10816456954189108,-0.3149422566439165,0.8813063790216293,0.19298664210725255,-0.37033026106846023,1.073146526217975,0.2755238320440172,1.1039078137783231,1.0741814380938384,0.27082911883582095,1.3688317244165624,1.0192756052280072,0.24788295749882786,1.2305454822160988,0.9343217180430206,0.43390190978181964,1.0227485651434505,1.0232496590757776,0.46875330390384806,0.7411907568242654,1.0235418715313087,0.3838149868850773,0.8508717189827555,0.7834294360265723,0.32453965466893064,0.936362097419056,0.6712482763940054,0.3173783798811237,0.9309461755194569,0.6367501246070255,0.3237330197657712,0.8699370236243743,0.6434632351369183,0.12924315079336673,1.01034123841775,1.09887363206861,0.06083511219232028,0.751290504052978,1.0755588610598037,0.14330728839610019,0.5930505915847528,0.9075811213121909,0.22437375409767552,0.5206166557686941,0.8874067419406583,0.2226519020601342,0.503945440927128,0.8801972110219103,0.19125711653406713,0.4676180179392402,0.940106539967291,4.05
0.3723532462391907,0.5417209651922661,1.0144681788865246,0.37256100913508755,0.13273013956809,0.9958068928098807,0.37502755053046477,-0.31856963983759456,1.0045288927708182,0.3131868923569866,-0.3020181754722124,0.7864065102169244,0.3867970307955736,-0.3070836899332936,0.8038473532095488,0.3521523367431996,-0.3978730525724442,1.0895290399256934,0.1775039593563021,0.5277517896818436,1.0495951563557064,0.16913552970234585,0.10868428620417059,1.0432705730505294,0.16373620611134906,-0.2907645310365761,1.0236210738859768,0.16031860384917787,-0.2858279630081899,0.813078281429585,0.10813359250128154,-0.3151588912162479,0.8823688225771102,0.192585743457846,-0.3697137014049481,1.0729174867058497,0.2745632405854985,1.1043230587110788,1.0718243774243548,0.27091010299801216,1.369035204336256,1.0193130533306838,0.24802019081010052,1.2309519770576929,0.9347686691891428,0.4327506808489454,1.0231378888982054,1.020861052565916,0.4733681567368686,0.7384751936562365,1.0322802474392534,0.39402069289375286,0.8422921794510945,0.78354686333081,0.33526170013123646,0.9275186364196646,0.6628160298662025,0.3292436917945074,0.9258524950383189,0.6236871533581825,0.33759977867094176,0.8666540194542838,0.630028726233265,0.12849533392896678,1.0105595888138843,1.0993780707784624,0.060391722349390345,0.7515931148631961,1.0762065064872928,0.1431836411663049,0.5924030630858125,0.9075216815871918,0.2239098196531387,0.5194126290928158,0.889754775045962,0.2211692700463994,0.502125157218707,0.881634083509713,0.18903716704058734,0.4692971758168176,0.9384821311325855,4.066666666666666
0.3711230771897417,0.5420807818717794,1.0130443108354097,0.3717649854457163,0.13278632225484432,0.9951632859919739,0.3750273039050171,-0.31857248993191156,1.0045146961226616,0.3131627753410121,-0.3019852671193288,0.7863428364647254,0.38678655047525035,-0.30708299079759027,0.803810468983569,0.35218548246764764,-0.3977737240400444,1.0892978225239869,0.1770615878878322,0.5266466374774423,1.0507287893088566,0.1686794695560638,0.10883410343650246,1.042711390361407,0.16332884034133088,-0.29064769818163316,1.0235140131765885,0.16008961376859898,-0.28508443391626925,0.8128460498149739,0.10843023850967234,-0.3144642933785317,0.881484080395805,0.19222896838217463,-0.36903714825399275,1.072676084983874,0.27342229944791835,1.1047991712793928,1.069225830183474,0.2709869329768159,1.3692435468518507,1.0193485739124801,0.24849336334284866,1.2313421171262062,0.9360598371490099,0.4318327760419862,1.0231686829553315,1.0185689649483765,0.47659139127777933,0.7370832042173584,1.0397064811205043,0.40503273525837435,0.8349118433485339,0.7844447779522349,0.3467737785947176,0.9184671112839695,0.6545522264558525,0.3421619249800668,0.9212643124350166,0.609575028101258,0.3529514413447604,0.8646043130948411,0.6187478011785913,0.12737112783874832,1.0110733375473766,1.1000650517388209,0.05955943062571027,0.7515614129650713,1.0776083362975473,0.14258180733761472,0.5915968725796494,0.9075681981197671,0.2234529020369668,0.5180799343244312,0.8920594489532134,0.21958211823373447,0.499674909266215,0.884372029304052,0.1865197574681436,0.4704280233627268,0.9366305842629512,4.083333333333333
0.36984999584091743,0.5426395744688606,1.0116629904458594,0.3709778482829465,0.13308199729030634,0.9942977258874648,0.37502934717871816,-0.3185952906646936,1.0044976507734515,0.31316936492036007,-0.3020026733859582,0.7863500153940272,0.38686852883360723,-0.3072199392463953,0.8039758593656992,0.35221513674350846,-0.39775221261722965,1.0891768434622502,0.17661202941398013,0.5260806720758902,1.051759621816115,0.1682311285340993,0.10930180052113547,1.0419215549778564,0.16301764688394882,-0.2905433624611131,1.0234329366729924,0.1602656849317261,-0.28517039089090035,0.8136507485618848,0.10898354985686386,-0.312861350124391,0.8790367277161637,0.19191341226865494,-0.36848408945273314,1.0724094694147195,0.2720994159707566,1.1053557354644155,1.066768967451222,0.27105197055239816,1.3694124442231963,1.019384678783096,0.2492802869939616,1.2315936725070185,0.9381661000790433,0.4312506237436921,1.0228312976699963,1.0166594682040175,0.47814912439607016,0.736947288058907,1.045432754414784,0.4162484221530691,0.8289974559056118,0.7852610627135435,0.35907299748953125,0.9089131624394334,0.6466821603489352,0.3566849691550925,0.9162108671258401,0.5960356467049854,0.3696396181186048,0.86212743800473,0.6105068458981076,0.1260293965411325,1.0117510432694814,1.1006743251069535,0.058641128123629524,0.7510997410847086,1.0797643711802545,0.14158924534441136,0.5906572619791056,0.9076971558696134,0.22295513242357956,0.5167083245453787,0.8944288826330659,0.21804046806866473,0.49678895645181786,0.8883111538917011,0.18409002667911578,0.47073579913792984,0.935076758081522,4.1
0.36860227395148304,0.5431748431060296,1.010541202359299,0.3702577299067426,0.13354035109613333,0.9933722796685084,0.37503671554136847,-0.318647994815894,1.0044704117418826,0.3132003947269465,-0.30206372899340667,0.7864179686047629,0.38706824008121704,-0.30750316813069645,0.8043656384001013,0.35224672037877125,-0.397739048486539,1.0891275770600264,0.17617598451324787,0.5259730047756519,1.0526516211233305,0.16772826859818135,0.110110557577214,1.0408656397611649,0.16283871460307758,-0.29046543303597916,1.023384493217935,0.16079577717284887,-0.28601083876012884,0.8153388826094388,0.109700432709057,-0.3106318636471207,0.875773406884551,0.19164801796278158,-0.3681837962807218,1.0721380429478966,0.2707511731811747,1.1060123611332038,1.0648310439176243,0.2711004862809625,1.3695081732798438,1.019419115081723,0.25024658461493876,1.2316639028133007,0.9406369620812703,0.4309711039049712,1.0221996603823804,1.0153160324441612,0.4783434356495184,0.7381109225742228,1.0494055328689844,0.42700247603525476,0.8247954238798503,0.7849884186211498,0.37234253319816,0.8985527332165875,0.6394058083560483,0.37290732706669366,0.9098640147819697,0.5845528768193883,0.38807986374485093,0.8573164503668256,0.6061710825760276,0.12472193793355418,1.0125522960463085,1.1007099813329584,0.05784472080721852,0.75023696528892,1.0824827706762077,0.14038098317574,0.5896719195195325,0.9079256306881576,0.22232252817390602,0.5154097807587937,0.8968628995039125,0.21664907043256226,0.4937955026916687,0.8929449105063219,0.1821411630424864,0.4702650646374077,0.9341343604012642,4.116666666666666
0.36742786196083094,0.543613739702421,1.0098154193348274,0.3696511021790096,0.13408981800867498,0.9925574916011142,0.3750472303608461,-0.31871908055907205,1.0044302615527714,0.313237403272437,-0.3021529981765341,0.7865243971913058,0.38725739551365335,-0.3077473248716629,0.8047324868772064,0.3522909462783997,-0.3976365063857206,1.089090170476089,0.17578982362348144,0.5261926747303457,1.0533480176837287,0.16711141348583697,0.11116956596727467,1.0395893812597747,0.16280864030755857,-0.2904234695111568,1.0233721589108224,0.16154872519890934,-0.28726830072650744,0.8175953274992849,0.11049041251936145,-0.3081560402676087,0.8723378695918643,0.19145236133326082,-0.3681933069258424,1.0719113933062254,0.26955053837075493,1.106723406956088,1.06371803955994,0.2711294041990797,1.3695172004603442,1.0194500892153258,0.2512107267367229,1.2316436417787235,0.9427715618283959,0.4308463503767823,1.0214662625684026,1.0145875040637835,0.4778341135550479,0.740520944069353,1.0520962945221566,0.4368275426560857,0.822296138911781,0.7833623273642109,0.3872012866873712,0.8876608416481785,0.6331409572366447,0.3908688608950635,0.9018623622817041,0.5764106048987203,0.40856819301974523,0.8490143092383458,0.6060379034917796,0.12370769698976396,1.0134662771408007,1.0998020227414882,0.05717162337650049,0.7490812700236498,1.085347742783608,0.13902745006946618,0.5888142798055283,0.9082811758801588,0.2214356049575949,0.5142842662443791,0.8992346138974752,0.21534584182784372,0.4909761137891957,0.8978057962170485,0.18081994579070976,0.4692606226913527,0.9337646611052983,4.133333333333334
0.3663153531206489,0.5439739910536134,1.0094905528016036,0.36914953419282376,0.13469059121513444,0.9919456168408368,0.3750529119109034,-0.3187974700333711,1.0044065937384352,0.3132650643080077,-0.30224540418212276,0.786638272547426,0.3871970317663956,-0.3076144746529366,0.8046112192496035,0.3523507656274715,-0.3973989797606144,1.0890658367579875,0.17549043794469502,0.5266105439213735,1.05379694230328,0.16637844512330754,0.11228634637671803,1.038249143410115,0.16294424493155132,-0.2904173407252921,1.0234015512089327,0.16228820047867354,-0.28839929659725266,0.8198224953491258,0.11120686309204968,-0.30593082802285393,0.8693478812513961,0.19135154741414306,-0.3685094087372129,1.0717858340222965,0.2685935187808198,1.107407958038691,1.063501972113672,0.2711358030366351,1.3694816125484723,1.0194877494238834,0.2520054569005709,1.2317484046933553,0.9439654474277894,0.43079378522721723,1.0209196861263612,1.0144682653594814,0.4771484566820053,0.7439823657750809,1.054005259352401,0.4458381740549465,0.820851583217821,0.7814672087388075,0.4043950605902401,0.8771275083089417,0.6285805492538357,0.41070078210307637,0.8924506741386957,0.5724615143288505,0.4305663144957437,0.837691470791364,0.6092231697849693,0.1231654742397214,1.0144250022621777,1.097944869123171,0.05656896525749698,0.7477927178827759,1.0877998567605447,0.1375115941725596,0.5882930944284132,0.9088367113642435,0.22015787225953082,0.5133066322218441,0.901572972177861,0.21396155051364052,0.48848237169912556,0.9027566036473719,0.17987386788512894,0.46798908415258444,0.9334298062244061,4.15
0.3652077882088191,0.5443220265010591,1.0094185709710934,0.36872563758235594,0.1353234137320805,0.9915381925737918,0.3750403789852719,-0.3188987552614181,1.0044862868571685,0.31327390940499555,-0.3023171417176922,0.7867294741617732,0.3867038534191752,-0.30683911788538104,0.8036325470265542,0.3524177612206971,-0.3970537417234725,1.089138085507777,0.1753060372057637,0.5271594979867322,1.0539757301328057,0.1656015506607558,0.11330222565420395,1.037012557427095,0.16326407195625908,-0.29042866883777535,1.0234795244002912,0.16277036954084512,-0.28897906784482946,0.821339806516479,0.11164484004701944,-0.30458068483009626,0.8675666924406884,0.19136181546432254,-0.3690766424595456,1.071807731358563,0.26798536895243497,1.1080231936517368,1.0638943691979834,0.2711152661231091,1.3694565479485428,1.0195419591795503,0.25251348915535343,1.2322123723533225,0.9439815073956581,0.4309181560085591,1.0207679855429312,1.015007349508492,0.4764683806126293,0.748269565213387,1.0552631014711926,0.4545652398551052,0.8191704884733171,0.7811736975820617,0.42403101538054466,0.8676447323105647,0.6262235292372351,0.432129408862701,0.8821299298224201,0.5730837796378834,0.4526639899771362,0.8249873438574082,0.6146345794053212,0.12314097050906919,1.0153278331548115,1.0954142127434523,0.05609646157364199,0.7465664145598541,1.0893498610865469,0.13591199685669994,0.5881580022564942,0.9097758311496231,0.2183788881422306,0.5122065518297257,0.9041925399689288,0.2124692703765958,0.4863508690675056,0.9078197792114346,0.17874423299908326,0.4667541312891765,0.9322023756865117,4.166666666666667
0.3640472953929919,0.5447346730637888,1.0093343864851065,0.36838094479644073,0.1359943993774893,0.9912408520598622,0.37499201744609845,-0.3190322113110478,1.0047599436335322,0.31325521968356823,-0.30235740934585437,0.7867774126606525,0.3857485741772906,-0.30537402053250995,0.8017275504780864,0.3524766102739036,-0.39668210271334403,1.0894124547048485,0.17525204519158513,0.5278495021162515,1.0539024355532607,0.16489109478827013,0.11417353438177175,1.035973135434518,0.16375339403733047,-0.29042561079563584,1.0236040846673675,0.16291015985371854,-0.2889856959579442,0.8218504556385201,0.11164140166116776,-0.30460529913550305,0.8676316896052906,0.19146261837221268,-0.36976809813834505,1.0719700280268087,0.2678892294503265,1.1085678889681203,1.0644181060957512,0.27106411537226177,1.3694605792339427,1.0196111784437865,0.25269024765620085,1.2331504642700457,0.9430596648879128,0.43138075161552325,1.0209889742197475,1.0162776745907398,0.4758424738489152,0.7531020181405153,1.0557023882186034,0.4632457424715031,0.8158264230690982,0.7839251314037394,0.44511361325132137,0.8591300061453873,0.6258917634838141,0.4539520878776151,0.8711441013630281,0.5783375640126861,0.47299237152546986,0.8124962515670793,0.622068249440952,0.12351324550352227,1.016111504440514,1.0926114309992039,0.05586219386793459,0.7455474830990778,1.0898427406621867,0.13443199888964308,0.5882113144199828,0.9111483194235,0.21613818860918088,0.5105705328629845,0.9074018003547528,0.2111051943936803,0.4843903857185613,0.9129520341771146,0.17673585385577345,0.4659000312869179,0.9291627958674018,4.183333333333334
0.3628098893263303,0.5451909185989692,1.0090252469746486,0.36813219377144807,0.13675302001530315,0.9909025440306556,0.3748996837988796,-0.3191508788618544,1.0051835169389838,0.31320527945161736,-0.3023708998851699,0.7867783142718924,0.38445412427339665,-0.3034024126685294,0.7991376926097186,0.35251864505905584,-0.3963656280629722,1.0898771632329496,0.17532822835099734,0.5286729841190927,1.0536410698619716,0.1643520696312291,0.1149192425546458,1.0351641604294868,0.16432738429996785,-0.2903938382680983,1.023752785257571,0.16282862163114506,-0.2887642500229652,0.8216311739706731,0.11117968606960761,-0.3060720569517331,0.8696405866523624,0.1915853147443876,-0.37041727472360286,1.072189099597821,0.2683895174670222,1.1090467527604055,1.0647382680340227,0.27098567588859523,1.3694857527801312,1.0196881918668121,0.2525984511297862,1.2344826871023493,0.9418600810311222,0.43222143986419836,1.0213803109846422,1.0182403281088717,0.47539198298158303,0.7581253150333009,1.0551179601453335,0.4716340887663712,0.8098392306846239,0.7902198094961002,0.46587077732476456,0.8510458611836568,0.6270668559578226,0.47432932708772835,0.8594827011238452,0.5877632763356634,0.4899082480455508,0.8012177963409899,0.6316637301606673,0.12404545336654907,1.016755752781405,1.0899746146785703,0.05583777449878617,0.7447541312956489,1.0896008416892375,0.13318934937415422,0.5882249471647631,0.9124978658218477,0.2136762934964773,0.5081746273588059,0.9110988802593907,0.210121724212747,0.48208501548085714,0.9179081065603766,0.1731857751913195,0.4657587127875211,0.9236532422287549,4.2
0.36151961688875767,0.5455429222931925,1.0084654513293507,0.36797998787139263,0.13764271216511342,0.9904651006255086,0.37477757240143,-0.3191627273572344,1.0055454220936961,0.3131332266977621,-0.3023702227363311,0.786744978372982,0.3830971217063452,-0.3013496747449649,0.7964220345271245,0.35255059613132367,-0.39613088014783954,1.0903556117241187,0.17551430157096623,0.5295132015648578,1.0532794576455067,0.1640516611121863,0.11555630984043447,1.034591543323706,0.16486610493314902,-0.2903602846689538,1.0238902842190385,0.16272782873734143,-0.2887544682493309,0.8212054101946333,0.11041884118320541,-0.3085067159082286,0.872985115919263,0.1916604045210293,-0.37092008534358695,1.0723682831853356,0.2693369841468455,1.1094705456579366,1.0647459514279294,0.27089115944853137,1.3695194761214187,1.019766273841429,0.2524109243199847,1.2359636321747958,0.9411796489529616,0.4333443370841913,1.021727071237087,1.0206890878147457,0.4752319064920157,0.7628419125519934,1.0533975407313634,0.479479567399966,0.8009558433843985,0.799631028417978,0.4845594010038323,0.8429842892855769,0.6296118685118023,0.4916307998166415,0.8474029895471478,0.5999123349578935,0.5022118261686235,0.7917727955823051,0.6426140287528765,0.12452344380696413,1.0172311125416589,1.0879135790588004,0.05583863596052445,0.7441226992112477,1.0892068136527233,0.13206966689835606,0.5881054570562082,0.9130496775744776,0.21131158567445157,0.5051346115888227,0.9147496225066944,0.20939699004098336,0.4789182692244929,0.9219205224359328,0.16776452015658722,0.4665614914521625,0.9154005021599001,4.216666666666667
0.36025283890664805,0.5456642673571087,1.0077609643159195,0.367912529190965,0.13862305298410416,0.9900564075154861,0.3746553546504811,-0.3189920769164016,1.0056298939873283,0.313058705488719,-0.30236505951405734,0.7866965167357816,0.382054609566708,-0.2997950288588237,0.7943417848879085,0.3525859049624322,-0.3959491000322422,1.0906320172855286,0.17576801051694144,0.5301976420196786,1.052873518143505,0.1639965178299445,0.11609233201328262,1.0342375209875598,0.1652964838134805,-0.29037235001792294,1.0239924722969274,0.16274017684353026,-0.2892007958013953,0.8209320556799611,0.1096169468844046,-0.3110761523240282,0.8765354373516925,0.1916783184445961,-0.37128064269403405,1.0724721620818571,0.27039552630265745,1.1098279581434076,1.0645006340166863,0.2707941030794381,1.3695504825538203,1.019840797556077,0.25231479621616415,1.237297342646646,0.9415652766782028,0.434586661226674,1.0219147101357522,1.0233095483734391,0.47533984307798094,0.7663814223513638,1.050552791932483,0.48659466624000136,0.7895921623144162,0.8106642884645165,0.499958182860836,0.8348576901586616,0.6337234433639916,0.504831444692882,0.8356555114718988,0.6122543227048554,0.5088473833277619,0.7843738767462982,0.6530826774823758,0.12483120897443917,1.0174925386321405,1.0867201430806106,0.05571547944038765,0.7436200109997337,1.0890850775365963,0.13088794585326896,0.5877839151520602,0.9122830401133011,0.2092785644754871,0.5016998777785315,0.9178109111765878,0.20832878747523959,0.4748429374868661,0.9235097327871608,0.16077469195866317,0.468191060624776,0.9047340078015734,4.233333333333333
0.3591522495190524,0.5455561527236976,1.0070749388486588,0.36792522823363455,0.1395779641141695,0.9898631779188116,0.37456478182781544,-0.3186071072146549,1.0053430352507693,0.31300114691281755,-0.3023617317531536,0.7866558863595402,0.3816467896435144,-0.2992264538765858,0.793542201138691,0.3526366452796405,-0.3957593984012011,1.0905529077023004,0.17603187394860842,0.5306116316468432,1.0524518388578612,0.16413258217435983,0.11653303205114263,1.0340729450897936,0.16561408513100895,-0.29046164737370717,1.02405662030008,0.16287134996137598,-0.2900122749574939,0.8208686069142129,0.10898703617552655,-0.31299721824941035,0.8791344050337164,0.19168204732812366,-0.37155855799377085,1.0725237491308541,0.2713054050938799,1.1100586737949674,1.0642738136687169,0.2707065510711432,1.3695686852321372,1.0199102139535856,0.2523904377324921,1.2382499509826241,0.9430844801987701,0.43576309557063,1.0219247329109056,1.0257461809269353,0.47563596855459744,0.7677466185413768,1.0468306527627012,0.49237007129870547,0.7766809123391099,0.82075047347634,0.5111964997897837,0.8266578330953142,0.639106278874808,0.51327091605742,0.8249966610274628,0.6218112098555856,0.5094682955756391,0.7782645711671753,0.6616718224055657,0.12493767423171454,1.0175470816683159,1.0864135839229325,0.055515995560357884,0.7432810443112895,1.0892995334741422,0.12964527925017355,0.5870880461360699,0.9102002096571364,0.20763737104095437,0.498014861234068,0.920068497201373,0.20611072522536888,0.47027938421820037,0.9209528762398718,0.15311876937305172,0.4699897371566812,0.8926268150847321,4.25
0.358412381407099,0.5452854441653836,1.0066413900271718,0.3680326569355171,0.14036916213922218,0.989975605645087,0.3745324034881545,-0.31798456646365764,1.0046559101880386,0.312967464888551,-0.3023697007050257,0.7866493689053264,0.38201102589555436,-0.29985571074727774,0.794312088817466,0.3527120083810613,-0.3954487318835278,1.0899924369242915,0.17625226348083572,0.5307323931006964,1.0520901665542812,0.16437745092242695,0.11687366562644097,1.0340885191993368,0.16584054363875633,-0.2906334768047255,1.0240906851028815,0.16300593154692805,-0.29082437903735747,0.8207639360810581,0.10864136963984716,-0.31382262774954117,0.8800483717291785,0.19171241785242527,-0.3717982265482233,1.0725598509738101,0.272071251863355,1.1101474852192776,1.064450202828195,0.2706378304554538,1.3695661576384932,1.0199760450638837,0.2525983900539857,1.2387037246729942,0.9453499291072138,0.4366895674790554,1.0217916335489525,1.0276409150995156,0.4761543888445139,0.76660546929222,1.0427921927131765,0.49576768696798695,0.7635744373576381,0.8269798519320242,0.5174081838981924,0.8180013085740362,0.6444617171251119,0.516468461067703,0.8155438966482951,0.6263524312795711,0.5055670526445958,0.7715293426198293,0.6687338440421715,0.12489503534421523,1.0174927138953545,1.0866554657188312,0.05543349745982257,0.7431663429660862,1.0895713401418683,0.1285288964024629,0.5857831360579958,0.9072275352339596,0.20623007762494855,0.49417136830430175,0.9213940920634509,0.20206880666356059,0.46574939318475006,0.9132108057132763,0.1458968686685962,0.47104603710180926,0.8804118461804935,4.266666666666667
0.35819636916358916,0.5449172792990267,1.0067283085096004,0.3682679515282624,0.14086264754908934,0.9903980846009042,0.3745720065679994,-0.3171013840151248,1.0035497777767015,0.3129493171840804,-0.3023967914740395,0.7866887773913196,0.383065937314478,-0.3015641399955438,0.796509308244846,0.3527996466491261,-0.39486649655689676,1.0888380425144297,0.17640691858015295,0.5306057647757931,1.0519317002454835,0.16467712516630442,0.11709772066724017,1.0342988096574939,0.16599055165102092,-0.29087610077204973,1.0241014476204413,0.16296339868045964,-0.2912052798285883,0.820163456984697,0.10863840687028703,-0.31344302861951645,0.8790647450091688,0.19177293241009477,-0.37199293037674486,1.0726009515523443,0.272829006867275,1.1101975322840583,1.0652449994122204,0.27059183265156217,1.3695412784072918,1.0200407287638185,0.2528464650128944,1.2386926552084674,0.9476943012899561,0.4372292680835001,1.021597083549921,1.0287192164809023,0.4770389523372751,0.7634568396765479,1.0391274091980898,0.49600213580582975,0.7517283486710826,0.8274079870337081,0.5178456640559705,0.8080039566981201,0.647997979587696,0.5142818516914367,0.8065300093968464,0.625591225618075,0.49987649313268634,0.7620593759775537,0.6756618412944002,0.12480532775293345,1.0174601851758263,1.086982483957111,0.05562540529346645,0.7433068627237791,1.0894406964802976,0.12769905332365694,0.5837388608203656,0.9039458549981628,0.2046655230473966,0.4904673574119499,0.921226644241133,0.19578449616515559,0.46161662889550864,0.9006630478624749,0.13990730837892662,0.4706996413051635,0.8695090656454607,4.283333333333333
0.3585440024631161,0.5445195092012012,1.0075286139212278,0.3686780435931937,0.14098532192533902,0.9911178990947769,0.3746744237145448,-0.31600448985981433,1.0020975744701692,0.3129385206915492,-0.30243932588170075,0.7867608199793115,0.3845037847569349,-0.303878502391278,0.799519268644203,0.352855828984655,-0.3939777083095688,1.0871411163638125,0.17651307691727353,0.5303029720129414,1.0521396844414526,0.16502871165746605,0.11719400769987304,1.0347114261504442,0.16606825900571462,-0.2911737759327853,1.0240921027524252,0.1626070598376662,-0.2908611553545182,0.8187167227320638,0.1089797188400399,-0.31203025425657727,0.8764253750056165,0.19183338133605574,-0.37211475797791327,1.0726424171869324,0.27363525938735583,1.1103176706619233,1.0667066477349025,0.2705660355994568,1.369502413083085,1.0201036444871603,0.2530445692983502,1.2384126331549548,0.949456143368899,0.43737530923869095,1.0214500706541143,1.028967694726444,0.4783595541308995,0.7590795164389559,1.0364447299213424,0.49307169599610523,0.7420827382781453,0.8219011953067605,0.5123244402241524,0.7957501242255484,0.6486029096015178,0.5070523336531065,0.7965465823530905,0.6214242470793154,0.49425568187354063,0.7489049131861883,0.6829415490360762,0.12473749563955422,1.0175149485925898,1.0871608193793652,0.05609886783291958,0.7436933001020016,1.0885664928043635,0.1271799976805638,0.5810812502463104,0.9007710340155307,0.20239406816105346,0.4874549984401392,0.9185677390606826,0.18719581168518387,0.45807456572610655,0.8851169455745546,0.1353658090348511,0.4687136313031818,0.8611391900876185,4.3
0.359349558103917,0.5442011837607025,1.009057462261887,0.36931397245607683,0.14077742397079812,0.9921265774166255,0.3748103236238955,-0.3148425530035828,1.0005132995790746,0.31294219816438046,-0.3024849643237899,0.7868447181662718,0.3858483439610034,-0.3060547020414397,0.8023636246815905,0.35285772333236587,-0.39299837947348354,1.0852830013574242,0.1765964273318688,0.5298849886051462,1.0528122924465593,0.16543592825333658,0.11716312304768628,1.035313055003273,0.16607335249924576,-0.2915165124291567,1.0240647685546538,0.16191052895430294,-0.28970788744295684,0.8163983270257782,0.10955703095967942,-0.31003055839270116,0.8728496205007764,0.19185810525885477,-0.37218537452885686,1.0726619724651043,0.2744612668040515,1.1104666690918201,1.0690165440762902,0.2705555707464561,1.369465492826492,1.0201578624973573,0.25313222165465077,1.238125126938716,0.9502899572891922,0.4372951850637853,1.021401832216877,1.0287394843608322,0.4800469778636396,0.7542507301083037,1.035266298743121,0.4877451755823894,0.7345598068630934,0.8119470304850558,0.5012857081514706,0.7807470760965025,0.6465250297925227,0.49546315103686633,0.7841553685182343,0.6166420464372186,0.4888102776617666,0.732614707140258,0.6892948969799212,0.12470290012428337,1.0176090680506693,1.0872168234583464,0.056761510879601365,0.7443190701503819,1.086899821664942,0.12696708599216922,0.5781696590548189,0.8978342238394366,0.19891093397005855,0.48565443779524475,0.9126875093069915,0.17683616461160023,0.4552531749530684,0.8690843415412343,0.13201227806362414,0.4652282518026756,0.8558562202862549,4.316666666666666
0.3604326795821133,0.5441061274601781,1.0111040435642789,0.3701936838510071,0.14033740351124002,0.993408031185627,0.37495101656367885,-0.3137782500982525,0.999032673606918,0.31297435225864056,-0.3025239054183915,0.7869320068330939,0.38663131439691195,-0.3073630175535929,0.8040838740363828,0.3528678472507569,-0.3922613065186706,1.0838341268188891,0.17665541882805452,0.5294163726661136,1.0538737988476345,0.16587487528127506,0.11700234977760426,1.0360946499461734,0.16600531905839344,-0.2919002426057541,1.0240208282033936,0.1609618171463098,-0.28789541290311177,0.8135100549691905,0.11016088282359929,-0.3081048798212031,0.869460362413851,0.19182801971609992,-0.3722812452102542,1.0726389488940045,0.2752334464434369,1.1104769691418837,1.0724290328939452,0.27055651885998083,1.3694450598825565,1.020192205023172,0.2530909114099493,1.2379839081169497,0.9502865565814852,0.4372287157748169,1.0214005095027845,1.0285470125398153,0.48201171783506225,0.7497533640717187,1.0358082551259076,0.4811938582413513,0.7280339152075153,0.7998949859090483,0.4855121728627798,0.762815543145156,0.6428804656532586,0.48033784213636366,0.7682488133852798,0.6132912635076491,0.4828208819109163,0.7144297996142666,0.6925112626094545,0.12469203957907127,1.0176125210563538,1.0872265179785985,0.057503516049471376,0.7451658788946061,1.084635039251488,0.12709141242266964,0.5753507235427391,0.895160600135747,0.19399674429020528,0.48523508193748044,0.9037000636757879,0.16588430530285875,0.45319738996664083,0.8549595851250475,0.12948029214013584,0.4607285032218261,0.8533203477429057,4.333333333333333
0.3616505251082405,0.5442748945469702,1.0133250512741052,0.3712632001615307,0.13973563469309996,0.9949112089246474,0.3750831777640892,-0.3128982992156187,0.9977834215473943,0.3130354275723999,-0.302555576943022,0.7870248972376246,0.3865902541916728,-0.3074028817063655,0.8041535650607811,0.353003264135028,-0.39190763254024474,1.0831153397123945,0.1766631246939299,0.5289568933070059,1.055090068203937,0.166317083596983,0.11669455781715277,1.0370723232477999,0.16586494305218707,-0.2923200255626903,1.0239606277378597,0.15996801044912548,-0.2858863994727997,0.8106418242173763,0.11057003403801624,-0.306924446106729,0.867388682146203,0.19174016373771816,-0.3724600553163137,1.0725692465836318,0.2757805261698052,1.1102654358278277,1.0766875910637497,0.27056540204075974,1.3694418189968387,1.0201969251059262,0.2529690315868549,1.237954571195508,0.9498709583953376,0.4372904679756476,1.0213782973842729,1.0286487997600986,0.48418507913379766,0.7462452426209941,1.037507571679619,0.4745261202627691,0.7208193904337692,0.7882544189692533,0.4662146014899127,0.7416898801866502,0.6387744496870124,0.46281583303458046,0.7478798853094694,0.6121603535656583,0.47585300108729495,0.6952594891630338,0.6909920738143058,0.12469849058766361,1.0173997434023088,1.0872064868680824,0.058201520684835875,0.7461117288350947,1.0821095651883514,0.1274787784517141,0.5727068137006326,0.8927971541601799,0.18781953544380053,0.4859362217810685,0.8923404221380309,0.15580922588851434,0.45168763370856113,0.8445309046941175,0.12755862992939754,0.45594595636074053,0.852534076519009,4.35
0.36294876687175215,0.5445598727730232,1.015432071735033,0.3723983188301919,0.13901963867235662,0.9965133841361885,0.37520465885950127,-0.312216773857554,0.9967858306215115,0.31310827015204445,-0.30258451037683226,0.7871208664256631,0.3857849990318766,-0.30623782734737554,0.8026480807228938,0.3533198599058885,-0.3917738072446867,1.082910161716882,0.1765884278404916,0.5285087806323798,1.0562439510944355,0.1667470809564076,0.11622674723335003,1.0382510871840684,0.16565403954738675,-0.2927643415790738,1.0238865371739119,0.1592112136817385,-0.28438305898656924,0.8085212953508291,0.1106579956648996,-0.3068820720322277,0.8672893787020691,0.19160400018788726,-0.3727036495287633,1.0724608772563629,0.2758729111246888,1.1099861949397916,1.0807105784689455,0.2705789787482493,1.3694367309884607,1.0201670117036745,0.2529130440349968,1.2379269884239688,0.9495226690957802,0.437369581825669,1.0213583193079165,1.0288320562770557,0.486434866591452,0.7440651827033683,1.0390564921124448,0.4685645277967605,0.7114316178906342,0.7792194781631622,0.44535655965528576,0.7171139772751803,0.6349475613137576,0.44470377427840824,0.7225098912906818,0.6131797507658023,0.468252718888497,0.6752926638779031,0.6849144196915415,0.12471853227351834,1.0169272902966326,1.0871384082040763,0.05877449433601396,0.746895084594413,1.0797277643010275,0.12788135160428327,0.5700599105029716,0.8907061690501622,0.18080989465287134,0.48719904042119583,0.8795595698897114,0.14780158941194615,0.45030202140498005,0.8385645270938833,0.12615480985147054,0.45166341193142967,0.8523669182820011,4.366666666666666
0.3643043091577601,0.5447872868610801,1.0172665982122002,0.37343969779564323,0.13827560889640972,0.9980190723330824,0.37531464612718946,-0.31171982960169076,0.9960154346872603,0.31317162172443347,-0.3026092691088495,0.787203114628931,0.3845759596167377,-0.3043179087545835,0.800147153364237,0.35374501131010716,-0.3915855282595926,1.0826812750223849,0.176404353269395,0.5280449571931702,1.0572430040387104,0.16713932028222603,0.11563198936209607,1.0395486140031995,0.1653732343516313,-0.29321420104764395,1.023805771672973,0.15892610738907526,-0.28396903265416856,0.8077169409995101,0.11043948925195454,-0.3079118880436604,0.8690953630478953,0.1914517503791203,-0.37291485378449357,1.072321848131536,0.2754026348609244,1.1099073068030914,1.0831444028574038,0.2705951250909526,1.3694168730846674,1.0201067124476826,0.25311074159163705,1.2378908620906022,0.9494521904944749,0.43723022604969025,1.021441094092245,1.0286096863460403,0.48851744626601445,0.7431375431774736,1.0391006581536137,0.46386878059005976,0.6992081956452931,0.7741631649233254,0.4255158133334255,0.6896268712603085,0.6317486359404791,0.4283338556382139,0.6928875104074118,0.6158698959934661,0.4610668388783111,0.6543209649476384,0.6764018775165292,0.12474690563013649,1.0162429013483592,1.0870088773527642,0.05932392374533742,0.7471879280399674,1.0778855764573552,0.1280501749125046,0.5671391583590429,0.8888052535365148,0.17348044765618031,0.4882880338954411,0.8665745737639227,0.14233534106080645,0.44885477751091807,0.8364482153991984,0.1251449209430158,0.4483596724434028,0.8523110580146601,4.383333333333334
0.36564132640043534,0.5449712559153039,1.0187247568798088,0.3742621712101377,0.13764275055270647,0.9992608766956529,0.37541012041232114,-0.31139437113344215,0.9954474350280763,0.31321182313717605,-0.30262149597232807,0.7872520222521131,0.38338941040540203,-0.30222727227472207,0.7974127326591047,0.3541414728461846,-0.3912012940111723,1.0820957947405514,0.17610248145770524,0.5276194578612314,1.058066459898242,0.16744128881086778,0.11500467441945422,1.0407801255515023,0.16501990520130602,-0.29364638693232437,1.023725488188415,0.15920477459282711,-0.28478073945916027,0.8084446543839383,0.1100203781101996,-0.30957039467379094,0.8721134880991981,0.19134672734250888,-0.3729559410682325,1.0721589211512985,0.27449426094512386,1.1101397845697483,1.0832583598174288,0.27061296008658015,1.3694237980376813,1.0200379785737121,0.2536146937464524,1.2379570888317044,0.9495506284558638,0.4367119795750728,1.0217039140013169,1.0276340409459432,0.4901672851607311,0.7430778778363356,1.0368538827771385,0.46059258354953475,0.6845441676300552,0.7730932814751303,0.40917897361968114,0.6609873026737016,0.6294250069063503,0.4158500881070076,0.6612868834409545,0.6194877571467813,0.4555248499218172,0.6322766053677993,0.6686484395708063,0.1247771527946791,1.015444302552172,1.08682286125311,0.06022201861931016,0.7467920137931231,1.0766941099329905,0.1278471908388411,0.5637011139379524,0.8872519771778279,0.16636332263379067,0.48842888727909306,0.8549017737216588,0.13916290502587877,0.4475907694318707,0.836530650900668,0.12428508725533208,0.4458122551618027,0.8529435566129866,4.4
0.36685348418963143,0.545347019463287,1.0196938954252628,0.37485154242495117,0.1372661865942676,1.0002028040308173,0.37548870094307946,-0.311235775759667,0.9950730408785142,0.31322770971942915,-0.3026195125728555,0.7872697881295728,0.3824708331221414,-0.300420878807874,0.7950457721526045,0.35443533910613595,-0.39066596292849604,1.0812669768055643,0.17571229365799781,0.5274317406719864,1.0586883190757939,0.16760079340294334,0.11445301363575366,1.0417694826712045,0.1645906102746794,-0.2940424502678873,1.0236420591191269,0.15996632184218545,-0.28651118496126576,0.810506261289915,0.10950110527412724,-0.3113712496268943,0.8754515256294088,0.1913453959614255,-0.3727184039680332,1.0719818111393284,0.2734530371430412,1.1105797107836173,1.0812476270371678,0.27063303581390075,1.3695468992319242,1.0199981347380294,0.25422657349377387,1.2382220458863535,0.949628975830729,0.435830207162223,1.0221404843613013,1.0259102943605103,0.49125307684957087,0.7435538077681461,1.0321488613441117,0.4583508441932449,0.6686954878723155,0.7746662060515501,0.39796330777879463,0.633457728372075,0.6287539793577049,0.4085311385279572,0.6306269494817336,0.6231213478998934,0.4526681947475908,0.6095433643661531,0.664551803150718,0.1248042420960869,1.0146438381933898,1.0866036139797892,0.06204907399000456,0.7458997486920997,1.0754858756458614,0.12712809767326036,0.5595526844856791,0.8865551662897415,0.15991911398404096,0.48701259209337144,0.8459262952805695,0.1376520647803624,0.44677173387460767,0.8372526752667654,0.12315500297870223,0.44317616652083147,0.8554263685706857,4.416666666666667
0.367904297383659,0.5462072788198128,1.0201088240245964,0.37530304512959906,0.13722221021587805,1.0008925506408994,0.37555125508718307,-0.3112452899698091,0.9948970493512109,0.31323214988952564,-0.3026153154636991,0.7872865504225874,0.38193224986170893,-0.2991537859307435,0.7933905713766898,0.35467107452747215,-0.390102440504721,1.0804769377564944,0.17527901442359403,0.5277624682252918,1.0590627561287105,0.16759440536561948,0.11404720822459602,1.0424660293344943,0.1640908209688124,-0.29440982157875334,1.0235392059843393,0.1609664613945675,-0.28867117295361605,0.8132866171065762,0.10894854437444104,-0.3130682079707152,0.8784514596079788,0.19141503212886748,-0.3721778636495761,1.0717989270488204,0.27259729671023997,1.1111182463990947,1.0777870890112635,0.2706574970667128,1.3698471658060725,1.0200196942541877,0.25464562912066435,1.2386734478660133,0.9496160331360493,0.4347209930370247,1.0226851224672533,1.02368841816198,0.49181360894952986,0.7445227635313829,1.025249533878934,0.4566128289298783,0.6532352872948803,0.7770773569936553,0.39228147391525553,0.6087607869347204,0.6307349502931101,0.4065902388114101,0.6031766858239189,0.6261796899660592,0.453386595677776,0.586933284638762,0.6656905474144266,0.12482604193506124,1.0139536632499382,1.0863907024756099,0.06534294574134655,0.7451231957861586,1.072775562670216,0.12567265416461615,0.554554854581728,0.8873533092557631,0.15431372742143676,0.48371526848833646,0.8403518941266668,0.13704733136669628,0.446310970186651,0.8379253361616196,0.12117485009828496,0.4396320855217578,0.860539582590769,4.433333333333334
0.368857862381563,0.5476422224849974,1.0200734487302785,0.3757324108610669,0.1374542385253914,1.0013459953368082,0.3756008398060629,-0.3114263770666419,0.9949285189236482,0.3132469527074687,-0.3026227587633208,0.787335131800213,0.38188936807189344,-0.2985304738312288,0.7925958375863383,0.3549375455326295,-0.3896443682399429,1.07988959869443,0.1748250874225409,0.5287712541399459,1.0591760485080544,0.1674096313800597,0.11381211611537995,1.0429160051688462,0.16355011720001147,-0.29478946284797936,1.0234025702630816,0.16189693615526707,-0.2908461916916437,0.8159857570861442,0.10843683929181674,-0.3145783000549975,0.8807364173681727,0.1914227332904245,-0.3714087268416261,1.0716070046693529,0.2720874910066279,1.1117528570395316,1.0735462955677244,0.27068902648611526,1.370311587412293,1.0201141949626245,0.25472216146648846,1.2392373409644653,0.9495482490209908,0.433546415169929,1.0232601024788934,1.0212799024402077,0.4919581618756875,0.7459526572778142,1.0168598348352282,0.45513157885505273,0.6394981036691564,0.7790767728103426,0.3914985155073665,0.5876862958188699,0.6353910598362992,0.40926630144621734,0.5796915465033896,0.6288473138435227,0.4581422936105072,0.565643237127532,0.6719589434821679,0.12484332842194705,1.0134689491155122,1.0862319828352232,0.07026204851554466,0.7451559172958068,1.0671012007013863,0.12331798605736341,0.5487306290046607,0.8900500634379837,0.14931842359259836,0.4785855367466997,0.8379572251335319,0.13644414946528916,0.44601744583513725,0.8382435272616442,0.11775511250083551,0.4349640245849245,0.8681823031447441,4.45
0.3698054603242946,0.5494288560849254,1.019878978715486,0.37618673593782487,0.1378288873160799,1.0015226243569335,0.3756405107000104,-0.31178317703175495,0.9951739997309741,0.31329393149190776,-0.302646013055923,0.7874269610218528,0.38237894118381444,-0.2984945917598195,0.792595222185645,0.3552702600413132,-0.38945101456436243,1.0796253507787903,0.17435409393584544,0.5303450828601404,1.059108385067848,0.16702498339347704,0.1137213324242548,1.0431567882305681,0.16302589910207335,-0.29520727792890494,1.023239608091735,0.16253219087310977,-0.2927636849249915,0.8179981300135353,0.10804763141704853,-0.3157517344552017,0.8820725312216539,0.19125191690142368,-0.37056162743659526,1.0713899992021052,0.27189362911080783,1.1124524981019341,1.0692045208453071,0.27072962833568104,1.3708779294996276,1.0202727881688607,0.25448911611699043,1.2398700394817166,0.9494694463810576,0.4324452370435627,1.0237972970704505,1.0189700517638993,0.4918055727579933,0.7474323163801014,1.0082059936639602,0.45387091661426887,0.6282904035045059,0.7801659889402928,0.39428345508549356,0.5701534366337327,0.6417191458879203,0.4150155058994559,0.5596959430876282,0.6315498199291769,0.4662575717478509,0.547215633306337,0.6817158005825636,0.12485889214316545,1.0132316652767628,1.086162963409321,0.0764069837217295,0.7464002363440121,1.0580314197077672,0.12010464653802619,0.5423985303874248,0.8945389100188745,0.14455837217833084,0.4721164439310061,0.8378255248842492,0.13472242272542556,0.4460431759795958,0.8373536042635749,0.11246985327516257,0.4296797839231205,0.8772637469593761,4.466666666666667
0.3707744032920557,0.5512066322507789,1.019871995770004,0.37662352952254835,0.13827470804190345,1.0014216042360589,0.37567172146057404,-0.31231773267667684,0.9956349894666182,0.3133870420385276,-0.30268531626715023,0.7875567674903806,0.38323331417373474,-0.29880808443161133,0.7930718673200199,0.35564894862321533,-0.38967226259458476,1.0798854156464075,0.173874197931361,0.5321832985049675,1.059015172165906,0.166441572244026,0.1137124506153866,1.0431790650670947,0.16257689386635307,-0.2956228689089298,1.023079605956703,0.16278586858729308,-0.294249674705476,0.8190730553727014,0.10782081730973628,-0.3164233391592225,0.8824274988511611,0.1908960358937614,-0.3697803742873356,1.071130513754812,0.271889286292541,1.1130676505705595,1.0655880240325526,0.2707766666301617,1.371471995432095,1.0204625070720073,0.25402627378814724,1.240565195644004,0.9493900808125144,0.4315289027459425,1.0242395090151517,1.0170073226550889,0.4915139800867637,0.7483029359117848,1.0007699317391576,0.4529079218541666,0.6197277339998295,0.7802758249414361,0.39887913763297833,0.5552769320967131,0.6488682552474505,0.42189505046384174,0.5425597490269488,0.6339695505935053,0.4757911227323647,0.5330549876541764,0.6921918196087797,0.12487573972877056,1.0131971254799506,1.0861778813638447,0.08295130658371111,0.7488988424648833,1.0463561469115228,0.11627934106289894,0.5361376043990622,0.9002208190372837,0.13988905034479318,0.4651748999879928,0.8388768426746523,0.13082388662630465,0.4468331557199078,0.8339487925345259,0.10523254592332373,0.4247729909323905,0.8858277454016361,4.483333333333333
0.37171561764792543,0.5526975867828097,1.0203013606340658,0.37696547186547646,0.13876424352653638,1.0011894821678207,0.37569265101460736,-0.31302254879328434,0.9963103131159359,0.3135219872109201,-0.3027445463874318,0.787714595690517,0.38416775298371114,-0.2991754146773179,0.7936196253778914,0.35606201142080335,-0.39036604436184336,1.0808602189980803,0.1734058277775393,0.5339829492319527,1.0590600635284897,0.16573898092742445,0.11374482683522585,1.0429805099107656,0.1622320920651378,-0.29595974750843723,1.0229492161147478,0.16269742533632875,-0.2952657869392657,0.8192943824420863,0.10771934894142984,-0.31668228359259876,0.8821010579758535,0.19042093003446053,-0.36912390719347354,1.0708222421447862,0.27195316153445465,1.1134642076685204,1.0634046550852814,0.2708125799452017,1.372023548441635,1.02060719519127,0.2534074726394869,1.2413023848544866,0.9493149286042526,0.4309068674147409,1.0245327390470915,1.0156371058869154,0.49120911512072496,0.7482000778094698,0.9954726622819416,0.4524478851308756,0.613175315455611,0.7797069982917277,0.40346031179357467,0.5415921473785267,0.6567636944869015,0.4281512589013917,0.5279560068597989,0.6350643750947745,0.4844406911100618,0.5235875739605048,0.700346027947459,0.12489283994258128,1.0132599430438727,1.0862180033814877,0.08894958919037771,0.7524336137929645,1.03354032723011,0.11215919443134169,0.5305315752738216,0.9063831177928854,0.13546370328399762,0.45873765851604154,0.8401675489386704,0.12427353552298448,0.4485369565147868,0.8274611204120043,0.09646776269561261,0.42126484301072925,0.8917581392851183,4.5
0.3725523652115672,0.5537822048230281,1.0211903943134537,0.37717077666309345,0.1391829856578744,1.0010471850567186,0.37569608062192045,-0.3138707626829299,0.9972015385044783,0.3136703479250115,-0.3028252677679915,0.7878831207858265,0.38497124675546357,-0.2994293795984929,0.7939922346198123,0.35653895332706137,-0.3914324169624519,1.0825201576299124,0.17297209214621834,0.5355968332656935,1.0593537686643164,0.16507846218528507,0.11379699587327469,1.042649026443991,0.161994893055432,-0.2961646719562146,1.0228582682903136,0.16241386579044192,-0.2959628391811007,0.8190312723676225,0.10765771663533208,-0.31687888988978274,0.8815872791606676,0.18988763008469278,-0.36859095770002726,1.0704775104060753,0.2720429357611654,1.1136704394602668,1.0628518500502544,0.27080251324108257,1.372468198337181,1.0205935385278413,0.25275843195826037,1.242061471557172,0.9492756332699044,0.43069625175516224,1.024624756452052,1.0151054029287576,0.4908260356312515,0.7473689234772252,0.9919742901408435,0.4525663440415375,0.6076592040500192,0.7790344788522889,0.40676732237806223,0.5276687387680016,0.6655783206786654,0.4327235755947988,0.5154358837017801,0.6340390255168817,0.4906090492501449,0.5178374552065453,0.7041890482356639,0.12489699166273481,1.0133397444999461,1.086190950453823,0.0936197854708746,0.7565220199632039,1.021274175070749,0.10799387197517575,0.5258523225091285,0.9126263627577013,0.13147020098371612,0.4534835346884859,0.8409399310717474,0.11552454629418629,0.4506432936339884,0.8188835862868579,0.08708653367562905,0.4198214836144844,0.8936616188975068,4.516666666666667
0.37319214285907143,0.5544959798522563,1.0222838119362363,0.3772524721682068,0.13935210533668185,1.0011019961860128,0.37567018521690804,-0.314822312176311,0.9983170393096559,0.31379305945801494,-0.30291855551224217,0.7880341088835772,0.3855782866106728,-0.29955547221190537,0.7941462709279927,0.35709991542697317,-0.3926240694158497,1.0845476158949152,0.1725716127451643,0.5371069273065692,1.059870934707348,0.16462604406157616,0.11382128957871701,1.0423674058129109,0.1618665368107454,-0.2962156729838895,1.0228082849727023,0.16211346975111113,-0.296543381555812,0.8187159395140845,0.10757605468337497,-0.317320229946389,0.8812589338408304,0.1893275187476637,-0.36818756007819337,1.070130146304204,0.27222870359711854,1.1138182077620062,1.0636444620790793,0.27073374375940285,1.3727504044778343,1.0203825151689752,0.2522879291648579,1.2428777452534316,0.9493179972454009,0.43095743814773363,1.0244941729595247,1.0155259923532343,0.4901978062630814,0.7464256024749132,0.9891115129454773,0.4529009450383361,0.6025922260783431,0.7786033329007355,0.40835176810025026,0.5130325289987804,0.674779393043346,0.4351968119016566,0.5043178755081438,0.6312860842297244,0.49370501388778176,0.5140571677362689,0.7033503912214709,0.124861243539805,1.0134317835597235,1.0860074619743045,0.09653972480315645,0.7604540890077298,1.0112338479232492,0.10403434242149374,0.5220446828565999,0.9187614059928633,0.12796522044551398,0.4495667035939532,0.8408805574567817,0.10594007026286593,0.45231586008741154,0.8102625144314457,0.0782429702730682,0.42057854896231645,0.8913629717408931,4.533333333333333
0.3735376465417141,0.5549477774576561,1.0231590056614666,0.37725472277074007,0.13916624518591952,1.0013299752084865,0.37560417700952325,-0.31584443610304913,0.9996661164699623,0.3138630986998525,-0.30300726236409936,0.7881377731764823,0.3860144337270106,-0.29959520089410463,0.7941295775852184,0.3576886292883375,-0.3937088028296278,1.0865895368391951,0.17216615394536516,0.5387007714713936,1.0603940505693543,0.16445896011325786,0.11378772747712745,1.0422844171184185,0.1618524945537249,-0.29610348304019984,1.0227999572318405,0.16190153944467328,-0.2970516628124052,0.8185540546020985,0.10746680206500953,-0.3180570725590188,0.8812595814521486,0.1887536984993606,-0.3679431588023914,1.0698223159203062,0.2726219218466894,1.113989455603923,1.065400413477252,0.27068062455367015,1.3728449700905478,1.0201810041569432,0.2521701831594598,1.243820973857901,0.9494360925196726,0.431636446623146,1.0241734426078717,1.016776189778814,0.48932939376688955,0.7458877151033156,0.985997620434758,0.4526347532484501,0.5981155657484428,0.7781209225512644,0.4080546382982414,0.4988182743353173,0.6828510538785325,0.4353524815196721,0.49411985628997956,0.6287143594853263,0.4937496517369309,0.5109059760417303,0.6983345437817854,0.12477982567537017,1.0135541417392318,1.0856755826044475,0.09773921400731984,0.7635424001210172,1.0046520059629338,0.10073405639551157,0.5190837804605869,0.9242339479744505,0.12500711332564798,0.44680724211713563,0.8403352801396362,0.09740022056378696,0.45301728286702403,0.8034936822471002,0.07104698914071429,0.4229834828781992,0.886112862737617,4.55
0.37357132017616645,0.5552131948667443,1.0234448036410206,0.37721967798262174,0.13864535806429984,1.0016941280844143,0.37549263118608645,-0.31689611090265074,1.0012177460932647,0.3138682138596178,-0.30307313811597314,0.7881705723070667,0.3863042115144246,-0.29959186522665565,0.7940124827872644,0.3581974418340393,-0.39462499940129736,1.0885187405547052,0.17171866203211697,0.5405191404684415,1.0605870818262715,0.1645373076415168,0.11374076763664248,1.0424004135925635,0.16194697108892608,-0.29583176273825545,1.0228305807019828,0.16179415654639545,-0.29739122459061923,0.8185061408485733,0.10735453455180208,-0.3189079567733286,0.8815408129131355,0.1881665096762988,-0.36787004510927646,1.0695661508635166,0.27326527505252574,1.1141799057025084,1.0678296465125334,0.2707901282273371,1.372785567584376,1.0204007024294417,0.2523476579346415,1.2449013494871517,0.9495346032470886,0.4326154277822055,1.0237207970448694,1.018614436198447,0.4884427516491031,0.7459765352275761,0.9823253259523612,0.45066382910907893,0.5948740577061478,0.7766922086544273,0.405386733895809,0.4871344420262347,0.6886453543586718,0.43290359068183953,0.48479711626689437,0.6288447667649831,0.4908018612667365,0.5077758564662329,0.6899254400023911,0.1247262792166431,1.013647836378785,1.0854258493516453,0.09766343058544903,0.7654215454388423,1.0018154214748094,0.09871689915541862,0.5172217282356207,0.927910192522899,0.12284572682858402,0.445072328449263,0.8399597435962813,0.09169926104346005,0.45275139808051557,0.7996698497730995,0.06635552388516164,0.4258296781971145,0.8802580696090854,4.566666666666666
0.3734073508419529,0.5553088780724663,1.0230608870434967,0.3771625313219444,0.1378828090543689,1.0021782827865922,0.37534042362407904,-0.31788883781529237,1.0028266885127046,0.31379537106570854,-0.30310068890419917,0.788109053441029,0.38643168396610794,-0.29957182722755193,0.7938455031454854,0.3585511417387324,-0.3954174757608623,1.0903229597828716,0.1712469440529311,0.5426211552179936,1.0602254607545247,0.1647789966927239,0.11374660977058793,1.0426201885456126,0.16211217948734039,-0.29543606469697753,1.0228863255006329,0.16176529621135538,-0.2975159084822102,0.8184723276158858,0.10729613546922061,-0.3195946219213695,0.8817785628626201,0.1875514843277354,-0.367915937261212,1.0693266945022306,0.27413221011340194,1.1143829169366462,1.0705084719190903,0.2711686768135022,1.3726467286618185,1.021346630858267,0.2525223926201039,1.2460129250769278,0.9494866150126584,0.43377513623413483,1.0231907294902691,1.0208097508979856,0.48774466137105876,0.7467408544814655,0.9778686693261545,0.44598237152474685,0.5934713482566685,0.7733686729962379,0.39946328826297917,0.47959594576153686,0.6928820740544126,0.4274650361307767,0.476713926362307,0.6330520626470615,0.4846485826902854,0.5040712784245025,0.6797240532597825,0.12483822045931134,1.0135662579161808,1.0856368568538324,0.09695961720180955,0.7661476955060683,1.0020084138139964,0.0984719316112104,0.5168151600652007,0.9285853723287937,0.1219521013079379,0.44444030796143075,0.8401212782705154,0.09004023645303769,0.4517528003766138,0.7993622603063655,0.0647917878057103,0.427856637889919,0.8760303577601808,4.583333333333333
0.37322530643014307,0.555197083959278,1.0223048352791306,0.3770673170848171,0.1369581952342746,1.0027545309803012,0.3751702524585603,-0.3187060734749505,1.0042316887345968,0.31363350506004617,-0.30308530186900606,0.7879338646434343,0.38638534058055485,-0.2995251442360714,0.793621201922118,0.35873931401149944,-0.3960925963090936,1.0918772893725748,0.17083084421412073,0.5449030160120831,1.0593799621548328,0.165166939752375,0.11382919173288053,1.0428667382353027,0.16228314599600357,-0.29499069318648063,1.0229384302454967,0.16177414517249228,-0.29750337233513896,0.8184120034790253,0.10737314876173912,-0.31987303919585486,0.8814219753368878,0.18689812525784738,-0.3679873849044189,1.0690681080180122,0.2751788719822158,1.1146361518932195,1.0727545168171722,0.2718098573586346,1.372484212394095,1.0230087364806835,0.252459444864357,1.2470019684863844,0.9492668104785091,0.43498894350148687,1.0226393349203213,1.0231238233488986,0.48719113228748434,0.7481349019572591,0.9723845610413142,0.43825629220547446,0.5939536264259895,0.7679224836283638,0.3896695798862414,0.47674385167870464,0.6971601428004615,0.41862573279211635,0.4704216527426913,0.64075786794905,0.4751124713184407,0.4988488727643333,0.6704741387905294,0.12521366796446473,1.0132109470358064,1.0865661295943088,0.09608193072254632,0.7660019325003361,1.0041223217817463,0.10013693633258783,0.5180724935757568,0.9255656031330857,0.1229138324840365,0.445082769586445,0.840581956122173,0.09272245074087113,0.450234166074123,0.8027293120923938,0.06681893154766749,0.4286341856586712,0.8741363216233508,4.6
0.37317894619444536,0.5548164047655646,1.0215913160207417,0.3769040770847564,0.13586634597177816,1.0033782939961338,0.375018942492884,-0.31927792816542183,1.0052126083407107,0.3133987247161596,-0.30304921721149697,0.787654754469652,0.3861576854545039,-0.2994189328177888,0.793304128870227,0.3587852235293742,-0.3966051098732434,1.0929883697084526,0.17055968070760297,0.5470232352494988,1.0582967271034132,0.16575989544257347,0.1139825312628453,1.0431129595982305,0.16241060800223187,-0.2945699507880021,1.022959176232041,0.16178098407421737,-0.29742906834278726,0.818358251522303,0.10764298926026793,-0.31958374967087083,0.8800640328976299,0.18623824042777698,-0.36803167699808015,1.068797730665879,0.2763273084906209,1.114970113093418,1.0739210316882657,0.2726258315255472,1.372313009549004,1.0251454122726573,0.25228144580515033,1.2477990903501992,0.9490830236804266,0.43610794714907264,1.0221317888591517,1.0252765628387812,0.4864491245773074,0.7499454739839426,0.9659744618154634,0.42806828581658674,0.59579210541569,0.7609898550021136,0.37641655180325984,0.4782561488036702,0.7020047315186607,0.40617025142564744,0.4662648312155311,0.6502068256301563,0.4624276313676618,0.49143667575874894,0.6651255568777126,0.1258466895383833,1.012681997730639,1.088229869974765,0.09498622695891862,0.7652740110530187,1.0072902688324912,0.1035099779937327,0.5210380400043922,0.9187984021561555,0.12626343168997506,0.4472754691908939,0.8403537914159059,0.09907445442975187,0.4485728000707877,0.8088733764474345,0.0724125334542361,0.4288559135714376,0.8733897076112945,4.616666666666666
0.37336567297052375,0.5541570023916207,1.0211174764476434,0.3766639048791279,0.13453957002873146,1.0040118475620727,0.37492799705970564,-0.31962252843296857,1.0057392828738252,0.3131418356638336,-0.3030433772520738,0.7873224582849757,0.3857008313770449,-0.2992419829257056,0.79290371517446,0.3587112065720955,-0.39690991494605093,1.0935613725302777,0.17047098181557135,0.5485678388168265,1.0571884811384376,0.16660834337401714,0.1142040340728479,1.04335889390697,0.16249355824537612,-0.2941902778172234,1.022948503719879,0.16177109266034553,-0.29724965948093574,0.8183736482696541,0.10810100237802861,-0.3186621821162504,0.8777077244621124,0.18565493689736215,-0.3680752426326369,1.0685549168331263,0.27743620950028963,1.1153716377006588,1.0736828467655637,0.27350213100352966,1.3721347021317372,1.027444861450168,0.25237926199329375,1.2484320604910064,0.9493588803454793,0.436975668955206,1.0217361346027818,1.0269701830921654,0.4850792054070041,0.7518345559304521,0.9590682425698198,0.41664485310508304,0.5982374605086651,0.7535931925452504,0.36086725051873864,0.4830082367874259,0.7066746841355803,0.39032596739335257,0.4643165336203485,0.6596106298339431,0.4468561305493368,0.4821109389322068,0.6655768086553947,0.126654243700273,1.012249146529354,1.0904803949880244,0.093277408593678,0.7642916641667447,1.0109091514827444,0.10814039669902119,0.5256144284979778,0.9089289614715417,0.13230842572833806,0.4515006394175185,0.8378981643498673,0.1079733618852368,0.44742162986461254,0.8156365626197439,0.08080998308759005,0.42959370961786364,0.8719791519734326,4.633333333333334
0.373843951099613,0.5532924596847519,1.0208707637448353,0.3763905904286174,0.13295106628880915,1.0046599746160512,0.37493976325459893,-0.31979846936170364,1.0059070671335788,0.3129168318789306,-0.3030934192570335,0.787004940264708,0.3849768517045725,-0.2990247537108181,0.7924899307664215,0.3585295845379949,-0.3969568013046496,1.0936100691897874,0.1705471578487191,0.5493516039279401,1.0562244703252335,0.16769037734350561,0.11449679500258952,1.0436117389466606,0.16255898911120106,-0.2938064780150222,1.022935003056195,0.16176566025089945,-0.2968641546412934,0.8184795836360242,0.10868942179382723,-0.3172063072087827,0.8746650587107293,0.1852348445611822,-0.36817661332334184,1.0683815183133936,0.2783434052817201,1.1158252277749914,1.0720636209402352,0.27432003056060106,1.3719636642144217,1.029592920739709,0.2531056774621583,1.2488805959045606,0.9505505887334011,0.43747407397666355,1.0215037709572472,1.0279741989032598,0.48277869417568675,0.7535484173642379,0.952016770538654,0.40539200514100016,0.6004361301578504,0.7470384105148425,0.34386066602954124,0.4893559684396882,0.7098372709609069,0.37175278895501923,0.46475798708117705,0.6675317573735309,0.4282533265692191,0.4721093274724781,0.6720208857313696,0.12752400387159615,1.0121416600773567,1.0930602398230005,0.09071718953317015,0.763455247782417,1.014325318674253,0.11345571060996298,0.5314754655276366,0.897388661086735,0.14109145331588466,0.4580837635535877,0.8323288650409114,0.1187924183395021,0.44729484728180025,0.8207264349686032,0.09122844143429629,0.4310936118136959,0.8695338717813916,4.65
0.37462793723686016,0.5523597262281146,1.0208225036109315,0.376170393269456,0.13116426849998786,1.0053748494762984,0.3750750859872606,-0.3198275191265589,1.005799208485093,0.31273715401339064,-0.30310855602444786,0.786744104914535,0.3840333099030483,-0.2988145098845727,0.7921406060267473,0.35824169716504783,-0.3966933823462656,1.093203164838396,0.1707612863214586,0.5495124364563129,1.0555419174706477,0.1689172473253312,0.11484488049177671,1.043872178344328,0.16262565530206338,-0.29336052229762355,1.0229507038485994,0.16180382487213232,-0.2962331246847627,0.8186305059891656,0.10932805457828068,-0.3155065129137195,0.871361756149931,0.18501176959216353,-0.36833191239595303,1.0682942427488122,0.2789636638295386,1.1163388162951295,1.0694358753119526,0.2749619183332167,1.3718322232729645,1.0312827419449089,0.25460264999333826,1.2490214020219053,0.9529401198073174,0.43759953051061257,1.0214340579175578,1.0282729922237588,0.4794663974737863,0.7551155014289548,0.9446809563805458,0.39535253681523513,0.6013835829066286,0.743196196552258,0.32553259529868017,0.49574807208659055,0.7103053801292791,0.3512052733229579,0.4678247240207947,0.6729817183195487,0.4065570298291462,0.46302885693426254,0.6833710981068075,0.12833749498489577,1.0124033602596387,1.0956136429668772,0.08755791488039391,0.7630439867644291,1.0167635938581987,0.11895241855401135,0.5380282336886834,0.8860879022792694,0.15243927637312454,0.46662530054875934,0.8246626978190078,0.13167110307956686,0.4479993376441015,0.8232931707924475,0.10374722356725147,0.43238532689871134,0.8676509386434554,4.666666666666667
0.3756413896317338,0.551519606377941,1.020971494740765,0.376077925186658,0.1292985428355834,1.0061927869274447,0.3752903871541215,-0.319707144349744,1.0054978550381777,0.3125700335081523,-0.3028968523184191,0.7865383559083029,0.38299616552611737,-0.29864889875062417,0.7919015493144765,0.3578407988844206,-0.39616654361682685,1.092519932506029,0.17110674585276214,0.5493044176124964,1.055185719375176,0.17016836971291024,0.11520912139893463,1.0441224276580656,0.1626960280320212,-0.2928161535857083,1.023016566407204,0.16190951372187157,-0.2954092123375652,0.8187559648679319,0.10993588598549628,-0.3139251094316239,0.8682607332350918,0.18496443820762443,-0.36843897190747515,1.0682738823908073,0.2793462558885814,1.1168855304977447,1.0665146147879399,0.2753355951730804,1.371774792106475,1.032272982266869,0.2567821328068384,1.2487794652479016,0.9564889620375621,0.43750045210121646,1.0214557433320348,1.0281417508648378,0.47520306198649576,0.7568142564618049,0.9365310235857303,0.38672772525261323,0.6002343459659538,0.743998875716479,0.30598130260596057,0.5010812896458611,0.7083418720673659,0.3292293176008778,0.47297308539553207,0.6763983499373885,0.38235171387896894,0.45605147019137493,0.6984002968671732,0.1289789454561906,1.0129621124468762,1.0977503011712433,0.08438698207718862,0.7630359504696276,1.0176008718938272,0.12441974693766057,0.5444818255603169,0.8769350263650473,0.1659090420890913,0.47607376681165403,0.8172054285837775,0.14683076389720864,0.44879030898722116,0.8241131867576104,0.11893163204411639,0.4323991816848022,0.8677312322185138,4.683333333333334
0.3767184230924361,0.5508905893515486,1.0212492296803362,0.3761298849653529,0.12748484706668345,1.0070809776668042,0.3754752695289254,-0.31948403705094575,1.0051518729309517,0.3123799405546892,-0.3023239846860235,0.786375664167191,0.38202573001357065,-0.2985493410487333,0.7917945530693181,0.35734165671734314,-0.3956045247480641,1.0919084080953854,0.1715904499102706,0.5488617559752326,1.0551014702014598,0.17132429110118721,0.11555718541353477,1.0443286848140543,0.1627667084197203,-0.2921677506658708,1.0231426664293153,0.16207596270163177,-0.2944996529059923,0.8188079172580844,0.11043519108617209,-0.3127220166458044,0.8658271792592662,0.18505868496380354,-0.3683835740695183,1.0682934415728043,0.2795979303271401,1.1173621596133334,1.0641120378102362,0.2754319731076217,1.3717988120386206,1.032537791780094,0.2593785089409414,1.2482209873885612,0.960826257075439,0.4373803550932039,1.021472755052727,1.0279626103370614,0.47018789250552673,0.7587377378665773,0.9277822630692967,0.37891295893508375,0.596788957910014,0.7501957490892561,0.2858102934965824,0.5050077191870865,0.7062388084560336,0.3062794143744114,0.478590708899283,0.6805779837954217,0.35661681458372435,0.4516725990871997,0.7160219006810125,0.1293594984588049,1.0137399005497305,1.0991696934913615,0.08177962473802776,0.7632114002597162,1.0165566410620714,0.13009064361389702,0.5500682690908097,0.8714111984123407,0.1806598160715499,0.4853232467827546,0.8118320640564243,0.16394424529984603,0.4493311998450929,0.8241543632533915,0.1367792947266594,0.43135276826371516,0.868922983927882,4.7
0.3776920515527794,0.5505032094619116,1.021432618456815,0.37628077046648206,0.1258235090213642,1.0079660549133538,0.37551527744123586,-0.319232670821829,1.0049053844240483,0.31216924167535776,-0.30141797160801853,0.7862706789772047,0.38127864901007985,-0.2985177114221642,0.7918322526976622,0.35681115144848774,-0.39528222724892814,1.0917176814037457,0.17221715840355215,0.5481823788992304,1.0551439704265029,0.17229606506227485,0.11587584035390824,1.0444645446295868,0.16283572249545236,-0.291448163063161,1.0233214693863746,0.16227712603104907,-0.29362714236775794,0.81877228230662,0.11074896967826883,-0.3119480170319848,0.8644249944531807,0.18527491296178064,-0.36812919527178534,1.068349583919352,0.27976024972916025,1.1176577108740433,1.0627455842943185,0.27535823894505146,1.3718716503631663,1.0323542225924158,0.26203522529730333,1.2474645603234586,0.9653719452799454,0.4373460823788392,1.0214369965682641,1.0279360593815023,0.46487663477362273,0.7604288648252588,0.9202616679652842,0.3710115793916158,0.5916082471335034,0.7608730615758679,0.26599782440029834,0.5081109005678592,0.7072008632346554,0.28311524178612596,0.4830413682018505,0.6896087240660453,0.3303813827869524,0.4498502108309417,0.7347056586011517,0.12947095364269945,1.014611901228828,1.0998063877046405,0.08021069389015797,0.7633996173534434,1.0136794848788973,0.1365456942911939,0.5544049254659937,0.8700949267310525,0.19543949802454683,0.49353710318118704,0.8093775229046074,0.18199055902631656,0.4502589121424494,0.8235514127872601,0.15634001006503978,0.4306830472362728,0.8691062194261479,4.716666666666667
0.37849296157615314,0.5502963782307423,1.0211994620436635,0.37644642894449615,0.12435318338990864,1.0087851004106325,0.3753571096341553,-0.31896783217624386,1.004775308756715,0.3119731982133377,-0.30031889664768135,0.7862545119833052,0.38086732010333524,-0.29853904518513236,0.7920102680211898,0.3563261739513426,-0.39524954739535545,1.0919532956712437,0.17298225456759533,0.5472414265877339,1.0551046747957287,0.17304733048583323,0.11615239455957566,1.0445333097658134,0.16290301899144966,-0.29072232180593777,1.0235250424906834,0.1624831365348435,-0.2929135725626698,0.8186589569073423,0.11082514869254413,-0.31147210792741853,0.864126602221961,0.18560314893252733,-0.3677119512280229,1.0684580782743494,0.2798192032297781,1.1177470779811314,1.0624240447285114,0.27526481422619253,1.3719464697639596,1.0321136310043393,0.2643740327410405,1.2466001289874644,0.9694718551309849,0.4373833197420614,1.0213631426447627,1.0280306869593,0.45990167027121537,0.7612399071498163,0.9161893779003007,0.3623176578972349,0.5857729953494243,0.7740809218549873,0.24758446896035122,0.5110945689093611,0.714292130056705,0.26098625488544624,0.4856836260197955,0.7064679505550835,0.3048034991397215,0.44991614349200937,0.7528761025983834,0.12941531931308087,1.0152996066648208,1.0998686991506461,0.08012244468812688,0.763605801002784,1.0093869377403712,0.14434742897092817,0.5576409034082149,0.8725858081878582,0.2088264226022804,0.50019599428688,0.8100116905111041,0.19943364274536302,0.45260474352915014,0.8221039336906792,0.17606457942499482,0.431878487456321,0.8672760950686942,4.733333333333333
0.3791488321431138,0.5501502661115459,1.0203265501252212,0.37654796858021766,0.12306828570586004,1.0095079594905707,0.3750283187645355,-0.31864986310980226,1.004680565572841,0.3118269690787709,-0.2991888862137184,0.7863334129714582,0.38081479170457455,-0.298592094344343,0.7922918644738329,0.35587901112444004,-0.3952639146952127,1.0921728013331784,0.1738576926600592,0.5460341374552643,1.0548339168814271,0.1735907569706645,0.11636330305160653,1.0445606510923016,0.16296868188407465,-0.29005641278232774,1.023722098075054,0.16266687806675537,-0.2924577829720887,0.8184936803883215,0.11069607803083079,-0.31110421279591854,0.8645967222246713,0.18603704201693827,-0.36720410015923843,1.068628369967896,0.27979825956615445,1.1177051952729629,1.0627190335421963,0.2752307600374854,1.371997984662459,1.0320242276421765,0.26605982960515556,1.2457080650242491,0.9725176257357595,0.43744126502601727,1.0212903578602721,1.028135275310377,0.4557639238690739,0.7609034503016345,0.916378588181083,0.3526593997070291,0.580522551696926,0.7877187460251958,0.23152938516359234,0.5138574271159018,0.7299845787868986,0.2413134590416366,0.4867886512974724,0.7315959841306721,0.28129012864641056,0.45070333346641456,0.7701666080623241,0.12933505330802283,1.0154502852390772,1.099648740021395,0.08173504016817523,0.763954203254658,1.0044885653811821,0.15361708561776174,0.5603327680064372,0.877910880649681,0.21969122366363714,0.5052648534167781,0.8134364895669093,0.21459088426810458,0.4569527388390424,0.8201779220093769,0.19435916284295995,0.43587208040631764,0.8640461261168284,4.75
0.3796949487466529,0.5499867826526104,1.0187977213335868,0.37655752471566156,0.12197617209274814,1.0101363606160074,0.3746098497950021,-0.3182528022262553,1.0045552945772813,0.3117496986621858,-0.2981783044254272,0.7864776612628114,0.38103127744018184,-0.2986545079146072,0.7926124352937493,0.35536927406629154,-0.39507079845069537,1.0918958628244382,0.17477175129144987,0.5445690729148409,1.0543179001916074,0.1739531961173556,0.11648664201714864,1.044564243743924,0.16303181382826196,-0.2894921066857986,1.0238948562699406,0.162805872262883,-0.2922840933012229,0.8183228729016263,0.11048189563983327,-0.3107071379525609,0.8653104707734712,0.18658068325299576,-0.3666725512195029,1.0688497195944333,0.2797650093254156,1.1176376641752892,1.0631009173438466,0.27524869119148326,1.3720241113445006,1.0320677888928205,0.26691865025266587,1.2449228749327332,0.9741407888008772,0.43748924413273405,1.0212488283030272,1.028172803912313,0.4526401288980837,0.7595369450558545,0.9203044377576945,0.3425923724866367,0.5768318617914422,0.8002809687465994,0.21877146998125552,0.5158540437900739,0.7548899380957843,0.22526316192191584,0.4870610922980417,0.7630555469139881,0.26144781547266277,0.4515719702672545,0.7873141692292362,0.12930723802969066,1.0149429489108435,1.0993247010302214,0.0847201544090896,0.7645530128937877,1.000004072903047,0.16384679368997596,0.5633710823785864,0.8846814632740552,0.2275739640818993,0.5092749319016946,0.8188952783074782,0.22600271864148586,0.4633917169697227,0.8188140217192774,0.20989801218820958,0.44336898515842343,0.8602065800776155,4.766666666666667
0.3801404021091111,0.549851797140427,1.0167429462568593,0.3765082096075101,0.12113587244265211,1.0106864906014397,0.37418009815788,-0.3177843754989401,1.0043875916778313,0.3117568381040544,-0.29743152507006854,0.7866608478224539,0.3813471426767018,-0.2987044423090948,0.7929093474181382,0.35472857600589713,-0.39470410291321945,1.0911384947230918,0.1756253448007358,0.5428973547545255,1.0536060467435668,0.1741422568222157,0.11653364523330201,1.0445382926284,0.1630897850318392,-0.289036413494668,1.0240422080332987,0.16288512740855693,-0.2923119755541465,0.8182133605492669,0.11030042600853844,-0.31024368992723605,0.865939027046421,0.18724860169735003,-0.3661275376264104,1.0691035018327508,0.2797644507685432,1.1176009849136792,1.063303357222881,0.275288272276497,1.3720267896576217,1.0321602671285994,0.267065184225943,1.2444517513561995,0.9744630847408008,0.4375142154369239,1.021249884366876,1.0281240532032623,0.4503937723029029,0.7574106269839176,0.9270572558172205,0.33317691961100293,0.5751752460937678,0.8112115025693902,0.21020843083657675,0.5168306524795147,0.7866413571594932,0.21369587867449147,0.4873407411033651,0.7974783770587508,0.24661727876524106,0.45326064772213104,0.8047001722315235,0.12932970878598626,1.0140758241491834,1.0989993219837757,0.08823578981846264,0.7654616823525269,0.9967729649350852,0.17407618213882364,0.567740143631096,0.8911371046234129,0.23276820555349687,0.513100479152942,0.8251787889549655,0.23298307877693147,0.4718321237635771,0.8192132036195388,0.22158589163368642,0.45486877492400435,0.8558425660869348,4.783333333333333
0.3805261736274837,0.5498686585135979,1.014371731311031,0.3764751229597599,0.12061887858903181,1.0111710144726036,0.3737805526981157,-0.3172663767835067,1.0041953588715815,0.31186475610983755,-0.2970629887725476,0.7868852349219002,0.3816011808624664,-0.29872634954696115,0.7931473538448809,0.35402198470398943,-0.3944103278522869,1.0903909363942041,0.17634932910338852,0.5411270846552247,1.0527427644934972,0.17413938398624873,0.1165675190319056,1.0444639027515854,0.16313786640822892,-0.2886619769556655,1.0241743117451925,0.16290643061937474,-0.2924102862093952,0.8182142043476986,0.11020990499370202,-0.30972106924347875,0.8664371460159286,0.18803537411005403,-0.36553433784018086,1.0693806901793774,0.27979534436382913,1.1175937760985508,1.0633531047488325,0.27533321296639424,1.372007703219473,1.0322527391501206,0.2668827261834855,1.2444447799470038,0.974156535787762,0.43749530514246254,1.0212898661244325,1.0280117822829928,0.4487274631105318,0.7549074333631666,0.9354793520455174,0.32544809388303353,0.5755819113682594,0.820649530977192,0.2061562929672781,0.516896192754657,0.8205850345438783,0.2070526562759622,0.48836553300987395,0.8311005033211439,0.23705380012901361,0.4573691292708742,0.8214104690848842,0.12937559043491745,1.0133332565217428,1.098772866474781,0.0913810444980884,0.7667459893260894,0.9950864229130048,0.18321810432880664,0.5738972870979724,0.89586805671071,0.23611981969966755,0.5174629730469713,0.8309354706156401,0.23622763491468116,0.4818244652569369,0.8221887559793124,0.22876619642209955,0.46979271889259566,0.851262047470336,4.8
0.3809333884323826,0.5501389397343148,1.0119033379427846,0.37654675911160973,0.12043071658875731,1.0115832786691856,0.37342402534193975,-0.31671895008244005,1.0039996747347417,0.31206558963188247,-0.2970749949903615,0.787151934824646,0.38172011565456776,-0.29871988695258833,0.7933178855427668,0.35340103648231647,-0.39435344348658563,1.090082680140537,0.1769392725049735,0.5393867467707459,1.0517864458439214,0.17391565810623363,0.11664223526493794,1.0443305609247284,0.16317134752407136,-0.2883495748208091,1.0242925880919076,0.162895619444071,-0.2924878945464276,0.8183104676953427,0.1102318560779067,-0.30912604188390874,0.8668580370238969,0.18886834866369154,-0.36487609186881115,1.0696753816936346,0.27983928272350944,1.117597909363088,1.0633582312525196,0.2753783210476891,1.3719762439949061,1.0323338635911017,0.2668129615741022,1.244831944266291,0.9741145146629542,0.43738577423225755,1.0213580640049305,1.0278683580827406,0.447410494455061,0.752482114154914,0.9440274167598626,0.3199962878237821,0.5776792132825435,0.8290009928380734,0.20575334523842365,0.5163480436075365,0.8514993024256732,0.2048807137540602,0.4906094913474358,0.8603619029419503,0.23180657842876096,0.46509720356598794,0.8354718498208467,0.12942401959576094,1.0130055417013466,1.098697932112122,0.09365193687808679,0.7684002347664993,0.9946767506076821,0.19031303960052498,0.5813732275616725,0.8986119802863031,0.23859187146799468,0.5223246889606158,0.8356969197381717,0.2375870560101207,0.49221073447285735,0.8278492835473503,0.23185881468769437,0.48587281024713397,0.8481250997233877,4.816666666666666
0.381399227098873,0.5506553287688689,1.0093587439402938,0.3768682551469518,0.12057031835882198,1.0117077249618913,0.3729215591573651,-0.3160358153981763,1.0037458129417383,0.31230451620810884,-0.2973097725423297,0.7874255541572716,0.38171981323791176,-0.2987039331802054,0.7934267584115146,0.35294184263754025,-0.39448473363789766,1.0902248943312942,0.1778327813571952,0.5370237187918282,1.051183984771991,0.17315215805672082,0.11637301469471834,1.0441562641147588,0.16317409048941348,-0.28818201125031695,1.0243732771632068,0.16288726243638135,-0.2925231941035481,0.8184392268622503,0.11037439660177004,-0.3084553401378367,0.8672229232432176,0.18957564422474898,-0.3640496740683753,1.0700235635636839,0.2798853672860109,1.1176022367229441,1.0633793555555362,0.27542102274433927,1.371948869678416,1.0324086180051886,0.26712302449655545,1.2453865826630584,0.9749361671314986,0.43715012895887917,1.0214469195260296,1.0276926796016699,0.4463627170742242,0.7505226257556279,0.9511051493806344,0.3167685271514985,0.5807186124982519,0.8367503755107547,0.20728386185964343,0.5154979018482977,0.8752977749408446,0.20570905403602413,0.4940121366077971,0.8824572097967409,0.22955681029700148,0.4763345944614712,0.8452035228650929,0.12945788094697666,1.0131488222012826,1.0987738952567145,0.09502527059066802,0.7702155080759819,0.99500823627436,0.19478444126958722,0.5890383626593592,0.9000320221341616,0.2408848881033191,0.5268734807469846,0.8402430199385016,0.2388600116266717,0.50142384226787,0.8355552913859434,0.23243371031373422,0.5000292310994117,0.8484369027208927,4.833333333333333
0.38181786352735847,0.5511812546996224,1.006956686892062,0.3771928012409701,0.1208247609100217,1.0117619862241383,0.3724518762502205,-0.3153480183114172,1.0034956530841599,0.3125021314537193,-0.2975530293554513,0.7876475321772464,0.3816539274485924,-0.2987051135627289,0.7934847130565592,0.3525753407447827,-0.3945902384534787,1.0903377713059825,0.17864343416337605,0.5347499856937652,1.0506432740270457,0.1723006322566839,0.11606688894185963,1.0439713139868334,0.163172149120967,-0.2880778798968558,1.024428447280767,0.16289732361947434,-0.2925353790919498,0.8185450879981959,0.11063260621667707,-0.3077272267391789,0.8675021915051147,0.19023227742755727,-0.36328609763501674,1.070350215771847,0.2799327070185171,1.117602421842678,1.0634272146376795,0.2754598307792826,1.3719372627212028,1.0324844490389173,0.26782735931870016,1.245931968883523,0.9766733690821586,0.4368856099337728,1.0215536927454107,1.0274514958230716,0.4455486859875073,0.7492004958989147,0.9557605477756639,0.31510269028812965,0.5838236389227676,0.8442219969746837,0.20919811555824605,0.5146193494756215,0.8901665480693031,0.20772717106805746,0.4977766379016711,0.8962562109109729,0.22921670454621623,0.48950240058453603,0.8506906678079382,0.12946299077055445,1.0137438404798367,1.0989926239809371,0.09569366733023961,0.7718547025141576,0.9955263195660462,0.1966988088281539,0.5956784533628379,0.900925593292621,0.24330390336778818,0.5303941630665026,0.8450589869663396,0.2407871813255197,0.5084552164740797,0.843811432637759,0.23222087268963582,0.5102192789148321,0.8521276207533082,4.85
0.3821822894677631,0.5516850352792868,1.0047868992705167,0.3775029326229444,0.1211610536717973,1.0117576861444546,0.37203723138055095,-0.31467489576655383,1.003258512350322,0.3126098966040989,-0.2976962737017958,0.7877832596104991,0.381578305570467,-0.2987375719756011,0.7935040031349625,0.3523176705994556,-0.39463963413921854,1.09037754247985,0.17933896935092203,0.5326562758492714,1.0501754329164754,0.17140477581230673,0.11574057488270578,1.043783511553189,0.1631674381634497,-0.2880341558569366,1.0244554810373792,0.16291837410995327,-0.29255284875020976,0.8185996018745026,0.11098273349363043,-0.30691996357368817,0.8676240568284108,0.19081626896969295,-0.3626220344796638,1.0706409920628206,0.2799827559196906,1.117597771008495,1.0634912092799742,0.27549541840765035,1.3719393004729579,1.0325664153736347,0.26878131625720675,1.2464067279771365,0.9789994415400659,0.4368972130264188,1.021654545196007,1.0271993519671176,0.4449284668822231,0.7483932408931171,0.958221959260783,0.3141625376964032,0.5863480682311324,0.8511879328645989,0.21074239825756483,0.5141870931012072,0.8965075776730127,0.20968592592089422,0.5009931135657173,0.9024817647623555,0.22988194491299235,0.5021556509601884,0.8535565277393982,0.12944041183218016,1.0146517366923475,1.0993095276876064,0.09582756091812406,0.773035020776784,0.9958306296335931,0.19678057771618862,0.6004581508777608,0.9017651623960901,0.2457567333558338,0.5329103238856876,0.8492069788741241,0.24311338455457993,0.5134961320007398,0.8504712483125947,0.2321650589292688,0.5163649958179998,0.8566825546587753,4.866666666666666
0.3824854966700101,0.5521349882605742,1.0029391135480838,0.37778118452215387,0.12154620607359212,1.0117064484113678,0.3716998793084004,-0.3140357847079743,1.0030437079285388,0.3126494405449879,-0.2977597337746629,0.7878459210805,0.38155125716204075,-0.2987948332456302,0.7934986491176111,0.35218497199697035,-0.39460259690100435,1.090300439268144,0.17988712534723894,0.5308333176310636,1.0497915807476694,0.17050828382977284,0.11541078939360355,1.043600657826061,0.16316187236157897,-0.28804781422706544,1.0244517610258332,0.16293609941977982,-0.2926003948688096,0.8185891806711904,0.11137189062496326,-0.30597690536787003,0.8674980328798286,0.1913056395487322,-0.36209415651324134,1.0708815461813008,0.28003341937761134,1.1175907586924856,1.0635573194337578,0.2755296500900365,1.3719434207767083,1.0326560976341461,0.26981096791752357,1.246791068439442,0.9814996204349944,0.4375369912649947,1.0216775711797645,1.0272034963302392,0.44453121124560324,0.7479043480628191,0.959411973612172,0.3134982186385826,0.5881120291766959,0.8567805521062581,0.21188356261221242,0.5147121071243038,0.8962538085791232,0.2111964070622629,0.5035127936290072,0.9028154861808984,0.23078458229143375,0.5120387586306294,0.8552548109137292,0.12941086278285896,1.0155249561025386,1.099598673077657,0.09559822565114162,0.7736390004380188,0.9958398124680987,0.19608994497548612,0.6031136310167796,0.9027047730806957,0.24791212389202205,0.5348148014898935,0.851443001494794,0.2452976405132436,0.5173578801111622,0.8539203269969973,0.23241056081821876,0.5195736956799073,0.8595562536559759,4.883333333333334
0.38272047688402266,0.5524994313961973,1.0015030621971897,0.3780100921678776,0.1219472275448491,1.011619896713405,0.37146207479381305,-0.313450022080066,1.0028605570071254,0.31270814639436395,-0.29779903777655586,0.7878759240499495,0.3816443211954962,-0.29885693453888823,0.7934812199843586,0.3521933847327381,-0.39444880294472257,1.0900626930861108,0.1802556405797326,0.5293718394118581,1.0495028368280166,0.16965485141526587,0.11509424935089907,1.043430553817685,0.16315736646007223,-0.2881158301037495,1.0244146698389203,0.16294108483555647,-0.29268249265540275,0.8185218876441681,0.11171465371254677,-0.3049468881002831,0.8671282311999009,0.1916784098622512,-0.3617391356466742,1.0710575318719822,0.2800793911749495,1.1175850491473813,1.063615725627243,0.2755632565049911,1.3719402257596405,1.032751680282713,0.2707651028010349,1.2470534788949315,0.9838002281620355,0.4388879502297298,1.0215506386469317,1.0277598456510684,0.44442677697680166,0.7478210337691588,0.9597434732783745,0.3131293842322831,0.5893842963628559,0.859893828430354,0.21298205913206258,0.5160662253182374,0.8923367514867458,0.21240784158214593,0.5056738896970887,0.899350141308417,0.23142454770227283,0.5179682982598413,0.8561404236977039,0.1293980799418513,1.015957169217729,1.0997130095941166,0.09524664995154275,0.7737632618856417,0.9957318859133236,0.19555988231719196,0.6038426901705787,0.9038514642839226,0.24947801728993652,0.5363569898108986,0.851449793903578,0.24707199030260804,0.5204767634261281,0.8540322800363016,0.2327617821596475,0.5209354860632952,0.8602126647664423,4.9
0.3828802218597241,0.5527466824388685,1.0005684776902601,0.3781721907893948,0.12233112751501174,1.0115096547390932,0.37134607259683294,-0.31293694482721707,1.002718376774396,0.3128669012559822,-0.29783605456987067,0.7878987781446456,0.38190037062111765,-0.29889975851175704,0.7934560246321427,0.3523590486021701,-0.3941479284762597,1.0896205353489972,0.1804122534758087,0.5283625695643717,1.0493203204649062,0.16888817367496944,0.11480767163093913,1.043281000540296,0.16315583520364685,-0.28823517858349534,1.0243415900694297,0.16293016074310104,-0.2927481479170029,0.8184506498769709,0.11191517253551592,-0.3041063291661791,0.8667694975311699,0.19191260060782614,-0.36159364379088765,1.071154602879561,0.2801151961672457,1.117581755654308,1.0636648378524167,0.27559478776753077,1.3719281825456542,1.0328486598599496,0.27151271531630905,1.247165041241629,0.9855775140710525,0.44063659801640054,1.0212881372472735,1.028835028626046,0.44460524808850505,0.7484223394943047,0.9588890024046887,0.31320291600096434,0.5905707509641758,0.8598630249642192,0.2144849458957977,0.517550495338176,0.8877133580360531,0.21362277349826256,0.5074945206077284,0.8944617933256112,0.23167068048554157,0.5201030856583104,0.8561394209079565,0.12941030543265905,1.0157486635865183,1.099585725703774,0.09498169287749661,0.7736532701216244,0.9956739898262329,0.1956403191556822,0.6031499437146653,0.9053688869078418,0.2503455481658664,0.537691102514921,0.8497241165742883,0.248472074204049,0.5228559016569798,0.8517657822073849,0.23302885097318876,0.5211562687500373,0.8597282535030799,4.916666666666667
0.3829577233470377,0.5528450591413006,1.0002250924997216,0.37825001561598454,0.12266491541352315,1.0113873461769596,0.3713741274775042,-0.31251588989381507,1.0026264844186654,0.31306996902539164,-0.29784073633574015,0.787891411687832,0.3822664259233315,-0.29890173459018404,0.7934159192843495,0.3526981034006776,-0.39366964970150264,1.08893019747205,0.1803247024628731,0.5278962364613204,1.0492551509657273,0.16825194571506716,0.11456777311007016,1.04315979900613,0.16315919333702023,-0.28840283476281,1.0242299043101517,0.162904664231178,-0.2927024537028855,0.818457437090766,0.11190670817184632,-0.3038427976854927,0.8668442418299283,0.19198623248303323,-0.3616943528568066,1.0711584129487322,0.2801371865003922,1.1175796583446898,1.063708249920284,0.2756217267671455,1.3719109606490674,1.0329399901781013,0.2719576978083708,1.2471483686975982,0.9866026456429552,0.4423476100619953,1.020955918565052,1.0301957602151328,0.4449766495782885,0.7497554363918527,0.9567102087249832,0.31370245369328453,0.5918944113473589,0.8570562303663858,0.21661250916692545,0.518733919118905,0.8840016392957528,0.215113916778441,0.5088054972594136,0.8900385658640042,0.23169811745841268,0.5196645429510293,0.8555410218340727,0.12943906535467042,1.0150309083095816,1.0992548312505543,0.09486565398081562,0.7735277569597944,0.9956898651109081,0.1962824549407718,0.6017972230008255,0.9072018772934519,0.2506166099864216,0.5390058754552035,0.8471540875079463,0.24960740691782576,0.5246166649145755,0.8484199598457772,0.23316289402414841,0.5208076206876826,0.8592300581495084,4.933333333333334
0.3829459730958867,0.552762879256206,1.0005626390980003,0.378226101876926,0.1229156006698266,1.0112645947155312,0.37156849419587096,-0.3122061942242482,1.0025941971282482,0.31316041452858506,-0.2977797089346175,0.7878226129888034,0.38264631364395885,-0.298872463729556,0.7933674056263237,0.35322668892367187,-0.39298364282633835,1.0879479108705161,0.17996072596833154,0.5280635684754212,1.0493184476378692,0.16778986264174264,0.11439127066463839,1.0430747502274227,0.16316935560490975,-0.28861577373819985,1.0240769951538768,0.16286939713180773,-0.2925498077271705,0.8185422655512948,0.1117249087230921,-0.3042299379985362,0.8673603163456609,0.19187732618544864,-0.3620779347553563,1.0710546158241914,0.2801451776477867,1.1175767352893398,1.063748294971113,0.27564421666625577,1.3718854480732983,1.0330251831202886,0.27202104228719637,1.2470786709252897,0.9866997559612157,0.44427322821993614,1.0205068521085683,1.0320496558497938,0.4454630155271029,0.7516115714774585,0.9535707557291901,0.31449110401070623,0.5933490341779026,0.8524144563180931,0.219441005795336,0.520088782392852,0.8803962192018877,0.2171125032407569,0.5098805192274888,0.8863950460380179,0.2317548650512195,0.5179620487713956,0.8548547167991838,0.12948608074780257,1.0138967653665818,1.0987394399569996,0.09485558277966354,0.7734741800069768,0.9957413858374211,0.19734045986828253,0.6006493827567407,0.9086488340897476,0.25027026017599463,0.5408616946216138,0.8439223418380581,0.25042818660624455,0.5265124404071402,0.8444945880578203,0.23324346905180532,0.5203392324997238,0.859169833168321,4.95
0.3828379628561943,0.5524684605362973,1.0016708499575226,0.3780829848014983,0.12305019271336542,1.0111530240433357,0.3719514275119774,-0.3120271947629038,1.0026308320914588,0.31290514210373455,-0.2975827584348658,0.7876183910451193,0.38289119834792557,-0.2987821207408958,0.7932823345719291,0.3539609449665641,-0.39205958405665314,1.0866299069596421,0.17928806241958983,0.5289552939793907,1.0495213297887207,0.1675456195611795,0.11429488117099063,1.043033655216409,0.16318823675203284,-0.2888709706061719,1.0238802451933953,0.1628252638569437,-0.29216544531833244,0.8188051558853331,0.11130651370305598,-0.3054125347509069,0.8688156628242344,0.19156390241264856,-0.3627810613974618,1.0708288652506341,0.2801402124427523,1.1175772872747605,1.0637846728715235,0.2756593884732072,1.3718696648743933,1.0330876374904563,0.2719704090123286,1.2470181443299209,0.9865174988543569,0.4455918602879251,1.0200452414750436,1.0340070128631669,0.44596368391354235,0.7535791554932196,0.9502274105006503,0.31521316994507165,0.5949571302386931,0.847678046411132,0.22213225399612718,0.5209354127671294,0.8780251574620244,0.2193075125766379,0.5106067849563927,0.8835527775031156,0.23180589624053205,0.5160935254830248,0.8541673938943917,0.12951372084152876,1.0130074396540178,1.0982339359896987,0.094882330180565,0.7734331579767675,0.9957738829137319,0.1983773867384945,0.5994020078378597,0.9104102231301261,0.2503147466886917,0.5422654205917677,0.8416237957188112,0.25141751565523196,0.5277795392015502,0.8417173904713968,0.23325249795180408,0.5197845950541715,0.8591066116431689,4.966666666666667
0.3826266843778839,0.551930120734287,1.0036394575507144,0.37780319961898057,0.12303570097358285,1.0110642578488998,0.3725451821858675,-0.31199822845417,1.002745706496612,0.3121469913708412,-0.29720420393217617,0.7872334751812695,0.38289959798453205,-0.29861413490647226,0.7931488586407294,0.35491701132476555,-0.39086714959833396,1.0849324171546753,0.17827445024405372,0.5306621413459449,1.0498749167256711,0.16756291157956132,0.11429532150547317,1.0430443149853248,0.16321775152310689,-0.28916540046323286,1.0236370370214969,0.16277348528451427,-0.2914749104775055,0.8193079757229978,0.11061097794592845,-0.30754654242394125,0.8715233866283981,0.19102398186220923,-0.36384040469404794,1.0704668149727554,0.28012175980008547,1.1175829696905082,1.063817817338327,0.2756654538417374,1.3718717099524245,1.0331181958372397,0.2718895492660911,1.2470124834585532,0.9862621746740007,0.44590709408970025,1.0196164085876909,1.035909092165098,0.44639707500379744,0.7554187164425566,0.9471396798682912,0.3156525340846726,0.5967770878192773,0.8438828920378199,0.2243408057200226,0.5209777350941693,0.877711369276708,0.2216260816520917,0.5109715727637512,0.8820665209377664,0.23186396259950895,0.5149630354749635,0.8537162829124885,0.12950383361192624,1.012697586554666,1.0978330835354113,0.09493477609565637,0.7734366604404794,0.9957631210583615,0.19920552119036103,0.5982216295659563,0.9126906060702968,0.25120893790760246,0.5429150124316985,0.8411620564176169,0.25278566301038297,0.5282674810097908,0.8411826800327563,0.23318853056704378,0.5194139436412334,0.8590664358817466,4.983333333333333
0.3823051294108786,0.5511161776028877,1.0065581943500022,0.37736928155865196,0.12283913487992215,1.0110099198207507,0.37337201297758554,-0.31213863224243477,1.0029481375320222,0.3107288019499067,-0.2965983645222442,0.7866225947217443,0.38257003050307953,-0.29835193550855904,0.7929551303522884,0.3561110277936875,-0.38937601565726754,1.0828116728708612,0.176887627869129,0.5332748389478006,1.0503903277561093,0.16788543380307175,0.11440930854443249,1.0431145305464056,0.16325981466284928,-0.28949603840588944,1.0233447532309718,0.16271528229244825,-0.29040374720582823,0.8201125926944065,0.10959775628590022,-0.3107879154989797,0.8757965931209022,0.19023558523170675,-0.3652926365560397,1.0699541187352515,0.2800892886345832,1.11759543792614,1.0638481620883364,0.27566062442558475,1.371899682207464,1.0331077007092762,0.27186221433080815,1.2471073828582493,0.9861400837717702,0.44482251744900125,1.0192656753697218,1.0375971546654348,0.4466816090640596,0.7568907823288891,0.9447670706610405,0.31559307901780176,0.5988672952092001,0.8420648845904756,0.22572121291774638,0.5199196742264022,0.8802777698464854,0.22399534733312657,0.5109621609671879,0.8824910370204405,0.23194181570130934,0.5154746411362567,0.8537386136462679,0.12943826703507275,1.0133018614513012,1.0976316467808984,0.09500180043707421,0.7735166569694254,0.9956848649898322,0.1996371488628359,0.5972747792628026,0.9156945445659698,0.2534117022158175,0.5425084292074374,0.843440731201888,0.2547428976172933,0.5278257855438453,0.8439847696881486,0.23305011674042403,0.5194975135511157,0.8590753481917491,5.0
0.3818662897051017,0.5499949488948119,1.0105167928278118,0.37676376584979165,0.1224275038618266,1.011001633647416,0.3744541746471755,-0.3124677430720855,1.0032474423860045,0.3084934134609328,-0.2957195593007649,0.7857404789910345,0.3818010138528694,-0.2979789518294286,0.7926893022261705,0.3575591341687412,-0.38755585843934043,1.0802239055234475,0.17509533372222147,0.5368841151576745,1.0510786821874245,0.16855688133789437,0.11465355916421505,1.0432521029118869,0.1633163409159774,-0.2898598595306483,1.0230007764146105,0.16265187575867437,-0.2888774995044388,0.8212808744296766,0.10822630355716209,-0.31529260845736273,0.8819483876644971,0.18917673321871736,-0.3671744288943626,1.069276430282817,0.2800422678610424,1.1176163473712126,1.0638761408383648,0.2756431118784875,1.3719616805395833,1.0330469946552023,0.271972155488804,1.2473485370760697,0.986357526499289,0.4419417181895675,1.0190383637443485,1.038912461274025,0.4467357063605205,0.7577558811556365,0.9435690897078268,0.31481868733275176,0.601286140698007,0.8432599154614173,0.22592802754002259,0.5174651550162579,0.8865472743719028,0.22634244648575075,0.510565827884327,0.8853810864296082,0.23205220711909244,0.5185324048559492,0.8544716158885239,0.12929886908704594,1.0151549197266996,1.0977243899129216,0.0950722831169551,0.7737051171349167,0.9955148794266656,0.1994845553948729,0.596727988250171,0.9196266002728554,0.257381907996427,0.5407436299850157,0.8493634273390367,0.2574994884215585,0.5263039725156969,0.8512179723838242,0.2328358063148445,0.520305540074024,0.8591593908808719,5.016666666666667
