RHip_x,RHip_y,RHip_z,RKnee_x,RKnee_y,RKnee_z,RAnkle_x,RAnkle_y,RAnkle_z,RBigToe_x,RBigToe_y,RBigToe_z,RSmallToe_x,RSmallToe_y,RSmallToe_z,RHeel_x,RHeel_y,RHeel_z,LHip_x,LHip_y,LHip_z,LKnee_x,LKnee_y,LKnee_z,LAnkle_x,LAnkle_y,LAnkle_z,LBigToe_x,LBigToe_y,LBigToe_z,LSmallToe_x,LSmallToe_y,LSmallToe_z,LHeel_x,LHeel_y,LHeel_z,Neck_x,Neck_y,Neck_z,Head_x,Head_y,Head_z,Nose_x,Nose_y,Nose_z,RShoulder_x,RShoulder_y,RShoulder_z,RElbow_x,RElbow_y,RElbow_z,RWrist_x,RWrist_y,RWrist_z,RThumb_x,RThumb_y,RThumb_z,RIndex_x,RIndex_y,RIndex_z,RPinky_x,RPinky_y,RPinky_z,LShoulder_x,LShoulder_y,LShoulder_z,LElbow_x,LElbow_y,LElbow_z,LWrist_x,LWrist_y,LWrist_z,LThumb_x,LThumb_y,LThumb_z,LIndex_x,LIndex_y,LIndex_z,LPinky_x,LPinky_y,LPinky_z,Time
0.3253056411551117,0.9145072940241123,0.1490113368623085,0.3147623582266615,0.5575911476493158,0.20057572239137533,0.2774018393802438,0.13018801825535614,0.28353817914551155,0.2664305793793468,0.13447241344994193,0.07703512060024206,0.3346054524724677,0.13252501847487685,0.10628340781888551,0.2611688704879776,0.05429654898116332,0.3304157696466042,0.0896064049411914,0.9009186881085245,0.20986470107604052,0.10234348204445094,0.5514064502349649,0.22844988702661917,0.1258558387908752,0.1263332133238662,0.2939662939578541,0.12285445943106617,0.12556487223139084,0.06376756238617055,0.06594003121688327,0.13678119194465654,0.11511649567670752,0.140479385203452,0.07466082176685059,0.3359674579934627,0.20354746404723334,1.5418092649810162,0.17262164240976527,0.2114044817972784,1.7886890644176114,0.1652448773560333,0.20115897167605037,1.652436280569071,0.09915166761527747,0.3755455695672967,1.4229339023173566,0.1712517052422427,0.42497146003099867,1.1723877669035194,0.1068802279481402,0.34728035729300916,0.952356167403994,0.002959179628061581,0.2555863168747069,0.8454540911736974,0.015967010424951494,0.2802805284601106,0.8388525331505771,0.007342366770034484,0.3079815615731366,0.8317796218785906,0.026498365804008023,0.03812384847801205,1.4279406660533307,0.1876243326961063,-0.031934969429828756,1.1587045169863364,0.17893688127450755,0.02692864267573488,0.9470978612982802,0.08051507044448905,0.09973511822788178,0.8683470641583001,0.021127225543628086,0.07833520943782286,0.8231820398645756,-0.0020474423419291066,0.012305211270345074,0.8077864655442295,0.06334751093389109,0.0
0.3269411634708809,0.9107455821556036,0.1492331117948862,0.3153452636259292,0.556299412356173,0.2008599511504146,0.2787465624280809,0.13103495986061917,0.2811845014379108,0.2620227721410229,0.13508398650193484,0.07042831101758046,0.3293954310643995,0.1346061584638869,0.09668283444994424,0.26160978234833865,0.05368696389550639,0.3306461255772932,0.09026554481852976,0.8955373766227621,0.21648989063037938,0.10247300159275856,0.5483939945447612,0.22895541262705538,0.12671722823359138,0.1253724048010898,0.2959533110463792,0.11846139082199884,0.1223270031109806,0.07027580339594697,0.06369852158095284,0.1311442979475214,0.12096022462518523,0.13929325626573963,0.07442487355791867,0.337877763938152,0.20236619507968232,1.5400963334295708,0.17206403279021437,0.2102568809230561,1.7868594976431185,0.16160041911462483,0.19921770629760777,1.6525936030196244,0.09680077411173038,0.3761562325319261,1.420242241378212,0.16993424652929365,0.42956190760155494,1.1733217330073005,0.1092886555815403,0.35926429544690236,0.9477478905286042,0.009608466599368148,0.26751393324156436,0.844538312582422,0.014247948625073906,0.2892162599665502,0.8375949737390375,0.012880311769484204,0.3331272845842398,0.8286086954629199,0.03767474154624023,0.03811966419692577,1.4278934666610699,0.18747174608756023,-0.031674923398299866,1.1603089272044451,0.18550302762923798,0.017790381041269798,0.9497909712104418,0.07383075662014596,0.08687847162248072,0.8646791557081939,0.031352491591879306,0.07011991274302781,0.8168497954273156,0.01430384780210639,0.000650056930543496,0.8027078503754416,0.07854433021229788,0.0178571428571428
0.32826021011034984,0.9078844084938164,0.14958783546637144,0.3158602462624428,0.5552725817171936,0.20114623405173016,0.279852559337397,0.13166883935429352,0.2792243805995741,0.2588161424633982,0.13439928560905878,0.06765574548171113,0.3253163175517524,0.135548899047187,0.0913793131398374,0.26191759743015197,0.05305096924969018,0.3308590906608828,0.09106527623985465,0.8915474694631635,0.22140658775348,0.10257476691889741,0.5459731925592173,0.22937970378779104,0.12750236568413317,0.12447026808230868,0.29783907220567,0.11595428292241806,0.12010264178688537,0.07401508272214141,0.06227725393247224,0.12751013870781,0.12469171960202707,0.13836021918338867,0.07425909993763562,0.3394104669115748,0.2018373562906647,1.5391336513688134,0.1698670218785962,0.20941016494269116,1.7857998585167956,0.15898569112053818,0.19810023733158347,1.6527604118607613,0.09442357752016586,0.37690188214514736,1.4184686387871916,0.16781315317883613,0.4339242941116979,1.1741115937232813,0.11322261201042014,0.3694193095602977,0.9440483001501032,0.016455811901119263,0.2788506367523798,0.8422019640855603,0.017243142780127646,0.29780940334373623,0.8343759419745184,0.02222423179360586,0.35231860063253995,0.8280043276080943,0.04137238899444701,0.03813306735535725,1.428222239634484,0.1872977623515806,-0.0314868579378776,1.1614794078091453,0.19040125054394372,0.007436390829956171,0.9495298354729959,0.07741960373270952,0.07378856922706634,0.8604706828669051,0.04387151758809331,0.057502443912275866,0.811211143347734,0.03242917230880518,-0.010207985873874148,0.7979829636358858,0.09507088661978152,0.0357142857142857
0.3292854634389948,0.9058493052653087,0.15005684864262314,0.3163102331805902,0.5544892167579198,0.20143143781412687,0.2807391645658711,0.13210900240097068,0.2776276429963883,0.2566313159544596,0.13283127986734494,0.06782614392186954,0.3223073191236602,0.1356608666150519,0.08942404670286644,0.26210451973947846,0.052395443117474585,0.3310551118167901,0.09198419862859213,0.8888222006129504,0.22477365763168217,0.10265139042763038,0.5440930432523317,0.2297298490079252,0.12821377510122006,0.12362427763187409,0.29962259311039896,0.11495454986683373,0.11870950653807193,0.07558766860792704,0.06151513625437276,0.1254909754738711,0.12671691953385616,0.13766398471710292,0.07415524515607895,0.3405938966491548,0.20181725100529554,1.5388065211744546,0.16649942866900475,0.2088216072948705,1.7853266232037572,0.15723218636060865,0.1976648518351011,1.6529327266587217,0.09204076333082686,0.37771151780638956,1.41748733567521,0.16518407343111077,0.4380142041925619,1.1747854845622225,0.11819534016984504,0.3780588082684415,0.9410985511103097,0.023524260279303003,0.2895849063840745,0.838841434498644,0.023792821582071272,0.3061385681758827,0.8298219574077721,0.03374875653466963,0.3665847678212063,0.8291225654801058,0.03990586343122032,0.038159182364471654,1.428822688819262,0.18711997799317504,-0.031429251034576035,1.1624530176687518,0.19391771331585306,-0.0036005660603557685,0.9470551409519167,0.08874537008696123,0.060458783928860824,0.8558528703590047,0.058314795766244876,0.04173147905817323,0.8062341743293389,0.051877399364783625,-0.020393682454154183,0.7937949478667289,0.11255250225186954,0.0535714285714285
0.3300396058222922,0.9045658046966398,0.1506214920894998,0.31669815142475927,0.5539278785038931,0.20171242915641013,0.28142571257118215,0.13237479466524224,0.2763641149942402,0.2552889182221939,0.13079293837282432,0.07004822626729121,0.32030764296925657,0.13524968755775615,0.08986823795333285,0.26218275328237894,0.05172726357261993,0.33123463596443214,0.09300091140816831,0.8872348040553445,0.2267499654513257,0.10270548452372036,0.5427025455981034,0.23001293678655665,0.12885398044357152,0.12283190791413687,0.3013028894352386,0.11508360578975577,0.1179653156435061,0.07559582929647703,0.06125107652958562,0.12469906949405256,0.12744176334729568,0.1371882636275862,0.07410505346332488,0.34145638288631597,0.20216218254868978,1.5390002452222038,0.16243007215553393,0.20844848141828118,1.7852562678691184,0.15617139782167153,0.1977698368652843,1.653106566979746,0.08967301703395619,0.3785141389150819,1.4171725731731817,0.16234265552635815,0.44178722247528107,1.175371541034887,0.12372008299488013,0.3854962002065801,0.9387397982510426,0.0308368564799074,0.2997052211135698,0.8348531126372049,0.03273721372286345,0.31428236404720383,0.8245595395895517,0.04582851568494567,0.3769550442534082,0.8311194562449458,0.035589720139152,0.038193133635434175,1.429590518061095,0.18695598951735118,-0.03156058067440923,1.163466815651579,0.19633857924219422,-0.014787727731815803,0.9431075745131784,0.10527181398768237,0.046882488615086405,0.850956942909064,0.074312818360309,0.024055694293326144,0.8018869790756378,0.07219739715665824,-0.030031798121542934,0.7903269456091367,0.13061449920408952,0.0714285714285714
0.3305453196257184,0.9039594390143673,0.15126310657286013,0.31702692803933785,0.5535671279806553,0.201986074797385,0.281931537811009,0.1324855618116997,0.2754036229590162,0.2546095748745886,0.1286972302215236,0.07343071244721244,0.3192564962776761,0.1346229882655693,0.091763089705539,0.2621645020649142,0.05105330868888744,0.3313981100232258,0.0940940140020093,0.8866585137735681,0.22749437639875056,0.1027396616119302,0.5417506985705309,0.23023605562278465,0.12942550566990713,0.12209063339344825,0.3028789768548613,0.11596286482569436,0.11768778738214897,0.07464183303096547,0.06132398274104227,0.1247466820166974,0.12727218996896977,0.13691676667554234,0.07410026910945004,0.3420262553584822,0.20272845424596297,1.5396001258877714,0.1581277713322786,0.20824806075161062,1.7854052686779927,0.15563481849056315,0.19827347947925716,1.6532779523900731,0.0873410241197975,0.3792387448706541,1.4173985924120198,0.15958454770482003,0.44519893359099083,1.1758978986520339,0.1293100834205916,0.3920448940099607,0.9368131964141172,0.038416645248921286,0.3092000599177876,0.8306333873167715,0.042916547894463364,0.32231940054191427,0.819215208070607,0.05683813893670493,0.38445868803231575,0.8331510470686028,0.030738514400834693,0.03823004557941009,1.4304214312056707,0.1868233934291177,-0.03193932484339133,1.1647578606259408,0.19795001162019676,-0.025592332286573767,0.9384278230227521,0.12446269373965539,0.033053056172965375,0.8459141252416511,0.09149607760426119,0.005723765730340814,0.7981376482901352,0.09293803387104632,-0.03924709818728682,0.7877620994042733,0.14888219957197002,0.0892857142857142
0.33082528721474985,0.9039557404450497,0.15196303285856294,0.3172994900687137,0.5533855262137479,0.2022492414558565,0.2822759747430306,0.13246064950493505,0.2747159932566031,0.25442339807475167,0.1271818540596707,0.07651768779065077,0.31965439680522056,0.13415819814100452,0.09403943176833959,0.26206197009314514,0.05038045654003699,0.33154598091258813,0.09524210583354119,0.886966563750843,0.22716575566029643,0.10275653409702276,0.5411865011436133,0.23040629401570795,0.12993087473894632,0.1213979285341595,0.30434987104393957,0.11703604695456679,0.11788357116648146,0.07339054874241564,0.061505502266484116,0.12508951671707388,0.12675035157037287,0.13683320462167514,0.07413263634453109,0.34233184380107734,0.20319252806064872,1.5404952939117058,0.1544362145353114,0.2081607096083799,1.7854877890561003,0.15563869960232604,0.19895433853071653,1.6534417640965366,0.08498603753466732,0.3797564909326363,1.4180328519018317,0.1573814243639852,0.44813232380042667,1.1762692928688268,0.13381145336843359,0.39827043046225696,0.9350955563630597,0.046633143223599224,0.31804981792767906,0.8271301161372471,0.05218409643708566,0.33021489160490963,0.8150712611491152,0.06290794786666908,0.3907995166531584,0.8335369875658029,0.029611095549067865,0.0382716918342324,1.4311013394841077,0.18674519985271487,-0.03284068037343502,1.1670756958708701,0.19928286129926454,-0.03469656026032103,0.9343433019656259,0.14128200294371615,0.0179540481287259,0.8398552212204677,0.111434176260705,-0.011441235442244216,0.7941146862998768,0.11496147658428081,-0.04867085391199248,0.7868359229785125,0.16758927630232834,0.1071428571428571
0.33090219095486284,0.9044802412152457,0.15270261171246685,0.3175187645572748,0.553361634228713,0.20249879585062988,0.2824783578249259,0.1323194034095402,0.27427105225288756,0.254498043558376,0.12672890613664664,0.07873434868004488,0.320756586579225,0.13445725344883078,0.09484875108903629,0.26188736137313257,0.04971558519982892,0.33167869555193624,0.09642378632619006,0.8880321879703912,0.22592296842230322,0.10275871438376093,0.5409589522913493,0.23053074046442573,0.13037261160940863,0.12075126780062101,0.305714587677146,0.11805729555321823,0.11771714154357356,0.07311437624520815,0.06161999241346651,0.1252834143680514,0.12636559475821532,0.13692128822668845,0.07419389941864465,0.3424014779495253,0.20369279386711606,1.5415860154804206,0.1515603606018854,0.20813965568610188,1.7852987129219753,0.15579147559749004,0.19980489325758932,1.6535989389249663,0.08276796076876286,0.3800016306391111,1.41904201863954,0.1560454237919812,0.45062576747665983,1.1767934029325626,0.1371447755873179,0.40424832759145335,0.9334679827687227,0.055203967810238744,0.32615416385956264,0.8241352754212098,0.0605707240539628,0.3384363163037227,0.8119602660942975,0.06465643366187139,0.39622400390640145,0.8318406443006838,0.03428095030449976,0.038306723038762584,1.4316630133723198,0.18675867294539233,-0.03409940860768766,1.1703636171963634,0.20025902579308438,-0.042619295484416085,0.9307480040750817,0.1562511470466685,0.002834868194219597,0.834585740743549,0.13073269675237215,-0.02628877010242508,0.7911084320310918,0.13547622702547435,-0.05777255753180213,0.7868746440948381,0.18562743708465096,0.125
0.3307987132115338,0.9054584735515137,0.15346318390043046,0.3176876785494089,0.553474013051092,0.20273160470051027,0.28255802151437387,0.1320811691901063,0.27403862631375636,0.2546784957068055,0.1277541826712544,0.07960725037406584,0.32188728241132697,0.1355609616590403,0.09386549145461703,0.26165287991093733,0.04906557274202399,0.3317967008606872,0.09761765490338202,0.8897286204154342,0.2239248798711107,0.10274881487690758,0.5410170509877374,0.23061648346803687,0.1307532402400136,0.12014812565718447,0.30697214242915294,0.11869249847747262,0.11729768307215524,0.07370375812787022,0.06160953546384344,0.1252137313627117,0.12627303454159672,0.13716472825128606,0.07427580258186696,0.34226348753925007,0.20408051181939119,1.5426536582686423,0.1496547691959549,0.20816279309757563,1.784785967417232,0.15557111556018874,0.2006853847117997,1.6537381378068912,0.08073195166488362,0.3799794592584838,1.4201105441937378,0.15565700713602285,0.4527517189372583,1.177497518736016,0.1397411932817239,0.4101366216554295,0.9318129773657181,0.06369929453722811,0.33359867761955586,0.8215373519434158,0.06731817439519222,0.347191727692026,0.8104129640955671,0.06168241727360867,0.40179695673352,0.8282309149799577,0.04426658795104717,0.03831287638061499,1.4320348825989109,0.1868815587991919,-0.03560291656585854,1.1741259828939228,0.20133483253681753,-0.04909521549635748,0.9287242940962019,0.167724658929867,-0.011340363462922104,0.8308441429718907,0.14786389945362705,-0.0380227288599061,0.7897077004551726,0.15346355087864075,-0.06641674612018166,0.7880169678365567,0.20185989342640465,0.1428571428571428
0.3305375363502391,0.906815969680412,0.15422609018831257,0.3178091590895039,0.5537012237064268,0.20294453472430263,0.28253430026905335,0.13176529251122532,0.2739885418050961,0.2548782312974183,0.1299002793288651,0.07933205691442095,0.32257542686551743,0.13723105710309563,0.09192302386255244,0.2613707297126202,0.04843729724038254,0.33190044375825783,0.09880231098854315,0.8919290950691946,0.22133035519305871,0.10272944798122557,0.5413097962067764,0.23067061152564045,0.1310752845894807,0.11958597656820022,0.30812155097463295,0.11887570416433466,0.11717206021851023,0.07432161260179415,0.06154731161281215,0.12507151067375877,0.12630697659559553,0.1375472354561718,0.0743700900842755,0.34194620230567535,0.20422342288608286,1.543538043210052,0.14866314916751092,0.20822509473951833,1.7840643244588335,0.15461045022567893,0.20144333645451928,1.653838956399571,0.07907550868684879,0.3797969916683912,1.4209933400213468,0.1558460362750667,0.45454481747791875,1.1781925571284961,0.14227549257260746,0.415875585302231,0.9300057828054189,0.0716561515687199,0.34046855185801256,0.8192755685464241,0.07190068224154117,0.3563417239091162,0.810457938104828,0.054970733370916555,0.40825019803182305,0.8234538851683448,0.05686122149644786,0.03827580442773783,1.4321947779606359,0.1870831921881937,-0.037285603777014745,1.1776074750320245,0.20286167988598094,-0.05381938082349273,0.9289741588712767,0.17449207912570971,-0.023892283568171024,0.8284335584139004,0.16265814098931547,-0.046610490719871014,0.790200399490897,0.16822260512782,-0.07486334050481891,0.7901744925903135,0.21657348586395858,0.1607142857142857
0.33014134273645507,0.9084782618284987,0.1549726713419718,0.3178861332219476,0.5540218272202592,0.20313445264081223,0.2824265285466433,0.13139111903748873,0.27409062509279347,0.25500836295278095,0.13234996490911854,0.0784725763166757,0.3226194526337586,0.13914384809647276,0.08992480743165758,0.26105311478424215,0.047837636768665336,0.3319903711640652,0.09995635400509958,0.8945068459148939,0.21829825957448717,0.10270322610147781,0.5417861869224655,0.2307002131363353,0.13134126861652945,0.11906229499802001,0.30916182898825845,0.11873049409973911,0.11764616192032265,0.07447929330202245,0.0615130396761374,0.12501467325986185,0.126307139420248,0.1380525206020495,0.07446850617594652,0.34147795198422504,0.2041592821069973,1.5441617333103768,0.14845133920030731,0.20835875056330583,1.7833070347390292,0.15292547699929562,0.2018437123947394,1.6538848534959902,0.07811479615582473,0.37959042919713765,1.4216118815216752,0.15609285138163817,0.4560403603163019,1.1787202933427705,0.1451198284373636,0.4213099860076343,0.9279955092714811,0.07868953614195244,0.3468221582398455,0.8174914715707047,0.07410471179360797,0.365597123031293,0.8112797146483237,0.046986782017530274,0.41576590840336103,0.8183857670195303,0.0693747683422228,0.03819632195048796,1.4322128882241398,0.18730666176390454,-0.03904887209036138,1.1803347478108774,0.20481468500309327,-0.05688119449980269,0.9311946444778287,0.17676009066997372,-0.034299424962619764,0.8268286859823025,0.17503481590993486,-0.052388246733906796,0.792773630106013,0.17836053546121305,-0.08338640453421645,0.7926881106678432,0.23072990223648823,0.1785714285714285
0.32963281473565814,0.9103708822223329,0.15568426812726685,0.3179215279911279,0.5544143846181305,0.20329822516884422,0.28225404080482264,0.13097799443348856,0.2743147025427351,0.25497088470860696,0.1344014273927711,0.077594415812377,0.32203209163103585,0.140800531768052,0.08857979437156241,0.26071223913186387,0.047273469400632706,0.3320669299975264,0.10105838337647738,0.8973351069357542,0.21498745820173576,0.10267276164242711,0.5423952221088028,0.23071237679922066,0.13155371627987933,0.11857455541099464,0.31009199214470196,0.11839968507901004,0.11853540551295287,0.07422907890504439,0.061533152923304274,0.1250707111370552,0.12622814000308263,0.13866429444962297,0.07456279510695665,0.3408870663103231,0.2040538029978411,1.544515922682484,0.14871256728678647,0.20861084007801428,1.782690403052489,0.15080798528080197,0.20167602852815533,1.65387760748704,0.07793064837380187,0.3794293437283939,1.4219544254604595,0.1561791580012541,0.4572446740873673,1.1791227169171072,0.14825748726993607,0.4263037809029675,0.9258962407101462,0.08460479654950429,0.352878578486918,0.8163217225453645,0.07427876345223475,0.37469881301522745,0.811871812517349,0.04030564844059829,0.4238524814311576,0.813912758745276,0.08023018377013175,0.038086813731612594,1.4321975558915705,0.18750163945030382,-0.04070346255455804,1.1822138220576184,0.20683892939834558,-0.0589893070838886,0.9341862196389993,0.17672122066817755,-0.0419884388786946,0.8259561529239409,0.18413558342451086,-0.056110060913401164,0.7972903339680185,0.18303336851329127,-0.09149778026120983,0.7948852565202001,0.24393372143287514,0.1964285714285714
0.32903463471332417,0.9124193630884743,0.15634222131005562,0.31791827044143195,0.5548574569255855,0.20343271902720284,0.2820361715012699,0.13054526436381977,0.2746306005208066,0.2547020078476147,0.13572393477822176,0.07693150460676726,0.32098361495309097,0.14171273878223392,0.08845910459096124,0.2603603067615458,0.04675167321004799,0.3321305671780574,0.1020869985261025,0.9002871121149996,0.2115568162611436,0.10264066700883621,0.5430859007397897,0.23071419101339447,0.13171515153824964,0.11812023227147792,0.3109110561186349,0.11788003337318333,0.11940957961704406,0.0737488533156339,0.06156953116910027,0.12519544209007538,0.12613548806534713,0.13936626775959582,0.07464470112738597,0.3402018750193924,0.2040192196061334,1.544658439583755,0.14902714910837425,0.20894787247954366,1.7823191155056108,0.1484480123328107,0.20099504685746933,1.6538388111359608,0.078172076163989,0.37931410585030223,1.4220425443893183,0.15618318670253464,0.4581114610887538,1.1795449589584461,0.15154654463694928,0.4307855219890919,0.9239561238044127,0.08940392102482254,0.35901799822585284,0.8156948636726304,0.07314234273267847,0.3833549107913915,0.8119217391885676,0.03618267501742134,0.4315584667667979,0.8107202735234524,0.08868580499542338,0.03796437794190266,1.4321979125826987,0.1876380748282165,-0.042039450618985494,1.1832298479239147,0.20851057537461234,-0.06112009784940432,0.9365903668797476,0.17738160708055956,-0.04673928118526624,0.8262202149232135,0.18887816256332918,-0.059100340461158155,0.8026132998388982,0.1842408409688317,-0.09814724516009943,0.7966550043114901,0.25435187967408335,0.2142857142857142
0.32817833262989193,0.9143771044667984,0.1571217992716873,0.3177865074971337,0.5555105179834474,0.20351259282252893,0.28170998410347337,0.1302765324767244,0.2752931627584751,0.2542234127268786,0.13619508150616474,0.07646903816519877,0.3198639151848135,0.1416005196865402,0.08996894305621721,0.2598016285293396,0.04646415939204641,0.33206339094950876,0.10276355318124696,0.9029837658441455,0.20858390895502416,0.10261877732999025,0.5437832825922733,0.23073236575070583,0.131884077732087,0.11760828225104283,0.3118466133476127,0.11704396595892416,0.12001062131460571,0.07310280614944654,0.061547976177530314,0.12533962266752974,0.12615572613113063,0.14009218377231883,0.07453321487527065,0.3397325141690755,0.2040512641933271,1.5446950281157843,0.14917047369777683,0.20927283146185932,1.7821541049769567,0.14585471482386003,0.20007628463111254,1.6537954182354047,0.0783430650838178,0.3792322583381085,1.421999130698925,0.15618448827855083,0.45861037862453935,1.1800420450549887,0.15488996656777443,0.4347488265804039,0.922411492381134,0.09330144759556566,0.3653852410497091,0.8155200574324544,0.07123994861202686,0.39114306537269095,0.8117270980794005,0.03456574828027982,0.43784791266699635,0.8090243416649734,0.09435613491520486,0.037846637377340606,1.4321951360982355,0.1877033283408173,-0.04291198967028875,1.1834163293531235,0.2095829617405112,-0.0638076334723021,0.9375253742454636,0.1805954307389488,-0.04921597857485789,0.8276642421579881,0.1893531338168679,-0.06285609200907698,0.8068306254634151,0.1859262337169657,-0.1027317162982205,0.7982927933630461,0.2604319172337839,0.2321428571428571
0.32733294121276296,0.9163949009085447,0.15750071372687877,0.31766216505890793,0.5560946823406943,0.20354993222683346,0.28153043311283943,0.1302417040694401,0.2755983447501289,0.25366827919588214,0.1356732732932061,0.07632927101331574,0.31931029376079967,0.1403401747129287,0.09327298999866732,0.25944355989730666,0.04604449231616311,0.3320959287520693,0.10339708281412985,0.90521432259354,0.2061893684600269,0.10262139430568094,0.5442003545858931,0.2307470617929474,0.13199740725762651,0.1170490275148588,0.3125504972152634,0.11586316200437273,0.12039626623617933,0.07231090911911879,0.06141613892812636,0.12547420145484994,0.1263737818694657,0.140966647430598,0.07448245724706067,0.3389568275810027,0.20410356617440362,1.5447113870305729,0.1491786394951075,0.20951321537002005,1.7820228709150974,0.14313113708380157,0.199151895742808,1.6537607166701325,0.07822327902129231,0.37918238666844384,1.4219812280675488,0.15616612394914853,0.45876769272017087,1.1804889882358554,0.15791815483265723,0.4382200866873931,0.9212821886625226,0.09669903886134981,0.37176765231203934,0.8158364685196738,0.06908647621164407,0.3977113132391069,0.8113561948690906,0.03528232524491766,0.442089961830984,0.8085450819203717,0.09747499351093007,0.03775202866576716,1.4321666436767628,0.187696948196906,-0.04330460981914301,1.1830556215730679,0.21014848512713685,-0.0669031352434373,0.936709992107379,0.18646098472060252,-0.050629957040023627,0.829426424650596,0.18743917257503873,-0.06809447327434899,0.808557867580359,0.19030248780925313,-0.10551679253780133,0.7999745007825028,0.2624283349874248,0.25
0.32662386370801283,0.9182445779202921,0.1575291169729597,0.3175647825196297,0.5565229514802588,0.20352567120842346,0.28146660830033454,0.13026915768385489,0.27565192885518064,0.2532708456841776,0.1341689249634137,0.0768088135883789,0.31988751765779516,0.1379781739420167,0.09807029668345202,0.25929386993087256,0.04560406252184195,0.33219380974199375,0.1040226727177773,0.9068895183793346,0.20450687899178227,0.1026381156257495,0.544350070565664,0.23078472978772696,0.13202701885145796,0.11657117825745991,0.31296406912916563,0.11459274317463324,0.12072104960077726,0.07148779330220711,0.061173791043282716,0.12558480940791725,0.1267737047911838,0.1419438857950245,0.07447798540194286,0.3379352093077499,0.20415209168016518,1.5446595039214623,0.1491507551217542,0.20964041221552066,1.781707529661473,0.14057869686286648,0.19832437332057962,1.6537322258031393,0.07789732013197964,0.3791688089995662,1.4219951814352187,0.156113310984754,0.4586943787792559,1.1807004286730598,0.15985041680913556,0.44127676738096877,0.9204354372083773,0.0998912721760767,0.3778783646295096,0.8165374889692101,0.06772318886464444,0.40313300626772763,0.8103824678132614,0.038694429708025946,0.44447481902710384,0.8086704154047578,0.09921316708190828,0.03769584319985678,1.43211772166616,0.18764003440686014,-0.04330415517339839,1.182516427313049,0.21069542600727081,-0.06999396439054152,0.9343932709935985,0.19417992233518006,-0.051743461503844956,0.8304394255189043,0.18549582069590465,-0.07405106281544735,0.8077625075150957,0.19654584511608353,-0.10714973714486492,0.801503123434554,0.26241796297647707,0.2678571428571428
0.32610724182401296,0.9197453327563084,0.1573977262267658,0.3174760778025135,0.5567324460064169,0.20343382099385598,0.28145361948365155,0.13017570029120115,0.27565214619844275,0.25326608958782093,0.13216185646562978,0.07802547038238011,0.321628151658382,0.1348401992355241,0.10346818488454858,0.2592640415491946,0.0452815868386648,0.3322894597689619,0.10458406792932583,0.9080671640405076,0.20361513324555364,0.102660073124942,0.5443180837468938,0.23087731053877636,0.1319566565029168,0.11627262095674398,0.3130713155606438,0.11361372380426393,0.1210856339447041,0.07081642731614406,0.06085583795647092,0.1256758423172035,0.12726405261756996,0.14290750383194437,0.07442394736740679,0.3369928162162788,0.20419824305519937,1.5443553720054521,0.14912936754175732,0.2096476355388903,1.781082216086712,0.13842774179772593,0.19765780278322848,1.653704854087287,0.07751692847731559,0.37918846691396,1.4218817977845442,0.15609856516093867,0.4585178162927621,1.180596783426617,0.16012812256977635,0.44402151864404427,0.9198524247982539,0.10287704910129088,0.3835249202095193,0.8171247144595623,0.06853806374751377,0.4079262550542506,0.8084799260257008,0.04502761868704988,0.44586660632907194,0.8088066094985505,0.10092181586522225,0.03768106713974844,1.4320629212923575,0.18758731159217978,-0.04296377042359354,1.1819382695543859,0.21196020420935524,-0.07273182786108559,0.9312813145678426,0.20271086809214406,-0.05241666774310945,0.8304374077096768,0.18465787728627459,-0.07899968654048534,0.8055399807587627,0.20278383566244879,-0.1080856243953345,0.8025154923596131,0.26254405488608734,0.2857142857142857
0.32573086843892296,0.9209173958339997,0.1572591252799595,0.31739542149084626,0.5567639958917125,0.20330284933567971,0.2814587327338171,0.12990027835268209,0.27570098614342914,0.2537114191527793,0.13030625212962801,0.07976902916858883,0.32395983642466364,0.1315295779877197,0.10826215704003875,0.25925221214364336,0.045151433333668875,0.3323346146186766,0.10497806862218496,0.9088703751364702,0.20341296090207067,0.10268552252412597,0.5441928837828739,0.23103200762020615,0.1318032839150005,0.11614256609808568,0.312949666559413,0.11312431456463223,0.12152410521948456,0.07038720166190883,0.06050646297748596,0.12578479111916582,0.12770945107436632,0.1437600797575435,0.07419645202504577,0.3364661204391501,0.2042501273121508,1.5436639622413524,0.1491111464987695,0.20953966262798085,1.7802397460639932,0.13660794149010339,0.19723916990308027,1.6536799901874142,0.07717269117928308,0.37921722708770894,1.4214966148390427,0.15627333719825806,0.45819027292710457,1.180252501693153,0.15902238090137258,0.446462511312822,0.9196112800198526,0.10554688871886103,0.38849759713028265,0.8169706398772247,0.0724432997987156,0.4125375127237333,0.80587314455137,0.0536454623764652,0.44705956030094784,0.8087035302944071,0.1030223693321191,0.03769886305426179,1.4320017417950588,0.18759847667509016,-0.04222780665641232,1.1811950789513221,0.21448946333029828,-0.07473375543788953,0.9281919642047458,0.21062647025234518,-0.05214862794641194,0.8299633778855173,0.18477457543207926,-0.08155552866000855,0.8034003545974203,0.2076561916913747,-0.10834196031076745,0.8027792292351404,0.2633277605085381,0.3035714285714285
0.325395616768019,0.9218861412336078,0.1571478310696871,0.3173751209396313,0.55675673197581,0.2031825565349536,0.28148131816559213,0.12947125941846155,0.2758046956724243,0.25439881491471905,0.12882948154658191,0.08171859556958835,0.3261025353972202,0.12871008847972604,0.11162169286266099,0.2592244839540157,0.045207831445632424,0.3323235267122352,0.10514960351282183,0.909363501622676,0.20355064269374934,0.1027105798334977,0.544061837383528,0.2312256666066797,0.13161316040492313,0.11608866801716358,0.31278198878110547,0.11315415111621403,0.12187435405474968,0.07016212911800682,0.060170375907818395,0.1259573493530245,0.12795568490903272,0.1444992672312353,0.07379956416844827,0.3363870481136168,0.20431462467832312,1.5426247517652154,0.14908782511744867,0.20933910454767482,1.7794855478441962,0.13494767645437578,0.1971389204834903,1.6536623321399484,0.07690266169441337,0.37923274979082877,1.4208380314044506,0.15670933853092942,0.45752426422670556,1.1798569031892967,0.157351781840316,0.44852802970354055,0.9196748389409253,0.1078281661919402,0.39237976537351515,0.8158278966963775,0.07922469055869726,0.41669462065220386,0.8031180148126869,0.06339757522494295,0.4481061505441779,0.808303242794666,0.10503005501434422,0.03773792292828317,1.4319119555192417,0.18768565888778854,-0.04097978173876843,1.1799588893124033,0.2182760967225716,-0.0754718080229325,0.925693322760176,0.2160583666819446,-0.050811636652956224,0.8295778971963496,0.18542748135720113,-0.08123613189339071,0.8024788852375336,0.21018758634881474,-0.1073820845394602,0.8023457853585908,0.2637510071248029,0.3214285714285714
0.32502621500421525,0.922742346157977,0.1570252685999826,0.3174509412939069,0.5568287770880925,0.20311826968517366,0.28152946635264103,0.12891569389970775,0.2759446029264757,0.25504366158589786,0.12755811558781724,0.08367134708838414,0.3275805545055789,0.1267650426967974,0.11358390548540367,0.2591917142642664,0.04539930442299613,0.33227201551947283,0.1050934309424289,0.909540783167229,0.20366948266799428,0.10273020574932755,0.5439805060289831,0.23143229049838804,0.13142763115782696,0.11603449777513677,0.31273183408244726,0.11375721099798804,0.12175620874836651,0.0701660561078371,0.05990731374959672,0.12615124593435745,0.12796764641116962,0.1451710069619232,0.07337386723116354,0.33653694146669,0.20439555751231892,1.5413929280210799,0.14906099557818162,0.20910727066985857,1.7791802302015467,0.13351871293770984,0.19730128377523495,1.6536510302055918,0.07672225927499074,0.3792765749789129,1.4200372369109031,0.15715035109704023,0.45644878062561856,1.1795809995706916,0.15573159677595527,0.45014974493964377,0.9198271238179317,0.10961343198122382,0.3946135052414455,0.8139705935871187,0.08759846649053406,0.41938086939680713,0.8006989153707674,0.07319723708903131,0.44845700310403624,0.807535943781307,0.10640345941942762,0.037787369023948164,1.431780179315732,0.187807307935857,-0.03911714887587031,1.1779339478630428,0.22281747268549112,-0.0744776695358096,0.9241426609002935,0.21736534187323964,-0.048835915110675344,0.82929485828082,0.1865177135554986,-0.07816095822810086,0.8031479486309606,0.20950052219375076,-0.10438175926576292,0.8016150335904579,0.26234207555572314,0.3392857142857143
0.3246230938049826,0.9235373297599697,0.15678190912124595,0.317567086810925,0.5569910773554545,0.20311701574468496,0.2815994865332998,0.12826372087753427,0.2761016292954569,0.25558193791722283,0.1262921599959707,0.08558384617594056,0.32845051368931555,0.12557801442947567,0.11487928416667914,0.259164340256471,0.04568993746949224,0.33218641610953137,0.10481531097265515,0.9094130130854079,0.2037124920444533,0.1027443622471201,0.5439326606736404,0.23163691526477412,0.1312581748181216,0.1159887973441231,0.31279856805515793,0.11493572343032991,0.12087829018012247,0.07068063902479946,0.05979618004747968,0.126202951899724,0.1280342097713197,0.1458119069358695,0.07305367926369642,0.33672273362474964,0.20449014469117613,1.5401532681062942,0.14903106450801576,0.20893366717632758,1.7795721455072857,0.13259435897308364,0.19751528636665908,1.6536378143757386,0.07662466554376818,0.3794537711614766,1.419278669551716,0.1570612487709315,0.4550741205388509,1.179450207999324,0.1541927456441042,0.45121230889318764,0.9198111121474354,0.11080016491263503,0.3948063941892891,0.8119783274922089,0.09590521759029719,0.41959385671847194,0.7989494559081757,0.08195738562515491,0.4477747329175329,0.8065622747126141,0.10704048631556567,0.03783495536633613,1.4316665270771354,0.18790501330127657,-0.03659822298966733,1.175340930704951,0.22742624263535857,-0.07170756452817921,0.923657427029215,0.2141024685372957,-0.04680683767674959,0.8288061673461522,0.18798708824247284,-0.072847592485904,0.8051367831742731,0.20535301452964705,-0.09890743000645469,0.8011445255300529,0.25800164939889275,0.3571428571428571
0.32424929871135705,0.9242522708575984,0.15628643386867755,0.31763137987668555,0.5571676721094028,0.20314186666719913,0.2816790759537831,0.12758248414434176,0.2762548039580512,0.2561740934540855,0.12494393202887188,0.08742284231209249,0.32904256601137527,0.12476410707983704,0.11629976259249297,0.25916888969420676,0.04606173454978462,0.3320655173576948,0.10432524668572922,0.9090506833811093,0.2039134011474366,0.10275864307052011,0.5438590860685346,0.2318254298772796,0.1311018141459034,0.11601912100290629,0.31285600445184825,0.11641072791614172,0.11932976880314976,0.07203101493205936,0.05986634722912047,0.12601736888077683,0.12862713725460775,0.14642713480636488,0.07286042773676746,0.336891201739547,0.20458677507430512,1.5390816257135729,0.1489929414568273,0.20885508596747765,1.7807026765270502,0.13230222864435923,0.19759745767086,1.6536139944128774,0.07656843707767672,0.3798365676075718,1.4187146016663774,0.1560564318388816,0.4535855243638588,1.1794053507025863,0.15244267155548114,0.4515040179314328,0.9195794180410866,0.11139478451135565,0.392954167651825,0.8104692693844594,0.10275473381149386,0.4170945481769956,0.7981532140211035,0.0885588834589761,0.44631162569309657,0.805820698279149,0.10722493620177713,0.037867211422534124,1.4317090240035486,0.187929410481812,-0.03347491148433015,1.1729814680383976,0.23158309284699888,-0.06766146069897104,0.9238800142199874,0.20743713543776543,-0.04484234718111062,0.8280716760025781,0.18917867788569045,-0.06626713189993444,0.8076182570572875,0.19917406687990966,-0.0912346547751717,0.8013251890526387,0.25027731712558376,0.375
0.32395165999609304,0.9247480998117923,0.1555424247861991,0.31760953089167,0.557234339839346,0.20315441139345744,0.2817745016602024,0.1269409100399615,0.2763940565466664,0.25695960791587874,0.12358575961819912,0.08903646357373945,0.32954260818447356,0.12411788062442478,0.11812261013569095,0.25924789076065535,0.046474142236019166,0.3319195648305482,0.10363373954764644,0.908545465807629,0.2045373351680269,0.10277838229644184,0.5437376442544126,0.231973559117513,0.13095987140073168,0.11618602041745918,0.3127993646058475,0.11771073668521032,0.1175115303332654,0.07407628714124681,0.06004886602996837,0.12568242374579344,0.12988628483882173,0.14695722383617912,0.07271453998098253,0.33703636528499314,0.2046695039081951,1.538308788180523,0.14894677884091273,0.20881970412123596,1.7823457060833945,0.13244313421040108,0.19755798342458009,1.6535765301237417,0.07650251932325255,0.38040383351394724,1.4184360073968876,0.15415874207426317,0.45224883329618815,1.179421925216137,0.15050357592005617,0.45081383733789493,0.9193672884166808,0.11134420684995272,0.3894556547822263,0.8098329023104477,0.10727899602385914,0.41237475685239744,0.7985002558845136,0.09235867399896491,0.44434617320339187,0.8056063261979179,0.107317701808188,0.037873843772067525,1.4320169348481258,0.1878576216961699,-0.029961076768392183,1.171618783379034,0.2351488695582144,-0.06303659352878335,0.924214999891593,0.199518888103278,-0.04237183791623743,0.8275103236337799,0.18875018064980167,-0.05974212839608893,0.809352955307225,0.19377314526424172,-0.08221160186056647,0.802286780518236,0.23941279936904858,0.3928571428571428
0.32371875081469675,0.9248464724442603,0.15473065414192225,0.31752552671461964,0.5570680738313774,0.20314856672962617,0.2819119896377172,0.12636810069597534,0.2765301220321609,0.25796288400000716,0.12242524750445012,0.09027077213318087,0.3300054147179221,0.12355486361422167,0.12011977114959403,0.259415249010929,0.046888740473859436,0.3317650210139513,0.10274896239226156,0.9079574378221865,0.20566510922852405,0.10280060799072499,0.5436066753245955,0.2320450858593351,0.13083709705198515,0.11649678127994728,0.31261805942208143,0.11852050002933492,0.11582039625631892,0.07616551244357367,0.06026534285549259,0.12527029788497182,0.13144259152940518,0.14729178292340808,0.07255693426064552,0.33713097899442196,0.20472808165655618,1.537892194222228,0.14890291067743933,0.2087715234978169,1.7840318364537373,0.13267583091894858,0.19750454756970515,1.6535274184875426,0.07641054339145203,0.3810778456575378,1.4184819848656094,0.1516615575648789,0.4513463633983557,1.179486223952442,0.14877581164719925,0.4490799975336688,0.9194365354983376,0.1103966373840382,0.38492899717177403,0.8101062714648881,0.10925828164334297,0.40611788926835846,0.7998693314296509,0.09361818312132276,0.44168160045305704,0.8058508887670854,0.10754722278280249,0.03785980613822487,1.4325775917576817,0.18771530988121482,-0.026420251733515566,1.1714617581960096,0.23824482312881362,-0.05831260054559646,0.9243854437234463,0.19233167190177736,-0.03856131754025199,0.8277446354334885,0.18534649338958967,-0.05429118470439911,0.8095113909675673,0.19065288426629556,-0.07305421084382183,0.8039603703998575,0.22644273920604333,0.4107142857142857
0.3235204455934859,0.9244616215750514,0.15406312497531208,0.3174091572808607,0.5566278311039359,0.203136666510549,0.28208944880448017,0.12586975935223735,0.2766767180838675,0.2591624077059516,0.12171444774114837,0.09102570142368095,0.33056022853624745,0.12287935730331247,0.1218838655221649,0.2596477093716476,0.04730879298063335,0.33160961538289385,0.10168363080514044,0.9072828793554913,0.20711895424521093,0.10281301614180371,0.5434999581502485,0.23200807846506316,0.13074062669541275,0.11689654562568047,0.3123731177818188,0.11882439539640546,0.1145337715305712,0.07766894589424912,0.06049482588856079,0.12476849225672401,0.1327843012336851,0.14733755042708593,0.07248007622182676,0.3371527606345383,0.2047614241638646,1.5378069479776801,0.14887018932609042,0.2087110004157199,1.785242586821046,0.13280735655266393,0.19748861800052095,1.6534700372273112,0.07631312031358317,0.381777759029322,1.418809440333568,0.14893437751439437,0.45090212329954577,1.1795119008784722,0.14730459916365848,0.44645032887414193,0.9198353918224355,0.10838050070694774,0.37998961258538066,0.8110314024348602,0.109137085856967,0.39900589692896926,0.8017059757529832,0.09337077021738252,0.43804858012964076,0.8062581135554433,0.10814260350533915,0.037846636309967666,1.4332840093137722,0.1875648795781904,-0.023202321427118415,1.1722200423621698,0.24095417000038474,-0.05381530042119019,0.9244962700204682,0.18712699181894837,-0.032812010545692404,0.8292957354888236,0.1783387501323962,-0.04973370901347081,0.8085715211402881,0.1880296195881137,-0.06493386209341535,0.8061749898710092,0.21309124194264023,0.4285714285714285
0.32335134575709534,0.9236223919975732,0.1536858356778713,0.31727351671297715,0.5559650128229684,0.20312601673485242,0.28224700456292656,0.12545914270281547,0.27681868373966273,0.2604494188537599,0.12172924741844376,0.09108756370377585,0.33122693270738574,0.12200377813433388,0.12301014836194737,0.2599157062905381,0.04776477476958421,0.3314539400677381,0.10045740117752473,0.9064844654758686,0.2085966592947392,0.10280630121417994,0.54339820596368,0.23186790481475028,0.13067797977511567,0.11731843395986308,0.31212838062175235,0.1187950500034877,0.11395898290990003,0.078341584273815,0.06071708039022769,0.12423374664629255,0.1335639553304322,0.14707654337322842,0.07267481342724384,0.33710740163470415,0.2047741095867458,1.5379239923537789,0.14884597986982567,0.20866342749438963,1.7856524333592978,0.1328316926755582,0.19749932141838983,1.6534083133729696,0.07623725315656835,0.38243277413233057,1.4192582486884655,0.14636802585540626,0.4506046768530767,1.1793768988663613,0.14558556032843525,0.44322193022093437,0.9204722255994419,0.10548187850812514,0.3752038017672358,0.8121738552293691,0.10774575250606784,0.3919303180355354,0.8033198829236047,0.0928778746270737,0.4337407586257549,0.8064689872904416,0.10937214906791971,0.0378527580325047,1.434016588930209,0.1874578206338965,-0.020535065971319044,1.17341858487849,0.2432586416406269,-0.04993994513745696,0.9246746446114967,0.18445275423846724,-0.02487190185138196,0.8323616915839784,0.1681513632738374,-0.04478196805724923,0.808095630317612,0.18272727867145414,-0.05849980251843567,0.8087417352722043,0.20122347342770158,0.4464285714285714
0.3232089693320068,0.9224226476122355,0.1536814349320188,0.3171290233637889,0.555151405720987,0.20311825862731228,0.28230254888322526,0.12515111319408187,0.27690819760599167,0.26156083643585215,0.1226686369851172,0.09008930213406867,0.33172258514256237,0.12117620392775744,0.12314486345814607,0.26019856893345966,0.04827567097371488,0.3312985771089689,0.09910570560737764,0.9055789198146237,0.20990937635660875,0.10278733703981781,0.5432486321208383,0.231678752111302,0.13064928555933536,0.11773937540080072,0.3118987999561049,0.11862273954351756,0.11436524428237596,0.07821510191345227,0.060887722923116935,0.1237634314104376,0.13360245566535434,0.14658003869046807,0.07319930775471677,0.3370136604007697,0.2047727005600349,1.5380571150415199,0.14882081612971257,0.20864320426842858,1.7852486027774308,0.13279328732257165,0.1975143021437159,1.6533490317573651,0.07619537475908503,0.38296659649835585,1.4196255322854472,0.14436581200790755,0.4500343901785705,1.179113704304629,0.1432428568424503,0.4397055267023062,0.9212883069847042,0.10211735676029693,0.3710829750653866,0.8131191596345297,0.10584422313607496,0.3859431899762338,0.8043322800369694,0.09296909481280612,0.42955766378563565,0.8062412081313621,0.11123155075258684,0.037883126837521416,1.4346799998052524,0.18741306472302063,-0.01855270387644256,1.17462434011373,0.2452372513627628,-0.04697190710740412,0.924901672128599,0.18403975509431614,-0.014874848418746254,0.8366983334041803,0.1560661595888565,-0.0383399413497805,0.8095207075492175,0.17326849720914,-0.0538734017370896,0.81137645470245,0.19214784457967915,0.4642857142857143
0.32305798719542234,0.9209921697953938,0.1540345523260888,0.3169957926367551,0.5542432524533087,0.20311450074936852,0.2821997545113608,0.12492887685891779,0.27690407918906107,0.26219136682537847,0.12452665469942438,0.08769656087716649,0.3316957845050189,0.12097460964715118,0.1217337421410974,0.2604791697409526,0.04881265039584239,0.33114815950070964,0.09767904970465688,0.9046314550315978,0.21105524874330367,0.10277204988043352,0.5429950299509945,0.23150356060244898,0.13064507049777002,0.11814798365535528,0.31166765617630376,0.11839717613461401,0.11567610902437103,0.07737991390791911,0.06097520618965126,0.123386145373227,0.13283167479358216,0.14596035923038267,0.07387440691076733,0.33687980914072885,0.2047636027173889,1.5381048277830092,0.1487887755306761,0.20864783061221415,1.7843328340277296,0.13272784926462888,0.1975221265591452,1.6533043468007054,0.07618239562681661,0.383300420872888,1.4197991179638751,0.14325407492839376,0.44892936756420754,1.1790093234699124,0.1404396078202379,0.43616828251229367,0.922261164633848,0.09869704670502956,0.36790704536348146,0.8137005515389777,0.103759343968286,0.38172262906138343,0.8047648787254489,0.09366539171500343,0.42617590228357083,0.8056188947934932,0.11324423223280518,0.037936504304716887,1.4352144660325876,0.1874295231457224,-0.01731956428869108,1.1754569498921992,0.24704488803369207,-0.0447876465409593,0.9251407103399661,0.18470224928728315,-0.0035176208212805687,0.841656072934697,0.14371642231997073,-0.03031134592356343,0.8131280848008722,0.1603233945681405,-0.050887538255195056,0.8136526405382511,0.18622593680972033,0.4821428571428571
0.3228621811169335,0.9194348397935693,0.1546687213348697,0.3168870186888279,0.5532888042985762,0.20311304965966637,0.2819346916410031,0.12473707243852859,0.27680908843030366,0.26216333974307443,0.1271554684581738,0.08388528151105844,0.33101658849691096,0.12202411487860193,0.1181868644937317,0.2607400274566843,0.04930750220778186,0.3310116043259805,0.09623909541382726,0.9036540676763246,0.21206976185504073,0.10276552278350529,0.5425992837756823,0.23136541606599242,0.13065258915070424,0.11847903318072966,0.3114298337050883,0.11815116252039329,0.11739503306089624,0.07597304160325428,0.060975199728363724,0.12306963187491624,0.1313275225706272,0.1453317495407284,0.07447940755189261,0.33668475576639095,0.20475199968333901,1.5380878629219588,0.14875101021555065,0.20866485124739514,1.7833891547437395,0.1326683775085789,0.19752210315151833,1.6532931457950895,0.07618613672229696,0.3834092049426625,1.4197975123164268,0.14307168943162635,0.44737737239143016,1.1793643429545677,0.13765998891656583,0.4328985974016074,0.9232943355051484,0.09557846927354102,0.3655526554964291,0.8140078578612272,0.10139118384259327,0.3790844083965074,0.804854524260902,0.09434255930526347,0.42367645911986884,0.8048485385607904,0.11480726957758221,0.0380035430540545,1.4356169130175038,0.18748694089797976,-0.016781425681582852,1.1755639032768683,0.24864107484345802,-0.042920107443292534,0.9255234005419873,0.18477809591907837,0.007954311537052228,0.8463764851134546,0.1327551851040848,-0.021074645932533997,0.818057392972588,0.14533621108704237,-0.04904700791420259,0.8152446865464253,0.18284880545735022,0.5
0.3226237524139234,0.9177780345162874,0.15555687765112663,0.3167800105256127,0.5523158005039935,0.20310463838972198,0.28155798785599073,0.12453097751632505,0.27666017869305626,0.2615271156549401,0.13024424919989006,0.079108421301055,0.3298172732680307,0.12429629785220565,0.11295516590558195,0.2609708214807058,0.04970752796326738,0.33089494345290243,0.0948712598039984,0.9026166172134638,0.21285702912692772,0.10275873011156914,0.5420561279888833,0.2312488893019796,0.13066429047426262,0.11864998293674513,0.3111958989590272,0.11795821712275521,0.11893032277608863,0.07433169698565656,0.06091437223410171,0.12273772712917191,0.12943640212470486,0.1447953382955696,0.07497593284521817,0.3363702401291705,0.20473880521689353,1.5380557889345834,0.14870966490023046,0.20868255077663145,1.782816767599499,0.13263739381184536,0.19751784704878306,1.6533378628426763,0.07620048606153537,0.38337037657728246,1.4197136773956045,0.14344077282062234,0.4457610796914874,1.1801670170650824,0.13531228231449716,0.43017614017879174,0.9241310419188279,0.09309308364038901,0.36357724556912174,0.8141359506152843,0.09860218569006514,0.37718231562985627,0.8048704532537121,0.09424527219450464,0.42171384650495203,0.8041028775692884,0.11593278784349546,0.038060549490038134,1.4359228753783218,0.18753696862472383,-0.016746755302999697,1.1748091428047012,0.24975739161390026,-0.040914434767446675,0.926333226720132,0.18294544747358651,0.018136905908598018,0.8501401731662255,0.12452928527729194,-0.011015187232314228,0.823134013254714,0.12973078129920396,-0.04759546772180207,0.8160826620948411,0.18078994698051326,0.5178571428571429
0.3223597349844349,0.9160438536031219,0.15666424697079934,0.3166184893013657,0.5513287101730436,0.20306924353402542,0.28113777214189967,0.12432231815656954,0.2764922666793588,0.26057235568132564,0.13312705219401583,0.07413744353853612,0.3283842432251871,0.12695269465557235,0.10763222958254387,0.26117152152639694,0.05002811284118202,0.3307923407943328,0.09367250972714967,0.9015956295353348,0.21319802272287325,0.1027428278965366,0.541387698559616,0.2311315775886864,0.13067937871662147,0.1186572654017231,0.31097143133651645,0.11787382331727356,0.11998528753490202,0.07301266199579785,0.06084468913107764,0.12235681509736852,0.12777836005835946,0.14437710178035376,0.07545248707599062,0.33589979459983565,0.20472226731898163,1.5380291188318136,0.14866726242740533,0.20869568064231692,1.7827624619443272,0.13264334374707148,0.197514207555597,1.6534359951484974,0.07622381631790937,0.38330577952973,1.419636284729151,0.14383285968513096,0.4444907167155421,1.1811548821438331,0.13351203934790173,0.4281297755226487,0.9244405825999374,0.09150024151710728,0.36144939303754836,0.8140699393291818,0.09552625007004423,0.37523130908740604,0.8049885322742619,0.09296143940552105,0.4200338353696101,0.8033047485633161,0.11743699877393057,0.03808147705051658,1.436162821468335,0.18752142637414276,-0.016954890552912424,1.1735139804381625,0.25018722590329856,-0.03852620254787073,0.92773223860819,0.1787223347569688,0.026042053398075332,0.8526843288883528,0.11947021686120018,-0.0007619383562471148,0.8275400479009366,0.11509851848297138,-0.045928400721323884,0.8162065860082863,0.178777237953398,0.5357142857142857
0.32208778197407983,0.9143028410046441,0.15786927099336423,0.31635618759759765,0.5503308571554172,0.2029849795772714,0.28072148167804056,0.12416376508002988,0.2763245154605263,0.259669894422545,0.13500059499550207,0.06976022000096727,0.3270290928627973,0.12913769087809726,0.10350167224557137,0.2613363338496535,0.05035439402057323,0.3306889361929516,0.09271253638008471,0.9008083594050744,0.21289138877232291,0.10271612254958142,0.5406337498006124,0.2310015548435519,0.13069839930068095,0.11857040843255788,0.31075311865826716,0.11784112571794172,0.12057868004693996,0.07244143647322364,0.060798250499797896,0.12208204696294997,0.1268453403220765,0.14403325845309095,0.07594925788659501,0.3353265493034788,0.20470514321525857,1.5380017423815455,0.14863456058727106,0.20870545459604775,1.783169660905176,0.13269081225446866,0.19751789827332172,1.6535123221116816,0.07624640361607732,0.3832763298298626,1.4195981907311106,0.14399464506436904,0.44385159907883587,1.1821201916622235,0.13226185562141535,0.42669139491364105,0.924116512663056,0.09084717160883272,0.3588064817586801,0.8138217330382451,0.09251606518329264,0.3729486095060398,0.8052440200858892,0.09058219679238283,0.4186400644732414,0.8021297012083071,0.1201350118644807,0.038057677457717515,1.4363416691027573,0.18741846481661187,-0.01718166954519318,1.172331206381455,0.25005443016687234,-0.035569348048852235,0.9296719624706621,0.17223813171461838,0.03150791969827338,0.854198001287373,0.11689371042487692,0.008793044950095428,0.8308966691658708,0.1033985288040935,-0.04380421501723181,0.815733355881926,0.17587051247291213,0.5535714285714286
0.3218255185597454,0.9126111616259186,0.15907257191265914,0.3159894148887979,0.5493276682707872,0.2028434634910046,0.280336344183404,0.12411632103672932,0.2761639618341323,0.2590415152783262,0.13542676131659567,0.06671241786308206,0.32598207310411986,0.1304406810988832,0.10088436524536913,0.2614463188390461,0.05074658704891357,0.330579779850643,0.09200048705366516,0.9003792449560751,0.21192201675721878,0.10267970039446532,0.5398419825870113,0.23085657616620195,0.13072219847769273,0.11843726177478468,0.31054121632712894,0.11778161947705333,0.12077080662975893,0.07253386758537714,0.060770171482020685,0.12205389323172654,0.12658919272916958,0.14377511464314127,0.0764453624446256,0.3347223571610829,0.2046942049024766,1.5379554942115565,0.14862731163874712,0.20871713192605046,1.783867370556387,0.13278040065561775,0.19753689369394606,1.6534370673658583,0.07625014284525256,0.38327163771342987,1.4195889186042603,0.14398809663246187,0.4439849153263248,1.182953656552958,0.13171321481289905,0.4256980921630833,0.9234878830585554,0.09079735234438367,0.3557361241912708,0.8135114539889012,0.08997242782407369,0.3704081700439929,0.8055574017670036,0.0875497563553827,0.4175697084515279,0.800267027186636,0.12397292352438088,0.03800608890957426,1.4364339821746397,0.187270705493188,-0.017339185637466482,1.171748655739666,0.24973464484229294,-0.031807777893326436,0.9321240822673489,0.1638260396234702,0.0351519097801465,0.8550747940498401,0.11558625637778036,0.016882559401641614,0.8331210321641714,0.09620365972738133,-0.04124101326275169,0.8149421866756708,0.1716084767601848,0.5714285714285714
0.3215594502876442,0.9109816951354901,0.16027062637971623,0.3155420271564527,0.548325963449067,0.2026533588327966,0.28000312508124425,0.12424008395954135,0.2759882706757071,0.258733760298119,0.1344033182927234,0.06561489383562721,0.325356388335164,0.13066168336530232,0.09977993409867944,0.26148661969471604,0.05115314454702782,0.3304812226859493,0.09147184327090799,0.9001312890594894,0.21055379776625394,0.10263524525418442,0.539043466405277,0.23069735969503452,0.13075499952542094,0.11824552514736333,0.31034630357679305,0.11771488664526122,0.12055092460133346,0.07286845045968827,0.06076440483470641,0.12206521755649455,0.12663863991600754,0.14369868486996246,0.07694350500042466,0.3340664092005673,0.20469351070400635,1.5378771610138706,0.14865365851402945,0.20873538692596616,1.7846187867300014,0.1328952924496968,0.19757631342087195,1.653125622396526,0.07622148740067855,0.38327023723493003,1.4195929994812309,0.143939704040641,0.4448094025577123,1.183485841734016,0.1319732316795835,0.4250195368504613,0.9230684168383086,0.09077401096420826,0.3527392842183467,0.8133133331441151,0.08820831905812902,0.3677577201194536,0.8057837228449598,0.08437553928732167,0.41679145635311887,0.7978636062856488,0.1279021913881922,0.03795910300551346,1.4364343574118257,0.1871539770562276,-0.017450448841258463,1.1717599821902545,0.2495473104921371,-0.02715875397379995,0.9351221585257682,0.15397825404673648,0.03788960448385844,0.8557559735217125,0.11441194728485704,0.023194150826894824,0.8343988747200283,0.09341982820480872,-0.038369633288268985,0.8142468986374337,0.16597029297740562,0.5892857142857143
0.3212534898635658,0.909411835597816,0.16149056892820943,0.3150424933275513,0.5473588311936674,0.2024354230300585,0.27974343406166163,0.12459619448039388,0.27571604672172134,0.2587507640325834,0.1322365516039558,0.06656600689701003,0.32517047874401545,0.12972041084562036,0.10019808052737132,0.26145642220994847,0.05145305044996788,0.33041956042798554,0.09102707707082557,0.8997324440647676,0.20920559524214905,0.1025880919091771,0.5382219030417861,0.23053115999664184,0.1308034273330888,0.1179589511553637,0.31018460149254035,0.11769031472683299,0.12001090172488954,0.073149692394178,0.0607981466429038,0.12186674137023436,0.12675415756280226,0.14387613833243956,0.0774569892871556,0.3333171472589669,0.20470271406032087,1.53776993155569,0.14871101897709235,0.20876070802177357,1.7852036531715907,0.13300220197245388,0.19763554931344418,1.6525941549495364,0.07615719066884874,0.3832673430374174,1.4196028105528917,0.14390564929082433,0.44596450630837886,1.1834934738071385,0.13276227043001748,0.4245197998379526,0.9230202177923182,0.09050524930917377,0.35030944627485716,0.8133514738506813,0.0872907154120281,0.3652006471744367,0.8057997231887877,0.08146769449097195,0.4163302114939351,0.7956119836150867,0.13045076997875832,0.03793940389641457,1.436414570487601,0.18711359681318981,-0.01752329057996964,1.1720559136211006,0.24962762188198506,-0.021915335126202192,0.9385388335530009,0.14346889315893407,0.040405106724468134,0.8566345540705878,0.11262705434218326,0.02789456972293173,0.8352093472060816,0.09326819972665085,-0.035282162346757816,0.8141298871815633,0.15914338606676845,0.6071428571428571
0.3208994931579147,0.9078759890569188,0.16273894692325502,0.3145322686983389,0.5464938650994207,0.2022114992741671,0.27957539711875157,0.12522538771179553,0.2752487300533901,0.25902716758815625,0.12956652690305412,0.06900277160740878,0.3252852941616612,0.12783811787458593,0.10196401507107446,0.2613649014684792,0.051563199495586284,0.33041032648027646,0.09061162198646541,0.8990114684699726,0.2081798402665213,0.10254874565863709,0.5373158699779186,0.2303822827245508,0.130870796446399,0.11756112518272832,0.3100683178371127,0.11769218541937004,0.1194082928349253,0.07333305052943256,0.06086794377906957,0.12159659262366859,0.12686852078871372,0.1442792985963425,0.07791527204113692,0.33259693077753205,0.2047202761556305,1.537651612570089,0.14879091064723496,0.2087909819189771,1.7855112872127923,0.13307459018718568,0.1977065952597779,1.6519241028486857,0.0760595015568318,0.3832653372770748,1.4196159495580232,0.14388875138274457,0.4469887472095976,1.1828823976493592,0.133572801083688,0.4239477215386782,0.9230700470795062,0.09017774399688874,0.3486908120465137,0.8136373202619156,0.08697655589106697,0.36305449935696665,0.805619910124325,0.07916889600328644,0.41631048700598994,0.7942468363507504,0.13050894172767766,0.03794663135651413,1.4364734772430576,0.18713978074700707,-0.017542260414853735,1.1724578036767295,0.24993365227107947,-0.016674577469169238,0.9420224975586162,0.13333262314500008,0.04294738173340227,0.8578472254562941,0.11016593968503266,0.031220468921454893,0.8361203046552875,0.09386365669089786,-0.031932212212824176,0.8150103756295134,0.15130366259263023,0.625
0.32052445401572677,0.9063483427257067,0.16399689673803045,0.31407256137797945,0.5457966984431507,0.20199417136250425,0.27948815687539885,0.12606487859040633,0.2746143193796358,0.25932895338137857,0.12720173805805204,0.07211039993940682,0.32539552660856985,0.12560474241308292,0.1044687171674153,0.2612284447237603,0.05152409590233269,0.33044124656790214,0.09024606080845221,0.8980663781600838,0.20751871735829888,0.1025274285124447,0.5362775740436894,0.2302825290322989,0.13094957929234954,0.1170883767717255,0.3099952331998943,0.11767903070924049,0.11894372430961395,0.07347243036020447,0.06096338910295861,0.12153322836149225,0.12694423182258843,0.14478703914788066,0.0781565335747623,0.33217159206769065,0.20474534141603276,1.5375448261379154,0.1488810403987024,0.20882446992140205,1.7855670127842944,0.1331103259438756,0.19776679909279588,1.6512118770549031,0.07593186040724553,0.3832646912936085,1.4196324940634113,0.1438780453459599,0.4475969111196979,1.1818303485643173,0.13409590428014143,0.42309932424405094,0.9229705918506328,0.08990951089979811,0.34792350410843315,0.8140985472880774,0.08690234253719199,0.36158477986375676,0.8054225719859384,0.07778358192485048,0.4168632997994588,0.794121724405817,0.12768766073198584,0.037971012811326935,1.436664973984145,0.18719797830660193,-0.017553820788352645,1.1729929226070126,0.2501834072257545,-0.012047181394533635,0.9451785911006958,0.12455641795577183,0.04549209855108424,0.8591994431035228,0.10745420797726152,0.03317291134920052,0.8373543111369672,0.09439192304555824,-0.028264029121656424,0.8169694599419198,0.1426819963197017,0.6428571428571429
0.32016210822686786,0.904867430423385,0.16522261291321444,0.3137116101061347,0.5452979419101921,0.20179270617645167,0.2794346161465547,0.1269004441184674,0.27402021119403436,0.2593576696744574,0.12574324064357087,0.07509700753578717,0.3252615311900793,0.12382611964607487,0.10663803169362482,0.26107208397265474,0.05146012266453228,0.33048339952357597,0.0899722510216692,0.8970824274674525,0.20711296322891068,0.10252750216207096,0.5351249403835532,0.23024777055081072,0.1310212199096746,0.11663177536306338,0.3099464661279048,0.11764029134235812,0.11864526546392022,0.07360509718868355,0.06108265119409395,0.12175296034575497,0.12696433407957464,0.14525546878513018,0.07803774630709456,0.3322450443630668,0.20477623039195614,1.5374681296166965,0.148966752274624,0.20885946849655956,1.7854961889989742,0.13312645401396178,0.197774128347912,1.6505444896542563,0.07578532375811381,0.3832648656377987,1.419652101307517,0.14386630394821792,0.44776407416356545,1.1806896241314977,0.1343146327334183,0.42209230428696043,0.9227376987639446,0.08954957568734562,0.34789442021541617,0.8146278819477498,0.08686440576356869,0.36078137577612435,0.8054481648056298,0.07741891463666332,0.41807164464633706,0.7953947487570553,0.12218777059313951,0.038005587506703964,1.437014274973523,0.18725876199493693,-0.017662809833562634,1.1735932200744454,0.24994273133428538,-0.008419899628442959,0.9477609332948307,0.11766870455434798,0.048009792136517085,0.860419737031275,0.10470359478311776,0.03385542138459386,0.8386095107967316,0.09480942887040972,-0.024472991709461205,0.8196198625433357,0.13383628917843315,0.6607142857142857
0.31983788714951944,0.903522361462771,0.16636352468750926,0.31345797402525183,0.5449859323410082,0.20162273990897303,0.2793701584116739,0.12747460464609794,0.2736969581654702,0.2589455393250906,0.12537839924117036,0.07729839605339678,0.3248772655405613,0.1230393402884434,0.10768609461695751,0.26094080134306225,0.05142806188755928,0.33052640604647193,0.08979812950284796,0.896132185886998,0.20686791669164672,0.10254586629068292,0.5339282065299426,0.23027464780448076,0.13107040937700612,0.11627740149247037,0.3099027791403643,0.11758961342132218,0.11848820047663741,0.0737259351520535,0.061216219777823655,0.12217958436593675,0.1269443445844668,0.14560738790115657,0.0775142080544465,0.33293328612554796,0.20480810222114526,1.5374311084727985,0.14903448286714513,0.20889359617441833,1.7854355038325112,0.133141684349706,0.1977045048121843,1.64999263770761,0.07565663498921568,0.3832671082959403,1.4196719572764958,0.14385277041962732,0.4476407504486351,1.17973160561796,0.13431320547825093,0.42128408710337145,0.9224562419135359,0.08906769078804093,0.34839779105652047,0.8151020778963263,0.08689289815380036,0.3604283316263215,0.8058433154732739,0.07781502868555944,0.41987931043977256,0.7981819388359358,0.11478181793858627,0.03804036082952034,1.4375359262786649,0.1872957030625231,-0.017941648123859875,1.1740605952377026,0.24892868488781195,-0.005885082344662418,0.949733753139333,0.11261074434658228,0.05045291409940935,0.8614417704879059,0.10167911638463144,0.033781816644483195,0.8393979818292788,0.09514086170083727,-0.02099388375888223,0.8224059848052149,0.12561871189163076,0.6785714285714286
0.31956356617610193,0.9023871023484753,0.16738527015444238,0.3133033424436964,0.5448106813539183,0.2015040578636334,0.27927937580637263,0.12762673450833073,0.2737655617467849,0.25814196875542095,0.1258805038269089,0.07842420256536796,0.3243758299726939,0.1230113554360662,0.1078544633763862,0.2608802532643396,0.051397060695037355,0.33058019256803367,0.08969676510687467,0.8952095264290303,0.20673582314076155,0.10257488476594487,0.5327812882039742,0.23035162830959227,0.1310976554277765,0.11604409189307799,0.30986376367734914,0.11754365174614809,0.11847562290672774,0.07380820790198456,0.06134506492690815,0.12273837924499707,0.12689863282502778,0.1458489696222115,0.07661875760663832,0.3343381892165119,0.20483385630000495,1.5374329762626227,0.14907505594845352,0.20892493244879204,1.7854390897431895,0.1331644470547289,0.19762693190589858,1.649620739914206,0.07560648670428047,0.3832725954192554,1.419685424612171,0.14384155259119583,0.44742001905906,1.1790490934255309,0.13414275779538332,0.4209499722890447,0.922120105357022,0.08867598417334895,0.34917529688453297,0.8153633949788714,0.08712841818759864,0.3603968228185063,0.8065329971046382,0.07840805150823457,0.4219044974759546,0.8021646952423455,0.10701422226954603,0.038060509217279964,1.4381692222583067,0.18728375736977235,-0.018372842866232822,1.1743070254526375,0.24717488771996066,-0.004330197869318515,0.9511737803298573,0.10909966432442166,0.052529547268048024,0.8624353781532844,0.09814576730269742,0.033531911701900674,0.8394978458100364,0.0952894514066212,-0.01820879009187524,0.8248956215343386,0.11878963234904195,0.6964285714285714
0.3193294593565741,0.9014962492001772,0.16831069382813002,0.3132496745946214,0.5447247555526272,0.20145224100091824,0.2791615731592467,0.12732621888119966,0.2742829455535331,0.25714143638694736,0.12681986304221204,0.07849958036521858,0.323881527002745,0.12312205983826888,0.10762789761990177,0.26088073325741834,0.0513479175928466,0.3306477700700949,0.08964308826707951,0.8943498684824448,0.20668266278800776,0.10260303427021157,0.5317825071650156,0.23046209036936322,0.1311123524230894,0.11590307799546146,0.30984429189109947,0.1175111675088226,0.1185983871542478,0.0738312687704131,0.06145604002417783,0.1234360866218016,0.12682334651424085,0.1460232066979492,0.07545293246005447,0.3363839842131851,0.20484877526891382,1.5374623225287334,0.14908743196099838,0.20895224372200735,1.78548103093364,0.13319200155033176,0.1976962092084256,1.6494924667009727,0.07567651375206955,0.3832776169447234,1.419683763642104,0.14383370578151497,0.4472169927882197,1.178614534021153,0.13382622926308535,0.42114763764309227,0.9216548859594526,0.08858753537628035,0.34991757241825483,0.8152550542133662,0.08761638485288936,0.3607553414622208,0.8072997006283082,0.07855311848652374,0.42351996739606645,0.8063708057066262,0.1008633298518866,0.03805821397817723,1.4387512052977365,0.18722128327238569,-0.018873357827330354,1.1743594658453782,0.2449737752814557,-0.003588718479774893,0.9520983166391145,0.10708840499445929,0.053768034612011226,0.8636040534955259,0.09434416206096624,0.033360912815281446,0.8390601568701846,0.09520486830407082,-0.016287639298736188,0.8267171282077572,0.11379532697330093,0.7142857142857143
0.31911559621838176,0.9008506292831998,0.16919760062310926,0.3133011167155378,0.5447461174974269,0.2014728897548596,0.27902405646329265,0.1266740792084627,0.2752783884666661,0.25614024922737194,0.12798239964922675,0.077488470287777,0.32344327842557086,0.12319287444722264,0.10675168117271439,0.26088376090328036,0.0512725886693766,0.3307237102895101,0.08964128864123189,0.8936367733490419,0.20668688060058016,0.1026221153510325,0.5309892054836003,0.23059377909452378,0.13111907296621048,0.1158367668956876,0.30985653065005087,0.11748929872561922,0.11877430575757954,0.07379931356934477,0.06154236607210302,0.12430643240407745,0.12672054440368494,0.1461714294158009,0.07421693254779684,0.33868427873453993,0.20485326066646586,1.537498343397341,0.14907935425787402,0.2089746032894499,1.7855231037502861,0.13321491034439525,0.19802657255717576,1.6496312701626776,0.07585983704191276,0.38327357818556673,1.4196636194561085,0.14381951652498384,0.44705118773620045,1.1783481295411036,0.13340399847317735,0.42181496221972425,0.9210496277413167,0.08886177660141184,0.35040227046689354,0.8148105028287861,0.08807568635887354,0.36165249327015647,0.8080389387576101,0.07766369637219313,0.4242998072226738,0.8096697623365818,0.09769676934115687,0.038040932557800354,1.4391199569704667,0.1871437379754739,-0.019357055853605813,1.1742221641506352,0.24272621837505773,-0.003507920183160351,0.9524224733872866,0.10663841749018613,0.0538421256079096,0.8649197421020783,0.0910366055717621,0.03329481756037972,0.838419537141103,0.09499710902597548,-0.015300005562344537,0.827555629064128,0.11093123965096596,0.7321428571428571
0.31893039774414916,0.9004684932501456,0.1700019744621039,0.31343465784604035,0.5449504919648266,0.20156121777471106,0.27889202287539666,0.12586185253867835,0.27666338664894313,0.25526350401939624,0.12931050782669018,0.0755556355634969,0.3230098177058923,0.12349578542841949,0.10489168658820573,0.26084383136037825,0.051157479868858054,0.33079984826132364,0.08969653609937088,0.893145684699575,0.20674894109573544,0.10263387529046354,0.5303953377727655,0.2307502099038624,0.13111603891442739,0.11585035136271235,0.3098991728948448,0.11746756085135926,0.11887991368710915,0.07373936070914498,0.0615903145464512,0.1252046494317468,0.12662235968917698,0.14629451273328667,0.07312279119274132,0.3408170456921023,0.20484956567139043,1.5375200570996528,0.14905995910984968,0.20899201975122683,1.7855506983058742,0.13322336851463748,0.19860585630522037,1.6499918860321237,0.07613405537019402,0.3832551739750045,1.4196321136717496,0.1437879759696875,0.44690691519815096,1.178191962853185,0.1329314075937526,0.42288143793129396,0.9205041354922809,0.08936265427755467,0.3506955852110229,0.8143797087427944,0.0879560935847211,0.36317292440272114,0.8088084957320797,0.07533536345587814,0.42428288902613914,0.8114987666283391,0.097458550019931,0.0380244956395257,1.4392287607324512,0.18709575546700935,-0.019783356047791474,1.1738910573299974,0.24071150774086897,-0.0039504542085503575,0.9520596710224446,0.10754588541979022,0.05277061491636644,0.8660739754029578,0.08894031718773858,0.03332572120313297,0.8378211820467355,0.09481842944207114,-0.015346716861984938,0.8272617959536791,0.11053585239345046,0.75
0.3188252936500029,0.9004314789380431,0.1705058855331315,0.3135867823866544,0.5453816869809889,0.20170005148878065,0.27879622498316103,0.12503739238604797,0.27820855751334134,0.2546028312014858,0.13042211839162074,0.07352417295140973,0.3224676447525905,0.12426654567624837,0.10242905429610982,0.2607493749641904,0.051018170096070965,0.3308626570458705,0.08977717150635228,0.8928903698619103,0.20688802557464037,0.10264285624615592,0.5299805851648539,0.23093160958388056,0.13110328912051494,0.11593603261883577,0.30995592418176293,0.11743258035222073,0.11887705365189609,0.07366820254064396,0.061592015809965345,0.1257597234305153,0.12655198117949223,0.14633217365214435,0.07222930661127211,0.34267664060198655,0.20483706895633527,1.5375221850560319,0.14903193421520355,0.2090048402310034,1.7855722335190662,0.13321214023417796,0.19932667693434653,1.6505119115946982,0.07651419231149656,0.38322709182297354,1.4196012832850737,0.14374312274992812,0.44677734088689297,1.1780981594816486,0.13246078920579693,0.4242572728947047,0.9202666779306186,0.08988194812964742,0.35107039191189293,0.8144123058444116,0.08688077452309446,0.36518607718702256,0.8096383361973088,0.0715663242608424,0.42377881737479706,0.8121143680816898,0.09867657746137702,0.03801673089505028,1.4391637146394145,0.1870903147715812,-0.02016311677132239,1.1734317802463374,0.23893751489185927,-0.0047779286278068645,0.9509971725434168,0.1094406348335958,0.05087805442439928,0.8666784547290312,0.08820101603072479,0.0334191112163144,0.837195971377527,0.09468572684343445,-0.016528694227820592,0.8257484372794944,0.11286189952468852,0.7678571428571429
0.3188544346090371,0.9007772791844575,0.17048714388716213,0.31369317692400134,0.5459876807890249,0.20185573623846725,0.2787539658278934,0.1242808897299516,0.27968367970571917,0.254267600256762,0.1308112683860426,0.07231574330325206,0.3217624902109163,0.12554141840883193,0.0999924855169709,0.26062099382574977,0.05086059324526464,0.3309098408021385,0.08983489557869359,0.8927839643250424,0.2071340405682218,0.10264850884803342,0.5297507598559479,0.2311122343589787,0.13108684138301122,0.11604967755269593,0.31000176410900016,0.11737192104007871,0.1188404866021482,0.07357482489865667,0.06157397063197055,0.12570840427450392,0.12646087982410678,0.14620683342908408,0.07143346698088082,0.34442611322335276,0.20481355227684567,1.5375182969132746,0.14899425475127306,0.20901277559303016,1.7856005484737119,0.1331846630813452,0.20004837805452008,1.6511713990355872,0.07705437335827839,0.3831994832678733,1.4195777805094707,0.14370184035771918,0.44667493066478464,1.1779843394918654,0.13205027829086408,0.4257498962016898,0.9202844188431729,0.09041851873501512,0.35168935419086456,0.8151022687927233,0.08492174490828311,0.36731094278081244,0.8104849893004715,0.06680599863301331,0.42305634909829304,0.8121248831805693,0.09934398374542541,0.03801156457691238,1.4390574117420283,0.18710946926003036,-0.02054305205663553,1.1729861750538106,0.2371670346820128,-0.005903752933295007,0.949316620368864,0.11205356974473414,0.04853901353945657,0.8664555731869436,0.08873046816964315,0.03347955860309861,0.8362640729768414,0.09447001646436076,-0.018838848472948047,0.822890122988303,0.11782178978113458,0.7857142857142857
0.31902344559085377,0.9013730137493128,0.16995006321595324,0.3137425667775573,0.5466583869292364,0.20198988200142337,0.2787669285336749,0.1236969642852691,0.2809633561979796,0.2542911240869988,0.13046088640468279,0.07223126185083453,0.3209327810221875,0.12724137987526177,0.0978413079986815,0.2605006607982306,0.050663260236002,0.3309520214864922,0.08983609439230787,0.8926570486711791,0.2075174598839117,0.10264872361774971,0.5297245667250793,0.23125627092033038,0.13107261735742382,0.11614200584696406,0.31001912067443965,0.11728134158569378,0.11884100357482183,0.07344736864312514,0.0615791086651643,0.1251428816421635,0.12625708787125492,0.14587307429787544,0.07063986090487887,0.3461341683425303,0.20478090036185514,1.5375219947902568,0.14895002990027661,0.20901656280804692,1.785629999668365,0.1331564637080667,0.20065599340169818,1.6519529075789257,0.07772993873615058,0.38317841780699535,1.4195603926148876,0.14367865148363415,0.4466211402465864,1.1777961078867394,0.131766415266732,0.42708117269081014,0.9203097987225662,0.09108472690143413,0.352486966436078,0.8163157752128763,0.08243365694287495,0.3690954256978052,0.8114307700599777,0.06170985884146375,0.42220105487879334,0.8118743948513671,0.09828673408856387,0.03800152144409218,1.4389795394188354,0.1871355379403828,-0.021002213235050207,1.1727186045314366,0.23500137726761003,-0.007454286987570948,0.9472118618545693,0.11524051413134904,0.0459707695034873,0.8653389014730951,0.09068045909531836,0.033304736134491676,0.8349051094748294,0.09400320021680163,-0.022092212817784306,0.8187124176051278,0.12492716348089491,0.8035714285714286
0.3192793197680974,0.9020125240320405,0.16913068707112516,0.3137682079642355,0.5473172346214008,0.20208530480028997,0.27881646540614313,0.12336191213946032,0.28201291745507967,0.2545211466055082,0.12979609079483873,0.07305731390522982,0.32003792421568145,0.12924015997697905,0.09594906569756606,0.2604066989704369,0.05045338720695291,0.3309868927690603,0.08975782614121035,0.8923674419631372,0.2080673959357549,0.10264167600414978,0.5299172465937935,0.23134268619042891,0.13106021650915098,0.1162016144132606,0.31000915988841043,0.1171683650037244,0.11888841015098991,0.07329454794735987,0.061624485889908785,0.12431157262210128,0.1258982465033876,0.145325162120548,0.0698936177772506,0.347594339742971,0.20474590972122234,1.5375302084448772,0.1489071222237224,0.20901870146999324,1.7856400711545433,0.1331474630093302,0.20112279434193425,1.6527189900560186,0.07826321559865584,0.38316406298546946,1.4195479250473972,0.1436772245435077,0.4466265610072977,1.1775619892068143,0.13166283211300117,0.4280785078907512,0.9202871590981012,0.09172029532594514,0.3533037736949592,0.8177837479054523,0.07981362980861723,0.37026924477149564,0.8128074980184354,0.05690290977220272,0.42121837003513196,0.8114396865293068,0.09575007756677925,0.03798793126002137,1.438927386766718,0.1871631451623024,-0.02162754414945007,1.17269891817975,0.23205856836696076,-0.00973665046071584,0.9449522211976894,0.1189342291262902,0.04333306007903223,0.863525113715142,0.09404763448280555,0.03255580463388149,0.8332862266154016,0.09316838308711224,-0.025934976833949172,0.8135716816598901,0.1334216507462817,0.8214285714285714
0.3195573267125283,0.9026027245301472,0.168265234334673,0.31379941534025724,0.5479594210071225,0.20215218488767864,0.27885428161472725,0.12323072130767648,0.2828394461631668,0.2547275510681425,0.12913891969032248,0.07442943984674893,0.3191632381972157,0.13133707952640045,0.09439243493060462,0.260318423984813,0.0503062069419785,0.3310009153834693,0.08957945543294814,0.891919390445299,0.2088334939208989,0.10262389366253151,0.5303173565536413,0.23136977789098714,0.13104631613338832,0.1162467865025916,0.30998311235551357,0.11704807532315756,0.11897022326992338,0.07313430574389276,0.061699011837590266,0.12338249128654916,0.12542412584160437,0.14459666655234896,0.06936195977588666,0.3485231109712762,0.20471499439701402,1.5375276553184873,0.148873530163397,0.20902070066095602,1.7856200209435296,0.13316644610363504,0.20151040230081202,1.6532113790173415,0.07819201549388949,0.38315645215322763,1.4195446928886832,0.14369348783322722,0.44668056725826577,1.1773654816999508,0.13174139667488224,0.42879339322394616,0.9203297671326234,0.09205028784022953,0.35400050306308795,0.8192526385937909,0.0774320643685407,0.37089387746100144,0.8149534511421097,0.05293026132689517,0.42025316537305013,0.8110116502068446,0.09280672510512782,0.03797636811135076,1.4388840698851786,0.1871866234462752,-0.022444958789701652,1.1728071694719049,0.2282732577440058,-0.012924166568544587,0.9427839433110143,0.12310179793815598,0.04087195008294441,0.8614172025187379,0.098131943189783,0.03084611526094666,0.8317234761503567,0.09194291990996215,-0.029912122913575367,0.8080495842822256,0.14244027953469637,0.8392857142857143
0.3198325844105953,0.9031801714334903,0.16740497920622227,0.3138424467796148,0.5486110732589432,0.20220703186135736,0.27880510245384965,0.12321146498121904,0.2834398944257289,0.25480722359223934,0.12844771244196493,0.07607585599892341,0.3184418518070629,0.13325216952539454,0.0934341730635005,0.2602167130819408,0.050251950059897334,0.3309931954389874,0.08928853798381388,0.8914631155483789,0.20987663267592638,0.10259361126898352,0.5308612300647426,0.2313528764099327,0.13103010525225142,0.11629272707543785,0.3099488270921266,0.11693803821604812,0.11906786463574888,0.07297983083830954,0.06178550527237864,0.12244825041671997,0.12491567181475086,0.14375314829944036,0.06923387974731245,0.34875094318268934,0.20469120288881698,1.5374983584105317,0.14885558161893572,0.20902222698001416,1.785578983474749,0.13320742763370788,0.20190999108126553,1.6532437411596126,0.07722057129105994,0.38315871950181746,1.4195553152002522,0.14372360148404223,0.4467608755022141,1.177300360965189,0.1319264974116475,0.42933725524667476,0.9204666303927497,0.09209589529578233,0.3544806382851873,0.8205131284089224,0.07563288548726672,0.3712727619560393,0.8177794773627227,0.05020994794677655,0.4195515569302901,0.810850412336854,0.09059480913159547,0.03796936930877331,1.4388431780870277,0.18719089533541736,-0.0233718659987852,1.1728319383641028,0.22404312970591986,-0.016875934985650057,0.9408702219347935,0.12769077328478456,0.03878552924008037,0.8594530025674482,0.10187034164160125,0.027944658362466575,0.8305774095574763,0.09037759638199076,-0.033584877054163687,0.8028182613477277,0.1511518942175767,0.8571428571428571
0.3201142830532035,0.9037959373626498,0.16647784107317873,0.313892642573554,0.5492821257240914,0.202256039707439,0.278605812126303,0.12326371500339539,0.2837810413409791,0.25481378626576595,0.12756891177772842,0.07789274649378322,0.3179865682740468,0.13474287374252622,0.09321022134728821,0.26010789758765207,0.05024483470284535,0.330978983944773,0.08889927261979465,0.8911920781269975,0.21116871362656767,0.10255232404218384,0.5314607217289851,0.23131226423012247,0.13101207465754777,0.1163449418282215,0.3099084931157729,0.11685496129662806,0.1191537149723117,0.07283885026404681,0.06187054635520169,0.12160022897864528,0.12445095632255003,0.1428860263081843,0.06960642911478761,0.34821715754957505,0.20467635815074053,1.537432507801911,0.1488581821147867,0.20902400752306202,1.7855361976063793,0.13325869716554364,0.2024153464455291,1.6528370555589307,0.0754152176595348,0.38317291145738275,1.419577578558556,0.1437661695450656,0.4468461095642752,1.1773939196803571,0.13210659747988637,0.4297024476753771,0.9206334541889288,0.09205082747003392,0.3547012301916809,0.8214147228245686,0.0746432558024438,0.3716837853712349,0.8206589920983578,0.04886327119434636,0.41921324632675394,0.810919736188523,0.08983428316262589,0.0379657626734517,1.4388062991776853,0.18716326609049097,-0.024253464658649165,1.172669309832835,0.22002991316301757,-0.021256138819141908,0.9392849099445642,0.13263184002787082,0.037011548323681843,0.8579568129044133,0.10462117164496759,0.023954737412054602,0.8301570462180381,0.08860790215920562,-0.036689743649537546,0.7986876120086432,0.15881149580689274,0.875
0.32041486194190605,0.9044547949999329,0.1654321558876681,0.31394612509862097,0.549959862242058,0.20229700521381347,0.27825865814306977,0.12338880989935024,0.28383847483966074,0.25477086714612496,0.12671569267084448,0.07952886871865392,0.3178125734409332,0.1357229694452291,0.09350713296926022,0.2600118100894005,0.05022931099576286,0.33097301004167495,0.08846852192613174,0.8912191715641296,0.21252458564350982,0.1025028063144555,0.5320435844417106,0.2312568528877187,0.13099119595349032,0.11640772578810675,0.309862218766676,0.11681264860647148,0.11920507375298041,0.07271925800525794,0.06194395409592826,0.12095601103721101,0.12409287676646916,0.14210474976103782,0.07041850632737828,0.34698478905132296,0.2046726923776493,1.5373330409644683,0.14888278298050492,0.20902866261698508,1.7855079580916406,0.1333090530440024,0.20308888737124386,1.6521709683795964,0.0730665982681275,0.3831944675639306,1.4196029194214588,0.14381441146218418,0.44691653649719953,1.1775398708289937,0.1322169793607039,0.4298457307122865,0.9207857006747957,0.09200833197095934,0.3547123338752502,0.8219327445525747,0.07435880593085424,0.3721828864723141,0.8228611366047965,0.04858794831308473,0.4192193836590068,0.8109494939787162,0.0905309536420248,0.03796176410923429,1.43878112766462,0.18710620341526277,-0.02494517472070596,1.1724004656935214,0.216845530168838,-0.025711022302212047,0.9379927873897099,0.13786103044282372,0.035269636880998406,0.8570939198130775,0.10645037579115947,0.019238889103047024,0.8305915020825014,0.08697822541809659,-0.03916949134059582,0.7965310833937734,0.16459789912833972,0.8928571428571429
0.320740174048275,0.9051411592937496,0.16427192307031496,0.31400111712440565,0.5506244471762946,0.20232577271831714,0.27783178022153737,0.12359058138041432,0.2836342351417502,0.2545722145253819,0.126553975675586,0.08012910365262976,0.31782726967642866,0.13630078566371126,0.09395693411462208,0.25994681462760216,0.05020593251437355,0.33097594913512884,0.088092072793374,0.8915184982748806,0.21366271969578415,0.1024504066766388,0.5325585964931073,0.2311884113363838,0.13096645696366138,0.11648213727950282,0.3098117945157133,0.1168167632747114,0.1192210855951841,0.07263143693563276,0.06199874238548293,0.12061934643439004,0.12389002800415119,0.1414903412301167,0.07147173086809547,0.34528889072323293,0.20468062800775016,1.5372167129208787,0.1489245887218066,0.20903773307050844,1.7855024180231078,0.1333465725621083,0.20389327625861847,1.651453820470064,0.07051230326881852,0.3832152071149384,1.4196234182341771,0.14385231486163205,0.44695633173549143,1.1776276930009557,0.13226375936548235,0.429838921686182,0.9209174961269344,0.09198569353877488,0.35465140982871285,0.8221970303547443,0.07433644206923974,0.3726209765147116,0.8240100951542858,0.048755925309714856,0.4196408827723861,0.8108091790751207,0.0921029535515332,0.037952204115556505,1.4387754499115595,0.1870287178092509,-0.025377611983761525,1.1722255956791727,0.2148414379915971,-0.029954664931485693,0.9368378339013325,0.14331557865946204,0.03327290008041316,0.8568559365526609,0.10770023592747405,0.014154602850232961,0.8317475059766962,0.08601921059559507,-0.04105690731748694,0.7968465980723982,0.16776868105922393,0.9107142857142856
0.3210879887118697,0.9058403654092966,0.16302562425750766,0.3140553221751892,0.5512582795823806,0.2023389501323448,0.2774098795958424,0.1238687925416412,0.28321744521370845,0.2541161967360895,0.12754219629044758,0.07916392777389061,0.3178841081284449,0.13673963949425982,0.09432618057937756,0.25992025193922796,0.05021697770183486,0.3309771077645668,0.08788066945249125,0.891999485765919,0.2143036506279165,0.10240208162100524,0.5329819937905655,0.23111175865706896,0.13093899230160225,0.11656075887243389,0.30976149248919993,0.11684440025714829,0.11924054073662733,0.07257131454942764,0.062035775749883545,0.12058420441332629,0.12384950998076837,0.1410604579172722,0.07251790819083381,0.3434663610012766,0.2046953199742645,1.5371040451328948,0.1489733941453544,0.20904964654478533,1.785524799551421,0.13335645650078826,0.20469446554388293,1.6508216203912907,0.06810155468418594,0.38323155426745464,1.419638224866231,0.14386862358786312,0.44696628870348787,1.1776965396699368,0.13228320709960906,0.4298244071027154,0.9210309237523729,0.09200326856184053,0.3546080903024569,0.8223468665872149,0.0743084340312836,0.37281205736908285,0.8239933095556686,0.04885189294428233,0.4205670719382494,0.8106115011179199,0.09377437416178645,0.03793615225498859,1.4387911356874565,0.18694077790547278,-0.025578629842017482,1.1723322504928473,0.2139898255184853,-0.033751504956917755,0.9356258064778784,0.14891120731000063,0.03087069877996786,0.8570613570687249,0.10843538490341631,0.008981803119400007,0.8332622391442913,0.08612694491379547,-0.042462407123750184,0.7993902608892679,0.16837755991221084,0.9285714285714286
0.3214485552518717,0.9065412914937179,0.16172465557444365,0.3141057342871622,0.55184423960483,0.2023353992256393,0.2770339019769311,0.12422736899771368,0.2826133602873835,0.25341272057407666,0.1294559411033337,0.07708423107989155,0.3178307980532983,0.13737469565039517,0.0944542228828964,0.25992613695260564,0.050299571288357395,0.3309642654288631,0.08790810753697574,0.8926216583356567,0.2142807888643647,0.10236190197118646,0.5333169488263823,0.2310324459387571,0.13091101405020153,0.1166328290638492,0.309714915467324,0.1168232173204111,0.119342269314825,0.07249236175244408,0.062064003657861924,0.1206964599240086,0.12389048176941025,0.1407846274768431,0.0733907653030086,0.34179888528296687,0.20470642434039668,1.537009752632366,0.14901793770483332,0.20906227887304632,1.785579250987695,0.1333319720041741,0.20532808172650535,1.650343856643522,0.06622321738634393,0.38324541907235177,1.4196519997760093,0.14386856728469136,0.4469702612844386,1.177775449022682,0.13230600037470996,0.42987474900856504,0.9211230801247384,0.09207424820841305,0.3545180797041787,0.8223796211352794,0.0745776202735145,0.3727003786283113,0.8227026754227743,0.04898270807564378,0.42189754185403905,0.8105472179047597,0.09470664256036712,0.03791887696201901,1.4388220948869455,0.18686255565277146,-0.025640054230747618,1.1727962992073537,0.21392079300206085,-0.036862009234668355,0.9342551200867906,0.15450469036168663,0.02806955584897681,0.8574174921624151,0.10848581231027161,0.004086833949404544,0.8347427743462085,0.08727112294629273,-0.04363934732642796,0.8033052010927606,0.16742827207437913,0.9464285714285714
0.32181161468623426,0.9072423367270841,0.1603982891953799,0.31415047827034537,0.5523658359953942,0.2023141741861028,0.27668269582002347,0.1246748300244607,0.28180841209487534,0.252543620126073,0.13179647278645554,0.07464934658192476,0.3175284387166136,0.1385071862842385,0.09408779430368078,0.25995114699977667,0.05049153035326788,0.330927580773866,0.08816638719991754,0.8934188924580628,0.21362415938321994,0.1023304116044148,0.5335723102265714,0.23095414305049544,0.1308843280497366,0.11669164253968126,0.30967351233647095,0.11668402347569964,0.11955292203959757,0.07232167279411378,0.062082859463257783,0.1208013981866058,0.12386309503754928,0.14063012443906467,0.07410391690599447,0.3403999510515353,0.20470551617673372,1.53694337083918,0.14905046319647205,0.20908330787082002,1.7856587418720906,0.1333093103433756,0.20565387989105974,1.6500773998389369,0.06525202046583811,0.3832588007659027,1.4196664797862393,0.1438640163590398,0.44699399994348477,1.1777875880919095,0.1323397731754586,0.4299694110951431,0.9211931669738035,0.09218512481309633,0.35425727648506045,0.8222076367114762,0.07561785308334296,0.37236343571644503,0.820184634863294,0.04973602066366663,0.42336445019358704,0.8107477669095793,0.09412857957489103,0.03790500315340982,1.4388576928310879,0.18681886079669777,-0.02565910098277667,1.1736008582841655,0.2141336750894026,-0.03911844774518869,0.9327946687247631,0.15980319504123586,0.024972992083423132,0.8576785834198609,0.10787343605556328,-6.490956451890977e-05,0.8360073599581337,0.08899366643910446,-0.04489001004193931,0.807603520566475,0.16610577970967652,0.9642857142857144
0.32216850762165733,0.9079227886635535,0.15907784359821225,0.314189364374794,0.5528093281263643,0.20227035634841292,0.2763398688798364,0.12520966528853927,0.2807923075215284,0.25161018301936566,0.13421405646682769,0.07225182969806616,0.31691388092765,0.14021495361081285,0.09302181585224863,0.259978662039759,0.050812509976529564,0.33086744584052274,0.08857733390905023,0.8944023860448357,0.2125268552158485,0.10230698937090928,0.5337521702250456,0.23087786400083118,0.13086048835699868,0.11673413011487502,0.3096385917325671,0.11650166811997897,0.11974321453162558,0.07203211838907839,0.06206796755154915,0.12092980684920597,0.1236650875978731,0.14062616098334035,0.07480077097217205,0.33918560354811983,0.20469698826559793,1.5369209277094924,0.14906808669272223,0.2091393430565453,1.7857415647056112,0.1333881886795133,0.20564440367086978,1.650035303350656,0.06526600009200395,0.3832724872573596,1.4196784112760696,0.14386043283542457,0.44703824203449827,1.1778032285527988,0.1323763360622573,0.4300646323641813,0.9212467432485522,0.09230073789557965,0.35377588008668526,0.821775065665834,0.07752940683533374,0.37189890181510865,0.8169170198692574,0.051465854698174565,0.42468221782913945,0.8112608564193329,0.09185763063849543,0.0378962091866623,1.438892516419218,0.18682088972328717,-0.025693971306416367,1.1747015813086434,0.21426115313996255,-0.040608952609255025,0.9314577786170157,0.164367597782131,0.02171043286972637,0.8578150171730491,0.10680338235345142,-0.003184728839103974,0.8371247946491476,0.09071089933659507,-0.046386066720624314,0.8116063708597716,0.1652301268307929,0.9821428571428572
0.3225102360488586,0.908528521433043,0.15779806173425043,0.3142223020999247,0.5531595875429705,0.2022021102577211,0.276053577226808,0.12581634825277277,0.279585047323772,0.25072773242551843,0.1364293549064983,0.0700749118888622,0.31607435268289447,0.1421989051835105,0.09129500109309661,0.2599941789669214,0.05117143199430049,0.3308077054223422,0.08903849515309013,0.8954492884842571,0.2112426480365832,0.102290903005626,0.5338577080977666,0.23079876321569093,0.13084142696600962,0.11675818496015758,0.3096129058785508,0.11653721295253844,0.11972907508916131,0.07173301301873847,0.06200569891773862,0.12118933906538816,0.12340159354619665,0.1408506480726531,0.07560591118178697,0.33794690712474534,0.20469631180989598,1.5369758139968746,0.14907132830888928,0.2092444425098468,1.7858021078310142,0.13362873474891884,0.20548028435099527,1.6501204891316048,0.06573096134527359,0.3832880747498942,1.4196882926395924,0.14385437550294855,0.4470859869158226,1.1780565883967298,0.132419746803619,0.43013547069112407,0.9212860608787616,0.09238467485733898,0.35310384531446604,0.8210862892974455,0.08004002230305567,0.3714527840795899,0.8137032262035636,0.053974530725752604,0.42565073368739126,0.8120130420594655,0.08858509462851741,0.03789717674988488,1.4389306142203502,0.1868624016749326,-0.025742171403012305,1.1760132638789373,0.21422098026676012,-0.041676128335498386,0.9304454926278498,0.16786000974501664,0.01837341546639115,0.8579368692024585,0.10538850260025094,-0.005419375593762389,0.8381364283609125,0.09223664608546103,-0.048090809839851284,0.8149068015929541,0.16524640506317684,1.0
0.32282798817203107,0.9090280926590544,0.15659097268263486,0.31424197191341796,0.5533999905891437,0.2021365071778201,0.27590232369685885,0.12648790726709047,0.2782110806385348,0.25002754163084145,0.13812190482702286,0.06835712980859716,0.3152096429887522,0.14393395335455447,0.08912939493253876,0.25999494321859823,0.05138730001736198,0.3307840587150205,0.08947309583873275,0.8963813986782567,0.20995495212359722,0.10228082946425152,0.533890149562069,0.23070876783064811,0.13082921752605361,0.11676369056770627,0.30959963709987454,0.11705194846068424,0.11941180044880474,0.07174477723572424,0.06194780238136162,0.121501779540029,0.12346586762378603,0.14131640538793386,0.0765400134200212,0.33653010643060105,0.204714562427109,1.5371210758918714,0.14906450986844005,0.20933534233518342,1.785820791490307,0.13385508323129064,0.20545857732007397,1.6502015835690809,0.06575094350790897,0.38330742649501864,1.4197037571969617,0.14383806644638347,0.4471239281861059,1.1786447567652019,0.13248294813457506,0.43017644587324655,0.9213041523985684,0.09242137277860131,0.35230116893210617,0.8202070201900703,0.08274987937106329,0.37127470500871845,0.8111920232082118,0.056839575290363514,0.4262354807496971,0.8128043258072586,0.0854752135663069,0.03791522396503354,1.4389828618487073,0.1869255685791734,-0.02576295260969236,1.1773800004148378,0.2141245988799047,-0.04265891377628642,0.929809697591305,0.17021801862337338,0.014979254305706381,0.8580296055432156,0.10380915316658568,-0.007279140242868657,0.8387712895878561,0.0940138883876593,-0.049787566413727405,0.817015657319376,0.1662271976112164,1.0178571428571428
0.3231113749377065,0.9094347078211605,0.15548682104497535,0.31422315174801596,0.5535222339701713,0.20215106046269302,0.2759370892303372,0.12722725601266915,0.27670142664387964,0.24962375750134747,0.1390183481746675,0.06735928622012038,0.31449349701744456,0.14505465132644735,0.08681904363013444,0.25998696944210214,0.05133983324167554,0.33081586392102474,0.08986230292305374,0.8971694758731709,0.20868545942572062,0.10227460296930073,0.5338536008293991,0.23060533295102065,0.13082419416416577,0.11675576813511114,0.30959893933485694,0.1181069232377715,0.11873223588587678,0.07249517134211954,0.061976760406000114,0.12167771997939006,0.12427167306012833,0.14192294225561122,0.07751545737374181,0.3349978236589992,0.20474950774306877,1.5372715368973597,0.1490561604162233,0.20928220274202897,1.7857899640800707,0.13368253059741675,0.2057534783574299,1.650249144589884,0.06478027187287258,0.38333185046659896,1.4197307518032567,0.1438098540887478,0.44714213692425847,1.1794851918376845,0.13256229535723552,0.43019039488755084,0.9212940851934132,0.09242227416715883,0.3514650319220552,0.8192705265965324,0.08526179833960247,0.37153399644339796,0.8095150867673578,0.05976225204374702,0.42652928694642084,0.8134176754425914,0.08352388342642744,0.0379518784515582,1.4390666842500273,0.18698711253797717,-0.025728473075272547,1.1786542266069628,0.2140915702134784,-0.04368961243080448,0.9294895182259104,0.17156076411764504,0.011554462955457607,0.8578977845597812,0.10253517686288004,-0.009212153333204715,0.8385906956540023,0.09660764305130648,-0.051218259075316366,0.8174297827335905,0.16790857196182796,1.0357142857142858
0.32334993413309604,0.9097668433841785,0.15452047065169028,0.31413742163712155,0.5535338545650351,0.20232577836739368,0.2761497900129296,0.12798204345846842,0.27516885168772603,0.2495364252591225,0.13908520331659255,0.06714612560062752,0.3140136752302814,0.1455222841297146,0.08478456963205433,0.25997683783267306,0.05103846331912021,0.33089985192739924,0.09022881809816062,0.8979435480841808,0.20736352246505613,0.10227112689336074,0.5337527725736357,0.2304962661853805,0.13082264146499797,0.1167460589212983,0.3096042714936847,0.11956850291496357,0.117665636343541,0.07420607621543812,0.06210582404677499,0.1217049682912377,0.1257986532574658,0.14252510710910343,0.07837340745399021,0.33360500042291835,0.20479083874692144,1.5372607089626682,0.14905372029439595,0.20899568364881732,1.7857161309698226,0.13283627304439194,0.20633356298743524,1.6503112648946374,0.06289700582100152,0.3833630229982512,1.4197670749967077,0.14377907797372344,0.4471281363442046,1.180433651116199,0.13264456323015844,0.43018081422397986,0.921260820182481,0.09240711817607745,0.3507859694003532,0.8184586702449853,0.0872206546348221,0.3721297256615712,0.8084182042973095,0.06256047803469955,0.42662337293350494,0.8137265080206243,0.08305635216471742,0.03799939621717867,1.4391849661819895,0.18702919920338454,-0.025647271360491157,1.1797924276998017,0.21417446213720578,-0.04471399862660501,0.9294203503660244,0.1720213476264855,0.008229119196105602,0.8573611065810749,0.10206287576388004,-0.01132255731778608,0.8373475977465086,0.10012309360205687,-0.05227185672392676,0.8161862935958115,0.16978657248461904,1.0535714285714286
0.3235408500185932,0.9100355889814289,0.1537236191001295,0.3139972422407481,0.5534651682878851,0.20262857940328172,0.27646252089619894,0.12859043338447557,0.27383838656484066,0.24964627101469505,0.1386289447802904,0.06743357049935217,0.31384860657518326,0.1453906990497105,0.08358454631682152,0.2599728477117408,0.05057079546254187,0.3310223998916815,0.09059601341325899,0.8987888424286253,0.20595990538189674,0.10227488357610573,0.5335801991851984,0.2304079435542429,0.13081763047724737,0.1167449935066251,0.3096030526832143,0.12122813788339884,0.11631340194091562,0.07673178618170831,0.06228637369058378,0.12169968468449037,0.12767981782368798,0.14301498721159134,0.07898484528530503,0.33258628261001444,0.20482860712236428,1.5369748698592733,0.14905772411934226,0.2084891095770467,1.7856132554137034,0.1313448373646315,0.2070742055793705,1.6504132082216056,0.06048658500614826,0.3834025609245676,1.4198052985296505,0.1437567151974258,0.4470794680230357,1.1812831044299297,0.13273152088172877,0.4301536744894012,0.9212209200287069,0.09238385109383902,0.35051043631064915,0.817945723891575,0.08836984390820213,0.372762575914639,0.8076598129778416,0.0649646830353434,0.42660056058871865,0.8137543257440443,0.08361191609959795,0.03804347648927517,1.4392779901633794,0.18704143680899626,-0.02555314662137651,1.180783635971063,0.21435696997671275,-0.045628446283014615,0.9295569112446711,0.17172962171217315,0.005168424120191098,0.856394427891952,0.10260102572925939,-0.013635987857428622,0.8350699628218993,0.10437670026999261,-0.05299546147002687,0.8140303346633582,0.1711546891502721,1.0714285714285714
0.32368784811166273,0.9102458009324146,0.15311363948352785,0.31386744086864865,0.5533793652038735,0.20289400848024747,0.27677010998671975,0.12887588746906206,0.27291936816549317,0.24978156809235247,0.1380851223948358,0.06778651818930256,0.3140877548743759,0.14462127385598,0.08366189277177925,0.2599898454989095,0.050009431438343514,0.3311734691541604,0.09097185467458262,0.8996184902799943,0.20451814088676135,0.10229962025826546,0.5332962555239414,0.23040555491729248,0.1308054162857464,0.11674213198244271,0.30958680634743563,0.12286900090707295,0.11489088317858995,0.07969522621248896,0.06250032381115261,0.12163952387254004,0.1296840437326586,0.1433758383831884,0.07932913248123066,0.33199421090984566,0.20485601468240094,1.536427095220968,0.1490627666007209,0.20784150162890863,1.7854956541387572,0.12943810523337262,0.20785342963125997,1.650541354562213,0.057938381560307256,0.38344944911429996,1.4198382722723568,0.1437458114135799,0.4470166153414742,1.1818370241470375,0.13284231362606796,0.4301188556777541,0.9211902151440461,0.09235213895208935,0.3507620566755739,0.8178033746357163,0.0887046591290534,0.37315902656286143,0.8071728158929137,0.06659190072983347,0.4265746431661293,0.8136413662788669,0.08441153110687405,0.03806884600225772,1.4392388414672788,0.1870128654543851,-0.025484720887205006,1.1815214444310451,0.21456555890410467,-0.04641085037851207,0.9298131454642308,0.1709868463606556,0.0024776827289312254,0.8551147600753475,0.10405076932527366,-0.01630966790932908,0.8319910690253893,0.10930954878125645,-0.05341885855450816,0.8118188293872038,0.17147663948807668,1.0892857142857142
0.3237904113152762,0.9103930522893362,0.15270777927639767,0.31381922133898643,0.5533570641340435,0.20295648848268152,0.27699906448320544,0.12879177502251202,0.27247074161416096,0.2498529458904426,0.13770112201089024,0.06797105290778475,0.31470002434694544,0.1432894121780695,0.08497043540173609,0.260046197772332,0.04937368210879989,0.33134932073040974,0.0913568370274323,0.9002634542948244,0.20310246032129486,0.1023612496276337,0.5328457666868048,0.23056913181859165,0.13079450978130502,0.11668829507188117,0.3095725847442986,0.12426444434484299,0.11364433644378276,0.08265268925847472,0.06276277653253703,0.12138340155836626,0.13174970966839814,0.14367741885652344,0.0794658170275744,0.331735523877835,0.20486729607186446,1.5357080969530321,0.1490620477227237,0.20715131607786236,1.7853787423994327,0.12741270289080264,0.20856178579904228,1.6506697211252879,0.05558913228848952,0.3834975289147158,1.419861690563284,0.14374309497876947,0.44697386224905034,1.1819895523633648,0.13299704625458864,0.4300842044916058,0.9211722804392176,0.09231493558722506,0.35143198313109836,0.8179262398462299,0.08858845706854555,0.3732801785116926,0.8068527806011142,0.06727862385396362,0.42663095817613517,0.8135171267149697,0.08495235761718792,0.038066332951089694,1.439015606542747,0.18693924555674454,-0.0254667655945386,1.1818289522641277,0.21471178943007904,-0.04710223625896475,0.9300660579096487,0.1702365533564898,0.0002191070319267267,0.8537222379464001,0.10608171853313816,-0.01931723954201316,0.8286086454050627,0.11482843368319683,-0.05350692061449551,0.8099756643701252,0.17100896474408211,1.1071428571428572
0.32384071763018946,0.9104722375130233,0.15254416089476772,0.3138841475319403,0.5534594957621726,0.20275868272901162,0.2771289034949509,0.12840763083437762,0.27244800560023735,0.24986803083546055,0.13750155208315057,0.06800238073446582,0.31544622419129664,0.1418188456560706,0.08688470039763199,0.26013243101646216,0.048691192842851325,0.3315387128440285,0.09175036401038274,0.9006116698386204,0.20175570683391003,0.10245799877336124,0.5322333428054817,0.23088689657547454,0.13080792479762707,0.1165250975250712,0.30961890719891044,0.125195720598992,0.11276888751856842,0.08517226870077058,0.06306236284789088,0.12088722222073717,0.13371303940464757,0.14399130450620468,0.0795051353162141,0.33161192465269895,0.2048578481413313,1.5349240815874776,0.1490510102313367,0.20653054300980184,1.7852803510490072,0.12560566841859996,0.20909506090038713,1.6507726734532095,0.0537607439093572,0.38353643067079596,1.4198737806916608,0.14374454870610176,0.4469783320876846,1.1816637719193654,0.13319471572255284,0.4300531260271533,0.9211610336209084,0.09227896472829933,0.3522900441518874,0.8181169604753628,0.08851719630948536,0.3733161463646937,0.806415739779125,0.06736299812102715,0.4267707902632202,0.8134474789767764,0.08511175219341706,0.038035297329033206,1.43863660803335,0.18683627238922207,-0.02549737211304262,1.181554451445211,0.214752859384566,-0.04767589923403505,0.9302397720800339,0.16975243285489483,-0.0015371401912199162,0.8524260627921294,0.10824764065054118,-0.022259462597196647,0.8255573116354639,0.12043209239440664,-0.053312594957277935,0.8085169650902133,0.1706449348613186,1.125
0.3238354687514206,0.9104741035748308,0.15265577196135266,0.31404939833955725,0.5537217988952818,0.20232668558999006,0.27720570138961015,0.12782854899927842,0.27279596471963974,0.24985925345404575,0.1374334395142834,0.06795841515291114,0.3160427723810313,0.14075075774006024,0.08871483468829727,0.2601963917711445,0.048021065410849724,0.3317224850383186,0.09214989260478675,0.9006235855834093,0.20050173234736712,0.1025634729946304,0.5315562024519219,0.23120908867437426,0.13086517583505067,0.11627658214130937,0.30978583790945396,0.12555816167114303,0.1122886080328605,0.08694615839070935,0.06335594216575527,0.12026992998493152,0.13532227032593866,0.14431217156773107,0.07958721123395987,0.33136384674277064,0.20483011261546785,1.5341864313156597,0.1490300296369448,0.20609314668871628,1.7852197742381284,0.12433133339853517,0.20939059464832133,1.6508312504282205,0.05271699887622672,0.3835582012605331,1.4198756743992016,0.14374732619763841,0.44703244367287515,1.1808855185536968,0.13340048955579992,0.4300298223661204,0.9211510882276627,0.09225373530883889,0.3531545813794152,0.8182660891944726,0.08871499538244783,0.37337373344330604,0.8056100558797533,0.06740203726639596,0.42692583099218695,0.8134639538750307,0.08498710541545701,0.0379839334096405,1.4381061725971354,0.18673521339620952,-0.025548873937771936,1.1806472447273257,0.2147160243762386,-0.048038380964416635,0.930327818235961,0.16954281794134357,-0.0027114737628230277,0.8513844206712138,0.11014224244204451,-0.02469725934703366,0.8232144523519422,0.1253396312467916,-0.05299778482022419,0.8072571535501564,0.1710479066791761,1.1428571428571428
0.32379688554658,0.910403943474555,0.152986791869501,0.31428491767947003,0.5541615211911136,0.20169654984509275,0.2773255087756853,0.1271878785385324,0.27340686883443277,0.2498442903322135,0.13742083585150236,0.06788802089153854,0.3163869252388377,0.1402999098683951,0.09021566396785871,0.26019690365375375,0.047404324507178394,0.33189047174700587,0.09254836280385649,0.9003046391185484,0.19936738685537325,0.10264660124461504,0.5309361792685889,0.23136655444868282,0.13095290382134744,0.11606586646810943,0.3100431762028519,0.12547606911403944,0.11201136064644121,0.08794358197695053,0.06360938901736612,0.11969168273681213,0.13647222652121493,0.14455815847548578,0.07976312445430361,0.3309066237419628,0.20479729043466438,1.5336289556051022,0.14900540892820538,0.20589254692364445,1.7852102163743389,0.12367472181141692,0.20950293495571112,1.6508438663085259,0.052456372185569144,0.38356479917812114,1.419870586636412,0.1437500270823912,0.44711626491988243,1.1799278362937722,0.1335545062819671,0.4300208273916496,0.9211392840241611,0.09225462382493912,0.3539218380147844,0.818380566449341,0.08908810319696481,0.37330642518847845,0.8044524166019906,0.06765780545297696,0.4269782793176533,0.8135112503933468,0.0849326673674796,0.03792973799823342,1.4373688552146369,0.18666875315928383,-0.025584227644173806,1.179211803352213,0.21466286385265396,-0.048174797207323386,0.9303520532054951,0.16949872070618252,-0.003303720004547074,0.8506829854377338,0.11149916499789723,-0.026532098722119424,0.8215930354607657,0.12908216644093898,-0.05266160140905772,0.8060276483847642,0.17228577887736168,1.1607142857142858
0.32377651937495944,0.9103221905894986,0.15335470812325253,0.31457212419267877,0.5547627327595372,0.20088233317810705,0.27756194704339576,0.12661239076478664,0.27407108223685744,0.24982678722762913,0.13736465584169535,0.06782698128953216,0.3165165719395321,0.1403245502701555,0.09128957795560488,0.26013978900753354,0.046870805020951464,0.33203753586118134,0.0929308835071335,0.899726041062711,0.19838743994353097,0.10268838058624327,0.530466031228041,0.2312865186440554,0.13102571754115658,0.11598508333991318,0.3102604682295455,0.1252379041518027,0.1117344842334115,0.08840046579096053,0.06382380088407105,0.11920016083147898,0.13729056815372354,0.14463808387819513,0.07993292316689427,0.330445479499149,0.20477503820318665,1.5333738787852427,0.14898639431056235,0.2058421264389907,1.7852222198510144,0.12333646907179016,0.20958315755455326,1.650829655975717,0.05256823783086356,0.383567890162402,1.4198549565256329,0.14375226371126051,0.44721138743967226,1.1791301984787368,0.13358113111716047,0.430030720570401,0.9211220357800918,0.09229652444747553,0.3545068344211266,0.8184829721785213,0.08946405881613516,0.3729867716282077,0.8032384590912383,0.06803760129131683,0.4268006682357145,0.8134050904349022,0.08550657020301008,0.037892145331764916,1.4364226614330282,0.18665872441295867,-0.025576774890812067,1.177475489388662,0.21463284052911025,-0.0481963294796658,0.9303353312666347,0.1694997190996942,-0.003481864013160448,0.8503188791991778,0.11222137384573137,-0.02800210174576538,0.8205018167747039,0.13189691858722868,-0.05229149872956704,0.8047938065750877,0.17409588306425008,1.1785714285714286
0.3238133773209776,0.9103091557338217,0.15357798258481176,0.31490963494653695,0.5554732147672333,0.19989187594146507,0.27791806576543265,0.1261601271729213,0.2745970806627927,0.24980237282451204,0.13718762025777384,0.06780003296320374,0.31644351754947275,0.14063779347872832,0.09159695904126036,0.2600463814421265,0.046437601439379465,0.3321578667137151,0.09327455282588636,0.8990193984185978,0.19759449753322073,0.10267925326398256,0.5302179066188422,0.2309775779654247,0.13104149903245715,0.11604128437756761,0.3103201216124522,0.1250687790105949,0.11152747747995755,0.08847191988153323,0.06399976464469188,0.11879308566763072,0.13789689613116582,0.1445260918667055,0.07998745308924798,0.33019963254522544,0.20476846431728246,1.5334041360625412,0.14897762950157212,0.2057064448676883,1.7851582590089214,0.1227580830512682,0.20967631377295412,1.650806335528077,0.0525580612102404,0.38358051111106184,1.419807787285423,0.14375286961314596,0.4473092471095368,1.1786525827135015,0.13344232095699088,0.4300572347115502,0.9210965853831506,0.09237895014733767,0.35483521013625713,0.8185714121155669,0.08973306022344389,0.3725132767968473,0.8024114496797321,0.0683828235319439,0.42634796667927066,0.8130075790429242,0.08708174657428863,0.037881434775094425,1.4353998984527732,0.18671153174864488,-0.025530246681794093,1.1756916154071113,0.21461991896774457,-0.04818305916853899,0.9302841424943342,0.16949769198778636,-0.0034782842668077793,0.8502356715872578,0.11230786724547293,-0.029282130642919048,0.8196030744648237,0.134267046508199,-0.0518831386240219,0.8034416730319852,0.17614762822814095,1.1964285714285714
0.3238923828040233,0.9103906242504852,0.15363286350464964,0.31530014222991504,0.5562361576014019,0.19874501489149446,0.27835011267383625,0.1258711446718403,0.2749445189010542,0.24976389855173697,0.13692675531182863,0.06779904335285719,0.31613620011135535,0.14117659852393624,0.09087957836036006,0.25993281093426973,0.04607541448465811,0.33225760833963147,0.09355408329024398,0.8983120149874073,0.1970168734405437,0.1026173151063415,0.5302298118927146,0.2304704874187199,0.13098358907763766,0.1162477274397768,0.31019125688655347,0.1249992303975391,0.11174771873267644,0.08788190985842173,0.06406530471865618,0.11865170499469915,0.13806196328743678,0.1442773273285744,0.07995091753961031,0.3301316159186495,0.2047705003234264,1.5334883134451491,0.14897111118829487,0.2052395300845664,1.7849335678108764,0.12148056459260576,0.2095984986255531,1.6507817393287336,0.052394992709101834,0.38360525057414696,1.4197138066673824,0.14374827903074677,0.44739096398449807,1.178493740721119,0.13327020591605465,0.4300821408634605,0.9210545807764886,0.09248421475761998,0.3549019512981653,0.8186364170491341,0.08986409492678718,0.3720464203933155,0.8023558689886858,0.0686213819201363,0.42569283806773967,0.8123904228039677,0.08958245995385264,0.03789854342857909,1.434480868269276,0.18681935026460653,-0.025496413011160863,1.1740501183925651,0.2145768022926505,-0.04805802046452125,0.9301906481189245,0.16954806833298874,-0.0033608605974845525,0.8504198072425893,0.11172288135041317,-0.0301347877066953,0.8185394986793989,0.1360207574181143,-0.051518265859673076,0.80167270268248,0.17817186104055738,1.2142857142857142
0.32396918346186115,0.9105439838218253,0.15361183575483423,0.31573773958883933,0.5570097946491293,0.19747110068195634,0.27880577657264793,0.12580100499045385,0.27517172701348486,0.24971894864287963,0.13677572619745376,0.0677862455473519,0.31561608865643564,0.1419012753526055,0.08936433747861765,0.25981752780303996,0.045766956059398026,0.3323454677732704,0.09374753947303882,0.897671560182602,0.19667878691149432,0.1025118336925919,0.5304856304082524,0.22978087069183106,0.1308559713352941,0.11663328679307355,0.30988780119291703,0.1249779265509205,0.11271957337892602,0.08622574810860216,0.06389656578088497,0.1190926351903123,0.13730349043285475,0.14398469692334426,0.07995938247747307,0.329990268188375,0.20477125926374273,1.5333121635768874,0.1489453524139494,0.20436334029830638,1.7845880089504176,0.11943751168751865,0.2090796296660148,1.650783603339748,0.052514578511257265,0.3836248210627356,1.4196244854678293,0.14373000241871084,0.44742146809648164,1.1785402119874249,0.1333694627084866,0.4300685982097675,0.9209691352278849,0.09259983078721383,0.3548036708707797,0.8186566228674249,0.08988956891175279,0.3716456538830133,0.8032055432323411,0.06872571229796215,0.4249533451405182,0.8117278418232893,0.0926168634280622,0.03794324552825439,1.4337200437430866,0.18695589228540055,-0.02556173882199817,1.1726223260722854,0.21441642198621041,-0.04770194780492103,0.9300680886957504,0.16969143817010324,-0.002982175407830875,0.8509147775390274,0.11041353487173922,-0.03011388797289603,0.817240288229043,0.13624975088733546,-0.0513007310770027,0.7994200943433655,0.17995078573089957,1.2321428571428572
0.32402346251420755,0.9107588224535317,0.15357191926443442,0.316207942828523,0.5577635313979981,0.19610108993806818,0.2792430224726302,0.1259216264948005,0.27533482815723986,0.24970690531000894,0.13688097581861747,0.06773781624149977,0.31499974224153776,0.1426696115789225,0.08757912309623074,0.2597208481276558,0.04552461194078934,0.33242228218759934,0.09383826636113864,0.8971002297928097,0.19658591134664294,0.10238058811078206,0.5309582816134762,0.22888803818046127,0.13066898240948327,0.11718209548023589,0.30940089397074544,0.12508869859296867,0.11440299776981024,0.08359716461369335,0.06348223770902786,0.12019423953450854,0.1354625320468149,0.14371272001841118,0.08014036803480079,0.329541938742612,0.20476792268891264,1.5326912028574393,0.14888174822968098,0.2031630742622999,1.7842634867357137,0.11691215989230935,0.20793358834417966,1.6508285801444715,0.053323205919116184,0.38360948499735725,1.4196717776335221,0.14368474071694132,0.44737713272137114,1.178661419282076,0.13398059920840297,0.4300021398375158,0.9208198022107837,0.0927366939158645,0.35465947849433943,0.8185961210533724,0.08986050060234485,0.37133900687577615,0.8048285205516358,0.06866123563797526,0.4242312933622374,0.8111419194256239,0.09573016647694375,0.038014589242809094,1.433000536733237,0.18707584324144058,-0.025758073144958933,1.1713809511964017,0.21411283178325807,-0.047111659559401,0.9299623001268651,0.16986056051007353,-0.002146327585364859,0.8517301208322419,0.10846191027119088,-0.028997293535064077,0.8161068829905884,0.13415287546500415,-0.051212290429982085,0.7973123500493979,0.1811616054169895,1.25
0.3240731816118637,0.9110459302517857,0.15347233324806736,0.31669862938872717,0.5584892000908324,0.19465408192898043,0.279644647382218,0.1261293963142284,0.2754680022039297,0.24975331550756283,0.137140602327252,0.06767071670714706,0.3144113516246889,0.14334042215840156,0.08585930196022502,0.25965825330529024,0.04531684997394561,0.332495854028506,0.09381697380500098,0.8965793097663551,0.19668371336808244,0.10224232985350054,0.5316427223097743,0.2277650409497936,0.13042244981707857,0.11786423254538823,0.30867071617570147,0.12557217613484536,0.11644072062613757,0.08057740048342397,0.06301099297821913,0.12165441212438499,0.1329550758222451,0.1434586107549789,0.08052145224840973,0.3287411267270687,0.20477209359923054,1.5316456255985254,0.14880375107307825,0.2017550905422993,1.7840858874969756,0.1143225618818659,0.20613244067330816,1.6508305882474692,0.05489602473815994,0.3835424701527482,1.4199963150361414,0.1436021429048294,0.4472569776221069,1.1789270511151844,0.1350821991643369,0.42995786840944306,0.9206623012152909,0.0929079271673313,0.3545291477537054,0.8184351508749748,0.08980845448623087,0.37124569774251903,0.8069597319349696,0.0684208222639422,0.42361125958821244,0.8106787615005827,0.09855426670124917,0.038103780900903064,1.432206247148698,0.18713534140937643,-0.02594075671685544,1.1703372513731074,0.2139162772484955,-0.04638393367466372,0.9298858186359626,0.17005280386277108,-0.0007372033283839449,0.8528000065955743,0.10615679235783215,-0.02682455261962575,0.8158807235573833,0.12970959028491807,-0.05108010899155788,0.7963824781314169,0.18142889224198827,1.2678571428571428
0.32414586986339144,0.9113819931945047,0.15323842861579556,0.3172106688491821,0.5592247029241523,0.19310727678204337,0.28001355687099305,0.126397852355605,0.2755801451236837,0.2498006303954679,0.13751981339921648,0.06759038828357969,0.31388517298021,0.14396473145635844,0.08410149889298699,0.25963699400026863,0.04510004322641632,0.33257627242423227,0.09369478838983697,0.8961350221458229,0.19681991002251845,0.10210450036182099,0.5325013841698621,0.22646316416740955,0.13010632410997786,0.11867664556475355,0.30763099678550826,0.12661247180432486,0.11843400928257228,0.07777058668165532,0.0626850660386374,0.12306682886749093,0.13036809977190236,0.14318798179646625,0.08103943237548944,0.32769769404851457,0.2048098797382554,1.5303206042851882,0.14880405144645797,0.20022863836819382,1.7840837523281812,0.1121276503770409,0.20383527424145725,1.6506446636522742,0.057029942954803986,0.38343486406447913,1.420663148579362,0.1434846979036302,0.4470571641351673,1.1795801127270709,0.1364271156578657,0.43008633782255373,0.9206300298926066,0.09310992809161373,0.35447144198417924,0.8182000015988813,0.08976354599741312,0.3715104284852705,0.8092496689935083,0.06808947417425569,0.42315611968213285,0.8103187964203172,0.10084905681864481,0.038193419033457715,1.4313728318589185,0.1871178838581219,-0.02582970430516081,1.1696108617678815,0.21432073464971121,-0.04560866404198756,0.9297320574492148,0.17061273683854536,0.0012654370209176364,0.854020053735392,0.1039494244463298,-0.02374672971327147,0.8172285118817545,0.1236418245074101,-0.05073686834684461,0.7971245790849772,0.18064183680852916,1.2857142857142858
0.32423610467109154,0.9116961998232275,0.15289435981522634,0.3177502154664281,0.5600231851413736,0.19141692811600736,0.28035585470029023,0.12681243846663448,0.27563879542039876,0.2497743100462212,0.1383115063531285,0.06745820248801394,0.31340928668173096,0.14469096243928475,0.08206841408701693,0.2596545775218487,0.04490053746633927,0.33265760118847687,0.09351493737573192,0.8958258736401948,0.19682084942209568,0.1019510815481444,0.5334231004843774,0.22512601273890243,0.12973020980019867,0.11959164470807679,0.3063247298669245,0.12820008220978862,0.12010024629668072,0.07555575816455073,0.06252525089523632,0.12423987974126938,0.12809002336195532,0.14290319884059793,0.08157912617653174,0.3265907426026741,0.2048894695220475,1.5288917844265288,0.14894864017834428,0.19864765499732517,1.7841933456045773,0.1107373701854723,0.20129342954369644,1.650230845503962,0.059410657032727826,0.38331234238962586,1.4216488219467671,0.1433434245860149,0.44678650348546484,1.1807412605352805,0.13776006763681922,0.43049788102488673,0.9208299737510778,0.09334089939035775,0.3545903556232426,0.8179561624403539,0.08977540790377764,0.3720834883231373,0.8112385294009248,0.0678369962867883,0.4228983603046571,0.8100314862915334,0.10241534539512862,0.03826714099220482,1.4306043998793883,0.18704076912320433,-0.02523727223957755,1.1692023102818871,0.21567401144704237,-0.04481856764583373,0.929348449214556,0.1719900592381036,0.0037395175728834815,0.8552647732436656,0.10234836212351404,-0.0200844731522477,0.8201621450887985,0.11693232473322476,-0.05014886358590179,0.7990458443558632,0.17899271622608587,1.3035714285714286
0.3242973857883863,0.9119322395626768,0.15260261229097544,0.318295643373902,0.5608559910944821,0.18964140580193342,0.2806803677660392,0.1274555739743164,0.27555770141795255,0.24971656974045295,0.13962110611565587,0.06727927186212684,0.31305286345918154,0.14534873904196643,0.08010100707112694,0.2596954362746768,0.044804658504650784,0.33272158853739453,0.0933343986593499,0.8956382372301579,0.19666420112414146,0.10174781658158073,0.534280714845489,0.22388740400130308,0.12933835064758886,0.12051272422286927,0.30493982959717825,0.13014017555787466,0.12128558810877815,0.07409162181661968,0.06245754116857941,0.12530344388890793,0.12631186360794797,0.14266005677569468,0.08199408796505354,0.32564089936389895,0.20494561272778328,1.5275468535357493,0.1490755101672127,0.19702475146713186,1.7843253893945805,0.11026371299376742,0.1987058422956979,1.6496823952045339,0.06174209437458586,0.3831931942724821,1.422917656544097,0.14317341763600436,0.44654132990476225,1.1822420373471947,0.13905164211615684,0.4311831448494965,0.9212750939786479,0.09360408012333168,0.3549339983520195,0.8177617439123741,0.08988273053737941,0.37271445668726855,0.812489236147389,0.06782841062036109,0.4228608377308077,0.8099030900378226,0.10298489191330401,0.038321086312440925,1.429921592892076,0.18694167240887874,-0.024192533169859375,1.1687758934326549,0.21793444640696324,-0.044013446347056534,0.9287747285150945,0.17394946137234574,0.006415937856717211,0.8563726522486004,0.10172677834826807,-0.0163571695655204,0.8237933974664978,0.11033453684345203,-0.04932769512357443,0.8011221482557053,0.17673456560970507,1.3214285714285714
0.32428433490074166,0.9120772823716292,0.15253325481895752,0.3187840870609125,0.5615858688761328,0.18799106389548806,0.2809968330638048,0.12829034621458302,0.2752454638794106,0.24975521591775712,0.1409577309443285,0.06716198429905512,0.31294694728223776,0.14528354004522923,0.07930351958525181,0.25973953711237424,0.044882106766753894,0.3327548522992358,0.09320286034146384,0.8954670688449577,0.19651709483875107,0.10146708649234587,0.5350035077170499,0.2228025020084769,0.12898081251906116,0.12132639575975326,0.30367763562791533,0.13203794027395632,0.1219058508080773,0.0734278617220485,0.062462448947566016,0.12647113147528533,0.12511743944180126,0.1425171592658966,0.08216760797454842,0.3250268193469824,0.2048550369360042,1.5264839983756247,0.1488111784505183,0.1953140028897373,1.7844085699044794,0.11039177593650262,0.19621909086442652,1.649108333399263,0.06376424373143183,0.3830846460512562,1.4244553481276783,0.1429490228831714,0.4465003083407211,1.1837320490694525,0.14045737323479296,0.43204279299456017,0.9219103740596585,0.09388743011061242,0.3554379481139057,0.8176135278525879,0.09008580009183155,0.37331350225615534,0.8128313874139406,0.06811160670171103,0.42304883051084463,0.8101282646279835,0.1023802032276106,0.03836361118164277,1.4292838542816864,0.1868551647660795,-0.02284002027269623,1.1678479073455688,0.22082495834643406,-0.04319901565542521,0.9282948318151769,0.17544617830730297,0.009081111691357552,0.8571638239844033,0.102088467777762,-0.013067107136376738,0.8268586568331951,0.1042917164662337,-0.048238243838638784,0.8024598536771024,0.17415261354508896,1.3392857142857142
0.3241882067037532,0.9121262331087635,0.15274691857415973,0.31915074472241567,0.5620730676932415,0.18668472802461072,0.28129086711325396,0.1291394246842734,0.27473915383988107,0.2499632078515021,0.14167698801735384,0.06723314033708658,0.31309703676393386,0.14384677933999976,0.08068456147854053,0.2597812424694708,0.045132606206454574,0.3327569367238921,0.09316387669577857,0.8952232255013568,0.19657163911351644,0.10112014024515774,0.535589175029527,0.22188501059976345,0.1286841017270175,0.12196986234450476,0.3026343719184305,0.13338258662131683,0.12201124464733328,0.07340474243302662,0.06253875680930654,0.12763158797897056,0.12447632178155868,0.1424823028239319,0.08208394809644723,0.3247894384031769,0.20453785960141094,1.525837493128226,0.14789055956723116,0.1934850538124066,1.7843661307834968,0.11065218084350212,0.1939737360932168,1.6485723555231644,0.0652239723072574,0.38299533025564636,1.4261794708735809,0.14266208916895134,0.4467971477425449,1.1849170417304733,0.14204004541230966,0.43295398308303046,0.922654816379254,0.09415786009656547,0.3560342948489913,0.8174531465595513,0.09036153023858468,0.37417981335184014,0.8124664792690036,0.06855889947619044,0.42341451485219417,0.8108189740588425,0.10072796677435708,0.038402008720017894,1.428716203808531,0.1867959263948125,-0.021320048236681505,1.1661404159667264,0.22404363462614577,-0.042378105542187475,0.9281737962088128,0.17556663685983337,0.011773924072396913,0.8575304376568726,0.10299337013129232,-0.01040686791746441,0.8284554293134961,0.09918724458586063,-0.04690514141318429,0.8025958505587458,0.17171208734943516,1.3571428571428572
0.32402690380392674,0.9120659126583069,0.1532172944458798,0.3193668541681848,0.5622553886134559,0.1858217088249372,0.28151213064731195,0.12979891836778484,0.2742430528725918,0.2503021078708526,0.14157076673470287,0.06750822779821442,0.3133054346278001,0.14099904564968516,0.08432437955306074,0.2598257080689996,0.0455269765686521,0.33273021798831415,0.09325022025733591,0.8949000629338439,0.19690192216023578,0.1007665820720824,0.5360652708303736,0.22116056227891878,0.12845374099453793,0.12243512800845388,0.3018194203002666,0.1338039767267294,0.12197978412843248,0.07334767401265907,0.06260416251262065,0.12835845787544803,0.12419770657516778,0.14251102033244423,0.08183439329519913,0.32485477919826566,0.2040115307786797,1.5255825953615687,0.14635727365615211,0.1915923908337016,1.7841105596549385,0.11076964678284609,0.19204383309343664,1.6481184730395957,0.06595831894022136,0.3829374854768514,1.427891938464521,0.1423450929590544,0.4474343846921146,1.185656770194241,0.14371584334131463,0.4338035081551929,0.9234144329473841,0.0943668564895523,0.356777858393055,0.8172412485615703,0.09067846046210071,0.3756855822442857,0.8118602854782792,0.06892222186005131,0.42387789278873494,0.811918666710486,0.09831050510989783,0.038433461490742137,1.4283210945308618,0.18676271443513712,-0.019812012770168252,1.1636831201181699,0.22719254386382878,-0.04149841161435906,0.9284520121969044,0.17422460616919985,0.014666795274404905,0.8575273213574189,0.10376166793487478,-0.008168964730626364,0.8282363016746471,0.09532863307859864,-0.04551833609247604,0.8013172865396694,0.1700693084452617,1.375
0.3238131223085373,0.9119104413155503,0.15390197345881057,0.31943201613876804,0.5621140756886714,0.18541343761355591,0.2816202607860272,0.13015715405610165,0.27399851878090703,0.2506578833139871,0.14100170463289347,0.06782467197612253,0.3133357147704734,0.13741165883241238,0.08936480633226261,0.2598726238938394,0.046024052550769225,0.3326776459687748,0.09348046755655184,0.8945452504452379,0.19748293236267248,0.10047932427349617,0.5364414994608088,0.22067386328850913,0.12828814661604926,0.12273690661620629,0.30121828104387405,0.13322064982150017,0.12236534287332883,0.07235796073456965,0.06251386679545667,0.12832094168244212,0.12408276941937152,0.14254197984894904,0.08156647981024444,0.32509021453411274,0.20335272374955188,1.5255428239695428,0.14445613855794714,0.18977833371186503,1.7836436075827025,0.11069444076785481,0.19041275310529523,1.6477923747705443,0.0660718587700942,0.38291061944800153,1.429381271586763,0.14204337138981268,0.44831023215998467,1.185863988796452,0.14545036637400127,0.4344870830619809,0.9240722934435651,0.09446868888141431,0.3578418739673869,0.8170118595693733,0.09100306585688935,0.37785607060492943,0.8115131755580333,0.06898247854919029,0.4243877706264967,0.8132799212764668,0.09538473208536084,0.03845114669240901,1.4281604527498128,0.18674929027420353,-0.018654036525896273,1.1606854480937656,0.22955557610960733,-0.040488627063975186,0.9290220264600056,0.17185866384596088,0.01771349138559415,0.857335958035386,0.10378229976046717,-0.0060580309256813335,0.8262181917932373,0.0926789685924705,-0.04433381002413736,0.7985295482859209,0.16971832508909623,1.3928571428571428
0.32353010231585344,0.9117248681046201,0.1547683564837639,0.31934817376737884,0.5616308819555347,0.1854597124594579,0.28162881542915347,0.13015795396950613,0.2741963977746979,0.2509338152740346,0.14049326894638167,0.06793198263287153,0.3131710446578274,0.1340628017753587,0.09447999299546161,0.2599146197290425,0.046507900049907416,0.3326152976013303,0.09385184239342756,0.8941770884242711,0.19827390832738634,0.10029849871041953,0.5367214813121148,0.2204586544770002,0.1281852925729066,0.1228887656181209,0.3008216558806625,0.13181892854875435,0.12338733877260778,0.0701851910949338,0.06220594850943778,0.1275587519198557,0.12409856235014151,0.14253356225125594,0.08140302150922654,0.32533057482082,0.20265314556075192,1.5255110334249027,0.14246270362533997,0.18823488831558788,1.783134146447864,0.11047326104619051,0.18904238216353308,1.6476158709890454,0.06598076627177407,0.3828914263741523,1.4305482078838356,0.14178387321002636,0.4492758891597901,1.1855036307224038,0.1472564616082325,0.4349132760691584,0.9244949487010563,0.0944602010446941,0.35934142709674366,0.8168415200990473,0.09135026459352277,0.3803738786401151,0.8116886120674351,0.06871449409949774,0.42497437650127223,0.8147101164967357,0.09228611080407877,0.03845545547537139,1.4281734195234739,0.1867456778436793,-0.018245460710488014,1.1574635484461593,0.23029344713520922,-0.0394208801635223,0.9297980647158759,0.16881396688989225,0.020454121294344353,0.8571066741018508,0.10265415392609854,-0.004037831699178934,0.8227909463658667,0.09078551101042658,-0.04344395783575254,0.7946693101180613,0.17037354306048325,1.4107142857142858
0.32314054725555913,0.9115858135935359,0.15578135311391328,0.3191097036311911,0.5608113505497756,0.18597101078286055,0.2815751946879583,0.1297516286808259,0.2749486796944016,0.2511447189827747,0.14000393706614397,0.06776278685251957,0.3130638359940542,0.13164603172676895,0.09850409634779218,0.25994103752801756,0.04684657482090725,0.332561301432565,0.09431303510343919,0.8937395636312844,0.19924650648651468,0.10021477469816313,0.5369511953651067,0.22050604977595195,0.12814382875369593,0.12289825057638237,0.30062663214179125,0.13001675953008496,0.12476695226602598,0.06743947486036728,0.061848316448996694,0.12647829468611796,0.12415426749797415,0.14247486461262826,0.08139321342432303,0.325457532164505,0.20200238565436524,1.5253997834774347,0.14060871223234225,0.18711343361240063,1.7827997593620752,0.11018452445240823,0.18790595149558392,1.6475404360888874,0.06618052624472745,0.3828526630409287,1.4314167080508615,0.14157519123733367,0.4501689371352059,1.1847498081098353,0.14899519792024069,0.4350389995815902,0.9245877780039456,0.09441531778391188,0.3611495664404488,0.816767547409978,0.0918470406205158,0.3828613330762844,0.8122458982035934,0.06837903506132811,0.4257356210627824,0.8159795100991447,0.08951257680593014,0.038452686738015586,1.428235621138794,0.1867405117657636,-0.018709047469650124,1.1544990819616368,0.22913790392081318,-0.038597028579415105,0.930751153200837,0.16521858696496705,0.022219824811583962,0.8568995264923601,0.1001976065992396,-0.002246885159775092,0.818860587378253,0.08883451279693842,-0.04271197295642602,0.7909449616560966,0.17089516190279902,1.4285714285714286
0.32264929899278355,0.9115204164211973,0.15690416588540662,0.3187192223981143,0.5597289717744445,0.18693705907249208,0.28148130213698636,0.12899394073359066,0.2761802102135062,0.25136492749273065,0.1389454619058179,0.06759612899911491,0.31326786149736696,0.13036234003157612,0.10076155895861603,0.2599410806141493,0.04703630544179029,0.332511219835195,0.0947842211250778,0.8932158316004785,0.20036122758217031,0.1001894485178023,0.537197029439461,0.22077191796483148,0.1281631456572445,0.12277014083070074,0.3006312815667635,0.1283258685679388,0.12609916620478617,0.0649062975529601,0.061768216741588416,0.12560966735124074,0.12389958069035334,0.14237782416281686,0.0815204105133726,0.32547847619112663,0.2014725689112875,1.5253227308241508,0.1390805586454609,0.18643926679872172,1.7827336718343152,0.10992312610379507,0.18701277121883125,1.6474876019815299,0.06692625860490184,0.3827926998712381,1.4320544498265302,0.1414210313339573,0.4508252770990876,1.18398172708059,0.15034971968008307,0.4349033306865576,0.9243722486761605,0.09446923493819098,0.36299605946569685,0.8167489769575217,0.09261980687954878,0.3850755098697002,0.8127738236736844,0.06835429668642864,0.42672810231784186,0.8168630599531979,0.08759989197700149,0.0384429803470596,1.428269317225499,0.186732341343873,-0.019780628541962282,1.1524379551257187,0.226635848343272,-0.03841500403415747,0.9318185880731248,0.16131458350890626,0.02248732312355692,0.8569005590769894,0.09649252547007908,-0.0008810444222128632,0.8156789583739855,0.08579120061049157,-0.04203752445965152,0.7886233822172282,0.17008964173114383,1.4464285714285714
0.32214691162425346,0.9114910048723194,0.15811509499573057,0.31821646678582455,0.558537254015592,0.18826210156808365,0.28135995240327694,0.1280889487801875,0.2776094281342703,0.25160295717088427,0.13714253657946324,0.06783042673026748,0.3138074426772576,0.13022719895302914,0.10091721035186994,0.25990698778190613,0.0471860206699001,0.3324444690812944,0.0952246798400367,0.8927394707567823,0.20155868303489752,0.10018960173339413,0.5374935780812088,0.2212125713977855,0.12824344427588263,0.12250723222308413,0.30083259705199,0.12713561897729667,0.12716876610991826,0.06302674075586259,0.06214598178591914,0.12531333547319956,0.12300692361447703,0.14228855365269247,0.0816854059153402,0.32548432637893027,0.20109967998947537,1.5255383886125966,0.13801366329899772,0.1861030559693193,1.7829289284304455,0.10977265652008325,0.1864276640252361,1.6474742765620318,0.06816644912530043,0.382736382720104,1.4324822699794955,0.14133083417333697,0.45113183455158706,1.1835390541142667,0.15102402264131903,0.43463373573320097,0.9240234738544307,0.094687690530534,0.36473242182666665,0.8167369497160463,0.09347197133774998,0.38689897109071714,0.812972712981493,0.06864539791031053,0.4278931556275388,0.8171965891538548,0.08691719624479663,0.038419169783264664,1.4282565413687454,0.18673129464954213,-0.021150158948569642,1.1518612451760997,0.22343089606126978,-0.03911548885394442,0.9328991356457698,0.15745119322884038,0.02102692340472497,0.8575519033325947,0.0917930431156173,-0.00031554680563649365,0.8144786559189456,0.08071819021530248,-0.04157393481444025,0.7881807632652049,0.16735108391440445,1.4642857142857142
0.3217295982481144,0.9114371518917671,0.1594023841566959,0.3176837952978011,0.5574244103109475,0.18973797252900176,0.2812102196642698,0.1272291535706113,0.27894456982115956,0.25184283624454584,0.13505716563822093,0.06867714835718193,0.31453555788226606,0.13119623516857845,0.09898675439501374,0.2598325651849468,0.04737814587390569,0.3323521386567228,0.09564735842242511,0.8924874255541071,0.20279694752363264,0.10020042919119326,0.5378743651449656,0.22180664545567647,0.12838497884304823,0.12210769566180382,0.3012267207908845,0.12660562915338947,0.12793335741646306,0.06188476846389801,0.06287438252225096,0.12579637136589536,0.12142706599154689,0.14228352730539034,0.08172568493797742,0.3255521507405308,0.20087825372158752,1.5262815274621453,0.1374479873428545,0.18593856483428364,1.7834228842424933,0.10972089041703753,0.1861901304285138,1.647621467191348,0.06974122452543194,0.38270268066933394,1.4326351283648842,0.1413174327092876,0.45115323149846753,1.1835091501239778,0.15100556604100662,0.43444771051461273,0.9238258236814321,0.0948580418473639,0.3663318329626294,0.8167677464612028,0.09386211536210913,0.3882576051470481,0.812979314163341,0.06862562784580029,0.4291207831832061,0.8169870455182576,0.08743617281687391,0.03837984436965094,1.428178621322708,0.18674477413404306,-0.022743281624611915,1.152927504122147,0.21966065582458316,-0.040624119654670054,0.934043035307337,0.1533708004311014,0.017896290384598182,0.8592080883354959,0.08634708564948157,-0.0009746972389993054,0.8161032291059322,0.07294345566866985,-0.04157546676151441,0.7894715962212762,0.16240067662959795,1.4821428571428572
0.3213957306988042,0.9113469662189687,0.16074034597389403,0.31719536586516517,0.5564991305811113,0.191161072352783,0.28100283764212103,0.12647380985738985,0.28004815741536093,0.25213154307934893,0.1329353360863529,0.07017370818589308,0.31532349825468525,0.13285372530589118,0.09568214895231993,0.25971186906161986,0.047596038564914664,0.3322492766763422,0.09608414156074961,0.8925245782762683,0.20409801228565763,0.10021717724298876,0.5383990725889596,0.22256312989279936,0.12858728664724256,0.12156217115184731,0.30181145585146163,0.12659802632896122,0.12841884409636053,0.06131870355562856,0.0637543923845927,0.12725412367309194,0.11928521477842376,0.1424026840361646,0.08155612799176934,0.3256995621454678,0.20078847572329586,1.527602743450786,0.13735138357674967,0.18586356474241594,1.7843236986185413,0.1096772832215937,0.18622617488911233,1.6480052734502502,0.07151665794104153,0.38267473493424087,1.432445352863881,0.14137249482231248,0.45115837452147,1.183728077819273,0.15065524351820328,0.43458712214564166,0.9240440755906266,0.09452019643968858,0.3677234642329079,0.8169580472276226,0.0932838805396901,0.38917232245631245,0.8132949088572382,0.067447593559718,0.4303414518444605,0.8165060784007937,0.08862540346593091,0.038336551090780435,1.428004478628434,0.18677256939676065,-0.02458087544929299,1.155236992583901,0.21531347613075041,-0.042624499238970326,0.9355789130822584,0.14786709313685614,0.01349012968979428,0.8617988906071119,0.08032419821283274,-0.002947782914099015,0.8206183555643237,0.06206727641907246,-0.04216944724554966,0.7923369016909482,0.15487472072977976,1.5
0.32107730716835586,0.9112884418055267,0.1620802407880618,0.3167543502391116,0.5557236504335019,0.19250731459082604,0.2807067779673669,0.12581779660114265,0.28091776111884237,0.2525011489044238,0.13054785958845727,0.07230694454872491,0.31617523075602827,0.13432060671131416,0.0924037671254149,0.25954470249380795,0.04778615668312235,0.33215499761417816,0.09655860670221336,0.8928234374204846,0.2055147839507449,0.10024224383701652,0.5390800802898897,0.22349968127066577,0.12885010131451302,0.12085838993420692,0.30259438498107544,0.12668220038853684,0.12866967447303135,0.06108586443435396,0.06465739225818229,0.12962810896125848,0.11678695001453604,0.14260458029053708,0.08124498852151418,0.32589527292909726,0.20083956630894356,1.529311017056907,0.1377442588688114,0.18594776158827586,1.785720344239803,0.10972102517052304,0.18643632092602608,1.6485753911121894,0.07332341042789256,0.3826311779532433,1.4319419922071006,0.14146532714595714,0.45141304245796554,1.1839550506133,0.15042254368578226,0.4351928518240724,0.9247857810839961,0.09334336382236927,0.3689358044431617,0.8175156039136856,0.09120746504321116,0.38990194614614776,0.8144147412929604,0.06450052206771523,0.43149249876920676,0.8161312986685925,0.08977485207848224,0.03830244089683025,1.4277733400992596,0.1868153783627841,-0.026588355337561813,1.1581608350144257,0.21072622649978073,-0.04474925814291929,0.9379162039592196,0.13976209083338492,0.008525158658259181,0.8650268147186226,0.07364187698032931,-0.0058778447269136735,0.8272773349016841,0.04828234354266164,-0.04335755495219219,0.7965600421340895,0.14465533977106537,1.5178571428571428
0.3207281886965867,0.9113559177979348,0.16336935500959288,0.3163070137606925,0.5549945973963977,0.19392148639793713,0.2803257103933902,0.1252672176909351,0.2815983345353405,0.25290602046571387,0.12784792745332138,0.07490198489165688,0.31714389535221443,0.1347616660867547,0.09053205574461048,0.25934397836694567,0.04796368758265894,0.33206113838205753,0.09706198347453042,0.893345187965476,0.20701326587856542,0.10027612238076175,0.5398703573051867,0.22455975755750007,0.1291731515392342,0.12000646766894577,0.3035959774928964,0.1264201767215496,0.12875267744572758,0.06097140686769349,0.06548444814650524,0.13228831097449562,0.1142724726539075,0.14281709735458548,0.08090963201637169,0.3260982139394526,0.20107065275109004,1.5310495233950188,0.13872118344932635,0.1863453178947439,1.7875638247189507,0.11015262234555925,0.18688510344094966,1.6492234555854894,0.07489003124106325,0.3826332507896798,1.4312188109220698,0.14159240338085888,0.45198192104249046,1.1840591758683536,0.1504967988786917,0.4363005402121681,0.9259802477238473,0.09138476495531392,0.370301845919515,0.8187806564547696,0.0868601867639635,0.3908591080650763,0.8165761750832362,0.059453528017737206,0.4324338667914267,0.8160535406930723,0.09048136428143762,0.03827466301657166,1.4276823086314723,0.18686821836971412,-0.02862589455495805,1.1613228805425582,0.20647579170390035,-0.046686318743683765,0.9412489562704139,0.12895580021237107,0.003748941171994543,0.8686908141744986,0.0658852326133388,-0.009172033459732306,0.835014031566593,0.0327646450176905,-0.045135487602484994,0.8015747766004566,0.13248547015915818,1.5357142857142858
0.3203441849319989,0.91158872855711,0.16457509962346184,0.31581055414425,0.554243035409993,0.1955387692506556,0.27991172678168685,0.12481201709180484,0.282124492380773,0.25331097195708485,0.12542011178294096,0.07737297570535599,0.3181661890202081,0.1339701942742346,0.09064967308172231,0.2591305665175951,0.04821397404558244,0.33193467537898236,0.0975490122624668,0.8940307290374604,0.20843860329885194,0.10030334156104463,0.5407629733686629,0.22557156563390618,0.12954760253856507,0.11908539329585058,0.3048150685235188,0.12568779445150663,0.12875267173435628,0.06079666271790145,0.06611740965404855,0.13434312708451362,0.1121989885567814,0.14300122977407675,0.08060849137743462,0.32628701455407344,0.20150360361315384,1.532484311793477,0.14030834578615556,0.18721824857771147,1.7895877703105845,0.11111930534472661,0.1877707357081913,1.6498399886542459,0.07590885859850077,0.3828252644625099,1.430373897736651,0.14179297550202893,0.4527782009734031,1.1840399047731158,0.15082707596070452,0.4379009385940544,0.9274616949517469,0.08897097997553535,0.3722321581874269,0.8210903233092174,0.07982606737587071,0.3922831003844828,0.8196740142419174,0.05235548342895903,0.432998101785682,0.8162247228957685,0.09070743202897608,0.03823599616115863,1.4280318125735485,0.1869089801025449,-0.03060221042913624,1.1646855411908585,0.20297247485391964,-0.04823352485221501,0.9454594900679915,0.11626422812598773,-0.0004239218746617865,0.8726377862722251,0.05674696919794464,-0.012303081314936886,0.8428928817433736,0.01739690641114762,-0.04747950420068611,0.8066629770728366,0.11976230416742185,1.5535714285714286
0.31994317965590735,0.9119361104702505,0.16568635661652625,0.31525851149793366,0.5534291238191935,0.1973933990400909,0.2795442170627963,0.12441059073318059,0.28250880323266087,0.25374799603884035,0.12418980181364145,0.0788103004065095,0.3191456742341031,0.1324557057444536,0.09230065032268717,0.25892173923625983,0.04860488760867015,0.3317526274892138,0.09797171468427192,0.8948082666745616,0.20963302746160734,0.10030712065086515,0.541776645232768,0.22637166350768773,0.12994152262520184,0.1182379828306248,0.30615747641701996,0.12465482752425698,0.12872229351823694,0.060494727120247026,0.06645834194405012,0.13530553167025744,0.1109754612300956,0.14315288490965314,0.08034643871943735,0.3264561929694489,0.20211376561977767,1.5334555594352055,0.14236712087361927,0.18870375688350158,1.7914348199330579,0.11246231807918855,0.18916437811906955,1.6502961858183047,0.07622717860063255,0.3833050871770055,1.429513967091859,0.14209321754691762,0.4537112191542598,1.1839317571733579,0.15134745054342327,0.43989201756702256,0.9290135816906098,0.08648077504708074,0.37486673894073214,0.8244923768940277,0.07069083343617745,0.39408623082215766,0.8232802865770581,0.0438563559158619,0.43314053841818234,0.8165258752440842,0.09055166057148435,0.03817494128459745,1.4290322030200775,0.18691526868245992,-0.03254072002287824,1.1683054535203812,0.20019829942578451,-0.0493498937572774,0.9501967965966639,0.10270233692716423,-0.004017789099431912,0.8766227227484907,0.04628923397487272,-0.015043871414249746,0.8501483439930041,0.0039143913756982535,-0.05013636354487907,0.8113978893899084,0.1074922585230468,1.5714285714285714
0.3195525038368069,0.9122990133580436,0.16669795162408074,0.3146581424073817,0.5524819968433226,0.19948367002436235,0.2792670648650711,0.12405356288441494,0.28274703667231393,0.25427787545128555,0.12464322990271026,0.07854657972642562,0.32018086924295786,0.13109348429004675,0.09423602615544495,0.2587314495744942,0.04913954696072557,0.3315210080095303,0.09830566757556633,0.895683408834825,0.21052548016887473,0.10029445481590805,0.5428542994598919,0.2269451372238836,0.13030279443533602,0.11755211916445267,0.307429956666575,0.12356785027548906,0.128706501854806,0.06007887835436679,0.06651942490701224,0.1353741079541413,0.11068916609098461,0.14327801989312425,0.08012213744422983,0.32660242910388343,0.20283557358051227,1.53402262952253,0.14462219884923916,0.19086702697102403,1.7928792064871586,0.11409564567240446,0.19091335640834575,1.6504756589029808,0.07602520609100208,0.3840390051457181,1.4287468423463818,0.14246634703790112,0.4547038160822353,1.183769297185408,0.15205184603879043,0.4420339867130092,0.9303460689568447,0.0842633233626306,0.37797471630280055,0.8285522542757755,0.06082035752333144,0.39600114317747215,0.8267671056528011,0.03514683332436856,0.43299772008772763,0.8168901786076398,0.09015253276262382,0.03809761779757567,1.4306544674694683,0.18688740599540926,-0.03446169765256303,1.1721679266289116,0.1978500849859282,-0.05009400361398156,0.9550295999838769,0.08907822472289258,-0.0072619096647967415,0.8803851871709002,0.0346741172434514,-0.017359890632611154,0.856133550042108,-0.006677681701413002,-0.052489685606619776,0.8157806110467531,0.0956595262062288,1.5892857142857142
0.3191980564806522,0.9125968595805711,0.16759910199708378,0.31401761614235096,0.5513124686827173,0.20181340476065396,0.2790634394379438,0.1238244860461774,0.2828164773421871,0.25496651703219636,0.12636123286064344,0.07661324771401973,0.32146038975940705,0.1304599474433231,0.09527887216688118,0.258572301841907,0.04977841286649288,0.3312609305623445,0.0985426747157408,0.8967414087505642,0.2111023457696132,0.10028737411160488,0.5438920959008284,0.22737905549865373,0.13058921312538466,0.11700161003530368,0.30846431135553976,0.12263132822635556,0.12881863401326038,0.05946516984976008,0.06645090073708991,0.13516364161258085,0.110909427097772,0.14338164044286333,0.07994258910401383,0.3267237192651168,0.20356759854944984,1.534463927405103,0.14672648449551898,0.19364961470166314,1.7938363424919412,0.11626136791831454,0.19280571471447547,1.6504090182774989,0.07570437072379865,0.3849039165392343,1.42813717151524,0.14285095813785778,0.45556996836454045,1.1835981057801863,0.15284596735677064,0.44401860447451746,0.9311366585372931,0.08264971693357366,0.38106143749133825,0.8324875674988372,0.05174511497179422,0.3977318923068777,0.8294717838924223,0.02760471152004826,0.4327708341720963,0.8172988613354487,0.08966154313076234,0.03801943481678936,1.4326557347014577,0.18684347315584532,-0.03621608160501957,1.1761997831892521,0.19573072558581378,-0.05053693007269634,0.9596028254301511,0.07608884684794323,-0.010248037351099895,0.8837630087124131,0.022241264470370684,-0.019162921834697963,0.8604885884234713,-0.014137708872903734,-0.05387272594491688,0.8199908953482663,0.08386465847842607,1.6071428571428572
0.3188927675993529,0.9127917097415932,0.1683719176181645,0.31336158012201615,0.5499379647625295,0.2042931396838436,0.2789054545044652,0.12385266068262399,0.2826895601641393,0.25584993633507186,0.1285124020668453,0.07362041468526173,0.32294089984403107,0.13032644199510293,0.09531400672757387,0.2584520826227154,0.05047390553928405,0.3309912349002448,0.09867876417110383,0.8980262785607648,0.21135764437067392,0.1002999006860475,0.5448206654597558,0.22773194780076483,0.13079167380238313,0.11656704481468788,0.3092275183601715,0.12199559227999066,0.1291252959827371,0.05862535489723796,0.0663859894089961,0.13511218892891586,0.11101869495569033,0.1434674305965501,0.07981017711788913,0.3268225586328061,0.20417885490385515,1.5351673525847485,0.14833357797902474,0.19690657514511484,1.7942572170292386,0.1193083954126353,0.19468842944078174,1.650325111679425,0.07553890804104679,0.38576116778361336,1.4276958168776193,0.14318593412903916,0.4559614702248985,1.1834422272372136,0.1533603572236036,0.4455689146731726,0.931200237620176,0.08190141000140988,0.3836373032516658,0.8355679510665195,0.04462204315580158,0.3989941727902624,0.8308964397660012,0.02225122891353118,0.4325638150908273,0.8176933490509106,0.08916007643655513,0.037951381356621364,1.4347335547732973,0.1868008259227316,-0.03760795745905829,1.1803872449852288,0.19379311132062454,-0.050761365095720976,0.9637822804201683,0.06445770188572719,-0.012875828162718032,0.8867710688546324,0.009782007196190198,-0.020532649372400475,0.8634621949135117,-0.018984491497080425,-0.05408387451485953,0.8242194965280477,0.07230853414316533,1.625
0.31863711241944126,0.9129014326036032,0.16898652154608795,0.3127397951864443,0.5485476942946715,0.2066784296403461,0.27879175315250654,0.1242051350769098,0.28235784709067396,0.25686781736481823,0.1305897278826984,0.07036716938667467,0.3243314605972887,0.13014100813757526,0.09511837209144812,0.2583742993496641,0.051181507427508675,0.33072852589688817,0.09871328872630508,0.8994809465265026,0.2112769007308192,0.10033448158831804,0.5455931110706222,0.2279914325330435,0.13092867972603603,0.1162743888810781,0.3097942013697841,0.12173721234452578,0.12935531835565436,0.05806462385188989,0.06627908537684322,0.1350777718776029,0.11091527000647194,0.1435376438582917,0.07971702554123017,0.326902812966839,0.20454430854294642,1.5364193802927528,0.14919584198147867,0.2005198470458657,1.7941673238221267,0.1234219120452974,0.196436887955532,1.6504738943907589,0.07553415699821203,0.38649616305566137,1.427371174043351,0.1434389206468962,0.455576723205926,1.1832457211458516,0.15308376039221544,0.4465199540919145,0.9306413967846697,0.08201040937086516,0.3854403173794651,0.837407057085867,0.039950536545488996,0.39959938648624405,0.8309178643686557,0.019251950968202966,0.4323562891263043,0.8179305872794432,0.088645853325303,0.03789989193781957,1.4366687288798154,0.1867669684912772,-0.03862999285178587,1.1847517865716128,0.1918511541114845,-0.05081229615289996,0.9676835599523331,0.054555591882083365,-0.015033469317649232,0.8895616336048688,-0.0018043300778646104,-0.022005475507628804,0.8659496592115206,-0.022455764463300082,-0.053416510699467144,0.8287981370008577,0.06162587320502433,1.6428571428571428
0.3184314891309764,0.9129931248239204,0.16939442366041363,0.3122037943621161,0.547383409918511,0.20870310070086873,0.27873516014760913,0.12486641837329066,0.2818308136781859,0.2578606287302743,0.13232290692347723,0.06769954340640164,0.3253738835411298,0.12983355561189167,0.09538349337163585,0.25833827436092993,0.05186425766520416,0.3304862801952209,0.0986468836811692,0.9009927682583228,0.21085089666929013,0.10038948596579406,0.5461540292894075,0.2281094929547558,0.1310298169245947,0.11607287587303838,0.3102466742120927,0.12180224531303069,0.12892599639805652,0.05872812150288421,0.06599550254782223,0.13456709388673435,0.11111385892034839,0.14359196852940473,0.07965378779860484,0.3269655359905057,0.20461010988639605,1.538242989939106,0.14930122002332066,0.20443938047355312,1.7937487897884226,0.12854097857693153,0.19794724621312132,1.6509259728502392,0.0756262652751207,0.38702911254752526,1.426988851553028,0.1436232447782332,0.454426354857165,1.18287854264681,0.15177770069882443,0.44686435910564914,0.9297954118784679,0.08255917881629146,0.3864020969532697,0.8379607101186223,0.03775593586174389,0.3995536364378942,0.8299122850620917,0.01799903769430536,0.4321095242822692,0.8178832454840415,0.08814356609889795,0.03787318134839279,1.4383372853496847,0.186740305940342,-0.03944566783175156,1.1890915562814663,0.18962719598338335,-0.05064044888739645,0.9714534082372451,0.04614335091015395,-0.016662127822562257,0.892164067710867,-0.011889652929908942,-0.024247937448307996,0.8689431910075932,-0.026054826724123126,-0.052278093191069,0.8342228286596064,0.05191249832560736,1.6607142857142858
0.31828127735076756,0.913111662056301,0.16954636639407367,0.3117832505776543,0.5465968269071219,0.2102229881636951,0.278744413373757,0.12580335205446178,0.2811183882992845,0.2586471819543433,0.13327743486133156,0.0664570121278295,0.326044407904613,0.12966172981750598,0.09635011498159528,0.25833786186521596,0.05251046723757091,0.3302624395405956,0.098469443275638,0.9024508253178606,0.21011916321188745,0.10046114529622813,0.5464755572783511,0.22805593814672687,0.13111229906264998,0.11584100667994171,0.31057130470337224,0.12199761534089801,0.12744436655558244,0.06116559255606692,0.065493798653175,0.1332240569158859,0.11211853742298343,0.1436281072441892,0.07961928155687253,0.327008408786255,0.2044538639103025,1.5403670961893527,0.14895215716597035,0.20859152256903235,1.7932677213702353,0.13437132369393812,0.1991837976546295,1.6515747207517115,0.07592296417734201,0.38731629664426703,1.4263113010629949,0.14377861426048333,0.45278420072350256,1.182254997951302,0.14961402875790727,0.4466755513833058,0.9290039525911811,0.08294455073583713,0.3865857906492624,0.8374190901722685,0.03772202768367529,0.39901299325704886,0.8285760636566456,0.01771215456799942,0.4318598256606812,0.8175601846682156,0.08777484790842516,0.0378757376594861,1.4396521050190938,0.18671879872300412,-0.0402238214186003,1.192926162257154,0.18709518797637856,-0.050231613480274676,0.9750913186541658,0.03885119100509274,-0.017753702187958256,0.8944214304440653,-0.02002269511706606,-0.027597923315227577,0.8728960215798123,-0.030989064420847617,-0.050991136817421706,0.8407896354148089,0.04261801124977753,1.6785714285714286
0.3181861260935672,0.9132212450604034,0.16943451532595463,0.3114881534045908,0.5462374963797441,0.21120455687521766,0.27882320707555835,0.12700563530313652,0.2802243098164732,0.25913908662589624,0.1331231336826126,0.06710956340426227,0.3265158125002169,0.12964037631138176,0.09800140008062935,0.2583652729190477,0.05314141950021634,0.33004005588977037,0.09815055086122021,0.9037954601228042,0.20917096165874094,0.10053673731383642,0.5465933461725448,0.22786670994320685,0.13115827338902114,0.11554053461473847,0.31064205479465173,0.12211823891812412,0.12502059349484088,0.06511988395644659,0.0648487189259932,0.13099408115286326,0.1140052660890552,0.14364270746644692,0.07961762335427186,0.32702938045817026,0.2042790274801803,1.5423408488920785,0.14859606476448564,0.2127660828489269,1.7929276732177448,0.1405310540033915,0.20020317619048775,1.652251302512248,0.0766877599201343,0.3873764298858352,1.4252495437432005,0.14393487852861162,0.450938814679613,1.1814406185212643,0.14694102773165169,0.44599676724248416,0.928478195794881,0.08276481470380043,0.38627552258132,0.836212266181272,0.03877969043689462,0.3981843039292903,0.827530849418416,0.017786053687282366,0.4316878854545494,0.8170981475143856,0.08762380542743864,0.03789638697659166,1.4405934951303732,0.18670430031797342,-0.04106852968202668,1.1958297976695316,0.18452333489219164,-0.04975901729161456,0.9785472611122153,0.0325383603646677,-0.01842046881729973,0.8962881596664263,-0.026032126822952473,-0.03200043732727901,0.8776635393692034,-0.03788575781429457,-0.04981797674175854,0.8481460272217504,0.033498438633393024,1.6964285714285714
0.31812604817010043,0.9132502320592524,0.1691395390831471,0.3113163299280648,0.5462944962498286,0.21166581357341593,0.2789764931020765,0.1284639518592508,0.2791461138768681,0.2594203964181033,0.1320935571003021,0.06945420069277973,0.3269629492416567,0.12956761628995753,0.10009560917955498,0.258413789892109,0.05379091795930282,0.32980954782301,0.09766786379252206,0.9050521822090968,0.20806372467158238,0.10058971122275488,0.5465641174543813,0.22764723279835158,0.131133497023905,0.11527007656605877,0.31035811717116624,0.12209970895088718,0.12204236022880582,0.06995448677857889,0.06417235206398511,0.12804256235937606,0.1165328108846855,0.14363018727095744,0.07964532963476251,0.3270327663374204,0.20430890030615684,1.5437699095993027,0.14851558270832335,0.21668715184950607,1.792765180885846,0.1466852256151076,0.20113025330924122,1.652794898604806,0.07811119025351002,0.38732229480165403,1.4239359234007996,0.1441137515003303,0.4491157757083614,1.180601676224034,0.14411948736411584,0.4448515101804109,0.9283152715134043,0.08199635446889961,0.38581316699191964,0.8349330539119159,0.03933826254499828,0.3972814942230174,0.8270613759426713,0.017774999994541074,0.4316089000103747,0.8166396423797851,0.08753268505809077,0.037910215361953735,1.441266496851165,0.18668812526305906,-0.04201056334140549,1.1976818187858915,0.1822646275020832,-0.04953099506430027,0.9817964155040665,0.027021120128186027,-0.018859693191982295,0.8979446550972688,-0.0302868505378404,-0.03711534736310143,0.882876220367932,-0.04672565455478388,-0.048986960054428395,0.8553372730017602,0.025149555668671997,1.7142857142857142
0.31806288337848493,0.9131854434097059,0.16883098296815385,0.31124487275007157,0.5466890470964684,0.211696455053477,0.27921167949663245,0.13010626355847335,0.277879001523833,0.25969608827185653,0.13072603650854972,0.07285647866828662,0.32743965018873666,0.12924829884136732,0.10236396432311742,0.25847363653073224,0.054477031464342025,0.3295857402597187,0.09706678153176732,0.906280560176497,0.20679791910602988,0.10059229839559343,0.5464143732800866,0.22749207138906058,0.13103032581650115,0.11517046092306948,0.30974629672257253,0.12200430560424254,0.11888079602987188,0.07509433989054053,0.0635684659675134,0.12470003595636982,0.1193533040963174,0.1435839356660852,0.07969168989211224,0.32702357689326905,0.20465604080291383,1.5445561538749792,0.1487352187788583,0.22020774002721716,1.7926479204254124,0.15247021703502847,0.2020386092191782,1.6530887857825602,0.08017912923095033,0.38729780905502964,1.4225976495207329,0.14433986583002287,0.4475405363677279,1.1798853506721105,0.14153389922441767,0.44325993738806,0.928468761504419,0.0810205613703025,0.3852025239474446,0.8340504340506832,0.038515812618759346,0.3964841361131356,0.827043317461315,0.01746790613370766,0.43154635735237407,0.8162263417421797,0.08715657611164496,0.03789906827366646,1.4418384530470225,0.18665076440232836,-0.04299894360295747,1.1985567268933137,0.18061243478920488,-0.0498545382939986,0.9847488140733114,0.021988805842152764,-0.01923326870205846,0.8995468208379115,-0.033445311771311395,-0.04246403035792064,0.8881849998618978,-0.057005961578114904,-0.04863572222453406,0.8613969391014574,0.01845043007849187,1.7321428571428572
0.3179688014955888,0.9130856688393584,0.16865399781636797,0.31122249245646455,0.5472755657125671,0.21148292748397723,0.2795295296297195,0.13176033101044143,0.2764519414912155,0.2601328259182397,0.12925831730685106,0.07673751080931898,0.3279605967186691,0.12864543914040655,0.10473534162830726,0.258534611931012,0.0551834835096252,0.32939741887029117,0.09646927610748537,0.9074722291277298,0.20537920990192754,0.10053902611754129,0.5461531714781751,0.22740833399494242,0.1308688047960872,0.11533955526659354,0.3088816996665291,0.12190638465582726,0.11592625288397687,0.07995132122247202,0.06313268468397765,0.12142432047039499,0.12209331609686346,0.14350641037097447,0.07976090864522042,0.3269796155466376,0.2052737779416703,1.5449144477189005,0.14916291681941032,0.22329665736940046,1.7924448885469821,0.1574793743192834,0.20286103387878504,1.6531286718123888,0.08266121079296959,0.38736279067788915,1.4214356484211899,0.14460897275484558,0.4464154934120432,1.1793756973699292,0.13957184022132355,0.4412386575285947,0.9286696381487037,0.08046603489776291,0.3841925157591706,0.833723002161834,0.03650896153245205,0.3959095362424486,0.8271276617188035,0.016922758050192,0.4313983922489638,0.8158609070663183,0.08623986331279919,0.03786814517696063,1.4424258754206638,0.18659357897481182,-0.043942719025753994,1.19859331315633,0.1796662258433419,-0.05090794800093568,0.9872359061773514,0.017276140078083563,-0.019724539972306044,0.9010481062749119,-0.035992761502261564,-0.04759609577121934,0.8932620765152758,-0.06800893698087743,-0.048660511304284025,0.8658029351902328,0.01373470893191088,1.75
0.31785339377473587,0.9130095121630595,0.1686127372891238,0.3111983287236397,0.5479419693253746,0.2111919544764289,0.27990354413235236,0.13321842970314374,0.27500071317370983,0.26075110880348407,0.12759610529165355,0.08072806423288378,0.3285709769879446,0.1281837114175907,0.10692277666742878,0.25860292768580306,0.055852442897635066,0.32926626419469945,0.09600890820811082,0.908550590320732,0.20381269339724056,0.10046242862398148,0.5458025931245409,0.22735581166169258,0.1306758681336492,0.1157999290727139,0.3078295624001386,0.12184786985365502,0.11376536341273072,0.08362463862199107,0.06294535278280315,0.1187071259000093,0.12436254994737381,0.14342377629887026,0.07989448938610161,0.32682358777081066,0.20599637030408788,1.5451746018676848,0.14971327209042887,0.22587094671106464,1.7921722102666804,0.16149418563537574,0.2035362919455722,1.6530712226339792,0.08505694731299462,0.3874895321897627,1.4205718967164311,0.1448426340146423,0.44583316581968957,1.1791164514597583,0.13851062779662776,0.4388912125320114,0.9285359246534395,0.08079684296600277,0.38269944158391295,0.8338442312091211,0.03378270018857771,0.3956210897584473,0.8271192015840789,0.016264373136586546,0.4310490358165231,0.8156177416471422,0.0847349555777376,0.0378391525076003,1.4430458263137789,0.1865486587715463,-0.04474747490502917,1.198071756037073,0.17924542780615987,-0.052634584482287805,0.9891236665857392,0.012897948364551465,-0.020602089366025228,0.902355817625551,-0.03814292373094755,-0.052099736561250214,0.89777074016018,-0.07879393035307483,-0.04871605608702166,0.8684384627765712,0.0105586090934143,1.7678571428571428
0.3177478784778568,0.9129786734353791,0.16861909147218396,0.3111631111014437,0.54868861298964,0.2108389253439356,0.2802680901580885,0.13436786996392844,0.2737747455266308,0.2614695329712787,0.12570862810995065,0.08448683017090171,0.32923524888450173,0.1283539917502058,0.10844928730562638,0.2586996392880056,0.05641851525161498,0.32919951200960945,0.09576988049022835,0.9094702569314932,0.2020429250626972,0.10042670824912299,0.5453999001638531,0.22732632512461148,0.13048154476913987,0.11646977757113519,0.3067029687139439,0.12184426031909038,0.11296943670985124,0.08519564404666752,0.06301879006902208,0.11691027023871858,0.1258065992089606,0.14337515306130208,0.08015069604688267,0.3264671806264913,0.20666330275658037,1.545606991645486,0.15031634108633665,0.22778986106845875,1.7919213241350547,0.16458870638365708,0.20416520432520124,1.6531656627019509,0.08669170422254549,0.3876452650212291,1.4200381508636986,0.14488950790340457,0.44575741609708125,1.1791216334483663,0.138367957222083,0.436454654544224,0.9278414350439823,0.08206929457341867,0.3808618382734863,0.834236164357173,0.030597732793283858,0.39560734411042175,0.8271152004088981,0.01551625288611222,0.4303660483128268,0.815554594929397,0.08270494154247826,0.037831395617778124,1.4436415574046204,0.18655056571271134,-0.045315519028068615,1.1974778377716182,0.17907218913877454,-0.05478997921629519,0.9904164359859972,0.008995595473009377,-0.02207354165506569,0.9035850522068135,-0.04002558785879215,-0.05563794012379854,0.9014739056509063,-0.08821846185709444,-0.04856385966386441,0.869517907934487,0.008190491457346225,1.7857142857142858
0.31766634322191867,0.9130102491462072,0.1686152775941108,0.3111457203501742,0.5495434984003058,0.21034828303556535,0.28055012897508674,0.13524434147835834,0.27299104405016505,0.26220307035410484,0.12378502713054935,0.08763786831175509,0.32978250667254694,0.12884326792962286,0.10944842475067716,0.25883001941062084,0.05685066465368239,0.32919136255586984,0.09576973970148278,0.9102579453183095,0.19999697250399742,0.10048652627666223,0.5449763537421605,0.22734413799568115,0.13030834085969611,0.11720142809797199,0.30564562597087214,0.12187885180531266,0.11349143674554502,0.08468432228011323,0.06324509393889419,0.1160774742172124,0.12630326355203156,0.14336268426406074,0.0805342464477316,0.3259433285291669,0.20728609353346583,1.5463051823763734,0.15086339793917283,0.22903910892919913,1.7917295365540975,0.16697276266505146,0.20488241787354838,1.6536007154889751,0.08704067192268314,0.38780892500567943,1.419805101620602,0.14467332401329486,0.4460765568211176,1.1793361767332924,0.13883955044097923,0.43419251804759773,0.9266372872180477,0.0840638847456709,0.37880559517305934,0.8347886758344271,0.02736506153298056,0.39573272832927553,0.8272712265128284,0.014687030964865316,0.4292850575190765,0.8155926679315774,0.08026322312072566,0.03785198836582627,1.444168251926637,0.1866157139246159,-0.04557951429359499,1.1973774640266,0.17904520503172633,-0.05708075504373217,0.9912923525094745,0.005813808752617611,-0.024175248910494,0.9050368208688704,-0.041851570987702286,-0.0581784069496807,0.9044092820820797,-0.09543035404436345,-0.04834372677688612,0.8697135437515382,0.0062023281033316835,1.8035714285714288
0.3175933051182507,0.9131461806446669,0.16860255189388035,0.3111792136020182,0.5504702744150124,0.2096778972807873,0.28071591498504217,0.13592416666556134,0.27269993463630854,0.2628616281484425,0.12206795983850362,0.08996673496294028,0.3300666712287167,0.12889049477411965,0.11058728980377443,0.258973724029033,0.057121039613285615,0.3292283761054143,0.09595663284757125,0.910942897881113,0.1977345599805963,0.1006423607828636,0.5445570328312634,0.22741632480362742,0.13016053393617397,0.11788394228007591,0.30474237286323047,0.12190768911921131,0.11461898765074478,0.08316027444460992,0.06345177110123804,0.11591855112375488,0.126139454862913,0.14332863697556406,0.08097071127303204,0.3254461342275117,0.20804092786876485,1.5471235766389908,0.15119719250001767,0.22986408515539924,1.7915637301351937,0.16887501704799265,0.20567532718642828,1.6543817901531355,0.08595604125713213,0.387915101522901,1.419783939118147,0.14444653376308025,0.4466740183355512,1.1796071450966328,0.13950055407022846,0.4322928529283382,0.9251328763830408,0.08646968378277868,0.3765342370478026,0.8353388146651648,0.02510371951273399,0.39576872308530586,0.8275657747999433,0.01402246101605488,0.4278754285748294,0.8156123323756366,0.07763018240927816,0.037898643282158945,1.4446633887810194,0.18674118396876022,-0.04556061672206625,1.1981094575481273,0.17917566794287268,-0.05921408660479027,0.9919717890068528,0.003502011275094724,-0.02680376770996107,0.9069319505276999,-0.04389295506649034,-0.06000103567124988,0.9068128968370938,-0.10024993709315355,-0.04833667341092739,0.8699921390815583,0.004413509501240531,1.821428571428572
0.3175084179350057,0.9134288815098855,0.16859073769989652,0.3112827020404853,0.5514257129231902,0.20882806341857713,0.28077760180284855,0.1364127062310987,0.27282384990247754,0.263279150258333,0.12060970133140428,0.09157054720767685,0.3301075159587742,0.1282272014797896,0.11227339942511728,0.2591061819613418,0.05720694448748349,0.329292838100844,0.09621465330934478,0.91149392579689,0.19548616345977338,0.10084374145883396,0.544201832622767,0.22750701067104218,0.1300338000350272,0.11848257329605491,0.3040081983913789,0.12189484370733181,0.1158422949219937,0.08139178511263426,0.06353365586820835,0.11605903716188909,0.1258066880987084,0.14320726328706848,0.08136466743512388,0.3251790884779928,0.2090501703114701,1.5478031786684683,0.15120135704987794,0.23061018187651577,1.7913848945106852,0.1704381460851161,0.20643494849394647,1.6553111587549743,0.08373711103797479,0.38785477322624007,1.4197992588917767,0.14475002691637073,0.4474727920094548,1.1797545504601596,0.1401195014428393,0.4309073805976993,0.9235444095306373,0.0889248033621337,0.37400044049151904,0.8354943570062203,0.025188023845978347,0.39553892067937735,0.8277908526117411,0.01401987152093083,0.4263238329953957,0.8155665445962893,0.0751778837873754,0.037964165506352794,1.445197670847285,0.1869049175852644,-0.04540276570022306,1.1995407634187543,0.17927727794381354,-0.060927311280560364,0.9925079071487303,0.002036940173846924,-0.02975673314648803,0.9092556576730623,-0.04627965622561564,-0.06140299050072118,0.9088563965058071,-0.1029876070905731,-0.048612297777807026,0.8710339429295234,0.0025084754745889892,1.8392857142857144
0.3174261119709387,0.913834532333259,0.1685688854043495,0.3114672665596443,0.5524374561732188,0.207793709755839,0.28077989293328737,0.13674249400238792,0.2732041096663522,0.2632659575929155,0.11928538398158514,0.09269554951887429,0.330022698231636,0.12707175723644903,0.11440609823898762,0.25921125837378084,0.057172623194263694,0.3293619129481047,0.09642102079707957,0.9118910045082023,0.19348223006747234,0.10102912033044353,0.5440051034172497,0.22755630903776913,0.12992641225197707,0.1190016434843025,0.3034337399034632,0.12184821914621323,0.1173968829143305,0.07898552906123438,0.0634983902952703,0.11626269851737536,0.12558828158059457,0.1429848591309536,0.08163057114892935,0.3252226435606881,0.21028146890688085,1.5482031181848057,0.1508837869499749,0.2314278020057734,1.791202971089758,0.1715870676115984,0.20709565334206004,1.6560862957667748,0.08110631222198911,0.38756197386654734,1.419671025706412,0.14597524261152844,0.4484092417311347,1.1797245498648083,0.14069850332557327,0.43018999863685126,0.9220848136449511,0.09101618402558713,0.3712382427137688,0.8347755127839454,0.028422736269013704,0.3950430006604777,0.8276451208260034,0.015067702946338926,0.424880583359166,0.81545033638557,0.07332418982183025,0.038039217724384074,1.4457691049151113,0.18707037945019167,-0.045309627117456744,1.2012224768932616,0.17894724098250947,-0.06207973658826914,0.9928519843885688,0.001294769625383968,-0.03276654771112937,0.9118324198679935,-0.04883815842465275,-0.0625493518091238,0.9105904308648105,-0.10414729466761252,-0.049065310916952126,0.8728638966485877,0.00023417764994296264,1.8571428571428568
0.317409941314974,0.9142615601379322,0.16852691259002617,0.311745800362499,0.553566914667758,0.20655424389611857,0.280783537215371,0.13709742665023417,0.2735751578543861,0.26278854343271346,0.11813010259833213,0.09348119671002719,0.3298879746421477,0.12582763433235364,0.11636865366260277,0.25928274827721565,0.05713588655847737,0.3294193174471129,0.09653570779664417,0.9122361133029339,0.1918140480380902,0.101162072610365,0.5440304810821237,0.22752030679127744,0.12984006797593264,0.11944955859932972,0.3030124852864954,0.12181653765681294,0.11963405154202558,0.07538003953967963,0.06340577394776067,0.1164230634299966,0.12548688031018312,0.1427090349724547,0.08166533931372895,0.3255624780325291,0.21166068081050826,1.5483659248068178,0.15036175098885027,0.23224436018351485,1.7910996316856345,0.17219415807070662,0.20765802294993782,1.6564588951430006,0.07884505864650743,0.38706001864668044,1.419348079178372,0.14808398053667154,0.4493863112346324,1.179660075181882,0.14128635149125987,0.4302006385316551,0.9210266965968286,0.09237361954682739,0.3684068139859863,0.8330039751039552,0.034437207260871044,0.3944081648179695,0.8268956664532982,0.01717511654870439,0.4237630473920988,0.8152815365021485,0.0722835062155746,0.038116073121282,1.4462854482993799,0.18720121156133757,-0.04540151748543283,1.2027550804104943,0.17791245254809368,-0.06267852219733927,0.9930825991973153,0.0009674267552298443,-0.03551420134780028,0.9144593269793052,-0.051224413888650386,-0.06351031709314087,0.9120670513781495,-0.10433179876597701,-0.04965820452251733,0.8750247452761934,-0.0020828252723885526,1.875
0.3175114975603061,0.9146211596088867,0.16846904512667982,0.31212273191503354,0.5548169317179742,0.2051162226250629,0.28082140880403944,0.13763509716564937,0.2736629880011113,0.26200679702990043,0.11746998291709936,0.09389977515124809,0.32970630869578915,0.12506311624996555,0.11713101161179222,0.25932482383189626,0.05713938155447956,0.3294685457345363,0.09660823696121029,0.9126906748054308,0.19048191359004601,0.1012389072662215,0.5442958119431929,0.22738904667005075,0.12977549735994276,0.11983416625244889,0.3027434693434877,0.12184197339717755,0.12217198717701876,0.0711946438139863,0.06330590735724692,0.11650196653815026,0.12543111831350015,0.1424526909930935,0.08137650558793033,0.3261692131372488,0.21312213664905072,1.5484152813312304,0.14978169447776238,0.2329965621571935,1.7911939486252217,0.1724065878458406,0.20815254647566225,1.6563385148834193,0.07725056621811521,0.38642510194663693,1.4189006883844497,0.15075320110371188,0.45028360365432923,1.1797771471936624,0.14187621617151677,0.4308076803211414,0.9206237153388027,0.09288721316936445,0.3656639150690201,0.8304436325570796,0.04207701218118484,0.3937204147448881,0.8255361084062944,0.0200244496159524,0.4230538971936424,0.8151134996568331,0.07191251855556037,0.038188902545138924,1.446636494398593,0.18727415186883264,-0.045666450499531094,1.2039143497109293,0.17623798263696158,-0.06283784543247405,0.9933625902182281,0.0006638064658367193,-0.037633380084273686,0.9169295435598669,-0.053218515702840336,-0.06428299671552576,0.9133704501928899,-0.10417484933357854,-0.05047247836428455,0.8769812331583454,-0.003620584976304228,1.8928571428571428
0.3176818949195,0.9149035299346743,0.16839715390010643,0.31256588376050576,0.556080491554041,0.20358905088147317,0.2808696963085739,0.1382650009863516,0.2733760030924303,0.26111459463027753,0.11758220977387934,0.09369724610730598,0.32947168681233585,0.12517012588989107,0.11599195733522116,0.25934052692082354,0.05713463193950345,0.3295247567058097,0.0966941755813232,0.9133147778697377,0.1894940095865088,0.10126871774534361,0.5448147645424266,0.22717780375952593,0.12972763749869745,0.12016695892804685,0.30262594379167473,0.12191350320310895,0.12401885480207059,0.06804955163195164,0.0632204434240543,0.11652027370432515,0.12538437337460243,0.1422447164253916,0.08079154006397288,0.3270240819295393,0.2145307425235013,1.5484880613466794,0.14925307806300298,0.23372928135515667,1.7915447868056076,0.17256995379287218,0.20862541835026266,1.6558056134058265,0.07608281447867582,0.3857452275084928,1.4184242896466086,0.15360455543862972,0.45098210072224376,1.1801971785068077,0.14242377722261718,0.4317425187417274,0.9208884600192886,0.09286077917328449,0.36309530302788373,0.8276124833581211,0.0501445318997631,0.39295478584907284,0.8237494891857543,0.023131381772150614,0.42270317644811534,0.8149946568443484,0.07186704540088533,0.03825242811302787,1.4467812076584308,0.18728594996372805,-0.04603354833703742,1.204573079947377,0.1741987678914275,-0.06280887755283644,0.9937373171599264,0.00034603120796977693,-0.03884287066569384,0.9189353090427622,-0.05478131856478444,-0.064847378749416,0.9145710998812921,-0.10414163580691158,-0.051553942323792415,0.8784179816534758,-0.003676356837547745,1.9107142857142856
0.31780520191639977,0.9151510234046629,0.16830279574221813,0.3130018999969957,0.5571669954769001,0.2022004062797945,0.28089198387921294,0.13880017820554563,0.27285421422815725,0.260233263051767,0.118408222627056,0.09239541066114632,0.32922906980034994,0.1260893195019846,0.11312349919373045,0.2593181475719392,0.05707065309607469,0.32959241820903595,0.09680610460192408,0.9140422141948149,0.1888754306239297,0.10126087307348353,0.5455708529501312,0.22692327660390693,0.129687293772948,0.1204479474332138,0.30265865272166953,0.12197022537718898,0.12449645021028288,0.0671061401440606,0.0631548787109267,0.11652865390219014,0.12534015404796392,0.14203003694549818,0.08008924167897516,0.3280995286157465,0.2156646563010678,1.5486956255895294,0.14884751370237817,0.23444459418419888,1.7921085040607048,0.1728319479248815,0.209129972263025,1.655075495639065,0.07494608253719665,0.38510968432866266,1.4180027228492158,0.15627440667357803,0.45137226536893815,1.1809094868677232,0.1428740963238102,0.4327661713923697,0.9215520995762913,0.0927852700330801,0.36085406437463385,0.8250923324740266,0.05759864891061718,0.39207120815370133,0.8217775834830162,0.025986052536616303,0.42262606545837367,0.8149036813374417,0.07192197897514525,0.038305292083149055,1.446789619360231,0.1872539526786098,-0.04643655823483367,1.2046980986445004,0.1720937575856027,-0.06296246087647409,0.994114982422385,0.00038889704643452205,-0.03918055721204933,0.9200519709313977,-0.0558149565854289,-0.06523271431438109,0.9157315063628519,-0.10433798941137676,-0.052812679151287956,0.8792515585591567,-0.002119242706196664,1.9285714285714288
0.3178252539411198,0.9153976673522576,0.1681760646698338,0.3133640128934436,0.5579169432741365,0.20115757710548743,0.2808816098230086,0.1391677189227529,0.2723568948164894,0.2594427291359756,0.11976111638167397,0.08964347648455624,0.3290596729788906,0.12771178465784735,0.10910520455028737,0.25923738588681394,0.05695538141156759,0.32965147077097745,0.09692386796517048,0.9147680224617345,0.18859233962383032,0.10122845305046889,0.5464693414601686,0.22667130042346928,0.1296523786050773,0.12065803644244784,0.3028411867645604,0.12192275292203043,0.12378190205864147,0.06814695123302619,0.06311432991162826,0.11654568714991036,0.1253108464616746,0.14172923761092926,0.0794524156321818,0.3293504395376731,0.21631622007647686,1.5490627959184062,0.14861898156502867,0.23500717433933993,1.7927906958038067,0.17302700249608807,0.20972942650214657,1.6544029219081884,0.0734966871952307,0.3846102906980874,1.4177199164074898,0.15839809498735766,0.4514165535397908,1.181811977075923,0.14317339248022495,0.43373495047853017,0.9223102201696999,0.09290598054715331,0.35919298362801483,0.8233615634895415,0.06345202474714359,0.3911418779678819,0.8198429952271982,0.028157211087308384,0.42276552755945274,0.8146426683304838,0.07214907371555583,0.03835111647716251,1.4467800241979134,0.18720474503606283,-0.04682069744133352,1.2044353136414403,0.17018305715916524,-0.0636068677592847,0.9943838584549787,0.0010952408993811225,-0.03901682719808237,0.9200256894815042,-0.0561578678553421,-0.06548265372830744,0.9169144518167526,-0.10459681905038766,-0.05409586336891015,0.8794429813227507,0.0005945289974644552,1.946428571428572
0.31777660015296944,0.9156250938095213,0.16802063366873604,0.3136380059505671,0.5582982586943961,0.20050586814875693,0.28082686369347365,0.13931681726314482,0.27212399594083997,0.25883029067225555,0.12161194595264997,0.08555744013026438,0.328993447845351,0.13004022100231177,0.10443146545879653,0.2590951423651721,0.05683910203556865,0.3296761187141203,0.09700863441882329,0.9153916842654259,0.18851533799515538,0.10118407086238954,0.5473978576231617,0.2264472430259299,0.1296348186594102,0.1207961809122232,0.30316792657837355,0.12167029664514552,0.12243416039672966,0.07026036465786625,0.0631018880969243,0.11652501745138147,0.12531697073641698,0.14132563620855354,0.07892254759421305,0.3307266906694492,0.21644364411390427,1.5495255606457785,0.14857575881076973,0.2352692739714708,1.793490208632143,0.1729770791355354,0.21046746446508552,1.6539635083461353,0.07153515604766905,0.3843268340397805,1.4176276884382373,0.15966244486568498,0.45122984140759237,1.1827267894785134,0.1432634921219152,0.4344866870232858,0.9230121138968839,0.09313633417989774,0.35823784638229017,0.822587181382156,0.06699623163901519,0.39037755788704664,0.818107442143374,0.02936650671448046,0.42308110424333334,0.8138301791790158,0.07281540048724908,0.03839271442722796,1.4468072812334294,0.18716085543717523,-0.04713173256948866,1.204078887580686,0.16870578958926172,-0.0648290938232649,0.9944863134922104,0.0024095300377642848,-0.038762989803816095,0.9191327166500635,-0.05593733863097819,-0.06562318033642561,0.918139242437633,-0.10475081163912761,-0.055282398246901523,0.8790041627023688,0.003706075624069452,1.9642857142857144
0.3177149360513955,0.9157666780522488,0.16786527355506764,0.3138429819562391,0.5583559913410518,0.2001881831578799,0.280684883246693,0.13913406216274915,0.2723232992652026,0.2584842539128035,0.12397107589706514,0.0806569566522011,0.32897954822392717,0.13280558303371567,0.09961475817723357,0.258931502035905,0.0567482753604889,0.32967178574595574,0.09702823775505917,0.9158196002625172,0.18852098210346613,0.10113643680393213,0.5482835921962078,0.22625769256195516,0.12965064878915286,0.12086612329514554,0.30362435899788304,0.1211552026189808,0.12073940508082787,0.07291110739484293,0.06310710201938316,0.1164246115148255,0.1253624299698205,0.14086364264796403,0.07844149034577674,0.33218064984571954,0.21624906629330073,1.5499676688613988,0.14864540815076624,0.2352662824794321,1.7941045345318634,0.1728547383327836,0.21130062880571626,1.6538159705288897,0.0691719824827125,0.3842779966906188,1.4176581336060912,0.1600005184776256,0.45100901064588317,1.1834210322284455,0.14309886431738944,0.434796955971829,0.9236045258575188,0.09330805213415812,0.35787956882959926,0.8225288466046339,0.06820976445356941,0.3899841669389561,0.8166930868514587,0.029627151572996488,0.42354870689249813,0.8122465093111169,0.07409851567493587,0.0384286643602336,1.446839577330804,0.1871363932312736,-0.0473223630101986,1.2038724338242566,0.16786515275992486,-0.06650665589318785,0.994411428106274,0.004076887642441518,-0.03861696680162424,0.918045414771238,-0.05556649955490152,-0.0656889801510407,0.9193272055279824,-0.1047380454036445,-0.05625249028062765,0.878250140984965,0.006404354090654804,1.9821428571428568
0.31767310375167646,0.9157393189525046,0.16775023693371885,0.3139873816168985,0.5581105799084335,0.20018002246248456,0.2804328521917535,0.13859153105796826,0.2730322093026588,0.25842843018255496,0.12668659705891916,0.07558322306378894,0.3289663092956455,0.1354874913512979,0.09529846204790186,0.25882013824262556,0.056645358386554434,0.32967892192327947,0.09698612693388571,0.9160044310710093,0.18860399291194513,0.10109784979130194,0.5490439888131524,0.22611775907921244,0.1297053989038029,0.12080202802208037,0.30419404544755047,0.12041654158550949,0.11888902899197208,0.07573117610187284,0.06310523124636729,0.11632880173829467,0.1254079299835741,0.14038946784061102,0.0779602657445876,0.33367068283917883,0.21602871016173958,1.5502453710980069,0.14872392877088247,0.2352583488283448,1.7945418049867208,0.1731808378795,0.2121015315308313,1.6539180745755897,0.0668082315853816,0.3843814973883973,1.4176190636207222,0.15973923256168682,0.4508706771414197,1.1836751097634282,0.14278369821626577,0.4345440396754182,0.9240262915579717,0.09334308149198538,0.35797535657761337,0.822662808187957,0.06772417379386318,0.389987315237007,0.8156967881745858,0.02935249679900853,0.42417848685297377,0.8101461538827162,0.0759000157292295,0.03845507645175395,1.446820450566737,0.18713534273030336,-0.04738213465161924,1.203862329962006,0.16768787210022726,-0.06841614231119761,0.9941634826911259,0.005831574168695286,-0.03855593607194292,0.9172687736864941,-0.05531751026458698,-0.06572158784571593,0.9203108532534287,-0.10452297780815298,-0.056851425061052695,0.8777729387524784,0.007913426367309018,2.0
0.3176653913375696,0.9154871169690122,0.16768167211994,0.3140636055810066,0.5575549466441198,0.20049150727874016,0.280116522470285,0.13782225950003868,0.27414484829660396,0.25856683318155255,0.1294776467741767,0.07089828047857803,0.3289463269175066,0.13764059487497043,0.09209863163852264,0.25882023721851055,0.056465253487233226,0.3297384000832595,0.09690810002289775,0.9159751994417981,0.18883743639548778,0.10108232938355617,0.5495778893454744,0.2260503371383163,0.12979502171515497,0.12051353361941144,0.30486689618936264,0.11957277504290359,0.11744994140961715,0.07780517302167672,0.06307426561814747,0.11643187325739462,0.1253854295762956,0.1399242700348342,0.07746292643781728,0.33516465800403883,0.21592914519790807,1.5502773171585917,0.14876363141294607,0.2355066300028327,1.7947528291712238,0.1743371884286176,0.2127289887330837,1.6541363474584119,0.06492789617136696,0.38450852512225575,1.417342382885552,0.1593717103111071,0.4508305766416102,1.183358025348486,0.14266614888470427,0.43384013097545937,0.9242100081728941,0.09324425984874977,0.35850655034278467,0.8223905458102813,0.06632286937509203,0.390281329286021,0.8150976408599058,0.029112675030944724,0.4249836186604537,0.8080187202444721,0.07789688113548138,0.038468944343495626,1.4467369141282302,0.1871503823192928,-0.04736287433296997,1.2039511633895734,0.16788502946555106,-0.07028760710155857,0.9937618311231001,0.007441936755474943,-0.03847548915558608,0.9169031861632998,-0.05517787856951974,-0.06574885768524676,0.9209540373964782,-0.10405325303056556,-0.05695384583989839,0.877971006599032,0.00766197332918904,2.017857142857143
0.31770242408145,0.9150342994342175,0.16758700279804978,0.3140766894033612,0.5567435047931548,0.20105219931762652,0.2798147996259075,0.13694980923408837,0.2753500380214679,0.2587464975697602,0.13197578656303063,0.06708288873906976,0.32893436021640965,0.13895548138121808,0.09032249786417565,0.25894901423279426,0.05617606805795959,0.32986309035591316,0.09680539635430523,0.91579743372491,0.18927415905382877,0.10109336827109731,0.5498369260560722,0.22606485234760687,0.12992472571523858,0.11999087056748989,0.3056479092270377,0.11876430389407719,0.11710048035553898,0.07809159031446632,0.06300716285927302,0.1168717568475092,0.12525116129571062,0.1394742521657213,0.07695231017200505,0.33663351058943725,0.21591772036699017,1.5501418141848131,0.1487750059824757,0.23601235280141766,1.7947675029178343,0.1761026941426686,0.21308630544154733,1.6543164321891577,0.06389239497003987,0.3845886044933622,1.4168069309470863,0.1591518811916641,0.45089030071943825,1.1824908145960795,0.14314372647977733,0.432929004024194,0.9241526996711348,0.09305003521059729,0.3594883624055374,0.8213294736431441,0.06452054115743822,0.390802377213358,0.8147314300400867,0.029204743329882932,0.42591572366241137,0.8061694178633464,0.07978811177136876,0.03847359065078371,1.446667355032296,0.18716794469718528,-0.04735379827301397,1.2040410366457452,0.16800082398830907,-0.07177230995395888,0.9932769569445004,0.008723026343691154,-0.038338344742634214,0.9169324663557635,-0.055076798643284894,-0.06577945469209998,0.9212538572621108,-0.10332311909640239,-0.05654204225190891,0.8787177526552972,0.005652091456250216,2.0357142857142856
0.3177895575199594,0.9144807860831049,0.1673543051683943,0.31406842853335,0.5558636952326215,0.20163799798771742,0.27956989340528093,0.13601480684499825,0.2763409253239782,0.25885007780516156,0.13372917533998732,0.06462427612711166,0.32895652435905287,0.13930138323291655,0.08978712770783112,0.2591994876352138,0.05578157123904948,0.33004171990740916,0.09666520481256849,0.9155301026649161,0.18992598860130386,0.10112264908077787,0.5498380066590843,0.22615098863548241,0.13012044406188006,0.11925515073096381,0.30655984197734537,0.11810697944278065,0.117938089865174,0.07650157576813417,0.06290590675998334,0.11763646710979986,0.12501289042577682,0.13904273251153232,0.07644634053015459,0.3380431279100615,0.2159250354200321,1.5500009903836078,0.14877033939637574,0.23654013453674516,1.79467236839097,0.17777436070173358,0.21317938699781863,1.6543941239549738,0.06370718108264417,0.3846279757911392,1.416104550356597,0.1590394879875478,0.45103407593913614,1.1812762097517016,0.1443243458719583,0.4320103794791643,0.9239612199277264,0.09281974617502917,0.36085238937203973,0.819676878487345,0.06249456965615173,0.39151234127516543,0.8144664555042017,0.02956077464390848,0.42682111492539876,0.8046316477377572,0.08159285739235607,0.03847948462193698,1.4467558703712702,0.18717748788939026,-0.047403663844658245,1.2041003702373783,0.16781021754971953,-0.07250490907960187,0.9928475580958069,0.009559943058409737,-0.038235928335103586,0.9174301465643583,-0.05506066759183882,-0.06580398834843472,0.921292749381187,-0.1024918371984104,-0.055791011236805146,0.879553503847959,0.002707519464166905,2.0535714285714284
0.3179024282110648,0.9139182046767796,0.16697575900904904,0.314103654159252,0.5551699916877179,0.20197454436474294,0.27936196510319683,0.13508758869112392,0.2770891346789652,0.25879888588075095,0.13443991219587306,0.06387352839355342,0.3290342982552266,0.1388215443388821,0.08999639642852009,0.2595562965990909,0.05527656411207828,0.3302615423311145,0.09647018388632123,0.9152114064705767,0.19079390625867898,0.10116180330555713,0.5496022822932174,0.22629211969725804,0.13040510594242158,0.11827823401782689,0.30761541091296385,0.11766139426161898,0.11929309843801263,0.07415471138781171,0.0627764337161372,0.11860965820279301,0.12471324624144622,0.13863505922998853,0.07596868795512675,0.3393569734430894,0.21592493896920123,1.549944360246497,0.14874962996211308,0.2368656316933269,1.794497771264922,0.1787394667129496,0.21314859080341408,1.6544090304909644,0.06390914776928008,0.38465267538484427,1.4153541277147945,0.15893168369341198,0.45114808187479377,1.1800342157080166,0.1458462426208024,0.43120423417076736,0.9237883764419498,0.09261424720544115,0.36243710179253386,0.8181633629580051,0.06028179078717669,0.39226811014538365,0.8143190135768169,0.029968851900401827,0.4274767736292867,0.8033283889907402,0.08359917515606707,0.03849564722719444,1.4471100110479005,0.18717741295711712,-0.04746293096860371,1.2041182122746854,0.1675511081471983,-0.07235976707678575,0.9925957744705497,0.009969793121381548,-0.03828997392221218,0.9184210999641867,-0.05525454769032817,-0.0658116442531011,0.9211607197061487,-0.10185981292452076,-0.05505212389568298,0.8801237787536356,7.516142764185663e-05,2.071428571428572
0.3179839625491485,0.9133541858038856,0.16661033412650522,0.3142219590938524,0.5548070937526481,0.20193498853024572,0.2791326040768182,0.13421986161648017,0.27785007132272826,0.2586172569734349,0.13423155313318808,0.06464265393486027,0.32916418408608983,0.13781110791890477,0.09049131066983186,0.2599913489389503,0.05465098572858113,0.3305165606191373,0.09621789518394387,0.9148515902396437,0.19186894399650606,0.1012094256240028,0.5491503905211177,0.22647626896929823,0.1307504705003027,0.1170844479089444,0.30874649324064085,0.11743032010064176,0.12029724563922757,0.07245057295093477,0.06263021904449015,0.11963865150480638,0.12440415358108237,0.13826076374863816,0.07553739549768891,0.3405436289822188,0.21592133159922805,1.549961228053763,0.14871714676405304,0.23694715610241976,1.7942001616649492,0.17889640835253132,0.21315753128696413,1.6544196610416864,0.06395214425793735,0.38467586410729915,1.4146669100850315,0.15879672097688577,0.451042691845866,1.1790724488779287,0.14706733875295622,0.4306080117075248,0.9237166562836158,0.09247732494552613,0.36403496040031674,0.8175150240765204,0.05799495553692488,0.39285374418725694,0.8143493094165069,0.030265893753682424,0.42771464582711016,0.8022391686946025,0.08594697917345802,0.03852164082052982,1.4477211886371077,0.1871751448032094,-0.04742119145626093,1.2040572740010156,0.16771914560626122,-0.07161972653089693,0.9925083187372067,0.010164762811725847,-0.038459569435783186,0.9197044623020068,-0.05565151144868914,-0.06582010405260222,0.920938313716356,-0.10161660926115508,-0.054636901348483834,0.8803960666765902,-0.0013948974961679322,2.0892857142857144
0.3179857264236599,0.9127363683299381,0.16644641951139116,0.3143980283749834,0.5547048019821241,0.2016314382760259,0.27884531553848807,0.13329377066416265,0.2788425172929166,0.258519198011842,0.13344803418463524,0.06625099354397301,0.3293293778495496,0.13658971405605744,0.09098069106125933,0.2604811353079854,0.05395621929518611,0.3307982122203279,0.09592722946654011,0.9144615522265717,0.19306453627908016,0.10126485434260042,0.5485888297150601,0.2266857118231308,0.13105654379882314,0.11588131865312107,0.3097606390617618,0.1173745398132955,0.12059086262169189,0.07194628549025182,0.06248418944355395,0.12057275217789663,0.12413488595606274,0.13793402416093725,0.07516062394451178,0.34158002069076476,0.2159216605557624,1.5500061557273976,0.14868330558324958,0.23688386204979123,1.7937744191116154,0.1785541595368379,0.21320518525391952,1.6544342665247955,0.06382444549460997,0.3846994124459639,1.4141443755703151,0.15865950984460828,0.45062191186674394,1.1785818057450204,0.14755480006974464,0.43030736763806754,0.9237379131588768,0.09243412102112468,0.36543771077491577,0.8180354655491591,0.05586601500381372,0.39313394358344395,0.8145495449459446,0.030406671588863413,0.4275201046063938,0.8014071887415593,0.08850272417835033,0.038546700435361264,1.4484502393028658,0.1871809585457729,-0.04720425966818394,1.2038728788706188,0.16863963707836088,-0.0707281460915235,0.9924703415168825,0.01043821478896409,-0.038500127129856315,0.9208261248694195,-0.055911922161476404,-0.06587750270248904,0.9206477440034844,-0.1017438439322022,-0.054665190224584895,0.8804585350331524,-0.0015483688569228188,2.107142857142857
0.31789881014819893,0.9120457654326375,0.16655964062837264,0.3145563079717133,0.5546592790662045,0.201322281375307,0.2785273226077005,0.13208063077501603,0.280018563085576,0.25874234647335637,0.13232946648937513,0.06824082474261307,0.32954487864615434,0.13555057835623388,0.09134602162366762,0.2610360914605552,0.0532926593936756,0.3311012515127502,0.09563220558061457,0.9140855205631534,0.1941686477298163,0.10132188285978692,0.5481266726368628,0.22688715201642573,0.13120658255564813,0.11500050507453977,0.3104363815189061,0.11741296956217918,0.12041611443667907,0.07221687492373818,0.06235594771094718,0.12128011719129118,0.1239557320604917,0.13767034232381115,0.07484048851325992,0.34244693559690476,0.21592876020682827,1.5500450241206365,0.14865623325843508,0.2367882147540556,1.7932345042894968,0.17807134757617155,0.21312662665721305,1.6544175480877008,0.0640440391206579,0.384719904874855,1.4138627827847434,0.1585547503609099,0.44999384908956197,1.178567889678608,0.14734267040200172,0.4303085072095484,0.9238133182840061,0.09247857592805683,0.3664557073573765,0.8195847059347491,0.054176208712375176,0.39313480307431237,0.8148217907482989,0.03043819460905521,0.4270080825186212,0.8007876278568364,0.09115488058220791,0.03855587022013092,1.449084303869723,0.18719503874842647,-0.04681913342948645,1.2035349487981204,0.17028092339046957,-0.06988430106136215,0.9924086436479755,0.010947945577564622,-0.03816817224790911,0.9212642343019003,-0.055512950728912075,-0.06599067332972708,0.9202060204677655,-0.10213948627461503,-0.0550852471281042,0.8801997079599541,-0.0005456260566340521,2.125
0.3177428413720338,0.911335584139294,0.16692644405811358,0.31463041026844346,0.5545101703300902,0.20122014834197893,0.2782351839206978,0.13048886254046277,0.28117690132748263,0.25928968970308386,0.1311033449687299,0.07066679254775093,0.32986588862397515,0.135048182369352,0.09170048048052512,0.2616678511561161,0.05269843816867494,0.3314321182087354,0.0953651882097317,0.9137703926392428,0.19497065413322578,0.10137130321587143,0.5479289886192279,0.22704987468987642,0.1311631991856921,0.1147007310798718,0.3106736319724068,0.1174482643714488,0.12016269160528634,0.0725967415121999,0.06225381880454771,0.12167445881150073,0.12391380592669635,0.13748056920742413,0.07458369618125933,0.34311696108833195,0.21594233098667798,1.550069798876223,0.1486366711784175,0.23676226732740158,1.7925361836733027,0.17777488039721634,0.2127845306714442,1.654341501520967,0.06505049495121953,0.3847349411163755,1.4138254972986652,0.15849592058451797,0.44935246921039973,1.1788337543599765,0.14663163015420885,0.43047685685998105,0.9239077900258734,0.09256063519184503,0.36694824078324473,0.8217455877146772,0.053165780778411775,0.3930046251675485,0.8150202463330322,0.030424499878071623,0.4263154423629717,0.8002304296226216,0.09388562828722737,0.038540257716991703,1.4494467724440845,0.18720308010083092,-0.04632618638953523,1.203053888684829,0.17238997192267966,-0.06902957948305222,0.9923252773234092,0.01166051003425883,-0.03739111943225265,0.9207762961156747,-0.054188479116263524,-0.06602975567611118,0.9194802892806891,-0.10253894353784364,-0.05569316433929636,0.8793529040616328,0.0014955501764807727,2.142857142857143
0.31754086870848724,0.9106742577291482,0.16750278318035877,0.31459780936767734,0.5542248613392512,0.2013894511086437,0.27800345498241863,0.1287384684294676,0.28214484166651954,0.2599448799206244,0.13011662832295015,0.07343767500445483,0.33025743329231133,0.13517160052786495,0.0923189595555531,0.2623243864214589,0.05213730202408992,0.3317808067105156,0.0951474141651262,0.9135098268543154,0.1954633871932046,0.10140397984955063,0.5479794974814117,0.22716830375763294,0.13099066316690114,0.11500342421999588,0.31051970064133927,0.11742923346297184,0.12000934892566337,0.0727821565233067,0.062174182825237276,0.12176111776330542,0.12401223170883956,0.13737086393019007,0.0744094935042749,0.3435442357049631,0.21595974888797598,1.5500913223877182,0.1486200806136293,0.23692747294265834,1.791658763323926,0.17805394409612757,0.21217948304736547,1.654210955907566,0.06685679833737004,0.3847483364123716,1.4139306825960631,0.15846901512249081,0.4488004834795483,1.1790905483576208,0.14549837136635813,0.43060703986572846,0.9239929707255707,0.09261436784604478,0.366912481926292,0.824035374714591,0.05287710300312223,0.39289190571120214,0.8150695286842904,0.03040046267665783,0.42555882806169504,0.799732947532962,0.09650441942517872,0.038501143986194176,1.4494541330813244,0.1871934902524068,-0.045805884980920225,1.2025411968886666,0.1746495187046348,-0.06810924043989533,0.9922086507918408,0.012427029932211037,-0.0361963472976741,0.9195128578304848,-0.05210729195094885,-0.06577389112863934,0.9183596576256554,-0.10248297892526725,-0.05619931308348401,0.8778693513562332,0.004404921314689503,2.1607142857142856
0.3173048852010681,0.9100869057567949,0.16826050866196238,0.31446436619336005,0.5538472850386575,0.20179800526983382,0.2778367909166195,0.12724351720885987,0.2828269202542576,0.26050182039396674,0.12970497216689136,0.07581677181268409,0.3305009277022156,0.13579357728448815,0.09339948925912195,0.26290849325426136,0.051604454384550816,0.33209963177455976,0.09498934979776527,0.9132463463107408,0.19582124914858368,0.10141303673646394,0.5481270995665327,0.22725639922930257,0.130783335886204,0.11569700497213947,0.3101232887293842,0.11736593125584004,0.11993863253447157,0.07280941618830568,0.06211778613678369,0.12161631397216124,0.12416455391489375,0.13734987040816496,0.07434397417010266,0.3436732358685247,0.21597734568036042,1.550119220606482,0.1486007333596232,0.23733118383632662,1.7906951573530385,0.17908392650172505,0.21140276934038804,1.6540482621715944,0.06919296276304829,0.38476620315073934,1.4140372371661405,0.15845258125882034,0.4483574000120565,1.1791211135967559,0.14411562420062146,0.4305950260891469,0.9240536327989137,0.09260948599197806,0.3665522414471538,0.8260497794249724,0.053024783606064274,0.3928481465857838,0.8150249573929291,0.030379755789281523,0.42487823415509673,0.7995453492361547,0.09857837330736888,0.03844445468647581,1.449095388549472,0.1871721825022579,-0.04534361115313766,1.2021928672023783,0.1767280625749103,-0.06712380378536274,0.9919982962780978,0.013066789091582987,-0.034615209283407236,0.9177262793968088,-0.04958267473987503,-0.06510013840444795,0.9167963816060352,-0.101677631274129,-0.05640967014201488,0.8760472293329857,0.007732293705805485,2.1785714285714284
0.3170383100507243,0.9095669394330558,0.16918022989186582,0.31424261557811023,0.5534181174970206,0.20240080325688148,0.27772508512221916,0.12630432856745086,0.283195573552351,0.26089461029391686,0.13002173558147864,0.07685537995514084,0.3303658618560326,0.13662675242582326,0.09496761818699358,0.2633585226504581,0.051149167255471584,0.3323424492977972,0.09488844701463399,0.9129210158944864,0.19618713149935535,0.10140022007177028,0.5482219301717883,0.2273292648657414,0.13060628645976935,0.11648702064254719,0.3096984497961185,0.11729031815735633,0.11990846429666027,0.07275758130794865,0.062103708635293006,0.12128925477079659,0.12422846091013508,0.13742354084006794,0.07439722942804687,0.3434801487873808,0.2159922899271421,1.5501546899570655,0.14857122501402728,0.23782658253446265,1.7898072271952943,0.18044262657045762,0.21056620464203796,1.6538756078517938,0.07172105616887145,0.3847888701410655,1.4140729535696355,0.15844137687067938,0.4480592793497063,1.1788575245240873,0.14290976914287934,0.43052969817386044,0.9240927517827443,0.09257290206644753,0.3661669098405257,0.8274142407949477,0.05317539713135834,0.3928519939070778,0.8149908093138645,0.030364151550314022,0.42440947509992183,0.7998886847298766,0.09969565581730737,0.038376704906670264,1.4484357398923011,0.18715431171136848,-0.04501493208735828,1.2021572438921928,0.1783042397927922,-0.06604637111626886,0.9916365107854592,0.013505606092130779,-0.032758078241108185,0.9155456799744673,-0.04671427865690202,-0.0640630810410473,0.9148732135020754,-0.10016959067891043,-0.05627865437364811,0.8742329456348562,0.010851436722265573,2.196428571428572
0.3167446439631464,0.9091103110416502,0.17023957460647635,0.31394891957337834,0.5529307517816154,0.20317451443257822,0.27766212236071836,0.12595342172868124,0.2832730855426045,0.2611242001254878,0.13087138378669738,0.0760458793256395,0.329810669067696,0.13716121743073964,0.09695920836064216,0.263672095658415,0.0508106836402128,0.3325031613003929,0.09483041127477816,0.9125036646567646,0.19659030769745656,0.10137766329446023,0.5481854711045667,0.227398719763237,0.13048137094953413,0.11715338276786572,0.30941774319202026,0.1172261902923793,0.11994490393884136,0.0726068244739522,0.06215077938087099,0.1207772216718015,0.12410242642062258,0.13756722253297735,0.07452513289168164,0.3430457952476819,0.21600261482609653,1.5502036068847482,0.148529580880587,0.23813763430756446,1.7891251951412719,0.18128891139301187,0.20978097138958834,1.6537140472693692,0.0741016235888734,0.3848119521175084,1.4140477989678177,0.15844227432074026,0.4479484108105042,1.1783964311600343,0.1422342239952977,0.430604355998012,0.9241185267935558,0.09256438860914622,0.36597041274267145,0.8278620972098618,0.05308817708498351,0.3928795426438958,0.8150320507315814,0.030339698441047003,0.4241731302373696,0.800670201078301,0.09981345798515695,0.03830794844717031,1.4476456556971429,0.18715180133464854,-0.044866860270787456,1.2024511682413679,0.1791368078240068,-0.06490399108297226,0.9910787783498498,0.013938384444960289,-0.030895041607415956,0.9131122538856007,-0.04344169912813303,-0.06277767391634612,0.9127864157597836,-0.09804086063447306,-0.05578083419174901,0.8725520203074364,0.013288609476838478,2.2142857142857144
0.31642897817421517,0.9087180225317841,0.171411902556553,0.3136050679613557,0.5523370943999772,0.2041098429023335,0.2776584775493897,0.1260707354921364,0.28309759046865696,0.26111618730619085,0.13163610608225387,0.07362812405266378,0.3289523914637601,0.13692971823887723,0.09925279645738969,0.2638628734165978,0.050613309664578894,0.3325886085043732,0.0947816444955058,0.9119959765353184,0.19706089828097229,0.10135745782748992,0.5480262713311095,0.22747484344890062,0.13039263393348757,0.11763198541495412,0.3093012170775194,0.11719835589725383,0.12007303887786452,0.0723608920059217,0.06225253747931486,0.12010057932928207,0.12376842895222069,0.13771479920958474,0.07461924182115275,0.3425744637656484,0.21600872788854597,1.5502719472589874,0.14848990209503113,0.23805341056862128,1.7886702366716805,0.18095969092924027,0.20915988658132223,1.6535867686021306,0.07598770857817624,0.38483319676721983,1.4139964213169673,0.15845315230645746,0.4479720054293979,1.177960821790162,0.14204462171189366,0.43094776770782406,0.9241291112867804,0.0926341394990028,0.3660619248468837,0.8275096313829408,0.052867729496615834,0.39291997787927513,0.8151538667292048,0.030297645327771586,0.4240224075658308,0.8014899698564039,0.09941489079406224,0.038252251297433856,1.4469465605217673,0.187172041752952,-0.044893813100315545,1.2030086099107544,0.17920754457102617,-0.06387227197235072,0.9902683629643216,0.014798230053326533,-0.029366400662722073,0.9107217049842707,-0.03990844218125235,-0.0613247328928803,0.9107219962587138,-0.09524362832494732,-0.054943744719380266,0.8709696116076122,0.014974077997142857,2.232142857142857
0.31609707868294556,0.9083859884685298,0.1726635937170775,0.31323086652999893,0.5516017220141475,0.20518959744430545,0.27773608310853076,0.12652582513981364,0.2826938440028202,0.26073320437003367,0.1316930534183176,0.07059863406162574,0.3279410976729139,0.13589496262577413,0.10165338202673231,0.263927293175442,0.0505958949268243,0.33258319372904693,0.09468109480257395,0.9114210965620415,0.1977149060388917,0.10134169621478645,0.5478235431617892,0.22756031653308434,0.13031461441457742,0.1179817212765265,0.30926332995940603,0.11726206797972094,0.12016407466333684,0.0722652699293448,0.062384906028167625,0.1193306757742883,0.12328320778814948,0.1378052091199593,0.07457837529361375,0.3422528026921114,0.21601681771700088,1.5503194722150766,0.14847046318568025,0.23756507316367084,1.7883559461857228,0.17940287338355174,0.20879730204432123,1.6535132639395984,0.07708485337499871,0.38485226266430095,1.4139448103570904,0.1584597578278378,0.4479423211249004,1.177779076172894,0.14193747693231665,0.4315534462820767,0.9241150156972501,0.09279845489157645,0.36647303208786564,0.8267587035001165,0.05296964017572786,0.3929551229968109,0.8153099504169086,0.030281535244870456,0.42378609275192164,0.801929574084769,0.09911757847135953,0.038221569350322324,1.446493777763032,0.18721940277316154,-0.04502505616034794,1.2037744526916878,0.17880620742309264,-0.06316636523095197,0.989160786013344,0.01652118927940316,-0.028388680762623728,0.9087381101897549,-0.036518155685760334,-0.05980529515412522,0.9088419075231036,-0.09185210683502006,-0.0540405083421579,0.8694841331750315,0.01629219868148607,2.25
0.31575740517533607,0.908099510690554,0.17395048281038714,0.3128363861771252,0.5507361554990127,0.2063830068501375,0.27790759226616985,0.12717372550725076,0.28207486682091726,0.2600182631828839,0.1310555127327023,0.06818324615124796,0.32690932491758656,0.13447226205322504,0.10386395174849505,0.2638535403866662,0.05078363920891927,0.3324695144761528,0.09447737864701218,0.9108104209023351,0.19865966117014242,0.10132561906867132,0.5476602278110134,0.22764865076129928,0.13023613183169427,0.11828063271972003,0.3092310425784152,0.11747250791071755,0.11999312246082898,0.07267764572618121,0.06252574120974136,0.11854259028444478,0.122788211475556,0.13783282038133254,0.07438699261174946,0.3420967921877533,0.216036073915841,1.5502451522047749,0.14847439387596648,0.23685262722931072,1.788103824588964,0.1771575195670042,0.20870703833363444,1.6534938368514527,0.07734091925560158,0.38486366082994194,1.413900364854438,0.1584569427573823,0.447689576585435,1.1779686107287481,0.14152639830115527,0.4323315698686463,0.9240705695284187,0.09303846845542807,0.3672007089931471,0.8259170195411997,0.053909267978647646,0.39295220291617705,0.815432920929233,0.03040256847222053,0.4235220368125045,0.8019579033243015,0.09900756522614099,0.03821904191626098,1.446314721564202,0.1872931276936792,-0.04516663525865028,1.2047232264546381,0.17833711211980816,-0.06288377187375324,0.9877741750734108,0.019332775745998704,-0.02792677083257137,0.9074073394305912,-0.03356081801339868,-0.05840181298610611,0.9073272702813261,-0.08825876567274638,-0.05356511520215873,0.8681525015963353,0.017860206632591483,2.267857142857143
0.3154207458629084,0.9078226041637987,0.17522760902534895,0.31242561538759894,0.549762552422155,0.20765897381667692,0.2781443376144782,0.12783395338303727,0.28125271998764,0.25927877594541227,0.13022562727896303,0.06714682141229557,0.32598945715356353,0.1332531258672187,0.10550275497807117,0.2636454833681597,0.051149787092985885,0.33226255628482254,0.0941741519495371,0.9102032692693632,0.19986595205024743,0.10130569228100884,0.547568695182754,0.22772934988506693,0.13015665162856452,0.11856643431905073,0.30917930640093083,0.11780848555164432,0.1194999572762449,0.07364492870595502,0.06266038646176805,0.11779792371907302,0.12248050412203394,0.1378311300500255,0.07409972057473274,0.3420073586097202,0.21607098468400304,1.5499581244001965,0.14849221495060722,0.23614853122017918,1.7879414036370789,0.1749475761573948,0.2087819166022476,1.6535011714049899,0.07707560492071205,0.38485735384894926,1.4138468831243358,0.15846010188165316,0.44730199090574846,1.178507242427486,0.14085710687606068,0.4331699502332651,0.9240067839743291,0.09330946425013019,0.3682781874557669,0.8251170798462663,0.05560472354492291,0.39289712995675996,0.8154991649786604,0.030708155068843987,0.423516007472894,0.8020072170285001,0.09860313048709397,0.03823662886748915,1.446325199055329,0.18738132021210885,-0.045268225072034214,1.20578605310939,0.1780139543737924,-0.06296971697564138,0.9862200388732086,0.02313750790497851,-0.027773691775678948,0.9066989557818151,-0.0309846148132744,-0.05731587819981862,0.9062696801096458,-0.08501816746443155,-0.05393136094286696,0.8669614354325483,0.02012732737501849,2.2857142857142856
0.3150953772385295,0.9075122873378185,0.17646473125359613,0.31200375011308173,0.5486880686138746,0.20899274018577624,0.2783707571905833,0.12835732831927757,0.28023223879232406,0.2587761943260591,0.12948513999628244,0.06775760167628364,0.3253367494982482,0.1325911487109067,0.10632353848007774,0.2633261504259628,0.05164312437911667,0.331998993798562,0.09381167219318083,0.9096398086187715,0.20121105922368582,0.10128075639036639,0.5475426918649076,0.22778897010861412,0.13007697590990772,0.11884520757659683,0.3091063952477522,0.11820338366288156,0.11878048034967327,0.0749602640367462,0.06277810734846163,0.11717257180105335,0.12250987700747538,0.13782674723649727,0.07379079011405877,0.34191949584420356,0.21611925664139686,1.5494485950568124,0.14851514001088373,0.23561400893235995,1.7879622819089669,0.17327888728688207,0.2088706641397432,1.6534999587916737,0.07675227380354258,0.38482881910318156,1.4137757227473369,0.1584815698651169,0.4471027686102917,1.1792651318097673,0.14033430398774535,0.433952566221287,0.9239573751399783,0.09355607331699962,0.3697914044563842,0.8244817027918601,0.05721851693555184,0.39284954005150163,0.8155967095967184,0.030951073892970277,0.423992712316725,0.8025192936887995,0.0974576389032513,0.0382618879507334,1.4464062193237033,0.1874571882593053,-0.045330785695062686,1.2068203547204643,0.1778274668271363,-0.06325583616667307,0.9846903091144225,0.027521195060511094,-0.02776422845956337,0.9063655490154021,-0.028654663167919397,-0.056633346518305386,0.9055835854759827,-0.0824952687995493,-0.055185062216561456,0.8657720214082344,0.02314915377792061,2.3035714285714284
0.31477947871694284,0.9071532270473913,0.1776592981384562,0.311579148357812,0.5475629510741975,0.21035249876275663,0.2785292732879073,0.12870523282414656,0.2790259797547122,0.25849896837450437,0.12882169991178574,0.06998469481316953,0.3250718928851475,0.13235615254342648,0.10644042879847608,0.2629139250582869,0.05224176626657139,0.33170032929075666,0.09341548131823346,0.9091400333354941,0.20261582380658377,0.10124769616766606,0.5475743214227416,0.2278123174176832,0.12999816344044623,0.11910986849760417,0.30901818830230565,0.11864614060733114,0.11784913358136703,0.07659698889400203,0.0628688337223471,0.1167533655534695,0.1229075955100361,0.137824121167613,0.07353172628594751,0.3418426949046897,0.21617576262021004,1.5487875958317199,0.1485409359000555,0.23531567353284807,1.7882350590911162,0.17235743384564706,0.20890091764119917,1.6534761675567051,0.07659972256762809,0.3847791473924257,1.4137479897985614,0.15851508856153665,0.44732586510703515,1.1800480477228763,0.14022314451762316,0.4345616617559239,0.9239586917539125,0.09372852876719256,0.37172713483931097,0.8241945531034337,0.05793149676277247,0.39292865720958003,0.8158911842522008,0.030638239707044226,0.42494968379928255,0.8035405165976991,0.09553834067769723,0.038287952097395626,1.4464799362051004,0.18749493632641048,-0.04537030046696525,1.2077038170908696,0.17771171396726737,-0.06354005426981446,0.9833877152266733,0.031852323970459895,-0.027845799542995243,0.906181331749498,-0.02669604865234987,-0.05626040521044429,0.9051190104173239,-0.0806642691316172,-0.05699717336266187,0.864420890043582,0.026737570628135143,2.321428571428572
0.31445560272543155,0.906740984982135,0.17885468026222376,0.3111627698171282,0.5465067797602854,0.21168774217559913,0.27863909181161767,0.12898050593847735,0.2777206374535285,0.2583176590565516,0.1282765282186199,0.07331064914204997,0.3251385500863443,0.13220731224481844,0.10618741468150382,0.26239467438648967,0.0529554739556675,0.33135721597321055,0.09297499995258421,0.9086941163485601,0.20410542418821886,0.10119853911818742,0.5476751975841917,0.2277896113964488,0.12992768510466934,0.11933417272136623,0.30894055939480713,0.11915264996997685,0.11668772207337402,0.07861123577321559,0.062929279859463,0.11657157981173114,0.12358996714351704,0.1378168571389457,0.07336247156941944,0.34181205426274913,0.21623652856774322,1.5480847259998773,0.1485727923302658,0.23522502296407746,1.7887489825792977,0.17214546963348598,0.2088895771613063,1.6534377830050992,0.0765708029685781,0.38470350389796204,1.4138828006479556,0.15857524958431643,0.4479323614614116,1.180664490603804,0.14043984669607393,0.4348998176843901,0.9240179145997888,0.09379775172658074,0.3738456958393577,0.824455116414898,0.057511667007300676,0.3932161913920491,0.8164917127892798,0.02943272465068726,0.42624631934018875,0.8048669850274054,0.09312569791865781,0.038313189620991416,1.4464981325099528,0.18749402367381196,-0.04540030580818935,1.2084268769392985,0.17762776142066292,-0.06368260543047036,0.9824242232809727,0.03550319276020733,-0.027967390955844846,0.9060397581998673,-0.025408398953073952,-0.05603269539833241,0.9047336079771454,-0.0793526799099612,-0.05897282012796025,0.8628743057702573,0.030684510048961333,2.3392857142857144
0.31410652846979453,0.9062595663217052,0.18011076497585946,0.3107658108947977,0.5455946827411914,0.2129484616236794,0.2787572871972982,0.12934559311549262,0.2765124151530353,0.2582032703035851,0.12792396380071822,0.07678726539981638,0.32531457304000877,0.13199017062710403,0.1058232964702735,0.2617317637489361,0.053768062453603174,0.33095093693932087,0.09246734169533914,0.9082801315543413,0.20574186671216396,0.10112677952486716,0.547875528775852,0.22772642349804778,0.12988935399169638,0.11945487949438327,0.3089437043017486,0.11964924752920994,0.11549643444347851,0.08066647512386459,0.06297375314279859,0.11655038535712944,0.12438974772943792,0.13780050524649246,0.07327033359527899,0.34183968454735497,0.216300235177655,1.547447054007235,0.14861107407486251,0.2352031374022549,1.7894216729726469,0.17237036137937808,0.20887082014470248,1.653398190122516,0.07655896113176752,0.38458913668322325,1.4142533919421103,0.15874219225741193,0.4487528242850164,1.1810072607188238,0.14080696070372606,0.43495081643553807,0.9241150821439839,0.09376679758151084,0.37577920089146233,0.8253596857348148,0.05597167648300931,0.39370264295963925,0.8173878784453845,0.027390798191324464,0.42773066354031575,0.8063449790416523,0.09061392071212154,0.03833566395102845,1.4464289577547127,0.1874737779637298,-0.045427486626948566,1.20902672386085,0.177566147219671,-0.06366167247043941,0.9817619924984362,0.038199831026465125,-0.028044512407597748,0.9059059693496149,-0.02488730160068882,-0.05587920111792276,0.9042520458925245,-0.07859502629587575,-0.06098766426466905,0.861260865088721,0.03481678289777655,2.357142857142857
0.31375255001304286,0.9057342958871188,0.1813900742948896,0.3103918411319394,0.544775710798382,0.21412508271034209,0.27889611926454977,0.1298288361495979,0.2756113278779355,0.25824180530136925,0.12770676359928146,0.07961672569494616,0.3254326563243205,0.1317163927931787,0.10548943371851648,0.26093165719649897,0.05459112880149388,0.3304964447257213,0.09190773768856432,0.9079016653620225,0.207475880785903,0.10104061504499941,0.5481811944097875,0.22764862717832918,0.1299167166564268,0.11940596636915457,0.30910992565581663,0.11997029138983697,0.11468269839099625,0.08204255330577408,0.06302760191442869,0.11657685010148917,0.12511483700836168,0.1377761185827973,0.07321678309251327,0.3419013180283391,0.2163638024633384,1.5469599733686419,0.14863869707171531,0.23509088061149325,1.7901496400237993,0.17267555375550464,0.2088594082675735,1.6533725774892998,0.07652413328664345,0.3844455062102183,1.4148288770690938,0.15905848708931572,0.4496423733497835,1.1810952517528925,0.14124191077149117,0.43482482809826734,0.924239182060075,0.09367089087436778,0.37722927554255653,0.8267827508974572,0.05316890335151837,0.39432250079328235,0.8184943213804006,0.024819647504948306,0.42924989144472836,0.8078678843842365,0.08840855155995962,0.03835397639319215,1.4463391715861762,0.18745315463411857,-0.04544543564841967,1.2094548293594156,0.17754515882663996,-0.06361374462448008,0.981255516832247,0.04016049355731052,-0.0280474969650843,0.9057765231766283,-0.0248491216778092,-0.055821811335119834,0.903566641964219,-0.07849912712356502,-0.06312822749158205,0.8597730957627284,0.03892533022209162,2.375
0.31345538008201973,0.9052568095944515,0.18251226767819426,0.31002652443413353,0.5439652710967584,0.2152716172422639,0.2790108950886551,0.1302796151973758,0.2751105871549125,0.25851108720591126,0.1274146161439944,0.08147651780762931,0.3254770695598162,0.13139645277470627,0.10526723521209382,0.2600930798880063,0.05530204616915112,0.33005920099050917,0.09136339256147855,0.9075919796404149,0.2091075978536293,0.10096331021236718,0.5485071926837222,0.2275909312435885,0.1300168481884538,0.11919678908030298,0.3094242374703366,0.11998367203779733,0.11457748615163935,0.08216769440087505,0.06309763150275707,0.11660391453030734,0.12562151765893273,0.1377480117337743,0.07317552679065462,0.341955970492927,0.2164109282165759,1.5466777547879118,0.14860865569673062,0.23489757074259227,1.7908402056015091,0.1728512305630341,0.20885034235951064,1.6533803724338765,0.07650940202317916,0.3843530057555133,1.41550190319285,0.1592823877247813,0.45047642424573436,1.181054837903136,0.1416928475348435,0.4346951416850092,0.9244045038097091,0.09355802554688743,0.3780904465993379,0.8284852765378529,0.049008243817291186,0.39499543362060885,0.8196797430599486,0.022078845388344842,0.4305663806437048,0.8092333810639162,0.08686551815361716,0.038369856939465374,1.4464111283965664,0.18745107633995195,-0.04544347626211357,1.2096190459372151,0.17758474797068943,-0.06380567723048475,0.9807409274143731,0.04183097479369344,-0.028018218431512986,0.9056620493289514,-0.02488996990082519,-0.05586131359372744,0.9027902398500577,-0.07891005480069746,-0.06531418165195588,0.8585873378000363,0.04265622060085014,2.392857142857143
0.3132708474337643,0.904913228922387,0.1832741922787644,0.3096481135272855,0.5431585842262531,0.21645602164577232,0.27907833016135025,0.13059304748861955,0.27496258045783867,0.25894590098746006,0.12678318277753273,0.08242780529209437,0.3254768520175312,0.1310652122956203,0.10516131967367633,0.2593584449889975,0.05582244653095632,0.32971194700335027,0.09090488800462845,0.9073707527106574,0.21043400821343325,0.10091774325507173,0.5487059222245008,0.2275761342286618,0.13015049679798624,0.11889249288218023,0.3097423560779079,0.11969655430609334,0.11520430039241177,0.08104834201535398,0.06315041617451261,0.11660383335046706,0.12585396151618633,0.13772053227435563,0.0731420956468378,0.34197913901408594,0.21640752183784334,1.5465961175242682,0.1484449301771418,0.23484871843397054,1.7914238763961303,0.17284881282669645,0.2088150473757015,1.6534339543480512,0.07663559816457219,0.3844443325235852,1.4161324946972957,0.15890431032557287,0.4511260051129633,1.1810216959026305,0.1420860971283336,0.4346778854396896,0.9246026117606434,0.09346978136880636,0.3784150552791171,0.83025307027061,0.04392306779844814,0.3956331502798839,0.8207544900938716,0.019528481405530068,0.43134861108507283,0.8101663121555912,0.08616861602094693,0.03838809435941863,1.4467860059634403,0.18748178940843824,-0.045426336103168416,1.2095766327016866,0.17766165825941463,-0.06443501856479833,0.9801153324136554,0.04357475406187003,-0.027999121755307214,0.9056074434962725,-0.02484571861658047,-0.05595667727210531,0.9021957866447424,-0.07945792683279093,-0.0672288797602938,0.8577955213989246,0.04564725861443096,2.4107142857142856
0.31321840412704643,0.9047416050937216,0.18355799013278845,0.3092690615066528,0.5424626072090488,0.21762837955433406,0.27915424073924094,0.13088808999029722,0.2749735795573179,0.2592935865849315,0.1257887347653428,0.08279490645430633,0.32542567534052746,0.1308005278947344,0.10515981955311476,0.2588154169185129,0.05613497881229049,0.32948304869834316,0.09056509253356643,0.9072406370868814,0.21136824432355653,0.10091624420275541,0.5487075851612522,0.22760799065750406,0.13026744256031605,0.11853855179981349,0.3099092655015741,0.11924123243667127,0.11629055545426709,0.07921200074459539,0.06313572356336042,0.11648649438329088,0.1258618148531308,0.13769600544727992,0.07311703707700334,0.3419786753547836,0.21633551342396917,1.5466410152713685,0.14812941339626123,0.23519745586623314,1.7918519197044676,0.17267323229695847,0.2087242066701493,1.653505076371442,0.07699642852422725,0.38479926859317215,1.4165881413290333,0.15757107096613257,0.45150055979640946,1.18102920976439,0.14236540484572469,0.4347805884110041,0.9247234294317553,0.09344919112688403,0.3782574135403588,0.8318386854055115,0.038951412905313856,0.3961377924577141,0.8215249735991835,0.017539022840575152,0.43134628470892455,0.8105662217474744,0.0860868663894313,0.0384146811422505,1.447465491948422,0.18753578583618116,-0.04541353251638174,1.2095786620441784,0.17771052176406824,-0.06543753245828535,0.9793995901156249,0.04557804489793457,-0.027999703762949357,0.9056901529008922,-0.02477979853948635,-0.056070821909933614,0.9019861540516315,-0.07977189911414903,-0.06867969354480759,0.8573036424579025,0.04792136963205813,2.4285714285714284
0.3132963601225745,0.9047688062170021,0.1833209849647699,0.30895386422800586,0.542059524451533,0.21857567906164257,0.27931521804572307,0.13135235911115603,0.2748048009150267,0.25929280484858763,0.12478559600504821,0.08299074249219973,0.3253216410767661,0.13056794141815925,0.10538727155623476,0.25846523999882226,0.056245660231532296,0.32936163601777685,0.090346485375686,0.9072357033430422,0.21190602442280582,0.1009599490954765,0.5485750968049993,0.227682166909866,0.13035037429855967,0.11817869527129271,0.30985608887575,0.11875205036123214,0.11752218389080968,0.07719859495711878,0.06303605136453591,0.11614302350311835,0.12579911610300085,0.1376760959439995,0.07309322635206109,0.3419771745168218,0.2162528402540107,1.546738680290291,0.14786512122274417,0.2360236722343938,1.7920486955916193,0.17235274669622025,0.20861615561341057,1.6535128234474197,0.07744618015407082,0.38538093689375896,1.4167948542119266,0.15537509290286755,0.4516196531398714,1.1810222738892455,0.14252124706941344,0.4349081823698798,0.924576186647528,0.09354343624441612,0.3776167650958434,0.8330194552013693,0.03505740519032306,0.39642488614842736,0.8219443458157194,0.016414842997999654,0.4305808443103887,0.8107001063987812,0.08590330906552161,0.038450723322685704,1.4483842443891033,0.1875899033571142,-0.04541860006816882,1.2098586041064137,0.17768087705417612,-0.06655874690033112,0.9787319561439758,0.047830212185797694,-0.02801156446736966,0.9059558229907727,-0.024757684758727333,-0.05614874216511042,0.9021034581958539,-0.07955112571738984,-0.06977461753282331,0.8568495209291825,0.04992604226806187,2.446428571428572
0.31349617820569375,0.9050435248579687,0.1825791285657135,0.3087767076279483,0.5421047564867865,0.21906353319872157,0.27955326506822675,0.1319679599120177,0.27419254313893526,0.25892743743945634,0.12412668979136655,0.08326286348634372,0.32525508720280394,0.1301596835636545,0.10607191873463802,0.2582802636869878,0.056168164025339765,0.3293338343027792,0.09024407950880517,0.9074224150155147,0.21205554898326978,0.10103807157033419,0.5484141409582618,0.22779190853029224,0.1304138294943534,0.11786401797168403,0.3095871186264499,0.11827513932166762,0.11875357935862414,0.07518461627024679,0.06288009318164611,0.1155157453608446,0.12582658643765826,0.137663250105735,0.07307017271869953,0.3419877152594427,0.21628110658739286,1.5468892897468163,0.14803365222677092,0.2372203899589077,1.7919084733623123,0.171942065080959,0.20862485332939107,1.65340562280577,0.07753719600771977,0.38607988971001794,1.416791378853875,0.15270519211916408,0.45160930676594224,1.18095014032642,0.1425591361540188,0.43489163379297224,0.9240719270510411,0.09372335545970373,0.37657785326922816,0.833806537180505,0.03238704582381677,0.39648824093318613,0.8221701860627593,0.01618571868896085,0.4292960306660807,0.8109598495960786,0.08486464363551785,0.03849064662616327,1.4494516853005153,0.18763256961122685,-0.045442394928011304,1.210448390919763,0.17756894159634806,-0.06755787176227197,0.9782812087276769,0.05008377239041187,-0.028023579229596807,0.9063689423072844,-0.024781134957430798,-0.056098813952463314,0.9022519524860937,-0.07865000673472897,-0.07066030490081783,0.8562468100391649,0.05200679568876222,2.4642857142857144
0.31378962476080086,0.9056219308166245,0.18144844141810001,0.3087773462531512,0.5426609052668266,0.21896896949916092,0.27976876435076875,0.13255589277777016,0.27327918694036807,0.2584039214467557,0.12391374682847024,0.08345819659847077,0.32538666470223004,0.1295331361038303,0.10709684051368018,0.25825496678318255,0.05592931054573718,0.3293975869800964,0.09025919759501327,0.9078458538027072,0.21181638970411948,0.10113167084598584,0.5483068414211103,0.22791848431949194,0.13046512172536837,0.11761661128448479,0.30913297687392227,0.11783416943785793,0.11987005323046193,0.07329968983441061,0.06271821318110674,0.11463876815809933,0.12595236577500818,0.13765931143223661,0.0730616062814965,0.3420101162866091,0.21650324529719334,1.5471298463638903,0.14888883301859154,0.23859833976802988,1.7914271556322432,0.1715039282663506,0.20892471927930834,1.653248183777397,0.07670423344903235,0.38678236398119037,1.4167226328344644,0.14998326304487963,0.45155180312080645,1.1807861748316635,0.14245994003225698,0.4345474686969749,0.9233877347308594,0.09374992420295468,0.37538877010291294,0.8344348307727198,0.030481356217783265,0.39642490056672053,0.822412023171384,0.016475807952400987,0.427748656933999,0.8113756786608772,0.08273545423161216,0.03853040538001312,1.4505548259115566,0.18765621904030722,-0.04549018126202776,1.2112248255383824,0.17738865662511988,-0.06827786737378234,0.978163242324878,0.05192600286934432,-0.028030327817671105,0.9067993831192556,-0.024829887225902347,-0.05585586439263349,0.9021062020914623,-0.07715829722725798,-0.07127050458802092,0.8556336665325078,0.05401140578872364,2.482142857142857
0.31412135405523106,0.906509443314638,0.18015308395798404,0.308954890327173,0.5437141628851427,0.21828894809126553,0.2798547121857693,0.13297294535283133,0.2725947692699801,0.25792403394844887,0.12424208591403695,0.08304149106090782,0.32579640668544524,0.12912405739350422,0.10773543573197573,0.2583924257245878,0.05556334917450363,0.3295552863310219,0.09040243034124515,0.9085047579220267,0.21118280478366747,0.10122532365776477,0.5483169293833505,0.22803148329997858,0.13047147491973743,0.11747838717443576,0.3085179842878881,0.11750963180852418,0.1206852065850869,0.0719431774481572,0.06259675185009837,0.11370106249105716,0.12601328885611576,0.13766429057652294,0.07308079596376757,0.3420380598171547,0.21690933314259989,1.5474645883513345,0.15039375778320116,0.23995977863516882,1.790729570554223,0.17109310967597022,0.20964507409829292,1.6531605655964636,0.07453563243229647,0.38739127347515423,1.4167409365002366,0.14757341316989459,0.45137565360714355,1.1805108615924893,0.1422369710189373,0.4337549545391974,0.9228718205388327,0.09323789676482035,0.3742613583969082,0.8351429710452124,0.028985837123846364,0.39631521425327554,0.822775652918819,0.016741504498079124,0.42613158618010294,0.8116226750721892,0.07983524127295408,0.03856908461017658,1.4516217366390733,0.18764976113917672,-0.04558590575946328,1.2120236287568322,0.17714323841357812,-0.06862220101166848,0.9784083954455778,0.052989877024883864,-0.02803739504687706,0.9070438696098398,-0.02488088564526074,-0.05541739155275917,0.9014997062547611,-0.07531538304794774,-0.07141647539985968,0.8553971991205391,0.05545890825348948,2.5
0.3144435367458874,0.9076050604420608,0.17890267954277483,0.30926974515396066,0.545176375696575,0.21714305605921608,0.27975628528515234,0.13306770363228337,0.27261432812344094,0.2575879292208673,0.12524200108796313,0.0815454017330551,0.32641630382119297,0.12951675573863417,0.10720088923793226,0.2586822866806743,0.05512487150590206,0.32980017113444704,0.09068517676855245,0.9093826775611745,0.210140480103654,0.10131161733065742,0.5485069620092221,0.22810221129601185,0.13036985712175955,0.11757067660653095,0.3077502988557254,0.11736659303047994,0.12119159880209875,0.0713752086563331,0.06253962848634283,0.11301326785496123,0.12583352140348844,0.1376772731814017,0.07313016182302987,0.3420652643400422,0.21744433890414194,1.5478559418442537,0.1523556501984037,0.24111289644217176,1.7899047993608936,0.17075700383747042,0.21079332422828156,1.6532004725980673,0.0710137279335255,0.38782543611451453,1.4169187762015913,0.14580657975780845,0.45097146866518234,1.1801888260083429,0.14200427129219947,0.43252597237393603,0.9227794243841483,0.09196124327580006,0.37322097507447727,0.8360751008275827,0.027643233616406762,0.3961148803247302,0.8233019497505359,0.016650161868628582,0.42463735703881095,0.8115969520621467,0.07671811996136206,0.03859206035586331,1.4526455685621202,0.1876412592216585,-0.04574015808611717,1.2126987196717558,0.17685549148861004,-0.06859442666476569,0.9789589139624728,0.05319493119889235,-0.02805651690168537,0.9069618830701961,-0.02492181017470413,-0.05480788378440084,0.900493095624679,-0.07336552073387378,-0.07104166041528717,0.8557880920063133,0.055920074049578106,2.517857142857143
0.31475557372944496,0.908722287939776,0.17776320360130254,0.3096520682222038,0.54688474001575,0.21576644691321015,0.2794885681287612,0.13263210674989354,0.2733899247641578,0.2574506887767696,0.12685015013226966,0.0789812498891798,0.3271233443732372,0.13089744954220597,0.10526391341678298,0.25911026866863945,0.054698540913901625,0.33010872221335,0.09110308542482293,0.910470793680833,0.20868733120445998,0.10138485965573511,0.5489405297858337,0.2281111323053487,0.1301132783587373,0.11801691666042154,0.30682083827425816,0.11736446733730682,0.12160724533401927,0.07133950409948375,0.0625513278979888,0.11281586448526752,0.1253543001502954,0.13769725428196689,0.07320372635318145,0.34208985810354814,0.21805998311135416,1.548235938221664,0.1545773683760666,0.2418875138075793,1.7890199737492614,0.1705480124102757,0.2122412842038089,1.653365805534424,0.06655225956364713,0.38803784979133993,1.4172942093858416,0.14493411589146293,0.4503399008185722,1.1800452426080419,0.14190068896645322,0.43100473404631523,0.9231651273657392,0.09001445803272005,0.3722088988510669,0.8372800578574974,0.02607434142164157,0.39574927383310565,0.8240468141842815,0.0161291884761144,0.4234986582080273,0.8116118200493508,0.07396420272164772,0.03855369334558198,1.4537003503358,0.18773293321956874,-0.04587897944734252,1.213194771488699,0.17662475615963624,-0.06834842480511166,0.9796736836180918,0.052856221307637036,-0.028090639073345247,0.9066450222228334,-0.024964948126947453,-0.054086893783130544,0.8993872012904727,-0.0715138491775831,-0.07035028942178442,0.856630754196332,0.055301323787916926,2.5357142857142856
0.3150883391622462,0.9096994150439945,0.17669562244742915,0.3100421886835364,0.5486873887573955,0.2143734914021746,0.2791270706836517,0.1315987046233396,0.2746147852712662,0.2575626638706888,0.1288346194047415,0.07576306338048851,0.3278212303931221,0.13305749578204548,0.10220922343329278,0.25965646021507116,0.05433371592801855,0.3304501020451629,0.09161925975430563,0.9117174744839728,0.2069211483807108,0.10144070488766992,0.5496259243943743,0.2280548753774796,0.12971985979276815,0.11878861720418774,0.30569778565038325,0.11740794452499884,0.12201924419767102,0.0713691590951051,0.06263067370748528,0.1131502077056478,0.12462226398909124,0.1377212847510105,0.07329726400988354,0.34211107154477116,0.21869151998763064,1.54851193346377,0.15680023259968917,0.2422134810753791,1.7882946118951462,0.1705307905406035,0.21378997572834685,1.6536821487960183,0.061797257919014664,0.38804942054678176,1.4179547704682305,0.1449290920450261,0.44955800550885605,1.180363171050983,0.14193297417936215,0.42939757265889283,0.9239713703491543,0.08768508710433477,0.3711365380841509,0.838608047935542,0.024268160672346745,0.3952238145549841,0.8249777572103507,0.015277397104228221,0.4229305163593977,0.8118905100896915,0.07215400930428617,0.038418188723354,1.4549920950746877,0.18798526042893804,-0.04585212090807621,1.2136020455951797,0.17658334630050787,-0.06809822053430256,0.9803606086325688,0.05244402000215556,-0.028121642381989113,0.9063434855880615,-0.02503696800387721,-0.05342128068476427,0.8987266971584607,-0.06999238637519159,-0.06965883409772136,0.857543823015243,0.05386954273011166,2.5535714285714284
0.3154576607906668,0.9105162617988986,0.1756580626462309,0.310424667855194,0.5505189100220055,0.21301619485512685,0.2787641040857101,0.13025339648510487,0.27591229056156746,0.2579428690246352,0.13095682132333783,0.07240129058811422,0.32841896037538953,0.13566793461755774,0.09857925251865718,0.2602680096828203,0.05399809886563253,0.3307966252536944,0.09216441763968268,0.9129890981207605,0.20508375677324514,0.10148044680720646,0.550447766429254,0.22794872602924748,0.1292727581537809,0.11967839563603336,0.3043571319499935,0.11743795449047639,0.12226748977077324,0.07123713836382504,0.06275512504818859,0.11392030040239547,0.12373574298585174,0.13774253796818475,0.07341226444015582,0.3421233347921686,0.21919132850999154,1.548609905872924,0.1585397447438911,0.24222188213101215,1.788036829331043,0.17076178500182687,0.21523948527082626,1.6542095189418562,0.05740895425143763,0.3879598540574942,1.41896056552521,0.1453542157070886,0.4486630500417531,1.1812852709953783,0.14186978893129013,0.4279223074679773,0.9250959961361336,0.08529647549827372,0.36988182278249115,0.8396498804549197,0.022952231166190273,0.39456772718433625,0.825817137399329,0.014464441178755325,0.42296277259936815,0.8122667655691971,0.07169408765374277,0.038259197409952504,1.4567332252358738,0.18817885034927886,-0.04555757341028499,1.2141027501176975,0.17675217425086948,-0.06796299985719749,0.9808872297125065,0.05219609793988997,-0.028116906111660372,0.9062047323367094,-0.02515059838359114,-0.053056799124295506,0.8991559484323333,-0.06910296285567509,-0.06911251523588796,0.8584658069512996,0.052021410363026835,2.571428571428572
0.31584456609715017,0.9113016035175039,0.17462378045034682,0.31080927433943484,0.5523570019124631,0.21163619367713254,0.2784650970195135,0.1291146235531539,0.2770351315772472,0.25851679753917367,0.13298000854577693,0.06933537161183978,0.328813584077736,0.13817008571170314,0.09511769692057531,0.26086767588342247,0.053660953495025115,0.331122272395927,0.09267413223772643,0.9141626349773844,0.20340739688064374,0.10150748608724375,0.5512224740461712,0.22780643593400535,0.12884971436450288,0.1204877815167942,0.3028633364288761,0.11743587617684802,0.12217316351113167,0.07102335278453789,0.0628583919422245,0.11500938019499457,0.1228425532578598,0.13775384377217,0.07354645588824113,0.34212051237107716,0.219357873902314,1.5485739968345937,0.15921363697069674,0.24218637781341523,1.7883975253534747,0.17120552301323602,0.21642747831346884,1.6549413645310012,0.05391539998459874,0.38788487092325197,1.4202490411361262,0.14565262985656566,0.44764818587274124,1.1827118235295928,0.1413541867548527,0.42677875869321125,0.9263484129463961,0.08315320982232019,0.3683518433340947,0.8398638161212226,0.023145816529027835,0.3937666951058958,0.8261479215956914,0.014271736618271608,0.4232927632593523,0.8125631586838946,0.07227263612243179,0.03826768190724216,1.4589127577843195,0.1878036643037616,-0.04500803267570629,1.2148626612945552,0.17705525750119883,-0.06794309608584176,0.981292130835189,0.052063526247689035,-0.028052752192375803,0.906208139260858,-0.025294239747820566,-0.053147265266958184,0.9010469142947752,-0.06906729218068045,-0.06864324071288563,0.8597232519927093,0.05011941237127156,2.5892857142857144
0.31620541967003973,0.9122148089111842,0.17356987106915028,0.31119889493640945,0.5541644066847363,0.21019676582068614,0.27825216508686246,0.1285034738334308,0.2779099296384576,0.25906948963182413,0.1345336274585321,0.06695440198887509,0.3289424728057312,0.13962474061016905,0.09274757559594313,0.261412194608892,0.05336366325237103,0.3314104505190629,0.09313063086797053,0.9152394919315812,0.2019371765192456,0.1015238587231023,0.5518485548037975,0.2276248756215773,0.12847456450511568,0.12118595273252547,0.30138789014906964,0.11741006227453704,0.12162864532537689,0.07091290645240114,0.0628695217366213,0.11626685677116061,0.1221472880321906,0.13775416891123485,0.07368609075217493,0.3421032517600504,0.21910431590978924,1.5486163532052166,0.1586222323710201,0.2422523236435558,1.7892741179309617,0.17160065709851033,0.217252150441696,1.6557603836418051,0.051626210703285685,0.38786271601020555,1.4217623429905666,0.14563881733830625,0.44656310473598215,1.184375907587877,0.1402128652120511,0.42608121586386494,0.9273977442271899,0.08152896434975136,0.3664864925416671,0.8388116221462149,0.02558599907795657,0.39278265014357183,0.8257626446377044,0.015089248793676388,0.42334983719055436,0.8130276703903313,0.07251828063152414,0.03861147859594753,1.4613067801146302,0.18641046492206606,-0.04425608862675341,1.2159536017694803,0.17755801521465636,-0.06799696051386056,0.981735845849328,0.0519357929464557,-0.027942634904431773,0.9063447877883266,-0.025448553187327708,-0.05366268079482325,0.9041868678135367,-0.06974625539962587,-0.06814145081660208,0.8615496483255827,0.048383870660569664,2.607142857142857
0.31649254070691824,0.9133269648599011,0.1724987025350535,0.31158747490137456,0.5558930351937773,0.20871892134993417,0.2781147132747971,0.12834554469445672,0.27857395208940694,0.25933947149422554,0.13512581203988802,0.0656144221922595,0.32884891759855384,0.1392017049560522,0.09232150079288583,0.2619174083464848,0.05316231679180164,0.33166494553984865,0.09355325057753439,0.9163151678623659,0.20059142042675115,0.101532206999199,0.5523736731796538,0.2274068419631164,0.12815284593708856,0.12182548749808758,0.3001060537967487,0.11743622802844675,0.1206292823039013,0.07099340249463743,0.062786034176753,0.11737978818948472,0.12186247688026122,0.13774901115870697,0.07381278390981683,0.3420777616512831,0.21855019878206525,1.548999265774568,0.15711592891161447,0.24227388465096722,1.7903715053876201,0.1715111591491403,0.21767192991947848,1.6565491401585686,0.05066084375469687,0.38784523024601125,1.4235648448955893,0.1455588113462149,0.44553146858876014,1.1860174490143185,0.13856948612321457,0.42580052803563406,0.9279115066597491,0.08062653266123948,0.36424759453719013,0.8364398615157678,0.0305382842807137,0.3915878008598116,0.8248684033441279,0.016865378703594308,0.42257509723033015,0.8141760587214141,0.07074006997304283,0.039300530691001014,1.4636448433746472,0.1839824771259352,-0.043333881502410576,1.21732610185017,0.17852656578868076,-0.0680922835581323,0.9823296860628589,0.05177853243139191,-0.027861573613443276,0.9067533914511796,-0.025616204472824894,-0.054504076825200684,0.907867162340972,-0.07057627540294567,-0.06755858560864025,0.8637812159430085,0.04686754391814281,2.625
0.3166893506638529,0.914624402125613,0.17144497803532777,0.31197082601870446,0.5574987439686362,0.20724775701949108,0.27803589526876815,0.12843822229440824,0.27907704158920144,0.25923414579741766,0.13465600500311456,0.06537066567277537,0.32869120553658615,0.13706533319188097,0.09387995601426528,0.2624127876755402,0.05307122680166236,0.3318934493167586,0.0939599096534252,0.9174897989640367,0.199315057808817,0.10153238360461969,0.5529351438906056,0.22717764270900043,0.12790282837302785,0.12241665821501943,0.2991044375700621,0.11769668884817025,0.11940801770611299,0.07120123154546046,0.06267658734632899,0.11800871302310449,0.12208600658037795,0.13774460473234656,0.0739160614311079,0.3420508470734624,0.21787224580607872,1.549864415678614,0.1551084080812571,0.2420108724248068,1.7912908124112557,0.17067220147105547,0.21768148935263776,1.6573048984202297,0.05100179313468711,0.3877852011990261,1.4256978358045753,0.14566134989526783,0.4446376442085098,1.18747351738996,0.13666053484618323,0.425800714617537,0.9278684762353856,0.08046956927709369,0.36171856969461613,0.8332175627686302,0.03775079133374966,0.39023372922350885,0.8239325476950409,0.019253457965692694,0.42072256281187836,0.8162018353671437,0.0663985323578102,0.04015603880625831,1.4656510070050301,0.18105267240778367,-0.04229360288880239,1.2188394568034602,0.18015794802432428,-0.06820961916993704,0.9830293855797897,0.05161442620186463,-0.02792458054262726,0.9076621743212919,-0.025848069235251722,-0.05564260999033181,0.9113166103337167,-0.07091959637567583,-0.06697871415083968,0.8660341584102442,0.04576412697836697,2.642857142857143
0.31684356895758736,0.9160993254836499,0.17041951407444783,0.31234889323338183,0.558944916506375,0.20580628591839234,0.2780089946266844,0.12870228158073804,0.2794350521092583,0.25886472944352507,0.13386163094452447,0.06561865520938022,0.32863278654981115,0.13465400592948631,0.09602536487360346,0.26289469815791255,0.05308296675792595,0.33208526350881906,0.0943544944261025,0.9188399861156332,0.19809353088273263,0.10151611883194067,0.5536686912697214,0.2269548061893118,0.1277391713373895,0.12293609366318423,0.29839273164546004,0.11842570384488625,0.11836134110657302,0.07142803209036763,0.06261904921260916,0.11825597432016852,0.12267955388776085,0.13774368444092946,0.07399605789996222,0.34202681369142596,0.2171134371523456,1.551208550591067,0.1526664523278406,0.24138519797113556,1.791711590640388,0.16919995605154634,0.21729323489458313,1.6580634218038819,0.05243607390568292,0.3877284193603274,1.4279951487533489,0.14577961201049772,0.4438522824879922,1.1886963722419641,0.13469142097541037,0.42592608447512936,0.9276560431001264,0.08081933636097172,0.3591667970127018,0.8299075352407835,0.046267914452313694,0.38889147401520885,0.8233958274249479,0.021843526557782808,0.41797917620004865,0.8187416463710869,0.06079564711539308,0.040893852396718736,1.4670636694252694,0.17847128441638438,-0.04124572380266697,1.2203084786228955,0.18239319564455952,-0.06831118504548217,0.9836746926140322,0.05144997598076548,-0.028206547764573327,0.9091991417596306,-0.026214431591837867,-0.05706873892058383,0.9140148225936575,-0.07048701539223923,-0.0666186166822975,0.868019310947424,0.04553635034832609,2.6607142857142856
0.31702756740941024,0.9177731711712592,0.16935929503191638,0.3127239794552071,0.5602019678415437,0.20435920043504946,0.2780283932805137,0.1290746281513374,0.27965688609183326,0.2583717767016747,0.13372700888103767,0.0654717392888497,0.32869706335851834,0.13360088650477742,0.0969078538701306,0.2633302053141423,0.05318635605213763,0.33222159149060554,0.09474093070231215,0.9203964311647107,0.19689007728166358,0.10147329549773339,0.5546376709185228,0.22672748584420052,0.1276631496072261,0.12336666715027522,0.2979557142087301,0.11969743210806827,0.1178309440355569,0.07160723447046784,0.06264912693460077,0.1186849407781887,0.1233403271633856,0.13774432788795174,0.07405989014187628,0.34200186241387276,0.21618845079794086,1.5529476894387644,0.14973186248912185,0.24042954226275162,1.7915579056350965,0.1673347799361881,0.21651541903071642,1.6587571576045421,0.05458260274630447,0.3878005008850503,1.4301785353620977,0.14540065596061874,0.4431191779360971,1.1898293852588095,0.13287498751620236,0.4260675126329086,0.9277889743868837,0.08131808174540511,0.3569221136410356,0.8272068628795429,0.054264558104878485,0.38773131613824063,0.8235632760166549,0.024243075970271782,0.4148269796064163,0.8213085361588978,0.05618527016360193,0.041271885911686956,1.4677458995790704,0.1769729516299709,-0.04033701769500375,1.2215208983461148,0.1849441148305676,-0.06831118545596293,0.9841222350849806,0.05122824268420387,-0.02868316166432039,0.9112524759388132,-0.026711244289407104,-0.05862506026190677,0.9156202273636838,-0.06936016199527563,-0.06664650981763667,0.869623517094758,0.04643772454802357,2.6785714285714284
0.31724630416624333,0.9196055281939859,0.1681963305016964,0.3130993892862443,0.5612398758505512,0.20285227089833782,0.2780673109518641,0.12935344834013143,0.2797772813191232,0.25786922643391164,0.13439674681469616,0.06485146779432271,0.32879125261946085,0.13420128775455661,0.09613550924136335,0.26368956824782985,0.053355855511025514,0.33230109813753245,0.09512506663574087,0.9221079590168192,0.19566348533918324,0.10140467853231547,0.5558100712753925,0.22648552010312661,0.12767047902711254,0.12370093449044056,0.2977817135647481,0.1211943680790336,0.11800262693422348,0.0716885516064279,0.06274025652647316,0.1196612171730889,0.1238372856135787,0.13773701491922974,0.07412180529243413,0.34195643341897314,0.21503022578800196,1.5549210398961535,0.14647897998309223,0.2391092895635903,1.7909520988787102,0.165080272975397,0.21532480370552304,1.6592634174470222,0.05710245780658599,0.38808877846865325,1.432194963360703,0.14413906321047165,0.4424807355036541,1.1911570026376581,0.1314838765364246,0.42618830236913874,0.9286239176701961,0.08174154419264902,0.35524990462804956,0.8255510535969512,0.05965551007701747,0.3868205751369111,0.8245876860990741,0.02607115129765253,0.4117818588209121,0.8237300067442999,0.05411730393677397,0.04115766308146815,1.467765221462517,0.1769649122131398,-0.03969671316953813,1.222276546816482,0.18732209828975652,-0.06814542301006432,0.9843777693635588,0.05091768319262063,-0.029233737115269706,0.9135397579096455,-0.0272265854071662,-0.05998807437132382,0.9158929576157748,-0.06765889293195868,-0.06704403040727192,0.8707113644700916,0.04813794765741668,2.696428571428572
0.3174267418608733,0.9214409407771552,0.16698832222563878,0.3134608378301906,0.562027092788126,0.20133581778525592,0.2780779949244283,0.12934538244139798,0.2798332316615815,0.2574951032614735,0.1350607879072492,0.0647789482504183,0.32885493230545093,0.1353842768175643,0.09494967023287099,0.2639660745182974,0.05355938387893201,0.33233989752438753,0.09548342046833398,0.923852060022864,0.19448030326172921,0.10132245312291419,0.5571046805177478,0.22624142679967502,0.12775796786742308,0.12393249188571367,0.29786876799200657,0.12230464335761167,0.11880641350474716,0.07162942897094109,0.06282763777078922,0.1210020825886648,0.12410671213329647,0.1376993301022217,0.07419852098763514,0.3418608179673367,0.21369395444227124,1.5568821833823783,0.14330247892549808,0.23735358107236273,1.7901369154037796,0.1622716212662739,0.21370017819108628,1.659550263127579,0.059793175759361245,0.38857129734794327,1.4343340032825869,0.14200000853385744,0.44205091750941444,1.192784633764998,0.13076851694516567,0.42627439390579924,0.9303017107215877,0.08201226954955051,0.3543042137377753,0.8250838993144205,0.061439526055167906,0.38618450224159395,0.8263670969178701,0.027030950670801232,0.4092724308439114,0.8259462872847743,0.05474330471360914,0.04053244617141932,1.4674318912338151,0.1784867838354762,-0.03937222866591717,1.2225276814289896,0.18896184261057875,-0.06793370240504336,0.9845917440284965,0.050714305386723946,-0.029694862565456406,0.9157903521852615,-0.02767000502920862,-0.060886588593564425,0.9148941681820818,-0.065355862482701,-0.06767966228983847,0.8709906340304745,0.05003659262584595,2.7142857142857144
0.31748907026071804,0.9230999475795582,0.16596951469521495,0.3137590142773048,0.5625592201945502,0.19999883252079753,0.278040978626844,0.12912361726668523,0.2798188137811352,0.25736493948813255,0.134897129196242,0.0662588118470315,0.3288700011678418,0.13613873759817566,0.09462569931117495,0.26416896156151554,0.05379099710006498,0.33234791821398635,0.0957456230892581,0.9254816125694681,0.1935522661227133,0.1012334482694013,0.5584500413265835,0.22601134255087896,0.1279256301917929,0.1240498609076196,0.2982244351014676,0.12254095209676683,0.11990891032644971,0.0714199772028801,0.0628617871954828,0.12230121403146894,0.12416608941464265,0.1376063555743172,0.07428108362496484,0.3417209813844797,0.21231132486789975,1.5585663534567906,0.14053792084958497,0.23522189629796703,1.7894355264096427,0.1589700420979094,0.21170948683529714,1.6596928425733637,0.062499863670374106,0.3891569865053597,1.4368810650668769,0.13924155871933186,0.44187056343740794,1.194522774061819,0.1307512607856616,0.42626667891427966,0.9327645889990838,0.08204805675539166,0.35401665449338515,0.8257505987539437,0.06023716182276592,0.38583833039500487,0.8285800672671406,0.02710701713147616,0.40767302902846014,0.8275858894661493,0.057649801271412865,0.03957340726758549,1.4671995791620556,0.1810078547054498,-0.03932816134478827,1.222488969221531,0.18947167183899002,-0.06798605562617951,0.9849083162646559,0.051014936816797085,-0.029987736305987354,0.9178452804926261,-0.028124655573015397,-0.061307312509570284,0.9131333796634438,-0.06253970214663628,-0.06840796938833645,0.8702752244856774,0.0517799228226741,2.732142857142857
0.3173880551080576,0.9244923186427818,0.1654648790044624,0.31393437326182805,0.5628789107355356,0.1990308752506113,0.27800995754835833,0.12901288022227267,0.2796868586976522,0.25751684836480854,0.1337520840527932,0.06931588961462061,0.3287632329700282,0.13625103376589268,0.09552817666198585,0.26431236995398916,0.054079027683988985,0.33231873382519184,0.09583164489449467,0.9268696938320469,0.19310768830940978,0.10112442634668342,0.5597931094955172,0.22579676381072744,0.1281761482221462,0.12403673267711933,0.29886404462161875,0.12178009185654382,0.12096325529670021,0.0710871966447974,0.06283387043570447,0.12325103936131232,0.12406975581312453,0.13746641156856695,0.0742963177648707,0.3416524799344041,0.2109771268271028,1.5598145455356067,0.13826670790146284,0.2329733434297232,1.7890629113150662,0.15558920503479715,0.209560276114867,1.6597773460012273,0.06497908253906276,0.38974381990882845,1.4397730263158448,0.13621134767596643,0.4418287996393999,1.196216584409402,0.13109187810387443,0.4261253712844455,0.9357331335911323,0.08179896779270607,0.35403598242111955,0.8273115942146951,0.057515593299179366,0.38572022862683686,0.8308569643190925,0.026696885461317724,0.4072163505195635,0.8281309502807784,0.06250043361698254,0.03868369073368926,1.467378652229556,0.1834114694910549,-0.03951754985026609,1.2224789612081428,0.18875694571840132,-0.06857091099302248,0.9853995917175132,0.05205653660091139,-0.03024560195358717,0.9196447938884476,-0.02873108753129891,-0.06141841360487535,0.9113525234376195,-0.05972015318417152,-0.06902058777625933,0.8688440613154983,0.05335716237191397,2.75
0.31711746057612955,0.9256146314942977,0.16570035554929352,0.3139509654204834,0.5630036600147059,0.19851659729030458,0.2780766534545677,0.12927175626372894,0.2794046597717575,0.2579262118485146,0.1319028817021184,0.0732864055374338,0.32845251275178866,0.1356819906672472,0.09753393442819785,0.2644080859908718,0.054440007767455605,0.33224479470724183,0.09570199127217853,0.9279502418812097,0.19324790152965066,0.10097302541717249,0.5610856617822023,0.2255935666865816,0.12851263128186968,0.12387860281715786,0.299803704938324,0.12015954948766747,0.12176980469413895,0.07070706855798269,0.06275805975101306,0.12367317698621169,0.12392952042795793,0.13733343115420696,0.07414091900723241,0.34183847321293015,0.20975237542662176,1.5606682723363032,0.13646923076112602,0.2309850200975484,1.7889429989388392,0.152573124265461,0.20758212123219694,1.6598452866153148,0.06678478592798104,0.3902324574408297,1.4426936678890585,0.13334836889828938,0.44175084614478444,1.1979195153603683,0.13129597116333516,0.42598493083630695,0.9386691786944324,0.08146910936852228,0.353907313193221,0.8292584543681153,0.05477163984667906,0.38567958208615266,0.8328023952127189,0.02639274948208488,0.4077808342396633,0.8274813887640607,0.06848131458985016,0.03827593091361183,1.468004350507393,0.1845738895227486,-0.039894506062016416,1.2226915428321192,0.18703504526271753,-0.069764528871484,0.9860982971331562,0.053706820895629975,-0.030751913123554245,0.9210987577746875,-0.029314748475446198,-0.061359094463319525,0.9101093949676504,-0.05765921470115093,-0.06924686172327693,0.8673247535868848,0.054803764920695094,2.767857142857143
0.31671818535863394,0.9264965601443409,0.16665764592052296,0.31380095431972854,0.5628409490488708,0.19848052043686204,0.2782945123143569,0.1298527923396349,0.2789936202059291,0.25849454225598334,0.1295788575943193,0.07748817358245493,0.32795455049166283,0.13418146978413958,0.10051048604931351,0.2644562752706743,0.05483244617527517,0.3321326699032417,0.09538441246651315,0.9287536591101997,0.19388358984139975,0.10077733969083535,0.5622929925346299,0.22540916086800267,0.12893070405047763,0.12357804747827578,0.30103297643178256,0.11795134576251977,0.12220900623558206,0.07035572792287903,0.06265648522095743,0.12342344129633812,0.12388586386395052,0.13726434869073384,0.07381105221128303,0.342306215692113,0.20874799986308373,1.5612956591209368,0.13526096268045226,0.22956292227204012,1.7888197876582541,0.15007289046297762,0.20613271429141494,1.6599306538667409,0.06738584137589887,0.3905238817226394,1.4453752941193647,0.13119998263081162,0.4415681123082526,1.1996562064630922,0.13115506803539098,0.42613031362965215,0.940877942182357,0.08153071099759017,0.3533731256537238,0.8309849800510779,0.05318434444340628,0.38556504223269,0.8340668090566972,0.02650664641040694,0.40890492583064275,0.8260811788231478,0.0740052868019863,0.03851655451094103,1.468965552740976,0.18399941493749386,-0.040370586475960535,1.2232251299178198,0.18482411989909725,-0.07156508257513057,0.9869319373161852,0.05563329223736693,-0.03172614882640156,0.9219703524732623,-0.029289896453826098,-0.06125854193741351,0.9095605467369027,-0.05689897885847378,-0.0689886535459724,0.8662728386824683,0.055858863634802636,2.7857142857142856
0.31626867488985977,0.9271921796765016,0.1681147131456046,0.3134993570841219,0.5622827320868249,0.19894331261670561,0.27864409219405595,0.13054720146243823,0.2784897639169425,0.2590394384161215,0.12696654169205157,0.08135689379843511,0.327359050461781,0.13188601187636256,0.10411291609308206,0.26445563943201855,0.05518492779870278,0.332000509859484,0.0949735510695822,0.9293719002463049,0.19475758000376653,0.10056405258651144,0.5633948308965621,0.2252630901783716,0.12940294620507573,0.12318232430179091,0.3024576133731594,0.11554767531201071,0.12230230706861536,0.07000397417499696,0.06256804557475082,0.12235283539038433,0.12403981727270272,0.1372811389148257,0.07345058899680627,0.34282470761373185,0.2080891468035462,1.5617530805373037,0.1347463830468964,0.228816626053771,1.7884988993423636,0.1480918956305565,0.20547774318004952,1.660088596318091,0.0664396957682562,0.3905636122308529,1.4476762428765237,0.13018671802534149,0.44139062856905387,1.201259306965568,0.13093714618544258,0.4267677054408832,0.9418478638550273,0.08243605074164242,0.3525760136984808,0.8322990714384549,0.05302665633127526,0.38534329390058686,0.8346380785994434,0.02682671478868548,0.41010031095173544,0.8244833293085421,0.07758844960339616,0.039289512114425516,1.4701147784861452,0.18193360003462367,-0.04083607369621629,1.2241672466659757,0.18273915176107175,-0.07402294497355197,0.9876849483320663,0.0575052990271904,-0.033268977437818134,0.9221107614025827,-0.0281888368048666,-0.06142424733218688,0.9096185874829102,-0.05753187768959088,-0.06858757520505686,0.8659241193719218,0.056110648487387935,2.8035714285714284
0.31583593939912963,0.9277677329930449,0.16984386405035368,0.3130775782189728,0.561386399551925,0.19988921467734,0.27905536226948424,0.13127093148338312,0.27788311152249395,0.2593976684798224,0.1245717659014545,0.08427005751662167,0.3267497431807552,0.1297455209448274,0.10736716520193473,0.2644143568503331,0.05546162490675943,0.3318629140241987,0.09457996176421062,0.9298430422757598,0.1956246251799369,0.10036109670468217,0.5643719444879668,0.22516673146760302,0.1298756697337395,0.12278950462473376,0.3038842736158218,0.11345626274276585,0.12225667371183034,0.06959570096932674,0.06254030367045035,0.12055429925271455,0.12439332321824305,0.13737889569182057,0.07322111277730037,0.34311649798497296,0.20778451185207036,1.5618939540784793,0.13473164893066952,0.22875171351703347,1.787913495199441,0.14691006152868183,0.20573802948301162,1.6603465393653312,0.06386122385853732,0.39043506610947487,1.4494776560678972,0.13011577184684175,0.44140737662073354,1.202528677912523,0.13111706212008314,0.42790594516576697,0.9415516375192302,0.08440962205457354,0.35201346654598187,0.8337163801144616,0.053083790178019466,0.3851400582469303,0.8349759199243288,0.026824078007205834,0.41114663806447904,0.8230065556710202,0.07884310245280782,0.040307461533944045,1.4712664749107105,0.17912268911711599,-0.041212928370296706,1.2254778573650271,0.18121209054724097,-0.07712725542252352,0.9881625495847319,0.059036087789043706,-0.03549882610385266,0.9218652179394528,-0.026321526966203726,-0.06228068182998209,0.9102639299247601,-0.05950360005201642,-0.06877595956818065,0.8661398390520647,0.05567562415247859,2.821428571428572
0.3154393797849458,0.9282539427376799,0.17176816232382056,0.3125812194378199,0.5603892223600954,0.20118736763424466,0.27945866933596675,0.13211344487402682,0.2771192801440349,0.25953964502018684,0.1231619502049269,0.08562778669333976,0.32617411957759457,0.12891232788475293,0.10895139046826215,0.2643321891045998,0.05567427160393077,0.33171807207498627,0.0942498064439802,0.9301403643217543,0.1964567490945784,0.1001759872739212,0.5652425597187432,0.22510662873238607,0.1303000306605852,0.12248762362030707,0.30513549197679607,0.11218320639796653,0.12217197763189601,0.06931046508452557,0.06259660283380625,0.11858836315997483,0.12483585857248679,0.13754707748690945,0.07318451569486148,0.3430675510839363,0.2077190029238553,1.5615647999256996,0.1348436761892411,0.229343536695374,1.7870902859695565,0.14704232201208872,0.2068562080625812,1.660638195226416,0.05985288369423847,0.3903658934878823,1.4506839503001647,0.1300874018011862,0.4417327769026344,1.203451436951472,0.1319610135945616,0.429431811332048,0.9404099761888903,0.08730793318165879,0.35221298163963116,0.8360030888859036,0.0512029197733288,0.3851101458103868,0.8357255874392311,0.025959869822796286,0.4121085831994607,0.8218356433535011,0.07851546521312672,0.041265922655615156,1.4722029948183641,0.17641868893899518,-0.041452147556912844,1.2268555158673031,0.18042791454123083,-0.08063306603669626,0.9884255578208064,0.05997393183638497,-0.038563302693024375,0.9220025762538827,-0.024783948070924322,-0.06408081707083234,0.911615848511636,-0.06296001315262931,-0.07020078858217232,0.8666101251118653,0.055291675397673004,2.8392857142857144
0.3150789078924924,0.9286265001350129,0.1739242905474565,0.312071859845924,0.5595749187188884,0.20258814558505353,0.2798117111865803,0.1331919087410851,0.2761396995826476,0.25954334993836947,0.12308287008245056,0.08533440924193812,0.32566656185228837,0.12965775453989184,0.10840122255694858,0.26419391029019745,0.055845582854325025,0.33155430005422926,0.09394317520573958,0.9302945945638175,0.19740642101101352,0.10000277514148652,0.5660966928136949,0.22505382240523225,0.13066429396156407,0.1222895158072631,0.30617263655365473,0.11194264290070602,0.12186389645147565,0.06956721563462304,0.06271943207879824,0.1171008165237828,0.12523251506127886,0.13777810209146432,0.0733261554759796,0.34270551173995956,0.20779810747832717,1.5607475151405654,0.13489338187369596,0.23038202527870327,1.7861352207500971,0.14848449305717898,0.20853881004583671,1.6607864879641192,0.05507940646701734,0.3905601924932204,1.451307722125936,0.1292063926032392,0.44236100912638926,1.204160095875299,0.13340502156352466,0.4311736746940861,0.9390848160336335,0.09035191018440515,0.35339081298497366,0.8394485401074737,0.04572772311757936,0.38531204638974026,0.8372859458997579,0.02378759440261781,0.41308966891052673,0.8211748766209668,0.07755536951174334,0.04197253647462187,1.4727630636096873,0.17439834748432168,-0.04152501716464173,1.227869497977693,0.18033321684586526,-0.08415485744744503,0.988920989036617,0.060149225081180674,-0.04250057191949094,0.9232342827659399,-0.024846186846326127,-0.06684497909365535,0.9136543815008591,-0.06784721441720071,-0.07301025334328323,0.8672516436257309,0.05548258428570789,2.857142857142857
0.314769462271016,0.9288354006605237,0.17634338274087097,0.31159873971034063,0.5591093912714735,0.2038963302039986,0.2800774934071243,0.1345017381468493,0.2749382943863991,0.25947913677588397,0.1238672916145839,0.0841199941945955,0.3253193944868539,0.13102905443255583,0.10683767305330955,0.2639901683212699,0.05598981083085839,0.331368090999925,0.09359617809035527,0.930397218556658,0.1986076028745722,0.09983057406637157,0.5670349812419616,0.22498645024574648,0.13098214028128408,0.1221550122935232,0.3070535894607699,0.11245884347088592,0.12112730793051033,0.0706513148163004,0.06285962207913953,0.11629943793383939,0.12551868807266056,0.13806675053463016,0.0736154078910427,0.34209598688760223,0.20804051994129552,1.5594753142613766,0.13495558859721998,0.23137634614238695,1.7851538150654693,0.1500659663850742,0.21028470695908025,1.6605600935270128,0.05056039767786391,0.3910470803594346,1.4514699426007487,0.12728107783012566,0.44321260501406445,1.2046170512922239,0.13523473052548526,0.4328658449027182,0.9382684221137576,0.09227673206964054,0.3554356482056169,0.8436978759381402,0.036492642955445576,0.3857686809002454,0.8395490680185833,0.020109347632064303,0.41404125502274125,0.8211566555667269,0.07609406104097505,0.04236139242378165,1.4729481633232815,0.17328080517349578,-0.04146730505621713,1.2282495150583037,0.18059917443979429,-0.08742177072358079,0.9903055488810739,0.05963436312715742,-0.04718307744591249,0.9259888793664236,-0.027536534321614,-0.070518165571441,0.916011601610822,-0.07321493921330004,-0.07694892342925572,0.8682326724462258,0.056061184044211204,2.875
0.3145121974048108,0.9288375601772164,0.1789893946508882,0.311163127273152,0.5589215767377633,0.20516040223591714,0.2802048674235878,0.1358613726821071,0.2736481066750993,0.25932612071173733,0.12472089984467592,0.08302394580339062,0.3252851747755695,0.13175236686848207,0.10598225951653938,0.26372860276819216,0.0561223412132132,0.33116744825167393,0.09318502728501568,0.9304684210807239,0.20008681093261077,0.09964754029273185,0.5680814814002547,0.2249059941952316,0.1312622338741084,0.12205116499285032,0.30782131575400795,0.11322083323211196,0.11998789313844063,0.07247950876485049,0.06296367513463658,0.1160347158728719,0.12566585701002653,0.138406509606879,0.07401856304514828,0.3412924875433083,0.2085147374559746,1.5577679327525686,0.13516358901356915,0.23180170540332998,1.7841651781549122,0.1499285120724852,0.211534511878465,1.6597862229084108,0.04723921326737504,0.3917259177945219,1.4512593558618334,0.12470703046082701,0.44417180072948903,1.2044701491403849,0.13723079165112162,0.43409892896719976,0.9383933175684214,0.09209928069294843,0.35810369745487436,0.8482187477983121,0.024613494908026043,0.3865265274936288,0.8419875638953528,0.01515611724230885,0.4149034980634826,0.8217073589542706,0.07363173938910017,0.04246923444772787,1.472903112995304,0.17299526665814713,-0.04140347029168846,1.2280032212502434,0.18081181475987954,-0.09036695215134735,0.9929073043452642,0.05881677846927477,-0.052373100868925486,0.9304774169218074,-0.03360669943660716,-0.07494890014122949,0.9182484081582178,-0.07754414199501908,-0.08161021457995243,0.869621972785531,0.05642225953147342,2.892857142857143
0.3142499783366072,0.9286031766574117,0.18173222359887664,0.31073751535505056,0.5587898379729723,0.20657542881229474,0.28015345684342247,0.13704633462903268,0.27254794454281106,0.25903877359374655,0.12522444320414644,0.0825138897463178,0.32562663201847136,0.13136181039201542,0.10660808960532636,0.2634205447077908,0.05625600933436903,0.33096138316746576,0.0927221409985648,0.9304368626777083,0.20180352102108873,0.0994550254297642,0.5691509129598791,0.22483743610942086,0.1314996021923338,0.1219694967689331,0.30847389050394963,0.11392329583526004,0.11864210977115743,0.07474451120670207,0.06300266781853556,0.11607382424316487,0.1256172392799125,0.1387880281327841,0.07449075928152205,0.34032749428713954,0.20923588175251567,1.5556977790030269,0.13555346772071528,0.2315002808855408,1.7831382207255664,0.1467716668826075,0.21183026117640458,1.6584507665973292,0.0456793256519856,0.3924847952915904,1.450617693665874,0.1219781801091743,0.44509396531489864,1.2034629038867721,0.1391510983176004,0.4344650559577622,0.9394690688249672,0.08959212923917324,0.36104279531028116,0.8527503260875295,0.011572580468956442,0.38761763061853016,0.844129322250493,0.009306378912394928,0.4158228344957561,0.8225660152802718,0.07012634830201755,0.04243937339721622,1.472746259257246,0.17320238819978975,-0.04146970712786881,1.2273254799961766,0.18081541092841283,-0.0929725390019289,0.9964260971977149,0.058078377957435645,-0.057822067092230686,0.9366592092582547,-0.043341302492661465,-0.07978761929093514,0.9203121282685746,-0.07999265160949354,-0.0864834542673066,0.8713076533938674,0.05586216967043357,2.9107142857142856
0.31389723052040286,0.9281060556860344,0.18436282347109031,0.3103143130104188,0.5585976546543312,0.20817433017299986,0.27992183702436846,0.1379726710856467,0.2718866854944548,0.25868568912080353,0.12542331117464067,0.08239658529143165,0.3262325341323087,0.13025222361538716,0.10830800559057482,0.2630664166976385,0.05638671021558694,0.33075345514875526,0.09220970761314802,0.9302348478692513,0.203698702675251,0.09927279661125196,0.5701004493699092,0.2248064491385292,0.13168209263066244,0.12191419558427802,0.30898540281838577,0.11453834036364854,0.11729740414584948,0.07711860812776511,0.06298152292137338,0.11613881834513265,0.12537016946031157,0.139199456985504,0.07501005427474444,0.3391902971644659,0.2101436884689974,1.5534806422760505,0.13606056330697805,0.23075061627333698,1.7820397962038141,0.14046483382672534,0.21096522732798215,1.6567323565858025,0.04588788758766746,0.3932343664699255,1.44944613965651,0.11947689935958022,0.4458039746652138,1.2018783480581248,0.14071472889232695,0.43393588055296306,0.9411777797094787,0.085142285238407,0.36370936642035867,0.8571550464446542,-0.0012069931876471235,0.3890322819912705,0.8457989291455232,0.002772920146103905,0.41699403773233334,0.8235167453857862,0.06609411157624724,0.042443099125932957,1.472464737691238,0.17348482474271235,-0.04172430533200138,1.226440447001054,0.18069670970820587,-0.09513069324784748,1.0003017202605569,0.05740436732068266,-0.06329555814518337,0.9441008419141862,-0.056132692086126756,-0.0846740724948796,0.9224434731218107,-0.08094210621253156,-0.0909968582048162,0.873225300075673,0.053649156117449276,2.9285714285714284
0.3134387725462333,0.9273194200147947,0.1866998827600267,0.30991890458103744,0.558433896948629,0.20973020319611288,0.2795388970897568,0.13866903114184853,0.27170413967632956,0.25841413355224585,0.1254616877562582,0.0824033228486781,0.32694213350963763,0.1289421506799724,0.11038953522599555,0.2626615714034367,0.05650727515549765,0.330543142595527,0.09162282157842884,0.9298199637946499,0.2057235599690413,0.09912245694231824,0.5708403365615521,0.2248198350367404,0.13179589420313573,0.12189348071506284,0.3093161691389671,0.11509330010776396,0.11611750484077948,0.07929836987715694,0.06294498521129775,0.11601151851564365,0.12514360755188478,0.13962748288954813,0.0756516890678372,0.3377963979631604,0.21114058099002328,1.5514707472738398,0.1365779401434504,0.22988965507161563,1.780795076935655,0.13176241889707138,0.20908415329505947,1.6549486594358385,0.04730085299497952,0.39388262587795403,1.4477575089614523,0.11751774898325501,0.4461327976946816,1.200293221996368,0.1417205232658214,0.43300558309632864,0.9429816283935522,0.07960609351048145,0.3655450800440593,0.8610354226380377,-0.012232385199067858,0.3906988027276528,0.8468112078456128,-0.004114143899832778,0.4182770941083471,0.8246207097605688,0.06172561021617487,0.042548529599452725,1.4720094736885685,0.1736371384747886,-0.04217129774564371,1.225525859264323,0.1804043774140328,-0.09678201465239339,1.0041569993933446,0.05641464582133324,-0.0684463684466666,0.95189141003646,-0.0702554793778313,-0.08947924765378201,0.9246688221162663,-0.08130638535799399,-0.09475987905281849,0.8754593458642368,0.04919561726299192,2.946428571428572
0.31297543128479605,0.9262205685001634,0.18874860283819547,0.3095858842179016,0.5584456947331062,0.2109839031865594,0.2790488291620031,0.13916350676019307,0.27182791490182895,0.2583121724228908,0.1253784019571178,0.08247942848560148,0.3276552264417434,0.12766743013274123,0.11245064145715315,0.26220964874225644,0.05661505703562072,0.33033340143163537,0.09094506445703408,0.9291275546161775,0.2078611259037803,0.09901499860138618,0.5713572876871102,0.22487883368332529,0.1318323015262911,0.12190787424298136,0.30941912367311436,0.11554669064377146,0.11524591087254467,0.08097899681558228,0.06296956965020749,0.11568809592343346,0.1253309904082832,0.14006265557434766,0.07655364716942953,0.33606357712257595,0.21211702150499634,1.5499242611678345,0.13700965784575286,0.22902717188748456,1.7793109075614084,0.12185632452566211,0.20659749645938613,1.6534103822986728,0.04907505300135362,0.3943364849112809,1.4456302704293418,0.11635944978103954,0.44604478339299836,1.1990264583651349,0.14216568435776117,0.4322893210534229,0.9442550896233911,0.0740297013550501,0.3662998051206934,0.8638108717652604,-0.02028861399584911,0.3925319910694614,0.8468769423185223,-0.010745841145411258,0.41915001807706803,0.8260210951537859,0.056648454487936276,0.042712222541865005,1.4714080303194306,0.17368294369606654,-0.04281576994461818,1.2247932800957366,0.17962461774935345,-0.09812410270162437,1.00787482988379,0.0546187687373956,-0.07281960779422653,0.9589052177424121,-0.08341918964068509,-0.0942933003491888,0.9267371979984474,-0.081744319765438,-0.0978432909401466,0.878134892865093,0.04246350554578068,2.9642857142857144
0.3126379767220987,0.9247696505365337,0.19083781727778965,0.30933887808689375,0.5587098210138677,0.2118420445947356,0.27850476049623213,0.1395222778913587,0.2719745082853906,0.25838233581778625,0.1251447262763136,0.08266416789670898,0.32830487978740525,0.12649434051153904,0.11427990981046283,0.2617316247358983,0.05667942261712678,0.33014190868437737,0.09020307900548306,0.9280816425909098,0.21012249940633504,0.09895719439328891,0.5716412932156952,0.22499104300984787,0.13180023637007815,0.12193089501957217,0.30927387616857094,0.11582290573967544,0.11479871125466673,0.08190418632094627,0.06311317296424002,0.11530640963880744,0.126197588066246,0.14049363743391458,0.0777256421225399,0.3340874755348767,0.2129526992541565,1.5486699691856392,0.137293903932924,0.22816623214217158,1.7775914941376667,0.11195168360840171,0.2040378730197917,1.652262735953088,0.05022231780559419,0.39456038986016345,1.443095723098332,0.11604112091452176,0.4457746143356675,1.1980545304452164,0.1421464248647059,0.43209033338131764,0.944584769723908,0.06889406720610071,0.3661008633376285,0.865255459137214,-0.025404083430248886,0.39449046917149666,0.8459473836461937,-0.016658612617594243,0.4191061814250815,0.8275913075796963,0.05051300497793455,0.04287252404203677,1.4707553005100316,0.17369382333324493,-0.04365453455117577,1.2245229303594576,0.17809223307410607,-0.099526126674165,1.0115668004739706,0.0515048497916204,-0.07617891324302761,0.964517388440389,-0.09395750579834003,-0.09936284637068683,0.9284143595089154,-0.08249272334994737,-0.10077469348654937,0.881271899855168,0.03417402195960216,2.982142857142857
0.31246773692206725,0.9229067663694226,0.19353883891846263,0.30918918025298103,0.5592451099125199,0.2123391337120703,0.2779487709651829,0.13991448474441354,0.27191133449174204,0.25859250801155503,0.12473672398438154,0.08296352393431952,0.32881352971300826,0.12549605586481966,0.11565472380215053,0.26126209289803826,0.056641400801083944,0.32999627872999293,0.08947278394022014,0.9266881926411019,0.21249191960715869,0.09895770017666747,0.5716693275522775,0.2251439796074251,0.13172921666873175,0.121932478858941,0.30894950001853677,0.11589798072164569,0.11478192917416373,0.08204183726736768,0.06337629385979836,0.11498300586075419,0.12770603081057086,0.1408981309294313,0.07897209990312734,0.3321570991260087,0.2135365772833291,1.547169862502029,0.13742442081318285,0.2274216724119948,1.775779905110701,0.10289352571300114,0.20202096056501603,1.6514715753625484,0.049578732771437484,0.3946194946141052,1.4402000653213627,0.1162343196440967,0.4457383405548693,1.1972735425372116,0.1416752210464525,0.43243608740514394,0.9440153719246934,0.06380710317679718,0.3652315681252635,0.8658159153142063,-0.029085927093918967,0.3964637788129274,0.8443706355433294,-0.021737850952465748,0.41805139103128663,0.8290642263781212,0.04337914084057361,0.043003104083768534,1.4701550995946315,0.1736999662423165,-0.04467823682531481,1.2248631660746239,0.17581842391726826,-0.10129222437923144,1.0155381837389659,0.04643488768481646,-0.07873117112511642,0.9690099573811827,-0.10145486731161278,-0.10496780413552559,0.929574493441358,-0.0835465585840433,-0.10413995026012651,0.8847880634489159,0.025396542414175646,3.0
0.31240297241849313,0.920709679765533,0.1971703983385545,0.309143781318399,0.5600466134480133,0.21252763283568032,0.2774048969989303,0.14049539477088271,0.2716097641019648,0.25890915590378427,0.1241974374202315,0.08331112376534322,0.32910128005576583,0.12479089769490825,0.11634653336184872,0.2608172516073693,0.056483227925708465,0.32990249622122036,0.08888172907072424,0.925109072756517,0.21484716917693375,0.0990157637928422,0.5714713394313865,0.2252799465488335,0.13165100016029904,0.12193616141756863,0.3086137182102085,0.11584755652880696,0.11502275419027957,0.0817062531725868,0.06371883068196443,0.1147727823922948,0.1296246630746429,0.141264804646355,0.08006152684648174,0.33054700566293754,0.2138401274354233,1.544991138622124,0.13749807994762023,0.22706528273884552,1.7741114931023019,0.09511675920109533,0.20115952696484107,1.650958600869243,0.046333718481323366,0.39461204402984734,1.4371166491282417,0.11646896185696096,0.4462062169659131,1.1966042390982585,0.1406648323803267,0.4333152895457474,0.9429790528254268,0.05817829439045416,0.36385101411177123,0.8661836302460557,-0.03308130989144947,0.39827608412144444,0.8426795290608857,-0.02604184250762362,0.41627229520615844,0.8303053514410194,0.03557626404362446,0.04310160333479851,1.4696813789143417,0.17370090019535844,-0.045877189136713514,1.2256399694268725,0.17301421215469728,-0.10362772982881174,1.020205628953644,0.038752255429526844,-0.08091435510056934,0.9731516891915419,-0.1063195007036206,-0.11119974431076995,0.9303155259516304,-0.08502589073759732,-0.10814165326737601,0.8887775417856111,0.01675892092299744,3.017857142857143
0.3123600665825175,0.9185908854067468,0.2013033274990652,0.3092128307789819,0.56108272124167,0.21243411494195472,0.2768996031054426,0.14125710906374458,0.2712045571083157,0.259287240813951,0.1236758662078396,0.08355870121143473,0.32913506215169575,0.12446777851321328,0.11627280580592234,0.26037839129082163,0.056283472469419456,0.3298249313203866,0.08856483463533991,0.9236276047097814,0.21696074101139187,0.0991117488597759,0.5711972693729719,0.22532660973969953,0.13158759101116738,0.12197761295635665,0.3084172671037379,0.11578555614484237,0.11526660490985777,0.08134741876338492,0.06409279805688547,0.11470900861455832,0.13168023593925052,0.1415996746281579,0.08087647148163815,0.32936517671842674,0.21397445523922506,1.5420382296628605,0.13764285157206022,0.22740285247334857,1.7728059711976913,0.08873925328121393,0.20183145600593227,1.650628781219266,0.040804473020055604,0.3945719132162375,1.4340753012149057,0.11653981570039482,0.44712274703580485,1.1959206284963813,0.13898187588835634,0.43466967567644066,0.9420443817202931,0.051742160083006195,0.36189598757184893,0.866712459135908,-0.03816152722475839,0.39980708921732155,0.8414177983282831,-0.02985334408032146,0.41410673609014226,0.8312086104478527,0.027507753825057435,0.04316555156778651,1.4693659863369803,0.17368581875558256,-0.047191925590496404,1.2265387490691926,0.16996939690966703,-0.10669112553646277,1.0259737197291516,0.028397368919032384,-0.08309254292059069,0.9776654222989727,-0.1092518524958456,-0.11789438202902118,0.9311778495229157,-0.0876023551990132,-0.11262722699823954,0.8937236880395638,0.008112142348017173,3.0357142857142856
0.312302763542147,0.9171632110251806,0.2049316201877298,0.3094054673931454,0.5622976490200947,0.21205849007078725,0.276466029908934,0.14208625082732743,0.2708238427940632,0.25962464431786425,0.12334340254399409,0.0835563974850219,0.328972003413153,0.12448097510095796,0.1156173441217428,0.2599313242991299,0.05619878374136819,0.3297100541405399,0.08857642754022252,0.9225242086265589,0.2186099489847173,0.09922242477673421,0.5711135670252604,0.22525490102249934,0.131553091848783,0.12201926708107824,0.3083769066185202,0.11576162391596351,0.11537316455244043,0.08118790227497012,0.06445536872470514,0.1148148328985712,0.13360449635851848,0.1419001917590353,0.08138919188823149,0.32858871623244856,0.21409083121534572,1.5383359041225417,0.13774815053587414,0.22860278093130676,1.7719365641226106,0.08346060252712434,0.20400340949638032,1.6502090677538896,0.0342485979554015,0.3944918950473474,1.4312646373569624,0.11654381124012708,0.4482660291736827,1.1949954731953119,0.1365316882014749,0.4361220617314022,0.9417678867284456,0.04429723127471209,0.35923386879463726,0.8674794743758262,-0.04430182217799426,0.4006054391702618,0.8411742702996132,-0.033872597781711755,0.4118576137379043,0.8316283928902934,0.019492674116618022,0.043187276919426476,1.4691929170241915,0.17364676320300243,-0.04851363315991115,1.227395230073649,0.1670034650410884,-0.11044622600466818,1.0329408918077843,0.016393618951103667,-0.08549121247497544,0.9831407982476423,-0.1112260811255163,-0.12461039989581996,0.9330667100722259,-0.09244462397461833,-0.1175116156590618,0.9000692748866143,-0.0008707895980222119,3.0535714285714284
0.3122717385166338,0.916814102104003,0.20709839198403623,0.3097226243558013,0.563633584361973,0.21137735771469474,0.27613500668356283,0.1428935159553401,0.2705164769870488,0.25978097122199717,0.12315404210580773,0.08340302464046773,0.3287529995635453,0.12459152036725385,0.11483853370841487,0.2594965017321558,0.05637840432399672,0.32952762037430233,0.08888273027226971,0.9219428668312757,0.21966211200052208,0.09934109570129135,0.5714695075727729,0.22509712656693373,0.1315479216417084,0.12199212080287576,0.3084105557027442,0.11575070149496183,0.1153617171196148,0.08117730442874092,0.0647660646854766,0.11505102561232544,0.1351234686743504,0.14215870868440117,0.08161274164200644,0.3281673645597691,0.2142037036118365,1.5338882220860235,0.13739266266967712,0.23066705445956054,1.7714342014115891,0.07860822307780918,0.2073200799327688,1.6491556707468704,0.027799409837646755,0.3944116467473992,1.428862337972834,0.11660344465316344,0.4494351460022036,1.1936551010656762,0.13339364520276062,0.4368420949939945,0.9426241765851204,0.03547015161600946,0.35583640287173146,0.8686162941797712,-0.051369330859741505,0.39950683212487864,0.8424740704210415,-0.03912714709385874,0.4100244740981448,0.8316137348559866,0.011455958924416712,0.043162998871767076,1.469089531947233,0.17358468272905248,-0.049760038759996,1.228155322554916,0.16443860737612367,-0.11448593106210159,1.0405918888831238,0.004452447778858226,-0.08821767433059857,0.989905196043953,-0.11333918971382267,-0.13060784231983502,0.9369788178830305,-0.10058270822941617,-0.12294809013852087,0.9075108962124223,-0.009987174190132786,3.071428571428572
0.31236803488884557,0.9174627396343451,0.2073012604384985,0.31016009989279864,0.5650321452366036,0.21035981785554153,0.27594020416080633,0.14360974075215704,0.27029550610316033,0.2597137987922058,0.12275392988687446,0.08359599199195235,0.32867817801141896,0.12437071280221895,0.11464137694614675,0.2591035143569167,0.056846212256651915,0.32929230461384607,0.0894280164116182,0.9218638343265463,0.22006560526941685,0.0994689887562187,0.5722926183210214,0.22492978560518156,0.13156163118753889,0.12187286251195914,0.30844557725479416,0.11570724095662265,0.11529227161089467,0.08121175834243467,0.06498200692838683,0.1152727906655845,0.13599170459279783,0.14236708966070732,0.08160406504702124,0.32809398404606854,0.2141955725365474,1.5288094604619507,0.1362599731270627,0.23354677753971145,1.7712237025085715,0.07354094840941683,0.21134552100674897,1.6467598403644728,0.02190629116358167,0.39443097847810277,1.427057202514203,0.1166943994784281,0.45042961555821315,1.19209369767624,0.12977545995770068,0.4359075982907278,0.9448565390067636,0.02509800638716629,0.35177818979175457,0.8702847377724394,-0.059168097027678196,0.39531502163422017,0.845443302947353,-0.04650103209149771,0.4092894704273037,0.8316354313967933,0.0028586282040311967,0.04310014403717746,1.4689645075498714,0.17350387395914085,-0.05088305433301016,1.2287224283425442,0.1625617065122924,-0.1180561424540583,1.0480574331148607,-0.006034567617639347,-0.09106096601982683,0.9976538615244394,-0.1164135553534946,-0.13513113461282789,0.9438291396414551,-0.11243871490011144,-0.1289556013796228,0.9150823148364929,-0.01883932762398459,3.0892857142857144
0.31264462681580696,0.9186920546835997,0.20565585450113874,0.3107081767079442,0.5664256885940141,0.2090141444758019,0.27591034960072613,0.1441368201084186,0.2701835007018013,0.2595258449424941,0.1218542360912018,0.08465263618542183,0.32892155931144146,0.12347261357049458,0.11562102002921107,0.2587661735843834,0.05747676355569511,0.32904914001422414,0.09015715274755196,0.9222025345234914,0.21982994626339797,0.09958716414851956,0.5733576180626452,0.22485033244134614,0.13158748222134306,0.12168904685865609,0.3084653877739983,0.1155995312051782,0.11517605029479192,0.08126252633539593,0.06507561562899136,0.11530943740760115,0.13614626132044153,0.14249635712457617,0.08141958750769271,0.3284330547453549,0.21397877310862973,1.5234282483095598,0.13454663127924954,0.23705909342243328,1.7712886466636166,0.06792311088747593,0.21570944802040154,1.6424559715158444,0.016689002387931334,0.39460573242555763,1.4260260255162014,0.11669224854497073,0.45101063205064473,1.190844475903787,0.12590778531502458,0.4328930859708009,0.9482634039730347,0.013830583176282635,0.34722258585759347,0.8724163707059467,-0.06708341864158666,0.38780232561707656,0.8497144949924266,-0.05603349745946521,0.4099324130309647,0.8325531578979003,-0.006761598284594453,0.04301570341487831,1.468784872654069,0.17340370081565334,-0.05181648497112054,1.2289981903902114,0.1615036805459254,-0.12020330314520489,1.0548973363616527,-0.014917906365665673,-0.0931078947173124,1.005637508489365,-0.12115467990187007,-0.13761214500012628,0.9542766054538528,-0.1279467624259585,-0.13489075721626803,0.9221335545676943,-0.027768600069502977,3.107142857142857
0.3130178642833299,0.9200806851446851,0.20287956098754,0.3113390983027299,0.5677457661495144,0.207452767188257,0.2760367262380212,0.14439246658413146,0.2702071993928334,0.25931863894919993,0.12071631138255022,0.08640921595795747,0.32942615225288174,0.12221700260285351,0.11743787304083479,0.2584980447023991,0.058126934260784205,0.3288369828531712,0.09099858599002225,0.9229120314288896,0.21909409728384352,0.09966298060393271,0.5743921075741468,0.22494205041779908,0.13162185020858347,0.1214993955788482,0.308491634579589,0.11546344677362019,0.11497535051750193,0.08136181638365514,0.06507454119175403,0.11511902611247896,0.1358593543083618,0.14249737843231605,0.08105529457654237,0.3292777997947805,0.21356608379741004,1.5181864888603012,0.1328070218007451,0.24064811254733276,1.771592951987872,0.06180601812328898,0.2200435584649077,1.6362223112341003,0.012409673962152729,0.3947941268516754,1.4259229061126175,0.11660181807900141,0.45100885079514547,1.1903175598368565,0.12212030001267404,0.42804546666225773,0.9521168840357317,0.0032298264246639896,0.34247546187169253,0.8745470533256425,-0.07401947077561025,0.37781212217268445,0.8547539862756373,-0.06655396436940875,0.4111219325237224,0.8351534982630325,-0.017273002609174234,0.042928729467852283,1.468594847002402,0.1732799574075914,-0.0524846665100916,1.2290055744506319,0.16111527781675383,-0.120080016695313,1.0614267681766818,-0.02337862930465147,-0.09282463789796358,1.013505052612226,-0.12831742558731957,-0.13727081841422029,0.9684783534877385,-0.14667328615360478,-0.1393498956573341,0.9290769223310683,-0.037770956103260464,3.125
0.3133380214824795,0.9214922972144266,0.19984190259295231,0.311998103378856,0.5689074171991843,0.20589954391713944,0.2762696359600807,0.14438993143126683,0.2703638495663809,0.25909827345044845,0.12011918704756788,0.08782949438500463,0.32985553154453706,0.12165601697153221,0.11865609887734344,0.2583292343966785,0.058743712339248515,0.32867370889136804,0.09188364219824645,0.9239797233037786,0.21822453017607457,0.09969216838421183,0.5752306278533097,0.22523563163320326,0.13165648020806828,0.12136076055644568,0.30854794349094733,0.11544343066286707,0.11464390413647622,0.08155036708263227,0.06504765258180126,0.11484262165527923,0.1355932766306469,0.1423418280379951,0.08048305902756953,0.33062095281786313,0.21301502415417917,1.5133737257401019,0.13151174175388622,0.24357667550934986,1.7720105801829436,0.055636349066020024,0.2238697163609608,1.628658080946541,0.009438609711814927,0.3946798950583911,1.4267665582117859,0.11675023111146951,0.450426905360525,1.1904716847516292,0.11873861687790008,0.4218699316793848,0.9554807234600627,-0.005091624645622669,0.33779196484168894,0.8759258518392693,-0.07888926990509765,0.36668409501616783,0.860147023880438,-0.07631240032761269,0.41094814618261144,0.8396032771368628,-0.02820035631610132,0.04285543038546219,1.4684634647006196,0.17313234959093882,-0.05284419196908127,1.228945302570047,0.1611013768273539,-0.11726572719325846,1.068154498474948,-0.03262411226825691,-0.08883727246233183,1.0216502064326625,-0.13825278669161406,-0.13297306714951546,0.9857667863119051,-0.16736519528565946,-0.1406455863560216,0.9370532957293004,-0.04948602669281564,3.142857142857143
0.3134945377390485,0.923060208640385,0.19704058217877607,0.3126231130714607,0.5697727111384515,0.20456272173845388,0.2765557662748846,0.1442371146523037,0.27060405707541585,0.25883818140941994,0.12082194533576103,0.08767694602763403,0.3299057804978427,0.12274550353034236,0.11785478144399922,0.2582883389217281,0.059314876668533065,0.32856969567200006,0.09279272556539299,0.9253397701864855,0.21762440072442363,0.09970006532944459,0.575802409568995,0.225690873372671,0.13168215010093243,0.12129753911555546,0.3086404178274221,0.11567330230661702,0.11418948218845552,0.081834982594256,0.06503216015985967,0.11469882814916035,0.13563513507911695,0.14206893221030517,0.07968990059043654,0.33230616904182725,0.21237980642311344,1.5089939134280637,0.13090408141162066,0.2454371484547687,1.7723271261819953,0.049920229875093536,0.2267520312052902,1.6205861652625564,0.007762752913099413,0.3940245420780305,1.428254087394586,0.11746329486464324,0.4494148656536585,1.1909449921101305,0.11574668005221894,0.41459528281207964,0.9579378246932186,-0.010928095922144249,0.33288412465396844,0.8759383348048968,-0.08133480153177262,0.3554786904673889,0.8655156870713179,-0.08421035630686663,0.4075385188068149,0.8455118412717577,-0.03914842388073117,0.04280747194632764,1.4684332796145698,0.1729704289901085,-0.05293078251628219,1.2291376944439685,0.16126623914053376,-0.11162494374788372,1.0751508787112924,-0.04244701110956481,-0.08058635539096115,1.0307530160387877,-0.15068508216012125,-0.12387469541708074,1.0044544760227465,-0.1877425356332429,-0.13744074570404102,0.9471065037044222,-0.06308754875116641,3.1607142857142856
0.3134359537892804,0.9248998547384084,0.19454418964888737,0.3131762669838231,0.5701913309097368,0.2034830630868515,0.2768573290387366,0.14405793450322008,0.27086205317580525,0.25854469197164726,0.12305149019541788,0.085424795332389,0.32956913808241045,0.1256762313928777,0.11461013941926838,0.2583745180014012,0.059796931938957784,0.32853028916819776,0.09374976045830441,0.926857616602506,0.21730024518855756,0.09970872211450571,0.5760964173498347,0.22622032456577879,0.13169591337283232,0.12130511595232708,0.30876336393063547,0.11612221486819457,0.11370611436767304,0.08218063824922069,0.065018720664499,0.11482628852571011,0.13596844050389356,0.1417656441926699,0.07869518621805086,0.3341181582677633,0.21171721991410014,1.504983448413231,0.1310955547036678,0.24626368046212588,1.7722661468001604,0.044807416940175426,0.22857471856726713,1.6126484881395584,0.006775666795963753,0.3928272472508071,1.4298321681333412,0.1184536653358021,0.44816450830986926,1.1913688077983333,0.11287420875094323,0.4060550037177224,0.9601774564598837,-0.01587182678602679,0.3267358639107421,0.8747306284358001,-0.08211991859275347,0.34436682836915916,0.8703966498741404,-0.09040556578963206,0.40030546977212184,0.852414024841518,-0.04968461336275862,0.04278859430260167,1.468502707465296,0.17281368338506575,-0.05291963262244519,1.2298328982638338,0.16151412955247418,-0.10289704638541362,1.0820990013067748,-0.05176951618317646,-0.06823036562933638,1.041330722734077,-0.1646478702715255,-0.10979976596816496,1.0224725184238408,-0.20556062653628931,-0.12920782105078513,0.9598272382860855,-0.07894300375580346,3.1785714285714284
0.3131690168043755,0.926931088649071,0.19222405781795343,0.3136361730439195,0.5701511535677017,0.2025320340926236,0.27714961261634474,0.14390117945880382,0.2711107644581284,0.2582541132293662,0.1263752847664539,0.08159883503333831,0.3290096734459464,0.12999708341075436,0.10935761090519852,0.25854525864423944,0.06014288546083182,0.328543377219679,0.0947669640454332,0.9284256744422098,0.21686612537836208,0.09973901783762695,0.5761327214581045,0.2267456856735589,0.13170037695348924,0.12136987674600452,0.3089104426612361,0.11664924883366735,0.113318094341743,0.0825340992524666,0.06499857502834466,0.11521743064236163,0.13644255253345006,0.14149313421722481,0.07762481772235538,0.33580964913165073,0.2111044877398755,1.5014478102723263,0.13200763495252632,0.2462671308175935,1.7716311943991578,0.04018708427387019,0.22955545384458312,1.605330832488636,0.005834638548658427,0.39124723318032517,1.4310226017555951,0.1189078747461993,0.4467432134510007,1.1915159207606323,0.10995162255937738,0.3960524068600092,0.9636832184841994,-0.02173096984637747,0.3182835803548102,0.8736204244042629,-0.08272810206753128,0.33299370486050883,0.8744559741544784,-0.09588166503124287,0.3898659567936022,0.859898025492559,-0.0593373590868208,0.04279227504791098,1.4686311515465025,0.17268525707958587,-0.05302503123683272,1.2309902997102944,0.16181260301328132,-0.090783481055209,1.0887390996866424,-0.0602696366381934,-0.05210499221815165,1.0535445708071187,-0.178332870596978,-0.09099436234806513,1.0386054204330861,-0.21996571792696137,-0.11622509810348439,0.9754116932466905,-0.0976598327347214,3.196428571428572
0.31274626319588567,0.9289765199843654,0.18995688919951026,0.3139808878587854,0.5698173274199394,0.20155812150853375,0.2774228462736157,0.14373396643842162,0.2713693016317381,0.2580034541734867,0.12998540418240254,0.07731059725829295,0.3283444350331854,0.13501234552026098,0.10280741916991319,0.25872910274909744,0.06035201296477749,0.32858225122281015,0.09582183743936262,0.9300290904931342,0.21603579258839684,0.09981515261576138,0.5759346986366803,0.22723306974199836,0.13169800234941847,0.12148060581525305,0.30907750180607396,0.11713644079100963,0.11310121972225795,0.08284850228657926,0.06497690287692948,0.11579048248327213,0.1369401894169693,0.14126664794453406,0.07668876203139553,0.3371165532478774,0.21064475819379402,1.4985871862382623,0.1332072295959058,0.24569527777221617,1.7704793764392985,0.0361251324495776,0.2300080400281852,1.599150646102512,0.0048847851199737835,0.3894950730170206,1.4316400874731001,0.11822730848235186,0.4449621870502727,1.1912568860224866,0.10678061292482954,0.38473119915230464,0.9696927120332784,-0.029016983132984273,0.30735135854859785,0.8746863543442195,-0.08439078039041085,0.3212817200800792,0.8779319144705673,-0.10162089984076882,0.3768022580842344,0.8674195989350073,-0.06824267615360141,0.042805779186169,1.4687636696429023,0.17260486120787671,-0.053236470988002146,1.2322535417840748,0.16231452937698682,-0.07556280902292403,1.0950143511520143,-0.06837601935559866,-0.03252448794874193,1.0670939965197106,-0.18971807108945987,-0.0678181976674607,1.0529046287042276,-0.231600350647405,-0.09910202685406996,0.9935974990252574,-0.119593105867758,3.2142857142857144
0.31222008698670095,0.9309382773685284,0.18771404331705033,0.31422029330947193,0.5693373973364848,0.20056407400062137,0.2776695421492614,0.14354218605432556,0.27165334048688056,0.25783757998218915,0.13308115548669408,0.07356647037730303,0.32764887838295914,0.14001596869916158,0.09575314295553228,0.2588728175482415,0.06045606999021195,0.32862204252374705,0.09688054725045962,0.9317256870129009,0.2148662865852053,0.09993929427131418,0.5755226971782563,0.22768649336506447,0.1316886788400465,0.12162980533308657,0.30925965894889484,0.11749139426371372,0.11306456170977913,0.08308701694759596,0.06494696970771852,0.11651344881584054,0.13742836905403705,0.14109588470658238,0.0760067519418442,0.33792709611634225,0.2104295495678745,1.49651365176022,0.13390195890310194,0.24485279520674236,1.7690613867410432,0.03292789715777572,0.23013237407792025,1.594498178729991,0.004242222414195834,0.3878116999305553,1.4317822502032955,0.11638869673651348,0.4424933265624126,1.1904814967359618,0.10300795045246566,0.3724616828748171,0.9786786178441094,-0.0375776303923927,0.29452934136266223,0.879733524246717,-0.08766092574384439,0.3091497840006993,0.8818070355535361,-0.10800177907406139,0.3612365272341011,0.8744336770000621,-0.07745124703071901,0.04281663006980417,1.4688660367146857,0.17258192064682734,-0.05325419513704062,1.2332246549873531,0.16321678317827168,-0.05838341188533052,1.1008976488370585,-0.07608225929685232,-0.010126195141397424,1.0813029013965196,-0.19754574812472986,-0.04084495328334874,1.0660075805716955,-0.24146512462674063,-0.07858423260397773,1.0132934087054717,-0.14378796981446457,3.232142857142857
0.31161026908522566,0.9328331438079538,0.18555052970253796,0.31442684981517827,0.568745612822709,0.19973433004163627,0.27787649289339805,0.14338393014677203,0.2719502799311826,0.25782852785673016,0.13500485722547803,0.0711122151844136,0.3270815399662599,0.14423664602050798,0.08944192047008376,0.2589752091946707,0.060489893553083283,0.32865323457471185,0.09790121115446673,0.9335841870138558,0.2135843884311709,0.10008970357310151,0.5748955431096268,0.22812169775165936,0.13167163999359704,0.1218132530268352,0.3094500846963031,0.11760030561565271,0.11317753490202202,0.08320993231523192,0.06488025976224804,0.11742111485628497,0.1379184235975546,0.14100068808986532,0.07552973864319162,0.33836781275513583,0.21044135435142797,1.4951996953813784,0.13323022972568685,0.24401711577333177,1.7676259653067636,0.03072081477448274,0.22998778848252494,1.5913065148833905,0.003927766657361692,0.38646511411631157,1.4316552217028724,0.11370438754102616,0.4391493550229625,1.1891900716794348,0.09859257873887933,0.359402696685434,0.9906764769366231,-0.04802086273195107,0.28013786036462396,0.8892799034308836,-0.09277526962611349,0.2958463623025927,0.8873370924265553,-0.11479533888801133,0.3437686670734479,0.8808777194807976,-0.087846088143024,0.04281791612278393,1.4689378896848642,0.17260995695070017,-0.05267004911420432,1.2338121940246776,0.1642131916460358,-0.04068957056706653,1.1064665638809712,-0.08296183348594899,0.014028253555707516,1.095238840335753,-0.20150275264406062,-0.011450560976816501,1.078452321597585,-0.24962743275390833,-0.05562877756521066,1.0323690507868815,-0.16740595734479524,3.25
0.3109133938580179,0.9347204573368236,0.18357054905027914,0.31468867393947286,0.5680792633394428,0.1992673485283224,0.2780461344920541,0.14332152197234305,0.27224624906409556,0.2579989309504697,0.13533972693289448,0.07056856806139289,0.3268670064063526,0.14676346040200805,0.0856566194766949,0.2590617653235637,0.06048905126729305,0.32868755460541166,0.09880982487112443,0.9356319640100748,0.2123569975954504,0.10024628647800136,0.5740316281053575,0.22853834431577336,0.13164756776805447,0.12202957009806925,0.30964239014615413,0.11737852350837413,0.11339353521046197,0.08318522565236786,0.0647485820060031,0.11849610394024407,0.13839199541946673,0.1409997144727103,0.07514498540220414,0.3386314223802521,0.2105566345080167,1.4945082599577193,0.13081226063010493,0.2432264000302759,1.7663478417977203,0.02916505880995232,0.22955439051458537,1.5890549557371962,0.0036773772475338085,0.38568777951175826,1.4314294623021584,0.1105336316660285,0.43498901181643745,1.1876354881683984,0.09404810231757438,0.3453496323429871,1.0052993197090792,-0.061493991809731946,0.2639481183046538,0.9022264613607651,-0.09980577522649554,0.28044707304830346,0.8952340199542117,-0.12165967252692786,0.32574894728915493,0.887408352559631,-0.09879220356916511,0.04281452507801663,1.4689976588874347,0.17267202533070053,-0.05111202461344738,1.234313324383417,0.1642735664408686,-0.023334173841079428,1.1123149392516396,-0.0892580822464572,0.03893032097951111,1.1078390280794244,-0.2020361480510397,0.01821956834664215,1.090603368560543,-0.2550706009012244,-0.03111706949357002,1.048514387581901,-0.18786073054302443,3.267857142857143
0.3101389771508076,0.9366709323453751,0.18185412290524391,0.31503683592360093,0.5673754414642525,0.1992540057043402,0.2781990144267141,0.14336381463152562,0.2725415885130029,0.25825603409942616,0.13415688133455747,0.07223950816706487,0.32709932137940045,0.1470045529809778,0.08564263014074064,0.2591434883958182,0.06048288346599004,0.32874539551738324,0.09953405901115679,0.9378351527507044,0.21118762170572308,0.10039741989837644,0.5729484801361898,0.228912630520614,0.13161862940508587,0.12227660092882474,0.3098326378668144,0.1169091404051871,0.11364377186413983,0.08305090878982697,0.0645495349800713,0.119600597500965,0.13879874139176332,0.1411192046779043,0.07478449776993012,0.33880215837948197,0.21072320459325222,1.4942638635500338,0.1270792081431211,0.24221096477976745,1.7653615174535924,0.027676971207590773,0.2287177611626352,1.5871834624700152,0.0035353478542249073,0.3855400936916329,1.4313385547654958,0.10724885219790062,0.43029145355563836,1.186207188209043,0.08992449068761488,0.33019994253933466,1.0212638298723968,-0.07809018806904011,0.24616297918578167,0.9172470850105204,-0.1083394871504951,0.2628973418400814,0.9055324274748474,-0.12832084758142104,0.3079184409163546,0.8950966824706523,-0.1085888931436933,0.04282335846192432,1.4690605732163051,0.1727532597527836,-0.04833828903962177,1.2351327459890364,0.1621281618630493,-0.00639082000865074,1.1195683557333782,-0.09615059006167472,0.0639564768719937,1.1184788828980665,-0.20045216979355998,0.04655337598044218,1.1028422896291017,-0.25689151942233,-0.005531762322615547,1.0607801120001301,-0.20501961213883277,3.2857142857142856
0.30931584416153257,0.938730329174343,0.18034839962962101,0.31545106078294416,0.5665480888168094,0.19972317300974388,0.27834485996253894,0.14349716835059045,0.2728361428984727,0.2585108866778999,0.13202168935126782,0.07571967566044005,0.3276217052658738,0.14524848899944343,0.0890381653359217,0.25920904735008904,0.06048930499104259,0.3288341612307694,0.10007255337507136,0.9400967530490264,0.2099729067945433,0.10053750585340125,0.5717114179061896,0.22922354952054338,0.13158719575188413,0.12254739106363205,0.31001950935865663,0.11649808181307769,0.11382634628687693,0.08294351623807215,0.06430929665547347,0.1205788350480544,0.13912758903178338,0.14139661326736505,0.07445159503967044,0.3388549891802166,0.21102681332551815,1.4943208006138375,0.12291965896081414,0.24064216914286124,1.76476277253838,0.025913865323938523,0.22725805444375435,1.5855227804153078,0.003958719419600493,0.38581911036800015,1.431756695460742,0.10438874182800598,0.42547140543972084,1.1851998219743158,0.08629954812998528,0.31450956626320414,1.0366494453431023,-0.09591646456258922,0.2280289243825573,0.9345634929892797,-0.1174613964367174,0.2442445317201417,0.9186123288136795,-0.13434141430969113,0.2893695669615288,0.905145305185186,-0.11627505704268806,0.04286172056143288,1.4691227709928163,0.17284558434149733,-0.04434883502349338,1.236440244976151,0.156839517836987,0.010195415736028078,1.1288430244828382,-0.1045397261867479,0.08865996974605436,1.1274797330231947,-0.1984433336228532,0.07354241254399226,1.1152170869586928,-0.25525838122610933,0.02109055720075879,1.0696816416533512,-0.2194504262533473,3.3035714285714284
0.30844869953719506,0.9408652458646419,0.17888702029932635,0.31590628537182563,0.5654334590293951,0.20067325154660387,0.27847357270432066,0.14372041232706953,0.2731223055845364,0.2587950226938427,0.1296701947492739,0.07989329211914746,0.3282222895384549,0.14241728426523353,0.09435962232430092,0.259243017302396,0.06051037737531573,0.3289478994520517,0.10047558369784877,0.9422938600720527,0.20863452559606996,0.10067521800050083,0.5703415100267547,0.2294853294416417,0.1315546683588286,0.12283157253047379,0.3102031297193625,0.11650269726285231,0.11384750653696378,0.08301017779370223,0.06406126228141688,0.1213897937917784,0.1394265830488662,0.1418294061684577,0.07421138277156446,0.3387329374464203,0.21153937999332928,1.4945585175288216,0.11909899298873947,0.2384750308335889,1.7645559556310182,0.02402505693229956,0.225018927050527,1.5842651251104427,0.005330540042944337,0.386200314188506,1.4329465950724471,0.10261408545162132,0.4207536830931649,1.184781431666923,0.08275240090092861,0.29920533377599234,1.0500471967710874,-0.1117472453514893,0.21109309234660512,0.9553471118122399,-0.12618512139572433,0.22599961278004338,0.9357533938927595,-0.1393173501314083,0.2685775721402003,0.9187804780516444,-0.12236937811595774,0.042934918033973715,1.469160950770977,0.1729448863848641,-0.039405718410064246,1.2381037734933733,0.148104585794652,0.02620467466164903,1.1389913726542127,-0.11352385190781082,0.1126266857065143,1.135577234949955,-0.19687652240998701,0.10012856864282027,1.1265507059277802,-0.25095969122788025,0.04887272567758315,1.075668445060818,-0.22987017284104086,3.321428571428572
0.3075127783502273,0.9429820673741248,0.17738069280267676,0.3163761645291868,0.5639920136336756,0.20198082268283574,0.27857476846382523,0.14402045509324554,0.2733917680834702,0.2591876682905827,0.12769570775650216,0.08359933817307871,0.3289315804874712,0.1393703355777756,0.10022847484444172,0.25924098446041016,0.06051114599470673,0.32908332317527983,0.100769619599522,0.9443444086273449,0.2071899137686779,0.10082891322190873,0.568790803937749,0.2297421180442352,0.13152098518203975,0.12312038250563864,0.31038177785114496,0.11706895077190885,0.1137003511858274,0.08330754157074353,0.06382951682708145,0.12207506868501346,0.13972963919405917,0.14232387321518256,0.07412930676538984,0.3384057958194777,0.21222019705234044,1.4948948313622368,0.11609033980205954,0.2359995029708501,1.7645984865215558,0.02242547801259645,0.22212288981491254,1.5835544687371115,0.007594144525861907,0.38649045151273864,1.4347538391113122,0.10217747236992036,0.4160159648445265,1.1851429169251808,0.0786412187797492,0.2847743694163722,1.0614338447592035,-0.12291453384893672,0.1962864347950008,0.9796789023787318,-0.13376053171190325,0.20929009431685042,0.957681705464995,-0.14341339071030532,0.24538215719562978,0.9365567534054553,-0.12775676253501933,0.04303448087235058,1.4691512400582638,0.1730462629264314,-0.033903052054834515,1.2398338641622344,0.13637566824989134,0.04172014839484359,1.1475129592333504,-0.12050867461635933,0.13569914713517997,1.1429971755078234,-0.19556283100069347,0.1267514010175808,1.1345570024945093,-0.2447200229673559,0.07722584142242665,1.078562204501265,-0.23417600534656663,3.3392857142857144
0.30653374515077775,0.9449609873179898,0.17595530041506874,0.3168288823646681,0.562397583133392,0.20336597388098712,0.27864987865051083,0.14434599804099946,0.2736414826706045,0.2597077846073773,0.12630476227335402,0.08637634774150624,0.3299318748636157,0.13667007673453335,0.10574931631733209,0.2592092830389975,0.06043845003828652,0.32924450615053147,0.10094342380047759,0.9461912926005763,0.2057584141305915,0.10100773328973896,0.5670533823433669,0.2300267422013051,0.13148489419180015,0.12341134551304991,0.31054794989700085,0.1180523780414234,0.11347919714321907,0.08378775335082966,0.06363985243086297,0.12262432214441703,0.14000208464676667,0.14274817570803794,0.07424430965406863,0.33786403857304886,0.21296765491986694,1.4953126124697544,0.11408767061680941,0.23354326146994836,1.764623292085305,0.021358375890020043,0.2189840571908567,1.5832383462705417,0.01022001182524962,0.3866703614913763,1.4366742742641962,0.10256255815898721,0.411175403021273,1.1865269356738481,0.07372686917413865,0.27125852466457145,1.0719783570510428,-0.12896590377213452,0.1839141586062386,1.005736598961774,-0.1398089296720897,0.1944625410211168,0.9827644318448729,-0.14726412467427938,0.2215788238196984,0.9575713514090217,-0.13245896763369094,0.04314436950905505,1.4690904578796165,0.17314207641473423,-0.028256930746702165,1.2413285013659676,0.12278017453271986,0.05766033881579696,1.1524937549558356,-0.1234769040575013,0.15792464591427194,1.1494166215837267,-0.19422523782880702,0.15281289642583842,1.137533257337745,-0.23733548902076684,0.10419017650099735,1.0785600630506553,-0.23186883506539163,3.357142857142857
0.3056494858743133,0.9466597026106192,0.17488263410050117,0.31724509723600247,0.5608831595084722,0.20459365728375134,0.2787020298549789,0.14463353020332073,0.27387423851542664,0.2603080628877176,0.12527831601979086,0.08848657967277997,0.33121784085825434,0.1347103464613369,0.11018833120104483,0.25915686580854613,0.0602733580192882,0.32943881857574364,0.10099328005473847,0.9477215155743877,0.20452003970680094,0.1012091479905393,0.5652063997741738,0.23033419707150038,0.13144525213816435,0.12370797823378407,0.3106898011498283,0.11913959330865749,0.11329624023778265,0.08432723997589879,0.06352685728473502,0.12295680779410442,0.1401799149352213,0.14303841327557743,0.07463038916067385,0.3371052758029317,0.21368665070557866,1.4957902916316381,0.1129149594688455,0.23126503230449352,1.7644153954942954,0.020703083371246378,0.21614490971546968,1.583039449416895,0.012432798460084105,0.3867661394972939,1.4382447571160293,0.10301361132599782,0.40645701509029936,1.189027138791253,0.06833392856574316,0.25901756130340536,1.082916138958189,-0.13116256464063378,0.1742534754133831,1.0308789465179047,-0.14434808916779057,0.1816398388693141,1.0075752546535421,-0.15128553231246275,0.19963475831562671,0.9797924850363152,-0.13613869809710694,0.04324498515084789,1.4689956344297848,0.1732235005526038,-0.022894645784667163,1.2423021281564428,0.10896356678670438,0.0749845781146587,1.1537609967186793,-0.12288538911185456,0.1789843472476435,1.1544923406197354,-0.19301711552359554,0.17706254169868624,1.1357406467848885,-0.22987174112662956,0.1272453826618254,1.0768080722943858,-0.22465603608547008,3.375
0.3050331341508617,0.9479397698482762,0.1744551882235476,0.3176432921458152,0.5595593884695128,0.20569753132629404,0.2787253422018884,0.14484503294364853,0.274094023024542,0.26093205293036215,0.12436717393243084,0.09027643321815118,0.33257521058018746,0.13366311616510512,0.11298332857177724,0.259087884192228,0.06003269498184412,0.32967835367751064,0.10096052946173573,0.9488098683993146,0.20359583427965067,0.10142978588625985,0.563316137852538,0.23062851404321705,0.13140240317436214,0.12400995901590034,0.31079996550673367,0.11999209576064529,0.1132042100993008,0.08477357365375303,0.06351076454556848,0.12303719977361993,0.14024065422574827,0.14322536856755208,0.07530089101558968,0.3362314525939626,0.21431705658643302,1.49624890253699,0.11222847438761893,0.22934786793121825,1.7639921516424752,0.020232899245014452,0.21410664667047483,1.5828468300644232,0.01360994320730291,0.38678857186193705,1.4392754824650031,0.10322842719026382,0.4021277555531496,1.1924408932714037,0.06249098908137937,0.2490034079435287,1.0945813718167985,-0.13084126877523586,0.16783783223797394,1.0534249548475516,-0.14764118738510848,0.171460356819869,1.0293534464791234,-0.1553837393365489,0.18126319446882494,1.0010000943524906,-0.13947418733011635,0.04331330777095604,1.4688897943216574,0.17327989193995363,-0.01818944473248984,1.2425067696208494,0.09680440900802495,0.09332003371520646,1.1523869557387356,-0.1208301552650865,0.1978412668104353,1.1580979800935507,-0.19228512774164325,0.19815274518826087,1.1310770621427697,-0.22359577576435247,0.1448546239725223,1.0748718181763623,-0.21554927362542892,3.392857142857143
0.30474597569732065,0.9487353234291561,0.17490046473447904,0.318089654321663,0.5584359447496277,0.20688759571710585,0.27871548786472855,0.14496649090634534,0.27430357952063006,0.2615667757397012,0.123651802491214,0.09170056010048303,0.3338077506825828,0.13335845569595317,0.11415466525599322,0.2590028577884518,0.05974024685174559,0.3299691083674956,0.1009281238443879,0.9494665514083254,0.20292799438837059,0.10166668333360966,0.5614196749431658,0.2308545376834435,0.13135852680902088,0.12430272025443617,0.3108826278151562,0.12034991163301179,0.11319917086165542,0.08500737832515626,0.0635725550369848,0.12295467032066656,0.14022847669718833,0.14337684979153395,0.07604093843069251,0.3355021922053034,0.21482234162341163,1.4966089439070052,0.11203968628780092,0.2281605763555219,1.763581197881055,0.019917868783319442,0.21322102611386112,1.5827397418859803,0.013501914628458317,0.38675891538147444,1.4397578953818873,0.10329390757677728,0.3982981695543946,1.1963388543704063,0.05576616300224352,0.24218081933553318,1.1066253425315862,-0.12929506474847063,0.16486224686431433,1.0729906681369938,-0.1500812802817409,0.1646750500396995,1.0472948625053453,-0.15909910891112652,0.16736540057874388,1.0193986519257856,-0.1437609326534867,0.043330126576291074,1.4687974605004885,0.1733029274447699,-0.014372829714330836,1.2419540473300037,0.08775801395924102,0.1108445774186694,1.1498346415652976,-0.11916538218395589,0.21319752071383663,1.1603727698100403,-0.192326954732551,0.2149113092349699,1.1259038905137522,-0.21973389193655524,0.15690921408938005,1.073918806628721,-0.20715348164061895,3.4107142857142856
0.3047127635213907,0.9491782518302585,0.17613513654521062,0.3186287062936417,0.5575242734053013,0.20824899816461095,0.27869658001015796,0.1449858437982926,0.2745105989592135,0.2622240267014708,0.12338616998872227,0.09251533824657246,0.33480440799350963,0.13334955860517317,0.11454274357239529,0.2589037142360476,0.05943074141409994,0.33027727617288416,0.1009942026516909,0.9498799089571351,0.20225980367637086,0.10190864641948301,0.5596130952045694,0.23095178871866323,0.13131712358655961,0.12455918587919748,0.31094990526782923,0.1200975639992623,0.11325084019226289,0.08497767478680837,0.06366194897389442,0.12285142463976956,0.14021099526212633,0.14354424298755566,0.07656689729579144,0.335142167764637,0.2151412649427379,1.496816472796634,0.11278071653216368,0.22796093223222727,1.763479403703518,0.019812592637077436,0.2136402336665979,1.582803574144093,0.012177680513652228,0.38672454148943214,1.439798318800942,0.1032616974597165,0.39509095718458126,1.2002042696134254,0.04835522421489358,0.2387742427592502,1.118649226460978,-0.12848939380153296,0.1644772063795718,1.0889882690752173,-0.15211083461654692,0.16117962203115432,1.0616463853912383,-0.16194364972053188,0.15862436294833743,1.0338780865484933,-0.14897982610749805,0.04329321543134855,1.4687430929319487,0.1732965833317781,-0.011512036571916824,1.2410830905111412,0.08220649101111066,0.12558782867197987,1.1476370802490383,-0.1190022675838012,0.2242831547224706,1.161710421037612,-0.19330522267310823,0.22637159583098904,1.1223092248713407,-0.21881588841237937,0.1641392695259108,1.0743645373666817,-0.20071029800942114,3.4285714285714284
0.30483338039546115,0.9497010936856263,0.17747948481696632,0.31919757890188893,0.5568399531283992,0.20962866821476112,0.2787296419149404,0.14489275462158038,0.2747328612016025,0.26284601314424844,0.12370719444272633,0.09270351426949519,0.3354593604995169,0.13312170462938705,0.1153844894208904,0.25879065002693347,0.05918441925677618,0.33052323636898584,0.1012324756087208,0.9503162204370649,0.20123860118494935,0.10213089852888924,0.5580906753751376,0.23088137189907992,0.13128112745189047,0.12475323116071946,0.3110093122091567,0.11929993592463356,0.11331238543895997,0.0847128872699085,0.06373120584822364,0.12279257614660513,0.14021841454362777,0.14375391354263278,0.0767971518684865,0.3351523027780772,0.21521405726224546,1.4968180376885143,0.1148048374873318,0.22859590357192605,1.7639060760453846,0.019880695968128026,0.21528421125056502,1.5830047499511068,0.009976229319465402,0.38672381943935114,1.4396878831471833,0.10309288657299773,0.392736584459085,1.2035482526613492,0.041355160946030284,0.23808473597926794,1.130062629881217,-0.130529136249329,0.16519084182063476,1.0999721143310757,-0.1540585795928773,0.15995113302579408,1.072474650299327,-0.1639868658383932,0.15520698291997376,1.044025439604403,-0.15362405249394087,0.0432187545669951,1.4687408668357715,0.1732753848469107,-0.009529845066807444,1.2405151542807744,0.07953088228179489,0.13657179631615335,1.147250623615335,-0.12091117970797619,0.23106354742051538,1.1626453430283734,-0.19522093681553257,0.2322127011006213,1.121879659822466,-0.2203206310339485,0.16757896704974573,1.076271729528113,-0.19729770626773283,3.446428571428572
0.3050689456020155,0.9508567584749844,0.17790747276434754,0.31966508146117323,0.5563654866183102,0.21080315992092122,0.2788719837633146,0.144696598186088,0.2749850997302517,0.2633089656790142,0.12455237415551383,0.09257338915796491,0.33568945792001903,0.13232914740341037,0.11746879601407728,0.25866495129339073,0.0591333843423236,0.33064146559020735,0.10163201012754215,0.9509914337291013,0.1996148143716562,0.10230745746840036,0.557091729891387,0.23064925095057282,0.13125132921354432,0.12487245194190112,0.31105468094117644,0.11820179110974537,0.11333332841847621,0.0843213171576695,0.06375996955145923,0.12274722311730793,0.14024409593687767,0.14400236323167878,0.07682241040228548,0.3353918088645359,0.2150946228882884,1.4965909442637801,0.11808904372282458,0.22972712902280687,1.7648896118848014,0.020173388093838562,0.21780125541865492,1.5832340046777673,0.007504594013616417,0.38672298395027205,1.4398491953474724,0.10295233892091343,0.39143428260498925,1.2060797708577506,0.03566925071142035,0.23906191961222562,1.1398270367673726,-0.1362606898193822,0.16597581303217132,1.1055510290377228,-0.15603339747939501,0.15984570361687173,1.0797023642013197,-0.16581734207240081,0.15593791002641336,1.0501366399908136,-0.15677938758428042,0.04312937608394114,1.4687849724837971,0.17325049024764982,-0.008302194216492672,1.2406066519058558,0.07872837495325749,0.14383082467505495,1.149571626604468,-0.12469840640389532,0.23390081093893184,1.1637392103709296,-0.1979423588699809,0.23333776983392002,1.1253255140394398,-0.22323650213361074,0.16836095217853003,1.0797200482036955,-0.19819260426858304,3.4642857142857144
0.30543681943083867,0.9528578137048245,0.17678225142939613,0.3199407897436237,0.5560673033055638,0.2116574766794,0.27913284164091523,0.14442645744684068,0.2752616741977312,0.2635724966442855,0.12565963109961636,0.09250540075137556,0.33555496586075034,0.13081623421586497,0.12088977567137682,0.2585457545811652,0.05936742471401418,0.3306453102846018,0.10210107641452373,0.9519833959168846,0.19734936694145733,0.10242881639439588,0.5567818118499639,0.23031097993015243,0.13122837882294264,0.12491606820386433,0.3110726400693499,0.11711487818063593,0.11328555554172012,0.08393598791592156,0.06375436742302558,0.12267088447143956,0.14027949573444295,0.1442620393554983,0.07673903377646939,0.3357564282599248,0.2149294118192404,1.4961748276582918,0.12231241909380353,0.23119501447828975,1.7662935401566742,0.020931244603809185,0.2206580373733773,1.5834768975183315,0.005456421053608496,0.3866129987275284,1.4405879773757004,0.10328818608475634,0.3911327490276576,1.2078497517782765,0.03127496664544968,0.24090732168205875,1.147024992488527,-0.14457368513014215,0.1665833748020465,1.1078142671184419,-0.15795387189539017,0.1601573772640027,1.0840587086194724,-0.167832645580109,0.15857758359212137,1.0534068215204069,-0.15913080530285617,0.04304344158925245,1.4688535663789821,0.17322351441282743,-0.007741096964946029,1.241277757082779,0.07884275522903483,0.14785930620323828,1.1542740653336685,-0.12944320173040783,0.23346430290336614,1.1653427498118143,-0.20109649443239322,0.23161332247653896,1.1318482180765594,-0.2267275874372243,0.167819322829285,1.084246944492836,-0.2028832420854835,3.482142857142857
0.30597959426333254,0.9553571631507936,0.1742380897730651,0.32003588479084666,0.5559159961229125,0.2121983178093149,0.27948755640391426,0.14410843145673133,0.275544863146017,0.26371402610169603,0.12667802650455293,0.09265243484674514,0.33528435253725053,0.12855572111245062,0.12532220590066612,0.25846481483237466,0.05981240626044601,0.33061594627910784,0.10256924709879969,0.9532157069152775,0.1945096083588443,0.10249316507584222,0.557118474713839,0.22995982416110983,0.1312152644284443,0.12488706318499493,0.31105734290035103,0.11625170906973059,0.11316965082713888,0.0836296820571,0.0637283528698182,0.12256297825061263,0.1403180427234877,0.14451124342179641,0.07660591636947159,0.33623977301652974,0.21480586104061594,1.4956882220971706,0.12697137053793017,0.23295665406878208,1.7679372777628082,0.022273364870054824,0.22337094372406474,1.5839081436223057,0.004284360421579314,0.38629407668482607,1.4418936142335343,0.10447572627409504,0.3913871083784245,1.2091685532017886,0.02763819373506282,0.2430117114872864,1.1515726811703764,-0.15300116595573635,0.16702714089181903,1.1096092560987,-0.15956487617623394,0.16057351782383034,1.087168906256051,-0.16998497716025363,0.16117564447935825,1.0555188623312968,-0.1615582139784394,0.0429724872284417,1.4689260491154683,0.17319381899459424,-0.007725556444084883,1.24220875095388,0.07917177741023235,0.14933102519249336,1.1597847408928543,-0.13410099720575255,0.23098687589066916,1.167365865803616,-0.20386514893316227,0.22894291443044612,1.1391710088837228,-0.2301788029229956,0.1673424152054423,1.088423875122684,-0.20859531088791824,3.5
0.30672374387064183,0.957767882042391,0.1709238362700613,0.3200492895856747,0.5558745165263762,0.21248258445301893,0.2799106762633825,0.14374306666735012,0.2758259811725403,0.263799307954941,0.1273678314893659,0.09291403247740734,0.3351289949429,0.1257719105650142,0.1300961886859814,0.2584346534170172,0.060258098648227724,0.3306271859922074,0.10304047989836718,0.9545624797402714,0.19119456173054336,0.10248363393959346,0.5578267297396977,0.22969395850441324,0.13121512402136118,0.12480324517502342,0.31101825814322287,0.11567806524131245,0.112993023950229,0.08341746633406222,0.0636875108749208,0.12245496567257129,0.14034805468259887,0.14473194607871392,0.07645653761656088,0.33688918864953815,0.21471654160684867,1.4953743594262454,0.1314590892860465,0.23484489138933554,1.7696497167402456,0.02400401011758485,0.2256397006796461,1.5847880224953683,0.003994232518356955,0.385736402894619,1.4434928177437647,0.1065125168235461,0.39165272389774974,1.2103424464546004,0.024579602468669887,0.24472900639149942,1.1541475869277225,-0.1592546805708729,0.16733337933730522,1.1121643237514562,-0.16050179893771194,0.16096974689727211,1.0901044538233997,-0.17193350664255083,0.162872023220352,1.0574474417403366,-0.1637626899675586,0.042923801393183476,1.4689976650143481,0.173163379393399,-0.007995315781665013,1.2430838680708876,0.07938679032601484,0.14921464753155503,1.1643138930037076,-0.13790799153639718,0.22815621292643046,1.169394643528976,-0.20542598687010105,0.22658424960048745,1.144858954214442,-0.23290282024667527,0.16760338164208474,1.0908779461914404,-0.212649241115002,3.517857142857143
0.3076178135414857,0.9597686533249857,0.16759791125117857,0.3200822019055357,0.5559076796238778,0.21256220274638749,0.28036829371960065,0.14329948289902647,0.27610743274331245,0.26382214078884747,0.12765165548155508,0.09312364531954695,0.3351746869329345,0.12298359676386592,0.13430391538368083,0.2584465766425167,0.06052685412794949,0.33068099736533413,0.10354288212671084,0.9560006801986112,0.18765385054688738,0.10237631089586964,0.5585916415510309,0.22956172029266209,0.13122577946532674,0.12470954668695765,0.31097772329165685,0.11537240292955078,0.11279406172331705,0.08331566859783167,0.06363344753560757,0.12237966963954766,0.14036113286898255,0.14489687105861784,0.07627641577948072,0.337722755402081,0.21463981794601722,1.4955476084725159,0.135130450527611,0.23661482678382098,1.7712471642376642,0.02589695245862192,0.22733345908863012,1.5862726398719442,0.004171616266021944,0.3849863244869831,1.4450915729792198,0.10911017448734464,0.39182263649015303,1.211434485236709,0.022781168194865836,0.24564435920679908,1.1555725546543631,-0.16256253529553535,0.1675605381851455,1.1146612362930903,-0.16060132644319514,0.16126750481915497,1.0923568705194948,-0.17314152304940614,0.16358827503614312,1.0591168405654119,-0.16485263392299565,0.042900044502267046,1.4690795330585429,0.17313193572469768,-0.008240680626132027,1.2437040736883604,0.07944062254309542,0.1487464256927299,1.167021847016971,-0.14054691391849564,0.22633999842999378,1.1710754373783028,-0.20589664445059272,0.22504683935930975,1.1477948732116436,-0.23412274608587763,0.16826893652871427,1.0914326017898552,-0.2142687392503992,3.5357142857142856
0.3085338733891865,0.9615167216361397,0.16477407636726843,0.3201484276075676,0.5559821693270551,0.21246315536847968,0.28080109940822506,0.14274301096166025,0.27638329346653545,0.26376431264497013,0.1275994307517156,0.09319372396045945,0.3353309237083272,0.12074451008003612,0.1371802932642478,0.258500354559305,0.06057778999841388,0.3307045804755548,0.10408618016174716,0.9576042285776571,0.18433838655866355,0.10217955755874325,0.559291401439741,0.229532400273972,0.13123813926024955,0.12464976073298742,0.310956870210738,0.11530048986152362,0.11271320246634911,0.08333488730548813,0.0635779270385177,0.12236468240795276,0.14035731643302318,0.14498825162184295,0.07603801428276999,0.3386362353451487,0.21457510836125454,1.496400383426805,0.1374112456324235,0.2381366879905304,1.7725286753559746,0.028008859504805222,0.22843886944814362,1.588300248769164,0.0042709850293146945,0.38419523384063603,1.4465364740695426,0.11193023167052887,0.3922405095603469,1.2122593915754023,0.023162586598237805,0.24584366256527881,1.1563607096374149,-0.16357441160799222,0.1676501470613067,1.1157859213987908,-0.16018133660123912,0.161395173199452,1.0929019899021666,-0.17325127969110377,0.16354886565626217,1.060350978703218,-0.16487279065227048,0.04289476186233279,1.4691843238952274,0.17309282480153762,-0.008315474993075566,1.244011482597113,0.07940929203823488,0.14892150083942982,1.1682245641746223,-0.1423013728568147,0.22585568183973795,1.1723517458115016,-0.20621906082512995,0.22427702386299334,1.1483751240013513,-0.23356882888598926,0.16875571653837035,1.0908270021060202,-0.21409843767713582,3.5535714285714284
0.3093524553954819,0.9633503972671477,0.16248645674322437,0.3201706774294818,0.5560176466856794,0.2121849753502334,0.28114449343400927,0.1420875947482323,0.27662156125287296,0.263649176753121,0.12745409922602294,0.09316463941609193,0.3355025319132607,0.11928240656740136,0.1385005798936248,0.2586016091519801,0.06044359717402044,0.330631966955435,0.10466169120558699,0.9593290355705163,0.18167797111563472,0.10194429649603785,0.5599758967446149,0.22952887233416064,0.13124359101982153,0.12462668911903763,0.3109602710831552,0.11547336291587726,0.11294243525095451,0.08345254798263536,0.0635419308698531,0.12242710891037335,0.14034058228114352,0.14501872622135212,0.07577651711714121,0.3393842029185743,0.21451795950224828,1.4978950174998977,0.13811456067560268,0.23941921534561617,1.773335460640844,0.03058535422390557,0.22898956996120418,1.590678594141491,0.004022465711861517,0.38360065402501853,1.4476816842117726,0.11464239750871566,0.39324832028948453,1.2126059558007216,0.025790510953784623,0.24568809865846195,1.1567309683649611,-0.16335775501365088,0.16742636537422723,1.1157207455823783,-0.15971626113044013,0.16133877933176788,1.0918923788709278,-0.17261965687842568,0.1631703668639637,1.0614154169001981,-0.1650822281979193,0.042895501293563246,1.4693088891486963,0.1730390516142014,-0.008264434990231493,1.2440648572922908,0.0793863359007739,0.15001558722271435,1.1687996060442938,-0.14391625264352062,0.22621467040025917,1.1733090418493137,-0.20694268771892377,0.22396037822298576,1.1476315255599363,-0.2320539307216814,0.16893299616095753,1.0898236733482072,-0.21306304048799293,3.571428571428572
0.31002080926150605,0.9652655566638859,0.16047979949277835,0.3200514705838754,0.5559122715982487,0.21170154286282816,0.2813559219849815,0.14142785060065433,0.2767758872040992,0.26352340537636226,0.12749958112094284,0.09316292234768281,0.3356769667513789,0.11842144260218293,0.13865715729902298,0.2587422351159015,0.060136034886700364,0.33053206306101834,0.10522527372616648,0.9608927740482813,0.17973848683558918,0.10172158512172073,0.5606815076093948,0.22948604128525155,0.13124219754320476,0.12461062077556564,0.3109797963440366,0.11593212751867185,0.11353940851093193,0.08364360410191778,0.06353932256093608,0.12255530899379738,0.14031723695188247,0.1450214749217478,0.07556035414873692,0.3397369467884543,0.21445013386023173,1.4998468846742152,0.13774146949983543,0.24045434451966732,1.7736282015653104,0.033646425553359366,0.22902080877499653,1.5932739013749464,0.003590408034005982,0.38339090577192825,1.4482490120348686,0.11684730409838268,0.3949348678631669,1.21241605339337,0.029980882649351226,0.2455073396302545,1.1568267306152669,-0.1627270436866461,0.16692502989260438,1.115972850032413,-0.1590460786763419,0.16115558020389592,1.0905735594607384,-0.17203397862200465,0.162924246437702,1.062652751183805,-0.16662779402202157,0.0428960130114816,1.4694333283699532,0.17297707468749796,-0.008178758570161575,1.243996619907443,0.07940487202465168,0.15167839126634336,1.1695138529478435,-0.14611016310384414,0.22701940073865584,1.1739486122887401,-0.20760808475510512,0.22390049477353546,1.1464613583043382,-0.23087172536418665,0.16904514616610877,1.0888286734026749,-0.21183641575004075,3.5892857142857144
0.3105505327591256,0.9668482036612555,0.15859560272198603,0.3197357016638517,0.5556866178519795,0.210962300887254,0.28141994205778126,0.1409146690785123,0.2768287260326044,0.26341816060266976,0.12785156752327526,0.0932906223328999,0.3358628561792357,0.1178620789908549,0.13834445997009281,0.25892187999046323,0.05965239151568426,0.3306026695154809,0.10568007156202504,0.9620195806665286,0.17816339566452505,0.10153341157772253,0.5613522575077797,0.22939274836825402,0.1312400951532678,0.12457746880645047,0.31100848081229054,0.11668059393732198,0.11433411310779776,0.08391099780580182,0.06356716700570547,0.12270838258540899,0.14029577014508274,0.1450180532410995,0.07542972261470031,0.3396621159854412,0.2143597392582054,1.5020416397315324,0.13715382782784935,0.2411072964179694,1.7734854019029986,0.03684088052721754,0.22862418558458744,1.5960767595143854,0.0034274109177468703,0.3836244520999421,1.4480756832999138,0.1181843659628761,0.39717571076307934,1.2117810554109452,0.03506372968603674,0.24550296109980646,1.156746691405683,-0.16196777884868618,0.16657900654754224,1.1173169122861624,-0.1573748339092933,0.16095766769066866,1.089871917389566,-0.17185175287728663,0.1630779836556155,1.0641362550624582,-0.16950539661196282,0.04289978641737531,1.4695370043686944,0.17292776687200093,-0.008106982790288606,1.2439355568577983,0.07944374219191738,0.15337330097805055,1.1705648729120344,-0.1489532799638586,0.22830994714332403,1.1741881218266137,-0.20722421655080628,0.22417752847158345,1.1455784505984479,-0.23057948986800753,0.1693069276469643,1.0880042348596757,-0.21069276182862967,3.607142857142857
0.31098978670855637,0.9677170077625344,0.1568552935911553,0.31922875847382903,0.5555300015408813,0.20992753648997708,0.28136023379010966,0.140667467559635,0.27681746739120294,0.2633449885711704,0.12844236603108067,0.09355926628191963,0.3360390578832001,0.11746054607929216,0.13811140061819607,0.25916417307955825,0.05902044270469836,0.3309703459632613,0.10591798103966506,0.962715249412353,0.1766365860578632,0.10138089133204672,0.561890406381549,0.2292866870411377,0.13124129922528785,0.12452515126508776,0.31104324607418216,0.11767036047910369,0.11503987625933784,0.08426427532691928,0.06361401669954446,0.12283891095618871,0.14028488729446828,0.14501975890153934,0.07538350186753683,0.3393233625262914,0.21424813512548618,1.504283597830094,0.13682660284766646,0.2413095291817718,1.7730135135447014,0.04008460902828387,0.22798250737343717,1.599115718858569,0.004140122293308179,0.38428669723249687,1.4473861474580092,0.11870585437763656,0.39971169943882895,1.2108204255585622,0.04052259985016329,0.2457303606061469,1.1564731870187235,-0.16094012922965029,0.16685467396618656,1.118957028421276,-0.1544322662616877,0.16087364611732213,1.0898437681329438,-0.1719132480388819,0.16366123889742717,1.0656261073135476,-0.17291233359582284,0.042909432048473556,1.4696128525535077,0.17290407476047248,-0.008058169407228357,1.243927907149534,0.0794771923432635,0.1547377673867467,1.1714955296795897,-0.15162258354853805,0.23018014097556502,1.1740026796783596,-0.20518423026510985,0.22497466003690186,1.1456167529234982,-0.2308542087433348,0.1697291495729345,1.087459372605612,-0.2095932348559451,3.625
0.31137116341175347,0.9677952129142602,0.15534790772348542,0.31859717224724327,0.5555966718931834,0.2086590152691288,0.2812463974675453,0.14067842410223047,0.2768043457256919,0.26330603759716836,0.12914396600086459,0.09390923743661285,0.336164333330353,0.11726106739729705,0.13809199345034168,0.25947815129802765,0.05829549321101256,0.3315650596352383,0.1058687617542643,0.963153859043103,0.17528330597873354,0.10124992048800383,0.5622085914777841,0.2292094393211599,0.13124511312772194,0.12446405851680992,0.3110810195090828,0.11882813697216522,0.11542662745300554,0.0846827390606604,0.06367167633541598,0.12291234591569819,0.140292707250616,0.1450548272158994,0.07535866262219826,0.33895912120319466,0.2141147037916686,1.5063916158611423,0.13664334472940864,0.24134258342655052,1.7723024779698395,0.04416010845722973,0.2272475028820356,1.602334862531682,0.006365941026759719,0.3853175662526821,1.4465616409793385,0.11902757394851365,0.4022611533400469,1.2096144536536664,0.04589008238941983,0.24613818944899024,1.1558711644365394,-0.15950882020801807,0.16775831016152493,1.1196471584900387,-0.15109259097839897,0.1609701248135731,1.0901282612850531,-0.1720269806420261,0.16460023370533539,1.0666924442667522,-0.17606028692784714,0.042918818314625115,1.4696715810451229,0.17289136426199306,-0.008030701771587654,1.2439528211147861,0.07947061990398371,0.15572292031193657,1.171628024391923,-0.15306779128556328,0.23243548657106733,1.1734600805591209,-0.20187397420152883,0.22627461504055876,1.146562844432495,-0.23121470517704656,0.17023723505119864,1.0872522003962095,-0.2083849363188156,3.642857142857143
0.31166866236123725,0.9671964980505441,0.15419187295806197,0.3179585204551157,0.5558354881901296,0.20735590322112335,0.2811485837046479,0.14082873514689254,0.27682383175121655,0.26329615184185484,0.12983480864706629,0.09425446658724254,0.3362143824956392,0.11730867679861606,0.13814248258044795,0.25982688019095573,0.057537464215140846,0.33221900211329536,0.10550497829254658,0.9634214702954365,0.17443248061308597,0.10112234369651077,0.5622334467468864,0.2291779389491992,0.1312489783377133,0.12440337068708535,0.31111818944299696,0.12002820697927391,0.11539958120842844,0.08509984593783122,0.06373576633903416,0.12291852691090503,0.14032126742024292,0.14515608946061268,0.07527002414310989,0.33873859334337525,0.21396624770891176,1.508206666841497,0.13636209942674332,0.24170590959269256,1.7714811304297409,0.05011684133778929,0.22647195659946337,1.6056120128658322,0.010337408406412257,0.38658112368878417,1.4456968957229048,0.11985504885559958,0.40464843941412587,1.208299764646054,0.0507954898538554,0.24664433153167442,1.1547766412454317,-0.15777602517479575,0.16893044971635682,1.118809748694256,-0.14852461446668097,0.16120328697163272,1.0902063526843293,-0.17210644005522677,0.1657873313315049,1.0669798216016608,-0.17849329302692393,0.042916470161659656,1.4697323571641523,0.17285824442393843,-0.008033294418020384,1.2440064202442436,0.07934961733146251,0.15648204391147763,1.1706447139681166,-0.15296793804452113,0.23469433619223898,1.1724828395148261,-0.19820927618387915,0.22771992148707426,1.147161051766489,-0.23137744092767554,0.17082556278719352,1.087229860538174,-0.2069600770709024,3.6607142857142856
0.31182059587608135,0.9660684932572878,0.15352577813355794,0.3174279973337534,0.5561541272206569,0.20621176587373907,0.28108821559972486,0.14103048600202,0.27684427836857317,0.26330403653970674,0.13038342891614071,0.09451906504755953,0.33621687353072227,0.11746709144930735,0.13817273868405708,0.2601540311650554,0.05681280094460022,0.3328056325797793,0.10484666963220803,0.9634823961170714,0.1741691147582934,0.1009959835198378,0.5619220888351828,0.22918101963870308,0.13125168096760118,0.12434600617268468,0.3111523983515309,0.12102404295756547,0.11501605416100999,0.08542129480693467,0.06379952609647793,0.12287638014880986,0.14036035458414498,0.14533265385431987,0.07509450801049396,0.33867095360706306,0.2138624233324929,1.5096854958223145,0.1360758226853882,0.24268349882988405,1.7707311034184774,0.05815979837087565,0.22571166213205834,1.6089257843690736,0.015510021055465839,0.3878984610416994,1.4445963465068712,0.1213810180830856,0.40683040069983767,1.2071253406234708,0.05500090819027387,0.24717254555427565,1.1531639786242833,-0.1560018447713381,0.1701367589333203,1.116503886219403,-0.1472261964731198,0.16143313023824274,1.0894623941489154,-0.17206492419164263,0.16709152975775093,1.066391951690013,-0.17994400907364894,0.042893039124061616,1.4698017986135004,0.1727873671471169,-0.00807637836696248,1.2441393513230574,0.07907595955047575,0.15711002073925479,1.1686610444091068,-0.15173839230968575,0.2366745024561108,1.1707544318620289,-0.1946647465432346,0.2289152750202401,1.14567486159171,-0.23116401056254837,0.17154094219326804,1.0869992065493594,-0.2053842318220526,3.678571428571429
0.31181388694898304,0.9645975388303716,0.15343673229277144,0.31704009711096137,0.5565960481237122,0.20526466912333535,0.2810652183721036,0.14132274003724787,0.2767380736139172,0.2633158864114002,0.1306718245577694,0.09466374211684957,0.336242911542881,0.11748380095234418,0.13826583735431108,0.2604279141097854,0.056189726280465174,0.3332780156973273,0.10397995939341466,0.9633126700059657,0.1742242114537501,0.10088423236917092,0.5613161953620346,0.22918610842964732,0.1312545766591485,0.12429250701167623,0.3111828120740105,0.12150009118167521,0.11448612906891,0.08558856916145881,0.06385139185160199,0.12281904710645869,0.1403940701060882,0.1455779833424058,0.07486666368699704,0.3386656589436641,0.2139146705971639,1.5109532507597079,0.13619703499790595,0.24419680078450334,1.7702099822593866,0.06744112823333775,0.2250661878588323,1.6123965844643604,0.020865146233786713,0.3891151335006187,1.4431836870696033,0.1232516579062056,0.4088770145290632,1.2062720817588242,0.05850282428381934,0.24766553263162971,1.1511788750721885,-0.15443275642099585,0.17150645182080082,1.1130350852726714,-0.1469207449891129,0.1615196680262272,1.0874962402232922,-0.17173205388934096,0.1683603422927146,1.064995377638525,-0.18010607359625244,0.04284591679232491,1.46986337884016,0.17269056554599804,-0.008132783129599953,1.2443749190904918,0.07882244922272483,0.1575402749472081,1.1658175008830514,-0.14975146642579565,0.23830132654213687,1.1680704748329633,-0.19121318343736637,0.22988517832950028,1.1413428027783996,-0.230190318792793,0.17236226670415028,1.0861801187067228,-0.20381421595585153,3.696428571428572
0.3117314862799895,0.9630035713826041,0.1538814494943216,0.31674599188971,0.5572085324446869,0.20445868151715993,0.28110646350329593,0.14181302645717297,0.276311472110683,0.26332034854008396,0.1306988616881999,0.09470791999934625,0.3363362526192445,0.11722693928848699,0.1385228986201811,0.2606514127520092,0.0557034440515325,0.3336359830293127,0.10304552513470606,0.962984262445965,0.1741950747311263,0.10080655819557043,0.5605525019528024,0.2291696607587289,0.13126039090184308,0.12424505490366422,0.3112085061042033,0.121283954041805,0.11407728378243158,0.08563512095684904,0.06388082172333577,0.12277851889760516,0.1404134085214117,0.14588348009413765,0.07463156448339352,0.33865020596397244,0.2142022791515628,1.5121678276704007,0.13706218489363856,0.24602811839604352,1.7700014914081605,0.07672984703950803,0.22462252378172048,1.6160773291445438,0.025466651065068402,0.3901284438718132,1.4416544380584704,0.12503754258648964,0.4109245660794004,1.2056729949652243,0.06152566733255421,0.24808385300496155,1.149005846654385,-0.15313393737419573,0.17342050819492838,1.1089332708540989,-0.14685581112547944,0.16149826092244252,1.0844301528695879,-0.17091963851752948,0.169408653623992,1.0628940480054796,-0.1786845481743063,0.0427786301213339,1.4698891816872637,0.1725995250043486,-0.008130774229575472,1.2445753504899226,0.07894979824042286,0.15767711104545132,1.162119601882245,-0.14705102243937043,0.23965819210731332,1.1646089360253984,-0.18793076107919596,0.2310373565816695,1.1346368322411113,-0.22761294969495016,0.17319921398667093,1.084592656107649,-0.2022041010546663,3.7142857142857135
0.31167945790077856,0.9613503348112937,0.15467139234971844,0.31649375987379896,0.557903213638367,0.20376552483911137,0.28123161651157924,0.14253041582242193,0.2754853546756132,0.26331604759107563,0.1306019207944644,0.0947235958589559,0.3364259579016441,0.11685199592880977,0.13880877533771174,0.2608355854292197,0.055340982706289565,0.33388964841729873,0.10216929366914247,0.9625430013674886,0.1738866380391857,0.10078093362234052,0.5597463154165326,0.22914397532095332,0.1312705737701413,0.12420579218548525,0.31122806463650077,0.12047563565579299,0.11393673585759838,0.08565588192883147,0.06388616832903618,0.12279390874650374,0.14041866241809053,0.1462143480167089,0.07443674420428317,0.3386102028862332,0.2147082249435366,1.5133639228826175,0.13867052469050217,0.2479791813262442,1.7701350730265262,0.08505509495007219,0.22444893612971867,1.6197715096708065,0.02868141433805793,0.3908756884193093,1.440164116596931,0.1266924642945063,0.4130378423929388,1.2051215675447748,0.0642267425297626,0.24837973233718633,1.1467257648936868,-0.15179003831503848,0.1761919301082631,1.104852568424963,-0.14619658965337487,0.1616264598672448,1.0807707982089054,-0.16958560064720768,0.17002250720214857,1.0602852561647698,-0.1757257213741482,0.04269934551263191,1.4698644907592189,0.1725521066759571,-0.007993080666083585,1.2444317330438426,0.07973482099193138,0.15748234285445972,1.157652500757593,-0.14371912299807196,0.24088899587847,1.1606555211938427,-0.18500619017266665,0.23270917579597408,1.1264209198668231,-0.2226283779125398,0.17395665369672128,1.0820768159104737,-0.20009397394447448,3.732142857142857
0.3116322629301887,0.9587869167271477,0.15544126302126743,0.31623981536002066,0.5582223664288269,0.20323464512999306,0.28120385162094047,0.14319395884801012,0.275042607199629,0.26331472384075344,0.1304983520114149,0.09475509541612304,0.3363333224970502,0.11674874837339694,0.13870929516413164,0.2610643747643115,0.05487874589982386,0.3344033904461251,0.1011473108427964,0.9613653539130216,0.17484460965884752,0.10077977952840492,0.5586302769875349,0.22923824320017105,0.13127922570740655,0.12417324260500323,0.31124684575923117,0.11933926265197561,0.11405789197383923,0.08572449660065869,0.06387377936418334,0.12291049273144039,0.1404058734103272,0.1462883258638946,0.07434516737722681,0.33863412233741025,0.21534557153646233,1.5144665734468397,0.14077594573584587,0.24983388563475656,1.7705810735366605,0.09195339685315584,0.2246045352566215,1.6231653696027022,0.03023448881359947,0.3912913961522442,1.4385728228464212,0.12852989515601923,0.4151085381857915,1.2044617824490864,0.06655871352272219,0.248490882328948,1.1441020144503524,-0.14967310045093635,0.17976531490869546,1.101114677730387,-0.1442572894294896,0.16219357224208858,1.076865198782923,-0.1676107207925743,0.17005485390644032,1.0573900687916558,-0.17172000381668795,0.042619997978658355,1.4698155535074149,0.172571977970824,-0.007640908308397736,1.2435988181547493,0.08123668948641186,0.15689527281569443,1.1526011546234114,-0.139992722735275,0.24208437395305607,1.1560021563024547,-0.18208385166635332,0.23495764836529903,1.1174194527358712,-0.21538351688529728,0.174473218252581,1.0782838811449056,-0.1967900495815879,3.75
0.31163666682905394,0.9560138434059607,0.15609512813944915,0.316019700627399,0.5584400704975162,0.20278596180062944,0.28115536764232907,0.1437255309168215,0.274687294073261,0.2633253952921245,0.1303477443997011,0.09474328127541783,0.33591205456190276,0.1172875684928222,0.1378118841951829,0.2612432772184277,0.05446518663988084,0.33483701164398566,0.10019907917173629,0.9597180828390536,0.17579701581989127,0.10081508204169337,0.5573577915690092,0.22935929304661012,0.13128890380600758,0.12414426693004041,0.31126108457496726,0.11815940077645132,0.11447148780599062,0.08576855556127615,0.06385092580165655,0.12310422271146045,0.1403600914116659,0.1463393342526136,0.07426679838742536,0.3386677796583984,0.21602016293697857,1.5153806683488804,0.14306887983418862,0.25135370504105115,1.7711721391092676,0.09735915353686311,0.22508332228789957,1.6261248032665208,0.030281596331508592,0.3912856580902796,1.4366451054016995,0.1308104958804609,0.41692881501508117,1.203577287779368,0.0684731825215284,0.2483791155163411,1.1404475955076374,-0.14602914185129248,0.18384695754887198,1.097369409236128,-0.1402949721152192,0.16335138342536942,1.0725305279690391,-0.16441987572449157,0.1695736522446073,1.0541545762591003,-0.1672120196213743,0.04254939263178009,1.4697886308346397,0.17263991714060023,-0.006993783309696466,1.2418655542723733,0.08337684514840593,0.1557578670082972,1.1471162043913166,-0.13593074703472374,0.24326556112651151,1.1498465095025163,-0.17805725171507286,0.23769153686775524,1.108298753855281,-0.20692685095177815,0.17452790798366866,1.072763477379811,-0.19194933497081695,3.767857142857143
0.31171746162232294,0.9530954574140533,0.1565303391190745,0.3158366337331761,0.558532776262553,0.2024203696217261,0.2810844634207826,0.1440655200378913,0.2744562290030685,0.26333730344000233,0.13003371348275236,0.09458250022008405,0.33517231004517234,0.11859049051087671,0.13599413432606414,0.2613602881255318,0.05410900897953813,0.3351621276839809,0.09937533190480666,0.9575629251478958,0.17664176416244792,0.10088976857485529,0.5559393409213416,0.22950556111610482,0.13129964599866872,0.1241187887249317,0.3112702308105595,0.11723460929756155,0.11530257496597734,0.08545264368649608,0.06382121662422098,0.1232086032658404,0.14028955319020822,0.14637110489381444,0.0741993133792305,0.3387104605415918,0.21665769435461507,1.5160401893747208,0.14524733306622845,0.25234782606470124,1.7716320797944,0.1013989135456764,0.2257935182109389,1.6287959994812538,0.029368386316179607,0.3908163922022271,1.4344453576742773,0.1335776394952466,0.41831496071892604,1.2022888169477808,0.07002509773355367,0.24809411611732587,1.134897999081235,-0.1404630050670363,0.18833193302173434,1.0927936284708428,-0.13368590528160998,0.16510902023984375,1.067252547024568,-0.15920464514292787,0.16894764752258742,1.0500702345565218,-0.16223784412577413,0.04248883394506124,1.4697401403025072,0.17270982985691308,-0.0060321699770543025,1.2392897057690575,0.08597219788629692,0.15390732999680773,1.141293404200819,-0.13110772920800373,0.2443372866291183,1.1415967455020843,-0.1718617648131286,0.24072105292126159,1.0997473703603797,-0.19818421217337676,0.17403842900652128,1.06517862032825,-0.1860122246561025,3.7857142857142856
0.3118994393349435,0.950096101317748,0.15664424737495342,0.3156938327345938,0.5584769341420592,0.20213876336398745,0.28098943780133817,0.14415431422025776,0.2743862256956099,0.2633306873900927,0.12952903922202572,0.09423565380257809,0.33425623625027506,0.12043143474306472,0.13347112589660182,0.26140340281958685,0.053818916971875914,0.33535035423921045,0.0987268022908519,0.9548616178418611,0.1772767623266474,0.10100676654053994,0.5543854068049199,0.22967548366448837,0.13131149021811403,0.12409673155401654,0.3112737341928577,0.11686652243376738,0.11650392949411738,0.08443141344209966,0.06377685389032575,0.12302701315531986,0.1402710225941911,0.14638736949844539,0.07414038849699775,0.3387614506793834,0.217191195156671,1.5164377270073242,0.1470087372069485,0.2527249897935499,1.7718079794041315,0.1045560471308018,0.22662625468994974,1.631384506793619,0.02828471539502292,0.3900105419469324,1.4323702418306448,0.13670972601082995,0.41914255975499154,1.200393941725081,0.07131034797984093,0.24781080945082182,1.1268961683602634,-0.13294117462194166,0.1933003314124269,1.0865773637287468,-0.12474811621780413,0.16742986320808617,1.0605222708789295,-0.15153355585459383,0.16881751932903283,1.0442481751822688,-0.15630106781175887,0.04245766999669416,1.4694683280977683,0.17283401829722017,-0.004832068931654144,1.2361898083175715,0.08868601662879622,0.15137725102323754,1.1350388998654974,-0.12471229910687787,0.2449429375915792,1.1315276275396438,-0.16333191868753352,0.24360298250652207,1.092076839839273,-0.18925466377316588,0.17318760684241558,1.055541854685333,-0.18008437891309031,3.803571428571429
0.31220739199186376,0.9470801176833669,0.156334204321896,0.31559451568889385,0.5582489945541563,0.20194203779811834,0.28086858962903294,0.14393230147295966,0.27451409785744363,0.26329304653238617,0.12894813045209524,0.09375122788207103,0.33333423803198065,0.12229447240389268,0.13065762094628214,0.2613606166345558,0.05360361466997527,0.33537330698277384,0.09830422357871646,0.9515758979232622,0.17759991795261998,0.10116900335139656,0.5527064709801327,0.22986749694759398,0.1313244743970675,0.12407801898163504,0.311271044448711,0.11722773302808065,0.11770980566892551,0.08283648491536245,0.06368617585161365,0.1224661152418898,0.1404528237988929,0.1463918597774546,0.07408769988508311,0.338820035764166,0.21755719902280712,1.5166282054056746,0.14808703775744048,0.25253071941883365,1.771807356443663,0.10783223077679399,0.2274858155495655,1.6338602145520733,0.02776405873458357,0.38918151134320755,1.4307624101042287,0.13968810613643312,0.41943350277330876,1.1978743669360665,0.07250922219979342,0.247749017034868,1.1164124650957936,-0.12364959712289565,0.19855624282563283,1.0781832185880331,-0.11476205088258663,0.17034411361131246,1.0517932565126356,-0.14157369716927576,0.16987811135657474,1.0358067193660576,-0.14917791199855107,0.042519824333382375,1.4686967779034625,0.17324990946792423,-0.003517885941609804,1.232933589508441,0.09101164934619124,0.14848501084599136,1.1279065924048723,-0.11623983037110022,0.24463259932664574,1.1203478421511677,-0.1532191552124314,0.24559895798760656,1.0845478469125718,-0.17955183518984955,0.17237670834725494,1.0443646832461357,-0.17546581567973057,3.821428571428572
0.3126661116180315,0.9441118490772322,0.1554975613747122,0.31554190065331816,0.5578254079169661,0.2018310876948235,0.2807202177489041,0.14333986980503616,0.2748766591951278,0.2632233758728607,0.12845525682599998,0.09320987455711924,0.3325466361958969,0.12365621910921361,0.12800117356059124,0.26121992490440177,0.05347180612691725,0.3352026015877706,0.09815832901724471,0.9476675023944124,0.17750913868049545,0.10137940642007441,0.5509130152073681,0.23008003722125508,0.1313386364682532,0.12406257457212566,0.31126161130496927,0.11825861188936249,0.11854106446217082,0.08115155629061807,0.06352127913255502,0.12151392041745365,0.14093918543501738,0.14638830744179046,0.07403892368784164,0.33888550148833274,0.21773471666908645,1.516720065131813,0.14841487772664694,0.25194273365732806,1.7718459366522659,0.11217548336933644,0.22828935963021263,1.6359927950750925,0.0280066025065355,0.3886680365680464,1.4295851306596408,0.14159349143257108,0.41944819771085096,1.1949830697836668,0.0738779707031747,0.2480699864121382,1.103849468796484,-0.11287786071688971,0.2035143437203259,1.0674480430465623,-0.10495356641951455,0.173844512888718,1.0404584885528576,-0.12981168536919782,0.17248591812523373,1.0244891565303158,-0.14136802898539835,0.04273012623244902,1.4672005011457048,0.1741536313409001,-0.0022355281912328786,1.2296744766220862,0.09245298426077514,0.1456878183021137,1.119334418918477,-0.10621357491133243,0.24328754904770677,1.1084087859129974,-0.1424667962617695,0.24604506653201422,1.0754907323021825,-0.1684813748040139,0.1720412801171161,1.032352409042888,-0.17288777995992527,3.8392857142857135
0.3133003902383948,0.9412556380656661,0.15403166994821216,0.3155392056851084,0.5571826246486101,0.20180680782480748,0.2805426210059888,0.14231740722552505,0.27551072341522115,0.26314680812398383,0.12806289528615694,0.09270776987153372,0.3320066180738336,0.12421548444207117,0.12589532854066768,0.2609693229630877,0.053432195395782034,0.33480985372730016,0.09833985185528107,0.9430981682576243,0.17690233215040393,0.10164090315922272,0.5490155212470149,0.23031154074130483,0.13135401436439514,0.12405032188982817,0.31124488448848187,0.11970932923500918,0.11896828181161175,0.07963141914328936,0.06336460735788031,0.12035409620439841,0.1414758906525457,0.14638044420240112,0.07399173604962889,0.3389571335442765,0.21778450899459842,1.5168624396725439,0.1482507927903369,0.2511674453258851,1.7720266717502384,0.11767850083071751,0.22898260524666114,1.6376611568977155,0.028609554490472422,0.38860158116261084,1.428538633819823,0.14191263324309328,0.41952682497277827,1.191979745836396,0.07555177664902885,0.24890549648227434,1.089878731256217,-0.10099709810559275,0.20754210257848454,1.054848447804594,-0.09598396113655366,0.17759522479201775,1.0263844839141218,-0.11691656863761403,0.17634708108342867,1.0108080643324147,-0.1331505960266862,0.04305361119700157,1.4649146912021818,0.17540835598442295,-0.0011997492856186663,1.2262642177525676,0.09299465056855694,0.14326738315390872,1.109156859203531,-0.09596974601395541,0.2411427141442531,1.095618249057453,-0.13142955369529402,0.24482212201965853,1.0636645997062475,-0.15608806127678,0.1722689349084002,1.0198243081177847,-0.17148794444269172,3.857142857142857
0.31413501987790154,0.9385758272149911,0.15183388145720586,0.3155896488415065,0.5562970951672097,0.20187009295877498,0.28033409824532424,0.1408053017434651,0.2764531042242819,0.2630966650727556,0.12755616786649918,0.09228969508409693,0.33185635067179364,0.12391960315242774,0.12463116867712802,0.26059680614457675,0.05349348652965113,0.33416667907446207,0.09889952534166996,0.9378296325152108,0.17567740600247544,0.10195642098149076,0.5470244708594609,0.23056044376357648,0.1313706460182174,0.1240411844990819,0.3112203137260985,0.12146117983097648,0.1195375727583807,0.07779458098688802,0.06339606528031602,0.11926596171733848,0.14153928034805469,0.14637200177023488,0.0739438131148004,0.3390342176243901,0.2178319897967771,1.5171149378702757,0.14800998900176487,0.25032368614001094,1.772235294898237,0.12390578834802546,0.2295522133571414,1.6391021389159686,0.02913625350510024,0.3888230988019774,1.4275428607578067,0.14115866506692096,0.4198152660560045,1.1887482240414788,0.0777354258967537,0.25033228431241134,1.074537492443995,-0.08870173945532196,0.21047238468369647,1.0410742749384785,-0.0877118171497805,0.1808944815795036,1.0100079467635668,-0.10310086624853253,0.1810580116855829,0.9950926664044278,-0.12390613259063446,0.04340006345557559,1.4619737677658413,0.17669855357392905,-0.0006006566581156607,1.2227866209322504,0.09317842539548876,0.14109234424947661,1.098258687257082,-0.086160913942989,0.23828818279944633,1.0818657962168756,-0.11963211913824087,0.2422901903236469,1.0495242594966283,-0.1434790994872909,0.17276428236120925,1.0063388820667347,-0.16981006057682388,3.875
0.31519479256149974,0.9361367590915293,0.14880154731650339,0.3156964481797541,0.5551452698908865,0.20202183786743066,0.28009294831194753,0.13874394136789545,0.27774061532886823,0.2631442261309937,0.12674916087903415,0.09210481625407747,0.33190509568391846,0.12297037437973117,0.12400111629406588,0.2600903697828318,0.05366438358160471,0.3332446933023559,0.09988808272525578,0.9318236321694847,0.17373226787683993,0.10232888729952776,0.5449503458050949,0.2308251825439033,0.131388569362444,0.12403508596422617,0.3111873487446686,0.12310803580300853,0.11989942940707671,0.07613099704926288,0.06381163945022758,0.11889385345756046,0.1404451689506804,0.14636671185623998,0.07389283102771124,0.3391160394210667,0.21782505542148714,1.5175605756742194,0.1476973523680373,0.2494490189656647,1.7724786203180398,0.12947395499190686,0.22990682586817215,1.6401721149271178,0.029537770150537934,0.3890939061936842,1.4263191851876533,0.14022576153598904,0.4203054480201588,1.1852061406286374,0.0797379502367784,0.25236271269696287,1.0595345905433202,-0.0757207562515894,0.2120540891225143,1.028222188800328,-0.08074342140005611,0.18368895992337245,0.9933473164724268,-0.0901466880903773,0.1851517422645469,0.9787837447470088,-0.11246455453331494,0.043659999765912255,1.4586676942156414,0.17764036179191664,-0.0006027193479794073,1.2182394470719318,0.09385648487325055,0.13899419468721658,1.0862320395259806,-0.07808965061775403,0.2351303973250786,1.067643130682282,-0.10758860023003027,0.23916408484512627,1.033878100322883,-0.13014350384698553,0.17279474493821056,0.9922515324494522,-0.16437135160778996,3.892857142857143
0.31650450031413735,0.9340027762616031,0.14483201894091474,0.3158628217570931,0.5537035992377627,0.2022629373214793,0.2798174700508958,0.13607371410785438,0.27941007043553884,0.263336567450019,0.12549902490388654,0.0922521569972283,0.3321194225139457,0.12138366690876327,0.12405054508463251,0.25943800921181587,0.053953590604723864,0.33201551208408125,0.10135625725488291,0.9250419042227594,0.17096482541362748,0.10276122952598297,0.542803627844305,0.23110419333811855,0.13140782232979897,0.12403194984960073,0.31114543927104166,0.12440498357298846,0.11999039683946357,0.07480517502219758,0.06476398929966824,0.11964441942664264,0.137694900692744,0.14636830617136468,0.07383646593271695,0.3392018846266991,0.21777040365006223,1.5182797524078202,0.14742523021282902,0.2486312479522659,1.7727523036597646,0.13371611712092746,0.22998561602465273,1.6408293493853117,0.029688491063831784,0.3892964858428427,1.424678832943276,0.13958571509572051,0.42108116176731963,1.1813157173244375,0.08131559534854801,0.2550533141716678,1.0457947178150857,-0.0621569376258784,0.21197797325519066,1.0175095654659536,-0.07555596214235913,0.18572768266909223,0.9774425940782671,-0.0790795079920588,0.18780689882879767,0.9626884094242313,-0.0981489974305126,0.04375556146780893,1.4551477038760354,0.17795771368927674,-0.001375139440583548,1.212150219351244,0.09553720755736839,0.13691523941743294,1.0730472968196292,-0.07272002746394533,0.2318883856208675,1.0531809695799712,-0.0955319664778827,0.23580117412098994,1.0170173104898261,-0.11614051169857223,0.17196288209625327,0.9776976740728401,-0.15303486357682228,3.9107142857142856
0.3180889351607623,0.9322382212915347,0.13982264774525,0.31609198763076535,0.5519485336259592,0.20259428609162544,0.2795059623072063,0.13273500797238064,0.28149828325085174,0.2637207651811528,0.12366291052117617,0.09283074092930328,0.3324659005656138,0.1191753495242984,0.12482482874198049,0.2586277197654921,0.05436981165208963,0.33045075109273747,0.10335478217939581,0.9174461856773474,0.16727298625296816,0.10325637507350567,0.5405947987374797,0.2313959124020556,0.13142844285300637,0.12403169971954489,0.3110940350320672,0.12510710956279972,0.11974702013729936,0.07398162259747679,0.06640577426069139,0.12192430762615726,0.13278981980656776,0.14638051642655722,0.07377239397417351,0.33929103893368023,0.21767473226383646,1.5193528673945234,0.14730596985981567,0.24795817724923475,1.773052000573529,0.13596539109365371,0.22972775707148285,1.6410321067446967,0.029462802882028905,0.38931332025456494,1.4224330298585857,0.1397103181915394,0.4222261981995666,1.1770391758554424,0.0822246069115084,0.25846062127226566,1.0342425665201833,-0.048113072709672036,0.20993479444197863,1.0101537810111645,-0.07262662763166788,0.18675967266213117,0.9633337806186489,-0.07092479978248711,0.18820210738681264,0.9476137705001655,-0.08028259685801184,0.04360888990106307,1.4515650300714742,0.17737454231690175,-0.0030871190213017236,1.2040464609498174,0.09872897200336936,0.1347977833904305,1.058674839947428,-0.07101611590725734,0.22878117558653124,1.0387100300362397,-0.0836951873890183,0.23255882668813183,0.9992330783022703,-0.10152936038475927,0.16987125329218694,0.9628127217437985,-0.1336636425251529,3.928571428571429
0.3199728891263226,0.9309074367476464,0.13367078514431918,0.3163871638580125,0.5498565234735979,0.2030167789485739,0.2791567239259161,0.12866821097051295,0.28404206748136557,0.2643438954757164,0.1210979683110239,0.09393959166605625,0.332911099242661,0.11636129101111226,0.12636934095926225,0.2576474967778234,0.054921750776782206,0.32852202600142416,0.10593439074763886,0.9089982135355616,0.16255465803499192,0.10381725135474508,0.538334340245007,0.2316987759915476,0.1314504688647902,0.12403425913839755,0.3110325857545949,0.12496950019432573,0.11910584438234309,0.073824847466885,0.06888965376535042,0.12614016605767736,0.12523127052447378,0.14640707433276587,0.07369829129643556,0.33938278803440314,0.21754473904414393,1.5208603199577737,0.14745191863267318,0.24751761100599137,1.773373366709451,0.13555489326865222,0.2290724222535623,1.64073865145942,0.028735092242176574,0.3890268919339631,1.4193930017674954,0.1410713632688697,0.4238243482189792,1.1723387379482153,0.08222123060510564,0.2626411665344958,1.0258028289195031,-0.03369195063445318,0.20561531004313133,1.0073722115117696,-0.07243260612296079,0.1865339527479576,0.9520608771311347,-0.06670803729057227,0.1855159939470692,0.9343669380388815,-0.05818848839159717,0.04314212640547214,1.4480709061264099,0.17561478072568396,-0.005907860175507581,1.1934556950472823,0.1039401567667805,0.13258413155651388,1.0430850497187778,-0.07394198737338455,0.22602779512178806,1.0244610291773832,-0.0723112324706571,0.22979441108344573,0.980816592065028,-0.08636928724825478,0.16612241798286118,0.9477320902692274,-0.10412073449401385,3.946428571428572
