PathFileType	4	(X/Y/Z)	63_2_3_p0_0-241_filt_butterworth.trc
DataRate	CameraRate	NumFrames	NumMarkers	Units	OrigDataRate	OrigDataStartFrame	OrigNumFrames
43.0	43.0	241	27	m	43.0	0	241
Frame#	Time	RHip			RKnee			RAnkle			RBigToe			RSmallToe			RHeel			LHip			LKnee			LAnkle			LBigToe			LSmallToe			LHeel			Neck			Head			Nose			RShoulder			RElbow			RWrist			RThumb			RIndex			RPinky			LShoulder			LElbow			LWrist			LThumb			LIndex			LPinky			
		X1	Y1	Z1	X2	Y2	Z2	X3	Y3	Z3	X4	Y4	Z4	X5	Y5	Z5	X6	Y6	Z6	X7	Y7	Z7	X8	Y8	Z8	X9	Y9	Z9	X10	Y10	Z10	X11	Y11	Z11	X12	Y12	Z12	X13	Y13	Z13	X14	Y14	Z14	X15	Y15	Z15	X16	Y16	Z16	X17	Y17	Z17	X18	Y18	Z18	X19	Y19	Z19	X20	Y20	Z20	X21	Y21	Z21	X22	Y22	Z22	X23	Y23	Z23	X24	Y24	Z24	X25	Y25	Z25	X26	Y26	Z26	X27	Y27	Z27	
0	0.0	0.30222769054835746	0.583784214585816	0.778908265586991	0.32579608310789665	0.7187786065911814	1.1578919735735052	0.32769861513635773	0.898376606903609	1.567022732330039	0.30933083827043123	0.7078018425719094	1.6182315423129292	0.37140097022668883	0.730149497020163	1.6093689387914456	0.32281746381245224	0.9828581248186378	1.629246688459259	0.11295998671986376	0.5878211532632996	0.793980983935161	0.1309290771818925	0.7384397823053419	1.1572607378008257	0.162174126840371	0.8757796600086032	1.5473228343950391	0.1336171168634891	0.6772698500923456	1.6029505556964176	0.08292171948554383	0.7415033742347905	1.5969744689396839	0.1956281998307787	0.9842855373193931	1.6241361388842965	0.1742315469942748	0.4234198385480624	0.23575845045221855	0.17523352767281716	0.2803068560462998	0.004860531954340585	0.1648452975046014	0.25220154234045056	0.14669873324395724	0.31905134106640776	0.39447236110015793	0.31470599413381695	0.34811732296544595	0.4460406783015122	0.5685396869480265	0.24360709932836216	0.432149019917668	0.7555236054038055	0.16789801170373894	0.4847285852901224	0.8453156226048643	0.16381276114947202	0.47734521849123907	0.8570004813867417	0.1859550052464315	0.4355881753352386	0.8628013774544688	0.029503184026688258	0.43020594598302214	0.32420248381302147	0.03057190913993254	0.47181460943187004	0.5971450092863956	0.13706864915264186	0.44122411575449566	0.7675269285056122	0.20855678273116057	0.43912950533905026	0.8146388471915884	0.21216777957360763	0.4501355134629389	0.8431085961796219	0.18268410282813652	0.43574478107493775	0.8558126962236415
1	0.0232558139534883	0.30217462384726756	0.5835755806913256	0.778888788211423	0.3271250677114793	0.7247836335035149	1.1621186840721878	0.32903464945113947	0.9043746668766208	1.5702060095156054	0.30949510431047184	0.700414589995026	1.616143837925366	0.36996667390524746	0.728624248202601	1.6092541417752364	0.3228242014771333	0.9829060604773745	1.628958406385721	0.1129431344977172	0.5877600483317471	0.7940325936603714	0.1347461195545113	0.739020089812547	1.1602977707267415	0.1616862241335139	0.8744482552123778	1.5472665874358351	0.13359394481004358	0.6775876983237252	1.6028376699925215	0.0828972226998017	0.7413638413415831	1.59672566963664	0.19517204477335778	0.9830539402551022	1.6229074983055845	0.17303859925052748	0.4265339980355519	0.23272994515419693	0.17530518693623512	0.28075372733567766	0.007181586653355861	0.16519896915756943	0.25261226120870506	0.14890231779754465	0.31900630044061073	0.3944227698206427	0.3146715281943754	0.34811488703171506	0.44602558117930574	0.568630734499003	0.24350275961279766	0.43254670109646526	0.7565268600024535	0.1675438896466435	0.46418906130905513	0.8439880217279148	0.16375628783732551	0.47712678437382605	0.8572451171202864	0.18586649330465	0.4361736960331762	0.8641738784056558	0.029521203749473476	0.4300600582529307	0.3242169476620976	0.030586745387280713	0.4718097589156458	0.5972003978030117	0.1371486444907646	0.44145403440055075	0.7675866361831933	0.20608814032529177	0.4310583132101928	0.8146771786547626	0.21133287631121295	0.4466866014453362	0.8450378886546527	0.18119241278371204	0.4365749605800529	0.8580657082526186
2	0.0465116279069767	0.3027519840074197	0.5830898122574397	0.7785982239828015	0.3272976978952853	0.7263740120409602	1.1624495806745023	0.3309109442745252	0.9121108843902688	1.573848444360633	0.3102190740942855	0.6922797024411236	1.6136914803164886	0.3707197864396916	0.7306527402458837	1.6099586563324981	0.3228035254115767	0.9829531329076617	1.6287103313731315	0.11293326999717734	0.5877818490567375	0.7940870858959872	0.13634375409211535	0.7393161067299244	1.161589275287996	0.1610830143025715	0.8724730064003621	1.5470646585069363	0.13360716071005058	0.6777222237147085	1.6027800990068912	0.08285932010818184	0.7411933249326516	1.5965983579608294	0.1950255450524137	0.9821972208451413	1.6237693289841242	0.17144108810392694	0.43134576736948577	0.23096859686651203	0.17534427653480567	0.28094681837454627	0.00814858435614722	0.1642213370112081	0.24977997529759094	0.15037648008183674	0.31899692803021296	0.3943875359747838	0.31466337188291343	0.3481222255144877	0.4459589023417762	0.56855974962758	0.24337284591345665	0.43304309343465125	0.7578614208115508	0.16739700334884458	0.4598655418323482	0.8438078400869437	0.1637258654049335	0.47704573991766713	0.8573227615366086	0.18568179984607672	0.4366156005585297	0.8658447847844747	0.02953074087386355	0.4299882175899643	0.3242384346852566	0.030599925242794965	0.47180647465278736	0.5972337606150837	0.13716520902516754	0.44142452202438753	0.7674507908215076	0.205089591887344	0.42766383387055723	0.8147185080811169	0.21208238973784516	0.4484021401207892	0.8462817624349334	0.18033220584463994	0.4367206325502416	0.8590473963179569
3	0.0697674418604651	0.3041927987942561	0.5824038292788277	0.7781586973097837	0.3258297189715033	0.72241761928751	1.1598223438323199	0.3323948455754723	0.9167576345543339	1.5750078890646915	0.31084875911660537	0.6873194680636752	1.612147382540744	0.374027744037914	0.7330113414373417	1.6105055407520084	0.32278563598248716	0.9829864554430026	1.628566112333293	0.1129360012975216	0.5878565745917438	0.7941308190757561	0.13624002592475015	0.7393821419249967	1.161543914196169	0.1606612010828791	0.871039517392675	1.5469279950669057	0.13363260235464025	0.6777176179357789	1.602770251257139	0.08281946085247267	0.7410914392862714	1.5966071159922577	0.19505446704831922	0.9818250430983112	1.6252688486433695	0.17038463031058246	0.4348227336657389	0.2306387268225668	0.17535196968384795	0.2809317261993957	0.008075329075095693	0.16228257274522953	0.24466787742469848	0.15125852632193196	0.3190165412718813	0.39436643599228577	0.31467088657839026	0.3481137395472357	0.44595290615644	0.5686985929336011	0.24329485813768595	0.43336326993766683	0.7587602127036948	0.16738595664326905	0.46727090368632	0.844411990914146	0.1637296432649733	0.4770079846251144	0.8572951284064716	0.18554681554290994	0.43676419137991845	0.8669118454722318	0.02953525942997961	0.4299571149946013	0.3242577897791429	0.030678227461590366	0.47187089582492575	0.5972320876968987	0.13720150082069282	0.44138293934338674	0.7675204742086484	0.20517754904696855	0.42782532096299764	0.8147636141107995	0.21320893320217993	0.4515612460965098	0.8475606085218921	0.17991452654585527	0.4365139463233014	0.8589901039327743
4	0.0930232558139534	0.30642449988404535	0.581963287635481	0.7780307122881532	0.32445146780503553	0.7184251125108819	1.158147963714846	0.3329223729015341	0.9164924445452386	1.5731791028699074	0.31096962369476633	0.6864898882272056	1.6118887087394578	0.3778416579715238	0.7323833881499965	1.6100811993251039	0.3228031217133059	0.9830020940287465	1.6285200147748098	0.11295150942636328	0.5879202115079991	0.7941492843902894	0.13597404291656692	0.7393247953927387	1.1613504649659283	0.16070382722022555	0.8712277793489757	1.5470251255484784	0.13363839587100573	0.6776975454550954	1.6027523906236538	0.08280109082796915	0.7410639973817694	1.5966280886024622	0.1950388999192271	0.9818158260568455	1.6258231031430692	0.17023830144104368	0.43545685748802343	0.23061721143809905	0.17534616493428762	0.2808941509957557	0.007903165598426232	0.16087113908406608	0.2410612061247479	0.15175172673541995	0.31903521451842726	0.39435896896690625	0.31467327010234036	0.34804207050665104	0.4462399587662309	0.5697615017937423	0.2432944576372879	0.4334214840371352	0.7588768338088892	0.167609071790173	0.47252869474253334	0.8448450909213403	0.1637116291833663	0.4768601142690363	0.8572838559002992	0.18554550176663281	0.4367407355361378	0.8670160489833747	0.029547507324412883	0.4299383191475887	0.32426253657200593	0.030852338275909642	0.4720314333003406	0.5972065826142081	0.1374063286745678	0.4418539935577279	0.7685205455241639	0.2053245407343188	0.4283151706609706	0.8147956837464461	0.21344827089792998	0.45227433531400374	0.8491503717005957	0.17909613598951468	0.4364458328099252	0.8587990153807181
5	0.1162790697674418	0.3087643981316563	0.5819046926371265	0.778265490312203	0.32438980577464027	0.71812001898995	1.1582530629724483	0.3329725836714687	0.9151862238365698	1.5715045949315354	0.3109384334450548	0.6868065522435309	1.6119902487709585	0.3793329619242452	0.7295272523037533	1.6091051471018707	0.3228371028993707	0.9830086579114541	1.6284947014099211	0.11297065301999948	0.5879405239575644	0.7941492930502512	0.1360081057616122	0.7391179990944305	1.1613472361224293	0.16118180832313334	0.8728682390185655	1.547238897237204	0.13363068432012176	0.6776965585142525	1.6027044006641922	0.08281394126935135	0.741017050722836	1.5965700826053961	0.19492417812137453	0.9819174927198779	1.625325464645986	0.17027974963247577	0.43528050192595535	0.2298271424267167	0.17533655587781416	0.2809048113020587	0.007919521544654199	0.1608336170291177	0.24107762979141306	0.1517171352511117	0.31903435887980275	0.39436086280011906	0.3146701617041244	0.3479238758610693	0.4467419496038984	0.5714433488504851	0.2433176004119405	0.4334265919080675	0.7587643531064636	0.16862587164152604	0.471987232993128	0.8449200150400735	0.1636252664204245	0.4768374991550208	0.8573220807092948	0.1855801036177751	0.4367385450309301	0.8668386218754447	0.02956795287699579	0.42993119902215515	0.32425736384341186	0.03103403412581686	0.4722387074337286	0.5971874396590247	0.13773073035121347	0.4427438306146517	0.7701413108190207	0.2052350079148938	0.4281098754647746	0.81478050683866	0.2132455604762932	0.45203513652637084	0.8501036280400796	0.17816769202539295	0.43649240846019405	0.8588395343002915
6	0.1395348837209302	0.31007812196921647	0.5819391957444481	0.7784505408949953	0.3247565344443678	0.7190810799143483	1.158232538153291	0.33296744344417994	0.9148637219733291	1.5712582113018447	0.3106747982250418	0.688425958752644	1.612546930589144	0.3784893202918552	0.7266593905176852	1.608283189912018	0.3228516190767341	0.983016223758302	1.6284788930655134	0.11298147695962567	0.5879205695869201	0.7941451006240188	0.13607630985588678	0.738869359912601	1.1614463208042416	0.16178428245953724	0.8749581769969	1.5474259408442053	0.13362311554053682	0.6777023069601431	1.60267844180502	0.08284550283329586	0.7409947635179324	1.59651601161583	0.19477516773893291	0.9820123409950203	1.623645076397691	0.1704469196808079	0.4343403839352362	0.2287614042825052	0.1753388397354363	0.28092833037677367	0.007979659812716224	0.16216956571855431	0.2446488620776528	0.1510524234125427	0.31901591669767604	0.3943624890275819	0.31466996460708835	0.3478452408841619	0.4470499656314935	0.572491589915193	0.2433414921343265	0.4334840190661383	0.7587598319209522	0.17027857357921466	0.470297005364959	0.8448910936804067	0.16377188698908332	0.4772884028233067	0.8575306604144934	0.1856006558316013	0.4367464298511738	0.8668030898318092	0.029593770682989042	0.4299604343753754	0.32425005079582386	0.031120030066536797	0.4723996633776686	0.5971903776564031	0.13794284674867946	0.4433387362389103	0.7711461234709884	0.20508311162364307	0.42772742944721864	0.8147235078357622	0.2132419413040204	0.4524151688958173	0.8504241113777664	0.17790674565463357	0.4365046708810124	0.8589337828168576
7	0.1627906976744186	0.31021236353998594	0.5819206800228061	0.7784326964726872	0.3247434628269483	0.7190430055853194	1.1577319163304014	0.3330098802807172	0.9147003177639225	1.5713300697044355	0.3098559049162707	0.6921396182157437	1.613832545490526	0.37800442328684514	0.7265271327968459	1.6083258164727718	0.3228359181982078	0.9830226603119052	1.6284966771505993	0.11298126839836835	0.5878932449773677	0.7941423715754697	0.1360082545626934	0.7387475796865766	1.1616521195428875	0.16213830505259613	0.8762520589533266	1.547544432265879	0.1336161219850882	0.6776949670924437	1.6027186040743078	0.08287218249421631	0.741091472502863	1.5965605237412785	0.194702463718454	0.9821502591703948	1.6214685783999772	0.1714268116561597	0.4302842491046572	0.22850276582540044	0.17536617248277603	0.2809467966735837	0.007994671760943466	0.16407324290106068	0.24964451497261042	0.1501094093723202	0.3189948503720329	0.3943628750305087	0.3146751145944471	0.3478378250915813	0.447046358528598	0.572583675185357	0.24331552354149205	0.4335297227631583	0.7587883832338298	0.17134782843294435	0.4699848074412307	0.8448622888278021	0.16466950042597298	0.47696676706766494	0.8581094649619668	0.18564514070881377	0.4367258977362568	0.8668328618911237	0.02961526570081411	0.43003871891364986	0.3242305052885913	0.03110968157232701	0.4724586111303308	0.5971999778857866	0.1379637871270908	0.4434031585378406	0.7712073579014516	0.20501808861516663	0.42763000531259543	0.814691787364262	0.21310681909298423	0.451901503515644	0.8510466529092225	0.17804155793282223	0.4364583563074456	0.8589067203404843
8	0.1860465116279069	0.30994202008322796	0.5819002547423948	0.7783861341751204	0.32438189013257945	0.7182192719898333	1.1574965614291033	0.3330721803925892	0.9142217881513812	1.5714851845349305	0.3092234049351755	0.6936496843719316	1.6142146459330435	0.37868011108611394	0.7282653955846659	1.6088588936887387	0.3228050568203429	0.9829873183070601	1.6285158814383998	0.11297367330985551	0.5878877988520915	0.7941489765168436	0.13589479706144078	0.7388100120786493	1.161446959597027	0.16209947890197857	0.8761726615578167	1.5475684835847554	0.13361107376901232	0.6776535177486099	1.6027735518953579	0.0828796954084379	0.74120827853528	1.5966348455428432	0.19469935182611556	0.9822658339113521	1.6202628561654775	0.1729832813269255	0.4239458535729514	0.22887303959538485	0.1753266074547502	0.2809538405640093	0.00798941545643443	0.165222900381448	0.2525954069356144	0.1495438376294932	0.31898537566875296	0.39436360014091804	0.31468151742083944	0.34784707690886396	0.44695222298258913	0.5724208468936465	0.24315947859712791	0.43326080887640117	0.7587655079556024	0.1713708030382044	0.4706508912963606	0.8450257305946126	0.16602287204690142	0.4734526925341172	0.8588775133959557	0.18568488049837029	0.43672149260329174	0.8667931437584286	0.029558115228820573	0.42990795252578046	0.32422151744823446	0.03106887387237832	0.47244451845531477	0.5971961541478741	0.13793295130925057	0.4433402504810541	0.7710578359469717	0.20500688402586803	0.4276971475149172	0.814691522105786	0.21199715205779035	0.44835077096824555	0.8518133572962795	0.17804382950491704	0.4364276571809956	0.8588634489487219
9	0.2093023255813953	0.3096592283241064	0.581892461624559	0.778406621322575	0.32401535501015744	0.7177477941004353	1.1575432430020305	0.333166585554222	0.9137948826168776	1.5726217265717173	0.3098438047157791	0.6928923872517357	1.6135148887191202	0.3796802891599972	0.7296451596143807	1.6092285827138364	0.3227835377786913	0.9828943255639522	1.6285119750815706	0.11296988399938726	0.5878937254401617	0.794162931598384	0.13574013353630915	0.7389004550181086	1.159910783415992	0.1616684902630093	0.8748684915505387	1.547470214549684	0.13361277018929615	0.6776109300870382	1.6027782742087013	0.08286756256223078	0.7412062671484193	1.5966469325088812	0.19465005937691116	0.9821845863266294	1.620060380786867	0.17388338062867492	0.4195870776786716	0.22912482369089227	0.175093962126885	0.2808826682688524	0.008002779807057898	0.16533201541263004	0.25281301898138914	0.1494998911095175	0.3189971427970612	0.39435636941362767	0.31467426227077067	0.34783237772084064	0.4468615081256533	0.5724053114107458	0.24323243375415335	0.43271727320334535	0.7587486429866259	0.1711117260135639	0.47190070837557524	0.8456310916677193	0.16684174145690162	0.46760681981530106	0.8595411793891745	0.1855921063543349	0.43680761312435157	0.866732057593221	0.02937660166274473	0.42935001635851977	0.324308867007733	0.031051283937175274	0.4723637860890792	0.5971731363873901	0.13796648739573836	0.44340876544253155	0.7711946026832207	0.2050250254104402	0.42764570100120397	0.8146988392271776	0.21019470483400343	0.44319015339450485	0.8518124767374008	0.1778867909750725	0.4365567841164707	0.8589519135682614
10	0.2325581395348837	0.3097860317228339	0.5819102466495052	0.7783926825203381	0.32393982831909895	0.7181746109048007	1.1576016372525546	0.33329760264539066	0.9138512683160998	1.5745341816608056	0.3114203969945927	0.6969565489182303	1.6152888495316857	0.38093429305585214	0.734118498379504	1.610568275039999	0.3227811106106497	0.9828259103041191	1.6284937047403432	0.11299180954294892	0.5878364203221541	0.7941440139346927	0.13547136458032333	0.7375538366756174	1.157729517488959	0.16100917234467127	0.8731465540706861	1.5472506289058758	0.13361216738791998	0.6776090406266678	1.6027729104473436	0.08283747584112627	0.7411894863788048	1.5966670536516165	0.19461578741688934	0.9819790712426609	1.61984068239408	0.1737633967088882	0.4196495673504768	0.22904635926256106	0.1751301973015388	0.280792839544599	0.008012506222276698	0.16513805798154055	0.2523909547683561	0.14963136631962162	0.3190228141727586	0.39434517429927307	0.31464695679167465	0.3478395015856312	0.44688255281513634	0.5724552733143764	0.24433864440923886	0.433995406687511	0.7589102660340084	0.1711654086276639	0.4720019919619125	0.8464172376940251	0.16700112412718465	0.46347787021367015	0.8602105648298629	0.18544078741272918	0.4369667898066979	0.866886763804735	0.029473102297950915	0.4297446235146206	0.32438361396063625	0.03106132019088373	0.47221631497027433	0.5971321211553196	0.13800443703909607	0.44348929770124096	0.7712879631516396	0.20517173254913554	0.4275829232229985	0.8147608475307284	0.20898418133437477	0.44018756512628304	0.850495785355559	0.1780265087313827	0.4367461892371035	0.8588733357563717
11	0.2558139534883721	0.31113561952251717	0.5820345293182927	0.7782318160928988	0.3242334505506268	0.7188592497999644	1.1576071081866033	0.33314220601872724	0.9142738868627912	1.575852264648483	0.3124022190411506	0.7018097963571516	1.619755961449585	0.38130049364977625	0.7433117237404806	1.6133818969852662	0.32279155630744616	0.9828428485818349	1.6284959320080794	0.11300839631674874	0.5877479282470175	0.794062942687532	0.13548654780187397	0.7324197052871638	1.1569115395957783	0.16052033677635252	0.8720658847060112	1.5469824186149084	0.1335840625986371	0.6775790266343367	1.6028090742006693	0.08279661555873595	0.7413139947051258	1.5968004709211794	0.19485536583548513	0.9823111604946695	1.6199990987081907	0.17376169135164907	0.4238569424373848	0.22862501013098072	0.17646490209939084	0.2811271256325084	0.00795373765311371	0.16509741966675293	0.25248573991850976	0.14974787526370786	0.3190029964538827	0.39438538156432373	0.3146797082308531	0.34796755674663854	0.44740422610948033	0.5724013019909944	0.24661428371131816	0.4384713964177325	0.7590828284341479	0.17154262818863997	0.46661026138677697	0.8462174234229551	0.16709093536381955	0.4632338867045123	0.8599978287173902	0.18587764479740734	0.4366800024128305	0.8671295552649221	0.030498441593691108	0.43328290022256605	0.3239013587110099	0.031030844364052453	0.47213339823263223	0.5971169821785491	0.1378089198088473	0.4432528542885226	0.7705502079453775	0.20536727912356006	0.4277629071595711	0.8148020494203687	0.2085075024217238	0.44013155452789826	0.8486091649548423	0.17889708400551266	0.43633449567997484	0.8579122056823818
12	0.2790697674418604	0.31331239310741377	0.5822728281438989	0.7780130001092546	0.3244112177727111	0.7182383950216249	1.1575404847719208	0.3324440827181877	0.9140238193193118	1.5762082181829373	0.31153137789047747	0.6973404363538889	1.621005773813253	0.3796404938106138	0.7487562102326127	1.6149632832684833	0.3228361371932702	0.9828938921374561	1.6286249963563368	0.11289658184786544	0.5880324922560844	0.7939579971353149	0.13617424790201604	0.7248884168535265	1.1574075139170188	0.16076899737833963	0.8717650268874105	1.547140024519695	0.13352362215621266	0.6774135736155776	1.6028099734680865	0.08276560891160273	0.7415131909912742	1.5969703925637146	0.19529760389329012	0.9836546626787273	1.6218947357118043	0.1750400842280902	0.42961049331948215	0.22797857807566282	0.178875315764934	0.28209578265750257	0.007823642024860862	0.16535405789178423	0.25284729883568813	0.14978492133193894	0.31890656822908425	0.394518023966267	0.3148651228184164	0.3480951019919285	0.4480469584219462	0.572236022579998	0.24894129389400427	0.43984862083340065	0.7585180621382284	0.17193463876753806	0.45635801793834896	0.8439391466744683	0.16677502077264317	0.4669408142899632	0.857336997516259	0.18711697097432986	0.43556994203052013	0.8666700869574308	0.03201883195460871	0.43827653664197574	0.32252867578582983	0.03096109988432682	0.47228630925115045	0.5972007059501289	0.13745261033716702	0.4427742899156045	0.7690406863082001	0.2052572372457342	0.4281396987988722	0.8146816811050938	0.2079483464554817	0.4409320904566268	0.8475462369760929	0.1801983846387196	0.4351521696977536	0.8557554532694118
13	0.3023255813953488	0.31471888736275544	0.5824509572934404	0.7778944328354688	0.32281304197371075	0.713931705771967	1.1573786603788008	0.3312204441572705	0.9134649460846311	1.5762030704862837	0.30993364490913444	0.6890994977801017	1.6165439626120799	0.3771355115167329	0.7432725012597082	1.6129951846240405	0.3229848458704877	0.9829968874075556	1.628897960009882	0.11282271197509842	0.5885810520430731	0.793851567087536	0.1371997832457956	0.7209538550241582	1.1574725260874064	0.16232698139198282	0.8717840545000977	1.5482812418220329	0.13348228582949956	0.6773381293302406	1.602748158719958	0.08278290543531533	0.7415936553898038	1.5968768796437427	0.1958762810467923	0.9836813908858433	1.6246522580833949	0.17697393348477963	0.43293998360959773	0.22725193874217336	0.17996646786666587	0.2820193445214361	0.007620514456644187	0.16587788736140985	0.25318301984834024	0.14973798571335487	0.31903757234386637	0.39452738546071225	0.31480633765469945	0.34761497856209145	0.44649738446293263	0.5725505713531166	0.2490251080822763	0.4308991180996777	0.7578596152821905	0.17062219429147504	0.4515150830856579	0.8412304331473162	0.16396463474189085	0.47297307451246123	0.8547983404880259	0.18585087878037615	0.43660963828004085	0.8660947390411837	0.0326068555345303	0.44016039587223926	0.3206668864762966	0.031233380982034306	0.47253996509310225	0.5971913230707377	0.13806674973736816	0.4433233439889177	0.7677292874354185	0.2039582352893733	0.428117825832369	0.8143610833176596	0.20806497573051694	0.4399258502535688	0.8466669424769441	0.18213508705467998	0.43566036275132164	0.8533576709355049
14	0.3255813953488372	0.3149002245757089	0.5824983753936659	0.7779371249573922	0.31813250014384065	0.704902194292463	1.1573811349787542	0.3289540276859218	0.9162958256698808	1.576139314514783	0.31020331200963785	0.6879946364173561	1.6121039070102494	0.3747178932844893	0.7340481523093215	1.6099707283267055	0.32315712954268294	0.983254767433557	1.6288671920136792	0.11365712204144615	0.5870967532528202	0.7936934111607729	0.1387281622588495	0.7224270078404471	1.1574480799323927	0.16451943228927607	0.8721549762655206	1.5497323392904032	0.13352997652293805	0.6780399858239656	1.6029398938507262	0.08288011597797007	0.7413978268008748	1.5964054195496036	0.19725385035525617	0.9782359298193413	1.625458697291754	0.1778371930730296	0.4333109135447364	0.22661001960518484	0.1778198600629441	0.2783000865396556	0.00740200000822846	0.16541210690865524	0.25354130817927845	0.15015039132481334	0.31985103319043484	0.3939960020364779	0.31374133091461653	0.3468409632080217	0.44291571943777486	0.5738612968620093	0.24607217428294365	0.4153831145642557	0.7589889824251849	0.1659869586059943	0.4533974217132641	0.8401816979201903	0.15780069481141423	0.4756869473174651	0.8576345707316956	0.1781465336568475	0.4439897199633645	0.867742886244468	0.03214446061505508	0.43967090454403635	0.31851437992932374	0.03217321245439937	0.4723656284629767	0.5965399745335219	0.13972254677693252	0.4447649062062514	0.7669581949114795	0.2013759551936239	0.4257878481384637	0.8133637128473031	0.21071863450858366	0.4353425317973262	0.8455100341329544	0.18504236517451006	0.4397116033450589	0.8533384111565472
15	0.3488372093023256	0.31461877872858646	0.5829447812598858	0.7782509386565517	0.3115493754258549	0.6901580981665535	1.1581371896410122	0.32552377854602044	0.9207403549662679	1.5764529690749132	0.3117718101704442	0.6915282635083606	1.6121204056106087	0.37236835119479594	0.7289611009417363	1.6091853343485003	0.32276538837315955	0.9831640777658339	1.628241307674526	0.11496837061455308	0.583093417801543	0.7936427691894788	0.1410357077351422	0.7186421800993285	1.159228078775563	0.1650201913318532	0.8728878353623503	1.5509978704198986	0.1335803120253793	0.6787931845085058	1.6034714875190335	0.08292493426268463	0.7413092170200273	1.5968781003862798	0.19892351351315685	0.9683400866029375	1.6247213170300692	0.17795087248711303	0.4335351895324575	0.22783858855536387	0.17400011649211394	0.27245682655471326	0.009181165452729588	0.161052606742952	0.25382933869318824	0.15280839342462943	0.3216394820181088	0.39368965765966735	0.3118711887185338	0.3513499310466556	0.4497938958405414	0.5730459634430847	0.25184626405537586	0.39540378236714513	0.7545240503415044	0.16866264155077867	0.430891127961094	0.8319851903278197	0.16177915427954087	0.4531786088593608	0.8565294463232493	0.17992692470345417	0.4426838576620903	0.8646649620171244	0.03278427170108952	0.44312633593930606	0.3161047203184591	0.0336467567931788	0.47350938610547755	0.5943237570873846	0.13593487310454533	0.44039702960686933	0.7657964968252382	0.1967444270379528	0.41331870436511	0.8109378843193056	0.20957156338281346	0.421483949945733	0.8448601533019886	0.18179045911170116	0.4352574988295285	0.8567237993310048
16	0.3720930232558139	0.31417813387286314	0.5848186729155008	0.7784797420468692	0.30485383869653127	0.6661068737170708	1.1596441788514469	0.32245508545215573	0.9115119457842196	1.5765092696319885	0.3095871930871366	0.6849685957292575	1.6109648430363617	0.3701892592676883	0.7204840557359402	1.608284405435843	0.3216132982513951	0.9816598383218311	1.629361520714572	0.11446542817453462	0.5834919377397538	0.7940033769011996	0.1411671996003605	0.6959172973029717	1.162234910322546	0.16240775651359413	0.873301777003959	1.5544160308186235	0.13333401175443899	0.675207547642087	1.6026094235112107	0.08261845606708389	0.7424728667104362	1.599939735048669	0.19845490396649965	0.9629013334564998	1.627800002503546	0.17978274042524983	0.4342264982104621	0.23342714496190317	0.17144017024039546	0.2696630643783424	0.01708464654761145	0.1518192530917067	0.25348240311796	0.15960638543345762	0.32519391534854925	0.39610388955678194	0.31030124933911535	0.36874695088247855	0.4812683310198098	0.5646315317555886	0.28685599742034756	0.3659329228771885	0.7285078552283648	0.19806347451698542	0.34828694957280526	0.7978211213271229	0.19689902026129832	0.37035862944466813	0.8250302997710832	0.22389455037124026	0.39720734483572845	0.8383213093434253	0.03670458025051626	0.4519673497579094	0.31469705482743227	0.037003097348100665	0.4819473517493637	0.5895570881598402	0.11836778852706387	0.4220010137618184	0.7612570449680466	0.18118596687196986	0.37770136802989834	0.8065900137629519	0.1867471103250179	0.3803395510492339	0.8409545438997913	0.15956738554760574	0.40024037687525416	0.8577826624982274
17	0.3953488372093023	0.3138929247482061	0.5889612784633682	0.7769748864437956	0.2991218596891565	0.6363166103061807	1.1608387929569841	0.32104271055724676	0.8796105283228837	1.5736400588894928	0.300130374529344	0.6550327716897038	1.6002200950986984	0.3658867429472108	0.6983478131940342	1.6018372353495176	0.32177645153042994	0.9810693641177624	1.6373092180214184	0.11392586089764996	0.5928751978727036	0.7945724581310432	0.13518947166054057	0.6586398366809665	1.1638373603335728	0.15777303396059408	0.8731304463508376	1.5614776028283266	0.1326895577927199	0.6620597628707896	1.5966363749114514	0.08258075869609734	0.7428569155666045	1.6024161873092382	0.19540146204520895	0.9722707115455625	1.6385280902508592	0.18371458496724014	0.43506259622394783	0.24177467728414892	0.17039296999058337	0.27262086716530953	0.029823930929732165	0.1449001250005063	0.25386774864253864	0.16870366326680247	0.33112974254881794	0.40362367952592215	0.30941782686091657	0.39315462840794135	0.5230402861041081	0.5515537697022944	0.339447788747365	0.33766782878669044	0.6820684863613153	0.24398418825151275	0.23424003685027378	0.7342545256255697	0.24694785099979466	0.24368592673656198	0.756868422000827	0.2961181688766749	0.30732612029932577	0.784164904721112	0.043252429065288096	0.4602567801910385	0.31624501900890495	0.04419443135633507	0.49994926666103734	0.5836405468326585	0.09314023298165608	0.39347391114448793	0.7483557802320604	0.14555845938372053	0.3172040386502047	0.7948446159390644	0.13645724172924992	0.3043952875611457	0.8256855017882216	0.11958951796270788	0.3385564168876739	0.8466843958219396
18	0.4186046511627907	0.315155472856819	0.5959190098841204	0.7735334759155967	0.29732756071331434	0.6143550513916185	1.1611328756244008	0.32088791180147014	0.844593698686439	1.569726666981801	0.2880958095812537	0.6086159516326416	1.5818025203205412	0.3565251168526067	0.6624137412844975	1.5892993117764749	0.3255140069663022	0.9873274476238716	1.6528645249597016	0.11804321470266187	0.602989835407705	0.7951287643051855	0.12462502187385666	0.6224611432654239	1.163280236514794	0.15302016009334	0.8717018099857552	1.568474175901301	0.13203703267728917	0.6400200241683897	1.5844046336664772	0.08517483734186362	0.7329850486546445	1.597960002870153	0.19190444047937202	0.9952793578636228	1.6521185042475344	0.18712641204920027	0.43895048416590543	0.2481888837003896	0.17029713482832878	0.28145890549161073	0.038348110417291234	0.1519294654402294	0.26122564165506584	0.17420265929211834	0.3380796190272579	0.41672480474349416	0.3088701877472985	0.4074646155646975	0.5474954625862147	0.5442603626729199	0.36297327420887915	0.33147259545314867	0.6336689433601642	0.26897729980000395	0.16023348230044018	0.6636416210908357	0.268115497647942	0.1517388626087484	0.6807352646341986	0.3315308257802364	0.2308413807166394	0.7187050245272179	0.04925642513367801	0.4646916473300495	0.32188159323322485	0.05252547834556015	0.5177069606041194	0.5804610533342234	0.07619800742076588	0.36737405762085185	0.725598153257521	0.09878989656350934	0.24712181076674433	0.7655787126302939	0.08045964440169345	0.22086345521225687	0.7949474262501367	0.07856194966426774	0.2843067296707287	0.8198006446489252
19	0.4418604651162791	0.3183887720173179	0.6049859051965164	0.7729853390627912	0.30238168248397523	0.603740624410954	1.1616546601998123	0.32112756316533664	0.8306247869603904	1.5717506784225153	0.28178817236751214	0.5736635619766013	1.5672286795480201	0.3457189792767038	0.6224580690299532	1.5786084557409357	0.3305803286384121	0.997373661006185	1.6671599223769655	0.12518726197161192	0.6033931055960138	0.7958410421220846	0.11545587761244293	0.5915588369021371	1.1621079124828748	0.149399000296413	0.8666954490842379	1.5713694662681417	0.13205525086217745	0.6173408579476183	1.5729355463292685	0.0912981728369914	0.7057617904779798	1.5879875567558353	0.188952047849011	1.0135562506139395	1.658599024914443	0.18837893719140095	0.4449268567774838	0.2510280896612239	0.1719261770815191	0.29484390662539145	0.038196129129604864	0.17230170207066903	0.280326409443761	0.1722506810824149	0.3434311744358427	0.4312339733726746	0.30901268277174676	0.4075910678871031	0.5543998416320708	0.5451865817994135	0.34701175688041247	0.34788736084260496	0.5943708187929536	0.26597032957850364	0.14252623386544586	0.6085612110563089	0.25895666901346975	0.1283350337209734	0.6215431212023849	0.31440625370729314	0.2140068150254667	0.657556880314766	0.05182541969507796	0.4651554685670654	0.3309554460694073	0.05701562544966876	0.5222831127840459	0.5820683612941251	0.07081880990743755	0.34944588207324934	0.7010467351383934	0.060525635800929865	0.19021947288046961	0.7236732422434946	0.0431424448940043	0.16240030380004655	0.7551631605931188	0.048169221275621385	0.2569050408310084	0.7852643524651332
20	0.4651162790697674	0.32168554654653014	0.6108299726290354	0.7794744275886356	0.3125481913555175	0.5911093022297109	1.1636932250987433	0.32134633222588704	0.8341357433397177	1.5794762995374714	0.2822373016076418	0.5703984794346331	1.5653471993479573	0.341795474487121	0.5983800157110941	1.5785049044358184	0.3324144395804866	0.9984609357191843	1.6711487158415141	0.13136174385449162	0.5908728349221088	0.7962814695643494	0.11178611525829862	0.5665289066817969	1.1625619946998635	0.14718416543716395	0.8588847515673969	1.5710950731904187	0.1332956688194537	0.6044103967535369	1.5717059726228548	0.0967204747724222	0.6733877037258225	1.5814664131500664	0.18581189620484923	1.0123047082662786	1.6555462499152476	0.18766541504087647	0.4475060997276281	0.252077371539917	0.17225786064084364	0.31144343616244585	0.03456031916447989	0.1909993041436488	0.30509141608036633	0.16584144882825363	0.34518550110015456	0.4401171282826494	0.31121048455821176	0.40543344046051527	0.5538485071530437	0.548723003075239	0.3347986264000417	0.36241810055963075	0.5686445036703711	0.2646055511628763	0.14763230088040244	0.5666178282177963	0.2601775885802023	0.1360698448391805	0.5756769968267836	0.2982842033065525	0.23162190427466123	0.6053236659754914	0.05051385133535456	0.4615169004623917	0.3410101581568396	0.05696390516701135	0.5126932718743717	0.5874088333428695	0.06796401953036041	0.3384245151810432	0.6836429461419922	0.039464529272698376	0.1708737902752963	0.6867915591922538	0.026382566994299063	0.13996089278376964	0.7142699314580968	0.028125885264085167	0.2438524580944374	0.7521821975024492
21	0.4883720930232558	0.3243602288123302	0.6056426324682789	0.7888715509960216	0.3236811801438689	0.5690199098212769	1.1664678328417162	0.32131853882309713	0.8384524641866191	1.5854514208136605	0.28435138063503607	0.5875401066789204	1.5740454361007123	0.34663683101904075	0.6045850790671276	1.5864459937812554	0.33037121500362276	0.9896488476468769	1.6672772371562747	0.13761591763616382	0.5677552723364366	0.7963472176533578	0.11281169706725944	0.5526109926343828	1.166150606619404	0.14541154032613612	0.8531723061885854	1.570482795253428	0.13531741239574677	0.6071937269959151	1.5791450247977088	0.09686572557364795	0.6578967170529704	1.5813220245907924	0.18168801780216837	0.9999368222602552	1.6507666857029486	0.18571078168190358	0.44895216505109803	0.25353542460614387	0.16466320397564665	0.3334696237200777	0.03260077829512073	0.19854930517715338	0.32385244732837926	0.16137458184867626	0.34359780129022155	0.4420643418473095	0.31566538529489185	0.40908428696531846	0.5405694566699983	0.5522288602985814	0.3539560145188813	0.3484706913923781	0.5562192875307204	0.2882323917110492	0.15957984141727957	0.5211242858952199	0.2966370116730042	0.14870947784592556	0.5293764084825209	0.3207905157340581	0.22712774158321786	0.5568754642960401	0.04776664806458739	0.4609416330764701	0.34967201383615226	0.05428812582654624	0.4972541905889616	0.5931989918208813	0.060617530975665745	0.3320892640509014	0.6697015114790456	0.02927321355129252	0.1937393108206042	0.6564016859716006	0.015243744171505737	0.14822661348825486	0.6715886413148899	0.011695300217784591	0.2268535350968863	0.7216334858998793
22	0.5116279069767442	0.3276268209280687	0.590658167807127	0.7943419819994949	0.3322043474766116	0.5487669046853003	1.1680134151759791	0.32150275379944404	0.8384047314646117	1.5870511432852255	0.28541229206565366	0.6008714110793302	1.5834851611865646	0.35335073253555077	0.6281715396954533	1.5924534935513077	0.3273751987958833	0.9828053621556674	1.6631458902540939	0.144146954769019	0.5444264044856338	0.7972016781719108	0.11522136615111792	0.5483503371871364	1.1711829095739028	0.1433430615495273	0.8515279927985402	1.5701053736498172	0.13673780106007202	0.6205230949602631	1.5847744264961017	0.09403992429594828	0.6607194207957017	1.5826173819333822	0.17745770553983714	0.992112582711997	1.6494158521891693	0.183969639749747	0.4546022957225212	0.25620122566600256	0.14975590716083004	0.35862264062739013	0.033326100189412275	0.19768088411351714	0.33063601692440453	0.16146899211143906	0.34147625104181706	0.4425018500968346	0.3201488382447031	0.4153992575725117	0.5159348746328833	0.5551129207646135	0.3854091306363014	0.3110475419361985	0.5467436241686611	0.33132187934318413	0.1800988261713778	0.47362997430933185	0.3497003708247911	0.17028408048083243	0.4842697137236328	0.3672797376133576	0.19855456412290742	0.5119737106043096	0.046093558663853035	0.46860345847375695	0.3557080180896342	0.05202478729350295	0.48303952365673036	0.5958951005673836	0.050027562354119516	0.32610799641397975	0.6521726076025578	0.02135467603105234	0.2264306215225473	0.6269442542651604	0.0010812992378429688	0.1635401006246895	0.6331180475142543	-0.0036915475936360217	0.20556077745477835	0.6971691398821391
23	0.5348837209302325	0.33101193725800027	0.5764147597967064	0.7956236065487521	0.3358137596224449	0.5415283997706025	1.1684440782480618	0.3230773040729227	0.8383226065481417	1.5870332861588154	0.2856680617896246	0.6042902922264077	1.5871535927893703	0.35652863940696805	0.6450789614406727	1.5935552901629413	0.3255742137379888	0.9817028347190361	1.6608754915966542	0.14765063889500651	0.5331157154956473	0.7989748154594146	0.11775888716187513	0.548089271124336	1.1748666190878967	0.14162710252372318	0.8518226534560275	1.5688239477397679	0.13699152920894486	0.6309031532239617	1.5845164090890873	0.09358148038520855	0.6647652254757397	1.5823004223433697	0.17537580789002316	0.9916522701582101	1.649210406749578	0.18167550934648447	0.46391131287355	0.25911440871495783	0.13528465203566786	0.3779818392136576	0.036656772407836616	0.18871290497320875	0.33145859421283086	0.16393052026109786	0.33892196286622506	0.4457367056948645	0.3220280504573082	0.41934708555445677	0.4946326766516291	0.5560575957483924	0.39982477861949717	0.2821699009389851	0.5289260390261794	0.363191163473751	0.20533217225946518	0.4362676731678989	0.37855195461282465	0.19184812758822997	0.4456847543390028	0.39913223243769785	0.1855590753125862	0.47803671041727486	0.04462395217210782	0.47271348483322706	0.36048228349327716	0.058552482624245915	0.47579226426453014	0.5978012420242251	0.046819240200787204	0.31514251102240376	0.6332484465559861	0.018824176437174732	0.23067437533405105	0.6011788830999819	-0.005831539884199325	0.1581706631224072	0.6090178187262254	-0.006787328826814124	0.18935122573655053	0.6798037055160098
24	0.5581395348837209	0.3336142556624011	0.5664377586730032	0.7974865484824778	0.3359080130097605	0.5419545602496021	1.1701715741234175	0.32559355220041186	0.8422807218242406	1.5861811283620701	0.28541896109187104	0.6046253353522263	1.5867307762332699	0.35757570270993244	0.6514220747794539	1.5939992004418226	0.3252788936620875	0.9797987795276046	1.6589330567440468	0.14775784321193147	0.5335994673851905	0.8005073683397569	0.12119892575653209	0.5496293524257255	1.1776668230990532	0.14126235100233975	0.8522342466242071	1.5666154095938176	0.1367921015135289	0.6326067726984532	1.5826923298789117	0.09613517228790819	0.6634648653894639	1.580264688639713	0.1758653204481905	0.9943053180658145	1.648288678178706	0.17528376313218325	0.47521780097511807	0.2622519169529983	0.12434186738888768	0.3908672134491779	0.04138715531316735	0.1675719968984478	0.34132478777392555	0.1657395219017802	0.33140714659964665	0.4519051017473833	0.3199180676293748	0.4208691070972908	0.4817086969863047	0.5557540002986829	0.3919318198195524	0.27644633736796875	0.49930564491394114	0.3596923351724707	0.22324957766800957	0.4014067780791593	0.3719167094554179	0.19234749129268403	0.4032264166211934	0.3948693573286188	0.18728284870307127	0.4484827622117237	0.0416451051000331	0.46248716483649277	0.3684225496669088	0.08175696557852263	0.47673405096862176	0.6054432270725691	0.0602531347250129	0.2996906716164036	0.6171233721263356	0.030764164495583272	0.20706772340266913	0.5738751045675818	0.003916917519152298	0.13685134938964377	0.588800771202614	0.013883967536743579	0.17624695468612428	0.6559674056363547
25	0.5813953488372093	0.33608771712660346	0.5560772488957496	0.8010250645276535	0.3360278294159875	0.5392528034584824	1.1738878748738446	0.3269017970762706	0.848761772507359	1.582962803057827	0.28531718103534826	0.6053950611289365	1.586297011322854	0.35881184976122726	0.655489170583518	1.5956554588269358	0.326358071406443	0.9754295407692053	1.6572733419874415	0.14770001184860626	0.5370199685167549	0.8016506649988113	0.1249040049602902	0.5514629163261646	1.180236034371211	0.1428302531771838	0.8524761053169106	1.5652241071435453	0.1367175430640122	0.6309428855338439	1.582301577424785	0.09895549955062748	0.6621697894651839	1.5773255019442358	0.17762969002446602	0.9981646638408874	1.6476714944605635	0.1653813004552764	0.4854143536801575	0.2661479175791944	0.11489210555211221	0.40281340696868767	0.044880148363790354	0.14143340623507378	0.3623414829574691	0.16584283425505206	0.31920984974624617	0.46152860154841274	0.3153153454459774	0.4217645243170007	0.473012944828511	0.5550544671407722	0.3781198351535255	0.2826210434680243	0.46791216246871725	0.3353514108473842	0.2274303758679835	0.362328893364087	0.35697250884715426	0.18031484144809445	0.35751403547946786	0.37304586643307575	0.17795643371033015	0.41469899209739136	0.038319049845935385	0.44562291410083166	0.37947966425598834	0.11280486854008083	0.47741312672767255	0.61778596009212	0.08386235101674827	0.2850938836065496	0.604633854468623	0.049401265630222416	0.18826884858364443	0.5429959688225283	0.01755081975226799	0.12968660262759843	0.5607858812354879	0.04284514420945485	0.16622950157771255	0.6227269516682467
26	0.6046511627906976	0.338189567056407	0.5464465083827336	0.8019942519277611	0.33712776660697735	0.532700990308939	1.1771955850597702	0.32670657655027063	0.8530014484363203	1.5795860021678911	0.28647177207334173	0.6086214809915155	1.5875031207072385	0.35970077682997564	0.6581947214756892	1.5969087709021124	0.3284192437574437	0.9775851903727897	1.6581472251944258	0.1492630113483856	0.5372519487301458	0.802920982283541	0.1275033362002655	0.5518797060175349	1.1813860351438812	0.1453959717710441	0.853027559941719	1.5654659164610902	0.13673293542503007	0.6302972307710882	1.5825718378897968	0.10035439331582105	0.6629464165147536	1.5767255004479999	0.1802976328976041	1.0026959842128296	1.648233302768123	0.15734996228935916	0.4900845476012166	0.2690043574627959	0.10632502993301807	0.4143260302817588	0.04568554505189286	0.12569890760418506	0.37783627385294366	0.16524337104836803	0.3102383290437515	0.4764893729792855	0.3125253440499656	0.4230118091400886	0.46650472545231636	0.552936853065415	0.37272758600841116	0.2893139396111892	0.4488076282292985	0.32370357838365804	0.23084917845736797	0.33348804470939497	0.3554406036903518	0.1819811129041879	0.32895275238049226	0.36800570643856834	0.1666323231301699	0.384710014457713	0.035771219212107914	0.4341144692404997	0.38735661481563954	0.13207889705712827	0.46981277083097917	0.6270528829969908	0.1009776260823375	0.2735461125406417	0.595874888354913	0.054798328681056135	0.19222347838089776	0.5228077268926246	0.01982330459187045	0.14917869763768535	0.5363075676153612	0.049433955134511556	0.1692866813602258	0.5980651692454649
27	0.627906976744186	0.33884091676550676	0.5424135099784666	0.7995463179883341	0.3379375489080637	0.5284653620547087	1.1783884340102322	0.3265534569547151	0.8543868331933655	1.5809561299995019	0.28863943687541205	0.6142400098579697	1.5895323890226312	0.3597546114929292	0.658304666921084	1.5970769691841409	0.3302480332374085	0.9895536700357357	1.661971719208034	0.15096022832710498	0.5327479278518157	0.8048431155298901	0.1293328863828361	0.5511277557225666	1.1818082664729328	0.1468395895264354	0.8540080705697127	1.5661883263058776	0.13672089874592908	0.6305269732892356	1.5826398311861993	0.10036548105659979	0.6643412253093265	1.5796797503968565	0.18341025139621478	1.0068540408648696	1.6495155230802179	0.15378378037193807	0.48994382138917425	0.2695408660671467	0.09993799988072759	0.42508209266658553	0.04502341368400294	0.12327694163751764	0.3801325601775099	0.16493301362858345	0.3089634559573201	0.49432400271695576	0.31331115805647525	0.4248732182116479	0.46205003829107333	0.5500226982456766	0.3756619941558657	0.29445407426796855	0.44061761314560843	0.33373972871652186	0.24620857282033481	0.32214541997604157	0.3658950839575492	0.19373517762000286	0.32035274757071436	0.38884339555836234	0.1746018667939766	0.3639567292480861	0.0331180420135838	0.4303727884983087	0.39032604952117433	0.13400635612493456	0.4562555098418817	0.6318518116625049	0.10214969430736229	0.26898694793327405	0.5910958391958847	0.044689095773546864	0.20821232179967453	0.5179929182095658	0.013872899191087789	0.17863021923467626	0.52637376729767	0.03306992326368343	0.1734570611340696	0.588716825760129
28	0.6511627906976745	0.3386202399234443	0.5427740314026533	0.7979921655048183	0.3379980450949621	0.5282967972408504	1.1783266872409912	0.32703746570871817	0.8538657105391365	1.5857483210135177	0.2900708768831353	0.6178130384867472	1.5905979365482943	0.35967742813250086	0.6576692508158652	1.596906417242551	0.3309096746434429	0.9999422644969067	1.6651577442943717	0.15100738077882642	0.5268231152234596	0.8078575641610002	0.13141558109092824	0.5505807446013756	1.1828131449421047	0.14677740312393	0.8547155755654172	1.5664222887889414	0.13662314226862685	0.6309431991616935	1.5826511347313028	0.09986395289309696	0.6655692196510224	1.5822077973425175	0.18498577101620184	1.008121924005235	1.6500585101128777	0.1530050871357649	0.4889741879906201	0.2691421572895455	0.09663478044949135	0.4362048773134004	0.04474258827254215	0.1251529970386713	0.37795079650788904	0.16492218905276504	0.3108419942854493	0.5067343143717236	0.315190921934553	0.4253905924446869	0.4637974179478731	0.5484874667138245	0.3803069527192424	0.2988739124145227	0.4341709840310526	0.3497381244668973	0.2644171456314862	0.31793525340337714	0.3808989666994377	0.19855409676239139	0.31463622380624134	0.4168821888808108	0.19641673977566404	0.3491343344857698	0.0306095722153102	0.43064325063638664	0.392064540583865	0.12843971662691483	0.4433896272743916	0.6362767321155518	0.09139085121017441	0.2745384627941884	0.5895468997621124	0.03299609250108307	0.2216523406568471	0.5175948102735914	0.00674823423351362	0.1956714200607494	0.5258314153838737	0.01866861842327904	0.15487760313199272	0.5845755780393096
29	0.6744186046511628	0.3388046871304349	0.5431681895583196	0.7984312497705028	0.33789954650081266	0.528899035550718	1.17814843763445	0.3280924139798985	0.8486950169404022	1.5871685117413064	0.2900246085728175	0.6175342534334807	1.5902123436535047	0.35975666248228233	0.6572297485914356	1.5968283132821044	0.3308145699910557	1.0019521461435108	1.6656833426837143	0.15064616077423865	0.5243126107070848	0.8110490084251458	0.13357246698237504	0.5505970512707737	1.183672981483142	0.1464663353126035	0.8546988516984515	1.566290817239603	0.13643023710081564	0.631596602406816	1.5828182998651108	0.09986818645667142	0.6651120580227002	1.5812233107504803	0.1838681921724117	1.0041896575986766	1.6489055175235094	0.15308576867867568	0.4887940583546576	0.26898158169296194	0.09508859276683776	0.44604103990275407	0.04508133491340051	0.12580215198718958	0.37750525533793894	0.1650303451109308	0.3099443389985381	0.5083865287317719	0.31616332420176557	0.42295622288369394	0.4743885354368239	0.5486181420251663	0.3823617532050404	0.3016038063779153	0.4282297629455684	0.3608225272971346	0.2759557550791674	0.31308349402801505	0.3951823985682346	0.20121711659523933	0.30421829256277816	0.43477431614565265	0.21530235444821136	0.33997383448763535	0.02953456352428584	0.43150361756411104	0.39352864219998224	0.124415425919573	0.43405191249119074	0.6402088967061921	0.07986956368393451	0.27765971345987783	0.5878934823026701	0.026934916539969603	0.22721288688049618	0.515274962626158	0.0004027586955933453	0.19565063221724122	0.5263663902304956	0.014999874922484297	0.12230067128983178	0.5814083119692501
30	0.6976744186046512	0.3393931049780564	0.5423739537515943	0.7982784915046176	0.33800720940597745	0.5283019992115398	1.1780097044414204	0.32950477163546754	0.8396817639173085	1.5837421370400717	0.2899193554238841	0.6171722672225435	1.5902020967968158	0.35979098792102715	0.6569042546784346	1.5968166138982642	0.3307130504245664	1.0010370319965707	1.665220436727337	0.15184288931718223	0.5251910222748617	0.8132783048308335	0.1347375085381643	0.5506045655253292	1.183759559226429	0.14643410125940606	0.8542723626740236	1.5661451414355327	0.13654073233551314	0.6310652735314151	1.5826125955456833	0.10101966321707545	0.660431651008706	1.5781080545646005	0.18162751520562373	0.9977331607978336	1.6469953952465344	0.1532948182226767	0.4889649253725725	0.2689791584830412	0.0930144640204905	0.4503096125584372	0.045229707187290566	0.12548054243631343	0.37743094511073527	0.16491767862829573	0.3068579105448101	0.504648340546836	0.31649490273335945	0.419798270798713	0.4865951230632646	0.5493871227809818	0.3814949325162612	0.3018101288798234	0.4248670506112088	0.36752717449212186	0.28754225604182104	0.30787484931449327	0.40206221633560746	0.2129206739530581	0.2940625596959019	0.4424318409706567	0.22565285719721434	0.33604379489622827	0.0295553462755044	0.4318355058015687	0.3938058979717516	0.12449312119696547	0.42894770538324745	0.6406146550249578	0.07607533467363371	0.26736677603622844	0.5845529965658842	0.025015493763247857	0.22688492670367716	0.5130959244955131	-0.00248915969724252	0.19021898407746865	0.5246659559256829	0.014838890625858914	0.10171879698903237	0.5823500754087854
31	0.7209302325581395	0.33969197744622326	0.5415681130532842	0.7969680961132728	0.33799119482129725	0.5285256712269122	1.1781045935439436	0.3304382647376566	0.8336797464761652	1.5804665633622204	0.2914198777615044	0.6207317095037596	1.5928052400697847	0.3598296240159588	0.6567517439580871	1.5968476393799098	0.3306975937096633	0.9999215997742961	1.6651424110854782	0.15365875542308555	0.5263413234627043	0.8146851554501471	0.13469937807782645	0.5503605338577613	1.1835706624017115	0.146431306052374	0.8538116952571853	1.5660784297669375	0.13757141826506297	0.6266693203110691	1.5811342067023795	0.10278914681274667	0.6531229344386269	1.5754645930044764	0.18038919043415846	0.9940841822376791	1.645893456731913	0.15316433045143796	0.4890468609126635	0.26906326695216815	0.0902474300727938	0.4489606851954583	0.04470407570083923	0.1250597316684183	0.3758941897032349	0.16402880176772563	0.30532479485501934	0.5028755488364873	0.3168979601817533	0.4182490115942407	0.49274263751364145	0.5495441534877692	0.3799798030029372	0.3005762780710028	0.42306210529880617	0.3681093850818525	0.2994539481858601	0.30356644250978265	0.39671264629961134	0.23357346882881921	0.2883146959038881	0.44482704667763134	0.23239367775055111	0.33405029895326455	0.029504473530825026	0.43179596935658215	0.3934420441047228	0.12715263811090682	0.42859478051202327	0.6372918378666477	0.08006971065094529	0.2530871242436935	0.5812145129303491	0.024931257750686324	0.22538619722757217	0.5130707862874967	-0.0007439886733351899	0.18779160940421827	0.5211539667024567	0.014774490226346861	0.09730215206778815	0.5850468726005749
32	0.7441860465116279	0.33958288660740954	0.5413240744635689	0.7959886337024193	0.33725107690795597	0.5328987469331841	1.1789157256765708	0.3305620541149171	0.8330629576667948	1.5799478332800427	0.29390284546843504	0.6271177888299933	1.5968332219534769	0.3600814418227879	0.6566187149840783	1.596865858901758	0.33059598639060594	0.995247826040589	1.6653924409455987	0.1543831408036058	0.5266528084355508	0.8154297650691175	0.13468737800291647	0.5502000755782341	1.18349254921836	0.14637853241051219	0.8534988190438981	1.5659514407205755	0.13910653395906064	0.6200866269504246	1.5790149505660172	0.10386325671780938	0.6487469033388803	1.574142456710393	0.1803059951981031	0.9938764078788178	1.6459139695958847	0.15197338312623557	0.48897177834630945	0.2693990150461611	0.08788117318588315	0.44942453966262175	0.04382814065467211	0.12478585951488602	0.3760513339167597	0.16252253405235378	0.30478088204468445	0.5026399720664307	0.3168157613256644	0.4180960058988507	0.4907146400861102	0.5469687622512436	0.37898211543230437	0.29925310028664165	0.41982081386537556	0.3570770136953332	0.29793743356581626	0.29895456699970135	0.383144810544713	0.25325907072958204	0.28520188234635946	0.43808358236174083	0.2447047488668547	0.33262806263194067	0.029086294233904658	0.4318473808893973	0.39315261902254905	0.12708512850883963	0.42832693875405853	0.6330826858020931	0.08638410006232022	0.24482910561842755	0.5755359539722626	0.024405514179139783	0.22415474033100147	0.5118474310668072	0.0035395290684606447	0.18758196719800718	0.5168709105854946	0.014829892284495806	0.09709895522739381	0.5795780121741704
33	0.7674418604651163	0.3394679759287771	0.5412855578436637	0.7961319425644545	0.3359503351772235	0.5399392697991947	1.1800877556649145	0.3304341576241109	0.8340536553502915	1.5804662599576262	0.29503244206740314	0.6305762804160239	1.5979637687351924	0.36050160342390636	0.6564387398058443	1.5968039866917811	0.33063952450331213	0.9877499578373484	1.6652344508427919	0.15418654248273922	0.5267657043743161	0.8155246533953213	0.13592352150730244	0.5504875779760687	1.183515168965812	0.1465997052527607	0.8536451077224854	1.5657296944932613	0.13991766200737452	0.6166212752742731	1.5779966994837538	0.10402493244092277	0.6486094525607543	1.5730869904015687	0.18034078291586603	0.9935158085073701	1.6465469230833145	0.14960188343443298	0.48890603020291956	0.26939163043001607	0.08627395700307793	0.45611119904249575	0.04338972765006152	0.12486007626431156	0.3836472796304579	0.1612606434827114	0.30200845597462084	0.5016508890367843	0.31473043758371394	0.41910062459050956	0.47951866662052495	0.540690472980974	0.3777398085402186	0.2986359800156586	0.41189467375102673	0.3383976476871556	0.28406451463968363	0.2901939527498461	0.370915643608392	0.260261083943241	0.27933179923089707	0.4194352817733037	0.26570607030034915	0.32920277800453246	0.028586059957836578	0.43236134860139286	0.3929896055485484	0.11706229021621772	0.41954314765901557	0.629809393514844	0.08972255576504198	0.23962350349242784	0.5625212881237633	0.021800018796113	0.22183344497385227	0.5028848106865123	0.0075503837011717916	0.18689684171392085	0.5105686692975654	0.0142095570107379	0.09339454556842047	0.5599826128459883
34	0.7906976744186046	0.33947656484522654	0.5412543368835383	0.7962605050562102	0.33504413579149916	0.5440866119863415	1.1806720148235323	0.33039378889097953	0.8342554770801458	1.5805978389460185	0.2945035175902443	0.6269589335117385	1.5948011850727606	0.36085955532934677	0.6563058489238156	1.5967351970872485	0.3311920289812676	0.9825961822567968	1.6637007710497924	0.1539284906394903	0.5269411521189337	0.8154317782554407	0.1379270403201482	0.5510800750197344	1.1835970431633698	0.14764083046756254	0.8532074410810646	1.5659687831181626	0.14016454525356872	0.6156276555038382	1.5774573884694179	0.1043602018923906	0.6481027347071036	1.5714915146874096	0.1799832762030463	0.9896889519148664	1.6467319116187586	0.14685054760744354	0.4889555147566248	0.2677603469068902	0.08542821547628081	0.4664903580849151	0.04315703656315417	0.12518437612109265	0.39624737373237345	0.16064265450909207	0.29789641751494395	0.5015589274004738	0.3120430442626442	0.42088796449929283	0.46415071390238705	0.5338505057547674	0.37642691662689354	0.2988108737014674	0.39982608192236563	0.3269222567998403	0.2823267348114379	0.2764346466100183	0.3660623433156333	0.2591031782225281	0.26916616762428835	0.40402798697526043	0.28305643109816625	0.3182527835384896	0.028210228317862792	0.43308685079568915	0.3929045885042075	0.0990488547052869	0.4023921082521732	0.6266182017267703	0.0880953720612344	0.23208912809062002	0.5444249439013877	0.017542293375954154	0.2184355430049778	0.4863369376570351	0.008309407865023719	0.1839292282611972	0.5018674835306292	0.013013544936537703	0.08398426388919689	0.5357323345817706
35	0.813953488372093	0.33941571624090294	0.5413248132809705	0.7956819590831256	0.3348823285998169	0.5440072455662353	1.180684517865483	0.3303813936508657	0.8339640215680479	1.5803663490481201	0.2942716897006526	0.619049157800674	1.590789361812799	0.3609795252035897	0.6556694675505645	1.5967445090349737	0.3319788571375369	0.9810198580217154	1.6613698365461071	0.1538548215941071	0.527058432708641	0.8154544234891904	0.1391334387601661	0.5516012001096661	1.18374463845785	0.14961121171065211	0.8492750007756797	1.5673254249093667	0.14119738933912496	0.6112576024426013	1.5751820343932366	0.10563320717467983	0.6432830586730606	1.5700302781144153	0.17945800033017015	0.9815995780659786	1.6451743022518808	0.14474358521916375	0.48912407324862506	0.2648158751564229	0.0851483934814684	0.4779796768402732	0.04200981829828465	0.12537256001242225	0.4043324317562617	0.16045528209397428	0.29638334708145464	0.5039910964237511	0.31297088201133333	0.4219542536660435	0.45517601190020884	0.5309084602153561	0.3757815856883041	0.29924457189560205	0.38935410912453583	0.331079120957155	0.3069231527054933	0.2636968891644432	0.36833961581392427	0.26544933434257445	0.2602715448307975	0.4090683385933115	0.28354419140021375	0.30195393054711905	0.028005958876657435	0.4334512397684164	0.3928880929811181	0.08562772456781129	0.3876391262847616	0.6233449284053393	0.08390300556075952	0.22339529277221765	0.5301961475809207	0.012598977138989397	0.215391728327959	0.4719540190485064	0.004849741597135655	0.18046393130121466	0.4952044667451655	0.012574268796265322	0.0712342447157206	0.5224079693987236
36	0.8372093023255814	0.3393085432406634	0.5414147183479898	0.7959359006606068	0.3349603752809714	0.5429582794808616	1.180749379736553	0.3304353540054471	0.8339805413137835	1.5801687353375333	0.2943228327501829	0.6139055701048727	1.589167942840178	0.36080817961512834	0.6538075453996752	1.5964057466080948	0.33258684367530067	0.9811643633272087	1.660206364300126	0.1538344673990323	0.5271253826637685	0.8155075107511096	0.139181282554469	0.5519737248294854	1.1839048055321713	0.15156182656013056	0.8424936444651633	1.5689316927196058	0.14285481248300738	0.6039548831029444	1.5721753096958584	0.10718404963632547	0.6363842456206317	1.5692969465055508	0.17908826592721716	0.9729085453023911	1.6425001131615957	0.1439066827473186	0.49037566541095	0.26303928262105164	0.08504556273694609	0.4871582632917906	0.04031125112746494	0.1253435461396563	0.40536175559781507	0.16041325190832914	0.29776404508629184	0.5069487003841863	0.317127601125054	0.4218423161027011	0.45462808738795235	0.531652041423255	0.3751868282883988	0.299596594282661	0.3844915099123043	0.3416481926360271	0.3408940554294408	0.25713839375332326	0.3736742974196449	0.27916207739564014	0.25653276218803744	0.42559151054406086	0.27870530319055886	0.29061459847778376	0.02794661689032288	0.43352401597804513	0.3929149402030395	0.08284446482892031	0.3815558061693372	0.6210959632001664	0.08102366057313493	0.21841875983603953	0.5244972939401552	0.007754179313695353	0.21333697950222336	0.46782667873974354	0.0003394728492306003	0.18218850027359743	0.4939603691308998	0.013089982067071945	0.06255165607813568	0.521605292865899
37	0.8604651162790697	0.3393379692340386	0.5412240155431308	0.7969746107790914	0.33500099551032225	0.5427050258634615	1.1805391015699218	0.33065137325322946	0.8350942137176472	1.5808273746896337	0.29344177855396164	0.6127919459040406	1.5891776089308547	0.3607678757294684	0.6518988810085232	1.594962915521245	0.33301140640605886	0.9822531621196591	1.6604379456553147	0.15379778040258432	0.527104385906631	0.8154997445851762	0.13900775082289502	0.5520704585319914	1.183957331953251	0.152454287436532	0.8377968944964039	1.569136829301047	0.14370727329893743	0.5997678795061093	1.5712606091509247	0.1078523141288462	0.6327364397609498	1.569067162844835	0.17875047565732005	0.9685672387893602	1.6412738084876635	0.14370037597358928	0.49336951442038796	0.2644650911259685	0.08504732153298102	0.4906578411681607	0.039456151629353946	0.12527879721716292	0.4042909788515786	0.16037088617931475	0.29859853737133846	0.5076112129119418	0.31948331534750257	0.4215729588443703	0.4560410347527317	0.5320082862057374	0.37412133224736754	0.2998496991684803	0.3836920929377056	0.3434645732283206	0.3593256298508084	0.2556213037018697	0.37675969756786065	0.28773088347301823	0.25540923084084993	0.4325900249782616	0.2889216923244891	0.2881327239055027	0.027956447267107585	0.43376632528857284	0.3930528257657093	0.08487258875754297	0.38152245652111483	0.6194128148872209	0.08036849384888467	0.2176619029523591	0.5238285049876605	0.0046834424739542	0.21264606640088024	0.47222296873438857	-0.001777347201220047	0.18905445246448552	0.49522506340421935	0.013677005278959691	0.06140521769957147	0.5236560945359121
38	0.8837209302325582	0.339502681070807	0.5407428715418514	0.7971038562986352	0.3351985016976823	0.5426948259192854	1.1792626347643131	0.3305043953905875	0.8358745221062166	1.5822907008595073	0.29295516452191983	0.6094253057493173	1.5880609090296007	0.3612659139195574	0.6519699354643633	1.5929542133373118	0.3327588900210361	0.9830012215894425	1.6600785089628802	0.1538577228155546	0.5269608365316675	0.8156511004814848	0.13917623906420734	0.5516068352595939	1.1838995034175999	0.1525126663612944	0.8365691436114555	1.5683176970822204	0.14361768157790897	0.5996359052453343	1.5720356015531585	0.10773589350744395	0.6326789020112014	1.569008833352652	0.1787160950675156	0.9693736377447719	1.6431617371298706	0.142786460253773	0.49524297678637563	0.26850233274256835	0.08521761561198982	0.4904231592633055	0.03960992513423104	0.12525360900375923	0.40408836163302464	0.16052358293543978	0.2969127343665048	0.5059888640693553	0.31890144498063067	0.4216222478858833	0.45596594631726045	0.530498513651663	0.373227985075006	0.2998847731375618	0.38405017997129454	0.33392798749399744	0.35874450711388706	0.255957200873975	0.3748231361510914	0.28869479363603334	0.2545317841850765	0.4247940219991853	0.3061638139074905	0.2900037231507092	0.027930803595982746	0.4341944857692406	0.39320509529782904	0.08582026618793188	0.3852044393541569	0.6171724770436828	0.08169302388300577	0.2179453097310726	0.5238095849046437	0.005407084160982314	0.2152793544849111	0.47811538963516814	0.00011008175037461904	0.19119572561053697	0.49556803678158357	0.014295787720536383	0.06333560886149636	0.5237527327030334
39	0.9069767441860463	0.3396523518258766	0.5405525457635152	0.7972298454935064	0.33551484807214116	0.5424386375131268	1.1775143490901947	0.3290661451013894	0.8319955813582691	1.582024690296774	0.2939242499303949	0.6022869063326192	1.5856659880826236	0.3617092844354386	0.6537400690869896	1.592045353043431	0.3312465211782758	0.9810501862288085	1.6578797895425843	0.15411010463852454	0.5266615792383956	0.8161349631894144	0.1391562289818837	0.5509612435631517	1.1838479269613094	0.15215035687959527	0.8377634484640064	1.5680088332836655	0.1435040280936425	0.5998530914391343	1.5724153501799116	0.10767887965000521	0.6327317732074189	1.568933848882858	0.1801836479407527	0.973291666011212	1.6470736806070427	0.14122938935137	0.4934739121368579	0.271849183664638	0.08540657356919765	0.4901202637694778	0.040109163100148754	0.12524767510002308	0.4044892967104501	0.16109640972251865	0.29402909172892744	0.5040477798060403	0.3177317015588308	0.4216913729464403	0.455172703323287	0.529137632164586	0.3728740656970781	0.29959984578097687	0.3842962788735622	0.3226303980215132	0.3553947422476731	0.25609541249132506	0.3699065913832956	0.28849828723924276	0.2544219306214936	0.4099376547436362	0.308247309898546	0.29264937850673184	0.02785059667762494	0.4344098580532691	0.3924342980764416	0.08551160353987977	0.391029017251413	0.6149200073310606	0.08575642564869587	0.21821550336934278	0.5239250560169402	0.010186473861910347	0.22015073400201168	0.48028186965766695	0.00733073662601163	0.179601779998516	0.4947158318788323	0.015216091148749725	0.06275358921316299	0.5229606425124749
40	0.9302325581395348	0.33956728727379065	0.5408656618864804	0.7979995270918667	0.33510119994379745	0.5429998997896522	1.1765309735137484	0.32680449986681803	0.823410880327816	1.5787305426491736	0.2948104922995217	0.5977691196312171	1.5843306246564075	0.36151961810270317	0.6543143726145542	1.5916576548091603	0.329293063167036	0.9749696808761446	1.6555054914714198	0.15394220170356337	0.5261395633307536	0.8157123754572024	0.13803585529659462	0.5514898041098751	1.1836504557226615	0.1509834642889824	0.8430464312768919	1.568269419460603	0.14346478414960173	0.6000543363121063	1.5722016982318243	0.10762718218642552	0.6329373537315413	1.568895998720603	0.18289501335220823	0.977737468875	1.6501908116315884	0.14016879265156112	0.4903559911883998	0.2714007147750135	0.0853117010564709	0.49007449795465646	0.04005530431821119	0.1251776204506966	0.4045228708506968	0.1608907822062275	0.2920366937639481	0.5027746898930827	0.31557571846639965	0.4216566885401632	0.45440135430587913	0.528978054684969	0.3727048055272952	0.29924548033711207	0.38397422069510195	0.31672654475104783	0.36005412091151356	0.2545330332058283	0.36587410780127444	0.28868827395870533	0.25437767267877603	0.3978587579301718	0.29631767619638455	0.2942230959614887	0.02780332543813385	0.4338216334638164	0.38910536179193567	0.08552172489244823	0.39533821912147676	0.6135021166951067	0.08912662110986129	0.21898230827635834	0.5249922881060871	0.016287044591330804	0.21796672769823072	0.476316282495093	0.016829222639747954	0.15590999827716026	0.4908948081025408	0.015951851585265353	0.05899731977378473	0.5215930124702388
41	0.9534883720930232	0.3389816572012441	0.5406997181911014	0.7964798077807808	0.3330070812734749	0.5461526580941422	1.1760570003018236	0.3253133131641093	0.8168477718241727	1.5754801318743945	0.29453642842633976	0.5978959892275015	1.584192510654613	0.3611994819467089	0.6503852629138956	1.5891034638593082	0.3282020651841748	0.9674874799461555	1.6556265440407723	0.152307368715041	0.5263899957200132	0.8127070051740889	0.1362190360020704	0.5535012679809855	1.18304931184102	0.1493993850555579	0.851100819655169	1.5683338505050388	0.14281772708535426	0.6032949140124895	1.572512569801669	0.10689918584527634	0.6363671123402903	1.5691642098019853	0.1846817571053947	0.9802519561059064	1.6511672112955464	0.13980908619503762	0.48830114742631775	0.26814891120123696	0.08502480273142415	0.49033820625753466	0.038012319042875164	0.12495036140631824	0.4035117297438931	0.15778576514570647	0.29128458471808816	0.5017212747480867	0.31140377641347594	0.42161944607738966	0.4537525824394863	0.5288389150367756	0.372529917982716	0.2992896022953202	0.3831100922691023	0.31534346281513304	0.3669068069774237	0.25145511171317586	0.3647693862538913	0.2857625616412208	0.2526689324446686	0.3943856925425368	0.28629980273991706	0.29238560124155655	0.027755766413838284	0.43221513245203824	0.38326639062812506	0.08521693062373462	0.3956739062167947	0.6123095338199241	0.08666694703960988	0.21868303257337027	0.5260085103803713	0.02016844544949246	0.20482204767446505	0.4673905082619242	0.02108513778453545	0.13395888468020886	0.48209761769165715	0.01611567170190644	0.05565509408209988	0.5194238822489825
42	0.9767441860465116	0.338010374224966	0.539104299732199	0.7916292969281836	0.32995585375708564	0.5517485945161603	1.175641951753971	0.3248297222288637	0.8164463389440548	1.5752380780270396	0.29350638480749125	0.5977728105282488	1.5829970295348375	0.3612613826968063	0.6428222035870865	1.5850121938718984	0.32804323695075227	0.963763227636673	1.6576777201039647	0.14975479234103095	0.5292035208425871	0.8087701104429401	0.13519333423161722	0.5559703601849773	1.1825005465010476	0.14859893855387432	0.8563197552357547	1.568832057970853	0.1413164956481046	0.6103943014024917	1.5740929710545357	0.10548209560250055	0.6433556015315809	1.5699804570225366	0.18501513298758238	0.9808979000838416	1.6511019712713957	0.1399468664827358	0.4884198693772708	0.2653842716928283	0.08529802759255037	0.49280255656036204	0.03363462088352467	0.12471723146244182	0.40246831116396004	0.15282840280947665	0.29141149932486743	0.5008417637365156	0.30742823570305944	0.42142897046393824	0.4548609446916856	0.527755710161854	0.37303351162136067	0.2995429058145316	0.3840311907285259	0.3171488684066341	0.3624458750718871	0.2515276363161908	0.3659649570267285	0.27942985584530244	0.2520447265180766	0.3967004096531532	0.28135955882439	0.2905581423776093	0.027596960254423472	0.4306203892288868	0.3785489212505764	0.08293516211511281	0.3916976097700074	0.6109633288204595	0.082002960727155	0.21501163523006733	0.5253759502583892	0.020412423868730614	0.19504637893104404	0.46084705525441	0.01838953566977932	0.13162535861343672	0.4736607004241642	0.016022068426702955	0.054671502870594135	0.517883662489806
43	1.0	0.33729167230688883	0.5367073456397338	0.7870999251380237	0.3274290019190168	0.5597569210629847	1.1760987673425818	0.32465163070003966	0.819184216716826	1.5767110771027593	0.2925467073717052	0.5980577001139867	1.5812508427328325	0.36140951360821993	0.6369131365795475	1.5829475107172615	0.32802309583540556	0.9638596876702159	1.658337855562415	0.14818077915872735	0.5336993309591561	0.8070068194288291	0.13523093140531287	0.5610272436377872	1.182438952826472	0.14832400008333887	0.8569722154674888	1.5711192069955384	0.1394580398527255	0.6188644202442464	1.5766088912084872	0.10394770789800822	0.6512553847947993	1.5714836980822073	0.18527621778213157	0.9811894398712446	1.6510856674118473	0.1409589509897513	0.49262724825363347	0.2634528983749689	0.08650865596783298	0.49543221705496615	0.02887292014915542	0.12472949305878159	0.40292423791176757	0.14988281609943613	0.2926595902571315	0.5006497192496314	0.3058425895151704	0.42085472149584424	0.45969727562779755	0.526968657571966	0.3749721157642413	0.2989187958488693	0.39050724292614397	0.32388255688856743	0.3367061501040549	0.26023690752824535	0.36749236064992624	0.2717769593541939	0.25886308761800453	0.39803340061910564	0.2790000705273339	0.2975407775977787	0.027455444805449085	0.43013612029877146	0.3776656116768306	0.07931123424170324	0.38437504394661326	0.6102857522933995	0.08099602539053818	0.21010628882958338	0.5253831943762479	0.017268442705140555	0.20116238953301696	0.4643604102483851	0.013985015394261531	0.14998032288187718	0.47407765526262247	0.016080421330248642	0.05472068759363872	0.5178508253345862
44	1.0232558139534884	0.3369511599240209	0.5361032135746412	0.7855304552346102	0.3246754918222401	0.572294068876712	1.177277429088854	0.3248489637931684	0.8189711446137915	1.5766153333214763	0.29247397029781047	0.6063404167139768	1.5823893737758592	0.3610034699229755	0.6365835575458882	1.5832958702462563	0.32757289382068366	0.9636169960397483	1.6560365144407865	0.14799602018788577	0.5365104830022023	0.8070232016037611	0.1356501035746412	0.5710599840029318	1.182234743845085	0.147135674944039	0.8557076411451944	1.5741594313074083	0.13791321856361094	0.6257608868420327	1.5792104147939514	0.10205767780633096	0.6583532910854359	1.5739919873161576	0.18498742447272892	0.9795493422507119	1.6505979667454895	0.14271611505651097	0.49797500456041005	0.2605953572017118	0.0884473417765842	0.4935295276171707	0.025431498649468386	0.12476833300876641	0.4014713329033998	0.1494900766086034	0.29440779490805596	0.5009085102400878	0.30592724129444043	0.42033787205487083	0.4652502190819501	0.5285075681740208	0.37679863079366316	0.2968165932858104	0.4024208037256548	0.33307549169842804	0.29840944618712895	0.27658631428589014	0.3680794730227433	0.26244215725511166	0.2747757356280013	0.39524088794782175	0.2792834552428033	0.3132059142637709	0.02753774512670462	0.4295890281492711	0.3779257497823577	0.07609531942653554	0.3766722587765125	0.6104438952989059	0.0806874023449825	0.20763482787662876	0.5315894611134326	0.012870308173663851	0.21505386013925995	0.47772299139424756	0.01147875620511172	0.16990103744823684	0.48402978372850497	0.01622179016655827	0.05546328046268307	0.51935482499671
45	1.0465116279069768	0.33625365452865025	0.5400965488728899	0.7858529716515208	0.32023922874031335	0.5873433001311512	1.1772715500930622	0.32545776451372743	0.8123602745430476	1.5745568866987476	0.29320439870872517	0.6214103255002176	1.5871053958609487	0.36011623378798907	0.6433683577898945	1.5850085483135836	0.3268770716284414	0.9616371526865717	1.6522383684922388	0.1481971500940301	0.5366435260439957	0.8067434750270185	0.13665795640446426	0.5821837448740914	1.1817826461323129	0.1449395122055948	0.8543225446613593	1.5752449398001571	0.13682154497653393	0.6304696540840803	1.581638963589658	0.0985265694840389	0.6661754597733598	1.5784583985493472	0.1819230763613068	0.9723205884186659	1.648513048673429	0.14486963523853977	0.4969123256242992	0.256864377351567	0.09110755506538713	0.4889230769178513	0.022214382076725186	0.1243303040880131	0.39185367901172846	0.1487181006876295	0.2954063959863864	0.5008105159018716	0.3063593359582778	0.4201827004606715	0.46914204074735966	0.532581470487642	0.3759604829546127	0.2937983349839539	0.41597395811044957	0.3389795891589952	0.2711003752432344	0.2945386037108659	0.36817156103813936	0.25237784260210727	0.29445159637769275	0.3899527191366642	0.2702191778221548	0.3298243565378456	0.027595978548507497	0.42739791885808925	0.3759660393182168	0.07286920408083261	0.3737131963897527	0.610720355974558	0.07715278752786948	0.20601969983381208	0.5457980405302624	0.010775375796271221	0.22180884785709548	0.4938760960010561	0.01122209923356542	0.17861042086177475	0.49773477972695235	0.015701771895918554	0.058531376292448256	0.5253229647720926
46	1.069767441860465	0.33506734976599895	0.5479945483657593	0.7865037015119101	0.31567136892490294	0.5975457269255998	1.175225230698016	0.3258987175309841	0.8031833370505689	1.5725566353879477	0.2937669826906988	0.632230418552881	1.592896911692232	0.36008946100897676	0.6556729922599616	1.5890429447344931	0.32662164607762134	0.9594174077900784	1.6489374447665939	0.14831907427030358	0.5359046147579358	0.8052388470152109	0.13898673928756844	0.5905576551013741	1.1818156015453884	0.14312217743100994	0.8527137403576999	1.573575125858326	0.13557855588282125	0.6358388762776103	1.584217721444497	0.09358764082015922	0.678232386614115	1.58472859239205	0.17697262670507008	0.9613914610920812	1.6449446521858826	0.1477108953810855	0.48930378121071283	0.25320924605673784	0.09427038733123758	0.48493057773567005	0.017644920634204468	0.12355357945631754	0.3786050256899764	0.14651498900053614	0.2959259938479005	0.49904448616870545	0.3069679186337197	0.41911628086379243	0.4802577317046107	0.5379879976736676	0.3740896808269538	0.2920453581873518	0.4294861752188998	0.3429429631626192	0.2646649922406598	0.30965937827527673	0.36952581567439524	0.24570396839302064	0.31165116003291704	0.38698873263406575	0.24249914951289608	0.34665845650043703	0.026962184835931918	0.42443663310421087	0.3721229992943479	0.06839414104215163	0.38034184992368886	0.6106482611644583	0.07198189117300821	0.2051242165261306	0.5632041766635055	0.011446179139929522	0.21742805796314355	0.5057613304703434	0.011863847676928631	0.17848862783184413	0.5098392816569377	0.01321452252186494	0.06458014566392534	0.5380308915380059
47	1.0930232558139534	0.3342775274346231	0.555428070198912	0.7868496004621301	0.3132693201239652	0.6013199801310238	1.1727007142963235	0.32590950312992867	0.797712913977067	1.5707582990132858	0.29360836593122397	0.6346806198069553	1.597584095151256	0.3615064173026349	0.6666938209173711	1.5941303527826582	0.32699199653856675	0.9586520279241058	1.6468544648032164	0.14841438498366222	0.5357196571212169	0.8031957448008706	0.14235387689509826	0.5975171663055714	1.181961820474858	0.14261253505639548	0.8508695941653597	1.5709185543556174	0.13403351542044362	0.6427194789253572	1.5867313203773952	0.08993827036560746	0.6936732810535667	1.5894761267787478	0.17407222813340686	0.9539533479131217	1.6411970144137698	0.15059822520057622	0.48309019190358726	0.24990402668070166	0.09793989592138949	0.4784889558790577	0.012937558684670152	0.12305103372896514	0.37369026105110503	0.14414954955039574	0.2969369777746645	0.49533578411679235	0.3075981723233093	0.4161730495359855	0.504981963166829	0.5430202718309843	0.3753929506143752	0.2936579562004445	0.44338656461188714	0.34965273308174155	0.2694172632911561	0.32385725757232253	0.3735238206765461	0.243720682011154	0.3268041469966249	0.38998204144821613	0.21296900075103953	0.3668301025790604	0.025578981303008393	0.4211471846910609	0.368253148873716	0.06300936249221224	0.3948254258925168	0.6100939445732875	0.06710309600371914	0.21139748253319984	0.577785246935919	0.012294892030651563	0.2093590980835444	0.5122646461437206	0.01053434630715933	0.172123701666062	0.5181578807368973	0.008338027931996396	0.07477406023372453	0.5532891946126388
48	1.1162790697674418	0.33396639598898464	0.5602412376510764	0.7862327460839076	0.3126329015642765	0.6053959369547525	1.1713497108768924	0.3257826024553023	0.7961141860217764	1.568696647411357	0.2933625221178404	0.6346474800562674	1.5999047865997809	0.3629198211710186	0.6713769162452683	1.596923594068664	0.32747093055750276	0.9600081328742405	1.6458678933126032	0.1483851407607128	0.5359222957798677	0.802183310014449	0.14475885224443935	0.6032736851075593	1.1812435901580889	0.14320977300171944	0.8500509719842229	1.5694214960746893	0.13299079265284183	0.6473147146014677	1.5882894358390722	0.08818695272091384	0.7065110511583648	1.5904778610363866	0.17431221215361986	0.9520972351493813	1.6379195675733236	0.15202809146538135	0.4821041726662758	0.24723091046817747	0.1028466693624808	0.4625957149877531	0.011007080056502342	0.12279083050062306	0.3739150786690164	0.1427688845582022	0.29884341402139153	0.4928592646174871	0.30739980545558676	0.4125068356062992	0.5300212474482732	0.5449954854234766	0.38047897347792403	0.29803806924760523	0.45952260545550283	0.3590774818226943	0.27130734801802714	0.3465491676942889	0.38038523326386064	0.24244086170487103	0.34985696424716556	0.3959213696269642	0.20036678681855652	0.39256231148764664	0.024414428896499224	0.41908893743059594	0.3644334754138364	0.05745992848158482	0.4114633348654929	0.608834188264661	0.06163935584325478	0.22743227788756865	0.5889051304943618	0.01162441254424745	0.20506740287700653	0.5201387834731646	0.005521923515577277	0.16114010366079148	0.5276960670061419	0.004250597498186948	0.09573949495519757	0.5698202138017869
49	1.1395348837209305	0.33276818875959285	0.5666591371124725	0.7849289053764801	0.3130138181518498	0.6120683213578053	1.1709083203753092	0.3262238426301469	0.7965038600035513	1.5674122272782411	0.29423066673532833	0.6379021254448648	1.5999131710039909	0.36333949068797466	0.6718148975840931	1.5971731971493524	0.32789139675472206	0.9604204971926148	1.645537617492643	0.1479940075023085	0.5353081904546197	0.8012433148909869	0.14469341869346364	0.6053019056138651	1.1791226654523799	0.14408090468822105	0.850759485461719	1.569344225510506	0.1328056053183247	0.6480516411106372	1.58839915117701	0.08552598265959363	0.7145524264915948	1.5908432464618758	0.1754374200214186	0.951681658439052	1.6347002583617893	0.15193501599836434	0.48226898755550407	0.24467581390210397	0.10817392133282829	0.42973548072183554	0.012995337463588046	0.1224609555399359	0.36508763071240885	0.14319704338933203	0.30222900602554204	0.49235657723222276	0.3059360678623966	0.4090715773147855	0.5400918503461886	0.5414961598363718	0.38783613039373843	0.3062416556950063	0.48152612768595116	0.3708440214648617	0.2590683841832534	0.3846036621955699	0.3894267844966299	0.23535209682948194	0.3888168262286829	0.3991815647535445	0.19995093301093528	0.4294673244660393	0.024625958832626228	0.4237172686110369	0.3584408232061187	0.051483911071200136	0.4331497144096031	0.6058473769813623	0.05251678102535075	0.25134075712479503	0.6007359850028009	0.009341559678243721	0.20610744646738235	0.5393310884042503	-0.0016386106630679454	0.15356608662142934	0.5479507635807256	0.004603607014691076	0.1336418871783866	0.5957414875397371
50	1.162790697674419	0.3303299053112424	0.5771441113438875	0.784743032416688	0.3141880740909634	0.6176792935741536	1.1708558051672546	0.32806812901263543	0.8005329753298546	1.566906368545655	0.29629772724212483	0.6441510415075274	1.5989459064462046	0.3631372327217901	0.6715999809977518	1.5963834485134056	0.3289627357132242	0.9554691547460055	1.6455061517460736	0.14721111596215666	0.5338181035606802	0.7987269521459347	0.1438919467845243	0.6050353868383531	1.175862677847321	0.1445185952125859	0.8516450785874198	1.5695905830888939	0.13308108202234872	0.647177045783395	1.5871118346785518	0.08155507160197362	0.7200918743597344	1.5933330493662345	0.17607511974154472	0.9506252558000884	1.631763914191303	0.15169603960831674	0.47730708271170025	0.24133065189730935	0.11167387264527714	0.38700058052848607	0.015533326753924711	0.12277585544481304	0.3465685770015175	0.1448217298515505	0.30721632480335137	0.48633986789220207	0.30386486492332265	0.4060848439836987	0.5382374998242785	0.5340666594328014	0.3973818988407541	0.3186555283433632	0.507710144088751	0.38429207711105695	0.2344440070116523	0.4306424883950013	0.3985847759834492	0.2209196903639084	0.43560824258009023	0.39918455496457783	0.20081164683273117	0.47712181034081724	0.026597540235052664	0.4328675357246697	0.3507080860499967	0.045230647363884956	0.4637953562557518	0.6007620540659194	0.039176378034138	0.28430125346035673	0.6150847546606607	0.006799261591586392	0.21405328595293496	0.5686602042478799	-0.007446131041379416	0.15937126361448944	0.5790897024497879	0.006603524530756572	0.1794526085267097	0.631772770453609
51	1.186046511627907	0.3281892593902125	0.5855164465494493	0.7863248805505676	0.314596551164231	0.6231423093204558	1.1717219731811248	0.3306854639223518	0.807155642399469	1.5659612009543467	0.2990859893771747	0.6515131857142529	1.5992199813220445	0.36305430869088495	0.6725266647694629	1.595398977304205	0.33069223166657646	0.9472298406672819	1.6454062765231057	0.14655432579054356	0.5329421541215609	0.7963996736901044	0.14518808540684483	0.607911847179789	1.1734062066293585	0.14453420655004706	0.8518046865362288	1.5696118415933789	0.1334396079632691	0.646357520762007	1.5851948115559196	0.07909635552629582	0.7232880062816687	1.5958028129931945	0.17596208835824015	0.9486081841976686	1.6298302922248769	0.15240344371872971	0.46586146521104127	0.23808932569586083	0.11327851907092884	0.35798472619449895	0.014176569516971736	0.12538099355541998	0.3274530838433106	0.14560356028357285	0.3119493494711736	0.4682684468650641	0.30191554588120584	0.4045709704636215	0.5350774852952672	0.5282168166290888	0.4083471111685457	0.329099551438502	0.5308327121857472	0.3959734426922976	0.2136504281859536	0.47005971868976243	0.4060335872347708	0.208563442303709	0.476054921650785	0.3986227120350963	0.20393892889634704	0.521285306409353	0.029095077191064064	0.43626859087375225	0.34509541090297174	0.040196177826835607	0.49080468872343425	0.5959673486029383	0.027238504335629535	0.3237121766337794	0.6300525755421894	0.0052228935458158345	0.22905316760865982	0.5939931669926561	-0.00957928293157847	0.17890605023802697	0.6108411965048444	0.006187943973251576	0.21590669178496597	0.6640100055078538
52	1.2093023255813953	0.3273129810982686	0.5876282043631575	0.788111249360939	0.3136656686424558	0.630008216996774	1.172914859582464	0.3321688218604168	0.8111921343665329	1.5648050269241152	0.3033009732694073	0.6624655268663573	1.6031393524877358	0.3650161739908138	0.6764129316991812	1.5959340851518875	0.33148332794761143	0.9414780411328667	1.6438361630023797	0.14657100208516613	0.5329291258055209	0.7959476855629707	0.1487785802997041	0.614437642461987	1.173364424572367	0.1444428502446099	0.8515853813713087	1.5695259042493142	0.13364419312080109	0.6459694919307873	1.5840356366615655	0.07886999437840687	0.7237149222779292	1.5962931035778918	0.17437631477627868	0.9430105348295342	1.628070236697394	0.15370608848724748	0.4542126009626847	0.2361044959699512	0.11444331434320543	0.3493141774742059	0.010617143069848047	0.1311869618541044	0.3094610141637275	0.14572543970899882	0.3137681429833341	0.4444876800947237	0.3004676050747596	0.403999942805579	0.5352125224119634	0.5256770199112879	0.41708321394213993	0.3398322267614592	0.5483523047999314	0.4045098656217348	0.2058173098964315	0.4984087588448213	0.41152043458516696	0.20688744877119986	0.5083274697383129	0.3995885767891444	0.21269567890146784	0.5529711360198879	0.030323284522953842	0.43297336274590464	0.34233469557339696	0.037347816204329795	0.5005016013424066	0.59372617338266	0.022135585368888554	0.3590398255313427	0.6448062683404825	0.004127775424789218	0.2444425764384689	0.6106886715277298	-0.009326469668309667	0.2004196770274551	0.6358377180246753	0.005180031147479294	0.23799510380990285	0.6835890648846588
53	1.2325581395348837	0.3275935116391785	0.5867678419055968	0.7884334475252873	0.31296077611067896	0.6344001582608412	1.1724963634900325	0.332623712465593	0.8114926545005279	1.5643733661278787	0.30827837172380523	0.6754670318930027	1.6085018731573837	0.3700431149452145	0.6823204188874444	1.5986263651273167	0.33053044306682366	0.9382290565540671	1.639484535672468	0.14642757957479693	0.5331436631346211	0.7960778722546362	0.1522662717261749	0.6189208020533211	1.174242808651406	0.14437185761670027	0.8514509439590058	1.5695399366798277	0.13366182903353924	0.6457027931020174	1.5839225454148325	0.07919989370524448	0.7230921655152398	1.5958760036225312	0.1716529247647142	0.9349251268092773	1.6258849914750821	0.15446076328551217	0.44903258298458315	0.23489929549088645	0.11497009055673686	0.34577241857820945	0.009238320706252839	0.13823897462487428	0.2919807551214224	0.14682960046316068	0.3121802357144276	0.4277004561188814	0.2999729084527033	0.40147865605039207	0.5383674229981346	0.5204904527665281	0.4204513832993531	0.36221279389252453	0.5612397546357073	0.4110994977348137	0.2054303360697798	0.5244570102320785	0.4150511625264779	0.21139674892349408	0.5389682395617186	0.4035267126475368	0.2227423609360878	0.5800196863603613	0.02956248403440493	0.4288329904328927	0.3406661776174382	0.03632271100883333	0.49841087503943127	0.593251944286847	0.021972046169739145	0.37639528880025336	0.6586138025370086	0.003337757539812667	0.2508559611684113	0.6278250355428485	-0.009970621124539048	0.2079097669135037	0.6541401389906849	0.005450778740767861	0.24757216842274204	0.6972491357436043
54	1.255813953488372	0.3284565118699752	0.5850448882765373	0.7864420793453468	0.3131115466274379	0.6347421621675837	1.1704906479558908	0.33388780666979423	0.811352609449064	1.5645045680467413	0.31046679789497744	0.6807357421183706	1.609903108373794	0.37468052701966764	0.685982127903576	1.600975627735605	0.3288914595586114	0.9341089353481369	1.6331718452710344	0.14424934471990403	0.5347889104050414	0.7953388576022254	0.15356204040675886	0.6185355745812467	1.1731336960307515	0.1444083354413417	0.8515828362511377	1.5698289679512865	0.13364815753319875	0.6450074954167895	1.5839035133946613	0.0792497987689457	0.7227667042712091	1.5956716550613328	0.17035547631764453	0.9312731590053599	1.6248726236401227	0.15447900231146283	0.44976765202309954	0.23398898872031615	0.11428008194373403	0.34152912790629747	0.009169734280895025	0.14272935986154517	0.2783334641756428	0.14838758722827383	0.3094691077342131	0.4213540702029288	0.3002743091212081	0.396864700287329	0.5412559711274327	0.5079110964227642	0.42018102655789313	0.3886183921180821	0.5686534355229492	0.4181746533565918	0.20753741924411384	0.5561342561903846	0.41899670525157773	0.21512648940799478	0.5708783646916609	0.409552797803556	0.22686498995191717	0.6062354616931483	0.027009306171894534	0.4248655936459724	0.34005795142779044	0.036239033579945276	0.49614149942915853	0.5930130164343068	0.021195498540642493	0.36915149333472	0.6702900986262669	0.0038340442768233455	0.244278224716676	0.6494480724419021	-0.012944462078331317	0.1945987746691413	0.6714357217308349	0.005770953915595805	0.24769807495953036	0.7149446784860947
55	1.2790697674418603	0.32817875250336304	0.5828539251995898	0.7827178604082342	0.31329577252206314	0.6339730447319718	1.16897822199713	0.33511156798520975	0.8123661432487062	1.5647012406188556	0.30889046292741973	0.6764163802641595	1.6082870271615972	0.3753461744727299	0.6864631328517727	1.6014145971269573	0.3273059319985572	0.9309138237068877	1.6276266647967632	0.14012642207230103	0.5385257133212058	0.7944055302570728	0.15279490111604602	0.6175416291444069	1.169461271969092	0.14456522638214547	0.8519742751569223	1.5700046657178943	0.13367865290522526	0.645342241901662	1.5838088580614775	0.07922487135216941	0.7229172983085633	1.5957678146374321	0.17252636227382526	0.9325575001628013	1.6252776986429986	0.15433125867535874	0.4495391245865511	0.2337944665235714	0.11469623046340387	0.3355711112901241	0.009540608450706173	0.14350787681693264	0.267854293605634	0.14981239529541404	0.3081895453832219	0.41930702608925646	0.30065056964982784	0.39423794207047363	0.54149461622145	0.494630541168806	0.41949478083385666	0.4006804908433319	0.5773679252605977	0.42688403530563723	0.2175033893298333	0.596606303148107	0.4269157117927461	0.2217716995993515	0.6066519432549687	0.41763135549131514	0.23456194548051718	0.6301972627489724	0.024158443455357954	0.4216582318076338	0.3404440603093358	0.03519967195343685	0.49966037324378604	0.5927652948099362	0.01972785151717252	0.36202471839574935	0.6865698866780696	0.00468195817226103	0.24005982631712214	0.6807362392590504	-0.017480432716597705	0.18600968064157247	0.7010558911699123	0.003779738240877762	0.25928765776977925	0.7432346830128562
56	1.302325581395349	0.325134920183379	0.5828072046166253	0.779706086081306	0.3131361696755961	0.633517797231206	1.1687838919475406	0.33399904312824424	0.8134512555813852	1.564763070473301	0.3077549560436761	0.6740110339070464	1.6086164649094843	0.3736891047833606	0.6868595074554682	1.6011530772362752	0.3253716416789576	0.9337792233613087	1.6252887585354991	0.1364828024270899	0.5409009906282287	0.794705666120296	0.1511698218697281	0.6209911704697535	1.165678671476499	0.14445679215557242	0.8521517968008196	1.5685946917579234	0.13366754105797965	0.6496904151627501	1.5849472525125738	0.07921415607739554	0.7234433901541553	1.5959613735382407	0.17631510605396317	0.9296360738544606	1.6243944194811546	0.15417363373541068	0.44176629229737363	0.23511208454615393	0.11974170468885555	0.31355479606087344	0.014840007823416048	0.14318509286401396	0.25745747184760154	0.1532424079759649	0.3089123407160335	0.4153739588221919	0.3010350405209837	0.3959155795894319	0.5426170085956338	0.4938660749416185	0.41854356989923636	0.4014589401686089	0.6040002572513228	0.43204828164898873	0.24214860824276868	0.6517510098617104	0.43692665548070514	0.23982758890589956	0.6561260804266748	0.43417263917306004	0.2797218661633046	0.6676324020245483	0.022830742424399583	0.42080695520095157	0.34054658977866686	0.031017153454147593	0.5131473488412529	0.5931492722954799	0.022010382107415037	0.39448792411590494	0.7192271354461626	0.0016219586779627616	0.26873850727742044	0.7351363428280213	-0.022557430779976947	0.22965828826617798	0.7557444840964633	-0.0030309284164054357	0.30769552283422	0.7881544209140574
57	1.3255813953488371	0.320334991938256	0.585527154859656	0.7795924259978486	0.31290420185159784	0.6330377462811269	1.1681425243446735	0.33195736612476356	0.8134924355658447	1.5646020157920844	0.31002512090026335	0.6805262942013816	1.6111034264384267	0.37282960431698536	0.6883339569739738	1.6011986553178492	0.32304443282827705	0.9410305628856851	1.6252422120753898	0.13489944865037218	0.5391752999169163	0.7958223216830387	0.14972029780035673	0.6269809581915072	1.1639568604903257	0.14366973625297177	0.8513094901502072	1.564847673687502	0.13347817523925085	0.6568330652919929	1.5884047242917416	0.07907494714759541	0.723845293960057	1.595959939766793	0.17801211503065487	0.919133252996903	1.621148381849046	0.15399563559660268	0.4292172940186725	0.23800040882568818	0.12757508165012876	0.2727798902611051	0.025369065622282666	0.14424254637660344	0.24864794659848355	0.16025770939942305	0.3103748401588061	0.40921871827262135	0.30166349007478777	0.3994077266547385	0.5473260848255193	0.5074536615803752	0.41757982537328725	0.4057231454345642	0.650449758771547	0.430123400380514	0.2716541419806677	0.7170274662789142	0.4438572981423069	0.2675827318997003	0.7208129919653342	0.4597299908934806	0.36967702117416873	0.7284257636691462	0.022533938751031934	0.4199334905773217	0.33969753165915456	0.025438691961039386	0.5330362544402238	0.5946929400293743	0.0267396806775008	0.4580072650251893	0.7613965590955407	-0.006452362144858817	0.33154378590415756	0.8029170743230246	-0.02615818147220521	0.32229746633785483	0.8227343644290273	-0.012010212516861418	0.3835176308168614	0.8413596169760735
58	1.3488372093023255	0.31666012725154935	0.5876983299059877	0.7821681145397652	0.3128847303938918	0.6342695773356792	1.164783575187429	0.3312722763274538	0.8123953380114064	1.5644878522156862	0.31308792883225905	0.6886513478866028	1.6128779964664113	0.3730543087898648	0.6895205014560425	1.601409019397531	0.32140286732688983	0.9455224147714709	1.6247355183964072	0.13464603022215535	0.5359086424213875	0.7963727480303594	0.14914362395124997	0.6317207700987678	1.163915208119415	0.14307221270829715	0.8501877810522862	1.561339921206111	0.13320350084976504	0.6625526684314064	1.5934741942385569	0.07890855574932633	0.723999297320155	1.5961787762243604	0.1778014506138599	0.9097445020513883	1.6182134464016973	0.1539869177666206	0.4215520159789276	0.24072874195697275	0.13241164254709553	0.2367467161938675	0.033461725149808344	0.14623399234578918	0.24345828926849034	0.16773711827174706	0.3112151565808213	0.4049488396514942	0.3021949779827011	0.40153840288721754	0.5517637863528145	0.5223120771030447	0.41894004515786476	0.4184692306528359	0.6945402468751197	0.4269702821265023	0.29108623191454897	0.7709733157322489	0.44597504596874965	0.29538428612942524	0.7789662269183261	0.48001584513828033	0.4531014741016298	0.7871757057008453	0.021524381205765587	0.415697905264547	0.3387120454811865	0.02370978001328304	0.5504216038976788	0.5964959119426094	0.029261876071807597	0.5038478531889042	0.7897362092736517	-0.011600346680845124	0.39248085515658343	0.851641133063366	-0.02530082670119075	0.3981095024643542	0.8700614850250095	-0.016896180855276114	0.4604709863110674	0.8796398775192188
59	1.372093023255814	0.31524847512995857	0.5876400067788641	0.7844391665244078	0.3133317763653636	0.6400995682988724	1.1597481222642885	0.33114827782157213	0.8109947302686465	1.5647117488881725	0.3133686156540501	0.6885724178213222	1.6121235060877799	0.373349865553655	0.6898474807798505	1.6013757978249248	0.3215520464261734	0.9458783553300398	1.6237701306168566	0.13368674718014106	0.5337415211321317	0.7959935474090132	0.14906880924899904	0.6388686743099221	1.1647533285950589	0.14436223402205123	0.8510408490439153	1.5614957894211905	0.13316731979494437	0.6675984944485862	1.598088833605562	0.07910153669174258	0.7249181249751917	1.5978032623090368	0.17853946329813172	0.9085334424077129	1.6178650109366979	0.15417078447963248	0.4212595314469767	0.24165659400258246	0.1335739969899721	0.2218116610414081	0.035054841350066854	0.14739090524680493	0.2414123616975043	0.17136032563803644	0.31117670684545246	0.40393517682907437	0.30194749255617154	0.4018994359927706	0.552875621735635	0.5288873413877424	0.42267255827708755	0.43814886623785976	0.7191869718096824	0.42636652485176996	0.3096841518079693	0.8022833113294263	0.44386952178864	0.3231342169059671	0.8111205492898786	0.485770322704873	0.4879956553366077	0.81768371391898	0.019770131847871294	0.4096228642032802	0.3382754862899957	0.02690064438378201	0.5681304422713555	0.5971086500519799	0.030930656738691227	0.5164905733448713	0.798541404374743	-0.005274694852340783	0.43636700814121276	0.874498168185953	-0.01887972026319616	0.4299503004574825	0.8907976677958546	-0.01709098219443873	0.5341300930933119	0.8969191128475426
60	1.3953488372093024	0.3148824155281346	0.5866886362123922	0.783200710664699	0.31400365694389726	0.6480899674617144	1.1564528209922278	0.3314195120317103	0.8115026023306064	1.564648116392868	0.31146638918227176	0.6824059220739487	1.6100672749982974	0.3733358973962463	0.689692176716352	1.6008854634421779	0.323072994708249	0.945521199350621	1.6240134231281467	0.13144105269818357	0.5336565614734297	0.7948925695235483	0.14839013015886507	0.6499013278584852	1.1663152093823568	0.14712376865180196	0.8537521953636907	1.5644187842949153	0.13331858034199973	0.6740368615526408	1.6007883544341386	0.07962031338371983	0.7268504768263528	1.6005218357886106	0.18013277008693415	0.9121939400198918	1.6191049930530124	0.15406542977692061	0.42209404003150186	0.24172589410569437	0.13432322110227052	0.2207984712328327	0.0339419639610057	0.14740356652806458	0.2411929034626286	0.17145201315011693	0.3107637032248871	0.4042231272933919	0.30083500528513635	0.40169731579944895	0.5522708823427076	0.5300209277610993	0.42538710963854515	0.46075005839438166	0.7289068544278001	0.4237232683291464	0.345498431810609	0.8192551744837638	0.43790130887239465	0.35842794120367105	0.8248944482556646	0.4821344049656905	0.4931339437198384	0.8270129216207487	0.01860259054259511	0.40607493045088433	0.3374567568784987	0.028953893061968182	0.5914988690844947	0.5969374114407268	0.03293573120669736	0.5256455972031265	0.8005249788255331	0.010959944965309248	0.48196243163259517	0.8886304957883262	-0.00827110984748667	0.4631552312928215	0.9047750061192381	-0.015373089938053397	0.5993899567040123	0.905520151043802
61	1.4186046511627908	0.31427187307899584	0.5846792305149331	0.7791228996182968	0.3135051229981481	0.6527921269913679	1.155721431445407	0.3330070045158169	0.816090926281101	1.5633238517985801	0.31028256809482957	0.6818766416549396	1.611368771189634	0.37316648359009413	0.6892580786932592	1.6011417391790959	0.32408687371459544	0.9458621751235592	1.6257350653466147	0.12980270944224145	0.5376193754690808	0.7935295520667253	0.14701865506375333	0.6556001285481006	1.1667591643207456	0.14897593200748044	0.8556717291102612	1.566452863507036	0.13319870213226356	0.6790229433017818	1.6024225676335715	0.07995319795315387	0.7283735570552148	1.6023328105478545	0.18088459024374312	0.9141203216582741	1.6197867764530738	0.15309250620825904	0.4194530335275081	0.24294252858363746	0.13528067312941097	0.22245366259119034	0.034366913840531116	0.14715080995997973	0.2413371367089528	0.1709158593386244	0.31071512534709006	0.40387250216991366	0.30026638810770445	0.4017349028444969	0.5516544267083483	0.5310372638634582	0.4254103218195312	0.48106936084854984	0.7346971381045762	0.416813725540398	0.39012628418744955	0.8314843594901687	0.43080903616211136	0.39723087307517496	0.8392858637730243	0.47364505013238967	0.5068979515944065	0.8359048283085742	0.018479404969281247	0.40591519630014616	0.33579321871924084	0.02380123641329473	0.610397653264425	0.5973641071309816	0.03145132954720996	0.5589121382035207	0.8020159121931135	0.030543279895152594	0.5393971473259935	0.8989517484813556	0.004265483691577611	0.5304805956152847	0.9214487880039233	-0.009092754129858252	0.6444122753072009	0.9106708986202467
62	1.441860465116279	0.3128643958964976	0.5798221923627633	0.7756094944884948	0.31112453476655066	0.6544438449322232	1.1559901715494973	0.3346200336139612	0.8225693721246852	1.5611531167093793	0.3106929301276686	0.6926664887537193	1.6183308011432367	0.37307271319587043	0.6888982134835192	1.604275774904708	0.3236376791253887	0.9466972282285872	1.6278225021969526	0.12983165053001047	0.5440681941354237	0.792129941849816	0.14596620785536896	0.6517026400463339	1.1638101551044038	0.14917748949315374	0.8559014724921268	1.5665931066070287	0.1327848123619553	0.6804955655844988	1.6043501164220695	0.07995490596526279	0.7287497973081423	1.602578615778206	0.18083130908938472	0.91282058570886	1.6194094253994749	0.1516706255206722	0.41498397106953533	0.2451401631870073	0.1356583069252521	0.2231227049974399	0.0367925905102018	0.147120247572659	0.24139046797411456	0.17082230637368537	0.3116218580674577	0.40062441764330015	0.30144180675009935	0.402044393842764	0.5512281177417586	0.5333834016541794	0.42508222039972515	0.49952716486873816	0.7412580931734752	0.4083257322546371	0.4212798599429025	0.8414616123054364	0.4261487368230711	0.42400995341869424	0.8593792005041065	0.46155887802627327	0.5412056136772794	0.8525918807656425	0.018736082539305463	0.4066226939160885	0.33480237409871144	0.014197712534763252	0.614924884113285	0.5976671621411238	0.026701234088177796	0.6095391629792853	0.8022469789000538	0.04896540087799833	0.5986309865465969	0.9019691483642021	0.01785760287594812	0.6099493046433297	0.9332462449656811	0.0054553309469825275	0.6799860499351071	0.9118950687211687
63	1.4651162790697674	0.3111092126664231	0.5733301670502412	0.7736328843462877	0.3093634245633646	0.6542176447182877	1.155614087953535	0.335091327920589	0.8258636651247167	1.5599599333425813	0.3115332604724427	0.7067659257720283	1.626045179277377	0.3731523533016658	0.6888384564357208	1.6088431572087962	0.32281335069240136	0.9474488545219453	1.6289511328312596	0.13055182169959728	0.5475273488404623	0.7900198962294236	0.14578033788620734	0.6461355479132147	1.1588069146064368	0.14889968244756582	0.8556328702679913	1.5662692110610412	0.1326265662702241	0.6801753546962206	1.60599025337464	0.07991787857377872	0.7286612598774092	1.602318030861649	0.18065743885694918	0.9110633183250212	1.6188947657825683	0.15057529497683006	0.41155816740431095	0.24670381024676524	0.13564804548337445	0.223165028990282	0.03925120092219907	0.1473409780912331	0.24174189825185788	0.17079783067678356	0.31301590413141933	0.3949720722486891	0.30316852640553354	0.402312712487051	0.5513231894292521	0.5365412949465556	0.42625480325130144	0.5212627906676606	0.7480199176993629	0.39796390231848483	0.4407817769384796	0.848217867575132	0.42221899751778513	0.4390173097767388	0.8767899249825544	0.4498824096389227	0.5818091334264285	0.8711130249939312	0.01881973171962244	0.4066941941983349	0.3356192160812715	0.008311987622577297	0.6113228305619354	0.5956889351178436	0.0239039225814756	0.6473090959459206	0.8018785385358741	0.061997218198163624	0.6434473481764246	0.9005965590484432	0.03177651831610602	0.6683062866542583	0.9323472299822977	0.023208720476904462	0.7168122649643917	0.91122992818434
64	1.4883720930232558	0.31004814188836094	0.5687823931576351	0.7714038489792957	0.3102274744346577	0.6518087326807701	1.1537050032120584	0.33540604995110884	0.8251839150073894	1.5610070383382402	0.3117538949691176	0.7118712123027398	1.627793263358968	0.37327894687417	0.6886093642386362	1.6101315177632334	0.32259184208724856	0.9476445859658902	1.6290013293584495	0.1311704235921387	0.5467790387511842	0.78728699075195	0.14618304334337057	0.6448061719224673	1.1557224215362654	0.14885283336128036	0.8555485275644512	1.5662228506331795	0.13297854923928942	0.6796038938599882	1.605787042930083	0.07997429485745543	0.7286377160466422	1.6022320935235435	0.18045143584955453	0.9102887028464899	1.6186906843763829	0.14933391927526293	0.40783981727695895	0.24750129516754998	0.1355490336929042	0.22305849677087455	0.04024842345303107	0.1474169852886817	0.2414756812233972	0.17083292963468863	0.31378147495976105	0.39110152215535937	0.303827651049357	0.4023580279781591	0.5521000105435356	0.5395658000349399	0.4274437311954386	0.5448626772291033	0.7530262522819924	0.38468783916989774	0.4677840975374365	0.8517900013393278	0.41484457979454203	0.46427814276203916	0.8863955304272131	0.44202358469187253	0.6109882018551385	0.8813125606578341	0.018739636871041965	0.40655115485260884	0.33727718137411505	0.008006433081904315	0.608873534799314	0.5920184177246842	0.025255218783078463	0.6583941335733863	0.8012599352870027	0.06864533106544171	0.6643279117646318	0.8980189320453431	0.04277486114110921	0.6948708333232392	0.9204468333006	0.03570239476325264	0.7443309638341566	0.9096351216340923
65	1.5116279069767442	0.30973594380933944	0.5672787259647462	0.769152726077434	0.3108059910868483	0.6521058100122001	1.1517722541447177	0.33579716451226255	0.8237954962872882	1.56337153140767	0.3111951083418215	0.7048803429977872	1.6234340876793159	0.37330220631290245	0.6877134247819987	1.607629806163306	0.3226957808952449	0.9475942323098313	1.6288038427382359	0.13124805319657748	0.5452699686036785	0.7858360857759635	0.14680029068542041	0.646086205347433	1.1562610410245275	0.14892686302337885	0.8555596124067246	1.5662684781608784	0.1333818165192391	0.67919022988154	1.6031287196408284	0.08002616095986717	0.7286312866037019	1.602248798755098	0.18050510021705873	0.911151182666964	1.618909875305629	0.14760516634861878	0.402794250990929	0.24795969201410817	0.13550362887065026	0.2229029032254587	0.040204481949621916	0.14625094930207527	0.2384776585983015	0.1713824738408447	0.3137402351293098	0.39051446261304656	0.30358866757443814	0.40253406919584955	0.5514705623486404	0.5419062421234903	0.42729156855692646	0.5607108365974243	0.7542143199380974	0.37316747383231813	0.500713013184271	0.8530031692750293	0.405679693681832	0.5048030885944246	0.888515350241992	0.4383577647373119	0.6234116711456533	0.8791678393725507	0.01873924887451863	0.4069329947001258	0.3382317898726715	0.008951085384671417	0.6087893002573312	0.589672612054765	0.0293488121336687	0.6563850106669129	0.7990808872170889	0.07247740916052414	0.6674923199437516	0.8939296738476072	0.049695061768421527	0.6935403164953009	0.9066686816488279	0.041100545205528125	0.7562195627467405	0.9067966236629668
66	1.5348837209302326	0.3096305606198739	0.5675981793054826	0.7688450093924519	0.3087105598876093	0.6573818740903095	1.1516582203197494	0.33520819770331906	0.8250026605911249	1.5649751639842087	0.3104847744804748	0.6941457706907674	1.618516655537643	0.37336100649508835	0.6865522032489264	1.6053962899076686	0.32274452352636096	0.9476534640408166	1.6287804561415948	0.130039055556558	0.5445278182163097	0.7862612120387856	0.1471618343784135	0.6467667014948587	1.1572670989455056	0.1489670589175664	0.8556163482776041	1.5662645404249744	0.13340218001374857	0.6790358424117734	1.5996973230119074	0.08002927244690976	0.728606071698235	1.602250772748114	0.1816143765881931	0.9159776422989718	1.6202503472831304	0.14649776998627695	0.3993500493361938	0.24736954006716955	0.13573779271604924	0.2228218602928269	0.040081785799619934	0.14344179825075284	0.2333608807898836	0.17235082234206486	0.3136172095766594	0.39112340586581523	0.30356739482213196	0.4034055197813247	0.54681369669204	0.5435890736937946	0.42679289185880753	0.5644477223317752	0.7515681881103136	0.3682895816302814	0.5206595131011088	0.8517940769063331	0.4004871537306061	0.5360861172710508	0.8840840990882877	0.4379500781805666	0.6246882952847588	0.8707397513910691	0.0189360039690832	0.40750776234179986	0.3383362104793999	0.008843408242486072	0.6090945334909965	0.5894113827934644	0.034211349678206694	0.6553450993154895	0.7956635329862158	0.07495068236536573	0.6661309378715441	0.8902474287091642	0.05494176302002056	0.6758062164565117	0.898778644574472	0.04230717662228687	0.7586690188749114	0.9041146370831635
67	1.558139534883721	0.30972281024315484	0.5686098677496078	0.7697365459477395	0.3064147579119643	0.6617882640347686	1.1524511037085574	0.3338527349506021	0.8307842653766101	1.5650649735753066	0.31020548127885184	0.6886116846154263	1.6166836381428127	0.3734062059312095	0.6874229073360607	1.6052083386671183	0.32275276907360856	0.9477772151255704	1.628880977952035	0.12752600751599397	0.5446503274059165	0.7863454387834996	0.1464634460144033	0.6454213748498623	1.1550387834017855	0.1489421622491974	0.855738472175627	1.566257482045717	0.1332629493434777	0.6790071358989201	1.5982754230054659	0.08005083713610756	0.7287197098018688	1.602275717081859	0.18354377377037667	0.923804932170206	1.622530283958199	0.14654239210968087	0.39878752960702507	0.24582096405981307	0.1358963329158907	0.22277540935544982	0.040039213549867954	0.14060072480987196	0.22975961293369157	0.1729952354882092	0.3138518397493816	0.3917129278026901	0.3045702075448489	0.40453115177605725	0.5416123503101431	0.5444126609704383	0.426944001687211	0.5622535439591032	0.7485696600085052	0.3684013353072809	0.5236591896703197	0.8491358238340782	0.40031137276728207	0.5438845382469097	0.8773840404763914	0.43861118579723013	0.6229131944836501	0.8648204635725548	0.019203696596927222	0.40735933495645504	0.33837417022361244	0.008543420845523291	0.6090764676044272	0.5896697631315078	0.03772294137422931	0.6565488549265203	0.7934551956314017	0.07577320764138352	0.6645808878112338	0.8895895342682969	0.058798707932336984	0.6599801227908823	0.8977766266774846	0.042125328209322015	0.7587726110601137	0.9038723031396243
68	1.5813953488372092	0.3096163739376859	0.5684924482478598	0.7699499879969884	0.30600320986708074	0.662322593887452	1.1527173851070451	0.33305172834651625	0.8385375506560251	1.56441721484944	0.31023515371307964	0.6885275732126027	1.616882749798917	0.3726911337206496	0.6930209279742909	1.6057117070510105	0.3227668637482192	0.947875162830637	1.6289713947272706	0.1246768750645835	0.5477536373611558	0.7850836921686677	0.14435543297269632	0.6430424322966206	1.1510786134694817	0.14886105423448903	0.8558485069910728	1.5662899112191926	0.133345202737633	0.678927167919194	1.5996183908912616	0.08009820836540986	0.7289767426042417	1.6023566886315752	0.18491236247142318	0.9289757076559144	1.6240862555121776	0.1462015224323855	0.39899597366476625	0.24480128083439573	0.13469552681791147	0.22256520107285538	0.0398891943935746	0.13935897973482472	0.22901851953943758	0.1731080306974175	0.3138817966504765	0.3912711725030925	0.306308723685462	0.4044518871023852	0.5409955346631783	0.5444585442915348	0.42739691963959764	0.5608235088457352	0.7483515791235789	0.3693341272839895	0.5211624761671356	0.8471652614256462	0.401097658269084	0.5401759842772045	0.872799625709658	0.4375830581552582	0.6214033745687635	0.8634105547589997	0.019006898692394362	0.40753677317038584	0.33829925614671086	0.008764595598025806	0.6090417058747645	0.5896752383290871	0.03855658126807995	0.6562879041278236	0.7938960356335587	0.07649216574054014	0.6592220915524469	0.8902408636575939	0.0601777569520993	0.6535283123065726	0.8991364474713297	0.04187584892630301	0.7594909820639028	0.9057790933642063
69	1.6046511627906976	0.3081645069754793	0.5647680356458945	0.7699349359904959	0.3065102492944766	0.6616357471836803	1.152590403111745	0.3331549504602047	0.8429911018044937	1.564574148788709	0.31022105670464506	0.6895267703768688	1.6171062048330183	0.37100282712034693	0.7010928035182151	1.605917031554268	0.3227566502064738	0.9479492648636061	1.628963959522236	0.12254350793081849	0.5536248889458638	0.784022648035677	0.14182498657174028	0.6412011153479499	1.1490416034741722	0.14884341131258627	0.8558832322121694	1.5663372213136089	0.1336006607974256	0.6786560012409223	1.60194881329222	0.08008879280119571	0.7290708307195247	1.602427003298267	0.18531331807980014	0.9292097926885532	1.6241602991769113	0.1439188664719867	0.39849390017802455	0.24486019403906706	0.1316618660572019	0.22222997278429255	0.03975612783446471	0.13931930900075545	0.229307079939332	0.17314570568751872	0.31269907458397306	0.38783418821500654	0.30779280074896076	0.4027613697236889	0.5396876965927561	0.5444480856415344	0.42720626597159556	0.5612841158209881	0.7501430373628514	0.36956374807267817	0.5203476102072107	0.8470378335874915	0.4004789027747857	0.5384685551284853	0.8706165971188402	0.4341902794327678	0.6181995276020052	0.8631658813306322	0.017733033126061788	0.4106522562009254	0.3372739762381106	0.009074053101191477	0.6094714962196263	0.5896032630315401	0.03729800185994212	0.6523023041766164	0.7956610461441973	0.07808961686872024	0.6515984856534405	0.8899524350657635	0.060279097224861744	0.647109993397143	0.899096016429916	0.04169192657431022	0.7577394564107602	0.9068647320624391
70	1.627906976744186	0.30524939211843294	0.5584313452153944	0.7709812832052195	0.30646177907044353	0.6613420551040581	1.1525551882966738	0.33316166418937426	0.8435936682455201	1.5672180943435692	0.3101624385522296	0.6897609970087255	1.617387435298854	0.3700139862251064	0.7055013816743598	1.6058927552875977	0.32271877311547575	0.9480011045019087	1.6289179991080682	0.12169829893388964	0.5577054875132235	0.7838579845818666	0.14022327232930876	0.6402108333339852	1.1494061334811887	0.14901046877978016	0.8558947170732448	1.5663760615412523	0.13376809931737366	0.678266262139817	1.6032439607841744	0.08000229165312807	0.7287836419049798	1.602405930263618	0.18507153964808642	0.9280834489919181	1.623807777644514	0.14119594607442082	0.39761515818568227	0.2452501539468077	0.12880513145473	0.22201594717590553	0.03961964054613873	0.1394041249017152	0.22937707220459955	0.17328953281875828	0.31067276169127006	0.3824294378248351	0.3086431914793749	0.40054534185783586	0.5319006037187418	0.544725490005751	0.4256917831994206	0.5623346903451776	0.7514988785237792	0.3693598546181661	0.520745342883135	0.8481407725172939	0.3986512476878056	0.5393433948817601	0.8702606324560682	0.43027618689947855	0.6126557719413839	0.8623870147738433	0.015916007239993833	0.41587125021680954	0.3352198945889633	0.009178024424293824	0.6103173048641217	0.5893771889263202	0.03610930068592994	0.6452668424678265	0.794815076595968	0.0797020990088731	0.6485489591500673	0.8895271764779212	0.06021342365444947	0.635793547839933	0.896498946927357	0.041506289432675814	0.7488581641372061	0.9058078476857808
71	1.6511627906976745	0.30220478637717496	0.5542323534781759	0.7727175684437968	0.3050035348773262	0.6609774678897883	1.1526977961629543	0.3319630401419277	0.8433710791762384	1.571510268962142	0.31037558218867584	0.6897747631446061	1.6185019262991664	0.3717005803647307	0.704964995084955	1.6059014339621451	0.32268245234230064	0.9480066792731762	1.6289164631334412	0.12147088926854774	0.5581373033785496	0.7837995351882083	0.13975345504947226	0.6401718666709635	1.150584507495664	0.1488548267742564	0.8557209839577777	1.5663553553028424	0.1337862042000473	0.678032641662147	1.603284400897783	0.07990286697943227	0.7282176746422127	1.6022746174550426	0.18356721367643994	0.9289598083574082	1.6241034839102928	0.1405923130533524	0.3971123445663647	0.2454157587777656	0.12843635928650277	0.22197678024378886	0.03897609902752305	0.13938129815925926	0.22936676929766447	0.17336465409267682	0.30938602948215177	0.37905211961442375	0.3090679328684075	0.39842589652318033	0.5240854767599592	0.5450548706650011	0.42356430216141944	0.5631599935475662	0.7517636736219062	0.36900009559197544	0.5209138364598863	0.8484377878912186	0.3942518108777914	0.5375206668973369	0.8701890294336097	0.4267606404284321	0.6066415909210647	0.8617349479362881	0.014474369505608362	0.4187377756072529	0.33298585907306133	0.009450290730528107	0.6108585591025636	0.5886228276206562	0.03647934427189049	0.6379087751731269	0.7886126211809739	0.07982128844111575	0.6473047317071717	0.888320146796379	0.05877326976025476	0.6238171664654047	0.8895685736317327	0.04080255407025603	0.7334128089166043	0.9027677606549009
72	1.6744186046511629	0.3001253136768399	0.553924754100972	0.7737831200594394	0.3026756623552418	0.6603808625620233	1.1528196427206954	0.32977157462320017	0.8434018273801844	1.5741871427629754	0.31090960185633276	0.6902220464461224	1.6198402485598544	0.37517934560560384	0.7035265374100207	1.6060472222550333	0.32264713519583504	0.9480160472342782	1.6289372863197982	0.12038528428496428	0.557421523046039	0.7838889332508739	0.13990293970463263	0.6409918463477	1.1516515824575664	0.14748493410856148	0.8549985054398643	1.566175233994149	0.13377187961111092	0.6779812019228866	1.6030340153260898	0.07984149838989789	0.7276403545514355	1.6021005034851539	0.18069737833829808	0.9299514054137509	1.6244955505630672	0.14149551111683117	0.3970878801237353	0.24539164657388532	0.13026158307723928	0.2220305167834272	0.03784763652778589	0.13940183841920387	0.22945865401210733	0.1733117342737426	0.30924759883174	0.37869704592936226	0.3091880362909077	0.39654264509322795	0.5221146290961148	0.5452604882309009	0.4220125136170049	0.5626657400791713	0.7516717281087484	0.36883703281081076	0.5206825115139312	0.8471045664148739	0.3869021106248392	0.5324596935421948	0.8684401743651937	0.4221132975676461	0.6007174013774105	0.8618638022448117	0.012885939627056453	0.41773250258623523	0.3313767941025142	0.010007401424075666	0.6113264470085166	0.5873890572490953	0.036319629854724186	0.6329104423659605	0.7801028003216365	0.07661869166748776	0.6363833816031123	0.8826626261907072	0.056969208642458136	0.6142943264908023	0.8826191516429481	0.0410748283931769	0.7186813927687916	0.895555304711789
73	1.697674418604651	0.29924591982292004	0.5548233517858587	0.7742556734052481	0.301223651041036	0.6599591877018034	1.1524179083743378	0.3279999790628523	0.8432730410270677	1.5742220516755745	0.3108670489117388	0.6911035788483777	1.6200787905137872	0.3771116443243526	0.7024192447667674	1.60589769437607	0.32260652264034795	0.9480953917325611	1.6289446864819412	0.11813216776976862	0.5571381165793183	0.785367445107469	0.14037580856186355	0.6419135481087292	1.1535522381580194	0.14534879328967684	0.8539729509458696	1.5659097985302866	0.13378891762420736	0.6779117388561549	1.6029028767225795	0.07982471022428025	0.7273353758336689	1.602007292184625	0.17802566996243752	0.9255256626842725	1.6232427924579758	0.1419563071351174	0.39716563938521654	0.2453509030993291	0.13262326210578657	0.22220756045874174	0.03701504821202975	0.13943444514809603	0.22955954562839276	0.17322735515229878	0.3094026340839594	0.3790955787542252	0.30907873467266755	0.39553116436519964	0.5229820396519949	0.5453777971932515	0.42063569445538346	0.5592993133607419	0.7516131739188009	0.3691353918882633	0.520432797637925	0.8457554366418868	0.38062116058687373	0.5286647816777157	0.8661642775938393	0.415747924863824	0.5945948708954695	0.8629451464684414	0.010835584396620466	0.4156365660397182	0.3307618582796315	0.010547864339109078	0.6131847075709331	0.5861381760125963	0.03302421707749518	0.63002801707264	0.7743994213442233	0.07065044933893505	0.6202375441255302	0.8748267801173572	0.05968921146160072	0.6147815142480437	0.8860993985899732	0.04511263167434522	0.7135864010458589	0.8851835466363014
74	1.7209302325581397	0.2994110407043381	0.5552097876766287	0.7754190809712374	0.3011486651713894	0.6600637528147698	1.1518037049477197	0.32753827082696696	0.8433364394832872	1.574117047490748	0.30908882102201873	0.690377766338432	1.6186213187236462	0.3758366552312534	0.6986205941520648	1.604662245952984	0.3226332110250234	0.9480704855478228	1.6289294700750712	0.11565315738037454	0.5567349939065518	0.7882301414122814	0.14062626623873303	0.6428551490876863	1.1574039320085006	0.144045300345628	0.8533253236320166	1.5658040143627472	0.133783232221238	0.6778259766344403	1.6027312329123882	0.07983479957554532	0.7273914954059358	1.60203982663056	0.17636329383023816	0.9156750909167225	1.6202864326351571	0.14184707609816086	0.3971495518282482	0.24534251146758668	0.13451945182075561	0.22249060349165672	0.03676858655058991	0.1393875877963469	0.22960541609260537	0.17314932601203759	0.3094461430602987	0.37922305907871	0.3091975071998209	0.3955003748813021	0.523425327401909	0.545463009676588	0.4185592180477568	0.5533671197084475	0.7515258135820893	0.3691131196433146	0.5191723361643752	0.8454672084739565	0.37773061806344355	0.5276950668783378	0.8648975153172129	0.4100875067858068	0.5884528564955479	0.8640995319482118	0.009516606515056033	0.4146868649561843	0.3308308063151411	0.010920159471552643	0.6155242297917062	0.5849648645412853	0.028734640106572576	0.6265226864398449	0.7722158627051093	0.06587301859923371	0.6166570751445716	0.8725313107036519	0.06508441943463382	0.6264512591414695	0.8951641252710636	0.047814754854116945	0.7152562926984222	0.8778323518428803
75	1.744186046511628	0.3001600188568877	0.5555591257821634	0.7771293336386331	0.3011469370662442	0.6600441647006305	1.1531628824111317	0.3281248951433177	0.8443269895734389	1.576098908381932	0.30668172475112737	0.6855369714551558	1.6162520524447246	0.3731563298296755	0.6921816761735878	1.602678890836946	0.3228182052636071	0.947847315519198	1.6288970473224755	0.11352461133217925	0.5569184713719714	0.7901763738279562	0.13970038075880287	0.643852007800312	1.1612880206805223	0.14396799740982982	0.8531411320838374	1.5658928338241056	0.13366991572401637	0.6779789310069619	1.6028811398829386	0.0798389272006213	0.7276333245388744	1.6021417615742304	0.17521274447059906	0.9080063119992334	1.617968988452109	0.14180090101644044	0.3970922303684337	0.24532684584510694	0.13547313996908203	0.22269848200933695	0.03673958141942811	0.13927818376767373	0.22965248637335542	0.17307521054754726	0.30957917902899074	0.3796729288928994	0.3102391880944188	0.3956859176032035	0.5233062133432321	0.5454424681861161	0.41558800402909235	0.5455889833658891	0.7512530662635103	0.3673035912637978	0.5149051156395911	0.8455573695023939	0.3760686796940111	0.5276197603252664	0.8650721460232015	0.40745622695328476	0.5814221969089235	0.8648054795893274	0.009391380056093558	0.41471693930506537	0.3309301437884972	0.011049675759981736	0.6157288218574071	0.5837677518321537	0.02663530456450385	0.6226657336256322	0.7713441005976371	0.06378567983008641	0.6193175121238278	0.8727110092563123	0.06352242135176095	0.6277777038309075	0.8934434222458806	0.041978463422711776	0.7103874669522773	0.8745272317444677
76	1.7674418604651163	0.30010866338000874	0.5550827853535047	0.7779844110326185	0.3001869819968241	0.6575006875194654	1.1573947695415003	0.32894680785464614	0.8455028043610864	1.5779871819177407	0.3069222110837577	0.680712455472983	1.6153715170620155	0.3716480676811456	0.6880882459165102	1.6015170164782637	0.3228411723296458	0.9482649055864479	1.629016648282494	0.11165031955057005	0.5604099528769466	0.7899487155276744	0.13801281563974516	0.643969514213427	1.1630690532903134	0.14421149465202465	0.8529383718469081	1.5658435127838466	0.13359852414931048	0.6783694883307572	1.6041929582327072	0.07981928632209934	0.7278802803481547	1.6022574805370977	0.1748102190892913	0.9073499325180363	1.6178470214917742	0.14181281524295195	0.39711719349554686	0.24531934478500994	0.13553006157730504	0.22271451935476058	0.036743090340522075	0.13923195062077884	0.22970020155926751	0.1732608516894559	0.30983767445990484	0.38048792435612844	0.3119141114463307	0.3956489774907727	0.5230082582666639	0.5451540372310086	0.4117130841194903	0.5352367479659682	0.7509969381454109	0.36418106952660534	0.51041432379596	0.8454159718545147	0.37425820571932	0.5277902700755507	0.8694452279045253	0.4072183641600991	0.5725827870404447	0.8686173544804574	0.009490346882354077	0.4149833346798061	0.33089575558065937	0.010953627643008241	0.6147452316170547	0.5831687278633191	0.026219572043923323	0.6234458804236385	0.7710243818787651	0.06262354317559063	0.6093863864391094	0.8680693341189596	0.05606917244403784	0.6127750847729159	0.8846340097469341	0.033147012445565546	0.7024848203164689	0.873448676547854
77	1.7906976744186047	0.297514892804091	0.5516427981369221	0.7780784095284621	0.2986994538049657	0.6508048240664015	1.1612090948841227	0.32904070388909556	0.8449970244757454	1.5755137602381588	0.3104313625568096	0.6843457636994099	1.6180653261215256	0.37150041103455084	0.6884497466318396	1.6017680414936573	0.321947355789768	0.9500433595221154	1.629462418009386	0.11021924702600538	0.5667442728571486	0.7894802485733396	0.13739569619282876	0.643171139529623	1.1647075113143137	0.1441526957552131	0.8522967704609035	1.5653740100623268	0.13382612303631297	0.6785750525074257	1.6063356381859153	0.07978302315705668	0.7279955072141936	1.6023233056451127	0.17559541179850122	0.9115831130797204	1.6192950993109978	0.14140885183581167	0.3972859881472867	0.2454336959947938	0.13519269321806032	0.22263243310676967	0.036901125046740174	0.13931069582759725	0.2295071969978496	0.1739393668277338	0.3100183076726348	0.38095949625891157	0.3129673042485772	0.39571487307206193	0.5230584011892506	0.5451987548821142	0.40789295158018035	0.5240753321831721	0.7517268122626599	0.3620039354651516	0.5103096445686806	0.8454054351562346	0.37309694030534385	0.5282477094149276	0.8795753515950391	0.4078473444449936	0.5639921366813939	0.880200262934012	0.009112246469452741	0.4152389270597267	0.33099548362538306	0.010870356578195874	0.6150996038944454	0.5843624442970912	0.026211190952199464	0.6310371903712394	0.7733165198876485	0.06234624565568907	0.5950843122049982	0.8656770901584101	0.05408612310414253	0.6081503078346497	0.8838204953584572	0.030516619679249568	0.7087516074268114	0.877541510165742
78	1.813953488372093	0.29311996522557643	0.545567249804971	0.7788200791128796	0.2983770525377261	0.6425282904480257	1.1619529965489004	0.3292538020526193	0.8430163214615989	1.569959055996503	0.31344490287188287	0.6925044592543187	1.621887541611116	0.3707193626665073	0.6885901438151496	1.6020115149601122	0.3213395531241166	0.9488939542773118	1.629183275911322	0.10932117062099209	0.5718342659412802	0.7908605681988173	0.13745974021808624	0.6453477716286379	1.1688589334842516	0.14385378325230852	0.8524617125158418	1.5654191770409676	0.1334166062923467	0.6789752376956453	1.607870880355502	0.07966472270229495	0.7277225197742975	1.6022596083295735	0.17715709038369967	0.9172390428431042	1.6207810395251625	0.14096433744243508	0.39734559850477513	0.24552273711999867	0.1351463705099894	0.22267153944487278	0.03695872302766376	0.13908672557114815	0.22891469584317437	0.17375487341151163	0.31005653814771306	0.38083699008483796	0.3130141628337599	0.39635789428311796	0.5243537070886141	0.5472860232586498	0.40426006478186444	0.514075254927812	0.7541264528600844	0.358638787446428	0.5057060371285789	0.8463011330094307	0.37161349872476845	0.5257862456791067	0.8905008919304979	0.40836821726515515	0.5573897372944564	0.896440501614906	0.009126115274107345	0.41519484488171604	0.331124176408179	0.01101730453269451	0.6146834183038478	0.5870468362163707	0.02625099384665671	0.6359034499902593	0.7801745618394237	0.06253715611806093	0.5909004507250669	0.8729191184889005	0.05725960667617132	0.6160806125331043	0.890095911006357	0.032238518742671085	0.7187461883314085	0.8869660458069656
79	1.837209302325581	0.2899587474985272	0.5388306895813575	0.780402146240254	0.302275251358571	0.6385792182033225	1.1617631370326604	0.33435867322344054	0.8416493328116519	1.5659762964605162	0.31257177087265464	0.6922865342428652	1.621523007753172	0.36878919591299514	0.6829620646598755	1.6003147516895984	0.32609199608441536	0.937406650786537	1.6259444980971292	0.10784817094530481	0.5746557506747766	0.7934917833439878	0.13521078736847508	0.656754196287642	1.1738654720790174	0.14417937387683788	0.8566638452346658	1.567880026765541	0.1308491153377932	0.6806142618827289	1.6080556071705876	0.07940666465460111	0.7270934428628192	1.6021050724117867	0.17996878873040859	0.9258501960496142	1.621889115982753	0.14305583621764004	0.39685482997000127	0.244735381292366	0.13643086693382034	0.22293779960226165	0.035899619921883105	0.13785409522550474	0.22907562228580253	0.17031740376122348	0.31000624147997324	0.3806043779549171	0.3130253749074841	0.3969110131365215	0.5257379468358866	0.55205095556792	0.3978973966254634	0.5021281851187298	0.7577866038110374	0.34792769119906125	0.48074184646898704	0.8482816580080466	0.36495842985483806	0.5121355396452472	0.8971835313729699	0.40619301692312876	0.5508385510885923	0.909048260131823	0.011459971546584043	0.4144035232416157	0.33022019109781836	0.011650836280425934	0.6089401344673538	0.589009926151452	0.025635248674044923	0.6267610448691341	0.7887252376520765	0.061353802892557804	0.5918451329027024	0.8831579677791175	0.05540632375988401	0.6084456552317535	0.8959381064248875	0.03087921629802969	0.7044172330092151	0.8950285638796497
80	1.8604651162790695	0.28956931027897365	0.5327167467379277	0.782082204070869	0.3122149914453222	0.6422540167496147	1.1630437050169204	0.3478490981212057	0.8413569921452397	1.5633078626344372	0.308775024014938	0.6885612879058616	1.6188584558736245	0.3691653794810117	0.6750953822200657	1.5974233496125878	0.33968042403120335	0.9187026774370899	1.619017727615967	0.10529536940897964	0.5767610941127358	0.795277644131288	0.1301394001449521	0.6757014709367215	1.176035739992843	0.1464811467263216	0.8659295227174796	1.5726531591435717	0.12771248247228867	0.681674831523732	1.606834866416929	0.07949800389471459	0.727843224822404	1.6023560387756595	0.18504434481122478	0.9415881565619535	1.6241343648507707	0.1501265791811344	0.39597926883538026	0.2423191038199988	0.1392149055196284	0.22311801135142664	0.03306452388009536	0.13600627002531218	0.23205753167332083	0.1647369489163841	0.30992041634971795	0.38078958139654384	0.31394829371682276	0.39544817624983764	0.5227623032368556	0.5575472675292515	0.3878788710211894	0.4876886948270055	0.7621643828003963	0.33146924639495473	0.4429414962892796	0.8504239837035641	0.350804486690959	0.48375296217631725	0.9010782535280456	0.3984143461555399	0.5431136852653327	0.9153956538227154	0.015992158230598283	0.41424410485026325	0.3276611423452668	0.01257392698687747	0.5997928172452629	0.5892934339975004	0.024002229831932065	0.6101034609312581	0.7939231467815009	0.05943805317958452	0.5899757912366322	0.8886640409695921	0.04798434128962962	0.5850719883740736	0.8992003806750648	0.024995945928203023	0.6721933822990067	0.897193519930972
81	1.8837209302325584	0.29086487619742796	0.5294479464046763	0.7837510588169472	0.32392391551150995	0.6504628777017922	1.1649913170113	0.36439482444703775	0.8412300330943332	1.5599784372067607	0.3065118445991041	0.6950740887312169	1.6206546765043142	0.3750174766767099	0.677156565456716	1.5977234027607325	0.3574812464116243	0.9042760229693264	1.6099877104381801	0.10299710254257521	0.5765502806742899	0.7952790077904162	0.12558553169424735	0.6907260172642808	1.1762422856667958	0.1505268847854887	0.876628130048539	1.577082476838004	0.1274405413881506	0.6780340643465662	1.6048140823891324	0.08075610551840752	0.7324887330977279	1.6036539678672233	0.19043158668549215	0.9590796054125343	1.627500267738486	0.160021412749231	0.39547468724235674	0.23913700013406186	0.14202790058664164	0.2228004079309583	0.02915334358544061	0.1349201606998012	0.2370825001528818	0.16142268343968974	0.3105594591434253	0.38135607536686045	0.3155897731245073	0.3915542357208722	0.51385584861163	0.5613386451538115	0.3780455086585758	0.476360385389618	0.7666295938001023	0.31873190407162055	0.4180083994781902	0.8516703022334755	0.33547363077068226	0.4532691793700591	0.9047562583234958	0.3863021567878365	0.5353364104168902	0.9179567252077723	0.02005387938586776	0.41785119391244674	0.3252874117261169	0.013139694419677913	0.5956493045973267	0.5889576199839837	0.02139187567480578	0.6011716865399066	0.7949875752529931	0.05791564669945086	0.5844148973956931	0.8893967567506178	0.042840789066231476	0.5705854171121436	0.8995151171013474	0.019567041832884935	0.6508235332956283	0.8960327020658541
82	1.9069767441860463	0.29188256089325476	0.5302797710482126	0.7855827784605869	0.3313132636982248	0.6587588852406729	1.1665185799582503	0.3756836805802154	0.842302198683107	1.5582322763418701	0.30887608262385513	0.7055480322811905	1.625493758278507	0.3843318466536171	0.6946141477670831	1.6041492908998625	0.37156308411313216	0.8985274431530983	1.6019539597258472	0.10211748740627348	0.5712645468126626	0.7943773112418565	0.12373691785485288	0.6961286537988063	1.1786934625954937	0.15371984701691369	0.883402447064618	1.5787870622480586	0.1294947300811125	0.6708997604679721	1.6034623765172897	0.08276934603490951	0.7393816441426224	1.6054554642438288	0.19278951020594584	0.9674499946988369	1.6298416712591173	0.16777694179388183	0.3954430446154255	0.23705741124667265	0.1442383834657539	0.22300346823165867	0.025219301028586622	0.1348792640933601	0.24034154733106258	0.16150563556239914	0.31320142215694324	0.3818652427503315	0.3171443143301562	0.3877949243700749	0.5049024063035426	0.5628040461853951	0.37141131535128	0.47070008517832945	0.770110677723292	0.31332210761201257	0.4126783261063642	0.8517776601634104	0.32681057749767195	0.436349332741357	0.9073497231338226	0.37529457539163324	0.528910876054808	0.9187021771832025	0.022754231188473615	0.42427981574312423	0.32481314551766255	0.014065868329276279	0.598776436036581	0.5887165511818664	0.01856590646069497	0.6008621140441155	0.7945382827059843	0.05605063108285513	0.5768034304146674	0.8884305402795283	0.042047899625964585	0.5680190392154105	0.8983851602993371	0.01794907149592688	0.6437398528125416	0.895351685651663
83	1.930232558139535	0.2916308965075505	0.5329681506690167	0.78708565252365	0.3350214355706569	0.6659972013898077	1.1675393065087118	0.3812748470173941	0.8468661877619954	1.5598642740542528	0.3139087705364488	0.7086176687521972	1.6277527363016584	0.3931890795735067	0.7193184435505332	1.6133533937335192	0.3797699694648152	0.9021024233217085	1.5985443227451979	0.10281616030316532	0.5638110689098512	0.7939100906661678	0.12329718728926094	0.6967137488644386	1.1822561236823905	0.1546321089167541	0.8854179616041493	1.577645463768084	0.13067935326713787	0.6665641342828734	1.603363133172291	0.08397653335892363	0.7436201945612699	1.6067955712502455	0.1926324513222252	0.9685912190918757	1.6316620464296034	0.17201938266387357	0.39511351030545294	0.23648120460278943	0.14707745525928273	0.22583162865186104	0.021883803589423358	0.1350294535669608	0.24055636789302595	0.162150509688474	0.3172272983677109	0.38210208096108994	0.31830397991748566	0.38640626839981285	0.5005707065382388	0.5629829714231643	0.3680089399677839	0.46877412043477995	0.772009064235649	0.3112985068495514	0.4153049913577067	0.8515617608887106	0.3252954771388031	0.43296331424496093	0.9085075031184853	0.36979546072928743	0.5255028205785843	0.9188482223012588	0.02536289290578514	0.4279012742081412	0.32430972926706236	0.016926775895865644	0.6000723431545261	0.5885718423558338	0.01761378076440364	0.5992243329221953	0.7941880995912942	0.05353904922111762	0.5691872301580692	0.8876330381155139	0.041769601414928234	0.5611559516255955	0.8979760118716538	0.018397576753069106	0.6373508136298326	0.8956797648054077
84	1.9534883720930232	0.2912128153204459	0.5342063805902906	0.7868383618555688	0.3387009259429101	0.6724179782062781	1.1677156137465117	0.38511005696053935	0.8533689158284021	1.5621264674638649	0.3181778320173657	0.7071145498645974	1.6274059253491835	0.39964527036392483	0.737319092399636	1.6189148522816152	0.3850592652998499	0.9135752138327936	1.5999247559288723	0.104276817262867	0.560226904661428	0.7937934778226963	0.1228761112311076	0.6948594212318338	1.181176896018657	0.1552158540965862	0.8897200798499243	1.5766087711867873	0.1304599836006594	0.666576148990986	1.6036418457136845	0.08384701224847013	0.7444957897802738	1.6082897045392301	0.19324204035613993	0.9728476110201432	1.6345657485915484	0.1749045473874081	0.3933663248788375	0.23595628730820345	0.15078952379402616	0.23050715749066178	0.019760207033345016	0.13503154860087305	0.23995274187832305	0.16184586697149145	0.32034299919764875	0.3821144010291741	0.31908555156518126	0.38664522548973707	0.49738601530265775	0.56298779244544	0.36694543196160223	0.46890099901764004	0.7728002191812708	0.309107662947878	0.4207174209793891	0.853210790137209	0.32585522598390404	0.4350579614681343	0.9106165758681902	0.36874598190285457	0.5250354013379886	0.9192200531007403	0.027590501757761107	0.4268896134654194	0.3216761072138661	0.02112979467907207	0.5923869496988841	0.5885726014719758	0.019183109734585816	0.5924142661328862	0.7938740718749495	0.05158746234596808	0.5634171134666808	0.8873471733006262	0.04068808277588968	0.5485503113696758	0.8987765704037893	0.018126668148064594	0.6300537531775867	0.8968320802908858
85	1.976744186046512	0.29313913191520824	0.5312171093576871	0.7841169455485086	0.34302559456656057	0.679957148265625	1.1677007548827618	0.3877135776746985	0.8568302104617141	1.562523254763502	0.3205513224246742	0.7057870294501042	1.6267779805397042	0.4032152340885481	0.740566356073662	1.6190856505696058	0.3890606480985803	0.9227939879680775	1.6019944996228521	0.10590861651683456	0.5592699261359194	0.791787342404161	0.12341986650510715	0.6877858500950277	1.174235716049165	0.15743023598460448	0.9011738667451206	1.578923600981108	0.1302231469596357	0.6674050068195699	1.6035673350792288	0.08326993113999374	0.7449154735302289	1.6104116868657432	0.19538117974005179	0.9808558468290032	1.63700658168261	0.17772831844649079	0.3890494711696358	0.23470663460289573	0.15384814230615018	0.23397480586253466	0.018940759495664154	0.1350642267827434	0.2397734231290389	0.1611679805418163	0.32202440673167704	0.3821450556670526	0.3194465519073105	0.38671701403374664	0.49217034440517005	0.5630382679037228	0.36666599179372084	0.47023649316363564	0.7737500229491387	0.30575706860660623	0.427527477635293	0.858215205401241	0.3241943765564611	0.440019650542939	0.9147280973916896	0.3678817288349513	0.525315621834834	0.9202329505587474	0.028779624026738924	0.42656429867958057	0.31836194589524186	0.024370395774121457	0.5802174250980202	0.5883880854737668	0.021751958036031	0.5823783946260871	0.7931695912827362	0.05196294191912108	0.5606137687795044	0.8874818625966786	0.04034136411445455	0.5440037679498779	0.9009695616719903	0.018081327418582382	0.6257035988079295	0.8988538849354029
86	2.0	0.2982365011898268	0.5235461119103421	0.7792399738785241	0.34766091747902944	0.6912122891948459	1.1689114251951083	0.38828661292758504	0.8561257791350423	1.5616628248369813	0.32094563528998876	0.7056356325807115	1.6263749798265765	0.40424344426027337	0.7363327088908199	1.61801889725928	0.39189125262428853	0.9226864133683685	1.6022209062830082	0.10899629014324291	0.5540571673077441	0.7862002490197048	0.1259299031067702	0.6778055636190666	1.166173963458462	0.1606090166624663	0.9134625383245686	1.5833842671831957	0.13042900785330558	0.6672861430781526	1.603643012288246	0.08302178546454941	0.7457494805052168	1.6119191133741129	0.1969661641176187	0.985813303110069	1.637887744406873	0.18069829711361288	0.38320965750819536	0.2337262469741539	0.155779702958556	0.2365959341678902	0.018431134541777264	0.1349948083996379	0.23933644288156136	0.15985412260686313	0.3234655920669275	0.3825032503011254	0.31982478084236876	0.38613082298599233	0.48774293354227977	0.5629935793110712	0.36574500181717723	0.47219029472579155	0.7756662522697113	0.30151792915415615	0.42963620185339785	0.8643761555389617	0.3205307974259826	0.4465193630610399	0.9186392518502533	0.3658391388159561	0.525380188269755	0.9214185881712732	0.03030735417294881	0.4329571415542812	0.31621074639487534	0.02660427088486001	0.5696762431695102	0.5872665288969173	0.024238967063962863	0.5704556417480058	0.7923147040707641	0.05479962865437458	0.5599627961689158	0.8875671148420192	0.0412474092329918	0.5501522524948987	0.9041112442400773	0.020837035512729224	0.6202269127832064	0.900324109024065
87	2.0232558139534884	0.3046306448455326	0.5160684046237178	0.7722540725938203	0.3516306270675713	0.7013211598062364	1.1707483747145269	0.38818848974096637	0.8563643126601764	1.561459372067446	0.3204515150506487	0.7089047987709923	1.6260929301881926	0.4033669171870295	0.7362331014830134	1.6186267366281	0.39456165714800706	0.9214408216954676	1.6027797940293	0.11381043037772215	0.5449271849920814	0.7796474935720199	0.1291246896479456	0.6716771966954062	1.1613048149335357	0.16263880881072754	0.9191475733767951	1.5859461572110147	0.13071819102782212	0.6666347828803802	1.6048578101463251	0.0830979871895216	0.7462354052113075	1.6121684925419058	0.19707199131388847	0.9866752513479367	1.6386756527242752	0.18442937713110946	0.37924812971989885	0.2336150269641746	0.15835750288034317	0.24198409412674296	0.0170704983913251	0.13462889483941906	0.23847168386549739	0.1573318013972727	0.3254909434853503	0.3832354963002586	0.32066596371728157	0.38634019740571535	0.4883985362641875	0.56292515566225	0.363557313473153	0.4729460942413313	0.7780899348744852	0.2966138003779212	0.42650623503830326	0.8685527825084636	0.3172583900280832	0.45017373340417177	0.9204389780107934	0.3646171800393525	0.5259933066411209	0.9215934086037747	0.033324659110405996	0.4450096341279475	0.3148994147890156	0.03093323665734902	0.5619001157031898	0.5853977702578753	0.02702084445139743	0.560868048247106	0.7927305027126768	0.05808474698148696	0.5596796039620807	0.887158518240887	0.04247474008497844	0.5567787972916847	0.9064607439891432	0.025025021844409696	0.611226976175655	0.8997676948876134
88	2.046511627906977	0.3114207138998586	0.514010827206585	0.765347301977777	0.35386584369677576	0.7016768769282167	1.1717177520601285	0.38924789927399844	0.8631265613696346	1.5648119670467056	0.3207549852652889	0.7151633698432147	1.6260860165673745	0.4019593260911356	0.7397564804863297	1.6201319309303046	0.39694624045926297	0.93294570435981	1.607217500896616	0.11888181603074809	0.5393433591928214	0.7771137554491524	0.13189555343747433	0.6706668746443304	1.1602000858071126	0.16284445529779046	0.9199423912183347	1.5856300710778064	0.13077754090252142	0.6659024832085787	1.6064194131135758	0.08321548232364342	0.7462721198222229	1.6119260271499338	0.19665323338543284	0.9869868294084071	1.6396824179701643	0.18957213487079277	0.378312505853787	0.23360004109650495	0.16375553036654797	0.25202597207121674	0.014484598528084315	0.1346845677786263	0.2380058385553973	0.15491734962894066	0.329005698534663	0.38425431522928083	0.3208962712686372	0.3896117441296537	0.49548849266782385	0.5628968664809868	0.3594160196852797	0.4698034175440712	0.7800442264021652	0.28969714873375346	0.42578439989917344	0.8715587212310574	0.3130276447193978	0.44955252935896584	0.9205762285663168	0.36401018643485394	0.5256804954562867	0.9211002513356538	0.03798702647373432	0.4564501801093648	0.31365028908400566	0.03910254190036257	0.5577307279794633	0.5840662417275139	0.03181691309019196	0.5571500222301675	0.7952139137298003	0.06072275578608958	0.558709994621235	0.8866332693347169	0.04338631295665932	0.5577892894133041	0.9072181059777913	0.02880380710780978	0.6018844086516375	0.8983101066132924
89	2.069767441860465	0.31920947922900833	0.5154395091983297	0.7619233258030009	0.3558075305271964	0.6947399901123593	1.1720453193360314	0.3906869015656958	0.8747118537839654	1.5727652013157614	0.32199537539687323	0.7199798166885643	1.626315715796362	0.401660829300578	0.7418131839913857	1.6222078306306644	0.39710725149140247	0.9562333873714854	1.6154149319150632	0.12480478861877775	0.5394804565112363	0.7789754921916416	0.13568069758049084	0.6713508131743595	1.1617902656660823	0.16370935582206936	0.9210688456259541	1.5848674302538253	0.13096334283977867	0.6663911170023267	1.6065705210950996	0.08329934443984445	0.7462065985785202	1.6117507290442932	0.195972605115671	0.9879029641575634	1.6401303825260025	0.1955513394736658	0.37861105242830306	0.2333616785571247	0.17182043431494132	0.26296146025980516	0.011629068685477832	0.13643121256236765	0.23833307775536225	0.1539798362622447	0.3350194158586673	0.3853153543759231	0.31940703847062646	0.3955799349599397	0.5039671156094755	0.5628101037323404	0.35374694369144094	0.46387440714153855	0.780957751549931	0.2791846926350196	0.43190519039790687	0.8755046074323483	0.3042585896586935	0.4474457198221726	0.9200044021174513	0.35999461122418336	0.5181378348838686	0.920863278192976	0.044105713924995	0.46347665321352294	0.31248224644019273	0.04798064846911101	0.5554832308353541	0.5838003823958554	0.03866564532741106	0.5546355820577497	0.7980883632513378	0.06338420163477217	0.5570631841128472	0.8865454837134678	0.04534040064520216	0.5538490363690045	0.9067648029513158	0.03426898398169107	0.5902344345200463	0.8982934786261509
90	2.0930232558139537	0.3266930131733574	0.5159478055786471	0.7612902605699662	0.35854469832001923	0.6902417578191548	1.1722033366143054	0.3895159754862854	0.8817954544236962	1.5804680527447832	0.3239431190489546	0.7219265919744446	1.626506727743623	0.4022066395343128	0.7424062181194133	1.6247372218840306	0.3937412006880985	0.9724757832361388	1.6222685080831152	0.13217797504533546	0.541073654166435	0.7808362404475362	0.14163264554926613	0.6717122581597843	1.1641191661246202	0.16669178029280923	0.92349624222712	1.5850002141880637	0.13210105446302123	0.6705027960343855	1.6061719021359506	0.08340570562551164	0.7462035637944325	1.6116377255005552	0.19519210812182952	0.9890372194591805	1.6403175672456247	0.20042602709145077	0.3788190012212179	0.2335358614345145	0.17960735898752295	0.26854216362301525	0.010075592733129704	0.14039550945871673	0.23893033087655746	0.15352042426845455	0.342913790205708	0.38639856050816346	0.3179886957411703	0.40102517098141804	0.5072747384529691	0.5626530078630074	0.3493091967577529	0.4598223722431739	0.7811378012789558	0.2687715169367977	0.443803153307537	0.8779215110679071	0.29307624358046075	0.4454662379162729	0.918868781096276	0.35102715426966463	0.49994064653449344	0.9201275347767903	0.049365033615311686	0.46560327907726684	0.31181231470100323	0.05329598649567181	0.5514757925818506	0.5836081142487657	0.044252826950362964	0.5493647423644412	0.7987056385201292	0.06640943977351833	0.5578569333790038	0.8865699242060111	0.04943251081514288	0.5487177843857691	0.9048265403124197	0.04062821729824975	0.577291252195785	0.8987894506376094
91	2.116279069767442	0.33188462250011863	0.5155328788792276	0.7616239500426499	0.3608321938924721	0.6889514038706975	1.1712456764476007	0.3852211674834114	0.8782397738488309	1.5819646809031698	0.3255609702708744	0.7214968677842325	1.6265142903432661	0.4024415774980377	0.7427035490619225	1.6262679769445616	0.38792639926854905	0.972226788009227	1.6238218480993798	0.1384363275096394	0.5419801999077373	0.7816130446358718	0.14780105910089647	0.6718283602169106	1.1641794032529476	0.169257154265972	0.925699931948762	1.585426923128712	0.13386210425824288	0.677376045036009	1.6066267436511898	0.08350959033979141	0.7462293738255942	1.611555218610492	0.19613332293009073	0.9902037050690988	1.6408032522543006	0.2030937730161178	0.37780402516972805	0.23402370495230002	0.18550129885156574	0.26992098333032655	0.009652874748178431	0.14671385109849142	0.23922461891259492	0.15213677837092907	0.35070411773007176	0.38791652769698276	0.31921013747343074	0.4045952608939932	0.5053386528482795	0.5625755724063605	0.3479428692310561	0.4591811102996566	0.78112415245109	0.2652698857359967	0.4566525948230177	0.8746093959577029	0.2852951714307298	0.44293509838362494	0.9168081494925553	0.3412297458905507	0.47777334901800605	0.9180869167525019	0.051776391662977206	0.4645610347970215	0.3115366230367853	0.05551265904783588	0.548205707577476	0.582313304720934	0.0467664670420864	0.5448839178474729	0.7956356472922554	0.07022724482428266	0.5618245436563643	0.8850639993453622	0.05354348743843223	0.5450619544179165	0.9009533612715539	0.04325451275428036	0.5703735272503296	0.8960688903410975
92	2.13953488372093	0.33539669589969034	0.51578205053133	0.7643938430376621	0.36228596963407705	0.684391921584059	1.1684697923484495	0.38128378331409085	0.8691745527638444	1.5786981178092683	0.3242654954438636	0.7166472530197276	1.6263522693017975	0.4022678197694538	0.7430098824250244	1.6264764481983562	0.3833805736060901	0.9711495024820368	1.6227725847684407	0.141690199264318	0.5433657269597377	0.7842003058789392	0.15134337412743168	0.6724558128590851	1.1616601521352274	0.16971171187481998	0.9265623357427363	1.5854406715428542	0.13485103396178724	0.6807632282894425	1.6063445834999568	0.08354542453690482	0.7462769130563962	1.6115462467833668	0.19919970615799887	0.9909054688278669	1.6415213818597718	0.20493970856590107	0.37409768647587593	0.23380721682388872	0.19090210179293704	0.272759973792303	0.008900361176055386	0.1544819078570067	0.23929787430189706	0.15034925631132906	0.35744235947353065	0.3878368778559428	0.3219622936474435	0.4077977363392238	0.5017423922657596	0.5625539934410698	0.348376311046687	0.45984422665188884	0.7806736020128113	0.26735429377640946	0.4633880409079252	0.8676145375576236	0.2816819253492483	0.4409601472139059	0.9135634586447867	0.3345382601153742	0.46038498483652357	0.915247006146851	0.053671760963224555	0.46488009878059805	0.3108996208397508	0.057825192172667156	0.5496952329268985	0.5802780328243132	0.04759420645767912	0.5435949405696147	0.7901924603803199	0.07571096758195173	0.5573906257727724	0.8805842396335388	0.05604861882406955	0.5388717780237322	0.895840628938098	0.04299753871377819	0.5678613930759757	0.8899267243839433
93	2.1627906976744184	0.33883322426449797	0.5158544989229504	0.7695214949034105	0.36337790127514535	0.6765191072713707	1.1644584174055215	0.3803986470495137	0.8638665168998751	1.577000685482783	0.32045629109524393	0.7086240996314451	1.6261132670525873	0.40208237439301586	0.7436904555329621	1.626484202930845	0.3831176390164563	0.9804899534115431	1.6232280485864228	0.14299619040038938	0.5456919576814488	0.7884530390033099	0.15231643871075826	0.672370222079346	1.1591497907276058	0.16945089024860688	0.9242850802631977	1.5845442722688978	0.13454232479915335	0.6764561018433688	1.604480772832502	0.08352324262119397	0.7463958744255746	1.6116013496539225	0.20173153281669665	0.9909165734434221	1.641324962044326	0.20800030024312455	0.3689985315495526	0.2331620186516305	0.19674107988452555	0.2733182641107126	0.008452045124968104	0.16109490530747034	0.23947526238897004	0.14963094358706264	0.3634010610507816	0.3820968629746183	0.3230187455783561	0.4109156410128575	0.4995773714160283	0.5623885877367771	0.34845598392501853	0.4596524222578739	0.7796717566397077	0.2667688566224139	0.46331657707834706	0.8631613102810853	0.2796655107434718	0.4423309881554709	0.9099207957515717	0.33133087604336825	0.45108472361471597	0.9131739086739965	0.05823719644478746	0.46963537757779095	0.30979616206358124	0.06041818945882124	0.5528620651652575	0.579041516767925	0.04830661324059551	0.5425603301985169	0.7865027405272941	0.08224606030550304	0.5347288465354163	0.8752122393065407	0.05884172186231016	0.5258455442237285	0.8916335526138947	0.04453192342035048	0.5658794548627246	0.8856437737267728
94	2.186046511627907	0.3418283472509856	0.5143048733918909	0.7729084588120372	0.3637383495233834	0.6711393106350054	1.1601868670818998	0.381384776367901	0.8642124817569047	1.5782610925372418	0.3177642600937767	0.7034748480980522	1.6259598930257362	0.40236007393397044	0.7430813125961456	1.626242653810905	0.38438197004934765	0.983391471596774	1.6247573700866227	0.1438116464466917	0.5476666199619014	0.7907902517089798	0.15322391421847192	0.6684938765746414	1.1571105402571402	0.16955824567796302	0.9174658755486254	1.5829552764944053	0.1334962358222236	0.669900380506662	1.6036690882274791	0.08350021741509583	0.7465492729809282	1.6116454640025053	0.20228291801433962	0.9905460072203853	1.6384434848007798	0.21231448692847804	0.365983330511808	0.2338508269404599	0.20324726722633088	0.2629046306655992	0.01048908999773879	0.16574262062407857	0.23964736415745339	0.1502846165564454	0.3692837197392184	0.3731655069364336	0.3221840236932235	0.4127414480166228	0.49764101275359207	0.5623464672544333	0.3471996514203683	0.45580721798539436	0.7791469362746644	0.26097430170398483	0.46186937935744665	0.8627635310547648	0.27862496341964865	0.4458388971961832	0.9075264071714215	0.33061967259296177	0.44916225030186485	0.913219117175037	0.06545944645391782	0.47399140236026627	0.3091384811368255	0.06188438976751846	0.5538032358763316	0.5790877814521108	0.0499192121601701	0.5387047365149004	0.7870289260347412	0.08819187517641586	0.5069487369558677	0.8733260990384435	0.06410768858906314	0.5099530917676899	0.8912790402530771	0.04817416495790354	0.5664847212252425	0.8877273359370983
95	2.2093023255813957	0.3434846944002974	0.512032307303777	0.772020014413435	0.3634721230922306	0.669860683815247	1.1569469987940355	0.38202652682271987	0.8656681630137649	1.5791990166000414	0.3173279761217211	0.7031234075496304	1.6259512023853533	0.40342546931632073	0.738037987091731	1.6247403073468183	0.3817722764873569	0.9664191328037137	1.6253427739017987	0.14494828339816063	0.5464508746598009	0.7888419366685516	0.15542848708150905	0.6603676752116485	1.1544781198435314	0.1691897585411728	0.9072013311317848	1.5810012314414563	0.13269973495191711	0.6701007970163053	1.6054564238403408	0.08348922370225632	0.746636810680221	1.6116498614602501	0.20178813587066324	0.9900267929217124	1.6336501087407518	0.21619240826693625	0.3654021337282436	0.2359873844384789	0.2106364207224108	0.2459180158395571	0.014289429251062084	0.1699992630554461	0.23965790118649577	0.15114523211977257	0.3764047932152852	0.369630735607171	0.3214994730306666	0.4139830247360783	0.4884567393542072	0.5628955081764746	0.34545074272051085	0.44669289257058203	0.7790717899242304	0.2547045389613235	0.4622286699397286	0.8636916137871657	0.2781513763332217	0.44689498580677384	0.9069748941594908	0.3304961421769317	0.44927398928617374	0.9137802604959716	0.07377798996902879	0.46846687121055	0.30932507733337755	0.06342807297809633	0.5534772236408501	0.5791766981385109	0.05200605612634073	0.5332776433363762	0.789081230518468	0.09346155083837678	0.494480699452277	0.8755530360880921	0.071685125743435	0.4983054194787723	0.8953812148130939	0.0510191632756132	0.5688483624454452	0.893744737305135
96	2.232558139534884	0.3445838345321679	0.50911293339698	0.7684946854441822	0.3633438440496207	0.6700523827471423	1.1557208717206802	0.38201067793320487	0.8653406137310427	1.579070890312839	0.31802291317006126	0.7040169291019867	1.6258832846072062	0.40399684513011813	0.7301450458307064	1.6225595282680028	0.3763249559255523	0.945569162896464	1.6248380933953595	0.14643294714198984	0.5397311053219256	0.7837931791556356	0.15817309140511462	0.6503094413975439	1.1513917131275377	0.16724125165098397	0.8989734269634031	1.5785697052743723	0.13282739322394127	0.6764528815260729	1.60768178204793	0.08347073343210598	0.7466143051176997	1.6116486992237156	0.20114312085215594	0.9893320339842069	1.6306952371245975	0.2190160222216886	0.36499508397614006	0.23758336051649326	0.21802776585939648	0.23565320904927792	0.016574799174800675	0.17487647623816038	0.2396042174078809	0.1514797417951942	0.3845782254589849	0.3727348231981662	0.32122023969750424	0.4161868089136483	0.4694356906637642	0.5638604845774836	0.34478577598626564	0.43521656660723823	0.7776316196357648	0.2520582616489191	0.46333129627619074	0.8642540553104694	0.27710499486658646	0.44244215126387015	0.9060731805267992	0.3289719439247218	0.4447589804205607	0.9118998347393253	0.0826070436260842	0.4505497105683519	0.30969651923690805	0.06689320900325693	0.5533801953592861	0.5782001944337943	0.053489431805892676	0.5291093119560091	0.7894751422974895	0.10008002426660981	0.49792644837667754	0.8779497514560717	0.07996588686102238	0.49302933910099833	0.8996239543675268	0.0521300244654028	0.5710849003401953	0.8981962344737255
97	2.255813953488372	0.34580780068991945	0.5042000652301396	0.7650910127124778	0.363691051893519	0.6687527889232249	1.1556296717525012	0.38196931047443405	0.8640121285158652	1.5791311679635294	0.3197948485609769	0.7037168426688873	1.625569602184584	0.4017420162823486	0.7252889328662416	1.6213390443527418	0.3734561823149095	0.9376735199426081	1.6242316540185282	0.14757244671592845	0.531705641217305	0.7797062725495238	0.16002962936452667	0.6413954314398249	1.1485359450783097	0.1645756461546463	0.8984394152316454	1.576744538692181	0.13335051563618697	0.6810397616278117	1.608742904085997	0.08343159741317663	0.7464949928954439	1.6116552811273164	0.20058394543247313	0.9889608220167371	1.632053575924088	0.22338392976895838	0.3655082590413638	0.23750158074679295	0.22536901644165494	0.23394465646472	0.017041772112463265	0.18240235790395434	0.2391382794357535	0.1515959745989751	0.39185402561884053	0.3756793879097401	0.3208117174946956	0.4195081759775039	0.4505989882731677	0.564639928274069	0.3459605587699036	0.42534344078354236	0.7746330835713039	0.25276042546327077	0.45842099021523536	0.8628688084356334	0.2754261291278576	0.4331856784345715	0.901034185681698	0.3258552087397859	0.43737768944597566	0.9081188817619192	0.09173989019236768	0.42790390905022885	0.3099412717611301	0.07135351167543577	0.5526371988527106	0.5773958245564467	0.05647157872225269	0.5244970820484671	0.7891122208635255	0.10991314300525942	0.5036177194224857	0.8780809564091372	0.08867827451186651	0.49073820992928485	0.9008880504121515	0.05478831152759678	0.5767891805631936	0.9013412783457075
98	2.2790697674418605	0.3467534139283843	0.5005407061356367	0.76270339608476	0.36457492479878595	0.6635441412489596	1.155062622334242	0.3819989067874522	0.8634246750953805	1.579928368066379	0.32203951190120117	0.7027418141238913	1.6255451611770553	0.3971780887414179	0.7252133895591226	1.6215230595896197	0.3735805446667695	0.9388068469160964	1.6246155099475603	0.14878191329141482	0.5316885879224422	0.7786954493027614	0.1602755102173258	0.6369799054805487	1.1477944726576872	0.16311808503154174	0.9004496236476076	1.5760859615043323	0.13341172655120462	0.6811734236151473	1.6092283421499634	0.08336233427696879	0.7463723308365579	1.6117413019118787	0.19910765088565766	0.9905064694182623	1.6368679520281557	0.23225672407617393	0.3692571302912593	0.23642907896153542	0.2332253392407721	0.23269708276961865	0.017711975204740722	0.19422591639487702	0.23777285882560634	0.15131220885352648	0.39797223566009515	0.37563625299114967	0.3212792212929851	0.4241027719739641	0.44174859114620824	0.5646127663757476	0.34891052008944395	0.4189604835222526	0.7714041192575348	0.25259360296572375	0.4394398562765761	0.8572296309011436	0.2726970796693239	0.42120526226709953	0.8907835329487139	0.3207867026295982	0.4348625426298689	0.9049871676903574	0.09996502763913179	0.4111289419577361	0.3102708447202497	0.07481157662539842	0.5493580940501205	0.5791335642900903	0.06392931008420018	0.5166698853413606	0.789753427932544	0.12190876182580078	0.5043023427070443	0.8775721174670537	0.100159860650091	0.48811784817644943	0.9023273506166458	0.06329854625328689	0.5917860059185306	0.9070213903827642
99	2.302325581395349	0.348035347653895	0.5026831274866574	0.7605679968162593	0.365587254441757	0.6563193462089273	1.1540026237744436	0.38203619248132065	0.8638501896363442	1.5811383176882123	0.32298916510767306	0.7020957506958229	1.6267343340708253	0.3941739352092663	0.7266284933044866	1.6228278768195878	0.3736662846496571	0.9421296044655331	1.6271585861478743	0.15177643138220615	0.5424913941611983	0.778712829376874	0.15997529983769976	0.6373085140610422	1.1497701718516558	0.1629914143982259	0.8965084619254656	1.5751430234276107	0.13310941950315539	0.6797903083786838	1.6090576503286114	0.08328649565325404	0.7464290502396228	1.6120753002999706	0.19612577620662408	0.9940716201956558	1.641981449981731	0.24440364538810716	0.373903305900064	0.2356948770895577	0.24063520268818583	0.22975679640547914	0.017900330913411464	0.20616926246372214	0.23604313277011987	0.14989491035515817	0.40421262426042526	0.37492666392829765	0.3238345830532231	0.429787492954804	0.44016269342941755	0.5646840507426416	0.3515454174568598	0.4154354845181211	0.7682700502819239	0.24796836811476516	0.41070178777917726	0.8480828305327222	0.2673740264136258	0.4048301926871629	0.8790569971887318	0.3124649905557957	0.4372551272126587	0.9018957371809166	0.10639990031276188	0.4052495883248565	0.31028414722455294	0.07686975614527666	0.5448484552456143	0.5831028566650565	0.07496789038637428	0.5087325304828157	0.7914367825076083	0.1328552223667912	0.503908119437982	0.8780219610745346	0.11599520169799447	0.48750298278010923	0.9060978756782209	0.07600821137069504	0.6150857209808368	0.9151377014099343
100	2.3255813953488373	0.3509538369982774	0.5083090539370494	0.7589400960786518	0.3664814589307615	0.6507436789322795	1.1528155182375164	0.38234876306507243	0.8639472258863958	1.5809487700853362	0.32263931589289707	0.7018393521576607	1.6287411300509729	0.3947778245537009	0.7256268418964322	1.6241345508181406	0.37355498506753526	0.9476126536825056	1.6315340071050632	0.15716078154109517	0.555942094507935	0.7788125495637812	0.16098712200184415	0.6390925542896339	1.150221232416829	0.16298230246635192	0.890668406823639	1.5735473893940393	0.1330991956362058	0.6790754116893353	1.608259318236502	0.08325308423883254	0.7465275264786174	1.6122166520074712	0.19393610553812893	0.9951663962786446	1.6435580261041933	0.2561705995712231	0.3761352519003065	0.23568533992086957	0.24758576037699925	0.23027476934837998	0.016291148320738434	0.21381305602083728	0.23501129691475126	0.14746570069024462	0.4107195191554485	0.37505394560624034	0.3274553239199731	0.4349456248223795	0.4389436636962867	0.5673650217735715	0.3502517227346344	0.4100413619759113	0.7650265376683848	0.24180020123715285	0.38702317853848023	0.8399174291522898	0.2595542086239352	0.38553716905088686	0.8697517031566131	0.3022846944551698	0.4368834066787195	0.8963529982083603	0.11119842530059021	0.4055543595332773	0.31004791868436865	0.07814651334336667	0.5437209244512871	0.5863719804566012	0.08790665064191866	0.5051584618655751	0.7938022808225675	0.14202032593981742	0.507125154517721	0.8788352365691878	0.13308609014100092	0.4926250675578936	0.9100368607797824	0.08738991838170934	0.6334192350947514	0.9224832392235327
101	2.3488372093023258	0.35536968834661553	0.511860039731531	0.7589090129064924	0.3682346040111079	0.6447208643345601	1.1503498520936748	0.38300872179259593	0.8631775211857124	1.5789287829911847	0.3224611750030896	0.7017330397156841	1.6296813364629943	0.3975829762178057	0.7211563690352794	1.623789924800175	0.37429924162616357	0.9512129426812528	1.6336270250345186	0.16299839131301963	0.561703733299113	0.780204571091529	0.16346318231977638	0.6399422513026478	1.1466065207324148	0.1631307352839187	0.8912224301189682	1.5725975501656744	0.1331193513993922	0.6790715025228703	1.6078012916689364	0.08324325018763473	0.7459233025583407	1.6107190201679202	0.1946110890377885	0.9888533571352112	1.6399999878796394	0.2653943387570874	0.377351921111514	0.23550178459946258	0.25463015514890347	0.23693370328945307	0.014100126201253404	0.21935078589452273	0.23479419587773603	0.14509445724937145	0.4165128350631842	0.3757488273065041	0.32928755708835855	0.4381731572787636	0.43750978455053763	0.5723529255169919	0.3450030021672498	0.40093297393407135	0.761826745726367	0.23937369076250514	0.3760066530863775	0.8359675882350793	0.25131906067924553	0.37328567956032366	0.8625891306102988	0.29327299332944834	0.43084799522772116	0.8886157222798957	0.11444545396618852	0.40467377205551003	0.3108951464249295	0.08036108018571751	0.5442412242296121	0.5870566965826676	0.10205614887043525	0.5041331436191657	0.7958367618817961	0.1509158127258896	0.5112115753189874	0.8790775759750744	0.14615062011353358	0.5006239863971657	0.9129398983295008	0.09720560077038844	0.6298901154122885	0.9253558711866396
102	2.372093023255814	0.3605520970348988	0.5131803711575192	0.7591397450166804	0.3709834362549046	0.637032081133966	1.1462844097558125	0.3835198987072258	0.8624806782898512	1.577342058324997	0.3228350307615476	0.701730126651304	1.628433416706797	0.40073667527808593	0.7182301832952148	1.622806207073206	0.375731853309104	0.9473352586510434	1.6303699125638744	0.16745582372169251	0.5607592090263228	0.7818604050646889	0.16597104124911358	0.6397887853128734	1.1436438968683396	0.1645138871880725	0.8982841734949519	1.573380704464018	0.13171055571070558	0.6792092193744454	1.607916727925177	0.08317945725579695	0.7442836050755371	1.6071467971327573	0.19671225204548448	0.9780729612620017	1.6342270072030651	0.27191347806829175	0.3783866165069817	0.23448481419741232	0.25953694614614087	0.24485309579964104	0.012766454786207837	0.22520503877236492	0.23463375489280988	0.14405220114054273	0.42077326373349255	0.3759936025349768	0.32816307381364074	0.43955597208045855	0.43736329520060585	0.5764631295145399	0.33964798473359564	0.3944759429012312	0.7598630214701365	0.24005021521446562	0.37360416835920796	0.8349838049926014	0.24396357457077747	0.37313461874920284	0.8568589680089688	0.28611681682233825	0.42585990342555263	0.8812521931008133	0.1162247182416043	0.40196540325613894	0.31289246485370314	0.0871149023050739	0.5357985662630709	0.5862637538136065	0.1152869438723625	0.5031907038066997	0.796401769450074	0.15777478028142716	0.5117719299253569	0.878655283732507	0.15364182484287287	0.5069118509015978	0.9142862324476085	0.10894000889034082	0.6036392625399324	0.9221363347395546
103	2.395348837209302	0.36629960581687115	0.516673791001055	0.7576806577211048	0.3729320346877214	0.6330367034895799	1.1432315001016098	0.3835276217738804	0.8622863306275593	1.5772003115368367	0.3231639322311426	0.7014746308564026	1.6261661451573601	0.4023214664150441	0.7198020752741257	1.622968145233056	0.3779891164917756	0.9384887524135315	1.6254462757919588	0.17184948555711582	0.5648276340005054	0.7817335237004038	0.16740004247041992	0.6384841087226953	1.1445429075147806	0.16666959020094768	0.9063396937885677	1.5753105826921034	0.1288615924525615	0.6795094123600097	1.6082374035673508	0.08304968038832117	0.7425559987328196	1.603558406722036	0.19778990258148726	0.9708750479751196	1.6306465925953597	0.276650212514284	0.37811680147585475	0.23317880008702938	0.26152688502034704	0.24988558491287913	0.011978598708608078	0.23014070533914885	0.23432194775326595	0.14520304520940996	0.423448792442587	0.37544487142369154	0.32623577849900665	0.440459513184754	0.4381303978605033	0.5790244008393242	0.3355058278993821	0.39321536896293124	0.7597960930060094	0.23877920594730617	0.37369065633347726	0.8342716116155853	0.2359150009038271	0.37952700468856615	0.8535661917524633	0.2809171683142799	0.42889015780944734	0.8760440576662526	0.11676719704464875	0.40014936171884097	0.31434193367338714	0.09970781403987718	0.5152155633299917	0.5866579494398352	0.12659271921937407	0.5048807142620055	0.7959970731376446	0.1600062534376864	0.5105577248460047	0.8781548264313412	0.1576929419255374	0.5118422322050737	0.9131318847479274	0.12198450836182412	0.5738131289090819	0.9165489501916584
104	2.4186046511627906	0.37177262730299665	0.5228543740787631	0.7558871974816139	0.37345449064494757	0.6344322533035401	1.144365491172315	0.38332995645017665	0.8621682335699206	1.577489974375718	0.3232051961855154	0.7008129617413998	1.624830922072968	0.40134774162288	0.7192430638638351	1.6227953825781265	0.38031659042789734	0.9290287989927599	1.6232811761996602	0.17758042813181366	0.5765001919937939	0.7796286999364141	0.1673266576885459	0.6357435284532726	1.1450186037823247	0.1677986126724585	0.9100338633673571	1.5763369808831122	0.12723740467333572	0.6810650716468736	1.608430735187674	0.08292248925233782	0.7417040264019858	1.6018776800644934	0.1979043344351291	0.9705867159729064	1.6302610197074925	0.28050180307597444	0.3776082881038488	0.23284950176695912	0.2641474955852721	0.25390494165300886	0.010856640044485655	0.2342067619582941	0.2346543281999257	0.14817731643105453	0.4258460506132037	0.37622101163036736	0.32601959050558516	0.4422439183339499	0.4395846009920752	0.5813265434147303	0.33020917684334505	0.3919836444877264	0.7594727567427857	0.23295963113659313	0.3750579125833537	0.8335797689665203	0.225106815525695	0.38660865896928664	0.8519888150292476	0.2772794447461393	0.43553664638775647	0.8730373044121325	0.11680670607900187	0.40072320133887435	0.31451167848625317	0.11358564042032805	0.49564323825851797	0.5891133968534509	0.13635345789865516	0.5078040960535265	0.7956983618523011	0.1609248728116638	0.5111245809982008	0.8779247061101543	0.16039405647937421	0.5164552776088396	0.9116878113684506	0.13275006989644872	0.5567641147364839	0.9135659445806907
105	2.441860465116279	0.3764422972519271	0.5273169710467537	0.7554781612699448	0.3745449076130949	0.636667162945579	1.1493761780681289	0.3832675484952918	0.8620440474789278	1.5775828133846073	0.32314860207812346	0.7004875645537079	1.6247434180118332	0.3996368715488472	0.7132823968991107	1.621085498781836	0.37999172235949535	0.9204298212477243	1.6233033488236668	0.18351461321777984	0.5854623923148953	0.7772163858088397	0.16733826479734817	0.6348394488178942	1.1428964926629817	0.16812525851656998	0.9095115639171127	1.5763364413584706	0.12820143053956323	0.6855160520485014	1.6087148093143826	0.08295295159392926	0.7418109737808322	1.6020651762069464	0.19898268227952856	0.9761240443183724	1.6320992127615337	0.2842400515710807	0.3777282147878105	0.2342805474200596	0.2696509842858641	0.2575940501893	0.009864322963137235	0.23971287731705415	0.23707349957772914	0.15136090220549514	0.4297267842674055	0.38067003249834136	0.3271329952527592	0.44523339803366546	0.44113803528154844	0.582882511843712	0.32302510576012267	0.3895646893181055	0.7575241179193339	0.2253630433908045	0.37979244123098366	0.8336932136438827	0.2132795300572604	0.39472555856100766	0.8519912777184281	0.2705233914140055	0.4395323844936144	0.8717449180624277	0.11804922425611943	0.4053532742915641	0.3140415279461536	0.12342539683319617	0.4876413294077899	0.5916984528587451	0.14329313545358982	0.5074819879804691	0.7956286684219155	0.16836582495449753	0.511889138063657	0.8772426124054933	0.164876853821044	0.5177241982805598	0.9119778822020341	0.14055158565668713	0.5525752785193937	0.914279990941419
106	2.4651162790697674	0.3812893521293432	0.5282782752921181	0.7555972934452544	0.3776277016899324	0.6374098333594915	1.1538276636698388	0.3832947061385277	0.8621431488152528	1.5775711166403652	0.32312155454299524	0.7010733927325825	1.6249467061107215	0.39942496402923044	0.7093788947994834	1.6198836414227984	0.3759293021489828	0.9157286324142552	1.6235765924817915	0.18917017392789848	0.5870530193733344	0.7770757758237823	0.17086112341962628	0.6381906843838039	1.141675593646579	0.1697584238399627	0.9106151307240475	1.577747141798442	0.1296411996135742	0.691890214610383	1.6099446068369792	0.08333160888492806	0.7428683471419135	1.603695681072977	0.20141602362538696	0.9845488419241051	1.635683007752589	0.28773823619395467	0.3779285279495793	0.23722441862976135	0.2772541952999283	0.2627328783170868	0.009448940500493636	0.24700901743950676	0.24245704245189875	0.15303581218204496	0.4346065478369734	0.3866987259385665	0.32737130418901395	0.4488864725403564	0.4420670474084744	0.5831247020205663	0.3161414125513142	0.3883066498676185	0.755810641151929	0.21994844145304346	0.3862722874971051	0.8339099763833648	0.20362442997886723	0.4061458671922408	0.8571761403219859	0.25693060333042306	0.4468869103624854	0.873290242911883	0.12177037606923136	0.4123159809468613	0.31350607971098593	0.12890650824539257	0.4854894518460508	0.5923732484557054	0.14804783155508994	0.505985902564297	0.7951028104202972	0.18633853844374926	0.5092984588633155	0.8754172227366087	0.1755098209335405	0.5093241487196194	0.9103887945807709	0.1475646964766379	0.554787251984411	0.9167438608124305
107	2.488372093023256	0.3867023829347044	0.5285713792641631	0.7552909680910682	0.3810350303592985	0.6375184075730044	1.1549974623153592	0.3832851203852171	0.8623637998380096	1.5775430446859242	0.3231479016397822	0.7021257502488836	1.624982582029952	0.4011509079347588	0.7129812003914849	1.620844249452826	0.3705722801663629	0.9168605458104541	1.6232777331062958	0.1957488609382396	0.5862049788321685	0.7785597844052156	0.17761558413717368	0.6423609347982697	1.1420426165426534	0.17265433562650784	0.9170332935092103	1.5814063796846334	0.12974305888240933	0.6960528916868233	1.611804493139383	0.08392454253566624	0.7444819425633247	1.605978052636524	0.20350883337371098	0.9906455689145517	1.6392803459392433	0.28951077379734	0.3782727538284431	0.24038889091989243	0.2854142114687584	0.27300956335158894	0.008536655669695687	0.25327666022929807	0.2484933956912483	0.15257999385788146	0.4379747544613428	0.38967917489112386	0.3259189350456051	0.45216315924538	0.4426943885442198	0.582923299077309	0.3106934942090313	0.38789166369814687	0.7557499057261223	0.21605574046585366	0.38985794960384823	0.8334954785912776	0.1967869498248466	0.41718969332096856	0.8685124628258587	0.24174347369475935	0.4642271632033317	0.8795333040451432	0.12706881568981956	0.4158280691371765	0.31331767071243194	0.1321416553273248	0.4819008560652215	0.5910369947909456	0.15470414106481883	0.5037728478663575	0.7929694690346221	0.20817940727343695	0.5046852684416504	0.8733229238804656	0.19153027444735282	0.49139054509953184	0.905281305882857	0.15466990489631907	0.5560382151402872	0.9180695227794619
108	2.511627906976744	0.392709992953948	0.5305316554181284	0.7552971387439201	0.3828566327946876	0.6373645657650397	1.1552135645080461	0.383222995811492	0.862499579601146	1.577552506812883	0.323215273840645	0.7029339063177922	1.6249654491096615	0.4036373522022723	0.7201614778335705	1.6228659417582878	0.36695100000393166	0.9202588978605566	1.621596393878975	0.20327161239530767	0.5869759134119896	0.7785483437610676	0.1830701938640219	0.645753371133757	1.1427621504063843	0.17460803075375764	0.9252012614358561	1.5853471280452567	0.1291738880778837	0.6962706436897979	1.6131304011459928	0.08430908996821417	0.7455740595743217	1.607380679845155	0.20418599791643033	0.9918316425949707	1.6408270244516445	0.2903102925923373	0.37862214104625613	0.24209862661270987	0.292109343817208	0.28385662662817773	0.006951619478346058	0.25684007794394903	0.25140555042435797	0.15087704799210488	0.4391224505160485	0.38915376176588684	0.3239414072715582	0.4547483682923487	0.44276638484500425	0.5823786920902143	0.3060038996658935	0.3891329892805342	0.7574188847403172	0.21075172606172296	0.3911885488889173	0.8335572342633529	0.19195340355722518	0.4229532607147146	0.880694345244705	0.23356049749445718	0.48715775231072217	0.8898470103543706	0.13165490841773006	0.4156042512776913	0.3142071959766838	0.13385209545191654	0.477424740818554	0.5891390742997282	0.1653421521129158	0.4928302637635906	0.7890637233673624	0.22355097272420688	0.5019953851176819	0.8723584171958275	0.207047829507717	0.4767640130975837	0.901766950014193	0.16112243678655314	0.5481086219750197	0.9161576449924386
109	2.5348837209302326	0.3993109885420786	0.5343757456483288	0.7568138504349551	0.38377355157431764	0.6367390986838317	1.1563991104214582	0.38311764990497044	0.8625980888713132	1.5776659081292177	0.3231260265007712	0.7031343682203722	1.6248419911798866	0.40511546041870683	0.7245438973049454	1.6241013599244902	0.3661257043229795	0.9215750753583294	1.6185842490106777	0.21072406215667416	0.5865472858973352	0.7772746200576042	0.1855950943610592	0.6489559010963455	1.1449035799933847	0.17499629824923546	0.9296808557581027	1.5878845705315752	0.12930919142058978	0.6960890639232176	1.614807964537231	0.08436851586463628	0.7457664648361577	1.6075178962382881	0.20356837759823232	0.9902454346543631	1.6406391460731224	0.2934327804569435	0.3783611161622882	0.24217472486237068	0.29633270858983585	0.2884405626222881	0.0059116052583176775	0.25914165652766397	0.2510321026109509	0.1495938978858217	0.44021181159234013	0.3882807088648966	0.32283299740867977	0.4571016853744393	0.44155663102100645	0.5813372620746321	0.3024926910804805	0.39480851057513694	0.7604747280070321	0.2047650489148061	0.39412136899761546	0.8359080855996683	0.18919760012111542	0.42773791226918206	0.8892586571446499	0.23477295487144037	0.5078095857122547	0.9010631644286122	0.13480237667879558	0.41781834529181916	0.3160245086067034	0.1351518172988653	0.4723087017398491	0.58811377771407	0.17853348362750163	0.4699736997846333	0.7852547585014307	0.23109209805784392	0.5034401805936339	0.8730606094178079	0.21950582927064202	0.4766797501360209	0.9028333620251688	0.1673861842051048	0.5258663632866816	0.9108557799433319
110	2.558139534883721	0.4037927576109188	0.540864723640988	0.7592123260200071	0.38466148185949095	0.6359128937640222	1.1573041001799647	0.3830624856047835	0.8625521979809185	1.5773877233483606	0.32305593159148915	0.7027145317523713	1.6244908461017686	0.4052528298451562	0.7247557141166676	1.624172860561419	0.3681880491705841	0.9203764348197311	1.6160130582621035	0.2184411273928668	0.5769441837545144	0.7755010414161514	0.18806392461039137	0.6507651516496427	1.1479762962424933	0.17459646664691394	0.9292189064969405	1.588157695824893	0.13078592531627503	0.69985883904607	1.6182796691482078	0.08431683840090783	0.7456134147292801	1.6073046718924415	0.20178068499510557	0.9885844834449191	1.639844073618084	0.2985947913989038	0.3776195764755404	0.24179048489189173	0.29879736022746717	0.2883626229255179	0.005616219151420819	0.2614025021773756	0.24977165814791666	0.14946360208612922	0.44252755367677554	0.38833439945777215	0.3229012874168833	0.458983590518722	0.44021213787152647	0.5817956118985455	0.3010372122795315	0.4027608665126057	0.7628662266598565	0.20185333955195073	0.39846190670458526	0.8403778700775858	0.19184958712033548	0.43764463523837754	0.8945283022412568	0.24157280767271547	0.5216296404834261	0.9092776064390553	0.13782850677866754	0.42426504232801676	0.3167187367598825	0.1376852174907045	0.4665583013377604	0.5879875553559981	0.19176849997202924	0.446650071699496	0.7828792205267671	0.23636490406350008	0.508996825329567	0.8748402900464394	0.2309883238720174	0.489189585533489	0.9057553115479557	0.17484492718414074	0.4916617294040062	0.9042813824205335
111	2.581395348837209	0.4035986245123094	0.5460362041595502	0.7602443385596075	0.3851318042393438	0.6355582687355161	1.1572334985228814	0.38326184933180707	0.8620156733252897	1.575833456671703	0.32404656666355014	0.7019731236534661	1.6246681228014672	0.40507273570606395	0.7233551892255232	1.623856254739525	0.3714516430752596	0.9168656676643674	1.6146615409612182	0.2266953511831365	0.5567930304879034	0.7726425251479625	0.19243409624838126	0.6528362072897818	1.150089974705406	0.1733004034729896	0.9244733087834955	1.5857394761674057	0.13283628881454848	0.706408714402981	1.6216275345451527	0.0842837499491644	0.7455001744045253	1.6072521086531262	0.19949150546667715	0.9876817006046015	1.6382836438481205	0.3020887819817895	0.3771757679666129	0.24164742946979131	0.30083017273844537	0.28786954704696355	0.005313173006301608	0.26355255876566885	0.24880810196691716	0.14951678935967877	0.44511389374799804	0.38840250681477584	0.32366751342278954	0.46040306127058905	0.4405097829608956	0.5852382860940418	0.3008833176486841	0.40703721483970234	0.7626304743526383	0.20324241159081746	0.403774904980744	0.8435267696913463	0.2027592240484505	0.44994853472490043	0.8965911430566735	0.24903938917761495	0.5284017275650975	0.9117422593651638	0.1413755705532463	0.4314254693992227	0.315165205759662	0.14058493766941907	0.46348377198112106	0.5880917393604109	0.20299035041208766	0.4357498679245416	0.7811193273910939	0.24354014034556892	0.5104378957518503	0.8750955553108042	0.2423394670918968	0.5048070576295527	0.9069545767713704	0.18581302912373887	0.46095901960245494	0.8993653394869888
112	2.604651162790698	0.40235888267351333	0.5429362749815643	0.7592612171645369	0.38575672535223565	0.6361514819698522	1.1573634088441533	0.38366633022936736	0.8611773875843138	1.573471049273526	0.3261955951134885	0.7012330158224261	1.626519064593656	0.40496312405510293	0.7236110821686526	1.6238230109743514	0.3710804830310076	0.9108882643073296	1.613552437136981	0.23416829144926166	0.5367879824333057	0.7714445178603038	0.19750336308364116	0.656358287715427	1.1513883294345615	0.17096068254482816	0.916166679441484	1.582484371863699	0.13404490872456803	0.7104913157633368	1.6214220645216282	0.0842881401233084	0.7454590653866395	1.6072306847480402	0.19760235113922625	0.9857481814855906	1.6357245031340366	0.30340476303976927	0.37753028171660524	0.24175752295187317	0.3037562134508779	0.28783477717897515	0.0050970299083945275	0.26563969234048634	0.24921090817665395	0.14893728083454016	0.4475102333073666	0.387905291043	0.32442294906667285	0.46234246359637315	0.4420186834247257	0.5892135684011868	0.30209989681562693	0.4066403036506507	0.7601668214422735	0.20675633648717612	0.4096757417752589	0.8415528437009964	0.21648931808288677	0.4604278925467291	0.8926517843553226	0.25463827491650565	0.5287760669848738	0.9077759312899811	0.14540766767806412	0.4381816712479878	0.3131334257398197	0.14195643721016643	0.4639865660421283	0.5882201711940972	0.21199567190427077	0.4352158743014326	0.7790412680880192	0.25369370723389395	0.49430342134083005	0.8714015373854125	0.252169489522055	0.5095993826047588	0.9045345889892084	0.20380413584547885	0.4513001511926709	0.8964801862893823
113	2.627906976744186	0.40637002945595446	0.5398722164421685	0.7589997984911578	0.387840261503412	0.6371201571142795	1.159047924851124	0.3839234559685498	0.8606555627615115	1.5719748191243954	0.3275357520415464	0.7019327386122527	1.6281340216947056	0.40448225591001297	0.7282525345408184	1.6241478095671427	0.365638372835767	0.9057543174658993	1.6125778468813619	0.2393337560862886	0.526641693567605	0.7747939415464185	0.20102196212798595	0.6583008561484809	1.1526353385518868	0.16827528328699642	0.9061675455719028	1.5808859390807124	0.13421592059640486	0.7107387730062797	1.618053022720391	0.08433541026851814	0.7454445327920817	1.6070935392135004	0.19574080053075815	0.9801182745480461	1.6328069542261847	0.305062838419865	0.3781485121919298	0.24168134964229862	0.3078652009829861	0.28770619115646967	0.005820138982343796	0.2680139190046062	0.2525044722111183	0.14807432340101626	0.4500663908131774	0.38783371906456837	0.3241767465525234	0.4646969456767316	0.4429387685361903	0.590246491466612	0.30633351496315664	0.40482988730828057	0.756777376280914	0.2111832920660143	0.4123796215091868	0.8361536213610467	0.22568744714915795	0.4699620988213402	0.8831464588963077	0.2594276108636702	0.5169191196496472	0.8984781396256405	0.15137719154907545	0.4458151347334774	0.3123844243209192	0.1423904591337078	0.46366531783912673	0.5876621421745089	0.21906356403311492	0.43589887018578044	0.7765554056009016	0.2656819329953443	0.462785537723266	0.8650187899584818	0.2618124343975051	0.4910680789556654	0.8981197329704647	0.22520047665650067	0.4568335809464846	0.8922815338632467
114	2.6511627906976742	0.4145222785009697	0.5479601026499871	0.7627810119182391	0.3910822005210594	0.6362164487458546	1.162327803791014	0.383915753574815	0.8605383813402204	1.571807956170999	0.32688609075430763	0.7064612536708098	1.6252759537531012	0.4036110313861097	0.7355582390815669	1.6241541354317717	0.3611296182856217	0.9037372723630122	1.6121949529917408	0.24118656634407976	0.5257700171968729	0.7810576582565959	0.2016705426990173	0.6586079241656169	1.1537948647345857	0.16596437929729513	0.8975620471540707	1.580545757921695	0.13409726625312793	0.7100298122053226	1.615704326336438	0.08430489196851776	0.7453318641796187	1.6069414117993819	0.19354947321149477	0.9724845428255333	1.6304440929690722	0.3084033407205125	0.3777624643791982	0.24031112926765533	0.31222307224495033	0.28753894599199287	0.007230791984960343	0.271365047864218	0.25715130696216076	0.14689928449436163	0.45294892584207713	0.391062664025059	0.3228265969811603	0.4665259617390557	0.4423684790708512	0.5876058544807957	0.31185086121771677	0.4027723163467595	0.7537300864908233	0.21765991787304867	0.4155891940058418	0.834393982434268	0.23230289338598323	0.4783981309660067	0.874626101935463	0.266116008814472	0.4891842976862949	0.8871716118892728	0.16002066595927295	0.45334112381963865	0.3126335172737076	0.14353423453435998	0.45815462430680803	0.5854530107542419	0.2235993756415262	0.4355228264045653	0.7737363462349085	0.2782210494824992	0.43430300285602286	0.8580341399381395	0.274872810735218	0.4554859269658931	0.8893913629693123	0.23843445365788113	0.4586099443515519	0.8840701854840816
115	2.6744186046511627	0.42001810671984086	0.5548530862016048	0.7689476112153925	0.3945666181432484	0.6326359206543494	1.1655384663599344	0.3838450607574352	0.860492280158571	1.5720890268251793	0.32578081472680953	0.7123802831770925	1.6192643460843144	0.40293811091670806	0.740631348987656	1.6236448817618059	0.3621158416523185	0.9026559924644422	1.6122951506218013	0.24034839931087612	0.5283039462048646	0.7870084043204799	0.2009435862265478	0.6624081625535152	1.155267244248055	0.16440226472623767	0.8935999646346365	1.5797138022577726	0.13392701706592247	0.7101330566918531	1.6164865122975478	0.08402094932852962	0.7450693624454787	1.607105091280082	0.19192149394239327	0.9677413651772079	1.6292943135084967	0.3126420027866327	0.37614207039606906	0.2371825815162517	0.31578863396689816	0.2875124742910926	0.008007784910314938	0.2765177887384448	0.26107888134399826	0.1448263015702444	0.4563280939159114	0.39880212890647865	0.32190543181110737	0.46842150244320024	0.44091981263860813	0.5834547567018837	0.3151624025663323	0.4010914269320045	0.7518782924063742	0.22869846235523017	0.42761529065314546	0.8399992010816454	0.24119654715384103	0.4815351608931754	0.8714817926499056	0.2736120617692904	0.45966609007411097	0.8775059299980537	0.16806893317047453	0.4578435860423683	0.3129681959660075	0.1448725867363092	0.45010814907427776	0.5829612921059926	0.2266400100963602	0.434914451274395	0.7710143580932727	0.2908049239563502	0.4188674882779062	0.8510955920867811	0.2900943889359217	0.4255106438278743	0.8817850744015072	0.24029890758800093	0.45416316267864265	0.8753568857067433
116	2.697674418604651	0.4227434309860544	0.5481259685183095	0.7723205914751128	0.3986051520917264	0.6311809688310112	1.1678696797878905	0.3838566395281126	0.8603474167688284	1.5721457194940545	0.3259708938377709	0.7128285898475262	1.6169934078427362	0.40276994300301616	0.7425708752276732	1.6240711192775474	0.3653598122036219	0.9012609084457996	1.6126106405658691	0.2400237090645414	0.5298359177499763	0.7905665750413866	0.20290207827458517	0.6715375732849824	1.1586278726150279	0.16406195763190318	0.8939601803242745	1.5784353615584121	0.1335599702465584	0.711188246860973	1.618313872601444	0.08403355770125376	0.7449354349460631	1.607364357825552	0.19177509745494614	0.9668324291198768	1.629172235790459	0.31602800867679104	0.37490212819370455	0.23454042584016035	0.3184184518648601	0.28520043948323376	0.00824343302288764	0.2833597675295341	0.26622370659297945	0.1430121866676336	0.46047552906211753	0.40876430212355186	0.3220468085875834	0.47153576376167616	0.4398145915583587	0.5809544539942785	0.31939953595797754	0.40511221863893326	0.7518300082424934	0.24479174771840942	0.44011700286302313	0.8485793466932564	0.2514737532495293	0.47582137587530104	0.871602413407806	0.27834309570002763	0.44575586391215394	0.8719647317169257	0.17236925230682976	0.45804804105587454	0.3131438895537329	0.14578683025628242	0.44663477208182123	0.5823513944053519	0.23156301256335138	0.4346010924554138	0.7695323977217852	0.30186079456466575	0.4129470283074733	0.8461148434308393	0.3020570494449334	0.4147559190678105	0.8781231362463507	0.24180737356278856	0.45070668974471984	0.8717433065030771
117	2.7209302325581395	0.428087079655307	0.5382388078758704	0.7726404539862749	0.40312190547250626	0.635838462501134	1.1708623868652563	0.3839376671524126	0.8600818131219534	1.5718627336241835	0.3267726240044001	0.7076170813424217	1.6201052279469512	0.4028996610367176	0.7420744571058713	1.6251928686927404	0.36660214037629063	0.89924936274809	1.6125614718414956	0.2433104634328888	0.529892579643706	0.7914906586775321	0.20982180559000213	0.6792815328392878	1.163458300935858	0.16615493381816226	0.8945378561476226	1.5768938722037835	0.13376257848716253	0.7117035166846605	1.6184851573031658	0.08572492173701726	0.7453724904513104	1.6059504115260115	0.19379541085110435	0.9684735375079538	1.629663897936246	0.3186903092965366	0.3757298889503404	0.23550121980439176	0.32171444747959943	0.27772181736077123	0.009415030172649854	0.2901699980147152	0.27247128120551356	0.14398469585087706	0.46622047396726196	0.4198874898276276	0.32185576488940626	0.47582041759630345	0.43968476874657825	0.5816365683689476	0.33024912547842944	0.4196073692970925	0.7553846464228654	0.26170301139184826	0.4402803158820794	0.8540065997662322	0.26160287755702744	0.46460266658027966	0.8723614882949918	0.28341797822277337	0.44674725742458415	0.8730872918273107	0.17543228188912835	0.4545486684457755	0.3133346903827909	0.14883431658470656	0.44624118830699677	0.5829148213175434	0.24070451490217815	0.43605420523896893	0.7700673523679076	0.31107658825229767	0.41496109578946627	0.8447567693519753	0.3098799864553901	0.42132898638330923	0.8792190793778829	0.25469894101005525	0.44948950481000105	0.872373895604839
118	2.744186046511628	0.4352118515587964	0.5357329820251798	0.7736349105723265	0.4064588807117575	0.6420035386741072	1.1746921514881035	0.38390892526948917	0.8599387147908216	1.5718370130931278	0.3265897967364367	0.7035605846698201	1.6230871696256848	0.4025870929286005	0.7383194323047516	1.6235585755603559	0.3661692988019756	0.8986136888838145	1.6123954275393637	0.24889240405091329	0.5298440971680167	0.7912356610491207	0.21932177666669658	0.677173728695101	1.1656925553682242	0.1708841006615966	0.8925772287800506	1.5734402343235738	0.13632101974857108	0.7086869238930597	1.6159720751696316	0.08923021067340978	0.7461024963391025	1.6014013944510885	0.19744894546453753	0.9737978902179536	1.6310214766358104	0.3227689439023195	0.3779888914900103	0.23922860481512637	0.32725167514574915	0.27011427943027977	0.01165647098769396	0.2953894019746686	0.2767797054144448	0.14729340696325077	0.47310779104451717	0.4309085032808876	0.32079669435813396	0.48034710629428057	0.4400187218480635	0.5846140277181991	0.34491677713316116	0.4352422004251604	0.7629456710672925	0.2751663953884361	0.4347307446543286	0.8560145734432364	0.2721711164095315	0.45702985812304814	0.8741936977461586	0.29493793297078874	0.4521092549422731	0.8805231820919652	0.18168882114782722	0.4472195393611051	0.3136473142106627	0.15636340165140894	0.4375190163029731	0.5831798990623891	0.25208929737078717	0.43831028884021594	0.7719932025943703	0.32065043213508176	0.4280760215746595	0.8454414699510203	0.31763426525263483	0.4385296216242508	0.8828416851595712	0.2772086117927731	0.44963142717728855	0.873144035678205
119	2.7674418604651163	0.439136855835952	0.5374069511190508	0.7753933757765018	0.4075461415538082	0.6441052728789741	1.176960183149716	0.3835798021420895	0.8604585772644154	1.5731873257917106	0.32604927054613386	0.7031849551475533	1.6227049910166302	0.4010223942304563	0.7354044854135546	1.6193452155119172	0.3656291938696668	0.9049565215705079	1.6141561829993332	0.2525139831315208	0.5299011870865936	0.7910958881139025	0.22743021261557586	0.6641851919888491	1.1638462072653177	0.17572864321908935	0.8901812079401583	1.568308548257942	0.14209553093734553	0.701994335523746	1.6114681768442423	0.09297781744812667	0.7449034221112644	1.5954974507912645	0.1998572779069021	0.982999943977612	1.633340863911028	0.3283458944191014	0.37903339669352215	0.2417355624009428	0.33324845086058025	0.26881051365753994	0.01401686523700226	0.29958427727587533	0.2795912703697796	0.14987757409151636	0.4785119976420048	0.4372312023191818	0.31999174480584236	0.4837163592687901	0.4385992938478509	0.5878798100834766	0.35675981059857714	0.4358289270917717	0.7707223047315604	0.2838694083507859	0.43262039874630615	0.8580220308016231	0.28213380500758745	0.4544137511493657	0.8774136211412494	0.3098424475243208	0.4555239326979504	0.8888226962504941	0.19044070664452992	0.43521393415756787	0.31423914767716876	0.16686867996034294	0.41792221889554537	0.5835790625946137	0.2610580189639444	0.4396934311615487	0.7743681037341065	0.32924932056313516	0.4445956948331523	0.8454140583014218	0.32591610053917164	0.4558239260605531	0.8848824586383061	0.29645925144178703	0.4493566282818527	0.8741233721924123
120	2.7906976744186047	0.43991744220993145	0.5371359131883802	0.7757435044668198	0.40724227642057187	0.6432614380120328	1.1773911928562704	0.3834792841801744	0.8618235895034566	1.576062768323699	0.32620617315008765	0.7034137202202082	1.6211374282818154	0.3993776419919891	0.7384066688713442	1.6183588198013226	0.3661054592318663	0.9169041325733978	1.6185566728418594	0.25314424030123683	0.5297135993354778	0.7911657496922452	0.23354109903175826	0.6474455448944126	1.1611289513282756	0.17932339623519727	0.8933020758667658	1.5648249614162346	0.1498379842261039	0.6941732616210897	1.605884965268011	0.09615018688810384	0.7394198661103739	1.5910792830824352	0.1993735225600394	0.9936782992909091	1.6361761125606582	0.33279051543932575	0.3780569560190393	0.24200813823078082	0.3369069480108	0.26782984157217726	0.01641892239484631	0.3039120387542128	0.28139350329916285	0.15077841709832032	0.4813534810296378	0.43761488458954123	0.3199289326427573	0.4861051922448836	0.43502907065677177	0.589865493452627	0.36512188227451786	0.42353498901302156	0.775071032622076	0.28774854151633167	0.4300556430876409	0.8610167351226443	0.2895174486354019	0.44798165683961033	0.8800720721399716	0.32072855479702284	0.4584484005638599	0.8939199292901213	0.19708801193661185	0.4209847260085232	0.3154803494765134	0.17689607568666277	0.40176276299338937	0.5850131686101563	0.2655784288084121	0.4394943986916916	0.7768731641883755	0.33301148446775497	0.4480048664083712	0.8442644190624876	0.33126433451682447	0.4638520222991881	0.8845822587840997	0.30591489240341796	0.44651490065402466	0.8771049615881135
121	2.813953488372093	0.4409619660228593	0.532206879198467	0.7750128428216848	0.4071930404689393	0.6426173447406041	1.1780192870607207	0.38468054122950857	0.8633541998730639	1.5789490591019884	0.32543441450232924	0.7024923466283733	1.6206827825486454	0.4000656491531004	0.7436673416923496	1.6227996625300736	0.3691507910846267	0.9258221215826348	1.6231805766765415	0.2531769525148542	0.5302503817097327	0.7910948594141278	0.23981025643249143	0.6353563693730602	1.1591601339314441	0.1834579318294009	0.9044351270789864	1.5645821736332077	0.15682946284786303	0.6875968479320518	1.5999644657319592	0.09868670238572341	0.7310693147787715	1.5883888185349018	0.19777438897791	1.0024181432272108	1.6386269998364729	0.3349231242031461	0.37733234592185105	0.2421828595040928	0.3388933883174396	0.26070080780461946	0.018642908571276214	0.30817842182136856	0.2810852717097294	0.15095402597021532	0.48272453435922036	0.43575158497902566	0.3200878358204438	0.4900895533681173	0.4356521844559147	0.5903031357683267	0.3721755683695129	0.41374851336573226	0.7767610355236467	0.28862688624764476	0.4249072384179524	0.8638573213805045	0.2930479848125236	0.43575759998491514	0.8809861934545918	0.32651482215989996	0.4668777427399775	0.8972265687475521	0.1999317960074788	0.40979896514248276	0.31758738751981963	0.18325960062470917	0.39914171165998735	0.587891763909701	0.2683362870012439	0.4357885012801762	0.7788189825921018	0.33325393282840005	0.43927114539425033	0.8450031769704476	0.3336932335237612	0.4644934355229005	0.8849783037622289	0.3111808773503471	0.44578584702222485	0.8811255352232603
122	2.8372093023255816	0.4431132408898352	0.5252497217739635	0.7748192059009746	0.4083952673482759	0.6429862837619973	1.1790714902076407	0.38689484534554797	0.8639907758277996	1.5799828495357162	0.3227661884434988	0.702720212565904	1.6215517790813916	0.40260790937598273	0.7454149427291742	1.6278464849538588	0.3742333553854962	0.9308502845287329	1.6269256879888478	0.2537527073682349	0.5323580069898627	0.7909463217449402	0.24632551169178868	0.6290750838636504	1.1566118143436588	0.1882560043613205	0.9183464820218745	1.5660331719326317	0.16138873481243698	0.6850910612044756	1.5963375628971246	0.1010312333212795	0.7217886443238302	1.586044191527083	0.1971672818713443	1.0077102227067123	1.6397549561927123	0.3364168709655077	0.378023622433835	0.24282806421377853	0.3413636085090635	0.2545427754512267	0.0199351706879615	0.3111885830742862	0.2799223443158384	0.15095860543732928	0.48327592007243114	0.43427428135283197	0.3201463086807228	0.49608512893191903	0.44508488099460863	0.5903222799955357	0.3785150060167889	0.40840311899423953	0.7782279529398239	0.290077149955085	0.42017876780645513	0.8660303009906659	0.2939942123076819	0.42576438802538025	0.8819828379531178	0.33010223743787254	0.4790769218885048	0.8998543993378137	0.20134786389329906	0.40380971459063497	0.3198489880441759	0.1856215614099421	0.4047383576673485	0.5913703105863726	0.2726397963742264	0.4283334422606599	0.7792770761096595	0.33420207545566794	0.433689685538563	0.8498387802920665	0.33595722648282766	0.4641658705692817	0.8874033197578561	0.3175963051367712	0.4531792455049789	0.8844235744494127
123	2.86046511627907	0.4446686414070984	0.5213780793588099	0.7756681499007445	0.4101868321701898	0.6435967505960746	1.1801117810453312	0.38835546997137566	0.8638882119462159	1.5790901236021437	0.32056470400718173	0.7060810832317118	1.6224951054867436	0.4041739523150472	0.7441615350499317	1.6300028621617404	0.378459039050921	0.9385280506479114	1.631649497840067	0.2541400227711889	0.5330086928702928	0.7913312839475919	0.25088713856044087	0.6216175362436819	1.1533957576822889	0.1921278244548802	0.928564556233312	1.5670276959404275	0.16560872299084603	0.6858402737121466	1.5963651685405276	0.10600252049188343	0.708466811467409	1.5828496090699122	0.19859593254588503	1.0134736953173649	1.63988963673394	0.3382602564586236	0.3787172303672661	0.24307228333223685	0.34464706477606666	0.2557362188915607	0.02077402499883458	0.31280421386417623	0.2797937668897556	0.15096680751376493	0.4836640119030101	0.43339641792484596	0.32014889425127946	0.5015983930236452	0.45832636238468777	0.5909631427394216	0.3852093397278171	0.40115231475006946	0.7798870190398098	0.29401458759546395	0.4141831018258645	0.8667787379209589	0.2968628742737335	0.4222770282068104	0.8837586015296133	0.33404818032543404	0.4869161826282933	0.9007295466538006	0.203353089206396	0.4019138264062653	0.32095496136157037	0.18777189942151282	0.41362072782294124	0.5933480886306577	0.27768658650326844	0.4197212994453201	0.7788311763907364	0.3369567201174405	0.4357480254089016	0.8549601800072723	0.3384124106954258	0.4638778396731745	0.8899530632715873	0.3238724095242439	0.4643852666657826	0.8866952603197616
124	2.883720930232558	0.44533423327544575	0.5220746252508593	0.776885605859011	0.41159778530241414	0.6434942984351351	1.1814591330889161	0.3883693695689727	0.8652362441928731	1.578106143913395	0.32093767839338677	0.7082262184650584	1.6210696559835631	0.40439835155747156	0.7441177576778191	1.6308499966115373	0.38064300530861667	0.9478866916051585	1.6365144755979526	0.2543199263803828	0.5279374649544492	0.7923673803780438	0.2535238087191852	0.6093662955904381	1.151733283934643	0.19624187046370883	0.9300105789450264	1.566367139676048	0.17243394551657915	0.6825378555940781	1.5957046761915077	0.11566431186614384	0.6888165538000677	1.578254575120622	0.20221053325083627	1.0218631113038665	1.6397911601499584	0.3398600029705963	0.3794786352906516	0.24280521592112317	0.3482924037167878	0.25916436924948144	0.021710073016584345	0.3156708212430677	0.2809475798160883	0.15082274136254142	0.48573131413324966	0.43234400498475967	0.3201399527633162	0.506835093255793	0.47001545006672973	0.5915065911225059	0.39352792205041437	0.39625864508611447	0.7818753012974141	0.2994048488189838	0.40646294320531196	0.8647998566359361	0.3029561707662945	0.4218792004979376	0.8832475321135269	0.33989845614744646	0.49085315642950983	0.9012213660042266	0.20551258829915264	0.4024777377175058	0.3207382070689946	0.19251961301674836	0.4253296285242902	0.5932600860155822	0.28132721925616366	0.4127178843277878	0.7790795570538328	0.34060798709138584	0.4399036278007526	0.855166232873164	0.341389968701041	0.4637315935683024	0.8908913012359914	0.32820958685781315	0.47225670499462624	0.8888035848329907
125	2.9069767441860463	0.4470186919915891	0.526569333495738	0.7768616759245432	0.4134424709814765	0.6425468224657979	1.1812297305313386	0.38787042788180526	0.8696418932378025	1.578016540858354	0.323962905062361	0.7038045374818688	1.6173528127017036	0.4055600722602232	0.7483334367093838	1.6317717846412163	0.3818521666130107	0.9499230466625943	1.636562876751133	0.2552142360363255	0.5197483868661996	0.7924688859096781	0.2572721727570512	0.5986704313634792	1.1526215628410774	0.2022082371989343	0.9187681422545784	1.5640979846678378	0.18063830259396596	0.6686296119327229	1.5899533061717985	0.12602937374002568	0.6685207363561136	1.5729041243679058	0.20635764396705028	1.028129743584665	1.6394063173501792	0.3415527050002274	0.38265290064507346	0.2422126343883285	0.3520840397959384	0.2595759229332094	0.02176407166903538	0.32140447345721046	0.2814825971672541	0.15030504093505528	0.49016303990842114	0.43091830227906386	0.32009735373964293	0.5134438707302305	0.47746916400313777	0.5914735610042618	0.4022946776689827	0.39809355298851745	0.7853162725504552	0.3045102108307638	0.4037984116296197	0.8607037421022716	0.3078307078208198	0.4213726776907037	0.8793536451074349	0.34599901072444683	0.4944847910560397	0.9033148000717621	0.2066143172926741	0.4038363517970726	0.32050954021191935	0.19840401282090275	0.43642760673542236	0.5925669632249573	0.2838958758278325	0.40953245299486457	0.7805569940125116	0.3443136949004937	0.44185508228207787	0.851898227885464	0.3458190408170435	0.466632893609523	0.8910580208232359	0.3315755974878737	0.4776701770447883	0.8924234892005987
126	2.9302325581395348	0.44998456984243385	0.531493426465697	0.7748931793067729	0.4160818492358398	0.6412287486780985	1.1770243144040218	0.3875421757369841	0.8749169800934036	1.578129002843543	0.3286409251577707	0.6962570667012254	1.6148452463814897	0.4081319982351038	0.7549167350104063	1.6323109529367814	0.38277455482102707	0.9421317253645491	1.6313892369830032	0.2570484038083292	0.5153230513738707	0.7902534430950731	0.2633690569217096	0.5948981870639359	1.154138510363989	0.20874227255764427	0.8988987640345967	1.5609160633798655	0.18700912453795104	0.6450247914814375	1.5808925247510708	0.13150959706265325	0.6552600800899561	1.567772915874887	0.2094227276263943	1.0299812667700543	1.6389846774220076	0.3435512767074252	0.387764485034638	0.24147843193918966	0.35542382131680533	0.2591966734560629	0.02021507015594414	0.326970088164139	0.2785474368675197	0.1502071978581658	0.4944333045571766	0.43022282821773083	0.32000701903297735	0.5190323240601834	0.4772684956800404	0.5921983235680105	0.40865391804785955	0.39913480774587484	0.7896329953028547	0.30831479462675926	0.4082201644388014	0.8568229073019774	0.30845374359658484	0.4210749741536397	0.8758966312788121	0.34894372058082435	0.49492602004673164	0.9060070003583747	0.20698038106118685	0.4041118954407304	0.3214804921722326	0.2032767571718033	0.4437275286255854	0.5922771897561407	0.28584343266754014	0.40970226106731544	0.7826673314483118	0.34711820744974553	0.4396648250568635	0.849989430580358	0.3500517920256573	0.47049547102950773	0.8920781584064683	0.33493077211511046	0.48439932495176696	0.8983330128108515
127	2.953488372093023	0.4524400959197879	0.5305509828747669	0.7732774209786123	0.417769724232691	0.640072856403611	1.1716260412461612	0.3872916743505493	0.8774736183636357	1.577975605284193	0.3334781332191205	0.6919894180883588	1.614581553490156	0.41005573068760964	0.7589737990013334	1.6327343444450575	0.38348752243771067	0.9378800332446778	1.6296370590725096	0.25898373472477804	0.515622747186427	0.7873006643278142	0.2689202040552917	0.5950371215837684	1.1545611319268425	0.21483833652109344	0.880254022541251	1.5570413247510793	0.19206092373653783	0.6189595966905229	1.5717852722867784	0.13348525169524786	0.6502036918468737	1.5631288136473436	0.21300457129741518	1.029344746782166	1.638819254651358	0.3445785779058109	0.39107574418468527	0.24102511462591533	0.3579631545836113	0.26206665829836934	0.0177859544553488	0.3303571872181674	0.273409809057094	0.15153068132713432	0.4960346851936067	0.43082011039445073	0.31990013848759347	0.5209633968748493	0.47025114739372575	0.5939388204893998	0.41151432292149104	0.3946302508479739	0.7934090287743355	0.31086073334532455	0.41241882643061056	0.854852180698827	0.3077231927703755	0.4210608392562447	0.8764108661002376	0.3483647306630993	0.49121604981464073	0.9074507565729395	0.20796262466211796	0.4009963837463804	0.3233872011246574	0.20636404060223118	0.44698571669527265	0.5922913949785695	0.28684306958780215	0.4100392371987669	0.7847129541143159	0.34877087000231294	0.4350261781312054	0.8509839448405976	0.3526789819128558	0.4686927536747697	0.8933856123962505	0.3378154886548081	0.49154821898794687	0.9046741920123512
128	2.976744186046512	0.4537757863352862	0.5240726227593613	0.7735805802320219	0.4181187480025821	0.6405685486035572	1.170026393100709	0.38739871195413994	0.8772233354966754	1.5777574619080172	0.33785776786367416	0.6878148850507791	1.6134346375647404	0.41030597655875933	0.7578030876359765	1.6331515966854064	0.38441780436478246	0.9507103055964188	1.6363842954621346	0.26004013817401944	0.5167233186593297	0.7859946680351664	0.2709145568359033	0.5944857167520529	1.152780418355432	0.2214757674023045	0.868848799074273	1.55267007496004	0.19759527194847515	0.5983259659575849	1.5631097994209657	0.13629864718248996	0.6494050114404141	1.5592223082405843	0.2197405435970795	1.025949434414772	1.6381504648955407	0.3446199104005926	0.3913588841162891	0.2409670053395213	0.359798175026924	0.2672395490409596	0.015945146054548217	0.3341360336965917	0.2704651424823148	0.15349628013113187	0.49572895119361904	0.4305865588332546	0.31994256856014314	0.5218684253012881	0.4617695630532962	0.5949655014343005	0.412986639408339	0.39106034357779723	0.7969616129627137	0.3131634180690839	0.4128745194592423	0.8556144713219612	0.3097473149009241	0.4207222050843529	0.8809902467268039	0.34658750980068537	0.48710059205940426	0.9072534794856447	0.20950735368393578	0.39531434890987854	0.3248588202157061	0.20750056712635534	0.44725391767941386	0.5922097668594567	0.28668005062477947	0.4102493795634542	0.786595471316706	0.35047192765161983	0.43618156432343574	0.8539434872596976	0.3547954435383721	0.46494819012395733	0.8943456631621683	0.33947330514383545	0.4955020317454807	0.9094252747736324
129	3.0	0.4545181440816334	0.519251972386306	0.7741282509195465	0.41892984476215195	0.6436738951498322	1.1715482632507777	0.388599447512317	0.8765386814884085	1.5775368610131113	0.3406829132642794	0.6779367210450502	1.6103075689729263	0.40971577173579826	0.7513369550299104	1.6324597383521668	0.38645585398363796	0.9694323033098811	1.6437715708157277	0.260047286794613	0.5165579462690317	0.7864611545734308	0.2700130805198641	0.5927123294207933	1.14860792005601	0.22839222898425127	0.8652579841124078	1.548915855547304	0.2005927322748115	0.5870188289465832	1.556050057525538	0.13904765621357093	0.6508817470517485	1.5566331676944876	0.22887159730444598	1.0208795277601443	1.6370412015952944	0.3458729688229464	0.39062817375517966	0.24100421004674968	0.3606435051052604	0.27028855714251027	0.015597200232125836	0.3393213727322273	0.269287521749705	0.15473332816758972	0.4959701658441541	0.4263696763457545	0.32034026178436403	0.5253562406407297	0.4564408496190605	0.5947092533500284	0.4157353110570674	0.39416546181119405	0.8010673983445182	0.31626612619662114	0.4144168443308891	0.8590938999491052	0.3141735173614684	0.42272860462182654	0.8880922334007304	0.3461348561581916	0.4865263932062301	0.907227227107203	0.210442523544413	0.39152321394684625	0.32525551025824145	0.20734521107479587	0.4464639285717066	0.5921118805442297	0.2849243432879592	0.4139557242081473	0.7895222963527684	0.3530928642731802	0.44963013864443435	0.8581701935127468	0.3571423885244233	0.47129069327470713	0.8971149239001435	0.3402262668043343	0.49655038539897145	0.913887420454197
130	3.0232558139534884	0.45483504491490323	0.5185307630935833	0.7754521316695264	0.4210993197930882	0.6481703804432194	1.171444331510957	0.3905073600297881	0.876414492820228	1.5771915669419925	0.3414338801751485	0.6685678710630929	1.6085541622447677	0.40991290015912907	0.7433811191371293	1.6310587289323677	0.38961273889617754	0.9772011199708218	1.6439670882295567	0.2595081192404147	0.5148067399475157	0.787358029115775	0.26963223163044575	0.5919551703235142	1.1456967215501312	0.23456974450951026	0.8650264082809018	1.54766997506731	0.20031323089578995	0.5837156467097009	1.552183464147904	0.1413470484957607	0.6549407154067517	1.5561593889761998	0.23777755923186875	1.019066910051736	1.6376633292616016	0.34926050384727503	0.3912643498990009	0.24083183837623928	0.36080683683361653	0.27075033394285813	0.015381447775022743	0.34323752683339065	0.2656160137929646	0.15511911416347682	0.4982766785309704	0.4195653845476477	0.32083865471971196	0.5307840559739767	0.4554022903089968	0.5943908258534318	0.41962017404082413	0.40283218648528357	0.8054216778098112	0.3201484847114792	0.4180442966026027	0.8626969869043533	0.3178361223565348	0.430100024850669	0.8951537715992934	0.3481210478305213	0.4907307227818997	0.9097247818098578	0.210541968257988	0.3911390491377079	0.3251504796758202	0.20719954861736684	0.4471516959025796	0.5931614722547216	0.28252257826231597	0.42219961970503717	0.7954768985668169	0.3555445604159001	0.4698272912669762	0.8634488218676868	0.35985240819815284	0.4881269247492441	0.903224627132175	0.34083293955542376	0.4979227835173135	0.9199242290429067
131	3.046511627906977	0.4546928725682898	0.5187241945588893	0.7797589082623144	0.4252135790926084	0.656430507493264	1.1686785211231192	0.39214837029124805	0.8763937442288795	1.576914454578139	0.3445214106515103	0.6669572290686555	1.6084772579457292	0.41252130805685555	0.739012860307013	1.6298537793933279	0.3922967777633085	0.9797130420635805	1.6401469345914748	0.2595664263405096	0.5130873774566953	0.7875707297871559	0.2725326129089043	0.5928003063505655	1.1465330673143406	0.24101634418261475	0.8617494249484687	1.5513493816688038	0.20628323536610768	0.5843634457104867	1.5501246160446263	0.14978994834949425	0.6588616340089405	1.5583236018407893	0.24540590873124227	1.0229102746644152	1.6412724951810396	0.3525771729260131	0.3950507913602458	0.24025711560165136	0.3615518978872475	0.27235513558050484	0.01291393326070182	0.34457121606049995	0.25973115687847736	0.15472620228527395	0.5021143772994957	0.4153970646658529	0.32083188488233333	0.5359107959614364	0.4563103760992735	0.59428731275004	0.4241753317622494	0.41321681648784675	0.8086344479675458	0.32417831057359997	0.41177751033415144	0.862555088012805	0.3197388717806195	0.4347191753605219	0.8984627197828186	0.3514936093468345	0.4950011497853849	0.9140917804202735	0.21044335180323914	0.39178119641511705	0.3250828064127491	0.20827232332986095	0.45149262662307044	0.5964203323144447	0.2810462279026617	0.4316777165038304	0.8045672517978135	0.3562424970043664	0.4849899901062738	0.8684972262173762	0.362739795382903	0.5026894038281762	0.9108481003961819	0.341496974965814	0.5001448489806338	0.9261671778099595
132	3.069767441860465	0.4545012586390071	0.5182973657872475	0.7846302049130299	0.43193805984396755	0.67326934655317	1.1680924894018658	0.3941565991779463	0.8760969420406289	1.5770021518360595	0.3520108184887715	0.6659044609577122	1.6052507610740965	0.4162864655122222	0.7348518763846515	1.6262562650760672	0.39343159209324907	0.9853322112252993	1.6389370557368594	0.26194095950175594	0.5169248291982831	0.7877798072734148	0.2779426985969111	0.5934608139517292	1.1491649633248493	0.24914829543033062	0.8552875759424864	1.5600420306433431	0.22441553972971245	0.5872292769972168	1.5495759397896167	0.16791267599256668	0.6598688839315514	1.5619449271777035	0.2527052271287563	1.0290878918451076	1.6456106503279915	0.3539031191095967	0.40056074960518895	0.23946355063669067	0.36344887703677975	0.27695020090030287	0.009097931663758952	0.34475128755179824	0.25509373252263223	0.15408071350323438	0.5055425343282931	0.4151460185103784	0.3203930108710257	0.540430027091874	0.4552496238144117	0.5927539406360244	0.4338716166827669	0.4184063461671367	0.8090095745902879	0.3299066048140943	0.38509748536992694	0.8603214008342095	0.32451279062212757	0.42100541197642327	0.897531019540313	0.35852753147770644	0.49022090222425757	0.9170333309969709	0.21046523121822505	0.3919558384517899	0.3250759736891431	0.21033769402924585	0.45892760039569075	0.6002564099855134	0.2787224231733289	0.4412740496861735	0.8130078483819374	0.35349477525655126	0.4853146547854662	0.8711730548425654	0.3629717755636254	0.5041070394957614	0.9169772933845309	0.3420027430289555	0.502298318847126	0.9301062198175822
133	3.0930232558139537	0.4549807514727729	0.5185803508193865	0.7868199611463172	0.438503610381739	0.6932971194549171	1.1741668570493216	0.3971898619903419	0.8756713953898352	1.576859756031471	0.3582139726614063	0.6573261666953968	1.5982049606946291	0.41770604245618015	0.7248488808687291	1.619059684729917	0.39336304246381393	0.9908465344830982	1.6415156909454716	0.2664324304052652	0.5274067675397432	0.7896818508633239	0.2823011482573049	0.5936140708516356	1.1523190520595452	0.25941905303756874	0.8512106683785314	1.5704283639391445	0.24459465692188362	0.5923196773667133	1.5532563134507997	0.18742687936536134	0.6594268825142413	1.5649723506723816	0.2623366161891454	1.0283398487515865	1.647321573352703	0.3546149522467155	0.40353989127436607	0.23902700686316336	0.36608465992677786	0.283718346063123	0.007530765895026418	0.345305679309169	0.2510931441581806	0.15457903326616307	0.5075342030895713	0.41582205509592474	0.3206517895078498	0.5447890683512282	0.44916997663777214	0.5889040838204052	0.4533258295064094	0.41080701930429114	0.8056642364050686	0.339930819822172	0.35255258610193724	0.8623918100116181	0.33895640524472626	0.3920336205222889	0.8978482766443017	0.3746883599634387	0.46796993330191305	0.916260377592939	0.21054968433044519	0.3919062018482011	0.3251073128569496	0.21053941613601418	0.46750994867413803	0.6008810452498142	0.2726935930316301	0.453876757815475	0.8164517173810479	0.3454822967320669	0.4673881916991254	0.8718573154849016	0.35748543236512964	0.49064242650899814	0.9195731419237385	0.34022434527287976	0.502817795786776	0.9309088588410671
134	3.116279069767442	0.45590178403819015	0.5197603523969865	0.7870782870829444	0.4411851452198329	0.7052398193808154	1.1839910208123121	0.39989099006031203	0.875329403788051	1.575468849789543	0.3604293981015997	0.6488881616109144	1.5933184816518058	0.41652553048667407	0.7150963654237504	1.6131797057325372	0.39312404520373007	0.9903573985823482	1.6431603757505926	0.269637053817789	0.5345013062555576	0.7923527968407188	0.2832868976955737	0.5938783424780761	1.1551002361353013	0.2700504451473597	0.8514470153950452	1.5783878590250249	0.25538457376475443	0.5975162197951694	1.5608246811411648	0.19926169674628663	0.6594318739247552	1.5669274931856667	0.2744853945336724	1.0103589890454472	1.644772950947724	0.3567068408906744	0.40290553160045567	0.23914334122141598	0.3685549491175267	0.2906548896869171	0.00873195166238278	0.3466152778492286	0.2461733250779262	0.15570788312841027	0.5088264277574248	0.4157689438568717	0.3221682407492111	0.5486216848435093	0.4412830653822769	0.5845789001725614	0.4770961186475981	0.39440959141219695	0.7988879119128873	0.35541234600221633	0.3412651942369175	0.8672135454722586	0.36298328235312993	0.37197677750598496	0.9029962778205549	0.3961331306189909	0.43297566207648763	0.9130080062127651	0.21063247002264104	0.3919746291789615	0.3252351900945418	0.20676834213410164	0.47791121208144355	0.5973689177555581	0.2649792091527269	0.4687851383828294	0.8151709728404621	0.3346418129842975	0.44129277643626263	0.8729913989224488	0.34871746932039205	0.46981670640034956	0.9189790849722836	0.3333845011010889	0.4995508635963506	0.9300420506560083
135	3.13953488372093	0.456763653027212	0.5187204348528631	0.7856087455521366	0.4412020600603015	0.7058318696094068	1.1889530975243494	0.40102433133519355	0.874823918384973	1.5732727502166075	0.36127589634346524	0.647217167734149	1.5938254439337354	0.416022121524796	0.7136773726302179	1.6119393710355907	0.39408455102039874	0.9769452367682883	1.638995931512091	0.26863009792730225	0.5314043494818134	0.79211227442881	0.2825546394279541	0.5938973599885977	1.1557381817565977	0.27688277460537014	0.8527204278011709	1.580583383439289	0.2591861264161427	0.6008368760352295	1.567844077169973	0.20588412342375206	0.6597894456821364	1.5693019324868174	0.2843634916201006	0.9783015885403288	1.6379107450639638	0.35974974587111563	0.401543115539345	0.2390632205940769	0.3698021987796614	0.2949391692246216	0.010029651586843857	0.3484775262783137	0.2427723133897349	0.15588675742122576	0.5102502734070857	0.41544884642367474	0.32298306880688377	0.551795498126934	0.44029221256534024	0.5804616112587958	0.4945959478415704	0.3820588615259372	0.7905647648481134	0.37835416894923873	0.3505181121582125	0.866130105570064	0.3909678012790405	0.366453248213902	0.9076339871201952	0.4149900072388447	0.40529392625670124	0.9103634950930003	0.2106528354708967	0.3919577135726801	0.32512624546436586	0.20103241147435205	0.49149336423329343	0.5934362593453661	0.2589567426459133	0.4808595751996013	0.8123416324852182	0.32598276564188916	0.4237715141917304	0.8750685142231851	0.3402182104946092	0.4516738738762309	0.916831530515066	0.3209750746390074	0.49252197685878774	0.9287475287409498
136	3.1627906976744184	0.45913770501241724	0.5130484505553058	0.7813545540579334	0.4420487449773699	0.6977919549115279	1.1840964322943563	0.4009877863759138	0.8742156061320038	1.5718241482050985	0.3611183015725163	0.6445044359947367	1.5957779382660873	0.4176912501615469	0.7156473689010959	1.612931664359683	0.39679481613302486	0.9527160546342348	1.631143899708591	0.2658232576986608	0.5253235992986707	0.7870651060182136	0.28393143111331715	0.5933152172853113	1.1542915047513225	0.27898997636889805	0.8525416677042239	1.5774236442689922	0.26355357853732164	0.602400675601188	1.5720225220703887	0.21378245922799322	0.6599615499600766	1.5736118801639376	0.2898695953600293	0.9504961410477071	1.6294835684012423	0.3624983820269219	0.40141180192361514	0.23782842465662396	0.37000691640694894	0.2947941726339818	0.010213714434720151	0.3504944639116773	0.24259812234708855	0.15595844034918505	0.51181300132496	0.4153703356507534	0.3209163349103947	0.5546227894126653	0.44765708023987594	0.5737597185870971	0.5034805736780358	0.37910456064204967	0.7836992588475611	0.40678794092210646	0.3538477949976433	0.8605523059074343	0.4179549153340172	0.3540549287019689	0.9063357512289516	0.43624358424248383	0.39561403292714825	0.9091817965092468	0.21053643176926037	0.39140533325494675	0.3241608719106553	0.19657833602212876	0.506019842970454	0.5920960451911229	0.25340652714665757	0.4881350035890045	0.8094756251341845	0.3187348702090806	0.4197378359731812	0.8766268394373249	0.32816592353754914	0.4363780291840202	0.9132783099568583	0.3035199339710075	0.48125570677670637	0.925159403502289
137	3.186046511627907	0.46453833869458044	0.506293053665185	0.7771163924927847	0.4440674528286055	0.6880451979791923	1.1748752582327635	0.4009168612610333	0.8741877341659468	1.5716653681399684	0.36036926764113725	0.640297556869766	1.595698865087018	0.4196331731326576	0.7148271306266842	1.6144983647632523	0.40132463817044606	0.93327101419409	1.6267914931082825	0.2670227669915489	0.5246961384921538	0.7810301132848797	0.28829899735417064	0.5908876060763748	1.152649297603678	0.28005095440374783	0.8513868397355613	1.5736749290132743	0.26913678050599443	0.6033427237798896	1.575788615931942	0.22158357467548892	0.6599426875453416	1.5782246629708114	0.29387846173270604	0.9400111553604488	1.6248221323301868	0.3644966125103307	0.40200139709389665	0.23588049829910146	0.37047015240963765	0.2901980427006944	0.009928961429453553	0.35195157171586616	0.24397765143738953	0.15699784039844766	0.5130564587067249	0.41545840982652577	0.3174889018110041	0.5559130190092738	0.4554687800182594	0.5640858195045527	0.5084541468093333	0.38278914513126805	0.7798123444952034	0.429171372185025	0.3433296886444471	0.8591593155333059	0.43931991890794564	0.3319756969973783	0.9028649303282699	0.46509260443907924	0.395763781780516	0.9088793601150429	0.21035091417442064	0.39049249531176533	0.3226459801146344	0.1950160924387834	0.5165046303893286	0.5921073108527455	0.24717417827460283	0.4906779895018346	0.8072372746663006	0.30934062295774467	0.4218832432486693	0.8768885328904138	0.3087502298021958	0.4185477866479479	0.9087190807699502	0.2846887533391305	0.46887293157397386	0.9189814514684054
138	3.2093023255813957	0.47109450692649074	0.5040419783329178	0.7761468487198235	0.44551610496499905	0.686261633957968	1.169667592687025	0.40170493417119923	0.8733947556765193	1.571677813552586	0.36162574901129996	0.6396665865663126	1.5948477276935762	0.42050454988365993	0.7131453670629331	1.6166315278300842	0.407184024322665	0.9298262743005985	1.6285710088056708	0.27302843248923464	0.5283244891517013	0.7792689443203012	0.2927001819064361	0.5847048260382014	1.151211595615359	0.2825728942435376	0.8506318290010924	1.5733101297973229	0.2734097477215616	0.6052427427852307	1.5798125549343855	0.22513005953756618	0.6599603603594226	1.5802826586488616	0.296858692573312	0.9425347817979909	1.6262424742183352	0.3654461583310086	0.4023330836812787	0.2347248883643523	0.3714827195190582	0.2837687475918205	0.009652144729291049	0.35252918471879985	0.24516530452299068	0.1579863289101495	0.5129744348672758	0.41554668516516546	0.31557363527917837	0.5537366261826377	0.4625373473842187	0.5554654707509821	0.5131586904276133	0.39045148730443696	0.7784463502456256	0.43820443254425806	0.333195149209441	0.8609437398084016	0.4552652500729024	0.32320688250568064	0.9021646106272844	0.4917378322935585	0.39962841683679723	0.9099894238149053	0.2102682254538512	0.3899067343954808	0.32171676544227185	0.196309375022625	0.5203086839637595	0.5910965509694579	0.2416358470662332	0.4862871290460301	0.8070815976536347	0.29874545413043013	0.423225439258003	0.8763810645727212	0.28734125172071456	0.3995216253022572	0.9051350362478694	0.27049909610496414	0.4642206237439769	0.9147311403727603
139	3.232558139534884	0.47574455096587526	0.5060151338025174	0.7763474710487183	0.44614805323567996	0.692315895662135	1.168048163818238	0.4030106047102665	0.8687686457543459	1.57032394044699	0.36450956857984623	0.6366231183730534	1.594621467906706	0.4212776991292515	0.7121745903887895	1.6178846562154006	0.4117257834559189	0.9383666724771864	1.6332870276792484	0.27941547686890805	0.5302862029997987	0.7807029836997036	0.29535895082111985	0.5753420163059024	1.147901255090676	0.28539704743230576	0.8503757896500777	1.5755605515284217	0.2760801460354542	0.6067579280272507	1.5801586774605223	0.2258290803941885	0.6599632200303571	1.5809835923464757	0.29758369921396044	0.9470312931837602	1.6304059277399714	0.3654824815047434	0.4022823532095713	0.23469857102903052	0.37220182231702886	0.27991197124201045	0.009763569373542625	0.3525804433235739	0.24553962959907827	0.15820481822325688	0.5115966043616412	0.4156411376293736	0.31516977432817345	0.5488268124391169	0.47732439152223316	0.5508486357060286	0.5183638818599358	0.4004566091105578	0.7788528067671343	0.44287275122457986	0.32725870114989253	0.8603397773039213	0.4717876792683523	0.33484598351859285	0.9024446861807636	0.5070171779823149	0.4077707587067703	0.9119473177047973	0.21024815792777413	0.3897522436555445	0.32163739613721043	0.19926195500995425	0.5199431139159245	0.5892520002652718	0.2366985352101097	0.4756110087868317	0.8095588195182647	0.28881510779159336	0.4190594141008668	0.8764178866264584	0.27080675277066885	0.38202322236142805	0.9034038333250826	0.2603728933880173	0.46656070416214496	0.9148154165554558
140	3.255813953488372	0.4768269844724075	0.5082762756298994	0.7752562896419155	0.44687715624635493	0.697228697837178	1.1658815037359411	0.40378146097369616	0.8616960300487425	1.5679301589243577	0.36614676944594016	0.6302991436043324	1.5946396389335735	0.4221407478064436	0.7110623243702866	1.617804671727961	0.4132502932785197	0.9473617144712598	1.6386187461970139	0.28407271774960074	0.5287160981725627	0.7818288045297612	0.2969758864417709	0.5671911535287095	1.1438562995506119	0.2866962650900146	0.8497156849257823	1.5771997942277975	0.2762072898838809	0.6033016391844469	1.5757468074425032	0.22639764878971194	0.6597359857247818	1.582566500088568	0.29747473552392034	0.9483021933371413	1.6325178408480283	0.36531462477775106	0.40215695181598676	0.2348822363145554	0.372340418381255	0.2796459706748537	0.010832560400398676	0.35243623346292546	0.2451413997642865	0.15819443100943575	0.5114303749799296	0.41565763300504	0.3150013922578739	0.5440089138447148	0.4993306934781544	0.5495165205432732	0.5229453727529082	0.4084163515981629	0.7782557019189715	0.4558073014866485	0.31688066147079613	0.8579003470545112	0.4900247582975834	0.3476953373947555	0.8997863456804078	0.5141172281496433	0.41379286358526557	0.911774552211787	0.21012099414800758	0.38963542412257063	0.3217692510463319	0.2022905318084364	0.5193602103725561	0.5884080751351803	0.23314566314552915	0.46682979844514216	0.8121031287659429	0.27753733864728103	0.40533503602527726	0.8781561457355463	0.2595896452429135	0.3658538761250092	0.9030419891281636	0.24873778849442557	0.46352632894936285	0.915062640432445
141	3.2790697674418605	0.47400833327834185	0.5093262272827578	0.7742567726855168	0.44746815477480373	0.6977576190943899	1.1643860190087072	0.40386973404193505	0.8571611755892368	1.566515949713419	0.3661250824168877	0.627107153575503	1.5945268764958147	0.42196487934859866	0.7102164100707775	1.617792342601407	0.41361269483865376	0.9505110996517943	1.6435593721415636	0.2869358035401334	0.5263880660346923	0.7825037071860166	0.29802835116714077	0.5626032159085467	1.1425059947798637	0.2867580163977263	0.8487349098107879	1.5772469766505899	0.27307156356168266	0.594614795308584	1.5696451249104773	0.22623037918427957	0.6592746847626059	1.5822401261554842	0.2979891258632683	0.9476986687089088	1.631158796457971	0.36527536616419254	0.4020285358771657	0.23476642393359512	0.3723756320431517	0.2802404751133131	0.012477540553405712	0.35262328098924034	0.24531731628897185	0.1582007496645056	0.5135401430988354	0.41546453933346256	0.3148274733326333	0.5405393715958682	0.5167495723845537	0.54791635725228	0.5266602044494664	0.40797403494566387	0.771270448220737	0.4784142647092122	0.29773615818208055	0.8526227189541958	0.5070939388710192	0.34000469066662026	0.8899993574981402	0.5202173199664298	0.4104884010382413	0.9041852610586696	0.21030127187777498	0.389584365714364	0.3218010938892741	0.20424776941020864	0.5191267687908961	0.5880475068853871	0.23349567164322285	0.46619314613683305	0.8082768964517983	0.2628602729510724	0.3830685391887465	0.8784978234551942	0.24956305434423426	0.3516938494771126	0.9006474251269168	0.23324544818813764	0.44748761757015076	0.90837584460799
142	3.302325581395349	0.46952991520322007	0.509171421056556	0.7745380000162821	0.4474641373195558	0.6970169428975554	1.1653282512893588	0.4038169746850549	0.855969285653823	1.5665812388836973	0.3660330667527958	0.626543938617343	1.594404576299839	0.42081351455189187	0.7104900135234617	1.6184744162839335	0.4143189393559724	0.9501754685525218	1.6450888585725214	0.2874677781807079	0.5233982070383574	0.7825062340640778	0.29876706976928147	0.5565970473655328	1.140942017114656	0.2863755164648302	0.8482536360246006	1.577041377277152	0.2695971385669214	0.5866591125946605	1.5644035698721073	0.22428820056447824	0.6587659945811888	1.5764049897549754	0.2987423828137433	0.9478700788811175	1.6285280435836642	0.3652694073627528	0.40195317037767264	0.23485031504655113	0.37253441878892996	0.2797722397863994	0.013482203327067763	0.3539096339708794	0.24798494604749327	0.15787553980867447	0.5154812988608961	0.41530930655443676	0.314368769691314	0.5377917190266017	0.5254166951849256	0.543227045628893	0.5304657411577292	0.39897430269752254	0.7565309071761049	0.5028133752351942	0.2755909159271124	0.8380437003788288	0.524716775329932	0.3101705759943677	0.8682821750945307	0.5288486289787548	0.3976210318020664	0.8827230124241938	0.2116205767316488	0.3899127756038239	0.32180402209827597	0.2058297487243646	0.517155416807264	0.5847316336729466	0.23671531217442082	0.4654383004446855	0.7937662736578421	0.24879779773577848	0.35888679015663577	0.86949445984724	0.2384580686303446	0.33824833603471277	0.8889556869052956	0.21560815469764316	0.4251613991712178	0.8914223890454
143	3.3255813953488373	0.4674175412617889	0.5079266237456964	0.775327517553869	0.4475909946423501	0.6968000197306317	1.166193910022088	0.40389393610742264	0.8552858987374335	1.5663057505151345	0.366645802112603	0.6268888720667557	1.5938480834786777	0.4192217245424317	0.7122322953868464	1.618974312914317	0.4142802617514577	0.9492376009469845	1.6407515125159937	0.28682344619674405	0.519892959031773	0.7822787183435305	0.2991509194155235	0.5497788365277047	1.1364297688670375	0.28507602416763506	0.8482950313964166	1.5772083467647955	0.26805546106162204	0.58479607807546	1.5620282810658979	0.2219164192836733	0.6584453673835164	1.569016474636907	0.29937737947211895	0.9488016501353488	1.626665622662236	0.36533358363650253	0.40236426989357005	0.23592700891867738	0.37262815845334135	0.27866984949845874	0.01359193430809483	0.35589048147232066	0.2522695673876	0.1571949337540084	0.5157393817007169	0.41551184435826394	0.3131167557323683	0.5349604032395493	0.5302957910345845	0.537421437352518	0.5345307006561542	0.39011313245879775	0.7376519810265092	0.5209281192671423	0.25970766522691324	0.8114294872875796	0.541990177994415	0.2790185727067111	0.8352648644939215	0.5377093477647766	0.3745573010511185	0.8486957706621991	0.21362798988685305	0.3902826662339487	0.32153355870215905	0.20784519016216213	0.5141536390429622	0.5768508083185704	0.23861979318685791	0.44957839787637055	0.7729141821061292	0.24136219571709128	0.33816721405290956	0.8482979079361677	0.2298444687976105	0.3227339566687837	0.8651376283894442	0.2013843775350942	0.40606339996378166	0.8684122919771715
144	3.3488372093023258	0.4686360615442197	0.5070056678912137	0.7757808549196614	0.44813447705555903	0.6970203847283644	1.1654402899137244	0.4040757857872196	0.8539405051939343	1.5646237676639267	0.3675134914173186	0.6296500438900754	1.5916547403300303	0.4171769386870339	0.7147173135544055	1.6179291793819273	0.4128425013463142	0.9478954020025205	1.6334991380499926	0.2866881565306478	0.5215126797138394	0.784813747233932	0.2980649869168168	0.5541727244908075	1.1352560951842086	0.28301812665366743	0.8483323436092522	1.5764771749407969	0.2667421346343898	0.5897852110551542	1.5629050553325001	0.22058919035740365	0.6586830549712676	1.5668169496819209	0.29966556625661833	0.9476279254984368	1.6253272940218564	0.3655790440382815	0.4034017696549091	0.237656178110241	0.3725949590281915	0.2782493358229521	0.013469831823742775	0.35716398851946246	0.25501610766939137	0.15655810566135883	0.5153906946245415	0.41448633075402397	0.31136313320924225	0.5323104404304974	0.5336386651069904	0.5323427417694554	0.5394353570875074	0.38951238646536956	0.7133212784883058	0.5296762593205047	0.2506062320578915	0.7762328620583613	0.5506759112718266	0.26166528750040796	0.7964009841221036	0.5422183797185045	0.3430681154008214	0.8107526560708956	0.214704223156246	0.3898756555721333	0.320472568855408	0.2084280614773085	0.5157057232179637	0.5668106705096649	0.23719094012063202	0.41752682458437695	0.7502811457926425	0.23951032111223003	0.31992248296670556	0.820244317342903	0.2260939951862037	0.304880443140989	0.8343673963085397	0.19597072464588172	0.3861031425711534	0.8435531238490138
145	3.372093023255814	0.4706231469567859	0.5068983223378121	0.7767698295593909	0.448371916075826	0.6976370817146127	1.1652582049018996	0.40402884987322674	0.8544242384549605	1.5637879780042445	0.36751493086303666	0.6341041070573286	1.5883519367837873	0.41552289335010495	0.716216233032019	1.6155811131914133	0.41127837334513134	0.9491992796814882	1.6303881876989643	0.28703804253362464	0.5285878780549695	0.7897465354469602	0.29568429536175944	0.5702521595078709	1.1415346864320903	0.28154852126868896	0.8484044933129689	1.5742768009846801	0.2652566637907655	0.5975611577124064	1.5651308423041708	0.22014647223910513	0.6584415142692004	1.5687436720811327	0.2984275284998505	0.943976150890679	1.6243457842374398	0.36549203772617334	0.40332104678295366	0.2385876160326274	0.37261283724553995	0.27890040200780614	0.013373194713107286	0.3574332682918776	0.2555990955232181	0.156426281458517	0.5155049781058223	0.4092599854212443	0.30966047896600646	0.5312736393169131	0.5359446296319872	0.5247077903685409	0.5453182990600189	0.3971643921847854	0.6797539280828375	0.5306021070008962	0.2423026173675497	0.735979825245949	0.5479817807405207	0.2502148558904812	0.7538598232526625	0.5425325285808955	0.3098434222089346	0.7712941820500034	0.21450114153693167	0.3888035107929027	0.3188993421621274	0.20662168253513635	0.5250245303521263	0.5577226987042061	0.2347298494351816	0.38572614149460926	0.7239553221812677	0.237871327772954	0.29967900049165963	0.7883281214113543	0.22278517328300065	0.28540482095745434	0.8020730770766897	0.19725277715151038	0.3591549681510033	0.8154713933274085
146	3.395348837209302	0.4717085731268392	0.5063183217143589	0.780604850047943	0.44805026841492024	0.6985490129966543	1.1669874481178222	0.4033243394700695	0.8603376387588743	1.5663602533477738	0.36497529875013507	0.636303207298335	1.5861347510392758	0.41473971241226093	0.7165329394143308	1.6140576880058934	0.40978443146569493	0.958225371921578	1.6348394473146537	0.28738866646573136	0.5334637399976887	0.7924437462567647	0.2942983918624877	0.5827820351006597	1.150079873556886	0.28103427924581736	0.8491222854968047	1.5734653917672912	0.2653741958746489	0.6021753377586152	1.5672651429610658	0.22029920645607873	0.6544818875559316	1.569115220693981	0.29544404889376946	0.9433350439247596	1.6258439751050782	0.36415838377634024	0.3996839570801094	0.23808270388809094	0.37276941500521865	0.2799119578574732	0.013467545723705695	0.3571495434054065	0.25512172392336663	0.15763717049983805	0.5160184199061298	0.40118984858923123	0.3079912647092579	0.5316493210301945	0.5394840226690462	0.5142147739073961	0.5499211570217041	0.4074169747922027	0.6426757532213274	0.5261006510118331	0.23231974827882268	0.6915956716467595	0.5400258533994227	0.23678548533270272	0.7072436534338544	0.5417960184023591	0.2803133858928373	0.728599512867757	0.21405440744750626	0.3880414071314458	0.317863198311816	0.20478478053654986	0.5362512826291979	0.5504292470330246	0.23381546195990197	0.3648402139590729	0.6962740798085005	0.23469264126137787	0.2773383319364581	0.7519162002026415	0.21759657365707757	0.2644868101647374	0.7699216961818117	0.20109013624740127	0.3301719249801496	0.7859194470209301
147	3.4186046511627906	0.4723909390531348	0.5059245220953538	0.7864030789554547	0.4474815254604845	0.6996195189323806	1.1702795727248205	0.402250503182108	0.8694236935493074	1.5704974734617816	0.35947315289285514	0.6331432700753418	1.5853022217095971	0.41355320574033105	0.7170395462052948	1.614244177682783	0.4069006529654844	0.9709516967423115	1.6419229707087888	0.2877648883208248	0.5335636728620651	0.7912434008403954	0.29479054580207886	0.5853794245875094	1.1557189616040573	0.280680776567199	0.8504083455197988	1.575174727626919	0.26452594904675425	0.6001525930886304	1.567099080913904	0.21938438654163894	0.6454904200767504	1.5655171487710038	0.2930567577689309	0.9481960245112603	1.6304047027816977	0.36203504296029243	0.39395461102367957	0.23701419957039402	0.37258895480801296	0.27977084824112725	0.014512499264982808	0.356074532237405	0.25298757436630404	0.16055953976240628	0.5164359259175844	0.3962796996775055	0.3066877395022902	0.5329207269827532	0.5476358023044778	0.5072963136002633	0.551674025351242	0.41291776728831286	0.6099605800397747	0.5174229222640193	0.22244089916831422	0.6450858506846047	0.5320975755291353	0.22722432684206995	0.658376008739077	0.5397162093958902	0.25801607540170457	0.6857846469514263	0.21392275184967635	0.3879157284432838	0.3177150250880024	0.20431182617587576	0.5402966241122055	0.5427140045365356	0.23303289020773338	0.34518019607393513	0.6738247663000106	0.2317411622389166	0.2586787849498515	0.713385495578695	0.21543812379176927	0.24352862413854323	0.7374277909511096	0.20870680239819456	0.3052927589820201	0.7586013494945416
148	3.441860465116279	0.4737642644700839	0.5070678672394149	0.7900313163865783	0.44688357470612067	0.7006837420590349	1.1749691910575075	0.4015994105441449	0.8749321555241432	1.572725199465813	0.3549041463952304	0.6292073669245072	1.58573145955069	0.4116511716885839	0.7179568378989443	1.6148164564700425	0.40292866304007247	0.9758917588334443	1.6458361586365857	0.2881704333211329	0.5324155261240539	0.7893419724780948	0.2954619288537864	0.584052304551978	1.1577962275520282	0.2803180820905869	0.8512622276282963	1.5758378925723728	0.2589297487708798	0.5932340484971221	1.5620393432230417	0.21535378647144632	0.6356091412965744	1.5589815893807963	0.29279949562103635	0.9566064635896586	1.6351865759526385	0.3607366378096127	0.39044771517545956	0.23645511238255262	0.3713654015772345	0.2765744684668191	0.016755554911317357	0.3544301705287143	0.24947243097302885	0.1636797357863566	0.5164610687048977	0.39669250368724734	0.3066780537744768	0.5372537598316566	0.5616546014594848	0.5068654083011809	0.5520138464551781	0.40845496665353354	0.581944563345237	0.5084343449630565	0.21573977822493262	0.6003777874585725	0.5262915176118871	0.22304323394489153	0.6097508542244721	0.5331518601509226	0.24574242560417736	0.6467160427556871	0.21396171186424615	0.3880277074983845	0.317974937656698	0.20426692816817202	0.5369728832511911	0.5317783301254232	0.23001362356201271	0.323129846599269	0.6536080474747856	0.2305348431494546	0.2486927097739332	0.6751960199642008	0.21879977812162335	0.2275944632576628	0.7030358150841681	0.21892287915407574	0.2869475197347329	0.7302707495366002
149	3.4651162790697674	0.4757714916726378	0.5087776264337075	0.7907258904316573	0.44658983164993193	0.701167061070141	1.1793223808892348	0.4015939203204287	0.8754028197517294	1.5729050363336492	0.3553519345338516	0.6341369742540961	1.5886865443966751	0.41043781315650707	0.7184634536277731	1.614761015332125	0.399942558192889	0.9766777881921811	1.648698686932167	0.2875863180720759	0.5321034981072136	0.7894985366436315	0.294594883196441	0.5830870288091821	1.1577027525351165	0.2802893890076266	0.8512648249205886	1.5750717359579869	0.2508473796531352	0.5888405912206354	1.5549305639438844	0.20969767184644966	0.632767765132898	1.5534098280342454	0.2927937711735082	0.9713112353745303	1.639609947341885	0.36058658290043105	0.3897994659424805	0.2365430482587892	0.3695430113211908	0.27123742384701754	0.01899604545452091	0.35338169801587427	0.24714392822441456	0.1652247591077375	0.5162742680510359	0.39748596971258465	0.3075472384483311	0.5435966796038066	0.573860272505678	0.5087713910956232	0.5524458409947695	0.3958948082669144	0.5590520697982582	0.5053495843780067	0.21187183418257466	0.5582939806398167	0.5238072533081032	0.219216835785349	0.565493091031103	0.5213891044122911	0.24457257946511862	0.6106420118281274	0.21398199204476936	0.388114740020219	0.31795618625220445	0.20364525944752454	0.5342873220155531	0.5196955377190176	0.2251227389212635	0.3180733157163595	0.6287645485636516	0.230631529133842	0.24669598875873253	0.6375711592348673	0.2228736166554053	0.22039985566062292	0.6655496875552773	0.22581272946850858	0.27613509995002133	0.699230536457374
150	3.488372093023256	0.4764124748483629	0.5112393707342628	0.790501668215258	0.446968415346237	0.7009497458389063	1.1812466608055074	0.4018598565140132	0.8745492067145064	1.5726790495552319	0.3579447075834137	0.6464122346606624	1.5935021352267662	0.41038539635273674	0.7186872177958975	1.6152850409287591	0.39883345927598524	0.9858408152194298	1.6524243694916168	0.2846095246432598	0.5322019377881095	0.7903394081900055	0.29193312260781856	0.5829187747942296	1.1576332742944422	0.27893443393603334	0.8509843282578234	1.5750611599568698	0.24346375871811704	0.5906633554510702	1.551155929515891	0.2034093639479309	0.6407649991151606	1.5540513747563853	0.28976398228636985	0.9888499694496746	1.6440470755166916	0.36070063372360034	0.38953307667977716	0.23677619388190968	0.36783646899285904	0.26779405206388485	0.020005917138059742	0.35323650685374675	0.24685803241457355	0.1651449715708856	0.5168818718168091	0.3934748738322059	0.30777045970213457	0.5466128742534451	0.5727244364393893	0.5095469159178587	0.551986024171133	0.3833769795670292	0.542660925881921	0.5086177705295937	0.20832184702713497	0.5176444386473616	0.5239209462154928	0.21758492922610687	0.5293776736816258	0.5095481256069224	0.2479403890023848	0.5765218181207648	0.2138363929144194	0.38792862748607587	0.3167481890027277	0.20159897965671858	0.5328488632168669	0.5126434351651874	0.2207301532600333	0.34132076532692257	0.6028213153821994	0.2306429950413308	0.24731264903481553	0.6013295127278715	0.2235864119680623	0.21808171897980255	0.6246560283596652	0.2284192659051338	0.26974793085219045	0.6674465600689103
151	3.511627906976744	0.47453126351107133	0.5163319376323717	0.7885938999121223	0.4477646412154806	0.7007942448264718	1.1810394374611126	0.40198844347431806	0.8744004750212768	1.5726320634631135	0.35733807671521334	0.6547470864169477	1.5988043665449887	0.4109370517372055	0.7196049557315563	1.61846747956743	0.39852695694852697	0.9922933904219928	1.6510889453527844	0.27980707744135436	0.531324695492418	0.7875721802896705	0.28817472245164727	0.5847298942256101	1.1585767261872821	0.27307727749459587	0.8508466848350548	1.5735033306785855	0.23558875332500787	0.5925663906264298	1.5508112457448622	0.19359679772850888	0.6524492839616967	1.5605388205940227	0.2820478627168267	0.9948547194180324	1.6450652282602491	0.36072668873015756	0.38982362836985357	0.2368585580605284	0.3655157732096287	0.26806448143891193	0.019712790915448107	0.3532038054832294	0.24695545327556756	0.16410388170213847	0.5185064193022417	0.3860360538283084	0.3062985155650064	0.545719162250956	0.5566083794293122	0.5097384566200356	0.549059646940143	0.37759400544668587	0.529381143453359	0.51311901098991	0.20661469794453782	0.4825685087951517	0.5238619149937809	0.21876291067918296	0.49826117645633433	0.5028388532395547	0.248446603340352	0.5486650181801851	0.21350855618486878	0.3871656064679577	0.31418903662380904	0.19931056771731448	0.5267637731954056	0.5123298065333538	0.21997063714594506	0.3757700573096898	0.5821671862785145	0.23068536035618667	0.2470227960391868	0.5651943356941473	0.22243508122464561	0.21582528664193382	0.5803150229866403	0.2299765651498514	0.2621136446748105	0.632392885259156
152	3.5348837209302326	0.47184049926033944	0.5218616307871137	0.7832432320508081	0.44822720806037775	0.7008176194886565	1.1795700666015163	0.40177341593739424	0.8750891853200059	1.5726621834544832	0.3541339546380799	0.6583394962052815	1.6048442239644636	0.4121444885265128	0.7214034634790117	1.622955125136584	0.39794648473794103	0.9798944867590379	1.6423034036516797	0.2752142456119954	0.5285496755433166	0.7795659422214776	0.28443573892023316	0.5902477174597718	1.1593746061610612	0.26337874153017504	0.8508707893618892	1.5690591957877675	0.22601349421561193	0.5896139256432411	1.5512379344416034	0.17936206532695737	0.6588654331386564	1.5650880668573657	0.2730407137910016	0.9873537390749352	1.6413279263907223	0.36056979210922246	0.3931375910406819	0.2368141914949744	0.3621317647288903	0.2692725076928783	0.018816514958717993	0.3528601638645106	0.24638191919416505	0.16252434952119402	0.5186248284201923	0.37948187886940943	0.3028612897713525	0.5448378633141238	0.535572566415053	0.5102090935348782	0.5441260510812261	0.37797708030345306	0.5172001659412163	0.514601355219907	0.20871015241412513	0.461682509312468	0.5219244613803661	0.21547819416311945	0.4723770800440903	0.4993154764295202	0.250575042554424	0.5315440151644728	0.21351287840239114	0.38694179634943726	0.31132436510083483	0.20095183154934676	0.5195634582172971	0.5143869407692636	0.22429016640249405	0.3968117978806627	0.5656535641712105	0.23218508036951074	0.2481651170000946	0.5302758508692363	0.2220875066887848	0.21400183120081304	0.5387866422628921	0.23103511474759816	0.25247348703703054	0.598475479178229
153	3.558139534883721	0.46974509921723195	0.5228819628009569	0.7756424377025326	0.44794229076154657	0.700225870477887	1.1771950426288227	0.4013929507678356	0.8767970632945603	1.5726490244100666	0.3516822778589193	0.6638652406132337	1.6094232139843458	0.41398745284242777	0.7230884151170908	1.6245662910590113	0.397535694423197	0.960134796073622	1.6323594711789422	0.2717266990617297	0.5246625494926106	0.7706168662292421	0.2814143370707412	0.596724947193469	1.1578424611040303	0.2549586591096431	0.8506016168794348	1.56457059250709	0.2154535627822382	0.5829952095497414	1.5517238407019316	0.16408900898903805	0.6602665495905343	1.5630606447407294	0.2689548489347516	0.9814262903915505	1.6371118529489532	0.35981373327320937	0.39878657488906716	0.23660507260155927	0.35793964905908005	0.2664217602421791	0.018408058798255092	0.3525066297905896	0.2454841155256211	0.16075194566272272	0.5153739531092723	0.3736554819122949	0.2992060544396645	0.5447615654254484	0.5200482281732943	0.5107509533629783	0.5391758091437809	0.37907764086655765	0.5088952911028067	0.5092007324622209	0.21573178032404594	0.45590377939881765	0.5174360758479207	0.2098360436203914	0.45979458165081555	0.4949263747725367	0.25670798624861524	0.524056987484649	0.21456871499870836	0.3894568944011083	0.308744485296796	0.20779339331932972	0.5158612172773461	0.5160774629839016	0.2317545674065333	0.39432438105617407	0.5516020290667003	0.2352128993529676	0.2540035848285475	0.5065533139805936	0.22263704983274316	0.21366739320628353	0.5133244366968017	0.23103544763046585	0.24557822936673776	0.578665684025065
154	3.581395348837209	0.4674182810082236	0.5195613332101064	0.7687162345850946	0.4472648866532681	0.6991009114665361	1.174893037848336	0.4008656439384757	0.8771942348827051	1.5721960124717147	0.34958208997145046	0.6678359601433885	1.6091840760115539	0.414991662339643	0.723782319986157	1.6229049688634707	0.39772114625496197	0.9455353739817279	1.6251869339096434	0.269017619603599	0.5214701370085815	0.7660318025478546	0.27845672812836725	0.5980470704454148	1.1523764566631582	0.25029749066489737	0.8490570255012069	1.5598318446546786	0.2046392651329516	0.5750988701005135	1.5515712347276698	0.1515359637123993	0.6592695035135454	1.5582505089216148	0.2688317019478915	0.9877437406302971	1.6358193800399126	0.35869900287133216	0.4027404795480856	0.2359089878651107	0.35302009537597534	0.2578422565350443	0.018512445078067746	0.3521416802895192	0.24472494935802297	0.1592185702021472	0.5116214220655666	0.3672955174802391	0.2977385965066281	0.5440476124834869	0.507924060803885	0.5129034137368489	0.5346684117470335	0.37490380513065136	0.505368028746243	0.4957931884069844	0.23026559659311763	0.4543570724354121	0.5077151246768823	0.21778178455678598	0.45857293609771177	0.4888143872589544	0.2634963339496581	0.5197256100227245	0.21630519209872748	0.3939726967996889	0.3065554790007948	0.2152498130643189	0.5098686284579086	0.5178495835067014	0.23900800389217935	0.37650253413529716	0.5430184944741884	0.2380996027665742	0.2622786773087636	0.4984531871084924	0.2228072825569486	0.21478490890987112	0.5065412050003293	0.23072642189695056	0.24454168250804686	0.5728266163092554
155	3.604651162790698	0.46467777679164574	0.5166841689071762	0.7653192666186894	0.44682123271900864	0.6984740417079474	1.1737671683412296	0.3990407792052636	0.8722480676940987	1.5710916759068851	0.34568909341629933	0.664792625720667	1.6064006223341596	0.4140399634174168	0.7237546605596088	1.6213614986146214	0.39720177779082994	0.929451607842438	1.6192266926593943	0.2669523873368205	0.5203548570703175	0.7669792684151083	0.2752880025774276	0.5939373367030225	1.1447193632640909	0.24641086788834704	0.8481567866093304	1.553517963266255	0.19529009795664518	0.5688612351460725	1.5493608954128102	0.1435355913484594	0.6525736082332518	1.5531462058979897	0.26438409427544773	1.0008349893193413	1.6363562650147259	0.3581797687247159	0.40348635069783867	0.2343338853922055	0.34878313086580515	0.2495760702669505	0.017536772550442073	0.3509241391986555	0.24423908117951498	0.15848138909280363	0.5109114399735537	0.36302978574361	0.29813630887672327	0.5439152075573345	0.4931074997884992	0.5186859044364528	0.5282404106844925	0.36218212102175695	0.5044815646099883	0.4814236852147046	0.24862296987650204	0.4475772615533311	0.493287287651308	0.24302122809701107	0.45650205642669106	0.48175921886870116	0.2740103690311881	0.510456861751861	0.21743138705447795	0.396979382908494	0.30540998547206255	0.21898711261811754	0.49968670455446984	0.5189653360777211	0.24294971819895225	0.3606552400315654	0.5417215799918362	0.23896214866988055	0.26544199266391166	0.4970341165562042	0.22203283598015883	0.21827737603906402	0.505936617342001	0.23074821746597535	0.24708330246263766	0.568836348187546
156	3.627906976744186	0.4628587302672733	0.516501799346059	0.7662875522058132	0.4467393086772037	0.698558853397475	1.1737268071997857	0.3951563464303118	0.8637887739583853	1.5699965708663486	0.34000481128740956	0.6614438170233374	1.6061048279111478	0.41249107378496774	0.7237007039000343	1.6212684962726394	0.3946467840382186	0.9121608385416091	1.6152224724788367	0.26571334781113315	0.5210157159531268	0.7700100163719981	0.27319563285884163	0.5899934467495913	1.138912524654327	0.23994890553398635	0.8524745845647173	1.5493751622890852	0.1898071984757402	0.565276497608131	1.546566693340429	0.13913095508997703	0.6389851772862009	1.547082967880152	0.25264473711683494	1.0101682934340568	1.636050619181268	0.35806576877798557	0.40305081037329116	0.2323276334789524	0.3463820548925495	0.2477420254601927	0.015554358815452848	0.348322584326104	0.24421550823643462	0.15842692036782424	0.5117405452086567	0.3636081248941254	0.2985845611427096	0.5459929181836688	0.4827926079785526	0.5256270186539982	0.5194748958272453	0.34505439575347496	0.5043223446661713	0.4735709842665248	0.2600581084033564	0.43776285196930276	0.48155606655048144	0.26700150426060426	0.44963183938314244	0.47517918059561504	0.286790822245848	0.4965723557171429	0.21750220988188798	0.39741108276950055	0.30502551215015244	0.21980315921672372	0.4916558181607513	0.5186663733764724	0.24220721022865166	0.35502819741367286	0.5439383326895525	0.23697509915949477	0.2610403213401905	0.49511285327202237	0.2209466058191153	0.22326051835945346	0.5030678451361359	0.2310925477363262	0.24733253450269935	0.5617648804606801
157	3.651162790697674	0.4622458718170037	0.5170440252243476	0.7683201249886341	0.44677348529855654	0.6987929418157919	1.1738764010791252	0.3912857938709959	0.858361057618671	1.569122138251188	0.3349786254768801	0.6656998607009779	1.608589451048697	0.412432387788221	0.7236659422304738	1.6215432239465106	0.39142749882359845	0.9050006001833999	1.6151026224923728	0.26508079349657654	0.5214321224108767	0.7698709097763685	0.27195065799806284	0.5889511751364713	1.1357955394330355	0.2314064975473104	0.8598948896480647	1.5493530469987582	0.18879545175803727	0.5648812738104155	1.5480050803263286	0.13585406077575923	0.6277631256009819	1.5435576851846198	0.23977807948102747	1.0143989218194887	1.6337893841820328	0.3567004062524111	0.40222460661429604	0.231518712008298	0.34451857508763795	0.24970402404971442	0.014972410824855682	0.34475436367120404	0.24503708676277636	0.15823686013490068	0.5109232197374772	0.36894680129756885	0.29835360428716934	0.5487597461199387	0.4826743680480347	0.5292969125297743	0.5122629644104026	0.33168726197712584	0.5038413902637708	0.4694473998649245	0.25862453460367907	0.43226059673712286	0.476475734245516	0.2759946382607433	0.4444483215091717	0.4696211678271828	0.292738597573846	0.4868927134496216	0.2171378466840587	0.3969908572202081	0.3039919819377647	0.22076978938868608	0.48974554257406866	0.5186446656398713	0.2388143168080581	0.3539959910660665	0.5436885588015232	0.23289274608951102	0.25641139938047924	0.4935379263518038	0.21954793648390683	0.22645975827204365	0.500214888343725	0.23093431488534027	0.24359710949489527	0.5550573608571541
158	3.674418604651162	0.46204076917742265	0.5162280465138739	0.7675506189412589	0.4467700958213666	0.6988981201209249	1.1739140125517626	0.38981549448989794	0.8577472586915097	1.5684037222346698	0.3334738447526602	0.6754871537343439	1.6110332830406662	0.41403056001911265	0.7237413956590616	1.6215473505078526	0.3900220708470654	0.9061167663353413	1.6158433294577856	0.2647305119990211	0.5204715252573591	0.7655580741362233	0.26912264307831646	0.58932089387623	1.1338036305439343	0.22379154576383703	0.8639725693217319	1.5497014848302078	0.1897453584824707	0.5753963400744082	1.556574522813523	0.13228596085351763	0.6268794244137158	1.545593082928273	0.23069689297135287	1.0168517013740968	1.6313692685017607	0.35357228148510217	0.3997210844455117	0.23296988044505287	0.34175045880533667	0.25239366267118934	0.01587065664315261	0.340661745397831	0.24736011452474094	0.1580307157224236	0.5091979221270092	0.3759869370602419	0.2977127194351354	0.5504622170632774	0.4815006876944886	0.5293025648785904	0.5086360145833975	0.3236971347594455	0.5022070891394341	0.46312058150731555	0.25008180149216236	0.43186790199079483	0.4744242566109481	0.2750325100387	0.44405052240293674	0.4649503514237827	0.28988685170785733	0.48508393976497693	0.2169172671872792	0.3968349466605102	0.3023222703305764	0.22214358514445776	0.4947313220460411	0.5196860595599285	0.23531995312712414	0.35232543656626436	0.5388420658820561	0.22760744264305963	0.2543014186849694	0.4932926038189186	0.21590153278277	0.22688610169753115	0.49956216287411714	0.22871946772244187	0.24201169753408736	0.5507246911638315
159	3.697674418604651	0.4621043141296127	0.5144483423660381	0.7636457830925798	0.4467218863296836	0.6988528086868357	1.1741726325367485	0.3899686600546438	0.859114032725614	1.5692502040965353	0.33436476950571764	0.6846008541993319	1.6128200580552041	0.41451977963969205	0.7258674994542925	1.621466496499403	0.38871286720769926	0.9076477443345949	1.6160450860059055	0.2647544553772385	0.519025183003901	0.7606998365003986	0.26424125764619893	0.5893089770550914	1.1331544436766368	0.2176975468048633	0.8695243623995283	1.5499091609697775	0.1878101230022684	0.6026831015042581	1.5701805273604545	0.12818316253444545	0.6325875663654412	1.551385168782397	0.22291410831695005	1.0190492701659677	1.63195371653653	0.35048569244141536	0.3960392821655314	0.23526996647018214	0.337580028811965	0.25836534838651687	0.015563830834677928	0.33537591258447225	0.2540459796837262	0.15879291115557115	0.5084231875283671	0.380172794360557	0.2972808147097397	0.5517698090996909	0.47082076671636786	0.5276287642635181	0.5061903206236363	0.3175096406776644	0.49822966505666927	0.4562830636932315	0.24576497746145526	0.43114509070004087	0.4721230795291216	0.27147231687447104	0.44324718358322723	0.46145602813442604	0.283699721903669	0.4865474678926645	0.21671036518791353	0.396842499183674	0.30104344291627744	0.22115990705876507	0.5040743768794723	0.5192398318438936	0.23037057609852774	0.3505031871861708	0.5318464917022299	0.2219271892355684	0.24863351319994847	0.4925448597653276	0.20996038399154504	0.22617242745132404	0.4994334592170912	0.22489478048142536	0.24542811908334713	0.5476611207995892
160	3.72093023255814	0.46253183636834155	0.5132135659905919	0.7587692194922273	0.4468062578800585	0.6990241998885269	1.1744077162163964	0.38997527099153695	0.8603379482728669	1.5714976802375404	0.3328133556764754	0.6897539721247831	1.614545642443551	0.4114336298269151	0.7313715147345854	1.6215988260282546	0.38330965061184435	0.9137188090917868	1.618754048962574	0.26473718359731696	0.5178691196245411	0.7572887453461445	0.2596777285807229	0.5896655319243519	1.1336671564960565	0.2105216662345285	0.8881936414211548	1.5536588621711434	0.17974124695638702	0.6362555690680276	1.5842748812344867	0.12284004909307181	0.6449951322107634	1.5605364344740493	0.21374883832445168	1.0227939464480271	1.6355937760677381	0.34856367957883383	0.39255755988167906	0.23608063588940179	0.3315632956446771	0.2672332251974885	0.013496868493176488	0.3267844166074328	0.2697372698021716	0.1592157224474008	0.5074537538716719	0.380147053364328	0.2977274191102266	0.5534066385026912	0.4582958296426566	0.5256026682120775	0.5018763352878586	0.312019214606039	0.492657671301021	0.4526106420473521	0.2489026236924775	0.42732256638369726	0.46925302502516447	0.26727494324475887	0.43852699607362156	0.4580431613535266	0.27892611729905775	0.4872912300629165	0.21578976656630297	0.39668070813541983	0.2998604997252252	0.21653923911007084	0.5144330023319448	0.5153594220543398	0.22172997856082557	0.3496035211975119	0.5261086250711122	0.21737745461442798	0.23969038242049326	0.4903341554380602	0.20469118956183133	0.22556152017740988	0.49880795167820446	0.22228271919757928	0.24893394862814378	0.5455802486584433
161	3.744186046511628	0.46214776090438775	0.5121608442977917	0.7551575270351568	0.44681693301220116	0.6996248707492712	1.1732748684338632	0.38984547723058977	0.8604075911438264	1.5716535965918856	0.32781487836255396	0.6933140710348341	1.6156023829782313	0.40710848886402223	0.7355073115765738	1.6218800152514414	0.3761590615852985	0.9256362016336998	1.6222067074416908	0.2636732042330475	0.5169335815023088	0.7546885477242369	0.25708785981905874	0.5939135272318828	1.1338423308386043	0.20217788603670345	0.9172708296672745	1.560632593966784	0.16707855066097796	0.662191469264456	1.595667851857474	0.11526388990644201	0.6741821452407503	1.5742367705752665	0.20641579452534548	1.0277783104879818	1.638525460709518	0.3466170112553111	0.38793346326029554	0.23523278339130654	0.3238687013844031	0.27635139725355706	0.011132310379442012	0.31493676216847233	0.2910420032112365	0.15624861924856825	0.5048053754511972	0.3792981027437846	0.2989105474173105	0.5539882997218731	0.45297013764972277	0.5243760860984148	0.4951236204791151	0.30707167331476387	0.4893921955456557	0.4511240359083427	0.25287589446784187	0.4222575269958813	0.466801506381954	0.26439493466942665	0.4340112816844963	0.45329428402370453	0.277030274859048	0.4872267721081908	0.21359150008448238	0.3964739214794888	0.2983936776000057	0.21111540545352905	0.5243707904116498	0.509853029808214	0.21263634887561142	0.34984068732000684	0.5229255194930787	0.21448479827627487	0.23430462740548444	0.48817669766371885	0.20086923118429	0.22511480241199908	0.4980376029223218	0.22194387961111883	0.24986208408447574	0.5453882465500038
162	3.767441860465116	0.45937343737269354	0.5083455135018471	0.7525925209553764	0.4453502091190676	0.6985417660823644	1.169892584789276	0.3901590163447892	0.8592586506086177	1.5682565853001116	0.3235572269528966	0.6987020772341517	1.6160391975148833	0.4051763105163553	0.7331853599347222	1.621857202592564	0.37338651168269194	0.9336811407731804	1.6224500688451344	0.26189508225648744	0.5161552013361212	0.7519910632157883	0.2561500058258084	0.6013094437360418	1.1328044664066488	0.19570340045668125	0.9386111834035821	1.5665572708826732	0.15520411705793125	0.6776190796341607	1.602815814480535	0.10683161610309475	0.7137394818318923	1.5874715928056933	0.20374750840515715	1.0294614032057259	1.638367471867764	0.3439098655182491	0.38189650788752305	0.2340484363322975	0.31603391505564743	0.28625973072171346	0.008232986509723794	0.3044322088395165	0.3054359885310275	0.15109592282688317	0.5010895526688122	0.3829216895254067	0.2989175314126433	0.5521186765703829	0.45359835159217554	0.52396190445967	0.4890996760940708	0.30233839500467835	0.490670022185194	0.4499553759783477	0.25356203811268274	0.4185166005276986	0.46615430057472645	0.26402681012023826	0.4347265253140721	0.4487607476541348	0.2767252473051751	0.4872091828588773	0.21011277488527663	0.3967502225471231	0.29752205318275693	0.20790292640449765	0.5299388532986189	0.5054406531525437	0.2077338943169	0.3504644298854976	0.5212848948271611	0.21305798274599894	0.2336376561515271	0.48709044395732515	0.19801818758669354	0.22461251017756015	0.49733286998763643	0.2220797258801041	0.25018732822360823	0.5474821342650174
163	3.7906976744186047	0.45535465808816356	0.5016428112320217	0.7496199285511316	0.441555936788314	0.6931340990780048	1.165593453937712	0.39062350651712524	0.8580338776747243	1.5642450227654572	0.322357684498427	0.7030003998658634	1.6172567265261355	0.40556024892698217	0.7282028134284095	1.6213751239973353	0.37496702112356056	0.9334801831349814	1.6210458944832278	0.2606326368189481	0.5157585601611616	0.7490629589411193	0.2554628207081611	0.6055347701495957	1.130521477015436	0.19116447585588342	0.9378133596936843	1.5675816193964658	0.14892855284428957	0.6834191952124115	1.6045224414931005	0.1004795407440108	0.7390692738475478	1.5919238124471204	0.20323053411806868	1.0224049353342388	1.6362701065172405	0.34128478051238664	0.3776920275488183	0.23319715007243863	0.3105975505151463	0.29528483459298877	0.004785572633051936	0.2983814503648874	0.30851610873659374	0.14804458532936848	0.49663220444851475	0.3931410534189012	0.2969307797399551	0.5495179731755927	0.4528931736882636	0.5230761197094459	0.4868393053655094	0.2989506233473156	0.49379152604049115	0.44813114891952854	0.2531914079410784	0.4178254004762541	0.46633436486198643	0.2654678096324301	0.439735799375078	0.4460505699358379	0.2770501018767302	0.48779658678359245	0.20647587949701668	0.39730861965508235	0.2975126271287172	0.206044641253744	0.5310312284089853	0.5032004746005001	0.20506541770425793	0.3507946685196431	0.5207278286737385	0.21344525296462702	0.23380401689672045	0.4859494433551116	0.1974618237899935	0.22429327244466277	0.49713267078955653	0.2209235746330302	0.2507964839659117	0.5505776420649803
164	3.813953488372093	0.4525035062015778	0.4980764803923109	0.747939802298214	0.4375223362626112	0.6862680766512153	1.1631932120977049	0.39076599298292436	0.8576463879315116	1.562336196657525	0.3231478715701753	0.7029164317404987	1.6193418633389123	0.4065296617649958	0.7259237603116635	1.6207866449722066	0.3772703717398769	0.9300556281721695	1.620211553551594	0.2592747912029675	0.5162973895245935	0.7476476600901207	0.25307082988692153	0.6052451583386009	1.12888021945906	0.18485967777063178	0.9169446307249355	1.5620749151392497	0.14813504877592248	0.6820781050094384	1.6027074692506937	0.09643201581990257	0.7427743451911523	1.5888931411549676	0.20153467002464387	1.0064571480607751	1.6330607234885104	0.3389081421862259	0.3766791723420132	0.23249777705539176	0.30859552460148326	0.29964358193058405	0.003223173444236783	0.2953543447022532	0.30764543599737526	0.14694143828942563	0.4911113150602105	0.4049459663823281	0.29571413738688057	0.548721194902579	0.4482825345381879	0.5216519670811264	0.48660968278009487	0.29833171059832664	0.4953328150647789	0.4446225387912291	0.2538307158450854	0.4204700925049769	0.4639050949381669	0.26744859133519905	0.44398535487363905	0.4423882326255855	0.2793801204718375	0.4896019744731166	0.20461717427880652	0.39692484670575295	0.297622081344736	0.20334201453766068	0.5343513258782617	0.5033003968512184	0.20088688731053345	0.351247010099994	0.5223926412495139	0.21404644467270284	0.2330725719343596	0.4847700230875779	0.19749410305114948	0.22427595581751908	0.4984836514905716	0.21880447944812528	0.2508457994977519	0.5522853695878749
165	3.8372093023255816	0.4502188652962581	0.5021500485348072	0.7502342819393367	0.4353875470889524	0.6828270327737124	1.1644517804019212	0.3906793186487159	0.8577737279652001	1.5621510496790656	0.32515302063547025	0.7025270402784539	1.620682962748777	0.40709365282789134	0.7251468032239571	1.6202765321913097	0.3785210615451216	0.9276784574471741	1.618293516098289	0.25688747757102603	0.517689661016489	0.7487284746599012	0.2481266569610852	0.6052075463559645	1.1293743395609237	0.17555275644765103	0.8927331925775388	1.553740950208653	0.14912998912753403	0.6789942447994409	1.6010728562103047	0.09298000486820976	0.7389103817943881	1.586548300280584	0.19748789020320193	0.9905000129959212	1.6286828498118116	0.3355516947221939	0.3769246555895986	0.23118622673545552	0.30768759070966034	0.3000121030697406	0.004687781901049968	0.29408704952837683	0.3080923080612927	0.14481651281930166	0.4861319790194104	0.41117283749118866	0.29620340710000476	0.5483323625293777	0.4489753709143292	0.5212524006831523	0.4851740593497904	0.3020839213073179	0.49512273885242497	0.4400512265684021	0.2547738411046361	0.4247915584688153	0.45770620300755716	0.26590755459765103	0.4446841985135449	0.4354781880440702	0.28294431480061644	0.492059241535692	0.20468223485110837	0.3960120997827432	0.2978247962784633	0.19945513742954832	0.5406843719053727	0.5049349280100031	0.19675291711762372	0.3518936730862897	0.5260168433132181	0.212111372497467	0.23386152661256215	0.48579479998342856	0.19406235358096413	0.22437815959482865	0.5013483535922121	0.21749750244355542	0.2504491556288724	0.5521281727553209
166	3.86046511627907	0.44735353754705076	0.5105446175671728	0.7542830998403032	0.4335266146925143	0.6795497649673872	1.1671987001243256	0.3906245745805804	0.857791155622708	1.5622835237829247	0.32766241152085107	0.7067048923659632	1.6202798363252453	0.4068507691420313	0.7250728978081203	1.62030290629334	0.3788769931591929	0.9265705217516289	1.6134960290943616	0.2548961479282803	0.5185085392545147	0.7500994179082131	0.24105404337953446	0.6086212179927055	1.1305217255077467	0.16754751781079819	0.8813494102666548	1.5493067745526319	0.14862277535791818	0.6774275662449957	1.6000418903533027	0.09029527851427083	0.7371835892122708	1.5867365229340182	0.19305236860022248	0.9839808046991129	1.6255430813751859	0.3309806009077237	0.37693160867489883	0.22938891205562517	0.30519063672290203	0.29962305706306414	0.007418816323008462	0.29377831749299743	0.3077376368931778	0.1423619346107247	0.48399052273597465	0.41111323026011337	0.29556735378625554	0.5454350946914163	0.4638386539306262	0.5226575976847517	0.48259247825946483	0.31017008066647805	0.4947992912471362	0.4355008595064334	0.2543169652067037	0.42834371434843	0.4500437604298137	0.25625782565597977	0.44405753459023933	0.42885814970914893	0.2814077709898948	0.4932085653197806	0.2043341474975986	0.3994563963818575	0.29850352642455646	0.19603826997311194	0.5444618150952997	0.5066651757407068	0.1953823869732993	0.3523499232733995	0.529002288536072	0.20853861711694804	0.23899080467903638	0.4891280987699426	0.18896930998563052	0.224734365818774	0.503407298660773	0.21773126072800028	0.2506641885255758	0.5520103365752749
167	3.883720930232558	0.4450501887545011	0.5192570656592539	0.7552878447183715	0.42951862367412685	0.6703590377265102	1.1666684767136135	0.390656810894562	0.8577525809275154	1.5622117866234693	0.32914883550536117	0.7135950675605195	1.619224410625909	0.4064209351709266	0.7307194233750334	1.6223505672320475	0.37944249199763497	0.9261622917281063	1.6080614976974328	0.25422921442708235	0.5178538474381583	0.7499103458814108	0.23174747685964156	0.6165723700497228	1.1318858599641086	0.16402647705356266	0.8812269565397287	1.550348960686977	0.14555355693658628	0.6799056960485217	1.6011070361205482	0.08931127351914758	0.7374645193438865	1.5875139457931093	0.1919595405661335	0.9860049374649663	1.6263438875969902	0.32671639614271186	0.3766285110046297	0.22906203023726246	0.3008908415811941	0.2998207307991896	0.008947669148581364	0.2915715104634832	0.30137780725862484	0.14268092056744142	0.4840711327954046	0.4101490886012841	0.2939928676985874	0.5411867709057268	0.4848326820381169	0.5243221497838721	0.47994492800215605	0.3185636405911566	0.4959898828860836	0.4285576167483725	0.2505374046792736	0.4313621778659784	0.44209191412061694	0.24138810203677982	0.44612559763476883	0.424947122148709	0.27121064691832003	0.4927545558313106	0.2012294576343862	0.4127746395318646	0.29887228935757554	0.19411242651212718	0.5445132816116873	0.507784461383475	0.19606848562866278	0.3533113790836835	0.5312482829203446	0.2061759406146769	0.2454141927081796	0.49251608253576806	0.1871404943237926	0.22522097558479479	0.5034120579515488	0.2182676396574383	0.25201746359748	0.5549703756928103
168	3.9069767441860463	0.44323817269511545	0.5307976151317625	0.7540968484183785	0.4238360388677503	0.6576732500788733	1.162191862754436	0.39071630312383815	0.8578336532659625	1.561992008638282	0.3292179668996344	0.7184573844555926	1.620099440685329	0.4071342750246638	0.7441627183055709	1.6263552458315775	0.37967646469901006	0.9257384977329162	1.6062034037968405	0.25351943118808573	0.5182208607516325	0.7497909382620025	0.2209122458840048	0.6296551654103462	1.135128480513644	0.16281506358763778	0.8794973748648474	1.5534530179315387	0.14229251477495528	0.6888669111329301	1.6082271147731884	0.08945418651376186	0.7388298848882369	1.5904704169624981	0.19374999957506367	0.9891127864875195	1.6294958304271572	0.3229820046836839	0.3762720317261756	0.23156874702864838	0.2954947352477083	0.3003442883315207	0.007664764351340027	0.2850587764954807	0.2880906497725562	0.14608945738509993	0.48282359139554665	0.4113558885776807	0.2951122190646663	0.5383308090942496	0.4979666455671334	0.5245278388805025	0.47648540492234026	0.3224984777151808	0.5005509402123413	0.41734141088483945	0.2396729211868257	0.43865039506693126	0.4327306777723562	0.22993590281509838	0.4528979146416129	0.41888397592078097	0.26246808136543437	0.49410906211960803	0.19462946211772944	0.43493000948699245	0.2980954768790166	0.19027267918912943	0.5437487825509534	0.5080728808611855	0.1963021448369481	0.35551448351271997	0.5367944252291128	0.20505956228176053	0.246086631387187	0.49589152774578416	0.1884575433516213	0.2245905974305742	0.5039260829684038	0.21727184039347108	0.2541966611569674	0.5640643150233513
169	3.930232558139535	0.439686004833439	0.5471015686821221	0.7560788933584803	0.41832536989639113	0.6471054208632989	1.1578835191264074	0.39065623895227586	0.8579177974070227	1.5621542564250657	0.3288270255911966	0.7200916992388501	1.6233006648554102	0.40839622849179674	0.7557047804490664	1.6288657897487946	0.37853191675743253	0.9245283965821756	1.6080982292322066	0.2517235873826354	0.5236055195328224	0.7528357300981317	0.21149639836071382	0.6453117762690905	1.1399845778212303	0.16265806287525736	0.8743959290384737	1.5574784526166625	0.14150071393912772	0.7004347552012009	1.619241524037262	0.08975999340163125	0.7411447113596108	1.5962916822184798	0.1950030515079011	0.9896188871603837	1.6315194666714612	0.31859745774979775	0.37605559200006516	0.23523791278120282	0.28972778151426737	0.29981795531474564	0.0049375863393259665	0.27540173975569304	0.27350552169831444	0.15004282492277154	0.47714944857556474	0.4111081996272364	0.3002437351590336	0.5359188779037464	0.5032799970426923	0.5243542810159171	0.4727222528508821	0.3229391964274985	0.5101850957611255	0.40642322350773136	0.22377153450849502	0.4520523415834002	0.42301175576394007	0.22575487665548433	0.46345341225003267	0.40763341756913135	0.2700283578474276	0.5013687572939469	0.18555902758271356	0.4580595077689068	0.29749013373178845	0.18168209655249778	0.5432032748122431	0.5077769954736013	0.19374280824221224	0.35768936843785737	0.5474931335558177	0.20451470975976377	0.24040001236654635	0.5002134071242567	0.19018411615486588	0.22240743405931584	0.508653910687366	0.21398903636319952	0.25678304692150067	0.5775366132867208
170	3.953488372093023	0.43422549967903756	0.5620514394638569	0.7615672555731179	0.4141018613327445	0.6402405703335071	1.156432659151253	0.3903737008091331	0.8581609410120954	1.5635703553534668	0.3285622518545054	0.7200125411023376	1.6258851072367444	0.4079417718153526	0.7533210322269408	1.6273597296349087	0.3781402505582755	0.9249024241202759	1.6110986360603288	0.24881601055704938	0.5312111334131886	0.7592469222036784	0.20591669842985083	0.6591365020673211	1.1450125907747644	0.1644523318403094	0.875724132195624	1.5637760939050087	0.14153356895856622	0.7056845455692415	1.6266128749509006	0.08990187556630744	0.7431566598073096	1.6013053021081005	0.1950470580013806	0.989089307550735	1.631795333609979	0.31356938165451104	0.375888623176444	0.23732556419774054	0.2848747861705788	0.2966137857424401	0.0042232768828794716	0.2661711959008879	0.262565189385917	0.15336269546006134	0.46794117358490905	0.406199743500027	0.30699595947270303	0.5316589780318453	0.5092538812950135	0.5261404973146429	0.4709179923943002	0.32604216514957174	0.5233444994470766	0.3994804371397156	0.22071831371182107	0.4656097591045105	0.4158991336186975	0.2249415545048477	0.4752792405176848	0.39690499732321555	0.2906751274417429	0.514515634707897	0.17682677137286326	0.47279944565346244	0.29920216160780777	0.1729658633354125	0.5423120603211158	0.5083247883004112	0.1872297567686647	0.359838778175517	0.560544052499897	0.2045008799396855	0.23839462988099086	0.5048368146701081	0.1910445073198137	0.22399536170139744	0.5197284735787596	0.209709773806171	0.2604718688537987	0.5885089892952974
171	3.976744186046512	0.42971721700815024	0.5689517819608227	0.7669024845287853	0.41134637282279507	0.6372019458480264	1.1576783945645523	0.3900527532719549	0.858700659154126	1.5658587240347979	0.32842303220492614	0.7194086818926905	1.626315759042007	0.4059882212394551	0.7401783154058943	1.624259110489704	0.3808475327277199	0.9305525116263372	1.6146175999545067	0.24542460953285544	0.5323689224133891	0.7654962744001357	0.20397327000810966	0.6690722254912086	1.1499007375756451	0.16655578644411864	0.8842656576935207	1.5699337954567585	0.14038438282383725	0.7022414337596875	1.6264209525129578	0.08993527823434394	0.743895818031643	1.6029142851144298	0.19482405704653893	0.9892572708404409	1.6317077243634455	0.308414677220633	0.3753987392472993	0.2377673240312419	0.28142568709514715	0.2914832415546385	0.006549566366949587	0.25998266949435866	0.2561297398482165	0.1563869960082186	0.4599323642524884	0.4004895654583879	0.3117646873727536	0.5256344903426979	0.5157165156892305	0.5296434224903777	0.4706880796698244	0.3328008934521062	0.5349985062365666	0.3942679626730845	0.2416219727144739	0.47535397064904206	0.41072537653338537	0.22354624540433474	0.48581673698676353	0.3917343690365437	0.3060100566901224	0.5298202661172363	0.17107746344201888	0.4758658516137141	0.3034010015790606	0.16887784894658284	0.5432493118648852	0.5105940079077479	0.17844031385217013	0.36704652222826895	0.572607083877184	0.2024450777407809	0.2527936240115859	0.5110412835219557	0.18960677254007316	0.23754217404156758	0.5370300792699348	0.2063418586582133	0.26842893256142375	0.5938502739099809
172	4.0	0.427034559161802	0.5699049392647619	0.7714891711298215	0.4099399070165453	0.6370764891440006	1.1601171918806001	0.3899640628104525	0.8590988303136095	1.5673801699105223	0.32843245346094385	0.718660727961742	1.6258554842086668	0.4045644351892496	0.7322004513338916	1.6241498897888793	0.3853376452669356	0.9395076947393584	1.6180788871882923	0.24287812581723564	0.5269938532466254	0.7683883697585018	0.20438737461108353	0.6742406126225118	1.1538549875926065	0.16677474400878228	0.8896852970577516	1.572094747358086	0.13934618888187644	0.6970813930524973	1.6207242922783367	0.08997875253430364	0.7440132197662536	1.6025982460323598	0.19451109865749827	0.9896189417587675	1.632126362918613	0.30379489081878985	0.37564936640433405	0.23777217113061627	0.27821080850545554	0.28635770359013873	0.00990893319951159	0.2571454396725598	0.2538534662744677	0.15864244367152056	0.4561856185759264	0.39767125378925006	0.31326674041141567	0.5192418844272527	0.5172702856793134	0.5320189451638213	0.46970851650199624	0.33976065266866506	0.542396053807408	0.3901787824094303	0.26827502565716077	0.4832213711274938	0.4044703706089323	0.22612355547984336	0.4934681578569334	0.3905329223677898	0.3100362553858538	0.5432686927441303	0.16716152921835825	0.47215482547625576	0.3083534864243119	0.16709525792539012	0.5499664264959666	0.5125215722208816	0.17128850590949624	0.3803899420820867	0.5813129387226723	0.19693615691199362	0.2818791344903416	0.5217547241398033	0.1858408610127606	0.2591847870163612	0.5561357391517178	0.20374030807725302	0.2847025846547768	0.5967702867086939
173	4.023255813953488	0.4239495742994555	0.5722955727572846	0.7760604915895608	0.40900783562830856	0.6375650036652626	1.1614340793129414	0.3900878284687414	0.8591065012326051	1.5676183858714996	0.3286006425008957	0.7178315975034673	1.6254664524085403	0.4040461835858293	0.7355149298245044	1.6276244988292912	0.388673164206775	0.9459663878434117	1.6197917888543722	0.24128457505301137	0.5256915981225363	0.7685569423925778	0.2062647298824984	0.6758965433101746	1.155609846344681	0.165488233613028	0.8883415958725145	1.5716588870345296	0.13932648316656754	0.6952547241335121	1.6146405153104961	0.0900166216593361	0.7441451018569587	1.602317302080781	0.19485384120861507	0.9891032872202021	1.6329316546591697	0.30057193008040817	0.37915225134268976	0.23713355424402655	0.2743512921770916	0.28037550565575214	0.012653085892305132	0.25675716078487537	0.2545168237895612	0.16020729609265352	0.45474376772271474	0.39502505385856257	0.31368265715146804	0.5140070133355351	0.515546557569522	0.5322108023873581	0.4676104897526131	0.3488495113148153	0.5464174663228959	0.38869844853859914	0.2796677073303393	0.4895976498807476	0.39764300000301356	0.23997565807322824	0.5004575606899897	0.39086019498292673	0.3119052778696336	0.5526508582839766	0.16106292363961186	0.4671933312128976	0.31222649651462464	0.1642599976861059	0.5612558393128492	0.5121664797893464	0.16783948972421261	0.3898014393420989	0.5856640842124129	0.1919099104549098	0.3062872825415626	0.5356778011307572	0.1831597473033674	0.27172375291310596	0.5705865021583889	0.2006549218363643	0.30640905460116163	0.6004281658851585
174	4.046511627906977	0.4202411262403921	0.577532668764831	0.779914538019369	0.40604848168938484	0.6375367035070909	1.160309618525201	0.3902276587306732	0.8590313245657768	1.5673659737013548	0.328419982898181	0.7187484315626829	1.6257270047387806	0.4037296304122345	0.7407939790866765	1.6306929340048963	0.38903499219913534	0.9478416594264782	1.6199122366711622	0.23888211193242323	0.5363794703345179	0.770014064057853	0.20816708278358753	0.6779830113682113	1.1554007004439375	0.16483880970974238	0.8874286527521027	1.571434966204011	0.1396960725015575	0.6953675906385749	1.611895789785846	0.08997359600425117	0.7438793103764614	1.6022525065329574	0.19723562896183003	0.9879278561553666	1.633252914944454	0.2980736851137219	0.3859114629626041	0.2359771068037411	0.2699774292395836	0.271204982308401	0.014809374502539892	0.25685443701468536	0.2555081291542473	0.1612190386604407	0.45267410693380805	0.39106506292831483	0.31542164166722864	0.5108759058284076	0.5162437596946515	0.5325244291066317	0.46546059359864245	0.36288567125104787	0.5479011834065382	0.3884525204072083	0.27835560495634887	0.49401721086019357	0.39366932772614127	0.25953004290010734	0.5113235095847698	0.39196737022191425	0.31629046073287476	0.5595093855252218	0.15195222551046098	0.4638545768224974	0.31427884060207195	0.16109102620954502	0.5733022885516066	0.5114795427228706	0.16669342634991574	0.39034376475653304	0.5877205223511106	0.1901528818826696	0.3134203095014855	0.5495493205808553	0.1831811177263454	0.26604529144087785	0.5791180466143042	0.19682376050849854	0.321615932485209	0.6062130757970259
175	4.069767441860465	0.41707959363785635	0.5780908485524195	0.7816700817875242	0.40039733811239825	0.6371857036629056	1.157778240388337	0.39028552187404436	0.8590456015163992	1.5671216185887287	0.32723793878197194	0.7241685140137399	1.6275027372553341	0.40311034038837934	0.7429147258665344	1.6311557781716732	0.38710434793973036	0.9462133085688507	1.6198233841657137	0.23469608461986083	0.5581100399914881	0.7749908544988158	0.20794757766504096	0.6817551677810578	1.1546364539688534	0.16685755908823177	0.8933653479920608	1.571774416756224	0.13935284900229244	0.6954955643035315	1.6118872313807544	0.08972712235194377	0.7432598860496884	1.6021358345147985	0.20072910172464833	0.9871046025441631	1.6332008468234167	0.2947516037875098	0.39329776144113376	0.23486836012258375	0.26483932799743054	0.2608903517404642	0.01624061661403858	0.25475521710769083	0.25477549994152004	0.1600866621773301	0.44913046470397255	0.3891341019967183	0.3180377088808559	0.5094567314088181	0.5217008655026623	0.5341317099683065	0.46407593536414155	0.37948824646332113	0.5479488251982072	0.3875752170707211	0.27649030662323193	0.4988585334367064	0.3932700877044003	0.2709818212074827	0.5243777373769758	0.3927217419013076	0.3208462290365448	0.566834062825396	0.14354606905237666	0.46127198502344813	0.3152259435038496	0.15819019764512038	0.5852430362653989	0.5126668087665066	0.16554490394920846	0.38955089444198554	0.5902401646469451	0.18910521076185108	0.30850391075709926	0.5631498065779803	0.18384697717055715	0.25276001446506813	0.5846473070316861	0.19272337460282066	0.32349100905963685	0.6165885130591902
176	4.093023255813954	0.41308260579730943	0.5700592938962598	0.7809034790479569	0.3950278785580419	0.6369305512552957	1.1566173724044662	0.3902377755824904	0.8592504527529793	1.567360935889768	0.3261870284402225	0.7307907574477949	1.6296573290206766	0.40308467580685725	0.745714744728137	1.6306123125087852	0.38510436404107934	0.9421060373780117	1.620000699083536	0.22971014769407008	0.5824920032199316	0.7800070875887395	0.20429032175956013	0.6841694221944593	1.1541999627466968	0.17078837643298694	0.9042869533063376	1.5728328428468352	0.13672641201360433	0.695582415578872	1.6123783338538205	0.08927022988863748	0.7435808652034697	1.602209794130678	0.2026160084849758	0.9869103119157097	1.6338193062616408	0.29010029257948666	0.4005521611790728	0.2334440050123317	0.25901460655295183	0.2548974337895338	0.016296531691129157	0.2493666513387629	0.2528503805904393	0.15695762190732987	0.44416699637647195	0.38979176465845966	0.3193533495244674	0.5089429715056951	0.5289850681241928	0.535467289371883	0.4631806738341638	0.3927899152766824	0.5490813873736894	0.3854902169265281	0.27733816774061965	0.50577637777213	0.39190840532974514	0.2715582595976259	0.5331750460326903	0.391649393086711	0.323706358912418	0.5752944202272614	0.1382119247790305	0.455079787004513	0.3159297237730662	0.15066481249629946	0.5940922555785151	0.514901717417739	0.16304184198518448	0.39105172869203125	0.5932653992997395	0.1867713503459655	0.301681158962871	0.5752837435185564	0.18435541911733516	0.2474454902971963	0.588237699184816	0.19010687838875967	0.3227400166873428	0.6334367819073676
177	4.116279069767442	0.40612241479108385	0.558258436653249	0.7791907085946801	0.3913519935279848	0.6368458687766395	1.1578208001695471	0.39004619023316134	0.8599515702188592	1.5687967467133146	0.32730052578739555	0.7319684922578042	1.6298262655805882	0.40579320436182115	0.7494011471253554	1.6304783600532957	0.3840805440428499	0.9376045249272943	1.6198669346601742	0.22448849396193649	0.598610599041502	0.7809401081826638	0.19734704367098205	0.6803002914646914	1.1538084197050251	0.1738754056616233	0.914421436983862	1.5734770508919236	0.13248418474753007	0.6957758671023421	1.6127241814098172	0.08902658778675507	0.7451731114879985	1.602520148170135	0.2025136539930858	0.9869149917107805	1.6345898290733238	0.28460198049065083	0.4086471338359247	0.23176698536720503	0.2543141663640407	0.2540014566860221	0.015565376282417324	0.2417424683507568	0.2513638625847991	0.15508877046654085	0.43848944591978883	0.38950195107436647	0.3189399965388071	0.5079681180393381	0.5329614017469751	0.5358383388730349	0.46049122137984116	0.3980667602042961	0.552771649094387	0.38164232881140187	0.2785799844958312	0.514185406329007	0.3855357465498689	0.2693039366223784	0.5378722289496808	0.3888964303401491	0.3245100878676682	0.5854079589119232	0.13402531659603195	0.4465692638791359	0.31599107937805393	0.13256838486700448	0.595924093342318	0.5166144486211643	0.15912957299976238	0.3941099811124873	0.5957080456956511	0.18480720814530302	0.3017408343334249	0.5828178946867871	0.184334793228292	0.2528727975759322	0.5910466522919428	0.18958017923686896	0.33394176553821214	0.6540781909058131
178	4.1395348837209305	0.39673525269395826	0.5466280481135942	0.7779806881065066	0.3879458493003776	0.6365491173395319	1.1586677572116983	0.38961080279536275	0.8608705073567549	1.570793020650319	0.3292793218513588	0.7292997034382197	1.6289607838245137	0.4100518547799742	0.7525616870377265	1.6307488785120923	0.38394796561846994	0.9354179435482648	1.6189636883488152	0.21798619987653772	0.6033963724234802	0.7790336576987718	0.18979738947113914	0.6704918080968665	1.1532635761533205	0.1755914582899537	0.92232186420929	1.5725616128984068	0.1297227435138946	0.6958691698069898	1.6131193556349916	0.08882303830443747	0.7463388035394103	1.60257206039039	0.2021161866127366	0.9869518552799981	1.634642639619912	0.27892857195439785	0.41636439033313677	0.23055583229686438	0.25179611427588955	0.2543449240527136	0.01523333810829135	0.2342237795340334	0.25047395313084253	0.15587454083218516	0.4331919507169571	0.38726964769111205	0.31883671974500405	0.504516045777572	0.5328993073206231	0.5358856529328222	0.45468794682772284	0.39981781842606345	0.5576950030249485	0.37647985127849265	0.2788543725732197	0.5230029165227246	0.378055602760956	0.26956365028774193	0.5437153515692292	0.3866834416005092	0.32489607485018956	0.5976745432904778	0.12857658261263108	0.4418757712065818	0.31506349507465226	0.10766030128397187	0.5906774929385095	0.5176436134718577	0.15435848484882247	0.3999614198038272	0.5974661954190972	0.18409914957155205	0.3099759684969997	0.586259808209616	0.1823785501827952	0.2625126038190395	0.598689594986889	0.18692145815454475	0.3518937797468984	0.6718942129947139
179	4.162790697674419	0.38745315199055524	0.5376739176917117	0.7775606398873298	0.384246631092366	0.6372404784059167	1.1579610840496775	0.38892376682622304	0.8614631952221572	1.5722134356898283	0.32950124611034204	0.72722689415017	1.6297755255761786	0.41141456547503913	0.7563695293724488	1.6310261737262928	0.3837147533652586	0.936161668815218	1.6180670146956946	0.20932468604017931	0.6032435626201328	0.7777312148781217	0.18550478755382863	0.6630421524829959	1.1533278376527083	0.177608614199656	0.9307180022399966	1.5726997326015937	0.129301019868944	0.6959610583017564	1.6134310347041545	0.08744292274111459	0.7461744249818291	1.6025545396460412	0.20215287782542074	0.9872273584921187	1.6346408268478805	0.27397025732425945	0.42098286423423753	0.22991497638463768	0.24929133488715527	0.25422053032732894	0.015437668576716891	0.22898380962065037	0.25039399851532484	0.15691296648395586	0.4284750473003958	0.3864035954806069	0.31977629197845137	0.4991459511220401	0.5345581980787302	0.535083435495668	0.44793665901926566	0.40384143807837003	0.5620854373261521	0.3705031790733025	0.27299529156217156	0.5317658121742029	0.3745572381259427	0.26938233936078154	0.5513820950237606	0.3859621756886046	0.3273589850895196	0.6099102961135525	0.12261187470374207	0.4407014295862036	0.31377084188498633	0.08750043437437426	0.5793262558704995	0.5192312353308565	0.1489732930840505	0.404485887997193	0.5994654113225292	0.18400293830340003	0.3188866812453922	0.5901154129091377	0.17993272120444442	0.27460798818491805	0.6166659675518364	0.1794741825299591	0.3621268662083522	0.6818716743831243
180	4.186046511627907	0.37969704461494286	0.5341384920718324	0.7777783257965891	0.38104015933700464	0.6414461567121611	1.158272833728599	0.38837493751540747	0.8624272144975142	1.5742307631584942	0.3293581068902292	0.7246974648118512	1.631919206374153	0.40945026511788246	0.7570010803924301	1.6302397302646165	0.3822588474766634	0.9354741532554676	1.6177456620151773	0.19907189244353526	0.6033117292624905	0.7775416369020479	0.18482992080921604	0.6618835376338074	1.1546267642365655	0.1803187034629115	0.9398298500624391	1.5760699723687113	0.12944957591766781	0.6962843333499593	1.6134959307998673	0.08523028944542949	0.7457238787231203	1.6036086782767502	0.20225477048046658	0.9878164206453814	1.6347398765514485	0.2701443290995744	0.4224629718739066	0.22919237372131832	0.24517311941486702	0.2549125892811761	0.01533716485099125	0.22549186129465607	0.25274016982383096	0.15591941154273617	0.4240177139832141	0.3893152367572169	0.31938446804464155	0.4941360208268653	0.5442514953602827	0.5322281417329058	0.4414451991458481	0.40460878276557866	0.565556143872207	0.36232248310477594	0.25722442664374917	0.5427196336583864	0.3698913577291666	0.26217934773720786	0.5591375818786587	0.3837420619622143	0.32779871051501286	0.620018422329695	0.11860326578748187	0.43847755763478263	0.31257345476765824	0.07752084808103989	0.5652978524686354	0.5214288590360374	0.14362597424790646	0.40579826365260435	0.6035244016500171	0.18483950609958266	0.32630765046206267	0.601893926844646	0.17950808702165583	0.2918692062097413	0.6414701325170776	0.17193274886072843	0.3658049538101298	0.6851308816325092
181	4.209302325581396	0.37376473025786916	0.5342117715953879	0.7780371917826069	0.3791264735233296	0.649138127640213	1.1604770617440512	0.3881608673620647	0.8642887858558401	1.5778767589438245	0.33049101762397715	0.7219156983412401	1.6334591175953352	0.40793681274140964	0.7509290234035044	1.6279550602656976	0.38075389289083	0.927191516978839	1.6172993838227847	0.18859204996666148	0.6021658365466116	0.7773505618600656	0.1849502759228309	0.6629503827444125	1.1563108972913665	0.1823269944087173	0.9458612576883121	1.580111559493532	0.1293134760465307	0.6965746702046481	1.6134528549347573	0.08416866791430185	0.7457459432725072	1.6058025423295046	0.20217793300500214	0.988496593127465	1.633746712777396	0.2653247687731134	0.4219500544813766	0.22828926440816844	0.24066595915101893	0.25678748492593884	0.014136232596000355	0.22224231745527803	0.257935303927141	0.1535628261782179	0.41970431554402726	0.3935751284343195	0.3167594280940312	0.48870950641717814	0.5593752996118352	0.5276123020140779	0.43402135627849	0.3984450209061972	0.5684461680938445	0.3521153287040446	0.24344828279280054	0.557157029206553	0.35760826028711823	0.24905587444198873	0.5676591447483537	0.37649379142735423	0.3164172175025993	0.6280955540275435	0.1166949060243038	0.43504646613658493	0.3117086549980367	0.07301769314791488	0.5548770783639541	0.521808227902989	0.14015179032972466	0.41229780678443523	0.613509837335336	0.18649283062525934	0.3346174418814779	0.6271132993610483	0.18051346342619135	0.30887437638156706	0.6635808393288161	0.1688309311573745	0.3707402021497353	0.6890794272511617
182	4.232558139534884	0.3689113047569906	0.5342929130860018	0.7779786838909826	0.37742438404388423	0.6584301883657366	1.1628636204500435	0.38775906015716755	0.8654621896572257	1.5805653846060106	0.3307193107151538	0.720312503241867	1.633314420608569	0.40813644028374807	0.7441650671670353	1.6263011411918353	0.3809843230119303	0.9150714646768348	1.616360902693963	0.17914452097327072	0.5980727955557095	0.7777101211256073	0.18326712509113097	0.6633382992052808	1.1572029149447889	0.1828855498153984	0.9471711129093489	1.5817799342701346	0.12926198551196602	0.6968707222155721	1.6137288318657177	0.08405191297008405	0.7457164635029576	1.6076924061280709	0.20207324627544468	0.989016823240371	1.631680745209934	0.2571199991948817	0.41734747633436203	0.22843924149994513	0.23595885628815644	0.25896401870899205	0.012602198667688275	0.21967639281622175	0.26442854097306695	0.15170575352177598	0.41428413472579806	0.39802826642245137	0.3146306509920667	0.48169819300125905	0.5718143233053902	0.523494554749586	0.42646730924122	0.3927609408907322	0.5723583153189278	0.3430273875308478	0.24586934362252133	0.5687091048354154	0.3424100449969005	0.24007197200829644	0.5771945775715996	0.36395160390287534	0.29561918180801683	0.6344554175695585	0.11398590754823208	0.43368373965046925	0.3114061945446177	0.06830064647608262	0.5511046987149758	0.521183771207362	0.14058988646270917	0.426078048768221	0.6346613330988743	0.18863619857312364	0.3411170094710405	0.6581660846633076	0.18192205627384014	0.3164437146797352	0.6809579979824125	0.1691438065889312	0.37736341736839435	0.7042360494962312
183	4.255813953488372	0.3626165682255278	0.533537364405977	0.7777701327440033	0.37365711614372776	0.6669740977442721	1.1642290964957764	0.38704765410116326	0.8645973670681808	1.5797178610151423	0.32873836387022515	0.7184192836301532	1.6302671510897855	0.4085612957868183	0.7391638707679341	1.6259024875970938	0.38314867990966794	0.91061855608706	1.6148543836724651	0.1726155444776612	0.5943452779782263	0.7801487316925473	0.178822748796223	0.662476702129462	1.1575243647512612	0.1827464929399254	0.9465224612859269	1.5814910344974664	0.12937714821658203	0.6976022674752624	1.6143754956437903	0.08313396887825146	0.7448434248194594	1.6076686332455838	0.2020900226507048	0.9892047221935805	1.6302398109952831	0.24756599163343618	0.407439528872041	0.23009064038444046	0.23008853826548076	0.2634488285716156	0.012188783078551675	0.21780891398578875	0.2700207080433423	0.15058144512180272	0.4065393796820299	0.40838854939692776	0.31438130544300585	0.4749290745986966	0.5785984954934568	0.5233998288158641	0.41933908911897166	0.39205898203601536	0.5800255168187185	0.33677020025355386	0.25719374445951865	0.5726641107755049	0.3321819329122324	0.2405426996815821	0.5888081964477211	0.34847653597070644	0.2811659474028368	0.6395517319522197	0.10810558833985903	0.438709567452617	0.3111436690263793	0.06323921779900235	0.5511282129731496	0.5259269140133719	0.14384134758263512	0.4390296100210659	0.6629470598190108	0.19089536350031971	0.3465109616652994	0.6823129336043361	0.1837900677020659	0.3214827543940823	0.7009473402681129	0.17061509632639313	0.38500120694659734	0.7322307673446473
184	4.27906976744186	0.35520807982579694	0.5320869881453947	0.7775472323371475	0.3684901690648096	0.6722100556096919	1.1640451148269406	0.3866836958346607	0.8626270755643006	1.5765156736141255	0.3261819335957017	0.7164423033594012	1.6252485586608842	0.4088741668463852	0.7323651829952509	1.6241459824558508	0.38675368263997995	0.9181931506350144	1.6131763713494836	0.17012445724869749	0.5923582126240932	0.7840564865874902	0.17401181059544193	0.660144474436781	1.1572209377100944	0.18274189812005184	0.9464688058096211	1.580955106696262	0.1290185479722082	0.698155885904287	1.6138031691878088	0.08172797919899738	0.7443965904049645	1.604640462004788	0.20217527663908705	0.9890201185771182	1.630043265472287	0.24059109412397464	0.39764117658353265	0.2317296870194735	0.2237469556530122	0.2724065405372561	0.012534128022420316	0.21496881652155073	0.273811465440945	0.1493944989419702	0.39888418096036593	0.42713719842381415	0.3145048950330057	0.46879395956287323	0.5767075602364962	0.5286919473226072	0.41003703651363127	0.3931242188802905	0.5931602268171243	0.33255781248515454	0.2618390885776033	0.579881182306802	0.32820192799588266	0.24545393323151765	0.6059111276464372	0.33491349751587285	0.2783557338019549	0.6456408035556984	0.10010947841694073	0.4525867502741095	0.31016248939684177	0.060252047596226335	0.5501307605233677	0.5382148575890773	0.14531526747301385	0.4470145166206861	0.683474959456524	0.19145599888964923	0.3559480262439264	0.6999919191810561	0.1850187739112954	0.3380696573971712	0.7271756791354458	0.17263890828467443	0.39190938898790895	0.7593753014763706
185	4.3023255813953485	0.350742089492186	0.5311139271604334	0.7771718929087144	0.36446374861094893	0.6760401110863169	1.1628648724670565	0.3868103247472782	0.861023127895577	1.5738054609743615	0.3243961640736372	0.7165355317575175	1.6232814200104748	0.4097575906991129	0.7296959985024227	1.6219502868402242	0.39039572757506313	0.9321577093962162	1.6130395827548054	0.16875118433558614	0.5879965367403792	0.7872205903134081	0.17216569998407844	0.6593038716263591	1.155784448115415	0.18293476458693939	0.9470986043379012	1.5807092045937046	0.1278106546477843	0.6976712759630391	1.6109895593316292	0.08081484214637402	0.7478027707255974	1.60042976762155	0.20227547114283473	0.9886225737770694	1.6301785571092602	0.2358984986868313	0.39363251135184374	0.23230323317556323	0.2181187496491664	0.282725550779128	0.012087037649732364	0.2109643035095133	0.2780527752421415	0.1485033379655582	0.3946158809280604	0.44627745429631555	0.31427083085839336	0.46146628647196863	0.563665672505008	0.5351235339472896	0.3988837546861507	0.3928268835549763	0.6097863331049493	0.3294510732324116	0.2607680106818036	0.6024492496986635	0.32720932240620276	0.2480889418086592	0.6273186749692712	0.3284180239203029	0.2790512626847546	0.6570284406908016	0.09263312176173452	0.4693424409855466	0.30883567409461227	0.059144252265999744	0.5494354066647911	0.5516388106677103	0.1431596618204821	0.4521125893670444	0.6907827472070645	0.19013836647212484	0.37000934845843875	0.7189391223217478	0.184720156126281	0.36298744356752716	0.7531933629797376	0.17452592185128254	0.3944226367637561	0.7754314364120672
186	4.325581395348837	0.3489926719129739	0.534905084895462	0.7766921547381319	0.3613517506558529	0.6817249927498755	1.16231625297086	0.38685600844355506	0.8599652666164329	1.5722934243441964	0.32396139912098265	0.7184211747954208	1.6260056961423317	0.41083092976264624	0.7362380010180442	1.622361512554438	0.3918984019416526	0.9413991931772743	1.6137313743956894	0.16461685645055457	0.5807126680448529	0.7891319048408567	0.17170728585263434	0.6653982264468727	1.1557514439635428	0.18265988651567228	0.9462913045464036	1.5807266816795271	0.12702572353815877	0.6967547648558589	1.6094847255090448	0.07997869788161457	0.754631125773731	1.5991992920357905	0.20234009149457807	0.9881255417148731	1.630172584369327	0.2301514288934124	0.3936984370231984	0.23233839177408963	0.21315422463753364	0.2900542791624335	0.010070109066683638	0.2073846435612879	0.28453952345292255	0.14859467953613237	0.3924099901705297	0.4576519855545338	0.3137559400031723	0.4529782222670715	0.5480663978446798	0.5380524253229355	0.39064607123943257	0.38840660067418936	0.6242158770213132	0.3265081995024781	0.2649000355275666	0.6339059398578252	0.3256341016596942	0.2481889799892854	0.6493130564316278	0.3281401520293379	0.2796363051371984	0.6771965503148853	0.08597640023916595	0.47964016844635105	0.30816732684860526	0.057270613877186405	0.5540552465724792	0.560793104271511	0.14000239456538816	0.4584445852444443	0.6965438656683389	0.1894607576382087	0.3878673597943584	0.7419053124537798	0.1841985692796039	0.3840851384716807	0.7737586840411497	0.17345091566137213	0.40177451509601625	0.7887765607813274
187	4.348837209302325	0.34479701873019863	0.5468811377902068	0.7767705378304894	0.35652101246876483	0.6861544954780895	1.1632761263429612	0.3866019918761825	0.858782870443811	1.5691426022729198	0.3246276175833135	0.7187926889785189	1.6269801053435393	0.4100673579504126	0.740543900020569	1.6216399883285213	0.39000109521013426	0.9364209571976658	1.6108449003097114	0.15815835856711752	0.5732322658017701	0.790263370789964	0.16842233911648097	0.6774163436946932	1.1601940852243984	0.18110729853678545	0.9410739564619396	1.5810338650939217	0.12779569977912278	0.6966342511173496	1.6121600588664038	0.07913379641609401	0.7597184190705707	1.6012451427809256	0.20210885187246713	0.9878948723244825	1.6303773415871998	0.22298431500960444	0.3934227537210486	0.2319789528856345	0.20790384005799378	0.29312401670172955	0.007075442753790745	0.2043678563011646	0.29166779406057314	0.14868731451735578	0.3884710770361313	0.4613898160438769	0.31282481858134786	0.444180053635743	0.5390326250553328	0.5391140407101078	0.38670020981927133	0.37788307444596414	0.6343119713903446	0.32263798292099527	0.2767055991705212	0.662975605338391	0.3222394339676589	0.25065767740434464	0.6739548994705207	0.32804703082410464	0.28268241485700774	0.7031346621811725	0.07847221982602463	0.4821154774841735	0.3085772038681498	0.053453686915761	0.5595745653049835	0.5671433171786904	0.137351289319586	0.467195415844893	0.713199061232653	0.19070680125398926	0.4058119344093427	0.7673914359071017	0.1848249541335066	0.3984388646067687	0.7939525920910484	0.1669916254297472	0.4330888769588328	0.8120867016794969
188	4.372093023255814	0.3373432161130897	0.5633911863293299	0.7772757205540988	0.3483081273935484	0.6849691259088048	1.1640915639851794	0.386510201379069	0.8576591671764152	1.5618921787181361	0.32420405805648617	0.7142146235680621	1.621774036465081	0.4057522311437171	0.7307843462152434	1.6142698495137813	0.3855108294316115	0.9192834235867549	1.602877852469347	0.1521936974014974	0.5658376807744984	0.7901919297020112	0.16222172526445336	0.6864872849443419	1.165711591769749	0.17887381105158678	0.9331288489639971	1.5812554866133652	0.12898912565455312	0.6978208090417387	1.6149229373377527	0.07891571781593198	0.761629276871497	1.6035218521595915	0.20168427285843032	0.9890193595931408	1.6308618797704182	0.2169891097256164	0.39222934419408967	0.2309109108971358	0.2023942747118133	0.29329849050708734	0.004667804355652628	0.20116549065708983	0.2970923346850982	0.14733618020256767	0.38301858711517633	0.46215979103727994	0.31213189327277435	0.4352008839528703	0.5345794820208727	0.5417695750969524	0.3820438428296422	0.3651930417112991	0.6457904826515533	0.31920414936948444	0.2893288640234222	0.689330083663415	0.3191056309760781	0.2581289421688666	0.7014571306329291	0.3251817026127244	0.2890429030379895	0.72639040255257	0.07028380840096568	0.48150494311968545	0.31000335727956674	0.04915641458277367	0.5559694847424197	0.5739487339298698	0.13419468470073057	0.47536138874796363	0.7391439015010737	0.19142019958070422	0.4165603644022425	0.7913742625337133	0.1850759138416926	0.412000249520312	0.8184215130393335	0.15715346516418938	0.4816388096258689	0.842555996664099
189	4.395348837209302	0.33118338274064907	0.5771132042819546	0.7776178826201159	0.3382113655821453	0.6802680076898768	1.1620066578931665	0.38625988318137433	0.8573807786640968	1.5526342947663072	0.32137047109886385	0.7060839814487829	1.6153102279964682	0.3986354758777743	0.7146681195254905	1.6044196139034925	0.37989567765919885	0.9086642182167458	1.596276142946391	0.14731063579827727	0.5593625238778482	0.7890515630320952	0.15625000728739358	0.6895547292112403	1.166728126562548	0.17728401454599438	0.9270701072493419	1.5799766669031527	0.12947317778945192	0.6994445768595798	1.6142062160573223	0.0792778383177832	0.7619258289412525	1.6054046916724936	0.20167778969170902	0.9905245449758295	1.6307511997560278	0.21324506187535686	0.3924876006511828	0.22993742521254912	0.19812492272998222	0.29285325919879757	0.0038291219116718045	0.19805512756790042	0.2998308738126143	0.14478838247739384	0.37975628584888227	0.46291798734764833	0.3121455266847327	0.42662996106890405	0.5296835169860448	0.5454978972250074	0.3720907022668859	0.35666708092502086	0.6635257455032081	0.31826494787064885	0.29908385621926226	0.7134413699564148	0.3183070262521552	0.26852424574790745	0.724137536447653	0.3215448060160608	0.29849774317103805	0.7436312589252874	0.06381837676964368	0.4807684166600894	0.3118466167180687	0.045332638125689176	0.5426640496084978	0.5808082597742413	0.12938681073679192	0.481715589078466	0.7624229459153518	0.18755631763423772	0.4261130010085723	0.8110353714998804	0.18076616114143657	0.4350580773655579	0.8430806320512874	0.1465347045027147	0.512299638054828	0.8664294722186268
190	4.418604651162791	0.3285210332944182	0.5850825193099185	0.7789849550073303	0.330535900607709	0.6772652289112002	1.158180345875045	0.38289302958637295	0.8580334653973647	1.5468927609799858	0.31692484355988165	0.7002278952369618	1.613589404246007	0.3895267134447304	0.7067557745070245	1.600609924739308	0.3712309664812753	0.9243453259246606	1.5997203569831129	0.1430960338505595	0.556330284818964	0.7881800267397573	0.1524544503943594	0.692140404694004	1.165392843683237	0.17510380740772333	0.9185055491161184	1.5754301503353765	0.12945052936670773	0.698542854998526	1.6116708906451367	0.07961375401714135	0.7570646868310416	1.606524869400295	0.20121746510459632	0.9865076399317444	1.6293686995463308	0.2105179257860888	0.3961143908274206	0.22969411310974314	0.19580554518854426	0.2927194096916085	0.004003847758009252	0.19508700562723819	0.30056634448889874	0.1424776827265944	0.3792999937981395	0.4629711935059098	0.31234679679014166	0.4195860936801734	0.524102178545591	0.5483331735720381	0.3589508187199104	0.35539787780353715	0.6849646308976642	0.3170449272369113	0.31172374198898684	0.7323208482986535	0.31867379949446867	0.27762731405272656	0.7386104189910696	0.31949440222637077	0.30885698515359516	0.7587195550197177	0.060521599587738006	0.48022468125526474	0.3130647876802221	0.04188119303051954	0.5288132874942655	0.585368153666942	0.12148200771892095	0.48566148483001703	0.7760275293705954	0.17834881660591573	0.45182946076729014	0.8279983128625391	0.17075215101716013	0.4709935248829165	0.863350023614482	0.1337625568977897	0.5122368015398284	0.8781002098724273
191	4.441860465116279	0.32784308228941184	0.5884048100088608	0.7815720016697447	0.3271457771009979	0.6763573713842639	1.156010609175548	0.3727727060922379	0.8596903690011151	1.550020302394004	0.3110342758217197	0.6979767144262709	1.6161669210430984	0.3781706852134551	0.7060312143701597	1.6041571250358757	0.3562936940707496	0.9576630362154559	1.6123753141045647	0.14078630541406936	0.5584138880930007	0.7884678772370625	0.15099056185739718	0.6954439045079264	1.1659173650098982	0.17013835882265335	0.9009515775928375	1.56900378105635	0.1288994743906811	0.6910868373405584	1.6080178911014116	0.07958790808811908	0.7441895261424036	1.6044198402770533	0.19840608284181657	0.9730303874179376	1.627669362533528	0.2072951254654089	0.40168219670776	0.22959266635561112	0.19496809891557831	0.29270643694727416	0.004203037684888894	0.192118530408373	0.2996968208589206	0.14138388003195584	0.3787987036625846	0.4603407081487591	0.3123914965403094	0.41547465766811137	0.5207767178418847	0.5498517166492167	0.34806045951949693	0.36079169244710546	0.7049655957022615	0.31231047304534826	0.3304222674626575	0.74916832587417	0.31805939828643126	0.2832138059499167	0.7522078091925974	0.32018278904207315	0.31351076364546515	0.7742867260398905	0.05966238447161788	0.4799727325331483	0.31340740901738584	0.040102336043956036	0.5235698502291648	0.5876434104650616	0.10964792444748239	0.48837769641982626	0.781886482780945	0.16776003289957597	0.49260165142311707	0.844181598255042	0.1608229252833777	0.507298154972541	0.8786940800264063	0.11797035085287362	0.5083532083857581	0.8833781684624982
192	4.465116279069767	0.32738421529645567	0.5899283808158484	0.7840654354783803	0.3236436804068249	0.6727295883726139	1.1546737568893546	0.35650878625874205	0.8608484210086171	1.5606182214264623	0.3046193882214279	0.6923342979536161	1.6185118739298052	0.3670491383696562	0.7030049228596608	1.6096801218509809	0.33858092973767884	0.9817522225262936	1.6245958478031575	0.14082781005398845	0.5630365937486375	0.7900417705368739	0.150997120089087	0.6958608914148594	1.1652614624910578	0.16319493016474684	0.8818421022728979	1.5639453008430937	0.1278163571914117	0.6784959133426296	1.603460128230361	0.07938373554568458	0.7305150554617474	1.599789310450281	0.1936605058008516	0.9567718236376035	1.6260721879038564	0.20380600403090468	0.4052519908037037	0.2292935101252128	0.195090360919637	0.29292708191673583	0.004128029096664936	0.18984745777111567	0.2975043870047249	0.14118180895801802	0.3764175790623924	0.4546738611931495	0.31239281139553327	0.41405064593384666	0.5210133780700569	0.5503990950765405	0.34251438398355605	0.3690594007685081	0.7197757997619022	0.30668160440531167	0.34779794696667754	0.7696908477101867	0.31645496193057854	0.2899949092067659	0.7714672549409682	0.32366845536551936	0.30945561614705097	0.7891386462084516	0.059753446356470584	0.4800059799301115	0.3134472017662654	0.04109231114458772	0.526901362293095	0.5891168596118042	0.096139267917971	0.49681614754202735	0.7849556926631205	0.16085393544248375	0.5255059314682519	0.8586846092989646	0.15621444413925645	0.5297029693029285	0.8893816991631074	0.10308819983157545	0.5245942890608821	0.889243131490175
193	4.488372093023256	0.3264906538972212	0.5919533503691194	0.7863541875771991	0.31703235879771696	0.663203201591803	1.1512064458057645	0.33889280436481034	0.8588732789058938	1.5700046199472952	0.29996143492604066	0.679554865614449	1.6171242316566814	0.3594893857987983	0.6972254553028483	1.6119073824636436	0.3256749780224681	0.9875415204829987	1.6309182457048172	0.14092741783698223	0.5644299152763391	0.7921545605580615	0.15084910944724259	0.694441500601464	1.160830454357562	0.15667440033574898	0.8712489661786009	1.560879612469698	0.12658092767877147	0.6707071502412922	1.6011278391711332	0.07926918860005902	0.7245853808675499	1.5967544756551715	0.18862070397400443	0.9485383507377321	1.623933896097059	0.20168614864547302	0.40560843519654405	0.229028215793616	0.19520498055405508	0.2934410379964088	0.003956476825671368	0.18893405163487062	0.2965430816002923	0.1413538362220405	0.3720045433885872	0.44714973866864455	0.312476134214429	0.4119616058299276	0.5224236072233848	0.5509025657844839	0.3429867563650969	0.38060765037431016	0.7288413731070075	0.3043227260867981	0.35791801747745416	0.7925750146432309	0.31622471738989805	0.30392658907354186	0.7932604233467968	0.3277651927464224	0.30822317645188363	0.8022034040376327	0.05986249605135436	0.4800541458486333	0.31349133335786983	0.04322686357213154	0.5304504220484265	0.590079644432235	0.08348886268427252	0.5124381436910923	0.7898076780288591	0.15686445161857934	0.5334291375398925	0.8701660067260851	0.15112939140893175	0.5310322419367128	0.8957107927612261	0.09191925167222076	0.5505888805874262	0.8982484663173971
194	4.511627906976744	0.3256370710789781	0.5919232755929063	0.7847413343728694	0.3119493818925106	0.6524233949565803	1.1467176159507244	0.3237724587068862	0.8575868648179192	1.5744992281339851	0.29592624049564725	0.6631280755659634	1.6128675624082138	0.35397847837392055	0.6950216325273556	1.6108839339574803	0.31876486251254355	0.9817992287121509	1.633472621141204	0.13795238609072352	0.5652269794704831	0.7908829790195706	0.14926789330394585	0.6949916416476137	1.1567385948861697	0.15258938916749618	0.8687159631014325	1.5605422322970677	0.12500309752424774	0.6728194644631025	1.6017476287493335	0.07929789010869769	0.7251513270215973	1.5965023149423727	0.18350980926190136	0.9499293628327151	1.623750920585798	0.20115983007990396	0.4051911222657343	0.22913332489113716	0.19381164360911102	0.2926467597270137	0.004039766909719568	0.18881920338242011	0.2955549587361242	0.1437465018985149	0.36700345046491145	0.4400313949896743	0.3126566729119959	0.40655724201148147	0.5207320113995411	0.554346346716864	0.34770209188934326	0.40248507808277156	0.7387420899157706	0.30702075646635574	0.35999353913270665	0.8148489426237677	0.3203196815701419	0.3201737978179019	0.8143007309492941	0.33010600108008914	0.32957136835452006	0.8181132255723176	0.059874137701598024	0.4800610120774894	0.313508168844542	0.044740787847186166	0.5301635229083378	0.5904450524514978	0.07086138399341671	0.5257817064222149	0.7964151194981678	0.14569582561298997	0.5155919139166635	0.8793492214642075	0.13288475498924676	0.5084590367565442	0.9010901033595826	0.07803325077854582	0.5613885889017195	0.9078716447486097
195	4.534883720930233	0.3251386234241023	0.5864220657299255	0.7745166275622957	0.312025808533276	0.6527471195916696	1.146555023107127	0.3128987141928027	0.8629907967733226	1.577757446957499	0.28906827736994567	0.6427138197731062	1.6082183511714794	0.34738863826424665	0.6945102280850248	1.6091944283445014	0.3139334773782865	0.970432874882853	1.6348647734625592	0.1316251893135251	0.5749388821581077	0.7825142556351941	0.1470137005472668	0.6977098743122795	1.156088134859542	0.1516017722783341	0.8694402360631974	1.5630419723279503	0.1228970656936013	0.6774180848349001	1.601084304329721	0.07943031260796109	0.7265495419266506	1.5970145743061903	0.17880572910783663	0.9508107833759313	1.6267374480122507	0.2013984153569297	0.40585361868987224	0.23001580662725918	0.19067345512644224	0.28851128396271164	0.005040768377507382	0.18843189698899934	0.28809708022458125	0.1505176830001009	0.3644028451358567	0.43601152155406925	0.31251750722085764	0.3996567941662208	0.5144883394758969	0.5625607690328623	0.3527271962450227	0.4337856483668457	0.7566023376839899	0.3145807571068074	0.35486871126717273	0.8367488180861844	0.3286885658770688	0.32936484046095005	0.8386134040553849	0.33286938587059695	0.3727179405781361	0.8429749457995601	0.05992070899004827	0.4800942854347279	0.31349129993586433	0.04646789998165164	0.5292601867447224	0.5902844648223964	0.05841653978635335	0.5300304845651137	0.8005564179128069	0.12095352845737713	0.48358420253818213	0.8865185026870306	0.10137017483836899	0.4776439545879434	0.9099415166628142	0.05507237970615923	0.5530563435091108	0.9133892374491669
196	4.558139534883721	0.32494707283713253	0.5769401873669229	0.7612539143546321	0.31501596659680253	0.6692511180432236	1.1531904738871406	0.30750810646913224	0.8708472707359044	1.580144624173195	0.2815734550384047	0.6239992354686313	1.6041733407227847	0.34190664489756717	0.6869874665538118	1.6066473755510051	0.31020438546715223	0.9598909336416382	1.6355331733298715	0.12648551310552317	0.5895392461260998	0.7713877935613973	0.14617659525026816	0.7001558619243264	1.1575926421173999	0.15198806549746569	0.868643553878469	1.5639671677380726	0.12142263891536512	0.6789390037071333	1.5979793911680271	0.07948911166237302	0.7267455193406014	1.5971113298629642	0.17601032629740143	0.9418907264170365	1.627642191420883	0.20287240875064608	0.40619826452152796	0.23157151467274603	0.18792628969009229	0.28360055862166844	0.007581392419252685	0.18771748484372658	0.2755303111309027	0.15907132333107815	0.3654465829708515	0.43529459307358	0.31181233596170516	0.39516496375504984	0.5079888082567415	0.5711848792097957	0.3558689285454708	0.46131424549927996	0.7777629892051803	0.3230120651661726	0.35301940052195807	0.8565419551209472	0.337023818276321	0.33396818873701406	0.8653558114867177	0.34069866737783194	0.41015867351976637	0.8704147240649203	0.05994308645223273	0.4801160052540549	0.31342748386544084	0.04889139050147908	0.5285739661368338	0.5891495054358395	0.04959450341538775	0.5288888752046088	0.8012122115824182	0.09451953346774744	0.4581240980531826	0.8897312899170067	0.07389089010488954	0.4664850357407039	0.9197687533989739	0.03172917011754659	0.5422884938786415	0.9134693927564643
197	4.5813953488372094	0.3257314360299023	0.5700067159213653	0.7549720712998546	0.3188834334493703	0.6886165656109794	1.1613816067547547	0.30664578621159294	0.8739146849746326	1.5797634701959065	0.27876744788656016	0.6227562141812869	1.602041458587562	0.34118011733618814	0.6750401394694804	1.6034968680633415	0.30865576688845364	0.9555791504581679	1.6356639662865575	0.12678757290768328	0.5947021220844861	0.7657033078647821	0.14716703560604794	0.6995624177004498	1.1590538285865921	0.15173894100760102	0.8635484781153868	1.560933506968495	0.1220879589786603	0.6803567575971581	1.597699526365255	0.0792641563277909	0.7266793958372824	1.5969804139018315	0.17530494450867118	0.9279547447227936	1.6244055695933617	0.20587268515720084	0.4033360468755488	0.2334237707750949	0.18735373928317522	0.28304460880060117	0.01105989156386541	0.18714728344288767	0.2672785063155676	0.16481397951788154	0.36837270055662436	0.43690434318200155	0.3115066376556691	0.3942072622615802	0.5055813330008927	0.5749490854227939	0.3577878696393565	0.47602123546938135	0.7927469670365617	0.3267168140876499	0.36625716723074186	0.8718188639517463	0.3415711592140498	0.34372639375862724	0.8856333226465449	0.35327764089390906	0.4247895297301597	0.8882480334647409	0.05983944241408422	0.4800674509834265	0.31327086783695995	0.04985145062545274	0.5248626151727338	0.5869957445847315	0.044971359207129025	0.5285610716337381	0.8012886262888236	0.08116578353039798	0.4529431508212091	0.8891465337535521	0.06182008914760208	0.47906379819346967	0.9251850933381736	0.019983092749704834	0.5386262466644918	0.9110516825980365
198	4.604651162790698	0.3276211056635916	0.5699022776968178	0.7564183401211253	0.32241763977224924	0.6970414816262361	1.1648417648753633	0.30720955717908033	0.8732740162789603	1.5784212091289396	0.27945173683134983	0.6340366311710158	1.6011944346216405	0.3431076194370254	0.6690381016651854	1.6016025221112766	0.30855447001333536	0.9558370631553332	1.6355099035263492	0.13083073183505983	0.5888791030734798	0.7673963278144572	0.14887689403575044	0.6928065696224798	1.1575637746872687	0.1504251736716516	0.8573079536031278	1.5575506794102685	0.12417798024204801	0.6819683727724914	1.6019213546402087	0.07882468985077297	0.7272085040439061	1.5968933607632936	0.17534694960911593	0.9187063843401025	1.6212345544522677	0.20881765473437325	0.3983848900371278	0.23613607503344752	0.18740876568766665	0.28295055459882495	0.0142529263265661	0.18711969728495365	0.2667806131406747	0.16828810741218908	0.3712686532027373	0.44119307920862594	0.3118551719973701	0.3945955001243195	0.5060019734224012	0.5744755307602565	0.3603507796134726	0.47987652106038675	0.8013494640052782	0.32707522538166833	0.3849782153901873	0.8833484490086156	0.34458275689767687	0.359262515712196	0.8968927149044865	0.36683875123741205	0.42504548173710377	0.8969982764577186	0.060006433704005845	0.48009603356820885	0.3130359421166292	0.048083940911972614	0.5185280832240838	0.5848875479973495	0.04096143875024032	0.5284413144836559	0.8014018368818872	0.07726535114442738	0.46488133390062786	0.8879301644952046	0.05721501864583037	0.4964626594047681	0.925766914702422	0.0165832770613685	0.5385512883635515	0.908176339713117
199	4.627906976744186	0.32954393426511935	0.5703446523368952	0.7599058153261434	0.3235851331993467	0.6964650659555521	1.1637826518962455	0.30731169289415994	0.8729506603132758	1.5780957203162322	0.2793266015545469	0.6346713543715806	1.5985819657689952	0.3441083136098101	0.6702957909111562	1.6004392474402669	0.3087240737168607	0.9566529393062413	1.6351687282527583	0.13466953789244002	0.5795219579685625	0.7721852448502238	0.15116795216257103	0.678025272054836	1.1510145626397041	0.148725490608989	0.8546874967422957	1.5567284972689508	0.1254261786167983	0.6777355808585257	1.6040269169603614	0.07844381522891726	0.7279302765498826	1.5968419228302213	0.17522088753849607	0.9141720323517875	1.6194935137027335	0.21037579882163432	0.39622301268008864	0.24055948737959787	0.18566340529124495	0.27128594313933907	0.01845968335825036	0.18818640530969177	0.2687959856659422	0.17443418716076792	0.37338687038718754	0.4465485595972163	0.31156144083209236	0.3944711874021422	0.5060701099622795	0.5728712125868747	0.3662136878600005	0.47753679421448425	0.8082858907055707	0.33141644813649535	0.38864925810236106	0.8917682458921344	0.351399316085541	0.3740679075185795	0.9038381347284197	0.3804150701918783	0.42275993706452647	0.9042008381423989	0.061146176168683924	0.48042569333085006	0.31281641602569316	0.04468759158652101	0.5143357503771677	0.5840166157147939	0.03548044280967641	0.5237243118896567	0.799395594726741	0.07154786372590084	0.48532924713916736	0.8875774896927757	0.04837551699434895	0.5055497089526189	0.9213035098958379	0.012258093236080271	0.5397073725990047	0.904292826538226
200	4.651162790697675	0.3307880499842749	0.5658211624467189	0.7629998889074929	0.3228328930216136	0.6945722212495377	1.1621228253967657	0.30705328516888764	0.8736215297945042	1.5783048303011897	0.2778500319349585	0.6208831494231508	1.5946028283640863	0.344201066196223	0.6731109263201289	1.598848102325928	0.3091226519226644	0.9575134912206272	1.6353619313581778	0.13730472977179387	0.5687499939023919	0.7748014562594128	0.1537889373817724	0.660508081512425	1.1429726454364542	0.14759482586459907	0.8546271203664171	1.5567958099367747	0.12520947863520943	0.666252292610914	1.6001902687073015	0.07814988340929552	0.728082537310754	1.5967473908119307	0.17494142866327073	0.9105841851566111	1.6176566626081663	0.21090043173278814	0.39801671905857083	0.2452988938550934	0.18320997120189295	0.24646510763827928	0.026129606252485293	0.19100417692076258	0.2683611044594859	0.18534388298294693	0.3744168272078403	0.44953790728592535	0.3106798588539985	0.39459235246433405	0.5052148145486786	0.5718975425911939	0.37507473288781723	0.4721770502896012	0.8135872505179254	0.34037408590785795	0.3759501763407531	0.8966059289288658	0.36158690728268383	0.3853957972453258	0.9086060132282773	0.3930292731724464	0.4220985644615703	0.9107109858310815	0.06285857009765253	0.48091793770922975	0.3126721964085153	0.04090252368807183	0.513787132128473	0.584475979351228	0.030048092816634932	0.5152187360925271	0.7956072801647293	0.06236685580001295	0.5053924936032494	0.8870206785789556	0.03504197435107174	0.5065796799075675	0.9113064547194795	0.006327594878127925	0.5430787473224824	0.8995492697368106
201	4.674418604651163	0.33122835753168145	0.5614504863071079	0.7659235760405552	0.322704582164165	0.6940695553148248	1.1615412526747255	0.3069654638311764	0.8741605534697424	1.5783734687753213	0.2762204874878898	0.6078415830063126	1.5919637903776551	0.34346859832809806	0.6729088141195588	1.5976435258099113	0.3098651250000147	0.9591760148254151	1.6371367370084382	0.13899072470904886	0.5586505080214786	0.7736287436332899	0.15521067864178997	0.6506213248008603	1.1393146189178949	0.1472685503865101	0.8534692362072638	1.555100827063605	0.12459155513037115	0.6556289115523712	1.5947996698442788	0.0777682440365759	0.7280289092970578	1.596595496553448	0.1746188188604441	0.9077211651033845	1.6163807846621725	0.21116102090581534	0.40070871970564315	0.2484018475815536	0.18260430366985375	0.22122454031312383	0.036004846759156564	0.19553211260171482	0.2665990869356432	0.19786607623447117	0.3745582075998895	0.44981443703640134	0.3103457071166825	0.3964929053429371	0.5043324802675115	0.5721473325674069	0.38239837958636824	0.4655910105119929	0.8151349675477847	0.34736548768576825	0.3634586486812818	0.898674985604931	0.36880197720811697	0.39271634348684104	0.91133397424105	0.40115910751482486	0.4224684369252481	0.9136801716462353	0.06390560504496019	0.4812147025019279	0.31227399013057977	0.03763764780667137	0.5133975430202853	0.5846526225463731	0.025903478095806242	0.510028272008998	0.7928592490750526	0.053940723030222654	0.5150104969595629	0.8852683877398375	0.024512106442704667	0.5052692551063878	0.9005124519309751	0.001727272013634452	0.5492523167210246	0.8950965327287143
202	4.697674418604652	0.33086327859509146	0.5621594861434639	0.7677031043360074	0.3231985682746898	0.694205291811909	1.1616555775187272	0.30713088514346937	0.873884740333285	1.5782770021351333	0.27531145586366884	0.6036002306206967	1.5912653500328826	0.3408747521411109	0.6679242798785604	1.5974441503982544	0.3105625281796737	0.9609202662647334	1.6398262484070014	0.1396167876556503	0.5537650449397399	0.7721814628788024	0.1551143057966653	0.6500918557423673	1.1397955919431788	0.14722614622249205	0.8517218881130031	1.5526655491183994	0.1245391836774383	0.650874604737732	1.591474612338423	0.07812204102049977	0.7283360569995613	1.596333324962067	0.17384724151524997	0.9083359075936082	1.6179955798516086	0.21154409489393822	0.4023820005488365	0.251362000577109	0.18319776418119024	0.2056757805448628	0.044445654862632696	0.19906082390056443	0.266164845362287	0.20865907432939346	0.3744459481356571	0.4494860029339172	0.31050906113114346	0.39958012037482266	0.5046230346258849	0.5729986563404421	0.3862874566871056	0.45832350078706197	0.8142487338732398	0.3501023495492203	0.364670055285169	0.9005978499164002	0.37061484535517497	0.39632127256062055	0.9140876225706576	0.4050733681802486	0.42238125146094707	0.9135881934491925	0.06412141235560703	0.48126067926920413	0.3113427744515567	0.035421496926374016	0.5116166848058171	0.5825545184764692	0.02195335316930145	0.5118535580296595	0.7917189217098592	0.04753412992500605	0.5138163106893707	0.8823242395357431	0.01967117747345459	0.5035404514234694	0.8941765110375147	-0.0020968472827377323	0.5600447613420774	0.8920995646480534
203	4.72093023255814	0.3299306252788221	0.567323528126957	0.7680730410920587	0.32265816433033107	0.6941785790542505	1.163144329256043	0.3072226486829416	0.8729351579430799	1.5784415902919222	0.27521275229598047	0.6041615519109761	1.5916546073481743	0.33796586516319665	0.6608818521214611	1.597554410350668	0.31054159121111535	0.9602897379314377	1.6413292725308866	0.1395702560860797	0.5547498401958565	0.7735343113871008	0.15481240966847085	0.6519104387490157	1.141042522818624	0.14646668242006222	0.8512689544920191	1.5528388115395906	0.12547467153302128	0.646345460166043	1.5894226243833642	0.08079522743814217	0.7271980941428964	1.5959526116119753	0.17214205332656635	0.9158875063038937	1.6230824265628712	0.21178400053099228	0.40293502498710787	0.2556524162837674	0.18324518082973978	0.19928804060459077	0.04982344286359543	0.1986306047344462	0.2665774094361322	0.2170716048866546	0.37448230640582036	0.44966129103678926	0.3106472419516764	0.4021887862884435	0.5077354527537722	0.5733112272976643	0.3895160742157119	0.4513860036186754	0.8123497619536839	0.3510078115526347	0.37932365030149173	0.904433883646639	0.370976702224471	0.4002442611588882	0.9175145418247815	0.4089354577917558	0.42236144659169217	0.9129158910371578	0.06387348098110612	0.4811641580443752	0.31084485571445086	0.03309125687769132	0.5141920499387055	0.5790257614121421	0.018055472278942213	0.516737271857171	0.7910209180977497	0.04145552684240229	0.5117881557490505	0.8790101941246371	0.016426684681418963	0.49870525395736404	0.8917467882815169	-0.0062892390358326045	0.5760588264148239	0.8916375696104911
204	4.744186046511628	0.32868800099523504	0.5750734721102762	0.7685777588948655	0.32171994748767024	0.6940811098796615	1.1667857264982409	0.30707932297670104	0.8719959073312298	1.5795666959078338	0.2752576191847884	0.6040963550098102	1.591572420844537	0.3373777805572601	0.6567152063363474	1.597406941577635	0.3092285128891025	0.9547675087551559	1.641166380165731	0.13912272582428092	0.5595408786989047	0.7760764502276775	0.15502746511043117	0.6523248564442723	1.1428167789820212	0.144013414323471	0.8506172281050594	1.555336942178627	0.12685912678726396	0.6385819892910718	1.5880763566761638	0.08493393903010799	0.7218857282817078	1.5959510648387334	0.17012959180525092	0.9272726664298623	1.628218329441472	0.2110481086013087	0.40294371655435396	0.26018850433497853	0.18324458368130808	0.19571373459624575	0.05402209504376579	0.19628509021153495	0.2686999835638225	0.22289554982810877	0.37472732958427746	0.4502611377090603	0.3106955489908054	0.4046433719505821	0.5135456575324209	0.5721339457164009	0.3942914940569126	0.44605922717526664	0.8078039637569763	0.3509614557632232	0.3953995440248089	0.9084782072695796	0.37257336022676085	0.4071910900295464	0.9191311108237084	0.41326458053782844	0.42508176934412073	0.9127150902685575	0.06287439393882813	0.4810393083739813	0.3117691097117385	0.02741364335791867	0.5284861693930365	0.5772497513699327	0.014275805947584845	0.520412376065275	0.7901758603128397	0.03476285495067446	0.5124428103392598	0.8756528637248511	0.011311333870874766	0.4918358674975553	0.8895032054448742	-0.01089988658135918	0.591603646700317	0.8926237322814511
205	4.767441860465116	0.32719765229392916	0.5839852132780194	0.7699531961225815	0.3224847185710623	0.6957395161769507	1.1706963863498616	0.3070646323481275	0.8715883181611078	1.5816075317370109	0.27516334555987054	0.6020721476125354	1.5895883358657392	0.338756014830941	0.6572697635437854	1.5974558436941506	0.30750693117296296	0.9477039766498052	1.641063616410892	0.13807889857623423	0.5661348267091454	0.7773236038220342	0.15557513890205912	0.6519511741290962	1.1443970244735846	0.14084354125926268	0.8479678520684185	1.555669775375126	0.1277393978586152	0.6330270039941107	1.587895070528985	0.08748196006005667	0.7142461047375359	1.5967621376725443	0.16917388394372052	0.9341891523933776	1.6290704207066375	0.20954090844687978	0.4033819356094331	0.2656725702385432	0.18395651169151966	0.18765283628218346	0.0598944341015983	0.19632103507623855	0.2756623192261434	0.22651216505545635	0.3747435005303694	0.4499350842311115	0.31072953448827456	0.408356400615406	0.5197492534591546	0.5689640378260833	0.39937064451310145	0.44234494855278583	0.8009304147819526	0.34992152179837815	0.4047424454628257	0.9093515090415012	0.37363552917490056	0.4147770248504972	0.9181573327774132	0.41623491634135706	0.4317351984212685	0.9128345946976458	0.061436313752303615	0.4811405825794381	0.31318373473068634	0.016695538695010143	0.5517327938512286	0.577883823216526	0.00818547151551128	0.5240468041130135	0.7881994835559907	0.0283946176753293	0.5109529869970844	0.8710681509468219	0.005910240081725608	0.48789132921353173	0.8859705414930426	-0.016414139662583472	0.5990744709745675	0.892581789361647
206	4.790697674418604	0.3257397230010603	0.5918972800079023	0.7709533855005073	0.32531012024540773	0.7002567306834626	1.1716826471444959	0.3075076126762546	0.8715686135259008	1.5838092633161762	0.2754354046390022	0.6008789855596122	1.5872969780178008	0.3406896438989582	0.6617461412719126	1.5985765813685873	0.307501697428229	0.9471024216485747	1.6421354182584136	0.13621151867717016	0.5742271893154551	0.7772452120948989	0.15604940522037752	0.6511267702885946	1.1429017140417304	0.13928303181695592	0.844822756347277	1.5516805141649226	0.12822821589788644	0.6322866883706431	1.5885493312539278	0.08778396203532335	0.7093059999681164	1.5971569258633933	0.16907177183524233	0.9335752881044169	1.625552205719721	0.20881242415581036	0.40441547721156745	0.2730795441039733	0.18466250755998262	0.1727116420011039	0.06646906539721907	0.19826105547613598	0.28381885423784026	0.23030736953798728	0.3737387669059913	0.44666009765879067	0.3108262879747226	0.41255893712170044	0.5242543893574841	0.5647888459683548	0.40193832339278157	0.4409869236296555	0.7945002335834097	0.34887675463278367	0.4116974691032462	0.9068104517822224	0.37353658364248365	0.4190935026112073	0.9166051413401566	0.4182003533859856	0.43771449619979075	0.9128714178612349	0.060013796275341424	0.480329235655207	0.3139101135827722	0.004293768961585361	0.5709633105536331	0.5784369925722813	-9.955200145529133e-05	0.5281965168822131	0.7850419423018307	0.023741564356443527	0.5065504934561708	0.8657052085467483	0.0031672269720733346	0.48747240604285225	0.8828163254441883	-0.02262352723662803	0.5998157896719667	0.8914077673924359
207	4.813953488372093	0.32496029039725427	0.5957418476188813	0.7706981422564166	0.32682807998787167	0.7019174005776504	1.1693554853728336	0.3079763936489798	0.8716782383570391	1.5860039375635544	0.277348316726608	0.6055002497733857	1.5886708134858263	0.34248160643253384	0.6674791614878379	1.6004834064517492	0.3090996100548662	0.9525885823965552	1.6429460068868655	0.13318451876834653	0.5849312584791284	0.7769555689604547	0.1559359754805928	0.6504237777760091	1.140053774882411	0.13909085710117647	0.8437274773542345	1.5487446137482717	0.12881144050748677	0.6322646179338842	1.5894450099408708	0.08755166423968326	0.708084247429902	1.5955492910948452	0.1673463612953225	0.9277058752674323	1.6227649443058088	0.20903337629140417	0.405489948601645	0.28018994647185386	0.18452412207996793	0.15802808424601741	0.07110636030156879	0.1981545235415131	0.2829239914393951	0.23584933047634365	0.37167191978905384	0.441765986986444	0.3113422937218146	0.4150152405263441	0.5260745797992199	0.561702771113529	0.40153727851037657	0.44415338457915504	0.7895335083305914	0.34873509324219537	0.42390504094630965	0.9044274962392567	0.37559595549963987	0.42233973829139154	0.916180860516647	0.41953948911955974	0.44308194252247896	0.9127402255412895	0.05758089153818045	0.4760564299810657	0.31432657973816613	-0.005238644325926187	0.5764671464182257	0.577608193918546	-0.005983147278901917	0.53104689706216	0.7831106464864932	0.021395263330240118	0.5045975706828786	0.8627330682192434	0.0026376095927675013	0.48589619736043277	0.8812916776604083	-0.02781547430214793	0.6003639885627295	0.890632066557808
208	4.837209302325581	0.32500567068232916	0.5954155771028946	0.7700431992098944	0.32351754978873365	0.6943695282728322	1.1664647036062061	0.30780912890906736	0.8720442673806765	1.5886188349619275	0.28088027113194924	0.6139550410794214	1.5931130714277666	0.343206709119719	0.6704228079893813	1.6017186343137917	0.3098611826891658	0.9555304337527556	1.641626452863392	0.12926505375137093	0.5948379243378918	0.7772460667488803	0.15501897867922948	0.65247119987018	1.1406674467897937	0.13746837438306497	0.844586689249903	1.5534775227133515	0.1292277081306871	0.6308899220078528	1.5912403813872031	0.08707771741027812	0.7080796617297841	1.5930349548459826	0.16234590259498194	0.920530951568966	1.6269698731669862	0.2078890866138044	0.40639639788350634	0.2853202787523998	0.1835737401654407	0.15310490868108623	0.07473191059341515	0.19565383084912424	0.2728815119418636	0.24201840536591918	0.36932970992031444	0.43936760882807596	0.312734132901904	0.41556177139092665	0.5259373280572497	0.5606479684964764	0.40020353830692346	0.4511373236208332	0.7864291215208443	0.3496578042447271	0.44328502884540133	0.9051458057309163	0.3804022643635218	0.4338625120666908	0.9172066074887355	0.4194024430784684	0.4574029447007431	0.9132329339203173	0.05425713629009013	0.4694777682080828	0.31528365318825563	-0.011381731231448587	0.5715484274490378	0.5770066854194527	-0.007566272553638817	0.5361967936329424	0.7844219831582746	0.020517860990092583	0.509001875640966	0.8634048716829236	0.001626734573216353	0.48220177582201595	0.8807732248464175	-0.030410299529912536	0.600941224627065	0.8909450094125259
209	4.8604651162790695	0.3251441441592199	0.5952452074829093	0.7692998856825572	0.316890623576038	0.6827543825680629	1.1644274303885747	0.30753345147743655	0.873637620129379	1.5912825000570583	0.2831261777435423	0.6169549140050558	1.594838195906022	0.3434659068349822	0.6695113695612425	1.6016243337481795	0.30936536833687267	0.9544976125286315	1.6384718245458298	0.126004518181439	0.5984056096100028	0.7777122521607625	0.1541583587583561	0.6575005169273869	1.142246413149149	0.13428124964999627	0.8451741747964382	1.561895086176268	0.1295015909148558	0.6310038569472496	1.5946036564449466	0.08548411100738601	0.7079621018108195	1.5922978320354626	0.15644835018904657	0.9159357685061804	1.6358294102276951	0.20424628672323009	0.4066377374250211	0.289067908459294	0.1822867953812839	0.157502071754461	0.07905415708459171	0.19363899207323934	0.2675502498475227	0.24619929282467473	0.3668062358302169	0.43838862305223947	0.3148066849193557	0.4151523222564434	0.525585407725416	0.5607521287703496	0.39924499800533303	0.4588266120206048	0.7856106199669648	0.3506050350291068	0.4587101242969607	0.9068076451511211	0.3830684227091349	0.4513841086307762	0.9184687353675687	0.4174379740781404	0.4783158627705658	0.9149953166963697	0.05214486685611874	0.4655201604948014	0.3170982399774906	-0.01578313831534031	0.5663196504738914	0.5785817684186567	-0.007569137476806792	0.5474422585504463	0.7881541458502432	0.01920706139857226	0.5167587681644881	0.8666712946562565	3.108404234752058e-05	0.4858723165532801	0.8820660060310176	-0.030296474455328022	0.6009493181067586	0.8922304394843378
210	4.883720930232558	0.3245265687514342	0.5992781625205106	0.7677843115902465	0.3105613098486668	0.6756511732346561	1.1617273545562279	0.3083942176889675	0.8781977799521494	1.592411815038926	0.28262132061937834	0.6162143303843723	1.5935357791274403	0.34517869618066305	0.668295707315974	1.6012691287649141	0.30953302587046205	0.9561394577168914	1.635197592799701	0.12439332550166929	0.598097429021761	0.7772211011379359	0.15391448793698367	0.6614308822281253	1.139404758070568	0.13289861448185408	0.8451384822522089	1.5649095737062275	0.13045289106889357	0.6356075965618481	1.598297664209994	0.08337029536455305	0.7077061816588964	1.5938039111186677	0.15328871692529625	0.9135147654125373	1.6389497934189161	0.2002869036615455	0.4068138829460616	0.29088593536682844	0.18086114697265224	0.16262222129238052	0.08247484112371617	0.1922203885232935	0.2718510892269476	0.24635896319399517	0.36316480424241465	0.4326326118709075	0.31660995200870473	0.41284743037364435	0.5259574246561415	0.561035201755763	0.3983339964049269	0.467474707426823	0.7858583391923215	0.3489136213382338	0.4559164039219329	0.9061606002996077	0.38050806069831844	0.46025694877923395	0.918727073428169	0.4150920050667089	0.4888337180457354	0.9172771972142357	0.051039168034065406	0.46574624887700244	0.31927379047226206	-0.01876219857067922	0.5652954334937336	0.5823092475362706	-0.007659712617270894	0.5581868047809115	0.7919298600190435	0.018071583843553854	0.5228238136327134	0.8726977581413581	0.0008331341562897661	0.5031209189445207	0.8872870617264192	-0.028719836628997512	0.6039202974742035	0.8936897723796491
211	4.906976744186046	0.3231871424060751	0.6047208698182875	0.7653449312978491	0.3062959733824796	0.6727112856386317	1.157550345978817	0.3099885132000518	0.8850241378674542	1.5907705918100765	0.2819459166828835	0.6213056824885587	1.5953052166217176	0.3480611558130636	0.6714892969736916	1.60228453827656	0.31081412049045365	0.9618590719669654	1.6332514369135485	0.12319535004577103	0.6014585718287975	0.7757268484919053	0.15228688623217337	0.6650859026415419	1.1348708069852596	0.13415165673262114	0.8456230103801856	1.5618743862047781	0.13206721743433097	0.6426343560316718	1.6007490754855667	0.08223782570749956	0.7074456698401351	1.5954271141936138	0.15321497687581764	0.9125636843479095	1.6353811438122734	0.1971750374401819	0.41100255971058075	0.28914572602006117	0.17862989769875437	0.16346572222679284	0.08265185544515494	0.18962700570698154	0.2738231691328296	0.24384223213776918	0.3580618522676284	0.42126867965700554	0.31695226762110495	0.40824400122130033	0.5272735358523268	0.5613212276417645	0.39637450722533735	0.47882426713182885	0.7864607312809562	0.3436568798339443	0.44344871555025195	0.9048791702104304	0.37400137346353046	0.4618084964602286	0.9186034900865998	0.4149049221093854	0.48028541988143336	0.9179854733947507	0.048636461914377295	0.46768040345146616	0.3205963287483907	-0.019745642145764238	0.5663865872459785	0.5861967819005196	-0.006762776561074026	0.5598212419516915	0.7945272056487477	0.021240100186652257	0.5270429558065188	0.880468958373416	0.005201052080490317	0.5219767545964197	0.8946604253530839	-0.026463959467549925	0.6107112472721916	0.894917348136018
212	4.930232558139535	0.321683907253706	0.6043079493358676	0.7627029857007425	0.30452517316165073	0.6725325311465835	1.1526951109548134	0.31067390488592217	0.8901767929123019	1.5871348333928936	0.28278036892798925	0.6286714471141118	1.6004652963193378	0.3504314562658787	0.6785876891497895	1.6045094558067565	0.3116952051426373	0.9662891723494431	1.6324848542260177	0.12090752428443513	0.6088626046753691	0.7741226992612799	0.14766475214119806	0.6733213890504351	1.1331581797157222	0.13513041606096243	0.8459780952695215	1.5570573450050367	0.1331652239342611	0.646623855483052	1.6016731483583666	0.08215683616434882	0.7075012226031825	1.595823784085901	0.15478190902436534	0.9164333484059924	1.6343254355609245	0.1938387792894861	0.4200283900337799	0.2849218373459734	0.17497047262544999	0.16188549685661247	0.0803814982573464	0.18591069678347688	0.2679907870707322	0.24176515692572823	0.3523877901465689	0.4095635203094412	0.31556857643277575	0.4040783374511449	0.529131297146167	0.5615962343118612	0.39148872260259626	0.48933152083374065	0.7888378666839233	0.33753959173641546	0.43936625485311337	0.9051820751433242	0.3649693495264742	0.4676491154138856	0.9193985394423534	0.4154824584101897	0.4661937620565614	0.9163811403168465	0.044785670216792264	0.4681275394447794	0.3204241685160416	-0.018979490640792386	0.5661046228932829	0.5879990159718866	-0.004197968934128147	0.5535313975071617	0.7960695033092846	0.03001904375714534	0.5311667979441665	0.8859120598143514	0.010785223365223522	0.5306487763372877	0.900876596535414	-0.023418843165780807	0.6185040267374469	0.8971418079255501
213	4.953488372093023	0.319806321417739	0.598158308304718	0.7609449919125681	0.3042409038413148	0.6793923428903961	1.147127057780975	0.3102934947514042	0.8915778077437144	1.5843645125863308	0.28369175192092866	0.6302520211751353	1.603530282870945	0.3519185865170204	0.6834898611073865	1.6059527518561243	0.31157175535358983	0.9672473150272372	1.6318547719578875	0.11790216877241719	0.6139139006914651	0.7724967143095157	0.14209656619486757	0.6854557772995811	1.1330762914596317	0.13461525816029954	0.8453714574783137	1.5526956011286606	0.13331265467178646	0.6462567345877026	1.6017050863382762	0.0821937795579913	0.707986310528352	1.5956773838796976	0.15699544616058497	0.9240207290046103	1.6370089135009422	0.19139814665448152	0.4257768797800054	0.28157143652957106	0.1715673544443227	0.16138932337130601	0.07755315438267993	0.18220712968272096	0.2623763254351448	0.24095323523358528	0.3476827292513607	0.4009782346664852	0.3139573915907241	0.4020861871905178	0.5288715076505203	0.561848426020311	0.38189451909342836	0.4944126417459429	0.7925410322025674	0.331772365145525	0.44062205922596	0.9048564665534686	0.35390059553359293	0.4721889552855971	0.9211670279000534	0.4095056447199005	0.47270630887312737	0.9158116224999864	0.04126880955503716	0.4645059705148238	0.3195786025465931	-0.018040783417259627	0.5622162016282549	0.5879891701464408	-0.0007124203305707093	0.5455175046559095	0.796524533901721	0.04008436734682857	0.535177004123855	0.8871377355628701	0.015912127188205383	0.5324251150778853	0.9065816125735126	-0.020809646384480938	0.6245786014963182	0.9011923313281879
214	4.976744186046512	0.31760130641182294	0.5933484845416866	0.7593684595754526	0.3037748976230892	0.6915675268615472	1.140746265151729	0.3099539497956329	0.8908063772511171	1.584435061520434	0.2842423113473789	0.6295457226231396	1.6041075863588419	0.3528637978677232	0.6837540514240541	1.6059720280276046	0.3112565968891115	0.967203572441648	1.6314483418585755	0.11522114530542504	0.6143385033117997	0.7698338384876197	0.1375406430918645	0.698086992991207	1.1339854460139493	0.1339952699931343	0.8443427270767061	1.5503340270846344	0.13318045376235782	0.6459553820149477	1.6015414393966345	0.08206315001936611	0.7082568911341197	1.5956484113292486	0.1585701570291889	0.9286243388867964	1.6376334312192382	0.1915152800577682	0.4231720126688163	0.2802387520709294	0.17073616043569706	0.16244501563953717	0.0745469315421233	0.18015468880966914	0.261343501258518	0.24066808155006975	0.3449192534425599	0.39733370504772547	0.313459103781282	0.3996140946512865	0.5217820520329752	0.5621494145570722	0.370015974687758	0.49620036614957874	0.7942172441882732	0.3239731197609717	0.437556253767733	0.901730758551281	0.3414494270138849	0.4634544916034354	0.9219340072464568	0.39294835983225834	0.4977816586861115	0.91858158505417	0.03887228613344806	0.45829459684706664	0.3193708919195132	-0.018465260747173282	0.5571826832584015	0.5884895765416739	0.003112780608791973	0.5396532068360493	0.7963576236651121	0.047241216379785206	0.5381125659082883	0.886955631823368	0.02178263712814557	0.5313999659593468	0.9118219687414526	-0.019494883735568905	0.6270190845207366	0.9051682727160646
215	5.0	0.31625710049960826	0.5922795907611565	0.7561475507853506	0.30331543453248055	0.697843761594005	1.1358338021112742	0.310048112821223	0.8911867630488159	1.5857065472309562	0.28590947761813496	0.6333131801485695	1.605906437138107	0.3539942059862122	0.6838371332588769	1.6061631565676553	0.31123087293172735	0.9675097970252067	1.6311531992588613	0.11205369509593942	0.6130915358723834	0.7660835647816218	0.1335928969556203	0.7079780122545019	1.1383807987723924	0.13392921860416898	0.8432218025913302	1.5503707170195449	0.13325731699878332	0.6502392845740013	1.6013474133075896	0.08202310664662874	0.7078191356317907	1.5955827971814032	0.15899943111598963	0.9288014771711565	1.6360183235997152	0.1927180402209763	0.41906780551519834	0.2791675423933893	0.17075588956194865	0.16348144771631123	0.07164932815804406	0.17985745383097523	0.2618284955097441	0.24077419371154946	0.342857718596674	0.400052748510622	0.31364146249535463	0.39389759378786154	0.5070437577192156	0.5622804781305852	0.3615025935334347	0.497366627262798	0.7932139799471914	0.31237287620353427	0.4323977714094759	0.8968818698004695	0.32795724413860355	0.44609312591095346	0.919189136626934	0.3715729065658648	0.5047089955293408	0.9205864073157801	0.03724292286817969	0.453940672358106	0.3197262916756781	-0.01908506875238302	0.5532404372539009	0.589964282143633	0.008746784445836145	0.5365339145310188	0.7966926688102647	0.05164416010132424	0.5383979148732576	0.888554573597429	0.02954099122462666	0.5293677842881893	0.9143379012696276	-0.01623039055113375	0.6208962628340374	0.9060703524452987
216	5.023255813953488	0.3158485472407025	0.5920210957038065	0.7526123431687105	0.3045699530945599	0.6954021873276036	1.1358422692819583	0.3100548517857177	0.8959100023605477	1.5863797444614187	0.28809782285529284	0.6390377501317881	1.6081836753414709	0.35572464005881393	0.6880594721247899	1.6078013890250968	0.31130682553556766	0.967476811696951	1.63019273362046	0.10704559978711756	0.6119865436816754	0.7636737868574749	0.1306577427098752	0.7138654766750807	1.1450076159348195	0.1340444897930853	0.8436418324726426	1.5513929152908392	0.1334729759185223	0.6589851853273115	1.6019264011890524	0.08219031284421462	0.7088261692351032	1.5958966321705919	0.15975613197069008	0.9280294490465618	1.6340922179632607	0.1928572193971666	0.4207883567400563	0.27627758692357085	0.16735384572352008	0.16807309589403197	0.06794075540846853	0.17729730970187169	0.2614199846564549	0.23947187050511676	0.33962416787983873	0.40608249852642997	0.31376171449019347	0.38480973433219756	0.48982586572117937	0.5624994996073545	0.3539329127961412	0.49010305359307427	0.7913098822533716	0.29400786981837307	0.42966816705291716	0.8912959868576812	0.3100367588979284	0.43187338013127224	0.9122725322779359	0.3492657015593999	0.4797496115751996	0.9167476903603481	0.03631762290016431	0.45268767146151756	0.31947111302503706	-0.014749955739625883	0.5439259092164141	0.590740573983362	0.019124253677911086	0.5328428477380199	0.7976226942045017	0.05724704872288286	0.5320565021840761	0.8910690146249389	0.03891519933309643	0.5281678687213838	0.9153436452106642	-0.006999398562740531	0.6007424059971109	0.9041515040820187
217	5.046511627906977	0.31490572273204165	0.5915714765897627	0.7532664505762217	0.30746647264601706	0.6967901857878795	1.1410712536753138	0.3094076133621402	0.9031328014390037	1.587260469516266	0.28840821054519095	0.6394557623686985	1.6077330322439918	0.3567038468301971	0.6947206948987804	1.6100555958276834	0.31135697072451507	0.9666590066408507	1.629339611542427	0.10229590572966525	0.6113286998094819	0.7654939665809395	0.13001973784411475	0.7202520370656467	1.1488503500479612	0.1344454447871407	0.8492395173836931	1.5524001937860743	0.13363150184704017	0.6688189231568202	1.6049606199568873	0.08245315083056251	0.7147552765682912	1.5977005294259294	0.1622960455546833	0.9271271443611093	1.6301988947567108	0.19136839618932	0.42636454555315084	0.26970066715610774	0.15916793601800003	0.1813230123951184	0.06186597011653176	0.16993209866275377	0.26010192786710296	0.2321644770583336	0.3351289484093434	0.4097148110161506	0.31376086133363273	0.3721857341647461	0.47394414566104426	0.5643192002354714	0.33772447179078374	0.46444109297065395	0.788067573021305	0.2635992083298089	0.42987622253092556	0.8848036877933598	0.281608488677545	0.42189302960478126	0.9019894688764756	0.3215654522329866	0.44834932556495116	0.9077510625404618	0.036092873754307704	0.45272916223453447	0.31862804267752487	-0.0019912209288005687	0.5261940863021282	0.5904516992548975	0.033519359412090145	0.5260176455452401	0.7985408116950656	0.0683129504864402	0.5131526403686436	0.8909701818738983	0.050399847095338644	0.5189590962667152	0.9174790692104517	0.008030419685867629	0.5730914575656295	0.9041265885598532
218	5.069767441860465	0.31319463216719684	0.59241132521238	0.7597054893712497	0.3097795549970311	0.7094991980418784	1.1474481471498943	0.30830481751213057	0.9069621178228151	1.5884928666130322	0.28708204715871244	0.6353870130570429	1.605259159624269	0.3560772275042948	0.6989376937085674	1.6112956874000415	0.31144965804525704	0.9670437669868726	1.6294709665091636	0.10154661364844075	0.6115689721921661	0.7712827258108127	0.13094544264885077	0.7287368029203285	1.1483981861357007	0.13573960247239353	0.8590115464759174	1.5538393076428776	0.13369098231664528	0.676414031477476	1.609704288512769	0.08263139603472286	0.7236047778971093	1.600522084052687	0.16629859757949678	0.9259589171742296	1.6247458215081467	0.189267275588561	0.4300460609928868	0.26016629578771566	0.1494727437971711	0.19755050092812337	0.054911976107357645	0.16194837092154968	0.25823515373273354	0.21854182409387082	0.3304645568760513	0.4086675154840721	0.31378401597160976	0.3583636611074788	0.460232956008745	0.5681368959312834	0.3151654696880372	0.4307385785193782	0.783895423903394	0.22677040731375991	0.43104677186262896	0.8790438781409516	0.24612770693792668	0.4156346134750061	0.8911719043164523	0.2900186230183425	0.43103910269479273	0.8992352986005103	0.03615550882182024	0.45303307692697053	0.31837371807724607	0.013299705553438746	0.5100847349890719	0.5906111646145288	0.045525192847678836	0.5191560702026203	0.7992229486011426	0.08306609995266423	0.487277765672814	0.8879304957212582	0.0638873103197048	0.49286487974737786	0.9199559013779613	0.025631656950787125	0.552037798363341	0.9096191798461276
219	5.093023255813954	0.31135704812520676	0.5928377677315148	0.7662460266184583	0.3103967898230778	0.723129903527685	1.1508857744861314	0.30800975400563907	0.9075855257906338	1.5886591464416913	0.2865788196120324	0.6338983905211955	1.602877950293312	0.3552623664904366	0.6998940915280669	1.611366389425421	0.31139845568458663	0.9719920478883791	1.6299048465895682	0.10365412139242323	0.6123001351633706	0.7763239791176357	0.13097753664997608	0.7333534650676931	1.145897901059979	0.13802541347460676	0.8661141819413309	1.5552078625586274	0.13358835366081556	0.6793688107494843	1.6124255119109323	0.08263337175301728	0.7288918150345272	1.6023144777943414	0.1709147737221762	0.927808456085972	1.6216023614474444	0.1882268892706495	0.43002519351383467	0.2524927629472988	0.14346517349297397	0.20763262411769107	0.049184518238709285	0.15730309114344623	0.25523235751413587	0.20572011044905633	0.3268418086451842	0.4041947081222892	0.3140446038478985	0.34971111560244217	0.4511577464191054	0.5715750078613342	0.297945719950572	0.4102879802512619	0.7818718654427201	0.19899569145073576	0.4274556739296294	0.8761790221072072	0.216041486631052	0.4149331249900572	0.8842928628621218	0.26085496539498887	0.42519054705633086	0.8950160407388167	0.03625830205333859	0.4536284142719013	0.3193255316620086	0.021902240723781108	0.5008546913797782	0.5921984162483324	0.05108849640200317	0.514899301286493	0.7998025005329152	0.09687744434560708	0.47507065954187655	0.8853342148910163	0.07904675422891906	0.466108493646951	0.9212120209268748	0.04296247631014022	0.540333015191719	0.9187259049247897
220	5.116279069767442	0.30808107091500253	0.5890403976560934	0.7679692116048746	0.31009428235126135	0.7274922498339068	1.1511872561779453	0.30968963919039005	0.9112411273023928	1.5871446471392665	0.28814320873117744	0.6378316432763882	1.6013050510393678	0.3553465788192824	0.7004145823928565	1.611221411715292	0.310776148363598	0.9799515124432849	1.6301032185542375	0.10324454749795803	0.6123622859542216	0.7777581881738933	0.1290321652050206	0.7322042158136908	1.143593025599946	0.14038553692039568	0.8688739806925881	1.554207375414272	0.1331563167435389	0.678271020698459	1.6109299342284036	0.08253552312357756	0.7291712568100468	1.6024289710036608	0.17558156770842534	0.9353740292144581	1.6219719031725315	0.18805149446746094	0.4279192830797475	0.24909051595764678	0.143353691008744	0.21136066374494192	0.044223889878638026	0.15418809113257825	0.25060354410229563	0.19860125176994195	0.32490382743831614	0.39928526412668014	0.3148142905972483	0.34832784986205356	0.4483797790822348	0.5730196501204128	0.2860141402963698	0.40400677492326015	0.7812741397003303	0.18323523721580579	0.4114314194135542	0.8730214377243649	0.19527242530676955	0.4101709309256066	0.8813891926670314	0.23139477064609695	0.42159247713955444	0.8915838341923652	0.03639102765551952	0.45430306433149636	0.3208459485025365	0.02303073224301958	0.49374229624344285	0.5947835949972076	0.05563493253262273	0.506335162696254	0.8007603807701622	0.11200694015480786	0.4844512375611459	0.8843336904598726	0.09967086482053969	0.4652802298680704	0.9206666651390832	0.06081536191642269	0.5270900761529902	0.9262200290430964
221	5.1395348837209305	0.3025132506957034	0.5834688309045952	0.7700232112889598	0.30968652530979845	0.7265312213547553	1.1509732194984617	0.3124132857926696	0.9185071306079722	1.584614237496587	0.290348784876027	0.6426599885300649	1.600899227251924	0.35570435018650404	0.7017312061467315	1.6113714195249957	0.30977601150414297	0.9849456836985128	1.630198436469308	0.10024563764004116	0.6098761353510708	0.7810315274748757	0.12689431527619258	0.7302917093923125	1.1430317743384355	0.1421509980339336	0.8729797613052235	1.5515640667592632	0.13256528360417102	0.6764004433858284	1.6070146721014058	0.08250861949714215	0.7281977525921337	1.6019292785299117	0.17909173706941744	0.9445673773156922	1.623647203570922	0.18659437003914445	0.4262653879666819	0.24682034856011342	0.14705607375534438	0.21202206598972165	0.03882914554369018	0.1514420717273461	0.2464077245165162	0.19439402848407908	0.32407386266677163	0.3968772695927697	0.3158956046748651	0.3496566375284521	0.44917290025483214	0.573970892644919	0.2725842198398119	0.4002561436259833	0.777584106369889	0.17202845703567796	0.385549338183867	0.8635912216426911	0.17944915129224911	0.3959203470319318	0.8783095661736967	0.20170559663679224	0.4195393763957056	0.8851678426327666	0.03648154789719329	0.4545374856362366	0.32172085739264417	0.022269782266093486	0.4876143159740729	0.5971920185459205	0.06635358547586838	0.4822919410836769	0.8013516577766377	0.13096875717172454	0.4977684119513327	0.8820533347948629	0.1259838302202906	0.4857934535164907	0.9158681811910957	0.0819313111773287	0.501669788654171	0.926807831437217
222	5.162790697674419	0.29755657504312283	0.5821258325829862	0.7774241945368068	0.3096109257656724	0.7267429230598632	1.1518828721464536	0.3139385936441397	0.923702585783091	1.5819896952098536	0.29074101566785926	0.6436539242063657	1.600788819270651	0.355607637624498	0.7031207839634955	1.6117069038308782	0.3091639870439239	0.9854436744587038	1.630232796162047	0.10066364581853161	0.6020155753459264	0.7895788563603948	0.12635736794412666	0.7301833305315566	1.1441077331272826	0.14355007270157596	0.8792139979191108	1.5506609869538608	0.13221976990162426	0.6756428008115721	1.6041235427088327	0.08261482033912909	0.7281035583686312	1.6016440037196855	0.180503930528424	0.9492247624799597	1.624216115896672	0.18319368412120143	0.4280773998440476	0.24286395053753085	0.15090621762957304	0.2122263942441589	0.03349244478012824	0.15038022285396785	0.2443401546226852	0.18908198529735276	0.32284695010331443	0.39640996234559656	0.3163239092849064	0.34990673541971196	0.4499158126775453	0.5755921781883183	0.25861565633699213	0.3972255177782863	0.7715132077441194	0.16328740808848569	0.36240395605177267	0.8503907383285078	0.16645644636521753	0.38746336811046006	0.8751071824179781	0.1817355712970767	0.4244007895865297	0.8807557298934787	0.0365490947738328	0.4544751475794243	0.32168251764996303	0.023029437816621787	0.48237009793632135	0.5983377401582385	0.08045343575124578	0.4489592771143479	0.7992213740052236	0.1487694018913573	0.49351559272977497	0.876604614961485	0.14888371990556087	0.49320562308588645	0.9047730489304052	0.10378383858029783	0.47006212906143896	0.9199918935964904
223	5.186046511627907	0.2959274060359312	0.5847512672650075	0.7840848646668928	0.31010308470707526	0.7282629292144295	1.1530063668671988	0.31390502840039924	0.9246626085879337	1.579831018838758	0.28958690456412456	0.6446353982626003	1.6001459713271253	0.35521952752948677	0.7039286815652775	1.611650609101194	0.30911914084351955	0.9847250486353141	1.63019875844945	0.10539466910946604	0.5891875793405699	0.796121362808514	0.1263995628532177	0.7307829905471798	1.1445504518919452	0.14447393859834637	0.8821721435683424	1.5514839307288308	0.1318801162041487	0.6759110182203256	1.6039595632399961	0.08270990217620935	0.7285076196894631	1.601655593101805	0.18028851814921182	0.9493033167070988	1.6223055208844384	0.17999178281863532	0.4330916648491775	0.23838994258050455	0.1521641369070885	0.21506328518754503	0.03015866410896296	0.1496595908135362	0.24262591536239847	0.1828067490123631	0.3208354635906604	0.395780264771315	0.315904917201599	0.3491287719679012	0.4498387746358089	0.5768149689430971	0.24764432638139933	0.39438626063294524	0.7681238264905651	0.15550429237898544	0.3490650767781702	0.8429290852097365	0.15472987036293517	0.39579500318226557	0.8745800248809268	0.17500052431020507	0.43379522306714086	0.8832388522034137	0.03671539448324605	0.4547663999339704	0.3214222312584683	0.025080174915183905	0.4765345503120829	0.5982906576975244	0.08932924992565103	0.4268759324789617	0.7940979483251884	0.16183894556470618	0.4663683481075307	0.8694767422211485	0.1629121418249607	0.4695827073102834	0.8907924996701576	0.1201376421553942	0.4480616127295828	0.9112813309849822
224	5.209302325581396	0.2965920350741895	0.5868587818158167	0.7829124805230668	0.3108452646849622	0.7296073024693397	1.1535553501742917	0.3137762910543924	0.9236089370698031	1.5785199458547696	0.28893521691018037	0.649522031064813	1.5996636223600031	0.3551437886397697	0.7040929137314093	1.6105221923121316	0.3092159556450409	0.984559778007808	1.630152008402113	0.10926196643128273	0.5776082847649263	0.7958620106510528	0.1256132810243718	0.7315124823639024	1.142928496546956	0.14473694054684927	0.8817158901110744	1.551581109955261	0.13120721379563297	0.6770417023993192	1.6060365753478467	0.08262784445299994	0.728774733169097	1.6017744360426074	0.17945968879618804	0.948252454926396	1.6192990408339376	0.17892366204068888	0.4373040100617092	0.23625254771083076	0.15108921459714417	0.21998404550807943	0.02932844240965695	0.14757294656131736	0.23949189156697015	0.17844424111124854	0.3194890387174769	0.39519692033219783	0.3157945186095927	0.3485622832592765	0.4496305639227019	0.5769918005014679	0.24049635646245862	0.38671906178521304	0.7675668557129626	0.14530696620947675	0.34839661434644326	0.8442427583396097	0.1432139344868778	0.4128209444466594	0.8749253485232537	0.174938979540136	0.4395077288568001	0.8881192821087399	0.03666906462628464	0.4544656907170412	0.32135554306487935	0.02743411362514121	0.47285008085375474	0.5977185735075707	0.09058544520955865	0.41980266306018105	0.7884234335285093	0.1708064494661612	0.43110588749113515	0.8608499425429745	0.17081771606793072	0.43405160020252354	0.8791615435740854	0.13067422444171164	0.4350072299412586	0.9035263343224711
225	5.232558139534884	0.2974242148102416	0.5840990782748421	0.7764538215992723	0.3113669732729023	0.7306994085728932	1.1545532242850622	0.3142302168738696	0.9222380659766981	1.5780571593022261	0.2888471498003606	0.6541411611007137	1.6000980924939812	0.35503314390750346	0.7039734715463137	1.6087005673653363	0.309234414859222	0.9845670685802462	1.6300841299448507	0.10942314261944967	0.572460581388948	0.7935204312419086	0.124331347566465	0.7321460383069436	1.1414227004414987	0.14461076731928524	0.881812227481794	1.5499555710350543	0.13103834145912718	0.6786248057864114	1.60882584798631	0.08239928272246796	0.7287053139487057	1.6018459910622567	0.17879622154135116	0.9475048609322314	1.6179526386535423	0.1789996765857256	0.43782212188718717	0.23678099258559637	0.14987558838080106	0.2238071109606221	0.028800996585702253	0.14528638952584416	0.23624154825091528	0.1766532736734407	0.3194148202343078	0.39533734850055446	0.3162233172758316	0.348461918513129	0.4491922208427099	0.5767710981969496	0.23623691292080173	0.3789712414821781	0.7666756259933748	0.13576469060387086	0.36018124865410184	0.8489728628738539	0.13536664140887844	0.4258516634492723	0.8731687802912194	0.17550337797780907	0.4401516667427755	0.8888407472686792	0.03548374913391676	0.4503972561959697	0.3213559818435573	0.02947000296186454	0.47280935462522455	0.5965378727354181	0.09098052452375355	0.4160604522690107	0.7835058733176911	0.1754621906931641	0.4073060715276335	0.8491587799825836	0.17515026486981766	0.4125361467049366	0.8722071570138608	0.14106000675846417	0.4214624636561388	0.8945634287849523
226	5.255813953488372	0.29733730756531235	0.5733214979053293	0.7720888638761284	0.311955530945149	0.7316416532734569	1.1569752355074738	0.3147699159231839	0.9212445771153815	1.5779925012977418	0.28823803906656753	0.6557764974165367	1.601537999425793	0.3539614619139327	0.7041378764179784	1.6075001943685268	0.3092141525744597	0.9844339052476925	1.629982993643951	0.10671203775662469	0.5721735025044395	0.7929648443025066	0.12289796878300217	0.7321326149581376	1.1428731497483127	0.14423015921758175	0.8810248506113565	1.5475443509433888	0.1319663653670398	0.6795821004363809	1.6104921637432452	0.0821895810183925	0.7283523910451906	1.6018231972151793	0.17852249122036898	0.9469507682067625	1.618216035204904	0.17794180438614765	0.4337584225782976	0.23736299795866478	0.14962236051719385	0.22696709919771021	0.026087667798842265	0.14403825728042652	0.23580419349295648	0.1744125805448988	0.31958687097678007	0.3956966503745988	0.31668346380649876	0.3482539382355298	0.44827029502967264	0.5765486990858177	0.2318229584027141	0.38136217478900214	0.7651071627637633	0.13450370831652803	0.37657542138878375	0.8520575850144139	0.13583604642637037	0.4290721120954182	0.8707987944658556	0.17506117137039987	0.43910557085407254	0.8838236998835229	0.03287289731292528	0.44147604591004186	0.32122471370136896	0.030613325140543116	0.4733236369699707	0.5945596604322172	0.09968882441988666	0.4109950059546443	0.7790214991368138	0.1780922296984406	0.3992502707905698	0.8370262120156654	0.1783925233467047	0.4086463677170263	0.8702279273892859	0.15324313464098482	0.41295219840320285	0.8846856708870514
227	5.27906976744186	0.2962286060352987	0.5593992370838171	0.7733010002726046	0.31311247738127496	0.7327391938162918	1.1605421302903984	0.3149357863030823	0.920926306120777	1.578025315246392	0.28730096900320035	0.656692850436417	1.6031537784225502	0.35304796129378524	0.704664283779382	1.6073515198446668	0.30920693287997	0.9842403550661337	1.6299143145112311	0.10384078944732102	0.572809708878582	0.793341512142266	0.12152440280721821	0.7315729888735936	1.1471823262016123	0.14430943699953314	0.8755676369886044	1.5460891817572102	0.13294889101931215	0.6794631068006145	1.6101004233272023	0.08209318833857272	0.7277282173890814	1.6016956673985752	0.17850436168448872	0.9467065000956331	1.6187373556668203	0.17569953492109613	0.4272961962766305	0.23669491460132197	0.1501473019466553	0.2307285272735608	0.02190481284741912	0.14333381112107102	0.23825254246982283	0.17034494297074204	0.31947796447733146	0.39590851601795135	0.31739865118293864	0.3477719530282436	0.447390403825867	0.5763019548955277	0.2262771068572958	0.3904089510590271	0.763928657920184	0.14292606846784373	0.396606964082026	0.8537003699264476	0.14320198932624173	0.4309520832200117	0.8703819293701376	0.17420724202205812	0.4379188800739055	0.8767420345245744	0.030201744311016368	0.4322409176916284	0.32101744535690235	0.03083929596807771	0.4724193747438572	0.5922256468822518	0.11642596982201595	0.4064179621364711	0.7751498396577494	0.1840692251095989	0.3984114448702518	0.8295150835982856	0.18391496888062164	0.4109852446050477	0.8707002876433636	0.16272356897868245	0.41819881234677414	0.8772331658169477
228	5.3023255813953485	0.29538807015304663	0.5524384656604676	0.7777622925345336	0.3139964106913789	0.7343010157442208	1.1641208435412165	0.3147968067308655	0.9210062857965284	1.5781060783856486	0.2868736340586764	0.6579640693375368	1.6040820579967623	0.3535233506309075	0.7049283074640403	1.6074460654020977	0.3092254425141642	0.9840806523977907	1.6298980441962194	0.10329206067475759	0.5729475059373339	0.7935081739309455	0.12092468042527485	0.7312641627297392	1.1528294235749845	0.1454495088163239	0.8678764035700984	1.5460257594465185	0.13316611135290463	0.6790840194469865	1.6086457482130356	0.08211714895286512	0.7270438195546144	1.6014911211583485	0.17868071889266016	0.9469617624097801	1.6195146841706536	0.17416756761953292	0.4233201455008907	0.23597867952323487	0.15077910627725588	0.2331806438364567	0.019385963143023106	0.142180282956473	0.24023807774692793	0.16608308185118945	0.3194198727428228	0.396034406730291	0.31814653092373807	0.3474727466072399	0.44705690009488497	0.5761400617329495	0.22296956954470254	0.39551274660712815	0.763032726491884	0.15271320462474972	0.42426516461422475	0.8552647739166447	0.14964602399942642	0.44581615571226824	0.8707806586745367	0.17343829030664382	0.43716719762179224	0.8726212328832983	0.028920533230252694	0.4277263301466083	0.3209095824703025	0.03073697052731027	0.47093880209832856	0.5901851526156718	0.13032748061627325	0.40337707134706813	0.7719895126840434	0.19423783159102262	0.3979351385588089	0.8272395346307002	0.19162525962224664	0.4117626194353931	0.8695099085360943	0.16678590968294857	0.4306110745556173	0.872553385240157
229	5.325581395348837	0.296327211755815	0.5536386725998342	0.7814492010607	0.3139180203795384	0.7358648489843248	1.1669208272082068	0.3146578952921615	0.9211173897726982	1.578126473220414	0.2867893317471236	0.6565117682752849	1.6039510752264299	0.3537398017690431	0.7046239323953923	1.6071876272757488	0.30923947609296654	0.9840031005298034	1.6298936041033525	0.10428529421518495	0.5729008954841881	0.7934772796516332	0.12109692969639803	0.7314740648401323	1.1579095858367463	0.14615856751974998	0.8636303054889185	1.5462997149420639	0.1330673530730337	0.679140891391053	1.608506479520214	0.08226394238520039	0.726874945631373	1.6013431087994805	0.17886262731226976	0.9472122507882127	1.6202682590515176	0.17402551276181338	0.4231164990932778	0.23598011272930294	0.1509765209015295	0.23341932746796784	0.019267536785614048	0.14062801453703527	0.24015943515303761	0.1626596655773008	0.3194891480647971	0.39608309520655294	0.31836160476363956	0.3475591648916656	0.44713255934556784	0.5761351069678581	0.22389144526639	0.3955015177228345	0.7617722821103888	0.15607990350308187	0.44477948789806554	0.8533883841991761	0.15105053933267298	0.4674167690664964	0.869300233030109	0.1731205472391704	0.4369984112820613	0.87125398808432	0.028824841687322564	0.42738119265472596	0.3208577050698462	0.030721035441343244	0.4700643538780138	0.588995241637709	0.13494953276036858	0.4019945427972517	0.7689800515887987	0.20422366664916936	0.397811449649248	0.8268989012419998	0.19902776125228205	0.4106771011060255	0.8656132963783243	0.16813441929473155	0.4378470358591732	0.8680608456966377
230	5.348837209302325	0.2984545402159447	0.5562877263696985	0.7826691454972684	0.3139319489864762	0.7367359447690776	1.1687753255072335	0.31466092870000006	0.9211043478873914	1.5779515586734765	0.28630552023940825	0.6484948362489384	1.6021109611832165	0.35265685187167156	0.704134300096256	1.6071503971901675	0.30923132840117284	0.9840332270660128	1.6299099982471508	0.10479550036715923	0.5729697527604276	0.7934560992507851	0.12132811314083472	0.7316459772735582	1.1603927912173377	0.145196052510462	0.863233214193421	1.5463065189352416	0.1331360934272273	0.6793031103606453	1.6102513631589377	0.08245104330767687	0.7273370253543631	1.6014018316164336	0.1788949492464828	0.947068468846701	1.6204108162888131	0.17440962252402228	0.42384540643340146	0.2359347784109168	0.15090395275318366	0.23301361810854407	0.019735404354625605	0.13954548277167872	0.24003841488159483	0.16075571617099005	0.31950632245178834	0.3960788437333523	0.31826768183578785	0.3476627848892026	0.4472801334245633	0.5761884212710795	0.2270313090620691	0.39477127316620186	0.7605272198265024	0.15585705525836974	0.4412953871390252	0.8468141123601061	0.15227593912085563	0.475269783205554	0.8664248769944412	0.174365706842828	0.4367145775770448	0.8695872764550483	0.02895540076147828	0.42783886561466317	0.3207227609009534	0.03055805334747254	0.46988573723768234	0.5890030473428165	0.13431580114906075	0.4025504238686911	0.7665362107444037	0.21147180088777293	0.40076460710854145	0.8265308258485288	0.2057268846016648	0.4108530131476597	0.8614993951454244	0.1702267531386635	0.4379393548441166	0.8636205414055231
231	5.372093023255814	0.29984375790936496	0.5569258874426455	0.7824040766233418	0.3140155770999734	0.7369280353347948	1.1694578661985489	0.314663529368171	0.9211516916785504	1.5781070744672527	0.28583108676575947	0.6386509000602405	1.5995497153219433	0.35152453418436325	0.7038966354164542	1.608374050580144	0.3092198941667499	0.9841328334735544	1.6299657817277915	0.10465525556935563	0.5730808607678368	0.7934897778360307	0.12130954572810693	0.7315018663510211	1.1604515503522401	0.14391450544187817	0.8634581149339932	1.5463893638533133	0.1333292239479752	0.6790956897164753	1.6117950924935394	0.08252244905056598	0.7278549496757752	1.6016257045995548	0.1789442976408012	0.9471908285510325	1.6203588882994997	0.17434454230374125	0.4237268519193589	0.23501090907766922	0.15086225115856094	0.23290685871724195	0.019834971427965604	0.13913529328882088	0.24249186219862304	0.16042934585229884	0.319473514015289	0.3960688233018515	0.31823843426097154	0.3474793485845987	0.44734335122283453	0.5762257027141998	0.22955424053830414	0.3945859419154425	0.7603802643232518	0.15960640466188442	0.4274831538082099	0.8423425220808671	0.15803533050471982	0.4672514503553168	0.8646788138549052	0.1775632659254879	0.43610895442577946	0.8679822805331352	0.02900375312135332	0.4279329130622631	0.320825461361394	0.02962849666136549	0.46996759901161617	0.5902967909362394	0.13356603291946095	0.4046876155655955	0.7655583561891097	0.2160915468890893	0.4069794436370833	0.8267220376576451	0.2124122599096086	0.4161750918427851	0.8600268779794331	0.17389861244564953	0.43545166462611296	0.8613957636726342
232	5.395348837209302	0.3000672902218414	0.5566674457462046	0.782090699060476	0.3130909498258584	0.7369810090790044	1.169193688693121	0.31445229136150776	0.9217270311593482	1.5796080742870173	0.2868209385062031	0.636011952336768	1.599444590500009	0.3510015603769039	0.7038604208403599	1.6104707777099303	0.309216152486811	0.9842504186206169	1.6300268600986316	0.10447770312068468	0.5730884554810907	0.7935591320630364	0.12117386788522179	0.7312967518792834	1.1599563554972168	0.14356890358520413	0.8644886689703795	1.5467605613649786	0.1334713261808785	0.6787061713668285	1.6120441321288372	0.08246364002061629	0.7280842751048792	1.601775494298541	0.17904911555494252	0.9477270813899503	1.620519870534771	0.17313909869891642	0.4230102593898861	0.23370396741081523	0.1508790814171463	0.23299610471569368	0.019758456380564803	0.1392304080915372	0.24694412670074573	0.1597995881620443	0.31946108271665236	0.3960675972619683	0.3182808926508471	0.3475170310911572	0.4473350176243104	0.5762363842002551	0.23078761758860922	0.393969654791985	0.7613174630866265	0.16792979649956358	0.4246717364809117	0.8435728044976454	0.16532387426724257	0.45770697238347857	0.864683785073527	0.18083188301983974	0.4357660778386886	0.8678438865867502	0.029144774710418535	0.4283788201683614	0.3217768130333121	0.027838470067898496	0.47023933707104554	0.5921477597382964	0.13360904216714367	0.40735056984299084	0.7656835447943453	0.21758906779041545	0.4153988242040376	0.8275164646189042	0.21675443528100952	0.4266927191666097	0.8606106045042525	0.176964247846098	0.4311505939720381	0.8617126282496453
233	5.418604651162791	0.3000958842505574	0.5568872616017121	0.7820693231222483	0.3118769613100655	0.7355219506903516	1.1680146621642147	0.3140911536488744	0.9227724871085483	1.58202014101027	0.2891872367960986	0.6388837983276604	1.6023001624233788	0.35075931307450775	0.7033984651505918	1.61179406717165	0.3092091212489707	0.984379255910378	1.6300601407523485	0.10445523730063824	0.5730589081822437	0.7936207608308039	0.12104511150313946	0.731119921799928	1.159756962479117	0.14370001342308897	0.8689825724256013	1.5469114098584995	0.13352762934685855	0.6785933740181787	1.611803266068899	0.08244911107500544	0.7281181105517309	1.60173318533973	0.17904451420915524	0.9475818626584704	1.620708341918399	0.17120519560466996	0.42220302849714986	0.23284447076377596	0.15091980685126172	0.23309922393513471	0.0197223475397848	0.14024636692106518	0.2501580485271828	0.15783198863859565	0.31946730419783687	0.3960962175600761	0.3183185633935341	0.34871166061924386	0.44739449448258306	0.5761987911767269	0.23266654093800404	0.3947931024391459	0.7617947431484594	0.17500633239501984	0.4295007542674847	0.8458054467805348	0.16871072404295498	0.45525017547671975	0.8649475563496466	0.18221018609820394	0.43587200752920474	0.8680214305149617	0.029372693017147684	0.42927254493247313	0.3232759821285473	0.025278228447004294	0.4704388182888779	0.593258636301724	0.13377264184182197	0.41263783408128424	0.7661617374439413	0.2171016217497175	0.42408166145577475	0.8267203416822193	0.21644804393596195	0.436008489180591	0.8592819564497537	0.17762827594425237	0.42507942718836844	0.8624220793859652
234	5.441860465116279	0.29988465248338225	0.5564004944049014	0.7820129228352808	0.31088907788542997	0.7297114113843345	1.165650003939144	0.31385738843942784	0.9235762029960839	1.5835554236346865	0.29087559015919595	0.6402231226285393	1.6045010036127028	0.35056612485855354	0.7023968348566694	1.6118737141774266	0.3091835440899909	0.9845312113949195	1.6300753914960922	0.10460383540575469	0.5730627704915222	0.79368172838689	0.12100859355284621	0.7308412690204886	1.1596430323605915	0.14351604392744927	0.8758184374090892	1.5465224725668492	0.13351696694977835	0.6788454675425937	1.6117677012382865	0.08261365566590256	0.7280934423235248	1.6016455184419915	0.17899498215471302	0.9464596569794802	1.6209196838742568	0.16987585543082656	0.4213139118624556	0.23190693660934647	0.15095312196397348	0.23314061658172053	0.019765594657613895	0.14195463760450056	0.2509853347288773	0.1558967001336398	0.31947122171434317	0.39616552959938034	0.31833651673783037	0.35084570567113255	0.44777362310891056	0.5761180003143649	0.23606753916687045	0.4016868039646557	0.7606781496625694	0.17750635112600446	0.4309127940257456	0.8462742046493438	0.16823364501893603	0.45825781609714705	0.8638542091116874	0.18206111160355432	0.4358227448623319	0.8667551643345532	0.029499888265959028	0.42988085563056083	0.32421796473988246	0.02164346688374501	0.46903737734678025	0.5937315104539633	0.13393899809268872	0.42153719323177974	0.7667188230741812	0.21761458655862523	0.42708742247587167	0.8226780452223226	0.2152820089740013	0.43937250767172653	0.8549292950146951	0.17773416980829143	0.42168308865439635	0.8613875456954969
235	5.465116279069767	0.2983580994717672	0.5524483551763306	0.7817733465010213	0.3090593561569678	0.72156605069409	1.1634076934152384	0.31381522836227316	0.9238587825001591	1.5837461756320452	0.2912085668355254	0.6406672532875509	1.6039943160453798	0.35040276622779387	0.7017934366678742	1.6116069841742828	0.3091425289361299	0.9846864220342397	1.6300892456702194	0.10457948348013663	0.5727480656663391	0.7938320116292735	0.1210887440771054	0.7304485865459166	1.1595177639617005	0.1425830630544884	0.879514101739127	1.546126436010901	0.13344347055294636	0.6790082588002543	1.6118908403169074	0.0825015300802906	0.7279930510524246	1.6015904025446188	0.17901002354714107	0.945561953565992	1.621557692811231	0.16954373620718513	0.4203668934690096	0.23047463434497684	0.15095544426735322	0.23313069468639722	0.019824823272849998	0.14308337382145256	0.2508678306377022	0.15515826692415063	0.3194676126811171	0.39624265824509497	0.3183455030720174	0.3525292530139621	0.44851316113536494	0.5760412935329507	0.23882787930272226	0.41298243604078927	0.7589829265039905	0.17751090589526047	0.43033182397130343	0.846110663373083	0.1676610128129647	0.4612136075612756	0.8610299740000533	0.18166212645676597	0.4351408551967244	0.8644167308205873	0.02949222845848704	0.4299539678550701	0.32432072049086536	0.01757215948165694	0.46438533661678744	0.5948877615092829	0.13417638535010212	0.4282269611804029	0.7670657209095394	0.21921297008779758	0.4237308269243205	0.81776492609768	0.21767693297355473	0.4405869027380814	0.8513898735213323	0.1795084241061829	0.4248577810150884	0.8591755568400619
236	5.488372093023256	0.29601015920460694	0.5458841066208724	0.7814998349829915	0.3070966098331508	0.7181180264703155	1.1625554639658746	0.3138123893192441	0.9239325988968389	1.5835696514731865	0.29173938104423547	0.644398095395408	1.6025520012578944	0.35033633651092555	0.7020155369379923	1.6115411035455622	0.3091031942353613	0.984769774843237	1.6300956099206936	0.10361992033869233	0.5718530275090021	0.794052101361469	0.12077412769810243	0.7300113202066476	1.159456130325065	0.1411650155082802	0.8751225852387963	1.5460480771380625	0.1333253260795788	0.6789030952114626	1.6115045134392247	0.08122281116811181	0.7275496547013571	1.601453606974512	0.17906375042124895	0.9455723957245152	1.622907966414777	0.16958046775269525	0.41977051657018283	0.22946616401269937	0.15096342265130214	0.23311960856413427	0.019840809735670897	0.1432161797200024	0.250806810938047	0.15517952301588897	0.31945846824285207	0.3962773870687958	0.3183557047470643	0.3523908649960532	0.4481929513861874	0.5760462997945972	0.23956124031762843	0.4202530778193448	0.758138100035407	0.17726378496578768	0.4319154860943214	0.8447330731397057	0.1678822388058882	0.46154088040863406	0.8576082360838345	0.18139802154012563	0.43421797474115525	0.8626989689090018	0.029454186045602015	0.4298587611698484	0.324184439265057	0.014773897528768556	0.4582532961286615	0.5967416021369154	0.13427036213357502	0.42925111472262323	0.7670932909983013	0.21958906222917654	0.42334468617492094	0.8156745917747098	0.2208565404081451	0.44377725045887734	0.8507351481078747	0.1821407130811054	0.4305989130467579	0.8579538197204528
237	5.511627906976744	0.2949277239728102	0.5410658683014518	0.781329719659482	0.3071485010109589	0.7212331849567072	1.1619771246380353	0.31378153147717736	0.9239645346218762	1.583561501108581	0.2930968675817167	0.6502521943025531	1.601735926420869	0.3503675860604763	0.7024569040677988	1.611599860381048	0.3090684325006911	0.9847406619663892	1.6300886737911167	0.10156806584235128	0.5720961081912077	0.7942542490434753	0.1196482717316045	0.7297073862242341	1.159438476016224	0.14004869536166117	0.8628887219293238	1.5458664946343057	0.1328099651565702	0.6806757864550241	1.6103599989270068	0.07909153095936135	0.7268108207263319	1.6012655946346006	0.17930786627628756	0.9455335069820291	1.6243352962776023	0.16959578751639412	0.4196469276757099	0.22932955124687912	0.15102834551303093	0.23315520553116983	0.019815908363725376	0.14304339222402168	0.2508695867656754	0.15522559841263017	0.319439859599399	0.3962536205707103	0.31837633049484804	0.34953660361328587	0.44451571949183405	0.5762355467771549	0.23930781421308328	0.42108240178713835	0.7583285560491884	0.17578595935169627	0.43355844164912594	0.841595613033438	0.1671550297725306	0.4603845464943983	0.8553267729338366	0.1811808586144733	0.43367306878688594	0.8620823792683533	0.02943039421105471	0.42983559430509954	0.3241434059190222	0.013927672239021208	0.4547352462328295	0.5980571396885028	0.13402609565933765	0.4281119482280284	0.7670251608518707	0.21826158652719008	0.42868641687534637	0.8159430318062009	0.22088012529228496	0.4462680354332755	0.8510051199901899	0.18302714008156531	0.43155224389077407	0.8580260297540925
238	5.534883720930233	0.2949618031748379	0.5405647767397201	0.7813548109387263	0.30826613876753567	0.7240606307616412	1.1604878478865308	0.3137574414777642	0.9239096066464797	1.5836080210657344	0.29403918115931693	0.6538719790253729	1.6017124062104617	0.3504233506677857	0.7027293491822473	1.6116670962742716	0.30903743578318654	0.9846535535466104	1.6300542509702254	0.09918306592004983	0.5760919079562604	0.794531801992981	0.11882157944798186	0.7297954322013687	1.1594545200182078	0.13955486100119618	0.8500539539868206	1.5457124648164977	0.13169918301403258	0.6856333088691009	1.6097607731140786	0.07764770535124632	0.7263486533059649	1.6012146936864746	0.17934502287343038	0.9443430130946147	1.6247365842287032	0.16958095564372216	0.41965922437259895	0.2294788990551207	0.15110843283739422	0.2332235740340899	0.019779177593343834	0.14299734278707338	0.2509603040692011	0.15515566361799468	0.3194064520237119	0.3962027599715207	0.3184009772201957	0.34523405941535157	0.4386717479034259	0.5765648904629388	0.23904008069637164	0.42030993058349575	0.7593456498670538	0.1724298773686765	0.43404162303814986	0.8384974767937436	0.16493306228862642	0.4598583600548135	0.8546338876715419	0.1810108086818401	0.4336446156728859	0.8621897679868635	0.02940372886102819	0.42984104425049496	0.32414277281195586	0.014086182654392126	0.45451885758162036	0.5982004032926568	0.13364428569801068	0.4276111157899171	0.7669939623408455	0.21660580494718779	0.43215555156774155	0.8155804351549115	0.21910536222802643	0.44655116523968597	0.8508273618242965	0.18108109755822138	0.42918014425478007	0.8583433962266456
239	5.558139534883721	0.2928389404640367	0.5456599920688538	0.7818039895181965	0.30791543280613176	0.721723271790957	1.1589780185552887	0.3137552746943427	0.9237329068009298	1.5835898323055417	0.2936926133905757	0.6549350580714449	1.603350893631577	0.3504492271149646	0.7028276599315957	1.6116914301219503	0.3090204295788063	0.9845454836876761	1.6299452343249676	0.09734766944108618	0.5821650232339776	0.7949010139460252	0.11946963592855263	0.7301516008255681	1.1595985831125408	0.13952903885988027	0.8441430546973396	1.5468621505837885	0.1314846045086002	0.6869639444728772	1.6104617918759176	0.0773917635405418	0.7263126615738567	1.6012991538918557	0.17746526919897343	0.9419865214998759	1.6240291626477161	0.16956252728852061	0.4195785433980302	0.22952266376418873	0.1511223904693955	0.23328593756837715	0.019745052891063198	0.14303717506881375	0.2510011599837752	0.1550779967695629	0.3193627146882989	0.3961790434596241	0.31840953732377075	0.3426653273166221	0.435194232455294	0.5768098317949448	0.2388000201749098	0.4205556098385123	0.7606414235681007	0.16946668341143767	0.4359668349383281	0.8368784523395458	0.16181942459321547	0.4637661773895257	0.854107612616044	0.18084519288341996	0.4341938057013702	0.8635874562886132	0.029352474113599345	0.42976412613975573	0.32412224419565056	0.014152462020843217	0.45509743716355805	0.5969414702599776	0.13348027233444845	0.4276068329260018	0.7669819891785952	0.2155755962276297	0.4312573063902564	0.8141731992085045	0.21786535523733933	0.44758225146273894	0.8496831113061278	0.17852895531672414	0.42992405031532455	0.858640587232529
240	5.5813953488372094	0.2871928167848834	0.5560865779384903	0.7827290795674468	0.30613685722146655	0.7165598123971861	1.1583851460077483	0.31376109187243095	0.9234493194371873	1.5835147556776688	0.2924637595808225	0.6558589605404482	1.6070387064992069	0.3504376933356189	0.7027343672201688	1.6116527356719055	0.3090183202357548	0.9844074329647472	1.6297515285814868	0.09631412881405704	0.5867036117633837	0.7952050637197783	0.12105954058131899	0.7304426018497526	1.159901757968614	0.13979158781133452	0.8446961455636213	1.5497855633055035	0.13337068265042173	0.6789920732657335	1.6115099746482766	0.07760096530703542	0.726355614345494	1.6013840689435228	0.17302411144547994	0.9390021272400547	1.6229229646880396	0.16954277057517894	0.4194135365267225	0.22949357074403595	0.15106780255003002	0.23335036622061966	0.01970756729110119	0.14308840809874127	0.2509783904144208	0.1550197502863559	0.3193166067308703	0.396202044883997	0.3183968401677943	0.34271628733191284	0.4354120950295163	0.5768810679858726	0.2385122154728795	0.4211736152606753	0.7615594653992503	0.1684329557204609	0.43980261074373517	0.8364298375901458	0.15833088335894163	0.4735661580732539	0.8527086994857026	0.18062333037677003	0.4353105817356415	0.8665845960848956	0.029271093757440827	0.4295816920396285	0.3240828486891174	0.013873946797327471	0.45518132470627964	0.5943590542797075	0.1335830652649728	0.427671916853704	0.7669741711513745	0.2151351932964107	0.4295891439278436	0.8130157650983207	0.2172560696081557	0.45014853514330183	0.8470923254772315	0.17743508091503693	0.4340937563714276	0.8590390868820932
